$MeshFormat
4.1 0 8
$EndMeshFormat
$PhysicalNames
2
1 102 "boundaries"
2 101 "domain"
$EndPhysicalNames
$Entities
32 32 1 0
1 0 0 0 0 
2 1 0 0 0 
3 0 1 0 0 
4 1 1 0 0 
5 0.1455 0.25 0 0 
6 0.2705 0.25 0 0 
7 0.2705 0.75 0 0 
8 0.2497 0.75 0 0 
9 0.2497 0.2708 0 0 
10 0.1662999999999999 0.2708 0 0 
11 0.1662999999999999 0.35 0 0 
12 0.1455 0.35 0 0 
13 0.4375 0.75 0 0 
14 0.4375 0.25 0 0 
15 0.4583 0.25 0 0 
16 0.4583 0.4896 0 0 
17 0.5417 0.4896 0 0 
18 0.5417 0.25 0 0 
19 0.5625 0.25 0 0 
20 0.5625 0.75 0 0 
21 0.5417 0.75 0 0 
22 0.5417 0.5104 0 0 
23 0.4583 0.5104 0 0 
24 0.4583 0.75 0 0 
25 0.7295 0.75 0 0 
26 0.7295 0.25 0 0 
27 0.8545 0.25 0 0 
28 0.8545 0.75 0 0 
29 0.8337 0.75 0 0 
30 0.8337 0.2708 0 0 
31 0.7503000000000001 0.2708 0 0 
32 0.7503000000000001 0.75 0 0 
1 -9.999999994736442e-08 -1e-07 -1e-07 1.0000001 1e-07 1e-07 1 102 2 1 -2 
2 -1e-07 -9.999999994736442e-08 -1e-07 1e-07 1.0000001 1e-07 1 102 2 3 -1 
3 0.9999999000000001 -9.999999994736442e-08 -1e-07 1.0000001 1.0000001 1e-07 1 102 2 2 -4 
4 -9.999999994736442e-08 0.9999999000000001 -1e-07 1.0000001 1.0000001 1e-07 1 102 2 4 -3 
5 0.1454999 0.2499999 -1e-07 0.2705001 0.2500001 1e-07 1 102 2 5 -6 
6 0.2704999 0.2499999 -1e-07 0.2705001 0.7500000999999999 1e-07 1 102 2 6 -7 
7 0.2496999 0.7499999000000001 -1e-07 0.2705001 0.7500000999999999 1e-07 1 102 2 7 -8 
8 0.2496999 0.2707999 -1e-07 0.2497001 0.7500000999999999 1e-07 1 102 2 8 -9 
9 0.1662998999999999 0.2707999 -1e-07 0.2497001 0.2708001 1e-07 1 102 2 9 -10 
10 0.1662998999999999 0.2707999 -1e-07 0.1663001 0.3500001 1e-07 1 102 2 10 -11 
11 0.1454999 0.3499999 -1e-07 0.1663001 0.3500001 1e-07 1 102 2 11 -12 
12 0.1454999 0.2499999 -1e-07 0.1455001 0.3500001 1e-07 1 102 2 12 -5 
13 0.4374999 0.2499999 -1e-07 0.4375001 0.7500000999999999 1e-07 1 102 2 13 -14 
14 0.4374999 0.2499999 -1e-07 0.4583001 0.2500001 1e-07 1 102 2 14 -15 
15 0.4582999 0.2499999 -1e-07 0.4583001 0.4896001 1e-07 1 102 2 15 -16 
16 0.4582999 0.4895999 -1e-07 0.5417000999999999 0.4896001 1e-07 1 102 2 16 -17 
17 0.5416999 0.2499999 -1e-07 0.5417000999999999 0.4896001 1e-07 1 102 2 17 -18 
18 0.5416999 0.2499999 -1e-07 0.5625000999999999 0.2500001 1e-07 1 102 2 18 -19 
19 0.5624999000000001 0.2499999 -1e-07 0.5625000999999999 0.7500000999999999 1e-07 1 102 2 19 -20 
20 0.5416999 0.7499999000000001 -1e-07 0.5625000999999999 0.7500000999999999 1e-07 1 102 2 20 -21 
21 0.5416999 0.5103999 -1e-07 0.5417000999999999 0.7500000999999999 1e-07 1 102 2 21 -22 
22 0.4582999 0.5103999 -1e-07 0.5417000999999999 0.5104000999999999 1e-07 1 102 2 22 -23 
23 0.4582999 0.5103999 -1e-07 0.4583001 0.7500000999999999 1e-07 1 102 2 23 -24 
24 0.4374999 0.7499999000000001 -1e-07 0.4583001 0.7500000999999999 1e-07 1 102 2 24 -13 
25 0.7294999000000001 0.2499999 -1e-07 0.7295001 0.7500000999999999 1e-07 1 102 2 25 -26 
26 0.7294999000000001 0.2499999 -1e-07 0.8545001 0.2500001 1e-07 1 102 2 26 -27 
27 0.8544999000000001 0.2499999 -1e-07 0.8545001 0.7500000999999999 1e-07 1 102 2 27 -28 
28 0.8336999 0.7499999000000001 -1e-07 0.8545001 0.7500000999999999 1e-07 1 102 2 28 -29 
29 0.8336999 0.2707999 -1e-07 0.8337000999999999 0.7500000999999999 1e-07 1 102 2 29 -30 
30 0.7502999000000001 0.2707999 -1e-07 0.8337000999999999 0.2708001 1e-07 1 102 2 30 -31 
31 0.7502999000000001 0.2707999 -1e-07 0.7503001 0.7500000999999999 1e-07 1 102 2 31 -32 
32 0.7294999000000001 0.7499999000000001 -1e-07 0.7503001 0.7500000999999999 1e-07 1 102 2 32 -25 
100 -9.999999994736442e-08 -9.999999994736442e-08 -1e-07 1.0000001 1.0000001 1e-07 1 101 32 1 3 4 2 -5 -12 -11 -10 -9 -8 -7 -6 -13 -24 -23 -22 -21 -20 -19 -18 -17 -16 -15 -14 -25 -32 -31 -30 -29 -28 -27 -26 
$EndEntities
$Nodes
65 5556 1 5556
0 1 0 1
1
0 0 0
0 2 0 1
2
1 0 0
0 3 0 1
3
0 1 0
0 4 0 1
4
1 1 0
0 5 0 1
5
0.1455 0.25 0
0 6 0 1
6
0.2705 0.25 0
0 7 0 1
7
0.2705 0.75 0
0 8 0 1
8
0.2497 0.75 0
0 9 0 1
9
0.2497 0.2708 0
0 10 0 1
10
0.1662999999999999 0.2708 0
0 11 0 1
11
0.1662999999999999 0.35 0
0 12 0 1
12
0.1455 0.35 0
0 13 0 1
13
0.4375 0.75 0
0 14 0 1
14
0.4375 0.25 0
0 15 0 1
15
0.4583 0.25 0
0 16 0 1
16
0.4583 0.4896 0
0 17 0 1
17
0.5417 0.4896 0
0 18 0 1
18
0.5417 0.25 0
0 19 0 1
19
0.5625 0.25 0
0 20 0 1
20
0.5625 0.75 0
0 21 0 1
21
0.5417 0.75 0
0 22 0 1
22
0.5417 0.5104 0
0 23 0 1
23
0.4583 0.5104 0
0 24 0 1
24
0.4583 0.75 0
0 25 0 1
25
0.7295 0.75 0
0 26 0 1
26
0.7295 0.25 0
0 27 0 1
27
0.8545 0.25 0
0 28 0 1
28
0.8545 0.75 0
0 29 0 1
29
0.8337 0.75 0
0 30 0 1
30
0.8337 0.2708 0
0 31 0 1
31
0.7503000000000001 0.2708 0
0 32 0 1
32
0.7503000000000001 0.75 0
1 1 0 96
33
34
35
36
37
38
39
40
41
42
43
44
45
46
47
48
49
50
51
52
53
54
55
56
57
58
59
60
61
62
63
64
65
66
67
68
69
70
71
72
73
74
75
76
77
78
79
80
81
82
83
84
85
86
87
88
89
90
91
92
93
94
95
96
97
98
99
100
101
102
103
104
105
106
107
108
109
110
111
112
113
114
115
116
117
118
119
120
121
122
123
124
125
126
127
128
0.01671100019460907 0 0
0.02929290361548019 0 0
0.03937596774743413 0 0
0.04930924547750725 0 0
0.05924252320758038 0 0
0.06917580093765351 0 0
0.07973204027428225 0 0
0.09006116763703896 0 0
0.09999444536711209 0 0
0.1099277230971852 0 0
0.1198610008272583 0 0
0.130100657226401 0 0
0.1407463675214993 0 0
0.1506796452515724 0 0
0.1606129229816456 0 0
0.1705462007117187 0 0
0.1805773137717479 0 0
0.1914315674178132 0 0
0.2013648451478863 0 0
0.2112981228779594 0 0
0.2212314006080326 0 0
0.2311705354307662 0 0
0.2421011269834662 0 0
0.2520500450454473 0 0
0.2619833227755204 0 0
0.2719166005055935 0 0
0.2818498782356666 0 0
0.2926707572325229 0 0
0.3027352449372623 0 0
0.3126685226673354 0 0
0.3226018003974085 0 0
0.3325350781274817 0 0
0.343122472990869 0 0
0.3534204448247909 0 0
0.363353722554864 0 0
0.3732870002849371 0 0
0.3832202780150102 0 0
0.3934884290979163 0 0
0.4041056447091424 0 0
0.4140389224392155 0 0
0.4239722001692886 0 0
0.4339054778993618 0 0
0.4439526505255063 0 0
0.4547908445930071 0 0
0.4647241223230802 0 0
0.4746574000531533 0 0
0.4845906777832264 0 0
0.4945341109670169 0 0
0.5054658890329804 0 0
0.5154093222167709 0 0
0.525342599946844 0 0
0.5352758776769171 0 0
0.5452091554069902 0 0
0.5560473494744909 0 0
0.5660945221006355 0 0
0.5760277998307086 0 0
0.5859610775607818 0 0
0.5958943552908549 0 0
0.6065115709020806 0 0
0.6167797219849871 0 0
0.6267129997150601 0 0
0.6366462774451334 0 0
0.6465795551752064 0 0
0.6568775270091278 0 0
0.667464921872516 0 0
0.6773981996025892 0 0
0.6873314773326622 0 0
0.6972647550627354 0 0
0.7073292427674749 0 0
0.718150121764333 0 0
0.728083399494406 0 0
0.7380166772244793 0 0
0.7479499549545524 0 0
0.7578988730165329 0 0
0.768829464569234 0 0
0.7787685993919676 0 0
0.7887018771220408 0 0
0.7986351548521138 0 0
0.8085684325821869 0 0
0.8194226862282512 0 0
0.8294537992882806 0 0
0.8393870770183537 0 0
0.8493203547484268 0 0
0.8592536324785001 0 0
0.8698993427736008 0 0
0.8801389991727433 0 0
0.8900722769028164 0 0
0.9000055546328896 0 0
0.9099388323629627 0 0
0.9202679597257195 0 0
0.9308241990623455 0 0
0.9407574767924187 0 0
0.9506907545224919 0 0
0.9606240322525649 0 0
0.9707070963845194 0 0
0.9832889998053885 0 0
1 2 0 96
129
130
131
132
133
134
135
136
137
138
139
140
141
142
143
144
145
146
147
148
149
150
151
152
153
154
155
156
157
158
159
160
161
162
163
164
165
166
167
168
169
170
171
172
173
174
175
176
177
178
179
180
181
182
183
184
185
186
187
188
189
190
191
192
193
194
195
196
197
198
199
200
201
202
203
204
205
206
207
208
209
210
211
212
213
214
215
216
217
218
219
220
221
222
223
224
0 0.983288999805391 0
0 0.9707070963845198 0
0 0.9606240322525659 0
0 0.9506907545224927 0
0 0.9407574767924196 0
0 0.9308241990623465 0
0 0.9202679597257177 0
0 0.909938832362961 0
0 0.9000055546328879 0
0 0.8900722769028148 0
0 0.8801389991727417 0
0 0.869899342773599 0
0 0.8592536324785007 0
0 0.8493203547484276 0
0 0.8393870770183545 0
0 0.8294537992882813 0
0 0.8194226862282521 0
0 0.8085684325821868 0
0 0.7986351548521137 0
0 0.7887018771220405 0
0 0.7787685993919674 0
0 0.7688294645692338 0
0 0.7578988730165338 0
0 0.7479499549545527 0
0 0.7380166772244796 0
0 0.7280833994944065 0
0 0.7181501217643333 0
0 0.7073292427674771 0
0 0.6972647550627377 0
0 0.6873314773326646 0
0 0.6773981996025915 0
0 0.6674649218725184 0
0 0.6568775270091309 0
0 0.6465795551752092 0
0 0.636646277445136 0
0 0.6267129997150629 0
0 0.6167797219849898 0
0 0.6065115709020837 0
0 0.5958943552908575 0
0 0.5859610775607844 0
0 0.5760277998307114 0
0 0.5660945221006382 0
0 0.5560473494744937 0
0 0.5452091554069929 0
0 0.5352758776769198 0
0 0.5253425999468466 0
0 0.5154093222167736 0
0 0.5054658890329831 0
0 0.4945341109670196 0
0 0.4845906777832291 0
0 0.474657400053156 0
0 0.4647241223230829 0
0 0.4547908445930098 0
0 0.4439526505255091 0
0 0.4339054778993645 0
0 0.4239722001692914 0
0 0.4140389224392182 0
0 0.4041056447091451 0
0 0.3934884290979194 0
0 0.3832202780150129 0
0 0.3732870002849399 0
0 0.3633537225548666 0
0 0.3534204448247936 0
0 0.3431224729908722 0
0 0.332535078127484 0
0 0.3226018003974108 0
0 0.3126685226673378 0
0 0.3027352449372646 0
0 0.2926707572325251 0
0 0.281849878235667 0
0 0.271916600505594 0
0 0.2619833227755207 0
0 0.2520500450454476 0
0 0.2421011269834671 0
0 0.231170535430766 0
0 0.2212314006080324 0
0 0.2112981228779592 0
0 0.2013648451478862 0
0 0.1914315674178131 0
0 0.1805773137717488 0
0 0.1705462007117194 0
0 0.1606129229816463 0
0 0.1506796452515732 0
0 0.1407463675214999 0
0 0.1301006572263992 0
0 0.1198610008272567 0
0 0.1099277230971836 0
0 0.09999444536711044 0
0 0.09006116763703731 0
0 0.07973204027428049 0
0 0.06917580093765452 0
0 0.05924252320758128 0
0 0.04930924547750815 0
0 0.03937596774743513 0
0 0.02929290361548065 0
0 0.01671100019461147 0
1 3 0 96
225
226
227
228
229
230
231
232
233
234
235
236
237
238
239
240
241
242
243
244
245
246
247
248
249
250
251
252
253
254
255
256
257
258
259
260
261
262
263
264
265
266
267
268
269
270
271
272
273
274
275
276
277
278
279
280
281
282
283
284
285
286
287
288
289
290
291
292
293
294
295
296
297
298
299
300
301
302
303
304
305
306
307
308
309
310
311
312
313
314
315
316
317
318
319
320
1 0.01671100019460907 0
1 0.02929290361548019 0
1 0.03937596774743413 0
1 0.04930924547750725 0
1 0.05924252320758038 0
1 0.06917580093765351 0
1 0.07973204027428225 0
1 0.09006116763703896 0
1 0.09999444536711209 0
1 0.1099277230971852 0
1 0.1198610008272583 0
1 0.130100657226401 0
1 0.1407463675214993 0
1 0.1506796452515724 0
1 0.1606129229816456 0
1 0.1705462007117187 0
1 0.1805773137717479 0
1 0.1914315674178132 0
1 0.2013648451478863 0
1 0.2112981228779594 0
1 0.2212314006080326 0
1 0.2311705354307662 0
1 0.2421011269834662 0
1 0.2520500450454473 0
1 0.2619833227755204 0
1 0.2719166005055935 0
1 0.2818498782356666 0
1 0.2926707572325229 0
1 0.3027352449372623 0
1 0.3126685226673354 0
1 0.3226018003974085 0
1 0.3325350781274817 0
1 0.343122472990869 0
1 0.3534204448247909 0
1 0.363353722554864 0
1 0.3732870002849371 0
1 0.3832202780150102 0
1 0.3934884290979163 0
1 0.4041056447091424 0
1 0.4140389224392155 0
1 0.4239722001692886 0
1 0.4339054778993618 0
1 0.4439526505255063 0
1 0.4547908445930071 0
1 0.4647241223230802 0
1 0.4746574000531533 0
1 0.4845906777832264 0
1 0.4945341109670169 0
1 0.5054658890329804 0
1 0.5154093222167709 0
1 0.525342599946844 0
1 0.5352758776769171 0
1 0.5452091554069902 0
1 0.5560473494744909 0
1 0.5660945221006355 0
1 0.5760277998307086 0
1 0.5859610775607818 0
1 0.5958943552908549 0
1 0.6065115709020806 0
1 0.6167797219849871 0
1 0.6267129997150601 0
1 0.6366462774451334 0
1 0.6465795551752064 0
1 0.6568775270091278 0
1 0.667464921872516 0
1 0.6773981996025892 0
1 0.6873314773326622 0
1 0.6972647550627354 0
1 0.7073292427674749 0
1 0.718150121764333 0
1 0.728083399494406 0
1 0.7380166772244793 0
1 0.7479499549545524 0
1 0.7578988730165329 0
1 0.768829464569234 0
1 0.7787685993919676 0
1 0.7887018771220408 0
1 0.7986351548521138 0
1 0.8085684325821869 0
1 0.8194226862282512 0
1 0.8294537992882806 0
1 0.8393870770183537 0
1 0.8493203547484268 0
1 0.8592536324785001 0
1 0.8698993427736008 0
1 0.8801389991727433 0
1 0.8900722769028164 0
1 0.9000055546328896 0
1 0.9099388323629627 0
1 0.9202679597257195 0
1 0.9308241990623455 0
1 0.9407574767924187 0
1 0.9506907545224919 0
1 0.9606240322525649 0
1 0.9707070963845194 0
1 0.9832889998053885 0
1 4 0 96
321
322
323
324
325
326
327
328
329
330
331
332
333
334
335
336
337
338
339
340
341
342
343
344
345
346
347
348
349
350
351
352
353
354
355
356
357
358
359
360
361
362
363
364
365
366
367
368
369
370
371
372
373
374
375
376
377
378
379
380
381
382
383
384
385
386
387
388
389
390
391
392
393
394
395
396
397
398
399
400
401
402
403
404
405
406
407
408
409
410
411
412
413
414
415
416
0.983288999805391 1 0
0.9707070963845198 1 0
0.9606240322525659 1 0
0.9506907545224927 1 0
0.9407574767924196 1 0
0.9308241990623465 1 0
0.9202679597257177 1 0
0.909938832362961 1 0
0.9000055546328879 1 0
0.8900722769028148 1 0
0.8801389991727417 1 0
0.869899342773599 1 0
0.8592536324785007 1 0
0.8493203547484276 1 0
0.8393870770183545 1 0
0.8294537992882813 1 0
0.8194226862282521 1 0
0.8085684325821868 1 0
0.7986351548521137 1 0
0.7887018771220405 1 0
0.7787685993919674 1 0
0.7688294645692338 1 0
0.7578988730165338 1 0
0.7479499549545527 1 0
0.7380166772244796 1 0
0.7280833994944065 1 0
0.7181501217643333 1 0
0.7073292427674771 1 0
0.6972647550627377 1 0
0.6873314773326646 1 0
0.6773981996025915 1 0
0.6674649218725184 1 0
0.6568775270091309 1 0
0.6465795551752092 1 0
0.636646277445136 1 0
0.6267129997150629 1 0
0.6167797219849898 1 0
0.6065115709020837 1 0
0.5958943552908575 1 0
0.5859610775607844 1 0
0.5760277998307114 1 0
0.5660945221006382 1 0
0.5560473494744937 1 0
0.5452091554069929 1 0
0.5352758776769198 1 0
0.5253425999468466 1 0
0.5154093222167736 1 0
0.5054658890329831 1 0
0.4945341109670196 1 0
0.4845906777832291 1 0
0.474657400053156 1 0
0.4647241223230829 1 0
0.4547908445930098 1 0
0.4439526505255091 1 0
0.4339054778993645 1 0
0.4239722001692914 1 0
0.4140389224392182 1 0
0.4041056447091451 1 0
0.3934884290979194 1 0
0.3832202780150129 1 0
0.3732870002849399 1 0
0.3633537225548666 1 0
0.3534204448247936 1 0
0.3431224729908722 1 0
0.332535078127484 1 0
0.3226018003974108 1 0
0.3126685226673378 1 0
0.3027352449372646 1 0
0.2926707572325251 1 0
0.281849878235667 1 0
0.271916600505594 1 0
0.2619833227755207 1 0
0.2520500450454476 1 0
0.2421011269834671 1 0
0.231170535430766 1 0
0.2212314006080324 1 0
0.2112981228779592 1 0
0.2013648451478862 1 0
0.1914315674178131 1 0
0.1805773137717488 1 0
0.1705462007117194 1 0
0.1606129229816463 1 0
0.1506796452515732 1 0
0.1407463675214999 1 0
0.1301006572263992 1 0
0.1198610008272567 1 0
0.1099277230971836 1 0
0.09999444536711044 1 0
0.09006116763703731 1 0
0.07973204027428049 1 0
0.06917580093765452 1 0
0.05924252320758128 1 0
0.04930924547750815 1 0
0.03937596774743513 1 0
0.02929290361548065 1 0
0.01671100019461147 1 0
1 5 0 12
417
418
419
420
421
422
423
424
425
426
427
428
0.1551153846153846 0.25 0
0.1647307692307692 0.25 0
0.1743461538461538 0.25 0
0.1839615384615384 0.25 0
0.193576923076923 0.25 0
0.2031923076923076 0.25 0
0.2128076923076923 0.25 0
0.2224230769230769 0.25 0
0.2320384615384615 0.25 0
0.2416538461538461 0.25 0
0.2512692307692307 0.25 0
0.2608846153846153 0.25 0
1 6 0 49
429
430
431
432
433
434
435
436
437
438
439
440
441
442
443
444
445
446
447
448
449
450
451
452
453
454
455
456
457
458
459
460
461
462
463
464
465
466
467
468
469
470
471
472
473
474
475
476
477
0.2705 0.26 0
0.2705 0.27 0
0.2705 0.28 0
0.2705 0.29 0
0.2705 0.3 0
0.2705 0.31 0
0.2705 0.32 0
0.2705 0.33 0
0.2705 0.34 0
0.2705 0.35 0
0.2705 0.36 0
0.2705 0.37 0
0.2705 0.38 0
0.2705 0.39 0
0.2705 0.4 0
0.2705 0.41 0
0.2705 0.42 0
0.2705 0.43 0
0.2705 0.44 0
0.2705 0.45 0
0.2705 0.46 0
0.2705 0.47 0
0.2705 0.48 0
0.2705 0.49 0
0.2705 0.5 0
0.2705 0.51 0
0.2705 0.52 0
0.2705 0.53 0
0.2705 0.54 0
0.2705 0.55 0
0.2705 0.5600000000000001 0
0.2705 0.5700000000000001 0
0.2705 0.5800000000000001 0
0.2705 0.5900000000000001 0
0.2705 0.6 0
0.2705 0.61 0
0.2705 0.62 0
0.2705 0.63 0
0.2705 0.64 0
0.2705 0.65 0
0.2705 0.6599999999999999 0
0.2705 0.6699999999999999 0
0.2705 0.6799999999999999 0
0.2705 0.6899999999999999 0
0.2705 0.7 0
0.2705 0.71 0
0.2705 0.72 0
0.2705 0.73 0
0.2705 0.74 0
1 7 0 2
478
479
0.2635666666666667 0.75 0
0.2566333333333333 0.75 0
1 8 0 47
480
481
482
483
484
485
486
487
488
489
490
491
492
493
494
495
496
497
498
499
500
501
502
503
504
505
506
507
508
509
510
511
512
513
514
515
516
517
518
519
520
521
522
523
524
525
526
0.2497 0.7400166666666667 0
0.2497 0.7300333333333333 0
0.2497 0.72005 0
0.2497 0.7100666666666666 0
0.2497 0.7000833333333332 0
0.2497 0.6900999999999998 0
0.2497 0.6801166666666665 0
0.2497 0.6701333333333331 0
0.2497 0.6601499999999998 0
0.2497 0.6501666666666664 0
0.2497 0.6401833333333331 0
0.2497 0.6301999999999998 0
0.2497 0.6202166666666664 0
0.2497 0.610233333333333 0
0.2497 0.6002499999999996 0
0.2497 0.5902666666666663 0
0.2497 0.580283333333333 0
0.2497 0.5702999999999996 0
0.2497 0.5603166666666662 0
0.2497 0.5503333333333329 0
0.2497 0.5403499999999997 0
0.2497 0.5303666666666662 0
0.2497 0.5203833333333329 0
0.2497 0.5103999999999995 0
0.2497 0.5004166666666663 0
0.2497 0.4904333333333329 0
0.2497 0.4804499999999995 0
0.2497 0.4704666666666663 0
0.2497 0.4604833333333329 0
0.2497 0.4504999999999996 0
0.2497 0.4405166666666663 0
0.2497 0.4305333333333329 0
0.2497 0.4205499999999996 0
0.2497 0.4105666666666663 0
0.2497 0.400583333333333 0
0.2497 0.3905999999999997 0
0.2497 0.3806166666666664 0
0.2497 0.370633333333333 0
0.2497 0.3606499999999997 0
0.2497 0.3506666666666665 0
0.2497 0.3406833333333332 0
0.2497 0.3306999999999998 0
0.2497 0.3207166666666665 0
0.2497 0.3107333333333332 0
0.2497 0.3007499999999999 0
0.2497 0.2907666666666666 0
0.2497 0.2807833333333333 0
1 9 0 8
527
528
529
530
531
532
533
534
0.2404333333333333 0.2708 0
0.2311666666666666 0.2708 0
0.2218999999999999 0.2708 0
0.2126333333333333 0.2708 0
0.2033666666666666 0.2708 0
0.1940999999999999 0.2708 0
0.1848333333333333 0.2708 0
0.1755666666666666 0.2708 0
1 10 0 7
535
536
537
538
539
540
541
0.1662999999999999 0.2807 0
0.1662999999999999 0.2906 0
0.1662999999999999 0.3005000000000001 0
0.1662999999999999 0.3104000000000001 0
0.1662999999999999 0.3203000000000001 0
0.1662999999999999 0.3302 0
0.1662999999999999 0.3401 0
1 11 0 2
542
543
0.1593666666666666 0.35 0
0.1524333333333333 0.35 0
1 12 0 9
544
545
546
547
548
549
550
551
552
0.1455 0.34 0
0.1455 0.33 0
0.1455 0.32 0
0.1455 0.3099999999999999 0
0.1455 0.2999999999999999 0
0.1455 0.2899999999999999 0
0.1455 0.2799999999999999 0
0.1455 0.2699999999999999 0
0.1455 0.26 0
1 13 0 49
553
554
555
556
557
558
559
560
561
562
563
564
565
566
567
568
569
570
571
572
573
574
575
576
577
578
579
580
581
582
583
584
585
586
587
588
589
590
591
592
593
594
595
596
597
598
599
600
601
0.4375 0.74 0
0.4375 0.73 0
0.4375 0.72 0
0.4375 0.71 0
0.4375 0.7 0
0.4375 0.6899999999999999 0
0.4375 0.6799999999999999 0
0.4375 0.67 0
0.4375 0.66 0
0.4375 0.65 0
0.4375 0.64 0
0.4375 0.63 0
0.4375 0.62 0
0.4375 0.61 0
0.4375 0.6 0
0.4375 0.59 0
0.4375 0.58 0
0.4375 0.5700000000000001 0
0.4375 0.5600000000000001 0
0.4375 0.55 0
0.4375 0.54 0
0.4375 0.53 0
0.4375 0.52 0
0.4375 0.51 0
0.4375 0.5 0
0.4375 0.49 0
0.4375 0.48 0
0.4375 0.47 0
0.4375 0.46 0
0.4375 0.45 0
0.4375 0.44 0
0.4375 0.43 0
0.4375 0.42 0
0.4375 0.41 0
0.4375 0.4 0
0.4375 0.39 0
0.4375 0.38 0
0.4375 0.37 0
0.4375 0.36 0
0.4375 0.35 0
0.4375 0.34 0
0.4375 0.33 0
0.4375 0.32 0
0.4375 0.31 0
0.4375 0.3 0
0.4375 0.29 0
0.4375 0.28 0
0.4375 0.27 0
0.4375 0.26 0
1 14 0 2
602
603
0.4444333333333333 0.25 0
0.4513666666666666 0.25 0
1 15 0 23
604
605
606
607
608
609
610
611
612
613
614
615
616
617
618
619
620
621
622
623
624
625
626
0.4583 0.2599833333333333 0
0.4583 0.2699666666666667 0
0.4583 0.2799500000000001 0
0.4583 0.2899333333333334 0
0.4583 0.2999166666666668 0
0.4583 0.3099000000000001 0
0.4583 0.3198833333333335 0
0.4583 0.3298666666666669 0
0.4583 0.3398500000000002 0
0.4583 0.3498333333333335 0
0.4583 0.3598166666666669 0
0.4583 0.3698000000000002 0
0.4583 0.3797833333333336 0
0.4583 0.3897666666666669 0
0.4583 0.3997500000000002 0
0.4583 0.4097333333333335 0
0.4583 0.4197166666666668 0
0.4583 0.4297000000000001 0
0.4583 0.4396833333333334 0
0.4583 0.4496666666666668 0
0.4583 0.4596500000000001 0
0.4583 0.4696333333333333 0
0.4583 0.4796166666666667 0
1 16 0 8
627
628
629
630
631
632
633
634
0.4675666666666666 0.4896 0
0.4768333333333333 0.4896 0
0.4861 0.4896 0
0.4953666666666667 0.4896 0
0.5046333333333333 0.4896 0
0.5139 0.4896 0
0.5231666666666667 0.4896 0
0.5324333333333333 0.4896 0
1 17 0 23
635
636
637
638
639
640
641
642
643
644
645
646
647
648
649
650
651
652
653
654
655
656
657
0.5417 0.4796166666666666 0
0.5417 0.4696333333333333 0
0.5417 0.4596499999999999 0
0.5417 0.4496666666666666 0
0.5417 0.4396833333333333 0
0.5417 0.4296999999999999 0
0.5417 0.4197166666666665 0
0.5417 0.4097333333333332 0
0.5417 0.3997499999999998 0
0.5417 0.3897666666666665 0
0.5417 0.3797833333333331 0
0.5417 0.3697999999999998 0
0.5417 0.3598166666666664 0
0.5417 0.3498333333333331 0
0.5417 0.3398499999999997 0
0.5417 0.3298666666666664 0
0.5417 0.3198833333333331 0
0.5417 0.3098999999999998 0
0.5417 0.2999166666666665 0
0.5417 0.2899333333333332 0
0.5417 0.2799499999999999 0
0.5417 0.2699666666666666 0
0.5417 0.2599833333333333 0
1 18 0 2
658
659
0.5486333333333333 0.25 0
0.5555666666666667 0.25 0
1 19 0 49
660
661
662
663
664
665
666
667
668
669
670
671
672
673
674
675
676
677
678
679
680
681
682
683
684
685
686
687
688
689
690
691
692
693
694
695
696
697
698
699
700
701
702
703
704
705
706
707
708
0.5625 0.26 0
0.5625 0.27 0
0.5625 0.28 0
0.5625 0.29 0
0.5625 0.3 0
0.5625 0.31 0
0.5625 0.32 0
0.5625 0.33 0
0.5625 0.34 0
0.5625 0.35 0
0.5625 0.36 0
0.5625 0.37 0
0.5625 0.38 0
0.5625 0.39 0
0.5625 0.4 0
0.5625 0.41 0
0.5625 0.42 0
0.5625 0.43 0
0.5625 0.44 0
0.5625 0.45 0
0.5625 0.46 0
0.5625 0.47 0
0.5625 0.48 0
0.5625 0.49 0
0.5625 0.5 0
0.5625 0.51 0
0.5625 0.52 0
0.5625 0.53 0
0.5625 0.54 0
0.5625 0.55 0
0.5625 0.5600000000000001 0
0.5625 0.5700000000000001 0
0.5625 0.5800000000000001 0
0.5625 0.5900000000000001 0
0.5625 0.6 0
0.5625 0.61 0
0.5625 0.62 0
0.5625 0.63 0
0.5625 0.64 0
0.5625 0.65 0
0.5625 0.6599999999999999 0
0.5625 0.6699999999999999 0
0.5625 0.6799999999999999 0
0.5625 0.6899999999999999 0
0.5625 0.7 0
0.5625 0.71 0
0.5625 0.72 0
0.5625 0.73 0
0.5625 0.74 0
1 20 0 2
709
710
0.5555666666666667 0.75 0
0.5486333333333333 0.75 0
1 21 0 23
711
712
713
714
715
716
717
718
719
720
721
722
723
724
725
726
727
728
729
730
731
732
733
0.5417 0.7400166666666667 0
0.5417 0.7300333333333333 0
0.5417 0.72005 0
0.5417 0.7100666666666666 0
0.5417 0.7000833333333332 0
0.5417 0.6900999999999998 0
0.5417 0.6801166666666665 0
0.5417 0.6701333333333331 0
0.5417 0.6601499999999998 0
0.5417 0.6501666666666664 0
0.5417 0.6401833333333331 0
0.5417 0.6301999999999998 0
0.5417 0.6202166666666664 0
0.5417 0.6102333333333331 0
0.5417 0.6002499999999997 0
0.5417 0.5902666666666665 0
0.5417 0.5802833333333332 0
0.5417 0.5702999999999998 0
0.5417 0.5603166666666666 0
0.5417 0.5503333333333332 0
0.5417 0.5403499999999999 0
0.5417 0.5303666666666667 0
0.5417 0.5203833333333333 0
1 22 0 8
734
735
736
737
738
739
740
741
0.5324333333333333 0.5104 0
0.5231666666666666 0.5104 0
0.5138999999999999 0.5104 0
0.5046333333333333 0.5104 0
0.4953666666666666 0.5104 0
0.4861 0.5104 0
0.4768333333333333 0.5104 0
0.4675666666666666 0.5104 0
1 23 0 23
742
743
744
745
746
747
748
749
750
751
752
753
754
755
756
757
758
759
760
761
762
763
764
0.4583 0.5203833333333333 0
0.4583 0.5303666666666667 0
0.4583 0.54035 0
0.4583 0.5503333333333333 0
0.4583 0.5603166666666668 0
0.4583 0.5703 0
0.4583 0.5802833333333335 0
0.4583 0.5902666666666667 0
0.4583 0.6002500000000002 0
0.4583 0.6102333333333334 0
0.4583 0.6202166666666669 0
0.4583 0.6302000000000002 0
0.4583 0.6401833333333335 0
0.4583 0.6501666666666669 0
0.4583 0.6601500000000002 0
0.4583 0.6701333333333337 0
0.4583 0.6801166666666669 0
0.4583 0.6901000000000002 0
0.4583 0.7000833333333335 0
0.4583 0.7100666666666668 0
0.4583 0.7200500000000001 0
0.4583 0.7300333333333334 0
0.4583 0.7400166666666668 0
1 24 0 2
765
766
0.4513666666666667 0.75 0
0.4444333333333333 0.75 0
1 25 0 49
767
768
769
770
771
772
773
774
775
776
777
778
779
780
781
782
783
784
785
786
787
788
789
790
791
792
793
794
795
796
797
798
799
800
801
802
803
804
805
806
807
808
809
810
811
812
813
814
815
0.7295 0.74 0
0.7295 0.73 0
0.7295 0.72 0
0.7295 0.71 0
0.7295 0.7 0
0.7295 0.6899999999999999 0
0.7295 0.6799999999999999 0
0.7295 0.67 0
0.7295 0.66 0
0.7295 0.65 0
0.7295 0.64 0
0.7295 0.63 0
0.7295 0.62 0
0.7295 0.61 0
0.7295 0.6 0
0.7295 0.59 0
0.7295 0.58 0
0.7295 0.5700000000000001 0
0.7295 0.5600000000000001 0
0.7295 0.55 0
0.7295 0.54 0
0.7295 0.53 0
0.7295 0.52 0
0.7295 0.51 0
0.7295 0.5 0
0.7295 0.49 0
0.7295 0.48 0
0.7295 0.47 0
0.7295 0.46 0
0.7295 0.45 0
0.7295 0.44 0
0.7295 0.43 0
0.7295 0.42 0
0.7295 0.41 0
0.7295 0.4 0
0.7295 0.39 0
0.7295 0.38 0
0.7295 0.37 0
0.7295 0.36 0
0.7295 0.35 0
0.7295 0.34 0
0.7295 0.33 0
0.7295 0.32 0
0.7295 0.31 0
0.7295 0.3 0
0.7295 0.29 0
0.7295 0.28 0
0.7295 0.27 0
0.7295 0.26 0
1 26 0 12
816
817
818
819
820
821
822
823
824
825
826
827
0.7391153846153846 0.25 0
0.7487307692307693 0.25 0
0.7583461538461539 0.25 0
0.7679615384615385 0.25 0
0.7775769230769232 0.25 0
0.7871923076923077 0.25 0
0.7968076923076923 0.25 0
0.8064230769230769 0.25 0
0.8160384615384616 0.25 0
0.8256538461538462 0.25 0
0.8352692307692308 0.25 0
0.8448846153846155 0.25 0
1 27 0 49
828
829
830
831
832
833
834
835
836
837
838
839
840
841
842
843
844
845
846
847
848
849
850
851
852
853
854
855
856
857
858
859
860
861
862
863
864
865
866
867
868
869
870
871
872
873
874
875
876
0.8545 0.26 0
0.8545 0.27 0
0.8545 0.28 0
0.8545 0.29 0
0.8545 0.3 0
0.8545 0.31 0
0.8545 0.32 0
0.8545 0.33 0
0.8545 0.34 0
0.8545 0.35 0
0.8545 0.36 0
0.8545 0.37 0
0.8545 0.38 0
0.8545 0.39 0
0.8545 0.4 0
0.8545 0.41 0
0.8545 0.42 0
0.8545 0.43 0
0.8545 0.44 0
0.8545 0.45 0
0.8545 0.46 0
0.8545 0.47 0
0.8545 0.48 0
0.8545 0.49 0
0.8545 0.5 0
0.8545 0.51 0
0.8545 0.52 0
0.8545 0.53 0
0.8545 0.54 0
0.8545 0.55 0
0.8545 0.5600000000000001 0
0.8545 0.5700000000000001 0
0.8545 0.5800000000000001 0
0.8545 0.5900000000000001 0
0.8545 0.6 0
0.8545 0.61 0
0.8545 0.62 0
0.8545 0.63 0
0.8545 0.64 0
0.8545 0.65 0
0.8545 0.6599999999999999 0
0.8545 0.6699999999999999 0
0.8545 0.6799999999999999 0
0.8545 0.6899999999999999 0
0.8545 0.7 0
0.8545 0.71 0
0.8545 0.72 0
0.8545 0.73 0
0.8545 0.74 0
1 28 0 2
877
878
0.8475666666666667 0.75 0
0.8406333333333333 0.75 0
1 29 0 47
879
880
881
882
883
884
885
886
887
888
889
890
891
892
893
894
895
896
897
898
899
900
901
902
903
904
905
906
907
908
909
910
911
912
913
914
915
916
917
918
919
920
921
922
923
924
925
0.8337 0.7400166666666667 0
0.8337 0.7300333333333333 0
0.8337 0.72005 0
0.8337 0.7100666666666666 0
0.8337 0.7000833333333332 0
0.8337 0.6900999999999998 0
0.8337 0.6801166666666665 0
0.8337 0.6701333333333331 0
0.8337 0.6601499999999998 0
0.8337 0.6501666666666664 0
0.8337 0.6401833333333331 0
0.8337 0.6301999999999998 0
0.8337 0.6202166666666664 0
0.8337 0.610233333333333 0
0.8337 0.6002499999999996 0
0.8337 0.5902666666666663 0
0.8337 0.580283333333333 0
0.8337 0.5702999999999996 0
0.8337 0.5603166666666662 0
0.8337 0.5503333333333329 0
0.8337 0.5403499999999997 0
0.8337 0.5303666666666662 0
0.8337 0.5203833333333329 0
0.8337 0.5103999999999995 0
0.8337 0.5004166666666663 0
0.8337 0.4904333333333329 0
0.8337 0.4804499999999995 0
0.8337 0.4704666666666663 0
0.8337 0.4604833333333329 0
0.8337 0.4504999999999996 0
0.8337 0.4405166666666663 0
0.8337 0.4305333333333329 0
0.8337 0.4205499999999996 0
0.8337 0.4105666666666663 0
0.8337 0.400583333333333 0
0.8337 0.3905999999999997 0
0.8337 0.3806166666666664 0
0.8337 0.370633333333333 0
0.8337 0.3606499999999997 0
0.8337 0.3506666666666665 0
0.8337 0.3406833333333332 0
0.8337 0.3306999999999998 0
0.8337 0.3207166666666665 0
0.8337 0.3107333333333332 0
0.8337 0.3007499999999999 0
0.8337 0.2907666666666666 0
0.8337 0.2807833333333333 0
1 30 0 8
926
927
928
929
930
931
932
933
0.8244333333333334 0.2708 0
0.8151666666666667 0.2708 0
0.8058999999999999 0.2708 0
0.7966333333333333 0.2708 0
0.7873666666666667 0.2708 0
0.7781 0.2708 0
0.7688333333333334 0.2708 0
0.7595666666666667 0.2708 0
1 31 0 47
934
935
936
937
938
939
940
941
942
943
944
945
946
947
948
949
950
951
952
953
954
955
956
957
958
959
960
961
962
963
964
965
966
967
968
969
970
971
972
973
974
975
976
977
978
979
980
0.7503000000000001 0.2807833333333333 0
0.7503000000000001 0.2907666666666667 0
0.7503000000000001 0.3007500000000001 0
0.7503000000000001 0.3107333333333334 0
0.7503000000000001 0.3207166666666668 0
0.7503000000000001 0.3307000000000001 0
0.7503000000000001 0.3406833333333334 0
0.7503000000000001 0.3506666666666668 0
0.7503000000000001 0.3606500000000002 0
0.7503000000000001 0.3706333333333335 0
0.7503000000000001 0.3806166666666669 0
0.7503000000000001 0.3906000000000003 0
0.7503000000000001 0.4005833333333336 0
0.7503000000000001 0.410566666666667 0
0.7503000000000001 0.4205500000000003 0
0.7503000000000001 0.4305333333333337 0
0.7503000000000001 0.440516666666667 0
0.7503000000000001 0.4505000000000003 0
0.7503000000000001 0.4604833333333337 0
0.7503000000000001 0.470466666666667 0
0.7503000000000001 0.4804500000000004 0
0.7503000000000001 0.4904333333333337 0
0.7503000000000001 0.5004166666666672 0
0.7503000000000001 0.5104000000000004 0
0.7503000000000001 0.5203833333333338 0
0.7503000000000001 0.5303666666666671 0
0.7503000000000001 0.5403500000000004 0
0.7503000000000001 0.5503333333333338 0
0.7503000000000001 0.560316666666667 0
0.7503000000000001 0.5703000000000005 0
0.7503000000000001 0.5802833333333337 0
0.7503000000000001 0.5902666666666671 0
0.7503000000000001 0.6002500000000004 0
0.7503000000000001 0.6102333333333336 0
0.7503000000000001 0.620216666666667 0
0.7503000000000001 0.6302000000000003 0
0.7503000000000001 0.6401833333333337 0
0.7503000000000001 0.650166666666667 0
0.7503000000000001 0.6601500000000002 0
0.7503000000000001 0.6701333333333335 0
0.7503000000000001 0.6801166666666669 0
0.7503000000000001 0.6901000000000002 0
0.7503000000000001 0.7000833333333334 0
0.7503000000000001 0.7100666666666668 0
0.7503000000000001 0.7200500000000001 0
0.7503000000000001 0.7300333333333334 0
0.7503000000000001 0.7400166666666668 0
1 32 0 2
981
982
0.7433666666666667 0.75 0
0.7364333333333334 0.75 0
2 100 0 4574
983
984
985
986
987
988
989
990
991
992
993
994
995
996
997
998
999
1000
1001
1002
1003
1004
1005
1006
1007
1008
1009
1010
1011
1012
1013
1014
1015
1016
1017
1018
1019
1020
1021
1022
1023
1024
1025
1026
1027
1028
1029
1030
1031
1032
1033
1034
1035
1036
1037
1038
1039
1040
1041
1042
1043
1044
1045
1046
1047
1048
1049
1050
1051
1052
1053
1054
1055
1056
1057
1058
1059
1060
1061
1062
1063
1064
1065
1066
1067
1068
1069
1070
1071
1072
1073
1074
1075
1076
1077
1078
1079
1080
1081
1082
1083
1084
1085
1086
1087
1088
1089
1090
1091
1092
1093
1094
1095
1096
1097
1098
1099
1100
1101
1102
1103
1104
1105
1106
1107
1108
1109
1110
1111
1112
1113
1114
1115
1116
1117
1118
1119
1120
1121
1122
1123
1124
1125
1126
1127
1128
1129
1130
1131
1132
1133
1134
1135
1136
1137
1138
1139
1140
1141
1142
1143
1144
1145
1146
1147
1148
1149
1150
1151
1152
1153
1154
1155
1156
1157
1158
1159
1160
1161
1162
1163
1164
1165
1166
1167
1168
1169
1170
1171
1172
1173
1174
1175
1176
1177
1178
1179
1180
1181
1182
1183
1184
1185
1186
1187
1188
1189
1190
1191
1192
1193
1194
1195
1196
1197
1198
1199
1200
1201
1202
1203
1204
1205
1206
1207
1208
1209
1210
1211
1212
1213
1214
1215
1216
1217
1218
1219
1220
1221
1222
1223
1224
1225
1226
1227
1228
1229
1230
1231
1232
1233
1234
1235
1236
1237
1238
1239
1240
1241
1242
1243
1244
1245
1246
1247
1248
1249
1250
1251
1252
1253
1254
1255
1256
1257
1258
1259
1260
1261
1262
1263
1264
1265
1266
1267
1268
1269
1270
1271
1272
1273
1274
1275
1276
1277
1278
1279
1280
1281
1282
1283
1284
1285
1286
1287
1288
1289
1290
1291
1292
1293
1294
1295
1296
1297
1298
1299
1300
1301
1302
1303
1304
1305
1306
1307
1308
1309
1310
1311
1312
1313
1314
1315
1316
1317
1318
1319
1320
1321
1322
1323
1324
1325
1326
1327
1328
1329
1330
1331
1332
1333
1334
1335
1336
1337
1338
1339
1340
1341
1342
1343
1344
1345
1346
1347
1348
1349
1350
1351
1352
1353
1354
1355
1356
1357
1358
1359
1360
1361
1362
1363
1364
1365
1366
1367
1368
1369
1370
1371
1372
1373
1374
1375
1376
1377
1378
1379
1380
1381
1382
1383
1384
1385
1386
1387
1388
1389
1390
1391
1392
1393
1394
1395
1396
1397
1398
1399
1400
1401
1402
1403
1404
1405
1406
1407
1408
1409
1410
1411
1412
1413
1414
1415
1416
1417
1418
1419
1420
1421
1422
1423
1424
1425
1426
1427
1428
1429
1430
1431
1432
1433
1434
1435
1436
1437
1438
1439
1440
1441
1442
1443
1444
1445
1446
1447
1448
1449
1450
1451
1452
1453
1454
1455
1456
1457
1458
1459
1460
1461
1462
1463
1464
1465
1466
1467
1468
1469
1470
1471
1472
1473
1474
1475
1476
1477
1478
1479
1480
1481
1482
1483
1484
1485
1486
1487
1488
1489
1490
1491
1492
1493
1494
1495
1496
1497
1498
1499
1500
1501
1502
1503
1504
1505
1506
1507
1508
1509
1510
1511
1512
1513
1514
1515
1516
1517
1518
1519
1520
1521
1522
1523
1524
1525
1526
1527
1528
1529
1530
1531
1532
1533
1534
1535
1536
1537
1538
1539
1540
1541
1542
1543
1544
1545
1546
1547
1548
1549
1550
1551
1552
1553
1554
1555
1556
1557
1558
1559
1560
1561
1562
1563
1564
1565
1566
1567
1568
1569
1570
1571
1572
1573
1574
1575
1576
1577
1578
1579
1580
1581
1582
1583
1584
1585
1586
1587
1588
1589
1590
1591
1592
1593
1594
1595
1596
1597
1598
1599
1600
1601
1602
1603
1604
1605
1606
1607
1608
1609
1610
1611
1612
1613
1614
1615
1616
1617
1618
1619
1620
1621
1622
1623
1624
1625
1626
1627
1628
1629
1630
1631
1632
1633
1634
1635
1636
1637
1638
1639
1640
1641
1642
1643
1644
1645
1646
1647
1648
1649
1650
1651
1652
1653
1654
1655
1656
1657
1658
1659
1660
1661
1662
1663
1664
1665
1666
1667
1668
1669
1670
1671
1672
1673
1674
1675
1676
1677
1678
1679
1680
1681
1682
1683
1684
1685
1686
1687
1688
1689
1690
1691
1692
1693
1694
1695
1696
1697
1698
1699
1700
1701
1702
1703
1704
1705
1706
1707
1708
1709
1710
1711
1712
1713
1714
1715
1716
1717
1718
1719
1720
1721
1722
1723
1724
1725
1726
1727
1728
1729
1730
1731
1732
1733
1734
1735
1736
1737
1738
1739
1740
1741
1742
1743
1744
1745
1746
1747
1748
1749
1750
1751
1752
1753
1754
1755
1756
1757
1758
1759
1760
1761
1762
1763
1764
1765
1766
1767
1768
1769
1770
1771
1772
1773
1774
1775
1776
1777
1778
1779
1780
1781
1782
1783
1784
1785
1786
1787
1788
1789
1790
1791
1792
1793
1794
1795
1796
1797
1798
1799
1800
1801
1802
1803
1804
1805
1806
1807
1808
1809
1810
1811
1812
1813
1814
1815
1816
1817
1818
1819
1820
1821
1822
1823
1824
1825
1826
1827
1828
1829
1830
1831
1832
1833
1834
1835
1836
1837
1838
1839
1840
1841
1842
1843
1844
1845
1846
1847
1848
1849
1850
1851
1852
1853
1854
1855
1856
1857
1858
1859
1860
1861
1862
1863
1864
1865
1866
1867
1868
1869
1870
1871
1872
1873
1874
1875
1876
1877
1878
1879
1880
1881
1882
1883
1884
1885
1886
1887
1888
1889
1890
1891
1892
1893
1894
1895
1896
1897
1898
1899
1900
1901
1902
1903
1904
1905
1906
1907
1908
1909
1910
1911
1912
1913
1914
1915
1916
1917
1918
1919
1920
1921
1922
1923
1924
1925
1926
1927
1928
1929
1930
1931
1932
1933
1934
1935
1936
1937
1938
1939
1940
1941
1942
1943
1944
1945
1946
1947
1948
1949
1950
1951
1952
1953
1954
1955
1956
1957
1958
1959
1960
1961
1962
1963
1964
1965
1966
1967
1968
1969
1970
1971
1972
1973
1974
1975
1976
1977
1978
1979
1980
1981
1982
1983
1984
1985
1986
1987
1988
1989
1990
1991
1992
1993
1994
1995
1996
1997
1998
1999
2000
2001
2002
2003
2004
2005
2006
2007
2008
2009
2010
2011
2012
2013
2014
2015
2016
2017
2018
2019
2020
2021
2022
2023
2024
2025
2026
2027
2028
2029
2030
2031
2032
2033
2034
2035
2036
2037
2038
2039
2040
2041
2042
2043
2044
2045
2046
2047
2048
2049
2050
2051
2052
2053
2054
2055
2056
2057
2058
2059
2060
2061
2062
2063
2064
2065
2066
2067
2068
2069
2070
2071
2072
2073
2074
2075
2076
2077
2078
2079
2080
2081
2082
2083
2084
2085
2086
2087
2088
2089
2090
2091
2092
2093
2094
2095
2096
2097
2098
2099
2100
2101
2102
2103
2104
2105
2106
2107
2108
2109
2110
2111
2112
2113
2114
2115
2116
2117
2118
2119
2120
2121
2122
2123
2124
2125
2126
2127
2128
2129
2130
2131
2132
2133
2134
2135
2136
2137
2138
2139
2140
2141
2142
2143
2144
2145
2146
2147
2148
2149
2150
2151
2152
2153
2154
2155
2156
2157
2158
2159
2160
2161
2162
2163
2164
2165
2166
2167
2168
2169
2170
2171
2172
2173
2174
2175
2176
2177
2178
2179
2180
2181
2182
2183
2184
2185
2186
2187
2188
2189
2190
2191
2192
2193
2194
2195
2196
2197
2198
2199
2200
2201
2202
2203
2204
2205
2206
2207
2208
2209
2210
2211
2212
2213
2214
2215
2216
2217
2218
2219
2220
2221
2222
2223
2224
2225
2226
2227
2228
2229
2230
2231
2232
2233
2234
2235
2236
2237
2238
2239
2240
2241
2242
2243
2244
2245
2246
2247
2248
2249
2250
2251
2252
2253
2254
2255
2256
2257
2258
2259
2260
2261
2262
2263
2264
2265
2266
2267
2268
2269
2270
2271
2272
2273
2274
2275
2276
2277
2278
2279
2280
2281
2282
2283
2284
2285
2286
2287
2288
2289
2290
2291
2292
2293
2294
2295
2296
2297
2298
2299
2300
2301
2302
2303
2304
2305
2306
2307
2308
2309
2310
2311
2312
2313
2314
2315
2316
2317
2318
2319
2320
2321
2322
2323
2324
2325
2326
2327
2328
2329
2330
2331
2332
2333
2334
2335
2336
2337
2338
2339
2340
2341
2342
2343
2344
2345
2346
2347
2348
2349
2350
2351
2352
2353
2354
2355
2356
2357
2358
2359
2360
2361
2362
2363
2364
2365
2366
2367
2368
2369
2370
2371
2372
2373
2374
2375
2376
2377
2378
2379
2380
2381
2382
2383
2384
2385
2386
2387
2388
2389
2390
2391
2392
2393
2394
2395
2396
2397
2398
2399
2400
2401
2402
2403
2404
2405
2406
2407
2408
2409
2410
2411
2412
2413
2414
2415
2416
2417
2418
2419
2420
2421
2422
2423
2424
2425
2426
2427
2428
2429
2430
2431
2432
2433
2434
2435
2436
2437
2438
2439
2440
2441
2442
2443
2444
2445
2446
2447
2448
2449
2450
2451
2452
2453
2454
2455
2456
2457
2458
2459
2460
2461
2462
2463
2464
2465
2466
2467
2468
2469
2470
2471
2472
2473
2474
2475
2476
2477
2478
2479
2480
2481
2482
2483
2484
2485
2486
2487
2488
2489
2490
2491
2492
2493
2494
2495
2496
2497
2498
2499
2500
2501
2502
2503
2504
2505
2506
2507
2508
2509
2510
2511
2512
2513
2514
2515
2516
2517
2518
2519
2520
2521
2522
2523
2524
2525
2526
2527
2528
2529
2530
2531
2532
2533
2534
2535
2536
2537
2538
2539
2540
2541
2542
2543
2544
2545
2546
2547
2548
2549
2550
2551
2552
2553
2554
2555
2556
2557
2558
2559
2560
2561
2562
2563
2564
2565
2566
2567
2568
2569
2570
2571
2572
2573
2574
2575
2576
2577
2578
2579
2580
2581
2582
2583
2584
2585
2586
2587
2588
2589
2590
2591
2592
2593
2594
2595
2596
2597
2598
2599
2600
2601
2602
2603
2604
2605
2606
2607
2608
2609
2610
2611
2612
2613
2614
2615
2616
2617
2618
2619
2620
2621
2622
2623
2624
2625
2626
2627
2628
2629
2630
2631
2632
2633
2634
2635
2636
2637
2638
2639
2640
2641
2642
2643
2644
2645
2646
2647
2648
2649
2650
2651
2652
2653
2654
2655
2656
2657
2658
2659
2660
2661
2662
2663
2664
2665
2666
2667
2668
2669
2670
2671
2672
2673
2674
2675
2676
2677
2678
2679
2680
2681
2682
2683
2684
2685
2686
2687
2688
2689
2690
2691
2692
2693
2694
2695
2696
2697
2698
2699
2700
2701
2702
2703
2704
2705
2706
2707
2708
2709
2710
2711
2712
2713
2714
2715
2716
2717
2718
2719
2720
2721
2722
2723
2724
2725
2726
2727
2728
2729
2730
2731
2732
2733
2734
2735
2736
2737
2738
2739
2740
2741
2742
2743
2744
2745
2746
2747
2748
2749
2750
2751
2752
2753
2754
2755
2756
2757
2758
2759
2760
2761
2762
2763
2764
2765
2766
2767
2768
2769
2770
2771
2772
2773
2774
2775
2776
2777
2778
2779
2780
2781
2782
2783
2784
2785
2786
2787
2788
2789
2790
2791
2792
2793
2794
2795
2796
2797
2798
2799
2800
2801
2802
2803
2804
2805
2806
2807
2808
2809
2810
2811
2812
2813
2814
2815
2816
2817
2818
2819
2820
2821
2822
2823
2824
2825
2826
2827
2828
2829
2830
2831
2832
2833
2834
2835
2836
2837
2838
2839
2840
2841
2842
2843
2844
2845
2846
2847
2848
2849
2850
2851
2852
2853
2854
2855
2856
2857
2858
2859
2860
2861
2862
2863
2864
2865
2866
2867
2868
2869
2870
2871
2872
2873
2874
2875
2876
2877
2878
2879
2880
2881
2882
2883
2884
2885
2886
2887
2888
2889
2890
2891
2892
2893
2894
2895
2896
2897
2898
2899
2900
2901
2902
2903
2904
2905
2906
2907
2908
2909
2910
2911
2912
2913
2914
2915
2916
2917
2918
2919
2920
2921
2922
2923
2924
2925
2926
2927
2928
2929
2930
2931
2932
2933
2934
2935
2936
2937
2938
2939
2940
2941
2942
2943
2944
2945
2946
2947
2948
2949
2950
2951
2952
2953
2954
2955
2956
2957
2958
2959
2960
2961
2962
2963
2964
2965
2966
2967
2968
2969
2970
2971
2972
2973
2974
2975
2976
2977
2978
2979
2980
2981
2982
2983
2984
2985
2986
2987
2988
2989
2990
2991
2992
2993
2994
2995
2996
2997
2998
2999
3000
3001
3002
3003
3004
3005
3006
3007
3008
3009
3010
3011
3012
3013
3014
3015
3016
3017
3018
3019
3020
3021
3022
3023
3024
3025
3026
3027
3028
3029
3030
3031
3032
3033
3034
3035
3036
3037
3038
3039
3040
3041
3042
3043
3044
3045
3046
3047
3048
3049
3050
3051
3052
3053
3054
3055
3056
3057
3058
3059
3060
3061
3062
3063
3064
3065
3066
3067
3068
3069
3070
3071
3072
3073
3074
3075
3076
3077
3078
3079
3080
3081
3082
3083
3084
3085
3086
3087
3088
3089
3090
3091
3092
3093
3094
3095
3096
3097
3098
3099
3100
3101
3102
3103
3104
3105
3106
3107
3108
3109
3110
3111
3112
3113
3114
3115
3116
3117
3118
3119
3120
3121
3122
3123
3124
3125
3126
3127
3128
3129
3130
3131
3132
3133
3134
3135
3136
3137
3138
3139
3140
3141
3142
3143
3144
3145
3146
3147
3148
3149
3150
3151
3152
3153
3154
3155
3156
3157
3158
3159
3160
3161
3162
3163
3164
3165
3166
3167
3168
3169
3170
3171
3172
3173
3174
3175
3176
3177
3178
3179
3180
3181
3182
3183
3184
3185
3186
3187
3188
3189
3190
3191
3192
3193
3194
3195
3196
3197
3198
3199
3200
3201
3202
3203
3204
3205
3206
3207
3208
3209
3210
3211
3212
3213
3214
3215
3216
3217
3218
3219
3220
3221
3222
3223
3224
3225
3226
3227
3228
3229
3230
3231
3232
3233
3234
3235
3236
3237
3238
3239
3240
3241
3242
3243
3244
3245
3246
3247
3248
3249
3250
3251
3252
3253
3254
3255
3256
3257
3258
3259
3260
3261
3262
3263
3264
3265
3266
3267
3268
3269
3270
3271
3272
3273
3274
3275
3276
3277
3278
3279
3280
3281
3282
3283
3284
3285
3286
3287
3288
3289
3290
3291
3292
3293
3294
3295
3296
3297
3298
3299
3300
3301
3302
3303
3304
3305
3306
3307
3308
3309
3310
3311
3312
3313
3314
3315
3316
3317
3318
3319
3320
3321
3322
3323
3324
3325
3326
3327
3328
3329
3330
3331
3332
3333
3334
3335
3336
3337
3338
3339
3340
3341
3342
3343
3344
3345
3346
3347
3348
3349
3350
3351
3352
3353
3354
3355
3356
3357
3358
3359
3360
3361
3362
3363
3364
3365
3366
3367
3368
3369
3370
3371
3372
3373
3374
3375
3376
3377
3378
3379
3380
3381
3382
3383
3384
3385
3386
3387
3388
3389
3390
3391
3392
3393
3394
3395
3396
3397
3398
3399
3400
3401
3402
3403
3404
3405
3406
3407
3408
3409
3410
3411
3412
3413
3414
3415
3416
3417
3418
3419
3420
3421
3422
3423
3424
3425
3426
3427
3428
3429
3430
3431
3432
3433
3434
3435
3436
3437
3438
3439
3440
3441
3442
3443
3444
3445
3446
3447
3448
3449
3450
3451
3452
3453
3454
3455
3456
3457
3458
3459
3460
3461
3462
3463
3464
3465
3466
3467
3468
3469
3470
3471
3472
3473
3474
3475
3476
3477
3478
3479
3480
3481
3482
3483
3484
3485
3486
3487
3488
3489
3490
3491
3492
3493
3494
3495
3496
3497
3498
3499
3500
3501
3502
3503
3504
3505
3506
3507
3508
3509
3510
3511
3512
3513
3514
3515
3516
3517
3518
3519
3520
3521
3522
3523
3524
3525
3526
3527
3528
3529
3530
3531
3532
3533
3534
3535
3536
3537
3538
3539
3540
3541
3542
3543
3544
3545
3546
3547
3548
3549
3550
3551
3552
3553
3554
3555
3556
3557
3558
3559
3560
3561
3562
3563
3564
3565
3566
3567
3568
3569
3570
3571
3572
3573
3574
3575
3576
3577
3578
3579
3580
3581
3582
3583
3584
3585
3586
3587
3588
3589
3590
3591
3592
3593
3594
3595
3596
3597
3598
3599
3600
3601
3602
3603
3604
3605
3606
3607
3608
3609
3610
3611
3612
3613
3614
3615
3616
3617
3618
3619
3620
3621
3622
3623
3624
3625
3626
3627
3628
3629
3630
3631
3632
3633
3634
3635
3636
3637
3638
3639
3640
3641
3642
3643
3644
3645
3646
3647
3648
3649
3650
3651
3652
3653
3654
3655
3656
3657
3658
3659
3660
3661
3662
3663
3664
3665
3666
3667
3668
3669
3670
3671
3672
3673
3674
3675
3676
3677
3678
3679
3680
3681
3682
3683
3684
3685
3686
3687
3688
3689
3690
3691
3692
3693
3694
3695
3696
3697
3698
3699
3700
3701
3702
3703
3704
3705
3706
3707
3708
3709
3710
3711
3712
3713
3714
3715
3716
3717
3718
3719
3720
3721
3722
3723
3724
3725
3726
3727
3728
3729
3730
3731
3732
3733
3734
3735
3736
3737
3738
3739
3740
3741
3742
3743
3744
3745
3746
3747
3748
3749
3750
3751
3752
3753
3754
3755
3756
3757
3758
3759
3760
3761
3762
3763
3764
3765
3766
3767
3768
3769
3770
3771
3772
3773
3774
3775
3776
3777
3778
3779
3780
3781
3782
3783
3784
3785
3786
3787
3788
3789
3790
3791
3792
3793
3794
3795
3796
3797
3798
3799
3800
3801
3802
3803
3804
3805
3806
3807
3808
3809
3810
3811
3812
3813
3814
3815
3816
3817
3818
3819
3820
3821
3822
3823
3824
3825
3826
3827
3828
3829
3830
3831
3832
3833
3834
3835
3836
3837
3838
3839
3840
3841
3842
3843
3844
3845
3846
3847
3848
3849
3850
3851
3852
3853
3854
3855
3856
3857
3858
3859
3860
3861
3862
3863
3864
3865
3866
3867
3868
3869
3870
3871
3872
3873
3874
3875
3876
3877
3878
3879
3880
3881
3882
3883
3884
3885
3886
3887
3888
3889
3890
3891
3892
3893
3894
3895
3896
3897
3898
3899
3900
3901
3902
3903
3904
3905
3906
3907
3908
3909
3910
3911
3912
3913
3914
3915
3916
3917
3918
3919
3920
3921
3922
3923
3924
3925
3926
3927
3928
3929
3930
3931
3932
3933
3934
3935
3936
3937
3938
3939
3940
3941
3942
3943
3944
3945
3946
3947
3948
3949
3950
3951
3952
3953
3954
3955
3956
3957
3958
3959
3960
3961
3962
3963
3964
3965
3966
3967
3968
3969
3970
3971
3972
3973
3974
3975
3976
3977
3978
3979
3980
3981
3982
3983
3984
3985
3986
3987
3988
3989
3990
3991
3992
3993
3994
3995
3996
3997
3998
3999
4000
4001
4002
4003
4004
4005
4006
4007
4008
4009
4010
4011
4012
4013
4014
4015
4016
4017
4018
4019
4020
4021
4022
4023
4024
4025
4026
4027
4028
4029
4030
4031
4032
4033
4034
4035
4036
4037
4038
4039
4040
4041
4042
4043
4044
4045
4046
4047
4048
4049
4050
4051
4052
4053
4054
4055
4056
4057
4058
4059
4060
4061
4062
4063
4064
4065
4066
4067
4068
4069
4070
4071
4072
4073
4074
4075
4076
4077
4078
4079
4080
4081
4082
4083
4084
4085
4086
4087
4088
4089
4090
4091
4092
4093
4094
4095
4096
4097
4098
4099
4100
4101
4102
4103
4104
4105
4106
4107
4108
4109
4110
4111
4112
4113
4114
4115
4116
4117
4118
4119
4120
4121
4122
4123
4124
4125
4126
4127
4128
4129
4130
4131
4132
4133
4134
4135
4136
4137
4138
4139
4140
4141
4142
4143
4144
4145
4146
4147
4148
4149
4150
4151
4152
4153
4154
4155
4156
4157
4158
4159
4160
4161
4162
4163
4164
4165
4166
4167
4168
4169
4170
4171
4172
4173
4174
4175
4176
4177
4178
4179
4180
4181
4182
4183
4184
4185
4186
4187
4188
4189
4190
4191
4192
4193
4194
4195
4196
4197
4198
4199
4200
4201
4202
4203
4204
4205
4206
4207
4208
4209
4210
4211
4212
4213
4214
4215
4216
4217
4218
4219
4220
4221
4222
4223
4224
4225
4226
4227
4228
4229
4230
4231
4232
4233
4234
4235
4236
4237
4238
4239
4240
4241
4242
4243
4244
4245
4246
4247
4248
4249
4250
4251
4252
4253
4254
4255
4256
4257
4258
4259
4260
4261
4262
4263
4264
4265
4266
4267
4268
4269
4270
4271
4272
4273
4274
4275
4276
4277
4278
4279
4280
4281
4282
4283
4284
4285
4286
4287
4288
4289
4290
4291
4292
4293
4294
4295
4296
4297
4298
4299
4300
4301
4302
4303
4304
4305
4306
4307
4308
4309
4310
4311
4312
4313
4314
4315
4316
4317
4318
4319
4320
4321
4322
4323
4324
4325
4326
4327
4328
4329
4330
4331
4332
4333
4334
4335
4336
4337
4338
4339
4340
4341
4342
4343
4344
4345
4346
4347
4348
4349
4350
4351
4352
4353
4354
4355
4356
4357
4358
4359
4360
4361
4362
4363
4364
4365
4366
4367
4368
4369
4370
4371
4372
4373
4374
4375
4376
4377
4378
4379
4380
4381
4382
4383
4384
4385
4386
4387
4388
4389
4390
4391
4392
4393
4394
4395
4396
4397
4398
4399
4400
4401
4402
4403
4404
4405
4406
4407
4408
4409
4410
4411
4412
4413
4414
4415
4416
4417
4418
4419
4420
4421
4422
4423
4424
4425
4426
4427
4428
4429
4430
4431
4432
4433
4434
4435
4436
4437
4438
4439
4440
4441
4442
4443
4444
4445
4446
4447
4448
4449
4450
4451
4452
4453
4454
4455
4456
4457
4458
4459
4460
4461
4462
4463
4464
4465
4466
4467
4468
4469
4470
4471
4472
4473
4474
4475
4476
4477
4478
4479
4480
4481
4482
4483
4484
4485
4486
4487
4488
4489
4490
4491
4492
4493
4494
4495
4496
4497
4498
4499
4500
4501
4502
4503
4504
4505
4506
4507
4508
4509
4510
4511
4512
4513
4514
4515
4516
4517
4518
4519
4520
4521
4522
4523
4524
4525
4526
4527
4528
4529
4530
4531
4532
4533
4534
4535
4536
4537
4538
4539
4540
4541
4542
4543
4544
4545
4546
4547
4548
4549
4550
4551
4552
4553
4554
4555
4556
4557
4558
4559
4560
4561
4562
4563
4564
4565
4566
4567
4568
4569
4570
4571
4572
4573
4574
4575
4576
4577
4578
4579
4580
4581
4582
4583
4584
4585
4586
4587
4588
4589
4590
4591
4592
4593
4594
4595
4596
4597
4598
4599
4600
4601
4602
4603
4604
4605
4606
4607
4608
4609
4610
4611
4612
4613
4614
4615
4616
4617
4618
4619
4620
4621
4622
4623
4624
4625
4626
4627
4628
4629
4630
4631
4632
4633
4634
4635
4636
4637
4638
4639
4640
4641
4642
4643
4644
4645
4646
4647
4648
4649
4650
4651
4652
4653
4654
4655
4656
4657
4658
4659
4660
4661
4662
4663
4664
4665
4666
4667
4668
4669
4670
4671
4672
4673
4674
4675
4676
4677
4678
4679
4680
4681
4682
4683
4684
4685
4686
4687
4688
4689
4690
4691
4692
4693
4694
4695
4696
4697
4698
4699
4700
4701
4702
4703
4704
4705
4706
4707
4708
4709
4710
4711
4712
4713
4714
4715
4716
4717
4718
4719
4720
4721
4722
4723
4724
4725
4726
4727
4728
4729
4730
4731
4732
4733
4734
4735
4736
4737
4738
4739
4740
4741
4742
4743
4744
4745
4746
4747
4748
4749
4750
4751
4752
4753
4754
4755
4756
4757
4758
4759
4760
4761
4762
4763
4764
4765
4766
4767
4768
4769
4770
4771
4772
4773
4774
4775
4776
4777
4778
4779
4780
4781
4782
4783
4784
4785
4786
4787
4788
4789
4790
4791
4792
4793
4794
4795
4796
4797
4798
4799
4800
4801
4802
4803
4804
4805
4806
4807
4808
4809
4810
4811
4812
4813
4814
4815
4816
4817
4818
4819
4820
4821
4822
4823
4824
4825
4826
4827
4828
4829
4830
4831
4832
4833
4834
4835
4836
4837
4838
4839
4840
4841
4842
4843
4844
4845
4846
4847
4848
4849
4850
4851
4852
4853
4854
4855
4856
4857
4858
4859
4860
4861
4862
4863
4864
4865
4866
4867
4868
4869
4870
4871
4872
4873
4874
4875
4876
4877
4878
4879
4880
4881
4882
4883
4884
4885
4886
4887
4888
4889
4890
4891
4892
4893
4894
4895
4896
4897
4898
4899
4900
4901
4902
4903
4904
4905
4906
4907
4908
4909
4910
4911
4912
4913
4914
4915
4916
4917
4918
4919
4920
4921
4922
4923
4924
4925
4926
4927
4928
4929
4930
4931
4932
4933
4934
4935
4936
4937
4938
4939
4940
4941
4942
4943
4944
4945
4946
4947
4948
4949
4950
4951
4952
4953
4954
4955
4956
4957
4958
4959
4960
4961
4962
4963
4964
4965
4966
4967
4968
4969
4970
4971
4972
4973
4974
4975
4976
4977
4978
4979
4980
4981
4982
4983
4984
4985
4986
4987
4988
4989
4990
4991
4992
4993
4994
4995
4996
4997
4998
4999
5000
5001
5002
5003
5004
5005
5006
5007
5008
5009
5010
5011
5012
5013
5014
5015
5016
5017
5018
5019
5020
5021
5022
5023
5024
5025
5026
5027
5028
5029
5030
5031
5032
5033
5034
5035
5036
5037
5038
5039
5040
5041
5042
5043
5044
5045
5046
5047
5048
5049
5050
5051
5052
5053
5054
5055
5056
5057
5058
5059
5060
5061
5062
5063
5064
5065
5066
5067
5068
5069
5070
5071
5072
5073
5074
5075
5076
5077
5078
5079
5080
5081
5082
5083
5084
5085
5086
5087
5088
5089
5090
5091
5092
5093
5094
5095
5096
5097
5098
5099
5100
5101
5102
5103
5104
5105
5106
5107
5108
5109
5110
5111
5112
5113
5114
5115
5116
5117
5118
5119
5120
5121
5122
5123
5124
5125
5126
5127
5128
5129
5130
5131
5132
5133
5134
5135
5136
5137
5138
5139
5140
5141
5142
5143
5144
5145
5146
5147
5148
5149
5150
5151
5152
5153
5154
5155
5156
5157
5158
5159
5160
5161
5162
5163
5164
5165
5166
5167
5168
5169
5170
5171
5172
5173
5174
5175
5176
5177
5178
5179
5180
5181
5182
5183
5184
5185
5186
5187
5188
5189
5190
5191
5192
5193
5194
5195
5196
5197
5198
5199
5200
5201
5202
5203
5204
5205
5206
5207
5208
5209
5210
5211
5212
5213
5214
5215
5216
5217
5218
5219
5220
5221
5222
5223
5224
5225
5226
5227
5228
5229
5230
5231
5232
5233
5234
5235
5236
5237
5238
5239
5240
5241
5242
5243
5244
5245
5246
5247
5248
5249
5250
5251
5252
5253
5254
5255
5256
5257
5258
5259
5260
5261
5262
5263
5264
5265
5266
5267
5268
5269
5270
5271
5272
5273
5274
5275
5276
5277
5278
5279
5280
5281
5282
5283
5284
5285
5286
5287
5288
5289
5290
5291
5292
5293
5294
5295
5296
5297
5298
5299
5300
5301
5302
5303
5304
5305
5306
5307
5308
5309
5310
5311
5312
5313
5314
5315
5316
5317
5318
5319
5320
5321
5322
5323
5324
5325
5326
5327
5328
5329
5330
5331
5332
5333
5334
5335
5336
5337
5338
5339
5340
5341
5342
5343
5344
5345
5346
5347
5348
5349
5350
5351
5352
5353
5354
5355
5356
5357
5358
5359
5360
5361
5362
5363
5364
5365
5366
5367
5368
5369
5370
5371
5372
5373
5374
5375
5376
5377
5378
5379
5380
5381
5382
5383
5384
5385
5386
5387
5388
5389
5390
5391
5392
5393
5394
5395
5396
5397
5398
5399
5400
5401
5402
5403
5404
5405
5406
5407
5408
5409
5410
5411
5412
5413
5414
5415
5416
5417
5418
5419
5420
5421
5422
5423
5424
5425
5426
5427
5428
5429
5430
5431
5432
5433
5434
5435
5436
5437
5438
5439
5440
5441
5442
5443
5444
5445
5446
5447
5448
5449
5450
5451
5452
5453
5454
5455
5456
5457
5458
5459
5460
5461
5462
5463
5464
5465
5466
5467
5468
5469
5470
5471
5472
5473
5474
5475
5476
5477
5478
5479
5480
5481
5482
5483
5484
5485
5486
5487
5488
5489
5490
5491
5492
5493
5494
5495
5496
5497
5498
5499
5500
5501
5502
5503
5504
5505
5506
5507
5508
5509
5510
5511
5512
5513
5514
5515
5516
5517
5518
5519
5520
5521
5522
5523
5524
5525
5526
5527
5528
5529
5530
5531
5532
5533
5534
5535
5536
5537
5538
5539
5540
5541
5542
5543
5544
5545
5546
5547
5548
5549
5550
5551
5552
5553
5554
5555
5556
0.1556462841166096 0.9914352678148832 0
0.007866017644464651 0.8442982936559892 0
0.2670734639885052 0.7568205004737739 0
0.7331948106759943 0.7568203021957074 0
0.8437766593961521 0.7558534751074276 0
0.4548728855847496 0.7568211629542145 0
0.5451271144152503 0.2431788370457855 0
0.4545052961042135 0.2431425551658011 0
0.5456555025496537 0.7568574448341989 0
0.3584417210912826 0.008597295653481551 0
0.6419214595554568 0.006797787179615655 0
0.3581664383322888 0.9914261982548183 0
0.641617320215783 0.9918878919445262 0
0.2062467046126729 0.9910246005621066 0
0.007956923571725949 0.7934963652944804 0
0.7833719040472346 0.9913307457959026 0
0.241887621585578 0.7442310929101503 0
0.2428992580413841 0.7535047029457981 0
0.008602470857089484 0.4696907611881195 0
0.6922806279301081 0.008602146148991463 0
0.3083868711547683 0.007650743174464736 0
0.2413004688596543 0.4650435254316658 0
0.2564349159665725 0.2418049087595708 0
0.7439230769230769 0.2416728326559189 0
0.7912751795228545 0.2411295434365206 0
0.2073000591422851 0.2411498128218152 0
0.8404397101882513 0.2417793684686149 0
0.1599230769230768 0.2416728326559189 0
0.5909287718772231 0.9913830074118495 0
0.4090682289520727 0.00869155080597056 0
0.5909469669341151 0.008542471048577471 0
0.409006922010994 0.9913684991802513 0
0.4999999999999987 0.008611265737995755 0
0.499172875892287 0.9923306415596179 0
0.6923022932723597 0.991385454875771 0
0.307690658534119 0.9914458063664726 0
0.008268306074109666 0.6723292588093239 0
0.008556772744843122 0.6215097573488856 0
0.008617633872346153 0.5710516338291014 0
0.008612864994364533 0.5203751174186125 0
0.2751166666666666 0.7566683956091401 0
0.7248833333333333 0.7566683956091402 0
0.8748451792816712 0.9917228239007938 0
0.257015379880732 0.991387113604891 0
0.008112620111107249 0.7229137600775066 0
0.8750191709731721 0.008735136712385405 0
0.1250564431141651 0.008112294894873973 0
0.7633641687928834 0.008611779514985429 0
0.2365284533153913 0.008401122074875533 0
0.1860044405947806 0.008644834797654377 0
0.8139955594052191 0.008644834797654433 0
0.7294584770909631 0.7648949702471542 0
0.2430666725852823 0.5450737929065926 0
0.2412934753425995 0.5948499052695283 0
0.2407647078910125 0.6452627193024505 0
0.2411781691834148 0.6950916666666664 0
0.1489236320792123 0.3568171744263201 0
0.2708545100176197 0.7648952015715651 0
0.2334942252580273 0.7488143683661256 0
0.2342469109407871 0.758941219248179 0
0.9912648632876145 0.8645764876260504 0
0.008469251956156221 0.1364680447021608 0
0.9915009622583955 0.1354157129548411 0
0.2237593426925549 0.7533009482741648 0
0.2239548876814201 0.7648298824985795 0
0.7196990737278611 0.7651308904237246 0
0.7248219685458703 0.7737031734842477 0
0.2802573569081376 0.7651202961815373 0
0.2747599869944614 0.7732389683193677 0
0.7135434102732039 0.7742249140892423 0
0.2858461613625861 0.7742478315868035 0
0.008353555574532212 0.8953361898947859 0
0.9910236106327256 0.8250469863291071 0
0.7429846294583474 0.9914076764430662 0
0.1148990261908779 0.9917437807910152 0
0.8246685751337358 0.9914846289099201 0
0.2768998868736842 0.7841170622906302 0
0.7211342090739028 0.7854027545503975 0
0.5504151289911964 0.9910446427275403 0
0.4498306243653963 0.009077045313679144 0
0.4493717475592595 0.9913482112062308 0
0.5506226648636565 0.008256761947337821 0
0.2145797958588991 0.7602017077453302 0
0.213337631144663 0.7721434265250752 0
0.2416797988910246 0.5054083333333328 0
0.2790879667709535 0.2551441242606201 0
0.2771472286306029 0.2437755003638131 0
0.5703623841135975 0.2558113198875327 0
0.569312021549964 0.2465045931089521 0
0.9913877245600586 0.1763578778684862 0
0.00847554172074072 0.1748800506673491 0
0.008169927344292505 0.4289430004469484 0
0.9893984170977115 0.09609132047868568 0
0.9918031871258829 0.9054686020478293 0
0.009024425142330483 0.09516659462239335 0
0.2923517157876144 0.7854542821399206 0
0.7054529806746812 0.7854386084235629 0
0.4296376158864025 0.2558113198875327 0
0.4292244431377875 0.2459954480303915 0
0.1408833333333332 0.3566683956091401 0
0.1449419452467366 0.3647810648749659 0
0.9917399816231033 0.7833901556416405 0
0.4272276147945072 0.5758304168500425 0
0.2780464779729525 0.656036660223675 0
0.7211235020275419 0.575 0
0.5706870670161494 0.6545437816950072 0
0.4287084093750761 0.2954159839003386 0
0.2787908976100733 0.3350000000000001 0
0.4287777974930534 0.4051072978959361 0
0.2791602540378443 0.455 0
0.7212621729768656 0.2941108333679451 0
0.5716617833346359 0.3344847029879942 0
0.7210191751548684 0.4051948438177341 0
0.5708214088814171 0.4544105234318613 0
0.2788420619623477 0.4956505602434121 0
0.2791602540378444 0.535 0
0.2786468006322683 0.6153709164302484 0
0.2788645550939357 0.6950000000000001 0
0.5708656090764972 0.4945546505335494 0
0.5709438585961607 0.535 0
0.572475263802655 0.6153374083496334 0
0.5705883769154662 0.6955819124463894 0
0.4291442066848825 0.365 0
0.4289952631724606 0.7247306362903004 0
0.570810930801011 0.3745667508566027 0
0.721062420449947 0.7248279971754239 0
0.8623623841135974 0.7441886801124673 0
0.8626248403994614 0.753935335543543 0
0.7209120332290465 0.2551441242606201 0
0.7208817548599979 0.245043550094826 0
0.7208397459621557 0.675 0
0.4291200619933562 0.6749999999999999 0
0.4307927723753865 0.4751937226603172 0
0.7210002679565681 0.4747219677499454 0
0.7208346330891952 0.3550088557557403 0
0.4292785091031478 0.635 0
0.4290251965419183 0.515 0
0.2791602540378444 0.385 0
0.7208397459621556 0.635 0
0.7209214308954006 0.5148585175454068 0
0.5716083075474808 0.4141235602351089 0
0.5711702356672652 0.7349829424999429 0
0.2808887671092061 0.2943752429919169 0
0.5710290618670497 0.2952272315053717 0
0.2791602540378444 0.575 0
0.5713748262465745 0.5744748706381382 0
0.008602470857089484 0.2162647617429957 0
0.9916255483989969 0.2162649041605947 0
0.08489660395566057 0.008773878776080934 0
0.9152380485880309 0.9913603392077606 0
0.9151560905063197 0.00847993218227916 0
0.7140264343381202 0.7983044219294424 0
0.2858998038485835 0.7978807358112969 0
0.3032104101003184 0.7990957016257094 0
0.697642008660962 0.7979043909421152 0
0.135460295571626 0.3644385268301907 0
0.1408961348181585 0.3740466228825989 0
0.578464727687219 0.2512834038073444 0
0.5779182566592259 0.2410791803434404 0
0.4213674937780259 0.2512380107656868 0
0.4210665427342515 0.2408851453383419 0
0.2005747694752317 0.7607103063266402 0
0.1999751909715277 0.7826051385602311 0
0.1369268319617101 0.2550408259498544 0
0.1368800714643161 0.2451644321169426 0
0.8630879667709533 0.2551441242606202 0
0.863421185064205 0.2452386909035926 0
0.991749228567147 0.6735471115737681 0
0.008465410672185203 0.3274592134404619 0
0.9903935900490186 0.3270094384907148 0
0.9913854548757711 0.6217421837753648 0
0.9913975291429105 0.3782536391499736 0
0.990774205345524 0.4282488237767171 0
0.9924868222089523 0.571037504608998 0
0.9915564471688701 0.5189322846239134 0
0.991471354520615 0.4797636193511697 0
0.9910450176009507 0.7129491817445732 0
0.07445392060596762 0.9912261212239191 0
0.2911112422438495 0.7641142576041486 0
0.1376857196582656 0.2938434539085707 0
0.8625302115314468 0.2947025460017029 0
0.2880691799562052 0.2503812707091845 0
0.2879211750577387 0.2397523691261711 0
0.7116023172922282 0.25059261233102 0
0.711722324674279 0.2388941483482793 0
0.8619616097097899 0.5452615343166564 0
0.863025997342483 0.4552071606802728 0
0.8631456209279261 0.5950253452898513 0
0.8630527940085997 0.405 0
0.8630639271712566 0.645 0
0.8631602540378441 0.3549999999999999 0
0.008429356338263749 0.2764438258673901 0
0.990104017069232 0.2761149530426346 0
0.008270944946534242 0.387856353167079 0
0.8629298426173798 0.495 0
0.8626862942397489 0.6845558120410276 0
0.128132218540405 0.2502787397987881 0
0.1281175738479425 0.2399039374759137 0
0.8718763082449424 0.2501646544947478 0
0.8721790263808815 0.2396133590104835 0
0.130062651767286 0.3742987392119483 0
0.1357715876725881 0.3848385047162688 0
0.8706073868115156 0.7487504531633025 0
0.8708538552108708 0.7588760883086639 0
0.5873966589717949 0.2462747654394208 0
0.5879936526619572 0.2352490767966754 0
0.4119841003142576 0.2467544367629443 0
0.4116590094250914 0.2351522826031525 0
0.879396658971795 0.7537252345605795 0
0.8800076995243902 0.7651789460927785 0
0.4632047052975029 0.756385231980282 0
0.4587333344460763 0.7648314327330492 0
0.536795294702497 0.243614768019718 0
0.5412981583482889 0.2351512194727305 0
0.7313342009170484 0.7977940261457792 0
0.7232893194360253 0.8130362721723577 0
0.1242847970721676 0.363742794933549 0
0.1192960579183945 0.2451541929217051 0
0.1186493955609983 0.2331334730088988 0
0.2416614229540288 0.3959127879843065 0
0.2934341211883605 0.8161960452750094 0
0.3185971543527067 0.8165704436018792 0
0.723213294117342 0.008744645074083623 0
0.2772782229272424 0.009769479066237208 0
0.9913975291429105 0.06420916207261701 0
0.9909834676621706 0.9356749318833768 0
0.008602470857089595 0.06420916207261773 0
0.9913907566805327 0.7529244139855427 0
0.8825131408629836 0.2453735389614624 0
0.8826606652878414 0.2322647996996949 0
0.1814549654971265 0.7724600392822941 0
0.1801426681571906 0.7957572051404604 0
0.008389982597079404 0.9254044402823469 0
0.008786793284942362 0.7633284773462585 0
0.1178804660817991 0.3752038847588914 0
0.2801106558573111 0.424437532162908 0
0.7210357153271556 0.4350670533627511 0
0.4290192310332589 0.4350926109132929 0
0.4294158844038272 0.3252976688404454 0
0.4271378465170728 0.60531487002241 0
0.4290153603906942 0.545 0
0.7218544253126329 0.6050893610593056 0
0.7209487308321065 0.54477484431529 0
0.8636621035239275 0.3250294563323393 0
0.7209783716785154 0.325 0
0.2413296355114515 0.4255416666666662 0
0.008709943302114942 0.2480869586045107 0
0.9893186704697824 0.2474385140806455 0
0.7441199216937613 0.811930333876097 0
0.7009955151655096 0.2457664768943222 0
0.7011787593710326 0.231452407411349 0
0.2988903176645655 0.2458742900869982 0
0.2986805528675812 0.2323714265732319 0
0.007708767651389059 0.3583783042766766 0
0.155646284116609 0.008602470857089539 0
0.8437973096563058 0.007822129368052488 0
0.7581568295528262 0.7441990774395291 0
0.6999095120515392 0.7731734025397883 0
0.4680573569081377 0.7651202961815373 0
0.4626673565236556 0.7742615542645201 0
0.4738636589720266 0.7748743225211822 0
0.4680696779006271 0.7850033820731275 0
0.4534915297044617 0.7828446958238565 0
0.4607800605902012 0.7967848312888908 0
0.4768357294087935 0.7977329066788008 0
0.4674802739916845 0.8137307403844488 0
0.4881329167159616 0.8142796696262969 0
0.5318337784532775 0.2349203038749814 0
0.537413299490105 0.2267747307440237 0
0.5258387945731546 0.22588598156761 0
0.5352215542655704 0.2159029426018861 0
0.1112916191706566 0.3637037479957249 0
0.7320300364221248 0.8330671507297963 0
0.7593711285838325 0.8292106226038161 0
0.9464434924685798 0.008853666549030581 0
0.9456122049401862 0.992287185931367 0
0.05367817771426114 0.00957041976348938 0
0.8906633437704129 0.7587792637355897 0
0.8912610981424296 0.7725628333776962 0
0.8769290459006915 0.7782546693565244 0
0.8917117171604887 0.7882460100840483 0
0.2410872045644714 0.3651818589377779 0
0.4756736910441696 0.8347075911351598 0
0.4999512981774111 0.8345967976582813 0
0.1823516151008492 0.7490060959525859 0
0.1070511896988854 0.2397262814499547 0
0.1068710344625959 0.2250653470099878 0
0.1198449099040035 0.2192102303663428 0
0.1064815225299354 0.2077897780994765 0
0.1261094541107349 0.2016573120257172 0
0.5183788607782059 0.2150616497864448 0
0.5272099326792146 0.2026389075292043 0
0.5091665660383013 0.2008308062461786 0
0.5235568690806427 0.1847260377121173 0
0.4947382122959069 0.1846222852955353 0
0.1476857147496901 0.3834906768746317 0
0.1427908636612276 0.3964078066565225 0
0.1738951637873696 0.344616622928602 0
0.1730497711324064 0.3535801241995861 0
0.2788944250580207 0.7247271982199261 0
0.0438896646971092 0.992011702705059 0
0.401021992558543 0.2413032321607299 0
0.3976521001130289 0.2260414951192511 0
0.5984715823672259 0.2413112081840558 0
0.5988676913634251 0.227858218724275 0
0.5343530560936379 0.7460179841014726 0
0.4661244501420269 0.2536497049891172 0
0.5000309876249823 0.4812742750298996 0
0.2079999999999999 0.2788251687417358 0
0.4983843411622222 0.5174141214507326 0
0.7914608495803981 0.2789392250235171 0
0.1600447103542209 0.7602461550698993 0
0.1614475503776186 0.7346278009081815 0
0.4222576844735241 0.2300705905616249 0
0.1033755930619148 0.3763194875368043 0
0.303222943355326 0.8402845122172296 0
0.825887621585578 0.7442310929101503 0
0.5088523366454285 0.1619845491053091 0
0.4810730294757967 0.160444460843028 0
0.467281609970876 0.5955623445695679 0
0.4670484267340277 0.5651321247944215 0
0.825177127407751 0.5854892070754407 0
0.825317743593037 0.5057903836082761 0
0.4669458202811145 0.6851083333333337 0
0.4671751138106581 0.7154970154230343 0
0.7605450417017225 0.7040376809665719 0
0.7591111315271909 0.6752320535262539 0
0.8250541797188854 0.5553249999999996 0
0.8250541797188854 0.4754583333333329 0
0.5338952995355539 0.285289971773601 0
0.8260749419018412 0.6135719409006836 0
0.5330541797188854 0.3148916666666664 0
0.4671179792703746 0.344437981327392 0
0.4668601711058918 0.3745263675390763 0
0.4669458202811146 0.4047416666666669 0
0.4669458202811146 0.4346916666666668 0
0.7585512175121913 0.6453163338162768 0
0.825354029536417 0.4467633189428027 0
0.8250541797188854 0.415558333333333 0
0.8249708014996926 0.3660887136593265 0
0.8262640790630597 0.3356105382877204 0
0.4672605577487591 0.6547406247973944 0
0.4688099258226492 0.6256967132929387 0
0.8951747042086697 0.2394184405431387 0
0.8955653717059782 0.2231002800044721 0
0.8786844694927805 0.216522157349581 0
0.8958925055472622 0.2045506603167355 0
0.8774236087884635 0.1955891109571764 0
0.1061358585239047 0.1871208839580045 0
0.1280973715916571 0.1765880720924123 0
0.2416807590020044 0.3255348553643636 0
0.8885595830189538 0.7437005793292746 0
0.7582338336261625 0.5259424235969437 0
0.758865562196482 0.3848501907220576 0
0.8731632401621174 0.7953196628573667 0
0.8917299548955459 0.807984531247229 0
0.3262967688137656 0.7956013111615983 0
0.8951108562027863 0.1833373400991246 0
0.8734382450267951 0.1714788827937214 0
0.9034940438756731 0.7518590123293973 0
0.9021776168922122 0.7355345468592459 0
0.7593056696566645 0.5655540492280673 0
0.5340781777413354 0.5850298534827915 0
0.7586103486520975 0.5951335613518887 0
0.7583595906644405 0.4557422891553936 0
0.5330086207542422 0.7054240430505928 0
0.5328936100837581 0.6750324101182326 0
0.8255403718084158 0.6955298137474519 0
0.5330541797188852 0.3947583333333332 0
0.5346708549489527 0.3657727194101983 0
0.7585091106857784 0.4255346012212422 0
0.7590134892489582 0.4854664361548729 0
0.8251686983856484 0.6653412988214231 0
0.4669458202811146 0.2949250000000001 0
0.5333401892281797 0.6145827197655533 0
0.532639584230736 0.4252058858579418 0
0.7586867224530716 0.3269503330096594 0
0.5338470046530629 0.6446265534066761 0
0.7589458202811148 0.3556583333333335 0
0.4455780977606576 0.7953711019942729 0
0.5380136595883642 0.1625801958028263 0
0.09494476197089652 0.3620599923874444 0
0.7480305224292518 0.8572146036723276 0
0.7162564158183542 0.8583682770006948 0
0.8258425337663626 0.7540870626060129 0
0.5271138783193304 0.2436060066227818 0
0.4723842806911574 0.7553580783543843 0
0.532883589838607 0.5558527155891348 0
0.1749618606616032 0.3144167474508557 0
0.1564936059079053 0.3944400654260471 0
0.150713417890577 0.4117464634132468 0
0.8709823566465268 0.8173163268056374 0
0.8924945031278291 0.8317242495890669 0
0.008966896880966524 0.9561756942332207 0
0.1072184258033796 0.1624604787340028 0
0.1325039274427312 0.1482605762736067 0
0.1822520736975906 0.3487965663047674 0
0.2245228652639931 0.7413237098413237 0
0.3114623370707224 0.2394917692905956 0
0.3119571585644096 0.2231252404145861 0
0.2947432801268047 0.2165409555329596 0
0.3136389289472238 0.203683370147889 0
0.2937244811274607 0.1954476956262651 0
0.3111108562027857 0.1833373400991243 0
0.289482048476318 0.1714496698331011 0
0.3114864260760465 0.156542701178416 0
0.2858724066985547 0.1398705123014272 0
0.6884951871073923 0.239320630564836 0
0.6880123141717116 0.2229435474333125 0
0.7039749970032283 0.2156794379773626 0
0.6889497227247864 0.2051031627923336 0
0.7057986458852363 0.1951773623544475 0
0.6852466477608747 0.1822497628460612 0
0.7090060551076642 0.1718698812196393 0
0.6851455224496702 0.1526354923690514 0
0.7180337268289017 0.1424653213806504 0
0.7576936843503627 0.7535478899464962 0
0.7665057747419727 0.7488143683661257 0
0.9004737978787822 0.156780010133559 0
0.8709266216792556 0.1414711698263823 0
0.09196565016085845 0.2329144358775318 0
0.09519158178283388 0.2508461169022876 0
0.1354576612392504 0.7460944902242971 0
0.1410611461812754 0.7123711006099167 0
0.9913326697283253 0.03433443568145739 0
0.9916759739046697 0.9654814477155154 0
0.009409103812290487 0.03531427197650305 0
0.488241747395967 0.8618444516355699 0
0.5205420975774551 0.8574663908224622 0
0.4013242853643824 0.2547498422862555 0
0.5976404418300664 0.2537905717075712 0
0.1816840149930966 0.3589604641220527 0
0.5241413600935749 0.1348238488533921 0
0.3325528081678781 0.8395587340840021 0
0.3109417025884833 0.255286843875271 0
0.6890321902462151 0.2552403518888652 0
0.8940414602016982 0.2541475760198758 0
0.9102800192426204 0.2478113141224697 0
0.9058964171624095 0.2683112858579076 0
0.8666626558602364 0.8432989688451824 0
0.8911162011926304 0.8591085467620326 0
0.8631838167901965 0.8744148760384988 0
0.08463963886285997 0.3778149874553886 0
0.1911610589362654 0.3537493634044775 0
0.1914691964356107 0.3646527803430609 0
0.1030707056775158 0.1315250005399459 0
0.3149737879875121 0.8686040407875513 0
0.2818927191785494 0.8661372067907689 0
0.817431801437418 0.7486344810836407 0
0.8174332046139268 0.7587695888351895 0
0.7665554093362158 0.7587307925196916 0
0.8446692325371241 0.1652883242077853 0
0.8393080037548319 0.1301486714103034 0
0.2605171192086526 0.1650625200580775 0
0.2562019965922493 0.1268099744808771 0
0.6116911940713627 0.2482301272542898 0
0.6076169828333013 0.2661078537648432 0
0.3880518562820069 0.2483886763468494 0
0.3889221963973757 0.2654135221124785 0
0.5331101705970512 0.4542875216341981 0
0.8244498233944044 0.3060809453719252 0
0.1367709706120188 0.3252801585968624 0
0.4296376158864025 0.7441886801124673 0
0.430687978450036 0.7534954068910479 0
0.4215189398033329 0.7487148976944311 0
0.4220790212558662 0.7589205365735221 0
0.4126033410282051 0.7537252345605792 0
0.4120060232803157 0.7647508895029631 0
0.4015283979499676 0.7586887897690322 0
0.399364043874241 0.7713440645096511 0
0.4034678086553864 0.7436876544769088 0
0.9195629122300266 0.7436828297117862 0
0.9150865479808883 0.7218886807895848 0
0.6882824348695039 0.1175422153482113 0
0.3139598305033122 0.1198055087687295 0
0.9091219809572746 0.7970319705767587 0
0.2346840091380773 0.7698739945741863 0
0.5774715384517247 0.2301450141929595 0
0.00853791850766239 0.2973759937611085 0
0.9913596182640014 0.297707837976974 0
0.008410655035022807 0.7025684556401258 0
0.3884935110624116 0.7513495767686383 0
0.3899016134134212 0.7354316946746449 0
0.3717252371688639 0.7433440573944452 0
0.3746734161462921 0.7254436316788055 0
0.8985881969884879 0.1242830107980153 0
0.3883732729788156 0.007541866406383324 0
0.6120333471970776 0.9910272996788793 0
0.6116456464435338 0.008747475272391558 0
0.3883543535564661 0.9912525247276085 0
0.1706875543768759 0.4081390573015849 0
0.1622306938344464 0.4300391773305162 0
0.1368815048706839 0.4295874303730391 0
0.1513312336002282 0.4543350596027586 0
0.1221443017981909 0.4562359225397706 0
0.1372021144076824 0.4815702006430457 0
0.1361250657537572 0.1154196371482585 0
0.991183852216134 0.6526814754247778 0
0.009629697600015197 0.6502937964724448 0
0.9910100692283981 0.3484091009450367 0
0.8542324212744785 0.9913192029196051 0
0.6621400862044619 0.008643699199804455 0
0.3378287755591781 0.9912396119636389 0
0.6620908924601523 0.9917150297598862 0
0.3382576957667702 0.009713923552864767 0
0.9910498506421517 0.3990195438967192 0
0.008747475272391447 0.6012029630964707 0
0.990737355067253 0.6006815084973136 0
0.2873000746993741 0.9914300197310153 0
0.7127396822659052 0.9913407135572649 0
0.9913482112062308 0.4493717475592566 0
0.008335310770575255 0.550635918011891 0
0.9898542305754547 0.5503427939994547 0
0.2366358312071166 0.9913882204850146 0
0.008711390142479569 0.4987090972792681 0
0.9913308677825643 0.5007598237559719 0
0.7633307467859829 0.9916622487335467 0
0.008540180831039357 0.8143519128025725 0
0.1860044405947809 0.9913551652023456 0
0.00844609128283963 0.449212363879231 0
0.1354235123739499 0.9912648632876145 0
0.009156246172770777 0.8654075409190587 0
0.1911900503197992 0.3435163494533219 0
0.2786580968818336 0.5945183978963106 0
0.5703367090189306 0.5940849441096689 0
0.2792395853012497 0.6752799611775849 0
0.5709764757305255 0.6760699202665406 0
0.8620425056765533 0.5662971835452336 0
0.2791281610981715 0.3150000000000001 0
0.4288397459621556 0.385 0
0.8632729676401485 0.4354339040331769 0
0.571267557481609 0.3161506154049607 0
0.862450135462947 0.6148075634187817 0
0.2802810582252083 0.3553879615644653 0
0.5713639631260492 0.3552558901864898 0
0.7208397459621556 0.385 0
0.8633188224113919 0.4748992708352532 0
0.4273114445286743 0.4553682867981744 0
0.428917794363921 0.344864816202693 0
0.8631602540378444 0.665 0
0.2792475434010118 0.4057707795205764 0
0.2803467154321772 0.4740970165734332 0
0.2772585987547177 0.5152290973552957 0
0.2787747710772112 0.5552685513547182 0
0.2786818742363301 0.6341883642793041 0
0.4292688886624145 0.7052879350063648 0
0.4290186401338748 0.655 0
0.4293430998822372 0.4953451023059358 0
0.5703713779356209 0.3946551611165497 0
0.5712894761309827 0.4754302274974906 0
0.5709332959010069 0.5153931030241936 0
0.570794101734325 0.5554794279980171 0
0.5711602540378444 0.635 0
0.5711411530259325 0.7149998859511428 0
0.7208397459621555 0.7049999999999998 0
0.7211593191855455 0.6549984547819322 0
0.7208397459621556 0.495 0
0.8629508812769207 0.375 0
0.8622807168053678 0.5146741556391252 0
0.5708300460263996 0.4347042819022895 0
0.7208397459621556 0.4550000000000001 0
0.8627765371912605 0.705395247146391 0
0.4668766533615815 0.5461697089111123 0
0.8243911779111679 0.5267177197561298 0
0.2410502711403345 0.5752942707245096 0
0.2408959372609165 0.445378935671187 0
0.2417281819257945 0.3470038947610801 0
0.758736695705307 0.544885600682847 0
0.2410541797188853 0.6751249999999999 0
0.2412844310719238 0.7138721370318007 0
0.2414829371334079 0.6157010313753423 0
0.2411751263005203 0.5251609875492994 0
0.533376679685029 0.7252885817021446 0
0.8250541797188853 0.6351916666666664 0
0.466741991462248 0.3148916666666668 0
0.5325674964462973 0.3451572785500295 0
0.7595682904185592 0.4054864191590297 0
0.7585643689647003 0.6155203091500949 0
0.825225105313987 0.7158931240759199 0
0.4666098146383581 0.455208480393098 0
0.825421812988852 0.3955577788667448 0
0.2415722173224466 0.3063127105091708 0
0.4669458202811146 0.2749583333333334 0
0.2413796338493693 0.4860761826509487 0
0.7570833953883139 0.3058071237298481 0
0.7589458202811146 0.5054083333333338 0
0.9916300016762598 0.844718017549239 0
0.009634967862132693 0.1544889744524681 0
0.9919080603784762 0.1559597709148663 0
0.9656655643185422 0.008667330271674878 0
0.9656635745554657 0.9912560256190825 0
0.03433443568145744 0.008667330271674656 0
0.9912423938066355 0.7334883007666011 0
0.5710516338291014 0.991382366127654 0
0.9900323384669052 0.6909265722244819 0
0.7429833160895158 0.008602470857089539 0
0.2570018395728599 0.008825855637986324 0
0.9917718492010514 0.8848133283225006 0
0.8038095194646533 0.990948921683386 0
0.4289430161089866 0.9913854548757711 0
0.5707301975329677 0.00857458505179054 0
0.008602470857089539 0.7429833160895162 0
0.008511153548522887 0.4090622776256134 0
0.008602470857089539 0.1148943619622199 0
0.4289483256580914 0.008233975813398187 0
0.094994392521631 0.9913685765566506 0
0.008602470857089484 0.1963982062828497 0
0.9916021022742025 0.8031365732163095 0
0.989626346253819 0.1960181393885322 0
0.9915902806501872 0.1139667363457272 0
0.1370621569476895 0.2754884379980536 0
0.7296099432460124 0.1873854951704576 0
0.7341725899452991 0.8861287144432595 0
0.7013695847308781 0.8878656580960322 0
0.3539684332138874 0.7320864525545081 0
0.3553828093101294 0.7075012001689815 0
0.7634367734655824 0.2415949799972699 0
0.8207516687320568 0.2407645895801508 0
0.179443261733031 0.2415975381188684 0
0.2272307692307692 0.2416728326559189 0
0.8951458756136552 0.008427584173882896 0
0.1042645869655082 0.00927780090073077 0
0.8951100530704488 0.9914316739184676 0
0.07444881067769327 0.3598102557967177 0
0.08914186107188632 0.342957586477863 0
0.7753087187932108 0.7537310639526056 0
0.7766644620247788 0.7667278276743776 0
0.7755606679360063 0.7426089105850062 0
0.4696907611881195 0.9913975291429105 0
0.5289765904178558 0.007432537005718165 0
0.5302234933588609 0.99143704133496 0
0.4699261631647451 0.008070051693071623 0
0.2060617352314323 0.007956203062360001 0
0.7936685159870773 0.008427257371399433 0
0.075826272035732 0.242990990582084 0
0.5437633966143983 0.201966271148934 0
0.269542967660323 0.7971411661781704 0
0.2056555841520828 0.806198746199975 0
0.1809761507988321 0.8246061567720728 0
0.4565409840330242 0.859427286338217 0
0.3430558636456222 0.1430208484776067 0
0.9306442611157484 0.2603059317915148 0
0.9250680958332309 0.2816455691147965 0
0.4697271905874693 0.8907374592642551 0
0.8534655584479462 0.8025073145214154 0
0.1899650655092573 0.2807654941941372 0
0.07927387411509734 0.2651655076284041 0
0.1483022581140941 0.1929862108710211 0
0.7200957668040154 0.1061787837692059 0
0.5188432449474245 0.5182536598014261 0
0.6557785931361404 0.1670301853876187 0
0.9177529790314563 0.1959220787861451 0
0.1189638303455715 0.2555146009935021 0
0.8926011225815964 0.892164330972526 0
0.1045427631923772 0.7311253845883721 0
0.1110189215773816 0.6951980098959064 0
0.1091117956339568 0.7648405379831484 0
0.1424610713260196 0.6773744895917435 0
0.1136708971070281 0.6576893519524241 0
0.1481654646045973 0.6400233034674796 0
0.1192025946371109 0.6219020509000885 0
0.1482961857350728 0.6038266051452471 0
0.5559920029482373 0.138496904478922 0
0.3317661664978361 0.2160539286830905 0
0.6712233169592052 0.2156273917656846 0
0.539554728036254 0.8323298929593688 0
0.5543088467395463 0.8595461580366853 0
0.5635003450098423 0.8324313682901605 0
0.5410194409330003 0.8908645224665819 0
0.1033510658104028 0.4815956976872675 0
0.278844896168812 0.2340237730755819 0
0.7202942466727768 0.2358822142562281 0
0.8625725224578186 0.234437284921149 0
0.7565411460647719 0.7632364186426728 0
0.5427159194086741 0.107033053747103 0
0.5125577209216081 0.1038696495932036 0
0.5587052961042135 0.7568574448341989 0
0.5673458460102019 0.7563898900713905 0
0.5624631773765354 0.7648918857357694 0
0.5722653178971444 0.7651015788308726 0
0.496378178788726 0.7921047084810172 0
0.4366453445853073 0.2415503586394371 0
0.5744133061872891 0.8875345809414626 0
0.2018622060636585 0.3487278821234834 0
0.2000860805159436 0.33517020634631 0
0.4663849206722394 0.7345237459918221 0
0.5330502711403345 0.2649776040578431 0
0.5770861216806694 0.7563939933772181 0
0.5825849853478504 0.7655852934651087 0
0.5881490981308913 0.7557457137747376 0
0.5940879374141153 0.7658247339871629 0
0.6009832074649976 0.7546842886942103 0
0.6090262638228819 0.7674775495368806 0
0.6175788953381044 0.7528016686457426 0
0.6284569468366761 0.7692222730330984 0
0.6392423057681533 0.7505021278023403 0
0.6234594581478879 0.7326443800564441 0
0.6493529962926361 0.729471253022094 0
0.6352930534722536 0.7109324923516425 0
0.6270750980153128 0.2575378067718697 0
0.6248886710302098 0.2771765078398966 0
0.3734210708717108 0.2573924059169669 0
0.374925557024379 0.2770237646405472 0
0.1073924717508523 0.0994801305084822 0
0.0917970944487248 0.4522008084017646 0
0.4351963118489017 0.8861787490112315 0
0.8622165817529217 0.9076567376722335 0
0.0772192747649697 0.1760107447397808 0
0.5009632818507248 0.2175258794310285 0
0.02281328953766504 0.9886422092952777 0
0.4814880117675282 0.4817717116508686 0
0.5183973532233364 0.4821058124627684 0
0.773151225885244 0.2787214527518473 0
0.2267129631823008 0.2786797298107564 0
0.8105333333333333 0.2788251687417358 0
0.4827204498712766 0.5193715978886391 0
0.1642308373863922 0.3564466282487679 0
0.5604538956650669 0.2435688138802419 0
0.2517500924827296 0.7564329581848929 0
0.4395461043349332 0.7564311861197581 0
0.3467756663154842 0.09855069662171489 0
0.06460229072276991 0.339893041049535 0
0.6626762165736483 0.7080260498426429 0
0.6417777722901253 0.6866804692527387 0
0.2961750829223009 0.902117899336754 0
0.2616723497095159 0.8956210792209511 0
0.3333437963599523 0.9009820885481776 0
0.8263006453464469 0.7638692483608981 0
0.8170860791723875 0.7690868434206762 0
0.2305572811822067 0.1497516436266435 0
0.862015767157001 0.7635332006093307 0
0.3167142888549945 0.08113107956334431 0
0.5671780314541298 0.7737031734842477 0
0.5563631401409806 0.7740789613793294 0
0.4214258564624231 0.8521064987749918 0
0.5769066027129273 0.11051426596479 0
0.184892736393172 0.4268315627778378 0
0.3760024808184909 0.1224288290868254 0
0.1317253133566412 0.08360590387779804 0
0.6151250402002402 0.7862470273252211 0
0.6936176237858169 0.08556292256226816 0
0.3811815940571596 0.08679669419666108 0
0.8143425710585057 0.1516351808874635 0
0.8630047368275392 0.7247306362903002 0
0.4293313821278553 0.2752084808817783 0
0.5718177546229801 0.2759627977030713 0
0.9208276610482147 0.8449647622617975 0
0.9404999467228599 0.7321736041555917 0
0.9388250206424333 0.7089295404154576 0
0.9384240008219558 0.7538890122243782 0
0.9156921161025857 0.6991553169755215 0
0.9343402149977602 0.6866611360795359 0
0.9115913263774235 0.6768156700854788 0
0.9344039614158766 0.6629669090481742 0
0.910143206164469 0.6533115725938122 0
0.9296011364880835 0.640972727788824 0
0.9101590489785785 0.631091911833095 0
0.9279512646234056 0.6198425193898083 0
0.3787259891032768 0.6955781399845327 0
0.3586495737171504 0.6816573713766562 0
0.8085966922632201 0.7536774403738193 0
0.8085861984482682 0.7431445760524584 0
0.7206728430861606 0.07321331178434654 0
0.7439104598911546 0.08574154406277545 0
0.5887289667659101 0.7761434694006906 0
0.2786424669932481 0.2747802992578103 0
0.8628580242242234 0.2749858560469965 0
0.7213575330067519 0.2747802992578102 0
0.7154007509246619 0.7553421225417677 0
0.5482438824126437 0.2278481129532833 0
0.2639461957632468 0.7721576696840553 0
0.06264071836657542 0.3794715194149572 0
0.1221056651200318 0.5889899831640846 0
0.07513877387618262 0.1095726426455451 0
0.0826861049978187 0.08069233525208186 0
0.4685518495891531 0.1859453647740237 0
0.3815382870740145 0.6748529595591878 0
0.3666635726887776 0.6583550340611719 0
0.337216970648348 0.6681905909339556 0
0.3434940671255104 0.6434190324456659 0
0.3675212446183593 0.6338609854310587 0
0.3479034506351669 0.6185408434585864 0
0.3695735577110827 0.6103952095482945 0
0.3512687019414524 0.59407374493246 0
0.3754751231902941 0.586945211947477 0
0.3553037430348662 0.5714340803574297 0
0.380764703880149 0.5609357891376684 0
0.3552185913238717 0.5476576099007877 0
0.3842111364955537 0.5388926096991187 0
0.3662615350958464 0.5212585402550081 0
0.3382979043500412 0.5296867642412642 0
0.3412898274495703 0.5036291147048821 0
0.3667062117999937 0.4956865112817536 0
0.3479476518173741 0.4796901977406 0
0.3689873896597574 0.4722252161786337 0
0.3506472636397077 0.4559309159066755 0
0.3748014172378887 0.4488384810028112 0
0.354173901596771 0.4315948080370601 0
0.3806952583782148 0.4251223778947146 0
0.3613435705575576 0.4072376931103493 0
0.3812483102920456 0.3935604621429942 0
0.360767169768168 0.3818641519347981 0
0.9048766181880976 0.6087487025769098 0
0.9283282192396911 0.5966102327251752 0
0.9068725315923469 0.5872676547352439 0
0.9255510814122028 0.5746490766471204 0
0.4629166666666668 0.2433316043908599 0
0.4581528486313446 0.235521264282986 0
0.4726498180573363 0.2469658406241366 0
0.5366400377106213 0.7555712776676047 0
0.5270454600094447 0.7523034301230715 0
0.5290042779021704 0.7627867830993762 0
0.5196128981587177 0.7592542999714074 0
0.5172711070870502 0.7479250218221083 0
0.5081918803765973 0.7560510234324979 0
0.5056920380243306 0.7432444650025305 0
0.1690964805968823 0.479640214276664 0
0.1521859669310003 0.5742362868010991 0
0.9052359696384968 0.5637090514370853 0
0.9241804688562231 0.5532868133947035 0
0.9067749563602214 0.5425279036738533 0
0.9232912633759459 0.5318578350994396 0
0.4758569456614933 0.2563772845412033 0
0.4826101188302646 0.2495166217142141 0
0.4863215714210553 0.2596669071312653 0
0.4946010294123754 0.2513634175252374 0
0.4980911224519073 0.2637768143219522 0
0.3844542669760565 0.3731879983229178 0
0.3637726619815263 0.3590675478897773 0
0.3406837955060028 0.366657404012473 0
0.3449404323832931 0.343566730781042 0
0.08781341583690461 0.6357960176354478 0
0.7371922572500429 0.7718396797088249 0
0.2199951415316936 0.1127865081550377 0
0.5590487081250364 0.9209774634659571 0
0.5905353022874635 0.9148776482051382 0
0.5279669552460753 0.9199864931938279 0
0.6113691332077603 0.8857737791711859 0
0.8879922099195898 0.9281932791357854 0
0.9146589263991162 0.9154255469550102 0
0.3876952487556518 0.3528470947188322 0
0.1198174035244671 0.3526621069728094 0
0.2705656912107861 0.9279873588191732 0
0.2441206327807329 0.9203844786470876 0
0.1721460156530996 0.665004413791215 0
0.5610456329726917 0.07822948714401701 0
0.5933055918518263 0.08437243993941018 0
0.07750201587896122 0.7071352122893891 0
0.9034850147864917 0.5204968654842437 0
0.9230351389332546 0.509618040078493 0
0.7187606505451571 0.9193267656520151 0
0.7499657063748794 0.9143730618563306 0
0.6880014651407018 0.9213403748184239 0
0.8163181195206586 0.1838652380346395 0
0.4075666726839065 0.103978531798161 0
0.4056571563829376 0.07200466314087789 0
0.4501547420500947 0.9184194196511826 0
0.2358460667304605 0.1801691963393464 0
0.9048404657011314 0.4998312938561664 0
0.9222182088648684 0.4885729278293323 0
0.1124326529681164 0.390371831125173 0
0.2306274644068389 0.893698311041603 0
0.2122365751809064 0.9194147678834872 0
0.06981574998224566 0.4801798574248411 0
0.08506245086841629 0.5059828418116903 0
0.8266185396811063 0.7742398175411183 0
0.8169336662068545 0.7809486723798791 0
0.8595440348790472 0.9416061000271591 0
0.8376440168577443 0.9232765798211979 0
0.9056797206962278 0.290181611860488 0
0.9222582805244459 0.3026231906086469 0
0.1784963756844967 0.5912838366654615 0
0.1835835850240461 0.5648047371807369 0
0.1953517495166838 0.4099671125054125 0
0.9017937957209476 0.4809821646594213 0
0.9155125982792153 0.4675266068398174 0
0.9393256503069851 0.4771013695308554 0
0.938398613067295 0.453999227140662 0
0.9161112692217785 0.4453081105156682 0
0.9335016104103384 0.4323035073658503 0
0.915135580929342 0.424476165747467 0
0.9320842842028652 0.4107704151814495 0
0.91087967232071 0.4034565759638173 0
0.9300197676908866 0.3885802466795979 0
0.9060576642205973 0.377850269472 0
0.9269486373709899 0.3659385324621978 0
0.9080570063950615 0.3560629554383044 0
0.187550121948564 0.7251221239339379 0
0.6726224079996469 0.6866353502093359 0
0.6580712082297228 0.6633630585202568 0
0.6306340280308607 0.6649729368813548 0
0.6367914082571442 0.6436235885473567 0
0.6628963726336513 0.6413009497514058 0
0.6522297362576461 0.62095227800282 0
0.9249913315492864 0.1374391200692464 0
0.9258493425635737 0.10826420481329 0
0.8997876527050034 0.09304983117790927 0
0.9230072886107903 0.08010250876704272 0
0.901717633719274 0.06404147066567384 0
0.9239113645572187 0.05464138047325856 0
0.6247789218914934 0.6217984178129595 0
0.63344676739579 0.5978388785049173 0
0.6595313076938834 0.5958944001369898 0
0.644771047710225 0.5760179791279696 0
0.6713258271469424 0.5761550796077136 0
0.6560750846262077 0.5537431298187298 0
0.6262604942428758 0.5582543334994687 0
0.6352283512422101 0.5321347932940778 0
0.6606168025187397 0.5286751978135313 0
0.6458017761945909 0.5098194536105147 0
0.6722283625136003 0.5090672226919016 0
0.656392319335905 0.487412482695984 0
0.6269907806854239 0.492894456892565 0
0.6349905756356136 0.466727881629862 0
0.6601560318173998 0.4623411559749513 0
0.6448057655361539 0.4441445735475136 0
0.6711812792808496 0.4423327178304844 0
0.6551304254289039 0.4205184937839949 0
0.626046734318311 0.4272291721387975 0
0.6313103204382978 0.4025386294146648 0
0.658225016641983 0.3953889512284762 0
0.6412679991642649 0.3802553759394194 0
0.6666629414882885 0.3731689315803914 0
0.644262699070802 0.3565105840424588 0
0.6705757394994026 0.3495870944330799 0
0.8776329503003425 0.07637967123789979 0
0.1363274468857275 0.2370738474252161 0
0.3373764153032734 0.4171487496335093 0
0.9402768784634192 0.5187738611289067 0
0.6402940440374372 0.788957454275531 0
0.8998118676842443 0.3085652723932407 0
0.7507792358824493 0.06028072577489291 0
0.769207162461103 0.07497246048984857 0
0.4180316127256669 0.9133083153862235 0
0.6849956710674311 0.8618701853332187 0
0.05597212726264189 0.253384422428334 0
0.05933125277039952 0.2762862864069157 0
0.05619881681656475 0.2321112761237751 0
0.07916973288221318 0.2867593414925422 0
0.6530218306070601 0.3327938481132104 0
0.6273988304436071 0.33574035835057 0
0.6782150213860365 0.3280248514326443 0
0.2120217639485839 0.1732338790380615 0
0.7585361281204513 0.7255986282109594 0
0.5336769014883583 0.5358146242424465 0
0.3856683345291017 0.05822023160718554 0
0.6935091057589918 0.05603200047909429 0
0.6732153268908911 0.06655175794635121 0
0.05824792208128832 0.4549829494260536 0
0.1741199355915881 0.2951939237454229 0
0.9437517570729405 0.0702117790295998 0
0.6746782886908546 0.7283895580996532 0
0.4536217604502502 0.1623088655977074 0
0.4447070614646791 0.189513463464208 0
0.3318575042012236 0.7193206376860325 0
0.9449638336710778 0.2942844420800869 0
0.7032344622426764 0.9395085737464484 0
0.671141269005386 0.9427739681699565 0
0.5802877835674631 0.9443018025696688 0
0.6038671897969236 0.9381750966850031 0
0.5556489835439434 0.9457554251654205 0
0.3724711006686802 0.7663817899874998 0
0.3302109122552871 0.7398838114366734 0
0.3319751884362645 0.5801164597298816 0
0.428655660750885 0.9432771697488901 0
0.4029671513387652 0.9362803904182048 0
0.4529563684586544 0.9426049851332122 0
0.9452103112720095 0.5631091435943161 0
0.9123051657848833 0.9414929050155231 0
0.9369208270058668 0.9323700285162017 0
0.9408776463291944 0.9074368442487275 0
0.6601352370563418 0.920847054243688 0
0.5806749325222713 0.05690440239260186 0
0.6058182903223995 0.0610334676189449 0
0.5578131725169135 0.05436794640363452 0
0.79320713245345 0.1719175674683563 0
0.5634537241270193 0.7847367522260251 0
0.5497166613768697 0.7845405418967613 0
0.8348887545655411 0.8546141344742044 0
0.6178944974452604 0.08258983845841605 0
0.0578910633954734 0.5053045605282184 0
0.06778664091581599 0.5258884370822512 0
0.1984081136868906 0.8913721088597781 0
0.1833322235382169 0.9189960846694012 0
0.1673430968446987 0.8859280300150791 0
0.1503249027005077 0.9144138079503383 0
0.1342995996263734 0.8868343764298374 0
0.1174855602947369 0.9166874605154675 0
0.1013195460698476 0.8842751783861242 0
0.08157496391116104 0.9105203859692832 0
0.07151693736600184 0.8815473511525098 0
0.08751784262695084 0.8591326454054311 0
0.05868142420037675 0.8570456479903578 0
0.07371097614548583 0.8366763062536499 0
0.1003167893975 0.8353973519395156 0
0.09549332779147568 0.9364481797876735 0
0.07139410604852336 0.934897761987995 0
0.04909089596193489 0.8358381598358926 0
0.06166624443193469 0.8172833395640203 0
0.1627868826002397 0.9413707005416955 0
0.794652694940432 0.1944607647400066 0
0.2109355654616651 0.1979934661649693 0
0.2372581192977236 0.203711593575691 0
0.8352552840598957 0.9468528122986773 0
0.8176042606803009 0.9373708471490596 0
0.8155132224753427 0.9147127705960172 0
0.3962224827511849 0.2847761244300125 0
0.3782457786155237 0.2966617981504859 0
0.358081168420623 0.2874158636134006 0
0.3955846585631866 0.3044333688156318 0
0.6071664527851256 0.2854433264772501 0
0.3262506493533129 0.4650299561597321 0
0.9453235616632786 0.04493826360704561 0
0.6164483023142824 0.3837717347141328 0
0.3230692561812005 0.6273532565101793 0
0.8048551410181624 0.7725652564808612 0
0.8047140314425691 0.7884258965937959 0
0.9465253440372746 0.1251555392601478 0
0.9472193186357571 0.1460547385833795 0
0.7689354912709931 0.04941916474488056 0
0.7881571340986406 0.06211927056230165 0
0.05793337389915576 0.08979829690755847 0
0.05723759745015156 0.06816958068650192 0
0.05471447131138918 0.1230688530009835 0
0.07806182426270025 0.0557297760763239 0
0.8225207319204968 0.2057642244010245 0
0.2543468681339153 0.9450704085769449 0
0.2831751407726774 0.9472882705357382 0
0.4224924172302695 0.7696696446364844 0
0.04753693119089947 0.8770885889538517 0
0.1809878632718406 0.3702951296040662 0
0.6254406727668256 0.8097520443113373 0
0.8801072333952729 0.04754790460471869 0
0.8590941523069785 0.06091591712765332 0
0.0605201037717234 0.04482023259440665 0
0.3264907888749704 0.2479917501012807 0
0.6742150233428909 0.2485723435286841 0
0.6756822225180217 0.2669639656798663 0
0.8199483466322934 0.7959364237601034 0
0.8045004709560059 0.8089241689742249 0
0.7876421077703454 0.7958743344158039 0
0.2775888962739236 0.7465275797176383 0
0.6127656560339481 0.5400668008663706 0
0.6126771095846475 0.4752189566946299 0
0.592272574880057 0.7436142818067295 0
0.4071973812481223 0.04384874544426426 0
0.4255293430902976 0.05786183276005719 0
0.6840367231287687 0.5262535217168266 0
0.611259198155595 0.6046875746729857 0
0.9297547431922993 0.9559180743566063 0
0.9495672471591894 0.948808133736601 0
0.61265517599228 0.7145329868336306 0
0.6805662153549333 0.5955650689897998 0
0.3217699002556553 0.3528313947165322 0
0.3273671769706571 0.3306291921794569 0
0.3175835978739542 0.3747316895110964 0
0.6789021592193769 0.3938038544129895 0
0.6049396369383554 0.5569047198159655 0
0.1993254418038278 0.5817777879133603 0
0.1998999861736598 0.5993743213598288 0
0.2028952494920523 0.5507550175907887 0
0.1858514309979061 0.5407276388513816 0
0.2048095789050785 0.5331554990336294 0
0.3795503549767692 0.1617884289056807 0
0.04267410959083928 0.0547764404435348 0
0.04371596690951751 0.03863292725586742 0
0.3220128161833246 0.5155165867357789 0
0.3166846512795043 0.5354631988238018 0
0.3876872303972176 0.6246039984672038 0
0.9485345511165996 0.6301468565192756 0
0.6053230229409481 0.492392735125853 0
0.3872129902005011 0.4865468502984406 0
0.9398627619494276 0.3150948530006567 0
0.6772731078050533 0.04410535917318281 0
0.6579800804495519 0.05141616944039917 0
0.6836704175682295 0.4589929650053684 0
0.951483684537732 0.4207403715889878 0
0.04367699856472546 0.5229343474144285 0
0.05360200010220328 0.5421564662265419 0
0.3976281932164059 0.6871384656389042 0
0.3999187222144983 0.6693753972335293 0
0.8590491592439787 0.04069767720866513 0
0.8426586647197561 0.04958258639708835 0
0.8394220969739991 0.06991043921841167 0
0.9003734891448882 0.04133711177070498 0
0.9480485337263191 0.3753541045841449 0
0.6018924927006576 0.6217610754284937 0
0.6906911577923065 0.4354919277174587 0
0.2809949756555791 0.2079200422632012 0
0.8649294364408598 0.2079401655533684 0
0.6910414307600978 0.5704986754493689 0
0.522012274924475 0.7701409024432043 0
0.567863379366744 0.1687547193108572 0
0.3697111140682937 0.2372521196589652 0
0.627818728814904 0.2375439088950079 0
0.6889701998975895 0.3423476071541056 0
0.6915154695755718 0.5028242845937455 0
0.8187419318283549 0.9582352092804121 0
0.8011156029757663 0.9495730844106598 0
0.9526112538303285 0.676018369994451 0
0.893729756789481 0.394748229087296 0
0.9568568037717731 0.7458820556288639 0
0.9557502255887481 0.7643834490550071 0
0.9564469824379662 0.4661355951112303 0
0.960609980593301 0.4830105935808984 0
0.3109448057146282 0.7352906598554567 0
0.3127319548861203 0.7118619349910984 0
0.6611842977460539 0.3125589189337211 0
0.9611922826193344 0.05607799449451767 0
0.9629684343808209 0.07369788940569422 0
0.9614130746617382 0.0391981562846106 0
0.2041137064917994 0.4268621410609391 0
0.1987089208393438 0.4425350159759692 0
0.2100552531351454 0.4037878690115492 0
0.6992577670251243 0.03713301921025469 0
0.788022122623224 0.03831076926907262 0
0.2138395543290171 0.3427091595781654 0
0.2119249378797533 0.3575839815112938 0
0.2136388278102024 0.328639520088909 0
0.2011842499537173 0.320650533650158 0
0.2152134018230306 0.3142157620139777 0
0.2018359174260902 0.3068284522280375 0
0.4873827204021982 0.2722372447683686 0
0.5027030040685395 0.2773945543388651 0
0.4916449554282243 0.286559189375361 0
0.5052303531617275 0.2915196324626181 0
0.4945188800859066 0.3002352470126827 0
0.5080028326794036 0.3053165609201192 0
0.4950154614527963 0.3148245251173986 0
0.9606379144796724 0.3076887106512533 0
0.9559787581925521 0.3265885509520206 0
0.9615820923038053 0.2920168956038481 0
0.0717843914190483 0.4316704845901391 0
0.04769936869104574 0.434953052250194 0
0.08072456868893019 0.9552077920080404 0
0.06049614947227122 0.9533345941043844 0
0.05068217820311682 0.9360017420247881 0
0.1013681931975431 0.9572504844392189 0
0.04141139531340826 0.9518131071445104 0
0.4797779043271119 0.2389510663581448 0
0.7799550879919078 0.1414504567593984 0
0.5121711136457672 0.3193002975715746 0
0.4968563750296482 0.3301801135190167 0
0.6001169073766417 0.9575126066898262 0
0.6162190398350017 0.9542465522193885 0
0.5755558524099182 0.9609367603178083 0
0.4083493015444412 0.9568084452353747 0
0.3896201482635515 0.9564864005063016 0
0.4334524787044595 0.9618959334519133 0
0.3805673124873923 0.9351717346492529 0
0.3714185167610644 0.9560914435901307 0
0.8582990896752822 0.9601867877410188 0
0.394909810927951 0.577167754862527 0
0.6947403820675604 0.3196874517892391 0
0.3943472730496695 0.4407388150917096 0
0.5979477858821045 0.03949021434696648 0
0.5799937247140592 0.03686993117606707 0
0.6168262377772469 0.04285497370155178 0
0.6929787566197561 0.2719640724638204 0
0.7522190980865253 0.04268177290130132 0
0.8966012114594293 0.6915213079377175 0
0.1916958469495888 0.1887293705243296 0
0.1972833336214685 0.2101217227853007 0
0.2143388983306139 0.2153754835480473 0
0.890658632664728 0.575195494638206 0
0.6905637402548963 0.9648644396763011 0
0.7928992452905546 0.08373182861602152 0
0.8980717175402675 0.4364172149778323 0
0.03764365361834221 0.105948137178169 0
0.03990650541046742 0.2691218392254812 0
0.04167177327460569 0.2882513887968947 0
0.03637789267293756 0.2502184791608131 0
0.03740704377543907 0.2270935017610256 0
0.8017337674834553 0.2177012559652209 0
0.8397921813470142 0.9684141727875708 0
0.1376707460506094 0.3463466664857831 0
0.7756685000526748 0.1886720020438757 0
0.4253166460273305 0.04188522987177279 0
0.4418782731026556 0.04437213366405052 0
0.4445487765137023 0.06626662575495207 0
0.4603515037685185 0.05291894676625641 0
0.03763398173622323 0.8593070680017107 0
0.6524703818840023 0.8109498494260388 0
0.2513765270603373 0.09302796608803032 0
0.2220720406164379 0.08027493718509593 0
0.2444449646439979 0.06310095858910442 0
0.2183986119861726 0.05550461236943716 0
0.199555613516971 0.0679592611832599 0
0.1973311276848359 0.04414865726015826 0
0.2136914569881251 0.03604891853573111 0
0.7005250390368507 0.5894760345014108 0
0.7404434788137234 0.9429763254696641 0
0.180624415098183 0.05688606070094493 0
0.0395659845624815 0.815801797877435 0
0.05090718270759659 0.7997608240698362 0
0.3398587514381273 0.07193296730068144 0
0.3098448174940607 0.05506490622173066 0
0.3334682042688715 0.04444080816503382 0
0.3976141321442772 0.3873204932479052 0
0.8919671312569774 0.6241171451131997 0
0.910396420524215 0.9614325356624678 0
0.9298779864346741 0.03521248540680744 0
0.8902890534052585 0.5344276709484886 0
0.3071532103701945 0.3368024381204464 0
0.3119692923834607 0.3196334971281888 0
0.7883994791879162 0.7481126515446304 0
0.7870302112740237 0.7350063488911971 0
0.1785052337086146 0.03797356051559653 0
0.1641850316568921 0.04710642254054953 0
0.6222217184804295 0.2967872847834629 0
0.604708094208081 0.302454521032208 0
0.2908179485977999 0.06953254756578398 0
0.292432559937038 0.04693964799471634 0
0.3074690864916391 0.03640119006493253 0
0.2940850490011244 0.02944170116991968 0
0.2796833875205541 0.03718884706771208 0
0.09194937204432962 0.53380905483755 0
0.1819463274296715 0.1646261223308601 0
0.2080283851095271 0.8369485730394299 0
0.2287930585637733 0.817058119496177 0
0.805821627375698 0.0516483223359131 0
0.3036375231003492 0.3527459458902658 0
0.1375187864384409 0.9393937051271057 0
0.1438164240519024 0.9562165179852924 0
0.1698679619763468 0.963582861931228 0
0.03719783546681427 0.4490011779704843 0
0.1912247234618564 0.3760198057453641 0
0.1552178506169724 0.8080552474618787 0
0.7502056602326064 0.7953058506813538 0
0.6033421494469799 0.8060822715988301 0
0.2591813246823679 0.9630215593674784 0
0.3822294604263265 0.317459618967622 0
0.3983853283385137 0.3221824041726312 0
0.3874630788174986 0.03689057549895025 0
0.3714688473872667 0.04444286948898779 0
0.2878839377821132 0.2608745495427046 0
0.7120881283104408 0.2608925207690512 0
0.8717899373488001 0.2605395101955337 0
0.4111353714569351 0.3123655053359552 0
0.1901712286189791 0.5210751768668132 0
0.2084214213821337 0.5166590889654421 0
0.1684731235860444 0.5248038155779376 0
0.8887167381767536 0.7293445129527011 0
0.4034947326339878 0.729063265404386 0
0.6649216171111828 0.09263745419060687 0
0.0299931910291788 0.04718387964168336 0
0.03082255531816358 0.03377480506847602 0
0.0787261592256403 0.03676951749267976 0
0.09453919608509265 0.04324713945883674 0
0.2171633232774368 0.5670132843830298 0
0.9447929871342091 0.9650834206213501 0
0.9613118083602097 0.9612529470049942 0
0.9660857087570099 0.9449721405558209 0
0.931652887719884 0.9719871650638273 0
0.4090323076156702 0.2970647737850269 0
0.5407482767951495 0.7645507368719406 0
0.04870603293256159 0.966436900870959 0
0.03372523437291458 0.9644686815953121 0
0.2126862193399123 0.5910687940152658 0
0.2154968495323639 0.6054942089142689 0
0.202050185854059 0.6161477466610288 0
0.2174136321647893 0.6213542181611211 0
0.2040130943809089 0.631974394823382 0
0.2189695669298319 0.6390715363901149 0
0.2060125152029535 0.6476887363596102 0
0.220221895916782 0.6537291454769327 0
0.2080595594950557 0.6625540589255048 0
0.2128075655046457 0.2986169931134826 0
0.5947520473837007 0.60599715021541 0
0.59921548900369 0.5923967533601471 0
0.7477201634197356 0.7575688510033693 0
0.4596969299043001 0.2045516838960991 0
0.0355272212922057 0.5389117650226876 0
0.0422772178570287 0.5571671351000915 0
0.0608309912646946 0.5605592329868937 0
0.04485627164068801 0.5759316959798141 0
0.06835513172106322 0.5794003567450823 0
0.05435861822669213 0.595580038028373 0
0.0360466183391549 0.591518369547872 0
0.0425358238070534 0.6088182970267551 0
0.5941253968387212 0.5426223384646321 0
0.5998185358789566 0.5282990715465454 0
0.3003287802304035 0.5202828835012271 0
0.3062751874922908 0.5074114018169567 0
0.3007217913790761 0.5394018455655685 0
0.3123144482163166 0.5503917450511747 0
0.3755526073999715 0.0262966887151414 0
0.3604219506604754 0.03201561730595492 0
0.0373880962380676 0.5041202415474167 0
0.2158369036242447 0.4387596379309697 0
0.210836884376821 0.4542634313264688 0
0.4319550205247012 0.2055072009816676 0
0.4227710146983729 0.189866920846384 0
0.03341967321698286 0.937571325254985 0
0.03966811092480721 0.9205329041588903 0
0.8820850342958551 0.03093069425980488 0
0.3976985187698218 0.4139021143366272 0
0.6795352962870129 0.4900388861223134 0
0.6972727122294755 0.4891110720159236 0
0.7782045640812203 0.8508201565364503 0
0.4650997072509054 0.1326064023506329 0
0.4945660117005289 0.7527046967668514 0
0.4918666748097575 0.7384019831120943 0
0.5039344296704257 0.7294172926854466 0
0.490981330831899 0.7242570096578249 0
0.5024053002020379 0.7153242103139101 0
0.4874846755589309 0.7102207042282056 0
0.5005941235715522 0.7010901269903553 0
0.4877775641274886 0.6957114659255837 0
0.4990100518007098 0.6877128070887134 0
0.4851655614794753 0.681815159764145 0
0.4996475059137049 0.6740981142147064 0
0.5125557534180452 0.6934969385695151 0
0.03056185467876582 0.8308841350096537 0
0.4852550647564112 0.6688473171583118 0
0.4945665348281941 0.6590892455229931 0
0.5099114914323182 0.6638163822889355 0
0.508394455225248 0.649737701612352 0
0.4943604817499434 0.6441634054420571 0
0.5060164886494773 0.6355142890395521 0
0.4906725356863844 0.6296204665073177 0
0.504006334609985 0.6214883843615675 0
0.4910975797568916 0.6154722486815098 0
0.5028879553651835 0.6071874175718273 0
0.4879956735309055 0.600527091348414 0
0.5007599468607177 0.5925290339374154 0
0.4885864304186859 0.5858863539303836 0
0.4998399705427672 0.578086685848239 0
0.4880368926436979 0.5725240702287591 0
0.4993990215078576 0.5640561154321778 0
0.4857643564566916 0.5586925888061642 0
0.4981713811320011 0.5501575054578023 0
0.5121147570682281 0.570758632605654 0
0.4585921790347646 0.03504483895743848 0
0.4745850167870052 0.04093649499728769 0
0.478987746305385 0.05797430690744915 0
0.4913252270301614 0.04486436239691061 0
0.1792998138006205 0.2030886199419139 0
0.9272645185829678 0.2345818476856636 0
0.9489688779538631 0.2462683052162025 0
0.9516595508320521 0.2262978955145039 0
0.9661516560685275 0.2403862292640769 0
0.966190714828315 0.255672241134736 0
0.9659156617423127 0.2153838458611396 0
0.9516567365858648 0.208255686862598 0
0.9661851515923162 0.2016452529205329 0
0.9537875591159333 0.1924235549216187 0
0.9683351823178219 0.1874907454368293 0
0.5129230852183612 0.3326785816076197 0
0.503499128825626 0.3433073447458592 0
0.4090491872789928 0.2787573421231347 0
0.6793443804343513 0.5571146741485041 0
0.696524132019922 0.5575371732672071 0
0.03095221282720673 0.574767656282315 0
0.3191437377300559 0.4971897456974965 0
0.3047956728583174 0.4891507219485977 0
0.8062638151670669 0.03461750268892472 0
0.8891342111772702 0.2949447826514898 0
0.8854200250990406 0.3165045854390564 0
0.6820476567073033 0.0280009421131448 0
0.9654195256244253 0.1348960800822452 0
0.9642798587170514 0.117700555220229 0
0.9662835007121056 0.1536194690934836 0
0.481276218546196 0.9197501024654584 0
0.6875106561116323 0.3692381379777057 0
0.3244844590834737 0.26638893528019 0
0.3070413254425575 0.2718885669762104 0
0.3203462298723149 0.2844629250474532 0
0.30373623026077 0.2892843871272017 0
0.8899602967530682 0.6019773674061787 0
0.7637471108730272 0.9379601279714775 0
0.756814320214301 0.9556433201782014 0
0.7322593861775653 0.9585021428965701 0
0.8887172969330779 0.5601345141407017 0
0.4848963169165388 0.5441571065736734 0
0.20055911497263 0.02763853011690232 0
0.5933147119311887 0.4782550985947811 0
0.5996074627376 0.4627345084410865 0
0.3141415289055573 0.9285127069008408 0
0.02470549426648788 0.2592123803458819 0
0.03445766551031382 0.7982479248742664 0
0.04216973231225046 0.7844360123078407 0
0.06045629994218066 0.7836926570273236 0
0.05068079065515785 0.7685271535706526 0
0.6785390746498601 0.4226703247038601 0
0.696080916703447 0.4222984598365928 0
0.5570751668004446 0.7973988203737991 0
0.5415266031597737 0.7964319064590556 0
0.5139573891048409 0.5982020854932272 0
0.3944801975210013 0.5951263433536593 0
0.4089018280296432 0.5860243670354273 0
0.4066963741878161 0.602043939256948 0
0.8975603193194108 0.3258137330280933 0
0.8822088662547741 0.331063548668837 0
0.1801661587491705 0.08048512984508938 0
0.8886920957394571 0.4922790468382476 0
0.8860754704135211 0.4763894652605991 0
0.8872939138864437 0.5173435753370028 0
0.3922764888252824 0.4566537843641576 0
0.02750410593844677 0.7862502701121735 0
0.9580479445844479 0.1773097398629544 0
0.7722206656994741 0.0349545964655319 0
0.9520255149544347 0.2646116842999439 0
0.4787560584378516 0.6093569984075953 0
0.3795154592421381 0.9692817828629529 0
0.3604709330614476 0.9656977229033257 0
0.3539897206086484 0.9541561406470327 0
0.3481732019955431 0.9694856652092652 0
0.3378333212144913 0.9565755815741983 0
0.5297749499225397 0.08178850870600751 0
0.3116685228864888 0.7533761417321154 0
0.02792776309491901 0.8738676742596388 0
0.03531507832859604 0.8898096654086254 0
0.3317335890499028 0.9722278162154064 0
0.4817383596137979 0.6398497009215768 0
0.2214325180497662 0.6664610461542249 0
0.2121372317218357 0.6764164232568428 0
0.2233104290748013 0.6848764898014874 0
0.2121201872535701 0.6911509382442277 0
0.1975773991668464 0.6857443713726701 0
0.8026314517342685 0.9689180519051102 0
0.7875082392877896 0.9598660191808945 0
0.02716565903701201 0.0612693075639214 0
0.8449155427295351 0.03116012846446847 0
0.8587521186326442 0.0245676265976118 0
0.1824946414072421 0.2208828691892273 0
0.1680832812897509 0.2148122861505614 0
0.1959554531018556 0.2249727701586187 0
0.1806832623299041 0.3829759929965611 0
0.1699651170235313 0.37466356132817 0
0.1633326479238796 0.02885463531182986 0
0.1505631923256709 0.0376099355490575 0
0.4066471361299232 0.4507006843480358 0
0.4060910176484626 0.4640108664045769 0
0.3223878392038829 0.9588639787187733 0
0.3167637278670226 0.9718947109700803 0
0.3077585967723242 0.9604452882234564 0
0.3020158084716932 0.9741356579077448 0
0.4855375527501998 0.02985939999627985 0
0.5017715278934184 0.03072046618282298 0
0.9735068169560388 0.0475680462168952 0
0.4193430435833021 0.9752324095088081 0
0.9723156508915993 0.03370958374369437 0
0.7212056400271687 0.7457592957740155 0
0.710835151978358 0.7457626753215321 0
0.704914612574808 0.7541208448896752 0
0.7006701729963662 0.7442871699144105 0
0.6920330665777737 0.7542312894217089 0
0.4089983409871499 0.5726620196620705 0
0.2296573673109679 0.6296254597464148 0
0.1876457867462603 0.625472201448124 0
0.4089638784955292 0.02884074018603877 0
0.7018460199710177 0.3858010847727023 0
0.02632853512545424 0.2728887989410525 0
0.5136533344466679 0.3486424808965353 0
0.5063348406791813 0.3575316479641607 0
0.4913512736583819 0.3535141379927708 0
0.4941545062793095 0.3669299524686962 0
0.5074465540247259 0.3714764761214549 0
0.4963737441205064 0.380657690592357 0
0.5100004802342714 0.3841236304459855 0
0.5014521580499571 0.393895372576985 0
0.5126995140691996 0.4022515667109448 0
0.4993806309384557 0.4085203731804302 0
0.4852448961326291 0.389909933800005 0
0.5137367948584002 0.4129706146575763 0
0.5047229888188461 0.4228634507385441 0
0.4890247963459038 0.4187187005702069 0
0.4921004993923906 0.4316798329264757 0
0.5052631542096376 0.4375284674204298 0
0.4926923044308615 0.4447414831186011 0
0.5066688311927861 0.4515161445320801 0
0.4962286244541232 0.4604312486295163 0
0.4772561810905923 0.5800433113798344 0
0.6090160695400892 0.8312761267143516 0
0.8705152431739168 0.7389115055071682 0
0.4214997957088031 0.7389072727132551 0
0.4217568133073896 0.2617787963568072 0
0.5776864970657484 0.2610541914775522 0
0.780697426803252 0.2092771705880871 0
0.7631567635633073 0.2028925148443923 0
0.7663377946322516 0.2207066038720336 0
0.7517865385678344 0.2146841019173134 0
0.7798866098130017 0.2246253739938683 0
0.3968478879119165 0.550766757141872 0
0.4002695248458141 0.5293187651240733 0
0.02864937189624611 0.4358014241895071 0
0.03663255735560356 0.4200409611311852 0
0.3271958217438521 0.3140390166656554 0
0.05463627645905061 0.02968970065601617 0
0.2983112181627592 0.7421424172001347 0
0.7005832699221494 0.4524142364153257 0
0.4851542466064285 0.3246510113323767 0
0.01188072547715491 0.9777830931909548 0
0.5086063592070363 0.464851618862948 0
0.7072652625473635 0.7354499604639271 0
0.5082827119667463 0.2545036014565588 0
0.2974529913466499 0.7285045600815712 0
0.8302286341622818 0.03904412169740146 0
0.8319625347701536 0.02412202717152684 0
0.0217328945207253 0.5867215727535146 0
0.2407151818525741 0.2863223192960135 0
0.4661040757527093 0.4752097804160366 0
0.8248606981882827 0.285851094725626 0
0.4661568348251774 0.5248270564757502 0
0.5330541797188852 0.474625 0
0.7592989801458111 0.2863500449359243 0
0.4123332589357475 0.4271584373858619 0
0.7002280291489045 0.5223611342409876 0
0.8931861573107376 0.4105384753508998 0
0.2323664279309061 0.8449753676824665 0
0.2524107740566829 0.8306382023247552 0
0.6517549332583422 0.9432085775785815 0
0.89078696919153 0.2805020538536183 0
0.2314479522452981 0.660178263782434 0
0.2237799554309893 0.4179286212699123 0
0.02620365813523751 0.2911887617849624 0
0.5182724828747779 0.4440630594922732 0
0.07185548578422507 0.7345336036730475 0
0.05414724863291565 0.7189900926995809 0
0.05416764433576454 0.6980937270913374 0
0.03868200451142173 0.706765145117298 0
0.03820754756176048 0.6885749367323619 0
0.05226047477934659 0.6790852036313983 0
0.03702687226423551 0.6720117290493223 0
0.03531776123975877 0.72530060304716 0
0.05092975856149934 0.6616718798644503 0
0.03345862345748046 0.6550213250956475 0
0.0479892424792796 0.6445629607759198 0
0.03258951953514833 0.638674481423861 0
0.06853331264031914 0.6699450501412487 0
0.5160671527333716 0.6275183478886188 0
0.2984006653358959 0.3251078042274599 0
0.971581957482009 0.4715903311257779 0
0.9709081498914081 0.4583166592523173 0
0.9591350282147834 0.4492867656031562 0
0.9734596126342185 0.4910458435159658 0
0.1877479027362031 0.9446695987203346 0
0.2160788123662634 0.9457646575279526 0
0.9413148457669041 0.02778820709655505 0
0.9307188901539565 0.01976161854987646 0
0.02544238381854175 0.5267675199372855 0
0.8382970854999989 0.1940455992153883 0
0.254656225110622 0.1930497552965879 0
0.5906587762943472 0.2923432123917683 0
0.5936763578220723 0.2772598438949482 0
0.5900993003040852 0.3071967740607402 0
0.6010255800001716 0.3173497159362761 0
0.5091474745970991 0.04677412821507371 0
0.5183003060583423 0.03397000035910869 0
0.6613875087049677 0.03210842966217375 0
0.9710079720875977 0.3203822812374525 0
0.9707614105554302 0.3355968748822592 0
0.955102352820828 0.3442839967555429 0
0.9676840136250341 0.353819322185346 0
0.9759750386997355 0.3091148840292828 0
0.07704273173713766 0.5994341141077709 0
0.9387544106507864 0.7780011160457097 0
0.9579252171230115 0.7828788404998404 0
0.970484226254969 0.7721494676371712 0
0.9734043112309301 0.788072995755785 0
0.9610342927023154 0.7981663446676619 0
0.9618322076791289 0.4990683608855425 0
0.07310462904169496 0.1346816812485575 0
0.05062214982738322 0.1410554656165349 0
0.9728518035852155 0.4438488520088324 0
0.326229582525746 0.7000737162109099 0
0.3086532877830135 0.6956706134155044 0
0.2980517591014809 0.70468562414353 0
0.4004540529567017 0.365058845034581 0
0.399634919132601 0.3444914066570549 0
0.4806411516986019 0.3636805848681748 0
0.09050003069417495 0.9720362406399009 0
0.07498973912476159 0.970573910291052 0
0.1065552808538907 0.9724336078730069 0
0.1171189540854743 0.9631286574100937 0
0.6131653273726245 0.6386604443739032 0
0.5935168297555099 0.6374931523249319 0
0.6024989970001 0.6518723573859426 0
0.5870069811965357 0.6249376906442109 0
0.4164938630673066 0.2072347862876602 0
0.6153153877284909 0.4566939081039219 0
0.6014100167867503 0.4469093030522409 0
0.2216033846366275 0.5277746754810859 0
0.2178831478216056 0.542263546516966 0
0.2230111757016773 0.5128789933136206 0
0.2127453572966018 0.5029571341994691 0
0.04959049650577807 0.7382494790666017 0
0.03329228791885297 0.7426571072063487 0
0.4455596647380837 0.2205482691620852 0
0.9816142810860079 0.464908990366711 0
0.975307515322553 0.954316582213127 0
0.9729107132105357 0.9681311917106408 0
0.9298941797819151 0.1613240468861122 0
0.4382223826853968 0.7834445792815361 0
0.4288303530068957 0.7939448479097103 0
0.4365649981993771 0.8104506483945966 0
0.4174339428755787 0.8072630924584763 0
0.8948674500548097 0.9519728042209397 0
0.8956827515801697 0.9710672004104337 0
0.8824434160761701 0.9624039750155902 0
0.5881965249049138 0.5570043198030976 0
0.7251032690618167 0.04843476622916859 0
0.3953790172054169 0.7052368047507316 0
0.8363296474495592 0.2128131744836014 0
0.8250566770444031 0.2211571884315536 0
0.5883862834601167 0.4933852607955312 0
0.8357886127939989 0.7683226436864941 0
0.8362188749463124 0.7796213686168088 0
0.8455437605531035 0.7737373877964706 0
0.2521997409799072 0.2123045533768171 0
0.2404823104949483 0.2207747357747585 0
0.532932662155934 0.7728430267198725 0
0.5253841531681654 0.781160184467415 0
0.4110314238004457 0.6995796539377644 0
0.4122156954475454 0.6849304317378841 0
0.3431534191805581 0.9428225885694035 0
0.8906375432508586 0.3722959808892503 0
0.890027298875709 0.3538897021287523 0
0.6798863942097979 0.2837970959119228 0
0.6964091410067483 0.2905172765723051 0
0.6619418637999362 0.2778274595809624 0
0.9741173101257822 0.06201520634116336 0
0.9780638528334342 0.07627643875314249 0
0.9695386732141479 0.08798959580393184 0
0.9490542664907711 0.1058247396001143 0
0.6148031074679302 0.5224395203482473 0
0.6115830367335848 0.9695120510538199 0
0.6249093048858656 0.9667375101410354 0
0.3868162729111668 0.6445923496048562 0
0.4027485079954165 0.6380142645999778 0
0.4062272497667786 0.6231772916784591 0
0.5176489679907952 0.2969938044769908 0
0.7063807175022633 0.3344117141770899 0
0.6847714504264718 0.7044000153974282 0
0.6924723860126646 0.6812916750608318 0
0.7004348487788963 0.6993728013215866 0
0.6816018455542961 0.6677905900198345 0
0.7002904784731895 0.6687133782831359 0
0.6912805993836522 0.655041615666252 0
0.6812313700984478 0.3102595967127687 0
0.2992183992305847 0.3134085420651733 0
0.2964927797576208 0.5534654323755239 0
0.3069542826217016 0.5636546695138909 0
0.5193314860189906 0.3771409211684916 0
0.4970002208302678 0.536208323351176 0
0.5090488536535105 0.5422181745964839 0
0.9730119339415304 0.8026292775613848 0
0.9630249200971167 0.8128761629808097 0
0.9479854177949554 0.808478087318069 0
0.9524606895813905 0.8249180496866619 0
0.9687865060523093 0.8275316392852612 0
0.9579039998365951 0.8403133891798071 0
0.9732051931772192 0.843034328118355 0
0.9628497527544466 0.8548138665527913 0
0.3715969178805907 0.9807633188161493 0
0.878810855876574 0.3832539008069568 0
0.4712216254407106 0.02496989887935996 0
0.08080780316363512 0.3229918031528277 0
0.09997706445650673 0.3261827184710787 0
0.05438258905769816 0.3187253770476932 0
0.04368403375104879 0.3362758155504407 0
0.03506259425356378 0.3211149739151339 0
0.0260070473272131 0.3343019609304114 0
0.03056076654784234 0.3507087799048108 0
0.04627383419017472 0.4882724792643838 0
0.02833291955923589 0.4900388227412606 0
0.03512072920881398 0.4766774385348616 0
0.02733695770005012 0.951153764652005 0
0.7883420006678838 0.02369797976547433 0
0.586405579093296 0.3201792797504362 0
0.5960487466337115 0.3296402086837865 0
0.2001638456200783 0.2947496302770356 0
0.4988077175670101 0.766454821798823 0
0.02564239867834073 0.5591275970242663 0
0.6452219511741039 0.03864073996309836 0
0.64087730280498 0.05540130420209655 0
0.3862990730260019 0.5066898719649683 0
0.402375398419735 0.4999401477548714 0
0.2234201977678058 0.696672067787954 0
0.2133696814633838 0.7043982235898106 0
0.1563184194181502 0.9758299508070017 0
0.7443075743751464 0.9740517812385627 0
0.8764892013398495 0.5254432450068838 0
0.8972845404315657 0.02547833159035656 0
0.2329748494130252 0.0396868344492568 0
0.2532517285780679 0.04337565286484085 0
0.2456415309036903 0.02884548297755718 0
0.5960840734266765 0.5694761693152945 0
0.9188848819702906 0.02597622200338162 0
0.01895715513516144 0.9390930411868702 0
0.02493352434845175 0.9266812825422777 0
0.0271238419873866 0.9122863399218877 0
0.7048996781181135 0.5002973041364595 0
0.4057729841278837 0.4850415229115085 0
0.3984319209934823 0.1926229813026895 0
0.1897565373885169 0.2998360613102338 0
0.4113674090416717 0.3257281005935722 0
0.4142723230656786 0.3549443049407011 0
0.09188519580297022 0.02609943221985639 0
0.1066090936082282 0.03260880825314572 0
0.10954140873564 0.04837796000881894 0
0.1207723954317117 0.03684924524916861 0
0.02546347816772099 0.6814073931424343 0
0.02512153621044966 0.6966316394963479 0
0.02420878450559827 0.6683599338872512 0
0.09754060373685047 0.4263903102252052 0
0.5901886019354692 0.975594596010398 0
0.1189801870097147 0.9753869178588076 0
0.8821753757263666 0.4040789086636178 0
0.8814147647162924 0.4158931879529662 0
0.9242061037817757 0.344607969667754 0
0.9601300259511656 0.02397474961583779 0
0.2266728899223025 0.3357966031594565 0
0.2254857782634624 0.3493378148011437 0
0.2242684809589362 0.3624825797410368 0
0.2160787809022178 0.3699382397244675 0
0.2268253551451039 0.3748111049822664 0
0.2154646250113843 0.3826664891612837 0
0.8988046490862796 0.7086067223844398 0
0.8821320203799914 0.7012073865166997 0
0.8801653924013666 0.6862157229829646 0
0.8913793017122019 0.6760965153737284 0
0.2959453700077878 0.691824705860091 0
0.3040308445918777 0.6809962348884229 0
0.2256393530791199 0.7092362119987479 0
0.2153450198822227 0.717421911436436 0
0.2275205929173444 0.7226719419101334 0
0.3230999086598705 0.9825620076658454 0
0.3300693089602244 0.7635316013018547 0
0.6114311174275397 0.02888991056987539 0
0.8792536931116499 0.6726902267370214 0
0.886747869306157 0.6638046624504612 0
0.8937649931423794 0.6400418256660063 0
0.8802881749394227 0.6326553799067393 0
0.8810113728018735 0.6459825426871164 0
0.585141460675762 0.4663622823695664 0
0.02109854199016781 0.5385747995107699 0
0.5706080327874158 0.7961162361230136 0
0.8158143377649589 0.9735834322493783 0
0.6528030192647922 0.1291993052815687 0
0.6247181927512688 0.1554271010307129 0
0.6290491778854608 0.1849251555773342 0
0.3565547072586225 0.04616107701394118 0
0.4128048625966556 0.5429517116711877 0
0.2950963965151524 0.3443528668505911 0
0.2239516203731201 0.4514363516145458 0
0.2223017190537058 0.4652055795803254 0
0.2068953705871162 0.4687403847226531 0
0.2177446609532595 0.4781297897107734 0
0.204108581639683 0.4820960971538732 0
0.4768654226593039 0.7024686292963571 0
0.8982963805636311 0.4546444358630081 0
0.8831967499202911 0.4488275890708964 0
0.4843208399064568 0.4545473179946607 0
0.2946979124055917 0.5668176455372474 0
0.303161875246203 0.5768446119598744 0
0.475556216472074 0.2042872851391313 0
0.7883252121870452 0.9737907398628602 0
0.7759434823886222 0.9679482723493303 0
0.5873057548209837 0.652218256051601 0
0.5945086255849441 0.6641164776986904 0
0.7045553618739989 0.5691373814605354 0
0.7107557847512413 0.5590863594221013 0
0.7046911093477445 0.5469299612269665 0
0.7542771189486481 0.2280346790817491 0
0.7427926321673883 0.2239646431872458 0
0.7387835971155452 0.2115171885461204 0
0.8226728351649611 0.8172960419583448 0
0.873949554324759 0.3041024150008698 0
0.9815877850643872 0.2279116306894795 0
0.02374007887108343 0.2469372009656884 0
0.1703887294926485 0.2280977533647954 0
0.1588644619216358 0.2239302231251556 0
0.9453778265499471 0.8522264202397642 0
0.9525722449804561 0.869149395482101 0
0.9701170056424193 0.8679921806967893 0
0.9605904117454387 0.8834903735768861 0
0.9328039072203635 0.8681080124688466 0
0.5206720342747155 0.6551959445943485 0
0.05649946513213544 0.4177463654698652 0
0.04208796160328193 0.4046313819543287 0
0.08051869067051814 0.3950071131230518 0
0.026231376766509 0.4073918675276806 0
0.0320732703001429 0.3934594754410564 0
0.7057195828782192 0.6811125857681469 0
0.774361768628872 0.730083130486311 0
0.7860377147206805 0.7225747685345352 0
0.7757686533204803 0.7174982499422826 0
0.7854016449717559 0.7100679190294559 0
0.7976041581649393 0.7150176426295451 0
0.7959784310840112 0.7008254359158916 0
0.7817804784520896 0.6968718175722194 0
0.796323034996512 0.6866964415871009 0
0.7793835525803323 0.6802589307697668 0
0.7923716396133171 0.6719870567891819 0
0.7794806242253591 0.6653368436639253 0
0.7911010629369787 0.657486131532993 0
0.7699990857759185 0.6893567209633495 0
0.8065352270989448 0.6768342392755531 0
0.7769059751693064 0.6507150512933396 0
0.7892714581991449 0.6434335503297048 0
0.777027062090254 0.6367233620317504 0
0.7886005844001257 0.6290784114894636 0
0.8030371828371037 0.6495523487111234 0
0.7763783061757648 0.624845838067749 0
0.7863817283695644 0.616300067859103 0
0.7998999001851116 0.6201753472570805 0
0.7973882220589543 0.6067609428206648 0
0.7824328029394364 0.6025901880654998 0
0.7949985704084417 0.5926823930959817 0
0.7816635951042059 0.5868662678025783 0
0.7930284311231184 0.5782492360314682 0
0.7801752828579016 0.5732391949765484 0
0.7908094332879234 0.5644526935093411 0
0.7775921339815401 0.5584281330365373 0
0.7912639354502895 0.5506266194705319 0
0.8047407479954647 0.5692530581393562 0
0.8075487176464072 0.5980448206434936 0
0.7683979428042397 0.6595617074621322 0
0.7694248530518459 0.5821201245857035 0
0.7775113719554263 0.5436344503129013 0
0.787951273007752 0.5353338893659904 0
0.8016550269733932 0.5396490317275587 0
0.798587038334198 0.5262010887042151 0
0.7850547325351462 0.5209739745130546 0
0.7960702273589839 0.5121453273939043 0
0.780649328294581 0.5070729056379257 0
0.7937243620628764 0.4978392596608082 0
0.7807412767092333 0.4929209644015544 0
0.7914716871807669 0.4841141091272211 0
0.7774654647819307 0.4789788140944133 0
0.7918650071725537 0.4703934681247754 0
0.8054844606571893 0.4889017996886539 0
0.7778226661214396 0.464276004421142 0
0.7884530808975804 0.4552399182676997 0
0.8023720622505364 0.4593526547958736 0
0.7995226847398635 0.4458044559463775 0
0.7860423782084979 0.4405562924705746 0
0.7972351577635592 0.4316289267965616 0
0.783991965700589 0.426638298463542 0
0.7953775901855443 0.4174077236053497 0
0.7816795219839905 0.4117832821078909 0
0.7948051026646004 0.4022161207386401 0
0.7797676503088071 0.3971347797797503 0
0.7913155813768936 0.3881616652151354 0
0.7786800245610198 0.3825185536573353 0
0.7903762393301008 0.3740995861836227 0
0.8034561083417899 0.3802126150808539 0
0.8016328597474944 0.3652830916555519 0
0.7863877458898929 0.3599460432511034 0
0.7998215405532978 0.3514663696169987 0
0.7866635063775309 0.3451791905201319 0
0.8001318540132585 0.3354235220729144 0
0.7861200586247632 0.3304482065332547 0
0.7976326017680725 0.3210171566127311 0
0.7837477412006166 0.3147372635279632 0
0.7965054713982916 0.3075272263746083 0
0.7857415499558378 0.300752522384426 0
0.7738157972899842 0.3381019093603698 0
0.7678477137516891 0.470949517974911 0
0.8077332434343673 0.4087850333497604 0
0.7743629716602377 0.4355298106054178 0
0.7672793718438841 0.6304745608726354 0
0.8079430645031624 0.7071341523829107 0
0.8097843906444557 0.7207014589267895 0
0.8080085884028649 0.5170865133570748 0
0.8090660769732261 0.3133773963319594 0
0.8084080804049112 0.30048483649488 0
0.8112710169079063 0.4367213150176929 0
0.8122409640870432 0.5296779528774718 0
0.8137782336405314 0.5423550198413106 0
0.8049572074285007 0.5506472258073405 0
0.5894126819744745 0.02650772698841997 0
0.5965907810456073 0.5056776635327941 0
0.1502443718486502 0.02450099431547204 0
0.5770023994262953 0.02437205908893381 0
0.5661893121137948 0.03131659882773408 0
0.7468403468501279 0.7677724259983483 0
0.7552261341949046 0.7735261834380465 0
0.03628819246411336 0.1298385416187823 0
0.03398396590085484 0.1471252771771641 0
0.04498493971105255 0.1581267848921299 0
0.02836587079186448 0.1615833816102034 0
0.03986189237905768 0.1727847012811854 0
0.02660144776422502 0.1765467570208613 0
0.03569861192045687 0.1877943212538888 0
0.05295040002074092 0.1841488033043788 0
0.04605268182922151 0.2003161795263336 0
0.02908318282952838 0.2031181962423274 0
0.4239120274000467 0.02241059048185801 0
0.02388278191546095 0.7337605775779341 0
0.02353380993888504 0.7233654414961417 0
0.6380153638146171 0.9281266177020142 0
0.6424567057021363 0.9009570426000085 0
0.5158950816921615 0.7213770004517419 0
0.1896660368387592 0.3128410819143247 0
0.1906347074628289 0.3256869051022901 0
0.8794592222679719 0.2860588394716865 0
0.485679535241669 0.4662424485814193 0
0.01635696851644008 0.688033440670585 0
0.1256255386240594 0.05226051202935278 0
0.1460116289028338 0.05129993906213037 0
0.523958538140372 0.4070545733891495 0
0.8364084357229236 0.225637903241972 0
0.2521924929750374 0.2257442475138661 0
0.2430229991292796 0.2324423362222074 0
0.8778025886029697 0.6184489744473056 0
0.259933557828254 0.02854215251473013 0
0.2247811621943043 0.3063137383404473 0
0.2248031558913864 0.294389965058133 0
0.2273670189070856 0.3888829356127439 0
0.6745718603639778 0.612255727255289 0
0.693120846569006 0.6082763581560283 0
0.6878103203030442 0.6241035200736356 0
0.7023435810533558 0.6206007883742942 0
0.6992949887928699 0.633414662154943 0
0.7042941378557628 0.4321510376895355 0
0.7098763733714659 0.4210302174061722 0
0.7015813525796066 0.4104868794305024 0
0.8815399478399001 0.9757665371019822 0
0.6619610804975109 0.9604124414495965 0
0.01703988429403869 0.345624051410002 0
0.7717041443114638 0.5164985725563902 0
0.3425855034354198 0.2582309025642667 0
0.04133431077664745 0.07977589861863404 0
0.5175327952837723 0.3662817049131731 0
0.6249640633054868 0.02958641170073395 0
0.7530661542117343 0.1820310099454353 0
0.584140186089346 0.5053361530092461 0
0.513239072761682 0.02124317310857515 0
0.5257972138602429 0.02315621343548002 0
0.5321136331109243 0.03404356554920013 0
0.5384522921423067 0.02368134694048574 0
0.5433898060083537 0.03293618912750884 0
0.5264762348629186 0.04735386661013913 0
0.4821073252263245 0.01736745499438785 0
0.4803341690637419 0.6216833019734157 0
0.02859312800074443 0.6037386961767318 0
0.05162642599186229 0.3579285701180234 0
0.03607330969739619 0.3664283711266206 0
0.5228037387097352 0.3264535359666517 0
0.7746727297840788 0.324116756094997 0
0.771403891927672 0.313775512397386 0
0.7718138533607497 0.299916708119065 0
0.4688146695038028 0.2174683163078421 0
0.8764954171622079 0.5381451931567849 0
0.9754517799081277 0.1244826449529748 0
0.6137618004969667 0.5873002171716523 0
0.7741001657335533 0.5287611587410911 0
0.5180684150480018 0.64032825160607 0
0.5258146116284638 0.6315004735973738 0
0.8820694640142733 0.4344294099160432 0
0.05404534952885548 0.8986545845726968 0
0.6490788887169532 0.02375758137977024 0
0.688771212342822 0.5434064366067327 0
0.06545367271710001 0.1992239915537149 0
0.5171996663503258 0.4575284168533423 0
0.7306757690981406 0.2211982717981655 0
0.4212860378601078 0.6922084528656526 0
0.8801521744370973 0.2748504780156386 0
0.132012171524276 0.9693154403684567 0
0.2348187009267959 0.3816617588036871 0
0.3124071331782293 0.7696687015554897 0
0.2935892352106058 0.2801646398068666 0
0.7064169174835779 0.2802132949406166 0
0.5122179823927159 0.7802077639458945 0
0.226032067175204 0.3225240395385822 0
0.1175452763338927 0.02309917101096814 0
0.1309810752964903 0.02729673272044653 0
0.4463975462846274 0.237566962663756 0
0.1527477252659388 0.8494537212322204 0
0.9568764593671653 0.7199663911714911 0
0.705789107402954 0.6553295399589806 0
0.2843210643227775 0.7552670763289275 0
0.9535462547164054 0.6940623407601367 0
0.9682321753800484 0.68557810528952 0
0.970335767351456 0.6685449868967984 0
0.9553447262509058 0.658452711360194 0
0.9707648608302464 0.6529991847666419 0
0.9684732743927474 0.7008725929853463 0
0.2258546773126543 0.4995259968079346 0
0.587780449728877 0.5297015063823365 0
0.4858182995913408 0.531239298872206 0
0.5082198542350664 0.5307627589590453 0
0.5184997054105643 0.5350168166109953 0
0.5205182660272567 0.5455188209650454 0
0.4068863229902887 0.1706201217392917 0
0.3709162574594146 0.1936281209797643 0
0.8131433945920787 0.3572493451754268 0
0.8108667715441016 0.3445239135042192 0
0.8110882045906105 0.3314079526749821 0
0.01812743608763523 0.05248874598286507 0
0.02022903457518588 0.9637088164754921 0
0.2439525287237673 0.7632198544566751 0
0.2446693822922141 0.7747251695022559 0
0.2344137791050582 0.7819990677037552 0
0.2465720991163385 0.7868906813629206 0
0.5682387615341654 0.2367888924441031 0
0.5675355658207596 0.2252789056212948 0
0.5777829959631426 0.2180079512898222 0
0.5656328351364518 0.2131133425449147 0
0.5773667227675895 0.2037759279522666 0
0.5623111749716381 0.1967954374964043 0
0.4328326957803008 0.7631707786003064 0
0.4428479288108776 0.7657934144796251 0
0.6876127220161747 0.408751228958717 0
0.8700460140336791 0.627817792215899 0
0.8745621393531546 0.4835534686462755 0
0.7766122005096432 0.9182996497429036 0
0.6957836243350933 0.7333599789487801 0
0.703531766276472 0.7233854574216015 0
0.02178700570893305 0.4789793794799802 0
0.02571102052135865 0.4689173250710508 0
0.5162810070249411 0.4309895696148001 0
0.5054166240697017 0.8964810922297149 0
0.8470927776828645 0.2205958836573409 0
0.3986410734662779 0.9710083248932201 0
0.521801852339939 0.308804934606144 0
0.5277065339460845 0.3002622347177801 0
0.8104318186827006 0.4504341200388756 0
0.8131538554397302 0.4623813192385231 0
0.8054218895124983 0.4703928812304486 0
0.2630549617359635 0.2205287505704391 0
0.8073325447031434 0.6954969339226931 0
0.2165235264453222 0.7310879379456174 0
0.2296430621201182 0.4754453609800025 0
0.9564040950538745 0.9221761987244665 0
0.1962820499967739 0.5045711140494766 0
0.9716869195517122 0.7550975956991082 0
0.9724165149629953 0.7389732679615533 0
0.5829591380824679 0.6641517655674172 0
0.5881526608462938 0.6744760222493941 0
0.6011628516194093 0.6759370605033395 0
0.5931354292875471 0.6868740960541323 0
0.6064465207167298 0.6881035248959374 0
0.2709944722626012 0.05425280311021363 0
0.8788070189637948 0.5684462735380132 0
0.8773131203387019 0.5822444058625676 0
0.8787723836753913 0.5557752615928788 0
0.783934620701721 0.8220029752569158 0
0.646896217174548 0.9620432645987413 0
0.6560431883833349 0.9750011748773055 0
0.670259102908673 0.9732894990904237 0
0.7717472171524453 0.7017355541284682 0
0.2315574536918337 0.2307792240954349 0
0.5020971567675241 0.2391242570710824 0
0.5237282760620493 0.6681813042329611 0
0.5136590998141704 0.675698836163796 0
0.5144108849321788 0.6135134899597267 0
0.9833484026889808 0.3177034805311115 0
0.9095881130363322 0.9747480667660392 0
0.4835112059867385 0.6508403691158869 0
0.1783326475482642 0.02117952470711837 0
0.4188066318192034 0.5957421970711656 0
0.2281134740900137 0.6176280187049095 0
0.2288762908276706 0.603647592998599 0
0.4755441515086223 0.6740514574246496 0
0.5821186337120242 0.5462217706226957 0
0.4330667760925357 0.1385066926162159 0
0.4464938344766077 0.1056165093803225 0
0.9813435263705415 0.8322769873143432 0
0.9818776773292635 0.7663589282287984 0
0.2268702587527027 0.4864324001420546 0
0.4785493641057588 0.2825678007412529 0
0.4827098568048529 0.2946896830722881 0
0.4840467378596415 0.3059828239803296 0
0.3207519560677824 0.6831125318847865 0
0.3127940854435055 0.6685048599697718 0
0.2969910021312455 0.6681215188417553 0
0.3067635216395484 0.6561520994595178 0
0.9762431398797591 0.1450761835785378 0
0.9773701080681342 0.2101197155430874 0
0.08422814504507237 0.558828737109504 0
0.02152693475091538 0.8858041271945044 0
0.9809534496333113 0.94173250459289 0
0.9717856121716864 0.9315902737517507 0
0.9872368331841326 0.9504176395778812 0
0.4843234264629611 0.3765808502025981 0
0.4580630294372411 0.0201562660358387 0
0.4454237313345372 0.02681033506767388 0
0.02483114078103199 0.8192092270240044 0
0.01762707961534993 0.8300890034480906 0
0.02295769959534755 0.8409286663954609 0
0.3355840067227915 0.3909247179515619 0
0.3141669576792302 0.3933869377288731 0
0.3019570427228839 0.3838618721334376 0
0.2997868444098014 0.3976481883556029 0
0.3091417969954469 0.4097243863453554 0
0.2946392534982218 0.4107127032238603 0
0.3033842063584818 0.4223331110387449 0
0.1544731002409132 0.210505621557559 0
0.1470865740393821 0.2207877045324385 0
0.6422462113008913 0.9753904121887564 0
0.6189781266672113 0.315464729470127 0
0.6683483249775701 0.7865484041777251 0
0.7072033868837173 0.6093072967442767 0
0.7134607023744575 0.6182898611085066 0
0.5164875512523913 0.7945890080982161 0
0.7749977239493056 0.4502858135607107 0
0.7651401617824403 0.4427069521495727 0
0.968188643051081 0.2704167583499511 0
0.9781683071431355 0.2622560143274542 0
0.9773005487761731 0.2499829429502964 0
0.2118467368317053 0.02238532860454112 0
0.2238975753855612 0.02604831252328055 0
0.2199960441634179 0.01527080506862988 0
0.2836060267413082 0.1013712654250149 0
0.8669464908185698 0.5308901080266273 0
0.5191051795552052 0.4675780593223786 0
0.9759166247302885 0.883556991534832 0
0.968524110390156 0.8955621968609446 0
0.9798890236007893 0.895271925396548 0
0.9748310642752225 0.9047757464236695 0
0.9772817569231919 0.1114386152664683 0
0.5717744010528228 0.746650723377254 0
0.4809721609626557 0.4265340492946973 0
0.4776074140141066 0.4160971510846029 0
0.485876555019115 0.4082619606318109 0
0.4808605272104935 0.4435825795789791 0
0.5261407042105044 0.3544131377659421 0
0.4670517542024092 0.7461422338093761 0
0.4770479461886044 0.7471462201010551 0
0.5324221288335819 0.25333853376933 0
0.5255619309247398 0.2608981245902153 0
0.5243993417231952 0.2699822910137252 0
0.5156222600716072 0.2853320725660697 0
0.2944962923506917 0.4975557924351831 0
0.294135056624754 0.4842575744354252 0
0.3029836578303263 0.4767016849114516 0
0.2942403020385747 0.511472136877492 0
0.2904376543236281 0.5230431534607527 0
0.1653448805736094 0.6924558504732847 0
0.9491713266625055 0.3982233753696008 0
0.966866810175887 0.387782519778631 0
0.8171433376455146 0.6853028453526592 0
0.4203481432038451 0.5838871807784881 0
0.8216058921107385 0.3498055082051312 0
0.2894294172491577 0.735741989203144 0
0.0223191722535131 0.3213624609058043 0
0.02673732462303269 0.3102850674650666 0
0.01631387329395334 0.3134577071616559 0
0.04062340951951959 0.3062789990262881 0
0.5165872245379606 0.2642040791681111 0
0.5858054665938274 0.5950854072895866 0
0.5817218228218023 0.4829254760492541 0
0.5238324565670286 0.3893790433053538 0
0.5304835514527982 0.3805943419550635 0
0.7360629664731393 0.2332271258542486 0
0.2294221803363871 0.5380079288658512 0
0.2290188936682526 0.5495661280349595 0
0.8463867547484574 0.7848287693914686 0
0.8553583122883235 0.7790223760318682 0
0.01949977581715512 0.7463370767796309 0
0.02906409310191127 0.7562925470589981 0
0.57996329748411 0.6844392175454972 0
0.584534197570574 0.6956480322175178 0
0.02291737631567303 0.3626940913705017 0
0.02506376019704321 0.3737659490702899 0
0.2921514088208294 0.2933415513116087 0
0.7073352554669778 0.292308913578847 0
0.6978618395256679 0.3062281256203324 0
0.709677638608269 0.3067459748128791 0
0.8741341090775878 0.6613132246607639 0
0.9844850440218039 0.05503277614139612 0
0.5155333022274018 0.735585506131809 0
0.116717183146316 0.9433693462244284 0
0.1527900406648659 0.2331875845860732 0
0.4689569530777108 0.2368142035302149 0
0.4769060935091397 0.2284073849119413 0
0.7461194907921235 0.1217192171219119 0
0.5815060421004589 0.2822420542077438 0
0.8725793787288665 0.6944992148334039 0
0.6510170048556403 0.2463813484535444 0
0.5645042196501694 0.01901486841927291 0
0.5889595841329791 0.4538920616193201 0
0.5882712066788018 0.4389293211879092 0
0.6007430645415746 0.4316791400414254 0
0.589290014048918 0.425042833228039 0
0.6000408206772121 0.4177327140305102 0
0.5871853064836012 0.4121011970754662 0
0.5988081110884748 0.4044099517149845 0
0.5862197055673387 0.3981605562645093 0
0.5987743020976452 0.3911919790042326 0
0.5871328167899417 0.385132970077332 0
0.5990296215103869 0.3771742143227308 0
0.6105484746618869 0.3660633187149395 0
0.5952034550696577 0.3630307995980946 0
0.5869765234732208 0.3721704286147587 0
0.5829481707389615 0.3602840825507782 0
0.588569508128601 0.3515350912094815 0
0.6015838998032749 0.3523134182292882 0
0.01954582020027446 0.04117950178785679 0
0.8065787320268073 0.8398740959806541 0
0.8026908394465266 0.8695669527753311 0
0.8073271048809825 0.5839101960587687 0
0.711818823209819 0.6662113509450581 0
0.9783510230982431 0.1976135686355033 0
0.4766781184656947 0.3503778984403563 0
0.4879267848079175 0.3417256362615367 0
0.4698285566535159 0.3590708234987299 0
0.4776218581495232 0.5365478782519061 0
0.8678426137383851 0.9704235274059838 0
0.4691815669500046 0.4252245682664457 0
0.7266849895002131 0.208019841701467 0
0.8161282470735475 0.5746256830540037 0
0.817256952923394 0.5635397016052288 0
0.04270713556861511 0.0237786638105047 0
0.9549293230548773 0.08912711962424202 0
0.01477828877266629 0.3698494215156533 0
0.5810189997839459 0.6070019027118223 0
0.8079074609247519 0.5035346688539468 0
0.8165023177146351 0.4943507943510115 0
0.8094287861506702 0.4226884787809405 0
0.8186128565930501 0.428318061324816 0
0.5828601255498755 0.5695098374369951 0
0.5890228908471027 0.5805646146855866 0
0.5309112916685292 0.6607754591929398 0
0.4144714959597349 0.6331273374290681 0
0.4186077669077308 0.6218278645052102 0
0.4130941585877347 0.6453721297556391 0
0.4027961633140527 0.6523584351676022 0
0.4135114418386553 0.6598484661194632 0
0.06783857852559333 0.7688930233976912 0
0.08442900158062627 0.7834626793917283 0
0.1080775265731257 0.7981256743316349 0
0.2307987347061527 0.4401593713863456 0
0.973882061591844 0.504353757419415 0
0.9651021597071667 0.51333322964071 0
0.02076374116631446 0.1903959080013454 0
0.1866821684824437 0.2317506363848245 0
0.1972379222954327 0.2356252062851029 0
0.9817119660268161 0.6588397272721195 0
0.02333020707111366 0.4225251334967912 0
0.2934174521733404 0.6548460754763439 0
0.2998893104820305 0.6446711105031717 0
0.8860028257825625 0.5468391608551036 0
0.7706149222728458 0.2317038669526792 0
0.781200718465999 0.2355505523696785 0
0.9793721828272377 0.8220556449865724 0
0.7962588669776116 0.2954116777004619 0
0.7867582473724628 0.2886207782468543 0
0.9340249839281509 0.8200673043349503 0
0.4141269674429575 0.4947459505510647 0
0.4127516335750591 0.5070186919584411 0
0.4167919944055761 0.4842179695808478 0
0.2896408033474437 0.6444193391373587 0
0.2937412199345442 0.6355699018813938 0
0.3146260805273434 0.6435118293543284 0
0.5123765776100081 0.5553988657151281 0
0.7710547348429431 0.5935950991208565 0
0.7718524945740017 0.6052455291377531 0
0.8593363721263236 0.1887642565199898 0
0.2753363721263228 0.18876425651999 0
0.1657625877127955 0.01580196603562489 0
0.4812530999864814 0.731922722072313 0
0.478701900707253 0.7202249813946707 0
0.589584378383829 0.5168378720575496 0
0.8771515461624306 0.5132255879965545 0
0.7902407315283763 0.2303469825924046 0
0.7997004434148987 0.2346924565165547 0
0.4030425760864696 0.5144634253630792 0
0.4129812281512105 0.5203459604074008 0
0.9824733298342649 0.1838169981314127 0
0.9718788488609629 0.174901869305867 0
0.05950077487565658 0.296745549568479 0
0.290883763495531 0.6794142217457021 0
0.2061353756908568 0.2305855976390038 0
0.2157349000254225 0.2347842957939789 0
0.5989718694454031 0.1767686510815645 0
0.5904144243743163 0.1452826603319377 0
0.7733016985609968 0.4226676271205678 0
0.4082511884134133 0.7154423341740187 0
0.2911881506187589 0.4720643422856414 0
0.301196198619973 0.4640867698352328 0
0.5259151760530705 0.4343054180884468 0
0.02229602346288201 0.6465324084636594 0
0.02031273708663067 0.6347960500231076 0
0.0276977070822419 0.625263086451967 0
0.04442103086417393 0.6299820760054595 0
0.05654883944541766 0.6150704179229357 0
0.3060539989396094 0.02324222236901674 0
0.3181531404563896 0.02703389318198357 0
0.2954242805004745 0.01728201301864585 0
0.2822516894344917 0.02157513885474965 0
0.1056770670780128 0.3388569412481351 0
0.1158653608902398 0.3284334976865247 0
0.1113703404661653 0.3134284196613048 0
0.09643573948054174 0.3089488872040413 0
0.1088869559585749 0.2987843819320575 0
0.1218108229022621 0.3035592767649143 0
0.120771492055786 0.2903068461762178 0
0.1077724023388408 0.2846909848761744 0
0.1183986122307414 0.2776158532919707 0
0.1231488937485447 0.3173418577623054 0
0.1073024267126543 0.2721957192093994 0
0.131931447058247 0.3095477176745184 0
0.4757951517566084 0.460500299552106 0
0.5245761083326764 0.6074645440552304 0
0.5258309690123413 0.5962652120563937 0
0.5188124128052768 0.5879590915724583 0
0.2885249275638494 0.5429902966704977 0
0.3293603053749101 0.6039750622159251 0
0.3101373238157794 0.61003698996442 0
0.3122912901082563 0.5900497440071957 0
0.2964715052636455 0.598694004574731 0
0.294730573178436 0.6134504075801698 0
0.3054469044870121 0.6220078860053552 0
0.2872663585708077 0.6047243067953697 0
0.2862120075066836 0.6623448946582966 0
0.8756166774884107 0.4955395124893982 0
0.8839075665109695 0.5039641543093936 0
0.4892606364038312 0.2305856429200506 0
0.817673312670801 0.4832707581313583 0
0.9716971095680185 0.01985641694728835 0
0.5032795643253959 0.07888761590683196 0
0.07857701076678103 0.02113580370296314 0
0.4026497312751042 0.8834374276325171 0
0.3837215496718058 0.8513959063522282 0
0.5567412910582514 0.2341568475177299 0
0.255465519447411 0.7658410822847387 0
0.04045405070975172 0.9774058082926416 0
0.05286853138365849 0.9791742973383741 0
0.5835386069269546 0.3329386330123809 0
0.02491428313301558 0.8618123379379099 0
0.4663982229112262 0.07241100691559815 0
0.5132950139249889 0.70725542243818 0
0.3874856022133469 0.02401215054771533 0
0.312940015398016 0.3041691519931701 0
0.809024884059718 0.6116449505229448 0
0.8128437951148995 0.624356947012327 0
0.8031226383703691 0.6349562082563645 0
0.8183365682990581 0.6044077781957704 0
0.7753913843193935 0.3521394552886126 0
0.7769774417018289 0.3700644143759463 0
0.7676923621154871 0.3780753544523264 0
0.7657429354626504 0.3659941413132016 0
0.9658718158651785 0.4066530547102263 0
0.9693925799659701 0.4220684426898346 0
0.9786517463991983 0.4123399019276598 0
0.977854365480724 0.3989628144720683 0
0.6136346784315087 0.1156263599367634 0
0.8060899177165753 0.6635327302145048 0
0.8151867942816651 0.6543939367607097 0
0.8139369566625939 0.6440157207436195 0
0.1717363231024585 0.3632960898457532 0
0.1605060897898202 0.3662832315926766 0
0.7773998391017984 0.9811807135776462 0
0.7666001248409657 0.9753767401976744 0
0.9773321626020894 0.1551937790132741 0
0.7000085886414903 0.534301321310921 0
0.710940039088455 0.5290771044526815 0
0.9769391250409094 0.5174831835186481 0
0.9686700057417713 0.5262849316541954 0
0.9795624786166814 0.5291229063302715 0
0.972082315710316 0.5383092100773949 0
0.960639054681703 0.5362011972473946 0
0.963656293307893 0.5486655578849164 0
0.9207233644723234 0.8901574758909312 0
0.5246601566713679 0.3366261236153726 0
0.5918784552121584 0.2116664861487421 0
0.416375107960813 0.6059182857558937 0
0.4780315282472495 0.5916866049586353 0
0.5785234354235178 0.5870613396266705 0
0.475836657583121 0.6916850799157148 0
0.01561781565089976 0.8752149680275354 0
0.7688793130679372 0.4114872462300442 0
0.8682062990162054 0.5752452657773589 0
0.5808594173377235 0.6415538889816731 0
0.9178099105776825 0.3236060574048883 0
0.6198552317407676 0.9808265430751447 0
0.3337234071325393 0.4412075034750756 0
0.3136839057622281 0.4513179695468358 0
0.4740724026236536 0.3831003526042254 0
0.4738582002959324 0.3956343257608083 0
0.9422021299860038 0.9778226214842475 0
0.9539820939538594 0.9741042370571494 0
0.9326734900305471 0.9832674726327628 0
0.9670236810259589 0.3691402928173326 0
0.01932200627494912 0.3010506220249881 0
0.9765611548462896 0.378177865910454 0
0.9786778717651662 0.3664328338051266 0
0.3302693310447121 0.5480918017233209 0
0.9657275482087373 0.1018593994773873 0
0.9786731034344088 0.09885720780310558 0
0.3632670264098345 0.01828937397421665 0
0.3511471648443464 0.02256829659049175 0
0.3734501630950841 0.01475734597954614 0
0.6842981392364744 0.6400246652301806 0
0.8075539044965605 0.1113792661233335 0
0.01633967539566344 0.4900566757932781 0
0.9796655818869655 0.2736062030890138 0
0.8135466468566654 0.3693376955509474 0
0.8159304938727975 0.381950704714918 0
0.8098392508846814 0.3905239111239039 0
0.5794490251232606 0.4474562319266967 0
0.9829535577107376 0.7964343291483749 0
0.06405307808440924 0.1555303288302713 0
0.01739427711264036 0.1687015266936096 0
0.7908812836131318 0.2192414881151655 0
0.5822163724975159 0.2699017656756166 0
0.02103381662933795 0.1515995197206603 0
0.023671375398783 0.138669531560411 0
0.02151704193769333 0.1245605497584575 0
0.8449094495081528 0.8256158286770265 0
0.2619971094538199 0.2324141023227168 0
0.1202819517788253 0.5532844151782573 0
0.5798205080756887 0.74 0
0.5795586593902029 0.7299320701817575 0
0.2925753823129947 0.9617748039592574 0
0.2870490236480395 0.9737947301057466 0
0.2991616887383626 0.9474345102481678 0
0.8064143912183908 0.2882252296989948 0
0.8166911326924362 0.2925841194169282 0
0.6894557808434697 0.4754376098394815 0
0.7039345298433728 0.4771038821047151 0
0.7104967172377503 0.48629081402048 0
0.930455662008192 0.2136806874851868 0
0.8460106817519787 0.2323992266788593 0
0.1310554952897318 0.3544894658264138 0
0.127378271679768 0.3441858103718816 0
0.4129044741852959 0.7912371700280332 0
0.3976905236378803 0.8031230766144855 0
0.00839264401681461 0.2367796755088769 0
0.9907010639655887 0.2360111504483576 0
0.2898689121825737 0.4602230787875824 0
0.2977447177534116 0.451293610664565 0
0.3038851382726792 0.43760979380556 0
0.2905637924765817 0.4409823831404599 0
0.02507133838832371 0.4479514798471073 0
0.9836442098582705 0.5398046432146063 0
0.8724028401896458 0.4408223111836254 0
0.6897681961766329 0.7199484074662867 0
0.9785074295932399 0.6769910363828232 0
0.9799321683688819 0.6879951873713215 0
0.3161155959973054 0.4805596028453798 0
0.9626492691434275 0.9073845963776324 0
0.8745188432473326 0.4717350176458163 0
0.1634992625863053 0.1344287924625948 0
0.4739247918182135 0.6635456201969069 0
0.8836939735026531 0.4619201468795013 0
0.8729125878272201 0.3217013690999483 0
0.8144280054005129 0.9913248091156691 0
0.008675190884330941 0.185571994599488 0
0.9913248091156692 0.8144280054005117 0
0.02400215487347779 0.009275937450448635 0
0.9911946627869701 0.02399371518866045 0
0.9766605177407235 0.990063581960149 0
0.9905408168364258 0.9769980480949538 0
0.9769980480949538 0.009459183163574136 0
0.009684216629906817 0.02335791400460829 0
0.5234027405592402 0.5622575675806909 0
0.5250274591420613 0.5726241271076804 0
0.4199833151279685 0.3022395046032423 0
0.4222301036370009 0.311938936025448 0
0.2914940377206529 0.422838599582095 0
0.7692376361927926 0.4999411758456945 0
0.008495148107011408 0.2872079551775372 0
0.008698321651881447 0.7123305701175643 0
0.01717390954593079 0.7066574087707089 0
0.9912524608482491 0.287343345373586 0
0.9822612016299606 0.2921567660994143 0
0.823346627467614 0.6494238713953155 0
0.7126594959672683 0.008885076283690285 0
0.7179863859965917 0.01811815655091342 0
0.7284533811651663 0.01755840342565196 0
0.7071716963360437 0.01804180861233307 0
0.7112777065997175 0.03023360507148481 0
0.2878629715692151 0.00925418809596662 0
0.2718026933820125 0.0186673040214852 0
0.01635913700514058 0.2680843123435303 0
0.01355394759654716 0.2579166055042523 0
0.03411914376226366 0.8445283753765231 0
0.1811307295699557 0.3063775548527835 0
0.1819271989638238 0.3395398578982732 0
0.2280479192555165 0.2176520106778881 0
0.3445141897085503 0.2356302878890039 0
0.5250275406529366 0.4170455179682572 0
0.1348340760133541 0.3355359958963149 0
0.2309730609225032 0.6412224088429782 0
0.2841551697353975 0.4149637096623006 0
0.551998766705848 0.7637870648363665 0
0.04965563775631759 0.4728168093033607 0
0.2151753004816055 0.2875425072936712 0
0.4689495772957915 0.2644586889521694 0
0.02538991319117967 0.9753679067939296 0
0.7661124199827271 0.8066658418238548 0
0.7677699095318546 0.7884454216846593 0
0.6965468087979662 0.3974502805588731 0
0.7095744951685762 0.3929725998330474 0
0.7982509149372031 0.7271999058950585 0
0.7115113374453254 0.6288855258608783 0
0.7099824282546725 0.6421221124987324 0
0.6060876512469764 0.7285351288643316 0
0.5955481534601577 0.7174225268178414 0
0.5987660665652854 0.7026177579689981 0
0.2345095327684215 0.3560479480102033 0
0.2916207009947115 0.3550537110650575 0
0.2970288801286561 0.3645008427530164 0
0.286338101685353 0.3650153328295906 0
0.5761189868952556 0.3252731639550367 0
0.5808217679339306 0.3426446228079751 0
0.8356857413080907 0.7581242052841501 0
0.4041104663110889 0.8262522751283583 0
0.3790284434835808 0.820151591128609 0
0.3756266949864364 0.7920878179232967 0
0.3486776533200471 0.8116069041771863 0
0.9558561297737858 0.01322530198384275 0
0.7976328348134963 0.9819841492051142 0
0.01565259069745589 0.3798030406060339 0
0.6636972718137993 0.7488361836547808 0
0.9803842969798789 0.4241674669554129 0
0.9903647168335825 0.4170130020069855 0
0.1174579068534175 0.06434130692839707 0
0.5780048798819328 0.4060696563642684 0
0.1289896700461745 0.2813332847005184 0
0.618755201947081 0.01721644004147138 0
0.6311310006069716 0.01835163953180985 0
0.5524798592275902 0.02477190472005708 0
0.4928748174656272 0.01844340489296925 0
0.8643265875247923 0.008897002945322918 0
0.8700229816429931 0.0182024911451813 0
0.8799921031252496 0.01988870904044227 0
0.1354175181547053 0.00851463903672034 0
0.8645032587750732 0.9913112769841295 0
0.8595140758036862 0.9820565353732331 0
0.8490773308702659 0.9827760332924391 0
0.7685199404330523 0.4004396012550516 0
0.5289751653110634 0.4440425955357736 0
0.2906021689086593 0.3881580282833125 0
0.2909946317315337 0.3761062085524768 0
0.2803517652635094 0.3744012528531619 0
0.5203652209169027 0.01326105749144957 0
0.8370546017165675 0.7929681641607933 0
0.7667517693572349 0.5389234411667803 0
0.4163821080252839 0.4582703865559629 0
0.4187906566963933 0.4478107046826156 0
0.414620703804314 0.4672855735097722 0
0.2333904303811777 0.3137353220340614 0
0.3991139849928831 0.008616916652278039 0
0.6009773532025907 0.991338431645691 0
0.3987644148125198 0.9912740492249037 0
0.008656984265604739 0.3987459962980113 0
0.6011817889567741 0.008666237691218215 0
0.1051500087675164 0.02050193177249016 0
0.09461263962547584 0.01479508618380676 0
0.7660443969776389 0.3471778880232926 0
0.7630581033537869 0.3368923547103432 0
0.9841680159820591 0.04137696745709918 0
0.1999497878666076 0.3909413375884286 0
0.023122109622845 0.7980238295590264 0
0.9188045270513988 0.765143144768368 0
0.00861691665227815 0.3375267378437432 0
0.008578751957687203 0.6618857857428148 0
0.9912396119636387 0.3378287755591753 0
0.9814002685617379 0.3436294435952485 0
0.9815476417352017 0.3546457113720553 0
0.5241762927029322 0.7116899893360158 0
0.4684466428060096 0.6985479579568409 0
0.01322550917956478 0.6409829619698968 0
0.4038756716158655 0.01774253684453048 0
0.7664140405014586 0.738440020484828 0
0.8181012570063004 0.7379671138220754 0
0.2340474590988387 0.7381146714709159 0
0.6123331140854127 0.4104335171004152 0
0.990514084017435 0.07364468364329013 0
0.9911932439888744 0.9256247586350663 0
0.008791903219524166 0.07454070051705586 0
0.01775820942174533 0.06934663622990622 0
0.01786438541755375 0.07981015401945524 0
0.3671801064784771 0.8852133149742888 0
0.9374076585103494 0.1803033853168876 0
0.5494353210513727 0.813566080844442 0
0.2002517636884354 0.7406754435782209 0
0.2896195714158901 0.5784935395055947 0
0.07379516485278803 0.009497442498399289 0
0.06730630858726927 0.01757944867159561 0
0.9255460793940318 0.00877387877608099 0
0.7692118322748721 0.4900063275953269 0
0.7207317441485248 0.6455450191333207 0
0.9819253210091546 0.4341311428547376 0
0.2393163590486881 0.6352657774394772 0
0.2405529099988427 0.6256534484120803 0
0.1914762085113072 0.289705729477419 0
0.8934607182383256 0.3399497842206757 0
0.9811124513944325 0.7465184601448092 0
0.9207685110831948 0.9810682036045069 0
0.2344550339305178 0.7962631943673359 0
0.2524692088983959 0.8041102316074624 0
0.2192037458239665 0.7883842788633506 0
0.9911006894355125 0.4596826027121531 0
0.981947938695273 0.4542885943432179 0
0.058016943290704 0.9184962016789286 0
0.00972587613307957 0.884881608760353 0
0.4740156098119631 0.647043889136546 0
0.4718195849511501 0.6372148750629959 0
0.8267423152133192 0.2320939554510895 0
0.8165988615990876 0.2301071689680802 0
0.8098177151642902 0.2395077903009621 0
0.3158787624943439 0.01619984722189699 0
0.3271249824772378 0.01925008934551686 0
0.3303518529324322 0.03004612863973488 0
0.8554070898694817 0.01456122661134274 0
0.7686871770734651 0.5702583610803689 0
0.7594417410750527 0.5757221879385515 0
0.3617444273837918 0.0662219551914392 0
0.7690855306758229 0.6707756544908561 0
0.7214238214684476 0.7347082995218396 0
0.9913830833477214 0.08506950792078005 0
0.9914395050327984 0.9153009447347175 0
0.9819329705422619 0.9208876387534338 0
0.008922703371435192 0.08495187129655579 0
0.08483737580868211 0.9912853585600707 0
0.4123017584095748 0.6731667356198536 0
0.6517535759287838 0.9919255617195928 0
0.3486579608686745 0.008244079293891593 0
0.6506518704330032 0.01062608639791573 0
0.3479619755436661 0.9908651193978094 0
0.3528251553753698 0.9818243211587416 0
0.3382146587579268 0.02063766567491987 0
0.3442661699856636 0.03485700970730854 0
0.5335894821115182 0.7354843037721073 0
0.9920455220602322 0.3072173905177837 0
0.02445698201816393 0.8990041289819973 0
0.4762012032727573 0.271631178904285 0
0.4671973351773929 0.285562664363374 0
0.9915425525973733 0.3883933531734366 0
0.008699140467290534 0.6116456464435368 0
0.01752701458300587 0.6167809540395855 0
0.9911492772342598 0.6115175628331384 0
0.9814001068545086 0.6066529201364114 0
0.9810117793132144 0.5947662845702599 0
0.9709109024480228 0.6013519077109478 0
0.9702125494953757 0.5885564817190431 0
0.9714594339900997 0.6127918308608518 0
0.9589849905497214 0.6060390061984486 0
0.9810051837078704 0.5824652781687989 0
0.9704007433516439 0.5768432573677678 0
0.958806393891245 0.5844681161938649 0
0.9907984656813097 0.5899427090607949 0
0.9800289130476072 0.5713841867872673 0
0.9704179826243666 0.5623185591388448 0
0.9816628866201021 0.5598769304796097 0
0.4769442751562336 0.5511927386602861 0
0.7821861050933985 0.7799179321505758 0
0.1791150750773743 0.4520158164806475 0
0.9915181657897438 0.8749217847093036 0
0.01020346467788391 0.1251625399312587 0
0.02055981204549195 0.1117888884293914 0
0.1250304711417156 0.991649129209884 0
0.991897081684006 0.124629426948507 0
0.8343868332461382 0.9914131051965906 0
0.8301379249605797 0.9823762290405307 0
0.960997685922141 0.4344229924435139 0
0.03530676229965224 0.3802732563994007 0
0.008643946920543821 0.9150216479856694 0
0.4288002665994577 0.594977206579319 0
0.1416144235894289 0.2087374789986242 0
0.0102799964339636 0.4798025311878141 0
0.02073709105932897 0.5032870647225663 0
0.8205857248135309 0.5356674936527556 0
0.8243442406055398 0.5442284424555327 0
0.6259355682973221 0.01012171100374792 0
0.488102410542903 0.7631124336206729 0
0.4876547416580612 0.7747513159078359 0
0.7060778815863319 0.3156399547900219 0
0.03457518998570491 0.99143387623243 0
0.008907388122784798 0.9659777036843707 0
0.2669534892500157 0.00969518200275854 0
0.1369049186192381 0.2650913471860972 0
0.1280396914523431 0.2707205076459678 0
0.5710958582040984 0.72498570238995 0
0.2793146476312003 0.5847633258811792 0
0.2879869223315786 0.58989536237962 0
0.5724175207711973 0.6648583516789648 0
0.2791602540378442 0.6849999999999999 0
0.8624083755734935 0.5556827588926554 0
0.8627109405067384 0.6749259686735046 0
0.4288397459621555 0.7149999999999999 0
0.4201794919243112 0.7200000000000002 0
0.4201794919243109 0.7100000000000002 0
0.4293108452440779 0.665 0
0.7209430875545811 0.7149713328625706 0
0.7124089005153108 0.7100098380060241 0
0.8630394620903743 0.6049721514514389 0
0.871670291492728 0.6000256747165541 0
0.570697559328914 0.5250655171706989 0
0.5713977022735682 0.2857992454080694 0
0.5711602540378444 0.425 0
0.5711602540378444 0.645 0
0.7208751867466104 0.5850202041334565 0
0.7126112736498336 0.5780432559829977 0
0.7107545253024945 0.589233970577305 0
0.7209381926676908 0.5948907331999405 0
0.7208664996278911 0.4649536612916576 0
0.7121794919243113 0.4600000000000002 0
0.7117762457817796 0.4493546463696761 0
0.7208835872218897 0.3450788872079076 0
0.7121794919243113 0.3500000000000001 0
0.7121924030852747 0.360105773454496 0
0.7033454160498074 0.3550162165634151 0
0.7024684480008395 0.3650281972307743 0
0.7121646901889404 0.3705149345982321 0
0.7209365473791346 0.3651049273014114 0
0.8624141514814571 0.2849480670081166 0
0.863160254037844 0.425 0
0.7211589472238256 0.3350905591166021 0
0.7205490284202442 0.415204176870651 0
0.7205516832095873 0.3957227510928644 0
0.8631602540378438 0.345 0
0.8717146550047796 0.3499999999999994 0
0.8717029481198298 0.36 0
0.8721021528990006 0.3393439247781391 0
0.8631423440329701 0.415 0
0.8721302557433566 0.4099953494360974 0
0.2805468771095911 0.5246972759351588 0
0.8634334728604757 0.6552188707767941 0
0.4280012851757543 0.4843893439783839 0
0.571513494277535 0.3645845381222479 0
0.5711391932033409 0.4851201428877717 0
0.7207465591745432 0.4840574313783497 0
0.7208397459621556 0.4450000000000001 0
0.8641819152581354 0.4844447638353188 0
0.5706796868318565 0.3849073704729944 0
0.5728102606168566 0.5050159337839654 0
0.5720145867306485 0.5456539666584022 0
0.5715655228611872 0.564910689345525 0
0.5711602540378443 0.625 0
0.7208397459621557 0.555 0
0.7205712416052541 0.5347025017452037 0
0.7206837188521484 0.5246315381692889 0
0.7211013251461197 0.5054059076186302 0
0.7207160784279751 0.4251106673162903 0
0.7215464878437661 0.3154666350419588 0
0.8632433485220256 0.3153691708836518 0
0.8631057652517137 0.3649999999999999 0
0.862915985816767 0.385 0
0.8629941726335462 0.3949999999999999 0
0.862551000841719 0.5049722921461841 0
0.8624447751768641 0.6346362987026496 0
0.2787241980228322 0.3447354279187765 0
0.279446038108583 0.4643224781815677 0
0.4293005784864175 0.4666928155543143 0
0.4288294212173053 0.3950178829826561 0
0.4201674463886525 0.4000208634797655 0
0.4201794919243113 0.4100000000000001 0
0.4096426051092006 0.4060460983218401 0
0.4107672921857087 0.4164184007823744 0
0.420449554581062 0.421521454554565 0
0.3972950553271494 0.4008295793652333 0
0.429058819505702 0.4152714587417502 0
0.4201785213963841 0.39000168100368 0
0.4201621252311976 0.38000028016728 0
0.7213820898623013 0.2840035875544989 0
0.2789764001520437 0.2840476558251614 0
0.8714691786871436 0.3698322798074412 0
0.88233602621745 0.3642180729371048 0
0.4288875949670911 0.3750000466945467 0
0.420552659045464 0.3700529663420241 0
0.4114160082557122 0.375 0
0.2792572188637052 0.3050287806388532 0
0.2791602540378442 0.395 0
0.278770195522753 0.5063010125994832 0
0.2789024212039906 0.6247931654425031 0
0.4293947138523785 0.5054026193569251 0
0.4292860066073965 0.3548422855698085 0
0.4290741672355914 0.3350270808405231 0
0.420826407567547 0.3397597626576425 0
0.5711602540378445 0.3050000000000002 0
0.5802767593509673 0.3001884344983518 0
0.5730203677888418 0.4657658318240498 0
0.5708959435835576 0.7053841648429264 0
0.5798205080756889 0.7100000000000002 0
0.7209335101762613 0.5648477265703502 0
0.8632783752568598 0.4650798907209387 0
0.863160254037844 0.7149999999999999 0
0.8718205080756887 0.7199999999999995 0
0.8843919894047203 0.7166975642436058 0
0.2799069422547825 0.4355199686611501 0
0.2797148153028503 0.445444879150461 0
0.2791602540378443 0.485 0
0.2787217960401664 0.5650319703993713 0
0.4292897007864204 0.645 0
0.4288397459621557 0.625 0
0.4284780024808883 0.6160195120209291 0
0.4288662384946578 0.5550047907803378 0
0.4205933827611334 0.5496642055702957 0
0.4204518508639156 0.5596461785128395 0
0.4100412484945578 0.5534252907399632 0
0.4286593489953859 0.5650802399426037 0
0.4290446294621172 0.535 0
0.4292442040874673 0.525 0
0.4206121133935763 0.5290436667635253 0
0.2790612528702641 0.3250000000000001 0
0.7211449461079156 0.6853429112027276 0
0.7208906126531155 0.6950571518671211 0
0.8639479403582109 0.5842517437417228 0
0.8718205080756884 0.4199999999999999 0
0.8643690498656831 0.3050000045794142 0
0.4293952941695886 0.6853680754776088 0
0.4288397459621557 0.285 0
0.4198732122517612 0.2909569051208497 0
0.279088304373861 0.7049999999999998 0
0.2791602540378446 0.7149999999999996 0
0.2878205080756889 0.7199999999999999 0
0.712179491924312 0.4699999999999998 0
0.8724554401478336 0.7101119467975069 0
0.8715819807343004 0.6100910967889577 0
0.7593871854171889 0.3955030744695177 0
0.7023935019255243 0.9912547636292343 0
0.7073414080568339 0.9815606765215414 0
0.7182943976171341 0.9823234521423851 0
0.7133355756687182 0.9727055008536357 0
0.7009962274076083 0.9725805223241974 0
0.9910489268593011 0.7022062986186564 0
0.9802032930810015 0.7057948532057072 0
0.9810376475223873 0.7187116591566154 0
0.7022969989151051 0.00864034791418633 0
0.2977314163147302 0.9915076040782889 0
0.9912374962556691 0.4389496382167681 0
0.5609278832240127 0.9911999389801015 0
0.5559360115904687 0.9814957638254187 0
0.5448515084549779 0.9814422004837883 0
0.5505358520353418 0.9708058422239859 0
0.5377400311363647 0.9708677754580739 0
0.5638076733555488 0.9702652740447762 0
0.008424772172883288 0.5609642532824981 0
0.5610047318873871 0.008612515248775432 0
0.008402287434814637 0.4387555954968791 0
0.4390055337680708 0.008609720656955866 0
0.4340512002779002 0.01795592686314895 0
0.9914585669432191 0.5612429043052136 0
0.4390302718644677 0.9912526079223509 0
0.4443624654116193 0.9821119228344354 0
0.4554425968736682 0.9811641244221677 0
0.4495609335374371 0.9718163656345076 0
0.4618521835495508 0.9706618194906262 0
0.2396325329130525 0.7238201552881769 0
0.8258061655558211 0.7253479805955626 0
0.4670507810728483 0.5555661327147169 0
0.4654231031190424 0.6155042375348467 0
0.5331018933370487 0.5661071239351398 0
0.4682838617192852 0.6068134072407729 0
0.7589458202811148 0.5553250000000004 0
0.7583136647474806 0.6056143668620938 0
0.7593413415474424 0.6651685136909848 0
0.7592909425848862 0.6850022957482673 0
0.2417963953368421 0.4959468591252013 0
0.2410541797188853 0.6551583333333331 0
0.2398694760462911 0.6046735182753296 0
0.2410496197105759 0.5653061632851306 0
0.2326897709463317 0.5703002318801448 0
0.2325852031485446 0.5802907425260529 0
0.2323993417231944 0.5603010423196084 0
0.5330441789273014 0.695149840508432 0
0.5234147011895249 0.7005193723171226 0
0.2411258854853873 0.5852085975311261 0
0.2398227901679923 0.5535570606303698 0
0.2412976949536129 0.5153559979248828 0
0.8253202386651373 0.5156791283385117 0
0.4674690027937374 0.5750568268363839 0
0.4669142564421135 0.3248750000000002 0
0.7597731231918243 0.3151835293659322 0
0.4677730536837426 0.585483181290737 0
0.2400053507707345 0.5360063236881675 0
0.2410541797188851 0.4355249999999996 0
0.2392018722867729 0.3359073930524123 0
0.240852437194381 0.6651463772970722 0
0.2321583114832171 0.6701333333333332 0
0.8239824296958664 0.6243660469624632 0
0.532870534565187 0.525757824160782 0
0.7595014629996228 0.4952787121548715 0
0.7605309157971825 0.5158618511300731 0
0.2399296160436183 0.475302858874959 0
0.4668293952082074 0.3049083333333336 0
0.7590856694595837 0.7155558515129931 0
0.2411000870129563 0.415558333333333 0
0.5332430661826938 0.2750194222519726 0
0.8257489455748415 0.3256948119368421 0
0.7588806802617114 0.4655195501577367 0
0.825492739763669 0.6747498456834764 0
0.8163939256810411 0.6701333333333335 0
0.241361891627094 0.4553981879615863 0
0.2328328743189401 0.4592435773074645 0
0.4669716604369679 0.3347910524434544 0
0.4665381353014 0.445261023520036 0
0.8235192251126946 0.4644861824940661 0
0.8267575451795877 0.4555232771078656 0
0.5316896080358807 0.5459746036090249 0
0.8253441195030442 0.4051684498705762 0
0.8159619054989122 0.3997083232252803 0
0.5336897693471867 0.4652219448619425 0
0.7583010551167138 0.2972674356540664 0
0.7589458202811148 0.4155583333333336 0
0.2411606305096107 0.4056285202196064 0
0.2313215156905638 0.3989716515983863 0
0.2411041014317092 0.6851083333333331 0
0.5330233436836234 0.6851025973266662 0
0.524223452267797 0.6798722109105202 0
0.2414696735612573 0.2964359203343188 0
0.8254032789271235 0.3162167870676759 0
0.2414772324742659 0.7044883378933017 0
0.8251292987530907 0.7058710402828218 0
0.4672475797940334 0.7245591475711879 0
0.7594917339361837 0.6941235961637315 0
0.8258058296288807 0.5959871577361524 0
0.8245329401347532 0.3757059078764208 0
0.7041644750836744 0.5981167104904389 0
0.7649381906393637 0.7699804642063135 0
0.7904636952681243 0.7694888258600249 0
0.9914212307524122 0.2586758185400059 0
0.7672029576071329 0.8859871404233496 0
0.2322848260266545 0.4106648547335119 0
0.5244083474096398 0.6901 0
0.009201913497610237 0.7527037660835147 0
0.2470755860144566 0.008606985832007974 0
0.2522326963798466 0.01849732852624353 0
0.7530100396877168 0.9914560640517565 0
0.2469520891680455 0.9912289221930344 0
0.2418789773686287 0.9814925182819043 0
0.230148653287033 0.9812536472628168 0
0.2366051016949664 0.9698896742882126 0
0.2235342589495485 0.9706465968310432 0
0.2171118048670325 0.9817618785674869 0
0.2112210167351229 0.9713385937254487 0
0.2288558139487287 0.9573498602896053 0
0.2495283332404942 0.9708330058932243 0
0.7529244139855429 0.008606985832008029 0
0.7582568552403181 0.01758348381057206 0
0.9917770881442912 0.1660881679186326 0
0.9931001717864967 0.5100700026970129 0
0.009220922754635097 0.5097759714391084 0
0.01828939203073893 0.5166309909286392 0
0.99142266745875 0.489633590407209 0
0.9913958383458978 0.2262009680193997 0
0.9913898714497159 0.7732466542362644 0
0.9821460952814612 0.7783087503457923 0
0.008587080200434527 0.2263231297779497 0
0.01727121335140513 0.2212517494656092 0
0.01762385156018381 0.2108844163160584 0
0.02768384730088574 0.2168234021050857 0
0.7737990319806003 0.9913958383458981 0
0.9913798761947235 0.6316893659963045 0
0.9828596644867946 0.6269263380138881 0
0.9827589980445932 0.6367088190170394 0
0.9754009200857252 0.6320927373285774 0
0.8851352235857438 0.9918650987191389 0
0.5809930267482194 0.9914140216371026 0
0.5761830627652667 0.9827711678794127 0
0.5203504002898455 0.9913884558212432 0
0.5252226534169652 0.9830413412238 0
0.5152010139540181 0.9827173386584691 0
0.5204613217677166 0.9737040382614922 0
0.5087846794404215 0.973393301114549 0
0.5154889296546089 0.9620336205447837 0
0.500434414928587 0.962076063603358 0
0.5089587300503386 0.9486891559887087 0
0.5259648503598059 0.9503118539886279 0
0.4879752510696742 0.9440831514805395 0
0.4830685773081535 0.9639611470420419 0
0.4948658200481572 0.9757049910107762 0
0.481099730827179 0.9789711817406836 0
0.4714504069595562 0.9501477946802479 0
0.9050231080144685 0.008508799723031646 0
0.008813247012410486 0.9455330931974797 0
0.6823515001610427 0.008618057309403571 0
0.6872438544298611 0.01759814082250744 0
0.6773020681667404 0.01763710671287866 0
0.9931563415594123 0.682196899230588 0
0.9913721486083925 0.7429549822307856 0
0.1655837232593031 0.991442690950773 0
0.1756673161496954 0.9912490635919888 0
0.1809893604352703 0.9817518217013494 0
0.1915583474294126 0.9820674089605052 0
0.1866918695088304 0.9715420620224844 0
0.9913687234535914 0.6418074392537535 0
0.2669601678975829 0.9913801526495768 0
0.2619964999739879 0.9830170730538882 0
0.2718940450914448 0.9830187898410838 0
0.008602470857089262 0.580994438695748 0
0.02020174562527527 0.5763827108365138 0
0.01147092268857308 0.5911200757881152 0
0.6723719389907519 0.008654398103566663 0
0.803711010268461 0.008608612580011721 0
0.7967326630381284 0.01692038415806002 0
0.114894361962222 0.00860247085708904 0
0.4805685023453815 0.9907050777418596 0
0.4904657168776175 0.9858715539753062 0
0.3176765631475339 0.9914265888489928 0
0.2769085818748774 0.9914794696148073 0
0.1960603773377176 0.991475933401789 0
0.007412245434996634 0.1455782120122059 0
0.04379242772374625 0.008248953477928811 0
0.9931304199498371 0.2673576863312972 0
0.9913975291429107 0.7231167606293697 0
0.9913239357058051 0.8543799009337759 0
0.9819210868734018 0.860015439817807 0
0.4607175326185626 0.009132674073959124 0
0.5809424865416772 0.008136175361038278 0
0.8338572133255325 0.00787135494367186 0
0.8242390506510545 0.008322289530937999 0
0.8209203620525356 0.01750660684391903 0
0.008070885176014231 0.8037412288053511 0
0.008451756721653991 0.7835339163830204 0
0.008761735971418882 0.7736827839839256 0
0.01935794552983572 0.767077875677304 0
0.008232284039229487 0.733032776407754 0
0.009127663780559681 0.6325315065917572 0
0.007979846436764415 0.4190045872149302 0
0.5395199013502201 0.008214647126566832 0
0.008395391297235655 0.9050328719436602 0
0.008468393789899831 0.4597339377805609 0
0.06372913117119972 0.008575469209690101 0
0.4190064666378621 0.008171787046174994 0
0.9917150811395143 0.1457037861328636 0
0.3678114085306662 0.9911684446309881 0
0.3779077503186132 0.9909385361773386 0
0.3831765436440034 0.9824469288892861 0
0.9556480981976596 0.9917154943616229 0
0.7936685159870773 0.9913975291429107 0
0.7331316845800564 0.9914362561140849 0
0.7231618748618486 0.9913625796345337 0
0.4601756495890759 0.99074360457427 0
0.4189953638895 0.9913810157792768 0
0.1049562926068494 0.9914536545416623 0
0.09949872139074134 0.9821596287172452 0
0.1456634683121585 0.9913007531032604 0
0.1400001370822654 0.9816439763927201 0
0.1453729440179507 0.008445284782656493 0
0.1405944852869782 0.01805496859368472 0
0.1963982062828499 0.008602470857089095 0
0.1918085474443742 0.01870398344347785 0
0.008653983491854644 0.2062625329192729 0
0.7331965382138299 0.00864774678559499 0
0.9355999964050811 0.008916108488911889 0
0.9901941377604753 0.5301475822317411 0
0.6823648384676279 0.9913975291429108 0
0.6871562431930607 0.9828683510779964 0
0.7837347517327984 0.008398477802140536 0
0.7737990319806007 0.008604161654101938 0
0.7803385929498067 0.01665658507450724 0
0.008334924050551196 0.5298426297174595 0
0.9917924027018841 0.3683203614199005 0
0.9913975291429102 0.3583870836898274 0
0.9924686000156888 0.1051021523900684 0
0.9918073134813743 0.2067628373921797 0
0.8851590467923734 0.008872501140497535 0
0.008602470857089262 0.9357908379273836 0
0.008260884249775502 0.8541541422505344 0
0.009854560800718781 0.5396310865398669 0
0.8442407846807354 0.9914024079954716 0
0.6316798296422268 0.991630557892591 0
0.6217463608500263 0.9913975291429105 0
0.5401814170178063 0.9912809155636332 0
0.05387289606001949 0.9899850800768768 0
0.6723650565562614 0.9915378869777525 0
0.009526423131587025 0.1054096182185987 0
0.01897183074460984 0.1006856958332932 0
0.9902611235001537 0.8952501438345508 0
0.9050397128612646 0.9918486945320648 0
0.06420916207261662 0.9913975291429116 0
0.8718205080756884 0.4600000000000012 0
0.2329210227416668 0.5896895340830177 0
0.1745072964149695 0.3251915074555871 0
0.1740368276176758 0.2855636263285118 0
0.9705010304595038 0.981250796058027 0
0.863290836422743 0.3348955635184132 0
0.870835309385533 0.3304067724795354 0
0.7384261089354078 0.9825699476353458 0
0.7207477101512703 0.9476878849957291 0
0.5101526007669863 0.9915348648065396 0
0.7460026868368379 0.7763662875153472 0
0.01720525800051104 0.5660943067292331 0
0.5670670747144717 0.9815312121860471 0
0.6970083201680507 0.9825056027644314 0
0.2520500410328881 0.9827948632133772 0
0.4293954325158514 0.3057657374215049 0
0.8815486195151876 0.3448744932994005 0
0.2322288621876401 0.5201088743718921 0
0.5322662983388626 0.3247627696078749 0
0.4769635886566901 0.569307191510714 0
0.8631341146001403 0.4454510566631185 0
0.5134347245867735 0.2285772185213069 0
0.7577252286489918 0.4358875766471347 0
0.201000204490608 0.7128930458117304 0
0.1278732771698017 0.2605334287857786 0
0.7835850696052391 0.9416765231567565 0
0.2330276646645003 0.4215348584151902 0
0.2256051510885441 0.4291826826474692 0
0.1744671253643315 0.00887181130144421 0
0.5337870748970625 0.6253179036871823 0
0.5795608315205851 0.7199913402697977 0
0.01865366565475812 0.6574232355720007 0
0.0172051262934021 0.5253425999468468 0
0.2879495799430903 0.3097534826935887 0
0.9427086308638828 0.4978560203987666 0
0.4949727590430448 0.472226352732855 0
0.7590011273433847 0.655100986160122 0
0.0093220943236626 0.04608392279232132 0
0.3509359168144974 0.7546717136532014 0
0.3473030459903723 0.7804991262779177 0
0.3897666699293988 0.2098464121473511 0
0.7738625818545839 0.2421002261336677 0
0.1898810715723308 0.2421244075975869 0
0.753962767846081 0.2396074049563441 0
0.2662559513462377 0.2422119235810249 0
0.849523939758247 0.2418944417055121 0
0.1700056680389922 0.2396250489784404 0
0.8304615384615381 0.2416728326559194 0
0.8904878814986111 0.5894684075834303 0
0.2369941780342881 0.2411151124172163 0
0.7112140211597298 0.6994088918377096 0
0.7123126337205326 0.6896853028558798 0
0.4193831180095591 0.279809245191608 0
0.4145163829198725 0.270089878930925 0
0.119458452290115 0.5124323000900877 0
0.2160134080785864 0.9916175223306778 0
0.2258980550336417 0.9912554350719563 0
0.3273330523553832 0.008842131839857492 0
0.7003338303376407 0.4656581155608151 0
0.8302921918399837 0.8917275336796342 0
0.7105816770819099 0.3815744374308104 0
0.7020271615342317 0.3434466185455535 0
0.6985121632284677 0.7112496495725521 0
0.03129197329850886 0.02022824753702313 0
0.8422753195126076 0.02099517577981119 0
0.9468321603030407 0.5419332033850199 0
0.01709510767676514 0.2013648451478877 0
0.03281371532768151 0.7708321898528536 0
0.7495878105667155 0.153719820326133 0
0.4751855965747501 0.5275727712195577 0
0.4907333333333333 0.5224242063483048 0
0.9145250882210005 0.03879490407575442 0
0.1589433636993474 0.3800687960255456 0
0.3972072295427227 0.6114855233906199 0
0.5255037808094732 0.7412670645391346 0
0.1356277799906394 0.0397442528241812 0
0.4240359822165816 0.9829209048223502 0
0.4339055194960942 0.9827948416589278 0
0.4140847678390744 0.9829825543468249 0
0.2789405845786345 0.545 0
0.8232787835839452 0.05703358015113907 0
0.8177127774051198 0.08078159443386423 0
0.8385377144745834 0.09675610283903907 0
0.06931350949829751 0.9815852495997842 0
0.06203437683474711 0.9707132271751601 0
0.5332337291816172 0.7153228813064908 0
0.1871821616448844 0.8594383901235718 0
0.4756060743189588 0.3298666666666666 0
0.4763141295962846 0.3390539263351038 0
0.475352982447016 0.3200858611131085 0
0.8170338769943846 0.5918164762947531 0
0.9825662095310943 0.6168927150328827 0
0.288999146953048 0.5334631939535849 0
0.3683808894432373 0.3348358860608632 0
0.3442660541532383 0.3211680064202703 0
0.5109011955384534 0.009287534829624078 0
0.9913402034546328 0.8354092924187948 0
0.01888359550728513 0.2817906981344045 0
0.7113455181621215 0.5391283745470252 0
0.9910571217868364 0.4698710486232551 0
0.2464615384615386 0.2417962815297363 0
0.4769614039385027 0.4726952170101247 0
0.6374465849803266 0.02812613859550184 0
0.01660163315391761 0.4321020014176291 0
0.7677330299275671 0.5502919465872222 0
0.7664527661840703 0.5599714979864392 0
0.8012666666666671 0.2788251687417353 0
0.7822248797715181 0.2790234313113125 0
0.4907333333333334 0.4815748312582642 0
0.5090776220012476 0.4817422689286352 0
0.5084316282532095 0.5200530527145307 0
0.1993972603139984 0.2789704097792149 0
0.2178493494427559 0.2787837130748879 0
0.8253496985793642 0.3856083333333331 0
0.09005860857072007 0.9827933978950087 0
0.8685936274014283 0.1063974293985578 0
0.8798192941490468 0.9473043191062119 0
0.1273294334159345 0.3286484840195438 0
0.1709037338372644 0.1852176339614192 0
0.7584522509707836 0.6253018678993267 0
0.9823472528315125 0.8713234409414703 0
0.1285517407466507 0.9823450174292829 0
0.3960704423938806 0.4747033227384018 0
0.4680878043759986 0.5357561328092448 0
0.1181373795501196 0.4133984620103661 0
0.9802304522648642 0.08766459386690995 0
0.823821661744691 0.4358927395370532 0
0.008304780171834225 0.8244382427582665 0
0.2185911200136713 0.5573735151313556 0
0.3417977450599365 0.9813059648511545 0
0.1991010022564626 0.1392922783636258 0
0.311663360832624 0.9824408589373635 0
0.9819822364088902 0.6474627467152252 0
0.2073506669703673 0.9811255363912756 0
0.1992798889763193 0.9734951099414515 0
0.2040515813092645 0.9562250927863745 0
0.8697692711172047 0.03103188756858177 0
0.2878205080756887 0.3999999999999999 0
0.7983897445396508 0.9265805932392255 0
0.5079673137666028 0.8118407741937332 0
0.5334736866823283 0.4047416666666665 0
0.989228396684407 0.01077160331559196 0
0.01077160331559196 0.01077160331559301 0
0.989228396684408 0.989228396684407 0
0.4040554442705948 0.9827660756964156 0
0.007832079205168263 0.3178191512787157 0
0.7121794919243113 0.5099999999999997 0
0.03733260968968233 0.9040024307124896 0
0.8241001872391385 0.5698416027862321 0
0.2960473172833592 0.2688755629798918 0
0.7039526827166407 0.2688755629798918 0
0.5711723490373254 0.6042242540223358 0
0.3935357815187744 0.9821166466106851 0
0.010746584592081 0.98925341540792 0
0.8712905650240561 0.3892880037464723 0
0.5881412364191341 0.8537505531987017 0
0.7688187875053395 0.3897535923893398 0
0.2958551353422985 0.7544721494466438 0
0.8716488464226957 0.6397626344456022 0
0.3899110597207672 0.3342323453351128 0
0.5276548889100195 0.8100246816975456 0
0.3614119327772848 0.9150192203015031 0
0.4895623943751216 0.008606868297542647 0
0.7660152339448366 0.6503298772609718 0
0.4657885805064472 0.9817666390798195 0
0.7212817121689651 0.6647852885472774 0
0.4006809405694683 0.56302760774498 0
0.8086204008500361 0.0196067197621671 0
0.1506796452515728 0.9827088153808927 0
0.1469317720251992 0.9715020435539927 0
0.9826933078303635 0.8495964922030417 0
0.8711903264668661 0.7294615776276873 0
0.4208114638763147 0.7294610737236501 0
0.667431765744839 0.01715215079085797 0
0.202972294996658 0.01656840503609092 0
0.07972412524245615 0.9823240556848469 0
0.0527947504006635 0.01947090962885178 0
0.0748803891892631 0.2202344383638262 0
0.7673740486288301 0.6801251310996987 0
0.2789973674829879 0.2649999999999998 0
0.7210026325170122 0.2649999999999997 0
0.8629973674829874 0.2649999999999998 0
0.2876726227865063 0.6995845630956692 0
0.08727180819358166 0.2002861477261692 0
0.9832258973541639 0.6972666741030371 0
0.6462719432568247 0.2924828274122494 0
0.8255824294117899 0.2957583333333331 0
0.4153324108762402 0.01883752085590523 0
0.1570812087240659 0.06881986480562818 0
0.7198973420176938 0.3053523316244851 0
0.01851897925394935 0.7783441396045134 0
0.2324335153139293 0.690214673264408 0
0.706227140232217 0.9588680004237213 0
0.7208272380475589 0.3752612261107683 0
0.403381238693244 0.1428836802914496 0
0.8393600604800839 0.9832574376478562 0
0.6826048439909085 0.7417525641299221 0
0.5797368972390354 0.4199693267065779 0
0.0190053455526431 0.3937347195159575 0
0.747962994285311 0.0172958388073296 0
0.5811108420101792 0.6167362158314849 0
0.7697721322047317 0.01720727821080181 0
0.0169727907896341 0.2314283090939685 0
0.3275684392624475 0.9919818278636074 0
0.3678342324818675 0.008321804183854975 0
0.7383227336496899 0.01705253975321097 0
0.7339271101142246 0.0262808774021312 0
0.7235015685047923 0.02764667116596503 0
0.2409576447878698 0.01809687282412298 0
0.1283199428774245 0.3964331015977962 0
0.9112603408067619 0.01737879701910305 0
0.2876734606476394 0.3298805127474704 0
0.7212645681481311 0.6245292311615641 0
0.758971334933336 0.5852971604395304 0
0.008617152322812238 0.1646131824428978 0
0.4094028330420217 0.3948697859030707 0
0.008026425112087399 0.8344204381533181 0
0.9429428356143743 0.8860351292735789 0
0.1826967041660055 0.1108528327959176 0
0.5276419971628531 0.5180711103130946 0
0.4722304839505818 0.5183011940448345 0
0.8195794473993923 0.2781907040447408 0
0.7643831046639669 0.278576531633502 0
0.7690421181246954 0.2867638008772609 0
0.472312252315171 0.4819401617319949 0
0.2355963447839606 0.278557277135993 0
0.52758526200402 0.482415450002 0
0.9792461950226026 0.2380066542905732 0
0.5791570226663199 0.52155943612999 0
0.03876523104833768 0.2123465419392231 0
0.0194099972037669 0.03038258726605714 0
0.4289425439112008 0.4446916086356261 0
0.8009870872303336 0.748445868248051 0
0.9797864286388821 0.3271011743225624 0
0.1532327640110411 0.1670014729395605 0
0.6514136936570121 0.2233862316496106 0
0.7092074756749169 0.7645819542651545 0
0.5229480100266511 0.2354305995544753 0
0.5160130022764826 0.2420743957074176 0
0.9825579875912108 0.4753137039984607 0
0.9009766608578309 0.9829468812899043 0
0.8708271809736283 0.6792871004467809 0
0.7588998437661512 0.4756462989369051 0
0.1801346863255719 0.2786920166714244 0
0.1905443020320057 0.4715799551128911 0
0.4673504767158748 0.4138488121250353 0
0.871587775657817 0.5904535758381318 0
0.5246630467650816 0.6200970269228103 0
0.1705173493282692 0.9828006408510753 0
0.8519040904964905 0.9711525138301498 0
0.8713984679678504 0.9827127589376787 0
0.5049795545798991 0.9273998722524982 0
0.7009645942371483 0.8316688906372152 0
0.5428096879967454 0.9582140250458746 0
0.01796243843897194 0.09015482503287076 0
0.0279303567409373 0.09607277812794407 0
0.8670574210125435 0.2211121764762365 0
0.2830574210125426 0.2211121764762363 0
0.9555899685306195 0.360007613024345 0
0.428990027782388 0.9739368415967442 0
0.557429836204568 0.2239929192628046 0
0.5502982392687983 0.2154766197231109 0
0.5468470340100852 0.1849687741772392 0
0.144529731030076 0.2396293549118285 0
0.8545671011660351 0.7590733754659407 0
0.2547726296935199 0.7760009621412454 0
0.2618976911056019 0.7845207290271643 0
0.230784052491627 0.2862863315730203 0
0.232766628584253 0.6504460577301141 0
0.7284363208819511 0.2393847904784938 0
0.7583804717658575 0.3743018921923755 0
0.9691673395947605 0.7129745566628963 0
0.9705527308837052 0.7256301771724898 0
0.9806047427465547 0.7303806458109132 0
0.5957032328488764 0.9827672991688184 0
0.6066926837944177 0.9813678792268882 0
0.9495142108816983 0.02026337147630597 0
0.7388182447196453 0.7632813687301443 0
0.5780550679379518 0.7733110396831837 0
0.4291322058685326 0.5858347977503104 0
0.3896841464820689 0.9125593245890153 0
0.1182774311542236 0.266459156151635 0
0.4840667954300553 0.2167045057752201 0
0.8719421378209256 0.4301283469846026 0
0.4758116734196747 0.6007506721108374 0
0.8166454703316506 0.7017217988934692 0
0.4207983555261913 0.4310495622078734 0
0.8705002878253739 0.7675863462219384 0
0.5707579447239149 0.6863098890461229 0
0.4747542856152983 0.5599781552972605 0
0.8241569616547479 0.4896018604465818 0
0.6337639037837242 0.9516946138562822 0
0.7581301878806501 0.5353583333333337 0
0.2799693317245163 0.7357228194106746 0
0.01666775985193597 0.4140389224392185 0
0.2978488872940699 0.586508900073014 0
0.611288348380947 0.5720023735209779 0
0.2885719198542743 0.3196917236222821 0
0.767219906895061 0.6409553075729884 0
0.1107922455666761 0.9829978945399921 0
0.8885822220535349 0.2663425674219466 0
0.5338861260965186 0.3348583333333329 0
0.5935652273196506 0.2648127997356493 0
0.9258182901146306 0.991564439321395 0
0.2882124345128541 0.4313882393510105 0
0.279971870141937 0.6446328590606814 0
0.1376898164549187 0.2849999999999999 0
0.5335912327202059 0.5758769154988481 0
0.6757323066111457 0.6529378341890979 0
0.7720202654210293 0.9544204677312018 0
0.8366330260266517 0.8077171081380774 0
0.2872515851399094 0.6199662543376656 0
0.4340162119557457 0.7728986595875803 0
0.01718210424629091 0.7571479485891413 0
0.5796798085515568 0.3100000000000004 0
0.9720720184679235 0.6407729442317378 0
0.9589307326063498 0.6437632150385821 0
0.8892331390023932 0.4238013866085054 0
0.4746568928388413 0.4502915047387774 0
0.960432921737017 0.9828660191327852 0
0.2887221519113072 0.7101817010773339 0
0.5335075350396652 0.4143123846838447 0
0.01587747587153604 0.8479114319616312 0
0.5706843629112575 0.4443805629374505 0
0.5796781787623881 0.43 0
0.7675290483878872 0.4604833333333339 0
0.9829145674158795 0.4852817191171547 0
0.9825902734872143 0.4955172554824433 0
0.4720720528343872 0.3669251427440713 0
0.4728082092432495 0.9724614495476001 0
0.1640126489530144 0.2008100536570936 0
0.7479474821731948 0.200725717336237 0
0.8170750658597453 0.5109023584310535 0
0.4097609589262894 0.3837785246861867 0
0.6986485027219764 0.6454405170718884 0
0.8639603669213064 0.6948795184493335 0
0.816590539227225 0.3219369512787152 0
0.9913932774932229 0.663201845846082 0
0.8539897361697867 0.7686986956457038 0
0.7664876687647202 0.4802094789512859 0
0.5336641877562495 0.6040090237573073 0
0.9712759104595843 0.9165799169985801 0
0.2875935015752669 0.4510164304021394 0
0.7702969370552966 0.1675581713086397 0
0.2241686877293577 0.5744523401882066 0
0.7124787204520577 0.4391473431746977 0
0.008079330983408406 0.682172091600345 0
0.3396516818995504 0.2765872384496259 0
0.9917126909014715 0.7928220650925956 0
0.01756883406919307 0.8091230891749306 0
0.116652470213161 0.3421493166113143 0
0.2305157707295982 0.01722690338238619 0
0.7486459552666845 0.9824586600135596 0
0.7336107867480544 0.9725306757804657 0
0.6769807393278771 0.9827509059048118 0
0.6820948538913936 0.9737585799558039 0
0.7124476523556768 0.3404644674917049 0
0.05392920267211199 0.215037392456074 0
0.8095872014169498 0.7625612152409437 0
0.4197111381528639 0.569434768859199 0
0.4027031394342975 0.2703385142825298 0
0.2213208248679144 0.226248356102552 0
0.7377560091835288 0.7834434574062692 0
0.5250996196707586 0.2802930336205522 0
0.2219871068141971 0.406670909412332 0
0.2351158408806807 0.9399339364388932 0
0.2327283087426421 0.6801402937222343 0
0.4485327346192927 0.8300935457517988 0
0.08521799813521835 0.8155641533618394 0
0.467011741014363 0.4654828517841165 0
0.7127481063323862 0.7196515561219581 0
0.4674128685832896 0.6695304985871723 0
0.16540702417742 0.006655249638831739 0
0.1606309804477509 0.9832122460565356 0
0.4791112471684448 0.00812879257935295 0
0.5232479705189228 0.5260047852246091 0
0.7676964876819097 0.7109975106879325 0
0.2760518354256702 0.8394318626531566 0
0.8776657434415618 0.7438339516738888 0
0.412275369186371 0.2591582465641915 0
0.4143680079928198 0.7438234090508586 0
0.8086700177720199 0.7328552944089533 0
0.7121303203184413 0.4095737523526559 0
0.5800401331298779 0.631475223213767 0
0.3562373318043325 0.2158366143623004 0
0.3369745443259848 0.1933129869491727 0
0.3248476501735307 0.6558986696621859 0
0.04340454608471062 0.7544728187004339 0
0.192863569264186 0.6571812834903267 0
0.5859610775607844 0.982981481178046 0
0.4293091114204879 0.4253494150497001 0
0.4247561547819137 0.7811962891698558 0
0.4777649383299096 0.09852099674324133 0
0.82448048721506 0.6851705946496766 0
0.8191087014473848 0.02966088920679721 0
0.7113465147145516 0.5185930469839832 0
0.8558409934060903 0.2268752276282363 0
0.5041890698557576 0.9831907948344156 0
0.6309123695506617 0.9779750331535658 0
0.261746722599566 0.01888050396582519 0
0.153216700266285 0.5048957227969976 0
0.8903080243002444 0.9830329440897271 0
0.2718850566009618 0.2268047351476183 0
0.3981342681622834 0.02784836121383394 0
0.007439666670642608 0.2655602251511286 0
0.8726457028107623 0.650459972083415 0
0.6971483367555258 0.01725819622101177 0
0.6923083030265325 0.02745602429923916 0
0.137946818045243 0.3172601773039018 0
0.5248476200917187 0.7299907100009752 0
0.1749024392570043 0.972414523091456 0
0.0168827480648045 0.4640586926444865 0
0.4674019652556177 0.3894337558284012 0
0.6723060712198444 0.02585087838426875 0
0.4209685381325063 0.6801122826168331 0
0.3173738018138478 0.006538544447243833 0
0.2333698014884695 0.3018169136350323 0
0.7285719634492558 0.9830750559934673 0
0.6102617279156309 0.199406911086117 0
0.6369037635269108 0.8349229121129567 0
0.9833697487996609 0.9311020215233035 0
0.5793640836363487 0.5600000000000001 0
0.1825476530991495 0.290373918389647 0
0.9926974801296284 0.1856403793155985 0
0.9304401619036033 0.8005851983547381 0
0.425615600687262 0.2186696346482678 0
0.4342515297159045 0.2266616407064828 0
0.1188613370755555 0.8581822292126454 0
0.6520622252254085 0.7695602968002118 0
0.8619496646701836 0.5232196256600771 0
0.2357281748900846 0.372400991702081 0
0.6079098737482436 0.6650777020409949 0
0.6182816882979699 0.6535117242455164 0
0.5347614049587857 0.9830899146188729 0
0.68286160080132 0.8082399636161908 0
0.4108526411943049 0.9718774089857418 0
0.5852746202682388 0.016654110315939 0
0.5956678894000591 0.01707683531430326 0
0.6872744288682389 0.7846919795182913 0
0.6850475812231388 0.7690050191335098 0
0.2176908845708306 0.3953201987307873 0
0.5796436670373113 0.3518653950157361 0
0.4208825462922428 0.3303426075918929 0
0.5258310604825968 0.2905160195258323 0
0.5709881660049063 0.3455060251188328 0
0.7524112205546907 0.02792817952977233 0
0.09468425378980666 0.2937055515602262 0
0.3176786942637853 0.4265154961782757 0
0.8158684406370227 0.5524632739936985 0
0.5276347874298154 0.3716321595478863 0
0.5442061618859706 0.7748236786514597 0
0.5371216440785226 0.7837024297804873 0
0.6104099963781742 0.3276123554334148 0
0.01699234450761422 0.9085012588930671 0
0.1695054961656852 0.3896295956360795 0
0.6569062007705689 0.01739982457427536 0
0.4208585764241045 0.3494499849338374 0
0.8721542532571671 0.3993060639196774 0
0.8707434440594124 0.2801207385562015 0
0.2331531218107487 0.7000833333333329 0
0.9822194704658248 0.8087898920213371 0
0.7592291508450381 0.9829847343022597 0
0.4031405122282731 0.3335776614336728 0
0.5794783693204522 0.4575773862342989 0
0.8700067260130109 0.9566769797180944 0
0.9012659288069155 0.01758620022749269 0
0.8907917756666502 0.01701169878332165 0
0.03876320826993318 0.4637068963988655 0
0.1362512634992441 0.7811437526716722 0
0.7140855889555311 0.228158444234995 0
0.9916262363566686 0.5803500797316647 0
0.01581452399704308 0.4045947566812963 0
0.2420857739243469 0.3160893138992437 0
0.9551168546445181 0.8959818280675539 0
0.6192253598276466 0.3531617096571637 0
0.4107262719464652 0.4376263573899487 0
0.02595256124042017 0.2262460069062702 0
0.9846111988160819 0.9592969929617629 0
0.2164442795196093 0.4906524396272678 0
0.5866759816152968 0.257003963635267 0
0.8152892634484383 0.4153177685260921 0
0.6531048347182813 0.07017308044812259 0
0.8626787817636532 0.7345487332562705 0
0.4293240231073301 0.7345479438066121 0
0.5704784212803141 0.2661809689783075 0
0.429695547913771 0.2654780855730801 0
0.7668388448281631 0.6205842702468929 0
0.5778289357536082 0.1867653150526498 0
0.2868588234531772 0.5603658179658616 0
0.02851796326416095 0.5142376721074157 0
0.3026202870086161 0.7635856916466259 0
0.1823854282241215 0.3966618996436003 0
0.9357908379273837 0.9925258073498417 0
0.7582232543066866 0.7348956128656998 0
0.2797438088068055 0.6048499295830403 0
0.6204431925821385 0.6973436683066441 0
0.4298571747680628 0.2364342908663328 0
0.1740961211515462 0.3350155614182183 0
0.6119778690186453 0.5072925171646843 0
0.2665724246411845 0.03901801654119352 0
0.8145567187317839 0.6345062305451135 0
0.5277544609693315 0.9645754044817916 0
0.7135210117626609 0.4303580455642066 0
0.4520599758948898 0.2277176383027807 0
0.4905930054147216 0.203407169055643 0
0.2415696531542982 0.7343396659802921 0
0.8262731732318288 0.7348938555510703 0
0.677292864096728 0.9602160127333118 0
0.02802158198698601 0.07389221464145801 0
0.9740355475012237 0.8538583797856274 0
0.4299737854111521 0.08191668004536257 0
0.9922471784507577 0.3168868921940118 0
0.7978164155953493 0.226179771000137 0
0.7096273158262588 0.04739168279031919 0
0.03088910966973712 0.1162963208014448 0
0.2257045278270439 0.008107823169309136 0
0.8996846561897839 0.6652249271524151 0
0.4122767822358342 0.3633750850840595 0
0.7586837912036533 0.6354052339157602 0
0.9830396230625419 0.3021896396436631 0
0.991272635922764 0.7623721717510561 0
0.3932633754189855 0.7216013780680262 0
0.8719560225671515 0.4508968362945573 0
0.3024719016645519 0.984503868759414 0
0.01657596889869328 0.7897139459675547 0
0.4525480461315685 0.772937949070174 0
0.5046333333333333 0.4737186462995771 0
0.9927385156388402 0.5401560105059419 0
0.4256135996935521 0.8252332121016444 0
0.5950187014548918 0.7316544646086858 0
0.3273434597449248 0.9431159373871254 0
0.3359854428611592 0.9253566947431247 0
0.7465013313960227 0.2330344056118367 0
0.01903198906425052 0.01880325791474602 0
0.2873597876979253 0.3008079713356376 0
0.1623943954082439 0.2333026885420766 0
0.09859205183326902 0.4062462746664286 0
0.9090404558218205 0.3373175246685148 0
0.4752610586506708 0.7115367424380907 0
0.6271922575473241 0.2145764438886934 0
0.9079328842959768 0.02859699427713663 0
0.2331952619623012 0.5096597672124425 0
0.6386094745141189 0.315014857213376 0
0.04059108539780582 0.09301914099217562 0
0.01686065826075483 0.9511328819490135 0
0.7574092525194696 0.3444617071222728 0
0.2991508996650562 0.7166819399853739 0
0.5343451858168052 0.3552061272657609 0
0.007251322051017195 0.3778172093703824 0
0.5521119130719431 0.7555003909009529 0
0.5526557280489584 0.2429363275270951 0
0.4477132152097457 0.2446193373545281 0
0.7399047455450536 0.7556684867897664 0
0.2595467465309996 0.7570628498903247 0
0.156441955399063 0.3571349393969309 0
0.4472758085958965 0.7570553828057973 0
0.8156455734779781 0.4727307759255815 0
0.8016153846153845 0.2430030402084954 0
0.7732742251539007 0.1031657955288816 0
0.5707595353451594 0.5838028523554136 0
0.4786749150275447 0.630813011551649 0
0.008283704755621457 0.3490059250432301 0
0.3217045671962733 0.5611725677757302 0
0.3152174407217397 0.5743676105973146 0
0.7131575729184354 0.2709840646087188 0
0.2868398340799856 0.2709761328991835 0
0.3782536391499736 0.007093109499950179 0
0.1767709110674318 0.5057613057117987 0
0.2176153846153848 0.2430354859498085 0
0.9766090642020735 0.5495791610803118 0
0.2937852132378804 0.9285584950071918 0
0.7133803819333191 0.6011955624995874 0
0.7567338455019246 0.3654475400344488 0
0.2692526577488991 0.07780690132360452 0
0.4746181137065746 0.6826353680573906 0
0.5787855223540276 0.3790296708602173 0
0.4296581365762478 0.6955466754033113 0
0.8088567113387224 0.9823421135340479 0
0.2775796859633279 0.3650000000000001 0
0.6065478197732399 0.01775209348438328 0
0.4203436956165127 0.5388800707352035 0
0.5798799528410893 0.4975109646426386 0
0.9499549133520843 0.9840291455971095 0
0.8804807621135308 0.605000000000004 0
0.5790029026664093 0.2912596372822457 0
0.5800467058710039 0.4741577894694308 0
0.3611350988160941 0.9367585946603383 0
0.9555304350172205 0.5242289021355941 0
0.8923224310225579 0.6539746817466707 0
0.4295523968901559 0.3157980592216785 0
0.9421190321888597 0.8364979851405963 0
0.08457619221599283 0.1534903427267494 0
0.007427097349513523 0.3076539844468791 0
0.1303506679950874 0.2982894446586359 0
0.1821853081501441 0.3202999999999999 0
0.2671142400863099 0.9742427687330083 0
0.2759565988435911 0.9644808825178537 0
0.5882357582755158 0.7057537227997877 0
0.4655534376690798 0.6440901759439339 0
0.5918548325576684 0.3405434854801772 0
0.1300007660089419 0.2295958219360569 0
0.1340981059926005 0.2185845253684711 0
0.9865513600280409 0.4072815091755224 0
0.01567413785043781 0.7281457106697836 0
0.1592455704439751 0.5478678189634818 0
0.9642876153274865 0.9737166786130176 0
0.07167942987442322 0.5442483856485482 0
0.6855499376633438 0.3556230126138878 0
0.4748405786951809 0.3002412265263793 0
0.7133485526131634 0.4011006028778401 0
0.3618053382536878 0.9841692974002714 0
0.1267722255112044 0.82077482829139 0
0.1424036547709479 0.5278064299603858 0
0.7885633048751389 0.01482013683431632 0
0.2328869808463819 0.5294117579912592 0
0.008672909200577006 0.05547029070051596 0
0.4218155173517421 0.6397499111974512 0
0.8712241134835704 0.379394643867586 0
0.8812823564070782 0.3924741216718767 0
0.9912730403027565 0.0484534574140556 0
0.3085967552593515 0.3639455793494055 0
0.5787123665558601 0.6500000000000001 0
0.647513629371451 0.9838726895511228 0
0.6657523637651794 0.9830853166027946 0
0.2443558482232093 0.9574238419472663 0
0.4665680105488275 0.7064813696574198 0
0.8158786584808746 0.3066508953524202 0
0.9642733232440285 0.1664421274387025 0
0.4754936041307137 0.6550656570225334 0
0.2037284307131839 0.3715066147807536 0
0.9833496503038021 0.7384631313829324 0
0.8711418860844435 0.2700239882309222 0
0.2426239158463757 0.3758082636940381 0
0.2041341272910305 0.7254400925411886 0
0.185433647685295 0.7011976373540791 0
0.1750843755702441 0.6403612922586431 0
0.2003172182734643 0.09048234385985199 0
0.7117991424492327 0.4952403370435736 0
0.8241698698644113 0.3579311737470947 0
0.8064487032493362 0.2279921893357926 0
0.5231106349735815 0.3464184544049083 0
0.9828031276588449 0.1712930850611958 0
0.6722659234713659 0.4073669372969583 0
0.4316794039530684 0.1665682592001843 0
0.7004682224159615 0.3755856215965798 0
0.1931238682329105 0.6405355816760172 0
0.2155875202905926 0.007625500691474218 0
0.4751907259839568 0.3104067889387931 0
0.2500872955530832 0.8626891115052218 0
0.4212628787195259 0.668854580726025 0
0.5180615205353533 0.06293123559112179 0
0.2987881654944062 0.2579028307898037 0
0.7012118345055939 0.2579028307898033 0
0.02542034580938746 0.3842072882065476 0
0.5241733554763489 0.4259755351818982 0
0.9843997236226635 0.3732870002849366 0
0.6714037435451539 0.8932852494270691 0
0.6476354903332247 0.8669330306679848 0
0.569992563679607 0.404385998674764 0
0.5343565627385061 0.594614865793007 0
0.3211541651541203 0.04186959899125448 0
0.6315130521655761 0.04218922866017161 0
0.5209968128098069 0.2531041235524025 0
0.02051700901290088 0.5967936713611133 0
0.8457692778172146 0.762629720440966 0
0.01664437905545624 0.6261762708910605 0
0.9433874546130491 0.5802691737603971 0
0.9487303807551162 0.5955913199737348 0
0.4431870645713641 0.2293256916660998 0
0.455894768619369 0.217691706286256 0
0.827423545162242 0.9709683773645746 0
0.9385647513323583 0.09157018168157499 0
0.8165430160769246 0.7128435412802356 0
0.1903685833064195 0.4897367890770737 0
0.2235306376398267 0.2060339755839602 0
0.7139583697760843 0.5500000000000003 0
0.5181922720744552 0.5792010810284028 0
0.2785265257822636 0.6660547919648442 0
0.2962764330392457 0.4308901320120945 0
0.04693073528286618 0.3743203477702231 0
0.3396461784538313 0.688107082115058 0
0.4994533532635171 0.5268462091865395 0
0.9829168683683153 0.9106748698451399 0
0.7299963309164794 0.03705281101802615 0
0.9116253479131999 0.2140464009415733 0
0.5251114027573983 0.6470442645312302 0
0.7973100357432404 0.02718177707111435 0
0.8814932091612331 0.2569263179185821 0
0.0169386737514709 0.9197797014445406 0
0.3044966762774242 0.6345198970324391 0
0.2716347851796694 0.8142330406416418 0
0.01591876102079892 0.9000055546328889 0
0.7659013985192966 0.4516180240628659 0
0.2433449838517375 0.3559100736751455 0
0.7669317393158404 0.5088135241060255 0
0.9569062123097305 0.2784405169459775 0
0.5819980959359348 0.748788237692227 0
0.4949148487862039 0.1320416512481346 0
0.4114215062129049 0.7775156463742552 0
0.4126549077299462 0.2217861391471736 0
0.4026331803242644 0.2125063707333604 0
0.5867988667304816 0.2245853494304949 0
0.2247054963234507 0.7757100687477713 0
0.7136440720868714 0.3300000000000001 0
0.4110660639773719 0.6130712070308475 0
0.5251873940247285 0.7209418034089136 0
0.7880796612273304 0.9839367755168869 0
0.8078911784359398 0.3228034125089243 0
0.7620870343653003 0.2329682190450423 0
0.2177833080553551 0.8648536437086785 0
0.008013890507622912 0.6928726891416064 0
0.2822339956250773 0.9829518689113235 0
0.1709269502151517 0.6153690448880353 0
0.4555933439334562 0.9590215146036202 0
0.4668581479431945 0.01643083080601415 0
0.2866439255988101 0.4910612147624156 0
0.1585489522226576 0.09893536015588106 0
0.08714130259301334 0.6831517016300538 0
0.7660931207934476 0.3212244311421684 0
0.4115317103120033 0.5335374917578588 0
0.2868350086768726 0.5516113081283091 0
0.1782964371592313 0.2332051852776515 0
0.02580602717943226 0.5476477701076546 0
0.7131426238907854 0.4783318064996729 0
0.9838427022286023 0.2822479585396884 0
0.9727116561511024 0.28314050917624 0
0.7222903547007122 0.6148676663482682 0
0.1567844909043453 0.01779089020501046 0
0.2333323894141467 0.3284161493247146 0
0.9060399054085941 0.7796814264866783 0
0.194008155097895 0.6710656259877679 0
0.9403501502476556 0.3538750980453832 0
0.5787407565965853 0.5785436334655446 0
0.7653149064911096 0.6000241070951458 0
0.6185746978432716 0.8555513557363703 0
0.01623690235279923 0.6766169076061521 0
0.1510274035737842 0.3719888323940399 0
0.233018748063263 0.6118234438613337 0
0.2129712347205696 0.7473294445061442 0
0.6180210070632107 0.9179700595391223 0
0.9927048011809769 0.9573021734060432 0
0.413498964185434 0.3346757743218334 0
0.4756657443813194 0.4352527300007892 0
0.5344211621000718 0.2953280881855155 0
0.01562043753374887 0.6972834464453228 0
0.8802500213090761 0.5948615719011444 0
0.849310164613216 0.2081810474961621 0
0.2271780091489869 0.7324279283072335 0
0.5034697889561827 0.01778730742462231 0
0.02719895256382371 0.1061583640740485 0
0.6002014588914836 0.02594335614078963 0
0.4687625974168351 0.9350010906821282 0
0.2656747902775646 0.207789716105036 0
0.4756484181366469 0.4061936492149071 0
0.2327199720886625 0.3433689190730371 0
0.1074378987975368 0.2600763583374848 0
0.9850816893481863 0.8805921537796918 0
0.5786214828603015 0.3899694492484835 0
0.7750318843660073 0.6136441484523737 0
0.01690811053632657 0.4534416431416818 0
0.8175665348873449 0.5201186199181296 0
0.3574941582692102 0.8374987973145338 0
0.5989834138047587 0.7889518681249788 0
0.7548160743716095 0.9709943803465886 0
0.04564090977138008 0.3893022891806802 0
0.9840338501479271 0.9696772584360771 0
0.2868163986702403 0.7285731470686483 0
0.5345454630349127 0.4362687054692492 0
0.8133401760607567 0.2178506849203394 0
0.29547970724456 0.334572289350221 0
0.06166979723273841 0.4003406571018102 0
0.2868480862491756 0.6289927297135911 0
0.9924032814566097 0.9439821015502987 0
0.09476588871015917 0.006569353172123704 0
0.2054468566951999 0.2216591103167864 0
0.107152873426521 0.3526637039184527 0
0.1875973589121445 0.6099228378457804 0
0.7130031712936015 0.7286230167177461 0
0.06853534535951133 0.7999527306829496 0
0.8667590637185543 0.7850938057538703 0
0.4094840769920058 0.4750180978782046 0
0.8794659095465913 0.3545964536730514 0
0.5262870020780882 0.5398893059437943 0
0.400137523562365 0.3759855639406413 0
0.4113190482158258 0.3447093288816056 0
0.2019002240119406 0.6990768432745036 0
0.7121984869660818 0.6748456452337236 0
0.9829928577844875 0.06680846898751858 0
0.2932582641695931 0.9829894165072002 0
0.7674346931536444 0.7228914701201057 0
0.09654682183719349 0.06027951915000496 0
0.8166564616822345 0.04306835707684403 0
0.06816237597312841 0.6509980462175886 0
0.2165429511882441 0.9605433669540748 0
0.421333996320116 0.3597219793893369 0
0.297225903558536 0.30179418108773 0
0.2976039111988023 0.7738619899267922 0
0.04488136141519961 0.849179812801121 0
0.5133788505026484 0.4742284132347704 0
0.01555980156925035 0.9297593973524869 0
0.6056376883722328 0.7431583977096445 0
0.03938459522047411 0.01574438815566936 0
0.4212729607842559 0.3217860130426723 0
0.4219682621304792 0.7008682767556387 0
0.007066212394421345 0.4895386186021218 0
0.8262008944157436 0.4253521546357562 0
0.8572778275654613 0.789824019214222 0
0.006899987591349965 0.8751084919306575 0
0.7139235218221487 0.5697168165769668 0
0.06358066535140872 0.6325122310385796 0
0.1294367038492819 0.9542847334230755 0
0.9838621541503085 0.4441179949965626 0
0.9718058048728551 0.4327334307361885 0
0.9398347069964206 0.3342679309022774 0
0.01683827049723119 0.1805420753200452 0
0.0164438192914198 0.3299919436181946 0
0.1734783745017763 0.3048166469831293 0
0.4439551028162297 0.01692597217978647 0
0.4322314172294884 0.03041822993204302 0
0.598703252076475 0.9716937378112391 0
0.1972201105825322 0.457826920723726 0
0.387546603640502 0.6599068351252695 0
0.2343630731379068 0.4303887158231341 0
0.5782711934662015 0.4386687466061514 0
0.5246735375711452 0.553383264500048 0
0.6179214066845775 0.6785567360112412 0
0.1885984820702389 0.02927228610403532 0
0.03928665176832724 0.06757668839081005 0
0.2422483245904986 0.3858758321648851 0
0.3120765457366577 0.4692908838296738 0
0.05982650092174985 0.7517532603918053 0
0.9499268317970971 0.1627552335893697 0
0.6366462774451352 0.9848136935699681 0
0.806177489457431 0.3989324524834909 0
0.4214557676087763 0.5008906949259335 0
0.5792318873280117 0.7853259737518116 0
0.8739783100806064 0.3114414913031722 0
0.22316970481892 0.5847824501568659 0
0.912513168443027 0.8204877381541476 0
0.5791280187050544 0.6721934317629864 0
0.09329708297131761 0.2167551139721555 0
0.2339682116572446 0.4503232847882258 0
0.5153571400755057 0.2745363326155477 0
0.520832427352229 0.3976760449019863 0
0.8258157715684759 0.6570655419755704 0
0.8792960027259147 0.4248504662924235 0
0.6077536109406805 0.3398352559724001 0
0.4215156808995688 0.6508284178454256 0
0.6142512510194775 0.4376913616471163 0
0.5560840197725179 0.9594544384559613 0
0.5744961835224323 0.9720727622589197 0
0.286505313084321 0.6901646981402925 0
0.3859669375080002 0.7764738480917321 0
0.2982461740726653 0.007870912380404549 0
0.8700937864125379 0.5508875426192228 0
0.6722370277867199 0.542765046442631 0
0.7045046641485317 0.8107158859635056 0
0.8192575830938928 0.3393547820753079 0
0.8700172355414897 0.6706433041036142 0
0.8273548058366269 0.7847428892917405 0
0.1626222916249509 0.783532479925241 0
0.5382871222948359 0.9384424165027413 0
0.06708699040320087 0.02884161926008455 0
0.8185006323649215 0.390669810252836 0
0.4743174800372987 0.9838894930394178 0
0.2060598392535932 0.2872804301188384 0
0.5912615422188781 0.1956766582642679 0
0.9848323978650904 0.150679645251573 0
0.5680155938818826 0.8114250566555123 0
0.5862847391151529 0.8224349143251796 0
0.4213040743876333 0.51144299444145 0
0.1890970210011019 0.3348717398054085 0
0.1820746088574025 0.3301009286132962 0
0.02588522122797665 0.8517760766954536 0
0.633901113536532 0.008842475027853069 0
0.6407944546746951 0.01656935928537295 0
0.2882650417767875 0.2291026058135598 0
0.8722517245479855 0.2291239024811262 0
0.4824290566561907 0.7548261080336947 0
0.4858879061775179 0.7466357700412245 0
0.8560282602666631 0.08237638700237437 0
0.8982856844773875 0.7227457225353699 0
0.8261912449806048 0.49739445480482 0
0.09373994601751412 0.2779104123951002 0
0.7650344296501317 0.9644628954148711 0
0.6454877225382782 0.2680757453440358 0
0.7823846153846152 0.2437519574823785 0
0.7426368017535686 0.02457961796976854 0
0.7418066984462308 0.03456800555275674 0
0.7393886098367625 0.04850686513593111 0
0.9410617444024749 0.2757226068962797 0
0.5895557812169647 0.6155383359683824 0
0.6719731896580217 0.476138367870053 0
0.9845840620760939 0.8878969085736246 0
0.6707294233489753 0.2327052488992787 0
0.324856232554172 0.2320894380727288 0
0.9088562325541721 0.2320894380727296 0
0.1983846153846154 0.2437730647967254 0
0.2335849165521897 0.7154666673113738 0
0.7223597748897767 0.9650328076156323 0
0.8707359096901959 0.562291855307062 0
0.4517872330322426 0.8092861735628016 0
0.5788256234842577 0.7017231906600265 0
0.5323236222256177 0.6529931480653102 0
0.9589721952315784 0.5711040234176011 0
0.6093844072416748 0.3968068974215778 0
0.07749681554159199 0.3046460850043016 0
0.6393625966035328 0.09613191066500132 0
0.3880167691099371 0.5221246424812496 0
0.005940711513860997 0.257119431416172 0
0.6690399314262306 0.2955519662136086 0
0.182902019635349 0.6830935797958033 0
0.7138082232813669 0.3207051056201779 0
0.8156158005663671 0.2847352633256051 0
0.6677376378638523 0.8347141941038506 0
0.9805090244811541 0.9787505749360441 0
0.2875791771792388 0.7449790052178604 0
0.3307832002273876 0.4855992668234348 0
0.658407629952972 0.1989854762724767 0
0.7778287960912617 0.2855415043962453 0
0.777076442797254 0.2944737383978819 0
0.4386171731213149 0.9727848765470348 0
0.5248916043591558 0.4523756480873294 0
0.8173087052766814 0.4439691995286785 0
0.9931805871335789 0.05554370363846006 0
0.8179091693606807 0.7295309855821619 0
0.7655655765177847 0.4304794279573226 0
0.7665346296568588 0.5235559466680815 0
0.3970629353960199 0.7863131370378893 0
0.9389372903541666 0.1987017346984657 0
0.5342425213670632 0.6671999347780605 0
0.9439019187880712 0.6110257430527812 0
0.01628846530642913 0.2917228061766002 0
0.5781701723109244 0.4904591825371606 0
0.3872037890978953 0.2352753881915523 0
0.3898448578225311 0.7648846638000191 0
0.6117070346999098 0.2306346111134356 0
0.9020525836497018 0.7656051361395459 0
0.8799072142199613 0.3739936788446455 0
0.09591172547933569 0.3891519387813693 0
0.2328858242213731 0.4929299721002605 0
0.5154484806730375 0.5260182146621213 0
0.2700807709411327 0.02934526326600673 0
0.5259398661007904 0.5809170551341443 0
0.01596738683511617 0.5459471148357984 0
0.006686706990401525 0.3679819452212248 0
0.06059792456097945 0.9828918912477462 0
0.4896693691482215 0.2419082011177459 0
0.332405691518267 0.9838634457119305 0
0.3141586226730103 0.9476744842956727 0
0.2857941836445144 0.4803373671416555 0
0.06772548596467592 0.6862366503907793 0
0.9829504350960737 0.02934727457519148 0
0.9824137304460847 0.01868563863806133 0
0.861868387836956 0.6245365517678597 0
0.7678049418341337 0.3565988178715506 0
0.3359605259453551 0.2973688406415694 0
0.05581391699204596 0.1693202726095492 0
0.9602465736278336 0.7327203514536595 0
0.6239244970618321 0.05876002133770991 0
0.2856966343902206 0.5696872429597721 0
0.702476563808366 0.6905713880996989 0
0.9523907752572127 0.5097679515331369 0
0.5326268199162184 0.0161915865171014 0
0.5682267109269802 0.04381751688323426 0
0.5544216830658507 0.03862137979953201 0
0.7016670850399067 0.4429100917291114 0
0.5338257338746379 0.3059120431761573 0
0.5244669005835612 0.3178488688848642 0
0.761989141902172 0.03617843108134733 0
0.7964893840688855 0.285883057984004 0
0.2239700935875802 0.2340777257738921 0
0.5340546558882013 0.6354094994228474 0
0.01689685893947657 0.5550694933318903 0
0.8545479749195046 0.2352345495147679 0
0.8294675371619147 0.01519176313704573 0
0.2876118862853333 0.503903361460473 0
0.01661194851809317 0.1593412037594582 0
0.2520218111972496 0.2348403752696194 0
0.9839717952890705 0.1611030056031141 0
0.1381605830489102 0.302484393036036 0
0.2230649642979352 0.2851364493620938 0
0.4741163344210996 0.7384238653300754 0
0.7020022341811663 0.5797495052836518 0
0.827523467965956 0.6048900420331877 0
0.7143597882167068 0.6513672615090599 0
0.2712260484400869 0.235846006898151 0
0.01694093898937837 0.3546793297045132 0
0.5780457784946478 0.3981176591280824 0
0.9842739491927535 0.7874709853049111 0
0.4226333633123611 0.5201665243224752 0
0.4690496415982676 0.9625343122004694 0
0.4660035216183918 0.6771851494450958 0
0.08506426083007868 0.6595160335153526 0
0.9472279000349344 0.7936219173772038 0
0.3629381997492075 0.3089352459294928 0
0.7026658566464343 0.5110267621836607 0
0.4631201099471297 0.2275555696846117 0
0.4774936373957925 0.7644009862158765 0
0.8263012918274812 0.5774517282014897 0
0.465072156118759 0.3660278000897089 0
0.2133125909865632 0.5778493767976534 0
0.09543706750047998 0.2650950906705282 0
0.8360125362676022 0.234716657299291 0
0.141195486856661 0.02964352123110281 0
0.6018745204310766 0.5803480256107317 0
0.5090668652559195 0.5837464987220771 0
0.2862895839061385 0.2861475100651966 0
0.712514941428199 0.2863219323108106 0
0.8174051805816527 0.6162355285255623 0
0.1353686217700065 0.4095146528101942 0
0.8497583703337503 0.0212621768215005 0
0.768586678254688 0.9844364209958925 0
0.4805603973456469 0.7848933271323928 0
0.6783281151518227 0.7561251597735936 0
0.234797474243949 0.0259808812313207 0
0.8790738814711313 0.7259171281266226 0
0.4130974063232797 0.7256097318222349 0
0.587068517599305 0.724820215230263 0
0.3887049606943306 0.9727491480325429 0
0.8871755029839699 0.612795188314923 0
0.5259289816725685 0.4611543431108328 0
0.9116144513030258 0.8709006256712268 0
0.1638761932484678 0.7134776643988213 0
0.940718287135244 0.01711659443213598 0
0.5844109693940336 0.8017227200965543 0
0.1248934602734428 0.3842292122820156 0
0.4741430063963691 0.291041518772324 0
0.4654118575380723 0.3965659204492341 0
0.5295137212449046 0.9751939241347968 0
0.857295998948201 0.2172011504604544 0
0.5783679830054294 0.3179007647776085 0
0.7649939769422225 0.7303817724335808 0
0.757176073081177 0.4458417949559215 0
0.9725062565372642 0.2975500063531348 0
0.02872401915125894 0.2374812531447232 0
0.9840432475857873 0.8412841811498279 0
0.510211483350332 0.7684399042706955 0
0.02792718022600965 0.6141985174027943 0
0.4841950958139572 0.4357399715546353 0
0.1095881117086444 0.2502635101209869 0
0.86981747743196 0.5192839171690987 0
0.2731764900668925 0.2170143681948435 0
0.8348145475116354 0.9757048017882368 0
0.2574845499741237 0.9751384821471299 0
0.8970744436959937 0.4682925639004694 0
0.8540190841278852 0.006466170291175799 0
0.422485922620509 0.4906989111765427 0
0.4823344278720064 0.3993818645315927 0
0.4895623943751243 0.9938573211190138 0
0.2972962200486967 0.5294854501154221 0
0.4751369428537218 0.3745259037644592 0
0.09552055842201135 0.5805665156608083 0
0.3098189695746141 0.7838824553583827 0
0.1999869634348567 0.3587436693913767 0
0.8693890192796905 0.4900000000000003 0
0.2864832161122846 0.61222549858149 0
0.6068496896447191 0.215213697947834 0
0.2341212654127374 0.7301455021973959 0
0.6935195306736319 0.5956315147536664 0
0.9833386254427314 0.1182571079134703 0
0.02895069312648374 0.08545416857208965 0
0.4239722001692883 0.01488691723470387 0
0.577165494378117 0.54 0
0.5845799250367669 0.5384203760159865 0
0.5782069283289512 0.3701270942009209 0
0.9094467525048844 0.05136062077256726 0
0.8786657771181494 0.2966718742490215 0
0.7536010814283931 0.7836924297579337 0
0.4226970540664434 0.2702755189013811 0
0.3584090482938915 0.2677847705658809 0
0.8786318858170218 0.2657365723565246 0
0.9744237930611837 0.1637588892526062 0
0.1282419589635002 0.01664626499118171 0
0.516604762223517 0.6845445062960049 0
0.5756907846838697 0.0153503596473949 0
0.9483138461013441 0.4387532923109054 0
0.5427375383004048 0.04489773118644547 0
0.5401446106762792 0.06172869413692195 0
0.1814186257803614 0.2987119676123718 0
0.8604433545054914 0.5750000000000001 0
0.7747116064484467 0.4052112273431843 0
0.4055160923220061 0.6786527575575428 0
0.5488132348566785 0.2366542689033249 0
0.4512556007138337 0.763487868408572 0
0.3933921549758307 0.0163524512162998 0
0.7986567744337001 0.7589754119072931 0
0.2633772871495564 0.7633554607808916 0
0.6779735379669019 0.7151910077015028 0
0.08749286253772187 0.01770105022067681 0
0.870004545523219 0.2981296274073492 0
0.7858986259415461 0.7594071561877863 0
0.1523682052177233 0.3634010485369867 0
0.2951162446295995 0.6252259710240243 0
0.7942847750668133 0.7809779392660665 0
0.01495743130685301 0.7374223987961347 0
0.2765398957096172 0.4150089557135456 0
0.09637234221045737 0.6075587581903876 0
0.627783751508892 0.3686726978913055 0
0.2241411902663332 0.5946844114277754 0
0.9443382321166198 0.6480271473977066 0
0.983156292183001 0.7555868019699274 0
0.5773713919715094 0.5974915695520169 0
0.5683943966917027 0.325 0
0.5783873849558593 0.531624472616502 0
0.7354075497787104 0.2428569497977323 0
0.7148817500367981 0.6585383791484616 0
0.1518063221109279 0.2428919079740804 0
0.01866849126039044 0.6073934080867054 0
0.4229238973671405 0.6599062929381827 0
0.7659860273285771 0.6101054551573923 0
0.01555596102965501 0.717785031234886 0
0.9842585355048186 0.2192700568632227 0
0.9760142994166789 0.2194648925820505 0
0.8268682938021349 0.3434689125896782 0
0.7017279844392703 0.02636595715570283 0
0.7951294975816066 0.2090125523657689 0
0.2864656186775799 0.4078617981016843 0
0.3827512399688371 0.01600893539417275 0
0.2870722538054844 0.3394276171358755 0
0.2865903333069554 0.3478581137758791 0
0.04609599004826881 0.9848554364631946 0
0.6106829969283976 0.4249531809916529 0
0.9842363089519784 0.3834545713472262 0
0.9779907345543777 0.3883843599133593 0
0.8177947986294872 0.4081612536900472 0
0.9134607186564426 0.1739814015608582 0
0.03252545016302127 0.9837100189034601 0
0.5450096482468214 0.01614501352610698 0
0.4974801992666986 0.06071985448002043 0
0.05924748382118861 0.01498424111568641 0
0.2864535788631949 0.6709356942638858 0
0.2339776644663595 0.4822986852039556 0
0.5163880917791718 0.6483359927084379 0
0.473850131818458 0.7291008687040861 0
0.1927800112891144 0.9620352911943272 0
0.1804615559922222 0.9610671554773523 0
0.02820801820235108 0.8085803021005045 0
0.2344497841152944 0.708190261341123 0
0.9213665094952582 0.7839537378716627 0
0.4859670086648156 0.4749021122467064 0
0.8190535693903739 0.7208634180921339 0
0.6219773008586954 0.9380425880003621 0
0.2768495806588925 0.9756978080218032 0
0.4735157154817881 0.6159685852530392 0
0.7661355947559894 0.3048942037262489 0
0.8174848694319623 0.6781740377937659 0
0.7051158302718354 0.3253925058108983 0
0.3373958239022652 0.5641789245471674 0
0.9600353843534224 0.6196675452690521 0
0.9649540866315826 0.6315585912477046 0
0.1116523765454684 0.01503297891294353 0
0.2264814766544939 0.1934150384690615 0
0.8705713816795505 0.7019513589243811 0
0.01577796298402384 0.2418574498450278 0
0.5355787509354423 0.3741410769639265 0
0.6268810965860427 0.5769259717851287 0
0.8083293236565279 0.5588272983897961 0
0.4830607849732476 0.3155160935011269 0
0.4425141982751903 0.9536187359406612 0
0.6279686600338611 0.5112863593956835 0
0.2039897703518175 0.4940027148214321 0
0.9406782077737181 0.986017646438776 0
0.5666600166444873 0.955025278879019 0
0.03091163436546895 0.2994109678196399 0
0.5793250287314717 0.5128284996009889 0
0.6982224496204353 0.7630225020499674 0
0.9844974746124364 0.1065641272574627 0
0.4226414434233181 0.6299999999999999 0
0.4365738492026677 0.2161898358500777 0
0.9847617084616025 0.509918364969298 0
0.6914726845802921 0.9751366922029782 0
0.8087713560909684 0.4786784943245974 0
0.3577281852755732 0.2512580973190167 0
0.5997941868916032 0.776516032895316 0
0.5203759610818075 0.005700460148991449 0
0.8691018292054339 0.6190561056663124 0
0.2858696455488521 0.515105785843637 0
0.01454025670020742 0.4236408373293995 0
0.3227228358583177 0.4071763152347532 0
0.7965698357273399 0.8987084230902472 0
0.3854250305994519 0.4088833501109913 0
0.01652776730120342 0.4426146547063571 0
0.8804006488105781 0.9850081894364369 0
0.119650734131127 0.9848245479657964 0
0.9841318323891683 0.2043479852406085 0
0.07627159891626523 0.6180743077790243 0
0.6837237194463235 0.2963858987300272 0
0.1310272725702695 0.3201463451219125 0
0.2125953711220015 0.2257305686800737 0
0.7662370875662157 0.3285332943252727 0
0.7139206466995119 0.5018686534691085 0
0.9753488199051483 0.4811905192154346 0
0.7340145732439771 0.0624245674910201 0
0.6025549343589937 0.5161093289299641 0
0.01602621056045078 0.06101298336395866 0
0.2338261293369812 0.5977994316171716 0
0.2354833966137945 0.3902609932328018 0
0.821979772838166 0.6413301842531782 0
0.8642587021766218 0.7736981822698726 0
0.8883903782886577 0.02525556308446286 0
0.2331346744722016 0.3647252357866738 0
0.7644261205495138 0.5305677705971755 0
0.8197898703099259 0.3308010072507135 0
0.4843715220718475 0.3330954708229401 0
0.8266071249039726 0.5630128551195478 0
0.9612539083516366 0.5953292578177765 0
0.0153744030936897 0.819442295041573 0
0.6723612857589588 0.6277274280626662 0
0.5257392975890931 0.3624377368008589 0
0.6682578121534932 0.766800742528047 0
0.1490613850840786 0.01571790844314153 0
0.8792594959136102 0.734371680223019 0
0.412764627957169 0.7344500915146936 0
0.6272432526781466 0.985537524456643 0
0.868314200698479 0.5393740798896917 0
0.7129636624636346 0.2978637718695028 0
0.124023844679957 0.3360938394700818 0
0.8751207323010919 0.5044204474565239 0
0.6947394811457958 0.3589762160658961 0
0.6948968702996399 0.3507658146900362 0
0.1729344934270524 0.2776231397510232 0
0.2347536942803723 0.3216014435475093 0
0.5233800615141845 0.4757976262342918 0
0.8272047762937764 0.2773852299248317 0
0.5350799775677137 0.5172357386850603 0
0.5352945550112477 0.4831714233337333 0
0.4649200224322862 0.5172357386850603 0
0.4645165989469094 0.4831933217629397 0
0.2430799775677138 0.2776357386850597 0
0.7569200224322861 0.2776357386850598 0
0.04222325433520924 0.1166236952379548 0
0.9556573933875276 0.005595794133413934 0
0.7156378502409678 0.6097499495519889 0
0.5291383794376021 0.7926147411162717 0
0.01426408990918282 0.8392969023625937 0
0.9633372074028781 0.01643094970466086 0
0.521231442506191 0.9369659583852809 0
0.2250024487379983 0.565888082780469 0
0.8429896421410981 0.9762609918692506 0
0.8706362253302761 0.2901052821156797 0
0.5866992625962354 0.7342853414331703 0
0.416378332462843 0.5769256836594076 0
0.5786199545868416 0.6236389589910977 0
0.9860344273645929 0.5664459839016006 0
0.2334607964999923 0.6229117552445813 0
0.7764788963157362 0.7074342102720718 0
0.04726575335851224 0.9104215302807515 0
0.9728792831797863 0.6233216262921595 0
0.9760133617153686 0.6955014825909864 0
0.4655695385927012 0.3522961474224493 0
0.8689411057945472 0.4999999999999997 0
0.8179661415766848 0.6927288824847124 0
0.7193433762930078 0.218272292042918 0
0.7131512998789851 0.2072977333803522 0
0.1195863325869694 0.01444182114969261 0
0.2339005280391139 0.4678778192566639 0
0.5344402876799057 0.3872400711035206 0
0.8181052015800475 0.5027981012591319 0
0.3609910773573157 0.9756119935750047 0
0.2851459624025766 0.279104736947868 0
0.7149658109398531 0.2792606357344911 0
0.817796055484859 0.6623065970074857 0
0.8279580095004534 0.5353863766415596 0
0.4216554118227019 0.4392541687658714 0
0.3265092635018962 0.6425456969930898 0
0.2852772049853867 0.3809163724222378 0
0.9839330123733194 0.5223122472876813 0
0.140805444103599 0.2298098064600141 0
0.8702290264917723 0.6873348722461661 0
0.9836843329742389 0.2555353309051334 0
0.7986539848082941 0.7391274408400581 0
0.719901238181813 0.03815190725499273 0
0.05137410207301418 0.1063384609937311 0
0.7558071945042765 0.3356916666666667 0
0.1982752742038321 0.2864421730066636 0
0.4652359757641948 0.3825204708581824 0
0.6566307299817802 0.9851199545021405 0
0.4214866136144682 0.4737748276753783 0
0.5824375162593503 0.975706712383712 0
0.9844859155253316 0.3925740793350216 0
0.8917984379239683 0.03296838174838923 0
0.2220268556175851 0.8019760847317097 0
0.7305319290224128 0.1672975326409838 0
0.4652802108996482 0.6627200804960208 0
0.01677695275815383 0.1326420090571158 0
0.8204090781096661 0.9824513404503014 0
0.920432135111185 0.9690308090906894 0
0.619256376835202 0.007195176034387185 0
0.420604299834374 0.6128714877901712 0
0.9738274246421083 0.8136546488518651 0
0.02675571020792689 0.4578462025122794 0
0.9527596108799661 0.03142761913673164 0
0.9203132565662722 0.01607408970614421 0
0.044145990390906 0.2391235248063127 0
0.7654710191255927 0.5890320059199265 0
0.8179907900076131 0.3133582984306229 0
0.8968929001992264 0.3632503721877136 0
0.4738235224080978 0.01472838049111586 0
0.9858341060025064 0.3633537225548648 0
0.8180079141032277 0.5830596980588925 0
0.2354331150592851 0.5004166666666663 0
0.6276640332474208 0.4464102257795921 0
0.01636723530872097 0.4722278008614558 0
0.7659696376805919 0.6967492205038588 0
0.8772119126837522 0.5465663547956876 0
0.2161265539122018 0.4261802735490648 0
0.4427152932440955 0.9639870944780617 0
0.3533604410691952 0.01478506859748635 0
0.9570177885477777 0.5574260974841396 0
0.9578606323215569 0.7068716662857286 0
0.6366701199473315 0.9675896018828306 0
0.8005640404997312 0.3924192169417043 0
0.6337261550102441 0.07248463074931433 0
0.7057879072900587 0.7060506744876487 0
0.985974833530996 0.2112981228779593 0
0.8190133260165892 0.3000837675748359 0
0.116809789794922 0.4343214368343765 0
0.1318264029805774 0.2896243059223306 0
0.8612941919675772 0.5371951260102468 0
0.01597446980566664 0.2496607045609434 0
0.1997563588237402 0.9844084256857765 0
0.9559594522539059 0.9362154334879986 0
0.4791170675285424 0.2641786294473435 0
0.8693104298895193 0.5094294000679144 0
0.8184871202058719 0.4546400229405596 0
0.8181746795104197 0.3630031424018978 0
0.3257118547507308 0.7789155267338308 0
0.9701877402434927 0.2274516485889552 0
0.5363428526146065 0.4446749999999999 0
0.0168286915440361 0.8579859218964879 0
0.8199420218099773 0.420805631411818 0
0.1651668308750917 0.9735229638544816 0
0.9833243206066766 0.6701492891219659 0
0.2856544861441548 0.6519185652564834 0
0.7049095714588136 0.2994355332238076 0
0.5769338880356646 0.6927404483831108 0
0.06956120853017755 0.9624573808946592 0
0.2263093154333097 0.6753839326008437 0
0.4641002389036112 0.6353372548605309 0
0.421704459511829 0.4640920616036026 0
0.01511839088965677 0.667360397321124 0
0.3459275842613826 0.01518980674193082 0
0.7143953206402962 0.7387846879261493 0
0.8267541047895157 0.4828939098205639 0
0.5551905468339283 0.0154726759531052 0
0.01599642189949807 0.8930063218929059 0
0.4443034201127053 0.7748528611952917 0
0.2687204229363954 0.7781702012490068 0
0.5434571128604315 0.2218349974279171 0
0.7648442992357342 0.4209753194089302 0
0.6616687674109534 0.2615641725174186 0
0.005691120251564152 0.6415378081544569 0
0.7357565030087414 0.2019120606885705 0
0.5081771582079327 0.6835545458361931 0
0.1355803192922035 0.0640655053406613 0
0.9737333020378403 0.3610095400449651 0
0.2861191690736456 0.5974815902277048 0
0.5179594303170066 0.3561382010970736 0
0.4744330513765764 0.5438414519668069 0
0.06021436193427454 0.02211318386644689 0
0.02567561301973909 0.5681798922215959 0
0.384671222491714 0.6055194904446213 0
0.3447191730694614 0.8645451754643434 0
0.8272624428163655 0.8343500252725574 0
0.5273045493950395 0.3990789810333885 0
0.5078544771779219 0.2691974896096209 0
0.4840055408379451 0.07447423341492532 0
0.8778065597330789 0.4553145022350077 0
0.5780895274653471 0.6572626901700429 0
0.4906964072483162 0.515765623354508 0
0.5267607596389576 0.5883690497914356 0
0.4425378878826027 0.2447473317315443 0
0.03412353814962632 0.5658065805856337 0
0.02665768869414847 0.7122085589788855 0
0.01551697071017072 0.144219362445638 0
0.7999855295541669 0.4782419905580943 0
0.01660176534157631 0.9707093800361868 0
0.04647141732555204 0.01536266696728883 0
0.5265481000828512 0.5327943402413358 0
0.4908577336024327 0.3999939009441648 0
0.98566721986426 0.5760597205405188 0
0.07915708224650642 0.4137530787499581 0
0.7255795881365743 0.2293327612216007 0
0.5860467537862505 0.715597561023538 0
0.9850801562888772 0.6810259724422547 0
0.8492359410092136 0.7555113142028669 0
0.9834207678133835 0.334813796471274 0
0.4112257941740042 0.287274443483467 0
0.2024423119397485 0.9355533284688304 0
0.2112928663027612 0.0139612484926192 0
0.7764639489744536 0.3051579950903497 0
0.01522069737953963 0.1191015850203318 0
0.1071617237591846 0.0776798391433528 0
0.6775748186906668 0.3619042941512662 0
0.4376666062233152 0.2341339474953947 0
0.5780800186939126 0.5528765679881023 0
0.03982611628497934 0.6186664789619823 0
0.304260474630755 0.01490131632511515 0
0.3053499127188205 0.5292334684821024 0
0.8055739135507917 0.06706291921984792 0
0.527031634361606 0.4688753947058891 0
0.8980493320080309 0.5968655330754407 0
0.4121329744997323 0.5635159907672299 0
0.2238673295155347 0.6108489785607877 0
0.3032321815432759 0.3726292384598865 0
0.3840377864336715 0.4677905156664787 0
0.896045396593327 0.5504030525089285 0
0.7142015146674856 0.3127820003779046 0
0.344042815718513 0.05446448597607334 0
0.993948309867553 0.4085147413394204 0
0.3109079925566499 0.5215582212756563 0
0.01478925801086539 0.3619386163603043 0
0.5274077968966238 0.6400237867984623 0
0.9931759364230854 0.04177104741919202 0
0.2248542653934291 0.3141972154817672 0
0.7655608209944986 0.02662186442390302 0
0.5353443080960852 0.1935749976418737 0
0.8700735831453313 0.4776606073657027 0
0.5181690922521713 0.3408140609203331 0
0.4211345510528657 0.9631663332750174 0
0.7992594428643954 0.5584257056759208 0
0.2857767707818861 0.6375606388144658 0
0.7437086034500666 0.9624497709850087 0
0.984500338718823 0.1299037805163041 0
0.9770408902887374 0.1346370334318106 0
0.2355694135008471 0.5443165471226481 0
0.9846101718067288 0.1403529009369144 0
0.8333026685654316 0.9605618126736337 0
0.6873152572127504 0.03804629601126153 0
0.473816888219731 0.4426493273937847 0
0.01444265684364976 0.7987669669293676 0
0.1818176897929094 0.3133973842742923 0
0.7065977687285391 0.7140694351219569 0
0.2686451247286675 0.9495696959634377 0
0.3795818824676042 0.223391417671966 0
0.01790401886933901 0.8668558827336186 0
0.1593810631618235 0.9620262335111394 0
0.5142838944575071 0.3929083314952084 0
0.2256229858749709 0.6465722193496153 0
0.7666458011178064 0.2946350375682109 0
0.778226989626173 0.02601124906206764 0
0.2342155387010701 0.2933752869857158 0
0.8942494349602617 0.507789842992505 0
0.5175913272456734 0.4214552165063385 0
0.4816101455862867 0.7403500050977665 0
0.8365918385347881 0.01540507211803049 0
0.4823598209429639 0.1945655260660833 0
0.5872187205715435 0.9641349321925794 0
0.985097326265175 0.2668187899797342 0
0.4188256268794596 0.03104017612864707 0
0.4815088916219184 0.659997470677252 0
0.3510682413126209 0.1710909191295729 0
0.6907983846667354 0.6934497660275535 0
0.5010540207513691 0.7763917028808531 0
0.2058118850995996 0.5665956198328208 0
0.807282497917901 0.2047757867378334 0
0.2116806461321648 0.9863823844628867 0
0.8474417809244832 0.01502672665426835 0
0.7627663596956088 0.7787534296277914 0
0.3074886538913122 0.7233903321164165 0
0.3186008226225544 0.7241817507091172 0
0.6959469291565954 0.332130558247952 0
0.3996381529072137 0.4267883878683679 0
0.8453004004296509 0.9583384916369343 0
0.7740149704953776 0.3612559164141484 0
0.3794849214368201 0.7110722309302155 0
0.4242718118727597 0.5901103455448208 0
0.7712739989074372 0.7771529104925321 0
0.519199048755107 0.8254497796010422 0
0.5284040799541211 0.330675190630808 0
0.9103222092853307 0.9843944370800553 0
0.5788309744866874 0.4130543543016323 0
0.6905620729183064 0.5152519247088924 0
0.1716862384055004 0.9538619631414741 0
0.8834932909140116 0.305371736839475 0
0.3694489627795808 0.9701299333817306 0
0.4515719202424499 0.08535071658581017 0
0.4042753957270488 0.3542376775528057 0
0.6898300461922704 0.5845126464309351 0
0.4022930842420375 0.5408923269989059 0
0.6886561346673739 0.3825079851498736 0
0.03121146476817072 0.2812861898290743 0
0.8197732264211027 0.6301999999999994 0
0.330739186312612 0.1694609591667786 0
0.03939480739080509 0.9857002939030215 0
0.6883468387536522 0.9468281296674483 0
0.4932513017546147 0.5291795094395566 0
0.5011102690093845 0.4678069666312241 0
0.7066363058955507 0.4023168230105838 0
0.8825824885306843 0.6554825599302136 0
0.9017299374648348 0.4204455746785205 0
0.7141682679913307 0.6817439911944021 0
0.4457312157423001 0.2090003599400657 0
0.4652473206840959 0.6922548128253214 0
0.01702691689123742 0.3368611734505878 0
0.3276378892813286 0.05823066767411134 0
0.3326753697345912 0.01434326242532952 0
0.8623965785360038 0.01548128030760959 0
0.2124841252556756 0.4157047929090952 0
0.01558908215845056 0.5324770667735748 0
0.08480533954222441 0.7560034739221574 0
0.723766004666197 0.9751845488364829 0
0.01427487094324797 0.3220180952809665 0
0.8100846179275445 0.6857696951444984 0
0.03063884120105737 0.5832548859250518 0
0.8889031749944809 0.3823104830160704 0
0.856913124439955 0.2413609934090043 0
0.6899529082769676 0.4480001304116102 0
0.9842189457875969 0.9025262192920973 0
0.2855232806322032 0.4673733131774374 0
0.9845775958104042 0.3098106891707612 0
0.7057228361276771 0.4924387783286677 0
$EndNodes
$Elements
33 11116 1 11116
1 1 1 97
1 1 33 
2 33 34 
3 34 35 
4 35 36 
5 36 37 
6 37 38 
7 38 39 
8 39 40 
9 40 41 
10 41 42 
11 42 43 
12 43 44 
13 44 45 
14 45 46 
15 46 47 
16 47 48 
17 48 49 
18 49 50 
19 50 51 
20 51 52 
21 52 53 
22 53 54 
23 54 55 
24 55 56 
25 56 57 
26 57 58 
27 58 59 
28 59 60 
29 60 61 
30 61 62 
31 62 63 
32 63 64 
33 64 65 
34 65 66 
35 66 67 
36 67 68 
37 68 69 
38 69 70 
39 70 71 
40 71 72 
41 72 73 
42 73 74 
43 74 75 
44 75 76 
45 76 77 
46 77 78 
47 78 79 
48 79 80 
49 80 81 
50 81 82 
51 82 83 
52 83 84 
53 84 85 
54 85 86 
55 86 87 
56 87 88 
57 88 89 
58 89 90 
59 90 91 
60 91 92 
61 92 93 
62 93 94 
63 94 95 
64 95 96 
65 96 97 
66 97 98 
67 98 99 
68 99 100 
69 100 101 
70 101 102 
71 102 103 
72 103 104 
73 104 105 
74 105 106 
75 106 107 
76 107 108 
77 108 109 
78 109 110 
79 110 111 
80 111 112 
81 112 113 
82 113 114 
83 114 115 
84 115 116 
85 116 117 
86 117 118 
87 118 119 
88 119 120 
89 120 121 
90 121 122 
91 122 123 
92 123 124 
93 124 125 
94 125 126 
95 126 127 
96 127 128 
97 128 2 
1 2 1 97
98 3 129 
99 129 130 
100 130 131 
101 131 132 
102 132 133 
103 133 134 
104 134 135 
105 135 136 
106 136 137 
107 137 138 
108 138 139 
109 139 140 
110 140 141 
111 141 142 
112 142 143 
113 143 144 
114 144 145 
115 145 146 
116 146 147 
117 147 148 
118 148 149 
119 149 150 
120 150 151 
121 151 152 
122 152 153 
123 153 154 
124 154 155 
125 155 156 
126 156 157 
127 157 158 
128 158 159 
129 159 160 
130 160 161 
131 161 162 
132 162 163 
133 163 164 
134 164 165 
135 165 166 
136 166 167 
137 167 168 
138 168 169 
139 169 170 
140 170 171 
141 171 172 
142 172 173 
143 173 174 
144 174 175 
145 175 176 
146 176 177 
147 177 178 
148 178 179 
149 179 180 
150 180 181 
151 181 182 
152 182 183 
153 183 184 
154 184 185 
155 185 186 
156 186 187 
157 187 188 
158 188 189 
159 189 190 
160 190 191 
161 191 192 
162 192 193 
163 193 194 
164 194 195 
165 195 196 
166 196 197 
167 197 198 
168 198 199 
169 199 200 
170 200 201 
171 201 202 
172 202 203 
173 203 204 
174 204 205 
175 205 206 
176 206 207 
177 207 208 
178 208 209 
179 209 210 
180 210 211 
181 211 212 
182 212 213 
183 213 214 
184 214 215 
185 215 216 
186 216 217 
187 217 218 
188 218 219 
189 219 220 
190 220 221 
191 221 222 
192 222 223 
193 223 224 
194 224 1 
1 3 1 97
195 2 225 
196 225 226 
197 226 227 
198 227 228 
199 228 229 
200 229 230 
201 230 231 
202 231 232 
203 232 233 
204 233 234 
205 234 235 
206 235 236 
207 236 237 
208 237 238 
209 238 239 
210 239 240 
211 240 241 
212 241 242 
213 242 243 
214 243 244 
215 244 245 
216 245 246 
217 246 247 
218 247 248 
219 248 249 
220 249 250 
221 250 251 
222 251 252 
223 252 253 
224 253 254 
225 254 255 
226 255 256 
227 256 257 
228 257 258 
229 258 259 
230 259 260 
231 260 261 
232 261 262 
233 262 263 
234 263 264 
235 264 265 
236 265 266 
237 266 267 
238 267 268 
239 268 269 
240 269 270 
241 270 271 
242 271 272 
243 272 273 
244 273 274 
245 274 275 
246 275 276 
247 276 277 
248 277 278 
249 278 279 
250 279 280 
251 280 281 
252 281 282 
253 282 283 
254 283 284 
255 284 285 
256 285 286 
257 286 287 
258 287 288 
259 288 289 
260 289 290 
261 290 291 
262 291 292 
263 292 293 
264 293 294 
265 294 295 
266 295 296 
267 296 297 
268 297 298 
269 298 299 
270 299 300 
271 300 301 
272 301 302 
273 302 303 
274 303 304 
275 304 305 
276 305 306 
277 306 307 
278 307 308 
279 308 309 
280 309 310 
281 310 311 
282 311 312 
283 312 313 
284 313 314 
285 314 315 
286 315 316 
287 316 317 
288 317 318 
289 318 319 
290 319 320 
291 320 4 
1 4 1 97
292 4 321 
293 321 322 
294 322 323 
295 323 324 
296 324 325 
297 325 326 
298 326 327 
299 327 328 
300 328 329 
301 329 330 
302 330 331 
303 331 332 
304 332 333 
305 333 334 
306 334 335 
307 335 336 
308 336 337 
309 337 338 
310 338 339 
311 339 340 
312 340 341 
313 341 342 
314 342 343 
315 343 344 
316 344 345 
317 345 346 
318 346 347 
319 347 348 
320 348 349 
321 349 350 
322 350 351 
323 351 352 
324 352 353 
325 353 354 
326 354 355 
327 355 356 
328 356 357 
329 357 358 
330 358 359 
331 359 360 
332 360 361 
333 361 362 
334 362 363 
335 363 364 
336 364 365 
337 365 366 
338 366 367 
339 367 368 
340 368 369 
341 369 370 
342 370 371 
343 371 372 
344 372 373 
345 373 374 
346 374 375 
347 375 376 
348 376 377 
349 377 378 
350 378 379 
351 379 380 
352 380 381 
353 381 382 
354 382 383 
355 383 384 
356 384 385 
357 385 386 
358 386 387 
359 387 388 
360 388 389 
361 389 390 
362 390 391 
363 391 392 
364 392 393 
365 393 394 
366 394 395 
367 395 396 
368 396 397 
369 397 398 
370 398 399 
371 399 400 
372 400 401 
373 401 402 
374 402 403 
375 403 404 
376 404 405 
377 405 406 
378 406 407 
379 407 408 
380 408 409 
381 409 410 
382 410 411 
383 411 412 
384 412 413 
385 413 414 
386 414 415 
387 415 416 
388 416 3 
1 5 1 13
389 5 417 
390 417 418 
391 418 419 
392 419 420 
393 420 421 
394 421 422 
395 422 423 
396 423 424 
397 424 425 
398 425 426 
399 426 427 
400 427 428 
401 428 6 
1 6 1 50
402 6 429 
403 429 430 
404 430 431 
405 431 432 
406 432 433 
407 433 434 
408 434 435 
409 435 436 
410 436 437 
411 437 438 
412 438 439 
413 439 440 
414 440 441 
415 441 442 
416 442 443 
417 443 444 
418 444 445 
419 445 446 
420 446 447 
421 447 448 
422 448 449 
423 449 450 
424 450 451 
425 451 452 
426 452 453 
427 453 454 
428 454 455 
429 455 456 
430 456 457 
431 457 458 
432 458 459 
433 459 460 
434 460 461 
435 461 462 
436 462 463 
437 463 464 
438 464 465 
439 465 466 
440 466 467 
441 467 468 
442 468 469 
443 469 470 
444 470 471 
445 471 472 
446 472 473 
447 473 474 
448 474 475 
449 475 476 
450 476 477 
451 477 7 
1 7 1 3
452 7 478 
453 478 479 
454 479 8 
1 8 1 48
455 8 480 
456 480 481 
457 481 482 
458 482 483 
459 483 484 
460 484 485 
461 485 486 
462 486 487 
463 487 488 
464 488 489 
465 489 490 
466 490 491 
467 491 492 
468 492 493 
469 493 494 
470 494 495 
471 495 496 
472 496 497 
473 497 498 
474 498 499 
475 499 500 
476 500 501 
477 501 502 
478 502 503 
479 503 504 
480 504 505 
481 505 506 
482 506 507 
483 507 508 
484 508 509 
485 509 510 
486 510 511 
487 511 512 
488 512 513 
489 513 514 
490 514 515 
491 515 516 
492 516 517 
493 517 518 
494 518 519 
495 519 520 
496 520 521 
497 521 522 
498 522 523 
499 523 524 
500 524 525 
501 525 526 
502 526 9 
1 9 1 9
503 9 527 
504 527 528 
505 528 529 
506 529 530 
507 530 531 
508 531 532 
509 532 533 
510 533 534 
511 534 10 
1 10 1 8
512 10 535 
513 535 536 
514 536 537 
515 537 538 
516 538 539 
517 539 540 
518 540 541 
519 541 11 
1 11 1 3
520 11 542 
521 542 543 
522 543 12 
1 12 1 10
523 12 544 
524 544 545 
525 545 546 
526 546 547 
527 547 548 
528 548 549 
529 549 550 
530 550 551 
531 551 552 
532 552 5 
1 13 1 50
533 13 553 
534 553 554 
535 554 555 
536 555 556 
537 556 557 
538 557 558 
539 558 559 
540 559 560 
541 560 561 
542 561 562 
543 562 563 
544 563 564 
545 564 565 
546 565 566 
547 566 567 
548 567 568 
549 568 569 
550 569 570 
551 570 571 
552 571 572 
553 572 573 
554 573 574 
555 574 575 
556 575 576 
557 576 577 
558 577 578 
559 578 579 
560 579 580 
561 580 581 
562 581 582 
563 582 583 
564 583 584 
565 584 585 
566 585 586 
567 586 587 
568 587 588 
569 588 589 
570 589 590 
571 590 591 
572 591 592 
573 592 593 
574 593 594 
575 594 595 
576 595 596 
577 596 597 
578 597 598 
579 598 599 
580 599 600 
581 600 601 
582 601 14 
1 14 1 3
583 14 602 
584 602 603 
585 603 15 
1 15 1 24
586 15 604 
587 604 605 
588 605 606 
589 606 607 
590 607 608 
591 608 609 
592 609 610 
593 610 611 
594 611 612 
595 612 613 
596 613 614 
597 614 615 
598 615 616 
599 616 617 
600 617 618 
601 618 619 
602 619 620 
603 620 621 
604 621 622 
605 622 623 
606 623 624 
607 624 625 
608 625 626 
609 626 16 
1 16 1 9
610 16 627 
611 627 628 
612 628 629 
613 629 630 
614 630 631 
615 631 632 
616 632 633 
617 633 634 
618 634 17 
1 17 1 24
619 17 635 
620 635 636 
621 636 637 
622 637 638 
623 638 639 
624 639 640 
625 640 641 
626 641 642 
627 642 643 
628 643 644 
629 644 645 
630 645 646 
631 646 647 
632 647 648 
633 648 649 
634 649 650 
635 650 651 
636 651 652 
637 652 653 
638 653 654 
639 654 655 
640 655 656 
641 656 657 
642 657 18 
1 18 1 3
643 18 658 
644 658 659 
645 659 19 
1 19 1 50
646 19 660 
647 660 661 
648 661 662 
649 662 663 
650 663 664 
651 664 665 
652 665 666 
653 666 667 
654 667 668 
655 668 669 
656 669 670 
657 670 671 
658 671 672 
659 672 673 
660 673 674 
661 674 675 
662 675 676 
663 676 677 
664 677 678 
665 678 679 
666 679 680 
667 680 681 
668 681 682 
669 682 683 
670 683 684 
671 684 685 
672 685 686 
673 686 687 
674 687 688 
675 688 689 
676 689 690 
677 690 691 
678 691 692 
679 692 693 
680 693 694 
681 694 695 
682 695 696 
683 696 697 
684 697 698 
685 698 699 
686 699 700 
687 700 701 
688 701 702 
689 702 703 
690 703 704 
691 704 705 
692 705 706 
693 706 707 
694 707 708 
695 708 20 
1 20 1 3
696 20 709 
697 709 710 
698 710 21 
1 21 1 24
699 21 711 
700 711 712 
701 712 713 
702 713 714 
703 714 715 
704 715 716 
705 716 717 
706 717 718 
707 718 719 
708 719 720 
709 720 721 
710 721 722 
711 722 723 
712 723 724 
713 724 725 
714 725 726 
715 726 727 
716 727 728 
717 728 729 
718 729 730 
719 730 731 
720 731 732 
721 732 733 
722 733 22 
1 22 1 9
723 22 734 
724 734 735 
725 735 736 
726 736 737 
727 737 738 
728 738 739 
729 739 740 
730 740 741 
731 741 23 
1 23 1 24
732 23 742 
733 742 743 
734 743 744 
735 744 745 
736 745 746 
737 746 747 
738 747 748 
739 748 749 
740 749 750 
741 750 751 
742 751 752 
743 752 753 
744 753 754 
745 754 755 
746 755 756 
747 756 757 
748 757 758 
749 758 759 
750 759 760 
751 760 761 
752 761 762 
753 762 763 
754 763 764 
755 764 24 
1 24 1 3
756 24 765 
757 765 766 
758 766 13 
1 25 1 50
759 25 767 
760 767 768 
761 768 769 
762 769 770 
763 770 771 
764 771 772 
765 772 773 
766 773 774 
767 774 775 
768 775 776 
769 776 777 
770 777 778 
771 778 779 
772 779 780 
773 780 781 
774 781 782 
775 782 783 
776 783 784 
777 784 785 
778 785 786 
779 786 787 
780 787 788 
781 788 789 
782 789 790 
783 790 791 
784 791 792 
785 792 793 
786 793 794 
787 794 795 
788 795 796 
789 796 797 
790 797 798 
791 798 799 
792 799 800 
793 800 801 
794 801 802 
795 802 803 
796 803 804 
797 804 805 
798 805 806 
799 806 807 
800 807 808 
801 808 809 
802 809 810 
803 810 811 
804 811 812 
805 812 813 
806 813 814 
807 814 815 
808 815 26 
1 26 1 13
809 26 816 
810 816 817 
811 817 818 
812 818 819 
813 819 820 
814 820 821 
815 821 822 
816 822 823 
817 823 824 
818 824 825 
819 825 826 
820 826 827 
821 827 27 
1 27 1 50
822 27 828 
823 828 829 
824 829 830 
825 830 831 
826 831 832 
827 832 833 
828 833 834 
829 834 835 
830 835 836 
831 836 837 
832 837 838 
833 838 839 
834 839 840 
835 840 841 
836 841 842 
837 842 843 
838 843 844 
839 844 845 
840 845 846 
841 846 847 
842 847 848 
843 848 849 
844 849 850 
845 850 851 
846 851 852 
847 852 853 
848 853 854 
849 854 855 
850 855 856 
851 856 857 
852 857 858 
853 858 859 
854 859 860 
855 860 861 
856 861 862 
857 862 863 
858 863 864 
859 864 865 
860 865 866 
861 866 867 
862 867 868 
863 868 869 
864 869 870 
865 870 871 
866 871 872 
867 872 873 
868 873 874 
869 874 875 
870 875 876 
871 876 28 
1 28 1 3
872 28 877 
873 877 878 
874 878 29 
1 29 1 48
875 29 879 
876 879 880 
877 880 881 
878 881 882 
879 882 883 
880 883 884 
881 884 885 
882 885 886 
883 886 887 
884 887 888 
885 888 889 
886 889 890 
887 890 891 
888 891 892 
889 892 893 
890 893 894 
891 894 895 
892 895 896 
893 896 897 
894 897 898 
895 898 899 
896 899 900 
897 900 901 
898 901 902 
899 902 903 
900 903 904 
901 904 905 
902 905 906 
903 906 907 
904 907 908 
905 908 909 
906 909 910 
907 910 911 
908 911 912 
909 912 913 
910 913 914 
911 914 915 
912 915 916 
913 916 917 
914 917 918 
915 918 919 
916 919 920 
917 920 921 
918 921 922 
919 922 923 
920 923 924 
921 924 925 
922 925 30 
1 30 1 9
923 30 926 
924 926 927 
925 927 928 
926 928 929 
927 929 930 
928 930 931 
929 931 932 
930 932 933 
931 933 31 
1 31 1 48
932 31 934 
933 934 935 
934 935 936 
935 936 937 
936 937 938 
937 938 939 
938 939 940 
939 940 941 
940 941 942 
941 942 943 
942 943 944 
943 944 945 
944 945 946 
945 946 947 
946 947 948 
947 948 949 
948 949 950 
949 950 951 
950 951 952 
951 952 953 
952 953 954 
953 954 955 
954 955 956 
955 956 957 
956 957 958 
957 958 959 
958 959 960 
959 960 961 
960 961 962 
961 962 963 
962 963 964 
963 964 965 
964 965 966 
965 966 967 
966 967 968 
967 968 969 
968 969 970 
969 970 971 
970 971 972 
971 972 973 
972 973 974 
973 974 975 
974 975 976 
975 976 977 
976 977 978 
977 978 979 
978 979 980 
979 980 32 
1 32 1 3
980 32 981 
981 981 982 
982 982 25 
2 100 2 10134
983 2804 3517 2932 
984 168 3964 167 
985 2040 2263 2025 
986 4111 4234 3988 
987 3479 4798 1549 
988 4088 5030 1069 
989 2120 2555 2117 
990 2461 4523 3383 
991 2152 2362 2154 
992 2678 2971 2046 
993 2063 5126 2062 
994 3351 4427 2560 
995 4759 5020 1097 
996 1728 3383 3154 
997 3314 3327 2787 
998 2139 2856 2138 
999 1222 3344 3037 
1000 2669 3019 2168 
1001 2041 2241 2042 
1002 1855 2041 1854 
1003 2178 3588 1703 
1004 3389 5096 3056 
1005 2120 2557 2555 
1006 3186 4786 1318 
1007 4644 5312 1909 
1008 2053 2589 2359 
1009 2028 4447 2434 
1010 2053 2359 2026 
1011 2587 2887 2588 
1012 3945 4795 3941 
1013 2593 2888 2594 
1014 3318 4200 1336 
1015 2752 5519 4880 
1016 1628 4466 4287 
1017 3320 3322 3321 
1018 2086 2516 2087 
1019 3586 4149 2798 
1020 2853 4804 1546 
1021 2668 2670 2669 
1022 1546 3643 2853 
1023 1357 4291 3281 
1024 2278 5325 2015 
1025 4637 5024 3279 
1026 3512 4181 3744 
1027 2624 4341 4077 
1028 3474 3475 2899 
1029 1121 3475 3474 
1030 2922 2923 2647 
1031 2542 3919 2543 
1032 878 3485 29 
1033 4335 5355 2611 
1034 3205 3596 2063 
1035 2612 4865 1760 
1036 3215 4176 1480 
1037 3287 4339 2739 
1038 2584 3041 2263 
1039 2382 4234 4111 
1040 1989 5432 2237 
1041 1349 3881 3030 
1042 3028 4093 1602 
1043 2651 2673 2276 
1044 1155 3495 265 
1045 3021 3779 3350 
1046 3099 4786 3186 
1047 3962 3963 2483 
1048 2496 4344 1421 
1049 3512 3744 1120 
1050 1723 1929 1745 
1051 2046 2970 2678 
1052 3437 4846 2221 
1053 2040 2584 2263 
1054 2476 3468 1692 
1055 1586 4039 3631 
1056 2378 2991 2379 
1057 2205 3149 1970 
1058 2255 2720 2524 
1059 2528 4346 1439 
1060 2184 2522 1995 
1061 2607 3366 3191 
1062 2069 2251 2031 
1063 2589 3128 2359 
1064 2335 2746 2745 
1065 3001 5011 1314 
1066 3548 3591 2606 
1067 4039 4040 3631 
1068 2393 2473 2088 
1069 2171 2358 2172 
1070 4207 4342 2783 
1071 6 4088 1069 
1072 2751 3176 2022 
1073 2500 4966 2940 
1074 4164 4800 3093 
1075 2255 2524 2060 
1076 2710 4942 3820 
1077 2358 3087 2172 
1078 3582 4459 4101 
1079 2501 2502 1830 
1080 2204 2728 2186 
1081 4211 4438 2339 
1082 3561 4383 2814 
1083 2082 2959 2958 
1084 1982 2206 2205 
1085 1565 3607 3047 
1086 1409 4081 222 
1087 2483 3964 3962 
1088 2135 2373 2372 
1089 2492 2692 2083 
1090 2470 3216 2766 
1091 1997 3286 3285 
1092 1568 3854 3439 
1093 2195 2196 2179 
1094 2139 2859 2856 
1095 2062 2597 2586 
1096 2208 2469 2116 
1097 2307 4328 3345 
1098 1751 2426 1024 
1099 2640 2919 2421 
1100 3532 4673 2701 
1101 3385 5329 3386 
1102 3340 5353 4109 
1103 2171 2172 2169 
1104 3267 4986 3452 
1105 3918 3919 3045 
1106 4575 4630 2599 
1107 3249 3658 1508 
1108 1928 2216 2028 
1109 1928 2028 1838 
1110 3286 3288 3287 
1111 2560 4427 2562 
1112 3518 3519 1520 
1113 2660 4952 1772 
1114 1128 3709 3198 
1115 1721 5437 3496 
1116 3984 4438 4211 
1117 3373 3642 1497 
1118 3885 4716 4329 
1119 2184 2523 2522 
1120 888 3445 889 
1121 2646 3122 2645 
1122 1751 2427 2426 
1123 2587 2588 2008 
1124 2504 2687 2505 
1125 2316 3062 2640 
1126 1941 5207 1943 
1127 2593 2594 1985 
1128 1376 4588 2976 
1129 3197 4170 2852 
1130 2335 2745 2073 
1131 4420 4833 3858 
1132 2167 2169 2168 
1133 1627 3516 3134 
1134 2944 4213 4010 
1135 4063 4333 2313 
1136 2870 5001 1690 
1137 1144 4782 1065 
1138 2185 2666 2380 
1139 1434 3235 2525 
1140 1436 3236 2526 
1141 2050 5455 2049 
1142 1815 4406 1049 
1143 2221 4846 2680 
1144 2542 2543 2541 
1145 3445 5242 889 
1146 2085 3012 2542 
1147 3017 3478 3139 
1148 2557 4008 2555 
1149 4179 5433 2521 
1150 3538 3539 2537 
1151 3347 4618 2293 
1152 2098 5485 2652 
1153 2240 2976 2651 
1154 2217 2269 2216 
1155 3012 3045 2542 
1156 2015 2067 1881 
1157 2015 5325 2067 
1158 2928 4326 3152 
1159 2670 3899 2891 
1160 2888 2889 2594 
1161 2716 2717 2182 
1162 2265 3114 3113 
1163 2571 2874 2508 
1164 2368 2900 2070 
1165 1947 2129 1948 
1166 3021 4290 3779 
1167 2137 2415 2381 
1168 2145 2410 2408 
1169 2462 2466 2464 
1170 3171 3172 3170 
1171 2371 5050 3283 
1172 2000 2343 2001 
1173 1984 2146 2145 
1174 2340 2881 2496 
1175 1833 1939 1835 
1176 2324 3086 2325 
1177 2702 2703 2143 
1178 4407 4487 3109 
1179 2538 3033 2534 
1180 1313 5053 3315 
1181 2560 2562 2069 
1182 1437 3090 1389 
1183 1955 2139 2138 
1184 2923 3140 2647 
1185 1951 2581 1821 
1186 3315 4134 3888 
1187 2371 3281 3032 
1188 3439 3854 3561 
1189 1878 2000 1877 
1190 3410 4722 3073 
1191 3582 4101 3583 
1192 1834 2174 1833 
1193 2990 4202 3722 
1194 3410 4491 3355 
1195 1590 4504 3379 
1196 2012 2394 2164 
1197 2084 3013 3012 
1198 2644 2646 2645 
1199 2325 3085 3084 
1200 3362 4636 1461 
1201 2343 3054 2345 
1202 3245 4763 2468 
1203 4078 5006 1911 
1204 1716 4494 3464 
1205 5020 5221 3745 
1206 2012 2164 1975 
1207 2359 2719 2360 
1208 1600 3580 3579 
1209 2051 2613 2612 
1210 2644 2645 2643 
1211 1207 4831 3147 
1212 2784 3314 2787 
1213 3370 5162 2269 
1214 3003 5369 3004 
1215 1667 4915 2880 
1216 1980 2296 2176 
1217 3642 3915 3914 
1218 4369 4736 3082 
1219 2296 3065 3064 
1220 3133 5470 3840 
1221 2621 2768 2618 
1222 2777 4222 3589 
1223 4170 4967 2852 
1224 2515 4341 2624 
1225 3464 4494 2238 
1226 3970 4441 1016 
1227 2147 3020 2356 
1228 2479 4706 3126 
1229 2121 2651 2276 
1230 2048 3190 2472 
1231 1817 4905 1819 
1232 1619 4734 3571 
1233 1828 1955 1829 
1234 2638 4000 3999 
1235 1839 1947 1916 
1236 2013 3328 1414 
1237 1760 4865 1759 
1238 1724 1928 1838 
1239 1042 2977 1459 
1240 2353 2354 2174 
1241 1141 2981 1460 
1242 1448 2987 2011 
1243 2502 2504 2503 
1244 1972 2936 1973 
1245 3385 3386 2863 
1246 3204 3205 2063 
1247 2955 5002 1730 
1248 20 3098 1660 
1249 3314 4544 3327 
1250 1050 2957 1161 
1251 1199 3402 1138 
1252 1914 2142 2002 
1253 2937 4919 3599 
1254 2829 4200 3318 
1255 2817 4369 3082 
1256 2068 3117 3116 
1257 3068 3069 2038 
1258 3257 3409 3355 
1259 3729 3730 2279 
1260 3180 3246 1591 
1261 2469 3216 2470 
1262 1818 1941 1817 
1263 1825 2009 1826 
1264 2373 3037 2374 
1265 18 3106 1195 
1266 24 3104 1193 
1267 2186 2515 2187 
1268 2112 2538 2534 
1269 3472 4104 1518 
1270 3047 3608 1565 
1271 2735 2736 2150 
1272 3124 4636 3362 
1273 2209 3532 2411 
1274 3963 5549 2483 
1275 1656 2861 2253 
1276 2376 4060 3695 
1277 2167 2168 2166 
1278 3172 3701 1517 
1279 3375 3889 3376 
1280 2634 3044 2636 
1281 2517 2573 2516 
1282 2097 5159 3450 
1283 1730 5002 2084 
1284 1703 3588 1724 
1285 1993 2528 1439 
1286 2344 2930 2343 
1287 3137 4111 3988 
1288 2223 2566 2045 
1289 2112 2534 2113 
1290 3286 3289 3288 
1291 3566 4466 1628 
1292 1973 2012 1975 
1293 2036 2204 2186 
1294 3480 3482 1516 
1295 3239 3886 1307 
1296 1821 1850 1689 
1297 1989 2237 1992 
1298 2281 5556 2676 
1299 3745 5221 1525 
1300 2668 2669 2168 
1301 2598 2942 2597 
1302 1714 2178 1703 
1303 3695 4050 2376 
1304 3599 4919 993 
1305 2002 2384 2098 
1306 3127 3346 3199 
1307 2984 4305 2986 
1308 2980 4310 3571 
1309 2316 2640 2317 
1310 2056 4457 2342 
1311 2051 2614 2613 
1312 1832 4078 1911 
1313 3345 3846 2456 
1314 2792 4802 3234 
1315 3753 4507 2719 
1316 3190 4220 2472 
1317 1322 3889 3375 
1318 2216 4447 2028 
1319 2166 3090 1437 
1320 2529 3752 2527 
1321 2567 4172 2043 
1322 1660 3098 1670 
1323 2281 2676 2079 
1324 2182 5064 1785 
1325 1772 4952 1771 
1326 3820 5102 2710 
1327 1193 3104 1369 
1328 1195 3106 1368 
1329 2235 3058 2574 
1330 2410 3213 2408 
1331 2265 3113 2266 
1332 2649 2995 2650 
1333 1758 2254 1936 
1334 2466 3220 2464 
1335 2387 4000 2638 
1336 3453 4141 1174 
1337 2036 2186 2037 
1338 3050 3051 1761 
1339 2801 4134 3315 
1340 1656 2253 1399 
1341 2089 2551 2550 
1342 2054 2661 2660 
1343 2138 2713 2140 
1344 3508 4293 3185 
1345 2195 2197 2196 
1346 1314 5012 3001 
1347 2485 4413 4145 
1348 2206 4213 2944 
1349 3378 4507 1096 
1350 4421 4692 2494 
1351 2045 2567 2043 
1352 2396 2711 2418 
1353 2127 2610 2126 
1354 2054 2677 2661 
1355 3196 3197 2852 
1356 2597 3663 3255 
1357 2889 4093 3028 
1358 3136 3897 1584 
1359 3398 3399 2281 
1360 3628 4288 1799 
1361 3114 5221 3113 
1362 1883 2069 2031 
1363 1262 5243 4331 
1364 4404 4423 4097 
1365 1881 5110 1882 
1366 2405 2975 2228 
1367 2169 2668 2168 
1368 3037 3639 1222 
1369 2317 2640 2421 
1370 1913 2340 1852 
1371 2012 2936 2395 
1372 2505 2686 2507 
1373 2230 2682 2231 
1374 1983 5160 2462 
1375 2473 3121 2480 
1376 2913 2914 2532 
1377 3182 5248 2125 
1378 2033 2233 2032 
1379 2796 3586 2798 
1380 2551 2706 2550 
1381 2135 2431 2373 
1382 1600 3581 3580 
1383 1852 2496 1421 
1384 2368 2901 2900 
1385 2920 4604 1325 
1386 3187 5298 1594 
1387 1997 3290 3286 
1388 1846 1931 1687 
1389 2060 2271 1963 
1390 1942 2126 1941 
1391 1955 2138 1956 
1392 4551 5530 2148 
1393 1522 3699 3146 
1394 3840 5470 1035 
1395 1810 2181 1783 
1396 4273 4401 2155 
1397 2343 2345 2001 
1398 2670 2891 2669 
1399 2473 2480 2088 
1400 2516 5236 2087 
1401 4109 4631 3339 
1402 3068 3070 3069 
1403 1434 2525 1836 
1404 1436 2526 1840 
1405 1759 2062 1741 
1406 2223 2568 2566 
1407 4145 4413 3280 
1408 1992 2221 2215 
1409 3316 3529 2842 
1410 1924 2078 1907 
1411 3239 4582 2289 
1412 2032 2183 1951 
1413 2703 3155 2704 
1414 2130 2387 2133 
1415 2736 2935 2150 
1416 1930 2056 1929 
1417 2408 2755 2409 
1418 2942 4458 3782 
1419 2719 4629 3753 
1420 2717 2990 2890 
1421 1518 3691 3472 
1422 2406 2407 2064 
1423 2464 2748 2465 
1424 2395 3057 2394 
1425 3036 4072 1032 
1426 3849 4798 2696 
1427 1562 4362 3280 
1428 2696 4772 3849 
1429 1858 5089 2735 
1430 2605 2606 2092 
1431 2527 3154 2528 
1432 3399 3703 1539 
1433 3001 5012 2124 
1434 3521 4460 1564 
1435 1841 2378 1857 
1436 1931 2208 2116 
1437 2864 3385 2863 
1438 2145 2408 2320 
1439 2085 2542 2541 
1440 1823 2552 1810 
1441 2462 2464 2463 
1442 1539 4681 3399 
1443 2161 4862 3063 
1444 2638 3999 3998 
1445 2351 2947 2349 
1446 2141 2948 2603 
1447 2827 4200 2829 
1448 1963 2648 1846 
1449 1208 4816 3058 
1450 3168 3171 3170 
1451 2812 3561 2814 
1452 2413 3237 3036 
1453 2835 3316 2842 
1454 1984 2145 2144 
1455 2810 4738 3439 
1456 1983 2462 2159 
1457 3109 4487 2615 
1458 2065 2406 2064 
1459 3591 4169 2606 
1460 3248 4950 2643 
1461 1325 5188 2920 
1462 2906 4738 2810 
1463 2291 3347 2293 
1464 2386 5188 3825 
1465 3191 3366 2608 
1466 4211 4730 3967 
1467 1785 5064 2352 
1468 2088 5505 1945 
1469 2303 4604 2920 
1470 3557 3656 3655 
1471 3893 5493 5314 
1472 1771 2467 1769 
1473 2934 4291 4073 
1474 2183 3034 2582 
1475 2263 5108 2965 
1476 3175 4081 1409 
1477 3475 5029 2956 
1478 2717 2890 2182 
1479 2235 2574 2234 
1480 2896 2898 2897 
1481 3556 4782 1144 
1482 2091 2605 2092 
1483 1781 2137 1779 
1484 3277 4161 3269 
1485 2193 2527 1993 
1486 2244 2432 2246 
1487 3878 4484 2894 
1488 1803 2185 1831 
1489 1889 2040 2025 
1490 1839 1949 1947 
1491 3029 3295 1691 
1492 3494 3495 1155 
1493 3411 3762 3761 
1494 2403 2741 2404 
1495 490 3564 491 
1496 2766 4515 4242 
1497 4010 4165 2944 
1498 2682 3528 3527 
1499 1715 4879 1959 
1500 2425 3531 2423 
1501 1972 3575 2936 
1502 2197 3264 2196 
1503 2221 2680 2215 
1504 1978 2120 2117 
1505 2753 3917 3407 
1506 1086 5378 3292 
1507 3131 4576 1006 
1508 1769 2135 1767 
1509 3527 3528 1604 
1510 2500 2940 2454 
1511 2179 5540 1714 
1512 3281 4291 3032 
1513 2311 4063 2313 
1514 2677 3226 2661 
1515 2035 5103 2896 
1516 1759 2063 2062 
1517 2193 2529 2527 
1518 4729 4947 2762 
1519 1728 4528 3383 
1520 1737 4632 2716 
1521 1513 4327 3414 
1522 2533 4457 2056 
1523 1075 5211 3367 
1524 2792 3234 3233 
1525 1828 1957 1955 
1526 3375 3376 2831 
1527 1964 2060 1963 
1528 2703 2704 2143 
1529 2986 4305 1618 
1530 3498 3653 1593 
1531 3571 4310 1619 
1532 2234 3359 2233 
1533 1226 3717 3424 
1534 3909 4668 2213 
1535 1836 1983 1958 
1536 2501 2570 2502 
1537 2149 4125 3372 
1538 2413 3036 2190 
1539 2183 2582 2581 
1540 3320 3321 2059 
1541 2328 3055 2326 
1542 4179 5179 2520 
1543 3289 3291 3288 
1544 4066 4970 3083 
1545 2976 3650 1376 
1546 2621 4830 2768 
1547 2272 2729 2273 
1548 3273 4637 3279 
1549 3919 5033 2543 
1550 2547 2864 2863 
1551 1986 5472 2080 
1552 4104 4237 1518 
1553 2898 3474 2899 
1554 2422 2913 2532 
1555 3061 5095 2554 
1556 1966 1982 1968 
1557 1293 5014 3224 
1558 5322 5384 3725 
1559 2062 2598 2597 
1560 1049 4406 1060 
1561 2682 3527 2683 
1562 3367 4169 1075 
1563 3071 4491 3073 
1564 1941 1943 1817 
1565 2740 2928 2254 
1566 2393 4201 2473 
1567 1787 2147 1801 
1568 1481 3542 3259 
1569 3191 4715 1933 
1570 2041 5045 2241 
1571 1895 2053 2026 
1572 3044 3222 1055 
1573 3270 3277 3269 
1574 2936 4191 2395 
1575 3134 4850 1627 
1576 2386 4328 2307 
1577 2896 3079 2898 
1578 2084 3012 2085 
1579 2502 2508 2504 
1580 2117 5381 2118 
1581 3273 3277 3270 
1582 1754 4723 2922 
1583 1791 3151 2122 
1584 2520 5433 4179 
1585 2966 4113 1698 
1586 3825 5188 3823 
1587 3244 3245 2468 
1588 2022 3176 3023 
1589 3150 4579 1010 
1590 1944 4896 3488 
1591 1815 4321 2861 
1592 1339 3489 1204 
1593 2909 4493 2627 
1594 3166 3168 1996 
1595 4473 5085 3091 
1596 1698 4114 2966 
1597 2614 3201 2613 
1598 1739 2182 1785 
1599 2736 3414 2935 
1600 2566 3132 2567 
1601 2322 2385 1624 
1602 2296 3066 3065 
1603 2058 4102 3397 
1604 3943 3944 3942 
1605 2977 3303 2978 
1606 1940 2904 2495 
1607 1055 4140 3044 
1608 4322 4879 1715 
1609 2323 2324 2322 
1610 3223 3395 2851 
1611 2981 3302 2982 
1612 1968 2205 1970 
1613 2233 3358 2236 
1614 1490 3622 282 
1615 2069 4935 2251 
1616 3277 5232 4161 
1617 1709 2361 1707 
1618 2041 2042 1854 
1619 2191 2413 2190 
1620 2000 2001 1877 
1621 1845 4409 2521 
1622 3346 5146 1507 
1623 2344 3097 2930 
1624 2423 3147 2605 
1625 3249 4895 3658 
1626 2568 4061 2566 
1627 2233 2236 2032 
1628 1947 5464 2129 
1629 1871 2617 1705 
1630 2272 3209 2729 
1631 2853 2854 2806 
1632 2015 4180 2278 
1633 1929 4557 1745 
1634 2333 5432 1989 
1635 4310 5392 1059 
1636 2547 2863 2006 
1637 2762 4947 3200 
1638 3128 3702 1532 
1639 4305 5393 1253 
1640 2035 2896 2895 
1641 1982 5481 2206 
1642 2956 3179 2621 
1643 3019 4617 2168 
1644 2524 4533 2060 
1645 2611 3353 2610 
1646 5314 5493 3085 
1647 2248 2497 2398 
1648 2649 3373 2995 
1649 1952 2032 1951 
1650 4027 5211 1075 
1651 2028 2160 2029 
1652 2174 4052 1833 
1653 2440 3061 2554 
1654 2886 4365 3460 
1655 2384 5485 2098 
1656 2161 3063 2316 
1657 1633 2723 1397 
1658 2535 3538 2537 
1659 3685 4237 4104 
1660 2649 3642 3373 
1661 3070 3512 3069 
1662 3757 4044 3420 
1663 2469 4147 3216 
1664 2094 2272 2095 
1665 2326 5372 2323 
1666 2944 4854 2206 
1667 3383 4528 2461 
1668 3133 3840 3836 
1669 1115 5322 3725 
1670 1769 4210 2135 
1671 2658 2937 2533 
1672 2412 3328 2013 
1673 1642 4756 4679 
1674 2185 2380 1831 
1675 3158 4507 3378 
1676 1723 1745 1631 
1677 3976 5493 3893 
1678 3836 4172 3133 
1679 2477 5532 2455 
1680 2748 4752 4087 
1681 3209 3848 1548 
1682 2080 2403 2081 
1683 1882 1995 1933 
1684 2124 2924 2331 
1685 2755 4765 4090 
1686 3221 3242 1007 
1687 4513 5427 1654 
1688 2841 3224 3223 
1689 2263 2965 2264 
1690 2354 5467 2174 
1691 3943 4441 3970 
1692 1157 5311 5214 
1693 3903 4100 3906 
1694 3013 3568 3012 
1695 3003 3004 2819 
1696 1899 2058 1897 
1697 3771 5524 2727 
1698 2504 2505 2503 
1699 4364 4590 3787 
1700 2779 2802 2783 
1701 3254 3349 2825 
1702 2717 4202 2990 
1703 3110 5020 4759 
1704 1243 5042 3647 
1705 1969 2954 1967 
1706 2406 5055 2407 
1707 2363 2382 2364 
1708 1825 5478 2009 
1709 2860 3501 3157 
1710 2176 2363 2177 
1711 2445 2886 2448 
1712 2129 3000 2130 
1713 2056 5473 1929 
1714 1978 2117 1979 
1715 2397 4604 2303 
1716 2185 2929 2666 
1717 3073 4491 3410 
1718 1302 3846 3345 
1719 4125 4126 3372 
1720 3532 4535 2411 
1721 3216 4338 2766 
1722 2324 2325 2322 
1723 3237 4072 3036 
1724 1857 5089 1858 
1725 2620 2621 2618 
1726 1636 1821 1689 
1727 3072 4181 3070 
1728 2211 3469 1231 
1729 2804 2932 2805 
1730 2644 2922 2647 
1731 3381 4858 1073 
1732 2601 3567 1869 
1733 3156 4938 2019 
1734 5000 5039 4138 
1735 1893 2030 1891 
1736 4005 4208 1611 
1737 1714 5540 2178 
1738 2068 3361 3117 
1739 2373 3119 3037 
1740 3845 5189 2926 
1741 2251 3127 2252 
1742 3069 5449 2038 
1743 2627 3129 2443 
1744 3154 3670 1728 
1745 1690 2939 2870 
1746 2743 3351 2560 
1747 2060 4533 2271 
1748 823 3581 824 
1749 2005 2017 2007 
1750 2909 5253 4493 
1751 3030 4974 1349 
1752 2514 4291 2934 
1753 1519 3757 3420 
1754 1023 2957 1050 
1755 1138 3402 1082 
1756 3288 4339 3287 
1757 3214 3250 1008 
1758 2687 2883 2686 
1759 2002 2098 2003 
1760 1789 3151 1791 
1761 4814 5426 2763 
1762 2359 4629 2719 
1763 1032 4014 3036 
1764 2185 5451 3219 
1765 2524 4076 3915 
1766 1931 2116 2115 
1767 3557 3655 1127 
1768 1833 4052 1939 
1769 1745 4557 2585 
1770 2209 4673 3532 
1771 3325 3864 2782 
1772 1850 1986 1851 
1773 2309 2456 2311 
1774 2435 5525 4688 
1775 1940 4551 2904 
1776 2378 2379 1857 
1777 3002 5011 3001 
1778 3127 3199 2252 
1779 3322 3494 3321 
1780 2004 2908 2005 
1781 2783 4342 2785 
1782 1975 4841 1980 
1783 2241 2242 2042 
1784 3962 3964 168 
1785 2816 3195 3194 
1786 2713 2910 2140 
1787 1887 2035 1885 
1788 1589 3426 3212 
1789 2467 4210 1769 
1790 1575 4317 3977 
1791 2988 4356 2987 
1792 7 2024 1023 
1793 1024 2426 25 
1794 1082 2158 12 
1795 621 3186 1318 
1796 1773 2050 2049 
1797 1822 1951 1821 
1798 3355 4873 3257 
1799 3351 3672 1535 
1800 1570 5419 3384 
1801 2126 5492 1941 
1802 2147 2356 1801 
1803 3104 3105 1369 
1804 1997 4733 3290 
1805 2777 3589 2779 
1806 3318 4314 3319 
1807 2502 2503 1830 
1808 2571 3136 2874 
1809 2697 4798 3479 
1810 2794 2803 2796 
1811 21 1792 1288 
1812 15 1789 1289 
1813 2887 3579 2588 
1814 2146 4818 2145 
1815 1995 2091 1933 
1816 4184 4365 2886 
1817 2387 5520 2133 
1818 4708 5430 4308 
1819 2152 2436 2362 
1820 4382 4708 4308 
1821 3099 3100 2450 
1822 3760 3789 2703 
1823 2371 3032 2306 
1824 2028 5494 2160 
1825 4087 4576 2748 
1826 2713 3499 2910 
1827 3684 4688 2347 
1828 2289 2734 2291 
1829 2295 3838 3309 
1830 2735 3423 2736 
1831 2195 3019 2198 
1832 2464 4752 2748 
1833 2000 2344 2343 
1834 3137 4431 4111 
1835 3043 4436 2283 
1836 4162 4374 1630 
1837 3409 3411 3410 
1838 3756 4852 2746 
1839 3337 4018 3413 
1840 3759 3789 3760 
1841 2904 3025 3024 
1842 3436 3784 1089 
1843 1871 5497 2617 
1844 3906 4100 4099 
1845 3079 3080 2898 
1846 1865 2083 1867 
1847 1910 3067 1782 
1848 1991 5039 5000 
1849 4281 4282 4065 
1850 2423 2605 2091 
1851 265 3495 264 
1852 2775 5290 3027 
1853 1510 4944 3350 
1854 2408 4765 2755 
1855 3252 4531 2075 
1856 4306 5461 1276 
1857 2929 3091 2666 
1858 1925 5196 1984 
1859 3624 4613 3625 
1860 2787 3326 3325 
1861 1941 5492 2128 
1862 2130 5063 2387 
1863 2271 2649 2648 
1864 1913 5519 2340 
1865 4914 5034 3245 
1866 3054 3332 2345 
1867 3062 4758 2640 
1868 2814 2843 2817 
1869 1157 5214 3913 
1870 3272 3273 3270 
1871 1800 1855 1854 
1872 3517 4148 1550 
1873 2412 3329 3328 
1874 1756 2004 1757 
1875 1320 5369 4967 
1876 1943 4905 1817 
1877 2720 5544 2524 
1878 3058 3060 2574 
1879 1658 3298 2392 
1880 1509 4883 3138 
1881 2615 3001 2110 
1882 2434 5494 2028 
1883 2055 4857 3352 
1884 3273 3279 3277 
1885 1691 4065 3029 
1886 3516 4354 2021 
1887 4090 4579 2755 
1888 2293 3040 2297 
1889 2134 5508 1850 
1890 2152 2154 1918 
1891 3181 5294 1315 
1892 3189 4492 1310 
1893 2127 2611 2610 
1894 3642 3914 1497 
1895 1850 5508 1986 
1896 992 4248 3368 
1897 2655 4909 2250 
1898 1966 2520 1982 
1899 3259 3260 2512 
1900 2554 3181 2439 
1901 2093 2423 2091 
1902 2967 4725 4154 
1903 2523 5068 2522 
1904 2534 4277 2535 
1905 1071 2981 1141 
1906 1446 2987 1448 
1907 2800 3188 3178 
1908 3179 4830 2621 
1909 3072 5161 4181 
1910 1000 2977 1042 
1911 2785 2846 2788 
1912 2250 4909 3466 
1913 1414 3328 1281 
1914 2143 2705 1735 
1915 3553 4324 4205 
1916 2716 2718 2717 
1917 2082 2960 2959 
1918 1476 3628 1799 
1919 3875 5484 5189 
1920 1949 5203 1947 
1921 2801 3315 3312 
1922 2491 3333 2030 
1923 4277 5431 2535 
1924 1812 2038 2036 
1925 3922 4110 2872 
1926 2514 2934 2933 
1927 2414 2858 2413 
1928 2307 3345 2309 
1929 1814 5230 5141 
1930 2559 2560 2069 
1931 2866 3384 2864 
1932 3093 3095 3094 
1933 1836 5500 1983 
1934 1881 1882 1880 
1935 2261 4707 2483 
1936 2080 2722 2403 
1937 2673 4588 3947 
1938 2976 4588 2651 
1939 2762 3030 2299 
1940 1824 3402 1199 
1941 1756 5317 2004 
1942 1737 2716 1739 
1943 2064 4180 2015 
1944 2505 2687 2686 
1945 4330 4434 1220 
1946 3198 4776 1128 
1947 2925 2926 2839 
1948 3505 4180 3504 
1949 2492 2693 2692 
1950 620 3186 621 
1951 2357 2966 2628 
1952 2005 2047 2017 
1953 3944 3970 3969 
1954 2481 2482 2406 
1955 2858 4771 2413 
1956 1393 4962 1395 
1957 2643 4950 2641 
1958 1739 2716 2182 
1959 2687 5418 3442 
1960 1800 1854 1644 
1961 2625 3284 2267 
1962 2061 2255 2060 
1963 2362 2754 2154 
1964 2959 2963 2958 
1965 1855 5499 2041 
1966 3266 5442 3264 
1967 1508 5175 3249 
1968 2474 4102 2058 
1969 2787 3327 3326 
1970 2597 3255 2586 
1971 1929 5473 2097 
1972 2730 3009 2732 
1973 1495 4613 3413 
1974 4452 5232 3279 
1975 3761 4348 3411 
1976 1957 5008 1955 
1977 3246 4685 1072 
1978 3117 3320 3116 
1979 2615 3002 3001 
1980 3062 4861 1062 
1981 2836 4751 2974 
1982 2174 5467 2355 
1983 1937 2549 1598 
1984 1842 4078 1832 
1985 3384 5021 1570 
1986 2340 2496 1852 
1987 2960 3416 2959 
1988 2881 2943 2496 
1989 1945 2393 2088 
1990 4748 5333 3202 
1991 1729 4634 2757 
1992 2287 3239 2289 
1993 1846 3465 1931 
1994 2102 2880 2879 
1995 2618 5497 1871 
1996 2447 3356 3061 
1997 2666 3241 2380 
1998 1877 2576 1401 
1999 2852 3003 2820 
2000 2969 4868 3232 
2001 2378 5487 3294 
2002 2269 5162 3310 
2003 2746 4852 2745 
2004 2086 2517 2516 
2005 2047 2228 2048 
2006 2383 4671 3247 
2007 2270 3368 2269 
2008 2744 3014 2743 
2009 3128 4629 2359 
2010 3276 3653 3498 
2011 2857 2912 2589 
2012 2016 2064 2015 
2013 1924 5506 2078 
2014 2651 4588 2673 
2015 2244 3038 2432 
2016 2118 2239 2121 
2017 1882 2184 1995 
2018 2415 3518 2416 
2019 2110 3001 2124 
2020 2204 3480 2728 
2021 1893 5517 2030 
2022 1374 3387 1627 
2023 2296 3064 2176 
2024 3082 3083 2845 
2025 2904 3024 2495 
2026 3018 4539 3478 
2027 1975 1980 1976 
2028 2137 2381 1779 
2029 2258 5549 2336 
2030 2079 5517 1893 
2031 1982 2205 1968 
2032 2598 4458 2942 
2033 2237 3436 2221 
2034 2363 3533 2382 
2035 4154 4725 1292 
2036 1878 2608 2000 
2037 3212 4110 1589 
2038 2237 3784 3436 
2039 2549 4724 1598 
2040 1062 3980 3062 
2041 2008 5500 1836 
2042 2403 3491 2741 
2043 2926 4762 3845 
2044 2047 2048 2017 
2045 2525 2587 2008 
2046 2086 2087 1859 
2047 2526 2593 1985 
2048 2186 4813 2515 
2049 3647 5042 3646 
2050 3025 3076 3024 
2051 2561 2743 2560 
2052 2217 3588 2726 
2053 1823 5522 2552 
2054 2087 5236 2519 
2055 2962 4176 3215 
2056 1094 3483 3306 
2057 3496 5399 1721 
2058 2524 5544 4076 
2059 2351 3142 2947 
2060 2948 3143 2603 
2061 1692 4197 2476 
2062 3019 4543 2198 
2063 1874 2559 1883 
2064 3304 5171 3468 
2065 2017 2230 2007 
2066 3424 4880 2341 
2067 1847 1963 1846 
2068 2127 4335 2611 
2069 2373 2374 2372 
2070 2280 2281 2079 
2071 1781 5507 2137 
2072 2403 4621 3491 
2073 2695 3297 2425 
2074 3141 3192 3140 
2075 1939 5530 1835 
2076 3020 3022 2356 
2077 2228 3175 2229 
2078 3106 4706 1368 
2079 2415 2416 2381 
2080 3698 4136 1098 
2081 3239 5178 3886 
2082 3098 4740 1670 
2083 1887 5523 2035 
2084 1657 2392 1828 
2085 2849 2853 2807 
2086 1970 1978 1972 
2087 3158 3378 3159 
2088 2170 2171 2169 
2089 1938 2112 2055 
2090 2240 2651 2121 
2091 3340 4109 3339 
2092 3045 3919 2542 
2093 1668 5178 5026 
2094 2131 5464 1947 
2095 547 4452 3279 
2096 2829 3318 3317 
2097 3312 3313 2790 
2098 2554 5095 4372 
2099 1792 2238 1794 
2100 2266 3110 2338 
2101 2642 3269 3268 
2102 3963 5405 2336 
2103 3286 3287 3285 
2104 2254 5537 1936 
2105 2093 2695 2425 
2106 1308 5348 3027 
2107 3353 4035 1470 
2108 282 3622 281 
2109 2605 4831 2606 
2110 2933 5177 2300 
2111 1953 3419 3010 
2112 3357 4797 1317 
2113 2693 3697 2692 
2114 1900 4686 2367 
2115 1581 4002 3491 
2116 1771 5524 2467 
2117 4375 5397 1594 
2118 3129 5301 1351 
2119 2436 3453 2362 
2120 3397 4102 3398 
2121 3488 4083 1944 
2122 1637 2501 1830 
2123 1559 3510 3349 
2124 2234 4649 3359 
2125 2135 2372 1767 
2126 2214 4203 4137 
2127 2652 4657 3967 
2128 3731 4434 4330 
2129 3279 5024 547 
2130 2581 4160 1821 
2131 3119 5511 3037 
2132 3471 5525 2435 
2133 2527 2528 1993 
2134 2472 4906 2017 
2135 1934 3415 2993 
2136 2759 4553 3979 
2137 3127 5146 3346 
2138 3820 4942 1552 
2139 1758 2740 2254 
2140 1908 2015 1881 
2141 2566 2567 2045 
2142 1947 1948 1916 
2143 2305 2386 2307 
2144 2334 2335 2073 
2145 2859 4480 2856 
2146 2822 3196 2852 
2147 3510 4200 2827 
2148 2123 4602 3372 
2149 3690 3715 2901 
2150 2697 2698 2100 
2151 3021 3350 3020 
2152 2677 3228 3226 
2153 1817 1819 1651 
2154 1667 2880 2102 
2155 3268 4819 1607 
2156 3399 5556 2281 
2157 3267 3452 1206 
2158 1121 3562 3475 
2159 2707 3249 3052 
2160 1919 2152 1918 
2161 2775 2781 2777 
2162 4479 5464 2424 
2163 2491 3334 3333 
2164 2597 4847 3663 
2165 1652 1846 1687 
2166 2648 3465 1846 
2167 2682 2683 2231 
2168 1992 2237 2221 
2169 2289 4582 2734 
2170 2622 2956 2621 
2171 3675 5027 3674 
2172 1647 4962 1393 
2173 2451 3099 2450 
2174 2974 4901 2973 
2175 2394 3307 2164 
2176 4539 4869 1706 
2177 1865 2492 2083 
2178 3279 5232 3277 
2179 1834 2353 2174 
2180 2781 3887 3829 
2181 3224 5014 3223 
2182 2261 5549 2258 
2183 3306 3484 1094 
2184 2913 3515 2914 
2185 2938 3333 2747 
2186 3148 4118 1796 
2187 2418 4175 2420 
2188 1351 5409 3129 
2189 2671 3198 2584 
2190 1389 3090 1457 
2191 3147 4831 2605 
2192 2447 3061 2442 
2193 2335 2938 2747 
2194 2634 2636 2635 
2195 2278 4180 3505 
2196 2141 4696 4194 
2197 4193 4695 2349 
2198 2117 2118 1979 
2199 1532 4629 3128 
2200 3540 3838 1348 
2201 1370 3824 3434 
2202 3140 5031 2647 
2203 1724 1838 1837 
2204 1905 5525 2039 
2205 3285 3287 1946 
2206 3116 3320 2059 
2207 1821 4160 1850 
2208 2378 3293 2991 
2209 2251 3193 3127 
2210 3875 5189 1567 
2211 1905 2039 1903 
2212 2482 4108 2406 
2213 2474 3679 3678 
2214 2878 4453 3148 
2215 3114 4136 3698 
2216 1457 1714 1703 
2217 2975 3175 2228 
2218 3027 4420 1308 
2219 3408 3724 1092 
2220 2997 3258 2500 
2221 2346 4795 1839 
2222 2809 3194 2849 
2223 3417 5429 1577 
2224 2062 2586 1741 
2225 2904 3026 3025 
2226 2239 3305 3304 
2227 2136 5506 1924 
2228 1899 5552 2058 
2229 2057 2533 2056 
2230 2842 2925 2837 
2231 2413 4771 3237 
2232 2836 2974 2973 
2233 2238 2595 1794 
2234 2510 3259 2512 
2235 1436 1840 1712 
2236 2073 5523 1887 
2237 2627 3130 3129 
2238 1434 1836 1725 
2239 2323 5372 2324 
2240 1970 3149 1978 
2241 2823 3254 2825 
2242 2514 2933 2302 
2243 1594 5327 2911 
2244 2817 3082 2818 
2245 2340 5111 2881 
2246 2957 4960 4201 
2247 2617 4106 3415 
2248 2711 4175 2418 
2249 2973 3120 2972 
2250 2172 3088 2668 
2251 2350 3311 2351 
2252 2700 5245 4474 
2253 3974 5419 1570 
2254 3330 4750 998 
2255 2376 3424 2341 
2256 3125 3248 2643 
2257 544 3461 545 
2258 2153 3248 3125 
2259 2924 3342 2331 
2260 2004 2005 1757 
2261 3292 5378 3217 
2262 2865 2866 2864 
2263 1256 3023 2282 
2264 1980 3455 2296 
2265 1707 1825 1708 
2266 604 3467 605 
2267 3034 4284 2582 
2268 3083 4970 2845 
2269 2217 2270 2269 
2270 2901 4426 3690 
2271 2759 3093 2760 
2272 824 3581 1600 
2273 2697 3479 2698 
2274 2138 2140 1956 
2275 3454 5364 2362 
2276 4314 4616 3319 
2277 2421 3502 2422 
2278 3071 5223 4491 
2279 1626 2346 1839 
2280 2161 2316 2163 
2281 1787 4092 2147 
2282 2683 3527 2951 
2283 2048 2472 2017 
2284 2847 2848 2773 
2285 1872 2620 1871 
2286 3046 4984 2964 
2287 2010 5478 1825 
2288 2083 5550 1867 
2289 3173 4485 3484 
2290 2832 3375 2831 
2291 4918 4919 3500 
2292 2582 2903 2583 
2293 2582 4445 2903 
2294 1470 4319 3353 
2295 2739 4607 3287 
2296 3058 4464 1208 
2297 3261 4709 3611 
2298 1746 5237 1914 
2299 3481 3513 3482 
2300 2441 2627 2443 
2301 3178 4134 2801 
2302 2551 4226 2706 
2303 2878 3148 2286 
2304 3110 3111 2338 
2305 2383 3247 2330 
2306 2628 2967 2629 
2307 3071 3072 3070 
2308 3047 3607 2105 
2309 3361 3363 3117 
2310 3227 4914 3245 
2311 1942 2127 2126 
2312 1218 3463 3438 
2313 2762 3200 3030 
2314 4109 5353 1950 
2315 1938 2114 2112 
2316 3065 5251 3064 
2317 2305 2920 2386 
2318 2577 4435 4356 
2319 1658 2392 1657 
2320 3625 4613 1495 
2321 1145 3572 1620 
2322 2147 3021 3020 
2323 1125 5051 3142 
2324 2686 2688 2507 
2325 2038 4664 2036 
2326 4624 4763 3775 
2327 5104 5211 1592 
2328 2317 2421 2319 
2329 2325 3086 3085 
2330 2202 3571 2494 
2331 1630 4278 4162 
2332 2124 5012 2924 
2333 3259 3542 3260 
2334 1626 2998 2346 
2335 2793 3178 2801 
2336 3280 4362 2737 
2337 2431 5286 2373 
2338 2082 2958 1734 
2339 2734 3347 2291 
2340 1973 1975 1974 
2341 1765 2051 1763 
2342 2515 2624 2187 
2343 2554 3183 3181 
2344 2332 3182 2125 
2345 1861 2735 2150 
2346 2614 3202 3201 
2347 1152 4277 3033 
2348 1955 1956 1829 
2349 3030 3881 3031 
2350 3699 4449 3146 
2351 4254 4584 4509 
2352 4478 4900 4296 
2353 2868 3381 2866 
2354 2017 4906 2230 
2355 2107 3047 2105 
2356 3058 4816 3060 
2357 2194 2195 2179 
2358 2964 4522 3046 
2359 1953 3010 1952 
2360 1914 2002 1915 
2361 2324 4271 3086 
2362 2118 2121 2119 
2363 3325 5306 3864 
2364 2455 2882 2737 
2365 3085 3374 3084 
2366 2199 3389 3056 
2367 3052 3292 3217 
2368 2700 2945 2894 
2369 3102 5083 2453 
2370 2607 3367 3366 
2371 3943 3970 3944 
2372 1498 5214 4371 
2373 3246 4467 1591 
2374 3309 3838 3540 
2375 2775 3027 2781 
2376 3309 3540 2878 
2377 2845 3254 2823 
2378 2940 3092 2477 
2379 1777 2054 1775 
2380 3033 4555 1152 
2381 1633 2724 2723 
2382 3434 3824 3435 
2383 2840 3223 2851 
2384 4113 4167 2487 
2385 3091 5085 2666 
2386 1837 3043 3042 
2387 3183 5294 3181 
2388 2543 3379 2630 
2389 1923 4890 4496 
2390 2047 2405 2228 
2391 1468 1878 1877 
2392 3132 5470 3133 
2393 2336 5549 3963 
2394 3438 4348 1218 
2395 2098 2339 2203 
2396 2507 2688 2510 
2397 58 3651 57 
2398 1818 1942 1941 
2399 2121 2276 2119 
2400 2266 3113 3110 
2401 222 4081 221 
2402 2669 4543 3019 
2403 3000 5063 2130 
2404 3478 4641 3139 
2405 1610 3544 2769 
2406 3194 4376 2849 
2407 4348 4722 3411 
2408 1548 4885 3209 
2409 2359 2360 2026 
2410 1874 4476 2559 
2411 3709 4465 3198 
2412 1816 2167 2166 
2413 2569 2964 2568 
2414 3843 4063 2456 
2415 2129 4479 3000 
2416 3711 3756 2746 
2417 2619 4106 2617 
2418 2988 5391 4356 
2419 2786 3314 2784 
2420 2844 3196 2824 
2421 1824 3403 3402 
2422 2362 5364 2754 
2423 3238 3239 2287 
2424 2873 5494 4231 
2425 2653 4358 2529 
2426 1861 2150 1863 
2427 2425 4996 3531 
2428 2834 2973 2972 
2429 2871 2872 2869 
2430 2196 4704 2179 
2431 1137 4900 4478 
2432 2123 4387 4112 
2433 2771 4833 4420 
2434 3350 4944 3020 
2435 2781 5348 3887 
2436 2781 4222 2777 
2437 1995 2093 2091 
2438 3296 4600 1311 
2439 1833 1835 1596 
2440 2749 3131 2941 
2441 3117 3323 3320 
2442 1733 2143 1735 
2443 2959 5293 2963 
2444 2347 5525 1905 
2445 1633 2725 2724 
2446 2872 3923 3922 
2447 1098 4136 3284 
2448 2756 3150 3075 
2449 2969 3232 2629 
2450 1577 5429 3951 
2451 2070 5552 1899 
2452 19 1700 1071 
2453 13 1702 1446 
2454 1907 5438 1905 
2455 3728 3733 3731 
2456 2911 4375 1594 
2457 3476 3477 2034 
2458 2647 2905 2646 
2459 2270 3603 3369 
2460 1069 5030 1653 
2461 3282 4384 3281 
2462 1583 5119 3157 
2463 2757 2761 1729 
2464 3272 3274 3273 
2465 3361 3364 3363 
2466 2260 2261 2258 
2467 1399 2253 32 
2468 8 1701 1000 
2469 2875 5418 2508 
2470 2674 2675 2277 
2471 2104 2655 2250 
2472 2339 4730 4211 
2473 2198 3267 2197 
2474 2683 2951 2685 
2475 2469 2470 2116 
2476 2112 2113 2055 
2477 2696 2697 2099 
2478 1856 5543 2094 
2479 2279 3732 3729 
2480 2101 2950 2696 
2481 3315 5053 3312 
2482 1410 2998 1626 
2483 3184 4167 4113 
2484 2574 4521 2575 
2485 2133 5520 2388 
2486 2471 5000 4138 
2487 3099 3186 3100 
2488 3158 3159 2565 
2489 3635 5330 4714 
2490 3220 4752 2464 
2491 4898 4944 3659 
2492 2808 2906 2810 
2493 3284 4123 1098 
2494 2094 5350 2272 
2495 3125 5208 2153 
2496 1162 5024 4637 
2497 2603 5379 3144 
2498 1315 4132 3181 
2499 2241 5143 2242 
2500 4436 4741 2283 
2501 2269 3310 2216 
2502 1428 1756 1686 
2503 2725 3252 2724 
2504 2432 3462 2246 
2505 4162 4278 2200 
2506 4408 4484 3878 
2507 2012 2395 2394 
2508 2300 2762 2299 
2509 2722 4621 2403 
2510 2504 5418 2687 
2511 2794 3233 2803 
2512 2730 5300 3009 
2513 1642 1827 1640 
2514 2626 2738 2625 
2515 1255 4296 1198 
2516 1686 5437 1721 
2517 3213 4765 2408 
2518 708 3098 20 
2519 1733 2702 2143 
2520 3232 4868 3434 
2521 2819 3005 2815 
2522 1928 3588 2217 
2523 2520 5518 1982 
2524 167 3964 1489 
2525 4084 5479 2971 
2526 3941 4795 2346 
2527 1994 3355 3354 
2528 3560 4017 2523 
2529 2798 4148 2804 
2530 3988 4357 3137 
2531 2054 2660 1775 
2532 1412 4423 4404 
2533 2801 3312 2791 
2534 3817 4208 4005 
2535 179 3641 178 
2536 3947 4030 2673 
2537 1911 4631 4109 
2538 2533 4499 4217 
2539 2555 2556 2117 
2540 1703 1724 1720 
2541 657 3106 18 
2542 764 3104 24 
2543 3153 4602 2123 
2544 2972 3375 2832 
2545 2006 5317 1756 
2546 2129 2130 1948 
2547 1883 2031 1884 
2548 1281 1699 11 
2549 3086 4271 1230 
2550 987 5430 4708 
2551 2186 2187 2037 
2552 1997 3285 1764 
2553 1553 5289 4781 
2554 2468 5524 1771 
2555 3564 3565 491 
2556 1978 1979 1972 
2557 2800 3189 3188 
2558 1872 4352 2620 
2559 3728 3731 3730 
2560 2051 2612 1763 
2561 3097 5104 2930 
2562 2309 3345 2456 
2563 3977 4317 3799 
2564 2410 3214 3213 
2565 2436 4141 3453 
2566 2250 2893 2892 
2567 3122 3124 3123 
2568 2466 3221 3220 
2569 3224 4151 1293 
2570 2872 3212 2869 
2571 1037 3564 490 
2572 2874 2875 2508 
2573 3217 3229 3218 
2574 2652 4730 2098 
2575 2892 4460 3521 
2576 2137 4519 2415 
2577 3026 4667 3025 
2578 2171 4870 2358 
2579 2367 2368 2070 
2580 2010 4614 3394 
2581 1325 4604 3578 
2582 2613 3204 2612 
2583 2834 2972 2832 
2584 2719 3158 2360 
2585 2553 5522 1823 
2586 1648 3555 1650 
2587 3027 5348 2781 
2588 2951 5299 5117 
2589 1107 5109 4619 
2590 1664 5439 2953 
2591 3168 3169 1996 
2592 2803 3586 2796 
2593 3379 4504 2630 
2594 1945 5505 1937 
2595 4824 5322 3228 
2596 2441 2909 2627 
2597 1237 4416 3237 
2598 2718 4202 2717 
2599 3159 4368 3161 
2600 3335 3337 3336 
2601 2842 5234 2925 
2602 1825 1826 1708 
2603 776 3562 777 
2604 1819 4295 2998 
2605 1840 5196 1925 
2606 2049 2337 1774 
2607 2075 3253 3252 
2608 2792 3233 2794 
2609 2395 3606 3057 
2610 1602 5015 3028 
2611 3060 4816 317 
2612 2740 4326 2928 
2613 2806 2855 2799 
2614 2341 5519 1913 
2615 2211 3470 3469 
2616 3168 3170 3169 
2617 606 3608 607 
2618 3397 3398 2281 
2619 2301 3035 2397 
2620 2853 3643 2854 
2621 1928 2217 2216 
2622 3172 5109 3701 
2623 2820 3003 2819 
2624 2024 2957 1023 
2625 1082 3402 2158 
2626 4390 4754 158 
2627 2808 2932 2906 
2628 3707 4625 2912 
2629 2901 4546 2900 
2630 1005 5022 3388 
2631 1762 5309 1997 
2632 1755 5096 3389 
2633 1986 2080 1987 
2634 2328 3180 3055 
2635 1789 1791 1289 
2636 1792 1793 1288 
2637 3542 3990 3260 
2638 317 4784 3060 
2639 3326 5306 3325 
2640 3138 4332 1509 
2641 3006 3388 2888 
2642 3185 4293 2134 
2643 1256 3469 3023 
2644 1517 4485 3172 
2645 3087 3089 3088 
2646 1820 4701 2877 
2647 3179 4209 1113 
2648 2816 3194 2811 
2649 3132 3133 2567 
2650 3478 4539 2034 
2651 2701 4673 2699 
2652 1278 4116 1372 
2653 2440 2554 2439 
2654 2098 4730 2339 
2655 3231 4733 1997 
2656 2470 2766 2764 
2657 3368 3370 2269 
2658 2096 5543 1856 
2659 2953 5416 1664 
2660 2999 3401 2887 
2661 2330 3180 2328 
2662 3368 4248 3370 
2663 3349 3876 1559 
2664 2695 5336 4320 
2665 2555 4219 2556 
2666 3513 3514 3482 
2667 1380 4782 3008 
2668 1077 4040 4039 
2669 2039 3471 2989 
2670 2396 2418 2417 
2671 3368 5352 992 
2672 1910 5223 3067 
2673 3038 5289 2432 
2674 2321 2323 2322 
2675 1889 2025 1890 
2676 2960 5377 3416 
2677 2033 2234 2233 
2678 5026 5178 3238 
2679 2385 4934 1624 
2680 3333 4142 2747 
2681 2109 3049 3048 
2682 2816 3296 3195 
2683 4205 4630 4575 
2684 3174 4890 4518 
2685 3383 4523 4346 
2686 3057 3348 2394 
2687 2991 3420 2379 
2688 3414 4327 2935 
2689 2906 4971 3855 
2690 3237 4771 1237 
2691 2206 4854 2205 
2692 2537 5400 3361 
2693 2358 4218 3087 
2694 2208 3412 2469 
2695 2678 4084 2971 
2696 1704 2644 2643 
2697 2789 4802 2792 
2698 3313 5053 3852 
2699 1612 5007 3515 
2700 1952 2033 2032 
2701 4329 4716 2847 
2702 2392 5122 1828 
2703 4052 4943 4236 
2704 2704 2714 2705 
2705 2726 3603 2270 
2706 1073 4258 3381 
2707 3318 3319 3317 
2708 4284 4445 2582 
2709 2213 4668 2009 
2710 3157 3810 1583 
2711 1307 4582 3239 
2712 2882 3280 2737 
2713 3312 5053 3313 
2714 1455 4925 2702 
2715 3151 5041 3152 
2716 2248 4312 2497 
2717 2642 3268 1607 
2718 1773 2049 1774 
2719 1835 5530 1940 
2720 2316 2317 2163 
2721 2288 3309 2878 
2722 2125 5248 2475 
2723 2375 2376 2341 
2724 1595 1834 1833 
2725 1783 5225 1782 
2726 2176 5181 2363 
2727 2861 4054 1815 
2728 3520 5384 5322 
2729 2886 3460 2448 
2730 1723 1930 1929 
2731 4094 5005 4095 
2732 5189 5484 2927 
2733 2841 3223 2840 
2734 2977 2978 1459 
2735 1828 1829 1718 
2736 1093 5260 5052 
2737 2981 2982 1460 
2738 2974 5247 4901 
2739 1006 5149 3131 
2740 3220 4085 1599 
2741 2043 5499 1855 
2742 1756 1757 1686 
2743 2435 3472 3471 
2744 4175 4567 2420 
2745 2148 5530 4236 
2746 1902 4949 1996 
2747 1337 4850 4823 
2748 3531 4996 1407 
2749 4097 4423 2460 
2750 3836 5282 4172 
2751 1856 2094 1719 
2752 2923 3141 3140 
2753 993 4919 4918 
2754 2863 5275 2006 
2755 3213 4086 1601 
2756 545 3461 1444 
2757 3305 5165 3304 
2758 2657 4766 2256 
2759 4065 4282 3029 
2760 2774 3007 2847 
2761 2755 2756 2409 
2762 3334 4142 3333 
2763 2749 4576 3131 
2764 2748 2749 2465 
2765 1977 4412 3208 
2766 1344 3587 963 
2767 1867 5550 2600 
2768 4645 5312 4644 
2769 2570 2571 2508 
2770 2688 4075 2510 
2771 3499 3500 2910 
2772 2661 3244 2660 
2773 3571 4734 2494 
2774 2279 5507 1781 
2775 2251 2252 2031 
2776 1607 4819 1364 
2777 2175 2190 2171 
2778 1736 2961 2082 
2779 2198 4986 3267 
2780 1009 5047 3401 
2781 1075 4169 3591 
2782 2962 3215 2960 
2783 2840 2851 2850 
2784 2756 4579 3150 
2785 2821 3082 2845 
2786 2998 4295 2346 
2787 3205 4693 3596 
2788 2036 2037 1813 
2789 4880 5519 2341 
2790 2068 3116 1866 
2791 2452 2997 2500 
2792 3327 3445 3326 
2793 2454 2477 2455 
2794 3035 3577 2397 
2795 2695 4320 3490 
2796 2877 4783 1820 
2797 605 3467 1565 
2798 3040 3422 2297 
2799 4509 4584 2667 
2800 3315 5028 1313 
2801 3171 5109 3172 
2802 3903 3906 3905 
2803 2304 3032 2514 
2804 3424 4050 1226 
2805 2804 4148 3517 
2806 2698 5245 2700 
2807 3237 4416 4072 
2808 1455 2702 1733 
2809 3154 3383 2528 
2810 3193 4935 4244 
2811 3142 4578 1125 
2812 2638 5520 2387 
2813 987 3485 878 
2814 2729 3866 2730 
2815 2263 2264 2025 
2816 3938 3943 3942 
2817 3119 5286 1085 
2818 2262 2921 2261 
2819 2408 2409 2320 
2820 2649 2650 2648 
2821 2464 2465 2463 
2822 3193 4244 1103 
2823 2573 4283 2516 
2824 1204 3489 1416 
2825 4297 4545 3940 
2826 2995 2996 2650 
2827 2857 3240 2912 
2828 998 3924 3330 
2829 2145 2320 2144 
2830 3051 4430 1761 
2831 1665 1818 1817 
2832 3233 5339 2803 
2833 1679 2034 1681 
2834 2462 2463 2159 
2835 1810 4827 2181 
2836 2664 5481 5376 
2837 3126 5410 2479 
2838 1994 3354 1778 
2839 3717 4880 3424 
2840 3311 4839 2351 
2841 4518 4890 1923 
2842 3871 4868 2969 
2843 1709 4575 2361 
2844 3113 5020 3110 
2845 3120 4682 2972 
2846 2399 5382 2400 
2847 2403 2404 2081 
2848 3614 3622 1490 
2849 2357 3184 2966 
2850 3439 4738 1568 
2851 2623 3144 2136 
2852 4127 4990 4128 
2853 3373 3641 2995 
2854 3568 3952 1210 
2855 3533 5181 4393 
2856 1826 4409 1845 
2857 2707 3052 3051 
2858 2108 2615 2110 
2859 441 3514 1120 
2860 3492 4242 1176 
2861 1973 2936 2012 
2862 2852 4967 3003 
2863 4201 4960 2473 
2864 3037 3344 2374 
2865 1936 5537 2274 
2866 2068 4775 4302 
2867 1644 4756 1642 
2868 3358 3360 2236 
2869 4232 5399 2885 
2870 1798 3148 1796 
2871 2692 4662 2083 
2872 3561 3854 1354 
2873 1894 2280 1893 
2874 3340 4613 3624 
2875 2738 4532 2625 
2876 1839 1916 1688 
2877 1549 4737 3479 
2878 3899 4443 2891 
2879 2810 3439 2812 
2880 3145 3648 3144 
2881 2107 3048 3047 
2882 1336 4314 3318 
2883 1882 1933 1880 
2884 2879 3456 2679 
2885 2200 4278 3421 
2886 1895 2026 1896 
2887 1984 2144 1925 
2888 2889 3028 2594 
2889 1983 2159 1958 
2890 2647 5031 2905 
2891 3232 3434 2315 
2892 2642 3270 3269 
2893 2849 4804 2853 
2894 1120 5310 3512 
2895 3222 3427 1055 
2896 4967 5369 3003 
2897 3130 5301 3129 
2898 2009 5478 2213 
2899 2450 3101 2446 
2900 2142 5013 2002 
2901 3923 4273 2155 
2902 2301 2397 2303 
2903 1745 5237 1746 
2904 2412 4116 3329 
2905 2190 4870 2171 
2906 3752 4628 2527 
2907 2898 2899 2897 
2908 3656 4339 3288 
2909 2452 2500 2454 
2910 3185 4294 3508 
2911 1594 5298 1394 
2912 1679 3476 2034 
2913 3589 3828 2802 
2914 3303 4309 2978 
2915 3499 4623 1471 
2916 2325 3084 2385 
2917 3240 5209 2912 
2918 1309 3828 3589 
2919 3302 4304 2982 
2920 3753 4629 1532 
2921 3300 4324 3553 
2922 2400 4235 2662 
2923 3044 5080 2636 
2924 2108 3109 2615 
2925 1113 4830 3179 
2926 2800 3178 2795 
2927 2303 2920 2305 
2928 2313 3626 2357 
2929 1940 5530 4551 
2930 3146 4902 1522 
2931 2913 4139 3515 
2932 2398 5382 2399 
2933 1010 5151 3150 
2934 1730 2084 1732 
2935 2729 2730 2273 
2936 1837 4554 3043 
2937 2508 5418 2504 
2938 2155 4401 1920 
2939 1980 2176 1981 
2940 3005 5420 2815 
2941 3547 4949 1902 
2942 2686 4779 2688 
2943 2449 5488 2997 
2944 1686 1721 1479 
2945 1860 2518 2086 
2946 2844 4524 3196 
2947 2986 4306 2075 
2948 2921 4707 2261 
2949 3129 5409 4887 
2950 3009 3046 2732 
2951 3163 3497 3165 
2952 1824 4394 3403 
2953 3869 5369 3870 
2954 3008 4782 3556 
2955 3276 3498 3274 
2956 3434 3435 2315 
2957 3366 3367 3097 
2958 3414 4064 1513 
2959 3519 4275 1520 
2960 2965 4272 3240 
2961 3205 5153 4693 
2962 2363 2364 2177 
2963 1782 5225 1781 
2964 3086 5314 3085 
2965 3381 5021 2866 
2966 4018 4571 3413 
2967 2807 2853 2806 
2968 1230 5314 3086 
2969 2704 4285 2714 
2970 4688 5525 2347 
2971 3416 3417 2959 
2972 2360 3158 2565 
2973 1103 4195 3193 
2974 1657 1828 1718 
2975 4056 4894 3931 
2976 1397 2723 1456 
2977 2679 3566 2655 
2978 2964 4585 2568 
2979 2084 2085 1732 
2980 2510 2512 2511 
2981 2123 4112 3153 
2982 1384 4429 1646 
2983 3450 4557 2097 
2984 2285 3238 2287 
2985 2576 5170 1401 
2986 3142 5051 2947 
2987 2948 5052 3143 
2988 2242 5143 3039 
2989 440 3514 441 
2990 3616 3619 3614 
2991 4353 4928 2354 
2992 1310 4492 3644 
2993 4894 5492 5323 
2994 1860 2086 1859 
2995 2821 2845 2823 
2996 2589 4977 3128 
2997 2093 2425 2423 
2998 3502 4792 2422 
2999 3306 3483 2653 
3000 3074 3640 1630 
3001 1303 4063 3843 
3002 2104 2679 2655 
3003 1888 2334 1887 
3004 2737 3102 2453 
3005 2089 2550 2549 
3006 3096 4726 4385 
3007 1812 2036 1813 
3008 2035 2895 1885 
3009 4217 4457 2533 
3010 3409 4386 3411 
3011 2197 3266 3264 
3012 2032 5331 2183 
3013 3284 4136 2267 
3014 2332 5463 2437 
3015 1520 5384 3518 
3016 2456 4063 2311 
3017 2702 3760 2703 
3018 1089 4059 3436 
3019 2230 3299 2682 
3020 2530 2653 2529 
3021 2455 2737 2453 
3022 1225 4719 4142 
3023 3640 4645 1272 
3024 1488 4646 3323 
3025 2160 4862 2161 
3026 1919 2153 2152 
3027 1754 2922 1606 
3028 139 3576 138 
3029 2640 5342 2919 
3030 3395 4150 1697 
3031 4980 5101 4583 
3032 2896 2897 2895 
3033 2298 5495 3035 
3034 1218 4348 3761 
3035 1597 1945 1937 
3036 1387 3236 1436 
3037 2641 2642 1607 
3038 2833 5509 3316 
3039 2454 2940 2477 
3040 2778 3325 2782 
3041 1341 3235 1434 
3042 2847 4716 2848 
3043 3210 3335 3211 
3044 3201 3203 2613 
3045 1982 5518 5481 
3046 3586 3587 1344 
3047 1567 5189 3845 
3048 1620 5326 2202 
3049 2637 4553 2759 
3050 3626 3822 1545 
3051 1972 1973 1971 
3052 1085 4323 3119 
3053 2741 3330 2742 
3054 3789 5197 2703 
3055 4158 4219 2555 
3056 2065 2481 2406 
3057 3436 4059 3437 
3058 2956 4378 3475 
3059 2191 2414 2413 
3060 2654 3306 2653 
3061 1822 1952 1951 
3062 3335 5311 3337 
3063 2111 5202 3049 
3064 3825 4328 2386 
3065 3234 4777 3233 
3066 1766 3285 1946 
3067 2239 2240 2121 
3068 1480 4381 3215 
3069 3264 3582 3265 
3070 3052 3217 3053 
3071 2653 5075 4358 
3072 2766 4242 2767 
3073 2271 3642 2649 
3074 3138 4883 3015 
3075 3808 5207 2128 
3076 3067 3068 2038 
3077 2256 4766 2255 
3078 2435 4104 3472 
3079 3992 5172 5007 
3080 2222 2223 2045 
3081 3020 4944 3022 
3082 1418 2141 2020 
3083 2348 2349 1417 
3084 3299 3558 1131 
3085 1690 5001 3380 
3086 2215 4203 2214 
3087 1637 1830 1638 
3088 3375 5370 1322 
3089 2044 2045 2043 
3090 1840 1925 1712 
3091 1705 1934 1680 
3092 4781 5289 3038 
3093 2272 2273 2095 
3094 1310 5249 3189 
3095 1836 1958 1725 
3096 3323 4646 3322 
3097 3247 4685 3246 
3098 2268 2625 2267 
3099 2393 4534 4201 
3100 3144 5231 2603 
3101 2246 5483 2248 
3102 1558 4591 3103 
3103 3282 4703 4384 
3104 3813 4862 2873 
3105 1922 1924 1907 
3106 2920 5188 2386 
3107 3619 3622 3614 
3108 2057 2658 2533 
3109 2327 2328 2326 
3110 1418 4696 2141 
3111 2349 4695 1417 
3112 3159 4867 4368 
3113 3436 3437 2221 
3114 2866 5021 3384 
3115 2691 4343 2557 
3116 3235 4790 2525 
3117 2295 3309 2290 
3118 4116 4498 1372 
3119 2880 4638 2879 
3120 3017 3138 3015 
3121 1931 4511 2208 
3122 2371 3282 3281 
3123 1150 5429 5377 
3124 3226 3227 2661 
3125 2725 4462 3252 
3126 3236 4796 2526 
3127 1386 4429 1384 
3128 2846 4530 2788 
3129 1827 4955 3115 
3130 2872 4110 3212 
3131 1700 2981 1071 
3132 1702 2987 1446 
3133 3582 5442 1003 
3134 1561 4716 3885 
3135 1964 2061 2060 
3136 4147 5222 3216 
3137 2353 4353 2354 
3138 1701 2977 1000 
3139 3484 4643 3173 
3140 3057 3576 3348 
3141 2741 4750 3330 
3142 3788 4102 3678 
3143 1793 4118 1288 
3144 3157 5119 2859 
3145 2308 5050 2371 
3146 2881 4502 2943 
3147 1601 4765 3213 
3148 2038 5449 4664 
3149 138 3576 1054 
3150 1128 4776 4603 
3151 2836 2973 2834 
3152 2148 4236 3796 
3153 2432 3565 3564 
3154 2534 2535 2113 
3155 3147 4968 1207 
3156 2706 3249 2707 
3157 4823 5243 1262 
3158 1599 4752 3220 
3159 4679 4689 4432 
3160 1411 2998 1410 
3161 3567 4060 2376 
3162 1819 5281 4295 
3163 2584 5440 3041 
3164 2028 2029 1838 
3165 2706 4895 3249 
3166 1310 3644 898 
3167 2912 4625 2589 
3168 1864 3116 2059 
3169 2456 3846 3843 
3170 3398 4767 3399 
3171 1281 3328 1699 
3172 1312 4487 4407 
3173 2900 5010 2070 
3174 3049 4652 3048 
3175 1231 3469 1256 
3176 963 3587 964 
3177 3070 4181 3512 
3178 3004 5369 3869 
3179 3007 4329 2847 
3180 4126 4159 1435 
3181 2950 4772 2696 
3182 2250 2892 2103 
3183 2075 4531 2986 
3184 1962 3324 1829 
3185 2239 3304 2240 
3186 4862 5494 2873 
3187 3569 4347 1132 
3188 3420 4044 3423 
3189 2759 4164 3093 
3190 1879 1881 1880 
3191 3055 5359 5156 
3192 2719 4507 3158 
3193 4682 5370 2972 
3194 3712 4142 3334 
3195 3238 5178 3239 
3196 2835 2842 2837 
3197 4199 4913 2457 
3198 2396 4992 2711 
3199 1827 3115 1640 
3200 3453 4448 3454 
3201 3136 4357 3897 
3202 2016 2065 2064 
3203 3855 4738 2906 
3204 1969 4471 2954 
3205 2451 5083 3099 
3206 2094 2095 1719 
3207 2183 2581 1951 
3208 1225 4142 3712 
3209 3631 5436 1586 
3210 3678 4102 2474 
3211 3438 3463 3072 
3212 3032 4291 2514 
3213 2226 4565 3255 
3214 2350 5000 3311 
3215 3469 3470 2023 
3216 3144 3648 2136 
3217 2779 3589 2802 
3218 4469 4470 1296 
3219 2587 2999 2887 
3220 3165 4801 3167 
3221 2837 2925 2839 
3222 2295 3896 3838 
3223 3042 4238 1837 
3224 2593 3006 2888 
3225 1787 5446 4092 
3226 2607 4169 3367 
3227 1953 4517 3419 
3228 3388 5022 2888 
3229 4951 5357 4525 
3230 2114 5078 2112 
3231 2155 4520 3923 
3232 2631 2634 2633 
3233 2860 5009 3501 
3234 4521 4809 2575 
3235 1630 4374 3074 
3236 2987 4356 2011 
3237 3103 4684 1558 
3238 3023 3176 2282 
3239 2423 3531 3147 
3240 2091 2092 1933 
3241 2342 5473 2056 
3242 3093 4937 3095 
3243 1717 4572 4411 
3244 3482 4622 1516 
3245 2228 2229 2048 
3246 2967 2968 2629 
3247 3798 5293 4228 
3248 1468 1877 1401 
3249 2304 2514 2302 
3250 1665 1817 1651 
3251 4878 5091 1530 
3252 2966 5531 2628 
3253 4002 4750 3491 
3254 1636 1822 1821 
3255 1718 3253 1645 
3256 3515 5007 2914 
3257 3870 5369 1320 
3258 3269 4394 3268 
3259 2754 5079 2154 
3260 2919 4206 3502 
3261 1007 4930 3221 
3262 2588 4812 2008 
3263 4603 4776 3346 
3264 3209 4885 2729 
3265 2667 4584 2067 
3266 2230 2231 2007 
3267 2055 3352 1853 
3268 2118 4128 2239 
3269 2172 2668 2169 
3270 3122 3123 2645 
3271 2075 4306 1363 
3272 2925 4762 2926 
3273 3141 3492 3192 
3274 3915 4533 2524 
3275 3787 4590 2480 
3276 3222 4504 3427 
3277 3379 4392 1590 
3278 2330 3246 3180 
3279 2030 3333 2938 
3280 2714 3146 2715 
3281 4054 5112 4406 
3282 4279 4938 3156 
3283 1584 5139 3136 
3284 2645 3125 2643 
3285 2965 3240 2264 
3286 3858 4833 1926 
3287 1471 5332 3499 
3288 1334 5256 2225 
3289 2226 5257 1453 
3290 1705 5132 1934 
3291 1858 2735 1861 
3292 3242 3243 1007 
3293 2993 4240 1934 
3294 1347 5077 4736 
3295 2855 5465 2799 
3296 2548 3574 2517 
3297 3175 4274 2229 
3298 1851 4103 1689 
3299 1758 1936 1935 
3300 2825 5125 2827 
3301 4238 4687 2970 
3302 3971 4175 2711 
3303 2883 4754 4390 
3304 2840 2850 2838 
3305 3453 3454 2362 
3306 2727 4763 4624 
3307 3563 4856 3494 
3308 3462 3564 1037 
3309 3250 3251 1008 
3310 2085 2541 2540 
3311 2698 2700 2699 
3312 3544 5076 2769 
3313 2696 4798 2697 
3314 2546 2547 2006 
3315 2903 5227 4294 
3316 1989 1992 1990 
3317 2192 2193 1993 
3318 2522 5068 4320 
3319 1535 4427 3351 
3320 1930 2057 2056 
3321 2415 3519 3518 
3322 1097 5020 3745 
3323 2522 5336 1995 
3324 3481 3482 3480 
3325 3299 3559 3558 
3326 2617 5497 2619 
3327 2331 5463 2332 
3328 1267 3556 1144 
3329 2242 2244 2243 
3330 1456 1723 1631 
3331 2957 4201 1161 
3332 1901 3547 1902 
3333 3813 4861 3063 
3334 4393 5475 3533 
3335 2181 3732 1783 
3336 2335 2747 2746 
3337 2229 3190 2048 
3338 2822 2852 2820 
3339 1317 5072 3357 
3340 614 5294 3183 
3341 3477 3478 2034 
3342 3010 4385 3059 
3343 2250 3466 2893 
3344 2798 2804 2799 
3345 2734 3541 3347 
3346 2405 5239 2975 
3347 2469 5226 4147 
3348 2538 5555 3033 
3349 1741 5510 1598 
3350 2708 2710 2709 
3351 1001 3641 179 
3352 2763 5426 2115 
3353 2195 2198 2197 
3354 855 4473 3091 
3355 2558 2691 2557 
3356 4271 5372 2753 
3357 3401 5047 2887 
3358 1714 2194 2179 
3359 4008 4158 2555 
3360 1847 1964 1963 
3361 1627 4354 3516 
3362 2350 2351 2349 
3363 2141 2603 2602 
3364 1495 3814 3625 
3365 1008 4941 3214 
3366 4287 4466 4047 
3367 2809 2849 2807 
3368 2551 4590 4364 
3369 3288 5401 3656 
3370 1066 3572 1145 
3371 2582 2583 2581 
3372 57 3651 1579 
3373 1206 3651 58 
3374 3434 4868 1370 
3375 1167 4513 1654 
3376 4780 5136 3329 
3377 1883 2559 2069 
3378 3530 5234 2842 
3379 1870 3556 1267 
3380 1706 4869 1873 
3381 4061 4658 2566 
3382 2299 3031 2294 
3383 3202 3767 3766 
3384 2774 2847 2773 
3385 3866 5300 2730 
3386 3025 4666 3076 
3387 3264 3265 2196 
3388 2505 2507 2506 
3389 3093 3094 2760 
3390 1619 4310 1059 
3391 2246 2248 2247 
3392 2040 2671 2584 
3393 2830 2832 2831 
3394 2543 2630 2544 
3395 1762 1997 1764 
3396 1441 4404 1989 
3397 1618 4305 1253 
3398 2793 2801 2791 
3399 2860 3157 2859 
3400 3014 5413 2743 
3401 2497 3851 2398 
3402 3161 4241 3163 
3403 2785 2788 2786 
3404 3017 3139 3138 
3405 1902 1996 1904 
3406 2902 4426 2901 
3407 2884 4119 2885 
3408 2644 2647 2646 
3409 1363 4306 1276 
3410 3322 3495 3494 
3411 2928 4713 2254 
3412 1900 2367 1899 
3413 2829 3317 2830 
3414 1871 2620 2618 
3415 1992 2215 2214 
3416 1864 2059 1862 
3417 3790 4627 2890 
3418 3407 4271 2753 
3419 1742 1759 1741 
3420 3317 5509 2833 
3421 1641 1814 1643 
3422 3499 3645 3500 
3423 4454 5376 2207 
3424 3110 4759 3111 
3425 3476 4573 3477 
3426 2577 5391 1245 
3427 3183 5044 614 
3428 2447 3357 3356 
3429 2101 2696 2099 
3430 4337 4960 2024 
3431 2641 3271 2642 
3432 3452 3651 1206 
3433 2053 2857 2589 
3434 3274 4637 3273 
3435 2662 4503 2708 
3436 1780 3354 1910 
3437 4320 5336 2522 
3438 1850 1851 1689 
3439 3492 4592 3192 
3440 1931 2115 1687 
3441 2102 2879 2104 
3442 2400 2662 2401 
3443 4371 5214 3210 
3444 2760 4261 2758 
3445 1853 1913 1852 
3446 2030 5517 2491 
3447 3215 5377 2960 
3448 1652 1847 1846 
3449 2878 4749 4453 
3450 1988 4103 1851 
3451 2594 3458 1985 
3452 1811 1823 1810 
3453 3969 4908 3944 
3454 2027 4740 3390 
3455 4128 4990 3305 
3456 1770 1771 1769 
3457 2919 3502 2421 
3458 2157 5508 4293 
3459 2026 2564 1896 
3460 3018 3478 3017 
3461 3730 3731 2490 
3462 2744 3015 3014 
3463 2302 2933 2300 
3464 2539 3263 2260 
3465 3570 3571 2202 
3466 2894 5241 3878 
3467 1428 2546 1756 
3468 2802 4207 2783 
3469 2947 4193 2349 
3470 2141 4194 2948 
3471 2969 4826 3871 
3472 4736 5077 3083 
3473 918 4682 3120 
3474 777 3562 1121 
3475 1538 3562 776 
3476 2814 4383 2843 
3477 2167 2170 2169 
3478 1272 4645 1270 
3479 1784 1810 1783 
3480 2620 2622 2621 
3481 1630 3640 1272 
3482 3320 3323 3322 
3483 2128 4894 3808 
3484 2300 5177 2762 
3485 653 5011 4787 
3486 2357 2628 2314 
3487 1277 5491 1758 
3488 3470 3627 2023 
3489 3807 4545 4297 
3490 2432 3564 3462 
3491 1770 5192 3365 
3492 3543 4231 2434 
3493 3281 4384 1357 
3494 3512 3513 3069 
3495 3080 3474 2898 
3496 2838 4751 2836 
3497 4422 5256 1334 
3498 1453 5257 4424 
3499 2843 4369 2817 
3500 1206 3451 3267 
3501 3465 4511 1931 
3502 1131 5133 3299 
3503 2361 4614 1707 
3504 1565 3608 606 
3505 607 3608 1356 
3506 2355 4943 4052 
3507 3259 4075 1481 
3508 2025 2609 1890 
3509 2527 4628 3154 
3510 3599 4499 2937 
3511 2975 4081 3175 
3512 3256 3408 3257 
3513 2033 2235 2234 
3514 2223 3011 2569 
3515 2494 4692 2493 
3516 1648 1650 1649 
3517 2276 2674 2277 
3518 3258 3511 2500 
3519 3088 5059 2668 
3520 3352 4857 2694 
3521 1645 3253 2075 
3522 3255 3663 3662 
3523 1731 2955 1730 
3524 2737 4362 3102 
3525 2272 4071 3209 
3526 4296 4900 1198 
3527 2752 4880 3781 
3528 2271 2648 1963 
3529 3628 4864 4288 
3530 4236 4943 3795 
3531 2439 3182 2332 
3532 3439 3561 2812 
3533 2937 4499 2533 
3534 1782 3067 1784 
3535 2112 5078 2538 
3536 1888 4899 2334 
3537 3115 5067 1406 
3538 3198 4465 2584 
3539 2574 2575 2234 
3540 3087 3088 2172 
3541 1595 1833 1596 
3542 1245 5391 4569 
3543 1763 2612 1760 
3544 2679 4466 3566 
3545 3226 4878 3227 
3546 3945 5035 4757 
3547 2608 3366 2344 
3548 3518 3520 2416 
3549 1626 1839 1688 
3550 3200 4974 3030 
3551 2368 2902 2901 
3552 2814 2817 2815 
3553 3066 5279 3065 
3554 2614 4748 3202 
3555 4678 4955 2402 
3556 2248 2398 2249 
3557 2111 3049 2109 
3558 2896 3890 3079 
3559 4213 5481 2664 
3560 4777 5154 3827 
3561 3393 4640 3392 
3562 3217 5378 3229 
3563 3193 5146 3127 
3564 2675 4191 2277 
3565 1803 5451 2185 
3566 1655 4440 4300 
3567 4090 4765 1601 
3568 2098 2203 2003 
3569 2741 2742 2404 
3570 2552 4827 1810 
3571 1442 5065 4966 
3572 1704 2922 2644 
3573 2689 5361 1687 
3574 2233 3359 3358 
3575 2019 5395 3156 
3576 3159 3161 3160 
3577 3367 5211 3097 
3578 4231 5494 2434 
3579 3423 5412 2736 
3580 4583 4962 4279 
3581 2491 4439 3334 
3582 2099 2697 2100 
3583 2705 4560 1735 
3584 3301 3486 1717 
3585 1653 4446 4301 
3586 1836 2525 2008 
3587 2646 4859 3122 
3588 1840 2526 1985 
3589 3260 4709 3261 
3590 1517 4488 4485 
3591 3408 5554 3724 
3592 2103 2950 2101 
3593 3165 3167 3166 
3594 1908 2016 2015 
3595 1077 4298 4040 
3596 2990 5220 2890 
3597 4137 5039 2214 
3598 1079 4482 1240 
3599 3364 4699 3363 
3600 2787 3325 2780 
3601 2779 2783 2780 
3602 2483 5549 2261 
3603 4385 4726 3593 
3604 1456 2227 1723 
3605 1591 5229 3180 
3606 3852 5527 3313 
3607 2905 5539 2646 
3608 2130 2133 2132 
3609 3161 3163 3162 
3610 3967 4730 2652 
3611 1155 3563 3494 
3612 2090 2623 1924 
3613 1775 2660 1772 
3614 2438 2909 2441 
3615 2293 2297 2294 
3616 2561 2744 2743 
3617 1894 4936 2280 
3618 2498 4408 3895 
3619 4654 5303 2638 
3620 1970 1972 1971 
3621 3644 4492 2854 
3622 3411 4722 3410 
3623 2116 2763 2115 
3624 3334 3713 3712 
3625 3559 3995 3558 
3626 1096 4367 3378 
3627 1277 1758 1301 
3628 4087 4752 1599 
3629 3008 4791 1380 
3630 2312 3232 2315 
3631 2604 4954 4229 
3632 3255 5061 2226 
3633 3392 4640 2010 
3634 1893 2280 2079 
3635 2194 3019 2195 
3636 2173 5027 3675 
3637 2938 4899 2030 
3638 2662 2708 2663 
3639 5297 5427 4513 
3640 2118 2119 1979 
3641 2445 2448 2446 
3642 1652 1687 1477 
3643 3355 4491 3354 
3644 1707 4614 1825 
3645 2805 2932 2808 
3646 3388 4088 1005 
3647 1940 2495 1954 
3648 3442 4788 2687 
3649 3167 3171 3168 
3650 2769 2771 2770 
3651 1879 1880 1878 
3652 3136 5139 2874 
3653 2473 4960 3121 
3654 2168 4617 2166 
3655 2883 4779 2686 
3656 1197 4406 2211 
3657 3452 4986 4443 
3658 4037 5165 3305 
3659 2674 4732 2675 
3660 3401 4089 1009 
3661 3258 4811 3511 
3662 2624 4839 3311 
3663 4964 5484 4267 
3664 1348 4129 3540 
3665 1841 5487 2378 
3666 2005 2007 1757 
3667 3180 5229 3055 
3668 1736 2082 1734 
3669 2559 2561 2560 
3670 2244 2246 2245 
3671 1998 5130 4402 
3672 2708 4942 2710 
3673 2288 2878 2286 
3674 3319 4616 1361 
3675 1906 1907 1905 
3676 2867 2868 2866 
3677 1841 1857 1842 
3678 2566 4658 3132 
3679 3397 4936 2058 
3680 2851 4670 2850 
3681 1516 5164 3480 
3682 3039 5240 3832 
3683 3022 4944 4898 
3684 2833 3316 2835 
3685 1093 5052 3736 
3686 3737 5051 1125 
3687 1796 4118 1793 
3688 2374 4117 2372 
3689 2911 5327 4112 
3690 1328 4300 2072 
3691 1383 4301 2071 
3692 3796 5215 2148 
3693 2679 5123 4466 
3694 4293 5283 2157 
3695 2932 4971 2906 
3696 1822 1953 1952 
3697 2313 2357 2314 
3698 2547 2865 2864 
3699 1787 1801 1788 
3700 2724 3324 2723 
3701 1776 1994 1778 
3702 3256 5554 3408 
3703 4721 5175 1508 
3704 2868 4858 3381 
3705 3163 3165 3164 
3706 1887 2334 2073 
3707 1101 4625 3707 
3708 2248 5483 4312 
3709 1768 1769 1767 
3710 3372 4602 2149 
3711 4497 4735 3606 
3712 1885 2895 1876 
3713 1785 5446 1787 
3714 1559 3791 3510 
3715 1296 4743 4469 
3716 1801 1803 1802 
3717 1745 1746 1631 
3718 2120 3149 2558 
3719 1085 5286 4403 
3720 2416 4166 2381 
3721 2429 4240 2993 
3722 2002 2003 1915 
3723 1429 1709 1707 
3724 1801 5451 1803 
3725 3395 3396 2851 
3726 2390 2396 2391 
3727 1383 2071 1385 
3728 1328 2072 1330 
3729 2160 2161 2029 
3730 2229 4274 4107 
3731 2912 5209 3707 
3732 1803 1831 1804 
3733 1476 1799 1478 
3734 2448 5488 2449 
3735 3209 4866 3848 
3736 5376 5481 2207 
3737 2421 2422 2319 
3738 4787 5011 3002 
3739 1290 4152 4079 
3740 2104 2879 2679 
3741 2888 5022 2889 
3742 2266 2338 2337 
3743 2942 4847 2597 
3744 3139 5380 3138 
3745 2992 4069 2353 
3746 516 4872 4676 
3747 2454 2455 2453 
3748 1295 1870 1267 
3749 2336 5417 2258 
3750 2260 2262 2261 
3751 3769 3771 2727 
3752 1598 5510 1467 
3753 2972 5370 3375 
3754 3938 3942 3941 
3755 3306 4643 3484 
3756 1820 4778 4701 
3757 2610 4863 2126 
3758 2995 5347 2996 
3759 2954 4130 1967 
3760 1650 4913 4199 
3761 3292 5175 4721 
3762 2601 5341 3739 
3763 1859 4078 1842 
3764 1372 4498 1473 
3765 3120 5158 918 
3766 2109 3048 2107 
3767 3832 4781 3039 
3768 3091 5363 855 
3769 2334 2938 2335 
3770 3602 5386 3369 
3771 3122 5547 3124 
3772 3249 5175 3052 
3773 1636 1689 1424 
3774 2666 5085 3241 
3775 1707 1708 1430 
3776 3579 4091 1600 
3777 2628 4725 2967 
3778 3228 5091 3226 
3779 2772 5290 2775 
3780 3556 4677 3008 
3781 2311 2313 2312 
3782 2080 2081 1987 
3783 2175 2191 2190 
3784 1222 5333 3344 
3785 2031 2931 1884 
3786 2308 2371 2306 
3787 3221 4085 3220 
3788 1785 1787 1786 
3789 4519 5507 2490 
3790 2725 4962 4583 
3791 3760 5060 3759 
3792 1594 5397 3187 
3793 2444 2447 2442 
3794 3351 4665 3672 
3795 3505 5244 2278 
3796 1092 4386 3408 
3797 2402 4829 4678 
3798 1640 3115 1406 
3799 5130 5135 2188 
3800 2700 2894 2701 
3801 4229 4954 2090 
3802 1986 1987 1851 
3803 3214 4086 3213 
3804 3292 4721 1086 
3805 1507 4603 3346 
3806 3732 4259 3729 
3807 1346 5339 4777 
3808 2291 2293 2292 
3809 3578 5383 1325 
3810 3651 4443 1579 
3811 2803 3587 3586 
3812 4619 5109 3171 
3813 1473 1856 1719 
3814 1831 1841 1832 
3815 1352 5253 4591 
3816 1620 2202 2201 
3817 1867 1869 1868 
3818 2185 3219 2929 
3819 1592 5211 4027 
3820 2104 2250 2103 
3821 2476 5421 3468 
3822 898 3644 899 
3823 2242 5448 2244 
3824 3529 3530 2842 
3825 2783 2785 2784 
3826 2703 5197 3155 
3827 3184 4113 2966 
3828 3337 3413 3338 
3829 2501 4874 2570 
3830 2449 2451 2450 
3831 1645 2075 1363 
3832 5303 5520 2638 
3833 3416 5429 3417 
3834 1197 2211 1231 
3835 2634 3222 3044 
3836 3073 3438 3072 
3837 2701 4484 3532 
3838 1914 1915 1746 
3839 2412 4498 4116 
3840 1824 4819 4394 
3841 1989 4404 2333 
3842 3111 3256 3112 
3843 1934 3493 1680 
3844 1825 4614 2010 
3845 1465 2226 1453 
3846 1334 2225 1343 
3847 2919 4418 4206 
3848 3227 3245 3244 
3849 2578 4435 2577 
3850 2874 4647 2875 
3851 2490 5507 3730 
3852 1933 4715 1880 
3853 2418 2420 2419 
3854 1975 1976 1974 
3855 2968 2969 2629 
3856 2668 5059 2670 
3857 2778 2782 2776 
3858 1441 1989 1685 
3859 1683 1993 1439 
3860 2438 5402 2909 
3861 1604 5195 3527 
3862 1740 2052 1738 
3863 2748 4576 2749 
3864 1041 3546 999 
3865 1431 3545 1299 
3866 4582 4669 2734 
3867 4296 4958 4478 
3868 2611 4442 3353 
3869 1174 4448 3453 
3870 2755 4579 2756 
3871 2869 3212 2868 
3872 4062 5012 1314 
3873 1938 2055 1853 
3874 5079 5338 2154 
3875 2466 3242 3221 
3876 2410 3250 3214 
3877 3063 4862 3813 
3878 29 3485 1367 
3879 4276 5130 2188 
3880 2790 3314 2786 
3881 3121 4960 4337 
3882 2495 4335 2876 
3883 1524 5554 3256 
3884 3202 5212 3201 
3885 3113 5221 5020 
3886 2058 5552 2474 
3887 2714 4902 3146 
3888 2794 2796 2795 
3889 3895 4070 2498 
3890 1868 2068 1866 
3891 1724 1837 1720 
3892 1901 1902 1900 
3893 1780 1781 1779 
3894 586 3733 1091 
3895 1627 4850 1337 
3896 2124 2331 2125 
3897 2138 4794 2713 
3898 2812 2814 2813 
3899 3201 4660 3203 
3900 3243 4683 3581 
3901 2924 5012 4062 
3902 1676 4844 1679 
3903 3411 4386 3762 
3904 3823 5188 1325 
3905 2480 4810 3787 
3906 2777 2779 2778 
3907 2061 2256 2255 
3908 889 5242 1556 
3909 2956 5150 3179 
3910 2510 4075 3259 
3911 2148 5215 4399 
3912 3097 5211 5104 
3913 2422 4792 2913 
3914 1158 4283 4143 
3915 1642 4679 1827 
3916 3304 3468 2240 
3917 2297 5495 2298 
3918 3095 3096 3094 
3919 1794 2595 2074 
3920 4439 5040 4190 
3921 2796 2798 2797 
3922 4373 4908 4208 
3923 3143 5379 2603 
3924 1577 4228 3417 
3925 2067 5325 2667 
3926 1892 1893 1891 
3927 3862 4369 2843 
3928 1362 2577 1245 
3929 4591 5253 3103 
3930 1706 1871 1705 
3931 3101 5424 2446 
3932 3567 4581 1869 
3933 2455 4079 2882 
3934 1879 1908 1881 
3935 2475 5202 2111 
3936 3321 3636 2059 
3937 2274 2563 2275 
3938 3189 4192 3188 
3939 2861 4321 2253 
3940 1571 5023 4911 
3941 2422 2532 2531 
3942 1625 1852 1421 
3943 2486 4230 3396 
3944 4274 4577 4107 
3945 2309 2311 2310 
3946 3305 4990 4037 
3947 2634 2635 2633 
3948 3241 3294 2380 
3949 3606 5390 3057 
3950 2924 5514 3342 
3951 3345 4328 1302 
3952 1829 3324 1718 
3953 3852 5053 1313 
3954 1831 5487 1841 
3955 2432 5289 3565 
3956 2153 5208 2499 
3957 2467 5524 3771 
3958 2376 4050 3424 
3959 2540 5038 4468 
3960 1044 5419 3974 
3961 2726 5453 3603 
3962 2782 5548 2776 
3963 2125 2475 2111 
3964 2895 5252 1876 
3965 3085 5493 3374 
3966 3409 3410 3355 
3967 4163 4530 2846 
3968 4116 4780 3329 
3969 1770 3365 1773 
3970 3145 5452 3648 
3971 3287 4607 1946 
3972 2825 2827 2826 
3973 1717 4411 1622 
3974 3196 5375 3197 
3975 4470 4540 1296 
3976 2106 4886 3109 
3977 1545 5403 3626 
3978 3990 4709 3260 
3979 2585 5237 1745 
3980 1037 4312 3462 
3981 2791 3312 2790 
3982 4205 4324 2132 
3983 2803 4257 3587 
3984 2176 2177 1981 
3985 1923 4496 3077 
3986 1739 1785 1740 
3987 1579 4443 3899 
3988 1843 4253 4168 
3989 3342 4345 1558 
3990 1409 4274 3175 
3991 3528 4817 1604 
3992 3296 5216 4600 
3993 2325 2385 2322 
3994 2569 4522 2964 
3995 1593 4350 3498 
3996 1629 1919 1918 
3997 2502 2570 2508 
3998 3490 4320 1257 
3999 2346 4295 3941 
4000 1911 4109 1804 
4001 2444 5482 2445 
4002 3980 4758 3062 
4003 5194 5292 3928 
4004 1899 2367 2070 
4005 3055 5157 2326 
4006 2453 5083 2451 
4007 3682 3686 3685 
4008 1898 1899 1897 
4009 1663 5057 3647 
4010 2818 3082 2821 
4011 3619 4514 3622 
4012 3021 4789 4290 
4013 2132 4630 4205 
4014 2810 2812 2811 
4015 3357 5092 4797 
4016 3264 5442 3582 
4017 3152 5041 2928 
4018 4137 4203 1823 
4019 2289 2291 2290 
4020 3358 5206 3360 
4021 2129 5464 4479 
4022 1411 5513 1648 
4023 3280 4413 1562 
4024 2184 2672 2523 
4025 3286 3290 3289 
4026 1867 5341 1869 
4027 1679 4844 3476 
4028 4143 4283 2573 
4029 1826 1845 1844 
4030 645 5301 3130 
4031 3461 4161 1444 
4032 4595 5416 2953 
4033 2826 2844 2824 
4034 1886 1887 1885 
4035 2947 5304 4609 
4036 4608 5305 2948 
4037 2876 4783 2877 
4038 1610 2769 2189 
4039 3596 4458 2598 
4040 1918 1920 1617 
4041 3518 5384 3520 
4042 4448 4953 3454 
4043 2914 2916 2915 
4044 2280 3397 2281 
4045 1628 5319 3566 
4046 3805 4477 3807 
4047 2854 2855 2806 
4048 2673 2674 2276 
4049 3256 4994 1524 
4050 4272 5209 3240 
4051 1527 5466 4349 
4052 1814 5141 1643 
4053 1614 4758 3980 
4054 1777 5450 2054 
4055 2745 5027 2073 
4056 3121 4810 2480 
4057 2274 4469 2563 
4058 2827 2829 2828 
4059 3855 4971 1335 
4060 3641 4848 178 
4061 3376 3377 2831 
4062 12 2158 544 
4063 477 2024 7 
4064 601 1080 14 
4065 13 1445 553 
4066 19 1070 660 
4067 25 2426 767 
4068 876 1109 28 
4069 1433 3891 1656 
4070 2158 3461 544 
4071 3353 4319 2610 
4072 2728 4813 2186 
4073 3577 3578 2397 
4074 2442 3061 2440 
4075 991 3464 2238 
4076 1289 3467 604 
4077 1766 1767 1765 
4078 2961 2962 2960 
4079 4485 4488 3484 
4080 3951 5429 1150 
4081 2988 5128 4569 
4082 3467 3607 1565 
4083 4478 4482 1137 
4084 2845 4970 3254 
4085 4984 5176 1566 
4086 3347 5538 1306 
4087 3829 4222 2781 
4088 2103 5459 2950 
4089 3203 4891 3205 
4090 2430 4240 2429 
4091 21 1288 711 
4092 29 1299 879 
4093 8 999 480 
4094 980 1239 32 
4095 15 1289 604 
4096 620 4289 3186 
4097 2382 4111 2364 
4098 2072 4790 3235 
4099 3033 4277 2534 
4100 1973 1974 1971 
4101 1845 5433 1966 
4102 2293 4618 3040 
4103 1358 4811 3258 
4104 2071 4796 3236 
4105 1247 5057 1663 
4106 4289 4797 3100 
4107 3420 5462 1519 
4108 3262 4853 2511 
4109 3004 3005 2819 
4110 2631 5334 2634 
4111 2798 4149 4148 
4112 3607 5367 2105 
4113 1966 1968 1967 
4114 1737 1739 1738 
4115 1291 4156 3466 
4116 2021 4354 2751 
4117 3781 5134 2752 
4118 2266 5455 2265 
4119 3344 5333 4748 
4120 3374 5493 1175 
4121 2298 2300 2299 
4122 3413 4571 1495 
4123 1430 4692 4421 
4124 1980 1981 1976 
4125 1361 4999 3319 
4126 2321 2322 1624 
4127 3477 4641 3478 
4128 3387 4354 1627 
4129 3260 3261 2512 
4130 4811 5373 3511 
4131 2411 2412 2013 
4132 2307 2309 2308 
4133 4112 4387 2911 
4134 3275 3276 3274 
4135 1344 4149 3586 
4136 1230 4271 3407 
4137 1525 5221 3698 
4138 945 3791 946 
4139 3593 4464 3059 
4140 3360 4347 3569 
4141 3229 3230 3218 
4142 1924 2623 2136 
4143 3572 5326 1620 
4144 49 4072 48 
4145 2181 4259 3732 
4146 2089 4590 2551 
4147 1854 4756 1644 
4148 3874 5065 1442 
4149 3579 3580 2588 
4150 1765 5406 2051 
4151 2120 2558 2557 
4152 1319 4562 4342 
4153 4232 4760 1721 
4154 1988 5224 4103 
4155 2286 3148 1798 
4156 4777 5339 3233 
4157 3354 4491 1910 
4158 2839 2841 2840 
4159 2637 2759 2758 
4160 3068 3071 3070 
4161 2947 4609 4193 
4162 4194 4608 2948 
4163 1865 1867 1866 
4164 3454 4953 1229 
4165 3459 4428 2076 
4166 1883 1884 1876 
4167 1482 4026 3539 
4168 2818 2820 2819 
4169 3212 4858 2868 
4170 3992 5007 1612 
4171 5107 5148 5108 
4172 2139 2860 2859 
4173 3944 4373 3942 
4174 3181 4132 3182 
4175 2991 5462 3420 
4176 3603 5453 2180 
4177 2882 4145 3280 
4178 2312 2315 2310 
4179 3636 5120 2059 
4180 3151 3152 2122 
4181 2619 5005 4094 
4182 2390 4173 2396 
4183 1755 1800 1644 
4184 1968 1970 1969 
4185 4761 5037 1641 
4186 2323 2327 2326 
4187 4349 5466 3229 
4188 541 1280 11 
4189 1868 4775 2068 
4190 3302 5127 1752 
4191 1889 1890 1888 
4192 1914 4933 2142 
4193 3303 5131 1753 
4194 3492 4697 4242 
4195 1704 2643 2641 
4196 3979 4164 2759 
4197 3144 5379 3145 
4198 1903 4686 1900 
4199 1934 4240 3493 
4200 5329 5419 1044 
4201 2170 2175 2171 
4202 2759 2760 2758 
4203 2797 2800 2795 
4204 1778 1779 1777 
4205 3170 3174 3169 
4206 3052 3053 3051 
4207 3208 4412 3207 
4208 3698 5221 3114 
4209 4428 5479 2076 
4210 4559 4690 53 
4211 2712 2946 2393 
4212 4127 4128 2556 
4213 2671 3199 3198 
4214 3512 5310 3513 
4215 2105 5367 1807 
4216 3228 5322 3700 
4217 1641 5037 1814 
4218 1658 4741 4436 
4219 2873 5106 3813 
4220 3620 3623 3619 
4221 3372 4126 1435 
4222 1550 4336 3517 
4223 1874 1883 1876 
4224 2078 4651 1907 
4225 2298 3035 2301 
4226 5214 5311 3335 
4227 2736 4566 3414 
4228 3557 4339 3656 
4229 2739 3557 2738 
4230 1865 5535 2492 
4231 2077 4980 4583 
4232 3195 5302 3194 
4233 2918 5122 4694 
4234 4167 5403 1545 
4235 2743 4665 3351 
4236 2609 5204 1890 
4237 2223 2569 2568 
4238 2287 2289 2288 
4239 3009 5176 3046 
4240 2337 4961 1774 
4241 2543 2544 2541 
4242 2193 3077 2530 
4243 3107 4706 3106 
4244 2766 2767 2764 
4245 2004 4587 2908 
4246 1906 4518 1923 
4247 1733 1735 1734 
4248 3361 4302 2537 
4249 3906 3907 3905 
4250 3296 4334 3195 
4251 3063 4861 3062 
4252 1724 3588 1928 
4253 1932 5123 4860 
4254 3031 5398 2294 
4255 2292 2295 2290 
4256 4111 4431 2366 
4257 4676 4872 2945 
4258 1718 3324 3253 
4259 2824 3196 2822 
4260 1978 3149 2120 
4261 2517 3574 2573 
4262 1734 2958 1731 
4263 1028 4029 3505 
4264 3520 5322 4824 
4265 2543 5033 3379 
4266 3700 5322 1115 
4267 2313 4333 3626 
4268 3395 5014 4150 
4269 2813 2816 2811 
4270 4592 4989 3192 
4271 1994 4873 3355 
4272 2150 5535 1863 
4273 1895 1896 1894 
4274 1766 1946 1768 
4275 1457 3090 1714 
4276 4084 4744 1285 
4277 3530 5318 1359 
4278 4893 5207 3808 
4279 2899 4378 3371 
4280 2769 4833 2771 
4281 2525 4790 2587 
4282 3402 3403 2158 
4283 2908 4871 2005 
4284 2526 4796 2593 
4285 1791 1805 1289 
4286 1792 1794 1793 
4287 3913 5214 1498 
4288 2850 4751 2838 
4289 5156 5157 3055 
4290 3048 5071 3047 
4291 2211 5112 3470 
4292 2519 3210 2545 
4293 3184 5403 4167 
4294 2229 4107 3190 
4295 4244 5287 1103 
4296 2658 4146 2937 
4297 3944 4908 4373 
4298 1643 1644 1642 
4299 1845 1966 1965 
4300 2449 2997 2452 
4301 3332 5116 2345 
4302 3172 3173 3170 
4303 1904 1905 1903 
4304 2893 4460 2892 
4305 2677 4824 3228 
4306 1816 2166 1437 
4307 1731 5354 2955 
4308 1882 4115 2184 
4309 3254 5394 3349 
4310 2775 2777 2776 
4311 4573 4844 2027 
4312 1863 1865 1864 
4313 2344 3366 3097 
4314 2005 4871 2047 
4315 3226 5091 4878 
4316 2232 5499 4172 
4317 3188 5344 3178 
4318 3054 4911 3332 
4319 3767 5333 1222 
4320 4221 4401 2939 
4321 1838 4554 1837 
4322 3582 3583 3265 
4323 2010 3394 3392 
4324 1720 2046 1623 
4325 1736 5144 2961 
4326 2381 5450 1779 
4327 1103 5287 3710 
4328 1205 4016 3448 
4329 1874 1875 1872 
4330 4512 4655 3208 
4331 1060 4406 1197 
4332 4198 4662 4501 
4333 1421 4344 1419 
4334 4813 5163 4255 
4335 2634 5334 3222 
4336 2305 2307 2306 
4337 2734 4669 3541 
4338 2388 2390 2389 
4339 2951 2952 2685 
4340 2110 2124 2111 
4341 2050 2268 2267 
4342 3850 3851 2497 
4343 2946 4534 2393 
4344 1370 4868 3871 
4345 585 3733 586 
4346 1091 3733 3728 
4347 3258 4698 1358 
4348 3130 5199 645 
4349 2212 4806 1722 
4350 1422 3387 1374 
4351 1339 4083 3489 
4352 2521 5433 1845 
4353 1155 3802 3563 
4354 1531 5032 4702 
4355 2562 4935 2069 
4356 3739 5341 2600 
4357 2931 5200 1884 
4358 2965 5148 4272 
4359 2676 5040 2079 
4360 3203 3205 3204 
4361 2050 3365 2268 
4362 2535 2537 2536 
4363 3887 5348 1308 
4364 2606 2607 2092 
4365 823 4601 3581 
4366 1629 5046 4927 
4367 1912 3078 2165 
4368 3217 3218 3053 
4369 4498 4535 1473 
4370 3831 3850 2497 
4371 2009 4409 1826 
4372 3906 4177 3907 
4373 2210 4655 4512 
4374 4710 4948 3621 
4375 4304 4305 2984 
4376 2438 2440 2439 
4377 2930 5469 2343 
4378 2153 5526 2152 
4379 2342 3950 3949 
4380 1435 4159 1402 
4381 1905 5438 2347 
4382 1780 1910 1782 
4383 4309 4310 2980 
4384 2830 2831 2828 
4385 3013 4674 3568 
4386 2000 2608 2344 
4387 3335 3336 3211 
4388 1895 4542 2053 
4389 2765 5426 4814 
4390 2772 2775 2774 
4391 3581 4683 3580 
4392 3371 4378 2622 
4393 2927 5484 4964 
4394 1966 5433 2520 
4395 4806 4879 1747 
4396 1898 1901 1900 
4397 1687 5361 1477 
4398 3529 4589 3530 
4399 2460 5113 4097 
4400 3079 5277 3080 
4401 4519 5308 3519 
4402 1549 4798 3849 
4403 3313 3314 2790 
4404 2363 5181 3533 
4405 3124 5547 4189 
4406 4262 4680 1816 
4407 1574 4107 3428 
4408 2805 2807 2806 
4409 2355 4052 2174 
4410 4560 4632 1737 
4411 1332 1630 1272 
4412 3192 5456 3140 
4413 2258 5417 2256 
4414 1528 4847 4620 
4415 3052 5175 3292 
4416 3460 4365 1358 
4417 3491 4750 2741 
4418 1556 5242 4544 
4419 3359 4626 3358 
4420 4412 4822 3207 
4421 3532 4484 2096 
4422 2200 4174 1925 
4423 2505 2506 2503 
4424 3234 5154 4777 
4425 1700 3302 2981 
4426 1702 2988 2987 
4427 2675 4497 3606 
4428 2958 5354 1731 
4429 1701 3303 2977 
4430 2629 3232 2314 
4431 2626 2739 2738 
4432 2197 3267 3266 
4433 2706 2707 2550 
4434 2441 2443 2442 
4435 3328 3329 1699 
4436 3155 5313 2704 
4437 2145 4818 2410 
4438 3167 4619 3171 
4439 2600 5341 1867 
4440 1123 4702 3497 
4441 2628 2629 2314 
4442 1764 1765 1763 
4443 5259 5349 4898 
4444 1497 4848 3373 
4445 1396 1594 1394 
4446 601 4529 1080 
4447 1445 4527 553 
4448 1070 4528 660 
4449 876 4526 1109 
4450 2443 5482 2444 
4451 3384 3385 2864 
4452 3390 4740 3098 
4453 1598 4724 1742 
4454 1317 4797 4289 
4455 2285 2287 2286 
4456 1439 4346 1413 
4457 4671 4875 2345 
4458 2507 2510 2509 
4459 5052 5260 3143 
4460 2270 3369 3368 
4461 2039 5525 3471 
4462 1735 1737 1736 
4463 2202 2494 2493 
4464 1131 4817 3528 
4465 4860 5123 3456 
4466 1597 1937 1598 
4467 2445 4887 2886 
4468 1985 5196 1840 
4469 3554 4875 2383 
4470 2518 2548 2517 
4471 1366 4296 1255 
4472 2971 5479 4428 
4473 1609 3892 3627 
4474 1564 4516 3521 
4475 3059 5366 3010 
4476 2776 5548 3007 
4477 980 4537 1239 
4478 1132 5515 3569 
4479 1889 4340 2040 
4480 1886 1889 1888 
4481 4299 5105 4587 
4482 3124 3362 3123 
4483 3498 5362 3274 
4484 1221 4846 4633 
4485 3653 4325 4068 
4486 3494 4856 3321 
4487 1254 1824 1199 
4488 2462 3382 2466 
4489 2823 2825 2824 
4490 4173 4992 2396 
4491 4118 4453 3604 
4492 1483 4033 3509 
4493 2519 4371 3210 
4494 3643 3644 2854 
4495 3964 4707 1489 
4496 2552 4561 3742 
4497 2251 4935 3193 
4498 2058 4936 1897 
4499 1861 1863 1862 
4500 2636 2637 2635 
4501 3731 4330 2490 
4502 3041 5108 2263 
4503 2833 2834 2832 
4504 2903 4294 3185 
4505 3078 4483 4482 
4506 4142 4719 2747 
4507 3349 5394 3876 
4508 1316 5095 3356 
4509 2992 4182 4069 
4510 1361 4589 3529 
4511 946 3791 1559 
4512 1336 3791 945 
4513 3200 4947 719 
4514 1006 4576 4087 
4515 2155 5338 5079 
4516 3293 5099 2991 
4517 2276 2277 2119 
4518 3350 5124 1510 
4519 1003 4459 3582 
4520 2826 4877 2844 
4521 4618 5036 3040 
4522 2479 5410 1809 
4523 1850 4508 2134 
4524 719 4974 3200 
4525 1776 1777 1775 
4526 1761 1762 1760 
4527 3819 4208 3817 
4528 3535 4605 192 
4529 3377 4907 3873 
4530 2106 3109 2108 
4531 1784 3067 1812 
4532 491 3565 492 
4533 2001 2576 1877 
4534 3071 3073 3072 
4535 5377 5429 3416 
4536 3483 5147 1514 
4537 3100 3101 2450 
4538 1710 2590 1848 
4539 492 3565 1553 
4540 3588 5453 2726 
4541 1873 1874 1872 
4542 3267 3451 3266 
4543 2323 3400 2327 
4544 3909 4058 3902 
4545 2913 4792 4139 
4546 3491 4621 1581 
4547 3404 4435 2578 
4548 3642 4533 3915 
4549 2784 2787 2780 
4550 1913 2375 2341 
4551 1892 1895 1894 
4552 2388 5303 2390 
4553 1703 1720 1623 
4554 3030 3031 2299 
4555 2372 5406 1767 
4556 1716 3464 1661 
4557 2193 2530 2529 
4558 768 3590 1108 
4559 2792 2794 2793 
4560 2360 2565 2564 
4561 2014 2212 1722 
4562 1212 4921 1328 
4563 1235 4920 1383 
4564 1767 5406 1765 
4565 1773 1774 1772 
4566 2704 2705 2143 
4567 1109 4526 2458 
4568 2461 4528 1070 
4569 2459 4527 1445 
4570 1080 4529 2460 
4571 3479 4737 1264 
4572 2498 5543 4408 
4573 3210 5214 3335 
4574 3998 4654 2638 
4575 2303 2305 2304 
4576 3539 5343 3364 
4577 2747 4719 2746 
4578 3111 4994 3256 
4579 2492 4361 2693 
4580 1558 4684 3342 
4581 1697 4957 3395 
4582 3589 4222 1309 
4583 2714 2715 2705 
4584 2059 5120 1862 
4585 2244 5448 3038 
4586 712 3604 1555 
4587 1205 3448 3447 
4588 3059 4385 3593 
4589 1428 1686 1479 
4590 2093 5336 2695 
4591 3808 4894 4056 
4592 1551 3851 3850 
4593 1374 1627 1337 
4594 2030 4899 1891 
4595 1239 4537 3544 
4596 3173 4643 3174 
4597 4911 5023 3332 
4598 1046 4782 1380 
4599 3849 4772 1333 
4600 4051 4461 4397 
4601 1468 1879 1878 
4602 3348 4851 1504 
4603 4380 5247 2974 
4604 3682 3685 3684 
4605 3181 3182 2439 
4606 3271 3272 3270 
4607 3659 4944 1510 
4608 1890 1891 1888 
4609 1010 4579 4090 
4610 1229 5364 3454 
4611 2617 5132 1705 
4612 1706 1873 1872 
4613 1706 1872 1871 
4614 1869 5341 2601 
4615 1641 1642 1640 
4616 3600 4173 3601 
4617 3497 5516 1123 
4618 3824 4351 3435 
4619 3172 4485 3173 
4620 1979 3575 1972 
4621 2449 2450 2446 
4622 2811 3194 2809 
4623 2213 5088 3909 
4624 3356 5320 1316 
4625 1896 1897 1894 
4626 2235 3059 3058 
4627 4014 4218 2358 
4628 3165 5032 4801 
4629 1761 4724 3050 
4630 3611 5082 3261 
4631 5179 5180 2520 
4632 3675 3890 2173 
4633 1672 4740 2027 
4634 1779 5450 1777 
4635 3024 5355 4335 
4636 2592 4382 3135 
4637 2856 4794 2138 
4638 2512 3262 2511 
4639 3539 5400 2537 
4640 2805 2808 2807 
4641 3053 4430 3051 
4642 3361 5400 3364 
4643 2967 4985 2968 
4644 5323 5492 2690 
4645 4155 5319 1628 
4646 1485 4173 3600 
4647 2260 3263 2262 
4648 3412 5226 2469 
4649 2580 3404 2578 
4650 2835 2836 2834 
4651 2396 2417 2391 
4652 1359 5234 3530 
4653 2949 3081 1663 
4654 1855 2044 2043 
4655 4017 5068 2523 
4656 1758 5491 2740 
4657 2808 2810 2809 
4658 2837 2839 2838 
4659 4059 4633 3437 
4660 2523 5337 3560 
4661 1136 5097 1339 
4662 3893 5314 1230 
4663 3984 5019 2482 
4664 987 4708 3485 
4665 2579 4945 4411 
4666 2529 4358 3752 
4667 2345 4875 2001 
4668 2268 2626 2625 
4669 3869 4600 3004 
4670 2785 4342 2846 
4671 1816 4680 2167 
4672 2968 4826 2969 
4673 2606 4831 3548 
4674 2239 4128 3305 
4675 3529 4999 1361 
4676 2789 2792 2791 
4677 3202 5333 3767 
4678 1827 4679 4432 
4679 3045 4564 3918 
4680 2963 5293 3798 
4681 3189 5201 4492 
4682 1483 3509 3508 
4683 2371 3283 3282 
4684 1151 4859 3535 
4685 2189 5315 2188 
4686 2316 3063 3062 
4687 2530 2654 2653 
4688 2348 2350 2349 
4689 2141 2602 2020 
4690 4377 4827 3742 
4691 2821 2823 2822 
4692 4032 5544 2720 
4693 4344 5115 4731 
4694 1955 5008 2139 
4695 1812 3067 2038 
4696 2106 2107 2105 
4697 1925 4174 1712 
4698 2989 4686 2039 
4699 1688 1717 1622 
4700 2625 4764 3284 
4701 3369 5352 3368 
4702 1656 2862 2861 
4703 3450 5316 4557 
4704 2192 4586 3077 
4705 1311 5388 3296 
4706 3398 4102 3788 
4707 2089 2549 1937 
4708 3186 4289 3100 
4709 2865 2867 2866 
4710 4411 4572 2579 
4711 3474 4256 1121 
4712 3080 4256 3474 
4713 1306 4618 3347 
4714 4282 4706 2479 
4715 1380 3546 1041 
4716 1744 3545 1431 
4717 3010 5366 1952 
4718 1752 4304 3302 
4719 3936 4441 3943 
4720 1428 4635 2546 
4721 2994 4821 2478 
4722 4014 4870 3036 
4723 3403 3461 2158 
4724 1506 5401 4538 
4725 1805 3467 1289 
4726 1753 4309 3303 
4727 1776 4961 1994 
4728 3987 4234 3986 
4729 1880 4715 1878 
4730 2535 5431 3538 
4731 2848 5185 4969 
4732 1802 1950 1788 
4733 3087 5434 3089 
4734 2914 5007 2916 
4735 2102 2104 2103 
4736 3710 4427 1535 
4737 4714 5330 2722 
4738 2756 3075 3074 
4739 3415 5132 2617 
4740 2329 2330 2328 
4741 1961 3177 3176 
4742 3581 4601 3243 
4743 1828 5122 1957 
4744 3970 5093 3969 
4745 2693 3780 3697 
4746 2730 2732 2731 
4747 3705 5462 2991 
4748 2749 2941 2750 
4749 1059 5392 1051 
4750 2768 5005 2618 
4751 2188 5315 4276 
4752 1218 5140 3463 
4753 4963 4964 4267 
4754 3942 3945 3941 
4755 3255 4565 2586 
4756 2227 4951 4525 
4757 1878 4715 2608 
4758 3298 4694 2392 
4759 1721 5399 4232 
4760 2351 4839 3142 
4761 1609 3891 1433 
4762 1253 5393 1251 
4763 3910 4243 1578 
4764 2830 3317 2833 
4765 1629 4927 1921 
4766 3396 4957 2486 
4767 2108 2110 2109 
4768 2452 2453 2451 
4769 1847 4098 2199 
4770 3799 4317 4316 
4771 3486 4572 1717 
4772 2452 2454 2453 
4773 3056 4650 2199 
4774 2745 4852 3674 
4775 2400 4410 4235 
4776 2623 5231 3144 
4777 3673 3676 3675 
4778 1479 4760 3421 
4779 2951 5117 2952 
4780 1375 1729 1423 
4781 2092 3191 1933 
4782 3301 3487 3486 
4783 3289 5100 3291 
4784 2108 2109 2107 
4785 1311 4600 3869 
4786 3616 3620 3619 
4787 4113 4264 1698 
4788 2333 4097 4096 
4789 1762 1763 1760 
4790 805 3686 1117 
4791 2301 2302 2300 
4792 2067 5110 1881 
4793 1164 4695 2218 
4794 2219 4696 1166 
4795 3011 5205 2569 
4796 1124 3654 3391 
4797 3830 4984 1566 
4798 2914 2915 2532 
4799 2818 2821 2820 
4800 1906 1923 1922 
4801 1354 4383 3561 
4802 815 1111 26 
4803 27 1148 828 
4804 552 1146 5 
4805 6 1068 429 
4806 4538 5100 1099 
4807 39 3558 38 
4808 2367 2989 2368 
4809 3587 4257 964 
4810 1961 4103 3177 
4811 3421 4174 2200 
4812 1415 1658 1657 
4813 130 2476 129 
4814 416 1692 415 
4815 4359 5194 3928 
4816 4578 4839 4077 
4817 3782 4620 2942 
4818 3445 4888 3326 
4819 2770 3473 2189 
4820 2776 3007 2774 
4821 2837 2838 2836 
4822 1637 5545 2501 
4823 2438 2441 2440 
4824 2564 5346 1896 
4825 3408 4386 3409 
4826 3015 4883 3014 
4827 197 1461 196 
4828 157 1463 156 
4829 253 1462 252 
4830 3369 3603 3602 
4831 2051 5406 4117 
4832 1961 3387 1422 
4833 4702 5032 3497 
4834 2964 5345 4585 
4835 2872 4273 3923 
4836 3210 3211 2545 
4837 1455 1733 1731 
4838 1638 1640 1406 
4839 3725 5384 1520 
4840 3043 5521 4436 
4841 3463 5140 1523 
4842 1457 1703 1623 
4843 567 3639 568 
4844 1222 3639 567 
4845 1902 1903 1900 
4846 2257 2258 2256 
4847 2151 4793 4299 
4848 3691 4653 3472 
4849 1774 1775 1772 
4850 1884 1885 1876 
4851 3337 3338 3336 
4852 4229 4586 2192 
4853 4342 4562 2846 
4854 3715 4546 2901 
4855 4720 5050 2315 
4856 2306 3032 2304 
4857 241 1072 240 
4858 337 1058 336 
4859 209 1073 208 
4860 305 1055 304 
4861 1593 3653 3652 
4862 3426 4858 3212 
4863 2939 4227 4221 
4864 3386 5436 3631 
4865 804 3686 805 
4866 1117 3686 3682 
4867 293 3797 292 
4868 389 3801 388 
4869 101 3800 100 
4870 319 1408 318 
4871 127 1572 126 
4872 223 1409 222 
4873 227 1407 226 
4874 35 1574 34 
4875 323 1573 322 
4876 2347 5263 3684 
4877 2330 3247 3246 
4878 267 3802 266 
4879 363 3803 362 
4880 171 3809 170 
4881 75 3812 74 
4882 3484 4488 1094 
4883 1360 4947 4729 
4884 1758 1935 1301 
4885 4317 4674 3013 
4886 3077 4586 1923 
4887 1875 4352 1872 
4888 1593 3652 551 
4889 1652 4098 1847 
4890 1551 4410 3851 
4891 1456 2723 2227 
4892 1429 1707 1430 
4893 3619 5425 4514 
4894 3768 3772 3770 
4895 1957 5121 5009 
4896 349 3792 348 
4897 336 3634 335 
4898 1266 5513 1411 
4899 2606 4169 2607 
4900 2222 3011 2223 
4901 3384 5419 3385 
4902 3225 4634 1729 
4903 2301 2303 2302 
4904 183 3811 182 
4905 279 3814 278 
4906 375 3815 374 
4907 87 3810 86 
4908 1405 1639 1637 
4909 415 3649 414 
4910 1892 1894 1893 
4911 4785 4828 4506 
4912 3781 4880 3717 
4913 1034 4321 1815 
4914 1072 4467 3246 
4915 1058 3634 336 
4916 401 3954 400 
4917 113 3983 112 
4918 240 3912 239 
4919 4975 5193 2052 
4920 1371 4860 3456 
4921 781 3676 782 
4922 706 3654 707 
4923 1224 3676 781 
4924 782 3676 3673 
4925 707 3654 1124 
4926 1536 3654 706 
4927 570 3772 571 
4928 571 3772 3768 
4929 1085 3772 570 
4930 1537 4094 3778 
4931 1533 3669 686 
4932 1108 3665 769 
4933 3722 4202 1172 
4934 4094 4095 3778 
4935 3786 3787 1282 
4936 663 3670 1126 
4937 3694 3718 1173 
4938 475 3786 1282 
4939 689 3708 1534 
4940 770 3665 1537 
4941 789 3713 1122 
4942 1169 4044 3757 
4943 1170 3668 3667 
4944 1106 3661 555 
4945 474 3786 475 
4946 431 3737 432 
4947 432 3737 1125 
4948 3761 3762 447 
4949 589 3740 590 
4950 560 3664 561 
4951 1512 3740 589 
4952 662 3670 663 
4953 676 3671 677 
4954 698 3672 699 
4955 784 3756 785 
4956 806 3680 807 
4957 3758 3759 1726 
4958 450 3724 1524 
4959 556 3661 1528 
4960 563 3765 1118 
4961 579 3700 1115 
4962 590 3740 1105 
4963 594 3749 1221 
4964 468 1086 469 
4965 569 1085 570 
4966 1123 3671 676 
4967 1095 3691 801 
4968 1117 3680 806 
4969 3680 3689 807 
4970 1093 3736 812 
4971 1169 3757 848 
4972 3677 3678 1543 
4973 446 3761 447 
4974 447 3762 448 
4975 449 3724 450 
4976 591 3748 592 
4977 593 3749 594 
4978 661 1728 662 
4979 663 1126 664 
4980 675 1123 676 
4981 677 1542 678 
4982 680 3753 681 
4983 793 1116 794 
4984 795 1543 796 
4985 799 3690 800 
4986 805 1117 806 
4987 807 3689 808 
4988 811 1093 812 
4989 813 1750 814 
4990 829 1749 830 
4991 831 1163 832 
4992 834 1226 835 
4993 845 1513 846 
4994 1096 3753 680 
4995 1126 3752 3751 
4996 3655 3656 1506 
4997 3726 3734 1512 
4998 3719 4198 3720 
4999 1525 3698 455 
5000 1526 3764 459 
5001 1127 3655 461 
5002 1099 3746 465 
5003 1118 3766 564 
5004 1530 3700 578 
5005 1105 3748 591 
5006 1517 3701 670 
5007 1532 3702 682 
5008 1101 3707 684 
5009 1102 3708 688 
5010 1103 3710 696 
5011 1535 3672 698 
5012 1537 3778 771 
5013 1225 3712 787 
5014 1122 3714 790 
5015 1539 3703 792 
5016 1543 3704 796 
5017 1219 3715 798 
5018 433 3743 434 
5019 434 1511 435 
5020 438 1516 439 
5021 441 1120 442 
5022 443 1523 444 
5023 450 1524 451 
5024 452 1097 453 
5025 454 1525 455 
5026 456 1098 457 
5027 458 1526 459 
5028 460 1127 461 
5029 464 1099 465 
5030 466 1527 467 
5031 470 1508 471 
5032 472 1100 473 
5033 475 1282 476 
5034 554 1106 555 
5035 555 3661 556 
5036 556 1528 557 
5037 561 1529 562 
5038 562 3765 563 
5039 563 1118 564 
5040 566 1222 567 
5041 571 3768 572 
5042 572 1223 573 
5043 575 1119 576 
5044 577 1530 578 
5045 578 3700 579 
5046 583 1220 584 
5047 588 1512 589 
5048 590 1105 591 
5049 594 1221 595 
5050 664 3751 665 
5051 665 1514 666 
5052 669 1517 670 
5053 670 3701 671 
5054 671 1107 672 
5055 673 1531 674 
5056 681 1532 682 
5057 682 3702 683 
5058 683 1101 684 
5059 684 3707 685 
5060 685 1533 686 
5061 686 3669 687 
5062 687 1102 688 
5063 688 3708 689 
5064 689 1534 690 
5065 691 1128 692 
5066 695 1103 696 
5067 697 1535 698 
5068 701 1509 702 
5069 703 1104 704 
5070 704 3754 705 
5071 705 1536 706 
5072 707 1124 708 
5073 768 1108 769 
5074 769 3665 770 
5075 770 1537 771 
5076 771 3778 772 
5077 775 1538 776 
5078 777 1121 778 
5079 780 1224 781 
5080 786 1225 787 
5081 788 3713 789 
5082 789 1122 790 
5083 791 1539 792 
5084 792 3703 793 
5085 796 3704 797 
5086 797 1219 798 
5087 802 1518 803 
5088 808 1227 809 
5089 837 1173 838 
5090 839 1540 840 
5091 842 1171 843 
5092 849 1519 850 
5093 851 1177 852 
5094 853 1541 854 
5095 856 1168 857 
5096 858 1510 859 
5097 863 1515 864 
5098 870 1178 871 
5099 872 1544 873 
5100 874 1726 875 
5101 580 3725 581 
5102 1126 3751 664 
5103 699 1088 700 
5104 783 1087 784 
5105 462 3655 1506 
5106 1115 3725 580 
5107 699 3672 1088 
5108 430 1748 431 
5109 432 1125 433 
5110 435 3776 436 
5111 579 1115 580 
5112 581 1520 582 
5113 587 3726 588 
5114 597 1089 598 
5115 599 1727 600 
5116 1091 3727 3726 
5117 3773 3775 3774 
5118 436 3776 1090 
5119 448 3762 1092 
5120 581 3725 1520 
5121 592 3748 1521 
5122 599 3783 1727 
5123 677 3671 1542 
5124 795 3677 1543 
5125 800 3690 1095 
5126 812 3736 813 
5127 813 3736 1750 
5128 831 3687 1163 
5129 836 4049 3692 
5130 845 3688 1513 
5131 545 1444 546 
5132 548 1162 549 
5133 573 3773 574 
5134 574 3774 575 
5135 3773 3774 574 
5136 576 3747 577 
5137 445 1218 446 
5138 461 3655 462 
5139 550 1593 551 
5140 558 3782 559 
5141 592 1521 593 
5142 700 3657 701 
5143 1088 3657 700 
5144 782 3673 783 
5145 794 3677 795 
5146 830 3687 831 
5147 866 1172 867 
5148 868 1522 869 
5149 1091 3728 3727 
5150 3735 3740 1512 
5151 1728 3670 662 
5152 1116 3677 794 
5153 434 3743 1511 
5154 438 3723 1516 
5155 443 3744 1523 
5156 452 3763 1097 
5157 454 3745 1525 
5158 456 3698 1098 
5159 466 3746 1527 
5160 472 3658 1100 
5161 561 3664 1529 
5162 566 3767 1222 
5163 572 3768 1223 
5164 575 3774 1119 
5165 577 3747 1530 
5166 588 3726 1512 
5167 665 3751 1514 
5168 671 3701 1107 
5169 673 3706 1531 
5170 681 3753 1532 
5171 683 3702 1101 
5172 685 3707 1533 
5173 687 3669 1102 
5174 691 3709 1128 
5175 697 3710 1535 
5176 701 3657 1509 
5177 705 3754 1536 
5178 772 3778 3777 
5179 785 3756 3711 
5180 786 3711 1225 
5181 791 3714 1539 
5182 793 3703 1116 
5183 797 3704 1219 
5184 799 3715 3690 
5185 802 3691 1518 
5186 808 3689 1227 
5187 851 3705 1177 
5188 874 3758 1726 
5189 1544 3758 873 
5190 1748 3737 431 
5191 1218 3761 446 
5192 1092 3724 449 
5193 1091 3726 587 
5194 1521 3749 593 
5195 3783 4096 1727 
5196 437 3723 438 
5197 1511 3776 435 
5198 1120 3744 442 
5199 1524 3763 451 
5200 1097 3745 453 
5201 1107 3706 672 
5202 1173 3718 838 
5203 3776 4255 1090 
5204 1106 3662 3661 
5205 1117 3681 3680 
5206 1122 4190 3714 
5207 3734 3735 1512 
5208 1533 4272 3669 
5209 3727 3734 3726 
5210 436 1090 437 
5211 448 1092 449 
5212 1125 3743 433 
5213 442 3744 443 
5214 451 3763 452 
5215 453 3745 454 
5216 455 3698 456 
5217 459 3764 460 
5218 564 3766 565 
5219 565 3767 566 
5220 672 3706 673 
5221 690 3709 691 
5222 696 3710 697 
5223 1104 3754 704 
5224 785 3711 786 
5225 787 3712 788 
5226 3712 3713 788 
5227 790 3714 791 
5228 798 3715 799 
5229 1114 3664 560 
5230 1090 3723 437 
5231 1089 3783 598 
5232 1100 4226 3785 
5233 1508 3658 471 
5234 559 3782 1114 
5235 3743 4077 1511 
5236 1171 3697 3696 
5237 3692 3693 1173 
5238 462 1506 463 
5239 559 1114 560 
5240 586 1091 587 
5241 598 3783 599 
5242 667 1094 668 
5243 679 1096 680 
5244 800 1095 801 
5245 847 1169 848 
5246 465 3746 466 
5247 471 3658 472 
5248 1749 3687 830 
5249 1540 3719 840 
5250 1177 3721 852 
5251 1087 3756 784 
5252 772 3777 773 
5253 3744 4181 1523 
5254 460 3764 1127 
5255 1529 3765 562 
5256 1223 3773 573 
5257 1119 3747 576 
5258 1534 3709 690 
5259 1124 3098 708 
5260 1227 3716 809 
5261 1163 3781 832 
5262 1519 3705 850 
5263 1168 3659 857 
5264 801 3691 802 
5265 3778 4095 3777 
5266 693 1507 694 
5267 773 1113 774 
5268 861 1170 862 
5269 809 3716 810 
5270 832 3781 833 
5271 3693 3694 1173 
5272 773 3777 1113 
5273 783 3673 1087 
5274 868 3699 1522 
5275 1170 3667 862 
5276 1171 3696 843 
5277 844 3696 3688 
5278 844 3688 845 
5279 1117 3682 3681 
5280 833 3781 3717 
5281 834 3717 1226 
5282 837 3692 1173 
5283 839 3718 1540 
5284 842 3720 1171 
5285 853 3721 1541 
5286 858 3659 1510 
5287 870 3660 1178 
5288 3766 3767 565 
5289 1522 3660 869 
5290 838 3718 839 
5291 850 3705 851 
5292 873 3758 874 
5293 3785 3786 474 
5294 1100 3785 473 
5295 836 3692 837 
5296 843 3696 844 
5297 3719 3720 841 
5298 473 3785 474 
5299 833 3717 834 
5300 840 3719 841 
5301 841 3720 842 
5302 852 3721 853 
5303 857 3659 858 
5304 869 3660 870 
5305 1116 3788 3677 
5306 3677 3788 3678 
5307 849 3757 1519 
5308 863 3667 1515 
5309 866 3722 1172 
5310 848 3757 849 
5311 862 3667 863 
5312 861 3779 1170 
5313 1172 3699 867 
5314 1226 4049 835 
5315 867 3699 868 
5316 835 4049 836 
5317 865 3722 866 
5318 860 3779 861 
5319 1226 4050 4049 
5320 3668 3790 3667 
5321 3667 3790 1515 
5322 253 3605 1462 
5323 3466 4909 1291 
5324 1175 5493 3976 
5325 1618 4306 2986 
5326 1669 3108 3107 
5327 1547 3835 3834 
5328 3004 4600 3005 
5329 3252 3253 2724 
5330 1856 3532 2096 
5331 117 3503 116 
5332 3652 4068 1146 
5333 292 3797 1577 
5334 388 3801 1018 
5335 100 3800 1002 
5336 1379 3457 1505 
5337 3042 4687 4238 
5338 1515 5220 4998 
5339 131 3650 130 
5340 513 3877 514 
5341 907 3870 908 
5342 974 3829 975 
5343 920 3861 921 
5344 952 3862 953 
5345 957 3855 958 
5346 497 3833 498 
5347 512 3859 513 
5348 510 3848 511 
5349 483 3884 484 
5350 506 3856 507 
5351 726 1345 727 
5352 729 1370 730 
5353 732 3853 733 
5354 967 1560 968 
5355 978 1926 979 
5356 906 3869 907 
5357 520 3849 521 
5358 747 3843 748 
5359 937 3845 938 
5360 712 1555 713 
5361 714 1348 715 
5362 717 1349 718 
5363 723 1357 724 
5364 752 1325 753 
5365 880 3821 881 
5366 883 1350 884 
5367 885 3863 886 
5368 889 1556 890 
5369 891 1313 892 
5370 900 1546 901 
5371 745 3822 746 
5372 749 1302 750 
5373 962 1344 963 
5374 973 1309 974 
5375 976 1308 977 
5376 481 3820 482 
5377 484 1038 485 
5378 486 1551 487 
5379 488 3831 489 
5380 501 1554 502 
5381 496 1547 497 
5382 500 3847 501 
5383 654 1312 655 
5384 905 1311 906 
5385 911 1321 912 
5386 913 1563 914 
5387 919 1323 920 
5388 924 2486 925 
5389 492 1553 493 
5390 502 3841 503 
5391 751 3823 752 
5392 955 3854 956 
5393 622 3868 623 
5394 715 3837 716 
5395 511 1228 512 
5396 514 1202 515 
5397 521 1333 522 
5398 525 2484 526 
5399 625 2485 626 
5400 607 1356 608 
5401 635 2488 636 
5402 636 3874 637 
5403 637 1442 638 
5404 640 1358 641 
5405 643 1351 644 
5406 646 1352 647 
5407 648 1558 649 
5408 934 2489 935 
5409 936 1567 937 
5410 938 1359 939 
5411 941 1361 942 
5412 944 1336 945 
5413 946 1559 947 
5414 947 3876 948 
5415 948 1353 949 
5416 954 1354 955 
5417 505 1566 506 
5418 507 1004 508 
5419 508 3865 509 
5420 728 3824 729 
5421 731 1927 732 
5422 961 3826 962 
5423 975 3887 976 
5424 493 3832 494 
5425 504 3830 505 
5426 524 3882 525 
5427 615 1316 616 
5428 618 1317 619 
5429 621 1318 622 
5430 623 1562 624 
5431 882 3885 883 
5432 651 1314 652 
5433 656 1669 657 
5434 730 3871 731 
5435 897 1310 898 
5436 908 1320 909 
5437 912 3872 913 
5438 916 1322 917 
5439 922 1443 923 
5440 960 1550 961 
5441 965 1346 966 
5442 970 1319 971 
5443 605 1565 606 
5444 609 1557 610 
5445 495 3839 496 
5446 499 1035 500 
5447 503 1067 504 
5448 746 1303 747 
5449 748 3846 749 
5450 750 3825 751 
5451 758 1306 759 
5452 761 1307 762 
5453 487 3850 488 
5454 509 1548 510 
5455 517 1264 518 
5456 519 1549 520 
5457 523 1564 524 
5458 611 3867 612 
5459 951 1347 952 
5460 720 1360 721 
5461 742 2487 743 
5462 744 1545 745 
5463 755 1324 756 
5464 881 1561 882 
5465 886 1355 887 
5466 958 1335 959 
5467 494 1036 495 
5468 498 3840 499 
5469 612 1315 613 
5470 763 1668 764 
5471 894 1304 895 
5472 902 1305 903 
5473 956 1568 957 
5474 966 3827 967 
5475 972 3828 973 
5476 482 1552 483 
5477 489 1037 490 
5478 901 3842 902 
5479 655 3860 656 
5480 762 3886 763 
5481 890 3852 891 
5482 608 3857 609 
5483 610 3844 611 
5484 977 3858 978 
5485 485 3879 486 
5486 921 3883 922 
5487 935 3875 936 
5488 716 3880 717 
5489 893 3888 894 
5490 4679 4756 2433 
5491 3768 3770 3769 
5492 266 3802 1155 
5493 74 3812 1587 
5494 362 3803 1576 
5495 170 3809 1021 
5496 1657 1718 1645 
5497 1146 4068 1179 
5498 1072 3912 240 
5499 915 3889 916 
5500 3949 3950 3948 
5501 3960 3961 3959 
5502 3925 3927 3926 
5503 3888 4134 1304 
5504 1550 4148 3826 
5505 3844 4131 3867 
5506 1348 3838 3837 
5507 1554 4061 3841 
5508 3877 3878 1202 
5509 3872 3873 1563 
5510 3880 3881 1349 
5511 1547 3834 3833 
5512 1669 3107 3106 
5513 3863 3864 1355 
5514 2711 4247 3971 
5515 2573 3574 3573 
5516 3892 5130 1998 
5517 130 3650 2476 
5518 1309 3829 974 
5519 1323 3861 920 
5520 881 3821 1561 
5521 3859 3877 513 
5522 1568 3855 957 
5523 1556 3852 890 
5524 3869 3870 907 
5525 514 3877 1202 
5526 482 3820 1552 
5527 484 3884 1038 
5528 2488 3874 636 
5529 1354 3854 955 
5530 1548 3848 510 
5531 1228 3859 512 
5532 1347 3862 952 
5533 956 3854 1568 
5534 962 3826 1344 
5535 1370 3871 730 
5536 1545 3822 745 
5537 1566 3856 506 
5538 1567 3845 937 
5539 507 3856 1004 
5540 511 3848 1228 
5541 656 3860 1669 
5542 908 3870 1320 
5543 922 3883 1443 
5544 1551 3850 487 
5545 3833 3840 498 
5546 488 3850 3831 
5547 637 3874 1442 
5548 752 3823 1325 
5549 763 3886 1668 
5550 883 3885 1350 
5551 886 3863 1355 
5552 936 3875 1567 
5553 958 3855 1335 
5554 503 3841 1067 
5555 1038 3879 485 
5556 1553 3832 493 
5557 1554 3841 502 
5558 1549 3849 520 
5559 1550 3826 961 
5560 1308 3858 977 
5561 521 3849 1333 
5562 1321 3872 912 
5563 3829 3887 975 
5564 1311 3869 906 
5565 489 3831 1037 
5566 494 3832 1036 
5567 3843 3846 748 
5568 1559 3876 947 
5569 496 3839 1547 
5570 499 3840 1035 
5571 751 3825 3823 
5572 1547 3833 497 
5573 1348 3837 715 
5574 1004 3865 508 
5575 509 3865 1548 
5576 1564 3882 524 
5577 1318 3868 622 
5578 3844 3867 611 
5579 501 3847 1554 
5580 505 3830 1566 
5581 623 3868 1562 
5582 1356 3857 608 
5583 1927 3853 732 
5584 1346 3827 966 
5585 1552 3884 483 
5586 1557 3844 610 
5587 1546 3842 901 
5588 1036 3839 495 
5589 729 3824 1370 
5590 731 3871 1927 
5591 746 3822 1303 
5592 749 3846 1302 
5593 902 3842 1305 
5594 967 3827 1560 
5595 976 3887 1308 
5596 525 3882 2484 
5597 612 3867 1315 
5598 913 3872 1563 
5599 717 3880 1349 
5600 891 3852 1313 
5601 2489 3875 935 
5602 938 3845 1359 
5603 948 3876 1353 
5604 1035 3847 500 
5605 1067 3830 504 
5606 1303 3843 747 
5607 1302 3825 750 
5608 3837 3880 716 
5609 486 3879 1551 
5610 1668 3104 764 
5611 1669 3106 657 
5612 609 3857 1557 
5613 1561 3885 882 
5614 3861 3883 921 
5615 1307 3886 762 
5616 973 3828 1309 
5617 978 3858 1926 
5618 1312 3860 655 
5619 323 4001 1573 
5620 35 3975 1574 
5621 894 3888 1304 
5622 1669 3860 3108 
5623 1547 3839 3835 
5624 551 3652 552 
5625 1324 4642 3577 
5626 916 3889 1322 
5627 2036 4664 2204 
5628 4131 4132 3867 
5629 3880 3896 3881 
5630 3838 3896 3837 
5631 3844 4133 4131 
5632 1667 2102 2101 
5633 3253 3324 2724 
5634 2418 2419 2417 
5635 2854 4492 2855 
5636 1129 3922 3921 
5637 248 1230 247 
5638 298 1210 297 
5639 202 1229 201 
5640 1038 4235 3879 
5641 1625 1938 1853 
5642 1637 1638 1406 
5643 3837 3896 3880 
5644 3867 4132 1315 
5645 1557 4133 3844 
5646 1228 4070 3859 
5647 3978 4214 1569 
5648 4009 4212 983 
5649 414 3649 1283 
5650 2298 2299 2294 
5651 2839 2840 2838 
5652 152 3897 151 
5653 344 3900 343 
5654 56 3898 55 
5655 106 3910 105 
5656 394 3901 393 
5657 1744 4425 3545 
5658 82 4139 81 
5659 80 4206 79 
5660 1135 4734 1619 
5661 274 3913 273 
5662 272 3916 271 
5663 176 3914 175 
5664 3040 4415 3422 
5665 5090 5502 1238 
5666 3337 5311 4018 
5667 239 3912 1571 
5668 246 3917 245 
5669 108 4022 107 
5670 342 3924 341 
5671 300 3918 299 
5672 150 3987 149 
5673 204 3920 203 
5674 368 4053 367 
5675 3022 3219 2356 
5676 3231 4430 3053 
5677 3084 4769 4739 
5678 2885 4119 2414 
5679 4390 4779 2883 
5680 1124 3391 3390 
5681 286 3925 285 
5682 259 4026 258 
5683 170 1021 169 
5684 381 3999 380 
5685 285 1153 284 
5686 362 1576 361 
5687 98 3965 97 
5688 290 1150 289 
5689 301 1084 300 
5690 303 1590 302 
5691 330 1605 329 
5692 360 1011 359 
5693 366 1613 365 
5694 372 1611 371 
5695 308 3978 307 
5696 316 1208 315 
5697 74 1587 73 
5698 95 993 94 
5699 175 1022 174 
5700 392 3959 391 
5701 212 3974 211 
5702 220 1209 219 
5703 239 1571 238 
5704 230 1207 229 
5705 233 1075 232 
5706 235 1592 234 
5707 245 1130 244 
5708 249 3893 248 
5709 256 1152 255 
5710 261 1154 260 
5711 269 3573 268 
5712 280 1156 279 
5713 297 3952 296 
5714 307 1569 306 
5715 311 1580 310 
5716 313 1076 312 
5717 325 1258 324 
5718 334 1483 333 
5719 339 1581 338 
5720 341 998 340 
5721 345 1056 344 
5722 347 4004 346 
5723 355 995 354 
5724 357 4035 356 
5725 376 1582 375 
5726 378 1014 377 
5727 393 1026 392 
5728 403 983 402 
5729 407 1057 406 
5730 409 1588 408 
5731 383 994 382 
5732 387 3971 386 
5733 398 996 397 
5734 414 1283 413 
5735 266 1155 265 
5736 388 1018 387 
5737 67 992 66 
5738 72 1012 71 
5739 78 1614 77 
5740 243 1591 242 
5741 287 3958 286 
5742 361 3930 360 
5743 367 3932 366 
5744 42 1604 41 
5745 47 1237 46 
5746 52 1615 51 
5747 37 1259 36 
5748 84 1612 83 
5749 125 1257 124 
5750 138 1054 137 
5751 180 1001 179 
5752 194 1151 193 
5753 205 1129 204 
5754 207 1589 206 
5755 382 3998 381 
5756 57 1579 56 
5757 64 4101 63 
5758 88 1583 87 
5759 90 1013 89 
5760 105 1578 104 
5761 115 1238 114 
5762 120 1603 119 
5763 132 1376 131 
5764 143 984 142 
5765 148 997 147 
5766 153 1584 152 
5767 155 1027 154 
5768 160 1019 159 
5769 165 1020 164 
5770 184 1074 183 
5771 186 1585 185 
5772 211 1570 210 
5773 215 1586 214 
5774 217 1077 216 
5775 251 1175 250 
5776 254 3605 253 
5777 271 1158 270 
5778 404 4009 403 
5779 191 1236 190 
5780 199 1174 198 
5781 296 1575 295 
5782 100 1002 99 
5783 275 1157 274 
5784 291 3951 290 
5785 331 3929 330 
5786 350 1017 349 
5787 169 3962 168 
5788 292 1577 291 
5789 174 4024 173 
5790 59 1206 58 
5791 62 1003 61 
5792 133 3947 132 
5793 164 3990 163 
5794 185 3991 184 
5795 371 3969 370 
5796 104 4016 103 
5797 103 1205 102 
5798 110 1616 109 
5799 173 4032 172 
5800 73 3996 72 
5801 276 4018 275 
5802 351 4019 350 
5803 85 3992 84 
5804 89 3981 88 
5805 181 3994 180 
5806 154 3989 153 
5807 250 3976 249 
5808 260 4025 259 
5809 244 4028 243 
5810 295 3977 294 
5811 335 4033 334 
5812 340 4002 339 
5813 346 4003 345 
5814 352 4038 351 
5815 365 4036 364 
5816 373 4005 372 
5817 377 4006 376 
5818 402 3953 401 
5819 77 3980 76 
5820 134 4030 133 
5821 149 3986 148 
5822 238 3997 237 
5823 99 3948 98 
5824 399 3973 398 
5825 38 3995 37 
5826 324 4001 323 
5827 356 4034 355 
5828 391 3972 390 
5829 51 4013 50 
5830 43 3968 42 
5831 36 3975 35 
5832 114 3982 113 
5833 147 3985 146 
5834 413 4037 412 
5835 206 4015 205 
5836 111 3966 110 
5837 142 4031 141 
5838 234 4027 233 
5839 46 4011 45 
5840 412 4043 411 
5841 121 3946 120 
5842 109 4021 108 
5843 408 4007 407 
5844 137 3993 136 
5845 124 4017 123 
5846 329 4042 328 
5847 312 4041 311 
5848 216 4039 215 
5849 119 4029 118 
5850 2375 3567 2376 
5851 396 4100 395 
5852 1886 1888 1887 
5853 597 4059 1089 
5854 2240 3468 2976 
5855 3762 4386 1092 
5856 1513 4064 846 
5857 847 4064 1169 
5858 3634 4033 335 
5859 1387 1436 1389 
5860 3678 3679 1543 
5861 3768 3769 1223 
5862 3679 3704 1543 
5863 3673 3675 3674 
5864 3049 4691 4652 
5865 3828 4080 2802 
5866 3839 4045 3835 
5867 1036 4045 3839 
5868 3089 4690 4559 
5869 1906 5142 4518 
5870 1583 3810 87 
5871 1074 3811 183 
5872 1156 3814 279 
5873 1017 3792 349 
5874 3953 3954 401 
5875 1582 3815 375 
5876 3982 3983 113 
5877 2039 4686 1903 
5878 2044 2222 2045 
5879 949 4066 950 
5880 2199 4098 3389 
5881 4704 5540 2179 
5882 1341 1434 1402 
5883 3747 4878 1530 
5884 1692 3649 415 
5885 1285 5479 4084 
5886 4245 5485 5460 
5887 1858 1861 1860 
5888 3014 4883 3657 
5889 1922 2090 1924 
5890 1588 4008 4007 
5891 1026 3960 3959 
5892 3925 3926 1153 
5893 1002 3949 3948 
5894 1021 3963 3962 
5895 1018 4175 3971 
5896 4006 4120 1582 
5897 1576 3931 3930 
5898 3966 3967 1616 
5899 1615 4218 4013 
5900 4019 4020 1017 
5901 3932 3933 1613 
5902 4003 4051 1056 
5903 1681 1705 1680 
5904 539 4046 540 
5905 536 1932 537 
5906 538 1371 539 
5907 535 4047 536 
5908 2993 2994 2478 
5909 651 4062 1314 
5910 1129 4015 3922 
5911 1901 5166 3547 
5912 4168 4580 1843 
5913 3864 5190 2782 
5914 722 4073 723 
5915 1733 1734 1731 
5916 1633 4962 2725 
5917 4120 4122 2424 
5918 4092 4789 3021 
5919 3103 5402 4684 
5920 972 4080 3828 
5921 1319 4080 971 
5922 3551 5239 2405 
5923 4023 5485 4245 
5924 248 3893 1230 
5925 1210 3952 297 
5926 1056 3900 344 
5927 1579 3898 56 
5928 1584 3897 152 
5929 105 3910 1578 
5930 393 3901 1026 
5931 2992 5224 4182 
5932 3752 4358 3751 
5933 2903 3185 2583 
5934 6 1069 1068 
5935 1111 1112 26 
5936 1146 1147 5 
5937 27 1149 1148 
5938 2848 3473 2773 
5939 1819 2998 1651 
5940 271 3916 1158 
5941 175 3914 1022 
5942 1157 3913 274 
5943 2541 5038 2540 
5944 1186 1713 1110 
5945 1367 1710 1432 
5946 1433 1656 1399 
5947 367 4053 3932 
5948 118 1028 117 
5949 332 1025 331 
5950 44 1029 43 
5951 1822 3341 1953 
5952 245 3917 1130 
5953 341 3924 998 
5954 1084 3918 300 
5955 149 3987 3986 
5956 1129 3920 204 
5957 4021 4022 108 
5958 1605 4284 4042 
5959 2821 2822 2820 
5960 3546 4549 999 
5961 3545 4550 1299 
5962 330 3929 1605 
5963 307 3978 1569 
5964 211 3974 1570 
5965 285 3925 1153 
5966 290 3951 1150 
5967 296 3952 1575 
5968 346 4004 4003 
5969 403 4009 983 
5970 1021 3962 169 
5971 132 3947 1376 
5972 1577 3951 291 
5973 1283 4037 413 
5974 37 3995 1259 
5975 1258 4001 324 
5976 3998 3999 381 
5977 1013 3981 89 
5978 1026 3959 392 
5979 1022 4024 174 
5980 4025 4026 259 
5981 1020 3990 164 
5982 1027 3989 154 
5983 3948 3965 98 
5984 42 3968 1604 
5985 1130 4028 244 
5986 1018 3971 387 
5987 1587 3996 73 
5988 148 3986 997 
5989 1175 3976 250 
5990 184 3991 1074 
5991 275 4018 1157 
5992 286 3958 3925 
5993 350 4019 1017 
5994 360 3930 1011 
5995 366 3932 1613 
5996 1259 3975 36 
5997 1614 3980 77 
5998 1014 4006 377 
5999 998 4002 340 
6000 88 3981 1583 
6001 1585 3991 185 
6002 4024 4032 173 
6003 249 3976 3893 
6004 334 4033 1483 
6005 345 4003 1056 
6006 356 4035 4034 
6007 372 4005 1611 
6008 376 4006 1582 
6009 84 3992 1612 
6010 180 3994 1001 
6011 72 3996 1012 
6012 1576 3930 361 
6013 1611 3969 371 
6014 994 3998 382 
6015 1002 3948 99 
6016 983 3953 402 
6017 153 3989 1584 
6018 1578 4016 104 
6019 1154 4025 260 
6020 1613 4036 365 
6021 103 4016 1205 
6022 1575 3977 295 
6023 3959 3972 391 
6024 1592 4027 234 
6025 1589 4015 206 
6026 120 3946 1603 
6027 398 3973 996 
6028 1588 4007 408 
6029 1615 4013 51 
6030 243 4028 1591 
6031 339 4002 1581 
6032 351 4038 4019 
6033 355 4034 995 
6034 1571 3997 238 
6035 110 3966 1616 
6036 205 4015 1129 
6037 1238 3982 114 
6038 997 3985 147 
6039 1076 4041 312 
6040 133 4030 3947 
6041 1077 4039 216 
6042 233 4027 1075 
6043 407 4007 1057 
6044 1237 4011 46 
6045 984 4031 142 
6046 1616 4021 109 
6047 215 4039 1586 
6048 311 4041 1580 
6049 1054 3993 137 
6050 1603 4029 119 
6051 1257 4017 124 
6052 1605 4042 329 
6053 4037 4043 412 
6054 2420 3393 3392 
6055 1376 3650 131 
6056 2285 5489 3238 
6057 3291 5401 3288 
6058 3961 3972 3959 
6059 3925 3958 3927 
6060 3950 3965 3948 
6061 1750 4224 814 
6062 430 4223 1748 
6063 829 4225 1749 
6064 4335 5186 2876 
6065 596 4059 597 
6066 1404 5084 4799 
6067 2664 4417 4212 
6068 3323 5324 1488 
6069 4555 5555 3605 
6070 92 1471 91 
6071 70 1469 69 
6072 358 1470 357 
6073 380 1472 379 
6074 188 1176 187 
6075 3511 4966 2500 
6076 3779 4290 1170 
6077 4072 4416 48 
6078 3932 3934 3933 
6079 4006 4122 4120 
6080 4152 5184 4079 
6081 846 4064 847 
6082 2471 4138 2037 
6083 2789 2791 2790 
6084 3692 4049 3695 
6085 3692 3695 3693 
6086 1521 3750 3749 
6087 4049 4050 3695 
6088 3748 4838 4500 
6089 650 4062 651 
6090 2102 2103 2101 
6091 3573 4143 2573 
6092 4544 5527 1556 
6093 3645 4918 3500 
6094 2317 2319 2318 
6095 2164 4841 1975 
6096 1193 1369 1241 
6097 1195 1368 1250 
6098 1048 1751 1024 
6099 1660 1670 1662 
6100 3779 5124 3350 
6101 4077 4341 1511 
6102 3776 4341 4255 
6103 1751 2428 2427 
6104 3945 4757 1949 
6105 4620 4847 2942 
6106 3131 5427 2941 
6107 1291 4909 4155 
6108 258 1482 257 
6109 288 1480 287 
6110 162 1481 161 
6111 1863 5535 1865 
6112 1629 1918 1617 
6113 3653 4068 3652 
6114 2390 5303 3601 
6115 2557 4343 4008 
6116 3794 4004 1492 
6117 1631 3153 1398 
6118 2795 3178 2793 
6119 1651 2998 1411 
6120 4568 5475 997 
6121 4437 5190 3863 
6122 971 4080 972 
6123 3760 4925 2225 
6124 3996 4231 1012 
6125 3452 4443 3651 
6126 4212 4213 2664 
6127 2438 2439 2332 
6128 767 3590 768 
6129 1353 4066 949 
6130 458 4123 1526 
6131 1098 4123 457 
6132 1830 4761 1638 
6133 4021 4023 4022 
6134 1129 3921 3920 
6135 1084 3919 3918 
6136 40 1131 39 
6137 328 1132 327 
6138 122 1133 121 
6139 136 3638 135 
6140 1159 3977 3799 
6141 1811 4137 1823 
6142 711 3604 712 
6143 4028 5229 1591 
6144 2833 2835 2834 
6145 1809 2105 1807 
6146 1906 1922 1907 
6147 236 3633 235 
6148 4105 5506 2616 
6149 4235 4410 3879 
6150 3654 4074 3391 
6151 1536 4074 3654 
6152 1014 4122 4006 
6153 1022 4076 4024 
6154 1371 4046 539 
6155 536 4047 1932 
6156 1832 1911 1804 
6157 1944 4083 4082 
6158 3688 4327 1513 
6159 2491 5040 4439 
6160 2285 2286 1798 
6161 1167 1654 1112 
6162 1069 1653 1165 
6163 1149 1655 1182 
6164 3847 5470 3132 
6165 723 4073 1357 
6166 2242 2243 2042 
6167 3914 3915 1022 
6168 2449 2452 2451 
6169 385 1485 384 
6170 97 1484 96 
6171 161 3536 160 
6172 65 1487 64 
6173 353 1486 352 
6174 257 3537 256 
6175 91 3526 90 
6176 283 1490 282 
6177 263 1488 262 
6178 187 3525 186 
6179 379 3524 378 
6180 167 1489 166 
6181 305 4140 1055 
6182 552 3652 1146 
6183 1176 4592 3492 
6184 231 3548 230 
6185 135 1215 134 
6186 123 3560 122 
6187 411 1160 410 
6188 2147 4092 3021 
6189 4008 4343 4007 
6190 405 1503 404 
6191 309 1043 308 
6192 213 1044 212 
6193 237 1045 236 
6194 45 3506 44 
6195 141 1504 140 
6196 3395 4957 3396 
6197 3219 5349 2929 
6198 1861 1862 1860 
6199 1555 4129 713 
6200 714 4129 1348 
6201 3772 4403 3770 
6202 4569 5391 2988 
6203 262 3609 261 
6204 166 3610 165 
6205 1306 5036 4618 
6206 3111 3112 2338 
6207 1035 5470 3847 
6208 2808 2809 2807 
6209 4316 4317 3013 
6210 3489 4083 3488 
6211 2298 2301 2300 
6212 2572 4712 4470 
6213 118 4029 1028 
6214 1025 3929 331 
6215 1029 3968 43 
6216 3263 4853 3262 
6217 4079 4570 1290 
6218 1756 2546 2006 
6219 1812 1813 1811 
6220 2991 5099 3705 
6221 3446 3800 101 
6222 3936 3943 3938 
6223 3390 5285 2027 
6224 3456 5476 1371 
6225 102 3446 101 
6226 3740 3741 1105 
6227 3735 3741 3740 
6228 3694 3738 3718 
6229 3718 3738 1540 
6230 1579 3899 3898 
6231 4633 4846 3437 
6232 2303 2304 2302 
6233 2204 3481 3480 
6234 695 4195 1103 
6235 1507 4195 694 
6236 3153 4112 1398 
6237 3751 4358 1514 
6238 3527 5195 2951 
6239 3671 4368 1542 
6240 4019 4398 4020 
6241 1773 3365 2050 
6242 3082 4736 3083 
6243 3817 4005 1063 
6244 3886 5178 1668 
6245 4038 4398 4019 
6246 2521 4409 3908 
6247 384 3600 383 
6248 96 3599 95 
6249 1350 5296 4437 
6250 1774 1776 1775 
6251 4286 4383 1354 
6252 1638 4761 1641 
6253 996 4099 397 
6254 3932 4053 3934 
6255 1210 5145 3568 
6256 1470 4035 357 
6257 380 3999 1472 
6258 1970 1971 1969 
6259 4389 4546 1219 
6260 1902 1904 1903 
6261 2315 5050 2310 
6262 3548 4831 1207 
6263 2871 4273 2872 
6264 1094 5147 3483 
6265 1061 4036 3805 
6266 235 3633 1592 
6267 3148 4453 4118 
6268 4099 4100 396 
6269 3877 3895 3878 
6270 1606 2922 1704 
6271 4538 5401 3291 
6272 2929 5259 3091 
6273 3915 4076 1022 
6274 1146 1179 1147 
6275 2441 2442 2440 
6276 1124 3390 3098 
6277 3558 3995 38 
6278 1735 4560 1737 
6279 410 3595 409 
6280 218 3594 217 
6281 314 3592 313 
6282 214 3630 213 
6283 310 3629 309 
6284 406 3632 405 
6285 258 4026 1482 
6286 1480 3958 287 
6287 3859 3895 3877 
6288 3859 4070 3895 
6289 1563 4157 914 
6290 4978 5479 1285 
6291 4436 5521 3308 
6292 2131 4965 4303 
6293 429 4223 430 
6294 814 4224 815 
6295 828 4225 829 
6296 2710 3008 2709 
6297 1762 1764 1763 
6298 915 4157 3889 
6299 1874 1876 1875 
6300 1068 4223 429 
6301 815 4224 1111 
6302 1148 4225 828 
6303 2267 5443 2050 
6304 1860 5120 2518 
6305 1858 1860 1859 
6306 1303 4333 4063 
6307 3622 4514 281 
6308 1026 4058 3960 
6309 4449 5534 3146 
6310 968 4163 969 
6311 333 3507 332 
6312 3515 5219 1612 
6313 2713 4623 3499 
6314 261 3609 1154 
6315 165 3610 1020 
6316 3480 5164 2728 
6317 3311 5000 2471 
6318 1959 4879 2721 
6319 2373 5286 3119 
6320 3626 4333 3822 
6321 4145 4268 2485 
6322 2683 2685 2684 
6323 2700 4474 2945 
6324 136 3993 3638 
6325 328 4042 1132 
6326 1133 3946 121 
6327 3889 4157 3376 
6328 3223 5014 3395 
6329 1654 4313 1112 
6330 5121 5122 2918 
6331 1170 4290 3668 
6332 2274 2275 1936 
6333 390 1491 389 
6334 294 1159 293 
6335 60 3451 59 
6336 348 1492 347 
6337 3931 4433 3930 
6338 2065 4124 2481 
6339 909 4170 910 
6340 4139 5219 3515 
6341 3585 5502 5090 
6342 397 4099 396 
6343 1693 4268 4145 
6344 284 3612 283 
6345 71 3522 70 
6346 359 3523 358 
6347 2835 2837 2836 
6348 3834 3836 3833 
6349 95 3599 993 
6350 383 3600 994 
6351 3533 4568 2382 
6352 2201 4130 1621 
6353 3860 4407 3108 
6354 1648 1649 1411 
6355 3208 4655 1977 
6356 4236 5530 1939 
6357 2487 4167 743 
6358 744 4167 1545 
6359 1898 1900 1899 
6360 3697 3780 3696 
6361 3696 3780 3688 
6362 3673 3674 1087 
6363 1123 4241 3671 
6364 3956 3973 1501 
6365 1514 5075 3483 
6366 3178 5344 4134 
6367 86 1064 85 
6368 182 1502 181 
6369 364 1061 363 
6370 278 1495 277 
6371 374 1063 373 
6372 172 1494 171 
6373 76 1062 75 
6374 268 1493 267 
6375 3901 4058 1026 
6376 2818 2819 2815 
6377 1569 4140 306 
6378 320 3431 319 
6379 128 3432 127 
6380 224 3433 223 
6381 3585 5090 3503 
6382 1511 4341 3776 
6383 198 3440 197 
6384 252 3443 251 
6385 156 3441 155 
6386 4007 4343 1057 
6387 4131 4133 2475 
6388 1236 5456 4989 
6389 1649 1665 1651 
6390 193 3535 192 
6391 289 4381 288 
6392 3274 5362 4637 
6393 1004 3866 3865 
6394 2823 2824 2822 
6395 1358 4698 3460 
6396 2137 5507 4519 
6397 409 3595 1588 
6398 217 3594 1077 
6399 313 3592 1076 
6400 1158 4143 270 
6401 269 4143 3573 
6402 3836 3840 3833 
6403 66 3598 65 
6404 354 3597 353 
6405 3500 4146 2910 
6406 4148 4149 3826 
6407 146 1500 145 
6408 50 1032 49 
6409 400 1501 399 
6410 112 1033 111 
6411 3590 4821 1108 
6412 3194 5302 4376 
6413 4714 5087 3635 
6414 3879 4410 1551 
6415 2052 5144 1738 
6416 3594 4298 1077 
6417 2792 2793 2791 
6418 1952 5366 2033 
6419 4051 4396 1056 
6420 3826 4149 1344 
6421 4779 5385 2688 
6422 1143 4540 1081 
6423 2698 2699 2100 
6424 4379 5197 1544 
6425 315 3549 314 
6426 219 3550 218 
6427 2388 2389 2133 
6428 2590 2592 2591 
6429 4443 4986 2891 
6430 2843 4286 3862 
6431 643 4184 1351 
6432 3704 4389 1219 
6433 1764 3285 1766 
6434 457 4123 458 
6435 3490 5276 1572 
6436 5193 5292 5194 
6437 232 3591 231 
6438 4212 4417 983 
6439 3357 4456 3356 
6440 3389 4648 1800 
6441 2761 4261 3341 
6442 1742 1761 1760 
6443 2051 4117 2614 
6444 3159 3160 2565 
6445 195 4189 194 
6446 3624 5353 3340 
6447 3697 4501 2692 
6448 3808 4056 3804 
6449 3075 5312 4645 
6450 2377 4760 4232 
6451 3199 4776 3198 
6452 775 4209 1538 
6453 1113 4209 774 
6454 2284 2285 1798 
6455 4033 4239 3509 
6456 4015 4110 3922 
6457 1589 4110 4015 
6458 2166 4617 3090 
6459 338 3425 337 
6460 208 3426 207 
6461 304 3427 303 
6462 1174 3440 198 
6463 251 3443 1175 
6464 155 3441 1027 
6465 127 3432 1572 
6466 223 3433 1409 
6467 319 3431 1408 
6468 4313 5427 3131 
6469 1085 4403 3772 
6470 819 4085 820 
6471 420 4086 421 
6472 428 4088 6 
6473 826 1009 827 
6474 817 4087 818 
6475 417 1010 418 
6476 422 1008 423 
6477 427 1005 428 
6478 818 1599 819 
6479 821 1007 822 
6480 824 1600 825 
6481 419 1601 420 
6482 424 1602 425 
6483 816 1006 817 
6484 827 4089 27 
6485 418 4090 419 
6486 825 4091 826 
6487 1436 1712 1437 
6488 1257 5276 3490 
6489 1629 1921 1919 
6490 713 4129 714 
6491 425 4093 426 
6492 3300 3301 1717 
6493 1434 1725 1435 
6494 3421 4760 4262 
6495 3577 4642 3578 
6496 1332 4278 1630 
6497 3634 4239 4033 
6498 3666 4094 1537 
6499 3665 3666 1537 
6500 3784 4096 3783 
6501 3661 3663 1528 
6502 3662 3663 3661 
6503 3754 3755 1536 
6504 1089 3784 3783 
6505 3758 3789 3759 
6506 1544 3789 3758 
6507 1937 5505 2089 
6508 3154 4628 3670 
6509 1704 2641 1607 
6510 2262 5082 2921 
6511 1028 3505 3504 
6512 1638 1641 1640 
6513 2548 4855 3574 
6514 1288 4118 3604 
6515 1520 4275 582 
6516 583 4275 1220 
6517 2595 2596 2074 
6518 1542 4867 4367 
6519 3780 4327 3688 
6520 2735 5089 3423 
6521 4126 4924 4159 
6522 2662 2663 2401 
6523 3940 5281 4905 
6524 2256 5417 2657 
6525 1940 1954 1835 
6526 2537 4302 2536 
6527 2944 4165 2691 
6528 5108 5148 2965 
6529 1641 1643 1642 
6530 3657 4883 1509 
6531 4612 5015 1602 
6532 3555 4912 1650 
6533 1759 4865 2063 
6534 2803 5339 4257 
6535 4241 4368 3671 
6536 3039 5448 2242 
6537 2805 2806 2799 
6538 1320 4967 4170 
6539 2235 5366 3059 
6540 2225 5060 3760 
6541 1863 1864 1862 
6542 3812 3813 1587 
6543 3541 5538 3347 
6544 3716 4233 810 
6545 811 4233 1093 
6546 1058 3635 3634 
6547 4330 5308 4519 
6548 2788 2789 2786 
6549 1347 4369 3862 
6550 1443 4230 923 
6551 924 4230 2486 
6552 1770 1773 1772 
6553 5481 5518 2207 
6554 4202 4449 1172 
6555 1581 3425 338 
6556 207 3426 1589 
6557 303 3427 1590 
6558 3262 5441 3263 
6559 1654 5427 4313 
6560 2943 4344 2496 
6561 3626 5403 2357 
6562 3953 4292 3954 
6563 3627 5512 1609 
6564 1178 5313 4379 
6565 3885 4329 1350 
6566 2859 5119 4480 
6567 1518 4237 803 
6568 2394 5480 3307 
6569 3471 5533 2902 
6570 2760 4517 4261 
6571 306 4140 305 
6572 2727 4624 3769 
6573 1606 1607 1364 
6574 1683 2192 1993 
6575 1989 1990 1685 
6576 2002 5013 2384 
6577 2110 2111 2109 
6578 1994 4961 3418 
6579 3167 3168 3166 
6580 1283 5165 4037 
6581 2691 5228 4343 
6582 3059 4464 3058 
6583 1580 3629 310 
6584 1586 3630 214 
6585 1057 3632 406 
6586 1 4186 224 
6587 4 4187 320 
6588 2 4185 128 
6589 33 4186 1 
6590 225 4185 2 
6591 321 4187 4 
6592 139 4851 3576 
6593 1995 5336 2093 
6594 4177 5365 4178 
6595 1127 5004 3557 
6596 2259 2260 2258 
6597 4469 4743 2563 
6598 2357 5403 3184 
6599 3786 4364 3787 
6600 4226 4364 3785 
6601 3444 5078 4769 
6602 2848 4969 4425 
6603 1074 4147 3811 
6604 1730 1732 1454 
6605 332 3507 1025 
6606 3408 3409 3257 
6607 270 4143 269 
6608 2106 2108 2107 
6609 703 4332 1104 
6610 1509 4332 702 
6611 1215 4030 134 
6612 123 4017 3560 
6613 411 4043 1160 
6614 230 3548 1207 
6615 694 4195 695 
6616 209 4258 1073 
6617 778 4256 779 
6618 4392 5033 1084 
6619 1140 2461 1070 
6620 1109 2458 1185 
6621 1071 1141 1140 
6622 1080 2460 1142 
6623 1142 1143 1081 
6624 1447 2459 1445 
6625 1446 1448 1447 
6626 1185 1186 1110 
6627 1367 1432 1431 
6628 1239 3544 1400 
6629 1000 1042 1041 
6630 1400 1433 1399 
6631 4023 4657 2652 
6632 1570 5021 4258 
6633 4198 4501 3720 
6634 1171 4501 3697 
6635 3755 4074 1536 
6636 1280 3457 1379 
6637 1379 1414 1281 
6638 4503 5182 2708 
6639 1282 4337 476 
6640 3 4197 416 
6641 129 4197 3 
6642 964 4257 965 
6643 3793 4057 3796 
6644 1282 4810 4337 
6645 5007 5172 2916 
6646 3662 5061 3255 
6647 1572 3432 3297 
6648 2721 5069 4912 
6649 1056 4396 3900 
6650 68 4248 67 
6651 3686 4237 3685 
6652 804 4237 3686 
6653 2437 2438 2332 
6654 4220 5422 1259 
6655 145 4171 144 
6656 2305 2306 2304 
6657 4016 4249 3448 
6658 3930 4433 1011 
6659 914 4157 915 
6660 3009 5300 3856 
6661 2398 2399 2249 
6662 1287 5101 4980 
6663 3701 5109 1107 
6664 2420 4832 3393 
6665 3378 4867 3159 
6666 3611 5152 5082 
6667 1153 3612 284 
6668 2487 4264 4113 
6669 3029 4282 2479 
6670 2687 4788 2883 
6671 3033 5555 4555 
6672 2495 2876 1954 
6673 358 3523 1470 
6674 70 3522 1469 
6675 4256 4770 779 
6676 1710 3485 2590 
6677 1487 4101 64 
6678 1486 4038 352 
6679 160 3536 1019 
6680 97 3965 1484 
6681 256 3537 1152 
6682 1400 3544 1610 
6683 1782 1784 1783 
6684 3150 5312 3075 
6685 247 3407 246 
6686 3078 4482 4478 
6687 3660 4285 1178 
6688 619 4289 620 
6689 1180 1909 1147 
6690 1481 5396 3542 
6691 1575 4674 4317 
6692 3163 3164 3162 
6693 1482 3539 3538 
6694 4703 5415 1345 
6695 1884 1886 1885 
6696 1784 1811 1810 
6697 3809 4055 1021 
6698 3803 4056 1576 
6699 1946 5192 1768 
6700 2978 4309 2980 
6701 1578 4249 4016 
6702 3514 5310 1120 
6703 3862 4286 953 
6704 954 4286 1354 
6705 2192 3077 2193 
6706 1992 2214 1990 
6707 1021 4055 3963 
6708 1576 4056 3931 
6709 4120 4121 1582 
6710 2982 4304 2984 
6711 3553 4205 1709 
6712 2152 5526 2436 
6713 1312 4407 3860 
6714 2576 4875 3554 
6715 4073 4291 1357 
6716 2470 2764 2763 
6717 1367 3485 1710 
6718 186 3525 1585 
6719 378 3524 1014 
6720 90 3526 1013 
6721 992 3598 66 
6722 995 3597 354 
6723 2769 2770 2189 
6724 2773 3473 2770 
6725 288 4381 1480 
6726 2929 5349 5259 
6727 2331 2332 2125 
6728 1996 4949 3166 
6729 68 4610 4248 
6730 1032 4072 49 
6731 3680 4400 3689 
6732 3639 4323 568 
6733 143 4260 984 
6734 1582 4121 3815 
6735 2532 2918 2531 
6736 1742 1760 1759 
6737 569 4323 1085 
6738 3929 4445 1605 
6739 1560 4163 968 
6740 2244 2245 2243 
6741 3971 4247 386 
6742 3562 5029 3475 
6743 2783 2784 2780 
6744 2814 2815 2813 
6745 3485 4708 2590 
6746 4020 4057 1017 
6747 3433 4274 1409 
6748 3078 5254 4483 
6749 2128 5492 4894 
6750 107 1030 106 
6751 203 3406 202 
6752 395 1496 394 
6753 151 1216 150 
6754 343 1499 342 
6755 55 1031 54 
6756 4561 4838 3741 
6757 440 4622 3514 
6758 1542 4367 678 
6759 679 4367 1096 
6760 3785 4364 3786 
6761 3297 4996 2425 
6762 4293 5508 2134 
6763 1770 1772 1771 
6764 944 4314 1336 
6765 3499 5332 3645 
6766 743 4167 744 
6767 2007 4834 1757 
6768 426 4144 427 
6769 4888 5306 3326 
6770 1890 1892 1891 
6771 1570 4258 210 
6772 2448 2449 2446 
6773 1038 4503 4235 
6774 2161 2163 2162 
6775 3868 4362 1562 
6776 4713 5041 4547 
6777 4400 4747 3689 
6778 2292 5398 2295 
6779 237 3997 1045 
6780 1044 3974 212 
6781 1043 3978 308 
6782 45 4011 3506 
6783 141 4031 1504 
6784 1503 4009 404 
6785 1017 4057 3792 
6786 1625 1853 1852 
6787 1740 4975 2052 
6788 192 4605 191 
6789 3782 4458 1114 
6790 1648 4204 3555 
6791 3488 4972 3405 
6792 2810 2811 2809 
6793 2934 5457 2933 
6794 1950 4948 4710 
6795 1768 1770 1769 
6796 1075 3591 232 
6797 2287 2288 2286 
6798 3256 3257 3112 
6799 3407 3917 246 
6800 1320 4170 909 
6801 1527 4349 467 
6802 468 4349 1086 
6803 4018 5311 1157 
6804 1162 4350 549 
6805 550 4350 1593 
6806 2364 4111 2366 
6807 1780 1782 1781 
6808 1909 5312 4307 
6809 4307 5312 3150 
6810 4004 4461 4003 
6811 1023 1050 1040 
6812 1193 1241 1194 
6813 1034 1048 1024 
6814 1790 3151 1789 
6815 990 2953 1790 
6816 1195 1250 1196 
6817 1083 1138 1082 
6818 1661 3464 1659 
6819 1660 1662 1661 
6820 2427 5387 2426 
6821 3501 5009 2917 
6822 3690 4426 1095 
6823 1681 1706 1705 
6824 1596 1917 1366 
6825 3376 4907 3377 
6826 3831 4312 1037 
6827 3565 5289 1553 
6828 2751 4354 3387 
6829 3291 5100 4538 
6830 1478 1652 1477 
6831 1335 4336 959 
6832 960 4336 1550 
6833 4891 5153 3205 
6834 4909 5319 4155 
6835 273 1498 272 
6836 177 1497 176 
6837 369 1016 368 
6838 81 1015 80 
6839 1751 4280 2428 
6840 2962 4360 4359 
6841 1667 2101 2099 
6842 1558 4345 649 
6843 1613 4477 4036 
6844 1904 1906 1905 
6845 2996 5347 4455 
6846 4477 5073 3807 
6847 3724 5554 1524 
6848 3550 3594 218 
6849 3549 3592 314 
6850 1345 4351 727 
6851 728 4351 3824 
6852 2554 4372 3183 
6853 1108 4414 3665 
6854 3060 4521 2574 
6855 2218 4223 1068 
6856 2220 4225 1148 
6857 1111 4224 2219 
6858 1099 4355 3746 
6859 2248 2249 2247 
6860 3596 4693 4458 
6861 3135 5243 4823 
6862 2546 3380 2547 
6863 2246 2247 2245 
6864 2164 4917 3455 
6865 2615 4487 3002 
6866 1776 1778 1777 
6867 1626 1688 1622 
6868 3399 4767 3703 
6869 4163 4562 969 
6870 1896 1898 1897 
6871 2037 4138 1813 
6872 2054 5450 4166 
6873 1178 4379 871 
6874 872 4379 1544 
6875 2905 4605 3535 
6876 3748 4500 1521 
6877 2156 4683 4556 
6878 2297 2298 2294 
6879 322 3430 321 
6880 34 3428 33 
6881 226 3429 225 
6882 3502 4206 1015 
6883 1358 4365 641 
6884 1938 4739 2114 
6885 3800 4450 1002 
6886 2798 2799 2797 
6887 1945 2712 2393 
6888 4442 5355 3076 
6889 3290 5137 3289 
6890 1912 4472 3078 
6891 3227 3244 2661 
6892 4077 4839 2624 
6893 1412 4404 1441 
6894 1960 4494 1716 
6895 3713 4439 1122 
6896 2380 5487 1831 
6897 1643 1755 1644 
6898 1324 4672 3422 
6899 1598 1742 1741 
6900 1238 5502 5490 
6901 3092 4842 2477 
6902 3665 4414 3666 
6903 1357 4384 724 
6904 642 4184 643 
6905 4154 4985 2967 
6906 2804 2805 2799 
6907 4051 4397 2665 
6908 3750 4486 3749 
6909 3624 3625 3623 
6910 4625 4977 2589 
6911 2830 2833 2832 
6912 983 4417 3953 
6913 1264 5245 3479 
6914 1920 5338 2155 
6915 1771 4952 2468 
6916 2497 4312 3831 
6917 2054 4166 2677 
6918 650 4345 4062 
6919 3132 4658 3847 
6920 159 4390 158 
6921 3472 5533 3471 
6922 3601 4173 2390 
6923 1947 5203 2131 
6924 2715 4632 4560 
6925 3420 3423 2379 
6926 3133 4172 2567 
6927 1302 4328 3825 
6928 1802 4109 1950 
6929 1737 1738 1736 
6930 2400 2401 2399 
6931 2290 3309 2288 
6932 2796 2797 2795 
6933 1137 4482 1079 
6934 3604 4453 1555 
6935 2415 4519 3519 
6936 2436 5526 4141 
6937 3481 5449 3513 
6938 2817 2818 2815 
6939 3118 5190 4437 
6940 1362 2578 2577 
6941 1679 1681 1680 
6942 3461 5261 4161 
6943 1764 1766 1765 
6944 3299 5133 2682 
6945 2128 5207 1941 
6946 4524 5375 3196 
6947 3861 4380 3883 
6948 3773 4624 3775 
6949 2266 2337 2049 
6950 625 4413 2485 
6951 1562 4413 624 
6952 2926 5435 2839 
6953 2753 5156 3917 
6954 3630 5436 3386 
6955 3241 5262 3294 
6956 1534 4465 3709 
6957 5009 5121 2917 
6958 1834 2992 2353 
6959 736 4154 737 
6960 930 4151 931 
6961 629 4152 630 
6962 631 4153 632 
6963 927 1697 928 
6964 532 1628 533 
6965 737 1292 738 
6966 739 1698 740 
6967 528 1696 529 
6968 530 1291 531 
6969 630 1290 631 
6970 628 1693 629 
6971 735 1632 736 
6972 929 1293 930 
6973 931 1695 932 
6974 632 1694 633 
6975 928 4150 929 
6976 531 4155 532 
6977 529 4156 530 
6978 1603 4510 4029 
6979 2313 2314 2312 
6980 1424 1961 1422 
6981 1319 4207 4080 
6982 1292 4725 4114 
6983 3458 4405 2146 
6984 4393 5251 1500 
6985 3999 4000 1472 
6986 3979 4214 3978 
6987 4010 4212 4009 
6988 3610 3611 1020 
6989 2296 3455 3066 
6990 1568 4738 3855 
6991 242 4467 241 
6992 1601 4086 420 
6993 1599 4085 819 
6994 818 4087 1599 
6995 1005 4088 428 
6996 1009 4089 827 
6997 1010 4090 418 
6998 826 4091 1009 
6999 1006 4087 817 
7000 419 4090 1601 
7001 1600 4091 825 
7002 2293 2294 2292 
7003 3203 3204 2613 
7004 1602 4093 425 
7005 2063 4865 3204 
7006 1672 2027 1674 
7007 4171 4260 144 
7008 4437 5296 3118 
7009 3953 4417 4292 
7010 194 4189 1151 
7011 1220 4434 584 
7012 1125 4578 3743 
7013 1454 3534 1342 
7014 1456 1631 1398 
7015 3791 4200 3510 
7016 1336 4200 3791 
7017 3514 4622 3482 
7018 1623 5528 1388 
7019 2510 2511 2509 
7020 2708 2709 2663 
7021 2437 5402 2438 
7022 2443 2444 2442 
7023 4544 5242 3327 
7024 3600 3601 994 
7025 195 4636 4189 
7026 2989 3471 2902 
7027 2789 2790 2786 
7028 774 4209 775 
7029 1018 4567 4175 
7030 2843 4383 4286 
7031 4406 5112 2211 
7032 3511 5373 1442 
7033 4097 5113 4096 
7034 4061 4585 3841 
7035 1590 4392 302 
7036 301 4392 1084 
7037 1867 1868 1866 
7038 3590 5387 4821 
7039 4532 4764 2625 
7040 2775 2776 2774 
7041 2550 3050 2549 
7042 231 3591 3548 
7043 3676 4615 3675 
7044 3994 4455 1001 
7045 1350 4437 884 
7046 885 4437 3863 
7047 4315 4316 2955 
7048 2829 2830 2828 
7049 2307 2308 2306 
7050 546 4452 547 
7051 1133 4254 3946 
7052 1857 1858 1842 
7053 3769 4624 1223 
7054 1735 1736 1734 
7055 3356 5095 3061 
7056 1013 4480 3981 
7057 353 3597 1486 
7058 65 3598 1487 
7059 1766 1768 1767 
7060 888 4888 3445 
7061 4360 5194 4359 
7062 1918 5338 1920 
7063 1106 4216 3662 
7064 3759 4215 1726 
7065 2321 3400 2323 
7066 3297 5280 1572 
7067 1233 4513 1167 
7068 283 3612 1490 
7069 3775 4763 3245 
7070 4013 4218 4014 
7071 4071 4866 3209 
7072 2839 5435 2841 
7073 4218 5434 3087 
7074 2238 4494 2595 
7075 1496 4100 3903 
7076 5180 5518 2520 
7077 1909 4307 1147 
7078 2445 2446 2444 
7079 3341 4261 1953 
7080 405 3632 1503 
7081 309 3629 1043 
7082 213 3630 1044 
7083 2827 2828 2826 
7084 4206 4418 79 
7085 1179 4068 1635 
7086 3679 4389 3704 
7087 1808 3029 2479 
7088 2206 5481 4213 
7089 4564 5145 1210 
7090 4208 4908 1611 
7091 47 4416 1237 
7092 854 4473 855 
7093 1094 4488 668 
7094 669 4488 1517 
7095 2777 2778 2776 
7096 1179 1180 1147 
7097 78 4418 1614 
7098 2181 4377 4259 
7099 4174 4262 1816 
7100 4243 4249 1578 
7101 3873 4907 1563 
7102 2282 3894 1365 
7103 582 4275 583 
7104 3719 4661 4198 
7105 2785 2786 2784 
7106 1002 4450 3949 
7107 2700 2701 2699 
7108 3631 4558 3386 
7109 427 4144 1005 
7110 4064 4566 1169 
7111 2825 2826 2824 
7112 2622 4378 2956 
7113 3095 5553 3096 
7114 4093 4144 426 
7115 2601 4060 3567 
7116 1841 1842 1832 
7117 4182 5224 1988 
7118 4589 5318 3530 
7119 2429 2478 2427 
7120 2997 4698 3258 
7121 2521 4837 4179 
7122 1309 4222 3829 
7123 1402 4159 1468 
7124 1663 5498 2949 
7125 4300 4921 1655 
7126 4301 4920 1653 
7127 3730 5507 2279 
7128 2321 4940 4728 
7129 3926 4135 1153 
7130 3067 5223 3068 
7131 1768 5192 1770 
7132 4172 5499 2043 
7133 3403 5261 3461 
7134 923 4230 924 
7135 4146 4705 2910 
7136 1676 1679 1678 
7137 3988 4234 3987 
7138 1557 4691 4133 
7139 3541 4669 760 
7140 348 3792 1492 
7141 2046 4238 2970 
7142 3675 4615 3890 
7143 1831 1832 1804 
7144 3117 5168 3323 
7145 2794 2795 2793 
7146 2090 4954 2623 
7147 1506 4538 463 
7148 464 4538 1099 
7149 2291 2292 2290 
7150 3466 5025 2893 
7151 1564 4460 3882 
7152 3500 4919 4146 
7153 1174 4141 3440 
7154 1778 3354 1780 
7155 3396 5360 2851 
7156 2135 4210 2431 
7157 3421 4278 1378 
7158 1858 1859 1842 
7159 2001 4875 2576 
7160 600 4529 601 
7161 553 4527 554 
7162 660 4528 661 
7163 875 4526 876 
7164 4170 4849 910 
7165 3967 4657 1616 
7166 3155 5197 4379 
7167 2772 2774 2773 
7168 4258 5021 3381 
7169 1803 1804 1802 
7170 1234 4695 1164 
7171 1166 4696 1232 
7172 2324 5372 4271 
7173 3422 5328 1324 
7174 2665 4396 4051 
7175 1131 3558 39 
7176 1778 1780 1779 
7177 1308 4420 3858 
7178 325 4536 1258 
7179 2343 5469 3054 
7180 2389 4630 2133 
7181 199 4448 1174 
7182 979 4537 980 
7183 1784 1812 1811 
7184 385 4247 1485 
7185 523 4516 1564 
7186 1333 4516 522 
7187 810 4233 811 
7188 2945 5241 2894 
7189 3613 3614 1490 
7190 1787 1788 1786 
7191 1785 1786 1740 
7192 2779 2780 2778 
7193 390 3972 1491 
7194 294 3977 1159 
7195 1492 4004 347 
7196 59 3451 1206 
7197 3016 3017 3015 
7198 4080 4207 2802 
7199 3065 4260 4171 
7200 2085 2540 1732 
7201 2289 2290 2288 
7202 281 4514 280 
7203 1276 5461 1274 
7204 3373 4848 3641 
7205 1095 4653 3691 
7206 1491 3801 389 
7207 1159 3797 293 
7208 278 3814 1495 
7209 374 3815 1063 
7210 182 3811 1502 
7211 86 3810 1064 
7212 62 4459 1003 
7213 4101 4459 63 
7214 3904 4668 3909 
7215 1761 4430 1762 
7216 1588 4158 4008 
7217 1012 4231 3543 
7218 880 4550 3821 
7219 481 4549 3820 
7220 1172 4449 3699 
7221 1208 3549 315 
7222 1209 3550 219 
7223 2124 2125 2111 
7224 3385 5419 5329 
7225 1328 4921 4300 
7226 1383 4920 4301 
7227 4812 5500 2008 
7228 2430 5210 4483 
7229 4379 5313 3155 
7230 1455 1731 1730 
7231 3414 4566 4064 
7232 1702 4599 2988 
7233 1700 4594 3302 
7234 803 4237 804 
7235 1739 1740 1738 
7236 4079 5184 2882 
7237 4001 4363 1573 
7238 4468 4882 1458 
7239 2940 5065 3092 
7240 1605 4445 4284 
7241 1701 4597 3303 
7242 2846 4562 4163 
7243 1984 4718 2146 
7244 1865 1866 1864 
7245 1061 3803 363 
7246 1494 3809 171 
7247 1062 3812 75 
7248 1493 3802 267 
7249 970 4562 1319 
7250 44 3506 1029 
7251 1856 4535 3532 
7252 1064 3992 85 
7253 1502 3994 181 
7254 1063 4005 373 
7255 364 4036 1061 
7256 268 3573 1493 
7257 172 4032 1494 
7258 76 3980 1062 
7259 3986 4568 997 
7260 3419 4385 3010 
7261 2636 5080 4214 
7262 2311 2312 2310 
7263 1689 4103 1424 
7264 3276 4325 3653 
7265 1944 4082 1466 
7266 3477 5428 4641 
7267 1472 3524 379 
7268 1176 3525 187 
7269 1471 3526 91 
7270 1175 4768 3374 
7271 1268 5084 1404 
7272 1128 4603 692 
7273 693 4603 1507 
7274 1956 1962 1829 
7275 1109 1110 28 
7276 13 1446 1445 
7277 1080 1081 14 
7278 19 1071 1070 
7279 1799 4717 4611 
7280 1262 4331 1192 
7281 1823 4203 2553 
7282 2680 4506 2215 
7283 1481 3536 161 
7284 1482 3537 257 
7285 3334 4439 3713 
7286 112 3983 1033 
7287 400 3954 1501 
7288 276 4571 4018 
7289 3161 3162 3160 
7290 3300 3553 3301 
7291 1801 1802 1788 
7292 1523 5161 3463 
7293 2718 4449 4202 
7294 4021 4657 4023 
7295 1732 3534 1454 
7296 2072 3235 1330 
7297 2071 3236 1385 
7298 1720 4238 2046 
7299 1151 3535 193 
7300 1150 4381 289 
7301 1461 4636 196 
7302 135 3638 1215 
7303 122 3560 1133 
7304 2034 4539 1681 
7305 3533 5475 4568 
7306 1555 4749 4129 
7307 1045 3633 236 
7308 3856 5176 3009 
7309 2154 5338 1918 
7310 2405 4552 3551 
7311 3911 4243 3910 
7312 2130 2132 1948 
7313 4043 4127 1160 
7314 3307 4917 2164 
7315 4710 4711 1786 
7316 3329 4598 1699 
7317 1239 1399 32 
7318 8 1000 999 
7319 29 1367 1299 
7320 941 4589 1361 
7321 558 4620 3782 
7322 1528 4620 557 
7323 1853 3352 1913 
7324 3670 4628 1126 
7325 2099 2100 1666 
7326 1516 4622 439 
7327 2414 5048 2858 
7328 144 4260 143 
7329 2057 2659 2658 
7330 1352 4591 647 
7331 648 4591 1558 
7332 3847 4658 1554 
7333 1488 3609 262 
7334 1489 3610 166 
7335 3746 4815 1527 
7336 3080 4770 4256 
7337 2309 2310 2308 
7338 2160 5494 4862 
7339 146 3985 1500 
7340 50 4013 1032 
7341 1501 3973 399 
7342 1033 3966 111 
7343 2592 3135 3134 
7344 1837 4238 1720 
7345 4627 5064 2890 
7346 3470 5512 3627 
7347 1546 5307 3643 
7348 1221 4633 595 
7349 386 4247 385 
7350 2848 4425 3473 
7351 1484 3599 96 
7352 1485 3600 384 
7353 2670 4252 3899 
7354 3295 4326 1691 
7355 2378 3294 3293 
7356 3542 5396 3990 
7357 3487 3488 3405 
7358 3645 5332 93 
7359 994 4654 3998 
7360 702 4332 703 
7361 3681 4400 3680 
7362 1361 4616 942 
7363 1980 4841 3455 
7364 1160 3595 410 
7365 1121 4256 778 
7366 3576 5390 1054 
7367 3313 4544 3314 
7368 3229 5466 3230 
7369 1012 3522 71 
7370 1011 3523 359 
7371 3993 4497 3638 
7372 2202 2493 2201 
7373 2482 4438 3984 
7374 2812 2813 2811 
7375 3720 4501 1171 
7376 3165 3166 3164 
7377 2237 5432 3784 
7378 3089 4559 4395 
7379 67 4248 992 
7380 4989 5456 3192 
7381 3089 4395 3088 
7382 965 4257 1346 
7383 2345 5116 4671 
7384 254 4555 3605 
7385 1152 4555 255 
7386 3842 4376 1305 
7387 4068 4325 1635 
7388 476 4337 477 
7389 4003 4461 4051 
7390 1502 5226 4803 
7391 2444 5424 2447 
7392 1916 4324 3300 
7393 755 4642 1324 
7394 210 4258 209 
7395 1395 4962 1633 
7396 3716 5452 4233 
7397 1650 4199 1649 
7398 1869 2694 1868 
7399 3346 4776 3199 
7400 1585 4338 3991 
7401 760 4669 761 
7402 642 4365 4184 
7403 2624 3311 2187 
7404 4029 4510 3505 
7405 3738 4661 1540 
7406 2627 4493 3130 
7407 3555 4204 2370 
7408 4901 5247 1323 
7409 1247 1663 1249 
7410 1011 4433 4318 
7411 3379 5033 4392 
7412 4550 4969 3821 
7413 4248 4610 3370 
7414 1273 4065 1691 
7415 2571 3137 3136 
7416 1228 4866 4070 
7417 1100 4895 4226 
7418 917 4682 918 
7419 1003 4897 61 
7420 4046 4541 540 
7421 3360 3569 2236 
7422 675 4702 1123 
7423 1531 4702 674 
7424 1483 3507 333 
7425 1020 4709 3990 
7426 3330 3331 2742 
7427 1280 1281 11 
7428 1755 3389 1800 
7429 4011 4012 3506 
7430 1043 3979 3978 
7431 1503 4010 4009 
7432 517 4676 1264 
7433 1003 5442 4897 
7434 4123 4764 1526 
7435 1692 5171 3649 
7436 1474 3628 1476 
7437 2327 2329 2328 
7438 158 4754 157 
7439 221 4659 220 
7440 2973 4901 3120 
7441 3933 4477 1613 
7442 4160 4508 1850 
7443 596 4633 4059 
7444 470 4721 1508 
7445 1086 4721 469 
7446 3024 4335 2495 
7447 2361 4993 3394 
7448 1028 3503 117 
7449 3635 4239 3634 
7450 2974 4751 4380 
7451 4998 5220 2990 
7452 953 4286 954 
7453 2751 5408 3176 
7454 3801 4567 1018 
7455 93 4918 3645 
7456 726 4703 1345 
7457 3041 5440 3708 
7458 3646 4922 2284 
7459 3958 4176 3927 
7460 1873 4476 1874 
7461 53 4690 52 
7462 3957 4178 3956 
7463 4501 4662 2692 
7464 1799 4444 1478 
7465 2771 2772 2770 
7466 3557 5004 2738 
7467 1794 1795 1793 
7468 1317 4289 619 
7469 2867 2869 2868 
7470 1754 4808 4723 
7471 2935 4361 2150 
7472 1186 4331 1713 
7473 3902 4058 3901 
7474 1921 3248 1919 
7475 2178 5453 3588 
7476 4411 4945 1248 
7477 188 4592 1176 
7478 1688 3300 1717 
7479 3703 4767 1116 
7480 4081 4659 221 
7481 3243 4601 1007 
7482 1048 4280 1751 
7483 780 4770 1224 
7484 2180 5540 4704 
7485 4667 5321 3025 
7486 1469 4610 69 
7487 2049 5455 2266 
7488 3230 5137 4733 
7489 519 4737 1549 
7490 1264 4737 518 
7491 3272 3275 3274 
7492 3034 5331 3569 
7493 1681 4539 1706 
7494 3739 4825 2601 
7495 3540 4749 2878 
7496 2891 4543 2669 
7497 3615 3616 3614 
7498 2887 5047 3579 
7499 1473 4535 1856 
7500 3251 5015 4612 
7501 1104 4946 3754 
7502 3251 4612 1008 
7503 1141 1460 1188 
7504 1190 1296 1143 
7505 1448 2011 1450 
7506 1916 3300 1688 
7507 1042 1459 1047 
7508 3393 5187 4640 
7509 1606 1704 1607 
7510 1649 1651 1411 
7511 3613 4135 3617 
7512 1159 3799 3798 
7513 1164 2218 1068 
7514 1111 2219 1166 
7515 1181 2220 1148 
7516 1505 4915 1667 
7517 3775 5034 3774 
7518 4189 4636 3124 
7519 3793 3794 1492 
7520 2183 5331 3034 
7521 2720 4988 4032 
7522 1423 1636 1424 
7523 93 5332 92 
7524 3797 4228 1577 
7525 760 5538 3541 
7526 654 4787 1312 
7527 3348 5480 2394 
7528 3816 3817 1063 
7529 1061 3805 3804 
7530 1427 2013 1414 
7531 3449 3800 3446 
7532 2352 4789 4092 
7533 2570 4431 2571 
7534 3174 4518 3169 
7535 1405 1637 1406 
7536 2519 2545 2087 
7537 2780 3325 2778 
7538 3955 3956 1501 
7539 4482 4483 1240 
7540 3577 4672 1324 
7541 3657 5413 3014 
7542 4129 4749 3540 
7543 3618 5193 4975 
7544 3929 5227 4445 
7545 1791 1806 1805 
7546 241 4467 1072 
7547 3631 4793 4558 
7548 1866 3116 1864 
7549 3245 5034 3775 
7550 3749 4486 1221 
7551 640 4811 1358 
7552 1415 1657 1645 
7553 2106 5410 4886 
7554 1296 4540 1143 
7555 1265 4411 1248 
7556 3197 4849 4170 
7557 2761 5066 1729 
7558 4037 4990 4043 
7559 1014 4188 4122 
7560 4178 5365 3956 
7561 1591 4467 242 
7562 722 5016 4073 
7563 5134 5284 5111 
7564 4255 5163 1090 
7565 2889 4144 4093 
7566 4254 4509 3946 
7567 515 4872 516 
7568 943 4314 944 
7569 317 4816 316 
7570 3633 5104 1592 
7571 3722 4998 2990 
7572 2097 4557 1929 
7573 911 4849 1321 
7574 1826 1844 1708 
7575 1016 5093 3970 
7576 1500 4171 145 
7577 887 4888 888 
7578 3100 4797 3101 
7579 1479 3421 1378 
7580 2721 4912 2369 
7581 1956 5003 1962 
7582 3884 4503 1038 
7583 568 4323 569 
7584 2489 5484 3875 
7585 1595 1596 1366 
7586 4458 4693 1114 
7587 4367 4867 3378 
7588 3623 5425 3619 
7589 1923 4586 1922 
7590 1569 5080 4140 
7591 4272 5148 3669 
7592 1886 5200 1889 
7593 903 4926 904 
7594 1147 4307 5 
7595 3263 5441 2262 
7596 1280 4541 3457 
7597 3723 5164 1516 
7598 4066 5077 950 
7599 3822 4333 1303 
7600 1069 1164 1068 
7601 1111 1166 1112 
7602 1149 1181 1148 
7603 3118 5548 5190 
7604 1496 3903 3902 
7605 1845 1965 1844 
7606 1051 1753 1040 
7607 1715 1716 1661 
7608 1034 1815 1049 
7609 1251 1752 1196 
7610 719 4947 720 
7611 1380 4791 3546 
7612 2356 5451 1801 
7613 1065 4782 1046 
7614 2156 5500 4812 
7615 1898 5346 1901 
7616 1515 4998 864 
7617 865 4998 3722 
7618 678 4367 679 
7619 3475 4378 2899 
7620 1112 4313 26 
7621 2364 2366 2365 
7622 718 4974 719 
7623 2187 2471 2037 
7624 4138 5039 4137 
7625 3316 4999 3529 
7626 3946 4509 1603 
7627 547 5024 548 
7628 2329 2383 2330 
7629 3284 4764 4123 
7630 4912 5069 4913 
7631 1891 4899 1888 
7632 3873 5169 2844 
7633 2156 4812 4683 
7634 1307 4669 4582 
7635 94 4918 93 
7636 2683 2684 2231 
7637 1839 4795 1949 
7638 4587 5105 2908 
7639 1258 5206 4626 
7640 1235 1383 1382 
7641 1391 1392 1233 
7642 1212 1328 1327 
7643 652 5011 653 
7644 3784 5432 4096 
7645 2690 5492 4863 
7646 4299 4587 2151 
7647 228 5458 227 
7648 2758 4261 2761 
7649 2236 5331 2032 
7650 2360 2564 2026 
7651 3282 5415 4703 
7652 2082 2961 2960 
7653 3028 3458 2594 
7654 5097 5371 1339 
7655 1808 2479 1809 
7656 984 4366 4031 
7657 1647 4938 4279 
7658 1604 4817 41 
7659 1639 3208 3207 
7660 757 5036 758 
7661 1158 4370 4283 
7662 895 5043 896 
7663 1153 4135 3612 
7664 2923 3637 3141 
7665 3950 4217 3965 
7666 1962 4951 3324 
7667 3324 4951 2723 
7668 1695 4267 4266 
7669 1360 5016 721 
7670 4691 5202 4133 
7671 2672 5337 2523 
7672 3908 4837 2521 
7673 617 5072 618 
7674 1665 1820 1818 
7675 229 4968 228 
7676 4226 4895 2706 
7677 1313 5028 892 
7678 893 5028 3888 
7679 959 4336 960 
7680 1425 1754 1606 
7681 2317 2318 2163 
7682 1662 1715 1661 
7683 1250 1251 1196 
7684 1034 1049 1048 
7685 1241 1242 1194 
7686 1050 1051 1040 
7687 1083 1139 1138 
7688 3805 3807 3806 
7689 615 5044 1316 
7690 3741 4838 1105 
7691 1510 5124 859 
7692 860 5124 3779 
7693 4073 5016 2934 
7694 3707 5209 1533 
7695 926 4265 927 
7696 627 4268 628 
7697 633 4270 634 
7698 734 4263 735 
7699 740 4264 741 
7700 527 4269 528 
7701 932 4266 933 
7702 585 4434 3733 
7703 1252 4281 4065 
7704 1523 5140 444 
7705 445 5140 1218 
7706 3733 4434 3731 
7707 1572 5276 126 
7708 3794 4461 4004 
7709 3531 4663 3147 
7710 1514 5147 666 
7711 667 5147 1094 
7712 3503 5090 116 
7713 2590 4708 2592 
7714 327 4347 326 
7715 3066 4917 4366 
7716 1473 1719 1474 
7717 3888 5028 3315 
7718 3966 4211 3967 
7719 3042 3043 2283 
7720 3818 3819 3817 
7721 3553 5407 3301 
7722 951 5077 1347 
7723 1876 5252 1875 
7724 1209 3551 3550 
7725 4626 5206 3358 
7726 759 5538 760 
7727 299 4564 298 
7728 3204 4865 2612 
7729 2565 4892 2564 
7730 1712 1816 1437 
7731 649 4345 650 
7732 3244 4952 2660 
7733 1996 5142 1904 
7734 4524 5169 1321 
7735 395 4100 1496 
7736 4096 5113 1727 
7737 3595 4158 1588 
7738 3083 5077 4066 
7739 3714 5235 1539 
7740 40 4817 1131 
7741 2314 3232 2312 
7742 4040 4793 3631 
7743 467 4349 468 
7744 1392 4513 1233 
7745 3674 4852 1087 
7746 202 3406 1229 
7747 549 4350 550 
7748 1229 4953 201 
7749 1030 3910 106 
7750 1496 3901 394 
7751 343 3900 1499 
7752 151 3897 1216 
7753 55 3898 1031 
7754 3023 3469 2023 
7755 107 4022 1030 
7756 203 3920 3406 
7757 1499 3924 342 
7758 1216 3987 150 
7759 2699 4673 2100 
7760 3029 4991 3295 
7761 3568 4674 3952 
7762 3940 4905 4297 
7763 3802 4855 3563 
7764 727 4351 728 
7765 2841 4964 3224 
7766 2149 5444 4125 
7767 896 5249 897 
7768 2480 5504 2088 
7769 2665 5467 4807 
7770 2255 4766 2720 
7771 904 5388 905 
7772 1425 2765 1754 
7773 613 5294 614 
7774 644 5301 645 
7775 616 5320 617 
7776 756 5328 757 
7777 2321 4728 3400 
7778 2673 4843 2674 
7779 646 5199 1352 
7780 1321 5169 3872 
7781 1163 5134 3781 
7782 3633 5468 5104 
7783 3225 4882 4468 
7784 1719 3628 1474 
7785 1325 5383 753 
7786 3912 5023 1571 
7787 1442 5373 638 
7788 3076 5355 3024 
7789 533 4287 534 
7790 1932 4860 537 
7791 538 4860 1371 
7792 1639 5545 1637 
7793 900 5307 1546 
7794 1359 5318 939 
7795 3832 5240 1036 
7796 2539 5230 3263 
7797 1236 4989 190 
7798 4269 4311 1696 
7799 3856 5300 1004 
7800 3095 4937 4041 
7801 5490 5502 4108 
7802 2275 4687 1936 
7803 3573 3574 1493 
7804 2458 4526 4215 
7805 1106 4527 4216 
7806 4215 4526 1726 
7807 4216 4527 2459 
7808 1224 5277 4615 
7809 1750 4608 4224 
7810 4223 4609 1748 
7811 3969 5093 370 
7812 1261 1262 1192 
7813 1015 4206 80 
7814 81 4139 1015 
7815 1497 3914 176 
7816 1498 3916 272 
7817 273 3913 1498 
7818 2457 4778 4199 
7819 2507 2509 2506 
7820 1016 4053 368 
7821 3866 4885 3865 
7822 3528 5133 1131 
7823 3415 4106 2994 
7824 1430 4421 1298 
7825 4394 4819 3268 
7826 2568 4585 4061 
7827 3738 4982 4661 
7828 3007 5296 4329 
7829 2084 5002 3013 
7830 1066 4746 3572 
7831 3878 5241 1202 
7832 3513 5310 3514 
7833 4036 4477 3805 
7834 4070 4866 4071 
7835 3517 5246 2932 
7836 1968 1969 1967 
7837 3996 5106 4231 
7838 1287 4745 3343 
7839 2272 5350 4071 
7840 4337 4810 3121 
7841 115 5090 1238 
7842 1012 3543 3522 
7843 1011 4318 3523 
7844 4320 5068 1257 
7845 3841 4585 1067 
7846 3985 4393 1500 
7847 4013 4014 1032 
7848 3383 4346 2528 
7849 1855 4648 2044 
7850 641 4365 642 
7851 3018 4869 4539 
7852 1455 1730 1454 
7853 1259 5174 4220 
7854 2892 5459 2103 
7855 2941 5427 5297 
7856 2352 5446 1785 
7857 4140 5080 3044 
7858 5010 5552 2070 
7859 4041 4937 1580 
7860 4038 4667 4398 
7861 4905 5281 1819 
7862 1480 4176 3958 
7863 2975 4659 4081 
7864 3827 5154 1560 
7865 2080 4714 2722 
7866 4233 5452 3145 
7867 1050 1161 1053 
7868 1183 1199 1138 
7869 1721 4760 1479 
7870 1423 5066 1636 
7871 1917 4296 1366 
7872 3364 5400 3539 
7873 3275 3278 3276 
7874 3467 5367 3607 
7875 3625 5288 3623 
7876 1710 1711 1432 
7877 2659 4705 2658 
7878 2181 4827 4377 
7879 4205 4575 1709 
7880 82 5219 4139 
7881 191 4605 1236 
7882 1205 3446 102 
7883 3771 4210 2467 
7884 1753 5131 1040 
7885 3012 5145 3045 
7886 4426 5533 4653 
7887 3873 4877 3377 
7888 3322 4646 3495 
7889 1752 5127 1196 
7890 1632 4154 736 
7891 530 4156 1291 
7892 737 4154 1292 
7893 1290 4153 631 
7894 1693 4152 629 
7895 630 4152 1290 
7896 532 4155 1628 
7897 632 4153 1694 
7898 929 4150 1293 
7899 931 4151 1695 
7900 1293 4151 930 
7901 1291 4155 531 
7902 1697 4150 928 
7903 1696 4156 529 
7904 1680 3493 1678 
7905 2115 2689 1687 
7906 3476 4844 4573 
7907 2870 2871 2869 
7908 2916 3501 2917 
7909 1749 4502 3687 
7910 1897 4936 1894 
7911 1612 5219 83 
7912 1574 4845 4107 
7913 3742 4827 2552 
7914 1208 4464 3549 
7915 162 5396 1481 
7916 1132 4347 327 
7917 2650 3465 2648 
7918 3660 4902 4285 
7919 3990 5396 163 
7920 871 4379 872 
7921 125 5276 1257 
7922 3903 3905 3904 
7923 1483 3508 3507 
7924 4483 5210 1240 
7925 4806 5069 4879 
7926 1318 5474 3868 
7927 1754 4814 4808 
7928 1375 4882 1729 
7929 2718 5534 4449 
7930 2728 5163 4813 
7931 3579 5047 4091 
7932 1966 1967 1965 
7933 2953 5439 4712 
7934 2922 4723 2923 
7935 4615 5277 3079 
7936 2788 4802 2789 
7937 1892 5204 1895 
7938 1081 1664 14 
7939 1219 4546 3715 
7940 2090 4586 4229 
7941 2086 2518 2517 
7942 2953 4547 1790 
7943 4267 5484 2489 
7944 3883 5340 1443 
7945 1809 2106 2105 
7946 724 4384 725 
7947 1331 1690 1377 
7948 2118 5381 4128 
7949 1609 5512 3891 
7950 1552 5182 3884 
7951 4409 4668 3908 
7952 3301 5407 4805 
7953 2367 4686 2989 
7954 2481 4438 2482 
7955 3904 3909 3902 
7956 1240 4280 1052 
7957 2630 2631 2544 
7958 4001 4626 4363 
7959 477 4337 2024 
7960 1919 3248 2153 
7961 2518 3636 2548 
7962 2558 2944 2691 
7963 1957 5122 5121 
7964 2904 4551 3026 
7965 2219 4608 4194 
7966 4193 4609 2218 
7967 2736 5412 4566 
7968 1791 2122 1806 
7969 4491 5223 1910 
7970 3916 4370 1158 
7971 1834 3894 2992 
7972 4321 4596 2253 
7973 3606 4191 2675 
7974 3299 4906 3559 
7975 4070 4071 2498 
7976 2338 3418 2337 
7977 3882 5486 2484 
7978 3386 4558 2863 
7979 4104 4688 3685 
7980 1224 4615 3676 
7981 3057 5390 3576 
7982 3177 3894 2282 
7983 1670 1671 1662 
7984 1368 4281 1250 
7985 3708 5440 1534 
7986 1081 4540 1664 
7987 3890 4615 3079 
7988 1690 4227 2939 
7989 1410 1626 1622 
7990 3897 4357 1216 
7991 4024 5544 4032 
7992 1096 4507 3753 
7993 1145 1620 1214 
7994 302 4392 301 
7995 1122 4439 4190 
7996 2538 5078 4563 
7997 2252 2931 2031 
7998 1656 3891 2862 
7999 2426 3590 767 
8000 2729 4885 3866 
8001 3947 4588 1376 
8002 3006 4446 3388 
8003 1596 4700 1917 
8004 2885 5399 2884 
8005 4465 5440 2584 
8006 1288 3604 711 
8007 3927 3928 3926 
8008 2999 4440 3401 
8009 1019 4390 159 
8010 4266 4267 2489 
8011 3242 4556 3243 
8012 1088 5413 3657 
8013 2813 5420 2816 
8014 2076 5217 3459 
8015 1462 3443 252 
8016 197 3440 1461 
8017 1463 3441 156 
8018 3682 3683 3681 
8019 1072 4685 3912 
8020 2961 4360 2962 
8021 2470 2763 2116 
8022 1950 4710 1788 
8023 1636 3341 1822 
8024 2946 5371 5097 
8025 3835 4388 3834 
8026 4231 5106 2873 
8027 4395 4559 1031 
8028 4396 4807 4505 
8029 2831 5356 2828 
8030 1795 1796 1793 
8031 2656 3647 3646 
8032 2636 4553 2637 
8033 4500 4838 2681 
8034 1242 4569 1194 
8035 624 4413 625 
8036 3108 3126 3107 
8037 2797 5465 2800 
8038 1365 3894 1595 
8039 3793 3796 3795 
8040 4052 4236 1939 
8041 2424 5464 4303 
8042 3806 3808 3804 
8043 1805 5367 3467 
8044 4370 4371 2519 
8045 4139 4792 1015 
8046 3728 3729 3727 
8047 2484 4311 4269 
8048 996 5365 4177 
8049 2707 3051 3050 
8050 3605 4563 1462 
8051 1749 4675 4502 
8052 4233 5260 1093 
8053 2590 2591 1848 
8054 1179 1635 1200 
8055 2390 2391 2389 
8056 2407 4180 2064 
8057 4723 4808 3637 
8058 1345 4987 4351 
8059 1458 4882 1338 
8060 2858 5048 4012 
8061 2503 4995 1830 
8062 1257 5068 4017 
8063 1521 4500 3750 
8064 3734 4377 3735 
8065 4842 5267 1694 
8066 3077 4496 2530 
8067 1343 4925 1455 
8068 4261 4517 1953 
8069 2642 3271 3270 
8070 1467 4565 1465 
8071 48 4416 47 
8072 1007 4601 822 
8073 1927 5423 3853 
8074 1820 4783 1818 
8075 1223 4624 3773 
8076 2482 5490 4108 
8077 1104 5380 4946 
8078 79 4418 78 
8079 4547 5041 1790 
8080 26 5149 816 
8081 5 5151 417 
8082 4041 5553 3095 
8083 2068 4302 3361 
8084 2894 4484 2701 
8085 2667 4510 4509 
8086 1008 4612 423 
8087 424 4612 1602 
8088 1379 1505 1426 
8089 2756 3074 2409 
8090 2749 2750 2465 
8091 4191 5291 2277 
8092 1710 1848 1711 
8093 3389 4656 4648 
8094 4642 5383 3578 
8095 3993 4735 4497 
8096 1079 1240 1052 
8097 1252 4065 1273 
8098 1110 4308 28 
8099 1273 1691 1275 
8100 4673 5098 2100 
8101 1136 1339 1204 
8102 896 5043 4192 
8103 4594 5127 3302 
8104 4599 5128 2988 
8105 2379 5089 1857 
8106 1615 5434 4218 
8107 263 5454 1488 
8108 1055 3427 304 
8109 1073 3426 208 
8110 337 3425 1058 
8111 3922 3923 3921 
8112 4597 5131 3303 
8113 4136 5094 2267 
8114 1424 4103 1961 
8115 1258 4626 4001 
8116 1076 5553 4041 
8117 4569 5128 1194 
8118 986 4321 1034 
8119 1560 4530 4163 
8120 3569 5515 3034 
8121 2499 5526 2153 
8122 3613 3617 3615 
8123 2187 3311 2471 
8124 1495 4571 277 
8125 3942 5035 3945 
8126 1379 1426 1414 
8127 984 5279 4366 
8128 2704 5313 4285 
8129 2320 4162 2144 
8130 4343 5228 1057 
8131 318 4784 317 
8132 2665 4807 4396 
8133 298 4564 1210 
8134 4398 4399 4020 
8135 4284 5515 4042 
8136 2463 2911 2159 
8137 2910 4705 2140 
8138 3918 4564 299 
8139 3343 4910 4462 
8140 584 4434 585 
8141 4192 5249 896 
8142 4684 5402 2437 
8143 4567 4832 2420 
8144 1526 4532 3764 
8145 3672 4665 1088 
8146 3578 4604 2397 
8147 1695 4266 932 
8148 528 4269 1696 
8149 1698 4264 740 
8150 735 4263 1632 
8151 628 4268 1693 
8152 1694 4270 633 
8153 927 4265 1697 
8154 4332 5380 1104 
8155 3743 4578 4077 
8156 2217 2726 2270 
8157 2466 3382 3242 
8158 4103 5224 3177 
8159 3468 5171 1692 
8160 2478 5387 2427 
8161 4255 4341 2515 
8162 1216 3988 3987 
8163 1319 4342 4207 
8164 3954 4292 3955 
8165 2694 4581 3352 
8166 4881 5045 4388 
8167 2730 2731 2273 
8168 1879 4159 1908 
8169 1432 1743 1431 
8170 1042 1046 1041 
8171 1400 1608 1433 
8172 3813 5106 1587 
8173 1448 1449 1447 
8174 1142 1189 1143 
8175 1141 1187 1140 
8176 1185 1191 1186 
8177 2144 2200 1925 
8178 4432 4774 1827 
8179 3329 5136 4598 
8180 2656 3646 2284 
8181 2862 4054 2861 
8182 1628 4287 533 
8183 3799 4316 4315 
8184 4108 5055 2406 
8185 2264 2609 2025 
8186 884 4437 885 
8187 3842 4804 4376 
8188 3934 3935 3933 
8189 943 4616 4314 
8190 1813 4137 1811 
8191 1504 4851 140 
8192 3985 5475 4393 
8193 3036 4870 2190 
8194 3417 5293 2959 
8195 1270 4644 1201 
8196 2746 4719 3711 
8197 1447 4424 2459 
8198 2458 4422 1185 
8199 2460 4423 1142 
8200 1259 5422 3975 
8201 2899 3371 2897 
8202 1402 1468 1401 
8203 3444 4769 4768 
8204 1264 4676 4474 
8205 2422 2531 2319 
8206 3521 5266 2950 
8207 2370 4495 1960 
8208 2556 4219 4127 
8209 3163 5516 3497 
8210 2016 2066 2065 
8211 2484 5486 4311 
8212 2896 5103 3890 
8213 4234 4568 3986 
8214 1238 5490 3982 
8215 2900 4546 4389 
8216 3509 4293 3508 
8217 3493 4472 1678 
8218 2468 4952 3244 
8219 1622 4411 1265 
8220 2067 4584 4115 
8221 2087 4078 1859 
8222 2483 4707 3964 
8223 1466 4082 1597 
8224 1496 3902 3901 
8225 1030 3911 3910 
8226 4360 5144 2052 
8227 3128 4977 3702 
8228 3189 5249 4192 
8229 3022 5349 3219 
8230 1429 1430 1298 
8231 3224 4963 4151 
8232 4489 4932 4931 
8233 2975 5239 4659 
8234 3583 3602 3584 
8235 1268 1404 1403 
8236 3861 5247 4380 
8237 1205 3447 3446 
8238 1168 5259 4898 
8239 2890 5064 2182 
8240 2411 4498 2412 
8241 1166 1167 1112 
8242 1069 1165 1164 
8243 1149 1182 1181 
8244 1074 5222 4147 
8245 3278 4325 3276 
8246 1667 2099 1666 
8247 1621 4130 2954 
8248 326 4536 325 
8249 4462 5101 3343 
8250 3078 4478 2165 
8251 1444 4452 546 
8252 2474 5552 5010 
8253 1723 2227 1930 
8254 2563 2678 2275 
8255 3735 3742 3741 
8256 3798 4315 2963 
8257 4347 4536 326 
8258 3766 5212 3202 
8259 200 4448 199 
8260 2420 3392 2419 
8261 2156 4556 3382 
8262 3804 4056 3803 
8263 4023 4245 4022 
8264 3921 4246 3920 
8265 2641 4950 3271 
8266 60 4897 3451 
8267 3214 4941 4086 
8268 4468 5183 2540 
8269 1958 2123 1725 
8270 3815 4121 3816 
8271 4621 5330 3425 
8272 3524 4188 1014 
8273 4480 5119 3981 
8274 925 5268 30 
8275 626 5272 16 
8276 17 5270 635 
8277 23 5271 742 
8278 733 5269 22 
8279 526 5273 9 
8280 31 5274 934 
8281 1269 1270 1201 
8282 3710 5287 4427 
8283 1595 3894 1834 
8284 3152 4326 3295 
8285 1504 5480 3348 
8286 3960 4639 3961 
8287 4046 4916 4541 
8288 1519 5462 3705 
8289 2772 2773 2770 
8290 1573 4363 4048 
8291 1481 4075 3536 
8292 4106 5477 2994 
8293 63 4459 62 
8294 4742 4972 1452 
8295 4563 5078 3444 
8296 2368 2989 2902 
8297 2014 2457 2212 
8298 3765 4660 1118 
8299 1149 5551 1655 
8300 2213 5478 4640 
8301 2257 2259 2258 
8302 1316 5044 4372 
8303 1847 2199 1964 
8304 3949 4451 2342 
8305 4188 4196 3000 
8306 2018 2348 1417 
8307 1418 2020 2019 
8308 1420 1421 1419 
8309 1107 4619 3706 
8310 3221 4930 4085 
8311 1742 4724 1761 
8312 1870 5067 4678 
8313 4549 5102 3820 
8314 1581 4621 3425 
8315 1541 4473 854 
8316 10 5265 535 
8317 4407 4886 3108 
8318 668 4488 669 
8319 3463 5161 3072 
8320 904 4926 4334 
8321 4627 4789 2352 
8322 4194 4696 2219 
8323 2218 4695 4193 
8324 3965 4217 1484 
8325 4141 5526 2499 
8326 1616 4657 4021 
8327 4399 4551 2148 
8328 3853 4419 4263 
8329 2551 4364 4226 
8330 3141 4697 3492 
8331 2996 5335 4511 
8332 2404 4069 2081 
8333 1636 5066 3341 
8334 3431 4809 1408 
8335 1109 1185 1110 
8336 1080 1142 1081 
8337 1446 1447 1445 
8338 1071 1140 1070 
8339 1540 4661 3719 
8340 4085 4930 820 
8341 821 4930 1007 
8342 2095 3628 1719 
8343 1869 4581 2694 
8344 3857 4691 1557 
8345 1000 1041 999 
8346 1239 1400 1399 
8347 1367 1431 1299 
8348 2608 4715 3191 
8349 1407 5458 3531 
8350 3297 4997 4996 
8351 4086 4941 421 
8352 422 4941 1008 
8353 4334 5388 904 
8354 1312 4787 4487 
8355 3576 4851 3348 
8356 3899 4252 3898 
8357 3792 4057 3793 
8358 4349 5378 1086 
8359 1013 4481 4480 
8360 2387 5063 4000 
8361 1954 4700 1835 
8362 1280 1379 1281 
8363 4263 4419 1632 
8364 4652 4691 3857 
8365 1140 4523 2461 
8366 3853 5423 4419 
8367 1870 4677 3556 
8368 1245 4569 1242 
8369 4053 4441 3934 
8370 1428 1479 1378 
8371 3954 3955 1501 
8372 3983 3984 1033 
8373 4344 4731 1419 
8374 1478 4444 4098 
8375 4198 4661 2639 
8376 4235 4503 2662 
8377 2134 4508 3185 
8378 2611 5355 4442 
8379 4279 4962 1647 
8380 3430 4959 4187 
8381 2184 4115 2672 
8382 2732 4522 2733 
8383 3413 4613 3338 
8384 1356 4652 3857 
8385 4161 5261 3269 
8386 3821 5185 1561 
8387 2042 4820 1854 
8388 3815 3816 1063 
8389 3104 5026 3105 
8390 3447 3449 3446 
8391 2395 4191 3606 
8392 4047 4466 1932 
8393 1478 4098 1652 
8394 3940 4545 3937 
8395 3895 4408 3878 
8396 4509 4510 1603 
8397 2710 4791 3008 
8398 1230 3407 247 
8399 2879 5476 3456 
8400 3792 3793 1492 
8401 4105 4400 3681 
8402 1442 4966 3511 
8403 3161 4368 4241 
8404 3526 4481 1013 
8405 1060 1197 1134 
8406 1274 1618 1253 
8407 1135 1619 1059 
8408 3427 4504 1590 
8409 1114 4693 3664 
8410 1393 1394 1392 
8411 1383 1385 1384 
8412 1328 1330 1329 
8413 4414 4821 2994 
8414 2580 3405 3404 
8415 277 4571 276 
8416 1300 1363 1276 
8417 3047 5071 3608 
8418 1295 5067 1870 
8419 2540 3534 1732 
8420 1152 5431 4277 
8421 3149 4854 2558 
8422 3525 4515 1585 
8423 4316 5002 2955 
8424 4384 4703 725 
8425 1061 3804 3803 
8426 1670 1672 1671 
8427 1368 4282 4281 
8428 1203 4734 1135 
8429 3046 5176 4984 
8430 2265 5094 3114 
8431 3497 5032 3165 
8432 4506 4828 2553 
8433 522 4516 523 
8434 1507 5146 4195 
8435 463 4538 464 
8436 1360 5457 5016 
8437 3129 5482 2443 
8438 4120 4303 4121 
8439 2993 3415 2994 
8440 4366 5279 3066 
8441 1566 5176 3856 
8442 4397 5467 2665 
8443 4471 4655 2954 
8444 4394 5261 3403 
8445 5496 5528 1623 
8446 5296 5548 3118 
8447 1159 3798 3797 
8448 1213 1267 1144 
8449 3694 3739 3738 
8450 1413 4523 1187 
8451 3321 4856 3636 
8452 30 5268 926 
8453 22 5269 734 
8454 634 5270 17 
8455 16 5272 627 
8456 741 5271 23 
8457 9 5273 527 
8458 933 5274 31 
8459 3939 3940 3937 
8460 4554 5521 3043 
8461 2678 4744 4084 
8462 4438 4835 2339 
8463 534 5265 10 
8464 3770 3771 3769 
8465 4917 5374 4366 
8466 4225 4675 1749 
8467 661 4528 1728 
8468 554 4527 1106 
8469 1727 4529 600 
8470 1726 4526 875 
8471 1679 1680 1678 
8472 757 5328 4415 
8473 1377 4635 1428 
8474 4298 4299 4040 
8475 999 4549 480 
8476 1299 4550 879 
8477 4415 5036 757 
8478 3695 4060 3693 
8479 2681 4838 4561 
8480 3016 4869 3018 
8481 2657 5405 4055 
8482 4874 5545 3206 
8483 4493 5253 1352 
8484 3365 4606 2268 
8485 3916 4371 4370 
8486 3468 5421 2976 
8487 280 4514 1156 
8488 1712 4174 1816 
8489 3798 4228 3797 
8490 3504 4180 2407 
8491 1237 5255 4011 
8492 480 4549 481 
8493 879 4550 880 
8494 1926 4537 979 
8495 1244 1245 1242 
8496 1139 1278 1184 
8497 4405 5233 2146 
8498 4338 5222 3991 
8499 5460 5485 2384 
8500 3952 4674 1575 
8501 4638 4916 4046 
8502 3583 3584 3265 
8503 3648 5191 2136 
8504 5043 5344 3188 
8505 2916 2917 2915 
8506 2616 4747 4400 
8507 855 5363 856 
8508 3495 5454 264 
8509 4739 4769 2114 
8510 3456 5123 2679 
8511 3145 5260 4233 
8512 3620 3624 3623 
8513 4859 5539 3535 
8514 1046 1380 1041 
8515 1400 1610 1608 
8516 1743 1744 1431 
8517 4396 4505 3900 
8518 3448 4251 3447 
8519 4373 5035 3942 
8520 3644 5307 899 
8521 1139 4780 1278 
8522 3455 4917 3066 
8523 3881 5118 3031 
8524 1806 1807 1805 
8525 1539 5235 4681 
8526 1031 4559 54 
8527 4758 5342 2640 
8528 1620 2201 1621 
8529 1974 4471 1971 
8530 1263 1337 1262 
8531 4096 5432 2333 
8532 3549 3593 3592 
8533 2851 5360 4670 
8534 2607 3191 2092 
8535 540 4541 541 
8536 1150 5377 4381 
8537 1725 3372 1435 
8538 3777 5536 1113 
8539 1585 4515 4338 
8540 2681 4828 4500 
8541 3617 5292 5193 
8542 1453 4424 1449 
8543 1189 4423 1412 
8544 1191 4422 1334 
8545 1997 5309 3231 
8546 4157 4907 3376 
8547 1054 4735 3993 
8548 3728 3730 3729 
8549 4131 5248 4132 
8550 4619 4801 3706 
8551 1169 4566 4044 
8552 2024 4960 2957 
8553 1624 1625 1421 
8554 2631 2633 2632 
8555 3380 4635 1690 
8556 2062 5126 2598 
8557 3612 3613 1490 
8558 1381 1417 1234 
8559 1232 1418 1390 
8560 1326 1419 1211 
8561 2695 5280 3297 
8562 969 4562 970 
8563 617 5320 4456 
8564 1618 5461 4306 
8565 2681 5522 4828 
8566 1465 4565 2226 
8567 3643 5307 3644 
8568 255 4555 254 
8569 4834 5437 1757 
8570 5190 5548 2782 
8571 4966 5065 2940 
8572 54 4559 53 
8573 1443 5340 4670 
8574 3961 4755 3972 
8575 2744 3016 3015 
8576 1352 5199 4493 
8577 2003 2149 1915 
8578 2364 2365 2177 
8579 2575 4649 2234 
8580 4643 4890 3174 
8581 3081 4183 1663 
8582 2563 4744 2678 
8583 541 4541 1280 
8584 4456 5072 617 
8585 2732 2733 2731 
8586 1331 4227 1690 
8587 2939 4401 2871 
8588 1333 5266 4516 
8589 3105 4922 1369 
8590 3689 4747 1227 
8591 2978 2979 1459 
8592 2982 2983 1460 
8593 1678 4472 1677 
8594 3479 5245 2698 
8595 3386 5329 3630 
8596 1271 1272 1270 
8597 3501 5389 3157 
8598 1179 1200 1180 
8599 3983 5019 3984 
8600 4249 4250 3448 
8601 2119 3575 1979 
8602 3028 4405 3458 
8603 4799 5046 1404 
8604 1938 4934 4739 
8605 1385 3236 1387 
8606 1330 3235 1341 
8607 4177 4178 3907 
8608 3377 5356 2831 
8609 4192 5043 3188 
8610 1799 4611 4444 
8611 3637 4697 3141 
8612 3404 4972 4742 
8613 1339 5371 4083 
8614 1436 1437 1389 
8615 1371 4638 4046 
8616 1797 2656 2284 
8617 1434 1435 1402 
8618 4663 5458 228 
8619 1410 1622 1265 
8620 2459 5257 4216 
8621 4215 5256 2458 
8622 1572 5280 3490 
8623 3075 3640 3074 
8624 918 5158 919 
8625 1649 4199 1665 
8626 3092 5267 4842 
8627 3123 3125 2645 
8628 2426 5387 3590 
8629 2941 3187 2750 
8630 2095 4864 3628 
8631 4450 4451 3949 
8632 4408 5543 2096 
8633 3064 5181 2176 
8634 998 4750 4002 
8635 2716 4632 2718 
8636 3568 5145 3012 
8637 3584 3603 2180 
8638 1554 4658 4061 
8639 2535 2536 2113 
8640 2209 2411 2013 
8641 1890 5204 1892 
8642 3679 5010 4389 
8643 4453 4749 1555 
8644 4463 4958 4701 
8645 2592 4708 4382 
8646 3973 5365 996 
8647 1884 5200 1886 
8648 940 4589 941 
8649 4403 5447 3770 
8650 1597 4082 1945 
8651 3000 4479 4188 
8652 3137 4357 3136 
8653 3563 4855 2548 
8654 1870 4678 4067 
8655 2040 4340 2671 
8656 4338 4515 2766 
8657 3629 4164 1043 
8658 3632 4165 1503 
8659 3552 3594 3550 
8660 4707 5152 1489 
8661 647 4591 648 
8662 4145 5184 1693 
8663 3534 4981 1342 
8664 692 4603 693 
8665 3727 4259 3734 
8666 3668 4627 3790 
8667 1027 4647 3989 
8668 3289 5137 4355 
8669 4502 5284 3687 
8670 4224 4608 2219 
8671 2218 4609 4223 
8672 3765 4891 4660 
8673 4026 5343 3539 
8674 1586 5436 3630 
8675 1781 5225 2279 
8676 4605 5031 1236 
8677 189 4592 188 
8678 4124 5444 2203 
8679 2061 2257 2256 
8680 4735 5390 3606 
8681 4209 5150 1538 
8682 4705 5003 2140 
8683 5111 5284 2881 
8684 1797 2284 1798 
8685 3554 5170 2576 
8686 4532 5004 3764 
8687 3115 4955 4678 
8688 4683 4812 3580 
8689 3394 4614 2361 
8690 1757 5437 1686 
8691 3545 4969 4550 
8692 1800 4648 1855 
8693 1404 1629 1617 
8694 3613 3615 3614 
8695 69 4610 68 
8696 2046 5496 1623 
8697 2501 5545 4874 
8698 2530 4496 2654 
8699 1001 5347 3641 
8700 4285 4902 2714 
8701 4227 4884 4221 
8702 2066 4124 2065 
8703 3682 3684 3683 
8704 4361 5535 2150 
8705 1126 4628 3752 
8706 557 4620 558 
8707 942 4616 943 
8708 1415 1645 1363 
8709 439 4622 440 
8710 1408 4784 318 
8711 1677 1722 1675 
8712 2022 2023 1999 
8713 2163 3308 2162 
8714 2194 4617 3019 
8715 4747 4956 1227 
8716 2191 2885 2414 
8717 1977 4655 4471 
8718 1546 4804 3842 
8719 4307 5151 5 
8720 1189 1412 1284 
8721 1191 1334 1260 
8722 1451 1453 1449 
8723 1286 1413 1187 
8724 177 4848 1497 
8725 1722 5218 1675 
8726 2598 5126 3596 
8727 2424 4303 4120 
8728 3374 4769 3084 
8729 3845 4762 1359 
8730 2916 5172 3501 
8731 4313 5149 26 
8732 2252 5049 2931 
8733 4444 4656 4098 
8734 1294 1295 1267 
8735 4786 5474 1318 
8736 1625 4934 1938 
8737 1033 4211 3966 
8738 3683 4105 3681 
8739 4030 4843 2673 
8740 595 4633 596 
8741 1462 4563 3444 
8742 4429 5496 2971 
8743 1935 3042 2283 
8744 3674 5027 2745 
8745 1176 4242 3525 
8746 3360 4536 4347 
8747 3435 4720 2315 
8748 4382 5243 3135 
8749 4012 5048 2952 
8750 1665 4199 1820 
8751 3451 4897 3266 
8752 3510 5125 3349 
8753 1290 4570 4153 
8754 4351 4987 3435 
8755 2044 4648 2224 
8756 4512 4904 2210 
8757 1197 1231 1198 
8758 2447 5424 5092 
8759 3592 4726 1076 
8760 2952 4119 2685 
8761 4803 5335 4455 
8762 4585 5345 1067 
8763 3418 4873 1994 
8764 3537 5431 1152 
8765 1713 5243 4382 
8766 2133 4630 2132 
8767 3218 3231 3053 
8768 1574 3428 34 
8769 1407 3429 226 
8770 1573 3430 322 
8771 140 4851 139 
8772 4356 5391 2577 
8773 1449 4424 1447 
8774 1142 4423 1189 
8775 1185 4422 1191 
8776 1698 5414 4114 
8777 4114 5414 1292 
8778 1482 3538 3537 
8779 4475 4869 3016 
8780 1713 4382 4308 
8781 3799 4315 3798 
8782 2262 5441 5082 
8783 754 4642 755 
8784 822 4601 823 
8785 2682 5133 3528 
8786 61 4897 60 
8787 2434 4447 3543 
8788 3706 4801 1531 
8789 991 4593 3464 
8790 3805 3806 3804 
8791 3793 3795 3794 
8792 3283 5415 3282 
8793 3693 4825 3694 
8794 2659 5003 4705 
8795 1488 5454 4646 
8796 196 4636 195 
8797 1746 3153 1631 
8798 3816 3818 3817 
8799 369 5093 1016 
8800 1976 1977 1974 
8801 1486 4667 4038 
8802 1365 1595 1366 
8803 4204 5278 2370 
8804 3955 3957 3956 
8805 3035 4672 3577 
8806 4693 5153 3664 
8807 4755 4832 1491 
8808 990 1790 1789 
8809 1023 1040 985 
8810 1193 1194 988 
8811 1660 1661 1659 
8812 986 1034 1024 
8813 991 2238 1792 
8814 1039 1083 1082 
8815 1195 1196 989 
8816 3449 4450 3800 
8817 2382 4568 4234 
8818 4426 4653 1095 
8819 4558 4793 2151 
8820 4241 5516 3163 
8821 1463 4788 3442 
8822 1949 4795 3945 
8823 2650 4511 3465 
8824 3848 4866 1228 
8825 423 4612 424 
8826 1050 1053 1051 
8827 1049 1052 1048 
8828 1241 1243 1242 
8829 1250 1252 1251 
8830 1139 1183 1138 
8831 3763 4759 1097 
8832 3271 4490 3272 
8833 2826 5356 4877 
8834 1087 4852 3756 
8835 1794 2074 1795 
8836 1187 4523 1140 
8837 2675 4732 4497 
8838 3975 4845 1574 
8839 1394 5298 1392 
8840 4010 4213 4212 
8841 1386 5528 4429 
8842 4660 5212 1118 
8843 1935 4687 3042 
8844 2339 4835 2203 
8845 4031 5374 1504 
8846 200 4953 4448 
8847 2428 2429 2427 
8848 2893 5486 4460 
8849 1028 3504 3503 
8850 1462 3444 3443 
8851 1463 3442 3441 
8852 4502 4675 2943 
8853 2658 4705 4146 
8854 2474 5010 3679 
8855 761 4669 1307 
8856 1278 1372 1279 
8857 1246 1362 1245 
8858 1227 4956 3716 
8859 1960 4495 4494 
8860 2637 2758 2757 
8861 1774 4961 1776 
8862 2358 4870 4014 
8863 228 4968 4663 
8864 2009 4668 4409 
8865 3601 4654 994 
8866 516 4676 517 
8867 2684 4834 2231 
8868 3551 3552 3550 
8869 3222 5334 4504 
8870 1714 3090 2194 
8871 2429 2993 2478 
8872 2144 4162 2200 
8873 2320 4374 4162 
8874 2971 5496 2046 
8875 4942 5182 1552 
8876 3641 5347 2995 
8877 1682 1683 1439 
8878 1441 1685 1684 
8879 1466 1467 1465 
8880 1343 1455 1454 
8881 1217 1254 1199 
8882 2463 4375 2911 
8883 2175 4232 2191 
8884 1538 5029 3562 
8885 1744 5315 4425 
8886 2220 4675 4225 
8887 220 4659 1209 
8888 3046 4522 2732 
8889 2626 4607 2739 
8890 2884 5399 3496 
8891 3903 3904 3902 
8892 2592 3134 2591 
8893 2949 5498 5081 
8894 1322 4682 917 
8895 1154 4699 4025 
8896 1417 4695 1234 
8897 1232 4696 1418 
8898 2962 4359 4176 
8899 1419 4731 1211 
8900 2333 4404 4097 
8901 2996 4511 2650 
8902 1476 1478 1477 
8903 2369 4912 3555 
8904 2602 4954 2604 
8905 3169 5142 1996 
8906 2599 4630 2389 
8907 2702 4925 3760 
8908 1977 4471 1974 
8909 3658 4895 1100 
8910 2889 5022 4144 
8911 2493 4753 2201 
8912 2600 4982 3739 
8913 1646 4428 3459 
8914 3711 4719 1225 
8915 1277 1301 1300 
8916 1377 1428 1378 
8917 1804 4109 1802 
8918 674 4702 675 
8919 3216 5222 4338 
8920 3972 4755 1491 
8921 1405 1406 1295 
8922 3353 5258 4035 
8923 3503 5542 3585 
8924 1709 5407 3553 
8925 995 4666 3597 
8926 725 4703 726 
8927 2583 4160 2581 
8928 2547 3380 2865 
8929 1563 4907 4157 
8930 2654 4643 3306 
8931 4290 4789 3668 
8932 1438 1439 1413 
8933 1412 1441 1440 
8934 1464 1465 1453 
8935 1334 1343 1342 
8936 3865 4885 1548 
8937 2342 4457 3950 
8938 2388 5520 5303 
8939 2844 4877 3873 
8940 52 4690 1615 
8941 1168 4898 3659 
8942 3790 5220 1515 
8943 4117 4748 2614 
8944 1502 4803 3994 
8945 1959 1960 1716 
8946 2616 4400 4105 
8947 4470 5213 2572 
8948 1457 1623 1388 
8949 2918 4694 2531 
8950 1105 4838 3748 
8951 4159 4924 1908 
8952 3566 5319 2655 
8953 1346 4777 3827 
8954 2902 5533 4426 
8955 469 4721 470 
8956 2284 4923 2285 
8957 5129 5162 1469 
8958 1553 4781 3832 
8959 3736 5305 1750 
8960 1748 5304 3737 
8961 3647 5057 1243 
8962 1231 1256 1255 
8963 3708 5107 3041 
8964 3994 4803 4455 
8965 3473 5315 2189 
8966 1505 1667 1666 
8967 3265 4704 2196 
8968 2202 5326 3570 
8969 3190 5422 4220 
8970 2548 4856 3563 
8971 1573 4048 3430 
8972 3507 4294 1025 
8973 1597 1598 1467 
8974 5195 5299 2951 
8975 4770 5277 1224 
8976 1385 1387 1386 
8977 1330 1341 1340 
8978 1395 1396 1394 
8979 1920 4221 1617 
8980 5027 5523 2073 
8981 3341 5066 2761 
8982 4151 4963 1695 
8983 3611 4709 1020 
8984 1788 4710 1786 
8985 1331 1332 1272 
8986 157 4754 1463 
8987 2571 4431 3137 
8988 1962 5357 4951 
8989 3199 5049 2252 
8990 2268 4606 2626 
8991 1958 4387 2123 
8992 4303 5464 2131 
8993 3271 4950 4490 
8994 2264 5238 2609 
8995 4970 5394 3254 
8996 4240 5058 3493 
8997 4355 4815 3746 
8998 2622 4352 3371 
8999 1372 1473 1373 
9000 1420 2321 1624 
9001 4177 5501 996 
9002 4195 5146 3193 
9003 518 4737 519 
9004 4107 4845 3190 
9005 2870 2939 2871 
9006 1835 4700 1596 
9007 3787 4810 1282 
9008 3483 5075 2653 
9009 3138 5380 4332 
9010 1378 4278 1332 
9011 3462 5483 2246 
9012 1292 5414 738 
9013 739 5414 1698 
9014 4098 4656 3389 
9015 3229 5378 4349 
9016 1522 4902 3660 
9017 3076 4876 4442 
9018 4124 4835 2481 
9019 2220 5115 4675 
9020 4428 4429 2971 
9021 4700 4701 1917 
9022 1266 1411 1410 
9023 1426 1427 1414 
9024 3755 4946 4641 
9025 3938 3941 3939 
9026 1849 2021 1999 
9027 1632 4985 4154 
9028 1042 1047 1046 
9029 1608 1609 1433 
9030 3523 4319 1470 
9031 1141 1188 1187 
9032 1189 1190 1143 
9033 1448 1450 1449 
9034 1191 1192 1186 
9035 1936 4687 1935 
9036 3570 3572 2979 
9037 2985 3343 2983 
9038 4012 5255 2858 
9039 3909 5088 4058 
9040 3206 5545 3207 
9041 1116 4767 3788 
9042 2078 5506 4105 
9043 3489 4805 1416 
9044 3763 4994 4759 
9045 4257 5339 1346 
9046 3788 4767 3398 
9047 3906 5501 4177 
9048 2880 4916 4638 
9049 3096 3419 3094 
9050 2742 4353 2404 
9051 4330 4519 2490 
9052 1713 4308 1110 
9053 1580 4800 3629 
9054 4176 4359 3927 
9055 779 4770 780 
9056 3007 5548 5296 
9057 4044 5412 3423 
9058 4252 5059 4395 
9059 1529 4891 3765 
9060 1609 5135 3892 
9061 2970 4687 2275 
9062 1987 1988 1851 
9063 1338 1374 1337 
9064 3173 3174 3170 
9065 2081 4182 1987 
9066 1912 2014 1722 
9067 3207 5545 1639 
9068 3982 5019 3983 
9069 1083 5136 4780 
9070 3338 3340 3339 
9071 4660 4891 3203 
9072 4733 5137 3290 
9073 4418 5342 1614 
9074 2982 2984 2983 
9075 2978 2980 2979 
9076 3552 4298 3594 
9077 1646 4429 4428 
9078 2053 4542 2857 
9079 1216 4357 3988 
9080 2685 2884 2684 
9081 4156 5025 3466 
9082 189 4989 4592 
9083 3400 4973 2327 
9084 4475 4476 1873 
9085 995 4876 4666 
9086 1052 4280 1048 
9087 653 4787 654 
9088 1873 4869 4475 
9089 4203 4506 2553 
9090 2259 2539 2260 
9091 2579 2580 2578 
9092 3081 4204 4183 
9093 1670 4740 1672 
9094 4926 5302 3195 
9095 2170 2377 2175 
9096 3809 5017 4055 
9097 4275 5308 1220 
9098 3131 5149 4313 
9099 2882 5184 4145 
9100 2161 2162 2029 
9101 1920 4401 4221 
9102 3179 5150 4209 
9103 1368 4706 4282 
9104 3608 5071 1356 
9105 4647 5139 3989 
9106 4425 4969 3545 
9107 4455 5335 2996 
9108 4766 5017 4988 
9109 1610 2189 2188 
9110 1353 4970 4066 
9111 1108 4821 4414 
9112 4020 5215 4057 
9113 3908 4668 3904 
9114 1813 4138 4137 
9115 1673 1747 1671 
9116 4069 4353 2353 
9117 3459 4939 1646 
9118 1192 4331 1186 
9119 2616 5506 5191 
9120 4664 5449 3481 
9121 1498 4371 3916 
9122 4600 5216 3005 
9123 4376 4804 2849 
9124 2667 5244 4510 
9125 4107 4577 3428 
9126 3016 3018 3017 
9127 2374 4748 4117 
9128 3612 4135 3613 
9129 1662 4322 1715 
9130 2619 5358 4106 
9131 3487 3489 3488 
9132 4363 4626 3359 
9133 3084 4739 2385 
9134 1814 5037 4836 
9135 4000 4196 1472 
9136 3871 4826 1927 
9137 4849 5375 1321 
9138 4250 4251 3448 
9139 3636 4856 2548 
9140 1561 5185 4716 
9141 1485 4992 4173 
9142 1392 5297 4513 
9143 1729 5066 1423 
9144 4146 4919 2937 
9145 178 4848 177 
9146 3774 5034 1119 
9147 3583 5541 3602 
9148 2657 5417 5405 
9149 3428 4186 33 
9150 3430 4187 321 
9151 3429 4185 225 
9152 3911 4489 4243 
9153 3327 5242 3445 
9154 1472 4196 3524 
9155 3455 4841 2164 
9156 3796 4236 3795 
9157 3363 5168 3117 
9158 3294 5262 3293 
9159 2123 3372 1725 
9160 4166 5450 2381 
9161 4641 4946 3139 
9162 2369 2370 1960 
9163 3152 3295 2122 
9164 1797 1798 1796 
9165 1529 5153 4891 
9166 3150 5151 4307 
9167 4210 5447 2431 
9168 4922 4923 2284 
9169 4678 4829 4067 
9170 3421 4262 4174 
9171 1959 2721 2369 
9172 2457 4913 2212 
9173 639 4811 640 
9174 4545 5073 3935 
9175 2739 4339 3557 
9176 940 5318 4589 
9177 2433 4689 4679 
9178 2277 3575 2119 
9179 4659 5239 1209 
9180 1347 4736 4369 
9181 2976 5421 3650 
9182 4442 5258 3353 
9183 4117 5406 2372 
9184 3458 4718 1985 
9185 4153 4842 1694 
9186 2131 5351 4965 
9187 4445 5227 2903 
9188 1256 2282 1365 
9189 1027 5155 4647 
9190 2225 4925 1343 
9191 3617 3618 3615 
9192 2738 5004 4532 
9193 2271 4533 3642 
9194 3934 3936 3935 
9195 1337 4823 1262 
9196 2890 5220 3790 
9197 2201 4753 4130 
9198 3447 3450 3449 
9199 1250 4281 1252 
9200 1912 2165 2014 
9201 4022 4245 1030 
9202 3920 4246 3406 
9203 1474 1475 1373 
9204 1715 1959 1716 
9205 4451 5473 2342 
9206 3176 3177 2282 
9207 4302 4775 2536 
9208 41 4817 40 
9209 3819 4373 4208 
9210 4356 4435 2011 
9211 1468 4159 1879 
9212 3040 5036 4415 
9213 1405 4512 1639 
9214 3905 3908 3904 
9215 3894 5224 2992 
9216 1340 1634 1329 
9217 4711 4975 1786 
9218 3026 4399 4398 
9219 5191 5506 2136 
9220 1913 3352 2375 
9221 4201 4534 1161 
9222 4318 4433 2690 
9223 1948 4324 1916 
9224 2486 4957 4265 
9225 2950 5459 3521 
9226 1677 4472 1912 
9227 4082 4083 2712 
9228 1119 5034 4914 
9229 1611 4908 3969 
9230 316 4816 1208 
9231 3898 4252 1031 
9232 3075 4645 3640 
9233 1981 4412 1976 
9234 1365 1366 1255 
9235 3892 5135 5130 
9236 4774 4955 1827 
9237 3167 4801 4619 
9238 3647 5498 1663 
9239 4054 4406 1815 
9240 910 4849 911 
9241 2723 4951 2227 
9242 4747 5191 4956 
9243 1790 5041 3151 
9244 2936 5291 4191 
9245 1634 5170 3554 
9246 1389 1457 1388 
9247 1397 1456 1398 
9248 4311 5025 1696 
9249 2435 4688 4104 
9250 4122 4479 2424 
9251 2021 4903 3516 
9252 3342 5463 2331 
9253 3900 4505 1499 
9254 2410 4818 3250 
9255 3457 4915 1505 
9256 3807 4297 3806 
9257 3621 4711 4710 
9258 1849 1998 1711 
9259 2033 5366 2235 
9260 4661 4982 2639 
9261 1471 4623 3526 
9262 4587 5317 2151 
9263 1921 4950 3248 
9264 1160 4219 3595 
9265 3664 5153 1529 
9266 4242 4515 3525 
9267 3764 5004 1127 
9268 1202 4872 515 
9269 1684 2076 1440 
9270 1464 1944 1466 
9271 1438 2077 1682 
9272 1043 4164 3979 
9273 1503 4165 4010 
9274 4470 5439 4540 
9275 4292 4454 3955 
9276 754 5383 4642 
9277 2199 4650 1964 
9278 1395 1633 1397 
9279 4034 4876 995 
9280 2672 4584 4254 
9281 1429 5407 1709 
9282 3261 3262 2512 
9283 1524 4994 3763 
9284 4863 5492 2126 
9285 537 4860 538 
9286 3319 5509 3317 
9287 3176 5408 1961 
9288 3771 5447 4210 
9289 3269 5261 4394 
9290 3387 5408 2751 
9291 3593 4726 3592 
9292 1090 5163 3723 
9293 3177 5224 3894 
9294 1571 4911 3997 
9295 3702 4977 1101 
9296 1391 1393 1392 
9297 1383 1384 1382 
9298 1328 1329 1327 
9299 1377 1378 1332 
9300 2556 5381 2117 
9301 1016 4441 4053 
9302 2191 4232 2885 
9303 919 5158 1323 
9304 2447 5092 3357 
9305 4372 5044 3183 
9306 3795 5546 3794 
9307 1341 1402 1401 
9308 1154 5167 4699 
9309 1844 4753 4692 
9310 4252 4395 1031 
9311 1397 1398 1396 
9312 1387 1389 1388 
9313 1064 5172 3992 
9314 1119 4914 3747 
9315 3296 5388 4334 
9316 4168 5054 1475 
9317 1355 4888 887 
9318 4048 4959 3430 
9319 1404 5046 1629 
9320 1217 1843 1297 
9321 4368 4867 1542 
9322 3551 4552 3552 
9323 4494 4495 2595 
9324 4836 5037 2513 
9325 1297 1364 1254 
9326 5081 5498 2656 
9327 1427 2209 2013 
9328 1500 5251 4171 
9329 3630 5329 1044 
9330 1062 4861 3812 
9331 3442 5418 5155 
9332 5262 5368 5295 
9333 3818 4757 3819 
9334 3917 5156 1130 
9335 1476 1477 1475 
9336 2021 2751 2022 
9337 1180 4644 1909 
9338 1671 4322 1662 
9339 4067 4677 1870 
9340 2146 4718 3458 
9341 2231 4834 2007 
9342 1420 1624 1421 
9343 3343 5101 1287 
9344 2140 5003 1956 
9345 1917 4958 4296 
9346 1896 5346 1898 
9347 4214 4553 2636 
9348 1795 1797 1796 
9349 1729 4882 3225 
9350 4447 5129 3543 
9351 2881 5284 4502 
9352 3735 4377 3742 
9353 4699 5343 4025 
9354 4541 4916 3457 
9355 2173 5523 5027 
9356 2743 5413 4665 
9357 2877 4700 1954 
9358 2575 4959 4048 
9359 2417 4574 2391 
9360 1261 1263 1262 
9361 1491 4832 3801 
9362 2715 4560 2705 
9363 1156 5425 5288 
9364 2943 5115 4344 
9365 1305 4926 903 
9366 2294 5398 2292 
9367 2596 2949 2074 
9368 1375 1422 1374 
9369 1505 1666 1426 
9370 4430 5309 1762 
9371 4043 4990 4127 
9372 1848 1849 1711 
9373 2946 4840 4534 
9374 2227 4525 1930 
9375 2044 2224 2222 
9376 2685 4119 2884 
9377 1322 5370 4682 
9378 2407 5542 3504 
9379 2409 4374 2320 
9380 3812 4861 3813 
9381 2023 5138 1999 
9382 4461 5546 4397 
9383 2465 4375 2463 
9384 2224 4656 4444 
9385 3669 5148 1102 
9386 4675 5115 2943 
9387 1844 4692 1708 
9388 3754 4946 3755 
9389 4720 4987 3283 
9390 3663 4847 1528 
9391 1461 4976 3362 
9392 2637 2757 2635 
9393 2952 5117 4012 
9394 993 4918 94 
9395 1398 5327 1396 
9396 3034 5515 4284 
9397 1083 4780 1139 
9398 5040 5517 2079 
9399 3580 4812 2588 
9400 4611 4717 3011 
9401 720 4947 1360 
9402 1166 1232 1167 
9403 1165 1234 1164 
9404 1182 1211 1181 
9405 3950 4457 4217 
9406 4807 5467 2354 
9407 1620 1621 1214 
9408 3629 4800 4164 
9409 2707 3050 2550 
9410 3065 5279 4260 
9411 4922 5042 1369 
9412 3509 5283 4293 
9413 3344 4748 2374 
9414 4270 5267 2488 
9415 2953 4712 4547 
9416 2022 3023 2023 
9417 3064 5251 4393 
9418 3616 3621 3620 
9419 2771 5290 2772 
9420 1183 1217 1199 
9421 2159 4387 1958 
9422 4474 4676 2945 
9423 2876 5186 4783 
9424 1353 5394 4970 
9425 4638 5476 2879 
9426 4112 5327 1398 
9427 4666 4876 3076 
9428 3700 5091 3228 
9429 201 4953 200 
9430 2602 2604 2020 
9431 2348 4391 2350 
9432 4640 5478 2010 
9433 4045 4881 3835 
9434 2113 4857 2055 
9435 4161 5232 1444 
9436 4334 4926 3195 
9437 5143 5240 3039 
9438 3926 5292 4135 
9439 2620 4352 2622 
9440 2876 2877 1954 
9441 1672 1674 1673 
9442 2710 5102 4791 
9443 1349 4974 718 
9444 2652 5485 4023 
9445 3638 4732 1215 
9446 3338 3339 3336 
9447 2018 2907 2348 
9448 864 4998 865 
9449 1369 5042 1241 
9450 2366 3206 2365 
9451 1249 4183 1266 
9452 3330 5056 3331 
9453 1935 2283 1301 
9454 2816 5216 3296 
9455 4011 5255 4012 
9456 2462 5160 3382 
9457 3705 5099 1177 
9458 3081 5278 4204 
9459 4199 4778 1820 
9460 2407 5055 3585 
9461 1862 5120 1860 
9462 4771 5255 1237 
9463 4132 5248 3182 
9464 4732 4843 1215 
9465 4987 5415 3283 
9466 3443 4768 1175 
9467 1668 5026 3104 
9468 4188 4479 4122 
9469 190 4989 189 
9470 3049 5202 4691 
9471 5082 5152 2921 
9472 1207 4968 229 
9473 1696 5025 4156 
9474 1263 1458 1338 
9475 3554 4973 1634 
9476 4759 4994 3111 
9477 2874 5139 4647 
9478 1118 5212 3766 
9479 3632 5228 4165 
9480 1064 5389 5172 
9481 1200 1201 1180 
9482 1314 5011 652 
9483 721 5016 722 
9484 548 5024 1162 
9485 1298 4421 1203 
9486 1102 5148 5107 
9487 4511 5335 2208 
9488 2204 4664 3481 
9489 1711 4402 1432 
9490 2018 3459 2907 
9491 2177 4822 1981 
9492 1364 4819 1254 
9493 4127 4219 1160 
9494 2205 4854 3149 
9495 3549 4464 3593 
9496 3811 5226 1502 
9497 892 5028 893 
9498 3546 5102 4549 
9499 3595 4219 4158 
9500 1423 1424 1422 
9501 1808 1809 1807 
9502 639 5373 4811 
9503 3927 4359 3928 
9504 1019 5385 4779 
9505 1484 4499 3599 
9506 2077 4583 4279 
9507 3310 5162 5129 
9508 2047 4871 2405 
9509 4521 4784 1408 
9510 1019 4779 4390 
9511 1244 1247 1246 
9512 1279 4253 1184 
9513 4424 5257 2459 
9514 2458 5256 4422 
9515 1425 1606 1364 
9516 758 5036 1306 
9517 1882 5110 4115 
9518 614 5044 615 
9519 4694 5173 2531 
9520 1587 5106 3996 
9521 2915 2918 2532 
9522 820 4930 821 
9523 1241 5042 1243 
9524 370 5093 369 
9525 3572 4746 2979 
9526 1304 5043 895 
9527 4639 5088 2213 
9528 3602 5541 1487 
9529 3343 4745 2983 
9530 1404 1617 1403 
9531 3164 3547 3162 
9532 2215 4506 4203 
9533 4299 4793 4040 
9534 4896 4972 3488 
9535 3981 5119 1583 
9536 4172 5282 2232 
9537 1998 5138 3892 
9538 4294 5227 1025 
9539 1672 1673 1671 
9540 2633 3225 2632 
9541 2329 3554 2383 
9542 3310 4447 2216 
9543 4450 5159 4451 
9544 1165 1235 1234 
9545 1232 1233 1167 
9546 1182 1212 1211 
9547 421 4941 422 
9548 1406 5067 1295 
9549 1708 4692 1430 
9550 3364 5343 4699 
9551 4692 4753 2493 
9552 2546 4635 3380 
9553 4074 5062 3391 
9554 2767 4697 3637 
9555 4034 5258 4876 
9556 2365 4822 2177 
9557 3422 5495 2297 
9558 1269 1271 1270 
9559 3750 4785 4486 
9560 3438 4722 4348 
9561 4214 5080 1569 
9562 1015 4792 3502 
9563 4398 4667 3026 
9564 934 5274 2489 
9565 2484 5273 526 
9566 635 5270 2488 
9567 742 5271 2487 
9568 2485 5272 626 
9569 3853 5269 733 
9570 2486 5268 925 
9571 1849 4903 2021 
9572 2984 2986 2985 
9573 2980 3571 3570 
9574 1084 5033 3919 
9575 1967 4130 1965 
9576 618 5072 1317 
9577 3112 3418 2338 
9578 1323 5247 3861 
9579 3073 4722 3438 
9580 2639 5550 4662 
9581 1300 1415 1363 
9582 1355 5306 4888 
9583 4821 5387 2478 
9584 950 5077 951 
9585 2245 2433 2243 
9586 1663 4183 1249 
9587 3602 3603 3584 
9588 1541 5085 4473 
9589 3526 4623 4481 
9590 3687 5284 1163 
9591 1743 4276 1744 
9592 1610 2188 1608 
9593 1530 5091 3700 
9594 3995 5174 1259 
9595 1469 5162 4610 
9596 5099 5295 1177 
9597 1493 4855 3802 
9598 3924 5056 3330 
9599 1275 1277 1276 
9600 4075 5385 3536 
9601 2180 4704 3584 
9602 4815 5466 1527 
9603 4561 5522 2681 
9604 1113 5536 4830 
9605 1683 4229 2192 
9606 1990 1991 1685 
9607 3250 5233 3251 
9608 1362 2579 2578 
9609 1102 5107 3708 
9610 4671 5116 3247 
9611 4262 4760 2377 
9612 1375 1423 1422 
9613 3382 5160 2156 
9614 1197 1198 1134 
9615 3225 4468 2632 
9616 4095 5536 3777 
9617 116 5090 115 
9618 4048 4649 2575 
9619 2949 5081 2074 
9620 1249 1266 1265 
9621 2404 4353 4069 
9622 2764 4814 2763 
9623 3094 4517 2760 
9624 1213 1294 1267 
9625 4057 5215 3796 
9626 5156 5359 1130 
9627 1945 4082 2712 
9628 4516 5266 3521 
9629 2375 4581 3567 
9630 2931 5049 4340 
9631 3598 5386 1487 
9632 2249 4432 2247 
9633 2132 4324 1948 
9634 3989 5139 1584 
9635 1658 4436 3298 
9636 3206 3207 2365 
9637 5288 5425 3623 
9638 3401 5018 4089 
9639 3382 4556 3242 
9640 859 5124 860 
9641 3096 4385 3419 
9642 1752 4305 4304 
9643 1335 5246 4336 
9644 27 5551 1149 
9645 4536 5206 1258 
9646 3486 3487 3405 
9647 2680 4785 4506 
9648 1252 1253 1251 
9649 1243 1244 1242 
9650 1049 1060 1052 
9651 1139 1184 1183 
9652 1053 1059 1051 
9653 1753 4310 4309 
9654 2377 4680 4262 
9655 1533 5209 4272 
9656 2709 4067 2663 
9657 2491 5517 5040 
9658 2733 5205 4717 
9659 1432 4402 1743 
9660 1301 4741 1300 
9661 1474 1476 1475 
9662 4492 5201 2855 
9663 2003 5444 2149 
9664 1674 1676 1675 
9665 444 5140 445 
9666 2401 2402 2399 
9667 3157 5389 3810 
9668 3610 5152 3611 
9669 1385 1386 1384 
9670 1330 1340 1329 
9671 1393 1395 1394 
9672 1305 5302 4926 
9673 666 5147 667 
9674 1443 5360 4230 
9675 4500 4828 3750 
9676 2935 4889 4361 
9677 3338 4613 3340 
9678 4181 5161 1523 
9679 1244 1246 1245 
9680 1278 1279 1184 
9681 1247 1249 1248 
9682 1806 1808 1807 
9683 535 5265 4047 
9684 1621 2210 1214 
9685 3026 4551 4399 
9686 2222 4611 3011 
9687 5155 5418 2875 
9688 3685 4688 3684 
9689 856 5363 1168 
9690 3872 5169 3873 
9691 3609 5167 1154 
9692 3388 5030 4088 
9693 4405 5015 3251 
9694 4115 4584 2672 
9695 1271 1331 1272 
9696 4647 5155 2875 
9697 3639 5511 4323 
9698 2867 2870 2869 
9699 3905 4837 3908 
9700 3585 5542 2407 
9701 2241 5045 4881 
9702 1808 4991 3029 
9703 1304 5344 5043 
9704 4573 5062 3477 
9705 2029 4554 1838 
9706 1475 5054 1373 
9707 2968 4985 4419 
9708 4431 4874 2366 
9709 1338 4882 1375 
9710 2545 4078 2087 
9711 5104 5468 2930 
9712 2391 2599 2389 
9713 2595 4495 2596 
9714 4144 5022 1005 
9715 1263 1338 1337 
9716 3694 4825 3739 
9717 1415 4741 1658 
9718 4876 5258 4442 
9719 1991 5000 4391 
9720 1384 1646 1382 
9721 1391 1647 1393 
9722 3045 5145 4564 
9723 1025 5227 3929 
9724 3863 5190 3864 
9725 3979 4553 4214 
9726 1057 5228 3632 
9727 2923 4723 3637 
9728 2273 4864 2095 
9729 4166 4824 2677 
9730 4358 5075 1514 
9731 3521 5459 2892 
9732 3272 4490 3275 
9733 4897 5442 3266 
9734 2318 3308 2163 
9735 1381 2018 1417 
9736 1326 1420 1419 
9737 1418 2019 1390 
9738 1450 1452 1451 
9739 1188 1287 1286 
9740 1284 1285 1190 
9741 1260 1261 1192 
9742 1177 5295 3721 
9743 1047 1066 1065 
9744 1942 5186 2127 
9745 4045 5240 5143 
9746 2765 4814 1754 
9747 2639 4662 4198 
9748 1818 4783 1942 
9749 4058 5088 3960 
9750 1212 1327 1326 
9751 1235 1382 1381 
9752 1390 1391 1233 
9753 4725 5531 4114 
9754 1677 1912 1722 
9755 1676 1678 1677 
9756 2509 2513 2506 
9757 3520 4824 2416 
9758 2208 5335 3412 
9759 3109 4886 4407 
9760 3134 3516 2591 
9761 645 5199 646 
9762 2884 3496 2684 
9763 1220 5308 4330 
9764 2631 2632 2544 
9765 3028 5015 4405 
9766 3441 5155 1027 
9767 4803 5226 3412 
9768 1271 4227 1331 
9769 3433 4577 4274 
9770 2334 4899 2938 
9771 3584 4704 3265 
9772 4091 5047 1009 
9773 3490 5280 2695 
9774 4069 4182 2081 
9775 1334 1342 1260 
9776 1286 1438 1413 
9777 1412 1440 1284 
9778 1451 1464 1453 
9779 3935 5073 3933 
9780 3729 4259 3727 
9781 1466 1597 1467 
9782 3934 4441 3936 
9783 3991 5222 1074 
9784 2800 5201 3189 
9785 4060 4825 3693 
9786 3508 4294 3507 
9787 2428 2430 2429 
9788 2908 5105 4552 
9789 1036 5240 4045 
9790 2603 5231 2602 
9791 4259 4377 3734 
9792 1215 4843 4030 
9793 3392 3394 2419 
9794 4318 4319 3523 
9795 2586 5510 1741 
9796 3759 5060 4215 
9797 4216 5061 3662 
9798 1278 4780 4116 
9799 2678 2970 2275 
9800 4190 5235 3714 
9801 4178 4179 3907 
9802 3201 5212 4660 
9803 2416 4824 4166 
9804 3984 4211 1033 
9805 2844 5169 4524 
9806 1252 1273 1253 
9807 1053 1078 1059 
9808 1060 1079 1052 
9809 3524 4196 4188 
9810 3074 4374 2409 
9811 2750 4375 2465 
9812 2257 3056 2259 
9813 2011 4742 1450 
9814 1190 4743 1296 
9815 1460 4745 1188 
9816 1254 4819 1824 
9817 3218 4733 3231 
9818 1459 4746 1047 
9819 4487 4787 3002 
9820 2733 4288 2731 
9821 5295 5368 3721 
9822 2580 3486 3405 
9823 1408 4809 4521 
9824 1617 4221 1403 
9825 2911 4387 2159 
9826 1030 4245 3911 
9827 3801 4832 4567 
9828 3936 3938 3937 
9829 3968 5195 1604 
9830 83 5219 82 
9831 2513 5037 4761 
9832 1162 5362 4350 
9833 1270 4645 4644 
9834 1738 5144 1736 
9835 1066 1145 1144 
9836 2596 3081 2949 
9837 3956 5365 3973 
9838 1231 1255 1198 
9839 1294 1405 1295 
9840 1047 1065 1046 
9841 1191 1260 1192 
9842 1450 1451 1449 
9843 1189 1284 1190 
9844 1188 1286 1187 
9845 1200 1268 1201 
9846 1695 4963 4267 
9847 3038 5448 4781 
9848 2928 5041 4713 
9849 897 5249 1310 
9850 3649 5529 1283 
9851 20 1659 709 
9852 710 991 21 
9853 982 986 25 
9854 32 2253 981 
9855 877 987 878 
9856 18 989 658 
9857 659 1700 19 
9858 11 1699 542 
9859 479 1701 8 
9860 766 1702 13 
9861 603 990 15 
9862 543 1039 12 
9863 24 988 765 
9864 7 985 478 
9865 478 4597 479 
9866 658 4594 659 
9867 602 4595 603 
9868 765 4599 766 
9869 981 4596 982 
9870 709 4593 710 
9871 542 4598 543 
9872 2587 4790 2999 
9873 3941 4295 3939 
9874 4469 5213 4470 
9875 4769 5078 2114 
9876 2519 5236 4370 
9877 4609 5304 1748 
9878 1750 5305 4608 
9879 4250 4727 4251 
9880 3146 5534 2715 
9881 2561 4475 2744 
9882 2477 4842 4570 
9883 1145 1214 1213 
9884 2593 4796 3006 
9885 4911 5471 3997 
9886 3896 5118 3881 
9887 1029 5299 3968 
9888 1067 5345 3830 
9889 4556 4683 3243 
9890 1341 1401 1340 
9891 3750 4828 4785 
9892 1372 1373 1279 
9893 1217 1297 1254 
9894 4260 5279 984 
9895 4480 4481 2856 
9896 4694 5122 2392 
9897 2758 2761 2757 
9898 3936 3937 3935 
9899 3025 5321 4666 
9900 2230 4906 3299 
9901 126 5276 125 
9902 3968 5299 5195 
9903 3864 5306 1355 
9904 2100 5098 1666 
9905 3013 5002 4316 
9906 1256 1365 1255 
9907 3519 5308 4275 
9908 1315 5294 613 
9909 899 5307 900 
9910 1134 1137 1079 
9911 1078 1136 1135 
9912 1273 1275 1274 
9913 2907 4391 2348 
9914 1895 5204 4542 
9915 4797 5092 3101 
9916 4685 5116 5023 
9917 1351 5301 644 
9918 1331 1377 1332 
9919 4757 5035 3819 
9920 3721 5368 1541 
9921 1634 4973 3400 
9922 939 5318 940 
9923 1395 1397 1396 
9924 1387 1388 1386 
9925 2077 4279 3156 
9926 3418 4961 2337 
9927 1196 5127 989 
9928 1194 5128 988 
9929 2021 2022 1999 
9930 1747 4322 1671 
9931 1136 1204 1203 
9932 1473 1474 1373 
9933 4783 5186 1942 
9934 92 5332 1471 
9935 1316 5320 616 
9936 1438 4980 2077 
9937 2076 4978 1440 
9938 1464 4979 1944 
9939 1908 4924 2016 
9940 4035 5258 4034 
9941 1040 5131 985 
9942 2893 5025 4311 
9943 1204 1416 1298 
9944 3301 4805 3487 
9945 1321 5375 4524 
9946 1277 1300 1276 
9947 3960 5088 4639 
9948 4345 5514 4062 
9949 1343 1454 1342 
9950 1438 1682 1439 
9951 1441 1684 1440 
9952 1464 1466 1465 
9953 1268 1269 1201 
9954 4421 4734 1203 
9955 1324 5328 756 
9956 4083 5371 2712 
9957 1209 5239 3551 
9958 4134 5344 1304 
9959 2411 4535 4498 
9960 1268 1403 1269 
9961 1338 1375 1374 
9962 227 5458 1407 
9963 1444 5232 4452 
9964 1971 4471 1969 
9965 1959 2369 1960 
9966 2488 5445 3874 
9967 1987 4182 1988 
9968 4946 5380 3139 
9969 2979 4746 1459 
9970 3060 4784 4521 
9971 2983 4745 1460 
9972 1133 5337 4254 
9973 2066 4126 4125 
9974 1039 5136 1083 
9975 4435 4742 2011 
9976 2883 4788 4754 
9977 3050 4724 2549 
9978 3037 5511 3639 
9979 5003 5357 1962 
9980 1889 5200 4340 
9981 1416 1429 1298 
9982 3460 5488 2448 
9983 2984 2985 2983 
9984 2980 3570 2979 
9985 3656 5401 1506 
9986 4388 5282 3834 
9987 1204 1298 1203 
9988 638 5373 639 
9989 2319 5173 2318 
9990 1356 5071 4652 
9991 1060 1134 1079 
9992 1078 1135 1059 
9993 1273 1274 1253 
9994 1275 1276 1274 
9995 1136 1203 1135 
9996 3876 5394 1353 
9997 753 5383 754 
9998 4754 4788 1463 
9999 2369 3555 2370 
10000 4089 5551 27 
10001 4529 5113 2460 
10002 4217 4499 1484 
10003 2077 3156 1682 
10004 4114 5531 2966 
10005 1621 2954 2210 
10006 3938 3939 3937 
10007 3496 4834 2684 
10008 905 5388 1311 
10009 4247 4992 1485 
10010 1849 1999 1998 
10011 2355 5467 4397 
10012 4781 5448 3039 
10013 4184 5409 1351 
10014 1544 5197 3789 
10015 2604 5395 2020 
10016 1145 1213 1144 
10017 4311 5486 2893 
10018 3574 4855 1493 
10019 1266 1410 1265 
10020 3252 4910 4531 
10021 1297 1425 1364 
10022 1624 4934 1625 
10023 3054 5471 4911 
10024 1066 1144 1065 
10025 2559 4476 2561 
10026 4982 5550 2639 
10027 1232 1390 1233 
10028 1212 1326 1211 
10029 1235 1381 1234 
10030 3008 4677 2709 
10031 4699 5167 3363 
10032 2142 4932 4489 
10033 1556 5527 3852 
10034 4932 4933 4727 
10035 4372 5095 1316 
10036 1674 1675 1673 
10037 4486 4846 1221 
10038 4025 5343 4026 
10039 3349 5125 2825 
10040 163 5396 162 
10041 5141 5230 2539 
10042 3835 4881 4388 
10043 4540 5439 1664 
10044 4833 5076 1926 
10045 1247 1248 1246 
10046 991 1792 21 
10047 986 1024 25 
10048 990 1789 15 
10049 1039 1082 12 
10050 18 1195 989 
10051 24 1193 988 
10052 7 1023 985 
10053 20 1660 1659 
10054 1653 4920 1165 
10055 1655 4921 1182 
10056 2207 5180 4454 
10057 3559 5174 3995 
10058 1249 1265 1248 
10059 1676 1677 1675 
10060 2986 4531 2985 
10061 2066 4125 4124 
10062 1306 5538 759 
10063 2919 5342 4418 
10064 1976 4412 1977 
10065 2609 5238 4542 
10066 3449 5159 4450 
10067 1156 5288 3814 
10068 264 5454 263 
10069 2680 4846 4486 
10070 4468 5038 2632 
10071 4440 5074 4300 
10072 4361 4889 2693 
10073 4012 5117 3506 
10074 2027 5285 4573 
10075 1261 4773 1263 
10076 4743 4744 2563 
10077 2857 5238 3240 
10078 2579 4572 2580 
10079 2633 4634 3225 
10080 1130 5359 4028 
10081 4340 5049 2671 
10082 3780 4889 4327 
10083 2494 4734 4421 
10084 4701 4958 1917 
10085 2891 4986 4543 
10086 3668 4789 4627 
10087 1904 5142 1906 
10088 2827 5125 3510 
10089 1004 5300 3866 
10090 4583 5101 4462 
10091 2955 5354 4315 
10092 4076 5544 4024 
10093 2816 5420 5216 
10094 992 5352 3598 
10095 4292 5376 4454 
10096 4606 4607 2626 
10097 1487 5386 3602 
10098 5005 5497 2618 
10099 2499 4976 4141 
10100 1420 4940 2321 
10101 4446 5086 4301 
10102 3937 4545 3935 
10103 4653 5533 3472 
10104 2492 5535 4361 
10105 3313 5527 4544 
10106 997 5475 3985 
10107 3923 4520 3921 
10108 2635 4634 2633 
10109 4456 5320 3356 
10110 3357 5072 4456 
10111 816 5149 1006 
10112 417 5151 1010 
10113 4062 5514 2924 
10114 3293 5295 5099 
10115 4489 4931 4243 
10116 4648 4656 2224 
10117 1099 5100 4355 
10118 2203 4835 4124 
10119 4493 5199 3130 
10120 4094 5358 2619 
10121 1926 5076 4537 
10122 4775 4857 2536 
10123 4280 5210 2428 
10124 4388 5045 2232 
10125 996 5501 4099 
10126 4415 5328 3422 
10127 4497 4732 3638 
10128 1639 4512 3208 
10129 3090 4617 2194 
10130 3933 5073 4477 
10131 3336 4631 3211 
10132 2601 4825 4060 
10133 1101 4977 4625 
10134 1526 4764 4532 
10135 4150 5014 1293 
10136 2765 4983 4580 
10137 2295 5118 3896 
10138 1946 4607 4606 
10139 1494 5017 3809 
10140 1746 4602 3153 
10141 4641 5428 3755 
10142 4135 5292 3617 
10143 4542 5238 2857 
10144 2740 4548 4326 
10145 4042 5515 1132 
10146 1181 4731 2220 
10147 3921 4520 4246 
10148 2431 5447 4403 
10149 3371 4352 1875 
10150 3447 4251 3450 
10151 2475 5248 4131 
10152 1452 4972 4896 
10153 4244 4935 2562 
10154 3464 4593 1659 
10155 990 4595 2953 
10156 3444 4768 3443 
10157 3160 4892 2565 
10158 3536 5385 1019 
10159 4141 4976 3440 
10160 2280 4936 3397 
10161 2619 5497 5005 
10162 3814 5288 3625 
10163 2078 5264 4651 
10164 2570 4874 4431 
10165 2689 4580 4168 
10166 4570 4842 4153 
10167 1123 5516 4241 
10168 3834 5282 3836 
10169 1930 4525 2057 
10170 3742 4561 3741 
10171 4717 5205 3011 
10172 4381 5377 3215 
10173 3596 5126 2063 
10174 1998 4402 1711 
10175 2157 5087 4714 
10176 2097 5473 4451 
10177 3089 5434 4690 
10178 1217 5070 1843 
10179 3535 5539 2905 
10180 3442 5155 3441 
10181 3931 5323 4433 
10182 1425 4983 2765 
10183 2377 4232 2175 
10184 3371 5252 2897 
10185 3123 5208 3125 
10186 2871 4401 4273 
10187 4446 5030 3388 
10188 2213 4640 4639 
10189 4440 5018 3401 
10190 4329 5296 1350 
10191 2711 4992 4247 
10192 3425 5330 1058 
10193 1690 4635 1377 
10194 4119 5048 2414 
10195 3307 5374 4917 
10196 2455 5532 4079 
10197 416 4197 1692 
10198 2476 4197 129 
10199 4165 5228 2691 
10200 3230 4733 3218 
10201 1294 4512 1405 
10202 4419 4985 1632 
10203 4032 4988 1494 
10204 2727 5524 4763 
10205 1073 4858 3426 
10206 5016 5457 2934 
10207 2572 4713 4547 
10208 4534 4840 1161 
10209 1161 4840 1053 
10210 4410 5382 3851 
10211 3513 5449 3069 
10212 2963 5354 2958 
10213 3211 5006 2545 
10214 4906 5404 3559 
10215 2905 5031 4605 
10216 2725 4583 4462 
10217 2167 4680 2170 
10218 2139 5008 2860 
10219 4639 5187 3961 
10220 4892 5346 2564 
10221 2688 5385 4075 
10222 2768 5536 4095 
10223 1964 4650 2061 
10224 4265 4957 1697 
10225 4923 5489 2285 
10226 4099 5501 3906 
10227 3114 5094 4136 
10228 2515 4813 4255 
10229 4190 5040 2676 
10230 4242 4697 2767 
10231 5111 5519 2752 
10232 2057 4525 2659 
10233 3543 5129 3522 
10234 1634 4728 1329 
10235 4147 5226 3811 
10236 3108 4886 3126 
10237 3506 5117 1029 
10238 2800 5465 5201 
10239 4768 4769 3374 
10240 4285 5313 1178 
10241 4685 5023 3912 
10242 4913 5069 2212 
10243 1807 5367 1805 
10244 5253 5402 3103 
10245 2744 4475 3016 
10246 1915 4602 1746 
10247 4125 5444 4124 
10248 4454 5180 3957 
10249 1275 4548 1277 
10250 4929 5395 2604 
10251 2676 5235 4190 
10252 3278 5046 4799 
10253 1489 5152 3610 
10254 4326 4548 1691 
10255 4391 5114 1991 
10256 4239 5283 3509 
10257 4496 4890 2654 
10258 2096 4484 4408 
10259 2536 4857 2113 
10260 3428 4577 4186 
10261 320 4187 3431 
10262 128 4185 3432 
10263 224 4186 3433 
10264 3391 5285 3390 
10265 2562 5287 4244 
10266 4462 4910 3252 
10267 1830 4995 4761 
10268 2897 5252 2895 
10269 4133 5202 2475 
10270 1182 4921 1212 
10271 1165 4920 1235 
10272 4474 5245 1264 
10273 4483 5058 2430 
10274 3419 4517 3094 
10275 4444 4611 2224 
10276 2165 4463 2014 
10277 3207 4822 2365 
10278 2366 4874 3206 
10279 1950 5353 4948 
10280 1797 5081 2656 
10281 2115 5426 2689 
10282 2952 5048 4119 
10283 1396 5327 1594 
10284 4243 4931 4249 
10285 4548 5491 1277 
10286 2722 5330 4621 
10287 738 5414 739 
10288 4380 4751 2850 
10289 1934 5132 3415 
10290 2247 4689 2245 
10291 3238 5489 5026 
10292 1674 4844 1676 
10293 1691 4548 1275 
10294 4631 5006 3211 
10295 5267 5445 2488 
10296 5052 5305 3736 
10297 3737 5304 5051 
10298 1058 5330 3635 
10299 2014 4463 2457 
10300 4095 5005 2768 
10301 4055 5017 2657 
10302 4331 5243 1713 
10303 3890 5103 2173 
10304 4171 5251 3065 
10305 3997 5471 1045 
10306 1747 5218 4806 
10307 1263 4773 1458 
10308 4646 5454 3495 
10309 2630 5334 2631 
10310 2151 5275 4558 
10311 4220 5404 2472 
10312 5117 5299 1029 
10313 3405 4972 3404 
10314 3185 4508 2583 
10315 2932 5246 4971 
10316 2018 4939 3459 
10317 1560 5154 4530 
10318 2591 4903 1848 
10319 3575 5291 2936 
10320 1653 5030 4446 
10321 4766 4988 2720 
10322 2572 5537 4713 
10323 1655 5018 4440 
10324 4380 5340 3883 
10325 3142 4839 4578 
10326 2657 5017 4766 
10327 3522 5129 1469 
10328 2146 5233 4818 
10329 5045 5499 2232 
10330 1487 5541 4101 
10331 1786 4975 1740 
10332 2162 4554 2029 
10333 4455 5347 1001 
10334 4115 5110 2067 
10335 2877 4701 4700 
10336 3810 5389 1064 
10337 3257 4873 3112 
10338 3618 4975 4711 
10339 3635 5087 4239 
10340 1541 5368 5085 
10341 3807 5073 4545 
10342 3359 4649 4363 
10343 4490 4950 1921 
10344 3955 4454 3957 
10345 4894 5323 3931 
10346 4872 5241 2945 
10347 2027 4844 1674 
10348 2405 4871 4552 
10349 3868 5474 4362 
10350 4318 4863 4319 
10351 4414 5477 3666 
10352 4964 5435 2927 
10353 2511 4836 2509 
10354 1244 5057 1247 
10355 1486 5321 4667 
10356 3298 5173 4694 
10357 4425 5315 3473 
10358 4574 4993 2361 
10359 4701 4778 4463 
10360 1693 5184 4152 
10361 4253 5070 1184 
10362 3907 4837 3905 
10363 2052 5194 4360 
10364 2399 4774 2249 
10365 3755 5428 4074 
10366 4836 4853 1814 
10367 2670 5059 4252 
10368 3627 5138 2023 
10369 4101 5541 3583 
10370 5112 5503 3470 
10371 5079 5198 4246 
10372 1922 4586 2090 
10373 4818 5233 3250 
10374 3957 5179 4178 
10375 3650 5421 2476 
10376 3251 5233 4405 
10377 1981 4822 4412 
10378 2886 5409 4184 
10379 1300 4741 1415 
10380 3666 5358 4094 
10381 3435 4987 4720 
10382 2558 4854 2944 
10383 4315 5354 2963 
10384 3806 4893 3808 
10385 4055 5405 3963 
10386 3294 5487 2380 
10387 2004 5317 4587 
10388 4376 5302 1305 
10389 4670 5360 1443 
10390 4580 4983 1843 
10391 3621 5250 4711 
10392 2862 5112 4054 
10393 3406 5198 1229 
10394 3884 5182 4503 
10395 1875 5252 3371 
10396 3352 4581 2375 
10397 3457 4916 4915 
10398 4230 5360 3396 
10399 4366 5374 4031 
10400 4325 4799 1635 
10401 2122 4991 1806 
10402 4336 5246 3517 
10403 3616 5250 3621 
10404 4666 5321 3597 
10405 4323 5511 3119 
10406 1392 5298 5297 
10407 4791 5102 3546 
10408 1407 4996 3429 
10409 1271 4884 4227 
10410 4652 5071 3048 
10411 3597 5321 1486 
10412 1534 5440 4465 
10413 4640 5187 4639 
10414 4189 5547 1151 
10415 4399 5215 4020 
10416 4187 4959 3431 
10417 1727 5113 4529 
10418 3068 5223 3071 
10419 1643 5141 1755 
10420 5062 5285 3391 
10421 4651 5263 2347 
10422 1201 4644 1180 
10423 3637 4808 2767 
10424 3380 5001 2865 
10425 5085 5368 3241 
10426 3360 5206 4536 
10427 2600 5550 4982 
10428 3818 5351 4757 
10429 3747 4914 4878 
10430 2016 4924 2066 
10431 4346 4523 1413 
10432 4505 5056 1499 
10433 2663 4829 2401 
10434 2165 4958 4463 
10435 3166 4949 3164 
10436 2815 5420 2813 
10437 2731 4864 2273 
10438 1499 5056 3924 
10439 2712 5371 2946 
10440 3135 4850 3134 
10441 4389 5010 2900 
10442 4246 5198 3406 
10443 1580 4937 4800 
10444 4451 5159 2097 
10445 1843 5070 4253 
10446 4417 5376 4292 
10447 2676 5556 4681 
10448 1450 4742 1452 
10449 1188 4745 1287 
10450 1285 4743 1190 
10451 1047 4746 1066 
10452 3617 5193 3618 
10453 4355 5100 3289 
10454 4221 4884 1403 
10455 3423 5089 2379 
10456 4355 5137 4815 
10457 3308 5411 4436 
10458 3231 5309 4430 
10459 2580 4572 3486 
10460 1655 5551 5018 
10461 2941 5297 3187 
10462 3310 5129 4447 
10463 2210 4904 1214 
10464 4228 5293 3417 
10465 2489 5274 4266 
10466 4269 5273 2484 
10467 2488 5270 4270 
10468 4263 5269 3853 
10469 4268 5272 2485 
10470 4265 5268 2486 
10471 2487 5271 4264 
10472 4460 5486 3882 
10473 1921 4927 4490 
10474 2061 4650 2257 
10475 2531 5173 2319 
10476 2561 4476 4475 
10477 1848 4903 1849 
10478 2149 4602 1915 
10479 5405 5417 2336 
10480 2446 5424 2444 
10481 4557 5316 2585 
10482 2757 4634 2635 
10483 2428 5210 2430 
10484 3240 5238 2264 
10485 3339 4631 3336 
10486 3851 5382 2398 
10487 2583 4508 4160 
10488 2417 4993 4574 
10489 3080 5277 4770 
10490 3928 5292 3926 
10491 4510 5244 3505 
10492 4092 5446 2352 
10493 2946 5097 4840 
10494 2310 5050 2308 
10495 4761 4995 2513 
10496 2224 4611 2222 
10497 4362 5474 3102 
10498 3162 5166 3160 
10499 4045 5143 4881 
10500 3105 4923 4922 
10501 2243 4820 2042 
10502 3283 5050 4720 
10503 2354 4928 4807 
10504 4370 5236 4283 
10505 1694 5267 4270 
10506 3393 4832 4755 
10507 1391 4938 1647 
10508 1646 4939 1382 
10509 3362 5208 3123 
10510 3961 5187 4755 
10511 2954 4655 2210 
10512 3295 4991 2122 
10513 2693 4889 3780 
10514 3615 5250 3616 
10515 2828 5356 2826 
10516 3096 5553 4726 
10517 4397 4943 2355 
10518 4363 4649 4048 
10519 2430 5058 4240 
10520 2690 4863 4318 
10521 2799 5465 2797 
10522 3247 5116 4685 
10523 2506 4995 2503 
10524 4773 4981 3534 
10525 1329 4728 1327 
10526 2283 4741 1301 
10527 2674 4843 4732 
10528 4047 5265 4287 
10529 1753 5392 4310 
10530 1683 4929 4229 
10531 1752 5393 4305 
10532 5374 5480 1504 
10533 3819 5035 4373 
10534 1078 5097 1136 
10535 2419 4993 2417 
10536 2142 4933 4932 
10537 4808 4814 2764 
10538 4790 5074 2999 
10539 4823 4850 3135 
10540 1467 5510 4565 
10541 2391 4574 2599 
10542 4254 5337 2672 
10543 3816 4965 3818 
10544 4637 5362 1162 
10545 4466 5123 1932 
10546 4796 5086 3006 
10547 2544 5038 2541 
10548 2170 4680 2377 
10549 3560 5337 1133 
10550 3609 5324 5167 
10551 2865 5001 2867 
10552 4530 4802 2788 
10553 2518 5120 3636 
10554 2361 4575 4574 
10555 2950 5266 4772 
10556 4662 5550 2083 
10557 1682 4929 1683 
10558 4537 5076 3544 
10559 1294 4904 4512 
10560 4806 5218 1722 
10561 1614 5342 4758 
10562 926 5268 4265 
10563 734 5269 4263 
10564 627 5272 4268 
10565 4264 5271 741 
10566 4270 5270 634 
10567 527 5273 4269 
10568 4266 5274 933 
10569 3739 4982 3738 
10570 4249 4931 4250 
10571 4229 4929 2604 
10572 4074 5428 5062 
10573 1477 5361 1475 
10574 2767 4808 2764 
10575 4486 4785 2680 
10576 2127 5186 4335 
10577 4350 5362 3498 
10578 2214 5039 1990 
10579 2985 4910 3343 
10580 2327 4973 2329 
10581 4727 4933 2585 
10582 1664 5416 14 
10583 1323 5158 4901 
10584 2909 5402 5253 
10585 3400 4728 1634 
10586 4896 4979 1452 
10587 1246 4945 1362 
10588 4563 5555 2538 
10589 4663 4968 3147 
10590 4815 5137 3230 
10591 1854 4820 4756 
10592 4809 4959 2575 
10593 3487 4805 3489 
10594 4287 5265 534 
10595 4943 5546 3795 
10596 3732 5225 1783 
10597 4327 4889 2935 
10598 1362 4945 2579 
10599 2274 5213 4469 
10600 1475 5361 4168 
10601 1053 4840 1078 
10602 4522 5205 2733 
10603 1261 4981 4773 
10604 3241 5368 5262 
10605 2769 5076 4833 
10606 3440 4976 1461 
10607 2933 5457 4729 
10608 5468 5471 5469 
10609 2671 5049 3199 
10610 2961 5144 4360 
10611 1488 5324 3609 
10612 3911 5460 4489 
10613 3263 5230 4853 
10614 4071 5350 2498 
10615 3278 4799 4325 
10616 3666 5477 5358 
10617 3493 5254 4472 
10618 4514 5425 1156 
10619 4547 4712 2572 
10620 2742 4928 4353 
10621 4801 5032 1531 
10622 4915 4916 2880 
10623 4772 5266 1333 
10624 1427 4673 2209 
10625 3331 4928 2742 
10626 1755 5141 5096 
10627 986 4596 4321 
10628 2907 5114 4391 
10629 2850 5340 4380 
10630 5019 5490 2482 
10631 2279 5225 3732 
10632 2709 4677 4067 
10633 3275 4927 3278 
10634 4130 4753 1965 
10635 1991 5114 1685 
10636 1943 4893 4297 
10637 3145 5379 5260 
10638 3362 4976 2499 
10639 4518 5142 3169 
10640 2694 4775 1868 
10641 4739 4934 2385 
10642 4303 4965 4121 
10643 4988 5017 1494 
10644 4391 5000 2350 
10645 4623 4794 4481 
10646 4312 5483 3462 
10647 2080 5472 4714 
10648 4610 5162 3370 
10649 1635 5084 1200 
10650 4472 5254 3078 
10651 3516 4903 2591 
10652 4969 5185 3821 
10653 2733 4717 4288 
10654 4319 4863 2610 
10655 1211 4731 1181 
10656 4762 5234 1359 
10657 4716 5185 2848 
10658 2752 5134 5111 
10659 2203 5444 2003 
10660 3620 4948 3624 
10661 3431 4959 4809 
10662 4574 4575 2599 
10663 4756 4820 2433 
10664 4432 4689 2247 
10665 4436 5411 3298 
10666 4128 5381 2556 
10667 3342 5514 4345 
10668 5172 5389 3501 
10669 4308 5430 28 
10670 1163 5284 5134 
10671 2481 4835 4438 
10672 4463 4778 2457 
10673 3197 5375 4849 
10674 5163 5164 3723 
10675 2552 5522 4561 
10676 2066 4924 4126 
10677 1809 5410 2106 
10678 4283 5236 2516 
10679 1747 4879 4322 
10680 3646 5042 4922 
10681 4288 4717 1799 
10682 4300 5074 2072 
10683 3684 5263 3683 
10684 4301 5086 2071 
10685 4878 4914 3227 
10686 3531 5458 4663 
10687 4606 5192 1946 
10688 4828 5522 2553 
10689 3404 4742 4435 
10690 2472 5404 4906 
10691 4297 4905 1943 
10692 4433 5323 2690 
10693 2540 5183 3534 
10694 4250 4932 4727 
10695 3939 5281 3940 
10696 4543 4986 2198 
10697 4340 5200 2931 
10698 1200 5084 1268 
10699 4807 4928 3331 
10700 4427 5287 2562 
10701 2257 4650 3056 
10702 3892 5138 3627 
10703 4714 5472 2157 
10704 2245 4689 2433 
10705 1045 5468 3633 
10706 5103 5523 2173 
10707 1843 4983 1297 
10708 4216 5257 5061 
10709 5060 5256 4215 
10710 3331 5056 4505 
10711 3429 4997 4185 
10712 2402 4774 2399 
10713 4478 4958 2165 
10714 1965 4753 1844 
10715 1151 5547 4859 
10716 3164 4949 3547 
10717 4186 4577 3433 
10718 1401 5170 1340 
10719 4179 4837 3907 
10720 2927 5435 5189 
10721 3605 5555 4563 
10722 1990 5039 1991 
10723 4665 5413 1088 
10724 1285 4744 4743 
10725 4121 4965 3816 
10726 4079 5532 4570 
10727 4590 5504 2480 
10728 2968 5423 4826 
10729 2401 4829 2402 
10730 3105 5489 4923 
10731 5160 5500 2156 
10732 2277 5291 3575 
10733 4481 4794 2856 
10734 4000 5063 4196 
10735 4711 5250 3618 
10736 4288 4864 2731 
10737 2249 4774 4432 
10738 3830 5345 4984 
10739 4419 5423 2968 
10740 3224 4964 4963 
10741 5167 5168 3363 
10742 4931 4932 4250 
10743 2511 4853 4836 
10744 3891 5503 2862 
10745 5443 5455 2050 
10746 4800 4937 3093 
10747 4670 5340 2850 
10748 1051 5392 1753 
10749 1251 5393 1752 
10750 1243 5057 1244 
10751 3621 4948 3620 
10752 2545 5006 4078 
10753 2994 5477 4414 
10754 5173 5411 2318 
10755 2383 4875 4671 
10756 4531 4910 2985 
10757 1054 5390 4735 
10758 3683 5264 4105 
10759 3027 5290 4420 
10760 4845 5422 3190 
10761 3770 5447 3771 
10762 2074 5081 1795 
10763 1403 4884 1269 
10764 1673 5218 1747 
10765 1134 4900 1137 
10766 1214 4904 1213 
10767 4196 5063 3000 
10768 3547 5166 3162 
10769 1390 4938 1391 
10770 1327 4940 1326 
10771 1382 4939 1381 
10772 3112 4873 3418 
10773 4067 4829 2663 
10774 5167 5324 5168 
10775 4651 5438 1907 
10776 1269 4884 1271 
10777 4504 5334 2630 
10778 4684 5463 3342 
10779 4530 5154 4802 
10780 2616 5191 4747 
10781 3308 5521 2162 
10782 4253 5054 4168 
10783 4566 5412 4044 
10784 2162 5521 4554 
10785 2232 5282 4388 
10786 1045 5471 5468 
10787 3394 4993 2419 
10788 2370 5278 4495 
10789 4879 5069 2721 
10790 2997 5488 4698 
10791 5029 5150 2956 
10792 3219 5451 2356 
10793 1806 4991 1808 
10794 5213 5537 2572 
10795 1198 4900 1134 
10796 1248 4945 1246 
10797 4859 5547 3122 
10798 1452 4979 1451 
10799 1287 4980 1286 
10800 1284 4978 1285 
10801 1260 4981 1261 
10802 1213 4904 1294 
10803 4295 5281 3939 
10804 5058 5254 3493 
10805 1538 5150 5029 
10806 2433 4820 2243 
10807 2513 4995 2506 
10808 4726 5553 1076 
10809 4956 5191 3648 
10810 4731 5115 2220 
10811 2089 5504 4590 
10812 4580 5426 2765 
10813 1279 5054 4253 
10814 1202 5241 4872 
10815 4681 5556 3399 
10816 3618 5250 3615 
10817 4298 5105 4299 
10818 4542 5204 2609 
10819 3601 5303 4654 
10820 2917 5121 2915 
10821 3432 4997 3297 
10822 4395 5059 3088 
10823 2632 5038 2544 
10824 2509 4836 2513 
10825 5023 5116 3332 
10826 4898 5349 3022 
10827 4971 5246 1335 
10828 3187 5397 2750 
10829 5107 5108 3041 
10830 2402 4955 4774 
10831 4728 4940 1327 
10832 4901 5158 3120 
10833 3450 5159 3449 
10834 3156 4929 1682 
10835 4403 5286 2431 
10836 3538 5431 3537 
10837 4552 5105 3552 
10838 1297 4983 1425 
10839 3160 5166 4892 
10840 4887 5409 2886 
10841 4729 5457 1360 
10842 3570 5326 3572 
10843 4105 5264 2078 
10844 4525 5357 2659 
10845 1608 5135 1609 
10846 1795 5081 1797 
10847 1426 5098 1427 
10848 5008 5009 2860 
10849 2999 5074 4440 
10850 2754 5198 5079 
10851 1648 5513 4204 
10852 1286 4980 1438 
10853 1451 4979 1464 
10854 1440 4978 1284 
10855 1342 4981 1260 
10856 2019 4938 1390 
10857 1381 4939 2018 
10858 1326 4940 1420 
10859 1901 5346 4892 
10860 4168 5361 2689 
10861 5260 5379 3143 
10862 1675 5218 1673 
10863 1961 5408 3387 
10864 4393 5181 3064 
10865 3006 5086 4446 
10866 3794 5546 4461 
10867 2867 5001 2870 
10868 4490 4927 3275 
10869 4297 4893 3806 
10870 2020 5395 2019 
10871 4505 4807 3331 
10872 2499 5208 3362 
10873 2655 5319 4909 
10874 4984 5345 2964 
10875 4698 5488 3460 
10876 2596 5278 3081 
10877 1183 5070 1217 
10878 2925 5234 4762 
10879 2329 4973 3554 
10880 2400 5382 4410 
10881 1685 5114 1684 
10882 2694 4857 4775 
10883 3648 5452 4956 
10884 2259 5096 2539 
10885 1184 5070 1183 
10886 5118 5398 3031 
10887 4912 4913 1650 
10888 5189 5435 2926 
10889 2753 5157 5156 
10890 14 5416 602 
10891 3099 5083 4786 
10892 4429 5528 5496 
10893 2915 5121 2918 
10894 2858 5255 4771 
10895 2654 4890 4643 
10896 28 5430 877 
10897 5031 5456 1236 
10898 2841 5435 4964 
10899 2762 5177 4729 
10900 2188 5135 1608 
10901 2664 5376 4417 
10902 1666 5098 1426 
10903 1743 5130 4276 
10904 1373 5054 1279 
10905 3552 5105 4298 
10906 4632 5534 2718 
10907 1240 5210 4280 
10908 5065 5445 3092 
10909 3975 5422 4845 
10910 1371 5476 4638 
10911 2728 5164 5163 
10912 4178 5179 4179 
10913 4927 5046 3278 
10914 4681 5235 2676 
10915 1911 5006 4631 
10916 3056 5096 2259 
10917 4713 5537 2254 
10918 4402 5130 1743 
10919 2750 5397 4375 
10920 5469 5471 3054 
10921 4802 5154 3234 
10922 4690 5434 1615 
10923 2708 5182 4942 
10924 2347 5438 4651 
10925 4245 5460 3911 
10926 989 5127 4594 
10927 988 5128 4599 
10928 4712 5439 4470 
10929 4397 5546 4943 
10930 985 5131 4597 
10931 3035 5495 4672 
10932 3534 5183 4773 
10933 4558 5275 2863 
10934 1427 5098 4673 
10935 1944 4979 4896 
10936 1340 5170 1634 
10937 1999 5138 1998 
10938 5171 5529 3649 
10939 4420 5290 2771 
10940 4763 5524 2468 
10941 2569 5205 4522 
10942 2212 5069 4806 
10943 4598 5136 1039 
10944 3569 5331 2236 
10945 4672 5495 3422 
10946 5087 5283 4239 
10947 4678 5067 3115 
10948 3504 5542 3503 
10949 5062 5428 3477 
10950 1283 5529 5165 
10951 2667 5325 5244 
10952 4956 5452 3716 
10953 4887 5482 3129 
10954 4483 5254 5058 
10955 2628 5531 4725 
10956 4757 5351 5203 
10957 3261 5441 3262 
10958 4276 5315 1744 
10959 4755 5187 3393 
10960 4729 5177 2933 
10961 4954 5231 2623 
10962 5051 5304 2947 
10963 2948 5305 5052 
10964 543 4598 1039 
10965 989 4594 658 
10966 710 4593 991 
10967 766 4599 1702 
10968 1659 4593 709 
10969 603 4595 990 
10970 659 4594 1700 
10971 985 4597 478 
10972 988 4599 765 
10973 2253 4596 981 
10974 479 4597 1701 
10975 982 4596 986 
10976 1699 4598 542 
10977 5358 5477 4106 
10978 5472 5508 2157 
10979 5096 5141 2539 
10980 5453 5540 2180 
10981 4489 5013 2142 
10982 4877 5356 3377 
10983 3874 5445 5065 
10984 5262 5295 3293 
10985 2340 5519 5111 
10986 2295 5398 5118 
10987 1168 5363 5259 
10988 1345 5415 4987 
10989 1684 5217 2076 
10990 2318 5411 3308 
10991 3140 5456 5031 
10992 5198 5364 1229 
10993 4826 5423 1927 
10994 4495 5278 2596 
10995 2274 5537 5213 
10996 4786 5083 3102 
10997 4799 5084 1635 
10998 2437 5463 4684 
10999 3102 5474 4786 
11000 5350 5543 2498 
11001 4853 5230 1814 
11002 3230 5466 4815 
11003 3982 5490 5019 
11004 4996 4997 3429 
11005 3369 5386 5352 
11006 4805 5407 1416 
11007 4570 5532 2477 
11008 4183 5513 1266 
11009 4727 5316 4251 
11010 4565 5510 2586 
11011 2155 5079 4520 
11012 3092 5445 5267 
11013 2862 5503 5112 
11014 4028 5359 5229 
11015 4552 4871 2908 
11016 1458 5183 4468 
11017 5229 5359 3055 
11018 2602 5231 4954 
11019 2656 5498 3647 
11020 2041 5499 5045 
11021 4999 5509 3319 
11022 4573 5285 5062 
11023 2659 5357 5003 
11024 4489 5460 5013 
11025 2921 5152 4707 
11026 2151 5317 5275 
11027 5055 5502 3585 
11028 4108 5502 5055 
11029 3459 5217 2907 
11030 2646 5539 4859 
11031 3957 5180 5179 
11032 4965 5351 3818 
11033 4830 5536 2768 
11034 2072 5074 4790 
11035 2071 5086 4796 
11036 4185 4997 3432 
11037 4933 5237 2585 
11038 5092 5424 3101 
11039 3304 5529 5171 
11040 5263 5264 3683 
11041 4520 5079 4246 
11042 3316 5509 4999 
11043 5165 5529 3304 
11044 1274 5461 1618 
11045 2089 5505 5504 
11046 4886 5410 3126 
11047 2076 5479 4978 
11048 4840 5097 1078 
11049 1943 5207 4893 
11050 5216 5420 3005 
11051 4204 5513 4183 
11052 2715 5534 4632 
11053 5018 5551 4089 
11054 1388 5528 1386 
11055 4251 5316 3450 
11056 5259 5363 3091 
11057 2713 4794 4623 
11058 2352 5064 4627 
11059 602 5416 4595 
11060 877 5430 987 
11061 1416 5407 1429 
11062 5193 5194 2052 
11063 5174 5404 4220 
11064 4773 5183 1458 
11065 5352 5386 3598 
11066 2585 5316 4727 
11067 5026 5489 3105 
11068 4881 5143 2241 
11069 3891 5512 5503 
11070 3365 5192 4606 
11071 3156 5395 4929 
11072 4718 5196 1985 
11073 4948 5353 3624 
11074 2753 5372 5157 
11075 5094 5443 2267 
11076 5082 5441 3261 
11077 5114 5217 1684 
11078 2754 5364 5198 
11079 2035 5523 5103 
11080 5297 5298 3187 
11081 2225 5256 5060 
11082 5061 5257 2226 
11083 3412 5335 4803 
11084 2689 5426 4580 
11085 3307 5480 5374 
11086 5201 5465 2855 
11087 1983 5500 5160 
11088 2445 5482 4887 
11089 4757 5203 1949 
11090 1984 5196 4718 
11091 3559 5404 5174 
11092 5203 5351 2131 
11093 2157 5283 5087 
11094 3298 5411 5173 
11095 5157 5372 2326 
11096 2740 5491 4548 
11097 1957 5009 5008 
11098 2907 5217 5114 
11099 1914 5237 4933 
11100 3496 5437 4834 
11101 5013 5460 2384 
11102 4892 5166 1901 
11103 5168 5324 3323 
11104 5504 5505 2088 
11105 2178 5540 5453 
11106 5244 5325 2278 
11107 1986 5508 5472 
11108 2094 5543 5350 
11109 5275 5317 2006 
11110 5468 5469 2930 
11111 5503 5512 3470 
11112 2207 5518 5180 
11113 2265 5443 5094 
11114 4651 5264 5263 
11115 2265 5455 5443 
11116 3126 4706 3107 
$EndElements
