$MeshFormat
4.1 0 8
$EndMeshFormat
$PhysicalNames
2
1 104 "BCin"
2 1002 "domain0"
$EndPhysicalNames
$Entities
24 12 1 0
5 -0.5 -0.5 0 0 
6 -0.5 0.5 0 0 
7 0 0.5 0 0 
8 0 0 0 0 
9 0.5 0 0 0 
10 0.5 -0.5 0 0 
11 -0.4 0.09999999999999998 0 0 
12 -0.4 0 0 0 
13 -0.5 0.09999999999999998 0 0 
14 -0.4 0.9 0 0 
15 -0.4 1 0 0 
16 -0.5 0.9 0 0 
17 -0.1 0.9 0 0 
18 -0.1 1 0 0 
19 0 0.9 0 0 
20 0.1 0.6 0 0 
21 0.1 0.5 0 0 
22 0 0.6 0 0 
23 0.4 0.4 0 0 
24 0.4 0.5 0 0 
25 0.5 0.4 0 0 
26 0.4 0.09999999999999998 0 0 
27 0.4 0 0 0 
28 0.5 0.09999999999999998 0 0 
5 -0.5000000999999999 0.09999989999999997 -1e-07 -0.4999999 0.9000001 1e-07 1 104 2 13 -16 
6 -0.4000001 0.9999999000000001 -1e-07 -0.09999989999999997 1.0000001 1e-07 1 104 2 15 -18 
7 -1e-07 0.5999999 -1e-07 1e-07 0.9000001 1e-07 1 104 2 19 -22 
8 0.0999999 0.4999999 -1e-07 0.4000001 0.5000000999999999 1e-07 1 104 2 21 -24 
9 0.4999999 0.09999989999999997 -1e-07 0.5000000999999999 0.4000001 1e-07 1 104 2 25 -28 
10 -0.4000001 -1e-07 -1e-07 0.4000001 1e-07 1e-07 1 104 2 27 -12 
11 -0.5000000999999999 0.8999999000000001 -1e-07 -0.3999999 1.0000001 1e-07 1 104 2 16 -15 
12 -0.1000001 0.8999999000000001 -1e-07 9.999999997511999e-08 1.0000001 1e-07 1 104 2 18 -19 
13 -1.000000000028756e-07 0.4999999 -1e-07 0.1000001 0.6000000999999999 1e-07 1 104 2 22 -21 
14 0.3999999 0.3999999 -1e-07 0.5000000999999999 0.5000000999999999 1e-07 1 104 2 24 -25 
15 0.3999999 -1.000000000028756e-07 -1e-07 0.5000000999999999 0.1000001 1e-07 1 104 2 28 -27 
16 -0.5000000999999999 -1.000000000028756e-07 -1e-07 -0.3999999 0.1000001 1e-07 1 104 2 12 -13 
2 -0.5000000999999999 -9.999999994736442e-08 -1e-07 0.5000000999999999 1.0000001 1e-07 1 1002 12 5 11 6 12 7 13 8 14 9 15 10 16 
$EndEntities
$Nodes
25 2578 1 2578
0 12 0 1
1
-0.4 0 0
0 13 0 1
2
-0.5 0.09999999999999998 0
0 15 0 1
3
-0.4 1 0
0 16 0 1
4
-0.5 0.9 0
0 18 0 1
5
-0.1 1 0
0 19 0 1
6
0 0.9 0
0 21 0 1
7
0.1 0.5 0
0 22 0 1
8
0 0.6 0
0 24 0 1
9
0.4 0.5 0
0 25 0 1
10
0.5 0.4 0
0 27 0 1
11
0.4 0 0
0 28 0 1
12
0.5 0.09999999999999998 0
1 5 0 38
13
14
15
16
17
18
19
20
21
22
23
24
25
26
27
28
29
30
31
32
33
34
35
36
37
38
39
40
41
42
43
44
45
46
47
48
49
50
-0.5 0.1205128205128205 0
-0.5 0.1410256410256411 0
-0.5 0.1615384615384616 0
-0.5 0.1820512820512822 0
-0.5 0.2025641025641027 0
-0.5 0.2230769230769233 0
-0.5 0.2435897435897438 0
-0.5 0.2641025641025644 0
-0.5 0.2846153846153849 0
-0.5 0.3051282051282055 0
-0.5 0.325641025641026 0
-0.5 0.3461538461538466 0
-0.5 0.3666666666666671 0
-0.5 0.3871794871794876 0
-0.5 0.4076923076923081 0
-0.5 0.4282051282051286 0
-0.5 0.4487179487179491 0
-0.5 0.4692307692307696 0
-0.5 0.4897435897435901 0
-0.5 0.5102564102564106 0
-0.5 0.5307692307692311 0
-0.5 0.5512820512820517 0
-0.5 0.5717948717948722 0
-0.5 0.5923076923076926 0
-0.5 0.6128205128205132 0
-0.5 0.6333333333333337 0
-0.5 0.6538461538461542 0
-0.5 0.6743589743589746 0
-0.5 0.6948717948717952 0
-0.5 0.7153846153846157 0
-0.5 0.7358974358974362 0
-0.5 0.7564102564102566 0
-0.5 0.7769230769230772 0
-0.5 0.7974358974358976 0
-0.5 0.8179487179487182 0
-0.5 0.8384615384615386 0
-0.5 0.858974358974359 0
-0.5 0.8794871794871796 0
1 6 0 18
51
52
53
54
55
56
57
58
59
60
61
62
63
64
65
66
67
68
-0.3842105263157895 1 0
-0.368421052631579 1 0
-0.3526315789473685 1 0
-0.3368421052631581 1 0
-0.3210526315789475 1 0
-0.305263157894737 1 0
-0.2894736842105264 1 0
-0.2736842105263159 1 0
-0.2578947368421054 1 0
-0.2421052631578949 1 0
-0.2263157894736843 1 0
-0.2105263157894738 1 0
-0.1947368421052632 1 0
-0.1789473684210527 1 0
-0.1631578947368422 1 0
-0.1473684210526316 1 0
-0.1315789473684211 1 0
-0.1157894736842106 1 0
1 7 0 18
69
70
71
72
73
74
75
76
77
78
79
80
81
82
83
84
85
86
0 0.8842105263157896 0
0 0.868421052631579 0
0 0.8526315789473685 0
0 0.8368421052631581 0
0 0.8210526315789475 0
0 0.805263157894737 0
0 0.7894736842105264 0
0 0.773684210526316 0
0 0.7578947368421054 0
0 0.7421052631578948 0
0 0.7263157894736842 0
0 0.7105263157894738 0
0 0.6947368421052632 0
0 0.6789473684210527 0
0 0.6631578947368422 0
0 0.6473684210526316 0
0 0.631578947368421 0
0 0.6157894736842106 0
1 8 0 18
87
88
89
90
91
92
93
94
95
96
97
98
99
100
101
102
103
104
0.1157894736842105 0.5 0
0.131578947368421 0.5 0
0.1473684210526315 0.5 0
0.163157894736842 0.5 0
0.1789473684210525 0.5 0
0.194736842105263 0.5 0
0.2105263157894736 0.5 0
0.2263157894736841 0.5 0
0.2421052631578946 0.5 0
0.2578947368421052 0.5 0
0.2736842105263158 0.5 0
0.2894736842105262 0.5 0
0.3052631578947368 0.5 0
0.3210526315789474 0.5 0
0.3368421052631578 0.5 0
0.3526315789473684 0.5 0
0.368421052631579 0.5 0
0.3842105263157894 0.5 0
1 9 0 18
105
106
107
108
109
110
111
112
113
114
115
116
117
118
119
120
121
122
0.5 0.3842105263157895 0
0.5 0.368421052631579 0
0.5 0.3526315789473685 0
0.5 0.3368421052631581 0
0.5 0.3210526315789475 0
0.5 0.305263157894737 0
0.5 0.2894736842105264 0
0.5 0.2736842105263159 0
0.5 0.2578947368421054 0
0.5 0.2421052631578949 0
0.5 0.2263157894736843 0
0.5 0.2105263157894738 0
0.5 0.1947368421052632 0
0.5 0.1789473684210527 0
0.5 0.1631578947368422 0
0.5 0.1473684210526316 0
0.5 0.1315789473684211 0
0.5 0.1157894736842106 0
1 10 0 38
123
124
125
126
127
128
129
130
131
132
133
134
135
136
137
138
139
140
141
142
143
144
145
146
147
148
149
150
151
152
153
154
155
156
157
158
159
160
0.3794871794871795 0 0
0.3589743589743589 0 0
0.3384615384615384 0 0
0.3179487179487178 0 0
0.2974358974358973 0 0
0.2769230769230767 0 0
0.2564102564102562 0 0
0.2358974358974356 0 0
0.215384615384615 0 0
0.1948717948717945 0 0
0.1743589743589739 0 0
0.1538461538461534 0 0
0.1333333333333329 0 0
0.1128205128205124 0 0
0.09230769230769187 0 0
0.07179487179487143 0 0
0.05128205128205093 0 0
0.03076923076923044 0 0
0.01025641025640994 0 0
-0.01025641025641055 0 0
-0.0307692307692311 0 0
-0.05128205128205165 0 0
-0.07179487179487215 0 0
-0.0923076923076927 0 0
-0.1128205128205132 0 0
-0.1333333333333337 0 0
-0.1538461538461542 0 0
-0.1743589743589746 0 0
-0.1948717948717952 0 0
-0.2153846153846157 0 0
-0.2358974358974362 0 0
-0.2564102564102566 0 0
-0.2769230769230772 0 0
-0.2974358974358976 0 0
-0.3179487179487182 0 0
-0.3384615384615386 0 0
-0.358974358974359 0 0
-0.3794871794871796 0 0
1 11 0 6
161
162
163
164
165
166
-0.4974927912181824 0.9222520933956314 0
-0.490096886790242 0.9433883739117557 0
-0.4781831482468031 0.9623489801858732 0
-0.4623489801858736 0.9781831482468029 0
-0.443388373911756 0.9900968867902418 0
-0.4222520933956316 0.9974927912181824 0
1 12 0 6
167
168
169
170
171
172
-0.07774790660436859 0.9974927912181824 0
-0.05661162608824431 0.990096886790242 0
-0.03765101981412683 0.9781831482468031 0
-0.02181685175319717 0.9623489801858736 0
-0.00990311320975816 0.9433883739117559 0
-0.002507208781817691 0.9222520933956315 0
1 13 0 6
173
174
175
176
177
178
0.002507208781817635 0.5777479066043685 0
0.009903113209758105 0.5566116260882441 0
0.02181685175319707 0.5376510198141266 0
0.03765101981412675 0.5218168517531969 0
0.05661162608824429 0.509903113209758 0
0.07774790660436859 0.5025072087818176 0
1 14 0 6
179
180
181
182
183
184
0.4222520933956314 0.4974927912181824 0
0.4433883739117557 0.490096886790242 0
0.4623489801858732 0.4781831482468031 0
0.4781831482468029 0.4623489801858735 0
0.4900968867902419 0.4433883739117559 0
0.4974927912181824 0.4222520933956316 0
1 15 0 6
185
186
187
188
189
190
0.4974927912181824 0.07774790660436852 0
0.4900968867902419 0.05661162608824414 0
0.4781831482468029 0.03765101981412658 0
0.4623489801858733 0.02181685175319693 0
0.4433883739117557 0.009903113209758035 0
0.4222520933956314 0.002507208781817635 0
1 16 0 6
191
192
193
194
195
196
-0.4222520933956315 0.002507208781817635 0
-0.4433883739117558 0.009903113209758105 0
-0.4623489801858734 0.02181685175319709 0
-0.4781831482468031 0.03765101981412677 0
-0.4900968867902419 0.05661162608824425 0
-0.4974927912181824 0.07774790660436862 0
2 2 0 2382
197
198
199
200
201
202
203
204
205
206
207
208
209
210
211
212
213
214
215
216
217
218
219
220
221
222
223
224
225
226
227
228
229
230
231
232
233
234
235
236
237
238
239
240
241
242
243
244
245
246
247
248
249
250
251
252
253
254
255
256
257
258
259
260
261
262
263
264
265
266
267
268
269
270
271
272
273
274
275
276
277
278
279
280
281
282
283
284
285
286
287
288
289
290
291
292
293
294
295
296
297
298
299
300
301
302
303
304
305
306
307
308
309
310
311
312
313
314
315
316
317
318
319
320
321
322
323
324
325
326
327
328
329
330
331
332
333
334
335
336
337
338
339
340
341
342
343
344
345
346
347
348
349
350
351
352
353
354
355
356
357
358
359
360
361
362
363
364
365
366
367
368
369
370
371
372
373
374
375
376
377
378
379
380
381
382
383
384
385
386
387
388
389
390
391
392
393
394
395
396
397
398
399
400
401
402
403
404
405
406
407
408
409
410
411
412
413
414
415
416
417
418
419
420
421
422
423
424
425
426
427
428
429
430
431
432
433
434
435
436
437
438
439
440
441
442
443
444
445
446
447
448
449
450
451
452
453
454
455
456
457
458
459
460
461
462
463
464
465
466
467
468
469
470
471
472
473
474
475
476
477
478
479
480
481
482
483
484
485
486
487
488
489
490
491
492
493
494
495
496
497
498
499
500
501
502
503
504
505
506
507
508
509
510
511
512
513
514
515
516
517
518
519
520
521
522
523
524
525
526
527
528
529
530
531
532
533
534
535
536
537
538
539
540
541
542
543
544
545
546
547
548
549
550
551
552
553
554
555
556
557
558
559
560
561
562
563
564
565
566
567
568
569
570
571
572
573
574
575
576
577
578
579
580
581
582
583
584
585
586
587
588
589
590
591
592
593
594
595
596
597
598
599
600
601
602
603
604
605
606
607
608
609
610
611
612
613
614
615
616
617
618
619
620
621
622
623
624
625
626
627
628
629
630
631
632
633
634
635
636
637
638
639
640
641
642
643
644
645
646
647
648
649
650
651
652
653
654
655
656
657
658
659
660
661
662
663
664
665
666
667
668
669
670
671
672
673
674
675
676
677
678
679
680
681
682
683
684
685
686
687
688
689
690
691
692
693
694
695
696
697
698
699
700
701
702
703
704
705
706
707
708
709
710
711
712
713
714
715
716
717
718
719
720
721
722
723
724
725
726
727
728
729
730
731
732
733
734
735
736
737
738
739
740
741
742
743
744
745
746
747
748
749
750
751
752
753
754
755
756
757
758
759
760
761
762
763
764
765
766
767
768
769
770
771
772
773
774
775
776
777
778
779
780
781
782
783
784
785
786
787
788
789
790
791
792
793
794
795
796
797
798
799
800
801
802
803
804
805
806
807
808
809
810
811
812
813
814
815
816
817
818
819
820
821
822
823
824
825
826
827
828
829
830
831
832
833
834
835
836
837
838
839
840
841
842
843
844
845
846
847
848
849
850
851
852
853
854
855
856
857
858
859
860
861
862
863
864
865
866
867
868
869
870
871
872
873
874
875
876
877
878
879
880
881
882
883
884
885
886
887
888
889
890
891
892
893
894
895
896
897
898
899
900
901
902
903
904
905
906
907
908
909
910
911
912
913
914
915
916
917
918
919
920
921
922
923
924
925
926
927
928
929
930
931
932
933
934
935
936
937
938
939
940
941
942
943
944
945
946
947
948
949
950
951
952
953
954
955
956
957
958
959
960
961
962
963
964
965
966
967
968
969
970
971
972
973
974
975
976
977
978
979
980
981
982
983
984
985
986
987
988
989
990
991
992
993
994
995
996
997
998
999
1000
1001
1002
1003
1004
1005
1006
1007
1008
1009
1010
1011
1012
1013
1014
1015
1016
1017
1018
1019
1020
1021
1022
1023
1024
1025
1026
1027
1028
1029
1030
1031
1032
1033
1034
1035
1036
1037
1038
1039
1040
1041
1042
1043
1044
1045
1046
1047
1048
1049
1050
1051
1052
1053
1054
1055
1056
1057
1058
1059
1060
1061
1062
1063
1064
1065
1066
1067
1068
1069
1070
1071
1072
1073
1074
1075
1076
1077
1078
1079
1080
1081
1082
1083
1084
1085
1086
1087
1088
1089
1090
1091
1092
1093
1094
1095
1096
1097
1098
1099
1100
1101
1102
1103
1104
1105
1106
1107
1108
1109
1110
1111
1112
1113
1114
1115
1116
1117
1118
1119
1120
1121
1122
1123
1124
1125
1126
1127
1128
1129
1130
1131
1132
1133
1134
1135
1136
1137
1138
1139
1140
1141
1142
1143
1144
1145
1146
1147
1148
1149
1150
1151
1152
1153
1154
1155
1156
1157
1158
1159
1160
1161
1162
1163
1164
1165
1166
1167
1168
1169
1170
1171
1172
1173
1174
1175
1176
1177
1178
1179
1180
1181
1182
1183
1184
1185
1186
1187
1188
1189
1190
1191
1192
1193
1194
1195
1196
1197
1198
1199
1200
1201
1202
1203
1204
1205
1206
1207
1208
1209
1210
1211
1212
1213
1214
1215
1216
1217
1218
1219
1220
1221
1222
1223
1224
1225
1226
1227
1228
1229
1230
1231
1232
1233
1234
1235
1236
1237
1238
1239
1240
1241
1242
1243
1244
1245
1246
1247
1248
1249
1250
1251
1252
1253
1254
1255
1256
1257
1258
1259
1260
1261
1262
1263
1264
1265
1266
1267
1268
1269
1270
1271
1272
1273
1274
1275
1276
1277
1278
1279
1280
1281
1282
1283
1284
1285
1286
1287
1288
1289
1290
1291
1292
1293
1294
1295
1296
1297
1298
1299
1300
1301
1302
1303
1304
1305
1306
1307
1308
1309
1310
1311
1312
1313
1314
1315
1316
1317
1318
1319
1320
1321
1322
1323
1324
1325
1326
1327
1328
1329
1330
1331
1332
1333
1334
1335
1336
1337
1338
1339
1340
1341
1342
1343
1344
1345
1346
1347
1348
1349
1350
1351
1352
1353
1354
1355
1356
1357
1358
1359
1360
1361
1362
1363
1364
1365
1366
1367
1368
1369
1370
1371
1372
1373
1374
1375
1376
1377
1378
1379
1380
1381
1382
1383
1384
1385
1386
1387
1388
1389
1390
1391
1392
1393
1394
1395
1396
1397
1398
1399
1400
1401
1402
1403
1404
1405
1406
1407
1408
1409
1410
1411
1412
1413
1414
1415
1416
1417
1418
1419
1420
1421
1422
1423
1424
1425
1426
1427
1428
1429
1430
1431
1432
1433
1434
1435
1436
1437
1438
1439
1440
1441
1442
1443
1444
1445
1446
1447
1448
1449
1450
1451
1452
1453
1454
1455
1456
1457
1458
1459
1460
1461
1462
1463
1464
1465
1466
1467
1468
1469
1470
1471
1472
1473
1474
1475
1476
1477
1478
1479
1480
1481
1482
1483
1484
1485
1486
1487
1488
1489
1490
1491
1492
1493
1494
1495
1496
1497
1498
1499
1500
1501
1502
1503
1504
1505
1506
1507
1508
1509
1510
1511
1512
1513
1514
1515
1516
1517
1518
1519
1520
1521
1522
1523
1524
1525
1526
1527
1528
1529
1530
1531
1532
1533
1534
1535
1536
1537
1538
1539
1540
1541
1542
1543
1544
1545
1546
1547
1548
1549
1550
1551
1552
1553
1554
1555
1556
1557
1558
1559
1560
1561
1562
1563
1564
1565
1566
1567
1568
1569
1570
1571
1572
1573
1574
1575
1576
1577
1578
1579
1580
1581
1582
1583
1584
1585
1586
1587
1588
1589
1590
1591
1592
1593
1594
1595
1596
1597
1598
1599
1600
1601
1602
1603
1604
1605
1606
1607
1608
1609
1610
1611
1612
1613
1614
1615
1616
1617
1618
1619
1620
1621
1622
1623
1624
1625
1626
1627
1628
1629
1630
1631
1632
1633
1634
1635
1636
1637
1638
1639
1640
1641
1642
1643
1644
1645
1646
1647
1648
1649
1650
1651
1652
1653
1654
1655
1656
1657
1658
1659
1660
1661
1662
1663
1664
1665
1666
1667
1668
1669
1670
1671
1672
1673
1674
1675
1676
1677
1678
1679
1680
1681
1682
1683
1684
1685
1686
1687
1688
1689
1690
1691
1692
1693
1694
1695
1696
1697
1698
1699
1700
1701
1702
1703
1704
1705
1706
1707
1708
1709
1710
1711
1712
1713
1714
1715
1716
1717
1718
1719
1720
1721
1722
1723
1724
1725
1726
1727
1728
1729
1730
1731
1732
1733
1734
1735
1736
1737
1738
1739
1740
1741
1742
1743
1744
1745
1746
1747
1748
1749
1750
1751
1752
1753
1754
1755
1756
1757
1758
1759
1760
1761
1762
1763
1764
1765
1766
1767
1768
1769
1770
1771
1772
1773
1774
1775
1776
1777
1778
1779
1780
1781
1782
1783
1784
1785
1786
1787
1788
1789
1790
1791
1792
1793
1794
1795
1796
1797
1798
1799
1800
1801
1802
1803
1804
1805
1806
1807
1808
1809
1810
1811
1812
1813
1814
1815
1816
1817
1818
1819
1820
1821
1822
1823
1824
1825
1826
1827
1828
1829
1830
1831
1832
1833
1834
1835
1836
1837
1838
1839
1840
1841
1842
1843
1844
1845
1846
1847
1848
1849
1850
1851
1852
1853
1854
1855
1856
1857
1858
1859
1860
1861
1862
1863
1864
1865
1866
1867
1868
1869
1870
1871
1872
1873
1874
1875
1876
1877
1878
1879
1880
1881
1882
1883
1884
1885
1886
1887
1888
1889
1890
1891
1892
1893
1894
1895
1896
1897
1898
1899
1900
1901
1902
1903
1904
1905
1906
1907
1908
1909
1910
1911
1912
1913
1914
1915
1916
1917
1918
1919
1920
1921
1922
1923
1924
1925
1926
1927
1928
1929
1930
1931
1932
1933
1934
1935
1936
1937
1938
1939
1940
1941
1942
1943
1944
1945
1946
1947
1948
1949
1950
1951
1952
1953
1954
1955
1956
1957
1958
1959
1960
1961
1962
1963
1964
1965
1966
1967
1968
1969
1970
1971
1972
1973
1974
1975
1976
1977
1978
1979
1980
1981
1982
1983
1984
1985
1986
1987
1988
1989
1990
1991
1992
1993
1994
1995
1996
1997
1998
1999
2000
2001
2002
2003
2004
2005
2006
2007
2008
2009
2010
2011
2012
2013
2014
2015
2016
2017
2018
2019
2020
2021
2022
2023
2024
2025
2026
2027
2028
2029
2030
2031
2032
2033
2034
2035
2036
2037
2038
2039
2040
2041
2042
2043
2044
2045
2046
2047
2048
2049
2050
2051
2052
2053
2054
2055
2056
2057
2058
2059
2060
2061
2062
2063
2064
2065
2066
2067
2068
2069
2070
2071
2072
2073
2074
2075
2076
2077
2078
2079
2080
2081
2082
2083
2084
2085
2086
2087
2088
2089
2090
2091
2092
2093
2094
2095
2096
2097
2098
2099
2100
2101
2102
2103
2104
2105
2106
2107
2108
2109
2110
2111
2112
2113
2114
2115
2116
2117
2118
2119
2120
2121
2122
2123
2124
2125
2126
2127
2128
2129
2130
2131
2132
2133
2134
2135
2136
2137
2138
2139
2140
2141
2142
2143
2144
2145
2146
2147
2148
2149
2150
2151
2152
2153
2154
2155
2156
2157
2158
2159
2160
2161
2162
2163
2164
2165
2166
2167
2168
2169
2170
2171
2172
2173
2174
2175
2176
2177
2178
2179
2180
2181
2182
2183
2184
2185
2186
2187
2188
2189
2190
2191
2192
2193
2194
2195
2196
2197
2198
2199
2200
2201
2202
2203
2204
2205
2206
2207
2208
2209
2210
2211
2212
2213
2214
2215
2216
2217
2218
2219
2220
2221
2222
2223
2224
2225
2226
2227
2228
2229
2230
2231
2232
2233
2234
2235
2236
2237
2238
2239
2240
2241
2242
2243
2244
2245
2246
2247
2248
2249
2250
2251
2252
2253
2254
2255
2256
2257
2258
2259
2260
2261
2262
2263
2264
2265
2266
2267
2268
2269
2270
2271
2272
2273
2274
2275
2276
2277
2278
2279
2280
2281
2282
2283
2284
2285
2286
2287
2288
2289
2290
2291
2292
2293
2294
2295
2296
2297
2298
2299
2300
2301
2302
2303
2304
2305
2306
2307
2308
2309
2310
2311
2312
2313
2314
2315
2316
2317
2318
2319
2320
2321
2322
2323
2324
2325
2326
2327
2328
2329
2330
2331
2332
2333
2334
2335
2336
2337
2338
2339
2340
2341
2342
2343
2344
2345
2346
2347
2348
2349
2350
2351
2352
2353
2354
2355
2356
2357
2358
2359
2360
2361
2362
2363
2364
2365
2366
2367
2368
2369
2370
2371
2372
2373
2374
2375
2376
2377
2378
2379
2380
2381
2382
2383
2384
2385
2386
2387
2388
2389
2390
2391
2392
2393
2394
2395
2396
2397
2398
2399
2400
2401
2402
2403
2404
2405
2406
2407
2408
2409
2410
2411
2412
2413
2414
2415
2416
2417
2418
2419
2420
2421
2422
2423
2424
2425
2426
2427
2428
2429
2430
2431
2432
2433
2434
2435
2436
2437
2438
2439
2440
2441
2442
2443
2444
2445
2446
2447
2448
2449
2450
2451
2452
2453
2454
2455
2456
2457
2458
2459
2460
2461
2462
2463
2464
2465
2466
2467
2468
2469
2470
2471
2472
2473
2474
2475
2476
2477
2478
2479
2480
2481
2482
2483
2484
2485
2486
2487
2488
2489
2490
2491
2492
2493
2494
2495
2496
2497
2498
2499
2500
2501
2502
2503
2504
2505
2506
2507
2508
2509
2510
2511
2512
2513
2514
2515
2516
2517
2518
2519
2520
2521
2522
2523
2524
2525
2526
2527
2528
2529
2530
2531
2532
2533
2534
2535
2536
2537
2538
2539
2540
2541
2542
2543
2544
2545
2546
2547
2548
2549
2550
2551
2552
2553
2554
2555
2556
2557
2558
2559
2560
2561
2562
2563
2564
2565
2566
2567
2568
2569
2570
2571
2572
2573
2574
2575
2576
2577
2578
0.2657894736842105 0.4863259146770879 0
0.4867035752394643 0.2512097730491386 0
-0.01340671807144708 0.764968179779316 0
-0.2507172943498274 0.9859181476020873 0
0.1867711160885208 0.4866023748756907 0
-0.01415287082454861 0.687875625509296 0
-0.1827307712287677 0.01608439420591462 0
-0.4823332452097855 0.3152110182335568 0
0.06477488732034867 0.01600840335186587 0
-0.4794546002418006 0.5625509823436011 0
-0.4834410864019406 0.4181288225000994 0
-0.08386228192028373 0.01731654761891743 0
-0.4823528244196374 0.7256411059519726 0
0.2258998785738103 0.01782512003304743 0
0.4863923376864024 0.3296672786983565 0
-0.1710912845079662 0.9845032512579313 0
-0.4830656544276118 0.2122396036389752 0
-0.4845145084633978 0.808302538001748 0
0.3073827431038369 0.01758164833523523 0
-0.4825039836490564 0.6436337568950999 0
0.1435897676446353 0.01714506815581446 0
-0.2880494935613803 0.01798128258944587 0
0.3276706637086093 0.4843047713963802 0
-0.01210772511531498 0.8303434778234327 0
-0.3156083712057296 0.9875145956211875 0
0.4868217021504446 0.1863487301418436 0
-0.01364562382612771 0.6223503964473271 0
0.1235094808920695 0.4858718000689266 0
-0.3763335723328547 0.9863042645123812 0
0.4855396429732907 0.1238462898517166 0
-0.01346106474899727 0.8917355800595127 0
0.3906991330969002 0.4864367670419391 0
-0.4811029773788421 0.1297806120075455 0
0.4866259129013127 0.3904773772211879 0
-0.1075817390036822 0.9847682960323962 0
-0.3692307692307693 0.01776462366737303 0
-0.4835641278430397 0.8690848762162834 0
0.3675979968438131 0.01654447374274692 0
-0.4812369709591617 0.497282430173597 0
0.002264871400189467 0.01446201664537822 0
-0.456553272427781 0.9565532724277808 0
0.4565597100583769 0.0442610134098288 0
-0.4578264492700834 0.04319816483705657 0
0.4573505045747451 0.4595266147392807 0
-0.04626907506958128 0.9578743105518024 0
-0.482879832985606 0.7651781023263455 0
0.2668414546101362 0.01774529857014273 0
0.1862431531862249 0.0197895089245182 0
0.1036587973712839 0.01593299868943859 0
-0.4822486267258246 0.6847236201596518 0
-0.4837488663736884 0.602973927831901 0
-0.03894606501762436 0.01670643985283915 0
-0.4815130048549787 0.4592417556442236 0
-0.484282801358196 0.1717236261391308 0
-0.139422894377734 0.9846631024707344 0
0.4863259146770879 0.3605263157894738 0
0.3610006256695307 0.4857323961420721 0
-0.4826160946715075 0.2545070996946026 0
-0.2452299559139651 0.01573582512766974 0
-0.3282051282051284 0.01776462366737303 0
-0.2029439316620696 0.9852606433690074 0
0.4862371260555721 0.2992690887880292 0
-0.01279205320788361 0.7994008222612268 0
-0.01258753268176471 0.8609128440515053 0
-0.4827458078326823 0.358031408904693 0
-0.1414891730295731 0.01502705246285235 0
0.2335523738203672 0.4871378672259425 0
0.2973684210526314 0.4863259146770878 0
-0.01367408532291219 0.7342105263157896 0
0.4866378834414442 0.2177491550172626 0
-0.01272266506697292 0.6545631931150375 0
0.1552631578947367 0.4865771743300943 0
-0.282925301458251 0.9864993904461126 0
-0.3447368421052633 0.986325914677088 0
0.4871847669497766 0.1550402497689493 0
-0.4847729041234761 0.9090292585351487 0
0.4099854405184441 0.01797510138725916 0
-0.4092748875493072 0.982316903752841 0
0.4832790723874223 0.09046090120748029 0
-0.4800317747716452 0.09410537980544648 0
-0.4090458900579479 0.01971550519612275 0
0.4274517952261839 0.4757159547839732 0
0.4788221572958204 0.4267981734924804 0
-0.07238279302770528 0.9773275928617506 0
-0.02089608275041402 0.9262325457562102 0
0.2871862651020144 0.01765686403352218 0
0.2769832725520122 0.03528024027684462 0
0.2569284977419828 0.03539472578458486 0
0.2669944743966826 0.05267872386197309 0
0.2471305710637339 0.05281730935917395 0
0.2572940007583926 0.06985034676113494 0
0.276881473152326 0.0697836238219891 0
0.2672875329648251 0.08671880963799339 0
0.2862048654653971 0.0868614917597445 0
0.2770772520782399 0.103407497248883 0
0.2578276869227226 0.1035803024470451 0
0.2675918082631873 0.1200488642227338 0
0.2485098530827277 0.1202816181601744 0
0.2582079627931277 0.1366791105050973 0
0.2392316914146498 0.1368800661850361 0
0.2488282712870223 0.1531379537886531 0
0.2300408693999521 0.1533281154515777 0
0.2396086256618014 0.1695345166061271 0
0.2208180292438872 0.1696945207571051 0
0.2303819387473467 0.1859275830414114 0
0.2115789530616827 0.1860905059230134 0
0.2211324716748118 0.2023738404989256 0
0.2021775229575957 0.2025494662719254 0
0.2112435762800278 0.2192174505510162 0
0.1919741936019465 0.2198812969103821 0
0.2305884286707915 0.2186664403879683 0
0.2208413397418094 0.2354072007082001 0
0.2400510236248968 0.2347986413604027 0
0.2305966579943611 0.2512420633037507 0
0.2496661601458316 0.2506328629554653 0
0.24016691183982 0.2669050817050596 0
0.2589409937292271 0.266312219610681 0
0.2771857000931987 0.1364709917777976 0
0.182750646485753 0.2026926311384477 0
0.172739998186437 0.2202588545689667 0
0.1630965919702643 0.2021574144243227 0
0.1533441588009994 0.2199254985546612 0
0.14329023013022 0.2020493687967569 0
0.1334501168007214 0.2200619472548858 0
0.1232816667517077 0.2026656195786013 0
0.1133628034480581 0.2202802954874468 0
0.1236035004585142 0.2377015036498517 0
0.1033894027565805 0.2379748427581945 0
0.09301501315632171 0.2205007531037154 0
0.0830081203189097 0.2383396324454791 0
0.07253352196928128 0.2207188447489425 0
0.06250410995158254 0.2388625521038812 0
0.05190794891914352 0.2210539528774133 0
0.04189331777351965 0.2393494913269412 0
0.03121042730609559 0.2213400559990841 0
0.0211526816744743 0.2394551882935671 0
0.0104526463436358 0.2216076072265948 0
0.0003593331671230271 0.2397716299144018 0
0.001179816480802176 0.5333134783611726 0
-0.0103208043887289 0.2219327567106989 0
-0.02042570227349049 0.2400924418363914 0
-0.03109297014957781 0.2222545281417994 0
-0.0412004937666742 0.240410624661858 0
-0.05187440290747933 0.2225869276011989 0
-0.06197933838540193 0.2407350632472476 0
-0.05129849826323122 0.2585798728694274 0
-0.072106159918064 0.258905994112009 0
-0.08277514797931167 0.2410456638052509 0
-0.0929177035640686 0.2589445771234028 0
-0.1035747464056565 0.2412939056310248 0
-0.1137133031397096 0.259173711480592 0
-0.124358075885068 0.2415639192625854 0
-0.1345083558224971 0.2597002606529986 0
-0.1229429415755309 0.2772912384014214 0
-0.1440334889429761 0.2781213952324172 0
-0.1552028478295381 0.2600581019378841 0
-0.1653712441077229 0.2782408539631455 0
-0.1760872060421902 0.2603397304024997 0
-0.1542224150116182 0.2964204856090559 0
-0.1755793071730555 0.2964559657190839 0
-0.1649277884785982 0.3144365280710897 0
-0.1859049148630079 0.3146173855001136 0
-0.1752857366604309 0.3325679083877768 0
-0.1960267834656549 0.3327744436139436 0
-0.1854748178694823 0.3495610950316262 0
-0.2060282631607029 0.3506462260683771 0
-0.1934446102835423 0.3684184856187273 0
-0.2155918154150311 0.368628208083897 0
-0.2060352786762094 0.3856941236340081 0
-0.2157867874847622 0.3344795216116526 0
-0.2257988358369545 0.3862470253084981 0
-0.2156598964957522 0.4034955001600227 0
-0.2355698641581186 0.40378977993735 0
-0.2254624374114628 0.4209087886267502 0
-0.2452346534906059 0.4211804942113316 0
-0.2352111062522867 0.4381691400893452 0
0.07313079869103681 0.256359365557551 0
-0.1646205631985611 0.3503495003479055 0
-0.2551060446757332 0.4391725248016933 0
-0.2448546347870195 0.4554408207219959 0
-0.2556904023648816 0.4055511433769898 0
0.03917083096610013 0.5016231364539863 0
0.250017809454298 0.2821344586712635 0
0.2681123776924123 0.281795712696875 0
0.2769074024080059 0.266099147013359 0
0.2859992843290041 0.2814028192965404 0
0.2946165171905219 0.2660109539436089 0
-0.2252291880810032 0.4551220404620243 0
-0.2348618072276809 0.4722689906395944 0
-0.2543447533725255 0.4723940046595725 0
-0.2445284966984835 0.4891578863458397 0
-0.2634749934467832 0.489501976095164 0
-0.2542037546341164 0.5060625535698813 0
-0.2348378002270589 0.505838086422326 0
-0.2445296744089558 0.5225799814418801 0
-0.2252729934122946 0.522349290490878 0
-0.2346889357857468 0.5388922544593326 0
-0.2536199017053408 0.5390592897835003 0
-0.2429816998622095 0.5547955166903005 0
-0.2248106435276511 0.5550251833143155 0
-0.2340462068942055 0.5714076274835439 0
-0.2535914097698631 0.5706440985087299 0
-0.2426326669955954 0.5871536580081849 0
-0.2250669043602652 0.5869931129604908 0
-0.2338586202737269 0.6037095979215586 0
-0.2533581568696964 0.6033022191575341 0
-0.2422237887454273 0.6193549287977186 0
-0.2243854932229115 0.6196499142427185 0
-0.2332166076322247 0.6355697126789983 0
-0.2495319448441318 0.6337672362357016 0
-0.2410699304598279 0.6508502258521454 0
-0.2238841114794003 0.6512575740633764 0
-0.2326025216526846 0.6670411438889485 0
-0.2489083229448528 0.6655437676379824 0
-0.2404064944413093 0.6822672771208605 0
-0.2202053544541548 0.6824708576639772 0
-0.2311922936180726 0.698091902720531 0
-0.2483359210075817 0.6973119517041166 0
-0.2396735714822654 0.7136243968411931 0
-0.2225065829449714 0.713362450028197 0
-0.2308054166034408 0.7288773217950407 0
-0.2484710252331885 0.7294072659448698 0
-0.2392071625844229 0.7444702358341442 0
-0.2568843825170526 0.7446455737202562 0
-0.2475487275835908 0.759981168237033 0
-0.2299971936195149 0.7594094524297053 0
-0.2652411033362441 0.7606410792124421 0
-0.2382161798310195 0.7748526390132822 0
-0.2208026589523616 0.7742869675590645 0
-0.2289401266065865 0.789548661627773 0
-0.2117360896109984 0.7889896118914494 0
0.3035371171787243 0.2812248039850839 0
0.2950141720845155 0.2965816902356181 0
-0.219800055567026 0.8041302100369925 0
-0.2027070276840079 0.8035006775416098 0
-0.1946556486330969 0.7884832282324977 0
-0.185713809363162 0.8029240297900462 0
0.3125177343840532 0.2962913675253365 0
0.3121454172149812 0.2659064396933765 0
-0.177694603817241 0.7879711488152612 0
0.3040671113084029 0.3114569719822534 0
0.3212908502692062 0.3112404315709322 0
-0.1972070127553414 0.4015689999044342 0
-0.1936725326244629 0.8178631873544342 0
-0.176770413559266 0.8172888881111631 0
0.01111052090715189 0.2577443182499476 0
-0.23694819081267 0.804746387944164 0
-0.1142179741185373 0.2234857220977418 0
-0.2746583825776983 0.7451223879940906 0
-0.283055360728458 0.7613245011640408 0
-0.2922837040963107 0.7452975898051957 0
-0.3010023796501025 0.7620414364976187 0
0.3128875475343784 0.3262633020426697 0
0.3300094472401435 0.3259797806163937 0
0.3383828361898649 0.3110951708839885 0
-0.3098065844574863 0.7454349143101108 0
-0.1846858420507456 0.8321210002710089 0
-0.1679600778528676 0.8315713952116679 0
0.2314573134115546 0.283038400568257 0
-0.06141323411189686 0.2767809526406746 0
-0.3191005706137782 0.7627034881824135 0
0.04110714103899504 0.2031129301992056 0
-0.02097721818382016 0.2041017956719801 0
0.3474858104369889 0.3255254370017222 0
0.3388269234956303 0.3404833341570889 0
0.3553848579408281 0.3108985473916993 0
-0.1758014193750901 0.8462945994350349 0
-0.1591948390777111 0.8457042167054708 0
-0.1513424869357507 0.8310764224246993 0
-0.3282805670056157 0.7466695573986017 0
0.3567187607782736 0.339748922426545 0
-0.1426290749117195 0.8451253836540429 0
0.1331478654380343 0.1846448071105734 0
-0.3374826322429371 0.7634378974477235 0
-0.3277858556922814 0.7791702004952106 0
0.3476652662884466 0.3547661589868066 0
0.2203617652802249 0.1371631241960904 0
-0.1348265834102541 0.8305518749617145 0
0.3649425945347804 0.3542469903304536 0
0.2413031181432637 0.297905161224247 0
0.2234140835800973 0.2982558039351572 0
0.2326982975110085 0.3135396634997147 0
0.2148547954647286 0.3139713076171782 0
0.2239735854924036 0.3291567377120601 0
0.2063464899500195 0.329597746570167 0
0.2153759916916089 0.3446436823670406 0
0.1978660426398918 0.3450730098146716 0
-0.1504244879209962 0.8597118052454379 0
-0.133919661887577 0.8590588857697656 0
-0.1924720145874174 0.8468763966827375 0
-0.3462052760062657 0.7799171210162306 0
-0.3365025020507003 0.7954458183064084 0
0.2069404601264391 0.3600103514993424 0
0.1894924393195666 0.3604060374362176 0
0.1803655342084244 0.3462216156238086 0
0.1719484402040816 0.3610665944872398 0
0.2247098793120074 0.3592665686017267 0
-0.347361617014498 0.7477387145822406 0
-0.3380493390668732 0.7309584509848557 0
-0.3548057804775124 0.7962050828021918 0
-0.3451288101304109 0.8117017221684818 0
0.3562023389247008 0.3690652521933964 0
0.3394857512008265 0.3693908858365032 0
0.1626810815212866 0.3466686387655432 0
0.1541709044718712 0.361600742959429 0
-0.3634190965787072 0.8127352439274169 0
-0.3534917212970855 0.8282356281254776 0
-0.1416719757639259 0.8736275641858753 0
-0.3572881578356523 0.7318945937296808 0
-0.3481362175581817 0.7151274489523864 0
-0.335178247833101 0.8267735134009186 0
-0.3437030163825104 0.8432015679541019 0
-0.325867577493421 0.8425065829768601 0
-0.3341394918539475 0.8581896716794095 0
-0.3165090135877506 0.8575235332715184 0
-0.3516978886942261 0.8595075929874162 0
0.215980799888578 0.3748557255129024 0
0.2332153492196942 0.3745506240512378 0
0.3728334604518996 0.3688345044498084 0
0.3818071378845157 0.3542557169069136 0
-0.3246711544216223 0.8729865423425387 0
-0.3073128582378052 0.872280133706418 0
0.303295427170289 0.2507448544698745 0
0.3208514638558419 0.250581365207056 0
-0.1251689132407019 0.8729919441550957 0
0.1445061912181776 0.3450886805143327 0
0.1356511727741563 0.3623856181180152 0
0.1638271115820977 0.3769598638868885 0
0.3479874467504032 0.3836518830124226 0
0.3314399122052687 0.3839271270647021 0
0.3894869296309795 0.3686804166633566 0
-0.3673430284917626 0.7159161071370268 0
-0.3581179253915531 0.6990026538332288 0
-0.1329474305394228 0.8875771142381933 0
-0.1494325086307077 0.8881490475455153 0
0.3119387639339921 0.2354507213692747 0
0.3294982375978311 0.2352597446675971 0
0.1257783251853805 0.3450585165544802 0
0.1166776872663903 0.3629427173466764 0
-0.3732402703698277 0.7969094724117265 0
-0.3819303179525766 0.8137607870277567 0
0.1061545673503638 0.3460018687736833 0
0.09714044528719856 0.3637485608586255 0
0.08642048373112565 0.3465487741398299 0
0.07722648709912372 0.3643292204492501 0
0.08802480869621265 0.3812268782545464 0
0.06803091585779217 0.3821842958537678 0
0.05705415483054946 0.3649854312717273 0
0.04752352570994292 0.3831891306989735 0
0.03643018397623911 0.3657275960367665 0
0.02674350773573594 0.3841238720632975 0
0.01559153990072423 0.3665405620732608 0
0.005869283832547423 0.3850052084177517 0
-0.3153842656449762 0.8876194117605956 0
-0.2981887133885411 0.8869027415724859 0
0.2248729732585384 0.3894730727597446 0
0.2425034324670234 0.3887943055719852 0
0.3975887788984706 0.3543271586313494 0
-0.116419654188067 0.887017047494411 0
-0.1086024969475034 0.872363764009926 0
0.3206455960337918 0.2201824786745342 0
0.3381349249473478 0.2200662202365507 0
0.3470135683149246 0.2350841098330405 0
0.3555645236025998 0.2199809204031285 0
0.3643520573133899 0.2348291657841803 0
0.372779669085624 0.2198997798095258 0
0.3641092061769063 0.2049979199000687 0
0.3814712985128875 0.2347052733310572 0
0.3813923569165171 0.2049317687289816 0
0.3728768406871188 0.1901324316546544 0
0.3899896990165395 0.189838770746972 0
0.3814491259870532 0.1751114480805771 0
-0.00530186460766971 0.3673600876872234 0
-0.01501294921600069 0.3858227635365787 0
-0.02614784897105317 0.3680281759879823 0
-0.03584095759118511 0.3865938088050643 0
-0.04694511085220325 0.3688321484788041 0
-0.05662134599173652 0.3873967419894563 0
-0.0457058131195139 0.4049179376186574 0
-0.06635309780116784 0.4058309866053265 0
-0.05540111592495012 0.4233684878673572 0
-0.07609908573368884 0.424310552439412 0
-0.06488906950798966 0.4420008546931259 0
-0.08580695327484258 0.4428524238277953 0
-0.07464596219070951 0.4605662906857174 0
-0.09552368510819684 0.4613689640113852 0
-0.08448576639891285 0.4790466516846861 0
-0.1049971540027315 0.4797395220284359 0
-0.09428434515066474 0.497042703596365 0
-0.1139267530403931 0.4979213579914318 0
-0.1037127621272819 0.5145694981870698 0
-0.122877212306991 0.5154495245574805 0
-0.1129427495529514 0.5316751973759101 0
-0.3774697383709358 0.6997561412523603 0
-0.3684087093145449 0.6829153757312189 0
-0.3487340315732024 0.6817394823997023 0
-0.3589572784788149 0.6657037962580071 0
-0.3784588817334377 0.6664587125180648 0
-0.36924621647691 0.6495652758711572 0
-0.3493738488631198 0.6484620226149785 0
-0.3597460046415636 0.632415497913437 0
0.3985613266942546 0.1749649921609189 0
0.3898309707858019 0.1599804633760137 0
0.3729689521218441 0.1597514500307339 0
0.3810644861211843 0.144517033960635 0
-0.3791548525884494 0.6330218495298798 0
-0.369981404564935 0.616129071972415 0
-0.350473322340051 0.615560364682802 0
-0.3605598350053515 0.599018379053208 0
-0.3798637368471559 0.5994396085679512 0
-0.3706221790552641 0.5824482007909204 0
0.3399266946203 0.3981001071940152 0
0.3231481787717883 0.398555122810837 0
-0.3511735455953814 0.582101989772623 0
-0.3611969511037394 0.5653346463645736 0
-0.3805228663257439 0.5655290570166928 0
-0.3712417041560688 0.5484681289469284 0
0.2050419258160695 0.2991645021154393 0
-0.3516351476897527 0.5482395281284014 0
-0.3616847972369397 0.5313500276474183 0
0.08702279415367567 0.4848241125346586 0
0.3986166008115395 0.1447647558413478 0
0.3900016132346669 0.1291597570004435 0
-0.3813965536768728 0.5315679314961826 0
-0.3717060656221044 0.5142694961460645 0
-0.1244686911098832 0.9011384004759665 0
-0.3865184964268393 0.716678783993295 0
-0.1261436509270679 0.4795545982174347 0
0.4058895898381689 0.3685526566129109 0
0.3977636262950178 0.3830258948720746 0
-0.1313177654129556 0.5319192682500844 0
-0.1217883390918367 0.548361153473779 0
-0.1030549776188598 0.5478791984323061 0
-0.1117982516472818 0.5643579082670527 0
-0.09330801408173812 0.5638316269730267 0
-0.1019892008669013 0.5801903858580879 0
-0.1202600952521021 0.580720852177248 0
-0.110571805295533 0.596192799951914 0
-0.1285094232076342 0.5968728997407079 0
-0.1188379682616965 0.6119930577460699 0
-0.1011619868474379 0.6113410449480493 0
-0.1094604617125873 0.6269826119665793 0
-0.1269239979322815 0.6277065156429807 0
-0.1175685599837342 0.6425780913424469 0
-0.1349775171619996 0.6433439788231321 0
-0.1254580588066675 0.658025890593597 0
-0.1081572372857242 0.6574957286200864 0
-0.1160697869566235 0.6726603550249384 0
-0.1333287207148335 0.6734698395721045 0
-0.1238853533333254 0.6879706846697856 0
-0.1068743360215755 0.6871638520940928 0
-0.1145928844969062 0.7022865304252581 0
-0.1315880542311759 0.7031541538166846 0
-0.1222940128375597 0.7173944524078346 0
-0.1054408710820053 0.7165179400935294 0
-0.1130340397292059 0.7315058567324142 0
-0.09634667385686876 0.7306301520733927 0
-0.1038527262168252 0.7454738437403758 0
-0.2909308509319762 0.8722227207686145 0
-0.2812648255012324 0.8863774707136463 0
-0.2890373496763823 0.9013088779853244 0
-0.2721426973205265 0.9006095453750496 0
0.3719369656258193 0.128994282612678 0
0.3811143650475273 0.11323928238833 0
-0.1392625406635353 0.7183602038931627 0
0.4071457564301675 0.1896820297426589 0
-0.09686639290436888 0.4250796805959508 0
0.2338362372816293 0.4038671389638326 0
0.2168950091934735 0.4043123786086855 0
-0.3919620564808804 0.7975345734833492 0
0.2512451830134172 0.4031921941228216 0
0.314027805402865 0.3847379495827493 0
-0.06771449009921345 0.3698311353717068 0
-0.4007230145308042 0.8144798926069163 0
-0.09981661981639135 0.8864869152703276 0
-0.09199849321818773 0.8718120124080071 0
-0.2649952284713516 0.8862280898640474 0
-0.2555338912669571 0.9001201995731978 0
0.1543867775286561 0.3304422387945744 0
0.4139632766079376 0.3541841427850889 0
0.4057457120752673 0.3400942520370406 0
-0.3914856365950171 0.5145694576454447 0
-0.3817202337096665 0.4972566916548901 0
-0.3619269189458758 0.4969662736716688 0
-0.3719467578252257 0.4799257175575336 0
-0.3521659466308552 0.4796953395211817 0
-0.3622842740607033 0.4625422252307697 0
-0.3820938054881513 0.4622806329329224 0
-0.3722717904751432 0.4452827411040118 0
-0.352451487723851 0.4452179502322163 0
-0.362541986298661 0.4278972293182035 0
-0.3820101879682722 0.4278079681769262 0
-0.3725708110306004 0.4105045670697792 0
-0.352656942467822 0.4105055293440921 0
-0.3627793023579696 0.3930953557848775 0
-0.382841803003424 0.3931678186635665 0
-0.3728828101753945 0.3756339474718306 0
-0.3527721014584763 0.3755803890142717 0
-0.3628604426878467 0.3580720264120062 0
-0.3427690149545308 0.3580545136048432 0
-0.3528278230983549 0.3404595984675003 0
-0.3328531449256573 0.34064555755653 0
-0.3428102783791909 0.3228185909051987 0
-0.363142793258123 0.3228875642934802 0
-0.3530516320963075 0.3051727417962117 0
-0.3326385100137889 0.3050695191091905 0
-0.3429280782343732 0.2874203329228641 0
-0.3224677337372022 0.2873317846904281 0
-0.3327870805339083 0.2696443068990017 0
-0.3123019975404635 0.2695464929351243 0
-0.3226322302079732 0.2518493496004211 0
-0.3431212518850167 0.251955141364207 0
-0.3329690969400186 0.2341506067622002 0
-0.3124740739090941 0.2340489774402936 0
-0.322808071162988 0.216333167398661 0
-0.3022931402060207 0.2162274823438572 0
-0.3126375747645918 0.1984997641842538 0
-0.2930773866725788 0.1978395351582716 0
-0.3030518876823439 0.1808193811034371 0
-0.2823011110025775 0.1786767348795518 0
-0.3230932491463234 0.1807922312862917 0
-0.3128186141642169 0.1629241597412327 0
-0.3333708795235201 0.1630365527375153 0
-0.3534636854754019 0.2342595478632974 0
-0.3236206399829443 0.1454442957121513 0
-0.343823394782185 0.1453446927129777 0
-0.3734473295617221 0.3052890332108336 0
-0.2807531716650477 0.2156282200254095 0
-0.333584366096038 0.1273173818785518 0
-0.3129811908110195 0.1273430882399406 0
-0.3541774038432852 0.1275131804976347 0
-0.3644088877346777 0.1454469992926208 0
-0.3748284791251748 0.127626461908785 0
-0.3851126350565382 0.1455920828953374 0
-0.08725747038217269 0.744605154413116 0
-0.0948075902766259 0.7593626903875631 0
-0.3019713039021424 0.2872622016352085 0
0.3989107073356799 0.1137309694010184 0
-0.07976762508549784 0.7298561230928207 0
-0.04411389816554239 0.4402372737830086 0
0.01722111304917665 0.4021870840530675 0
-0.3930828994812601 0.3757330548088682 0
0.33189499004391 0.4124934193498352 0
0.3483244110210722 0.4121921482784022 0
0.3153690655487962 0.4132031961725003 0
-0.3438021458208996 0.1091731150586283 0
0.251889709151069 0.3731347518547069 0
-0.1415294728383339 0.5481485952207802 0
0.04615667241975396 0.3474379151726784 0
0.05901415263189519 0.4004290842267135 0
-0.01666840788690484 0.3494632812096102 0
-0.2632202220394543 0.9148151238967674 0
-0.2466376697758962 0.9142170023967205 0
-0.2153007195313987 0.4719896322090215 0
-0.3180336292993746 0.7947693044591271 0
0.2583125401608991 0.1696606154629555 0
-0.3082759540720437 0.8412240636224124 0
-0.2732042236649534 0.5080338289171629 0
-0.08399077630399072 0.514177288647975 0
-0.08371494829754489 0.5796029063587147 0
-0.214151176474479 0.7289609406808278 0
-0.3955873549877105 0.1277060981770428 0
0.08255471187927657 0.2028037066963356 0
-0.1960561238099824 0.2963910741347951 0
-0.3326351017851612 0.8883743683314649 0
-0.3234004078079251 0.9028816415244214 0
-0.3405146736247028 0.9036593283668894 0
-0.4017653714270565 0.4974262977911432 0
-0.1659164539662418 0.2421757669508417 0
-0.1867054004459952 0.2424547071890432 0
-0.1765471840765264 0.2243258414603818 0
-0.4010796995416697 0.5317934546959271 0
-0.09224144632106979 0.6268138509995438 0
-0.144547902577753 0.628520304360547 0
-0.1525677864604867 0.6442232113723899 0
-0.2360325545598946 0.3704883971081321 0
0.2377716218771579 0.1029440136359206 0
-0.1113172904817408 0.760276739178966 0
-0.1022682969700253 0.7740965388851185 0
-0.0857765679160481 0.7731302671404902 0
-0.09322620482938911 0.7878268645557351 0
-0.328653340252039 0.7138385903310466 0
-0.1430668598460852 0.3156138630194494 0
-0.1485995281290264 0.7041059792033839 0
0.3624138142286654 0.1132102640076201 0
0.3535181757051006 0.1290305593983995 0
-0.39673833688796 0.7003642529692147 0
-0.3853090322078165 0.1096413255072983 0
-0.1972888808751786 0.2245758211601233 0
-0.187147324351595 0.2065055678468193 0
-0.207008595220347 0.2424027930858242 0
-0.2387998844600342 0.8995606435465957 0
-0.2300688738911129 0.9136427869620274 0
-0.1424402081586094 0.5162625137302335 0
0.1628483779052252 0.2380662152503163 0
0.1151254479571504 0.325894580671768 0
0.4156519681464686 0.1750328512170228 0
0.4145084036875027 0.3828604831622426 0
0.4061344915468981 0.397733114725708 0
0.1267349655122493 0.3793467692666109 0
0.3297873476623951 0.2046066883803662 0
-0.2736300533709538 0.4746530854506899 0
-0.3313190378868834 0.9181065693043691 0
-0.3484094473124111 0.9188727662974132 0
-0.357753489340538 0.9043379666602956 0
-0.3657534013186673 0.919842585390086 0
-0.3753306140863947 0.9049893469251289 0
0.1724876577332992 0.1834353177398233 0
0.422039840866639 0.3398644220385891 0
0.4139369969098277 0.3258974719330667 0
0.2425919402727685 0.4181571763701144 0
0.372007054416687 0.09707096656537112 0
-0.4055892988823477 0.7172761170095041 0
0.42414075355102 0.1898791175769703 0
-0.4030804338116069 0.3933276374356737 0
-0.06390292802740487 0.4781972652227632 0
-0.3328583797012137 0.3757480980566376 0
-0.07682174669975385 0.7868643661935059 0
-0.08423232771853031 0.8014885943140336 0
-0.0831522405275625 0.8859381453084063 0
-0.09094796289892336 0.8998060559156934 0
-0.3835146991604801 0.920920514378744 0
-0.3934344992699584 0.9056577444300726 0
-0.07493600836816215 0.5635286675532948 0
-0.07524240378061789 0.8712032404098291 0
-0.410925755783808 0.7982844794068766 0
-0.06525640001049542 0.5791619313266216 0
-0.405833471095532 0.1457398359717633 0
-0.3953659835661014 0.1635699355011205 0
0.2957379803257275 0.3265516776465446 0
-0.222714644105351 0.8993688646194171 0
-0.2136594370212572 0.9131685162790326 0
-0.2314461425294591 0.8867365325108407 0
-0.2213547129376359 0.9275908444200873 0
-0.2049905550515362 0.9270642737773286 0
0.3030710626754738 0.2199698820904427 0
0.430115355475328 0.3256117177641669 0
0.4218257486224958 0.3109146151576589 0
0.3726631918634875 0.2497405312151172 0
0.3899874073083461 0.2494182424571761 0
-0.2078569842502978 0.2067715618720937 0
-0.1977284668031311 0.1887187575784045 0
-0.1770289783046781 0.1884453230333929 0
-0.1875862072514217 0.1706520107208637 0
-0.1669049713831135 0.1703918838189634 0
-0.177466368068494 0.1526063460369679 0
-0.1567986528529304 0.152345414735213 0
-0.1673749860472179 0.1345810556103872 0
-0.146712660814284 0.1343115617806979 0
-0.1880450123664883 0.13484498090532 0
-0.1572749095664749 0.1165595138106819 0
-0.1366232797254156 0.116291735301269 0
-0.1260580382583092 0.1340411591791357 0
-0.1159696970969986 0.1160216907843958 0
-0.1054042424475232 0.1337491416021897 0
-0.09531986428469437 0.1157485967070357 0
-0.08475191837984397 0.1334734341233642 0
-0.07466859347968345 0.1154792986255122 0
-0.06410313769008368 0.1331896928442394 0
-0.05401444184673131 0.1152139214103301 0
-0.04346083192322216 0.132913139175864 0
-0.0333732512408885 0.1149424361185034 0
-0.02278950138320616 0.1326388094535712 0
-0.0127533941948328 0.1146809423892656 0
-0.002174049931005326 0.1323598825787079 0
0.007844103796169483 0.1144219412859258 0
0.01841753568802453 0.1320733985876458 0
0.02841124284923997 0.1141662293257817 0
0.03896877653069997 0.1317754249461852 0
0.04894382400552236 0.1139144015668344 0
0.05942787734954691 0.1315204281914052 0
0.06942927602291105 0.1136786173639415 0
-0.1059250074944587 0.09800458301192055 0
0.03846018501589775 0.09627869201614708 0
-0.2082525189088134 0.1708977022547952 0
-0.06456505619663404 0.09747495006896023 0
-0.02328952566152941 0.09697465593211546 0
-0.1471782902511604 0.09854100881903483 0
-0.1678289015784556 0.09881851339057612 0
0.07988857346094305 0.1312501200254537 0
0.0898469791944515 0.1134091048609085 0
0.07942990404852537 0.09587060868609604 0
0.0998079671025637 0.09562376937740663 0
0.1102136058127537 0.1131121919405031 0
0.1201371695557789 0.09538528664828633 0
0.130511005307716 0.1127759091673511 0
0.1403972550289504 0.09518904546960294 0
0.2599098511411308 0.4174375663319674 0
0.3403773278872583 0.426528895848541 0
0.3566606469548147 0.426255572277188 0
-0.07083172712054582 0.7437147953856593 0
-0.3420152872818022 0.5310932317616509 0
-0.3320306150407822 0.5479382282139191 0
0.1507153907716237 0.1124670194809056 0
0.1605185038572243 0.09497959165377567 0
-0.1187843262530137 0.7750602998108755 0
0.113781352458681 0.2552630121920469 0
0.353027478305485 0.09708919623209367 0
-0.4197356570185582 0.8151979350645631 0
-0.4094618035772384 0.8314108644383957 0
-0.4061020457618758 0.1097494790349503 0
-0.07408597293126276 0.1511557949081103 0
0.4304286450096668 0.353719754634144 0
-0.06796936758542231 0.8005969640976904 0
-0.2067465323302028 0.8998744814272999 0
-0.1621864762840142 0.6293728110366044 0
-0.058459447176765 0.3509345938552484 0
-0.07901144919279257 0.3522860875467364 0
-0.4133524602360613 0.3758875612970653 0
-0.254423763125243 0.9288246113225531 0
-0.2708865600394048 0.929412310931133 0
-0.1558375997190026 0.7190397837751421 0
-0.1656237026102702 0.7049796326204265 0
-0.06330933256541403 0.7290875299441886 0
0.2511797637805175 0.4317313077787864 0
0.2345865398799762 0.432634677245717 0
0.2669578179284237 0.4298822841121736 0
-0.395795574341939 0.09158956119914385 0
-0.4161690034353561 0.7009821678425755 0
0.4326300140889379 0.1750524318864739 0
-0.1154442707942627 0.1517457071638741 0
0.381246117290035 0.264344852953286 0
0.3985149224365764 0.263939086487992 0
0.406852664740185 0.2493330562438192 0
0.4153284343857484 0.2636969153340439 0
0.4235406759409063 0.2492529676599987 0
0.4318167393725252 0.2634193937210921 0
-0.07578334041026506 0.8154190034045714 0
-0.4160316037690123 0.1637229606881409 0
-0.4055418381730707 0.1814744000625854 0
-0.06652154610368856 0.8853482511863161 0
0.423317118006894 0.3973933208638141 0
0.4147898640138608 0.412639136379822 0
0.2957239551520084 0.1035552021465919 0
-0.4285771863361242 0.8322191596500677 0
-0.4175007032733202 0.8478425092101913 0
-0.4020245235674043 0.7813494328342689 0
-0.4017951181562642 0.9220770332264168 0
-0.4120237186011396 0.9063579390634841 0
0.2953020618109033 0.06880188650466817 0
0.2418151971452721 0.3288901120246387 0
0.3627948388549134 0.08070448577795197 0
0.3814288002628907 0.08107007576165043 0
-0.1865802201230075 0.7735371571887015 0
-0.1692930738997367 0.7736123590489521 0
0.3293918774797152 0.2661625509951548 0
-0.07218335785959759 0.7152665074000326 0
-0.2278208946209271 0.8192330833718195 0
-0.244919214966511 0.8199056568058902 0
-0.4212092418753496 0.7820748383743279 0
-0.3435854820896764 0.1809443429998998 0
-0.3636028449762876 0.252062415177954 0
-0.1009919746113616 0.8579203320299598 0
-0.04058141556522223 0.2764534953315037 0
-0.3391721797343774 0.9331448646118758 0
-0.3223433563780135 0.9323931745794933 0
-0.08852676473721002 0.3707066809574443 0
0.4059969585341015 0.3115484539481359 0
-0.2917870187764473 0.2694450537528327 0
-0.281452810825194 0.287184937515888 0
-0.2712435890682905 0.2693421265899998 0
-0.2918621696585143 0.3049638224898962 0
-0.3739555136950595 0.2344071063964516 0
-0.3841005350964959 0.2521764850752405 0
-0.2541483697251013 0.8054810953007354 0
-0.3834966069985316 0.3229956323121619 0
-0.3938541982263971 0.3054237728332632 0
-0.4039065012630835 0.3231353612760886 0
-0.4142773244660908 0.305549284256839 0
-0.4243812084858001 0.3232994374553221 0
-0.170126419358925 0.6450628271381281 0
-0.06032512191342062 0.7859662813260424 0
0.2493585414465129 0.2185153094478847 0
0.211144055455097 0.2527951877062374 0
-0.2056099296180801 0.4548993525848954 0
-0.1957217797002959 0.4718354119810155 0
-0.1859065797896174 0.4547129527822273 0
-0.3944534043984986 0.234519742334596 0
-0.4045976850634037 0.2522804493744174 0
-0.4149572952915593 0.2346444607359848 0
0.008746911386429301 0.1500094333394027 0
-0.1433351715235165 0.8167006385524156 0
-0.1577363760824814 0.08081154595717549 0
-0.1783545167475604 0.0810726178669095 0
0.4381201693522948 0.3107132623245525 0
-0.2608749294095613 0.2871319120135217 0
-0.2831488359683448 0.7284271259625259 0
-0.4233800413129929 0.3935150400019075 0
-0.4262034041751012 0.1816528031186612 0
0.2694357951295195 0.4020250229502575 0
-0.05579158342812433 0.7145131934201077 0
-0.06463746238184685 0.7007344772169306 0
0.4400350904296839 0.2491225994501702 0
0.08940862573410982 0.07808881006993434 0
0.1300771992852818 0.07777587688569149 0
-0.05637219804591754 0.5628933660439076 0
-0.4167465470342313 0.09170451508752647 0
-0.4241678428458259 0.71767464089955 0
0.4410082359727705 0.1896814324497579 0
-0.2357807392435688 0.8342868693884197 0
-0.2528728667736161 0.8350124352325871 0
-0.3848676894197893 0.8896775765659682 0
-0.1278674397442779 0.761211627446104 0
0.4498553521842809 0.2657124188645493 0
-0.05918094032778107 0.8142864811249018 0
0.3487647125408566 0.4404580183562265 0
0.3325662953394053 0.440737753234677 0
0.364756230873449 0.4403391314590179 0
-0.4251201689665948 0.2523907094556547 0
-0.3736435219700397 0.9344569998490613 0
-0.0471049489835508 0.578861461143671 0
-0.05575554252319684 0.5945795777868165 0
-0.05854598355032677 0.8709331190849041 0
-0.05448300445019641 0.7428391394403691 0
-0.09965105216256581 0.3528864030428762 0
-0.1092788239689017 0.3715190118313527 0
-0.08972891209772273 0.3338305330099822 0
-0.2126261398676531 0.9414138515681099 0
-0.1964338305840154 0.9408695369809923 0
-0.1887323808412942 0.9265832430354127 0
-0.1802298855508067 0.9403398666601515 0
-0.1728620378687682 0.9262933595756875 0
-0.1641303488333589 0.9398733044192606 0
-0.1836419029115631 0.8609929572331758 0
-0.1784957071163329 0.758680467972201 0
-0.4271062892799173 0.1099426899575363 0
0.1707778926959436 0.1121297509332111 0
0.1805606604318 0.09470674914609378 0
0.1703455997681006 0.07754231348814289 0
0.1903217901765416 0.0773503476420343 0
0.1610158742807781 0.129546485701557 0
-0.09212197247273439 0.8160374799449301 0
-0.3221721810290546 0.5306638734420701 0
-0.3124928747491991 0.5476983995810765 0
0.1211504542842653 0.1307173034412539 0
-0.2621397441313372 0.9433363982961089 0
-0.2788663776205029 0.9441812269849867 0
0.4317312377383876 0.2349189515753742 0
-0.05050337582130101 0.2945336673883289 0
-0.02983094449268786 0.2942987967077622 0
0.06989752565607538 0.1490781046673142 0
-0.4338075858909241 0.3061885172055025 0
0.3646413317753132 0.4119716458252163 0
-0.1562712176122158 0.1881642807181641 0
-0.03262352045229026 0.1505990433355396 0
-0.1758999637370251 0.471704701319229 0
-0.166066090064163 0.4544793830517764 0
-0.185988003619084 0.4887418181205967 0
-0.3990868025980352 0.8474000514279659 0
0.3045186267142027 0.341287745371093 0
0.2874422337740114 0.3415942351923389 0
-0.06701884786171791 0.8291619843979899 0
-0.3300950698114474 0.9472741545938386 0
0.4463549018721235 0.3252848377603216 0
0.3429884886799085 0.08125178192277582 0
-0.1798810852284706 0.630244574917149 0
-0.171740937445977 0.6143725488165679 0
-0.3660590323758613 0.748469018467836 0
-0.4336749998894753 0.3759697850465223 0
0.3533754815207545 0.06419197751351663 0
0.4481725277873461 0.2348314741468575 0
0.4493131163207373 0.1751497656226211 0
0.4410009254329912 0.1606705294774319 0
0.4323620217911533 0.412319579974593 0
0.4408017780031248 0.3968738297542247 0
0.4237837471975058 0.4276744732055375 0
0.4061411851152016 0.427930450018249 0
0.2424388103574163 0.4457345245767268 0
0.2265678351781649 0.4469869161344159 0
-0.4063461995237272 0.07345050868378422 0
-0.3853708554298205 0.07335110507204906 0
-0.4354692473568645 0.2347206293550226 0
-0.4359765900509145 0.8481442072933232 0
-0.4366531047286693 0.163916668672612 0
-0.412206214913338 0.7653321162974691 0
-0.4315642558161954 0.7667491693703916 0
-0.4349778165988494 0.701816957766716 0
-0.4263695815625866 0.684173820291361 0
-0.1564021547949397 0.926897642137515 0
-0.1479521551707489 0.9399932551853607 0
-0.4205087939920812 0.9241979957992588 0
-0.431050727987328 0.9073499291417986 0
-0.2510919874270783 0.2695012840624612 0
-0.4406485342082443 0.7831310070655271 0
-0.1725937477904851 0.7195058262830351 0
-0.1820235233587955 0.7052835340075065 0
-0.1750131976037878 0.6904724881796789 0
-0.1682709655206455 0.06309017296711267 0
-0.1888791728146519 0.0633551357437408 0
-0.1989708588295843 0.08133193628808111 0
-0.209481594834435 0.06361723015442228 0
-0.2195572523228759 0.08157487066842378 0
-0.1476639184455638 0.06282150834870048 0
-0.2300642568858458 0.06387766073534729 0
-0.2401325995494184 0.08182786067216058 0
-0.2296299885533788 0.09952283316744515 0
-0.250205320675762 0.09977955046142278 0
-0.2595585730001091 0.08366476918232196 0
-0.2397013669163977 0.1174719830673385 0
-0.2602768796144805 0.1177293163890073 0
-0.2497691291116176 0.1354238197448599 0
-0.1556395177572484 0.9537928589224172 0
-0.1395346281986709 0.9532856941276608 0
-0.1314673053196259 0.9396280669698069 0
-0.1233437799156328 0.9530579016367755 0
-0.1151817192559623 0.938676735495604 0
-0.0502114573181569 0.8278134376892144 0
-0.2703474638017935 0.1356698919879027 0
-0.1069292501007226 0.9528014143574419 0
-0.09948074983529986 0.9382168427039324 0
-0.05080255222969847 0.8843942342583322 0
-0.05769517960170679 0.8993702481392736 0
-0.2002428265092618 0.8616074314360352 0
-0.04831450754671453 0.7000030314062766 0
-0.05712865329968847 0.6861909959432603 0
-0.03767179578503145 0.5943913294578733 0
-0.04679527814737167 0.6097749937961713 0
-0.1263180681759115 0.8162641476028323 0
-0.1878320385095733 0.9550025090336249 0
-0.2437680706451321 0.8493823175108902 0
0.2786188424780924 0.3268988892048399 0
-0.31348938411421 0.9465450290745352 0
0.3900362530795772 0.2793942325816436 0
0.3724144311321052 0.2800531962243132 0
-0.07061936534169259 0.2954606296704856 0
-0.1351254797860819 0.7758711205922333 0
-0.4099835805342945 0.9392365868153054 0
-0.4437481514106487 0.3936822493173204 0
-0.4326483006659438 0.4105324417813238 0
-0.1203896883418219 0.3537005846499646 0
-0.1309301560253651 0.3718635632472425 0
-0.03742183778720395 0.5629079015456446 0
-0.04701859596256446 0.5464626064296703 0
-0.2412593518040333 0.2865676823780108 0
-0.2506705022434803 0.3048640817107759 0
-0.422192736945883 0.8910643780882015 0
-0.4414675655151289 0.8910310207622172 0
0.4543262842484983 0.311204964672384 0
0.3409324430892507 0.4545870313121239 0
0.3248092401804998 0.454893744814661 0
0.3332888245944621 0.06474915399449821 0
-0.1608239772634974 0.7602535567129216 0
0.3438863243565599 0.04738255507332667 0
-0.4476588068852514 0.8329772560109485 0
-0.1382480879727105 0.5817579719912004 0
0.1337202725821137 0.25504426934527 0
0.1240844933164268 0.2723868005520877 0
0.1437903398006428 0.2721430426113887 0
0.1342006458261251 0.2893446666595802 0
0.1536829138497902 0.2889919697815831 0
0.1145651036988862 0.2896168858506319 0
0.1631455194288167 0.2720939937350151 0
0.2702753044575832 0.3419324073760792 0
0.2791842877476785 0.3565809118189676 0
-0.3052375828909145 0.9314314854602121 0
0.4155226624390744 0.2046660192463348 0
0.3467428242847295 0.296304531871475 0
-0.2456428064450407 0.9427097280361578 0
-0.03974998438229704 0.31237120082068 0
-0.01912906199376246 0.3121283921547754 0
-0.2908963267450952 0.7770965672904514 0
-0.3220223271279138 0.5646221026979883 0
-0.3026233251075393 0.5643263068779709 0
-0.3120614133633104 0.5811499016362178 0
-0.292788504086712 0.580833627940061 0
-0.3022099626237972 0.5975720663109989 0
-0.2930076094732548 0.5473706035156851 0
-0.2602111238105654 0.8495601800492237 0
-0.269871181435633 0.83555052661873 0
0.09104134237992345 0.1493533016670245 0
-0.3848895751641893 0.1813298809172329 0
0.2379003649382535 0.06982958535523737 0
0.2280236743719842 0.05250549913926233 0
0.3164192684087556 0.4410777818149296 0
0.30865623649723 0.4552296561115515 0
0.3003064814433841 0.4414421672210471 0
0.2925168150272291 0.4555789053418665 0
-0.009052351889109231 0.2939832371560001 0
0.001606760688556419 0.3117897423073599 0
0.01169134004141995 0.2936719359534476 0
0.0223586992561228 0.3114341345185644 0
0.03236033610446276 0.2933953471576335 0
0.180167403683917 0.06007676446151655 0
0.4462469785521012 0.2969098899747005 0
-0.3420817559480392 0.4967673037021846 0
-0.3323645630555724 0.4795286402480905 0
-0.3223204200759918 0.4965100055551069 0
0.06903508091482508 0.07832824306910463 0
0.07891509805402624 0.06044650781783861 0
0.05819332941781835 0.06040976513206947 0
0.09936880627523476 0.06030815063789979 0
-0.134993832040972 0.2237688870875524 0
-0.1248548779378156 0.2056604011157731 0
-0.1041127923203903 0.2053615358285624 0
0.2180709027232234 0.4330850797643981 0
0.2102024783976291 0.4475851284732749 0
0.2017299270323736 0.4336222564892459 0
0.1937813525895459 0.4480749468225793 0
0.1852033084227448 0.4339923467350679 0
0.1772178003687892 0.4485082237999759 0
0.1685814148882125 0.4343002225134456 0
0.1605192691252343 0.4489522490833437 0
0.1518228702426583 0.4346077671400269 0
0.143678655736447 0.4494326463222622 0
0.1348798044454369 0.4355299060542966 0
0.1265177502088863 0.4505780074103761 0
0.1175082577885644 0.435903274495943 0
0.1764357693611119 0.419952985683971 0
0.1421596135317633 0.4220815366589491 0
0.1087593007986302 0.4514803159975941 0
0.09940716954726436 0.4347062430661688 0
0.1117984038193782 0.4210057201321899 0
-0.3638767334479929 0.2166516122515055 0
-0.181787963677382 0.9132443000625837 0
-0.1190670446087295 0.3898316213768864 0
-0.1406797153997912 0.3901836592545623 0
0.1809213055214235 0.1292134303588434 0
0.1127223062741526 0.1850375867012938 0
-0.4377633169923061 0.0918105935211404 0
-0.2291996737864835 0.1351802810016167 0
0.04301169169868142 0.3110310764594962 0
0.05290443432015386 0.293136966223293 0
0.06343959993389856 0.310605448537861 0
0.07360436325025238 0.2921221438678315 0
-0.2392590417123531 0.1531325592402914 0
-0.1874892526862022 0.6466515261265016 0
-0.1182027186164593 0.8300673274560301 0
-0.2616640107486866 0.2527194633843056 0
-0.2126545776728213 0.7590655222711178 0
-0.1287358611927841 0.4081026007255179 0
-0.1493524113610721 0.4079870562184889 0
-0.138094574790126 0.426447264561417 0
-0.04297959806801228 0.8134146482856279 0
0.3329853275780124 0.09998286974801746 0
0.1600734190059733 0.06027876354765999 0
-0.07348041622188695 0.686692240837701 0
-0.06597651106718803 0.6722507410741687 0
-0.04922173934490359 0.6715814599167975 0
-0.0580250280590924 0.6574682001879544 0
-0.03954635777332186 0.7136875362358723 0
-0.1895709152617396 0.6152062227382198 0
-0.1815109329659751 0.5996751638853809 0
0.3562210143327292 0.1895692462375168 0
-0.3467379840282313 0.9481107587413424 0
-0.443725714614079 0.3242297804414931 0
-0.312642811551399 0.4793508320867289 0
-0.3226364908253741 0.4623557647457626 0
-0.2198611938925533 0.04600150352920673 0
0.4238803308208475 0.2778898204691391 0
-0.1619000574121489 0.3919273755579484 0
0.3817661350965673 0.2948719635616153 0
-0.1748337071236204 0.437690101978372 0
0.09075776927511775 0.4514209364145654 0
0.08054959367182485 0.4344579013714181 0
0.07138092064504187 0.4516292919657329 0
0.06075783141623942 0.4352947908823313 0
0.05102821142339245 0.4527605543522801 0
0.2004830792013953 0.09445544925112276 0
-0.07480300157287088 0.6581495671129529 0
-0.06644516145892415 0.6423718352055627 0
-0.04910575054413154 0.6417868614024587 0
0.2018924561671653 0.1697625841580252 0
-0.1603254791046267 0.6598258665232555 0
-0.4465666483596639 0.1818370475703459 0
0.0402865071468603 0.435738624571251 0
0.03026080675697787 0.4541363712424722 0
0.1712555362729682 0.1465457069757317 0
0.1514782021295706 0.1469228012068091 0
-0.2696762816736288 0.9577462639059842 0
-0.2864988376965303 0.9586499266718789 0
0.4150479879052169 0.4429907355002293 0
0.3975605260995404 0.4427279500739369 0
-0.4447135923171874 0.7213384330677332 0
-0.4480880872642057 0.1101188553514462 0
-0.04345039084908841 0.8697468777637717 0
-0.3950025900597405 0.7333392368524239 0
0.08417951380091648 0.3091712828657253 0
-0.166185696673984 0.4885554251221143 0
-0.1762947116854485 0.5055652440529189 0
0.2184467439506317 0.4613832572864289 0
-0.1603791725836817 0.7889667508801174 0
0.4399371787421752 0.2206484751960044 0
0.4565671046287509 0.2198330566845954 0
-0.06532406448962115 0.6103835085373086 0
0.4572737062043541 0.1897117316287205 0
-0.03990841889935556 0.8960114500539282 0
-0.4473387634445646 0.6845971772434669 0
-0.4363027935309779 0.6667765325549602 0
-0.4170475080125938 0.6667085087634408 0
-0.4273340576064671 0.6496990248113653 0
-0.4476976186079292 0.2538211280192829 0
0.4409754190251922 0.4284530369834014 0
0.1229963801721524 0.167506439282627 0
-0.4398954858559169 0.9244906414155983 0
0.01905493265881619 0.436436000270409 0
0.008958830973862464 0.454871435866783 0
-0.002270649893012788 0.437030009779661 0
-0.01206095649087498 0.4556885651693904 0
-0.001101693569712681 0.4737123167417621 0
-0.02223141380351656 0.4748187114168196 0
-0.0119398052995236 0.4923433424627042 0
-0.03288266455353994 0.4939254128785994 0
0.1727234379931998 0.2885371443298992 0
0.1821162702805114 0.2719321551268894 0
-0.192450144898265 0.6914073824597677 0
-0.04860977375588856 0.9131025467812435 0
-0.06557129883185064 0.9142108269056809 0
-0.3959193682558275 0.05553157134924486 0
-0.374995473571508 0.05531878617291541 0
-0.3645539383586585 0.07323491997328024 0
-0.3542159630856806 0.05527481597134853 0
-0.3438160618765664 0.07308594619274517 0
-0.3335403602931178 0.05520884565511747 0
-0.323167718205181 0.07299234867307008 0
-0.3129146740920042 0.05515439491931745 0
-0.3025597016842605 0.07292258779414995 0
-0.2914592944744203 0.05474853127279933 0
-0.4169228308686408 0.05566680688804543 0
0.457400986745928 0.1609215541054878 0
0.4494368575226344 0.1463050472168559 0
0.4327175089500925 0.1461384796479697 0
0.4411755358594562 0.1315280204450976 0
-0.2157031272522998 0.5056996629497557 0
-0.2059842439912933 0.5222738528735876 0
-0.3214004947610187 0.5978938981608847 0
-0.3115128978344845 0.6142432285088446 0
-0.2924635404845434 0.6138790699610355 0
-0.301709032036944 0.6304730807196414 0
-0.3206712248348861 0.6308508127534734 0
-0.3108617018171488 0.6470206018711535 0
-0.2919922526737008 0.6465803376349823 0
-0.3010932742324782 0.6630630712378783 0
-0.3200738091768693 0.6636238460601223 0
-0.3103264161715856 0.6796290499755071 0
-0.2914972637737081 0.679073622473516 0
-0.3004445800984935 0.6954252231607083 0
-0.2822482209845348 0.6947863205071639 0
-0.4474134859823948 0.6502421593448987 0
-0.4386243577678244 0.6327849725026029 0
-0.4178894180102954 0.6323290977818488 0
-0.4283757279075842 0.6153017319854645 0
-0.4486877113803556 0.6156509958300416 0
-0.4386885214426828 0.5982134673082062 0
-0.4186615934347431 0.598127988775372 0
-0.4289451791616017 0.580761937805865 0
-0.4484105044515391 0.5807565585825091 0
-0.4391519243418502 0.5634998337049468 0
-0.4191187020693808 0.5639925883543315 0
-0.4293415171617568 0.5469745076639414 0
-0.4490381389461773 0.5467501599765312 0
-0.4396212395549171 0.5293893797071103 0
-0.462540349029842 0.5296959483316457 0
-0.4501180336356357 0.5113714921566883 0
0.012578704283618 0.3296751266180049 0
-0.2798272834365371 0.119566642159481 0
-0.05060467295459751 0.8563758133710541 0
0.324094320280769 0.04849790938755055 0
-0.3127930768582831 0.09078802672356939 0
0.08082240252524392 0.1669977654551554 0
0.059944345224693 0.1669139055515 0
0.4578405109057148 0.1315512531516893 0
0.4497850211949445 0.116455096906891 0
0.4326304379752431 0.1160718163037955 0
0.4413130328764034 0.1006015939349694 0
-0.06189779345258935 0.7575676620634006 0
-0.04564659776308976 0.7566069319511721 0
-0.1463262869915106 0.7332659164432005 0
-0.2091064763104156 0.8475300317155203 0
0.04242775966270507 0.2755013129280372 0
0.1696611678079499 0.4623052051547904 0
-0.3033679680196107 0.4619229756520807 0
-0.3129915896235769 0.4451024238885309 0
-0.2933983660785454 0.4448373619037763 0
-0.3032085859658828 0.427849584649383 0
-0.3837899394875148 0.2876558228250392 0
-0.4245200045071012 0.287966890346914 0
-0.4462067997582324 0.2908613408399338 0
-0.1147779443342013 0.1875586634144797 0
-0.09404604601908956 0.1872700714941911 0
-0.0833619087632549 0.2050690034090259 0
-0.07331402275541997 0.1869689230509483 0
-0.4372571002858674 0.1280869417802634 0
0.389120672113884 0.4270533919207838 0
-0.4034214638922353 0.3583195375661707 0
-0.1077956323820736 0.9241624540362923 0
-0.3229522185620497 0.4279752677599448 0
-0.3131893071975708 0.410694934191831 0
-0.2937837464394317 0.4102788837506735 0
-0.303378471366444 0.3933503292508646 0
-0.191169708184274 0.8752040964430796 0
-0.1747828282173907 0.874913373331267 0
-0.4049473082098831 0.216966442364572 0
-0.2301117065645683 0.2676362710104656 0
-0.4361053879745779 0.1995393267835119 0
-0.4341137876422983 0.3411666937588905 0
0.389260282800974 0.397656442340332 0
0.3635313865701202 0.04746517523281235 0
-0.1846964420416524 0.6760277252534876 0
0.06838586816872705 0.4862311241761166 0
-0.4538893912172733 0.3762729308938148 0
-0.4570654261989823 0.234168046464237 0
-0.1463036764239983 0.5977253143416266 0
-0.155649811553016 0.5832473220992475 0
0.4650630616970972 0.2345318832942574 0
-0.05721374171680873 0.9288432661537559 0
-0.2833585247139612 0.3932099856831589 0
-0.2934044032820066 0.375913855120936 0
-0.2733747306805934 0.3757359637248994 0
-0.2832928122785262 0.3582978380022274 0
-0.3033095916300295 0.3585569839041199 0
-0.2929655970675625 0.3407160620170624 0
-0.2719239217060768 0.3405433519580272 0
-0.2169437101611055 0.861997557235704 0
-0.09109722378351288 0.9523350684537166 0
-0.3211707421225061 0.9607761314488752 0
-0.03868304766396145 0.7421076068648482 0
0.4228225738896612 0.1005545155560239 0
0.4323157081911769 0.08427024165408864 0
0.4513027367232398 0.08371647651507752 0
0.4142932259980237 0.08356059860191278 0
0.4232156756920845 0.06721265240094559 0
-0.3930616707254222 0.7649166684914555 0
-0.4567948774003301 0.8506522972611086 0
-0.4511660672727765 0.7689145020687794 0
-0.4596332046024872 0.7849236496782115 0
-0.4490336490667078 0.800060557298866 0
-0.4058772267747306 0.8628470223211797 0
0.4058336272403306 0.4575143001338178 0
0.3885785973073439 0.458549450538719 0
-0.3022795914610064 0.4954140592957509 0
-0.02508070828913133 0.511060903512609 0
-0.0445282816966666 0.5123739141156625 0
-0.2290470005708631 0.3039637402412911 0
-0.1262093884842489 0.7897321181461934 0
-0.3876854522798957 0.8622809313913387 0
-0.3801276314366999 0.8462215893544695 0
0.1356558791368797 0.4644402166931936 0
-0.4671745002723088 0.8328964606746772 0
-0.4299904023962313 0.5114073870143978 0
-0.440396744112944 0.4936969319374123 0
0.4616407974673191 0.2968229779544718 0
-0.4249134662644699 0.7492752764962145 0
-0.1581963897013047 0.04510897579284912 0
-0.1374149947744728 0.04590506398470895 0
-0.1270301240162065 0.06272579305569542 0
-0.1167923620468608 0.04487167511643336 0
-0.1064203153629488 0.06235337947970826 0
0.01554261865237382 0.5212208813614542 0
0.4619051769865357 0.3248783766941242 0
0.4544781241562108 0.3391769892811439 0
-0.1991695659274 0.6004014426746223 0
-0.189495940575836 0.5852941545489083 0
-0.2407564168821432 0.04803950503573534 0
-0.453330761882804 0.342189569136742 0
0.3343292171576377 0.03148592737347078 0
-0.09634141707292514 0.04541481997244939 0
-0.08584549461593366 0.06219716674100145 0
-0.07579733496070348 0.04402542166707824 0
-0.0652690648677155 0.06175143874189354 0
-0.2501861790565355 0.8656124352156855 0
-0.2922023127677665 0.09071223304094761 0
-0.4641803375934919 0.3938562449068616 0
-0.05521363413167103 0.04376035886891305 0
-0.04469967884258134 0.06144263062062411 0
-0.03465210129718536 0.04349915600028237 0
-0.02415284052449954 0.06115514802875738 0
0.4049819001781266 0.06671185220030518 0
0.4127664248071604 0.05046133369918354 0
0.3935355715471446 0.0498914221683967 0
0.1680436466422541 0.04381308850359389 0
-0.01411747322770775 0.04324084279454715 0
-0.003630808388603746 0.06087492905299435 0
0.006589589046383168 0.04423906684467788 0
0.01700001709817461 0.06087590219631672 0
0.0271058082209146 0.04310336451201785 0
0.007155269854693808 0.07872581865985578 0
0.1634986572592013 0.3043665658557055 0
-0.07425115324429105 0.9272676488818796 0
-0.06501788270216668 0.9440559222652911 0
-0.2772032700739634 0.8511754742435084 0
0.2110213084417868 0.0797548077911055 0
0.08895736855780098 0.04358948322069789 0
0.1081997272890264 0.04442820472996312 0
0.1892161883412671 0.04222250828060287 0
-0.03518862347527981 0.8556137677437483 0
-0.1825038552486836 0.8879291459048938 0
-0.167178057637902 0.4074349838876589 0
-0.455068085851208 0.2002615880610986 0
-0.02949757331914128 0.6979700670584332 0
-0.0248001433152607 0.7118220534408681 0
0.1911100014018458 0.1474416265379264 0
-0.2409552875218938 0.322172948986197 0
-0.01364483754744173 0.5879269814450748 0
-0.2739038864710444 0.678752472281146 0
-0.1700169576625426 0.7453427450193117 0
-0.1879889268611921 0.7452061821697713 0
-0.1891782845449348 0.7175644462583828 0
0.4143707001722248 0.2949997809862167 0
0.3177599066921258 0.4693397840121076 0
-0.1313838699704711 0.968100734683595 0
-0.02822496374251102 0.5474103160501248 0
0.1838093107397754 0.3026184685183241 0
0.1474888887632975 0.04396653229940178 0
-0.456128208788341 0.1636263507646497 0
-0.1050586049288679 0.02733794335742928 0
-0.09922448290206491 0.9676999779777675 0
-0.03504940841525264 0.8268808200569623 0
-0.2837643568705387 0.8348173325929094 0
-0.2785449851690749 0.8208473220745756 0
-0.296611696060293 0.8255451571038338 0
-0.2883089510047031 0.8072916418746588 0
0.4541977273356388 0.2833800379609708 0
0.4703028676884191 0.2833021266011275 0
-0.02815299816069696 0.612365071768077 0
-0.03812507691991805 0.6248327474572497 0
-0.4322983228379637 0.8747686647869128 0
-0.4529278328453371 0.8727239514592036 0
0.1246802874583612 0.3069352815532231 0
-0.2020948997960961 0.6767411417343611 0
-0.02682632940741748 0.8112339258862455 0
-0.03603744548532787 0.7981432623363875 0
0.04067414890461629 0.4698976776208224 0
-0.4601177359616183 0.8906819263226112 0
0.4692640586157022 0.1165746898985928 0
0.1733580095653293 0.3206576343743082 0
-0.3833861986094778 0.03710142079273115 0
0.009268534711064841 0.4894501107584908 0
0.2615317453014091 0.3571392510257985 0
0.2704964519325967 0.3717755524201287 0
0.2878721729441823 0.371169894040404 0
0.2792683976795102 0.3862416664582925 0
-0.3438823118393592 0.03728955698294539 0
0.4718328040241508 0.3381777741799026 0
0.4625203102413853 0.352881458382757 0
0.1617089788791589 0.1639140876396444 0
-0.3007940719903002 0.03662905132351657 0
-0.3155398974790607 0.824152140775086 0
0.2435708603954179 0.357718818105402 0
-0.2909143893815002 0.1359204748177933 0
-0.2804182896561077 0.1536023129106305 0
0.1067703976969351 0.4838396181315768 0
0.1182743018601589 0.4691713223598847 0
-0.3194351343956572 0.696501901598986 0
-0.3092500756102815 0.7117511259994865 0
-0.02823134216939632 0.7566799297556557 0
-0.03682346782034833 0.7699545860187874 0
-0.01477661738164274 0.5662896711235206 0
0.2854061546094884 0.4420940990494272 0
0.2772706779060723 0.4563409076944981 0
0.2919664251100234 0.4275704577961564 0
0.2851811465072193 0.4699618372397056 0
-0.4585204154742274 0.1285480866128663 0
-0.1100836960833479 0.8157280993755833 0
-0.143046574842357 0.3525320304479355 0
-0.1323188234863326 0.3341267092336875 0
0.07415253684073458 0.3279956578357242 0
-0.08359836529368506 0.610837022333114 0
-0.3040595804203498 0.9596159006925253 0
-0.0834504259511509 0.6427583514806241 0
-0.07465746626490341 0.6265634971838808 0
0.4330994829721015 0.0494203321317192 0
0.2613893918734097 0.3272056413157462 0
0.2697364895601765 0.3120203335504419 0
0.2013270187897359 0.1297196767870212 0
-0.2881201061125324 0.9304325132374143 0
-0.4605197412893631 0.4940018123965778 0
-0.4506423611771802 0.4762949135268537 0
-0.4305059455033955 0.4759674430875226 0
-0.4407316107737625 0.4585936530705346 0
-0.4208979942891011 0.458607184955354 0
-0.4307692561988338 0.4409283201241382 0
-0.4510794203988129 0.4429339391183116 0
-0.4108454392217958 0.4418936928587661 0
-0.4109917348748415 0.4770276740706282 0
-0.02927699958531377 0.330363680008922 0
0.3644428397264862 0.2954568350318463 0
0.3752372556255747 0.3090613897137784 0
0.3661578412048929 0.3245320408447701 0
0.3828042253712476 0.325065343288066 0
0.3549732949560798 0.2810854162824122 0
0.3634001393908051 0.2654694726640018 0
0.1018725139962634 0.1672431658214302 0
-0.1431920564810938 0.7893705029118886 0
0.448877267951973 0.2048464247516969 0
0.4638072533092188 0.2060303115756891 0
0.2966322852725171 0.3855010540814095 0
0.2885656171583517 0.4002937906262249 0
0.2799152849501915 0.4151630793564613 0
0.1047416793236762 0.3078079191231242 0
0.0941960157337989 0.2907846334208531 0
-0.05674213297081166 0.6259522405971053 0
-0.0336822320775772 0.6432340288791794 0
-0.0412565487560916 0.6571348107060808 0
-0.03276360075367526 0.6713431355120678 0
0.4235836652448324 0.2199014720051437 0
0.2608064948955227 0.3875272488963654 0
-0.07438587180325205 0.5951848847251623 0
0.1724199065972883 0.2554314358313425 0
0.1912106693436 0.2549136687561631 0
0.201534668531978 0.2700909673516843 0
0.07076122700827997 0.1846261591525576 0
-0.2333000402755464 0.8625561711792588 0
-0.2609883091409891 0.3227325531048758 0
-0.2512496320679021 0.3402149377569046 0
-0.0490449004989126 0.3316220621182591 0
-0.4687898360507999 0.110797280807061 0
-0.2625622220495658 0.3579173480824268 0
0.1375980817840703 0.3251291105722679 0
0.220106672836492 0.09494120453272753 0
0.0940520006449127 0.327517372822742 0
-0.1015914661916424 0.830197604263718 0
-0.08410900520170836 0.8298038033250476 0
-0.07478104486905775 0.8436300039470901 0
0.3379434455913986 0.2814241711641001 0
0.1115689095918002 0.1488228809654928 0
-0.3035399637303891 0.1080728461770228 0
-0.3180854780065083 0.7290572074241699 0
0.03769979231559614 0.06067443570549558 0
0.04757167283513777 0.04389692114482441 0
0.03546288915603538 0.02428563882444723 0
0.06816331572473033 0.04390098874988352 0
0.1533402145993307 0.4627042350766466 0
0.2693398864635959 0.4703832161432249 0
0.2622651174641545 0.4569474880960518 0
0.2541692473249375 0.4712943517391175 0
0.2006426380848233 0.2371571034698859 0
0.2091856596019981 0.1107937008798173 0
-0.02848888977471356 0.7272314469860275 0
-0.1960272579807207 0.5055828017043977 0
-0.1863450679262915 0.5223629008870749 0
-0.1962880398534991 0.5387683521337701 0
-0.1772953850286645 0.5391020228020078 0
-0.1871242441218575 0.5546786738279701 0
-0.1687422084731997 0.5554122483356172 0
-0.1588367471118444 0.5403764275897818 0
-0.2288832407340382 0.941971933033277 0
-0.2203133477408349 0.9557055369922733 0
-0.1438184240495694 0.7613854482281546 0
-0.3122837682670731 0.513268110318292 0
-0.2924874363393671 0.5122029950338292 0
0.1441783701259574 0.3064280385205864 0
0.07003801019379188 0.4170815739445691 0
-0.4727886051702229 0.3769462135632473 0
0.4321782939836408 0.2049371568709847 0
0.4068464611108239 0.2197321346690748 0
-0.3692460121455791 0.8607220208190658 0
-0.1658454928429901 0.8880862411995639 0
0.2465013666899855 0.01778583908502646 0
-0.1561815017579362 0.4371004004645829 0
-0.145821589286614 0.4542790322606732 0
-0.4667209043852643 0.1467703159010432 0
0.1905426027070494 0.1118364595593517 0
-0.3388453832251416 0.6978090118567092 0
-0.3298232926259823 0.6806198960059316 0
-0.07417530962058869 0.4963909966301254 0
0.1859925012599394 0.4619656380105139 0
0.2023642552298784 0.4615484372674448 0
0.2105990395544378 0.4751735671304135 0
-0.3904429564499151 0.8307642055980418 0
0.2972142570326735 0.03526070825751298 0
0.2399234352330559 0.2021195929100389 0
0.2584902385675574 0.2022692763861771 0
0.2676516186051263 0.218296945297049 0
0.2767778641482608 0.2022775191831638 0
0.2676162671882301 0.1862126062602883 0
0.2859980882401779 0.1864885841016874 0
0.2946092351239884 0.2030594862624352 0
0.3039473173321026 0.1871825803999524 0
0.2951156170739369 0.1708863738822437 0
0.3133348047020235 0.1709657622994111 0
0.3043160103839768 0.1550642501013363 0
0.3227531221555094 0.1547940318254319 0
0.3142758033109832 0.1376351952599231 0
0.3312684119631741 0.1715110314099789 0
0.3404240917616424 0.1559578993936691 0
0.3491725274326914 0.1719442734474675 0
0.2860525045527106 0.1549744111357363 0
0.2586420002989448 0.2344829122257296 0
0.2766745443744789 0.2345335493443369 0
-0.0842465430184991 0.857259613619537 0
-0.2364409123347272 0.9562752938800527 0
-0.2277374791657539 0.9703132394656055 0
-0.211764975960016 0.9696033871927048 0
-0.2190847665657523 0.9847736246547902 0
-0.1952494179053533 0.9707104113551221 0
-0.2438299263451675 0.9713690916029214 0
0.2215062126972333 0.2680782630151665 0
0.3381306407356569 0.2507024665329489 0
-0.3540835416799561 0.09108113384911665 0
0.3977276459508133 0.4124626560849243 0
-0.2060030265968245 0.5544856210946377 0
0.2677560522986436 0.2504842372870335 0
0.456534092680864 0.2492190778738984 0
0.4652377546746999 0.2614329374602566 0
0.1985211667609616 0.3752847011633479 0
-0.47033816871894 0.4775267840863556 0
0.2864332204961786 0.1204063517022591 0
0.3057447788909249 0.1197178684112536 0
0.3136856120578265 0.1026126001030558 0
0.3236810489553513 0.1185364386866912 0
0.3235381082382647 0.08345743015453772 0
0.3350475825697933 0.1360823483577441 0
-0.2535178730259254 0.9572072624716608 0
-0.2601614375625286 0.9716833566463554 0
-0.1404423519549351 0.9017575158461677 0
-0.1317415076783141 0.9141045222264692 0
-0.09127287399328521 0.9257068851072193 0
-0.4801485653223411 0.7860830835001744 0
-0.1538777244187275 0.3332710899179741 0
-0.1218926784842533 0.3159940819209307 0
-0.1563100347235351 0.3703130295931329 0
-0.1761017401525262 0.3786535113641653 0
-0.1327842012369343 0.2961992266941222 0
-0.1120061616648169 0.2957529517740653 0
-0.1007241881219505 0.3152916514731597 0
-0.3062133802635748 0.9020443911251619 0
0.1433798303718926 0.2376478238015456 0
-0.09257036306739236 0.5955581740291737 0
-0.4801441907033557 0.848469393741376 0
-0.03417734894559347 0.07909657251126073 0
-0.1065738054400347 0.4435732106192121 0
-0.1151522892399005 0.4612226033417296 0
-0.127619263990212 0.4444073910621739 0
0.2596195900890923 0.2972525406624865 0
0.296173678964806 0.3562353953667304 0
0.3132342657496522 0.3559231374466432 0
0.3217048222779015 0.3408471655276463 0
0.4643676007177618 0.1761905594743701 0
0.2490781075506684 0.1858508146045417 0
-0.3025501242020671 0.5301878834402531 0
-0.283068461646908 0.5289667695164937 0
-0.2716240726514233 0.5453060463947919 0
-0.2833825468563795 0.56345555262476 0
-0.2718816740413541 0.5793249455372719 0
-0.2832440689152161 0.596816289177415 0
-0.2716459020549992 0.6122713746701657 0
-0.2828896939206296 0.6296576129841638 0
-0.274293041694134 0.6463459403959165 0
-0.2831000541340479 0.662470925324126 0
0.446656293854398 0.3532614075331239 0
0.4550034152619667 0.3670979065068777 0
0.4721013601776202 0.3674241296680857 0
0.4632779185796446 0.3810639897690579 0
-0.07828576550937519 0.758402112754756 0
-0.06914344390826925 0.7720321071383072 0
0.3024400700855462 0.4701422295208044 0
-0.3233483850923344 0.1089274586719213 0
-0.2218128054488581 0.7440391651799036 0
-0.04232878898860055 0.8419432129631068 0
-0.02592316187147584 0.8405548971426524 0
-0.1173985802612255 0.8584714895052233 0
-0.09901259317183186 0.6725195626278802 0
0.3570205694074629 0.4543432479301045 0
0.3492215469845834 0.4683937021414905 0
0.3658871678101359 0.4684379580967751 0
0.37648808222621 0.4796932684362515 0
0.3434289635084287 0.4845168481997441 0
0.3334059277556943 0.4688443902097867 0
-0.2155079805278849 0.5386324257277536 0
-0.2158546794572435 0.5704200262015361 0
-0.1689421984654404 0.8028263422239551 0
-0.4823523792084321 0.7459630241501136 0
-0.4639125606979838 0.7339102306330798 0
-0.2378351778181611 0.928159484361804 0
0.06629239964235867 0.3468240173131617 0
-0.3377749160093708 0.9613293539355805 0
-0.3551382471735591 0.9627412359477014 0
-0.3294564885638085 0.9757788347432395 0
0.4714024137112629 0.3090443720141924 0
0.1075954805331142 0.3802047860202843 0
0.1179354794221746 0.3948318599905612 0
0.1377320871528165 0.394070911282874 0
0.09871272851785298 0.3959875662362998 0
0.07943140582764566 0.3989115467460509 0
0.1457309141242405 0.3779414041212014 0
0.1568029292858611 0.3923463990941846 0
0.1740560200628671 0.3912087145739687 0
-0.2969896689733353 0.9162699270854187 0
-0.3415598994775476 0.5649530535895785 0
-0.1717467222092429 0.9540892412130604 0
-0.1633636551071938 0.9684473225039314 0
-0.1793542039170812 0.9695959405312102 0
-0.1552738915963061 0.9842900808215989 0
-0.1474364095012707 0.9687632989216561 0
-0.1234725719022538 0.9842465362146857 0
0.3221517970159148 0.1870626137774935 0
-0.06451673992702128 0.5133791855750225 0
-0.07483694367474715 0.530676038788173 0
-0.3090704945979926 0.7780593428160029 0
0.4066098564654093 0.2796088931515506 0
0.4298526567351642 0.2935655517112429 0
0.2078123156728192 0.3899626320290471 0
0.2000723905360045 0.4049458392131946 0
-0.255846241727704 0.7756753389315089 0
-0.2107154640530358 0.8185596293425554 0
-0.08712774792859598 0.4066717798402855 0
0.001023664697285098 0.2758548388899321 0
-0.09778363881900221 0.7016725566306043 0
-0.04671703594262194 0.7282444088152356 0
-0.2042360241241018 0.9552454398840502 0
-0.2152166148084859 0.6350541302590622 0
-0.20561684242336 0.6487448051521536 0
-0.04076758895976798 0.6856147641788608 0
-0.4823596498216539 0.7051568153996242 0
-0.4655083525391821 0.6948032628970353 0
-0.4659200621944201 0.674554083251549 0
-0.4824171229534346 0.6642474547562409 0
0.2064297039297247 0.01750237731147902 0
0.2169215656980024 0.03484260401605194 0
0.1643634120892942 0.01566814723145532 0
0.1231737300863837 0.01700195994614528 0
-0.4828464150847473 0.6235158924077845 0
-0.4617658807864131 0.6335189175684723 0
-0.4834361430590445 0.5836139495688363 0
0.08499651432810604 0.01599169179322574 0
-0.1305335779664289 0.564911362248683 0
-0.2133126730932994 0.6999155489336766 0
-0.2913138435040034 0.7112032011060426 0
-0.274163857197857 0.7116558096974684 0
-0.2752612333808938 0.8701696673477082 0
-0.1669802302055641 0.8603029478033786 0
-0.009723729757374816 0.2579576355970523 0
-0.2963283825555647 0.9453811731013255 0
-0.29344235537979 0.9726764159776777 0
0.252335263367311 0.3425969598387631 0
0.3983397093477597 0.2346869387697085 0
0.2861829351041033 0.05214667715764282 0
-0.2995786257648355 0.857094169909498 0
-0.3321160991934173 0.5137096819328922 0
0.2508105046077255 0.3129525078236973 0
-0.3560951559052286 0.9339381295972125 0
0.2337827294546608 0.4604731003512269 0
0.4312445860760113 0.3822822294238609 0
-0.225218938047615 0.4890496375535141 0
-0.3142505723667744 0.9171878648465127 0
-0.2187437996315632 0.1530480922791199 0
-0.2059736806248486 0.4203761389235887 0
-0.07529517564097116 0.07972594558832008 0
-0.142916175126539 0.6588954942845018 0
-0.1504934493839493 0.6743874002083895 0
-0.1297780388090962 0.732446280597171 0
0.06306510665938506 0.2746934049252123 0
0.05250564132262031 0.2570884752034948 0
0.03182152135712682 0.2574626211334291 0
0.3738338610295894 0.3397888011224964 0
0.1195061047679149 0.06053363005773632 0
0.4225270049765364 0.3681314598725536 0
0.3426917788202561 0.1143877492527561 0
-0.05285465542624081 0.771141307763375 0
-0.04419375280284193 0.7846504098729994 0
-0.02732875580770208 0.7829131914208418 0
0.100521522565631 0.1310478156578537 0
-0.1355415208537071 0.1878712881137791 0
0.3051386772294125 0.3705547893524025 0
-0.2088839210983059 0.3138745085511818 0
-0.3746687350209438 0.163398323399613 0
-0.3643113509728794 0.1812608376972847 0
-0.1153226156324712 0.9684458101504436 0
-0.09017575155452584 0.9821140597464801 0
-0.374928717180377 0.09148885721916811 0
-0.05179307036401183 0.7997838303725622 0
-0.1861957451274715 0.278473563861912 0
-0.2091494792994074 0.2773297053760211 0
-0.1969581077164127 0.2606665256619597 0
0.3125292793109529 0.4847241692961924 0
-0.4818136100445718 0.5405423407003476 0
-0.4822332671523496 0.5200414272143079 0
0.02173919046169193 0.2756050623854046 0
-0.3941755846580769 0.2699712456769335 0
-0.1096938206021091 0.788523501030362 0
-0.06257407585658843 0.2047643993099222 0
-0.05255325190880207 0.1866333014298321 0
-0.1107842237824411 0.3343049938884335 0
-0.08027607683520588 0.3145037860393118 0
-0.01978086176633731 0.2761317680561879 0
-0.0938205903023632 0.5310766811384022 0
-0.003869878330328813 0.40317227860428 0
0.2675183963918064 0.153088367960271 0
-0.1164956341812677 0.08031123303998705 0
-0.1580359037306335 0.874200734869885 0
-0.2640476852560796 0.5241791246487636 0
-0.002800616902070285 0.09667538643352352 0
0.0178452391037926 0.0964814731433723 0
0.02785246324006883 0.07860581564251018 0
0.02544376841922344 0.3481528216037953 0
-0.2179118995213993 0.2247693499437606 0
-0.2285255562331803 0.2070244982542127 0
-0.2386450288952449 0.2241416811969318 0
-0.2487183791584725 0.2068543391008394 0
-0.2390078499432497 0.1892130956382037 0
-0.2596893486367829 0.2209178425275377 0
-0.2616682911148607 0.1881132134272473 0
-0.2496228324683508 0.1715565852835642 0
-0.2288905342050163 0.1711442496779059 0
-0.3419028212826384 0.8739281506816943 0
-0.4586308854958217 0.09241755907147198 0
-0.4476679652756969 0.07450041736794377 0
-0.06332724297052092 0.1689400160193614 0
-0.2713497699867254 0.3049254666126611 0
-0.2185633110555852 0.8334654739670669 0
-0.1557762708439411 0.2240539571468064 0
0.2008668245095806 0.06290544536674408 0
0.3062617087260675 0.3994261224067124 0
0.1818759743181187 0.166225841448756 0
0.1529760031950926 0.1825937593464108 0
-0.1870538414197977 0.9850117077522118 0
0.4071095600608456 0.1601542801759372 0
-0.3306317352181131 0.6146238135147915 0
-0.01770543741813904 0.01594419931503221 0
-0.2930880515826651 0.4771114374918469 0
-0.4265293889109092 0.1459294498420762 0
-0.0002291089619011755 0.2037694750571578 0
-0.01089104649260653 0.1860441417257423 0
0.009837316231543797 0.185716567977651 0
-0.03162668525607083 0.1862943480232556 0
-0.02172597813043078 0.168380745234869 0
0.02048764356421642 0.2034694322237071 0
0.03028542519872479 0.1852213043631994 0
0.01952648936831788 0.1676349854401375 0
-0.04178310071038978 0.2044392166963314 0
-0.1779337443613286 0.1168334540103295 0
-0.1985571549864624 0.1170365505442788 0
-0.3298523415931185 0.6475366544910108 0
-0.2692929095198604 0.1021281681287942 0
-0.2824742387394554 0.07252227225418179 0
-0.2734834825370624 0.05572484830106111 0
-0.2285013535138841 0.2437260857059905 0
-0.4069233892961074 0.6836583311106051 0
-0.1046952148774169 0.169471140789959 0
-0.3532556621351392 0.2697599900428644 0
-0.3717908131431829 0.8293246268868214 0
-0.1456474137028821 0.205958010132766 0
-0.2492411890904101 0.06615708913844343 0
0.3307521229334022 0.3551456935319893 0
-0.1993719349515386 0.04658091748874521 0
-0.2114939789812156 0.029962008332092 0
-0.178797365783282 0.04537613905897564 0
-0.1462066257935644 0.1701015606169688 0
0.004191364512801457 0.3487402015588567 0
-0.3331806103289222 0.1986336007409467 0
0.09356585142571167 0.2556544036285129 0
-0.1884632534259371 0.09907228775434063 0
-0.1451259727313764 0.2418868155064448 0
-0.25949424569354 0.1531745258435565 0
0.3241081678438886 0.4268627126637384 0
0.1097176454534806 0.07795258727949256 0
-0.4077615282056442 0.6497443838597402 0
-0.3518936383772239 0.5140058780029997 0
-0.4829787413494047 0.4377717773603384 0
-0.05943537702274068 0.01649662665294294 0
-0.4841423922375805 0.1921989998348126 0
0.4863259146770879 0.3447368421052633 0
0.4867373516028777 0.3754185450722495 0
-0.1636023597242968 0.5227325009429289 0
-0.2667678152049534 0.01736487544450327 0
-0.09344235499957142 0.223197351545055 0
-0.3122637410811529 0.3049803952832398 0
-0.04392014813271723 0.09724707447785824 0
-0.4154945913729288 0.1993249832396621 0
-0.01339543822247188 0.8764267504470145 0
-0.0264256172798676 0.8854190859416204 0
-0.4791315324563566 0.2333334458709888 0
-0.4823729766124129 0.2744691320003829 0
-0.465485379346143 0.2644999614109376 0
-0.2183769850572814 0.1889616442126026 0
-0.03050178356538838 0.2582709730587368 0
-0.4084927490238102 0.6158326897817106 0
-0.12655298329797 0.09828334684492362 0
-0.3335018215888701 0.09100800486150851 0
-0.08873604639025065 0.7159159543117348 0
-0.1079338843611599 0.4074052601928415 0
-0.4164026083869686 0.1278590824606055 0
-0.4823472674233766 0.2948612216201867 0
-0.4650891372923692 0.3031821437511346 0
-0.4833409023621452 0.3358088991254572 0
-0.07742626969859244 0.3882591458896819 0
-0.3433244336215298 0.2164674680319368 0
-0.4138713219396087 0.3408654899065013 0
-0.3230574635645314 0.3933867047172255 0
-0.331300810307716 0.5814818263599655 0
-0.08216000904998175 0.2770786866283416 0
-0.1664155499905449 0.2062384728825216 0
-0.3633483338411327 0.2875484226450475 0
-0.05473883550464139 0.07938690987558111 0
0.05898257630248749 0.09610554027407048 0
-0.1371095543791083 0.08058240601091954 0
-0.07266787148193461 0.2228997348196168 0
-0.01352838941177834 0.07887594568776568 0
0.4865121604269396 0.3145686454962889 0
0.4846379420015204 0.2825901424840305 0
-0.4121196666693221 0.4102191863605482 0
-0.2821608866827557 0.2520815126292802 0
-0.09822675588386494 0.3890655833480821 0
-0.3737096585484114 0.2698577935912762 0
-0.1602368250729833 0.8170497901555737 0
-0.3731499526882824 0.3405463054699965 0
-0.1361326175809169 0.1520534818547684 0
-0.02494197032309477 0.4038096599941755 0
-0.09587452632168322 0.08005679663487847 0
-0.1176372971131143 0.4258359012928521 0
-0.4090585595208305 0.5817100875845453 0
-0.08526553063451926 0.09774847194833319 0
-0.008120495351995195 0.3301611261450466 0
-0.03730066247477512 0.349590806594812 0
0.3726942042207914 0.4547179666968826 0
-0.1615218788437545 0.01618735909043884 0
-0.2077151977513999 0.8745025726420226 0
-0.383178330049934 0.781035784252086 0
-0.203649999056002 0.7739152963601538 0
0.3138847292112925 0.06745461312768897 0
0.2812042397046859 0.4861107870685645 0
-0.01367408532291183 0.75 0
0.3645370652807379 0.3833716339917597 0
-0.3744485650841556 0.1990490820818355 0
0.0927367558185597 0.4154508272000532 0
-0.3022257443813043 0.2518175942895946 0
-0.2090609555215466 0.09926834109345672 0
-0.1565174795041303 0.4713154055338982 0
-0.1461725466919659 0.4857375539071021 0
0.05390138463071102 0.328538717188189 0
-0.456565254713958 0.5969462622833893 0
-0.2262437246152256 0.8482030701661434 0
-0.3226670794439492 0.3229341095168875 0
0.2487311091872822 0.4864391609920251 0
0.3554891619254816 0.2503138484525492 0
-0.3540281216873137 0.1632386248066519 0
0.1409061035890401 0.1299459649438724 0
-0.4527810580782843 0.4103234337806145 0
-0.3921091598878726 0.4102754294993869 0
0.04848156708983133 0.07847989137304751 0
0.487124229878819 0.2660568264690093 0
0.3563701482234701 0.3978188386268723 0
-0.4580616966845609 0.5635599127735147 0
-0.219136090933825 0.1172405388673779 0
0.1813825781019314 0.3758620083480261 0
-0.3424225695050528 0.4624499851271343 0
0.1532173744476633 0.2550711300958131 0
-0.1570490789621854 0.9011723534126466 0
-0.3537195565253881 0.1988059759601587 0
-0.3908503856311161 0.5486908216795854 0
-0.4041743386107994 0.2878189161668311 0
0.03838347580414495 0.4013185810320983 0
-0.2732761106303371 0.7762199054273966 0
-0.2487066463697902 0.8839317061652221 0
0.04955661184243111 0.1493120573295002 0
0.1710465950845053 0.4867720854622126 0
-0.01623328191435079 0.6712480937374233 0
-0.01233103968498944 0.6388673042529416 0
0.1394736842105264 0.486325914677088 0
-0.2846004130652882 0.4260992762414653 0
-0.1981005759809818 0.1528294846539319 0
-0.1979713507876054 0.9133111957361171 0
0.2258762780885806 0.418551416542491 0
-0.4602617351603308 0.4597870841951399 0
-0.1260788326073011 0.8445402803817091 0
-0.1010862800509845 0.8019329275465839 0
0.03326358378842334 0.3291283037027869 0
-0.3831298918955452 0.3581586406629226 0
0.4870212391370006 0.2016560956088726 0
0.4830410066318488 0.2344534269274731 0
-0.4146138309513539 0.2701047976909293 0
-0.2256817854750591 0.3530059579757805 0
0.3631388425865737 0.1444158276443039 0
-0.2923402545546464 0.2341837103013628 0
-0.2800661006936059 0.9154747164185179 0
0.3223464224535711 0.3699465971358316 0
0.4383455268723943 0.3394865215019149 0
-0.2460593966608073 0.3885641221242083 0
-0.1485256046415386 0.5659874294627438 0
0.3208692052900406 0.2812018913075052 0
-0.4348583804554281 0.2713550375580579 0
-0.2155700497042391 0.4378876515578999 0
-0.2014000463472458 0.832700937547465 0
-0.1365676145710643 0.6127069165248784 0
-0.1254663657056782 0.1698003069923049 0
-0.464978824795498 0.7149513043450708 0
-0.4449996833873469 0.7413277234549944 0
0.2479736509505277 0.08703780211319995 0
-0.3645215533095849 0.1094206790067718 0
-0.3670153766257703 0.889731431023101 0
0.0617645484953723 0.2029734109411922 0
-0.3409232905379386 0.5984467119240457 0
0.1877569425493504 0.3318455071305717 0
0.1026116516429566 0.2025831973957828 0
0.464754048511401 0.146590944812867 0
-0.2086303846143007 0.1350299880419409 0
0.2369009256899165 0.03519518290285789 0
0.09156011825736998 0.1846902995190578 0
-0.1409745809423161 0.6887824971514639 0
0.0837241724997437 0.2734761378788132 0
-0.2649994037430146 0.4575603015397469 0
-0.2636370685710295 0.7909570186199981 0
-0.1203967198108752 0.7464396145854078 0
0.4873371698990804 0.1707103429119761 0
0.4873034707110323 0.1394635460771286 0
-0.3612693498410109 0.9866970043114582 0
-0.3684210526315788 0.9723874691628891 0
-0.3846204141065248 0.9724171619090372 0
-0.3754899818156382 0.9589171176602995 0
-0.3938667079596691 0.9548581954259996 0
-0.2658442624694646 0.7285475596334585 0
0.1269148788619248 0.04431514614330939 0
-0.3559816694659386 0.7641778849676244 0
0.2300029776057243 0.1209721664862954 0
-0.2618709900632974 0.8205306443654735 0
0.1502482997566019 0.07769626401674629 0
-0.3327030539465912 0.445167763441997 0
-0.2057599715782565 0.4888236696244574 0
0.3811160031281484 0.3831979626287001 0
-0.09479310274330799 0.1514347106529206 0
-0.39229272777658 0.9854174636993234 0
0.4857284467455667 0.1081656338895284 0
-0.1097428812161403 0.8441949088831308 0
0.3896943391762178 0.2199575302189841 0
-0.2462893628790184 0.7902101902395768 0
-0.4469681870955464 0.1461463022622518 0
0.4499207665674747 0.4128442028736659 0
-0.08405724207037156 0.1692206425115128 0
0.3296244826682154 0.2962595940538896 0
-0.0539110575903201 0.4591228381847168 0
-0.1974893078060809 0.6320452477489243 0
0.4151490690204825 0.2346375868205199 0
-0.3399597076088869 0.6314841638782209 0
0.2769497729533659 0.1707482328097654 0
-0.3876361550072738 0.6833959191508621 0
-0.4273173692160787 0.0736561207389147 0
-0.195657383571849 0.7590622199691017 0
0.3728073685537842 0.3976299874229219 0
-0.3934959564462144 0.3406701611989736 0
0.01990051924760952 0.4710806603626727 0
-0.05332932614780915 0.1509414217022186 0
-0.3760681466443611 0.7324999764903044 0
-0.3227142039249028 0.03729081809769635 0
0.457662592341278 0.3969625128474273 0
0.2868186394722654 0.311702772104682 0
-0.2764055995288069 0.03828230776843383 0
-0.3084570752869065 0.01792158122559623 0
0.2333761246568625 0.3438504435261374 0
0.1039861648555414 0.2728636455871577 0
-0.04248650084198386 0.1686941549020891 0
0.285705212835374 0.2508447325726288 0
-0.3491947015310404 0.01777074006911816 0
-0.1079631567687035 0.9003002216330627 0
-0.3646000181453487 0.7805141117066544 0
-0.3497223620831511 0.8892208055150628 0
0.3470793178731453 0.2049465824363178 0
-0.3843866727754773 0.2168184163777114 0
0.2955559531103337 0.137909466162311 0
-0.3915580353499699 0.9369509540231518 0
-0.4142829828733186 0.9627831446311352 0
-0.4275812448437832 0.9437225859682636 0
-0.4337555028172527 0.963469209885967 0
-0.1956559661066057 0.4376724979148698 0
-0.4300469357369059 0.7991445631898332 0
-0.363792433925997 0.03729552482785764 0
-0.09002591200837883 0.6870518414154372 0
-0.02328105371203355 0.4387031664904563 0
0.3901456333232488 0.09756075839986306 0
-0.3392168870913523 0.664440265711238 0
0.3080185864898954 0.4273808738078571 0
0.4241855553786027 0.1605382840536113 0
-0.3427639674396428 0.427905188898393 0
0.139051465073499 0.06076103549175754 0
-0.05825269275225033 0.8425147272861423 0
-0.4236709243715138 0.3585332765309024 0
-0.3949514251299507 0.1991605341739332 0
0.3543734354394118 0.03101083311856329 0
-0.01189633356847754 0.1503776733803443 0
0.431863465870966 0.4429646437362748 0
-0.4496366506166575 0.907569232389759 0
-0.4584597130390222 0.9253619086179816 0
0.209395073517451 0.4190478577552041 0
-0.08114113894682717 0.7012222629687401 0
-0.2650579452783395 0.4224753959156435 0
0.2777372410766778 0.2967070700083941 0
-0.3022616567151525 0.3225712919021247 0
-0.2671367928392401 0.9859078482305601 0
-0.08438533253634825 0.5474828653989791 0
-0.001067106867537318 0.1680272578496911 0
0.02918828980705404 0.1496355513574696 0
-0.158037208634355 0.6896884059387651 0
-0.3977937604529085 0.6665238158781268 0
-0.4254196679294601 0.2171343457715022 0
0.2943603913072748 0.2348901791777984 0
0.3724534114694888 0.0644431341222132 0
-0.2053831404359347 0.7445889906004455 0
-0.1542212635113528 0.6135731228277828 0
-0.1792866751425064 0.570251706743554 0
-0.3260042502825677 0.8099570146470235 0
-0.4033621300773254 0.8906815848347047 0
0.2112912933775562 0.1535558722880543 0
-0.4458167630000782 0.2173804834453436 0
0.1909409608187268 0.3904197980487424 0
0.4073455698929394 0.1300457344870802 0
-0.3329458872392015 0.4106163054238883 0
-0.443647055143517 0.3588816629470019 0
-0.4654155700623152 0.2834765264363681 0
-0.1366233346016188 0.7470329748201097 0
-0.3890373046834246 0.6161506679458771 0
-0.2820672483381357 0.3227094716708212 0
0.1597625747125418 0.4207942506695712 0
0.3984318791815566 0.2048013755588344 0
-0.3884215762036121 0.6497553636811781 0
0.1921272017872691 0.1851260577799985 0
-0.2058120838834095 0.7158251885881981 0
-0.4388988417582094 0.8161532591735963 0
-0.3429051303425995 0.3931767715068353 0
-0.23496508650968 0.9853956838875675 0
0.4157906070771603 0.1455876144669239 0
0.4388795166944954 0.3675917324921047 0
-0.3896218851459362 0.5822499911430701 0
-0.3066243363666601 0.8084344442719062 0
0.4846290499694756 0.4073418205087019 0
0.4096147074917717 0.4853328891595039 0
-0.01494580228419252 0.9080766234177997 0
-0.01296687636524195 0.6060860678210678 0
0.1422710477867762 0.16443317052899 0
0.1951945790142121 0.3163091943876647 0
0.2855107529386073 0.2185406149861648 0
0.0398829291902526 0.1670772436786883 0
-0.4802537203817137 0.8901879825875576 0
0.3890112111038469 0.01706909074834595 0
0.3794907423252916 0.03513057643828865 0
0.3727198908663064 0.4263482684542423 0
-0.4397107161814993 0.05313835065334405 0
-0.4249883722392568 0.03620166450508006 0
0.468477024341752 0.4105500925007228 0
-0.182777770555054 0.417362060086935 0
-0.1003767422030462 0.642404782522895 0
-0.07409280870159633 0.8996018759816353 0
0.4218857564942174 0.4579129737895081 0
0.3810461986768457 0.4121870653414035 0
0.4421156996585641 0.06802899171687216 0
0.4629469342847905 0.06620289140727903 0
0.4401820463844227 0.03051673217616452 0
0.05062426935938627 0.1849874923143905 0
-0.3616761805165473 0.8445355043545586 0
0.1281065147690217 0.4099671435218002 0
-0.4108373018499862 0.5141276745676774 0
-0.2070140571666287 0.6174228357148899 0
0.1928875855849056 0.419572015374523 0
0.1925913429287988 0.2866213744208173 0
-0.4207569642505793 0.4944031066880055 0
-0.2526778523893126 0.03308451256776529 0
0.1317285162589341 0.1480580933948409 0
-0.3131362771056931 0.3760360754212665 0
-0.1675604700890589 0.6753341565713683 0
-0.06935603056083252 0.3325538526657562 0
0.4394047080370341 0.2793286057855991 0
-0.3917337304342888 0.4793554415870311 0
-0.3916729493316305 0.443929018698176 0
0.3980338659681555 0.2959282753043437 0
-0.2770308331698386 0.971778680551538 0
-0.1637382969513633 0.5990895600850816 0
-0.08233781231085978 0.6725061014807476 0
0.3123687259739444 0.2036772882642041 0
0.4587628136584553 0.1004457946204085 0
-0.2326100706167026 0.03093793874618034 0
0.4478116344927535 0.3819787001322589 0
-0.2711819077553542 0.8061006025668911 0
-0.3897380797415162 0.01783372743799821 0
0.04986270679596673 0.4183281447525012 0
-0.1775076191315514 0.6604388776884593 0
-0.3230169256443128 0.3584267551480731 0
-0.3745130492398026 0.76463593110787 0
-0.1552363244366005 0.5036386216114622 0
-0.2137604753069243 0.6651535239381308 0
-0.3642838500228072 0.9478708754540532 0
-0.4571151667770438 0.8168709997885601 0
-0.05398363623904409 0.4951816900559421 0
-0.1286472274080364 0.02968504243204695 0
-0.3984595714525393 0.6328056754300391 0
-0.312845665904444 0.3406417933407996 0
0.09907835564827919 0.4680312355445037 0
-0.48273180961458 0.3956426044203324 0
0.3989155200395069 0.472508997234761 0
0.3465547600131895 0.2658596543485279 0
-0.4644724725825032 0.4273397028600235 0
-0.4715560123620735 0.07288165418953607 0
0.4242780469894079 0.1307660822023751 0
-0.464478970953757 0.3247879572458751 0
-0.06627618767754997 0.8573870703739134 0
-0.0275930387063572 0.8691300616964379 0
0.3392800693800083 0.1882734059481901 0
0.0146557049447766 0.02821916164903854 0
-0.4657336395936174 0.6545204098646391 0
-0.01324323542625841 0.7035586594224855 0
-0.152342139071023 0.8028906430328615 0
0.2983494479972209 0.4138395866943188 0
-0.05992495557337361 0.313507533117137 0
-0.3845041260967019 0.7488866359852133 0
0.1838012937777772 0.4052548929648698 0
-0.4627160565719686 0.3595897397550745 0
-0.09110168607554474 0.2959678106523517 0
-0.034527335374844 0.4219001877163862 0
0.4714575918401203 0.2212151257897293 0
-0.2807499008441963 0.7916465403986626 0
-0.01474031604948731 0.7822600842733042 0
0.4721206964669613 0.2483431230315852 0
-0.466769952834172 0.1819455400287496 0
-0.3991226381093167 0.5989185056330877 0
-0.1024736341782754 0.2773681626766958 0
0.02867454652201354 0.4189300034014787 0
-0.09257715251806825 0.8438343776780804 0
0.4693457283895797 0.4446909504514236 0
-0.05602082662185959 0.9729249386240855 0
0.4459537329731091 0.4720963181575484 0
-0.03124449641841802 0.9433072566780814 0
0.08065846426897733 0.4680610344643545 0
-0.06560142294849185 0.5468458289548201 0
0.4591258930865822 0.4290853227754017 0
-0.09135630208258062 0.6576390156408644 0
0.1674783676011765 0.4062160737829162 0
-0.1951942552309644 0.6622929333155156 0
-0.4620215694700087 0.7543462060073707 0
-0.04315504904250943 0.4763596494281745 0
0.1819726306198867 0.2376180957978428 0
-0.3592839493849681 0.874984686148802 0
-0.01369115303557498 0.4204513389282579 0
0.4737348304184372 0.1342325241407711 0
0.4734405625207651 0.1621292540099245 0
0.007519818495181629 0.419701119172859 0
-0.03312557146746617 0.4574883674120944 0
-0.01241977448553652 0.8141483436360288 0
-0.2985635395556665 0.7927949982192476 0
0.3809050202468858 0.4416226931905971 0
-0.216297715499839 0.602329813409971 0
0.398410693259591 0.3261415623351695 0
0.2026287173113072 0.4873798460294564 0
-0.2998461809172667 0.9864948192553924 0
-0.3006480869404892 0.7285285274345885 0
-0.3995214790654845 0.5650753705778009 0
0.3650715134826787 0.1746233312306572 0
-0.4038120767256353 0.7492113461989274 0
0.2125909244942886 0.2842082185677536 0
-0.1175172066477757 0.8022458033796023 0
-0.03085338577047556 0.9112347156327749 0
-0.1338085315162543 0.4997579107460139 0
0.3900317347531135 0.3399454723868393 0
0.2256129166176424 0.4743585511231352 0
-0.404217489631253 0.03755903471976146 0
-0.2652360575814983 0.6964294323373208 0
-0.1521053640106101 0.7749099563957113 0
-0.2569541158286426 0.7128294026930712 0
-0.4096504761612046 0.5480093468774745 0
-0.465028886743949 0.2170977090868522 0
-0.4131843922941397 0.733518143070788 0
-0.02882963935700933 0.5814103047162503 0
-0.4200867727776276 0.5302836250877547 0
-0.03813535533704793 0.529906724066193 0
0.4732893049644089 0.192695405194817 0
-0.4848730851515941 0.8282051282051283 0
0.2182673427241311 0.4875602225419595 0
-0.2654890218520056 0.6640800886221117 0
-0.1345197074017816 0.8028337989393208 0
-0.05605945910321154 0.530031429514896 0
-0.4461081238285942 0.9416214340458962 0
-0.03943455015405879 0.9274251627767011 0
0.4722129676235802 0.3938330605946837 0
0.1946743521991992 0.4744435730660326 0
-0.4675620800859602 0.6108654627673119 0
-0.2071143003788256 0.5856476281540303 0
0.3905681520415907 0.3107154488764156 0
-0.2652962928945728 0.6315900622729851 0
-0.1487601788021947 0.9141027037844003 0
-0.0123290681238139 0.8459311218452235 0
-0.1650256547008992 0.9137604248839077 0
-0.267209270316395 0.5954650058953702 0
0.4158620896788868 0.1151695055954363 0
-0.1974798110455155 0.5701296350951061 0
-0.4013726089399681 0.4605156075171463 0
-0.1795952372818235 0.3956572123837914 0
-0.2967778977091343 0.1645320271989409 0
-0.2667009539870874 0.16902467446891 0
0.3043345838961538 0.0862255509763229 0
-0.2143458484629239 0.2583522761680522 0
-0.2440403632824963 0.2542570686683089 0
-0.2136528459025888 0.2950786003530217 0
-0.3040864487498107 0.1474828768208705 0
-0.2672704745390875 0.5621988726479266 0
0.1785506045294927 0.4745528014908463 0
0.06108172615861085 0.4685346195071117 0
-0.272487687995922 0.2354211058252999 0
-0.2656512189871018 0.2052922535383067 0
-0.2830273916442881 0.4928195637140739 0
-0.4675719594644525 0.5103938921445492 0
-0.2852358334296036 0.4602630223757712 0
0.3044519786752083 0.05101388597721684 0
-0.4008286402825115 0.4267118383384714 0
-0.3117202908211629 0.972836434819655 0
-0.1397149788515112 0.9267481726140346 0
-0.1410117801020789 0.4698959103724362 0
-0.1531290858117321 0.7466782229712829 0
-0.4671462479805055 0.801803535707016 0
-0.2751464051103725 0.4421593915629012 0
-0.4708343248398167 0.05436566766372303 0
-0.4847859058651753 0.1516440696939161 0
-0.4435822284581704 0.02968979415352885 0
-0.4208027592219404 0.426643623357212 0
-0.2757226387068431 0.4085672993236924 0
0.3142378329037769 0.03357019457328447 0
0.4682706392482239 0.08583047933485949 0
-0.4695953412435802 0.9437823767682678 0
-0.4783828103130222 0.9275737241936679 0
0.1486736811755301 0.4075793858350492 0
0.3464361582838196 0.01581438780160399 0
0.4065768707270108 0.09895697509914131 0
-0.1724182271380064 0.5849327886325135 0
0.32568939865119 0.0161326438192762 0
-0.442092211191053 0.4264502435036039 0
-0.3767940894454999 0.8761151762587054 0
-0.1232636213412703 0.9259866365924743 0
-0.01100882509859982 0.7184210526315791 0
-0.02711496596154669 0.6838913328090211 0
-0.02455029005077906 0.7420459019844643 0
-0.1740205468726833 0.9006874708831067 0
-0.4663183342963702 0.5485377633267577 0
0.1625383601614411 0.4747964437241738 0
0.4014244552556481 0.03442813230479908 0
-0.02677015102281352 0.658573849787411 0
-0.1901233030324131 0.9004529514103889 0
-0.01899703226385099 0.5296389940199188 0
-0.266520149510366 0.3912414678718544 0
0.3781052909819114 0.4674571995895808 0
-0.1620372797116669 0.7327900823771611 0
-0.3293701679370018 0.9897287683853289 0
0.4216275367506082 0.03433176069530858 0
-0.256806631542043 0.680973613856301 0
-0.4859849176402575 0.1110392186265747 0
-0.4656550395621794 0.579469442452668 0
0.2400895966446104 0.4733062645951143 0
-0.08211312916705812 0.9131036497194478 0
-0.2558915422592901 0.3736945458984027 0
0.3975517323050044 0.08240631394611003 0
-0.4278949490027763 0.9786408082962983 0
-0.2148813224612211 0.8870610768503948 0
-0.1988566531680324 0.8875040541130133 0
0.3570310013489961 0.1583375661060106 0
-0.06679805656070914 0.9616302457758612 0
0.2570600741343986 0.4445533841378667 0
0.4758851259449237 0.3526315789473685 0
-0.1161364892091084 0.9130533062694359 0
-0.02491280002886832 0.6310662668349105 0
-0.08315960627101521 0.9655070994895372 0
-0.394971346098637 0.8769399785868655 0
-0.0251188577965777 0.8984954910211271 0
-0.0478359492122067 0.9403011836851263 0
-0.3448356988498846 0.972267943364 0
-0.4684993536189055 0.8768240027235954 0
-0.001280872056891313 0.5116476451787373 0
0.1463083738952226 0.4752118727673703 0
-0.4663992102561837 0.2480659362920097 0
0.4127402812984021 0.4697970230203128 0
0.4489633487486627 0.4435952571487731 0
0.4392290109669876 0.4569589862274431 0
-0.4294572492202981 0.7334352435944397 0
-0.09937154073652535 0.9126887621135251 0
-0.1803081948595384 0.7319348659066023 0
-0.3991999780423412 0.9714904320982078 0
-0.223663171130132 0.8745969510394178 0
0.3486649928061029 0.1432231646574088 0
-0.4869483529317875 0.4791657094757102 0
-0.4515771608697322 0.704019628532187 0
-0.4684479815604862 0.8628252448849487 0
-0.4265058356102977 0.0194432501920595 0
0.4274870981921724 0.01904678325006159 0
0.04918854960925537 0.4874738615864594 0
0.3880579846115087 0.06583492269774238 0
-0.2242907103203568 0.01485931149732589 0
0.4753308266689398 0.323192867173421 0
-0.1632807878503152 0.5690458120512553 0
-0.2574314257815875 0.6486962201694737 0
0.4794995396772123 0.07163069293317531 0
0.472924667202551 0.1025754848216534 0
0.2314700015138575 0.08439700141772116 0
-0.2454902840014635 0.3559271142485981 0
-0.01058435718751845 0.5475124722516123 0
-0.2045759541095781 0.01334218760739592 0
0.2483009292300297 0.458718185582684 0
-0.2502650491253394 0.2382938834924223 0
0.1315789473684211 0.4764272521030257 0
-0.4516639240161089 0.2728549588936923 0
-0.08370665309208319 0.9397543982527521 0
-0.4133564469914409 0.8769982249200634 0
-0.1473520699564024 0.5314841770591294 0
-0.4676715745438694 0.4447862516179516 0
-0.1897027243374786 0.03253123330471491 0
0.1268905188708329 0.4248975161726358 0
-0.1971369678432481 0.7306801023673712 0
-0.159531037176208 0.4217390549437484 0
-0.4524266262655045 0.6656055217244786 0
0.2215335402330204 0.06725021447527735 0
-0.168961670369855 0.03261952900930309 0
-0.2347645522814007 0.3377182883892997 0
-0.4232982721819892 0.8624256154980241 0
-0.256769079116664 0.6183219866967695 0
0.2713845636008401 0.4429314901865991 0
0.1717096690746094 0.3351671269377612 0
0.3783964919063978 0.05048673798777825 0
-0.190284229806285 0.3843104933064053 0
-0.4671423502488266 0.7709551693189409 0
-0.4693786941832859 0.4087720781772459 0
0.2793475395625034 0.4277707780295771 0
-0.1206521590140712 0.01395507781605487 0
-0.149371889021166 0.03075550379536662 0
0.2095592996168293 0.04862671164555449 0
0.4743405114354284 0.2948619572500246 0
-0.02468293399644085 0.7710169405175709 0
0.4764603701202318 0.2094327945954546 0
-0.1750610629909752 0.3625888925966191 0
-0.2250497136643083 0.3204054941751776 0
0.4769621151670955 0.2596023422152774 0
0.4744121993928102 0.2712735681049973 0
-0.1025641025641029 0.0116804286440001 0
-0.448081853608599 0.9704145977753118 0
-0.2380117934114076 0.8749618363649734 0
-0.02304855331676946 0.5974837064169767 0
-0.4693224999206714 0.3440815148335684 0
-0.4413413639584354 0.8623732556231962 0
-0.08534228245211672 0.0333254852219782 0
0.1545311730148093 0.3160564373969103 0
-0.2605950115449989 0.8736145132239928 0
-0.2248809558027051 0.2849978644873005 0
0.4756698213932286 0.3815216762628009 0
-0.2574686693350222 0.5862251148069515 0
0.02194910329927043 0.505029112575262 0
-0.4496555613480352 0.3089444544630723 0
-0.06745435487188743 0.03122475316361911 0
0.4772670287432584 0.178947368421053 0
-0.1550999410795759 0.5537895231601493 0
-0.4429330084421594 0.7561225754795502 0
-0.2582466712234504 0.0508774346672401 0
-0.196276913896958 0.7037480790490933 0
-0.04590636339315668 0.03152636279108939 0
0.2016739821544097 0.03259674203564128 0
-0.4665933791453272 0.9069505219692535 0
-0.4725868061744485 0.8184418853286799 0
-0.3814404685480439 0.9460622412934394 0
-0.02487914245072308 0.03183637780921028 0
0.4628011802551697 0.2730202177983803 0
-0.2646913635733914 0.8620264540160237 0
0.01868182130532836 0.01339336342377279 0
-0.02460035099446243 0.7944746336770978 0
0.1538339293510144 0.02858127208063893 0
-0.2771584391737884 0.1957356769527946 0
0.1733041940330734 0.02926949890959785 0
-0.456660332036693 0.05949113067414197 0
0.03002528112298608 0.4874257598929489 0
-0.005531981284203451 0.02965694417631409 0
-0.2968013874214462 0.1210816108696117 0
-0.2878337629651911 0.8590825590605738 0
0.07833999521306903 0.03173184094610099 0
-0.4717375546462298 0.1631419805054979 0
0.04797315844486863 0.0144464796109674 0
0.3867145877253301 0.4743780594797731 0
-0.076980174153608 0.9522030099634531 0
0.1135981520104342 0.02880697332089999 0
-0.02290477185819245 0.854392335452288 0
-0.4715020231951284 0.202564102564103 0
-0.2865890703367234 0.1047702148424028 0
0.05719881899597812 0.02987170556387458 0
0.1338637673505022 0.02888899073030465 0
-0.03845830103786976 0.8813463855026098 0
-0.4888964441015927 0.3769153195365218 0
-0.2574474331931381 0.5530286972132646 0
0.4777072507934824 0.1473684210526319 0
-0.02210239664398158 0.6468198234686207 0
-0.2770725204408758 0.08710984186311915 0
0.2240655229173928 0.1086621566225798 0
0.09782224804667261 0.03121162152532447 0
-0.3555064559137341 0.9758211889279884 0
-0.2048849037552685 0.6897316832733555 0
-0.1420317858052872 0.4404432436911607 0
0.2146084245454472 0.1240482120845435 0
-0.2666794458385605 0.06934270923439462 0
0.4743811508971945 0.05378352197056324 0
-0.4715721912492352 0.5937026114468433 0
0.3762762472293892 0.4915386120570994 0
0.1093860550885505 0.4063809637351275 0
-0.1306755293661259 0.4597879127841139 0
-0.2933494367887088 0.8448024509301467 0
-0.0229434106149161 0.8239802467646575 0
$EndNodes
$Elements
13 5154 1 5154
1 5 1 39
1 2 13 
2 13 14 
3 14 15 
4 15 16 
5 16 17 
6 17 18 
7 18 19 
8 19 20 
9 20 21 
10 21 22 
11 22 23 
12 23 24 
13 24 25 
14 25 26 
15 26 27 
16 27 28 
17 28 29 
18 29 30 
19 30 31 
20 31 32 
21 32 33 
22 33 34 
23 34 35 
24 35 36 
25 36 37 
26 37 38 
27 38 39 
28 39 40 
29 40 41 
30 41 42 
31 42 43 
32 43 44 
33 44 45 
34 45 46 
35 46 47 
36 47 48 
37 48 49 
38 49 50 
39 50 4 
1 6 1 19
40 3 51 
41 51 52 
42 52 53 
43 53 54 
44 54 55 
45 55 56 
46 56 57 
47 57 58 
48 58 59 
49 59 60 
50 60 61 
51 61 62 
52 62 63 
53 63 64 
54 64 65 
55 65 66 
56 66 67 
57 67 68 
58 68 5 
1 7 1 19
59 6 69 
60 69 70 
61 70 71 
62 71 72 
63 72 73 
64 73 74 
65 74 75 
66 75 76 
67 76 77 
68 77 78 
69 78 79 
70 79 80 
71 80 81 
72 81 82 
73 82 83 
74 83 84 
75 84 85 
76 85 86 
77 86 8 
1 8 1 19
78 7 87 
79 87 88 
80 88 89 
81 89 90 
82 90 91 
83 91 92 
84 92 93 
85 93 94 
86 94 95 
87 95 96 
88 96 97 
89 97 98 
90 98 99 
91 99 100 
92 100 101 
93 101 102 
94 102 103 
95 103 104 
96 104 9 
1 9 1 19
97 10 105 
98 105 106 
99 106 107 
100 107 108 
101 108 109 
102 109 110 
103 110 111 
104 111 112 
105 112 113 
106 113 114 
107 114 115 
108 115 116 
109 116 117 
110 117 118 
111 118 119 
112 119 120 
113 120 121 
114 121 122 
115 122 12 
1 10 1 39
116 11 123 
117 123 124 
118 124 125 
119 125 126 
120 126 127 
121 127 128 
122 128 129 
123 129 130 
124 130 131 
125 131 132 
126 132 133 
127 133 134 
128 134 135 
129 135 136 
130 136 137 
131 137 138 
132 138 139 
133 139 140 
134 140 141 
135 141 142 
136 142 143 
137 143 144 
138 144 145 
139 145 146 
140 146 147 
141 147 148 
142 148 149 
143 149 150 
144 150 151 
145 151 152 
146 152 153 
147 153 154 
148 154 155 
149 155 156 
150 156 157 
151 157 158 
152 158 159 
153 159 160 
154 160 1 
1 11 1 7
155 4 161 
156 161 162 
157 162 163 
158 163 164 
159 164 165 
160 165 166 
161 166 3 
1 12 1 7
162 5 167 
163 167 168 
164 168 169 
165 169 170 
166 170 171 
167 171 172 
168 172 6 
1 13 1 7
169 8 173 
170 173 174 
171 174 175 
172 175 176 
173 176 177 
174 177 178 
175 178 7 
1 14 1 7
176 9 179 
177 179 180 
178 180 181 
179 181 182 
180 182 183 
181 183 184 
182 184 10 
1 15 1 7
183 12 185 
184 185 186 
185 186 187 
186 187 188 
187 188 189 
188 189 190 
189 190 11 
1 16 1 7
190 1 191 
191 191 192 
192 192 193 
193 193 194 
194 194 195 
195 195 196 
196 196 2 
2 2 2 4958
197 2229 2230 238 
198 1257 1588 1511 
199 1400 2295 2056 
200 986 1583 1527 
201 782 1844 1698 
202 1485 2283 202 
203 2113 2307 2223 
204 1137 1697 1051 
205 1496 1780 251 
206 1511 1587 1257 
207 522 1604 534 
208 1557 2229 238 
209 2056 2292 1400 
210 1487 2187 1560 
211 1560 2187 473 
212 1245 1786 1494 
213 1585 1606 792 
214 1514 1585 792 
215 196 2275 195 
216 913 2499 1584 
217 2006 2371 1697 
218 1127 1707 1212 
219 202 2410 1485 
220 1335 1809 1334 
221 913 1584 884 
222 265 2409 1624 
223 936 2371 2006 
224 1338 1809 1335 
225 68 1781 67 
226 253 1751 1750 
227 753 2577 1506 
228 1119 2248 1786 
229 1777 1778 212 
230 1248 2486 2224 
231 1506 1533 753 
232 804 2200 1900 
233 1502 1854 231 
234 1698 1844 1696 
235 2240 2254 255 
236 1449 2254 2240 
237 2079 2214 1521 
238 219 1754 1495 
239 1786 2248 1494 
240 1475 2435 241 
241 394 1877 1728 
242 1763 2095 2093 
243 1258 2187 1487 
244 1487 1900 1258 
245 2096 2145 1123 
246 1180 2245 1787 
247 2224 2486 1483 
248 1510 2439 223 
249 66 1779 65 
250 251 1781 1496 
251 1820 2386 2326 
252 1521 2214 1498 
253 335 2446 2418 
254 1636 2381 1426 
255 743 1525 1524 
256 1494 1787 1245 
257 1624 2409 1486 
258 1313 2132 1532 
259 1123 2146 2096 
260 667 1592 553 
261 1759 2073 1269 
262 1532 2132 218 
263 1750 1753 253 
264 1506 2577 1504 
265 1636 1727 754 
266 1137 2006 1697 
267 264 1742 1547 
268 790 2262 1950 
269 1695 1696 1230 
270 1202 1538 1433 
271 1765 1985 258 
272 986 1584 1583 
273 1900 2200 1258 
274 1763 2264 2095 
275 1950 2481 790 
276 447 2327 452 
277 2326 2386 221 
278 1206 1538 1202 
279 1728 1877 1727 
280 1727 1877 754 
281 1547 2007 264 
282 1495 1861 219 
283 2148 2353 237 
284 2234 2401 1768 
285 804 1900 1531 
286 1550 1705 374 
287 1670 2280 1672 
288 1619 2007 1547 
289 1696 1844 1230 
290 675 1604 522 
291 1348 1863 1862 
292 1595 1596 970 
293 258 2503 1765 
294 1527 1592 986 
295 1778 1902 212 
296 276 2275 196 
297 1290 2147 1077 
298 2311 2527 2073 
299 197 2007 1619 
300 1205 2401 2234 
301 981 1787 834 
302 1759 2311 2073 
303 226 2108 1520 
304 1562 1692 235 
305 941 2339 1138 
306 1393 2219 2163 
307 790 2334 2262 
308 1551 1705 1550 
309 1619 1621 197 
310 231 1855 1502 
311 475 1841 467 
312 1212 1707 1246 
313 305 1622 308 
314 983 1815 1814 
315 1397 2342 1958 
316 2163 2219 234 
317 2223 2307 279 
318 1434 1715 1419 
319 212 1779 1777 
320 2257 2337 1522 
321 2147 2353 2148 
322 779 1705 1551 
323 1621 2020 197 
324 1536 2369 716 
325 716 2370 1536 
326 614 2238 1498 
327 1508 2245 1180 
328 792 1604 1514 
329 1269 2072 1759 
330 1051 1697 1230 
331 754 2381 1636 
332 1464 2423 2415 
333 1498 2214 614 
334 1550 1707 1127 
335 241 2443 1475 
336 1555 1556 769 
337 1551 1706 779 
338 1672 2280 1239 
339 2262 2334 2015 
340 884 1584 986 
341 534 1604 792 
342 224 1537 87 
343 1000 2245 1508 
344 1256 1556 1555 
345 231 1781 68 
346 67 1781 251 
347 1524 1534 743 
348 223 2212 1510 
349 2146 2431 274 
350 924 1608 1048 
351 467 1841 1574 
352 1596 1683 970 
353 1753 1754 219 
354 1256 1587 1556 
355 1533 2208 2185 
356 87 1537 7 
357 466 1613 495 
358 1706 1711 1710 
359 277 2337 2257 
360 2170 2391 375 
361 1669 1696 1694 
362 1508 2536 1000 
363 316 2313 306 
364 1584 2285 1583 
365 1207 2011 1250 
366 514 1534 493 
367 1715 2460 1419 
368 264 1861 1742 
369 743 1592 1525 
370 2238 2331 1596 
371 124 2402 234 
372 251 1780 1779 
373 1489 2212 8 
374 257 1681 1679 
375 1669 1698 1696 
376 1548 1602 229 
377 1734 2468 2360 
378 2056 2295 198 
379 251 1779 66 
380 65 1779 212 
381 1693 2144 1694 
382 1113 1587 1511 
383 1664 2252 1782 
384 983 2097 1815 
385 310 1683 312 
386 1373 2193 1970 
387 467 1574 460 
388 986 1592 667 
389 2224 2368 439 
390 208 2510 1501 
391 259 2539 1516 
392 62 1680 61 
393 2360 2468 406 
394 1128 1543 1497 
395 509 1533 507 
396 1501 2516 208 
397 1923 2373 1389 
398 1958 2448 1397 
399 1389 2372 1923 
400 2221 2394 239 
401 1483 2368 2224 
402 1115 1796 1681 
403 2222 2394 2221 
404 1516 2320 259 
405 614 2331 2238 
406 1694 2144 1669 
407 835 1577 918 
408 1609 2300 1676 
409 1679 1680 257 
410 231 1854 1781 
411 2415 2423 273 
412 1120 1572 1247 
413 1279 1581 1580 
414 167 1855 5 
415 1415 2230 2229 
416 1531 1901 804 
417 1444 2446 335 
418 553 1592 743 
419 1490 2424 2350 
420 1815 2340 2338 
421 462 1574 1573 
422 232 2151 2138 
423 1692 2458 235 
424 2167 2399 2353 
425 2138 2151 1528 
426 1120 1576 1572 
427 1682 2204 1678 
428 1684 2273 2021 
429 1273 1606 1585 
430 452 2327 1613 
431 1138 2339 1634 
432 792 1606 538 
433 102 1753 101 
434 778 1540 1539 
435 753 1533 509 
436 1608 2300 1609 
437 253 1752 1751 
438 1279 2292 1581 
439 1279 1580 1278 
440 317 1901 319 
441 2338 2340 414 
442 1537 2270 617 
443 1511 2439 1510 
444 1742 1861 1495 
445 1932 2483 2474 
446 2129 2133 256 
447 1608 1609 1048 
448 1532 2133 2129 
449 1700 2249 2173 
450 2474 2483 203 
451 1706 1710 1709 
452 355 1709 351 
453 2347 2505 2055 
454 1536 2375 2369 
455 1515 2263 412 
456 1535 2375 1536 
457 1419 2460 1513 
458 220 2578 1746 
459 1522 2151 232 
460 1180 1787 981 
461 2040 2512 1456 
462 1782 2252 797 
463 1611 1848 1166 
464 1970 2523 1373 
465 1257 1587 1256 
466 743 1534 514 
467 257 1680 62 
468 1077 2147 1123 
469 1561 1819 1033 
470 3 274 166 
471 185 275 12 
472 2185 2208 751 
473 308 1622 970 
474 1711 1869 1013 
475 1746 2578 1503 
476 402 2364 1732 
477 1590 2410 2043 
478 1456 2518 2040 
479 374 1707 1550 
480 1528 2129 256 
481 2275 2392 195 
482 2361 2363 1075 
483 1546 2285 1584 
484 256 2138 1528 
485 1553 1556 1280 
486 2034 2363 2361 
487 1268 2322 1425 
488 1922 2132 1313 
489 2263 2310 1798 
490 199 2008 1541 
491 266 2292 2056 
492 834 1787 1494 
493 1247 2248 1119 
494 1480 2531 244 
495 1273 1586 1220 
496 1513 2515 1419 
497 1585 1586 1273 
498 5 1855 231 
499 206 2426 2029 
500 2253 2470 2398 
501 1616 2550 140 
502 1862 2413 1348 
503 218 2133 1532 
504 140 2538 1616 
505 178 1395 177 
506 1151 1819 1561 
507 1395 2463 177 
508 244 2542 1480 
509 1529 1948 211 
510 173 1489 8 
511 1578 1611 1166 
512 1222 2117 1798 
513 462 1573 1572 
514 306 2313 1622 
515 1554 1820 1266 
516 1515 2310 2263 
517 1732 2492 402 
518 7 617 178 
519 1224 2476 2379 
520 1750 1754 1753 
521 1355 1578 1166 
522 516 1841 475 
523 2274 2406 2024 
524 460 1574 462 
525 234 2402 2163 
526 2350 2424 410 
527 2209 2355 2223 
528 230 2355 2209 
529 1208 2011 1207 
530 412 2568 1515 
531 241 2435 2302 
532 452 1613 466 
533 684 2367 2246 
534 176 1444 175 
535 274 2455 2146 
536 420 2097 445 
537 200 2204 1682 
538 1580 1640 1278 
539 1809 2282 1334 
540 1798 2117 1797 
541 1681 1796 1679 
542 1013 1870 1711 
543 1901 2213 469 
544 617 2305 1395 
545 2043 2416 1590 
546 174 1543 173 
547 1280 1593 1553 
548 2235 2239 1435 
549 592 2155 593 
550 1539 1649 778 
551 764 2239 2235 
552 2046 2391 2170 
553 232 2257 1522 
554 2379 2476 1887 
555 229 1647 1548 
556 306 1622 305 
557 538 1606 540 
558 100 1861 99 
559 1408 1600 1599 
560 495 1613 778 
561 1476 2547 1816 
562 1028 1608 924 
563 1851 2374 1429 
564 1816 2537 1476 
565 668 1899 609 
566 540 1606 1552 
567 1280 1587 1113 
568 1031 1848 1611 
569 2173 2249 269 
570 1549 1607 1028 
571 918 1577 1120 
572 312 1683 455 
573 1561 1774 1151 
574 1214 2084 2080 
575 978 2351 2284 
576 1520 2316 226 
577 1582 1899 668 
578 1288 2307 2113 
579 1408 1603 1600 
580 1671 1698 1668 
581 2436 2475 1620 
582 970 1622 1595 
583 1581 2505 2347 
584 937 2134 1821 
585 1506 2208 1533 
586 1821 2134 1534 
587 769 2225 1555 
588 1486 2283 1485 
589 1064 2475 2436 
590 1681 1902 1778 
591 2021 2273 1577 
592 7 1537 617 
593 1425 2322 2001 
594 2270 2305 617 
595 1681 1778 1115 
596 1859 2372 1389 
597 174 2473 1543 
598 1706 1869 1711 
599 1586 2086 1220 
600 1668 1698 1669 
601 1266 1819 1554 
602 1257 1589 1588 
603 751 2321 1785 
604 1552 1761 540 
605 1601 2286 2244 
606 1250 2011 1638 
607 1558 1826 937 
608 1517 1847 1846 
609 1572 1573 1247 
610 804 1901 317 
611 506 1649 529 
612 970 1683 310 
613 398 2376 1730 
614 1787 2245 1245 
615 1534 2134 493 
616 1028 2052 1549 
617 1745 1746 1503 
618 2305 2378 1395 
619 1573 2359 1247 
620 1121 2290 1870 
621 253 1753 102 
622 1682 1700 200 
623 894 1844 781 
624 101 1753 219 
625 1429 2507 1851 
626 1957 2559 1282 
627 184 2209 279 
628 172 2211 281 
629 184 279 183 
630 168 280 167 
631 180 278 179 
632 172 281 171 
633 1128 2344 1543 
634 779 1709 355 
635 1033 1819 1266 
636 2454 2485 1492 
637 64 1902 63 
638 983 2327 447 
639 1822 2118 1641 
640 1642 2233 1432 
641 903 2000 1601 
642 1234 1589 1235 
643 1556 1587 1280 
644 351 1709 350 
645 2148 2431 2146 
646 968 1857 1846 
647 596 2119 597 
648 778 1613 1540 
649 1347 2345 1435 
650 1570 2239 764 
651 1738 1949 252 
652 2167 2532 2400 
653 319 1901 469 
654 1810 2426 206 
655 835 2021 1577 
656 1764 2444 270 
657 1120 1577 1576 
658 791 2033 1594 
659 1625 1626 1275 
660 237 2511 2148 
661 2222 2337 277 
662 1919 2119 596 
663 224 1538 1537 
664 2130 2255 1061 
665 2418 2446 1427 
666 1591 1640 1152 
667 176 2522 1444 
668 810 1640 995 
669 2209 2223 279 
670 314 2144 1693 
671 1481 1745 1352 
672 1650 2155 592 
673 3 2107 274 
674 1568 2406 2274 
675 179 2210 9 
676 1428 2346 1427 
677 1782 2280 1670 
678 2398 2470 275 
679 1533 2185 507 
680 764 2246 1570 
681 821 2278 1676 
682 469 2213 1289 
683 2244 2286 1870 
684 2108 2470 1520 
685 1044 1625 1275 
686 314 1874 1673 
687 747 1999 1571 
688 1977 2298 2290 
689 1206 2270 1538 
690 1290 2353 2147 
691 1302 2354 2333 
692 901 2433 2432 
693 1870 2290 1711 
694 1220 2086 1838 
695 1605 2471 1477 
696 1888 2370 716 
697 1698 2457 782 
698 1011 1869 1126 
699 937 1821 1558 
700 1922 2528 2132 
701 1887 2380 724 
702 238 2231 1557 
703 1739 2255 2130 
704 2132 2528 2240 
705 2117 2236 1797 
706 182 240 181 
707 170 241 169 
708 1169 2083 1805 
709 1489 2513 2212 
710 1805 2083 210 
711 1797 2236 404 
712 756 1714 1593 
713 270 2422 1764 
714 418 2097 420 
715 389 1877 391 
716 2471 2488 1477 
717 2353 2399 237 
718 10 2209 184 
719 6 2211 172 
720 724 2379 1887 
721 1774 1831 1151 
722 1235 1589 1257 
723 1935 1999 747 
724 2180 2215 1675 
725 1208 2484 2234 
726 1265 2249 1700 
727 609 1899 741 
728 1338 2357 1809 
729 1680 2204 61 
730 1745 2160 1352 
731 512 2233 1642 
732 1234 1590 1589 
733 1389 2519 1859 
734 823 1593 1008 
735 278 2451 2227 
736 211 2466 1529 
737 1638 1770 746 
738 1571 2000 747 
739 219 1861 100 
740 221 2386 1764 
741 99 1861 264 
742 1678 2204 1680 
743 1355 2084 1578 
744 1350 1935 1881 
745 1493 2485 2454 
746 778 1649 506 
747 537 1927 502 
748 1329 1650 1330 
749 1348 2382 1863 
750 1409 2018 1598 
751 1282 2442 1957 
752 1098 1780 1099 
753 1641 2118 1591 
754 1552 2016 1761 
755 1420 2527 2311 
756 1554 2386 1820 
757 2080 2084 759 
758 269 2249 1820 
759 1415 2398 2230 
760 2234 2575 1208 
761 1850 2062 1722 
762 445 2097 983 
763 280 1855 167 
764 1663 2252 1664 
765 275 2108 12 
766 1881 2053 1350 
767 2217 2532 1519 
768 781 1844 782 
769 668 1850 1582 
770 1101 1854 1105 
771 2246 2367 1570 
772 1578 2084 1214 
773 1599 2196 1408 
774 1152 1641 1591 
775 1350 1999 1935 
776 2400 2532 272 
777 1340 2297 1997 
778 1768 1772 1771 
779 1846 1857 1517 
780 643 2308 2225 
781 1713 2033 791 
782 188 2231 238 
783 1277 2339 941 
784 1421 2497 1704 
785 995 1640 1580 
786 1247 2359 2248 
787 1361 1845 1362 
788 1404 1603 1405 
789 1761 2016 745 
790 1601 2000 1571 
791 1186 1615 1614 
792 1720 1826 1559 
793 1230 1697 1695 
794 675 2494 1521 
795 222 2347 2055 
796 1541 2504 199 
797 2307 2450 2301 
798 529 1649 592 
799 1405 1603 1408 
800 832 2215 2180 
801 1163 1728 1727 
802 752 1725 1661 
803 1707 1708 1246 
804 726 2375 1535 
805 1521 2517 675 
806 1746 2362 220 
807 1008 1593 1280 
808 1289 2241 1611 
809 1904 2078 604 
810 752 2120 1874 
811 1602 2425 229 
812 632 1714 756 
813 2502 2531 1480 
814 1639 2271 1458 
815 2043 2410 202 
816 2110 2198 565 
817 1663 2215 832 
818 1676 2278 1609 
819 1426 2381 1906 
820 1614 2026 1186 
821 501 1771 524 
822 756 1593 823 
823 1730 2521 398 
824 2358 2366 1756 
825 212 1902 64 
826 1838 2086 373 
827 2432 2433 2003 
828 1958 2342 213 
829 2211 2333 281 
830 63 1902 257 
831 1283 1802 1801 
832 1706 1709 779 
833 2019 2269 2172 
834 1535 2546 726 
835 1464 2415 1465 
836 1559 1826 1558 
837 2301 2450 240 
838 1574 1575 1573 
839 1624 2411 265 
840 2213 2241 1289 
841 668 2062 1850 
842 1030 1726 1029 
843 593 2155 596 
844 968 1846 1845 
845 523 1771 501 
846 1278 1640 1591 
847 1186 1617 1615 
848 1230 1844 894 
849 161 272 4 
850 11 273 190 
851 1154 1699 1677 
852 1320 1627 1626 
853 1655 1927 537 
854 1700 2173 200 
855 2208 2321 751 
856 1673 2144 314 
857 1044 2104 1625 
858 1277 2284 1579 
859 745 2053 1881 
860 1641 2110 1822 
861 2015 2334 624 
862 1152 1640 810 
863 502 1927 503 
864 2016 2053 745 
865 2077 2232 458 
866 571 2000 573 
867 1677 1699 1682 
868 604 2078 605 
869 791 2313 316 
870 1163 1727 1726 
871 1265 1700 1699 
872 330 1839 328 
873 1477 2488 1898 
874 2284 2351 1579 
875 638 2225 769 
876 942 2066 1610 
877 1764 2422 221 
878 1099 1780 1496 
879 823 1008 1007 
880 1612 1743 726 
881 1320 1626 1625 
882 1874 2120 1673 
883 1145 1637 1146 
884 1478 1617 1185 
885 1647 2112 1548 
886 1597 2077 759 
887 726 1743 725 
888 1336 2268 1963 
889 1146 1637 1473 
890 391 1877 394 
891 9 2210 228 
892 1029 1726 1635 
893 1198 1618 1366 
894 1525 1592 1527 
895 972 2104 1044 
896 373 1839 1838 
897 2210 2272 228 
898 1524 1821 1534 
899 1126 1869 1551 
900 1013 1869 1011 
901 210 2083 1644 
902 597 2119 604 
903 1551 1869 1706 
904 1895 2196 1599 
905 1593 1714 1553 
906 2488 2502 1898 
907 1496 1854 1101 
908 795 1686 929 
909 1392 1686 795 
910 1105 1854 1502 
911 2412 2417 1210 
912 1766 1767 796 
913 670 1655 537 
914 1268 1425 1424 
915 1008 1113 1112 
916 1719 1996 1228 
917 759 2084 1597 
918 1113 1510 1112 
919 2389 2421 1491 
920 2 276 196 
921 191 277 1 
922 1898 2502 1480 
923 1472 1880 1470 
924 937 1826 478 
925 330 1840 1839 
926 531 1876 1643 
927 1766 1769 1767 
928 942 2273 1684 
929 1624 1795 1412 
930 2113 2223 2130 
931 1474 2479 1475 
932 257 1902 1681 
933 1602 1892 276 
934 1661 2120 752 
935 1163 1726 1030 
936 1768 2401 1772 
937 1320 1755 1627 
938 1777 1780 1098 
939 1330 1650 1539 
940 1008 1112 1007 
941 1609 2278 2160 
942 742 1965 1685 
943 283 1823 1656 
944 2303 2451 278 
945 535 1766 796 
946 1598 2018 1116 
947 1767 1768 796 
948 725 1743 742 
949 754 1877 389 
950 1623 1648 1560 
951 1879 1880 1472 
952 2312 2319 2116 
953 1880 2026 1614 
954 1185 1617 1186 
955 1138 2389 1491 
956 1192 1653 1276 
957 584 1718 624 
958 1643 1876 1387 
959 1641 2198 2110 
960 1362 1845 1542 
961 1712 1831 1774 
962 210 1644 130 
963 328 1839 373 
964 1433 1618 1200 
965 278 2210 179 
966 313 1688 311 
967 814 1741 776 
968 1841 2335 1575 
969 1717 1996 1719 
970 630 632 631 
971 1812 2065 1141 
972 586 587 585 
973 1653 1654 1276 
974 1685 2075 742 
975 1741 1845 1361 
976 1607 1608 1028 
977 1692 2050 249 
978 400 1756 397 
979 164 237 163 
980 188 238 187 
981 2029 2413 206 
982 1743 1965 742 
983 442 1840 332 
984 2073 2452 1269 
985 1531 2213 1901 
986 1500 2112 1647 
987 1213 1648 1023 
988 381 1688 313 
989 1645 2486 1248 
990 1123 2147 2146 
991 582 1718 584 
992 450 1723 461 
993 1239 2329 1672 
994 1609 2160 1048 
995 332 1840 330 
996 796 1771 523 
997 1720 2171 380 
998 1154 1677 1632 
999 1100 2408 2387 
1000 1448 2366 2358 
1001 1575 2335 2324 
1002 1161 1729 1159 
1003 1113 1511 1510 
1004 584 585 583 
1005 1632 1760 1154 
1006 1686 2228 1379 
1007 630 1812 633 
1008 1674 1675 1659 
1009 189 2231 188 
1010 1589 2416 1588 
1011 1604 1637 1514 
1012 968 1741 814 
1013 832 2252 1663 
1014 1771 1772 524 
1015 1856 2075 1685 
1016 318 1713 791 
1017 2031 2189 1691 
1018 1161 1730 1729 
1019 435 2066 942 
1020 588 589 587 
1021 584 586 585 
1022 2225 2308 1555 
1023 449 1723 450 
1024 1772 1773 524 
1025 1234 1799 1590 
1026 821 1676 672 
1027 1560 1648 1213 
1028 1627 1755 1687 
1029 896 1655 670 
1030 1141 2065 1399 
1031 2087 2391 2383 
1032 1063 1379 1268 
1033 2087 2383 798 
1034 596 2155 1919 
1035 1635 1825 1029 
1036 1331 1735 1328 
1037 1829 2206 1843 
1038 1517 2539 1847 
1039 1896 2018 1364 
1040 1658 1725 1657 
1041 295 1874 314 
1042 1559 2171 1720 
1043 1820 2326 269 
1044 1583 2285 1899 
1045 2290 2298 1710 
1046 969 1657 307 
1047 969 1674 1659 
1048 1779 1780 1777 
1049 1597 2232 2077 
1050 1200 1618 1198 
1051 39 1803 216 
1052 299 1725 752 
1053 1794 2169 2152 
1054 385 1830 750 
1055 633 1812 1141 
1056 1661 1725 1658 
1057 1015 1796 1115 
1058 1722 1930 1723 
1059 929 1686 1063 
1060 1061 1829 928 
1061 573 2000 903 
1062 1722 2062 1930 
1063 1490 1735 1331 
1064 1814 2327 983 
1065 1543 2473 1497 
1066 755 1872 1784 
1067 277 2461 2222 
1068 1327 1734 1733 
1069 1364 2018 1409 
1070 2160 2278 1352 
1071 243 283 282 
1072 789 1760 830 
1073 314 1693 293 
1074 1601 2244 903 
1075 969 1658 1657 
1076 1327 1733 1324 
1077 1221 1940 1889 
1078 1435 2345 2235 
1079 1470 1880 1614 
1080 747 2000 571 
1081 130 1644 129 
1082 397 1756 396 
1083 1561 2061 1774 
1084 396 1756 1687 
1085 1298 1428 1427 
1086 320 1713 318 
1087 942 1684 520 
1088 1514 1637 1145 
1089 2446 2522 1523 
1090 586 588 587 
1091 1825 1944 888 
1092 1688 2137 1675 
1093 1793 1864 442 
1094 610 1976 1775 
1095 1889 1890 1221 
1096 632 756 631 
1097 448 1785 1157 
1098 442 1864 1840 
1099 457 1785 448 
1100 1736 2063 899 
1101 1057 1689 1400 
1102 1323 1732 1731 
1103 1832 1890 871 
1104 1329 2155 1650 
1105 1408 2196 1407 
1106 1774 2061 657 
1107 746 1770 543 
1108 1323 1731 1162 
1109 1820 2249 1266 
1110 1687 1755 396 
1111 1473 1498 1299 
1112 1717 1718 582 
1113 551 1712 657 
1114 899 2063 805 
1115 1762 1764 1411 
1116 1194 1653 1192 
1117 1221 1890 1832 
1118 1145 1146 1144 
1119 214 1704 46 
1120 1652 1653 1194 
1121 1163 1729 1728 
1122 627 628 589 
1123 1638 2011 1770 
1124 1870 2286 1121 
1125 582 584 583 
1126 1225 1744 422 
1127 1878 1879 1472 
1128 1473 1521 1498 
1129 1146 1299 1148 
1130 1302 2333 1282 
1131 634 1714 632 
1132 1631 2481 1950 
1133 1202 1433 1200 
1134 442 1818 1793 
1135 1049 1762 1411 
1136 1296 2319 2312 
1137 1721 1722 1046 
1138 243 282 128 
1139 1721 1850 1722 
1140 464 1817 484 
1141 307 1657 303 
1142 630 633 632 
1143 422 1744 419 
1144 1684 2021 559 
1145 947 2022 1853 
1146 887 1740 1361 
1147 1699 1700 1682 
1148 588 627 589 
1149 1023 1648 1024 
1150 1896 2069 1791 
1151 1364 2069 1896 
1152 927 1009 821 
1153 1649 1650 592 
1154 636 637 634 
1155 1431 1642 1432 
1156 776 1741 1740 
1157 311 1688 1674 
1158 1627 1628 1626 
1159 604 2119 1904 
1160 605 2078 610 
1161 1159 1729 1163 
1162 655 1824 518 
1163 282 1656 215 
1164 1143 1144 1142 
1165 1387 1876 1817 
1166 1151 1831 952 
1167 1029 1825 888 
1168 1300 1596 1595 
1169 552 1788 665 
1170 404 2323 401 
1171 1579 2339 1277 
1172 513 1788 552 
1173 489 1691 513 
1174 638 769 637 
1175 624 2388 2015 
1176 1431 1432 1045 
1177 1878 1984 873 
1178 2152 2169 1232 
1179 1768 1771 796 
1180 1481 1746 1745 
1181 1366 1652 1196 
1182 478 1826 476 
1183 1853 2022 1852 
1184 1146 1473 1299 
1185 952 1831 799 
1186 630 631 629 
1187 1198 1366 1196 
1188 633 634 632 
1189 1643 2034 531 
1190 542 1769 1766 
1191 1171 1742 1495 
1192 1196 1652 1194 
1193 1814 1815 1333 
1194 2073 2527 1438 
1195 830 1760 1632 
1196 233 1715 49 
1197 1047 1721 1046 
1198 323 1713 320 
1199 1107 1271 1009 
1200 289 290 288 
1201 1008 1280 1113 
1202 694 2203 813 
1203 272 2532 2217 
1204 1495 1754 1136 
1205 1472 1984 1878 
1206 436 1757 1277 
1207 488 751 471 
1208 1412 1795 1010 
1209 1407 2196 2172 
1210 50 233 49 
1211 124 234 123 
1212 628 1812 630 
1213 40 1803 39 
1214 1236 1795 1624 
1215 1379 2228 2220 
1216 503 507 497 
1217 508 509 507 
1218 550 1712 551 
1219 951 1049 952 
1220 921 1786 1245 
1221 194 239 193 
1222 283 1656 282 
1223 1712 1774 657 
1224 2346 2418 1427 
1225 1800 1801 246 
1226 1781 1854 1496 
1227 508 510 509 
1228 1691 1788 513 
1229 731 1740 887 
1230 521 1747 485 
1231 749 1760 789 
1232 510 511 509 
1233 301 1725 299 
1234 1014 1796 1015 
1235 242 1758 44 
1236 1740 1741 1361 
1237 969 1659 1658 
1238 810 995 916 
1239 1717 1719 1718 
1240 293 1693 291 
1241 518 1824 511 
1242 1626 1950 1275 
1243 893 1142 323 
1244 1674 1688 1675 
1245 1146 1148 1144 
1246 1332 1814 1333 
1247 951 952 799 
1248 1423 1431 1045 
1249 1434 2348 1715 
1250 357 1705 779 
1251 284 285 283 
1252 1063 1268 1267 
1253 503 508 507 
1254 556 1747 521 
1255 995 1281 1058 
1256 672 949 556 
1257 1378 1968 1022 
1258 628 630 629 
1259 510 517 511 
1260 1776 1777 1098 
1261 425 2005 1225 
1262 1611 2241 1031 
1263 1328 1735 1327 
1264 1628 1950 1626 
1265 2172 2269 1407 
1266 289 291 290 
1267 1049 1411 1118 
1268 636 638 637 
1269 580 1717 582 
1270 1894 2136 2127 
1271 1019 1776 1098 
1272 310 311 309 
1273 1058 1724 1315 
1274 1219 1273 1220 
1275 762 1831 1712 
1276 1143 1145 1144 
1277 987 1795 1236 
1278 305 307 303 
1279 1049 1118 952 
1280 291 930 290 
1281 431 1791 440 
1282 1666 1782 1670 
1283 308 309 307 
1284 1627 1629 1628 
1285 716 2541 1888 
1286 517 518 511 
1287 582 583 581 
1288 1063 1686 1379 
1289 583 1651 812 
1290 1299 1300 1148 
1291 1044 1275 1274 
1292 663 1996 1717 
1293 312 313 311 
1294 2051 2109 1223 
1295 919 1786 921 
1296 489 513 493 
1297 517 550 518 
1298 1574 1841 1575 
1299 1693 1694 930 
1300 542 1766 539 
1301 823 1007 992 
1302 1842 2159 2098 
1303 362 363 361 
1304 463 1817 464 
1305 932 1045 896 
1306 1324 1733 1323 
1307 310 312 311 
1308 1161 1731 1730 
1309 476 1720 379 
1310 567 662 598 
1311 303 1657 301 
1312 1149 1821 1524 
1313 441 1991 1757 
1314 662 810 793 
1315 995 1058 916 
1316 364 365 363 
1317 1111 1799 1234 
1318 291 1693 930 
1319 392 1755 1320 
1320 1162 1731 1161 
1321 267 2416 2043 
1322 360 361 359 
1323 379 380 313 
1324 1032 1699 1154 
1325 308 310 309 
1326 1116 2018 996 
1327 1306 1856 1685 
1328 1067 1856 1306 
1329 480 937 478 
1330 550 551 518 
1331 295 314 293 
1332 312 379 313 
1333 287 289 288 
1334 513 552 514 
1335 1950 2262 1275 
1336 243 284 283 
1337 458 1914 1913 
1338 797 2280 1782 
1339 309 1674 969 
1340 552 664 553 
1341 1747 2051 485 
1342 627 744 628 
1343 1327 1735 1734 
1344 285 1823 283 
1345 1907 1968 1378 
1346 664 807 667 
1347 1716 1954 873 
1348 1580 1581 1281 
1349 635 636 634 
1350 1631 1950 1628 
1351 399 400 397 
1352 646 647 644 
1353 471 1785 457 
1354 1281 1724 1058 
1355 287 288 285 
1356 391 392 390 
1357 2088 2111 1790 
1358 489 493 482 
1359 513 514 493 
1360 379 1720 380 
1361 762 1712 550 
1362 642 644 643 
1363 1955 2162 926 
1364 421 1790 424 
1365 1552 1606 1273 
1366 483 489 482 
1367 561 564 562 
1368 559 561 560 
1369 434 2115 2066 
1370 989 1689 1057 
1371 1332 1333 1331 
1372 429 434 428 
1373 1411 1554 1118 
1374 755 1784 1783 
1375 1659 1660 1658 
1376 1010 1795 910 
1377 1516 2539 1517 
1378 1323 1733 1732 
1379 41 1800 246 
1380 244 1804 132 
1381 133 1806 244 
1382 367 368 365 
1383 37 1808 247 
1384 245 1807 136 
1385 247 1810 36 
1386 205 1811 138 
1387 800 951 799 
1388 395 396 393 
1389 923 1000 989 
1390 1548 2112 1378 
1391 642 643 640 
1392 403 404 401 
1393 807 911 884 
1394 810 916 793 
1395 481 482 480 
1396 646 648 647 
1397 286 287 285 
1398 1057 1400 1279 
1399 552 553 514 
1400 1350 2053 1177 
1401 1539 1650 1649 
1402 1758 1759 209 
1403 657 658 656 
1404 1148 2033 1144 
1405 551 657 656 
1406 1142 1713 323 
1407 437 438 434 
1408 816 821 672 
1409 380 382 381 
1410 921 923 922 
1411 873 1984 1716 
1412 490 1691 489 
1413 664 667 553 
1414 1254 1623 1605 
1415 1046 1723 449 
1416 1487 1560 1213 
1417 407 408 405 
1418 1701 1702 622 
1419 1060 1061 928 
1420 1263 1487 1213 
1421 369 370 368 
1422 890 1023 891 
1423 1759 2072 209 
1424 479 480 478 
1425 1000 1690 1689 
1426 968 1845 1741 
1427 429 437 434 
1428 1912 2175 2164 
1429 127 282 215 
1430 292 293 291 
1431 1134 1765 1437 
1432 395 397 396 
1433 430 1791 431 
1434 1263 1900 1487 
1435 807 884 667 
1436 399 401 400 
1437 1788 1789 665 
1438 744 1812 628 
1439 530 1701 622 
1440 2127 2136 1041 
1441 1236 1486 1485 
1442 652 653 651 
1443 763 799 762 
1444 1670 1672 1671 
1445 340 1916 1867 
1446 961 2111 2088 
1447 769 1556 1553 
1448 1540 1814 1332 
1449 1525 1527 1526 
1450 387 1830 385 
1451 923 989 922 
1452 533 559 558 
1453 382 428 383 
1454 411 412 409 
1455 748 906 749 
1456 1168 2074 287 
1457 449 450 438 
1458 1209 2035 2010 
1459 644 1748 643 
1460 520 1684 533 
1461 1527 1583 1582 
1462 1027 1213 1023 
1463 551 656 655 
1464 1000 1689 989 
1465 1067 1306 1305 
1466 616 1944 621 
1467 403 405 404 
1468 1517 1857 1229 
1469 1925 2071 1374 
1470 1219 1220 1218 
1471 45 1704 242 
1472 461 467 460 
1473 415 416 413 
1474 987 1236 1110 
1475 1330 1331 1328 
1476 1804 1805 210 
1477 421 422 419 
1478 419 1744 417 
1479 1271 1481 1352 
1480 893 1143 1142 
1481 1657 1725 301 
1482 912 1064 911 
1483 835 836 564 
1484 650 651 648 
1485 324 1937 893 
1486 417 757 416 
1487 437 449 438 
1488 1709 1710 350 
1489 32 1863 235 
1490 389 390 387 
1491 654 731 653 
1492 1270 1378 1022 
1493 1525 1526 1150 
1494 435 942 520 
1495 1629 1630 1628 
1496 299 752 297 
1497 927 1107 1009 
1498 561 562 560 
1499 1115 1778 1776 
1500 1527 1582 1526 
1501 1660 1663 1662 
1502 424 425 422 
1503 919 921 920 
1504 610 2078 1976 
1505 648 1794 647 
1506 2096 2534 2145 
1507 305 308 307 
1508 662 1152 810 
1509 407 409 408 
1510 911 913 884 
1511 1050 1445 1134 
1512 1326 1327 1324 
1513 527 554 516 
1514 889 1775 1158 
1515 658 748 674 
1516 1192 1276 1065 
1517 1254 1605 1477 
1518 524 2031 492 
1519 1783 2352 1428 
1520 284 286 285 
1521 1229 1857 1001 
1522 731 887 735 
1523 127 215 126 
1524 47 214 46 
1525 887 1010 910 
1526 1236 1485 1110 
1527 1322 1323 1162 
1528 787 1860 766 
1529 1773 2031 524 
1530 1265 1699 1032 
1531 748 749 674 
1532 921 922 920 
1533 2010 2035 1853 
1534 1065 1828 1064 
1535 1033 1265 1032 
1536 1362 1541 1412 
1537 1594 2033 1148 
1538 907 1032 906 
1539 625 676 554 
1540 309 969 307 
1541 382 429 428 
1542 610 1775 611 
1543 1276 1828 1065 
1544 411 413 412 
1545 1160 1161 1159 
1546 1817 1876 484 
1547 334 1818 442 
1548 1032 1154 906 
1549 360 1851 366 
1550 1456 1598 1116 
1551 1271 1352 1009 
1552 450 460 451 
1553 1800 2072 1801 
1554 540 1761 541 
1555 426 427 425 
1556 1818 1871 1793 
1557 1997 2297 2207 
1558 371 372 370 
1559 423 2039 1790 
1560 311 1674 309 
1561 1445 1765 1134 
1562 1974 2125 964 
1563 559 560 558 
1564 833 1050 981 
1565 769 1553 637 
1566 1868 1916 1911 
1567 415 417 416 
1568 2066 2115 1610 
1569 1270 1548 1378 
1570 1217 1219 1218 
1571 650 1837 652 
1572 918 919 836 
1573 472 475 467 
1574 1954 1980 872 
1575 2086 2135 1937 
1576 461 472 467 
1577 216 1809 1808 
1578 298 299 297 
1579 888 1944 616 
1580 1050 1134 981 
1581 1067 1305 1304 
1582 496 497 488 
1583 421 424 422 
1584 766 1860 354 
1585 294 295 293 
1586 1158 1159 1030 
1587 900 1857 968 
1588 882 890 883 
1589 424 426 425 
1590 1333 1490 1331 
1591 428 435 383 
1592 1801 1802 246 
1593 1627 1687 1629 
1594 476 1826 1720 
1595 662 793 598 
1596 647 1748 644 
1597 408 1798 1797 
1598 360 362 361 
1599 296 297 295 
1600 430 431 427 
1601 450 461 460 
1602 483 490 489 
1603 1524 1525 1150 
1604 1678 1680 1679 
1605 426 430 427 
1606 910 1795 987 
1607 1330 1332 1331 
1608 1744 2182 757 
1609 382 383 381 
1610 650 652 651 
1611 830 1014 831 
1612 1716 1980 1954 
1613 440 441 433 
1614 1664 1782 1666 
1615 1135 1750 1749 
1616 1694 1696 1695 
1617 362 364 363 
1618 1002 1749 1004 
1619 1361 1362 1010 
1620 1003 1135 1002 
1621 1119 1786 919 
1622 1726 1727 1636 
1623 1160 1162 1161 
1624 887 910 735 
1625 1503 1516 1229 
1626 751 1785 471 
1627 1666 1670 1668 
1628 652 654 653 
1629 1723 1930 461 
1630 376 386 385 
1631 1103 1503 1229 
1632 417 1744 757 
1633 1322 1324 1323 
1634 533 1684 559 
1635 488 2185 751 
1636 1915 2176 977 
1637 885 1002 886 
1638 504 531 530 
1639 1845 1846 1542 
1640 1362 1412 1010 
1641 1259 1835 771 
1642 944 1791 430 
1643 1173 1742 1171 
1644 1136 1754 1135 
1645 391 393 392 
1646 676 899 805 
1647 1846 1847 1542 
1648 889 1030 1029 
1649 380 381 313 
1650 481 483 482 
1651 561 835 564 
1652 472 498 475 
1653 376 385 384 
1654 995 1580 1281 
1655 453 454 441 
1656 389 391 390 
1657 1024 1254 1026 
1658 1326 1328 1327 
1659 375 376 372 
1660 1867 1916 1868 
1661 433 1757 436 
1662 587 755 585 
1663 405 1797 404 
1664 928 1829 794 
1665 789 830 828 
1666 578 1792 663 
1667 1822 2110 564 
1668 1181 1944 1825 
1669 731 735 653 
1670 1103 1229 1001 
1671 761 762 550 
1672 1167 1852 825 
1673 502 503 497 
1674 358 360 359 
1675 1545 1547 1173 
1676 431 433 432 
1677 1176 1864 1793 
1678 386 387 385 
1679 672 1676 949 
1680 996 1896 944 
1681 830 831 828 
1682 658 674 673 
1683 535 796 523 
1684 1240 1762 1049 
1685 1246 1483 1227 
1686 1677 1678 1633 
1687 1446 1529 1445 
1688 358 1851 360 
1689 440 453 441 
1690 633 635 634 
1691 977 2176 863 
1692 1166 1848 876 
1693 477 478 476 
1694 1017 1776 1019 
1695 663 1717 580 
1696 536 2004 666 
1697 1015 1115 1017 
1698 1881 1935 548 
1699 458 1913 331 
1700 1259 1836 1835 
1701 890 1027 1023 
1702 453 463 454 
1703 651 1794 648 
1704 1227 1228 1226 
1705 1150 1721 1047 
1706 1632 1633 1014 
1707 654 732 731 
1708 43 1758 209 
1709 463 464 454 
1710 871 2047 1832 
1711 413 1813 412 
1712 651 1966 1794 
1713 783 1924 915 
1714 1853 2035 947 
1715 1586 2135 2086 
1716 972 1044 1042 
1717 919 920 836 
1718 799 1831 762 
1719 45 242 44 
1720 129 243 128 
1721 480 2134 937 
1722 1014 1015 831 
1723 749 789 788 
1724 645 646 644 
1725 1212 1227 1226 
1726 431 440 433 
1727 1482 1643 1387 
1728 1678 1679 1633 
1729 735 1966 653 
1730 889 1158 1030 
1731 1171 1495 1136 
1732 1547 1742 1173 
1733 1158 1160 1159 
1734 364 367 365 
1735 912 1065 1064 
1736 826 1046 449 
1737 1558 1821 1149 
1738 487 488 471 
1739 775 776 732 
1740 129 1644 243 
1741 647 2152 1748 
1742 777 814 776 
1743 1894 2114 1377 
1744 1217 1218 1178 
1745 436 1277 941 
1746 460 462 451 
1747 1635 1636 1426 
1748 601 2059 600 
1749 1663 1664 1662 
1750 1386 1482 1387 
1751 900 968 814 
1752 1386 1387 1020 
1753 1115 1776 1017 
1754 609 739 608 
1755 1142 2033 1713 
1756 511 753 509 
1757 732 1740 731 
1758 835 918 836 
1759 1834 1998 872 
1760 479 481 480 
1761 906 1760 749 
1762 760 1851 358 
1763 1842 1942 991 
1764 527 625 554 
1765 615 889 888 
1766 328 373 326 
1767 1747 2109 2051 
1768 1776 1778 1777 
1769 1306 1307 1305 
1770 1792 1967 663 
1771 1704 2497 242 
1772 1635 1726 1636 
1773 1167 1853 1852 
1774 393 1755 392 
1775 396 1755 393 
1776 1829 1843 794 
1777 484 485 468 
1778 943 1966 735 
1779 578 663 580 
1780 408 1797 405 
1781 1149 1150 1047 
1782 493 2134 482 
1783 1722 1723 1046 
1784 885 1003 1002 
1785 49 1715 48 
1786 450 451 438 
1787 615 1775 889 
1788 789 828 827 
1789 464 468 465 
1790 611 1775 615 
1791 1058 1315 1059 
1792 639 640 638 
1793 354 1858 353 
1794 511 1824 753 
1795 828 2048 901 
1796 918 1119 919 
1797 890 891 883 
1798 649 650 648 
1799 671 672 556 
1800 1045 1655 896 
1801 885 1941 1003 
1802 131 1804 210 
1803 209 1800 42 
1804 217 1806 134 
1805 216 1808 38 
1806 135 1807 217 
1807 137 1811 245 
1808 35 1810 206 
1809 750 2104 972 
1810 358 359 357 
1811 526 608 525 
1812 1135 1754 1750 
1813 507 2185 497 
1814 932 1423 1045 
1815 1003 1136 1135 
1816 1152 2198 1641 
1817 1135 1749 1002 
1818 580 582 581 
1819 1024 1648 1254 
1820 367 369 368 
1821 433 436 432 
1822 272 2217 4 
1823 11 2218 273 
1824 455 476 379 
1825 1019 1098 1076 
1826 1677 1682 1678 
1827 929 1063 1062 
1828 292 294 293 
1829 484 504 485 
1830 1040 1928 1849 
1831 1675 2215 1659 
1832 289 292 291 
1833 921 1245 923 
1834 334 442 332 
1835 1183 1426 1242 
1836 541 542 539 
1837 1952 1983 1376 
1838 807 912 911 
1839 1060 2113 1061 
1840 1353 2397 2384 
1841 1240 1763 1762 
1842 1871 1962 950 
1843 1023 1024 891 
1844 1002 1004 886 
1845 354 1860 1858 
1846 776 1740 732 
1847 1545 1619 1547 
1848 175 1444 335 
1849 331 1913 333 
1850 949 1747 556 
1851 1181 1183 1182 
1852 373 1937 326 
1853 296 298 297 
1854 504 1876 531 
1855 416 1813 413 
1856 1177 1217 1178 
1857 1219 1552 1273 
1858 825 1852 730 
1859 1212 1246 1227 
1860 1164 1456 1116 
1861 1134 1437 1180 
1862 1147 1514 1145 
1863 464 484 468 
1864 46 1704 45 
1865 1371 1990 1865 
1866 748 907 906 
1867 871 1961 838 
1868 551 655 518 
1869 914 1856 1067 
1870 880 882 881 
1871 1928 1978 1897 
1872 1890 1961 871 
1873 294 296 295 
1874 402 403 401 
1875 1183 1635 1426 
1876 989 1057 1034 
1877 815 900 814 
1878 887 1361 1010 
1879 356 760 358 
1880 290 936 288 
1881 641 642 640 
1882 539 1766 535 
1883 917 2071 1925 
1884 398 399 397 
1885 1044 1274 1042 
1886 356 1858 760 
1887 818 1006 802 
1888 1236 1624 1486 
1889 499 525 498 
1890 739 885 740 
1891 1432 2233 1927 
1892 680 1181 682 
1893 431 432 427 
1894 1316 2081 1357 
1895 1027 1263 1213 
1896 890 2023 1027 
1897 425 1225 422 
1898 1057 1279 1278 
1899 924 1001 900 
1900 1830 2104 750 
1901 1599 1600 1488 
1902 2098 2159 1499 
1903 1159 1163 1030 
1904 441 1757 433 
1905 1048 1103 1001 
1906 1286 1943 1336 
1907 1041 2164 859 
1908 914 1067 1066 
1909 1033 1266 1265 
1910 997 1116 996 
1911 1837 2089 652 
1912 907 1033 1032 
1913 486 1020 463 
1914 1298 2266 1428 
1915 286 1168 287 
1916 1154 1760 906 
1917 1003 1941 1170 
1918 967 1259 771 
1919 775 1866 777 
1920 1704 2390 1421 
1921 468 474 465 
1922 1437 1509 1508 
1923 775 777 776 
1924 206 1862 34 
1925 1835 1836 645 
1926 406 407 405 
1927 131 210 130 
1928 43 209 42 
1929 41 246 40 
1930 133 244 132 
1931 135 217 134 
1932 39 216 38 
1933 37 247 36 
1934 137 245 136 
1935 428 2066 435 
1936 139 205 138 
1937 35 206 34 
1938 915 1924 1074 
1939 1632 1677 1633 
1940 1177 1178 1176 
1941 840 2047 871 
1942 128 282 127 
1943 246 1803 40 
1944 394 395 393 
1945 1127 1212 1211 
1946 1040 1978 1928 
1947 369 371 370 
1948 1015 1017 1016 
1949 1041 2136 1912 
1950 1109 1386 1020 
1951 1254 1477 1026 
1952 443 944 430 
1953 1285 1943 1286 
1954 1564 1570 1566 
1955 833 981 834 
1956 1362 1542 1541 
1957 1849 1934 1040 
1958 889 1029 888 
1959 1363 1837 661 
1960 1050 1446 1445 
1961 359 1705 357 
1962 1498 2238 1299 
1963 1001 1857 900 
1964 1178 1864 1176 
1965 1858 1859 760 
1966 1818 1962 1871 
1967 658 673 656 
1968 1175 1176 1174 
1969 410 411 409 
1970 880 1848 1031 
1971 1074 1285 1284 
1972 676 805 677 
1973 910 987 943 
1974 1020 1817 463 
1975 1773 2189 2031 
1976 830 1632 1014 
1977 464 465 454 
1978 297 1874 295 
1979 987 1110 988 
1980 2137 2180 1675 
1981 1212 1226 1211 
1982 741 1941 739 
1983 420 421 419 
1984 730 1852 728 
1985 584 624 586 
1986 824 825 730 
1987 1098 1099 1076 
1988 885 886 740 
1989 666 2004 933 
1990 642 1835 645 
1991 44 1758 43 
1992 1380 2125 1974 
1993 805 833 806 
1994 870 1879 864 
1995 414 415 413 
1996 1865 1990 960 
1997 945 996 944 
1998 1337 1963 1340 
1999 1286 1336 1335 
2000 1388 2162 1955 
2001 661 1837 650 
2002 1017 1019 1018 
2003 1181 1182 682 
2004 1131 1599 1488 
2005 477 479 478 
2006 977 2175 1915 
2007 418 419 417 
2008 1791 2069 440 
2009 870 1880 1879 
2010 322 323 320 
2011 1181 1825 1183 
2012 958 1895 956 
2013 576 1792 578 
2014 675 2517 1604 
2015 739 740 608 
2016 898 2114 1894 
2017 1305 1522 1304 
2018 552 665 664 
2019 1862 1863 33 
2020 872 1980 1834 
2021 789 827 788 
2022 375 2391 2087 
2023 1660 1662 1661 
2024 485 2051 468 
2025 388 389 387 
2026 881 1942 879 
2027 1336 1963 1337 
2028 882 883 881 
2029 1670 1671 1668 
2030 1022 1968 897 
2031 1183 1825 1635 
2032 866 1981 870 
2033 1306 1308 1307 
2034 1633 1796 1014 
2035 531 1701 530 
2036 980 1938 875 
2037 1321 1322 1162 
2038 571 572 570 
2039 1300 1595 1594 
2040 1111 1234 1233 
2041 956 1895 982 
2042 1036 1871 950 
2043 1223 1607 1549 
2044 1183 1242 1182 
2045 573 574 572 
2046 749 788 674 
2047 1315 2081 1316 
2048 609 741 739 
2049 1176 1793 1174 
2050 1531 1900 1263 
2051 1426 1906 1242 
2052 880 1031 882 
2053 908 1363 661 
2054 877 880 879 
2055 371 375 372 
2056 1337 1340 1339 
2057 338 1916 340 
2058 1875 1964 869 
2059 1175 1177 1176 
2060 870 2026 1880 
2061 1908 1909 459 
2062 2479 2552 1475 
2063 33 1863 32 
2064 867 876 868 
2065 344 1983 1952 
2066 880 881 879 
2067 1852 2022 728 
2068 175 335 174 
2069 353 1858 356 
2070 495 778 506 
2071 423 1790 421 
2072 872 1998 854 
2073 1912 2164 1041 
2074 437 826 449 
2075 1308 1309 1307 
2076 1583 1899 1582 
2077 777 815 814 
2078 529 592 591 
2079 2123 2182 1225 
2080 642 645 644 
2081 1539 1540 1332 
2082 621 1944 680 
2083 864 1879 862 
2084 533 558 557 
2085 1296 1298 1297 
2086 1188 1928 1897 
2087 1268 1424 1267 
2088 348 1939 349 
2089 42 1800 41 
2090 132 1804 131 
2091 134 1806 133 
2092 38 1808 37 
2093 136 1807 135 
2094 36 1810 35 
2095 138 1811 137 
2096 774 775 732 
2097 1325 1326 1324 
2098 925 926 825 
2099 1027 2023 1264 
2100 1526 1721 1150 
2101 876 877 868 
2102 1319 2104 1830 
2103 1099 1496 1101 
2104 1694 1695 930 
2105 526 609 608 
2106 1775 1976 1158 
2107 177 378 176 
2108 877 1848 880 
2109 826 1047 1046 
2110 816 927 821 
2111 541 1761 544 
2112 435 520 519 
2113 933 1418 1071 
2114 1914 1915 1910 
2115 763 800 799 
2116 520 533 532 
2117 593 596 595 
2118 784 2075 1856 
2119 1074 1924 1285 
2120 565 567 566 
2121 1215 1270 1022 
2122 569 570 549 
2123 1329 1330 1328 
2124 1109 2003 1386 
2125 553 743 514 
2126 1963 2268 2195 
2127 1118 1151 952 
2128 813 2203 1975 
2129 807 2049 912 
2130 1254 1648 1623 
2131 1156 1175 1174 
2132 1387 1817 1020 
2133 517 761 550 
2134 1103 1745 1503 
2135 828 901 827 
2136 1149 1524 1150 
2137 876 1848 877 
2138 1126 1127 1012 
2139 1376 1983 1867 
2140 1913 1914 1910 
2141 1037 1166 876 
2142 1177 2053 1217 
2143 944 1896 1791 
2144 1309 1528 1307 
2145 1516 1517 1229 
2146 1908 1910 1909 
2147 875 1938 1917 
2148 1086 1938 980 
2149 926 1167 825 
2150 991 1942 881 
2151 562 565 563 
2152 370 1833 368 
2153 1340 1997 1341 
2154 838 1961 837 
2155 824 925 825 
2156 867 868 866 
2157 676 677 554 
2158 1750 1751 1749 
2159 865 867 866 
2160 1526 1850 1721 
2161 1582 1850 1526 
2162 860 1878 873 
2163 2164 2175 977 
2164 569 571 570 
2165 361 374 359 
2166 462 1572 1153 
2167 336 1908 459 
2168 785 1882 787 
2169 318 791 316 
2170 1156 1174 1036 
2171 1995 1998 1834 
2172 925 985 926 
2173 385 750 384 
2174 836 1822 564 
2175 865 866 864 
2176 1131 1895 1599 
2177 453 486 463 
2178 597 604 603 
2179 641 1835 642 
2180 1223 1549 1114 
2181 1220 1838 1218 
2182 515 527 516 
2183 1127 1211 1012 
2184 765 766 354 
2185 646 649 648 
2186 884 986 667 
2187 862 1879 1878 
2188 1120 1247 1119 
2189 472 499 498 
2190 748 2061 907 
2191 326 1937 324 
2192 349 1939 352 
2193 1015 1016 831 
2194 474 1223 1114 
2195 1614 1615 1471 
2196 1909 1911 459 
2197 1341 1997 1344 
2198 1470 1471 1469 
2199 805 2063 833 
2200 659 2059 601 
2201 1625 2104 1319 
2202 1235 1257 1256 
2203 875 1917 847 
2204 337 1818 334 
2205 142 236 141 
2206 32 235 31 
2207 863 864 862 
2208 841 1934 843 
2209 953 1989 1972 
2210 325 2080 759 
2211 1972 1989 1792 
2212 1305 2151 1522 
2213 1909 1912 1911 
2214 788 2040 674 
2215 1468 1469 1467 
2216 1017 1018 1016 
2217 34 1862 33 
2218 324 893 323 
2219 1867 1983 340 
2220 683 2032 686 
2221 863 865 864 
2222 499 526 525 
2223 837 1883 1882 
2224 333 1913 1908 
2225 869 1964 850 
2226 1462 1467 1461 
2227 990 1187 1185 
2228 248 1905 143 
2229 599 1903 618 
2230 862 1878 860 
2231 765 767 766 
2232 1187 1942 1842 
2233 697 1992 695 
2234 448 1157 446 
2235 1554 1819 1118 
2236 1341 1344 1343 
2237 767 785 766 
2238 576 1972 1792 
2239 470 471 457 
2240 1094 1920 1093 
2241 2037 2057 1372 
2242 846 2082 2047 
2243 877 879 878 
2244 1070 1260 985 
2245 1031 2023 882 
2246 1174 1871 1036 
2247 786 837 785 
2248 680 682 681 
2249 892 1866 775 
2250 815 924 900 
2251 1312 1921 1313 
2252 1883 1884 1882 
2253 657 2061 658 
2254 1134 1180 981 
2255 1310 1311 1309 
2256 1883 1885 1884 
2257 785 787 766 
2258 1620 1621 1619 
2259 352 765 354 
2260 860 873 858 
2261 1308 1310 1309 
2262 1931 1932 1244 
2263 1564 1566 1565 
2264 861 862 860 
2265 1430 1866 892 
2266 1460 1461 1459 
2267 1035 1036 950 
2268 866 870 864 
2269 1091 1929 1094 
2270 639 641 640 
2271 869 1998 1995 
2272 1897 1939 1188 
2273 837 1882 785 
2274 1313 1532 1311 
2275 1566 1569 1567 
2276 1886 1888 1885 
2277 142 1905 236 
2278 571 573 572 
2279 740 2028 608 
2280 1085 1933 1931 
2281 426 443 430 
2282 739 1941 885 
2283 859 860 858 
2284 1260 1390 985 
2285 344 1952 346 
2286 1312 1313 1311 
2287 1921 1922 1313 
2288 1170 1171 1136 
2289 996 2018 1896 
2290 982 1895 1131 
2291 1287 2448 1960 
2292 486 1109 1020 
2293 873 1954 858 
2294 333 1908 336 
2295 1260 1484 1390 
2296 1858 1860 1859 
2297 840 871 838 
2298 390 1830 387 
2299 761 763 762 
2300 1885 1887 1884 
2301 345 1977 343 
2302 1070 1500 1260 
2303 1122 1430 892 
2304 752 1874 297 
2305 1470 1614 1471 
2306 948 1926 708 
2307 1126 1550 1127 
2308 1347 1435 1349 
2309 636 639 638 
2310 392 1319 390 
2311 300 301 299 
2312 877 878 868 
2313 767 786 785 
2314 1468 1470 1469 
2315 1040 1934 841 
2316 1187 1842 1479 
2317 611 615 613 
2318 312 455 379 
2319 1882 1923 787 
2320 721 726 725 
2321 1455 1459 1454 
2322 1188 1939 348 
2323 847 1917 844 
2324 357 779 355 
2325 562 2110 565 
2326 1436 1564 1563 
2327 924 1048 1001 
2328 1452 1501 1442 
2329 1354 1612 1457 
2330 325 759 327 
2331 1242 1906 1367 
2332 786 838 837 
2333 1462 1468 1467 
2334 1865 2057 2037 
2335 386 388 387 
2336 861 863 862 
2337 1793 1871 1174 
2338 1917 1918 846 
2339 1660 1661 1658 
2340 1321 2078 1904 
2341 1444 2522 2446 
2342 931 932 896 
2343 844 1917 846 
2344 857 858 856 
2345 444 1188 348 
2346 1679 1796 1633 
2347 1375 1925 1374 
2348 856 872 854 
2349 336 459 338 
2350 548 569 549 
2351 856 1954 872 
2352 1460 1462 1461 
2353 1886 1889 1888 
2354 444 1189 1188 
2355 1050 2063 1446 
2356 1190 1374 1189 
2357 1868 1894 1377 
2358 702 1953 704 
2359 1087 1931 1244 
2360 1432 1655 1045 
2361 1272 2128 623 
2362 1354 1457 1312 
2363 1492 2182 2123 
2364 1374 1849 1189 
2365 844 846 842 
2366 867 1037 876 
2367 1118 1819 1151 
2368 459 1916 338 
2369 436 941 940 
2370 925 1070 985 
2371 1084 1933 1085 
2372 951 1240 1049 
2373 346 348 347 
2374 573 669 574 
2375 1908 1913 1910 
2376 346 444 348 
2377 1191 1192 1065 
2378 456 1035 950 
2379 758 824 730 
2380 1964 1982 874 
2381 1883 1886 1885 
2382 446 2039 423 
2383 567 598 568 
2384 1457 1921 1312 
2385 1172 1173 1171 
2386 874 979 875 
2387 1187 1478 1185 
2388 989 1034 922 
2389 1291 1293 1292 
2390 605 610 607 
2391 1455 1460 1459 
2392 852 869 850 
2393 1179 1898 1480 
2394 1087 1090 1088 
2395 975 1865 960 
2396 1544 1545 1173 
2397 1090 1929 1091 
2398 855 856 854 
2399 352 354 353 
2400 1310 1312 1311 
2401 1190 1375 1374 
2402 1244 1449 1090 
2403 1093 1920 1096 
2404 979 980 875 
2405 338 340 339 
2406 1790 2111 424 
2407 947 1936 717 
2408 1938 2013 1918 
2409 336 338 337 
2410 1293 1294 1292 
2411 979 1084 980 
2412 848 874 847 
2413 874 875 847 
2414 1091 1094 1093 
2415 1085 1087 1086 
2416 1187 1479 1478 
2417 1087 1244 1090 
2418 839 840 838 
2419 1351 1535 1104 
2420 1084 1085 980 
2421 845 847 844 
2422 960 1990 948 
2423 1085 1931 1087 
2424 1439 1933 1084 
2425 308 970 310 
2426 1131 1488 1429 
2427 1437 1508 1180 
2428 859 861 860 
2429 1875 1982 1964 
2430 484 1876 504 
2431 474 1114 978 
2432 843 844 842 
2433 1485 1799 1110 
2434 665 2049 664 
2435 997 1164 1116 
2436 1089 1439 1084 
2437 879 990 878 
2438 348 349 347 
2439 1310 1354 1312 
2440 1926 1990 1979 
2441 548 1935 569 
2442 733 958 956 
2443 1917 1938 1918 
2444 344 346 345 
2445 1453 1454 1452 
2446 1096 1351 1104 
2447 869 1995 1875 
2448 1090 1091 1088 
2449 669 1972 574 
2450 765 1897 767 
2451 985 1955 926 
2452 784 1856 914 
2453 1967 1996 663 
2454 841 842 840 
2455 444 1190 1189 
2456 530 622 555 
2457 1374 2071 1849 
2458 853 854 852 
2459 346 347 345 
2460 1087 1088 1086 
2461 1976 2078 1321 
2462 1189 1928 1188 
2463 1035 1155 1036 
2464 925 1907 1070 
2465 1019 1076 1075 
2466 845 848 847 
2467 544 745 546 
2468 941 1138 1021 
2469 1241 1391 966 
2470 829 2040 788 
2471 1897 1978 767 
2472 1453 1455 1454 
2473 879 1942 990 
2474 340 341 339 
2475 615 888 616 
2476 338 339 337 
2477 636 2070 639 
2478 680 1944 1181 
2479 653 1966 651 
2480 1089 1440 1439 
2481 1125 1987 984 
2482 1867 1868 1377 
2483 1391 1974 966 
2484 1449 1929 1090 
2485 733 1953 958 
2486 1306 1685 1308 
2487 857 859 858 
2488 843 845 844 
2489 1096 1104 1097 
2490 1096 1920 1351 
2491 1011 1126 1012 
2492 1376 1377 1375 
2493 1155 1156 1036 
2494 912 2049 1191 
2495 329 458 331 
2496 854 1998 852 
2497 979 1089 1084 
2498 1085 1086 980 
2499 694 813 696 
2500 621 680 679 
2501 1011 1012 953 
2502 531 2034 1701 
2503 984 1987 811 
2504 851 852 850 
2505 1884 1923 1882 
2506 336 337 334 
2507 720 948 708 
2508 337 1962 1818 
2509 841 843 842 
2510 399 402 401 
2511 395 398 397 
2512 392 1320 1319 
2513 729 730 728 
2514 1535 1536 1104 
2515 2005 2123 1225 
2516 715 717 713 
2517 376 384 372 
2518 1037 1355 1166 
2519 704 1953 733 
2520 333 336 334 
2521 1285 1286 1284 
2522 717 1936 713 
2523 143 1905 142 
2524 1849 1928 1189 
2525 713 1936 711 
2526 990 1185 1184 
2527 786 839 838 
2528 1981 2026 870 
2529 849 850 848 
2530 1443 1452 1442 
2531 839 841 840 
2532 1911 1916 459 
2533 850 1964 848 
2534 904 953 669 
2535 718 719 717 
2536 352 1939 765 
2537 1441 1442 1440 
2538 990 1942 1187 
2539 1093 1096 1095 
2540 1091 1093 1092 
2541 588 790 627 
2542 855 857 856 
2543 649 661 650 
2544 1979 1990 1371 
2545 718 721 719 
2546 349 352 351 
2547 947 2035 1936 
2548 1685 1965 1308 
2549 1218 1365 1178 
2550 858 1954 856 
2551 618 2205 2190 
2552 1067 1304 1066 
2553 945 997 996 
2554 715 718 717 
2555 719 947 717 
2556 708 1926 705 
2557 1336 1337 1335 
2558 574 1972 576 
2559 1615 1616 1471 
2560 578 580 579 
2561 30 249 29 
2562 144 248 143 
2563 756 823 820 
2564 700 1992 697 
2565 1987 2025 811 
2566 21 1959 20 
2567 707 708 705 
2568 515 516 475 
2569 1160 1321 1162 
2570 14 229 13 
2571 160 232 159 
2572 654 774 732 
2573 933 2004 1418 
2574 105 230 10 
2575 5 231 68 
2576 454 1991 441 
2577 474 2051 1223 
2578 1287 2067 1005 
2579 976 1005 975 
2580 959 960 948 
2581 608 2028 525 
2582 69 227 6 
2583 9 228 104 
2584 1443 1453 1452 
2585 341 344 343 
2586 723 962 700 
2587 106 1949 105 
2588 16 250 15 
2589 158 256 157 
2590 705 1926 703 
2591 1097 1940 1221 
2592 105 1949 230 
2593 1226 1967 1211 
2594 1865 2037 1371 
2595 1959 1960 254 
2596 17 1947 16 
2597 853 855 854 
2598 107 252 106 
2599 67 251 66 
2600 1096 1097 1095 
2601 1190 1376 1375 
2602 1167 2010 1853 
2603 948 1990 1926 
2604 1936 1973 711 
2605 18 213 17 
2606 302 303 301 
2607 714 715 713 
2608 1376 1867 1377 
2609 156 218 155 
2610 1089 1441 1440 
2611 1441 1443 1442 
2612 108 1948 107 
2613 1068 1287 1005 
2614 676 1843 899 
2615 16 1947 250 
2616 252 1949 106 
2617 683 686 685 
2618 974 975 960 
2619 70 1956 69 
2620 109 211 108 
2621 65 212 64 
2622 456 950 342 
2623 1068 1397 1287 
2624 709 720 708 
2625 976 1068 1005 
2626 1155 1601 1571 
2627 1024 1026 1025 
2628 213 1947 17 
2629 69 1956 227 
2630 963 964 962 
2631 837 1961 1883 
2632 19 1958 18 
2633 750 972 971 
2634 1091 1092 1088 
2635 920 1822 836 
2636 490 2031 1691 
2637 874 1982 979 
2638 851 853 852 
2639 107 1948 252 
2640 845 849 848 
2641 1664 1666 1665 
2642 1886 1890 1889 
2643 805 806 677 
2644 1340 1341 1339 
2645 848 1964 874 
2646 204 1970 1969 
2647 904 1011 953 
2648 587 1872 755 
2649 71 260 70 
2650 103 253 102 
2651 559 2021 561 
2652 1390 1955 985 
2653 403 406 405 
2654 211 1948 108 
2655 720 959 948 
2656 982 1131 1130 
2657 849 851 850 
2658 22 1969 21 
2659 21 1969 1959 
2660 20 254 19 
2661 20 1959 254 
2662 472 1930 499 
2663 18 1958 213 
2664 427 2005 425 
2665 346 1952 444 
2666 1093 1095 1092 
2667 1228 1996 1226 
2668 824 1907 925 
2669 656 1816 655 
2670 974 976 975 
2671 1104 1940 1097 
2672 707 709 708 
2673 304 305 303 
2674 903 904 669 
2675 765 1939 1897 
2676 388 754 389 
2677 260 1956 70 
2678 1185 1186 1184 
2679 343 1977 456 
2680 1058 1059 916 
2681 1934 1993 843 
2682 833 834 806 
2683 155 1951 154 
2684 352 353 351 
2685 714 716 715 
2686 2106 2114 898 
2687 1132 1512 1133 
2688 907 2061 1561 
2689 910 943 735 
2690 456 1121 1035 
2691 73 220 72 
2692 101 219 100 
2693 809 1272 623 
2694 254 1958 19 
2695 569 747 571 
2696 1190 1952 1376 
2697 1446 1530 1529 
2698 1354 1743 1612 
2699 1453 1834 1455 
2700 882 2023 890 
2701 1089 1982 1441 
2702 712 713 711 
2703 1344 1345 1343 
2704 1460 1716 1462 
2705 218 1951 155 
2706 1012 1989 953 
2707 1536 1940 1104 
2708 444 1952 1190 
2709 723 963 962 
2710 1097 1221 1216 
2711 23 204 22 
2712 110 1985 109 
2713 1242 1367 1243 
2714 957 1988 955 
2715 1441 1875 1443 
2716 993 1022 897 
2717 1468 1472 1470 
2718 839 1040 841 
2719 979 1982 1089 
2720 344 345 343 
2721 599 618 601 
2722 959 974 960 
2723 711 1973 709 
2724 443 945 944 
2725 2013 2030 1918 
2726 1310 1965 1354 
2727 861 977 863 
2728 1097 1216 1095 
2729 376 2087 386 
2730 1435 1436 1349 
2731 709 1973 720 
2732 1186 2026 1184 
2733 1446 2063 1736 
2734 1124 1125 984 
2735 339 1962 337 
2736 990 1184 878 
2737 895 896 670 
2738 868 1981 866 
2739 109 1985 211 
2740 958 2196 1895 
2741 759 2077 327 
2742 455 477 476 
2743 706 707 705 
2744 904 1013 1011 
2745 1372 2067 1373 
2746 1308 1965 1310 
2747 154 255 153 
2748 1441 1982 1875 
2749 1241 1450 1391 
2750 525 2009 498 
2751 687 690 689 
2752 710 711 709 
2753 2047 2082 1832 
2754 569 1935 747 
2755 1566 1567 1565 
2756 843 1993 845 
2757 24 1971 23 
2758 1883 1961 1886 
2759 407 410 409 
2760 1484 2188 1390 
2761 1143 1147 1145 
2762 487 496 488 
2763 1886 1961 1890 
2764 144 1946 248 
2765 1079 1224 957 
2766 360 366 362 
2767 965 966 964 
2768 474 978 465 
2769 204 1969 22 
2770 1224 1988 957 
2771 249 1945 29 
2772 950 1962 342 
2773 712 714 713 
2774 1155 1571 1156 
2775 720 1209 959 
2776 145 1946 144 
2777 29 1945 28 
2778 1802 1803 246 
2779 1218 1838 1365 
2780 1564 1565 1563 
2781 883 991 881 
2782 1057 1278 1034 
2783 767 1978 786 
2784 1926 1979 703 
2785 849 917 851 
2786 1285 2178 1943 
2787 1110 1799 1111 
2788 1322 1325 1324 
2789 1193 1194 1192 
2790 853 898 855 
2791 974 1388 976 
2792 1630 1631 1628 
2793 1144 2033 1142 
2794 111 258 110 
2795 63 257 62 
2796 1443 1995 1453 
2797 1157 2039 446 
2798 744 2065 1812 
2799 852 1998 869 
2800 771 1835 641 
2801 1086 2013 1938 
2802 1912 2136 1911 
2803 341 1983 344 
2804 1088 2013 1086 
2805 701 723 700 
2806 25 261 24 
2807 966 1974 964 
2808 1372 1373 1038 
2809 372 2068 370 
2810 340 1983 341 
2811 1131 1429 1130 
2812 1264 1531 1263 
2813 368 439 365 
2814 720 1973 1209 
2815 1221 1832 1216 
2816 391 394 393 
2817 1038 1241 966 
2818 1455 1980 1460 
2819 857 1041 859 
2820 411 414 413 
2821 1838 1839 1365 
2822 637 1714 634 
2823 461 1930 472 
2824 774 892 775 
2825 786 1978 839 
2826 1875 1995 1443 
2827 953 1972 669 
2828 918 1120 1119 
2829 707 710 709 
2830 1453 1995 1834 
2831 1367 1369 1368 
2832 680 681 679 
2833 1966 2169 1794 
2834 456 1977 1121 
2835 75 259 74 
2836 99 264 98 
2837 845 1993 849 
2838 154 1951 255 
2839 1390 2179 1955 
2840 1834 1980 1455 
2841 962 1992 700 
2842 1737 1738 1530 
2843 1298 1427 1297 
2844 965 1372 1038 
2845 839 1978 1040 
2846 963 965 964 
2847 842 2047 840 
2848 723 1371 963 
2849 704 705 703 
2850 462 1153 451 
2851 710 712 711 
2852 1462 1984 1468 
2853 415 418 417 
2854 435 519 383 
2855 1019 1075 1018 
2856 1718 2576 624 
2857 1126 1551 1550 
2858 1460 1980 1716 
2859 1422 2150 1080 
2860 23 1971 204 
2861 1223 2109 1607 
2862 1421 1422 1080 
2863 701 1979 723 
2864 1409 2003 1109 
2865 712 724 714 
2866 719 2022 947 
2867 1365 1864 1178 
2868 356 358 357 
2869 867 2041 1037 
2870 436 940 432 
2871 1122 1579 1430 
2872 1716 1984 1462 
2873 691 694 693 
2874 1051 1230 894 
2875 333 334 332 
2876 686 687 685 
2877 781 782 659 
2878 258 1985 110 
2879 98 2007 97 
2880 703 1979 701 
2881 453 2069 486 
2882 1003 1170 1136 
2883 1289 1611 1578 
2884 956 982 957 
2885 965 1038 966 
2886 1468 1984 1472 
2887 733 956 955 
2888 699 702 701 
2889 704 706 705 
2890 849 1993 917 
2891 1195 1196 1194 
2892 592 593 591 
2893 639 2070 770 
2894 1179 1480 1466 
2895 1175 1350 1177 
2896 573 903 669 
2897 704 733 706 
2898 1330 1539 1332 
2899 1226 1996 1967 
2900 706 2012 707 
2901 982 1079 957 
2902 1326 1329 1328 
2903 468 2051 474 
2904 956 957 955 
2905 151 203 150 
2906 150 2002 149 
2907 1300 2238 1596 
2908 1124 2024 1125 
2909 1184 2026 1981 
2910 149 262 148 
2911 1354 1965 1743 
2912 982 1130 1079 
2913 1092 2013 1088 
2914 699 701 700 
2915 146 208 145 
2916 28 207 27 
2917 733 955 706 
2918 746 2258 1638 
2919 1039 2028 740 
2920 878 1981 868 
2921 721 725 722 
2922 1130 1389 1079 
2923 1156 1999 1175 
2924 261 1971 24 
2925 329 2077 458 
2926 987 988 943 
2927 353 356 355 
2928 702 703 701 
2929 998 2186 819 
2930 77 199 76 
2931 97 197 96 
2932 723 1979 1371 
2933 604 605 603 
2934 349 351 350 
2935 1988 2012 955 
2936 576 578 577 
2937 699 700 697 
2938 1199 1200 1198 
2939 342 1962 339 
2940 341 343 342 
2941 1005 2057 975 
2942 548 549 547 
2943 1184 1981 878 
2944 646 2085 649 
2945 574 575 572 
2946 596 597 595 
2947 1216 2030 1095 
2948 458 2232 1914 
2949 501 524 492 
2950 1432 1927 1655 
2951 682 683 681 
2952 574 576 575 
2953 991 2159 1842 
2954 1369 2046 1370 
2955 1866 2052 777 
2956 496 502 497 
2957 562 563 560 
2958 707 2012 710 
2959 1840 1864 1365 
2960 114 198 113 
2961 60 200 59 
2962 469 1289 1214 
2963 690 691 689 
2964 1868 2136 1894 
2965 594 2178 2121 
2966 1322 1904 1325 
2967 1691 2189 1788 
2968 1936 2035 1973 
2969 572 1994 570 
2970 1321 1904 1322 
2971 331 333 332 
2972 702 2019 1953 
2973 610 611 607 
2974 815 1028 924 
2975 349 350 347 
2976 702 704 703 
2977 341 342 339 
2978 1061 2255 1829 
2979 615 616 613 
2980 1242 1243 1182 
2981 96 2020 95 
2982 78 2008 77 
2983 738 1380 905 
2984 2057 2067 1372 
2985 1110 1111 988 
2986 429 2171 2131 
2987 1572 1576 1153 
2988 319 469 321 
2989 370 2068 1833 
2990 865 2041 867 
2991 955 2012 706 
2992 1391 2161 1974 
2993 1356 1597 1355 
2994 694 695 693 
2995 1545 1620 1619 
2996 626 1392 795 
2997 727 728 722 
2998 1141 1398 635 
2999 386 2087 798 
3000 1095 2030 1092 
3001 745 1881 546 
3002 1792 1989 1967 
3003 353 355 351 
3004 1390 2188 2179 
3005 721 722 719 
3006 28 1945 207 
3007 208 1946 145 
3008 1571 1999 1156 
3009 674 2040 673 
3010 741 2156 1941 
3011 691 693 692 
3012 113 2027 112 
3013 1092 2030 2013 
3014 243 1644 284 
3015 1006 1827 802 
3016 546 1881 548 
3017 570 1873 549 
3018 565 2198 567 
3019 264 2007 98 
3020 1309 2129 1528 
3021 315 804 317 
3022 698 2019 699 
3023 664 2049 807 
3024 1370 1384 1383 
3025 1666 1668 1667 
3026 725 742 727 
3027 965 2037 1372 
3028 1197 1198 1196 
3029 329 331 330 
3030 79 265 78 
3031 95 263 94 
3032 902 967 771 
3033 1918 2082 846 
3034 738 811 692 
3035 699 2019 702 
3036 1597 2084 1355 
3037 1158 1976 1160 
3038 729 784 758 
3039 694 696 695 
3040 418 420 419 
3041 1371 2037 963 
3042 420 423 421 
3043 343 456 342 
3044 1396 1639 1458 
3045 504 530 521 
3046 1436 1563 1562 
3047 1052 1222 967 
3048 1325 1919 1326 
3049 2143 2162 1388 
3050 691 692 689 
3051 470 487 471 
3052 1973 2035 1209 
3053 1315 1316 1059 
3054 698 699 697 
3055 1175 1999 1350 
3056 112 1986 111 
3057 1147 1585 1514 
3058 1364 1409 1109 
3059 1274 2015 2014 
3060 1211 1989 1012 
3061 1326 1919 1329 
3062 693 738 692 
3063 972 1042 973 
3064 525 2028 2009 
3065 1055 1396 1124 
3066 1367 1368 1243 
3067 742 2075 727 
3068 905 984 811 
3069 687 689 688 
3070 728 2022 722 
3071 1105 1502 1410 
3072 545 2038 746 
3073 1216 2082 2030 
3074 1037 2041 1356 
3075 905 1055 984 
3076 364 772 367 
3077 438 2115 434 
3078 1843 2206 899 
3079 846 2047 842 
3080 1737 1739 1738 
3081 770 771 641 
3082 1353 2006 1137 
3083 1055 1124 984 
3084 963 2037 965 
3085 1839 1840 1365 
3086 533 557 532 
3087 1396 1458 1124 
3088 784 897 758 
3089 1405 1406 1403 
3090 544 1761 745 
3091 625 1843 676 
3092 1345 1347 1346 
3093 1347 1349 1348 
3094 1170 1172 1171 
3095 498 515 475 
3096 833 2063 1050 
3097 1337 1339 1338 
3098 589 1872 587 
3099 738 905 811 
3100 1341 1343 1342 
3101 1160 1976 1321 
3102 327 329 328 
3103 580 581 579 
3104 97 2007 197 
3105 203 2002 150 
3106 1509 2503 1986 
3107 149 2002 262 
3108 1967 1989 1211 
3109 757 2201 416 
3110 696 697 695 
3111 520 532 519 
3112 831 2048 828 
3113 1532 2129 1311 
3114 369 377 371 
3115 1037 1356 1355 
3116 1018 1210 1016 
3117 1270 1602 1548 
3118 1298 2312 2266 
3119 356 357 355 
3120 1286 1335 1334 
3121 1377 2114 1375 
3122 1664 1665 1662 
3123 941 1021 940 
3124 1138 1491 1021 
3125 1477 1898 1026 
3126 555 556 521 
3127 886 1039 740 
3128 1369 1370 1368 
3129 1660 2215 1663 
3130 1024 1025 891 
3131 1749 2001 1004 
3132 827 829 788 
3133 1172 1544 1173 
3134 662 2198 1152 
3135 687 688 685 
3136 712 2060 724 
3137 1528 2151 1307 
3138 696 698 697 
3139 1382 2158 2103 
3140 545 746 543 
3141 1117 1149 1047 
3142 1567 1568 1565 
3143 381 2137 1688 
3144 1370 2046 1384 
3145 331 332 330 
3146 1925 2106 917 
3147 975 2057 1865 
3148 115 2056 114 
3149 912 1191 1065 
3150 1925 2114 2106 
3151 1458 2024 1124 
3152 818 2145 1006 
3153 1992 2054 695 
3154 1289 1578 1214 
3155 883 2102 991 
3156 658 2061 748 
3157 486 2069 1364 
3158 635 2070 636 
3159 626 2105 1392 
3160 1217 2016 1219 
3161 1639 2560 2271 
3162 298 300 299 
3163 1405 1408 1407 
3164 209 2072 1800 
3165 1234 1235 1233 
3166 649 2085 780 
3167 834 1494 954 
3168 288 1823 285 
3169 758 1968 824 
3170 111 1986 258 
3171 722 2022 719 
3172 628 629 589 
3173 784 914 897 
3174 1436 1562 1349 
3175 384 2068 372 
3176 1384 1402 1385 
3177 729 758 730 
3178 683 685 684 
3179 2357 2573 247 
3180 434 2066 428 
3181 508 512 510 
3182 1026 1179 1025 
3183 82 202 81 
3184 92 201 91 
3185 197 2020 96 
3186 77 2008 199 
3187 1836 2085 645 
3188 689 2025 688 
3189 1398 2070 635 
3190 83 2043 82 
3191 91 2042 90 
3192 1789 2168 665 
3193 897 1968 758 
3194 440 2069 453 
3195 84 267 83 
3196 90 268 89 
3197 583 812 581 
3198 727 729 728 
3199 695 2054 693 
3200 85 2044 84 
3201 89 2045 88 
3202 526 668 609 
3203 329 330 328 
3204 1385 1975 1383 
3205 1937 2135 893 
3206 1894 2127 898 
3207 2030 2082 1918 
3208 678 768 620 
3209 964 2125 962 
3210 86 223 85 
3211 88 224 87 
3212 1345 1346 1343 
3213 2012 2060 710 
3214 1466 1499 1231 
3215 426 2111 443 
3216 1405 1407 1406 
3217 621 679 678 
3218 1027 1264 1263 
3219 585 1651 583 
3220 510 1891 517 
3221 917 2106 851 
3222 465 1991 454 
3223 1099 1100 1076 
3224 853 2106 898 
3225 1005 2067 2057 
3226 1300 1594 1148 
3227 1074 1284 1283 
3228 1316 1357 1318 
3229 611 613 612 
3230 738 2054 1380 
3231 909 1081 908 
3232 824 1968 1907 
3233 380 2171 382 
3234 325 327 326 
3235 673 1816 656 
3236 1563 1692 1562 
3237 1993 2071 917 
3238 1402 1404 1403 
3239 710 2060 712 
3240 1482 2417 2412 
3241 1378 2112 1907 
3242 692 2025 689 
3243 780 908 661 
3244 1988 2060 2012 
3245 693 2054 738 
3246 1294 1296 1295 
3247 1082 1493 1081 
3248 1370 1382 1368 
3249 1934 2071 1993 
3250 682 2032 683 
3251 1063 1267 1062 
3252 546 548 547 
3253 1303 1474 1401 
3254 782 2059 659 
3255 999 1122 892 
3256 949 2109 1747 
3257 1182 2032 682 
3258 1757 2284 1277 
3259 198 2027 113 
3260 616 621 620 
3261 1849 2071 1934 
3262 907 1561 1033 
3263 1026 1898 1179 
3264 1103 2160 1745 
3265 1165 1476 1164 
3266 1450 2192 1391 
3267 729 2075 784 
3268 1370 1383 1382 
3269 1986 2503 258 
3270 1347 1348 1346 
3271 1341 1342 1339 
3272 486 1364 1109 
3273 1099 1101 1100 
3274 386 798 388 
3275 517 1891 761 
3276 327 328 326 
3277 1907 2112 1070 
3278 95 2020 263 
3279 265 2008 78 
3280 1343 2029 1342 
3281 1384 1385 1383 
3282 811 2025 692 
3283 935 1132 1078 
3284 1404 1405 1403 
3285 561 2021 835 
3286 368 1833 439 
3287 565 566 563 
3288 469 1214 321 
3289 1911 2136 1868 
3290 972 973 971 
3291 432 2005 427 
3292 597 603 602 
3293 1402 1403 1385 
3294 915 1074 1073 
3295 504 521 485 
3296 2039 2088 1790 
3297 593 595 594 
3298 725 727 722 
3299 1034 2118 922 
3300 683 684 681 
3301 256 2133 157 
3302 549 737 547 
3303 817 2453 2428 
3304 315 2200 804 
3305 605 607 606 
3306 116 266 115 
3307 58 269 57 
3308 366 2058 362 
3309 156 2133 218 
3310 1043 1646 1645 
3311 1339 2017 1338 
3312 679 764 678 
3313 1565 2050 1563 
3314 112 2027 1986 
3315 564 2110 562 
3316 613 2036 612 
3317 1337 1338 1335 
3318 322 324 323 
3319 621 678 620 
3320 578 579 577 
3321 1274 2014 1042 
3322 558 797 557 
3323 1179 1466 1231 
3324 232 2138 159 
3325 1832 2082 1216 
3326 2103 2158 686 
3327 898 2127 855 
3328 616 620 613 
3329 158 2138 256 
3330 374 1705 359 
3331 1363 2194 1837 
3332 920 2118 1822 
3333 2009 2124 2105 
3334 834 954 806 
3335 815 2052 1028 
3336 978 1991 465 
3337 1915 2175 1910 
3338 993 1215 1022 
3339 114 2056 198 
3340 286 1169 1168 
3341 373 2086 1937 
3342 857 2127 1041 
3343 429 2131 437 
3344 1243 2032 1182 
3345 529 591 590 
3346 777 2052 815 
3347 931 1069 932 
3348 774 999 892 
3349 168 2302 280 
3350 180 2303 278 
3351 327 2077 329 
3352 727 2075 729 
3353 2049 2168 1191 
3354 645 2085 646 
3355 1179 1231 1025 
3356 287 2074 289 
3357 926 2162 1167 
3358 1346 2029 1343 
3359 570 1994 1873 
3360 1043 2014 1646 
3361 1070 2112 1500 
3362 1016 2048 831 
3363 1342 2017 1339 
3364 639 770 641 
3365 93 2349 2325 
3366 895 931 896 
3367 375 2087 376 
3368 611 612 607 
3369 2054 2125 1380 
3370 1909 2175 1912 
3371 1446 1736 1530 
3372 1286 1334 1284 
3373 1563 2050 1692 
3374 826 1117 1047 
3375 1666 1667 1665 
3376 902 1052 967 
3377 234 2219 2218 
3378 1842 2098 1479 
3379 424 2111 426 
3380 483 491 490 
3381 1520 2253 1358 
3382 576 577 575 
3383 605 606 603 
3384 575 1994 572 
3385 793 1903 598 
3386 549 1873 737 
3387 1353 2384 2006 
3388 770 902 771 
3389 1217 2053 2016 
3390 633 1141 635 
3391 652 2089 654 
3392 649 780 661 
3393 1568 2050 1565 
3394 757 2485 2201 
3395 620 2036 613 
3396 534 792 538 
3397 851 2106 853 
3398 1992 2125 2054 
3399 117 2055 116 
3400 506 529 528 
3401 1953 2172 958 
3402 1391 2192 2161 
3403 1153 2115 451 
3404 999 1634 1122 
3405 1512 1513 1133 
3406 1209 2143 959 
3407 974 2143 1388 
3408 567 568 566 
3409 940 2005 432 
3410 1215 1892 1270 
3411 495 506 505 
3412 1191 1193 1192 
3413 914 1066 993 
3414 800 1827 951 
3415 364 2058 772 
3416 1320 1625 1319 
3417 768 2036 620 
3418 1291 1292 1262 
3419 466 495 494 
3420 362 2058 364 
3421 997 1165 1164 
3422 1210 2048 1016 
3423 1143 2135 1147 
3424 319 321 320 
3425 597 602 595 
3426 499 2062 526 
3427 292 773 294 
3428 909 1082 1081 
3429 492 2031 490 
3430 1294 1295 1292 
3431 2010 2143 1209 
3432 780 909 908 
3433 1930 2062 499 
3434 687 2158 690 
3435 383 2137 381 
3436 971 2068 384 
3437 1071 1438 1072 
3438 1491 1492 1021 
3439 1172 1546 1544 
3440 819 2186 935 
3441 1319 1830 390 
3442 923 2245 1000 
3443 750 971 384 
3444 593 594 591 
3445 1238 1447 1237 
3446 325 326 324 
3447 445 983 447 
3448 1270 1892 1602 
3449 909 1083 1082 
3450 922 2118 920 
3451 933 1071 946 
3452 491 492 490 
3453 2028 2124 2009 
3454 2032 2103 686 
3455 1576 1610 1153 
3456 1375 2114 1925 
3457 2121 2178 1924 
3458 666 933 822 
3459 296 473 298 
3460 1751 2001 1749 
3461 891 2102 883 
3462 1141 1399 1398 
3463 1083 1394 1301 
3464 505 1054 494 
3465 369 2064 377 
3466 1111 1233 1232 
3467 1238 1448 1447 
3468 859 2164 861 
3469 82 2043 202 
3470 201 2042 91 
3471 1668 1669 1667 
3472 951 1827 1240 
3473 863 2176 865 
3474 90 2042 268 
3475 267 2043 83 
3476 84 2044 267 
3477 268 2045 89 
3478 1974 2161 1380 
3479 451 2115 438 
3480 1464 1465 1463 
3481 590 623 528 
3482 1074 1283 1073 
3483 88 2045 224 
3484 223 2044 85 
3485 443 961 945 
3486 118 222 117 
3487 56 221 55 
3488 367 2064 369 
3489 321 322 320 
3490 477 614 479 
3491 2010 2162 2143 
3492 914 993 897 
3493 772 2064 367 
3494 1296 1297 1295 
3495 445 446 423 
3496 1219 2016 1552 
3497 546 547 545 
3498 515 2105 527 
3499 671 816 672 
3500 1394 1515 1301 
3501 443 2111 961 
3502 1538 2477 1433 
3503 1039 2124 2028 
3504 1941 2156 1170 
3505 1117 1558 1149 
3506 544 546 545 
3507 1042 1043 973 
3508 1665 2120 1662 
3509 1083 1301 1082 
3510 498 2009 515 
3511 1591 2118 1034 
3512 1662 2120 1661 
3513 1278 1591 1034 
3514 1214 2080 321 
3515 119 2090 118 
3516 289 2074 292 
3517 266 2056 115 
3518 1802 2282 1803 
3519 1382 2103 1368 
3520 783 809 623 
3521 526 2062 668 
3522 579 736 577 
3523 317 319 318 
3524 1553 1714 637 
3525 591 2121 590 
3526 482 2134 480 
3527 1388 2179 976 
3528 2131 2171 1559 
3529 1304 1314 1066 
3530 640 2225 638 
3531 915 994 809 
3532 555 671 556 
3533 1043 1248 973 
3534 1052 2117 1222 
3535 1955 2179 1388 
3536 698 2269 2019 
3537 1368 2103 1243 
3538 1380 2161 905 
3539 1959 2193 1960 
3540 2102 2159 991 
3541 120 271 119 
3542 54 270 53 
3543 557 832 532 
3544 447 448 446 
3545 855 2127 857 
3546 279 2301 183 
3547 1111 1232 988 
3548 281 2304 171 
3549 1165 1504 1476 
3550 529 590 528 
3551 1311 2129 1309 
3552 1970 2193 1969 
3553 1056 1393 1139 
3554 527 626 625 
3555 1073 1269 994 
3556 737 2038 547 
3557 547 2038 545 
3558 1191 2168 1193 
3559 506 528 505 
3560 1059 2157 916 
3561 1667 1673 1665 
3562 654 2089 774 
3563 936 1823 288 
3564 1053 1238 1237 
3565 1193 1195 1194 
3566 1235 1256 1255 
3567 542 1770 1769 
3568 1642 2314 512 
3569 1165 1505 1504 
3570 284 2083 286 
3571 452 457 448 
3572 622 2139 555 
3573 466 470 457 
3574 53 2092 52 
3575 121 2091 120 
3576 915 1073 994 
3577 902 1053 1052 
3578 319 320 318 
3579 157 2133 156 
3580 420 445 423 
3581 437 2131 826 
3582 1043 1645 1248 
3583 783 915 809 
3584 1117 1559 1558 
3585 1505 1507 1506 
3586 1872 2174 1784 
3587 1025 2102 891 
3588 218 2132 1951 
3589 1053 1237 1052 
3590 590 783 623 
3591 1610 2115 1153 
3592 495 505 494 
3593 1147 2135 1586 
3594 1406 2260 2242 
3595 2253 2398 1415 
3596 1250 1638 1252 
3597 962 2125 1992 
3598 122 226 121 
3599 52 225 51 
3600 159 2138 158 
3601 536 537 502 
3602 783 2121 1924 
3603 315 317 316 
3604 543 1770 542 
3605 1132 1133 1078 
3606 563 2142 560 
3607 945 2101 997 
3608 321 2080 322 
3609 1243 2103 2032 
3610 1072 1080 946 
3611 558 2142 797 
3612 512 1891 510 
3613 445 447 446 
3614 1147 1586 1585 
3615 2152 2251 1748 
3616 466 494 470 
3617 322 325 324 
3618 1225 2182 1744 
3619 300 302 301 
3620 294 2100 296 
3621 447 452 448 
3622 452 466 457 
3623 560 2142 558 
3624 1794 2152 647 
3625 1975 2203 2191 
3626 581 2116 579 
3627 200 2173 59 
3628 893 2135 1143 
3629 666 670 537 
3630 1231 2102 1025 
3631 1420 1421 1080 
3632 322 2080 325 
3633 1307 2151 1305 
3634 1031 2241 2023 
3635 530 555 521 
3636 317 318 316 
3637 1140 1419 1069 
3638 1490 2350 1735 
3639 822 895 670 
3640 1042 2014 1043 
3641 1293 2153 1294 
3642 519 2137 383 
3643 470 2099 487 
3644 1564 2239 1570 
3645 1505 1506 1504 
3646 1644 2083 284 
3647 1071 1072 946 
3648 1256 1555 1255 
3649 933 946 822 
3650 1013 2244 1870 
3651 1904 2119 1325 
3652 1736 1737 1530 
3653 808 894 781 
3654 774 2089 999 
3655 1170 2156 1172 
3656 938 1051 894 
3657 527 2105 626 
3658 594 2121 591 
3659 1056 1137 1051 
3660 619 734 660 
3661 1673 2120 1665 
3662 116 2055 266 
3663 408 2263 1798 
3664 1106 1381 1102 
3665 1101 1102 1100 
3666 660 781 659 
3667 959 2143 974 
3668 1325 2119 1919 
3669 541 543 542 
3670 1261 1291 1262 
3671 1297 1523 1295 
3672 2038 2258 746 
3673 1235 1255 1233 
3674 2009 2105 515 
3675 1139 1353 1137 
3676 496 536 502 
3677 931 1140 1069 
3678 916 2157 793 
3679 377 2170 371 
3680 1195 1197 1196 
3681 1639 2289 261 
3682 481 2079 483 
3683 1919 2155 1329 
3684 590 2121 783 
3685 1072 1420 1080 
3686 286 2083 1169 
3687 1215 1893 1892 
3688 2105 2124 1392 
3689 61 2204 60 
3690 2431 2511 165 
3691 2113 2130 1061 
3692 666 822 670 
3693 618 619 601 
3694 292 2074 773 
3695 1048 2160 1103 
3696 1054 2099 494 
3697 801 2076 803 
3698 1021 2123 940 
3699 826 2131 1117 
3700 536 666 537 
3701 412 2263 409 
3702 1077 1123 934 
3703 1295 2126 1292 
3704 566 1239 563 
3705 1237 2117 1052 
3706 1523 2126 1295 
3707 954 2359 2324 
3708 1292 2126 1262 
3709 691 2203 694 
3710 4 2217 50 
3711 123 2218 11 
3712 618 2190 619 
3713 302 304 303 
3714 1140 1434 1419 
3715 598 599 568 
3716 315 316 306 
3717 803 998 819 
3718 997 2101 1165 
3719 2070 2183 770 
3720 2068 2149 1833 
3721 686 2158 687 
3722 234 2218 123 
3723 50 2217 233 
3724 579 2116 736 
3725 808 938 894 
3726 938 1056 1051 
3727 1197 1199 1198 
3728 1499 2159 1231 
3729 1837 2194 2089 
3730 1231 2159 2102 
3731 58 2173 269 
3732 1492 2123 1021 
3733 1314 2122 1066 
3734 660 808 781 
3735 494 2099 470 
3736 1357 1520 1358 
3737 59 2173 58 
3738 1056 1139 1137 
3739 770 2183 902 
3740 665 2168 2049 
3741 794 1843 625 
3742 1066 2122 993 
3743 1009 2278 821 
3744 1629 2184 1630 
3745 1316 1317 1059 
3746 598 1903 599 
3747 1690 2295 1689 
3748 2191 2203 690 
3749 304 306 305 
3750 905 2161 1055 
3751 861 2164 977 
3752 793 2157 1903 
3753 940 2123 2005 
3754 626 794 625 
3755 2294 2539 259 
3756 1417 1463 1416 
3757 803 2076 998 
3758 1435 2239 1436 
3759 222 2055 117 
3760 1914 2216 1915 
3761 1910 2175 1909 
3762 497 2185 488 
3763 1167 2162 2010 
3764 606 2195 603 
3765 382 2171 429 
3766 505 2128 1054 
3767 2146 2455 2096 
3768 2178 2199 1943 
3769 1248 2149 973 
3770 1956 1957 227 
3771 2333 2354 281 
3772 961 2101 945 
3773 1708 2506 363 
3774 277 2257 1 
3775 595 2199 594 
3776 623 2128 528 
3777 763 801 800 
3778 1383 2191 1382 
3779 812 2116 581 
3780 1577 2273 1576 
3781 808 939 938 
3782 1139 1451 1353 
3783 1172 2156 1546 
3784 1195 1204 1197 
3785 300 1258 302 
3786 491 500 492 
3787 619 660 659 
3788 544 545 543 
3789 1165 2101 1505 
3790 671 817 816 
3791 1199 1201 1200 
3792 536 2140 2004 
3793 971 2149 2068 
3794 1317 2157 1059 
3795 2201 2485 1493 
3796 2157 2205 1903 
3797 1975 2191 1383 
3798 503 2233 508 
3799 755 1783 1651 
3800 976 2179 1068 
3801 1518 2463 2378 
3802 1203 1208 1207 
3803 973 2149 971 
3804 943 2169 1966 
3805 1117 2131 1559 
3806 1239 2142 563 
3807 773 2100 294 
3808 2292 2505 1581 
3809 993 2122 1215 
3810 1549 2332 1114 
3811 242 2311 1758 
3812 1770 2011 1769 
3813 1474 1475 1401 
3814 1788 2189 1789 
3815 599 601 600 
3816 1317 2205 2157 
3817 538 540 539 
3818 371 2170 375 
3819 118 2090 222 
3820 528 2128 505 
3821 1208 2575 2011 
3822 1476 2577 2547 
3823 216 2282 1809 
3824 2017 2573 2357 
3825 483 2079 491 
3826 296 2100 473 
3827 865 2176 2041 
3828 1438 2452 2073 
3829 487 2140 496 
3830 1201 1202 1200 
3831 304 315 306 
3832 1269 2452 994 
3833 903 2244 904 
3834 2019 2172 1953 
3835 619 659 601 
3836 1951 2240 255 
3837 909 2177 1083 
3838 2179 2188 1068 
3839 756 820 631 
3840 761 2141 763 
3841 612 2207 607 
3842 271 2090 119 
3843 1924 2178 1285 
3844 1108 1282 1107 
3845 1244 2254 1449 
3846 540 541 539 
3847 532 2180 519 
3848 599 600 568 
3849 2161 2192 1055 
3850 1068 2188 1397 
3851 500 675 522 
3852 737 2318 2299 
3853 1215 2122 1893 
3854 929 1062 1060 
3855 1123 2145 934 
3856 1667 2144 1673 
3857 832 2180 532 
3858 120 2091 271 
3859 270 2092 53 
3860 1315 2317 2081 
3861 1669 2144 1667 
3862 205 2557 2548 
3863 988 2169 943 
3864 1232 2169 988 
3865 1604 2517 1637 
3866 298 2187 300 
3867 1274 2262 2015 
3868 1393 2163 1139 
3869 935 2186 1132 
3870 2099 2140 487 
3871 1969 2193 1959 
3872 1262 1518 1253 
3873 795 929 928 
3874 1621 2427 2020 
3875 52 2092 225 
3876 226 2091 121 
3877 1422 2202 2150 
3878 1382 2191 2158 
3879 567 2198 662 
3880 1080 2150 946 
3881 1836 2177 2085 
3882 822 2150 895 
3883 1428 2266 1783 
3884 1406 2242 1403 
3885 2089 2194 999 
3886 795 928 794 
3887 2158 2191 690 
3888 1222 2259 967 
3889 1055 2192 1396 
3890 688 2247 685 
3891 496 2140 536 
3892 1379 2322 1268 
3893 8 2212 86 
3894 2038 2299 2258 
3895 1398 2183 2070 
3896 899 2206 1736 
3897 929 1060 928 
3898 2172 2196 958 
3899 1106 1703 1381 
3900 1513 1519 1133 
3901 2236 2323 404 
3902 2291 2315 1994 
3903 86 2212 223 
3904 626 795 794 
3905 1975 2242 813 
3906 946 2150 822 
3907 1943 2268 1336 
3908 764 2235 678 
3909 519 2180 2137 
3910 1960 2478 1287 
3911 629 1872 589 
3912 671 2139 817 
3913 1927 2233 503 
3914 1610 2273 942 
3915 2085 2177 780 
3916 886 2220 1039 
3917 1056 2181 1393 
3918 2332 2351 1114 
3919 541 544 543 
3920 1006 2264 1827 
3921 1385 2242 1975 
3922 594 2199 2178 
3923 679 2246 764 
3924 603 2195 602 
3925 614 2214 479 
3926 684 2246 681 
3927 1417 1464 1463 
3928 1442 2267 1440 
3929 534 538 535 
3930 1392 2228 1686 
3931 780 2177 909 
3932 479 2214 481 
3933 902 2183 1053 
3934 631 2174 629 
3935 624 2576 2388 
3936 999 2194 1634 
3937 801 802 800 
3938 538 539 535 
3939 473 2187 298 
3940 1785 2321 1157 
3941 803 818 802 
3942 1891 2141 761 
3943 416 2201 1813 
3944 1914 2232 2216 
3945 2149 2224 1833 
3946 1447 2236 1237 
3947 1248 2224 2149 
3948 1414 1416 1413 
3949 2243 2259 1394 
3950 1748 2308 643 
3951 555 2139 671 
3952 803 819 818 
3953 1262 2126 1518 
3954 1715 2348 48 
3955 1199 1205 1201 
3956 2177 2243 1083 
3957 755 1651 585 
3958 2176 2216 2041 
3959 2387 2408 1702 
3960 798 2383 1906 
3961 734 2154 660 
3962 1659 2215 1660 
3963 696 2260 698 
3964 1594 2313 791 
3965 619 2190 734 
3966 1711 2290 1710 
3967 1007 1128 992 
3968 801 803 802 
3969 1261 1262 1253 
3970 281 2354 2304 
3971 1 2257 160 
3972 207 2271 27 
3973 1004 2220 886 
3974 2220 2228 1039 
3975 935 1078 1077 
3976 241 2302 169 
3977 240 2303 181 
3978 744 2481 1631 
3979 300 2187 1258 
3980 2242 2260 813 
3981 1139 2163 1451 
3982 2092 2093 225 
3983 500 501 492 
3984 1360 1415 1414 
3985 1471 2281 1469 
3986 1971 2277 204 
3987 1417 1557 1464 
3988 690 2203 691 
3989 1963 2297 1340 
3990 931 2202 1140 
3991 1233 2251 1232 
3992 1133 2166 1078 
3993 1264 2213 1531 
3994 660 2154 808 
3995 1836 2243 2177 
3996 60 2204 200 
3997 927 1108 1107 
3998 1316 1318 1317 
3999 602 2199 595 
4000 1903 2205 618 
4001 1855 2440 1502 
4002 1000 2536 1690 
4003 377 2396 2170 
4004 938 2181 1056 
4005 1815 2338 1333 
4006 481 2214 2079 
4007 1915 2216 2176 
4008 1062 1288 1060 
4009 1108 1303 1302 
4010 1505 2256 1507 
4011 1829 2255 2206 
4012 819 935 934 
4013 607 2207 606 
4014 125 2402 124 
4015 1155 2286 1601 
4016 1252 1261 1253 
4017 1101 1105 1102 
4018 1767 2234 1768 
4019 1121 2286 1035 
4020 2116 2319 736 
4021 895 2202 931 
4022 2299 2318 1291 
4023 522 534 523 
4024 1314 2222 2221 
4025 978 2284 1991 
4026 1259 2259 2243 
4027 534 535 523 
4028 51 2107 3 
4029 2150 2202 895 
4030 1507 2208 1506 
4031 763 2141 801 
4032 1730 2376 1729 
4033 260 2279 1956 
4034 1622 2313 1595 
4035 1232 2251 2152 
4036 81 2283 80 
4037 802 1827 800 
4038 2041 2216 1356 
4039 1267 2165 1062 
4040 1276 2336 1828 
4041 182 2301 240 
4042 170 2304 241 
4043 1734 2360 1733 
4044 1358 2253 1360 
4045 1288 2113 1060 
4046 377 2419 2396 
4047 2148 2511 2431 
4048 1772 2309 1773 
4049 1303 1401 1302 
4050 1607 2300 1608 
4051 808 2154 939 
4052 1451 2405 2397 
4053 643 2225 640 
4054 1360 1413 1359 
4055 939 2181 938 
4056 823 992 820 
4057 1006 2534 2264 
4058 1728 2561 394 
4059 1414 1417 1416 
4060 557 2252 832 
4061 1638 2258 1252 
4062 500 522 501 
4063 819 934 818 
4064 1039 2228 2124 
4065 2317 2525 2090 
4066 1676 2300 949 
4067 1344 2341 1345 
4068 1299 2238 1300 
4069 1399 2250 1398 
4070 2256 2293 1507 
4071 345 2298 1977 
4072 617 1395 178 
4073 1078 1290 1077 
4074 1296 2312 1298 
4075 801 2141 2076 
4076 205 2548 1811 
4077 935 1077 934 
4078 1997 2328 1344 
4079 606 2297 2195 
4080 2237 2288 1204 
4081 304 2200 315 
4082 1356 2232 1597 
4083 522 523 501 
4084 1710 2298 350 
4085 47 2348 214 
4086 1977 2290 1121 
4087 2052 2332 1549 
4088 1396 2289 1639 
4089 1281 2347 1724 
4090 1241 2277 1450 
4091 75 2294 259 
4092 624 2334 586 
4093 1201 1203 1202 
4094 1195 2237 1204 
4095 2216 2232 1356 
4096 1258 2200 302 
4097 816 2226 927 
4098 199 2294 76 
4099 1833 2224 439 
4100 2004 2261 1418 
4101 1105 1106 1102 
4102 1345 2345 1347 
4103 350 2298 347 
4104 2023 2241 1264 
4105 678 2235 768 
4106 271 2317 2090 
4107 1576 2273 1610 
4108 2202 2265 1140 
4109 1436 2239 1564 
4110 1651 2266 812 
4111 2283 2409 80 
4112 1732 2364 1731 
4113 934 2145 818 
4114 2183 2250 1053 
4115 2147 2148 2146 
4116 1789 2237 2168 
4117 1357 1358 1318 
4118 2011 2575 1769 
4119 1738 2520 1949 
4120 1112 2513 2344 
4121 1398 2250 2183 
4122 1204 2197 1197 
4123 1783 2266 1651 
4124 820 2174 631 
4125 1504 2577 1476 
4126 1083 2243 1394 
4127 1653 2356 1654 
4128 1889 2370 1888 
4129 1245 2245 923 
4130 1424 2227 1267 
4131 554 2335 516 
4132 2378 2463 1395 
4133 612 2328 2207 
4134 1259 2243 1836 
4135 1798 2310 1222 
4136 773 2471 1605 
4137 1906 2381 798 
4138 1360 1414 1413 
4139 1813 2568 412 
4140 2341 2345 1345 
4141 1683 2331 455 
4142 2354 2443 2304 
4143 1519 2166 1133 
4144 2281 2545 1469 
4145 473 2570 1560 
4146 1314 2221 2122 
4147 508 2233 512 
4148 1266 2249 1265 
4149 904 2244 1013 
4150 1157 2293 2039 
4151 1866 2332 2052 
4152 302 2200 304 
4153 73 2320 220 
4154 817 2226 816 
4155 681 2246 679 
4156 1250 1252 1251 
4157 235 2382 1562 
4158 516 2335 1841 
4159 2205 2276 2190 
4160 2264 2534 2095 
4161 2124 2228 1392 
4162 1403 2242 1385 
4163 1847 2539 2294 
4164 259 2320 74 
4165 1081 2454 2421 
4166 2064 2419 377 
4167 1197 2197 1199 
4168 685 2247 684 
4169 2416 2563 1588 
4170 225 2107 51 
4171 1252 1253 1251 
4172 93 2325 92 
4173 1736 2206 1737 
4174 1752 2574 228 
4175 2201 2529 1813 
4176 1494 2248 954 
4177 1114 2351 978 
4178 1199 2197 1205 
4179 2109 2300 1607 
4180 177 2463 378 
4181 1203 1206 1202 
4182 1078 2166 1290 
4183 1062 2165 1288 
4184 736 2291 577 
4185 160 2257 232 
4186 2006 2384 936 
4187 2529 2568 1813 
4188 1193 2237 1195 
4189 1764 2386 1411 
4190 2099 2261 2140 
4191 1932 2254 1244 
4192 1789 2288 2237 
4193 1264 2241 2213 
4194 736 2319 2153 
4195 2428 2453 1703 
4196 575 2291 1994 
4197 2168 2237 1193 
4198 2132 2240 1951 
4199 629 2174 1872 
4200 2199 2268 1943 
4201 1272 2287 2128 
4202 2166 2167 1290 
4203 2223 2355 2130 
4204 1737 2255 1739 
4205 1105 1410 1106 
4206 688 2385 2247 
4207 1237 2236 2117 
4208 2088 2256 961 
4209 1071 2330 1438 
4210 1358 1359 1318 
4211 2153 2319 1294 
4212 2261 2287 1418 
4213 1275 2262 1274 
4214 602 2268 2199 
4215 1053 2250 1238 
4216 2267 2501 1440 
4217 1108 1302 1282 
4218 1358 1360 1359 
4219 797 2252 557 
4220 2122 2221 1893 
4221 1207 1250 1249 
4222 1412 2411 1624 
4223 2483 2489 203 
4224 588 2334 790 
4225 1422 2265 2202 
4226 967 2259 1259 
4227 1228 2486 1645 
4228 409 2263 408 
4229 1762 2444 1764 
4230 1203 1207 1206 
4231 760 2374 1851 
4232 1474 2428 1703 
4233 772 2472 2429 
4234 813 2260 696 
4235 1595 2313 1594 
4236 1128 1129 992 
4237 954 2324 806 
4238 2328 2341 1344 
4239 1543 2344 1489 
4240 1108 2226 1303 
4241 737 2299 2038 
4242 1255 2251 1233 
4243 1425 2272 1424 
4244 1122 2339 1579 
4245 269 2326 57 
4246 2195 2297 1963 
4247 1207 1249 1206 
4248 1128 1497 1129 
4249 2093 2095 2094 
4250 2153 2291 736 
4251 2251 2308 1748 
4252 1522 2337 1304 
4253 1250 1251 1249 
4254 1397 2448 1287 
4255 253 2574 1752 
4256 1450 2289 2192 
4257 290 2371 936 
4258 2260 2269 698 
4259 1271 2279 1481 
4260 2266 2312 812 
4261 2489 2501 2002 
4262 1860 2372 1859 
4263 2140 2261 2004 
4264 173 1543 1489 
4265 1808 2357 247 
4266 961 2256 2101 
4267 2142 2280 797 
4268 1697 2371 1695 
4269 927 2226 1108 
4270 1827 2264 1240 
4271 1803 2282 216 
4272 2540 2558 1499 
4273 1588 2439 1511 
4274 936 2384 1823 
4275 203 2489 2002 
4276 2020 2427 263 
4277 229 2393 1647 
4278 1303 2428 1474 
4279 2081 2316 1357 
4280 1417 2229 1557 
4281 1500 2296 1260 
4282 2184 2366 1448 
4283 56 2326 221 
4284 1544 2499 2493 
4285 455 2331 477 
4286 1566 2367 1569 
4287 2088 2293 2256 
4288 1415 2229 1414 
4289 1501 2267 1442 
4290 1991 2284 1757 
4291 12 2108 122 
4292 1987 2395 2385 
4293 2325 2349 1654 
4294 2206 2255 1737 
4295 2002 2501 262 
4296 741 2285 2156 
4297 2207 2328 1997 
4298 1899 2285 741 
4299 263 2349 94 
4300 1906 2383 1367 
4301 1538 2270 1537 
4302 27 2271 26 
4303 1451 2397 1353 
4304 1314 2337 2222 
4305 1252 2258 1261 
4306 600 2434 2329 
4307 1756 2366 1687 
4308 2101 2256 1505 
4309 994 2343 809 
4310 1240 2264 1763 
4311 1260 2296 1484 
4312 2095 2096 2094 
4313 1932 2474 2465 
4314 1407 2269 1406 
4315 1267 2227 2165 
4316 2167 2353 1290 
4317 2034 2361 1701 
4318 1054 2261 2099 
4319 378 2522 176 
4320 2093 2094 225 
4321 2153 2315 2291 
4322 2050 2482 249 
4323 2324 2359 1575 
4324 71 2362 260 
4325 1428 2352 2346 
4326 220 2362 72 
4327 1923 2372 787 
4328 1222 2310 2259 
4329 1484 2342 2188 
4330 204 2277 1970 
4331 716 2369 715 
4332 721 2375 726 
4333 1360 2253 1415 
4334 2330 2343 1438 
4335 1596 2331 1683 
4336 1540 2327 1814 
4337 1885 2380 1887 
4338 1801 2459 1283 
4339 1773 2288 2189 
4340 1945 2274 207 
4341 1064 2436 911 
4342 2064 2429 2419 
4343 772 2429 2064 
4344 2516 2524 208 
4345 1695 2371 930 
4346 126 2405 125 
4347 1054 2287 2261 
4348 1140 2265 1434 
4349 1414 2229 1417 
4350 1689 2295 1400 
4351 2524 2530 1946 
4352 1389 2373 1079 
4353 1075 2363 1018 
4354 1352 2278 1009 
4355 566 2329 1239 
4356 280 2440 1855 
4357 1892 2275 276 
4358 2098 2558 2553 
4359 600 2329 568 
4360 1283 2487 1802 
4361 249 2458 1692 
4362 512 2314 1891 
4363 2247 2367 684 
4364 1224 2379 1988 
4365 276 2425 1602 
4366 1629 2366 2184 
4367 2276 2365 2190 
4368 261 2560 1639 
4369 1765 2503 1437 
4370 208 2524 1946 
4371 1499 2558 2098 
4372 1946 2530 248 
4373 401 2323 400 
4374 2530 2535 248 
4375 236 2545 2281 
4376 248 2535 1905 
4377 14 2393 229 
4378 214 2390 1704 
4379 250 2393 15 
4380 1004 2322 2220 
4381 1616 2281 1471 
4382 2258 2299 1261 
4383 1431 2407 1642 
4384 2439 2563 2044 
4385 1076 2387 1075 
4386 1536 2370 1940 
4387 1987 2385 2025 
4388 122 2108 226 
4389 2535 2545 1905 
4390 1035 2286 1155 
4391 1708 2368 1246 
4392 244 2531 1804 
4393 1634 2389 1138 
4394 202 2283 81 
4395 1616 2557 2550 
4396 2046 2396 1384 
4397 1618 2414 1366 
4398 1357 2316 1520 
4399 1007 2344 1128 
4400 1529 2466 1445 
4401 1291 2318 1293 
4402 1905 2545 236 
4403 2195 2268 602 
4404 798 2381 388 
4405 363 2506 361 
4406 2247 2385 1569 
4407 1400 2292 1279 
4408 1241 2523 2277 
4409 1519 2445 2217 
4410 2060 2379 724 
4411 2098 2553 1479 
4412 1349 2382 1348 
4413 1227 2486 1228 
4414 2336 2349 263 
4415 1129 2352 2306 
4416 1255 2308 2251 
4417 1811 2566 245 
4418 1893 2275 1892 
4419 1615 2557 1616 
4420 1081 2421 908 
4421 1359 2365 2276 
4422 1598 2456 1409 
4423 262 2501 2267 
4424 79 2409 265 
4425 1501 2510 2500 
4426 414 2340 415 
4427 76 2294 75 
4428 206 2413 1862 
4429 2493 2499 913 
4430 1956 2279 1957 
4431 1932 2465 2254 
4432 1157 2321 2293 
4433 2170 2396 2046 
4434 1485 2410 1799 
4435 577 2291 575 
4436 1102 2408 1100 
4437 1282 2559 1107 
4438 1406 2269 2260 
4439 1239 2280 2142 
4440 1486 2409 2283 
4441 1947 2296 250 
4442 627 2481 744 
4443 1210 2417 2048 
4444 1348 2413 1346 
4445 1251 2378 2305 
4446 901 2432 827 
4447 1613 2327 1540 
4448 235 2458 31 
4449 347 2298 345 
4450 1466 2542 2540 
4451 1132 2480 1512 
4452 411 2424 414 
4453 1423 2441 1431 
4454 2156 2285 1546 
4455 1069 2515 2491 
4456 2128 2287 1054 
4457 1238 2404 1448 
4458 254 2448 1958 
4459 1433 2447 1618 
4460 229 2425 13 
4461 30 2458 249 
4462 418 2340 2097 
4463 1758 2311 1759 
4464 1359 2276 1318 
4465 2230 2572 238 
4466 1394 2310 1515 
4467 1287 2478 2067 
4468 1569 2367 2247 
4469 1272 2330 2287 
4470 1246 2368 1483 
4471 1473 2517 1521 
4472 1261 2299 1291 
4473 1643 2412 2034 
4474 415 2340 418 
4475 2015 2388 2014 
4476 1724 2317 1315 
4477 1931 2483 1932 
4478 1816 2547 655 
4479 1884 2476 1923 
4480 2306 2352 1784 
4481 255 2465 153 
4482 1724 2525 2317 
4483 2548 2566 1811 
4484 125 2405 2402 
4485 236 2538 141 
4486 1317 2276 2205 
4487 1342 2426 2017 
4488 140 2550 139 
4489 2039 2293 2088 
4490 1466 2540 1499 
4491 1518 2378 1253 
4492 1452 2516 1501 
4493 949 2300 2109 
4494 151 2474 203 
4495 2058 2490 2472 
4496 1621 2475 2427 
4497 407 2468 410 
4498 2 2425 276 
4499 228 2574 104 
4500 2189 2288 1789 
4501 103 2574 253 
4502 1129 2306 992 
4503 1448 2404 2184 
4504 230 2209 10 
4505 2192 2289 1396 
4506 227 2211 6 
4507 25 2560 261 
4508 395 2561 398 
4509 221 2422 55 
4510 262 2500 148 
4511 1555 2308 1255 
4512 1293 2318 2315 
4513 1373 2523 1038 
4514 403 2492 406 
4515 1293 2315 2153 
4516 724 2541 714 
4517 374 2506 1707 
4518 146 2510 208 
4519 399 2521 402 
4520 1069 2491 932 
4521 54 2422 270 
4522 1429 2519 1130 
4523 1294 2319 1296 
4524 249 2482 1945 
4525 335 2473 174 
4526 1492 2485 2182 
4527 2522 2544 1523 
4528 74 2320 73 
4529 1994 2315 1873 
4530 2094 2107 225 
4531 1545 2493 1620 
4532 1318 2276 1317 
4533 2008 2411 1541 
4534 2277 2523 1970 
4535 2024 2406 1125 
4536 1125 2395 1987 
4537 1773 2309 2288 
4538 1284 2487 1283 
4539 57 2326 56 
4540 812 2312 2116 
4541 1873 2318 737 
4542 1654 2356 2325 
4543 820 2306 2174 
4544 1575 2359 1573 
4545 2174 2306 1784 
4546 2315 2318 1873 
4547 2074 2471 773 
4548 2040 2518 673 
4549 2329 2434 1672 
4550 2207 2297 606 
4551 1283 2459 1073 
4552 1480 2542 1466 
4553 806 2324 677 
4554 1501 2500 2267 
4555 92 2325 201 
4556 1654 2336 1276 
4557 2001 2322 1004 
4558 1125 2406 2395 
4559 1971 2514 2277 
4560 226 2316 2091 
4561 1425 2551 2272 
4562 2220 2322 1379 
4563 1297 2446 1523 
4564 1251 2305 1249 
4565 1082 2529 1493 
4566 586 2334 588 
4567 1249 2270 1206 
4568 2287 2330 1418 
4569 1447 2323 2236 
4570 1448 2358 1447 
4571 1203 2484 1208 
4572 2036 2328 612 
4573 1418 2330 1071 
4574 1500 2549 2296 
4575 1430 2332 1866 
4576 1333 2338 1490 
4577 1671 2457 1698 
4578 1588 2563 2439 
4579 2167 2400 2399 
4580 1767 2575 2234 
4581 1431 2441 2407 
4582 568 2329 566 
4583 1438 2527 1072 
4584 677 2335 554 
4585 1529 2437 1948 
4586 2324 2335 677 
4587 185 2469 275 
4588 1366 2377 1652 
4589 224 2477 1538 
4590 1513 2460 2445 
4591 2427 2475 1828 
4592 1652 2356 1653 
4593 252 2437 1738 
4594 992 2306 820 
4595 400 2358 1756 
4596 1430 2351 2332 
4597 1271 2559 2279 
4598 500 2494 675 
4599 2480 2491 1512 
4600 1493 2529 2201 
4601 477 2331 614 
4602 2254 2465 255 
4603 1304 2337 1314 
4604 1542 2504 1541 
4605 279 2307 2301 
4606 1891 2314 2141 
4607 199 2504 2294 
4608 1204 2309 2197 
4609 1507 2321 2208 
4610 1703 2479 1474 
4611 1634 2339 1122 
4612 2259 2310 1394 
4613 2418 2473 335 
4614 439 2496 365 
4615 1707 2506 1708 
4616 1112 2344 1007 
4617 1272 2343 2330 
4618 2036 2341 2328 
4619 162 2400 161 
4620 1581 2347 1281 
4621 2293 2321 1507 
4622 809 2343 1272 
4623 169 2302 168 
4624 181 2303 180 
4625 1735 2350 1734 
4626 2194 2389 1634 
4627 1809 2357 1808 
4628 768 2341 2036 
4629 2281 2538 236 
4630 363 2496 1708 
4631 1423 2480 2441 
4632 768 2345 2341 
4633 2565 2570 2100 
4634 2097 2340 1815 
4635 183 2301 182 
4636 171 2304 170 
4637 2267 2500 262 
4638 1823 2384 1656 
4639 2296 2549 250 
4640 94 2349 93 
4641 2141 2314 2076 
4642 1523 2544 2126 
4643 48 2348 47 
4644 1579 2351 1430 
4645 2420 2551 1425 
4646 2279 2559 1957 
4647 2130 2355 1739 
4648 1422 2390 2265 
4649 2058 2472 772 
4650 1616 2538 2281 
4651 1642 2407 2314 
4652 2079 2494 491 
4653 1106 2479 1703 
4654 1672 2434 1671 
4655 1733 2360 1732 
4656 237 2399 163 
4657 2188 2342 1397 
4658 1433 2477 2447 
4659 1623 2570 2565 
4660 1702 2438 622 
4661 1399 2467 2404 
4662 1784 2352 1783 
4663 2390 2533 2265 
4664 1456 2512 1598 
4665 270 2567 2092 
4666 161 2400 272 
4667 2296 2555 1484 
4668 2421 2454 1491 
4669 2277 2514 1450 
4670 1447 2358 2323 
4671 1475 2443 1401 
4672 2434 2457 1671 
4673 2017 2357 1338 
4674 2288 2309 1204 
4675 1738 2437 1530 
4676 414 2424 2338 
4677 2271 2560 26 
4678 1205 2484 1201 
4679 1476 2537 1164 
4680 1701 2361 1702 
4681 1805 2531 2502 
4682 2384 2397 1656 
4683 1940 2370 1889 
4684 1772 2401 2309 
4685 1731 2364 1730 
4686 2365 2403 734 
4687 1765 2466 1985 
4688 1465 2415 2219 
4689 2385 2395 1569 
4690 1424 2449 2227 
4691 223 2439 2044 
4692 1752 2420 1751 
4693 2323 2358 400 
4694 1618 2447 2414 
4695 1687 2366 1629 
4696 1419 2515 1069 
4697 72 2362 71 
4698 278 2449 2210 
4699 2081 2562 2316 
4700 2024 2498 2274 
4701 1521 2494 2079 
4702 2003 2433 1386 
4703 1631 2526 744 
4704 2397 2405 215 
4705 1605 2565 773 
4706 1985 2466 211 
4707 1018 2363 1210 
4708 2235 2345 768 
4709 1075 2387 2361 
4710 1386 2433 1482 
4711 1399 2404 2250 
4712 1729 2376 1728 
4713 1363 2421 2389 
4714 2304 2443 241 
4715 930 2371 290 
4716 2234 2484 1205 
4717 1570 2367 1566 
4718 787 2372 1860 
4719 1541 2411 1412 
4720 410 2468 2350 
4721 2217 2445 233 
4722 1366 2414 2377 
4723 1493 2454 1081 
4724 1652 2377 2356 
4725 1863 2382 235 
4726 398 2561 2376 
4727 233 2460 1715 
4728 715 2369 718 
4729 1654 2349 2336 
4730 1497 2346 1129 
4731 1859 2374 760 
4732 1805 2502 1169 
4733 1947 2555 2296 
4734 238 2572 187 
4735 194 2392 239 
4736 1401 2354 1302 
4737 1482 2412 1643 
4738 2369 2375 718 
4739 406 2492 2360 
4740 2190 2365 734 
4741 718 2375 721 
4742 1079 2373 1224 
4743 1411 2386 1554 
4744 402 2521 2364 
4745 1562 2382 1349 
4746 1249 2305 2270 
4747 1986 2509 1509 
4748 1656 2397 215 
4749 2227 2449 278 
4750 1590 2416 1589 
4751 2356 2377 201 
4752 1497 2473 2418 
4753 1363 2389 2194 
4754 1888 2380 1885 
4755 2166 2532 2167 
4756 1413 2365 1359 
4757 2423 2462 273 
4758 1802 2487 2282 
4759 2314 2407 2076 
4760 239 2394 193 
4761 2380 2541 724 
4762 1367 2383 1369 
4763 1949 2520 230 
4764 2034 2412 2363 
4765 388 2381 754 
4766 2383 2391 1369 
4767 275 2469 2398 
4768 2219 2415 2218 
4769 1923 2476 2373 
4770 1530 2437 1529 
4771 1988 2379 2060 
4772 2374 2519 1429 
4773 2317 2562 2081 
4774 2294 2504 1847 
4775 201 2377 2042 
4776 1413 2403 2365 
4777 2025 2385 688 
4778 622 2438 2139 
4779 1404 2429 1603 
4780 2528 2571 1929 
4781 2248 2359 954 
4782 2344 2513 1489 
4783 2362 2554 260 
4784 163 2399 162 
4785 2014 2388 1646 
4786 1369 2391 2046 
4787 1421 2390 1422 
4788 2001 2420 1425 
4789 1799 2410 1590 
4790 215 2405 126 
4791 15 2393 14 
4792 2438 2453 2139 
4793 1100 2387 1076 
4794 1381 2408 1102 
4795 2027 2509 1986 
4796 195 2392 194 
4797 1751 2420 2001 
4798 1584 2499 1546 
4799 2048 2417 901 
4800 1569 2395 1567 
4801 228 2551 1752 
4802 1739 2520 1738 
4803 1384 2396 1402 
4804 2165 2450 1288 
4805 2472 2490 1600 
4806 1465 2464 1463 
4807 2404 2467 2184 
4808 1409 2456 2003 
4809 817 2428 2226 
4810 1463 2430 1416 
4811 193 2394 192 
4812 2395 2406 1567 
4813 80 2409 79 
4814 2336 2427 1828 
4815 1253 2378 1251 
4816 1567 2406 1568 
4817 2429 2472 1603 
4818 2396 2419 1402 
4819 2210 2449 2272 
4820 1416 2403 1413 
4821 260 2554 2279 
4822 2377 2414 2042 
4823 2072 2459 1801 
4824 2320 2578 220 
4825 265 2411 2008 
4826 166 2431 165 
4827 165 2511 164 
4828 726 2546 1612 
4829 1346 2413 2029 
4830 1851 2507 366 
4831 734 2403 2154 
4832 1598 2512 2456 
4833 1560 2570 1623 
4834 2107 2455 274 
4835 366 2490 2058 
4836 2316 2562 2091 
4837 1620 2493 2436 
4838 1922 2571 2528 
4839 2309 2401 2197 
4840 2042 2414 268 
4841 1351 2556 2546 
4842 1646 2576 1719 
4843 1402 2419 1404 
4844 239 2543 2221 
4845 2274 2498 207 
4846 1769 2575 1767 
4847 1546 2499 1544 
4848 1719 2569 1646 
4849 366 2507 2490 
4850 2193 2478 1960 
4851 908 2421 1363 
4852 1288 2450 2307 
4853 2076 2407 998 
4854 1269 2459 2072 
4855 55 2422 54 
4856 2163 2402 1451 
4857 2368 2496 439 
4858 192 2461 191 
4859 2325 2356 201 
4860 1603 2472 1600 
4861 2402 2405 1451 
4862 1510 2513 1112 
4863 2059 2434 600 
4864 911 2436 913 
4865 410 2424 411 
4866 13 2425 2 
4867 1763 2444 1762 
4868 2548 2557 1617 
4869 2095 2534 2096 
4870 186 2469 185 
4871 227 2442 2211 
4872 2029 2426 1342 
4873 2059 2457 2434 
4874 2197 2401 1205 
4875 207 2498 2271 
4876 2182 2485 757 
4877 214 2533 2390 
4878 827 2432 829 
4879 1948 2437 252 
4880 190 2462 189 
4881 1351 2546 1535 
4882 2094 2455 2107 
4883 2250 2404 1238 
4884 1645 2569 1228 
4885 1373 2478 2193 
4886 2407 2441 998 
4887 1228 2569 1719 
4888 1168 2471 2074 
4889 1637 2517 1473 
4890 1463 2464 2430 
4891 2338 2424 1490 
4892 2139 2453 817 
4893 2414 2447 268 
4894 2346 2352 1129 
4895 164 2511 237 
4896 1478 2548 1617 
4897 2444 2567 270 
4898 998 2441 2186 
4899 1502 2440 1410 
4900 2231 2423 1557 
4901 2491 2515 1512 
4902 1960 2448 254 
4903 273 2462 190 
4904 1690 2508 2295 
4905 2093 2567 1763 
4906 2419 2429 1404 
4907 1557 2423 1464 
4908 275 2470 2108 
4909 1168 2488 2471 
4910 1381 2453 2438 
4911 2347 2525 1724 
4912 1427 2446 1297 
4913 1445 2466 1765 
4914 198 2508 2027 
4915 242 2497 2311 
4916 2218 2415 273 
4917 2065 2467 1399 
4918 1393 2495 2219 
4919 268 2447 2045 
4920 994 2452 2343 
4921 2348 2533 214 
4922 2279 2554 1481 
4923 31 2458 30 
4924 1920 2556 1351 
4925 1920 2564 2556 
4926 1094 2564 1920 
4927 1957 2442 227 
4928 240 2451 2303 
4929 1491 2454 1492 
4930 1094 2571 2564 
4931 2302 2435 280 
4932 250 2549 2393 
4933 1828 2475 1064 
4934 153 2465 152 
4935 365 2496 363 
4936 2403 2430 2154 
4937 1929 2571 1094 
4938 2219 2495 1465 
4939 406 2468 407 
4940 2394 2461 192 
4941 1703 2453 1381 
4942 1620 2475 1621 
4943 1513 2445 1519 
4944 2408 2438 1702 
4945 2154 2430 939 
4946 2465 2474 152 
4947 2430 2464 939 
4948 1073 2459 1269 
4949 790 2481 627 
4950 378 2544 2522 
4951 1449 2528 1929 
4952 2065 2526 2467 
4953 782 2457 2059 
4954 2546 2556 1612 
4955 1887 2476 1884 
4956 152 2474 151 
4957 1483 2486 1227 
4958 230 2520 2355 
4959 1568 2482 2050 
4960 1933 2483 1931 
4961 1933 2489 2483 
4962 261 2514 1971 
4963 1420 2497 1421 
4964 1647 2549 1500 
4965 2067 2478 1373 
4966 2547 2577 1824 
4967 1437 2503 1509 
4968 2441 2480 2186 
4969 2350 2468 1734 
4970 2447 2477 2045 
4971 2467 2526 1630 
4972 1600 2490 1488 
4973 1617 2557 1615 
4974 1520 2470 2253 
4975 271 2562 2317 
4976 2333 2442 1282 
4977 191 2461 277 
4978 1439 2489 1933 
4979 655 2547 1824 
4980 1847 2504 1542 
4981 1416 2430 2403 
4982 1465 2495 2464 
4983 2211 2442 2333 
4984 2282 2487 1334 
4985 1439 2501 2489 
4986 402 2492 403 
4987 1623 2565 1605 
4988 1806 2542 244 
4989 247 2573 1810 
4990 2045 2477 224 
4991 2490 2507 1488 
4992 1440 2501 1439 
4993 2184 2467 1630 
4994 1719 2576 1718 
4995 1164 2537 1456 
4996 148 2500 147 
4997 2271 2498 1458 
4998 1169 2488 1168 
4999 245 2553 1807 
5000 1544 2493 1545 
5001 1169 2502 2488 
5002 2226 2428 1303 
5003 2055 2505 266 
5004 1334 2487 1284 
5005 361 2506 374 
5006 1516 2578 2320 
5007 932 2491 1423 
5008 187 2572 186 
5009 1893 2543 2275 
5010 2426 2573 2017 
5011 2500 2510 147 
5012 1458 2498 2024 
5013 1481 2554 1746 
5014 2399 2400 162 
5015 1488 2507 1429 
5016 2540 2542 1806 
5017 2145 2534 1006 
5018 1804 2531 1805 
5019 939 2464 2181 
5020 217 2558 2540 
5021 189 2462 2231 
5022 2100 2570 473 
5023 2550 2557 205 
5024 2456 2512 829 
5025 147 2510 146 
5026 217 2540 1806 
5027 2553 2558 1807 
5028 1107 2559 1271 
5029 1454 2516 1452 
5030 1454 2524 2516 
5031 1503 2578 1516 
5032 398 2521 399 
5033 829 2512 2040 
5034 2222 2461 2394 
5035 2096 2455 2094 
5036 2361 2387 1702 
5037 1459 2524 1454 
5038 1482 2433 2417 
5039 1807 2558 217 
5040 1459 2530 2524 
5041 1630 2526 1631 
5042 274 2431 166 
5043 1130 2519 1389 
5044 1461 2530 1459 
5045 1512 2515 1513 
5046 1461 2535 2530 
5047 139 2550 205 
5048 673 2518 1816 
5049 2227 2451 2165 
5050 1038 2523 1241 
5051 1467 2535 1461 
5052 1509 2536 1508 
5053 1467 2545 2535 
5054 491 2494 500 
5055 1746 2554 2362 
5056 1469 2545 1467 
5057 141 2538 140 
5058 1201 2484 1203 
5059 2435 2440 280 
5060 1479 2566 1478 
5061 2221 2543 1893 
5062 394 2561 395 
5063 714 2541 716 
5064 1612 2556 1457 
5065 1457 2564 1921 
5066 1824 2577 753 
5067 2564 2571 1921 
5068 2556 2564 1457 
5069 2360 2492 1732 
5070 1921 2571 1922 
5071 744 2526 2065 
5072 213 2555 1947 
5073 26 2560 25 
5074 1301 2529 1082 
5075 1410 2479 1106 
5076 2181 2495 1393 
5077 104 2574 103 
5078 2186 2480 1132 
5079 1072 2527 1420 
5080 2240 2528 1449 
5081 2295 2508 198 
5082 1484 2555 2342 
5083 1301 2568 2529 
5084 263 2427 2336 
5085 1515 2568 1301 
5086 1423 2491 2480 
5087 1646 2569 1645 
5088 2363 2412 1210 
5089 2274 2482 1568 
5090 1497 2418 2346 
5091 2090 2525 222 
5092 2044 2563 267 
5093 2464 2495 2181 
5094 2373 2476 1224 
5095 2092 2567 2093 
5096 773 2565 2100 
5097 2126 2544 1518 
5098 1945 2482 2274 
5099 2364 2521 1730 
5100 2311 2497 1420 
5101 1478 2566 2548 
5102 266 2505 2292 
5103 2450 2451 240 
5104 2003 2456 2432 
5105 2091 2562 271 
5106 2272 2449 1424 
5107 2435 2552 2440 
5108 2343 2452 1438 
5109 1859 2519 2374 
5110 1450 2514 2289 
5111 2272 2551 228 
5112 2289 2514 261 
5113 1401 2443 2354 
5114 1519 2532 2166 
5115 2275 2543 2392 
5116 1888 2541 2380 
5117 2265 2533 1434 
5118 2376 2561 1728 
5119 2212 2513 1510 
5120 2417 2433 901 
5121 2342 2555 213 
5122 2165 2451 2450 
5123 1381 2438 2408 
5124 222 2525 2347 
5125 1434 2533 2348 
5126 2398 2469 2230 
5127 1690 2536 2509 
5128 2432 2456 829 
5129 1708 2496 2368 
5130 2355 2520 1739 
5131 2393 2549 1647 
5132 2231 2462 2423 
5133 2445 2460 233 
5134 1690 2509 2508 
5135 1410 2552 2479 
5136 2388 2576 1646 
5137 2469 2572 2230 
5138 2440 2552 1410 
5139 2436 2493 913 
5140 1518 2544 2463 
5141 267 2563 2416 
5142 2509 2536 1509 
5143 2392 2543 239 
5144 2463 2544 378 
5145 2508 2509 2027 
5146 186 2572 2469 
5147 1752 2551 2420 
5148 1475 2552 2435 
5149 1763 2567 2444 
5150 1810 2573 2426 
5151 1456 2537 2518 
5152 2518 2537 1816 
5153 2553 2566 1479 
5154 245 2566 2553 
$EndElements
