$MeshFormat
2.2 0 8
$EndMeshFormat
$PhysicalNames
3
1 102 "BCout"
1 103 "BCin"
2 101 "domain0"
$EndPhysicalNames
$Nodes
5641
1 -0.4 0 0
2 -0.5 0.09999999999999998 0
3 -0.4 1 0
4 -0.5 0.9 0
5 -0.1 1 0
6 0 0.9 0
7 0.1 0.5 0
8 0 0.6 0
9 0.4 0.5 0
10 0.5 0.4 0
11 0.4 0 0
12 0.5 0.09999999999999998 0
13 1 1.5 0
14 -1 1.5 0
15 1 -0.5 0
16 -1 -0.5 0
17 -0.5 0.1205128205128205 0
18 -0.5 0.1410256410256411 0
19 -0.5 0.1615384615384616 0
20 -0.5 0.1820512820512822 0
21 -0.5 0.2025641025641027 0
22 -0.5 0.2230769230769233 0
23 -0.5 0.2435897435897438 0
24 -0.5 0.2641025641025644 0
25 -0.5 0.2846153846153849 0
26 -0.5 0.3051282051282055 0
27 -0.5 0.325641025641026 0
28 -0.5 0.3461538461538466 0
29 -0.5 0.3666666666666671 0
30 -0.5 0.3871794871794876 0
31 -0.5 0.4076923076923081 0
32 -0.5 0.4282051282051286 0
33 -0.5 0.4487179487179491 0
34 -0.5 0.4692307692307696 0
35 -0.5 0.4897435897435901 0
36 -0.5 0.5102564102564106 0
37 -0.5 0.5307692307692311 0
38 -0.5 0.5512820512820517 0
39 -0.5 0.5717948717948722 0
40 -0.5 0.5923076923076926 0
41 -0.5 0.6128205128205132 0
42 -0.5 0.6333333333333337 0
43 -0.5 0.6538461538461542 0
44 -0.5 0.6743589743589746 0
45 -0.5 0.6948717948717952 0
46 -0.5 0.7153846153846157 0
47 -0.5 0.7358974358974362 0
48 -0.5 0.7564102564102566 0
49 -0.5 0.7769230769230772 0
50 -0.5 0.7974358974358976 0
51 -0.5 0.8179487179487182 0
52 -0.5 0.8384615384615386 0
53 -0.5 0.858974358974359 0
54 -0.5 0.8794871794871796 0
55 -0.3842105263157895 1 0
56 -0.368421052631579 1 0
57 -0.3526315789473685 1 0
58 -0.3368421052631581 1 0
59 -0.3210526315789475 1 0
60 -0.305263157894737 1 0
61 -0.2894736842105264 1 0
62 -0.2736842105263159 1 0
63 -0.2578947368421054 1 0
64 -0.2421052631578949 1 0
65 -0.2263157894736843 1 0
66 -0.2105263157894738 1 0
67 -0.1947368421052632 1 0
68 -0.1789473684210527 1 0
69 -0.1631578947368422 1 0
70 -0.1473684210526316 1 0
71 -0.1315789473684211 1 0
72 -0.1157894736842106 1 0
73 0 0.8842105263157896 0
74 0 0.868421052631579 0
75 0 0.8526315789473685 0
76 0 0.8368421052631581 0
77 0 0.8210526315789475 0
78 0 0.805263157894737 0
79 0 0.7894736842105264 0
80 0 0.773684210526316 0
81 0 0.7578947368421054 0
82 0 0.7421052631578948 0
83 0 0.7263157894736842 0
84 0 0.7105263157894738 0
85 0 0.6947368421052632 0
86 0 0.6789473684210527 0
87 0 0.6631578947368422 0
88 0 0.6473684210526316 0
89 0 0.631578947368421 0
90 0 0.6157894736842106 0
91 0.1157894736842105 0.5 0
92 0.131578947368421 0.5 0
93 0.1473684210526315 0.5 0
94 0.163157894736842 0.5 0
95 0.1789473684210525 0.5 0
96 0.194736842105263 0.5 0
97 0.2105263157894736 0.5 0
98 0.2263157894736841 0.5 0
99 0.2421052631578946 0.5 0
100 0.2578947368421052 0.5 0
101 0.2736842105263158 0.5 0
102 0.2894736842105262 0.5 0
103 0.3052631578947368 0.5 0
104 0.3210526315789474 0.5 0
105 0.3368421052631578 0.5 0
106 0.3526315789473684 0.5 0
107 0.368421052631579 0.5 0
108 0.3842105263157894 0.5 0
109 0.5 0.3842105263157895 0
110 0.5 0.368421052631579 0
111 0.5 0.3526315789473685 0
112 0.5 0.3368421052631581 0
113 0.5 0.3210526315789475 0
114 0.5 0.305263157894737 0
115 0.5 0.2894736842105264 0
116 0.5 0.2736842105263159 0
117 0.5 0.2578947368421054 0
118 0.5 0.2421052631578949 0
119 0.5 0.2263157894736843 0
120 0.5 0.2105263157894738 0
121 0.5 0.1947368421052632 0
122 0.5 0.1789473684210527 0
123 0.5 0.1631578947368422 0
124 0.5 0.1473684210526316 0
125 0.5 0.1315789473684211 0
126 0.5 0.1157894736842106 0
127 0.3794871794871795 0 0
128 0.3589743589743589 0 0
129 0.3384615384615384 0 0
130 0.3179487179487178 0 0
131 0.2974358974358973 0 0
132 0.2769230769230767 0 0
133 0.2564102564102562 0 0
134 0.2358974358974356 0 0
135 0.215384615384615 0 0
136 0.1948717948717945 0 0
137 0.1743589743589739 0 0
138 0.1538461538461534 0 0
139 0.1333333333333329 0 0
140 0.1128205128205124 0 0
141 0.09230769230769187 0 0
142 0.07179487179487143 0 0
143 0.05128205128205093 0 0
144 0.03076923076923044 0 0
145 0.01025641025640994 0 0
146 -0.01025641025641055 0 0
147 -0.0307692307692311 0 0
148 -0.05128205128205165 0 0
149 -0.07179487179487215 0 0
150 -0.0923076923076927 0 0
151 -0.1128205128205132 0 0
152 -0.1333333333333337 0 0
153 -0.1538461538461542 0 0
154 -0.1743589743589746 0 0
155 -0.1948717948717952 0 0
156 -0.2153846153846157 0 0
157 -0.2358974358974362 0 0
158 -0.2564102564102566 0 0
159 -0.2769230769230772 0 0
160 -0.2974358974358976 0 0
161 -0.3179487179487182 0 0
162 -0.3384615384615386 0 0
163 -0.358974358974359 0 0
164 -0.3794871794871796 0 0
165 -0.4974927912181824 0.9222520933956314 0
166 -0.490096886790242 0.9433883739117557 0
167 -0.4781831482468031 0.9623489801858732 0
168 -0.4623489801858736 0.9781831482468029 0
169 -0.443388373911756 0.9900968867902418 0
170 -0.4222520933956316 0.9974927912181824 0
171 -0.07774790660436859 0.9974927912181824 0
172 -0.05661162608824431 0.990096886790242 0
173 -0.03765101981412683 0.9781831482468031 0
174 -0.02181685175319717 0.9623489801858736 0
175 -0.00990311320975816 0.9433883739117559 0
176 -0.002507208781817691 0.9222520933956315 0
177 0.002507208781817635 0.5777479066043685 0
178 0.009903113209758105 0.5566116260882441 0
179 0.02181685175319707 0.5376510198141266 0
180 0.03765101981412675 0.5218168517531969 0
181 0.05661162608824429 0.509903113209758 0
182 0.07774790660436859 0.5025072087818176 0
183 0.4222520933956314 0.4974927912181824 0
184 0.4433883739117557 0.490096886790242 0
185 0.4623489801858732 0.4781831482468031 0
186 0.4781831482468029 0.4623489801858735 0
187 0.4900968867902419 0.4433883739117559 0
188 0.4974927912181824 0.4222520933956316 0
189 0.4974927912181824 0.07774790660436852 0
190 0.4900968867902419 0.05661162608824414 0
191 0.4781831482468029 0.03765101981412658 0
192 0.4623489801858733 0.02181685175319693 0
193 0.4433883739117557 0.009903113209758035 0
194 0.4222520933956314 0.002507208781817635 0
195 -0.4222520933956315 0.002507208781817635 0
196 -0.4433883739117558 0.009903113209758105 0
197 -0.4623489801858734 0.02181685175319709 0
198 -0.4781831482468031 0.03765101981412677 0
199 -0.4900968867902419 0.05661162608824425 0
200 -0.4974927912181824 0.07774790660436862 0
201 0.9661016949152542 1.5 0
202 0.9322033898305084 1.5 0
203 0.8983050847457628 1.5 0
204 0.864406779661017 1.5 0
205 0.8305084745762712 1.5 0
206 0.7966101694915254 1.5 0
207 0.7627118644067796 1.5 0
208 0.728813559322034 1.5 0
209 0.6949152542372881 1.5 0
210 0.6610169491525424 1.5 0
211 0.6271186440677966 1.5 0
212 0.5932203389830508 1.5 0
213 0.5593220338983051 1.5 0
214 0.5254237288135593 1.5 0
215 0.4915254237288136 1.5 0
216 0.4576271186440678 1.5 0
217 0.423728813559322 1.5 0
218 0.3898305084745762 1.5 0
219 0.3559322033898306 1.5 0
220 0.3220338983050848 1.5 0
221 0.288135593220339 1.5 0
222 0.2542372881355932 1.5 0
223 0.2203389830508474 1.5 0
224 0.1864406779661016 1.5 0
225 0.152542372881356 1.5 0
226 0.1186440677966102 1.5 0
227 0.0847457627118644 1.5 0
228 0.05084745762711862 1.5 0
229 0.01694915254237284 1.5 0
230 -0.01694915254237284 1.5 0
231 -0.05084745762711873 1.5 0
232 -0.0847457627118644 1.5 0
233 -0.1186440677966101 1.5 0
234 -0.152542372881356 1.5 0
235 -0.1864406779661016 1.5 0
236 -0.2203389830508475 1.5 0
237 -0.2542372881355932 1.5 0
238 -0.2881355932203389 1.5 0
239 -0.3220338983050848 1.5 0
240 -0.3559322033898304 1.5 0
241 -0.3898305084745763 1.5 0
242 -0.423728813559322 1.5 0
243 -0.4576271186440677 1.5 0
244 -0.4915254237288136 1.5 0
245 -0.5254237288135593 1.5 0
246 -0.5593220338983051 1.5 0
247 -0.5932203389830508 1.5 0
248 -0.6271186440677967 1.5 0
249 -0.6610169491525424 1.5 0
250 -0.6949152542372881 1.5 0
251 -0.728813559322034 1.5 0
252 -0.7627118644067796 1.5 0
253 -0.7966101694915255 1.5 0
254 -0.8305084745762712 1.5 0
255 -0.8644067796610169 1.5 0
256 -0.8983050847457628 1.5 0
257 -0.9322033898305084 1.5 0
258 -0.9661016949152543 1.5 0
259 1 -0.4661016949152542 0
260 1 -0.4322033898305085 0
261 1 -0.3983050847457627 0
262 1 -0.364406779661017 0
263 1 -0.3305084745762712 0
264 1 -0.2966101694915254 0
265 1 -0.2627118644067796 0
266 1 -0.2288135593220339 0
267 1 -0.1949152542372881 0
268 1 -0.1610169491525424 0
269 1 -0.1271186440677966 0
270 1 -0.09322033898305082 0
271 1 -0.05932203389830509 0
272 1 -0.02542372881355931 0
273 1 0.008474576271186418 0
274 1 0.0423728813559322 0
275 1 0.07627118644067798 0
276 1 0.1101694915254238 0
277 1 0.1440677966101694 0
278 1 0.1779661016949152 0
279 1 0.211864406779661 0
280 1 0.2457627118644068 0
281 1 0.2796610169491526 0
282 1 0.3135593220338984 0
283 1 0.347457627118644 0
284 1 0.3813559322033898 0
285 1 0.4152542372881356 0
286 1 0.4491525423728814 0
287 1 0.4830508474576272 0
288 1 0.5169491525423728 0
289 1 0.5508474576271187 0
290 1 0.5847457627118644 0
291 1 0.6186440677966101 0
292 1 0.652542372881356 0
293 1 0.6864406779661016 0
294 1 0.7203389830508475 0
295 1 0.7542372881355932 0
296 1 0.7881355932203389 0
297 1 0.8220338983050848 0
298 1 0.8559322033898304 0
299 1 0.8898305084745763 0
300 1 0.923728813559322 0
301 1 0.9576271186440677 0
302 1 0.9915254237288136 0
303 1 1.025423728813559 0
304 1 1.059322033898305 0
305 1 1.093220338983051 0
306 1 1.127118644067797 0
307 1 1.161016949152542 0
308 1 1.194915254237288 0
309 1 1.228813559322034 0
310 1 1.26271186440678 0
311 1 1.296610169491526 0
312 1 1.330508474576271 0
313 1 1.364406779661017 0
314 1 1.398305084745763 0
315 1 1.432203389830508 0
316 1 1.466101694915254 0
317 -1 1.466101694915254 0
318 -1 1.432203389830508 0
319 -1 1.398305084745763 0
320 -1 1.364406779661017 0
321 -1 1.330508474576271 0
322 -1 1.296610169491526 0
323 -1 1.26271186440678 0
324 -1 1.228813559322034 0
325 -1 1.194915254237288 0
326 -1 1.161016949152542 0
327 -1 1.127118644067797 0
328 -1 1.093220338983051 0
329 -1 1.059322033898305 0
330 -1 1.025423728813559 0
331 -1 0.9915254237288136 0
332 -1 0.9576271186440678 0
333 -1 0.923728813559322 0
334 -1 0.8898305084745762 0
335 -1 0.8559322033898306 0
336 -1 0.8220338983050848 0
337 -1 0.788135593220339 0
338 -1 0.7542372881355932 0
339 -1 0.7203389830508474 0
340 -1 0.6864406779661016 0
341 -1 0.652542372881356 0
342 -1 0.6186440677966102 0
343 -1 0.5847457627118644 0
344 -1 0.5508474576271186 0
345 -1 0.5169491525423728 0
346 -1 0.4830508474576272 0
347 -1 0.4491525423728813 0
348 -1 0.4152542372881356 0
349 -1 0.3813559322033899 0
350 -1 0.347457627118644 0
351 -1 0.3135593220338984 0
352 -1 0.2796610169491525 0
353 -1 0.2457627118644068 0
354 -1 0.2118644067796611 0
355 -1 0.1779661016949152 0
356 -1 0.1440677966101696 0
357 -1 0.1101694915254237 0
358 -1 0.07627118644067798 0
359 -1 0.04237288135593231 0
360 -1 0.008474576271186418 0
361 -1 -0.02542372881355925 0
362 -1 -0.05932203389830515 0
363 -1 -0.09322033898305082 0
364 -1 -0.1271186440677967 0
365 -1 -0.1610169491525424 0
366 -1 -0.1949152542372881 0
367 -1 -0.228813559322034 0
368 -1 -0.2627118644067796 0
369 -1 -0.2966101694915255 0
370 -1 -0.3305084745762712 0
371 -1 -0.3644067796610169 0
372 -1 -0.3983050847457628 0
373 -1 -0.4322033898305084 0
374 -1 -0.4661016949152543 0
375 -0.9661016949152542 -0.5 0
376 -0.9322033898305084 -0.5 0
377 -0.8983050847457628 -0.5 0
378 -0.864406779661017 -0.5 0
379 -0.8305084745762712 -0.5 0
380 -0.7966101694915254 -0.5 0
381 -0.7627118644067796 -0.5 0
382 -0.728813559322034 -0.5 0
383 -0.6949152542372881 -0.5 0
384 -0.6610169491525424 -0.5 0
385 -0.6271186440677966 -0.5 0
386 -0.5932203389830508 -0.5 0
387 -0.5593220338983051 -0.5 0
388 -0.5254237288135593 -0.5 0
389 -0.4915254237288136 -0.5 0
390 -0.4576271186440678 -0.5 0
391 -0.423728813559322 -0.5 0
392 -0.3898305084745762 -0.5 0
393 -0.3559322033898306 -0.5 0
394 -0.3220338983050848 -0.5 0
395 -0.288135593220339 -0.5 0
396 -0.2542372881355932 -0.5 0
397 -0.2203389830508474 -0.5 0
398 -0.1864406779661016 -0.5 0
399 -0.152542372881356 -0.5 0
400 -0.1186440677966102 -0.5 0
401 -0.0847457627118644 -0.5 0
402 -0.05084745762711862 -0.5 0
403 -0.01694915254237284 -0.5 0
404 0.01694915254237284 -0.5 0
405 0.05084745762711873 -0.5 0
406 0.0847457627118644 -0.5 0
407 0.1186440677966101 -0.5 0
408 0.152542372881356 -0.5 0
409 0.1864406779661016 -0.5 0
410 0.2203389830508475 -0.5 0
411 0.2542372881355932 -0.5 0
412 0.2881355932203389 -0.5 0
413 0.3220338983050848 -0.5 0
414 0.3559322033898304 -0.5 0
415 0.3898305084745763 -0.5 0
416 0.423728813559322 -0.5 0
417 0.4576271186440677 -0.5 0
418 0.4915254237288136 -0.5 0
419 0.5254237288135593 -0.5 0
420 0.5593220338983051 -0.5 0
421 0.5932203389830508 -0.5 0
422 0.6271186440677967 -0.5 0
423 0.6610169491525424 -0.5 0
424 0.6949152542372881 -0.5 0
425 0.728813559322034 -0.5 0
426 0.7627118644067796 -0.5 0
427 0.7966101694915255 -0.5 0
428 0.8305084745762712 -0.5 0
429 0.8644067796610169 -0.5 0
430 0.8983050847457628 -0.5 0
431 0.9322033898305084 -0.5 0
432 0.9661016949152543 -0.5 0
433 0.01418610763268352 0.8765968958083534 0
434 0.3763157894736842 0.5136740853229121 0
435 0.284046520903661 0.5122943677668685 0
436 0.9711744386232011 0.9728968552768704 0
437 0.4745307091422196 1.474231530942918 0
438 0.01377480059574318 0.7812352310250108 0
439 0.0137029427391908 0.7011026426858572 0
440 0.9744813772218217 0.8005992211432502 0
441 0.3054460756405177 1.472384026344857 0
442 0.2023399657930085 0.5127563835038051 0
443 0.5132272729675496 0.2978697131465567 0
444 0.5127573446246194 0.2182586859624149 0
445 0.5145185360526503 0.1395185753345897 0
446 0.5143951900503696 0.376520559003496 0
447 -0.2024448693804389 1.012127356691954 0
448 -0.2806620987263672 1.012696498640407 0
449 -0.3604710550383699 1.01275165722156 0
450 -0.1236842105263158 1.013674085322912 0
451 0.9722251212248378 1.144253948158999 0
452 -0.9710829662277223 -0.1778676375961947 0
453 0.6779661016949152 -0.470643206651375 0
454 -0.677556603453964 1.47054947319319 0
455 0.1694850572184707 1.472207224984847 0
456 0.970643206651375 0.6694915254237288 0
457 -0.5201967788697422 0.498097039431315 0
458 -0.0002234861947630399 -0.01897550677930537 0
459 -0.517946411967963 0.4008550216808132 0
460 0.1047917124095983 -0.0171544331125173 0
461 -0.519235404331825 0.6021732404452059 0
462 -0.1027977991803175 -0.01752402400653486 0
463 -0.5177646236673731 0.2948717948717953 0
464 -0.5188054455875517 0.7067526860132821 0
465 0.2046656336101834 -0.01736846343197351 0
466 -0.2044763631511335 -0.01742953135547087 0
467 -0.5171789406446935 0.8090774917787702 0
468 -0.3070297790409973 -0.02106234840210364 0
469 -0.5185740208625483 0.1951110108925475 0
470 0.3094014079699296 -0.01903967910761128 0
471 -0.970867498520976 1.143742318739352 0
472 0.9707239417317701 -0.1431761919262385 0
473 -0.6441669291320599 -0.4708014885581844 0
474 0.6440677966101696 1.470643206651375 0
475 -0.03368664463966695 1.471442375374614 0
476 0.9732235944680185 0.4652753224243344 0
477 -0.4415531130245528 1.472698025989159 0
478 0.96952319644091 0.05844428390867595 0
479 0.1382580233630107 0.5151833059833818 0
480 -0.9710564056309283 -0.03975958183033856 0
481 0.5416207555778791 -0.4735564980194815 0
482 -0.2372881355932204 1.470643206651375 0
483 0.9716654277267005 0.2625738614296901 0
484 -0.9689416599258666 1.008621977118068 0
485 -0.5124313338407464 -0.4708268621914777 0
486 0.405171319485 -0.4700870220346771 0
487 -0.9707101709515882 0.09112270056082322 0
488 -0.970643206651375 0.8728813559322034 0
489 -0.3732910468446667 -0.4698546764601341 0
490 -0.9722840389865761 0.2269378101620676 0
491 0.271186440677966 -0.470643206651375 0
492 -0.9718051122391375 0.6711441329790366 0
493 -0.1667644632237262 -0.4677376936941641 0
494 -0.9753600825564506 0.4326014493699423 0
495 0.06779661016949157 -0.470643206651375 0
496 0.01318377334094562 0.6391920662536443 0
497 0.7836315515696313 1.467581745854196 0
498 -0.9707058968074436 1.279532238054913 0
499 -0.7796114473143377 -0.4724418865667938 0
500 0.9708815065329661 -0.2824161291528192 0
501 0.9683524379646774 1.283111045750003 0
502 -0.5432220246220726 1.470571033060375 0
503 0.9730004013566595 0.5669478893983591 0
504 -0.1351931424880028 1.470840478260999 0
505 -0.3386099583677936 1.471428794348109 0
506 0.06779839581230312 1.471455970642454 0
507 0.9709767353094586 -0.04213402192299132 0
508 0.9723783824623317 0.1628371347244552 0
509 0.9661875223572577 0.3603724310695905 0
510 -0.9722118130001711 0.5373152704587775 0
511 -0.970643206651375 0.3305084745762712 0
512 -0.03542092503247621 -0.4716688949797958 0
513 0.1704074345718626 -0.4702344916414478 0
514 -0.9721037344553314 0.7677710024287767 0
515 -0.2717876320402033 -0.4733019703827407 0
516 -0.7767923116388982 1.465215978869492 0
517 -0.9661581902314079 -0.2822340069490075 0
518 0.7796729012872535 -0.4713446557444204 0
519 0.3303656475217096 0.5133910660801928 0
520 0.01251157929647841 0.8290050639855386 0
521 -0.5179471219794231 0.1312264285038359 0
522 0.3709264308874746 -0.01815703986189454 0
523 -0.3701785296089378 -0.01738524062257518 0
524 -0.5189358010612892 0.8662696500831355 0
525 0.04212461602908894 0.5406598191946319 0
526 -0.88135593220339 1.470643206651375 0
527 0.9715151426194206 1.381226650180941 0
528 0.8813574451826283 -0.472349781972496 0
529 -0.9680439319175371 -0.3775004913529013 0
530 -0.9720258131348996 1.381355194053361 0
531 -0.879593129894195 -0.4716572315675684 0
532 0.9681118811949294 -0.3831051392792981 0
533 0.8823911908417991 1.468598775180658 0
534 -0.6096833295692776 1.470711964858335 0
535 -0.971998130952717 0.1610221419810075 0
536 0.3384825230461644 -0.4707071270434008 0
537 -0.9739278627385608 0.6022127942243837 0
538 -0.9696754047865697 0.02481876331468302 0
539 0.4758851674318049 -0.4722874072554677 0
540 -0.1053598797216399 -0.4691034269793813 0
541 -0.4432978065308342 -0.473402728487873 0
542 -0.9685716609059425 0.9398298974674155 0
543 0.9732935453828875 1.040010930304949 0
544 0.5406156477039687 1.471386040130512 0
545 0.4071536581509673 1.468669558997302 0
546 0.9687126174223797 0.9064929055048279 0
547 0.6092455278391372 -0.4645303259349604 0
548 -0.9708982439970637 -0.1105115370089007 0
549 -0.9720635425993095 1.076302353657907 0
550 -0.5751775174924871 -0.4693063266535606 0
551 0.2334857217606358 1.470447628205538 0
552 0.9746253517562402 0.7365129810062017 0
553 -0.7132175162945532 -0.4674926779871611 0
554 -0.9707071133709195 1.211398515929595 0
555 0.9708609165694346 -0.2116529012217955 0
556 0.9714624566024661 1.213272377152868 0
557 0.7122960215898969 1.47271850859402 0
558 0.1710526315789473 0.5136740853229121 0
559 0.2493411895884912 0.5138877548665407 0
560 0.01374273864196365 0.6706067595457199 0
561 0.01367408532291218 0.7342105263157896 0
562 0.1078947368421052 0.5136740853229121 0
563 0.01375564329807509 0.6078300985431525 0
564 -0.5193787205390598 0.662409102184117 0
565 -0.5173820628116115 0.2544981985817904 0
566 -0.5158324317796539 0.7680951578329391 0
567 -0.1610469345928619 -0.017188943284833 0
568 0.247628047100998 -0.01924228690284968 0
569 0.1666892537950861 -0.01737616124096086 0
570 -0.06050352921989571 -0.02089688578393378 0
571 -0.2670943711472918 -0.01638192734093846 0
572 -0.5173223714882972 0.4616892839555969 0
573 -0.5198919646744022 0.5610309227477176 0
574 -0.5180224368531043 0.357923011888727 0
575 0.06125551154067653 -0.01757771031002398 0
576 0.5130370734258909 0.17128671108463 0
577 0.5136740853229121 0.3289473684210528 0
578 0.5136740853229121 0.2657894736842107 0
579 -0.1551070468146802 1.013090746774007 0
580 -0.3132296192394928 1.01291413544369 0
581 -0.2368738889537371 1.012551343607009 0
582 0.02186247677469043 0.5733378788618135 0
583 0.07329314166328686 0.5219980766127434 0
584 -0.9500679129840912 1.470862171242817 0
585 -0.9481709232024954 -0.4682301128912684 0
586 0.9478361977041405 1.471403180958047 0
587 0.9692625570498548 -0.4460619701854829 0
588 -0.5770227881973609 1.471275048635039 0
589 -0.5937254085292036 1.442641116004007 0
590 -0.6258414219641237 1.441705694160842 0
591 -0.6093075044097663 1.413910882758167 0
592 -0.6414594815735025 1.413214489647211 0
593 -0.6248295926168841 1.385827183723431 0
594 -0.5931392059436793 1.386267596414686 0
595 -0.6085362048483203 1.358706528235278 0
596 -0.5776428274194793 1.359028262468175 0
597 -0.5925899451578466 1.33238625492835 0
598 -0.562324441292293 1.332576477132132 0
599 -0.5770574812317063 1.306340034298782 0
600 -0.5477072940149076 1.306682004142732 0
601 -0.6069970161858926 1.305912331224964 0
602 -0.5915741588976162 1.280208581590595 0
603 -0.4979267468630405 0.9648995013500985 0
604 -0.4380021024633718 1.014422128050726 0
605 -0.6210139242603243 1.279736411939828 0
606 -0.6057803538393107 1.254463831903983 0
607 -0.6343139050565954 1.253447777816561 0
608 -0.6208395393282933 1.229365549956679 0
609 -0.6483215063734979 1.227760649888637 0
610 -0.6351357032651435 1.20383029343219 0
611 -0.662421379730928 1.202284192416507 0
612 -0.6481023331108076 1.177816700776747 0
613 -0.5908657856131737 1.228673337157232 0
614 -0.6764416464299196 1.176939129042491 0
615 -0.6617665271928824 1.152560094334396 0
616 -0.6786245263598893 1.228214799712844 0
617 -0.6899624837408611 1.151529223342446 0
618 -0.6755417693222465 1.127361464347748 0
619 -0.7039411466048047 1.12649668456033 0
620 -0.6894077605450933 1.103767986997956 0
621 -0.6339972779247383 1.153448930702001 0
622 -0.7176509769051185 1.101676029580277 0
623 -0.6983395805225666 1.077280000484852 0
624 -0.7162400272493291 1.153815394562165 0
625 -0.7308080796839934 1.076614158603275 0
626 -0.7162208519209043 1.052179959851258 0
627 -0.7451747816014216 1.051559268933352 0
628 -0.7303437913325382 1.027402815838572 0
629 -0.703820603123525 1.027502557638964 0
630 -0.7157489219631863 1.003458536615042 0
631 -0.7436485654549005 1.002730976698305 0
632 -0.7288927226799435 0.9790172744595718 0
633 -0.7012125986665226 0.9797875598227478 0
634 -0.7142953829539014 0.9556191482193447 0
635 -0.7418819180716315 0.9545640127836359 0
636 -0.7271336976685081 0.9312124704979048 0
637 -0.7548193683055106 0.9299400449283526 0
638 -0.7398281958980555 0.9066491938142118 0
639 -0.7080871139516414 0.9071941771144436 0
640 -0.7236622502144388 0.8822485783450172 0
641 -0.7517104731260207 0.8821125957819625 0
642 -0.73694364754779 0.8589177862233839 0
643 -0.709288853120307 0.8584418940160496 0
644 -0.7222312375287767 0.8361031228270484 0
645 -0.7492111458142592 0.8346966880370355 0
646 -0.734245968017461 0.8120787174614029 0
647 -0.7075107865564624 0.8137773936598176 0
648 -0.7192519832532844 0.7897403105724381 0
649 -0.7462075751394709 0.7877735267106407 0
650 -0.7309571478479187 0.7653803162521621 0
651 -0.7581084266843092 0.7631930919430245 0
652 -0.7425861632697585 0.740801751428211 0
653 -0.7128854755857161 0.7425669649920352 0
654 -0.7276708843340574 0.7189399409046129 0
655 -0.7540412140527754 0.7162175063371577 0
656 -0.7385947605933074 0.6941528224724112 0
657 -0.7108693227905943 0.6966796374446194 0
658 -0.7235048250878302 0.6716606520043323 0
659 -0.7494905253110398 0.6693351057638736 0
660 -0.7339672704675043 0.6475876295189928 0
661 -0.7082734485909157 0.6497573120808482 0
662 -0.7184376137305214 0.6259903604937603 0
663 -0.7449387466035541 0.6232072598479336 0
664 -0.7290880206972199 0.6015616463411966 0
665 -0.7558265889962157 0.598549501351972 0
666 -0.7397433510757625 0.5768853085882971 0
667 -0.713255996313639 0.5799515138642186 0
668 -0.7237779361279926 0.5553878525196936 0
669 -0.7504467748406302 0.5521905897499486 0
670 -0.7342803971633165 0.5306306314406651 0
671 -0.7611539179448543 0.5272324734366344 0
672 -0.744719942169522 0.5056765585279228 0
673 -0.7136253093124635 0.5083730067677185 0
674 -0.7268668456891235 0.4829062354911176 0
675 -0.7547355148772061 0.4805616494130471 0
676 -0.7382420363246247 0.4592005673982341 0
677 -0.7104742814962446 0.4605524550717755 0
678 -0.7220917393896262 0.4383579616368047 0
679 -0.7485903439938368 0.4345462874054583 0
680 -0.7320669215832822 0.4134626117466608 0
681 -0.7587030332179837 0.4095357412909728 0
682 -0.7419192047041729 0.388419555649461 0
683 -0.7155525926486086 0.3923795440165765 0
684 -0.7252472852946186 0.3674737113118154 0
685 -0.751785786010577 0.3633769652947263 0
686 -0.7349096913627471 0.3423881717763776 0
687 -0.7616300243375145 0.3380837299310455 0
688 -0.7444901984104982 0.3171212279347309 0
689 -0.7135019699258486 0.3209661047027598 0
690 -0.7258873637799411 0.2950513066916748 0
691 -0.7536121479414636 0.2917453276024792 0
692 -0.7364508907948624 0.2709945666405437 0
693 -0.708668560975225 0.2724402940848314 0
694 -0.718959875492717 0.2494624738411727 0
695 -0.7458679026587821 0.2458545742103233 0
696 -0.7286697004672659 0.2255868090219271 0
697 -0.7552316201311553 0.2206882439404653 0
698 -0.7377144652166826 0.2000933907096015 0
699 -0.7113716378977815 0.2049812092084459 0
700 -0.7202390452234488 0.1796433237917248 0
701 -0.7468197064511464 0.1745537672594346 0
702 -0.7290685996138438 0.1539864457441867 0
703 -0.7559332210012086 0.1487020142683501 0
704 -0.7378660514147974 0.1280589419382224 0
705 -0.7108823837386891 0.1329024164783088 0
706 -0.7196274181636062 0.1072346201903442 0
707 -0.7465844922131393 0.1020656481782307 0
708 -0.7283723064403602 0.08144269333125992 0
709 -0.7014752495198402 0.08676603510121289 0
710 -0.7100519764215457 0.06104593542686104 0
711 -0.7371741323951109 0.0552018921613408 0
712 -0.718552367222686 0.03448090897322165 0
713 -0.7460242503524028 0.02849629607820325 0
714 -0.7270429345206953 0.007580203526355689 0
715 -0.4646112777576972 -0.001072182787306586 0
716 -0.4997295259115221 0.03733473626534567 0
717 -0.6997460848761463 0.01455895851821098 0
718 -0.7078495778541523 -0.01262070971927343 0
719 -0.735570156540674 -0.01945404241543924 0
720 -0.7163129036892706 -0.04040668377180179 0
721 -0.6882189124663968 -0.03225211777703796 0
722 -0.6965315113468772 -0.06104034001063408 0
723 -0.724841584737975 -0.06793846429230754 0
724 -0.7050886762503983 -0.08901395112311239 0
725 -0.6769568531631106 -0.08240453024152317 0
726 -0.6851525753975661 -0.1099178143684845 0
727 -0.6573375774301113 -0.10338500555209 0
728 -0.6653892230804894 -0.1308144425943192 0
729 -0.637687764373528 -0.1243141250136828 0
730 -0.6457494383204991 -0.151703518197263 0
731 -0.6180935222400349 -0.1451871008650166 0
732 -0.6732220948705659 -0.1584221612708062 0
733 -0.6260583147586014 -0.1724473501063383 0
734 -0.5984739510450827 -0.1659802509952886 0
735 -0.6065738225915772 -0.1933825190989107 0
736 -0.5784408679433786 -0.1867466490879948 0
737 -0.7334870406988072 -0.09583481877150191 0
738 -0.5869078610707661 -0.2143593045410954 0
739 -0.5585437240270769 -0.2076196617967572 0
740 -0.6154165239483229 -0.2208269390355216 0
741 -0.5671128058861974 -0.2354679376852716 0
742 -0.5389771804033584 -0.2284804211527889 0
743 -0.5303235699552111 -0.2009804012971201 0
744 -0.5109970567492177 -0.221660936937687 0
745 -0.5027378442907964 -0.1946007473071991 0
746 -0.4834659682105084 -0.2149587936706632 0
747 -0.4757620796498412 -0.1881338588327903 0
748 -0.4564817869486532 -0.2082196295059708 0
749 -0.4641458059074127 -0.2351953423119646 0
750 -0.4370773885471249 -0.2281066897858582 0
751 -0.4295861277005275 -0.2014774895987383 0
752 -0.4103122863995555 -0.2210977826287613 0
753 -0.4028170197813415 -0.194965325182047 0
754 -0.3838444109166377 -0.2144544650003508 0
755 -0.3770290460268338 -0.1875175873131176 0
756 -0.3576854445721863 -0.2077819730045554 0
757 -0.3648244554265536 -0.233829363081365 0
758 -0.3386177042482165 -0.2269759960850283 0
759 -0.3315109388582243 -0.2010689688349989 0
760 -0.3125752715073738 -0.2200277076382627 0
761 -0.3056039973117574 -0.1942407242632247 0
762 -0.2866900515348038 -0.2131381920735274 0
763 -0.2936023470487482 -0.2391402049307005 0
764 -0.2676252294865128 -0.2318367083017645 0
765 -0.2607921557957847 -0.2058945594056659 0
766 -0.2418127962717751 -0.2245160793869365 0
767 -0.2349462627811395 -0.198993790995627 0
768 -0.2161797077275821 -0.2175009906074812 0
769 -0.2095170783404433 -0.1920422952539433 0
770 -0.1905638302587009 -0.2103740678506548 0
771 -0.1972433705290546 -0.2361811851329547 0
772 -0.1716252336695516 -0.2288270140617868 0
773 -0.1650837280890296 -0.2031454212232453 0
774 -0.1461612329661894 -0.2214205709022778 0
775 -0.1398989681364004 -0.195861900486177 0
776 -0.1208185812319876 -0.2140652834333101 0
777 -0.1270738363136509 -0.2398784741878891 0
778 -0.1015748446938796 -0.2321222271338721 0
779 -0.09538993273951843 -0.2063761924258602 0
780 -0.0761980453156957 -0.2243333627159103 0
781 -0.06998205258466211 -0.1988918378576999 0
782 -0.05096522738436585 -0.2168083969411612 0
783 -0.04515328274663985 -0.1914099404893479 0
784 -0.02597826930134143 -0.2091660881712261 0
785 -0.03181805306272412 -0.2349205887614729 0
786 -0.006562948730972976 -0.2270584735482123 0
787 -0.0008662949700563114 -0.2014173023786078 0
788 0.01855126364393302 -0.2191396459934547 0
789 0.02429533410593582 -0.1936280672689393 0
790 0.04375506310408585 -0.2111831347238966 0
791 0.03798692871128724 -0.2370336810849456 0
792 0.06319137376907115 -0.228874465622811 0
793 0.06882796814390379 -0.2031411685701917 0
794 0.08824471094341592 -0.2206628691290986 0
795 0.09370770954317059 -0.1950678840006839 0
796 0.1133421064720477 -0.2124179986993935 0
797 0.1078557672304391 -0.2383491508457265 0
798 0.1329755263983353 -0.2298986383589351 0
799 0.1383234715512084 -0.2040909227770358 0
800 0.1579426105587322 -0.2213985941585725 0
801 0.1636172114945645 -0.1967930825154023 0
802 0.1830346718574742 -0.2130457586905139 0
803 0.1777714917922163 -0.2388934546691417 0
804 0.2027976576470577 -0.2301607834183519 0
805 0.2078545656458977 -0.2042979193677654 0
806 0.2276527071645712 -0.2213553502214998 0
807 0.2323154218095587 -0.1956464555495887 0
808 0.2522965304899544 -0.2125441835750786 0
809 0.2476119619678925 -0.23858335239686 0
810 0.2725266083933473 -0.2295683049335659 0
811 0.2770706439689565 -0.203649954282498 0
812 0.2972994011453119 -0.2205084923377958 0
813 0.3018223803039227 -0.1947095006783199 0
814 0.3220087344462088 -0.2114983062966488 0
815 0.3175359558244834 -0.2375533355548567 0
816 0.3424193661722228 -0.2283240647140886 0
817 0.3467883164901994 -0.2022540343079215 0
818 0.367062743527407 -0.2187303911123508 0
819 0.371489266534399 -0.1929561597206673 0
820 0.3916173028289898 -0.2093260939671406 0
821 0.3959228698920462 -0.1836608129398014 0
822 0.4164199601428967 -0.2000546338265452 0
823 0.4113099907662612 -0.2261364024471346 0
824 0.4368276596553844 -0.2168320918766522 0
825 0.4412109541051727 -0.1904814730717141 0
826 0.4617680939138767 -0.2072170300536453 0
827 0.4659034156511118 -0.1808836987652482 0
828 0.4986304652489083 0.03457361894167155 0
829 0.4868228660557858 -0.1976266283616159 0
830 0.4910013010276837 -0.1724053129367831 0
831 0.5117298484036847 -0.188120456985582 0
832 0.5148517206795501 -0.1586942654438753 0
833 0.5365486064025023 -0.1777432338501943 0
834 0.540752129935806 -0.1515380701593951 0
835 0.5618826934568006 -0.1683294301447124 0
836 0.5660796634041452 -0.1414749646448414 0
837 0.5873545120552848 -0.158621809099921 0
838 0.5915276098817237 -0.1311479291095055 0
839 0.6130014208086363 -0.1487167388071953 0
840 0.617178775166578 -0.1210622020124696 0
841 0.6389661736482305 -0.1387452613042988 0
842 0.6430750342798447 -0.1111584108590142 0
843 0.6346594183184576 -0.1664852355209141 0
844 0.6611191439596278 -0.1563739706545699 0
845 0.6560500779861596 -0.185499570504577 0
846 0.6836018206080304 -0.1743818299965072 0
847 0.5334938888741811 -0.2048911909185687 0
848 0.6783975682499921 -0.2041077263919729 0
849 0.7055580687356227 -0.1939095955051219 0
850 0.7128017882673606 -0.165597079120078 0
851 0.4577943868040051 -0.2337491558790942 0
852 0.7017426069861645 -0.2222569231526759 0
853 0.6716101192204357 -0.2341808837406703 0
854 0.3381218152308996 -0.2548288709918776 0
855 0.7285256782349407 -0.2129918623048176 0
856 0.7248507441668111 -0.2413683175856618 0
857 -0.1080605390606863 -0.2582711886667435 0
858 -0.2747476995374378 -0.2581378320122241 0
859 -0.7603230002151865 1.076039817623565 0
860 -0.4449334279901079 -0.2552018532615382 0
861 0.6214124400636781 -0.0934875415070151 0
862 0.6470670062384822 -0.08369260445303539 0
863 -0.6098869511091883 -0.1180090706171693 0
864 -0.5474390266831154 -0.2564700538264933 0
865 -0.6568354273977461 1.385184669457743 0
866 0.4620109094958874 0.001524555135893058 0
867 0.7531642805211118 -0.2307668892363989 0
868 0.6256350385683106 -0.0664053925848076 0
869 0.6509879876850757 -0.05644816811355824 0
870 0.5146819641609333 0.08687756085581377 0
871 0.6293260680226884 -0.03854177906785505 0
872 0.6540670673712492 -0.02767084641341677 0
873 0.6762247666069041 -0.04602254797799699 0
874 0.6798438981527204 -0.01874350836057936 0
875 0.701908078839208 -0.035988347159286 0
876 0.7056135812690747 -0.008644582992643812 0
877 0.683554804909397 0.008674345860448518 0
878 0.7090818222440305 0.01852611310081409 0
879 0.6876662503216202 0.03500874943326043 0
880 0.7123623574129919 0.04514518044606713 0
881 0.6914897208030701 0.06114325532017184 0
882 0.7156556995117694 0.07120699006972209 0
883 0.6951820823666863 0.08690454122507302 0
884 0.7189647659133015 0.09684668689320863 0
885 0.6986025327938659 0.1121305477248777 0
886 0.7222311385042841 0.1221502447288856 0
887 0.7020882997189588 0.1374097567338007 0
888 0.7255085193499229 0.1472759785694433 0
889 0.7047344544788464 0.1624228763247066 0
890 0.7286414361701543 0.1722139209587039 0
891 0.7046271619416778 0.1900444505769738 0
892 0.7313002036617881 0.197465629701352 0
893 0.7122308709769573 0.2122937964822231 0
894 0.7351761909289576 0.2218174632497865 0
895 0.7163589665623468 0.2368242948112095 0
896 0.7382966480114747 0.2464607039319249 0
897 0.7196191481844827 0.2615480587322259 0
898 0.7412662113276421 0.2713878127560999 0
899 0.7219300367174593 0.2866093333006785 0
900 0.7450830509923259 0.2965842088300545 0
901 0.7250256130739879 0.3122529752033558 0
902 0.7490221110713133 0.3221878679422102 0
903 0.7298734697969175 0.3379706811272623 0
904 0.7529101517997 0.3482558498119483 0
905 0.7328342396160563 0.3643282644129503 0
906 0.756606196403506 0.3746789616581787 0
907 0.736708531958671 0.391094841858893 0
908 0.7603420884161918 0.4015465510947199 0
909 0.738734817155821 0.4178864273516029 0
910 0.7132844396656309 0.4071220132473733 0
911 0.7173025549638883 0.4340119610259295 0
912 0.7418441483188977 0.4448051002249807 0
913 0.7204040527662056 0.4609509173071756 0
914 0.4660847165848205 0.4997024291799195 0
915 0.4990606587957513 0.4648567807573977 0
916 0.7447864520789371 0.4719008606815405 0
917 0.722742704838565 0.4882184434094473 0
918 0.7477905777497323 0.4993327354186046 0
919 0.7257250822187971 0.5158019616118348 0
920 0.7512124736080852 0.5269431982789408 0
921 0.7287462449824678 0.5433765317445329 0
922 0.7033244348868731 0.5325320985551812 0
923 0.7060438402296292 0.5602361642361263 0
924 0.7315677501012299 0.5710359391789792 0
925 0.7090106221489034 0.5874896158079368 0
926 0.7345041626099349 0.5986316389144867 0
927 0.7119060651585755 0.6148340036311882 0
928 0.686615953636152 0.6036697336773352 0
929 0.6893811827810218 0.6308891662738734 0
930 0.6645171602188333 0.6195601232183133 0
931 0.6670649633153169 0.6467001070334597 0
932 0.6919877088549325 0.6582226161901142 0
933 0.6695121989810173 0.6741215562318408 0
934 0.6447504285868468 0.662629479371226 0
935 0.6471444173198942 0.6897643279031732 0
936 0.6227942902273984 0.6783918679193067 0
937 0.6251193678838649 0.704954915752303 0
938 0.6007824272632908 0.6930355225806457 0
939 0.6030119330365697 0.719284647963112 0
940 0.5792362479989884 0.7077231393999248 0
941 0.5816986327172373 0.7343847484262643 0
942 0.5585278324324141 0.7240048243589443 0
943 0.5604922068460447 0.7490564621559315 0
944 0.5379663387848764 0.7392988258950608 0
945 0.5397584582494199 0.7639778081815516 0
946 0.5170740499877329 0.7538590198952204 0
947 0.5189826826941462 0.7784621466092312 0
948 0.4965383703886802 0.7688198636677421 0
949 0.4986030915223781 0.7932219109187187 0
950 0.4758075699461393 0.7828314949173285 0
951 0.4781210967786646 0.8074937669119796 0
952 0.5009067248765833 0.8182496150863539 0
953 0.480179927422991 0.8327314756632919 0
954 0.5031924010353417 0.8435904451036969 0
955 0.4819929342228476 0.8583981003701812 0
956 0.5055097305779923 0.8693459788481978 0
957 0.4839915375787674 0.8843484467107682 0
958 0.4557323182266427 0.7969355116952967 0
959 0.5078724657034694 0.8954146793639165 0
960 0.4862466986925956 0.9104370055962188 0
961 0.4624026000641777 0.8993052692185197 0
962 0.464540716492079 0.9253160643586955 0
963 0.4880768657793041 0.937135040483051 0
964 0.4410052239064832 0.9141113565608879 0
965 0.4430321687374836 0.9400901065515299 0
966 0.4196489846371648 0.9289545385926283 0
967 0.4216522070946782 0.9547817871053113 0
968 0.3990968828166069 0.9448365873070386 0
969 0.400524027518927 0.9695950132566762 0
970 0.3743552881091171 0.9570459833532795 0
971 0.3783300189131411 0.9839803212589526 0
972 0.4025527514101673 0.9952468024120724 0
973 0.380549336899509 1.010197044975033 0
974 0.404908673167499 1.021464549288844 0
975 0.382994527525713 1.036505892157435 0
976 0.4071365132020646 1.048147892473327 0
977 0.3588055311969049 1.025006114752503 0
978 0.3609815335039013 1.05155071710401 0
979 0.3366521853909917 1.039980427681788 0
980 0.6254958526049107 0.7361724281942039 0
981 0.3388887610462766 1.066653281929164 0
982 0.3146446660748909 1.055124290557247 0
983 0.3167150064593285 1.081844910703557 0
984 0.2924233424630417 1.070259235960275 0
985 -0.03602887924380616 1.000204524854137 0
986 0.2944779443180304 1.097007096969074 0
987 0.3183405458818748 1.109339323452393 0
988 5.694841443539336e-05 0.9652828591331443 0
989 0.4533455618064156 0.7727570461637314 0
990 0.4338037238733553 0.7867189917738113 0
991 0.4316555115031596 0.7630222332949617 0
992 0.4125732808617537 0.7766190227185538 0
993 0.2708913924014381 1.086442503748082 0
994 0.2658381002318311 1.060508952269909 0
995 0.2722605301639307 1.112448101434264 0
996 0.4104669184793548 0.7536114443242441 0
997 0.3919638116241093 0.7665434291303397 0
998 0.2485868587241401 1.101885789017647 0
999 0.3898720432427577 0.7443316467149931 0
1000 0.3717604017022168 0.7569195834844504 0
1001 0.3698819049885469 0.7351728928473238 0
1002 0.3522243835943342 0.7475073573869937 0
1003 0.2497967626074424 1.127688602110147 0
1004 0.2253722313531868 1.11611437016539 0
1005 0.3503334404456864 0.7263133502964667 0
1006 0.3330756677683461 0.7383740964662479 0
1007 0.3875546161860373 0.7226272752242513 0
1008 0.3315124658182381 0.71672917650196 0
1009 0.3145863957744748 0.7287521035347945 0
1010 0.3160288557596994 0.7500435339305466 0
1011 0.2972207780557218 0.74131569071792 0
1012 0.2989435918682287 0.7618301966280903 0
1013 0.2804246133239152 0.7530566688682274 0
1014 0.2820389882144968 0.7734977388221536 0
1015 0.2636407038791013 0.7646615344113848 0
1016 0.2620697481044247 0.7445266960152335 0
1017 0.2651591112620505 0.7850943398092787 0
1018 0.2456735460821729 0.755681154277819 0
1019 0.2440203602024957 0.7361818529816465 0
1020 0.2279875883835289 0.747052929031061 0
1021 0.226357856299159 0.7279707434906745 0
1022 0.2271832826851876 1.142882885435289 0
1023 0.2025735820746609 1.131249854243165 0
1024 0.2045228298047101 1.158215309782477 0
1025 0.1800222837747712 1.146532624386307 0
1026 0.229977607890572 1.171118936155078 0
1027 0.2104913701102848 0.7389200774839643 0
1028 0.2090093849361001 0.7199488772255713 0
1029 0.2244796534734467 0.709044336080606 0
1030 0.2075038590002208 0.7011746702576906 0
1031 0.181957440840869 1.173785949000938 0
1032 0.1571865509099649 1.162085056603748 0
1033 0.2226713136101127 0.6904766426767931 0
1034 0.2059495956058892 0.6826476190932795 0
1035 0.6945947865511639 0.6859849436764111 0
1036 0.1920711245158922 0.7118239182773176 0
1037 0.2011525978207394 1.104723400954255 0
1038 0.2123518167114813 0.7613631515403507 0
1039 0.159101680921827 1.189278683070776 0
1040 0.1346470500040832 1.177915122977966 0
1041 0.5294919349812867 0.8802806778331079 0
1042 0.5370523383443803 0.7132144415740089 0
1043 0.2209041488540199 0.6721722484608021 0
1044 0.2045091741282739 0.6644398398208804 0
1045 0.136480676106191 1.205026325439225 0
1046 0.1118302270468648 1.193318632655828 0
1047 0.1629065312809607 1.216058691389081 0
1048 0.1347570192400692 1.152148765081637 0
1049 0.1138764274891151 1.220526870861693 0
1050 0.08944270925847725 1.209038963885449 0
1051 0.5987286089639097 0.6659344867918711 0
1052 0.7051254762463635 0.3294034293787695 0
1053 0.2192171646349657 0.6541054381859699 0
1054 0.6966334600773019 0.2294617543255368 0
1055 0.09130846156707591 1.23608661818461 0
1056 0.06692289838004953 1.224096728119115 0
1057 0.06474243400136194 1.197195448827152 0
1058 0.0429716628539216 1.21257929752744 0
1059 0.04481429004751295 1.23876710036863 0
1060 0.02092978934467008 1.227100578161225 0
1061 0.01902342675265082 1.200944396406191 0
1062 -0.002659894598681282 1.215709857264875 0
1063 -0.0007977812094740102 1.24164837566498 0
1064 -0.0240130513733639 1.229799418070393 0
1065 -0.02585785434401374 1.20444094944566 0
1066 -0.04692299072468235 1.218336073023633 0
1067 -0.04847418956927818 1.193478890763608 0
1068 -0.06926935388750383 1.207141717262853 0
1069 -0.06747454028819 1.232762032401504 0
1070 -0.09012873807853701 1.221406408141374 0
1071 -0.09086362289211083 1.195585399649123 0
1072 -0.1118934563980042 1.20895607320581 0
1073 -0.1116106067620007 1.237256512924015 0
1074 -0.1333496207583277 1.222363745167378 0
1075 -0.1336565888331902 1.197263294845514 0
1076 -0.1542820006665685 1.209831343212448 0
1077 -0.1545322188839666 1.236124982672415 0
1078 -0.1758618270364235 1.223880233006571 0
1079 -0.1750594353266851 1.197454519413703 0
1080 -0.1980432855651875 1.206547400817445 0
1081 -0.1971740192544405 1.235858664926041 0
1082 -0.2182726172205642 1.222091028016066 0
1083 -0.2211512660725544 1.197990661431876 0
1084 -0.2402715629581222 1.210893381803283 0
1085 -0.2377262787399337 1.234682116888858 0
1086 -0.2609599678204167 1.223144523548652 0
1087 -0.2582003819735116 1.19897167854857 0
1088 -0.2815993077740992 1.206348372611625 0
1089 -0.2826396786238063 1.234566923829701 0
1090 -0.3037362539706726 1.221671392914908 0
1091 -0.3048157415798623 1.194115974242058 0
1092 -0.324795648066562 1.208758668515714 0
1093 -0.3255601308197099 1.234040001267559 0
1094 -0.346499934717089 1.220987251061751 0
1095 -0.3454199672618532 1.195611248238596 0
1096 -0.3476901533873916 1.246074887313079 0
1097 -0.3670971346013406 1.207841676396857 0
1098 0.2029547714716398 0.6465842805404185 0
1099 0.188341047566304 0.6567195085242663 0
1100 0.2838029671240295 0.7940767732640426 0
1101 0.2665742377874223 0.8059354269731146 0
1102 0.7340119990294753 0.02906722218660002 0
1103 0.7454217327180244 0.1320104381292532 0
1104 0.1869421784198383 0.6390283691464242 0
1105 0.172437055934292 0.6490513042340772 0
1106 -0.3660843626643515 1.183662560232239 0
1107 -0.387637921920206 1.194939421321838 0
1108 0.7573965680108081 0.2342842426078418 0
1109 0.6806651476049869 0.1512510930829261 0
1110 0.6924505361278093 0.4267262344761444 0
1111 0.1710643729440485 0.6316142347239884 0
1112 0.156737158913108 0.6415092155502351 0
1113 0.2175629728623943 0.6363407700484954 0
1114 0.2337490962942439 0.6437957606585687 0
1115 0.2855740195442777 0.8150072021402249 0
1116 0.2680435082840275 0.8270466749748179 0
1117 0.1552609589775875 0.6243348453724091 0
1118 0.1412631856927195 0.6342794621049679 0
1119 0.1425414789632013 0.6512440389025898 0
1120 0.7680727924158586 0.3061506986297935 0
1121 -0.3870116585632347 1.169634097887635 0
1122 -0.4084547689729658 1.181548969571247 0
1123 -0.3670047083933708 1.156639170492317 0
1124 0.6714026341915491 0.07739915170812917 0
1125 -0.4094263660125306 1.206489485515992 0
1126 0.2320864243850694 0.6261107784961346 0
1127 0.2480873107562164 0.6332944027100604 0
1128 0.1271737685702012 0.6440769154828343 0
1129 0.1284039460159904 0.660864717774295 0
1130 0.3936477545449761 0.7892303502863263 0
1131 0.7486208855657173 -0.2606637877623258 0
1132 0.773339618025336 0.5108732601559686 0
1133 -0.06388022450053696 -0.1737523442344189 0
1134 -0.3976720961930201 -0.1671943005549326 0
1135 -0.2282818182609281 -0.173890508833051 0
1136 0.1403157063940471 0.617048246794809 0
1137 0.2874144985460716 0.8363262385975103 0
1138 0.2695323859547684 0.8484124468101372 0
1139 0.2507759861769594 0.8399518303412887 0
1140 0.2516536832633936 0.8605568484942658 0
1141 0.2330717065890689 0.8521641720969666 0
1142 0.2338599532900695 0.8724815658966045 0
1143 0.2142866098497559 0.8642106647487793 0
1144 0.2162373574402786 0.8842965744204361 0
1145 0.1962735846687917 0.8768018955387399 0
1146 0.1987757211234267 0.8960173142857639 0
1147 0.179502522931132 0.887911949614387 0
1148 0.1814067706369763 0.9078444851312066 0
1149 0.162744402803728 0.898567025614083 0
1150 0.1606949767508043 0.8800685351558937 0
1151 0.1642912077061184 0.919314616111785 0
1152 0.233538232929117 0.8947312780942394 0
1153 0.1457243179301297 0.9101873643383365 0
1154 0.1470754568813433 0.931026287429402 0
1155 0.1659554054328785 0.9402107854514961 0
1156 0.1481089573394996 0.9522764881290852 0
1157 0.3758853631938965 -0.167554373894277 0
1158 0.7818377741738651 0.3848360588781544 0
1159 -0.4303937813232934 1.193221907525595 0
1160 -0.4293700302215376 1.1680282804182 0
1161 -0.4944704984494205 -0.1681581974476117 0
1162 0.1704974708975124 0.6139043330162828 0
1163 0.4703754161763142 -0.154097822606611 0
1164 0.2465521951350758 0.615857742102764 0
1165 0.2624812032492015 0.622996653531554 0
1166 0.1284674707688907 0.9218048278261981 0
1167 0.1130695412856555 0.653609185617404 0
1168 0.1143401188896413 0.6703920571852309 0
1169 0.7777196870735985 -0.2494395682587327 0
1170 0.7824757862241999 -0.2185452237479707 0
1171 0.7730361502123234 -0.2801403380102109 0
1172 0.743609927512011 -0.2913222806728905 0
1173 0.1679099763591626 0.9618795912516582 0
1174 0.1491570501542179 0.9742453622272315 0
1175 0.5448414894711439 -0.1248127362621904 0
1176 -0.4514968113212721 1.179715911879649 0
1177 -0.4504405206052152 1.15441564405334 0
1178 -0.5330547302986199 1.332438453681176 0
1179 0.3945937491900782 0.9192809673097078 0
1180 0.564053584440439 0.7724331366491128 0
1181 0.4293624389879888 1.032748213956133 0
1182 0.431568434036874 1.059791764565554 0
1183 0.4541405197145036 1.044173551630947 0
1184 0.4569012591746638 1.070700940731576 0
1185 0.4793803914442036 1.055629369098365 0
1186 0.4815615152125425 1.083616250548698 0
1187 0.5048272373170282 1.067538963470097 0
1188 0.5077395901308691 1.094706358804249 0
1189 0.5308059750176874 1.079332934189722 0
1190 0.533156521214103 1.107885257366454 0
1191 0.5570895834868432 1.091333035259201 0
1192 0.5584037677107414 1.121369226094392 0
1193 0.5835621063391577 1.103695971918986 0
1194 0.5110497071097621 1.127502737475242 0
1195 0.585602158107394 1.133774207152281 0
1196 0.6104211785097021 1.116456417084209 0
1197 0.6129912544873917 1.146424967426113 0
1198 0.6377416000270718 1.129096556955284 0
1199 0.635129201402425 1.099016677213593 0
1200 0.6401937585904908 1.160226370836795 0
1201 0.5864150730851143 1.165742494886711 0
1202 0.6625321203562584 1.111829236581579 0
1203 0.6598743073981327 1.081565636271685 0
1204 0.6874315781486634 1.094454195034039 0
1205 0.684688612645225 1.064037112290841 0
1206 0.712434286018284 1.076879648196281 0
1207 0.7096086252061802 1.046447729685128 0
1208 0.7151794728593301 1.107527851956849 0
1209 0.6818927068112284 1.033634696789276 0
1210 0.7073694202206774 1.01690221141669 0
1211 0.734658960038039 1.028948769748375 0
1212 0.731692313542099 0.9985409071632461 0
1213 0.7057374497226387 0.9866721702710821 0
1214 0.7287978373672659 0.9682283432547919 0
1215 0.7025306309477219 0.9556664575360513 0
1216 0.7255644297080477 0.9381462316890388 0
1217 0.6985933068826458 0.9256949564942503 0
1218 0.7222177303297742 0.9083738923679078 0
1219 0.7525675924163395 0.9505465399419505 0
1220 0.6955825536788869 0.8960249439458263 0
1221 0.7194270131696388 0.8788405785000108 0
1222 0.5546414519284593 1.062971155653675 0
1223 0.6770269505335716 0.9436787374546657 0
1224 0.436282887984499 1.085186230792784 0
1225 -0.4316312825193283 1.218388884898001 0
1226 0.2888206188005642 0.8580585152840214 0
1227 0.2608718681137938 0.6056707523105558 0
1228 0.2769464838028905 0.6129570887720528 0
1229 0.2450538954910466 0.598437928548136 0
1230 -0.4727823573561606 1.166096844322358 0
1231 -0.471517007815049 1.140833629331176 0
1232 0.6047642034150604 -0.0491738018677581 0
1233 0.6085279330507212 -0.02327170135167012 0
1234 0.2777670107617352 0.6306196169664515 0
1235 0.2929418746513829 0.6201861887934643 0
1236 0.2912519726136666 0.6026671360399678 0
1237 0.3075627570544376 0.6098706403683827 0
1238 0.169387645802833 0.9842271628826804 0
1239 0.1505347929663304 0.9968297097414198 0
1240 0.1300532239702905 0.9865441835342512 0
1241 0.1312408708776986 1.00928489317152 0
1242 0.1880339557919326 0.9714961410507199 0
1243 0.692991267672425 0.867005824826552 0
1244 0.7168882018458713 0.8498285423238318 0
1245 0.7435089810108793 0.8618722761513152 0
1246 0.7406392383155029 0.8321690748821 0
1247 0.7677352938173683 0.8443459805968764 0
1248 0.7653232499086495 0.8152401101164474 0
1249 0.7921565775159999 0.8267913754811183 0
1250 0.791612559169249 0.7937058268028421 0
1251 0.1106680831402055 0.9989916831751804 0
1252 0.1118083916552388 1.022067623009451 0
1253 -0.4492873341665582 1.129358909074368 0
1254 -0.4701829847143602 1.115793896333925 0
1255 -0.492433142245963 1.127078173365308 0
1256 -0.491092530947224 1.102041383740932 0
1257 0.8068928200263759 -0.2379490561788028 0
1258 0.8126603469535959 -0.2070473670876269 0
1259 0.09916520445906385 0.6630698399699104 0
1260 0.1004207257052016 0.6798364460741051 0
1261 0.09783146617048044 0.6463751156347348 0
1262 0.1155725176448735 0.6871747156832646 0
1263 0.1010366815995171 0.6968339977297231 0
1264 0.116783462354435 0.7040915947312789 0
1265 0.1021282754577315 0.7138195798701406 0
1266 0.1176488500864614 0.7211403873957365 0
1267 0.1038345356367057 0.7307900830030365 0
1268 0.1189862349737138 0.7382603967291671 0
1269 0.1051428513398132 0.7479758761056033 0
1270 0.1207683866816064 0.7554824354943945 0
1271 0.1064461557961125 0.7653069715988998 0
1272 0.1222396562927501 0.7728839301454284 0
1273 0.1077076663293296 0.7828243121635564 0
1274 0.1236845090615922 0.7905337789267918 0
1275 0.1089859993090703 0.8004401185802119 0
1276 0.3089269886471425 0.6277841706678964 0
1277 0.323971082982459 0.6170984736229455 0
1278 0.3220029719454922 0.5993258400440542 0
1279 0.3384707816758794 0.6064414731032792 0
1280 0.3406504008820314 0.6246479218317762 0
1281 0.355612319136567 0.613522967284117 0
1282 0.7681733675721378 -0.3112079612777421 0
1283 0.738624182235512 -0.322332424850247 0
1284 -0.5134873038993069 1.113327599688837 0
1285 -0.5125795709716794 1.088992637484432 0
1286 0.3073987760077715 0.8454447207660593 0
1287 0.7952680936646971 0.8571549771411012 0
1288 0.09036080731101456 0.7583898975526037 0
1289 0.357835436861476 0.6323059653662153 0
1290 0.3733405228602767 0.6208786282722056 0
1291 0.3704976206059757 0.6021688144114976 0
1292 0.3889767078168749 0.6092936129815398 0
1293 0.3917009362250128 0.6289208437446547 0
1294 0.407935156809934 0.6165063253601025 0
1295 0.4107643036384484 0.6374195408748193 0
1296 0.4277023398878029 0.6242922973704919 0
1297 0.4304706362666013 0.6458671955626718 0
1298 0.4477233191589562 0.632394238313179 0
1299 0.41335997198393 0.5154184344368998 0
1300 0.444787784945664 0.6106983462251085 0
1301 0.465274664397109 0.6188842075734746 0
1302 0.09090138908623464 1.011682199315381 0
1303 0.09226576994315319 1.035262352420604 0
1304 0.8203825373194082 0.8387710746628584 0
1305 0.8232536527490881 0.8699428995188667 0
1306 0.5845816416126814 -0.03283664962015154 0
1307 0.07102215113059096 1.024586130193211 0
1308 0.07239608802843284 1.048342335903603 0
1309 0.09028430311382092 0.9888627908839096 0
1310 0.5873394093712911 -0.008975397661753259 0
1311 -0.5345544672008276 1.099510098977757 0
1312 -0.5337573548785447 1.075188622488155 0
1313 -0.5557868472885689 1.085596505517882 0
1314 -0.5544607432209815 1.060158981551478 0
1315 0.2137495496153627 0.8431680517408524 0
1316 -0.5185888077334428 1.307187245549413 0
1317 -0.5039207753185936 1.33226142101192 0
1318 0.4507487289448427 0.6541279832752349 0
1319 0.308905760705022 0.8679110380802355 0
1320 0.3279423610361739 0.8547917010004805 0
1321 -0.02785404989344455 1.17976317465192 0
1322 0.0865125296110508 0.6892863366981327 0
1323 -0.5769864463865324 1.07136911762228 0
1324 -0.5756872055933555 1.045823038358871 0
1325 0.3123811293895595 1.028710747049699 0
1326 -0.3242552485721498 -0.1756422749123934 0
1327 0.6690837109016501 0.8837236857564668 0
1328 0.6661674862176209 0.8547097338181775 0
1329 0.2962268357568552 0.7202290393202452 0
1330 -0.1589419407102178 -0.1778718025825873 0
1331 0.005048626759380317 -0.1762148715820265 0
1332 0.07491992585260883 -0.1763592652246946 0
1333 0.1453717766658113 -0.1772245449029309 0
1334 0.2133903890870866 -0.1794440744818115 0
1335 0.2818323626233048 -0.1781580799692821 0
1336 -0.6459151528629961 -0.07117948993930434 0
1337 0.6617588263459532 0.5926691795170922 0
1338 0.4621265837753631 0.5968044699550163 0
1339 0.4831478210924087 0.6050611824561365 0
1340 0.7278971948513413 -0.02574498700091421 0
1341 0.438845379427957 0.8881847058960868 0
1342 0.1269186615064005 0.9016804155120481 0
1343 0.1100446450016081 0.9126550433976754 0
1344 0.1085128115466256 0.892970156520194 0
1345 0.01521674356137837 0.9133409254070206 0
1346 0.09302078753487955 0.7927887526863941 0
1347 0.09431022801332939 0.8102145777739904 0
1348 -0.04985887859708515 1.169050221769996 0
1349 -0.02997795975027124 1.155618351532777 0
1350 -0.05105496508274738 1.145171889680798 0
1351 -0.03182236041281576 1.132196462862601 0
1352 -0.05235304178024789 1.122034664234061 0
1353 -0.03360165641002671 1.109336925193111 0
1354 -0.0127760050605111 1.119053564515654 0
1355 -0.0538679495510489 1.099397348341447 0
1356 -0.07231111318136892 1.111751052080394 0
1357 -0.01465674065429437 1.096096459620393 0
1358 -0.07381534444486564 1.089935973230379 0
1359 -0.09174471791816222 1.101842051541573 0
1360 -0.02213052139378695 1.255914047897077 0
1361 0.08870900458086312 0.7232021015413673 0
1362 -0.5368320790054403 1.123849967380926 0
1363 0.08404317091350627 0.655786351960604 0
1364 0.08274096007092538 0.6391389778473116 0
1365 0.1129272203312366 1.045613925964505 0
1366 0.2592068568447894 0.5883911115871538 0
1367 0.2436375715202181 0.5811705105422739 0
1368 0.1977816682355971 -0.2564033219391048 0
1369 0.05746128584548611 -0.2550608266433884 0
1370 0.7595919870974266 1.01107187969944 0
1371 0.7012857873827746 0.2772901590459651 0
1372 0.7374968761655314 0.8017906552536683 0
1373 0.7374474060524767 0.6263462197381466 0
1374 0.7603903394180082 0.6098654807568237 0
1375 0.7634635526117229 0.6382270014256536 0
1376 0.7868118301722848 0.6213466742456344 0
1377 0.7898555417486116 0.6503565069747177 0
1378 0.8137945289122444 0.6330917426121018 0
1379 0.8169419529537235 0.6626818271198509 0
1380 0.6949852692723586 0.4747601299068747 0
1381 -0.7742907893340255 1.05065643859325 0
1382 -0.789577652204262 1.075599615977663 0
1383 -0.8037498273989018 1.049668312164993 0
1384 -0.8193437603849141 1.075037704412152 0
1385 -0.80494554644881 1.101342641815439 0
1386 -0.8332605237736981 1.04893916153183 0
1387 -0.8351712373350428 1.10082640756931 0
1388 -0.8202176509799353 1.127728506844336 0
1389 0.4490491798133295 0.7503134551514434 0
1390 -0.6871791956793302 0.9567230212892518 0
1391 -0.6745818057384618 0.9788173063513569 0
1392 -0.6604696208659446 0.9575240478679123 0
1393 -0.6991644103602455 0.3716010351671654 0
1394 -0.689609039140596 0.3959067806287729 0
1395 -0.6736771852556853 0.375520456689708 0
1396 -0.6642283236033824 0.3989381697726437 0
1397 -0.6488050595593964 0.3793486147188085 0
1398 -0.6395957916264432 0.4021473442543479 0
1399 -0.6243603029814131 0.3831149229868429 0
1400 -0.6332122944140032 0.3605277387987546 0
1401 -0.6155860207667493 0.4053805094559758 0
1402 -0.6303472471212888 0.4244188314244879 0
1403 0.05118245111718721 1.037607786531974 0
1404 -0.7534924203483535 -0.0743630529693986 0
1405 -0.7622597188232444 -0.1026115868133575 0
1406 -0.782504700174256 -0.0807705137843765 0
1407 -0.7915171992438028 -0.1095006522836834 0
1408 -0.8122509186642477 -0.0870744312750289 0
1409 -0.8212355875760216 -0.1164160109483343 0
1410 -0.8002973516066756 -0.1387865325409837 0
1411 -0.8303211084012837 -0.1459134804254575 0
1412 -0.8088666498454625 -0.1686748156512958 0
1413 -0.8394377164565359 -0.1757625615796987 0
1414 -0.8177356921601469 -0.1987851200580162 0
1415 -0.8486949686217012 -0.2059398750717347 0
1416 -0.8269581539424025 -0.2290455250942648 0
1417 -0.7960728998825249 -0.2216449238487203 0
1418 -0.8051672608996272 -0.2521061519463729 0
1419 -0.7743590843390769 -0.2447275667293907 0
1420 -0.7833288346288703 -0.275117306564675 0
1421 -0.8140916047179383 -0.2829068336484801 0
1422 -0.7525641762444161 -0.2677740902053731 0
1423 -0.7615258989699819 -0.2981718095991757 0
1424 -0.7298018164794027 -0.2916799844577526 0
1425 -0.7397085283044939 -0.3216620343827759 0
1426 -0.7083420800315015 -0.3143781680605059 0
1427 -0.6975654831449782 0.5586342504101707 0
1428 -0.6871997882544982 0.5826015478156077 0
1429 -0.6719614266905826 0.5616948690164599 0
1430 -0.6616651252842353 0.5848039898641981 0
1431 -0.6469733013173093 0.5646904338316356 0
1432 -0.6369391963475649 0.5871815427268852 0
1433 -0.6220284833388208 0.5675620244713068 0
1434 -0.632039385993036 0.5453673834347418 0
1435 -0.6122763454868859 0.589665431211577 0
1436 -0.6267967575035108 0.6090941647731258 0
1437 -0.6031139688714118 0.6114490167450199 0
1438 -0.617022062709036 0.6306668730853625 0
1439 -0.6075498425545123 0.5480820565321232 0
1440 -0.6174952246422996 0.5264535344451718 0
1441 -0.6927730771759709 0.7918032201181828 0
1442 -0.6812595717819478 0.8152404852997854 0
1443 -0.6668710140115891 0.7936763998252816 0
1444 -0.655604511456341 0.8163440908662903 0
1445 -0.6417713550416415 0.7955714640363594 0
1446 -0.6307599962045422 0.8175780212616401 0
1447 -0.6170902277062147 0.7974113185650651 0
1448 -0.6277686775515854 0.7755589492514849 0
1449 -0.606574035537615 0.8188793794793193 0
1450 -0.6197548958246581 0.8390202467702281 0
1451 0.7625606928758546 1.041693548104852 0
1452 0.7878263435567916 1.023787516415481 0
1453 0.7908360718434526 1.054823149115829 0
1454 0.8155065592081617 1.036825909657016 0
1455 0.8183510046941268 1.068262975895771 0
1456 0.8130795218410118 1.005773795119884 0
1457 0.5319741258006522 0.9068138176974517 0
1458 -0.8421519324199158 -0.09384452884951466 0
1459 -0.8330488824277046 -0.06428414884453171 0
1460 0.7977719371771352 -0.299799713336326 0
1461 0.7928912202726741 -0.3314178511517398 0
1462 0.8228839280182718 -0.3200333598489348 0
1463 0.1275376597270411 -0.2561641928923427 0
1464 -0.7739392073966364 0.1694975730469927 0
1465 -0.7833150568673748 0.1431894594576144 0
1466 -0.8018144097639143 0.1645496093009768 0
1467 -0.8112835305670358 0.1376008434860826 0
1468 -0.8302326852724071 0.1595909031115499 0
1469 -0.8400397703893604 0.1319371989806186 0
1470 0.267718066765776 -0.255947504922333 0
1471 -0.01254689294484067 -0.253151422715477 0
1472 -0.3458884593389933 -0.253401777350464 0
1473 -0.1783233318110307 -0.254249102718286 0
1474 0.8412448311995627 0.6450673649463853 0
1475 0.8379737489052939 0.6151400609946051 0
1476 0.8466549580099403 0.6743937416559871 0
1477 -0.6941482905178167 0.1847689629934183 0
1478 -0.6854504291962209 0.2094729426273326 0
1479 -0.6686623792601656 0.1898763961235562 0
1480 -0.6600848436778369 0.2135686907443675 0
1481 -0.6438553778640579 0.1947295497559433 0
1482 -0.635514535041686 0.2177375977968409 0
1483 -0.619749118794082 0.1991623100213406 0
1484 -0.6277369905936154 0.1763366310305037 0
1485 -0.6116965312849048 0.2219332381681581 0
1486 -0.6271108823155255 0.2403599514822795 0
1487 -0.8202485415589053 0.1862611168002754 0
1488 0.1898603198261463 0.9943830835893548 0
1489 0.2091490503523751 0.9812267411468997 0
1490 -0.7734779332096333 0.7859063743656565 0
1491 -0.7856451589676007 0.7608984407210606 0
1492 -0.8016491366462799 0.784425787737885 0
1493 -0.8140791710159556 0.7581824686594785 0
1494 -0.8304746734417143 0.7822993919837955 0
1495 -0.843264365875134 0.7559257021630624 0
1496 -0.7775717542075626 0.5489927184997134 0
1497 -0.7885834526050688 0.5236310825380546 0
1498 -0.8052968000329173 0.5460905632275092 0
1499 -0.8167278591394287 0.5196186428211217 0
1500 -0.8340244579198345 0.5426912397045829 0
1501 -0.845644475442704 0.515722733689406 0
1502 0.2372466718592562 0.6798130176559226 0
1503 -0.7787721031391078 0.359259107797511 0
1504 -0.7888994885661976 0.3335131044997547 0
1505 -0.8063722649867174 0.3554192006555578 0
1506 -0.8168089780508367 0.3288738479526715 0
1507 -0.8349538755836114 0.3510906418783799 0
1508 -0.8455588261630519 0.3253644237213076 0
1509 -0.7720533441991796 0.620575916581992 0
1510 -0.6488686470547014 1.275924370376619 0
1511 -0.6075079613252297 0.4269830262401381 0
1512 -0.7757036345997818 0.4309985538431677 0
1513 -0.7698858319266304 0.9536638934511626 0
1514 -0.783045501496809 0.9285026741596143 0
1515 -0.4740468836618179 1.191532939648218 0
1516 -0.7704992917925304 -0.3298187883747158 0
1517 -0.3261158770577802 1.259561241654084 0
1518 -0.3489474637567667 1.271856870158655 0
1519 -0.3266485447110157 1.285475078119457 0
1520 -0.3501404893592826 1.298269194715379 0
1521 -0.3267437958472938 1.312666967377095 0
1522 -0.3512270560021897 1.325598260931909 0
1523 -0.3276066233576811 1.340391547093341 0
1524 -0.3027127739334387 1.327068899511123 0
1525 -0.3746243922974243 1.310915837018867 0
1526 -0.3759163630957266 1.33872995685842 0
1527 -0.3034952625014521 1.355297063521608 0
1528 -0.2783621232604047 1.34156242525759 0
1529 -0.6834594953322434 0.06674942879722473 0
1530 0.8362445484897078 -0.2265561778734013 0
1531 0.8411072147459857 -0.195314032327081 0
1532 0.8174565445061623 -0.1758966468362515 0
1533 0.8457146795737172 -0.164112129598728 0
1534 0.8211005510308229 -0.1446403777111138 0
1535 0.8499806723243826 -0.133003146270429 0
1536 0.8270385095669059 -0.1138716045939192 0
1537 0.8546976424470902 -0.1021802533702363 0
1538 0.8319004422138128 -0.08312658441390575 0
1539 0.3173784307437193 0.7704548539836917 0
1540 0.2731947040707033 1.140456344354408 0
1541 0.785427116581769 0.4121793250778283 0
1542 0.8077003631742874 0.3951051450263174 0
1543 0.8115541345784685 0.4233426884863347 0
1544 0.8344015034950019 0.4057865969563477 0
1545 0.8382808084673857 0.434889990330222 0
1546 0.8308649752590891 0.3727617509251809 0
1547 -0.5758424743738121 -0.2635097783728637 0
1548 -0.555740084929855 -0.2852119618349956 0
1549 -0.5849717835937731 -0.2921132234382277 0
1550 -0.5640485563345518 -0.3142315671827162 0
1551 -0.5937431540905256 -0.3214001789173542 0
1552 -0.535307191494564 -0.3067638939313653 0
1553 -0.5432449822368767 -0.336416306681068 0
1554 -0.5146420545181588 -0.328098020194529 0
1555 0.4861227866371386 0.6274991842743287 0
1556 0.5043380071953625 0.6133169366574615 0
1557 0.5012374484668303 0.5905803326885085 0
1558 0.522316539456124 0.5982430787727828 0
1559 0.5195721490486078 0.5755883464240247 0
1560 0.5413559468448533 0.584060858646438 0
1561 0.5383204375788175 0.5606868827786899 0
1562 0.560059002455084 0.5687674309893898 0
1563 0.5572592142884577 0.5453916311547026 0
1564 0.5832243357131218 -0.1867151355362222 0
1565 0.1099378441275491 0.8182442254120232 0
1566 -0.8264809821171089 0.7315738331952966 0
1567 -0.6043982527476015 0.2437518881796862 0
1568 0.07848505731253662 0.8026652613641572 0
1569 0.07975369055312288 0.8199583491627598 0
1570 0.006287903973954132 1.106206773475884 0
1571 0.138428259010116 0.7804495884600477 0
1572 0.1398274133201653 0.7983759569853779 0
1573 0.116149443342706 1.248105949027899 0
1574 0.09309709602418181 1.263826579441242 0
1575 0.1184333742053349 1.276188398087126 0
1576 0.09467929932240221 1.292193029569207 0
1577 0.1207301341638154 1.304889805418306 0
1578 0.0962810679465525 1.321360051021351 0
1579 0.1230484162234734 1.334238264176751 0
1580 0.1474986497438088 1.317489642862191 0
1581 0.1499474388555362 1.347310023208779 0
1582 0.1749075489042298 1.330135760683145 0
1583 0.001312710513541735 1.268016415562523 0
1584 -0.02077088669860157 1.282970763806996 0
1585 -0.8493197708676562 0.1819272314054541 0
1586 0.7392406692250713 0.081348733120996 0
1587 -0.7649355122657298 0.0496347294422938 0
1588 -0.8176708099178095 0.8086520670288329 0
1589 -0.8470436836763713 0.8066336670274115 0
1590 0.7513523770744533 0.1826890786007005 0
1591 0.8483590417090839 0.8517409043477413 0
1592 0.8515633395260008 0.8829967006831005 0
1593 0.8452906882818373 0.8194842281234158 0
1594 -0.8560469949142828 0.7292061254306332 0
1595 -0.4479762451803775 1.104905644927909 0
1596 0.8591334947289708 -0.0714620232414207 0
1597 0.8360955459705696 -0.05245193058397091 0
1598 0.8629560777339385 -0.04082621246128137 0
1599 0.8404936487064982 -0.02197989909082909 0
1600 0.7239854674980643 -0.05361897787095449 0
1601 0.5539237135004434 0.8913379402877598 0
1602 0.5565298189862281 0.918331630573139 0
1603 -0.6095813960886017 0.3640942771789251 0
1604 -0.6181508449609765 0.3420468239581421 0
1605 -0.4895861684750421 1.307314531133696 0
1606 0.8397723898499075 1.022703292738227 0
1607 0.5011987922043228 1.040360893941704 0
1608 -0.8390877085181974 0.7046495767758556 0
1609 -0.7984424397974721 0.952842543550931 0
1610 -0.8119486483092563 0.9269341588628655 0
1611 -0.8277063437015901 0.951826518136131 0
1612 -0.8415962714065929 0.9254212979477752 0
1613 -0.7728924132735063 0.2415968624750795 0
1614 0.8179018287091385 -0.3519418962662938 0
1615 0.7927141293256311 0.6793178220479876 0
1616 -0.6038435258765171 0.1808948746014565 0
1617 -0.6117497378082997 0.1583622850169366 0
1618 0.8673835172043166 -0.01044734844637507 0
1619 0.8440657830859265 0.008926995191371023 0
1620 -0.5984444828176919 1.057246803374269 0
1621 0.8618017395883246 0.4167263001633499 0
1622 0.865818623609005 0.4462729257019552 0
1623 -0.8576773304357157 0.950878358107544 0
1624 0.3362741230264786 0.5886382894155509 0
1625 0.3199105884750961 0.581769645248511 0
1626 0.0983812643886656 1.350949316635522 0
1627 0.07141168834453979 1.337825641871947 0
1628 0.4048183853711853 0.5975280582180897 0
1629 0.1772300695091729 1.360638519707846 0
1630 0.2024537059059804 1.343178850329809 0
1631 0.1999629547733063 1.31289540555437 0
1632 0.2274523729007452 1.325768140515276 0
1633 0.2249387847340579 1.295525075623224 0
1634 0.2524230717041273 1.308262866740504 0
1635 0.2550188873537186 1.338615656830623 0
1636 0.2799859302959673 1.32117061717302 0
1637 0.2774162227848777 1.2907847234951 0
1638 0.3047818793047444 1.303590867556036 0
1639 0.302174001329949 1.273436609074666 0
1640 0.3294651744570918 1.286108633195458 0
1641 0.32673297100905 1.256060811311333 0
1642 0.3542095659798985 1.268565786122584 0
1643 0.3572441435654963 1.298300335139947 0
1644 0.3818184267192973 1.28112821265881 0
1645 0.3789229088629872 1.25094005979848 0
1646 0.4064529120595667 1.263482684040262 0
1647 0.4095458935442704 1.293846191011858 0
1648 0.4344251170921039 1.275961061344575 0
1649 0.4379357282685593 1.305890049915791 0
1650 0.4627980809711414 1.288437695339817 0
1651 0.4687166455238476 1.31717525119229 0
1652 0.4911795049586002 1.301269424359994 0
1653 0.403355436578448 1.233333228719525 0
1654 0.4879472346693853 1.270258631135933 0
1655 0.5163988660519052 1.282979138316251 0
1656 0.5201536916792007 1.313213977581916 0
1657 0.545163075685539 1.295567641630327 0
1658 0.5490926925187474 1.32579578691399 0
1659 0.5742715931729372 1.308195834818956 0
1660 0.5776422146183889 1.338814965745243 0
1661 0.6033474960193076 1.320900648164836 0
1662 0.3761944633136451 1.220963032838726 0
1663 0.5993092556825166 1.289694814006561 0
1664 0.6289942952007818 1.302434024622693 0
1665 0.6323771186363806 1.334163851361068 0
1666 0.6585244253344262 1.315111080221664 0
1667 0.4149211964947219 1.322734131265401 0
1668 0.6551207193708352 1.283690746255176 0
1669 0.6845492618511646 1.29590712931762 0
1670 0.6882204537090408 1.328026883740565 0
1671 0.7142366063172707 1.308664465612479 0
1672 0.7104704151430461 1.27645325223119 0
1673 0.7402343995283855 1.289241466880009 0
1674 0.7363824359479225 1.257012357866226 0
1675 0.7661614761266177 1.269735994790824 0
1676 0.7704442260527002 1.301750741550378 0
1677 0.7628157604776844 1.238159311676324 0
1678 0.7922519662808738 1.25038947070423 0
1679 0.7889176264036674 1.218774280460354 0
1680 0.818285217890063 1.230884814658816 0
1681 0.7180878360315803 1.340964805484239 0
1682 0.8227415734922374 1.262371062055283 0
1683 0.3076755348856468 1.333940875858537 0
1684 0.814555370259342 1.198632583570141 0
1685 0.4007222242220219 1.203612781262483 0
1686 0.5280531412996305 1.343090094506656 0
1687 -0.8511290621688006 1.127031550479999 0
1688 -0.8359549615955724 1.154314048147199 0
1689 0.134318912251329 0.7471797949056558 0
1690 0.1509703121674452 1.01996375891284 0
1691 -0.6038708927786187 0.7772567860747299 0
1692 -0.6141520911910451 0.7559587714609632 0
1693 0.5791991372270655 0.5538660968997452 0
1694 0.5764480894413324 0.5300888589465376 0
1695 0.5973609785991939 0.5390814277482942 0
1696 0.5955127250387466 0.5149357174647716 0
1697 0.8483257321621966 -0.3402633694763112 0
1698 -0.7176358898694233 -0.3467495726136921 0
1699 0.09239851231829679 0.9029026542759941 0
1700 0.3425083742707297 0.6435032778417629 0
1701 0.2295320821000325 0.5910784797660241 0
1702 0.2281190804338648 0.5741201914264065 0
1703 0.5130238045533663 1.252104038545041 0
1704 -0.8391632310852419 0.2092036735708881 0
1705 -0.8580582081727515 -0.2363604286542493 0
1706 -0.0939311553310643 1.080666931499852 0
1707 -0.1113736482817295 1.091617667316594 0
1708 -0.1101885172510331 1.113442546352994 0
1709 -0.1284923363211281 1.103469572997822 0
1710 -0.1298998973899903 1.083666405745385 0
1711 -0.1461396849813114 1.095156458959336 0
1712 -0.147029678140228 1.114649131954312 0
1713 -0.1643862463207632 1.104812580674064 0
1714 -0.1631096737664978 1.084304290441023 0
1715 -0.1813168544918649 1.096046103049697 0
1716 -0.1835831683870714 1.114824332240986 0
1717 -0.1997753253271712 1.105573230873577 0
1718 -0.1977580309743606 1.084913642072896 0
1719 -0.2163340769530765 1.096348214063122 0
1720 -0.2173263575943447 1.115663455783366 0
1721 -0.234644377630058 1.105850377162757 0
1722 -0.2329546303088113 1.084356316358273 0
1723 -0.2521462381796437 1.095512331113866 0
1724 -0.2524835214226683 1.115768533455387 0
1725 -0.2699195826216161 1.105325081743893 0
1726 -0.2702746741493248 1.085815007257 0
1727 -0.2875636208736453 1.094773882046337 0
1728 -0.2878219014793986 1.115048722531633 0
1729 -0.3051376420546008 1.104303056393532 0
1730 -0.3046997085986324 1.084114616211052 0
1731 -0.3221961323084759 1.093579659369905 0
1732 0.8659102455009499 0.6272184224857182 0
1733 0.8624990644290419 0.5968016532412179 0
1734 0.3599033566403825 0.6514866636657912 0
1735 -0.5970040171533473 1.031880424199697 0
1736 -0.5742914340883367 1.020207838478436 0
1737 -0.7203732488174138 -0.2629313284041754 0
1738 -0.5312185505988024 1.049092166336636 0
1739 0.8443713993906803 1.211217535968815 0
1740 0.84139519797824 1.179915802776286 0
1741 -0.5183863541787229 1.357912498941222 0
1742 -0.4890948579761636 1.357512150606551 0
1743 0.5645545967243703 -0.01733520909038355 0
1744 -0.8641347227316901 0.3472482090595984 0
1745 -0.8532285549454237 0.3746678692075183 0
1746 0.2575269104766587 0.5714025075414989 0
1747 0.1437747035848838 0.6682765735752452 0
1748 -0.8751771138679207 0.3189633680740531 0
1749 -0.5949146315911118 0.3457121561044836 0
1750 -0.5959089219566134 0.8403252353166142 0
1751 -0.6088224278037497 0.860317347991045 0
1752 -0.5936412696998047 0.6329841213800351 0
1753 -0.6073815618870128 0.6520941051759697 0
1754 -0.8633860772625971 0.5396865896727798 0
1755 -0.8512742454856128 0.5658834828714152 0
1756 -0.8751905624148041 0.5122180665770553 0
1757 -0.8569638623544729 0.4882618770163085 0
1758 0.5684390740282386 0.007017097827979657 0
1759 0.5918742874122356 0.01556451346518506 0
1760 0.5722642827495387 0.03117278465968365 0
1761 0.592775118693637 0.03954742567637748 0
1762 0.575580869224017 0.05400502517314876 0
1763 0.5963672365854049 0.06181421315456259 0
1764 0.579575724503417 0.0754386512507681 0
1765 0.599418206054102 0.08325626875086223 0
1766 0.5829449001332248 0.09651935607000051 0
1767 0.6023437622612164 0.1042128309753509 0
1768 0.5859796826599987 0.1169933861748083 0
1769 0.6051912986783671 0.1248148878371296 0
1770 0.5889807609970887 0.1374443743252831 0
1771 0.6073318822962657 0.1453398766048339 0
1772 0.5918245355251048 0.1578535944567619 0
1773 0.6099952542560958 0.165681161184095 0
1774 0.5947339120445063 0.1782161799252209 0
1775 0.6135936200804117 0.1858297761377282 0
1776 0.5985637015530735 0.1982759122645076 0
1777 0.6167398525328387 0.2059907706781305 0
1778 0.6016292856763952 0.2184453437865577 0
1779 0.6196467169252354 0.2261989693734553 0
1780 0.6036639008700077 0.2388992146663685 0
1781 0.6223896288278948 0.2464841106672895 0
1782 0.6063419691861531 0.2592865183524632 0
1783 0.6253126238357122 0.2668681341032669 0
1784 0.6090605719171199 0.2794172353913106 0
1785 0.5919120540224353 0.2718112658406112 0
1786 0.5940571069375074 0.2916008263583358 0
1787 0.611886843840344 0.2995020126741308 0
1788 0.5957190433926927 0.3118627874359289 0
1789 0.6140795758809946 0.319713306991956 0
1790 0.597895865645927 0.3321034354304272 0
1791 0.6169887165161599 0.3394571838365984 0
1792 0.6001414647091418 0.3525437327643757 0
1793 0.6200733690958513 0.3602232693237309 0
1794 0.602380724714953 0.3736413871404534 0
1795 0.5850856364111765 0.2290603898271794 0
1796 0.5796416424291329 0.1918752893585573 0
1797 0.5800897319249522 0.3455961555550893 0
1798 0.7328059306776233 1.226646952660313 0
1799 -0.3214618171262388 1.073773464681523 0
1800 -0.3389733882084798 1.083004720115939 0
1801 0.3341857966440576 0.5710892036020684 0
1802 0.3180050984646382 0.5644192245681838 0
1803 0.5835459611571662 0.5791657554271965 0
1804 -0.8607098098273079 -0.1526196785712809 0
1805 0.8708079796577027 0.01999573283676648 0
1806 0.8483616727581561 0.03937911047052045 0
1807 0.8750014824936346 0.05015089265472872 0
1808 0.8527018097148926 0.06897257695282455 0
1809 0.8807815453284236 0.07977707573071063 0
1810 0.8572610040527181 0.09846488803742115 0
1811 0.5730004119974195 0.5058249603124763 0
1812 0.5922771089727602 0.4905758371052902 0
1813 0.7875637954241471 -0.3633947367157765 0
1814 -0.5941545920664032 0.5292636648015125 0
1815 -0.0559834495550975 1.077989810939761 0
1816 0.09037842947701642 0.8847758586897539 0
1817 0.6918139104324911 1.360452588179323 0
1818 0.1550551902849217 0.7880951592117501 0
1819 0.1563479599797963 0.8066896690086056 0
1820 0.6226822852654981 0.3822937845596319 0
1821 0.6049065087444621 0.3954206844808646 0
1822 0.5164525772480721 0.4128742323940947 0
1823 0.5848402810035065 0.3866261181140019 0
1824 0.5874968935042282 0.4075686506132706 0
1825 0.6070837642949003 0.4173971502375358 0
1826 -0.7740151187136688 0.02241231120570408 0
1827 -0.7928164349625245 0.0438707317437026 0
1828 -0.5040085571705035 1.282708552131264 0
1829 -0.8660232612068508 1.154161785779414 0
1830 -0.8518203569148479 1.180972765199619 0
1831 -0.8208768253870499 1.18134201632241 0
1832 -0.8368755892037067 1.208297153419037 0
1833 -0.8051514832383055 1.208641693158452 0
1834 -0.8215743364072929 1.235694736565099 0
1835 -0.789849042483279 1.236254902680669 0
1836 -0.806154570507214 1.263324686608816 0
1837 -0.8364318502655073 1.262082862320046 0
1838 -0.822218659191628 1.290601414660309 0
1839 -0.7904511408361234 1.291040554316838 0
1840 -0.8066942276398408 1.318661307104283 0
1841 -0.8389836221400603 1.31840399616495 0
1842 -0.7746320327700766 1.318852639897519 0
1843 -0.8230100874521199 1.346700541814782 0
1844 -0.855673603376465 1.346408013484675 0
1845 -0.5906976716354484 0.7577763053251476 0
1846 -0.6008295106525836 0.7367485174306391 0
1847 -0.6226726122083971 0.7338585679391103 0
1848 0.5297263416243397 0.6216153454909985 0
1849 -0.7783125981939087 -0.1618000720013042 0
1850 -0.2782604469653936 1.369150234839732 0
1851 -0.2535320924689335 1.356256432933397 0
1852 -0.6749927169547492 0.09214072338733181 0
1853 -0.6557641634152869 0.07215816204191133 0
1854 0.8105706799662294 1.166110076175092 0
1855 -0.3271517639249721 1.370448343770864 0
1856 -0.5220325704750347 -0.3584683871091146 0
1857 -0.4928061088980749 -0.3505726186517184 0
1858 -0.5511193312529499 -0.366148560120207 0
1859 -0.2533948450207604 1.327678657644953 0
1860 -0.2285283936902582 1.342220128265013 0
1861 -0.228739779740615 1.371077940136546 0
1862 -0.2035852129802261 1.356690141865332 0
1863 -0.2036891056991968 1.327625536330537 0
1864 -0.1785823095132226 1.341788966909272 0
1865 -0.1790087206753622 1.370272391976969 0
1866 -0.1532721003939683 1.356425303318066 0
1867 -0.1535694737925643 1.327157242191865 0
1868 -0.1283232926861479 1.341740612779691 0
1869 -0.1277625151451573 1.370930985202182 0
1870 -0.1026509462711575 1.355824813225801 0
1871 -0.1059258161636732 1.325253097113567 0
1872 -0.1019567606943519 1.385381478931858 0
1873 -0.07246534233725886 1.365986479528146 0
1874 -0.8718875035773028 0.9238765657279857 0
1875 0.5800970460208811 0.3024784611847029 0
1876 0.5607659019439443 -0.04197801592151129 0
1877 -0.5886491199973493 0.2261959351536194 0
1878 -0.8689421963480696 0.7022161126266715 0
1879 -0.8518083215401866 0.6774663693094654 0
1880 0.5355147622482073 0.5371732687227698 0
1881 0.2995538373119893 1.243559174771438 0
1882 0.06899423801872125 0.6486209092808193 0
1883 0.06760280443417159 0.6320065860467149 0
1884 0.08146096745749586 0.6224275454082459 0
1885 -0.5880693126933255 0.5926331815395858 0
1886 -0.863256371488845 -0.07111581728499516 0
1887 -0.8543538441666885 -0.04175434621402307 0
1888 -0.8830221018851983 0.3705970981755726 0
1889 0.2143047199185643 0.583760088200047 0
1890 0.2128713946697481 0.5670000269273616 0
1891 0.1992015071594489 0.5765826477107452 0
1892 -0.8653703601598578 1.100239086780541 0
1893 0.5513347791616606 0.8646522300194805 0
1894 0.877139008712733 0.8645199153569081 0
1895 0.07344098913950023 1.367705230713153 0
1896 0.04641691806568164 1.354285595279229 0
1897 0.1001385469505398 1.381477239031303 0
1898 -0.6033950849543561 0.5078331782426813 0
1899 -0.625644882049047 0.5053570645917704 0
1900 -0.5885043867852653 0.162700584053208 0
1901 -0.5961395802295776 0.1405454462024976 0
1902 -0.5160455084764242 0.0854037250567613 0
1903 0.3298561563881507 0.8776487940129052 0
1904 0.3105281531068577 0.8908062533992305 0
1905 0.3488245531945344 0.8644719250147241 0
1906 0.3733612288234205 1.191336486003543 0
1907 0.8803018097160312 0.895958001234048 0
1908 0.6306299784130271 0.307368269674739 0
1909 0.6406551055453538 0.368252118640249 0
1910 -0.4911409392432183 1.075014861891109 0
1911 -0.5862658769979119 0.3672237909953124 0
1912 0.5412510803296217 -0.02622970885257248 0
1913 0.5372693213306714 -0.05112453560722652 0
1914 -0.6033518896126659 0.3239548257466178 0
1915 -0.6261552755806021 0.3204180690687692 0
1916 -0.08747860151004266 1.015376100740413 0
1917 0.7219754170609459 1.373553800705986 0
1918 -0.4275534144315763 1.117740537960089 0
1919 -0.4262636139605357 1.094166976951566 0
1920 -0.4683031398500482 -0.1618152292543332 0
1921 -0.4864396833150353 -0.1423758189547769 0
1922 -0.4609712441359446 -0.1361859770203306 0
1923 -0.4787473168139698 -0.1170392010373109 0
1924 -0.4537023114762845 -0.1112575642852879 0
1925 -0.4132062033376835 -0.0172082964143051 0
1926 -0.5042525265216986 -0.1229983948263274 0
1927 -0.4966468246421869 -0.09802282796921202 0
1928 -0.521842283170812 -0.1037610977511065 0
1929 -0.5141223231454179 -0.07898229931627609 0
1930 -0.5393093990396982 -0.08472399616364157 0
1931 -0.5317680921852674 -0.06011645690375589 0
1932 -0.5567536038578833 -0.06580044642367855 0
1933 -0.5491426134338442 -0.04129634716896191 0
1934 -0.5741873054792843 -0.04694811419671518 0
1935 -0.5664991858394459 -0.0224948085779707 0
1936 -0.5916282649302107 -0.02808638304227817 0
1937 -0.5839501080125026 -0.003582561148756436 0
1938 -0.6090941554311294 -0.0091329348912077 0
1939 -0.5954036030493763 1.006484636372012 0
1940 -0.5729660947487321 0.9951718038115386 0
1941 0.4355949114510351 0.8105771369858927 0
1942 0.7952262084755244 -0.1247894777211539 0
1943 -0.3058970292318617 1.124955658003194 0
1944 -0.2990605850061237 -0.1690886925670563 0
1945 -0.3169212021354311 -0.1509091262070742 0
1946 -0.2920617233508841 -0.1446765057105475 0
1947 -0.3101413515593224 -0.1266784409051063 0
1948 -0.2863867861843982 -0.1204505106959995 0
1949 -0.3036121857570958 -0.1034711548356675 0
1950 -0.3267455093494056 -0.1094087083106299 0
1951 -0.2805033932041055 -0.097464028474047 0
1952 -0.2626562805579699 -0.1141534145685603 0
1953 -0.2575398248864591 -0.09130405538195763 0
1954 -0.2407963939725422 -0.1076874569739628 0
1955 -0.2350439448861207 -0.08523138204819303 0
1956 -0.2193055454346354 -0.1013285516204306 0
1957 0.615183078210979 0.4996886616370454 0
1958 -0.489099658375774 -0.07340997969371998 0
1959 0.5696123727596853 0.4818045740231757 0
1960 -0.134055355772886 -0.1708778258218692 0
1961 -0.1526234766792321 -0.1532642969819753 0
1962 -0.1284943246091586 -0.1463581174037477 0
1963 -0.1464237646446615 -0.1292863632186194 0
1964 -0.1229379204510156 -0.1225653492289546 0
1965 -0.1403684631482225 -0.105963468559199 0
1966 -0.1173651731750123 -0.09950951281671372 0
1967 -0.4066557435037024 1.1065520693433 0
1968 -0.4053946065638723 1.083577343336581 0
1969 0.5742270193097629 0.1492469673203092 0
1970 0.1310000910702168 0.7123808524817725 0
1971 -0.8667606918805016 1.206387082755851 0
1972 -0.100160382570602 -0.1157151201907765 0
1973 -0.094772796859147 -0.09292827756593747 0
1974 -0.07770775153171941 -0.1088436246073102 0
1975 -0.07230886264322704 -0.0862762963089021 0
1976 -0.05547261025175394 -0.1020923166613773 0
1977 -0.05017529683525923 -0.07966388942083369 0
1978 -0.03332262481478232 -0.09544243219331816 0
1979 0.5760106744660514 0.8756935195632771 0
1980 -0.8687688170213175 0.2045750617756522 0
1981 0.3059929662153403 -0.1695018837589886 0
1982 0.2868187486490493 -0.1532819985703719 0
1983 0.3099480671002409 -0.14474933852086 0
1984 0.2914223982511705 -0.1290133349107362 0
1985 0.3138926309079231 -0.1206966857464364 0
1986 0.2955819661613275 -0.1054331138778172 0
1987 0.2733584123586217 -0.1133781590242705 0
1988 0.3178270178868471 -0.09738890088338459 0
1989 0.2775676201026962 -0.09022558712577755 0
1990 0.2557415848821405 -0.09792407715934559 0
1991 0.4330587332853275 0.667612954578596 0
1992 0.4537433807076805 0.6761528603307414 0
1993 -0.6012858454235357 0.01536521451218775 0
1994 -0.5764612036939274 0.02084913520926412 0
1995 -0.5934872708603877 0.03953402997843958 0
1996 0.8844052052109533 -0.08922569401683222 0
1997 0.3360201629128317 -0.1123443486389694 0
1998 0.3399347214228224 -0.08924054126262537 0
1999 0.3579283432663168 -0.1039978420816362 0
2000 0.4132062033376834 -0.0172082964143051 0
2001 -0.758554743896891 1.291379976498698 0
2002 -0.7433549978863649 1.318668750147811 0
2003 -0.7584947398206564 1.349953488551376 0
2004 0.1719743339635993 0.7960130995434687 0
2005 0.3992041580096115 -0.15786100620605 0
2006 0.06697832844616322 0.6150047234570197 0
2007 0.08051087612415611 0.6052575254370758 0
2008 -0.5934969192148287 0.9815313498511042 0
2009 -0.5164547385361713 0.9132088593761449 0
2010 -0.571456892846421 0.9705390973097543 0
2011 -0.5917553468401692 0.9570112537006206 0
2012 0.885302511721491 0.1095941284290084 0
2013 0.8617453843184066 0.1282309415162876 0
2014 0.1977236816862404 0.5600467113623129 0
2015 0.1841751475063997 0.5695034201221141 0
2016 0.3559236439389173 0.9729465522675735 0
2017 0.4848894372689669 1.239566647193096 0
2018 0.5097589432187317 1.221567142228235 0
2019 0.4818532728671827 1.209165695860979 0
2020 -0.8394713350228101 1.375044105894319 0
2021 -0.6325904507267225 0.8591351323647689 0
2022 -0.6216660534857437 0.8800062592490872 0
2023 -0.5973920027068339 0.8785573020182598 0
2024 0.2050753352375002 1.373880816149521 0
2025 0.3973869531800366 1.174241548589672 0
2026 0.6325334920375268 1.068900309361554 0
2027 0.4973348119973214 0.568520066577185 0
2028 0.5378456030362486 1.23395237904125 0
2029 -0.6307807113055141 0.6498821447254606 0
2030 0.2479159739916418 0.79672564227464 0
2031 0.2108568828331529 1.004742134992022 0
2032 0.2303545195172884 0.9914057126975654 0
2033 0.2285545777714294 0.9678102459824927 0
2034 0.2498723548274603 0.9779585291680506 0
2035 -0.3203403732873813 -0.0865305837542969 0
2036 -0.3427598955926203 -0.09240006824812219 0
2037 -0.1342433330673334 -0.08331869077242549 0
2038 0.8658943005452446 -0.2150500110516246 0
2039 -0.6148104272321011 -0.2988576380785468 0
2040 -0.6237597775870075 -0.3285133277853396 0
2041 0.06421323729469987 0.812309729812425 0
2042 0.0653742068876545 0.8294905034419016 0
2043 0.06294313541962138 0.7952690915468305 0
2044 -0.3980635947189979 1.323687250413986 0
2045 -0.4005858275682221 1.351744920896138 0
2046 0.8127568899388227 -0.3841919671789533 0
2047 0.1948020622727822 0.7501471700255495 0
2048 0.5671194416774359 0.1077522798689207 0
2049 0.8345292044677053 0.5848720217700265 0
2050 0.858882226635448 0.5663794927126349 0
2051 -0.8721380568624 0.7540217636995633 0
2052 0.09466012347448667 0.9221808431585562 0
2053 -0.8717038257483439 1.317866081263301 0
2054 0.7141473564818144 -0.3023978108446217 0
2055 0.7090533379339027 -0.3334068218001219 0
2056 0.6847411067024196 -0.3134366300190039 0
2057 0.6795831292584085 -0.3443638360498231 0
2058 0.6554588487812802 -0.3245020849833073 0
2059 0.6502750369442156 -0.3553824718702689 0
2060 0.6261944838652915 -0.3355503652974074 0
2061 0.7035505860963683 -0.3645573406154217 0
2062 0.6210079762402043 -0.3663807978796196 0
2063 0.5970937577744113 -0.346439100741339 0
2064 0.602181718755721 -0.3160631609827764 0
2065 0.5732341887094485 -0.3269413071065587 0
2066 0.5682019202398162 -0.3571243870522256 0
2067 0.5444663610068461 -0.337587692982289 0
2068 0.5393204945091915 -0.3677143273652559 0
2069 0.5159606023693299 -0.3479534150398076 0
2070 0.5210402341811011 -0.3181833774404126 0
2071 0.4926832307959793 -0.3284931564886557 0
2072 0.4874558361505889 -0.3582438317790357 0
2073 0.4642533435494461 -0.3386875633939488 0
2074 0.458899418910362 -0.3683259789438719 0
2075 0.4358956629063903 -0.3486901149423219 0
2076 0.5778826264552104 -0.2971298635302474 0
2077 0.4414967718399903 -0.3192987578582176 0
2078 0.4133042214526784 -0.3291769811891673 0
2079 0.4075441418605784 -0.358507605487135 0
2080 0.3849939238826903 -0.3390009209816838 0
2081 0.3792181137744092 -0.3683916573832281 0
2082 0.3568220058607325 -0.3496629868816328 0
2083 0.3495794690181703 -0.3798016258650249 0
2084 0.3279216859078644 -0.3598854093056537 0
2085 -0.5037116213504007 1.383598749258191 0
2086 -0.4737110088771244 1.3833508618383 0
2087 0.0749227310223983 0.8939454385974278 0
2088 -0.5841392942760238 0.6528532880737298 0
2089 -0.8787132527123958 0.1766581878114528 0
2090 0.04832144650378817 1.384564033837897 0
2091 0.02145989467200195 1.371731267495859 0
2092 0.8296313601280134 0.08755344758710343 0
2093 -0.580537927574319 0.3275167511697344 0
2094 0.8545156828149616 0.9144120090393428 0
2095 0.8833396137512272 0.927527901208598 0
2096 0.870853612455581 1.191935920508446 0
2097 0.8668350765853201 1.15920828164489 0
2098 0.8756858982711273 1.223427343593347 0
2099 -0.6202705434824527 1.043497757161976 0
2100 0.3631378300178449 1.078415531293659 0
2101 0.6318152751700712 0.1921698933232948 0
2102 -0.4958128218950582 1.177660144087722 0
2103 -0.4971798433596791 1.203599751010251 0
2104 -0.5192658892661401 1.189446780458589 0
2105 0.008471708306031469 1.129161799170005 0
2106 0.02788095757441094 1.115757583590777 0
2107 -0.8869210795751077 0.4844610413115631 0
2108 0.8898357093092735 0.4278980716047661 0
2109 0.8855699986652438 0.3978334410014102 0
2110 -0.5803941501034132 0.7785132637145854 0
2111 0.6686285511374337 -0.1008661185789894 0
2112 0.8532614550305238 -0.3082619957852343 0
2113 0.8788877438406604 -0.328457733509484 0
2114 0.873643103433249 -0.3610227144629299 0
2115 -0.5833126293069724 0.247413846928558 0
2116 0.3467595124266141 0.8413390039173896 0
2117 0.3679560325753807 0.8509449180191571 0
2118 -0.8249062721160443 0.9015542339702572 0
2119 -0.2128285776167896 -0.07917138366827159 0
2120 -0.3951535038942565 1.296805589823551 0
2121 0.3617160593657908 -0.08111260419215616 0
2122 0.3796982370005005 -0.09577994179197657 0
2123 -0.8725164385240937 1.374762510344755 0
2124 -0.372556450540686 -0.2604860435897619 0
2125 -0.3529792798549716 -0.2804523446026549 0
2126 -0.3802005324526965 -0.2875867102381755 0
2127 -0.3606081844683149 -0.3081868244121063 0
2128 -0.3887514536740807 -0.3172827415375591 0
2129 -0.3666234866293213 -0.3373506011708943 0
2130 -0.3402833616913982 -0.3287247919492831 0
2131 -0.3470676384867204 -0.3579225962343511 0
2132 -0.3188701623297388 -0.3497253558647283 0
2133 -0.3762690355384926 -0.3654049756374383 0
2134 -0.3259930622851539 -0.3792982792970969 0
2135 -0.2967013437514871 -0.3714487258546557 0
2136 -0.2902814379155978 -0.3418557970028042 0
2137 -0.2675412697283043 -0.3634543726242809 0
2138 -0.2613446665856917 -0.3341774999837714 0
2139 -0.2383533216179648 -0.3554918929418387 0
2140 0.4504317556426092 1.017535931734014 0
2141 -0.3040206416318693 1.064539620154083 0
2142 -0.204286900028288 -0.2623094205202096 0
2143 -0.1861109033757747 -0.2806334927866591 0
2144 -0.03823463295061744 -0.2611350053596883 0
2145 -0.0183371124275788 -0.2797979156849716 0
2146 -0.04500243915731775 -0.2880722543773417 0
2147 -0.02468600534877842 -0.307282923897106 0
2148 -0.05178296910254362 -0.3156367061341149 0
2149 -0.03072894122342811 -0.3353668511211161 0
2150 -0.004071328111684507 -0.3264792784616164 0
2151 -0.05860655451221228 -0.3438754142300913 0
2152 -0.009301054747868492 -0.3553321314695034 0
2153 0.01814838215361191 -0.3463083353844765 0
2154 0.01247228509598808 -0.3757521120036807 0
2155 0.04102969981080226 -0.3667792584802504 0
2156 0.0464823780693864 -0.3374423734514942 0
2157 0.0695342698080564 -0.3576661391926681 0
2158 0.07630003962005609 -0.3281488723663029 0
2159 0.09896002603102073 -0.3501227267026226 0
2160 0.0920223481559492 -0.3782551973742631 0
2161 0.120737525361579 -0.3688822437482464 0
2162 0.126886295146054 -0.3381624347203981 0
2163 0.149149192651599 -0.3589644668319045 0
2164 -0.07962493814943594 -0.3244567479921772 0
2165 -0.08679631483224268 -0.3524209923057102 0
2166 -0.06602343316314843 -0.3712734250697164 0
2167 -0.1080246432336754 -0.332666809695459 0
2168 -0.1152594578510344 -0.3608936291600516 0
2169 -0.8812231314998081 0.5638701452731399 0
2170 -0.5778040388272215 0.738500097206364 0
2171 -0.2456898662462682 -0.3848648127069282 0
2172 -0.2163474856582177 -0.3768133121015549 0
2173 0.3184881124392634 -0.388663888341459 0
2174 0.298194824960044 -0.3678649242330466 0
2175 0.3043285687676973 -0.3407917109450609 0
2176 0.2763362684064746 -0.3485371574976698 0
2177 0.2699131346353655 -0.3773001596821587 0
2178 0.2476249891678398 -0.3580622257025941 0
2179 0.2415395104434609 -0.3878129515958545 0
2180 0.04987645441080139 1.013894465316405 0
2181 0.03014525478212037 1.026780437516661 0
2182 -0.2880516839810794 1.136164641009902 0
2183 -0.8260346224456304 0.299981304921937 0
2184 -0.8818507482006013 0.6749902551414757 0
2185 0.8419317032556231 0.4644266955256375 0
2186 0.8697246152592188 0.4760875842531303 0
2187 0.226587178538236 0.5573889965109591 0
2188 0.8173549072582997 -0.0002690966853315935 0
2189 -0.4756610107097306 1.282902199008538 0
2190 0.883960156046842 -0.2960795621097071 0
2191 0.3318453694554768 0.90079151991318 0
2192 0.3113735315222455 0.9141150189927256 0
2193 0.1065432444647084 0.8736704456297761 0
2194 0.8686152155506474 -0.152132780727519 0
2195 -0.5210793242799796 1.21521871714155 0
2196 0.5734901710776797 0.8486640302473113 0
2197 0.6148851021755743 0.04793086620307352 0
2198 0.2479025494847916 0.9543255810363415 0
2199 0.26935219874559 0.9644820707859019 0
2200 0.8896601009516962 0.1394372172752777 0
2201 0.8660958988882084 0.1578989445655964 0
2202 0.8380613118192471 0.1463480660837003 0
2203 0.8422421262277198 0.1757310923879151 0
2204 0.8689954921322405 0.1872739075154223 0
2205 0.8456879638075174 0.2050259312526044 0
2206 0.8726596204894049 0.2164829646782963 0
2207 0.8507091137287273 0.2344095037253809 0
2208 0.877882971415809 0.2456419720748748 0
2209 0.8548481675855567 0.2640816875340075 0
2210 0.8822082591829474 0.2751063148087941 0
2211 0.8588628684545531 0.2936817462630897 0
2212 0.8871134663218418 0.303234868035391 0
2213 0.1547104006188455 -0.3319334187338066 0
2214 -0.8799863579676531 -0.2129823958433052 0
2215 -0.3382746297757753 1.063439838429385 0
2216 -0.6352962475165891 0.1535050570753562 0
2217 0.1145228740635304 -0.3985805735286649 0
2218 -0.8981088581348318 0.7026694716333773 0
2219 0.6231223375010149 0.136583376231897 0
2220 0.5629304821794832 -0.387608408474542 0
2221 -0.5795274147477729 1.095466343121839 0
2222 -0.5243989343291138 -0.03477563028385733 0
2223 -0.6209264565024839 1.067933481660208 0
2224 0.8909064344589286 0.609004200115067 0
2225 0.6066782482001943 -0.2861890575141393 0
2226 -0.03590608669960962 -0.1175891918474505 0
2227 -0.01623363297074218 -0.1112063716203026 0
2228 -0.0111289025469986 -0.08845142911180404 0
2229 0.005900902351216698 -0.1042271321170817 0
2230 0.01099379963990235 -0.08175916279897266 0
2231 0.02788485253763167 -0.09731134948687148 0
2232 0.03276348721279414 -0.07388870775393408 0
2233 0.04999182189389396 -0.09012839462899946 0
2234 0.04485604629703314 -0.1129670272152454 0
2235 0.06693809437575385 -0.1058632887195627 0
2236 0.07177221302257743 -0.08327476085789154 0
2237 0.08886213963502605 -0.09874045421385369 0
2238 0.09349246799685801 -0.07633995718237618 0
2239 0.1106482379564656 -0.09158594896178185 0
2240 0.1059872039163822 -0.1142918216801481 0
2241 0.128006160106123 -0.1069369248216773 0
2242 0.1325423511509567 -0.08433826392960164 0
2243 0.1498970197861531 -0.0995352533977889 0
2244 0.1542818588749366 -0.07705907276708979 0
2245 0.1716428272160397 -0.09211382912366561 0
2246 0.1672614214918075 -0.114755095154823 0
2247 0.1885663404484107 -0.1082060907941481 0
2248 0.1940308797609464 -0.08607511758981945 0
2249 -0.5803077730124399 0.5105215684951502 0
2250 0.749262052223716 -0.04297029357605375 0
2251 0.4364864572081762 0.6897044052563812 0
2252 0.2507173245722737 -0.1209499637288971 0
2253 -0.3497868683427415 -0.1150208672280438 0
2254 -0.3662308887937347 -0.09776430141304637 0
2255 -0.339960095363831 1.103106850906387 0
2256 -0.5894649763821059 0.489403552857683 0
2257 -0.1366692288077829 -0.3402608472694305 0
2258 -0.5006302418230607 -0.3813459662728566 0
2259 -0.4702436938733628 -0.374037570361338 0
2260 0.02415704725541288 1.401727279198686 0
2261 -0.8697112322757713 0.4537941013982314 0
2262 -0.8875092084195974 0.9494815223202224 0
2263 -0.8736589739034517 0.977197037964233 0
2264 0.5829190783098362 -0.2675318849748092 0
2265 0.3442293572966511 0.6628371537550637 0
2266 -0.5707723889904238 0.6353453103381164 0
2267 -0.5701787579123625 0.9462437477692567 0
2268 0.7934669548824872 1.086390594713948 0
2269 0.3623345509318326 0.6715413298404465 0
2270 -0.6459683057510458 0.8794828811071413 0
2271 -0.336096556384708 -0.07006681111450552 0
2272 -0.5664135783416798 0.2304356739228042 0
2273 0.3439908947746961 -0.06658196959364315 0
2274 0.5183104378843334 -0.03574249251489048 0
2275 0.5139934719834366 -0.05992729455346024 0
2276 0.8927738282177794 0.005137721924885541 0
2277 -0.5297586185128569 -0.1286114849141186 0
2278 0.6452337777755622 -0.38648291689033 0
2279 -0.5710512350270331 0.5313998796713392 0
2280 0.04902677853060781 0.8047567753111651 0
2281 0.3913785266760595 -0.3106038946156008 0
2282 -0.5692981072345884 0.04480932682802402 0
2283 -0.5859413361671935 0.06314110963032737 0
2284 -0.8653878561685699 0.6503018226395222 0
2285 -0.8972411521757998 0.6414464812918159 0
2286 0.3834737146623131 -0.07291106995045005 0
2287 0.4014950160694667 -0.08761390237816569 0
2288 -0.8586708201260312 0.2329359747347537 0
2289 0.8942678559357857 0.6399930025390304 0
2290 -0.5877232396120681 0.7177529763994452 0
2291 -0.889490945651501 -0.2437979514719145 0
2292 -0.2242107871778632 -0.4055694478786536 0
2293 -0.195075121838458 -0.3935035205768485 0
2294 -0.6269607190799833 0.009861692443887127 0
2295 -0.4898459290076896 1.409263818768761 0
2296 0.2530086599583092 -0.3296767279439181 0
2297 -0.4246061310957888 1.071495511505713 0
2298 -0.4055282113229158 1.061086459302297 0
2299 -0.3921052631578949 1.013674085322912 0
2300 0.4820206253499957 -0.3882652469083478 0
2301 -0.884529363062172 -0.04824352971253587 0
2302 -0.8749938855530471 -0.01823925598040321 0
2303 0.8991356794542797 0.2287660018375705 0
2304 0.8270774526164423 0.2534426446108402 0
2305 0.4979933357859725 -0.29914125385865 0
2306 0.4530050856379633 -0.3987434551553255 0
2307 -0.2744952221869248 -0.07471469599157654 0
2308 -0.7728447613296643 1.209651171353478 0
2309 0.2599549689489521 -0.07527547349260244 0
2310 -0.4634750951541993 -0.3427973632466432 0
2311 -0.8886211099627295 0.2275917028960591 0
2312 0.06461207664206184 0.597612441693456 0
2313 0.07901167263106079 0.5877683284990657 0
2314 0.0948884377221227 0.5953931557650627 0
2315 0.09361733541679015 0.5779435115504435 0
2316 0.109380075315965 0.5855761141384818 0
2317 0.1081406807725162 0.5682969431200836 0
2318 0.1235754921580863 0.575864222144302 0
2319 0.1226344037922552 0.5585309581571667 0
2320 0.1383151383965212 0.5659199603161 0
2321 0.03008899472104152 1.139689974370692 0
2322 0.05003965403024915 1.125937571404286 0
2323 0.6420176926885274 0.2540342333752809 0
2324 -0.6218319084786614 0.6709452815939904 0
2325 -0.6446303914697197 0.6694708392387501 0
2326 -0.8930787867918731 -0.07748775906406447 0
2327 0.1372443148560617 -0.06212457367022683 0
2328 -0.2290413366855523 -0.06317216181683916 0
2329 0.07285944537367769 0.8761631864366579 0
2330 0.3706660443538033 1.162247291936052 0
2331 0.3470894311167257 1.179116028840729 0
2332 0.6400880039564961 0.6082672838747729 0
2333 0.006295312307442577 1.083792562011228 0
2334 -0.4722920138720718 -0.2624370353457601 0
2335 -0.0750950116901663 1.399448865343514 0
2336 0.2015098155097698 0.9160639912297683 0
2337 0.8463061768865954 0.4942791285384948 0
2338 0.182791890594456 0.5530962365018006 0
2339 0.4165802662307119 0.679422951947243 0
2340 0.6954034683843552 1.393178518716491 0
2341 -0.8228427577938462 0.6804824913075669 0
2342 0.2813901100857885 -0.06771387793756134 0
2343 0.05743556165655811 0.8860227313081855 0
2344 0.06073933916755898 0.9037019176449556 0
2345 -0.9018179023483365 0.9219539903907263 0
2346 -0.8854865206279504 0.8972714400963084 0
2347 -0.5733318391144742 0.1449411920607228 0
2348 0.5677876249070916 0.3991358432382761 0
2349 0.5714282000743123 0.4226931038667101 0
2350 0.4951960436346053 -0.04476785581553089 0
2351 0.4909990772592139 -0.06826721705338379 0
2352 0.4720734351840203 -0.05288848239170174 0
2353 0.4681401080689694 -0.07678077859552102 0
2354 0.4870634949397826 -0.09239716793500774 0
2355 0.03446763768469963 -0.3964612735330917 0
2356 -0.1701202323445869 -0.1358349149874437 0
2357 -0.802223082864316 0.01646107767624361 0
2358 -0.8213453212262444 0.03748882532604836 0
2359 0.3319673982014498 0.5539913513469029 0
2360 0.3477536024211688 0.5606645617957817 0
2361 0.3162722005792937 0.5474488298959057 0
2362 0.3017517754007197 0.5578979435113142 0
2363 -0.5809753995281398 0.123485457267604 0
2364 -0.6034214827848299 0.1181900748682904 0
2365 0.5593814490218396 0.06912540469890338 0
2366 -0.7270017356009523 1.291566675328227 0
2367 -0.7100940762905165 1.322813432425256 0
2368 0.7452816743928325 -0.07140691447410252 0
2369 0.003204972788045424 1.294958579071855 0
2370 -0.02060542101605852 1.31065163245964 0
2371 0.1976676804621758 1.282873647237142 0
2372 0.2227683677400479 1.265512869832867 0
2373 0.7765692472281727 0.5377897586828869 0
2374 0.1793268341346334 1.391586128805151 0
2375 0.8170697953331614 0.1922582771647369 0
2376 -0.5887879663725432 0.306059784065217 0
2377 0.1733697476424391 0.8148840476629626 0
2378 0.1891767670960967 0.8041163175470281 0
2379 0.15754807553581 0.8256101955780353 0
2380 0.289956101807611 0.9038499630347141 0
2381 0.05224088661094475 0.6228895634385984 0
2382 0.6116159317782007 0.4751989013199563 0
2383 -0.6344912004882179 0.9018648949377738 0
2384 0.7979171627816036 0.888019479239972 0
2385 0.9138006006485063 0.1205878345340842 0
2386 0.4567134494482293 0.6987148289465985 0
2387 0.4749194890504566 0.6847512353452855 0
2388 0.05590045478068725 0.868064678983574 0
2389 0.4778389019261409 0.7078729724680679 0
2390 0.4451331621230519 -0.06274272260295755 0
2391 -0.3067207157199817 1.146225334620507 0
2392 -0.4104104720893831 1.231525556014153 0
2393 -0.7888055057271286 1.128118455812375 0
2394 0.3725206536274147 -0.3981482729070369 0
2395 -0.1560933952118114 -0.08929273216451894 0
2396 -0.3556222098475726 1.072507160117019 0
2397 -0.565873511280152 0.1673058454918074 0
2398 0.6340249299794245 0.4843456055039999 0
2399 0.6363855131664541 0.5083370970472638 0
2400 0.7828641001228975 -0.394772764661081 0
2401 0.3947067940843881 1.145189971568411 0
2402 0.423157314125018 1.156218946487693 0
2403 0.6435397008844603 0.392073139962766 0
2404 0.6619505526475087 0.3771645224678036 0
2405 0.3455811420190156 0.5437441873947084 0
2406 0.3612768018436686 0.5502445217816713 0
2407 -0.08951430358853688 -0.07059169400523535 0
2408 0.9192150887057697 0.6215924857530936 0
2409 -0.2087603583358605 -0.347371488637735 0
2410 0.5566652017683812 -0.06681380155084637 0
2411 -0.6215671478664182 0.4461506805267501 0
2412 -0.6449723664469202 0.443455764166326 0
2413 0.464275140002635 -0.1011254355569392 0
2414 0.05242159401112592 1.061465215652621 0
2415 0.07389150574535337 1.072313012518812 0
2416 -0.8386338721730486 0.4653167576536566 0
2417 -0.8137082300792879 0.9775358696854505 0
2418 0.597595836510492 0.8600287474314877 0
2419 0.5986803529689499 0.8862834214503523 0
2420 0.5956441056012872 0.832754148860547 0
2421 0.0809735310692852 0.8372088697604467 0
2422 -0.8988389863707461 0.4562771774641175 0
2423 -0.6205430877223035 0.2618975510492414 0
2424 -0.642671779521597 0.2587523751354425 0
2425 -0.3046522584508662 -0.4012521419069462 0
2426 0.6582536483818369 0.3537618548593767 0
2427 -0.8208476753876581 0.110303252370008 0
2428 -0.8497020187400837 0.1039187748982348 0
2429 0.2516204425404364 1.001375458839409 0
2430 0.04782605334645493 0.7879876843968672 0
2431 -0.4796510903950595 -0.4055132629683912 0
2432 -0.448363939437107 -0.3970582653859163 0
2433 -0.566723045239808 0.4921031321593813 0
2434 -0.5756068512539173 0.4717352133686781 0
2435 -0.9177964591667431 0.480881739868698 0
2436 0.107478384433236 0.5507267787952831 0
2437 0.9148463355974857 0.4076583973636189 0
2438 0.6109617366786252 -0.2568466043929702 0
2439 0.8736791860076105 0.506240869756529 0
2440 0.8979536524410024 0.4879300851932784 0
2441 0.9019445355892147 0.5184126079738626 0
2442 -0.6437711587422195 1.054809747440128 0
2443 -0.5523922963237478 0.9835208303713756 0
2444 0.2262931471301335 -0.3384838895331443 0
2445 -0.04417615437648207 1.298107492056069 0
2446 0.005206390912385999 -0.4056892805672496 0
2447 0.8970460547808697 1.172135227605127 0
2448 0.8905898219127406 1.139773907098165 0
2449 0.9102053232144816 0.3760842283155788 0
2450 -0.04744267322705115 1.387177814480436 0
2451 0.200186984688825 0.593438119612606 0
2452 0.619059536053532 0.09294457226989306 0
2453 0.9096922625962258 -0.3166409810397131 0
2454 0.6307772982287023 0.4598299423008919 0
2455 -0.4253408648751854 1.335954406979029 0
2456 0.8574709668566227 0.9459686898088142 0
2457 0.8864536927030713 0.9593705048677061 0
2458 0.07769799445916925 0.5701129682933246 0
2459 -0.1500530824385622 -0.06747783290829545 0
2460 -0.4360459871805621 -0.1298517688114417 0
2461 -0.4298125453567961 -0.105249448477831 0
2462 0.5345127718585918 1.203537978882139 0
2463 0.5625356325991431 1.21572299469148 0
2464 -0.1243313033772258 1.403142833387731 0
2465 0.5653129765257091 0.3785628961556194 0
2466 -0.3143493530357646 -0.06433572080416505 0
2467 -0.5522041955497923 0.02684376115855769 0
2468 0.9062445673971308 0.8774407748613815 0
2469 0.9029420583330301 0.8456302481736073 0
2470 -0.566357982679948 0.309495880070155 0
2471 -0.6145938840520887 0.992543088199846 0
2472 0.1841190193624472 -0.1304559793303767 0
2473 -0.006157594487701607 -0.0664124500720602 0
2474 -0.6547474823748792 0.6491594072210045 0
2475 0.8222740650025639 1.099774927585306 0
2476 0.8487933017805145 1.080904940228808 0
2477 -0.8339730494218225 0.8331961588581602 0
2478 -0.8632593268791934 0.8310441538905733 0
2479 -0.4099022910727361 -0.1211696739094504 0
2480 0.5469047025283262 0.02396506212715477 0
2481 -0.334370880825712 -0.4091133106279697 0
2482 -0.2109613843854255 -0.2882844395258762 0
2483 -0.9085193697656887 0.9753667989299903 0
2484 -0.8900746200973222 1.003927336102966 0
2485 0.7257248973113548 1.406438399092021 0
2486 0.7524145256419652 1.386643305542256 0
2487 0.1380679518633548 0.5485989314181889 0
2488 -0.5650804915397072 0.7194064219274821 0
2489 -0.5190267961367321 1.410115831234158 0
2490 -0.3549448465452861 1.05320934773456 0
2491 -0.4577666527658489 1.410399385620012 0
2492 -0.6729081649741168 0.9343942868925809 0
2493 0.06156273897821843 0.7784871254123881 0
2494 0.04655484529319986 0.7713640169998682 0
2495 -0.9116778319040125 -0.2200668419335474 0
2496 -0.3379761413453942 1.044191164281691 0
2497 0.06016704407907289 0.7619089874284105 0
2498 0.04525330329853381 0.7548676215972269 0
2499 0.05877836487077354 0.7454630809060591 0
2500 0.2076565169457243 1.405123316196383 0
2501 0.1748493130163924 0.8340410180304167 0
2502 -0.5831369528889991 0.8200530754496387 0
2503 -0.5728276048745076 0.8412373024043216 0
2504 0.2310134138483365 -0.3125056558009416 0
2505 -0.07093527420672524 1.158098633351014 0
2506 -0.592404618141626 0.4083404503830102 0
2507 -0.1288156968945755 -0.06131313683158068 0
2508 -0.4460621789568432 -0.0872564656427155 0
2509 -0.4231854344766245 -0.08145584654712767 0
2510 -0.4388319623256152 -0.06405629675470048 0
2511 -0.5903402369823734 0.9328264661715679 0
2512 -0.5688993702319076 0.9224388935304698 0
2513 0.5506364528208485 0.4968252163218999 0
2514 0.5471603379295517 0.4731398805981796 0
2515 -0.9058819221098721 -0.0250644289890456 0
2516 -0.8987175583932622 0.005435720768790342 0
2517 0.2601411094951597 0.7256360167520572 0
2518 0.5257706971124511 -0.2889771758570459 0
2519 -0.5579836095437805 0.3305682007245137 0
2520 -0.4338478007730852 1.243722133158381 0
2521 0.6626136567813756 0.02621219399441949 0
2522 0.6374644656845878 0.5817684915357447 0
2523 0.5220264692712789 -0.01059285183192771 0
2524 0.1022499183572569 -0.1673069705620477 0
2525 0.02588410168535199 -0.1720848574644794 0
2526 -0.856255063387392 1.404524636369871 0
2527 -0.8895043599321539 1.404421233555587 0
2528 -0.823022023016153 1.403945279698185 0
2529 0.3331244816225252 0.9234729293517945 0
2530 0.311330600101016 0.9369681652198738 0
2531 0.6588657836820055 0.5662143132549893 0
2532 -0.1278929529335641 -0.3126651234329449 0
2533 -0.6779352471984422 0.7704959404274749 0
2534 -0.0393720949254661 -0.1663353570162854 0
2535 -0.6346743939419721 -0.01515034592349651 0
2536 -0.6827666503405491 0.3515814348119307 0
2537 -0.6652842822763557 0.04711270972834031 0
2538 -0.6818439671298643 0.538075972249338 0
2539 -0.7424540002425891 1.264345970334559 0
2540 0.5032919804150467 -0.2702785470449234 0
2541 0.6602449449825358 -0.2939424906940926 0
2542 0.2373529064409191 -0.1704744403460966 0
2543 0.1232251309724826 -0.1299418329184309 0
2544 -0.765290988092109 -0.2145970157107977 0
2545 -0.2881942593467259 1.15766001249075 0
2546 0.2730208366168296 0.5784493736527473 0
2547 0.2714482667766836 0.5615399173506258 0
2548 0.2560483643338221 0.5546820244633635 0
2549 0.04395208322315816 0.7384124984227276 0
2550 0.05762687293532796 0.7289592644524143 0
2551 0.04271188776609128 0.7220358010945138 0
2552 0.05529761394816513 0.7092809941905731 0
2553 -0.6735396031441419 1.412590637673838 0
2554 -0.6890629390922572 1.384422442917241 0
2555 -0.7058329754690769 1.412006226695189 0
2556 0.5492581402970671 0.3906920477505603 0
2557 0.5464234439397961 0.3711805324241436 0
2558 0.07031368585512329 0.6651023993577571 0
2559 0.05542984585362563 0.658054834079474 0
2560 0.0567006239880954 0.6743607484407931 0
2561 -0.3421911571843793 -0.1561792103651622 0
2562 0.9125614438101325 0.9408842438374343 0
2563 -0.4525808376442246 -0.2831474177375157 0
2564 0.4582351540992967 0.8472553971833234 0
2565 0.8625617204531945 0.3230335499853748 0
2566 0.8354838288611087 0.3119655406193122 0
2567 0.1390998290077418 0.5829734291390269 0
2568 0.8287395526506618 0.9328177485465176 0
2569 -0.644620485993203 -0.3054617584063198 0
2570 -0.6541825497153505 -0.3343267708391411 0
2571 -0.6327185376551732 -0.3583610088052094 0
2572 -0.6639236395245749 -0.3645398504970563 0
2573 -0.6419208735500372 -0.388707277945697 0
2574 -0.6731388694736111 -0.3959863973757162 0
2575 0.02611462734568881 1.001947638404683 0
2576 0.04976167569955831 0.9921941627607356 0
2577 0.008402286124271737 1.016393520071449 0
2578 -0.5432711306107016 1.201443761389777 0
2579 -0.6764527214293612 0.1638687663147862 0
2580 -0.5551270046249572 0.7398281989351059 0
2581 0.4751426379205063 -0.2804010768188827 0
2582 -0.5613181148119398 0.6549281013068569 0
2583 -0.5485360043304275 0.6377859306597029 0
2584 -0.5573921020615966 0.6177284276398481 0
2585 0.07690941222401164 -0.06114952678198393 0
2586 0.370139527251087 0.8742889141343786 0
2587 0.3903259975545262 0.8616471483653869 0
2588 -0.6762000874959928 0.2331110240761641 0
2589 0.7543433153486278 -0.01134938413195774 0
2590 0.4044722107439421 -0.06559070768356112 0
2591 0.387329339674938 0.8372978209736046 0
2592 -0.6795877090754384 0.419144463889553 0
2593 0.5304111734095688 -0.2600667472071109 0
2594 0.4419869248590623 0.5895456539397499 0
2595 -0.01630872281294014 1.072577873668277 0
2596 -0.9055080996312223 1.373571796521785 0
2597 0.3267397933774184 0.6547657188683971 0
2598 0.3284332417748524 0.6741214584160429 0
2599 0.3107597359904372 0.6661170521876141 0
2600 0.1736540696687538 0.6667370897096097 0
2601 -0.8290028443340458 0.2368934008483542 0
2602 -0.5603523027796552 0.06682300169869482 0
2603 0.06957423624828961 1.279662875871517 0
2604 0.4588930569259752 0.5749111945565726 0
2605 0.4397109087917677 0.5677001274291691 0
2606 0.4553760946477308 0.5536154075297978 0
2607 -0.6418680381059441 1.028961145403804 0
2608 0.6652063980661359 1.379978567762561 0
2609 0.5487775192189456 0.8375566149422349 0
2610 -0.741872390122434 -0.1242676858623513 0
2611 -0.8783026283139176 0.2564508685661293 0
2612 -0.9087039671823516 0.250966674380332 0
2613 -0.2242122784717147 -0.1242001664274361 0
2614 0.9068431450006457 0.05602606246579311 0
2615 0.9104995617158901 0.2859567869066628 0
2616 0.9150380709346386 0.317951895357899 0
2617 -0.8469284535228763 0.4359923853645645 0
2618 -0.601102741472292 -0.05310434566175848 0
2619 -0.7735709238365908 -0.05220090154279045 0
2620 -0.9020598193488373 -0.1891568745027092 0
2621 0.2702801417662319 0.5447560685480746 0
2622 0.3541419445558219 0.7678885032778054 0
2623 0.8075200854554194 -0.4148831695645625 0
2624 0.06230070507906942 -0.1301040742149943 0
2625 -0.8672922077690115 -0.2674752213104606 0
2626 -0.8990595597165276 -0.2749977268321369 0
2627 -0.8767221140641437 -0.2988599934967842 0
2628 -0.9086424874692114 -0.306425789872256 0
2629 -0.8860660750614687 -0.3304459278273517 0
2630 -0.8540862544162909 -0.3227638669113487 0
2631 -0.8633160774268692 -0.3544528415470234 0
2632 -0.8955720506190217 -0.36216000654069 0
2633 -0.8727363576117821 -0.3862424516445567 0
2634 -0.8404404982343534 -0.3784598340322067 0
2635 -0.9051240619321044 -0.394056608762524 0
2636 -0.8498543376512125 -0.4103483736346538 0
2637 -0.8175456929127614 -0.4025156247007203 0
2638 0.8382857151803502 -0.4048083461816647 0
2639 -0.6358797128687552 -0.2763368829970518 0
2640 0.2332067539648505 1.387176129997597 0
2641 -0.5094076657033376 -0.4138858283529887 0
2642 -0.5603712771782797 0.8218054503269127 0
2643 0.6157998842580698 -0.3973124474629418 0
2644 -0.4894911926583357 1.258714511426251 0
2645 0.2484866700994038 0.6518035749067845 0
2646 0.7731710955303993 -0.06150832821220886 0
2647 0.7172592242766657 0.669930866388771 0
2648 0.7199190712789214 0.6977143547078751 0
2649 0.6970287792764523 0.7140067892387084 0
2650 0.7226942483127059 0.7258996949327072 0
2651 0.6994609878290485 0.7420535463136975 0
2652 -0.6116631398462711 0.9457161881012068 0
2653 0.4116713698102168 0.8491907720376574 0
2654 0.9305496976842458 0.8588390598369285 0
2655 -0.7992631939455728 0.4972623350195181 0
2656 0.3004710371122559 0.541015416077432 0
2657 0.7665730845933028 0.4563868773862276 0
2658 0.5340194826269316 0.9339176126972957 0
2659 0.5590101370922526 0.9456505339189369 0
2660 0.5363222697656005 0.9614637437320106 0
2661 0.5613603219669036 0.9733886204906131 0
2662 0.5843817226815963 0.95734320156924 0
2663 0.5867762269444723 0.9854839731060081 0
2664 0.6099774802199608 0.9692387790955657 0
2665 0.6111010305504163 0.998631344241836 0
2666 0.5384099843902117 0.9892252505256937 0
2667 0.5134617032780703 0.9772654716426651 0
2668 0.5888617209902837 1.014049815433518 0
2669 0.3683506434654638 1.133723286749338 0
2670 0.5340002972926107 -0.3981301325806648 0
2671 -0.8043764334128034 0.8349021555573481 0
2672 0.8298131411857415 0.5564727432750387 0
2673 0.003069072332115179 -0.1281132857320914 0
2674 0.1529475737301039 0.770658789102871 0
2675 -0.7859875184286824 0.4056047676706517 0
2676 -0.783188418433032 0.5955583466841456 0
2677 -0.7997271346834821 0.6169696100889166 0
2678 0.6297908654226638 -0.194772081914395 0
2679 0.9185076969313974 0.5864078069214164 0
2680 0.6398577077966517 -0.4171426241000189 0
2681 0.6696016320657621 -0.4064613424137815 0
2682 0.6049066298581449 0.9398175520143526 0
2683 -0.6481408654755512 0.097040436025428 0
2684 -0.6111643734086807 -0.3815147939355175 0
2685 -0.6200190439890234 -0.4121124117318816 0
2686 -0.5890703774839576 -0.4048093671840746 0
2687 0.3637265152976396 0.5673412739228095 0
2688 0.3775713262538387 0.5565619188873139 0
2689 0.635717851593802 0.9817517716226638 0
2690 -0.5742707661160292 0.6994789801311203 0
2691 -0.6693125941697422 0.8376586483820361 0
2692 -0.3007777867219436 -0.2656526441977093 0
2693 -0.4157474881973108 -0.05902410529439339 0
2694 -0.303527605573293 1.272849329864363 0
2695 0.08510012321843433 -0.4078548965222611 0
2696 0.107759999439658 -0.4292345414487323 0
2697 0.1409576675170561 -0.4231742714863692 0
2698 0.3128139684246574 -0.2641377926596986 0
2699 0.3325163929032109 -0.2816952981408543 0
2700 -0.2697298554959342 1.147192945895647 0
2701 0.1723974988749701 -0.2653091045466894 0
2702 0.1021773400705288 -0.2647286224786313 0
2703 0.03202434097152242 -0.2633273822686711 0
2704 0.3122127131396413 0.6861747195001462 0
2705 0.2946304520902527 0.6781127097339501 0
2706 -0.5415918925391583 1.175031171740345 0
2707 -0.5658104306562353 1.186819455857076 0
2708 -0.5641682560211739 1.160174632068653 0
2709 -0.8769951223052709 0.8043480403307895 0
2710 -0.8935261431365886 0.8276547655123054 0
2711 -0.9077559734366072 0.8017283928677735 0
2712 -0.9277642526271748 0.8313770091878028 0
2713 0.3028462259121381 0.8025014790249889 0
2714 -0.8694925964382808 0.1263061612019479 0
2715 -0.8795102638394086 0.09775819476541397 0
2716 -0.8998150428346007 0.1207687310291694 0
2717 -0.9099738710854007 0.09150481786360415 0
2718 -0.8904358731816109 0.06838893194434037 0
2719 0.4447812324897941 0.9662427525109465 0
2720 -0.6763898294912821 0.6054786346330356 0
2721 -0.5580358054020427 0.252243387391211 0
2722 0.1223241792610684 -0.282981478681845 0
2723 -0.5645671400615938 -0.09047150721853348 0
2724 0.6450779822119919 0.2750328640205505 0
2725 -0.326388210712418 1.134363689036614 0
2726 0.2384115705664939 -0.08285007144582635 0
2727 0.2427801347453079 -0.06078620820563196 0
2728 -0.3865434034598976 1.096034575014976 0
2729 -0.3872883785484579 1.11848477192472 0
2730 0.1431048762784351 1.259611518217395 0
2731 -0.5862362829262586 0.4298505819339843 0
2732 -0.5700402071408838 0.4119094692771637 0
2733 -0.5628797149304429 0.4334031953607949 0
2734 0.2700360615821916 -0.4103102637311968 0
2735 0.2359438041772971 -0.4185316482371739 0
2736 0.2135589362813088 -0.3977492826473716 0
2737 -0.0080685628764674 1.165821105280379 0
2738 -0.2069135786330381 -0.05419438840899948 0
2739 0.1911622164599264 1.017887812921873 0
2740 0.2127115347790041 1.028666243364912 0
2741 0.1926593861327861 1.042276051567028 0
2742 0.2152421305813813 1.0520231539874 0
2743 0.3983140409171241 -0.1102799128267408 0
2744 0.7196884518015336 -0.08157285099506684 0
2745 0.7411425743848603 -0.1000321308474079 0
2746 0.7835676021416903 0.5924954421242488 0
2747 0.1104574374557748 0.6028102038159946 0
2748 0.3939575782348871 0.6497434198870996 0
2749 -0.376704113247851 1.367303181285745 0
2750 -0.4017511639309286 1.381937694142882 0
2751 -0.377498041123264 1.397288647902951 0
2752 -0.4035341160577837 1.412602871106058 0
2753 -0.3298978098805809 -0.04927810375882025 0
2754 -0.3502545743540297 -0.0522668888755472 0
2755 0.7457458533098401 0.7098213757822427 0
2756 0.74870699136382 0.7382182291570075 0
2757 0.03803107588306354 0.7062662026091903 0
2758 -0.6655925980212525 -0.2827543230764022 0
2759 -0.6568024430753496 -0.2537707572952483 0
2760 -0.550267256050252 0.8421233095169178 0
2761 -0.5622500053525059 0.859800311595425 0
2762 -0.544648622279603 1.226798685804136 0
2763 -0.8700324733706459 0.5919787308301254 0
2764 -0.9012821036208973 0.5875195073048887 0
2765 -0.9119934324238252 0.5602502627599126 0
2766 -0.3260752156867037 1.156696829434998 0
2767 0.9153080058331615 0.9729010035822818 0
2768 -0.9203406213994716 0.06178311295194716 0
2769 0.4962681236364044 0.6933758318402202 0
2770 0.4932236739271325 0.6706588549223487 0
2771 0.515104588431454 0.6790322550711926 0
2772 0.196596428365611 0.543670708966155 0
2773 -0.6102986993920198 0.05804923121158645 0
2774 0.3913136968908717 1.117131190467509 0
2775 0.0525498198358568 1.149958639072608 0
2776 0.07274574732819325 1.13639947552906 0
2777 -0.6663314862628541 0.1169311243705405 0
2778 0.1689516301720522 0.5627020491660472 0
2779 0.1678320590042775 0.5461952914174971 0
2780 0.1699372669302295 0.5794352219634267 0
2781 -0.1427785306245301 -0.3695849427897924 0
2782 -0.1219285202683475 -0.3903180106129042 0
2783 -0.5733848554217069 0.2092494462861966 0
2784 0.6802516595142281 0.3622822596106394 0
2785 -0.04161452591169332 1.326103023276616 0
2786 -0.8255650300228081 -0.4395276308260426 0
2787 0.1877300261977513 0.7843189087843703 0
2788 0.2057078075182818 0.7937313506034995 0
2789 -0.3706509592366905 1.257740046371299 0
2790 -0.6722429384686619 1.358987785506344 0
2791 -0.2732434416419658 -0.1625555860994673 0
2792 0.2672731562161165 0.9409373973159388 0
2793 -0.7831901441619572 0.07069449311901427 0
2794 0.02727333709770276 -0.4268521208385592 0
2795 -0.6607571674453426 1.105242784557265 0
2796 0.7153382199036222 -0.1103499288124383 0
2797 -0.5587032505686386 0.1276663422646419 0
2798 -0.6352642897877168 0.6909336439997378 0
2799 -0.658775699628654 0.6892444837219578 0
2800 -0.1089658859466739 -0.1637807359473755 0
2801 0.9181179448909023 0.4392271608984676 0
2802 -0.08289500147580249 -0.1317148024618059 0
2803 -0.2535836513171226 -0.4144172087180343 0
2804 -0.2254184569867354 -0.4385656065141023 0
2805 0.6687678615137835 1.412782972618815 0
2806 0.6383925690115132 1.39956249857342 0
2807 -0.8233743822045678 -0.0365549632978508 0
2808 0.01039143207462207 1.039292074412935 0
2809 -0.01028359248238669 1.028546086597093 0
2810 0.3303795055851743 -0.1607347556905514 0
2811 -0.7875598648214834 1.025477541108825 0
2812 0.3554300377743208 -0.2727623277486404 0
2813 0.2086296475104411 -0.124936685754697 0
2814 -0.5706544832835725 -0.1592399322710285 0
2815 -0.838926471811652 1.435563942251121 0
2816 0.3542687293077821 -0.1271347935089969 0
2817 -0.2813400714036429 -0.2852453119002899 0
2818 0.9140969276904776 -0.2838733923144339 0
2819 0.05194926944441061 -0.2817987413628982 0
2820 0.5882486108061796 -0.2386472292164595 0
2821 -0.7886756727081106 0.6402623130896035 0
2822 -0.550173301599586 0.935639856661013 0
2823 -0.3782158942828581 1.427689691354335 0
2824 -0.3521869699158287 1.414101942810646 0
2825 -0.3129179197696973 -0.431069970065436 0
2826 -0.2033430240429021 -0.1669121350828843 0
2827 0.1623586061263827 -0.1379600057047841 0
2828 0.8331520645476045 -0.4397314046808267 0
2829 -0.4552273823249676 1.230350444817143 0
2830 -0.5517202880655101 0.2134887530211986 0
2831 -0.04870942113230093 1.416157822249024 0
2832 -0.07276192887070571 1.432247850105322 0
2833 0.3484661473998723 0.7042305849735081 0
2834 0.8191583401928662 0.4817643052405845 0
2835 0.04966879888649296 1.413856382283268 0
2836 0.02827204923883615 1.432919818275201 0
2837 -0.4226869673794206 1.049699720646048 0
2838 -0.4432669490482296 1.058997142187934 0
2839 0.4284793405416156 1.215449855910097 0
2840 0.772470490815773 0.7213764567320321 0
2841 0.1588419790364484 -0.05556849440924228 0
2842 0.4400790581850984 0.710522421939034 0
2843 0.9206553061194247 0.1554638431512542 0
2844 -0.5744453701057359 0.288389512265094 0
2845 0.4200413176219058 -0.1025425422095292 0
2846 0.3246519465535774 1.225973040918049 0
2847 0.2974979380583995 1.21383320899798 0
2848 0.2730548875146997 1.23097818520409 0
2849 0.2707940936706644 1.202256823210047 0
2850 0.2458408736836922 1.219424842126178 0
2851 0.2945743524218572 1.185127622166147 0
2852 -0.1353394747475184 -0.2651839527268787 0
2853 -0.9186863329266164 0.2216849115699206 0
2854 -0.9165236350910765 0.8945088869871402 0
2855 0.0988752592601525 -0.05496268014834571 0
2856 0.04468929830015102 1.324291976899286 0
2857 -0.1990032232500506 -0.09705115416148979 0
2858 -0.5533225155699857 0.4745060937471499 0
2859 0.8902259337002182 0.9914221135853316 0
2860 0.917971152961538 1.005180185339556 0
2861 0.8931272122554451 1.023777547703993 0
2862 0.9260678050045084 0.499890337712885 0
2863 0.5294617197366199 0.4884238355509205 0
2864 0.3530885180577237 0.9107670872052035 0
2865 0.5142457429551971 0.06730181316061529 0
2866 0.3809286404840455 0.5737196636135554 0
2867 0.3950381392538369 0.5627478849783797 0
2868 0.390905328448134 0.5450861530987129 0
2869 0.5580629085719222 -0.4174431915620842 0
2870 0.04203467164433526 0.6673180636462334 0
2871 0.04082769016299787 0.651322603923894 0
2872 -0.589257914294085 1.170868121302278 0
2873 -0.5880054973623099 1.144749419759763 0
2874 0.6618634821887965 0.261904928909707 0
2875 0.5072768407400258 -0.2422218816542681 0
2876 0.1585325186040194 0.844383720755572 0
2877 0.1416228555076866 0.8363903642797151 0
2878 0.142535528775388 0.8551391865172235 0
2879 0.1264089022553095 0.8464183275978456 0
2880 -0.504121162556233 1.436704680409273 0
2881 -0.9220649545784463 1.400783982909843 0
2882 0.1924922138299648 -0.2884612247101457 0
2883 0.5659477274951616 1.246225638010086 0
2884 0.5912034397874718 1.227897961495571 0
2885 0.6527558806861037 0.4680816209759785 0
2886 0.6502868462505114 0.4440659707145442 0
2887 0.6589291843538414 0.2400217540139562 0
2888 -0.6536024676359183 0.003447564286451876 0
2889 0.3084158255335454 -0.2899290232450229 0
2890 0.663974119611459 0.2825144784869635 0
2891 0.9438472150359831 0.4187577181161795 0
2892 0.2463853828480733 0.9315638327129681 0
2893 0.2161822367646984 0.6186432403846602 0
2894 0.1786055921422317 -0.1527724775386599 0
2895 -0.1578997147515715 -0.3195129790431155 0
2896 -0.8502331804525782 0.8575541326761997 0
2897 -0.01682184639634754 1.340865843359701 0
2898 0.4498374599554377 -0.03556020129048654 0
2899 0.2053520590677585 -0.4266023244476556 0
2900 -0.8090999065748494 -0.3701414164573384 0
2901 -0.7868156305617502 -0.392590928902929 0
2902 0.4344986194453172 0.5463436563631126 0
2903 0.1958015794538801 1.253585739844596 0
2904 0.1753442881431334 -0.3519997930225414 0
2905 -0.4004998003265667 -0.07458533025029912 0
2906 -0.3918507567342239 -0.05519439679125726 0
2907 0.6338930153684903 1.011776859867448 0
2908 0.03482736890420771 0.7972011172263092 0
2909 0.7377648226883131 -0.1272840433289462 0
2910 -0.4801865708896132 -0.2901974523645539 0
2911 0.1418620805968042 -0.04082543804359873 0
2912 0.740309034442897 1.089806982243933 0
2913 0.7430858564942768 1.120702044932656 0
2914 0.7176916550157202 1.138510577447761 0
2915 0.7454914027751314 1.151219928496805 0
2916 0.7204756238769094 1.168868457792728 0
2917 0.7713240545382312 1.133530774069158 0
2918 -0.6360513508902319 0.4653379044209117 0
2919 -0.6594429206234798 0.4628477103989802 0
2920 0.6191329694683383 0.8431975344927871 0
2921 0.6170953120047344 0.8180823003811464 0
2922 0.6741150711304 0.7298218769967704 0
2923 0.6763190353685282 0.7580839392529425 0
2924 0.8318948603653445 -0.2572206137241785 0
2925 -0.8591068573453828 1.002315626915316 0
2926 -0.8748870491952975 1.028536211680029 0
2927 -0.9065167638069543 1.030672298150529 0
2928 0.03555175069444544 0.8133873720678629 0
2929 0.5666781383493493 0.4591847599406412 0
2930 0.5455496588836065 0.4485530889652571 0
2931 -0.8334131045996107 0.01192963835694399 0
2932 -0.850192871762844 0.0324635754144954 0
2933 0.3854236975785613 -0.05186344302085322 0
2934 0.9290947550614836 0.5310552195007205 0
2935 0.2937069887947918 0.6580533379990909 0
2936 0.2779354029370936 0.6696550510619887 0
2937 0.2793089744330005 0.6881273716579929 0
2938 0.5156794793761965 0.1050016712144404 0
2939 0.5305374703041701 0.09422251600854847 0
2940 0.5339359575123792 0.1131746257832383 0
2941 0.7986754702498529 0.5230605676087546 0
2942 -0.5531362771517531 0.7003015877293381 0
2943 0.7016072780005433 0.7699778412637065 0
2944 0.6782372172699237 0.7857764498529373 0
2945 0.6530753302375877 0.7740181974960466 0
2946 -0.3725118505015809 -0.120130661207934 0
2947 0.7566211812529878 1.418820442627996 0
2948 0.7830407505036145 1.399648234944116 0
2949 0.7790301322685598 1.366797563624427 0
2950 0.8096922361506297 1.379780481619655 0
2951 0.8136511478315818 1.412947025030032 0
2952 0.8404156278353565 1.392908718363339 0
2953 0.8364156287617895 1.359706742217505 0
2954 0.8671707753540174 1.372826804028692 0
2955 0.8631366329737797 1.339608316653252 0
2956 0.8939297732220941 1.352725115222007 0
2957 0.8898841316217263 1.319462162463778 0
2958 0.9014274388995513 1.387570441990941 0
2959 0.9207412357711713 1.332600515360153 0
2960 0.8323108337926209 1.326783869174192 0
2961 0.9160446427206659 1.300786232012294 0
2962 0.8859487700517846 1.286778511982521 0
2963 0.9127122382876764 1.271379747766173 0
2964 0.8434820795655995 1.42630507940514 0
2965 0.01393286620636669 0.9332173937146766 0
2966 0.03087433919838707 0.923786824841206 0
2967 0.03250770273608369 0.9442627199710769 0
2968 0.04932446501904073 0.9338897403342498 0
2969 0.05070325348372123 0.9545256101705315 0
2970 0.483751075687732 -0.1163529960075669 0
2971 0.2367183775916192 1.417755718671585 0
2972 0.2622268973845975 1.400433230763457 0
2973 0.2660444130266035 1.431924484029959 0
2974 0.2914116469116979 1.41364026041109 0
2975 0.2425220791287845 -0.2642463651352194 0
2976 0.2622750033213688 -0.280981311114703 0
2977 -0.6354001831017622 0.2808961016285543 0
2978 -0.6581278205639417 0.2773910003969804 0
2979 -0.7822532670218805 0.2159304128614108 0
2980 0.4973927595624563 0.7185706553202807 0
2981 0.6924020750693756 1.156056439285188 0
2982 0.6965895788457417 1.185680130995228 0
2983 0.7573171666227793 -0.3746616476175129 0
2984 0.7520823743470554 -0.4108133029706402 0
2985 0.04307579464804145 0.8947473063460053 0
2986 -0.7120437169140645 1.265125676128906 0
2987 -0.7274145415042956 1.238301440297753 0
2988 0.03202736369633741 0.7636884549314439 0
2989 -0.06697960144395175 1.013794577289485 0
2990 -0.07737264311598177 1.032193654993061 0
2991 -0.09690693864560643 1.032734525920685 0
2992 -0.05648706767660026 1.033641444051928 0
2993 0.05366995485383866 1.085524168639752 0
2994 0.07254657082239009 1.095007080532634 0
2995 0.09534341401458746 1.083040216167387 0
2996 0.09425579251372138 1.105817024038714 0
2997 0.1183511968250255 1.094114382557474 0
2998 -0.4618859371274638 1.306885118438904 0
2999 -0.802878942085866 0.4271601382225908 0
3000 0.2888675443421342 1.382156112612603 0
3001 0.3179107521459883 1.395745528604537 0
3002 -0.552119623621466 0.2947710874847816 0
3003 0.8886700100944744 -0.2644956030421817 0
3004 0.9186161132128376 -0.2506028426953083 0
3005 -0.3079964416586459 -0.2926082562470637 0
3006 -0.7214766955627143 1.385571187470191 0
3007 -0.7361212768608669 1.411888068743003 0
3008 -0.7230169152832612 1.44164130919136 0
3009 0.3582723518354076 0.5337016833769175 0
3010 -0.4997740591732877 -0.2697338331610301 0
3011 0.9210695496667781 1.037583476114621 0
3012 0.8961880845491518 1.05628204297564 0
3013 0.9237963715645489 1.070228513512729 0
3014 0.474137782369168 -0.4193763346271334 0
3015 0.4457626814663478 -0.4306059140686365 0
3016 0.7758606331009514 0.7494829845343514 0
3017 0.7986249460056231 0.7337778853762381 0
3018 -0.4480706540037374 1.284165226565809 0
3019 -0.5480301583116753 0.417002099299021 0
3020 -0.5541957143866724 0.3944522883301442 0
3021 0.5061665844820369 -0.1116603152252162 0
3022 0.06776108319774374 0.9444958761134912 0
3023 0.8648221924790558 -0.4243182817194245 0
3024 0.9218394899172273 0.6532520748030065 0
3025 0.8975257778104961 0.6703964195868721 0
3026 0.9255954386554244 0.6849543245453824 0
3027 0.8980671278151948 0.7033173067334277 0
3028 0.02635864249885995 -0.2900090444069996 0
3029 -0.8111613158085508 0.5919811123868541 0
3030 -0.8281368081071971 0.6111362102582689 0
3031 -0.813512506022863 0.4016275032670741 0
3032 -0.8909330109183939 1.054979168756834 0
3033 -0.3990436529181673 -0.267510271997101 0
3034 -0.7827674760579729 -0.004565883193377918 0
3035 0.4241296981693014 -0.4082228304679614 0
3036 0.5933251441780956 0.8063381795848605 0
3037 0.6151754810260395 0.7896188452504663 0
3038 -0.5657012669045923 0.1057825989776173 0
3039 -0.1442313384372389 -0.04632661062201682 0
3040 -0.1639798697874268 -0.05156293116677002 0
3041 -0.3720088419133648 1.062124717284811 0
3042 -0.3712335628179548 1.042746315549815 0
3043 0.2551409824218676 0.5387541937436574 0
3044 -0.231013631085477 -0.2694924923279366 0
3045 -0.06500049271164766 -0.2686877931606858 0
3046 0.8815481985497819 0.3679238146783574 0
3047 -0.928014113899168 -0.001927300351732275 0
3048 0.2334764352142434 1.037927494286539 0
3049 0.2225737809488888 -0.4466863418259912 0
3050 -0.9225970265683108 1.058996684500659 0
3051 -0.9059419086425862 1.083439683259436 0
3052 -0.5625061472911491 1.385577212504626 0
3053 -0.5418830366262783 0.1111800794748956 0
3054 -0.5139099814174339 0.9341488019668447 0
3055 0.4202305545035113 -0.1223901443378979 0
3056 0.750599102375352 1.180036007707361 0
3057 -0.8993390816308212 0.2793406447224051 0
3058 -0.9292896659035083 0.2745389685802415 0
3059 -0.9213126762425627 0.3056869013342279 0
3060 -0.7920781886244086 0.452214482904022 0
3061 0.1676393343714916 -0.3818320945958185 0
3062 0.9007456646580878 1.087742685582947 0
3063 0.9258033470558055 1.096801429067008 0
3064 0.07653183266590546 1.160780475028834 0
3065 -0.08727015959390012 1.049293223400821 0
3066 -0.1061407420506255 1.049712161657117 0
3067 0.9390818085620031 0.2975979801929214 0
3068 0.6366121883076372 0.5566262959565625 0
3069 -0.5495440730301123 0.9127636516151407 0
3070 -0.5686336796942097 0.9008695338616641 0
3071 -0.5512274019947887 0.8917032837662759 0
3072 -0.4338875151743937 -0.01742203911411 0
3073 0.320199411425435 1.426053989352886 0
3074 0.3470599734210411 1.408874934435947 0
3075 0.3442630292533422 1.377275046117945 0
3076 0.3733163295621494 1.390486443929781 0
3077 0.3512077742164803 1.442698073795028 0
3078 0.3680719194123165 1.358321665219866 0
3079 0.3978557771560447 1.371651916773223 0
3080 0.4022314087879971 1.403809942891748 0
3081 0.428406122947127 1.385146516023466 0
3082 0.4317655495184869 1.417202580656239 0
3083 0.4579845004214279 1.398412430768209 0
3084 0.434433589106922 0.5135736028073923 0
3085 0.02458008485000555 1.280866346990454 0
3086 0.03308040725094457 0.9627695408273558 0
3087 0.656035013864295 0.8038926223956819 0
3088 0.6834233223223398 0.8132741352040043 0
3089 0.2064000545880438 0.8119906249307752 0
3090 0.5125085047025526 0.4332431188139073 0
3091 -0.6488939806458018 0.7112774447985935 0
3092 -0.6729408492549137 0.7094896444937805 0
3093 -0.6664885138718435 0.7311320131952879 0
3094 -0.0121780862053239 0.9831919593577848 0
3095 -0.6635646748496931 0.899589875210253 0
3096 -0.6710369801585883 0.877917238997628 0
3097 -0.9287707721965532 0.1161283012973957 0
3098 -0.9198426925953032 0.1456864610399262 0
3099 0.4533036125326596 1.36619546113347 0
3100 0.4834744709409743 1.380621363727637 0
3101 0.4874440719823562 1.411786999966505 0
3102 0.5131964803125395 1.393981714427426 0
3103 0.5176500839708269 1.423911956689051 0
3104 0.5435753778822566 1.405921943459152 0
3105 0.195951517752753 1.064384520243242 0
3106 0.1721347267557192 1.055522752038716 0
3107 0.1757547170226117 1.078091430723351 0
3108 0.1516391946852106 1.068729608137826 0
3109 0.4829935137902069 0.4829415998130449 0
3110 0.4911350808004721 0.5050657648073164 0
3111 -0.4605389500133507 1.004737055337631 0
3112 -0.4815792521565443 0.9940680379026965 0
3113 -0.4808089565647533 1.01596621047567 0
3114 -0.5010356866885632 1.005149680611712 0
3115 -0.5005062086406801 1.027345332519113 0
3116 -0.4802974175590554 1.038337758524531 0
3117 -0.5199374630431266 1.013061544633959 0
3118 0.1814975302828674 1.422321280338033 0
3119 0.1536375321929807 1.408132913464641 0
3120 -0.8726313580102969 0.398285724718165 0
3121 -0.9021656048578591 0.3949482729829938 0
3122 -0.9135298748884899 0.3658141277943027 0
3123 -0.932600274501036 0.390039241904672 0
3124 0.4803108072068035 0.7313941757057096 0
3125 -0.5107867985414831 0.06108700415095591 0
3126 0.4856171127228067 0.01391556152413853 0
3127 0.4822925675878621 -0.00936998101856179 0
3128 -0.4844845152676703 0.01744014477303313 0
3129 -0.5086404157736345 0.01572956837864226 0
3130 -0.4942071940100425 -0.005100420821691709 0
3131 -0.4748826188448331 -0.02547276580144231 0
3132 -0.4034102098734967 1.03963902001976 0
3133 0.2225176192636465 -0.06812498425909486 0
3134 0.2271584468683471 -0.04795649369924881 0
3135 0.2052419790326661 -0.05350302717165634 0
3136 0.03383189496829526 1.162735842435372 0
3137 0.6169213940677956 0.5982303508353268 0
3138 0.6186274150407478 0.623970949581105 0
3139 0.5959133780019391 0.6137417480631492 0
3140 0.8472099281833771 1.117637959453815 0
3141 -0.5993889767981155 0.08113182588965673 0
3142 0.6583505144770766 0.5403834856030071 0
3143 0.1756886534066064 0.8523831593762788 0
3144 -0.5944320644806502 0.6962738184971943 0
3145 -0.2253586618471103 -0.03993124102461987 0
3146 -0.2443220563248434 -0.04716471855292659 0
3147 -0.648029302017424 0.9385739527990778 0
3148 0.9263346669887347 0.8267013064042051 0
3149 0.8993146432438981 0.8133147809124825 0
3150 0.923506182302259 0.7944063582159137 0
3151 0.8956268404309693 0.7811853646701192 0
3152 0.9214445176427344 0.7628650109592252 0
3153 0.892096400387468 0.7497765629318507 0
3154 0.866667779885225 0.7681776612978155 0
3155 0.8627317564281314 0.737885961996136 0
3156 0.8399401009941641 0.7576186555721085 0
3157 -0.2343852099389532 -0.296268308638425 0
3158 0.5282444457255214 -0.4280471513108752 0
3159 0.5117591617706509 0.6560019372104147 0
3160 0.5343395652563735 0.6645333929354951 0
3161 3.003895199036345e-05 1.39015192251256 0
3162 -0.5160081408453641 1.257984698315511 0
3163 -0.413316704065091 1.256308606512968 0
3164 0.6079576692331208 0.4523418401250912 0
3165 0.1556429195842413 1.09124143251613 0
3166 -0.5390533788678654 0.4362019453747785 0
3167 0.09725293442301887 -0.2910061167689377 0
3168 -0.1515004453494592 -0.3988304642379648 0
3169 -0.129854966371925 -0.4203076913503681 0
3170 -0.09750034456159352 -0.411825530425129 0
3171 -0.8301312193211807 0.08223379743107273 0
3172 0.3290159972477141 -0.3094669125727365 0
3173 0.4695222204246432 0.5219877592739458 0
3174 0.4911848792799764 0.52770395053134 0
3175 0.5078248550086686 0.515076600771283 0
3176 0.5341482703172896 0.4266346456392211 0
3177 0.6840026413970838 0.3860897479736414 0
3178 -0.0002719887838746211 -0.4374681806778871 0
3179 -0.02874288829874163 -0.417811757468563 0
3180 0.4310382481010573 -0.04590062563860775 0
3181 0.929959632772229 0.7165043546966841 0
3182 0.8315488190269625 0.9641931040077854 0
3183 0.8032504431738474 0.9497356839816524 0
3184 -0.9191122866704814 0.4207956160822712 0
3185 0.919027186087084 1.150089768211543 0
3186 0.9227015764285911 1.183933762788047 0
3187 -0.1236896324507788 -0.03962204645438472 0
3188 -0.4570983878546144 -0.4266843506114255 0
3189 -0.4265183403953363 -0.4186976313605275 0
3190 -0.4183699279135815 -0.3899729722720459 0
3191 -0.3968112934974414 -0.4160607140931202 0
3192 0.3138885321460292 0.5317631911929709 0
3193 0.6758005594465707 0.4520887309104437 0
3194 -0.6649295979977321 1.040544244110747 0
3195 -0.4046706977806618 1.441297105501331 0
3196 0.03991530955374925 -0.1355166956704145 0
3197 -0.3769419641678459 -0.06979582997226408 0
3198 -0.8040990921741413 1.439878456808888 0
3199 -0.7916032459521098 1.405009765169068 0
3200 0.08359826349733022 -0.03947891836190276 0
3201 0.06253668091479005 -0.0462691319700661 0
3202 0.2049447372714923 -0.3178000776765584 0
3203 0.3903519101041948 0.8827115988303953 0
3204 -0.905393421345102 1.433564659649786 0
3205 0.0436869321978043 0.6827373863984998 0
3206 0.05964272701657515 0.6913585193870031 0
3207 0.9494895525575971 0.63596023357002 0
3208 0.6587545389291403 0.9944777062389349 0
3209 0.09599769820738444 1.147129179697985 0
3210 0.1291580160580716 -0.4489103174973489 0
3211 0.4064447525046704 0.8232437604369499 0
3212 0.9525572457548703 1.085705138634453 0
3213 0.9434824083959259 0.3287670797046821 0
3214 -0.6695041298899622 1.065514568139319 0
3215 0.1026175300698271 -0.1397648040737449 0
3216 0.1662569818807541 -0.2890045739854546 0
3217 0.8168816203566327 1.446168707820232 0
3218 0.07076340233891484 0.9636866736952293 0
3219 0.08742737243593209 0.9542778931852828 0
3220 0.2371441886695021 1.064206145017657 0
3221 -0.6507518834030415 0.4848844994045834 0
3222 -0.6747067439808832 0.4820529649169693 0
3223 -0.6657871649184923 0.4996544455717523 0
3224 -0.4485661581501356 1.382949409864915 0
3225 -0.5968566360949066 0.4684073131232127 0
3226 0.2181085505089532 -0.1511518041667954 0
3227 -0.3823743039545828 1.460427436152864 0
3228 0.908133614687185 0.5522766156745288 0
3229 -0.5246953339094023 0.03986069489252941 0
3230 0.9387943844492856 0.1317567278199911 0
3231 0.9380657066234522 0.1006244073051747 0
3232 -0.9302697630189083 -0.370168542206717 0
3233 -0.1581681178914157 -0.4318226660902229 0
3234 -0.6498206868598604 0.3000361982968857 0
3235 -0.6735598299399891 0.2963022576890839 0
3236 -0.6653395399318217 0.3140645429612363 0
3237 0.6438884611227923 0.8756175784716086 0
3238 0.6455907947021031 0.9006767952220719 0
3239 -0.3403617721527128 -0.0334109783164539 0
3240 -0.409169311913515 1.013691661133302 0
3241 0.9569161651444039 0.5138144344673555 0
3242 -0.9292195669195249 0.5869779494440306 0
3243 -0.9178766712712995 0.6139718693844289 0
3244 0.2675340018488948 0.9179181986444296 0
3245 -0.06352693031130363 1.316448412191767 0
3246 -0.06560883026979687 1.287216947423914 0
3247 -0.5183354133079411 0.9911290797532273 0
3248 -0.2694023208809579 1.169260461525393 0
3249 -0.2484473259516854 1.156982217538943 0
3250 -0.5955169640995743 0.2855142471981713 0
3251 -0.6497956317531318 0.9784628543530147 0
3252 0.5153958847216072 1.004965387479307 0
3253 0.4903273854160377 0.9929946531827938 0
3254 0.543283667648837 1.013822401800633 0
3255 -0.6412986936743283 0.1229167050100953 0
3256 -0.6628678689651677 1.016218832356423 0
3257 -0.4026388317862083 -0.4441854973820709 0
3258 0.2634866400657926 0.679505668991889 0
3259 0.2644795271347472 0.6973912990025528 0
3260 0.6109805228992192 -0.4278572005192155 0
3261 -0.3895045247231765 -0.1048957629675721 0
3262 -0.367529702426751 1.107866764452119 0
3263 -0.3677324639203426 1.131482360783003 0
3264 -0.3467609820953785 -0.4436655079067658 0
3265 -0.1937001303434036 -0.3061809244807827 0
3266 -0.5439281036535176 0.4949545538835744 0
3267 0.2960990755967271 0.5242786917501536 0
3268 0.02346667373016759 0.8049892186680907 0
3269 0.8345430178014125 0.7241132420172092 0
3270 0.0666243248531718 0.8462511134840588 0
3271 0.0510629703639047 0.8386268940700552 0
3272 0.08281399691922164 0.8533446971878418 0
3273 0.09642370191810536 0.8451722552766932 0
3274 -0.9388611772584221 0.8012883030747913 0
3275 -0.9198715914397388 0.7710718688655109 0
3276 -0.9543635459049492 0.8254290310095826 0
3277 -0.3873881017182937 1.142943700098225 0
3278 -0.117986873870296 1.031268598289806 0
3279 -0.1252347365804118 1.05008196887395 0
3280 -0.1363753759924227 1.035901582819544 0
3281 -0.1432971486163953 1.05119306200674 0
3282 -0.1536970508257611 1.037327078492278 0
3283 -0.1614394619165874 1.051926738630735 0
3284 -0.1710110512646108 1.037449226887565 0
3285 -0.179244962917167 1.0523677480644 0
3286 -0.1878742110307104 1.037575151969757 0
3287 -0.1968793256862278 1.052783796932864 0
3288 -0.2046184714444528 1.038349558967961 0
3289 -0.2144481891247383 1.053314313686944 0
3290 -0.2228642011187018 1.039307834028292 0
3291 -0.2325080452723735 1.053582703222158 0
3292 -0.2416128043359906 1.039511047376004 0
3293 -0.2498884172019623 1.053114638613036 0
3294 -0.2593923095210511 1.039083419886171 0
3295 -0.2673669412298981 1.05343917338942 0
3296 -0.2770503434458378 1.039864010216885 0
3297 -0.178619768712748 1.024506562865908 0
3298 0.4619527348952616 -0.128065643879086 0
3299 -0.05782413064195986 -0.1491021801935879 0
3300 0.2685978302344766 0.5302075809731215 0
3301 0.07270911549666839 0.7356413259372382 0
3302 0.02113303464464042 -0.4581621999007285 0
3303 0.8389984995974927 0.3408287625603647 0
3304 0.8143008423699267 0.3272516318874334 0
3305 0.8111100708093926 0.2999315761027179 0
3306 0.3566515359617181 0.9354686020801364 0
3307 0.5628882867122095 0.3587967650548284 0
3308 0.5442144319483224 0.3522724890684042 0
3309 0.5608356126505097 0.3395050338637142 0
3310 0.5429476669969545 0.3334415326683535 0
3311 0.5564910545877978 0.3223486266762683 0
3312 0.5400446776921265 0.3155664336596095 0
3313 0.5528872221699612 0.304443901074709 0
3314 0.5372836263234566 0.2978983350424423 0
3315 0.5509465634858877 0.2867137267932831 0
3316 0.5362933246541812 0.2799424907507572 0
3317 0.5489059672276697 0.2691376926044533 0
3318 0.5647343057924089 0.27588199913171 0
3319 0.5618001060610474 0.2575564804754187 0
3320 0.5458827295774378 0.2513849301869573 0
3321 0.5587567721116189 0.239670071965046 0
3322 0.5431113688894267 0.2338631908897826 0
3323 0.5562078432685551 0.2225889992567342 0
3324 0.5405082950379638 0.2159785256957209 0
3325 0.5291714169315156 0.243374596378511 0
3326 0.5537664868507534 0.2053702508344883 0
3327 0.537778474995031 0.1982515608948263 0
3328 0.5511311567926349 0.1888485498038815 0
3329 0.5355899875365279 0.1821336492321694 0
3330 0.5484664777371059 0.1714319168515712 0
3331 0.5236822956480524 0.1928466757389048 0
3332 0.5262777884006851 0.343131561079413 0
3333 0.5295715943794448 0.1658645817534972 0
3334 0.5445186696606312 0.1542235354211078 0
3335 0.7510565886013915 0.7679532868969707 0
3336 0.1148583986732079 1.117210910995464 0
3337 -0.9395170567259045 -0.4025768963444207 0
3338 -0.9152968881551089 -0.4243634714940591 0
3339 -0.952018879412051 -0.3434692229112464 0
3340 0.2679663771551924 1.173187193041388 0
3341 -0.2385150200639515 -0.02611485301855521 0
3342 -0.4178317571131502 -0.147945727300551 0
3343 -0.936729563461647 0.9224000711530129 0
3344 -0.1362987389139754 -0.4512869726634758 0
3345 -0.1896013713074261 -0.4410129158052059 0
3346 0.4392252747722517 -0.01209939487268996 0
3347 -0.5983534146097744 -0.4374069202841422 0
3348 -0.5666360172739404 -0.4319626201767851 0
3349 0.2217868174013926 0.80055142343915 0
3350 0.221126090580907 0.781637341140392 0
3351 0.2246171652264621 0.821227454516723 0
3352 0.679865078329939 0.3366962123412402 0
3353 0.6546989363703053 0.331862623290767 0
3354 0.6725570233204979 0.3153128749627071 0
3355 0.3763447059356866 -0.142308738869678 0
3356 0.4124019620482051 0.5495104068400219 0
3357 0.4125084476004515 0.5706557415073571 0
3358 0.8003380146634673 0.7633168658724672 0
3359 -0.8980052772877474 0.8727011806486479 0
3360 -0.9319446001039138 0.8660108986957307 0
3361 0.3413561086494086 0.5262410337064912 0
3362 0.5091484185260869 0.01335192012270159 0
3363 0.522712841202863 0.03189452524812275 0
3364 0.6168659618729609 -0.2232138134121168 0
3365 0.6398571142419711 -0.2456367389576789 0
3366 -0.5417517402704508 -0.4543027681554275 0
3367 0.5711168528880923 0.2114872633490772 0
3368 -0.9392147052609697 -0.1929669396741309 0
3369 -0.923296573230763 -0.1607828524868152 0
3370 -0.9436064037378178 -0.230180717027358 0
3371 -0.7770807068787685 1.432213764141349 0
3372 0.05796027401468665 -0.1555840274258498 0
3373 -0.2511498836011424 1.023597502439635 0
3374 -0.6116538757546641 0.9198887785521404 0
3375 0.02973243614959144 0.7162585556647216 0
3376 0.947594797000555 1.312433231003383 0
3377 -0.5340080035449127 0.06998402974201334 0
3378 -0.516890639124249 -0.009000410465940467 0
3379 0.02980287523824744 1.072929598909805 0
3380 -0.1419117314625348 -0.02735108094915695 0
3381 -0.9400706056176198 1.431853547860684 0
3382 -0.5361804708236821 0.8212152627152038 0
3383 -0.5479507021470216 0.8033168654528884 0
3384 -0.5292182612147686 0.8445094017648525 0
3385 -0.9465218403649309 0.3557437305633097 0
3386 0.5600330386822117 1.184791855495256 0
3387 0.5302299696087105 1.175083299664569 0
3388 -0.6254745642982524 0.08039573065734518 0
3389 0.9406868531788644 -0.3009065513862139 0
3390 0.9409003905358362 -0.3314860591554393 0
3391 -0.6355688482388009 0.05305227257692302 0
3392 -0.6836752797511886 0.6853516897467099 0
3393 0.2890771676702031 0.9509574876305975 0
3394 0.2906621362992138 0.9745221902824603 0
3395 -0.5588535913074232 0.1902958210878193 0
3396 0.01417174866439751 0.8938157077495053 0
3397 0.9517369775493216 1.346503779842975 0
3398 -0.5354424333486885 0.6202485698594118 0
3399 -0.5430654621923469 0.5997964931149238 0
3400 -0.5295442022287138 0.5830561716232433 0
3401 -0.5519102942740464 0.5792248798093674 0
3402 -0.5284646841231017 0.6408239592572935 0
3403 -0.9509942173749668 0.2999081063079234 0
3404 -0.9623505124850347 0.2746029706383631 0
3405 0.5163829400356221 0.1216919593760797 0
3406 0.5293834222197489 0.1322691391105607 0
3407 0.54729524264686 0.1269734502334343 0
3408 -0.458783032325598 1.026594722949169 0
3409 -0.5026918663783261 1.050032409569512 0
3410 -0.9311865208197214 -0.2823221106757305 0
3411 -0.8706647307625023 0.2871657675152693 0
3412 -0.3086409962086648 -0.04247426076659688 0
3413 0.9359027828612576 0.891034028649017 0
3414 0.9314550870689757 0.2674049241058173 0
3415 0.9639901802506661 0.8697125401290799 0
3416 0.5026445999344905 -0.1331433032046025 0
3417 -0.4312884307944776 -0.03828199774270813 0
3418 -0.4555641262470013 -0.04604734322904769 0
3419 0.5539927319525509 1.152958428924976 0
3420 0.2852687468717813 0.5346322281662219 0
3421 0.5478273212943263 0.1006444744453385 0
3422 0.2872292663033968 0.5682465566424267 0
3423 -0.9389440844489806 1.02788111576578 0
3424 -0.6891114078502167 0.7288711510976378 0
3425 0.5973205841272662 0.6381886782637941 0
3426 0.5743155664976181 0.6275635436940129 0
3427 0.8489909203999759 0.5216774863052021 0
3428 -0.8256924240835906 1.464932525554695 0
3429 -0.7539358965663786 1.382807467925639 0
3430 0.01127907107122667 0.983143968198392 0
3431 0.3390767667867335 1.34586622958884 0
3432 0.1533315392422424 0.5559385729731851 0
3433 0.15300204732505 0.53917725403282 0
3434 0.1372804389326907 0.5322494851689314 0
3435 0.1225391987009967 0.5412783926093545 0
3436 0.1069661035126858 0.5333346887032621 0
3437 0.09256883390540374 0.5429156921128876 0
3438 0.07572183941152247 0.768664339544036 0
3439 -0.3937766358906795 -0.141571567797124 0
3440 -0.372272906758519 -0.1564559483172949 0
3441 0.3857940794261107 0.8123651026222078 0
3442 0.8208197163676663 1.132452802635573 0
3443 0.6417990315983637 1.433495245039951 0
3444 0.6116703483827777 1.419420979310129 0
3445 0.6084234444700765 1.386197978488234 0
3446 0.6725641186159123 1.445859996343468 0
3447 0.5841251782684544 1.404239925309389 0
3448 0.5827571092450303 1.434373032011769 0
3449 0.3937853980761671 0.5148424176756076 0
3450 -0.3468748677127738 1.145605644245361 0
3451 -0.6865185307599156 -0.2602933305215568 0
3452 -0.6786716208781509 -0.230315048272098 0
3453 -0.6954435134789865 -0.3712190987991272 0
3454 -0.7046618807046354 -0.4031975889234463 0
3455 -0.6828143450531977 -0.4256813116254914 0
3456 -0.726590932841341 -0.379599882019201 0
3457 -0.7378888590857173 -0.4144295192021025 0
3458 0.5603708074554966 -0.2489201083007432 0
3459 0.5655992732996558 -0.2199543904165416 0
3460 0.1540326364906491 0.5728512048166218 0
3461 0.1545800714829761 0.5898378419654611 0
3462 0.5635950504046274 0.08879867343965486 0
3463 0.5826089109317454 0.3659611757973947 0
3464 -0.5166009662101471 0.8904912051645004 0
3465 -0.2914670768457855 -0.05847993956108399 0
3466 -0.2889524091646712 -0.03702464351803481 0
3467 0.8601523851806747 0.7056995308588427 0
3468 -0.1525450721205819 1.066709649444975 0
3469 0.2206032208761055 1.236272586545818 0
3470 0.1916548743774237 1.226049394361699 0
3471 0.2171591751977228 1.206699507710351 0
3472 -0.320807458608397 1.054481394899966 0
3473 -0.3047238430351774 1.046415751545482 0
3474 -0.3211497823271132 1.036998798322184 0
3475 -0.3372201356987206 1.026725211584559 0
3476 -0.3536826255799466 1.03610210946093 0
3477 0.5889733394397003 1.196648034793124 0
3478 0.61697916983985 1.210417297742028 0
3479 0.6201644752967183 1.241167727696966 0
3480 0.6461306065273926 1.222885878772265 0
3481 0.3578377564123062 0.5161753462110785 0
3482 -0.1880624182815527 1.067670059836827 0
3483 0.1704899373164052 0.5964735599264728 0
3484 0.8429043878752775 0.7890328993710937 0
3485 0.1227704519796341 0.5243832921406558 0
3486 0.516503324229256 0.3934528906150363 0
3487 -0.6822828537822447 0.2743502409664581 0
3488 0.6426633630723364 1.192109149407135 0
3489 -0.3207652682264041 -0.4627199013069315 0
3490 0.9482755480117617 0.780931976217736 0
3491 -0.6468263359084361 -0.2257782824361305 0
3492 -0.6649463510296276 -0.2041385607093426 0
3493 -0.6976115924787645 -0.2088480865658122 0
3494 0.7002576621459644 0.3703021797046818 0
3495 0.5450281151124254 0.08238844283709246 0
3496 0.5382782373958994 0.06274898308595739 0
3497 0.5550812052537611 0.04683956122627897 0
3498 0.2413074232222847 -0.1456698133602723 0
3499 -0.391747096746812 -0.01826536185463423 0
3500 0.5679576292321601 0.1276072273409929 0
3501 0.2479391651687901 1.248411993468599 0
3502 0.2782119554940554 0.6497643112777592 0
3503 -0.6849620352011656 0.3164404986948787 0
3504 0.1211461638332136 -0.04713522566209349 0
3505 0.1233594018867195 -0.02838017684781513 0
3506 -0.2863718371629968 1.055556724142718 0
3507 -0.9410502094540959 -0.3132629975070746 0
3508 -0.6605957605501827 -0.02122425960421559 0
3509 -0.6421897395176598 -0.04099224510815447 0
3510 0.8066672724427268 -0.06560286167277585 0
3511 -0.691986884968801 0.6274727258498237 0
3512 -0.6852756225405687 0.5027519924345724 0
3513 -0.107816562186281 -0.05476236730212025 0
3514 0.02751442146435536 0.6608892521400005 0
3515 0.5777639569447688 0.1697390526431379 0
3516 -0.6947786704378269 0.4394811852417835 0
3517 -0.4366714554069583 1.308199074404097 0
3518 -0.4233788736218849 -0.1746570084436161 0
3519 -0.5274291678022596 0.419325192059467 0
3520 0.6672242369035206 0.05155251100885838 0
3521 0.6480459068010002 0.06775879420419212 0
3522 0.6517649202704505 0.09186294384153038 0
3523 0.6406070422009597 0.04289941198290392 0
3524 0.6382884480389907 0.01857360776462452 0
3525 0.6583162542763197 0.0001659112347862646 0
3526 0.6300014219578058 -0.009116630270233794 0
3527 0.2620723017609259 -0.1619064257046208 0
3528 0.126743628227703 0.8660199826306837 0
3529 0.6750301802151257 0.1018302417583254 0
3530 0.6550658062297411 0.1158418047721172 0
3531 0.6781994453805554 0.1265080415718425 0
3532 0.6594297963278879 0.140250253962598 0
3533 0.6612225731446203 0.1642812057791577 0
3534 0.6818064542160102 0.1759101735576322 0
3535 0.6607427757842246 0.1875600750397929 0
3536 0.6795519885341619 0.1986954648384342 0
3537 0.6592267415795142 0.2105759382701389 0
3538 0.6398268851793962 0.1539689233320363 0
3539 0.576465853352772 0.6524183844508824 0
3540 0.5780462965235805 0.6800277342592391 0
3541 0.5513125031654073 0.6416347346381504 0
3542 0.5576779386379023 0.6959923742151606 0
3543 -0.9298758654137723 0.4519965763802695 0
3544 -0.9470828350115689 0.4750748824743538 0
3545 -0.935158149782972 0.5045577098034684 0
3546 -0.9473512743895516 -0.4341300040316088 0
3547 0.5313278854728426 0.3832196078465019 0
3548 0.5269356906230771 0.3649222041206123 0
3549 0.2858611221259172 0.5513225465165088 0
3550 0.3031628260802198 0.5749666103537091 0
3551 0.2171017046112647 -0.08795086959041187 0
3552 -0.7491513134211264 -0.3548937639314066 0
3553 -0.4992000581682237 -0.02874519254244012 0
3554 -0.4812897152854451 -0.04953231886651688 0
3555 -0.5620564422929364 0.6833183678821197 0
3556 -0.5396583776805906 0.6804085980827035 0
3557 -0.1475206508377362 -0.2915779217312027 0
3558 0.09153676663832062 0.5265228621495915 0
3559 -0.6815193397277076 0.653982641450482 0
3560 0.01085615182718741 -0.1527226464649429 0
3561 -0.01371849259280618 -0.1606699049494027 0
3562 0.5897217467399365 0.2512379901505297 0
3563 -0.4999305022099239 1.232797474528367 0
3564 -0.1168982173308114 -0.2852505066853764 0
3565 -0.535620317584496 1.436688993857611 0
3566 0.04171290711976628 0.8766935287456123 0
3567 0.04009431641834664 0.8599228508998098 0
3568 0.3925903525292161 -0.01857313772306868 0
3569 0.5766943348764406 0.3236843786008071 0
3570 -0.5197532039700337 0.1089343669741104 0
3571 0.9419455707922775 0.9558659729678245 0
3572 -0.6848674315727625 0.8984544871892479 0
3573 -0.4601579184211251 -0.3114185840478589 0
3574 -0.4314916934483844 -0.3041424645078071 0
3575 0.2409746158666545 0.5478900456863104 0
3576 0.2410712944453625 0.5292161718166851 0
3577 0.1189798111407414 -0.1513445835592282 0
3578 -0.757639320058539 1.237218502620272 0
3579 -0.7415132617392129 1.210859799500256 0
3580 -0.7568388822207305 1.183834917269452 0
3581 -0.7108813955268957 1.211384213101307 0
3582 -0.7874910886721653 1.181718668404903 0
3583 -0.7732641340208068 1.156068691150753 0
3584 -0.5906870388480204 1.197639853973344 0
3585 -0.5068901320415924 -0.05424974926451753 0
3586 -0.5315468614020644 0.4776898798745173 0
3587 -0.534929273039479 0.5153588081021251 0
3588 -0.5573694934795496 0.5129956848797221 0
3589 -0.5485940420032034 0.5335122144876435 0
3590 -0.5580428443532278 0.5560237267818532 0
3591 -0.5284239739966948 0.5374957524791606 0
3592 -0.5390113723949239 0.5525165645089509 0
3593 0.9312260835760662 0.5589552067368736 0
3594 -0.9441018692494608 0.5572995817694454 0
3595 -0.1137835700694215 1.069381642501992 0
3596 -0.5505663262347676 0.9592383818897137 0
3597 0.1705485103467686 1.27122922079437 0
3598 -0.5655450517036602 0.596135459992328 0
3599 -0.5730840306031526 0.574648296488551 0
3600 -0.5978779968755453 0.5704037386678316 0
3601 -0.0207282465549217 -0.1836226688117788 0
3602 0.5544174073342674 -0.2784317250104971 0
3603 0.6798192968721255 0.2480965617439809 0
3604 -0.5414577333591366 -0.01683650842447426 0
3605 0.1156581325089513 -0.06941444159240417 0
3606 -0.558685781053432 0.002785504821483986 0
3607 0.2571566945156032 -0.187063256571194 0
3608 -0.4493400951919174 -0.1813841311753965 0
3609 -0.9371986931887226 -0.0323942466463778 0
3610 -0.9575293041772733 -0.007966260538907144 0
3611 -0.943163185114797 -0.06397177459838532 0
3612 -0.8896819131880144 0.4254645495835609 0
3613 0.5307557371682655 0.262027818139682 0
3614 -0.2876956311957995 1.074496940495865 0
3615 0.5452868048963249 -0.001984561141104346 0
3616 0.8341102592920626 0.1169933604931229 0
3617 0.8069948407525258 0.105921328706594 0
3618 0.8026826299829306 0.07726062493149355 0
3619 0.781873530849556 0.09706512388300959 0
3620 0.7778576965836561 0.07017422068526702 0
3621 0.7979347285232676 0.04919981866669837 0
3622 0.7861220728952187 0.1248360629640517 0
3623 0.7736012491543338 0.0430668724841094 0
3624 0.7934648867393168 0.02101182759214859 0
3625 0.8112737035495062 0.1356041683038295 0
3626 0.7892853070717616 0.1520085458246814 0
3627 0.8140357847351742 0.1634953986918936 0
3628 0.7931645635177835 0.1797675838051993 0
3629 0.7970893354116337 0.2037713326637023 0
3630 0.8170194564106308 0.2231272942770872 0
3631 0.7980096211191411 0.2478873395704251 0
3632 -0.4718240696439345 -0.09200632874129555 0
3633 -0.9628830426232567 0.3845501607901077 0
3634 -0.5617944341371544 1.134218854731314 0
3635 0.310083466405603 0.6465317897021695 0
3636 0.4895587670520931 0.9648419162752842 0
3637 0.5545257301761228 0.613960976144964 0
3638 -0.6112302684162959 -0.4699825814831372 0
3639 -0.5514485215944689 0.1493847787112211 0
3640 -0.5429736794075877 0.1709876995331305 0
3641 -0.5302021100670827 0.1512281273071571 0
3642 -0.6239302394026689 0.1090018406892416 0
3643 0.1028483903700627 -0.4665515277614112 0
3644 -0.567620047562692 0.7589192378500449 0
3645 -0.5460843759271132 0.7601716996765433 0
3646 -0.534459329897887 0.7415400054704471 0
3647 -0.5577706995730867 0.7809191301654558 0
3648 -0.5398533539212597 0.7189637839439709 0
3649 0.1655957530621694 0.5288971996849812 0
3650 -0.8603003176253461 -0.4424469321997535 0
3651 0.6207748302071654 0.6507830982316082 0
3652 -0.4077164606269166 1.155938777145296 0
3653 -0.4284020338024245 1.142387434280633 0
3654 0.4184112106690228 0.9044819451160054 0
3655 0.3302956236217102 0.6935620470895374 0
3656 0.3137241198158999 0.7063998086783916 0
3657 -0.03200164727944863 -0.1422522764656139 0
3658 0.4566291395598442 1.227363175801273 0
3659 0.4540896296116358 1.197062912436136 0
3660 0.4785765353444925 1.179372700089499 0
3661 0.4510673711993222 1.167725038155535 0
3662 0.4737405737736425 1.150144368903479 0
3663 0.4479253714417238 1.138755240075727 0
3664 0.4678205946560635 1.121910911054993 0
3665 0.4193059137396614 1.12819149780576 0
3666 -0.2229540259248226 1.067939435551799 0
3667 0.06496868146595454 0.9231679171743208 0
3668 -0.5719775781859575 0.3486791101367421 0
3669 -0.550400540210387 0.3507708480180985 0
3670 -0.5374884735931105 0.3327764116917507 0
3671 -0.5635466638885755 0.3702909959453158 0
3672 -0.5398243085865223 0.3709439775258021 0
3673 -0.5449156767178794 0.3141844002710202 0
3674 -0.5213902614616825 0.3156187888098785 0
3675 0.3651263153115415 -0.0588113520574518 0
3676 0.3471900553319366 -0.04393266468103785 0
3677 0.3259533378955257 -0.05239816624056148 0
3678 0.329866985468084 -0.03057993742462606 0
3679 0.5887625812176156 0.46676059147276 0
3680 0.5854286082015635 0.4431861503276281 0
3681 -0.6432106251622965 1.4706325617709 0
3682 0.7283915419714585 1.4418434540498 0
3683 0.8059143469928747 0.2729452736102659 0
3684 0.7809902240513273 0.2651339438465514 0
3685 0.7037384808317457 0.302292685246203 0
3686 0.8658089927881278 1.045467187999496 0
3687 0.2641648218367679 -0.05336251613710286 0
3688 0.2867070715412897 -0.04731043438600224 0
3689 0.2706293600747918 -0.03192136524220646 0
3690 0.3035783638778745 -0.06036533720276049 0
3691 -0.1838055904257626 -0.1848471422046775 0
3692 -0.07009191969034274 1.182278988225857 0
3693 -0.09107471752693964 1.170539665584644 0
3694 -0.09107776281527441 1.146882800732504 0
3695 -0.1113025319470344 1.159005717640814 0
3696 -0.6291485777405735 -0.09627987692843298 0
3697 -0.6022340178455473 -0.09096290206551749 0
3698 0.2901572177863456 1.044089616970268 0
3699 0.2901723552855379 1.018633935552034 0
3700 0.3107733591548119 1.00352269173841 0
3701 0.2701540637098361 1.033187462820711 0
3702 0.3340385715034579 1.013775954318075 0
3703 0.3331605804178476 0.9887613704878913 0
3704 0.4058507689971507 1.43478365949696 0
3705 0.4341389284095524 1.447086954423899 0
3706 0.1197469566193909 -0.1873929809264608 0
3707 -0.5797556823367037 0.6143792529391555 0
3708 -0.6469877923953397 1.128377681050226 0
3709 -0.6327397035728748 1.105983706270057 0
3710 -0.6142721515805418 1.130497900462748 0
3711 0.04785282789946061 -0.1808030728124687 0
3712 -0.06695949887605379 -0.06416067798209535 0
3713 -0.04523918599520445 -0.05776604399819674 0
3714 -0.08335218462434141 -0.04948628553076051 0
3715 -0.06159927103167082 -0.04281002431543945 0
3716 -0.04028885964901021 -0.03613666765144674 0
3717 -0.02331589992135505 -0.05130931852535792 0
3718 -0.02095568167643634 -0.03010482557502792 0
3719 0.6430939156202161 0.8281567864103581 0
3720 0.01620477609612966 -0.05953437314382726 0
3721 -0.002690592956492378 -0.04294773777905503 0
3722 0.01821501710369979 -0.03456755974004599 0
3723 0.03874381677576585 -0.04792243621529013 0
3724 0.03923899641152663 -0.02083726484580462 0
3725 -0.5221407820601041 -0.1739757971072167 0
3726 -0.5506890227367074 -0.1801344035583036 0
3727 0.7642019253093629 -0.1141291480806967 0
3728 0.7611184283794048 -0.1478742134798646 0
3729 0.785474932690104 -0.09171347836266297 0
3730 0.7909983135206256 -0.03965719684421776 0
3731 0.7929111150825932 -0.1598292018537221 0
3732 0.7687831403960944 -0.1735618215455895 0
3733 -0.5326749588092335 0.0108947714339756 0
3734 -0.1117108089672585 1.183624465124397 0
3735 -0.13178743779546 1.171336408110637 0
3736 -0.1306808784015463 1.147581159524381 0
3737 -0.1511843693694995 1.158968049773689 0
3738 -0.1102526765322049 1.135708564435503 0
3739 0.6649377667378844 -0.4404887353900988 0
3740 0.6967574610394422 -0.4248895374705088 0
3741 -0.5427439026435996 0.2324304125907679 0
3742 -0.5301558827236728 0.2150345345054331 0
3743 -0.6196093154486312 -0.07112711566487295 0
3744 -0.6684013216512037 -0.05151549711347825 0
3745 0.5540811989025387 0.5211574783493733 0
3746 0.6001989045621732 -0.07618623260109125 0
3747 0.5956805803184473 -0.1038773092497445 0
3748 0.5700196413107685 -0.1144964927600929 0
3749 0.550383723976775 -0.0971121683033459 0
3750 -0.5904109760300353 -0.1388360039115021 0
3751 -0.5619210414904678 -0.1329146633108058 0
3752 -0.5813941018326982 -0.1125056376491971 0
3753 0.5016984101171829 1.158685092214744 0
3754 0.9050553172957316 0.34778047973342 0
3755 0.3290864933733011 0.5381363026204038 0
3756 -0.01389417608542729 1.006334363950458 0
3757 -0.5811175811022606 0.1856194100051252 0
3758 -0.6345295310916622 0.9579894917925643 0
3759 -0.2539753233721606 -0.1807898761704269 0
3760 -0.2480507586521103 -0.1557633689720148 0
3761 0.9690714557658989 0.09060489904941538 0
3762 -0.6585402084642789 0.1426937749706021 0
3763 -0.6846060625686186 0.1379740990269367 0
3764 0.427466078628654 0.7414416822098839 0
3765 0.1893027840545662 -0.1893120733729803 0
3766 -0.08923813983016739 -0.1813866294190279 0
3767 -0.1785189765698163 -0.159808036774554 0
3768 -0.1990989508971596 -0.1387957802076392 0
3769 -0.1860936906933602 -0.1155616234797741 0
3770 -0.5935629949876734 0.7985869643319081 0
3771 -0.1625489377448455 -0.1115204919288237 0
3772 0.8064418129453618 0.5751312795526786 0
3773 0.4604934538163419 0.8731083945468285 0
3774 0.4366266489033317 0.8614663094258129 0
3775 0.4123111552356189 0.8783261710129873 0
3776 0.43200665494979 0.8360380696307543 0
3777 0.5252822566414421 0.4645671559151021 0
3778 0.5896078176047326 0.7810668693239535 0
3779 0.6103318913723257 0.7620578813105394 0
3780 0.1438062774284286 0.8911085859096148 0
3781 -0.251114459333577 -0.06887202552774019 0
3782 -0.2688303272413736 -0.05033390241010027 0
3783 0.4810288318755946 -0.2517594540904635 0
3784 0.8005921305817132 0.9184670012736258 0
3785 -0.07665581804937141 1.066477438542343 0
3786 -0.05616484155324373 1.056583773290811 0
3787 -0.0388067623764627 1.046731059654939 0
3788 -0.03232292238531399 1.024291061842022 0
3789 -0.6054721036774539 1.104021198633851 0
3790 0.227096566887492 0.9449057791722559 0
3791 0.2252196962388385 0.9207867690075735 0
3792 0.2077839972693885 0.9585331441523357 0
3793 -0.6010009322562467 0.3861772435268951 0
3794 0.1752525189688557 -0.07089335995525181 0
3795 0.1809954239488633 -0.04940246001165394 0
3796 -0.7286125517979647 1.182510010714042 0
3797 -0.7027263555759935 0.6038427381662738 0
3798 -0.1528862727218848 1.184070847282614 0
3799 -0.1720066630725162 1.170939413702017 0
3800 -0.1704987335235238 1.146734125315819 0
3801 -0.1906167396212072 1.157667868701941 0
3802 -0.1920148549920837 1.180980132942813 0
3803 -0.2109485791733412 1.167847651589659 0
3804 -0.2068356200234433 1.145270583388162 0
3805 0.7002306658413577 0.5042616538874508 0
3806 0.6764860029500488 0.4976323255043217 0
3807 0.6792982839425132 0.5240009251296406 0
3808 0.2789619444850761 0.7329358635473279 0
3809 0.2501420540851925 1.27818979868209 0
3810 -0.1910421046775123 -0.07386680614369556 0
3811 -0.577879966828422 0.389497269386306 0
3812 0.367684810982423 0.7137694918376265 0
3813 0.3841152057836451 0.7013342916224692 0
3814 0.4037414357096665 0.7112549155681137 0
3815 0.3650667345819051 0.6922449682999099 0
3816 0.3806103638904945 0.6802290758658258 0
3817 0.3511584674938977 -0.1769049770161113 0
3818 -0.552891538106099 1.008431174053464 0
3819 -0.5546147353335147 1.034159448265899 0
3820 -0.8991968424192966 0.03805087393418893 0
3821 -0.9303466022764351 0.03168535297773956 0
3822 -0.9516522115865194 0.05739582224621453 0
3823 0.03121134372969663 0.7801166779600874 0
3824 0.05016150549172682 0.8214893625414814 0
3825 0.03700852513162517 0.8290260725034335 0
3826 -0.4588477855183398 1.257922326771811 0
3827 -0.6167818672220777 1.181020566659182 0
3828 -0.5394160332196349 0.6578334861738623 0
3829 0.4736756963636341 0.7558239598196491 0
3830 -0.7056144453792297 0.4164554245266919 0
3831 -0.350671533486911 -0.1814364235049399 0
3832 0.6307936469254073 -0.305253893767012 0
3833 -0.5770344710878794 1.255985431056425 0
3834 -0.5622298899751017 1.280913323012673 0
3835 0.2261120598532041 0.5405956568698655 0
3836 0.2235479492165549 0.5253716972394989 0
3837 0.2103881980884675 0.5350307996735093 0
3838 0.2117131568669178 0.5506221500516939 0
3839 -0.68552236110428 -0.3403724563446532 0
3840 -0.345739713471772 1.169673190323878 0
3841 -0.3248595215475764 1.181355821621228 0
3842 -0.2778601706756133 1.313446269084018 0
3843 -0.2535085326788653 1.299629542811598 0
3844 -0.2789052946696234 1.286235803272678 0
3845 -0.2537056682035997 1.272032140476521 0
3846 -0.2300371160797576 1.28564725904398 0
3847 -0.2288458786822377 1.313750974589824 0
3848 -0.2049559973516044 1.29900166121664 0
3849 -0.2094204626437367 1.271260998986129 0
3850 -0.1820216821481174 1.279675156505546 0
3851 -0.1793549686296671 1.312343179353297 0
3852 -0.1547816858115149 1.297852042646354 0
3853 -0.156447016812058 1.269661010018076 0
3854 -0.132112338304872 1.282427080933222 0
3855 -0.1335790596473926 1.253146522395628 0
3856 -0.1105648122605101 1.266096747306944 0
3857 -0.1093671932751581 1.294512995400875 0
3858 -0.08881414903149568 1.248424691697624 0
3859 -0.1754981711025151 1.251516143027708 0
3860 -0.06638606295132422 1.259027344148565 0
3861 -0.8737260658287874 0.6213933398382745 0
3862 -0.9321532537696846 0.6408548785403998 0
3863 -0.5704684384601553 0.8002111738024826 0
3864 -0.5348189167042793 0.7812135493066622 0
3865 0.6151473356492433 1.178367701034508 0
3866 -0.6402353684504138 1.358447749207103 0
3867 -0.6576866804650225 1.330471074711975 0
3868 0.6246934848944283 0.4331782584601691 0
3869 0.6462634447754656 0.4170669366574173 0
3870 0.1557582159651705 1.13589383592058 0
3871 0.1782020019930853 1.120452263601743 0
3872 0.5775309839061675 0.6025880521238495 0
3873 -0.972175852018859 0.1946561398149985 0
3874 -0.941522547625631 0.175003036614394 0
3875 0.3050702526644754 -0.4709057072686097 0
3876 0.3217438311390374 -0.4420504910141936 0
3877 0.3546377928844234 -0.4435869211699384 0
3878 0.3718609190868497 -0.4705349458325695 0
3879 0.3860242747488104 -0.4434868786808638 0
3880 0.2888392295982615 -0.442033418902689 0
3881 -0.9674114115351753 0.6381098157384625 0
3882 -0.9731969673775659 0.1267471282154472 0
3883 -0.06750189399115451 -0.4708133611162723 0
3884 -0.05084531177631052 -0.4420505035799043 0
3885 -0.08339942445295684 -0.4417535804880492 0
3886 -0.4689101076604641 1.090780999397433 0
3887 -0.4667610729505952 1.067096765374344 0
3888 -0.7437734226690617 -0.23825689507142 0
3889 -0.7303411112305921 -0.2066266455919231 0
3890 -0.7556314679454286 -0.184713984884904 0
3891 -0.726411105407851 -0.1759217700030773 0
3892 -0.748116277729155 -0.1547756775934797 0
3893 -0.7203284697555996 -0.1464345970201077 0
3894 -0.6998439904117897 0.9328040314042161 0
3895 0.3217683736849958 -0.07474746407593025 0
3896 0.02756048779812845 0.7465143630878864 0
3897 0.01701813940537651 0.7574424587819399 0
3898 -0.07137256692145773 1.134537823920543 0
3899 -0.7863584527596559 -0.1917595478552823 0
3900 -0.6954429204082798 1.293956257210476 0
3901 -0.6802175310042223 1.264850288325254 0
3902 0.6815461294427695 0.5500499233450606 0
3903 -0.9703025532059868 0.906746294577224 0
3904 -0.9390238947697589 0.9566344483829132 0
3905 -0.9685622942090926 0.9738740279209018 0
3906 -0.9401574274179365 0.9913679952084392 0
3907 -0.9716159015642951 1.042884856646127 0
3908 0.4417426036218389 -0.4655365215412507 0
3909 0.6901823874026907 -0.2826253602725917 0
3910 0.6655197393099234 -0.2638080101939324 0
3911 -0.5890349101999097 0.9111118897376347 0
3912 -0.8097707805678721 0.7078417885462496 0
3913 -0.7937239464302485 0.6862148124553915 0
3914 -0.7976694316119822 0.7350874000455438 0
3915 0.1810700838909778 0.5372534452210903 0
3916 0.2480055791559631 0.775759340005797 0
3917 0.4460681124639674 -0.1656808702632601 0
3918 0.4696491078241191 -0.3093197688960456 0
3919 0.4470434354148815 -0.2903968180039171 0
3920 0.4193130236798762 -0.3003261305748245 0
3921 0.4253107905529512 -0.2716983416944592 0
3922 0.3983253670895439 -0.2820364115619359 0
3923 0.4531683381576994 -0.2618811915131017 0
3924 0.4059011255355034 -0.2530880526248618 0
3925 0.3124322092515407 0.5149823151048862 0
3926 -0.7042759758677839 0.7679137379589176 0
3927 0.5713563824489825 0.8223091562141767 0
3928 0.546185408479653 0.8130043007494508 0
3929 0.2948990631428852 0.700359886703239 0
3930 0.1933710351828137 0.7307979756355939 0
3931 0.1767472434859839 0.7224183622224271 0
3932 0.1754865670171248 0.7039746130730565 0
3933 0.1604401287096385 0.7134651515976885 0
3934 0.159741410080446 0.6943998980169876 0
3935 0.1620242955723809 0.7323467619748203 0
3936 0.1747693147184821 0.6847740132492255 0
3937 0.1464732301957946 0.7217124646427839 0
3938 0.2015833191099969 0.6288747526823779 0
3939 0.2000959834522386 0.6114288871159537 0
3940 0.1860759687274018 0.6212138058097921 0
3941 0.612178017302774 0.5742865119620801 0
3942 -0.7025661838486297 0.1588573357248936 0
3943 -0.5404490167398505 0.8611394508398816 0
3944 -0.476074688217062 -0.4729405093737584 0
3945 -0.4894700846091112 -0.4414749146948942 0
3946 0.9719647552392973 0.8328832524685333 0
3947 0.5085286144398689 -0.4741475391069638 0
3948 0.1162207611621477 -0.3101817657785095 0
3949 0.6425772823378313 0.6353941127642996 0
3950 -0.2247535504181982 -0.1481123982760857 0
3951 0.3593883369688213 -0.3194877806315067 0
3952 -0.2679889104286171 -0.1377853026966798 0
3953 0.08926661095357026 0.7411494051083449 0
3954 0.07118150646264314 0.7179478627424634 0
3955 0.08474588616760798 0.7053894087943847 0
3956 -0.708659720660003 0.3469843419395241 0
3957 -0.707886550498905 0.534345769622631 0
3958 0.6521309866912883 0.7459434893070448 0
3959 0.2265891283427028 1.08888074442672 0
3960 0.2308473125955597 0.6084331783847488 0
3961 0.09165661586799946 0.7755902754999964 0
3962 0.3447924522142843 1.150365616834415 0
3963 0.3209967964894913 1.166932144040771 0
3964 0.3197898698531885 1.138260378709488 0
3965 0.3224104154744469 1.196560297900857 0
3966 0.5733975025058041 -0.4700633417121756 0
3967 -0.9711293962859161 1.110079498792856 0
3968 -0.942420687995429 1.12736430881351 0
3969 -0.941935248782404 1.160055254102694 0
3970 -0.9145245481098142 1.143356448363103 0
3971 -0.9107657531063091 1.177516201461275 0
3972 -0.941382088448284 1.193985405046013 0
3973 -0.9137389455391856 1.213391053506951 0
3974 -0.9399353851975888 1.089990621307038 0
3975 0.3516279046057736 1.238345658889672 0
3976 -0.9723853853150041 -0.1440736306876632 0
3977 -0.9419216769591943 -0.1271171623347277 0
3978 0.6450644503972039 -0.4702961487273318 0
3979 0.9740865467845994 0.7056074680298814 0
3980 0.2020752180955363 1.471127333368539 0
3981 0.0557361327970196 -0.0674759505794883 0
3982 0.1724328711384035 1.300502691842724 0
3983 -0.5964067887461366 0.2038425357059828 0
3984 0.3658139083511646 0.8274884978541808 0
3985 0.3445296424106401 0.8184034423211367 0
3986 0.362154095646543 0.8061005811470514 0
3987 0.3402892818400702 0.7981786517397458 0
3988 0.8458310509952899 1.465258635114525 0
3989 0.15097904897641 1.044037762521336 0
3990 0.9718700063529939 1.005918682519868 0
3991 0.5078167168932237 1.473173918794211 0
3992 0.2687948453398324 1.466161998403958 0
3993 -0.2705862988648558 1.02558894852396 0
3994 -0.8498780933790555 0.2607685641353502 0
3995 -0.8203863083217185 0.266709228604478 0
3996 -0.5420324199539832 -0.1534012691671454 0
3997 0.07078254054703993 1.002437722960332 0
3998 -0.7020248736242977 0.228979555569703 0
3999 0.8144141565058707 0.4529431059843304 0
4000 0.1114059156956886 0.9323137981507679 0
4001 -0.4400083050939192 -0.3666191102729794 0
4002 -0.407113907046961 -0.3608347954655878 0
4003 -0.4315160208879382 -0.3334328720070769 0
4004 -0.6579889595275364 0.3573698456185355 0
4005 0.177998455695382 0.7410741241913092 0
4006 0.1790954485058332 0.7600443103148449 0
4007 0.1639324257440152 0.7491813436256527 0
4008 0.4573732619677758 0.8217610330033269 0
4009 0.420745696234366 -0.1745017150790185 0
4010 0.2416967971941143 0.7179966364040934 0
4011 0.2054274353270694 -0.4737854793993824 0
4012 -0.83612299472839 0.6547114845551292 0
4013 -0.6526946203052881 0.7734735654289524 0
4014 0.01594726338819383 1.341504635638497 0
4015 -0.6568905975164387 0.542991796281827 0
4016 0.09594616138286177 0.612648998813229 0
4017 0.1110397238148653 0.6198616258407686 0
4018 0.5817579460845905 1.370299306189455 0
4019 -0.1486513580704524 1.13596222099162 0
4020 -0.001871940916206486 1.472039692864262 0
4021 -0.01869543886681348 1.441367183405749 0
4022 0.03145038855245203 1.46708145584418 0
4023 -0.0696601993981687 1.466676189806109 0
4024 -0.1035336114261454 1.471182576256434 0
4025 -0.1218962112631055 1.438401081560206 0
4026 -0.153130226962224 1.442296427025495 0
4027 -0.1682560794077685 1.470171818602218 0
4028 -0.1838252948286364 1.441765126887421 0
4029 -0.1689057063156743 1.416316860288808 0
4030 -0.197606353123392 1.414733959970973 0
4031 -0.2150915463321771 1.440234549189711 0
4032 -0.2295203902510797 1.406652654082107 0
4033 -0.2464907252490713 1.439170158162262 0
4034 -0.2627201368841378 1.412065381095747 0
4035 -0.2778513819655438 1.438115313741416 0
4036 -0.2920691783472219 1.411966436640546 0
4037 -0.3091787292020882 1.437062938044646 0
4038 -0.3051503369593833 1.468864415223083 0
4039 -0.2698418515807413 1.4703603249322 0
4040 0.9707987554343853 0.1948637601376143 0
4041 0.9434469688184515 0.1784011850077549 0
4042 0.9420222318491606 0.2106051992209724 0
4043 0.9154626011260338 0.1925687108316154 0
4044 0.9727620857783479 0.2285233127664917 0
4045 -0.4772221108956321 1.46504837933748 0
4046 -0.5115018847705032 1.468934774106812 0
4047 -0.4541868110906601 1.442566217862053 0
4048 0.9708734036607035 0.0258224417294674 0
4049 0.9422278360133154 0.04237618681009242 0
4050 0.9423992694860354 0.009610990823553489 0
4051 0.9710548796947951 -0.008179300680021151 0
4052 0.9436689401068646 -0.02473096255081009 0
4053 0.9424449598613986 -0.05813283530825375 0
4054 0.9162125382941384 -0.04224739633781938 0
4055 0.91397561794814 -0.07430883045299153 0
4056 0.9414537556877575 -0.09062030877893823 0
4057 0.9120673309651779 -0.1062551478347641 0
4058 0.9415842059771062 -0.1247877255672647 0
4059 0.9126775684855781 -0.1389113252666911 0
4060 0.9706432066513749 0.3983050847457627 0
4061 0.9404881959241276 0.3846772599802214 0
4062 0.3259098485508874 0.8321969921441084 0
4063 0.2894240931943478 0.9274577051397133 0
4064 0.2692484021663724 0.8940014296249352 0
4065 0.2896986432982734 0.8806985058357122 0
4066 -0.1306799666723217 1.311490511844262 0
4067 0.4594731444477811 1.257804145074263 0
4068 0.1547523671454797 0.6069636851251843 0
4069 0.5307343278756579 0.5123222380955013 0
4070 0.9708506417536853 -0.1778044546838005 0
4071 0.9419328736010455 -0.1944916791296337 0
4072 0.9418223491236839 -0.1595163013509606 0
4073 0.9131648631929181 -0.1779264315321351 0
4074 0.916580753483963 -0.2145314175636179 0
4075 -0.6780785713354398 -0.4712070822291556 0
4076 0.5360035405717565 1.37456900595582 0
4077 0.8705752604816237 0.8007800423521063 0
4078 0.1104219668963652 0.9773960712572393 0
4079 0.1290016827426641 0.9640844795590596 0
4080 0.241769440557345 0.564343941031235 0
4081 -0.04366601395105815 1.356016914189363 0
4082 0.719771922362255 -0.2715939902510505 0
4083 0.3053952716687058 0.5923239382145185 0
4084 0.657777212823599 1.052222175569624 0
4085 0.6315578730737137 1.040552627891357 0
4086 0.6061174467063762 1.057532481234153 0
4087 0.607969145395679 1.086337740473099 0
4088 -0.2542590616605079 1.077889615219658 0
4089 0.1909149371945872 0.6931505173252874 0
4090 -0.6918287362063208 0.04076652472620163 0
4091 0.0853213757210679 0.6724458696624598 0
4092 0.9702782402152316 0.6036636764501033 0
4093 0.1015658897582127 1.471092430568993 0
4094 0.08562718304749609 1.444216725206255 0
4095 0.1178115603794276 1.443710060528794 0
4096 0.1013284908057331 1.414051151833074 0
4097 0.1354322861668274 1.47152530747696 0
4098 0.1527834022463597 1.441859917208046 0
4099 -0.8040203263136526 1.155394986856646 0
4100 -0.7598609178008404 1.12868584484988 0
4101 -0.6953689175001103 0.8364286221531738 0
4102 0.2794768027707125 -0.3224977902843149 0
4103 -0.2975978616347551 -0.08083668374069131 0
4104 0.7120628677025561 0.8221203600750814 0
4105 -0.2018734528631252 1.470469116888454 0
4106 0.5163215503544778 0.5539834969723062 0
4107 -0.2401610752373521 1.191383880114434 0
4108 -0.2398520812822691 -0.471118753654678 0
4109 -0.9708890309644227 0.7368419100859442 0
4110 -0.9711304795471044 0.7035421869440339 0
4111 -0.9443759785826608 0.7195368485845786 0
4112 -0.9452208769918586 0.6887293673125381 0
4113 -0.5325029828430151 1.282026848789599 0
4114 0.05404093790259434 0.6412778621168863 0
4115 0.7070875380449437 1.245079918879297 0
4116 0.192051549584998 0.8400360674211143 0
4117 0.5755574461759828 -0.08607695512302116 0
4118 0.5328848908120182 -0.07736645127558794 0
4119 -0.7743095579429374 1.263834883602684 0
4120 -0.2800395630689929 -0.1876803124224153 0
4121 0.370701941488176 1.471646751777599 0
4122 0.6811957410690814 1.264372567804628 0
4123 0.6770353523234621 1.233964964363328 0
4124 -0.4756540444739891 1.33171183597343 0
4125 -0.4553231245646446 1.354914331908398 0
4126 0.711888029397284 -0.4725163460860293 0
4127 0.7457804331315554 -0.4711729258001363 0
4128 0.7278875724858118 -0.4413334147743024 0
4129 0.7627120598917965 -0.441529591506757 0
4130 0.1247123021333875 0.5928140820777849 0
4131 0.6483569782303054 -0.2168118525958993 0
4132 -0.08204609320742104 1.335382943020476 0
4133 0.782926622352846 1.188975643858805 0
4134 0.2995351936672417 -0.08260690087589151 0
4135 -0.5851510806563363 0.8598837430506578 0
4136 0.2889517016524457 0.5853569073612769 0
4137 0.6721928511681508 0.9131206186563221 0
4138 0.6483514868395455 0.9297506357608641 0
4139 0.3568012804782963 0.9991112263433379 0
4140 0.3319208048983119 0.9669091927496049 0
4141 0.6110611491572484 1.451342445672041 0
4142 -0.5784116129857458 1.413939489530685 0
4143 -0.6237305376506721 1.331814102996449 0
4144 -0.706927041022443 1.357554544275895 0
4145 -0.1149030638206142 -0.18881885539156 0
4146 0.4314691817132266 1.245565691814999 0
4147 -0.1616568201168326 -0.3510497121046445 0
4148 -0.8206167133900133 0.858979221001449 0
4149 -0.7915028534543154 0.8594856409840949 0
4150 -0.6511790661674417 0.6068190606053975 0
4151 -0.6057372130676208 -0.2700677731815528 0
4152 0.2470184966191341 0.8190647969829261 0
4153 0.8919504451194797 0.1719723822131401 0
4154 0.03077204727601123 1.049912683821665 0
4155 -0.8314395994619295 -0.3465912323873857 0
4156 -0.8229760459611646 -0.3144868244584665 0
4157 -0.0283410275877019 -0.07329853881644599 0
4158 0.2207342021350044 -0.3677951108985338 0
4159 -0.5836267569133123 0.5516368938238685 0
4160 -0.7890753708808088 0.8096212373182864 0
4161 -0.7473434686611757 -0.4712726150895827 0
4162 -0.7639430959697064 -0.4417338996028164 0
4163 0.9709402737789318 -0.2474055889887647 0
4164 -0.9707385489797524 1.245641300789207 0
4165 -0.9415501160395037 1.262590275129031 0
4166 -0.9414669271010668 1.296215267260044 0
4167 -0.9129113788983908 1.278672459745044 0
4168 -0.9084476287021642 1.315378417743171 0
4169 -0.9411287836197831 1.329686959147387 0
4170 -0.9132137490672165 1.246426028916691 0
4171 -0.8855012261033517 1.266207204936209 0
4172 -0.9418884269074768 1.228905429886248 0
4173 0.09273130841865498 0.5603622957291028 0
4174 -0.1121473456896285 -0.07711866175034343 0
4175 0.06876941990020774 1.251229415759888 0
4176 0.551605539142612 0.4121161728082135 0
4177 0.3261971263099624 -0.1860293654259039 0
4178 0.1408757040346344 0.8173423896368699 0
4179 0.4754089363780823 1.3484630596474 0
4180 0.3231689699453268 0.8104562998138767 0
4181 0.07624105607576004 -0.4391919199013197 0
4182 0.6355164150636374 1.366606623767931 0
4183 0.8056624518098722 1.34683343987559 0
4184 0.8011048015100863 1.314456924909613 0
4185 0.8590048154346241 1.306790200677291 0
4186 0.8543349665450305 1.274711472338222 0
4187 0.02878652174999291 0.6765332563334019 0
4188 0.02997410221052649 0.6925619297581513 0
4189 -0.9246394778159808 0.3358265618554087 0
4190 -0.8078303744459892 1.374799209610554 0
4191 -0.0829359690460324 -0.1566372440103165 0
4192 0.1952167841358724 0.5269730057451026 0
4193 -0.9708153248537639 1.177518949534581 0
4194 -0.7444039431072134 1.470559156629778 0
4195 0.8140031898589406 -0.4711557675807347 0
4196 0.8479726797870151 -0.4724573785071471 0
4197 -0.2305081184235435 -0.3264618393489321 0
4198 0.1896992273628737 0.6746289305211906 0
4199 0.671916651597476 0.7016492880278797 0
4200 0.4754701347858598 -0.02905464005516323 0
4201 -0.7586911263548752 1.026637448062223 0
4202 0.8617692222854205 0.9769398946096866 0
4203 0.5061049838358153 1.191235318156694 0
4204 0.1866136785098932 0.9495272065367736 0
4205 0.9732038844206499 1.179641275897126 0
4206 0.23859667895104 0.6993654024844279 0
4207 -0.8135339785545379 -0.4706578387160055 0
4208 0.07027525506953178 1.308864785467854 0
4209 0.748517085802088 1.353793033383918 0
4210 0.9706492990871174 1.24575215945616 0
4211 0.9439128146835958 1.228765169796766 0
4212 0.7463653634390659 1.471605289081734 0
4213 0.4260503357751989 1.185840218450836 0
4214 -0.915246504647318 1.470647671093633 0
4215 -0.8721749486694865 1.43753520129704 0
4216 0.9149656095260995 -0.4710967708184414 0
4217 0.8943946140502155 -0.4406484846239774 0
4218 0.931719988226466 -0.4422643739923432 0
4219 0.9156429690691403 -0.4121425624148165 0
4220 0.949011903908402 -0.4136195437766836 0
4221 0.9306476850947126 -0.3837162149876679 0
4222 0.5771994164713151 1.468685627527943 0
4223 0.9709702195521493 -0.07540637520444093 0
4224 -0.9129395049004794 -0.47211556853199 0
4225 -0.970643206651375 1.347457627118644 0
4226 -0.9397990255490576 1.368335234614999 0
4227 0.9714872606782639 -0.3473972063753601 0
4228 -0.9722047370371754 1.414918141033134 0
4229 0.9152073600304985 1.470429226434804 0
4230 0.9321945444793844 1.441519908762688 0
4231 0.9688090856463842 1.444808041879912 0
4232 0.9498120885263399 1.412375253111725 0
4233 0.9014443798291911 1.441812643131832 0
4234 0.01359449937170604 0.8605731668452519 0
4235 0.01436771755694564 0.6857481331415743 0
4236 0.0133684483011256 0.6236333946157254 0
4237 0.0270897005173704 0.6152467345292658 0
4238 0.02825919956501798 0.5997515668087162 0
4239 0.04090471511935058 0.6095045085808725 0
4240 0.0469683591480224 0.593272118293646 0
4241 0.1868734934091993 0.5129042502657688 0
4242 0.1558084674885648 0.513960378543913 0
4243 0.5493125737818405 -0.307918968217592 0
4244 0.02934974819709623 0.7310421114208068 0
4245 -0.970720225202155 1.313425921990822 0
4246 -0.7923499314195533 -0.4232419999382283 0
4247 0.2756737032431909 0.7108170677509414 0
4248 -0.5175298849370237 1.163512297106382 0
4249 -0.0055606995567144 1.190415308032558 0
4250 0.07734437839719693 0.5529007872569583 0
4251 0.06213297424242226 0.5629186140095965 0
4252 -0.4637786184724355 -0.06871812215466599 0
4253 0.4140865439777548 0.8009546221247463 0
4254 0.4210213769676504 1.352870686163576 0
4255 0.2475735748419775 -0.0408781442174615 0
4256 0.7920235389441135 0.4689633819524847 0
4257 -0.5460294327717529 1.253893412124654 0
4258 0.3735709131447097 0.778850801206447 0
4259 0.5810596581220513 1.074396053087192 0
4260 0.5798136553426422 1.043054297240861 0
4261 0.7661350014837935 0.6666402165949187 0
4262 0.6230704339873709 0.9181556559572703 0
4263 -0.7650942803518668 0.6909080633416289 0
4264 0.8260969201840048 0.9011093063835709 0
4265 0.773098041054086 0.9044429490647304 0
4266 -0.5590198929043073 -0.3984212316110486 0
4267 -0.8926618732305526 -0.1580688851568604 0
4268 0.3083707855777699 -0.04032960025036003 0
4269 0.7430589264659911 -0.1713061714412897 0
4270 0.07173248027590437 0.681238656057416 0
4271 -0.5968553746653513 0.6728910454229116 0
4272 -0.7955369319795955 0.9036220397058667 0
4273 0.7837366505026586 0.9937240506969349 0
4274 -0.1873362634712198 1.135338790176711 0
4275 0.4750716398153018 1.029384516575191 0
4276 -0.7976689577421029 0.3077434726143518 0
4277 0.8691287802831741 1.406205390253839 0
4278 0.7868647927527078 1.43299247143151 0
4279 -0.5470047569067445 0.04961902734999596 0
4280 0.4446235231837792 -0.08696875992748154 0
4281 -0.2330733589013818 1.259353232312505 0
4282 0.527518023378494 1.052518217420856 0
4283 0.3533772344489111 -0.1517556084019642 0
4284 0.349432914316138 1.208551178729118 0
4285 0.9223098850375481 1.360943712794298 0
4286 0.6619431202070187 1.347389932505519 0
4287 0.8967328985110175 -0.3850954164858988 0
4288 0.5244471867895081 0.8284179506545445 0
4289 0.2752834091514315 1.260706899954258 0
4290 0.3856033748152875 1.310126830707052 0
4291 -0.8028800385189614 -0.05876526747759359 0
4292 0.7679467519513397 0.01695527931252311 0
4293 0.03915016233510499 0.6347726759318175 0
4294 0.8575765929457806 -0.2767033430043202 0
4295 0.2826970178992834 1.351696851642506 0
4296 0.6874701135886371 -0.1467004337829116 0
4297 0.8871273266483481 0.5784245535177893 0
4298 0.0809240497795943 -0.1495270991789868 0
4299 -0.03546212652948363 1.087068059085781 0
4300 0.5699134333886665 1.277031477117601 0
4301 -0.8002669277529195 0.237051402343928 0
4302 0.3618007701884761 -0.245003418670134 0
4303 -0.1875108456329231 -0.3669114783954991 0
4304 0.1295676250124193 0.677712790846537 0
4305 0.1447558604166272 0.685418060941799 0
4306 -0.792522017246456 0.1168947878027066 0
4307 0.4259820400853259 1.006317696780356 0
4308 0.4135400495009767 0.6580913617600279 0
4309 -0.06337328148139804 -0.4166935766530668 0
4310 -0.3685222792451029 1.232698019411397 0
4311 0.3139976688110173 1.364434134819398 0
4312 0.01282630550443064 0.8447542665419738 0
4313 0.8431789467239904 -0.3725025547719927 0
4314 0.6979631181539566 1.425146990563736 0
4315 -0.6727771234054744 0.02193690553774275 0
4316 0.7442839916895279 1.321456825861267 0
4317 -0.8826772716000111 -0.4169995675015623 0
4318 0.8253955420893189 0.05867244652535419 0
4319 -0.7908325830979697 1.346603762012049 0
4320 -0.8573559097736307 1.286353958742926 0
4321 -0.2608091425474218 1.248056698795555 0
4322 0.4069285300781602 0.7323557427920703 0
4323 0.1850438885236807 0.586310871251515 0
4324 0.7557120150682028 0.980876021031921 0
4325 0.5272230280059561 0.2255178465804091 0
4326 0.5413210098158749 1.264680053578584 0
4327 0.4798124600493322 0.5827894231438863 0
4328 -0.8885900797076306 1.345862227053043 0
4329 -0.7443519577439168 -0.04686875968103255 0
4330 0.07723169575412964 0.7855774743423003 0
4331 0.7540075074595338 0.5544898636706653 0
4332 -0.9189365775057927 -0.3376554144775559 0
4333 -0.5188945743359107 0.170946485273628 0
4334 -0.3291642685549268 -0.0170565378515769 0
4335 -0.5177646236673734 0.4384615384615388 0
4336 -0.5187404747977984 0.6863462862336646 0
4337 -0.518686833677141 0.3790797702442543 0
4338 0.0820903033217581 -0.01826604175114288 0
4339 -0.5180661061177241 0.7274487288105997 0
4340 0.2248775927825619 -0.01708083473289801 0
4341 -0.08372517867843333 -0.01815937641165066 0
4342 0.2859623259640462 -0.01622347391160006 0
4343 0.1854290102987416 -0.01719220615099848 0
4344 -0.1839974727009225 -0.01743563483580224 0
4345 -0.1948717948717951 -0.03594110839849773 0
4346 -0.5175531038412979 0.2744676484815808 0
4347 -0.536856218101881 0.2643412227502101 0
4348 0.3487173227750646 -0.01922227117476782 0
4349 0.7705860590358136 0.874470444595042 0
4350 0.4600829483474735 1.428622059908703 0
4351 0.9094785240260648 0.909224263205751 0
4352 -0.7104491361937761 1.470769309747122 0
4353 -0.7133532705088056 -0.116946041241598 0
4354 0.9707748270759339 -0.1088388608313755 0
4355 -0.6927967068115084 0.1120807468851517 0
4356 -0.6580468027660753 1.440828238413033 0
4357 -0.2884502190181701 -0.3128815336464172 0
4358 0.2687233932295632 -0.1371189599614157 0
4359 -0.4940171770449473 1.152235030935778 0
4360 0.8228977251723723 0.6958186391582795 0
4361 -0.8277583791016229 0.4932439902315627 0
4362 0.5374600138216756 -0.2327729637179047 0
4363 -0.6025016230211313 -0.3512170376358558 0
4364 0.5804222165797038 -0.05884424278072986 0
4365 0.3770262390770447 1.421287016559484 0
4366 0.5807957017536221 0.9295987891149324 0
4367 -0.5521384404878273 0.08919790282763851 0
4368 0.8995842873842866 1.203155643581509 0
4369 0.07450063035377033 0.7518695060794487 0
4370 0.1580562111397497 0.6587780987370891 0
4371 0.7147375030541439 0.642385252949373 0
4372 0.230075122965474 1.35600783199164 0
4373 -0.6180807565300488 1.017705644910373 0
4374 -0.07181786497996492 -0.296791313700748 0
4375 0.4302276462750839 -0.378380736642556 0
4376 0.7375087167895744 1.059326329842809 0
4377 0.1704625831871571 0.7773976961184199 0
4378 -0.2351821398064327 1.12569207444321 0
4379 -0.9203627012299032 -0.2518923502565542 0
4380 -0.8171698536007894 1.024009460761086 0
4381 -0.8361603082770391 -0.259826358493899 0
4382 0.8756831271630517 0.5413624496835743 0
4383 -0.8544621846987259 0.9005323295776589 0
4384 0.4097842017072944 1.074547032601191 0
4385 0.911192159430145 -0.3525337975981957 0
4386 -0.4430571485408804 -0.1550357329058278 0
4387 -0.7753691873465822 1.10132721979951 0
4388 0.3658690375105067 1.105965987848808 0
4389 0.8017093204395223 0.3673442580041268 0
4390 -0.9713913099981002 -0.245738908510116 0
4391 -0.7848866343062448 0.9774213753339877 0
4392 -0.7554521962802508 0.07587810502263009 0
4393 -0.6513632755675408 -0.4186289808273842 0
4394 0.2749139141936411 0.5955513651076939 0
4395 -0.77039592261987 -0.1319570345158598 0
4396 -0.09115789243658354 1.124027473177252 0
4397 0.6900804848469777 1.125038998033435 0
4398 0.733385872478854 -0.3534302608677737 0
4399 0.8744633021359355 -0.1807447921800843 0
4400 -0.7903326929955732 0.2636519849619718 0
4401 0.2296435190700389 -0.1066123707344807 0
4402 -0.3791398997624248 -0.03675850850442464 0
4403 0.7251421180618625 0.7541258905496395 0
4404 0.5139310084528075 0.1556115749874573 0
4405 -0.2972275670293977 1.013457065067695 0
4406 -0.3053714229675079 1.0282660598451 0
4407 -0.1069743497060786 1.015508885045636 0
4408 -0.2199897540408217 1.012804592877707 0
4409 -0.1394669113780235 1.013319761433211 0
4410 0.5136740853229121 0.2500000000000002 0
4411 0.5138058338204158 0.314598576064389 0
4412 0.5133916687920776 0.2816006957759392 0
4413 0.3332297787828442 1.315650813673638 0
4414 0.06284374733352226 0.5806828691822539 0
4415 0.6724200374075325 -0.07337982098348028 0
4416 0.09647803731539591 0.6296926926726716 0
4417 -0.7670677403244603 0.9054972181203724 0
4418 0.8182789318295641 0.8083450574441753 0
4419 0.8739367834603675 0.8325783532110435 0
4420 -0.8452214225342646 -0.2910531830532399 0
4421 0.8024024155450104 -0.2689027407945106 0
4422 -0.008995213167158296 1.051329396749701 0
4423 -0.6105489433320216 0.486681899907602 0
4424 -0.6415350396918422 0.3398115228084301 0
4425 -0.6409153513093606 0.5249458102219966 0
4426 -0.6106428446158634 0.3030438262406462 0
4427 0.8829679543068258 -0.125758491877589 0
4428 -0.7131809196042885 -0.434470334393197 0
4429 -0.3335889473597447 -0.1328907578563402 0
4430 0.7631600076971735 -0.3423231883110969 0
4431 -0.8511238496711647 -0.1233200686808944 0
4432 0.2346446803153998 0.6618279029355277 0
4433 -0.637739589472944 0.7541638633601211 0
4434 0.3047227965045471 -0.4152826692620684 0
4435 0.5489195773931171 1.438992096769919 0
4436 -0.6084071340444012 0.7141247156220536 0
4437 0.5636167109702755 1.001234999481353 0
4438 0.6839735259142354 0.5767214883064234 0
4439 -0.5753882060467108 0.08497335023466634 0
4440 0.4076971938611137 -0.04028506776309693 0
4441 0.6743449880207757 -0.3752804879268826 0
4442 0.7748404481888056 1.334181421534199 0
4443 0.1520657468701832 1.377695439217179 0
4444 -0.01727923024024216 -0.3849066768953571 0
4445 0.4833332831752423 -0.2245120902616782 0
4446 0.9708083108638463 0.2961469891214364 0
4447 -0.8723170476121492 -0.1007196631534758 0
4448 -0.9092582512944427 -0.1069790695973207 0
4449 -0.7697689224011572 0.7384559556707978 0
4450 -0.5667724610586766 1.212873198958237 0
4451 -0.7710468044484188 0.3126671322160978 0
4452 -0.8705917575754311 -0.182421711787598 0
4453 0.8939194159333446 0.457856978733954 0
4454 -0.771649952769961 0.5021793761382067 0
4455 0.3851749867422345 1.063187685939817 0
4456 0.7636902081041389 0.4287032568450063 0
4457 -0.8513638204838314 1.23372715566903 0
4458 -0.01061595616527051 1.142327814807817 0
4459 0.343006762526833 1.121840442145534 0
4460 -0.453062416838632 1.204955903623613 0
4461 -0.6519614152254067 0.1714540448482871 0
4462 0.5215557981828197 0.8033528003889789 0
4463 -0.3911312607494052 -0.2406249812148096 0
4464 0.6647810282505676 -0.1286514577483533 0
4465 0.5920075345160445 -0.3769733723001197 0
4466 -0.6910583374577145 1.441021309441434 0
4467 -0.31973377065102 -0.2463385197241849 0
4468 -0.8606954965572786 0.07599828312904366 0
4469 -0.2752361789661054 -0.3930964900524822 0
4470 0.2151915532533197 0.6011303322440066 0
4471 0.6356759050564428 -0.2752794659199709 0
4472 0.3409929905737774 1.094009912895519 0
4473 0.124844951599322 0.8086112703235662 0
4474 -0.7648827882985596 0.122691098057495 0
4475 -0.6511527952157328 0.2363429411148917 0
4476 -0.6544877455703345 0.4213293560088682 0
4477 -0.9678129126215059 0.5009989329588298 0
4478 0.3254800177608972 0.635721892089158 0
4479 0.8102035802818613 0.604185616755739 0
4480 0.4756866413875525 0.5618820869180343 0
4481 0.1959009438163602 0.7677648542682237 0
4482 0.510113753053315 0.9217594246710304 0
4483 0.2226486750899787 -0.2474645524070725 0
4484 -0.5122346775675876 -0.1483088283472569 0
4485 0.6649534173169183 1.142789901382661 0
4486 0.1526412898561553 -0.2476067093219366 0
4487 0.2127831792052569 1.440125935499625 0
4488 -0.6407744014051397 0.6285433002157403 0
4489 0.06312768096476545 -0.387289790408112 0
4490 0.08264366127647269 -0.2467933005386646 0
4491 -0.1530268575827692 -0.2465007860422977 0
4492 0.2926180298989484 -0.2468368398516096 0
4493 0.01269376116464562 -0.2451802831746264 0
4494 0.08460495380927548 -0.1230485903468816 0
4495 0.1453152188419272 -0.1222802424445452 0
4496 0.1419654611196737 -0.3897041025762827 0
4497 0.5107559705388272 -0.3779539419534986 0
4498 0.9164168722295917 0.02293211750876883 0
4499 -0.2231846607153161 -0.2433062605144383 0
4500 0.8698507833292366 0.6567211543955492 0
4501 -0.3027330309017129 1.299623724538122 0
4502 -0.0574244183708493 -0.2425740288632228 0
4503 0.3464709426011373 0.6830895903957515 0
4504 -0.8850392861537548 1.128356878776521 0
4505 -0.8435135322979197 0.9765397955409074 0
4506 0.02389684731486683 -0.1192520215985935 0
4507 -0.7461522465805025 1.101246745798845 0
4508 -0.9140420286043665 -0.05473513703025112 0
4509 -0.1055245192176142 -0.1390200355020539 0
4510 -0.7567228871441425 0.9781940824692441 0
4511 0.527125591960789 0.8539739829002103 0
4512 -0.8487213513932939 1.074702234553328 0
4513 0.5774492601665762 0.9025103506821124 0
4514 -0.05880935083870532 -0.1249112535621073 0
4515 -0.7547461920351503 0.001523260889527311 0
4516 -0.4314752687280234 1.425314954655587 0
4517 0.1591681867375361 0.6760496848048407 0
4518 -0.6440580654285264 0.8378958640242916 0
4519 0.6647357205760104 0.4010470164587798 0
4520 0.3005624217283951 0.7821354076030169 0
4521 0.4593831716883859 0.7217380142223212 0
4522 -0.5952334544966895 -0.2418975258465432 0
4523 0.3346584581013429 0.758727618811215 0
4524 0.7312965145984589 0.001633616333438281 0
4525 -0.5726926884824842 -0.3438293143820138 0
4526 -0.7613334384814863 0.8105993555356223 0
4527 -0.5478032871778548 1.358447476291084 0
4528 0.3322266351770298 -0.1358960114321709 0
4529 -0.7667723875056206 0.5737900179943729 0
4530 0.6960721522327434 -0.252223905676225 0
4531 0.5119254735925524 0.9493972015835561 0
4532 -0.7688224240784554 0.3844074963188241 0
4533 0.4234318811559752 0.9804479366544505 0
4534 -0.7605978978201637 0.6444974349516092 0
4535 -0.5469710460819612 -0.1092635243415884 0
4536 0.09383928617594425 1.059100444668664 0
4537 0.8572603445253661 0.3879078633695267 0
4538 0.04615469222141656 -0.3092816192465893 0
4539 -0.7651145300378023 0.4558309058258663 0
4540 0.6678123833903138 1.173342356204913 0
4541 -0.2890431558894347 1.180245995688024 0
4542 -0.4458814318375025 1.081722779890104 0
4543 0.4716817126200391 0.6624543673996077 0
4544 -0.5393065610656894 0.4573439818787991 0
4545 -0.6858731298979989 1.003788883217795 0
4546 0.6163974639100688 0.5237878741446043 0
4547 0.6978862760558177 -0.06321691450801092 0
4548 -0.7645263306927218 0.1951394575453248 0
4549 0.1250935369028898 1.364393939324741 0
4550 -0.4916524763054673 -0.2420574321571626 0
4551 -0.7632868877787475 0.2667217073419615 0
4552 0.7766095497395793 0.3582439497610083 0
4553 -0.5817499247616751 -0.07141074430524519 0
4554 0.9430558035197887 -0.2304863125925668 0
4555 0.1454580693127611 1.288318546203685 0
4556 0.1303635391796588 0.6947337883694502 0
4557 -0.6187758108867664 0.1344137502133379 0
4558 0.4251106725325927 0.6039564179110875 0
4559 0.1119824253761691 0.6368795053534023 0
4560 0.7273148404188549 -0.3861825755212296 0
4561 0.350090397156385 0.5779542773682134 0
4562 0.352833004720532 0.5955304405137626 0
4563 0.9706955654147837 0.9396495630751831 0
4564 0.6094838401168343 -0.1753463165388598 0
4565 -0.8594871888049411 0.1541491717110294 0
4566 -0.6363380107965367 1.304960679671021 0
4567 -0.1540511432471548 1.390212581927493 0
4568 0.1902220043515435 0.8222371743154802 0
4569 0.3510238699096069 0.8875565508910791 0
4570 -0.9053531914439058 0.5087095365925896 0
4571 0.1362481293953852 0.7637617168009763 0
4572 -0.8595801618861868 0.7802129170117418 0
4573 0.7572058365845449 0.5820167217913995 0
4574 0.2709817038258489 0.9876745989061847 0
4575 0.1404870972809956 1.232023110297394 0
4576 0.9096596741055426 0.089601814918919 0
4577 -0.8932945445872731 0.5362218669336496 0
4578 0.7654215147687664 1.072478009542831 0
4579 -0.6264691315931666 -0.2479926163865062 0
4580 0.3417498374302915 -0.412914210020388 0
4581 -0.6166498779192975 -0.03370563228275425 0
4582 -0.8943595244239957 0.3436671102168558 0
4583 0.4317187152453007 -0.2438975393392173 0
4584 -0.645365948044945 0.02827957937750381 0
4585 -0.9179419849713045 0.673484424140829 0
4586 0.07542793084056411 1.397652684889408 0
4587 -0.3566569837466723 -0.3857076618434276 0
4588 -0.3669658160834797 -0.4138841894441549 0
4589 0.6157005187858628 0.0128115708575704 0
4590 0.3053853897510789 0.8236554887477947 0
4591 0.6493203912046389 0.7180510543635625 0
4592 -0.3716987156839831 1.284193256820605 0
4593 -0.09371910816169868 -0.3800171759342337 0
4594 0.8210962534090475 0.02948685029346015 0
4595 -0.3042366050823216 1.247137279276692 0
4596 -0.618827888506612 0.0340236700167546 0
4597 -0.884764648638623 0.7297477052012387 0
4598 0.3739849184478276 0.5397781637069402 0
4599 0.740443431201192 0.6540886454741447 0
4600 0.3771952848995893 -0.1183849210683903 0
4601 -0.8977327744677274 0.1997445469486036 0
4602 0.2668557753659041 0.5152356242945296 0
4603 0.7417675621594856 0.1068464802075328 0
4604 0.6065107724820635 1.352830562286128 0
4605 0.7967401897331878 1.282261129569802 0
4606 0.7724962796775923 0.3321955298283754 0
4607 0.2315996896955302 1.014239560256747 0
4608 -0.7921926700137287 -0.3064689973847941 0
4609 -0.9450159080937691 0.2445991823255281 0
4610 0.4016002279638474 -0.3877268097505577 0
4611 -0.3519747774521834 1.35420319847775 0
4612 0.1706955964567332 1.007398068469411 0
4613 -0.3763065793485002 1.013656775049834 0
4614 -0.3854572058059251 1.030657681767176 0
4615 0.02278457574032437 1.253233665967084 0
4616 0.9047952577768293 0.2569828075853799 0
4617 0.632704335541344 0.9528509598285537 0
4618 0.7363441886175186 0.05551754952374299 0
4619 0.4664733041678318 0.9512297058897317 0
4620 -0.4075006887718952 1.13067454845871 0
4621 0.7478383369618548 0.1572209148756384 0
4622 0.3378533543258362 1.473197723712604 0
4623 -0.27020530373714 1.125854656725245 0
4624 0.3756860251941754 0.6404495197228763 0
4625 0.7553547409294552 0.2101378842517799 0
4626 0.09521249988320968 0.8276220052332255 0
4627 0.1861957632398379 -0.4047166539463204 0
4628 0.1738516476291132 -0.4344267980183963 0
4629 -0.8435643789570936 0.4042544223388391 0
4630 -0.09839197711121422 1.417650628699436 0
4631 0.1856481194885626 0.6034055948035195 0
4632 -0.9712862556357602 -0.2108280138441452 0
4633 0.2951654572455067 1.156884700536098 0
4634 0.4256481227925012 -0.1492714941667399 0
4635 0.1255943768570613 0.8269900552105764 0
4636 0.5063726382123497 0.4848293482795651 0
4637 0.8322288784588863 0.2829565379797599 0
4638 0.1844908325806759 0.9282863300633284 0
4639 0.4673223556717873 0.9795645932556265 0
4640 0.4230784718404894 -0.0793824913590504 0
4641 -0.3886903128949846 1.219384100282134 0
4642 0.746174638485996 0.891448736237075 0
4643 -0.7637694548184066 0.8584815101132359 0
4644 0.9398827507211492 0.9238584962066729 0
4645 -0.2998906487145321 1.384622243899575 0
4646 0.6219211942244819 0.1156294375428087 0
4647 0.6275022969605634 0.1711464859957229 0
4648 0.6253836321475044 0.4045340588494261 0
4649 -0.5155597974559781 1.138293019928863 0
4650 0.616060892350776 0.07101677190143896 0
4651 0.1156988853495533 1.069966075509365 0
4652 0.6280729449330671 0.2871048568430222 0
4653 0.8276318648470111 -0.2884869610822506 0
4654 0.6250946705923228 1.271786127632524 0
4655 0.4899145559776935 1.445100607352249 0
4656 0.258682037318343 1.369347635639738 0
4657 -0.03744299670935176 -0.3637940298721785 0
4658 -0.6890377107125266 1.048185778292305 0
4659 0.1081306699075304 0.954616255392674 0
4660 0.6371315572432843 0.3466981711476145 0
4661 0.6380246094120351 0.2132411905295004 0
4662 0.4684296282696189 0.640734423137293 0
4663 0.768255580136581 1.103140208647889 0
4664 0.295538175255539 1.125732657575954 0
4665 0.8277150248042446 1.294648197488662 0
4666 0.1298564990647102 0.9424804326566585 0
4667 -0.1702279887561489 1.067267924030437 0
4668 0.5868689945156 -0.4072173318137239 0
4669 -0.3229299099833881 1.113458105887098 0
4670 0.9706593351543217 -0.3148874316896049 0
4671 -0.2054378794072607 1.068199051669235 0
4672 -0.6348474836384855 -0.199448985375843 0
4673 -0.5388516699795548 0.1944948501819021 0
4674 0.6383610129840159 0.2338251418064186 0
4675 0.8674162250711245 -0.3932694792996927 0
4676 0.6688280871073229 0.4254995524983448 0
4677 -0.5195817689335399 0.2327074767383904 0
4678 0.255449260260934 -0.4425040371237793 0
4679 0.5082989449250315 -0.2143366853629838 0
4680 0.7889470398846106 0.4404197726220354 0
4681 -0.9398415330452869 0.08671044507784709 0
4682 -0.6305359673513952 -0.4425657052302809 0
4683 -0.8009523105180928 -0.3379528045560917 0
4684 0.9202135535987959 1.414357674279359 0
4685 -0.4205528963114013 1.029588562147457 0
4686 0.8871433148972911 -0.0591125497273397 0
4687 -0.7639228550034511 -0.02554549534401596 0
4688 -0.3229092512158598 1.405769726123369 0
4689 -0.225272847060245 1.15297392759709 0
4690 0.01599245810920749 0.7175690788454073 0
4691 0.5100137558408998 -0.08645341034109777 0
4692 0.9721426455081266 0.4330674394659295 0
4693 0.04276799826342766 0.5727254333644929 0
4694 -0.4072627328248138 -0.03803586664416403 0
4695 -0.5279016774604951 -0.2778103890069815 0
4696 0.9750624458364197 1.108959563087967 0
4697 0.1439959749304628 -0.01753008589345562 0
4698 0.4028780473409928 0.5303817013164615 0
4699 0.03810471532723841 1.186791046444731 0
4700 0.7430306948959285 0.6821132644603881 0
4701 0.01330228412048395 0.6548611850103376 0
4702 -0.6459492143946003 1.082280577672792 0
4703 -0.6665892110703733 0.2551710270916632 0
4704 0.5952721670404761 1.258967290993218 0
4705 -0.6396783633062529 1.000970182884993 0
4706 -0.66877133928121 0.4408554162974967 0
4707 0.3878222118464433 1.090051125989761 0
4708 -0.5610436316906282 0.454472620295473 0
4709 -0.2051077516618073 -0.4707772633751796 0
4710 -0.7918936194056492 0.1902798712486228 0
4711 -0.5809280477589185 -0.3743233841447863 0
4712 -0.2832408797334707 -0.4224768542899571 0
4713 0.5561497595492524 -0.1915266761732479 0
4714 0.5034444146603573 -0.409540936163305 0
4715 -0.9740460373210357 0.5695945537889384 0
4716 0.5357818459152717 1.132673226139745 0
4717 -0.8832637952524328 -0.1297141274077465 0
4718 -0.879676582169123 1.179520697664585 0
4719 0.02715872237485869 0.8682702202784729 0
4720 0.7954589517756717 1.116442647723597 0
4721 -0.6539722180555066 -0.1779443094158131 0
4722 -0.3876936453433005 1.051263944634991 0
4723 -0.8456512850556959 -0.4707149388848949 0
4724 -0.6575961430130085 0.8582399922683619 0
4725 0.5925621340149519 -0.2130594933871703 0
4726 -0.4118367816783592 1.470644355042385 0
4727 -0.3269622136035876 -0.2729778924137862 0
4728 -0.2869896264431638 1.026803812878879 0
4729 0.08704881327035208 1.183240116547759 0
4730 -0.5192964300957323 -0.2486216130053072 0
4731 -0.2033892844715759 1.385766502842068 0
4732 0.8497561382446106 1.242897792731354 0
4733 -0.3530721911126749 1.446086911647984 0
4734 0.1471177495970568 -0.2737004727966093 0
4735 0.4164652819279325 -0.4387748204014699 0
4736 0.2175259763959695 -0.2740381413314001 0
4737 0.07693148979989518 -0.2730838685123321 0
4738 0.2877061967189191 -0.2722992607763757 0
4739 0.006752899229246771 -0.2715598084664761 0
4740 -0.7718225406727401 1.001808626352575 0
4741 0.1400784131675812 -0.1499157524444031 0
4742 -0.3577017435799417 -0.1365563829445601 0
4743 -0.7942035082983123 0.570599251708356 0
4744 0.2702366587378316 0.8704558415850769 0
4745 -0.8903385772644778 0.7778298678256647 0
4746 0.9214217272300917 0.469591264539741 0
4747 -0.7960895525430743 0.380345731703127 0
4748 -0.5332384247489758 1.384432385928417 0
4749 0.8626014360325002 -0.2457620493506667 0
4750 -0.4755783598811134 1.216525332973075 0
4751 -0.0826556287322657 -0.2500197702722273 0
4752 -0.7820263986349102 0.4768883907483377 0
4753 0.376125059763794 0.8994650751227884 0
4754 -0.3489273494395772 1.12198779114844 0
4755 -0.248971343325579 -0.2504986475894441 0
4756 -0.971600564506351 1.447487090115089 0
4757 -0.2856927437647899 -0.01747221298529977 0
4758 -0.6127924069457433 0.9683001586503295 0
4759 0.9480255379559268 -0.4721970109288521 0
4760 0.1098236215307541 1.166679980194452 0
4761 0.0106886764327644 1.061400989905999 0
4762 -0.8891787581309814 0.1491883320698194 0
4763 -0.7740659804517704 0.09656328231340588 0
4764 -0.37295745726539 1.081804281381847 0
4765 -0.9447440199779928 0.7511469455479084 0
4766 -0.9162430167204553 0.7330741117724732 0
4767 -0.4181057772195877 -0.2480033026680877 0
4768 0.0687167252645456 0.7035552804106295 0
4769 0.2337123719745751 0.5134646141259301 0
4770 0.1716691888799457 1.031156991080372 0
4771 -0.9428226557451098 -0.09583277972700766 0
4772 0.126239142263262 0.6271379731783933 0
4773 -0.680464987798045 -0.004358943126353543 0
4774 -0.7798331210721856 0.2876860380478484 0
4775 0.6938981148659287 -0.091241697531387 0
4776 -0.5393246022355691 1.149461652829008 0
4777 0.1398294946035647 0.599667052387295 0
4778 0.6470439672928066 0.2948224178568535 0
4779 -0.9735126870152018 -0.3189237497589614 0
4780 -0.6928128167323889 -0.1387457532080298 0
4781 -0.1292159074527655 1.125135532709439 0
4782 0.7798552830296003 0.5648504921849508 0
4783 -0.6817248771996509 1.317437362481994 0
4784 0.4407286325383273 1.111430427035718 0
4785 -0.5077736223364464 -0.2977292854336259 0
4786 0.377772090086517 0.6598516086499334 0
4787 -0.7111332607286492 -0.2338627975860325 0
4788 -0.9715288137047541 -0.4156447347796803 0
4789 0.01602009097678386 0.5907718960908277 0
4790 0.8809839123823824 1.255737251563653 0
4791 0.1270384888076479 1.394287543772993 0
4792 0.513590716676819 0.2342473148465248 0
4793 0.2936063807924517 0.6388232359011387 0
4794 0.7491710595278305 0.9210400496514156 0
4795 -0.6647867716889618 0.6259374318017623 0
4796 -0.2824734285258671 1.259781837402928 0
4797 0.1254699408552653 0.6096624824385739 0
4798 0.4419322140390093 -0.1110362261213519 0
4799 -0.4257870838636747 -0.2754021273173932 0
4800 0.0563031835073315 -0.4170315414419361 0
4801 -0.04494904933278927 1.244403383499153 0
4802 0.939231835658294 0.07294627574301182 0
4803 0.01047744280241097 1.15211560548549 0
4804 -0.4865068950362695 -0.3201355539898214 0
4805 -0.5564200038942561 0.2755862055410394 0
4806 -0.3447353763015691 1.012480288402115 0
4807 -0.4187456715414013 1.284212017650585 0
4808 -0.7816780959026502 0.7124542543994615 0
4809 -0.5382351993781707 0.1326929340178318 0
4810 0.3667763471169808 -0.03766592991491735 0
4811 0.689544155929827 0.8397875672317343 0
4812 -0.2548585135857109 1.38479016194946 0
4813 -0.3550085706224049 1.089657955394662 0
4814 0.9665835631336742 0.1278641952966109 0
4815 0.7872688793378242 -0.01123554845657504 0
4816 -0.2525431829696712 1.135824232677782 0
4817 -0.6998287257190932 -0.1665152366782398 0
4818 0.6513724576941219 1.253072338679738 0
4819 -0.3514041528133265 1.384852506728554 0
4820 -0.6973724613525549 -0.2871764019631315 0
4821 -0.5183299679542013 0.3380499503077117 0
4822 -0.810471405193107 0.2126033129455799 0
4823 0.5285543059857251 0.07870786318960543 0
4824 0.5250887896942013 0.05100817541368696 0
4825 0.36693920215556 0.584605448623567 0
4826 -0.529722857100854 -0.3908233877404075 0
4827 0.6993249450614001 -0.3952588006205638 0
4828 -0.7765447828103464 0.8346310979242704 0
4829 -0.04870272658153116 1.445578284188163 0
4830 -0.03842544185368871 -0.01668911401610385 0
4831 -0.3342082091555101 -0.3002670204803614 0
4832 0.2463476255195688 1.194537460448608 0
4833 0.9095320167017795 1.236018687065174 0
4834 -0.02194880532648703 1.407043868367875 0
4835 0.9417174178723688 1.259942845159105 0
4836 0.1948717948717948 -0.03480727031225905 0
4837 0.5290580863384509 0.1476700554924781 0
4838 -0.5819463262454174 0.4510108010336093 0
4839 0.6575026991230584 0.9643015955365692 0
4840 0.158548808618091 -0.1602482536730486 0
4841 -0.3290938077794566 1.01252956143735 0
4842 0.2496237468818195 1.151066792219262 0
4843 0.04592309117359928 1.266935757088565 0
4844 0.310921177716486 0.9590051886352746 0
4845 0.1682707832227407 1.243011906112179 0
4846 0.2312538263654856 0.7673370622161941 0
4847 -0.7793339820879746 -0.360598951887764 0
4848 -0.572564264284555 0.8793124712309743 0
4849 -0.675938756036357 -0.3107449797816921 0
4850 -0.04794473469778458 -0.3913084889984622 0
4851 0.2508051283069775 0.8838276104669545 0
4852 -0.7925304238064019 -0.03170664612098384 0
4853 -0.5162624925320028 0.8291921487078135 0
4854 -0.7312934728305287 1.128745530189224 0
4855 0.3864110510448918 -0.2355924772117258 0
4856 0.5338211320752282 0.402863453816749 0
4857 -0.5321276847667633 0.9477699075909608 0
4858 -0.5309073377584704 0.9716426250361462 0
4859 -0.4092365110782437 -0.4728965207420386 0
4860 -0.2564035260790183 -0.2772895189413636 0
4861 -0.7572342046508279 -0.3855617434973231 0
4862 -0.4521890497961527 -0.02313586782941768 0
4863 0.5255866305578558 0.2089141456366075 0
4864 0.1436200623415672 -0.3046210829891448 0
4865 -0.9084792307191628 0.1737794504162237 0
4866 -0.822295121833847 0.5678986365660417 0
4867 0.05605744804640712 1.441794823540997 0
4868 0.07381408116805097 -0.2996424311886863 0
4869 0.0009440299637007499 -0.2984629056083831 0
4870 -0.9226208724786986 0.5325966007264203 0
4871 -0.5367684933195163 -0.4245596499075823 0
4872 0.02596985145363567 0.8524366845033791 0
4873 0.7699685884593197 0.4839339372333141 0
4874 -0.8238448671774973 0.3759888540935545 0
4875 0.2071681176884193 0.9367568959189414 0
4876 0.5525594755624218 0.4309919831893502 0
4877 0.6899733176381793 -0.118622350377426 0
4878 -0.5157963097849929 0.625498226550917 0
4879 0.6725215758734018 1.203822262497299 0
4880 0.3850404179965657 0.5911599927731253 0
4881 -0.8135424420529543 -0.009720566839258149 0
4882 0.4142062574511827 1.101089584115454 0
4883 0.7688249339596768 0.6944515310970951 0
4884 0.9434370306916559 0.9880502510264592 0
4885 0.9760956483234061 0.3292606898096503 0
4886 0.1854997367273584 1.199532367986093 0
4887 0.4973592138904397 -0.4433723099730957 0
4888 0.7018265010589696 1.215285845186972 0
4889 -0.09072972975396561 -0.2776885077183003 0
4890 0.5153252586329342 0.3537415619017376 0
4891 -0.04400358417046349 1.271273329805296 0
4892 -0.558728027575361 1.109921603233395 0
4893 0.2038233580922464 1.181870414126987 0
4894 0.4895788627037506 0.6487058427878228 0
4895 -0.8831404785880302 1.232141228512909 0
4896 0.2297663047662873 -0.1289858251824564 0
4897 -0.406553631948508 -0.2939690612666592 0
4898 -0.910080433993477 -0.1365324193966941 0
4899 0.6995619975534102 0.4496850271961991 0
4900 -0.9725288578755328 -0.07953723016627368 0
4901 0.0450159402552555 1.297855137573817 0
4902 0.02689692628115087 0.6455867649299404 0
4903 -0.6924542437401416 0.2522524359383321 0
4904 -0.1343245592018878 1.066371690907014 0
4905 0.372001356671339 0.9208625003226462 0
4906 -0.5779846604541925 0.268649399215852 0
4907 0.9760029694080283 0.5385947433194702 0
4908 -0.3665751738385736 1.026390578421916 0
4909 -0.1243956167819712 -0.01773614455091821 0
4910 -0.3133483052948435 -0.3210104591984428 0
4911 0.5435297038395674 0.7881576936485024 0
4912 -0.3598224254533447 -0.07491961249395596 0
4913 0.3189207427680377 0.7903976889180038 0
4914 -0.3903777021817884 1.244538055237972 0
4915 -0.8463492831372779 -0.01395959067658947 0
4916 -0.6826104618434263 0.8573501887343058 0
4917 0.9460138025584219 0.4511503663827049 0
4918 0.2628204658034126 0.6419423578064603 0
4919 0.7760941627062073 0.9345627715580895 0
4920 -0.5354903273429357 0.3907625511827254 0
4921 -0.3066181016283807 1.169383328016261 0
4922 0.5563500847898522 0.6673002655178268 0
4923 0.7568299556945539 -0.1977416232469346 0
4924 0.7063879397071423 0.7954481192634602 0
4925 0.5823498633998789 -0.4388825412162217 0
4926 0.1316037495650863 1.032856865074807 0
4927 0.9257271674783343 0.2379007307801649 0
4928 0.7965358432755698 -0.4445915338219506 0
4929 -0.5356030271225154 0.2841450345495537 0
4930 -0.244743028750192 -0.1312836846524565 0
4931 -0.9737445511229491 -0.4486210386482026 0
4932 -0.3885238403261462 1.071329473886087 0
4933 -0.5159149297007982 0.5221671470106473 0
4934 0.2632009107583779 0.6603247236316667 0
4935 0.06244008425960049 0.5430699524115337 0
4936 -0.09922878408209773 -0.03710983876460383 0
4937 0.03093368864123732 0.5564476351002011 0
4938 -0.54876639468813 1.412508582536151 0
4939 0.1771311140323196 -0.3188871097743109 0
4940 -0.839279378013941 0.5890746076438091 0
4941 0.02233613279921517 -0.317997259426593 0
4942 -0.4260035537463351 1.366713946696192 0
4943 -0.8681452667428691 0.01458690095961301 0
4944 -0.2623951137287447 -0.304746584446713 0
4945 0.5164282899477513 0.7036975630929794 0
4946 -0.6842503164510721 0.4610218182854546 0
4947 0.2941217158269877 1.443787875620054 0
4948 -0.2608473499859817 -0.4450539674650786 0
4949 0.7952974281821632 0.7068842899740396 0
4950 -0.1709123986246845 -0.07155677428353147 0
4951 -0.8003563547731123 1.000794647421615 0
4952 -0.8016971010447071 0.0902629474812382 0
4953 -0.5846332715134323 1.119812553323818 0
4954 0.02082693203696773 1.313579734175523 0
4955 -0.8093958804705916 0.4730118524089877 0
4956 0.2177959552293546 0.5123327142291146 0
4957 0.508557476726377 0.6351389677133065 0
4958 -0.1743589743589747 -0.03405422597601182 0
4959 -0.9143206979265377 1.113285347445765 0
4960 -0.4401063055239205 1.037690718343812 0
4961 0.5361398065144839 0.6867277199232437 0
4962 0.7788956874327292 0.9638722773238484 0
4963 -0.03835424019349418 1.067009936751695 0
4964 -0.6000781277059536 1.080903394254142 0
4965 0.04839212355755441 -0.4478289929841577 0
4966 0.2150561646482861 0.9023791854075562 0
4967 -0.777822610712277 0.664847509508361 0
4968 0.4488048038432314 0.5318444762701469 0
4969 0.8214223162031569 0.508532135170894 0
4970 0.5167639235655905 0.7304978212818796 0
4971 -0.9457705741953779 0.6112122938789578 0
4972 0.01463470290290228 1.176470550680787 0
4973 0.9425806398119437 1.123122776861941 0
4974 -0.516671266768105 0.7889528304968904 0
4975 0.02834632039175539 1.094904713872633 0
4976 0.7635534578463685 0.2806348248007077 0
4977 0.7868525025953224 0.2893107907239726 0
4978 0.891381477948384 -0.02586952850559565 0
4979 0.7123431609471511 -0.1364080232101841 0
4980 -0.09954721156988974 -0.3059928008887217 0
4981 0.9430462463189777 -0.2659484695216845 0
4982 -0.5637950693816823 1.444297582161407 0
4983 -0.9467224511596675 0.2118902094113766 0
4984 0.1241994959537684 0.883622480937957 0
4985 0.3438066393587901 0.5111614891995525 0
4986 -0.8195993941100462 0.4459410148834131 0
4987 0.3966099922918029 0.6688950271121871 0
4988 0.890129568258017 -0.2320864980117082 0
4989 -0.8871839938451762 1.29289562448613 0
4990 -0.8109573655858791 0.06399343123563594 0
4991 0.5560876482692595 0.1426410510386236 0
4992 -0.4995157180540571 0.9843959889282287 0
4993 0.6330898619872268 0.3265204220389997 0
4994 -0.9452287117027999 0.8925095014690623 0
4995 0.5292158472849759 0.01132681890498943 0
4996 0.2469432133100632 0.9098014561137321 0
4997 -0.851609671731492 1.471125029858545 0
4998 -0.696592181810194 0.8802677607327819 0
4999 0.3620302330388776 1.327820007965438 0
5000 0.9324740441954679 0.354856886934994 0
5001 -0.6981437689340689 0.2959251171382811 0
5002 0.7957646453457741 0.4961879312270001 0
5003 -0.004392179798203739 -0.4731790328401967 0
5004 0.9415573298142363 0.6056491623440381 0
5005 0.1110559699359924 0.8369584872987106 0
5006 -0.9708278878261209 0.8024142157367209 0
5007 -0.4509750852896483 1.327532953540771 0
5008 0.7583186675258649 1.208397360307029 0
5009 0.4964406965379711 0.745500741025541 0
5010 0.4464605492886636 0.9917730106412371 0
5011 0.5680096734985783 0.7972182226950095 0
5012 -0.7784823412924506 0.8818608070183052 0
5013 0.1454623766087303 0.7036850360084137 0
5014 0.5283310304945563 0.3256163128253987 0
5015 -0.7312238671060256 1.343139065827868 0
5016 0.6964365223576887 0.3503149888098586 0
5017 0.02819578588593175 0.885944376244896 0
5018 0.6779661016949151 1.475313562387541 0
5019 -0.1669142413188764 1.125386863558918 0
5020 -0.6634674000143437 -0.4465369352406627 0
5021 0.7243381601072941 0.777859158645489 0
5022 -0.8293736603846107 1.000276506558252 0
5023 -0.515829967389327 0.7469350567183877 0
5024 -0.6991998532450593 0.4829430788279346 0
5025 0.8019099474606473 0.5485949428052632 0
5026 -0.8068263672831087 0.6595858125038185 0
5027 0.1040130821991177 -0.03598873887575982 0
5028 0.3715900064451316 -0.2920046474964704 0
5029 -0.5324149718442792 0.9246421347389295 0
5030 -0.001876442095571055 1.363126008218541 0
5031 -0.6088297630586741 1.156016517152693 0
5032 0.3365522728833302 0.7785580183849594 0
5033 0.5288427723226501 0.6437274737578143 0
5034 0.782085535118991 0.224609582562287 0
5035 -0.9499137291405372 0.4194875160273446 0
5036 0.8575778684262212 0.3573750885632283 0
5037 0.5000667062215559 -0.02295011769927879 0
5038 -0.5885006916219799 0.1021611999041307 0
5039 -0.4614587366285895 1.047589369511872 0
5040 0.1619090040387234 -0.03548836324673499 0
5041 0.0262101763694764 0.6304798148986117 0
5042 0.9454392120897915 1.021420393338981 0
5043 -0.1776156250337107 -0.09314159702697222 0
5044 -0.2912013985560896 -0.45044341123096 0
5045 -0.9739390486950512 0.4649004302599295 0
5046 0.8078307337170934 0.9779811388113741 0
5047 0.8135593220338981 1.475665672784279 0
5048 -0.7443516643200333 1.155610064789253 0
5049 0.770475652662762 0.1683662293893748 0
5050 -0.4757954576326731 1.239432445075394 0
5051 -0.3756491333359449 -0.4423334925038437 0
5052 -0.7017267949016169 1.179332417876686 0
5053 -0.8453092518584364 0.6297054930803376 0
5054 -0.3906754855594785 1.269572002835879 0
5055 -0.9171826379667996 1.346870412376646 0
5056 0.395216057139415 -0.4165375356318141 0
5057 -0.6638988837895041 0.7536154193644509 0
5058 0.391583979647483 1.340587539682426 0
5059 0.759180407120281 0.2567812960084568 0
5060 -0.8804007817577058 0.852042449046764 0
5061 -0.1836797868255719 -0.05352937239625088 0
5062 0.438485433439527 -0.131511125000816 0
5063 0.3833286648550526 0.5275532611967344 0
5064 -0.6646696385904298 0.6694418122757808 0
5065 -0.2579897450872752 -0.03369465857339327 0
5066 0.1426714351508266 0.8728117861666527 0
5067 0.5119913491094112 0.202020795082637 0
5068 -0.2232160020124867 -0.01636453562264506 0
5069 0.4006275873596253 0.6906530933734878 0
5070 0.01200902381444358 0.7975761899155547 0
5071 -0.6064330991865375 0.8973209191759168 0
5072 -0.8402402829266423 0.05726265483533532 0
5073 0.7762542002890485 1.160539834832821 0
5074 0.6993855775859608 0.2532389017440841 0
5075 -0.6866487246112447 1.199683975020737 0
5076 0.3799097263463112 -0.2634145558856279 0
5077 0.01434661281796904 0.9528500964896491 0
5078 0.8370588352875916 0.9928701202249025 0
5079 0.5656177537393252 0.2940825852262586 0
5080 -0.9482558123376785 0.1414144292415632 0
5081 0.5848821593375784 0.7569034844808743 0
5082 0.04759740004973496 1.105333760635209 0
5083 0.7669653873842515 0.141874241406676 0
5084 -0.1709677336930186 1.012147859674331 0
5085 0.332944340513138 -0.333272746660465 0
5086 -0.8252967349397491 0.4229950928152963 0
5087 -0.08852683418435071 1.277169225194433 0
5088 -0.9760096179279126 0.3599231850503445 0
5089 0.9497727226749062 0.4820312073175173 0
5090 0.2377544939981504 -0.4744810626359434 0
5091 0.8664516988262242 1.009238610049439 0
5092 0.7267692340600768 1.197485792441605 0
5093 0.5611863937968191 0.161543768084081 0
5094 0.1116836989378945 0.8560392604562288 0
5095 -0.6880560144684201 0.7506195727694288 0
5096 -0.7018363422618735 1.241575283513213 0
5097 0.5289750155689115 -0.1091020160039313 0
5098 0.1588835954776043 0.8620669350047551 0
5099 0.4002945790046655 0.580163194573915 0
5100 0.63308304013147 -0.4449414192823559 0
5101 0.9750148971035442 1.317757940555257 0
5102 0.5502395354887206 1.037304179209942 0
5103 0.09678771395112362 0.8597032793486974 0
5104 -0.3499616307505698 -0.01685718499944744 0
5105 0.1330431850624638 0.7304107420545108 0
5106 0.2974629295714384 0.5103110749243817 0
5107 0.7653482008052275 0.7903045536085682 0
5108 0.05442409757086946 0.5274895626363728 0
5109 0.6205085088481965 0.8681173268202431 0
5110 0.4241773668290968 0.530493362609763 0
5111 0.7907693559172332 0.3166119816244633 0
5112 0.6546395332539328 0.4927407656600002 0
5113 0.8724943919379601 1.437621601701591 0
5114 -0.7015684431896472 0.6714863865453984 0
5115 -0.8073523652230765 0.8803656312125514 0
5116 0.4452179160275869 1.335554773219655 0
5117 0.4222778106468129 0.5831549879903102 0
5118 0.5514807866970235 -0.4469268739313936 0
5119 0.4715787318773862 0.5418731726311552 0
5120 0.5245055936489542 -0.1344237713758514 0
5121 0.6823288983460102 0.2950103037465953 0
5122 0.1494180811377878 0.5260076802722025 0
5123 -0.4078816347235223 -0.09675949758143398 0
5124 0.6807182289319933 0.27005456283379 0
5125 -0.1108289458727405 -0.4400993346967443 0
5126 0.7217325026867085 -0.4124058101297663 0
5127 -0.1612952593542915 -0.271938807075955 0
5128 0.6010840938137245 0.7417606380749988 0
5129 0.03806546272091587 0.8444545531116546 0
5130 0.7623476417745954 1.44748802599239 0
5131 0.5267368673485375 0.3075394131963137 0
5132 -0.5138132023520208 0.4792901124471577 0
5133 -0.8698660243802298 0.04740200571151099 0
5134 0.8376464496641676 1.050832861303864 0
5135 0.1324061904652222 1.05674646249705 0
5136 0.9780821998848407 0.6360603752243636 0
5137 0.4199974821526282 0.7004042134658659 0
5138 -0.8952409460927826 -0.4455647895489756 0
5139 -0.7783907888684096 1.374644709862888 0
5140 0.4416329011306876 1.475625103283813 0
5141 0.1977952783551757 -0.1450397478465288 0
5142 0.6067940745084343 1.030578607629384 0
5143 -0.9168424531073764 1.005843108831541 0
5144 0.790816247507146 -0.1885426872923428 0
5145 0.7634545469143206 0.1158131876684269 0
5146 0.8744502064291085 0.6821056306461358 0
5147 0.1769519756118543 0.8698941410776098 0
5148 0.2001551274953641 -0.3454251242849701 0
5149 0.6577794771665924 1.023531158263542 0
5150 0.9171421543804655 -0.00919450952283607 0
5151 0.8170217104099021 -0.03398512040348145 0
5152 0.2922709860242823 -0.3918843810499859 0
5153 0.7749203674525131 0.1948902818788407 0
5154 0.9771998076214983 -0.415254237288136 0
5155 0.8802208912467595 0.344192784149236 0
5156 -0.9776507699882152 0.2966101694915254 0
5157 0.2675106132946338 -0.01347742521133122 0
5158 -0.6580692231697813 1.250039577223983 0
5159 0.4703440897975069 1.003869143411071 0
5160 0.01965123366922075 -0.01487606627303117 0
5161 0.2906170541024005 0.9956006469365688 0
5162 0.8778872197556482 1.075567864908245 0
5163 -0.2639962047601311 1.012064848815825 0
5164 -0.0247570449345873 1.374608007211508 0
5165 0.9780272633584289 1.41378368394977 0
5166 0.6827030518043197 1.007505095314083 0
5167 0.3113425187648452 0.9813868801383683 0
5168 -0.8454544450356547 1.025824762830096 0
5169 -0.405512612675876 -0.3340373852976088 0
5170 0.05307069810454794 0.8531548119483383 0
5171 -0.632517601024801 0.9224185512113284 0
5172 -0.09555628901887657 1.063106279520425 0
5173 0.7961635742279767 1.142962749138879 0
5174 -0.9144970775488365 0.9459579694211094 0
5175 0.1480963395387315 0.7394578116501472 0
5176 0.1374478593214769 -0.4742610650954746 0
5177 0.945816343600776 0.7467839701119983 0
5178 0.5650012699306569 0.1809526363920483 0
5179 -0.665245246664889 1.299079273018222 0
5180 -0.767646344337511 -0.4115116182286798 0
5181 0.4984908032913725 1.331709946198912 0
5182 0.02400237427633865 0.8213986329431864 0
5183 -0.3899004107686952 -0.3872334032015227 0
5184 0.2138201529373956 -0.03382923801258664 0
5185 0.06913085362610931 1.116054444750932 0
5186 0.4588429041286455 -0.01805257135116889 0
5187 0.05880158501150165 1.173450261392742 0
5188 0.1948336537895615 0.8577489966505624 0
5189 -0.5346003049795884 0.6992765618911152 0
5190 0.681365426679895 0.9745482342263045 0
5191 -0.2409676763497166 1.067124001732914 0
5192 0.02927834154919629 0.9039973070914655 0
5193 0.1850348832412034 1.449531369535435 0
5194 -0.2721873602066396 1.069352358246832 0
5195 -0.9204729815101178 -0.07980130400340579 0
5196 -0.5142776564141142 1.067664139553969 0
5197 -0.8370636268955113 0.8790379245906805 0
5198 -0.5802952205732009 0.6837446721513825 0
5199 0.1232583266474763 0.51064813668939 0
5200 -0.3456369633209991 -0.4744848448091382 0
5201 0.579173706313705 0.2831988299727864 0
5202 0.949352168414479 1.055203273057735 0
5203 0.0315053541122136 0.980183470247984 0
5204 -0.9471549455498396 -0.2599887535986383 0
5205 0.02057014571927326 0.7696544592765386 0
5206 0.6391646733460159 0.1058140981080821 0
5207 0.1953641064781876 -0.1656856080814505 0
5208 0.04573648698298558 0.9134437973972127 0
5209 0.5996418985191083 0.9130416979994336 0
5210 0.4946717182729723 0.5477666537107919 0
5211 0.2574117472644051 -0.3047507807167517 0
5212 0.02466308913405003 0.8368440306041629 0
5213 -0.1627951787272417 1.024748061680916 0
5214 0.28321128479898 -0.2971160742313631 0
5215 -0.6928527203265648 0.7089681346052188 0
5216 -0.8028511405154423 0.2851544058301174 0
5217 -0.534214715754002 0.8807915337071739 0
5218 0.2151370305856518 -0.2961220474799101 0
5219 0.5251337443291761 0.2897558097397208 0
5220 0.3062321366052979 -0.3155123763231604 0
5221 0.5057712287990592 1.362072530743975 0
5222 -0.2024008978893626 1.124808694299723 0
5223 -0.8612320225255548 1.051551352465169 0
5224 -0.1951542902701636 1.024592084526968 0
5225 0.5159236947411199 0.5326371486347306 0
5226 -0.370203532865828 -0.05324298309591691 0
5227 -0.4331382132105737 -0.4478879829167346 0
5228 0.1799617492154332 0.523940397247971 0
5229 0.8878017798361109 -0.4110948449087619 0
5230 0.7618544404615119 -0.08775799999541578 0
5231 0.5412686138269901 0.1407554462592409 0
5232 0.3282051282051281 -0.01354948301883807 0
5233 0.3699478962048557 0.5261765079629166 0
5234 0.6329339795484195 0.7648113626397697 0
5235 0.6572998279518806 0.5153895810528324 0
5236 0.6356790618223838 0.08200584351642626 0
5237 0.399489477843004 -0.133416036245916 0
5238 -0.1355932203389831 -0.4785870112071664 0
5239 0.3573800421805844 0.7875492422029768 0
5240 -0.2504039954630021 1.009642738972494 0
5241 -0.8174663715614542 0.6353951539293456 0
5242 0.6744126311226053 0.2231034211401575 0
5243 -0.2312881042261143 1.026007576204751 0
5244 0.4953323476749856 1.015719508671662 0
5245 -0.08583361623528392 1.305997270057505 0
5246 -0.9525470667983529 0.8474798910675418 0
5247 -0.5134641890514205 0.2128205128205131 0
5248 -0.61491194958009 0.6913181617154112 0
5249 -0.9786347112895611 0.05932203389830504 0
5250 0.591271930966721 0.4253085786012373 0
5251 -0.6291945636403158 0.7105621996443794 0
5252 0.270687323792186 1.009632070069157 0
5253 0.6415921894168561 0.1288994943669668 0
5254 0.2494754570688213 0.6701827788229613 0
5255 0.1939379419443567 -0.3749196765659258 0
5256 0.6229448751712013 0.02975260880265329 0
5257 0.4287340056712843 -0.02747909945735294 0
5258 0.9769076559117587 0.7699766730496449 0
5259 0.577059717710758 0.2637858297111004 0
5260 0.7951121729774151 0.3421296223717497 0
5261 0.4524467407742746 0.5114410308643292 0
5262 0.4829799326073418 -0.1367324068237918 0
5263 0.6309924321339505 0.05966981140878375 0
5264 -0.2127266150801155 1.025531500549606 0
5265 0.2372626204891524 -0.2882329234141802 0
5266 0.4232682998547693 0.7208795774826302 0
5267 0.8417468241863764 1.15092679233253 0
5268 -0.1868118120971142 1.012228977293193 0
5269 -0.949746122411614 1.059757930623144 0
5270 0.5872074237915742 0.2098288397171758 0
5271 -0.433889967740507 1.265743259920998 0
5272 0.9094411190880033 1.117495505762657 0
5273 0.8779000550023586 1.107442467754334 0
5274 -0.5179085457384991 -0.4423798358241744 0
5275 0.2430179101638195 1.445079893436931 0
5276 -0.5330867847008287 0.9028539075362503 0
5277 0.9469511559532802 1.163198467422339 0
5278 -0.922628667379761 0.1964204309921037 0
5279 0.9759824964574657 0.4922241928418414 0
5280 0.05204614834701152 0.9728397708092889 0
5281 0.5551171919262149 1.355410506251089 0
5282 0.7813770090886368 -0.4224238385919882 0
5283 0.9398646024460582 1.384558953295869 0
5284 0.575016387335015 0.2430284126955467 0
5285 0.2562014144112204 0.5254602651389069 0
5286 -0.6441703140943478 0.7313786924375858 0
5287 -0.7513305830710824 1.441024083085853 0
5288 0.6503986457276492 0.3127479159246654 0
5289 0.1710775444996538 -0.1759547172548704 0
5290 -0.1571057697278074 -0.03529675839975777 0
5291 0.8856158315121422 0.7268645113252772 0
5292 -0.215487954566025 1.245181696379694 0
5293 -0.02012605015010595 -0.01315388927408745 0
5294 0.891008911424892 -0.203499039867553 0
5295 0.09574650276335477 0.9402276433920043 0
5296 0.9796534034544573 1.348080724963292 0
5297 -0.9504094247060444 -0.1608098539658169 0
5298 -0.601813263362588 0.447868467678679 0
5299 0.7598184857452447 0.08957567433696234 0
5300 -0.94937918805564 1.398888560257177 0
5301 -0.1802951377216384 -0.3297410323381383 0
5302 0.0696238079244991 0.8612113710389029 0
5303 -0.896671178185139 0.7531490634728901 0
5304 -0.8676085952867032 0.8765232427727099 0
5305 -0.5255392044773247 1.237338597582844 0
5306 0.1347305800080024 1.081099140153624 0
5307 0.04160551985040026 -0.4750929691710276 0
5308 0.5115141470612616 0.3424537005172976 0
5309 -0.1809588154215314 1.39537802214961 0
5310 0.6379968833733117 0.7888131697599202 0
5311 0.09105698541696668 1.127276938559183 0
5312 0.1305198948864298 1.42040831736151 0
5313 -0.5130089100237764 0.5820512820512824 0
5314 -0.6114630400530759 1.207523549275021 0
5315 -0.04840540282982815 1.013923178486178 0
5316 -0.5327262171049982 0.09428473697263123 0
5317 0.07809393331589901 0.913297801398266 0
5318 0.8928402519039804 0.2006713626443082 0
5319 0.4617424295982703 1.096269106263112 0
5320 -0.8771016561213412 1.078005744621299 0
5321 0.01199827518623804 0.8132141491643425 0
5322 -0.2055427377493841 -0.1153874551793539 0
5323 -0.0003204177994084785 1.322229328074864 0
5324 -0.6163340327234303 0.46645469217884 0
5325 -0.4273858483342325 1.398900720047793 0
5326 -0.6308839969912563 0.4856043102322649 0
5327 0.6222263863558986 0.8937737189716299 0
5328 0.09442753529876174 -0.3116785177311275 0
5329 0.5221613751861611 1.027448431420684 0
5330 -0.7638913177130988 1.406855309007331 0
5331 0.9444678753867776 -0.3596476834791922 0
5332 0.610169491525424 1.479266499712851 0
5333 -0.5995396762652423 0.2652526888931841 0
5334 -0.6829538542395227 -0.1842853449655082 0
5335 0.8648563411740346 1.134997881656747 0
5336 0.9428184034076355 0.6685349931909002 0
5337 0.6215557312386673 0.154543964669717 0
5338 0.5101549451782823 0.04827795177046812 0
5339 -0.8445048418841591 0.2837769139785106 0
5340 0.4998302548659181 -0.003129093780585679 0
5341 -0.630335979964937 0.3014982378869861 0
5342 -0.5128435143754728 0.151282051282051 0
5343 -0.9780197287043515 0.8417011605123899 0
5344 -0.2987847580696242 -0.4772930565841265 0
5345 0.205408064673282 0.827731874584989 0
5346 0.2514407547385887 1.023081291387688 0
5347 0.3501960403894244 0.9550208585542734 0
5348 0.2338465808453974 0.8351152611357513 0
5349 -0.2296912872663281 1.175398932693589 0
5350 0.003009624624635817 1.420190634337999 0
5351 -0.5140012310850719 0.9544022395296254 0
5352 -0.5127827851510851 0.8487179487179485 0
5353 0.6367248127228163 0.53266096456696 0
5354 0.1926170444573402 -0.06696700921610155 0
5355 0.02331477252325022 0.7908180684601949 0
5356 -0.6459728895497663 0.5049098008898816 0
5357 0.5118684742155379 0.1866063330480265 0
5358 -0.3600166565824171 -0.03498696406906077 0
5359 -0.6153297892949471 0.2830171088161306 0
5360 -0.6670632912862424 0.5192606993608647 0
5361 -0.01755536548748168 -0.1291868908369223 0
5362 -0.6457358575361617 0.3196569836089376 0
5363 -0.1665817161701966 -0.3799575980883853 0
5364 -0.07571839548572425 -0.03342550991483151 0
5365 0.9129851695629434 0.7352923074539491 0
5366 0.6455315563484164 0.1773016603952171 0
5367 -0.2014297146863668 -0.4176517854883915 0
5368 -0.02564384233425019 -0.4464321243306123 0
5369 -0.533907105608433 0.247408035183923 0
5370 0.6867102256860971 0.4060695248462864 0
5371 0.8178650849021331 0.779332868168913 0
5372 -0.5186986058108899 1.032154988775146 0
5373 -0.5650701545622171 1.235644813020137 0
5374 0.03864783916557432 0.6220266109106878 0
5375 -0.2910400276250167 1.040950294979224 0
5376 0.520983316387766 1.450512923947188 0
5377 -0.5298234861464003 0.1828850114703021 0
5378 -0.8914806262387339 1.156585272754514 0
5379 0.1498200389668763 0.7557564086860403 0
5380 0.07239794750821867 0.9830211186075276 0
5381 0.002871177975256173 0.9990802460659205 0
5382 0.1150573217950284 1.13937598773905 0
5383 0.5377458796115633 0.0423566460466932 0
5384 0.9511834102363074 0.2463081951906665 0
5385 -0.4021389774124466 1.025450202078121 0
5386 0.5692366984028916 0.2291670274187167 0
5387 -0.8941440057047275 0.3038393677408129 0
5388 0.7697522701366583 -0.03135514803570949 0
5389 -0.3907365943068003 -0.123463754666094 0
5390 0.6728958306122088 0.4742622344971564 0
5391 0.4669774897559198 -0.4462356974931168 0
5392 0.8161971621286892 0.3500632051497711 0
5393 0.2514972405557117 0.689549694038488 0
5394 -0.9751847183874955 1.475184718387496 0
5395 0.9751847183874955 -0.4751847183874957 0
5396 0.9751847183874957 1.475184718387496 0
5397 -0.6673541094754367 0.3333963512219115 0
5398 0.1350357395182197 1.105552919830101 0
5399 -0.2511813657212423 -0.01523828778657743 0
5400 0.9774505289889392 1.074978172777616 0
5401 -0.1711369660640693 -0.2999308595759755 0
5402 -0.6938453116464292 -0.4503370429734799 0
5403 -0.8904112830883613 1.103122941912489 0
5404 0.5238645013297141 0.2742410220349957 0
5405 -0.1465034185177584 1.024588831953508 0
5406 0.4240196419929515 0.5612867625711296 0
5407 0.2358274391242305 0.7868619140052666 0
5408 -0.9754162954408948 -0.4754162954408947 0
5409 0.2502491874115738 1.08008425595257 0
5410 -0.7361008709058781 -0.4460634481777253 0
5411 -0.143202406763915 1.419227770298213 0
5412 0.7014063244403803 0.3902074292199937 0
5413 0.3491660475974499 -0.2960136995291669 0
5414 0.38249117947745 1.44706904480744 0
5415 0.1575077041803082 1.114607981119131 0
5416 0.6430871885158855 0.850264294525989 0
5417 0.6657317898181492 0.8317868071427592 0
5418 -0.2140399761363693 -0.3090208208533526 0
5419 0.4436350682088162 0.7299446454938179 0
5420 -0.9243781430802221 0.7034988446887592 0
5421 0.7562861448189642 0.06343220036512165 0
5422 0.8101249342572728 -0.09557338678819916 0
5423 -0.3328287755802769 1.428932699896181 0
5424 0.6153033685237811 0.55144145359749 0
5425 -0.2137629882477276 1.080375023984174 0
5426 0.01156356624450832 0.7467593238018622 0
5427 0.3254535786446099 0.5256292221854437 0
5428 -0.4766285332632128 1.432796496399516 0
5429 -0.68141150082047 1.02609333952869 0
5430 -0.09376888087486163 1.446235745734066 0
5431 -0.6927574460392073 0.5214950778766848 0
5432 -0.5330786358173105 0.3501866176610413 0
5433 -0.9446426668993718 0.3246022625918779 0
5434 0.370029723166071 -0.4229347636820082 0
5435 0.5641314817782541 0.1957067979476105 0
5436 -0.6570883793637964 0.9195156817899474 0
5437 0.4522668495218889 -0.1456991282104974 0
5438 0.1611688884832492 -0.406776550165225 0
5439 -0.7066779621774298 0.7192051658088248 0
5440 0.9469975012606779 1.196847336513489 0
5441 -0.2207945401828126 1.134429947706779 0
5442 0.5258958569735717 0.4453467760232786 0
5443 -0.2775597848993993 1.392518891685012 0
5444 0.1810188755961592 1.099572392131255 0
5445 -0.1954235928065082 1.256136678874608 0
5446 0.8924375633169346 0.0321631290139327 0
5447 -0.3226098237081689 -0.03314754413300813 0
5448 0.7781027795289885 0.7729184708087179 0
5449 -0.2531078883993723 1.178548233766948 0
5450 0.8238199080920627 0.5341308278898897 0
5451 0.07871875730259104 0.5379282780297007 0
5452 -0.9458455084774444 0.7753928616479302 0
5453 0.08128045315779139 0.9332118172040407 0
5454 0.3767745854898 0.7954847028635463 0
5455 -0.693150684098981 0.334849630049431 0
5456 0.5673759067598996 1.022344568593335 0
5457 -0.3834802063646985 -0.08645338911309519 0
5458 -0.9463913562848615 0.01165263885044576 0
5459 -0.17953701523845 1.080306198390498 0
5460 0.4865915790868047 1.109587946489507 0
5461 0.4923705940850761 -0.1510146222031328 0
5462 0.2934403240157777 -0.03161101828292401 0
5463 0.20588510325255 0.778163529204223 0
5464 0.5660152997548329 0.4410327583938674 0
5465 0.2074028608023426 -0.1033644072651259 0
5466 0.9384761690040074 1.286744411341408 0
5467 -0.5329045896088185 0.3008322481679151 0
5468 -0.9085272636208686 0.8483634801268256 0
5469 0.09223465585548307 0.9712150252248384 0
5470 0.3794417174070499 0.937375748558235 0
5471 0.2520580514971941 1.044516489317479 0
5472 0.5972179468871684 0.5936024836823204 0
5473 -0.4823795646415527 1.056812345376446 0
5474 0.3322921512360976 0.9451674340667635 0
5475 0.2366234675032245 0.8070858005667056 0
5476 0.2037260034422063 1.084373601286478 0
5477 -0.5119395522988738 0.5410256410256414 0
5478 -0.1749941516413525 -0.4100440293783836 0
5479 0.8643832248641693 -0.4509219485478739 0
5480 0.9478868905150499 0.8114331650042516 0
5481 0.6951683081819409 -0.4515641401275031 0
5482 -0.4288026824519656 1.449984669345216 0
5483 -0.6843570860557395 0.918083944364629 0
5484 -0.6748340225055337 1.087096334530155 0
5485 0.4226941753022977 -0.06090775092457057 0
5486 -0.9471564948808125 0.6624601486339744 0
5487 -0.9483811234265617 0.5265536191433883 0
5488 0.566051118670772 0.3106264768416772 0
5489 0.890377780734381 -0.1550947643168037 0
5490 -0.8652521580612109 0.4229039253360058 0
5491 0.04747430485147952 0.5567759288821956 0
5492 0.9493049368857818 0.6944894165011037 0
5493 -0.5424896008236477 -0.480632007326192 0
5494 -0.7960207412106387 -0.450986176421359 0
5495 0.2555705678079586 0.7094921433369207 0
5496 0.6945594458702528 0.2096434524885568 0
5497 -0.02235457600268672 1.040656775299425 0
5498 -0.6302779634297759 0.9796531551761496 0
5499 0.2330806384256525 -0.03199999511772944 0
5500 -0.3214126888737995 1.023169410654388 0
5501 0.5975174925619963 0.5595682491269611 0
5502 -0.976186090237982 0.4079056407382064 0
5503 0.1651799612891895 0.7635758454367562 0
5504 0.5143716733242099 0.500358375485573 0
5505 0.5596011608995564 0.5918365616658472 0
5506 0.009857321151259719 0.7673557205457617 0
5507 -0.5119197512084791 0.643483644944549 0
5508 -0.5390942191353689 0.5679699033155388 0
5509 0.05396507678320693 -0.03197673416829094 0
5510 -0.5512658803371814 0.8735400161020258 0
5511 0.3217982329149279 1.452457490358141 0
5512 -0.1436983652165341 1.079577871224566 0
5513 0.7285931658968251 -0.1887138183691679 0
5514 0.3832742608173064 -0.03400880869349876 0
5515 -0.8523880270246528 0.3030503556422155 0
5516 0.6065934737991243 -0.00424050815915078 0
5517 0.07355236711416421 1.421518619335101 0
5518 0.04621091562878502 0.6955786004371365 0
5519 0.02548700054327191 0.7058305186711948 0
5520 -0.5369130075839681 1.02199255362208 0
5521 -0.4598158360844391 -0.4524780972169371 0
5522 -0.6191118621037867 1.089383421112409 0
5523 -0.5305600594175564 0.800755199950083 0
5524 0.4881801729486911 1.133566211227593 0
5525 0.5227498850410907 0.1797475901714456 0
5526 -0.2377493787230471 1.142170950729123 0
5527 -0.9255877156603152 -0.4484903660191539 0
5528 -0.2710003613035069 1.186536991086323 0
5529 0.0864739275156883 0.8702897381929471 0
5530 0.7520569745687019 0.03811312173278103 0
5531 0.1354957332286673 1.127465066780994 0
5532 -0.2093614765657043 1.185236839243057 0
5533 0.05474230194531715 0.6076058643919987 0
5534 -0.02475918726516388 1.056854194169528 0
5535 0.09000437213654053 0.5118964195855932 0
5536 -0.5527788640012555 0.6692141971393324 0
5537 0.540589340857944 0.6024762966632454 0
5538 0.697258220280794 1.451288041273882 0
5539 0.9474446720721114 0.5776730874021558 0
5540 0.7307107035967957 -0.1498943038393047 0
5541 0.07493648019690466 0.6930807025682364 0
5542 0.12615740687029 -0.1682574848123957 0
5543 0.006812952296548441 1.447617726010311 0
5544 0.5533199350741879 0.1136328861021362 0
5545 -0.6879479414539197 1.339836964810536 0
5546 -0.07111083505989226 1.047546130334624 0
5547 -0.1322036466993099 1.023454337787778 0
5548 0.5252092444011358 -0.4535685197675238 0
5549 0.6070960162723167 -0.198091519642541 0
5550 0.4632505762770464 0.7381508935203464 0
5551 -0.9796104549045861 -0.3471034246425264 0
5552 0.6529961247135722 0.2246802808982208 0
5553 0.5605285520589978 1.388468345905332 0
5554 0.6632605308596845 0.300081598195557 0
5555 0.1528984757734923 -0.4506821332176806 0
5556 0.6064640380184372 0.02786075546829703 0
5557 0.023412901883514 -0.1378491276950545 0
5558 -0.5374828568296274 0.9973794613498332 0
5559 -0.5856110824484237 0.8929749786444239 0
5560 -0.6625593599322027 0.9956516118327166 0
5561 0.6904113657357313 0.3166120259603891 0
5562 0.9480794556765277 0.1530887606326498 0
5563 -0.07424821202816181 -0.3938062493503762 0
5564 -0.2104440148045985 -0.03264798852159256 0
5565 0.2098577704926516 0.5224929200782061 0
5566 -0.3623868100685925 1.476702235530754 0
5567 -0.8044500448874167 1.475752859890515 0
5568 -0.5295173878589676 0.7587703609265415 0
5569 -0.6061288176694918 0.09940389218694934 0
5570 0.6479160075046314 0.1980403184764896 0
5571 -0.8608829635985402 1.257356171632633 0
5572 0.8175485615199768 0.7459665895734958 0
5573 0.6056636911361782 0.4341869182553519 0
5574 0.510568832780712 0.4502804410842883 0
5575 0.9512118318472657 0.5461623918692932 0
5576 0.1233745067499852 -0.01183677855014853 0
5577 0.562953666893115 1.4188152650955 0
5578 -0.9534328937126494 0.1107106107981842 0
5579 0.7159730070677155 0.3535726856115332 0
5580 -0.3879947499376502 -0.3452572632972244 0
5581 0.9537145377722436 0.2781533128730088 0
5582 -0.955234312163476 0.4488121709023679 0
5583 0.03117562494558847 0.5859717786838993 0
5584 -0.4228838301009282 1.013971998131983 0
5585 -0.3758587313326848 -0.1386608526925858 0
5586 0.3991359001864392 0.8986886939801839 0
5587 0.8929417089097345 1.417513550271513 0
5588 0.7183113787258035 0.3802663471200634 0
5589 0.5244718237073103 1.151471948208169 0
5590 0.1790693119246754 -0.03222753988149862 0
5591 -0.5348989221229276 0.4063802590433707 0
5592 -0.7074292778151646 -0.1884394167609121 0
5593 0.2795513905710737 0.5241171390399483 0
5594 -0.4147950180873599 1.30977166785425 0
5595 0.6355605925359645 0.8079852464710757 0
5596 -0.9029915012520826 0.322155700272251 0
5597 -0.5121372894137163 0.9732938869194652 0
5598 -0.5117637651523845 0.4184380647197045 0
5599 0.9547585623599253 0.7199796380691738 0
5600 0.9239594188862256 1.211614686641553 0
5601 0.03676920292417871 -0.1547221534206102 0
5602 0.2063018454251728 -0.07252420156541672 0
5603 -0.1125279581237913 -0.02799801344411035 0
5604 -0.2583841266162655 1.064208261948706 0
5605 -0.7362146494261443 1.36564827593696 0
5606 0.8500905588599813 0.5455734284794158 0
5607 -0.8517195120192277 0.607775332507302 0
5608 -0.6011739998820365 -0.07165127692434847 0
5609 -0.9540346789380223 0.5851464559420414 0
5610 -0.2040848280202652 -0.3249418986006336 0
5611 -0.625228124192108 -0.05311843823286466 0
5612 -0.8905219534435861 1.201493902173001 0
5613 0.2177692405592742 1.070775599817154 0
5614 -0.4128207150135339 -0.3150523048962903 0
5615 -0.9821649928749652 -0.008343555354953791 0
5616 -0.629597816147461 0.9396571323536781 0
5617 0.7753805889510286 0.2458457587431611 0
5618 -0.05969914848648035 1.340290604850881 0
5619 -0.007091543919729996 -0.1427980440532977 0
5620 -0.4445840416803299 -0.005762770291179886 0
5621 -0.3277679982444434 1.450475151832001 0
5622 0.4595053217568026 1.454065927574496 0
5623 -0.5735137013481171 0.6677562155773891 0
5624 0.06905275106442216 -0.03095154331833039 0
5625 0.511141031686644 0.3645656944720643 0
5626 -0.3523000144407455 1.022428931482178 0
5627 0.09297894131241621 -0.028260302133847 0
5628 0.1955191057893748 -0.4496910253462152 0
5629 0.8139802047530612 0.7176400204340394 0
5630 -0.2731527446815312 -0.03147796099493072 0
5631 -0.9764905634720413 0.2529706942157362 0
5632 0.7470372617943578 0.01392673378809878 0
5633 0.8921350972953812 0.3260692161870571 0
5634 0.947338133535261 0.8408110663138695 0
5635 -0.4850083184529 0.9770677320951345 0
5636 0.919002551758119 0.215126754151261 0
5637 -0.529340456305138 0.1208642326299295 0
5638 0.01700574496441256 0.9684225104758839 0
5639 -0.8940272782808147 0.6107267784065613 0
5640 0.1054932638608785 -0.32851822954636 0
5641 -0.1432412795150639 -0.0114872703281681 0
$EndNodes
$Elements
11282
1 1 2 103 5 2 17
2 1 2 103 5 17 18
3 1 2 103 5 18 19
4 1 2 103 5 19 20
5 1 2 103 5 20 21
6 1 2 103 5 21 22
7 1 2 103 5 22 23
8 1 2 103 5 23 24
9 1 2 103 5 24 25
10 1 2 103 5 25 26
11 1 2 103 5 26 27
12 1 2 103 5 27 28
13 1 2 103 5 28 29
14 1 2 103 5 29 30
15 1 2 103 5 30 31
16 1 2 103 5 31 32
17 1 2 103 5 32 33
18 1 2 103 5 33 34
19 1 2 103 5 34 35
20 1 2 103 5 35 36
21 1 2 103 5 36 37
22 1 2 103 5 37 38
23 1 2 103 5 38 39
24 1 2 103 5 39 40
25 1 2 103 5 40 41
26 1 2 103 5 41 42
27 1 2 103 5 42 43
28 1 2 103 5 43 44
29 1 2 103 5 44 45
30 1 2 103 5 45 46
31 1 2 103 5 46 47
32 1 2 103 5 47 48
33 1 2 103 5 48 49
34 1 2 103 5 49 50
35 1 2 103 5 50 51
36 1 2 103 5 51 52
37 1 2 103 5 52 53
38 1 2 103 5 53 54
39 1 2 103 5 54 4
40 1 2 103 6 3 55
41 1 2 103 6 55 56
42 1 2 103 6 56 57
43 1 2 103 6 57 58
44 1 2 103 6 58 59
45 1 2 103 6 59 60
46 1 2 103 6 60 61
47 1 2 103 6 61 62
48 1 2 103 6 62 63
49 1 2 103 6 63 64
50 1 2 103 6 64 65
51 1 2 103 6 65 66
52 1 2 103 6 66 67
53 1 2 103 6 67 68
54 1 2 103 6 68 69
55 1 2 103 6 69 70
56 1 2 103 6 70 71
57 1 2 103 6 71 72
58 1 2 103 6 72 5
59 1 2 103 7 6 73
60 1 2 103 7 73 74
61 1 2 103 7 74 75
62 1 2 103 7 75 76
63 1 2 103 7 76 77
64 1 2 103 7 77 78
65 1 2 103 7 78 79
66 1 2 103 7 79 80
67 1 2 103 7 80 81
68 1 2 103 7 81 82
69 1 2 103 7 82 83
70 1 2 103 7 83 84
71 1 2 103 7 84 85
72 1 2 103 7 85 86
73 1 2 103 7 86 87
74 1 2 103 7 87 88
75 1 2 103 7 88 89
76 1 2 103 7 89 90
77 1 2 103 7 90 8
78 1 2 103 8 7 91
79 1 2 103 8 91 92
80 1 2 103 8 92 93
81 1 2 103 8 93 94
82 1 2 103 8 94 95
83 1 2 103 8 95 96
84 1 2 103 8 96 97
85 1 2 103 8 97 98
86 1 2 103 8 98 99
87 1 2 103 8 99 100
88 1 2 103 8 100 101
89 1 2 103 8 101 102
90 1 2 103 8 102 103
91 1 2 103 8 103 104
92 1 2 103 8 104 105
93 1 2 103 8 105 106
94 1 2 103 8 106 107
95 1 2 103 8 107 108
96 1 2 103 8 108 9
97 1 2 103 9 10 109
98 1 2 103 9 109 110
99 1 2 103 9 110 111
100 1 2 103 9 111 112
101 1 2 103 9 112 113
102 1 2 103 9 113 114
103 1 2 103 9 114 115
104 1 2 103 9 115 116
105 1 2 103 9 116 117
106 1 2 103 9 117 118
107 1 2 103 9 118 119
108 1 2 103 9 119 120
109 1 2 103 9 120 121
110 1 2 103 9 121 122
111 1 2 103 9 122 123
112 1 2 103 9 123 124
113 1 2 103 9 124 125
114 1 2 103 9 125 126
115 1 2 103 9 126 12
116 1 2 103 10 11 127
117 1 2 103 10 127 128
118 1 2 103 10 128 129
119 1 2 103 10 129 130
120 1 2 103 10 130 131
121 1 2 103 10 131 132
122 1 2 103 10 132 133
123 1 2 103 10 133 134
124 1 2 103 10 134 135
125 1 2 103 10 135 136
126 1 2 103 10 136 137
127 1 2 103 10 137 138
128 1 2 103 10 138 139
129 1 2 103 10 139 140
130 1 2 103 10 140 141
131 1 2 103 10 141 142
132 1 2 103 10 142 143
133 1 2 103 10 143 144
134 1 2 103 10 144 145
135 1 2 103 10 145 146
136 1 2 103 10 146 147
137 1 2 103 10 147 148
138 1 2 103 10 148 149
139 1 2 103 10 149 150
140 1 2 103 10 150 151
141 1 2 103 10 151 152
142 1 2 103 10 152 153
143 1 2 103 10 153 154
144 1 2 103 10 154 155
145 1 2 103 10 155 156
146 1 2 103 10 156 157
147 1 2 103 10 157 158
148 1 2 103 10 158 159
149 1 2 103 10 159 160
150 1 2 103 10 160 161
151 1 2 103 10 161 162
152 1 2 103 10 162 163
153 1 2 103 10 163 164
154 1 2 103 10 164 1
155 1 2 103 11 4 165
156 1 2 103 11 165 166
157 1 2 103 11 166 167
158 1 2 103 11 167 168
159 1 2 103 11 168 169
160 1 2 103 11 169 170
161 1 2 103 11 170 3
162 1 2 103 12 5 171
163 1 2 103 12 171 172
164 1 2 103 12 172 173
165 1 2 103 12 173 174
166 1 2 103 12 174 175
167 1 2 103 12 175 176
168 1 2 103 12 176 6
169 1 2 103 13 8 177
170 1 2 103 13 177 178
171 1 2 103 13 178 179
172 1 2 103 13 179 180
173 1 2 103 13 180 181
174 1 2 103 13 181 182
175 1 2 103 13 182 7
176 1 2 103 14 9 183
177 1 2 103 14 183 184
178 1 2 103 14 184 185
179 1 2 103 14 185 186
180 1 2 103 14 186 187
181 1 2 103 14 187 188
182 1 2 103 14 188 10
183 1 2 103 15 12 189
184 1 2 103 15 189 190
185 1 2 103 15 190 191
186 1 2 103 15 191 192
187 1 2 103 15 192 193
188 1 2 103 15 193 194
189 1 2 103 15 194 11
190 1 2 103 16 1 195
191 1 2 103 16 195 196
192 1 2 103 16 196 197
193 1 2 103 16 197 198
194 1 2 103 16 198 199
195 1 2 103 16 199 200
196 1 2 103 16 200 2
197 1 2 102 17 13 201
198 1 2 102 17 201 202
199 1 2 102 17 202 203
200 1 2 102 17 203 204
201 1 2 102 17 204 205
202 1 2 102 17 205 206
203 1 2 102 17 206 207
204 1 2 102 17 207 208
205 1 2 102 17 208 209
206 1 2 102 17 209 210
207 1 2 102 17 210 211
208 1 2 102 17 211 212
209 1 2 102 17 212 213
210 1 2 102 17 213 214
211 1 2 102 17 214 215
212 1 2 102 17 215 216
213 1 2 102 17 216 217
214 1 2 102 17 217 218
215 1 2 102 17 218 219
216 1 2 102 17 219 220
217 1 2 102 17 220 221
218 1 2 102 17 221 222
219 1 2 102 17 222 223
220 1 2 102 17 223 224
221 1 2 102 17 224 225
222 1 2 102 17 225 226
223 1 2 102 17 226 227
224 1 2 102 17 227 228
225 1 2 102 17 228 229
226 1 2 102 17 229 230
227 1 2 102 17 230 231
228 1 2 102 17 231 232
229 1 2 102 17 232 233
230 1 2 102 17 233 234
231 1 2 102 17 234 235
232 1 2 102 17 235 236
233 1 2 102 17 236 237
234 1 2 102 17 237 238
235 1 2 102 17 238 239
236 1 2 102 17 239 240
237 1 2 102 17 240 241
238 1 2 102 17 241 242
239 1 2 102 17 242 243
240 1 2 102 17 243 244
241 1 2 102 17 244 245
242 1 2 102 17 245 246
243 1 2 102 17 246 247
244 1 2 102 17 247 248
245 1 2 102 17 248 249
246 1 2 102 17 249 250
247 1 2 102 17 250 251
248 1 2 102 17 251 252
249 1 2 102 17 252 253
250 1 2 102 17 253 254
251 1 2 102 17 254 255
252 1 2 102 17 255 256
253 1 2 102 17 256 257
254 1 2 102 17 257 258
255 1 2 102 17 258 14
256 1 2 102 18 15 259
257 1 2 102 18 259 260
258 1 2 102 18 260 261
259 1 2 102 18 261 262
260 1 2 102 18 262 263
261 1 2 102 18 263 264
262 1 2 102 18 264 265
263 1 2 102 18 265 266
264 1 2 102 18 266 267
265 1 2 102 18 267 268
266 1 2 102 18 268 269
267 1 2 102 18 269 270
268 1 2 102 18 270 271
269 1 2 102 18 271 272
270 1 2 102 18 272 273
271 1 2 102 18 273 274
272 1 2 102 18 274 275
273 1 2 102 18 275 276
274 1 2 102 18 276 277
275 1 2 102 18 277 278
276 1 2 102 18 278 279
277 1 2 102 18 279 280
278 1 2 102 18 280 281
279 1 2 102 18 281 282
280 1 2 102 18 282 283
281 1 2 102 18 283 284
282 1 2 102 18 284 285
283 1 2 102 18 285 286
284 1 2 102 18 286 287
285 1 2 102 18 287 288
286 1 2 102 18 288 289
287 1 2 102 18 289 290
288 1 2 102 18 290 291
289 1 2 102 18 291 292
290 1 2 102 18 292 293
291 1 2 102 18 293 294
292 1 2 102 18 294 295
293 1 2 102 18 295 296
294 1 2 102 18 296 297
295 1 2 102 18 297 298
296 1 2 102 18 298 299
297 1 2 102 18 299 300
298 1 2 102 18 300 301
299 1 2 102 18 301 302
300 1 2 102 18 302 303
301 1 2 102 18 303 304
302 1 2 102 18 304 305
303 1 2 102 18 305 306
304 1 2 102 18 306 307
305 1 2 102 18 307 308
306 1 2 102 18 308 309
307 1 2 102 18 309 310
308 1 2 102 18 310 311
309 1 2 102 18 311 312
310 1 2 102 18 312 313
311 1 2 102 18 313 314
312 1 2 102 18 314 315
313 1 2 102 18 315 316
314 1 2 102 18 316 13
315 1 2 102 19 14 317
316 1 2 102 19 317 318
317 1 2 102 19 318 319
318 1 2 102 19 319 320
319 1 2 102 19 320 321
320 1 2 102 19 321 322
321 1 2 102 19 322 323
322 1 2 102 19 323 324
323 1 2 102 19 324 325
324 1 2 102 19 325 326
325 1 2 102 19 326 327
326 1 2 102 19 327 328
327 1 2 102 19 328 329
328 1 2 102 19 329 330
329 1 2 102 19 330 331
330 1 2 102 19 331 332
331 1 2 102 19 332 333
332 1 2 102 19 333 334
333 1 2 102 19 334 335
334 1 2 102 19 335 336
335 1 2 102 19 336 337
336 1 2 102 19 337 338
337 1 2 102 19 338 339
338 1 2 102 19 339 340
339 1 2 102 19 340 341
340 1 2 102 19 341 342
341 1 2 102 19 342 343
342 1 2 102 19 343 344
343 1 2 102 19 344 345
344 1 2 102 19 345 346
345 1 2 102 19 346 347
346 1 2 102 19 347 348
347 1 2 102 19 348 349
348 1 2 102 19 349 350
349 1 2 102 19 350 351
350 1 2 102 19 351 352
351 1 2 102 19 352 353
352 1 2 102 19 353 354
353 1 2 102 19 354 355
354 1 2 102 19 355 356
355 1 2 102 19 356 357
356 1 2 102 19 357 358
357 1 2 102 19 358 359
358 1 2 102 19 359 360
359 1 2 102 19 360 361
360 1 2 102 19 361 362
361 1 2 102 19 362 363
362 1 2 102 19 363 364
363 1 2 102 19 364 365
364 1 2 102 19 365 366
365 1 2 102 19 366 367
366 1 2 102 19 367 368
367 1 2 102 19 368 369
368 1 2 102 19 369 370
369 1 2 102 19 370 371
370 1 2 102 19 371 372
371 1 2 102 19 372 373
372 1 2 102 19 373 374
373 1 2 102 19 374 16
374 1 2 102 20 16 375
375 1 2 102 20 375 376
376 1 2 102 20 376 377
377 1 2 102 20 377 378
378 1 2 102 20 378 379
379 1 2 102 20 379 380
380 1 2 102 20 380 381
381 1 2 102 20 381 382
382 1 2 102 20 382 383
383 1 2 102 20 383 384
384 1 2 102 20 384 385
385 1 2 102 20 385 386
386 1 2 102 20 386 387
387 1 2 102 20 387 388
388 1 2 102 20 388 389
389 1 2 102 20 389 390
390 1 2 102 20 390 391
391 1 2 102 20 391 392
392 1 2 102 20 392 393
393 1 2 102 20 393 394
394 1 2 102 20 394 395
395 1 2 102 20 395 396
396 1 2 102 20 396 397
397 1 2 102 20 397 398
398 1 2 102 20 398 399
399 1 2 102 20 399 400
400 1 2 102 20 400 401
401 1 2 102 20 401 402
402 1 2 102 20 402 403
403 1 2 102 20 403 404
404 1 2 102 20 404 405
405 1 2 102 20 405 406
406 1 2 102 20 406 407
407 1 2 102 20 407 408
408 1 2 102 20 408 409
409 1 2 102 20 409 410
410 1 2 102 20 410 411
411 1 2 102 20 411 412
412 1 2 102 20 412 413
413 1 2 102 20 413 414
414 1 2 102 20 414 415
415 1 2 102 20 415 416
416 1 2 102 20 416 417
417 1 2 102 20 417 418
418 1 2 102 20 418 419
419 1 2 102 20 419 420
420 1 2 102 20 420 421
421 1 2 102 20 421 422
422 1 2 102 20 422 423
423 1 2 102 20 423 424
424 1 2 102 20 424 425
425 1 2 102 20 425 426
426 1 2 102 20 426 427
427 1 2 102 20 427 428
428 1 2 102 20 428 429
429 1 2 102 20 429 430
430 1 2 102 20 430 431
431 1 2 102 20 431 432
432 1 2 102 20 432 15
433 2 2 101 1 4064 4996 4851
434 2 2 101 1 144 3724 143
435 2 2 101 1 464 4339 3648
436 2 2 101 1 3372 3711 1332
437 2 2 101 1 3880 4434 2734
438 2 2 101 1 3710 4953 2873
439 2 2 101 1 1861 4731 4032
440 2 2 101 1 173 3094 985
441 2 2 101 1 3260 4925 547
442 2 2 101 1 3697 3752 2723
443 2 2 101 1 2232 3981 3723
444 2 2 101 1 3198 3371 516
445 2 2 101 1 2723 4553 3697
446 2 2 101 1 3590 5508 3401
447 2 2 101 1 3072 3417 1925
448 2 2 101 1 891 3536 3534
449 2 2 101 1 2213 4864 2162
450 2 2 101 1 2226 4514 3657
451 2 2 101 1 3311 3569 3309
452 2 2 101 1 509 5000 3213
453 2 2 101 1 3372 5601 3711
454 2 2 101 1 3226 4896 2813
455 2 2 101 1 2646 3729 3510
456 2 2 101 1 2162 4864 3948
457 2 2 101 1 3657 4514 3299
458 2 2 101 1 4634 5237 2005
459 2 2 101 1 205 3988 204
460 2 2 101 1 516 5567 3198
461 2 2 101 1 4448 4771 3977
462 2 2 101 1 4032 4812 1861
463 2 2 101 1 3055 5237 4634
464 2 2 101 1 4041 4043 2843
465 2 2 101 1 407 3643 406
466 2 2 101 1 4688 4819 1855
467 2 2 101 1 2364 4557 3642
468 2 2 101 1 3381 4214 584
469 2 2 101 1 3761 4802 478
470 2 2 101 1 3185 5272 4973
471 2 2 101 1 1026 4832 3471
472 2 2 101 1 550 3348 3347
473 2 2 101 1 3727 3728 1942
474 2 2 101 1 2880 5428 4045
475 2 2 101 1 1130 4253 3441
476 2 2 101 1 3204 4214 3381
477 2 2 101 1 2787 4377 4006
478 2 2 101 1 434 3481 107
479 2 2 101 1 517 3507 3410
480 2 2 101 1 4043 4153 2843
481 2 2 101 1 3266 3586 457
482 2 2 101 1 3209 4760 3064
483 2 2 101 1 3642 4557 3255
484 2 2 101 1 526 4214 3204
485 2 2 101 1 3471 4893 1026
486 2 2 101 1 3901 5179 3900
487 2 2 101 1 674 5024 673
488 2 2 101 1 2804 4709 3345
489 2 2 101 1 690 5001 689
490 2 2 101 1 4939 5148 3202
491 2 2 101 1 3309 3569 1797
492 2 2 101 1 1941 3776 3211
493 2 2 101 1 2050 4382 4297
494 2 2 101 1 572 4544 4335
495 2 2 101 1 1077 3855 3853
496 2 2 101 1 3556 3828 564
497 2 2 101 1 3728 3731 1942
498 2 2 101 1 4221 5331 4385
499 2 2 101 1 4045 4046 2880
500 2 2 101 1 2467 3733 3229
501 2 2 101 1 3064 4760 4729
502 2 2 101 1 755 3831 3440
503 2 2 101 1 3269 4360 3467
504 2 2 101 1 3452 4787 3451
505 2 2 101 1 4006 4481 2787
506 2 2 101 1 1707 3595 1706
507 2 2 101 1 3853 3859 1077
508 2 2 101 1 4408 5264 5243
509 2 2 101 1 2455 4942 4125
510 2 2 101 1 4636 5504 3110
511 2 2 101 1 1123 3277 3263
512 2 2 101 1 4298 4494 2624
513 2 2 101 1 3128 3130 715
514 2 2 101 1 3184 3612 2422
515 2 2 101 1 3417 4694 1925
516 2 2 101 1 3094 3756 985
517 2 2 101 1 3131 3554 3418
518 2 2 101 1 2450 5164 4834
519 2 2 101 1 3440 3831 2561
520 2 2 101 1 3229 3733 3129
521 2 2 101 1 3774 3775 2653
522 2 2 101 1 872 3526 871
523 2 2 101 1 3130 3131 715
524 2 2 101 1 2907 5142 2665
525 2 2 101 1 450 4407 3278
526 2 2 101 1 2904 5148 4939
527 2 2 101 1 2958 5283 4684
528 2 2 101 1 484 3906 3423
529 2 2 101 1 547 4925 3966
530 2 2 101 1 1073 3855 1074
531 2 2 101 1 3278 4407 2991
532 2 2 101 1 4125 5007 2455
533 2 2 101 1 2552 5518 3206
534 2 2 101 1 4347 4929 4805
535 2 2 101 1 3401 3599 3590
536 2 2 101 1 4851 4996 1152
537 2 2 101 1 3648 5189 464
538 2 2 101 1 4335 4544 3166
539 2 2 101 1 3179 4309 3884
540 2 2 101 1 1026 4842 3340
541 2 2 101 1 3467 4360 1476
542 2 2 101 1 2766 3840 3450
543 2 2 101 1 3213 4885 509
544 2 2 101 1 3761 4814 3231
545 2 2 101 1 4297 4382 3228
546 2 2 101 1 4303 5301 2409
547 2 2 101 1 3499 4694 4402
548 2 2 101 1 1079 3799 3798
549 2 2 101 1 1958 4252 3554
550 2 2 101 1 2725 4754 4669
551 2 2 101 1 1848 3637 3541
552 2 2 101 1 4864 4939 3216
553 2 2 101 1 2887 5242 3603
554 2 2 101 1 2422 3543 3184
555 2 2 101 1 3231 4814 3230
556 2 2 101 1 3157 4944 4197
557 2 2 101 1 1121 3277 1123
558 2 2 101 1 561 4244 3896
559 2 2 101 1 550 3366 3348
560 2 2 101 1 4211 4835 4833
561 2 2 101 1 3541 5033 1848
562 2 2 101 1 3418 4862 3131
563 2 2 101 1 1564 4713 3459
564 2 2 101 1 2083 4580 2394
565 2 2 101 1 497 4278 3217
566 2 2 101 1 4285 5283 2958
567 2 2 101 1 4401 5465 2813
568 2 2 101 1 1510 5179 3901
569 2 2 101 1 3715 3716 570
570 2 2 101 1 3896 5426 561
571 2 2 101 1 3565 4046 502
572 2 2 101 1 3340 4832 1026
573 2 2 101 1 4943 5133 3820
574 2 2 101 1 3206 4768 2552
575 2 2 101 1 3204 4215 526
576 2 2 101 1 3592 5508 3590
577 2 2 101 1 3645 5568 3864
578 2 2 101 1 2880 4046 3565
579 2 2 101 1 4833 4835 2963
580 2 2 101 1 3441 4253 3211
581 2 2 101 1 1143 5188 1315
582 2 2 101 1 564 4336 3556
583 2 2 101 1 3125 3377 3229
584 2 2 101 1 3612 5490 2261
585 2 2 101 1 4240 4414 2312
586 2 2 101 1 4197 4944 2138
587 2 2 101 1 640 4998 639
588 2 2 101 1 578 4410 3613
589 2 2 101 1 3233 3345 493
590 2 2 101 1 673 5024 3512
591 2 2 101 1 2968 5208 3667
592 2 2 101 1 3232 3339 529
593 2 2 101 1 4625 5153 5034
594 2 2 101 1 2530 4063 2192
595 2 2 101 1 3412 3466 468
596 2 2 101 1 689 5001 3503
597 2 2 101 1 2614 4498 4049
598 2 2 101 1 3676 4810 4348
599 2 2 101 1 2464 4630 4025
600 2 2 101 1 4554 4981 4163
601 2 2 101 1 2882 4939 3202
602 2 2 101 1 493 3344 3233
603 2 2 101 1 3459 4725 1564
604 2 2 101 1 1825 4648 3868
605 2 2 101 1 3820 3821 2516
606 2 2 101 1 3193 4676 1110
607 2 2 101 1 4025 5411 2464
608 2 2 101 1 4678 5090 491
609 2 2 101 1 4815 5151 2188
610 2 2 101 1 2613 3950 3768
611 2 2 101 1 3671 3672 3020
612 2 2 101 1 2813 5141 3226
613 2 2 101 1 3244 4064 2380
614 2 2 101 1 3730 5151 4815
615 2 2 101 1 529 3337 3232
616 2 2 101 1 4385 5331 3390
617 2 2 101 1 3542 4961 4922
618 2 2 101 1 3864 5568 566
619 2 2 101 1 4222 4435 3448
620 2 2 101 1 542 3903 3343
621 2 2 101 1 2813 4896 4401
622 2 2 101 1 2653 3775 2587
623 2 2 101 1 2213 4939 4864
624 2 2 101 1 4714 4887 3158
625 2 2 101 1 3768 5322 2613
626 2 2 101 1 3067 4446 3213
627 2 2 101 1 517 4779 3507
628 2 2 101 1 3841 4921 1091
629 2 2 101 1 2815 4997 4215
630 2 2 101 1 4691 5097 4118
631 2 2 101 1 143 3724 575
632 2 2 101 1 4281 4321 1085
633 2 2 101 1 3720 3723 3722
634 2 2 101 1 4708 4838 2733
635 2 2 101 1 2516 3821 3047
636 2 2 101 1 1073 3856 3855
637 2 2 101 1 3231 4802 3761
638 2 2 101 1 299 3415 298
639 2 2 101 1 3667 5208 2344
640 2 2 101 1 4138 4839 4617
641 2 2 101 1 524 3943 3384
642 2 2 101 1 2616 5000 3754
643 2 2 101 1 107 3481 106
644 2 2 101 1 4446 4885 3213
645 2 2 101 1 4805 4906 2721
646 2 2 101 1 3711 5601 2525
647 2 2 101 1 4854 5048 4100
648 2 2 101 1 4035 4039 4038
649 2 2 101 1 3980 4487 551
650 2 2 101 1 2053 4328 4168
651 2 2 101 1 2437 4061 2891
652 2 2 101 1 2911 5040 4697
653 2 2 101 1 4035 4038 4037
654 2 2 101 1 4262 4617 2682
655 2 2 101 1 1095 3841 1092
656 2 2 101 1 5243 5264 3290
657 2 2 101 1 3500 4991 3407
658 2 2 101 1 3723 3981 3201
659 2 2 101 1 3557 3564 2852
660 2 2 101 1 2390 5485 4640
661 2 2 101 1 562 3485 3436
662 2 2 101 1 3554 4252 3418
663 2 2 101 1 3789 4953 3710
664 2 2 101 1 4073 5489 4399
665 2 2 101 1 1079 3798 1076
666 2 2 101 1 3109 4636 3110
667 2 2 101 1 3845 4321 4281
668 2 2 101 1 3630 5034 3629
669 2 2 101 1 716 3229 3129
670 2 2 101 1 871 3526 1233
671 2 2 101 1 3179 4850 4309
672 2 2 101 1 3377 4279 3229
673 2 2 101 1 1223 4839 4138
674 2 2 101 1 3110 5504 3175
675 2 2 101 1 1110 4899 3193
676 2 2 101 1 1315 5188 4116
677 2 2 101 1 891 3534 889
678 2 2 101 1 3263 3450 1123
679 2 2 101 1 2786 4723 4207
680 2 2 101 1 3049 5090 4678
681 2 2 101 1 3640 4673 3395
682 2 2 101 1 457 3587 3266
683 2 2 101 1 1091 4921 4541
684 2 2 101 1 3211 4253 1941
685 2 2 101 1 3631 5034 3630
686 2 2 101 1 2516 4943 3820
687 2 2 101 1 2679 4297 3228
688 2 2 101 1 3015 4735 3908
689 2 2 101 1 3791 4966 1152
690 2 2 101 1 3307 3309 1797
691 2 2 101 1 1329 3656 1009
692 2 2 101 1 3868 4648 3869
693 2 2 101 1 2653 3776 3774
694 2 2 101 1 4138 4617 4262
695 2 2 101 1 3576 4769 559
696 2 2 101 1 3584 3827 2872
697 2 2 101 1 3543 5035 3184
698 2 2 101 1 3937 5013 3933
699 2 2 101 1 4147 5301 4303
700 2 2 101 1 3099 5116 4179
701 2 2 101 1 3496 4823 2865
702 2 2 101 1 4399 5294 4073
703 2 2 101 1 1057 5187 4729
704 2 2 101 1 2831 4834 4021
705 2 2 101 1 3407 5544 3500
706 2 2 101 1 2721 4906 2115
707 2 2 101 1 3718 3721 458
708 2 2 101 1 2532 3564 3557
709 2 2 101 1 3451 4787 1737
710 2 2 101 1 3393 4063 2530
711 2 2 101 1 2285 3862 3243
712 2 2 101 1 3465 3782 3466
713 2 2 101 1 4587 5183 4588
714 2 2 101 1 3398 3399 461
715 2 2 101 1 2307 3782 3465
716 2 2 101 1 587 4220 4218
717 2 2 101 1 2733 4838 2731
718 2 2 101 1 2524 3577 3215
719 2 2 101 1 2450 4834 2831
720 2 2 101 1 2422 3612 2261
721 2 2 101 1 3604 3733 3606
722 2 2 101 1 3384 5352 524
723 2 2 101 1 3365 3910 853
724 2 2 101 1 2704 3929 2705
725 2 2 101 1 4227 4670 3390
726 2 2 101 1 2310 4003 3573
727 2 2 101 1 3762 4461 2579
728 2 2 101 1 3613 4410 3325
729 2 2 101 1 2390 4640 4280
730 2 2 101 1 3751 4535 3752
731 2 2 101 1 3213 5000 2616
732 2 2 101 1 452 4632 3368
733 2 2 101 1 1152 4996 3791
734 2 2 101 1 4108 4709 2804
735 2 2 101 1 3720 3722 3721
736 2 2 101 1 4274 5019 3800
737 2 2 101 1 3573 4003 3574
738 2 2 101 1 1336 5611 3509
739 2 2 101 1 3217 5047 497
740 2 2 101 1 847 4362 3459
741 2 2 101 1 3215 4298 2524
742 2 2 101 1 3742 4673 469
743 2 2 101 1 574 4337 3672
744 2 2 101 1 1333 4840 4741
745 2 2 101 1 3267 5593 435
746 2 2 101 1 3752 4535 2723
747 2 2 101 1 469 5247 3742
748 2 2 101 1 4021 4829 2831
749 2 2 101 1 4487 5275 551
750 2 2 101 1 1074 3855 1077
751 2 2 101 1 891 5496 3536
752 2 2 101 1 3450 3840 1123
753 2 2 101 1 2873 5031 3710
754 2 2 101 1 866 5186 3127
755 2 2 101 1 3202 5218 2882
756 2 2 101 1 1195 3419 1192
757 2 2 101 1 2397 3640 3395
758 2 2 101 1 2255 4754 3262
759 2 2 101 1 288 4907 3241
760 2 2 101 1 3212 4973 3063
761 2 2 101 1 3716 4830 570
762 2 2 101 1 639 4998 3572
763 2 2 101 1 1424 4820 1737
764 2 2 101 1 2565 5036 3303
765 2 2 101 1 3343 3904 542
766 2 2 101 1 205 5047 3988
767 2 2 101 1 4741 5542 1333
768 2 2 101 1 3364 4131 2678
769 2 2 101 1 3977 4898 4448
770 2 2 101 1 3559 5064 3392
771 2 2 101 1 3665 4882 4784
772 2 2 101 1 3228 3593 2679
773 2 2 101 1 4625 5034 1108
774 2 2 101 1 1091 4541 1088
775 2 2 101 1 4221 4385 4287
776 2 2 101 1 4402 4694 2906
777 2 2 101 1 3543 5582 5035
778 2 2 101 1 4085 5142 2907
779 2 2 101 1 3881 4971 3862
780 2 2 101 1 573 3592 3591
781 2 2 101 1 623 4658 3214
782 2 2 101 1 4805 4929 3002
783 2 2 101 1 407 5176 3643
784 2 2 101 1 3241 5279 288
785 2 2 101 1 3862 5486 3881
786 2 2 101 1 1092 3841 1091
787 2 2 101 1 2312 5533 4240
788 2 2 101 1 4541 5528 1088
789 2 2 101 1 4696 4973 3212
790 2 2 101 1 3525 3526 872
791 2 2 101 1 3509 3744 1336
792 2 2 101 1 406 3643 495
793 2 2 101 1 2991 4407 1916
794 2 2 101 1 2194 5489 4427
795 2 2 101 1 4434 5152 2734
796 2 2 101 1 4973 5272 3063
797 2 2 101 1 4729 5187 3064
798 2 2 101 1 1265 3955 1263
799 2 2 101 1 3308 3548 3332
800 2 2 101 1 1080 5532 3802
801 2 2 101 1 940 3540 938
802 2 2 101 1 4427 5489 4059
803 2 2 101 1 2881 4226 2596
804 2 2 101 1 2965 5077 175
805 2 2 101 1 4697 5040 569
806 2 2 101 1 27 3674 26
807 2 2 101 1 3466 4757 468
808 2 2 101 1 3756 3788 985
809 2 2 101 1 2476 5134 3686
810 2 2 101 1 3929 4247 2937
811 2 2 101 1 2232 3723 3720
812 2 2 101 1 4544 4708 3166
813 2 2 101 1 2222 3553 3378
814 2 2 101 1 576 4404 3333
815 2 2 101 1 544 4435 4222
816 2 2 101 1 3262 4813 2255
817 2 2 101 1 2565 5155 5036
818 2 2 101 1 4614 4722 3132
819 2 2 101 1 1380 5390 3193
820 2 2 101 1 3127 5186 4200
821 2 2 101 1 3399 3400 461
822 2 2 101 1 3721 3722 458
823 2 2 101 1 3255 4557 2216
824 2 2 101 1 3214 5484 623
825 2 2 101 1 2940 3406 3405
826 2 2 101 1 3004 4981 4554
827 2 2 101 1 3356 5110 2902
828 2 2 101 1 1853 3388 2683
829 2 2 101 1 2380 4063 3244
830 2 2 101 1 3079 5058 4254
831 2 2 101 1 3392 5114 3559
832 2 2 101 1 4141 4222 3448
833 2 2 101 1 2809 3788 3756
834 2 2 101 1 3390 4670 3389
835 2 2 101 1 3198 5567 3428
836 2 2 101 1 3776 4008 2564
837 2 2 101 1 189 870 12
838 2 2 101 1 3686 5162 2476
839 2 2 101 1 4049 4802 2614
840 2 2 101 1 561 4690 4244
841 2 2 101 1 1080 3802 1079
842 2 2 101 1 3640 5377 4673
843 2 2 101 1 4628 5438 2697
844 2 2 101 1 3166 4708 2733
845 2 2 101 1 3229 4279 2467
846 2 2 101 1 3264 5051 489
847 2 2 101 1 3850 3859 3853
848 2 2 101 1 2216 3762 3255
849 2 2 101 1 2431 3945 3188
850 2 2 101 1 433 3396 73
851 2 2 101 1 3246 5245 5087
852 2 2 101 1 1716 5019 4274
853 2 2 101 1 1737 4820 3451
854 2 2 101 1 1760 3497 2480
855 2 2 101 1 3645 3864 3647
856 2 2 101 1 980 5234 3779
857 2 2 101 1 582 4937 4693
858 2 2 101 1 853 4131 3365
859 2 2 101 1 3950 4930 3760
860 2 2 101 1 1201 3419 1195
861 2 2 101 1 3193 4899 1380
862 2 2 101 1 204 3988 533
863 2 2 101 1 2824 4819 4688
864 2 2 101 1 3300 3420 2621
865 2 2 101 1 1710 3595 1707
866 2 2 101 1 2938 3405 126
867 2 2 101 1 5093 5178 3330
868 2 2 101 1 2557 3548 3308
869 2 2 101 1 4128 4129 2984
870 2 2 101 1 2207 3630 2205
871 2 2 101 1 3599 4159 3590
872 2 2 101 1 4348 4810 522
873 2 2 101 1 1038 4846 3350
874 2 2 101 1 4362 4679 2875
875 2 2 101 1 546 3415 299
876 2 2 101 1 3243 5639 2285
877 2 2 101 1 2734 4678 3880
878 2 2 101 1 2587 3775 3203
879 2 2 101 1 2483 3906 3904
880 2 2 101 1 2375 3629 3628
881 2 2 101 1 2937 4247 3259
882 2 2 101 1 3350 5463 1038
883 2 2 101 1 3542 4922 3540
884 2 2 101 1 3993 4728 448
885 2 2 101 1 4325 4863 3324
886 2 2 101 1 3467 5146 3027
887 2 2 101 1 3502 4793 2935
888 2 2 101 1 4784 4882 1224
889 2 2 101 1 1170 5144 4923
890 2 2 101 1 489 5200 3264
891 2 2 101 1 3434 3485 479
892 2 2 101 1 1361 3953 3301
893 2 2 101 1 3215 4494 4298
894 2 2 101 1 5181 5221 4179
895 2 2 101 1 12 2938 126
896 2 2 101 1 4244 4690 3375
897 2 2 101 1 2310 4804 1857
898 2 2 101 1 4057 4427 4059
899 2 2 101 1 3162 3563 2644
900 2 2 101 1 3459 4713 847
901 2 2 101 1 470 4268 3678
902 2 2 101 1 3779 5128 980
903 2 2 101 1 4645 4688 1855
904 2 2 101 1 2697 5555 4628
905 2 2 101 1 1162 4631 3940
906 2 2 101 1 3072 4862 3417
907 2 2 101 1 3850 5445 3859
908 2 2 101 1 3568 4440 2000
909 2 2 101 1 1073 3858 3856
910 2 2 101 1 1797 3463 3307
911 2 2 101 1 2520 3826 2829
912 2 2 101 1 1686 5221 5181
913 2 2 101 1 3511 4795 3559
914 2 2 101 1 3647 3864 3383
915 2 2 101 1 5057 5286 4433
916 2 2 101 1 3038 4439 4367
917 2 2 101 1 2375 3628 3627
918 2 2 101 1 1873 4081 2450
919 2 2 101 1 3922 5076 5028
920 2 2 101 1 73 3396 6
921 2 2 101 1 2487 3432 2320
922 2 2 101 1 3296 4728 3993
923 2 2 101 1 3821 3822 538
924 2 2 101 1 4179 5116 1651
925 2 2 101 1 5057 5095 3093
926 2 2 101 1 3591 5477 573
927 2 2 101 1 845 4131 848
928 2 2 101 1 3749 4117 2410
929 2 2 101 1 3383 3863 3647
930 2 2 101 1 1079 3802 3799
931 2 2 101 1 4918 4934 2645
932 2 2 101 1 2579 3763 3762
933 2 2 101 1 4422 4761 2595
934 2 2 101 1 3244 4996 4064
935 2 2 101 1 3502 4934 4918
936 2 2 101 1 2802 4191 3299
937 2 2 101 1 3650 4723 2786
938 2 2 101 1 1873 5618 4081
939 2 2 101 1 2304 3630 2207
940 2 2 101 1 4848 5510 3071
941 2 2 101 1 721 3744 3508
942 2 2 101 1 1109 3532 3531
943 2 2 101 1 3301 3954 1361
944 2 2 101 1 1970 5013 3937
945 2 2 101 1 3257 5227 4859
946 2 2 101 1 4191 4509 2800
947 2 2 101 1 2192 4063 2380
948 2 2 101 1 5087 5245 3857
949 2 2 101 1 3027 5291 3467
950 2 2 101 1 2940 3407 3406
951 2 2 101 1 1109 3533 3532
952 2 2 101 1 1134 3439 3342
953 2 2 101 1 1061 4972 4699
954 2 2 101 1 4669 4754 2255
955 2 2 101 1 2487 3433 3432
956 2 2 101 1 2410 4118 3749
957 2 2 101 1 538 5458 3821
958 2 2 101 1 4266 4871 4826
959 2 2 101 1 2641 3945 2431
960 2 2 101 1 1121 3652 3277
961 2 2 101 1 3070 4848 3071
962 2 2 101 1 2261 5490 2617
963 2 2 101 1 2595 4761 2333
964 2 2 101 1 3342 3518 1134
965 2 2 101 1 108 3449 434
966 2 2 101 1 9 3449 108
967 2 2 101 1 3051 3974 3050
968 2 2 101 1 435 5106 3267
969 2 2 101 1 3020 3811 3671
970 2 2 101 1 4059 4073 4072
971 2 2 101 1 3672 5432 574
972 2 2 101 1 3822 4681 487
973 2 2 101 1 577 5014 3332
974 2 2 101 1 3347 3638 550
975 2 2 101 1 3937 5175 5105
976 2 2 101 1 1762 3497 1760
977 2 2 101 1 1540 4633 3340
978 2 2 101 1 5105 5175 1689
979 2 2 101 1 4141 5332 4222
980 2 2 101 1 2750 5325 4942
981 2 2 101 1 2449 4061 2437
982 2 2 101 1 3584 5314 3827
983 2 2 101 1 2865 4824 3496
984 2 2 101 1 2277 4535 3751
985 2 2 101 1 3386 3419 1201
986 2 2 101 1 3559 4795 2474
987 2 2 101 1 3649 4242 558
988 2 2 101 1 3042 4722 4614
989 2 2 101 1 940 3542 3540
990 2 2 101 1 3174 5225 5210
991 2 2 101 1 3257 4859 489
992 2 2 101 1 4448 5195 4771
993 2 2 101 1 3753 5524 1194
994 2 2 101 1 2537 3391 1853
995 2 2 101 1 2403 4519 3869
996 2 2 101 1 3378 3733 3604
997 2 2 101 1 4753 5586 1179
998 2 2 101 1 3197 5457 4912
999 2 2 101 1 1853 3391 3388
1000 2 2 101 1 2579 3942 3763
1001 2 2 101 1 1871 4066 3857
1002 2 2 101 1 2891 4061 4060
1003 2 2 101 1 755 3440 1134
1004 2 2 101 1 3093 5095 3424
1005 2 2 101 1 3568 5514 4440
1006 2 2 101 1 444 4863 4325
1007 2 2 101 1 3725 4484 3996
1008 2 2 101 1 1179 4905 4753
1009 2 2 101 1 3595 5172 1706
1010 2 2 101 1 3299 4514 2802
1011 2 2 101 1 3676 4348 3678
1012 2 2 101 1 109 3486 10
1013 2 2 101 1 1234 4793 3502
1014 2 2 101 1 4280 4640 2845
1015 2 2 101 1 3368 5297 452
1016 2 2 101 1 3603 5242 1054
1017 2 2 101 1 3690 3895 3677
1018 2 2 101 1 1263 3955 1322
1019 2 2 101 1 1332 4298 3372
1020 2 2 101 1 2845 4798 4280
1021 2 2 101 1 3751 3996 2277
1022 2 2 101 1 559 5285 3576
1023 2 2 101 1 4575 4845 2730
1024 2 2 101 1 316 4231 315
1025 2 2 101 1 4968 5110 3084
1026 2 2 101 1 2339 5137 5069
1027 2 2 101 1 568 4255 3689
1028 2 2 101 1 2868 5063 4698
1029 2 2 101 1 870 2938 12
1030 2 2 101 1 1546 5392 3303
1031 2 2 101 1 4347 4805 2721
1032 2 2 101 1 3346 5257 2898
1033 2 2 101 1 4923 5144 3732
1034 2 2 101 1 4283 4528 2810
1035 2 2 101 1 4597 4766 2218
1036 2 2 101 1 3908 5391 3015
1037 2 2 101 1 4901 4954 3085
1038 2 2 101 1 847 4679 4362
1039 2 2 101 1 543 5400 5202
1040 2 2 101 1 2613 4930 3950
1041 2 2 101 1 3586 5132 457
1042 2 2 101 1 3850 3853 3852
1043 2 2 101 1 1433 3600 1435
1044 2 2 101 1 2173 4580 2083
1045 2 2 101 1 489 5051 3257
1046 2 2 101 1 3672 4920 3020
1047 2 2 101 1 5069 5137 3814
1048 2 2 101 1 1946 3952 1948
1049 2 2 101 1 1194 5589 3753
1050 2 2 101 1 3372 4298 2624
1051 2 2 101 1 439 4235 4188
1052 2 2 101 1 241 4726 3227
1053 2 2 101 1 4033 4039 4035
1054 2 2 101 1 3098 4865 3874
1055 2 2 101 1 2816 4283 3355
1056 2 2 101 1 1075 3735 3734
1057 2 2 101 1 2993 4975 3379
1058 2 2 101 1 3278 5547 450
1059 2 2 101 1 3450 4754 2725
1060 2 2 101 1 1201 3477 3386
1061 2 2 101 1 3113 3408 3116
1062 2 2 101 1 2897 5323 4014
1063 2 2 101 1 1372 5021 3335
1064 2 2 101 1 487 5249 3822
1065 2 2 101 1 4859 5227 541
1066 2 2 101 1 970 5347 3306
1067 2 2 101 1 5202 5400 3212
1068 2 2 101 1 2487 3434 3433
1069 2 2 101 1 3796 5052 3581
1070 2 2 101 1 482 4039 4033
1071 2 2 101 1 3369 4898 3977
1072 2 2 101 1 144 5160 3724
1073 2 2 101 1 5210 5225 4106
1074 2 2 101 1 3176 4876 2930
1075 2 2 101 1 3021 5120 5097
1076 2 2 101 1 3483 4631 1162
1077 2 2 101 1 3913 5026 4967
1078 2 2 101 1 3498 4358 2252
1079 2 2 101 1 3360 5246 2712
1080 2 2 101 1 4019 4781 3736
1081 2 2 101 1 3606 3733 2467
1082 2 2 101 1 3302 5003 404
1083 2 2 101 1 2930 5442 3176
1084 2 2 101 1 26 3674 463
1085 2 2 101 1 624 5048 4854
1086 2 2 101 1 3163 5054 4807
1087 2 2 101 1 3227 5566 241
1088 2 2 101 1 3332 5308 577
1089 2 2 101 1 3216 4939 2882
1090 2 2 101 1 547 5100 3260
1091 2 2 101 1 3420 3549 2621
1092 2 2 101 1 1162 4068 3483
1093 2 2 101 1 3335 5107 1372
1094 2 2 101 1 3977 5297 3369
1095 2 2 101 1 3339 4332 3507
1096 2 2 101 1 5052 5075 3581
1097 2 2 101 1 5393 5495 4206
1098 2 2 101 1 2216 4461 3762
1099 2 2 101 1 4912 5457 2254
1100 2 2 101 1 3432 3460 2320
1101 2 2 101 1 3648 4339 3646
1102 2 2 101 1 3004 4554 4074
1103 2 2 101 1 2448 5272 3185
1104 2 2 101 1 2333 4761 3379
1105 2 2 101 1 2480 5383 3363
1106 2 2 101 1 4014 5030 2897
1107 2 2 101 1 3415 3946 298
1108 2 2 101 1 4054 5150 4978
1109 2 2 101 1 1329 3929 3656
1110 2 2 101 1 1009 3656 1008
1111 2 2 101 1 3306 5470 970
1112 2 2 101 1 1941 4008 3776
1113 2 2 101 1 3303 5036 1546
1114 2 2 101 1 446 3486 109
1115 2 2 101 1 2402 3663 3661
1116 2 2 101 1 2572 3839 3453
1117 2 2 101 1 4633 4664 3964
1118 2 2 101 1 874 3525 872
1119 2 2 101 1 3527 4358 3498
1120 2 2 101 1 3223 5360 3512
1121 2 2 101 1 3573 4804 2310
1122 2 2 101 1 3085 4954 2369
1123 2 2 101 1 2881 5300 4226
1124 2 2 101 1 3363 4995 2480
1125 2 2 101 1 587 5154 4220
1126 2 2 101 1 5070 5321 78
1127 2 2 101 1 3409 5196 1738
1128 2 2 101 1 3742 4677 3741
1129 2 2 101 1 3416 5120 3021
1130 2 2 101 1 3777 4636 915
1131 2 2 101 1 3367 5270 1795
1132 2 2 101 1 2705 3929 2937
1133 2 2 101 1 4031 4105 482
1134 2 2 101 1 694 4903 693
1135 2 2 101 1 3055 4798 2845
1136 2 2 101 1 4059 4072 4058
1137 2 2 101 1 2402 3665 3663
1138 2 2 101 1 3583 4099 2393
1139 2 2 101 1 4698 5063 3449
1140 2 2 101 1 3232 4332 3339
1141 2 2 101 1 3462 3495 2365
1142 2 2 101 1 564 3828 3402
1143 2 2 101 1 2526 4215 2527
1144 2 2 101 1 3508 3744 3509
1145 2 2 101 1 2772 4192 3837
1146 2 2 101 1 3040 5061 4950
1147 2 2 101 1 3361 5427 519
1148 2 2 101 1 4367 4439 2602
1149 2 2 101 1 1795 5386 3367
1150 2 2 101 1 3483 4068 3461
1151 2 2 101 1 1738 5372 3409
1152 2 2 101 1 2832 4829 4023
1153 2 2 101 1 4807 5054 2120
1154 2 2 101 1 1288 4369 3953
1155 2 2 101 1 404 5307 3302
1156 2 2 101 1 5353 5424 4546
1157 2 2 101 1 3992 5275 2973
1158 2 2 101 1 4254 5058 1667
1159 2 2 101 1 5028 5076 2812
1160 2 2 101 1 4942 5325 3224
1161 2 2 101 1 3779 5234 3037
1162 2 2 101 1 184 5261 3084
1163 2 2 101 1 2646 5230 3729
1164 2 2 101 1 3357 5406 5117
1165 2 2 101 1 3600 4159 3599
1166 2 2 101 1 3014 4887 4714
1167 2 2 101 1 3746 4364 4117
1168 2 2 101 1 3759 3760 2791
1169 2 2 101 1 126 3405 125
1170 2 2 101 1 5171 5436 2383
1171 2 2 101 1 125 3405 445
1172 2 2 101 1 2375 3627 2203
1173 2 2 101 1 190 2865 189
1174 2 2 101 1 4188 5519 439
1175 2 2 101 1 2993 5082 4975
1176 2 2 101 1 4023 5430 2832
1177 2 2 101 1 5277 5440 3186
1178 2 2 101 1 1439 3600 1433
1179 2 2 101 1 4205 5440 5277
1180 2 2 101 1 3357 5117 5099
1181 2 2 101 1 2898 5186 3346
1182 2 2 101 1 3953 4369 3301
1183 2 2 101 1 4058 4072 472
1184 2 2 101 1 527 5283 3397
1185 2 2 101 1 4588 5183 3191
1186 2 2 101 1 3236 5397 3503
1187 2 2 101 1 3889 4787 3493
1188 2 2 101 1 3869 4648 2403
1189 2 2 101 1 3378 3604 2222
1190 2 2 101 1 5053 5241 4012
1191 2 2 101 1 2902 5406 3356
1192 2 2 101 1 190 5338 2865
1193 2 2 101 1 3493 4787 3452
1194 2 2 101 1 3259 5495 5393
1195 2 2 101 1 2407 3714 3513
1196 2 2 101 1 5099 5117 1628
1197 2 2 101 1 3422 3549 2362
1198 2 2 101 1 434 5233 3481
1199 2 2 101 1 346 5045 4477
1200 2 2 101 1 3641 4333 3640
1201 2 2 101 1 3729 5422 3510
1202 2 2 101 1 4699 4972 3136
1203 2 2 101 1 3844 4796 3845
1204 2 2 101 1 1008 3655 2833
1205 2 2 101 1 4967 5026 2821
1206 2 2 101 1 3901 5096 616
1207 2 2 101 1 1916 4407 5
1208 2 2 101 1 3649 5122 4242
1209 2 2 101 1 3717 3721 3718
1210 2 2 101 1 4766 5420 2218
1211 2 2 101 1 3388 3642 2683
1212 2 2 101 1 3453 3839 1698
1213 2 2 101 1 3554 3585 1958
1214 2 2 101 1 3874 5080 3098
1215 2 2 101 1 3341 5068 157
1216 2 2 101 1 2902 5110 4968
1217 2 2 101 1 877 3525 874
1218 2 2 101 1 3207 5136 456
1219 2 2 101 1 4937 5491 4693
1220 2 2 101 1 2138 4357 2136
1221 2 2 101 1 3371 5287 516
1222 2 2 101 1 5360 5431 3512
1223 2 2 101 1 3428 4997 2815
1224 2 2 101 1 4580 5434 2394
1225 2 2 101 1 5234 5310 3037
1226 2 2 101 1 172 5315 2989
1227 2 2 101 1 166 5351 3054
1228 2 2 101 1 2728 4764 3262
1229 2 2 101 1 2603 4901 4843
1230 2 2 101 1 3211 3776 2653
1231 2 2 101 1 3995 5216 2183
1232 2 2 101 1 2780 3461 3460
1233 2 2 101 1 3021 5097 4691
1234 2 2 101 1 2158 4538 2156
1235 2 2 101 1 3906 5143 3423
1236 2 2 101 1 3443 3446 474
1237 2 2 101 1 532 4221 4220
1238 2 2 101 1 2780 3483 3461
1239 2 2 101 1 3763 3942 705
1240 2 2 101 1 3111 3112 168
1241 2 2 101 1 3421 3462 2048
1242 2 2 101 1 3739 3978 453
1243 2 2 101 1 3656 3929 2704
1244 2 2 101 1 3743 5611 1336
1245 2 2 101 1 157 5399 3341
1246 2 2 101 1 4826 4871 2641
1247 2 2 101 1 3355 4600 2816
1248 2 2 101 1 693 4903 3487
1249 2 2 101 1 1075 3734 1072
1250 2 2 101 1 3413 3415 546
1251 2 2 101 1 4764 4813 3262
1252 2 2 101 1 4834 5164 3161
1253 2 2 101 1 3436 3558 562
1254 2 2 101 1 3840 3841 1095
1255 2 2 101 1 2356 3769 3768
1256 2 2 101 1 456 5336 3207
1257 2 2 101 1 5005 5094 3273
1258 2 2 101 1 2136 4910 2132
1259 2 2 101 1 3689 5462 4342
1260 2 2 101 1 3268 5321 5070
1261 2 2 101 1 1698 3456 3453
1262 2 2 101 1 2436 3435 2319
1263 2 2 101 1 4168 4989 2053
1264 2 2 101 1 3774 3776 2564
1265 2 2 101 1 2183 5339 3995
1266 2 2 101 1 2984 5126 4128
1267 2 2 101 1 2897 5164 4081
1268 2 2 101 1 3766 4191 2800
1269 2 2 101 1 3515 5178 5093
1270 2 2 101 1 2678 5549 3364
1271 2 2 101 1 1540 4664 4633
1272 2 2 101 1 4188 4235 4187
1273 2 2 101 1 3030 5241 5053
1274 2 2 101 1 4059 5489 4073
1275 2 2 101 1 2393 4100 3583
1276 2 2 101 1 4032 4731 4030
1277 2 2 101 1 616 5158 3901
1278 2 2 101 1 4328 5055 4168
1279 2 2 101 1 4100 5048 3583
1280 2 2 101 1 1008 3656 3655
1281 2 2 101 1 3109 3110 914
1282 2 2 101 1 3473 3506 2141
1283 2 2 101 1 3276 5343 5006
1284 2 2 101 1 3653 4620 3652
1285 2 2 101 1 3395 3757 2397
1286 2 2 101 1 3420 5593 3267
1287 2 2 101 1 1712 4781 4019
1288 2 2 101 1 3345 5367 2804
1289 2 2 101 1 5397 5455 3503
1290 2 2 101 1 2602 4279 3377
1291 2 2 101 1 3068 5424 5353
1292 2 2 101 1 176 2965 175
1293 2 2 101 1 3769 5043 2857
1294 2 2 101 1 3093 5286 5057
1295 2 2 101 1 5006 5343 336
1296 2 2 101 1 1076 3798 1075
1297 2 2 101 1 546 4644 3413
1298 2 2 101 1 3678 5232 470
1299 2 2 101 1 2156 4941 2153
1300 2 2 101 1 2833 4503 3815
1301 2 2 101 1 3641 4809 521
1302 2 2 101 1 3908 4735 486
1303 2 2 101 1 889 3534 1109
1304 2 2 101 1 2158 4868 4538
1305 2 2 101 1 511 5433 3385
1306 2 2 101 1 3140 5267 3442
1307 2 2 101 1 4698 5110 3356
1308 2 2 101 1 4881 4915 2807
1309 2 2 101 1 2589 4815 4292
1310 2 2 101 1 3771 5043 3769
1311 2 2 101 1 6 1345 176
1312 2 2 101 1 2473 3721 3717
1313 2 2 101 1 4978 5150 2276
1314 2 2 101 1 2994 5082 2993
1315 2 2 101 1 3850 3852 3851
1316 2 2 101 1 4170 4172 3973
1317 2 2 101 1 519 4985 3361
1318 2 2 101 1 2138 4944 4357
1319 2 2 101 1 4118 5097 3749
1320 2 2 101 1 2520 5271 3826
1321 2 2 101 1 3893 4353 2610
1322 2 2 101 1 3368 4632 3370
1323 2 2 101 1 3703 4140 2016
1324 2 2 101 1 1902 3377 3125
1325 2 2 101 1 604 5584 4685
1326 2 2 101 1 2203 3627 2202
1327 2 2 101 1 2802 4509 4191
1328 2 2 101 1 3498 4896 3226
1329 2 2 101 1 3913 4808 3912
1330 2 2 101 1 3423 3907 484
1331 2 2 101 1 478 4802 4049
1332 2 2 101 1 5206 5253 4646
1333 2 2 101 1 5030 5164 2897
1334 2 2 101 1 4936 5364 4341
1335 2 2 101 1 1042 4970 4945
1336 2 2 101 1 2887 5552 5242
1337 2 2 101 1 5117 5406 2605
1338 2 2 101 1 2766 3450 2725
1339 2 2 101 1 2678 4131 845
1340 2 2 101 1 2188 4594 3624
1341 2 2 101 1 3974 5269 3050
1342 2 2 101 1 4519 4676 3869
1343 2 2 101 1 1996 4427 4057
1344 2 2 101 1 2496 3474 3472
1345 2 2 101 1 4074 4988 3004
1346 2 2 101 1 3140 5335 5267
1347 2 2 101 1 172 2989 171
1348 2 2 101 1 2356 3768 3767
1349 2 2 101 1 2219 5253 3538
1350 2 2 101 1 3125 3229 716
1351 2 2 101 1 2712 5468 3360
1352 2 2 101 1 866 3127 3126
1353 2 2 101 1 3904 5174 2483
1354 2 2 101 1 2601 4301 3995
1355 2 2 101 1 316 5396 4231
1356 2 2 101 1 5436 5483 3095
1357 2 2 101 1 4677 5369 3741
1358 2 2 101 1 2561 4742 3440
1359 2 2 101 1 3470 4886 3471
1360 2 2 101 1 2863 4636 3777
1361 2 2 101 1 3963 3965 2851
1362 2 2 101 1 851 3923 3783
1363 2 2 101 1 1361 3955 1265
1364 2 2 101 1 3126 3362 828
1365 2 2 101 1 3807 3902 3142
1366 2 2 101 1 3892 3893 2610
1367 2 2 101 1 3845 4796 4321
1368 2 2 101 1 467 4853 3382
1369 2 2 101 1 3436 3485 3435
1370 2 2 101 1 3162 5305 3563
1371 2 2 101 1 3469 3471 2850
1372 2 2 101 1 2838 4542 3887
1373 2 2 101 1 3905 3906 484
1374 2 2 101 1 2783 3983 3757
1375 2 2 101 1 4945 4970 2980
1376 2 2 101 1 4922 4961 3160
1377 2 2 101 1 3340 4842 1540
1378 2 2 101 1 4685 4960 604
1379 2 2 101 1 4638 4875 4204
1380 2 2 101 1 3172 5085 3951
1381 2 2 101 1 938 3540 1051
1382 2 2 101 1 1051 3539 3425
1383 2 2 101 1 7 5535 182
1384 2 2 101 1 716 3129 3128
1385 2 2 101 1 2502 3863 2642
1386 2 2 101 1 4646 5253 2219
1387 2 2 101 1 3055 5062 4798
1388 2 2 101 1 3996 4484 2277
1389 2 2 101 1 3141 5569 3388
1390 2 2 101 1 4320 4989 4171
1391 2 2 101 1 3817 4283 2810
1392 2 2 101 1 3689 5157 568
1393 2 2 101 1 3425 3651 1051
1394 2 2 101 1 4886 4893 3471
1395 2 2 101 1 2362 3550 3422
1396 2 2 101 1 3379 4975 2333
1397 2 2 101 1 4104 4924 1372
1398 2 2 101 1 1864 3851 1867
1399 2 2 101 1 922 3902 3807
1400 2 2 101 1 2791 4120 3759
1401 2 2 101 1 3474 4406 3473
1402 2 2 101 1 1948 3952 1952
1403 2 2 101 1 462 4936 4341
1404 2 2 101 1 1288 3961 3438
1405 2 2 101 1 4171 5571 4320
1406 2 2 101 1 3472 3474 3473
1407 2 2 101 1 171 1916 5
1408 2 2 101 1 3127 5340 3126
1409 2 2 101 1 2362 3549 2656
1410 2 2 101 1 3126 5340 3362
1411 2 2 101 1 4195 4196 2828
1412 2 2 101 1 4970 5009 2980
1413 2 2 101 1 2931 4915 4881
1414 2 2 101 1 4215 4997 526
1415 2 2 101 1 1109 3531 887
1416 2 2 101 1 166 3054 165
1417 2 2 101 1 3124 5009 3829
1418 2 2 101 1 4061 5000 509
1419 2 2 101 1 54 3464 524
1420 2 2 101 1 4301 4400 3995
1421 2 2 101 1 3857 4066 3854
1422 2 2 101 1 3388 5569 3642
1423 2 2 101 1 3465 4103 2307
1424 2 2 101 1 4911 5011 3928
1425 2 2 101 1 2851 3965 2847
1426 2 2 101 1 4132 5245 3245
1427 2 2 101 1 3677 4268 3690
1428 2 2 101 1 616 5096 3581
1429 2 2 101 1 3132 5385 4614
1430 2 2 101 1 352 5631 3404
1431 2 2 101 1 2304 3631 3630
1432 2 2 101 1 174 3094 173
1433 2 2 101 1 2589 5388 4815
1434 2 2 101 1 1764 3462 2365
1435 2 2 101 1 2496 3472 2215
1436 2 2 101 1 2016 4139 3703
1437 2 2 101 1 3941 5472 1803
1438 2 2 101 1 4282 5329 5102
1439 2 2 101 1 2994 5185 5082
1440 2 2 101 1 3438 4369 1288
1441 2 2 101 1 4240 4693 4414
1442 2 2 101 1 2985 5192 5017
1443 2 2 101 1 5017 5192 3396
1444 2 2 101 1 2816 4528 4283
1445 2 2 101 1 3655 4503 2833
1446 2 2 101 1 2774 3665 2401
1447 2 2 101 1 2506 3811 2732
1448 2 2 101 1 3508 4773 721
1449 2 2 101 1 2383 5071 3374
1450 2 2 101 1 3404 5156 352
1451 2 2 101 1 1798 5092 5008
1452 2 2 101 1 3910 4471 2541
1453 2 2 101 1 3261 5123 2479
1454 2 2 101 1 1075 3798 3735
1455 2 2 101 1 584 4756 3381
1456 2 2 101 1 3523 5263 2197
1457 2 2 101 1 1619 4594 2188
1458 2 2 101 1 169 3111 168
1459 2 2 101 1 3783 3923 2581
1460 2 2 101 1 2436 3436 3435
1461 2 2 101 1 2879 5094 5005
1462 2 2 101 1 3095 5483 3572
1463 2 2 101 1 3008 4352 4194
1464 2 2 101 1 3493 5592 3889
1465 2 2 101 1 1704 4822 2601
1466 2 2 101 1 2757 5518 2552
1467 2 2 101 1 5301 5610 2409
1468 2 2 101 1 721 4773 718
1469 2 2 101 1 3857 5245 1871
1470 2 2 101 1 2570 3839 2572
1471 2 2 101 1 1871 5245 4132
1472 2 2 101 1 184 3084 183
1473 2 2 101 1 2980 5009 3124
1474 2 2 101 1 3892 4395 1849
1475 2 2 101 1 994 5409 3220
1476 2 2 101 1 332 3905 331
1477 2 2 101 1 2542 3527 3498
1478 2 2 101 1 2205 3630 2375
1479 2 2 101 1 2800 4145 3766
1480 2 2 101 1 4133 5073 1854
1481 2 2 101 1 164 3499 523
1482 2 2 101 1 3377 4367 2602
1483 2 2 101 1 3854 4066 3852
1484 2 2 101 1 4408 5243 581
1485 2 2 101 1 4162 5410 3457
1486 2 2 101 1 3382 5523 467
1487 2 2 101 1 4034 4812 4032
1488 2 2 101 1 2593 3602 3458
1489 2 2 101 1 4477 5045 3544
1490 2 2 101 1 2721 5369 4347
1491 2 2 101 1 3471 4832 2850
1492 2 2 101 1 3365 4471 3910
1493 2 2 101 1 5034 5153 3629
1494 2 2 101 1 3921 4583 3924
1495 2 2 101 1 3378 3553 3130
1496 2 2 101 1 482 4033 4031
1497 2 2 101 1 3690 4134 3895
1498 2 2 101 1 3846 3849 3848
1499 2 2 101 1 3581 5075 616
1500 2 2 101 1 3417 4862 3418
1501 2 2 101 1 552 5258 5177
1502 2 2 101 1 4887 5548 3158
1503 2 2 101 1 4410 4792 3325
1504 2 2 101 1 2850 3501 3469
1505 2 2 101 1 4117 4364 2410
1506 2 2 101 1 848 4131 853
1507 2 2 101 1 2780 3460 2778
1508 2 2 101 1 2828 4928 4195
1509 2 2 101 1 3760 3952 2791
1510 2 2 101 1 3973 4895 4170
1511 2 2 101 1 3688 5462 3689
1512 2 2 101 1 3738 4396 3694
1513 2 2 101 1 4240 5533 4239
1514 2 2 101 1 4411 5131 5014
1515 2 2 101 1 4563 4644 546
1516 2 2 101 1 3300 5593 3420
1517 2 2 101 1 2847 3965 2846
1518 2 2 101 1 2931 4943 4915
1519 2 2 101 1 3220 5471 994
1520 2 2 101 1 1965 3771 1963
1521 2 2 101 1 3635 4478 2597
1522 2 2 101 1 438 5205 3823
1523 2 2 101 1 2600 4198 3936
1524 2 2 101 1 175 5077 988
1525 2 2 101 1 5287 5330 3007
1526 2 2 101 1 3233 5478 3345
1527 2 2 101 1 3939 4470 2893
1528 2 2 101 1 3431 4311 1683
1529 2 2 101 1 3718 4830 3716
1530 2 2 101 1 6 3396 1345
1531 2 2 101 1 3479 4818 4654
1532 2 2 101 1 386 3638 385
1533 2 2 101 1 581 5243 3373
1534 2 2 101 1 2197 5256 3523
1535 2 2 101 1 1968 4932 2728
1536 2 2 101 1 188 3090 187
1537 2 2 101 1 4187 4235 560
1538 2 2 101 1 5102 5329 3254
1539 2 2 101 1 4924 5021 1372
1540 2 2 101 1 3982 4555 3597
1541 2 2 101 1 3513 4174 2407
1542 2 2 101 1 1969 3500 1770
1543 2 2 101 1 1069 3858 1070
1544 2 2 101 1 1961 3767 1330
1545 2 2 101 1 1070 3858 1073
1546 2 2 101 1 1698 3552 3456
1547 2 2 101 1 2479 5389 3261
1548 2 2 101 1 3934 4517 3936
1549 2 2 101 1 2537 4584 3391
1550 2 2 101 1 5162 5273 2476
1551 2 2 101 1 2778 3460 3432
1552 2 2 101 1 3518 4386 3608
1553 2 2 101 1 185 3109 914
1554 2 2 101 1 3661 4213 2402
1555 2 2 101 1 529 4788 3337
1556 2 2 101 1 3365 4131 3364
1557 2 2 101 1 2264 3602 2076
1558 2 2 101 1 3344 5238 540
1559 2 2 101 1 193 3346 866
1560 2 2 101 1 1124 3521 3520
1561 2 2 101 1 2610 4395 3892
1562 2 2 101 1 3703 5167 4140
1563 2 2 101 1 3469 3501 2372
1564 2 2 101 1 2730 4845 3597
1565 2 2 101 1 1803 5501 3941
1566 2 2 101 1 915 3109 186
1567 2 2 101 1 3507 4779 3339
1568 2 2 101 1 4125 4942 3224
1569 2 2 101 1 183 1299 9
1570 2 2 101 1 3652 4620 3277
1571 2 2 101 1 460 5027 3505
1572 2 2 101 1 2269 3816 3815
1573 2 2 101 1 3647 3863 2110
1574 2 2 101 1 3458 3602 2264
1575 2 2 101 1 3909 4530 3910
1576 2 2 101 1 3597 4555 2730
1577 2 2 101 1 3807 5235 3806
1578 2 2 101 1 3131 4862 715
1579 2 2 101 1 3837 3838 2772
1580 2 2 101 1 199 3125 716
1581 2 2 101 1 4404 4837 3333
1582 2 2 101 1 2973 4947 3992
1583 2 2 101 1 10 1822 188
1584 2 2 101 1 2401 3665 2402
1585 2 2 101 1 1124 3520 881
1586 2 2 101 1 3637 5537 5505
1587 2 2 101 1 2810 4177 3817
1588 2 2 101 1 2575 5381 3430
1589 2 2 101 1 3887 4542 3886
1590 2 2 101 1 1276 4478 3635
1591 2 2 101 1 866 3126 192
1592 2 2 101 1 4749 4988 2038
1593 2 2 101 1 3770 3863 2502
1594 2 2 101 1 3333 5525 576
1595 2 2 101 1 3951 5413 3172
1596 2 2 101 1 693 5001 690
1597 2 2 101 1 3160 5033 3541
1598 2 2 101 1 3910 4530 853
1599 2 2 101 1 3690 4268 3688
1600 2 2 101 1 2656 3549 3420
1601 2 2 101 1 3547 3548 2557
1602 2 2 101 1 482 4105 236
1603 2 2 101 1 2187 3838 3835
1604 2 2 101 1 2451 4470 3939
1605 2 2 101 1 3360 4994 488
1606 2 2 101 1 2476 5273 3140
1607 2 2 101 1 5073 5173 1854
1608 2 2 101 1 5166 5190 1213
1609 2 2 101 1 2383 5436 3095
1610 2 2 101 1 3380 5641 567
1611 2 2 101 1 3836 4769 3576
1612 2 2 101 1 3111 3408 3113
1613 2 2 101 1 3846 3848 3847
1614 2 2 101 1 1831 3582 1833
1615 2 2 101 1 4411 5014 577
1616 2 2 101 1 2783 3757 3395
1617 2 2 101 1 439 5519 4690
1618 2 2 101 1 4269 4923 3732
1619 2 2 101 1 3671 3811 1911
1620 2 2 101 1 191 3126 828
1621 2 2 101 1 3376 5101 3397
1622 2 2 101 1 3903 4994 3343
1623 2 2 101 1 716 3128 198
1624 2 2 101 1 331 3905 484
1625 2 2 101 1 1863 3851 1864
1626 2 2 101 1 3973 4172 3972
1627 2 2 101 1 472 4354 4058
1628 2 2 101 1 3138 3949 3651
1629 2 2 101 1 3791 4875 2336
1630 2 2 101 1 2463 3477 2884
1631 2 2 101 1 3510 3730 2646
1632 2 2 101 1 2836 4867 4022
1633 2 2 101 1 3851 3852 1867
1634 2 2 101 1 3389 4670 500
1635 2 2 101 1 197 3128 715
1636 2 2 101 1 3793 3811 2506
1637 2 2 101 1 4879 4888 4123
1638 2 2 101 1 2592 4706 3516
1639 2 2 101 1 3457 5180 4162
1640 2 2 101 1 4305 4517 3934
1641 2 2 101 1 1727 3614 1726
1642 2 2 101 1 3970 4959 4504
1643 2 2 101 1 3208 5190 5166
1644 2 2 101 1 1435 3600 1885
1645 2 2 101 1 3924 4583 823
1646 2 2 101 1 2000 3346 194
1647 2 2 101 1 2940 3405 2938
1648 2 2 101 1 3775 5586 3203
1649 2 2 101 1 5085 5220 2175
1650 2 2 101 1 2815 4215 2526
1651 2 2 101 1 2932 4943 2931
1652 2 2 101 1 4424 5397 5362
1653 2 2 101 1 4152 5348 3351
1654 2 2 101 1 3352 5561 1052
1655 2 2 101 1 4121 4622 3077
1656 2 2 101 1 1796 3515 1774
1657 2 2 101 1 4104 4811 3088
1658 2 2 101 1 677 5024 674
1659 2 2 101 1 3342 4386 3518
1660 2 2 101 1 3311 5488 3569
1661 2 2 101 1 522 3568 127
1662 2 2 101 1 3 3240 170
1663 2 2 101 1 1052 5016 3352
1664 2 2 101 1 5177 5258 3490
1665 2 2 101 1 1077 3859 1078
1666 2 2 101 1 3484 4077 1593
1667 2 2 101 1 3725 3996 3726
1668 2 2 101 1 1902 3125 200
1669 2 2 101 1 3806 5235 5112
1670 2 2 101 1 1180 5011 4911
1671 2 2 101 1 516 5287 4194
1672 2 2 101 1 2222 3585 3553
1673 2 2 101 1 2556 3547 2557
1674 2 2 101 1 2791 3952 1946
1675 2 2 101 1 2530 4844 3393
1676 2 2 101 1 521 3570 17
1677 2 2 101 1 3488 3865 1200
1678 2 2 101 1 540 5125 3344
1679 2 2 101 1 3566 3567 2388
1680 2 2 101 1 474 4141 3443
1681 2 2 101 1 2642 3863 3383
1682 2 2 101 1 3345 5478 5367
1683 2 2 101 1 519 3925 104
1684 2 2 101 1 1708 4396 3738
1685 2 2 101 1 4263 4808 3913
1686 2 2 101 1 3386 3477 2463
1687 2 2 101 1 4062 4590 4180
1688 2 2 101 1 2343 3566 2388
1689 2 2 101 1 3723 3724 3722
1690 2 2 101 1 2527 4215 3204
1691 2 2 101 1 3972 4172 554
1692 2 2 101 1 2839 3659 3658
1693 2 2 101 1 1078 3859 1081
1694 2 2 101 1 4060 4692 2891
1695 2 2 101 1 4144 5015 2367
1696 2 2 101 1 3823 5355 438
1697 2 2 101 1 3531 3532 3530
1698 2 2 101 1 3637 5505 3872
1699 2 2 101 1 461 4878 3398
1700 2 2 101 1 2754 5226 4912
1701 2 2 101 1 4843 4901 3085
1702 2 2 101 1 4690 5519 3375
1703 2 2 101 1 2732 3811 3020
1704 2 2 101 1 3491 4672 3492
1705 2 2 101 1 3371 5330 5287
1706 2 2 101 1 2025 4213 1685
1707 2 2 101 1 4092 5136 3207
1708 2 2 101 1 2496 3476 3475
1709 2 2 101 1 3325 4792 4325
1710 2 2 101 1 3654 5586 3775
1711 2 2 101 1 832 5120 3416
1712 2 2 101 1 488 5246 3360
1713 2 2 101 1 4218 4759 587
1714 2 2 101 1 3533 3538 3532
1715 2 2 101 1 1449 3770 2502
1716 2 2 101 1 3246 4891 2445
1717 2 2 101 1 4333 5377 3640
1718 2 2 101 1 5101 5296 3397
1719 2 2 101 1 4022 5543 2836
1720 2 2 101 1 3561 3657 2534
1721 2 2 101 1 4769 4956 98
1722 2 2 101 1 3835 3838 3837
1723 2 2 101 1 3402 5507 564
1724 2 2 101 1 3717 4157 2473
1725 2 2 101 1 2523 4995 3362
1726 2 2 101 1 3374 5171 2383
1727 2 2 101 1 4950 5061 3810
1728 2 2 101 1 3419 4716 1192
1729 2 2 101 1 2996 5185 2994
1730 2 2 101 1 3541 4922 3160
1731 2 2 101 1 551 5275 3992
1732 2 2 101 1 2209 4637 2304
1733 2 2 101 1 2932 5133 4943
1734 2 2 101 1 1792 3463 1797
1735 2 2 101 1 1904 4065 1319
1736 2 2 101 1 915 4636 3109
1737 2 2 101 1 362 4900 480
1738 2 2 101 1 3424 5095 653
1739 2 2 101 1 3437 3558 3436
1740 2 2 101 1 2308 3579 3578
1741 2 2 101 1 4 3464 54
1742 2 2 101 1 3582 4099 3583
1743 2 2 101 1 1047 4845 4575
1744 2 2 101 1 483 4044 280
1745 2 2 101 1 2249 3588 2279
1746 2 2 101 1 1625 3550 1802
1747 2 2 101 1 3553 3585 3554
1748 2 2 101 1 1794 3463 1792
1749 2 2 101 1 2294 4596 4584
1750 2 2 101 1 3936 4198 4089
1751 2 2 101 1 2395 3771 1965
1752 2 2 101 1 3107 5476 5444
1753 2 2 101 1 4425 5360 5356
1754 2 2 101 1 3958 4591 2922
1755 2 2 101 1 486 3879 3878
1756 2 2 101 1 1042 3542 942
1757 2 2 101 1 3345 4709 493
1758 2 2 101 1 1401 3793 2506
1759 2 2 101 1 1 3499 164
1760 2 2 101 1 2534 3601 3561
1761 2 2 101 1 1516 3552 1425
1762 2 2 101 1 4357 4910 2136
1763 2 2 101 1 3632 4252 1958
1764 2 2 101 1 736 3726 2814
1765 2 2 101 1 2356 3767 1961
1766 2 2 101 1 2855 3605 3504
1767 2 2 101 1 4969 5002 2834
1768 2 2 101 1 1683 4413 3431
1769 2 2 101 1 501 5101 3376
1770 2 2 101 1 4140 5167 4844
1771 2 2 101 1 3319 5284 5259
1772 2 2 101 1 2804 4948 4108
1773 2 2 101 1 3594 4715 510
1774 2 2 101 1 3495 3496 2365
1775 2 2 101 1 4938 4982 4142
1776 2 2 101 1 1314 3819 1738
1777 2 2 101 1 1823 3463 1794
1778 2 2 101 1 2542 3607 3527
1779 2 2 101 1 3617 3625 3622
1780 2 2 101 1 3538 5337 2219
1781 2 2 101 1 567 5290 3380
1782 2 2 101 1 1780 3562 1795
1783 2 2 101 1 2336 4875 4638
1784 2 2 101 1 987 4459 3964
1785 2 2 101 1 3815 4503 2269
1786 2 2 101 1 923 3902 922
1787 2 2 101 1 521 5342 3641
1788 2 2 101 1 3362 5340 2523
1789 2 2 101 1 3501 3809 2372
1790 2 2 101 1 1996 4057 4055
1791 2 2 101 1 3500 5544 2048
1792 2 2 101 1 3207 5004 4092
1793 2 2 101 1 4693 5583 582
1794 2 2 101 1 3529 3531 3530
1795 2 2 101 1 3511 3797 2720
1796 2 2 101 1 942 3542 940
1797 2 2 101 1 127 3568 11
1798 2 2 101 1 4765 4766 3275
1799 2 2 101 1 3145 5068 3341
1800 2 2 101 1 3634 4776 2708
1801 2 2 101 1 17 3570 2
1802 2 2 101 1 2581 3923 3919
1803 2 2 101 1 3385 5088 511
1804 2 2 101 1 1083 5532 1080
1805 2 2 101 1 2308 3578 1835
1806 2 2 101 1 3609 3610 480
1807 2 2 101 1 1788 3569 1875
1808 2 2 101 1 599 3834 600
1809 2 2 101 1 3518 3608 751
1810 2 2 101 1 3516 3830 2592
1811 2 2 101 1 3105 5476 3107
1812 2 2 101 1 3397 5296 527
1813 2 2 101 1 1793 4660 1909
1814 2 2 101 1 1362 4776 3634
1815 2 2 101 1 4083 4136 3550
1816 2 2 101 1 2809 3756 2577
1817 2 2 101 1 1439 4159 3600
1818 2 2 101 1 3138 3651 3425
1819 2 2 101 1 1134 3440 3439
1820 2 2 101 1 3965 4284 2846
1821 2 2 101 1 3844 4501 2694
1822 2 2 101 1 182 583 181
1823 2 2 101 1 178 582 177
1824 2 2 101 1 3298 5437 1163
1825 2 2 101 1 1163 5262 3298
1826 2 2 101 1 3135 4836 3795
1827 2 2 101 1 3172 5220 5085
1828 2 2 101 1 1316 4113 1828
1829 2 2 101 1 973 4139 971
1830 2 2 101 1 2720 4795 3511
1831 2 2 101 1 3587 3591 3589
1832 2 2 101 1 863 3752 3697
1833 2 2 101 1 2319 3435 2487
1834 2 2 101 1 2665 5142 2668
1835 2 2 101 1 3491 4579 740
1836 2 2 101 1 583 5451 4935
1837 2 2 101 1 1249 4418 1304
1838 2 2 101 1 1796 5270 3367
1839 2 2 101 1 739 3726 736
1840 2 2 101 1 2556 2557 2465
1841 2 2 101 1 1341 3775 3774
1842 2 2 101 1 550 3638 386
1843 2 2 101 1 3470 4845 1047
1844 2 2 101 1 3718 5293 4830
1845 2 2 101 1 385 3638 473
1846 2 2 101 1 2822 3596 2267
1847 2 2 101 1 3747 3748 838
1848 2 2 101 1 2671 4828 4149
1849 2 2 101 1 4352 4466 454
1850 2 2 101 1 4295 4311 3000
1851 2 2 101 1 3523 3524 2521
1852 2 2 101 1 3529 3530 3522
1853 2 2 101 1 1683 4311 4295
1854 2 2 101 1 2534 3657 3299
1855 2 2 101 1 3514 4187 560
1856 2 2 101 1 1072 3734 1071
1857 2 2 101 1 2480 3615 1758
1858 2 2 101 1 3485 5199 479
1859 2 2 101 1 1426 4820 1424
1860 2 2 101 1 840 3747 838
1861 2 2 101 1 3458 4362 2593
1862 2 2 101 1 4337 4920 3672
1863 2 2 101 1 1425 3552 1698
1864 2 2 101 1 3243 4971 3242
1865 2 2 101 1 2308 3580 3579
1866 2 2 101 1 4522 4579 4151
1867 2 2 101 1 1371 5124 5074
1868 2 2 101 1 3506 3614 2141
1869 2 2 101 1 2465 3463 1823
1870 2 2 101 1 4050 4052 4051
1871 2 2 101 1 2365 3497 1762
1872 2 2 101 1 2552 3954 2550
1873 2 2 101 1 27 4821 3674
1874 2 2 101 1 643 4998 640
1875 2 2 101 1 4732 4790 4186
1876 2 2 101 1 4269 5513 4923
1877 2 2 101 1 454 4356 3681
1878 2 2 101 1 3588 3589 2279
1879 2 2 101 1 3623 5530 4292
1880 2 2 101 1 4178 4635 4473
1881 2 2 101 1 4672 4721 3492
1882 2 2 101 1 4538 4941 2156
1883 2 2 101 1 5530 5632 4292
1884 2 2 101 1 3781 3782 2307
1885 2 2 101 1 1346 4330 3961
1886 2 2 101 1 3654 3775 1341
1887 2 2 101 1 1925 4694 3499
1888 2 2 101 1 5349 5449 3249
1889 2 2 101 1 2496 3475 3474
1890 2 2 101 1 2668 5142 4260
1891 2 2 101 1 3042 3476 2490
1892 2 2 101 1 5008 5092 3056
1893 2 2 101 1 2508 3632 1924
1894 2 2 101 1 2996 5311 5185
1895 2 2 101 1 2517 4247 3808
1896 2 2 101 1 486 3878 415
1897 2 2 101 1 3397 5283 4285
1898 2 2 101 1 3008 4466 4352
1899 2 2 101 1 2049 4479 3772
1900 2 2 101 1 493 5238 3344
1901 2 2 101 1 2285 5639 3861
1902 2 2 101 1 2530 5474 4844
1903 2 2 101 1 3602 4243 2076
1904 2 2 101 1 104 3925 103
1905 2 2 101 1 3373 5240 581
1906 2 2 101 1 2320 3460 2567
1907 2 2 101 1 3679 3680 3164
1908 2 2 101 1 1299 3449 9
1909 2 2 101 1 3860 4891 3246
1910 2 2 101 1 285 4692 4060
1911 2 2 101 1 705 4355 3763
1912 2 2 101 1 4180 4590 2713
1913 2 2 101 1 4858 5558 2443
1914 2 2 101 1 2233 3981 2232
1915 2 2 101 1 3520 3523 2521
1916 2 2 101 1 4018 4604 3445
1917 2 2 101 1 980 4591 3958
1918 2 2 101 1 1994 3606 2467
1919 2 2 101 1 3746 4117 3747
1920 2 2 101 1 254 4997 3428
1921 2 2 101 1 2202 3625 3616
1922 2 2 101 1 3088 4924 4104
1923 2 2 101 1 2837 3132 2298
1924 2 2 101 1 1124 3529 3522
1925 2 2 101 1 3480 4818 3479
1926 2 2 101 1 4045 5428 4047
1927 2 2 101 1 5074 5124 3603
1928 2 2 101 1 1880 4069 3745
1929 2 2 101 1 3890 3892 1849
1930 2 2 101 1 1758 3615 1743
1931 2 2 101 1 3351 5348 1315
1932 2 2 101 1 725 3744 722
1933 2 2 101 1 1324 3819 1314
1934 2 2 101 1 3989 4770 3106
1935 2 2 101 1 1885 3599 3598
1936 2 2 101 1 3587 3589 3588
1937 2 2 101 1 3849 5445 3850
1938 2 2 101 1 2601 4822 4301
1939 2 2 101 1 3658 4146 2839
1940 2 2 101 1 2851 4633 3963
1941 2 2 101 1 3586 4544 572
1942 2 2 101 1 542 3905 332
1943 2 2 101 1 510 4715 344
1944 2 2 101 1 2307 4103 1951
1945 2 2 101 1 4468 5133 5072
1946 2 2 101 1 511 5156 3403
1947 2 2 101 1 2550 3954 3301
1948 2 2 101 1 3625 3626 3622
1949 2 2 101 1 566 4974 3864
1950 2 2 101 1 2617 4986 2416
1951 2 2 101 1 1802 3550 2362
1952 2 2 101 1 1160 3653 3652
1953 2 2 101 1 493 4709 398
1954 2 2 101 1 887 3531 885
1955 2 2 101 1 3759 4120 765
1956 2 2 101 1 1690 4770 3989
1957 2 2 101 1 3358 5371 1250
1958 2 2 101 1 3571 4563 436
1959 2 2 101 1 3897 5426 3896
1960 2 2 101 1 4780 4817 732
1961 2 2 101 1 1428 3797 667
1962 2 2 101 1 4064 4065 2380
1963 2 2 101 1 3616 3625 3617
1964 2 2 101 1 2433 3588 2249
1965 2 2 101 1 1831 4099 3582
1966 2 2 101 1 2929 3679 1959
1967 2 2 101 1 500 4981 3389
1968 2 2 101 1 2215 3472 1799
1969 2 2 101 1 2846 4284 3975
1970 2 2 101 1 2304 4637 3683
1971 2 2 101 1 2580 3648 3646
1972 2 2 101 1 1394 3830 683
1973 2 2 101 1 2581 3919 3918
1974 2 2 101 1 3120 3612 3121
1975 2 2 101 1 3946 5480 440
1976 2 2 101 1 4067 4146 3658
1977 2 2 101 1 3516 4946 677
1978 2 2 101 1 3704 3705 545
1979 2 2 101 1 4095 4098 4097
1980 2 2 101 1 3369 5297 3368
1981 2 2 101 1 1331 3601 787
1982 2 2 101 1 3772 4479 2746
1983 2 2 101 1 1752 3707 2266
1984 2 2 101 1 2327 3605 2242
1985 2 2 101 1 3961 4330 3438
1986 2 2 101 1 1335 3607 811
1987 2 2 101 1 4889 4980 4374
1988 2 2 101 1 3307 3463 2465
1989 2 2 101 1 196 5620 195
1990 2 2 101 1 454 3681 249
1991 2 2 101 1 3673 3674 3670
1992 2 2 101 1 963 4531 3636
1993 2 2 101 1 3766 4145 779
1994 2 2 101 1 2098 4790 4732
1995 2 2 101 1 2580 3645 3644
1996 2 2 101 1 2609 4288 3928
1997 2 2 101 1 1071 3693 3692
1998 2 2 101 1 5362 5397 3236
1999 2 2 101 1 2328 3781 1955
2000 2 2 101 1 3795 5354 3135
2001 2 2 101 1 2780 4323 3483
2002 2 2 101 1 2580 3644 2170
2003 2 2 101 1 583 5535 3558
2004 2 2 101 1 2407 4174 1973
2005 2 2 101 1 2519 3673 3670
2006 2 2 101 1 1071 3734 3693
2007 2 2 101 1 4345 5564 2738
2008 2 2 101 1 195 5620 3072
2009 2 2 101 1 3964 4459 3962
2010 2 2 101 1 3665 4784 3663
2011 2 2 101 1 2621 3549 2547
2012 2 2 101 1 3316 3613 3317
2013 2 2 101 1 1822 4856 3176
2014 2 2 101 1 2766 3841 3840
2015 2 2 101 1 3643 5176 3210
2016 2 2 101 1 1764 2365 1762
2017 2 2 101 1 10 3486 1822
2018 2 2 101 1 3421 3495 3462
2019 2 2 101 1 3895 4134 1988
2020 2 2 101 1 3066 3278 2991
2021 2 2 101 1 3460 3461 2567
2022 2 2 101 1 2202 3616 2013
2023 2 2 101 1 1485 3983 1877
2024 2 2 101 1 1124 3522 3521
2025 2 2 101 1 4609 5631 490
2026 2 2 101 1 269 4354 472
2027 2 2 101 1 899 3685 1371
2028 2 2 101 1 480 3611 3609
2029 2 2 101 1 3146 3781 2328
2030 2 2 101 1 1341 3774 3773
2031 2 2 101 1 881 3520 879
2032 2 2 101 1 1593 4418 3484
2033 2 2 101 1 1134 3518 753
2034 2 2 101 1 5139 5330 3199
2035 2 2 101 1 3118 4098 3119
2036 2 2 101 1 2839 4213 3659
2037 2 2 101 1 2519 3668 2093
2038 2 2 101 1 4473 4635 1565
2039 2 2 101 1 3351 5475 4152
2040 2 2 101 1 1919 1968 1967
2041 2 2 101 1 3437 5451 3558
2042 2 2 101 1 1791 4660 1793
2043 2 2 101 1 2519 3669 3668
2044 2 2 101 1 3739 5100 3978
2045 2 2 101 1 4202 5091 5078
2046 2 2 101 1 1348 3692 2505
2047 2 2 101 1 3698 3699 1325
2048 2 2 101 1 4440 5514 2933
2049 2 2 101 1 479 5122 3434
2050 2 2 101 1 1319 4065 1226
2051 2 2 101 1 3561 3601 1331
2052 2 2 101 1 3768 3950 2826
2053 2 2 101 1 2343 2388 2329
2054 2 2 101 1 769 3691 2826
2055 2 2 101 1 4163 4981 500
2056 2 2 101 1 3694 4396 3898
2057 2 2 101 1 2367 5545 4144
2058 2 2 101 1 3846 3847 3843
2059 2 2 101 1 3130 3553 3131
2060 2 2 101 1 1963 3771 2356
2061 2 2 101 1 2972 4656 3000
2062 2 2 101 1 2348 2556 2465
2063 2 2 101 1 3993 5163 3373
2064 2 2 101 1 3504 3605 2327
2065 2 2 101 1 1625 4083 3550
2066 2 2 101 1 1236 4136 4083
2067 2 2 101 1 3946 5634 5480
2068 2 2 101 1 2275 4118 1913
2069 2 2 101 1 1761 1762 1760
2070 2 2 101 1 3527 3607 1335
2071 2 2 101 1 2617 5086 4986
2072 2 2 101 1 885 3531 3529
2073 2 2 101 1 2982 4888 4879
2074 2 2 101 1 3121 3612 3184
2075 2 2 101 1 3682 4212 557
2076 2 2 101 1 979 3702 977
2077 2 2 101 1 2490 2496 2215
2078 2 2 101 1 1447 3770 1449
2079 2 2 101 1 3405 3406 445
2080 2 2 101 1 863 3697 3696
2081 2 2 101 1 1179 3654 966
2082 2 2 101 1 971 4139 2016
2083 2 2 101 1 1663 4704 4654
2084 2 2 101 1 1924 3632 1923
2085 2 2 101 1 3340 4633 2851
2086 2 2 101 1 914 5261 184
2087 2 2 101 1 3817 4177 817
2088 2 2 101 1 3459 4362 3458
2089 2 2 101 1 3694 3898 2505
2090 2 2 101 1 795 3706 2524
2091 2 2 101 1 2202 3627 3625
2092 2 2 101 1 1437 3707 1752
2093 2 2 101 1 789 3711 2525
2094 2 2 101 1 2929 3680 3679
2095 2 2 101 1 3548 4890 3332
2096 2 2 101 1 3571 4644 4563
2097 2 2 101 1 1330 3767 3691
2098 2 2 101 1 1388 4099 1688
2099 2 2 101 1 1023 3871 1037
2100 2 2 101 1 5371 5572 3156
2101 2 2 101 1 3247 5558 4858
2102 2 2 101 1 3904 3905 542
2103 2 2 101 1 2402 4213 2025
2104 2 2 101 1 1200 4540 3488
2105 2 2 101 1 3697 3743 3696
2106 2 2 101 1 657 5114 3392
2107 2 2 101 1 3698 3701 3699
2108 2 2 101 1 2048 5544 3421
2109 2 2 101 1 2985 3566 2343
2110 2 2 101 1 4936 5603 3187
2111 2 2 101 1 990 4253 992
2112 2 2 101 1 2795 3709 3708
2113 2 2 101 1 3598 3707 1885
2114 2 2 101 1 2990 2991 1916
2115 2 2 101 1 1959 3679 1812
2116 2 2 101 1 1958 3585 1929
2117 2 2 101 1 3575 4080 2187
2118 2 2 101 1 3885 4309 3170
2119 2 2 101 1 2133 5183 4587
2120 2 2 101 1 2617 5490 4629
2121 2 2 101 1 3778 5081 3779
2122 2 2 101 1 3834 4113 600
2123 2 2 101 1 4991 5231 3407
2124 2 2 101 1 1336 3744 725
2125 2 2 101 1 2933 3675 2286
2126 2 2 101 1 554 4193 3972
2127 2 2 101 1 3757 3983 1616
2128 2 2 101 1 3815 3816 3813
2129 2 2 101 1 1759 1760 1758
2130 2 2 101 1 706 4355 705
2131 2 2 101 1 2720 3797 1428
2132 2 2 101 1 3805 3807 3806
2133 2 2 101 1 2593 4362 2875
2134 2 2 101 1 1880 3745 1563
2135 2 2 101 1 480 4900 3611
2136 2 2 101 1 955 3773 2564
2137 2 2 101 1 1067 3692 1348
2138 2 2 101 1 1877 3983 2783
2139 2 2 101 1 1399 3793 1401
2140 2 2 101 1 1730 3614 1727
2141 2 2 101 1 4629 5086 2617
2142 2 2 101 1 3843 3847 1859
2143 2 2 101 1 1250 5448 3358
2144 2 2 101 1 2657 4680 4256
2145 2 2 101 1 1191 4259 1193
2146 2 2 101 1 1937 3606 1994
2147 2 2 101 1 3796 5048 624
2148 2 2 101 1 836 3748 1175
2149 2 2 101 1 2187 3835 3575
2150 2 2 101 1 2521 3525 877
2151 2 2 101 1 582 4789 177
2152 2 2 101 1 753 3518 751
2153 2 2 101 1 3192 3755 2361
2154 2 2 101 1 3782 5630 3466
2155 2 2 101 1 2556 4856 3547
2156 2 2 101 1 2547 3549 3422
2157 2 2 101 1 1828 4113 3162
2158 2 2 101 1 2557 3308 3307
2159 2 2 101 1 740 4579 4522
2160 2 2 101 1 2935 4793 3635
2161 2 2 101 1 2904 4939 2213
2162 2 2 101 1 863 3696 729
2163 2 2 101 1 1768 2048 1766
2164 2 2 101 1 3387 4203 3753
2165 2 2 101 1 3678 4268 3677
2166 2 2 101 1 2267 3596 2010
2167 2 2 101 1 1162 3940 1111
2168 2 2 101 1 3513 4936 3187
2169 2 2 101 1 2814 3751 3750
2170 2 2 101 1 2683 3642 3255
2171 2 2 101 1 3308 3332 3310
2172 2 2 101 1 1359 1706 1358
2173 2 2 101 1 2592 3830 1394
2174 2 2 101 1 3416 5461 832
2175 2 2 101 1 1660 4604 4018
2176 2 2 101 1 180 525 179
2177 2 2 101 1 2078 3920 2281
2178 2 2 101 1 982 3698 1325
2179 2 2 101 1 3639 3640 2397
2180 2 2 101 1 3936 4517 2600
2181 2 2 101 1 2992 3787 3786
2182 2 2 101 1 751 3608 748
2183 2 2 101 1 2349 5250 3680
2184 2 2 101 1 3940 4631 3939
2185 2 2 101 1 3920 3922 2281
2186 2 2 101 1 2517 3808 1016
2187 2 2 101 1 3819 5520 1738
2188 2 2 101 1 2795 3708 618
2189 2 2 101 1 4844 5474 4140
2190 2 2 101 1 1770 3500 1768
2191 2 2 101 1 2875 4445 3783
2192 2 2 101 1 3477 3478 2884
2193 2 2 101 1 3853 3854 3852
2194 2 2 101 1 1746 4080 2548
2195 2 2 101 1 1942 3729 3727
2196 2 2 101 1 1478 3998 699
2197 2 2 101 1 1738 5520 5372
2198 2 2 101 1 4288 4462 3928
2199 2 2 101 1 3578 4119 1835
2200 2 2 101 1 4256 4680 3999
2201 2 2 101 1 4107 5349 1083
2202 2 2 101 1 2297 2298 1968
2203 2 2 101 1 1302 3997 1309
2204 2 2 101 1 228 4022 506
2205 2 2 101 1 722 3744 721
2206 2 2 101 1 4390 4632 367
2207 2 2 101 1 3896 4244 2549
2208 2 2 101 1 3472 3473 2141
2209 2 2 101 1 1016 3808 1013
2210 2 2 101 1 3149 4419 4077
2211 2 2 101 1 1051 3540 3539
2212 2 2 101 1 3712 3715 3714
2213 2 2 101 1 3376 5466 501
2214 2 2 101 1 1111 3940 1104
2215 2 2 101 1 177 4789 8
2216 2 2 101 1 4038 4039 238
2217 2 2 101 1 5163 5240 3373
2218 2 2 101 1 4619 4639 2719
2219 2 2 101 1 2490 3476 2496
2220 2 2 101 1 1833 3582 2308
2221 2 2 101 1 1519 4501 1521
2222 2 2 101 1 1893 4511 2609
2223 2 2 101 1 4108 4948 515
2224 2 2 101 1 4050 4051 4048
2225 2 2 101 1 2561 3831 1326
2226 2 2 101 1 2588 3998 1478
2227 2 2 101 1 1857 4804 1554
2228 2 2 101 1 1885 3600 3599
2229 2 2 101 1 2380 4065 1904
2230 2 2 101 1 2393 4387 4100
2231 2 2 101 1 3852 4066 1867
2232 2 2 101 1 3790 3791 2892
2233 2 2 101 1 4912 5226 3197
2234 2 2 101 1 3712 3714 2407
2235 2 2 101 1 3587 3588 3266
2236 2 2 101 1 3497 5383 2480
2237 2 2 101 1 3933 5013 3934
2238 2 2 101 1 3499 4402 523
2239 2 2 101 1 1768 3500 2048
2240 2 2 101 1 5123 5457 2905
2241 2 2 101 1 885 3529 883
2242 2 2 101 1 3720 3721 2473
2243 2 2 101 1 3805 3806 1380
2244 2 2 101 1 1763 1764 1762
2245 2 2 101 1 923 4438 3902
2246 2 2 101 1 2076 4243 2065
2247 2 2 101 1 1799 2141 1730
2248 2 2 101 1 3683 4637 3305
2249 2 2 101 1 3279 3280 3278
2250 2 2 101 1 603 5351 166
2251 2 2 101 1 3644 3647 2110
2252 2 2 101 1 2375 3630 3629
2253 2 2 101 1 3748 3749 1175
2254 2 2 101 1 1047 4886 3470
2255 2 2 101 1 3691 3767 2826
2256 2 2 101 1 3884 5368 3179
2257 2 2 101 1 1913 4118 2410
2258 2 2 101 1 3410 5204 517
2259 2 2 101 1 3833 4257 3834
2260 2 2 101 1 3692 3693 2505
2261 2 2 101 1 2280 3824 2928
2262 2 2 101 1 3442 5267 1854
2263 2 2 101 1 4132 5618 1873
2264 2 2 101 1 879 3520 2521
2265 2 2 101 1 2347 3639 2397
2266 2 2 101 1 4001 4003 2310
2267 2 2 101 1 2814 3750 734
2268 2 2 101 1 3812 3815 3813
2269 2 2 101 1 2348 2465 1823
2270 2 2 101 1 2833 3812 1005
2271 2 2 101 1 1109 3534 3533
2272 2 2 101 1 822 4009 821
2273 2 2 101 1 1885 3707 1437
2274 2 2 101 1 883 1124 881
2275 2 2 101 1 1849 3899 3890
2276 2 2 101 1 3330 5178 3328
2277 2 2 101 1 2517 5495 4247
2278 2 2 101 1 3769 5322 3768
2279 2 2 101 1 436 4563 301
2280 2 2 101 1 1772 1969 1770
2281 2 2 101 1 1799 3472 2141
2282 2 2 101 1 1342 3780 1153
2283 2 2 101 1 4133 5008 3056
2284 2 2 101 1 3003 4988 4749
2285 2 2 101 1 3839 4849 1426
2286 2 2 101 1 3165 5444 5415
2287 2 2 101 1 925 4438 923
2288 2 2 101 1 235 4027 234
2289 2 2 101 1 1315 5345 3351
2290 2 2 101 1 600 4113 1316
2291 2 2 101 1 1250 4418 1249
2292 2 2 101 1 219 4622 4121
2293 2 2 101 1 4009 4634 2005
2294 2 2 101 1 415 3878 414
2295 2 2 101 1 3478 3865 3488
2296 2 2 101 1 3038 4367 3053
2297 2 2 101 1 3668 3671 1911
2298 2 2 101 1 280 4044 279
2299 2 2 101 1 3636 4531 2667
2300 2 2 101 1 2473 4157 2228
2301 2 2 101 1 1200 3865 1197
2302 2 2 101 1 1968 2728 1967
2303 2 2 101 1 2064 3832 2225
2304 2 2 101 1 1310 1758 1743
2305 2 2 101 1 3741 5369 2721
2306 2 2 101 1 3428 5567 254
2307 2 2 101 1 3773 3774 2564
2308 2 2 101 1 4077 4419 1593
2309 2 2 101 1 1326 3831 759
2310 2 2 101 1 879 2521 877
2311 2 2 101 1 3477 3865 3478
2312 2 2 101 1 3286 3297 3284
2313 2 2 101 1 1910 5196 3409
2314 2 2 101 1 3784 4265 2384
2315 2 2 101 1 4584 4596 3391
2316 2 2 101 1 3677 3895 2273
2317 2 2 101 1 165 2009 4
2318 2 2 101 1 4971 5609 3242
2319 2 2 101 1 2393 4099 1388
2320 2 2 101 1 917 3805 1380
2321 2 2 101 1 4040 4041 508
2322 2 2 101 1 4440 5257 2000
2323 2 2 101 1 3702 4139 977
2324 2 2 101 1 1350 1352 1351
2325 2 2 101 1 3399 3401 3400
2326 2 2 101 1 883 3529 1124
2327 2 2 101 1 2060 3832 2064
2328 2 2 101 1 536 3876 3875
2329 2 2 101 1 1790 3569 1788
2330 2 2 101 1 3336 5382 5311
2331 2 2 101 1 443 5219 5131
2332 2 2 101 1 4095 4097 4093
2333 2 2 101 1 2356 3771 3769
2334 2 2 101 1 770 3691 769
2335 2 2 101 1 3596 4858 2443
2336 2 2 101 1 3366 5493 485
2337 2 2 101 1 1766 3462 1764
2338 2 2 101 1 4110 4112 4111
2339 2 2 101 1 2305 3918 2071
2340 2 2 101 1 3659 4213 3661
2341 2 2 101 1 4110 4111 4109
2342 2 2 101 1 4113 4257 3162
2343 2 2 101 1 535 3874 3873
2344 2 2 101 1 249 3681 248
2345 2 2 101 1 3842 3843 1859
2346 2 2 101 1 821 4009 2005
2347 2 2 101 1 3893 4817 4780
2348 2 2 101 1 232 4024 4023
2349 2 2 101 1 1414 3899 1412
2350 2 2 101 1 1774 3515 1772
2351 2 2 101 1 3327 3331 3329
2352 2 2 101 1 534 589 588
2353 2 2 101 1 1578 4208 1576
2354 2 2 101 1 1297 4308 1295
2355 2 2 101 1 1595 1919 1918
2356 2 2 101 1 1501 4361 1499
2357 2 2 101 1 3320 3325 3322
2358 2 2 101 1 3651 3949 934
2359 2 2 101 1 1797 3569 1790
2360 2 2 101 1 2170 3644 1845
2361 2 2 101 1 2581 3918 2305
2362 2 2 101 1 802 3765 801
2363 2 2 101 1 790 3711 789
2364 2 2 101 1 1726 4088 1723
2365 2 2 101 1 796 3706 795
2366 2 2 101 1 3348 4871 4266
2367 2 2 101 1 4048 4051 273
2368 2 2 101 1 5356 5360 3223
2369 2 2 101 1 454 4466 4356
2370 2 2 101 1 1685 4213 2839
2371 2 2 101 1 624 5052 3796
2372 2 2 101 1 2309 3687 2727
2373 2 2 101 1 1776 1796 1774
2374 2 2 101 1 573 5313 3400
2375 2 2 101 1 3294 3373 3292
2376 2 2 101 1 1745 4874 4629
2377 2 2 101 1 4268 5462 3688
2378 2 2 101 1 3090 5574 187
2379 2 2 101 1 1177 3653 1160
2380 2 2 101 1 4266 4711 2686
2381 2 2 101 1 2514 3777 2930
2382 2 2 101 1 1975 3712 2407
2383 2 2 101 1 486 4735 3879
2384 2 2 101 1 1919 1967 1918
2385 2 2 101 1 992 4253 1130
2386 2 2 101 1 950 3829 948
2387 2 2 101 1 1201 3865 3477
2388 2 2 101 1 3545 4477 3544
2389 2 2 101 1 2332 3949 3138
2390 2 2 101 1 1445 4013 1448
2391 2 2 101 1 1164 3960 1229
2392 2 2 101 1 2093 3668 1749
2393 2 2 101 1 3201 5509 3723
2394 2 2 101 1 1426 4849 4820
2395 2 2 101 1 2230 3720 2473
2396 2 2 101 1 1052 3685 901
2397 2 2 101 1 1233 1310 1306
2398 2 2 101 1 2940 5544 3407
2399 2 2 101 1 2405 3755 3361
2400 2 2 101 1 2041 3824 2280
2401 2 2 101 1 2198 3790 2892
2402 2 2 101 1 2304 3683 3631
2403 2 2 101 1 889 1109 887
2404 2 2 101 1 838 3748 836
2405 2 2 101 1 1772 3515 1969
2406 2 2 101 1 2614 5446 4498
2407 2 2 101 1 2584 3707 3598
2408 2 2 101 1 2087 2343 2329
2409 2 2 101 1 1397 4004 1400
2410 2 2 101 1 3110 3173 914
2411 2 2 101 1 2488 3648 2580
2412 2 2 101 1 871 1233 1232
2413 2 2 101 1 957 3773 955
2414 2 2 101 1 3932 4089 1036
2415 2 2 101 1 1242 3792 1489
2416 2 2 101 1 560 4701 3514
2417 2 2 101 1 1229 3960 1701
2418 2 2 101 1 2580 3646 3645
2419 2 2 101 1 3639 3641 3640
2420 2 2 101 1 2509 2693 2510
2421 2 2 101 1 3988 5047 3217
2422 2 2 101 1 5081 5128 3779
2423 2 2 101 1 2086 4125 3224
2424 2 2 101 1 3931 4005 3935
2425 2 2 101 1 1431 4015 1434
2426 2 2 101 1 490 4983 4609
2427 2 2 101 1 1005 3812 1001
2428 2 2 101 1 3146 3782 3781
2429 2 2 101 1 1782 3562 1780
2430 2 2 101 1 2728 4932 4764
2431 2 2 101 1 1576 4208 2603
2432 2 2 101 1 2727 4255 3134
2433 2 2 101 1 3027 5365 5291
2434 2 2 101 1 3336 5311 2996
2435 2 2 101 1 2712 5246 3276
2436 2 2 101 1 3829 5009 948
2437 2 2 101 1 930 3949 2332
2438 2 2 101 1 2833 3815 3812
2439 2 2 101 1 3400 5508 573
2440 2 2 101 1 235 4105 4027
2441 2 2 101 1 502 4046 245
2442 2 2 101 1 3883 3885 540
2443 2 2 101 1 3550 4136 3422
2444 2 2 101 1 3930 4005 3931
2445 2 2 101 1 2466 4103 3465
2446 2 2 101 1 861 3747 840
2447 2 2 101 1 3271 3825 3824
2448 2 2 101 1 1348 1350 1349
2449 2 2 101 1 508 5562 4814
2450 2 2 101 1 2519 3670 3669
2451 2 2 101 1 2601 3995 3994
2452 2 2 101 1 2222 3604 1933
2453 2 2 101 1 4006 4007 4005
2454 2 2 101 1 2384 4264 3784
2455 2 2 101 1 4689 5349 3249
2456 2 2 101 1 3145 5564 5068
2457 2 2 101 1 3551 5465 4401
2458 2 2 101 1 639 3894 636
2459 2 2 101 1 1343 1344 1342
2460 2 2 101 1 4186 4665 1682
2461 2 2 101 1 2487 3435 3434
2462 2 2 101 1 5317 5453 3667
2463 2 2 101 1 3714 4936 3513
2464 2 2 101 1 2512 3069 2822
2465 2 2 101 1 2371 3982 3597
2466 2 2 101 1 1788 1875 1786
2467 2 2 101 1 3708 3710 621
2468 2 2 101 1 3693 3694 2505
2469 2 2 101 1 2269 4786 3816
2470 2 2 101 1 2470 3673 2519
2471 2 2 101 1 3703 4139 3702
2472 2 2 101 1 2273 3895 1998
2473 2 2 101 1 1780 1795 1778
2474 2 2 101 1 3829 5550 3124
2475 2 2 101 1 2557 3307 2465
2476 2 2 101 1 2494 3823 2988
2477 2 2 101 1 3317 3613 3320
2478 2 2 101 1 3748 4117 3749
2479 2 2 101 1 2694 4501 1519
2480 2 2 101 1 3505 5576 460
2481 2 2 101 1 977 4139 973
2482 2 2 101 1 4185 4665 4186
2483 2 2 101 1 599 600 598
2484 2 2 101 1 2609 3928 3927
2485 2 2 101 1 2524 4298 1332
2486 2 2 101 1 1493 3914 1491
2487 2 2 101 1 3842 3844 3843
2488 2 2 101 1 1254 3886 1595
2489 2 2 101 1 1228 4394 1236
2490 2 2 101 1 895 1054 893
2491 2 2 101 1 2790 3867 3866
2492 2 2 101 1 3308 3310 3309
2493 2 2 101 1 3853 3855 3854
2494 2 2 101 1 1197 3865 1201
2495 2 2 101 1 2272 3741 2721
2496 2 2 101 1 1784 1785 1782
2497 2 2 101 1 740 4672 3491
2498 2 2 101 1 278 4040 508
2499 2 2 101 1 2052 5453 5317
2500 2 2 101 1 2691 4101 1442
2501 2 2 101 1 1329 4247 3929
2502 2 2 101 1 1785 3562 1782
2503 2 2 101 1 3845 4281 3846
2504 2 2 101 1 2512 2822 2267
2505 2 2 101 1 3545 5487 4477
2506 2 2 101 1 990 991 989
2507 2 2 101 1 2361 3755 2359
2508 2 2 101 1 2236 3981 2233
2509 2 2 101 1 2248 3794 2245
2510 2 2 101 1 3362 3363 828
2511 2 2 101 1 4766 5303 3275
2512 2 2 101 1 4946 5024 677
2513 2 2 101 1 3379 4761 4154
2514 2 2 101 1 1759 1761 1760
2515 2 2 101 1 743 3726 739
2516 2 2 101 1 3446 5018 474
2517 2 2 101 1 1563 3745 1694
2518 2 2 101 1 2116 3985 3984
2519 2 2 101 1 231 4023 475
2520 2 2 101 1 2242 3605 2239
2521 2 2 101 1 1633 3809 1634
2522 2 2 101 1 787 3601 784
2523 2 2 101 1 811 3607 808
2524 2 2 101 1 243 4045 477
2525 2 2 101 1 2336 4966 3791
2526 2 2 101 1 2514 2930 2929
2527 2 2 101 1 4093 4097 226
2528 2 2 101 1 3636 4639 4619
2529 2 2 101 1 1765 1766 1764
2530 2 2 101 1 3963 4633 3964
2531 2 2 101 1 2601 3994 2288
2532 2 2 101 1 602 3834 599
2533 2 2 101 1 4399 5489 2194
2534 2 2 101 1 1723 4088 1722
2535 2 2 101 1 2001 4119 2539
2536 2 2 101 1 3844 3845 3843
2537 2 2 101 1 1087 4107 1084
2538 2 2 101 1 653 5439 3424
2539 2 2 101 1 484 3907 330
2540 2 2 101 1 1222 4259 1191
2541 2 2 101 1 284 4060 509
2542 2 2 101 1 878 879 877
2543 2 2 101 1 2048 3462 1766
2544 2 2 101 1 3803 3804 3801
2545 2 2 101 1 4028 4105 4031
2546 2 2 101 1 329 3907 549
2547 2 2 101 1 1069 3860 3858
2548 2 2 101 1 2941 5002 4969
2549 2 2 101 1 1295 4308 2748
2550 2 2 101 1 1709 1710 1707
2551 2 2 101 1 3726 3996 2814
2552 2 2 101 1 2875 4679 4445
2553 2 2 101 1 3936 4089 3932
2554 2 2 101 1 3683 3684 3631
2555 2 2 101 1 3680 5464 2349
2556 2 2 101 1 1955 3781 1953
2557 2 2 101 1 4169 4226 4225
2558 2 2 101 1 1066 1067 1065
2559 2 2 101 1 1443 4013 1445
2560 2 2 101 1 3580 3796 3579
2561 2 2 101 1 3938 3939 2893
2562 2 2 101 1 2466 2753 2271
2563 2 2 101 1 4519 5370 4676
2564 2 2 101 1 3930 3931 1036
2565 2 2 101 1 1029 4010 1021
2566 2 2 101 1 2119 3810 2738
2567 2 2 101 1 1421 4420 4156
2568 2 2 101 1 2266 3707 2584
2569 2 2 101 1 1631 3982 2371
2570 2 2 101 1 195 1925 1
2571 2 2 101 1 1412 3899 1849
2572 2 2 101 1 2797 3639 2347
2573 2 2 101 1 1944 4120 2791
2574 2 2 101 1 1528 3842 1859
2575 2 2 101 1 4892 4953 2221
2576 2 2 101 1 3984 3986 3441
2577 2 2 101 1 534 588 247
2578 2 2 101 1 330 3907 329
2579 2 2 101 1 1223 4138 4137
2580 2 2 101 1 3643 4181 495
2581 2 2 101 1 2826 3950 1135
2582 2 2 101 1 1113 3938 2893
2583 2 2 101 1 1395 4004 1397
2584 2 2 101 1 1880 5225 4069
2585 2 2 101 1 3296 3993 3294
2586 2 2 101 1 2035 4103 2466
2587 2 2 101 1 1499 4361 2655
2588 2 2 101 1 3849 3850 3848
2589 2 2 101 1 1760 2480 1758
2590 2 2 101 1 2623 4928 2828
2591 2 2 101 1 1429 4015 1431
2592 2 2 101 1 3178 5003 3302
2593 2 2 101 1 1442 4101 647
2594 2 2 101 1 4042 4043 4041
2595 2 2 101 1 3735 3736 3695
2596 2 2 101 1 2461 2509 2508
2597 2 2 101 1 1271 3961 1288
2598 2 2 101 1 2548 4080 3575
2599 2 2 101 1 653 3926 650
2600 2 2 101 1 1792 1797 1790
2601 2 2 101 1 3967 3968 471
2602 2 2 101 1 2541 4471 3832
2603 2 2 101 1 1028 3930 1036
2604 2 2 101 1 1483 3983 1485
2605 2 2 101 1 1123 3840 1106
2606 2 2 101 1 504 4025 4024
2607 2 2 101 1 689 3956 686
2608 2 2 101 1 1942 3731 1534
2609 2 2 101 1 3689 4255 3687
2610 2 2 101 1 3734 3735 3695
2611 2 2 101 1 2609 3927 2196
2612 2 2 101 1 537 3881 342
2613 2 2 101 1 535 3873 355
2614 2 2 101 1 536 3875 413
2615 2 2 101 1 356 3882 535
2616 2 2 101 1 401 3883 540
2617 2 2 101 1 3403 5433 511
2618 2 2 101 1 1922 1924 1923
2619 2 2 101 1 3429 5330 5139
2620 2 2 101 1 3912 3914 1566
2621 2 2 101 1 1071 3692 1068
2622 2 2 101 1 1946 1947 1945
2623 2 2 101 1 1310 1759 1758
2624 2 2 101 1 1042 4961 3542
2625 2 2 101 1 4000 4666 4659
2626 2 2 101 1 1948 1949 1947
2627 2 2 101 1 3799 3800 3737
2628 2 2 101 1 3521 3523 3520
2629 2 2 101 1 683 3830 680
2630 2 2 101 1 339 4110 4109
2631 2 2 101 1 3534 3535 3533
2632 2 2 101 1 2462 4203 3387
2633 2 2 101 1 1896 4014 2856
2634 2 2 101 1 3693 3734 3695
2635 2 2 101 1 3750 3752 863
2636 2 2 101 1 3480 4879 4123
2637 2 2 101 1 1883 4114 2381
2638 2 2 101 1 3799 3802 3801
2639 2 2 101 1 871 1232 868
2640 2 2 101 1 3824 3825 2928
2641 2 2 101 1 3066 3279 3278
2642 2 2 101 1 236 4105 235
2643 2 2 101 1 3880 4678 491
2644 2 2 101 1 3847 3848 1863
2645 2 2 101 1 1748 5387 3411
2646 2 2 101 1 673 3957 670
2647 2 2 101 1 4259 4260 4086
2648 2 2 101 1 667 3797 664
2649 2 2 101 1 1367 4080 1746
2650 2 2 101 1 966 3654 964
2651 2 2 101 1 3958 5234 980
2652 2 2 101 1 992 996 991
2653 2 2 101 1 1737 3888 1422
2654 2 2 101 1 1944 1945 1326
2655 2 2 101 1 2405 3361 3009
2656 2 2 101 1 3967 3974 3968
2657 2 2 101 1 3909 3910 2541
2658 2 2 101 1 5049 5153 1590
2659 2 2 101 1 2911 4697 3505
2660 2 2 101 1 880 881 879
2661 2 2 101 1 2010 3596 2443
2662 2 2 101 1 1356 1359 1358
2663 2 2 101 1 1951 4103 1949
2664 2 2 101 1 2509 2510 2508
2665 2 2 101 1 3802 3803 3801
2666 2 2 101 1 2584 3598 3399
2667 2 2 101 1 2372 3809 1633
2668 2 2 101 1 2642 3382 2760
2669 2 2 101 1 3767 3768 2826
2670 2 2 101 1 2761 4135 2503
2671 2 2 101 1 1717 1718 1715
2672 2 2 101 1 1566 3914 1493
2673 2 2 101 1 1067 1348 1321
2674 2 2 101 1 3579 3796 3581
2675 2 2 101 1 2846 3975 1641
2676 2 2 101 1 333 3903 542
2677 2 2 101 1 4027 4105 4028
2678 2 2 101 1 5121 5561 3354
2679 2 2 101 1 2502 2642 2503
2680 2 2 101 1 2790 3866 865
2681 2 2 101 1 539 3908 417
2682 2 2 101 1 1122 3652 1121
2683 2 2 101 1 2693 3417 2510
2684 2 2 101 1 3370 4632 4390
2685 2 2 101 1 3848 3851 1863
2686 2 2 101 1 4045 4047 477
2687 2 2 101 1 1443 1445 1444
2688 2 2 101 1 1853 2683 1852
2689 2 2 101 1 4060 4061 509
2690 2 2 101 1 1445 1447 1446
2691 2 2 101 1 597 598 596
2692 2 2 101 1 1121 1123 1106
2693 2 2 101 1 2347 2397 1900
2694 2 2 101 1 755 1134 753
2695 2 2 101 1 2738 3145 2328
2696 2 2 101 1 2342 4134 3690
2697 2 2 101 1 1713 1714 1711
2698 2 2 101 1 2466 3412 2753
2699 2 2 101 1 761 4120 1944
2700 2 2 101 1 1481 1483 1482
2701 2 2 101 1 1441 1443 1442
2702 2 2 101 1 3382 3384 2760
2703 2 2 101 1 3589 3592 3590
2704 2 2 101 1 3299 4191 1133
2705 2 2 101 1 2503 4135 1750
2706 2 2 101 1 997 999 996
2707 2 2 101 1 2642 2760 2503
2708 2 2 101 1 4182 4286 2608
2709 2 2 101 1 1479 1481 1480
2710 2 2 101 1 994 3701 3698
2711 2 2 101 1 3736 3738 3695
2712 2 2 101 1 1149 1150 1147
2713 2 2 101 1 1890 3838 2187
2714 2 2 101 1 1877 2272 2115
2715 2 2 101 1 3649 3915 2779
2716 2 2 101 1 3355 4283 1157
2717 2 2 101 1 2830 3742 3741
2718 2 2 101 1 1933 3604 1935
2719 2 2 101 1 1845 3644 2110
2720 2 2 101 1 2035 2466 2271
2721 2 2 101 1 1193 4259 4087
2722 2 2 101 1 1267 3953 1361
2723 2 2 101 1 1966 2037 1965
2724 2 2 101 1 1964 1965 1963
2725 2 2 101 1 958 989 950
2726 2 2 101 1 1962 1963 1961
2727 2 2 101 1 901 3685 899
2728 2 2 101 1 1920 1922 1921
2729 2 2 101 1 3404 5631 4609
2730 2 2 101 1 3616 3617 2092
2731 2 2 101 1 1814 4159 1439
2732 2 2 101 1 3266 3588 2433
2733 2 2 101 1 1477 1479 1478
2734 2 2 101 1 4028 4029 4026
2735 2 2 101 1 2905 2906 2693
2736 2 2 101 1 3322 4325 3324
2737 2 2 101 1 2620 4452 4267
2738 2 2 101 1 3187 3380 3039
2739 2 2 101 1 1688 4099 1831
2740 2 2 101 1 1985 1986 1984
2741 2 2 101 1 3675 3676 2273
2742 2 2 101 1 2507 3039 2459
2743 2 2 101 1 1910 3887 3886
2744 2 2 101 1 1447 1449 1446
2745 2 2 101 1 2695 4181 2696
2746 2 2 101 1 2753 3239 2754
2747 2 2 101 1 2087 2329 1816
2748 2 2 101 1 2505 3898 1350
2749 2 2 101 1 3041 3042 2490
2750 2 2 101 1 1960 1961 1330
2751 2 2 101 1 1445 1446 1444
2752 2 2 101 1 1944 1946 1945
2753 2 2 101 1 1879 4012 2341
2754 2 2 101 1 4017 4416 4016
2755 2 2 101 1 3688 3689 3687
2756 2 2 101 1 475 4021 4020
2757 2 2 101 1 1307 3997 1302
2758 2 2 101 1 3713 3715 3712
2759 2 2 101 1 541 3944 390
2760 2 2 101 1 1084 4107 1083
2761 2 2 101 1 1960 4145 2800
2762 2 2 101 1 2266 2583 2582
2763 2 2 101 1 1443 1444 1442
2764 2 2 101 1 2189 3826 3018
2765 2 2 101 1 2534 3299 1133
2766 2 2 101 1 1431 1433 1432
2767 2 2 101 1 2259 4001 2310
2768 2 2 101 1 1821 1823 1794
2769 2 2 101 1 1429 1431 1430
2770 2 2 101 1 1946 1948 1947
2771 2 2 101 1 1143 1315 1141
2772 2 2 101 1 2342 3687 2309
2773 2 2 101 1 1983 1984 1982
2774 2 2 101 1 2525 3560 1331
2775 2 2 101 1 1736 3819 1324
2776 2 2 101 1 958 990 989
2777 2 2 101 1 3019 3519 3166
2778 2 2 101 1 2732 3019 2733
2779 2 2 101 1 1397 1399 1398
2780 2 2 101 1 2855 3200 2585
2781 2 2 101 1 1304 4418 1593
2782 2 2 101 1 1395 1397 1396
2783 2 2 101 1 2841 2911 2327
2784 2 2 101 1 1806 4594 1619
2785 2 2 101 1 1359 1707 1706
2786 2 2 101 1 1070 1071 1068
2787 2 2 101 1 2893 4470 3960
2788 2 2 101 1 2176 4102 2296
2789 2 2 101 1 2502 2503 1750
2790 2 2 101 1 1743 3615 1912
2791 2 2 101 1 2506 2732 2731
2792 2 2 101 1 1948 1951 1949
2793 2 2 101 1 2396 2490 2215
2794 2 2 101 1 1427 1429 1428
2795 2 2 101 1 2508 4252 3632
2796 2 2 101 1 1356 1358 1355
2797 2 2 101 1 1479 1480 1478
2798 2 2 101 1 1025 3871 1023
2799 2 2 101 1 2858 3586 3266
2800 2 2 101 1 1449 2502 1750
2801 2 2 101 1 2542 3226 1334
2802 2 2 101 1 761 1326 759
2803 2 2 101 1 1953 2307 1951
2804 2 2 101 1 1393 1395 1394
2805 2 2 101 1 1000 1001 999
2806 2 2 101 1 1749 3668 1911
2807 2 2 101 1 1051 3651 936
2808 2 2 101 1 481 3947 419
2809 2 2 101 1 1481 1482 1480
2810 2 2 101 1 3310 3312 3311
2811 2 2 101 1 3408 5039 3116
2812 2 2 101 1 761 1944 1326
2813 2 2 101 1 3178 5368 5003
2814 2 2 101 1 4814 5562 3230
2815 2 2 101 1 1477 1478 699
2816 2 2 101 1 3713 4157 3717
2817 2 2 101 1 1160 3652 1122
2818 2 2 101 1 1483 1485 1482
2819 2 2 101 1 1233 1306 1232
2820 2 2 101 1 3304 3305 2566
2821 2 2 101 1 1981 1982 1335
2822 2 2 101 1 1001 3812 1007
2823 2 2 101 1 2201 2202 2013
2824 2 2 101 1 936 3651 934
2825 2 2 101 1 3699 3700 1325
2826 2 2 101 1 3809 4289 1637
2827 2 2 101 1 3565 4982 4938
2828 2 2 101 1 3501 4289 3809
2829 2 2 101 1 2035 2271 2036
2830 2 2 101 1 1761 1763 1762
2831 2 2 101 1 2507 4174 3513
2832 2 2 101 1 3320 3613 3325
2833 2 2 101 1 1989 4134 2342
2834 2 2 101 1 2539 4119 3578
2835 2 2 101 1 2272 2721 2115
2836 2 2 101 1 290 4092 503
2837 2 2 101 1 4207 5494 2786
2838 2 2 101 1 1485 1877 1567
2839 2 2 101 1 1348 2505 1350
2840 2 2 101 1 769 1135 767
2841 2 2 101 1 2119 2328 1955
2842 2 2 101 1 2013 3616 1810
2843 2 2 101 1 1064 1065 1062
2844 2 2 101 1 1002 1005 1001
2845 2 2 101 1 1988 4134 1986
2846 2 2 101 1 3154 4077 3484
2847 2 2 101 1 747 1920 1161
2848 2 2 101 1 1174 4079 1156
2849 2 2 101 1 2056 3909 2541
2850 2 2 101 1 3875 3880 491
2851 2 2 101 1 1433 1435 1432
2852 2 2 101 1 4184 4442 1676
2853 2 2 101 1 1800 2215 1799
2854 2 2 101 1 1431 1432 1430
2855 2 2 101 1 1877 2115 1567
2856 2 2 101 1 990 992 991
2857 2 2 101 1 1845 2110 1691
2858 2 2 101 1 2341 3913 3912
2859 2 2 101 1 4194 4352 251
2860 2 2 101 1 1534 3731 1532
2861 2 2 101 1 2017 4067 3658
2862 2 2 101 1 2005 3355 1157
2863 2 2 101 1 1441 1442 647
2864 2 2 101 1 1812 3679 2382
2865 2 2 101 1 1429 1430 1428
2866 2 2 101 1 705 3942 702
2867 2 2 101 1 3751 3752 3750
2868 2 2 101 1 547 3966 421
2869 2 2 101 1 882 883 881
2870 2 2 101 1 338 4109 514
2871 2 2 101 1 3503 5455 689
2872 2 2 101 1 3281 3282 3280
2873 2 2 101 1 4072 4073 4071
2874 2 2 101 1 1953 3781 2307
2875 2 2 101 1 2116 3984 2117
2876 2 2 101 1 478 4049 4048
2877 2 2 101 1 1131 4082 1172
2878 2 2 101 1 1101 4152 2030
2879 2 2 101 1 1390 1392 1391
2880 2 2 101 1 2266 2582 2088
2881 2 2 101 1 2011 2267 2010
2882 2 2 101 1 446 3547 3486
2883 2 2 101 1 4654 4704 3479
2884 2 2 101 1 3617 3622 3619
2885 2 2 101 1 1985 1988 1986
2886 2 2 101 1 2488 2580 2170
2887 2 2 101 1 3019 3166 2733
2888 2 2 101 1 909 910 907
2889 2 2 101 1 396 4108 515
2890 2 2 101 1 327 3967 471
2891 2 2 101 1 2732 2733 2731
2892 2 2 101 1 2282 2602 2283
2893 2 2 101 1 769 2826 1135
2894 2 2 101 1 3798 3799 3737
2895 2 2 101 1 453 3978 423
2896 2 2 101 1 452 3976 365
2897 2 2 101 1 1399 1401 1398
2898 2 2 101 1 1397 1398 1396
2899 2 2 101 1 2942 3648 2488
2900 2 2 101 1 3359 5304 2346
2901 2 2 101 1 1435 1885 1437
2902 2 2 101 1 1699 1816 1344
2903 2 2 101 1 468 5447 3412
2904 2 2 101 1 1529 1852 709
2905 2 2 101 1 2830 3741 2272
2906 2 2 101 1 3676 3678 3677
2907 2 2 101 1 1784 1786 1785
2908 2 2 101 1 1752 2266 2088
2909 2 2 101 1 1395 1396 1394
2910 2 2 101 1 2342 3688 3687
2911 2 2 101 1 2008 2010 1940
2912 2 2 101 1 2382 3164 2454
2913 2 2 101 1 2119 2738 2328
2914 2 2 101 1 1960 1962 1961
2915 2 2 101 1 3303 3304 2566
2916 2 2 101 1 1962 1964 1963
2917 2 2 101 1 1975 2407 1973
2918 2 2 101 1 3870 3871 1025
2919 2 2 101 1 1021 4010 1019
2920 2 2 101 1 1994 2282 1995
2921 2 2 101 1 2030 3916 1017
2922 2 2 101 1 3482 5459 1718
2923 2 2 101 1 1406 4291 1408
2924 2 2 101 1 1802 2361 2359
2925 2 2 101 1 1964 1966 1965
2926 2 2 101 1 775 1330 773
2927 2 2 101 1 1068 3692 1067
2928 2 2 101 1 2359 3755 2405
2929 2 2 101 1 512 3884 3883
2930 2 2 101 1 2511 2512 2267
2931 2 2 101 1 618 3708 615
2932 2 2 101 1 783 1133 781
2933 2 2 101 1 4040 4042 4041
2934 2 2 101 1 2209 2304 2207
2935 2 2 101 1 1977 3712 1975
2936 2 2 101 1 1983 1985 1984
2937 2 2 101 1 775 4145 1960
2938 2 2 101 1 1731 1799 1730
2939 2 2 101 1 1401 2506 1511
2940 2 2 101 1 2121 2273 1998
2941 2 2 101 1 3728 3732 3731
2942 2 2 101 1 2898 5257 3180
2943 2 2 101 1 2507 3187 3039
2944 2 2 101 1 3145 3341 3146
2945 2 2 101 1 4156 4420 2630
2946 2 2 101 1 2205 2375 2203
2947 2 2 101 1 747 1161 745
2948 2 2 101 1 634 1390 633
2949 2 2 101 1 1278 4083 1625
2950 2 2 101 1 2232 3720 2230
2951 2 2 101 1 2506 2731 1511
2952 2 2 101 1 825 4009 822
2953 2 2 101 1 552 3979 294
2954 2 2 101 1 223 3980 551
2955 2 2 101 1 2230 2473 2228
2956 2 2 101 1 3785 3786 1815
2957 2 2 101 1 813 1335 811
2958 2 2 101 1 1006 1008 1005
2959 2 2 101 1 3398 3402 2583
2960 2 2 101 1 2382 3679 3164
2961 2 2 101 1 789 1331 787
2962 2 2 101 1 2238 2585 2236
2963 2 2 101 1 492 4112 4110
2964 2 2 101 1 2244 2327 2242
2965 2 2 101 1 3713 3716 3715
2966 2 2 101 1 795 1332 793
2967 2 2 101 1 1309 4078 1251
2968 2 2 101 1 801 1333 799
2969 2 2 101 1 807 1334 805
2970 2 2 101 1 3489 5200 394
2971 2 2 101 1 2460 2461 1924
2972 2 2 101 1 597 599 598
2973 2 2 101 1 1067 1321 1065
2974 2 2 101 1 922 3807 3805
2975 2 2 101 1 3985 3987 3986
2976 2 2 101 1 2542 3498 3226
2977 2 2 101 1 1981 4177 2810
2978 2 2 101 1 3696 3743 1336
2979 2 2 101 1 3511 3559 661
2980 2 2 101 1 775 1960 1330
2981 2 2 101 1 4078 4079 1240
2982 2 2 101 1 1860 3847 1863
2983 2 2 101 1 746 747 745
2984 2 2 101 1 1900 3757 1616
2985 2 2 101 1 1236 4394 4136
2986 2 2 101 1 1074 1075 1072
2987 2 2 101 1 2041 2280 2043
2988 2 2 101 1 1634 3809 1637
2989 2 2 101 1 1767 1768 1766
2990 2 2 101 1 1922 1923 1921
2991 2 2 101 1 3002 3673 2470
2992 2 2 101 1 2470 2519 2093
2993 2 2 101 1 2249 2279 1814
2994 2 2 101 1 472 4072 4070
2995 2 2 101 1 3735 3798 3737
2996 2 2 101 1 783 2534 1133
2997 2 2 101 1 551 3992 222
2998 2 2 101 1 2858 3266 2433
2999 2 2 101 1 1427 1428 667
3000 2 2 101 1 2426 3353 3352
3001 2 2 101 1 1858 4711 4266
3002 2 2 101 1 1977 4157 3713
3003 2 2 101 1 4051 4052 507
3004 2 2 101 1 1977 3713 3712
3005 2 2 101 1 3954 3955 1361
3006 2 2 101 1 2244 2841 2327
3007 2 2 101 1 795 2524 1332
3008 2 2 101 1 4089 4198 1034
3009 2 2 101 1 903 1052 901
3010 2 2 101 1 1350 1351 1349
3011 2 2 101 1 3695 3738 3694
3012 2 2 101 1 789 2525 1331
3013 2 2 101 1 3617 3619 3618
3014 2 2 101 1 807 2542 1334
3015 2 2 101 1 1981 1983 1982
3016 2 2 101 1 2238 2855 2585
3017 2 2 101 1 2037 2507 2459
3018 2 2 101 1 504 4026 4025
3019 2 2 101 1 1729 1730 1727
3020 2 2 101 1 2037 2459 2395
3021 2 2 101 1 1749 1911 1603
3022 2 2 101 1 2683 3255 2777
3023 2 2 101 1 2590 2933 2286
3024 2 2 101 1 2933 4810 3675
3025 2 2 101 1 4056 4354 4223
3026 2 2 101 1 2461 2508 1924
3027 2 2 101 1 506 4094 4093
3028 2 2 101 1 1989 2342 2309
3029 2 2 101 1 1322 4270 4091
3030 2 2 101 1 964 1341 961
3031 2 2 101 1 1393 1394 683
3032 2 2 101 1 1665 4286 4182
3033 2 2 101 1 2037 4174 2507
3034 2 2 101 1 1927 1958 1929
3035 2 2 101 1 2033 3790 2198
3036 2 2 101 1 1802 2359 1801
3037 2 2 101 1 2330 3962 2669
3038 2 2 101 1 1153 3780 1149
3039 2 2 101 1 729 3696 727
3040 2 2 101 1 2894 5289 5207
3041 2 2 101 1 3604 3606 1935
3042 2 2 101 1 3065 3066 2991
3043 2 2 101 1 1810 2092 1808
3044 2 2 101 1 3468 5512 1714
3045 2 2 101 1 3052 4142 594
3046 2 2 101 1 1106 3840 1095
3047 2 2 101 1 1392 3758 3251
3048 2 2 101 1 1155 4204 1173
3049 2 2 101 1 994 3698 984
3050 2 2 101 1 3918 3919 2077
3051 2 2 101 1 3000 4656 4295
3052 2 2 101 1 2656 3267 3192
3053 2 2 101 1 1529 1853 1852
3054 2 2 101 1 4028 4030 4029
3055 2 2 101 1 1919 2297 1968
3056 2 2 101 1 3919 3921 3920
3057 2 2 101 1 1035 4199 933
3058 2 2 101 1 3361 3481 3009
3059 2 2 101 1 1568 4330 1346
3060 2 2 101 1 456 5492 5336
3061 2 2 101 1 2007 4016 1884
3062 2 2 101 1 1135 3760 3759
3063 2 2 101 1 856 4082 1131
3064 2 2 101 1 3921 3924 3922
3065 2 2 101 1 3584 4450 613
3066 2 2 101 1 1994 2467 2282
3067 2 2 101 1 1721 1722 1719
3068 2 2 101 1 1013 3808 1011
3069 2 2 101 1 3922 5028 2281
3070 2 2 101 1 3271 3824 2042
3071 2 2 101 1 1986 1989 1987
3072 2 2 101 1 4183 4442 4184
3073 2 2 101 1 1343 1699 1344
3074 2 2 101 1 4629 4874 3031
3075 2 2 101 1 1625 1802 1801
3076 2 2 101 1 813 1981 1335
3077 2 2 101 1 968 1179 966
3078 2 2 101 1 1725 1726 1723
3079 2 2 101 1 869 871 868
3080 2 2 101 1 930 2332 1337
3081 2 2 101 1 1242 4204 3792
3082 2 2 101 1 1824 2348 1823
3083 2 2 101 1 1901 2347 1900
3084 2 2 101 1 2599 3635 2597
3085 2 2 101 1 2783 2830 2272
3086 2 2 101 1 2010 2443 1940
3087 2 2 101 1 813 4177 1981
3088 2 2 101 1 2198 2892 2792
3089 2 2 101 1 993 994 984
3090 2 2 101 1 3876 3880 3875
3091 2 2 101 1 4070 4072 4071
3092 2 2 101 1 2352 2898 2390
3093 2 2 101 1 2009 3464 4
3094 2 2 101 1 2911 3505 3504
3095 2 2 101 1 5259 5284 3562
3096 2 2 101 1 3900 5179 4783
3097 2 2 101 1 1920 1921 1161
3098 2 2 101 1 5349 5532 1083
3099 2 2 101 1 536 3877 3876
3100 2 2 101 1 1027 3930 1028
3101 2 2 101 1 821 1157 819
3102 2 2 101 1 543 3990 303
3103 2 2 101 1 214 3991 544
3104 2 2 101 1 2540 3783 2581
3105 2 2 101 1 3070 3071 3069
3106 2 2 101 1 1641 3975 1642
3107 2 2 101 1 2656 3192 2361
3108 2 2 101 1 1931 2222 1933
3109 2 2 101 1 997 1000 999
3110 2 2 101 1 3931 3932 1036
3111 2 2 101 1 2936 3502 2935
3112 2 2 101 1 1989 2309 1990
3113 2 2 101 1 1912 2523 2274
3114 2 2 101 1 1251 4078 1240
3115 2 2 101 1 3783 4445 851
3116 2 2 101 1 992 997 996
3117 2 2 101 1 4094 4096 4095
3118 2 2 101 1 2042 3824 2041
3119 2 2 101 1 2309 2727 2726
3120 2 2 101 1 2522 3941 3068
3121 2 2 101 1 1417 3899 1414
3122 2 2 101 1 3842 4501 3844
3123 2 2 101 1 1448 1691 1447
3124 2 2 101 1 2727 3134 3133
3125 2 2 101 1 2341 3912 1608
3126 2 2 101 1 597 4143 601
3127 2 2 101 1 2296 2504 2444
3128 2 2 101 1 3151 4077 3154
3129 2 2 101 1 4958 5061 3040
3130 2 2 101 1 648 1441 647
3131 2 2 101 1 1706 3785 1358
3132 2 2 101 1 1654 4067 2017
3133 2 2 101 1 1949 2035 1950
3134 2 2 101 1 2513 2514 1959
3135 2 2 101 1 2280 2908 2430
3136 2 2 101 1 4294 4653 2112
3137 2 2 101 1 2116 4062 3985
3138 2 2 101 1 2514 2929 1959
3139 2 2 101 1 4149 4828 4643
3140 2 2 101 1 2898 3180 2390
3141 2 2 101 1 1816 2193 1344
3142 2 2 101 1 2175 4102 2176
3143 2 2 101 1 3358 5572 5371
3144 2 2 101 1 2201 2203 2202
3145 2 2 101 1 935 936 934
3146 2 2 101 1 1545 3999 1543
3147 2 2 101 1 1321 4249 1065
3148 2 2 101 1 3709 3789 3710
3149 2 2 101 1 1358 3785 1815
3150 2 2 101 1 1400 1603 1399
3151 2 2 101 1 1489 3792 2033
3152 2 2 101 1 1692 1845 1691
3153 2 2 101 1 2070 2305 2071
3154 2 2 101 1 3512 5431 673
3155 2 2 101 1 1040 1048 1032
3156 2 2 101 1 930 1337 928
3157 2 2 101 1 2026 4085 4084
3158 2 2 101 1 2181 4154 2808
3159 2 2 101 1 2863 3777 2514
3160 2 2 101 1 1278 1625 1624
3161 2 2 101 1 3312 3314 3313
3162 2 2 101 1 1811 1959 1812
3163 2 2 101 1 1310 1743 1306
3164 2 2 101 1 2584 3398 2583
3165 2 2 101 1 1104 3940 3938
3166 2 2 101 1 1056 1058 1057
3167 2 2 101 1 1434 1439 1433
3168 2 2 101 1 1608 3912 1566
3169 2 2 101 1 2109 4537 3046
3170 2 2 101 1 731 863 729
3171 2 2 101 1 2844 3002 2470
3172 2 2 101 1 3481 4985 106
3173 2 2 101 1 2532 3557 2895
3174 2 2 101 1 1595 1918 1253
3175 2 2 101 1 4659 4666 4079
3176 2 2 101 1 595 597 596
3177 2 2 101 1 2492 3147 1392
3178 2 2 101 1 1846 2170 1845
3179 2 2 101 1 964 3654 1341
3180 2 2 101 1 1617 1900 1616
3181 2 2 101 1 1390 3894 2492
3182 2 2 101 1 2376 2470 2093
3183 2 2 101 1 699 3998 696
3184 2 2 101 1 899 1371 897
3185 2 2 101 1 3181 5365 3027
3186 2 2 101 1 1619 2188 1599
3187 2 2 101 1 4165 4172 4170
3188 2 2 101 1 1828 2644 2189
3189 2 2 101 1 1090 1091 1088
3190 2 2 101 1 595 596 594
3191 2 2 101 1 3710 5031 621
3192 2 2 101 1 2290 2488 2170
3193 2 2 101 1 2593 2875 2540
3194 2 2 101 1 1086 1087 1084
3195 2 2 101 1 594 4142 591
3196 2 2 101 1 1094 1095 1092
3197 2 2 101 1 4281 5292 3849
3198 2 2 101 1 1914 2093 1749
3199 2 2 101 1 1000 1002 1001
3200 2 2 101 1 2690 2942 2488
3201 2 2 101 1 2027 4106 1559
3202 2 2 101 1 2077 3920 2078
3203 2 2 101 1 1440 1814 1439
3204 2 2 101 1 1078 1079 1076
3205 2 2 101 1 632 633 630
3206 2 2 101 1 684 1393 683
3207 2 2 101 1 1018 1019 1016
3208 2 2 101 1 593 595 594
3209 2 2 101 1 1350 3898 1352
3210 2 2 101 1 1316 1828 1605
3211 2 2 101 1 4002 4003 4001
3212 2 2 101 1 1898 2249 1814
3213 2 2 101 1 2256 2433 2249
3214 2 2 101 1 2518 2540 2305
3215 2 2 101 1 678 3516 677
3216 2 2 101 1 1604 1749 1603
3217 2 2 101 1 3939 4631 2451
3218 2 2 101 1 938 1051 936
3219 2 2 101 1 752 753 751
3220 2 2 101 1 2434 2858 2433
3221 2 2 101 1 3555 3556 2942
3222 2 2 101 1 662 3511 661
3223 2 2 101 1 744 745 743
3224 2 2 101 1 1082 1083 1080
3225 2 2 101 1 2332 3137 2522
3226 2 2 101 1 3867 4143 3866
3227 2 2 101 1 668 1427 667
3228 2 2 101 1 504 4024 233
3229 2 2 101 1 1056 1057 1050
3230 2 2 101 1 1923 3632 1927
3231 2 2 101 1 218 4121 545
3232 2 2 101 1 4935 5108 583
3233 2 2 101 1 472 4070 268
3234 2 2 101 1 473 4075 384
3235 2 2 101 1 2565 2566 2211
3236 2 2 101 1 1828 2189 1605
3237 2 2 101 1 570 5364 3715
3238 2 2 101 1 1001 1007 999
3239 2 2 101 1 2609 4511 4288
3240 2 2 101 1 2282 4279 2602
3241 2 2 101 1 3833 3834 602
3242 2 2 101 1 595 4143 597
3243 2 2 101 1 2619 4291 1406
3244 2 2 101 1 237 4039 482
3245 2 2 101 1 4058 4354 4056
3246 2 2 101 1 505 4038 239
3247 2 2 101 1 2567 4130 2318
3248 2 2 101 1 1015 1016 1013
3249 2 2 101 1 3979 5492 456
3250 2 2 101 1 297 3946 440
3251 2 2 101 1 1136 4797 4777
3252 2 2 101 1 1403 4154 2181
3253 2 2 101 1 3709 3710 3708
3254 2 2 101 1 189 2865 870
3255 2 2 101 1 2644 3826 2189
3256 2 2 101 1 1726 5194 4088
3257 2 2 101 1 727 1336 725
3258 2 2 101 1 3256 4705 2607
3259 2 2 101 1 620 2795 618
3260 2 2 101 1 1569 2041 1568
3261 2 2 101 1 1929 3585 1931
3262 2 2 101 1 1912 3615 2523
3263 2 2 101 1 1937 1994 1993
3264 2 2 101 1 615 621 612
3265 2 2 101 1 2263 4505 2925
3266 2 2 101 1 1484 1616 1483
3267 2 2 101 1 2117 3984 2591
3268 2 2 101 1 876 877 874
3269 2 2 101 1 2705 2935 2599
3270 2 2 101 1 2064 2076 2065
3271 2 2 101 1 1002 1006 1005
3272 2 2 101 1 1327 4137 3238
3273 2 2 101 1 1011 1329 1009
3274 2 2 101 1 5006 5452 3274
3275 2 2 101 1 922 3805 919
3276 2 2 101 1 2935 3635 2599
3277 2 2 101 1 3294 3993 3373
3278 2 2 101 1 937 938 936
3279 2 2 101 1 1854 5173 3442
3280 2 2 101 1 3904 3906 3905
3281 2 2 101 1 1810 3616 2092
3282 2 2 101 1 325 4193 554
3283 2 2 101 1 638 639 636
3284 2 2 101 1 1998 3895 1988
3285 2 2 101 1 4017 4797 4772
3286 2 2 101 1 2820 3459 3458
3287 2 2 101 1 759 3831 756
3288 2 2 101 1 608 613 606
3289 2 2 101 1 2026 4084 1203
3290 2 2 101 1 4180 4913 3987
3291 2 2 101 1 3245 3246 2445
3292 2 2 101 1 2968 3667 3022
3293 2 2 101 1 1475 4479 2049
3294 2 2 101 1 754 755 753
3295 2 2 101 1 919 3805 917
3296 2 2 101 1 1935 3606 1937
3297 2 2 101 1 773 3691 770
3298 2 2 101 1 2332 2522 1337
3299 2 2 101 1 3919 3923 3921
3300 2 2 101 1 1020 1021 1019
3301 2 2 101 1 3051 4959 3974
3302 2 2 101 1 1973 4174 1966
3303 2 2 101 1 4005 4007 3935
3304 2 2 101 1 3736 4781 3738
3305 2 2 101 1 2071 3918 2073
3306 2 2 101 1 939 940 938
3307 2 2 101 1 2397 3757 1900
3308 2 2 101 1 3190 4002 4001
3309 2 2 101 1 1769 1770 1768
3310 2 2 101 1 4984 5066 3780
3311 2 2 101 1 3747 4117 3748
3312 2 2 101 1 700 1477 699
3313 2 2 101 1 1390 1391 633
3314 2 2 101 1 793 3711 790
3315 2 2 101 1 2363 2797 2347
3316 2 2 101 1 2078 2281 2080
3317 2 2 101 1 884 885 883
3318 2 2 101 1 1939 1940 1736
3319 2 2 101 1 3944 3945 485
3320 2 2 101 1 821 2005 1157
3321 2 2 101 1 1709 1711 1710
3322 2 2 101 1 2981 4540 4485
3323 2 2 101 1 2319 2487 2320
3324 2 2 101 1 4267 4452 1804
3325 2 2 101 1 1004 3959 998
3326 2 2 101 1 799 3706 796
3327 2 2 101 1 2728 3262 2729
3328 2 2 101 1 3669 3672 3671
3329 2 2 101 1 1357 4299 2595
3330 2 2 101 1 1006 1009 1008
3331 2 2 101 1 2855 5027 3200
3332 2 2 101 1 2513 4069 2863
3333 2 2 101 1 275 3761 478
3334 2 2 101 1 1015 1018 1016
3335 2 2 101 1 2285 4585 3862
3336 2 2 101 1 628 629 626
3337 2 2 101 1 4434 4580 2173
3338 2 2 101 1 1126 3960 1164
3339 2 2 101 1 1896 2856 1627
3340 2 2 101 1 767 3759 765
3341 2 2 101 1 984 3698 982
3342 2 2 101 1 805 3765 802
3343 2 2 101 1 781 3766 779
3344 2 2 101 1 3267 3925 3192
3345 2 2 101 1 2641 5274 3945
3346 2 2 101 1 2591 3984 3441
3347 2 2 101 1 475 4020 230
3348 2 2 101 1 2041 2043 1568
3349 2 2 101 1 3137 3941 2522
3350 2 2 101 1 1273 3961 1271
3351 2 2 101 1 3591 3592 3589
3352 2 2 101 1 593 594 591
3353 2 2 101 1 2049 3772 2672
3354 2 2 101 1 982 1325 979
3355 2 2 101 1 933 4199 935
3356 2 2 101 1 642 643 640
3357 2 2 101 1 2185 3999 1545
3358 2 2 101 1 3528 4984 2193
3359 2 2 101 1 244 4046 4045
3360 2 2 101 1 3931 3933 3932
3361 2 2 101 1 2696 4181 3643
3362 2 2 101 1 2611 3994 3411
3363 2 2 101 1 2452 5236 5206
3364 2 2 101 1 549 3974 3967
3365 2 2 101 1 2280 2430 2043
3366 2 2 101 1 748 3608 747
3367 2 2 101 1 3884 3885 3883
3368 2 2 101 1 1240 4079 1174
3369 2 2 101 1 3969 4193 471
3370 2 2 101 1 1648 4146 4067
3371 2 2 101 1 727 3696 1336
3372 2 2 101 1 1811 2513 1959
3373 2 2 101 1 1220 4137 1327
3374 2 2 101 1 4239 5533 2381
3375 2 2 101 1 2033 3792 3790
3376 2 2 101 1 1346 3961 1273
3377 2 2 101 1 3314 3316 3315
3378 2 2 101 1 2058 3832 2060
3379 2 2 101 1 2591 3441 3211
3380 2 2 101 1 2176 2296 2178
3381 2 2 101 1 1223 4137 1217
3382 2 2 101 1 590 591 589
3383 2 2 101 1 934 3949 931
3384 2 2 101 1 2121 3675 2273
3385 2 2 101 1 2362 2656 2361
3386 2 2 101 1 2834 3999 2185
3387 2 2 101 1 3923 4583 3921
3388 2 2 101 1 3541 3637 3426
3389 2 2 101 1 3087 5417 3719
3390 2 2 101 1 646 647 644
3391 2 2 101 1 1018 1020 1019
3392 2 2 101 1 2405 3009 2406
3393 2 2 101 1 1254 1595 1253
3394 2 2 101 1 3836 4956 4769
3395 2 2 101 1 1597 3510 1538
3396 2 2 101 1 4082 4530 3909
3397 2 2 101 1 1027 1028 1021
3398 2 2 101 1 1325 3702 979
3399 2 2 101 1 2597 4478 1700
3400 2 2 101 1 2067 2070 2069
3401 2 2 101 1 2908 3823 2430
3402 2 2 101 1 2084 2175 2174
3403 2 2 101 1 1490 4160 1492
3404 2 2 101 1 3985 3986 3984
3405 2 2 101 1 1441 3926 2533
3406 2 2 101 1 2430 3823 2494
3407 2 2 101 1 944 1042 942
3408 2 2 101 1 4260 5142 4086
3409 2 2 101 1 2251 2339 1991
3410 2 2 101 1 2694 4796 3844
3411 2 2 101 1 615 3708 621
3412 2 2 101 1 2073 2077 2075
3413 2 2 101 1 478 4048 274
3414 2 2 101 1 3190 4001 2432
3415 2 2 101 1 2288 3994 2611
3416 2 2 101 1 1868 4066 1871
3417 2 2 101 1 1352 3898 1356
3418 2 2 101 1 4020 4022 229
3419 2 2 101 1 1098 3938 1113
3420 2 2 101 1 2498 3896 2549
3421 2 2 101 1 1348 1349 1321
3422 2 2 101 1 1592 4264 1305
3423 2 2 101 1 1256 3886 1254
3424 2 2 101 1 3056 5073 4133
3425 2 2 101 1 1322 4091 1260
3426 2 2 101 1 3283 3284 3282
3427 2 2 101 1 3676 3677 2273
3428 2 2 101 1 4062 4180 3985
3429 2 2 101 1 2167 2532 2257
3430 2 2 101 1 961 3773 957
3431 2 2 101 1 1918 4620 3653
3432 2 2 101 1 424 4126 453
3433 2 2 101 1 1032 3870 1025
3434 2 2 101 1 4127 4129 4128
3435 2 2 101 1 692 693 690
3436 2 2 101 1 2060 2064 2063
3437 2 2 101 1 3043 3300 2621
3438 2 2 101 1 1037 3959 1004
3439 2 2 101 1 734 3750 731
3440 2 2 101 1 1020 1027 1021
3441 2 2 101 1 4225 4245 4169
3442 2 2 101 1 1867 4066 1868
3443 2 2 101 1 531 4723 3650
3444 2 2 101 1 2737 4249 1321
3445 2 2 101 1 2532 4980 3564
3446 2 2 101 1 2073 3918 2077
3447 2 2 101 1 4052 4054 4053
3448 2 2 101 1 2317 2319 2318
3449 2 2 101 1 819 3817 817
3450 2 2 101 1 2141 3614 1730
3451 2 2 101 1 2359 2405 2360
3452 2 2 101 1 827 3917 825
3453 2 2 101 1 4323 4631 3483
3454 2 2 101 1 656 657 654
3455 2 2 101 1 3589 3590 2279
3456 2 2 101 1 3917 4009 825
3457 2 2 101 1 3846 4281 3849
3458 2 2 101 1 3154 3156 3155
3459 2 2 101 1 1135 3950 3760
3460 2 2 101 1 911 1110 910
3461 2 2 101 1 652 653 650
3462 2 2 101 1 3257 5051 3191
3463 2 2 101 1 2892 3244 2792
3464 2 2 101 1 3933 3934 3932
3465 2 2 101 1 3737 4019 3736
3466 2 2 101 1 688 689 686
3467 2 2 101 1 676 677 674
3468 2 2 101 1 1524 3842 1528
3469 2 2 101 1 750 751 748
3470 2 2 101 1 2225 2264 2076
3471 2 2 101 1 933 934 931
3472 2 2 101 1 1528 1859 1851
3473 2 2 101 1 660 661 658
3474 2 2 101 1 2548 3043 2621
3475 2 2 101 1 1859 3847 1860
3476 2 2 101 1 682 683 680
3477 2 2 101 1 4053 4223 507
3478 2 2 101 1 2539 2986 2366
3479 2 2 101 1 760 761 759
3480 2 2 101 1 4485 4540 1200
3481 2 2 101 1 2928 3268 2908
3482 2 2 101 1 600 1316 1178
3483 2 2 101 1 2875 3783 2540
3484 2 2 101 1 1011 3808 1329
3485 2 2 101 1 3536 3537 3535
3486 2 2 101 1 917 1380 913
3487 2 2 101 1 3308 3309 3307
3488 2 2 101 1 1860 1863 1862
3489 2 2 101 1 666 667 664
3490 2 2 101 1 231 475 230
3491 2 2 101 1 234 504 233
3492 2 2 101 1 275 478 274
3493 2 2 101 1 281 483 280
3494 2 2 101 1 287 476 286
3495 2 2 101 1 284 509 283
3496 2 2 101 1 278 508 277
3497 2 2 101 1 240 505 239
3498 2 2 101 1 243 477 242
3499 2 2 101 1 237 482 236
3500 2 2 101 1 672 673 670
3501 2 2 101 1 5072 5133 2932
3502 2 2 101 1 1449 1750 1450
3503 2 2 101 1 1616 3983 1483
3504 2 2 101 1 2314 4016 2007
3505 2 2 101 1 2286 3675 2121
3506 2 2 101 1 4127 4128 4126
3507 2 2 101 1 1036 4089 1030
3508 2 2 101 1 3560 5601 5557
3509 2 2 101 1 1390 2492 1392
3510 2 2 101 1 1922 2460 1924
3511 2 2 101 1 2047 3930 1027
3512 2 2 101 1 246 588 502
3513 2 2 101 1 3262 4754 3263
3514 2 2 101 1 1931 3585 2222
3515 2 2 101 1 929 930 928
3516 2 2 101 1 3645 3647 3644
3517 2 2 101 1 886 887 885
3518 2 2 101 1 1435 1437 1436
3519 2 2 101 1 3425 3426 3139
3520 2 2 101 1 2261 2416 1757
3521 2 2 101 1 4123 4818 3480
3522 2 2 101 1 2438 2820 2264
3523 2 2 101 1 3465 3466 3412
3524 2 2 101 1 1485 1567 1486
3525 2 2 101 1 2548 2621 2547
3526 2 2 101 1 3138 3139 3137
3527 2 2 101 1 1142 1143 1141
3528 2 2 101 1 2056 2541 2058
3529 2 2 101 1 1327 1328 1243
3530 2 2 101 1 1819 4178 1572
3531 2 2 101 1 1163 3917 827
3532 2 2 101 1 1864 1867 1866
3533 2 2 101 1 830 1163 827
3534 2 2 101 1 1910 3886 1256
3535 2 2 101 1 592 593 591
3536 2 2 101 1 1393 3956 2536
3537 2 2 101 1 1392 3251 1391
3538 2 2 101 1 2315 2317 2316
3539 2 2 101 1 1367 1746 1366
3540 2 2 101 1 3693 3695 3694
3541 2 2 101 1 1246 4104 1372
3542 2 2 101 1 2282 2283 1995
3543 2 2 101 1 3539 3541 3426
3544 2 2 101 1 2509 2905 2693
3545 2 2 101 1 2494 2988 2498
3546 2 2 101 1 1625 1801 1624
3547 2 2 101 1 1060 1061 1058
3548 2 2 101 1 2330 2669 2401
3549 2 2 101 1 1906 2330 2025
3550 2 2 101 1 3191 5051 4588
3551 2 2 101 1 2903 3470 3469
3552 2 2 101 1 2753 2754 2271
3553 2 2 101 1 3800 4019 3737
3554 2 2 101 1 4772 4797 1136
3555 2 2 101 1 3147 3758 1392
3556 2 2 101 1 1437 1752 1438
3557 2 2 101 1 3746 3747 861
3558 2 2 101 1 1144 1145 1143
3559 2 2 101 1 1157 3817 819
3560 2 2 101 1 502 4982 3565
3561 2 2 101 1 2026 4087 4086
3562 2 2 101 1 3324 3327 3326
3563 2 2 101 1 1662 1906 1685
3564 2 2 101 1 1110 5370 910
3565 2 2 101 1 4056 4223 4053
3566 2 2 101 1 1427 3957 2538
3567 2 2 101 1 2814 3996 3751
3568 2 2 101 1 3320 3322 3321
3569 2 2 101 1 3385 5433 4189
3570 2 2 101 1 1008 2833 1005
3571 2 2 101 1 1752 2088 1753
3572 2 2 101 1 1229 1367 1366
3573 2 2 101 1 2990 3065 2991
3574 2 2 101 1 2318 4130 2316
3575 2 2 101 1 2432 4001 2259
3576 2 2 101 1 1345 2966 2965
3577 2 2 101 1 1879 2341 1608
3578 2 2 101 1 1314 1738 1312
3579 2 2 101 1 534 590 589
3580 2 2 101 1 756 3831 755
3581 2 2 101 1 2849 3340 2851
3582 2 2 101 1 1327 3237 1328
3583 2 2 101 1 2371 2903 2372
3584 2 2 101 1 3579 3581 2987
3585 2 2 101 1 1401 1511 1402
3586 2 2 101 1 1927 3632 1958
3587 2 2 101 1 1881 2847 2846
3588 2 2 101 1 2873 3634 2708
3589 2 2 101 1 1952 1953 1951
3590 2 2 101 1 3976 3977 548
3591 2 2 101 1 2409 4197 2139
3592 2 2 101 1 3322 3324 3323
3593 2 2 101 1 3868 3869 2886
3594 2 2 101 1 941 942 940
3595 2 2 101 1 2540 2581 2305
3596 2 2 101 1 3972 4193 3969
3597 2 2 101 1 1911 3811 3793
3598 2 2 101 1 2070 2518 2305
3599 2 2 101 1 3156 3269 3155
3600 2 2 101 1 1868 1871 1870
3601 2 2 101 1 279 4040 278
3602 2 2 101 1 1580 4555 3982
3603 2 2 101 1 3164 3868 2454
3604 2 2 101 1 2901 4861 4847
3605 2 2 101 1 2420 3927 3036
3606 2 2 101 1 3687 4255 2727
3607 2 2 101 1 1285 1910 1256
3608 2 2 101 1 736 2814 734
3609 2 2 101 1 1220 1327 1243
3610 2 2 101 1 2054 3909 2056
3611 2 2 101 1 4055 4686 1996
3612 2 2 101 1 2512 3911 3070
3613 2 2 101 1 341 3881 492
3614 2 2 101 1 354 3873 490
3615 2 2 101 1 412 3875 491
3616 2 2 101 1 487 3882 357
3617 2 2 101 1 512 3883 402
3618 2 2 101 1 272 4051 507
3619 2 2 101 1 704 705 702
3620 2 2 101 1 4192 5565 3837
3621 2 2 101 1 2705 2936 2935
3622 2 2 101 1 1164 1229 1227
3623 2 2 101 1 612 3827 610
3624 2 2 101 1 3889 3891 3890
3625 2 2 101 1 731 3750 863
3626 2 2 101 1 1746 2548 2547
3627 2 2 101 1 2988 3896 2498
3628 2 2 101 1 492 4110 340
3629 2 2 101 1 3886 4542 1595
3630 2 2 101 1 1821 1824 1823
3631 2 2 101 1 1028 1030 1029
3632 2 2 101 1 1941 4253 990
3633 2 2 101 1 2110 3863 3770
3634 2 2 101 1 2539 2987 2986
3635 2 2 101 1 2064 2065 2063
3636 2 2 101 1 1713 1715 1714
3637 2 2 101 1 1229 1366 1227
3638 2 2 101 1 3329 3333 3330
3639 2 2 101 1 2945 3958 2923
3640 2 2 101 1 506 4093 227
3641 2 2 101 1 2759 3491 3452
3642 2 2 101 1 1536 1942 1534
3643 2 2 101 1 2480 4995 3615
3644 2 2 101 1 1269 3953 1267
3645 2 2 101 1 2820 3458 2264
3646 2 2 101 1 1231 1253 1177
3647 2 2 101 1 2091 4014 1896
3648 2 2 101 1 4097 4098 455
3649 2 2 101 1 1140 1141 1139
3650 2 2 101 1 868 3746 861
3651 2 2 101 1 3327 3329 3328
3652 2 2 101 1 745 3725 743
3653 2 2 101 1 1146 1147 1145
3654 2 2 101 1 836 1175 834
3655 2 2 101 1 1925 3499 1
3656 2 2 101 1 1771 1772 1770
3657 2 2 101 1 3891 3893 3892
3658 2 2 101 1 888 889 887
3659 2 2 101 1 3145 3146 2328
3660 2 2 101 1 3740 5481 4128
3661 2 2 101 1 862 868 861
3662 2 2 101 1 766 767 765
3663 2 2 101 1 2196 3927 2420
3664 2 2 101 1 3111 3113 3112
3665 2 2 101 1 1148 1149 1147
3666 2 2 101 1 1735 1736 1324
3667 2 2 101 1 3661 3663 3662
3668 2 2 101 1 3151 3154 3153
3669 2 2 101 1 1994 1995 1993
3670 2 2 101 1 232 4023 231
3671 2 2 101 1 488 3903 334
3672 2 2 101 1 2280 2928 2908
3673 2 2 101 1 3617 3618 2092
3674 2 2 101 1 416 3908 486
3675 2 2 101 1 4094 4095 4093
3676 2 2 101 1 3968 3970 3969
3677 2 2 101 1 229 4022 228
3678 2 2 101 1 768 769 767
3679 2 2 101 1 2513 2863 2514
3680 2 2 101 1 244 4045 243
3681 2 2 101 1 1691 3770 1447
3682 2 2 101 1 2308 3582 3580
3683 2 2 101 1 3220 5409 3959
3684 2 2 101 1 4164 4172 4165
3685 2 2 101 1 3921 3922 3920
3686 2 2 101 1 2284 4012 1879
3687 2 2 101 1 1288 3953 1269
3688 2 2 101 1 3381 4756 4228
3689 2 2 101 1 1286 4062 1320
3690 2 2 101 1 2924 4653 4294
3691 2 2 101 1 1582 3982 1631
3692 2 2 101 1 3735 3737 3736
3693 2 2 101 1 3154 3155 3153
3694 2 2 101 1 1064 1066 1065
3695 2 2 101 1 1030 1034 1033
3696 2 2 101 1 1912 2274 1913
3697 2 2 101 1 1060 1062 1061
3698 2 2 101 1 1113 2893 1126
3699 2 2 101 1 1287 4349 1247
3700 2 2 101 1 606 3833 602
3701 2 2 101 1 2070 4243 2518
3702 2 2 101 1 1215 1223 1217
3703 2 2 101 1 1763 1765 1764
3704 2 2 101 1 628 630 629
3705 2 2 101 1 3794 3795 2841
3706 2 2 101 1 600 1178 598
3707 2 2 101 1 3919 3920 2077
3708 2 2 101 1 4049 4050 4048
3709 2 2 101 1 1997 1998 1988
3710 2 2 101 1 1048 3870 1032
3711 2 2 101 1 1954 1955 1953
3712 2 2 101 1 2683 2777 1852
3713 2 2 101 1 604 4960 3408
3714 2 2 101 1 1631 2371 1633
3715 2 2 101 1 3888 3889 2544
3716 2 2 101 1 921 922 919
3717 2 2 101 1 1569 2042 2041
3718 2 2 101 1 1972 1973 1966
3719 2 2 101 1 3285 3286 3284
3720 2 2 101 1 3039 3040 2459
3721 2 2 101 1 2315 2316 2314
3722 2 2 101 1 3659 3661 3660
3723 2 2 101 1 2001 2539 2366
3724 2 2 101 1 3470 3471 3469
3725 2 2 101 1 1956 2119 1955
3726 2 2 101 1 285 4060 284
3727 2 2 101 1 1034 1044 1043
3728 2 2 101 1 1099 1104 1098
3729 2 2 101 1 1066 1068 1067
3730 2 2 101 1 1023 1037 1004
3731 2 2 101 1 2337 2834 2185
3732 2 2 101 1 943 944 942
3733 2 2 101 1 2047 4005 3930
3734 2 2 101 1 2037 2395 1965
3735 2 2 101 1 2903 3469 2372
3736 2 2 101 1 2541 3832 2058
3737 2 2 101 1 1070 1072 1071
3738 2 2 101 1 1645 1662 1653
3739 2 2 101 1 2331 3962 2330
3740 2 2 101 1 3963 3964 3962
3741 2 2 101 1 4052 4053 507
3742 2 2 101 1 3669 3671 3668
3743 2 2 101 1 248 3681 534
3744 2 2 101 1 2779 3915 2338
3745 2 2 101 1 2986 3901 3900
3746 2 2 101 1 3717 3718 3716
3747 2 2 101 1 2381 5374 4239
3748 2 2 101 1 1305 4264 2384
3749 2 2 101 1 1717 1719 1718
3750 2 2 101 1 1477 3942 2579
3751 2 2 101 1 1639 1881 1641
3752 2 2 101 1 945 946 944
3753 2 2 101 1 1674 4115 1798
3754 2 2 101 1 2371 2372 1633
3755 2 2 101 1 2518 4243 3602
3756 2 2 101 1 698 699 696
3757 2 2 101 1 1963 2356 1961
3758 2 2 101 1 1019 4010 2517
3759 2 2 101 1 2518 2593 2540
3760 2 2 101 1 1320 4062 2116
3761 2 2 101 1 2577 5381 2575
3762 2 2 101 1 3433 3649 2779
3763 2 2 101 1 2026 4086 4085
3764 2 2 101 1 2988 3897 3896
3765 2 2 101 1 1098 1113 1053
3766 2 2 101 1 1044 1098 1053
3767 2 2 101 1 1890 2187 1702
3768 2 2 101 1 806 807 805
3769 2 2 101 1 409 4011 513
3770 2 2 101 1 2870 4187 3514
3771 2 2 101 1 2319 2320 2318
3772 2 2 101 1 3443 4141 3444
3773 2 2 101 1 2857 3810 2119
3774 2 2 101 1 774 775 773
3775 2 2 101 1 1627 4208 1578
3776 2 2 101 1 1044 1053 1043
3777 2 2 101 1 246 502 245
3778 2 2 101 1 991 1389 989
3779 2 2 101 1 2317 2318 2316
3780 2 2 101 1 1151 1153 1149
3781 2 2 101 1 3107 5444 3165
3782 2 2 101 1 3253 3636 2667
3783 2 2 101 1 1275 1346 1273
3784 2 2 101 1 634 3894 1390
3785 2 2 101 1 800 801 799
3786 2 2 101 1 782 783 781
3787 2 2 101 1 644 4101 643
3788 2 2 101 1 418 3947 539
3789 2 2 101 1 3075 3431 3078
3790 2 2 101 1 1974 1975 1973
3791 2 2 101 1 1986 1987 1984
3792 2 2 101 1 2017 2019 2018
3793 2 2 101 1 812 813 811
3794 2 2 101 1 3799 3801 3800
3795 2 2 101 1 389 3944 485
3796 2 2 101 1 890 891 889
3797 2 2 101 1 794 795 793
3798 2 2 101 1 2554 4144 2790
3799 2 2 101 1 3444 4141 3448
3800 2 2 101 1 2070 2071 2069
3801 2 2 101 1 1982 3527 1335
3802 2 2 101 1 1034 1043 1033
3803 2 2 101 1 2330 2401 2025
3804 2 2 101 1 2669 2774 2401
3805 2 2 101 1 2243 2244 2242
3806 2 2 101 1 2139 4197 2138
3807 2 2 101 1 1105 1111 1104
3808 2 2 101 1 1906 2025 1685
3809 2 2 101 1 225 4097 455
3810 2 2 101 1 780 781 779
3811 2 2 101 1 632 634 633
3812 2 2 101 1 3560 3561 1331
3813 2 2 101 1 1112 1117 1111
3814 2 2 101 1 459 4920 4337
3815 2 2 101 1 991 3764 1389
3816 2 2 101 1 3200 3201 2585
3817 2 2 101 1 1976 1977 1975
3818 2 2 101 1 2231 2232 2230
3819 2 2 101 1 3627 3628 3626
3820 2 2 101 1 3538 5253 3532
3821 2 2 101 1 2849 2851 2847
3822 2 2 101 1 788 789 787
3823 2 2 101 1 2848 2849 2847
3824 2 2 101 1 2237 2238 2236
3825 2 2 101 1 2671 4149 4148
3826 2 2 101 1 3036 3778 3037
3827 2 2 101 1 931 3949 930
3828 2 2 101 1 1007 4322 999
3829 2 2 101 1 2274 2350 2275
3830 2 2 101 1 1193 4087 1196
3831 2 2 101 1 3491 3492 3452
3832 2 2 101 1 425 4127 4126
3833 2 2 101 1 2163 2213 2162
3834 2 2 101 1 3962 4459 2669
3835 2 2 101 1 290 503 289
3836 2 2 101 1 272 507 271
3837 2 2 101 1 228 506 227
3838 2 2 101 1 2583 3828 2582
3839 2 2 101 1 2229 2230 2228
3840 2 2 101 1 1839 4119 2001
3841 2 2 101 1 2565 3303 2566
3842 2 2 101 1 3968 3969 471
3843 2 2 101 1 2911 3504 2327
3844 2 2 101 1 2693 4694 3417
3845 2 2 101 1 3108 3989 3106
3846 2 2 101 1 2001 2366 2002
3847 2 2 101 1 4287 4385 2114
3848 2 2 101 1 3208 5166 5149
3849 2 2 101 1 2524 5542 3577
3850 2 2 101 1 2923 3958 2922
3851 2 2 101 1 2157 2158 2156
3852 2 2 101 1 2575 2576 2180
3853 2 2 101 1 3305 4637 2566
3854 2 2 101 1 2594 2605 2604
3855 2 2 101 1 1662 1685 1653
3856 2 2 101 1 1028 1036 1030
3857 2 2 101 1 414 3878 536
3858 2 2 101 1 1893 2609 2196
3859 2 2 101 1 3519 4335 3166
3860 2 2 101 1 1701 1702 1367
3861 2 2 101 1 1603 3793 1399
3862 2 2 101 1 1547 4151 1549
3863 2 2 101 1 3129 3130 3128
3864 2 2 101 1 742 743 739
3865 2 2 101 1 2747 4017 4016
3866 2 2 101 1 4247 5495 3259
3867 2 2 101 1 2651 2922 2649
3868 2 2 101 1 1881 2846 1641
3869 2 2 101 1 747 3608 1920
3870 2 2 101 1 1133 3766 781
3871 2 2 101 1 1743 1912 1876
3872 2 2 101 1 1492 4160 1588
3873 2 2 101 1 967 968 966
3874 2 2 101 1 765 4120 762
3875 2 2 101 1 3663 3664 3662
3876 2 2 101 1 965 966 964
3877 2 2 101 1 420 3966 481
3878 2 2 101 1 1135 3759 767
3879 2 2 101 1 1352 1356 1355
3880 2 2 101 1 1330 3691 773
3881 2 2 101 1 2536 4004 1395
3882 2 2 101 1 1561 4106 1880
3883 2 2 101 1 947 948 946
3884 2 2 101 1 2077 2078 2075
3885 2 2 101 1 549 3967 328
3886 2 2 101 1 4070 4071 555
3887 2 2 101 1 3938 3940 3939
3888 2 2 101 1 3392 5215 657
3889 2 2 101 1 364 3976 548
3890 2 2 101 1 422 3978 547
3891 2 2 101 1 1145 5188 1143
3892 2 2 101 1 876 878 877
3893 2 2 101 1 601 602 599
3894 2 2 101 1 1352 1355 1353
3895 2 2 101 1 2137 2138 2136
3896 2 2 101 1 437 3991 215
3897 2 2 101 1 302 3990 436
3898 2 2 101 1 1945 2561 1326
3899 2 2 101 1 1902 5316 3377
3900 2 2 101 1 4254 5116 3099
3901 2 2 101 1 1045 1046 1040
3902 2 2 101 1 1889 1890 1702
3903 2 2 101 1 1030 1033 1029
3904 2 2 101 1 2893 3960 1126
3905 2 2 101 1 1559 4106 1561
3906 2 2 101 1 1332 3711 793
3907 2 2 101 1 1668 4122 1669
3908 2 2 101 1 996 3764 991
3909 2 2 101 1 1441 2533 1443
3910 2 2 101 1 1897 4791 4096
3911 2 2 101 1 2985 5017 3566
3912 2 2 101 1 1424 1737 1422
3913 2 2 101 1 2533 4013 1443
3914 2 2 101 1 3867 4566 4143
3915 2 2 101 1 3658 3659 2019
3916 2 2 101 1 2350 4200 2352
3917 2 2 101 1 455 3980 224
3918 2 2 101 1 293 3979 456
3919 2 2 101 1 2281 3951 2080
3920 2 2 101 1 1833 2308 1835
3921 2 2 101 1 758 759 756
3922 2 2 101 1 3935 3937 3933
3923 2 2 101 1 1173 4204 1242
3924 2 2 101 1 1333 3706 799
3925 2 2 101 1 962 964 961
3926 2 2 101 1 4315 4584 2537
3927 2 2 101 1 1923 1927 1926
3928 2 2 101 1 1949 4103 2035
3929 2 2 101 1 3075 4311 3431
3930 2 2 101 1 4170 4171 4167
3931 2 2 101 1 1271 1288 1269
3932 2 2 101 1 2564 4008 953
3933 2 2 101 1 3287 3288 3286
3934 2 2 101 1 1699 2087 1816
3935 2 2 101 1 1419 2544 1417
3936 2 2 101 1 4164 4165 498
3937 2 2 101 1 2525 5601 3560
3938 2 2 101 1 1877 2783 2272
3939 2 2 101 1 3998 4903 694
3940 2 2 101 1 3421 5544 2940
3941 2 2 101 1 1773 1774 1772
3942 2 2 101 1 4220 5154 532
3943 2 2 101 1 1038 2047 1027
3944 2 2 101 1 3547 4856 3486
3945 2 2 101 1 2379 4178 1819
3946 2 2 101 1 4137 4138 3238
3947 2 2 101 1 1149 3780 1150
3948 2 2 101 1 1220 1243 1221
3949 2 2 101 1 446 3548 3547
3950 2 2 101 1 1334 3765 805
3951 2 2 101 1 1397 1400 1399
3952 2 2 101 1 396 515 395
3953 2 2 101 1 335 488 334
3954 2 2 101 1 341 492 340
3955 2 2 101 1 348 494 347
3956 2 2 101 1 351 511 350
3957 2 2 101 1 354 490 353
3958 2 2 101 1 356 535 355
3959 2 2 101 1 358 487 357
3960 2 2 101 1 401 540 400
3961 2 2 101 1 403 512 402
3962 2 2 101 1 393 489 392
3963 2 2 101 1 399 493 398
3964 2 2 101 1 406 495 405
3965 2 2 101 1 409 513 408
3966 2 2 101 1 412 491 411
3967 2 2 101 1 414 536 413
3968 2 2 101 1 416 486 415
3969 2 2 101 1 338 514 337
3970 2 2 101 1 343 537 342
3971 2 2 101 1 345 510 344
3972 2 2 101 1 457 4933 3587
3973 2 2 101 1 2189 3018 2998
3974 2 2 101 1 2538 4015 1429
3975 2 2 101 1 1989 1990 1987
3976 2 2 101 1 2044 2120 1525
3977 2 2 101 1 2504 3202 2444
3978 2 2 101 1 2830 4673 3742
3979 2 2 101 1 1430 4150 2720
3980 2 2 101 1 1217 1220 1218
3981 2 2 101 1 1704 2601 2288
3982 2 2 101 1 1393 2536 1395
3983 2 2 101 1 1104 3938 1098
3984 2 2 101 1 3661 3662 3660
3985 2 2 101 1 2732 3020 3019
3986 2 2 101 1 221 3992 441
3987 2 2 101 1 2605 2902 2606
3988 2 2 101 1 339 4109 338
3989 2 2 101 1 2522 3068 2531
3990 2 2 101 1 1062 4249 1061
3991 2 2 101 1 1422 3888 1419
3992 2 2 101 1 1117 4068 1162
3993 2 2 101 1 2309 2726 1990
3994 2 2 101 1 4155 4156 2630
3995 2 2 101 1 710 1529 709
3996 2 2 101 1 2350 2352 2351
3997 2 2 101 1 2352 2390 2353
3998 2 2 101 1 248 534 247
3999 2 2 101 1 892 893 891
4000 2 2 101 1 1205 4084 1209
4001 2 2 101 1 3149 4077 3151
4002 2 2 101 1 605 606 602
4003 2 2 101 1 2727 3133 2726
4004 2 2 101 1 1427 2538 1429
4005 2 2 101 1 302 436 301
4006 2 2 101 1 216 437 215
4007 2 2 101 1 878 880 879
4008 2 2 101 1 397 4108 396
4009 2 2 101 1 1431 1434 1433
4010 2 2 101 1 2338 2772 2014
4011 2 2 101 1 2462 3387 3386
4012 2 2 101 1 1166 1343 1342
4013 2 2 101 1 951 958 950
4014 2 2 101 1 2338 3915 2772
4015 2 2 101 1 1215 1217 1216
4016 2 2 101 1 3134 3135 3133
4017 2 2 101 1 2944 2945 2923
4018 2 2 101 1 2266 2584 2583
4019 2 2 101 1 1445 1448 1447
4020 2 2 101 1 2642 3383 3382
4021 2 2 101 1 3564 4980 4889
4022 2 2 101 1 1074 1076 1075
4023 2 2 101 1 1949 1950 1947
4024 2 2 101 1 1654 2017 1703
4025 2 2 101 1 1019 2517 1016
4026 2 2 101 1 3659 3660 2019
4027 2 2 101 1 4161 4162 499
4028 2 2 101 1 3619 3620 3618
4029 2 2 101 1 3270 3271 2042
4030 2 2 101 1 4109 4765 514
4031 2 2 101 1 1028 1029 1021
4032 2 2 101 1 764 765 762
4033 2 2 101 1 3255 3762 2777
4034 2 2 101 1 648 3926 1441
4035 2 2 101 1 1557 4327 2027
4036 2 2 101 1 621 3827 612
4037 2 2 101 1 279 4044 4040
4038 2 2 101 1 638 640 639
4039 2 2 101 1 2008 2011 2010
4040 2 2 101 1 1459 2807 1887
4041 2 2 101 1 3893 4780 4353
4042 2 2 101 1 4165 4170 4167
4043 2 2 101 1 2430 2494 2493
4044 2 2 101 1 1642 3975 1645
4045 2 2 101 1 3332 5014 3310
4046 2 2 101 1 2870 3514 2871
4047 2 2 101 1 291 4092 290
4048 2 2 101 1 1172 4082 2054
4049 2 2 101 1 2181 2575 2180
4050 2 2 101 1 2296 2444 2178
4051 2 2 101 1 3755 5427 3361
4052 2 2 101 1 1099 1105 1104
4053 2 2 101 1 3801 4274 3800
4054 2 2 101 1 1811 1812 1696
4055 2 2 101 1 1927 1929 1928
4056 2 2 101 1 3745 4069 2513
4057 2 2 101 1 3317 3320 3319
4058 2 2 101 1 391 541 390
4059 2 2 101 1 333 542 332
4060 2 2 101 1 3725 3726 743
4061 2 2 101 1 2420 3036 2921
4062 2 2 101 1 1684 4133 1854
4063 2 2 101 1 1112 1118 1117
4064 2 2 101 1 1105 1112 1111
4065 2 2 101 1 360 538 359
4066 2 2 101 1 418 539 417
4067 2 2 101 1 1049 1050 1046
4068 2 2 101 1 2064 2225 2076
4069 2 2 101 1 2080 3951 2082
4070 2 2 101 1 4162 5180 4246
4071 2 2 101 1 1805 1806 1619
4072 2 2 101 1 2460 2479 2461
4073 2 2 101 1 4069 5225 3175
4074 2 2 101 1 234 4027 504
4075 2 2 101 1 746 748 747
4076 2 2 101 1 1891 2014 1890
4077 2 2 101 1 1341 3773 961
4078 2 2 101 1 2175 2176 2174
4079 2 2 101 1 1999 2121 1998
4080 2 2 101 1 2551 3375 2757
4081 2 2 101 1 2611 3411 3057
4082 2 2 101 1 3845 3846 3843
4083 2 2 101 1 3367 5435 1796
4084 2 2 101 1 3429 5139 2003
4085 2 2 101 1 3753 4203 3660
4086 2 2 101 1 282 4885 4446
4087 2 2 101 1 3855 3856 3854
4088 2 2 101 1 2532 2895 2257
4089 2 2 101 1 949 950 948
4090 2 2 101 1 3812 3813 1007
4091 2 2 101 1 2783 3395 2830
4092 2 2 101 1 3430 5203 2575
4093 2 2 101 1 1849 4395 1410
4094 2 2 101 1 4459 4472 4388
4095 2 2 101 1 300 546 299
4096 2 2 101 1 218 545 217
4097 2 2 101 1 1808 4318 1806
4098 2 2 101 1 3660 4203 2019
4099 2 2 101 1 2017 2018 1703
4100 2 2 101 1 2560 2870 2559
4101 2 2 101 1 684 3956 1393
4102 2 2 101 1 1775 1776 1774
4103 2 2 101 1 1196 4087 1199
4104 2 2 101 1 1213 1215 1214
4105 2 2 101 1 1807 1808 1806
4106 2 2 101 1 3575 3576 3043
4107 2 2 101 1 1237 4083 1278
4108 2 2 101 1 613 3833 606
4109 2 2 101 1 1117 1162 1111
4110 2 2 101 1 804 805 802
4111 2 2 101 1 647 4101 644
4112 2 2 101 1 744 746 745
4113 2 2 101 1 2035 2036 1950
4114 2 2 101 1 1746 2547 2546
4115 2 2 101 1 1802 2362 2361
4116 2 2 101 1 3289 3290 3288
4117 2 2 101 1 1400 1604 1603
4118 2 2 101 1 678 3830 3516
4119 2 2 101 1 607 608 606
4120 2 2 101 1 1813 4430 2983
4121 2 2 101 1 1598 1599 1597
4122 2 2 101 1 772 773 770
4123 2 2 101 1 2247 2248 2245
4124 2 2 101 1 2512 3070 3069
4125 2 2 101 1 2376 2844 2470
4126 2 2 101 1 3183 3784 2568
4127 2 2 101 1 1839 2001 1842
4128 2 2 101 1 642 644 643
4129 2 2 101 1 798 799 796
4130 2 2 101 1 2259 2310 1857
4131 2 2 101 1 818 819 817
4132 2 2 101 1 2558 2559 1882
4133 2 2 101 1 1358 1815 1355
4134 2 2 101 1 3891 3892 3890
4135 2 2 101 1 2905 3197 2906
4136 2 2 101 1 2454 3868 2886
4137 2 2 101 1 4122 4123 4115
4138 2 2 101 1 1267 1361 1265
4139 2 2 101 1 3889 3890 2544
4140 2 2 101 1 609 610 608
4141 2 2 101 1 3387 3419 3386
4142 2 2 101 1 331 484 330
4143 2 2 101 1 389 485 388
4144 2 2 101 1 1914 2376 2093
4145 2 2 101 1 2241 2242 2239
4146 2 2 101 1 1434 1440 1439
4147 2 2 101 1 1231 1254 1253
4148 2 2 101 1 3990 4884 436
4149 2 2 101 1 668 3957 1427
4150 2 2 101 1 662 3797 3511
4151 2 2 101 1 646 648 647
4152 2 2 101 1 3572 5483 639
4153 2 2 101 1 927 928 925
4154 2 2 101 1 692 694 693
4155 2 2 101 1 792 793 790
4156 2 2 101 1 2049 2672 2050
4157 2 2 101 1 1253 3653 1177
4158 2 2 101 1 1751 4135 2023
4159 2 2 101 1 1203 4084 1205
4160 2 2 101 1 1588 2671 2477
4161 2 2 101 1 778 779 776
4162 2 2 101 1 362 480 361
4163 2 2 101 1 420 481 419
4164 2 2 101 1 611 612 610
4165 2 2 101 1 1725 1727 1726
4166 2 2 101 1 1448 1692 1691
4167 2 2 101 1 2161 2162 2159
4168 2 2 101 1 1440 1898 1814
4169 2 2 101 1 1481 1484 1483
4170 2 2 101 1 2235 2236 2233
4171 2 2 101 1 2584 3399 3398
4172 2 2 101 1 1898 2256 2249
4173 2 2 101 1 3337 4788 3546
4174 2 2 101 1 329 549 328
4175 2 2 101 1 387 550 386
4176 2 2 101 1 786 787 784
4177 2 2 101 1 1618 1619 1599
4178 2 2 101 1 1419 3888 2544
4179 2 2 101 1 2256 2434 2433
4180 2 2 101 1 298 3946 297
4181 2 2 101 1 1055 1056 1050
4182 2 2 101 1 2065 4243 2067
4183 2 2 101 1 1940 3818 1736
4184 2 2 101 1 2227 2228 1978
4185 2 2 101 1 1604 1914 1749
4186 2 2 101 1 364 548 363
4187 2 2 101 1 422 547 421
4188 2 2 101 1 1596 1597 1538
4189 2 2 101 1 1316 1605 1317
4190 2 2 101 1 4192 4241 442
4191 2 2 101 1 1692 1846 1845
4192 2 2 101 1 779 4145 776
4193 2 2 101 1 688 690 689
4194 2 2 101 1 2172 2409 2139
4195 2 2 101 1 2366 3900 2367
4196 2 2 101 1 1939 2008 1940
4197 2 2 101 1 4042 5384 4927
4198 2 2 101 1 3582 3583 3580
4199 2 2 101 1 921 923 922
4200 2 2 101 1 2000 5257 3346
4201 2 2 101 1 617 618 615
4202 2 2 101 1 810 811 808
4203 2 2 101 1 385 473 384
4204 2 2 101 1 269 472 268
4205 2 2 101 1 293 456 292
4206 2 2 101 1 327 471 326
4207 2 2 101 1 366 452 365
4208 2 2 101 1 424 453 423
4209 2 2 101 1 225 455 224
4210 2 2 101 1 250 454 249
4211 2 2 101 1 2225 2438 2264
4212 2 2 101 1 1549 4151 2039
4213 2 2 101 1 2876 2877 2379
4214 2 2 101 1 1014 1015 1013
4215 2 2 101 1 1199 4087 2026
4216 2 2 101 1 894 895 893
4217 2 2 101 1 1363 4091 2558
4218 2 2 101 1 619 620 618
4219 2 2 101 1 816 817 814
4220 2 2 101 1 3426 3872 3139
4221 2 2 101 1 1694 1811 1696
4222 2 2 101 1 1044 1099 1098
4223 2 2 101 1 1403 2180 1307
4224 2 2 101 1 1139 4152 1116
4225 2 2 101 1 1302 1309 1251
4226 2 2 101 1 3189 3190 2432
4227 2 2 101 1 2371 3597 2903
4228 2 2 101 1 682 684 683
4229 2 2 101 1 3784 4264 2568
4230 2 2 101 1 1533 1534 1532
4231 2 2 101 1 1846 2290 2170
4232 2 2 101 1 2015 2338 2014
4233 2 2 101 1 3760 4930 3952
4234 2 2 101 1 1164 1227 1165
4235 2 2 101 1 1721 1723 1722
4236 2 2 101 1 4017 4559 4416
4237 2 2 101 1 1247 4349 1245
4238 2 2 101 1 676 678 677
4239 2 2 101 1 2155 2156 2153
4240 2 2 101 1 2290 2690 2488
4241 2 2 101 1 1588 4160 2671
4242 2 2 101 1 3835 3836 3576
4243 2 2 101 1 1694 3745 1811
4244 2 2 101 1 1357 2595 2333
4245 2 2 101 1 295 552 294
4246 2 2 101 1 223 551 222
4247 2 2 101 1 1363 2558 1882
4248 2 2 101 1 3291 3292 3290
4249 2 2 101 1 2690 3555 2942
4250 2 2 101 1 2808 2809 2577
4251 2 2 101 1 1735 1939 1736
4252 2 2 101 1 1090 1092 1091
4253 2 2 101 1 717 4090 712
4254 2 2 101 1 1929 1931 1930
4255 2 2 101 1 4240 5583 4693
4256 2 2 101 1 869 872 871
4257 2 2 101 1 4054 4055 4053
4258 2 2 101 1 656 658 657
4259 2 2 101 1 2639 2759 2758
4260 2 2 101 1 2649 4199 1035
4261 2 2 101 1 5078 5091 1606
4262 2 2 101 1 652 654 653
4263 2 2 101 1 933 935 934
4264 2 2 101 1 233 4024 232
4265 2 2 101 1 1991 4308 1297
4266 2 2 101 1 1477 2579 1479
4267 2 2 101 1 4002 5183 2133
4268 2 2 101 1 672 674 673
4269 2 2 101 1 3045 4374 2146
4270 2 2 101 1 660 662 661
4271 2 2 101 1 709 4355 706
4272 2 2 101 1 2332 3138 3137
4273 2 2 101 1 2511 3911 2512
4274 2 2 101 1 518 4129 4127
4275 2 2 101 1 2228 4157 1978
4276 2 2 101 1 666 668 667
4277 2 2 101 1 2297 2837 2298
4278 2 2 101 1 2294 4584 2888
4279 2 2 101 1 554 4172 4164
4280 2 2 101 1 4031 4032 4030
4281 2 2 101 1 1537 1538 1536
4282 2 2 101 1 1116 4152 1101
4283 2 2 101 1 2261 2617 2416
4284 2 2 101 1 297 440 296
4285 2 2 101 1 221 441 220
4286 2 2 101 1 238 4039 237
4287 2 2 101 1 614 615 612
4288 2 2 101 1 1086 1088 1087
4289 2 2 101 1 239 4038 238
4290 2 2 101 1 1228 1236 1235
4291 2 2 101 1 3038 3053 2797
4292 2 2 101 1 1650 4067 1654
4293 2 2 101 1 842 861 840
4294 2 2 101 1 1906 2331 2330
4295 2 2 101 1 2494 2498 2497
4296 2 2 101 1 4165 4167 4166
4297 2 2 101 1 1631 1633 1632
4298 2 2 101 1 3293 3294 3292
4299 2 2 101 1 2469 4419 3149
4300 2 2 101 1 1168 1259 1167
4301 2 2 101 1 1244 4104 1246
4302 2 2 101 1 1718 4671 3482
4303 2 2 101 1 865 3866 593
4304 2 2 101 1 590 592 591
4305 2 2 101 1 383 4075 553
4306 2 2 101 1 267 4070 555
4307 2 2 101 1 958 4008 1941
4308 2 2 101 1 4073 4074 4071
4309 2 2 101 1 2554 2790 865
4310 2 2 101 1 1286 4590 4062
4311 2 2 101 1 1199 2026 1203
4312 2 2 101 1 1391 4545 633
4313 2 2 101 1 3447 4018 3445
4314 2 2 101 1 2135 2136 2132
4315 2 2 101 1 2877 4178 2379
4316 2 2 101 1 1039 1040 1032
4317 2 2 101 1 1118 1136 1117
4318 2 2 101 1 1237 1278 1277
4319 2 2 101 1 1882 4114 1883
4320 2 2 101 1 3964 4664 987
4321 2 2 101 1 1082 1084 1083
4322 2 2 101 1 219 4121 218
4323 2 2 101 1 1012 1013 1011
4324 2 2 101 1 1535 1536 1534
4325 2 2 101 1 880 882 881
4326 2 2 101 1 3353 3354 3352
4327 2 2 101 1 2747 4016 2314
4328 2 2 101 1 1986 4134 1989
4329 2 2 101 1 3075 3078 3076
4330 2 2 101 1 1030 4089 1034
4331 2 2 101 1 2039 4151 2639
4332 2 2 101 1 3625 3627 3626
4333 2 2 101 1 2438 3364 2820
4334 2 2 101 1 2870 2871 2559
4335 2 2 101 1 3154 3484 3156
4336 2 2 101 1 3310 3311 3309
4337 2 2 101 1 3182 3183 2568
4338 2 2 101 1 2011 2511 2267
4339 2 2 101 1 1246 1372 1248
4340 2 2 101 1 1078 1080 1079
4341 2 2 101 1 3187 4909 3380
4342 2 2 101 1 3001 3075 3074
4343 2 2 101 1 1129 1167 1128
4344 2 2 101 1 1645 3975 1662
4345 2 2 101 1 4027 4028 4026
4346 2 2 101 1 3295 3296 3294
4347 2 2 101 1 2143 5401 5127
4348 2 2 101 1 1561 1880 1563
4349 2 2 101 1 245 4046 244
4350 2 2 101 1 2631 4155 2630
4351 2 2 101 1 2331 3963 3962
4352 2 2 101 1 1347 1568 1346
4353 2 2 101 1 728 729 727
4354 2 2 101 1 3138 3425 3139
4355 2 2 101 1 1263 1322 1260
4356 2 2 101 1 3425 3539 3426
4357 2 2 101 1 2878 2879 2877
4358 2 2 101 1 2054 2056 2055
4359 2 2 101 1 1260 4091 1259
4360 2 2 101 1 1751 2023 2022
4361 2 2 101 1 1777 1778 1776
4362 2 2 101 1 3578 3579 2987
4363 2 2 101 1 2140 4275 1183
4364 2 2 101 1 2498 2549 2499
4365 2 2 101 1 1672 4115 1674
4366 2 2 101 1 730 731 729
4367 2 2 101 1 3078 5058 3079
4368 2 2 101 1 708 709 706
4369 2 2 101 1 4033 4034 4032
4370 2 2 101 1 1352 1353 1351
4371 2 2 101 1 817 4177 814
4372 2 2 101 1 1097 1106 1095
4373 2 2 101 1 1881 2848 2847
4374 2 2 101 1 2109 3046 2449
4375 2 2 101 1 909 911 910
4376 2 2 101 1 1674 1798 1677
4377 2 2 101 1 1702 4080 1367
4378 2 2 101 1 2061 4560 4398
4379 2 2 101 1 1809 1810 1808
4380 2 2 101 1 1010 1011 1009
4381 2 2 101 1 750 752 751
4382 2 2 101 1 3945 5521 3188
4383 2 2 101 1 726 727 725
4384 2 2 101 1 2972 3000 2974
4385 2 2 101 1 4064 4744 4065
4386 2 2 101 1 4035 4036 4034
4387 2 2 101 1 2181 2577 2575
4388 2 2 101 1 696 3998 694
4389 2 2 101 1 1236 4083 1237
4390 2 2 101 1 2986 3900 2366
4391 2 2 101 1 3435 3485 3434
4392 2 2 101 1 1232 3746 868
4393 2 2 101 1 2012 2013 1810
4394 2 2 101 1 1757 4361 1501
4395 2 2 101 1 955 2564 953
4396 2 2 101 1 1363 1882 1364
4397 2 2 101 1 2904 5255 5148
4398 2 2 101 1 3790 4875 3791
4399 2 2 101 1 1205 1209 1207
4400 2 2 101 1 714 717 712
4401 2 2 101 1 4208 4901 2603
4402 2 2 101 1 1166 1342 1153
4403 2 2 101 1 1669 4122 1672
4404 2 2 101 1 1217 4137 1220
4405 2 2 101 1 2200 2201 2013
4406 2 2 101 1 2316 4130 2747
4407 2 2 101 1 2759 3452 3451
4408 2 2 101 1 2054 4082 3909
4409 2 2 101 1 2039 2639 2569
4410 2 2 101 1 2993 3379 2414
4411 2 2 101 1 1982 4358 3527
4412 2 2 101 1 2180 3997 1307
4413 2 2 101 1 2017 3658 2019
4414 2 2 101 1 276 3761 275
4415 2 2 101 1 2263 2925 2484
4416 2 2 101 1 1229 1701 1367
4417 2 2 101 1 2888 4584 4315
4418 2 2 101 1 3970 3971 3969
4419 2 2 101 1 182 5535 583
4420 2 2 101 1 1701 1889 1702
4421 2 2 101 1 230 4020 229
4422 2 2 101 1 1966 4174 2037
4423 2 2 101 1 3618 4318 2092
4424 2 2 101 1 3934 3936 3932
4425 2 2 101 1 1617 1901 1900
4426 2 2 101 1 2848 2850 2849
4427 2 2 101 1 1480 2588 1478
4428 2 2 101 1 2316 2747 2314
4429 2 2 101 1 1580 3982 1582
4430 2 2 101 1 3444 3445 2806
4431 2 2 101 1 247 588 246
4432 2 2 101 1 700 3942 1477
4433 2 2 101 1 960 961 957
4434 2 2 101 1 820 821 819
4435 2 2 101 1 355 3873 354
4436 2 2 101 1 357 3882 356
4437 2 2 101 1 342 3881 341
4438 2 2 101 1 413 3875 412
4439 2 2 101 1 402 3883 401
4440 2 2 101 1 2560 3205 2870
4441 2 2 101 1 2439 4382 3427
4442 2 2 101 1 3502 4918 1234
4443 2 2 101 1 591 4142 589
4444 2 2 101 1 340 4110 339
4445 2 2 101 1 1889 1891 1890
4446 2 2 101 1 1126 1164 1127
4447 2 2 101 1 2558 2560 2559
4448 2 2 101 1 1138 1139 1116
4449 2 2 101 1 3151 3153 3152
4450 2 2 101 1 2414 4154 1403
4451 2 2 101 1 2018 4203 2462
4452 2 2 101 1 2456 2568 2094
4453 2 2 101 1 2656 3420 3267
4454 2 2 101 1 270 4354 269
4455 2 2 101 1 304 543 303
4456 2 2 101 1 214 544 213
4457 2 2 101 1 1672 4122 4115
4458 2 2 101 1 1210 1213 1212
4459 2 2 101 1 622 623 620
4460 2 2 101 1 929 931 930
4461 2 2 101 1 1300 2594 1338
4462 2 2 101 1 593 3866 595
4463 2 2 101 1 1922 4386 2460
4464 2 2 101 1 1475 2049 1733
4465 2 2 101 1 3379 4154 2414
4466 2 2 101 1 3252 3253 2667
4467 2 2 101 1 2056 2058 2057
4468 2 2 101 1 1582 1631 1630
4469 2 2 101 1 3620 5421 3623
4470 2 2 101 1 2549 2551 2550
4471 2 2 101 1 1637 1639 1638
4472 2 2 101 1 592 865 593
4473 2 2 101 1 334 3903 333
4474 2 2 101 1 3363 5338 828
4475 2 2 101 1 417 3908 416
4476 2 2 101 1 3639 4809 3641
4477 2 2 101 1 425 4126 424
4478 2 2 101 1 226 4097 225
4479 2 2 101 1 1859 1860 1851
4480 2 2 101 1 2777 4355 1852
4481 2 2 101 1 935 937 936
4482 2 2 101 1 1403 2181 2180
4483 2 2 101 1 752 754 753
4484 2 2 101 1 1931 1933 1932
4485 2 2 101 1 2110 3770 1691
4486 2 2 101 1 274 4048 273
4487 2 2 101 1 1259 4091 1363
4488 2 2 101 1 1634 1637 1636
4489 2 2 101 1 2058 2060 2059
4490 2 2 101 1 720 721 718
4491 2 2 101 1 390 3944 389
4492 2 2 101 1 3818 3819 1736
4493 2 2 101 1 273 4051 272
4494 2 2 101 1 3878 3879 3877
4495 2 2 101 1 2491 4516 4047
4496 2 2 101 1 1607 4282 1187
4497 2 2 101 1 3666 5425 1722
4498 2 2 101 1 1639 1641 1640
4499 2 2 101 1 2900 4155 2634
4500 2 2 101 1 1679 4133 1684
4501 2 2 101 1 937 939 938
4502 2 2 101 1 2989 2990 1916
4503 2 2 101 1 1222 4260 4259
4504 2 2 101 1 410 4011 409
4505 2 2 101 1 3384 3943 2760
4506 2 2 101 1 2060 2063 2062
4507 2 2 101 1 527 5165 4232
4508 2 2 101 1 2759 4579 3491
4509 2 2 101 1 3700 3703 3702
4510 2 2 101 1 3985 4180 3987
4511 2 2 101 1 2187 4080 1702
4512 2 2 101 1 3149 3151 3150
4513 2 2 101 1 227 4093 226
4514 2 2 101 1 742 744 743
4515 2 2 101 1 3012 3686 2861
4516 2 2 101 1 2359 2360 1801
4517 2 2 101 1 1484 1617 1616
4518 2 2 101 1 1259 1363 1261
4519 2 2 101 1 2674 4377 1818
4520 2 2 101 1 1645 1653 1646
4521 2 2 101 1 2937 3258 2936
4522 2 2 101 1 2960 4185 2955
4523 2 2 101 1 2806 4182 2608
4524 2 2 101 1 754 756 755
4525 2 2 101 1 636 3894 634
4526 2 2 101 1 2598 2599 2597
4527 2 2 101 1 625 626 623
4528 2 2 101 1 3432 3433 2779
4529 2 2 101 1 419 3947 418
4530 2 2 101 1 1136 4777 4068
4531 2 2 101 1 1843 4190 2020
4532 2 2 101 1 3975 4284 1662
4533 2 2 101 1 2634 4155 2631
4534 2 2 101 1 3402 3828 2583
4535 2 2 101 1 3778 3779 3037
4536 2 2 101 1 1612 4383 2118
4537 2 2 101 1 2548 3575 3043
4538 2 2 101 1 1684 1854 1740
4539 2 2 101 1 718 4773 717
4540 2 2 101 1 2551 2757 2552
4541 2 2 101 1 3346 5186 866
4542 2 2 101 1 3279 3281 3280
4543 2 2 101 1 2033 2198 2034
4544 2 2 101 1 265 4163 500
4545 2 2 101 1 323 4164 498
4546 2 2 101 1 381 4161 499
4547 2 2 101 1 1531 1532 1258
4548 2 2 101 1 1435 1436 1432
4549 2 2 101 1 421 3966 420
4550 2 2 101 1 1029 4206 4010
4551 2 2 101 1 2086 3224 2491
4552 2 2 101 1 4436 5251 5248
4553 2 2 101 1 328 3967 327
4554 2 2 101 1 423 3978 422
4555 2 2 101 1 365 3976 364
4556 2 2 101 1 1430 2720 1428
4557 2 2 101 1 2317 2436 2319
4558 2 2 101 1 2366 2367 2002
4559 2 2 101 1 1521 4501 1524
4560 2 2 101 1 11 2000 194
4561 2 2 101 1 2651 2923 2922
4562 2 2 101 1 1119 1128 1118
4563 2 2 101 1 1987 4358 1984
4564 2 2 101 1 2949 4183 2950
4565 2 2 101 1 2192 2380 1904
4566 2 2 101 1 1101 2030 1017
4567 2 2 101 1 3636 4619 963
4568 2 2 101 1 2014 3838 1890
4569 2 2 101 1 1485 1486 1482
4570 2 2 101 1 294 3979 293
4571 2 2 101 1 224 3980 223
4572 2 2 101 1 1168 1260 1259
4573 2 2 101 1 1232 4364 3746
4574 2 2 101 1 2704 2705 2599
4575 2 2 101 1 222 3992 221
4576 2 2 101 1 1347 1569 1568
4577 2 2 101 1 1944 2791 1946
4578 2 2 101 1 3706 5542 2524
4579 2 2 101 1 1408 4291 1459
4580 2 2 101 1 4567 5411 4029
4581 2 2 101 1 704 706 705
4582 2 2 101 1 1779 1780 1778
4583 2 2 101 1 4185 4186 2962
4584 2 2 101 1 3931 3935 3933
4585 2 2 101 1 3624 4815 2188
4586 2 2 101 1 321 4245 4225
4587 2 2 101 1 969 970 968
4588 2 2 101 1 3036 3037 2921
4589 2 2 101 1 3621 4318 3618
4590 2 2 101 1 724 725 722
4591 2 2 101 1 1054 5074 3603
4592 2 2 101 1 427 4195 518
4593 2 2 101 1 3006 4144 2554
4594 2 2 101 1 1449 1450 1446
4595 2 2 101 1 1401 1402 1398
4596 2 2 101 1 2265 2597 1700
4597 2 2 101 1 4183 4184 2960
4598 2 2 101 1 1396 2592 1394
4599 2 2 101 1 518 4127 426
4600 2 2 101 1 4684 5283 4232
4601 2 2 101 1 1557 2027 1559
4602 2 2 101 1 2001 2002 1842
4603 2 2 101 1 516 4194 252
4604 2 2 101 1 2018 2462 2028
4605 2 2 101 1 2877 4635 4178
4606 2 2 101 1 384 4075 383
4607 2 2 101 1 268 4070 267
4608 2 2 101 1 1765 1767 1766
4609 2 2 101 1 3608 4386 1920
4610 2 2 101 1 958 1941 990
4611 2 2 101 1 2901 4847 2900
4612 2 2 101 1 1444 2691 1442
4613 2 2 101 1 1919 4542 2297
4614 2 2 101 1 1113 1126 1114
4615 2 2 101 1 3081 3099 3083
4616 2 2 101 1 1891 2015 2014
4617 2 2 101 1 1040 4760 1048
4618 2 2 101 1 2528 4190 3199
4619 2 2 101 1 733 734 731
4620 2 2 101 1 1911 3793 1603
4621 2 2 101 1 2637 2900 2634
4622 2 2 101 1 3814 4322 1007
4623 2 2 101 1 808 3607 807
4624 2 2 101 1 3884 4309 3885
4625 2 2 101 1 3827 5031 2872
4626 2 2 101 1 383 553 382
4627 2 2 101 1 267 555 266
4628 2 2 101 1 325 554 324
4629 2 2 101 1 1637 4289 1639
4630 2 2 101 1 2607 4373 2099
4631 2 2 101 1 4165 4166 498
4632 2 2 101 1 939 941 940
4633 2 2 101 1 4300 4326 2883
4634 2 2 101 1 2549 4244 2551
4635 2 2 101 1 2466 3465 3412
4636 2 2 101 1 1906 4284 2331
4637 2 2 101 1 2944 3087 2945
4638 2 2 101 1 1918 3653 1253
4639 2 2 101 1 4608 4683 1516
4640 2 2 101 1 2666 2667 2660
4641 2 2 101 1 2 1902 200
4642 2 2 101 1 2245 3794 2244
4643 2 2 101 1 996 4322 3764
4644 2 2 101 1 1129 1168 1167
4645 2 2 101 1 2204 2205 2203
4646 2 2 101 1 2120 4592 1525
4647 2 2 101 1 2576 3997 2180
4648 2 2 101 1 596 3052 594
4649 2 2 101 1 1933 1935 1934
4650 2 2 101 1 1863 1864 1862
4651 2 2 101 1 3218 5469 5380
4652 2 2 101 1 1867 1868 1866
4653 2 2 101 1 1065 4249 1062
4654 2 2 101 1 303 3990 302
4655 2 2 101 1 215 3991 214
4656 2 2 101 1 2239 3605 2238
4657 2 2 101 1 762 4120 761
4658 2 2 101 1 2434 4838 4708
4659 2 2 101 1 627 628 626
4660 2 2 101 1 784 3601 783
4661 2 2 101 1 1948 1952 1951
4662 2 2 101 1 3444 3447 3445
4663 2 2 101 1 2352 4200 2898
4664 2 2 101 1 4151 4579 2639
4665 2 2 101 1 1059 1060 1058
4666 2 2 101 1 1654 1703 1655
4667 2 2 101 1 2778 2779 2338
4668 2 2 101 1 1681 4209 1917
4669 2 2 101 1 4345 5061 4958
4670 2 2 101 1 3118 5193 4098
4671 2 2 101 1 2957 4185 2962
4672 2 2 101 1 4169 4245 4166
4673 2 2 101 1 1945 4429 2561
4674 2 2 101 1 1642 1645 1644
4675 2 2 101 1 1172 2054 1283
4676 2 2 101 1 2738 5564 3145
4677 2 2 101 1 1020 1038 1027
4678 2 2 101 1 2760 2761 2503
4679 2 2 101 1 2065 2067 2066
4680 2 2 101 1 4114 4293 2381
4681 2 2 101 1 3866 4143 595
4682 2 2 101 1 698 700 699
4683 2 2 101 1 1746 2546 1366
4684 2 2 101 1 1648 4067 1650
4685 2 2 101 1 3239 5447 4334
4686 2 2 101 1 554 4164 324
4687 2 2 101 1 555 4163 266
4688 2 2 101 1 553 4161 382
4689 2 2 101 1 2198 2792 2199
4690 2 2 101 1 2320 2567 2318
4691 2 2 101 1 428 4196 4195
4692 2 2 101 1 760 762 761
4693 2 2 101 1 1881 4289 2848
4694 2 2 101 1 2528 3199 3198
4695 2 2 101 1 1217 1218 1216
4696 2 2 101 1 2020 4190 2528
4697 2 2 101 1 4166 4245 498
4698 2 2 101 1 3835 3837 3836
4699 2 2 101 1 2430 2493 2043
4700 2 2 101 1 2104 4248 2102
4701 2 2 101 1 2916 2981 2914
4702 2 2 101 1 1136 4068 1117
4703 2 2 101 1 2342 3690 3688
4704 2 2 101 1 4482 4531 963
4705 2 2 101 1 1650 1654 1652
4706 2 2 101 1 1960 2800 1962
4707 2 2 101 1 2244 3794 2841
4708 2 2 101 1 3208 5149 2907
4709 2 2 101 1 2462 3386 2463
4710 2 2 101 1 1437 1438 1436
4711 2 2 101 1 1554 4785 1552
4712 2 2 101 1 2590 4440 2933
4713 2 2 101 1 807 3607 2542
4714 2 2 101 1 3763 4355 2777
4715 2 2 101 1 349 5088 3633
4716 2 2 101 1 1828 3162 2644
4717 2 2 101 1 3915 4192 2772
4718 2 2 101 1 4087 4259 4086
4719 2 2 101 1 2469 3149 3148
4720 2 2 101 1 1215 1216 1214
4721 2 2 101 1 1418 1419 1417
4722 2 2 101 1 862 869 868
4723 2 2 101 1 2238 3605 2855
4724 2 2 101 1 1682 4665 4605
4725 2 2 101 1 3205 4187 2870
4726 2 2 101 1 2706 4248 2104
4727 2 2 101 1 2522 2531 1337
4728 2 2 101 1 972 4307 974
4729 2 2 101 1 1964 1972 1966
4730 2 2 101 1 1220 1221 1218
4731 2 2 101 1 3445 4182 2806
4732 2 2 101 1 2950 4183 2953
4733 2 2 101 1 1714 4667 3468
4734 2 2 101 1 783 3601 2534
4735 2 2 101 1 1985 1997 1988
4736 2 2 101 1 1094 1097 1095
4737 2 2 101 1 1752 1753 1438
4738 2 2 101 1 1835 4119 1836
4739 2 2 101 1 2856 4208 1627
4740 2 2 101 1 2088 4271 1753
4741 2 2 101 1 4167 4168 4166
4742 2 2 101 1 1567 2423 1486
4743 2 2 101 1 686 3956 684
4744 2 2 101 1 1209 1210 1207
4745 2 2 101 1 1327 3238 3237
4746 2 2 101 1 4138 4262 3238
4747 2 2 101 1 4225 4226 530
4748 2 2 101 1 496 4902 4701
4749 2 2 101 1 2456 3182 2568
4750 2 2 101 1 3634 4953 4892
4751 2 2 101 1 3102 4076 3104
4752 2 2 101 1 650 3926 648
4753 2 2 101 1 1259 1261 1167
4754 2 2 101 1 4218 4219 4217
4755 2 2 101 1 2953 2960 2955
4756 2 2 101 1 2094 4264 1592
4757 2 2 101 1 2181 2808 2577
4758 2 2 101 1 2818 3003 2190
4759 2 2 101 1 3713 3717 3716
4760 2 2 101 1 1781 1782 1780
4761 2 2 101 1 1912 1913 1876
4762 2 2 101 1 3079 4254 3081
4763 2 2 101 1 3637 3872 3426
4764 2 2 101 1 1659 1663 1661
4765 2 2 101 1 1133 4191 3766
4766 2 2 101 1 426 4127 425
4767 2 2 101 1 1420 1422 1419
4768 2 2 101 1 2637 2901 2900
4769 2 2 101 1 2922 4199 2649
4770 2 2 101 1 252 4194 251
4771 2 2 101 1 3575 3835 3576
4772 2 2 101 1 758 760 759
4773 2 2 101 1 2507 3513 3187
4774 2 2 101 1 1243 1244 1221
4775 2 2 101 1 2953 4183 2960
4776 2 2 101 1 882 884 883
4777 2 2 101 1 680 3830 678
4778 2 2 101 1 1412 1849 1410
4779 2 2 101 1 1511 2411 1402
4780 2 2 101 1 3804 4274 3801
4781 2 2 101 1 1489 2033 2032
4782 2 2 101 1 2772 3838 2014
4783 2 2 101 1 1901 2363 2347
4784 2 2 101 1 927 929 928
4785 2 2 101 1 3068 3142 2531
4786 2 2 101 1 2331 4284 3965
4787 2 2 101 1 2865 4823 870
4788 2 2 101 1 971 2016 970
4789 2 2 101 1 2283 3141 2773
4790 2 2 101 1 1529 4090 2537
4791 2 2 101 1 4194 5287 3008
4792 2 2 101 1 1729 1731 1730
4793 2 2 101 1 4210 4211 556
4794 2 2 101 1 826 827 825
4795 2 2 101 1 2460 4386 3342
4796 2 2 101 1 3075 3076 3074
4797 2 2 101 1 3912 4808 3914
4798 2 2 101 1 1812 2382 1957
4799 2 2 101 1 471 4193 326
4800 2 2 101 1 2494 2497 2493
4801 2 2 101 1 1161 3725 745
4802 2 2 101 1 1813 2983 2400
4803 2 2 101 1 824 825 822
4804 2 2 101 1 2274 2275 1913
4805 2 2 101 1 2297 4542 2838
4806 2 2 101 1 842 862 861
4807 2 2 101 1 3240 5385 4685
4808 2 2 101 1 1213 1214 1212
4809 2 2 101 1 670 3957 668
4810 2 2 101 1 2955 4185 2957
4811 2 2 101 1 1811 3745 2513
4812 2 2 101 1 1909 4660 2426
4813 2 2 101 1 1981 2810 1983
4814 2 2 101 1 951 4008 958
4815 2 2 101 1 664 3797 662
4816 2 2 101 1 2760 3943 2761
4817 2 2 101 1 1787 1788 1786
4818 2 2 101 1 3822 5249 538
4819 2 2 101 1 3486 4856 1822
4820 2 2 101 1 3445 4604 4182
4821 2 2 101 1 766 768 767
4822 2 2 101 1 3269 3467 3155
4823 2 2 101 1 2252 4358 1987
4824 2 2 101 1 2122 2286 2121
4825 2 2 101 1 1917 4209 2486
4826 2 2 101 1 941 943 942
4827 2 2 101 1 253 516 252
4828 2 2 101 1 369 517 368
4829 2 2 101 1 427 518 426
4830 2 2 101 1 428 4195 427
4831 2 2 101 1 3534 3536 3535
4832 2 2 101 1 768 770 769
4833 2 2 101 1 943 945 944
4834 2 2 101 1 2313 2315 2314
4835 2 2 101 1 1119 1129 1128
4836 2 2 101 1 1688 1831 1830
4837 2 2 101 1 1385 2393 1388
4838 2 2 101 1 1416 1417 1414
4839 2 2 101 1 597 601 599
4840 2 2 101 1 2498 2499 2497
4841 2 2 101 1 2179 4158 2736
4842 2 2 101 1 2071 2073 2072
4843 2 2 101 1 1750 4135 1751
4844 2 2 101 1 2957 2962 2961
4845 2 2 101 1 4216 4217 528
4846 2 2 101 1 601 605 602
4847 2 2 101 1 2152 4444 2154
4848 2 2 101 1 631 632 630
4849 2 2 101 1 2486 2949 2948
4850 2 2 101 1 945 947 946
4851 2 2 101 1 989 3829 950
4852 2 2 101 1 2067 2069 2068
4853 2 2 101 1 1783 1784 1782
4854 2 2 101 1 1750 1751 1450
4855 2 2 101 1 2344 2985 2343
4856 2 2 101 1 2544 3899 1417
4857 2 2 101 1 2652 4758 3758
4858 2 2 101 1 2019 4203 2018
4859 2 2 101 1 4229 4233 4230
4860 2 2 101 1 3205 4188 4187
4861 2 2 101 1 1836 4119 1839
4862 2 2 101 1 2189 2998 1605
4863 2 2 101 1 3312 3313 3311
4864 2 2 101 1 764 766 765
4865 2 2 101 1 1935 1937 1936
4866 2 2 101 1 3000 3001 2974
4867 2 2 101 1 3808 4247 1329
4868 2 2 101 1 1952 1954 1953
4869 2 2 101 1 1227 1228 1165
4870 2 2 101 1 826 4445 829
4871 2 2 101 1 806 808 807
4872 2 2 101 1 1423 1424 1422
4873 2 2 101 1 1923 1926 1921
4874 2 2 101 1 1342 4984 3780
4875 2 2 101 1 2848 4289 3501
4876 2 2 101 1 928 4438 925
4877 2 2 101 1 4398 4560 2983
4878 2 2 101 1 3003 4294 2190
4879 2 2 101 1 394 5344 3489
4880 2 2 101 1 2067 4243 2070
4881 2 2 101 1 1633 1634 1632
4882 2 2 101 1 1831 1833 1832
4883 2 2 101 1 2671 4148 2477
4884 2 2 101 1 800 802 801
4885 2 2 101 1 630 4545 629
4886 2 2 101 1 499 4207 380
4887 2 2 101 1 1529 2537 1853
4888 2 2 101 1 1664 1668 1666
4889 2 2 101 1 3199 3371 3198
4890 2 2 101 1 829 830 827
4891 2 2 101 1 3099 4179 3100
4892 2 2 101 1 3078 3079 3076
4893 2 2 101 1 2350 2351 2275
4894 2 2 101 1 2629 2630 2627
4895 2 2 101 1 2549 2550 2499
4896 2 2 101 1 1954 1956 1955
4897 2 2 101 1 1281 4562 1291
4898 2 2 101 1 262 4227 532
4899 2 2 101 1 2206 2207 2205
4900 2 2 101 1 774 776 775
4901 2 2 101 1 3189 3191 3190
4902 2 2 101 1 776 4145 775
4903 2 2 101 1 1672 1674 1673
4904 2 2 101 1 794 796 795
4905 2 2 101 1 3431 4999 3078
4906 2 2 101 1 1610 4272 1514
4907 2 2 101 1 3110 3174 3173
4908 2 2 101 1 2539 3578 2987
4909 2 2 101 1 2243 2245 2244
4910 2 2 101 1 3478 3479 2884
4911 2 2 101 1 782 784 783
4912 2 2 101 1 1972 1974 1973
4913 2 2 101 1 263 4227 262
4914 2 2 101 1 2834 4256 3999
4915 2 2 101 1 780 782 781
4916 2 2 101 1 788 790 789
4917 2 2 101 1 4216 4218 4217
4918 2 2 101 1 2237 2239 2238
4919 2 2 101 1 3023 5479 4217
4920 2 2 101 1 2137 2139 2138
4921 2 2 101 1 3478 3488 3480
4922 2 2 101 1 1377 4261 1375
4923 2 2 101 1 2547 3422 2546
4924 2 2 101 1 2639 2758 2569
4925 2 2 101 1 2163 2904 2213
4926 2 2 101 1 1506 4276 1504
4927 2 2 101 1 4824 5338 3363
4928 2 2 101 1 2157 2159 2158
4929 2 2 101 1 1631 1632 1630
4930 2 2 101 1 320 4225 530
4931 2 2 101 1 2047 4006 4005
4932 2 2 101 1 804 806 805
4933 2 2 101 1 1956 2857 2119
4934 2 2 101 1 1061 4699 1058
4935 2 2 101 1 528 4196 429
4936 2 2 101 1 812 814 813
4937 2 2 101 1 2231 2233 2232
4938 2 2 101 1 1974 1976 1975
4939 2 2 101 1 3000 4311 3001
4940 2 2 101 1 1236 1237 1235
4941 2 2 101 1 2229 2231 2230
4942 2 2 101 1 1674 1677 1675
4943 2 2 101 1 1659 4300 1663
4944 2 2 101 1 307 4205 451
4945 2 2 101 1 2352 2353 2351
4946 2 2 101 1 380 4207 379
4947 2 2 101 1 321 4225 320
4948 2 2 101 1 4091 4270 2558
4949 2 2 101 1 1140 1142 1141
4950 2 2 101 1 1976 1978 1977
4951 2 2 101 1 2390 4280 2353
4952 2 2 101 1 429 4196 428
4953 2 2 101 1 3800 5019 4019
4954 2 2 101 1 507 4223 271
4955 2 2 101 1 798 800 799
4956 2 2 101 1 4220 4221 4219
4957 2 2 101 1 3099 3100 3083
4958 2 2 101 1 1685 2839 1653
4959 2 2 101 1 605 607 606
4960 2 2 101 1 772 774 773
4961 2 2 101 1 1531 1533 1532
4962 2 2 101 1 2283 4439 3141
4963 2 2 101 1 1015 3916 1018
4964 2 2 101 1 2551 2552 2550
4965 2 2 101 1 2922 4591 4199
4966 2 2 101 1 2962 2963 2961
4967 2 2 101 1 533 4233 4229
4968 2 2 101 1 983 984 982
4969 2 2 101 1 792 794 793
4970 2 2 101 1 1950 4429 1947
4971 2 2 101 1 4229 4230 586
4972 2 2 101 1 2759 3451 2758
4973 2 2 101 1 2456 4202 3182
4974 2 2 101 1 2078 2080 2079
4975 2 2 101 1 2486 4209 2949
4976 2 2 101 1 2241 2243 2242
4977 2 2 101 1 3862 4971 3243
4978 2 2 101 1 324 4164 323
4979 2 2 101 1 382 4161 381
4980 2 2 101 1 266 4163 265
4981 2 2 101 1 2018 2028 1703
4982 2 2 101 1 1657 4326 4300
4983 2 2 101 1 986 993 984
4984 2 2 101 1 1669 1672 1671
4985 2 2 101 1 1978 4157 1977
4986 2 2 101 1 2925 2926 2484
4987 2 2 101 1 778 780 779
4988 2 2 101 1 786 788 787
4989 2 2 101 1 981 982 979
4990 2 2 101 1 1255 1256 1254
4991 2 2 101 1 2235 2237 2236
4992 2 2 101 1 2161 2163 2162
4993 2 2 101 1 2073 2075 2074
4994 2 2 101 1 4055 4057 4056
4995 2 2 101 1 2625 4420 4381
4996 2 2 101 1 323 498 322
4997 2 2 101 1 265 500 264
4998 2 2 101 1 381 499 380
4999 2 2 101 1 2443 3818 1940
5000 2 2 101 1 1112 1119 1118
5001 2 2 101 1 2005 5237 3355
5002 2 2 101 1 1003 1004 998
5003 2 2 101 1 2211 4637 2209
5004 2 2 101 1 1425 1426 1424
5005 2 2 101 1 2382 2454 2398
5006 2 2 101 1 1937 1993 1938
5007 2 2 101 1 2227 2229 2228
5008 2 2 101 1 1022 1023 1004
5009 2 2 101 1 1533 1535 1534
5010 2 2 101 1 1871 4132 1870
5011 2 2 101 1 1057 4729 1050
5012 2 2 101 1 1833 1835 1834
5013 2 2 101 1 2155 2157 2156
5014 2 2 101 1 810 812 811
5015 2 2 101 1 995 998 993
5016 2 2 101 1 814 4177 813
5017 2 2 101 1 2428 4468 3171
5018 2 2 101 1 4230 4231 586
5019 2 2 101 1 2135 2137 2136
5020 2 2 101 1 2594 5117 2605
5021 2 2 101 1 530 4228 319
5022 2 2 101 1 544 4222 213
5023 2 2 101 1 211 474 210
5024 2 2 101 1 307 451 306
5025 2 2 101 1 1602 4366 2659
5026 2 2 101 1 2401 2402 2025
5027 2 2 101 1 1142 1144 1143
5028 2 2 101 1 978 979 977
5029 2 2 101 1 1024 1025 1023
5030 2 2 101 1 816 818 817
5031 2 2 101 1 556 4205 308
5032 2 2 101 1 319 4228 318
5033 2 2 101 1 4248 4359 2102
5034 2 2 101 1 557 4212 208
5035 2 2 101 1 2953 2955 2954
5036 2 2 101 1 3107 3108 3106
5037 2 2 101 1 4204 4875 3792
5038 2 2 101 1 2118 4272 1610
5039 2 2 101 1 607 609 608
5040 2 2 101 1 1284 1285 1256
5041 2 2 101 1 1099 2600 1105
5042 2 2 101 1 1708 1709 1707
5043 2 2 101 1 1615 4261 1377
5044 2 2 101 1 2950 2953 2952
5045 2 2 101 1 609 611 610
5046 2 2 101 1 2208 2209 2207
5047 2 2 101 1 2183 4276 1506
5048 2 2 101 1 2876 2878 2877
5049 2 2 101 1 2015 2778 2338
5050 2 2 101 1 2916 2982 2981
5051 2 2 101 1 2871 4293 4114
5052 2 2 101 1 2981 4397 2914
5053 2 2 101 1 5194 5604 4088
5054 2 2 101 1 3662 3753 3660
5055 2 2 101 1 1576 2603 1574
5056 2 2 101 1 430 4216 528
5057 2 2 101 1 4230 4232 4231
5058 2 2 101 1 501 4210 310
5059 2 2 101 1 2633 2634 2631
5060 2 2 101 1 1275 1347 1346
5061 2 2 101 1 710 4090 1529
5062 2 2 101 1 735 736 734
5063 2 2 101 1 308 4205 307
5064 2 2 101 1 309 556 308
5065 2 2 101 1 209 557 208
5066 2 2 101 1 635 636 634
5067 2 2 101 1 1043 1502 1033
5068 2 2 101 1 1767 1769 1768
5069 2 2 101 1 947 949 948
5070 2 2 101 1 2591 3211 2653
5071 2 2 101 1 1516 4847 3552
5072 2 2 101 1 309 4210 556
5073 2 2 101 1 1017 3916 1015
5074 2 2 101 1 960 962 961
5075 2 2 101 1 1311 1312 1285
5076 2 2 101 1 584 4214 257
5077 2 2 101 1 2405 2406 2360
5078 2 2 101 1 2049 2050 1733
5079 2 2 101 1 1637 1638 1636
5080 2 2 101 1 1646 4146 1648
5081 2 2 101 1 1063 1064 1062
5082 2 2 101 1 256 526 255
5083 2 2 101 1 430 528 429
5084 2 2 101 1 372 529 371
5085 2 2 101 1 962 965 964
5086 2 2 101 1 992 1130 997
5087 2 2 101 1 207 4212 497
5088 2 2 101 1 1927 1928 1926
5089 2 2 101 1 256 4214 526
5090 2 2 101 1 1537 1596 1538
5091 2 2 101 1 1789 1790 1788
5092 2 2 101 1 965 967 966
5093 2 2 101 1 322 4245 321
5094 2 2 101 1 967 969 968
5095 2 2 101 1 208 4212 207
5096 2 2 101 1 376 4224 585
5097 2 2 101 1 431 4216 430
5098 2 2 101 1 1107 1121 1106
5099 2 2 101 1 2214 4452 2620
5100 2 2 101 1 378 531 377
5101 2 2 101 1 262 532 261
5102 2 2 101 1 320 530 319
5103 2 2 101 1 2818 3004 3003
5104 2 2 101 1 1596 1598 1597
5105 2 2 101 1 531 4224 377
5106 2 2 101 1 326 4193 325
5107 2 2 101 1 2386 4521 2842
5108 2 2 101 1 1183 4275 1185
5109 2 2 101 1 2210 2211 2209
5110 2 2 101 1 2872 2873 2708
5111 2 2 101 1 1363 1364 1261
5112 2 2 101 1 1535 1537 1536
5113 2 2 101 1 310 4210 309
5114 2 2 101 1 311 501 310
5115 2 2 101 1 207 497 206
5116 2 2 101 1 257 4214 256
5117 2 2 101 1 4074 4554 4071
5118 2 2 101 1 2666 3252 2667
5119 2 2 101 1 258 584 257
5120 2 2 101 1 260 587 259
5121 2 2 101 1 376 585 375
5122 2 2 101 1 3325 4325 3322
5123 2 2 101 1 377 4224 376
5124 2 2 101 1 2707 2708 2706
5125 2 2 101 1 1199 1203 1202
5126 2 2 101 1 202 4229 586
5127 2 2 101 1 314 527 313
5128 2 2 101 1 204 533 203
5129 2 2 101 1 533 4229 203
5130 2 2 101 1 203 4229 202
5131 2 2 101 1 202 586 201
5132 2 2 101 1 93 4242 479
5133 2 2 101 1 95 4241 558
5134 2 2 101 1 80 438 79
5135 2 2 101 1 94 4242 93
5136 2 2 101 1 74 433 73
5137 2 2 101 1 77 520 76
5138 2 2 101 1 85 439 84
5139 2 2 101 1 560 4235 86
5140 2 2 101 1 95 558 94
5141 2 2 101 1 83 561 82
5142 2 2 101 1 102 435 101
5143 2 2 101 1 93 479 92
5144 2 2 101 1 442 4241 96
5145 2 2 101 1 87 560 86
5146 2 2 101 1 105 519 104
5147 2 2 101 1 97 442 96
5148 2 2 101 1 108 434 107
5149 2 2 101 1 85 4235 439
5150 2 2 101 1 89 496 88
5151 2 2 101 1 558 4242 94
5152 2 2 101 1 96 4241 95
5153 2 2 101 1 100 559 99
5154 2 2 101 1 86 4235 85
5155 2 2 101 1 1000 2622 1002
5156 2 2 101 1 1300 4558 2594
5157 2 2 101 1 2949 2950 2948
5158 2 2 101 1 1164 1165 1127
5159 2 2 101 1 3026 3027 3025
5160 2 2 101 1 2579 4461 1479
5161 2 2 101 1 3053 4809 2797
5162 2 2 101 1 884 886 885
5163 2 2 101 1 1113 1114 1053
5164 2 2 101 1 2637 4246 2901
5165 2 2 101 1 3262 3263 2729
5166 2 2 101 1 1698 3839 1426
5167 2 2 101 1 4037 4688 4036
5168 2 2 101 1 4218 4220 4219
5169 2 2 101 1 3971 3973 3972
5170 2 2 101 1 3553 3554 3131
5171 2 2 101 1 2820 4725 3459
5172 2 2 101 1 4654 4818 1668
5173 2 2 101 1 4057 4059 4058
5174 2 2 101 1 1677 1679 1678
5175 2 2 101 1 3700 3702 1325
5176 2 2 101 1 2658 4531 4482
5177 2 2 101 1 985 5315 172
5178 2 2 101 1 1313 1314 1312
5179 2 2 101 1 2040 4363 1551
5180 2 2 101 1 2054 2055 1283
5181 2 2 101 1 2585 3981 2236
5182 2 2 101 1 1031 1032 1025
5183 2 2 101 1 3314 3315 3313
5184 2 2 101 1 3046 3754 2449
5185 2 2 101 1 1181 2140 1183
5186 2 2 101 1 3443 3444 2806
5187 2 2 101 1 2805 2806 2608
5188 2 2 101 1 714 718 717
5189 2 2 101 1 949 951 950
5190 2 2 101 1 3492 3493 3452
5191 2 2 101 1 1639 1640 1638
5192 2 2 101 1 2056 2057 2055
5193 2 2 101 1 1230 1231 1177
5194 2 2 101 1 2080 2082 2081
5195 2 2 101 1 975 977 973
5196 2 2 101 1 2212 2565 2211
5197 2 2 101 1 831 832 830
5198 2 2 101 1 1034 4198 1044
5199 2 2 101 1 4695 4730 864
5200 2 2 101 1 3620 3623 3621
5201 2 2 101 1 1997 1999 1998
5202 2 2 101 1 1308 1403 1307
5203 2 2 101 1 1645 1646 1644
5204 2 2 101 1 1679 1684 1680
5205 2 2 101 1 3151 3152 3150
5206 2 2 101 1 4381 4420 1421
5207 2 2 101 1 637 638 636
5208 2 2 101 1 1641 1642 1640
5209 2 2 101 1 1227 4394 1228
5210 2 2 101 1 1006 1010 1009
5211 2 2 101 1 1138 1140 1139
5212 2 2 101 1 1684 1740 1739
5213 2 2 101 1 498 4245 322
5214 2 2 101 1 2955 2957 2956
5215 2 2 101 1 1187 4282 1189
5216 2 2 101 1 271 4223 270
5217 2 2 101 1 1654 1655 1652
5218 2 2 101 1 1144 1146 1145
5219 2 2 101 1 2082 2084 2083
5220 2 2 101 1 213 4222 212
5221 2 2 101 1 1598 1618 1599
5222 2 2 101 1 1176 1177 1160
5223 2 2 101 1 2176 2178 2177
5224 2 2 101 1 2983 2984 2400
5225 2 2 101 1 1178 4527 598
5226 2 2 101 1 1663 1664 1661
5227 2 2 101 1 818 820 819
5228 2 2 101 1 3728 4269 3732
5229 2 2 101 1 2313 2314 2007
5230 2 2 101 1 2462 2463 2028
5231 2 2 101 1 974 4307 1181
5232 2 2 101 1 611 614 612
5233 2 2 101 1 3081 4254 3099
5234 2 2 101 1 3018 3517 2998
5235 2 2 101 1 1320 2116 1905
5236 2 2 101 1 1185 1607 1187
5237 2 2 101 1 617 619 618
5238 2 2 101 1 3024 3025 2289
5239 2 2 101 1 3324 4863 3327
5240 2 2 101 1 2594 2604 1338
5241 2 2 101 1 2117 2591 2587
5242 2 2 101 1 2340 2608 1817
5243 2 2 101 1 886 888 887
5244 2 2 101 1 2363 3038 2797
5245 2 2 101 1 2551 4244 3375
5246 2 2 101 1 1882 1883 1364
5247 2 2 101 1 1618 1805 1619
5248 2 2 101 1 1740 2097 2096
5249 2 2 101 1 2636 2637 2634
5250 2 2 101 1 5370 5412 910
5251 2 2 101 1 1196 1199 1198
5252 2 2 101 1 708 710 709
5253 2 2 101 1 1929 1930 1928
5254 2 2 101 1 720 722 721
5255 2 2 101 1 1056 1059 1058
5256 2 2 101 1 2384 4349 1287
5257 2 2 101 1 920 921 919
5258 2 2 101 1 1157 4283 3817
5259 2 2 101 1 1629 4443 1581
5260 2 2 101 1 1385 4387 2393
5261 2 2 101 1 2439 3427 2337
5262 2 2 101 1 1370 4324 4273
5263 2 2 101 1 2214 2620 2495
5264 2 2 101 1 833 834 832
5265 2 2 101 1 614 617 615
5266 2 2 101 1 2953 2954 2952
5267 2 2 101 1 1836 1839 1838
5268 2 2 101 1 5292 5445 3849
5269 2 2 101 1 1805 1807 1806
5270 2 2 101 1 3621 4594 4318
5271 2 2 101 1 3149 3150 3148
5272 2 2 101 1 1742 4125 2086
5273 2 2 101 1 2629 2631 2630
5274 2 2 101 1 1907 2094 1592
5275 2 2 101 1 2728 2729 1967
5276 2 2 101 1 3281 3283 3282
5277 2 2 101 1 1189 1222 1191
5278 2 2 101 1 1039 1045 1040
5279 2 2 101 1 717 4315 4090
5280 2 2 101 1 1839 1842 1840
5281 2 2 101 1 1895 1896 1627
5282 2 2 101 1 1041 4511 1893
5283 2 2 101 1 1481 4461 1484
5284 2 2 101 1 924 925 923
5285 2 2 101 1 2955 2956 2954
5286 2 2 101 1 2186 2337 2185
5287 2 2 101 1 4265 4349 2384
5288 2 2 101 1 2084 2174 2173
5289 2 2 101 1 641 642 640
5290 2 2 101 1 536 3878 3877
5291 2 2 101 1 3505 5027 3504
5292 2 2 101 1 2095 2456 2094
5293 2 2 101 1 2167 2257 2168
5294 2 2 101 1 1316 1317 1178
5295 2 2 101 1 2949 4442 4183
5296 2 2 101 1 1146 1148 1147
5297 2 2 101 1 1893 2196 1979
5298 2 2 101 1 835 836 834
5299 2 2 101 1 3834 4257 4113
5300 2 2 101 1 2568 4264 2094
5301 2 2 101 1 2667 4531 2660
5302 2 2 101 1 724 726 725
5303 2 2 101 1 4040 4044 4042
5304 2 2 101 1 2164 2167 2165
5305 2 2 101 1 1323 1324 1314
5306 2 2 101 1 649 650 648
5307 2 2 101 1 645 646 644
5308 2 2 101 1 728 730 729
5309 2 2 101 1 2767 2859 2457
5310 2 2 101 1 2196 2420 2418
5311 2 2 101 1 2957 2961 2959
5312 2 2 101 1 2559 4114 1882
5313 2 2 101 1 3778 5011 1180
5314 2 2 101 1 846 4296 844
5315 2 2 101 1 3488 4879 3480
5316 2 2 101 1 1281 1291 1290
5317 2 2 101 1 1014 1017 1015
5318 2 2 101 1 691 692 690
5319 2 2 101 1 2578 2706 2104
5320 2 2 101 1 1308 2414 1403
5321 2 2 101 1 1668 1669 1666
5322 2 2 101 1 1203 1205 1204
5323 2 2 101 1 276 4814 3761
5324 2 2 101 1 4315 4773 2888
5325 2 2 101 1 1278 1624 1279
5326 2 2 101 1 2778 3432 2779
5327 2 2 101 1 1012 1014 1013
5328 2 2 101 1 2603 4175 1574
5329 2 2 101 1 2860 2861 2859
5330 2 2 101 1 4096 4586 1897
5331 2 2 101 1 1383 2811 1381
5332 2 2 101 1 2058 2059 2057
5333 2 2 101 1 2934 3228 2441
5334 2 2 101 1 685 686 684
5335 2 2 101 1 3025 4500 2289
5336 2 2 101 1 2339 4308 1991
5337 2 2 101 1 888 890 889
5338 2 2 101 1 1099 4198 2600
5339 2 2 101 1 3890 3899 2544
5340 2 2 101 1 555 4554 4163
5341 2 2 101 1 1626 1627 1578
5342 2 2 101 1 3011 3012 2861
5343 2 2 101 1 2705 2937 2936
5344 2 2 101 1 2065 2066 2063
5345 2 2 101 1 1459 4291 2807
5346 2 2 101 1 2620 3369 3368
5347 2 2 101 1 3013 3062 3012
5348 2 2 101 1 1674 1675 1673
5349 2 2 101 1 1620 1735 1324
5350 2 2 101 1 2420 2921 2920
5351 2 2 101 1 2060 2062 2059
5352 2 2 101 1 2560 3206 3205
5353 2 2 101 1 2650 2651 2649
5354 2 2 101 1 2287 2590 2286
5355 2 2 101 1 1416 1418 1417
5356 2 2 101 1 2553 2554 865
5357 2 2 101 1 679 680 678
5358 2 2 101 1 1270 1271 1269
5359 2 2 101 1 1480 4475 2588
5360 2 2 101 1 2306 3035 3015
5361 2 2 101 1 726 728 727
5362 2 2 101 1 4200 5037 3127
5363 2 2 101 1 4156 4683 4608
5364 2 2 101 1 1268 1269 1267
5365 2 2 101 1 1266 1267 1265
5366 2 2 101 1 2788 3350 3349
5367 2 2 101 1 2605 2606 2604
5368 2 2 101 1 4028 4031 4030
5369 2 2 101 1 1672 1673 1671
5370 2 2 101 1 1305 2384 1287
5371 2 2 101 1 1404 2619 1406
5372 2 2 101 1 675 676 674
5373 2 2 101 1 3261 5457 5123
5374 2 2 101 1 1069 1070 1068
5375 2 2 101 1 2306 4375 3035
5376 2 2 101 1 3316 3317 3315
5377 2 2 101 1 655 656 654
5378 2 2 101 1 1870 4132 1873
5379 2 2 101 1 1262 1263 1260
5380 2 2 101 1 669 670 668
5381 2 2 101 1 1769 1771 1770
5382 2 2 101 1 3417 3418 2510
5383 2 2 101 1 1712 1713 1711
5384 2 2 101 1 485 5274 3366
5385 2 2 101 1 896 897 895
5386 2 2 101 1 1662 4284 1906
5387 2 2 101 1 1467 4306 1465
5388 2 2 101 1 2957 2959 2956
5389 2 2 101 1 659 660 658
5390 2 2 101 1 663 664 662
5391 2 2 101 1 1159 1160 1122
5392 2 2 101 1 1418 1420 1419
5393 2 2 101 1 2630 4420 2627
5394 2 2 101 1 1697 2112 1462
5395 2 2 101 1 2252 4896 3498
5396 2 2 101 1 987 4472 4459
5397 2 2 101 1 1264 1265 1263
5398 2 2 101 1 562 5199 3485
5399 2 2 101 1 2486 2948 2947
5400 2 2 101 1 2441 4382 2439
5401 2 2 101 1 2028 4326 1703
5402 2 2 101 1 4300 4704 1663
5403 2 2 101 1 1622 2185 1545
5404 2 2 101 1 687 688 686
5405 2 2 101 1 1041 1893 1601
5406 2 2 101 1 2555 3006 2554
5407 2 2 101 1 2097 2448 2447
5408 2 2 101 1 2950 2952 2951
5409 2 2 101 1 2483 5143 3906
5410 2 2 101 1 1743 1876 1306
5411 2 2 101 1 870 2939 2938
5412 2 2 101 1 837 838 836
5413 2 2 101 1 4436 5248 3144
5414 2 2 101 1 702 3942 700
5415 2 2 101 1 2662 2682 2664
5416 2 2 101 1 2633 2636 2634
5417 2 2 101 1 619 622 620
5418 2 2 101 1 2020 2528 2526
5419 2 2 101 1 1148 1151 1149
5420 2 2 101 1 3342 3439 2479
5421 2 2 101 1 2608 4286 1817
5422 2 2 101 1 2854 3359 2346
5423 2 2 101 1 1459 1887 1886
5424 2 2 101 1 1126 1127 1114
5425 2 2 101 1 681 682 680
5426 2 2 101 1 2518 3602 2593
5427 2 2 101 1 3007 3429 3006
5428 2 2 101 1 651 652 650
5429 2 2 101 1 534 3681 590
5430 2 2 101 1 2253 4429 1950
5431 2 2 101 1 1010 1012 1011
5432 2 2 101 1 1205 1207 1206
5433 2 2 101 1 1676 4442 4316
5434 2 2 101 1 2546 4394 1366
5435 2 2 101 1 2146 4374 2148
5436 2 2 101 1 738 739 736
5437 2 2 101 1 1639 4289 1881
5438 2 2 101 1 504 4027 4026
5439 2 2 101 1 3088 5417 3087
5440 2 2 101 1 2454 2886 2885
5441 2 2 101 1 2477 4148 2896
5442 2 2 101 1 2648 2649 1035
5443 2 2 101 1 11 3568 2000
5444 2 2 101 1 2943 2944 2923
5445 2 2 101 1 3374 3911 2511
5446 2 2 101 1 820 822 821
5447 2 2 101 1 3117 3247 3114
5448 2 2 101 1 4168 4169 4166
5449 2 2 101 1 2956 2958 2954
5450 2 2 101 1 3888 4787 3889
5451 2 2 101 1 1550 1552 1548
5452 2 2 101 1 3376 3397 2959
5453 2 2 101 1 2937 3259 3258
5454 2 2 101 1 999 4322 996
5455 2 2 101 1 3194 3256 2607
5456 2 2 101 1 1999 2122 2121
5457 2 2 101 1 671 672 670
5458 2 2 101 1 2446 3179 3178
5459 2 2 101 1 1931 1932 1930
5460 2 2 101 1 665 666 664
5461 2 2 101 1 436 4884 3571
5462 2 2 101 1 1818 4377 2004
5463 2 2 101 1 4068 4777 3461
5464 2 2 101 1 1045 1049 1046
5465 2 2 101 1 4044 5384 4042
5466 2 2 101 1 2961 3376 2959
5467 2 2 101 1 1210 1212 1211
5468 2 2 101 1 1044 4198 1099
5469 2 2 101 1 1318 4543 1992
5470 2 2 101 1 4101 4916 643
5471 2 2 101 1 2573 2684 2571
5472 2 2 101 1 1185 4275 1607
5473 2 2 101 1 890 892 891
5474 2 2 101 1 918 919 917
5475 2 2 101 1 1677 1678 1675
5476 2 2 101 1 3290 5264 3288
5477 2 2 101 1 749 750 748
5478 2 2 101 1 2090 2091 1896
5479 2 2 101 1 1204 4397 1202
5480 2 2 101 1 1553 1554 1552
5481 2 2 101 1 1379 1615 1377
5482 2 2 101 1 3001 3074 3073
5483 2 2 101 1 2950 2951 2948
5484 2 2 101 1 3081 3083 3082
5485 2 2 101 1 2179 2736 2735
5486 2 2 101 1 368 4390 367
5487 2 2 101 1 2107 2261 1757
5488 2 2 101 1 4016 4416 1884
5489 2 2 101 1 2004 2787 2378
5490 2 2 101 1 2148 2164 2151
5491 2 2 101 1 1875 5201 1786
5492 2 2 101 1 3444 3448 3447
5493 2 2 101 1 1073 1074 1072
5494 2 2 101 1 2144 3045 2146
5495 2 2 101 1 2092 4318 1808
5496 2 2 101 1 3611 4508 3609
5497 2 2 101 1 3333 4837 3334
5498 2 2 101 1 2113 2190 2112
5499 2 2 101 1 1594 1608 1566
5500 2 2 101 1 2685 2686 2684
5501 2 2 101 1 3016 3335 2756
5502 2 2 101 1 1420 1423 1422
5503 2 2 101 1 1455 2268 1453
5504 2 2 101 1 4221 4287 4219
5505 2 2 101 1 3100 3102 3101
5506 2 2 101 1 1716 1717 1715
5507 2 2 101 1 1408 1459 1458
5508 2 2 101 1 2528 3198 2815
5509 2 2 101 1 1878 1879 1608
5510 2 2 101 1 1807 1809 1808
5511 2 2 101 1 926 927 925
5512 2 2 101 1 3140 3442 2475
5513 2 2 101 1 1370 4273 1452
5514 2 2 101 1 4316 4442 4209
5515 2 2 101 1 3105 3106 2741
5516 2 2 101 1 1917 2486 2485
5517 2 2 101 1 2748 4624 1293
5518 2 2 101 1 2527 2596 2123
5519 2 2 101 1 4605 4665 4184
5520 2 2 101 1 2952 2964 2951
5521 2 2 101 1 1883 2381 2006
5522 2 2 101 1 916 917 913
5523 2 2 101 1 2571 4363 2040
5524 2 2 101 1 3322 3323 3321
5525 2 2 101 1 1049 1055 1050
5526 2 2 101 1 2659 4366 2662
5527 2 2 101 1 2184 2284 1879
5528 2 2 101 1 2442 2607 2099
5529 2 2 101 1 2598 2704 2599
5530 2 2 101 1 3914 4449 1491
5531 2 2 101 1 1452 1456 1454
5532 2 2 101 1 730 733 731
5533 2 2 101 1 2279 4159 1814
5534 2 2 101 1 2859 4202 2457
5535 2 2 101 1 932 933 931
5536 2 2 101 1 4388 4472 2100
5537 2 2 101 1 1060 1063 1062
5538 2 2 101 1 4406 5375 3473
5539 2 2 101 1 1571 2674 1818
5540 2 2 101 1 1831 1832 1830
5541 2 2 101 1 1303 1307 1302
5542 2 2 101 1 2285 3861 2284
5543 2 2 101 1 1396 4476 2592
5544 2 2 101 1 4272 4417 1514
5545 2 2 101 1 2744 2796 2745
5546 2 2 101 1 3079 3081 3080
5547 2 2 101 1 2201 2204 2203
5548 2 2 101 1 3791 4996 2892
5549 2 2 101 1 2457 4202 2456
5550 2 2 101 1 1452 4273 1456
5551 2 2 101 1 3320 3321 3319
5552 2 2 101 1 1612 2118 1610
5553 2 2 101 1 3324 3326 3323
5554 2 2 101 1 3337 3546 3338
5555 2 2 101 1 1731 1800 1799
5556 2 2 101 1 1274 1275 1273
5557 2 2 101 1 1189 4282 1222
5558 2 2 101 1 2142 3044 2482
5559 2 2 101 1 4689 5441 3804
5560 2 2 101 1 2 3570 1902
5561 2 2 101 1 1887 2302 2301
5562 2 2 101 1 2951 4278 2948
5563 2 2 101 1 2964 3217 2951
5564 2 2 101 1 1889 2451 1891
5565 2 2 101 1 2345 2346 1874
5566 2 2 101 1 2260 3161 2091
5567 2 2 101 1 1404 4329 2619
5568 2 2 101 1 3624 4594 3621
5569 2 2 101 1 2620 4267 3369
5570 2 2 101 1 2265 2598 2597
5571 2 2 101 1 3832 4471 2225
5572 2 2 101 1 543 5042 3990
5573 2 2 101 1 76 4312 75
5574 2 2 101 1 520 4312 76
5575 2 2 101 1 3876 4580 4434
5576 2 2 101 1 851 4445 826
5577 2 2 101 1 1659 1661 1660
5578 2 2 101 1 4055 4056 4053
5579 2 2 101 1 2948 4278 2947
5580 2 2 101 1 2774 4882 3665
5581 2 2 101 1 1874 4383 1612
5582 2 2 101 1 1684 1739 1680
5583 2 2 101 1 3546 4931 585
5584 2 2 101 1 1679 1680 1678
5585 2 2 101 1 622 625 623
5586 2 2 101 1 1740 2096 1739
5587 2 2 101 1 2983 4430 4398
5588 2 2 101 1 1244 1246 1245
5589 2 2 101 1 2915 2916 2914
5590 2 2 101 1 628 631 630
5591 2 2 101 1 2878 3528 2879
5592 2 2 101 1 2652 3374 2511
5593 2 2 101 1 2340 2805 2608
5594 2 2 101 1 3337 3338 2635
5595 2 2 101 1 741 742 739
5596 2 2 101 1 2913 2914 1208
5597 2 2 101 1 3244 4063 2792
5598 2 2 101 1 2331 3965 3963
5599 2 2 101 1 2768 3820 2718
5600 2 2 101 1 1423 1425 1424
5601 2 2 101 1 2632 2633 2631
5602 2 2 101 1 251 4352 250
5603 2 2 101 1 3461 4777 2567
5604 2 2 101 1 3001 4311 3075
5605 2 2 101 1 3102 3104 3103
5606 2 2 101 1 2964 3988 3217
5607 2 2 101 1 2154 4444 2446
5608 2 2 101 1 2531 4438 1337
5609 2 2 101 1 695 696 694
5610 2 2 101 1 1843 4319 4190
5611 2 2 101 1 625 627 626
5612 2 2 101 1 1653 4146 1646
5613 2 2 101 1 3385 4189 3122
5614 2 2 101 1 1461 1813 1614
5615 2 2 101 1 4124 4125 1742
5616 2 2 101 1 1587 2793 1827
5617 2 2 101 1 2632 3232 2635
5618 2 2 101 1 3453 3456 3454
5619 2 2 101 1 2954 4277 2952
5620 2 2 101 1 3478 3480 3479
5621 2 2 101 1 2805 3443 2806
5622 2 2 101 1 2036 2254 2253
5623 2 2 101 1 1697 2113 2112
5624 2 2 101 1 3118 3119 2374
5625 2 2 101 1 3183 4919 3784
5626 2 2 101 1 1508 2183 1506
5627 2 2 101 1 912 913 911
5628 2 2 101 1 1771 1773 1772
5629 2 2 101 1 2302 2516 2515
5630 2 2 101 1 1246 1248 1247
5631 2 2 101 1 2972 2974 2973
5632 2 2 101 1 2636 2786 2637
5633 2 2 101 1 613 5314 3584
5634 2 2 101 1 3245 5245 3246
5635 2 2 101 1 824 826 825
5636 2 2 101 1 1992 2251 1991
5637 2 2 101 1 1600 2744 2368
5638 2 2 101 1 3960 4470 1701
5639 2 2 101 1 2628 2629 2627
5640 2 2 101 1 2786 4246 2637
5641 2 2 101 1 1444 4518 2691
5642 2 2 101 1 1486 4475 1482
5643 2 2 101 1 1112 4370 1119
5644 2 2 101 1 3204 3381 2881
5645 2 2 101 1 2600 4370 1105
5646 2 2 101 1 2350 5037 4200
5647 2 2 101 1 3327 3328 3326
5648 2 2 101 1 1499 2655 1497
5649 2 2 101 1 2871 4114 2559
5650 2 2 101 1 5280 5380 2576
5651 2 2 101 1 3971 3972 3969
5652 2 2 101 1 1518 4592 2789
5653 2 2 101 1 1357 2333 1570
5654 2 2 101 1 1681 4316 4209
5655 2 2 101 1 1181 4307 2140
5656 2 2 101 1 1694 1696 1695
5657 2 2 101 1 2416 4361 1757
5658 2 2 101 1 2626 2627 2625
5659 2 2 101 1 1809 2012 1810
5660 2 2 101 1 892 894 893
5661 2 2 101 1 2258 2259 1857
5662 2 2 101 1 2785 3245 2445
5663 2 2 101 1 1495 1566 1493
5664 2 2 101 1 3623 4292 3624
5665 2 2 101 1 1756 1757 1501
5666 2 2 101 1 2071 2072 2069
5667 2 2 101 1 2558 4270 2560
5668 2 2 101 1 3348 4266 2686
5669 2 2 101 1 346 4477 345
5670 2 2 101 1 1272 1273 1271
5671 2 2 101 1 1800 2396 2215
5672 2 2 101 1 1933 1934 1932
5673 2 2 101 1 3061 5255 2904
5674 2 2 101 1 1167 4559 1128
5675 2 2 101 1 1425 1698 1426
5676 2 2 101 1 3198 3428 2815
5677 2 2 101 1 2828 3023 2638
5678 2 2 101 1 1199 1202 1198
5679 2 2 101 1 2952 4277 2964
5680 2 2 101 1 373 4931 4788
5681 2 2 101 1 2012 2200 2013
5682 2 2 101 1 1833 1834 1832
5683 2 2 101 1 2848 3501 2850
5684 2 2 101 1 4031 4033 4032
5685 2 2 101 1 1317 4124 1742
5686 2 2 101 1 2883 4326 2028
5687 2 2 101 1 2221 4953 3789
5688 2 2 101 1 2033 2034 2032
5689 2 2 101 1 4090 4315 2537
5690 2 2 101 1 1402 4476 1398
5691 2 2 101 1 3705 5140 545
5692 2 2 101 1 2527 2881 2596
5693 2 2 101 1 2717 2718 2715
5694 2 2 101 1 1722 5425 1719
5695 2 2 101 1 2572 3453 2574
5696 2 2 101 1 508 4814 277
5697 2 2 101 1 3274 3275 2711
5698 2 2 101 1 1646 1648 1647
5699 2 2 101 1 1634 1636 1635
5700 2 2 101 1 175 988 174
5701 2 2 101 1 1295 2748 1293
5702 2 2 101 1 1856 1857 1554
5703 2 2 101 1 1055 4175 1056
5704 2 2 101 1 2039 2569 2040
5705 2 2 101 1 596 4527 3052
5706 2 2 101 1 2958 4277 2954
5707 2 2 101 1 1657 1659 1658
5708 2 2 101 1 3347 3348 2686
5709 2 2 101 1 2527 3204 2881
5710 2 2 101 1 1650 1652 1651
5711 2 2 101 1 3003 4749 4294
5712 2 2 101 1 1628 4558 1294
5713 2 2 101 1 2620 3368 2495
5714 2 2 101 1 701 702 700
5715 2 2 101 1 733 735 734
5716 2 2 101 1 4054 4686 4055
5717 2 2 101 1 826 829 827
5718 2 2 101 1 1669 1671 1670
5719 2 2 101 1 2528 2815 2526
5720 2 2 101 1 1791 1792 1790
5721 2 2 101 1 1648 1650 1649
5722 2 2 101 1 2291 2625 1705
5723 2 2 101 1 1984 4358 1982
5724 2 2 101 1 2453 2818 2190
5725 2 2 101 1 4033 4035 4034
5726 2 2 101 1 3283 3285 3284
5727 2 2 101 1 4435 5577 3448
5728 2 2 101 1 1318 1991 1297
5729 2 2 101 1 850 4296 846
5730 2 2 101 1 1169 1170 867
5731 2 2 101 1 2431 2432 2259
5732 2 2 101 1 4428 5410 553
5733 2 2 101 1 2427 4306 1467
5734 2 2 101 1 4035 4037 4036
5735 2 2 101 1 2629 2632 2631
5736 2 2 101 1 477 4726 242
5737 2 2 101 1 3232 3337 2635
5738 2 2 101 1 1852 4355 709
5739 2 2 101 1 2453 3390 3389
5740 2 2 101 1 1655 1657 1656
5741 2 2 101 1 2486 2947 2485
5742 2 2 101 1 1753 4271 2324
5743 2 2 101 1 2002 2003 1842
5744 2 2 101 1 1813 2400 2046
5745 2 2 101 1 1203 1204 1202
5746 2 2 101 1 2024 4372 2640
5747 2 2 101 1 2811 4201 1381
5748 2 2 101 1 2636 3650 2786
5749 2 2 101 1 3876 4434 3880
5750 2 2 101 1 908 909 907
5751 2 2 101 1 4057 4058 4056
5752 2 2 101 1 703 704 702
5753 2 2 101 1 1844 2053 1841
5754 2 2 101 1 2097 2447 2096
5755 2 2 101 1 4156 4608 1421
5756 2 2 101 1 1257 1258 1170
5757 2 2 101 1 282 4446 281
5758 2 2 101 1 969 971 970
5759 2 2 101 1 2095 2457 2456
5760 2 2 101 1 2250 2589 1340
5761 2 2 101 1 1168 1262 1260
5762 2 2 101 1 1563 1694 1693
5763 2 2 101 1 2526 2527 2123
5764 2 2 101 1 1907 2095 2094
5765 2 2 101 1 2800 4509 1962
5766 2 2 101 1 1210 1211 1207
5767 2 2 101 1 1835 1836 1834
5768 2 2 101 1 2959 4285 2956
5769 2 2 101 1 3397 4285 2959
5770 2 2 101 1 2947 3682 2485
5771 2 2 101 1 2966 5208 2968
5772 2 2 101 1 921 924 923
5773 2 2 101 1 2198 2199 2034
5774 2 2 101 1 1675 1676 1673
5775 2 2 101 1 2632 2635 2633
5776 2 2 101 1 2067 2068 2066
5777 2 2 101 1 2640 2972 2971
5778 2 2 101 1 3217 4278 2951
5779 2 2 101 1 2767 2860 2859
5780 2 2 101 1 2669 4388 2774
5781 2 2 101 1 1812 1957 1696
5782 2 2 101 1 873 874 872
5783 2 2 101 1 2386 2842 2251
5784 2 2 101 1 1056 4175 1059
5785 2 2 101 1 1549 2039 1551
5786 2 2 101 1 3329 3330 3328
5787 2 2 101 1 3487 5001 693
5788 2 2 101 1 250 4352 454
5789 2 2 101 1 1409 1410 1407
5790 2 2 101 1 2560 4270 3206
5791 2 2 101 1 1582 1630 1629
5792 2 2 101 1 894 896 895
5793 2 2 101 1 2956 4285 2958
5794 2 2 101 1 1773 1775 1774
5795 2 2 101 1 2096 2098 1739
5796 2 2 101 1 2200 4153 2201
5797 2 2 101 1 1353 1357 1354
5798 2 2 101 1 1231 1255 1254
5799 2 2 101 1 2201 4153 2204
5800 2 2 101 1 839 840 838
5801 2 2 101 1 2283 2773 1995
5802 2 2 101 1 1208 4397 1204
5803 2 2 101 1 2860 3011 2861
5804 2 2 101 1 2463 2884 2883
5805 2 2 101 1 3011 3013 3012
5806 2 2 101 1 3573 3574 2563
5807 2 2 101 1 3100 3101 3083
5808 2 2 101 1 2438 3365 3364
5809 2 2 101 1 3740 5126 4827
5810 2 2 101 1 3013 3063 3062
5811 2 2 101 1 1530 1531 1258
5812 2 2 101 1 1664 1666 1665
5813 2 2 101 1 519 5427 3925
5814 2 2 101 1 2078 2079 2075
5815 2 2 101 1 1248 1250 1249
5816 2 2 101 1 906 907 905
5817 2 2 101 1 981 983 982
5818 2 2 101 1 983 986 984
5819 2 2 101 1 2665 2668 2663
5820 2 2 101 1 848 853 852
5821 2 2 101 1 1839 1840 1838
5822 2 2 101 1 2370 2445 1584
5823 2 2 101 1 1681 1817 1670
5824 2 2 101 1 3180 5485 2390
5825 2 2 101 1 1642 1644 1643
5826 2 2 101 1 2926 3032 2927
5827 2 2 101 1 2254 3261 2946
5828 2 2 101 1 3032 3051 3050
5829 2 2 101 1 1676 4605 4184
5830 2 2 101 1 3366 4871 3348
5831 2 2 101 1 535 5080 3874
5832 2 2 101 1 2024 2640 2500
5833 2 2 101 1 2661 2666 2660
5834 2 2 101 1 1920 4386 1922
5835 2 2 101 1 1304 1593 1591
5836 2 2 101 1 4685 5385 3132
5837 2 2 101 1 1131 1172 1171
5838 2 2 101 1 975 978 977
5839 2 2 101 1 1935 1936 1934
5840 2 2 101 1 978 981 979
5841 2 2 101 1 849 850 846
5842 2 2 101 1 2020 2526 2123
5843 2 2 101 1 4052 5150 4054
5844 2 2 101 1 2659 2660 2658
5845 2 2 101 1 1172 1283 1282
5846 2 2 101 1 627 4201 628
5847 2 2 101 1 3333 3334 3330
5848 2 2 101 1 2428 3171 2427
5849 2 2 101 1 1239 1240 1174
5850 2 2 101 1 1450 4518 1446
5851 2 2 101 1 4136 4394 2546
5852 2 2 101 1 5217 5276 3071
5853 2 2 101 1 1697 2114 2113
5854 2 2 101 1 4223 4354 270
5855 2 2 101 1 2920 5416 5109
5856 2 2 101 1 3285 3287 3286
5857 2 2 101 1 2360 4561 1801
5858 2 2 101 1 1680 1682 1678
5859 2 2 101 1 2792 4063 3393
5860 2 2 101 1 1917 2340 1817
5861 2 2 101 1 1093 1094 1092
5862 2 2 101 1 2623 2638 2046
5863 2 2 101 1 592 2553 865
5864 2 2 101 1 1917 2485 2340
5865 2 2 101 1 904 905 903
5866 2 2 101 1 2448 3185 2447
5867 2 2 101 1 1130 4258 997
5868 2 2 101 1 1455 2475 2268
5869 2 2 101 1 757 758 756
5870 2 2 101 1 1561 1563 1562
5871 2 2 101 1 2792 3393 2199
5872 2 2 101 1 2415 2993 2414
5873 2 2 101 1 1089 1090 1088
5874 2 2 101 1 538 5615 3610
5875 2 2 101 1 1671 1681 1670
5876 2 2 101 1 3524 3526 3525
5877 2 2 101 1 986 995 993
5878 2 2 101 1 2888 4773 3508
5879 2 2 101 1 1216 1219 1214
5880 2 2 101 1 2374 4443 1629
5881 2 2 101 1 1205 1206 1204
5882 2 2 101 1 3188 3189 2432
5883 2 2 101 1 4189 4582 3122
5884 2 2 101 1 2124 3033 2126
5885 2 2 101 1 1469 2427 1467
5886 2 2 101 1 1613 4400 4301
5887 2 2 101 1 4706 4946 3516
5888 2 2 101 1 1432 4150 1430
5889 2 2 101 1 2132 4910 2130
5890 2 2 101 1 995 1003 998
5891 2 2 101 1 1669 1670 1666
5892 2 2 101 1 1197 1201 1195
5893 2 2 101 1 1077 1078 1076
5894 2 2 101 1 3263 4754 3450
5895 2 2 101 1 2190 4294 2112
5896 2 2 101 1 1003 1022 1004
5897 2 2 101 1 1681 1917 1817
5898 2 2 101 1 1682 4732 4186
5899 2 2 101 1 3079 3080 3076
5900 2 2 101 1 843 2678 845
5901 2 2 101 1 1559 1561 1560
5902 2 2 101 1 876 4524 878
5903 2 2 101 1 1022 1024 1023
5904 2 2 101 1 697 698 696
5905 2 2 101 1 3185 3186 2447
5906 2 2 101 1 1043 4432 1502
5907 2 2 101 1 2353 4280 2413
5908 2 2 101 1 3026 3181 3027
5909 2 2 101 1 1741 4527 1178
5910 2 2 101 1 1119 1747 1129
5911 2 2 101 1 1085 1086 1084
5912 2 2 101 1 1161 4484 3725
5913 2 2 101 1 2623 2828 2638
5914 2 2 101 1 3081 3082 3080
5915 2 2 101 1 902 903 901
5916 2 2 101 1 2555 3007 3006
5917 2 2 101 1 1657 4300 1659
5918 2 2 101 1 1081 1082 1080
5919 2 2 101 1 4439 5038 3141
5920 2 2 101 1 2396 3041 2490
5921 2 2 101 1 1456 1606 1454
5922 2 2 101 1 1212 1370 1211
5923 2 2 101 1 2113 2453 2190
5924 2 2 101 1 628 4201 631
5925 2 2 101 1 2770 3159 2771
5926 2 2 101 1 2715 4468 2428
5927 2 2 101 1 1349 2737 1321
5928 2 2 101 1 3102 3103 3101
5929 2 2 101 1 2810 4528 1983
5930 2 2 101 1 1860 1862 1861
5931 2 2 101 1 1038 4481 2047
5932 2 2 101 1 2553 2555 2554
5933 2 2 101 1 4276 4451 1504
5934 2 2 101 1 3490 5258 440
5935 2 2 101 1 1252 1302 1251
5936 2 2 101 1 3041 4722 3042
5937 2 2 101 1 1405 2610 737
5938 2 2 101 1 1964 4509 1972
5939 2 2 101 1 1602 2658 1457
5940 2 2 101 1 3024 3026 3025
5941 2 2 101 1 173 985 172
5942 2 2 101 1 2980 3124 2389
5943 2 2 101 1 2625 4381 1705
5944 2 2 101 1 1843 2020 1844
5945 2 2 101 1 2020 2123 1844
5946 2 2 101 1 2700 3249 3248
5947 2 2 101 1 632 635 634
5948 2 2 101 1 2348 4176 2556
5949 2 2 101 1 2423 2977 2424
5950 2 2 101 1 829 831 830
5951 2 2 101 1 4049 4498 4050
5952 2 2 101 1 2744 4775 2796
5953 2 2 101 1 1703 4326 1655
5954 2 2 101 1 2497 3438 2493
5955 2 2 101 1 1600 4547 2744
5956 2 2 101 1 2626 2628 2627
5957 2 2 101 1 2453 3389 2818
5958 2 2 101 1 1926 4484 1921
5959 2 2 101 1 1775 1777 1776
5960 2 2 101 1 3635 4793 1276
5961 2 2 101 1 2626 3410 2628
5962 2 2 101 1 1484 4461 2216
5963 2 2 101 1 2334 3010 2910
5964 2 2 101 1 1664 1665 1661
5965 2 2 101 1 2805 3446 3443
5966 2 2 101 1 851 4583 3923
5967 2 2 101 1 3868 5573 1825
5968 2 2 101 1 2550 3301 2499
5969 2 2 101 1 1524 1528 1527
5970 2 2 101 1 1528 1851 1850
5971 2 2 101 1 1415 1416 1414
5972 2 2 101 1 3083 4350 3082
5973 2 2 101 1 2628 4332 2629
5974 2 2 101 1 1228 1235 1234
5975 2 2 101 1 4128 5126 3740
5976 2 2 101 1 841 842 840
5977 2 2 101 1 2015 2780 2778
5978 2 2 101 1 2357 3034 1826
5979 2 2 101 1 3338 4317 2635
5980 2 2 101 1 1033 4206 1029
5981 2 2 101 1 1868 1870 1869
5982 2 2 101 1 2573 2685 2684
5983 2 2 101 1 3410 3507 2628
5984 2 2 101 1 2915 3056 2916
5985 2 2 101 1 1411 1412 1410
5986 2 2 101 1 1105 4370 1112
5987 2 2 101 1 1024 1031 1025
5988 2 2 101 1 2913 2915 2914
5989 2 2 101 1 1728 1729 1727
5990 2 2 101 1 1379 4360 1615
5991 2 2 101 1 2808 4422 2809
5992 2 2 101 1 1418 1421 1420
5993 2 2 101 1 1813 2046 1614
5994 2 2 101 1 997 4258 1000
5995 2 2 101 1 1658 1686 1656
5996 2 2 101 1 1255 1284 1256
5997 2 2 101 1 1753 2324 2029
5998 2 2 101 1 2291 2626 2625
5999 2 2 101 1 1383 4380 2811
6000 2 2 101 1 1000 4258 2622
6001 2 2 101 1 2263 2484 2483
6002 2 2 101 1 1487 1704 1585
6003 2 2 101 1 2463 2883 2028
6004 2 2 101 1 1842 4319 1840
6005 2 2 101 1 953 4008 951
6006 2 2 101 1 932 1035 933
6007 2 2 101 1 763 764 762
6008 2 2 101 1 1466 1487 1468
6009 2 2 101 1 3496 5383 3497
6010 2 2 101 1 2400 2623 2046
6011 2 2 101 1 1580 1582 1581
6012 2 2 101 1 1720 1721 1719
6013 2 2 101 1 1614 1697 1462
6014 2 2 101 1 2411 2918 2412
6015 2 2 101 1 1985 4528 1997
6016 2 2 101 1 3620 3621 3618
6017 2 2 101 1 1284 1311 1285
6018 2 2 101 1 3456 3457 3454
6019 2 2 101 1 3113 3116 3115
6020 2 2 101 1 1237 1277 1276
6021 2 2 101 1 1704 2288 1980
6022 2 2 101 1 1413 1414 1412
6023 2 2 101 1 1894 2469 2468
6024 2 2 101 1 1655 1656 1652
6025 2 2 101 1 2633 4317 2636
6026 2 2 101 1 1303 1308 1307
6027 2 2 101 1 2196 2418 1979
6028 2 2 101 1 185 914 184
6029 2 2 101 1 4913 5032 3987
6030 2 2 101 1 1366 4394 1227
6031 2 2 101 1 1947 4429 1945
6032 2 2 101 1 937 980 939
6033 2 2 101 1 1864 1866 1865
6034 2 2 101 1 2387 2770 2769
6035 2 2 101 1 3902 4438 2531
6036 2 2 101 1 1659 1660 1658
6037 2 2 101 1 3201 3981 2585
6038 2 2 101 1 707 708 706
6039 2 2 101 1 1241 1251 1240
6040 2 2 101 1 2073 2074 2072
6041 2 2 101 1 1557 1559 1558
6042 2 2 101 1 75 4234 74
6043 2 2 101 1 74 4234 433
6044 2 2 101 1 3250 5359 5333
6045 2 2 101 1 2469 3148 2654
6046 2 2 101 1 1646 1647 1644
6047 2 2 101 1 3013 3212 3063
6048 2 2 101 1 1870 1873 1872
6049 2 2 101 1 2288 2611 2311
6050 2 2 101 1 3269 5629 4360
6051 2 2 101 1 2129 2130 2127
6052 2 2 101 1 2977 3234 2978
6053 2 2 101 1 2420 2920 2418
6054 2 2 101 1 952 953 951
6055 2 2 101 1 2716 3098 3097
6056 2 2 101 1 1119 4370 1747
6057 2 2 101 1 1114 4432 1053
6058 2 2 101 1 3110 3175 3174
6059 2 2 101 1 1378 1475 1474
6060 2 2 101 1 2501 2876 2379
6061 2 2 101 1 2944 3088 3087
6062 2 2 101 1 2651 2943 2923
6063 2 2 101 1 2707 2872 2708
6064 2 2 101 1 1547 4522 4151
6065 2 2 101 1 2751 2824 2823
6066 2 2 101 1 1311 1313 1312
6067 2 2 101 1 1455 2476 2475
6068 2 2 101 1 301 4563 300
6069 2 2 101 1 1475 1733 1732
6070 2 2 101 1 3287 3289 3288
6071 2 2 101 1 1893 1979 1601
6072 2 2 101 1 170 604 169
6073 2 2 101 1 2353 2413 2354
6074 2 2 101 1 1937 1938 1936
6075 2 2 101 1 2662 4366 2682
6076 2 2 101 1 3001 3073 2974
6077 2 2 101 1 1666 4286 1665
6078 2 2 101 1 2913 2917 2915
6079 2 2 101 1 3107 3165 3108
6080 2 2 101 1 2477 2896 2478
6081 2 2 101 1 1370 1451 1211
6082 2 2 101 1 1688 1830 1829
6083 2 2 101 1 1939 2471 2008
6084 2 2 101 1 1031 1039 1032
6085 2 2 101 1 1657 1658 1656
6086 2 2 101 1 2895 4147 2257
6087 2 2 101 1 2182 2700 2545
6088 2 2 101 1 2455 5007 3517
6089 2 2 101 1 2172 4303 2409
6090 2 2 101 1 1840 1843 1841
6091 2 2 101 1 1755 2763 2169
6092 2 2 101 1 1415 2214 1705
6093 2 2 101 1 1097 1107 1106
6094 2 2 101 1 2171 2172 2139
6095 2 2 101 1 2611 3057 2612
6096 2 2 101 1 1650 1651 1649
6097 2 2 101 1 929 932 931
6098 2 2 101 1 2444 4158 2178
6099 2 2 101 1 550 5493 3366
6100 2 2 101 1 1648 1649 1647
6101 2 2 101 1 1588 2477 1589
6102 2 2 101 1 2324 2798 2325
6103 2 2 101 1 1571 4571 2674
6104 2 2 101 1 532 5331 4221
6105 2 2 101 1 1990 2252 1987
6106 2 2 101 1 1724 1725 1723
6107 2 2 101 1 2131 2132 2130
6108 2 2 101 1 2176 2177 2174
6109 2 2 101 1 1824 2349 2348
6110 2 2 101 1 1190 1194 1188
6111 2 2 101 1 2087 2344 2343
6112 2 2 101 1 1843 1844 1841
6113 2 2 101 1 723 724 722
6114 2 2 101 1 1673 4316 1671
6115 2 2 101 1 988 3094 174
6116 2 2 101 1 2635 4317 2633
6117 2 2 101 1 2798 3091 2799
6118 2 2 101 1 2116 2117 1905
6119 2 2 101 1 1328 4811 1243
6120 2 2 101 1 2857 5043 3810
6121 2 2 101 1 3228 4382 2441
6122 2 2 101 1 2918 3221 2919
6123 2 2 101 1 2839 4146 1653
6124 2 2 101 1 1459 1886 1458
6125 2 2 101 1 2476 3140 2475
6126 2 2 101 1 735 738 736
6127 2 2 101 1 1873 2450 2335
6128 2 2 101 1 1649 1667 1647
6129 2 2 101 1 2214 2495 2291
6130 2 2 101 1 3234 3236 3235
6131 2 2 101 1 1388 1688 1687
6132 2 2 101 1 3433 5122 3649
6133 2 2 101 1 3898 4396 1356
6134 2 2 101 1 3335 4403 2756
6135 2 2 101 1 2578 2707 2706
6136 2 2 101 1 1487 4822 1704
6137 2 2 101 1 1313 1323 1314
6138 2 2 101 1 3524 3525 2521
6139 2 2 101 1 3453 3454 2574
6140 2 2 101 1 2204 2206 2205
6141 2 2 101 1 2640 4656 2972
6142 2 2 101 1 2004 4377 2787
6143 2 2 101 1 3113 3114 3112
6144 2 2 101 1 3221 3223 3222
6145 2 2 101 1 1374 2746 1376
6146 2 2 101 1 1517 2694 1519
6147 2 2 101 1 831 833 832
6148 2 2 101 1 1993 2294 1938
6149 2 2 101 1 2148 4374 2164
6150 2 2 101 1 3133 3551 2726
6151 2 2 101 1 2562 2767 2457
6152 2 2 101 1 194 3346 193
6153 2 2 101 1 1745 3120 1888
6154 2 2 101 1 1894 1907 1592
6155 2 2 101 1 3082 3704 3080
6156 2 2 101 1 4824 5383 3496
6157 2 2 101 1 2144 4502 3045
6158 2 2 101 1 3368 3370 2495
6159 2 2 101 1 3057 3059 3058
6160 2 2 101 1 1176 1230 1177
6161 2 2 101 1 771 772 770
6162 2 2 101 1 2293 4303 2172
6163 2 2 101 1 3141 3388 2773
6164 2 2 101 1 2652 5616 3374
6165 2 2 101 1 2900 4683 4155
6166 2 2 101 1 2684 4363 2571
6167 2 2 101 1 3091 3093 3092
6168 2 2 101 1 1107 1122 1121
6169 2 2 101 1 3739 3740 2681
6170 2 2 101 1 3526 5516 1233
6171 2 2 101 1 2632 4332 3232
6172 2 2 101 1 878 4524 1102
6173 2 2 101 1 833 835 834
6174 2 2 101 1 3762 3763 2777
6175 2 2 101 1 1623 2263 2262
6176 2 2 101 1 803 804 802
6177 2 2 101 1 3074 3077 3073
6178 2 2 101 1 1521 1524 1523
6179 2 2 101 1 719 720 718
6180 2 2 101 1 2654 3413 2468
6181 2 2 101 1 4387 4507 4100
6182 2 2 101 1 1840 1841 1838
6183 2 2 101 1 3399 3598 3401
6184 2 2 101 1 2934 3593 3228
6185 2 2 101 1 2629 4332 2632
6186 2 2 101 1 1244 1245 1221
6187 2 2 101 1 835 837 836
6188 2 2 101 1 2992 3788 3787
6189 2 2 101 1 2045 2455 2044
6190 2 2 101 1 2666 3254 3252
6191 2 2 101 1 1264 1266 1265
6192 2 2 101 1 1454 1455 1453
6193 2 2 101 1 1196 1198 1197
6194 2 2 101 1 1206 1208 1204
6195 2 2 101 1 2062 2643 2278
6196 2 2 101 1 2591 2653 2587
6197 2 2 101 1 797 798 796
6198 2 2 101 1 1053 4432 1043
6199 2 2 101 1 1634 1635 1632
6200 2 2 101 1 2921 3719 2920
6201 2 2 101 1 1262 1264 1263
6202 2 2 101 1 1370 1452 1451
6203 2 2 101 1 2186 2439 2337
6204 2 2 101 1 4004 4424 1400
6205 2 2 101 1 1206 2912 1208
6206 2 2 101 1 1452 1453 1451
6207 2 2 101 1 187 915 186
6208 2 2 101 1 2596 4328 2123
6209 2 2 101 1 777 778 776
6210 2 2 101 1 959 960 957
6211 2 2 101 1 2246 2247 2245
6212 2 2 101 1 2389 4521 2386
6213 2 2 101 1 3082 3705 3704
6214 2 2 101 1 2043 4330 1568
6215 2 2 101 1 2317 4173 2436
6216 2 2 101 1 2680 2681 2278
6217 2 2 101 1 517 4390 368
6218 2 2 101 1 1159 1176 1160
6219 2 2 101 1 1452 1454 1453
6220 2 2 101 1 2066 4465 2063
6221 2 2 101 1 1655 4326 1657
6222 2 2 101 1 1671 4316 1681
6223 2 2 101 1 2764 3243 3242
6224 2 2 101 1 1182 4384 976
6225 2 2 101 1 815 816 814
6226 2 2 101 1 2160 2161 2159
6227 2 2 101 1 193 866 192
6228 2 2 101 1 1642 1643 1640
6229 2 2 101 1 791 792 790
6230 2 2 101 1 2685 3347 2686
6231 2 2 101 1 1550 1553 1552
6232 2 2 101 1 692 695 694
6233 2 2 101 1 4779 5551 3339
6234 2 2 101 1 785 786 784
6235 2 2 101 1 2240 2241 2239
6236 2 2 101 1 3454 3455 2574
6237 2 2 101 1 1193 1196 1195
6238 2 2 101 1 2960 4665 4185
6239 2 2 101 1 816 4302 818
6240 2 2 101 1 746 749 748
6241 2 2 101 1 1526 2044 1525
6242 2 2 101 1 2435 3545 3544
6243 2 2 101 1 646 649 648
6244 2 2 101 1 3289 3291 3290
6245 2 2 101 1 3132 4722 2298
6246 2 2 101 1 1992 4543 2387
6247 2 2 101 1 1211 4376 1207
6248 2 2 101 1 974 1181 976
6249 2 2 101 1 3507 4332 2628
6250 2 2 101 1 2413 3298 2970
6251 2 2 101 1 1591 1592 1305
6252 2 2 101 1 900 901 899
6253 2 2 101 1 638 641 640
6254 2 2 101 1 1166 4000 1343
6255 2 2 101 1 2636 4317 3650
6256 2 2 101 1 1509 2821 2677
6257 2 2 101 1 2424 4475 1486
6258 2 2 101 1 2315 4173 2317
6259 2 2 101 1 1626 1895 1627
6260 2 2 101 1 1129 4304 1168
6261 2 2 101 1 1266 1268 1267
6262 2 2 101 1 809 810 808
6263 2 2 101 1 688 691 690
6264 2 2 101 1 2003 4319 1842
6265 2 2 101 1 1169 1257 1170
6266 2 2 101 1 2912 2913 1208
6267 2 2 101 1 2234 2235 2233
6268 2 2 101 1 1670 4286 1666
6269 2 2 101 1 1500 1755 1754
6270 2 2 101 1 3623 3624 3621
6271 2 2 101 1 3101 4350 3083
6272 2 2 101 1 1339 1557 1556
6273 2 2 101 1 2377 2379 1819
6274 2 2 101 1 186 3109 185
6275 2 2 101 1 642 645 644
6276 2 2 101 1 956 957 955
6277 2 2 101 1 1492 1588 1494
6278 2 2 101 1 1207 4376 1206
6279 2 2 101 1 2346 4383 1874
6280 2 2 101 1 1385 1388 1387
6281 2 2 101 1 1357 1570 1354
6282 2 2 101 1 2562 3571 2767
6283 2 2 101 1 2421 3270 2042
6284 2 2 101 1 4342 5157 3689
6285 2 2 101 1 1887 2301 1886
6286 2 2 101 1 924 926 925
6287 2 2 101 1 1308 2415 2414
6288 2 2 101 1 1380 4899 913
6289 2 2 101 1 682 685 684
6290 2 2 101 1 2134 2135 2132
6291 2 2 101 1 1257 1530 1258
6292 2 2 101 1 2648 2650 2649
6293 2 2 101 1 926 1373 927
6294 2 2 101 1 2966 2968 2967
6295 2 2 101 1 711 712 710
6296 2 2 101 1 4825 4880 1291
6297 2 2 101 1 3377 5316 4367
6298 2 2 101 1 1423 1516 1425
6299 2 2 101 1 1587 4392 2793
6300 2 2 101 1 2224 2679 2408
6301 2 2 101 1 2226 2227 1978
6302 2 2 101 1 2080 2081 2079
6303 2 2 101 1 1530 2038 1531
6304 2 2 101 1 509 4885 283
6305 2 2 101 1 2292 2293 2172
6306 2 2 101 1 1604 1915 1914
6307 2 2 101 1 2095 2562 2457
6308 2 2 101 1 3121 3184 3123
6309 2 2 101 1 635 637 636
6310 2 2 101 1 1512 3060 2999
6311 2 2 101 1 2622 4523 1002
6312 2 2 101 1 3422 4136 2546
6313 2 2 101 1 200 3125 199
6314 2 2 101 1 676 679 678
6315 2 2 101 1 1158 4389 1542
6316 2 2 101 1 1644 4290 1643
6317 2 2 101 1 3411 5515 1748
6318 2 2 101 1 1507 1745 1744
6319 2 2 101 1 1533 2194 1535
6320 2 2 101 1 2472 2813 2247
6321 2 2 101 1 167 603 166
6322 2 2 101 1 2569 2570 2040
6323 2 2 101 1 1461 1614 1462
6324 2 2 101 1 3022 3219 3218
6325 2 2 101 1 1268 1270 1269
6326 2 2 101 1 3464 5276 5217
6327 2 2 101 1 1605 4124 1317
6328 2 2 101 1 672 675 674
6329 2 2 101 1 2467 4279 2282
6330 2 2 101 1 1522 1525 1520
6331 2 2 101 1 2796 2909 2745
6332 2 2 101 1 1577 1580 1579
6333 2 2 101 1 1257 2924 1530
6334 2 2 101 1 3291 3293 3292
6335 2 2 101 1 1777 1779 1778
6336 2 2 101 1 4945 4961 1042
6337 2 2 101 1 666 669 668
6338 2 2 101 1 4015 4425 1434
6339 2 2 101 1 1415 1705 1416
6340 2 2 101 1 1440 1899 1898
6341 2 2 101 1 652 655 654
6342 2 2 101 1 1622 2186 2185
6343 2 2 101 1 918 920 919
6344 2 2 101 1 2256 3225 2434
6345 2 2 101 1 2555 3008 3007
6346 2 2 101 1 660 663 662
6347 2 2 101 1 656 659 658
6348 2 2 101 1 1323 1620 1324
6349 2 2 101 1 1638 1683 1636
6350 2 2 101 1 1676 4316 1673
6351 2 2 101 1 738 741 739
6352 2 2 101 1 165 3054 2009
6353 2 2 101 1 2858 4544 3586
6354 2 2 101 1 2208 2210 2209
6355 2 2 101 1 2460 3342 2479
6356 2 2 101 1 3142 3902 2531
6357 2 2 101 1 2376 3250 2844
6358 2 2 101 1 1609 2417 1611
6359 2 2 101 1 2152 2153 2150
6360 2 2 101 1 4261 4599 1375
6361 2 2 101 1 1542 1546 1544
6362 2 2 101 1 1172 1282 1171
6363 2 2 101 1 1479 4461 1481
6364 2 2 101 1 2214 2291 1705
6365 2 2 101 1 2154 2155 2153
6366 2 2 101 1 2039 2040 1551
6367 2 2 101 1 2697 4496 2217
6368 2 2 101 1 1614 4313 1697
6369 2 2 101 1 3850 3851 3848
6370 2 2 101 1 713 714 712
6371 2 2 101 1 1620 2099 1735
6372 2 2 101 1 1382 1385 1384
6373 2 2 101 1 1537 1996 1596
6374 2 2 101 1 3682 4314 2485
6375 2 2 101 1 3610 5615 480
6376 2 2 101 1 1198 1200 1197
6377 2 2 101 1 1413 1415 1414
6378 2 2 101 1 954 955 953
6379 2 2 101 1 1891 4323 2015
6380 2 2 101 1 1246 1247 1245
6381 2 2 101 1 1187 1189 1188
6382 2 2 101 1 875 876 874
6383 2 2 101 1 1196 1197 1195
6384 2 2 101 1 3152 3490 3150
6385 2 2 101 1 1185 1187 1186
6386 2 2 101 1 1189 1191 1190
6387 2 2 101 1 2122 2287 2286
6388 2 2 101 1 2589 4524 1340
6389 2 2 101 1 1191 1193 1192
6390 2 2 101 1 5027 5627 3200
6391 2 2 101 1 2570 2571 2040
6392 2 2 101 1 1553 1856 1554
6393 2 2 101 1 1353 4299 1357
6394 2 2 101 1 2968 3022 2969
6395 2 2 101 1 2602 4439 2283
6396 2 2 101 1 2206 2208 2207
6397 2 2 101 1 2082 2083 2081
6398 2 2 101 1 1844 4328 2053
6399 2 2 101 1 2210 2212 2211
6400 2 2 101 1 142 4338 141
6401 2 2 101 1 54 524 53
6402 2 2 101 1 49 566 48
6403 2 2 101 1 41 461 40
6404 2 2 101 1 45 4336 44
6405 2 2 101 1 137 4343 136
6406 2 2 101 1 31 459 30
6407 2 2 101 1 141 460 140
6408 2 2 101 1 161 468 160
6409 2 2 101 1 164 523 163
6410 2 2 101 1 159 571 158
6411 2 2 101 1 34 572 33
6412 2 2 101 1 29 574 28
6413 2 2 101 1 143 575 142
6414 2 2 101 1 150 4341 149
6415 2 2 101 1 155 4344 154
6416 2 2 101 1 156 466 155
6417 2 2 101 1 138 569 137
6418 2 2 101 1 51 467 50
6419 2 2 101 1 30 4337 29
6420 2 2 101 1 135 4340 134
6421 2 2 101 1 21 469 20
6422 2 2 101 1 154 567 153
6423 2 2 101 1 18 521 17
6424 2 2 101 1 146 458 145
6425 2 2 101 1 44 564 43
6426 2 2 101 1 149 570 148
6427 2 2 101 1 151 462 150
6428 2 2 101 1 24 565 23
6429 2 2 101 1 25 4346 24
6430 2 2 101 1 26 463 25
6431 2 2 101 1 128 522 127
6432 2 2 101 1 131 470 130
6433 2 2 101 1 134 568 133
6434 2 2 101 1 136 465 135
6435 2 2 101 1 36 457 35
6436 2 2 101 1 39 573 38
6437 2 2 101 1 46 464 45
6438 2 2 101 1 33 4335 32
6439 2 2 101 1 3293 3295 3294
6440 2 2 101 1 2382 2398 1957
6441 2 2 101 1 837 839 838
6442 2 2 101 1 626 4658 623
6443 2 2 101 1 712 4090 710
6444 2 2 101 1 1248 1249 1247
6445 2 2 101 1 132 4342 131
6446 2 2 101 1 898 899 897
6447 2 2 101 1 2412 4476 1402
6448 2 2 101 1 1184 1224 1182
6449 2 2 101 1 1836 1838 1837
6450 2 2 101 1 1822 3176 3090
6451 2 2 101 1 2572 2573 2571
6452 2 2 101 1 2053 4320 1841
6453 2 2 101 1 220 4622 219
6454 2 2 101 1 2057 2061 2055
6455 2 2 101 1 199 716 198
6456 2 2 101 1 741 864 742
6457 2 2 101 1 2340 4314 2805
6458 2 2 101 1 842 2111 862
6459 2 2 101 1 2302 2515 2301
6460 2 2 101 1 4135 4848 2023
6461 2 2 101 1 1697 4313 2114
6462 2 2 101 1 2485 4314 2340
6463 2 2 101 1 1883 1884 1364
6464 2 2 101 1 2659 2661 2660
6465 2 2 101 1 2142 4499 3044
6466 2 2 101 1 1373 4599 4371
6467 2 2 101 1 47 4339 46
6468 2 2 101 1 1181 1183 1182
6469 2 2 101 1 2744 2745 2368
6470 2 2 101 1 1692 1847 1846
6471 2 2 101 1 1359 1708 1707
6472 2 2 101 1 1304 1305 1287
6473 2 2 101 1 129 4348 128
6474 2 2 101 1 2103 3563 2195
6475 2 2 101 1 1513 4391 1609
6476 2 2 101 1 920 4331 921
6477 2 2 101 1 869 873 872
6478 2 2 101 1 3916 5407 4846
6479 2 2 101 1 3169 3170 2782
6480 2 2 101 1 2926 2927 2484
6481 2 2 101 1 1289 1700 1280
6482 2 2 101 1 1524 4501 3842
6483 2 2 101 1 3619 5299 3620
6484 2 2 101 1 653 5095 3926
6485 2 2 101 1 1411 1804 1413
6486 2 2 101 1 1183 1185 1184
6487 2 2 101 1 2442 3194 2607
6488 2 2 101 1 1214 4324 1212
6489 2 2 101 1 1343 4000 2052
6490 2 2 101 1 1409 1411 1410
6491 2 2 101 1 2084 2173 2083
6492 2 2 101 1 2696 2697 2217
6493 2 2 101 1 4013 4433 1448
6494 2 2 101 1 2436 3437 3436
6495 2 2 101 1 988 3430 3094
6496 2 2 101 1 1909 2426 2404
6497 2 2 101 1 1817 4286 1670
6498 2 2 101 1 1903 1904 1319
6499 2 2 101 1 1337 4438 928
6500 2 2 101 1 860 4799 4767
6501 2 2 101 1 859 4387 1382
6502 2 2 101 1 20 4333 19
6503 2 2 101 1 2290 3144 2690
6504 2 2 101 1 974 975 973
6505 2 2 101 1 2149 2150 2147
6506 2 2 101 1 1282 1460 1171
6507 2 2 101 1 633 4545 630
6508 2 2 101 1 916 918 917
6509 2 2 101 1 4559 4772 1128
6510 2 2 101 1 4129 5282 2984
6511 2 2 101 1 2572 2574 2573
6512 2 2 101 1 2914 4397 1208
6513 2 2 101 1 2849 4832 3340
6514 2 2 101 1 2787 2788 2378
6515 2 2 101 1 281 4446 483
6516 2 2 101 1 609 616 611
6517 2 2 101 1 2257 2781 2168
6518 2 2 101 1 2972 2973 2971
6519 2 2 101 1 2464 5411 4567
6520 2 2 101 1 162 4334 161
6521 2 2 101 1 2167 2168 2165
6522 2 2 101 1 1701 4470 1889
6523 2 2 101 1 2062 2278 2059
6524 2 2 101 1 1734 2265 1700
6525 2 2 101 1 1193 1195 1192
6526 2 2 101 1 2036 2253 1950
6527 2 2 101 1 2866 4880 4825
6528 2 2 101 1 2659 2662 2661
6529 2 2 101 1 1411 1413 1412
6530 2 2 101 1 345 4477 510
6531 2 2 101 1 2643 3260 2680
6532 2 2 101 1 728 732 730
6533 2 2 101 1 2178 2179 2177
6534 2 2 101 1 1602 2659 2658
6535 2 2 101 1 1212 4324 1370
6536 2 2 101 1 2109 2449 2437
6537 2 2 101 1 1542 4389 1546
6538 2 2 101 1 3590 4159 2279
6539 2 2 101 1 1294 4558 1296
6540 2 2 101 1 2982 4540 2981
6541 2 2 101 1 2426 3352 2784
6542 2 2 101 1 1647 4290 1644
6543 2 2 101 1 1784 1787 1786
6544 2 2 101 1 3295 3506 3296
6545 2 2 101 1 1154 1166 1153
6546 2 2 101 1 2046 4313 1614
6547 2 2 101 1 2650 4403 2651
6548 2 2 101 1 912 916 913
6549 2 2 101 1 2345 2854 2346
6550 2 2 101 1 2699 2812 854
6551 2 2 101 1 949 952 951
6552 2 2 101 1 1296 1300 1298
6553 2 2 101 1 100 4602 559
6554 2 2 101 1 435 4602 101
6555 2 2 101 1 2700 4816 3249
6556 2 2 101 1 932 2647 1035
6557 2 2 101 1 1840 4319 1843
6558 2 2 101 1 2854 3360 3359
6559 2 2 101 1 1127 2645 1114
6560 2 2 101 1 2570 2572 2571
6561 2 2 101 1 191 828 190
6562 2 2 101 1 1230 4359 1231
6563 2 2 101 1 3082 4350 3705
6564 2 2 101 1 2123 4328 1844
6565 2 2 101 1 1894 2468 1907
6566 2 2 101 1 2768 3821 3820
6567 2 2 101 1 2655 4454 1497
6568 2 2 101 1 3974 4959 3968
6569 2 2 101 1 1389 3829 989
6570 2 2 101 1 2516 3047 2515
6571 2 2 101 1 1836 1837 1834
6572 2 2 101 1 3210 5555 2697
6573 2 2 101 1 1591 1894 1592
6574 2 2 101 1 1636 4295 1635
6575 2 2 101 1 4504 5378 3970
6576 2 2 101 1 90 4236 89
6577 2 2 101 1 89 4236 496
6578 2 2 101 1 263 4670 4227
6579 2 2 101 1 3999 4680 1543
6580 2 2 101 1 960 963 962
6581 2 2 101 1 2689 3208 2907
6582 2 2 101 1 2451 4323 1891
6583 2 2 101 1 1838 4320 1837
6584 2 2 101 1 2164 2165 2151
6585 2 2 101 1 1621 2109 2108
6586 2 2 101 1 4296 4464 844
6587 2 2 101 1 2258 2431 2259
6588 2 2 101 1 2638 4313 2046
6589 2 2 101 1 720 723 722
6590 2 2 101 1 723 1404 737
6591 2 2 101 1 2662 2664 2663
6592 2 2 101 1 1832 1971 1830
6593 2 2 101 1 1451 4376 1211
6594 2 2 101 1 2736 2899 2735
6595 2 2 101 1 2011 2652 2511
6596 2 2 101 1 1664 4654 1668
6597 2 2 101 1 2664 2689 2665
6598 2 2 101 1 823 824 822
6599 2 2 101 1 2661 4437 2666
6600 2 2 101 1 1100 1101 1017
6601 2 2 101 1 2454 2885 2398
6602 2 2 101 1 3874 4983 3873
6603 2 2 101 1 1408 1409 1407
6604 2 2 101 1 192 3126 191
6605 2 2 101 1 1856 2258 1857
6606 2 2 101 1 2717 2768 2718
6607 2 2 101 1 4689 5526 5441
6608 2 2 101 1 3104 4435 3103
6609 2 2 101 1 3105 3107 3106
6610 2 2 101 1 1461 1462 1460
6611 2 2 101 1 3347 4682 3638
6612 2 2 101 1 1249 1287 1247
6613 2 2 101 1 1006 4523 1010
6614 2 2 101 1 649 651 650
6615 2 2 101 1 2680 3739 2681
6616 2 2 101 1 1189 1190 1188
6617 2 2 101 1 1191 1192 1190
6618 2 2 101 1 4122 4818 4123
6619 2 2 101 1 1187 1188 1186
6620 2 2 101 1 3508 3509 2535
6621 2 2 101 1 2689 2907 2665
6622 2 2 101 1 2449 5000 4061
6623 2 2 101 1 972 973 971
6624 2 2 101 1 1895 2090 1896
6625 2 2 101 1 605 1510 607
6626 2 2 101 1 1569 2421 2042
6627 2 2 101 1 367 4632 366
6628 2 2 101 1 754 757 756
6629 2 2 101 1 2446 4444 3179
6630 2 2 101 1 1360 4891 4801
6631 2 2 101 1 2096 4368 2098
6632 2 2 101 1 3044 3157 2482
6633 2 2 101 1 3353 5288 3354
6634 2 2 101 1 1343 2052 1699
6635 2 2 101 1 956 1041 959
6636 2 2 101 1 3492 5334 3493
6637 2 2 101 1 1304 1591 1305
6638 2 2 101 1 197 715 196
6639 2 2 101 1 2453 4385 3390
6640 2 2 101 1 1228 1234 1165
6641 2 2 101 1 704 707 706
6642 2 2 101 1 2903 4845 3470
6643 2 2 101 1 2640 2971 2500
6644 2 2 101 1 2469 2654 2468
6645 2 2 101 1 839 841 840
6646 2 2 101 1 1694 1695 1693
6647 2 2 101 1 3074 4365 3077
6648 2 2 101 1 685 687 686
6649 2 2 101 1 724 4353 726
6650 2 2 101 1 983 987 986
6651 2 2 101 1 3032 3050 2927
6652 2 2 101 1 859 1381 627
6653 2 2 101 1 2257 4147 2781
6654 2 2 101 1 2627 4420 2625
6655 2 2 101 1 956 959 957
6656 2 2 101 1 1687 1892 1387
6657 2 2 101 1 1630 2024 1629
6658 2 2 101 1 598 4527 596
6659 2 2 101 1 1282 1461 1460
6660 2 2 101 1 1482 4475 1480
6661 2 2 101 1 500 4670 264
6662 2 2 101 1 3076 4365 3074
6663 2 2 101 1 974 976 975
6664 2 2 101 1 4477 5487 510
6665 2 2 101 1 1185 1186 1184
6666 2 2 101 1 679 681 680
6667 2 2 101 1 4233 4684 4230
6668 2 2 101 1 3558 5451 583
6669 2 2 101 1 75 4312 4234
6670 2 2 101 1 2050 4297 1733
6671 2 2 101 1 2643 2680 2278
6672 2 2 101 1 1913 2410 1876
6673 2 2 101 1 5071 5559 3911
6674 2 2 101 1 2664 2665 2663
6675 2 2 101 1 1270 1272 1271
6676 2 2 101 1 1595 4542 1919
6677 2 2 101 1 952 4288 954
6678 2 2 101 1 3032 5320 3051
6679 2 2 101 1 2645 4432 1114
6680 2 2 101 1 4327 4480 2027
6681 2 2 101 1 1406 1407 1405
6682 2 2 101 1 2277 4484 1926
6683 2 2 101 1 2301 2326 1886
6684 2 2 101 1 2021 4518 1450
6685 2 2 101 1 2662 2663 2661
6686 2 2 101 1 3387 5589 3419
6687 2 2 101 1 1502 4206 1033
6688 2 2 101 1 4209 4442 2949
6689 2 2 101 1 1398 4476 1396
6690 2 2 101 1 714 719 718
6691 2 2 101 1 3119 4443 2374
6692 2 2 101 1 875 1600 1340
6693 2 2 101 1 2654 3415 3413
6694 2 2 101 1 2740 3048 2742
6695 2 2 101 1 3655 3656 2704
6696 2 2 101 1 2805 4314 3446
6697 2 2 101 1 669 671 670
6698 2 2 101 1 663 665 664
6699 2 2 101 1 1131 1171 1169
6700 2 2 101 1 1779 1781 1780
6701 2 2 101 1 2072 4497 2069
6702 2 2 101 1 2191 2192 1904
6703 2 2 101 1 1131 1169 867
6704 2 2 101 1 1841 4320 1838
6705 2 2 101 1 3077 5414 4121
6706 2 2 101 1 1408 1458 1409
6707 2 2 101 1 943 1180 945
6708 2 2 101 1 3189 3257 3191
6709 2 2 101 1 749 860 750
6710 2 2 101 1 1404 1406 1405
6711 2 2 101 1 2431 3188 2432
6712 2 2 101 1 1365 4651 4536
6713 2 2 101 1 2268 4578 1453
6714 2 2 101 1 590 4356 592
6715 2 2 101 1 3813 3814 1007
6716 2 2 101 1 4368 4833 2098
6717 2 2 101 1 2510 4252 2508
6718 2 2 101 1 1594 1878 1608
6719 2 2 101 1 1406 1408 1407
6720 2 2 101 1 1317 1742 1741
6721 2 2 101 1 1688 1829 1687
6722 2 2 101 1 4536 4651 2995
6723 2 2 101 1 698 701 700
6724 2 2 101 1 655 4263 656
6725 2 2 101 1 604 3111 169
6726 2 2 101 1 2178 4158 2179
6727 2 2 101 1 1183 1184 1182
6728 2 2 101 1 1252 1303 1302
6729 2 2 101 1 2107 2422 2261
6730 2 2 101 1 875 1340 876
6731 2 2 101 1 1219 4324 1214
6732 2 2 101 1 1582 1629 1581
6733 2 2 101 1 5207 5289 3765
6734 2 2 101 1 2418 2419 1979
6735 2 2 101 1 1878 2184 1879
6736 2 2 101 1 1520 4592 1518
6737 2 2 101 1 2022 2383 2270
6738 2 2 101 1 1063 1360 1064
6739 2 2 101 1 1609 4391 2417
6740 2 2 101 1 2075 4375 2074
6741 2 2 101 1 723 737 724
6742 2 2 101 1 3804 5222 4274
6743 2 2 101 1 978 2100 981
6744 2 2 101 1 2114 4385 2113
6745 2 2 101 1 617 624 619
6746 2 2 101 1 2015 4323 2780
6747 2 2 101 1 198 3128 197
6748 2 2 101 1 2225 4471 2438
6749 2 2 101 1 1495 1594 1566
6750 2 2 101 1 2499 4369 2497
6751 2 2 101 1 1094 4310 1097
6752 2 2 101 1 1553 1858 1856
6753 2 2 101 1 4318 4594 1806
6754 2 2 101 1 2184 2285 2284
6755 2 2 101 1 1907 4351 2095
6756 2 2 101 1 1181 1182 976
6757 2 2 101 1 995 1540 1003
6758 2 2 101 1 954 956 955
6759 2 2 101 1 1921 4484 1161
6760 2 2 101 1 1410 4395 1407
6761 2 2 101 1 3129 3733 3378
6762 2 2 101 1 1751 2022 2021
6763 2 2 101 1 1563 1693 1562
6764 2 2 101 1 1972 4509 2802
6765 2 2 101 1 2090 2260 2091
6766 2 2 101 1 3354 5554 5121
6767 2 2 101 1 3186 4368 2447
6768 2 2 101 1 2647 2648 1035
6769 2 2 101 1 1237 1276 1235
6770 2 2 101 1 1249 1304 1287
6771 2 2 101 1 2447 4368 2096
6772 2 2 101 1 952 954 953
6773 2 2 101 1 1756 2107 1757
6774 2 2 101 1 1388 1687 1387
6775 2 2 101 1 1300 1338 1301
6776 2 2 101 1 965 2719 967
6777 2 2 101 1 1747 4304 1129
6778 2 2 101 1 856 1131 867
6779 2 2 101 1 1561 1562 1560
6780 2 2 101 1 1264 1970 1266
6781 2 2 101 1 2224 4297 2679
6782 2 2 101 1 1416 4381 1418
6783 2 2 101 1 2353 2354 2351
6784 2 2 101 1 843 4564 2678
6785 2 2 101 1 2529 2530 2192
6786 2 2 101 1 852 855 849
6787 2 2 101 1 856 867 855
6788 2 2 101 1 1115 1116 1101
6789 2 2 101 1 852 856 855
6790 2 2 101 1 3047 3609 2515
6791 2 2 101 1 701 703 702
6792 2 2 101 1 4815 5388 3730
6793 2 2 101 1 3877 4580 3876
6794 2 2 101 1 2909 3728 3727
6795 2 2 101 1 1168 4304 1262
6796 2 2 101 1 3159 3160 2771
6797 2 2 101 1 1446 4518 1444
6798 2 2 101 1 2063 4465 2062
6799 2 2 101 1 1022 1026 1024
6800 2 2 101 1 972 974 973
6801 2 2 101 1 1404 1405 737
6802 2 2 101 1 489 4859 392
6803 2 2 101 1 1742 2086 2085
6804 2 2 101 1 1461 4430 1813
6805 2 2 101 1 637 4417 638
6806 2 2 101 1 1573 2730 1575
6807 2 2 101 1 1137 1138 1116
6808 2 2 101 1 760 763 762
6809 2 2 101 1 1070 1073 1072
6810 2 2 101 1 1066 1069 1068
6811 2 2 101 1 1549 1551 1550
6812 2 2 101 1 1373 4371 927
6813 2 2 101 1 906 908 907
6814 2 2 101 1 2258 2641 2431
6815 2 2 101 1 1618 2276 1805
6816 2 2 101 1 1041 1601 1457
6817 2 2 101 1 3517 5594 2455
6818 2 2 101 1 1583 3085 2369
6819 2 2 101 1 1206 4376 2912
6820 2 2 101 1 1436 4150 1432
6821 2 2 101 1 4182 4604 1665
6822 2 2 101 1 2725 4669 1943
6823 2 2 101 1 4988 5294 2038
6824 2 2 101 1 4862 5620 715
6825 2 2 101 1 1549 1550 1548
6826 2 2 101 1 1559 1560 1558
6827 2 2 101 1 1667 4290 1647
6828 2 2 101 1 2113 4385 2453
6829 2 2 101 1 2423 2424 1486
6830 2 2 101 1 708 711 710
6831 2 2 101 1 1747 4305 4304
6832 2 2 101 1 2909 3727 2745
6833 2 2 101 1 3175 5225 3174
6834 2 2 101 1 2668 4437 2663
6835 2 2 101 1 2708 4776 2706
6836 2 2 101 1 1475 1732 1474
6837 2 2 101 1 2520 2829 1225
6838 2 2 101 1 2224 2289 1732
6839 2 2 101 1 2981 4485 4397
6840 2 2 101 1 2610 4353 737
6841 2 2 101 1 3681 4356 590
6842 2 2 101 1 1709 1712 1711
6843 2 2 101 1 1382 1383 1381
6844 2 2 101 1 2137 2171 2139
6845 2 2 101 1 1405 4395 2610
6846 2 2 101 1 1803 5472 3872
6847 2 2 101 1 3928 5011 3927
6848 2 2 101 1 1518 2789 1096
6849 2 2 101 1 639 5483 3894
6850 2 2 101 1 1962 4509 1964
6851 2 2 101 1 1593 4419 1591
6852 2 2 101 1 969 972 971
6853 2 2 101 1 856 4530 4082
6854 2 2 101 1 1364 4416 1261
6855 2 2 101 1 848 852 849
6856 2 2 101 1 2615 3414 3067
6857 2 2 101 1 741 1547 864
6858 2 2 101 1 592 4356 2553
6859 2 2 101 1 1474 1476 1379
6860 2 2 101 1 3738 4781 1708
6861 2 2 101 1 1268 1689 1270
6862 2 2 101 1 2775 3136 2321
6863 2 2 101 1 1683 4295 1636
6864 2 2 101 1 735 740 738
6865 2 2 101 1 1705 4381 1416
6866 2 2 101 1 3017 3358 3016
6867 2 2 101 1 841 4464 842
6868 2 2 101 1 4306 4474 1465
6869 2 2 101 1 116 4412 115
6870 2 2 101 1 57 449 56
6871 2 2 101 1 60 580 59
6872 2 2 101 1 61 4405 60
6873 2 2 101 1 114 4411 113
6874 2 2 101 1 117 578 116
6875 2 2 101 1 70 579 69
6876 2 2 101 1 65 581 64
6877 2 2 101 1 110 446 109
6878 2 2 101 1 72 450 71
6879 2 2 101 1 123 576 122
6880 2 2 101 1 125 445 124
6881 2 2 101 1 71 4409 70
6882 2 2 101 1 120 444 119
6883 2 2 101 1 66 4408 65
6884 2 2 101 1 67 447 66
6885 2 2 101 1 113 577 112
6886 2 2 101 1 62 448 61
6887 2 2 101 1 115 443 114
6888 2 2 101 1 124 4404 123
6889 2 2 101 1 2275 4691 4118
6890 2 2 101 1 3050 3423 2927
6891 2 2 101 1 873 875 874
6892 2 2 101 1 2068 2670 2220
6893 2 2 101 1 2055 4398 1283
6894 2 2 101 1 2411 2412 1402
6895 2 2 101 1 1382 4387 1385
6896 2 2 101 1 2408 3024 2289
6897 2 2 101 1 2995 2997 2996
6898 2 2 101 1 391 4859 541
6899 2 2 101 1 1573 1574 1055
6900 2 2 101 1 1997 4528 2816
6901 2 2 101 1 2391 2725 1943
6902 2 2 101 1 848 849 846
6903 2 2 101 1 1753 2029 1438
6904 2 2 101 1 1469 2428 2427
6905 2 2 101 1 1632 4372 1630
6906 2 2 101 1 1601 1602 1457
6907 2 2 101 1 839 843 841
6908 2 2 101 1 2651 4403 2943
6909 2 2 101 1 1202 4485 1198
6910 2 2 101 1 1374 4573 2746
6911 2 2 101 1 1151 1154 1153
6912 2 2 101 1 2626 4379 3410
6913 2 2 101 1 4143 4566 601
6914 2 2 101 1 845 846 844
6915 2 2 101 1 3080 4365 3076
6916 2 2 101 1 3370 4379 2495
6917 2 2 101 1 1418 4381 1421
6918 2 2 101 1 497 5130 4278
6919 2 2 101 1 2434 4708 2858
6920 2 2 101 1 1781 1783 1782
6921 2 2 101 1 1274 4473 1275
6922 2 2 101 1 1531 4399 1533
6923 2 2 101 1 2184 4585 2285
6924 2 2 101 1 904 906 905
6925 2 2 101 1 927 4371 929
6926 2 2 101 1 2495 4379 2291
6927 2 2 101 1 2415 2995 2994
6928 2 2 101 1 768 771 770
6929 2 2 101 1 1318 1992 1991
6930 2 2 101 1 1224 4384 1182
6931 2 2 101 1 1733 2224 1732
6932 2 2 101 1 3246 5087 3860
6933 2 2 101 1 632 4510 635
6934 2 2 101 1 902 904 903
6935 2 2 101 1 625 859 627
6936 2 2 101 1 2493 4330 2043
6937 2 2 101 1 1385 1387 1384
6938 2 2 101 1 2191 2864 2529
6939 2 2 101 1 651 4449 652
6940 2 2 101 1 4760 5382 1048
6941 2 2 101 1 1983 4528 1985
6942 2 2 101 1 2373 4331 920
6943 2 2 101 1 656 4263 659
6944 2 2 101 1 1889 4470 2451
6945 2 2 101 1 2670 3158 2869
6946 2 2 101 1 1272 1274 1273
6947 2 2 101 1 1484 2216 1617
6948 2 2 101 1 1547 1548 864
6949 2 2 101 1 3373 5243 3292
6950 2 2 101 1 1928 2277 1926
6951 2 2 101 1 2263 2483 2262
6952 2 2 101 1 1306 4364 1232
6953 2 2 101 1 2755 2756 2650
6954 2 2 101 1 908 4456 909
6955 2 2 101 1 1693 1803 1562
6956 2 2 101 1 2291 4379 2626
6957 2 2 101 1 806 809 808
6958 2 2 101 1 2038 4399 1531
6959 2 2 101 1 1241 1252 1251
6960 2 2 101 1 1125 2392 1225
6961 2 2 101 1 800 803 802
6962 2 2 101 1 2840 3016 2756
6963 2 2 101 1 2086 2491 2295
6964 2 2 101 1 703 4474 704
6965 2 2 101 1 1489 2032 2031
6966 2 2 101 1 286 4692 285
6967 2 2 101 1 843 844 841
6968 2 2 101 1 1384 1386 1383
6969 2 2 101 1 774 777 776
6970 2 2 101 1 3047 3610 3609
6971 2 2 101 1 4071 4554 555
6972 2 2 101 1 1283 4430 1282
6973 2 2 101 1 2718 4468 2715
6974 2 2 101 1 2604 4327 1338
6975 2 2 101 1 4011 5090 3049
6976 2 2 101 1 1090 1093 1092
6977 2 2 101 1 2385 3231 3230
6978 2 2 101 1 671 4454 672
6979 2 2 101 1 1600 2368 2250
6980 2 2 101 1 1074 1077 1076
6981 2 2 101 1 1125 1159 1122
6982 2 2 101 1 794 797 796
6983 2 2 101 1 926 1374 1373
6984 2 2 101 1 1355 4299 1353
6985 2 2 101 1 1547 1549 1548
6986 2 2 101 1 782 785 784
6987 2 2 101 1 1378 1379 1377
6988 2 2 101 1 3556 5536 3828
6989 2 2 101 1 2024 2374 1629
6990 2 2 101 1 719 4329 720
6991 2 2 101 1 3129 3378 3130
6992 2 2 101 1 1515 2102 1230
6993 2 2 101 1 1275 1565 1347
6994 2 2 101 1 1476 4360 1379
6995 2 2 101 1 2157 2160 2159
6996 2 2 101 1 695 697 696
6997 2 2 101 1 788 791 790
6998 2 2 101 1 1353 1354 1351
6999 2 2 101 1 3856 3857 3854
7000 2 2 101 1 1242 1489 1488
7001 2 2 101 1 1010 1539 1012
7002 2 2 101 1 306 4696 305
7003 2 2 101 1 1894 4419 2469
7004 2 2 101 1 2163 3061 2904
7005 2 2 101 1 3484 5371 3156
7006 2 2 101 1 1002 4523 1006
7007 2 2 101 1 2243 2246 2245
7008 2 2 101 1 3219 5469 3218
7009 2 2 101 1 921 4331 924
7010 2 2 101 1 687 4451 688
7011 2 2 101 1 1860 1861 1851
7012 2 2 101 1 1558 1848 1556
7013 2 2 101 1 4079 4666 1156
7014 2 2 101 1 2237 2240 2239
7015 2 2 101 1 757 1472 758
7016 2 2 101 1 3116 3409 3115
7017 2 2 101 1 3413 4351 2468
7018 2 2 101 1 812 815 814
7019 2 2 101 1 2648 2755 2650
7020 2 2 101 1 845 848 846
7021 2 2 101 1 2666 4437 3254
7022 2 2 101 1 843 845 844
7023 2 2 101 1 2220 4465 2066
7024 2 2 101 1 1278 1279 1277
7025 2 2 101 1 2231 2234 2233
7026 2 2 101 1 2099 4373 1735
7027 2 2 101 1 859 1382 1381
7028 2 2 101 1 1286 1320 1319
7029 2 2 101 1 1557 1558 1556
7030 2 2 101 1 2129 2131 2130
7031 2 2 101 1 2415 2994 2993
7032 2 2 101 1 118 4410 117
7033 2 2 101 1 1100 2713 1115
7034 2 2 101 1 1713 1716 1715
7035 2 2 101 1 4336 5189 3556
7036 2 2 101 1 1041 1457 959
7037 2 2 101 1 1972 2802 1974
7038 2 2 101 1 1320 1905 1903
7039 2 2 101 1 4371 4599 2647
7040 2 2 101 1 4207 4723 379
7041 2 2 101 1 398 4709 397
7042 2 2 101 1 2102 4359 1230
7043 2 2 101 1 1107 1125 1122
7044 2 2 101 1 1231 4359 1255
7045 2 2 101 1 1600 2250 1340
7046 2 2 101 1 1735 4373 1939
7047 2 2 101 1 711 713 712
7048 2 2 101 1 1086 1089 1088
7049 2 2 101 1 2227 2673 2229
7050 2 2 101 1 1640 4413 1638
7051 2 2 101 1 2117 2587 2586
7052 2 2 101 1 1606 5091 3686
7053 2 2 101 1 1014 1100 1017
7054 2 2 101 1 1976 2226 1978
7055 2 2 101 1 820 823 822
7056 2 2 101 1 1374 1375 1373
7057 2 2 101 1 1292 1628 1294
7058 2 2 101 1 1992 2386 2251
7059 2 2 101 1 1339 4327 1557
7060 2 2 101 1 2440 2441 2439
7061 2 2 101 1 1132 2373 920
7062 2 2 101 1 2477 2478 1589
7063 2 2 101 1 1137 1286 1226
7064 2 2 101 1 1173 1242 1238
7065 2 2 101 1 2862 2934 2441
7066 2 2 101 1 2437 2801 2108
7067 2 2 101 1 2795 4702 3709
7068 2 2 101 1 2886 3193 2885
7069 2 2 101 1 2501 3143 2876
7070 2 2 101 1 344 4715 343
7071 2 2 101 1 2840 3017 3016
7072 2 2 101 1 2368 2646 2250
7073 2 2 101 1 1487 1585 1468
7074 2 2 101 1 1239 1241 1240
7075 2 2 101 1 2770 2771 2769
7076 2 2 101 1 909 912 911
7077 2 2 101 1 2103 2104 2102
7078 2 2 101 1 4397 4485 1202
7079 2 2 101 1 3301 4369 2499
7080 2 2 101 1 2195 2578 2104
7081 2 2 101 1 2768 3822 3821
7082 2 2 101 1 2313 2458 2315
7083 2 2 101 1 2438 4471 3365
7084 2 2 101 1 895 5074 1054
7085 2 2 101 1 2497 4369 3438
7086 2 2 101 1 1969 4991 3500
7087 2 2 101 1 831 847 833
7088 2 2 101 1 1954 2613 1956
7089 2 2 101 1 2068 2220 2066
7090 2 2 101 1 2451 4631 4323
7091 2 2 101 1 2468 4351 1907
7092 2 2 101 1 2377 2501 2379
7093 2 2 101 1 3901 5158 1510
7094 2 2 101 1 1827 2358 2357
7095 2 2 101 1 4186 4790 2962
7096 2 2 101 1 2223 2442 2099
7097 2 2 101 1 1078 1081 1080
7098 2 2 101 1 4024 5430 4023
7099 2 2 101 1 3115 3117 3114
7100 2 2 101 1 1082 1085 1084
7101 2 2 101 1 1376 1377 1375
7102 2 2 101 1 1382 1384 1383
7103 2 2 101 1 2069 4497 2068
7104 2 2 101 1 2413 2970 2354
7105 2 2 101 1 5421 5530 3623
7106 2 2 101 1 2024 2500 2374
7107 2 2 101 1 2276 5150 4498
7108 2 2 101 1 713 4515 714
7109 2 2 101 1 2442 3214 3194
7110 2 2 101 1 3455 4393 2574
7111 2 2 101 1 1580 1581 1579
7112 2 2 101 1 2112 4653 1462
7113 2 2 101 1 604 3408 3111
7114 2 2 101 1 1244 4811 4104
7115 2 2 101 1 2573 4393 2685
7116 2 2 101 1 711 1587 713
7117 2 2 101 1 1864 1865 1862
7118 2 2 101 1 2970 3021 2354
7119 2 2 101 1 2598 3655 2704
7120 2 2 101 1 2288 2311 1980
7121 2 2 101 1 1176 1515 1230
7122 2 2 101 1 300 4563 546
7123 2 2 101 1 2663 4437 2661
7124 2 2 101 1 1868 1869 1866
7125 2 2 101 1 3438 4330 2493
7126 2 2 101 1 2755 2840 2756
7127 2 2 101 1 2218 4585 2184
7128 2 2 101 1 878 1102 880
7129 2 2 101 1 853 4530 852
7130 2 2 101 1 918 1132 920
7131 2 2 101 1 900 902 901
7132 2 2 101 1 2131 2134 2132
7133 2 2 101 1 1620 2223 2099
7134 2 2 101 1 1588 1589 1494
7135 2 2 101 1 2977 2978 2424
7136 2 2 101 1 2129 2133 2131
7137 2 2 101 1 1704 1980 1585
7138 2 2 101 1 1571 1818 1572
7139 2 2 101 1 1575 1576 1574
7140 2 2 101 1 749 2334 860
7141 2 2 101 1 1932 2723 1930
7142 2 2 101 1 4786 4987 3816
7143 2 2 101 1 1142 1152 1144
7144 2 2 101 1 1313 2221 1323
7145 2 2 101 1 1284 1362 1311
7146 2 2 101 1 2500 3118 2374
7147 2 2 101 1 1587 1827 1826
7148 2 2 101 1 1751 2021 1450
7149 2 2 101 1 824 851 826
7150 2 2 101 1 1378 1474 1379
7151 2 2 101 1 2134 2481 2425
7152 2 2 101 1 4188 5518 2757
7153 2 2 101 1 4701 4902 3514
7154 2 2 101 1 2998 4124 1605
7155 2 2 101 1 835 1564 837
7156 2 2 101 1 2707 3584 2872
7157 2 2 101 1 2358 2931 2357
7158 2 2 101 1 2611 2612 2311
7159 2 2 101 1 2358 2932 2931
7160 2 2 101 1 2254 2946 2253
7161 2 2 101 1 929 4371 932
7162 2 2 101 1 1125 1225 1159
7163 2 2 101 1 1993 4596 2294
7164 2 2 101 1 1827 2357 1826
7165 2 2 101 1 1476 5146 3467
7166 2 2 101 1 1261 4559 1167
7167 2 2 101 1 2074 2306 2300
7168 2 2 101 1 3113 3115 3114
7169 2 2 101 1 4178 4473 1572
7170 2 2 101 1 1717 1720 1719
7171 2 2 101 1 2370 2785 2445
7172 2 2 101 1 3234 3235 2978
7173 2 2 101 1 646 4526 649
7174 2 2 101 1 737 4353 724
7175 2 2 101 1 763 858 764
7176 2 2 101 1 2763 2764 2169
7177 2 2 101 1 3598 3599 3401
7178 2 2 101 1 2385 2843 2200
7179 2 2 101 1 2639 4579 2759
7180 2 2 101 1 1039 1047 1045
7181 2 2 101 1 2294 2888 2535
7182 2 2 101 1 2134 2425 2135
7183 2 2 101 1 2574 4393 2573
7184 2 2 101 1 2186 2440 2439
7185 2 2 101 1 1535 4427 1537
7186 2 2 101 1 3704 4365 3080
7187 2 2 101 1 1665 4604 1661
7188 2 2 101 1 1272 1571 1274
7189 2 2 101 1 1621 1622 1545
7190 2 2 101 1 1630 4372 2024
7191 2 2 101 1 1356 4396 1359
7192 2 2 101 1 1801 4561 1624
7193 2 2 101 1 83 4690 561
7194 2 2 101 1 439 4690 84
7195 2 2 101 1 2171 2292 2172
7196 2 2 101 1 3057 3058 2612
7197 2 2 101 1 2117 2586 1905
7198 2 2 101 1 588 4982 502
7199 2 2 101 1 1381 4201 627
7200 2 2 101 1 2658 4482 1457
7201 2 2 101 1 2481 3264 2825
7202 2 2 101 1 2886 4676 3193
7203 2 2 101 1 4384 4455 976
7204 2 2 101 1 2501 4116 3143
7205 2 2 101 1 631 4510 632
7206 2 2 101 1 4123 4888 4115
7207 2 2 101 1 2095 4351 2562
7208 2 2 101 1 1376 1378 1377
7209 2 2 101 1 1675 4605 1676
7210 2 2 101 1 1755 2169 1754
7211 2 2 101 1 1818 2004 1819
7212 2 2 101 1 2918 2919 2412
7213 2 2 101 1 2345 3343 2854
7214 2 2 101 1 1378 4479 1475
7215 2 2 101 1 975 4455 978
7216 2 2 101 1 720 4329 723
7217 2 2 101 1 2312 2313 2007
7218 2 2 101 1 2306 3015 3014
7219 2 2 101 1 912 2657 916
7220 2 2 101 1 3120 3121 1888
7221 2 2 101 1 1876 4364 1306
7222 2 2 101 1 1577 1578 1576
7223 2 2 101 1 3236 3503 3235
7224 2 2 101 1 2334 2563 860
7225 2 2 101 1 3634 4892 1362
7226 2 2 101 1 2324 2325 2029
7227 2 2 101 1 1725 1728 1727
7228 2 2 101 1 2171 2803 2292
7229 2 2 101 1 3010 4730 4695
7230 2 2 101 1 3023 4675 2638
7231 2 2 101 1 1626 1897 1895
7232 2 2 101 1 1010 4523 1539
7233 2 2 101 1 1776 5270 1796
7234 2 2 101 1 2334 2910 2563
7235 2 2 101 1 1407 4395 1405
7236 2 2 101 1 3221 3222 2919
7237 2 2 101 1 3059 3403 3058
7238 2 2 101 1 195 3072 1925
7239 2 2 101 1 2224 2408 2289
7240 2 2 101 1 1386 4380 1383
7241 2 2 101 1 2686 4711 2684
7242 2 2 101 1 3593 5539 2679
7243 2 2 101 1 2408 3207 3024
7244 2 2 101 1 1513 1514 637
7245 2 2 101 1 2481 4588 3264
7246 2 2 101 1 1903 2191 1904
7247 2 2 101 1 2262 2345 1874
7248 2 2 101 1 2788 3349 3089
7249 2 2 101 1 3223 3512 3222
7250 2 2 101 1 682 4532 685
7251 2 2 101 1 2910 3573 2563
7252 2 2 101 1 2798 2799 2325
7253 2 2 101 1 697 4548 698
7254 2 2 101 1 1745 1888 1744
7255 2 2 101 1 2047 4481 4006
7256 2 2 101 1 2074 4375 2306
7257 2 2 101 1 1870 1872 1869
7258 2 2 101 1 2776 3209 3064
7259 2 2 101 1 1623 1874 1612
7260 2 2 101 1 2153 4941 2150
7261 2 2 101 1 3339 5551 529
7262 2 2 101 1 378 4723 531
7263 2 2 101 1 3091 3092 2799
7264 2 2 101 1 1533 4399 2194
7265 2 2 101 1 771 1473 772
7266 2 2 101 1 1787 1789 1788
7267 2 2 101 1 1997 2816 1999
7268 2 2 101 1 1873 2335 1872
7269 2 2 101 1 815 854 816
7270 2 2 101 1 2450 2831 2335
7271 2 2 101 1 2059 4441 2057
7272 2 2 101 1 1132 2941 2373
7273 2 2 101 1 1579 1626 1578
7274 2 2 101 1 666 4529 669
7275 2 2 101 1 4663 4720 2917
7276 2 2 101 1 2124 4463 3033
7277 2 2 101 1 2004 2378 2377
7278 2 2 101 1 2670 2869 2220
7279 2 2 101 1 1374 1376 1375
7280 2 2 101 1 2061 4398 2055
7281 2 2 101 1 1755 4940 2763
7282 2 2 101 1 803 1368 804
7283 2 2 101 1 2478 2709 1589
7284 2 2 101 1 5084 5268 68
7285 2 2 101 1 1721 1724 1723
7286 2 2 101 1 1415 4452 2214
7287 2 2 101 1 777 857 778
7288 2 2 101 1 1957 4546 1696
7289 2 2 101 1 701 1464 703
7290 2 2 101 1 3454 4428 3455
7291 2 2 101 1 3034 4515 1826
7292 2 2 101 1 3093 3424 3092
7293 2 2 101 1 2074 2300 2072
7294 2 2 101 1 3457 4428 3454
7295 2 2 101 1 797 1463 798
7296 2 2 101 1 2323 2887 2874
7297 2 2 101 1 2246 2472 2247
7298 2 2 101 1 2062 4465 2643
7299 2 2 101 1 2341 5026 3913
7300 2 2 101 1 1317 1741 1178
7301 2 2 101 1 791 1369 792
7302 2 2 101 1 785 1471 786
7303 2 2 101 1 2160 2217 2161
7304 2 2 101 1 676 4539 679
7305 2 2 101 1 2880 3565 2489
7306 2 2 101 1 1359 4396 1708
7307 2 2 101 1 1807 2614 1809
7308 2 2 101 1 2716 2717 2715
7309 2 2 101 1 2109 2437 2108
7310 2 2 101 1 2295 2489 2085
7311 2 2 101 1 1884 4416 1364
7312 2 2 101 1 496 4701 88
7313 2 2 101 1 87 4701 560
7314 2 2 101 1 2240 2543 2241
7315 2 2 101 1 1339 1555 1301
7316 2 2 101 1 1611 1612 1610
7317 2 2 101 1 660 4534 663
7318 2 2 101 1 1682 4605 1678
7319 2 2 101 1 2747 4797 4017
7320 2 2 101 1 2322 2776 2775
7321 2 2 101 1 809 1470 810
7322 2 2 101 1 1515 2103 2102
7323 2 2 101 1 2726 4401 1990
7324 2 2 101 1 2079 4375 2075
7325 2 2 101 1 1571 1572 1274
7326 2 2 101 1 2034 2429 2032
7327 2 2 101 1 842 4464 2111
7328 2 2 101 1 1118 4772 1136
7329 2 2 101 1 2167 4980 2532
7330 2 2 101 1 2788 3089 2378
7331 2 2 101 1 1198 4485 1200
7332 2 2 101 1 2756 4403 2650
7333 2 2 101 1 692 4551 695
7334 2 2 101 1 1980 2089 1585
7335 2 2 101 1 763 2692 858
7336 2 2 101 1 4064 4851 4744
7337 2 2 101 1 635 1513 637
7338 2 2 101 1 2152 2154 2153
7339 2 2 101 1 1635 4372 1632
7340 2 2 101 1 2234 2624 2235
7341 2 2 101 1 1587 1826 713
7342 2 2 101 1 2154 2355 2155
7343 2 2 101 1 4398 4430 1283
7344 2 2 101 1 757 2124 1472
7345 2 2 101 1 1733 4297 2224
7346 2 2 101 1 4962 5046 4273
7347 2 2 101 1 2149 2152 2150
7348 2 2 101 1 3992 4947 441
7349 2 2 101 1 2294 2535 1938
7350 2 2 101 1 2612 2853 2311
7351 2 2 101 1 2696 3210 2697
7352 2 2 101 1 2681 4441 2278
7353 2 2 101 1 1169 4421 1257
7354 2 2 101 1 645 4526 646
7355 2 2 101 1 1936 2618 1934
7356 2 2 101 1 1320 1903 1319
7357 2 2 101 1 3095 3096 2270
7358 2 2 101 1 2587 3203 2586
7359 2 2 101 1 1544 1545 1543
7360 2 2 101 1 844 4464 841
7361 2 2 101 1 1609 1610 1514
7362 2 2 101 1 1049 1573 1055
7363 2 2 101 1 1100 1115 1101
7364 2 2 101 1 369 4779 517
7365 2 2 101 1 777 2852 857
7366 2 2 101 1 815 2698 854
7367 2 2 101 1 862 4415 869
7368 2 2 101 1 2383 3095 2270
7369 2 2 101 1 1469 2714 2428
7370 2 2 101 1 2103 2195 2104
7371 2 2 101 1 2576 5380 3997
7372 2 2 101 1 2440 2862 2441
7373 2 2 101 1 2154 2446 2355
7374 2 2 101 1 1643 4413 1640
7375 2 2 101 1 1623 2262 1874
7376 2 2 101 1 976 4455 975
7377 2 2 101 1 944 4970 1042
7378 2 2 101 1 3124 4521 2389
7379 2 2 101 1 2812 4302 854
7380 2 2 101 1 4649 4776 1362
7381 2 2 101 1 2570 4849 3839
7382 2 2 101 1 2195 2762 2578
7383 2 2 101 1 1734 2269 2265
7384 2 2 101 1 896 898 897
7385 2 2 101 1 2031 2739 1488
7386 2 2 101 1 785 2144 1471
7387 2 2 101 1 3403 3404 3058
7388 2 2 101 1 3566 4719 3567
7389 2 2 101 1 3393 3394 2199
7390 2 2 101 1 771 2142 1473
7391 2 2 101 1 791 2703 1369
7392 2 2 101 1 704 4474 707
7393 2 2 101 1 2160 2695 2217
7394 2 2 101 1 1137 1226 1138
7395 2 2 101 1 4609 4983 2853
7396 2 2 101 1 1979 4513 1601
7397 2 2 101 1 2126 2128 2127
7398 2 2 101 1 909 4456 912
7399 2 2 101 1 1338 1339 1301
7400 2 2 101 1 1577 1579 1578
7401 2 2 101 1 2696 3643 3210
7402 2 2 101 1 1468 1469 1467
7403 2 2 101 1 638 4417 641
7404 2 2 101 1 809 2975 1470
7405 2 2 101 1 1115 1137 1116
7406 2 2 101 1 2781 3168 2782
7407 2 2 101 1 797 2702 1463
7408 2 2 101 1 2970 3416 3021
7409 2 2 101 1 3990 5042 4884
7410 2 2 101 1 1257 4421 2924
7411 2 2 101 1 3235 3487 2978
7412 2 2 101 1 2746 4782 3772
7413 2 2 101 1 1528 1850 1527
7414 2 2 101 1 1464 1465 703
7415 2 2 101 1 723 4329 1404
7416 2 2 101 1 2936 4934 3502
7417 2 2 101 1 2246 2827 2472
7418 2 2 101 1 2939 2940 2938
7419 2 2 101 1 1490 4526 4160
7420 2 2 101 1 960 4482 963
7421 2 2 101 1 2995 2996 2994
7422 2 2 101 1 803 2701 1368
7423 2 2 101 1 2714 2715 2428
7424 2 2 101 1 898 900 899
7425 2 2 101 1 2240 3215 2543
7426 2 2 101 1 1300 1301 1298
7427 2 2 101 1 2738 5061 4345
7428 2 2 101 1 2234 3196 2624
7429 2 2 101 1 2692 3005 2817
7430 2 2 101 1 641 4643 642
7431 2 2 101 1 854 4302 816
7432 2 2 101 1 4728 5375 4406
7433 2 2 101 1 1552 4695 1548
7434 2 2 101 1 1570 2105 1354
7435 2 2 101 1 2128 2129 2127
7436 2 2 101 1 665 4529 666
7437 2 2 101 1 1611 1623 1612
7438 2 2 101 1 3168 3233 3169
7439 2 2 101 1 652 4449 655
7440 2 2 101 1 1526 2045 2044
7441 2 2 101 1 2660 4531 2658
7442 2 2 101 1 2126 2127 2125
7443 2 2 101 1 1466 1467 1465
7444 2 2 101 1 1818 1819 1572
7445 2 2 101 1 2090 2835 2260
7446 2 2 101 1 2764 2765 2169
7447 2 2 101 1 1815 4299 1355
7448 2 2 101 1 1282 4430 1461
7449 2 2 101 1 2746 4479 1376
7450 2 2 101 1 3121 3122 1888
7451 2 2 101 1 2716 3097 2717
7452 2 2 101 1 2124 2126 2125
7453 2 2 101 1 2106 2322 2321
7454 2 2 101 1 2179 2735 2734
7455 2 2 101 1 2083 2394 2081
7456 2 2 101 1 659 4534 660
7457 2 2 101 1 1524 1527 1523
7458 2 2 101 1 1252 1365 1303
7459 2 2 101 1 681 4532 682
7460 2 2 101 1 1093 1096 1094
7461 2 2 101 1 3329 5525 3333
7462 2 2 101 1 2191 2529 2192
7463 2 2 101 1 1623 4505 2263
7464 2 2 101 1 4291 4852 2807
7465 2 2 101 1 1901 2364 2363
7466 2 2 101 1 2710 2711 2709
7467 2 2 101 1 1795 5270 1778
7468 2 2 101 1 1574 4175 1055
7469 2 2 101 1 1834 4457 1832
7470 2 2 101 1 1939 4373 2471
7471 2 2 101 1 1591 4419 1894
7472 2 2 101 1 2552 4768 3954
7473 2 2 101 1 959 4482 960
7474 2 2 101 1 675 4539 676
7475 2 2 101 1 1495 2051 1594
7476 2 2 101 1 2743 2845 2287
7477 2 2 101 1 1490 1491 651
7478 2 2 101 1 1460 4421 1171
7479 2 2 101 1 1575 1577 1576
7480 2 2 101 1 1878 2218 2184
7481 2 2 101 1 2300 4497 2072
7482 2 2 101 1 2712 3274 2711
7483 2 2 101 1 3170 4593 2782
7484 2 2 101 1 1171 4421 1169
7485 2 2 101 1 672 4454 675
7486 2 2 101 1 1286 1319 1226
7487 2 2 101 1 4199 4591 935
7488 2 2 101 1 2446 3178 2794
7489 2 2 101 1 2148 2151 2149
7490 2 2 101 1 1522 1526 1525
7491 2 2 101 1 1400 4424 1604
7492 2 2 101 1 3409 5473 1910
7493 2 2 101 1 2146 2148 2147
7494 2 2 101 1 2983 4560 2984
7495 2 2 101 1 4112 5486 4585
7496 2 2 101 1 1898 4423 2256
7497 2 2 101 1 139 4697 138
7498 2 2 101 1 906 1158 908
7499 2 2 101 1 1914 4426 2376
7500 2 2 101 1 1238 1239 1174
7501 2 2 101 1 1060 4615 1063
7502 2 2 101 1 3067 3213 2616
7503 2 2 101 1 2144 2146 2145
7504 2 2 101 1 1573 1575 1574
7505 2 2 101 1 2864 3306 2529
7506 2 2 101 1 2142 2482 2143
7507 2 2 101 1 1602 4513 4366
7508 2 2 101 1 1421 4608 1420
7509 2 2 101 1 1275 4473 1565
7510 2 2 101 1 1434 4425 1440
7511 2 2 101 1 1696 4546 1695
7512 2 2 101 1 2600 4517 4370
7513 2 2 101 1 2481 2825 2425
7514 2 2 101 1 1451 4578 4376
7515 2 2 101 1 2781 2782 2168
7516 2 2 101 1 2989 2992 2990
7517 2 2 101 1 649 1490 651
7518 2 2 101 1 4363 4525 1551
7519 2 2 101 1 2703 3028 2819
7520 2 2 101 1 2306 3014 2300
7521 2 2 101 1 1537 4427 1996
7522 2 2 101 1 1638 4413 1683
7523 2 2 101 1 2387 2769 2389
7524 2 2 101 1 1464 1466 1465
7525 2 2 101 1 2714 2716 2715
7526 2 2 101 1 2124 2125 1472
7527 2 2 101 1 2687 4561 2360
7528 2 2 101 1 2004 2377 1819
7529 2 2 101 1 1492 1493 1491
7530 2 2 101 1 2769 2980 2389
7531 2 2 101 1 688 4451 691
7532 2 2 101 1 707 4392 708
7533 2 2 101 1 2415 4536 2995
7534 2 2 101 1 2452 5206 4646
7535 2 2 101 1 2702 3167 2722
7536 2 2 101 1 2698 2889 2699
7537 2 2 101 1 1298 1318 1297
7538 2 2 101 1 1621 2108 1622
7539 2 2 101 1 437 4655 3991
7540 2 2 101 1 2179 2734 2177
7541 2 2 101 1 1494 1495 1493
7542 2 2 101 1 852 4530 856
7543 2 2 101 1 2997 3336 2996
7544 2 2 101 1 506 4867 4094
7545 2 2 101 1 629 4658 626
7546 2 2 101 1 2194 4427 1535
7547 2 2 101 1 2325 2474 2029
7548 2 2 101 1 691 4551 692
7549 2 2 101 1 2435 3543 2422
7550 2 2 101 1 3092 3392 2799
7551 2 2 101 1 1158 1541 908
7552 2 2 101 1 1496 1497 671
7553 2 2 101 1 2165 2166 2151
7554 2 2 101 1 2478 2710 2709
7555 2 2 101 1 2006 2007 1884
7556 2 2 101 1 2107 2435 2422
7557 2 2 101 1 1466 1468 1467
7558 2 2 101 1 1296 1298 1297
7559 2 2 101 1 669 1496 671
7560 2 2 101 1 1509 2676 665
7561 2 2 101 1 4999 5058 3078
7562 2 2 101 1 1512 2675 681
7563 2 2 101 1 3860 5087 3858
7564 2 2 101 1 2387 2389 2386
7565 2 2 101 1 1339 1556 1555
7566 2 2 101 1 101 4602 100
7567 2 2 101 1 1542 1543 1541
7568 2 2 101 1 2899 3049 2735
7569 2 2 101 1 2701 3216 2882
7570 2 2 101 1 663 1509 665
7571 2 2 101 1 2615 2616 2212
7572 2 2 101 1 3317 3319 3318
7573 2 2 101 1 3170 5125 3885
7574 2 2 101 1 679 1512 681
7575 2 2 101 1 2523 5037 2274
7576 2 2 101 1 2334 4550 3010
7577 2 2 101 1 2111 4415 862
7578 2 2 101 1 2710 2712 2711
7579 2 2 101 1 685 1503 687
7580 2 2 101 1 3524 4589 3526
7581 2 2 101 1 1609 1611 1610
7582 2 2 101 1 1513 1609 1514
7583 2 2 101 1 1883 2006 1884
7584 2 2 101 1 2553 4466 2555
7585 2 2 101 1 3123 3385 3122
7586 2 2 101 1 1409 4431 1411
7587 2 2 101 1 695 1613 697
7588 2 2 101 1 2843 4153 2200
7589 2 2 101 1 3951 5085 2082
7590 2 2 101 1 5127 5401 3557
7591 2 2 101 1 1514 4417 637
7592 2 2 101 1 1744 1748 1508
7593 2 2 101 1 2700 3248 2545
7594 2 2 101 1 3242 3594 2765
7595 2 2 101 1 1992 2387 2386
7596 2 2 101 1 3510 5151 3730
7597 2 2 101 1 1507 1508 1506
7598 2 2 101 1 2677 3029 2676
7599 2 2 101 1 4370 4517 1747
7600 2 2 101 1 3349 3351 3089
7601 2 2 101 1 3264 3489 2825
7602 2 2 101 1 2888 3508 2535
7603 2 2 101 1 869 4415 873
7604 2 2 101 1 1742 2085 1741
7605 2 2 101 1 1498 1499 1497
7606 2 2 101 1 1413 4452 1415
7607 2 2 101 1 2841 5040 2911
7608 2 2 101 1 2555 4466 3008
7609 2 2 101 1 2862 3241 2934
7610 2 2 101 1 4280 4798 2413
7611 2 2 101 1 1551 4525 1550
7612 2 2 101 1 1296 1297 1295
7613 2 2 101 1 1550 4525 1553
7614 2 2 101 1 2387 4543 2770
7615 2 2 101 1 1503 1504 687
7616 2 2 101 1 2999 3031 2675
7617 2 2 101 1 1500 1501 1499
7618 2 2 101 1 1754 1756 1501
7619 2 2 101 1 2122 2743 2287
7620 2 2 101 1 4249 4972 1061
7621 2 2 101 1 932 4371 2647
7622 2 2 101 1 1601 4513 1602
7623 2 2 101 1 714 4515 719
7624 2 2 101 1 4376 4578 2912
7625 2 2 101 1 3048 3220 2742
7626 2 2 101 1 2712 3276 3274
7627 2 2 101 1 1458 4431 1409
7628 2 2 101 1 2754 4912 2271
7629 2 2 101 1 1505 1506 1504
7630 2 2 101 1 2278 4441 2059
7631 2 2 101 1 2773 4596 1995
7632 2 2 101 1 1173 1174 1156
7633 2 2 101 1 3288 5224 3286
7634 2 2 101 1 4216 4759 4218
7635 2 2 101 1 1289 1734 1700
7636 2 2 101 1 1489 2031 1488
7637 2 2 101 1 2398 2399 1957
7638 2 2 101 1 1804 4452 1413
7639 2 2 101 1 3238 5327 3237
7640 2 2 101 1 3005 4357 2817
7641 2 2 101 1 2803 2804 2292
7642 2 2 101 1 2835 2836 2260
7643 2 2 101 1 601 4566 605
7644 2 2 101 1 1085 4321 1086
7645 2 2 101 1 1544 1621 1545
7646 2 2 101 1 318 4756 317
7647 2 2 101 1 1846 4436 2290
7648 2 2 101 1 2392 3163 2520
7649 2 2 101 1 689 5455 3956
7650 2 2 101 1 1448 4433 1692
7651 2 2 101 1 3633 5502 349
7652 2 2 101 1 2410 4364 1876
7653 2 2 101 1 2692 2817 858
7654 2 2 101 1 2057 4441 2061
7655 2 2 101 1 432 4759 431
7656 2 2 101 1 2740 2741 2739
7657 2 2 101 1 981 4472 983
7658 2 2 101 1 1492 1494 1493
7659 2 2 101 1 1490 1492 1491
7660 2 2 101 1 2776 3064 2775
7661 2 2 101 1 4421 4653 2924
7662 2 2 101 1 1990 4401 2252
7663 2 2 101 1 3388 3391 2773
7664 2 2 101 1 2012 2385 2200
7665 2 2 101 1 2435 4570 3545
7666 2 2 101 1 1146 2336 1148
7667 2 2 101 1 2293 5363 4303
7668 2 2 101 1 1411 4431 1804
7669 2 2 101 1 3823 5205 2988
7670 2 2 101 1 1570 2106 2105
7671 2 2 101 1 1613 2979 697
7672 2 2 101 1 2742 3105 2741
7673 2 2 101 1 635 4510 1513
7674 2 2 101 1 2764 3242 2765
7675 2 2 101 1 1460 4653 4421
7676 2 2 101 1 1886 4447 1458
7677 2 2 101 1 935 4591 937
7678 2 2 101 1 1995 4596 1993
7679 2 2 101 1 1789 1791 1790
7680 2 2 101 1 1239 1690 1241
7681 2 2 101 1 2022 2270 2021
7682 2 2 101 1 2210 2615 2212
7683 2 2 101 1 2417 4505 1611
7684 2 2 101 1 3233 3344 3169
7685 2 2 101 1 2437 2891 2801
7686 2 2 101 1 1158 4552 4389
7687 2 2 101 1 2326 4448 4447
7688 2 2 101 1 575 4338 142
7689 2 2 101 1 141 4338 460
7690 2 2 101 1 136 4343 465
7691 2 2 101 1 466 4344 155
7692 2 2 101 1 44 4336 564
7693 2 2 101 1 149 4341 570
7694 2 2 101 1 462 4341 150
7695 2 2 101 1 134 4340 568
7696 2 2 101 1 463 4346 25
7697 2 2 101 1 459 4337 30
7698 2 2 101 1 465 4340 135
7699 2 2 101 1 569 4343 137
7700 2 2 101 1 154 4344 567
7701 2 2 101 1 24 4346 565
7702 2 2 101 1 464 4336 45
7703 2 2 101 1 29 4337 574
7704 2 2 101 1 1761 2197 1763
7705 2 2 101 1 572 4335 33
7706 2 2 101 1 3203 5586 4753
7707 2 2 101 1 1826 4515 713
7708 2 2 101 1 131 4342 470
7709 2 2 101 1 744 4550 746
7710 2 2 101 1 3168 3169 2782
7711 2 2 101 1 2966 2967 2965
7712 2 2 101 1 2142 2143 1473
7713 2 2 101 1 886 1103 888
7714 2 2 101 1 2852 3564 857
7715 2 2 101 1 2482 3265 2143
7716 2 2 101 1 3121 3123 3122
7717 2 2 101 1 1496 1498 1497
7718 2 2 101 1 947 4462 949
7719 2 2 101 1 1509 2677 2676
7720 2 2 101 1 2677 3030 3029
7721 2 2 101 1 2435 3544 3543
7722 2 2 101 1 2086 2295 2085
7723 2 2 101 1 3009 4598 2406
7724 2 2 101 1 1500 1754 1501
7725 2 2 101 1 1498 1500 1499
7726 2 2 101 1 2144 2145 1471
7727 2 2 101 1 46 4339 464
7728 2 2 101 1 2446 2794 2355
7729 2 2 101 1 978 4455 2100
7730 2 2 101 1 2698 2699 854
7731 2 2 101 1 3551 4401 2726
7732 2 2 101 1 2458 4173 2315
7733 2 2 101 1 2807 4915 1887
7734 2 2 101 1 1158 1542 1541
7735 2 2 101 1 2703 2819 1369
7736 2 2 101 1 128 4348 522
7737 2 2 101 1 2695 2696 2217
7738 2 2 101 1 1505 1507 1506
7739 2 2 101 1 1423 4608 1516
7740 2 2 101 1 1507 1744 1508
7741 2 2 101 1 2702 2722 1463
7742 2 2 101 1 2146 2147 2145
7743 2 2 101 1 2148 2149 2147
7744 2 2 101 1 2827 2894 2472
7745 2 2 101 1 2392 2520 1225
7746 2 2 101 1 523 5358 5104
7747 2 2 101 1 350 5088 349
7748 2 2 101 1 3123 3633 3385
7749 2 2 101 1 1866 4567 1865
7750 2 2 101 1 3095 3572 3096
7751 2 2 101 1 2322 2775 2321
7752 2 2 101 1 1242 1488 1238
7753 2 2 101 1 1512 2999 2675
7754 2 2 101 1 2831 2832 2335
7755 2 2 101 1 1613 4301 2979
7756 2 2 101 1 1542 1544 1543
7757 2 2 101 1 3825 5212 5182
7758 2 2 101 1 2843 5562 4041
7759 2 2 101 1 469 4333 20
7760 2 2 101 1 3178 3302 2794
7761 2 2 101 1 1747 4517 4305
7762 2 2 101 1 3028 4538 2819
7763 2 2 101 1 2701 2882 1368
7764 2 2 101 1 1088 5528 1087
7765 2 2 101 1 4416 4559 1261
7766 2 2 101 1 3215 3577 2543
7767 2 2 101 1 673 5431 3957
7768 2 2 101 1 3167 3948 2722
7769 2 2 101 1 2975 2976 1470
7770 2 2 101 1 1583 1584 1360
7771 2 2 101 1 900 1120 902
7772 2 2 101 1 3268 5355 2908
7773 2 2 101 1 3196 3372 2624
7774 2 2 101 1 2206 2303 2208
7775 2 2 101 1 81 5426 3897
7776 2 2 101 1 1338 4327 1339
7777 2 2 101 1 823 4583 824
7778 2 2 101 1 1837 4457 1834
7779 2 2 101 1 2419 4513 1979
7780 2 2 101 1 2889 3172 2699
7781 2 2 101 1 2643 4668 3260
7782 2 2 101 1 3343 5174 3904
7783 2 2 101 1 2606 4480 2604
7784 2 2 101 1 161 4334 468
7785 2 2 101 1 1872 2464 1869
7786 2 2 101 1 475 4829 4021
7787 2 2 101 1 1503 1505 1504
7788 2 2 101 1 2566 4637 2211
7789 2 2 101 1 801 5289 1333
7790 2 2 101 1 441 4622 220
7791 2 2 101 1 1577 4555 1580
7792 2 2 101 1 2391 2766 2725
7793 2 2 101 1 1613 4551 4400
7794 2 2 101 1 2578 4450 2707
7795 2 2 101 1 2193 4984 1344
7796 2 2 101 1 2669 4459 4388
7797 2 2 101 1 698 4548 701
7798 2 2 101 1 2182 4623 2700
7799 2 2 101 1 3106 4770 2741
7800 2 2 101 1 2743 3055 2845
7801 2 2 101 1 1832 4457 1971
7802 2 2 101 1 859 4507 4387
7803 2 2 101 1 3036 5011 3778
7804 2 2 101 1 3418 4252 2510
7805 2 2 101 1 2135 4469 2137
7806 2 2 101 1 708 4392 711
7807 2 2 101 1 2339 4987 4308
7808 2 2 101 1 3509 4581 2535
7809 2 2 101 1 1546 4537 1544
7810 2 2 101 1 1277 4478 1276
7811 2 2 101 1 2426 4660 3353
7812 2 2 101 1 3442 4720 2475
7813 2 2 101 1 1915 4426 1914
7814 2 2 101 1 1096 4310 1094
7815 2 2 101 1 1063 1583 1360
7816 2 2 101 1 1340 4524 876
7817 2 2 101 1 3066 3595 3279
7818 2 2 101 1 1553 4525 1858
7819 2 2 101 1 366 4632 452
7820 2 2 101 1 2913 4663 2917
7821 2 2 101 1 4210 4835 4211
7822 2 2 101 1 1291 1292 1290
7823 2 2 101 1 2027 5210 4106
7824 2 2 101 1 3917 4634 4009
7825 2 2 101 1 4627 5438 4628
7826 2 2 101 1 937 4591 980
7827 2 2 101 1 99 4769 98
7828 2 2 101 1 983 4472 987
7829 2 2 101 1 1509 4534 2821
7830 2 2 101 1 2326 4447 1886
7831 2 2 101 1 1621 4537 2109
7832 2 2 101 1 1661 4604 1660
7833 2 2 101 1 952 4462 4288
7834 2 2 101 1 2068 4497 2670
7835 2 2 101 1 373 4788 372
7836 2 2 101 1 1899 4423 1898
7837 2 2 101 1 2829 4460 1225
7838 2 2 101 1 1622 4453 2186
7839 2 2 101 1 2879 4635 2877
7840 2 2 101 1 972 4533 4307
7841 2 2 101 1 3022 3218 2969
7842 2 2 101 1 2337 4969 2834
7843 2 2 101 1 1349 4458 2737
7844 2 2 101 1 2664 4617 2689
7845 2 2 101 1 752 4463 754
7846 2 2 101 1 622 4507 625
7847 2 2 101 1 2295 2880 2489
7848 2 2 101 1 1526 2749 2045
7849 2 2 101 1 1517 4595 2694
7850 2 2 101 1 1303 4536 1308
7851 2 2 101 1 3803 4689 3804
7852 2 2 101 1 1604 4424 1915
7853 2 2 101 1 758 4467 760
7854 2 2 101 1 3787 4963 3786
7855 2 2 101 1 1512 4539 3060
7856 2 2 101 1 5320 5403 3051
7857 2 2 101 1 2897 4081 2785
7858 2 2 101 1 1491 4449 651
7859 2 2 101 1 1173 1238 1174
7860 2 2 101 1 3101 4655 4350
7861 2 2 101 1 1159 4460 1176
7862 2 2 101 1 2968 2969 2967
7863 2 2 101 1 3638 4682 473
7864 2 2 101 1 949 4462 952
7865 2 2 101 1 1086 4321 1089
7866 2 2 101 1 1453 4578 1451
7867 2 2 101 1 2256 4423 3225
7868 2 2 101 1 1440 4425 1899
7869 2 2 101 1 1347 4626 1569
7870 2 2 101 1 1678 4605 1675
7871 2 2 101 1 2376 4426 3250
7872 2 2 101 1 2031 2740 2739
7873 2 2 101 1 2385 3230 2843
7874 2 2 101 1 2100 4472 981
7875 2 2 101 1 2370 2897 2785
7876 2 2 101 1 2789 4310 1096
7877 2 2 101 1 904 4552 906
7878 2 2 101 1 3086 5280 5203
7879 2 2 101 1 2369 2370 1584
7880 2 2 101 1 1371 5074 897
7881 2 2 101 1 2265 4503 2598
7882 2 2 101 1 882 1586 884
7883 2 2 101 1 3275 4745 2711
7884 2 2 101 1 1457 4482 959
7885 2 2 101 1 91 562 7
7886 2 2 101 1 8 563 90
7887 2 2 101 1 1296 4558 1300
7888 2 2 101 1 4356 4466 2553
7889 2 2 101 1 1541 4456 908
7890 2 2 101 1 3253 4639 3636
7891 2 2 101 1 2106 2321 2105
7892 2 2 101 1 1294 1296 1295
7893 2 2 101 1 804 4483 806
7894 2 2 101 1 2740 2742 2741
7895 2 2 101 1 2907 5149 4085
7896 2 2 101 1 3723 5509 3724
7897 2 2 101 1 1525 4592 1520
7898 2 2 101 1 4775 4877 2796
7899 2 2 101 1 1354 4458 1351
7900 2 2 101 1 798 4486 800
7901 2 2 101 1 1967 4620 1918
7902 2 2 101 1 1624 4562 1279
7903 2 2 101 1 1497 4454 671
7904 2 2 101 1 4257 5305 3162
7905 2 2 101 1 967 4533 969
7906 2 2 101 1 2426 2784 2404
7907 2 2 101 1 2155 4489 2157
7908 2 2 101 1 894 1108 896
7909 2 2 101 1 1465 4474 703
7910 2 2 101 1 1420 4608 1423
7911 2 2 101 1 1438 4488 1436
7912 2 2 101 1 1527 1855 1523
7913 2 2 101 1 792 4490 794
7914 2 2 101 1 3419 5589 4716
7915 2 2 101 1 4349 4642 1245
7916 2 2 101 1 772 4491 774
7917 2 2 101 1 56 4613 55
7918 2 2 101 1 810 4492 812
7919 2 2 101 1 605 4566 1510
7920 2 2 101 1 1504 4451 687
7921 2 2 101 1 1012 4520 1014
7922 2 2 101 1 786 4493 788
7923 2 2 101 1 1869 4567 1866
7924 2 2 101 1 1155 1173 1156
7925 2 2 101 1 1687 4504 1892
7926 2 2 101 1 2161 4496 2163
7927 2 2 101 1 2241 4495 2243
7928 2 2 101 1 1093 1517 1096
7929 2 2 101 1 2235 4494 2237
7930 2 2 101 1 649 4526 1490
7931 2 2 101 1 1847 4436 1846
7932 2 2 101 1 1892 4512 1387
7933 2 2 101 1 2399 4546 1957
7934 2 2 101 1 962 4619 965
7935 2 2 101 1 2615 3067 2616
7936 2 2 101 1 1351 4458 1349
7937 2 2 101 1 1700 4478 1280
7938 2 2 101 1 956 4511 1041
7939 2 2 101 1 3826 5271 3018
7940 2 2 101 1 766 4499 768
7941 2 2 101 1 890 1590 892
7942 2 2 101 1 1155 1156 1154
7943 2 2 101 1 2436 4173 3437
7944 2 2 101 1 1728 1943 1729
7945 2 2 101 1 963 4619 962
7946 2 2 101 1 2425 4469 2135
7947 2 2 101 1 1308 4536 2415
7948 2 2 101 1 1245 4642 1221
7949 2 2 101 1 4022 4867 506
7950 2 2 101 1 1513 4510 4391
7951 2 2 101 1 1720 4378 1721
7952 2 2 101 1 1472 4467 758
7953 2 2 101 1 780 4502 782
7954 2 2 101 1 2823 3195 2752
7955 2 2 101 1 3176 5442 3090
7956 2 2 101 1 2406 2687 2360
7957 2 2 101 1 514 5452 5006
7958 2 2 101 1 1820 1821 1794
7959 2 2 101 1 2301 4508 2326
7960 2 2 101 1 1692 4433 1847
7961 2 2 101 1 2229 4506 2231
7962 2 2 101 1 4429 4742 2561
7963 2 2 101 1 3609 4508 2515
7964 2 2 101 1 4612 4770 1690
7965 2 2 101 1 1089 4595 1090
7966 2 2 101 1 1583 2369 1584
7967 2 2 101 1 1793 1794 1792
7968 2 2 101 1 1474 4500 1476
7969 2 2 101 1 573 5508 3592
7970 2 2 101 1 2290 4436 3144
7971 2 2 101 1 1059 4615 1060
7972 2 2 101 1 4102 5211 2296
7973 2 2 101 1 2823 3227 3195
7974 2 2 101 1 3027 5146 3025
7975 2 2 101 1 912 4456 2657
7976 2 2 101 1 4154 4761 2808
7977 2 2 101 1 5060 5468 2710
7978 2 2 101 1 1466 4710 1487
7979 2 2 101 1 180 5108 525
7980 2 2 101 1 2416 4955 4361
7981 2 2 101 1 824 4583 851
7982 2 2 101 1 1974 4514 1976
7983 2 2 101 1 746 4550 749
7984 2 2 101 1 2751 2823 2752
7985 2 2 101 1 2297 2838 2837
7986 2 2 101 1 2751 2752 2750
7987 2 2 101 1 685 4532 1503
7988 2 2 101 1 2615 4616 3414
7989 2 2 101 1 1765 2452 1767
7990 2 2 101 1 3916 4846 1018
7991 2 2 101 1 3263 3277 2729
7992 2 2 101 1 1756 4570 2107
7993 2 2 101 1 3382 4853 3384
7994 2 2 101 1 669 4529 1496
7995 2 2 101 1 2515 4508 2301
7996 2 2 101 1 2749 2751 2750
7997 2 2 101 1 2979 4548 697
7998 2 2 101 1 2749 2750 2045
7999 2 2 101 1 1376 4479 1378
8000 2 2 101 1 2421 3273 3272
8001 2 2 101 1 1090 4595 1093
8002 2 2 101 1 1930 4535 1928
8003 2 2 101 1 1829 4504 1687
8004 2 2 101 1 2971 4487 2500
8005 2 2 101 1 1225 4460 1159
8006 2 2 101 1 2289 4500 1732
8007 2 2 101 1 1521 1522 1520
8008 2 2 101 1 3195 4516 2752
8009 2 2 101 1 2287 4640 2590
8010 2 2 101 1 1791 1793 1792
8011 2 2 101 1 1519 1521 1520
8012 2 2 101 1 679 4539 1512
8013 2 2 101 1 3577 5542 4741
8014 2 2 101 1 1521 1523 1522
8015 2 2 101 1 4078 4659 4079
8016 2 2 101 1 1784 4652 1787
8017 2 2 101 1 3722 5160 458
8018 2 2 101 1 3040 4950 2459
8019 2 2 101 1 4288 4511 954
8020 2 2 101 1 663 4534 1509
8021 2 2 101 1 1458 4447 4431
8022 2 2 101 1 965 4619 2719
8023 2 2 101 1 4065 4744 1226
8024 2 2 101 1 738 4522 741
8025 2 2 101 1 695 4551 1613
8026 2 2 101 1 1572 4473 1274
8027 2 2 101 1 2906 4694 2693
8028 2 2 101 1 1384 4512 1386
8029 2 2 101 1 954 4511 956
8030 2 2 101 1 1368 4483 804
8031 2 2 101 1 2682 4617 2664
8032 2 2 101 1 2355 4489 2155
8033 2 2 101 1 1125 4641 2392
8034 2 2 101 1 1463 4486 798
8035 2 2 101 1 2006 2312 2007
8036 2 2 101 1 2098 4732 1739
8037 2 2 101 1 1264 4556 1970
8038 2 2 101 1 1473 4491 772
8039 2 2 101 1 1294 1295 1293
8040 2 2 101 1 1369 4490 792
8041 2 2 101 1 2474 5064 3559
8042 2 2 101 1 4246 5494 4162
8043 2 2 101 1 754 4463 757
8044 2 2 101 1 518 4928 4129
8045 2 2 101 1 2822 4857 3596
8046 2 2 101 1 2217 4496 2161
8047 2 2 101 1 2719 4533 967
8048 2 2 101 1 3374 5616 5171
8049 2 2 101 1 2730 4555 1575
8050 2 2 101 1 2762 4450 2578
8051 2 2 101 1 2801 4453 2108
8052 2 2 101 1 458 5293 3718
8053 2 2 101 1 3248 4541 2545
8054 2 2 101 1 1471 4493 786
8055 2 2 101 1 2543 4495 2241
8056 2 2 101 1 2269 4503 2265
8057 2 2 101 1 1519 1520 1518
8058 2 2 101 1 2500 4487 3118
8059 2 2 101 1 1387 4512 1384
8060 2 2 101 1 4017 4772 4559
8061 2 2 101 1 1470 4492 810
8062 2 2 101 1 2624 4494 2235
8063 2 2 101 1 1020 4846 1038
8064 2 2 101 1 1934 4553 1932
8065 2 2 101 1 625 4507 859
8066 2 2 101 1 4351 4644 2562
8067 2 2 101 1 2784 3177 2404
8068 2 2 101 1 3406 4837 445
8069 2 2 101 1 4260 5456 2668
8070 2 2 101 1 2942 5189 3648
8071 2 2 101 1 2604 4480 4327
8072 2 2 101 1 711 4392 1587
8073 2 2 101 1 539 5391 3908
8074 2 2 101 1 1732 4500 1474
8075 2 2 101 1 4617 4839 2689
8076 2 2 101 1 3786 4963 1815
8077 2 2 101 1 3413 4644 4351
8078 2 2 101 1 5333 5359 2423
8079 2 2 101 1 3827 5314 610
8080 2 2 101 1 2248 5465 3551
8081 2 2 101 1 3826 5050 2829
8082 2 2 101 1 1680 4732 1682
8083 2 2 101 1 1517 1519 1518
8084 2 2 101 1 1262 4556 1264
8085 2 2 101 1 2108 4453 1622
8086 2 2 101 1 3183 4962 4919
8087 2 2 101 1 858 4860 4755
8088 2 2 101 1 2091 5030 4014
8089 2 2 101 1 2688 2868 2867
8090 2 2 101 1 4346 4347 565
8091 2 2 101 1 3754 5000 2449
8092 2 2 101 1 4265 4642 4349
8093 2 2 101 1 3869 4676 2886
8094 2 2 101 1 2739 4770 4612
8095 2 2 101 1 1569 4626 2421
8096 2 2 101 1 740 4522 738
8097 2 2 101 1 466 4345 4344
8098 2 2 101 1 3427 5606 5450
8099 2 2 101 1 741 4522 1547
8100 2 2 101 1 4023 4829 475
8101 2 2 101 1 2050 5606 4382
8102 2 2 101 1 760 4467 763
8103 2 2 101 1 1517 1518 1096
8104 2 2 101 1 969 4533 972
8105 2 2 101 1 2740 4607 3048
8106 2 2 101 1 2137 4469 2171
8107 2 2 101 1 2084 5085 2175
8108 2 2 101 1 1221 4642 1218
8109 2 2 101 1 4217 5229 3023
8110 2 2 101 1 1769 2219 1771
8111 2 2 101 1 1745 4629 3120
8112 2 2 101 1 3724 5160 3722
8113 2 2 101 1 4248 4776 4649
8114 2 2 101 1 1611 4505 1623
8115 2 2 101 1 2323 2724 1783
8116 2 2 101 1 4445 4679 829
8117 2 2 101 1 864 4730 742
8118 2 2 101 1 3317 3318 3315
8119 2 2 101 1 1176 4460 1515
8120 2 2 101 1 1721 4378 1724
8121 2 2 101 1 875 4547 1600
8122 2 2 101 1 2298 4932 1968
8123 2 2 101 1 1728 2182 1943
8124 2 2 101 1 2199 4574 2034
8125 2 2 101 1 1100 4520 2713
8126 2 2 101 1 1155 4638 4204
8127 2 2 101 1 2182 2545 2391
8128 2 2 101 1 1375 4599 1373
8129 2 2 101 1 1573 4575 2730
8130 2 2 101 1 2707 4450 3584
8131 2 2 101 1 2404 4519 2403
8132 2 2 101 1 4846 5407 3350
8133 2 2 101 1 1724 4623 1725
8134 2 2 101 1 4304 4556 1262
8135 2 2 101 1 5131 5219 3314
8136 2 2 101 1 3395 4673 2830
8137 2 2 101 1 3391 4596 2773
8138 2 2 101 1 5415 5531 5398
8139 2 2 101 1 829 4679 831
8140 2 2 101 1 1820 4648 1821
8141 2 2 101 1 1058 4699 1057
8142 2 2 101 1 2312 4414 2313
8143 2 2 101 1 987 4664 986
8144 2 2 101 1 1996 4686 1596
8145 2 2 101 1 873 4547 875
8146 2 2 101 1 2425 4712 4469
8147 2 2 101 1 2887 3603 2874
8148 2 2 101 1 1821 1825 1824
8149 2 2 101 1 1617 4557 1901
8150 2 2 101 1 642 4643 645
8151 2 2 101 1 4184 4665 2960
8152 2 2 101 1 1539 4520 1012
8153 2 2 101 1 3740 4827 2681
8154 2 2 101 1 837 4564 839
8155 2 2 101 1 5334 5592 3493
8156 2 2 101 1 1063 4615 1583
8157 2 2 101 1 2753 5447 3239
8158 2 2 101 1 2191 4569 2864
8159 2 2 101 1 1279 1280 1277
8160 2 2 101 1 2586 4569 1905
8161 2 2 101 1 2421 3272 3270
8162 2 2 101 1 2351 4691 2275
8163 2 2 101 1 289 4907 288
8164 2 2 101 1 3144 5248 4271
8165 2 2 101 1 2685 4682 3347
8166 2 2 101 1 3326 3367 3323
8167 2 2 101 1 2871 4902 4293
8168 2 2 101 1 4788 4931 3546
8169 2 2 101 1 3574 4799 2563
8170 2 2 101 1 2268 4720 4663
8171 2 2 101 1 3559 5114 661
8172 2 2 101 1 4729 4760 1046
8173 2 2 101 1 1775 2101 1777
8174 2 2 101 1 823 4855 3924
8175 2 2 101 1 1689 4571 1270
8176 2 2 101 1 1014 4520 1100
8177 2 2 101 1 2716 4762 3098
8178 2 2 101 1 924 4573 926
8179 2 2 101 1 701 4548 1464
8180 2 2 101 1 1626 4549 1897
8181 2 2 101 1 1472 4727 4467
8182 2 2 101 1 2186 4453 2440
8183 2 2 101 1 4334 5104 3239
8184 2 2 101 1 60 4405 580
8185 2 2 101 1 113 4411 577
8186 2 2 101 1 123 4404 576
8187 2 2 101 1 70 4409 579
8188 2 2 101 1 115 4412 443
8189 2 2 101 1 65 4408 581
8190 2 2 101 1 443 4411 114
8191 2 2 101 1 578 4412 116
8192 2 2 101 1 445 4404 124
8193 2 2 101 1 450 4409 71
8194 2 2 101 1 447 4408 66
8195 2 2 101 1 448 4405 61
8196 2 2 101 1 2114 4675 4287
8197 2 2 101 1 995 4664 1540
8198 2 2 101 1 2349 4176 2348
8199 2 2 101 1 1281 1289 1280
8200 2 2 101 1 2159 5640 2158
8201 2 2 101 1 1045 4575 1049
8202 2 2 101 1 1809 4576 2012
8203 2 2 101 1 1905 4569 1903
8204 2 2 101 1 2676 4529 665
8205 2 2 101 1 410 5090 4011
8206 2 2 101 1 1579 4549 1626
8207 2 2 101 1 1731 2255 1800
8208 2 2 101 1 2675 4532 681
8209 2 2 101 1 4102 5214 5211
8210 2 2 101 1 774 4491 777
8211 2 2 101 1 806 4483 809
8212 2 2 101 1 800 4486 803
8213 2 2 101 1 3010 4785 2910
8214 2 2 101 1 812 4492 815
8215 2 2 101 1 2029 4488 1438
8216 2 2 101 1 768 4499 771
8217 2 2 101 1 1663 4654 1664
8218 2 2 101 1 1928 4535 2277
8219 2 2 101 1 2157 4489 2160
8220 2 2 101 1 4443 4549 1581
8221 2 2 101 1 1391 5560 4545
8222 2 2 101 1 794 4490 797
8223 2 2 101 1 4305 4556 4304
8224 2 2 101 1 2885 5390 5112
8225 2 2 101 1 2598 4503 3655
8226 2 2 101 1 911 4899 1110
8227 2 2 101 1 749 4550 2334
8228 2 2 101 1 1725 4623 1728
8229 2 2 101 1 788 4493 791
8230 2 2 101 1 2182 2391 1943
8231 2 2 101 1 4168 5055 4169
8232 2 2 101 1 1147 5147 1145
8233 2 2 101 1 572 5132 3586
8234 2 2 101 1 839 4564 843
8235 2 2 101 1 1436 4488 4150
8236 2 2 101 1 4585 5486 3862
8237 2 2 101 1 2163 4496 3061
8238 2 2 101 1 2795 5484 4702
8239 2 2 101 1 2243 4495 2246
8240 2 2 101 1 2098 4833 4790
8241 2 2 101 1 1581 4549 1579
8242 2 2 101 1 459 5598 3519
8243 2 2 101 1 3504 5027 2855
8244 2 2 101 1 2237 4494 2240
8245 2 2 101 1 4160 4828 2671
8246 2 2 101 1 3959 5409 998
8247 2 2 101 1 2607 4705 4373
8248 2 2 101 1 1971 4718 1830
8249 2 2 101 1 363 4900 362
8250 2 2 101 1 3473 5375 3506
8251 2 2 101 1 4294 4749 2924
8252 2 2 101 1 5 4407 72
8253 2 2 101 1 782 4502 785
8254 2 2 101 1 2385 4576 3231
8255 2 2 101 1 1781 2323 1783
8256 2 2 101 1 2171 4469 2803
8257 2 2 101 1 1938 4581 1936
8258 2 2 101 1 3103 4655 3101
8259 2 2 101 1 2673 4506 2229
8260 2 2 101 1 1151 1155 1154
8261 2 2 101 1 4702 5484 3214
8262 2 2 101 1 2268 4663 4578
8263 2 2 101 1 117 4410 578
8264 2 2 101 1 2845 4640 2287
8265 2 2 101 1 2284 5053 4012
8266 2 2 101 1 2670 4714 3158
8267 2 2 101 1 1365 4536 1303
8268 2 2 101 1 4572 4745 2051
8269 2 2 101 1 4415 4547 873
8270 2 2 101 1 3995 5339 3994
8271 2 2 101 1 1575 4555 1577
8272 2 2 101 1 3089 4568 2378
8273 2 2 101 1 926 4573 1374
8274 2 2 101 1 23 4677 22
8275 2 2 101 1 1279 4562 1281
8276 2 2 101 1 2231 4506 2234
8277 2 2 101 1 4990 5072 2358
8278 2 2 101 1 1718 5459 1715
8279 2 2 101 1 1554 4804 4785
8280 2 2 101 1 2723 4535 1930
8281 2 2 101 1 1345 2965 176
8282 2 2 101 1 3496 3497 2365
8283 2 2 101 1 2802 4514 1974
8284 2 2 101 1 1999 4600 2122
8285 2 2 101 1 4155 4683 4156
8286 2 2 101 1 1280 4478 1277
8287 2 2 101 1 1368 4736 4483
8288 2 2 101 1 2562 4644 3571
8289 2 2 101 1 4372 4656 2640
8290 2 2 101 1 1255 4649 1284
8291 2 2 101 1 1463 4734 4486
8292 2 2 101 1 1137 4590 1286
8293 2 2 101 1 1976 4514 2226
8294 2 2 101 1 857 4889 4751
8295 2 2 101 1 1469 4565 2714
8296 2 2 101 1 445 4837 4404
8297 2 2 101 1 1192 4716 1190
8298 2 2 101 1 565 4677 23
8299 2 2 101 1 735 4672 740
8300 2 2 101 1 2378 4568 2377
8301 2 2 101 1 1369 4737 4490
8302 2 2 101 1 1270 4571 1272
8303 2 2 101 1 2458 4250 4173
8304 2 2 101 1 1544 4537 1621
8305 2 2 101 1 1714 5512 1711
8306 2 2 101 1 2501 4568 4116
8307 2 2 101 1 264 4670 263
8308 2 2 101 1 3285 3482 3287
8309 2 2 101 1 1272 4571 1571
8310 2 2 101 1 2543 4741 4495
8311 2 2 101 1 2103 4750 3563
8312 2 2 101 1 2429 4607 2032
8313 2 2 101 1 1292 1294 1293
8314 2 2 101 1 1564 4564 837
8315 2 2 101 1 3772 5025 2672
8316 2 2 101 1 1471 4739 4493
8317 2 2 101 1 2784 3494 3177
8318 2 2 101 1 476 4692 286
8319 2 2 101 1 1468 4565 1469
8320 2 2 101 1 2036 4912 2254
8321 2 2 101 1 4448 4898 4717
8322 2 2 101 1 2874 2890 2724
8323 2 2 101 1 3400 5313 461
8324 2 2 101 1 1932 4553 2723
8325 2 2 101 1 3281 3468 3283
8326 2 2 101 1 763 4467 2692
8327 2 2 101 1 2969 3086 2967
8328 2 2 101 1 1783 4652 1784
8329 2 2 101 1 2003 5605 3429
8330 2 2 101 1 3441 5454 1130
8331 2 2 101 1 4767 4799 3033
8332 2 2 101 1 3288 5264 5224
8333 2 2 101 1 2134 4587 2481
8334 2 2 101 1 4525 4711 1858
8335 2 2 101 1 4331 4573 924
8336 2 2 101 1 757 4463 2124
8337 2 2 101 1 906 4552 1158
8338 2 2 101 1 52 4853 51
8339 2 2 101 1 2930 5464 2929
8340 2 2 101 1 2032 4607 2031
8341 2 2 101 1 2713 4590 1115
8342 2 2 101 1 433 5017 3396
8343 2 2 101 1 3214 4658 3194
8344 2 2 101 1 1470 4738 4492
8345 2 2 101 1 1281 1290 1289
8346 2 2 101 1 1555 4662 1301
8347 2 2 101 1 2751 4819 2824
8348 2 2 101 1 893 5496 891
8349 2 2 101 1 1495 4572 2051
8350 2 2 101 1 4248 4649 4359
8351 2 2 101 1 4498 5150 4050
8352 2 2 101 1 2770 4894 3159
8353 2 2 101 1 2986 5096 3901
8354 2 2 101 1 2107 4570 2435
8355 2 2 101 1 1284 4649 1362
8356 2 2 101 1 732 4721 730
8357 2 2 101 1 3978 5100 547
8358 2 2 101 1 2133 4587 2131
8359 2 2 101 1 2377 4568 2501
8360 2 2 101 1 1909 2404 2403
8361 2 2 101 1 1047 4575 1045
8362 2 2 101 1 4456 4680 2657
8363 2 2 101 1 3289 3666 3291
8364 2 2 101 1 2709 4745 4572
8365 2 2 101 1 2471 4758 2008
8366 2 2 101 1 4457 4895 1971
8367 2 2 101 1 2879 5005 4635
8368 2 2 101 1 1903 4569 2191
8369 2 2 101 1 1589 4572 1494
8370 2 2 101 1 777 4491 2852
8371 2 2 101 1 3280 5547 3278
8372 2 2 101 1 3456 4861 3457
8373 2 2 101 1 815 4492 2698
8374 2 2 101 1 2464 4567 1869
8375 2 2 101 1 986 4664 995
8376 2 2 101 1 2709 4572 1589
8377 2 2 101 1 582 5583 4789
8378 2 2 101 1 1494 4572 1495
8379 2 2 101 1 1279 1281 1280
8380 2 2 101 1 1585 4565 1468
8381 2 2 101 1 3097 4681 2717
8382 2 2 101 1 2618 4553 1934
8383 2 2 101 1 1816 5529 2193
8384 2 2 101 1 1216 4794 1219
8385 2 2 101 1 2160 4489 2695
8386 2 2 101 1 1895 4586 2090
8387 2 2 101 1 4359 4649 1255
8388 2 2 101 1 4313 4675 2114
8389 2 2 101 1 1635 4656 4372
8390 2 2 101 1 2912 4663 2913
8391 2 2 101 1 791 4493 2703
8392 2 2 101 1 2768 4681 3822
8393 2 2 101 1 2089 4565 1585
8394 2 2 101 1 2622 5239 5032
8395 2 2 101 1 2105 4458 1354
8396 2 2 101 1 2924 4749 1530
8397 2 2 101 1 2168 4593 2165
8398 2 2 101 1 4363 4711 4525
8399 2 2 101 1 2216 4557 1617
8400 2 2 101 1 1462 4653 1460
8401 2 2 101 1 797 4490 2702
8402 2 2 101 1 3487 4903 4703
8403 2 2 101 1 771 4499 2142
8404 2 2 101 1 84 4690 83
8405 2 2 101 1 785 4502 2144
8406 2 2 101 1 2736 4627 2899
8407 2 2 101 1 4295 4656 1635
8408 2 2 101 1 803 4486 2701
8409 2 2 101 1 2034 4574 2429
8410 2 2 101 1 809 4483 2975
8411 2 2 101 1 1038 5463 4481
8412 2 2 101 1 2421 4626 3273
8413 2 2 101 1 2246 4495 2827
8414 2 2 101 1 4700 4883 2755
8415 2 2 101 1 4299 4963 2595
8416 2 2 101 1 1848 5033 4957
8417 2 2 101 1 563 4237 4236
8418 2 2 101 1 2240 4494 3215
8419 2 2 101 1 2445 4891 1584
8420 2 2 101 1 3650 5138 531
8421 2 2 101 1 4230 4684 4232
8422 2 2 101 1 2166 4657 2151
8423 2 2 101 1 1597 5151 3510
8424 2 2 101 1 860 4767 750
8425 2 2 101 1 1049 4575 1573
8426 2 2 101 1 2323 4674 2887
8427 2 2 101 1 733 4672 735
8428 2 2 101 1 2234 4506 3196
8429 2 2 101 1 3177 4519 2404
8430 2 2 101 1 2995 4651 2997
8431 2 2 101 1 1093 4595 1517
8432 2 2 101 1 3593 5575 5539
8433 2 2 101 1 1541 4680 4456
8434 2 2 101 1 1897 4586 1895
8435 2 2 101 1 1798 5008 1677
8436 2 2 101 1 1583 4615 3085
8437 2 2 101 1 1708 4781 1709
8438 2 2 101 1 2081 4610 2079
8439 2 2 101 1 3096 4916 4724
8440 2 2 101 1 3506 5194 3614
8441 2 2 101 1 55 2299 3
8442 2 2 101 1 4587 4588 2481
8443 2 2 101 1 2188 5151 1599
8444 2 2 101 1 1754 4577 1756
8445 2 2 101 1 2151 4657 2149
8446 2 2 101 1 2152 4657 4444
8447 2 2 101 1 4578 4663 2912
8448 2 2 101 1 2323 2874 2724
8449 2 2 101 1 1292 1293 1290
8450 2 2 101 1 4475 4703 2588
8451 2 2 101 1 1594 4597 1878
8452 2 2 101 1 4142 4982 589
8453 2 2 101 1 3276 5006 3274
8454 2 2 101 1 2535 4581 1938
8455 2 2 101 1 1744 4582 1748
8456 2 2 101 1 2406 2688 2687
8457 2 2 101 1 1865 4731 1862
8458 2 2 101 1 1679 5008 4133
8459 2 2 101 1 2479 5123 2461
8460 2 2 101 1 3394 4574 2199
8461 2 2 101 1 1565 4626 1347
8462 2 2 101 1 1737 4787 3888
8463 2 2 101 1 1787 1908 1789
8464 2 2 101 1 2131 4587 2134
8465 2 2 101 1 2130 4831 2127
8466 2 2 101 1 4167 4989 4168
8467 2 2 101 1 2474 4488 2029
8468 2 2 101 1 5177 5365 3181
8469 2 2 101 1 491 5090 411
8470 2 2 101 1 3383 5523 3382
8471 2 2 101 1 4018 5553 5281
8472 2 2 101 1 2853 4601 2311
8473 2 2 101 1 1596 4686 1598
8474 2 2 101 1 2765 4577 2169
8475 2 2 101 1 2169 4577 1754
8476 2 2 101 1 4703 4903 2588
8477 2 2 101 1 3872 5472 3139
8478 2 2 101 1 3881 5486 492
8479 2 2 101 1 1107 4641 1125
8480 2 2 101 1 2090 4586 2835
8481 2 2 101 1 3122 4582 1888
8482 2 2 101 1 3731 5144 1532
8483 2 2 101 1 1936 4581 2618
8484 2 2 101 1 1097 4641 1107
8485 2 2 101 1 1050 4729 1046
8486 2 2 101 1 2614 4576 1809
8487 2 2 101 1 4696 5400 305
8488 2 2 101 1 4627 4628 2899
8489 2 2 101 1 4925 5118 3966
8490 2 2 101 1 4801 4891 3860
8491 2 2 101 1 2458 4251 4250
8492 2 2 101 1 4226 5055 2596
8493 2 2 101 1 4173 4250 3437
8494 2 2 101 1 2717 4681 2768
8495 2 2 101 1 1888 4582 1744
8496 2 2 101 1 3180 5257 4440
8497 2 2 101 1 2208 4616 2210
8498 2 2 101 1 1315 5348 1141
8499 2 2 101 1 1901 4557 2364
8500 2 2 101 1 1980 4601 2089
8501 2 2 101 1 2926 5223 3032
8502 2 2 101 1 4238 4239 4237
8503 2 2 101 1 3404 4609 3058
8504 2 2 101 1 1115 4590 1137
8505 2 2 101 1 2458 4414 4251
8506 2 2 101 1 4374 4980 2164
8507 2 2 101 1 4375 4610 3035
8508 2 2 101 1 4717 4898 4267
8509 2 2 101 1 4515 4687 719
8510 2 2 101 1 2442 4702 3214
8511 2 2 101 1 5191 5604 3293
8512 2 2 101 1 744 4730 4550
8513 2 2 101 1 888 4621 890
8514 2 2 101 1 2251 5137 2339
8515 2 2 101 1 3021 4691 2354
8516 2 2 101 1 4565 4762 2714
8517 2 2 101 1 4013 5057 4433
8518 2 2 101 1 1878 4597 2218
8519 2 2 101 1 4329 4687 2619
8520 2 2 101 1 563 4236 90
8521 2 2 101 1 2149 4657 2152
8522 2 2 101 1 1226 4744 1138
8523 2 2 101 1 2419 5327 5209
8524 2 2 101 1 88 4701 87
8525 2 2 101 1 2612 4609 2853
8526 2 2 101 1 880 4618 882
8527 2 2 101 1 4476 4706 2592
8528 2 2 101 1 2051 4597 1594
8529 2 2 101 1 902 4606 904
8530 2 2 101 1 4388 4707 2774
8531 2 2 101 1 2739 4612 1488
8532 2 2 101 1 2782 4593 2168
8533 2 2 101 1 397 4709 4108
8534 2 2 101 1 2313 4414 2458
8535 2 2 101 1 4777 4797 4130
8536 2 2 101 1 4098 5193 455
8537 2 2 101 1 451 4696 306
8538 2 2 101 1 728 4780 732
8539 2 2 101 1 1756 4577 4570
8540 2 2 101 1 2569 4849 2570
8541 2 2 101 1 858 4755 764
8542 2 2 101 1 468 4757 160
8543 2 2 101 1 159 4757 571
8544 2 2 101 1 1301 4662 1298
8545 2 2 101 1 4550 4730 3010
8546 2 2 101 1 2311 4601 1980
8547 2 2 101 1 4085 5149 4084
8548 2 2 101 1 1360 4801 1064
8549 2 2 101 1 2394 4610 2081
8550 2 2 101 1 857 4751 778
8551 2 2 101 1 3581 5096 2987
8552 2 2 101 1 1154 4666 1166
8553 2 2 101 1 435 5593 4602
8554 2 2 101 1 4652 4778 1908
8555 2 2 101 1 4469 4712 2803
8556 2 2 101 1 1239 4612 1690
8557 2 2 101 1 884 4603 886
8558 2 2 101 1 2648 4700 2755
8559 2 2 101 1 2816 4600 1999
8560 2 2 101 1 2165 4593 2166
8561 2 2 101 1 343 4715 537
8562 2 2 101 1 847 4713 833
8563 2 2 101 1 3952 4930 1952
8564 2 2 101 1 2293 5478 5363
8565 2 2 101 1 3098 5080 3097
8566 2 2 101 1 4873 5002 1132
8567 2 2 101 1 3142 5235 3807
8568 2 2 101 1 2012 4576 2385
8569 2 2 101 1 3732 5144 3731
8570 2 2 101 1 835 4713 1564
8571 2 2 101 1 4353 4780 726
8572 2 2 101 1 3887 5039 2838
8573 2 2 101 1 1851 4812 1850
8574 2 2 101 1 2586 4753 4569
8575 2 2 101 1 892 4625 894
8576 2 2 101 1 3789 4964 2221
8577 2 2 101 1 1238 4612 1239
8578 2 2 101 1 4959 5403 4504
8579 2 2 101 1 2079 4610 4375
8580 2 2 101 1 440 5480 3490
8581 2 2 101 1 3058 4609 2612
8582 2 2 101 1 2790 5545 3867
8583 2 2 101 1 1710 4904 3595
8584 2 2 101 1 2883 4704 4300
8585 2 2 101 1 1741 4748 4527
8586 2 2 101 1 3528 5066 4984
8587 2 2 101 1 2100 4707 4388
8588 2 2 101 1 404 5003 403
8589 2 2 101 1 2122 4600 2743
8590 2 2 101 1 3049 4678 2735
8591 2 2 101 1 4467 4727 2692
8592 2 2 101 1 2979 4710 4548
8593 2 2 101 1 1298 4662 1318
8594 2 2 101 1 2638 4675 4313
8595 2 2 101 1 1738 5196 1312
8596 2 2 101 1 1728 4623 2182
8597 2 2 101 1 2925 5168 2926
8598 2 2 101 1 3171 4952 2427
8599 2 2 101 1 152 4909 151
8600 2 2 101 1 3686 5134 1606
8601 2 2 101 1 1500 4866 1755
8602 2 2 101 1 337 5006 336
8603 2 2 101 1 1148 4638 1151
8604 2 2 101 1 2011 4758 2652
8605 2 2 101 1 4505 5022 2925
8606 2 2 101 1 1793 1909 1820
8607 2 2 101 1 658 5114 657
8608 2 2 101 1 4111 4765 4109
8609 2 2 101 1 2085 4748 1741
8610 2 2 101 1 1102 4618 880
8611 2 2 101 1 4549 4791 1897
8612 2 2 101 1 3190 5183 4002
8613 2 2 101 1 2089 4762 4565
8614 2 2 101 1 1046 4760 1040
8615 2 2 101 1 1787 4652 1908
8616 2 2 101 1 3364 4725 2820
8617 2 2 101 1 4266 4826 1858
8618 2 2 101 1 2031 4607 2740
8619 2 2 101 1 4384 4707 4455
8620 2 2 101 1 4457 5571 4895
8621 2 2 101 1 4561 4562 1624
8622 2 2 101 1 1139 5348 4152
8623 2 2 101 1 2811 4740 4201
8624 2 2 101 1 4310 4641 1097
8625 2 2 101 1 3613 5404 578
8626 2 2 101 1 608 5314 613
8627 2 2 101 1 3674 4821 3670
8628 2 2 101 1 3136 4803 2321
8629 2 2 101 1 4724 4916 2691
8630 2 2 101 1 4206 5495 4010
8631 2 2 101 1 1276 4793 1235
8632 2 2 101 1 1507 4874 1745
8633 2 2 101 1 1318 4662 4543
8634 2 2 101 1 903 5579 1052
8635 2 2 101 1 449 4613 56
8636 2 2 101 1 524 5217 3943
8637 2 2 101 1 4548 4710 1464
8638 2 2 101 1 3682 5130 4212
8639 2 2 101 1 5299 5421 3620
8640 2 2 101 1 4234 4719 433
8641 2 2 101 1 2939 3421 2940
8642 2 2 101 1 3804 5441 5222
8643 2 2 101 1 993 5409 994
8644 2 2 101 1 657 5439 654
8645 2 2 101 1 2857 5322 3769
8646 2 2 101 1 4455 4707 2100
8647 2 2 101 1 1942 5422 3729
8648 2 2 101 1 2757 5519 4188
8649 2 2 101 1 2837 4685 3132
8650 2 2 101 1 351 5156 511
8651 2 2 101 1 831 4679 847
8652 2 2 101 1 3176 4856 4176
8653 2 2 101 1 4393 4682 2685
8654 2 2 101 1 178 4937 582
8655 2 2 101 1 3034 4687 4515
8656 2 2 101 1 4073 5294 4074
8657 2 2 101 1 834 5120 832
8658 2 2 101 1 4502 4751 3045
8659 2 2 101 1 543 5202 5042
8660 2 2 101 1 3295 5194 3506
8661 2 2 101 1 3810 5043 4950
8662 2 2 101 1 2210 4616 2615
8663 2 2 101 1 4486 4734 2701
8664 2 2 101 1 4483 4736 2975
8665 2 2 101 1 1522 4611 1526
8666 2 2 101 1 3042 4908 3476
8667 2 2 101 1 291 5136 4092
8668 2 2 101 1 1170 4923 867
8669 2 2 101 1 1120 4606 902
8670 2 2 101 1 4490 4737 2702
8671 2 2 101 1 4026 5411 4025
8672 2 2 101 1 2150 4869 2147
8673 2 2 101 1 1847 5286 5251
8674 2 2 101 1 719 4687 4329
8675 2 2 101 1 1156 4666 1154
8676 2 2 101 1 2729 4620 1967
8677 2 2 101 1 1488 4612 1238
8678 2 2 101 1 4659 5469 3219
8679 2 2 101 1 3611 4900 4771
8680 2 2 101 1 3571 4884 2767
8681 2 2 101 1 904 4606 4552
8682 2 2 101 1 4495 4741 2827
8683 2 2 101 1 1166 4666 4000
8684 2 2 101 1 4493 4739 2703
8685 2 2 101 1 4492 4738 2698
8686 2 2 101 1 138 4697 569
8687 2 2 101 1 98 4956 97
8688 2 2 101 1 216 5140 437
8689 2 2 101 1 2939 3495 3421
8690 2 2 101 1 2567 4777 4130
8691 2 2 101 1 513 5176 408
8692 2 2 101 1 1855 4611 1523
8693 2 2 101 1 379 4723 378
8694 2 2 101 1 4499 4755 3044
8695 2 2 101 1 2403 4648 1820
8696 2 2 101 1 4460 4750 1515
8697 2 2 101 1 3813 5069 3814
8698 2 2 101 1 2724 4778 4652
8699 2 2 101 1 2303 4616 2208
8700 2 2 101 1 1285 5196 1910
8701 2 2 101 1 968 5470 1179
8702 2 2 101 1 1543 4680 1541
8703 2 2 101 1 1804 4717 4267
8704 2 2 101 1 443 5131 4411
8705 2 2 101 1 4569 4753 2864
8706 2 2 101 1 3224 5325 2491
8707 2 2 101 1 2016 5347 970
8708 2 2 101 1 4150 4795 2720
8709 2 2 101 1 2829 4750 4460
8710 2 2 101 1 4518 4724 2691
8711 2 2 101 1 160 4757 159
8712 2 2 101 1 833 4713 835
8713 2 2 101 1 2354 4691 2351
8714 2 2 101 1 456 5136 292
8715 2 2 101 1 545 5140 217
8716 2 2 101 1 3515 5093 1969
8717 2 2 101 1 3989 4926 1690
8718 2 2 101 1 1523 4611 1522
8719 2 2 101 1 2258 4826 2641
8720 2 2 101 1 1289 4624 1734
8721 2 2 101 1 2335 4630 1872
8722 2 2 101 1 4527 4748 3052
8723 2 2 101 1 3925 5427 3192
8724 2 2 101 1 3977 4771 548
8725 2 2 101 1 1909 2403 1820
8726 2 2 101 1 2832 4630 2335
8727 2 2 101 1 3954 4768 3955
8728 2 2 101 1 1190 4716 1194
8729 2 2 101 1 1069 4801 3860
8730 2 2 101 1 255 4997 254
8731 2 2 101 1 574 4821 28
8732 2 2 101 1 4339 5023 3646
8733 2 2 101 1 3356 3357 2867
8734 2 2 101 1 1793 1820 1794
8735 2 2 101 1 1773 4647 1775
8736 2 2 101 1 3264 5200 3489
8737 2 2 101 1 2731 5298 1511
8738 2 2 101 1 347 5045 346
8739 2 2 101 1 1103 4621 888
8740 2 2 101 1 1526 4611 2749
8741 2 2 101 1 4405 4406 580
8742 2 2 101 1 2166 4850 4657
8743 2 2 101 1 3686 5091 2861
8744 2 2 101 1 1862 4731 1861
8745 2 2 101 1 570 4830 148
8746 2 2 101 1 2869 4668 2220
8747 2 2 101 1 3563 5050 2644
8748 2 2 101 1 2115 5333 1567
8749 2 2 101 1 1830 4718 1829
8750 2 2 101 1 1872 4630 2464
8751 2 2 101 1 3084 5261 4968
8752 2 2 101 1 3209 5382 4760
8753 2 2 101 1 3487 4703 2978
8754 2 2 101 1 4076 5221 1686
8755 2 2 101 1 3479 4704 2884
8756 2 2 101 1 4325 4792 444
8757 2 2 101 1 474 5018 210
8758 2 2 101 1 2748 4786 4624
8759 2 2 101 1 2884 4704 2883
8760 2 2 101 1 3147 5436 5171
8761 2 2 101 1 4692 4917 2891
8762 2 2 101 1 4265 4794 4642
8763 2 2 101 1 1548 4695 864
8764 2 2 101 1 4190 5139 3199
8765 2 2 101 1 171 2989 1916
8766 2 2 101 1 886 4603 1103
8767 2 2 101 1 4695 4785 3010
8768 2 2 101 1 209 5018 557
8769 2 2 101 1 2824 4733 2823
8770 2 2 101 1 2336 4638 1148
8771 2 2 101 1 1858 4826 1856
8772 2 2 101 1 2603 4843 4175
8773 2 2 101 1 4683 4847 1516
8774 2 2 101 1 2735 4678 2734
8775 2 2 101 1 730 4721 733
8776 2 2 101 1 2823 4733 3227
8777 2 2 101 1 1128 4772 1118
8778 2 2 101 1 3137 5472 3941
8779 2 2 101 1 1767 4646 1769
8780 2 2 101 1 631 4740 4510
8781 2 2 101 1 1821 4648 1825
8782 2 2 101 1 4474 4763 707
8783 2 2 101 1 152 5641 4909
8784 2 2 101 1 3900 4783 2367
8785 2 2 101 1 2509 5123 2905
8786 2 2 101 1 3680 5573 3164
8787 2 2 101 1 1943 4669 1729
8788 2 2 101 1 4256 4873 2657
8789 2 2 101 1 1022 4842 1026
8790 2 2 101 1 4847 4861 3552
8791 2 2 101 1 2614 4802 4576
8792 2 2 101 1 399 5238 493
8793 2 2 101 1 540 5238 400
8794 2 2 101 1 4598 5063 2868
8795 2 2 101 1 5010 5159 2140
8796 2 2 101 1 2475 4720 2268
8797 2 2 101 1 4453 4746 2440
8798 2 2 101 1 106 4985 105
8799 2 2 101 1 4488 4795 4150
8800 2 2 101 1 1540 4842 1003
8801 2 2 101 1 3580 5048 3796
8802 2 2 101 1 3786 5546 2992
8803 2 2 101 1 2695 4800 4181
8804 2 2 101 1 1739 4732 1680
8805 2 2 101 1 3096 4724 2270
8806 2 2 101 1 742 4730 744
8807 2 2 101 1 2023 5559 5071
8808 2 2 101 1 3976 5297 3977
8809 2 2 101 1 5060 5304 3359
8810 2 2 101 1 2801 4746 4453
8811 2 2 101 1 545 5414 3704
8812 2 2 101 1 4020 5543 4022
8813 2 2 101 1 3247 4992 3114
8814 2 2 101 1 3973 5612 4895
8815 2 2 101 1 1372 5107 1248
8816 2 2 101 1 4196 5479 2828
8817 2 2 101 1 1066 4801 1069
8818 2 2 101 1 4095 5312 4098
8819 2 2 101 1 3020 5591 3019
8820 2 2 101 1 1215 5190 1223
8821 2 2 101 1 4128 5481 4126
8822 2 2 101 1 623 5484 620
8823 2 2 101 1 358 5249 487
8824 2 2 101 1 2355 4800 4489
8825 2 2 101 1 1138 4744 1140
8826 2 2 101 1 4463 4767 3033
8827 2 2 101 1 4238 4240 4239
8828 2 2 101 1 752 4767 4463
8829 2 2 101 1 5539 5575 503
8830 2 2 101 1 4201 4740 631
8831 2 2 101 1 5520 5558 3117
8832 2 2 101 1 4546 5424 1695
8833 2 2 101 1 4228 4756 318
8834 2 2 101 1 2852 5127 3557
8835 2 2 101 1 1180 5081 3778
8836 2 2 101 1 549 5269 3974
8837 2 2 101 1 4189 5433 3059
8838 2 2 101 1 890 4621 1590
8839 2 2 101 1 72 4407 450
8840 2 2 101 1 1777 4661 1779
8841 2 2 101 1 2944 4924 3088
8842 2 2 101 1 3628 5153 5049
8843 2 2 101 1 4302 4855 818
8844 2 2 101 1 1855 4819 4611
8845 2 2 101 1 2220 4668 4465
8846 2 2 101 1 3031 4747 2675
8847 2 2 101 1 882 4618 1586
8848 2 2 101 1 2724 4652 1783
8849 2 2 101 1 624 4854 619
8850 2 2 101 1 3034 4852 4687
8851 2 2 101 1 4228 5300 3381
8852 2 2 101 1 1850 4645 1527
8853 2 2 101 1 894 4625 1108
8854 2 2 101 1 3029 4743 2676
8855 2 2 101 1 4443 4791 4549
8856 2 2 101 1 780 4751 4502
8857 2 2 101 1 766 4755 4499
8858 2 2 101 1 538 5249 359
8859 2 2 101 1 4261 4883 4700
8860 2 2 101 1 444 4792 119
8861 2 2 101 1 2120 5054 4592
8862 2 2 101 1 1151 4638 1155
8863 2 2 101 1 431 4759 4216
8864 2 2 101 1 4576 4802 3231
8865 2 2 101 1 4465 4668 2643
8866 2 2 101 1 1590 4625 892
8867 2 2 101 1 4865 5278 3874
8868 2 2 101 1 3523 5256 3524
8869 2 2 101 1 4054 4978 4686
8870 2 2 101 1 5109 5416 3237
8871 2 2 101 1 3341 5065 3146
8872 2 2 101 1 1536 5422 1942
8873 2 2 101 1 1527 4645 1855
8874 2 2 101 1 1293 4624 1290
8875 2 2 101 1 2367 5015 2002
8876 2 2 101 1 4687 4852 2619
8877 2 2 101 1 4246 5180 2901
8878 2 2 101 1 2868 3356 2867
8879 2 2 101 1 4642 4794 1218
8880 2 2 101 1 4261 4700 4599
8881 2 2 101 1 4306 4763 4474
8882 2 2 101 1 559 4769 99
8883 2 2 101 1 2223 4702 2442
8884 2 2 101 1 4448 4717 4447
8885 2 2 101 1 41 4878 461
8886 2 2 101 1 2125 4727 1472
8887 2 2 101 1 1586 4603 884
8888 2 2 101 1 4573 4782 2746
8889 2 2 101 1 4529 4743 1496
8890 2 2 101 1 733 4721 4672
8891 2 2 101 1 4296 4979 4877
8892 2 2 101 1 464 5189 4336
8893 2 2 101 1 3576 5285 3043
8894 2 2 101 1 562 5535 7
8895 2 2 101 1 2688 4598 2868
8896 2 2 101 1 4019 5019 1712
8897 2 2 101 1 3117 5558 3247
8898 2 2 101 1 5318 5636 2303
8899 2 2 101 1 3669 5432 3672
8900 2 2 101 1 5366 5570 2101
8901 2 2 101 1 118 4792 4410
8902 2 2 101 1 3041 4932 4722
8903 2 2 101 1 3663 4784 3664
8904 2 2 101 1 497 5047 206
8905 2 2 101 1 1310 5516 1759
8906 2 2 101 1 3955 5541 1322
8907 2 2 101 1 3510 5422 1538
8908 2 2 101 1 778 4751 780
8909 2 2 101 1 1729 4669 1731
8910 2 2 101 1 3212 5400 4696
8911 2 2 101 1 3035 4735 3015
8912 2 2 101 1 3364 5549 4725
8913 2 2 101 1 3283 4667 3285
8914 2 2 101 1 4771 4900 548
8915 2 2 101 1 4611 4819 2749
8916 2 2 101 1 2797 4809 3639
8917 2 2 101 1 1290 4624 1289
8918 2 2 101 1 3287 4671 3289
8919 2 2 101 1 675 4752 4539
8920 2 2 101 1 2688 2867 2866
8921 2 2 101 1 1763 4650 1765
8922 2 2 101 1 4532 4747 1503
8923 2 2 101 1 1210 5166 1213
8924 2 2 101 1 3014 4714 2300
8925 2 2 101 1 3833 5373 4257
8926 2 2 101 1 119 4792 118
8927 2 2 101 1 3073 4947 2974
8928 2 2 101 1 3227 4726 3195
8929 2 2 101 1 2684 4711 4363
8930 2 2 101 1 3305 4977 3683
8931 2 2 101 1 2008 4758 2011
8932 2 2 101 1 1464 4710 1466
8933 2 2 101 1 764 4755 766
8934 2 2 101 1 2825 4712 2425
8935 2 2 101 1 2688 2866 2687
8936 2 2 101 1 4837 5231 3334
8937 2 2 101 1 3018 4807 3517
8938 2 2 101 1 563 4238 4237
8939 2 2 101 1 2647 4700 2648
8940 2 2 101 1 2762 5305 4257
8941 2 2 101 1 2088 5623 4271
8942 2 2 101 1 3277 4620 2729
8943 2 2 101 1 1530 4749 2038
8944 2 2 101 1 2158 5640 5328
8945 2 2 101 1 4650 5263 5236
8946 2 2 101 1 295 5258 552
8947 2 2 101 1 3714 5364 4936
8948 2 2 101 1 3389 4981 2818
8949 2 2 101 1 1759 5516 4589
8950 2 2 101 1 2844 4805 3002
8951 2 2 101 1 440 5258 296
8952 2 2 101 1 2676 4743 4529
8953 2 2 101 1 1026 4893 1024
8954 2 2 101 1 4111 4766 4765
8955 2 2 101 1 2474 4795 4488
8956 2 2 101 1 2859 5091 4202
8957 2 2 101 1 3825 5182 2928
8958 2 2 101 1 1779 4674 1781
8959 2 2 101 1 4547 4775 2744
8960 2 2 101 1 4380 4951 2811
8961 2 2 101 1 3552 4861 3456
8962 2 2 101 1 1142 4851 1152
8963 2 2 101 1 3594 4870 2765
8964 2 2 101 1 820 4855 823
8965 2 2 101 1 4755 4860 3044
8966 2 2 101 1 57 4806 449
8967 2 2 101 1 4545 5560 3256
8968 2 2 101 1 2931 4881 2357
8969 2 2 101 1 2489 4748 2085
8970 2 2 101 1 750 4767 752
8971 2 2 101 1 3856 5087 3857
8972 2 2 101 1 3012 5162 3686
8973 2 2 101 1 3457 5410 4428
8974 2 2 101 1 4458 4803 2737
8975 2 2 101 1 2692 4727 3005
8976 2 2 101 1 691 4774 4551
8977 2 2 101 1 1258 5144 1170
8978 2 2 101 1 2675 4747 4532
8979 2 2 101 1 3794 5354 3795
8980 2 2 101 1 2333 4975 1570
8981 2 2 101 1 3937 5105 1970
8982 2 2 101 1 3622 5145 3619
8983 2 2 101 1 4373 4705 2471
8984 2 2 101 1 3861 5639 2763
8985 2 2 101 1 1333 5289 4840
8986 2 2 101 1 1668 4818 4122
8987 2 2 101 1 1039 4886 1047
8988 2 2 101 1 370 4779 369
8989 2 2 101 1 2698 4738 2889
8990 2 2 101 1 918 4873 1132
8991 2 2 101 1 58 4806 57
8992 2 2 101 1 2962 4790 2963
8993 2 2 101 1 1127 4918 2645
8994 2 2 101 1 2703 4739 3028
8995 2 2 101 1 4324 4962 4273
8996 2 2 101 1 2761 4848 4135
8997 2 2 101 1 1180 4911 945
8998 2 2 101 1 4449 4808 655
8999 2 2 101 1 3675 4810 3676
9000 2 2 101 1 4197 5418 3157
9001 2 2 101 1 4307 5010 2140
9002 2 2 101 1 3398 4878 3402
9003 2 2 101 1 360 5615 538
9004 2 2 101 1 2702 4737 3167
9005 2 2 101 1 3533 5366 3538
9006 2 2 101 1 2701 4734 3216
9007 2 2 101 1 2197 4650 1763
9008 2 2 101 1 372 4788 529
9009 2 2 101 1 4602 5593 3300
9010 2 2 101 1 5281 5553 4076
9011 2 2 101 1 2424 4703 4475
9012 2 2 101 1 4627 5255 3061
9013 2 2 101 1 2794 4800 2355
9014 2 2 101 1 2452 4646 1767
9015 2 2 101 1 480 5615 361
9016 2 2 101 1 4462 4911 3928
9017 2 2 101 1 3239 5358 2754
9018 2 2 101 1 2412 4706 4476
9019 2 2 101 1 1313 4892 2221
9020 2 2 101 1 580 4841 59
9021 2 2 101 1 726 4780 728
9022 2 2 101 1 2657 4873 916
9023 2 2 101 1 2722 4734 1463
9024 2 2 101 1 3785 5172 3065
9025 2 2 101 1 5080 5578 3097
9026 2 2 101 1 2711 4745 2709
9027 2 2 101 1 4588 5051 3264
9028 2 2 101 1 2440 4746 2862
9029 2 2 101 1 311 5101 501
9030 2 2 101 1 2819 4737 1369
9031 2 2 101 1 3183 5046 4962
9032 2 2 101 1 1087 5449 4107
9033 2 2 101 1 2145 4739 1471
9034 2 2 101 1 622 4854 4507
9035 2 2 101 1 2882 4736 1368
9036 2 2 101 1 2978 4703 2424
9037 2 2 101 1 79 5070 78
9038 2 2 101 1 2976 4738 1470
9039 2 2 101 1 1775 4647 2101
9040 2 2 101 1 4510 4740 4391
9041 2 2 101 1 2706 4776 4248
9042 2 2 101 1 394 5200 393
9043 2 2 101 1 1515 4750 2103
9044 2 2 101 1 3577 4741 2543
9045 2 2 101 1 4222 5332 212
9046 2 2 101 1 5242 5552 3537
9047 2 2 101 1 1769 4646 2219
9048 2 2 101 1 645 4828 4526
9049 2 2 101 1 707 4763 4392
9050 2 2 101 1 4599 4700 2647
9051 2 2 101 1 4331 4782 4573
9052 2 2 101 1 4392 4763 2793
9053 2 2 101 1 1362 4892 1311
9054 2 2 101 1 1234 4918 1165
9055 2 2 101 1 3959 5613 3220
9056 2 2 101 1 1496 4743 1498
9057 2 2 101 1 4871 5274 2641
9058 2 2 101 1 3102 5221 4076
9059 2 2 101 1 1847 5251 4436
9060 2 2 101 1 485 5493 388
9061 2 2 101 1 2396 4764 3041
9062 2 2 101 1 4657 4850 4444
9063 2 2 101 1 4454 4752 675
9064 2 2 101 1 3203 4753 2586
9065 2 2 101 1 1952 4930 1954
9066 2 2 101 1 387 5493 550
9067 2 2 101 1 3354 5561 3352
9068 2 2 101 1 2919 4706 2412
9069 2 2 101 1 1243 4811 1244
9070 2 2 101 1 4751 4889 3045
9071 2 2 101 1 1796 5178 3515
9072 2 2 101 1 3891 4817 3893
9073 2 2 101 1 4489 4800 2695
9074 2 2 101 1 2655 4752 4454
9075 2 2 101 1 1218 4794 1216
9076 2 2 101 1 4130 4797 2747
9077 2 2 101 1 1503 4747 1505
9078 2 2 101 1 2858 4708 4544
9079 2 2 101 1 4447 4717 4431
9080 2 2 101 1 2101 4661 1777
9081 2 2 101 1 3297 5213 3284
9082 2 2 101 1 4852 4881 2807
9083 2 2 101 1 28 4821 27
9084 2 2 101 1 3701 5252 3699
9085 2 2 101 1 2105 4803 4458
9086 2 2 101 1 36 4933 457
9087 2 2 101 1 4271 5198 3144
9088 2 2 101 1 1848 4957 1556
9089 2 2 101 1 4794 4919 1219
9090 2 2 101 1 1731 4669 2255
9091 2 2 101 1 4876 5464 2930
9092 2 2 101 1 2766 4921 3841
9093 2 2 101 1 1765 4650 2452
9094 2 2 101 1 717 4773 4315
9095 2 2 101 1 5079 5201 1875
9096 2 2 101 1 1552 4785 4695
9097 2 2 101 1 1292 4880 1628
9098 2 2 101 1 557 5538 3682
9099 2 2 101 1 2253 4742 4429
9100 2 2 101 1 4431 4717 1804
9101 2 2 101 1 3411 5387 3057
9102 2 2 101 1 3657 5361 2226
9103 2 2 101 1 4036 4688 4645
9104 2 2 101 1 1854 5267 1740
9105 2 2 101 1 2413 4798 3298
9106 2 2 101 1 2808 4761 4422
9107 2 2 101 1 3359 5468 5060
9108 2 2 101 1 288 5279 287
9109 2 2 101 1 1781 4674 2323
9110 2 2 101 1 3569 5488 1875
9111 2 2 101 1 2125 4831 4727
9112 2 2 101 1 4614 4908 3042
9113 2 2 101 1 52 5352 4853
9114 2 2 101 1 4562 4825 1291
9115 2 2 101 1 2714 4762 2716
9116 2 2 101 1 2344 5317 3667
9117 2 2 101 1 241 5566 240
9118 2 2 101 1 531 5138 4224
9119 2 2 101 1 1235 4793 1234
9120 2 2 101 1 4004 5397 4424
9121 2 2 101 1 157 5068 156
9122 2 2 101 1 148 4830 147
9123 2 2 101 1 2916 5092 2982
9124 2 2 101 1 102 5106 435
9125 2 2 101 1 4539 4752 3060
9126 2 2 101 1 1064 4801 1066
9127 2 2 101 1 4162 5494 499
9128 2 2 101 1 242 4726 241
9129 2 2 101 1 2300 4714 4497
9130 2 2 101 1 4015 5360 4425
9131 2 2 101 1 1089 4796 4595
9132 2 2 101 1 3202 5148 2444
9133 2 2 101 1 59 4841 58
9134 2 2 101 1 2406 4598 2688
9135 2 2 101 1 4271 5248 2324
9136 2 2 101 1 3206 5541 4768
9137 2 2 101 1 2900 4847 4683
9138 2 2 101 1 3476 5626 3475
9139 2 2 101 1 1706 5172 3785
9140 2 2 101 1 353 5631 352
9141 2 2 101 1 532 5154 261
9142 2 2 101 1 405 5307 404
9143 2 2 101 1 947 4911 4462
9144 2 2 101 1 260 5154 587
9145 2 2 101 1 3872 5505 1803
9146 2 2 101 1 3587 4933 3591
9147 2 2 101 1 3867 5545 4783
9148 2 2 101 1 2022 5071 2383
9149 2 2 101 1 1628 5117 4558
9150 2 2 101 1 3022 5453 3219
9151 2 2 101 1 2687 4825 4561
9152 2 2 101 1 304 5400 543
9153 2 2 101 1 3321 5284 3319
9154 2 2 101 1 2183 5216 4276
9155 2 2 101 1 2850 4832 2849
9156 2 2 101 1 1709 4781 1712
9157 2 2 101 1 2741 4770 2739
9158 2 2 101 1 3327 4863 3331
9159 2 2 101 1 1734 4786 2269
9160 2 2 101 1 2021 4724 4518
9161 2 2 101 1 553 5410 4161
9162 2 2 101 1 3626 5083 3622
9163 2 2 101 1 467 4974 50
9164 2 2 101 1 49 4974 566
9165 2 2 101 1 4451 4774 691
9166 2 2 101 1 314 5165 527
9167 2 2 101 1 4003 5614 3574
9168 2 2 101 1 3597 4845 2903
9169 2 2 101 1 1018 4846 1020
9170 2 2 101 1 2111 4775 4415
9171 2 2 101 1 5079 5488 3313
9172 2 2 101 1 3008 5287 3007
9173 2 2 101 1 1827 4990 2358
9174 2 2 101 1 4276 4774 4451
9175 2 2 101 1 4630 5430 4025
9176 2 2 101 1 2247 5465 2248
9177 2 2 101 1 3451 4820 2758
9178 2 2 101 1 3374 5071 3911
9179 2 2 101 1 3482 4671 3287
9180 2 2 101 1 3683 4977 3684
9181 2 2 101 1 4124 5007 4125
9182 2 2 101 1 3285 4667 3482
9183 2 2 101 1 2270 4724 2021
9184 2 2 101 1 2339 5069 4987
9185 2 2 101 1 2392 4914 3163
9186 2 2 101 1 4551 4774 4400
9187 2 2 101 1 4497 4714 2670
9188 2 2 101 1 5168 5223 2926
9189 2 2 101 1 55 4613 2299
9190 2 2 101 1 3614 5194 1726
9191 2 2 101 1 5450 5606 2672
9192 2 2 101 1 3289 4671 3666
9193 2 2 101 1 2491 5325 4516
9194 2 2 101 1 4277 5113 2964
9195 2 2 101 1 5288 5554 3354
9196 2 2 101 1 1555 4894 4662
9197 2 2 101 1 2373 4782 4331
9198 2 2 101 1 2736 5255 4627
9199 2 2 101 1 4415 4775 4547
9200 2 2 101 1 2946 4742 2253
9201 2 2 101 1 2588 4903 3998
9202 2 2 101 1 3468 4667 3283
9203 2 2 101 1 3449 5063 434
9204 2 2 101 1 349 5502 348
9205 2 2 101 1 4111 5420 4766
9206 2 2 101 1 3035 5056 4735
9207 2 2 101 1 3517 5007 2998
9208 2 2 101 1 3059 5433 3403
9209 2 2 101 1 2856 4954 4901
9210 2 2 101 1 4292 4815 3624
9211 2 2 101 1 3615 4995 2523
9212 2 2 101 1 1620 4964 2223
9213 2 2 101 1 1712 5019 1713
9214 2 2 101 1 4226 5300 530
9215 2 2 101 1 3561 5619 3657
9216 2 2 101 1 3913 4967 4263
9217 2 2 101 1 1252 4926 1365
9218 2 2 101 1 1618 4978 2276
9219 2 2 101 1 5094 5103 3273
9220 2 2 101 1 2769 4945 2980
9221 2 2 101 1 4380 5022 4951
9222 2 2 101 1 4727 4831 3005
9223 2 2 101 1 2718 5133 4468
9224 2 2 101 1 277 4814 276
9225 2 2 101 1 3006 5605 4144
9226 2 2 101 1 641 5012 4643
9227 2 2 101 1 4232 5283 527
9228 2 2 101 1 3792 4875 3790
9229 2 2 101 1 1651 5181 4179
9230 2 2 101 1 474 5332 4141
9231 2 2 101 1 4414 4693 4251
9232 2 2 101 1 3029 4866 4743
9233 2 2 101 1 69 5084 68
9234 2 2 101 1 501 4835 4210
9235 2 2 101 1 4179 5221 3100
9236 2 2 101 1 3031 4874 4747
9237 2 2 101 1 1861 4812 1851
9238 2 2 101 1 3935 5175 3937
9239 2 2 101 1 3381 5300 2881
9240 2 2 101 1 4348 5232 3678
9241 2 2 101 1 2455 5594 2044
9242 2 2 101 1 3558 5535 562
9243 2 2 101 1 3730 5388 2646
9244 2 2 101 1 3033 4897 2126
9245 2 2 101 1 4302 5076 4855
9246 2 2 101 1 4877 4979 2796
9247 2 2 101 1 3756 5381 2577
9248 2 2 101 1 2563 4799 860
9249 2 2 101 1 1848 5537 3637
9250 2 2 101 1 1152 4966 1144
9251 2 2 101 1 3914 4808 4449
9252 2 2 101 1 2126 4897 2128
9253 2 2 101 1 1724 4816 4623
9254 2 2 101 1 2221 4964 1323
9255 2 2 101 1 4624 4786 1734
9256 2 2 101 1 2193 5094 3528
9257 2 2 101 1 2395 5043 3771
9258 2 2 101 1 3560 5557 2673
9259 2 2 101 1 4321 4796 1089
9260 2 2 101 1 566 5023 48
9261 2 2 101 1 1667 5116 4254
9262 2 2 101 1 655 4808 4263
9263 2 2 101 1 4857 4858 3596
9264 2 2 101 1 211 5332 474
9265 2 2 101 1 47 5023 4339
9266 2 2 101 1 1059 4843 4615
9267 2 2 101 1 4115 4888 1798
9268 2 2 101 1 5039 5473 3116
9269 2 2 101 1 2619 4852 4291
9270 2 2 101 1 1615 4883 4261
9271 2 2 101 1 4744 4851 1140
9272 2 2 101 1 525 4937 179
9273 2 2 101 1 4217 5479 528
9274 2 2 101 1 1643 4999 4413
9275 2 2 101 1 4707 4882 2774
9276 2 2 101 1 2915 5073 3056
9277 2 2 101 1 527 5296 313
9278 2 2 101 1 3595 4904 3279
9279 2 2 101 1 453 5481 3739
9280 2 2 101 1 4242 5122 479
9281 2 2 101 1 4175 4843 1059
9282 2 2 101 1 4296 4877 4464
9283 2 2 101 1 1052 5579 5016
9284 2 2 101 1 4306 4952 4763
9285 2 2 101 1 448 4728 4405
9286 2 2 101 1 2489 4938 4748
9287 2 2 101 1 556 5440 4205
9288 2 2 101 1 3780 5066 1150
9289 2 2 101 1 2255 4813 1800
9290 2 2 101 1 4541 4921 2545
9291 2 2 101 1 3947 4887 539
9292 2 2 101 1 4413 4999 3431
9293 2 2 101 1 2947 5130 3682
9294 2 2 101 1 4916 4998 643
9295 2 2 101 1 1686 5281 4076
9296 2 2 101 1 2758 4849 2569
9297 2 2 101 1 2061 4827 4560
9298 2 2 101 1 1690 4926 1241
9299 2 2 101 1 4192 5228 4241
9300 2 2 101 1 4748 4938 3052
9301 2 2 101 1 4661 4674 1779
9302 2 2 101 1 4256 5002 4873
9303 2 2 101 1 2321 4803 2105
9304 2 2 101 1 3889 5592 3891
9305 2 2 101 1 2891 4917 2801
9306 2 2 101 1 3225 4838 2434
9307 2 2 101 1 2689 4839 3208
9308 2 2 101 1 183 3084 1299
9309 2 2 101 1 1800 4813 2396
9310 2 2 101 1 2408 5004 3207
9311 2 2 101 1 4595 4796 2694
9312 2 2 101 1 2794 4965 4800
9313 2 2 101 1 1856 4826 2258
9314 2 2 101 1 3662 5524 3753
9315 2 2 101 1 448 5163 3993
9316 2 2 101 1 3065 5546 3785
9317 2 2 101 1 5032 5239 3987
9318 2 2 101 1 4710 4822 1487
9319 2 2 101 1 2890 4778 2724
9320 2 2 101 1 3495 4823 3496
9321 2 2 101 1 3038 5038 4439
9322 2 2 101 1 4263 4967 659
9323 2 2 101 1 2111 4877 4775
9324 2 2 101 1 2391 4921 2766
9325 2 2 101 1 42 4878 41
9326 2 2 101 1 2750 4942 2045
9327 2 2 101 1 1003 4842 1022
9328 2 2 101 1 1455 5134 2476
9329 2 2 101 1 3119 4791 4443
9330 2 2 101 1 3467 5291 3155
9331 2 2 101 1 2844 4906 4805
9332 2 2 101 1 3988 5113 533
9333 2 2 101 1 3009 5233 4598
9334 2 2 101 1 4716 5589 1194
9335 2 2 101 1 3343 4994 2854
9336 2 2 101 1 3729 5230 3727
9337 2 2 101 1 1250 5371 4418
9338 2 2 101 1 1140 4851 1142
9339 2 2 101 1 3143 5147 5098
9340 2 2 101 1 479 5199 92
9341 2 2 101 1 4441 4827 2061
9342 2 2 101 1 980 5128 939
9343 2 2 101 1 616 5075 611
9344 2 2 101 1 4507 4854 4100
9345 2 2 101 1 254 5567 253
9346 2 2 101 1 2691 4916 4101
9347 2 2 101 1 818 4855 820
9348 2 2 101 1 3052 4938 4142
9349 2 2 101 1 617 5052 624
9350 2 2 101 1 4121 5414 545
9351 2 2 101 1 4926 5135 1365
9352 2 2 101 1 4743 4866 1498
9353 2 2 101 1 3352 5016 2784
9354 2 2 101 1 4078 5469 4659
9355 2 2 101 1 14 5394 258
9356 2 2 101 1 317 5394 14
9357 2 2 101 1 259 5395 15
9358 2 2 101 1 15 5395 432
9359 2 2 101 1 201 5396 13
9360 2 2 101 1 13 5396 316
9361 2 2 101 1 529 5551 371
9362 2 2 101 1 4043 5318 4153
9363 2 2 101 1 2831 4829 2832
9364 2 2 101 1 2722 4864 4734
9365 2 2 101 1 4231 5396 586
9366 2 2 101 1 4820 4849 2758
9367 2 2 101 1 3143 5098 2876
9368 2 2 101 1 1652 5181 1651
9369 2 2 101 1 2819 4868 4737
9370 2 2 101 1 4662 4894 4543
9371 2 2 101 1 2145 4869 4739
9372 2 2 101 1 3197 5226 2906
9373 2 2 101 1 4623 4816 2700
9374 2 2 101 1 2174 5152 2173
9375 2 2 101 1 4301 4822 2979
9376 2 2 101 1 3393 4844 3394
9377 2 2 101 1 4838 5298 2731
9378 2 2 101 1 4747 4874 1505
9379 2 2 101 1 3788 5315 985
9380 2 2 101 1 513 5555 5176
9381 2 2 101 1 1606 5134 1454
9382 2 2 101 1 3205 5518 4188
9383 2 2 101 1 4699 5187 1057
9384 2 2 101 1 2910 4804 3573
9385 2 2 101 1 392 4859 391
9386 2 2 101 1 1146 4966 2336
9387 2 2 101 1 4973 5277 3185
9388 2 2 101 1 488 4994 3903
9389 2 2 101 1 2416 4986 4955
9390 2 2 101 1 1546 5036 4537
9391 2 2 101 1 2827 4840 2894
9392 2 2 101 1 1649 5116 1667
9393 2 2 101 1 51 4853 467
9394 2 2 101 1 619 4854 622
9395 2 2 101 1 2127 4831 2125
9396 2 2 101 1 4739 4869 3028
9397 2 2 101 1 4170 4895 4171
9398 2 2 101 1 1686 5181 1656
9399 2 2 101 1 4378 4816 1724
9400 2 2 101 1 2363 5038 3038
9401 2 2 101 1 522 5514 3568
9402 2 2 101 1 4737 4868 3167
9403 2 2 101 1 2679 5539 5004
9404 2 2 101 1 4734 4864 3216
9405 2 2 101 1 2173 5152 4434
9406 2 2 101 1 4047 5428 2491
9407 2 2 101 1 3045 4889 4374
9408 2 2 101 1 1722 5191 3666
9409 2 2 101 1 2484 5143 2483
9410 2 2 101 1 2681 4827 4441
9411 2 2 101 1 5223 5320 3032
9412 2 2 101 1 4526 4828 4160
9413 2 2 101 1 4346 4929 4347
9414 2 2 101 1 3235 5001 3487
9415 2 2 101 1 4733 5566 3227
9416 2 2 101 1 2680 5100 3739
9417 2 2 101 1 2749 4819 2751
9418 2 2 101 1 2868 4698 3356
9419 2 2 101 1 82 5426 81
9420 2 2 101 1 503 4907 289
9421 2 2 101 1 4384 4882 4707
9422 2 2 101 1 5147 5188 1145
9423 2 2 101 1 900 4976 1120
9424 2 2 101 1 4762 4865 3098
9425 2 2 101 1 2787 5463 2788
9426 2 2 101 1 3885 5125 540
9427 2 2 101 1 3724 5509 575
9428 2 2 101 1 2271 4912 2036
9429 2 2 101 1 585 5527 3546
9430 2 2 101 1 3537 5552 4661
9431 2 2 101 1 2984 5282 2400
9432 2 2 101 1 4303 5363 4147
9433 2 2 101 1 3423 5269 3907
9434 2 2 101 1 3335 5021 4403
9435 2 2 101 1 4272 5115 5012
9436 2 2 101 1 2682 5209 4262
9437 2 2 101 1 4050 5150 4052
9438 2 2 101 1 4763 4952 2793
9439 2 2 101 1 2963 5466 2961
9440 2 2 101 1 3123 5035 3633
9441 2 2 101 1 3925 5106 103
9442 2 2 101 1 80 5506 438
9443 2 2 101 1 910 5588 907
9444 2 2 101 1 3013 5202 3212
9445 2 2 101 1 3037 5595 2921
9446 2 2 101 1 4312 4872 4234
9447 2 2 101 1 4957 5033 3159
9448 2 2 101 1 943 5081 1180
9449 2 2 101 1 1268 5105 1689
9450 2 2 101 1 4686 4978 1598
9451 2 2 101 1 2866 4825 2687
9452 2 2 101 1 4234 4872 4719
9453 2 2 101 1 2920 5109 2418
9454 2 2 101 1 548 4900 363
9455 2 2 101 1 5104 5358 3239
9456 2 2 101 1 4014 4954 2856
9457 2 2 101 1 4676 5370 1110
9458 2 2 101 1 523 5104 163
9459 2 2 101 1 2478 5060 2710
9460 2 2 101 1 3068 5353 3142
9461 2 2 101 1 4029 5309 4567
9462 2 2 101 1 3171 5072 4990
9463 2 2 101 1 3915 5228 4192
9464 2 2 101 1 3514 4902 2871
9465 2 2 101 1 4147 5363 2781
9466 2 2 101 1 4577 4870 4570
9467 2 2 101 1 4345 4958 4344
9468 2 2 101 1 162 5104 4334
9469 2 2 101 1 4660 4993 3353
9470 2 2 101 1 4360 4949 1615
9471 2 2 101 1 3392 5064 2799
9472 2 2 101 1 3538 5366 4647
9473 2 2 101 1 4735 5056 3879
9474 2 2 101 1 2979 4822 4710
9475 2 2 101 1 4613 4614 2299
9476 2 2 101 1 3489 5044 2825
9477 2 2 101 1 4274 5222 1716
9478 2 2 101 1 4894 4957 3159
9479 2 2 101 1 4343 4836 465
9480 2 2 101 1 3877 5434 4580
9481 2 2 101 1 4585 5420 4112
9482 2 2 101 1 4405 4728 4406
9483 2 2 101 1 1822 3090 188
9484 2 2 101 1 537 4971 3881
9485 2 2 101 1 916 4873 918
9486 2 2 101 1 2193 5529 5103
9487 2 2 101 1 3629 5153 3628
9488 2 2 101 1 3784 4919 4265
9489 2 2 101 1 4481 5463 2787
9490 2 2 101 1 4272 5012 4417
9491 2 2 101 1 457 5132 35
9492 2 2 101 1 34 5132 572
9493 2 2 101 1 2767 4884 2860
9494 2 2 101 1 4641 4914 2392
9495 2 2 101 1 913 4899 911
9496 2 2 101 1 4643 4828 645
9497 2 2 101 1 870 4823 2939
9498 2 2 101 1 4906 5333 2115
9499 2 2 101 1 1970 5105 1266
9500 2 2 101 1 3540 4922 3539
9501 2 2 101 1 3169 5125 3170
9502 2 2 101 1 442 5565 4192
9503 2 2 101 1 283 4885 282
9504 2 2 101 1 513 5628 4628
9505 2 2 101 1 3641 5342 4333
9506 2 2 101 1 4098 5312 3119
9507 2 2 101 1 4237 5374 5041
9508 2 2 101 1 4237 5041 4236
9509 2 2 101 1 3144 5198 2690
9510 2 2 101 1 1223 5190 4839
9511 2 2 101 1 2786 5494 4246
9512 2 2 101 1 2143 5127 1473
9513 2 2 101 1 120 5067 444
9514 2 2 101 1 2835 4867 2836
9515 2 2 101 1 2752 5325 2750
9516 2 2 101 1 4615 4843 3085
9517 2 2 101 1 1510 5158 607
9518 2 2 101 1 3971 5612 3973
9519 2 2 101 1 2838 4960 2837
9520 2 2 101 1 4267 4898 3369
9521 2 2 101 1 2713 4913 4180
9522 2 2 101 1 58 4841 4806
9523 2 2 101 1 5036 5155 3046
9524 2 2 101 1 3423 5143 2927
9525 2 2 101 1 3044 4860 3157
9526 2 2 101 1 2803 4948 2804
9527 2 2 101 1 375 5408 16
9528 2 2 101 1 16 5408 374
9529 2 2 101 1 4270 5541 3206
9530 2 2 101 1 3966 5118 481
9531 2 2 101 1 1179 5470 4905
9532 2 2 101 1 3281 4904 3468
9533 2 2 101 1 4752 4955 3060
9534 2 2 101 1 3464 5217 524
9535 2 2 101 1 2748 4987 4786
9536 2 2 101 1 2765 4870 4577
9537 2 2 101 1 609 5158 616
9538 2 2 101 1 3415 5634 3946
9539 2 2 101 1 3069 5029 2822
9540 2 2 101 1 3403 5156 3404
9541 2 2 101 1 568 5157 133
9542 2 2 101 1 4561 4825 4562
9543 2 2 101 1 1031 4886 1039
9544 2 2 101 1 132 5157 4342
9545 2 2 101 1 2622 5032 4523
9546 2 2 101 1 2655 4955 4752
9547 2 2 101 1 1085 5292 4281
9548 2 2 101 1 458 5160 145
9549 2 2 101 1 158 5399 157
9550 2 2 101 1 2472 5141 2813
9551 2 2 101 1 139 5576 4697
9552 2 2 101 1 3158 5118 2869
9553 2 2 101 1 2053 4989 4320
9554 2 2 101 1 2817 4860 858
9555 2 2 101 1 3134 5184 3135
9556 2 2 101 1 476 4917 4692
9557 2 2 101 1 3917 5437 4634
9558 2 2 101 1 1024 4893 1031
9559 2 2 101 1 5070 5355 3268
9560 2 2 101 1 5209 5327 4262
9561 2 2 101 1 4915 4943 2302
9562 2 2 101 1 4282 5102 1222
9563 2 2 101 1 2856 4901 4208
9564 2 2 101 1 915 5574 3777
9565 2 2 101 1 1658 5281 1686
9566 2 2 101 1 4317 5138 3650
9567 2 2 101 1 1311 4892 1313
9568 2 2 101 1 1590 5153 4625
9569 2 2 101 1 2003 5139 4319
9570 2 2 101 1 3016 5448 3335
9571 2 2 101 1 4464 4877 2111
9572 2 2 101 1 1498 4866 1500
9573 2 2 101 1 5182 5212 520
9574 2 2 101 1 1194 5460 1188
9575 2 2 101 1 2326 5195 4448
9576 2 2 101 1 4661 5570 3537
9577 2 2 101 1 4741 4840 2827
9578 2 2 101 1 3948 4864 2722
9579 2 2 101 1 850 5513 4269
9580 2 2 101 1 4538 4868 2819
9581 2 2 101 1 2147 4869 2145
9582 2 2 101 1 2755 4883 2840
9583 2 2 101 1 2590 5485 4440
9584 2 2 101 1 2345 5174 3343
9585 2 2 101 1 2838 5039 4960
9586 2 2 101 1 2763 5639 2764
9587 2 2 101 1 4753 4905 2864
9588 2 2 101 1 2325 5064 2474
9589 2 2 101 1 477 5482 4726
9590 2 2 101 1 4366 5209 2682
9591 2 2 101 1 2754 5358 5226
9592 2 2 101 1 3189 5227 3257
9593 2 2 101 1 4176 4856 2556
9594 2 2 101 1 1505 4874 1507
9595 2 2 101 1 4440 5485 3180
9596 2 2 101 1 2357 4881 3034
9597 2 2 101 1 395 5344 394
9598 2 2 101 1 2862 5089 3241
9599 2 2 101 1 3519 5591 459
9600 2 2 101 1 4800 4965 4181
9601 2 2 101 1 3279 4904 3281
9602 2 2 101 1 3174 5119 3173
9603 2 2 101 1 3574 4897 4799
9604 2 2 101 1 1716 5222 1717
9605 2 2 101 1 1887 4915 2302
9606 2 2 101 1 4570 4870 3545
9607 2 2 101 1 4920 5591 3020
9608 2 2 101 1 3887 5473 5039
9609 2 2 101 1 1615 4949 4883
9610 2 2 101 1 3564 4889 857
9611 2 2 101 1 4444 4850 3179
9612 2 2 101 1 4909 5641 3380
9613 2 2 101 1 3727 5230 2745
9614 2 2 101 1 112 5308 111
9615 2 2 101 1 3785 5546 3786
9616 2 2 101 1 4647 5366 2101
9617 2 2 101 1 2809 5497 3788
9618 2 2 101 1 4914 5054 3163
9619 2 2 101 1 5112 5390 3806
9620 2 2 101 1 3250 4906 2844
9621 2 2 101 1 470 5232 130
9622 2 2 101 1 2821 5241 2677
9623 2 2 101 1 4895 5571 4171
9624 2 2 101 1 4043 5636 5318
9625 2 2 101 1 533 5113 4233
9626 2 2 101 1 3562 5284 1795
9627 2 2 101 1 129 5232 4348
9628 2 2 101 1 4401 4896 2252
9629 2 2 101 1 21 5247 469
9630 2 2 101 1 3539 4922 3541
9631 2 2 101 1 2459 4950 2395
9632 2 2 101 1 2218 5420 4585
9633 2 2 101 1 3315 5079 3313
9634 2 2 101 1 4088 5604 5191
9635 2 2 101 1 2396 4813 4764
9636 2 2 101 1 1956 5322 2857
9637 2 2 101 1 3258 4934 2936
9638 2 2 101 1 3867 5179 4566
9639 2 2 101 1 4540 4879 3488
9640 2 2 101 1 2811 4951 4740
9641 2 2 101 1 553 5402 4428
9642 2 2 101 1 4782 5025 3772
9643 2 2 101 1 2212 5633 2565
9644 2 2 101 1 4866 4940 1755
9645 2 2 101 1 1224 4882 4384
9646 2 2 101 1 2133 5580 4002
9647 2 2 101 1 4977 5111 1120
9648 2 2 101 1 2483 5174 2262
9649 2 2 101 1 4195 4928 518
9650 2 2 101 1 5214 5220 2889
9651 2 2 101 1 4265 4919 4794
9652 2 2 101 1 4537 5036 3046
9653 2 2 101 1 1584 4891 1360
9654 2 2 101 1 1108 5059 896
9655 2 2 101 1 3245 5618 4132
9656 2 2 101 1 2885 5112 2398
9657 2 2 101 1 2368 5230 2646
9658 2 2 101 1 4176 4876 3176
9659 2 2 101 1 146 5293 458
9660 2 2 101 1 2260 5350 3161
9661 2 2 101 1 3272 5529 5302
9662 2 2 101 1 4257 5373 2762
9663 2 2 101 1 1031 4893 4886
9664 2 2 101 1 2775 5187 3136
9665 2 2 101 1 3298 5262 2970
9666 2 2 101 1 946 5009 4970
9667 2 2 101 1 2906 5226 4402
9668 2 2 101 1 945 4911 947
9669 2 2 101 1 62 5163 448
9670 2 2 101 1 2589 5632 4524
9671 2 2 101 1 4655 5622 4350
9672 2 2 101 1 1791 4993 4660
9673 2 2 101 1 3267 5106 3925
9674 2 2 101 1 4088 5191 1722
9675 2 2 101 1 2130 4910 4831
9676 2 2 101 1 849 5513 850
9677 2 2 101 1 461 5313 40
9678 2 2 101 1 39 5313 573
9679 2 2 101 1 505 5566 4733
9680 2 2 101 1 2864 4905 3306
9681 2 2 101 1 3171 4990 4952
9682 2 2 101 1 574 5432 4821
9683 2 2 101 1 151 4909 462
9684 2 2 101 1 1165 4918 1127
9685 2 2 101 1 3225 5324 5298
9686 2 2 101 1 1184 5319 1224
9687 2 2 101 1 2734 5152 2177
9688 2 2 101 1 2089 4865 4762
9689 2 2 101 1 3136 4972 4803
9690 2 2 101 1 3563 5305 2195
9691 2 2 101 1 3968 4959 3970
9692 2 2 101 1 2919 4946 4706
9693 2 2 101 1 3112 5635 168
9694 2 2 101 1 589 4982 588
9695 2 2 101 1 2872 5031 2873
9696 2 2 101 1 2448 5335 5273
9697 2 2 101 1 2943 4924 2944
9698 2 2 101 1 4601 4865 2089
9699 2 2 101 1 4011 5628 513
9700 2 2 101 1 2832 5430 4630
9701 2 2 101 1 1299 4698 3449
9702 2 2 101 1 4018 5281 1660
9703 2 2 101 1 524 5352 53
9704 2 2 101 1 18 5342 521
9705 2 2 101 1 3610 5458 538
9706 2 2 101 1 4857 5029 3054
9707 2 2 101 1 3474 5500 4406
9708 2 2 101 1 4310 4914 4641
9709 2 2 101 1 5416 5417 1328
9710 2 2 101 1 3297 5268 5084
9711 2 2 101 1 2226 5361 2227
9712 2 2 101 1 4643 5012 4149
9713 2 2 101 1 4333 5342 19
9714 2 2 101 1 374 4931 373
9715 2 2 101 1 2646 5388 2250
9716 2 2 101 1 4433 5286 1847
9717 2 2 101 1 946 4970 944
9718 2 2 101 1 3490 5480 3150
9719 2 2 101 1 37 4933 36
9720 2 2 101 1 2902 4968 2606
9721 2 2 101 1 3351 5345 3089
9722 2 2 101 1 567 5641 153
9723 2 2 101 1 111 5625 110
9724 2 2 101 1 5138 5527 4224
9725 2 2 101 1 5407 5475 3349
9726 2 2 101 1 2150 4941 4869
9727 2 2 101 1 3924 5076 3922
9728 2 2 101 1 2982 4879 4540
9729 2 2 101 1 4799 4897 3033
9730 2 2 101 1 4320 5571 1837
9731 2 2 101 1 3207 5336 3024
9732 2 2 101 1 4393 5020 4682
9733 2 2 101 1 830 5461 1163
9734 2 2 101 1 3434 5122 3433
9735 2 2 101 1 3049 5628 4011
9736 2 2 101 1 4292 5632 2589
9737 2 2 101 1 4390 5204 3370
9738 2 2 101 1 3282 5405 3280
9739 2 2 101 1 867 4923 855
9740 2 2 101 1 1789 4993 1791
9741 2 2 101 1 2873 4953 3634
9742 2 2 101 1 31 5598 459
9743 2 2 101 1 4335 5598 32
9744 2 2 101 1 573 5477 38
9745 2 2 101 1 5319 5460 3664
9746 2 2 101 1 1803 5505 1562
9747 2 2 101 1 460 5576 140
9748 2 2 101 1 2302 4943 2516
9749 2 2 101 1 2373 5025 4782
9750 2 2 101 1 4867 5517 4094
9751 2 2 101 1 564 5507 43
9752 2 2 101 1 4602 5285 559
9753 2 2 101 1 581 5240 64
9754 2 2 101 1 4785 4804 2910
9755 2 2 101 1 5066 5098 1150
9756 2 2 101 1 2448 5273 5272
9757 2 2 101 1 2654 5634 3415
9758 2 2 101 1 4740 4951 4391
9759 2 2 101 1 3066 5172 3595
9760 2 2 101 1 1194 5524 5460
9761 2 2 101 1 4705 5498 2471
9762 2 2 101 1 1082 5292 1085
9763 2 2 101 1 4153 5318 2204
9764 2 2 101 1 3005 4910 4357
9765 2 2 101 1 2828 5479 3023
9766 2 2 101 1 3934 5013 4305
9767 2 2 101 1 3873 4983 490
9768 2 2 101 1 4827 5126 4560
9769 2 2 101 1 4361 4955 2655
9770 2 2 101 1 2052 5317 1699
9771 2 2 101 1 3519 5598 4335
9772 2 2 101 1 5014 5131 3312
9773 2 2 101 1 1291 4880 1292
9774 2 2 101 1 2276 5446 1805
9775 2 2 101 1 5203 5280 2576
9776 2 2 101 1 4668 4925 3260
9777 2 2 101 1 3310 5014 3312
9778 2 2 101 1 2785 5618 3245
9779 2 2 101 1 3390 5331 4227
9780 2 2 101 1 4883 4949 2840
9781 2 2 101 1 3361 4985 3481
9782 2 2 101 1 5129 5170 3567
9783 2 2 101 1 5579 5588 3494
9784 2 2 101 1 3237 5327 5109
9785 2 2 101 1 3685 5121 1371
9786 2 2 101 1 2817 4944 4860
9787 2 2 101 1 4181 4965 495
9788 2 2 101 1 2128 5580 2129
9789 2 2 101 1 1344 4984 1342
9790 2 2 101 1 449 4908 4613
9791 2 2 101 1 4498 5446 2276
9792 2 2 101 1 97 4956 442
9793 2 2 101 1 1241 4926 1252
9794 2 2 101 1 67 5268 447
9795 2 2 101 1 4722 4932 2298
9796 2 2 101 1 3427 4969 2337
9797 2 2 101 1 2699 5413 2812
9798 2 2 101 1 4807 5271 3163
9799 2 2 101 1 2381 5533 2006
9800 2 2 101 1 3370 5204 4379
9801 2 2 101 1 4012 5026 2341
9802 2 2 101 1 4534 4967 2821
9803 2 2 101 1 583 5108 181
9804 2 2 101 1 2982 5092 4888
9805 2 2 101 1 4567 5309 1865
9806 2 2 101 1 2349 4876 4176
9807 2 2 101 1 3136 5187 4699
9808 2 2 101 1 2737 4972 4249
9809 2 2 101 1 91 5199 562
9810 2 2 101 1 4682 5020 473
9811 2 2 101 1 2974 4947 2973
9812 2 2 101 1 3092 5215 3392
9813 2 2 101 1 2645 5254 4432
9814 2 2 101 1 4543 4894 2770
9815 2 2 101 1 2892 4996 3244
9816 2 2 101 1 565 5369 4677
9817 2 2 101 1 4860 4944 3157
9818 2 2 101 1 2369 5323 2370
9819 2 2 101 1 576 5357 122
9820 2 2 101 1 2164 4980 2167
9821 2 2 101 1 1824 5250 2349
9822 2 2 101 1 4107 5449 5349
9823 2 2 101 1 558 5228 3649
9824 2 2 101 1 2673 5619 3560
9825 2 2 101 1 2618 5611 3743
9826 2 2 101 1 4855 5076 3924
9827 2 2 101 1 3050 5269 3423
9828 2 2 101 1 2045 4942 2455
9829 2 2 101 1 3157 5418 2482
9830 2 2 101 1 3409 5372 3115
9831 2 2 101 1 4790 4833 2963
9832 2 2 101 1 50 4974 49
9833 2 2 101 1 3362 4995 3363
9834 2 2 101 1 3002 5467 3673
9835 2 2 101 1 4308 4987 2748
9836 2 2 101 1 3179 5368 3178
9837 2 2 101 1 4520 4913 2713
9838 2 2 101 1 3256 5560 4705
9839 2 2 101 1 3341 5399 5065
9840 2 2 101 1 2763 5607 3861
9841 2 2 101 1 2804 5367 2292
9842 2 2 101 1 2971 5275 4487
9843 2 2 101 1 1539 4913 4520
9844 2 2 101 1 3897 5506 81
9845 2 2 101 1 4169 5055 4226
9846 2 2 101 1 3565 4938 2489
9847 2 2 101 1 3094 5381 3756
9848 2 2 101 1 1954 4930 2613
9849 2 2 101 1 4271 5623 5198
9850 2 2 101 1 3086 5077 2967
9851 2 2 101 1 2545 4921 2391
9852 2 2 101 1 3810 5061 2738
9853 2 2 101 1 473 5020 4075
9854 2 2 101 1 3004 4988 3003
9855 2 2 101 1 1807 5446 2614
9856 2 2 101 1 3944 5521 3945
9857 2 2 101 1 3682 5538 4314
9858 2 2 101 1 4171 4989 4167
9859 2 2 101 1 2909 5540 3728
9860 2 2 101 1 4677 5247 22
9861 2 2 101 1 2771 4945 2769
9862 2 2 101 1 483 5384 4044
9863 2 2 101 1 2939 4823 3495
9864 2 2 101 1 2867 5099 2866
9865 2 2 101 1 510 5487 3594
9866 2 2 101 1 3226 5207 1334
9867 2 2 101 1 437 5622 4655
9868 2 2 101 1 403 5003 512
9869 2 2 101 1 1558 5537 1848
9870 2 2 101 1 4655 5376 3991
9871 2 2 101 1 4500 5146 1476
9872 2 2 101 1 948 5009 946
9873 2 2 101 1 3728 5540 4269
9874 2 2 101 1 5215 5439 657
9875 2 2 101 1 3927 5011 3036
9876 2 2 101 1 463 4929 4346
9877 2 2 101 1 4718 5612 3971
9878 2 2 101 1 3185 5277 3186
9879 2 2 101 1 3241 5575 2934
9880 2 2 101 1 465 5184 4340
9881 2 2 101 1 4784 5319 3664
9882 2 2 101 1 2206 5318 2303
9883 2 2 101 1 2992 5546 2990
9884 2 2 101 1 514 5006 337
9885 2 2 101 1 4853 5352 3384
9886 2 2 101 1 1087 5528 5449
9887 2 2 101 1 3291 5191 3293
9888 2 2 101 1 4639 5159 5010
9889 2 2 101 1 1328 5417 4811
9890 2 2 101 1 3251 5498 4705
9891 2 2 101 1 4144 5605 5015
9892 2 2 101 1 4719 4872 3567
9893 2 2 101 1 4334 5447 468
9894 2 2 101 1 105 4985 519
9895 2 2 101 1 3375 5519 2757
9896 2 2 101 1 3103 5376 4655
9897 2 2 101 1 2491 5428 2295
9898 2 2 101 1 3135 5184 4836
9899 2 2 101 1 4365 5414 3077
9900 2 2 101 1 4251 4935 4250
9901 2 2 101 1 3306 5474 2529
9902 2 2 101 1 3030 4940 3029
9903 2 2 101 1 2840 4949 3017
9904 2 2 101 1 3160 4961 2771
9905 2 2 101 1 629 5429 4658
9906 2 2 101 1 467 5523 4974
9907 2 2 101 1 3222 4946 2919
9908 2 2 101 1 1144 4966 1146
9909 2 2 101 1 5035 5582 494
9910 2 2 101 1 3355 5237 4600
9911 2 2 101 1 2409 5610 4197
9912 2 2 101 1 2818 4981 3004
9913 2 2 101 1 4884 5042 2860
9914 2 2 101 1 4658 5429 3194
9915 2 2 101 1 4635 5005 1565
9916 2 2 101 1 3028 4941 4538
9917 2 2 101 1 4357 4944 2817
9918 2 2 101 1 3603 5124 2874
9919 2 2 101 1 1323 4964 1620
9920 2 2 101 1 2789 4914 4310
9921 2 2 101 1 3864 5523 3383
9922 2 2 101 1 3442 5173 4720
9923 2 2 101 1 3181 5599 5177
9924 2 2 101 1 4341 5364 570
9925 2 2 101 1 1219 4962 4324
9926 2 2 101 1 4835 5466 2963
9927 2 2 101 1 1829 5378 4504
9928 2 2 101 1 1556 4957 1555
9929 2 2 101 1 2822 5029 4857
9930 2 2 101 1 1598 4978 1618
9931 2 2 101 1 4650 5236 2452
9932 2 2 101 1 2427 4952 4306
9933 2 2 101 1 3071 5276 3069
9934 2 2 101 1 3685 5561 5121
9935 2 2 101 1 3739 5481 3740
9936 2 2 101 1 4423 5326 5324
9937 2 2 101 1 4629 5490 3120
9938 2 2 101 1 3947 5548 4887
9939 2 2 101 1 3858 5087 3856
9940 2 2 101 1 5012 5115 4149
9941 2 2 101 1 4803 4972 2737
9942 2 2 101 1 2140 5159 4275
9943 2 2 101 1 4697 5576 3505
9944 2 2 101 1 2834 5002 4256
9945 2 2 101 1 3989 5135 4926
9946 2 2 101 1 4437 5456 3254
9947 2 2 101 1 3305 5111 4977
9948 2 2 101 1 3980 5193 4487
9949 2 2 101 1 526 4997 255
9950 2 2 101 1 1570 4975 2106
9951 2 2 101 1 2087 5317 2344
9952 2 2 101 1 2899 5628 3049
9953 2 2 101 1 3882 5080 535
9954 2 2 101 1 1677 5008 1679
9955 2 2 101 1 2281 5028 3951
9956 2 2 101 1 1815 4963 4299
9957 2 2 101 1 3674 5467 463
9958 2 2 101 1 3054 5029 2009
9959 2 2 101 1 4344 4958 567
9960 2 2 101 1 4919 4962 1219
9961 2 2 101 1 4391 4951 2417
9962 2 2 101 1 335 5343 488
9963 2 2 101 1 4951 5022 2417
9964 2 2 101 1 2796 4979 2909
9965 2 2 101 1 4976 4977 1120
9966 2 2 101 1 4616 4927 3414
9967 2 2 101 1 3316 5404 3613
9968 2 2 101 1 2793 4990 1827
9969 2 2 101 1 3795 5040 2841
9970 2 2 101 1 2742 5613 3105
9971 2 2 101 1 2274 5037 2350
9972 2 2 101 1 2771 4961 4945
9973 2 2 101 1 1345 5192 2966
9974 2 2 101 1 3758 5616 2652
9975 2 2 101 1 3302 4965 2794
9976 2 2 101 1 3108 5135 3989
9977 2 2 101 1 3060 4986 2999
9978 2 2 101 1 3719 5417 5416
9979 2 2 101 1 4857 5351 4858
9980 2 2 101 1 621 5031 3827
9981 2 2 101 1 3555 5623 5536
9982 2 2 101 1 4634 5437 5062
9983 2 2 101 1 3271 5129 3825
9984 2 2 101 1 5536 5623 2582
9985 2 2 101 1 3146 5065 3782
9986 2 2 101 1 4116 5345 1315
9987 2 2 101 1 1224 5319 4784
9988 2 2 101 1 850 4979 4296
9989 2 2 101 1 3114 4992 3112
9990 2 2 101 1 659 4967 4534
9991 2 2 101 1 1899 5356 5326
9992 2 2 101 1 3187 5603 4909
9993 2 2 101 1 2219 5337 1771
9994 2 2 101 1 370 5551 4779
9995 2 2 101 1 4389 5392 1546
9996 2 2 101 1 4600 5237 2743
9997 2 2 101 1 3300 5285 4602
9998 2 2 101 1 4305 5013 4556
9999 2 2 101 1 4831 4910 3005
10000 2 2 101 1 1565 5005 4626
10001 2 2 101 1 48 5023 47
10002 2 2 101 1 3029 4940 4866
10003 2 2 101 1 210 5018 209
10004 2 2 101 1 4634 5062 3055
10005 2 2 101 1 3161 5350 4834
10006 2 2 101 1 2854 4994 3360
10007 2 2 101 1 2801 4917 4746
10008 2 2 101 1 2943 5021 4924
10009 2 2 101 1 179 4937 178
10010 2 2 101 1 898 4976 900
10011 2 2 101 1 4290 4999 1643
10012 2 2 101 1 3161 5030 2091
10013 2 2 101 1 2002 5015 2003
10014 2 2 101 1 168 5635 167
10015 2 2 101 1 4872 5212 5129
10016 2 2 101 1 2118 5115 4272
10017 2 2 101 1 3304 5111 3305
10018 2 2 101 1 3406 5231 4837
10019 2 2 101 1 2679 5004 2408
10020 2 2 101 1 2895 5401 5301
10021 2 2 101 1 494 5045 347
10022 2 2 101 1 4598 5233 5063
10023 2 2 101 1 2975 5265 2976
10024 2 2 101 1 3039 5290 3040
10025 2 2 101 1 2789 5054 4914
10026 2 2 101 1 4613 4908 4614
10027 2 2 101 1 3806 5390 1380
10028 2 2 101 1 2719 5010 4533
10029 2 2 101 1 4639 5010 2719
10030 2 2 101 1 3350 5407 3349
10031 2 2 101 1 3628 5049 3626
10032 2 2 101 1 1785 5259 3562
10033 2 2 101 1 3874 5278 4983
10034 2 2 101 1 2303 4927 4616
10035 2 2 101 1 1334 5207 3765
10036 2 2 101 1 3583 5048 3580
10037 2 2 101 1 5022 5168 2925
10038 2 2 101 1 3380 5290 3039
10039 2 2 101 1 3034 4881 4852
10040 2 2 101 1 444 5067 4863
10041 2 2 101 1 2869 4925 4668
10042 2 2 101 1 2969 5280 3086
10043 2 2 101 1 3814 5266 4322
10044 2 2 101 1 2644 5050 3826
10045 2 2 101 1 4597 5303 4766
10046 2 2 101 1 446 5625 3548
10047 2 2 101 1 4552 5260 4389
10048 2 2 101 1 4406 5500 580
10049 2 2 101 1 3367 5386 3323
10050 2 2 101 1 5083 5145 3622
10051 2 2 101 1 4219 5229 4217
10052 2 2 101 1 1761 5556 2197
10053 2 2 101 1 3503 5001 3235
10054 2 2 101 1 4869 4941 3028
10055 2 2 101 1 3475 5500 3474
10056 2 2 101 1 4383 5197 2118
10057 2 2 101 1 1132 5002 2941
10058 2 2 101 1 4038 5621 4037
10059 2 2 101 1 3275 5303 4745
10060 2 2 101 1 5003 5368 512
10061 2 2 101 1 3572 4998 3096
10062 2 2 101 1 5302 5529 2329
10063 2 2 101 1 1555 4957 4894
10064 2 2 101 1 4273 5046 1456
10065 2 2 101 1 2998 5007 4124
10066 2 2 101 1 2866 5099 4880
10067 2 2 101 1 4712 4948 2803
10068 2 2 101 1 5041 5374 4293
10069 2 2 101 1 3926 5095 2533
10070 2 2 101 1 5384 5581 3414
10071 2 2 101 1 3182 5046 3183
10072 2 2 101 1 3861 5053 2284
10073 2 2 101 1 4726 5482 3195
10074 2 2 101 1 4764 4932 3041
10075 2 2 101 1 3749 5097 1175
10076 2 2 101 1 1875 5488 5079
10077 2 2 101 1 3742 5247 4677
10078 2 2 101 1 4830 5293 147
10079 2 2 101 1 2419 5209 4513
10080 2 2 101 1 111 5308 4890
10081 2 2 101 1 4102 5220 5214
10082 2 2 101 1 537 5609 4971
10083 2 2 101 1 2223 5522 4702
10084 2 2 101 1 4816 5526 3249
10085 2 2 101 1 3657 5619 5361
10086 2 2 101 1 5046 5078 1456
10087 2 2 101 1 1539 5032 4913
10088 2 2 101 1 4834 5350 4021
10089 2 2 101 1 4806 4841 3475
10090 2 2 101 1 4791 5312 4096
10091 2 2 101 1 78 5321 77
10092 2 2 101 1 2761 5510 4848
10093 2 2 101 1 206 5047 205
10094 2 2 101 1 511 5088 350
10095 2 2 101 1 2533 5057 4013
10096 2 2 101 1 4750 5050 3563
10097 2 2 101 1 3430 5381 3094
10098 2 2 101 1 3061 5438 4627
10099 2 2 101 1 905 5588 5579
10100 2 2 101 1 4403 5021 2943
10101 2 2 101 1 4417 5012 641
10102 2 2 101 1 1908 4993 1789
10103 2 2 101 1 2596 5055 4328
10104 2 2 101 1 8 4789 563
10105 2 2 101 1 2358 5072 2932
10106 2 2 101 1 4960 5039 3408
10107 2 2 101 1 4231 5165 315
10108 2 2 101 1 4839 5190 3208
10109 2 2 101 1 5159 5244 4275
10110 2 2 101 1 4975 5082 2106
10111 2 2 101 1 3222 5024 4946
10112 2 2 101 1 4821 5432 3670
10113 2 2 101 1 4902 5041 4293
10114 2 2 101 1 1773 5337 4647
10115 2 2 101 1 3314 5219 3316
10116 2 2 101 1 3816 5069 3813
10117 2 2 101 1 3455 5020 4393
10118 2 2 101 1 2860 5042 3011
10119 2 2 101 1 3611 5195 4508
10120 2 2 101 1 4496 5438 3061
10121 2 2 101 1 5301 5401 3265
10122 2 2 101 1 4322 5266 3764
10123 2 2 101 1 5084 5213 3297
10124 2 2 101 1 4840 5289 2894
10125 2 2 101 1 2158 5328 4868
10126 2 2 101 1 3184 5035 3123
10127 2 2 101 1 3530 5206 3522
10128 2 2 101 1 2784 5016 3494
10129 2 2 101 1 447 5268 5224
10130 2 2 101 1 4491 5127 2852
10131 2 2 101 1 3159 5033 3160
10132 2 2 101 1 3649 5228 3915
10133 2 2 101 1 4309 5563 3170
10134 2 2 101 1 3532 5253 3530
10135 2 2 101 1 1713 5019 1716
10136 2 2 101 1 2941 5025 2373
10137 2 2 101 1 3512 5024 3222
10138 2 2 101 1 3407 5231 3406
10139 2 2 101 1 3312 5131 3314
10140 2 2 101 1 3259 5393 3258
10141 2 2 101 1 525 5108 4935
10142 2 2 101 1 4647 5337 3538
10143 2 2 101 1 121 5067 120
10144 2 2 101 1 3530 5253 5206
10145 2 2 101 1 5145 5299 3619
10146 2 2 101 1 4556 5013 1970
10147 2 2 101 1 3701 5346 5252
10148 2 2 101 1 5206 5236 3522
10149 2 2 101 1 4890 5625 111
10150 2 2 101 1 4312 5212 4872
10151 2 2 101 1 1179 5586 3654
10152 2 2 101 1 3697 5608 3743
10153 2 2 101 1 3567 5170 2388
10154 2 2 101 1 2417 5022 4505
10155 2 2 101 1 451 4973 4696
10156 2 2 101 1 3284 5213 3282
10157 2 2 101 1 5038 5569 3141
10158 2 2 101 1 4096 5312 4095
10159 2 2 101 1 3699 5161 3700
10160 2 2 101 1 614 5052 617
10161 2 2 101 1 2533 5095 5057
10162 2 2 101 1 2987 5096 2986
10163 2 2 101 1 4200 5186 2898
10164 2 2 101 1 4589 5516 3526
10165 2 2 101 1 4255 5499 3134
10166 2 2 101 1 2023 5071 2022
10167 2 2 101 1 3182 5078 5046
10168 2 2 101 1 4074 5294 4988
10169 2 2 101 1 4287 5229 4219
10170 2 2 101 1 3219 5295 4659
10171 2 2 101 1 438 5070 79
10172 2 2 101 1 2082 5085 2084
10173 2 2 101 1 1456 5078 1606
10174 2 2 101 1 4592 5054 2789
10175 2 2 101 1 5097 5120 1175
10176 2 2 101 1 2051 5303 4597
10177 2 2 101 1 4533 5010 4307
10178 2 2 101 1 897 5074 895
10179 2 2 101 1 2364 5038 2363
10180 2 2 101 1 2461 5123 2509
10181 2 2 101 1 3427 5450 4969
10182 2 2 101 1 3258 5393 5254
10183 2 2 101 1 661 5114 658
10184 2 2 101 1 4523 5032 1539
10185 2 2 101 1 1850 5443 4645
10186 2 2 101 1 2896 5060 2478
10187 2 2 101 1 4954 5323 2369
10188 2 2 101 1 3551 5602 2248
10189 2 2 101 1 4290 5058 4999
10190 2 2 101 1 4277 5587 5113
10191 2 2 101 1 3528 5094 2879
10192 2 2 101 1 4236 5041 496
10193 2 2 101 1 4558 5117 2594
10194 2 2 101 1 613 5373 3833
10195 2 2 101 1 451 5277 4973
10196 2 2 101 1 2523 5340 5037
10197 2 2 101 1 1693 5501 1803
10198 2 2 101 1 4878 5507 3402
10199 2 2 101 1 4202 5078 3182
10200 2 2 101 1 3135 5602 3133
10201 2 2 101 1 4423 5324 3225
10202 2 2 101 1 3225 5298 4838
10203 2 2 101 1 896 5059 898
10204 2 2 101 1 181 5108 180
10205 2 2 101 1 3271 5170 5129
10206 2 2 101 1 2118 5197 5115
10207 2 2 101 1 4702 5522 3709
10208 2 2 101 1 4081 5164 2450
10209 2 2 101 1 1175 5120 834
10210 2 2 101 1 1508 5515 2183
10211 2 2 101 1 2878 5066 3528
10212 2 2 101 1 3764 5419 1389
10213 2 2 101 1 5236 5263 3521
10214 2 2 101 1 4968 5119 2606
10215 2 2 101 1 4468 5072 3171
10216 2 2 101 1 3871 5444 1037
10217 2 2 101 1 3765 5289 801
10218 2 2 101 1 517 5204 4390
10219 2 2 101 1 4553 5608 3697
10220 2 2 101 1 5415 5444 3871
10221 2 2 101 1 2861 5091 2859
10222 2 2 101 1 1222 5102 4260
10223 2 2 101 1 42 5507 4878
10224 2 2 101 1 4810 5514 522
10225 2 2 101 1 3219 5453 5295
10226 2 2 101 1 4582 5596 1748
10227 2 2 101 1 5326 5356 3221
10228 2 2 101 1 470 5462 4268
10229 2 2 101 1 898 5059 4976
10230 2 2 101 1 1667 5058 4290
10231 2 2 101 1 4659 5295 4000
10232 2 2 101 1 4275 5244 1607
10233 2 2 101 1 4768 5541 3955
10234 2 2 101 1 5310 5595 3037
10235 2 2 101 1 4934 5254 2645
10236 2 2 101 1 5026 5241 2821
10237 2 2 101 1 2835 5517 4867
10238 2 2 101 1 3170 5563 4593
10239 2 2 101 1 3715 5364 3714
10240 2 2 101 1 3522 5236 3521
10241 2 2 101 1 1607 5329 4282
10242 2 2 101 1 411 5090 410
10243 2 2 101 1 156 5068 466
10244 2 2 101 1 3165 5306 3108
10245 2 2 101 1 2917 5073 2915
10246 2 2 101 1 4986 5086 2999
10247 2 2 101 1 4006 5503 4007
10248 2 2 101 1 2992 5315 3788
10249 2 2 101 1 611 5075 614
10250 2 2 101 1 4383 5304 5197
10251 2 2 101 1 5346 5471 3048
10252 2 2 101 1 2299 3240 3
10253 2 2 101 1 569 5590 4343
10254 2 2 101 1 2565 5633 5155
10255 2 2 101 1 1564 5549 4564
10256 2 2 101 1 2799 5064 2325
10257 2 2 101 1 4626 5005 3273
10258 2 2 101 1 2423 5359 2977
10259 2 2 101 1 4140 5347 2016
10260 2 2 101 1 2989 5315 2992
10261 2 2 101 1 521 5637 3570
10262 2 2 101 1 4607 5346 3048
10263 2 2 101 1 941 5081 943
10264 2 2 101 1 4907 5575 3241
10265 2 2 101 1 4450 5373 613
10266 2 2 101 1 3163 5271 2520
10267 2 2 101 1 3986 5454 3441
10268 2 2 101 1 4568 5345 4116
10269 2 2 101 1 163 5104 162
10270 2 2 101 1 312 5101 311
10271 2 2 101 1 614 5075 5052
10272 2 2 101 1 5412 5588 910
10273 2 2 101 1 3997 5380 1309
10274 2 2 101 1 4645 5443 4036
10275 2 2 101 1 2106 5082 2322
10276 2 2 101 1 4923 5513 855
10277 2 2 101 1 4991 5093 3334
10278 2 2 101 1 5184 5499 4340
10279 2 2 101 1 5140 5622 437
10280 2 2 101 1 3156 5572 3269
10281 2 2 101 1 1786 5201 1785
10282 2 2 101 1 5149 5166 1209
10283 2 2 101 1 3192 5427 3755
10284 2 2 101 1 4725 5549 1564
10285 2 2 101 1 1248 5107 1250
10286 2 2 101 1 103 5106 102
10287 2 2 101 1 3335 5448 5107
10288 2 2 101 1 3570 5637 3053
10289 2 2 101 1 4149 5115 4148
10290 2 2 101 1 3173 5119 4968
10291 2 2 101 1 3056 5092 2916
10292 2 2 101 1 3270 5302 5170
10293 2 2 101 1 568 5499 4255
10294 2 2 101 1 4047 5482 477
10295 2 2 101 1 5350 5543 4021
10296 2 2 101 1 1599 5151 1597
10297 2 2 101 1 3754 5633 2616
10298 2 2 101 1 3642 5569 2364
10299 2 2 101 1 1150 5147 1147
10300 2 2 101 1 4719 5017 433
10301 2 2 101 1 3882 5578 5080
10302 2 2 101 1 3025 5146 4500
10303 2 2 101 1 483 5581 5384
10304 2 2 101 1 2254 5457 3261
10305 2 2 101 1 4086 5142 4085
10306 2 2 101 1 4765 5452 514
10307 2 2 101 1 4002 5169 4003
10308 2 2 101 1 4227 5331 532
10309 2 2 101 1 3158 5548 5118
10310 2 2 101 1 3270 5170 3271
10311 2 2 101 1 5098 5147 1150
10312 2 2 101 1 4224 5527 585
10313 2 2 101 1 1532 5144 1258
10314 2 2 101 1 3684 5617 3631
10315 2 2 101 1 3286 5224 3297
10316 2 2 101 1 2842 5137 2251
10317 2 2 101 1 3673 5467 3674
10318 2 2 101 1 5367 5478 2293
10319 2 2 101 1 3700 5167 3703
10320 2 2 101 1 579 5084 69
10321 2 2 101 1 3084 5110 1299
10322 2 2 101 1 4212 5130 497
10323 2 2 101 1 4952 4990 2793
10324 2 2 101 1 2876 5098 2878
10325 2 2 101 1 2964 5113 3988
10326 2 2 101 1 1689 5379 4571
10327 2 2 101 1 4092 5539 503
10328 2 2 101 1 4084 5149 1209
10329 2 2 101 1 4850 5563 4309
10330 2 2 101 1 5018 5538 557
10331 2 2 101 1 3820 5133 2718
10332 2 2 101 1 3120 5490 3612
10333 2 2 101 1 438 5506 5205
10334 2 2 101 1 2812 5413 5028
10335 2 2 101 1 4783 5179 3867
10336 2 2 101 1 5244 5329 1607
10337 2 2 101 1 3053 5316 3570
10338 2 2 101 1 3048 5471 3220
10339 2 2 101 1 2394 5056 4610
10340 2 2 101 1 3556 5189 2942
10341 2 2 101 1 3837 5565 3836
10342 2 2 101 1 5211 5214 2976
10343 2 2 101 1 3260 5100 2680
10344 2 2 101 1 2933 5514 4810
10345 2 2 101 1 3053 5637 4809
10346 2 2 101 1 3237 5416 1328
10347 2 2 101 1 3174 5210 5119
10348 2 2 101 1 2878 5098 5066
10349 2 2 101 1 2958 5587 4277
10350 2 2 101 1 35 5132 34
10351 2 2 101 1 2248 5354 3794
10352 2 2 101 1 3859 5445 1081
10353 2 2 101 1 4007 5175 3935
10354 2 2 101 1 37 5477 4933
10355 2 2 101 1 2967 5077 2965
10356 2 2 101 1 3753 5589 3387
10357 2 2 101 1 4993 5288 3353
10358 2 2 101 1 3031 5086 4629
10359 2 2 101 1 2388 5302 2329
10360 2 2 101 1 4783 5545 2367
10361 2 2 101 1 5089 5279 3241
10362 2 2 101 1 3521 5263 3523
10363 2 2 101 1 4712 5044 4948
10364 2 2 101 1 3318 5079 3315
10365 2 2 101 1 3743 5608 2618
10366 2 2 101 1 2999 5086 3031
10367 2 2 101 1 292 5136 291
10368 2 2 101 1 1266 5105 1268
10369 2 2 101 1 2418 5109 2419
10370 2 2 101 1 4094 5517 4096
10371 2 2 101 1 1651 5116 1649
10372 2 2 101 1 5169 5580 2128
10373 2 2 101 1 5042 5202 3011
10374 2 2 101 1 3108 5306 5135
10375 2 2 101 1 3062 5273 5162
10376 2 2 101 1 4675 5229 4287
10377 2 2 101 1 3292 5243 3290
10378 2 2 101 1 217 5140 216
10379 2 2 101 1 2175 5220 4102
10380 2 2 101 1 2837 4960 4685
10381 2 2 101 1 2673 5557 4506
10382 2 2 101 1 2812 5076 4302
10383 2 2 101 1 4987 5069 3816
10384 2 2 101 1 3046 5155 3754
10385 2 2 101 1 4545 5429 629
10386 2 2 101 1 5082 5185 2322
10387 2 2 101 1 3334 5093 3330
10388 2 2 101 1 3684 4977 4976
10389 2 2 101 1 3970 5378 3971
10390 2 2 101 1 3015 5391 3014
10391 2 2 101 1 77 5321 520
10392 2 2 101 1 4940 5607 2763
10393 2 2 101 1 505 5621 4038
10394 2 2 101 1 4278 5130 2947
10395 2 2 101 1 1209 5166 1210
10396 2 2 101 1 3991 5376 544
10397 2 2 101 1 4771 5195 3611
10398 2 2 101 1 2976 5265 5211
10399 2 2 101 1 4112 5420 4111
10400 2 2 101 1 3073 5511 4947
10401 2 2 101 1 2296 5211 2504
10402 2 2 101 1 3096 4998 4916
10403 2 2 101 1 2928 5182 3268
10404 2 2 101 1 4581 5611 2618
10405 2 2 101 1 4621 5049 1590
10406 2 2 101 1 3164 5573 3868
10407 2 2 101 1 5224 5264 447
10408 2 2 101 1 187 5574 915
10409 2 2 101 1 3633 5088 3385
10410 2 2 101 1 393 5200 489
10411 2 2 101 1 3987 5239 3986
10412 2 2 101 1 3062 5162 3012
10413 2 2 101 1 4928 5282 4129
10414 2 2 101 1 941 5128 5081
10415 2 2 101 1 4955 4986 3060
10416 2 2 101 1 939 5128 941
10417 2 2 101 1 3328 5435 3326
10418 2 2 101 1 5260 5392 4389
10419 2 2 101 1 2575 5203 2576
10420 2 2 101 1 1213 5190 1215
10421 2 2 101 1 452 5297 3976
10422 2 2 101 1 4880 5099 1628
10423 2 2 101 1 261 5154 260
10424 2 2 101 1 352 5156 351
10425 2 2 101 1 3777 5442 2930
10426 2 2 101 1 133 5157 132
10427 2 2 101 1 2825 5044 4712
10428 2 2 101 1 2398 5112 2399
10429 2 2 101 1 2829 5050 4750
10430 2 2 101 1 3069 5276 5029
10431 2 2 101 1 5311 5382 3209
10432 2 2 101 1 2605 5406 2902
10433 2 2 101 1 145 5160 144
10434 2 2 101 1 3242 5609 3594
10435 2 2 101 1 2444 5148 4158
10436 2 2 101 1 563 4789 4238
10437 2 2 101 1 63 5163 62
10438 2 2 101 1 4610 5056 3035
10439 2 2 101 1 3077 5511 3073
10440 2 2 101 1 1454 5134 1455
10441 2 2 101 1 4319 5139 4190
10442 2 2 101 1 3338 5138 4317
10443 2 2 101 1 4232 5165 4231
10444 2 2 101 1 5347 5474 3306
10445 2 2 101 1 3907 5269 549
10446 2 2 101 1 455 5193 3980
10447 2 2 101 1 3273 5103 3272
10448 2 2 101 1 315 5165 314
10449 2 2 101 1 3191 5183 3190
10450 2 2 101 1 1778 5270 1776
10451 2 2 101 1 3175 5504 4069
10452 2 2 101 1 1312 5196 1285
10453 2 2 101 1 3455 5402 5020
10454 2 2 101 1 4811 5417 3088
10455 2 2 101 1 3218 5380 5280
10456 2 2 101 1 336 5343 335
10457 2 2 101 1 3357 5099 2867
10458 2 2 101 1 3344 5125 3169
10459 2 2 101 1 4888 5092 1798
10460 2 2 101 1 4251 5491 4935
10461 2 2 101 1 4516 5482 4047
10462 2 2 101 1 4037 5423 4688
10463 2 2 101 1 408 5176 407
10464 2 2 101 1 4974 5523 3864
10465 2 2 101 1 3360 5468 3359
10466 2 2 101 1 312 5296 5101
10467 2 2 101 1 541 5521 3944
10468 2 2 101 1 4382 5606 3427
10469 2 2 101 1 3165 5398 5306
10470 2 2 101 1 2504 5218 3202
10471 2 2 101 1 2945 5310 5234
10472 2 2 101 1 4976 5059 3684
10473 2 2 101 1 2945 5234 3958
10474 2 2 101 1 2988 5205 3897
10475 2 2 101 1 2346 5304 4383
10476 2 2 101 1 2894 5141 2472
10477 2 2 101 1 2927 5143 2484
10478 2 2 101 1 607 5158 609
10479 2 2 101 1 2606 5119 4480
10480 2 2 101 1 5170 5302 2388
10481 2 2 101 1 4106 5225 1880
10482 2 2 101 1 1910 5473 3887
10483 2 2 101 1 3535 5366 3533
10484 2 2 101 1 4377 5503 4006
10485 2 2 101 1 4069 5504 2863
10486 2 2 101 1 449 5626 4908
10487 2 2 101 1 3173 5261 914
10488 2 2 101 1 5029 5276 2009
10489 2 2 101 1 3065 5172 3066
10490 2 2 101 1 5444 5476 1037
10491 2 2 101 1 4868 5328 3167
10492 2 2 101 1 4030 5309 4029
10493 2 2 101 1 3230 5562 2843
10494 2 2 101 1 5020 5402 4075
10495 2 2 101 1 2929 5464 3680
10496 2 2 101 1 4935 5451 4250
10497 2 2 101 1 4861 5180 3457
10498 2 2 101 1 4342 5462 470
10499 2 2 101 1 1473 5127 4491
10500 2 2 101 1 3253 5244 5159
10501 2 2 101 1 5248 5251 2798
10502 2 2 101 1 1103 5083 4621
10503 2 2 101 1 3152 5177 3490
10504 2 2 101 1 287 5279 476
10505 2 2 101 1 4905 5470 3306
10506 2 2 101 1 4833 5600 4211
10507 2 2 101 1 4560 5126 2984
10508 2 2 101 1 1052 5561 3685
10509 2 2 101 1 4757 5630 571
10510 2 2 101 1 2030 5407 3916
10511 2 2 101 1 2177 5152 2174
10512 2 2 101 1 5266 5419 3764
10513 2 2 101 1 3250 5333 4906
10514 2 2 101 1 92 5199 91
10515 2 2 101 1 2030 5475 5407
10516 2 2 101 1 5380 5469 1309
10517 2 2 101 1 2874 5124 2890
10518 2 2 101 1 5379 5503 2674
10519 2 2 101 1 3535 5570 5366
10520 2 2 101 1 3566 5017 4719
10521 2 2 101 1 4239 5374 4237
10522 2 2 101 1 4622 5511 3077
10523 2 2 101 1 4872 5129 3567
10524 2 2 101 1 1389 5550 3829
10525 2 2 101 1 3557 5401 2895
10526 2 2 101 1 3536 5242 3537
10527 2 2 101 1 4917 5089 4746
10528 2 2 101 1 3821 5458 3047
10529 2 2 101 1 3758 5498 3251
10530 2 2 101 1 4933 5477 3591
10531 2 2 101 1 4158 5255 2736
10532 2 2 101 1 3440 5585 3439
10533 2 2 101 1 3481 5233 3009
10534 2 2 101 1 4380 5168 5022
10535 2 2 101 1 4338 5624 3200
10536 2 2 101 1 5115 5197 4148
10537 2 2 101 1 2690 5198 3555
10538 2 2 101 1 3945 5274 485
10539 2 2 101 1 1656 5181 1652
10540 2 2 101 1 5251 5286 3091
10541 2 2 101 1 3043 5285 3300
10542 2 2 101 1 2322 5185 2776
10543 2 2 101 1 3719 5595 3087
10544 2 2 101 1 4948 5044 515
10545 2 2 101 1 4890 5308 3332
10546 2 2 101 1 4148 5197 2896
10547 2 2 101 1 4262 5327 3238
10548 2 2 101 1 1365 5135 4651
10549 2 2 101 1 2977 5341 3234
10550 2 2 101 1 1103 5145 5083
10551 2 2 101 1 3100 5221 3102
10552 2 2 101 1 5065 5399 571
10553 2 2 101 1 2908 5355 3823
10554 2 2 101 1 4684 5587 2958
10555 2 2 101 1 3948 5640 2162
10556 2 2 101 1 4007 5503 5379
10557 2 2 101 1 4798 5062 3298
10558 2 2 101 1 515 5344 395
10559 2 2 101 1 1141 5348 1139
10560 2 2 101 1 4601 5278 4865
10561 2 2 101 1 4738 5214 2889
10562 2 2 101 1 5351 5597 4858
10563 2 2 101 1 2262 5174 2345
10564 2 2 101 1 3594 5609 4715
10565 2 2 101 1 828 5338 190
10566 2 2 101 1 2324 5248 2798
10567 2 2 101 1 3105 5613 5476
10568 2 2 101 1 4241 5228 558
10569 2 2 101 1 3254 5456 5102
10570 2 2 101 1 496 5041 4902
10571 2 2 101 1 121 5357 5067
10572 2 2 101 1 3199 5330 3371
10573 2 2 101 1 400 5238 399
10574 2 2 101 1 2798 5251 3091
10575 2 2 101 1 3011 5202 3013
10576 2 2 101 1 1899 5326 4423
10577 2 2 101 1 610 5314 608
10578 2 2 101 1 3256 5429 4545
10579 2 2 101 1 4929 5467 3002
10580 2 2 101 1 4340 5499 568
10581 2 2 101 1 3252 5244 3253
10582 2 2 101 1 130 5232 129
10583 2 2 101 1 3023 5229 4675
10584 2 2 101 1 3349 5475 3351
10585 2 2 101 1 495 5307 405
10586 2 2 101 1 481 5548 3947
10587 2 2 101 1 5250 5573 3680
10588 2 2 101 1 3447 5553 4018
10589 2 2 101 1 359 5249 358
10590 2 2 101 1 1120 5111 4606
10591 2 2 101 1 1719 5425 1718
10592 2 2 101 1 5176 5555 3210
10593 2 2 101 1 2166 5563 4850
10594 2 2 101 1 64 5240 63
10595 2 2 101 1 552 5599 3979
10596 2 2 101 1 3412 5447 2753
10597 2 2 101 1 520 5212 4312
10598 2 2 101 1 3506 5375 3296
10599 2 2 101 1 2917 5173 5073
10600 2 2 101 1 3994 5339 3411
10601 2 2 101 1 3941 5424 3068
10602 2 2 101 1 22 5247 21
10603 2 2 101 1 3331 5525 3329
10604 2 2 101 1 167 5635 603
10605 2 2 101 1 296 5258 295
10606 2 2 101 1 1740 5267 2097
10607 2 2 101 1 1511 5298 2411
10608 2 2 101 1 1386 5168 4380
10609 2 2 101 1 512 5368 3884
10610 2 2 101 1 3670 5432 3669
10611 2 2 101 1 3064 5187 2775
10612 2 2 101 1 4746 5089 2862
10613 2 2 101 1 5405 5547 3280
10614 2 2 101 1 3155 5291 3153
10615 2 2 101 1 4116 5188 3143
10616 2 2 101 1 5025 5450 2672
10617 2 2 101 1 732 5334 4721
10618 2 2 101 1 4205 5277 451
10619 2 2 101 1 576 5525 5357
10620 2 2 101 1 3258 5254 4934
10621 2 2 101 1 4848 5559 2023
10622 2 2 101 1 4432 5254 1502
10623 2 2 101 1 501 5466 4835
10624 2 2 101 1 4152 5475 2030
10625 2 2 101 1 5185 5311 2776
10626 2 2 101 1 5197 5304 2896
10627 2 2 101 1 5148 5255 4158
10628 2 2 101 1 4075 5402 553
10629 2 2 101 1 1969 5093 4991
10630 2 2 101 1 3221 5356 3223
10631 2 2 101 1 3087 5310 2945
10632 2 2 101 1 5372 5520 3117
10633 2 2 101 1 1715 5459 1714
10634 2 2 101 1 5267 5335 2097
10635 2 2 101 1 4858 5597 3247
10636 2 2 101 1 3870 5415 3871
10637 2 2 101 1 5324 5326 2918
10638 2 2 101 1 3957 5431 2538
10639 2 2 101 1 3091 5286 3093
10640 2 2 101 1 4379 5204 3410
10641 2 2 101 1 4895 5612 1971
10642 2 2 101 1 1163 5461 5262
10643 2 2 101 1 3188 5227 3189
10644 2 2 101 1 4566 5179 1510
10645 2 2 101 1 1322 5541 4270
10646 2 2 101 1 4258 5239 2622
10647 2 2 101 1 63 5240 5163
10648 2 2 101 1 3870 5531 5415
10649 2 2 101 1 3894 5483 2492
10650 2 2 101 1 3338 5527 5138
10651 2 2 101 1 1386 5223 5168
10652 2 2 101 1 4029 5411 4026
10653 2 2 101 1 1711 5512 1710
10654 2 2 101 1 1233 5516 1310
10655 2 2 101 1 1299 5110 4698
10656 2 2 101 1 3247 5597 4992
10657 2 2 101 1 3152 5365 5177
10658 2 2 101 1 1309 5469 4078
10659 2 2 101 1 1567 5333 2423
10660 2 2 101 1 5419 5550 1389
10661 2 2 101 1 4025 5430 4024
10662 2 2 101 1 68 5268 67
10663 2 2 101 1 5112 5235 2399
10664 2 2 101 1 3956 5455 2536
10665 2 2 101 1 3911 5559 3070
10666 2 2 101 1 2745 5230 2368
10667 2 2 101 1 1054 5496 893
10668 2 2 101 1 4756 5394 317
10669 2 2 101 1 432 5395 4759
10670 2 2 101 1 5291 5365 3153
10671 2 2 101 1 4705 5560 3251
10672 2 2 101 1 3063 5272 3062
10673 2 2 101 1 5298 5324 2411
10674 2 2 101 1 4036 5443 4034
10675 2 2 101 1 3537 5570 3535
10676 2 2 101 1 2329 5529 1816
10677 2 2 101 1 4571 5379 2674
10678 2 2 101 1 530 5300 4228
10679 2 2 101 1 3646 5568 3645
10680 2 2 101 1 313 5296 312
10681 2 2 101 1 3448 5577 3447
10682 2 2 101 1 832 5461 830
10683 2 2 101 1 3303 5392 3304
10684 2 2 101 1 3394 5167 5161
10685 2 2 101 1 2120 5594 4807
10686 2 2 101 1 2344 5208 2985
10687 2 2 101 1 5572 5629 3269
10688 2 2 101 1 147 5293 146
10689 2 2 101 1 3424 5215 3092
10690 2 2 101 1 4508 5195 2326
10691 2 2 101 1 4400 5216 3995
10692 2 2 101 1 5254 5393 1502
10693 2 2 101 1 1163 5437 3917
10694 2 2 101 1 4096 5517 4586
10695 2 2 101 1 476 5089 4917
10696 2 2 101 1 2889 5220 3172
10697 2 2 101 1 4863 5067 3331
10698 2 2 101 1 2411 5324 2918
10699 2 2 101 1 3394 5161 4574
10700 2 2 101 1 3249 5526 4689
10701 2 2 101 1 3666 5191 3291
10702 2 2 101 1 4603 5145 1103
10703 2 2 101 1 4487 5193 3118
10704 2 2 101 1 2918 5326 3221
10705 2 2 101 1 4367 5316 3053
10706 2 2 101 1 5135 5306 4651
10707 2 2 101 1 3253 5159 4639
10708 2 2 101 1 4628 5555 513
10709 2 2 101 1 3234 5362 3236
10710 2 2 101 1 3014 5391 4887
10711 2 2 101 1 3447 5577 5553
10712 2 2 101 1 3879 5434 3877
10713 2 2 101 1 4041 5562 508
10714 2 2 101 1 4621 5083 5049
10715 2 2 101 1 1037 5476 3959
10716 2 2 101 1 2677 5241 3030
10717 2 2 101 1 1538 5422 1536
10718 2 2 101 1 2400 5282 2623
10719 2 2 101 1 4042 5636 4043
10720 2 2 101 1 2009 5276 3464
10721 2 2 101 1 2097 5335 2448
10722 2 2 101 1 2743 5237 3055
10723 2 2 101 1 4126 5481 453
10724 2 2 101 1 994 5471 3701
10725 2 2 101 1 3439 5389 2479
10726 2 2 101 1 2970 5262 3416
10727 2 2 101 1 40 5313 39
10728 2 2 101 1 3544 5582 3543
10729 2 2 101 1 3252 5329 5244
10730 2 2 101 1 1660 5281 1658
10731 2 2 101 1 4000 5295 2052
10732 2 2 101 1 2973 5275 2971
10733 2 2 101 1 3788 5497 3787
10734 2 2 101 1 998 5409 993
10735 2 2 101 1 3200 5624 3201
10736 2 2 101 1 212 5332 211
10737 2 2 101 1 2492 5436 3147
10738 2 2 101 1 1717 5222 1720
10739 2 2 101 1 654 5439 653
10740 2 2 101 1 1825 5250 1824
10741 2 2 101 1 5067 5357 3331
10742 2 2 101 1 2538 5360 4015
10743 2 2 101 1 4161 5410 4162
10744 2 2 101 1 3334 5231 4991
10745 2 2 101 1 4950 5043 2395
10746 2 2 101 1 492 5486 4112
10747 2 2 101 1 3139 5472 3137
10748 2 2 101 1 2895 5301 4147
10749 2 2 101 1 4817 5592 5334
10750 2 2 101 1 4661 5552 4674
10751 2 2 101 1 4513 5209 4366
10752 2 2 101 1 1048 5531 3870
10753 2 2 101 1 4197 5610 5418
10754 2 2 101 1 3153 5365 3152
10755 2 2 101 1 3828 5536 2582
10756 2 2 101 1 3200 5627 4338
10757 2 2 101 1 4512 5223 1386
10758 2 2 101 1 1699 5317 2087
10759 2 2 101 1 620 5484 2795
10760 2 2 101 1 5040 5590 569
10761 2 2 101 1 2776 5311 3209
10762 2 2 101 1 3326 5435 3367
10763 2 2 101 1 4807 5594 3517
10764 2 2 101 1 3057 5387 3059
10765 2 2 101 1 19 5342 18
10766 2 2 101 1 4935 5491 525
10767 2 2 101 1 3240 5584 170
10768 2 2 101 1 4720 5173 2917
10769 2 2 101 1 2536 5397 4004
10770 2 2 101 1 3560 5619 3561
10771 2 2 101 1 240 5566 505
10772 2 2 101 1 2038 5294 4399
10773 2 2 101 1 487 5578 3882
10774 2 2 101 1 2538 5431 5360
10775 2 2 101 1 3709 5522 3789
10776 2 2 101 1 53 5352 52
10777 2 2 101 1 3143 5188 5147
10778 2 2 101 1 3524 5256 4589
10779 2 2 101 1 4144 5545 2790
10780 2 2 101 1 2162 5640 2159
10781 2 2 101 1 3007 5330 3429
10782 2 2 101 1 5141 5207 3226
10783 2 2 101 1 970 5470 968
10784 2 2 101 1 1081 5292 1082
10785 2 2 101 1 4402 5358 523
10786 2 2 101 1 2788 5463 3350
10787 2 2 101 1 4021 5543 4020
10788 2 2 101 1 4269 5540 850
10789 2 2 101 1 1333 5542 3706
10790 2 2 101 1 544 5376 4435
10791 2 2 101 1 122 5357 121
10792 2 2 101 1 5068 5564 466
10793 2 2 101 1 2195 5305 2762
10794 2 2 101 1 4480 5210 2027
10795 2 2 101 1 3667 5453 3022
10796 2 2 101 1 585 5408 375
10797 2 2 101 1 3147 5616 3758
10798 2 2 101 1 348 5502 494
10799 2 2 101 1 3319 5259 3318
10800 2 2 101 1 3254 5329 3252
10801 2 2 101 1 1186 5319 1184
10802 2 2 101 1 2536 5455 5397
10803 2 2 101 1 2492 5483 5436
10804 2 2 101 1 2197 5556 5256
10805 2 2 101 1 305 5400 304
10806 2 2 101 1 258 5394 584
10807 2 2 101 1 587 5395 259
10808 2 2 101 1 586 5396 201
10809 2 2 101 1 4908 5626 3476
10810 2 2 101 1 4412 5219 443
10811 2 2 101 1 3040 5290 4958
10812 2 2 101 1 4211 5440 556
10813 2 2 101 1 3401 5508 3400
10814 2 2 101 1 2349 5464 4876
10815 2 2 101 1 3861 5607 5053
10816 2 2 101 1 4516 5325 2752
10817 2 2 101 1 1892 5403 5320
10818 2 2 101 1 3396 5192 1345
10819 2 2 101 1 2613 5322 1956
10820 2 2 101 1 490 5631 353
10821 2 2 101 1 3024 5336 3026
10822 2 2 101 1 3218 5280 2969
10823 2 2 101 1 2674 5503 4377
10824 2 2 101 1 5063 5233 434
10825 2 2 101 1 5049 5083 3626
10826 2 2 101 1 3466 5630 4757
10827 2 2 101 1 5161 5167 3700
10828 2 2 101 1 5137 5266 3814
10829 2 2 101 1 3019 5591 3519
10830 2 2 101 1 503 5575 4907
10831 2 2 101 1 4010 5495 2517
10832 2 2 101 1 2781 5363 3168
10833 2 2 101 1 4521 5419 2842
10834 2 2 101 1 3971 5378 4718
10835 2 2 101 1 907 5588 905
10836 2 2 101 1 2842 5419 5266
10837 2 2 101 1 3059 5596 4189
10838 2 2 101 1 561 5426 82
10839 2 2 101 1 2370 5323 2897
10840 2 2 101 1 3555 5536 3556
10841 2 2 101 1 577 5308 112
10842 2 2 101 1 3818 5520 3819
10843 2 2 101 1 2813 5465 2247
10844 2 2 101 1 2204 5318 2206
10845 2 2 101 1 5252 5346 2429
10846 2 2 101 1 5065 5630 3782
10847 2 2 101 1 2836 5350 2260
10848 2 2 101 1 566 5568 5023
10849 2 2 101 1 1915 5362 5341
10850 2 2 101 1 4721 5334 3492
10851 2 2 101 1 4574 5252 2429
10852 2 2 101 1 4812 5443 1850
10853 2 2 101 1 447 5264 4408
10854 2 2 101 1 5306 5398 2997
10855 2 2 101 1 1748 5515 1508
10856 2 2 101 1 4927 5636 4042
10857 2 2 101 1 2250 5388 2589
10858 2 2 101 1 5239 5454 3986
10859 2 2 101 1 528 5479 4196
10860 2 2 101 1 4418 5371 3484
10861 2 2 101 1 2890 5124 5121
10862 2 2 101 1 5129 5212 3825
10863 2 2 101 1 905 5579 903
10864 2 2 101 1 1865 5309 4731
10865 2 2 101 1 3167 5328 3948
10866 2 2 101 1 575 5624 4338
10867 2 2 101 1 2292 5367 2293
10868 2 2 101 1 4435 5376 3103
10869 2 2 101 1 499 5494 4207
10870 2 2 101 1 2582 5623 2088
10871 2 2 101 1 1771 5337 1773
10872 2 2 101 1 4189 5596 4582
10873 2 2 101 1 3594 5487 4870
10874 2 2 101 1 3304 5260 5111
10875 2 2 101 1 3261 5389 2946
10876 2 2 101 1 3272 5302 3270
10877 2 2 101 1 4014 5323 4954
10878 2 2 101 1 3701 5471 5346
10879 2 2 101 1 170 5584 604
10880 2 2 101 1 2697 5438 4496
10881 2 2 101 1 3097 5578 4681
10882 2 2 101 1 388 5493 387
10883 2 2 101 1 2443 5558 3818
10884 2 2 101 1 5217 5510 3943
10885 2 2 101 1 3943 5510 2761
10886 2 2 101 1 2853 5278 4601
10887 2 2 101 1 5363 5478 3168
10888 2 2 101 1 3699 5252 5161
10889 2 2 101 1 2101 5570 4661
10890 2 2 101 1 1186 5460 5319
10891 2 2 101 1 3296 5375 4728
10892 2 2 101 1 1892 5320 4512
10893 2 2 101 1 2227 5361 2673
10894 2 2 101 1 4606 5260 4552
10895 2 2 101 1 1130 5454 4258
10896 2 2 101 1 3072 5620 4862
10897 2 2 101 1 2869 5118 4925
10898 2 2 101 1 3115 5372 3117
10899 2 2 101 1 4258 5454 5239
10900 2 2 101 1 4844 5167 3394
10901 2 2 101 1 1915 5341 4426
10902 2 2 101 1 2961 5466 3376
10903 2 2 101 1 3194 5429 3256
10904 2 2 101 1 5341 5362 3234
10905 2 2 101 1 4589 5556 1759
10906 2 2 101 1 1502 5393 4206
10907 2 2 101 1 5035 5502 3633
10908 2 2 101 1 571 5399 158
10909 2 2 101 1 3475 5626 4806
10910 2 2 101 1 4836 5184 465
10911 2 2 101 1 3664 5524 3662
10912 2 2 101 1 3133 5602 3551
10913 2 2 101 1 4293 5374 2381
10914 2 2 101 1 1695 5501 1693
10915 2 2 101 1 1748 5596 5387
10916 2 2 101 1 3358 5448 3016
10917 2 2 101 1 4347 5369 565
10918 2 2 101 1 38 5477 37
10919 2 2 101 1 5460 5524 3664
10920 2 2 101 1 4425 5356 1899
10921 2 2 101 1 4233 5587 4684
10922 2 2 101 1 2764 5639 3243
10923 2 2 101 1 3318 5259 5201
10924 2 2 101 1 4426 5359 3250
10925 2 2 101 1 2044 5594 2120
10926 2 2 101 1 4424 5362 1915
10927 2 2 101 1 2976 5214 4738
10928 2 2 101 1 4673 5377 469
10929 2 2 101 1 3719 5416 2920
10930 2 2 101 1 3206 5518 3205
10931 2 2 101 1 1908 5288 4993
10932 2 2 101 1 3265 5401 2143
10933 2 2 101 1 488 5343 5246
10934 2 2 101 1 253 5567 516
10935 2 2 101 1 81 5506 80
10936 2 2 101 1 2905 5457 3197
10937 2 2 101 1 2882 5218 4736
10938 2 2 101 1 5161 5252 4574
10939 2 2 101 1 2997 5398 3336
10940 2 2 101 1 3429 5605 3006
10941 2 2 101 1 3489 5344 5044
10942 2 2 101 1 3172 5413 2699
10943 2 2 101 1 1188 5460 1186
10944 2 2 101 1 2197 5263 4650
10945 2 2 101 1 361 5615 360
10946 2 2 101 1 2865 5338 4824
10947 2 2 101 1 2672 5606 2050
10948 2 2 101 1 4076 5553 3104
10949 2 2 101 1 3818 5558 5520
10950 2 2 101 1 2595 5534 4422
10951 2 2 101 1 371 5551 370
10952 2 2 101 1 1805 5446 1807
10953 2 2 101 1 4428 5402 3455
10954 2 2 101 1 3047 5458 3610
10955 2 2 101 1 2977 5359 5341
10956 2 2 101 1 5111 5260 4606
10957 2 2 101 1 43 5507 42
10958 2 2 101 1 525 5491 4937
10959 2 2 101 1 3168 5478 3233
10960 2 2 101 1 4774 5216 4400
10961 2 2 101 1 3193 5390 2885
10962 2 2 101 1 3274 5452 3275
10963 2 2 101 1 5336 5492 3026
10964 2 2 101 1 3150 5480 3148
10965 2 2 101 1 4736 5265 2975
10966 2 2 101 1 2429 5346 4607
10967 2 2 101 1 3089 5345 4568
10968 2 2 101 1 3546 5527 3338
10969 2 2 101 1 3548 5625 4890
10970 2 2 101 1 4964 5522 2223
10971 2 2 101 1 3186 5600 4368
10972 2 2 101 1 3802 5532 3803
10973 2 2 101 1 3251 5560 1391
10974 2 2 101 1 3323 5386 3321
10975 2 2 101 1 4422 5497 2809
10976 2 2 101 1 2668 5456 4437
10977 2 2 101 1 3704 5414 4365
10978 2 2 101 1 3067 5581 4446
10979 2 2 101 1 5222 5441 1720
10980 2 2 101 1 2482 5418 3265
10981 2 2 101 1 3116 5473 3409
10982 2 2 101 1 2762 5373 4450
10983 2 2 101 1 2295 5428 2880
10984 2 2 101 1 4778 5288 1908
10985 2 2 101 1 2399 5353 4546
10986 2 2 101 1 4931 5408 585
10987 2 2 101 1 3249 5449 3248
10988 2 2 101 1 3836 5565 4956
10989 2 2 101 1 2710 5468 2712
10990 2 2 101 1 988 5638 3430
10991 2 2 101 1 4504 5403 1892
10992 2 2 101 1 5175 5379 1689
10993 2 2 101 1 4276 5216 4774
10994 2 2 101 1 5226 5358 4402
10995 2 2 101 1 4564 5549 2678
10996 2 2 101 1 3018 5271 4807
10997 2 2 101 1 469 5377 4333
10998 2 2 101 1 5192 5208 2966
10999 2 2 101 1 5553 5577 3104
11000 2 2 101 1 4512 5320 5223
11001 2 2 101 1 855 5513 849
11002 2 2 101 1 4651 5306 2997
11003 2 2 101 1 3570 5316 1902
11004 2 2 101 1 5119 5210 4480
11005 2 2 101 1 4745 5303 2051
11006 2 2 101 1 3366 5274 4871
11007 2 2 101 1 2901 5180 4861
11008 2 2 101 1 4742 5585 3440
11009 2 2 101 1 4841 5500 3475
11010 2 2 101 1 4947 5511 441
11011 2 2 101 1 3026 5492 3181
11012 2 2 101 1 459 5591 4920
11013 2 2 101 1 140 5576 139
11014 2 2 101 1 4904 5512 3468
11015 2 2 101 1 1586 5299 4603
11016 2 2 101 1 5480 5634 3148
11017 2 2 101 1 2529 5474 2530
11018 2 2 101 1 32 5598 31
11019 2 2 101 1 5121 5554 2890
11020 2 2 101 1 4963 5534 2595
11021 2 2 101 1 584 5394 4756
11022 2 2 101 1 4759 5395 587
11023 2 2 101 1 1586 5421 5299
11024 2 2 101 1 2921 5595 3719
11025 2 2 101 1 153 5641 152
11026 2 2 101 1 3494 5412 3177
11027 2 2 101 1 4667 5459 3482
11028 2 2 101 1 3177 5412 5370
11029 2 2 101 1 1759 5556 1761
11030 2 2 101 1 4412 5404 5219
11031 2 2 101 1 4983 5278 2853
11032 2 2 101 1 5218 5265 4736
11033 2 2 101 1 2129 5580 2133
11034 2 2 101 1 3803 5532 5349
11035 2 2 101 1 1720 5441 4378
11036 2 2 101 1 3161 5164 5030
11037 2 2 101 1 1562 5505 1560
11038 2 2 101 1 2616 5633 2212
11039 2 2 101 1 476 5279 5089
11040 2 2 101 1 4681 5578 487
11041 2 2 101 1 5213 5405 3282
11042 2 2 101 1 5341 5359 4426
11043 2 2 101 1 3313 5488 3311
11044 2 2 101 1 4965 5307 495
11045 2 2 101 1 4521 5550 5419
11046 2 2 101 1 4446 5581 483
11047 2 2 101 1 579 5405 5213
11048 2 2 101 1 5113 5587 4233
11049 2 2 101 1 4603 5299 5145
11050 2 2 101 1 2471 5498 4758
11051 2 2 101 1 5354 5602 3135
11052 2 2 101 1 3177 5370 4519
11053 2 2 101 1 578 5404 4412
11054 2 2 101 1 3104 5577 4435
11055 2 2 101 1 4409 5405 579
11056 2 2 101 1 3803 5349 4689
11057 2 2 101 1 4640 5485 2590
11058 2 2 101 1 4314 5538 3446
11059 2 2 101 1 1560 5537 1558
11060 2 2 101 1 2183 5515 5339
11061 2 2 101 1 3446 5538 5018
11062 2 2 101 1 4012 5241 5026
11063 2 2 101 1 5121 5124 1371
11064 2 2 101 1 3304 5392 5260
11065 2 2 101 1 4718 5378 1829
11066 2 2 101 1 1108 5617 5059
11067 2 2 101 1 3134 5499 5184
11068 2 2 101 1 5203 5638 3086
11069 2 2 101 1 5505 5537 1560
11070 2 2 101 1 4081 5618 2785
11071 2 2 101 1 3148 5634 2654
11072 2 2 101 1 2193 5103 5094
11073 2 2 101 1 3017 5572 3358
11074 2 2 101 1 2006 5533 2312
11075 2 2 101 1 3430 5638 5203
11076 2 2 101 1 4817 5334 732
11077 2 2 101 1 5118 5548 481
11078 2 2 101 1 2934 5575 3593
11079 2 2 101 1 715 5620 196
11080 2 2 101 1 3356 5406 3357
11081 2 2 101 1 4731 5309 4030
11082 2 2 101 1 441 5511 4622
11083 2 2 101 1 5201 5259 1785
11084 2 2 101 1 4250 5451 3437
11085 2 2 101 1 5557 5601 3196
11086 2 2 101 1 4524 5632 1102
11087 2 2 101 1 2824 5423 4733
11088 2 2 101 1 5178 5435 3328
11089 2 2 101 1 4350 5622 3705
11090 2 2 101 1 5169 5614 4003
11091 2 2 101 1 3119 5312 4791
11092 2 2 101 1 466 5564 4345
11093 2 2 101 1 3195 5482 4516
11094 2 2 101 1 2504 5265 5218
11095 2 2 101 1 3302 5307 4965
11096 2 2 101 1 3509 5611 4581
11097 2 2 101 1 3414 5581 3067
11098 2 2 101 1 4614 5385 2299
11099 2 2 101 1 5449 5528 3248
11100 2 2 101 1 4360 5629 4949
11101 2 2 101 1 3051 5403 4959
11102 2 2 101 1 3054 5351 4857
11103 2 2 101 1 3248 5528 4541
11104 2 2 101 1 4618 5421 1586
11105 2 2 101 1 2623 5282 4928
11106 2 2 101 1 5441 5526 4378
11107 2 2 101 1 5224 5268 3297
11108 2 2 101 1 5028 5413 3951
11109 2 2 101 1 1971 5612 4718
11110 2 2 101 1 4758 5498 3758
11111 2 2 101 1 3196 5601 3372
11112 2 2 101 1 1081 5445 5292
11113 2 2 101 1 603 5635 4992
11114 2 2 101 1 5398 5531 3336
11115 2 2 101 1 4789 5583 4238
11116 2 2 101 1 4674 5552 2887
11117 2 2 101 1 3220 5613 2742
11118 2 2 101 1 4927 5384 3414
11119 2 2 101 1 4688 5423 2824
11120 2 2 101 1 1837 5571 4457
11121 2 2 101 1 1102 5632 5530
11122 2 2 101 1 3124 5550 4521
11123 2 2 101 1 110 5625 446
11124 2 2 101 1 5015 5605 2003
11125 2 2 101 1 4897 5614 2128
11126 2 2 101 1 2990 5546 3065
11127 2 2 101 1 1714 5459 4667
11128 2 2 101 1 3275 5452 4765
11129 2 2 101 1 4778 5554 5288
11130 2 2 101 1 5211 5265 2504
11131 2 2 101 1 3165 5415 5398
11132 2 2 101 1 4368 5600 4833
11133 2 2 101 1 3030 5607 4940
11134 2 2 101 1 4586 5517 2835
11135 2 2 101 1 2863 5504 4636
11136 2 2 101 1 5219 5404 3316
11137 2 2 101 1 4628 5628 2899
11138 2 2 101 1 580 5500 4841
11139 2 2 101 1 3293 5604 3295
11140 2 2 101 1 3017 5629 5572
11141 2 2 101 1 4338 5627 460
11142 2 2 101 1 1102 5530 4618
11143 2 2 101 1 4958 5290 567
11144 2 2 101 1 5004 5539 4092
11145 2 2 101 1 4034 5443 4812
11146 2 2 101 1 2299 5385 3240
11147 2 2 101 1 450 5547 4409
11148 2 2 101 1 4506 5557 3196
11149 2 2 101 1 3631 5617 5034
11150 2 2 101 1 4593 5563 2166
11151 2 2 101 1 4671 5425 3666
11152 2 2 101 1 4409 5547 5405
11153 2 2 101 1 520 5321 5182
11154 2 2 101 1 5045 5582 3544
11155 2 2 101 1 5053 5607 3030
11156 2 2 101 1 1710 5512 4904
11157 2 2 101 1 3318 5201 5079
11158 2 2 101 1 4238 5583 4240
11159 2 2 101 1 2618 5608 4553
11160 2 2 101 1 4968 5261 3173
11161 2 2 101 1 579 5213 5084
11162 2 2 101 1 4733 5621 505
11163 2 2 101 1 4887 5391 539
11164 2 2 101 1 4715 5609 537
11165 2 2 101 1 1718 5425 4671
11166 2 2 101 1 3071 5510 5217
11167 2 2 101 1 5016 5579 3494
11168 2 2 101 1 3070 5559 4848
11169 2 2 101 1 5037 5340 3127
11170 2 2 101 1 2946 5585 4742
11171 2 2 101 1 4969 5450 2941
11172 2 2 101 1 4693 5491 4251
11173 2 2 101 1 2985 5208 5192
11174 2 2 101 1 2394 5434 5056
11175 2 2 101 1 2836 5543 5350
11176 2 2 101 1 4685 5584 3240
11177 2 2 101 1 4806 5626 449
11178 2 2 101 1 5103 5529 3272
11179 2 2 101 1 4809 5637 521
11180 2 2 101 1 5062 5437 3298
11181 2 2 101 1 603 5597 5351
11182 2 2 101 1 2894 5207 5141
11183 2 2 101 1 4618 5530 5421
11184 2 2 101 1 5389 5585 2946
11185 2 2 101 1 374 5408 4931
11186 2 2 101 1 5044 5344 515
11187 2 2 101 1 4378 5526 4816
11188 2 2 101 1 5273 5335 3140
11189 2 2 101 1 4343 5590 4836
11190 2 2 101 1 2896 5304 5060
11191 2 2 101 1 5034 5617 1108
11192 2 2 101 1 3086 5638 5077
11193 2 2 101 1 463 5467 4929
11194 2 2 101 1 3789 5522 4964
11195 2 2 101 1 5056 5434 3879
11196 2 2 101 1 3705 5622 5140
11197 2 2 101 1 4870 5487 3545
11198 2 2 101 1 5272 5273 3062
11199 2 2 101 1 494 5502 5035
11200 2 2 101 1 2941 5450 5025
11201 2 2 101 1 3439 5585 5389
11202 2 2 101 1 5023 5568 3646
11203 2 2 101 1 2890 5554 4778
11204 2 2 101 1 5107 5448 1250
11205 2 2 101 1 850 5540 4979
11206 2 2 101 1 3891 5592 4817
11207 2 2 101 1 3363 5383 4824
11208 2 2 101 1 438 5355 5070
11209 2 2 101 1 2303 5636 4927
11210 2 2 101 1 2842 5266 5137
11211 2 2 101 1 3777 5574 5442
11212 2 2 101 1 4836 5590 3795
11213 2 2 101 1 5235 5353 2399
11214 2 2 101 1 3536 5496 5242
11215 2 2 101 1 5109 5327 2419
11216 2 2 101 1 462 5603 4936
11217 2 2 101 1 3787 5534 4963
11218 2 2 101 1 5102 5456 4260
11219 2 2 101 1 5242 5496 1054
11220 2 2 101 1 3142 5353 5235
11221 2 2 101 1 4140 5474 5347
11222 2 2 101 1 5182 5321 3268
11223 2 2 101 1 4956 5565 442
11224 2 2 101 1 4909 5603 462
11225 2 2 101 1 2364 5569 5038
11226 2 2 101 1 3574 5614 4897
11227 2 2 101 1 5357 5525 3331
11228 2 2 101 1 4979 5540 2909
11229 2 2 101 1 3336 5531 5382
11230 2 2 101 1 5246 5343 3276
11231 2 2 101 1 4007 5379 5175
11232 2 2 101 1 4992 5597 603
11233 2 2 101 1 2128 5614 5169
11234 2 2 101 1 5177 5599 552
11235 2 2 101 1 5227 5521 541
11236 2 2 101 1 4002 5580 5169
11237 2 2 101 1 4949 5629 3017
11238 2 2 101 1 4992 5635 3112
11239 2 2 101 1 460 5627 5027
11240 2 2 101 1 5155 5633 3754
11241 2 2 101 1 5382 5531 1048
11242 2 2 101 1 3295 5604 5194
11243 2 2 101 1 3321 5386 5284
11244 2 2 101 1 494 5582 5045
11245 2 2 101 1 5198 5623 3555
11246 2 2 101 1 1796 5435 5178
11247 2 2 101 1 5284 5386 1795
11248 2 2 101 1 3424 5439 5215
11249 2 2 101 1 3795 5590 5040
11250 2 2 101 1 571 5630 5065
11251 2 2 101 1 5295 5453 2052
11252 2 2 101 1 5262 5461 3416
11253 2 2 101 1 5205 5506 3897
11254 2 2 101 1 5424 5501 1695
11255 2 2 101 1 3188 5521 5227
11256 2 2 101 1 5059 5617 3684
11257 2 2 101 1 5440 5600 3186
11258 2 2 101 1 5077 5638 988
11259 2 2 101 1 5423 5621 4733
11260 2 2 101 1 5476 5613 3959
11261 2 2 101 1 5256 5556 4589
11262 2 2 101 1 5339 5515 3411
11263 2 2 101 1 1825 5573 5250
11264 2 2 101 1 5171 5616 3147
11265 2 2 101 1 3941 5501 5424
11266 2 2 101 1 3201 5624 5509
11267 2 2 101 1 5497 5534 3787
11268 2 2 101 1 3265 5610 5301
11269 2 2 101 1 3979 5599 5492
11270 2 2 101 1 3087 5595 5310
11271 2 2 101 1 5442 5574 3090
11272 2 2 101 1 5387 5596 3059
11273 2 2 101 1 4037 5621 5423
11274 2 2 101 1 3494 5588 5412
11275 2 2 101 1 2248 5602 5354
11276 2 2 101 1 5361 5619 2673
11277 2 2 101 1 4422 5534 5497
11278 2 2 101 1 5328 5640 3948
11279 2 2 101 1 4211 5600 5440
11280 2 2 101 1 5418 5610 3265
11281 2 2 101 1 5492 5599 3181
11282 2 2 101 1 5509 5624 575
$EndElements
