$MeshFormat
4.1 0 8
$EndMeshFormat
$PhysicalNames
4
1 3 "LargerSquareEdges"
1 4 "InnerSquareEdges"
2 1 "Outer_Square"
2 2 "Inner_Square"
$EndPhysicalNames
$Entities
104 104 2 0
1 -1 -0.5 0 0 
2 1 -0.5 0 0 
3 -1 1.5 0 0 
4 1 1.5 0 0 
5 0.3 0.5 0 0 
6 0.2994080185284815 0.518837155858794 0 0 
7 0.2976344103943434 0.5375999700692913 0 0 
8 0.2946861752186066 0.5562143943757174 0 0 
9 0.2905749483385893 0.5746069661494564 0 0 
10 0.285316954888546 0.5927050983124842 0 0 
11 0.2789329457664754 0.6104373658054034 0 0 
12 0.2714481157398059 0.6277337874695218 0 0 
13 0.262892004013159 0.6445261022305147 0 0 
14 0.2532983776506045 0.660748038493699 0 0 
15 0.2427050983124842 0.6763355756877419 0 0 
16 0.2311539728327368 0.6912271969246069 0 0 
17 0.2186905882264235 0.7053641317786066 0 0 
18 0.2053641317786066 0.7186905882264234 0 0 
19 0.1912271969246069 0.7311539728327368 0 0 
20 0.176335575687742 0.7427050983124842 0 0 
21 0.160748038493699 0.7532983776506046 0 0 
22 0.1445261022305145 0.762892004013159 0 0 
23 0.1277337874695218 0.7714481157398059 0 0 
24 0.1104373658054034 0.7789329457664753 0 0 
25 0.09270509831248423 0.785316954888546 0 0 
26 0.07460696614945642 0.7905749483385893 0 0 
27 0.05621439437571742 0.7946861752186065 0 0 
28 0.03759997006929134 0.7976344103943434 0 0 
29 0.01883715585879406 0.7994080185284815 0 0 
30 1.83697019872103e-17 0.8 0 0 
31 -0.01883715585879402 0.7994080185284815 0 0 
32 -0.03759997006929124 0.7976344103943434 0 0 
33 -0.05621439437571738 0.7946861752186066 0 0 
34 -0.07460696614945646 0.7905749483385893 0 0 
35 -0.09270509831248414 0.7853169548885461 0 0 
36 -0.1104373658054033 0.7789329457664754 0 0 
37 -0.1277337874695218 0.7714481157398059 0 0 
38 -0.1445261022305146 0.762892004013159 0 0 
39 -0.1607480384936991 0.7532983776506045 0 0 
40 -0.1763355756877419 0.7427050983124842 0 0 
41 -0.1912271969246069 0.7311539728327368 0 0 
42 -0.2053641317786066 0.7186905882264234 0 0 
43 -0.2186905882264234 0.7053641317786067 0 0 
44 -0.2311539728327367 0.691227196924607 0 0 
45 -0.2427050983124842 0.6763355756877419 0 0 
46 -0.2532983776506044 0.6607480384936991 0 0 
47 -0.262892004013159 0.6445261022305145 0 0 
48 -0.2714481157398058 0.6277337874695219 0 0 
49 -0.2789329457664754 0.6104373658054034 0 0 
50 -0.285316954888546 0.5927050983124842 0 0 
51 -0.2905749483385893 0.5746069661494566 0 0 
52 -0.2946861752186066 0.5562143943757174 0 0 
53 -0.2976344103943433 0.5375999700692914 0 0 
54 -0.2994080185284815 0.5188371558587941 0 0 
55 -0.3 0.5 0 0 
56 -0.2994080185284815 0.481162844141206 0 0 
57 -0.2976344103943434 0.4624000299307087 0 0 
58 -0.2946861752186066 0.4437856056242826 0 0 
59 -0.2905749483385893 0.4253930338505436 0 0 
60 -0.2853169548885461 0.4072949016875158 0 0 
61 -0.2789329457664754 0.3895626341945966 0 0 
62 -0.2714481157398059 0.3722662125304783 0 0 
63 -0.262892004013159 0.3554738977694854 0 0 
64 -0.2532983776506045 0.3392519615063011 0 0 
65 -0.2427050983124843 0.3236644243122582 0 0 
66 -0.2311539728327368 0.3087728030753931 0 0 
67 -0.2186905882264235 0.2946358682213935 0 0 
68 -0.2053641317786066 0.2813094117735765 0 0 
69 -0.1912271969246069 0.2688460271672632 0 0 
70 -0.176335575687742 0.2572949016875158 0 0 
71 -0.1607480384936989 0.2467016223493954 0 0 
72 -0.1445261022305146 0.237107995986841 0 0 
73 -0.1277337874695216 0.2285518842601941 0 0 
74 -0.1104373658054033 0.2210670542335246 0 0 
75 -0.09270509831248426 0.214683045111454 0 0 
76 -0.07460696614945633 0.2094250516614107 0 0 
77 -0.05621439437571739 0.2053138247813934 0 0 
78 -0.03759997006929137 0.2023655896056567 0 0 
79 -0.01883715585879396 0.2005919814715185 0 0 
80 -5.510910596163089e-17 0.2 0 0 
81 0.01883715585879385 0.2005919814715185 0 0 
82 0.03759997006929127 0.2023655896056566 0 0 
83 0.05621439437571728 0.2053138247813934 0 0 
84 0.07460696614945647 0.2094250516614107 0 0 
85 0.09270509831248416 0.2146830451114539 0 0 
86 0.1104373658054032 0.2210670542335245 0 0 
87 0.1277337874695215 0.228551884260194 0 0 
88 0.1445261022305147 0.237107995986841 0 0 
89 0.160748038493699 0.2467016223493955 0 0 
90 0.1763355756877419 0.2572949016875157 0 0 
91 0.1912271969246068 0.2688460271672631 0 0 
92 0.2053641317786064 0.2813094117735764 0 0 
93 0.2186905882264234 0.2946358682213933 0 0 
94 0.2311539728327368 0.3087728030753931 0 0 
95 0.2427050983124842 0.323664424312258 0 0 
96 0.2532983776506044 0.3392519615063009 0 0 
97 0.2628920040131589 0.3554738977694852 0 0 
98 0.2714481157398058 0.3722662125304781 0 0 
99 0.2789329457664754 0.3895626341945966 0 0 
100 0.285316954888546 0.4072949016875157 0 0 
101 0.2905749483385893 0.4253930338505434 0 0 
102 0.2946861752186066 0.4437856056242826 0 0 
103 0.2976344103943433 0.4624000299307086 0 0 
104 0.2994080185284815 0.481162844141206 0 0 
1 -1.0000001 -0.5000000999999999 -1e-07 1.0000001 -0.4999999 1e-07 1 3 2 1 -2 
2 -1.0000001 -0.5000000999999998 -1e-07 -0.9999999000000001 1.5000001 1e-07 1 3 2 3 -1 
3 0.9999999000000001 -0.5000000999999998 -1e-07 1.0000001 1.5000001 1e-07 1 3 2 2 -4 
4 -1.0000001 1.4999999 -1e-07 1.0000001 1.5000001 1e-07 1 3 2 4 -3 
5 0.2994079185284815 0.4999999 -1e-07 0.3000001 0.5188372558587939 1e-07 1 4 2 5 -6 
6 0.2976343103943433 0.518837055858794 -1e-07 0.2994081185284815 0.5376000700692912 1e-07 1 4 2 6 -7 
7 0.2946860752186066 0.5375998700692913 -1e-07 0.2976345103943434 0.5562144943757173 1e-07 1 4 2 7 -8 
8 0.2905748483385893 0.5562142943757175 -1e-07 0.2946862752186066 0.5746070661494563 1e-07 1 4 2 8 -9 
9 0.285316854888546 0.5746068661494564 -1e-07 0.2905750483385893 0.5927051983124841 1e-07 1 4 2 9 -10 
10 0.2789328457664754 0.5927049983124842 -1e-07 0.285317054888546 0.6104374658054034 1e-07 1 4 2 10 -11 
11 0.2714480157398059 0.6104372658054035 -1e-07 0.2789330457664754 0.6277338874695217 1e-07 1 4 2 11 -12 
12 0.262891904013159 0.6277336874695219 -1e-07 0.2714482157398059 0.6445262022305146 1e-07 1 4 2 12 -13 
13 0.2532982776506045 0.6445260022305147 -1e-07 0.262892104013159 0.660748138493699 1e-07 1 4 2 13 -14 
14 0.2427049983124842 0.6607479384936991 -1e-07 0.2532984776506045 0.6763356756877419 1e-07 1 4 2 14 -15 
15 0.2311538728327368 0.676335475687742 -1e-07 0.2427051983124842 0.6912272969246068 1e-07 1 4 2 15 -16 
16 0.2186904882264235 0.6912270969246069 -1e-07 0.2311540728327368 0.7053642317786065 1e-07 1 4 2 16 -17 
17 0.2053640317786066 0.7053640317786066 -1e-07 0.2186906882264235 0.7186906882264233 1e-07 1 4 2 17 -18 
18 0.1912270969246069 0.7186904882264235 -1e-07 0.2053642317786066 0.7311540728327367 1e-07 1 4 2 18 -19 
19 0.176335475687742 0.7311538728327368 -1e-07 0.1912272969246069 0.7427051983124842 1e-07 1 4 2 19 -20 
20 0.1607479384936989 0.7427049983124843 -1e-07 0.176335675687742 0.7532984776506045 1e-07 1 4 2 20 -21 
21 0.1445260022305145 0.7532982776506046 -1e-07 0.160748138493699 0.762892104013159 1e-07 1 4 2 21 -22 
22 0.1277336874695218 0.7628919040131591 -1e-07 0.1445262022305145 0.7714482157398058 1e-07 1 4 2 22 -23 
23 0.1104372658054034 0.7714480157398059 -1e-07 0.1277338874695218 0.7789330457664753 1e-07 1 4 2 23 -24 
24 0.09270499831248423 0.7789328457664754 -1e-07 0.1104374658054034 0.785317054888546 1e-07 1 4 2 24 -25 
25 0.07460686614945641 0.7853168548885461 -1e-07 0.09270519831248424 0.7905750483385893 1e-07 1 4 2 25 -26 
26 0.05621429437571742 0.7905748483385894 -1e-07 0.07460706614945642 0.7946862752186065 1e-07 1 4 2 26 -27 
27 0.03759987006929134 0.7946860752186066 -1e-07 0.05621449437571743 0.7976345103943433 1e-07 1 4 2 27 -28 
28 0.01883705585879406 0.7976343103943434 -1e-07 0.03760007006929134 0.7994081185284815 1e-07 1 4 2 28 -29 
29 -9.999999998205888e-08 0.7994079185284816 -1e-07 0.01883725585879406 0.8000001 1e-07 1 4 2 29 -30 
30 -0.01883725585879402 0.7994079185284816 -1e-07 1.000000000184881e-07 0.8000001 1e-07 1 4 2 30 -31 
31 -0.03760007006929125 0.7976343103943434 -1e-07 -0.01883705585879402 0.7994081185284815 1e-07 1 4 2 31 -32 
32 -0.05621449437571738 0.7946860752186067 -1e-07 -0.03759987006929124 0.7976345103943433 1e-07 1 4 2 32 -33 
33 -0.07460706614945646 0.7905748483385894 -1e-07 -0.05621429437571738 0.7946862752186066 1e-07 1 4 2 33 -34 
34 -0.09270519831248414 0.7853168548885462 -1e-07 -0.07460686614945646 0.7905750483385893 1e-07 1 4 2 34 -35 
35 -0.1104374658054033 0.7789328457664755 -1e-07 -0.09270499831248413 0.7853170548885461 1e-07 1 4 2 35 -36 
36 -0.1277338874695218 0.7714480157398059 -1e-07 -0.1104372658054033 0.7789330457664754 1e-07 1 4 2 36 -37 
37 -0.1445262022305146 0.7628919040131591 -1e-07 -0.1277336874695218 0.7714482157398058 1e-07 1 4 2 37 -38 
38 -0.1607481384936991 0.7532982776506045 -1e-07 -0.1445260022305146 0.762892104013159 1e-07 1 4 2 38 -39 
39 -0.1763356756877419 0.7427049983124843 -1e-07 -0.1607479384936991 0.7532984776506044 1e-07 1 4 2 39 -40 
40 -0.1912272969246069 0.7311538728327368 -1e-07 -0.1763354756877419 0.7427051983124842 1e-07 1 4 2 40 -41 
41 -0.2053642317786066 0.7186904882264235 -1e-07 -0.1912270969246069 0.7311540728327367 1e-07 1 4 2 41 -42 
42 -0.2186906882264234 0.7053640317786067 -1e-07 -0.2053640317786066 0.7186906882264233 1e-07 1 4 2 42 -43 
43 -0.2311540728327367 0.691227096924607 -1e-07 -0.2186904882264234 0.7053642317786066 1e-07 1 4 2 43 -44 
44 -0.2427051983124842 0.676335475687742 -1e-07 -0.2311538728327367 0.6912272969246069 1e-07 1 4 2 44 -45 
45 -0.2532984776506044 0.6607479384936992 -1e-07 -0.2427049983124842 0.6763356756877419 1e-07 1 4 2 45 -46 
46 -0.262892104013159 0.6445260022305146 -1e-07 -0.2532982776506044 0.6607481384936991 1e-07 1 4 2 46 -47 
47 -0.2714482157398058 0.627733687469522 -1e-07 -0.262891904013159 0.6445262022305145 1e-07 1 4 2 47 -48 
48 -0.2789330457664754 0.6104372658054035 -1e-07 -0.2714480157398058 0.6277338874695219 1e-07 1 4 2 48 -49 
49 -0.285317054888546 0.5927049983124842 -1e-07 -0.2789328457664754 0.6104374658054034 1e-07 1 4 2 49 -50 
50 -0.2905750483385893 0.5746068661494567 -1e-07 -0.285316854888546 0.5927051983124841 1e-07 1 4 2 50 -51 
51 -0.2946862752186066 0.5562142943757175 -1e-07 -0.2905748483385893 0.5746070661494566 1e-07 1 4 2 51 -52 
52 -0.2976345103943433 0.5375998700692914 -1e-07 -0.2946860752186066 0.5562144943757173 1e-07 1 4 2 52 -53 
53 -0.2994081185284815 0.5188370558587941 -1e-07 -0.2976343103943433 0.5376000700692913 1e-07 1 4 2 53 -54 
54 -0.3000001 0.4999999 -1e-07 -0.2994079185284815 0.518837255858794 1e-07 1 4 2 54 -55 
55 -0.3000001 0.481162744141206 -1e-07 -0.2994079185284815 0.5000000999999999 1e-07 1 4 2 55 -56 
56 -0.2994081185284815 0.4623999299307087 -1e-07 -0.2976343103943433 0.481162944141206 1e-07 1 4 2 56 -57 
57 -0.2976345103943434 0.4437855056242826 -1e-07 -0.2946860752186066 0.4624001299307087 1e-07 1 4 2 57 -58 
58 -0.2946862752186066 0.4253929338505436 -1e-07 -0.2905748483385893 0.4437857056242826 1e-07 1 4 2 58 -59 
59 -0.2905750483385893 0.4072948016875158 -1e-07 -0.2853168548885461 0.4253931338505436 1e-07 1 4 2 59 -60 
60 -0.2853170548885461 0.3895625341945966 -1e-07 -0.2789328457664754 0.4072950016875158 1e-07 1 4 2 60 -61 
61 -0.2789330457664754 0.3722661125304783 -1e-07 -0.2714480157398059 0.3895627341945966 1e-07 1 4 2 61 -62 
62 -0.2714482157398059 0.3554737977694854 -1e-07 -0.262891904013159 0.3722663125304783 1e-07 1 4 2 62 -63 
63 -0.262892104013159 0.3392518615063011 -1e-07 -0.2532982776506045 0.3554739977694854 1e-07 1 4 2 63 -64 
64 -0.2532984776506045 0.3236643243122582 -1e-07 -0.2427049983124843 0.3392520615063011 1e-07 1 4 2 64 -65 
65 -0.2427051983124843 0.3087727030753931 -1e-07 -0.2311538728327368 0.3236645243122582 1e-07 1 4 2 65 -66 
66 -0.2311540728327368 0.2946357682213935 -1e-07 -0.2186904882264235 0.3087729030753931 1e-07 1 4 2 66 -67 
67 -0.2186906882264235 0.2813093117735765 -1e-07 -0.2053640317786066 0.2946359682213935 1e-07 1 4 2 67 -68 
68 -0.2053642317786066 0.2688459271672632 -1e-07 -0.1912270969246068 0.2813095117735765 1e-07 1 4 2 68 -69 
69 -0.1912272969246069 0.2572948016875158 -1e-07 -0.176335475687742 0.2688461271672632 1e-07 1 4 2 69 -70 
70 -0.176335675687742 0.2467015223493954 -1e-07 -0.1607479384936989 0.2572950016875158 1e-07 1 4 2 70 -71 
71 -0.1607481384936989 0.237107895986841 -1e-07 -0.1445260022305146 0.2467017223493954 1e-07 1 4 2 71 -72 
72 -0.1445262022305146 0.2285517842601941 -1e-07 -0.1277336874695216 0.237108095986841 1e-07 1 4 2 72 -73 
73 -0.1277338874695216 0.2210669542335246 -1e-07 -0.1104372658054033 0.2285519842601941 1e-07 1 4 2 73 -74 
74 -0.1104374658054033 0.214682945111454 -1e-07 -0.09270499831248426 0.2210671542335246 1e-07 1 4 2 74 -75 
75 -0.09270519831248426 0.2094249516614107 -1e-07 -0.07460686614945633 0.214683145111454 1e-07 1 4 2 75 -76 
76 -0.07460706614945634 0.2053137247813934 -1e-07 -0.05621429437571739 0.2094251516614107 1e-07 1 4 2 76 -77 
77 -0.05621449437571739 0.2023654896056567 -1e-07 -0.03759987006929137 0.2053139247813934 1e-07 1 4 2 77 -78 
78 -0.03760007006929138 0.2005918814715185 -1e-07 -0.01883705585879396 0.2023656896056567 1e-07 1 4 2 78 -79 
79 -0.01883725585879396 0.1999999 -1e-07 9.999999994389497e-08 0.2005920814715185 1e-07 1 4 2 79 -80 
80 -1.000000000549173e-07 0.1999999 -1e-07 0.01883725585879385 0.2005920814715185 1e-07 1 4 2 80 -81 
81 0.01883705585879385 0.2005918814715185 -1e-07 0.03760007006929127 0.2023656896056567 1e-07 1 4 2 81 -82 
82 0.03759987006929127 0.2023654896056566 -1e-07 0.05621449437571728 0.2053139247813934 1e-07 1 4 2 82 -83 
83 0.05621429437571727 0.2053137247813934 -1e-07 0.07460706614945647 0.2094251516614107 1e-07 1 4 2 83 -84 
84 0.07460686614945647 0.2094249516614107 -1e-07 0.09270519831248417 0.2146831451114539 1e-07 1 4 2 84 -85 
85 0.09270499831248416 0.2146829451114539 -1e-07 0.1104374658054032 0.2210671542335245 1e-07 1 4 2 85 -86 
86 0.1104372658054032 0.2210669542335245 -1e-07 0.1277338874695216 0.228551984260194 1e-07 1 4 2 86 -87 
87 0.1277336874695215 0.228551784260194 -1e-07 0.1445262022305147 0.237108095986841 1e-07 1 4 2 87 -88 
88 0.1445260022305147 0.237107895986841 -1e-07 0.160748138493699 0.2467017223493955 1e-07 1 4 2 88 -89 
89 0.160747938493699 0.2467015223493955 -1e-07 0.1763356756877419 0.2572950016875157 1e-07 1 4 2 89 -90 
90 0.1763354756877419 0.2572948016875157 -1e-07 0.1912272969246068 0.2688461271672631 1e-07 1 4 2 90 -91 
91 0.1912270969246068 0.2688459271672631 -1e-07 0.2053642317786064 0.2813095117735764 1e-07 1 4 2 91 -92 
92 0.2053640317786064 0.2813093117735764 -1e-07 0.2186906882264234 0.2946359682213933 1e-07 1 4 2 92 -93 
93 0.2186904882264234 0.2946357682213933 -1e-07 0.2311540728327368 0.3087729030753931 1e-07 1 4 2 93 -94 
94 0.2311538728327368 0.3087727030753931 -1e-07 0.2427051983124842 0.323664524312258 1e-07 1 4 2 94 -95 
95 0.2427049983124842 0.323664324312258 -1e-07 0.2532984776506044 0.3392520615063009 1e-07 1 4 2 95 -96 
96 0.2532982776506044 0.3392518615063009 -1e-07 0.2628921040131589 0.3554739977694852 1e-07 1 4 2 96 -97 
97 0.2628919040131589 0.3554737977694852 -1e-07 0.2714482157398058 0.3722663125304781 1e-07 1 4 2 97 -98 
98 0.2714480157398058 0.3722661125304781 -1e-07 0.2789330457664754 0.3895627341945966 1e-07 1 4 2 98 -99 
99 0.2789328457664754 0.3895625341945966 -1e-07 0.285317054888546 0.4072950016875157 1e-07 1 4 2 99 -100 
100 0.285316854888546 0.4072948016875157 -1e-07 0.2905750483385893 0.4253931338505434 1e-07 1 4 2 100 -101 
101 0.2905748483385893 0.4253929338505434 -1e-07 0.2946862752186066 0.4437857056242826 1e-07 1 4 2 101 -102 
102 0.2946860752186066 0.4437855056242826 -1e-07 0.2976345103943433 0.4624001299307086 1e-07 1 4 2 102 -103 
103 0.2976343103943433 0.4623999299307086 -1e-07 0.2994081185284815 0.481162944141206 1e-07 1 4 2 103 -104 
104 0.2994079185284815 0.481162744141206 -1e-07 0.3000001 0.5000000999999999 1e-07 1 4 2 104 -5 
2 -0.3000001 0.1999999 -1e-07 0.3000001 0.8000001 1e-07 1 1 100 5 6 7 8 9 10 11 12 13 14 15 16 17 18 19 20 21 22 23 24 25 26 27 28 29 30 31 32 33 34 35 36 37 38 39 40 41 42 43 44 45 46 47 48 49 50 51 52 53 54 55 56 57 58 59 60 61 62 63 64 65 66 67 68 69 70 71 72 73 74 75 76 77 78 79 80 81 82 83 84 85 86 87 88 89 90 91 92 93 94 95 96 97 98 99 100 101 102 103 104 
3 -1.0000001 -0.5000000999999998 -1e-07 1.0000001 1.5000001 1e-07 1 2 104 1 3 4 2 -5 -104 -103 -102 -101 -100 -99 -98 -97 -96 -95 -94 -93 -92 -91 -90 -89 -88 -87 -86 -85 -84 -83 -82 -81 -80 -79 -78 -77 -76 -75 -74 -73 -72 -71 -70 -69 -68 -67 -66 -65 -64 -63 -62 -61 -60 -59 -58 -57 -56 -55 -54 -53 -52 -51 -50 -49 -48 -47 -46 -45 -44 -43 -42 -41 -40 -39 -38 -37 -36 -35 -34 -33 -32 -31 -30 -29 -28 -27 -26 -25 -24 -23 -22 -21 -20 -19 -18 -17 -16 -15 -14 -13 -12 -11 -10 -9 -8 -7 -6 
$EndEntities
$Nodes
210 5597 1 5597
0 1 0 1
1
-1 -0.5 0
0 2 0 1
2
1 -0.5 0
0 3 0 1
3
-1 1.5 0
0 4 0 1
4
1 1.5 0
0 5 0 1
5
0.3 0.5 0
0 6 0 1
6
0.2994080185284815 0.518837155858794 0
0 7 0 1
7
0.2976344103943434 0.5375999700692913 0
0 8 0 1
8
0.2946861752186066 0.5562143943757174 0
0 9 0 1
9
0.2905749483385893 0.5746069661494564 0
0 10 0 1
10
0.285316954888546 0.5927050983124842 0
0 11 0 1
11
0.2789329457664754 0.6104373658054034 0
0 12 0 1
12
0.2714481157398059 0.6277337874695218 0
0 13 0 1
13
0.262892004013159 0.6445261022305147 0
0 14 0 1
14
0.2532983776506045 0.660748038493699 0
0 15 0 1
15
0.2427050983124842 0.6763355756877419 0
0 16 0 1
16
0.2311539728327368 0.6912271969246069 0
0 17 0 1
17
0.2186905882264235 0.7053641317786066 0
0 18 0 1
18
0.2053641317786066 0.7186905882264234 0
0 19 0 1
19
0.1912271969246069 0.7311539728327368 0
0 20 0 1
20
0.176335575687742 0.7427050983124842 0
0 21 0 1
21
0.160748038493699 0.7532983776506046 0
0 22 0 1
22
0.1445261022305145 0.762892004013159 0
0 23 0 1
23
0.1277337874695218 0.7714481157398059 0
0 24 0 1
24
0.1104373658054034 0.7789329457664753 0
0 25 0 1
25
0.09270509831248423 0.785316954888546 0
0 26 0 1
26
0.07460696614945642 0.7905749483385893 0
0 27 0 1
27
0.05621439437571742 0.7946861752186065 0
0 28 0 1
28
0.03759997006929134 0.7976344103943434 0
0 29 0 1
29
0.01883715585879406 0.7994080185284815 0
0 30 0 1
30
1.83697019872103e-17 0.8 0
0 31 0 1
31
-0.01883715585879402 0.7994080185284815 0
0 32 0 1
32
-0.03759997006929124 0.7976344103943434 0
0 33 0 1
33
-0.05621439437571738 0.7946861752186066 0
0 34 0 1
34
-0.07460696614945646 0.7905749483385893 0
0 35 0 1
35
-0.09270509831248414 0.7853169548885461 0
0 36 0 1
36
-0.1104373658054033 0.7789329457664754 0
0 37 0 1
37
-0.1277337874695218 0.7714481157398059 0
0 38 0 1
38
-0.1445261022305146 0.762892004013159 0
0 39 0 1
39
-0.1607480384936991 0.7532983776506045 0
0 40 0 1
40
-0.1763355756877419 0.7427050983124842 0
0 41 0 1
41
-0.1912271969246069 0.7311539728327368 0
0 42 0 1
42
-0.2053641317786066 0.7186905882264234 0
0 43 0 1
43
-0.2186905882264234 0.7053641317786067 0
0 44 0 1
44
-0.2311539728327367 0.691227196924607 0
0 45 0 1
45
-0.2427050983124842 0.6763355756877419 0
0 46 0 1
46
-0.2532983776506044 0.6607480384936991 0
0 47 0 1
47
-0.262892004013159 0.6445261022305145 0
0 48 0 1
48
-0.2714481157398058 0.6277337874695219 0
0 49 0 1
49
-0.2789329457664754 0.6104373658054034 0
0 50 0 1
50
-0.285316954888546 0.5927050983124842 0
0 51 0 1
51
-0.2905749483385893 0.5746069661494566 0
0 52 0 1
52
-0.2946861752186066 0.5562143943757174 0
0 53 0 1
53
-0.2976344103943433 0.5375999700692914 0
0 54 0 1
54
-0.2994080185284815 0.5188371558587941 0
0 55 0 1
55
-0.3 0.5 0
0 56 0 1
56
-0.2994080185284815 0.481162844141206 0
0 57 0 1
57
-0.2976344103943434 0.4624000299307087 0
0 58 0 1
58
-0.2946861752186066 0.4437856056242826 0
0 59 0 1
59
-0.2905749483385893 0.4253930338505436 0
0 60 0 1
60
-0.2853169548885461 0.4072949016875158 0
0 61 0 1
61
-0.2789329457664754 0.3895626341945966 0
0 62 0 1
62
-0.2714481157398059 0.3722662125304783 0
0 63 0 1
63
-0.262892004013159 0.3554738977694854 0
0 64 0 1
64
-0.2532983776506045 0.3392519615063011 0
0 65 0 1
65
-0.2427050983124843 0.3236644243122582 0
0 66 0 1
66
-0.2311539728327368 0.3087728030753931 0
0 67 0 1
67
-0.2186905882264235 0.2946358682213935 0
0 68 0 1
68
-0.2053641317786066 0.2813094117735765 0
0 69 0 1
69
-0.1912271969246069 0.2688460271672632 0
0 70 0 1
70
-0.176335575687742 0.2572949016875158 0
0 71 0 1
71
-0.1607480384936989 0.2467016223493954 0
0 72 0 1
72
-0.1445261022305146 0.237107995986841 0
0 73 0 1
73
-0.1277337874695216 0.2285518842601941 0
0 74 0 1
74
-0.1104373658054033 0.2210670542335246 0
0 75 0 1
75
-0.09270509831248426 0.214683045111454 0
0 76 0 1
76
-0.07460696614945633 0.2094250516614107 0
0 77 0 1
77
-0.05621439437571739 0.2053138247813934 0
0 78 0 1
78
-0.03759997006929137 0.2023655896056567 0
0 79 0 1
79
-0.01883715585879396 0.2005919814715185 0
0 80 0 1
80
-5.510910596163089e-17 0.2 0
0 81 0 1
81
0.01883715585879385 0.2005919814715185 0
0 82 0 1
82
0.03759997006929127 0.2023655896056566 0
0 83 0 1
83
0.05621439437571728 0.2053138247813934 0
0 84 0 1
84
0.07460696614945647 0.2094250516614107 0
0 85 0 1
85
0.09270509831248416 0.2146830451114539 0
0 86 0 1
86
0.1104373658054032 0.2210670542335245 0
0 87 0 1
87
0.1277337874695215 0.228551884260194 0
0 88 0 1
88
0.1445261022305147 0.237107995986841 0
0 89 0 1
89
0.160748038493699 0.2467016223493955 0
0 90 0 1
90
0.1763355756877419 0.2572949016875157 0
0 91 0 1
91
0.1912271969246068 0.2688460271672631 0
0 92 0 1
92
0.2053641317786064 0.2813094117735764 0
0 93 0 1
93
0.2186905882264234 0.2946358682213933 0
0 94 0 1
94
0.2311539728327368 0.3087728030753931 0
0 95 0 1
95
0.2427050983124842 0.323664424312258 0
0 96 0 1
96
0.2532983776506044 0.3392519615063009 0
0 97 0 1
97
0.2628920040131589 0.3554738977694852 0
0 98 0 1
98
0.2714481157398058 0.3722662125304781 0
0 99 0 1
99
0.2789329457664754 0.3895626341945966 0
0 100 0 1
100
0.285316954888546 0.4072949016875157 0
0 101 0 1
101
0.2905749483385893 0.4253930338505434 0
0 102 0 1
102
0.2946861752186066 0.4437856056242826 0
0 103 0 1
103
0.2976344103943433 0.4624000299307086 0
0 104 0 1
104
0.2994080185284815 0.481162844141206 0
1 1 0 49
105
106
107
108
109
110
111
112
113
114
115
116
117
118
119
120
121
122
123
124
125
126
127
128
129
130
131
132
133
134
135
136
137
138
139
140
141
142
143
144
145
146
147
148
149
150
151
152
153
-0.96 -0.5 0
-0.92 -0.5 0
-0.88 -0.5 0
-0.84 -0.5 0
-0.8 -0.5 0
-0.76 -0.5 0
-0.72 -0.5 0
-0.6799999999999999 -0.5 0
-0.64 -0.5 0
-0.6 -0.5 0
-0.5600000000000001 -0.5 0
-0.52 -0.5 0
-0.48 -0.5 0
-0.4399999999999999 -0.5 0
-0.4 -0.5 0
-0.36 -0.5 0
-0.32 -0.5 0
-0.28 -0.5 0
-0.24 -0.5 0
-0.2 -0.5 0
-0.16 -0.5 0
-0.12 -0.5 0
-0.07999999999999996 -0.5 0
-0.04000000000000004 -0.5 0
0 -0.5 0
0.04000000000000004 -0.5 0
0.08000000000000007 -0.5 0
0.1200000000000001 -0.5 0
0.1599999999999999 -0.5 0
0.2 -0.5 0
0.24 -0.5 0
0.28 -0.5 0
0.3200000000000001 -0.5 0
0.3600000000000001 -0.5 0
0.3999999999999999 -0.5 0
0.4399999999999999 -0.5 0
0.48 -0.5 0
0.52 -0.5 0
0.5600000000000001 -0.5 0
0.6000000000000001 -0.5 0
0.6399999999999999 -0.5 0
0.6799999999999999 -0.5 0
0.72 -0.5 0
0.76 -0.5 0
0.8 -0.5 0
0.8400000000000001 -0.5 0
0.8799999999999999 -0.5 0
0.9199999999999999 -0.5 0
0.96 -0.5 0
1 2 0 49
154
155
156
157
158
159
160
161
162
163
164
165
166
167
168
169
170
171
172
173
174
175
176
177
178
179
180
181
182
183
184
185
186
187
188
189
190
191
192
193
194
195
196
197
198
199
200
201
202
-1 1.46 0
-1 1.42 0
-1 1.38 0
-1 1.34 0
-1 1.3 0
-1 1.26 0
-1 1.22 0
-1 1.18 0
-1 1.14 0
-1 1.1 0
-1 1.06 0
-1 1.02 0
-1 0.98 0
-1 0.9399999999999999 0
-1 0.9 0
-1 0.86 0
-1 0.82 0
-1 0.78 0
-1 0.74 0
-1 0.7 0
-1 0.66 0
-1 0.62 0
-1 0.58 0
-1 0.54 0
-1 0.5 0
-1 0.46 0
-1 0.4199999999999999 0
-1 0.3799999999999999 0
-1 0.3400000000000001 0
-1 0.3 0
-1 0.26 0
-1 0.22 0
-1 0.1799999999999999 0
-1 0.1399999999999999 0
-1 0.1000000000000001 0
-1 0.06000000000000005 0
-1 0.02000000000000002 0
-1 -0.02000000000000002 0
-1 -0.06000000000000005 0
-1 -0.1000000000000001 0
-1 -0.1399999999999999 0
-1 -0.1799999999999999 0
-1 -0.22 0
-1 -0.26 0
-1 -0.3 0
-1 -0.3400000000000001 0
-1 -0.3799999999999999 0
-1 -0.4199999999999999 0
-1 -0.46 0
1 3 0 49
203
204
205
206
207
208
209
210
211
212
213
214
215
216
217
218
219
220
221
222
223
224
225
226
227
228
229
230
231
232
233
234
235
236
237
238
239
240
241
242
243
244
245
246
247
248
249
250
251
1 -0.46 0
1 -0.42 0
1 -0.38 0
1 -0.34 0
1 -0.3 0
1 -0.26 0
1 -0.22 0
1 -0.18 0
1 -0.14 0
1 -0.09999999999999998 0
1 -0.06 0
1 -0.02000000000000002 0
1 0.02000000000000002 0
1 0.06000000000000005 0
1 0.09999999999999998 0
1 0.14 0
1 0.18 0
1 0.22 0
1 0.26 0
1 0.3 0
1 0.34 0
1 0.38 0
1 0.42 0
1 0.46 0
1 0.5 0
1 0.54 0
1 0.5800000000000001 0
1 0.6200000000000001 0
1 0.6599999999999999 0
1 0.7 0
1 0.74 0
1 0.78 0
1 0.8200000000000001 0
1 0.8600000000000001 0
1 0.8999999999999999 0
1 0.9399999999999999 0
1 0.98 0
1 1.02 0
1 1.06 0
1 1.1 0
1 1.14 0
1 1.18 0
1 1.22 0
1 1.26 0
1 1.3 0
1 1.34 0
1 1.38 0
1 1.42 0
1 1.46 0
1 4 0 49
252
253
254
255
256
257
258
259
260
261
262
263
264
265
266
267
268
269
270
271
272
273
274
275
276
277
278
279
280
281
282
283
284
285
286
287
288
289
290
291
292
293
294
295
296
297
298
299
300
0.96 1.5 0
0.92 1.5 0
0.88 1.5 0
0.84 1.5 0
0.8 1.5 0
0.76 1.5 0
0.72 1.5 0
0.6799999999999999 1.5 0
0.64 1.5 0
0.6 1.5 0
0.5600000000000001 1.5 0
0.52 1.5 0
0.48 1.5 0
0.4399999999999999 1.5 0
0.4 1.5 0
0.36 1.5 0
0.32 1.5 0
0.28 1.5 0
0.24 1.5 0
0.2 1.5 0
0.16 1.5 0
0.12 1.5 0
0.07999999999999996 1.5 0
0.04000000000000004 1.5 0
0 1.5 0
-0.04000000000000004 1.5 0
-0.08000000000000007 1.5 0
-0.1200000000000001 1.5 0
-0.1599999999999999 1.5 0
-0.2 1.5 0
-0.24 1.5 0
-0.28 1.5 0
-0.3200000000000001 1.5 0
-0.3600000000000001 1.5 0
-0.3999999999999999 1.5 0
-0.4399999999999999 1.5 0
-0.48 1.5 0
-0.52 1.5 0
-0.5600000000000001 1.5 0
-0.6000000000000001 1.5 0
-0.6399999999999999 1.5 0
-0.6799999999999999 1.5 0
-0.72 1.5 0
-0.76 1.5 0
-0.8 1.5 0
-0.8400000000000001 1.5 0
-0.8799999999999999 1.5 0
-0.9199999999999999 1.5 0
-0.96 1.5 0
1 5 0 0
1 6 0 0
1 7 0 0
1 8 0 0
1 9 0 0
1 10 0 0
1 11 0 0
1 12 0 0
1 13 0 0
1 14 0 0
1 15 0 0
1 16 0 0
1 17 0 0
1 18 0 0
1 19 0 0
1 20 0 0
1 21 0 0
1 22 0 0
1 23 0 0
1 24 0 0
1 25 0 0
1 26 0 0
1 27 0 0
1 28 0 0
1 29 0 0
1 30 0 0
1 31 0 0
1 32 0 0
1 33 0 0
1 34 0 0
1 35 0 0
1 36 0 0
1 37 0 0
1 38 0 0
1 39 0 0
1 40 0 0
1 41 0 0
1 42 0 0
1 43 0 0
1 44 0 0
1 45 0 0
1 46 0 0
1 47 0 0
1 48 0 0
1 49 0 0
1 50 0 0
1 51 0 0
1 52 0 0
1 53 0 0
1 54 0 0
1 55 0 0
1 56 0 0
1 57 0 0
1 58 0 0
1 59 0 0
1 60 0 0
1 61 0 0
1 62 0 0
1 63 0 0
1 64 0 0
1 65 0 0
1 66 0 0
1 67 0 0
1 68 0 0
1 69 0 0
1 70 0 0
1 71 0 0
1 72 0 0
1 73 0 0
1 74 0 0
1 75 0 0
1 76 0 0
1 77 0 0
1 78 0 0
1 79 0 0
1 80 0 0
1 81 0 0
1 82 0 0
1 83 0 0
1 84 0 0
1 85 0 0
1 86 0 0
1 87 0 0
1 88 0 0
1 89 0 0
1 90 0 0
1 91 0 0
1 92 0 0
1 93 0 0
1 94 0 0
1 95 0 0
1 96 0 0
1 97 0 0
1 98 0 0
1 99 0 0
1 100 0 0
1 101 0 0
1 102 0 0
1 103 0 0
1 104 0 0
2 2 0 894
301
302
303
304
305
306
307
308
309
310
311
312
313
314
315
316
317
318
319
320
321
322
323
324
325
326
327
328
329
330
331
332
333
334
335
336
337
338
339
340
341
342
343
344
345
346
347
348
349
350
351
352
353
354
355
356
357
358
359
360
361
362
363
364
365
366
367
368
369
370
371
372
373
374
375
376
377
378
379
380
381
382
383
384
385
386
387
388
389
390
391
392
393
394
395
396
397
398
399
400
401
402
403
404
405
406
407
408
409
410
411
412
413
414
415
416
417
418
419
420
421
422
423
424
425
426
427
428
429
430
431
432
433
434
435
436
437
438
439
440
441
442
443
444
445
446
447
448
449
450
451
452
453
454
455
456
457
458
459
460
461
462
463
464
465
466
467
468
469
470
471
472
473
474
475
476
477
478
479
480
481
482
483
484
485
486
487
488
489
490
491
492
493
494
495
496
497
498
499
500
501
502
503
504
505
506
507
508
509
510
511
512
513
514
515
516
517
518
519
520
521
522
523
524
525
526
527
528
529
530
531
532
533
534
535
536
537
538
539
540
541
542
543
544
545
546
547
548
549
550
551
552
553
554
555
556
557
558
559
560
561
562
563
564
565
566
567
568
569
570
571
572
573
574
575
576
577
578
579
580
581
582
583
584
585
586
587
588
589
590
591
592
593
594
595
596
597
598
599
600
601
602
603
604
605
606
607
608
609
610
611
612
613
614
615
616
617
618
619
620
621
622
623
624
625
626
627
628
629
630
631
632
633
634
635
636
637
638
639
640
641
642
643
644
645
646
647
648
649
650
651
652
653
654
655
656
657
658
659
660
661
662
663
664
665
666
667
668
669
670
671
672
673
674
675
676
677
678
679
680
681
682
683
684
685
686
687
688
689
690
691
692
693
694
695
696
697
698
699
700
701
702
703
704
705
706
707
708
709
710
711
712
713
714
715
716
717
718
719
720
721
722
723
724
725
726
727
728
729
730
731
732
733
734
735
736
737
738
739
740
741
742
743
744
745
746
747
748
749
750
751
752
753
754
755
756
757
758
759
760
761
762
763
764
765
766
767
768
769
770
771
772
773
774
775
776
777
778
779
780
781
782
783
784
785
786
787
788
789
790
791
792
793
794
795
796
797
798
799
800
801
802
803
804
805
806
807
808
809
810
811
812
813
814
815
816
817
818
819
820
821
822
823
824
825
826
827
828
829
830
831
832
833
834
835
836
837
838
839
840
841
842
843
844
845
846
847
848
849
850
851
852
853
854
855
856
857
858
859
860
861
862
863
864
865
866
867
868
869
870
871
872
873
874
875
876
877
878
879
880
881
882
883
884
885
886
887
888
889
890
891
892
893
894
895
896
897
898
899
900
901
902
903
904
905
906
907
908
909
910
911
912
913
914
915
916
917
918
919
920
921
922
923
924
925
926
927
928
929
930
931
932
933
934
935
936
937
938
939
940
941
942
943
944
945
946
947
948
949
950
951
952
953
954
955
956
957
958
959
960
961
962
963
964
965
966
967
968
969
970
971
972
973
974
975
976
977
978
979
980
981
982
983
984
985
986
987
988
989
990
991
992
993
994
995
996
997
998
999
1000
1001
1002
1003
1004
1005
1006
1007
1008
1009
1010
1011
1012
1013
1014
1015
1016
1017
1018
1019
1020
1021
1022
1023
1024
1025
1026
1027
1028
1029
1030
1031
1032
1033
1034
1035
1036
1037
1038
1039
1040
1041
1042
1043
1044
1045
1046
1047
1048
1049
1050
1051
1052
1053
1054
1055
1056
1057
1058
1059
1060
1061
1062
1063
1064
1065
1066
1067
1068
1069
1070
1071
1072
1073
1074
1075
1076
1077
1078
1079
1080
1081
1082
1083
1084
1085
1086
1087
1088
1089
1090
1091
1092
1093
1094
1095
1096
1097
1098
1099
1100
1101
1102
1103
1104
1105
1106
1107
1108
1109
1110
1111
1112
1113
1114
1115
1116
1117
1118
1119
1120
1121
1122
1123
1124
1125
1126
1127
1128
1129
1130
1131
1132
1133
1134
1135
1136
1137
1138
1139
1140
1141
1142
1143
1144
1145
1146
1147
1148
1149
1150
1151
1152
1153
1154
1155
1156
1157
1158
1159
1160
1161
1162
1163
1164
1165
1166
1167
1168
1169
1170
1171
1172
1173
1174
1175
1176
1177
1178
1179
1180
1181
1182
1183
1184
1185
1186
1187
1188
1189
1190
1191
1192
1193
1194
0.07767328064197286 0.2251081166784125 0
-0.07934044676065936 0.7737246736475251 0
-0.2703398258113953 0.4193195178065761 0
0.2722252918982014 0.5789687451759649 0
0.2440465819293921 0.3556712537822813 0
-0.2457467948152405 0.6455061996782924 0
-0.129594574866129 0.2472933535673283 0
0.128736078996752 0.7547399965693691 0
0.1744416956297313 0.2754225052337881 0
-0.2126793358143708 0.3124979433345965 0
-0.1745187737251036 0.7243842280580947 0
-0.02668257326352032 0.2177278592913658 0
0.2113182189765734 0.686093952575908 0
0.2798500359065008 0.4548541197561721 0
-0.2800397284802875 0.5443539356639855 0
0.02571878962230536 0.7832555171819044 0
-0.2423286638638688 0.3556065167178447 0
-0.1758819466126009 0.27631667476965 0
0.1287083464674097 0.247263788857376 0
0.2833905537554783 0.5089059069364922 0
-0.07910247633030068 0.2277274906006625 0
-0.2836640044205915 0.4913021069580457 0
0.2667683562119418 0.4039574820187609 0
-0.2681190682412501 0.5965134841527262 0
0.02607022324723192 0.2180249328050052 0
-0.1301406176367882 0.7537886150459632 0
0.08152762402479492 0.7711647547411613 0
0.2454467534711073 0.6448912703439528 0
-0.2129196639857818 0.6870670778358949 0
0.1743092196906773 0.7246905235858324 0
0.2126793358143707 0.3124979433345965 0
-0.02674243540321025 0.7835150558398203 0
-0.2578990583766153 0.3870047974026469 0
0.2797594648089197 0.5442369812847394 0
0.2612889701156747 0.6130175215416939 0
-0.2804796772029763 0.4568757865217365 0
0.1452455921362226 0.2557182304482709 0
0.1298882031037294 0.2659163572542961 0
0.1130811290983766 0.2577336927867959 0
0.1142477344584817 0.276450990474169 0
0.0973475940359164 0.2681354811014322 0
0.09856597337970921 0.2869285399102557 0
0.11547661854055 0.2952515502017574 0
0.09980657068590024 0.3057330980222411 0
0.08290006169779478 0.2974045562281047 0
0.08413974815779975 0.3162104152823701 0
0.1010458042926766 0.3245395076719303 0
0.08537946514281826 0.3350162124358539 0
0.06847336033541633 0.3266871769476148 0
0.06971319099277343 0.3454928248214379 0
0.08661926348202729 0.3538219046182922 0
0.07095302613939591 0.3642984672191374 0
0.05404694997204439 0.3559693922713258 0
0.05528679336597293 0.3747750234576137 0
0.07219286790001543 0.3831041006561694 0
0.05652663777363436 0.3935806532850039 0
0.03962056290726384 0.3852515766730777 0
0.04086040806167979 0.4040572054869721 0
0.05776648312055425 0.4123862824951692 0
0.0421002532736256 0.4228628342191597 0
0.02519417854067596 0.414533757451751 0
0.02643402385137681 0.433339386057198 0
0.04334009916862995 0.4416684631429099 0
0.02767386917482024 0.4521450146462912 0
0.0107677944232877 0.4438159379027316 0
0.01200763974947432 0.4626215664883043 0
0.02891371450144941 0.470950643231296 0
0.0132474853023915 0.4814271950584799 0
-0.003658589638304395 0.4730981183280352 0
-0.002418744305399291 0.4919037469126407 0
0.01448733067407201 0.5002328236405285 0
-0.001178898970215631 0.5107093754970863 0
-0.01808497375875471 0.5023802987566132 0
0.01572717614644366 0.5190384522159277 0
6.094638212965256e-05 0.529515004080397 0
0.0169670215016492 0.5378440807990492 0
0.00130079171780748 0.5483206326648056 0
0.01820686647137914 0.5566497094075845 0
0.03387309641348887 0.5461731575870314 0
0.00254063695709691 0.5671262612555689 0
0.03511294125032337 0.5649787861579635 0
0.05077917083349189 0.5545022343626207 0
0.05201901595152363 0.5733078629075438 0
0.0676852453684809 0.5628313110665342 0
-0.01436543778041002 0.5587971845117309 0
-0.01312559246591151 0.5776028130975355 0
-0.03003166721757069 0.5692737363546305 0
-0.02879182189354406 0.5880793649398069 0
-0.04569789664532589 0.5797502881969101 0
0.06892509065893086 0.5816369396450449 0
0.08459132007692267 0.5711603878020222 0
-0.04445805131908365 0.5985559167819405 0
-0.06136412607116468 0.5902268400390633 0
-0.02755197656708461 0.6068849935248231 0
-0.04321820599254736 0.6173615453669514 0
-0.02631213124049931 0.6256906221098307 0
0.0858311653962814 0.5899660163857954 0
0.1014973948192638 0.5794894645433141 0
0.100257549492226 0.56068383595825 0
0.1171636242416546 0.5690129127007022 0
0.1159237789154648 0.5502072841157684 0
-0.06260397139779665 0.5714212114540587 0
-0.07827020082329895 0.5818977632961898 0
-0.07951004614993983 0.5630921347111857 0
-0.09517627557538756 0.5735686865533132 0
-0.09641612090202079 0.5547630579683086 0
-0.1120823503274582 0.5652396098104353 0
-0.1133221956540884 0.5464339812254306 0
-0.09393643024876068 0.5923743151383181 0
-0.1289884250795235 0.5569105330675572 0
-0.1302282704061529 0.5381049044825523 0
0.1027372401442724 0.5982950931280545 0
0.08707101071856775 0.6087716449701371 0
0.1328298536671623 0.5585363608585874 0
0.1315900083405455 0.5397307322735845 0
-0.0419783606659411 0.6361671739519578 0
-0.02507228591388141 0.6444962506948364 0
-0.1458944998315875 0.5485814563246789 0
-0.1471343451582167 0.5297758277396741 0
-0.1314681157327822 0.5192992758975475 0
-0.1483741904848457 0.5109701991546693 0
-0.1327079610594113 0.5004936473125428 0
-0.1496140358114748 0.4921645705696645 0
-0.1339478063860403 0.4816880187275379 0
-0.1508538811381039 0.4733589419846596 0
-0.1351876517126694 0.462882390142533 0
-0.152093726464733 0.4545533133996548 0
-0.1364274970392985 0.4440767615575281 0
-0.1446546545049586 0.5673870849096838 0
0.1484960830925371 0.5480598090164511 0
0.147256237765911 0.5292541804314467 0
0.1039770854699076 0.6171007217129049 0
0.08831085604413974 0.6275772735549799 0
0.1497359284191671 0.5668654376014561 0
-0.04073851533931776 0.654972802536963 0
-0.02383244058725522 0.6633018792798414 0
-0.1533335717913621 0.43574768481465 0
-0.1376673423659276 0.4252711329725233 0
-0.1207612676138641 0.4336002097154015 0
-0.1220011129404932 0.4147945811303966 0
0.1303501633470534 0.5209251038718332 0
0.14601639269656 0.5104485518636827 0
0.1629224672342143 0.5187776285921918 0
0.16168262191473 0.4999720000076655 0
0.1447765473243814 0.4916429232081384 0
0.1604427765817002 0.4811663714109839 0
-0.1050950381884296 0.4231236578732748 0
-0.1063348835150587 0.40431802928827 0
-0.1232409582671222 0.3959889525453917 0
-0.1075747288416878 0.3855124007032652 0
-0.09066865408962421 0.3938414774461433 0
-0.09190849941625329 0.3750358488611386 0
-0.1652802652369093 0.502641122411791 0
-0.1615607292570221 0.5590580081668055 0
-0.1603208839303931 0.5778636367518104 0
-0.1244808035937513 0.377183323960387 0
0.1052169307961947 0.635906350297857 0
0.08955070137067264 0.6463829021399701 0
0.1435367019906145 0.4728372945715684 0
0.1592029312528147 0.4623607428154387 0
-0.07500242466418974 0.3833649256040167 0
-0.0762422699908188 0.3645592970190119 0
0.1773488512901346 0.489495448162186 0
-0.1689998012167965 0.4462242366567766 0
-0.03949867001269023 0.673778431121968 0
-0.05640474476475376 0.6654493543790896 0
-0.02259259526062698 0.6821075078648463 0
-0.1702396465434257 0.4274186080717718 0
0.1422968565556483 0.4540316661534571 0
0.1579630859077535 0.4435551142564927 0
-0.05933619523875529 0.3728883737618901 0
-0.06057604056538444 0.3540827451768852 0
-0.07748211531744792 0.3457536684340072 0
-0.06181588589201358 0.3352771165918804 0
-0.04490981113995002 0.3436061933347585 0
-0.04614965646657924 0.3248005647497536 0
-0.006926365835192463 0.6716309560227198 0
-0.1170417316339768 0.4900170954704161 0
-0.005686520508563649 0.6904365846077247 0
0.1064567761227508 0.6547119788828506 0
0.09079054669730406 0.6651885307249754 0
0.1221230055481876 0.6442354270407245 0
-0.0630557312186428 0.3164714880068755 0
-0.1772269586824567 0.5695345600089321 0
-0.1759871133558277 0.5883401885939369 0
-0.1590810386037642 0.5966692653368152 0
-0.05516489943812521 0.6842549829640945 0
-0.07207097419018861 0.6759259062212162 0
-0.04738950179320849 0.3059949361647488 0
-0.03048342704114488 0.3143240129076268 0
-0.1859058759688601 0.4378951599138984 0
0.1410570111819203 0.4352260375089139 0
0.1567232405702025 0.4247494856659079 0
0.1736293153102476 0.4330785624071714 0
0.1723894699856217 0.4142729338224357 0
0.1554833952338919 0.4059438570796022 0
0.1711496246577129 0.3954673052372589 0
0.1266306277159016 0.4645082180206785 0
0.07264462661862507 0.6380538253970943 0
-0.05809634991212619 0.3916940023468949 0
-0.1747472680291987 0.6071458171789418 0
-0.1578411932771352 0.61547489392182 0
-0.1871457212954893 0.4190895313288936 0
0.107696621449368 0.6735176074678537 0
0.092030392023931 0.6839941593099799 0
0.154243549905436 0.3871382284943519 0
0.03139340632315496 0.5085619006293821 0
-0.08074989147658702 0.544286506126182 0
0.009979708916870856 0.6799600327655982 0
0.01121955424349975 0.698765661350603 0
0.06644539998546392 0.5440256824720673 0
-0.04243012048669174 0.3812174505047683 0
-0.009406056488447518 0.6340196988527098 0
0.1654021578445873 0.5563888857593272 0
0.1666420031712187 0.5751945143443324 0
0.1823082325966512 0.5647179625022055 0
0.1835480779232803 0.5835235910872105 0
-0.02135274993399832 0.7009131364498513 0
-0.03172327236777413 0.295518384322622 0
-0.01481719761571052 0.3038474610655001 0
-0.01357735228908122 0.322653089650505 0
-0.07083112886355984 0.694731534806221 0
-0.0877372036156233 0.6864024580633425 0
-0.08897704894225211 0.6675968294783378 0
-0.1046432783676867 0.6780733813204641 0
0.1892955447360159 0.4226020105650897 0
0.1699097793305661 0.3766616766521844 0
-0.01605704294233991 0.285041832480495 0
0.000849031809723805 0.2933709092233732 0
-0.1928931881078912 0.5800111118510586 0
-0.1941330334345202 0.5612054832660538 0
-0.06429557654527211 0.2976658594218707 0
-0.07996180597070644 0.3081424112639976 0
0.1992143073487145 0.5730470392450838 0
0.1979744620220854 0.5542414106600789 0
-0.1735074227025697 0.6259514457639463 0
-0.2028119507209237 0.4295660831710204 0
-0.2015721053942945 0.4483717117560252 0
0.1530037045784162 0.3683325999092946 0
0.1385773205719975 0.3976147803304151 0
0.03635278646905894 0.5837844147417588 0
0.1678818484978457 0.594000142929337 0
0.1847879232499089 0.6023292196722154 0
-0.1058831236943155 0.6592677527354593 0
-0.1215493531197501 0.6697443045775857 0
-0.04119027516006265 0.4000230790897731 0
-0.03296311769440357 0.2767127557376168 0
0.1868158540825788 0.3849907533950561 0
-0.2040517960475528 0.4107604545860155 0
-0.1883855666221184 0.4002839027438888 0
-0.1203095077931214 0.6885499331625905 0
-0.1372155825451848 0.6802208564197121 0
0.02688578366893431 0.6882891095084767 0
0.02812562899556324 0.7070947380934816 0
0.01245939957012862 0.7175712899356079 0
0.1686699340037856 0.3578560480671592 0
0.1089364667759948 0.6923232360528582 0
0.1246026962014293 0.6818466842107316 0
0.09327023735055981 0.7027997878949849 0
-0.08649735828899448 0.7052080866483474 0
-0.06959128353693105 0.7135371633912259 0
-0.08120165129733581 0.2893367826789927 0
-0.0968678807227701 0.2998133345211196 0
-0.2097992628599547 0.5716820351081804 0
-0.2110391081865837 0.5528764065231755 0
-0.2085594175333257 0.5904876636931852 0
0.02936547432219209 0.7259003666784863 0
-0.0003908135169055731 0.2745652806383681 0
0.0165152612351581 0.2828943573812464 0
0.214880536774149 0.5625704874029572 0
0.2136406914475199 0.5437648588179522 0
0.1517638592746898 0.3495269712776072 0
0.01775510656178742 0.3016999859662512 0
-0.05685650458549712 0.4104996309318998 0
-0.1038551928618005 0.4419292864582796 0
0.02564593834230542 0.6694834809234718 0
-0.02552404573462819 0.3895465272476465 0
0.1905353900623667 0.4414076391500572 0
0.2062016194878105 0.4309310873079318 0
0.2074414648143947 0.4497367158929306 0
0.2231076942398232 0.4392601640508031 0
0.2243475395664438 0.4580657926358069 0
-0.03127151254413232 0.5504681077696212 0
-0.05888443541800576 0.6278380972090796 0
-0.03995042983343357 0.418828707674778 0
-0.05561665925886804 0.4293052595169046 0
0.1691216938244742 0.6128057715143419 0
0.1860277685765377 0.6211348482572203 0
0.1703615391511031 0.6316114000993468 0
-0.2184781801463581 0.4400426350131471 0
-0.2172383348197288 0.458848263598152 0
0.2016939980019724 0.6106582964150937 0
0.1674300886809484 0.3390504194743705 0
-0.2267053376120182 0.5633529583653021 0
-0.2279451829386472 0.5445473297802972 0
-0.2122789535132126 0.5340707779381707 0
-0.2291850282652762 0.5257417011952923 0
-0.2135187988398417 0.5152651493531659 0
-0.2304248735919052 0.5069360726102876 0
0.1258425415280581 0.7006523127957365 0
0.1415087709534925 0.6901757609536097 0
0.2218678489131931 0.4204545354657982 0
0.01369924489675739 0.736376918520613 0
0.1872676139031665 0.6399404768422252 0
-0.205291641374182 0.3919548260010106 0
-0.1896254119487475 0.381478274158884 0
0.1843361634298159 0.3473794962237305 0
-0.08525751296236568 0.7240137152333522 0
0.1505240139525099 0.3307213426835245 0
0.0334213360473944 0.2912234341084716 0
0.03218149067062112 0.2724178055365107 0
0.1360976298964114 0.3600035228775753 0
0.04503170374762672 0.7154238148363599 0
0.04627154907425556 0.7342294434213648 0
-0.172719337196684 0.3898073509017621 0
-0.173959182523313 0.3710017223167573 0
-0.1908652572753765 0.3626726455738791 0
-0.1751990278499421 0.3521960937317525 0
-0.1421749638517007 0.6049983420796935 0
0.04255201309436889 0.6778125576663501 0
-0.03871058450680451 0.4376343362597829 0
-0.05437681393223898 0.4481108881019095 0
0.1196433148952214 0.6066241698707598 0
-0.2003322600676654 0.46717734034103 0
-0.1409351185250717 0.6238039706646982 0
0.171601384477732 0.6504170286843518 0
0.2305467661995835 0.5520939355608305 0
0.2293069208729545 0.5332883069758256 0
0.2124008461208908 0.5249592302329473 0
0.2280670755463253 0.5144826783908207 0
-0.0683514382103023 0.7323427919762308 0
-0.135975737218556 0.6990264850047169 0
-0.1528818119706195 0.6906974082618383 0
-0.1541216572972482 0.6718917796768336 0
0.2317866115262125 0.5708995641458354 0
-0.2460911030173397 0.517412624452414 0
-0.2341444095717925 0.4505191868552738 0
0.166190243355693 0.3202447908865555 0
-0.0981077260493995 0.2810077059361148 0
-0.1137739554748338 0.2914842577782417 0
-0.1125341101482044 0.3102898863632465 0
-0.1294401137356192 0.3019608049285202 0
-0.1282003277128638 0.3207664374233986 0
-0.1451063455778008 0.3124371093173751 0
-0.08244149662396529 0.2705311540939879 0
-0.2209578707996164 0.4024313778431372 0
-0.1697878867226829 0.6823683315189598 0
0.244973150298389 0.5228117551336989 0
0.2437333049717598 0.5040061265486941 0
0.2400137689918759 0.44758924079368 0
-0.2473309483439686 0.4986069958674093 0
0.1492841482467812 0.3119156665466007 0
0.0490875676235979 0.2807468821246853 0
0.04784772008602656 0.2619412536969926 0
0.03466118140499683 0.3100290626661158 0
0.06193777849969027 0.7237528915792383 0
-0.05268520878486765 0.7218662401341043 0
-0.05144536345823885 0.7406718687191092 0
-0.03577913403280425 0.7301953168769828 0
-0.2353842548984216 0.4317135582702689 0
0.04131216776773998 0.6590069290813452 0
0.2086813101410079 0.4685423444779333 0
-0.02676389106125728 0.3707408986626416 0
-0.009857816309193733 0.3790699754055199 0
-0.01109766163582282 0.3602643468205151 0
0.005808413116240757 0.3685934235633933 0
0.00456856778961159 0.3497877949783884 0
-0.1190696624664926 0.7073555617475953 0
0.2111610007942616 0.5061536016479424 0
-0.1904134974546332 0.6176223690210683 0
-0.1891736521280042 0.6364279976060729 0
-0.2060797268800677 0.628098920863195 0
-0.2048398815534387 0.6469045494481995 0
0.09901770415454118 0.5418782073910342 0
-0.1252688890996371 0.6133274188225716 0
0.02440609301567646 0.6506778523384669 0
0.2412536143185031 0.4663948693786847 0
0.07636416259849615 0.6944707111521065 0
0.003780482284130275 0.5859318898405471 0
-0.1582929530978785 0.3605251704746307 0
-0.1966127240877782 0.5235942260960441 0
-0.02304435508137003 0.4271577844176563 0
0.04007232244111097 0.6402013004963403 0
0.02316624768904746 0.631872223753462 0
0.03883247711448198 0.6213956719113354 0
-0.03747073918017547 0.4564399648447877 0
-0.05313696860560998 0.4669165166869143 0
-0.07004304335767346 0.4585874399440361 0
-0.06880319803104441 0.4773930685290409 0
-0.05189712327898093 0.4857221452719191 0
-0.06756335270441537 0.4961986971140457 0
-0.0857092727831079 0.4690639917861626 0
-0.008617970982564711 0.3978756039905247 0
-0.05065727795235187 0.504527773856924 0
-0.1112942628447792 0.3290955148179222 0
0.1402689256268631 0.6713701323686047 0
-0.09021689426888094 0.648791200893333 0
0.1534554643990396 0.6232823233564685 0
-0.1978525694144072 0.5047885975110394 0
0.1575605607749263 0.6802729947414069 0
-0.1269604919407476 0.3395720666383273 0
-0.2436114123640817 0.5550238816224238 0
-0.1307433170631959 0.2832838373949879 0
-0.134846013877216 0.7176674414425959 0
0.1885074592297956 0.6587461054272302 0
0.20417368865523 0.6482695535851035 0
0.03101990325937593 0.2537292008186086 0
0.04659119201611114 0.2431988032366328 0
-0.1921051026020056 0.3438670169888742 0
-0.1764388731765711 0.3333904651467476 0
-0.2077713320274401 0.354343568831001 0
0.1424419554588023 0.7090016075273116 0
-0.2221977161262455 0.3836257492581324 0
-0.03468705640312565 0.7487799793772516 0
0.1272199297607741 0.7190783895591251 0
-0.09909292390799558 0.2625828673015568 0
-0.05162701901028378 0.7615737484409622 0
0.06314925543126489 0.7425160991661852 0
0.07883912518591138 0.7320748981557736 0
0.04747829793998791 0.7529855808419686 0
-0.2421661008327057 0.5735253745098075 0
0.2470229382668098 0.5600493598357018 0
-0.2590416287810811 0.566539419774052 0
0.06475580914558102 0.2702681011090215 0
0.1336179232319815 0.3223921876662937 0
0.0214746425416757 0.3581168717212667 0
0.02023479721504597 0.3393112431362617 0
-0.06632350737778632 0.5150043256990506 0
-0.08322958212984984 0.5066752489561723 0
-0.04941743262572278 0.5233334024419289 0
-0.01889768723023253 0.7384875659390719 0
-0.1265087344262661 0.5945217902375669 0
-0.1401470330191859 0.3876598758025135 0
0.02192640236241845 0.6130665951684571 0
-0.07252273401093158 0.4209761827740264 0
0.0582182425198035 0.6673360058242235 0
0.1954947713688272 0.5166301534900691 0
-0.1071229690209444 0.6404621241504546 0
-0.09145673959550987 0.6299855723083281 0
-0.2159984894930997 0.4776538921831567 0
-0.110054418781103 0.3479011434861927 0
-0.1710277320493117 0.6635627029339551 0
-0.1553615026238769 0.6530861510918289 0
-0.2504215177680852 0.4421486426740033 0
-0.2492349563453901 0.4609577842391235 0
-0.1178298171398639 0.7261611903326003 0
-0.08433196108074127 0.7422258226644343 0
0.14390737859193 0.7275953394792032 0
-0.1859503814545439 0.6739902309314993 0
-0.1854541161481176 0.692844883361086 0
-0.01780424769475647 0.756360887713132 0
-0.2619471181302226 0.5090498871534135 0
0.1457779886000247 0.2743079820858484 0
0.09615736954758251 0.2497190329081583 0
0.1632342493987821 0.3013645757921665 0
0.1818588693324928 0.3062915457268502 0
0.2519791575729365 0.5800142655392269 0
0.2335236389882659 0.589760520102677 0
-0.2653370110318134 0.529274179081221 0
-0.08424244329475682 0.2479846067488192 0
-0.06680088886596708 0.2595326436762438 0
-0.1015520472115269 0.2470180435213176 0
-0.2092073610735865 0.3346671224844037 0
-0.2383647776451046 0.3943384787494048 0
0.2594268242537636 0.4556994471443904 0
0.2579934949082713 0.4750773297021365 0
0.2556799984173073 0.4371126889515531 0
-0.2203928071991009 0.6383024794371709 0
-0.2224619943831293 0.6195465740133195 0
-0.2202543890079166 0.6558114953798898 0
0.2636042965987136 0.5122960291450979 0
0.2620985208601135 0.531596133002891 0
-0.2246774067795037 0.3460144920881227 0
0.2066245178734682 0.666954388855443 0
0.1904712232571308 0.6778358304189002 0
0.2204857240631112 0.655835030956389 0
0.2186940674172998 0.6377347530693152 0
0.1946986152552476 0.6984529535637086 0
0.1743828898095731 0.6886363775685571 0
0.08008369857838256 0.7508875969071218 0
0.09553663810493888 0.740423876843053 0
0.09683100258508377 0.7580173222301045 0
-0.2786448097232163 0.5186115798470085 0
-0.2521089335308187 0.4235626512426593 0
-0.2396438632426871 0.375739708470984 0
0.146921353030855 0.2931077615636903 0
-0.2647696887917866 0.4899823364482577 0
0.08020158308648304 0.2603368887158866 0
0.1310159722963099 0.284754966780423 0
0.08162744572410299 0.2786915875429802 0
0.06312081450399355 0.2520463597648379 0
0.0672334857213351 0.3078815876236602 0
0.1167127662875688 0.3140619186861566 0
0.1022855205820993 0.3433453141855392 0
0.1035253347286689 0.3621509858877334 0
0.08785910093980107 0.3726275439363754 0
0.08909894284265442 0.3914331773685791 0
0.1047651736237263 0.3809566233682429 0
0.1060050173410199 0.3997622546193584 0
0.09033878773586183 0.4102388069957698 0
0.1072448624753612 0.4185678837299545 0
0.0915786333155184 0.4290444359132867 0
0.1084847077930389 0.4373735125699025 0
0.09281847902283691 0.4478500645598775 0
0.07591240409359221 0.4395209881718495 0
0.07715224982680478 0.4583266167415707 0
0.09405832454783609 0.4666556933137757 0
0.07839209552787962 0.4771322453341324 0
0.09529817037529899 0.485461321877053 0
0.07963194112349893 0.495937873673675 0
0.0627258663309944 0.4876087974602568 0
0.06396571155682183 0.5064144259179194 0
0.09653801514949144 0.5042669502815847 0
0.1122042443361677 0.4937903986216136 0
0.06024617473783834 0.4499975402279331 0
0.04705963677893826 0.4980853493192886 0
0.04829948152473016 0.5168909776866665 0
0.04581979068193436 0.4792797204030403 0
0.05900632879069404 0.4311919113148173 0
0.04457994466471687 0.4604740917526759 0
0.1191915632543243 0.3516744346960451 0
0.05280710139344211 0.3371637680370675 0
0.05156726109933205 0.3183581328902799 0
0.06598863016878888 0.2890908709002563 0
0.03714087250940506 0.3476403191540337 0
0.03590102758510647 0.3288346900725024 0
0.02395433322048533 0.3957281288580049 0
-0.0019995948103667 0.7466858100006524 0
-0.0007163158399308163 0.767125974676462 0
0.01494082158602654 0.7548546116332919 0
0.01899495206104537 0.3205056143404821 0
0.03838071819411106 0.3664459472639316 0
0.09447374634973511 0.7216063767486092 0
0.1113736280309472 0.7295046219130941 0
-0.003216369560502941 0.7280137604372552 0
0.03263325134373177 0.527367529153408 0
-0.012337506962452 0.34145871823551 0
-0.08198973680321998 0.5254808775411772 0
-0.09889581155528429 0.5171518007982989 0
0.1101860916326782 0.7109941208274013 0
0.0606979331730614 0.7049472629942332 0
-0.03701897935943309 0.7113896882919779 0
0.05325886122877233 0.5921134914861614 0
-0.2617799182301171 0.5489174973938754 0
0.2387739236652461 0.4287836122086749 0
0.2371087368974053 0.4100060261640044 0
0.2205571133463514 0.4016535806375144 0
0.2357861862905386 0.3912058502951754 0
0.2192916687663138 0.3828496397979924 0
0.2359970777031637 0.370678146365901 0
0.2175141643032537 0.3638083872965674 0
0.25194612170941 0.3810237338741561 0
0.2541661606399349 0.4181475465908936 0
0.2723176283221299 0.4244686498616217 0
-0.1083628143475735 0.6216564955654498 0
0.02271448801268777 0.3769225001146577 0
0.003328722491753812 0.3309821663582542 0
-0.01064590181506685 0.6152140702677044 0
0.0375926317917396 0.6025900433267289 0
0.05449870654314508 0.6109191200696015 0
-0.1595327984245076 0.3417195418896259 0
0.2268272302196961 0.4956770498058158 0
0.1641623125251107 0.5375832571748022 0
-0.2456582759745458 0.5368195355875873 0
-0.04693774197140791 0.5609446596118692 0
-0.0481775872984346 0.5421390310268905 0
-0.03251135787306642 0.5316624791847683 0
-0.06508366205104649 0.5338099542840483 0
0.04379185842099784 0.696618186251355 0
-0.1938068220716637 0.3241739505097206 0
-0.1777755446426231 0.3143902004593909 0
-0.1934413263330047 0.3049241364780571 0
-0.1768104147405896 0.2952925470331356 0
-0.1614336464408613 0.3043583750597602 0
0.2004541526753435 0.5918526678300888 0
0.2174430911166444 0.6001909658016065 0
-0.1916533427812622 0.5988167404360635 0
0.03015356094342992 0.4897562718901478 0
-0.06553969214980755 0.2787732377409295 0
-0.04987417443735767 0.2682821870494799 0
-0.05110903777309694 0.2495780504097338 0
-0.03420379335284832 0.2578902118284018 0
-0.03481775716162069 0.2360535224697151 0
-0.0185367335955991 0.2474305753104843 0
-0.05224865706343262 0.2333362315249909 0
-0.01729702665760517 0.2662333846747882 0
-0.001630681908307558 0.2557591821832461 0
-0.001214407060584684 0.234347961020744 0
-0.2072322709985297 0.6092560805936905 0
-0.224123795549232 0.6009208019033956 0
-0.2417880714382517 0.612221961247984 0
0.1785886966246646 0.5083010767477203 0
-0.1665201105635383 0.4838354938267863 0
0.007500018263613118 0.6423487755955886 0
-0.2197180254729872 0.4212370064281422 0
0.1855760087559722 0.3661851248098238 0
-0.1690585053373684 0.7046965256157227 0
0.05697839719317717 0.648530377239219 0
-0.2405690453688478 0.59204993194967 0
-0.02924358171451558 0.3331296414926318 0
0.1810683872712139 0.5459123339172806 0
-0.1434148091783296 0.5861927134946886 0
-0.1389071876925567 0.4064655043875184 0
-0.1240290437730081 0.6321330474075765 0
-0.004898434996283694 0.4542924897449889 0
-0.03499104852423424 0.4940512220146204 0
-0.06795890772948047 0.7499775838050795 0
-0.1516419666439909 0.7095030368468433 0
-0.1496078532953894 0.7281555995255717 0
-0.1145620409807186 0.5276283526404258 0
-0.1714794918700548 0.4086129794867669 0
-0.07331081951681746 0.6571202776362113 0
-0.07376257933756063 0.4021705541890215 0
-0.05392505411149644 0.7030606115490994 0
-0.03825882468606171 0.6925840597069729 0
-0.01560528309098272 0.5399915559256673 0
-0.103403433041058 0.6968790099054689 0
-0.1021635877144291 0.7156846384904736 0
0.08335147474808888 0.5523547592199748 0
0.08211162991353065 0.5335491307425759 0
0.1880556994095889 0.4037963819801121 0
0.006260172936986632 0.6235431470105834 0
-0.1005608784089887 0.7343414770314189 0
-0.098876323336803 0.7516171994551455 0
-0.1108425050008284 0.5840452383954401 0
-0.1277485797528941 0.575716161652562 0
-0.008166211161820262 0.6528253274377148 0
-0.2328086171365238 0.4693184896972323 0
-0.236632577181763 0.4129339535734886 0
-0.04366996581332087 0.3624118219197634 0
-0.00444826513280103 0.7092365329693164 0
-0.08446942745647891 0.4878696203711675 0
-0.1195214222872349 0.4524058383004063 0
-0.2253204932926807 0.5820031275882568 0
0.01944671173449559 0.5754553379979939 0
-0.060124280744625 0.6090324686240741 0
0.07140478129272901 0.6192481968121848 0
-0.08942880876299512 0.4126471060311482 0
0.1208831602216821 0.6254297984557387 0
-0.1013755022085424 0.4795405436282894 0
-0.09562803506667478 0.3186189630844029 0
-0.07128288868430249 0.4397818113590312 0
0.1576699611935467 0.6988412511210071 0
-0.1558132624446204 0.3981364276446403 0
0.0594580878464325 0.6861416344092283 0
0.2460847592664914 0.5416371321846264 0
0.1184034695690796 0.5878185412858328 0
0.1353095443205313 0.5961476180286143 0
0.07512431727186754 0.6756650825671018 0
-0.04862934711983775 0.2871893075797438 0
0.196734616695655 0.5354357820750874 0
-0.1677599558901674 0.4650298652417815 0
0.1798285419532809 0.5271067053328585 0
0.05573855186721154 0.6297247486542958 0
-0.01684512841852971 0.5211859273407223 0
0.1340696989938961 0.5773419894436085 0
0.1748691606476047 0.4518841909902326 0
0.1917752353907414 0.4602132677347324 0
0.19301508071587 0.4790188963200057 0
0.1761090059751522 0.4706898195736683 0
-0.0280037363878864 0.3519352700776368 0
-0.1545734171179912 0.4169420562296451 0
0.008739863590242055 0.6611544041805933 0
-0.184666030642231 0.4567007884989033 0
-0.02428420040799912 0.4083521558326514 0
-0.007378125655935694 0.4166812325755297 0
-0.02056466442075567 0.4647690415871562 0
0.07016493597307107 0.6004425682281541 0
0.114683933765135 0.5314016557789856 0
0.03060531964882092 0.7447059952634913 0
0.03208338880165666 0.766015436810849 0
0.04970523251286033 0.7684163449025573 0
-0.09765596622865376 0.5359574293833039 0
-0.1413868783458149 0.3688542472175089 0
0.002088877169919779 0.3121765377673943 0
-0.02011716146517373 0.7197096472676323 0
-0.08694911810973695 0.4502583632011578 0
-0.08818896343636605 0.431452734616153 0
0.07388447194524166 0.6568594539820973 0
0.1398171659712427 0.4164204088285751 0
0.1373374752314453 0.3788091515644804 0
0.1522156190724414 0.6044766947714684 0
0.2424657606180819 0.4852593952271183 0
0.02068655704203299 0.5942609665835108 0
0.2162170564048883 0.5813868740880415 0
0.2334953207961359 0.6084226803532662 0
-0.01188574714118694 0.596408441682666 0
-0.1953728787611492 0.5423998546810489 0
-0.1797066493357147 0.5319233028389224 0
-0.1628005745836511 0.5402523795818007 0
-0.2238584114567594 0.3647465387970152 0
0.1546953097256685 0.6420879519414734 0
-0.07703035549667726 0.600703391881195 0
-0.0576445900913817 0.6466437257940847 0
-0.1784668040090857 0.5507289314239272 0
-0.1026153475351714 0.4607349150432845 0
0.1942549260435651 0.4978245249051435 0
-0.06384381672420207 0.5526155828690391 0
-0.1147906396675182 0.2732729738738754 0
-0.02180450975414447 0.4459634130026151 0
-0.1384554278718135 0.6614152278347073 0
0.07759716385957569 0.7132753214208243 0
-0.1001356568819133 0.4983461722132942 0
0.2255827683885609 0.4768812374313827 0
0.1509757737458067 0.5856710661864626 0
0.005020327611552427 0.6047375184255781 0
-0.1640404199102802 0.5214467509967958 0
0.2182944113611255 0.6189645117567051 0
0.2351848209763338 0.6289256732184323 0
0.1365493896470868 0.6149532466136075 0
-0.03375120319210995 0.5128568505992629 0
-0.1182815769606059 0.4712114668854112 0
0.01528845505364027 0.2641081544615361 0
0.2099203860504936 0.4873496090980373 0
-0.07455066484344519 0.6383146490512064 0
-0.07872196058916618 0.3269480398453821 0
-0.1158018863073478 0.5088227240554209 0
0.1233628508748054 0.6630410556257275 0
0.00952794909993279 0.4250103093135247 0
-0.1821863399889727 0.4943120456689128 0
0.007048258471192333 0.3873990521109173 0
0.01403557058189958 0.2452831002112362 0
0.2026919246525553 0.6294504066542772 0
0.1559994151182975 0.6609892114647989 0
0.1827427504456181 0.3280177556147874 0
0.1987222498982673 0.3369029898907362 0
-0.1438665551799167 0.331242947867642 0
0.2592495106787066 0.4931626440136078 0
0.2717634556980905 0.4830842864650253 0
-0.2066016283681252 0.3731369337699871 0
-0.1834261853156018 0.4755064170839081 0
-0.1809464946623437 0.5131176742539176 0
-0.1570531077712494 0.3793307990596355 0
-0.006138280328815223 0.4354868611602674 0
-0.01932481908349916 0.4835746701714764 0
-0.09438818955700888 0.3374245916573402 0
-0.09314834453849148 0.3562302202626585 0
0.1390397903112379 0.6525804422733207 0
0.1377910199754837 0.6337615316135554 0
0.2049499591212412 0.4121262376823933 0
-0.03623089384887591 0.475245593429479 0
-0.07579051017006942 0.6195090204662012 0
-0.1990924147410363 0.4859829689260347 0
0.008288103782297667 0.4062046807167087 0
-0.1096026596742007 0.602850866980445 0
-0.0926965849221319 0.6111799437233228 0
-0.122789198446379 0.6509386759925812 0
-0.1607726437511371 0.3229139133046207 0
-0.2147586441664708 0.4964595207681613 0
0.1730871554445759 0.6694829247175409 0
0.203711044798227 0.3933205477167825 0
-0.1088145740152779 0.3667067721081707 0
-0.125720648391523 0.3583776953405152 0
0.2024499127908142 0.3745045621954656 0
0.2009178277974644 0.3556687635903502 0
0.2167335964615503 0.3432321543046886 0
-0.1396952731984426 0.6426095992497027 0
-0.2316487277337609 0.4881293897347753 0
-0.1566013479505062 0.6342805225068244 0
-0.2485707936705975 0.4798013672824048 0
-0.1426267208967313 0.350048611571375 0
-0.1722675773759407 0.6447570743489508 0
-0.2049558337707738 0.6682610381470216 0
-0.1880358430553354 0.6556505989026166 0
-0.2650562090267118 0.4688848971185958 0
0.06148602062925802 0.4688031689279673 0
0.07467255819426899 0.4207153592377991 0
0.07343271292783153 0.4019097300064151 0
0.05032657701090752 0.2995549950522449 0
0.09777785969455675 0.523072578897778 0
0.1179518937143688 0.3328685428678897 0
0.1216712464515052 0.3892857027051202 0
0.1348578138873809 0.3411978336781559 0
0.1229110915300601 0.4080913321471537 0
0.1204314021728051 0.3704800721511363 0
0.1253907821482812 0.4457025894347026 0
0.1241509368499841 0.4268969607032004 0
0.1097245534065113 0.4561791413950224 0
0.04953932615292379 0.535696606002391 0
0.1109643989524261 0.4749847698631921 0
0.129110318617211 0.502119475151205 0
0.127870473156117 0.4833138465727327 0
0.1134440891516025 0.5125960271005 0
0.08087178551901418 0.5147435024869836 0
0.06520555577541408 0.5252200542181007 0
0.1321714636056744 0.3035806752408203 0
-0.1460167609331808 0.2940585159067286 0
-0.1467828920295568 0.2754252295739306 0
-0.2537900836592019 0.4057429908081726 0
0.06428292906715542 0.7608166965012317 0
0.2490637082058368 0.6007230345616391 0
0.2625445223724262 0.5503591795424794 0
0.1122288177025508 0.2393281189738371 0
-0.2263971842365653 0.3273165639081496 0
-0.06639167698026031 0.2399474636235026 0
0.03017134754978243 0.2355086915586828 0
0.04588479558028186 0.2221872001107462 0
0.06233834977949227 0.2340970696158261 0
-0.1311746009179948 0.2654126470708701 0
0.2792198645649367 0.5263940482194963 0
-0.2533299528758272 0.6287029163903852 0
-0.2612423945785505 0.6130496791273883 0
-0.276578950192517 0.5616746846569404 0
0.2005794406245346 0.2999083494022088 0
0.008393977033955257 0.2163552148770058 0
0.2248630252025775 0.6729061405892036 0
0.2664678380746118 0.5959776718227354 0
0.2777984710327281 0.5620953151841513 0
0.2248614690305369 0.3258351466028968 0
-0.2772262087834855 0.4385689970086141 0
-0.2833905537554781 0.4732117055767989 0
0.2354316760559595 0.3400007981725456 0
0.2537550809341765 0.629299086484397 0
-0.04474419726731692 0.7802814397441729 0
-0.2729142469918807 0.5791808390371929 0
-0.06209531518415124 0.7777984710327284 0
-0.1878172328250273 0.712175145188404 0
-0.2013574072904871 0.7000605816568548 0
0.1882449735751565 0.2864779903625172 0
-0.00938687459211234 0.216722145048717 0
-0.008941193743354623 0.7845133981561936 0
0.008518257757207088 0.7841707093388464 0
-0.1326706369303106 0.7360429939192235 0
0.1597001360048169 0.7351746556976977 0
-0.2247842631140516 0.6732624722219444 0
0.1126945105181934 0.7471057789386534 0
0.187582005541871 0.7161034059860367 0
0.1446759512693181 0.745053664848085 0
0.0944955017367085 0.2322906022298118 0
-0.03199425417031666 0.7670692575381246 0
0.1582255782916947 0.7172224556244469 0
-0.1458271897585206 0.2561336674713891 0
0.1978412968035673 0.3184102233978464 0
0.1603753860751976 0.2653618305086088 0
-0.255979317181478 0.5848001114410244 0
-0.2358004343652815 0.6321268038465881 0
-0.1139660423848783 0.7613852657215436 0
0.2513566109698678 0.3991527113845622 0
0.1281012461946525 0.7371796318845882 0
-0.2548860477992405 0.3696529928183912 0
-0.1156740526396054 0.7438894569176491 0
-0.1615104317950032 0.2850520831038623 0
-0.2367166207746168 0.6608724493565108 0
0.1723108640602168 0.7075289917214826 0
-0.1148758526478359 0.25603873188823 0
-0.2643006018103252 0.4501659571945609 0
-0.09573939383066991 0.7687570026116457 0
0.2364049277230506 0.6599559426631884 0
0.06383907459852024 0.7782267794251925 0
-0.2696069055693257 0.402935541367447 0
-0.1464062356902542 0.7457856544179873 0
-0.0441578340637968 0.2185439738099861 0
0.07899781654937212 0.2422663449854889 0
-0.01805587449095333 0.2308744245482682 0
-0.161181012396187 0.2661540298259572 0
0.2623140762286204 0.5662973730555049 0
0.2704711441629153 0.4423214050145019 0
-0.1156093264207577 0.2386234599910555 0
-0.1911939946763155 0.287041640925533 0
0.0154913422704569 0.2299039800945348 0
0.160519735445523 0.2831582578125283 0
0.01621111064542854 0.7707213474900367 0
0.2843963351217759 0.4705915555379844 0
-0.06385303654470978 0.2218379237051615 0
0.1124423739661011 0.7638441444103645 0
-0.2379599306067098 0.3382825981541233 0
0.2857978309992173 0.492944931050076 0
-0.2870639454717345 0.5058606700587546 0
-0.08226351906275604 0.7585482846222908 0
-0.1616417618647232 0.7368950105107733 0
-0.1978987107789661 0.6842216635507141 0
-0.09636478952968887 0.2319623100020259 0
-0.2633850417353029 0.4335596356052924 0
0.2291634500542949 0.353867741968921 0
0.2640641485173891 0.3893348878308143 0
0.2704545194283236 0.4670511366966258 0
-0.01680909992030221 0.7718087609865403 0
-0.2532384682989676 0.6005307643980113 0
0.06316986598405486 0.21872540678733 0
0.246269821288979 0.6167001641022666 0
0.2101675896016585 0.3273756915061529 0
0.1736599046763372 0.2905429749855701 0
0.2726990790677115 0.4986690620879858 0
0.2535828815108953 0.3664190858096169 0
-0.2044389516684844 0.2955610483315158 0
0.04174115070765601 0.7831268898766647 0
-0.06781620988573472 0.7647458536693768 0
0.2306675340207161 0.6462582673009988 0
-0.2848713589890968 0.5309393118308189 0
0.09822149842165234 0.7728207072177793 0
-0.1608800085759075 0.7195557816257543 0
0.2824876438868483 0.43725928080377 0
-0.2315824310174908 0.6470829731890294 0
-0.2747564794157598 0.5022730851036185 0
2 3 0 4403
1195
1196
1197
1198
1199
1200
1201
1202
1203
1204
1205
1206
1207
1208
1209
1210
1211
1212
1213
1214
1215
1216
1217
1218
1219
1220
1221
1222
1223
1224
1225
1226
1227
1228
1229
1230
1231
1232
1233
1234
1235
1236
1237
1238
1239
1240
1241
1242
1243
1244
1245
1246
1247
1248
1249
1250
1251
1252
1253
1254
1255
1256
1257
1258
1259
1260
1261
1262
1263
1264
1265
1266
1267
1268
1269
1270
1271
1272
1273
1274
1275
1276
1277
1278
1279
1280
1281
1282
1283
1284
1285
1286
1287
1288
1289
1290
1291
1292
1293
1294
1295
1296
1297
1298
1299
1300
1301
1302
1303
1304
1305
1306
1307
1308
1309
1310
1311
1312
1313
1314
1315
1316
1317
1318
1319
1320
1321
1322
1323
1324
1325
1326
1327
1328
1329
1330
1331
1332
1333
1334
1335
1336
1337
1338
1339
1340
1341
1342
1343
1344
1345
1346
1347
1348
1349
1350
1351
1352
1353
1354
1355
1356
1357
1358
1359
1360
1361
1362
1363
1364
1365
1366
1367
1368
1369
1370
1371
1372
1373
1374
1375
1376
1377
1378
1379
1380
1381
1382
1383
1384
1385
1386
1387
1388
1389
1390
1391
1392
1393
1394
1395
1396
1397
1398
1399
1400
1401
1402
1403
1404
1405
1406
1407
1408
1409
1410
1411
1412
1413
1414
1415
1416
1417
1418
1419
1420
1421
1422
1423
1424
1425
1426
1427
1428
1429
1430
1431
1432
1433
1434
1435
1436
1437
1438
1439
1440
1441
1442
1443
1444
1445
1446
1447
1448
1449
1450
1451
1452
1453
1454
1455
1456
1457
1458
1459
1460
1461
1462
1463
1464
1465
1466
1467
1468
1469
1470
1471
1472
1473
1474
1475
1476
1477
1478
1479
1480
1481
1482
1483
1484
1485
1486
1487
1488
1489
1490
1491
1492
1493
1494
1495
1496
1497
1498
1499
1500
1501
1502
1503
1504
1505
1506
1507
1508
1509
1510
1511
1512
1513
1514
1515
1516
1517
1518
1519
1520
1521
1522
1523
1524
1525
1526
1527
1528
1529
1530
1531
1532
1533
1534
1535
1536
1537
1538
1539
1540
1541
1542
1543
1544
1545
1546
1547
1548
1549
1550
1551
1552
1553
1554
1555
1556
1557
1558
1559
1560
1561
1562
1563
1564
1565
1566
1567
1568
1569
1570
1571
1572
1573
1574
1575
1576
1577
1578
1579
1580
1581
1582
1583
1584
1585
1586
1587
1588
1589
1590
1591
1592
1593
1594
1595
1596
1597
1598
1599
1600
1601
1602
1603
1604
1605
1606
1607
1608
1609
1610
1611
1612
1613
1614
1615
1616
1617
1618
1619
1620
1621
1622
1623
1624
1625
1626
1627
1628
1629
1630
1631
1632
1633
1634
1635
1636
1637
1638
1639
1640
1641
1642
1643
1644
1645
1646
1647
1648
1649
1650
1651
1652
1653
1654
1655
1656
1657
1658
1659
1660
1661
1662
1663
1664
1665
1666
1667
1668
1669
1670
1671
1672
1673
1674
1675
1676
1677
1678
1679
1680
1681
1682
1683
1684
1685
1686
1687
1688
1689
1690
1691
1692
1693
1694
1695
1696
1697
1698
1699
1700
1701
1702
1703
1704
1705
1706
1707
1708
1709
1710
1711
1712
1713
1714
1715
1716
1717
1718
1719
1720
1721
1722
1723
1724
1725
1726
1727
1728
1729
1730
1731
1732
1733
1734
1735
1736
1737
1738
1739
1740
1741
1742
1743
1744
1745
1746
1747
1748
1749
1750
1751
1752
1753
1754
1755
1756
1757
1758
1759
1760
1761
1762
1763
1764
1765
1766
1767
1768
1769
1770
1771
1772
1773
1774
1775
1776
1777
1778
1779
1780
1781
1782
1783
1784
1785
1786
1787
1788
1789
1790
1791
1792
1793
1794
1795
1796
1797
1798
1799
1800
1801
1802
1803
1804
1805
1806
1807
1808
1809
1810
1811
1812
1813
1814
1815
1816
1817
1818
1819
1820
1821
1822
1823
1824
1825
1826
1827
1828
1829
1830
1831
1832
1833
1834
1835
1836
1837
1838
1839
1840
1841
1842
1843
1844
1845
1846
1847
1848
1849
1850
1851
1852
1853
1854
1855
1856
1857
1858
1859
1860
1861
1862
1863
1864
1865
1866
1867
1868
1869
1870
1871
1872
1873
1874
1875
1876
1877
1878
1879
1880
1881
1882
1883
1884
1885
1886
1887
1888
1889
1890
1891
1892
1893
1894
1895
1896
1897
1898
1899
1900
1901
1902
1903
1904
1905
1906
1907
1908
1909
1910
1911
1912
1913
1914
1915
1916
1917
1918
1919
1920
1921
1922
1923
1924
1925
1926
1927
1928
1929
1930
1931
1932
1933
1934
1935
1936
1937
1938
1939
1940
1941
1942
1943
1944
1945
1946
1947
1948
1949
1950
1951
1952
1953
1954
1955
1956
1957
1958
1959
1960
1961
1962
1963
1964
1965
1966
1967
1968
1969
1970
1971
1972
1973
1974
1975
1976
1977
1978
1979
1980
1981
1982
1983
1984
1985
1986
1987
1988
1989
1990
1991
1992
1993
1994
1995
1996
1997
1998
1999
2000
2001
2002
2003
2004
2005
2006
2007
2008
2009
2010
2011
2012
2013
2014
2015
2016
2017
2018
2019
2020
2021
2022
2023
2024
2025
2026
2027
2028
2029
2030
2031
2032
2033
2034
2035
2036
2037
2038
2039
2040
2041
2042
2043
2044
2045
2046
2047
2048
2049
2050
2051
2052
2053
2054
2055
2056
2057
2058
2059
2060
2061
2062
2063
2064
2065
2066
2067
2068
2069
2070
2071
2072
2073
2074
2075
2076
2077
2078
2079
2080
2081
2082
2083
2084
2085
2086
2087
2088
2089
2090
2091
2092
2093
2094
2095
2096
2097
2098
2099
2100
2101
2102
2103
2104
2105
2106
2107
2108
2109
2110
2111
2112
2113
2114
2115
2116
2117
2118
2119
2120
2121
2122
2123
2124
2125
2126
2127
2128
2129
2130
2131
2132
2133
2134
2135
2136
2137
2138
2139
2140
2141
2142
2143
2144
2145
2146
2147
2148
2149
2150
2151
2152
2153
2154
2155
2156
2157
2158
2159
2160
2161
2162
2163
2164
2165
2166
2167
2168
2169
2170
2171
2172
2173
2174
2175
2176
2177
2178
2179
2180
2181
2182
2183
2184
2185
2186
2187
2188
2189
2190
2191
2192
2193
2194
2195
2196
2197
2198
2199
2200
2201
2202
2203
2204
2205
2206
2207
2208
2209
2210
2211
2212
2213
2214
2215
2216
2217
2218
2219
2220
2221
2222
2223
2224
2225
2226
2227
2228
2229
2230
2231
2232
2233
2234
2235
2236
2237
2238
2239
2240
2241
2242
2243
2244
2245
2246
2247
2248
2249
2250
2251
2252
2253
2254
2255
2256
2257
2258
2259
2260
2261
2262
2263
2264
2265
2266
2267
2268
2269
2270
2271
2272
2273
2274
2275
2276
2277
2278
2279
2280
2281
2282
2283
2284
2285
2286
2287
2288
2289
2290
2291
2292
2293
2294
2295
2296
2297
2298
2299
2300
2301
2302
2303
2304
2305
2306
2307
2308
2309
2310
2311
2312
2313
2314
2315
2316
2317
2318
2319
2320
2321
2322
2323
2324
2325
2326
2327
2328
2329
2330
2331
2332
2333
2334
2335
2336
2337
2338
2339
2340
2341
2342
2343
2344
2345
2346
2347
2348
2349
2350
2351
2352
2353
2354
2355
2356
2357
2358
2359
2360
2361
2362
2363
2364
2365
2366
2367
2368
2369
2370
2371
2372
2373
2374
2375
2376
2377
2378
2379
2380
2381
2382
2383
2384
2385
2386
2387
2388
2389
2390
2391
2392
2393
2394
2395
2396
2397
2398
2399
2400
2401
2402
2403
2404
2405
2406
2407
2408
2409
2410
2411
2412
2413
2414
2415
2416
2417
2418
2419
2420
2421
2422
2423
2424
2425
2426
2427
2428
2429
2430
2431
2432
2433
2434
2435
2436
2437
2438
2439
2440
2441
2442
2443
2444
2445
2446
2447
2448
2449
2450
2451
2452
2453
2454
2455
2456
2457
2458
2459
2460
2461
2462
2463
2464
2465
2466
2467
2468
2469
2470
2471
2472
2473
2474
2475
2476
2477
2478
2479
2480
2481
2482
2483
2484
2485
2486
2487
2488
2489
2490
2491
2492
2493
2494
2495
2496
2497
2498
2499
2500
2501
2502
2503
2504
2505
2506
2507
2508
2509
2510
2511
2512
2513
2514
2515
2516
2517
2518
2519
2520
2521
2522
2523
2524
2525
2526
2527
2528
2529
2530
2531
2532
2533
2534
2535
2536
2537
2538
2539
2540
2541
2542
2543
2544
2545
2546
2547
2548
2549
2550
2551
2552
2553
2554
2555
2556
2557
2558
2559
2560
2561
2562
2563
2564
2565
2566
2567
2568
2569
2570
2571
2572
2573
2574
2575
2576
2577
2578
2579
2580
2581
2582
2583
2584
2585
2586
2587
2588
2589
2590
2591
2592
2593
2594
2595
2596
2597
2598
2599
2600
2601
2602
2603
2604
2605
2606
2607
2608
2609
2610
2611
2612
2613
2614
2615
2616
2617
2618
2619
2620
2621
2622
2623
2624
2625
2626
2627
2628
2629
2630
2631
2632
2633
2634
2635
2636
2637
2638
2639
2640
2641
2642
2643
2644
2645
2646
2647
2648
2649
2650
2651
2652
2653
2654
2655
2656
2657
2658
2659
2660
2661
2662
2663
2664
2665
2666
2667
2668
2669
2670
2671
2672
2673
2674
2675
2676
2677
2678
2679
2680
2681
2682
2683
2684
2685
2686
2687
2688
2689
2690
2691
2692
2693
2694
2695
2696
2697
2698
2699
2700
2701
2702
2703
2704
2705
2706
2707
2708
2709
2710
2711
2712
2713
2714
2715
2716
2717
2718
2719
2720
2721
2722
2723
2724
2725
2726
2727
2728
2729
2730
2731
2732
2733
2734
2735
2736
2737
2738
2739
2740
2741
2742
2743
2744
2745
2746
2747
2748
2749
2750
2751
2752
2753
2754
2755
2756
2757
2758
2759
2760
2761
2762
2763
2764
2765
2766
2767
2768
2769
2770
2771
2772
2773
2774
2775
2776
2777
2778
2779
2780
2781
2782
2783
2784
2785
2786
2787
2788
2789
2790
2791
2792
2793
2794
2795
2796
2797
2798
2799
2800
2801
2802
2803
2804
2805
2806
2807
2808
2809
2810
2811
2812
2813
2814
2815
2816
2817
2818
2819
2820
2821
2822
2823
2824
2825
2826
2827
2828
2829
2830
2831
2832
2833
2834
2835
2836
2837
2838
2839
2840
2841
2842
2843
2844
2845
2846
2847
2848
2849
2850
2851
2852
2853
2854
2855
2856
2857
2858
2859
2860
2861
2862
2863
2864
2865
2866
2867
2868
2869
2870
2871
2872
2873
2874
2875
2876
2877
2878
2879
2880
2881
2882
2883
2884
2885
2886
2887
2888
2889
2890
2891
2892
2893
2894
2895
2896
2897
2898
2899
2900
2901
2902
2903
2904
2905
2906
2907
2908
2909
2910
2911
2912
2913
2914
2915
2916
2917
2918
2919
2920
2921
2922
2923
2924
2925
2926
2927
2928
2929
2930
2931
2932
2933
2934
2935
2936
2937
2938
2939
2940
2941
2942
2943
2944
2945
2946
2947
2948
2949
2950
2951
2952
2953
2954
2955
2956
2957
2958
2959
2960
2961
2962
2963
2964
2965
2966
2967
2968
2969
2970
2971
2972
2973
2974
2975
2976
2977
2978
2979
2980
2981
2982
2983
2984
2985
2986
2987
2988
2989
2990
2991
2992
2993
2994
2995
2996
2997
2998
2999
3000
3001
3002
3003
3004
3005
3006
3007
3008
3009
3010
3011
3012
3013
3014
3015
3016
3017
3018
3019
3020
3021
3022
3023
3024
3025
3026
3027
3028
3029
3030
3031
3032
3033
3034
3035
3036
3037
3038
3039
3040
3041
3042
3043
3044
3045
3046
3047
3048
3049
3050
3051
3052
3053
3054
3055
3056
3057
3058
3059
3060
3061
3062
3063
3064
3065
3066
3067
3068
3069
3070
3071
3072
3073
3074
3075
3076
3077
3078
3079
3080
3081
3082
3083
3084
3085
3086
3087
3088
3089
3090
3091
3092
3093
3094
3095
3096
3097
3098
3099
3100
3101
3102
3103
3104
3105
3106
3107
3108
3109
3110
3111
3112
3113
3114
3115
3116
3117
3118
3119
3120
3121
3122
3123
3124
3125
3126
3127
3128
3129
3130
3131
3132
3133
3134
3135
3136
3137
3138
3139
3140
3141
3142
3143
3144
3145
3146
3147
3148
3149
3150
3151
3152
3153
3154
3155
3156
3157
3158
3159
3160
3161
3162
3163
3164
3165
3166
3167
3168
3169
3170
3171
3172
3173
3174
3175
3176
3177
3178
3179
3180
3181
3182
3183
3184
3185
3186
3187
3188
3189
3190
3191
3192
3193
3194
3195
3196
3197
3198
3199
3200
3201
3202
3203
3204
3205
3206
3207
3208
3209
3210
3211
3212
3213
3214
3215
3216
3217
3218
3219
3220
3221
3222
3223
3224
3225
3226
3227
3228
3229
3230
3231
3232
3233
3234
3235
3236
3237
3238
3239
3240
3241
3242
3243
3244
3245
3246
3247
3248
3249
3250
3251
3252
3253
3254
3255
3256
3257
3258
3259
3260
3261
3262
3263
3264
3265
3266
3267
3268
3269
3270
3271
3272
3273
3274
3275
3276
3277
3278
3279
3280
3281
3282
3283
3284
3285
3286
3287
3288
3289
3290
3291
3292
3293
3294
3295
3296
3297
3298
3299
3300
3301
3302
3303
3304
3305
3306
3307
3308
3309
3310
3311
3312
3313
3314
3315
3316
3317
3318
3319
3320
3321
3322
3323
3324
3325
3326
3327
3328
3329
3330
3331
3332
3333
3334
3335
3336
3337
3338
3339
3340
3341
3342
3343
3344
3345
3346
3347
3348
3349
3350
3351
3352
3353
3354
3355
3356
3357
3358
3359
3360
3361
3362
3363
3364
3365
3366
3367
3368
3369
3370
3371
3372
3373
3374
3375
3376
3377
3378
3379
3380
3381
3382
3383
3384
3385
3386
3387
3388
3389
3390
3391
3392
3393
3394
3395
3396
3397
3398
3399
3400
3401
3402
3403
3404
3405
3406
3407
3408
3409
3410
3411
3412
3413
3414
3415
3416
3417
3418
3419
3420
3421
3422
3423
3424
3425
3426
3427
3428
3429
3430
3431
3432
3433
3434
3435
3436
3437
3438
3439
3440
3441
3442
3443
3444
3445
3446
3447
3448
3449
3450
3451
3452
3453
3454
3455
3456
3457
3458
3459
3460
3461
3462
3463
3464
3465
3466
3467
3468
3469
3470
3471
3472
3473
3474
3475
3476
3477
3478
3479
3480
3481
3482
3483
3484
3485
3486
3487
3488
3489
3490
3491
3492
3493
3494
3495
3496
3497
3498
3499
3500
3501
3502
3503
3504
3505
3506
3507
3508
3509
3510
3511
3512
3513
3514
3515
3516
3517
3518
3519
3520
3521
3522
3523
3524
3525
3526
3527
3528
3529
3530
3531
3532
3533
3534
3535
3536
3537
3538
3539
3540
3541
3542
3543
3544
3545
3546
3547
3548
3549
3550
3551
3552
3553
3554
3555
3556
3557
3558
3559
3560
3561
3562
3563
3564
3565
3566
3567
3568
3569
3570
3571
3572
3573
3574
3575
3576
3577
3578
3579
3580
3581
3582
3583
3584
3585
3586
3587
3588
3589
3590
3591
3592
3593
3594
3595
3596
3597
3598
3599
3600
3601
3602
3603
3604
3605
3606
3607
3608
3609
3610
3611
3612
3613
3614
3615
3616
3617
3618
3619
3620
3621
3622
3623
3624
3625
3626
3627
3628
3629
3630
3631
3632
3633
3634
3635
3636
3637
3638
3639
3640
3641
3642
3643
3644
3645
3646
3647
3648
3649
3650
3651
3652
3653
3654
3655
3656
3657
3658
3659
3660
3661
3662
3663
3664
3665
3666
3667
3668
3669
3670
3671
3672
3673
3674
3675
3676
3677
3678
3679
3680
3681
3682
3683
3684
3685
3686
3687
3688
3689
3690
3691
3692
3693
3694
3695
3696
3697
3698
3699
3700
3701
3702
3703
3704
3705
3706
3707
3708
3709
3710
3711
3712
3713
3714
3715
3716
3717
3718
3719
3720
3721
3722
3723
3724
3725
3726
3727
3728
3729
3730
3731
3732
3733
3734
3735
3736
3737
3738
3739
3740
3741
3742
3743
3744
3745
3746
3747
3748
3749
3750
3751
3752
3753
3754
3755
3756
3757
3758
3759
3760
3761
3762
3763
3764
3765
3766
3767
3768
3769
3770
3771
3772
3773
3774
3775
3776
3777
3778
3779
3780
3781
3782
3783
3784
3785
3786
3787
3788
3789
3790
3791
3792
3793
3794
3795
3796
3797
3798
3799
3800
3801
3802
3803
3804
3805
3806
3807
3808
3809
3810
3811
3812
3813
3814
3815
3816
3817
3818
3819
3820
3821
3822
3823
3824
3825
3826
3827
3828
3829
3830
3831
3832
3833
3834
3835
3836
3837
3838
3839
3840
3841
3842
3843
3844
3845
3846
3847
3848
3849
3850
3851
3852
3853
3854
3855
3856
3857
3858
3859
3860
3861
3862
3863
3864
3865
3866
3867
3868
3869
3870
3871
3872
3873
3874
3875
3876
3877
3878
3879
3880
3881
3882
3883
3884
3885
3886
3887
3888
3889
3890
3891
3892
3893
3894
3895
3896
3897
3898
3899
3900
3901
3902
3903
3904
3905
3906
3907
3908
3909
3910
3911
3912
3913
3914
3915
3916
3917
3918
3919
3920
3921
3922
3923
3924
3925
3926
3927
3928
3929
3930
3931
3932
3933
3934
3935
3936
3937
3938
3939
3940
3941
3942
3943
3944
3945
3946
3947
3948
3949
3950
3951
3952
3953
3954
3955
3956
3957
3958
3959
3960
3961
3962
3963
3964
3965
3966
3967
3968
3969
3970
3971
3972
3973
3974
3975
3976
3977
3978
3979
3980
3981
3982
3983
3984
3985
3986
3987
3988
3989
3990
3991
3992
3993
3994
3995
3996
3997
3998
3999
4000
4001
4002
4003
4004
4005
4006
4007
4008
4009
4010
4011
4012
4013
4014
4015
4016
4017
4018
4019
4020
4021
4022
4023
4024
4025
4026
4027
4028
4029
4030
4031
4032
4033
4034
4035
4036
4037
4038
4039
4040
4041
4042
4043
4044
4045
4046
4047
4048
4049
4050
4051
4052
4053
4054
4055
4056
4057
4058
4059
4060
4061
4062
4063
4064
4065
4066
4067
4068
4069
4070
4071
4072
4073
4074
4075
4076
4077
4078
4079
4080
4081
4082
4083
4084
4085
4086
4087
4088
4089
4090
4091
4092
4093
4094
4095
4096
4097
4098
4099
4100
4101
4102
4103
4104
4105
4106
4107
4108
4109
4110
4111
4112
4113
4114
4115
4116
4117
4118
4119
4120
4121
4122
4123
4124
4125
4126
4127
4128
4129
4130
4131
4132
4133
4134
4135
4136
4137
4138
4139
4140
4141
4142
4143
4144
4145
4146
4147
4148
4149
4150
4151
4152
4153
4154
4155
4156
4157
4158
4159
4160
4161
4162
4163
4164
4165
4166
4167
4168
4169
4170
4171
4172
4173
4174
4175
4176
4177
4178
4179
4180
4181
4182
4183
4184
4185
4186
4187
4188
4189
4190
4191
4192
4193
4194
4195
4196
4197
4198
4199
4200
4201
4202
4203
4204
4205
4206
4207
4208
4209
4210
4211
4212
4213
4214
4215
4216
4217
4218
4219
4220
4221
4222
4223
4224
4225
4226
4227
4228
4229
4230
4231
4232
4233
4234
4235
4236
4237
4238
4239
4240
4241
4242
4243
4244
4245
4246
4247
4248
4249
4250
4251
4252
4253
4254
4255
4256
4257
4258
4259
4260
4261
4262
4263
4264
4265
4266
4267
4268
4269
4270
4271
4272
4273
4274
4275
4276
4277
4278
4279
4280
4281
4282
4283
4284
4285
4286
4287
4288
4289
4290
4291
4292
4293
4294
4295
4296
4297
4298
4299
4300
4301
4302
4303
4304
4305
4306
4307
4308
4309
4310
4311
4312
4313
4314
4315
4316
4317
4318
4319
4320
4321
4322
4323
4324
4325
4326
4327
4328
4329
4330
4331
4332
4333
4334
4335
4336
4337
4338
4339
4340
4341
4342
4343
4344
4345
4346
4347
4348
4349
4350
4351
4352
4353
4354
4355
4356
4357
4358
4359
4360
4361
4362
4363
4364
4365
4366
4367
4368
4369
4370
4371
4372
4373
4374
4375
4376
4377
4378
4379
4380
4381
4382
4383
4384
4385
4386
4387
4388
4389
4390
4391
4392
4393
4394
4395
4396
4397
4398
4399
4400
4401
4402
4403
4404
4405
4406
4407
4408
4409
4410
4411
4412
4413
4414
4415
4416
4417
4418
4419
4420
4421
4422
4423
4424
4425
4426
4427
4428
4429
4430
4431
4432
4433
4434
4435
4436
4437
4438
4439
4440
4441
4442
4443
4444
4445
4446
4447
4448
4449
4450
4451
4452
4453
4454
4455
4456
4457
4458
4459
4460
4461
4462
4463
4464
4465
4466
4467
4468
4469
4470
4471
4472
4473
4474
4475
4476
4477
4478
4479
4480
4481
4482
4483
4484
4485
4486
4487
4488
4489
4490
4491
4492
4493
4494
4495
4496
4497
4498
4499
4500
4501
4502
4503
4504
4505
4506
4507
4508
4509
4510
4511
4512
4513
4514
4515
4516
4517
4518
4519
4520
4521
4522
4523
4524
4525
4526
4527
4528
4529
4530
4531
4532
4533
4534
4535
4536
4537
4538
4539
4540
4541
4542
4543
4544
4545
4546
4547
4548
4549
4550
4551
4552
4553
4554
4555
4556
4557
4558
4559
4560
4561
4562
4563
4564
4565
4566
4567
4568
4569
4570
4571
4572
4573
4574
4575
4576
4577
4578
4579
4580
4581
4582
4583
4584
4585
4586
4587
4588
4589
4590
4591
4592
4593
4594
4595
4596
4597
4598
4599
4600
4601
4602
4603
4604
4605
4606
4607
4608
4609
4610
4611
4612
4613
4614
4615
4616
4617
4618
4619
4620
4621
4622
4623
4624
4625
4626
4627
4628
4629
4630
4631
4632
4633
4634
4635
4636
4637
4638
4639
4640
4641
4642
4643
4644
4645
4646
4647
4648
4649
4650
4651
4652
4653
4654
4655
4656
4657
4658
4659
4660
4661
4662
4663
4664
4665
4666
4667
4668
4669
4670
4671
4672
4673
4674
4675
4676
4677
4678
4679
4680
4681
4682
4683
4684
4685
4686
4687
4688
4689
4690
4691
4692
4693
4694
4695
4696
4697
4698
4699
4700
4701
4702
4703
4704
4705
4706
4707
4708
4709
4710
4711
4712
4713
4714
4715
4716
4717
4718
4719
4720
4721
4722
4723
4724
4725
4726
4727
4728
4729
4730
4731
4732
4733
4734
4735
4736
4737
4738
4739
4740
4741
4742
4743
4744
4745
4746
4747
4748
4749
4750
4751
4752
4753
4754
4755
4756
4757
4758
4759
4760
4761
4762
4763
4764
4765
4766
4767
4768
4769
4770
4771
4772
4773
4774
4775
4776
4777
4778
4779
4780
4781
4782
4783
4784
4785
4786
4787
4788
4789
4790
4791
4792
4793
4794
4795
4796
4797
4798
4799
4800
4801
4802
4803
4804
4805
4806
4807
4808
4809
4810
4811
4812
4813
4814
4815
4816
4817
4818
4819
4820
4821
4822
4823
4824
4825
4826
4827
4828
4829
4830
4831
4832
4833
4834
4835
4836
4837
4838
4839
4840
4841
4842
4843
4844
4845
4846
4847
4848
4849
4850
4851
4852
4853
4854
4855
4856
4857
4858
4859
4860
4861
4862
4863
4864
4865
4866
4867
4868
4869
4870
4871
4872
4873
4874
4875
4876
4877
4878
4879
4880
4881
4882
4883
4884
4885
4886
4887
4888
4889
4890
4891
4892
4893
4894
4895
4896
4897
4898
4899
4900
4901
4902
4903
4904
4905
4906
4907
4908
4909
4910
4911
4912
4913
4914
4915
4916
4917
4918
4919
4920
4921
4922
4923
4924
4925
4926
4927
4928
4929
4930
4931
4932
4933
4934
4935
4936
4937
4938
4939
4940
4941
4942
4943
4944
4945
4946
4947
4948
4949
4950
4951
4952
4953
4954
4955
4956
4957
4958
4959
4960
4961
4962
4963
4964
4965
4966
4967
4968
4969
4970
4971
4972
4973
4974
4975
4976
4977
4978
4979
4980
4981
4982
4983
4984
4985
4986
4987
4988
4989
4990
4991
4992
4993
4994
4995
4996
4997
4998
4999
5000
5001
5002
5003
5004
5005
5006
5007
5008
5009
5010
5011
5012
5013
5014
5015
5016
5017
5018
5019
5020
5021
5022
5023
5024
5025
5026
5027
5028
5029
5030
5031
5032
5033
5034
5035
5036
5037
5038
5039
5040
5041
5042
5043
5044
5045
5046
5047
5048
5049
5050
5051
5052
5053
5054
5055
5056
5057
5058
5059
5060
5061
5062
5063
5064
5065
5066
5067
5068
5069
5070
5071
5072
5073
5074
5075
5076
5077
5078
5079
5080
5081
5082
5083
5084
5085
5086
5087
5088
5089
5090
5091
5092
5093
5094
5095
5096
5097
5098
5099
5100
5101
5102
5103
5104
5105
5106
5107
5108
5109
5110
5111
5112
5113
5114
5115
5116
5117
5118
5119
5120
5121
5122
5123
5124
5125
5126
5127
5128
5129
5130
5131
5132
5133
5134
5135
5136
5137
5138
5139
5140
5141
5142
5143
5144
5145
5146
5147
5148
5149
5150
5151
5152
5153
5154
5155
5156
5157
5158
5159
5160
5161
5162
5163
5164
5165
5166
5167
5168
5169
5170
5171
5172
5173
5174
5175
5176
5177
5178
5179
5180
5181
5182
5183
5184
5185
5186
5187
5188
5189
5190
5191
5192
5193
5194
5195
5196
5197
5198
5199
5200
5201
5202
5203
5204
5205
5206
5207
5208
5209
5210
5211
5212
5213
5214
5215
5216
5217
5218
5219
5220
5221
5222
5223
5224
5225
5226
5227
5228
5229
5230
5231
5232
5233
5234
5235
5236
5237
5238
5239
5240
5241
5242
5243
5244
5245
5246
5247
5248
5249
5250
5251
5252
5253
5254
5255
5256
5257
5258
5259
5260
5261
5262
5263
5264
5265
5266
5267
5268
5269
5270
5271
5272
5273
5274
5275
5276
5277
5278
5279
5280
5281
5282
5283
5284
5285
5286
5287
5288
5289
5290
5291
5292
5293
5294
5295
5296
5297
5298
5299
5300
5301
5302
5303
5304
5305
5306
5307
5308
5309
5310
5311
5312
5313
5314
5315
5316
5317
5318
5319
5320
5321
5322
5323
5324
5325
5326
5327
5328
5329
5330
5331
5332
5333
5334
5335
5336
5337
5338
5339
5340
5341
5342
5343
5344
5345
5346
5347
5348
5349
5350
5351
5352
5353
5354
5355
5356
5357
5358
5359
5360
5361
5362
5363
5364
5365
5366
5367
5368
5369
5370
5371
5372
5373
5374
5375
5376
5377
5378
5379
5380
5381
5382
5383
5384
5385
5386
5387
5388
5389
5390
5391
5392
5393
5394
5395
5396
5397
5398
5399
5400
5401
5402
5403
5404
5405
5406
5407
5408
5409
5410
5411
5412
5413
5414
5415
5416
5417
5418
5419
5420
5421
5422
5423
5424
5425
5426
5427
5428
5429
5430
5431
5432
5433
5434
5435
5436
5437
5438
5439
5440
5441
5442
5443
5444
5445
5446
5447
5448
5449
5450
5451
5452
5453
5454
5455
5456
5457
5458
5459
5460
5461
5462
5463
5464
5465
5466
5467
5468
5469
5470
5471
5472
5473
5474
5475
5476
5477
5478
5479
5480
5481
5482
5483
5484
5485
5486
5487
5488
5489
5490
5491
5492
5493
5494
5495
5496
5497
5498
5499
5500
5501
5502
5503
5504
5505
5506
5507
5508
5509
5510
5511
5512
5513
5514
5515
5516
5517
5518
5519
5520
5521
5522
5523
5524
5525
5526
5527
5528
5529
5530
5531
5532
5533
5534
5535
5536
5537
5538
5539
5540
5541
5542
5543
5544
5545
5546
5547
5548
5549
5550
5551
5552
5553
5554
5555
5556
5557
5558
5559
5560
5561
5562
5563
5564
5565
5566
5567
5568
5569
5570
5571
5572
5573
5574
5575
5576
5577
5578
5579
5580
5581
5582
5583
5584
5585
5586
5587
5588
5589
5590
5591
5592
5593
5594
5595
5596
5597
-0.2232901186884555 0.7240549929859873 0
-0.2237127315246621 0.2766213713400727 0
0.2222025793754132 0.7237789835600524 0
0.2226485619412365 0.2771229827941781 0
0.162485894578993 0.2294436895513394 0
-0.2723222935688226 0.3392427375667501 0
0.2722129257877357 0.6614648514533664 0
-0.1611268204789749 0.7720162041754057 0
-0.2725255820072648 0.661917397714463 0
0.2720119686483582 0.338873494470276 0
-0.1611284693223916 0.2279923339540246 0
0.1611178899695775 0.7721241390512682 0
-0.3056396753432034 0.5907113319226324 0
0.3036193938277978 0.4117904118683599 0
-0.08820958813163993 0.1963806061722022 0
-0.0870387241527551 0.8027127474840076 0
0.08820958813163995 0.1963806061722021 0
0.0887172397197791 0.8026445009442763 0
0.3048063550476879 0.5893447265896411 0
-0.3023016601323619 0.4123415155583785 0
-0.535288415547382 -0.4633016232742119 0
-0.9713334428193312 1.03911940517487 0
0.5440105557693706 1.46643655295097 0
0.966479512281051 -0.04437853534267344 0
-0.01019876233367244 0.1839144882286936 0
0.3135249255560321 0.4910977813866254 0
-0.3143026835983003 0.5103144755886552 0
0.009931248922301766 0.8160174647730033 0
-0.5005321988167906 1.465392487579491 0
-0.9649837860296062 -0.000897669018320113 0
0.9738565844569955 1.001053076224975 0
0.5021886122293349 -0.4625446183191437 0
-0.9646622489820207 0.8405407983699374 0
0.9619518932209128 0.1602680460776176 0
-0.3393943088657169 -0.4654426430231779 0
0.3417856401341919 1.466909385162146 0
0.3 -0.4653589838486224 0
-0.966178676442659 0.2001712123379297 0
0.9674477747818143 0.7998743812968923 0
-0.3 1.465358983848622 0
-0.9666661507146259 0.6857735678489799 0
0.9658043235393571 0.3192410598792226 0
-0.1798022408646359 -0.4675648402601489 0
0.1794814984421592 1.465717879347346 0
-0.1393518423269672 1.464356935870669 0
0.14 -0.4653589838486226 0
-0.9663422586568826 0.3620050136477285 0
0.964775661708822 0.6389913700215681 0
-0.0187302935651621 -0.4668388664451305 0
0.9636309002539842 0.4811907926029106 0
-0.9653589838486225 0.52 0
0.01841207715221772 1.4613626176666 0
-0.9663077330702192 -0.1615888488147375 0
0.966634075355303 1.157865849339955 0
0.6617740947646568 -0.4669288721679186 0
-0.6587670893805612 1.468359112821415 0
-0.9708783346917258 1.192196002511794 0
-0.6984688981492707 -0.4675899006364281 0
0.9653580321061646 -0.199820954528672 0
0.7052391709878967 1.468391374923738 0
-0.7761969566115332 1.461712594174233 0
-0.9650655244268266 -0.2795969738804434 0
0.9653589838486224 1.28 0
0.7806244053174353 -0.468142943642387 0
-0.8202019850146057 -0.4650075491642722 0
-0.9654601010544414 1.320562484068617 0
0.8198472866890766 1.466758563460058 0
0.9652385388258138 -0.3200362005686455 0
-0.1942614130861626 0.2502439964439447 0
0.1939781059930933 0.2505883199020895 0
-0.2498260578672714 0.3062150455860627 0
0.1934346783809918 0.7499676367022577 0
-0.125523123475977 0.2099332796058198 0
-0.1241705844132748 0.7868282090370884 0
0.1256029826210615 0.7897461982482854 0
-0.2896087517765504 0.3739833421234742 0
0.2904709205240833 0.6243410909273355 0
0.2509457318968052 0.6942397284441235 0
-0.2497263349439758 0.6941416403490791 0
0.2500451931320051 0.3074265383983324 0
-0.193948848398081 0.7496794427684694 0
0.04960298286681578 0.1877374057183706 0
-0.04894015601211524 0.8125671099616478 0
-0.2908675869637281 0.6225375259717938 0
0.3115492941682914 0.5502723034467338 0
0.2918583582777028 0.3727844442805194 0
0.124982110578422 0.2089910013903461 0
-0.3131529531506753 0.4492791352370172 0
0.05098835854924067 0.8141152481044358 0
-0.04873650678405678 0.1847035850641397 0
0.3124891285847396 0.4498921779458888 0
-0.3124013356368054 0.5499301216400885 0
-0.06663773245664176 1.46740159221089 0
-0.9697353102691839 0.7599228342936618 0
-0.9653589838486224 0.4399999999999999 0
0.9615473453825852 0.5553186939139878 0
0.0596123057877834 -0.4655574095299537 0
0.9680087738599303 0.240485705308722 0
0.9699858263549604 0.4024651801148129 0
-0.2632054723880046 -0.4626262465761722 0
-0.09907092837414902 -0.4662288780551227 0
0.2638629465983851 1.461428460877336 0
0.09827278271700426 1.465684482208122 0
-0.9616139227795828 0.6003200374910611 0
-0.4241249320758588 -0.4614315899853192 0
0.9697073952003972 0.08277831121246021 0
-0.9653589838486225 0.9199999999999999 0
0.4178519668852023 1.464152103210799 0
0.3799999999999999 -0.4653589838486226 0
-0.9653589838486226 0.1200000000000001 0
0.9659517034517626 0.8745109785698703 0
0.22 -0.4653589838486224 0
-0.9677494703017966 0.2770364093172009 0
0.9679459486101296 0.7224925367780867 0
-0.3774088084830707 1.461868947008932 0
-0.22 1.465358983848622 0
0.6199999999999999 1.465358983848623 0
-0.6217180006056002 -0.4638060190636352 0
-0.9645901234408023 1.121150379094076 0
0.9669736289133378 -0.1210089850234592 0
-0.5797774756366183 1.465527008179424 0
0.5800450575933929 -0.4660923184950164 0
-0.9661412195837085 -0.07907245407871155 0
0.9657271976922852 1.080104285014376 0
0.8603447870725606 -0.4655536942902364 0
-0.9629194727699258 -0.3644953513207418 0
-0.8582661414459278 1.46088496787715 0
0.9620003501441325 1.360862555352904 0
-0.9676564192399839 1.399672078104287 0
-0.8994938084177752 -0.4641327815119898 0
0.9671527468072157 -0.3950524724715554 0
0.9 1.465358983848623 0
-0.937205286241541 1.461731494367257 0
0.9398305123888386 -0.466129182571678 0
-0.9638281597128426 -0.4364058815323439 0
0.9629197024689526 1.436004048080048 0
-0.2370889010118366 0.2910158694985298 0
-0.2426467647171213 0.2723233907746934 0
-0.2291431981880485 0.2578566582774125 0
-0.2487832649997143 0.2535595980578382 0
-0.2340435459894774 0.2383607604137381 0
-0.2548486183501513 0.2340698561674792 0
-0.2397670293988366 0.2185665579840714 0
-0.2612591756974158 0.21418102842895 0
-0.2474689651756831 0.1986828369822691 0
-0.2681035549320275 0.1939427507057222 0
-0.2538806424968941 0.1779700231993253 0
-0.2750464665419647 0.17291025861 0
-0.2597005824118577 0.1564085922342713 0
-0.2819112765297342 0.1513725662406084 0
-0.2973033778752805 0.1686165778181224 0
-0.3044672812912548 0.1463293000922489 0
-0.3206475108353347 0.165059202498275 0
-0.3271987394416911 0.1417438088785088 0
-0.344666745581418 0.1599625855257419 0
-0.3514581619351617 0.1325301668105247 0
-0.2663525678508065 0.134528836706258 0
-0.3695378795152225 0.1549707945982465 0
-0.3754783893947314 0.1303876708942259 0
-0.3934114167719627 0.1499036251709889 0
-0.4006087178632763 0.1249410386778739 0
-0.3842781579186456 0.1061056751828906 0
-0.4087820274498918 0.1001077764838687 0
-0.4174189377307382 0.1445748389906808 0
-0.3907012866833961 0.08067898437933674 0
-0.4168524876014917 0.0746924308343983 0
-0.3988087828410588 0.05477449111839222 0
-0.4253180862205461 0.04867254531409548 0
-0.4067741513623056 0.02827127347552361 0
-0.4339348119018379 0.02206482563120965 0
-0.4528074142672334 0.04295378979156039 0
-0.4617368087178913 0.01582424007166544 0
-0.4813728955838948 0.03790415421866128 0
-0.4902208294406681 0.009608657494327266 0
-0.414742807688844 0.001292983419565075 0
-0.5104313520158452 0.03237808278626897 0
-0.5193143258981558 0.003228269122394267 0
-0.5396963868720858 0.02589336354815497 0
-0.5489315749070807 -0.003404479342782318 0
-0.5282433095364015 -0.02606461404255256 0
-0.5584629964421701 -0.03289051159281564 0
-0.410810179306771 0.1692609912176456 0
-0.4348183798086569 0.1639991840825689 0
-0.4275452948557223 0.1883411145223461 0
-0.4520825749745 0.1835902261365706 0
-0.4442883716222643 0.2079981570628228 0
-0.4701473325050434 0.2026495999684807 0
-0.4619035550745414 0.2279195360907866 0
-0.487379196984439 0.2230846827822208 0
-0.480706886392734 0.2469889383849306 0
-0.5053287310298271 0.2431369165836466 0
-0.4980894400084435 0.2676296741190346 0
-0.523502033804668 0.2640456741698667 0
-0.5168118044018317 0.2877259722422987 0
-0.5427808421053586 0.2838215692766931 0
-0.5340460666241823 0.3107237940231163 0
-0.561172475638648 0.3042242156518598 0
-0.5520348925691265 0.3330569709529899 0
-0.5693351661391115 0.2797309931869558 0
-0.5798975772241586 0.3253448881734271 0
-0.5706370983152286 0.3533532442719766 0
-0.5372824054319471 -0.05595573063777559 0
-0.5681470951875132 -0.06287603979648881 0
-0.5693862764256269 0.01931186814339336 0
-0.3871123082179713 0.006698915254977178 0
-0.3953539725922566 -0.01994527262837154 0
-0.3670602675885052 -0.01447235181445816 0
-0.3757008419906474 -0.04122834875229908 0
-0.3483518891856566 -0.03515432068976643 0
-0.3561038384020712 -0.06259029086901202 0
-0.3282355051141784 -0.0571874599486536 0
-0.3361173243922178 -0.08438916188284618 0
-0.3068638955928867 -0.07851052280004878 0
-0.5990221239904221 0.3464757320572796 0
-0.5897720558306446 0.3736564362981086 0
-0.5464038189567612 -0.08661970323903878 0
-0.5780830457433086 -0.09355156268596798 0
-0.5614906469489718 0.380755369559269 0
-0.5805341142771349 0.4004338527452771 0
-0.6087616642516153 0.3950546179304492 0
-0.5992351863753025 0.4222258820633242 0
-0.5712746097350718 0.4275332602001727 0
-0.5896545767703381 0.4491335252706014 0
-0.5618888445259336 0.4543071359705643 0
-0.5801828115977079 0.4758194465911715 0
-0.6080444606335551 0.4708641251364831 0
-0.5983179491346267 0.4970054791524172 0
-0.5705511925164523 0.5023465292942587 0
-0.5923062369131591 0.5265834454800945 0
-0.5616678495421499 0.5292349998426541 0
-0.5787143960752761 0.5502201471499979 0
-0.5516585002074301 0.5547294605490392 0
-0.569064834401222 0.576024424242487 0
-0.5949399575839753 0.5715022264603759 0
-0.5853795517027791 0.5972406677578831 0
-0.559142538335013 0.6020851228005603 0
-0.5764631265429888 0.6234979400149184 0
-0.5494685387346463 0.6281529640064922 0
-0.5667479117561867 0.6492966697494368 0
-0.5398034506850864 0.6535707937166383 0
-0.556963796165632 0.6748237373985964 0
-0.5301087765765691 0.6790496126631884 0
-0.5471997903393719 0.7002619929593468 0
-0.5203031401032354 0.7043129157781591 0
-0.5373473459480347 0.7255900005307006 0
-0.5099232097427183 0.7290368928882255 0
-0.5276753585232052 0.7510305963992798 0
-0.5007944239992405 0.7553419138183466 0
-0.518024947562485 0.776598458670364 0
-0.4916265202942743 0.7811886629593334 0
-0.5084011694063634 0.8023397234077487 0
-0.4810328062064174 0.8065967956183158 0
-0.4984341997132246 0.8280925392319184 0
-0.4717622029860336 0.8328102924891396 0
-0.4886398303928564 0.8542120293525823 0
-0.4619206839817259 0.8590253930736871 0
-0.4786126617414684 0.880435343464634 0
-0.4517389366138254 0.8853688911816253 0
-0.4694752846985566 0.9061196343241072 0
-0.440506618241989 0.9115372438808449 0
-0.4594869766430471 0.9331787382536374 0
-0.4298826705414727 0.9383832483717911 0
-0.4483845855920746 0.9610336520775773 0
-0.4193652650681282 0.9655831524371743 0
-0.4782520291821742 0.9557541198014385 0
-0.4669984553018647 0.9841859307244203 0
-0.4975818650005154 0.9787664220615101 0
-0.5257128032971132 0.8222902025177248 0
-0.486014992955617 1.007845123233273 0
-0.5171843740391397 1.002399879996392 0
-0.5643990529153133 0.7220759905830971 0
-0.5054279940322108 1.032067981240425 0
-0.5361408666329859 1.027089259707078 0
-0.5250010024203967 1.056797426679843 0
-0.4936202242769668 1.061782694219968 0
-0.5567237273489472 1.051784621770053 0
-0.4009715113114994 0.9430256902922332 0
-0.3904878597238767 0.9693083435107374 0
-0.6018634207882407 0.6193629935220319 0
-0.5679209328383343 1.021619738798371 0
-0.3726584950550781 0.9473766942101765 0
-0.3620702995807568 0.9733248436447921 0
-0.5887940104149958 1.046499134227659 0
-0.6000580685152139 1.015835911943582 0
-0.5773735968493713 1.077270993175167 0
-0.3157554274496565 -0.1064566559887558 0
-0.2862900561505032 -0.09932970674409591 0
-0.3445064609396751 0.9518130976948747 0
-0.334118241483101 0.9780920265562699 0
-0.3165897347339844 0.9563139361601635 0
-0.3062809844939486 0.982443843231065 0
-0.3237563032721536 1.004514458181549 0
-0.2953305105557622 1.008777816147183 0
-0.3133326113251275 1.031367240952283 0
-0.2843351653251198 1.035603734477527 0
-0.3027152237909572 1.058656231617738 0
-0.2735493471401268 1.062822184122354 0
-0.2552437446247094 1.039717320408463 0
-0.2443393527677921 1.066815187972983 0
-0.2264685630006617 1.043761462828598 0
-0.2153992750260493 1.070558662754655 0
-0.1977111367685352 1.047813244671105 0
-0.1866893581510952 1.074413223871669 0
-0.1691899643560562 1.051890879456975 0
-0.1581599412229759 1.078443029893291 0
-0.1407734905693559 1.055919233918822 0
-0.1298218402146759 1.082357873370316 0
-0.1130304811171773 1.058853952258634 0
-0.1016471739451043 1.086084850157036 0
-0.08639608164726194 1.061595983210195 0
-0.07370121081308068 1.089754682440134 0
-0.05740248977295539 1.061686216391145 0
-0.04505119549647128 1.093962894431627 0
-0.02756496427048275 1.07147471958071 0
-0.01681359379925174 1.09793513395879 0
-5.115202939893901e-06 1.07341992733449 0
0.01147268565869621 1.101806190952203 0
0.02870404259654314 1.080570742638151 0
0.03979757105430718 1.106043717221186 0
0.05577316487862911 1.084104029884798 0
0.06823750595056705 1.108601356974501 0
0.0834215276086633 1.083951551677392 0
0.09690992102193467 1.113731352344703 0
0.1140399769803973 1.092094428176398 0
0.1252878924356431 1.119761773608865 0
0.1437402899401045 1.095100102780911 0
0.154597620297657 1.122298643793695 0
0.1732313854444094 1.098423318564349 0
0.183865735553626 1.126032298242185 0
0.2023908449077404 1.10238436833993 0
0.2135790301324149 1.130287438776086 0
0.2318496668741708 1.106489270093147 0
0.2206545218549138 1.078829710351683 0
0.2501338850803082 1.082696347625301 0
0.2616071584991423 1.110426373672126 0
0.2800316377136561 1.086332561508795 0
0.2918943990493735 1.114450070494513 0
0.3102528406612934 1.089999249536944 0
0.2979619831435513 1.063148058902468 0
0.3283895206088636 1.065514735330544 0
0.3407741735257273 1.093537270769886 0
0.359073399398134 1.068807341387884 0
0.3464577365071732 1.042582045774954 0
0.3770923270262426 1.043957797148281 0
0.3898163665734374 1.072141990060495 0
0.408217588557286 1.047769345142993 0
0.3969336755690138 1.017305043942964 0
0.4270667841830248 1.020660894921154 0
0.439904193409476 1.051340301635341 0
0.4577276448299838 1.02479782601447 0
0.4455000163344064 0.9948930638628413 0
0.476475018320038 0.9993150744065056 0
0.4628006081087939 0.9702547092074741 0
0.4923515980854245 1.029342116969504 0
0.494327695735968 0.9739726092321368 0
0.4803496586512023 0.9453568751605773 0
0.5110982791718385 0.9480524865570934 0
0.4981190385066642 0.9202337759225554 0
0.5286291762704665 0.9227318252323152 0
0.5158891240286656 0.8949765929891571 0
0.5462900480841707 0.8975317187669374 0
0.5333363116041677 0.8697709995973275 0
0.5587646039237719 0.9250646952614784 0
0.5639123029090014 0.87236744208035 0
0.5509558361327073 0.8446222296505606 0
0.5815973421770108 0.8472077731473293 0
0.5684421209652588 0.8195648941256672 0
0.4490631038867157 0.9416521140109506 0
0.5383662311861364 0.8170092186661353 0
0.5557099576517561 0.7921026871059873 0
0.5856646193994979 0.7946444114569901 0
0.5727810146981378 0.7672677684561742 0
-0.2919500743621914 1.08631848360511 0
0.6026109090656623 0.7696397147881243 0
0.5895110073956533 0.7425384257784778 0
0.5602607689823331 0.7401507472590931 0
0.5766520433005711 0.7157114154499877 0
0.6060527319020934 0.7177222591112481 0
0.5928336947470898 0.6912228440281863 0
-0.1767535409780889 1.101508483395016 0
0.563661000462236 0.689310560674852 0
0.5796159237598659 0.6650108358261666 0
0.609019021025603 0.6666216555092823 0
0.595513338669977 0.6404413305466997 0
0.1291623411321799 1.066518221176514 0
0.625222285567823 0.6417581491623124 0
0.611558035827885 0.6154819081446969 0
0.5837625607161275 0.6144411395070101 0
0.5989749923138751 0.5889868001851813 0
0.627464358455839 0.5905140024093711 0
0.6135949697494063 0.5643400819694295 0
0.584690396332715 0.5631739617676426 0
0.5997860371724772 0.5385565462261845 0
0.6291253978257715 0.5394837480611275 0
0.6149178170952796 0.5137326833758313 0
0.5866480427821971 0.5126311977352712 0
0.6008476044006408 0.4882577210273724 0
0.5730208128229189 0.4864812894486805 0
0.587073510082504 0.4627896876698207 0
0.6155421506263963 0.4637447254059885 0
0.6015163163504028 0.4386941009202037 0
0.5731664224198078 0.4380388762632066 0
0.5874429308164848 0.4140102436597558 0
0.5594484887122293 0.413712973813096 0
0.5734784419483797 0.3895189758138282 0
0.6015692390100112 0.3897832302635916 0
0.5875089987300826 0.36536893681273 0
0.5595348209164217 0.3652356539044895 0
0.57339988339174 0.3411855508983374 0
0.5456867011189408 0.3414500612646063 0
0.5593220315641166 0.3172642839563322 0
0.5858891567004406 0.3170650955811207 0
0.5722877768536088 0.2922829592119378 0
0.5449560476358202 0.2933021005894384 0
0.5576037245153965 0.2687390495342556 0
0.5303640262297314 0.2691417401165898 0
0.5430276384374031 0.2446501179566365 0
0.5159027012195552 0.2444813331733328 0
0.528633353553382 0.2202941431191331 0
0.5013795660254448 0.2201664371783562 0
0.5141150570242498 0.1960081217941721 0
0.4864845189571556 0.1961018695220316 0
0.5001408934381734 0.1713644977711886 0
0.472293437680707 0.1715534022073401 0
0.4857176632691592 0.1469227896925418 0
0.4577269788600072 0.1471604976436739 0
0.4711319906559535 0.1224915441571046 0
0.4426052292616659 0.1225542415004706 0
0.4564061381030018 0.09796552104185596 0
0.4276827417613474 0.09767776095367775 0
0.4409078731769238 0.07372981989741756 0
0.4126904492829778 0.07348279255823348 0
0.4692875113056541 0.07481863031956054 0
0.4259658263809903 0.04907059491385279 0
0.3978338488441001 0.04924021241761667 0
0.4119029480097221 0.02376038317217599 0
0.382956074497144 0.02402032115034664 0
0.5274294470472976 0.1733232680411154 0
0.3968658807516633 -0.00146928705401872 0
0.3670896495348731 -0.001083851199167207 0
0.3816496960240953 -0.02714050830325265 0
0.3513726851126829 -0.02661934602332106 0
0.4113004541343406 -0.02631502009230346 0
0.5827606593940869 0.2671106533764138 0
0.3661983599744124 -0.05310272891950429 0
0.3358476767164878 -0.0523837804781262 0
0.3211566953599572 -0.02601109937017276 0
0.3056163122903998 -0.05156416723280099 0
0.2915828470116341 -0.02526870924169622 0
0.2758792525152689 -0.05059155526792602 0
0.289923277153831 -0.07705641859616497 0
0.2598478818535757 -0.07612101159209406 0
0.2460016276172412 -0.05052676219987129 0
0.2300101029886347 -0.07488508222776002 0
0.2162425064631073 -0.04984933577037487 0
0.2006588484687038 -0.07382665017250378 0
0.1873945720829617 -0.04831101563574447 0
0.1716487324265342 -0.07201219575018269 0
0.1593456728608971 -0.04723904322010597 0
0.142881720570148 -0.07081189745624428 0
0.1302203665036791 -0.04604606895015295 0
0.1141200936903037 -0.06978981235277759 0
0.09904252893820627 -0.03996663225064656 0
0.08489042794064244 -0.06927740549744732 0
0.06934460161399938 -0.04221318171670574 0
0.05653043000081501 -0.06855551911202817 0
0.04172262496584629 -0.0422379863828749 0
0.02716716726311326 -0.06717439849547457 0
0.0138668769927714 -0.04181347401892299 0
0.04161157824452465 -0.09369770685241741 0
0.1830108675041543 -0.09762354905976278 0
0.01104363212038014 -0.09173120402425494 0
-0.06262817511069796 1.117068247384684 0
0.02516950779848631 -0.1183120065057268 0
-0.005527747891605643 -0.1168961028711366 0
-0.6250952154796352 0.4912563789473592 0
0.3821961357073348 0.07597023141723314 0
-0.6101438253073604 1.071921738832568 0
0.2740219109542651 -0.1030387538757387 0
-0.5972926265285001 1.104322447000001 0
0.05353170607356663 1.13205217623717 0
0.201990998403398 -0.02519125493121321 0
-0.2950445829329049 -0.1284472445935109 0
-0.3253613318685519 -0.1353001949519855 0
-0.555878133551195 -0.1177436601426374 0
-0.5882074662185874 -0.1247806643471044 0
-0.6104016939208364 -0.1002744464368714 0
-0.6207596009230235 -0.1318841106588997 0
-0.4439246631496145 0.8361856100849816 0
0.04381978345766466 1.057606649770851 0
-0.3268287278344161 0.9305424882815693 0
0.1365673552852099 1.146059453168418 0
0.4288996247860629 0.1453984688571168 0
-0.2998448572815654 0.9349220440014002 0
-0.1799392632045317 1.025400872666859 0
-0.6317661164566502 1.097932595086164 0
0.00907231789488443 -0.1442106219239578 0
-0.02148727392565844 -0.1430120801521348 0
0.5038101745133827 0.2710198770620013 0
-0.2775951880019964 -0.07095903442912532 0
-0.5047158619031459 0.3141193703870672 0
-0.03766581756772742 1.045235080056617 0
-0.5227559343794241 0.6326984657758099 0
-0.6185676569503982 1.131044587188172 0
-0.4739392931617469 0.7596636429497241 0
-0.6434083773853894 -0.1069039995462664 0
-0.653887608851959 -0.1394605530916759 0
-0.5331990359900143 0.5364825671333509 0
-0.3037431591617885 -0.1584043836262031 0
-0.3351639609085829 -0.1652066080319479 0
-0.5658136598026762 -0.1492280864644715 0
0.1213204148060182 -0.01986851952000912 0
-0.6537488109741798 1.124483833437294 0
-0.6658630226804196 1.091644621130268 0
-0.3094462704443685 0.9098208939550494 0
-0.283589606536 0.9138461276290786 0
-0.006108697599427733 -0.1700998360416555 0
-0.03845960799222499 -0.1693607051246424 0
0.02417973510541912 -0.1716557083652187 0
-0.2684987328122462 0.2495838452135279 0
-0.03410595901322273 -0.1161224359027642 0
-0.4560513906720188 0.2557510913337945 0
-0.640183035993568 1.158375245458273 0
-0.602660631779364 1.164936838120364 0
-0.243890951408048 0.1397865497292052 0
0.02805942704099331 -0.01727616352755268 0
0.00114841207175384 -0.0169176593464927 0
-0.5102840546859366 0.218884860389074 0
-0.6770817170381027 -0.1136316939567521 0
-0.687703813514313 -0.1467190013186122 0
-0.3131718692695551 -0.1889439332074129 0
-0.344746173280821 -0.1961384166388258 0
-0.6641977248155754 -0.172602179729098 0
-0.6986071824892768 -0.1800223942442152 0
-0.6762321804632366 1.151471519628334 0
-0.2816001577936034 -0.1816708493954466 0
-0.2929083202993877 0.8899522464816012 0
-0.2506367418529226 0.1174390860640357 0
-0.2276024942041154 0.1227406669985701 0
0.007511884716040531 -0.1985984384696692 0
0.04022346808393081 -0.1995702897867186 0
-0.6623932682318906 1.185994766644089 0
-0.2678651548070521 0.8936874232737906 0
-0.2571534478327419 -0.09228988940372262 0
-0.248438667299985 -0.06471232046586517 0
0.0154959929698029 0.006340359227800296 0
-0.01112238417577607 0.007172535446137884 0
-0.6992357719027436 1.178865075265905 0
-0.291041463961934 -0.2128004905311609 0
-0.258893111755361 -0.20526738905257 0
-0.6746096205257039 -0.2063452107332748 0
-0.7097128515699549 -0.2138950501133949 0
-0.7110544247544623 -0.1208489073948903 0
-0.7002559446663034 -0.08752995252352247 0
0.02126544149732869 -0.2278129304203118 0
0.0558066815226856 -0.2283489066263132 0
-0.6863967688347451 1.212905922323746 0
-0.2768323968940481 0.8704665393795058 0
-0.7211273720233602 1.208026051609661 0
-0.7368375283444472 1.17436817135976 0
-0.2346132271062027 0.100147509415357 0
-0.2112368822929175 0.1055183106525682 0
-0.25265809498994 0.8742830878204515 0
-0.2686382674439096 -0.2368289943802967 0
-0.2359307097801963 -0.2292848934697038 0
0.003202673224325527 0.02935132186599954 0
-0.02287447045268342 0.0303731858320635 0
-0.03713170209382109 0.008500243539575125 0
-0.0486934948532225 0.03179995226049581 0
-0.06309417406381426 0.009861306854401453 0
-0.2282943590661252 -0.08549826358798329 0
-0.734189701825849 -0.09447398589719946 0
-0.7234371982137319 -0.06125078039403542 0
-0.5598962727400291 0.04874067981089147 0
-0.5893365283058194 0.04308434909731018 0
-0.2199196937569067 -0.05736785225249719 0
-0.384645906424248 -0.06900556956454029 0
-0.7096002348200812 1.2413370202781 0
-0.673196494204178 1.247082633254651 0
-0.3007745495406073 0.8662251481971288 0
-0.2854463335631335 0.8476676890604928 0
-0.3087531682385803 0.8432642603741719 0
-0.685225983834966 -0.2406900721262591 0
-0.7207480932546655 -0.2484682066165612 0
-0.5802283321194148 0.07201603983505733 0
-0.6099577018123533 0.06642741095903248 0
-0.6009570293979855 0.09529631534640215 0
-0.6308500033621138 0.08981562376935148 0
-0.07465001552605274 0.03316511017684121 0
-0.746447558420451 1.234937179875045 0
-0.3217618567132796 1.081906391714073 0
-0.3107409864355508 1.110362887626504 0
-0.7451530351855631 -0.2213305838697764 0
-0.7566395792120987 -0.256375869840111 0
-0.2434608157874438 0.897016793407021 0
-0.228582347737723 0.8779633158384603 0
-0.6218093117467207 0.1188948363545355 0
-0.6517396912748998 0.1135553618687958 0
-0.642498808636042 0.1425928948574501 0
-0.6737964150635053 0.1365645168493161 0
-0.6631155604288943 0.1664844712476172 0
-0.6947509546546607 0.1609362135121663 0
-0.7030795674546262 0.1316417176030506 0
-0.6845818775647773 0.1905727993149224 0
-0.7166027125918554 0.1861021546616779 0
-0.7056050235406173 0.2147828962274282 0
-0.7393570879757353 0.2099726245448773 0
-0.7287921742014707 0.2406345752296443 0
0.03778058249625058 -0.2566161325046478 0
0.003373223622935287 -0.2564746261166897 0
0.07126932037707409 -0.2577971835560607 0
-0.3399106893322164 0.1849731757231553 0
-0.2578713467488745 0.09482345296753864 0
-0.2939854263050688 0.8250880136384444 0
-0.3173320258587098 0.8208693034376446 0
-0.7576954756799268 -0.06815202055093927 0
-0.2457380745700533 -0.2615671750565858 0
-0.2129528111266276 -0.2537189601236283 0
-0.278943349010965 -0.2691752948435115 0
-0.5333145765024616 -0.141870055704894 0
-0.5431987069850598 -0.1737149770188922 0
-0.2194540739743607 0.9003589918126145 0
-0.3415541342249468 1.105720669733684 0
-0.3300822510952455 1.135072530051763 0
-0.3613419434356101 1.130367366745214 0
-0.349798961351501 1.160243071731462 0
-0.3179976140802864 1.16485943380059 0
-0.3379345385244553 1.190468537285771 0
-0.3052075874449787 1.195199828064921 0
-0.3697564405222624 1.185412292288107 0
-0.3259694653030605 1.221245623091604 0
-0.2925066819594604 1.226071862132235 0
-0.3138670354839156 1.25270481117683 0
-0.2799689808147302 1.25748316160449 0
-0.2047417938843452 0.8819898626424665 0
-0.1957335421956156 0.9036646905363049 0
-0.7607104679929715 0.2349479569558051 0
-0.7510229974851796 0.2660486620176284 0
-0.769728196215231 0.2074002215419191 0
-0.181184664346626 0.8855593700183387 0
-0.1730391944068539 0.9075695621689213 0
-0.03413982082799767 0.05326146581442276 0
-0.1997039669087853 -0.07848510026323474 0
-0.3026810675021591 0.8025863929611812 0
-0.3255706851459872 0.7986519557001719 0
0.02896101528320166 0.02877706026252824 0
-0.2032655106817216 -0.2214969120329384 0
-0.1813567174567305 -0.2470067073923327 0
-0.2183957439076702 0.0825580347006365 0
-0.1580124119185585 0.8887077968950902 0
-0.1497510861500798 0.9110688254457079 0
-0.1348578331405313 0.8920976740625751 0
-0.1262510031747458 0.9147901755152845 0
-0.2589040481332202 1.230720779678888 0
-0.2461926418568048 1.262153094026659 0
-0.2251439810858977 1.235459647375071 0
-0.2124719399714267 1.2665659314934 0
-0.1914966895745777 1.240094229991919 0
-0.1788568324769942 1.27112860583409 0
-0.1582239524300445 1.244616508880456 0
-0.1453344462095515 1.275594625037957 0
-0.1247400196033553 1.249194595514755 0
-0.1118161170280186 1.280175562652403 0
-0.09133788184560977 1.253559995662078 0
-0.07829522604195133 1.284716421881753 0
-0.05815130848847243 1.257050734232358 0
-0.04478769416562776 1.289157243410945 0
-0.02392794027917698 1.262929306378694 0
-0.01107181325376862 1.294047645223884 0
0.009853673863778086 1.267570849267229 0
0.0226859946115212 1.298629894977253 0
0.08961575293019004 -0.228927227846047 0
0.1049053326890586 -0.258725489484931 0
0.04365876612225454 1.272155335388657 0
0.0565067604943123 1.303513157808726 0
0.07755556864359708 1.276770750780332 0
-0.1949916517991947 0.08813027199682988 0
-0.1879669013144186 0.1109494093929541 0
-0.1896841028098721 -0.2784781179872615 0
0.09043486856652123 1.308503820802808 0
0.1116049838001878 1.281414471194504 0
-0.1117442072392601 0.8955495486197559 0
-0.1031580439174808 0.9181538905396003 0
-0.08875928490085472 0.8989215886244333 0
-0.08005061242552747 0.9203796139050333 0
-0.06580660155333225 0.9025944064177374 0
-0.05713587803207223 0.9235447047080679 0
-0.04293085536674452 0.9059274760929754 0
-0.03420056523405136 0.9269870216707033 0
-0.02003556680185878 0.9086554065399788 0
-0.01123494826329323 0.9301718620949734 0
0.002770122839461515 0.912631603515894 0
0.0116388006841511 0.9334992636291382 0
0.02584141354985049 0.9160019561049888 0
0.03464752205490187 0.9367037919394325 0
0.04914125277942966 0.9184960806733968 0
0.05786727263036992 0.9399550462975543 0
0.0724346206496425 0.9215804365832421 0
0.08116609934878682 0.9434411892956764 0
0.09580714139058716 0.9248834356295847 0
0.1047801363150385 0.9469998907497186 0
0.1193730313353598 0.9281675229029511 0
0.1285919574258451 0.9504537641996252 0
0.1434632543341207 0.9314086122228811 0
0.15277521009336 0.9540936694029833 0
0.1679126013928238 0.9347586521341438 0
0.1576532144775252 0.909220729172847 0
0.1828037698767376 0.9154128859008386 0
0.1923312470773368 0.9379388315597805 0
0.2073252929782426 0.918453369148617 0
0.1983450024664323 0.8960427321998349 0
0.2223212788920312 0.8986950181275464 0
0.2317900130058691 0.9214501266822359 0
0.2466081965807739 0.9015579657210688 0
0.2369760762607983 0.8789388299935779 0
0.2611492773991284 0.8817026801554884 0
0.2512314469360933 0.8595219426244518 0
0.2754511780448115 0.8619948911377344 0
0.285580701060495 0.8844982096641052 0
0.3000034855470581 0.8644177974384002 0
0.2899041850704975 0.8421602340594312 0
0.3143140716063165 0.8443948269218662 0
0.3043505751230996 0.8222255604793074 0
0.3285101436905944 0.8244878568866196 0
0.3171542707575283 0.8027182156803573 0
0.3422939038537079 0.8047140596174813 0
0.3283260265100121 0.7797993781859499 0
0.3558053093448531 0.7845315678886484 0
0.3456657365398886 0.761122623571816 0
0.3702409822181821 0.764979362665099 0
0.3603804828523803 0.7432164128984016 0
0.3843608930161023 0.7456492983800729 0
0.3745283369359004 0.7238751167911446 0
0.3984632367877309 0.7261461763329611 0
0.388661640562696 0.7041755085843128 0
0.380717541169359 0.7874512095055646 0
0.41246095075767 0.7064190662699924 0
0.402668448140552 0.6844244620179178 0
0.3102819843713701 0.8871502655449462 0
0.4266026870809158 0.6866701567008647 0
0.4167615538191637 0.6645645850953595 0
0.4228068258863578 0.7287666654125255 0
0.440973527240143 0.6669904617402067 0
0.4307709165783212 0.6448454428040284 0
-0.696755722485101 1.275800228791995 0
-0.6597175375458606 1.281725598845916 0
-0.08905454406784641 0.01183429736924552 0
0.4068823302920055 0.6425301160148741 0
0.420571254481761 0.6229109998550258 0
0.4447255301074082 0.6250253916590901 0
0.4342957816571291 0.6030291695619238 0
-0.7468803392253989 -0.03484061944424943 0
-0.3110228191129465 0.7808009326059798 0
-0.3339667216457611 0.7768753759608433 0
-0.4612790306990197 0.1576203983720647 0
0.02000599852222457 -0.2853128954330999 0
-0.01397828308382219 -0.2848117974434685 0
0.1227471969906763 -0.2299092191857124 0
0.1385008838255068 -0.2577377944944194 0
0.1561006707940321 -0.2306635555852573 0
0.1721262448869845 -0.2583714278983988 0
-0.7878924387708597 0.2583070676034979 0
-0.7741911652367649 0.2911200639598212 0
-0.7815054197962159 -0.2286444167437036 0
-0.7930525810677171 -0.2643858770833575 0
0.1897667964531972 -0.2314205116446553 0
0.2057977834652132 -0.2626566550475884 0
-0.7811826312103946 -0.04149917316657792 0
-0.7940398824241932 -0.07193152878241948 0
-0.6960751544657451 -0.2754808500961566 0
-0.6608780682918639 -0.268010032967931 0
0.4586974776999609 0.6049762714742981 0
0.4480880812783752 0.5830190089322119 0
0.4237486872824504 0.5816728924225597 0
0.4372962732521553 0.5614864031661281 0
0.4617102083911343 0.5629278761588246 0
0.4508941127213871 0.5412178344668839 0
0.4268183082813859 0.5398372184830303 0
0.4401363053419536 0.5198203237611412 0
-0.3193542159366932 0.7590761369854788 0
-0.3419647928649384 0.75528327262085 0
-0.5111355000693065 -0.1670405378597005 0
-0.5201904607485728 -0.1987680170037711 0
-0.7705612377425265 -0.008150587646089558 0
0.2235531071847078 -0.2327705292233515 0
0.2396673160181563 -0.2642297745470176 0
0.2575081084043887 -0.2337586560709888 0
0.273746034474329 -0.2637053299660124 0
0.2916466018113194 -0.2343286988593689 0
0.3079732649176076 -0.2643595398118002 0
0.3259578515967418 -0.235034747269284 0
0.3423145653605053 -0.2651497323077855 0
0.3604063249364689 -0.235791593066348 0
0.3768982079288399 -0.2658341590464298 0
0.3949727319637159 -0.2365383736127296 0
0.4115845029904523 -0.2668159380521896 0
0.428794879772223 -0.237852605731899 0
0.4463298227309327 -0.2680773771895988 0
0.4631157291175059 -0.2397072677604397 0
0.4814160023867101 -0.2693273269482421 0
0.4993476456802166 -0.2400685220705775 0
0.5172122800581078 -0.2703667052847964 0
0.5357625951823785 -0.2397427873840487 0
0.5186368815071498 -0.2080858715580336 0
0.5549989242070836 -0.2091948565808457 0
0.5718998091274496 -0.240182031755823 0
0.5903526630599041 -0.2093948674063995 0
0.5736454591829657 -0.1782473403566494 0
0.6088117993302826 -0.1782386045541537 0
0.626207531525878 -0.2097579339001703 0
0.6445223345539963 -0.178718611110127 0
0.627040122890387 -0.1471631334234619 0
0.6625847712464146 -0.1476456784565681 0
0.6451630932429664 -0.1165107981320175 0
0.6624984022423269 -0.2099164158936702 0
0.6806138193607392 -0.1168266452758371 0
0.663187735355808 -0.08595130016035357 0
0.6984324548356866 -0.08610852738568775 0
0.6813155417274041 -0.05532293337701677 0
0.7162941902059755 -0.05556351473135357 0
0.6992535530689332 -0.02489874215694021 0
0.7167676128280476 -0.1165607029144464 0
0.7342224179448867 -0.02526000634953862 0
0.716778719606971 0.005211449233066101 0
0.6284779212652496 -0.08485591761624345 0
0.6821822985089037 0.005518452940076912 0
0.6996988480595765 0.03539394542757063 0
0.7341326011710563 0.03527468740886958 0
0.7170261120029343 0.06527098473325926 0
0.7514302843313168 0.0651835370537871 0
0.7341672492499003 0.09509896028584897 0
0.665678827405392 0.03615616472378991 0
0.7686328443856274 0.09510841507042894 0
0.7512773223655147 0.1249460892259143 0
0.7171673908170739 0.1248565573120685 0
0.7340943897929371 0.155441235744024 0
0.768187850944241 0.1549247614479937 0
0.75137229376612 0.1854944484808809 0
0.7861922171521692 0.06500020256849171 0
0.7850658303095348 0.184547187539169 0
0.7682787500967823 0.2145078765765528 0
0.7003414908124691 0.1550018658852218 0
0.4124870022903256 -0.2072839237216157 0
-0.3009738120617239 1.284666801360868 0
-0.3356018626003147 1.279619443054425 0
0.184632631640005 -0.2940378494093052 0
0.1245537636940474 1.313323032650805 0
0.1456554596403472 1.286854036107337 0
0.1585798561488291 1.320317978758498 0
0.1800463142984688 1.291977207304611 0
-0.2018844495144067 0.06468874052215379 0
0.4166334343162008 0.5182537095887441 0
0.4295342952586217 0.4984648908486241 0
0.4532838281099389 0.4999243373011739 0
0.4423955276634284 0.478790841050252 0
0.4189320720356773 0.4774289910008245 0
0.4315449852080865 0.457869316004382 0
-0.2152381023000689 0.8606959821190283 0
-0.7424854250588293 0.2988256249067714 0
-0.7631211645004089 0.3236936134205773 0
-0.7961352055366944 0.3168016641700268 0
-0.7850180211510214 0.3491032411389729 0
-0.7517762336220593 0.3556915269979873 0
-0.7737028631449243 0.3810866883299204 0
0.4275173693275331 -0.3007175793112182 0
-0.09334752427146165 0.9422112228307258 0
-0.341189889490546 -0.01084405982763359 0
0.4083381591494071 0.4567218015345062 0
0.4207200163769405 0.4370369437045563 0
0.4442762376032927 0.4381559425291304 0
0.4332199021618744 0.4173474866186969 0
0.409835405269907 0.4163340284613461 0
0.4220952506797904 0.3967303832841724 0
0.3990219476886967 0.3959486317973411 0
0.4111593385531062 0.3762556003937561 0
0.3882475174224105 0.3755553078352686 0
0.4002969929366912 0.3560195212449633 0
0.3775318367926003 0.35528775739873 0
0.3894638010847357 0.3358378435811958 0
0.3668097262026831 0.3351087491951527 0
0.378799784862421 0.3156915968404144 0
0.3568230399241458 0.3144813618830671 0
0.3682103441229717 0.2954814363920131 0
0.3460539748182636 0.2943622613359416 0
0.3572387615179623 0.275475270250859 0
0.3352908595422391 0.2742346731264051 0
0.3461524470322379 0.2554989476521966 0
0.3243151032942754 0.2541582966906811 0
0.3354677078679261 0.2352070853948731 0
0.3134237885025129 0.2339135331528098 0
0.324349520069539 0.2149942516482898 0
0.3019048361915141 0.2138804439527504 0
0.314168089188759 0.1941441460278667 0
0.29081129042866 0.1932374541389907 0
0.3023707021815335 0.1737896190024693 0
0.2794549658234182 0.1725695075106365 0
0.2920106468475917 0.1526262315543813 0
0.2682005825688552 0.1515649318652443 0
0.2814860320885685 0.1315637198702819 0
0.2568807094273637 0.1304076509805572 0
0.3794424882198615 0.2755467113671421 0
0.2451153582309009 0.1502058025278587 0
0.2327780594761115 0.1291203009801287 0
0.245301240419912 0.108820290624954 0
0.2208902472032294 0.1086370298065868 0
0.2085169003148295 0.1286266059309027 0
0.1966229299597196 0.1083930491319833 0
0.4234567059280199 0.3565666647576387 0
0.1846199956930193 0.1287571151530835 0
0.1729104654889381 0.1082266930989808 0
-0.2794728333060789 0.8067615296189203 0
0.2912669507444496 0.8019905456628055 0
0.8019476588771313 0.2147666063738589 0
0.7845996113587815 0.2442169210624762 0
0.750228595907662 0.2438306583562699 0
0.7669781394634589 0.2734723230127391 0
0.7333755088373199 0.2739152320769126 0
0.7496451753597101 0.3027530079191075 0
0.78326847675502 0.3029759368458647 0
0.7658435398988397 0.3322666183595405 0
0.7997719196943218 0.3326443959205601 0
0.7821250196874705 0.3617481942179626 0
0.7484148211998909 0.3611946546745073 0
0.7644842079788622 0.3905829526394713 0
0.798424621456199 0.3915871989972032 0
0.7804685754790828 0.4205483154134766 0
-0.7414198929392748 0.3867035054675351 0
-0.7632663367196189 0.4122117649971024 0
-0.7959320940345714 0.4065878252977827 0
-0.7842851559152491 0.438702715404617 0
-0.1717778136941749 0.09376342091896184 0
-0.165120339265319 0.1163451146978673 0
0.3790864746054322 0.6813913459294676 0
-0.1808025307522836 0.1361069608501267 0
0.3242973885560424 -0.2947628400422536 0
-0.3281146612768869 0.7390610293036115 0
-0.3502475863440303 0.7350784745533685 0
-0.164236832871499 1.303140286711828 0
0.193085916283237 1.325604073605666 0
0.2149015794312651 1.29573931211107 0
0.3969860700794457 0.6209903575697937 0
0.1602092391323528 0.1284606301903457 0
0.1489067191839992 0.1080186597524366 0
0.161226666807676 0.08742344859919737 0
0.1372913329742408 0.08738152372576424 0
0.1251968641972731 0.1079279699125414 0
-0.3647766098183106 0.7517391185066322 0
-0.3727336855523981 0.7300147186209203 0
-0.3544541613392327 0.7122243199263953 0
-0.3803613523868795 0.7079512183321245 0
-0.3654515766355487 0.6903980906447689 0
-0.3880803308833534 0.6863225858528723 0
-0.3732842999857891 0.6689612768287657 0
-0.3955331115425045 0.6647011641880052 0
-0.3809773927192355 0.6474679176756459 0
-0.4031620008545167 0.6431970338304018 0
-0.3887110322713895 0.6258397253743422 0
-0.4110413755616896 0.6217699200142945 0
-0.3964158160753003 0.6043337775994153 0
-0.4187615116879928 0.6002666971714111 0
-0.404415525259657 0.582973164435772 0
-0.4266848087604947 0.5787629003630004 0
-0.4121776018719062 0.5613456463573628 0
0.3075312246697988 -0.0007131103075197487 0
0.08763911297055538 0.9037138162912055 0
-0.4242232464067796 0.891711092219907 0
0.2337628635191783 0.08767416225704444 0
0.3374926374948626 0.7401322123818923 0
-0.1687182193699757 -0.2164890720187213 0
0.5039364501440633 0.8657645653012543 0
0.8147321443925947 0.4217962323853744 0
0.7964050684673405 0.4508427512979472 0
0.7634010369432677 0.4487007388026649 0
0.7790621987980095 0.4793074693938757 0
0.8125977092709775 0.4811400765796416 0
0.7937911444262016 0.5102987461100376 0
0.01685520935202959 0.05037248719222442 0
-0.4114126627392938 0.6800778635286209 0
-0.671277382192474 -0.3026673937239932 0
-0.6351447822324002 -0.2943901189803945 0
0.2283559623731898 1.329887516170528 0
0.2499587072767361 1.300374307321654 0
-0.4345267608224737 0.5570711283394441 0
-0.4195127290052468 0.5393572142225305 0
0.2277331993709806 0.856733439163769 0
-0.5438896769764091 0.4330652196935713 0
-0.4204462140751133 0.2125563589364807 0
-0.3668917014563176 -0.1719397783620314 0
-0.3768383751504534 -0.2026791902190112 0
-0.2113117422790225 0.923099226468979 0
0.4754219560603877 0.5428119212469795 0
0.644532551770614 0.5144282123257677 0
0.6304057742850275 0.4391385157059392 0
-0.694300258090857 0.2449300511572343 0
0.4664151072803958 0.4800918102519632 0
-0.8050435257048837 -0.01483810753132153 0
-0.7943256081877401 0.01872898571548232 0
0.4036003621253608 0.5376753168591809 0
-0.5153559314571414 -0.07929164103343178 0
0.02015789923838428 0.9552054432813113 0
-0.2388307361597306 -0.03692523509599088 0
-0.4422490281470872 0.5352014520057183 0
-0.4272353335873687 0.5172976290928301 0
-0.4503680336400478 0.5130458186819118 0
-0.4350191823285637 0.49526481372409 0
-0.4135999631038408 0.5000783332860144 0
-0.4200085555028926 0.4776944738380788 0
-0.4426218004226766 0.4731623375409478 0
-0.4272635955044575 0.4556460635667844 0
-0.579111680334188 0.9907118639964296 0
-0.611277646008888 0.9851297098096076 0
-0.5908215663668043 0.9598613653071072 0
-0.6224950873650228 0.9545346942021196 0
-0.6436673104761561 0.9795922261692231 0
-0.6547976231051587 0.9485172904271397 0
-0.6763982178523611 0.9739041267172999 0
-0.6878993908880571 0.9423788537745716 0
-0.7098350731916524 0.9681738680092754 0
-0.7213733272491795 0.9360634318985053 0
-0.6993221443508073 0.9103126271600911 0
-0.7327106573994164 0.9038527971549869 0
-0.7106478676637942 0.8780613760547346 0
-0.7440242659019084 0.8716608966328525 0
-0.7220192594166945 0.8459574509595502 0
-0.7553884773133961 0.8396338919140088 0
-0.7335290520245535 0.8133551837058806 0
-0.7438486150134535 0.962155608954554 0
-0.7667319370916673 0.80756071876249 0
-0.7446579625078383 0.7817018944587362 0
-0.7781824764864776 0.7755222763515579 0
-0.7560819486390359 0.7493486111888088 0
-0.7008727830500774 0.8186732584942966 0
-0.7895287904418131 0.7433939240627165 0
-0.7673358284685806 0.7174858951633074 0
-0.7343140956792917 0.7234895786566083 0
-0.7452353503951745 0.6915351359078751 0
-0.778193195965968 0.6856697856263565 0
-0.7559889606188046 0.6594357024480997 0
-0.7892270014983562 0.6536380706213181 0
-0.7669307808612194 0.6278471316561003 0
-0.7775406591394884 0.8652900012821365 0
-0.7988354493444005 0.6214394890803712 0
-0.7778541276557218 0.5960327322753841 0
-0.8113947168765743 0.5848860753109644 0
-0.7448623177367555 0.6024614252296721 0
-0.6772910309731813 0.8852946865242369 0
-0.6015367609828223 0.9298740559521851 0
-0.8121644721749927 0.7695450419635022 0
-0.7127065636577232 0.6970590084027735 0
0.2635050995756233 1.334405620384451 0
0.2849231612399282 1.304987679584187 0
0.2710823385591719 1.273546888122311 0
0.3058266598690944 1.277838452508412 0
0.3198401353247431 1.309513377784841 0
0.3412746025284937 1.281286606522281 0
0.3551731406023229 1.313860516180669 0
0.3765537292934985 1.285414518994427 0
0.362726201206559 1.252719896489786 0
0.398467418083657 1.256594014254647 0
0.4118330078607748 1.289604301572276 0
0.4334234287671976 1.260949277174011 0
0.4471336004636966 1.293844691469911 0
0.4685145393129982 1.265208446544903 0
0.4546255734671815 1.232531017834047 0
0.4895351023517217 1.236580292126207 0
0.5039094750828984 1.269307740390114 0
0.5248713375444274 1.240364674660887 0
0.5387624577561883 1.272680401321489 0
0.5607520958164327 1.243972185417508 0
0.5715108829748115 1.277168362281831 0
0.5958181788153644 1.24729350006522 0
0.5823252274163592 1.214487439565619 0
0.6186259085968668 1.218029428371306 0
0.6300795923738997 1.251731690379611 0
0.6540919195242059 1.22141469343912 0
0.6401176935767243 1.188253488808558 0
0.6762187013320216 1.19170491890311 0
0.6616267452714327 1.158584742712236 0
0.688346798160052 1.227285979739762 0
0.697582935119339 1.161919057211075 0
0.6829148241560091 1.129012605891735 0
0.7189866677508892 1.132387346984349 0
0.7040488023642097 1.099480095815141 0
0.7404417513682722 1.10297320307516 0
0.7254835234130712 1.06983792458609 0
0.7545934359265091 1.137038142254824 0
0.7616754510655742 1.073457209483275 0
0.7465089590753735 1.040464158632901 0
0.6678571266069918 1.096271379870867 0
0.7828342079151421 1.04391384207538 0
0.767828223510326 1.010823977236805 0
0.7319254841639178 1.007818458285829 0
0.7531578531107198 0.978422513693694 0
0.7885953446958456 0.9814574115515244 0
0.7725888729316044 0.9494526205392304 0
0.7392372023302914 0.943993836109122 0
0.7588630075621918 0.9156864388857102 0
0.4752718109379018 1.204342927197671 0
0.7925081320620136 0.9222963577065136 0
0.7786685772787125 0.8878098107262147 0
0.7453208057751731 0.8852246744941878 0
0.7654070795465102 0.8566760857090986 0
0.7989314881577926 0.8583810526191831 0
0.7839951215956266 0.8267426752186665 0
0.748677327274972 0.823787213122315 0
0.7693020245763456 0.7945894307688921 0
0.8033392443278971 0.7975993489535586 0
0.7881201140321217 0.7658493801802806 0
0.7537633998706428 0.7632143219855259 0
0.772289028444056 0.7344800160927309 0
0.8073505941521117 0.7368630157402272 0
0.791757368817289 0.7056455839647651 0
0.7552109609525615 0.7039023025815823 0
0.774768949933717 0.6751066756644796 0
0.6257059157765184 1.155312734444413 0
0.8107464840363179 0.6766342252641623 0
0.4409429479374739 1.200305201815401 0
0.7164536742843326 0.3027369617160214 0
0.8182653558602315 0.2470149244581922 0
0.3506272759289669 -0.07931519018338962 0
0.6439497551392804 -0.2416014115192244 0
0.6805813706780341 -0.242050874910568 0
0.6618181228496243 -0.2738139045212208 0
0.6989871739887513 -0.2739653302840527 0
0.7179414830473603 -0.2418989963374003 0
0.7364595722622355 -0.2746447941000063 0
0.7554181556580932 -0.2423162203933095 0
0.7742251348158657 -0.2751305537516782 0
0.7934747985436591 -0.2422091901438387 0
0.7190951979585631 -0.3062944466669446 0
-0.3224549226135872 1.312298482667727 0
-0.3572671212492742 1.307341373137074 0
-0.1489326246881598 0.09938759952569365 0
-0.8181803823182994 -0.2364331690668688 0
-0.4108865873924098 0.9912007269736707 0
0.2677308543644061 0.1923368296236163 0
-0.4039840475599519 0.4588984423547464 0
-0.4113001197429405 0.4372341483390331 0
-0.4345057634852214 0.4334965596508744 0
-0.4187531658580428 0.415547026379337 0
-0.4416862525217061 0.411337926445548 0
-0.4260486978430211 0.3935603390280774 0
-0.4031168183367007 0.3981607313153956 0
-0.4102478891732695 0.3762202881677045 0
-0.3877552664671522 0.3814420993708745 0
-0.3946111843818847 0.3594307116399546 0
0.4571025678678184 0.1930440543658747 0
-0.6279317503815058 0.4170081732671451 0
0.2733870077765065 1.138846818114536 0
0.08718485742473867 -0.286891975193742 0
-0.7069034465676569 -0.3104782065969518 0
0.5181723180281744 1.302404803706792 0
0.5263724521261762 0.7890529000022068 0
-0.8238147339732422 0.7366498858696078 0
-0.2554923991303518 -0.2944244788220125 0
-0.2895323116466668 -0.3021500309372899 0
-0.1914381894648447 -0.05061387306691767 0
-0.1712867748137215 -0.07174513554304163 0
-0.7528255242231783 0.4440979165083989 0
0.8039116378673339 0.09551433166612755 0
0.8217991967716803 0.06445294903957255 0
0.4570641850189233 0.4194137882205522 0
-0.5970045862235323 0.01386807379167004 0
-0.5630542406912835 1.10831977188864 0
0.256522387990318 0.9246712065742135 0
0.6590362968116075 0.5407301580641533 0
0.6160288522193617 0.797016876612456 0
-0.1423804559049244 0.1216356756011296 0
0.3390655499320536 0.8466685069952902 0
0.258540838710118 0.08778760164638544 0
-0.3634309437053404 0.0869572424437699 0
0.2414601855114714 0.9451098606424782 0
0.2670256472526283 0.9483602973511761 0
0.7518134958417245 -0.05493341638309346 0
0.4865516152168318 0.5647426286337229 0
0.4689284567213652 0.6269028499319352 0
0.7980149211601969 1.077185186491409 0
0.381478063695263 -0.07990912236904701 0
-0.3480478072362124 0.7954842759183345 0
-0.3303625717053341 0.8412528891954838 0
0.4985246092929114 -0.3008118076239101 0
0.5348591976357344 -0.3019033445675029 0
-0.5704404567996308 0.1010096824016952 0
0.3443630477517907 0.2137094639943021 0
0.2583963503460884 -0.2974588392334423 0
-0.2360414126604085 1.093207202792905 0
0.5949206990962713 0.874208679528879 0
-0.2319632884748564 1.293851717397772 0
0.5241474759581976 0.976050935703221 0
-0.5840248915504632 0.670610100457521 0
-0.6361000781618183 0.05898623786929369 0
0.3143583674815164 0.1565804096409644 0
-0.09935227305067004 1.313178404859956 0
-0.08121734437474379 -0.01004185422675818 0
0.4992851959835226 0.1222186575884834 0
-0.03417159384965792 1.321017307582894 0
0.0552032752049184 -0.11940611622834 0
0.1949389801089854 1.154191803182814 0
-0.126372611143982 0.1049393135140507 0
-0.005982366235287234 1.123698909833445 0
0.4409776659651335 0.02736468323555863 0
-0.1190103938072413 1.109009001187541 0
-0.1410951781157573 0.9343598409887056 0
0.5575844101195175 0.2186843914601937 0
-0.1578702077401062 -0.2717011393223319 0
-0.1661382249210696 -0.3035454823155423 0
-0.4256306915941477 0.6405011957387956 0
0.001621233489760544 -0.3147189816239688 0
-0.0339841331412005 -0.3135112432916281 0
0.1135625397614863 0.08789827868751365 0
0.1020230618641615 0.1081213278220633 0
0.4525968545310574 0.6879928803391826 0
-0.5440153854527982 0.7749066332441215 0
-0.8179317910624714 0.4326153942329138 0
-0.8297193838067816 0.4012881204684601 0
-0.6835017825801627 1.310890103418969 0
-0.6463275795130832 1.316713014976413 0
-0.6226521106035223 1.287541148215009 0
-0.6094113624412103 1.32359097961264 0
-0.5857194944945083 1.293180296530384 0
-0.7208230145484913 1.304788676057306 0
-0.5725279621797535 1.329410842139688 0
-0.5488198244902099 1.29945687711038 0
-0.04774979970323809 0.9456000337500585 0
0.8199028445296959 0.1865896728865266 0
0.4022299564827817 0.3168974737243473 0
-0.2259931426208257 0.0590868518037887 0
0.8123810460761631 -0.2755026807623767 0
-0.1674818063462932 0.868769841110813 0
-0.8256461367960761 0.6428541700648853 0
0.1960336123706629 0.1495562151718251 0
-0.155350369149218 0.07702990866960313 0
0.251356791171318 0.9692860991745056 0
-0.4172009773959003 0.3540971540395376 0
-0.401431709731659 0.3369908548024305 0
-0.3790069462602028 0.342973093410728 0
-0.3855629794358435 0.3202711261437016 0
-0.3633753662687805 0.3259878475578866 0
-0.3698315492575374 0.3037036055662097 0
-0.3477722151971416 0.3087982511772104 0
-0.3542995413976671 0.2871951126004154 0
-0.630241091764158 0.1708452440987634 0
-0.3986906305162493 0.5445831860636707 0
0.1274862508941128 -0.09703693193595186 0
-0.535531887601629 1.333661827181183 0
-0.512552191007138 1.304782319132175 0
-0.5256646793883124 1.270452900479397 0
-0.4979282290034041 1.336727294718504 0
-0.4897875889061154 1.276128384338295 0
-0.5025355567285089 1.242526184406467 0
0.81957644551043 1.047274146650894 0
-0.8299557295098772 -0.2723781808223812 0
-0.8043432831840889 -0.3005315443957033 0
-0.7319097170610409 0.994830404136801 0
-0.7665721642541998 0.9887745947045499 0
-0.7543259339642164 1.022090695180543 0
-0.7894634413032984 1.016147761794306 0
-0.8017469874771554 0.9822693938720288 0
0.8286729031093127 0.5100849755287632 0
-0.3726842285552718 1.100667215215252 0
-0.3927649691032862 1.125401862311446 0
0.3041634246606244 1.143044938015091 0
0.09000480461321669 0.9655026004827961 0
0.7929345016381875 -0.3085169378814927 0
0.8330802203342982 0.3922949305133389 0
0.6389173965110928 0.668501235895529 0
0.6554990966292261 0.6430206631741535 0
0.04129873345240007 0.8992623126825354 0
0.6148280557541441 0.3659706975757018 0
0.2466677487941042 0.06565306998355358 0
0.3935948728237785 0.5170204307099395 0
-0.2980167259296419 0.7641165761530062 0
-0.3807099989529696 0.4027146760376667 0
-0.4495642603462544 0.5751124877012509 0
0.79470112249916 0.6456935954371351 0
0.8300072837253282 0.6471858833361609 0
0.6334617958760373 0.7716576065937466 0
0.700509458905554 0.2743019132785169 0
-0.6376688847100148 0.3892867467538711 0
0.834949189711464 1.081297944825529 0
-0.2270033787810206 0.2022441063545329 0
-0.8250660271391299 1.009979525330858 0
-0.812590136077431 1.044191513244504 0
0.3868354925923393 0.4157788087447944 0
0.4258765112869878 1.32266171518329 0
0.3437613976252494 -0.2056729778541205 0
-0.8296372783110285 0.01149831418705971 0
-0.818388618979591 0.04571761856231177 0
-0.03166843438873337 0.8882444497134803 0
-0.7545657900569664 0.571954630493627 0
-0.7229651485136682 0.5774083116954379 0
0.4614082066036709 1.172720559155306 0
-0.8373799087686147 0.9757254902969716 0
0.1493661406528178 0.06622083826822223 0
0.06849636594140689 1.335162670659839 0
-0.2654997152999924 -0.3276495331072502 0
-0.3000308584798304 -0.3355016094879624 0
-0.3240836139043815 -0.3097016847408954 0
-0.3350544620615419 -0.3424969529525788 0
-0.3590940687357175 -0.3172199207757581 0
0.839818942044484 0.09593050286535376 0
-0.125691252232958 1.031827981715874 0
-0.6081387578897016 0.3187697479480159 0
-0.3794405724575836 0.5871450195856526 0
-0.4483397959875037 0.3888175488525351 0
-0.7073895430481727 1.340397953566393 0
-0.7452165195854135 1.334188489925657 0
-0.3531634749680835 0.6713726228067709 0
-0.8367052312806502 -0.02613074206032207 0
-0.1795551946664523 -0.09998011109673233 0
-0.1507465530521227 -0.09303902200993242 0
-0.1199663249382913 0.126817665765698 0
-0.1041564481090318 0.1103719013475899 0
0.2901724620155243 0.2311739945300768 0
-0.1206796535104963 0.8728451544979456 0
-0.507254165315254 0.8749038565521025 0
0.8314674578889211 -0.3089857941286378 0
-0.4244496449049561 0.3314751586365927 0
-0.3658303235898634 0.3864954178821411 0
0.8317020109631388 -0.2424374895882119 0
0.8127338223079611 -0.2090849867443529 0
-0.1046614159772036 1.222567449152755 0
-0.366035102730758 0.6307010946773537 0
-0.6461214985361285 -0.329745095252451 0
-0.6046388379302329 -0.3223382019736469 0
-0.2358973714889085 1.017159332793746 0
0.1375134242513107 0.9736264104875029 0
0.1624418268567742 0.9773979543377154 0
-0.3325538055992839 0.292304749148415 0
-0.3389537135759443 0.2708938034732038 0
-0.8064374280061259 0.4651139469299411 0
-0.8405620519055901 0.4591447168874003 0
0.06563713292002681 1.247869406165443 0
-0.3879359195954749 0.7477303585878372 0
-0.8540104146136955 0.03840608140291635 0
-0.8424721629823817 0.07289775489518224 0
-0.4238452701023707 -0.02583982662483941 0
-0.8417107445078373 -0.3087027693503731 0
-0.1708061690896966 1.213733821334302 0
0.5156262550608811 -0.3331388931100498 0
0.5527176455401461 -0.3341210648202741 0
0.7311832077543403 0.3894049552322518 0
-0.3445562465551968 1.340275214557951 0
-0.3088848358969383 1.345502039440231 0
-0.001418059781171335 1.230608633784697 0
0.5321029333258523 0.3654355568979125 0
0.849675463585446 0.4229883468398937 0
-0.5035327076735028 0.6829443245460355 0
-0.3701982851684769 -0.3502802611237716 0
-0.3944573830680276 -0.3248812987002421 0
0.1133440198988589 0.1279249874398562 0
0.09056620929834083 0.128109364666434 0
0.07913770928008616 0.1084347240419002 0
-0.7593327073604982 0.02580911541573766 0
-0.2090370888604456 0.04060345163407408 0
0.7596115010697593 0.6441986984580167 0
0.8462926641486019 0.6787877308550824 0
-0.09788226898235652 0.1319265952159525 0
-0.0834893266854253 0.1160203417823066 0
-0.8063798166542741 -0.2006336474128896 0
-0.4568634191786497 0.4288280099965184 0
0.2778089758213966 0.972521651887702 0
-0.07531161727488964 0.8816339233272349 0
0.6750101363894132 0.5149136196159667 0
0.6897054588554759 0.542002828820592 0
-0.2377342997350526 1.204221854127115 0
-0.3759291960784795 0.2813903338848056 0
0.1374400331793515 1.345738489750691 0
0.4273289600094062 1.168838992415518 0
-0.7019357836924059 0.7287233248685048 0
-0.398759547360894 -0.1788810005728508 0
-0.4079788468165259 -0.2090195313263923 0
0.364679565242331 0.3765666694659507 0
-0.5535278673006933 -0.2062628002104058 0
-0.5302241105237824 -0.2314977481729754 0
-0.4726767741723318 0.066916601307285 0
0.5007088720716762 0.5441566578032855 0
-0.712326460085009 0.6074307755271376 0
0.2413866841809871 0.8379732157658059 0
0.218753440824252 0.8352392881432966 0
0.2319201237035076 0.8171371509744758 0
0.545393756502687 0.4373848875904919 0
0.06791725921994954 0.1281258448006565 0
-0.5348911016751128 0.4590479095332279 0
-0.8433496223010021 -0.2083401440222042 0
0.206584972631279 -0.2042133498268922 0
0.3811731236875169 0.5357379844822939 0
0.6482749061885886 0.006267949304204101 0
0.6319497666895509 0.03624591944284172 0
0.6147801737692902 0.007081049871663581 0
0.5952347805253085 0.04029702425004522 0
0.5813423819715795 0.008376954172342854 0
0.6163152496840398 0.06817852013708975 0
-0.3799778221470468 1.33517392760335 0
-0.6809718519129072 0.7045503990947928 0
-0.6704844784754285 0.7342663480785432 0
-0.4673122407588313 1.248134158319585 0
-0.4802357606104928 1.215087874095997 0
0.1359029364823424 1.252714222957628 0
0.3334769391053723 1.34242447204169 0
0.1405320463670864 -0.2015022239249513 0
0.5185232716067588 0.3419375024679131 0
-0.8467916773632375 0.7634068731163435 0
-0.8157136372776166 -0.3371545178468134 0
0.6470506292196545 0.7996906751410517 0
0.2042308546131985 1.265418413553124 0
-0.1633127266634061 -0.0439803877677305 0
-0.6895420784712329 -0.05286636847937176 0
-0.04732052066970011 -0.2845200645215585 0
0.3118487794478328 0.273811629013745 0
0.5616623023571872 0.03459745658028196 0
0.5485556803031899 0.007896738268034775 0
-0.1346681004977406 0.1432553659403477 0
0.5507783750713016 0.6636228372061788 0
0.8117535102713261 -0.3423538461867943 0
0.8581252086938673 0.06444803226510043 0
0.8397150160205011 0.03269494100501102 0
-0.01666067778963581 -0.3445182491300786 0
-0.05233882165747945 -0.3433289650576787 0
0.02029374601277692 -0.3418421582726405 0
-0.8070961668232386 0.08006498150295893 0
-0.8309218843033377 0.1071332149630109 0
0.4956192656494162 1.176362089227153 0
0.4817895741776086 1.145112814200998 0
0.5158013130477627 1.148614893122073 0
-0.7324296800614496 0.5476245754645231 0
0.8506847329664555 -0.3427457503871183 0
-0.4053838140818394 -0.3593045325473263 0
-0.4300384228485608 -0.332834642959585 0
-0.4408964239643545 -0.3678591674122644 0
-0.4656738033999319 -0.3407954838265189 0
0.5352587296760365 0.6871278673637153 0
-0.4562042225149567 -0.3065482783761736 0
-0.8587459398494168 0.729791897547169 0
0.5649626838444397 -0.02015600973208154 0
0.5327971948467704 -0.01963140548141518 0
0.5482768403163542 -0.04797080673463394 0
0.515918101973972 -0.04747569472371971 0
0.531508403639832 -0.07599150402932864 0
0.4989536244766367 -0.07541775163926001 0
-0.3412154841698948 0.3301502561675825 0
0.3436148114161985 0.3321769863488417 0
-0.3388533212062734 0.9036359408654548 0
-0.5239986971093155 0.562448097128195 0
-0.7015910926492818 0.5528299859666616 0
-0.8486091571652287 1.038145241010692 0
-0.8360592652338902 1.072763506280277 0
0.2851704108801033 1.168092011414814 0
-0.28196138335494 0.20977111247695 0
-0.8535784219567676 -0.3454304613455293 0
0.05653487204000192 0.1089031723395019 0
0.04566897629873189 0.1285441071355923 0
0.06742687195860914 0.08904436181401681 0
0.3656583938948388 -0.1067691736410856 0
0.3962403707614537 -0.1078569481101466 0
-0.273626635252687 0.938258467439221 0
-0.2359900875620737 -0.1137842886701192 0
0.8568675292303333 1.050630048896313 0
-0.7997946012078978 1.078431694244714 0
-0.8230118235517168 1.1076836086482 0
0.274753720873544 -0.2065786776515937 0
-0.01394282300716918 -0.04032391540635138 0
0.8510328770176616 -0.2092662100862659 0
0.8318926736494001 -0.1759548506859405 0
0.8702576607945887 -0.2426613166075942 0
-0.2339710742071726 0.03524733357621262 0
-0.5088859658983887 0.9488313805669277 0
0.2093536364116438 0.8136963624081466 0
0.1965625880693683 0.8321316267386584 0
0.778852736869547 0.6151320224287919 0
0.2929309552407889 0.9513138588417682 0
-0.6569604418050257 0.4119303306917921 0
-0.3420492312831103 1.027007791278572 0
0.2385407658184696 1.055373800604038 0
0.2105961297951523 1.05268066914314 0
0.6839898897736137 0.3011740604435824 0
-0.1583105437427072 -0.1210300799819835 0
-0.1294845578771613 -0.1145115159882035 0
-0.8348569031907256 0.7967853956035693 0
0.03423464602983076 0.1096218539099542 0
0.02345462672117359 0.1288998756686303 0
0.01205951265105746 0.1100209141473838 0
0.0009484216555349205 0.1293415302158598 0
0.5144472567566216 -0.1041093284093429 0
-0.4026861443747245 1.096303439180665 0
-0.4273965026261716 1.119234938576257 0
0.1739914125840063 0.06642338513240476 0
0.1618457717601501 0.04464283358400839 0
0.8765766880472969 0.03257512883431585 0
0.8576173373291699 0.0007701776265100491 0
0.2053510168262398 1.361675136179815 0
-0.8316118063181467 -0.172347548384324 0
-0.4916089585030237 -0.3144869430433721 0
-0.5016993563376777 -0.348782646280094 0
-0.3126690301408608 0.1249851269815374 0
0.137227509300651 0.04422215183832606 0
0.2721305541511133 0.06649964934038172 0
-0.1215235984660741 -0.08554111605898385 0
-0.6325389809016103 1.353087131279889 0
-0.7113005079495105 0.5232613154071792 0
0.5120415749410169 0.5669306770270061 0
-0.7201593334690823 0.365214934298323 0
-0.01010698973452339 0.1106028061612422 0
-0.02082603517712818 0.129420964371223 0
-0.5149152349129368 1.209411472311566 0
-0.4934966158039627 1.182608128405037 0
-0.3699942862703556 1.273770246766295 0
0.2224910059558036 0.7957568241801238 0
-0.3589367946498742 0.4073557755241244 0
0.3715986705920413 0.515143310600607 0
0.669626539861914 0.670619250487695 0
0.1868583081995116 0.04509689964487085 0
-0.8289717933330343 0.4920968343269355 0
0.3156145639312257 1.172804899876679 0
-0.8636166795421982 0.4860147678781053 0
-0.8702531034903878 0.7906897241121348 0
-0.8579202300430985 0.8247382130598729 0
0.5052735471369749 0.3652788021259684 0
0.4919139310657621 0.3421096673885144 0
-0.620796855163015 -0.3574043992104592 0
-0.6575524530748658 -0.3656067462595947 0
-0.3147425229799302 -0.3673371511846677 0
0.8684883379454853 0.3930008866921021 0
0.868958006481964 -0.1753761728769858 0
0.8511864794321633 -0.1427995458578942 0
0.6835240665236292 0.1253253668846834 0
0.6673484155252131 0.154427072685639 0
0.6852509726345591 0.1851913767588153 0
0.6526780242271493 0.1833307962157535 0
0.6354145556932432 0.1548321583592327 0
0.2792506777162743 -0.0003319331242399581 0
0.7421200108980509 0.6108236454464681 0
0.5331747955393543 -0.3656384786920248 0
0.4957686421288703 -0.3645673107139068 0
0.5706683568251453 -0.3664772624248984 0
-0.8600700827211809 1.101465678726608 0
-0.8487372997162674 1.137433790816388 0
0.6632364609350817 0.2690034583641149 0
-0.7315263353525318 1.370224936170504 0
-0.7696062323809679 1.364044053159289 0
-0.7831786399797825 1.327896228315743 0
-0.8077900628654788 1.357786116293941 0
-0.8214547326362354 1.321363321875519 0
-0.8461633334085757 1.351484329386738 0
-0.8598100336437504 1.315005196198762 0
-0.8350883904330346 1.2848842553645 0
-0.8734466093649331 1.278485044465277 0
-0.8472941076015906 1.244866653011196 0
0.3047105964357225 0.9757148623632927 0
0.320298765403976 0.9539117057649722 0
-0.07646122658978012 0.137091598721151 0
-0.7958215574203404 0.1141222067827966 0
0.6644399815148934 0.7739912473408636 0
0.5020308823666146 1.117549176484218 0
0.5358376516611099 1.121110937122482 0
0.8658120041046954 0.6487530299078266 0
0.8489936528161067 0.617438333090974 0
-0.1109329577610524 0.09000142898761188 0
-0.8783954374440076 0.06562857894074531 0
0.48179310089325 -0.103532622460513 0
-0.5573843990904109 1.364935656728182 0
0.8131332614975429 -0.1428211292929569 0
0.8325585533012394 -0.1101816112801253 0
0.8702139352816732 -0.1100068618194778 0
-0.3314457262966888 1.374017400890174 0
-0.2952405272561855 1.379241611987535 0
-0.1382547195067472 -0.1437518770116366 0
-0.496611108007012 -0.2235653739772817 0
0.8764236578261186 0.09623648939360985 0
-0.5969135584539847 1.25922524693223 0
0.8714592381037078 1.084271765673148 0
0.850269454400374 1.115706498415217 0
0.1467794697964541 0.9966297750595678 0
-0.1936879180407824 -0.1903637689629274 0
-0.8740149632288414 0.453477457064934 0
-0.4657863276945272 0.5312106066848195 0
-0.4740497730872764 0.5084745642919348 0
-0.7455906507436352 -0.1266313174625985 0
-0.6503412256668016 0.7109956746409146 0
-0.639838161181702 0.7399804929506555 0
-0.6594056973125979 0.680991992968918 0
0.8848850205361473 0.4236985080350613 0
0.7369689164676136 -0.208781437375871 0
-0.8193350116666176 0.1409424963395067 0
-0.8546401809226164 0.1341807411978443 0
-0.8430324675930262 0.1682672325163669 0
-0.3174021242623117 0.2760956509512198 0
-0.3236550673831741 0.2547000370147889 0
-0.3455626760917225 0.2493863735874144 0
-0.3111302072911496 0.2970189703577286 0
-0.3561088070099377 -0.2261152356431468 0
-0.866291384921164 -0.2796583185053596 0
-0.8518863881918045 0.5195853679779314 0
0.5170735129398005 0.008373028891631662 0
-0.1825888975356302 -0.02341425793534779 0
-0.1544511392616931 -0.01608974561321808 0
-0.8677811788573889 -0.1804494710744932 0
-0.8568022097509825 -0.1439104298743685 0
-0.4543507180701834 1.281405710630942 0
-0.1325029861873557 -0.2953720176917246 0
-0.142328535066132 -0.3274732846208115 0
-0.1760318540914391 -0.3369796628908203 0
-0.1455318391093988 -0.3645597391117594 0
-0.1854936556240381 -0.3720159860889813 0
-0.1309618910835294 -0.2618349209543491 0
-0.8137371632333708 0.9482122129832049 0
-0.8495689510313561 0.9412619480572151 0
-0.873609844941496 0.9692747790701751 0
-0.3445999127494255 0.3912191831288408 0
-0.6645888162436041 1.005352293177932 0
-0.3888438407027318 -0.1477630100416546 0
-0.4204797971163136 -0.1545055500061392 0
-0.8787820063790013 0.1613509045673111 0
-0.8666475390379116 0.1976979620030869 0
0.5898218599544329 -0.3350073876027749 0
0.6083777720561537 -0.3674527498996275 0
-0.100810810263246 0.03444354789858117 0
0.5465727028714362 -0.1067747614414243 0
-0.5640558728607385 -0.2392635018664027 0
-0.4564712645512932 1.183065021736499 0
0.7696898466541209 -0.02526831526320783 0
0.3807643437696471 -0.1331748378692772 0
0.4098370192314252 -0.1321817729458281 0
0.3493478669450211 -0.1333354489639651 0
-0.586936315859087 -0.2136839392517824 0
0.8854699497302349 0.6183205256006125 0
0.8657937240490632 0.5858680108260811 0
0.5256677144067691 0.5449235838629818 0
0.5145530165370155 0.5231047372062521 0
-0.1082522933782272 -0.1366085323751098 0
-0.1160974517734097 -0.1656077505223769 0
-0.7442940537550292 0.5167013390202256 0
0.1018112933428185 0.1471948049866596 0
-0.03593164392900382 -0.3750060725495044 0
0.7054621113105012 0.5157145752316065 0
0.6905484674329656 0.4900377889044813 0
0.7205585238847839 0.5433885763676327 0
0.479124554394233 0.3648024769770748 0
-0.030217442089562 0.1111249361381884 0
0.882394993036103 0.6810128299108181 0
0.3318594575200225 0.9789357460439915 0
0.3485759934481635 0.9578310085585611 0
0.359461240432727 0.5340021893921899 0
0.3689062087418629 0.5533509278938267 0
0.8308584577990914 -0.3749160504574931 0
0.7921290574410116 -0.3755984251062631 0
0.8700726218231744 -0.3768629328463889 0
-0.07147070035831192 -0.3741603476804227 0
0.5236330642478123 0.6624498306328761 0
0.1879573278984083 0.8119358068855391 0
0.174832583074885 0.8296055169907195 0
0.4835499430108834 -0.04669552700445367 0
-0.3764270752439688 -0.3894312582065026 0
0.2616814947453406 0.9941912354061946 0
0.2352628647522801 0.9904286210827234 0
0.8107662900301852 0.5406997727210608 0
0.2965481038948307 1.197803099405449 0
0.2655403134300893 1.193181029583859 0
0.6197058684191965 0.1821712952481691 0
0.6035877016564957 0.1547122177229038 0
0.6360999063343866 0.2099553461349051 0
-0.5273928002966228 1.169300140430975 0
-0.5016532731543174 1.148285960590492 0
-0.8847497389462187 1.345167190728196 0
0.1723870799867899 1.000785308180444 0
-0.5171792779847882 0.43845882451151 0
-0.8271782960710468 -0.3762081156080728 0
-0.7893709289308857 -0.3660529815360782 0
-0.8652806559140489 -0.3849513669334235 0
0.4973986825842203 -0.1325479238845546 0
-0.5266882129845774 -0.3224142628444489 0
-0.5360007205581071 -0.3571900180270476 0
-0.5124145232055822 -0.3841877534643802 0
-0.545671627371232 -0.3941641124226885 0
0.2446412876325036 0.7990069958285051 0
0.2358532690199326 0.7790275535643997 0
0.5220087570184188 1.090250805543881 0
0.5557940944798296 1.093717720820262 0
0.5420711165818776 1.062952384229719 0
0.5756171988047272 1.066421947056233 0
0.5620926179485577 1.03577366077949 0
0.5954086056132468 1.039204224827319 0
0.5819653855545404 1.008701412311432 0
0.6151841415592971 1.012165345757396 0
0.6017785752727992 0.9817118591998051 0
0.6349114375939549 0.9851468036529519 0
0.6215435551653543 0.9547294032302694 0
0.6487395942147114 1.015944166398538 0
0.6546715800771972 0.9581657267751164 0
0.6423073183952377 0.9286285126349468 0
-0.6597477522118194 0.7635640986402498 0
-0.6292282484017215 0.7689687792763491 0
0.1239432267973704 0.1474001833743068 0
0.1494317937813445 0.02229432315543312 0
-0.8870084664604125 1.241999247656879 0
0.3836040190467981 0.6405064396506979 0
0.3740649524884166 0.6204457132460808 0
0.3609434317345208 0.6373488088157722 0
0.3518968438443342 0.6187426086953796 0
0.3399515709241702 0.6356427901109913 0
-0.3297631075361181 0.232032954633701 0
-0.3520225500540948 0.2263229145788326 0
0.6518148099877166 0.2998425614834089 0
0.6690621727237006 0.3283497004764369 0
-0.3841617227537818 0.92241605489814 0
-0.37355313541959 0.4235445342665839 0
-0.3523784654802468 0.4279022743347925 0
-0.3664370198113423 0.4438759944170039 0
0.509174035126527 0.8137776501314038 0
0.4974674798549654 0.7867326249086397 0
0.4807769639851394 0.8105130199739563 0
0.4693567848746663 0.7836441636274876 0
0.4866796273184709 0.7573663080511612 0
0.453036239201753 0.8072209082221767 0
0.4417958210659113 0.7802980126992785 0
0.4679872524186719 1.114360101867267 0
-0.8860012437229778 0.9343106334647463 0
0.6783583336070991 0.8027836100168146 0
0.6606190716193334 0.8283903863550619 0
0.8933600362652907 1.118846233766923 0
0.8657883882688134 1.150787624600431 0
-0.5705547088555261 0.9350602958869495 0
-0.5810502613635554 0.9056302037315969 0
-0.2215842204838026 0.1439838563995183 0
0.3960150766191862 0.4763964581539897 0
-0.5089299232996733 0.462897606353372 0
0.1827008463822057 0.8501541009173381 0
0.1614927889386985 0.8464668491517968 0
0.1543350782863873 0.8276840714754619 0
0.1401154693438076 0.8434390791098344 0
0.1480323212961629 0.8635527765789195 0
0.1272602034058317 0.8600653770386619 0
0.1187150260799314 0.8402240222050458 0
0.106234322157218 0.8559531208421478 0
0.3534145770865368 0.02325320723642482 0
0.3857177175613435 0.4560234633403257 0
0.3738012675448146 0.4750433239227275 0
0.3638967593011208 0.4555294993291762 0
-0.8595299122968758 0.9085681350980046 0
-0.8963490363910567 0.8975267764845243 0
-0.8842526649694123 1.130499975238863 0
-0.8971405389725595 1.095157429059742 0
-0.9087345622560745 0.9621460465225173 0
0.5322319285190675 0.4133944366467852 0
0.518205469194827 0.4370832141233962 0
-0.5258851175903057 0.4128705126010663 0
0.3479774713907448 0.6555418907473841 0
0.3274200114523783 0.6530544351178116 0
0.3351943289847993 0.6721838605981598 0
0.3142768494283774 0.6697003358967142 0
0.3226394576825883 0.6891384983959944 0
0.3016461267502833 0.6867192927474579 0
0.3100545205864425 0.7061610880362477 0
0.0113116995731944 0.1484787544300105 0
0.5312975390226881 0.4603423096464475 0
-0.7722914091872985 0.0874953566237302 0
0.8933369358290402 1.053617084632081 0
0.8776472477677066 1.021529949005282 0
0.3840745114795553 0.5989682727214374 0
-0.8889283325966 0.02893012171667564 0
-0.9149336540620145 0.05805656792775837 0
0.4070139954733198 1.196031866687654 0
0.3941719713037635 1.16517438099208 0
0.4139340649770576 1.138249627966077 0
-0.6121104570047611 0.9001069753060221 0
-0.5917196745137135 0.8761549065512939 0
0.5081878472910459 0.685392532426002 0
0.5197756178939361 0.7104735227556129 0
-0.8099566415841465 1.143040116896364 0
0.2572565267454921 0.7813689868268581 0
0.248425749801056 0.7618813695656654 0
0.2697395390004163 0.7639627640810762 0
0.2609507883543757 0.7446012307213905 0
0.2821435186840467 0.7465716138612128 0
0.2748954160208649 0.7249430394302936 0
-0.274352099070634 0.9828446539145372 0
0.5413647066901457 0.6392207788729246 0
-0.5494682484034785 1.202457618836327 0
-0.287477698238473 1.169780825748679 0
-0.8709363746317909 1.381898411879422 0
-0.6806965862584585 0.5289372836698879 0
-0.6952527703050053 0.5003365612803704 0
-0.6706955774381425 0.5584953646541063 0
-0.3835412317634032 -0.2909102413412975 0
-0.09132306415356106 0.1528170699416038 0
-0.649092659024807 0.794455606680979 0
-0.6186486385968039 0.7971813763675553 0
-0.6381950683131257 0.8215604102033773 0
0.4643756801248788 0.8329640331037492 0
0.4368156488432083 0.8299105321484472 0
0.4481148025772296 0.8553714988664998 0
0.420647293472517 0.8522942271593968 0
0.4318366215068341 0.8778032928654409 0
0.4044123781148397 0.8748921852148416 0
0.3932158389167031 0.8497793589419185 0
-0.5025340158458687 -0.1370276981792636 0
-0.1348906558806482 -0.03686947541226715 0
0.8999537679147279 -0.00554070580998367 0
-0.6328133087446264 -0.0748806833658282 0
0.415563900074381 0.9002835285431141 0
0.3880409125529656 0.8974004511887904 0
0.4029283207811105 0.9225011930144111 0
-0.8871291903910318 0.5132911131442007 0
-0.8751957165958337 0.5473623028222858 0
-0.3840065685293115 1.07124420764994 0
-0.4121934037957596 1.069197320493459 0
-0.2963750057679989 0.2812626118066008 0
-0.289762745058316 0.3013788672534641 0
-0.3028998322883499 0.3180554297910134 0
0.4895265638992041 0.3920399971699329 0
0.3500672271225909 0.5137917100694119 0
-0.4106809829241935 -0.1239971524068629 0
0.8478077126238368 -0.073586533064676 0
0.8885823823057045 -0.07854686842701863 0
0.5502714642923753 1.152026776692797 0
0.339386720493297 0.9318421104199878 0
0.6501643197006461 0.7464291283020996 0
0.6831842164305085 0.7518281759507277 0
-0.7196371204165404 1.027862287940948 0
-0.7419345759616959 1.055332297225747 0
0.8704185801113414 -0.3090652782318847 0
-0.6932604490475773 1.376629315261767 0
-0.7177546649329726 1.406534934531971 0
0.05860532006401441 -0.1716047597201404 0
-0.2500135039599076 -0.1738401724024538 0
0.1128012770017797 0.1657447472556306 0
0.1340905686139607 0.166258443122311 0
-0.279452542008842 1.118085389957265 0
0.6880371972130377 0.6436443666277728 0
0.3691410837000407 1.347022396450852 0
0.3474426532584683 1.374694981368812 0
0.3837279906356736 1.379808969180144 0
0.6746456098128175 0.9313350722756868 0
0.662755441195227 0.9045745163044308 0
-0.4348085655474688 0.09473470813131152 0
0.4615600429614212 1.327115238303898 0
0.4664169528829389 0.3423024714324732 0
0.4788563342572842 0.3200131007269332 0
0.4534984541835811 0.3201351412686742 0
0.4657074231551149 0.298064551588173 0
-0.8807354653493609 -0.2164198996960014 0
-0.8974745635521002 0.9976395284962035 0
0.4101981912678957 -0.07989476118238792 0
0.6719693642587532 0.6176549229858431 0
-0.4578191186428369 1.01214060108577 0
0.8279945104899284 1.146623677623515 0
0.8430673502873458 1.181809557615077 0
0.8807829736004236 1.186207253751973 0
0.8584630281257974 1.217022622053274 0
0.8202097608554039 1.212784058510136 0
0.8356827896906078 1.247937755215756 0
0.7975015165004897 1.243624160933161 0
0.8127784078414407 1.278996094239277 0
0.8511376135010321 1.283392812012222 0
0.8281650948710115 1.31457124938049 0
0.7896202962248451 1.310090622404918 0
0.80495535552023 1.345750698799701 0
0.7663459159400895 1.341182628033029 0
0.8437577855924356 1.350357598766156 0
0.7508184400612976 1.305713882011971 0
0.7276383181411892 1.336649999961389 0
0.7430289423882825 1.372274197539222 0
0.7044470872907482 1.367572778339048 0
0.6891859548610229 1.33204733828632 0
0.6660111676686653 1.362815502841203 0
0.8970450550649105 1.221244456796057 0
0.6511448652453116 1.327378599165351 0
0.6279589895285195 1.357981347420676 0
0.7821578705920077 1.208599184264161 0
0.8203381967770972 1.381744054418278 0
0.8593924930165553 1.386390970833651 0
0.8828604415280517 1.354772033344854 0
0.8987064878336414 1.391110244542059 0
-0.8357808741963551 1.172932808114227 0
0.3114873464903702 1.370793104595389 0
-0.1810235925470705 0.04520668421421636 0
0.3333026980224253 1.149509531205938 0
0.8624401668246749 0.7108568484659643 0
-0.8182761676792195 0.5243926278617977 0
-0.2731482505404694 1.35060478921562 0
-0.2588554835815609 1.384225951847101 0
-0.2367833335893813 1.355483245707861 0
-0.2224788363285811 1.389387955630295 0
0.8514046974978213 0.3622616987364713 0
0.8872513488184284 0.3623502039747196 0
0.8700661886787002 0.3310753804063648 0
-0.8188491925592144 0.3425033536644989 0
-0.8303167317119267 0.3096142461784279 0
-0.8536459015548212 0.3359951275857188 0
-0.8652119709971506 0.3023129462368626 0
-0.88918881458689 0.3294323027017871 0
-0.8418648166349334 0.2779023076249537 0
-0.877612184675586 0.2660816603518504 0
-0.8770811049660305 0.363941818932665 0
0.2844258384076835 0.08875565500596894 0
0.2982226333304679 0.06720821736371207 0
0.3108460785131589 0.08999386744412285 0
-0.9029595934762475 0.09343528377849941 0
0.7633290750570517 0.5848624393406761 0
0.8474883894384739 0.4823503648700321 0
0.86409404709402 0.5116366858156234 0
-0.6276463544305502 0.3404397592283973 0
-0.6370307444643147 0.312253847333848 0
-0.6571962270828783 0.3346230706283476 0
-0.6667685324739503 0.3045820071405856 0
-0.6468144272287979 0.2820118850251239 0
-0.4331735192966374 1.253904433750368 0
0.05829968065801018 0.1511044701462996 0
-0.6470671705419321 0.4394509407972428 0
-0.6767812456887548 0.4347695731166344 0
0.5902736375851074 1.096767377930757 0
0.4834715712822585 0.6067542562098609 0
-0.5933307693089661 -0.03926973626537134 0
0.6191886532755089 0.1274385226054737 0
0.5876904221864866 0.1275616029051975 0
0.6303535968442749 0.3900551580095278 0
-0.2179078056822841 0.01640506495739763 0
-0.2511523424777865 0.05376230119312314 0
-0.2592596054749637 0.0296200833017074 0
-0.2769347431973211 0.0485315866585686 0
-0.2848954012126559 0.0235624142714887 0
-0.3025688838479114 0.04321198553965599 0
-0.2945675869249256 0.06798144632936032 0
-0.4704161603985234 -0.01602104197953391 0
-0.440665374744315 0.3488532633370379 0
-0.4467744514244761 0.3255342265615964 0
-0.4312029049587703 0.308022405003311 0
-0.4664157223529475 0.3417123512644534 0
-0.4539352473369891 0.3018914112916832 0
0.3734360952725416 1.191641201105898 0
0.625480052332313 -0.2724394393200402 0
0.4401982776767304 0.2979636726866744 0
0.4526488958046422 0.2761411542509063 0
0.4274852841247827 0.2758511940429711 0
0.4396343965059721 0.254376322029831 0
-0.1999595760227493 1.360927186269599 0
-0.1859356305707912 1.394544548677457 0
-0.1633641434433473 1.366046556331411 0
0.8578406183884122 0.1273792864977888 0
0.895106965049526 0.128302462318417 0
0.8760013659584908 0.1597213787958464 0
0.4682254750106429 0.4395679737690807 0
-0.1847991954358029 -0.1277550840635473 0
0.1225468100022734 0.9914988456952989 0
0.4398739560081903 1.35627789364717 0
0.4763579515044814 1.360870298891586 0
0.4544793737974795 1.3905537980383 0
0.4916066835081134 1.393937871675554 0
0.5135835846074761 1.364933235964731 0
0.04221023640316147 0.05006995346572407 0
0.05442387777450295 0.0283336869774613 0
0.6850765334262996 0.2441591825303897 0
-0.8940481903142303 0.8185847922371017 0
0.6268189915752063 -0.3357905793591668 0
0.646387763684683 -0.3688149683861344 0
-0.6207605776977828 0.7170085518606628 0
0.3488177644986448 0.4757500184848564 0
-0.367574525449291 0.2439439335593002 0
-0.3796524899761318 0.769859721810439 0
-0.403371705785768 0.7660319504630704 0
-0.4109687680259702 0.7432939539188682 0
-0.3950840977373521 0.7889249780425195 0
-0.4194970760120422 0.7849858791070055 0
0.7032671764785976 0.6721271038153473 0
0.8171520370627534 0.3029982658196381 0
-0.5134724826556144 1.08647333114035 0
-0.4816139084240945 1.091808326628114 0
0.6428554610817132 1.39352416406455 0
0.602952488410841 1.389414354098098 0
0.5898022090742432 1.353157909634934 0
0.414616089647703 0.2540896126558042 0
0.4266854752321704 0.2325022524299036 0
0.4013455937188606 0.2324122877534944 0
0.4136539085784225 0.2105745356843153 0
-0.3201156098869751 0.0628038369424484 0
-0.1493101535885991 1.399217805732256 0
-0.126767831977551 1.371114022905966 0
-0.1126904424410302 1.404255637024563 0
-0.09011241374647538 1.376153462918524 0
0.7595306167081255 1.239142772738308 0
-0.3510502495548607 0.3707092943844912 0
-0.3301193024491518 0.3750254906163278 0
0.5477049892207385 -0.3986099291102582 0
0.3245834955867477 0.06762039667185415 0
0.3372027147710812 0.09104148212500407 0
-0.4129499156806768 1.148718338305797 0
0.1552518266692562 1.022906634752369 0
-0.1623164183851169 -0.3956833508449137 0
-0.1940289459374517 -0.4061977639061061 0
-0.2206902313068936 -0.37998555364713 0
0.8833429375175976 0.4837894531977898 0
0.9001951414147324 0.5157765946095543 0
0.5291294578233751 1.397490628397322 0
0.6256187563495561 -0.3999755977681764 0
0.6650129413833021 -0.4016274312238508 0
0.6851463722172144 -0.3700483137266036 0
0.7039849004103559 -0.4032175896268144 0
0.1356687184671442 0.8786080433399025 0
-0.8956322663938372 -0.3529168676795649 0
-0.904268309127797 -0.392864721187039 0
-0.5267901689431069 0.4827656272568248 0
-0.0548683320431325 -0.4062076665328305 0
0.7943683568815931 -0.109941238127528 0
0.7757863232817085 -0.142715924118657 0
-0.3747642394902929 0.2218218296919013 0
0.3292724662868216 0.6161676974539479 0
0.3450340219058037 0.5995953260551394 0
0.3157158825899726 1.001125733571048 0
0.4930148942424027 0.7086025959740028 0
-0.8991214639414732 -0.1546098653651202 0
-0.8832150908013165 -0.1157179855052743 0
-0.5506972832070206 0.9112600011486331 0
0.1875689787251144 0.9808495835860572 0
0.06708694043901944 0.04922299109456763 0
0.07914126136464671 0.02738614955030266 0
0.4667187100674127 0.6674786624789567 0
-0.6319584325717513 -0.3935242850684736 0
-0.7893751956813425 1.39466919542116 0
0.7042468352634126 0.5693631089107032 0
0.6307775836410786 -0.02253513960171161 0
-0.1150855741784403 0.01326392312082969 0
-0.1269999011758955 0.03580251609475388 0
-0.5996399433143113 0.7743077904146786 0
-0.5846332615263877 0.8025415815824408 0
-0.4415616731394283 -0.1306676961093842 0
-0.4321833425302001 -0.1003544921319963 0
-0.4507423146389106 -0.1599406704603888 0
-0.9115349717780443 1.271865748102497 0
0.06687190525101797 0.005848115558451494 0
-0.09217138029940686 -0.4031099066251214 0
-0.001278414000112114 0.09129783885802001 0
-0.6690896660736245 -0.4014518635086228 0
-0.6939983301494942 -0.3737882423636325 0
0.6923095629825133 0.8321068034899364 0
0.09020074764211557 0.04734571192166959 0
0.9144824155361837 0.03153576964181315 0
0.7223804243491971 -0.3712559473496602 0
0.8984444255730533 0.7133146426033032 0
0.8785236348067178 0.7440157616162804 0
0.5363406486615279 0.5666023486076049 0
0.522965444873366 0.5899551415372803 0
-0.8204719619084875 -0.1369011145793519 0
0.7154145514293597 0.3607963683745121 0
0.697547745703039 0.3889846263938994 0
0.7139546504022307 0.4171849366486654 0
0.6788997954312228 0.4157200017804841 0
0.124924246758315 0.0227201455109477 0
0.3439523773800505 0.6916223591789836 0
-0.3898525930278887 0.2388664545447233 0
0.09771042688652695 0.8375411948054959 0
0.08471123497458828 0.8527384428895711 0
0.3481990851663935 0.5513623252991653 0
-0.07013889939471019 0.1578869009860646 0
-0.6657036263132032 0.3837911494072341 0
-0.8311070786319512 0.2037394720913284 0
0.4596489566847692 0.8808473910711085 0
0.4735265004925471 1.424412166347067 0
-0.275870250481525 0.2853501091862111 0
-0.7976367622334358 1.17873028869066 0
-0.01747820886482745 -0.4050906492009506 0
-0.3086954369869873 0.2390801168419919 0
-0.410158059492585 0.8083778949462228 0
-0.3860124895145514 0.8124135032644673 0
-0.4010843668296373 0.8322054070749257 0
-0.3770851130833888 0.8367552661396969 0
-0.2679636696397947 0.004502937328790035 0
-0.3279925969773104 0.03825985492150474 0
0.67536567269759 1.295320546472643 0
-0.2926877041245423 -0.002310146903700461 0
-0.5005716428798521 0.4182740034884338 0
-0.5081207702463317 0.3933929507584862 0
0.5800761327984685 -0.05006805147060645 0
-0.8092299351661377 1.250582749794212 0
0.2276475424509113 0.7599130621692646 0
-0.3781033049778515 -0.1182794067413333 0
-0.391916392713414 0.8563694537550627 0
-0.3675811437151473 0.8609690272310632 0
-0.4896258920090045 0.5270521285213183 0
-0.4815723123257799 0.550028907193217 0
-0.6520468027297048 0.5355853801856854 0
-0.3463944810736393 0.4483157276993392 0
-0.3595376637973731 0.463908213930909 0
-0.3390395650620928 0.4679983302990899 0
-0.3531051887246456 0.4833741112980051 0
-0.3736394816897958 0.4809517336317912 0
-0.3664708241758246 0.4995197096646253 0
0.9135093455327592 0.7450282790591898 0
0.8946651468099618 0.7776070018354139 0
0.9016698577937722 0.5835167727021162 0
0.07678092811901174 0.8353062937854386 0
0.06381533157238554 0.8500695690621642 0
0.07144555280883222 0.8678724092081979 0
-0.05551784271685917 0.1425430530701639 0
0.2590012025127354 0.04395682345785434 0
0.234260071429251 0.04366557666793269 0
0.6367186670801114 0.2780460717237647 0
-0.08577916445465664 0.05540941723331788 0
0.6878053409806387 0.9628939681826616 0
0.3587887447598272 0.9836015605029079 0
-0.8006519474679434 -0.4034219425028223 0
-0.7638124246640041 -0.3950444834309967 0
0.7242490452967767 0.4887663085100285 0
-0.7624614544977162 0.1215023453073798 0
0.3891212643673014 0.2102806285051645 0
0.4008187539963393 0.1885550561689721 0
0.3762079607281271 0.1882729729677025 0
0.3878608376634172 0.1664749717899546 0
0.3623711743475959 0.1667425203808248 0
0.3757048506247367 0.1447143481134846 0
-0.6224418189816214 0.8703660632796197 0
0.5048527545878229 0.4603049974905559 0
-0.3950989712796873 1.043495451729223 0
-0.9056557556818469 0.7847735683344544 0
0.3043417821995512 -0.1040835335466738 0
0.288518590629579 -0.1303247276677707 0
0.2573790952893982 -0.1293411556991529 0
0.4649701556552903 0.2530664062168406 0
0.6448202242512466 0.4641032503821057 0
-0.3142225171894496 0.216687460629289 0
-0.1085922656359582 -0.3183987307005429 0
-0.7739027456897779 -0.4319447884151999 0
0.7462835356948508 1.202991297396404 0
0.4774321216823108 0.5011879375742684 0
0.09212225825152201 0.1644269760429041 0
-0.7532517445837789 -0.3561132564228944 0
-0.1732465331837187 0.002964486616753748 0
0.5411817451908895 0.5236186509582148 0
-0.5964171206373927 -0.2490844719581656 0
-0.5731184243382756 -0.2735414112964913 0
0.2913550355921851 0.7655321370036772 0
-0.9029510759199635 0.1897305717279488 0
0.1983695747364337 1.004898639279896 0
-0.5066210602860914 -0.2567731435024029 0
-0.4727348524123116 -0.2487102197596246 0
-0.4642399598114393 -0.2168159942155748 0
0.2249971054572985 1.158470118369756 0
0.2060079696924597 1.182956508123176 0
0.1760611059322877 1.178018697748144 0
0.1869066571986784 1.207340023396432 0
0.1584135912849003 1.202806580733138 0
0.2176230442409459 1.211736632744895 0
0.9192851950899912 0.6820821539679581 0
0.328941641093637 1.406865596511753 0
0.2889970255553842 1.400766009953076 0
0.7413157869549962 -0.4043237830539661 0
0.719762472519542 1.402721936042072 0
0.7585109046699798 1.408223606384734 0
-0.9208504777976252 -0.1218132846324702 0
-0.9072828016530837 -0.08674892147967339 0
-0.8713215108177332 -0.07974523345807638 0
-0.8967302593581892 -0.05040574416405785 0
0.8153217246646404 -0.4050617229606028 0
0.2956368190250288 0.9074814027540303 0
0.7880193148634735 -0.05295443732576754 0
0.5892412156110269 0.1811237347192741 0
-0.9103373602768898 0.5416229700996751 0
-0.8987584547400722 0.5755709266984392 0
0.4921353636187542 0.6312658969016275 0
0.6126714781133288 0.8495992706710039 0
0.05001890107199359 0.8650298106358802 0
0.04365627213368809 0.8468958045305223 0
0.02976104944076465 0.8620097956825363 0
0.8581443438877967 0.7731715744560401 0
0.8740416047025112 0.8076286451540194 0
-0.3179236156631189 1.40701246478773 0
-0.3532276501160498 1.401999914267757 0
-0.2322909584523007 -0.3194814963120747 0
-0.4631148622177154 -0.106637749803294 0
-0.4519417209629938 -0.07532435018733452 0
-0.07587060869696458 1.40836891737277 0
-0.05335594734877437 1.381038274637281 0
-0.03817726206689144 1.414510366596314 0
-0.01636747002159294 1.386235589118146 0
0.4656821331926098 -0.1321796284446543 0
0.480336059162527 -0.161243385306678 0
0.9056720508691991 0.3317543441265115 0
0.8887864176315932 0.2987830244877822 0
0.03121120923290573 0.07015665842781277 0
-0.8352962358205738 0.7035812594398869 0
-0.8707189509130552 0.6961289975322946 0
-0.8944131588393472 0.7231690657152655 0
-0.905287754633628 0.6880634664704706 0
-0.8822837262131793 0.6622232611708353 0
-0.9111852100968925 0.6590371831002081 0
0.6130078184977 0.9265198305975093 0
0.1101628714162445 0.823446239728134 0
-0.7404198701026298 0.09471750644852966 0
-0.6420707680799176 0.5632631427333317 0
-0.6607243175432105 0.5869841102863768 0
-0.9135472503694005 0.1538377939006214 0
0.3214398388989265 0.1126436497836767 0
-0.8224754470308187 0.8289633405855975 0
0.3108091518164603 0.04561129081405041 0
0.7224314709306104 -0.4357254434516469 0
0.3826553344761618 1.132074903421899 0
0.3771099226155306 0.9594965471359027 0
-0.4208108904604686 1.28879976880647 0
-0.4454947175656803 1.310037398574837 0
-0.7051227259334912 -0.4102935202270145 0
0.6522668242417962 0.6961954995657087 0
0.8212961161193706 0.002159571138830418 0
-0.9355106721515418 0.9890727918727578 0
-0.3469377304216474 0.5019627902404135 0
-0.3596452446800362 0.5189132047275667 0
-0.3784667491033727 0.514512558724816 0
0.3426210980666538 0.4544749749505281 0
0.3539583963404445 0.4368907017154877 0
-0.08805235824625821 -0.1601552992204612 0
-0.0954361073264612 -0.1893222875750964 0
0.9101152806183581 0.8119668351021639 0
0.8904436341951294 0.8426561318413437 0
0.8533355826843985 0.8360867426026324 0
0.8690378239406289 0.8715759247524343 0
0.905221802360337 0.8767600414831029 0
0.8852281964307838 0.9072498879239754 0
0.922246513187949 0.9119494565604027 0
0.9013419320400022 0.941941287313578 0
0.863876651085169 0.9386240701326884 0
0.9364233401143263 0.9432348868031606 0
0.9196848999119964 0.9699926477860099 0
0.1979586103902291 0.06687913504929899 0
-0.6409045965095342 -0.1978077966924739 0
0.6940309337363697 0.9062695255530879 0
-0.9082125132766925 1.379700357356858 0
-0.8945143878049358 1.412866521114505 0
0.02405218541607937 0.84409386299384 0
0.009454069482924191 0.8587680762099011 0
0.01386415179458233 0.8768049816198782 0
-0.3406248340937992 0.5206224106176096 0
-0.3514305945517749 0.5366862967491625 0
-0.6014685449437995 0.847770745234077 0
-0.567897816319879 0.8497863787474436 0
0.9082133499870914 -0.1099467464189294 0
0.3496211831524861 0.1148045159583116 0
0.6405171240570484 0.3297376318440552 0
0.5168142045167646 0.4818334458393386 0
0.3041351903436988 0.7469633091561724 0
-0.9321522625624643 0.7143488322060457 0
0.2526819937720062 0.7243382249985041 0
0.3784766760645276 0.2330928688284639 0
-0.8646379401998684 0.5825684018332919 0
-0.2306690570416206 -0.4136887025763493 0
0.3575066112746265 0.5701331152768119 0
0.3369502439397369 0.5688216871259355 0
-0.1238647782166177 -0.1956518324670264 0
-0.07736339675189743 -0.1309511435510176 0
0.369403652946035 -0.1576524464875215 0
0.3379914853489601 -0.158793175353488 0
-0.3811784380159815 0.8800452374385506 0
0.3068651323530376 0.6506375120797112 0
0.6452467787821285 0.3650278884972095 0
-0.4622648539799823 1.066783603984024 0
0.3266087648921873 1.205036134432587 0
-0.692390654921236 0.3260811219876919 0
-0.2767734200045518 -0.02273050110529495 0
-0.6793244597190241 1.412536627386556 0
0.7787230049351823 0.5343411094858934 0
-0.3299290397710465 0.4343565094285343 0
-0.256430280359395 -0.38798922981116 0
0.2727303564019087 -0.1559327698321168 0
0.2404615414145614 -0.1549143278365139 0
0.2268513048960291 -0.128025008905595 0
0.2085447988358596 -0.153978580970035 0
0.2467662229421454 0.01979725182964209 0
0.2207933660730597 0.02017322855777248 0
0.2337011285590282 -0.003952056038485807 0
-0.7073946354656182 1.060062268188964 0
-0.7293865546682194 1.087179840155721 0
0.5149518288976199 -0.162687148688124 0
-0.2462879479135192 1.415653484469374 0
0.9226274364421578 0.3627186014907262 0
0.4482807016160696 -0.1598152137155062 0
-0.7130310591404052 0.3966117687966249 0
0.7972516388185218 0.5870466047208893 0
-0.3103320331063142 0.08623970893615929 0
0.2774437102865501 1.221849004848219 0
-0.7065863869786635 1.441726252044124 0
0.5675795716384554 0.9755357292395241 0
0.9130881178355337 0.09695367301280816 0
-0.4452962374561818 1.145680586235832 0
0.6937935334895867 0.4417262458531676 0
-0.4390706650996996 0.2789748825587112 0
-0.4149511797777894 0.2897508291682154 0
-0.4183895110220764 0.2694462452502324 0
0.2458653577020001 1.014207542737158 0
0.2724600861523299 1.018040939435535 0
-0.1026268249524808 -0.2190604525397989 0
-0.07267811739847049 -0.2126487560150624 0
-0.08058802723445783 -0.2485123929025993 0
-0.04953526559463628 -0.236405386051096 0
0.9162898692221446 0.1605266584555725 0
0.8947579014208956 0.1928965020173692 0
0.9326954409454015 0.1934651345606505 0
0.9116349130517361 0.2253349426231487 0
0.8745587453020058 0.2236882538254311 0
0.3302077798489066 0.437537593416062 0
0.3441398668486951 0.4192005059695708 0
-0.6665712880061039 0.461958725890934 0
-0.696341755338647 0.4551818662200242 0
0.4815267447479385 0.4189979780186336 0
-0.8817473152939433 0.6097794784823907 0
0.00359091059400275 0.8364175272231341 0
-0.0113401008233019 0.8555852837466495 0
-0.01884668696733178 0.8356909290031056 0
-0.03161025477244575 0.8516585566086339 0
-0.9115595733944365 0.3565358267556124 0
-0.9006540177791951 0.3915694953301493 0
-0.9254496588984884 0.3220101007234716 0
-0.3581853045108828 0.2031258341366375 0
-0.3814568982884481 0.1989097099210277 0
0.9195820920826151 1.192795288165125 0
0.9347059076605461 1.228069307541696 0
0.9108002455808402 1.256437966042545 0
0.4621445640502665 -0.1872014069077141 0
-0.6943639755163139 0.2965275904591521 0
0.3778490430108258 0.5741796112827354 0
0.2856401551959133 0.7033360892300028 0
0.2985148272210973 1.434033844795251 0
-0.4843636265180234 0.3995203903011811 0
-0.4921905464153565 0.3756248349897902 0
-0.5165391800465752 0.3688213948934698 0
-0.8450363471114882 0.8572870761334698 0
0.4631243374974751 0.3845161157959044 0
-0.4404146693625485 -0.2418304709617694 0
0.9294577864228456 -0.07213791894088928 0
-0.4332898588129992 0.808220448667276 0
0.5476750899055507 0.5885239272231223 0
-0.4427321918303512 0.7849902097167503 0
-0.5632230821288623 1.169762262292934 0
-0.5854519682988339 1.19844676005311 0
-0.6234149753251537 1.193363237179421 0
-0.001617219563379594 1.420833862501217 0
0.02051683595703663 1.390898211406428 0
0.008887467104775865 1.357821202529143 0
0.9339684606191223 0.004213678189923464 0
-0.3460987130028337 0.05776278582171895 0
-0.3535879073766439 0.03498546765137944 0
-0.1681749600942088 1.429538853660622 0
-0.09889242379229719 1.439220678292832 0
-0.9251858495316945 1.236975774387867 0
-0.9002684035911216 1.204441608930733 0
-0.4946044897161996 0.3468729443825413 0
0.9168989290632498 1.028690826677349 0
0.6723366652935128 0.8559281648539223 0
0.5037232448353559 0.733900108997253 0
0.4762528058922284 0.7310619462102006 0
0.4570123375729884 0.7527791265519697 0
-0.8785770129350425 -0.4219114155328897 0
0.452575274070144 -0.1044552103137082 0
-0.3254641308145024 0.3954436211847618 0
0.9534598427566823 0.02901552490608028 0
0.7123782912848773 0.8041251161050004 0
-0.5637748531091457 -0.3318435216037021 0
0.3708811285509429 0.9201053468573562 0
0.3610591547567977 0.8930187226446252 0
0.08983794451694667 0.005148375972813701 0
-0.3014290471683608 -0.0236384434212501 0
-0.4976604639896224 0.5041848589502472 0
-0.4806318883448036 0.4866045236640525 0
-0.1460740597632669 0.01257266635510079 0
0.2802989788828872 0.681271898287404 0
0.7040929564198036 0.6175226215009078 0
-0.6333212108942405 0.5907110994905627 0
-0.6541605346730337 0.6129277267505597 0
-0.3377375888717218 1.439010806947951 0
0.4269377785074352 0.1887033785969713 0
-0.05124809181901559 0.1631842690690813 0
0.166872429064587 1.233175588701599 0
-0.8217349314054091 1.210350656168392 0
-0.6223332903319442 0.5394754235989911 0
-0.4201562092605106 -0.07226920753588595 0
-0.8905361216899561 0.2286329365928847 0
-0.5237043358909572 -0.4221299450914451 0
-0.4870885209427616 -0.4123343179139672 0
-0.4944954260343602 -0.4481050631406389 0
-0.1530439581856066 0.03716481750581591 0
-0.1618793025723861 -0.1819603516376441 0
0.1232713048585273 0.1871359405882944 0
0.1442314930145758 0.1847026033978594 0
0.1562922558154903 0.1670538655000459 0
0.1652933092478731 0.1855028046921227 0
0.1550796064160888 0.2009243664477214 0
0.175120445950193 0.2020833759263991 0
0.1860469169997237 0.1861583116514939 0
0.1956902731497148 0.204484914999489 0
0.2070446306625119 0.1868538834957779 0
0.2170955692232189 0.2056578938654058 0
0.228160802646998 0.1875276336385661 0
0.2378966569042938 0.2071630605993212 0
0.2269625499831273 0.2247008730799523 0
0.2476091457127754 0.2262709215891914 0
0.2368546048374695 0.2430218905096468 0
0.2574609368225555 0.2444440437049433 0
0.2471757517070113 0.2607767657311619 0
0.2670788277021601 0.26285494940717 0
0.2168064120895616 0.1682707272571298 0
0.2542307308749062 0.2776312444740807 0
0.2743569910163828 0.2830959113189154 0
0.1832978345373591 0.2214550840290533 0
0.2878003788793317 0.2638196177203535 0
0.2677124803084623 0.8008854938449761 0
0.878109735203549 1.425729616380382 0
0.8418113557882299 -0.03378523250941956 0
0.6246017669797055 0.87642404471257 0
0.5285010346980172 1.032332098178798 0
-0.9508853097639075 1.265647604018431 0
0.1565551686695145 0.8841113127663927 0
0.7027178162538446 0.8587912489886877 0
-0.06732163580311819 1.346369401920588 0
0.4311866430595217 1.420696488268825 0
-0.4608912838250608 -0.4398141320000548 0
-0.9188722032392157 1.025643324351438 0
-0.4223794241352757 1.04366461410515 0
0.352661971001143 0.0701520195440648 0
0.3613882831900321 0.4944709739060064 0
0.3407475516749353 0.4970954268544376 0
0.3306208960150667 0.5137882525166508 0
-0.7690252449097944 1.151689464052681 0
0.9274311104880975 0.6175935248389944 0
-0.6803062294958404 0.7912754966875311 0
0.5148780698218596 0.7614722281818347 0
-0.8611978614126268 1.419983316358191 0
0.9267441641237262 0.2998997918899998 0
-0.9277533142858527 0.5055100483599302 0
0.3534213914709383 0.1423114861471164 0
-0.1406334698961751 1.336408805243175 0
-0.5966715795655484 -0.3833822370861184 0
0.3317768744775744 0.4702355275160857 0
-0.8488836332240144 0.2389890688906475 0
-0.9122053852864728 0.2588765877434533 0
0.4954277938578021 0.6603640057383684 0
0.4298480577893584 0.756589367636767 0
0.4151010884791995 0.7790224015961561 0
-0.5635507272746607 -0.4314414000425362 0
0.03454733877957999 1.425100091192299 0
0.05775587589639401 1.396074019954262 0
0.6026368518646366 0.09960052709000367 0
0.5716025526097528 0.1007137869535186 0
0.5563404546729127 0.1257259207034106 0
0.5410445385868039 0.09942872745105502 0
0.6342616832225088 0.09783539723203905 0
0.5557579004942981 0.07504731495434325 0
0.5272864189336479 0.07609751700520556 0
-0.3373905176388637 0.3544734001492528 0
-0.3196521575746825 0.3566379277269942 0
0.9020844766032244 -0.04519609910263012 0
0.296353180840641 0.7249102610218516 0
0.9210320891373975 0.4837674809349199 0
0.937357052435811 0.5177046091034393 0
0.9374250470826185 0.4508973848812497 0
-0.6018370930830447 -0.4247246293978608 0
-0.1081887573791556 -0.3718814696985872 0
0.6497416083313806 0.0667024178179223 0
-0.08408485122295951 0.1753944441420396 0
-0.1057015170364758 0.167534678678982 0
-0.7426857922614026 1.43674637062867 0
0.2134037357035135 0.2424457473489522 0
0.4014226005347155 1.106540353822925 0
-0.2128106651436595 0.2437356810891288 0
-0.04055807243411252 0.831704570384978 0
-0.05185423735814452 0.8484490770801534 0
-0.0431898350785328 0.8680810928848968 0
0.07728059191392958 1.430959521118232 0
0.0947481021643678 1.400683022705464 0
-0.2835568023508717 0.0908193138025461 0
0.4913058085759464 0.2976187685612723 0
0.683098123330915 0.3602808451506351 0
-0.8501605696413324 0.6162695901795086 0
-0.931253668836357 0.8116786559135255 0
-0.9225738517869619 0.8461959879948755 0
-0.9451586191477004 0.8717059407330345 0
-0.2624479402097488 -0.424252699330566 0
0.9361491331535272 0.1281128213818696 0
-0.9309203116878177 0.01896328311272699 0
-0.9551192724187925 0.05537249494521279 0
-0.9300245425119568 -0.02419076882818549 0
0.7549504961871143 -0.113255149010557 0
-0.9281382587194589 1.342167687934767 0
-0.4172643467814863 0.8486563620821825 0
0.3887309016266199 0.9858375560478725 0
0.4058825097712536 0.9631988152321569 0
0.2674483475905927 0.7063469188622244 0
-0.8128875477860689 0.234207075917782 0
-0.02699344398317832 1.457079224335033 0
-0.9342094457443225 0.5700543448916672 0
-0.7047407667372135 0.426748738117673 0
0.3636366009013391 0.5892932381071758 0
-0.5403479907223294 0.9410182883317089 0
-0.5200500047979235 0.9191504490917942 0
-0.5300166691953321 0.97145509662601 0
-0.1361000861062844 -0.2280284441258139 0
-0.7803293233534201 1.218721656883226 0
-0.3572330416780301 0.8850871726970608 0
0.8770365851624069 0.5481470591485474 0
-0.9225153300334742 1.123064237305597 0
-0.934840367739054 1.088508882015471 0
-0.9431725962415483 1.158860851624482 0
0.8921541723434802 0.2545100993224425 0
0.7323676907859105 1.437844558237508 0
0.771370389587857 1.443021243853758 0
-0.8623377417054719 1.20744377802192 0
-0.6444957980201287 0.8927902065889936 0
-0.2369831084351634 0.7095600895858281 0
-0.2566995913632763 0.7122778172499675 0
-0.2690379859935389 0.6965830258866049 0
-0.2762906811747546 0.7156861308668079 0
-0.2891267976512387 0.6999834629212003 0
-0.2633732998751473 0.7314909173907242 0
-0.2964540288540435 0.7192895622214187 0
-0.3095119906083795 0.7030897834146707 0
-0.3020516001964849 0.6835522921890731 0
-0.3226784932312972 0.6869539292672856 0
-0.3147071223806747 0.6671527017953751 0
-0.3307031520112697 0.7065893571621356 0
-0.2932683618628085 0.6641883893228231 0
-0.3070481816095359 0.6486787246563401 0
-0.3265127163856115 0.651211187184294 0
-0.3206519657053791 0.632729307608528 0
-0.3428212697525925 0.6365228445441372 0
-0.3330304583144015 0.6160213182378205 0
-0.3116279115749092 0.6135470491427778 0
-0.3249899673637316 0.5969563645419516 0
-0.3443949957032562 0.5988075080337872 0
-0.3373026773451193 0.580574632997936 0
-0.3571120805551171 0.5826207789125748 0
-0.3495344755425998 0.5658091183720302 0
-0.3699935713180089 0.5676488198213288 0
0.2375833850150189 0.7099750633454129 0
0.2076248954130236 0.737692191564023 0
-0.208950224314175 0.737301165850857 0
-0.2133639777989345 0.7563996268526834 0
-0.196625853357589 0.768919656675895 0
-0.2171162148163231 0.7758559135035409 0
-0.2000283539026445 0.7889386887823885 0
-0.2197881635838778 0.7960406338107899 0
-0.2335830655859452 0.7832213465004926 0
-0.2036798274630613 0.8092834846184445 0
-0.221819976734834 0.8156317813008597 0
-0.1833141627209474 0.8015898825803449 0
-0.1874304295559834 0.8226234813382349 0
-0.1673941768849094 0.8149815029834668 0
-0.1716465947023195 0.8355661110471159 0
-0.1516834172626078 0.828715484360085 0
-0.1481879062717874 0.8073146057328233 0
-0.1327681958204433 0.8220223214290709 0
-0.1345504905736895 0.8412018549789062 0
-0.1159915494830018 0.8346375043732357 0
-0.1139659592255915 0.8164258796513223 0
-0.09824934469955274 0.828807267657757 0
-0.1002045848675978 0.8466742281044849 0
-0.08201559426297197 0.8388454081267024 0
-0.1899741946866602 0.8416457324950561 0
-0.2286989354450034 0.7431063454660256 0
0.1368037929927901 0.0003091983696164036 0
0.1628216123133614 -8.900912519205217e-05 0
-0.286052240295124 0.64319789786934 0
-0.2811395357416671 0.6803331133010764 0
-0.1777158561069172 0.2384990588259796 0
-0.1787660426664053 0.2192436675493605 0
-0.1612426703383935 0.2086301308442784 0
-0.1795867370082888 0.199233466688651 0
-0.1619916743498205 0.1883151830181725 0
-0.1808807740736716 0.1787083437287248 0
-0.1639118925048869 0.1683238597549366 0
-0.14386241212859 0.1783596796044197 0
-0.1974167525368557 0.1900339107114336 0
-0.1992050600412621 0.1698358723130712 0
-0.2175568971602059 0.1811488520503973 0
-0.1958159075636492 0.2307860812203568 0
-0.2154071395482644 0.221793926412059 0
0.1778578519743886 0.7613886791903293 0
0.1956590048972798 0.769343840570879 0
0.1791617562084776 0.7802650805476016 0
0.160386343379796 0.7937406740673554 0
0.1983823444483722 0.7921930369901131 0
-0.1428462517608374 0.7853409155587987 0
0.2613751108176748 0.3225511294455122 0
0.2807176559070491 0.3203548555785122 0
0.291707201221961 0.3380737732605898 0
0.3007730106698862 0.3190287954047282 0
0.3112409658240347 0.3374600540310352 0
0.3216316897761818 0.3190006725655802 0
0.3085785034276616 0.2992726641432381 0
0.3021269929115843 0.3552980370601161 0
0.3213203444420948 0.3545522636295657 0
0.313394131541414 0.3725508962878467 0
0.332143881302568 0.3712586741222818 0
0.3240072111232843 0.3882960684337725 0
0.3440286784156129 0.3852781065094594 0
0.2692293703800388 0.3043934126307952 0
0.302211629849254 0.3916684785717536 0
-0.2622790948983262 0.322604514625198 0
-0.2813433747085616 0.3208210300583025 0
-0.2917840083523229 0.3377430174022231 0
-0.3114566925823891 0.3370393344972554 0
0.8407328184492904 0.5602026584833385 0
0.1068999267791889 0.7957895613385557 0
-0.3085884128225491 0.569154686663825 0
0.3089974231251663 0.4307570101516602 0
0.06884457395671978 0.1920479476879441 0
0.06236846701626528 0.1730530462281366 0
0.04267004346637514 0.1688544448800016 0
0.03453103572515534 0.148672939871126 0
-0.1069142504534501 0.2030681504499869 0
-0.1232802768254566 0.1884128200110243 0
-0.06960128418481348 0.1910185697347674 0
0.2970615139741788 0.6079693513166133 0
0.3097096450549056 0.6227072532481123 0
0.1068073988095017 0.2017763245402717 0
-0.06822423736168944 0.8082538927191618 0
-0.06276867926069925 0.8300419519871223 0
0.02975455266456493 0.8147702882141907 0
-0.3159123857341143 0.4914341860923014 0
-0.318410293518726 0.4702780582878663 0
-0.008986039329064355 0.8170507046236526 0
0.009543497854546624 0.1837964593829967 0
-7.724256133259202e-05 0.1668320024821163 0
-0.02044674125190579 0.1673937125854123 0
0.2391867336760787 0.2908095701680374 0
0.6407346355031425 1.287970988622161 0
0.208898484931827 0.2621183662325874 0
0.1435112415204883 0.7818466148549794 0
0.1392836995787525 0.8013971902937187 0
-0.2958854929811275 0.3933447254056281 0
0.2855597706832393 0.6444613807920723 0
-0.04364536122691268 -0.2036278768846702 0
-0.9310428451283319 0.2222009127857787 0
-0.3132223299710254 0.5300101950606404 0
-0.3304851722492755 0.5386589174450814 0
0.07133276881448514 0.8076605933773277 0
-0.03379106652133836 0.1502400756778267 0
-0.5243647257609548 0.3414787419583053 0
0.3070337816232475 0.5689061617818185 0
-0.3088202337218782 0.430804765621067 0
0.3165634372869259 0.5300662519511403 0
0.4274171126229727 0.3182794972989246 0
0.8543827651912432 0.2516498901613637 0
0.078699435666737 0.1471943376450636 0
0.3999962264094197 0.5796435756136205 0
0.4261196382460276 0.8042086803984267 0
0.4099282296299814 0.8273013710283738 0
0.3815829320451832 0.8266202557792371 0
0.3658154045493694 0.8485848908570036 0
-0.3636095516292067 0.1797626440848821 0
0.5513777543128907 1.368931648874748 0
0.2056399741420957 0.2231228334579951 0
-0.749126776838708 0.06137222539256637 0
-0.716497384556442 0.06833532261682995 0
0.5666134522407652 1.403713086079167 0
0.9207153695401186 1.359407822934434 0
0.903685742581709 1.32399929739835 0
0.9380379534456501 1.395525208154168 0
0.3533941100754114 0.1903099017050402 0
-0.1562338549375676 0.137934246055068 0
-0.5716828070584676 1.23095961700612 0
0.241918263760401 0.7438637645167097 0
0.293447708752129 0.6663250893267048 0
-0.4615147063613432 0.2801403400728022 0
-0.478114421446598 0.2983507542958908 0
0.4062273351090615 0.4969681400974039 0
0.449827893485354 0.7261286650800456 0
0.3837709176464857 0.4958404395651123 0
-0.1449358511260924 0.8716697878896669 0
-0.008787881635431264 0.05111917730129933 0
-0.02078190690991725 0.07545283314938533 0
-0.04734375229464061 0.07542708797721576 0
-0.06055127861056114 0.05439429239144611 0
-0.07266053087360258 0.07894239228766547 0
-0.0573513346544663 0.09701772969897232 0
-0.388473110314547 0.4404519174009822 0
-0.09742407612961042 0.8786259988809803 0
-0.2433041111261328 0.7279840844621677 0
-0.2505979631125785 0.747260697411664 0
-0.2700549191576229 0.7497513749980168 0
-0.2586496084527943 0.7662692166041312 0
-0.2164474364100254 1.327325108724656 0
0.4347041968870031 1.110745227838294 0
0.3557500149296753 0.3542846386131366 0
0.3762290943002301 0.3954300934372619 0
-0.1778494265338643 0.7612654370745993 0
-0.1801440608811211 0.78074154959845 0
-0.1436434938731557 0.2185122206122568 0
-0.1421104091014009 0.1988150570486252 0
-0.2890347854274369 0.7852553756992757 0
0.1697383414405287 0.1484697757447943 0
-0.2036626390306042 0.1282721409079288 0
-0.2087639260026624 1.021011987185543 0
-0.1905275992444463 0.9995938121712497 0
-0.1636046398907983 1.003492323911744 0
-0.174055205912775 0.9785195129516009 0
-0.147744938417791 0.9820512949891889 0
-0.2001503451509932 0.9746775707748777 0
-0.182797182840168 0.9531155685900539 0
-0.1370767799845855 1.00684995876618 0
-0.1217708097127955 0.9852561469833124 0
-0.1322342963148479 0.9608665795744671 0
-0.1071106445044128 0.964161750595931 0
-0.09638237362036142 0.9879689611804597 0
-0.08235622800108053 0.9660338360037762 0
-0.07084783890466087 0.9906217854319357 0
-0.08591049169098987 1.011401925167744 0
-0.06109744578602953 1.013597315713393 0
-0.04499025868939516 0.993112005291751 0
-0.03514534146490453 1.018473600701273 0
-0.01897630262448794 0.9956373157832377 0
-0.008249443524241437 1.018437299612065 0
0.006831374221239509 0.9984527909597538 0
0.01736914971244925 1.021627385580668 0
0.0328599263757877 1.001114409716388 0
-0.02977160654712445 0.9722130198733283 0
0.04453002293773139 1.028572090830617 0
0.05926831707659475 1.004419638897897 0
0.0699447383992048 1.027137193547723 0
0.04979882201466002 0.9814508691405641 0
0.08438862590990662 1.007174009470684 0
0.09551961828960684 1.030431297537622 0
0.08292317779718694 1.053479337397199 0
0.001738570461181318 1.043597139522075 0
-0.2072701438195579 0.948770428532875 0
-0.2256193631373528 0.97037781466545 0
-0.2306027789674896 0.9440884994349996 0
-0.2505728701567938 0.9651473030874714 0
0.663321823410971 0.3891069925124285 0
-0.2105704072465482 -0.03006997481114548 0
-0.2282751586787527 -0.009157730629681171 0
0.3225355982619886 0.4165225856072934 0
-0.3598982881035511 0.6518196941226534 0
0.1339296259107035 0.8222423213467904 0
-0.2689186003328599 0.786269062652853 0
-0.2570851498032598 0.8092870378253036 0
0.02987682902161848 0.1851331552374006 0
0.02100732401388826 0.1674530503658593 0
0.4099454218982935 0.6012025446240601 0
0.4137146955141296 0.5592610106790873 0
0.3977924724583287 0.4365698332163128 0
-0.3739777275481884 0.6107020682189156 0
-0.4495888736437936 1.096581289783338 0
0.339156073163379 0.531887355248661 0
0.3772744769376558 0.8722756981084502 0
0.5206374499170583 0.841982701891421 0
0.1919032730772586 1.075034399852223 0
0.1810608749609934 1.047703736958728 0
0.1620130311465718 1.07129356872602 0
0.2130982003431793 0.8757526061554554 0
0.1906991474100473 0.8726898408284917 0
-0.304023743322381 0.7411108461368425 0
0.7323754345055399 0.3322158905563657 0
-0.158308997590815 0.9576068548843562 0
-0.1654857562508776 0.9314386902728452 0
-0.1632881874882231 0.7931084867326488 0
0.5456118540065433 0.3891306400039962 0
-0.4131331533612886 0.9173392802510431 0
-0.5132874645625424 0.6579590439328034 0
-0.496727891442039 0.6372355368210344 0
-0.5059492260882417 0.6127118598049693 0
-0.4805227312268245 0.6170391150122412 0
-0.4713469268805339 0.6407882850244211 0
-0.4895511789679774 0.5931077112594501 0
-0.456560057631104 0.6190123403583216 0
-0.5152562675354259 0.5875601154837977 0
-0.48705495294741 0.6623027431531513 0
-0.4771182194316477 0.6858225950752083 0
-0.4618490191217561 0.6649232303150273 0
-0.4520400888774996 0.6886151718852829 0
-0.4663342708593055 0.7092750561999841 0
-0.4424699847627446 0.713434233164628 0
-0.45585685932764 0.7329225126766472 0
-0.4365169381595171 0.6682930917832413 0
-0.4833429688811928 0.7322788400553657 0
0.3377873468120302 -0.001381828703747368 0
0.4008169163525281 0.1440719002427095 0
0.387355869179318 0.1212144627362937 0
0.2819232089675479 0.3557469580310089 0
0.3929614422643157 0.662223470014813 0
-0.1376974049629225 1.218368391598261 0
-0.1504492447278971 1.188049906121601 0
-0.1826204735819767 1.183562149201796 0
-0.1628841637834186 1.158747038401174 0
-0.1943308293118505 1.154209188258384 0
-0.1306970570932115 1.162683299648482 0
-0.1409192922615992 1.134021708224303 0
-0.2160442682549254 1.178774230332775 0
-0.2266218914417463 1.148627525785541 0
-0.2017920224707589 1.125666707173342 0
-0.1180244588877341 1.192279217136863 0
-0.08587540923808859 1.195472786269651 0
-0.09896495606041267 1.166462276693578 0
-0.06774254427374238 1.169306134680116 0
-0.05374999406861122 1.197616548001775 0
-0.03720383212753687 1.171316817479557 0
-0.02112494535155443 1.199588093434753 0
-0.006823318321540189 1.17310528018166 0
0.009454241345091909 1.200179703009087 0
0.02781582316660281 1.171768438343909 0
0.04092956914802521 1.200805609812836 0
0.06016665713723969 1.175929199149239 0
0.07250944386041142 1.202001644898233 0
0.0897017799970399 1.17676168229249 0
0.1034662481855581 1.203786027901284 0
0.1188775627398591 1.175115216351149 0
-0.03835359815473358 1.228942415844842 0
0.9190099958115373 0.5502574714643196 0
0.3191773692493646 0.7280531425338419 0
0.2795171998372059 0.2114433707972957 0
-0.9637387198956193 -0.03974861292079446 0
-0.07552804219601063 1.035601113958225 0
-0.3251484972487654 0.3177350404842701 0
-0.2094198894409576 0.2631021910152331 0
0.06465156320668462 0.9019644846423684 0
-0.6893761840597399 0.8523628787542346 0
-0.6527237228140829 0.8564237310220117 0
-0.3386888200848944 0.4123067329807427 0
-0.4066641518391058 0.5225153826880018 0
-0.2615297636795837 0.8517408652312286 0
-0.2378539662075009 0.856174409099931 0
-0.2480905760029397 0.8340548855885171 0
0.2590811421332242 -0.02286985827371157 0
-0.465260995610819 0.5957329717204037 0
0.03294588102252244 1.243081899605785 0
-0.01076677086785092 0.1489543525781767 0
-0.4936338045509424 0.4420563493283909 0
-0.1107938794255709 0.05538856460646935 0
-0.9635853219638935 0.3196235630148723 0
-0.5609625642750024 0.8815242028250305 0
-0.5389444454651223 0.8619480220955836 0
0.7686822765174475 1.172171159473893 0
-0.734103786058395 0.6333911977082743 0
-0.703422103097374 0.6362134318913386 0
-0.7230235964608684 0.6640221734218518 0
-0.689445823677567 0.6665452315455976 0
-0.6619547585082841 0.6558169031775226 0
-0.637535516031154 0.6615731700959229 0
0.4524841154369334 0.3630205050916536 0
0.4669252659719092 0.9177762835539288 0
-0.05650027196349489 0.9689587881209842 0
-0.6675534929374948 0.5065772009309286 0
-0.5395135802768058 0.5081065195960737 0
0.3501851028013705 0.7210623314940445 0
0.6249458073509337 0.297864813642202 0
-0.6103609690121454 0.7457385782733871 0
-0.5821255777262808 0.7486946602489224 0
-0.8800255179927121 1.168430308941211 0
0.09925448220560179 1.251555814222745 0
0.2654277464516536 0.8402054204898082 0
-0.2645743094940922 1.012482277012017 0
-0.7269407061505246 0.3324952480373687 0
-0.004313825290677485 0.9739230105910837 0
-0.4384254765409559 0.2319469142954553 0
-0.1126012614081976 0.1480233443061102 0
-0.1262700131503548 0.1658565510859136 0
-0.006272847352615154 0.8905436434231571 0
-0.3571871314303156 -0.1410269238676884 0
-0.2709350137766773 0.8291000034938178 0
0.1361105917775691 0.1280045146893629 0
0.1729710653165958 -0.2028601894922497 0
0.1569627148705195 -0.1741364875696296 0
0.1252222718008354 -0.1727716947058464 0
0.142012933592805 -0.1467004675969041 0
0.1103691513266232 -0.1456989032206663 0
0.09277953308367223 -0.1719873082197736 0
0.1750199926276448 -0.1495969140825666 0
0.1581736771070138 -0.11937757809581 0
0.07532512591121465 -0.1450883600918851 0
0.09575501195207509 -0.1169530027120221 0
-0.7256431538405993 0.03670819815253901 0
-0.6935900869364541 0.0427777910417978 0
-0.7027572959450877 0.01152589531537884 0
-0.6709536735152641 0.01751378046456664 0
-0.6876439907357559 0.074555589320351 0
-0.6800635393901648 -0.01347500428503767 0
-0.6489928198118959 -0.006056474825149483 0
-0.6516597312065086 -0.04481817760729867 0
-0.6243927290419528 -0.0292771092242643 0
-0.6434333537907941 0.02665464201090828 0
-0.7126796327756409 -0.02660242288931935 0
-0.3437412085495316 0.862922264094797 0
0.6195074428046288 1.424256607828444 0
0.6580367209624989 1.429171264431163 0
0.5822861053195869 1.441864870679967 0
0.4730342841893735 0.2206988094961491 0
-0.7228976672025644 0.7543620597822333 0
-0.5418894535974567 0.5817996792048885 0
0.5921016996786593 0.9517465022513716 0
0.6052449533089319 0.2083219333119147 0
0.6190998166122762 0.2358552709819013 0
0.6520416432435114 0.2375406510264495 0
0.5890213812273331 0.2358200594402427 0
0.6694765663408067 0.2136723041755584 0
0.7016138407608553 0.2159745030025757 0
0.7181517395215122 0.1852438163104746 0
-0.01510600034246539 -0.2247881984566958 0
-0.2267040090240032 -0.197594542306023 0
-0.2185066037388874 -0.1661702570341514 0
0.257505793672023 0.1711286428717866 0
0.5485100275335718 1.005395124043328 0
0.5450303466658877 0.483817493536592 0
0.5723396523035645 0.1529463996658577 0
0.6993992684884918 0.3329430914902597 0
-0.481627405384514 0.3238483379316985 0
-0.3027347396807928 0.2603815625521885 0
0.240195989134395 -0.2060323368473025 0
0.07459558888827626 -0.1997161517195296 0
0.2376895592196462 1.270117070892452 0
0.6471199336411415 1.125862911463526 0
0.6324297935543858 1.092703313565719 0
0.6530353813312102 1.063867139105926 0
0.6892791255440659 1.067088785748878 0
0.7108404602196399 1.037472819725533 0
0.698830458406374 1.001338944247703 0
0.3862553344433576 1.223641923022907 0
-0.7363090611482918 0.0007415964839995737 0
0.6470591731292388 -0.05382155860571025 0
0.3096357200868533 -0.2058970296709425 0
0.5185207855994818 0.3899053964358853 0
0.5577517312099838 0.1822999605438042 0
-0.4688841806165818 1.125094139688285 0
-0.3555426464301615 0.926905831821441 0
0.02098872696812272 -0.4663683798919914 0
0.04079136313647294 -0.432478490915906 0
0.07855209160069043 -0.4316707863597432 0
0.05993727473237515 -0.3992769486435628 0
0.09694584586134483 -0.3984528810289998 0
0.07880689491840244 -0.3667863819439159 0
0.1152002262414945 -0.3660714590020238 0
0.1340409382704278 -0.397692760468957 0
0.1520829053237915 -0.3653907545758855 0
0.1710186400707565 -0.3970162155060017 0
0.1890426321091864 -0.3647196230874239 0
0.2080042199150294 -0.396370184128918 0
0.2260303762043647 -0.3640417456526321 0
0.2450203817003849 -0.3957230305458592 0
0.2630621742207832 -0.3633582687622745 0
0.2820784994110941 -0.3950762291855325 0
0.2999315027770311 -0.3626980103717685 0
0.3191474036998504 -0.394433273559649 0
0.3370949557130632 -0.3619977706665454 0
0.3563104068305685 -0.3937837697047464 0
0.3744124922986566 -0.3612523133654865 0
0.3935483005756846 -0.393075888304785 0
0.1299817654590051 -0.3283840519764769 0
0.4116569306293499 -0.3611689744232783 0
0.4310830345690678 -0.3925771774122695 0
0.3382896627314 -0.4265011932969849 0
0.2640785420121751 -0.4277170975989615 0
0.4100938786058418 -0.4331660884113875 0
0.4492507223431157 -0.425678867912093 0
0.3925183129651793 -0.3277635680112055 0
0.2788441250387643 -0.3298455827679488 0
0.2066240690975201 -0.3322210012768186 0
0.4529792993123233 -0.3566953407710339 0
0.1900436989032685 -0.4289538869217181 0
0.02173228522320611 -0.4023176072293687 0
0.4331711454614432 -0.4579488001860463 0
0.09905588889353624 -0.4655215341016398 0
0.1689202182255088 -0.3312107727290088 0
0.1517978118539921 -0.3039929812445922 0
0.2424426526211599 -0.3312703659947274 0
-0.9650970723878576 0.4803577318096946 0
-0.9313549386296252 0.4627458614393956 0
-0.9260086659457455 0.4209835778650915 0
-0.9650539351997509 0.4010747666534118 0
-0.05827662033761958 -0.4671969140845724 0
0.1395613130511056 1.46583908991946 0
0.1594500324249718 1.432017313149685 0
0.1982280916053767 1.431695864061294 0
0.1764553513182384 1.393829608406226 0
0.2177680173011979 1.398017456227202 0
0.1353515159838738 1.40069221566837 0
0.2410681789671072 1.366274090208825 0
0.2366235843743492 1.431048616777586 0
0.9616270639340013 0.3617431808798137 0
-0.1397506473004698 -0.4667375087353174 0
0.965330483310999 0.5987632266756302 0
-0.9667670506638993 0.6457789886359446 0
-0.2204418251114576 -0.4689746451129424 0
0.9654105884870354 0.2801480328587646 0
0.9319062693991987 0.2612616400746426 0
0.959914685957779 0.6815413386369559 0
-0.5816984011313966 1.135853515985781 0
-0.5484008451269716 1.137388149014535 0
-0.96801846904346 0.2395276971935517 0
-0.2577357388446695 1.469058191879348 0
-0.3025783938499859 -0.4664516514578919 0
-0.319628947211998 -0.43168221460033 0
-0.3584758732093467 -0.4305726787024711 0
-0.3386270703049052 -0.3983062721879504 0
-0.3974344522898393 -0.4279957864180265 0
-0.3786805470301712 -0.4641879538948398 0
0.968678587767141 0.7605592519808726 0
-0.3574066546733644 0.3483252687086423 0
-0.7854084395418786 0.1466082372511674 0
-0.7555680355352106 0.1522768898743785 0
-0.8096633449586794 0.1739317295999597 0
0.5003993972752929 -0.01918606784471133 0
0.4681851572887921 -0.01863432480492488 0
0.4534074873433614 -0.04736088575609076 0
0.4863680267100133 0.00809740384787716 0
0.5017131248242347 0.03474997791836693 0
0.4708263107105893 0.03027701210349693 0
0.531102076211051 0.03266652089129568 0
0.487761608826205 1.086658666721967 0
0.4539734400743606 1.083031020325505 0
0.4215566612842302 1.079050967955129 0
0.5073464195225101 1.059404378978066 0
0.6104808686290968 -0.1161359380303145 0
0.5956111139287728 -0.08231708175168317 0
0.5922551146684261 -0.1471971883619316 0
0.5557410110535345 -0.1465332831059467 0
-0.6346163407915311 1.25325859021256 0
0.7003548235967216 0.09539172909793886 0
0.288351027578855 0.3001869046421693 0
-0.9683353436071238 0.1608796928739532 0
0.9666372250853026 0.8374600868729866 0
0.3795658779459571 1.465675233587905 0
0.3583400002198125 1.433187857568053 0
0.3782567593127933 -0.2083381529481142 0
0.3963966786825276 -0.1772100999784544 0
-0.08384465788994215 0.8601452823354935 0
-0.6836310108023286 0.6096587541248762 0
-0.7150420105652346 0.2751951559355248 0
0.1098522146794433 0.9072590504507215 0
0.1018337002812001 0.8889557118141918 0
0.132585797665445 0.9106961463416432 0
0.3652653592566164 0.6995000040045208 0
0.4722992397820274 1.055335193491337 0
-0.5499489164441419 0.07795447840137532 0
-0.5406464739847959 0.1070221012410865 0
-0.5603949084931681 0.1295538245391809 0
-0.5310460096679243 0.1351102437686118 0
-0.5503273038108488 0.1576946819129468 0
-0.5117416444306916 0.1130218175412853 0
-0.5213342194997669 0.1626659150031013 0
-0.5793741914419912 0.1523387807035875 0
-0.5694402973006798 0.1803886482030418 0
-0.5989297452264206 0.1751266459678523 0
-0.5886005034717841 0.2032496868228593 0
-0.5606635681973606 0.2088232957692943 0
-0.5796730227603584 0.2304647844509819 0
-0.6079821854195213 0.2259866182703131 0
-0.6023767838626951 0.2513341938586973 0
-0.626582675023491 0.2426211120688702 0
-0.637616572893305 0.2203688253638342 0
-0.553656602063676 0.2355150363409761 0
-0.6536839997587833 0.2495243152834163 0
-0.5031404818901326 0.1398686769538464 0
-0.4842822552594686 0.1179218900378244 0
-0.4929560047976517 0.1678452974596015 0
-0.4926628328287553 0.09054456287950874 0
-0.4639998347598462 0.09482038484058863 0
-0.4555431798414423 0.1239354488828931 0
-0.5015982459923267 0.0618269890291181 0
-0.5417573898116783 0.1858197295717148 0
-0.06184095155676113 0.1196270409980266 0
-0.5527880593731221 0.4071377902174183 0
0.5682307486089879 0.63973280926322 0
0.0456191540283154 1.362881982752192 0
-0.4450698493482336 1.220532853449889 0
-0.412076209799198 1.22973274776749 0
-0.4225341398995393 1.196719892674059 0
0.1174440563758755 1.432645940794889 0
0.6042088426247645 1.184422766905004 0
0.5884700540040734 1.153574935292731 0
-0.4201184060796868 -0.2987316017786782 0
-0.4089235300320008 -0.2621787557549997 0
0.2611395425237001 0.6775814607025474 0
0.6601827960822521 0.4391055656477312 0
0.5316114983668262 0.3181277188912857 0
0.3555800021376053 -0.3295155435119157 0
0.4683106469957906 -0.07539242409037394 0
-0.8461396961978371 -0.1085817424147444 0
-0.8338094991721755 -0.06907400067152614 0
0.747164361786433 0.4188221053138587 0
-0.1147376378687979 -0.4342312224669015 0
-0.3527667150849466 1.076719233407537 0
0.2149707830316598 0.7759747989732305 0
0.7589865842371699 0.5084136995929504 0
0.8564294731231616 0.1892096545516062 0
-0.2356040864576157 0.1637174074322083 0
0.9606575947665588 1.035709928733877 0
0.5401906607318128 -0.4654690618734584 0
0.5249200595125803 -0.4300200034861771 0
-0.5401627097057653 1.465519519013685 0
-0.5203684807635809 1.431618070788999 0
-0.4814774247219785 1.431196298638361 0
-0.5009348302995278 1.397882268523177 0
-0.4619423631951123 1.398015146046902 0
-0.442891158352794 1.430640170277371 0
-0.4248025375916411 1.397061734927127 0
-0.4411273852755614 1.366056744561002 0
-0.4049399803355641 1.429724469417181 0
-0.4025068722804294 1.365568672511616 0
-0.5397916276322261 1.398365061813659 0
0.6154831056833238 1.320403431992961 0
0.5782298773965258 1.315852339381825 0
-0.3475570679141922 -0.2834708897152953 0
-0.2724130676716107 1.19972955427054 0
-0.2536914361042667 1.169805212067807 0
-0.2546874844960637 1.136602956546124 0
0.7121956661474964 1.30115229844712 0
0.700348489957528 1.264099574457455 0
-0.3692477315441514 -0.257250045847974 0
-0.7946555345111681 -0.1654717974093645 0
-0.782695561172482 -0.1323313086956692 0
-0.312189826175579 -0.2764412473167608 0
-0.1425273733468268 -0.06471655656073672 0
0.3272226476346768 1.246766779590585 0
-0.3168143628774286 0.8856328900287285 0
-0.8388489549868299 0.5576249893142732 0
-0.795792553616797 0.4971137478407016 0
-0.7832509879633689 0.52900763843786 0
-0.7741238532290421 0.4700254803215114 0
-0.7413647733693337 0.4776747724162382 0
0.09286893320118468 -0.3354624625725522 0
0.05664457932623207 -0.3392249144814606 0
-0.7829722851267343 0.05239681027983467 0
0.7251833248019668 0.6424738321989552 0
0.7372098311212676 0.674313540554518 0
0.7202004714092847 0.7019095282106143 0
0.7377254844203015 0.7325811778786987 0
0.7187221368337577 0.7620704287721399 0
-0.7968271995863874 1.290706549154408 0
-0.3289396394432275 0.5622395925518096 0
-0.5528719837621729 0.4806088230545825 0
0.1692725956881982 1.353190648900998 0
0.7940498728396985 -0.1756461216702687 0
0.7566438624503393 -0.1759054927328144 0
-0.02896134677845152 0.8156759571493681 0
0.3161973073992203 -0.3298344722972233 0
-0.7697379540832922 -0.1939704011108795 0
-0.4932097561965057 0.707433021799267 0
-0.09990106852783849 -0.107547007056382 0
-0.09251930294409412 -0.07828194953792644 0
-0.1137167107505105 -0.05745540777556035 0
-0.08486478510046008 -0.05163226722306458 0
-0.06468117901776946 -0.0700045055225601 0
-0.05755020015395701 -0.0421776704784973 0
-0.1038693603123211 -0.02933963244920168 0
-0.03459275671785279 -0.06146663892004889 0
-0.1371888753013135 0.05968419759311167 0
0.3132181653429925 0.7685433883586958 0
-0.07110743988432715 -0.09953852286180653 0
-0.9211604054382337 -0.4301499115188037 0
-0.9425590057336652 -0.3992727665215235 0
-0.8596498909452307 -0.4597737611575921 0
-0.8376099111484893 -0.4237515588768206 0
-0.2823627614413087 0.2650777845033224 0
0.3380596122201742 0.1664972495734228 0
0.5436003593615885 0.7645419482316153 0
0.5687370853894579 0.5358322886654553 0
-0.7857854340226781 1.113957822387235 0
-0.7503898773424184 1.11720851420421 0
0.3228789563597096 0.596623453640592 0
-0.1527125650397143 1.029230208406076 0
0.7370494990984622 1.27033372366863 0
-0.281194413977697 0.355624732187038 0
-0.9680608972168907 0.9635706454175919 0
0.4565994070312926 1.460372177376217 0
0.5036759622234593 1.457806974923427 0
0.3658562012952987 0.4177379462581707 0
0.8482164585701919 0.9020059609607505 0
-0.07174934095941514 1.225861179236774 0
0.8056270485315646 1.177277599832531 0
0.2680038673435747 1.060317627301479 0
-0.4211469639350661 1.464408699827545 0
-0.396385416960467 0.4830652270498862 0
0.5100464759454089 1.20808789553175 0
0.5461084364598955 1.211427773842471 0
-0.7587726948888612 1.298149059584297 0
0.5477909789061249 0.713483932211713 0
-0.2893427185841226 0.9607829714724134 0
-0.001345136883243786 -0.06547312897710733 0
-0.01861180293806299 -0.09007264522797964 0
0.2195069192618714 1.465362664822154 0
-0.7785604700715361 -0.3284920475526205 0
-0.5595760592893275 1.431590885418855 0
-0.5986789029016479 1.430879660375106 0
-0.5782103302476148 1.397631480765192 0
-0.6171949451823283 1.396516776104532 0
-0.6431400142621501 1.428334536379069 0
-0.6195562117609706 1.465148653110052 0
-0.259344471332894 0.9164068885754262 0
0.3406792969452125 -0.4657511761228007 0
0.7748138746023683 -0.2089153177753318 0
0.7185892670067964 -0.1771321648250492 0
0.6994616156211322 -0.2097525311545814 0
0.8800862112063763 0.9706277111773921 0
0.8418683702895297 0.9635100500892659 0
-0.4881698891007029 -0.1923152975290836 0
-0.02975455266456522 0.1852297117858094 0
0.6211532313508391 -0.4661057869514384 0
0.6034347758218178 -0.4327897191857911 0
-0.9611062432911411 -0.1212658547025275 0
0.9657077807251928 1.119727666676644 0
0.9324620758550985 1.136835980636789 0
0.9322853557063536 1.09995614644921 0
-0.08029012832602708 1.141247503638911 0
0.1069635895751895 1.052190554709577 0
0.1249375623933882 1.03461300707716 0
0.3699585103826768 0.6586475528678845 0
-0.6490275149639366 1.219019766957014 0
-0.6598157908185363 -0.465465337069128 0
0.965465337069128 -0.1598157908185363 0
0.9305700815826087 -0.1835601328190292 0
0.9306983825276035 -0.2218873700146707 0
0.9650000970186136 -0.2397426183159379 0
0.931823463022101 -0.2601282597947089 0
0.9654093336016001 -0.2800449361267937 0
0.9319927846686755 -0.2989950452256381 0
0.9288720016194194 -0.3406960208802388 0
0.7745497960724432 1.274650209332711 0
0.6832721796104241 0.0658389156840028 0
0.2787797059338207 0.8211541072128467 0
-0.2728452851446793 -0.1512828426983936 0
-0.6768703295919736 0.272904962777359 0
0.4476633808043362 1.141815467099368 0
-0.6859575804706746 1.031679599353294 0
-0.1009007910352823 -0.2801475215293527 0
-0.07272239801442465 -0.3103390562000872 0
-0.3349181952537859 0.2082991763761973 0
-0.3141894420203291 0.1917416153704017 0
0.3146596328306421 1.042675662340357 0
0.7283784876719751 0.4512223263470158 0
-0.7832591516216986 0.5631559841385405 0
-0.1961933679446498 0.21042767874806 0
0.3632453158502582 1.01431863283725 0
-0.9655421109256257 -0.2001164351698097 0
-0.9308809861895314 -0.1800000000000008 0
-0.923440477094684 -0.2195886240745096 0
-0.9641260815563856 -0.2397425318536422 0
-0.9291262851197302 -0.2623140303902289 0
-0.9330197322733915 -0.3010736938281042 0
-0.9645310391001822 -0.3201302157275674 0
-0.9307303415973122 -0.340189764764797 0
0.531671506633533 0.7373370812728537 0
-0.3640011974776744 1.047981555546603 0
-0.3732534533293853 1.021739004479649 0
-0.7402629102058885 -0.4622509686036635 0
0.8391418266190011 1.019113312081032 0
-0.8200013052537463 1.465359737437224 0
0.8205022060353473 -0.4676543472285835 0
0.9649488829134182 1.31731175608676 0
0.8589649458527049 1.462649957230938 0
0.9193020591207877 1.430036595232403 0
-0.9670425506083299 1.360400151173675 0
-0.8976477017002253 1.466829828357277 0
0.900033279760955 -0.4655223359549463 0
0.9180883107349272 -0.4336682883057676 0
0.876707289039413 -0.433184194087506 0
-0.5212136587934076 0.08428003616411178 0
-0.5084930752095257 -0.0482407954559646 0
-0.4834166608125704 -0.07089716283279035 0
-0.4634876049163973 -0.0469928672394615 0
0.812882718512872 1.111819568772566 0
0.0571334830252247 0.8330728622040978 0
0.8037829190228483 0.03406038897476504 0
0.8272539945679419 0.9307004806254536 0
0.8943297790288517 -0.2771374508131424 0
0.7734207335523534 -0.341499106492118 0
-0.6666170697384318 -0.0802221765704132 0
-0.5906762189254792 0.1240467038383194 0
-0.1262490161906399 -0.01054967304028853 0
0.8338771718214457 1.425411921791113 0
0.07927339512071518 -0.01717783560714048 0
-0.2037994989870785 1.209314743161948 0
0.8214018100819847 0.1262696102024442 0
0.6648267921208939 -0.02412176123468301 0
0.5711821588430764 -0.3028214433514929 0
0.9666049658517566 -0.3579018756105589 0
0.8177979692056369 0.830426868379317 0
0.8131917775003522 0.8929800230221606 0
0.9342205946643053 0.779078977665465 0
0.4923163858899364 0.8362891087556351 0
-0.33721807926993 0.08233187197932113 0
-0.3462461602140028 0.1061905870587326 0
0.1161709359727434 -0.43054202487152 0
-0.7785056433827707 0.9553732085769218 0
-0.7900101806399289 0.921680129318039 0
-0.8243443376775395 0.9156614899586878 0
0.7514197589084006 0.005002080854312307 0
0.1033733744877749 1.144115656566515 0
-0.3629002319887685 0.8157582773579853 0
0.822535876501 0.7689508909579863 0
0.9307158639110745 0.8492398150373753 0
-0.3473869857063888 1.247312310282433 0
-0.7121694816079036 0.7855113875470151 0
-0.2614054857749225 0.678343131905444 0
-0.4887012880627121 0.9271586419146849 0
0.8885424067669123 -0.3433900487302962 0
0.9080006268058921 -0.3723605197262079 0
-0.4082910159755531 0.3144286910861073 0
0.866493778846924 1.31915323361411 0
-0.9182615706842855 0.6036724013622505 0
0.2437232223488082 -0.1018213081228925 0
0.4789439394075484 -0.3317564793920806 0
0.4693062520967285 -0.3917300301512897 0
0.3504796326054391 0.8693823832724419 0
0.6078579508769694 -0.240747691913592 0
-0.5245352027025398 -0.1106831625682818 0
-0.5945446633404879 1.360862144438354 0
-0.5024998911623508 1.116695260318214 0
0.2229268005313571 -0.29697908091815 0
-0.6512791814759865 -0.2328430892663398 0
0.2259994049608638 0.9654079979801891 0
-0.7678667802046403 -0.2919296092019841 0
0.5320704085680791 1.335582376751094 0
0.8026866559192378 1.015037614954468 0
0.664383184402678 -0.3370417323850822 0
0.07592508694803078 1.149392273359988 0
-0.02472842592543333 -0.01497113368676528 0
-0.7095237364276864 1.147335564674527 0
0.1075820650101228 -0.2008023042669765 0
-0.6170686082494917 0.2907479047726177 0
-0.2870927048856339 1.317331143677282 0
-0.5324103264450345 0.6075013678460863 0
0.1787771765363176 -0.4660649813045512 0
-0.8857533701424632 0.8570035151854185 0
-0.4980438941744822 0.5692881686601922 0
-0.6428128177025494 1.06637529600319 0
0.7817040572662584 1.376933142124323 0
-0.6309315567213395 -0.1643293362092273 0
-0.7719882605720694 1.261038250183334 0
-0.8724213075768065 1.066660508294628 0
0.9611851063929524 1.198052459779838 0
0.2587353660185305 -0.4660891206182505 0
0.6671328582665402 0.09611825230353538 0
-0.7335936277003068 -0.1873573591901027 0
-0.3724187490780907 0.05968866951795893 0
0.6732754205189352 0.5670597167833844 0
-0.5160379122669104 0.1920436664870723 0
0.873747454495082 1.252310337150407 0
-0.8008756564454147 0.7109933822310651 0
-0.7552520501356477 1.399996660354067 0
-0.8986130239668616 1.308990627747477 0
-0.7340645809558424 1.269341735795013 0
0.8937072689907787 -0.2063066006171 0
0.7857606675294999 0.1252537476003095 0
0.2954291044634776 0.1109979864937509 0
0.6194969145780496 0.7446453173446004 0
0.4910054597326682 0.4810052424600785 0
-0.6541438612348598 1.3844938916886 0
0.8517594224771674 -0.2759650016886412 0
-0.3955320368807414 0.7256284225403676 0
0.8885072139518886 -0.1418217163166676 0
-0.7769763949019034 1.049482094767694 0
0.4201214496953646 1.228342216798111 0
0.1255307454363126 0.06635620301765471 0
-0.8294754709871578 1.396332445472618 0
-0.8550676202635785 -0.2442301058771795 0
-0.8777729077500203 -0.3150976748105363 0
0.681251615567894 1.397661008173321 0
0.6862171786746465 0.6986485686378898 0
0.5674648758360266 1.182403748552498 0
-0.8650337974656488 0.3968671841996044 0
-0.669527032720911 1.347035235032005 0
-0.8661733480000464 0.1001295506252676 0
-0.4763627534151311 -0.3763220281890147 0
-0.2362065322475757 0.7647485983350255 0
-0.7318413389756249 -0.2835493336656061 0
-0.5610030179230027 1.264924864238797 0
0.5532746461040512 -0.2709483653245639 0
0.9284558440189402 -0.1418844701378098 0
0.7558734793498822 -0.3072840973172899 0
0.9669016427279563 -0.08379382888146591 0
-0.2166694680370897 0.9951160104899308 0
0.3909201969674477 0.2546071617169603 0
0.482626418521373 1.29804497115233 0
-0.6869605814859676 1.119523117457474 0
-0.4292164719021125 -0.1842030932611751 0
-0.6660983558345241 0.9175862499847642 0
0.2049245704000055 0.8537834836578349 0
0.8134135160652637 0.6167482294546202 0
-0.2561891758560839 0.2879953413612102 0
-0.4771156782073308 1.307931571883543 0
0.3905314832882219 1.318309937434773 0
-0.6440414729212381 -0.4308162473573338 0
0.3603724509720664 0.09098391997132249 0
-0.05109378867065445 1.144371393249228 0
-0.9226114979504301 0.927405911801984 0
0.5296087319021666 1.179799199548133 0
-0.1101053576373026 1.137662135813904 0
0.2983350552571336 1.337771373780061 0
-0.1896214778772434 -0.1575878454073069 0
-0.5306838390797354 0.05531026789229609 0
-0.1826746569371275 1.463775570929348 0
0.3202469791664763 -0.07833255550030993 0
-0.4759286535511259 1.037379278580361 0
0.3217016874735674 0.9091730545020243 0
-0.3808874157646863 1.154802360041782 0
0.7765612627447475 1.107114633704102 0
-0.5485028855193341 0.9961748028997123 0
0.8522846666914525 0.3021822608745099 0
0.5591637312527489 0.4614757573592065 0
-0.8074597653018578 0.3747755272018218 0
-0.5758860598625768 -0.1811851966714613 0
-0.5811772666775026 -0.4660386790817872 0
-0.7552276188496116 0.9297330532683206 0
-0.9398329861188485 0.08782355235314288 0
-0.4610079576377715 1.465272942720461 0
-0.2252512643139236 0.8368882878446549 0
-0.6335890137187362 0.9239015787435374 0
-0.8611065265779023 1.003792639592874 0
0.8946583173684169 0.0644832163913216 0
-0.5374514439500935 1.236641767973444 0
-0.7222118051117581 -0.1537475227073658 0
-0.6175751619556176 0.4440852378421942 0
-0.4520228780544998 -0.4031134805390546 0
-0.5403895500586656 -0.2644773861286677 0
-0.6322244296972557 1.010071663079696 0
0.517814579928514 0.2948087676024512 0
0.7972349011487636 1.413063602469226 0
0.5117227164346876 1.005308224641406 0
-0.3959843914374651 0.4196088389564998 0
0.9288055153504855 1.063716097998262 0
-0.3009047697567625 -0.2441275564379031 0
-0.5981983639783565 -0.1565666269217927 0
0.2940196810201501 0.02351129538136643 0
-0.6105882279568019 0.1473075176367513 0
0.8267375911732993 0.7080092323997526 0
0.05836367399730236 1.466303717106762 0
0.6412733823321894 0.616768708187915 0
0.3011545591375634 -0.4267721600568867 0
-0.6821949199370261 -0.3379220004594715 0
0.3715194387521885 1.097209920460499 0
-0.4329927487064515 0.3712145672714182 0
-0.5452248330432227 1.081694710975004 0
0.3754718949328285 -0.4255649544956974 0
0.1008794787088991 0.1826403910275758 0
-0.2813085076812473 1.409780513041667 0
0.1467307039295453 0.1476079021035278 0
-0.3993898840110116 -0.09529709491358562 0
-0.9005246587943991 0.2951928455770684 0
-0.300047600965975 1.140055381569691 0
0.2270344117768465 -0.4279895064290047 0
0.5988701667461185 0.8220407588980188 0
-0.8075727796487273 0.2849615513909179 0
-0.6210100237453088 1.041016331692299 0
-0.6980544208726456 1.000300429889258 0
-0.8611447810944779 -0.001588586871497544 0
-0.4580511156674283 0.4908554936782342 0
-0.3522032434797927 0.9997916726419653 0
-0.266501733251604 1.289609403924688 0
0.8163585076913118 0.3623219530085952 0
-0.2635889678147481 1.090093503047217 0
0.5976112856385025 -0.02124484690695483 0
-0.2676117050676647 0.07225397681410101 0
-0.2656660773682105 -0.1208732068345744 0
-0.4997775422401075 -0.01885805411954833 0
-0.3700643112923131 0.533981965016153 0
-0.09001214953381809 0.0952588181466813 0
-0.4390753859969019 0.9877116017833311 0
0.6511450387511072 0.1259961283451005 0
-0.26912521746088 0.3043970951106806 0
0.3222447780628847 1.118664259163793 0
-0.2093578331662415 1.429180169554157 0
-0.6911558179689331 0.5818099486431069 0
-0.2893947932427381 0.1892691975755774 0
-0.3725504641525633 0.3651136208087407 0
-0.207353360242492 -0.106430229895207 0
0.9018988609075028 0.6505647088883286 0
0.576015928896116 0.898417919966478 0
0.7686895362967403 0.03487288370239661 0
0.2899957125000601 -0.2932702780880131 0
0.6001456024746845 0.3416892029033692 0
-0.5787601907154198 -0.009935427441757683 0
0.6223783986593134 0.6933580439339768 0
-0.2225739915377249 -0.2862319313702579 0
0.4631461493582974 -0.2987405123878343 0
0.5430456802428227 0.9540517421552688 0
-0.3451018789696522 -0.1127770151517101 0
0.1530694650270625 -0.4292065770477728 0
-0.4735205809831054 0.5727000524573771 0
-0.39790234722677 0.2755854998658598 0
0.4554033969281045 0.4591318847721905 0
-0.3229961893856651 -0.2196487619814121 0
0.390851254941921 0.5559602222945212 0
-0.5745078463651526 0.6972370233743276 0
-0.6021830585241992 0.6939581119547071 0
-0.4423874187412293 -0.004821351775082139 0
0.2142290381109466 -0.09951683643701437 0
-0.3095810425092707 0.01816789407627728 0
0.2434178250316445 1.13459972660799 0
-0.3800322572622925 0.4598221430408825 0
0.6430958092886214 0.5655462332782619 0
-0.1111689918545326 1.009090993774159 0
0.5048399242493775 0.3196424003941195 0
0.4863130782774841 0.8929273730126569 0
0.0722154957078939 -0.09323810866490767 0
-0.6690194326864158 0.8256035299452413 0
0.2711111418726777 0.9046264351908417 0
-0.3567277401135863 0.7734810537400415 0
0.8311587963787389 0.452103904216736 0
-0.5933062549388461 0.6449274106462063 0
-0.599731856322389 -0.07028773386291554 0
-0.3668260409081945 1.368705074196763 0
-0.4444105270948196 0.07046507670320662 0
0.375676173258146 0.436421708767378 0
0.9028152308368194 0.3930340280283779 0
0.3958646486889428 -0.05317829415397979 0
-0.8821917531310089 0.756962657306934 0
-0.3920780446253287 0.2975216809524833 0
-0.6912568987809937 0.7596171192673462 0
-0.9671250768956996 0.7986160140909963 0
0.5130563922248517 0.1473847969819654 0
0.4842365122878373 0.09820358150723019 0
-0.1783349247703686 0.07095835875920758 0
-0.3605267323910829 0.265618440042784 0
-0.3582202622031776 1.216047109197603 0
0.2703439605861872 0.1097221507703164 0
0.8886445061630927 1.287822648120514 0
-0.1171994483831177 0.939090576674119 0
-0.800330285653441 0.8016674980565546 0
0.05333396766340546 -0.2849328862745573 0
0.2168880643349244 0.9413875707619521 0
0.5055950240829125 0.4145972489236405 0
0.09028437539869974 0.08875719196320969 0
-0.03431907743737592 1.120351259755321 0
0.4548848724293336 0.6465128043236732 0
0.04125921366315621 -0.1450462621392115 0
-0.4039801790457006 0.7021759963485047 0
0.6803815721204345 -0.1786644873400219 0
0.1033361583224973 1.340464425522128 0
-0.148644434184515 1.105480564612227 0
-0.2362459808149357 0.9195559589745163 0
-0.4262533015066211 0.1215784324836872 0
0.4725501213580287 0.5848951346316787 0
-0.4494966466814027 0.4509024974976291 0
-0.618264511750895 0.3677343060730955 0
-0.09123040660657566 1.113471070103702 0
0.3248864219230134 0.8668557065331146 0
0.8006078341781493 0.2741409451264839 0
-0.1328979148759128 0.08403874124467936 0
-0.2890630468680001 0.1300702855289283 0
-0.2622976217600496 0.2689690576028178 0
0.02290369331692033 1.126999845331379 0
0.4272816747092352 0.00124126284967252 0
0.2547032313312336 0.8194119187016931 0
0.1243821592696014 -0.2889374466570234 0
0.4427527212441455 0.9042134701192754 0
-0.4266949667188641 0.7620692887748566 0
0.1746626674155388 0.02284580212437387 0
0.1873780733447717 -0.0004756258113995937 0
-0.5349129165463891 0.7982683699529565 0
-0.5566037158784057 0.8193419226461982 0
-0.4045343043101309 -0.04708115217484266 0
0.571356817835627 1.12373630756716 0
0.1772993410601406 0.9575814943800938 0
0.3911478900352156 0.2959308043176971 0
0.1656266873551301 1.149063268638545 0
0.6301212092868906 0.4889622424572679 0
0.2883654486587821 0.9970444245003176 0
-0.02526319936049384 0.9490217689528923 0
-0.4413775526358685 0.5962721810249817 0
0.06648825251843338 0.9620792100269824 0
0.1849476642651789 0.08787478490386191 0
0.04499121249704379 0.0898063170098366 0
-0.3327711392791826 1.053939740752801 0
0.4268920408993673 0.9256549840166673 0
0.4755335138555153 0.8581950460614995 0
-0.3645645727104628 -0.09032185333985365 0
-0.1917006698181581 0.02185561081608978 0
-0.2738728181159291 0.1130749601306056 0
0.6160121262800745 0.4143757806336388 0
-0.8127568589867102 0.6779646678168901 0
-0.07134846575188586 0.941462957334799 0
-0.5888787122757269 0.2993238012082642 0
-0.05355338263505647 -0.01659386857070577 0
0.4153899185921624 0.2967473927751111 0
-0.7640445730174688 1.083598710497553 0
-0.2431331525982452 -0.1431715498882197 0
0.331001085086249 0.7084776062158484 0
-0.4578698783865379 0.5535541057303044 0
-0.2748156056027022 0.229697058671571 0
0.4643886076351315 0.5212792106318328 0
0.279651479606278 0.782680559399866 0
0.6121851964815118 1.123292692296186 0
0.1453453933481566 0.2169225974695669 0
-0.1821518974982597 0.1579548188230511 0
0.36075250185071 -0.2956939963663692 0
0.1137614313724572 0.9691741097113331 0
0.6998687037490928 -0.1466503843678438 0
0.04150044823071585 0.00661192870514038 0
-0.8000012754820619 1.432297527618005 0
-0.4936203723597616 -0.1029795967061182 0
-0.242606251321504 0.07710535448242423 0
0.4973951206985008 1.331491820795072 0
0.3351255507096212 -0.1055922429647048 0
0.5894760545051604 -0.2718295003132429 0
0.9612122053157864 0.9168507228826468 0
-0.5336541907108399 0.3881685265051534 0
0.3526321497323269 0.8266827054715529 0
-0.76583691134023 0.8973961517819002 0
-0.2446142468974785 0.9905212319938587 0
0.4046114269857072 1.351296176227125 0
-0.3794900419656194 1.239591342117067 0
0.8032011097109877 0.1556518194052718 0
0.586267499967802 0.07383104423306203 0
-0.6186681537703002 0.1985066601945693 0
0.7910568754538448 1.142007463610239 0
0.6096654956816149 1.068923991218856 0
0.6833261520156619 -0.4346670626824235 0
0.4410724544458753 0.340833256188847 0
-0.8898106717695432 0.1272517369831352 0
-0.3100039754411134 0.3783840757530417 0
-0.5924574574050077 0.7214710698663885 0
-0.7884548746945015 0.8334788163390271 0
0.4465561857294081 0.4000009387890779 0
-0.6301648696280879 0.6884315062350468 0
0.477950421588363 0.2740581886579744 0
0.3351738074758434 0.8891204590257434 0
-0.1720875175276574 1.130270637717873 0
0.3664580154013081 0.8068316461373494 0
-0.8844388169297313 1.032053527180657 0
0.4006453311336965 0.09872107203376135 0
0.4146676187457697 0.1216063177206717 0
-0.283222655330924 0.7344322646513181 0
0.6132688684002184 -0.05247376599215159 0
0.08111534800773729 1.368166511849193 0
0.66 1.467382135162016 0
0.4349679340846077 0.3779577760181211 0
0.7195111413064013 0.9727673623044768 0
-0.6691432524702317 0.2174565687497513 0
0.6600669075771673 0.489506862226542 0
-0.0489379382050216 -0.1395205479510695 0
0.6244066436800162 1.040020973461607 0
-0.2519894578586617 1.32236756810798 0
0.3521815792184214 1.125579598222487 0
-0.1544069130206735 0.8509830695843597 0
0.4121029492820109 0.3366750940106056 0
0.8426220345576 0.7403112206060418 0
-0.8925327702670637 -0.2510312589395189 0
-0.8417553128770963 0.3686679076263464 0
0.6293888427629132 0.8247458120988195 0
0.1756547526880017 -0.0236042500688769 0
-0.6362071378849576 0.4650305118617981 0
-0.7428149801489433 -0.3185632596418719 0
-0.5300581848150876 0.8905192679753089 0
0.3916804095871267 0.7649760134271917 0
-0.5169339687613326 0.846400363768856 0
-0.1989531892475671 -0.3109926315612908 0
0.4003352952763055 0.8028346038568874 0
0.2549555850201163 1.16313932135646 0
-0.4335311365276342 0.6196668573707362 0
0.4891633218948108 0.52271290944055 0
-0.1591368315003054 -0.430014091653074 0
0.3685774557911843 0.04820064889475717 0
0.1785049989044918 0.2399760335268096 0
0.7069233253872942 0.9360853466602521 0
0.6758885475535993 1.035611383539239 0
0.7371010442505164 -0.1453699696615611 0
0.4894505927197979 0.2438064732287126 0
0.8345063362193935 0.3322473257943566 0
-0.4193912699266729 0.7190218340325708 0
-0.4469224750285837 -0.2731449561833378 0
0.8662788763670053 0.4533991727437597 0
-0.51830455571794 1.366408723340968 0
0.8371761609716311 -0.4355306906857426 0
-0.001803054598385836 0.9483642697098797 0
-0.6472035475182049 0.3618261791850645 0
0.6674525034991927 0.9882373076699029 0
0.2760437923813603 1.36737902077517 0
0.7346482384791294 -0.08465511997406638 0
0.02193941886662334 0.979257771880673 0
0.05552471700355728 0.06957310586815629 0
0.3913385933030554 1.431710561189242 0
0.1504851272604779 1.048607033738158 0
-0.9685193474676512 0.7212705150875136 0
-0.3798358049887156 0.03299428152281636 0
-0.4645507830509608 0.4685197175429314 0
0.3195638143256505 -0.1315494207351997 0
-0.9163597857898257 0.7500880751163249 0
0.734818475142057 0.5718815272532386 0
-0.9681110498626603 1.438686408873119 0
0.9637906589163425 -0.4365638711785573 0
-0.9388681765620401 -0.466784056094562 0
0.9388232882144976 1.467019599143053 0
0.4187509016780063 1.383904620009057 0
-0.9329094163824025 1.418906786090981 0
-0.1073027876641476 0.7972564970983145 0
0.6357819138802824 0.7199051494239742 0
0.5120143487265449 -0.3958562857840847 0
-0.8002213693228106 0.8902499313156822 0
-0.560106928235235 0.9651591501077978 0
0.8084632920511887 -0.07978349168866239 0
-0.200714912024182 -0.003569466830988799 0
-0.06708165177703089 -0.1823607064718259 0
-0.5545699505493706 0.7504397431814323 0
0.4795834283109768 0.460180424027865 0
-0.653394911742081 1.036137539932816 0
0.6573929160876293 0.591716545430105 0
0.9680912931628225 0.200940589688466 0
0.2812956721980755 0.9277916829307096 0
0.8302110000177085 0.5890382000969048 0
0.8742865971985614 -0.02826749461579448 0
0.7329334306660074 1.166221916691399 0
-0.5703994025746359 0.7746744523803839 0
-0.4818598638981538 -0.2814176445035039 0
-0.8473029273938729 0.6710513389178292 0
0.4079815430527909 0.7477777949890655 0
-0.717933027919871 -0.3466612873188618 0
-0.4485367334732243 0.6451015081554056 0
-0.7580808555537737 -0.1599182844293299 0
0.4337336183925438 0.9676532113039443 0
0.6465293187223036 0.4145836690482916 0
0.3938541790125429 -0.2913650481574825 0
-0.2884662122586749 0.2449076342360958 0
0.6073879721414553 -0.3036969726281418 0
-0.4556219630640766 0.3656302781122758 0
-0.2091887370970962 -0.3458250272537833 0
0.1680456784603417 0.8120767356269323 0
0.9372987683868426 0.0652585871356538 0
-0.6806390345494593 0.1067205190599651 0
0.4974499535147889 0.5869913053900077 0
-0.2084051734143892 1.097910878962111 0
-0.1969375553528048 1.299452054176564 0
0.1690950192749404 0.8668548731626262 0
0.362963830605165 1.157168813679302 0
0.7349139977857364 0.2152929511675251 0
-0.9336890827315933 -0.062842443679616 0
0.07484671295997833 0.9845982457786634 0
-0.5057401236568546 0.545213524974334 0
0.8391295369654554 0.1574702370565807 0
0.4163079176461436 0.9915914308851554 0
-0.9276302104918637 0.1200769674673863 0
0.443546639540375 0.1693746501537325 0
0.4141961456590909 0.1669981425828089 0
0.4485369897941929 0.2342908371434076 0
-0.5426479121478537 0.3615720581844979 0
-0.3714041427611004 0.7926536350222978 0
-0.4169092177409893 -0.3952844912809197 0
0.5633094367465254 -0.0799978393547901 0
0.1161190930051868 1.371287212033489 0
-0.5162109552997168 -0.2894473271181154 0
-0.5496986699801457 -0.2977377222257673 0
0.2095144627762568 0.087657980373122 0
0.1476944353607912 -0.02275628208578673 0
0.5641685684923923 -0.4317347352667206 0
0.6443104483374242 -0.3044385884084928 0
0.4033652672681372 0.2754905942699775 0
-0.9078129295785375 1.060831637778946 0
-0.1783294910538966 1.334054067063721 0
-0.1918531748961883 0.8623102562588747 0
0.4390455594623143 0.2114590616578574 0
0.0356488432296381 1.329211524663224 0
-0.781820867649188 -0.4670844072839977 0
-0.3874707150245245 1.398808128469107 0
-0.3914001279015263 0.5662003693652188 0
0.3064556199564408 -0.1577229575894017 0
0.6760737218171675 0.4653299458710013 0
0.9305103220724283 1.293500525569366 0
0.2361462754663624 1.187927009633719 0
0.7110321783867235 1.197908902559335 0
-0.6111982711886591 0.6667059206055964 0
0.7859895390598481 0.004194520322142792 0
0.04181653122056213 0.9591086887610862 0
0.353995859935391 1.219909991985026 0
-0.3348340652977145 -0.2511756228237486 0
-0.6082812349109221 -0.1888996478803819 0
0.1896623805233629 -0.1768616005801424 0
0.4929981493225201 0.438455306058862 0
0.9018920976815773 0.4532260662749293 0
0.2018952066161019 0.9609992487497115 0
0.6822856254537872 -0.3059701064565299 0
0.6418799337845219 0.8519895404737473 0
-0.0417664622479606 0.1272493405579251 0
-0.67668568967487 0.355599702138748 0
0.3157414425287103 0.4710265197694284 0
0.05446206703721466 -0.01774085382844692 0
0.7018729624884887 -0.4674700092140356 0
0.5030161330254603 0.502194706058298 0
0.5778114269242898 -0.1168648307010646 0
0.1949245562908531 -0.1256882113801443 0
-0.0015136455816847 1.325977897585437 0
-0.03008366966943618 1.354602743088467 0
-0.1048375248947979 1.348644819569642 0
-0.4731603143164674 1.156946767331229 0
-0.2425414078867517 -0.3525109147056504 0
-0.2006384609414675 0.1494747756032704 0
-0.1322746278111829 1.301699536901064 0
-0.4500228508530689 0.7606450371018971 0
-0.7379775519932941 -0.4266288702099162 0
-0.2372853037559306 0.8006284583603087 0
-0.1182763790354093 0.8542375589394687 0
0.9649788393503271 -0.006969923572650583 0
-0.851934919942263 0.4275093972557209 0
0.03687187900794896 -0.3124165591251401 0
0.4660984460743146 0.708410070318797 0
-0.1892729269653493 0.9279430277616632 0
0.5866622031276338 -0.3995066656092453 0
0.3393676500650674 0.04628679843373712 0
-0.5130892995763999 0.5223815626277101 0
0.1777750328493733 0.1679850578895376 0
0.5340039144646574 0.6136598824620219 0
0.427802140152696 -0.3339175449297529 0
-0.3905161710843575 1.303342048044872 0
0.03922933989532069 -0.3706904004347402 0
0.4874132157425377 -0.4268807384016805 0
-0.935822707936057 1.30050131576738 0
-0.894595957663836 -0.01428922706076619 0
0.1758159414665411 0.8932100949378754 0
-0.4804696646971683 1.367266416849509 0
-0.6101845274819846 1.225712203056742 0
0.07797359028197309 0.06957889012696744 0
-0.06478568458220504 1.310887755931227 0
0.7237651863342901 1.233627041759982 0
0.3085417699724555 0.930252302535582 0
-0.3871816696876462 0.1742740010399243 0
0.8381991035515399 0.8023106784172589 0
0.6433866586143056 -0.4336824116632665 0
-0.3438518710764183 0.6902433835493373 0
-0.7709964362611179 -0.09954847830059732 0
-0.2784493480031967 -0.3615083333422017 0
0.22800044616639 0.2601715980521892 0
0.4375817700816523 0.7075957254471429 0
-0.4719808737410057 -0.1346493650095693 0
-0.06282580240873761 0.865124412522068 0
-0.3192317611001568 0.4140778970429623 0
-0.02227916376617987 1.146487113549695 0
0.002617636597952541 -0.4346047827327724 0
0.5075010830149487 0.611451102647957 0
-0.2955123906458962 0.6063798647586375 0
0.3051921065120115 0.1333537681203826 0
-0.3344855214376436 0.4858883802609165 0
0.9694808400442365 1.24 0
-0.8978145919474733 0.4786075335381276 0
0.7020660900422546 -0.3380382152660533 0
-0.1336839644486205 1.427317982116188 0
0.2229044613200054 0.06648972108995582 0
0.001864140091306107 -0.3732441894695471 0
-0.4144510809779959 0.6593540698138129 0
0.7408277974236769 -0.467829899220467 0
-0.2321581926993296 1.120636663715542 0
-0.619105634882171 0.6415834748018504 0
0.1476150154197174 1.174220538140474 0
-0.9705566419229295 1.001585519623783 0
0.1967413209943667 0.1717648390931528 0
0.02101626312424218 0.09002869041279421 0
-0.4042640926142666 0.1928362412467549 0
0.4991122143542595 0.07578192728866923 0
-0.9671307376679034 0.5582321996763987 0
-0.3528115699494426 0.616316820648237 0
0.5258222964326865 -0.1305304891058786 0
0.3569057536667199 0.6764811688877334 0
-0.6275717561936447 -0.26220295786065 0
0.8375811404805782 0.2188198337094965 0
-0.05311806643930205 0.8857816042353135 0
0.2473007074712963 1.217107792304197 0
-0.08882399219817663 -0.3439831883161448 0
0.2209545301990889 0.1476405298765319 0
0.5435948209696707 -0.18094970005792 0
-0.9373021554567466 0.1785534066365872 0
0.541544249840993 1.431189439606481 0
0.8042001343576338 -0.02603026909200656 0
0.4249396891981935 -0.05159786008904121 0
0.09874572518580482 0.9880565553775769 0
-0.6185650342644278 -0.2240869838182988 0
0.3405232691459985 1.000292738032015 0
-0.3170633455168938 0.7219606860969103 0
-0.3398881392999059 0.8190183788556018 0
-0.6812880421001004 -0.4357323209894363 0
-0.5898991377700414 -0.3524646879286092 0
-0.03686089806613697 -0.4357120633972908 0
-0.8104037015765841 -0.1035122003338398 0
0.3679192777345232 0.2560765297072737 0
0.760319922964202 -0.4371057995703671 0
-0.9703702316866792 1.080000000000001 0
-0.4204306405007154 1.329640983429807 0
-0.07599763283154047 -0.4354477751936399 0
0.3041963498497255 1.467317372187039 0
0.4826899799708125 0.6855285111913103 0
-0.397006490213943 0.2174821483622055 0
-0.9146841541294869 1.175168463464205 0
-0.5330778125382081 1.109670487313517 0
-0.2947953919576243 -0.4014335292863638 0
0.7262044638047632 0.9123050900221578 0
-0.499025264905167 0.8997145322204385 0
-0.2132339795757907 -0.1358165424930918 0
0.3035918307579535 1.224242927112154 0
0.9036102421719709 1.15819210851343 0
-0.4142462024157763 0.2344872816109569 0
0.6689635603232308 0.7238194985849998 0
0.5122175200741429 0.0985728884383319 0
0.7176196559372379 0.2445790734020317 0
0.6927762784706235 1.433862046161636 0
-0.7284347461323275 -0.3831027584283495 0
-0.02846291739031709 -0.2571700680283191 0
0.9630397307606084 0.9646051122461941 0
-0.6026756268356002 -0.289594159515179 0
0.6883885925446482 0.5929261468965618 0
0.182395822327446 1.020591743996049 0
-0.2434727428728535 0.01036352391622114 0
0.005268052708328403 0.06982459253208539 0
0.4911562600531621 -0.1866072560834338 0
0.2234689445053058 -0.1792548106192069 0
0.3030701639920208 0.2516892964594941 0
0.3238216052450072 0.02276127547571866 0
0.7405686359681192 0.7895573021507746 0
0.2100516901944527 0.04446245481946531 0
0.6914165919342272 0.7789597156371093 0
0.2102619774964017 0.756766962184522 0
0.1703151462112856 1.261525880460671 0
-0.4331845643707375 0.7375256871225169 0
-0.2786401747667277 0.7669379300068238 0
0.4653372826294052 -0.4621755041364939 0
0.2119658301551297 0.9854890785137298 0
0.1019510782005641 0.06714752200272017 0
0.5291286737891927 0.5033239638293003 0
-0.4673416063652066 0.7860697696566418 0
0.7042971465984698 0.7291787145494524 0
-0.06395243572065309 0.1747072916854027 0
-0.09962089012315506 1.034728658347472 0
0.5269380697461278 0.1234495614517983 0
-0.4295412984633568 0.6929049131404714 0
-0.2059465960284721 0.8284314937975191 0
0.8334185166765 0.8652427620560796 0
-0.6846377201585403 0.4049968404841563 0
0.2282861820447726 1.032959120419146 0
-0.6154631384619934 0.513873458665876 0
-0.8877647765569602 0.4217922174017368 0
0.1194515471038219 0.8071574807761221 0
0.6648278513694029 1.257970578851792 0
0.7386455349960577 -0.3389145467820485 0
-0.1041639110955156 0.184648720130452 0
-0.2678596782180373 -0.04686570158808945 0
-0.1478758191146374 0.1579540643610635 0
-0.3877027725860692 -0.2313721499626622 0
-0.963312595876596 1.22950627020667 0
-0.3825830977512388 0.4969884264875868 0
0.3300245529565701 0.5483134022634079 0
0.5599116316488764 0.5089785925955591 0
-0.7332136619131085 0.4194988827045388 0
0.9329346493738171 0.7138762174289764 0
0.7508154705894398 0.475282108529307 0
0.1135166785293888 0.04554392491056597 0
0.02486948796228889 1.042786097901872 0
-0.9354423862721704 0.2884161925160779 0
-0.382876710365919 0.2598492857569207 0
0.2678214348741577 1.425688187219469 0
0.2787545717083149 0.2469697325569995 0
0.2847692858053068 0.04573586082329578 0
-0.6505610848152776 0.1940390948282431 0
0.08767079390464422 0.8199419198288318 0
0.9181905068641695 0.4225430106821343 0
-0.2976554825664748 -0.04716986270980783 0
0.9362827885689761 0.579890519081159 0
0.1957370222694864 1.236479143148971 0
0.2978156562079304 1.020672124338135 0
-0.02211299459826058 0.8705306999205413 0
-0.8108336738857835 0.8600344473447921 0
-0.674300471693015 1.062401876265752 0
0.9725070596144761 0.5188428191240676 0
-0.8101561539584593 -0.04469471044243345 0
0.7169965685021307 0.5933539679281968 0
0.126759404974526 -0.1251533767122709 0
-0.2991113104155215 0.3550391857298166 0
-0.7215403334497625 0.4980468492909299 0
-0.3992560396562334 1.178297344688357 0
0.2578016792548426 1.245788460805638 0
0.268842235213535 0.2284161786994812 0
0.2585868054229306 0.2094681321547763 0
-0.4614822035265895 1.337369758139341 0
-0.4577210038839645 0.8117068114836073 0
-0.7379026443058549 1.470638657909519 0
0.2298192892672228 -0.02723098711606065 0
0.5980053089816543 0.2939062049368865 0
0.3288627253594829 0.1349364822587431 0
0.03895615865125775 0.8295598511754558 0
0.9348263617570749 0.6538384837998386 0
-0.2947452130093575 0.2241088763842196 0
-0.3827114662766949 0.9956881708595664 0
0.1175339327908128 1.227949218468334 0
-0.7660835293217551 1.186395865546918 0
-0.5830385481959787 0.8283950872488897 0
-0.08286427288930846 0.8202618133951953 0
0.5728472078384782 0.5870967976744578 0
0.835591263059855 0.2762191953121905 0
0.9702314842429147 0.1191972822628868 0
0.7195832703335434 0.8356605513076149 0
-0.04684869510775057 -0.09263872623333236 0
0.7574350818044625 -0.3729743814029419 0
0.2477510544241343 0.1896341169758777 0
-0.3390292794709586 1.473247747561101 0
0.9703822099489066 0.439562364803726 0
-0.4632093406575697 0.4056899317774844 0
0.2536884679696823 1.399043689288947 0
0.00816014570048762 1.14870828398711 0
0.5423092912007896 0.1508549845646587 0
-0.8639484664511414 -0.04518884110818278 0
0.4308148212690082 -0.1831557765855032 0
0.2267304778449026 1.241107918908213 0
0.08130486719852875 0.1786248080684312 0
0.1566402497003926 -0.09137243045959031 0
0.1980570285329799 0.0231093295667284 0
0.3567696454759642 0.4006217406904709 0
0.5601113467234446 0.5607582875420907 0
0.326618991822278 0.29369962460732 0
0.4760684834881959 0.6468846077186007 0
-0.9349260025431261 0.3798194489322949 0
-0.02040650946506672 0.09645003680081854 0
-0.799177397596422 0.2058739916961656 0
0.3566879739656915 0.2336300854761108 0
0.2573994892014101 -0.180980708240017 0
0.2942663804523177 0.2830527747815962 0
0.6053093787911777 1.283403385453935 0
-0.3535930680570126 0.8394460171457713 0
-0.003281544299334224 0.8704465369840255 0
-0.5485686578643196 0.2597599280492386 0
-0.1614817096265705 0.0575387538708424 0
0.9725916012117471 1.398478362317424 0
-0.4010101864794394 1.264856764542094 0
0.3136637669995852 0.5094968120763763 0
-0.3293852665152359 0.4540455521903694 0
0.7777537829091077 -0.4059037267523802 0
0.0988934560370056 -0.08925905223262132 0
-0.4783926712164759 0.4232295006211875 0
-0.7239960072419024 0.4492437390495849 0
0.3346408771564799 0.402943674297022 0
-0.3340036444178223 0.6704710388010517 0
-0.939157471417942 0.77432527896685 0
-0.1009763997151813 1.474195841274878 0
-0.6964050953610801 1.089344256249127 0
0.01790673339824319 0.8969142775110587 0
0.446178160524596 -0.211503241443965 0
0.5149802503358667 0.6400801333869438 0
0.2901359270815227 1.249759617283932 0
-0.3902221890076716 1.20763345478878 0
-0.9012720533663365 -0.2881793388937173 0
-0.4211442590132645 0.8267291445711178 0
-0.3604053876596821 0.01080834911879042 0
0.5580860995732825 0.6143165685347111 0
0.6121597716976306 0.2667327598234291 0
0.7720438657173705 -0.08258714208494577 0
-0.4390625659172956 0.142341660562379 0
0.9041633108727848 -0.2416241995694434 0
-0.4360932746876258 0.8654933837162012 0
-0.09813145554340866 0.07469843673995852 0
-0.1030951678247983 -0.004966587845234627 0
-0.9720622484772528 0.08463920945967113 0
0.2562470357612616 1.036925670498086 0
-0.4864407387713246 0.4644157637519351 0
-0.1283532705078472 -0.4000005897330863 0
-0.4025547010662583 1.017985585924772 0
-0.2363027940142839 0.1847526452037466 0
-0.1999533435941092 -0.4394651331258113 0
0.438788368903529 -0.07824647328208523 0
-0.608981922445008 0.8237723726878777 0
0.7315406153807045 0.5205762999306138 0
-0.4794401904975431 0.141438342341246 0
-0.4633598334978979 -0.4721892035019348 0
0.3207999908291954 0.6355123847122348 0
-0.4712341677357856 0.4461387617743087 0
0.537102799790886 0.1981219769916838 0
0.07882897416257248 0.8859738025465128 0
-0.3722610229516383 1.427284296728475 0
-0.7104273232988503 0.1010991133096719 0
-0.4303800842929812 -0.4273535803921622 0
0.7434496727811505 1.471438306134421 0
-0.3330742586437425 0.1212191916509461 0
0.2698921454971991 0.02202805135775193 0
-0.9003919142864878 -0.1902135720420249 0
0.1095721258560054 1.010663894540512 0
-0.7469329479196425 0.1813079496887836 0
-0.3172275792422904 -0.005572381637806378 0
-0.7677652443867142 0.4981045956073074 0
0.5797687382953586 0.2052500158950859 0
0.1020218788353545 0.02506791824537347 0
0.8042405532563799 0.9551525297004098 0
-0.4082881415862494 0.8732063135092076 0
-0.4804539734581328 -0.1631959433707995 0
-0.732475724970398 0.1264802172174521 0
0.2927863828787463 -0.1831713266533692 0
0.5494382509433233 1.304461699889299 0
-0.3349974005426238 0.0143008540504187 0
0.0346303703012044 0.8806699320324043 0
-0.4482400982069565 -0.02903844004395362 0
0.2843259555064228 1.040654992491159 0
0.2360489918771178 0.1690679088579585 0
0.5077018676940017 1.421475475389445 0
0.3456404997500896 0.9086519386899474 0
0.05681234916728123 0.8834621252913164 0
0.1128212132520655 0.003084239522648857 0
0.3663751721588083 0.2115493202461307 0
0.4589982939182408 0.005349215266570895 0
0.2219983837101051 1.009897581595411 0
0.08566966280967593 1.225840558314695 0
0.4421045138976065 -0.0219003652010934 0
0.7527261207166305 0.5469593652690035 0
-0.4693842137876483 0.3825215063288187 0
-0.4581269393508802 -0.1880616373628452 0
0.3389485015514135 0.3107441813481501 0
-0.3673732086298136 0.9045056894496047 0
0.9364950077816884 0.3350713956532547 0
-0.2154420473750148 0.1619525569579627 0
-0.604526284309861 -0.01292682345507778 0
-0.9353005391804251 1.200294374749807 0
-0.3963929851256491 0.8982039446277421 0
0.09334088844159108 0.8712152196092674 0
0.2037844945958172 1.028121915232062 0
-0.6247622154995275 0.8439786644853928 0
0.4554477117673211 0.05166655868719661 0
-0.8059503151092473 -0.4356719975942946 0
-0.7186197988864095 1.117635951446355 0
0.8203933971977608 0.98779539774473 0
-0.2538625675956201 -0.01680211786234087 0
-0.3224473606551042 0.8628856225386971 0
0.1789741993521967 0.7977620922096813 0
-0.4054748680220015 0.2536910526440515 0
0.4797119666482473 -0.2138184679566192 0
-0.4737485104019389 0.1824851508981448 0
-0.7249016571877324 0.1564575237595848 0
0.9325956216889659 -0.4004698443294485 0
-0.4368896167626973 -0.05040183486897187 0
0.3034953214255742 0.7835440373818919 0
0.6043474113243996 0.9003425875044035 0
-0.8329089094388219 0.8849358480646866 0
-0.9380113470729351 -0.09559246219215423 0
-0.2995488220114952 0.107639277317534 0
-0.6649294001044701 0.05121106934590824 0
-0.3802442474707513 0.549835370503362 0
-0.1301915347797611 0.8038227209112392 0
0.9038494162509756 1.084081465703925 0
0.5659995627387473 0.2470008543535485 0
0.1143204817878823 0.8746145366017569 0
-0.3210330966813209 0.5805105596295316 0
-0.3003101226633907 0.2045098754494196 0
-0.03601133571468457 -0.0350211210360839 0
0.4243780275788985 -0.1057084852678303 0
0.21195664736341 -0.002261227628776341 0
-0.1698652418936446 0.02430137881782546 0
0.9365145935288051 0.3936416995521739 0
0.7047744066983109 0.4674573912350203 0
0.3246691875801365 0.7541023423647281 0
0.03345278487381661 1.14667716206315 0
-0.3295716408092765 0.5051344770689824 0
-0.6163492952044713 0.03684019252703974 0
-0.6586503663647527 0.0824740668722776 0
-0.4917588352736533 0.1978322096640991 0
0.1309265318901222 1.20173960898175 0
0.1385819816431541 0.1997353018587577 0
-0.503146452492646 0.4839656513232611 0
-0.5350565613386702 0.2136846804051329 0
-0.4305233257754707 1.016059799598566 0
-0.7777463936278439 0.177899836608729 0
-0.3245007698756113 0.10359009623634 0
0.1316680887753547 1.011533065899195 0
-0.4504247374191415 1.043655667718704 0
-0.3241851914138872 -0.03020116030489628 0
-0.6986931706486891 1.473194801141598 0
-0.9405825365792909 1.054419947435666 0
-0.9748650075746258 -0.3999999999999987 0
0.7986163671437272 -0.4365665384733438 0
-0.4355136479529816 -0.2127122273813917 0
0.9017152590137423 -0.3137350613482152 0
-0.8611020424648816 0.641907648260479 0
0.3443203021098226 1.182678428714238 0
-0.1624042987506592 -0.1500334930424992 0
-0.3006862689929286 1.431758432508287 0
-0.8843533828177874 1.439714537165999 0
0.321320993567479 0.5783452992206217 0
0.9328204738652164 -0.0283349174298172 0
0.8509873046336839 -0.4021720239011871 0
-0.5744614644269262 0.2547450319387778 0
0.3664670741899296 1.404199982862833 0
-0.03906729051706808 0.09391849583016854 0
0.9015120184531322 -0.1707745860797657 0
-0.9409579683647182 0.5390839126055342 0
-0.3470417579177769 -0.3697739395411601 0
-0.7595599326917025 0.5456888335109553 0
0.3269031011369196 0.4567311609029904 0
-0.9365443958451392 0.6704987995812476 0
0.02093726202688651 0.8278399238277526 0
0.2566644052228029 0.001251704355938965 0
0.6332946786925209 0.9024148933935267 0
-0.3040382903527419 0.632630185950305 0
-0.01722636780598595 1.05333200852539 0
0.1941845441360644 0.234372583641464 0
-0.6467327670975271 0.6372473362796656 0
-0.3610335981126167 0.5512049612102 0
-0.5289824118098333 0.2396998430038492 0
0.7821333325143405 1.471926919828095 0
-0.57878128243868 -0.3030110033229573 0
-0.9410005246360955 1.379998656934383 0
0.07540483712612632 0.1631998812518241 0
-0.2533459033942685 0.9402020789380894 0
0.9414215745767238 0.8167478611097005 0
-0.9040284175361295 0.4464787949715564 0
0.3325950909812415 0.1928010913886928 0
0.5808995230127083 1.475081844337741 0
-0.01867803789072063 -0.193428282772279 0
-0.475858293969081 0.3611335768183148 0
0.4373713483257711 -0.1318359450463361 0
-0.6081663265374982 0.5908128770706693 0
0.2386271026710793 0.2744002625064662 0
-0.9360779183400418 -0.1490706358468989 0
-0.06120563041301137 1.436781863078324 0
-0.0365818604361199 0.1703358981567235 0
-0.6528895306929025 0.482567662556575 0
0.9390461305229278 -0.1054258925454538 0
0.3345744710284101 0.5853243693788918 0
-0.6272249824787851 0.61544091798589 0
0.3658491750762779 0.9427112358727288 0
-0.1763708752523133 0.852698108827864 0
-0.9317340815363777 0.6359377119258033 0
-0.2554161555175237 1.112899349658572 0
0.9363317615147851 1.331365738662202 0
0.8918312877756132 -0.4025476561409062 0
-0.11963101014373 -0.3457905605595505 0
0.3273603541855081 0.3389164309052278 0
0.9438021319045306 1.25756627267519 0
0.07106177017053056 -0.3104745053430651 0
0.6120885236319851 0.3207740517498374 0
-0.8337884109163041 1.434971598952638 0
0.6522182975841124 0.8784878550714033 0
-0.6232850205714042 0.004147872441726597 0
-0.2101676283444356 0.2014750199064985 0
-0.8647706998133082 0.8801328750900494 0
0.8587848096211051 0.9933792783457795 0
0.1229748210121712 0.8925607841470506 0
-0.616914845883649 0.5676291354928971 0
0.9707179676972456 1.470717967697245 0
-0.9707179676972456 1.470717967697245 0
0.9707179676972456 -0.4707179676972456 0
-0.9707179676972456 -0.4707179676972456 0
0.2245781063933027 0.7416727807280875 0
-0.928028735418389 -0.3712592489608115 0
0.9423658950709414 0.2234317110890651 0
-0.9708118394764378 1.289444622993712 0
0.3692567089311532 0.125199232753441 0
0.937069617645382 0.8858622029066796 0
-0.5167215754990389 0.501036467954341 0
0.05422605886009653 1.222680955398888 0
0.7358571642891671 0.8582505826755572 0
-0.59765968851325 0.2771250575167087 0
-0.6925214000084836 0.3759198852067866 0
-0.4287114935731912 1.1698101505047 0
0.2521648645686057 0.7087249839125662 0
-0.1417298970135103 -0.1699861893016607 0
0.7848310165209869 0.5615999080157017 0
0.3383508080871662 0.3535451792035653 0
-0.8085893693607792 0.5519083347768127 0
-0.6392462885398928 0.5132656229517346 0
-0.4379609191676401 1.073269744348807 0
-0.3365145103606259 0.7229266736727971 0
-0.4146364764313438 -0.2338324279344965 0
-0.9181133268897874 0.8754711639597517 0
-0.7871630142865682 0.2303364649819759 0
0.3915362719652269 0.9430565539161321 0
-0.6006575218743181 0.5500100436034516 0
-0.973114010560319 0.8814600627979488 0
0.8981157641781643 0.9973895550157332 0
0.9387089171895955 0.9995735244473563 0
0.9446498451772019 0.09872891378355453 0
0.4856600870858396 0.05335763461647913 0
0.3156800927089368 0.402456182448384 0
0.5845530157363148 0.9246548732676221 0
-0.5579127536765645 0.794863653003931 0
-0.3279711549548686 0.3399767103906782 0
-0.9757282108748154 1.15844144664607 0
0.5466163010716052 0.5455372096295777 0
0.3016117145871673 0.6355596930463272 0
0.1419298843025529 1.22367704396849 0
0.1029618125780129 -0.309072123926608 0
0.9434578251896304 0.7442070525825181 0
0.3271430901538005 -0.1865663252944658 0
-0.05842617078011035 -0.260530749379756 0
0.8182240868628583 -0.05190541061945897 0
0.3203103724106449 0.1767625031266832 0
0.3286725405593635 1.43770658335717 0
-0.2385584990508048 -0.443569471058308 0
-0.771423534198564 1.425734030170803 0
0.3601435072661026 -0.1848994223451843 0
-0.9088892398666506 -0.3199010568885569 0
-0.8977189910482599 0.6354262807169945 0
0.6808853639737467 0.8828873693732127 0
-0.565122979604459 -0.368565709110144 0
-0.485655984208751 -0.03904046772738368 0
-0.0539022101991159 1.034667413339794 0
-0.9400553226847119 0.9524390791229701 0
-0.5 -0.4778268547884025 0
0.5631059260405098 1.342837459355942 0
0.421307880604621 0.9464931380563443 0
-0.06866179423609911 0.8485212264103079 0
-0.3612594999889419 0.5987688036240991 0
-0.9431398223879721 0.257757648720401 0
-0.4313828547647548 0.2532321981614178 0
0.3491540791036057 0.3695886861370477 0
-0.3883691079674675 0.5296620972028766 0
0.3213757732510649 0.5629317707677035 0
-0.9399375642827461 0.3467480133417757 0
0.3982942405732373 1.40406412430202 0
-0.8380039521656278 0.592434635206514 0
0.6225652169399981 0.3446398945140347 0
-0.9718474163811632 0.02876170519215732 0
-0.3648504538464969 0.1131396376531281 0
0.2673761426116839 0.6914286718489498 0
0.515827579092101 0.05396340135933819 0
-0.1550014243513252 -0.2450120567627098 0
-0.5745291510813111 -0.4038301547546616 0
0.2370770408693374 0.7282782958316065 0
0.7133317983439597 0.885617376625641 0
0.8134220090932437 0.5674911245784211 0
-0.9387177206630158 0.9001640976468076 0
-0.2709952106253045 1.439601899235113 0
0.3131322625633748 0.6082805730167038 0
-0.104566783701885 0.8626343437830395 0
-0.2870298329156988 0.7504411286186241 0
0.1469277178349697 1.372947634951955 0
0.9464996367558922 0.4218219280068193 0
-0.3374620600094069 0.8826765416190868 0
-0.3431081884648486 0.6558924082032471 0
0.6610070510775785 0.3479259098014942 0
0.5426793606781789 0.05573007440429545 0
-0.2696826838408111 0.9577553561169025 0
-0.7384871132634754 1.14429332399893 0
-0.05799303307526828 -0.1186276089648353 0
0.1418019638108035 0.8950942069194303 0
0.3638907019225695 0.606361216056342 0
-0.2494255435035533 0.7839438834635779 0
0.01838758702432079 1.061031758309403 0
-0.0193096799803356 1.035815025683484 0
0.9383665078580907 -0.371626559742914 0
0.4681803243045012 0.403547832954801 0
0.08007124452813084 1.128567552659445 0
0.3959753257790229 -0.1513789033743143 0
0.3318150003471628 1.022314307879351 0
-0.6199120989396696 -0.05262820200829599 0
0.5664765489983996 0.9475966415296337 0
0.3488340010023755 0.5840039542156472 0
0.5928398721939555 1.414812229671419 0
-0.9420044786934639 0.1452908232422777 0
-0.7006427761576834 0.3499550943916713 0
0.2577260172536191 0.2932034448603874 0
-0.2379064541221776 0.8192980901839289 0
-0.1496508431566795 -0.2024844203016483 0
-0.9449114421099878 0.741684318295458 0
-0.1339430384745859 0.8580218772739693 0
-0.7166481205311134 0.3074574794161382 0
0.8032526440623743 1.441546687745256 0
0.164278654009721 0.2136235997050263 0
-0.9095588311996192 1.439437895905967 0
0.02432703611460186 1.218405934796552 0
-0.7111896987044425 -0.4387770571380908 0
0.1026902901207017 1.072594083515099 0
0.5776180444365815 1.378164973447432 0
-0.3435516947228878 0.5505586555710509 0
-0.07255675177650542 -0.2779928617825496 0
-0.6851722671882964 0.4769897517425347 0
-0.1669915427865197 0.1518449657581539 0
-0.5419041753027649 0.8384850456652331 0
0.1008301763169807 0.8103233737012492 0
-0.6757681157655345 1.441985264586124 0
-0.9077797291424441 1.149491860834922 0
-0.712005101831046 0.4751069238087153 0
0.8718236590616569 0.277251467064823 0
0.0652436983223357 1.064475313471557 0
0.4075835693987402 -0.4725276133986339 0
-0.0754191608410275 -0.03169518072675193 0
-0.4784310076531024 0.2710715711343959 0
-0.2404234869472607 1.4448633999358 0
-0.8247478123874236 0.6128838589309171 0
-0.07367022961016885 0.1015541494166194 0
-0.3101866820762579 0.3992142374842892 0
-0.8196617449589342 0.2604092604903968 0
-0.5218255754200153 1.132994351709389 0
0.9378928296079665 1.167636773412094 0
-0.6766851612859923 0.6345889270886846 0
0.8448407956156396 0.5322521692126649 0
0.9726582813000858 0.05264275404549162 0
-0.1090029525223565 -0.2466442284917008 0
0.4398737786835146 0.741065956170327 0
-0.04604869621316363 0.1097875086446562 0
-0.6251119785435103 0.2670956719691703 0
-0.9481579390980035 1.018848235089595 0
0.1545823896463693 -0.2787509823744787 0
0.3788078263123116 0.1033498536059029 0
-0.7495816142119701 1.207355073245594 0
0.4208352068024971 -0.1561426874598949 0
-0.20752388341637 0.844516195187865 0
0.8704499547587086 -0.05467277260000958 0
0.0612922841828247 1.04625411700359 0
-0.3251666895701539 0.5205846196139979 0
0.3345743144277232 0.7241720693455396 0
0.6359885820138182 0.2557809547786599 0
-0.4642865315036789 0.31818626932854 0
0.4521648043365358 -0.3238153382679241 0
-0.2898770592693934 -0.4377662786209524 0
-0.1148539295269507 0.176613192476593 0
-0.09888905759818242 0.8129096123964212 0
-0.2767029487266789 1.14726273424099 0
-0.06409623200381129 -0.1577331744461152 0
0.9077426694523186 0.2801643322306488 0
0.3254021558537004 0.4994288778793168 0
0.3284536390228822 0.4856661165624943 0
-0.4266893036948179 1.093575366682963 0
0.1517885387703769 0.8117322521328363 0
0.320030879703544 -0.4460958783313237 0
0.5458206888432618 0.9777583827853356 0
-0.3966380499757308 0.507224815735516 0
0.5695291529566205 0.05677599404308964 0
-0.4961774624539438 0.2873434372862199 0
0.0524677885239269 1.154523792648073 0
0.06816114605948149 0.8226712424599008 0
-0.118383726638027 0.07303412259504627 0
0.1004590993267904 -0.01375607437646664 0
$EndNodes
$Elements
106 11292 105 11396
1 1 1 50
105 1 105 
106 105 106 
107 106 107 
108 107 108 
109 108 109 
110 109 110 
111 110 111 
112 111 112 
113 112 113 
114 113 114 
115 114 115 
116 115 116 
117 116 117 
118 117 118 
119 118 119 
120 119 120 
121 120 121 
122 121 122 
123 122 123 
124 123 124 
125 124 125 
126 125 126 
127 126 127 
128 127 128 
129 128 129 
130 129 130 
131 130 131 
132 131 132 
133 132 133 
134 133 134 
135 134 135 
136 135 136 
137 136 137 
138 137 138 
139 138 139 
140 139 140 
141 140 141 
142 141 142 
143 142 143 
144 143 144 
145 144 145 
146 145 146 
147 146 147 
148 147 148 
149 148 149 
150 149 150 
151 150 151 
152 151 152 
153 152 153 
154 153 2 
1 2 1 50
155 3 154 
156 154 155 
157 155 156 
158 156 157 
159 157 158 
160 158 159 
161 159 160 
162 160 161 
163 161 162 
164 162 163 
165 163 164 
166 164 165 
167 165 166 
168 166 167 
169 167 168 
170 168 169 
171 169 170 
172 170 171 
173 171 172 
174 172 173 
175 173 174 
176 174 175 
177 175 176 
178 176 177 
179 177 178 
180 178 179 
181 179 180 
182 180 181 
183 181 182 
184 182 183 
185 183 184 
186 184 185 
187 185 186 
188 186 187 
189 187 188 
190 188 189 
191 189 190 
192 190 191 
193 191 192 
194 192 193 
195 193 194 
196 194 195 
197 195 196 
198 196 197 
199 197 198 
200 198 199 
201 199 200 
202 200 201 
203 201 202 
204 202 1 
1 3 1 50
205 2 203 
206 203 204 
207 204 205 
208 205 206 
209 206 207 
210 207 208 
211 208 209 
212 209 210 
213 210 211 
214 211 212 
215 212 213 
216 213 214 
217 214 215 
218 215 216 
219 216 217 
220 217 218 
221 218 219 
222 219 220 
223 220 221 
224 221 222 
225 222 223 
226 223 224 
227 224 225 
228 225 226 
229 226 227 
230 227 228 
231 228 229 
232 229 230 
233 230 231 
234 231 232 
235 232 233 
236 233 234 
237 234 235 
238 235 236 
239 236 237 
240 237 238 
241 238 239 
242 239 240 
243 240 241 
244 241 242 
245 242 243 
246 243 244 
247 244 245 
248 245 246 
249 246 247 
250 247 248 
251 248 249 
252 249 250 
253 250 251 
254 251 4 
1 4 1 50
255 4 252 
256 252 253 
257 253 254 
258 254 255 
259 255 256 
260 256 257 
261 257 258 
262 258 259 
263 259 260 
264 260 261 
265 261 262 
266 262 263 
267 263 264 
268 264 265 
269 265 266 
270 266 267 
271 267 268 
272 268 269 
273 269 270 
274 270 271 
275 271 272 
276 272 273 
277 273 274 
278 274 275 
279 275 276 
280 276 277 
281 277 278 
282 278 279 
283 279 280 
284 280 281 
285 281 282 
286 282 283 
287 283 284 
288 284 285 
289 285 286 
290 286 287 
291 287 288 
292 288 289 
293 289 290 
294 290 291 
295 291 292 
296 292 293 
297 293 294 
298 294 295 
299 295 296 
300 296 297 
301 297 298 
302 298 299 
303 299 300 
304 300 3 
1 5 1 1
305 5 6 
1 6 1 1
306 6 7 
1 7 1 1
307 7 8 
1 8 1 1
308 8 9 
1 9 1 1
309 9 10 
1 10 1 1
310 10 11 
1 11 1 1
311 11 12 
1 12 1 1
312 12 13 
1 13 1 1
313 13 14 
1 14 1 1
314 14 15 
1 15 1 1
315 15 16 
1 16 1 1
316 16 17 
1 17 1 1
317 17 18 
1 18 1 1
318 18 19 
1 19 1 1
319 19 20 
1 20 1 1
320 20 21 
1 21 1 1
321 21 22 
1 22 1 1
322 22 23 
1 23 1 1
323 23 24 
1 24 1 1
324 24 25 
1 25 1 1
325 25 26 
1 26 1 1
326 26 27 
1 27 1 1
327 27 28 
1 28 1 1
328 28 29 
1 29 1 1
329 29 30 
1 30 1 1
330 30 31 
1 31 1 1
331 31 32 
1 32 1 1
332 32 33 
1 33 1 1
333 33 34 
1 34 1 1
334 34 35 
1 35 1 1
335 35 36 
1 36 1 1
336 36 37 
1 37 1 1
337 37 38 
1 38 1 1
338 38 39 
1 39 1 1
339 39 40 
1 40 1 1
340 40 41 
1 41 1 1
341 41 42 
1 42 1 1
342 42 43 
1 43 1 1
343 43 44 
1 44 1 1
344 44 45 
1 45 1 1
345 45 46 
1 46 1 1
346 46 47 
1 47 1 1
347 47 48 
1 48 1 1
348 48 49 
1 49 1 1
349 49 50 
1 50 1 1
350 50 51 
1 51 1 1
351 51 52 
1 52 1 1
352 52 53 
1 53 1 1
353 53 54 
1 54 1 1
354 54 55 
1 55 1 1
355 55 56 
1 56 1 1
356 56 57 
1 57 1 1
357 57 58 
1 58 1 1
358 58 59 
1 59 1 1
359 59 60 
1 60 1 1
360 60 61 
1 61 1 1
361 61 62 
1 62 1 1
362 62 63 
1 63 1 1
363 63 64 
1 64 1 1
364 64 65 
1 65 1 1
365 65 66 
1 66 1 1
366 66 67 
1 67 1 1
367 67 68 
1 68 1 1
368 68 69 
1 69 1 1
369 69 70 
1 70 1 1
370 70 71 
1 71 1 1
371 71 72 
1 72 1 1
372 72 73 
1 73 1 1
373 73 74 
1 74 1 1
374 74 75 
1 75 1 1
375 75 76 
1 76 1 1
376 76 77 
1 77 1 1
377 77 78 
1 78 1 1
378 78 79 
1 79 1 1
379 79 80 
1 80 1 1
380 80 81 
1 81 1 1
381 81 82 
1 82 1 1
382 82 83 
1 83 1 1
383 83 84 
1 84 1 1
384 84 85 
1 85 1 1
385 85 86 
1 86 1 1
386 86 87 
1 87 1 1
387 87 88 
1 88 1 1
388 88 89 
1 89 1 1
389 89 90 
1 90 1 1
390 90 91 
1 91 1 1
391 91 92 
1 92 1 1
392 92 93 
1 93 1 1
393 93 94 
1 94 1 1
394 94 95 
1 95 1 1
395 95 96 
1 96 1 1
396 96 97 
1 97 1 1
397 97 98 
1 98 1 1
398 98 99 
1 99 1 1
399 99 100 
1 100 1 1
400 100 101 
1 101 1 1
401 101 102 
1 102 1 1
402 102 103 
1 103 1 1
403 103 104 
1 104 1 1
404 104 5 
2 2 2 1886
405 304 1107 757 
406 18 778 17 
407 333 785 764 
408 313 778 775 
409 313 775 774 
410 757 1107 1091 
411 322 1111 787 
412 787 1111 1065 
413 100 854 323 
414 17 778 313 
415 760 1172 321 
416 888 1120 1105 
417 310 870 763 
418 756 1119 1104 
419 311 1117 897 
420 315 1189 759 
421 329 1125 1063 
422 303 1089 784 
423 320 1100 771 
424 83 1097 82 
425 759 844 315 
426 303 1150 1089 
427 700 1050 779 
428 321 1095 760 
429 778 1144 779 
430 1105 1160 888 
431 1127 1144 778 
432 897 1117 750 
433 883 1152 312 
434 773 991 317 
435 101 854 100 
436 333 1140 785 
437 762 1172 760 
438 82 1097 325 
439 756 1182 1119 
440 1114 1116 717 
441 780 782 327 
442 1101 1102 891 
443 27 1186 1149 
444 1149 1186 972 
445 7 1100 6 
446 764 1089 333 
447 310 872 870 
448 317 991 785 
449 323 854 853 
450 723 1103 844 
451 844 1103 315 
452 18 1127 778 
453 759 1189 783 
454 771 1100 772 
455 74 1172 1158 
456 104 1167 1163 
457 307 1132 72 
458 763 1094 310 
459 1063 1171 329 
460 757 1156 304 
461 779 943 700 
462 779 1050 775 
463 1063 1125 770 
464 1158 1172 762 
465 897 1191 311 
466 1163 1167 1029 
467 774 1106 313 
468 834 1139 1126 
469 765 1157 314 
470 312 1154 883 
471 334 1092 772 
472 1142 1155 1088 
473 1104 1133 756 
474 746 1141 1123 
475 314 1176 765 
476 829 1122 1121 
477 1152 1164 77 
478 754 1153 1129 
479 772 1100 334 
480 885 1152 883 
481 771 1183 320 
482 717 1130 1114 
483 327 1090 780 
484 778 779 775 
485 891 1136 1101 
486 6 1100 320 
487 334 1100 7 
488 1109 1112 1056 
489 318 1155 1142 
490 888 1154 1120 
491 1126 1139 308 
492 872 1159 873 
493 971 1186 316 
494 776 1106 774 
495 1129 1153 301 
496 1065 1111 336 
497 1123 1141 326 
498 336 1146 1065 
499 972 1186 971 
500 83 1179 1097 
501 885 1164 1152 
502 1099 1132 307 
503 782 1190 327 
504 786 789 753 
505 872 1185 1159 
506 72 1132 71 
507 1137 1147 36 
508 317 1166 773 
509 1117 1118 750 
510 870 872 871 
511 753 789 338 
512 1056 1181 1109 
513 773 1094 763 
514 1116 1187 717 
515 872 873 871 
516 325 1097 1096 
517 723 1115 1103 
518 789 1086 343 
519 873 874 871 
520 786 1086 789 
521 318 1142 873 
522 340 789 343 
523 788 790 724 
524 724 791 788 
525 341 790 788 
526 654 791 724 
527 708 791 654 
528 345 824 790 
529 790 824 724 
530 874 1048 871 
531 644 1048 874 
532 345 790 342 
533 725 1086 652 
534 874 1087 644 
535 793 1086 725 
536 793 1071 347 
537 652 1086 786 
538 725 1071 793 
539 344 793 347 
540 824 1069 653 
541 724 824 653 
542 792 1069 824 
543 792 824 345 
544 816 817 507 
545 374 836 376 
546 367 820 818 
547 346 792 345 
548 817 836 507 
549 507 878 816 
550 815 820 363 
551 818 878 367 
552 368 878 371 
553 359 819 360 
554 363 819 815 
555 820 1066 818 
556 359 1067 819 
557 376 836 379 
558 507 836 374 
559 360 819 363 
560 815 1066 820 
561 816 878 818 
562 359 1068 1067 
563 920 1085 1084 
564 1084 1085 812 
565 798 799 797 
566 1081 1083 814 
567 1067 1068 800 
568 364 820 367 
569 363 820 364 
570 1071 1073 821 
571 367 878 368 
572 371 878 507 
573 796 798 797 
574 352 796 355 
575 1076 1077 492 
576 1072 1075 981 
577 796 797 355 
578 800 1068 797 
579 794 795 351 
580 610 1069 655 
581 351 796 352 
582 725 1073 1071 
583 348 794 351 
584 794 1071 821 
585 799 800 797 
586 655 1069 823 
587 822 826 823 
588 379 1079 382 
589 612 1073 572 
590 823 826 655 
591 653 1069 610 
592 794 821 795 
593 795 796 351 
594 822 823 349 
595 814 1083 813 
596 797 1068 355 
597 798 1075 1072 
598 799 801 800 
599 795 798 796 
600 821 1073 612 
601 1078 1080 807 
602 801 802 800 
603 350 822 349 
604 801 803 802 
605 825 826 822 
606 803 804 802 
607 353 825 822 
608 804 805 802 
609 353 832 825 
610 804 806 805 
611 354 832 353 
612 804 807 806 
613 806 815 805 
614 815 819 805 
615 832 856 726 
616 807 808 806 
617 825 832 726 
618 528 886 568 
619 357 856 832 
620 656 1002 719 
621 559 840 833 
622 884 888 887 
623 884 887 886 
624 834 840 715 
625 880 882 547 
626 603 830 828 
627 861 1048 1027 
628 828 835 603 
629 833 840 834 
630 886 887 568 
631 826 831 655 
632 727 857 831 
633 807 809 808 
634 731 835 828 
635 547 886 528 
636 727 831 826 
637 603 970 830 
638 861 1061 680 
639 731 976 835 
640 711 1030 991 
641 719 1002 833 
642 547 950 880 
643 1027 1048 644 
644 855 904 675 
645 626 1050 1024 
646 845 853 767 
647 869 945 841 
648 838 868 508 
649 733 1033 974 
650 88 319 87 
651 521 857 837 
652 769 890 889 
653 931 976 518 
654 882 886 547 
655 737 997 669 
656 557 840 559 
657 880 950 879 
658 837 900 521 
659 841 1002 656 
660 827 856 357 
661 704 908 632 
662 721 934 899 
663 657 914 842 
664 841 945 678 
665 867 1011 955 
666 53 315 52 
667 986 1009 1008 
668 47 306 46 
669 900 961 475 
670 842 915 518 
671 738 904 855 
672 986 1008 876 
673 759 864 844 
674 650 845 767 
675 521 975 857 
676 899 934 890 
677 833 1002 559 
678 853 854 767 
679 604 705 626 
680 730 867 866 
681 1015 1042 584 
682 837 857 667 
683 698 1039 1010 
684 667 857 727 
685 728 868 838 
686 726 856 666 
687 518 976 842 
688 681 988 596 
689 717 907 658 
690 517 875 543 
691 668 918 746 
692 679 1006 987 
693 730 1011 867 
694 944 962 911 
695 402 998 865 
696 571 627 570 
697 702 864 595 
698 535 951 571 
699 581 845 650 
700 620 945 869 
701 894 922 684 
702 866 868 730 
703 828 829 751 
704 596 988 565 
705 875 876 592 
706 837 961 900 
707 734 859 685 
708 843 860 859 
709 371 374 372 
710 397 968 390 
711 543 875 592 
712 561 914 657 
713 686 1000 967 
714 857 975 831 
715 967 1000 905 
716 79 312 78 
717 522 914 561 
718 541 984 935 
719 974 1033 680 
720 844 864 702 
721 952 1031 964 
722 497 921 495 
723 604 1023 706 
724 617 1030 711 
725 761 879 645 
726 766 983 677 
727 891 899 890 
728 516 901 535 
729 629 737 669 
730 630 862 649 
731 935 984 679 
732 82 325 81 
733 452 1052 1037 
734 742 1064 1062 
735 429 926 902 
736 769 891 890 
737 809 810 808 
738 859 984 541 
739 601 712 600 
740 771 772 648 
741 866 998 868 
742 50 324 49 
743 76 321 75 
744 997 1014 669 
745 476 900 475 
746 660 929 895 
747 673 768 672 
748 670 889 877 
749 809 813 810 
750 94 331 93 
751 409 925 405 
752 499 954 937 
753 632 908 633 
754 659 976 731 
755 838 973 839 
756 903 962 944 
757 940 1012 996 
758 390 968 843 
759 556 896 527 
760 592 1023 588 
761 1057 1059 625 
762 639 716 645 
763 784 929 660 
764 917 918 668 
765 918 923 746 
766 73 307 72 
767 1019 1044 361 
768 600 840 557 
769 591 928 637 
770 769 889 672 
771 711 763 709 
772 942 978 735 
773 898 979 736 
774 970 971 830 
775 906 1041 1035 
776 544 1047 738 
777 613 869 841 
778 870 871 710 
779 372 373 370 
780 434 956 414 
781 458 979 499 
782 527 896 548 
783 693 966 965 
784 704 909 908 
785 64 317 63 
786 461 913 451 
787 514 901 516 
788 879 950 532 
789 571 951 629 
790 698 982 587 
791 627 946 722 
792 675 1045 855 
793 387 865 583 
794 408 973 406 
795 865 866 583 
796 588 604 589 
797 628 946 627 
798 639 999 716 
799 735 938 913 
800 1016 1036 941 
801 989 995 988 
802 20 330 19 
803 463 960 959 
804 519 520 490 
805 568 1013 569 
806 611 653 610 
807 755 756 638 
808 1013 1022 707 
809 719 780 718 
810 761 880 879 
811 413 968 397 
812 423 893 425 
813 465 915 487 
814 471 512 500 
815 536 670 501 
816 747 923 608 
817 709 870 710 
818 734 984 859 
819 781 782 780 
820 438 903 440 
821 440 903 449 
822 462 471 461 
823 512 577 546 
824 512 930 663 
825 560 917 523 
826 843 859 541 
827 561 657 631 
828 700 943 601 
829 656 719 718 
830 730 868 728 
831 1008 1009 777 
832 996 1012 933 
833 989 1032 1007 
834 67 310 66 
835 360 361 358 
836 393 403 402 
837 429 454 418 
838 893 952 425 
839 434 1005 956 
840 491 503 468 
841 554 567 555 
842 876 1008 592 
843 658 907 631 
844 633 647 634 
845 637 928 745 
846 665 837 667 
847 859 860 685 
848 887 1022 1013 
849 364 365 362 
850 410 418 411 
851 483 533 532 
852 890 934 566 
853 613 614 567 
854 720 970 614 
855 675 904 625 
856 641 642 640 
857 659 731 714 
858 681 989 988 
859 966 1034 682 
860 721 723 702 
861 892 997 737 
862 839 973 910 
863 371 507 374 
864 462 473 472 
865 486 501 485 
866 669 862 630 
867 672 889 670 
868 992 1039 698 
869 711 991 773 
870 849 851 850 
871 10 304 9 
872 41 311 40 
873 429 455 454 
874 432 939 457 
875 575 933 439 
876 450 451 448 
877 452 461 451 
878 488 912 466 
879 489 490 476 
880 486 902 619 
881 508 973 838 
882 520 975 521 
883 546 965 585 
884 558 601 600 
885 645 879 562 
886 615 944 911 
887 646 764 713 
888 667 726 666 
889 856 1021 666 
890 691 932 689 
891 710 1048 861 
892 902 926 732 
893 809 814 813 
894 847 848 846 
895 990 1007 419 
896 548 921 497 
897 513 922 894 
898 530 564 531 
899 564 565 531 
900 597 599 598 
901 630 649 648 
902 763 870 709 
903 716 762 760 
904 358 827 357 
905 369 905 366 
906 955 1011 373 
907 419 421 420 
908 421 453 423 
909 424 478 422 
910 437 438 428 
911 913 938 451 
912 697 912 524 
913 526 579 578 
914 594 595 565 
915 579 581 580 
916 585 682 621 
917 660 895 590 
918 740 928 591 
919 609 725 652 
920 629 630 628 
921 633 908 897 
922 642 703 640 
923 965 966 682 
924 812 816 811 
925 987 1006 858 
926 386 987 388 
927 392 393 389 
928 396 858 513 
929 407 408 406 
930 411 910 408 
931 429 902 455 
932 460 960 446 
933 455 484 454 
934 486 502 501 
935 532 950 489 
936 619 625 502 
937 553 554 510 
938 590 895 537 
939 982 1005 542 
940 593 607 556 
941 877 889 566 
942 598 699 681 
943 617 618 616 
944 619 902 732 
945 637 744 660 
946 637 745 744 
947 661 898 736 
948 860 954 685 
949 511 919 384 
950 419 420 411 
951 439 933 428 
952 481 979 458 
953 549 895 646 
954 558 1018 696 
955 668 704 632 
956 689 692 688 
957 728 838 729 
958 810 812 811 
959 23 308 22 
960 679 987 386 
961 405 406 404 
962 410 926 429 
963 499 937 433 
964 465 466 435 
965 440 449 448 
966 446 463 444 
967 475 930 472 
968 473 1036 1016 
969 505 949 481 
970 496 497 495 
971 511 920 919 
972 863 901 514 
973 517 542 515 
974 571 628 627 
975 595 597 596 
976 716 760 645 
977 744 784 660 
978 706 774 705 
979 937 954 860 
980 385 916 377 
981 386 388 387 
982 584 936 395 
983 403 405 404 
984 417 436 435 
985 418 990 419 
986 423 424 422 
987 427 428 426 
988 430 514 434 
989 475 961 930 
990 578 957 494 
991 539 556 527 
992 535 571 570 
993 889 890 566 
994 867 916 583 
995 613 841 656 
996 862 983 649 
997 739 1015 697 
998 698 1010 982 
999 739 1042 1015 
1000 850 852 848 
1001 1010 1039 939 
1002 956 1005 948 
1003 990 995 989 
1004 29 316 28 
1005 393 402 389 
1006 396 417 416 
1007 438 439 428 
1008 442 443 431 
1009 469 470 460 
1010 478 1012 940 
1011 514 516 515 
1012 522 560 523 
1013 523 917 525 
1014 606 615 550 
1015 614 970 567 
1016 887 1013 568 
1017 602 845 581 
1018 606 617 616 
1019 742 743 634 
1020 684 922 734 
1021 694 730 728 
1022 727 825 726 
1023 944 1033 733 
1024 932 1003 940 
1025 376 379 378 
1026 384 391 390 
1027 414 956 400 
1028 420 910 411 
1029 442 445 444 
1030 459 460 446 
1031 449 450 448 
1032 959 997 463 
1033 530 531 484 
1034 520 521 490 
1035 670 877 501 
1036 572 593 556 
1037 693 965 577 
1038 622 942 586 
1039 609 638 593 
1040 947 948 623 
1041 647 897 750 
1042 671 673 672 
1043 673 770 768 
1044 688 977 942 
1045 690 906 694 
1046 728 729 691 
1047 903 944 733 
1048 812 817 816 
1049 862 1004 983 
1050 32 332 31 
1051 541 935 381 
1052 395 936 392 
1053 936 993 393 
1054 404 998 402 
1055 403 409 405 
1056 405 925 407 
1057 409 1046 1045 
1058 423 425 424 
1059 425 427 426 
1060 443 953 863 
1061 446 960 463 
1062 449 903 733 
1063 457 939 482 
1064 462 472 471 
1065 952 964 464 
1066 494 957 470 
1067 474 475 472 
1068 927 963 477 
1069 524 912 488 
1070 526 578 494 
1071 496 506 497 
1072 504 1018 558 
1073 506 539 527 
1074 868 998 508 
1075 519 950 547 
1076 538 590 537 
1077 537 895 549 
1078 563 641 640 
1079 564 594 565 
1080 576 676 661 
1081 650 677 582 
1082 585 965 682 
1083 594 721 702 
1084 608 923 918 
1085 695 701 643 
1086 663 961 665 
1087 768 769 672 
1088 687 690 689 
1089 375 955 372 
1090 380 386 385 
1091 383 843 541 
1092 386 387 385 
1093 402 865 389 
1094 420 1017 910 
1095 428 933 426 
1096 467 915 465 
1097 469 492 470 
1098 493 494 470 
1099 474 476 475 
1100 1003 1017 478 
1101 678 949 505 
1102 519 547 528 
1103 539 612 572 
1104 552 1001 545 
1105 563 941 641 
1106 581 650 582 
1107 594 934 721 
1108 621 686 622 
1109 705 1050 626 
1110 633 897 647 
1111 895 929 646 
1112 662 959 958 
1113 919 920 674 
1114 692 977 688 
1115 694 728 691 
1116 729 932 691 
1117 723 844 702 
1118 774 775 705 
1119 865 998 866 
1120 1035 1041 967 
1121 379 382 381 
1122 388 389 387 
1123 396 416 395 
1124 416 584 395 
1125 910 973 408 
1126 415 430 414 
1127 441 442 431 
1128 459 469 460 
1129 470 957 460 
1130 471 930 512 
1131 486 619 502 
1132 898 954 499 
1133 509 576 553 
1134 525 917 551 
1135 533 562 532 
1136 901 951 535 
1137 558 696 601 
1138 572 609 593 
1139 712 715 600 
1140 619 675 625 
1141 621 1000 686 
1142 630 648 628 
1143 641 695 643 
1144 649 771 648 
1145 676 684 683 
1146 684 685 683 
1147 719 833 781 
1148 838 839 729 
1149 736 979 949 
1150 863 953 901 
1151 374 375 372 
1152 380 385 377 
1153 380 679 386 
1154 389 865 387 
1155 394 396 395 
1156 394 858 396 
1157 403 993 409 
1158 418 419 411 
1159 430 863 514 
1160 459 498 469 
1161 490 900 476 
1162 477 963 509 
1163 531 995 484 
1164 529 975 520 
1165 533 941 563 
1166 546 585 574 
1167 551 917 668 
1168 639 645 562 
1169 662 958 580 
1170 647 749 742 
1171 663 665 664 
1172 676 894 684 
1173 984 1006 679 
1174 816 818 811 
1175 959 960 958 
1176 58 336 57 
1177 381 935 378 
1178 382 383 381 
1179 382 384 383 
1180 384 919 391 
1181 387 583 385 
1182 391 398 397 
1183 391 399 398 
1184 412 413 397 
1185 399 400 398 
1186 432 433 413 
1187 433 937 413 
1188 445 459 446 
1189 449 456 450 
1190 949 979 481 
1191 574 913 500 
1192 544 697 524 
1193 565 988 531 
1194 533 563 562 
1195 595 596 565 
1196 619 732 675 
1197 654 724 653 
1198 665 667 666 
1199 684 734 685 
1200 706 777 776 
1201 711 773 763 
1202 731 828 751 
1203 738 1047 904 
1204 966 1044 1019 
1205 44 329 43 
1206 364 366 365 
1207 379 381 378 
1208 380 935 679 
1209 388 392 389 
1210 399 401 400 
1211 399 674 401 
1212 401 415 414 
1213 412 623 432 
1214 415 431 430 
1215 458 499 433 
1216 438 440 439 
1217 444 892 443 
1218 452 462 461 
1219 499 979 898 
1220 525 551 545 
1221 605 606 550 
1222 567 603 555 
1223 563 639 562 
1224 597 636 599 
1225 617 711 709 
1226 709 710 618 
1227 688 942 622 
1228 652 786 755 
1229 657 842 659 
1230 764 785 713 
1231 785 991 713 
1232 766 1028 983 
1233 843 968 860 
1234 846 853 845 
1235 875 985 876 
1236 982 1010 948 
1237 38 326 37 
1238 60 303 59 
1239 85 301 84 
1240 382 511 384 
1241 384 390 383 
1242 401 414 400 
1243 403 404 402 
1244 412 947 623 
1245 421 423 422 
1246 457 458 433 
1247 438 962 903 
1248 440 447 439 
1249 440 448 447 
1250 480 481 458 
1251 471 500 461 
1252 479 518 467 
1253 518 915 467 
1254 504 505 481 
1255 496 540 506 
1256 550 911 503 
1257 504 558 557 
1258 557 559 505 
1259 559 678 505 
1260 554 555 510 
1261 516 534 517 
1262 519 528 520 
1263 664 693 577 
1264 606 616 615 
1265 606 1030 617 
1266 718 720 614 
1267 760 761 645 
1268 676 683 661 
1269 689 932 692 
1270 690 694 691 
1271 991 1030 713 
1272 729 1003 932 
1273 735 978 938 
1274 827 1021 856 
1275 17 313 16 
1276 91 309 90 
1277 366 905 365 
1278 905 1034 365 
1279 388 987 394 
1280 400 947 398 
1281 415 441 431 
1282 415 969 441 
1283 453 893 423 
1284 427 437 428 
1285 427 464 437 
1286 436 927 477 
1287 457 480 458 
1288 480 504 481 
1289 491 538 537 
1290 492 980 493 
1291 495 526 494 
1292 527 548 497 
1293 506 981 539 
1294 528 529 520 
1295 528 568 529 
1296 538 591 590 
1297 576 963 676 
1298 579 580 578 
1299 585 621 586 
1300 624 740 591 
1301 594 702 595 
1302 646 929 764 
1303 650 765 677 
1304 930 961 663 
1305 867 955 916 
1306 893 1031 952 
1307 977 978 942 
1308 958 960 957 
1309 35 302 34 
1310 103 314 102 
1311 363 364 362 
1312 367 368 366 
1313 378 380 377 
1314 378 935 380 
1315 391 397 390 
1316 391 919 399 
1317 398 412 397 
1318 412 432 413 
1319 417 435 416 
1320 427 952 464 
1321 450 452 451 
1322 500 913 461 
1323 501 877 485 
1324 495 921 526 
1325 549 550 503 
1326 535 570 534 
1327 539 572 556 
1328 607 896 556 
1329 621 622 586 
1330 589 992 698 
1331 652 755 638 
1332 641 643 642 
1333 667 727 726 
1334 668 746 704 
1335 742 1062 743 
1336 847 849 848 
1337 881 882 880 
1338 948 1005 982 
1339 361 827 358 
1340 361 1044 827 
1341 368 370 369 
1342 916 955 375 
1343 399 919 674 
1344 406 973 508 
1345 417 927 436 
1346 431 863 430 
1347 432 457 433 
1348 449 733 456 
1349 465 487 466 
1350 472 930 471 
1351 483 489 476 
1352 487 522 488 
1353 487 915 914 
1354 489 519 490 
1355 988 995 531 
1356 562 879 532 
1357 577 965 546 
1358 569 1013 611 
1359 576 661 620 
1360 663 664 577 
1361 582 662 580 
1362 588 589 587 
1363 597 864 636 
1364 1025 1026 607 
1365 629 669 630 
1366 714 717 658 
1367 732 926 925 
1368 914 915 842 
1369 883 884 882 
1370 360 362 361 
1371 371 372 370 
1372 376 378 377 
1373 396 513 417 
1374 674 969 401 
1375 425 426 424 
1376 623 939 432 
1377 447 575 439 
1378 463 892 444 
1379 447 978 575 
1380 457 482 480 
1381 492 493 470 
1382 493 495 494 
1383 506 527 497 
1384 546 574 500 
1385 504 557 505 
1386 512 663 577 
1387 569 573 529 
1388 539 981 612 
1389 543 587 542 
1390 586 942 735 
1391 604 626 589 
1392 595 864 597 
1393 602 847 846 
1394 646 713 605 
1395 686 687 622 
1396 623 1010 939 
1397 627 722 635 
1398 640 999 639 
1399 683 898 661 
1400 687 689 688 
1401 690 691 689 
1402 888 1022 887 
1403 436 465 435 
1404 442 444 443 
1405 473 474 472 
1406 489 950 519 
1407 516 535 534 
1408 551 632 552 
1409 563 640 639 
1410 611 654 653 
1411 618 861 680 
1412 643 644 642 
1413 1037 1052 741 
1414 862 1014 1004 
1415 959 1014 997 
1416 56 322 55 
1417 62 333 61 
1418 373 1011 906 
1419 537 549 503 
1420 549 605 550 
1421 627 635 570 
1422 635 985 570 
1423 581 582 580 
1424 609 652 638 
1425 618 680 616 
1426 964 1031 624 
1427 683 954 898 
1428 422 1017 420 
1429 448 938 447 
1430 521 900 490 
1431 496 980 540 
1432 516 517 515 
1433 517 543 542 
1434 558 600 557 
1435 561 608 560 
1436 585 586 574 
1437 575 978 977 
1438 650 767 765 
1439 732 1045 675 
1440 680 1061 974 
1441 727 826 825 
1442 761 881 880 
1443 828 830 829 
1444 849 850 848 
1445 70 318 69 
1446 360 363 362 
1447 392 936 393 
1448 445 446 444 
1449 477 509 479 
1450 536 671 670 
1451 551 552 545 
1452 560 918 917 
1453 561 631 608 
1454 715 840 600 
1455 657 658 631 
1456 636 759 752 
1457 647 750 749 
1458 649 1028 771 
1459 707 708 654 
1460 695 741 701 
1461 706 776 774 
1462 1045 1046 855 
1463 6 320 5 
1464 359 360 358 
1465 369 967 905 
1466 906 1035 373 
1467 374 376 375 
1468 426 1012 424 
1469 733 974 456 
1470 493 980 496 
1471 534 875 517 
1472 525 545 544 
1473 586 735 574 
1474 866 867 583 
1475 591 637 590 
1476 602 846 845 
1477 631 747 608 
1478 611 707 654 
1479 661 736 620 
1480 685 954 683 
1481 1052 1053 741 
1482 372 955 373 
1483 390 843 383 
1484 393 993 403 
1485 398 947 412 
1486 401 969 415 
1487 410 429 418 
1488 912 994 466 
1489 485 877 530 
1490 530 566 564 
1491 534 985 875 
1492 564 934 594 
1493 569 611 610 
1494 629 951 737 
1495 665 666 664 
1496 669 1014 862 
1497 738 739 697 
1498 881 885 883 
1499 901 953 951 
1500 947 956 948 
1501 364 367 366 
1502 368 371 370 
1503 540 981 506 
1504 894 927 513 
1505 570 985 534 
1506 551 668 632 
1507 743 1001 634 
1508 757 758 635 
1509 676 963 894 
1510 983 1004 677 
1511 686 1041 687 
1512 692 996 977 
1513 747 924 923 
1514 833 834 781 
1515 1019 1034 966 
1516 430 434 414 
1517 421 422 420 
1518 514 515 434 
1519 468 962 437 
1520 544 738 697 
1521 633 634 552 
1522 571 629 628 
1523 655 831 573 
1524 578 958 957 
1525 731 751 714 
1526 922 1006 734 
1527 97 305 96 
1528 487 914 522 
1529 568 569 529 
1530 576 620 553 
1531 554 869 613 
1532 637 660 590 
1533 597 598 596 
1534 687 688 622 
1535 648 946 628 
1536 636 864 759 
1537 641 941 695 
1538 772 946 648 
1539 940 996 692 
1540 694 1011 730 
1541 906 1011 694 
1542 720 972 971 
1543 759 783 752 
1544 810 811 808 
1545 1024 1038 992 
1546 376 377 375 
1547 583 916 385 
1548 406 508 404 
1549 455 485 484 
1550 464 964 491 
1551 525 544 524 
1552 573 975 529 
1553 835 931 555 
1554 608 918 560 
1555 579 602 581 
1556 710 861 618 
1557 722 757 635 
1558 758 985 635 
1559 703 999 640 
1560 657 659 658 
1561 881 883 882 
1562 365 1019 362 
1563 394 395 392 
1564 515 1005 434 
1565 503 911 468 
1566 911 962 468 
1567 502 536 501 
1568 522 561 560 
1569 617 709 618 
1570 682 1000 621 
1571 1004 1014 662 
1572 665 961 837 
1573 932 940 692 
1574 425 952 427 
1575 464 491 468 
1576 510 931 479 
1577 538 964 624 
1578 615 911 550 
1579 554 613 567 
1580 671 672 670 
1581 1020 1032 699 
1582 910 1017 839 
1583 860 968 937 
1584 1000 1034 905 
1585 100 323 99 
1586 394 987 858 
1587 407 926 410 
1588 925 926 407 
1589 632 633 552 
1590 613 656 614 
1591 842 976 659 
1592 945 949 678 
1593 737 953 892 
1594 368 369 366 
1595 383 541 381 
1596 416 994 584 
1597 474 483 476 
1598 483 532 489 
1599 523 524 488 
1600 493 496 495 
1601 538 624 591 
1602 634 1001 552 
1603 593 1025 607 
1604 659 714 658 
1605 741 1053 701 
1606 738 855 739 
1607 8 334 7 
1608 400 956 947 
1609 435 994 416 
1610 424 1012 478 
1611 480 1018 504 
1612 858 922 513 
1613 735 913 574 
1614 584 1042 936 
1615 1008 1023 592 
1616 752 787 651 
1617 664 1021 693 
1618 765 766 677 
1619 749 1064 742 
1620 876 985 758 
1621 835 976 931 
1622 14 328 13 
1623 957 960 460 
1624 620 869 553 
1625 603 835 555 
1626 569 610 573 
1627 601 943 712 
1628 1024 1050 700 
1629 719 781 780 
1630 758 986 876 
1631 884 886 882 
1632 989 1007 990 
1633 530 877 566 
1634 587 982 542 
1635 589 698 587 
1636 626 992 589 
1637 611 1013 707 
1638 626 1024 992 
1639 369 1035 967 
1640 938 978 447 
1641 940 1003 478 
1642 921 1040 526 
1643 543 592 588 
1644 567 970 603 
1645 610 655 573 
1646 588 1023 604 
1647 983 1028 649 
1648 699 1032 681 
1649 699 1049 1043 
1650 858 1006 922 
1651 362 1019 361 
1652 636 752 651 
1653 643 1027 644 
1654 695 1036 741 
1655 827 1044 1021 
1656 933 1012 426 
1657 464 468 437 
1658 892 953 443 
1659 453 1020 893 
1660 484 995 454 
1661 491 537 503 
1662 512 546 500 
1663 549 646 605 
1664 831 975 573 
1665 575 996 933 
1666 734 1006 984 
1667 896 1055 1054 
1668 1020 1043 1031 
1669 451 938 448 
1670 482 1018 480 
1671 483 1016 533 
1672 839 1017 1003 
1673 377 916 375 
1674 455 902 486 
1675 638 1025 593 
1676 967 1041 686 
1677 437 962 438 
1678 509 510 479 
1679 555 931 510 
1680 542 1005 515 
1681 696 700 601 
1682 701 1027 643 
1683 925 1045 732 
1684 739 1046 1042 
1685 1027 1061 861 
1686 894 963 927 
1687 436 467 465 
1688 1007 1032 453 
1689 526 1040 579 
1690 548 1051 921 
1691 977 996 575 
1692 636 651 599 
1693 656 718 614 
1694 839 1003 729 
1695 766 1029 1028 
1696 455 486 485 
1697 509 963 576 
1698 604 706 705 
1699 666 1021 664 
1700 690 1041 906 
1701 736 949 945 
1702 405 407 406 
1703 513 927 417 
1704 479 931 518 
1705 485 530 484 
1706 682 1034 1000 
1707 706 1023 777 
1708 580 958 578 
1709 582 1004 662 
1710 941 1036 695 
1711 951 953 737 
1712 777 1023 1008 
1713 1054 1055 851 
1714 26 327 25 
1715 409 1045 925 
1716 453 1032 1020 
1717 662 1014 959 
1718 466 994 435 
1719 677 1004 582 
1720 407 410 408 
1721 410 411 408 
1722 477 479 467 
1723 598 681 596 
1724 871 1048 710 
1725 1021 1044 693 
1726 370 1035 369 
1727 454 990 418 
1728 478 1017 422 
1729 533 1016 941 
1730 602 1040 847 
1731 1062 1064 671 
1732 855 1046 739 
1733 473 1016 474 
1734 543 588 587 
1735 736 945 620 
1736 681 1032 989 
1737 687 1041 690 
1738 508 998 404 
1739 712 748 715 
1740 436 477 467 
1741 680 1033 616 
1742 699 1043 1020 
1743 937 968 413 
1744 356 359 358 
1745 388 394 392 
1746 487 488 466 
1747 720 971 970 
1748 740 1058 928 
1749 421 1007 453 
1750 545 1047 544 
1751 548 1054 1051 
1752 678 1002 841 
1753 1018 1038 696 
1754 631 907 747 
1755 373 1035 370 
1756 625 1059 502 
1757 696 1024 700 
1758 474 1016 483 
1759 523 525 524 
1760 579 1040 602 
1761 693 1044 966 
1762 936 1042 993 
1763 443 863 431 
1764 491 964 538 
1765 509 553 510 
1766 713 1030 605 
1767 1038 1039 992 
1768 12 335 11 
1769 450 1052 452 
1770 462 1037 473 
1771 1001 1047 545 
1772 647 742 634 
1773 756 1025 638 
1774 1043 1049 740 
1775 463 997 892 
1776 553 869 554 
1777 566 934 564 
1778 522 523 488 
1779 948 1010 623 
1780 365 1034 1019 
1781 993 1046 409 
1782 1036 1037 741 
1783 454 995 990 
1784 615 1033 944 
1785 1031 1043 624 
1786 697 1015 912 
1787 419 1007 421 
1788 605 1030 606 
1789 616 1033 615 
1790 921 1051 1040 
1791 696 1038 1024 
1792 1047 1057 904 
1793 559 1002 678 
1794 994 1015 584 
1795 743 1059 1057 
1796 1001 1057 1047 
1797 599 1049 598 
1798 1026 1055 607 
1799 912 1015 994 
1800 598 1049 699 
1801 1020 1031 893 
1802 473 1037 1036 
1803 536 1062 671 
1804 624 1043 740 
1805 1049 1058 740 
1806 939 1039 482 
1807 452 1037 462 
1808 456 1052 450 
1809 896 1054 548 
1810 456 1053 1052 
1811 482 1038 1018 
1812 1051 1054 849 
1813 847 1051 849 
1814 775 1050 705 
1815 904 1057 625 
1816 743 1057 1001 
1817 1040 1051 847 
1818 974 1053 456 
1819 1058 1060 928 
1820 599 1058 1049 
1821 1042 1046 993 
1822 482 1039 1038 
1823 651 1060 1058 
1824 787 1060 651 
1825 928 1060 745 
1826 607 1055 896 
1827 849 1054 851 
1828 743 1062 1059 
1829 651 1058 599 
1830 357 832 354 
1831 701 1061 1027 
1832 1053 1061 701 
1833 356 358 357 
1834 502 1059 536 
1835 1026 1056 1055 
1836 673 1063 770 
1837 1063 1064 749 
1838 673 1064 1063 
1839 1055 1056 851 
1840 974 1061 1053 
1841 1059 1062 536 
1842 671 1064 673 
1843 787 1065 1060 
1844 1060 1065 745 
1845 356 357 354 
1846 806 1066 815 
1847 818 1066 811 
1848 808 1066 806 
1849 355 356 354 
1850 811 1066 808 
1851 352 355 354 
1852 802 1067 800 
1853 353 822 350 
1854 352 354 353 
1855 352 353 350 
1856 805 1067 802 
1857 351 352 350 
1858 819 1067 805 
1859 355 1068 356 
1860 349 823 792 
1861 348 351 350 
1862 356 1068 359 
1863 349 792 346 
1864 348 350 349 
1865 803 1077 1076 
1866 674 1070 969 
1867 981 1075 612 
1868 823 1069 792 
1869 441 1083 1081 
1870 1072 1074 799 
1871 920 1070 674 
1872 572 1073 609 
1873 798 1072 799 
1874 836 1079 379 
1875 347 794 348 
1876 348 349 346 
1877 799 1074 801 
1878 803 1078 804 
1879 347 1071 794 
1880 469 1076 492 
1881 540 1072 981 
1882 609 1073 725 
1883 612 1075 821 
1884 821 1075 795 
1885 920 1084 1070 
1886 540 1074 1072 
1887 492 1077 980 
1888 980 1074 540 
1889 795 1075 798 
1890 498 1080 1078 
1891 812 1085 817 
1892 807 1080 809 
1893 498 1076 469 
1894 441 1081 442 
1895 1070 1083 969 
1896 1076 1078 803 
1897 1081 1082 445 
1898 801 1077 803 
1899 813 1083 1070 
1900 382 1079 511 
1901 347 348 346 
1902 804 1078 807 
1903 813 1084 810 
1904 980 1077 1074 
1905 1074 1077 801 
1906 1070 1084 813 
1907 459 1082 498 
1908 814 1082 1081 
1909 445 1082 459 
1910 817 1079 836 
1911 809 1080 814 
1912 498 1078 1076 
1913 442 1081 445 
1914 969 1083 441 
1915 498 1082 1080 
1916 810 1084 812 
1917 1079 1085 511 
1918 817 1085 1079 
1919 511 1085 920 
1920 1080 1082 814 
1921 344 347 346 
1922 344 346 345 
1923 344 345 342 
1924 343 793 344 
1925 343 1086 793 
1926 343 344 342 
1927 644 1087 642 
1928 1087 1088 703 
1929 642 1087 703 
1930 340 343 342 
1931 341 788 754 
1932 342 790 341 
1933 341 754 339 
1934 340 342 341 
1935 338 789 340 
1936 340 341 339 
1937 338 340 339 
1938 98 1175 852 
1939 929 1089 764 
1940 852 1184 98 
1941 780 1090 718 
1942 720 1090 972 
1943 338 339 319 
1944 337 753 338 
1945 754 1093 339 
1946 784 1089 929 
1947 829 1162 1122 
1948 319 1093 87 
1949 87 1093 86 
1950 758 1091 986 
1951 772 1092 946 
1952 718 1090 720 
1953 708 1098 791 
1954 760 1095 761 
1955 881 1095 885 
1956 1095 1164 885 
1957 1022 1096 707 
1958 703 1099 999 
1959 334 1108 1092 
1960 1102 1178 891 
1961 54 1168 783 
1962 66 1094 65 
1963 310 1094 66 
1964 755 1182 756 
1965 746 1123 704 
1966 757 1091 758 
1967 946 1092 722 
1968 785 1140 317 
1969 834 1126 781 
1970 1099 1145 999 
1971 339 1093 319 
1972 1096 1097 708 
1973 783 1189 54 
1974 331 1133 1104 
1975 873 1159 318 
1976 321 1164 1095 
1977 751 1130 714 
1978 761 1095 881 
1979 1009 1113 328 
1980 1098 1153 791 
1981 943 1131 712 
1982 924 1147 1137 
1983 1097 1098 708 
1984 1110 1173 1146 
1985 337 338 319 
1986 1110 1146 336 
1987 707 1096 708 
1988 1088 1099 703 
1989 888 1160 1022 
1990 1025 1133 1026 
1991 853 1138 323 
1992 307 1145 1099 
1993 846 1138 853 
1994 852 1138 848 
1995 715 1139 834 
1996 1087 1142 1088 
1997 873 1142 874 
1998 716 1145 762 
1999 49 1102 48 
2000 52 1103 51 
2001 93 1104 92 
2002 41 1117 311 
2003 9 1108 8 
2004 331 1104 93 
2005 325 1105 81 
2006 315 1103 52 
2007 59 1110 58 
2008 8 1108 334 
2009 304 1108 9 
2010 11 1107 10 
2011 56 1111 322 
2012 42 1117 41 
2013 30 1122 29 
2014 58 1110 336 
2015 29 1122 316 
2016 32 1114 332 
2017 335 1107 11 
2018 92 1119 91 
2019 57 1111 56 
2020 96 1112 95 
2021 303 1110 59 
2022 81 1105 80 
2023 34 1116 33 
2024 48 1101 47 
2025 305 1112 96 
2026 47 1101 306 
2027 50 1115 324 
2028 43 1118 42 
2029 13 1113 12 
2030 10 1107 304 
2031 16 1106 15 
2032 33 1114 32 
2033 313 1106 16 
2034 302 1116 34 
2035 336 1111 57 
2036 51 1115 50 
2037 79 1120 312 
2038 95 1109 94 
2039 91 1119 309 
2040 329 1118 43 
2041 88 337 319 
2042 328 1113 13 
2043 94 1109 331 
2044 324 1102 49 
2045 80 1120 79 
2046 12 1113 335 
2047 89 337 88 
2048 31 1121 30 
2049 332 1121 31 
2050 1065 1146 745 
2051 923 1141 746 
2052 20 1124 330 
2053 301 1153 1098 
2054 45 1125 44 
2055 704 1123 909 
2056 899 1135 721 
2057 21 1124 20 
2058 788 1153 754 
2059 1091 1107 335 
2060 786 1161 755 
2061 883 1154 884 
2062 44 1125 329 
2063 19 1127 18 
2064 767 1157 765 
2065 781 1126 782 
2066 308 1128 22 
2067 723 1135 1115 
2068 85 1129 301 
2069 850 1174 305 
2070 330 1127 19 
2071 754 1129 1093 
2072 86 1129 85 
2073 328 1188 1009 
2074 22 1128 21 
2075 749 1171 1063 
2076 1121 1177 829 
2077 851 1174 850 
2078 309 1134 90 
2079 773 1166 1094 
2080 722 1156 757 
2081 908 1191 897 
2082 714 1130 717 
2083 1009 1188 777 
2084 305 1184 850 
2085 37 1137 36 
2086 1026 1181 1056 
2087 337 1134 753 
2088 769 1136 891 
2089 317 1140 63 
2090 62 1140 333 
2091 1091 1180 986 
2092 306 1143 46 
2093 850 1184 852 
2094 48 1102 1101 
2095 42 1118 1117 
2096 1121 1122 30 
2097 95 1112 1109 
2098 1104 1119 92 
2099 1103 1115 51 
2100 1105 1120 80 
2101 33 1116 1114 
2102 36 1147 35 
2103 14 1148 328 
2104 27 1149 26 
2105 768 1136 769 
2106 333 1150 61 
2107 60 1150 303 
2108 907 1169 747 
2109 1093 1129 86 
2110 783 1194 752 
2111 712 1131 748 
2112 38 1151 326 
2113 78 1152 77 
2114 71 1155 70 
2115 768 1193 1136 
2116 1124 1131 330 
2117 1089 1150 333 
2118 1123 1151 909 
2119 748 1131 1124 
2120 1114 1130 332 
2121 943 1144 1131 
2122 74 1158 73 
2123 318 1159 69 
2124 21 1128 1124 
2125 1124 1128 748 
2126 335 1180 1091 
2127 309 1161 1134 
2128 104 1163 103 
2129 77 1164 76 
2130 23 1165 308 
2131 310 1185 872 
2132 64 1166 317 
2133 5 1167 104 
2134 756 1133 1025 
2135 55 1168 54 
2136 311 1170 40 
2137 75 1172 74 
2138 721 1135 723 
2139 99 1175 98 
2140 316 1162 971 
2141 751 1177 1130 
2142 779 1144 943 
2143 90 1134 89 
2144 899 1178 1135 
2145 301 1179 84 
2146 308 1139 1128 
2147 98 1184 97 
2148 67 1185 310 
2149 28 1186 27 
2150 314 1192 102 
2151 327 1190 25 
2152 54 1189 53 
2153 776 1148 1106 
2154 1151 1170 909 
2155 1145 1158 762 
2156 89 1134 337 
2157 1136 1193 306 
2158 1108 1156 1092 
2159 784 1173 303 
2160 45 1143 1125 
2161 1090 1149 972 
2162 326 1137 37 
2163 924 1141 923 
2164 1128 1139 748 
2165 1125 1143 770 
2166 830 1162 829 
2167 848 1138 846 
2168 748 1139 715 
2169 63 1140 62 
2170 907 1187 1169 
2171 1106 1148 15 
2172 1120 1154 312 
2173 874 1142 1087 
2174 326 1151 1123 
2175 1097 1179 1098 
2176 46 1143 45 
2177 1088 1132 1099 
2178 327 1149 1090 
2179 1134 1161 753 
2180 999 1145 716 
2181 1098 1179 301 
2182 745 1146 744 
2183 971 1162 830 
2184 35 1147 302 
2185 15 1148 14 
2186 26 1149 327 
2187 308 1165 1126 
2188 1094 1166 65 
2189 311 1191 1170 
2190 61 1150 60 
2191 753 1161 786 
2192 1028 1183 771 
2193 1161 1182 755 
2194 39 1151 38 
2195 312 1152 78 
2196 717 1187 907 
2197 791 1153 788 
2198 852 1175 1138 
2199 884 1154 888 
2200 1115 1135 324 
2201 1132 1155 71 
2202 70 1155 318 
2203 1101 1136 306 
2204 854 1157 767 
2205 1131 1144 330 
2206 1130 1177 332 
2207 766 1176 1029 
2208 765 1176 766 
2209 1126 1165 782 
2210 1168 1194 783 
2211 330 1144 1127 
2212 1146 1173 744 
2213 1092 1156 722 
2214 1135 1178 324 
2215 829 1177 751 
2216 891 1178 899 
2217 73 1158 307 
2218 69 1159 68 
2219 1022 1160 1096 
2220 1112 1174 1056 
2221 1088 1155 1132 
2222 1133 1181 1026 
2223 103 1163 314 
2224 1118 1171 750 
2225 76 1164 321 
2226 1165 1190 782 
2227 329 1171 1118 
2228 747 1169 924 
2229 1029 1183 1028 
2230 24 1165 23 
2231 65 1166 64 
2232 1157 1192 314 
2233 320 1167 5 
2234 101 1192 854 
2235 322 1168 55 
2236 1096 1160 325 
2237 40 1170 39 
2238 750 1171 749 
2239 304 1156 1108 
2240 321 1172 75 
2241 1137 1141 924 
2242 744 1173 784 
2243 325 1160 1105 
2244 1056 1174 851 
2245 326 1141 1137 
2246 307 1158 1145 
2247 323 1175 99 
2248 986 1180 1009 
2249 39 1170 1151 
2250 787 1194 322 
2251 84 1179 83 
2252 97 1184 305 
2253 1122 1162 316 
2254 68 1185 67 
2255 316 1186 28 
2256 1169 1187 302 
2257 1170 1191 909 
2258 1159 1185 68 
2259 777 1188 776 
2260 752 1194 787 
2261 53 1189 315 
2262 770 1193 768 
2263 25 1190 24 
2264 909 1191 908 
2265 102 1192 101 
2266 303 1173 1110 
2267 1009 1180 1113 
2268 1148 1188 328 
2269 1138 1175 323 
2270 305 1174 1112 
2271 24 1190 1165 
2272 331 1181 1133 
2273 332 1177 1121 
2274 324 1178 1102 
2275 1113 1180 335 
2276 1109 1181 331 
2277 1119 1182 309 
2278 1029 1176 1163 
2279 924 1169 1147 
2280 306 1193 1143 
2281 302 1187 1116 
2282 1147 1169 302 
2283 309 1182 1161 
2284 1167 1183 1029 
2285 776 1188 1148 
2286 854 1192 1157 
2287 1163 1176 314 
2288 1143 1193 770 
2289 320 1183 1167 
2290 322 1194 1168 
2 3 2 9106
2291 1330 4437 3846 
2292 2909 3541 2906 
2293 1345 4414 1347 
2294 2685 4161 4160 
2295 2040 4149 4143 
2296 1228 3487 3485 
2297 3604 4351 1302 
2298 3686 4515 3267 
2299 4288 5197 4287 
2300 3770 5313 3738 
2301 264 4352 263 
2302 1261 4456 4436 
2303 1930 4831 3627 
2304 1921 5325 1923 
2305 4066 4453 2993 
2306 3536 3826 1695 
2307 2722 4083 4082 
2308 3563 3686 3267 
2309 1290 3996 3643 
2310 4334 5325 1921 
2311 1285 3793 3490 
2312 4422 4824 3035 
2313 4776 5405 4541 
2314 3212 4776 4541 
2315 3242 4218 4032 
2316 1800 4815 2188 
2317 2188 4815 4238 
2318 4100 4818 2882 
2319 2662 3769 2702 
2320 2742 3563 3267 
2321 2882 4853 4842 
2322 4079 5224 4081 
2323 4032 4764 3242 
2324 3536 4093 3122 
2325 1519 4474 1517 
2326 2722 4084 4083 
2327 1919 5306 1921 
2328 3627 4834 1930 
2329 2790 3554 3320 
2330 4160 4318 2685 
2331 2133 4318 2043 
2332 2980 4682 3614 
2333 3503 3838 1806 
2334 1695 3826 1390 
2335 5060 5154 3392 
2336 2680 4110 3931 
2337 4842 4853 4103 
2338 2882 4842 4100 
2339 1337 3764 1335 
2340 2863 4339 2861 
2341 4081 5224 1638 
2342 1921 5306 4334 
2343 2844 3769 2662 
2344 3485 3667 1228 
2345 3444 3851 3819 
2346 3251 4351 3604 
2347 3738 3944 3770 
2348 99 3785 100 
2349 4992 5181 4632 
2350 1281 3803 3572 
2351 3496 3809 1222 
2352 2742 3695 3563 
2353 4214 4408 3509 
2354 3668 4992 2954 
2355 4283 5154 5060 
2356 3715 3716 1207 
2357 3523 3524 1718 
2358 3814 5114 3262 
2359 2907 3540 3539 
2360 4376 4620 4137 
2361 1695 4093 3536 
2362 4044 5580 3799 
2363 3447 4949 4300 
2364 3819 3851 1201 
2365 2969 3676 3511 
2366 2889 3695 2742 
2367 3913 4981 3887 
2368 1303 4620 4376 
2369 1716 5478 3476 
2370 4300 5071 3447 
2371 4632 5181 2503 
2372 3474 4110 2680 
2373 3759 4044 3799 
2374 3068 4036 2731 
2375 4000 5470 1506 
2376 4800 4813 3517 
2377 2723 4082 2855 
2378 3249 3623 2808 
2379 3511 3641 2969 
2380 2909 3626 3541 
2381 3916 4786 2970 
2382 2264 5197 4288 
2383 3537 5444 4273 
2384 3452 3828 1282 
2385 263 4352 1217 
2386 3913 3915 2184 
2387 3710 3750 3709 
2388 1218 5353 3519 
2389 3890 3942 2397 
2390 3795 3796 3102 
2391 1345 4650 4414 
2392 3893 4758 4029 
2393 1504 4000 1506 
2394 141 5097 140 
2395 4436 4456 3596 
2396 1717 3525 1736 
2397 3620 4972 2387 
2398 3517 4813 4027 
2399 4872 5313 1268 
2400 2732 5576 4080 
2401 2970 4786 4039 
2402 3985 3987 2539 
2403 1562 4751 4732 
2404 4179 4180 2847 
2405 3915 4717 2184 
2406 4352 5271 5045 
2407 4352 5045 1217 
2408 4523 5334 4246 
2409 4846 5106 4713 
2410 3522 5101 4973 
2411 3476 3852 1716 
2412 4174 5557 2856 
2413 1312 4589 3645 
2414 4392 4859 1579 
2415 2968 3641 3431 
2416 3613 4167 1242 
2417 3519 4557 1218 
2418 4138 4518 1231 
2419 2847 4181 4179 
2420 3023 4310 3158 
2421 1806 3838 1349 
2422 2857 4494 4110 
2423 1562 4732 4028 
2424 3710 5367 3750 
2425 2732 4080 3146 
2426 3122 5383 3536 
2427 3004 4708 3494 
2428 4576 5070 4087 
2429 1722 5334 4523 
2430 2387 4968 3620 
2431 3904 4029 2418 
2432 5080 5444 3414 
2433 3483 5562 4411 
2434 3526 3629 1246 
2435 1231 4615 4138 
2436 2969 3641 2968 
2437 3640 5353 2992 
2438 4057 4058 2391 
2439 4973 5101 1699 
2440 1806 4413 3503 
2441 1246 3678 3526 
2442 3238 3917 3661 
2443 3742 5313 4872 
2444 4110 4969 2857 
2445 2689 5337 5310 
2446 2418 4745 3904 
2447 4745 4851 4041 
2448 3661 3917 3445 
2449 3674 4419 3293 
2450 4949 5348 3124 
2451 4391 4392 1579 
2452 2040 4150 4149 
2453 3447 5348 4949 
2454 1245 4152 3618 
2455 4920 4936 4074 
2456 3645 4589 3628 
2457 3614 4682 2226 
2458 2060 3893 3891 
2459 4071 4072 1311 
2460 2587 3635 3631 
2461 4152 4153 3618 
2462 2188 4408 4214 
2463 2993 5519 4066 
2464 2808 3623 3566 
2465 1207 5014 3715 
2466 4057 4712 3018 
2467 3924 5511 4975 
2468 4139 4620 1303 
2469 1310 4648 4578 
2470 4019 4832 2510 
2471 1296 5131 3512 
2472 3445 5504 3661 
2473 4805 4834 3836 
2474 2510 4830 4019 
2475 3551 5137 3449 
2476 2379 4151 4142 
2477 2539 3995 3985 
2478 3772 4205 3774 
2479 3831 5038 3489 
2480 4150 4731 4134 
2481 2184 4981 3913 
2482 4238 5565 3100 
2483 2992 5353 3529 
2484 1201 3851 3555 
2485 1930 4834 4805 
2486 2953 3681 3510 
2487 4029 4758 2418 
2488 3904 4745 4041 
2489 4394 4995 4203 
2490 3727 4551 3725 
2491 2856 5557 2857 
2492 3449 5137 5117 
2493 3510 3833 2953 
2494 3936 4859 3181 
2495 3029 4718 4244 
2496 4273 4607 3537 
2497 3777 5196 2604 
2498 1718 4173 3523 
2499 1784 4515 3686 
2500 3657 4254 1297 
2501 1303 5549 4139 
2502 3610 5586 3151 
2503 2821 3688 3283 
2504 5363 5396 3378 
2505 4058 4681 2391 
2506 2570 4689 4243 
2507 2407 4889 4880 
2508 4074 4936 2341 
2509 2268 5114 3814 
2510 4731 5455 4134 
2511 4168 5396 5363 
2512 1502 5104 1504 
2513 2386 5159 4341 
2514 1282 5205 3452 
2515 4336 4337 1329 
2516 1699 3963 3961 
2517 4880 4889 4035 
2518 3923 5511 3924 
2519 3539 3615 2907 
2520 3599 4198 1548 
2521 3512 5062 1296 
2522 1541 4419 3674 
2523 3151 5586 3622 
2524 4838 5234 3182 
2525 1961 4495 1980 
2526 5310 5337 3469 
2527 4072 4812 1311 
2528 2567 5187 3783 
2529 1330 4869 4437 
2530 3413 5080 3414 
2531 4397 4529 4398 
2532 3799 3877 3759 
2533 4178 5067 4180 
2534 2060 4758 3893 
2535 2129 4322 4262 
2536 3029 4244 4243 
2537 3535 3695 2889 
2538 4777 5008 3362 
2539 1299 4182 4181 
2540 3733 3944 3735 
2541 4322 4656 4142 
2542 3566 3623 3087 
2543 3005 3609 2704 
2544 1674 4173 1698 
2545 3137 5070 4576 
2546 3530 4467 2365 
2547 4986 5217 5013 
2548 3713 3921 2517 
2549 3554 5322 3320 
2550 2914 4389 4388 
2551 4109 5180 4091 
2552 1268 5313 3770 
2553 4265 5145 2503 
2554 140 5097 4147 
2555 4510 5409 2934 
2556 4056 4965 1665 
2557 1877 4704 1847 
2558 3463 5086 1998 
2559 3520 5155 3522 
2560 1390 3826 1392 
2561 3879 4623 2136 
2562 1998 5043 3463 
2563 1305 4477 4207 
2564 4411 5539 3483 
2565 3789 5450 4001 
2566 4005 4682 2982 
2567 4142 4656 2379 
2568 4578 4648 3532 
2569 1215 3569 3567 
2570 277 3678 276 
2571 1305 5422 4477 
2572 4424 4824 4422 
2573 3663 3664 1227 
2574 3787 3788 3003 
2575 3498 3809 3496 
2576 3603 4968 2387 
2577 2906 3541 2907 
2578 3522 5155 5101 
2579 3641 3997 3431 
2580 3363 4445 3362 
2581 3523 4174 2856 
2582 3494 5515 3004 
2583 3574 4623 3879 
2584 2387 4997 3603 
2585 4141 4772 4262 
2586 2308 4311 2550 
2587 4341 5159 3619 
2588 4141 4898 4772 
2589 2726 5146 4865 
2590 4545 5102 5074 
2591 2587 3647 3635 
2592 4072 5077 4812 
2593 2331 4676 4359 
2594 3688 3996 3283 
2595 1244 3643 3642 
2596 2934 5438 4510 
2597 2861 4339 3294 
2598 4267 5234 4838 
2599 2990 5008 4777 
2600 2503 5181 4265 
2601 3474 5428 2814 
2602 3562 5139 5094 
2603 3250 4680 4028 
2604 2814 4969 3474 
2605 3942 3943 2397 
2606 3296 5324 4416 
2607 3290 5576 2732 
2608 4359 4676 3279 
2609 2313 5038 3831 
2610 3567 3628 1215 
2611 2391 4712 4057 
2612 2401 4894 4836 
2613 3670 4992 3668 
2614 2797 5234 3646 
2615 4143 4495 2040 
2616 4830 5069 3683 
2617 3788 3789 3003 
2618 2102 4795 4027 
2619 2244 4163 2175 
2620 100 3785 1208 
2621 3664 3665 1227 
2622 2728 4488 4144 
2623 2293 4464 4450 
2624 3655 3805 3654 
2625 2896 4413 2895 
2626 2475 3764 1337 
2627 3087 3624 3566 
2628 1217 5045 4073 
2629 2059 4898 4141 
2630 3643 5144 1290 
2631 1335 3764 3653 
2632 3658 4254 3657 
2633 2726 4865 3093 
2634 3389 4910 4820 
2635 1655 4929 1706 
2636 4262 4772 2129 
2637 1326 4436 3596 
2638 4812 5077 1254 
2639 3715 5014 1278 
2640 3010 5272 3548 
2641 3555 4259 1201 
2642 4141 4987 2059 
2643 3498 4321 3809 
2644 3547 5374 2519 
2645 3654 3805 1277 
2646 1734 4085 1749 
2647 2129 4656 4322 
2648 4450 4464 4354 
2649 3432 4860 1235 
2650 3962 4894 2401 
2651 1349 3838 1352 
2652 2907 3541 3540 
2653 5094 5139 2600 
2654 4836 4894 3953 
2655 4332 4365 2656 
2656 3100 4408 4238 
2657 3793 3920 3490 
2658 1862 3995 2539 
2659 4416 5126 3296 
2660 108 4338 107 
2661 3789 4001 3003 
2662 4017 5129 3502 
2663 2510 5069 4830 
2664 2307 4313 4312 
2665 1392 4921 1395 
2666 3846 5202 1330 
2667 2365 4521 3530 
2668 3181 5083 3936 
2669 3796 3797 3102 
2670 3611 3932 3829 
2671 3181 4859 4392 
2672 1860 3995 1862 
2673 4218 5036 2127 
2674 1235 5363 3432 
2675 1324 4338 3542 
2676 1329 4868 4336 
2677 4820 4910 3071 
2678 2982 5292 4005 
2679 1504 5104 4000 
2680 1347 4414 1806 
2681 2194 4856 4041 
2682 2043 4318 2562 
2683 4397 5358 4529 
2684 1442 3963 1699 
2685 1718 3525 1717 
2686 1440 3963 1442 
2687 3613 5138 4167 
2688 3448 5524 4040 
2689 4172 5125 3336 
2690 3638 4184 2635 
2691 4867 5304 4441 
2692 2726 4310 3556 
2693 3035 5253 4422 
2694 3546 5092 4314 
2695 3218 5449 4737 
2696 2560 4291 3976 
2697 2519 5054 3547 
2698 4243 4689 3029 
2699 4138 4627 4518 
2700 3005 3610 3609 
2701 4040 5530 3448 
2702 3525 4995 4394 
2703 4445 4777 3362 
2704 3450 4534 4373 
2705 4099 4793 4100 
2706 3445 5485 3429 
2707 4793 4818 4100 
2708 1239 4578 3532 
2709 1278 5367 3715 
2710 3976 4291 3977 
2711 3682 3683 2661 
2712 1686 4474 1519 
2713 4235 5565 4238 
2714 1280 3785 99 
2715 3648 3800 1209 
2716 2030 4084 2036 
2717 1399 5222 4861 
2718 3629 4613 1246 
2719 4351 4352 264 
2720 2982 4682 2980 
2721 4028 4732 3250 
2722 1541 4916 1542 
2723 3102 5376 3795 
2724 2685 4318 2133 
2725 4310 4311 3158 
2726 3784 4205 3772 
2727 4074 4844 3311 
2728 2855 4082 4080 
2729 2604 5189 3777 
2730 3873 5187 2567 
2731 4518 4627 1306 
2732 4027 4813 2102 
2733 2570 4243 4242 
2734 3594 5132 5088 
2735 4332 4366 4365 
2736 3750 5367 1278 
2737 3709 3750 1203 
2738 3653 3763 1263 
2739 2602 4453 4066 
2740 2659 4535 4451 
2741 3542 4336 1324 
2742 2425 5042 3590 
2743 4314 5090 3546 
2744 2635 4184 2432 
2745 4474 5516 1517 
2746 2406 5063 4980 
2747 1632 5180 4109 
2748 4802 4844 1693 
2749 3240 3917 3238 
2750 5194 5275 3434 
2751 4109 5258 2398 
2752 4907 5025 2380 
2753 4162 4254 3658 
2754 3961 4973 1699 
2755 2378 5275 5194 
2756 3975 4804 4716 
2757 2398 5245 4109 
2758 4924 4964 4200 
2759 4054 4057 3018 
2760 4737 5166 3218 
2761 3932 5122 3829 
2762 3695 4036 3068 
2763 4200 4810 3266 
2764 3182 5234 2797 
2765 3463 5043 4202 
2766 3939 4993 4909 
2767 2722 4082 2723 
2768 2731 4036 2935 
2769 3548 5394 3010 
2770 3296 5126 4270 
2771 2401 5023 3962 
2772 3590 5029 2425 
2773 3429 5504 3445 
2774 3249 3677 3623 
2775 2307 4312 4311 
2776 3778 3780 1280 
2777 4797 5148 1270 
2778 3311 4844 4802 
2779 4289 4950 4295 
2780 4258 4847 4257 
2781 2812 4964 4924 
2782 2019 4810 4200 
2783 3542 4339 2863 
2784 4302 5433 2238 
2785 4354 5108 3407 
2786 3826 4921 1392 
2787 2438 5147 4056 
2788 5088 5132 2508 
2789 3518 4847 4258 
2790 1706 4929 3748 
2791 1549 4605 1546 
2792 2385 5329 5311 
2793 3691 5288 1251 
2794 5003 5211 3706 
2795 3556 4310 3023 
2796 4144 4489 2728 
2797 4877 5225 3197 
2798 4202 5035 3463 
2799 3234 5188 3521 
2800 2226 4479 3614 
2801 4716 4804 1574 
2802 4180 5067 2716 
2803 4056 5185 2438 
2804 3559 5350 1234 
2805 1234 5175 3559 
2806 3672 4438 1260 
2807 3609 3610 3151 
2808 3422 5267 5215 
2809 4041 4851 2194 
2810 4270 5240 3296 
2811 2106 4406 3595 
2812 3769 4269 2702 
2813 3978 5025 4907 
2814 2238 5484 4302 
2815 3565 4624 1771 
2816 4031 4984 1702 
2817 3674 4916 1541 
2818 3875 3944 3733 
2819 4090 5123 5100 
2820 2614 5022 4989 
2821 3570 5201 3070 
2822 3528 4967 4966 
2823 4966 4967 2390 
2824 1574 4804 3978 
2825 5141 5199 4045 
2826 5311 5329 4063 
2827 3490 5362 1285 
2828 4089 4605 2383 
2829 3825 4014 3812 
2830 1423 5441 3564 
2831 4430 5235 5163 
2832 3572 5332 1281 
2833 3521 5188 5168 
2834 4680 4752 2164 
2835 2531 5305 4738 
2836 2948 4014 2677 
2837 3311 4920 4074 
2838 3777 5189 3776 
2839 1464 3684 1461 
2840 3673 5261 5228 
2841 1516 5548 3911 
2842 4099 4769 3105 
2843 5074 5102 3012 
2844 3997 5325 3431 
2845 4273 5444 1225 
2846 3911 5536 1516 
2847 4795 4822 3830 
2848 5215 5267 2462 
2849 3597 5459 3007 
2850 3678 5388 3366 
2851 1539 4197 3652 
2852 3564 5111 1423 
2853 2416 4493 2413 
2854 2636 5401 3776 
2855 3607 5435 5339 
2856 3617 4170 1236 
2857 1222 5364 3496 
2858 4988 5060 3391 
2859 3725 4551 3747 
2860 3735 3944 3738 
2861 4989 5022 4146 
2862 3242 5036 4218 
2863 4737 5542 3426 
2864 4168 5363 1235 
2865 4145 4509 1306 
2866 2102 4822 4795 
2867 1657 4457 1659 
2868 3525 4394 1736 
2869 4064 4069 2602 
2870 2483 5141 4045 
2871 3776 5283 2636 
2872 4988 5203 2701 
2873 3627 4892 3626 
2874 3419 4871 3418 
2875 3476 5478 3478 
2876 4031 5423 4984 
2877 4073 5381 1217 
2878 2602 4066 4064 
2879 3524 3525 1718 
2880 1307 5129 4017 
2881 4198 4219 1548 
2882 1352 5000 1354 
2883 2195 5297 5117 
2884 4202 4964 2812 
2885 3642 3644 1244 
2886 3526 3678 3366 
2887 5163 5235 2329 
2888 3556 5146 2726 
2889 3596 4437 1326 
2890 5284 5289 3443 
2891 3960 5106 4846 
2892 3796 3926 3797 
2893 5189 5283 3776 
2894 2383 5590 4089 
2895 5228 5261 2160 
2896 1289 4154 4153 
2897 276 3678 1246 
2898 4861 5222 3531 
2899 1287 3678 277 
2900 2175 4163 2685 
2901 2904 3615 2347 
2902 4055 4965 4056 
2903 3530 4521 3531 
2904 2243 4024 2589 
2905 3426 5166 4737 
2906 3768 3817 3816 
2907 1459 4481 1455 
2908 2638 4511 3954 
2909 3250 4752 4680 
2910 3460 5157 4011 
2911 3000 5435 3607 
2912 4238 4408 2188 
2913 4831 4892 3627 
2914 4909 4993 3601 
2915 1771 4738 3565 
2916 2358 4173 1674 
2917 1548 4605 3599 
2918 2790 4455 3554 
2919 3292 4814 4103 
2920 3811 4014 2948 
2921 4066 5519 4067 
2922 2307 4311 2308 
2923 3609 3856 2704 
2924 3509 4408 3099 
2925 3657 4613 3629 
2926 2587 4790 2585 
2927 3391 5060 3392 
2928 1239 5020 3533 
2929 3654 4321 3498 
2930 3780 3785 1280 
2931 3292 4841 4814 
2932 1657 5597 4457 
2933 3696 4005 3304 
2934 4392 5338 3181 
2935 3954 4076 2638 
2936 4814 4841 2290 
2937 3532 5020 1239 
2938 3533 5213 1239 
2939 3183 4838 3182 
2940 4435 4943 1257 
2941 3070 5322 3570 
2942 2096 5270 5042 
2943 3726 3875 3728 
2944 1289 4153 4152 
2945 2939 4953 4708 
2946 3210 5063 2406 
2947 2240 4005 3696 
2948 1683 5155 3520 
2949 3803 4621 3572 
2950 3510 4669 3833 
2951 2693 4493 4372 
2952 1325 5304 4867 
2953 2685 4163 4161 
2954 3978 4907 1574 
2955 4918 4919 1687 
2956 2948 3926 3811 
2957 2143 5003 3708 
2958 3808 5016 3277 
2959 3551 5340 5137 
2960 2550 4311 4310 
2961 181 4155 180 
2962 3269 4753 4624 
2963 2478 4353 3873 
2964 1845 3943 1835 
2965 5042 5270 3590 
2966 3433 3676 2969 
2967 3918 4878 3919 
2968 3838 5000 1352 
2969 3595 4768 2106 
2970 3756 3877 3754 
2971 4373 4534 4372 
2972 5137 5340 1405 
2973 3860 3863 3862 
2974 4372 4534 2693 
2975 3853 4093 1695 
2976 3683 4481 2661 
2977 3560 4918 2341 
2978 4908 4934 3870 
2979 3105 4793 4099 
2980 3007 5572 3597 
2981 2698 4014 3825 
2982 4871 5375 3418 
2983 3864 4676 2331 
2984 4058 5147 2438 
2985 3593 4840 1199 
2986 3560 4919 4918 
2987 3670 4912 3345 
2988 2332 3864 2331 
2989 1693 4603 3660 
2990 3728 3875 3733 
2991 4739 4769 4256 
2992 1228 4884 3487 
2993 4196 4197 1543 
2994 1659 4961 1661 
2995 1749 4085 1804 
2996 3240 4897 3917 
2997 2603 4412 2403 
2998 4521 4861 3531 
2999 4181 4182 4179 
3000 2194 4948 4856 
3001 3774 4205 3777 
3002 1295 5061 4267 
3003 4331 4455 2991 
3004 215 5561 3545 
3005 2890 4393 2892 
3006 5117 5297 3449 
3007 3545 4977 215 
3008 3512 5461 5062 
3009 4790 5592 2585 
3010 2040 4495 1961 
3011 1949 5241 4244 
3012 4001 5450 2635 
3013 5246 5273 3286 
3014 4856 4948 3908 
3015 2895 4413 3313 
3016 3183 5237 4838 
3017 3105 4769 4739 
3018 2425 4985 3879 
3019 3002 3787 3003 
3020 5370 5559 3558 
3021 1664 4681 1660 
3022 3919 4878 3111 
3023 2026 3647 2583 
3024 5004 5056 4297 
3025 3592 4205 3784 
3026 2397 4704 3890 
3027 3645 4569 1312 
3028 4304 5257 2826 
3029 3653 3764 3763 
3030 2132 4934 4908 
3031 2397 3943 1845 
3032 3561 5389 1284 
3033 4974 5078 3295 
3034 4073 5045 3843 
3035 4624 4753 1771 
3036 5062 5461 1230 
3037 1980 4495 2379 
3038 3797 3926 2948 
3039 1263 4002 3653 
3040 4244 5226 1949 
3041 1306 4627 4145 
3042 3747 3867 3866 
3043 3475 4260 3240 
3044 4003 5273 5246 
3045 159 5120 3600 
3046 3520 5221 1683 
3047 1698 4173 1718 
3048 238 5080 4782 
3049 1798 4815 1800 
3050 2036 4084 2722 
3051 2396 4574 3975 
3052 4670 4798 4671 
3053 3002 4646 3787 
3054 4011 5365 3460 
3055 2496 4347 3888 
3056 3605 5242 1299 
3057 4260 4897 3240 
3058 2390 4967 3603 
3059 3759 3877 3756 
3060 4023 4024 2243 
3061 4103 4853 3292 
3062 4195 4219 4198 
3063 1241 4155 181 
3064 3762 5236 4272 
3065 5030 5085 3372 
3066 1297 4613 3657 
3067 2907 3615 2904 
3068 2158 5089 4610 
3069 4242 4245 2570 
3070 3546 5090 2299 
3071 1261 5531 4456 
3072 4295 4950 2785 
3073 3348 5225 4877 
3074 5052 5198 4475 
3075 2438 5207 4058 
3076 3658 4925 4162 
3077 1224 3670 3668 
3078 4411 5562 2799 
3079 3651 3815 1264 
3080 4038 4730 4406 
3081 3648 5103 3800 
3082 3134 3667 3485 
3083 2899 5289 5284 
3084 1280 3967 3778 
3085 2379 4495 4151 
3086 3315 4938 4431 
3087 3338 5178 4854 
3088 3473 3667 3134 
3089 2919 3856 2931 
3090 2403 4412 2613 
3091 1259 4338 108 
3092 107 4338 1324 
3093 1299 5249 3605 
3094 4378 4843 4774 
3095 2812 5035 4202 
3096 2744 4999 3010 
3097 2312 4092 2670 
3098 2060 4704 1877 
3099 2109 5076 4911 
3100 1440 4324 3963 
3101 2425 5029 4985 
3102 1212 5135 3824 
3103 4061 4069 4064 
3104 5157 5321 1676 
3105 2204 4876 4584 
3106 1203 3751 3709 
3107 3833 4669 3928 
3108 1264 5369 3651 
3109 4061 4105 4069 
3110 2589 4024 2775 
3111 1860 4355 3995 
3112 3608 4839 1671 
3113 5120 5288 3534 
3114 4713 5106 2172 
3115 2230 4023 2243 
3116 1277 4321 3654 
3117 1284 5103 3561 
3118 3600 5420 159 
3119 3730 4551 3727 
3120 5280 5431 3093 
3121 3559 5175 1309 
3122 3887 4981 3943 
3123 3817 5588 3922 
3124 1290 5138 3996 
3125 1963 5056 5004 
3126 5009 5039 2557 
3127 3406 5001 3358 
3128 4035 4798 1465 
3129 3679 4486 1298 
3130 3829 5122 1279 
3131 3994 4474 1686 
3132 1847 4704 2397 
3133 3018 4096 4054 
3134 3708 5436 2143 
3135 4241 5241 1949 
3136 3410 5422 4782 
3137 2954 4992 4632 
3138 4385 4982 4930 
3139 4930 4982 3177 
3140 1227 4696 3663 
3141 1543 4197 1540 
3142 3176 4797 3544 
3143 4205 5196 3777 
3144 5248 5263 3381 
3145 1313 3690 3689 
3146 2826 5361 4304 
3147 3659 4639 1807 
3148 4030 5540 5390 
3149 1302 4858 3604 
3150 1244 5144 3643 
3151 1309 4358 4284 
3152 3316 4998 4945 
3153 1783 3861 3291 
3154 1199 5532 3593 
3155 3562 5094 2593 
3156 3891 4704 2060 
3157 2583 3647 2587 
3158 2341 4936 3560 
3159 2517 5034 3713 
3160 1367 4245 1370 
3161 3594 5088 2604 
3162 4283 5060 4285 
3163 1461 3684 2661 
3164 2432 4184 2430 
3165 4012 4746 3953 
3166 4272 5286 3762 
3167 2572 4213 4022 
3168 3620 4934 2132 
3169 3037 5320 5238 
3170 2677 4014 2698 
3171 189 5486 3669 
3172 4464 5108 4354 
3173 3391 5203 4988 
3174 3225 5085 5030 
3175 2826 5257 4306 
3176 286 4358 1309 
3177 3336 5161 4172 
3178 5099 5127 4540 
3179 3601 4993 1901 
3180 1702 4914 2638 
3181 1579 3937 1520 
3182 4429 4430 2667 
3183 4451 4535 3015 
3184 5380 5460 4341 
3185 4024 5559 4025 
3186 3812 5389 3825 
3187 1666 4366 1669 
3188 4025 5559 5370 
3189 2172 5106 3962 
3190 4708 4953 3494 
3191 3861 3862 3291 
3192 2420 4761 3830 
3193 3503 4413 2896 
3194 2614 4989 4308 
3195 1671 4570 3608 
3196 1209 5116 3648 
3197 3389 4617 3652 
3198 2032 4084 2030 
3199 4384 5002 4385 
3200 4253 5219 4252 
3201 3860 3862 3861 
3202 1797 5263 5248 
3203 1795 5134 1798 
3204 1322 3846 3844 
3205 2548 4105 4059 
3206 2220 4479 2226 
3207 2374 5198 5052 
3208 3321 5123 4343 
3209 2299 5171 3546 
3210 2821 3790 3688 
3211 4291 4292 3977 
3212 1287 5213 3533 
3213 1750 4096 1735 
3214 3631 4790 2587 
3215 5150 5219 4253 
3216 3837 4490 2363 
3217 4738 5305 3565 
3218 3615 4342 2347 
3219 3847 5380 4341 
3220 4945 4998 2273 
3221 3603 4997 2390 
3222 3962 5023 2172 
3223 3954 4508 4076 
3224 1308 5125 4172 
3225 1972 3928 2192 
3226 4267 5061 3224 
3227 2898 4092 3661 
3228 4306 5149 2826 
3229 2635 5450 3638 
3230 3505 4517 3506 
3231 1225 5444 5080 
3232 4187 5336 5193 
3233 4327 4331 2991 
3234 3922 5113 3817 
3235 3490 3920 3491 
3236 3619 5159 3428 
3237 2498 3721 3719 
3238 4010 4047 3924 
3239 4431 4974 3315 
3240 2921 4564 3939 
3241 2992 4887 3640 
3242 3669 5231 189 
3243 4388 5072 2914 
3244 5193 5336 1833 
3245 2436 4611 4229 
3246 4865 5280 3093 
3247 3676 5488 3511 
3248 4429 4750 4268 
3249 1610 4603 1693 
3250 3639 5148 4797 
3251 1309 5247 3559 
3252 2502 5211 5003 
3253 3345 4992 3670 
3254 3202 5518 5140 
3255 1969 3928 1972 
3256 3830 4761 3126 
3257 3428 5568 5421 
3258 4430 4634 2667 
3259 1540 4197 1539 
3260 1242 5161 3613 
3261 3625 5063 3210 
3262 3871 4196 2910 
3263 5065 5288 3691 
3264 4031 4317 3195 
3265 1455 4481 1453 
3266 1543 4219 4196 
3267 2970 5506 3916 
3268 3012 5102 4314 
3269 3099 4408 3100 
3270 4541 5405 3616 
3271 3672 5375 4438 
3272 3318 3832 2827 
3273 4849 4994 4279 
3274 3511 5488 3555 
3275 3277 5205 3808 
3276 4080 4082 3146 
3277 4406 4730 3595 
3278 3843 5522 4073 
3279 4059 4105 4061 
3280 2892 4393 2941 
3281 5037 5081 3322 
3282 2105 4047 1808 
3283 2540 4108 2712 
3284 4435 5398 4943 
3285 3423 3823 3424 
3286 3789 5148 3639 
3287 3617 4171 4170 
3288 3475 4942 4260 
3289 4308 4979 2614 
3290 4022 5559 4024 
3291 4509 4664 1240 
3292 4331 5550 2388 
3293 3656 5039 5009 
3294 3874 3875 3726 
3295 2383 4605 1549 
3296 4610 5089 3387 
3297 4256 4546 3009 
3298 2931 3856 3609 
3299 3768 3816 1206 
3300 4296 4895 4297 
3301 3668 5486 1224 
3302 3784 5525 3592 
3303 3754 3877 3876 
3304 1702 4984 4914 
3305 1259 4339 4338 
3306 2303 4313 2304 
3307 4010 5526 4593 
3308 4145 4664 4509 
3309 4076 4508 1430 
3310 4181 5249 1299 
3311 1328 4867 4441 
3312 2136 4623 4048 
3313 4213 5559 4022 
3314 3705 3751 3701 
3315 4489 4874 2728 
3316 3662 5347 3495 
3317 3859 5085 3225 
3318 4108 4708 3004 
3319 57 3808 1282 
3320 4361 4573 4546 
3321 1506 5470 1696 
3322 1949 5302 4241 
3323 3112 4778 4639 
3324 2570 4245 1367 
3325 3939 4564 3938 
3326 1687 4808 1622 
3327 2755 4493 2416 
3328 3747 4551 3867 
3329 4457 4961 1659 
3330 3837 4784 3836 
3331 3652 4617 1539 
3332 4782 5080 3413 
3333 5135 5595 3824 
3334 3941 4092 2312 
3335 1546 4605 1548 
3336 2868 3628 3567 
3337 1695 5593 3853 
3338 2398 5258 4081 
3339 3460 5321 5157 
3340 2332 4606 3864 
3341 2637 5284 3687 
3342 3871 4197 4196 
3343 192 3999 191 
3344 3887 3943 3942 
3345 3698 3866 3702 
3346 2026 4405 3647 
3347 3579 3840 3593 
3348 3696 4563 2240 
3349 3533 5388 1287 
3350 2844 5299 3769 
3351 4593 5526 3732 
3352 4275 4930 3177 
3353 3976 4458 2560 
3354 5356 5483 4858 
3355 4043 4044 2607 
3356 4570 5568 3428 
3357 2304 4313 2307 
3358 2483 5039 3656 
3359 4746 4836 3953 
3360 2989 3835 2986 
3361 3519 5353 3640 
3362 3608 4983 4839 
3363 5238 5320 3543 
3364 2388 5230 4331 
3365 4980 5007 2406 
3366 4365 4366 1666 
3367 2675 3797 2948 
3368 1296 4367 4164 
3369 2413 4493 2693 
3370 4139 5549 4147 
3371 4911 5076 4083 
3372 2661 3684 3682 
3373 4854 5178 4163 
3374 2979 4043 2552 
3375 2909 3627 3626 
3376 3397 5327 3423 
3377 2593 5454 3562 
3378 2989 3836 3835 
3379 3389 4820 4617 
3380 4271 4915 3135 
3381 2976 5540 4030 
3382 3689 3691 1313 
3383 2768 4576 4087 
3384 3965 4808 1687 
3385 3975 4574 3974 
3386 4353 5187 3873 
3387 3807 5016 3808 
3388 2914 5314 4389 
3389 3535 4036 3695 
3390 3322 5081 3323 
3391 5347 5466 3495 
3392 1754 5165 3612 
3393 2132 4972 3620 
3394 3821 4175 1232 
3395 4032 4218 1927 
3396 4209 5356 4858 
3397 3925 3926 3796 
3398 4774 4843 2016 
3399 3870 4819 2382 
3400 1251 5451 3691 
3401 1240 4469 4148 
3402 4839 4983 2929 
3403 3929 4690 2478 
3404 4584 4876 3684 
3405 2667 4750 4429 
3406 3968 4393 2890 
3407 5100 5123 3321 
3408 1287 5388 3678 
3409 4935 5571 3746 
3410 3204 5387 4421 
3411 3957 3958 3956 
3412 2162 5325 3997 
3413 4245 4577 1370 
3414 2670 4092 2898 
3415 3422 5215 4045 
3416 3087 4625 3624 
3417 4287 5197 3814 
3418 3433 5429 3676 
3419 4344 4762 4345 
3420 3819 5453 3444 
3421 1226 5097 141 
3422 4299 4327 2991 
3423 3858 3859 1836 
3424 5264 5457 4941 
3425 1790 4009 2052 
3426 2971 5217 4986 
3427 3650 5156 1255 
3428 4039 4786 2520 
3429 2478 4690 4353 
3430 3701 3751 3699 
3431 4771 4971 2128 
3432 2252 4104 2253 
3433 1317 3999 192 
3434 180 4155 1289 
3435 5335 5339 3039 
3436 3888 4678 2496 
3437 1660 4681 1658 
3438 1735 4096 3018 
3439 5140 5518 4415 
3440 3541 3855 3540 
3441 2607 3848 2362 
3442 1793 4611 2436 
3443 3005 3611 3610 
3444 1251 5288 5120 
3445 4489 4990 4874 
3446 1582 5223 5168 
3447 3352 5217 3625 
3448 4501 5019 4956 
3449 3649 4043 2979 
3450 5327 5574 3423 
3451 3262 5114 4294 
3452 1465 4798 4670 
3453 2465 3854 2046 
3454 2646 3797 2675 
3455 2661 4481 1459 
3456 3981 3982 3980 
3457 5047 5279 1637 
3458 2827 3832 2546 
3459 3720 4316 3718 
3460 3599 4605 4089 
3461 3703 4809 3940 
3462 4250 4811 3630 
3463 1684 5128 3905 
3464 5037 5049 4496 
3465 1733 3880 2918 
3466 1520 3937 1522 
3467 4012 4665 2468 
3468 2419 4915 4271 
3469 2052 5571 4935 
3470 2604 5196 3594 
3471 2910 4409 3871 
3472 2984 3834 2908 
3473 2712 4108 3004 
3474 2984 3835 3834 
3475 3076 4819 3870 
3476 3393 5078 4974 
3477 1464 4584 3684 
3478 2967 3850 3433 
3479 3555 3851 2946 
3480 4784 4805 3836 
3481 4314 5092 3012 
3482 3865 4212 2557 
3483 3881 3882 1689 
3484 1734 5382 4085 
3485 3410 4782 3413 
3486 1761 3858 1836 
3487 1669 4366 1715 
3488 4662 5520 3472 
3489 2232 4023 2230 
3490 1807 4755 3659 
3491 1482 4111 1685 
3492 1763 3861 1783 
3493 3005 3932 3611 
3494 1846 3857 2509 
3495 3788 5148 3789 
3496 4531 4702 3089 
3497 4297 4895 2772 
3498 2016 4843 3671 
3499 4275 4990 1226 
3500 3849 4553 2764 
3501 4196 4219 4195 
3502 4385 5002 3188 
3503 3247 5103 3648 
3504 3177 4874 4275 
3505 3924 4047 2105 
3506 4467 4468 2365 
3507 3808 5205 1282 
3508 2334 4606 2332 
3509 3951 3955 3948 
3510 1465 4880 4035 
3511 1500 4347 2496 
3512 5457 5464 3442 
3513 2466 3878 1947 
3514 2070 3873 2567 
3515 1878 3865 2557 
3516 3472 5590 4662 
3517 3646 5400 2797 
3518 4421 5253 3204 
3519 3010 4999 4581 
3520 4977 5353 1218 
3521 3003 4001 2784 
3522 3955 3957 3956 
3523 3768 5588 3817 
3524 3653 4002 1333 
3525 2784 4001 2523 
3526 3933 4490 3837 
3527 1563 3934 2903 
3528 3652 4197 3871 
3529 3544 4006 2803 
3530 2485 4649 2572 
3531 3975 4716 2396 
3532 3854 3856 2919 
3533 4639 4778 1807 
3534 4451 5227 2659 
3535 2303 4314 4313 
3536 3102 3797 2646 
3537 3778 3967 3773 
3538 4320 4378 2777 
3539 119 4182 1299 
3540 2160 3946 1454 
3541 2929 3964 1634 
3542 2112 3941 2312 
3543 2930 3929 2062 
3544 4106 4460 3214 
3545 1496 3881 1689 
3546 2489 4811 4250 
3547 1240 4148 132 
3548 4038 4406 1915 
3549 2074 3872 2636 
3550 1665 4965 4673 
3551 1712 4879 3820 
3552 4173 4174 3523 
3553 3396 5028 4350 
3554 2164 4466 3934 
3555 2789 3918 2351 
3556 4165 5323 3465 
3557 2777 4377 4320 
3558 2290 5068 2291 
3559 4956 5019 2324 
3560 3570 5322 3554 
3561 3491 5210 5187 
3562 1905 3939 3938 
3563 3607 5339 5335 
3564 4151 4495 4143 
3565 4546 4573 3009 
3566 3979 3981 3980 
3567 3747 3866 1195 
3568 1898 4217 1901 
3569 4345 4762 3462 
3570 3501 5112 4154 
3571 1578 4249 1582 
3572 3655 5475 3805 
3573 3855 5007 4980 
3574 3974 3979 3970 
3575 5300 5478 5073 
3576 3174 4404 4348 
3577 2517 3921 2149 
3578 4106 4810 2019 
3579 2093 4702 4531 
3580 1685 4111 2637 
3581 4463 5001 3406 
3582 3569 5242 3605 
3583 1592 5123 4090 
3584 2588 4688 4285 
3585 3283 5138 3613 
3586 2244 4854 4163 
3587 2282 4102 2286 
3588 4363 4428 2962 
3589 2430 4651 2340 
3590 3016 4548 4534 
3591 1901 5509 3601 
3592 2572 4649 4213 
3593 3709 3751 3705 
3594 3357 4823 3233 
3595 287 4358 286 
3596 3947 3955 2542 
3597 3782 3785 3780 
3598 4055 4952 3457 
3599 3442 5464 3441 
3600 4482 4483 4403 
3601 5302 5330 4241 
3602 3885 3942 3890 
3603 2938 3945 1598 
3604 2692 4327 4299 
3605 2280 4792 4020 
3606 4090 4586 1592 
3607 3937 4859 3936 
3608 2970 4039 1487 
3609 3821 5044 3325 
3610 3969 3979 2516 
3611 2560 4458 1850 
3612 2136 4048 2137 
3613 1866 4096 1750 
3614 3905 5573 1684 
3615 1592 4586 1593 
3616 3628 4589 1215 
3617 3841 4309 2548 
3618 1952 4505 1866 
3619 2442 4994 4849 
3620 3581 3840 3579 
3621 2391 4681 1664 
3622 4407 4763 4640 
3623 3930 5034 2517 
3624 1858 4355 1860 
3625 5168 5223 3521 
3626 1808 4047 1775 
3627 5013 5217 3352 
3628 2151 3930 2517 
3629 2127 3968 1932 
3630 3566 3821 3325 
3631 3505 5558 4517 
3632 3257 4922 4475 
3633 4782 5422 1305 
3634 3009 4739 4256 
3635 3948 3955 3947 
3636 3751 4480 3699 
3637 3697 3866 3698 
3638 2465 3856 3854 
3639 4010 4593 4009 
3640 92 3815 1198 
3641 2273 4998 4294 
3642 2561 4694 4666 
3643 4373 4374 1250 
3644 3451 5280 4270 
3645 4102 4103 2286 
3646 4270 5280 5240 
3647 2924 3922 2923 
3648 3661 5504 2898 
3649 44 3697 1273 
3650 4343 5452 3321 
3651 19 3723 1266 
3652 1438 4324 1440 
3653 4286 4371 2755 
3654 13 3819 1201 
3655 2548 4059 3841 
3656 4184 4651 2430 
3657 1559 3934 1563 
3658 65 3786 1265 
3659 4241 5330 4523 
3660 1510 5368 3912 
3661 3951 3957 3955 
3662 4081 5315 2398 
3663 2768 4087 4086 
3664 3489 5038 4271 
3665 1255 5463 3650 
3666 2508 3998 2086 
3667 4437 4869 1326 
3668 48 3750 1278 
3669 4337 5343 1329 
3670 5195 5264 3454 
3671 1395 4921 1412 
3672 54 3822 1221 
3673 4671 4798 3150 
3674 11 3801 1271 
3675 3970 3979 3969 
3676 1436 3947 2542 
3677 3544 5010 4006 
3678 2873 4198 3599 
3679 2462 4003 1890 
3680 86 3803 1281 
3681 4020 4792 4356 
3682 3080 4845 4585 
3683 59 3828 1214 
3684 9 3827 1213 
3685 2754 4263 3543 
3686 3426 4019 4018 
3687 4666 4694 3477 
3688 1298 5033 3679 
3689 102 3793 1285 
3690 52 3792 1286 
3691 3471 5156 3650 
3692 77 3800 1284 
3693 4154 5191 3501 
3694 1756 3880 1733 
3695 2178 4007 2437 
3696 4024 4025 2775 
3697 4201 4202 2002 
3698 3660 4802 1693 
3699 3936 5291 2669 
3700 1670 5434 5390 
3701 2347 4342 1564 
3702 3987 5534 2539 
3703 4866 4871 1327 
3704 3186 3996 3688 
3705 1905 3938 1906 
3706 1945 3927 1968 
3707 3251 4352 4351 
3708 2986 3835 2984 
3709 4312 5102 4545 
3710 3210 5190 3625 
3711 1856 3969 2516 
3712 3639 5450 3789 
3713 56 3808 57 
3714 3671 4855 2016 
3715 4475 4922 2373 
3716 1333 4002 1196 
3717 2720 4645 4519 
3718 3616 5405 1321 
3719 3809 4321 31 
3720 4515 4528 4362 
3721 2003 4201 2002 
3722 4149 4150 4134 
3723 2240 4563 2214 
3724 1686 5027 3994 
3725 274 4613 1297 
3726 3974 3981 3979 
3727 2226 4004 2218 
3728 3945 4108 2540 
3729 3266 4924 4200 
3730 3787 4646 3786 
3731 170 4696 1227 
3732 3549 3933 2995 
3733 3724 3747 1195 
3734 2046 3854 2047 
3735 4203 4995 2764 
3736 4386 5387 3342 
3737 4262 4322 4130 
3738 3810 3925 81 
3739 3765 3767 1206 
3740 3836 4834 3835 
3741 2062 3929 2063 
3742 1522 3937 3935 
3743 4559 4932 2095 
3744 2615 4309 2950 
3745 4290 4291 2560 
3746 2928 5316 5290 
3747 1744 4086 3019 
3748 3488 4171 3692 
3749 2539 4013 1864 
3750 2520 4558 3881 
3751 1757 4009 1790 
3752 1542 4916 1545 
3753 3811 3926 3810 
3754 191 3999 1224 
3755 1634 3964 1636 
3756 3426 4018 2960 
3757 1260 4991 3672 
3758 2180 4248 2940 
3759 2962 4428 3539 
3760 3150 4034 2774 
3761 4049 4050 2595 
3762 1487 4039 1489 
3763 3770 3944 1202 
3764 1473 5393 5385 
3765 280 4578 1239 
3766 2013 4460 4106 
3767 1215 5472 3569 
3768 4044 5118 2607 
3769 1454 3946 1456 
3770 3699 4480 1273 
3771 2498 4940 3721 
3772 1275 3874 3726 
3773 4265 5056 1963 
3774 3625 5190 3352 
3775 1522 3935 1524 
3776 2901 4006 3452 
3777 2330 4088 2090 
3778 3466 5182 3508 
3779 3764 4418 3763 
3780 1644 4011 1647 
3781 4104 4539 2253 
3782 1968 3928 1969 
3783 1312 4569 4395 
3784 3754 3876 1205 
3785 3013 4631 4410 
3786 2362 3848 2126 
3787 1422 4317 4031 
3788 3773 3967 1204 
3789 2527 4037 1870 
3790 3879 4985 3574 
3791 2234 4021 2232 
3792 4311 4312 3158 
3793 1416 4248 2180 
3794 4729 5279 5276 
3795 2181 4042 1380 
3796 2103 3879 2136 
3797 2764 4553 2414 
3798 1974 3940 2466 
3799 2580 5087 4952 
3800 4990 5097 1226 
3801 4046 4663 3269 
3802 2164 4752 4466 
3803 4486 5466 5396 
3804 2552 4043 2506 
3805 4797 5555 3544 
3806 1678 4046 1704 
3807 2803 4006 2703 
3808 4008 4009 1757 
3809 3859 5357 3860 
3810 3334 5331 5027 
3811 3569 5472 5242 
3812 1232 5044 3821 
3813 2618 4409 2910 
3814 3273 4765 4665 
3815 2114 3941 2112 
3816 4446 5268 3118 
3817 2837 3932 3005 
3818 2938 4108 3945 
3819 3539 4428 3615 
3820 3612 5507 1754 
3821 3697 3698 1273 
3822 4120 4149 4134 
3823 3957 3962 3958 
3824 4257 4847 2627 
3825 1653 4929 1655 
3826 3529 5353 4977 
3827 5182 5216 3508 
3828 4419 5050 3293 
3829 1306 4509 134 
3830 1231 4518 136 
3831 4361 4546 2266 
3832 4665 4765 2468 
3833 2225 4075 2223 
3834 3165 4932 4559 
3835 2496 5104 1502 
3836 2021 4405 2026 
3837 4188 4191 4189 
3838 1424 4031 1702 
3839 3528 4937 4250 
3840 4239 4241 4226 
3841 4300 4949 2252 
3842 4640 4763 2651 
3843 1598 3945 1599 
3844 4574 4722 4390 
3845 3866 3867 3702 
3846 1313 5059 3690 
3847 4101 4102 2279 
3848 3767 3768 1206 
3849 4158 4254 4162 
3850 3649 4044 4043 
3851 4124 4151 4143 
3852 3950 4012 3953 
3853 120 4182 119 
3854 1954 4049 2595 
3855 4537 4555 3427 
3856 1942 3968 2890 
3857 4157 4158 1238 
3858 4320 4843 4378 
3859 1923 5325 2162 
3860 2545 2827 2546 
3861 1912 4038 1915 
3862 2996 5474 5440 
3863 1866 4505 4096 
3864 2975 4030 3274 
3865 1311 4073 4071 
3866 1240 4664 4469 
3867 4021 4023 2232 
3868 1752 4008 1757 
3869 1998 5301 1995 
3870 4336 4868 1324 
3871 3801 3802 1271 
3872 4572 5471 1301 
3873 3792 4316 1286 
3874 2053 4040 2054 
3875 3349 4091 2854 
3876 4086 4087 3019 
3877 3247 3648 2979 
3878 4178 5579 5067 
3879 288 4592 287 
3880 1947 3878 1838 
3881 3349 4109 4091 
3882 1370 4577 1372 
3883 3893 4029 3894 
3884 4585 4845 3159 
3885 3643 3996 3186 
3886 4098 4099 2283 
3887 1276 3925 3796 
3888 3471 5341 5156 
3889 4111 5284 2637 
3890 3118 5469 4446 
3891 1731 4301 1774 
3892 3883 4347 1689 
3893 4177 4178 1229 
3894 2600 4097 2134 
3895 3888 4347 3883 
3896 1616 4074 2341 
3897 4028 4680 1552 
3898 5426 5565 4234 
3899 1704 4046 2182 
3900 2877 4089 3472 
3901 2881 4077 3379 
3902 2780 4187 3249 
3903 1979 4095 2580 
3904 2253 4539 2255 
3905 2860 4015 2920 
3906 3859 3860 1836 
3907 1798 5134 4815 
3908 2789 4878 3918 
3909 3345 5181 4992 
3910 2788 4191 4188 
3911 1215 4589 115 
3912 4251 4253 4252 
3913 2277 4101 2279 
3914 4326 4335 4329 
3915 5012 5055 1243 
3916 1968 3927 3833 
3917 4157 4254 4158 
3918 4348 4404 3054 
3919 1427 4076 1430 
3920 3719 5476 2498 
3921 1740 1760 1741 
3922 3882 3883 1689 
3923 1475 4111 1482 
3924 3624 3821 3566 
3925 2223 4479 2220 
3926 2745 3247 2979 
3927 3548 5440 5394 
3928 2140 2545 2405 
3929 1759 4086 1744 
3930 2574 2662 2575 
3931 1720 1740 1721 
3932 2745 2979 2552 
3933 1840 2171 1760 
3934 3195 4317 2578 
3935 2894 3200 2893 
3936 4325 4335 4326 
3937 4410 4631 2804 
3938 2973 4290 1823 
3939 3615 4428 4342 
3940 2892 2893 2891 
3941 4170 4171 1292 
3942 4941 5457 3442 
3943 3656 5141 2483 
3944 3723 5093 1266 
3945 4534 4548 2693 
3946 3151 3622 3400 
3947 1917 4406 2106 
3948 1760 3858 1761 
3949 4025 4026 2775 
3950 1784 4528 4515 
3951 2068 3873 2070 
3952 2704 3856 2465 
3953 2523 4001 2434 
3954 2577 3102 2646 
3955 4226 4246 4224 
3956 1983 4107 2655 
3957 3229 5127 5099 
3958 4289 4295 2978 
3959 2931 3151 2932 
3960 3820 4879 3482 
3961 2279 4102 2282 
3962 270 4367 1296 
3963 2275 4098 2283 
3964 2605 4194 2606 
3965 2351 3918 1770 
3966 2675 2948 2677 
3967 2965 3850 2967 
3968 4180 5360 2847 
3969 2100 2425 2103 
3970 4223 4239 4226 
3971 2989 3933 3837 
3972 3020 3318 2827 
3973 2720 4204 2029 
3974 2353 4306 4305 
3975 2989 3837 3836 
3976 3923 5096 3869 
3977 4663 4753 3269 
3978 1823 4290 1826 
3979 2887 3020 2827 
3980 3316 4888 4020 
3981 2179 2574 2573 
3982 4537 5358 4555 
3983 2127 4393 3968 
3984 2425 3879 2103 
3985 3810 3926 3925 
3986 1494 3881 1496 
3987 3216 4333 3570 
3988 2513 2703 2467 
3989 1844 3857 1846 
3990 2946 3851 2944 
3991 2837 3005 2704 
3992 2581 2704 2465 
3993 2106 5306 1919 
3994 1709 4301 1731 
3995 4325 4326 2692 
3996 4008 4010 4009 
3997 2853 4078 3349 
3998 2890 2891 2135 
3999 2506 2607 2362 
4000 2950 4309 3841 
4001 3884 3942 3885 
4002 2513 2803 2703 
4003 2424 5347 3662 
4004 4220 4221 2377 
4005 2650 4364 1688 
4006 3882 3884 3883 
4007 3586 3651 3584 
4008 1289 4155 4154 
4009 3001 3002 2784 
4010 3144 3372 2171 
4011 3244 3380 2927 
4012 2192 2465 2046 
4013 2188 4214 1802 
4014 2545 2546 2405 
4015 132 4148 131 
4016 4295 5119 4258 
4017 2319 4379 2316 
4018 2788 4188 2630 
4019 137 4376 1231 
4020 2581 2837 2704 
4021 3457 4965 4055 
4022 3572 4621 3020 
4023 3832 5376 3102 
4024 4229 4791 2436 
4025 2192 2581 2465 
4026 3940 5051 3703 
4027 2978 4258 4257 
4028 1243 4156 128 
4029 129 4112 1243 
4030 178 4152 1245 
4031 3151 3400 2932 
4032 3176 3544 2803 
4033 3680 5124 3467 
4034 4468 5251 1350 
4035 1242 4167 230 
4036 125 4166 1237 
4037 174 4168 1235 
4038 223 4165 1236 
4039 272 4157 1238 
4040 3021 3572 3020 
4041 1731 1752 1737 
4042 2967 3433 2969 
4043 2353 4305 2124 
4044 2126 3848 2128 
4045 2626 4363 2962 
4046 4160 5500 4318 
4047 1709 1731 1710 
4048 2870 3268 2965 
4049 2919 2931 2930 
4050 2832 4027 3031 
4051 231 4172 1242 
4052 2662 2702 2575 
4053 2814 4251 2592 
4054 3255 4094 2782 
4055 2944 3444 2942 
4056 2578 4317 1418 
4057 123 4169 1294 
4058 221 4170 1292 
4059 2339 2513 2467 
4060 3647 4519 3635 
4061 1685 1709 1688 
4062 1203 4480 3751 
4063 3878 3923 2105 
4064 4075 4695 4479 
4065 4326 4327 2692 
4066 1943 3927 1945 
4067 3974 4574 3981 
4068 2901 3452 3275 
4069 2574 2575 2573 
4070 4426 4427 4425 
4071 3246 3932 2837 
4072 1752 1757 1737 
4073 184 4175 1307 
4074 282 4176 1310 
4075 233 4183 1308 
4076 4519 4645 3635 
4077 2703 4006 2901 
4078 2931 2932 2930 
4079 1655 1706 1657 
4080 1909 2179 1911 
4081 2126 2128 1872 
4082 2814 4253 4251 
4083 121 4177 1229 
4084 2263 4361 2266 
4085 4045 5199 3422 
4086 1876 3865 1878 
4087 1731 1737 1710 
4088 1987 4210 2480 
4089 1307 4017 183 
4090 1917 2106 1919 
4091 2892 2894 2893 
4092 4159 4367 1238 
4093 1575 4363 2626 
4094 1661 1720 1663 
4095 2908 3834 2909 
4096 1544 4219 1543 
4097 1846 2509 1876 
4098 1834 2423 1844 
4099 3239 4416 3475 
4100 2790 3320 2789 
4101 186 4206 1232 
4102 235 4207 1233 
4103 2339 2467 2337 
4104 1709 1710 1688 
4105 1972 2192 2046 
4106 1978 4105 2548 
4107 1688 4364 1484 
4108 287 4592 4358 
4109 1790 2052 1829 
4110 2672 4325 2692 
4111 4266 4416 3239 
4112 3963 4324 3959 
4113 266 4208 1302 
4114 3511 3555 2946 
4115 2890 2892 2891 
4116 3959 4324 3956 
4117 3626 4892 1936 
4118 2546 3832 2577 
4119 4164 4367 4159 
4120 2897 4033 3290 
4121 3073 4302 2787 
4122 2434 2635 2432 
4123 1761 1836 1763 
4124 2092 4088 2096 
4125 4328 4331 4327 
4126 3716 5317 1207 
4127 1649 1676 1651 
4128 2066 2478 2068 
4129 1974 2466 1947 
4130 2978 4257 2544 
4131 1838 3878 2105 
4132 3669 5486 3668 
4133 2050 2919 2062 
4134 3783 5479 2567 
4135 2070 2567 2072 
4136 2668 4357 1528 
4137 4027 4795 3031 
4138 4479 4695 3614 
4139 2179 2573 1911 
4140 2137 4048 2140 
4141 1838 2105 1808 
4142 4009 4593 2052 
4143 3918 3919 2195 
4144 1685 1688 1484 
4145 2919 2930 2062 
4146 2961 3625 2843 
4147 5390 5434 4030 
4148 4443 4577 4245 
4149 3955 3956 2542 
4150 3274 3564 3382 
4151 1878 2557 1880 
4152 1482 1685 1484 
4153 2781 2784 2523 
4154 3337 5356 4209 
4155 2072 3872 2074 
4156 2130 3940 1974 
4157 2158 2725 1643 
4158 2626 2843 2608 
4159 4102 4842 4103 
4160 2975 3274 2977 
4161 1236 5285 3617 
4162 1775 4008 1752 
4163 2434 4001 2635 
4164 2180 2860 2578 
4165 1293 5323 4165 
4166 1492 2520 1494 
4167 2871 4198 2873 
4168 2545 4048 2887 
4169 2860 2920 2578 
4170 3268 3850 2965 
4171 2905 2906 2904 
4172 2663 2844 2662 
4173 2074 2636 2076 
4174 3423 5574 3823 
4175 1679 4492 1410 
4176 1942 2890 2135 
4177 2506 4043 2607 
4178 2478 3873 2068 
4179 2331 4359 2201 
4180 2908 2909 2906 
4181 1496 1689 1498 
4182 1923 2162 1925 
4183 3983 4355 3980 
4184 1641 2158 1643 
4185 2011 4106 2019 
4186 3428 5421 3619 
4187 3979 3980 2516 
4188 3885 3890 3889 
4189 3886 3887 3884 
4190 1587 4343 1590 
4191 1424 1702 1426 
4192 1471 2899 1475 
4193 2088 3998 2330 
4194 3001 3252 3002 
4195 4004 4682 4005 
4196 2589 2773 2590 
4197 2944 3851 3444 
4198 2147 2502 2145 
4199 2601 2789 2351 
4200 1783 3291 2811 
4201 2149 3921 2147 
4202 2423 3857 1844 
4203 2821 4886 3790 
4204 2773 3150 2774 
4205 4034 4035 3217 
4206 4326 4328 4327 
4207 1697 3948 3947 
4208 2180 2578 1418 
4209 3117 3659 3469 
4210 3200 5243 3802 
4211 1779 4220 2377 
4212 1942 2135 1943 
4213 2712 2832 2713 
4214 1740 1840 1760 
4215 1770 2195 1739 
4216 2135 3927 1943 
4217 2903 2904 2347 
4218 4274 4275 1226 
4219 1350 5487 4468 
4220 1416 2180 1418 
4221 2482 4309 2615 
4222 3950 3953 3951 
4223 3264 4015 2860 
4224 2536 3238 3237 
4225 2520 3881 1494 
4226 3274 3382 2977 
4227 4276 4277 1223 
4228 1422 4031 1424 
4229 1892 4003 2159 
4230 1882 2483 1884 
4231 3363 4446 4445 
4232 2243 2589 2564 
4233 3834 4834 3627 
4234 1596 2576 1598 
4235 1773 4394 4203 
4236 2781 3001 2784 
4237 3995 4355 3983 
4238 3673 5228 1683 
4239 2670 2897 2732 
4240 2716 5067 5005 
4241 3236 4264 2792 
4242 4041 4856 3901 
4243 4162 5500 4160 
4244 1547 1562 1550 
4245 1702 2638 1426 
4246 2029 4204 2025 
4247 1550 4028 1552 
4248 2601 2790 2789 
4249 4673 4965 3456 
4250 2200 4007 2197 
4251 1700 4453 1723 
4252 2509 3865 1876 
4253 2576 2939 2938 
4254 1527 2669 2668 
4255 2086 3998 2088 
4256 4747 4913 3908 
4257 2171 3858 1760 
4258 3238 3661 3237 
4259 1770 3918 2195 
4260 3916 5377 3915 
4261 1740 1741 1721 
4262 2151 2517 2149 
4263 3884 3885 3883 
4264 2167 4266 2120 
4265 4340 4727 3252 
4266 2312 2670 2472 
4267 2626 2961 2843 
4268 1500 2496 1502 
4269 4226 4523 4246 
4270 3897 3904 3899 
4271 2080 2604 2082 
4272 3786 4646 1265 
4273 1563 2347 1564 
4274 1935 3968 1942 
4275 4303 4304 3073 
4276 3707 3709 3705 
4277 1932 3968 1935 
4278 2576 2938 1598 
4279 3928 4669 2192 
4280 4486 5396 1298 
4281 1548 4219 1544 
4282 2811 4016 3216 
4283 2197 4007 2178 
4284 1322 5202 3846 
4285 1575 2626 2608 
4286 1890 4003 1892 
4287 2090 4088 2092 
4288 2159 4216 4215 
4289 3972 3975 3974 
4290 1610 1693 1612 
4291 1929 2127 1932 
4292 1760 1761 1741 
4293 3575 3576 3573 
4294 2468 4746 4012 
4295 3894 4029 3897 
4296 3322 5049 5037 
4297 1720 1721 1663 
4298 2975 2977 2639 
4299 1432 1697 1434 
4300 3887 3942 3884 
4301 3739 3742 3741 
4302 3908 4913 3906 
4303 2567 3872 2072 
4304 3164 4288 4287 
4305 2006 4201 2003 
4306 2533 3970 3969 
4307 2358 4174 4173 
4308 1331 4566 1332 
4309 1602 2540 1604 
4310 1506 1696 1508 
4311 3041 4356 3040 
4312 3167 3434 3298 
4313 2696 3467 2121 
4314 2155 2498 2153 
4315 2536 3237 2117 
4316 2703 2901 2900 
4317 2153 3930 2151 
4318 4320 4377 4319 
4319 2928 3244 2927 
4320 2266 4255 2267 
4321 1972 2046 1973 
4322 3890 3891 3889 
4323 4050 4052 4051 
4324 4220 4577 4443 
4325 1773 4203 1940 
4326 2230 2243 2229 
4327 1434 3947 1436 
4328 1925 4032 1927 
4329 2960 4018 2917 
4330 2592 4251 2591 
4331 3033 3830 3126 
4332 1250 4374 292 
4333 3952 4012 3950 
4334 199 4426 198 
4335 3763 4418 3753 
4336 2475 5236 3762 
4337 2485 2572 2239 
4338 3971 3972 3970 
4339 4338 4339 3542 
4340 3735 3738 3737 
4341 1888 2462 1890 
4342 1410 4492 2193 
4343 4050 4051 2595 
4344 3584 3840 3581 
4345 2084 2508 2086 
4346 2917 3206 2916 
4347 2063 3929 2066 
4348 2057 2696 2121 
4349 2201 4359 2200 
4350 4296 4297 3236 
4351 3949 3950 3948 
4352 1291 4113 4112 
4353 1554 2164 1556 
4354 240 4273 1225 
4355 142 4274 1226 
4356 289 4276 1223 
4357 1559 1563 1561 
4358 2973 4291 4290 
4359 2484 2485 2239 
4360 2540 2712 2596 
4361 2832 3031 2713 
4362 1224 3999 3670 
4363 1935 1942 1938 
4364 4400 4402 4401 
4365 3903 3908 3906 
4366 1608 4603 1610 
4367 1575 2608 1576 
4368 2147 3921 2502 
4369 3899 4041 3901 
4370 4158 4160 4159 
4371 3957 4894 3962 
4372 1382 4042 1716 
4373 1840 3144 2171 
4374 1614 4074 1616 
4375 2620 2639 2485 
4376 3088 4825 4547 
4377 3252 4727 4566 
4378 2702 4269 2870 
4379 1489 4039 1492 
4380 3517 4027 2832 
4381 2577 3832 3102 
4382 4195 4198 2871 
4383 2393 2506 2362 
4384 1412 4783 4248 
4385 3287 3561 3247 
4386 2993 4453 1700 
4387 1906 3938 1909 
4388 2898 3429 2897 
4389 3310 4487 3456 
4390 1562 4028 1550 
4391 1586 4343 1587 
4392 4243 4244 4240 
4393 4751 5474 2996 
4394 4277 4369 4286 
4395 4079 4081 4078 
4396 4026 4801 2775 
4397 2694 2975 2639 
4398 1620 1687 1622 
4399 2498 3930 2153 
4400 1616 2341 1618 
4401 3425 3426 2960 
4402 3004 3517 2832 
4403 4225 4239 4223 
4404 2788 4192 4191 
4405 1774 1775 1752 
4406 2553 2745 2552 
4407 3714 3715 3712 
4408 2988 2989 2986 
4409 3291 4016 2811 
4410 2507 2552 2506 
4411 4004 4005 2240 
4412 1512 1684 1514 
4413 3300 3847 3302 
4414 2927 3922 2924 
4415 2901 3275 2902 
4416 4192 4193 4191 
4417 3549 4490 3933 
4418 3117 4639 3659 
4419 2670 2732 2472 
4420 1498 4347 1500 
4421 2178 2437 2157 
4422 3829 5204 3611 
4423 1566 1570 1569 
4424 2338 2339 2337 
4425 4055 4056 4052 
4426 1817 4268 1785 
4427 2162 4032 1925 
4428 2316 4379 2009 
4429 1590 1592 1591 
4430 2494 4289 2978 
4431 3429 4033 2897 
4432 3143 4779 4499 
4433 2100 2103 2101 
4434 2976 4030 2975 
4435 4370 4372 4371 
4436 1343 4272 1341 
4437 3833 3927 2953 
4438 3651 5369 3840 
4439 3950 3951 3948 
4440 2312 2472 2111 
4441 1380 4042 1382 
4442 4114 4115 4113 
4443 2897 3290 2732 
4444 3451 4270 2170 
4445 2805 3269 3006 
4446 2220 2226 2218 
4447 4011 5157 1647 
4448 1927 4218 1929 
4449 2327 2362 2126 
4450 2218 4004 2216 
4451 2940 3264 2860 
4452 2899 4111 1475 
4453 2853 3349 2854 
4454 1719 4272 1343 
4455 4075 4479 2223 
4456 2545 2887 2827 
4457 1436 2542 1438 
4458 3579 3593 3577 
4459 2602 4069 1767 
4460 2249 4300 2252 
4461 2996 5440 3548 
4462 3275 3277 3276 
4463 1605 4261 1608 
4464 4276 4369 4277 
4465 4116 4117 4115 
4466 2838 3246 2837 
4467 1892 2159 1894 
4468 2999 4429 4268 
4469 1776 1808 1775 
4470 2918 4272 1719 
4471 1852 2533 1854 
4472 1697 3947 1434 
4473 2589 2590 2564 
4474 1556 3934 1559 
4475 3175 3176 2803 
4476 3585 3586 3584 
4477 207 4401 1262 
4478 1856 2516 1858 
4479 2712 2713 2596 
4480 4405 4519 3647 
4481 5124 5209 2353 
4482 3752 3763 3753 
4483 4476 4823 3357 
4484 1872 3880 1756 
4485 3220 3565 3363 
4486 4158 4159 1238 
4487 1571 1575 1573 
4488 4547 4825 2409 
4489 3897 4029 3904 
4490 2163 2768 1841 
4491 2243 2564 2229 
4492 1230 4209 4208 
4493 2047 3854 2050 
4494 2036 2721 2720 
4495 2905 2908 2906 
4496 2903 2905 2904 
4497 2917 4018 3206 
4498 3548 3549 2995 
4499 1854 3969 1856 
4500 2723 2853 2724 
4501 1563 2903 2347 
4502 1848 2560 1850 
4503 5328 5407 2357 
4504 1884 4045 1886 
4505 1864 4013 1868 
4506 1641 1643 1642 
4507 2088 2330 2090 
4508 1413 4248 1416 
4509 3164 4287 3062 
4510 3437 3438 3246 
4511 3922 5588 2923 
4512 3245 3284 3244 
4513 4178 4180 4179 
4514 2396 4722 4574 
4515 2886 3217 2981 
4516 4188 4189 2846 
4517 3528 4966 4937 
4518 1636 3964 1641 
4519 5442 5495 1301 
4520 1596 1598 1597 
4521 3904 4041 3899 
4522 3890 4704 3891 
4523 2199 2200 2197 
4524 3198 4319 2756 
4525 2774 4034 2886 
4526 2773 2774 2590 
4527 1321 5351 3616 
4528 2241 2916 2206 
4529 1870 4037 1875 
4530 2228 2229 2225 
4531 3239 3240 3238 
4532 1945 1968 1967 
4533 1442 1699 1444 
4534 1875 4037 2593 
4535 4016 4333 3216 
4536 2540 2596 1604 
4537 2855 4078 2853 
4538 4228 4246 4231 
4539 2030 2036 2029 
4540 2112 2312 2111 
4541 2483 4045 1884 
4542 4225 4240 4239 
4543 1862 2539 1864 
4544 2110 2111 2109 
4545 3265 3513 3264 
4546 1456 3946 1471 
4547 2170 4270 2168 
4548 4053 4058 4057 
4549 4221 4223 4222 
4550 2163 3571 2768 
4551 2140 4048 2545 
4552 4019 4830 4018 
4553 1832 4214 2053 
4554 2216 2240 2214 
4555 1809 1838 1808 
4556 2707 4303 3073 
4557 1836 3861 1763 
4558 3587 3588 3586 
4559 2241 2917 2916 
4560 3225 5192 3859 
4561 1626 1671 1629 
4562 3807 3808 56 
4563 1905 4993 3939 
4564 2125 2126 1872 
4565 4223 4226 4224 
4566 3833 3928 1968 
4567 3638 3639 3176 
4568 1320 5343 4337 
4569 1416 1418 1417 
4570 2922 2923 2845 
4571 2949 3305 2939 
4572 2204 4584 1474 
4573 3977 3978 3973 
4574 1295 4267 4166 
4575 2607 5118 3848 
4576 2021 2026 2020 
4577 1868 4013 2527 
4578 3206 3683 3682 
4579 4224 4246 4228 
4580 2722 2723 2721 
4581 2311 2563 2486 
4582 3981 4390 3982 
4583 1868 2527 1870 
4584 4298 4950 4289 
4585 1382 1716 1384 
4586 1297 4254 4157 
4587 2910 4196 4195 
4588 4060 4063 3842 
4589 4231 4237 4232 
4590 2103 2136 2104 
4591 3173 3603 3365 
4592 91 3815 92 
4593 1813 4298 2350 
4594 3662 5553 2424 
4595 3400 3490 3401 
4596 3002 3003 2784 
4597 2118 2536 2117 
4598 3367 3528 3527 
4599 2050 2062 2051 
4600 3972 3974 3970 
4601 2164 3934 1556 
4602 4099 4100 2283 
4603 2686 4296 3236 
4604 4553 4597 2441 
4605 1576 4249 1578 
4606 1647 1649 1648 
4607 2957 3389 2958 
4608 2431 2432 2430 
4609 2203 2331 2201 
4610 2926 2927 2924 
4611 12 3819 13 
4612 2634 4263 2754 
4613 2906 2907 2904 
4614 1969 1972 1971 
4615 2950 3297 2746 
4616 3428 5159 3385 
4617 2748 4195 2871 
4618 1826 4290 1848 
4619 1475 1482 1476 
4620 4221 4225 4223 
4621 43 3697 44 
4622 2950 3381 3297 
4623 2886 4034 3217 
4624 3489 4271 3486 
4625 4065 4068 4062 
4626 3935 3936 2669 
4627 4120 4134 4118 
4628 64 3786 65 
4629 2176 4097 2246 
4630 2237 2239 2234 
4631 3882 3886 3884 
4632 3132 3620 3171 
4633 18 3723 19 
4634 1802 4214 1832 
4635 2550 2726 2664 
4636 53 3822 54 
4637 58 3828 59 
4638 4178 4179 1229 
4639 1909 1911 1910 
4640 1524 3935 1527 
4641 1839 1947 1838 
4642 8 3827 9 
4643 1482 1484 1483 
4644 2026 2583 2582 
4645 208 4401 207 
4646 1649 1651 1650 
4647 4380 4381 3412 
4648 3871 4409 2958 
4649 4400 4451 4402 
4650 47 3750 48 
4651 5192 5357 3859 
4652 1378 2181 1380 
4653 1471 1475 1472 
4654 4342 4428 1570 
4655 2583 2585 2584 
4656 3867 4551 3869 
4657 2585 2605 2586 
4658 10 3801 11 
4659 2444 2592 2591 
4660 1578 1582 1581 
4661 1534 4415 1537 
4662 1448 1683 1450 
4663 3389 3652 2958 
4664 1775 4047 4008 
4665 1948 1974 1947 
4666 3681 5510 3201 
4667 2134 4097 2176 
4668 4052 4053 4051 
4669 2999 4268 2454 
4670 1706 5597 1657 
4671 3397 3423 3398 
4672 85 3803 86 
4673 1518 1579 1520 
4674 101 3793 102 
4675 2702 2870 2869 
4676 51 3792 52 
4677 2321 4377 2777 
4678 2454 4268 1817 
4679 3316 4945 4888 
4680 2011 2019 2008 
4681 4370 4371 4369 
4682 3055 4293 3054 
4683 4034 4798 4035 
4684 1757 1790 1789 
4685 3477 4484 3121 
4686 2163 5490 3685 
4687 3109 3633 3632 
4688 1599 3945 1602 
4689 76 3800 77 
4690 2887 3021 3020 
4691 1388 1695 1390 
4692 1469 4580 3446 
4693 1583 1586 1585 
4694 2875 4089 2877 
4695 4098 4769 4099 
4696 2533 3969 1854 
4697 3000 3306 2999 
4698 2433 2434 2432 
4699 1875 2593 2042 
4700 1821 4626 2973 
4701 3198 4320 4319 
4702 4124 4143 4122 
4703 3076 3870 3130 
4704 3254 5012 4146 
4705 3583 3584 3581 
4706 55 3807 56 
4707 2589 2775 2773 
4708 1422 1424 1423 
4709 1954 2595 1952 
4710 2323 4377 2321 
4711 2140 2405 2404 
4712 2258 2311 2292 
4713 2957 2958 2563 
4714 1960 4049 1954 
4715 1587 1590 1589 
4716 2580 4049 1960 
4717 2546 2577 2547 
4718 2013 4106 2011 
4719 4122 4149 4120 
4720 3762 5408 2475 
4721 2492 4298 4289 
4722 3771 3784 3772 
4723 2216 4004 2240 
4724 1975 2130 1974 
4725 2854 4091 3109 
4726 3486 4271 3135 
4727 2756 4319 2658 
4728 2350 4298 2492 
4729 2655 4095 1981 
4730 2311 2486 2292 
4731 1703 4407 1677 
4732 1979 2580 1960 
4733 3618 5359 1245 
4734 2618 2910 2748 
4735 3707 3710 3709 
4736 2037 4211 4210 
4737 30 3809 31 
4738 1527 2668 1528 
4739 2958 4409 2563 
4740 4315 4362 2735 
4741 4389 4607 1318 
4742 1554 4680 2164 
4743 2720 4519 4204 
4744 2092 2096 2094 
4745 1929 4218 2127 
4746 3144 4857 3372 
4747 2615 2950 2746 
4748 1354 5000 1376 
4749 4499 4779 2346 
4750 2054 4040 2057 
4751 2632 4188 2846 
4752 4729 5276 2395 
4753 2336 2337 2334 
4754 1896 4217 1898 
4755 2044 2600 2134 
4756 4201 4964 4202 
4757 2533 3971 3970 
4758 3692 3831 3489 
4759 3200 3201 2893 
4760 4158 4162 4160 
4761 2930 4690 3929 
4762 1424 1426 1425 
4763 1403 2061 1401 
4764 2018 2020 2015 
4765 4126 4151 4124 
4766 2128 4971 3880 
4767 3412 4450 4354 
4768 2272 4098 2275 
4769 1981 4095 1979 
4770 2891 2953 2135 
4771 2777 4379 2319 
4772 2591 4251 3101 
4773 1563 1564 1561 
4774 3252 4646 3002 
4775 1790 1829 1816 
4776 2525 4305 4303 
4777 1291 4114 4113 
4778 2988 3933 2989 
4779 3589 3591 3588 
4780 4307 4308 4117 
4781 4128 4142 4126 
4782 1291 4112 130 
4783 1289 4152 179 
4784 127 4156 1295 
4785 1841 4086 1759 
4786 3886 3913 3887 
4787 2441 2444 2443 
4788 2516 4355 1858 
4789 3356 3420 3355 
4790 80 3810 81 
4791 2124 4305 2525 
4792 1298 4168 175 
4793 1293 4165 224 
4794 229 4167 1290 
4795 1295 4166 126 
4796 1297 4157 273 
4797 2881 3379 2884 
4798 4264 4265 3344 
4799 2630 4188 2632 
4800 4118 4307 4117 
4801 2978 4295 4258 
4802 1564 4342 1566 
4803 3858 5085 3859 
4804 2025 4204 2023 
4805 2700 2814 2592 
4806 1733 2918 1719 
4807 2108 2109 2035 
4808 3271 4070 3687 
4809 2019 4200 4199 
4810 3179 3385 3091 
4811 1593 1596 1595 
4812 2116 2117 2114 
4813 2623 4257 2627 
4814 2047 2050 2049 
4815 2574 2663 2662 
4816 3382 3557 3383 
4817 1237 4169 124 
4818 1236 4170 222 
4819 4387 4389 1318 
4820 2805 3006 2806 
4821 1538 4419 1541 
4822 1308 4172 232 
4823 2873 3599 2875 
4824 3016 4534 3450 
4825 4115 4146 4113 
4826 1419 4317 1422 
4827 2028 2029 2025 
4828 3117 3469 3169 
4829 1265 4646 4566 
4830 2097 2100 2099 
4831 2877 3472 2879 
4832 2036 2720 2029 
4833 2853 2854 2724 
4834 2066 2068 2067 
4835 4228 4231 4230 
4836 1452 2160 1454 
4837 1985 4107 1983 
4838 4114 4116 4115 
4839 3269 4624 3006 
4840 3021 3573 3572 
4841 4378 4379 2777 
4842 2995 3933 2988 
4843 2941 2942 2894 
4844 3109 4091 3633 
4845 4160 4161 4159 
4846 2167 4416 4266 
4847 1779 2377 1781 
4848 1294 4177 122 
4849 2723 2724 2721 
4850 4251 4252 3101 
4851 2870 2965 2964 
4852 2787 4302 2998 
4853 1234 4176 283 
4854 1232 4175 185 
4855 1233 4183 234 
4856 4134 4307 4118 
4857 2057 2121 2058 
4858 2910 4195 2748 
4859 4116 4118 4117 
4860 4401 4402 1262 
4861 4143 4149 4122 
4862 2542 4324 1438 
4863 1768 4220 1779 
4864 2423 4821 3857 
4865 3217 3218 2981 
4866 2544 4257 2623 
4867 2655 5264 5195 
4868 3648 3649 2979 
4869 2066 3929 2478 
4870 2998 4302 3435 
4871 3666 5579 1294 
4872 1977 4382 1976 
4873 2699 2700 2592 
4874 3971 3973 3972 
4875 2879 4077 2881 
4876 3184 4970 3453 
4877 4413 4414 3313 
4878 2577 2646 2645 
4879 1320 4426 199 
4880 2363 4784 3837 
4881 3738 3739 3737 
4882 2480 4107 1985 
4883 1230 4208 267 
4884 4132 4262 4130 
4885 3527 4250 3630 
4886 1829 1834 1830 
4887 4371 4493 2755 
4888 2117 3941 2114 
4889 3847 4341 3302 
4890 4050 4055 4052 
4891 1902 1905 1904 
4892 1305 4207 236 
4893 1304 4206 187 
4894 2444 2591 2443 
4895 2856 2857 2700 
4896 4142 4151 4126 
4897 1200 4349 3788 
4898 1697 3949 3948 
4899 182 4017 1241 
4900 2679 2999 2454 
4901 2247 5218 4300 
4902 4280 4283 4282 
4903 2653 4344 2654 
4904 2352 2601 2351 
4905 4510 5438 3664 
4906 1492 1494 1493 
4907 2737 4315 2735 
4908 2166 2167 2120 
4909 2308 2550 2469 
4910 4255 4546 4256 
4911 1898 1901 1900 
4912 3006 3220 3219 
4913 2429 2430 2340 
4914 3278 3397 3280 
4915 1492 4039 2520 
4916 1837 2351 1770 
4917 1602 1604 1603 
4918 1533 4415 1534 
4919 1413 1416 1415 
4920 1871 1872 1756 
4921 3412 4354 3409 
4922 2275 2283 2277 
4923 2304 2307 2306 
4924 4222 4454 2377 
4925 2068 2070 2069 
4926 1906 1909 1908 
4927 1834 1844 1835 
4928 3297 4186 4185 
4929 1256 4424 4423 
4930 1765 1770 1739 
4931 2956 2957 2563 
4932 2550 4310 2726 
4933 2412 2764 2414 
4934 1530 4357 1533 
4935 1787 4323 1958 
4936 4277 4278 1223 
4937 2583 2587 2585 
4938 4369 4371 4286 
4939 2931 3609 3151 
4940 1989 4210 1987 
4941 2300 2303 2302 
4942 1256 4425 4424 
4943 4135 4141 4132 
4944 3421 3496 3420 
4945 3528 4250 3527 
4946 4221 4222 2377 
4947 1494 1496 1495 
4948 2606 2788 2630 
4949 1738 1739 1694 
4950 4381 5260 4450 
4951 1983 2655 1981 
4952 4141 4262 4132 
4953 3847 5275 2378 
4954 2037 4210 1989 
4955 4277 4279 4278 
4956 2855 4079 4078 
4957 1395 1412 1409 
4958 2692 4299 2505 
4959 1267 3877 3799 
4960 4329 4330 4328 
4961 2417 2441 2440 
4962 4283 4285 4282 
4963 2435 2523 2434 
4964 3599 4089 2875 
4965 2228 2230 2229 
4966 2296 2299 2298 
4967 1229 4182 120 
4968 2536 4266 3239 
4969 1793 2436 1795 
4970 4384 4385 1316 
4971 1570 1571 1569 
4972 2486 4409 2618 
4973 2723 2855 2853 
4974 1720 4775 1740 
4975 2670 2898 2897 
4976 3742 3743 3741 
4977 3949 3952 3950 
4978 2533 4458 3971 
4979 3044 4356 3041 
4980 2270 2309 2272 
4981 4242 4443 4245 
4982 4255 4256 2309 
4983 1915 1917 1916 
4984 3220 4624 3565 
4985 4227 4611 4454 
4986 3302 4341 3619 
4987 1909 3938 2179 
4988 2824 4325 2672 
4989 1537 4419 1538 
4990 2018 2021 2020 
4991 3651 3840 3584 
4992 3537 4607 2951 
4993 3220 3363 3362 
4994 3205 4264 3344 
4995 1419 1422 1421 
4996 1644 1647 1646 
4997 2646 2675 2674 
4998 1942 1943 1938 
4999 2572 4022 4021 
5000 2712 3004 2832 
5001 2176 2246 2245 
5002 1579 4859 3937 
5003 3354 3355 3285 
5004 2008 4199 2006 
5005 2182 4046 2805 
5006 3633 3634 3632 
5007 3916 5506 5377 
5008 1301 4350 167 
5009 2843 2971 2608 
5010 2036 2722 2721 
5011 2441 2443 2440 
5012 2943 2944 2942 
5013 4340 4899 1714 
5014 1412 4248 1413 
5015 1848 4290 2560 
5016 2792 4264 3205 
5017 2615 2746 2616 
5018 2751 4886 2821 
5019 1987 2480 1985 
5020 3714 3716 3715 
5021 1256 4423 197 
5022 3488 3489 3486 
5023 2137 2140 2139 
5024 3409 4354 3407 
5025 4490 4723 2363 
5026 2239 4021 2234 
5027 2962 3203 2961 
5028 1710 4375 2650 
5029 3411 4380 3412 
5030 4199 4201 2006 
5031 4209 5461 3337 
5032 1570 4363 1571 
5033 1917 1919 1918 
5034 292 4374 291 
5035 1631 2929 1634 
5036 2870 4269 3268 
5037 1800 2188 1802 
5038 2673 4705 3386 
5039 4279 4280 4278 
5040 3342 5309 4386 
5041 2632 2846 2634 
5042 2757 3197 2756 
5043 2282 2286 2285 
5044 3114 3117 3116 
5045 2524 2781 2523 
5046 3472 4077 2879 
5047 3934 4466 2903 
5048 178 1245 177 
5049 227 1244 226 
5050 276 1246 275 
5051 129 1243 128 
5052 4022 4024 4023 
5053 2291 2295 2294 
5054 1302 4351 265 
5055 3841 3842 3381 
5056 2026 2582 2020 
5057 4136 4489 4144 
5058 278 1287 277 
5059 131 1291 130 
5060 176 1298 175 
5061 225 1293 224 
5062 274 1297 273 
5063 229 1290 228 
5064 180 1289 179 
5065 127 1295 126 
5066 2663 2845 2844 
5067 2484 2620 2485 
5068 1524 1527 1526 
5069 2492 4289 2494 
5070 3197 3671 3198 
5071 1767 4069 1946 
5072 1430 1432 1431 
5073 5385 5393 3557 
5074 2287 2290 2289 
5075 182 1241 181 
5076 231 1242 230 
5077 280 1239 279 
5078 125 1237 124 
5079 223 1236 222 
5080 272 1238 271 
5081 133 1240 132 
5082 174 1235 173 
5083 2247 4300 2249 
5084 2850 3451 2170 
5085 4551 5511 3869 
5086 3435 3662 3495 
5087 3315 4974 3295 
5088 2933 4472 2801 
5089 1575 1576 1573 
5090 2309 4098 2272 
5091 4293 4348 3054 
5092 2159 4215 1894 
5093 3971 4458 3976 
5094 3476 3477 3121 
5095 2965 2967 2966 
5096 282 1310 281 
5097 135 1306 134 
5098 123 1294 122 
5099 172 1288 171 
5100 221 1292 220 
5101 270 1296 269 
5102 184 1307 183 
5103 233 1308 232 
5104 1844 1846 1845 
5105 2703 2900 2467 
5106 2762 4382 1977 
5107 1599 1602 1601 
5108 2620 2694 2639 
5109 4008 4047 4010 
5110 1528 4357 1530 
5111 3440 4325 2824 
5112 4871 5533 1327 
5113 2494 2978 2544 
5114 1643 4011 1644 
5115 2070 2072 2071 
5116 2023 4405 2021 
5117 2909 3834 3627 
5118 2945 2946 2944 
5119 3885 3889 3888 
5120 1496 1498 1497 
5121 1919 1921 1920 
5122 2122 2353 2124 
5123 2050 3854 2919 
5124 2971 5223 4249 
5125 4059 4060 3842 
5126 284 1234 283 
5127 170 1227 169 
5128 219 1228 218 
5129 268 1230 267 
5130 137 1231 136 
5131 121 1229 120 
5132 186 1232 185 
5133 235 1233 234 
5134 2237 2484 2239 
5135 4103 4814 2286 
5136 4344 4345 3612 
5137 1748 2602 1767 
5138 3990 4502 3992 
5139 2508 5152 3998 
5140 2501 4362 2415 
5141 3497 3498 3496 
5142 2182 2805 2565 
5143 2267 4255 2270 
5144 2028 2030 2029 
5145 4952 5087 3457 
5146 1545 1547 1546 
5147 2754 3543 3368 
5148 1685 2637 1709 
5149 3659 5310 3469 
5150 2054 2057 2056 
5151 1978 2548 2191 
5152 3061 3814 3262 
5153 1270 5148 4349 
5154 119 1299 118 
5155 217 1300 216 
5156 266 1302 265 
5157 188 1304 187 
5158 237 1305 236 
5159 139 1303 138 
5160 168 1301 167 
5161 286 1309 285 
5162 4396 4397 1253 
5163 2554 4323 4296 
5164 2583 2584 2582 
5165 1958 4323 2554 
5166 4566 4727 1332 
5167 2063 2066 2065 
5168 1485 4364 2970 
5169 1976 2990 1814 
5170 3575 3577 3576 
5171 1832 2053 1957 
5172 146 4962 1249 
5173 4130 4322 4128 
5174 1636 1641 1640 
5175 3380 3922 2927 
5176 3958 3959 3956 
5177 1530 1533 1532 
5178 2249 2252 2251 
5179 289 1223 288 
5180 263 1217 262 
5181 142 1226 141 
5182 116 1215 115 
5183 214 1218 213 
5184 165 1216 164 
5185 191 1224 190 
5186 240 1225 239 
5187 1846 1876 1847 
5188 2694 2976 2975 
5189 2654 4344 2963 
5190 1534 1537 1536 
5191 1731 1774 1752 
5192 2675 2677 2676 
5193 2768 4086 1841 
5194 3206 3682 2916 
5195 1912 1915 1914 
5196 1481 1694 1407 
5197 2939 4708 2938 
5198 1651 1653 1652 
5199 4061 4062 4060 
5200 1730 4407 1703 
5201 2554 4296 2686 
5202 1850 4458 1852 
5203 2482 2615 2530 
5204 1427 1430 1429 
5205 3923 3924 2105 
5206 2794 4411 2799 
5207 2585 2586 2584 
5208 4242 4243 4240 
5209 1689 4347 1498 
5210 2959 2960 2917 
5211 1547 1550 1549 
5212 1432 1434 1433 
5213 4223 4224 4222 
5214 3329 4382 2762 
5215 2686 3236 2792 
5216 3766 4269 3769 
5217 2606 4194 2788 
5218 2128 3880 1872 
5219 4227 4454 4222 
5220 1842 2163 1841 
5221 2144 2145 2143 
5222 1498 1500 1499 
5223 1456 1471 1458 
5224 5027 5331 3994 
5225 3539 3540 3203 
5226 2658 4319 2515 
5227 2199 2201 2200 
5228 2180 2940 2860 
5229 1991 2037 1989 
5230 3355 4448 3285 
5231 4420 4421 1247 
5232 4064 4065 4062 
5233 3982 3983 3980 
5234 3328 3329 2762 
5235 2967 2969 2968 
5236 3982 3984 3983 
5237 4388 4389 4387 
5238 1940 4203 2412 
5239 3205 3344 3343 
5240 1219 4383 3812 
5241 1968 1969 1967 
5242 2735 4362 2501 
5243 2337 4606 2334 
5244 2719 2756 2658 
5245 3033 4795 3830 
5246 1876 1878 1877 
5247 2595 4505 1952 
5248 2486 2618 2617 
5249 1485 2970 1487 
5250 3282 3357 3233 
5251 3126 4761 3128 
5252 4204 4519 4405 
5253 2605 2606 2586 
5254 3031 3033 3032 
5255 2598 4368 2447 
5256 2623 2627 2625 
5257 4399 4401 208 
5258 2536 3239 3238 
5259 209 4399 208 
5260 3499 3654 3498 
5261 2146 2147 2145 
5262 3061 3262 3058 
5263 1315 4276 290 
5264 1316 4274 143 
5265 1318 4273 241 
5266 144 4384 1316 
5267 193 4386 1317 
5268 242 4387 1318 
5269 1471 3946 2899 
5270 2207 2241 2206 
5271 3972 4804 3975 
5272 1566 4342 1570 
5273 2525 4303 2707 
5274 1602 3945 2540 
5275 2744 3010 2836 
5276 2963 3612 3253 
5277 2110 2112 2111 
5278 2258 2292 2259 
5279 3165 4559 3167 
5280 2963 4344 3612 
5281 2283 4101 2277 
5282 4215 4217 1896 
5283 1586 1587 1585 
5284 2637 4301 1709 
5285 1697 4508 3949 
5286 3067 4437 3596 
5287 2019 4199 2008 
5288 3958 3960 3959 
5289 1791 4611 1793 
5290 4315 4515 4362 
5291 2255 2258 2257 
5292 2672 2692 2505 
5293 1653 1655 1654 
5294 2286 2287 2285 
5295 2033 4449 2355 
5296 3891 3893 3892 
5297 3846 4437 3067 
5298 1550 1552 1551 
5299 1317 4912 3999 
5300 2582 4460 2020 
5301 2707 3073 2787 
5302 2742 3267 2740 
5303 2057 4040 2696 
5304 4189 4190 2846 
5305 1331 1332 1196 
5306 2780 3249 2808 
5307 2745 4247 3287 
5308 3823 5574 3822 
5309 1430 4508 1432 
5310 1655 1657 1656 
5311 2998 3435 3351 
5312 1972 1973 1971 
5313 3174 3316 3063 
5314 2515 4377 2323 
5315 2205 2206 2204 
5316 1592 1593 1591 
5317 2108 2110 2109 
5318 1571 4363 1575 
5319 1304 5231 4591 
5320 2679 3000 2999 
5321 3197 3198 2756 
5322 2229 4075 2225 
5323 1878 1880 1879 
5324 1641 3964 2158 
5325 1500 1502 1501 
5326 4128 4322 4142 
5327 2046 2047 1973 
5328 2142 2143 2131 
5329 1657 1659 1658 
5330 2638 4914 4511 
5331 1538 1541 1540 
5332 3000 3607 3306 
5333 1527 3935 2669 
5334 3405 3406 3358 
5335 2576 2949 2939 
5336 3304 3425 2960 
5337 2947 3511 2946 
5338 2148 2149 2147 
5339 131 4148 1291 
5340 3310 3456 3455 
5341 2007 2008 2006 
5342 2290 2291 2289 
5343 3830 4822 2420 
5344 2215 2216 2214 
5345 3452 5010 3828 
5346 4331 5230 4455 
5347 3033 3126 3034 
5348 3059 3061 3058 
5349 4066 4067 4065 
5350 2072 2074 2073 
5351 2444 2699 2592 
5352 3306 4430 4429 
5353 3319 4368 2862 
5354 1659 1661 1660 
5355 1434 1436 1435 
5356 2677 2698 2697 
5357 3952 4665 4012 
5358 1661 4961 1720 
5359 1590 1591 1589 
5360 2725 4011 1643 
5361 2513 3175 2803 
5362 1744 3019 1730 
5363 2653 4762 4344 
5364 2581 2838 2837 
5365 1921 1923 1922 
5366 2395 5276 4193 
5367 2618 2748 2619 
5368 4231 4232 4230 
5369 2010 2011 2008 
5370 198 4426 1256 
5371 3694 5250 3693 
5372 4185 4187 2778 
5373 1582 1583 1581 
5374 3200 4346 3201 
5375 2295 2296 2294 
5376 2922 2924 2923 
5377 1661 1663 1662 
5378 2412 2414 2413 
5379 2862 4368 2598 
5380 4420 4422 4421 
5381 4591 4917 1304 
5382 3448 5530 3509 
5383 4261 4679 4603 
5384 1894 4215 1896 
5385 3091 4531 3089 
5386 2012 2013 2011 
5387 2901 2902 2900 
5388 1248 4388 4387 
5389 2118 4266 2536 
5390 2705 4545 3394 
5391 2746 4185 2778 
5392 3054 4404 3050 
5393 4208 4858 1302 
5394 2591 3101 2793 
5395 1812 1841 1759 
5396 5304 5399 4441 
5397 3019 4407 1730 
5398 2940 3265 3264 
5399 1489 1492 1491 
5400 1315 4369 4276 
5401 1598 1599 1597 
5402 1608 1610 1609 
5403 2920 3195 2578 
5404 4091 5180 3633 
5405 2015 4460 2013 
5406 1542 1545 1544 
5407 2926 2928 2927 
5408 2203 2332 2331 
5409 2699 2856 2700 
5410 3046 3063 3044 
5411 1761 1763 1762 
5412 1418 4317 1419 
5413 4229 4611 4227 
5414 2726 3093 2664 
5415 4069 4105 1946 
5416 2299 2300 2298 
5417 2014 2015 2013 
5418 3163 3164 3062 
5419 2895 3255 2782 
5420 2778 4187 2780 
5421 3214 4460 2582 
5422 1774 1776 1775 
5423 1997 1998 1995 
5424 2719 2757 2756 
5425 1218 4557 213 
5426 2748 2871 2749 
5427 128 4156 127 
5428 179 4152 178 
5429 130 4112 129 
5430 3239 3475 3240 
5431 3411 3412 3409 
5432 2414 2417 2416 
5433 1593 4586 1596 
5434 2074 2076 2075 
5435 1827 4478 1825 
5436 2001 2002 1999 
5437 4846 5095 3960 
5438 1848 1850 1849 
5439 2336 2338 2337 
5440 126 4166 125 
5441 175 4168 174 
5442 224 4165 223 
5443 273 4157 272 
5444 230 4167 229 
5445 2745 3287 3247 
5446 1723 4453 1748 
5447 232 4172 231 
5448 4378 4714 4379 
5449 2307 2308 2306 
5450 2226 4682 4004 
5451 4277 4286 4279 
5452 1570 4428 4363 
5453 2871 2873 2872 
5454 1880 1882 1881 
5455 2270 2272 2271 
5456 1850 1852 1851 
5457 3430 4533 3305 
5458 4444 4641 1374 
5459 124 4169 123 
5460 222 4170 221 
5461 3849 4597 4553 
5462 3484 3820 3482 
5463 4053 4057 4054 
5464 2116 2118 2117 
5465 2550 2664 2469 
5466 1469 3446 3161 
5467 4603 4679 3660 
5468 2794 2799 2399 
5469 283 4176 282 
5470 185 4175 184 
5471 234 4183 233 
5472 2270 4255 2309 
5473 4190 5279 5047 
5474 4164 5131 1296 
5475 2303 2304 2302 
5476 3639 4797 3176 
5477 2873 2875 2874 
5478 4035 4889 3217 
5479 3316 4020 3063 
5480 1596 1597 1595 
5481 2740 4315 2737 
5482 122 4177 121 
5483 3275 3276 2902 
5484 1745 4496 3416 
5485 197 4423 196 
5486 187 4206 186 
5487 236 4207 235 
5488 1552 1554 1553 
5489 3265 3514 3513 
5490 2548 4309 2191 
5491 3402 3440 2824 
5492 2417 2440 2439 
5493 1254 5077 3693 
5494 2311 2956 2563 
5495 267 4208 266 
5496 3938 4564 2179 
5497 1923 1925 1924 
5498 2150 2151 2149 
5499 2246 2247 2245 
5500 2949 3430 3305 
5501 3295 3319 2862 
5502 2052 4935 1829 
5503 3713 5503 3921 
5504 4390 4722 1667 
5505 3474 4969 4110 
5506 3018 4712 1713 
5507 1693 4844 1612 
5508 2338 2340 2339 
5509 3297 4185 2746 
5510 2774 2886 2885 
5511 1502 1504 1503 
5512 2474 4447 2371 
5513 3126 3128 3127 
5514 3057 3058 3055 
5515 2005 2006 2003 
5516 1320 4427 4426 
5517 1643 1644 1642 
5518 1426 4076 1427 
5519 1776 1809 1808 
5520 3488 3692 3489 
5521 2983 2984 2908 
5522 3696 4594 4563 
5523 2520 4786 4558 
5524 1436 1438 1437 
5525 1915 4406 1917 
5526 2928 3245 3244 
5527 1238 4367 271 
5528 4280 4282 4281 
5529 2412 4203 2764 
5530 2217 2218 2216 
5531 2076 2078 2077 
5532 2805 4046 3269 
5533 2449 4470 2221 
5534 1946 4105 1978 
5535 2847 4923 4181 
5536 1783 2811 1941 
5537 3661 4092 3237 
5538 183 4017 182 
5539 2875 2877 2876 
5540 3262 4294 4293 
5541 1757 1789 1737 
5542 3062 4287 3061 
5543 1365 4689 2570 
5544 1852 1854 1853 
5545 3400 3401 2932 
5546 2953 3927 2135 
5547 1554 1556 1555 
5548 2601 4299 2991 
5549 3046 4404 3174 
5550 1911 4038 1912 
5551 4319 4377 2515 
5552 2166 2168 2167 
5553 3237 3941 2117 
5554 3897 3899 3898 
5555 3046 3174 3063 
5556 3984 3986 3985 
5557 1418 1419 1417 
5558 1478 2204 1474 
5559 2272 2275 2274 
5560 4268 4750 1785 
5561 1667 4571 4390 
5562 1412 1413 1409 
5563 1710 2650 1688 
5564 3128 3165 3129 
5565 1925 1927 1926 
5566 3935 3937 3936 
5567 143 4274 142 
5568 241 4273 240 
5569 290 4276 289 
5570 3058 4293 3055 
5571 1610 1612 1611 
5572 1854 1856 1855 
5573 3237 4092 3941 
5574 3752 3753 1205 
5575 112 4395 1252 
5576 210 4396 1253 
5577 2811 3216 3215 
5578 1614 4844 4074 
5579 2956 3124 2957 
5580 1556 1559 1558 
5581 3949 4508 3954 
5582 214 4977 1218 
5583 1504 1506 1505 
5584 193 1317 192 
5585 291 1315 290 
5586 242 1318 241 
5587 144 1316 143 
5588 2877 2879 2878 
5589 2327 2393 2362 
5590 2563 4409 2486 
5591 4397 4398 1253 
5592 4487 4673 3456 
5593 3277 3278 3276 
5594 1763 1783 1764 
5595 163 1313 162 
5596 261 1311 260 
5597 114 1312 113 
5598 212 1314 211 
5599 2038 4507 2325 
5600 2275 2277 2276 
5601 4033 5224 3290 
5602 3899 3901 3900 
5603 167 4350 166 
5604 3986 3988 3987 
5605 1814 4492 1679 
5606 2219 2220 2218 
5607 3440 4335 4325 
5608 1416 1417 1415 
5609 3903 4856 3908 
5610 4980 5063 3203 
5611 2574 4564 2663 
5612 3267 4315 2740 
5613 3052 3054 3050 
5614 2393 2507 2506 
5615 1223 4592 288 
5616 2078 2080 2079 
5617 3344 3345 3343 
5618 2805 2806 2565 
5619 2096 2097 2094 
5620 1396 4444 1374 
5621 1438 1440 1439 
5622 5255 5303 1799 
5623 1681 4687 2993 
5624 1641 1642 1640 
5625 3006 3219 2806 
5626 1940 2412 2411 
5627 3175 3638 3176 
5628 3216 3570 3554 
5629 3061 4287 3814 
5630 4119 4120 4118 
5631 1882 1884 1883 
5632 1605 1608 1607 
5633 4204 4405 2023 
5634 3984 5011 3986 
5635 1263 3763 3752 
5636 2507 2553 2552 
5637 2263 2266 2265 
5638 2627 2687 2625 
5639 3165 3167 3166 
5640 1303 4376 138 
5641 2838 3437 3246 
5642 2222 2223 2220 
5643 2277 2279 2278 
5644 1856 1858 1857 
5645 3382 3383 2977 
5646 1612 1614 1613 
5647 1905 1906 1904 
5648 2627 4890 2687 
5649 265 4351 264 
5650 3414 4380 3411 
5651 1834 4935 2423 
5652 3591 5525 3813 
5653 3992 4474 3994 
5654 2152 2153 2151 
5655 3583 3585 3584 
5656 1506 1508 1507 
5657 4370 4374 4373 
5658 5265 5473 4499 
5659 3687 5284 3443 
5660 2854 3109 3108 
5661 2985 2986 2984 
5662 1651 4827 1653 
5663 1559 1561 1560 
5664 1809 1839 1838 
5665 2267 2270 2269 
5666 2615 2616 2530 
5667 3478 5478 5300 
5668 2950 3841 3381 
5669 1265 4566 1331 
5670 4402 4403 1262 
5671 2022 2023 2021 
5672 1241 5191 4155 
5673 2673 3386 2711 
5674 3179 3428 3385 
5675 3988 3990 3989 
5676 1533 5269 4415 
5677 2050 2051 2049 
5678 1821 2973 1823 
5679 2991 4455 2790 
5680 2100 2101 2099 
5681 2355 4449 2611 
5682 2746 2778 2616 
5683 1614 1616 1615 
5684 3585 3587 3586 
5685 2017 2018 2015 
5686 1901 1902 1900 
5687 2601 2991 2790 
5688 1701 4514 1682 
5689 2191 4309 2482 
5690 1372 4577 1768 
5691 1482 1483 1476 
5692 2818 4863 3442 
5693 2638 4076 1426 
5694 2121 2122 2058 
5695 1649 1650 1648 
5696 1314 4396 211 
5697 1312 4395 113 
5698 4234 5565 4235 
5699 2553 4247 2745 
5700 4140 4489 4136 
5701 1475 1476 1472 
5702 3167 3298 3168 
5703 2702 2869 2575 
5704 1647 1648 1646 
5705 3145 3208 3144 
5706 3771 3772 1204 
5707 4082 4083 3146 
5708 2573 4038 1911 
5709 1858 1860 1859 
5710 2429 2431 2430 
5711 3328 3518 3329 
5712 3894 3897 3896 
5713 1275 3725 3724 
5714 2252 2253 2251 
5715 3289 5091 3459 
5716 1424 1425 1423 
5717 195 4420 1247 
5718 2125 2327 2126 
5719 2879 2881 2880 
5720 1839 1948 1947 
5721 2193 4444 1396 
5722 4121 4122 4120 
5723 4502 5516 4474 
5724 3287 3825 3561 
5725 3206 4830 3683 
5726 2261 4361 2263 
5727 1422 1423 1421 
5728 2915 3040 2766 
5729 2987 2988 2986 
5730 4360 4361 2261 
5731 3220 3362 3219 
5732 1860 1862 1861 
5733 3059 3062 3061 
5734 2213 2214 2211 
5735 1508 1510 1509 
5736 3076 3130 3077 
5737 3245 3285 3284 
5738 1527 1528 1526 
5739 2431 2433 2432 
5740 4220 4443 4221 
5741 4256 4769 2309 
5742 3130 3132 3131 
5743 2053 2054 1957 
5744 1884 1886 1885 
5745 3132 3171 3170 
5746 4350 5471 3396 
5747 2886 2981 2980 
5748 3109 3632 3631 
5749 1616 1618 1617 
5750 3057 3059 3058 
5751 1806 4414 4413 
5752 4326 4329 4328 
5753 2024 2025 2023 
5754 1826 1848 1828 
5755 2657 2658 2515 
5756 1948 1975 1974 
5757 2766 4447 2474 
5758 1202 3875 3874 
5759 4123 4124 4122 
5760 3074 3076 3075 
5761 2881 2884 2883 
5762 3634 3637 3636 
5763 1249 4384 145 
5764 1247 4386 194 
5765 1248 4387 243 
5766 3901 3903 3902 
5767 1426 1427 1425 
5768 2448 4631 3013 
5769 4501 4931 3148 
5770 3652 3871 2958 
5771 4094 4899 4340 
5772 3999 4912 3670 
5773 4550 4600 2624 
5774 1871 2125 1872 
5775 1867 1952 1866 
5776 2279 2282 2281 
5777 2788 4194 4192 
5778 2062 2063 2051 
5779 2057 2058 2056 
5780 2127 5036 4393 
5781 4267 4838 4166 
5782 3990 3992 3991 
5783 3282 3358 3357 
5784 2080 2082 2081 
5785 3171 3173 3172 
5786 3117 3169 3116 
5787 4125 4126 4124 
5788 3418 5375 3672 
5789 1471 1472 1458 
5790 2039 4478 1827 
5791 2639 4649 2485 
5792 2741 2742 2740 
5793 1927 1929 1928 
5794 1909 1910 1908 
5795 2611 3395 2684 
5796 1274 3784 3771 
5797 2224 2225 2223 
5798 3173 3365 3364 
5799 3298 3300 3299 
5800 196 4420 195 
5801 3397 3398 3280 
5802 3841 4059 3842 
5803 3043 3044 3041 
5804 4127 4128 4126 
5805 1484 1485 1483 
5806 2572 4021 2239 
5807 3779 3780 3778 
5808 2486 2617 2292 
5809 2258 2259 2257 
5810 1618 1620 1619 
5811 4356 4792 3040 
5812 1262 4462 206 
5813 3013 4410 3461 
5814 2626 2962 2961 
5815 3469 4467 3169 
5816 1484 4364 1485 
5817 1266 3766 3765 
5818 67 1331 1196 
5819 1886 1888 1887 
5820 1564 1566 1565 
5821 3052 3055 3054 
5822 1862 1864 1863 
5823 145 4384 144 
5824 194 4386 193 
5825 243 4387 242 
5826 2103 2104 2101 
5827 1510 1512 1511 
5828 3976 3977 3973 
5829 4381 5296 5260 
5830 2154 2155 2153 
5831 2255 4539 2258 
5832 1198 3813 93 
5833 3306 4429 2999 
5834 2842 3646 3224 
5835 17 3722 1197 
5836 1911 1912 1910 
5837 3759 5118 4044 
5838 4129 4130 4128 
5839 42 3724 1195 
5840 3365 3367 3366 
5841 1953 1954 1952 
5842 1196 4002 68 
5843 3992 3994 3993 
5844 271 4367 270 
5845 1620 1622 1621 
5846 3943 4981 1835 
5847 4153 5018 3618 
5848 3405 3407 3406 
5849 1669 1715 1692 
5850 1864 1868 1865 
5851 4841 5068 2290 
5852 3112 4639 3114 
5853 1951 2603 2403 
5854 3367 3527 3526 
5855 3706 3707 3705 
5856 2252 4949 4104 
5857 212 4557 1314 
5858 2892 2941 2894 
5859 1997 1999 1998 
5860 3262 4293 3058 
5861 2718 2719 2658 
5862 4398 4400 4399 
5863 1253 4399 209 
5864 2739 2740 2737 
5865 2546 2547 2405 
5866 2321 2777 2319 
5867 2884 3028 3027 
5868 4059 4061 4060 
5869 3903 3906 3905 
5870 1315 4370 4369 
5871 2758 3007 2757 
5872 1602 1603 1601 
5873 2227 2228 2225 
5874 1252 4431 111 
5875 2001 2003 2002 
5876 71 3752 1205 
5877 3781 3782 3780 
5878 3209 3229 3208 
5879 3490 3491 3401 
5880 1233 4465 4183 
5881 96 3771 1204 
5882 2352 4299 2601 
5883 21 3765 1206 
5884 3527 3630 3629 
5885 1512 1514 1513 
5886 2414 4553 2417 
5887 1566 1569 1568 
5888 1781 4454 1791 
5889 3939 4909 2921 
5890 1790 1816 1789 
5891 1514 1516 1515 
5892 1929 1932 1931 
5893 2241 2959 2917 
5894 2732 3146 2472 
5895 3476 3478 3477 
5896 3816 3817 1269 
5897 3587 3589 3588 
5898 4131 4132 4130 
5899 4403 4462 1262 
5900 3045 3046 3044 
5901 1671 4839 1629 
5902 2976 5546 5540 
5903 2193 4445 4444 
5904 4441 4442 4440 
5905 3978 4804 3973 
5906 38 3770 1202 
5907 3456 3457 3455 
5908 1206 3816 22 
5909 4096 4505 4054 
5910 138 4376 137 
5911 1481 1738 1694 
5912 1622 1624 1623 
5913 111 4431 110 
5914 1537 1538 1536 
5915 1868 1870 1869 
5916 1955 1960 1954 
5917 1533 1534 1532 
5918 4381 4450 3412 
5919 3063 4356 3044 
5920 3630 3658 3657 
5921 4061 4064 4062 
5922 2994 2995 2988 
5923 2452 4470 2449 
5924 1975 2131 2130 
5925 1735 3018 1713 
5926 1805 1866 1750 
5927 2433 2435 2434 
5928 2652 4432 2952 
5929 3853 5593 5551 
5930 4288 5473 5265 
5931 1267 3799 3798 
5932 3133 4459 2495 
5933 4133 4135 4132 
5934 2495 4459 2354 
5935 3013 3461 3014 
5936 1932 1935 1934 
5937 4294 4998 4348 
5938 3853 5551 3852 
5939 3711 3712 3710 
5940 4440 4442 1319 
5941 2591 2793 2443 
5942 2963 3253 3068 
5943 3423 3424 3398 
5944 1334 4727 1714 
5945 3557 3558 3383 
5946 1738 1765 1739 
5947 2282 2285 2284 
5948 2781 4094 3001 
5949 2259 4360 2261 
5950 1728 4520 1746 
5951 4136 4144 4135 
5952 2775 4801 2773 
5953 1961 1979 1960 
5954 2066 2067 2065 
5955 3446 3931 3161 
5956 1765 1837 1770 
5957 3876 3877 1267 
5958 4294 5114 2273 
5959 3906 3909 3907 
5960 46 4480 1203 
5961 1516 1518 1517 
5962 1837 2352 2351 
5963 1202 3874 39 
5964 2414 2416 2413 
5965 2618 2619 2617 
5966 2514 2515 2323 
5967 2027 2028 2025 
5968 2470 4565 2751 
5969 1888 1890 1889 
5970 1440 1442 1441 
5971 4225 4242 4240 
5972 3825 5389 3561 
5973 1430 1431 1429 
5974 1214 3818 60 
5975 25 3791 1212 
5976 1265 1331 66 
5977 75 3798 1209 
5978 3047 4404 3046 
5979 63 4349 1200 
5980 3704 3705 3701 
5981 1620 4918 1687 
5982 1494 1495 1493 
5983 2082 2084 2083 
5984 291 4374 1315 
5985 2445 4500 4432 
5986 2538 3074 2760 
5987 3066 4485 3845 
5988 3001 4340 3252 
5989 3435 3495 3351 
5990 3534 3535 2889 
5991 94 3813 1274 
5992 2214 4563 2211 
5993 2326 2701 2039 
5994 2231 2232 2230 
5995 2266 4546 4255 
5996 3031 3032 2713 
5997 2782 4094 2781 
5998 1272 3722 16 
5999 1205 3876 72 
6000 1870 1875 1874 
6001 1212 3824 26 
6002 3775 3778 3773 
6003 1275 3724 41 
6004 2136 2137 2104 
6005 69 4002 1263 
6006 2031 2032 2030 
6007 3960 5095 3961 
6008 195 1247 194 
6009 244 1248 243 
6010 293 1250 292 
6011 146 1249 145 
6012 1263 3752 70 
6013 4100 4101 2283 
6014 2487 2800 2452 
6015 211 4396 210 
6016 113 4395 112 
6017 1829 1830 1816 
6018 3733 3735 3734 
6019 4294 4348 4293 
6020 3300 3302 3301 
6021 2412 2413 2411 
6022 2068 2069 2067 
6023 147 5024 4962 
6024 1274 3771 95 
6025 3477 4694 4484 
6026 1266 3765 20 
6027 2156 2157 2155 
6028 3667 5170 1228 
6029 1314 4555 4396 
6030 3253 3686 3563 
6031 3040 4447 2766 
6032 4064 4066 4065 
6033 2287 2289 2288 
6034 2005 2007 2006 
6035 4022 4023 4021 
6036 3407 5108 3406 
6037 3885 3888 3883 
6038 1204 3967 97 
6039 2340 4651 2339 
6040 3544 5555 5010 
6041 2140 2404 2139 
6042 29 3806 1222 
6043 2996 3548 2995 
6044 1328 4441 4440 
6045 1201 4259 14 
6046 3924 5526 4010 
6047 161 1251 160 
6048 259 1254 258 
6049 112 1252 111 
6050 210 1253 209 
6051 2870 2964 2869 
6052 34 3804 1210 
6053 2325 4507 2538 
6054 1492 1493 1491 
6055 2663 4564 2921 
6056 84 3794 1211 
6057 3805 5475 3745 
6058 1541 1542 1540 
6059 1748 4453 2602 
6060 4563 4594 2209 
6061 1812 1842 1841 
6062 2417 2439 2416 
6063 4346 5497 1213 
6064 3728 3733 3731 
6065 3519 3640 3008 
6066 4280 4281 4278 
6067 3354 3356 3355 
6068 1376 1378 1377 
6069 4847 4890 2627 
6070 1980 1981 1979 
6071 1432 1433 1431 
6072 1277 3805 3804 
6073 4423 4424 4422 
6074 1988 1989 1987 
6075 1986 1987 1985 
6076 4241 4523 4226 
6077 1935 1938 1937 
6078 2900 4606 2467 
6079 1624 4808 4807 
6080 3254 5055 5012 
6081 2266 2267 2265 
6082 2311 4539 2956 
6083 1442 1444 1443 
6084 3441 5464 4211 
6085 2915 3041 3040 
6086 3050 4404 3047 
6087 2606 2630 2629 
6088 2611 4449 3395 
6089 247 4435 1257 
6090 149 4434 1258 
6091 296 4433 1255 
6092 2007 2010 2008 
6093 2654 2963 2731 
6094 2448 3013 2450 
6095 1631 4839 2929 
6096 1571 1573 1572 
6097 1273 4480 45 
6098 2953 5510 3681 
6099 296 1255 295 
6100 149 1258 148 
6101 198 1256 197 
6102 247 1257 246 
6103 5187 5210 3783 
6104 1322 4435 248 
6105 1319 4434 150 
6106 1321 4433 297 
6107 3420 5160 3355 
6108 2748 2749 2619 
6109 40 3874 1275 
6110 23 3816 1269 
6111 3373 4525 2348 
6112 298 4439 1321 
6113 151 4440 1319 
6114 3484 4085 3820 
6115 150 4434 149 
6116 248 4435 247 
6117 297 4433 296 
6118 156 4438 1323 
6119 254 4436 1326 
6120 1268 3770 37 
6121 109 1259 108 
6122 256 1261 255 
6123 158 1260 157 
6124 207 1262 206 
6125 2120 4266 2118 
6126 3589 3592 3591 
6127 2341 4918 1618 
6128 1261 4436 255 
6129 1260 4438 157 
6130 200 1320 199 
6131 151 1319 150 
6132 249 1322 248 
6133 298 1321 297 
6134 1328 4440 152 
6135 1327 4439 299 
6136 299 4439 298 
6137 152 4440 151 
6138 255 4436 254 
6139 157 4438 156 
6140 156 1323 155 
6141 254 1326 253 
6142 107 1324 106 
6143 205 1325 204 
6144 300 1327 299 
6145 153 1328 152 
6146 202 1329 201 
6147 251 1330 250 
6148 1834 1835 1830 
6149 1768 1779 1769 
6150 2010 2012 2011 
6151 1347 1806 1349 
6152 3571 5349 4576 
6153 2270 2271 2269 
6154 2427 4497 2366 
6155 3049 3050 3047 
6156 4329 4332 4330 
6157 1545 1546 1544 
6158 1269 3791 24 
6159 3302 3619 3303 
6160 3739 3741 3740 
6161 2034 2035 2032 
6162 1267 3798 74 
6163 61 3818 1270 
6164 196 4423 4420 
6165 2564 4075 2229 
6166 1496 1497 1495 
6167 4112 5012 1243 
6168 2012 2014 2013 
6169 3878 5096 3923 
6170 2871 2872 2749 
6171 3314 4411 2794 
6172 2734 2735 2501 
6173 1852 4458 2533 
6174 1256 4426 4425 
6175 3914 3915 3913 
6176 3184 3453 3436 
6177 2800 4471 4470 
6178 2177 2178 2157 
6179 1984 1985 1983 
6180 3066 3845 3844 
6181 2084 2086 2085 
6182 4100 4842 4101 
6183 1875 2042 2041 
6184 3713 3714 3712 
6185 2435 2524 2523 
6186 2873 2874 2872 
6187 2911 2933 2801 
6188 2652 2952 2951 
6189 2100 5042 2425 
6190 3509 5530 4214 
6191 2477 2653 2641 
6192 4372 4493 4371 
6193 3356 3421 3420 
6194 1736 4394 1751 
6195 1777 4496 1745 
6196 3101 3391 2793 
6197 1982 1983 1981 
6198 2440 2442 2439 
6199 3735 3737 3736 
6200 2471 4532 3011 
6201 4398 4399 1253 
6202 1378 1380 1379 
6203 2445 4432 2652 
6204 2020 4460 2015 
6205 2846 4263 2634 
6206 2291 2294 2293 
6207 1915 1916 1914 
6208 1270 4349 62 
6209 15 4259 1272 
6210 1444 1446 1445 
6211 2596 4261 1604 
6212 3372 4857 4749 
6213 2972 3523 2856 
6214 3956 4324 2542 
6215 3158 4545 2705 
6216 2233 2234 2232 
6217 73 3876 1267 
6218 2070 2071 2069 
6219 27 3824 1283 
6220 2272 2274 2271 
6221 2577 2645 2547 
6222 2535 4461 2376 
6223 3891 3892 3889 
6224 4053 4054 4051 
6225 1890 1892 1891 
6226 3980 4355 2516 
6227 1681 2993 1700 
6228 4459 4530 2354 
6229 1604 1605 1603 
6230 2044 2134 2133 
6231 1651 1652 1650 
6232 1624 1626 1625 
6233 1283 3806 28 
6234 4471 4590 4470 
6235 2205 2207 2206 
6236 1365 2570 1367 
6237 1276 3795 3794 
6238 1547 1549 1546 
6239 206 4462 205 
6240 2155 4940 2498 
6241 1779 1781 1780 
6242 1787 4520 4323 
6243 98 3967 1280 
6244 2554 2686 2579 
6245 3191 3231 3190 
6246 1335 3653 1333 
6247 1446 1448 1447 
6248 1434 1435 1433 
6249 2437 4940 2157 
6250 79 4383 1219 
6251 2524 2782 2781 
6252 1963 5145 4265 
6253 1604 4261 1605 
6254 3294 3295 2862 
6255 2962 3539 3203 
6256 3319 4829 4368 
6257 3051 3052 3050 
6258 2630 2632 2631 
6259 2898 5504 3429 
6260 2107 2108 2035 
6261 2875 2876 2874 
6262 1917 1918 1916 
6263 2196 2197 2178 
6264 4224 4228 4227 
6265 2042 2044 2043 
6266 3693 5250 1254 
6267 2134 2176 2175 
6268 2086 2088 2087 
6269 2686 2792 2791 
6270 2861 2862 2598 
6271 2755 4849 4286 
6272 1550 1551 1549 
6273 2477 4538 2653 
6274 2441 4597 2444 
6275 2608 4249 1576 
6276 1410 2193 1396 
6277 2721 4645 2720 
6278 4020 4356 3063 
6279 2959 3304 2960 
6280 4179 4182 1229 
6281 2774 2885 2590 
6282 2377 4454 1781 
6283 2296 2298 2297 
6284 3162 3163 3062 
6285 2173 2174 1965 
6286 1946 1978 1962 
6287 2455 2679 2454 
6288 1498 1499 1497 
6289 4282 4284 4281 
6290 1844 1845 1835 
6291 2739 2741 2740 
6292 3043 3045 3044 
6293 2792 3205 3204 
6294 1576 1578 1577 
6295 2576 4586 2949 
6296 1380 1382 1381 
6297 2236 2237 2234 
6298 1626 1629 1628 
6299 1478 2205 2204 
6300 1943 1945 1944 
6301 3372 5085 2171 
6302 1919 1920 1918 
6303 4070 5198 2374 
6304 88 4770 1199 
6305 1727 4514 1701 
6306 1767 1946 1810 
6307 2849 4497 2427 
6308 2895 3313 3255 
6309 2941 2943 2942 
6310 2275 2276 2274 
6311 2247 2249 2248 
6312 3056 3057 3055 
6313 3395 3597 2684 
6314 1990 1991 1989 
6315 3386 3516 2711 
6316 2300 2302 2301 
6317 1745 3416 1727 
6318 2628 3373 2348 
6319 2965 2966 2964 
6320 1781 1791 1782 
6321 1518 1520 1519 
6322 4370 4373 4372 
6323 1978 2191 2190 
6324 2471 3011 2747 
6325 4094 4340 3001 
6326 3134 3135 3133 
6327 2277 2278 2276 
6328 1359 2365 1356 
6329 1892 1894 1893 
6330 2176 2245 2244 
6331 1277 3804 33 
6332 2213 2215 2214 
6333 1291 4148 4114 
6334 3097 4506 2497 
6335 2877 2878 2876 
6336 2800 4470 2452 
6337 1964 1965 1777 
6338 2514 2657 2515 
6339 1748 1767 1766 
6340 1276 3794 83 
6341 2798 3184 3183 
6342 2518 2519 2174 
6343 3860 3861 1836 
6344 4368 4498 2447 
6345 2741 2889 2742 
6346 1382 1384 1383 
6347 2809 4461 2535 
6348 4400 4401 4399 
6349 3694 5373 5250 
6350 2255 2257 2256 
6351 3205 3343 3342 
6352 2253 2255 2254 
6353 1958 2554 2328 
6354 3758 3759 3756 
6355 3421 3497 3496 
6356 2142 2144 2143 
6357 2854 3108 2724 
6358 1721 2656 1663 
6359 2632 2634 2633 
6360 2580 4952 4049 
6361 4362 4528 2415 
6362 3045 3047 3046 
6363 2018 2022 2021 
6364 2974 3616 3419 
6365 3568 4600 4550 
6366 2719 2758 2757 
6367 1384 1386 1385 
6368 3376 3377 3374 
6369 2687 2865 2688 
6370 1723 1748 1747 
6371 1629 1631 1630 
6372 1500 1501 1499 
6373 4228 4230 4229 
6374 4116 4119 4118 
6375 2382 4908 3870 
6376 1791 1793 1792 
6377 3910 4392 4391 
6378 5005 5067 3453 
6379 2191 2482 2481 
6380 2990 4492 1814 
6381 1400 1401 1399 
6382 2609 2840 2839 
6383 1448 1450 1449 
6384 4005 5292 3304 
6385 3149 4501 3148 
6386 2905 2983 2908 
6387 1339 2475 1337 
6388 3574 3575 3573 
6389 2646 2674 2645 
6390 1436 1437 1435 
6391 4161 4164 4159 
6392 3033 3034 3032 
6393 2458 4452 2609 
6394 1819 2454 1817 
6395 2763 3133 2495 
6396 1402 1403 1401 
6397 4760 5550 4330 
6398 3140 3143 3142 
6399 2657 2718 2658 
6400 2014 2017 2015 
6401 1284 4383 78 
6402 2943 2945 2944 
6403 1354 1376 1358 
6404 2492 2494 2493 
6405 2158 4610 2725 
6406 2458 4556 4452 
6407 3684 4876 3682 
6408 4407 4640 1677 
6409 3485 3486 3135 
6410 1372 1768 1398 
6411 2113 2114 2112 
6412 245 4517 244 
6413 2287 4814 2290 
6414 2350 2492 2491 
6415 2144 2146 2145 
6416 4232 4234 4233 
6417 134 4509 133 
6418 7 3829 1279 
6419 2634 2754 2678 
6420 1624 4807 1626 
6421 2736 2737 2735 
6422 2198 2199 2197 
6423 4420 4423 4422 
6424 2304 2306 2305 
6425 205 4462 1325 
6426 2609 4452 2840 
6427 2287 2288 2285 
6428 1850 1851 1849 
6429 1450 1452 1451 
6430 2215 2217 2216 
6431 1846 1847 1845 
6432 2544 2623 2622 
6433 1815 1976 1814 
6434 2623 2625 2624 
6435 1894 1896 1895 
6436 2494 2544 2543 
6437 3053 3066 3065 
6438 3189 3190 3149 
6439 32 4321 1277 
6440 2754 3368 2864 
6441 2279 2281 2278 
6442 2810 3148 2809 
6443 2146 2148 2147 
6444 2342 4599 3103 
6445 4718 5226 4244 
6446 3087 3623 3086 
6447 2753 4549 3092 
6448 3279 5121 4359 
6449 2088 2090 2089 
6450 1761 1762 1741 
6451 2249 2251 2250 
6452 1587 1589 1588 
6453 5083 5291 3936 
6454 3067 3596 3065 
6455 1848 1849 1828 
6456 2482 2530 2529 
6457 1432 4508 1697 
6458 3049 3051 3050 
6459 1552 1553 1551 
6460 3285 4448 3284 
6461 2308 2469 2310 
6462 4422 5253 4421 
6463 3368 3466 3369 
6464 1751 4394 1773 
6465 3143 3839 3187 
6466 2879 2880 2878 
6467 3066 3844 3067 
6468 1281 4770 87 
6469 1876 1877 1847 
6470 1578 1581 1580 
6471 3634 3636 3632 
6472 136 4518 135 
6473 1452 1454 1453 
6474 2701 4478 2039 
6475 3190 4501 3149 
6476 1438 1439 1437 
6477 1921 1922 1920 
6478 2865 3547 2866 
6479 3257 3259 3258 
6480 2729 2809 2535 
6481 3467 5109 3680 
6482 2538 4507 3074 
6483 1793 1795 1794 
6484 3717 3718 3716 
6485 3487 3488 3486 
6486 2758 3008 3007 
6487 2945 2947 2946 
6488 1945 1967 1966 
6489 1885 4745 1883 
6490 1705 1814 1679 
6491 3253 3563 3068 
6492 1502 1503 1501 
6493 3066 3067 3065 
6494 3019 4763 4407 
6495 3413 3414 3411 
6496 2119 2120 2118 
6497 1852 1853 1851 
6498 1520 1522 1521 
6499 3844 3846 3067 
6500 1369 1399 1363 
6501 3418 3672 2858 
6502 82 3925 1276 
6503 1742 4504 1729 
6504 2801 4472 2800 
6505 3214 4810 4106 
6506 2957 4910 3389 
6507 2072 2073 2071 
6508 2513 4651 3175 
6509 3065 4456 3064 
6510 3211 3621 2714 
6511 2621 3015 2511 
6512 1386 1388 1387 
6513 1235 4860 173 
6514 2963 3068 2731 
6515 3100 4506 3097 
6516 3506 3507 3060 
6517 3984 3985 3983 
6518 2282 2284 2281 
6519 1746 4520 1787 
6520 2974 4541 3616 
6521 2734 2736 2735 
6522 1878 1879 1877 
6523 1795 1798 1796 
6524 1622 4808 1624 
6525 3912 5512 1510 
6526 3497 3499 3498 
6527 1583 1585 1584 
6528 4323 4895 4296 
6529 172 4860 1288 
6530 2738 2739 2737 
6531 1608 1609 1607 
6532 3042 3043 3041 
6533 2115 2116 2114 
6534 3156 3257 3256 
6535 3743 3745 3744 
6536 2675 2676 2674 
6537 2881 2883 2880 
6538 2315 3125 2317 
6539 3194 3542 2863 
6540 2557 5039 1880 
6541 2956 4539 4104 
6542 2318 2319 2316 
6543 1854 1855 1853 
6544 3496 5364 3420 
6545 4119 4121 4120 
6546 2855 4080 4079 
6547 2202 2203 2201 
6548 1969 1971 1970 
6549 2148 2150 2149 
6550 2292 4360 2259 
6551 3893 3894 3892 
6552 4312 4545 3158 
6553 3084 3086 3082 
6554 1959 4498 1788 
6555 3698 3699 1273 
6556 2967 2968 2966 
6557 2559 4522 2360 
6558 1554 1555 1553 
6559 1798 1800 1799 
6560 1593 1595 1594 
6561 2584 3214 2582 
6562 4045 5215 1886 
6563 3074 4819 3076 
6564 2581 4669 2838 
6565 2217 2219 2218 
6566 4337 5418 1320 
6567 3259 3271 3270 
6568 2004 2005 2003 
6569 2706 3415 2681 
6570 2022 2024 2023 
6571 2751 2821 2820 
6572 2000 2001 1999 
6573 3109 3631 3108 
6574 3037 4692 2372 
6575 2569 2762 1977 
6576 1388 1390 1389 
6577 3132 4934 3620 
6578 3327 3328 2762 
6579 3126 3127 3034 
6580 3507 4524 3060 
6581 1522 1524 1523 
6582 3194 4337 4336 
6583 3596 4456 3065 
6584 1896 1898 1897 
6585 3488 5419 4171 
6586 3499 3655 3654 
6587 2649 3037 2372 
6588 3385 4531 3091 
6589 4221 4443 4225 
6590 3404 3405 3358 
6591 1732 1733 1719 
6592 1965 4496 1777 
6593 2169 2170 2168 
6594 3257 4475 3259 
6595 3971 3976 3973 
6596 4121 4123 4122 
6597 4127 4129 4128 
6598 1390 1392 1391 
6599 2884 3027 2883 
6600 2487 2801 2800 
6601 3191 3339 3231 
6602 1556 1558 1555 
6603 2861 3294 2862 
6604 1751 1773 1772 
6605 1856 1857 1855 
6606 2644 3193 2863 
6607 2165 2166 2120 
6608 4123 4125 4124 
6609 115 4589 114 
6610 3408 3409 3407 
6611 1992 1993 1991 
6612 3052 3056 3055 
6613 4202 5043 2002 
6614 2440 4567 2442 
6615 3960 3961 3959 
6616 3294 3315 3295 
6617 4125 4127 4126 
6618 5293 5446 1627 
6619 3644 5176 1244 
6620 4104 4949 3124 
6621 1559 1560 1558 
6622 2886 2980 2885 
6623 3244 5135 3380 
6624 2534 2728 2727 
6625 2778 2780 2779 
6626 2840 3346 2839 
6627 2219 2222 2220 
6628 3281 3282 3233 
6629 1880 1881 1879 
6630 3059 3162 3062 
6631 1610 1611 1609 
6632 3053 3065 3064 
6633 133 4509 1240 
6634 3314 4412 4411 
6635 2974 3419 3418 
6636 3986 3987 3985 
6637 4129 4131 4130 
6638 2182 2565 2183 
6639 1504 1505 1503 
6640 1404 1405 1403 
6641 4225 4443 4242 
6642 2800 4472 4471 
6643 3076 3077 3075 
6644 3864 4606 2900 
6645 2715 3227 3226 
6646 1690 4512 1672 
6647 3013 3014 2450 
6648 2736 2738 2737 
6649 1882 5039 2483 
6650 2653 2654 2641 
6651 1479 2358 1674 
6652 4674 5266 5256 
6653 3194 4336 3542 
6654 2914 2915 2766 
6655 2921 2922 2845 
6656 3053 3064 3051 
6657 1653 1654 1652 
6658 1506 1507 1505 
6659 3719 3720 3718 
6660 1800 1802 1801 
6661 281 4578 280 
6662 3130 3131 3077 
6663 3189 3191 3190 
6664 2839 2841 2621 
6665 3410 3411 3409 
6666 3870 4934 3130 
6667 3193 3194 2863 
6668 2291 2293 2289 
6669 2241 4594 2959 
6670 2990 4777 4492 
6671 1840 3145 3144 
6672 1867 1953 1952 
6673 3515 3536 3514 
6674 1923 1924 1922 
6675 4133 4136 4135 
6676 2738 2974 2858 
6677 2267 2269 2268 
6678 3988 3989 3987 
6679 4975 5511 3730 
6680 2461 3038 3023 
6681 2074 2075 2073 
6682 2375 4488 2534 
6683 3461 3462 3014 
6684 3074 3075 2760 
6685 3642 4954 3644 
6686 2534 4488 2728 
6687 2699 2972 2856 
6688 3341 3694 3693 
6689 1213 5497 3801 
6690 2470 2751 2750 
6691 3090 3091 3089 
6692 2259 2261 2260 
6693 2733 2734 2501 
6694 1805 1867 1866 
6695 4131 4133 4132 
6696 3132 3170 3131 
6697 1315 4374 4370 
6698 1858 1859 1857 
6699 1704 2182 1726 
6700 1698 1718 1717 
6701 1813 4608 4298 
6702 3049 3053 3051 
6703 3232 3233 3072 
6704 3048 3049 3047 
6705 1292 4884 220 
6706 1655 1656 1654 
6707 2606 2629 2586 
6708 2028 2031 2030 
6709 3128 3129 3127 
6710 2738 2858 2739 
6711 2500 3016 2733 
6712 2952 3537 2951 
6713 1564 1565 1561 
6714 2848 2849 2427 
6715 3567 3568 2867 
6716 1773 1940 1939 
6717 4333 4725 2426 
6718 4378 4774 4714 
6719 3222 3534 2889 
6720 2609 2839 2621 
6721 1351 1719 1343 
6722 3471 3650 3017 
6723 1631 1634 1633 
6724 2453 2850 2170 
6725 1802 1832 1831 
6726 3267 4515 4315 
6727 1940 2411 2410 
6728 3672 4527 2858 
6729 3056 3340 3057 
6730 2974 3418 2858 
6731 1657 1658 1656 
6732 2983 2985 2984 
6733 219 4884 1228 
6734 2811 3215 1941 
6735 1661 1662 1660 
6736 4261 4603 1608 
6737 1659 1660 1658 
6738 1860 1861 1859 
6739 2150 2152 2151 
6740 2090 2092 2091 
6741 3578 3579 3577 
6742 3222 3600 3534 
6743 2320 2321 2319 
6744 3178 3179 3091 
6745 275 4613 274 
6746 1953 1955 1954 
6747 3162 4071 3163 
6748 2677 2697 2676 
6749 3171 3172 3170 
6750 3897 3898 3896 
6751 2222 2224 2223 
6752 3103 4828 3492 
6753 1925 1926 1924 
6754 2076 2077 2075 
6755 1612 1613 1611 
6756 1763 1764 1762 
6757 1545 4896 1547 
6758 2925 2926 2924 
6759 3271 3687 3443 
6760 1413 1415 1414 
6761 2421 3112 2660 
6762 2558 2830 2829 
6763 1234 5496 4176 
6764 1753 1754 1742 
6765 3552 3553 2771 
6766 2656 5319 4332 
6767 2024 2027 2025 
6768 3016 3450 3017 
6769 3143 4499 3839 
6770 1994 1995 1993 
6771 1996 1997 1995 
6772 3383 4649 2977 
6773 1754 4504 1742 
6774 1986 1988 1987 
6775 4785 4875 2235 
6776 2333 2334 2332 
6777 1755 1756 1733 
6778 1508 1509 1507 
6779 2719 4537 2758 
6780 3165 3166 3129 
6781 2047 2049 2048 
6782 1614 1615 1613 
6783 1988 1990 1989 
6784 135 4518 1306 
6785 3899 3900 3898 
6786 3173 3364 3172 
6787 1616 1617 1615 
6788 2206 4876 2204 
6789 3401 4690 2932 
6790 3099 3100 3097 
6791 1961 1980 1979 
6792 2911 2934 2933 
6793 2834 3072 2551 
6794 2322 2458 2422 
6795 1392 1395 1394 
6796 3186 3688 3095 
6797 2793 4567 2443 
6798 2691 3089 2364 
6799 2296 2297 2294 
6800 1862 1863 1861 
6801 1359 4521 2365 
6802 3028 3417 3027 
6803 2687 2688 2625 
6804 1528 1530 1529 
6805 3167 4559 3434 
6806 1882 1883 1881 
6807 3191 3388 3339 
6808 2621 4482 3015 
6809 1783 1941 1764 
6810 2228 2231 2230 
6811 2753 3092 2955 
6812 2985 2987 2986 
6813 1599 1601 1600 
6814 2258 4539 2311 
6815 2741 3222 2889 
6816 2322 2323 2321 
6817 3169 4467 3530 
6818 1440 1441 1439 
6819 1955 1961 1960 
6820 3056 3341 3340 
6821 4274 4930 4275 
6822 3053 4485 3066 
6823 2554 2579 2328 
6824 2947 3641 3511 
6825 3341 3693 3340 
6826 3990 3991 3989 
6827 3358 5001 3357 
6828 4068 5407 5328 
6829 3051 4513 3052 
6830 2054 2056 2055 
6831 2078 2079 2077 
6832 1510 1511 1509 
6833 2446 2447 1959 
6834 3045 3048 3047 
6835 3365 3366 3364 
6836 1984 1986 1985 
6837 2949 4586 4090 
6838 3004 5515 3517 
6839 1197 5492 5417 
6840 1678 4663 4046 
6841 2429 4484 2431 
6842 1454 1456 1455 
6843 3048 4485 3049 
6844 3416 4514 1727 
6845 1644 1646 1645 
6846 3367 4967 3528 
6847 1662 4365 1666 
6848 244 4517 1248 
6849 2456 3071 2708 
6850 2981 2982 2980 
6851 1832 1957 1956 
6852 2422 2514 2323 
6853 3216 3554 3215 
6854 2780 2808 2807 
6855 3173 4968 3603 
6856 2001 2004 2003 
6857 2263 2265 2264 
6858 2261 2263 2262 
6859 3080 3371 3370 
6860 3901 3902 3900 
6861 2514 2659 2657 
6862 1618 1619 1617 
6863 3986 5179 3988 
6864 3078 3080 3079 
6865 3016 3017 2733 
6866 3213 4522 2559 
6867 2271 2273 2269 
6868 2122 2124 2123 
6869 3042 3060 3043 
6870 1419 1421 1420 
6871 2818 3442 3441 
6872 2808 3566 3325 
6873 1620 1621 1619 
6874 2500 2501 2415 
6875 3992 4502 4474 
6876 3367 3526 3366 
6877 3580 3581 3579 
6878 3150 4798 4034 
6879 3881 4558 3882 
6880 2609 2621 2511 
6881 1707 1708 1690 
6882 2915 3042 3041 
6883 2568 2819 2813 
6884 1470 1474 1467 
6885 3814 5197 2268 
6886 2571 2823 2822 
6887 2547 4709 2405 
6888 2686 2791 2579 
6889 3112 3114 3113 
6890 3571 4576 2768 
6891 3167 3168 3166 
6892 2247 2248 2245 
6893 4801 4946 4671 
6894 4146 5022 3254 
6895 1721 4503 2656 
6896 2644 2863 2861 
6897 1622 1623 1621 
6898 1864 1865 1863 
6899 3527 3629 3526 
6900 2648 2818 2816 
6901 3169 3530 3261 
6902 2255 2256 2254 
6903 1524 1526 1525 
6904 1461 2661 1459 
6905 1868 1869 1865 
6906 3036 3606 3396 
6907 4291 5582 4292 
6908 2851 2852 2642 
6909 1964 2173 1965 
6910 3603 4967 3365 
6911 2300 2301 2298 
6912 1748 1766 1747 
6913 2845 4903 2844 
6914 2765 2766 2474 
6915 3569 3605 3568 
6916 1460 3039 1463 
6917 2841 4482 2621 
6918 2179 4564 2574 
6919 2987 2994 2988 
6920 1927 1928 1926 
6921 2224 2227 2225 
6922 2792 3204 2791 
6923 1982 1984 1983 
6924 1980 1982 1981 
6925 1406 1407 1405 
6926 4343 5123 1590 
6927 4190 4263 2846 
6928 2734 3212 2736 
6929 1469 3161 3160 
6930 1936 5563 3626 
6931 3298 3299 3168 
6932 2322 2422 2323 
6933 3630 3657 3629 
6934 3049 4485 3053 
6935 1534 1536 1535 
6936 3415 4748 2681 
6937 2611 2684 2683 
6938 3143 3187 3142 
6939 1997 2000 1999 
6940 2253 2254 2251 
6941 2335 2336 2334 
6942 2644 2861 2598 
6943 2810 3149 3148 
6944 2972 3524 3523 
6945 4501 4956 4931 
6946 2318 2320 2319 
6947 4396 4555 4397 
6948 3689 3690 2936 
6949 1566 1568 1565 
6950 2459 3078 2717 
6951 4020 4888 2280 
6952 2428 2429 2340 
6953 171 4696 170 
6954 1512 1513 1511 
6955 2080 2081 2079 
6956 3495 5466 4486 
6957 1737 4375 1710 
6958 4224 4227 4222 
6959 2935 2936 2730 
6960 3992 3993 3991 
6961 3755 4418 3760 
6962 3251 3604 3141 
6963 2446 2786 2532 
6964 2267 2268 2265 
6965 3114 3116 3115 
6966 2173 2518 2174 
6967 2320 2322 2321 
6968 4385 4930 1316 
6969 1946 1962 1810 
6970 1884 1885 1883 
6971 1514 1515 1513 
6972 1516 1517 1515 
6973 3620 4968 3171 
6974 2532 2598 2447 
6975 2600 5183 4097 
6976 2573 4730 4038 
6977 1466 1469 1468 
6978 2458 2609 2511 
6979 2630 2631 2629 
6980 2729 2810 2809 
6981 2259 2260 2257 
6982 1480 1481 1407 
6983 3436 5237 3183 
6984 3839 3843 3187 
6985 3205 3342 3204 
6986 1395 1409 1408 
6987 1683 5221 3673 
6988 4172 5161 1242 
6989 2342 3103 2666 
6990 3103 3492 3104 
6991 3088 3501 3500 
6992 1870 1874 1869 
6993 1898 1900 1899 
6994 3949 3954 3952 
6995 1571 1572 1569 
6996 3450 3471 3017 
6997 2413 2693 2411 
6998 3052 4513 3056 
6999 2004 2009 2005 
7000 3707 3711 3710 
7001 2518 2714 2519 
7002 3708 5003 3706 
7003 1906 1908 1907 
7004 3025 3069 2594 
7005 3953 4894 3951 
7006 2152 2154 2153 
7007 1708 4512 1690 
7008 1978 2190 1962 
7009 1902 1904 1903 
7010 1427 1429 1428 
7011 1875 2041 1874 
7012 3070 4699 2045 
7013 3453 3666 3436 
7014 2841 4483 4482 
7015 1768 1769 1398 
7016 1873 2399 1842 
7017 3310 3455 3454 
7018 3289 3459 3458 
7019 1477 1478 1474 
7020 2237 4417 2484 
7021 1634 1636 1635 
7022 2092 2094 2093 
7023 1199 4840 89 
7024 3427 3519 3008 
7025 1310 5552 4648 
7026 3305 4953 2939 
7027 3825 4958 2698 
7028 3753 4418 3755 
7029 2500 2733 2501 
7030 2455 2680 2679 
7031 1311 4812 260 
7032 1332 4727 1334 
7033 3438 5122 3246 
7034 1538 1540 1539 
7035 1758 1759 1744 
7036 2191 2481 2190 
7037 2458 2511 2422 
7038 2249 2250 2248 
7039 1990 1992 1991 
7040 2285 4500 2284 
7041 2124 2525 2408 
7042 1542 1544 1543 
7043 3042 3505 3060 
7044 1743 1744 1730 
7045 2410 2415 1939 
7046 3337 3338 3069 
7047 1779 1780 1769 
7048 3903 3905 3902 
7049 2698 2833 2697 
7050 1673 3310 3309 
7051 2865 2866 2688 
7052 2522 3207 2859 
7053 1518 1519 1517 
7054 2831 3213 2559 
7055 2134 2175 2133 
7056 3064 4513 3051 
7057 1811 1812 1759 
7058 3582 3583 3581 
7059 2315 4491 3125 
7060 2375 4661 4488 
7061 2632 2633 2631 
7062 2355 2611 2610 
7063 2815 4473 2017 
7064 1886 1887 1885 
7065 2505 4299 2352 
7066 1767 1810 1766 
7067 3083 3088 3085 
7068 2017 4473 2018 
7069 3886 3914 3913 
7070 3211 3645 3621 
7071 3184 3436 3183 
7072 2417 4553 2441 
7073 4938 5294 1259 
7074 1725 1730 1703 
7075 4461 4554 2376 
7076 3906 3907 3905 
7077 2802 3036 2937 
7078 3162 4072 4071 
7079 2004 2315 2009 
7080 4114 4469 4116 
7081 4506 4759 2497 
7082 2439 2755 2416 
7083 2654 2731 2730 
7084 2176 2244 2175 
7085 3145 3209 3208 
7086 4048 4623 2887 
7087 2400 2794 2399 
7088 2620 2826 2694 
7089 2532 2644 2598 
7090 2787 2998 2997 
7091 2718 4537 2719 
7092 2707 2787 2709 
7093 1479 4619 2358 
7094 3505 3506 3060 
7095 3982 4571 3984 
7096 2304 2305 2302 
7097 2525 2707 2526 
7098 2763 3134 3133 
7099 3123 3476 3121 
7100 2623 2624 2622 
7101 1332 1333 1196 
7102 2317 2318 2316 
7103 2447 4498 1959 
7104 1442 1443 1441 
7105 2998 3351 3350 
7106 2031 2034 2032 
7107 2482 2529 2481 
7108 2795 3314 2794 
7109 3405 3408 3407 
7110 1815 1977 1976 
7111 1567 4637 3022 
7112 2110 2113 2112 
7113 3648 5116 3649 
7114 3563 3695 3068 
7115 2097 2099 2098 
7116 1530 1532 1531 
7117 1456 1458 1457 
7118 1624 1625 1623 
7119 1773 1939 1772 
7120 1888 1889 1887 
7121 2757 4877 3197 
7122 1746 1787 1778 
7123 4284 5247 1309 
7124 1843 1871 1756 
7125 2044 2133 2043 
7126 1819 2455 2454 
7127 1929 1931 1928 
7128 4148 4469 4114 
7129 2318 2324 2320 
7130 1768 4577 4220 
7131 3340 4544 3057 
7132 3510 3681 3437 
7133 3227 3393 3226 
7134 2328 2446 1959 
7135 3333 3334 3332 
7136 2504 2505 2352 
7137 2154 2156 2155 
7138 3704 3706 3705 
7139 3410 3413 3411 
7140 3175 4651 4184 
7141 1444 1445 1443 
7142 1705 1815 1814 
7143 2628 3374 3373 
7144 3120 3121 2512 
7145 2231 2233 2232 
7146 1376 1377 1358 
7147 1818 1821 1820 
7148 1940 2410 1939 
7149 3057 4544 3059 
7150 3056 4513 3341 
7151 4314 5102 4313 
7152 2082 2083 2081 
7153 3483 3484 3482 
7154 2042 2043 2041 
7155 4566 4646 3252 
7156 2034 2107 2035 
7157 1576 1577 1573 
7158 2544 2622 2543 
7159 2767 3138 2521 
7160 1724 1727 1701 
7161 1932 1934 1931 
7162 3300 3301 3299 
7163 2492 2493 2491 
7164 2994 2996 2995 
7165 2634 2678 2633 
7166 1636 1640 1639 
7167 2490 3361 2349 
7168 2451 2452 2449 
7169 2758 3427 3008 
7170 1781 1782 1780 
7171 2315 2316 2009 
7172 90 4840 1264 
7173 3331 3332 2392 
7174 2308 2310 2306 
7175 2858 4527 2739 
7176 2652 2951 2765 
7177 1958 1959 1788 
7178 4232 4233 4230 
7179 2584 4638 3214 
7180 2284 4500 2445 
7181 3909 3910 3907 
7182 2971 4249 2608 
7183 2494 2543 2493 
7184 2715 4616 3227 
7185 3147 3664 3663 
7186 3278 3280 3279 
7187 3011 3012 2747 
7188 5113 5543 3791 
7189 3282 3404 3358 
7190 2869 4730 2575 
7191 3600 5120 3534 
7192 3234 3235 2695 
7193 2754 2864 2678 
7194 2284 2445 2371 
7195 1446 1447 1445 
7196 3892 4678 3889 
7197 2903 4466 2905 
7198 2778 2779 2616 
7199 3134 3485 3135 
7200 4583 4792 2280 
7201 1485 1487 1486 
7202 3730 5511 4551 
7203 2446 2532 2447 
7204 4116 4469 4119 
7205 2445 2652 2474 
7206 2825 3402 2824 
7207 2010 2016 2012 
7208 2208 2209 2207 
7209 1787 1958 1788 
7210 5290 5316 4216 
7211 3368 3369 2864 
7212 2956 4104 3124 
7213 67 1196 68 
7214 92 1198 93 
7215 42 1195 43 
7216 17 1197 18 
7217 3775 3779 3778 
7218 1673 4487 3310 
7219 1958 2328 1959 
7220 2758 4537 3427 
7221 3060 4524 3043 
7222 2705 3394 2460 
7223 2443 4567 2440 
7224 2617 4360 2292 
7225 3779 3781 3780 
7226 2464 3289 3288 
7227 3376 3378 3377 
7228 4281 4592 4278 
7229 3430 5100 4963 
7230 1935 1937 1934 
7231 2315 2317 2316 
7232 3749 4827 4735 
7233 1791 1792 1782 
7234 1567 3022 1786 
7235 2000 4491 2001 
7236 2665 2744 2743 
7237 2325 2326 2039 
7238 2791 3035 2579 
7239 1772 1784 1753 
7240 2411 4548 2410 
7241 2810 3188 3149 
7242 3481 3482 3403 
7243 2700 4969 2814 
7244 2761 2824 2672 
7245 1587 1588 1585 
7246 4373 5544 3450 
7247 2421 4778 3112 
7248 2084 5088 2508 
7249 3466 3508 3369 
7250 3571 5430 5349 
7251 2451 2477 2476 
7252 2261 2262 2260 
7253 2263 2264 2262 
7254 3188 3189 3149 
7255 2739 4527 2741 
7256 2671 2672 2505 
7257 2765 2914 2766 
7258 1378 1379 1377 
7259 46 1203 47 
7260 38 1202 39 
7261 88 1199 89 
7262 96 1204 97 
7263 71 1205 72 
7264 63 1200 64 
7265 13 1201 14 
7266 21 1206 22 
7267 2410 2500 2415 
7268 3032 4679 2713 
7269 4139 4140 4136 
7270 2368 2815 2017 
7271 2673 2711 2710 
7272 2278 2280 2276 
7273 1448 1449 1447 
7274 3015 4535 2511 
7275 4735 4827 1676 
7276 1318 4607 4273 
7277 2367 2665 2556 
7278 1373 1374 1371 
7279 1210 4872 35 
7280 2145 5003 2143 
7281 3392 4567 2793 
7282 5350 5496 1234 
7283 3671 4843 3198 
7284 1943 1944 1938 
7285 1284 5389 4383 
7286 2477 2641 2640 
7287 3302 3303 3301 
7288 2212 2448 2221 
7289 3228 3538 2913 
7290 2233 2236 2234 
7291 1992 1994 1993 
7292 3093 3468 2664 
7293 2063 2065 2064 
7294 1994 1996 1995 
7295 2038 2039 1827 
7296 3739 3740 3737 
7297 1411 1681 1680 
7298 1369 1400 1399 
7299 3286 3354 3285 
7300 2476 2487 2452 
7301 3043 4524 3045 
7302 4360 4573 4361 
7303 3140 3142 3141 
7304 3020 4621 3318 
7305 2654 2730 2641 
7306 1787 1788 1778 
7307 4228 4229 4227 
7308 2935 3689 2936 
7309 2838 4669 3510 
7310 1883 4745 2418 
7311 2961 5063 3625 
7312 2802 2911 2801 
7313 3485 3487 3486 
7314 4051 4505 2595 
7315 2549 3070 2045 
7316 3359 3360 2759 
7317 2684 2992 2683 
7318 75 1209 76 
7319 9 1213 10 
7320 59 1214 60 
7321 84 1211 85 
7322 100 1208 101 
7323 34 1210 35 
7324 50 1207 51 
7325 25 1212 26 
7326 2236 2238 2237 
7327 2001 4491 2004 
7328 4757 4891 2424 
7329 2688 4550 2625 
7330 3219 3221 2806 
7331 2749 3009 2619 
7332 1596 4586 2576 
7333 1821 1823 1822 
7334 1626 1628 1625 
7335 1778 1964 1777 
7336 3059 4544 3162 
7337 2107 2313 2108 
7338 4278 4592 1223 
7339 1890 1891 1889 
7340 1996 4554 1997 
7341 1629 1630 1628 
7342 2262 2346 2260 
7343 3931 4110 3161 
7344 2569 3327 2762 
7345 1380 1381 1379 
7346 2744 2836 2835 
7347 3006 4624 3220 
7348 3408 3410 3409 
7349 2288 4500 2285 
7350 2530 2753 2529 
7351 104 1220 5 
7352 79 1219 80 
7353 29 1222 30 
7354 54 1221 55 
7355 4264 5056 4265 
7356 2156 2177 2157 
7357 2084 2085 2083 
7358 2770 3273 3272 
7359 2874 3105 2872 
7360 1310 4578 281 
7361 2912 2913 2599 
7362 3404 4477 3405 
7363 238 4782 237 
7364 2116 2119 2118 
7365 2905 4466 2983 
7366 3714 3717 3716 
7367 2731 2935 2730 
7368 3391 3392 2793 
7369 4308 4989 4117 
7370 2257 4560 2256 
7371 66 1331 67 
7372 4301 5502 5298 
7373 1793 1794 1792 
7374 2294 4464 2293 
7375 2448 2450 2449 
7376 1912 1914 1913 
7377 3733 3734 3731 
7378 1593 1594 1591 
7379 93 3813 94 
7380 1402 1404 1403 
7381 3452 5205 3275 
7382 3781 3783 3782 
7383 1450 1451 1449 
7384 16 3722 17 
7385 4970 5005 3453 
7386 2959 4594 3696 
7387 41 3724 42 
7388 1452 1453 1451 
7389 1631 1633 1630 
7390 1520 1521 1519 
7391 2210 2211 2209 
7392 2027 4530 2028 
7393 68 4002 69 
7394 70 3752 71 
7395 3711 3713 3712 
7396 1286 4316 3823 
7397 2727 2729 2535 
7398 1528 1529 1526 
7399 2604 5088 2082 
7400 3390 3675 3674 
7401 95 3771 96 
7402 20 3765 21 
7403 2242 2673 2597 
7404 2284 2371 2281 
7405 1412 4921 4783 
7406 2166 2169 2168 
7407 2212 2213 2211 
7408 2992 3230 2683 
7409 2467 4606 2337 
7410 2866 2867 2688 
7411 1751 1772 1753 
7412 2836 3390 3293 
7413 19 1266 20 
7414 44 1273 45 
7415 69 1263 70 
7416 94 1274 95 
7417 2487 2802 2801 
7418 2177 2196 2178 
7419 3084 3087 3086 
7420 1665 5185 4056 
7421 1454 1455 1453 
7422 1400 1402 1401 
7423 3281 4465 3282 
7424 15 1272 16 
7425 65 1265 66 
7426 40 1275 41 
7427 90 1264 91 
7428 2652 2765 2474 
7429 3650 4526 3017 
7430 3685 5490 2799 
7431 1382 1383 1381 
7432 1362 1365 1364 
7433 2141 2142 2131 
7434 2260 4560 2257 
7435 2741 4527 3222 
7436 1583 1584 1581 
7437 2733 4526 2734 
7438 4807 4808 3966 
7439 1384 1385 1383 
7440 3030 3140 3139 
7441 2565 2566 2183 
7442 2734 4526 3212 
7443 2564 4695 4075 
7444 1522 1523 1521 
7445 1714 4727 4340 
7446 1681 1700 1682 
7447 3988 5594 3990 
7448 37 3770 38 
7449 2518 2715 2714 
7450 22 3816 23 
7451 3735 3736 3734 
7452 2625 4550 2624 
7453 2514 4535 2659 
7454 1578 1580 1577 
7455 3520 3522 3157 
7456 2182 2183 1726 
7457 1599 1600 1597 
7458 2422 4535 2514 
7459 4115 4989 4146 
7460 2086 2087 2085 
7461 2469 2470 2310 
7462 36 4872 1268 
7463 1249 5002 4384 
7464 2727 3177 2729 
7465 1644 1645 1642 
7466 2137 2139 2138 
7467 1795 1796 1794 
7468 1542 1543 1540 
7469 2738 4541 2974 
7470 2251 4568 2250 
7471 2314 2372 1639 
7472 3114 4639 3117 
7473 2802 4595 3036 
7474 2256 2479 2254 
7475 60 3818 61 
7476 24 3791 25 
7477 2715 3211 2714 
7478 3161 4494 3160 
7479 3436 5462 5237 
7480 74 3798 75 
7481 1746 1778 1777 
7482 2644 4543 3193 
7483 4155 5191 4154 
7484 3064 4604 4513 
7485 2238 4417 2237 
7486 3567 3569 3568 
7487 1538 1539 1536 
7488 1892 1893 1891 
7489 2208 2804 2210 
7490 2298 4463 2297 
7491 2445 2474 2371 
7492 98 1280 99 
7493 48 1278 49 
7494 23 1269 24 
7495 73 1267 74 
7496 2248 4575 2245 
7497 1746 1777 1745 
7498 2534 2535 2376 
7499 1798 1799 1796 
7500 2641 4516 2640 
7501 1823 1826 1825 
7502 2819 3322 2813 
7503 1700 1723 1701 
7504 61 1270 62 
7505 36 1268 37 
7506 86 1281 87 
7507 11 1271 12 
7508 1663 4365 1662 
7509 26 3824 27 
7510 2537 2588 2326 
7511 3682 4876 2916 
7512 1472 2329 1458 
7513 1969 1970 1967 
7514 2302 4476 2301 
7515 3036 3396 2937 
7516 1728 1745 1727 
7517 4485 4703 3845 
7518 3725 3747 3724 
7519 1565 4628 1561 
7520 2611 2683 2610 
7521 2199 2202 2201 
7522 1994 2375 1996 
7523 4234 4235 4233 
7524 45 4480 46 
7525 28 3806 29 
7526 39 3874 40 
7527 2866 2868 2867 
7528 1964 2345 2173 
7529 2736 4541 2738 
7530 2657 4529 2718 
7531 213 4557 212 
7532 1534 1535 1532 
7533 3743 3744 3741 
7534 1487 1489 1488 
7535 1723 1747 1724 
7536 114 4589 1312 
7537 2054 2055 1957 
7538 1640 2314 1639 
7539 1342 1345 1344 
7540 4504 4561 1729 
7541 3385 5015 4531 
7542 1524 1525 1523 
7543 62 4349 63 
7544 2534 2727 2535 
7545 2783 2895 2782 
7546 1470 1477 1474 
7547 1386 1387 1385 
7548 2868 3567 2867 
7549 1275 3726 3725 
7550 3232 3281 3233 
7551 2715 3226 3211 
7552 4454 4611 1791 
7553 2113 2115 2114 
7554 4213 4649 3383 
7555 2014 2368 2017 
7556 2972 3849 3524 
7557 3954 4511 3952 
7558 2325 2538 2537 
7559 27 1283 28 
7560 77 1284 78 
7561 52 1286 53 
7562 102 1285 103 
7563 2500 4548 3016 
7564 1723 1724 1701 
7565 4379 4714 2009 
7566 2256 3030 2479 
7567 72 3876 73 
7568 1489 1491 1490 
7569 2227 4525 2228 
7570 4284 4358 4281 
7571 2128 5541 4771 
7572 33 3804 34 
7573 2596 4679 4261 
7574 2751 2820 2750 
7575 1413 1414 1409 
7576 83 3794 84 
7577 2665 4999 2744 
7578 1569 4532 1568 
7579 3504 3838 3503 
7580 2842 3224 3196 
7581 2122 2123 2058 
7582 2488 2690 2682 
7583 4297 5056 3236 
7584 1997 4554 2000 
7585 3405 4477 3408 
7586 3545 5561 4904 
7587 4650 5318 4414 
7588 2196 2198 2197 
7589 1648 4487 1646 
7590 1355 1356 1353 
7591 1749 1804 1803 
7592 1826 1828 1827 
7593 1246 4613 275 
7594 2451 2476 2452 
7595 2880 2882 2878 
7596 1894 1895 1893 
7597 3677 5556 3623 
7598 2613 2842 2828 
7599 2088 2089 2087 
7600 2375 2534 2376 
7601 97 3967 98 
7602 3322 3323 2813 
7603 1962 1963 1810 
7604 3914 3916 3915 
7605 2385 5311 4068 
7606 5307 5448 4654 
7607 2511 4535 2422 
7608 3638 5450 3639 
7609 2403 2613 2612 
7610 2119 2165 2120 
7611 2821 3283 2820 
7612 3753 3754 1205 
7613 2834 3232 3072 
7614 3140 3141 3139 
7615 2167 5126 4416 
7616 2538 2760 2759 
7617 1951 2403 2402 
7618 14 4259 15 
7619 1800 1801 1799 
7620 1804 1951 1950 
7621 4513 4604 3341 
7622 3516 4510 2711 
7623 3108 4645 2724 
7624 2481 2503 2190 
7625 3142 3251 3141 
7626 1700 1701 1682 
7627 2818 3441 2816 
7628 4497 4707 2366 
7629 1560 3353 2381 
7630 1766 2772 1747 
7631 3088 4547 3501 
7632 2780 2807 2779 
7633 3045 4524 3048 
7634 2368 3348 2815 
7635 2375 2376 1996 
7636 2477 2640 2476 
7637 3548 5272 3549 
7638 3265 3515 3514 
7639 3529 3545 3230 
7640 1812 1873 1842 
7641 259 4812 1254 
7642 2205 2208 2207 
7643 3766 3767 3765 
7644 2992 3529 3230 
7645 2885 4695 2590 
7646 3282 4465 3404 
7647 3867 3868 3702 
7648 4353 4690 3401 
7649 4258 5437 3518 
7650 4133 4139 4136 
7651 2659 4529 2657 
7652 3196 3254 2828 
7653 2663 2921 2845 
7654 3680 5209 5124 
7655 1669 1692 1691 
7656 3199 3503 2896 
7657 2450 2451 2449 
7658 3021 3574 3573 
7659 1546 1548 1544 
7660 1666 1669 1668 
7661 1202 3944 3875 
7662 2693 4548 2411 
7663 2949 4090 3430 
7664 2612 2614 2402 
7665 1692 1712 1711 
7666 1815 2568 1977 
7667 32 1277 33 
7668 82 1276 83 
7669 57 1282 58 
7670 7 1279 8 
7671 3024 3026 3025 
7672 1411 1679 1410 
7673 1680 1705 1679 
7674 3334 5027 3332 
7675 1419 1420 1417 
7676 3169 3261 3116 
7677 2339 4651 2513 
7678 4447 4792 4583 
7679 3027 3292 2883 
7680 1662 1666 1664 
7681 1698 1717 1707 
7682 6 3829 7 
7683 3154 3155 2528 
7684 3017 4526 2733 
7685 1717 1736 1729 
7686 4579 4780 2314 
7687 1993 5301 5216 
7688 2169 2453 2170 
7689 1736 1751 1742 
7690 3257 3258 3256 
7691 3568 4550 2867 
7692 2245 4575 2244 
7693 3038 3556 3023 
7694 2213 4590 2215 
7695 4688 4939 4285 
7696 3025 3337 3069 
7697 2690 3241 2888 
7698 2207 4594 2241 
7699 2004 4491 2315 
7700 1469 3160 1468 
7701 2047 2048 1973 
7702 2018 4473 2022 
7703 1634 1635 1633 
7704 1351 1732 1719 
7705 1456 1457 1455 
7706 1802 1831 1801 
7707 3180 3474 2680 
7708 2753 2954 2529 
7709 1589 2186 1588 
7710 1945 1966 1944 
7711 1375 1396 1374 
7712 1711 1713 1691 
7713 1368 3118 1366 
7714 2212 2221 2213 
7715 2033 2354 2027 
7716 2936 4516 2730 
7717 31 4321 32 
7718 3772 3773 1204 
7719 1803 1805 1750 
7720 1751 1753 1742 
7721 1736 1742 1729 
7722 1681 1682 1680 
7723 1749 1750 1735 
7724 3259 3270 3258 
7725 2446 4542 2786 
7726 1388 1389 1387 
7727 1717 1729 1707 
7728 1390 1391 1389 
7729 1896 1897 1895 
7730 3140 4779 3143 
7731 1605 1607 1606 
7732 1734 1735 1713 
7733 1772 4528 1784 
7734 2192 4669 2581 
7735 1392 1394 1391 
7736 2448 2449 2221 
7737 2203 2333 2332 
7738 2955 3668 2954 
7739 2410 4548 2500 
7740 3086 4629 3082 
7741 4135 4987 4141 
7742 1832 1956 1831 
7743 1990 2059 1992 
7744 2786 4543 2532 
7745 1338 2643 1340 
7746 1552 4680 1554 
7747 1724 1728 1727 
7748 2250 3024 2594 
7749 2444 4597 2699 
7750 3558 5559 4213 
7751 2297 4464 2294 
7752 2250 2594 2248 
7753 4003 5246 2159 
7754 1668 2391 1664 
7755 2210 2212 2211 
7756 1470 1479 1477 
7757 3162 4544 4072 
7758 3495 4486 3351 
7759 3583 5174 5153 
7760 4129 4137 4131 
7761 2977 4649 2639 
7762 1636 1639 1635 
7763 3630 4811 3658 
7764 4470 4590 2221 
7765 1674 1698 1690 
7766 2808 3325 2807 
7767 78 4383 79 
7768 1984 2129 1986 
7769 1375 3107 1397 
7770 4087 4763 3019 
7771 2568 2569 1977 
7772 3030 3139 2479 
7773 1195 3697 43 
7774 1698 1707 1690 
7775 4147 5549 140 
7776 1530 1531 1529 
7777 1397 1410 1396 
7778 3426 5542 4019 
7779 1404 1406 1405 
7780 2802 2937 2911 
7781 2610 2763 2495 
7782 1822 1824 1820 
7783 1197 3723 18 
7784 3233 4823 3072 
7785 2938 4708 4108 
7786 1485 1486 1483 
7787 4125 4138 4127 
7788 2631 3266 2629 
7789 4572 5495 2934 
7790 2338 2428 2340 
7791 4391 5536 3911 
7792 3369 3463 2864 
7793 1646 1673 1645 
7794 3212 4541 2736 
7795 4054 4505 4051 
7796 4498 4552 1788 
7797 2678 2812 2633 
7798 2763 3473 3134 
7799 2851 3470 2852 
7800 2355 2495 2354 
7801 3179 4570 3428 
7802 3371 3617 3370 
7803 3553 4633 2771 
7804 1728 1746 1745 
7805 2461 4614 3038 
7806 1479 1674 1672 
7807 1427 1428 1425 
7808 2848 3479 2849 
7809 4248 4783 2940 
7810 3349 5258 4109 
7811 2301 4463 2298 
7812 1200 3786 64 
7813 2922 2925 2924 
7814 5326 5594 3988 
7815 1738 2651 1765 
7816 1555 1557 1553 
7817 3337 3512 3338 
7818 2322 4556 2458 
7819 81 3925 82 
7820 2830 3296 2829 
7821 2724 4645 2721 
7822 3147 3307 2710 
7823 2867 4550 2688 
7824 2455 3180 2680 
7825 3150 4801 4671 
7826 2532 4543 2644 
7827 2040 5567 4150 
7828 1406 1480 1407 
7829 2024 2033 2027 
7830 1776 2374 1809 
7831 1939 4528 1772 
7832 1357 3029 1360 
7833 2254 4568 2251 
7834 1264 3815 91 
7835 2730 4516 2641 
7836 1203 3750 47 
7837 1821 1822 1820 
7838 1758 1813 1811 
7839 3631 3635 3108 
7840 1758 1811 1759 
7841 2208 2210 2209 
7842 4156 5061 1295 
7843 4139 4147 4140 
7844 2090 2091 2089 
7845 4456 4604 3064 
7846 1480 1677 1481 
7847 4555 5358 4397 
7848 1411 1680 1679 
7849 3080 4585 3371 
7850 1743 1758 1744 
7851 3078 3079 2717 
7852 1595 2187 1594 
7853 3080 3370 3079 
7854 2622 2847 2543 
7855 2217 2235 2219 
7856 3014 4538 2450 
7857 1707 4561 1708 
7858 4110 4494 3161 
7859 2195 5117 1739 
7860 1674 1690 1672 
7861 2568 2813 2569 
7862 3310 3454 3309 
7863 3147 4510 3664 
7864 2586 4638 2584 
7865 1551 2383 1549 
7866 2648 2649 2372 
7867 4121 4145 4123 
7868 1673 3308 1645 
7869 2325 2537 2326 
7870 4743 4816 2186 
7871 3273 4665 4511 
7872 1902 1903 1900 
7873 1837 2504 2352 
7874 1649 5157 1676 
7875 1495 2380 1493 
7876 2912 3546 3228 
7877 1873 2400 2399 
7878 1474 4584 1467 
7879 3813 5525 1274 
7880 2382 4819 4635 
7881 2038 2325 2039 
7882 1213 3801 10 
7883 2400 2796 2795 
7884 1906 1907 1904 
7885 3359 3559 3360 
7886 2056 3081 2055 
7887 2816 2817 2649 
7888 2376 4554 1996 
7889 3112 3113 2660 
7890 2753 2955 2954 
7891 2314 2648 2372 
7892 1367 1370 1368 
7893 2328 4542 2446 
7894 1898 1899 1897 
7895 1635 1637 1633 
7896 2038 4635 4507 
7897 1431 1473 1429 
7898 2350 2491 2490 
7899 3271 3443 3270 
7900 2305 4476 2302 
7901 1211 3803 85 
7902 2355 2610 2495 
7903 1208 3793 101 
7904 1370 1372 1371 
7905 3325 3384 2807 
7906 1813 2350 2349 
7907 3685 5527 2163 
7908 2346 4560 2260 
7909 1207 3792 51 
7910 3077 3464 3075 
7911 1372 1398 1373 
7912 2647 4709 2547 
7913 2400 2795 2794 
7914 4214 5530 2053 
7915 1818 1819 1817 
7916 1372 1373 1371 
7917 1851 2382 1849 
7918 3665 5442 1227 
7919 1271 3819 12 
7920 1560 2381 1558 
7921 3575 3578 3577 
7922 2932 4690 2930 
7923 2711 3147 2710 
7924 3530 3531 3261 
7925 1955 2040 1961 
7926 1980 2379 1982 
7927 2415 4528 1939 
7928 1479 1672 1477 
7929 1209 3800 76 
7930 3818 4797 1270 
7931 3228 3602 3538 
7932 3341 4604 3694 
7933 1725 1743 1730 
7934 4447 4583 2371 
7935 1536 4617 1535 
7936 1581 4614 1580 
7937 2713 4679 2596 
7938 4350 5028 166 
7939 4288 5265 2264 
7940 2902 3864 2900 
7941 2798 3183 3182 
7942 3088 3500 3085 
7943 1567 1785 1490 
7944 2493 2716 2491 
7945 2796 2798 2797 
7946 4390 4571 3982 
7947 2033 2355 2354 
7948 2934 5495 5438 
7949 2354 4530 2027 
7950 1971 2185 1970 
7951 1415 2342 1414 
7952 3760 3762 3761 
7953 2080 5189 2604 
7954 2320 4556 2322 
7955 3717 3719 3718 
7956 1365 1367 1366 
7957 1468 1470 1467 
7958 1457 1459 1455 
7959 1466 1468 1467 
7960 1732 1755 1733 
7961 3092 4591 2955 
7962 2142 4536 2144 
7963 4358 4592 4281 
7964 1823 1825 1822 
7965 3078 4845 3080 
7966 2691 3090 3089 
7967 1221 3807 55 
7968 2579 4542 2328 
7969 2959 3696 3304 
7970 1395 1408 1394 
7971 3515 3826 3536 
7972 3024 3025 2594 
7973 1839 2373 1948 
7974 2648 2816 2649 
7975 2568 4588 2819 
7976 2242 2348 2227 
7977 4239 5241 4241 
7978 1769 2357 1398 
7979 2032 4911 4084 
7980 1370 1371 1368 
7981 2124 2408 2123 
7982 3201 5521 3681 
7983 2183 2785 1726 
7984 3090 3178 3091 
7985 3894 3896 3895 
7986 1286 3822 53 
7987 2306 4612 2305 
7988 3981 4574 4390 
7989 1805 2344 1867 
7990 1397 1411 1410 
7991 1568 2471 2361 
7992 3103 3104 2666 
7993 2348 4525 2227 
7994 4412 5041 2613 
7995 1561 4628 1560 
7996 2250 4568 3024 
7997 2538 2759 2537 
7998 3114 3115 3113 
7999 3121 4484 2512 
8000 2063 2064 2051 
8001 2310 4612 2306 
8002 2825 3439 3403 
8003 3507 4703 4524 
8004 2009 4714 2005 
8005 2028 4530 2031 
8006 1826 1827 1825 
8007 3481 3483 3482 
8008 1288 4696 171 
8009 1466 1467 1464 
8010 1222 3809 30 
8011 3632 4790 3631 
8012 1532 4647 1531 
8013 3178 3608 3179 
8014 4512 4630 1672 
8015 2097 2098 2094 
8016 1782 2385 1780 
8017 3278 5016 3397 
8018 1828 2038 1827 
8019 3605 4600 3568 
8020 3170 3532 3131 
8021 1463 1466 1464 
8022 3375 3376 3374 
8023 2673 2710 2597 
8024 2823 3321 2822 
8025 4904 5561 1300 
8026 2955 3669 3668 
8027 3135 4915 3133 
8028 2760 3359 2759 
8029 1577 4659 1573 
8030 1831 1833 1801 
8031 1568 4532 2471 
8032 2471 2747 2599 
8033 1499 1574 1497 
8034 1362 1364 1363 
8035 4471 4875 4785 
8036 2701 4788 4478 
8037 2470 2551 2310 
8038 3755 3760 3757 
8039 1282 3828 58 
8040 1421 1670 1420 
8041 3719 3721 3720 
8042 2825 3403 3402 
8043 1458 4644 1457 
8044 1279 3827 8 
8045 2834 3336 3232 
8046 2998 3350 2997 
8047 2787 2997 2709 
8048 3351 3679 3350 
8049 2525 2526 2408 
8050 2597 2628 2348 
8051 2707 2709 2526 
8052 2761 2825 2824 
8053 1373 1375 1374 
8054 3439 3685 3481 
8055 1276 3796 3795 
8056 1439 1465 1437 
8057 3175 4184 3638 
8058 2211 4563 2209 
8059 2616 4549 2530 
8060 1855 2132 1853 
8061 1463 1464 1461 
8062 3665 5495 5442 
8063 2175 2685 2133 
8064 1786 1817 1785 
8065 3278 3279 3276 
8066 1460 4644 3039 
8067 1531 2343 1529 
8068 2912 3228 2913 
8069 4638 4810 3214 
8070 1901 4993 1902 
8071 1364 1369 1363 
8072 5149 5546 2976 
8073 2590 4695 2564 
8074 2033 4655 4449 
8075 2456 4647 3071 
8076 2333 2335 2334 
8077 1811 4660 1812 
8078 3500 3502 3085 
8079 1466 4580 1469 
8080 2968 3431 3324 
8081 1219 3810 80 
8082 3039 4580 1463 
8083 3558 4213 3383 
8084 1362 1363 1361 
8085 3492 3493 3104 
8086 1912 1913 1910 
8087 2335 2499 2336 
8088 3072 4612 2551 
8089 1245 5033 177 
8090 1818 1820 1819 
8091 4705 4799 3386 
8092 2034 2419 2107 
8093 1354 1355 1353 
8094 1460 1463 1461 
8095 1491 1567 1490 
8096 1367 1368 1366 
8097 2504 2671 2505 
8098 3444 5243 2942 
8099 1319 4850 4434 
8100 1704 1726 1725 
8101 1457 1460 1459 
8102 176 5033 1298 
8103 2504 3137 2671 
8104 2671 2761 2672 
8105 3331 3333 3332 
8106 3595 4730 2869 
8107 3081 3082 2055 
8108 3207 3326 2859 
8109 1617 1632 1615 
8110 3364 3533 3172 
8111 3283 3613 2820 
8112 3353 3598 2381 
8113 2092 2093 2091 
8114 3338 4854 3069 
8115 1755 1843 1756 
8116 1609 1638 1607 
8117 2628 3375 3374 
8118 3035 4542 2579 
8119 2470 2750 2551 
8120 1625 1627 1623 
8121 1489 1490 1488 
8122 2198 4633 2199 
8123 1796 1797 1794 
8124 2980 3614 2885 
8125 1975 2141 2131 
8126 1859 2387 1857 
8127 3459 3460 3458 
8128 3138 4773 2521 
8129 1460 1461 1459 
8130 1601 2463 1600 
8131 1743 4608 1758 
8132 3660 4679 3032 
8133 3332 4742 2392 
8134 1705 4588 1815 
8135 2324 4556 2320 
8136 1539 4617 1536 
8137 1957 4629 1956 
8138 1259 5294 4339 
8139 2894 5243 3200 
8140 4200 4964 4199 
8141 87 4770 88 
8142 2049 2189 2048 
8143 1788 4552 1778 
8144 1375 1397 1396 
8145 1334 1714 1336 
8146 3698 3702 3700 
8147 2116 4636 2119 
8148 1605 1606 1603 
8149 1741 4503 1721 
8150 1813 2349 1811 
8151 3745 4212 3744 
8152 4026 4946 4801 
8153 1789 4375 1737 
8154 1621 2389 1619 
8155 2838 3510 3437 
8156 1352 1354 1353 
8157 2530 4549 2753 
8158 3350 3618 2997 
8159 1354 1358 1355 
8160 2209 4594 2207 
8161 3147 3663 3307 
8162 2842 3196 2828 
8163 1673 3309 3308 
8164 2433 2561 2435 
8165 2750 2834 2551 
8166 2281 4583 2278 
8167 3889 4678 3888 
8168 3895 4678 3892 
8169 2115 4636 2116 
8170 2224 2242 2227 
8171 2709 2769 2526 
8172 2613 2828 2612 
8173 1487 1488 1486 
8174 1630 2395 1628 
8175 2403 2612 2402 
8176 1447 1462 1445 
8177 3333 3562 3334 
8178 2350 2490 2349 
8179 5091 5186 3459 
8180 1804 1950 1803 
8181 3961 3963 3959 
8182 2594 4575 2248 
8183 4359 5591 2200 
8184 3245 3286 3285 
8185 1349 1352 1350 
8186 3985 3995 3983 
8187 1652 1665 1650 
8188 4863 4941 3442 
8189 2095 4932 4741 
8190 1352 1353 1350 
8191 3034 3660 3032 
8192 1435 2384 1433 
8193 1699 5101 1444 
8194 1951 2402 1950 
8195 2451 4538 2477 
8196 3069 4575 2594 
8197 3089 4702 2364 
8198 2565 4562 2566 
8199 2699 4597 2972 
8200 2619 4573 2617 
8201 3083 3084 3082 
8202 3373 4891 4757 
8203 2043 2562 2041 
8204 1786 1818 1817 
8205 2806 4562 2565 
8206 1692 1711 1691 
8207 1874 2489 1869 
8208 1863 2390 1861 
8209 2796 2797 2795 
8210 1342 1344 1343 
8211 1669 1691 1668 
8212 3370 3465 3079 
8213 1526 4675 1525 
8214 2798 3182 2797 
8215 3116 4674 3115 
8216 1480 1678 1677 
8217 4081 5258 4078 
8218 1361 4521 1359 
8219 2221 4590 2213 
8220 1357 1359 1356 
8221 1365 1366 1364 
8222 1369 2531 1400 
8223 2044 5094 2600 
8224 1451 2510 1449 
8225 1568 2361 1565 
8226 2428 2512 2429 
8227 3729 3730 3727 
8228 1749 1803 1750 
8229 2313 4724 2108 
8230 1360 1361 1359 
8231 3123 3852 3476 
8232 1360 1362 1361 
8233 1488 2667 1486 
8234 1573 4659 1572 
8235 1734 1749 1735 
8236 2512 4484 2429 
8237 2408 2409 2123 
8238 2925 3192 2926 
8239 3478 4666 3477 
8240 1402 1771 1404 
8241 1507 1667 1505 
8242 2575 4730 2573 
8243 1666 1668 1664 
8244 3120 3123 3121 
8245 3234 3521 3235 
8246 2256 4560 3030 
8247 2524 2783 2782 
8248 1778 4552 1964 
8249 3867 3869 3868 
8250 4235 4236 4233 
8251 3651 5006 3815 
8252 1711 1734 1713 
8253 2125 2426 2327 
8254 1646 4487 1673 
8255 2450 4538 2451 
8256 1613 2398 1611 
8257 2228 4525 2231 
8258 4235 4238 4236 
8259 2169 3094 2453 
8260 2456 2708 2642 
8261 3964 5089 2158 
8262 3398 3399 3280 
8263 3289 3458 3288 
8264 4635 4819 4507 
8265 2469 4565 2470 
8266 2119 2459 2165 
8267 1588 4677 1585 
8268 104 4960 1220 
8269 2146 2172 2148 
8270 4056 5147 4052 
8271 2137 2138 2104 
8272 1918 2363 1916 
8273 2708 3447 2851 
8274 1515 1675 1513 
8275 3910 4391 3911 
8276 4270 5126 2168 
8277 2665 2743 2556 
8278 2099 2161 2098 
8279 3635 4645 3108 
8280 2113 3159 2115 
8281 3748 3749 2888 
8282 1908 2359 1907 
8283 1704 1725 1703 
8284 4446 5469 4445 
8285 2711 4510 3147 
8286 3578 3580 3579 
8287 2361 4628 1565 
8288 1345 1347 1346 
8289 1678 1704 1703 
8290 1334 1335 1333 
8291 1944 4711 1938 
8292 1531 2456 2343 
8293 2664 4565 2469 
8294 1572 4532 1569 
8295 2744 2835 2743 
8296 1340 1342 1341 
8297 2911 4572 2934 
8298 2747 2912 2599 
8299 2342 2473 1414 
8300 4767 4837 2185 
8301 1888 5215 2462 
8302 1408 2497 1394 
8303 165 5028 1216 
8304 1347 1349 1348 
8305 1830 2184 1816 
8306 1525 2392 1523 
8307 2456 2642 2343 
8308 2005 4714 2007 
8309 1348 2689 1346 
8310 2708 2851 2642 
8311 3007 5459 4877 
8312 1818 4626 1821 
8313 3882 4558 3886 
8314 2233 2424 2236 
8315 5296 5410 4432 
8316 2071 2102 2069 
8317 1662 1664 1660 
8318 3439 3481 3403 
8319 1503 2396 1501 
8320 2166 4685 2169 
8321 3491 4353 3401 
8322 4986 5223 2971 
8323 4146 5012 4113 
8324 3375 3432 3376 
8325 2459 4636 3078 
8326 2459 2541 2165 
8327 2242 2597 2348 
8328 2471 2599 2361 
8329 2783 3152 2896 
8330 3331 3335 3333 
8331 4522 4677 2360 
8332 3211 4569 3645 
8333 3774 3777 3776 
8334 3608 4570 3179 
8335 1584 4614 1581 
8336 3081 3083 3082 
8337 3642 3643 3186 
8338 2836 3293 2835 
8339 1200 3788 3787 
8340 1385 1722 1383 
8341 3174 4998 3316 
8342 1580 2460 1577 
8343 1511 2394 1509 
8344 1393 5426 5355 
8345 3493 3680 3104 
8346 3083 3085 3084 
8347 2108 4724 2110 
8348 4524 4703 3048 
8349 1567 1786 1785 
8350 2165 4685 2166 
8351 1349 1350 1348 
8352 204 4867 203 
8353 155 4866 154 
8354 106 4868 105 
8355 253 4869 252 
8356 1678 1703 1677 
8357 2405 4709 2404 
8358 1521 1686 1519 
8359 3094 3095 2453 
8360 3930 5476 5034 
8361 3185 3186 3095 
8362 2055 4629 1957 
8363 1656 2438 1654 
8364 2507 4643 2553 
8365 2717 2776 2541 
8366 3390 3674 3293 
8367 2404 4540 2139 
8368 2835 3202 2743 
8369 1443 2407 1441 
8370 1580 2461 2460 
8371 3303 3966 3965 
8372 3152 3243 3199 
8373 1729 4561 1707 
8374 3852 5551 1716 
8375 3580 3582 3581 
8376 4067 5519 3107 
8377 2393 2752 2507 
8378 1843 2045 1871 
8379 3700 3701 3699 
8380 3199 3504 3503 
8381 1585 4677 1584 
8382 3185 3642 3186 
8383 2065 2356 2064 
8384 2985 3250 2987 
8385 3614 4695 2885 
8386 2973 5582 4291 
8387 1340 1341 1339 
8388 1391 1393 1389 
8389 1342 1343 1341 
8390 1344 1351 1343 
8391 3129 3311 3127 
8392 1728 4598 4520 
8393 2479 4568 2254 
8394 1379 1949 1377 
8395 1535 4647 1532 
8396 2872 4739 2749 
8397 2459 2717 2541 
8398 3048 4703 4485 
8399 3094 3185 3095 
8400 1937 3210 2406 
8401 3226 4569 3211 
8402 2487 4595 2802 
8403 3223 3550 3209 
8404 3351 4486 3679 
8405 2186 2360 1588 
8406 3448 3509 3099 
8407 3036 4806 3606 
8408 3726 3728 3727 
8409 1964 4552 2345 
8410 4514 4609 1682 
8411 2461 3023 2705 
8412 2593 5094 2042 
8413 2278 4583 2280 
8414 2648 4780 2818 
8415 2141 2528 2142 
8416 1640 4579 2314 
8417 1285 4960 103 
8418 2476 4595 2487 
8419 1399 4861 1363 
8420 3096 3097 2497 
8421 2656 4365 1663 
8422 2141 3153 2528 
8423 1933 3347 1913 
8424 1332 1334 1333 
8425 1355 1357 1356 
8426 4490 4803 4723 
8427 3844 5398 1322 
8428 2666 3248 2473 
8429 3098 3099 3097 
8430 1525 3330 2392 
8431 1448 5155 1683 
8432 2150 2401 2152 
8433 2309 4769 4098 
8434 1589 4743 2186 
8435 2187 3312 1594 
8436 1914 1933 1913 
8437 3703 3704 3701 
8438 1406 4663 1480 
8439 1336 1337 1335 
8440 4279 4994 4280 
8441 1357 1360 1359 
8442 3361 4660 2349 
8443 3894 3895 3892 
8444 2964 3595 2869 
8445 3115 3260 3113 
8446 3123 3853 3852 
8447 3910 3911 3907 
8448 2783 2896 2895 
8449 1938 4711 1937 
8450 4230 4791 4229 
8451 1338 1340 1339 
8452 3728 3731 3729 
8453 1924 1930 1922 
8454 3156 3256 3157 
8455 3799 5116 3798 
8456 1338 1339 1337 
8457 1296 5062 269 
8458 1408 3096 2497 
8459 2848 3480 3479 
8460 3424 4642 3398 
8461 2629 4638 2586 
8462 2356 3136 2064 
8463 2488 4540 2690 
8464 2342 2666 2473 
8465 1847 2397 1845 
8466 3467 5124 2121 
8467 2682 2706 2681 
8468 4741 4932 4761 
8469 1477 4630 1478 
8470 3022 4626 1786 
8471 2161 2364 2098 
8472 3148 4900 2809 
8473 3628 5491 3645 
8474 2079 2095 2077 
8475 2329 4644 1458 
8476 1970 4719 1967 
8477 2779 4549 2616 
8478 3589 3594 3592 
8479 1529 4675 1526 
8480 2359 2366 1907 
8481 3096 3098 3097 
8482 1879 2060 1877 
8483 3098 3448 3099 
8484 268 5062 1230 
8485 2558 4816 2830 
8486 4833 4902 2796 
8487 3270 3673 3258 
8488 3023 3158 2705 
8489 2186 2558 2360 
8490 3153 3156 3154 
8491 2156 2468 2177 
8492 2690 2888 2682 
8493 4127 4615 4129 
8494 1478 4602 2205 
8495 2558 2829 2559 
8496 3075 4622 2760 
8497 3299 3560 3168 
8498 2139 2488 2138 
8499 2461 2705 2460 
8500 1457 4644 1460 
8501 1931 1936 1928 
8502 3356 3422 3421 
8503 3263 3551 3449 
8504 2463 3110 1600 
8505 2770 4765 3273 
8506 4050 4952 4055 
8507 3554 4455 3215 
8508 2096 5042 2097 
8509 3303 3965 3301 
8510 3191 4794 3388 
8511 1642 4579 1640 
8512 1249 4962 4794 
8513 1345 1346 1344 
8514 5200 5372 1387 
8515 1899 2521 1897 
8516 2094 4702 2093 
8517 3902 3912 3900 
8518 2488 2681 2138 
8519 1937 2406 1934 
8520 4166 4838 1237 
8521 3241 3748 2888 
8522 1941 2388 1764 
8523 2371 4583 2281 
8524 1732 1807 1755 
8525 3774 3775 3773 
8526 4431 4938 110 
8527 2058 4587 2056 
8528 1904 4707 1903 
8529 2617 4573 4360 
8530 4131 4620 4133 
8531 3115 3263 3260 
8532 1687 4919 3965 
8533 3221 4562 2806 
8534 2829 2831 2559 
8535 3330 3331 2392 
8536 2428 3119 2512 
8537 3009 4573 2619 
8538 2687 4926 2865 
8539 2202 4720 2203 
8540 1819 4582 2455 
8541 4538 4762 2653 
8542 2212 4631 2448 
8543 2556 2848 2427 
8544 2333 2555 2335 
8545 3090 3387 3178 
8546 2110 4724 2113 
8547 3433 5492 3722 
8548 2075 2420 2073 
8549 2367 2427 2366 
8550 4123 4627 4125 
8551 3804 5167 1210 
8552 2196 2770 2198 
8553 2558 2559 2360 
8554 1967 4719 1966 
8555 2551 4612 2310 
8556 2943 3242 2945 
8557 2798 4902 3184 
8558 1347 1348 1346 
8559 3625 5217 2843 
8560 2187 4260 3312 
8561 4471 4785 4590 
8562 1843 2421 2045 
8563 4789 4915 2419 
8564 4306 5257 4305 
8565 2091 2386 2089 
8566 1762 4503 1741 
8567 1219 3812 3811 
8568 2173 4616 2518 
8569 3230 4596 2683 
8570 2636 5283 2076 
8571 2770 2771 2198 
8572 1812 4660 1873 
8573 3698 3700 3699 
8574 2085 2378 2083 
8575 2640 4595 2476 
8576 2937 4572 2911 
8577 1936 5007 3855 
8578 1889 2194 1887 
8579 1747 4598 1724 
8580 1900 4740 1899 
8581 3261 4674 3116 
8582 2913 4826 2599 
8583 2199 4633 2202 
8584 2189 3317 2048 
8585 3319 4893 4829 
8586 1849 4635 1828 
8587 2185 2369 1970 
8588 1414 4721 1409 
8589 1883 2418 1881 
8590 1815 4588 2568 
8591 1301 5471 4350 
8592 2972 4597 3849 
8593 1758 4608 1813 
8594 1467 4584 1464 
8595 3263 3449 3260 
8596 2749 4739 3009 
8597 1531 4647 2456 
8598 1895 2457 1893 
8599 1560 4628 3353 
8600 3308 4780 4579 
8601 2421 2660 2549 
8602 2522 4740 3207 
8603 3272 3552 2771 
8604 5352 5481 3438 
8605 3107 5287 4067 
8606 3119 3122 3120 
8607 2203 4720 2333 
8608 3755 3756 3754 
8609 3757 3758 3756 
8610 5086 5301 1998 
8611 1966 2370 1944 
8612 2464 2691 2364 
8613 2683 4596 2610 
8614 2968 3324 2966 
8615 2111 5076 2109 
8616 1966 3106 2370 
8617 2193 4777 4445 
8618 2518 4616 2715 
8619 3105 4739 2872 
8620 3704 3708 3706 
8621 3835 4834 3834 
8622 1591 4743 1589 
8623 3468 4565 2664 
8624 3499 3656 3655 
8625 2010 4774 2016 
8626 3360 4688 2759 
8627 2859 3181 2767 
8628 50 5014 1207 
8629 3445 3917 3110 
8630 2056 4587 3081 
8631 245 5017 4517 
8632 3323 4601 2813 
8633 1216 5059 164 
8634 1417 4599 1415 
8635 2947 3997 3641 
8636 2367 2556 2427 
8637 2022 4655 2024 
8638 1677 4640 1481 
8639 1336 1338 1337 
8640 2645 2647 2547 
8641 1374 4641 1371 
8642 3152 3199 2896 
8643 2185 2571 2369 
8644 1595 4756 2187 
8645 1463 4580 1466 
8646 2359 2367 2366 
8647 3155 4536 2528 
8648 4511 4665 3952 
8649 3256 3520 3157 
8650 1409 4721 1408 
8651 2522 2859 2767 
8652 1411 4687 1681 
8653 2346 4779 4560 
8654 2208 4602 2804 
8655 3119 3120 2512 
8656 1334 1336 1335 
8657 1597 4756 1595 
8658 2161 2464 2364 
8659 2772 4598 1747 
8660 2571 2822 2695 
8661 2763 4596 3473 
8662 1558 4654 1555 
8663 2610 4596 2763 
8664 1724 4598 1728 
8665 4119 4664 4121 
8666 3156 3157 3154 
8667 2925 3601 3192 
8668 3760 3761 3757 
8669 3896 4000 3895 
8670 3111 5084 3919 
8671 237 4782 1305 
8672 2460 4659 1577 
8673 4193 5276 4191 
8674 1645 4579 1642 
8675 4478 4701 1825 
8676 3377 4891 3374 
8677 2464 3288 2691 
8678 1740 4775 1840 
8679 3736 3746 3734 
8680 2345 4616 2173 
8681 1899 2522 2521 
8682 4559 5057 3434 
8683 2571 4837 2823 
8684 1971 4767 2185 
8685 1680 4609 1705 
8686 3475 5324 4942 
8687 2770 3272 2771 
8688 2303 5090 4314 
8689 1195 3866 3697 
8690 2349 4660 1811 
8691 3886 4558 3914 
8692 2488 2682 2681 
8693 2764 4995 3849 
8694 1200 3787 3786 
8695 2804 4631 2210 
8696 3145 3223 3209 
8697 2569 4601 3327 
8698 1493 4637 1491 
8699 3394 4659 2460 
8700 1415 4599 2342 
8701 1481 4640 1738 
8702 109 4938 1259 
8703 2760 4622 3359 
8704 1824 4582 1820 
8705 3131 4648 3077 
8706 2356 3494 3136 
8707 3153 3154 2528 
8708 4517 5017 3506 
8709 2098 4702 2094 
8710 2522 2767 2521 
8711 2822 3234 2695 
8712 2955 4591 3669 
8713 1682 4609 1680 
8714 2463 3445 3110 
8715 2571 2695 2369 
8716 2189 4533 3317 
8717 2421 2549 2045 
8718 1933 4581 3347 
8719 2852 4835 2642 
8720 3271 5198 4070 
8721 2528 4536 2142 
8722 2529 4632 2481 
8723 1982 4656 1984 
8724 1907 4707 1904 
8725 1828 4635 2038 
8726 3462 4762 3014 
8727 1867 4731 1953 
8728 3524 4995 3525 
8729 2813 4601 2569 
8730 2130 5051 3940 
8731 1278 5014 49 
8732 4492 4777 2193 
8733 3106 3352 2370 
8734 1820 4582 1819 
8735 2119 4636 2459 
8736 3726 3727 3725 
8737 3820 5382 1712 
8738 4587 4825 3081 
8739 3431 4334 3324 
8740 2660 3111 2549 
8741 4560 4779 3030 
8742 2242 4705 2673 
8743 2169 4685 3094 
8744 3737 4821 3736 
8745 4053 5147 4058 
8746 3522 4733 3157 
8747 1667 4710 4571 
8748 2954 4632 2529 
8749 5132 5152 2508 
8750 3156 4922 3257 
8751 2473 4721 1414 
8752 1973 4767 1971 
8753 2697 3225 2676 
8754 1301 5495 4572 
8755 2205 4602 2208 
8756 4286 4849 4279 
8757 2549 4754 3070 
8758 2007 4774 2010 
8759 1553 4662 1551 
8760 1672 4630 1477 
8761 4445 5469 4444 
8762 1491 4637 1567 
8763 3300 5275 3847 
8764 3031 4795 3033 
8765 4554 4781 2000 
8766 4084 4911 4083 
8767 1286 3823 3822 
8768 1986 4772 1988 
8769 1208 3920 3793 
8770 2481 4632 2503 
8771 1470 4619 1479 
8772 4133 4620 4139 
8773 1765 4652 1837 
8774 3753 3755 3754 
8775 4333 5201 3570 
8776 3083 4825 3088 
8777 1992 4661 1994 
8778 4292 5582 3022 
8779 3082 4629 2055 
8780 1362 4689 1365 
8781 2585 5592 2605 
8782 2210 4631 2212 
8783 3160 4619 1468 
8784 3592 5525 3591 
8785 4433 4776 1255 
8786 3700 3703 3701 
8787 1994 4661 2375 
8788 1603 4657 1601 
8789 1525 4675 3330 
8790 3266 4810 4638 
8791 1468 4619 1470 
8792 3434 5275 3298 
8793 3274 5434 3564 
8794 2336 4618 2338 
8795 3815 5006 1198 
8796 1478 4630 4602 
8797 3491 5187 4353 
8798 1483 4634 1476 
8799 2360 4677 1588 
8800 1580 4614 2461 
8801 3690 4933 2936 
8802 2499 4618 2336 
8803 2940 4783 3265 
8804 2222 4705 2224 
8805 4129 4615 4137 
8806 3266 4638 2629 
8807 1638 5315 4081 
8808 2537 4688 2588 
8809 4303 5257 4304 
8810 1705 4609 4588 
8811 4137 4620 4131 
8812 3312 4816 4743 
8813 1437 4670 1435 
8814 1650 4673 1648 
8815 2455 4582 3180 
8816 2123 4587 2058 
8817 3766 3769 3767 
8818 1433 4686 1431 
8819 5251 5337 2689 
8820 3014 4762 4538 
8821 4138 4615 4127 
8822 3580 3590 3582 
8823 3728 3729 3727 
8824 227 5144 1244 
8825 3084 4625 3087 
8826 1368 4641 3118 
8827 2343 4675 1529 
8828 2372 4692 1639 
8829 1290 5144 228 
8830 3731 3732 3729 
8831 3755 3757 3756 
8832 1555 4654 1557 
8833 5119 5437 4258 
8834 4469 4664 4119 
8835 1371 4641 1368 
8836 2024 4655 2033 
8837 2299 5090 2300 
8838 3772 3774 3773 
8839 1342 4650 1345 
8840 3400 5362 3490 
8841 4125 4627 4138 
8842 3464 4622 3075 
8843 1692 4817 1712 
8844 1786 4626 1818 
8845 1398 4658 1373 
8846 4850 5344 4434 
8847 3223 4457 3550 
8848 2874 4793 3105 
8849 3115 4674 3263 
8850 1579 5536 4391 
8851 4714 4774 2007 
8852 2887 4623 3021 
8853 1713 4712 1691 
8854 1211 4621 3803 
8855 4461 4781 4554 
8856 1420 4599 1417 
8857 1537 5518 4419 
8858 1903 4740 1900 
8859 3308 4579 1645 
8860 3687 5502 2637 
8861 1805 4706 2344 
8862 4484 4694 2431 
8863 2785 4668 1726 
8864 4928 5021 2161 
8865 1375 4658 3107 
8866 1626 4807 1671 
8867 2139 4540 2488 
8868 3831 5169 2313 
8869 2773 4801 3150 
8870 1623 4698 1621 
8871 2382 4635 1849 
8872 4145 4627 4123 
8873 2381 4654 1558 
8874 4271 5038 2419 
8875 3973 4804 3972 
8876 1619 4697 1617 
8877 2370 4711 1944 
8878 3774 3776 3775 
8879 1999 5043 1998 
8880 2842 5041 3646 
8881 4187 5193 3249 
8882 3604 4870 3141 
8883 1452 5228 2160 
8884 2051 4667 2049 
8885 1984 4656 2129 
8886 2059 4661 1992 
8887 1505 4722 1503 
8888 1920 4784 1918 
8889 3795 5184 3794 
8890 2380 4637 1493 
8891 1594 4743 1591 
8892 4171 5419 1292 
8893 1648 4673 4487 
8894 4473 4655 2022 
8895 1501 4716 1499 
8896 1803 4706 1805 
8897 2049 4667 2189 
8898 2129 4772 1986 
8899 1600 4756 1597 
8900 3107 4687 1397 
8901 4282 4939 4284 
8902 1219 3811 3810 
8903 2643 4650 1340 
8904 1948 4684 1975 
8905 4364 5506 2970 
8906 5058 5344 5206 
8907 4590 4785 2215 
8908 3745 5167 3805 
8909 163 5059 1313 
8910 1480 4663 1678 
8911 3307 4693 2710 
8912 1822 4701 1824 
8913 2605 5505 4194 
8914 1601 4657 2463 
8915 2834 4653 3336 
8916 4770 5532 1199 
8917 2035 4911 2032 
8918 4246 5334 4231 
8919 2122 5124 2353 
8920 4488 5578 4144 
8921 2820 4653 2750 
8922 2771 4633 2198 
8923 1557 4662 1553 
8924 1726 4668 1725 
8925 1244 5176 226 
8926 4121 4664 4145 
8927 3502 4625 3085 
8928 1509 4710 1507 
8929 2357 4658 1398 
8930 3880 4971 2918 
8931 225 5176 1293 
8932 1373 4658 1375 
8933 1551 4662 2383 
8934 3154 4733 3155 
8935 3384 4917 4796 
8936 2431 4694 2433 
8937 4963 5100 2823 
8938 1668 4712 2391 
8939 2435 4700 2524 
8940 3276 4676 2902 
8941 1738 4640 2651 
8942 1910 4683 1908 
8943 3077 4648 3464 
8944 3255 4899 4094 
8945 2850 5431 3451 
8946 2379 4656 1982 
8947 1397 4687 1411 
8948 1635 4692 1637 
8949 1639 4692 1635 
8950 4568 4787 3024 
8951 2750 4653 2834 
8952 3828 5010 1214 
8953 1676 4827 1651 
8954 4265 5181 3344 
8955 2113 4724 3159 
8956 2651 4652 1765 
8957 1364 4672 1369 
8958 2436 5134 1795 
8959 2498 5476 3930 
8960 2628 4693 3375 
8961 3085 4625 3084 
8962 4328 5550 4331 
8963 2479 4787 4568 
8964 2144 4713 2146 
8965 2041 4715 1874 
8966 2541 4685 2165 
8967 2326 4988 2701 
8968 2759 4688 2537 
8969 1871 4699 2125 
8970 3118 4672 1366 
8971 1486 4634 1483 
8972 3029 4689 1360 
8973 2369 4719 1970 
8974 4244 5241 4240 
8975 4134 5455 4307 
8976 3739 5313 3742 
8977 1340 4650 1342 
8978 3749 4735 4734 
8979 2344 4731 1867 
8980 1908 4683 2359 
8981 1725 4668 1743 
8982 1228 5170 218 
8983 3715 5367 3712 
8984 3504 5064 5031 
8985 2000 4781 4491 
8986 2876 4793 2874 
8987 3532 4648 3131 
8988 2597 4693 2628 
8989 4667 4881 2189 
8990 2439 4849 2755 
8991 1893 4747 1891 
8992 3361 4902 4833 
8993 1837 4652 2504 
8994 1743 4668 4608 
8995 284 5175 1234 
8996 3636 4790 3632 
8997 217 5170 1300 
8998 3030 4779 3140 
8999 1513 4728 1511 
9000 5298 5502 4070 
9001 1825 4701 1822 
9002 3190 5019 4501 
9003 1366 4672 1364 
9004 1309 5175 285 
9005 2338 4618 2428 
9006 3465 5285 4165 
9007 1965 5037 4496 
9008 1283 5160 3806 
9009 2215 4785 2217 
9010 2154 4746 2156 
9011 1683 5228 1450 
9012 1916 4723 1914 
9013 3024 4787 3026 
9014 2048 4767 1973 
9015 1816 4717 1789 
9016 4595 4806 3036 
9017 4211 5464 4210 
9018 3613 4653 2820 
9019 2045 4699 1871 
9020 2987 4732 2994 
9021 1360 4689 1362 
9022 2674 4749 2645 
9023 2286 4814 2287 
9024 2067 4800 2065 
9025 1665 4673 1650 
9026 3317 4837 4767 
9027 4459 4915 4789 
9028 2684 4887 2992 
9029 2217 4785 2235 
9030 2710 4693 2597 
9031 4067 5407 4065 
9032 1937 4711 3210 
9033 2504 4652 3137 
9034 1582 5168 1583 
9035 2333 4720 2555 
9036 1637 4729 1633 
9037 1627 4698 1623 
9038 2882 4818 2878 
9039 4101 4842 4102 
9040 2016 4855 2012 
9041 1445 4736 1443 
9042 1257 5017 246 
9043 2367 4885 2665 
9044 1633 4729 1630 
9045 2983 4752 2985 
9046 3189 4794 3191 
9047 1357 4718 3029 
9048 2366 4707 1907 
9049 3381 5263 3297 
9050 1369 4672 2531 
9051 3235 4906 2695 
9052 2065 4800 2356 
9053 4944 5040 3335 
9054 4018 4830 3206 
9055 4625 5129 3624 
9056 2364 4702 2098 
9057 3195 5423 4031 
9058 5480 5591 3399 
9059 3079 4691 2717 
9060 3306 5235 4430 
9061 1914 4723 1933 
9062 1606 4657 1603 
9063 2409 4587 2123 
9064 1431 4686 1473 
9065 3430 4963 4533 
9066 3962 5106 3958 
9067 2772 5004 4297 
9068 3040 4792 4447 
9069 1358 4718 1355 
9070 4549 4796 3092 
9071 2077 4741 2075 
9072 1617 4697 1632 
9073 3398 4642 3399 
9074 2224 4705 2242 
9075 4063 5248 3842 
9076 1361 4861 4521 
9077 3812 4014 3811 
9078 148 5024 147 
9079 1338 4766 2643 
9080 4683 4885 2359 
9081 2327 4725 2393 
9082 4060 5311 4063 
9083 1950 4706 1803 
9084 3384 4796 2807 
9085 2389 4697 1619 
9086 2717 4691 2776 
9087 278 5213 1287 
9088 1785 4750 1490 
9089 1408 4721 3096 
9090 2235 4799 2219 
9091 1239 5213 279 
9092 2727 4874 3177 
9093 3824 5595 1283 
9094 1621 4698 2389 
9095 3021 4623 3574 
9096 3373 4757 4525 
9097 2219 4799 2222 
9098 1899 4740 2522 
9099 4962 5024 3388 
9100 3382 5412 3557 
9101 1499 4716 1574 
9102 1691 4712 1668 
9103 1407 5137 1405 
9104 3482 4879 3403 
9105 1764 4760 1762 
9106 2994 4751 2996 
9107 2031 4789 2034 
9108 1881 4758 1879 
9109 1294 5579 4177 
9110 2064 4667 2051 
9111 2667 4634 1486 
9112 1400 4738 1402 
9113 3465 4691 3079 
9114 2014 4855 2368 
9115 1465 4670 1437 
9116 3127 4802 3034 
9117 3265 4783 3515 
9118 2373 4684 1948 
9119 3188 4982 4385 
9120 2388 5550 4760 
9121 5121 5591 4359 
9122 1512 5512 1684 
9123 2891 5510 2953 
9124 4233 4791 4230 
9125 1630 4729 2395 
9126 4903 5588 3768 
9127 4890 4926 2687 
9128 2034 4789 2419 
9129 2231 4757 2233 
9130 4491 4781 3125 
9131 2314 4780 2648 
9132 4237 5355 4232 
9133 3545 4904 3230 
9134 1462 4737 4736 
9135 4498 4829 4552 
9136 3612 5165 3253 
9137 1523 4742 1521 
9138 2640 4806 4595 
9139 4079 5576 5224 
9140 2409 4825 4587 
9141 4459 4789 4530 
9142 2562 4715 2041 
9143 2752 4643 2507 
9144 1922 4805 1920 
9145 1355 4718 1357 
9146 5430 5527 3439 
9147 1874 4715 2489 
9148 2902 4676 3864 
9149 1913 4683 1910 
9150 1388 5593 1695 
9151 1667 4722 1505 
9152 4466 4752 2983 
9153 2069 4813 2067 
9154 1975 4684 2141 
9155 1435 4670 2384 
9156 3573 5332 3572 
9157 3593 5532 3577 
9158 2562 4925 4715 
9159 1966 4719 3106 
9160 2104 4748 2101 
9161 1462 4736 1445 
9162 3633 5105 3634 
9163 1507 4710 1667 
9164 2384 4686 1433 
9165 2280 4888 2276 
9166 4250 4937 2489 
9167 4536 4713 2144 
9168 2109 4911 2035 
9169 3229 4996 3208 
9170 89 4840 90 
9171 3139 4787 2479 
9172 3386 5142 3516 
9173 1402 4738 1771 
9174 5158 5404 1606 
9175 2945 4764 2947 
9176 3027 4841 3292 
9177 4796 4917 3092 
9178 2433 4694 2561 
9179 2426 5201 4333 
9180 260 4812 259 
9181 188 5231 1304 
9182 4530 4789 2031 
9183 2682 4734 2706 
9184 1918 4784 2363 
9185 3315 5294 4938 
9186 2880 4853 2882 
9187 2475 5408 3764 
9188 2396 4716 1501 
9189 3292 4853 2883 
9190 1518 5536 1579 
9191 2524 4700 2783 
9192 3686 5569 1784 
9193 2531 4738 1400 
9194 3749 4734 2888 
9195 1404 4753 1406 
9196 3279 4676 3276 
9197 1401 5222 1399 
9198 4670 4671 2384 
9199 3951 4894 3957 
9200 1675 4728 1513 
9201 4348 4998 3174 
9202 3111 4754 2549 
9203 2561 4700 2435 
9204 1503 4722 2396 
9205 3312 4743 1594 
9206 2271 4945 2273 
9207 2146 4713 2172 
9208 2848 4744 3480 
9209 2400 4833 2796 
9210 2783 4700 3152 
9211 2394 4710 1509 
9212 1490 4750 1488 
9213 2878 4818 2876 
9214 1344 4726 1351 
9215 239 5080 238 
9216 4693 4864 3375 
9217 4552 4829 2345 
9218 4236 4791 4233 
9219 4209 4858 4208 
9220 2966 4768 2964 
9221 4193 5293 2395 
9222 3198 4843 4320 
9223 1488 4750 2667 
9224 1840 4775 3145 
9225 2807 4796 2779 
9226 4252 5203 3101 
9227 2363 4723 1916 
9228 1299 5242 118 
9229 1243 5055 4156 
9230 4302 5484 3435 
9231 3720 5538 4316 
9232 2921 4909 2922 
9233 2125 4699 2426 
9234 1511 4728 2394 
9235 1535 4820 4647 
9236 3034 4802 3660 
9237 3110 4756 1600 
9238 4068 5311 4062 
9239 3157 4733 3154 
9240 4461 4900 4781 
9241 1298 5396 4168 
9242 1714 4766 1336 
9243 3202 4744 2743 
9244 1771 4753 1404 
9245 1394 4759 1391 
9246 1720 4961 4775 
9247 2373 4922 4684 
9248 2233 4757 2424 
9249 2497 4759 1394 
9250 1443 4736 2407 
9251 3764 5408 4418 
9252 1612 4844 1614 
9253 3250 4732 2987 
9254 1351 4755 1732 
9255 1294 5462 3666 
9256 2177 4765 2196 
9257 2556 4744 2848 
9258 3723 5417 5093 
9259 1406 4753 4663 
9260 3588 5006 3586 
9261 4247 4958 3287 
9262 2779 4796 4549 
9263 3347 4683 1913 
9264 2392 4742 1523 
9265 4304 5433 3073 
9266 2772 4895 4598 
9267 1346 4726 1344 
9268 3222 4991 3600 
9269 3362 5008 3219 
9270 3136 4667 2064 
9271 3342 5387 3204 
9272 2343 4835 4675 
9273 2156 4746 2468 
9274 3966 4808 3965 
9275 2743 4744 2556 
9276 2141 4684 3153 
9277 4516 4806 2640 
9278 4756 4897 2187 
9279 4675 4835 3330 
9280 2499 4901 4618 
9281 2184 4717 1816 
9282 2318 4956 2324 
9283 3281 5456 4465 
9284 1887 4851 1885 
9285 1933 4803 4581 
9286 2985 4752 3250 
9287 2888 4734 2682 
9288 4525 4757 2231 
9289 4715 4925 4811 
9290 3307 4864 4693 
9291 2426 4725 2327 
9292 5011 5179 3986 
9293 2428 4618 3119 
9294 4417 5433 4304 
9295 1521 4742 1686 
9296 3540 4980 3203 
9297 4193 5446 5293 
9298 3722 5429 3433 
9299 1391 4759 1393 
9300 3623 5556 3086 
9301 2102 4813 2069 
9302 4781 4900 3125 
9303 1789 4717 4375 
9304 4448 5160 1283 
9305 3288 5252 5133 
9306 3311 4802 3127 
9307 2689 4726 1346 
9308 2714 5054 2519 
9309 3380 5543 5113 
9310 2457 4747 1893 
9311 2222 4799 4705 
9312 2095 4741 2077 
9313 4612 4823 2305 
9314 4540 5127 2690 
9315 3317 4767 2048 
9316 1447 4832 1462 
9317 3328 4847 3518 
9318 1508 5368 1510 
9319 2510 4832 1449 
9320 2073 4822 2071 
9321 2138 4748 2104 
9322 3741 4976 3740 
9323 2681 4748 2138 
9324 4599 4828 3103 
9325 5130 5300 3243 
9326 1715 4817 1692 
9327 3586 5006 3651 
9328 35 4872 36 
9329 4565 4886 2751 
9330 1990 4898 2059 
9331 3901 4856 3903 
9332 4532 4873 3011 
9333 2716 5360 4180 
9334 3740 4821 3737 
9335 1629 4839 1631 
9336 5158 5224 4033 
9337 4238 4815 4236 
9338 2393 4725 2752 
9339 1897 4773 1895 
9340 4741 4761 2420 
9341 2473 4852 4721 
9342 2075 4741 2420 
9343 1885 4851 4745 
9344 1336 4766 1338 
9345 4465 5456 4183 
9346 3136 4881 4667 
9347 1879 4758 2060 
9348 4442 4850 1319 
9349 1926 4831 1924 
9350 4307 5403 4308 
9351 2876 4818 4793 
9352 1732 4755 1807 
9353 4827 4929 1653 
9354 1930 4805 1922 
9355 4449 4947 3395 
9356 4685 4848 3094 
9357 3538 4957 2913 
9358 1716 5551 1384 
9359 2468 4765 2177 
9360 3757 4771 3758 
9361 2196 4765 2770 
9362 4292 5025 3977 
9363 2929 5089 3964 
9364 2913 4957 4826 
9365 2388 4760 1764 
9366 3320 4878 2789 
9367 2850 5560 3790 
9368 3385 5159 5015 
9369 1696 5470 3898 
9370 2071 4822 2102 
9371 2418 4758 1881 
9372 1220 5204 5 
9373 1514 5548 1516 
9374 1449 4832 1447 
9375 4787 4870 3026 
9376 4393 5036 2941 
9377 5031 5064 2181 
9378 2521 4773 1897 
9379 4647 4820 3071 
9380 2442 4849 2439 
9381 2916 4876 2206 
9382 3347 4885 4683 
9383 2812 4924 2633 
9384 4441 5399 4442 
9385 4660 4833 1873 
9386 2099 4928 2161 
9387 2378 5380 3847 
9388 4400 5227 4451 
9389 4040 5524 2696 
9390 1495 4907 2380 
9391 1762 4760 4503 
9392 2804 4882 4410 
9393 2645 4749 2647 
9394 3146 5076 2472 
9395 2964 4768 3595 
9396 3217 4889 3218 
9397 4684 4922 3153 
9398 4617 4820 1535 
9399 3260 5297 5084 
9400 3693 5077 3340 
9401 4598 4895 4520 
9402 2466 5096 3878 
9403 2923 4903 2845 
9404 3111 4878 4754 
9405 3417 4841 3027 
9406 2810 4982 3188 
9407 1851 4908 2382 
9408 160 5120 159 
9409 2152 4836 2154 
9410 4285 5060 2588 
9411 3242 4764 2945 
9412 4368 4829 4498 
9413 3128 4932 3165 
9414 4721 4852 3096 
9415 1439 4880 1465 
9416 2464 5021 3289 
9417 1924 4831 1930 
9418 2238 5433 4417 
9419 2541 4848 4685 
9420 1283 5595 4448 
9421 1843 4778 2421 
9422 3197 5225 3671 
9423 2631 4924 3266 
9424 3177 4982 2729 
9425 4475 5198 3259 
9426 2012 4855 2014 
9427 2947 4764 3997 
9428 2115 4845 4636 
9429 4821 5529 3857 
9430 2305 4823 4476 
9431 3761 4771 3757 
9432 4533 4881 3305 
9433 2401 4836 2152 
9434 1920 4805 4784 
9435 3574 4985 3575 
9436 3557 5412 5385 
9437 2622 4923 2847 
9438 2883 4853 2880 
9439 3914 4786 3916 
9440 4087 5070 4763 
9441 4511 4914 3273 
9442 2769 5112 4978 
9443 4732 4751 2994 
9444 1755 4778 1843 
9445 4300 5218 5071 
9446 2067 4813 4800 
9447 4507 4819 3074 
9448 4960 5586 1220 
9449 1326 4869 253 
9450 1325 4867 204 
9451 1323 4866 155 
9452 1324 4868 106 
9453 1807 4778 1755 
9454 1895 4773 2457 
9455 2614 4979 2402 
9456 3549 4803 4490 
9457 4973 5095 4733 
9458 3946 5289 2899 
9459 3007 4877 2757 
9460 3324 4768 2966 
9461 3415 4928 4748 
9462 2420 4822 2073 
9463 3139 4870 4787 
9464 2296 5425 2299 
9465 6 5204 3829 
9466 2132 4908 1853 
9467 1255 5156 295 
9468 2291 5068 2295 
9469 3790 5560 3688 
9470 3208 4857 3144 
9471 1547 4896 1562 
9472 4332 5172 4366 
9473 1574 4907 1497 
9474 3346 5344 4850 
9475 4186 5303 5255 
9476 4083 5076 3146 
9477 3863 5554 3862 
9478 1670 4828 1420 
9479 3713 5034 3714 
9480 3072 4823 4612 
9481 1835 4981 1830 
9482 1545 4916 4896 
9483 2186 4816 2558 
9484 2914 5072 2915 
9485 1269 5113 3791 
9486 4272 5236 1341 
9487 2728 4874 2727 
9488 1311 5381 4073 
9489 1797 4905 1794 
9490 2831 4865 3213 
9491 4468 5487 2365 
9492 1976 5262 2990 
9493 4211 5517 3441 
9494 3691 5451 1313 
9495 2407 4880 1441 
9496 3145 4775 3223 
9497 4806 4933 3606 
9498 4715 4811 2489 
9499 4659 4873 1572 
9500 1873 4833 2400 
9501 1227 5442 169 
9502 4772 4898 1988 
9503 173 4860 172 
9504 3081 4825 3083 
9505 3672 4991 4527 
9506 147 4962 146 
9507 3328 4890 4847 
9508 1420 4828 4599 
9509 3908 4948 4747 
9510 168 5442 1301 
9511 4754 4878 3320 
9512 3702 4809 3700 
9513 3915 5377 4717 
9514 3444 5453 5243 
9515 1378 5031 2181 
9516 3361 4833 4660 
9517 3416 5049 4951 
9518 3254 5022 2828 
9519 4415 5269 5140 
9520 1423 5111 1421 
9521 3906 4913 3909 
9522 2799 5562 3685 
9523 3331 4944 3335 
9524 1217 5381 262 
9525 2599 4826 2361 
9526 2776 4848 2541 
9527 1829 4935 1834 
9528 4726 4755 1351 
9529 1956 5556 3677 
9530 3420 5364 5160 
9531 4542 4824 2786 
9532 4677 4883 1584 
9533 4942 5324 2830 
9534 4558 4786 3914 
9535 1197 5417 3723 
9536 1936 4892 1928 
9537 1963 5004 1810 
9538 3327 4890 3328 
9539 4313 5102 4312 
9540 2489 4937 1869 
9541 3818 5555 4797 
9542 4478 4788 4701 
9543 2143 5436 2131 
9544 3159 4845 2115 
9545 4085 5382 3820 
9546 2642 4835 2343 
9547 3597 4887 2684 
9548 3124 4910 2957 
9549 2154 4836 4746 
9550 116 5472 1215 
9551 1441 4880 1439 
9552 2799 5490 2399 
9553 2187 4897 4260 
9554 3129 4920 3311 
9555 4472 4875 4471 
9556 249 5202 1322 
9557 5177 5281 2499 
9558 1330 5202 250 
9559 5341 5544 1250 
9560 1993 5216 1991 
9561 4006 5010 3452 
9562 2716 5005 2491 
9563 5057 5194 3434 
9564 4330 5319 4760 
9565 3821 5477 4175 
9566 4085 5079 1804 
9567 3416 4951 4514 
9568 3148 4931 4900 
9569 4633 4862 2202 
9570 2785 5119 4295 
9571 4735 5321 5186 
9572 4424 5220 4824 
9573 4618 4901 3119 
9574 3248 4852 2473 
9575 4247 5554 3863 
9576 220 4884 219 
9577 1618 4918 1620 
9578 1766 5004 2772 
9579 3965 4919 3301 
9580 2276 4888 2274 
9581 3110 4897 4756 
9582 3035 4824 4542 
9583 2409 4978 4547 
9584 3395 5046 3597 
9585 3299 4919 3560 
9586 4723 4803 1933 
9587 3094 4848 3185 
9588 4636 4845 3078 
9589 1316 4930 4274 
9590 3451 5431 5280 
9591 2185 4837 2571 
9592 1363 4861 1361 
9593 3700 4809 3703 
9594 3042 5072 3505 
9595 4007 5591 5480 
9596 2769 4978 2526 
9597 4838 5237 1237 
9598 1855 4972 2132 
9599 2373 5052 4475 
9600 4049 4952 4050 
9601 3868 4809 3702 
9602 3141 4870 3139 
9603 3096 4852 3098 
9604 3689 5545 3691 
9605 4476 5001 2301 
9606 2387 4972 1857 
9607 1988 4898 1990 
9608 2925 4909 3601 
9609 3345 4912 3343 
9610 2612 5022 2614 
9611 3817 5113 1269 
9612 3522 4973 4733 
9613 1928 4892 1926 
9614 2273 5114 2269 
9615 2194 4851 1887 
9616 4285 4939 4282 
9617 3560 4936 3168 
9618 2852 5040 4944 
9619 1254 5250 258 
9620 1863 4966 2390 
9621 2701 5203 4788 
9622 4068 5328 2385 
9623 3130 4934 3132 
9624 1247 5387 4386 
9625 1497 4907 1495 
9626 3313 5162 3255 
9627 4575 4854 2244 
9628 3375 4864 3432 
9629 3910 5254 4392 
9630 261 5381 1311 
9631 4947 5046 3395 
9632 3463 5035 2864 
9633 3618 5018 2997 
9634 4600 4923 2624 
9635 4788 5203 4252 
9636 1376 5031 1378 
9637 4780 4863 2818 
9638 1853 4908 1851 
9639 1572 4873 4532 
9640 4740 4955 3207 
9641 3010 5394 2836 
9642 2369 4906 4719 
9643 4481 5069 1453 
9644 1951 5079 2603 
9645 3855 4980 3540 
9646 2374 5298 4070 
9647 4616 4893 3227 
9648 2390 4997 1861 
9649 2202 4862 4720 
9650 1859 4997 2387 
9651 5179 5326 3988 
9652 4301 5298 1774 
9653 3415 5021 4928 
9654 2408 4978 2409 
9655 2361 4826 4628 
9656 2933 5308 4472 
9657 3553 4862 4633 
9658 3800 5103 1284 
9659 3374 4891 3373 
9660 2809 4900 4461 
9661 3766 5093 4269 
9662 3201 5510 2893 
9663 4531 5015 2093 
9664 2678 5035 2812 
9665 4442 5399 5354 
9666 4109 5245 1632 
9667 3456 4965 3457 
9668 1584 4883 4614 
9669 4403 5346 4482 
9670 1889 4948 2194 
9671 4366 5172 1715 
9672 3170 5020 3532 
9673 4473 4947 4655 
9674 2850 5494 5431 
9675 4419 5518 5050 
9676 3403 4879 3402 
9677 3849 4995 3524 
9678 216 5561 215 
9679 3394 4873 4659 
9680 2157 4940 2155 
9681 3152 5130 3243 
9682 3533 5020 3172 
9683 1317 5309 4912 
9684 2490 4970 3361 
9685 4212 5009 2557 
9686 3166 4920 3129 
9687 4427 5418 3193 
9688 3634 5075 3637 
9689 4719 4906 3106 
9690 3273 4914 3272 
9691 3189 5002 4794 
9692 3178 4983 3608 
9693 140 5549 139 
9694 2709 5018 2769 
9695 2912 5092 3546 
9696 1313 5451 162 
9697 4748 4928 2101 
9698 4986 5013 3235 
9699 4522 4883 4677 
9700 3301 4919 3299 
9701 4628 4826 3353 
9702 2826 5149 2694 
9703 3133 4915 4459 
9704 3675 4916 3674 
9705 5446 5489 5032 
9706 2374 5052 1809 
9707 3125 4931 2317 
9708 4095 5087 2580 
9709 4829 4893 2345 
9710 3319 5078 4893 
9711 3626 5563 3541 
9712 293 5341 1250 
9713 2101 4928 2099 
9714 2796 4902 2798 
9715 190 5486 189 
9716 4529 5227 4398 
9717 2189 4881 4533 
9718 2624 4923 2622 
9719 2922 4909 2925 
9720 3309 4863 3308 
9721 5167 5581 1210 
9722 4826 4957 3353 
9723 1950 4979 4706 
9724 2633 4924 2631 
9725 4450 5260 2293 
9726 4567 5154 2442 
9727 5153 5174 2330 
9728 3291 5229 4016 
9729 4671 4946 2384 
9730 1926 4892 4831 
9731 4494 5066 3160 
9732 4655 4947 4449 
9733 2359 4885 2367 
9734 2941 5036 2943 
9735 3379 5448 5307 
9736 4249 5223 1582 
9737 3012 5092 2747 
9738 4520 4895 4323 
9739 2172 5023 2148 
9740 4783 4921 3515 
9741 4381 5410 5296 
9742 3011 5074 3012 
9743 2865 4927 3547 
9744 110 4938 109 
9745 1903 4955 4740 
9746 4893 5078 3227 
9747 4747 4948 1891 
9748 3069 4854 4575 
9749 4430 5163 4634 
9750 2419 5038 2107 
9751 3251 5271 4352 
9752 4614 4883 3038 
9753 3564 5434 5111 
9754 4206 5044 1232 
9755 2268 5197 2265 
9756 4163 5178 4161 
9757 3823 5538 3424 
9758 1794 4905 1792 
9759 1714 4899 4766 
9760 2776 4954 4848 
9761 3468 4886 4565 
9762 1339 5236 2475 
9763 103 4960 104 
9764 3802 5497 3200 
9765 5355 5426 4234 
9766 3917 4897 3110 
9767 2406 5007 1934 
9768 3502 5129 4625 
9769 4199 4964 4201 
9770 4955 5098 3207 
9771 3483 5539 5458 
9772 2868 5491 3628 
9773 2857 4969 2700 
9774 4905 5248 4063 
9775 3369 5086 3463 
9776 4855 5225 2368 
9777 4609 4951 4588 
9778 4733 5095 3155 
9779 2365 5487 1356 
9780 3706 5211 3707 
9781 3748 4929 3749 
9782 4939 5247 4284 
9783 4425 5220 4424 
9784 2150 5023 2401 
9785 5396 5466 3378 
9786 4512 4882 4630 
9787 1931 5007 1936 
9788 5373 5531 1261 
9789 4630 4882 4602 
9790 200 5343 1320 
9791 1329 5343 201 
9792 1211 5184 4621 
9793 3119 4901 3122 
9794 3515 4921 3826 
9795 1902 4993 1905 
9796 3640 5572 3008 
9797 3168 4936 3166 
9798 4516 4933 4806 
9799 4749 4857 2647 
9800 2345 4893 4616 
9801 3323 4927 4601 
9802 1839 5052 2373 
9803 4848 4954 3185 
9804 3327 4926 4890 
9805 4536 4846 4713 
9806 1453 5069 1451 
9807 4888 4945 2274 
9808 1869 4937 1865 
9809 3280 5121 3279 
9810 1842 5490 2163 
9811 2181 5073 4042 
9812 3704 5051 3708 
9813 5256 5266 2061 
9814 256 5373 1261 
9815 2695 4906 2369 
9816 3171 4968 3173 
9817 3447 5071 2851 
9818 161 5451 1251 
9819 3365 4967 3367 
9820 5216 5301 3508 
9821 3588 5386 5006 
9822 4463 5108 2297 
9823 3092 4917 4591 
9824 2503 5145 2190 
9825 3732 4975 3729 
9826 4874 4990 4275 
9827 2093 5015 2091 
9828 4165 5285 1236 
9829 2603 5539 4412 
9830 159 5420 158 
9831 1472 5163 2329 
9832 3769 5299 3767 
9833 3248 4959 4852 
9834 3813 5386 3591 
9835 5139 5183 2600 
9836 2274 4945 2271 
9837 3561 5103 3247 
9838 2502 5003 2145 
9839 4852 4959 3098 
9840 2539 5534 4013 
9841 3153 4922 3156 
9842 3513 5208 3264 
9843 3209 5259 3229 
9844 3683 5069 4481 
9845 4601 4926 3327 
9846 1607 5158 1606 
9847 4117 4989 4115 
9848 3308 4863 4780 
9849 3155 4846 4536 
9850 252 5413 4 
9851 3 5414 300 
9852 105 5416 1 
9853 2 5415 153 
9854 1 5416 202 
9855 4 5413 251 
9856 154 5414 3 
9857 203 5415 2 
9858 2926 5316 2928 
9859 4316 5317 3718 
9860 4307 5455 5403 
9861 3357 5001 4476 
9862 3314 5041 4412 
9863 4217 5509 1901 
9864 4263 5238 3543 
9865 2936 4933 4516 
9866 1962 5145 1963 
9867 215 4977 214 
9868 1321 5405 4433 
9869 4514 4951 4609 
9870 4517 5558 1248 
9871 3287 4958 3825 
9872 4544 5077 4072 
9873 1891 4948 1889 
9874 4602 4882 2804 
9875 2095 5057 4559 
9876 4889 5449 3218 
9877 3293 5050 2835 
9878 2786 5220 4543 
9879 1684 5512 5128 
9880 3680 5109 3104 
9881 3848 5541 2128 
9882 3199 5064 3504 
9883 3857 5529 2509 
9884 4269 5093 3268 
9885 2293 5260 2289 
9886 4816 4942 2830 
9887 3232 5125 3281 
9888 4951 5049 2819 
9889 2815 4947 4473 
9890 1216 5342 5059 
9891 1272 5488 3676 
9892 2079 5057 2095 
9893 2859 5083 3181 
9894 3732 5107 4593 
9895 2317 4956 2318 
9896 3580 5029 3590 
9897 3688 5560 3095 
9898 3260 5084 3113 
9899 3402 5583 3440 
9900 4794 5002 1249 
9901 4931 4956 2317 
9902 4596 4904 3473 
9903 2852 4944 4835 
9904 1637 5279 4729 
9905 3230 4904 4596 
9906 2183 5119 2785 
9907 4978 5112 4547 
9908 2358 5066 4174 
9909 4280 4994 4283 
9910 3597 5572 4887 
9911 4496 5049 3416 
9912 3583 5153 3585 
9913 4500 5296 4432 
9914 3454 4941 3309 
9915 3393 5053 3226 
9916 4442 5354 4850 
9917 4902 4970 3184 
9918 3022 5397 4292 
9919 4144 4987 4135 
9920 1250 5544 4373 
9921 2666 5109 3248 
9922 3748 5274 1706 
9923 3905 5128 3902 
9924 3309 4941 4863 
9925 3862 5229 3291 
9926 3037 5047 4692 
9927 3225 5030 2676 
9928 2660 5084 3111 
9929 4113 5012 4112 
9930 3379 5366 2884 
9931 1389 5200 1387 
9932 5186 5321 3459 
9933 2655 5195 4095 
9934 1865 4966 1863 
9935 3602 5467 3538 
9936 3193 5418 3194 
9937 3330 4944 3331 
9938 2605 5592 5505 
9939 3749 4929 4827 
9940 4761 4932 3128 
9941 2404 5099 4540 
9942 5262 5282 3221 
9943 3360 4939 4688 
9944 3546 5171 3228 
9945 3571 5527 5430 
9946 2649 5320 3037 
9947 1857 4972 1855 
9948 2457 4913 4747 
9949 3346 5354 2839 
9950 3576 5532 4770 
9951 4775 4961 3223 
9952 1323 4871 4866 
9953 3204 5253 2791 
9954 4389 5314 4607 
9955 3406 5108 4463 
9956 3792 5317 4316 
9957 4236 5134 4791 
9958 4703 4943 3845 
9959 4619 5066 2358 
9960 2324 5115 4556 
9961 4588 4951 2819 
9962 3166 4936 4920 
9963 3236 5056 4264 
9964 4794 4962 3388 
9965 4569 5053 4395 
9966 3387 5133 4610 
9967 1281 5332 4770 
9968 2674 5030 4749 
9969 3731 5107 3732 
9970 3479 5232 5110 
9971 4417 5361 2484 
9972 3760 5408 3762 
9973 3090 5133 3387 
9974 3353 4957 3598 
9975 1322 5398 4435 
9976 4707 4955 1903 
9977 3388 5058 3339 
9978 3185 4954 3642 
9979 4497 5098 4955 
9980 4190 5238 4263 
9981 2729 4982 2810 
9982 3142 5271 3251 
9983 1801 5255 1799 
9984 2588 4988 2326 
9985 3229 5099 4996 
9986 5169 5547 4585 
9987 49 5014 50 
9988 3295 5078 3319 
9989 2264 5265 2262 
9990 3333 5139 3562 
9991 4237 5372 5200 
9992 4140 4990 4489 
9993 3529 4977 3545 
9994 3288 5133 2691 
9995 4678 5104 2496 
9996 4608 4950 4298 
9997 4837 4963 2823 
9998 3785 5447 1208 
9999 2097 5042 2100 
10000 3494 4953 3136 
10001 3744 4976 3741 
10002 3098 4959 3448 
10003 3746 5107 3734 
10004 5006 5386 1198 
10005 5112 5379 4154 
10006 2402 4979 1950 
10007 4329 5172 4332 
10008 3277 5016 3278 
10009 5142 5308 3516 
10010 5425 5493 3602 
10011 2295 5493 5425 
10012 3521 4986 3235 
10013 2765 5314 2914 
10014 3235 5013 4906 
10015 4497 4955 4707 
10016 2815 5046 4947 
10017 2981 5239 2982 
10018 3507 4943 4703 
10019 3656 5009 3655 
10020 3977 5025 3978 
10021 4093 5577 3122 
10022 2438 5185 1654 
10023 4882 5143 4410 
10024 5084 5297 3919 
10025 3249 5193 3677 
10026 3226 5053 4569 
10027 4512 5143 4882 
10028 3729 4975 3730 
10029 4937 4966 1865 
10030 1652 5185 1665 
10031 3318 5376 3832 
10032 5172 5508 1715 
10033 1861 4997 1859 
10034 3589 5132 3594 
10035 4835 4944 3330 
10036 3071 5348 2708 
10037 2698 4958 2833 
10038 1271 5453 3819 
10039 3387 4983 3178 
10040 2384 4946 4686 
10041 4304 5361 4417 
10042 3676 5429 1272 
10043 4914 4984 3272 
10044 2934 5409 2933 
10045 3231 5019 3190 
10046 4811 4925 3658 
10047 1880 5039 1882 
10048 3039 5339 4580 
10049 2526 4978 2408 
10050 3286 5273 3354 
10051 4900 4931 3125 
10052 3223 4961 4457 
10053 246 5017 245 
10054 4634 5163 1476 
10055 4527 4991 3222 
10056 3619 5421 3303 
10057 3920 5210 3491 
10058 3624 5477 3821 
10059 3831 5547 5169 
10060 3188 5002 3189 
10061 4600 5249 4923 
10062 2335 5177 2499 
10063 3499 5141 3656 
10064 3219 5008 3221 
10065 5010 5555 1214 
10066 4896 4916 3675 
10067 4791 5134 2436 
10068 4260 4942 3312 
10069 5055 5061 4156 
10070 1353 5487 1350 
10071 3547 5468 2866 
10072 3535 5065 4036 
10073 3575 4985 3578 
10074 5110 5232 2668 
10075 1949 5226 1377 
10076 1632 5245 1615 
10077 3272 4984 3552 
10078 1753 5569 1754 
10079 3673 5221 3258 
10080 4402 5346 4403 
10081 3853 5577 4093 
10082 4621 5184 3318 
10083 3361 4970 4902 
10084 3504 5000 3838 
10085 5150 5428 3180 
10086 1830 4981 2184 
10087 1810 5004 1766 
10088 2002 5043 1999 
10089 3296 5240 2829 
10090 4881 4953 3305 
10091 2527 5278 4037 
10092 3256 5221 3520 
10093 2588 5060 4988 
10094 1258 5024 148 
10095 4410 5143 3461 
10096 1241 5482 5191 
10097 2378 5194 2083 
10098 3422 5199 3421 
10099 1613 5245 2398 
10100 4529 5358 2718 
10101 4885 4999 2665 
10102 3850 5492 3433 
10103 2174 5081 5037 
10104 2174 5037 1965 
10105 2330 5174 4088 
10106 2491 5005 2490 
10107 3602 5493 5467 
10108 2301 5001 4463 
10109 1350 5251 1348 
10110 2785 4950 4668 
10111 4809 5499 3940 
10112 1934 5007 1931 
10113 1285 5362 4960 
10114 4522 5082 4883 
10115 3203 5063 2961 
10116 2160 5289 3946 
10117 4601 4927 4926 
10118 2395 5293 1628 
10119 4754 5322 3070 
10120 4873 5074 3011 
10121 2171 5085 3858 
10122 166 5028 165 
10123 5118 5541 3848 
10124 3038 5082 3556 
10125 3671 5225 4855 
10126 3172 5020 3170 
10127 2620 5361 2826 
10128 4883 5082 3038 
10129 3633 5180 5105 
10130 3454 5264 4941 
10131 2990 5262 5008 
10132 3440 5583 4817 
10133 4186 5336 4185 
10134 4943 5402 1257 
10135 2385 5328 1780 
10136 4455 5230 3215 
10137 4395 5053 1252 
10138 3264 5208 4015 
10139 3313 5318 5162 
10140 1941 5230 2388 
10141 3352 5190 2370 
10142 4416 5324 3475 
10143 2847 5360 2543 
10144 5098 5277 3326 
10145 3622 5586 4960 
10146 4668 4950 4608 
10147 2148 5023 2150 
10148 3531 5266 3261 
10149 3536 5383 3514 
10150 2997 5018 2709 
10151 5109 5427 3248 
10152 4768 5306 2106 
10153 2825 5430 3439 
10154 1804 5079 1951 
10155 5239 5292 2982 
10156 4533 4963 3317 
10157 4581 4999 3347 
10158 2647 4996 4709 
10159 3895 5104 4678 
10160 177 5033 176 
10161 3359 5350 3559 
10162 4674 5256 3263 
10163 4576 5349 3137 
10164 2828 5022 2612 
10165 3617 5285 3370 
10166 2462 5273 4003 
10167 1776 5298 2374 
10168 3025 5356 3337 
10169 1609 5315 1638 
10170 3231 5173 5115 
10171 1769 5328 2357 
10172 5432 5479 3781 
10173 4821 5395 3736 
10174 3840 5369 3593 
10175 1796 5303 1797 
10176 2696 5427 3467 
10177 3634 5105 5075 
10178 2697 5192 3225 
10179 4666 5300 5130 
10180 1625 5293 1627 
10181 3798 5116 1209 
10182 4483 5399 5304 
10183 2453 5560 2850 
10184 4887 5572 3640 
10185 4341 5460 2386 
10186 3740 5529 4821 
10187 1473 5385 1429 
10188 5117 5137 1694 
10189 1425 5441 1423 
10190 3761 4971 4771 
10191 1782 5329 2385 
10192 2933 5409 5308 
10193 1722 5330 1383 
10194 3621 5054 2714 
10195 2398 5315 1611 
10196 3181 5338 2767 
10197 3312 4942 4816 
10198 2091 5015 2386 
10199 3270 5261 3673 
10200 3394 5074 4873 
10201 3022 5582 4626 
10202 2300 5090 2303 
10203 5067 5579 3666 
10204 2669 5110 2668 
10205 4465 5378 3404 
10206 4749 5030 3372 
10207 4477 5422 3408 
10208 1358 5226 4718 
10209 2493 5360 2716 
10210 4571 5011 3984 
10211 4523 5330 1722 
10212 2553 5554 4247 
10213 4923 5249 4181 
10214 5082 5146 3556 
10215 1712 5382 1711 
10216 3070 5201 4699 
10217 2676 5030 2674 
10218 2864 5035 2678 
10219 3106 5013 3352 
10220 5200 5355 4237 
10221 3245 5290 3286 
10222 2313 5169 4724 
10223 3356 5267 3422 
10224 3872 5432 2636 
10225 3432 5363 3376 
10226 2797 5400 2795 
10227 2613 5041 2842 
10228 5212 5528 4864 
10229 3898 5470 3896 
10230 3396 5471 2937 
10231 3502 5482 4017 
10232 3843 5045 3187 
10233 1379 5302 1949 
10234 1671 5568 4570 
10235 4906 5013 3106 
10236 1225 5080 239 
10237 2463 5485 3445 
10238 4033 5404 5158 
10239 2457 5048 4913 
10240 4800 5515 2356 
10241 3714 5034 3717 
10242 4167 5138 1290 
10243 3136 4953 4881 
10244 2381 5307 4654 
10245 5287 5407 4067 
10246 2472 5076 2111 
10247 2161 5021 2464 
10248 3360 5247 4939 
10249 1955 5567 2040 
10250 164 5059 163 
10251 3677 5439 1956 
10252 3441 5517 2816 
10253 3578 5029 3580 
10254 1809 5052 1839 
10255 3137 5349 2671 
10256 2082 5088 2084 
10257 2107 5038 2313 
10258 3364 5388 3533 
10259 3461 5214 3462 
10260 5133 5252 4610 
10261 1656 5207 2438 
10262 2353 5209 4306 
10263 4161 5178 4164 
10264 1675 5516 4502 
10265 3332 5027 4742 
10266 269 5062 268 
10267 4332 5319 4330 
10268 3790 5494 2850 
10269 3350 5359 3618 
10270 3805 5167 3804 
10271 4850 5354 3346 
10272 3246 5122 3932 
10273 3123 5577 3853 
10274 2814 5428 4253 
10275 3325 5044 3384 
10276 3348 5046 2815 
10277 3996 5138 3283 
10278 1403 5340 2061 
10279 4979 5403 4706 
10280 4857 4996 2647 
10281 5312 5480 4642 
10282 2490 5005 4970 
10283 2519 5081 2174 
10284 2819 5049 3322 
10285 3347 4999 4885 
10286 4545 5074 3394 
10287 5168 5188 1586 
10288 5101 5155 1446 
10289 1233 5378 4465 
10290 1327 5533 4439 
10291 1831 5439 1833 
10292 3470 5040 2852 
10293 1590 5123 1592 
10294 2346 5265 4499 
10295 4926 4927 2865 
10296 2042 5094 2044 
10297 4763 5070 2651 
10298 4607 5314 2951 
10299 3907 5573 3905 
10300 1385 5372 1722 
10301 2835 5050 3202 
10302 3795 5376 5184 
10303 3958 5106 3960 
10304 3722 5492 1197 
10305 4339 5294 3294 
10306 4526 5463 3212 
10307 4154 5379 4153 
10308 3438 5392 5352 
10309 3685 5562 3481 
10310 1739 5117 1694 
10311 5143 5214 3461 
10312 2943 5036 3242 
10313 4090 5100 3430 
10314 2299 5425 5171 
10315 1323 5375 4871 
10316 3317 4963 4837 
10317 5073 5478 4042 
10318 3196 5055 3254 
10319 1797 5248 4905 
10320 3703 5051 3704 
10321 3284 5135 3244 
10322 4910 5348 3071 
10323 2081 5057 2079 
10324 3865 5498 4212 
10325 4582 5150 3180 
10326 3224 5061 3196 
10327 1444 5101 1446 
10328 3380 5113 3922 
10329 2386 5460 2089 
10330 4192 5489 5446 
10331 4140 5097 4990 
10332 3138 5048 4773 
10333 4710 5011 4571 
10334 3340 5077 4544 
10335 4686 5026 1473 
10336 4943 5398 3845 
10337 1320 5418 4427 
10338 4015 5233 2920 
10339 3484 5079 4085 
10340 2915 5072 3042 
10341 1515 5516 1675 
10342 3776 5401 3775 
10343 5041 5400 3646 
10344 3453 5067 3666 
10345 3862 5554 4643 
10346 4335 5172 4329 
10347 3124 5348 4910 
10348 4088 5270 2096 
10349 4735 5186 4734 
10350 3961 5095 4973 
10351 2085 5380 2378 
10352 4557 5391 1314 
10353 4731 5567 1953 
10354 4776 5463 1255 
10355 4985 5029 3578 
10356 3243 5064 3199 
10357 3782 5447 3785 
10358 1245 5359 5033 
10359 3664 5438 3665 
10360 3227 5078 3393 
10361 3779 5432 3781 
10362 1647 5157 1649 
10363 1266 5093 3766 
10364 3912 5513 3900 
10365 4954 5136 3644 
10366 4912 5309 3343 
10367 4483 5514 4403 
10368 1694 5137 1407 
10369 3457 5087 3455 
10370 4717 5377 4375 
10371 5268 5305 2531 
10372 2651 5070 4652 
10373 4807 5568 1671 
10374 2851 5071 3470 
10375 1627 5032 4698 
10376 2822 5452 3234 
10377 3794 5184 1211 
10378 2706 5091 3415 
10379 3122 5577 3120 
10380 3898 5513 1696 
10381 3940 5499 2466 
10382 4052 5147 4053 
10383 3508 5086 3369 
10384 2394 5011 4710 
10385 2329 5335 4644 
10386 4832 5542 1462 
10387 5135 5543 3380 
10388 3212 5463 4776 
10389 4996 5099 4709 
10390 3621 5491 5468 
10391 3425 5166 3426 
10392 4216 5411 4215 
10393 4556 5115 4452 
10394 5115 5173 4452 
10395 4349 5148 3788 
10396 2168 5126 2167 
10397 4037 5164 2593 
10398 4666 5130 2561 
10399 1451 5069 2510 
10400 2121 5124 2122 
10401 5019 5115 2324 
10402 4692 5047 1637 
10403 3998 5153 2330 
10404 3326 5083 2859 
10405 5000 5031 1376 
10406 2246 5218 2247 
10407 2442 5154 4994 
10408 1583 5168 1586 
10409 3307 5212 4864 
10410 4097 5151 2246 
10411 4382 5282 5262 
10412 3243 5073 5064 
10413 3355 5160 4448 
10414 4456 5531 4604 
10415 4191 5276 4189 
10416 3196 5061 5055 
10417 3193 5465 4427 
10418 4013 5424 2527 
10419 3513 5281 5177 
10420 5021 5091 3289 
10421 3113 5084 2660 
10422 4903 5299 2844 
10423 3424 5371 4642 
10424 2747 5092 2912 
10425 3519 5391 4557 
10426 4742 5027 1686 
10427 1207 5317 3792 
10428 3339 5173 3231 
10429 3473 5445 3667 
10430 4147 5097 4140 
10431 3863 5564 4247 
10432 3160 5066 4619 
10433 2918 5286 4272 
10434 1251 5120 160 
10435 3107 5519 4687 
10436 5170 5445 1300 
10437 4913 5048 3909 
10438 2668 5232 4357 
10439 3429 5404 4033 
10440 4991 5420 3600 
10441 1586 5188 4343 
10442 5417 5492 3850 
10443 2849 5098 4497 
10444 3613 5161 4653 
10445 3931 5587 2680 
10446 3869 5096 3868 
10447 5206 5344 3346 
10448 3517 5515 4800 
10449 3213 5082 4522 
10450 3213 5146 5082 
10451 3860 5357 3863 
10452 3827 5352 1213 
10453 4335 5508 5172 
10454 4891 5347 2424 
10455 1252 5535 4431 
10456 3919 5297 2195 
10457 2269 5114 2268 
10458 1446 5155 1448 
10459 4946 5026 4686 
10460 2690 5127 3241 
10461 3758 5118 3759 
10462 4711 5190 3210 
10463 4629 5556 1956 
10464 4641 5469 3118 
10465 3438 5481 5122 
10466 3224 5234 4267 
10467 3324 5306 4768 
10468 4643 5229 3862 
10469 3159 5169 4585 
10470 3691 5545 5065 
10471 3822 5574 1221 
10472 2849 5277 5098 
10473 5233 5244 4862 
10474 4078 5258 3349 
10475 2380 5397 4637 
10476 2823 5100 3321 
10477 3207 5098 3326 
10478 5254 5338 4392 
10479 3711 5503 3713 
10480 4095 5195 5087 
10481 3275 5205 3277 
10482 5072 5558 3505 
10483 1421 5111 1670 
10484 2297 5108 4464 
10485 3743 5167 3745 
10486 3229 5259 5127 
10487 3869 5511 3923 
10488 2078 5189 2080 
10489 4107 5264 2655 
10490 4773 5048 2457 
10491 5276 5279 4189 
10492 3104 5109 2666 
10493 2078 5283 5189 
10494 3514 5281 3513 
10495 3462 5295 4345 
10496 5079 5458 2603 
10497 228 5144 227 
10498 3734 5107 3731 
10499 4017 5482 1241 
10500 4462 5514 1325 
10501 3253 5165 3686 
10502 4905 5329 1792 
10503 2694 5149 2976 
10504 4698 5075 2389 
10505 4652 5070 3137 
10506 4648 5552 3464 
10507 2037 5182 4211 
10508 1722 5372 5334 
10509 4386 5309 1317 
10510 1314 5391 4555 
10511 295 5156 294 
10512 4681 5207 1658 
10513 2235 5142 4799 
10514 4077 5448 3379 
10515 3587 5132 3589 
10516 5390 5540 3492 
10517 2566 5119 2183 
10518 4150 5567 4731 
10519 5075 5105 2389 
10520 3344 5181 3345 
10521 3843 5537 3163 
10522 4935 5395 2423 
10523 2437 5312 4940 
10524 4212 5498 3744 
10525 2437 5480 5312 
10526 4000 5104 3895 
10527 4316 5538 3823 
10528 4253 5428 5150 
10529 4032 5575 4764 
10530 5047 5238 4190 
10531 3855 5563 1936 
10532 4862 5244 4720 
10533 3336 5125 3232 
10534 3339 5206 5173 
10535 2037 5216 5182 
10536 2423 5395 4821 
10537 4007 5480 2437 
10538 5024 5058 3388 
10539 3585 5152 3587 
10540 4662 5590 2383 
10541 5054 5468 3547 
10542 1995 5301 1993 
10543 3284 5595 5135 
10544 218 5170 217 
10545 3541 5563 3855 
10546 4760 5319 4503 
10547 3512 5131 3338 
10548 3497 5141 3499 
10549 2190 5145 1962 
10550 5015 5159 2386 
10551 3202 5140 4744 
10552 3997 5575 2162 
10553 285 5175 284 
10554 3163 5522 3843 
10555 5087 5195 3455 
10556 2691 5133 3090 
10557 226 5176 225 
10558 1658 5207 1656 
10559 3592 5196 4205 
10560 4591 5231 3669 
10561 3399 5121 3280 
10562 3218 5239 2981 
10563 3417 5068 4841 
10564 4983 5089 2929 
10565 2561 5130 4700 
10566 3902 5128 3912 
10567 3259 5198 3271 
10568 2843 5217 2971 
10569 2061 5222 1401 
10570 2394 5179 5011 
10571 3335 5139 3333 
10572 1476 5163 1472 
10573 4658 5287 3107 
10574 5339 5435 3446 
10575 3208 4996 4857 
10576 2942 5243 2894 
10577 3471 5544 5341 
10578 3363 5305 4446 
10579 2059 5578 4661 
10580 4452 5173 2840 
10581 1886 5215 1888 
10582 4709 5099 2404 
10583 4547 5112 3501 
10584 4840 5369 1264 
10585 2159 5246 4216 
10586 1237 5237 4169 
10587 1708 5143 4512 
10588 3565 5305 3363 
10589 1258 5344 5058 
10590 3504 5031 5000 
10591 4019 5542 4832 
10592 4770 5332 3576 
10593 3118 5268 4672 
10594 1638 5158 1607 
10595 5259 5274 3241 
10596 3437 5521 3438 
10597 4555 5391 3427 
10598 2389 5105 4697 
10599 3543 5384 3368 
10600 5045 5271 3187 
10601 4207 5378 1233 
10602 4788 5219 4701 
10603 4240 5241 4239 
10604 3761 5286 4971 
10605 4016 5596 4333 
10606 3666 5462 3436 
10607 2776 5136 4954 
10608 5222 5266 3531 
10609 1754 5569 5165 
10610 3392 5154 4567 
10611 3582 5174 3583 
10612 2706 5186 5091 
10613 4543 5465 3193 
10614 5 5204 6 
10615 3101 5203 3391 
10616 2840 5206 3346 
10617 5064 5073 2181 
10618 3228 5171 3602 
10619 3607 5235 3306 
10620 1300 5445 4904 
10621 250 5202 249 
10622 3368 5384 3466 
10623 2081 5194 5057 
10624 1991 5216 2037 
10625 1708 5214 5143 
10626 4063 5329 4905 
10627 1292 5419 4884 
10628 1824 5219 5150 
10629 3377 5466 5347 
10630 2679 5587 3000 
10631 5220 5465 4543 
10632 5342 5566 3606 
10633 3587 5152 5132 
10634 4398 5227 4400 
10635 4427 5465 4425 
10636 5131 5178 3338 
10637 5032 5075 4698 
10638 4899 5162 4766 
10639 1824 5150 4582 
10640 3604 5483 4870 
10641 5018 5379 2769 
10642 1450 5228 1452 
10643 3827 5481 5352 
10644 4580 5339 3446 
10645 3842 5248 3381 
10646 4691 5136 2776 
10647 4259 5488 1272 
10648 2920 5333 3195 
10649 5214 5295 3462 
10650 3591 5386 3588 
10651 1654 5185 1652 
10652 4382 5262 1976 
10653 4744 5140 3480 
10654 2265 5197 2264 
10655 2555 5177 2335 
10656 5016 5327 3397 
10657 3783 5210 3782 
10658 5208 5244 4015 
10659 4467 5337 4468 
10660 4357 5269 1533 
10661 5059 5342 3690 
10662 3501 5191 3500 
10663 279 5213 278 
10664 5173 5206 2840 
10665 4799 5142 3386 
10666 4252 5219 4788 
10667 4308 5403 4979 
10668 4107 5457 5264 
10669 3646 5234 3224 
10670 4333 5596 4725 
10671 4305 5257 4303 
10672 3472 5520 4077 
10673 4653 5161 3336 
10674 3455 5195 3454 
10675 2053 5530 4040 
10676 3200 5497 4346 
10677 4026 5026 4946 
10678 3421 5199 3497 
10679 5237 5462 4169 
10680 3297 5263 4186 
10681 1393 5200 1389 
10682 4700 5130 3152 
10683 4030 5434 3274 
10684 4971 5286 2918 
10685 189 5231 188 
10686 1210 5581 4872 
10687 3745 5475 4212 
10688 1405 5340 1403 
10689 4815 5134 4236 
10690 3155 5095 4846 
10691 3743 5581 5167 
10692 4736 5449 2407 
10693 2083 5194 2081 
10694 4766 5162 2643 
10695 2833 5192 2697 
10696 3799 5580 5116 
10697 5156 5341 294 
10698 4089 5590 3472 
10699 3611 5585 3610 
10700 4642 5371 5312 
10701 4025 5370 4026 
10702 3557 5393 3558 
10703 3298 5275 3300 
10704 1288 5528 5212 
10705 2407 5449 4889 
10706 2076 5283 2078 
10707 2509 5498 3865 
10708 4726 5310 4755 
10709 2899 5284 4111 
10710 3387 5089 4983 
10711 118 5242 117 
10712 5164 5278 3993 
10713 3497 5199 5141 
10714 1797 5303 5263 
10715 4345 5507 3612 
10716 3467 5427 5109 
10717 4376 5589 1231 
10718 3550 5274 5259 
10719 4759 5426 1393 
10720 5176 5501 1293 
10721 4724 5169 3159 
10722 3663 5212 3307 
10723 3329 5282 4382 
10724 4875 5142 2235 
10725 5229 5596 4016 
10726 1213 5352 4346 
10727 3231 5115 5019 
10728 3707 5211 3711 
10729 3493 5209 3680 
10730 2725 5365 4011 
10731 2368 5225 3348 
10732 258 5250 257 
10733 3534 5288 3535 
10734 4696 5212 3663 
10735 3645 5491 3621 
10736 3015 5346 4451 
10737 4189 5279 4190 
10738 4697 5180 1632 
10739 4175 5477 1307 
10740 4561 5214 1708 
10741 5177 5208 3513 
10742 3576 5332 3573 
10743 5051 5436 3708 
10744 3425 5292 5239 
10745 3507 5402 4943 
10746 1377 5226 1358 
10747 3738 5313 3739 
10748 5162 5318 2643 
10749 4185 5336 4187 
10750 3415 5091 5021 
10751 3258 5221 3256 
10752 3215 5230 1941 
10753 4215 5411 4217 
10754 4987 5578 2059 
10755 4734 5186 2706 
10756 5025 5397 2380 
10757 4728 5179 2394 
10758 3553 5333 5233 
10759 2659 5227 4529 
10760 3921 5503 2502 
10761 1258 5058 5024 
10762 4865 5146 3213 
10763 1288 5212 4696 
10764 3470 5218 5151 
10765 1341 5236 1339 
10766 2424 5553 2236 
10767 3594 5196 3592 
10768 1670 5390 4828 
10769 1676 5321 4735 
10770 3768 5299 4903 
10771 3637 5075 5032 
10772 3255 5162 4899 
10773 3484 5458 5079 
10774 4755 5310 3659 
10775 4626 5582 2973 
10776 3480 5232 3479 
10777 4062 5311 4060 
10778 4828 5390 3492 
10779 4451 5346 4402 
10780 2289 5260 2288 
10781 3518 5345 3329 
10782 3909 5254 3910 
10783 4058 5207 4681 
10784 3622 5362 3400 
10785 3781 5479 3783 
10786 5233 5333 2920 
10787 2370 5190 4711 
10788 4169 5462 1294 
10789 4036 5545 2935 
10790 1833 5255 1801 
10791 5307 5366 3379 
10792 2791 5253 3035 
10793 4183 5456 1308 
10794 5410 5443 2952 
10795 1304 5523 4206 
10796 5443 5444 3537 
10797 1615 5245 1613 
10798 4375 5377 2650 
10799 4414 5318 3313 
10800 4231 5334 4237 
10801 3559 5247 3360 
10802 1220 5585 5204 
10803 4701 5219 1824 
10804 3263 5256 3551 
10805 4904 5445 3473 
10806 4699 5201 2426 
10807 3479 5277 2849 
10808 2829 5240 2831 
10809 3550 5259 3209 
10810 4432 5410 2952 
10811 4176 5552 1310 
10812 5048 5254 3909 
10813 4144 5578 4987 
10814 1230 5461 4209 
10815 3718 5317 3716 
10816 3694 5531 5373 
10817 4210 5464 2480 
10818 1216 5566 5342 
10819 4431 5535 4974 
10820 3806 5364 1222 
10821 5105 5180 4697 
10822 3138 5254 5048 
10823 3073 5433 4302 
10824 1260 5420 4991 
10825 3286 5290 5246 
10826 2519 5374 5081 
10827 3304 5292 3425 
10828 3314 5400 5041 
10829 3268 5417 3850 
10830 4192 5446 4193 
10831 4860 5528 1288 
10832 4610 5252 2725 
10833 4858 5483 3604 
10834 4013 5534 5424 
10835 3187 5271 3142 
10836 1198 5386 3813 
10837 4960 5362 3622 
10838 3354 5267 3356 
10839 2262 5265 2346 
10840 2884 5366 3028 
10841 5093 5417 3268 
10842 5242 5472 117 
10843 5008 5262 3221 
10844 3480 5269 5232 
10845 5034 5476 3717 
10846 1348 5251 2689 
10847 1833 5439 5193 
10848 5250 5373 257 
10849 4037 5278 5164 
10850 4875 5308 5142 
10851 3443 5261 3270 
10852 5182 5570 4211 
10853 5468 5491 2868 
10854 3458 5252 3288 
10855 1696 5368 1508 
10856 2555 5244 5208 
10857 5295 5507 4345 
10858 4803 5272 4581 
10859 3469 5337 4467 
10860 3767 5299 3768 
10861 4503 5319 2656 
10862 1562 5474 4751 
10863 3582 5270 5174 
10864 3564 5412 3382 
10865 4171 5584 3692 
10866 3605 5249 4600 
10867 3993 5278 3991 
10868 5151 5218 2246 
10869 2928 5290 3245 
10870 2480 5464 5457 
10871 3990 5594 4502 
10872 5255 5336 4186 
10873 5260 5296 2288 
10874 1774 5298 1776 
10875 3294 5294 3315 
10876 3649 5580 4044 
10877 3234 5452 5188 
10878 2752 5229 4643 
10879 3712 5367 3710 
10880 2952 5443 3537 
10881 4581 5272 3010 
10882 4211 5570 5517 
10883 2527 5424 5278 
10884 4388 5558 5072 
10885 4232 5355 4234 
10886 3343 5309 3342 
10887 3261 5266 4674 
10888 4412 5539 4411 
10889 3538 5406 4957 
10890 5028 5566 1216 
10891 2288 5296 4500 
10892 5240 5280 2831 
10893 1272 5429 3722 
10894 5243 5453 3802 
10895 5377 5506 2650 
10896 4824 5220 2786 
10897 3241 5274 3748 
10898 3690 5342 4933 
10899 4720 5244 2555 
10900 1221 5574 5327 
10901 3555 5488 4259 
10902 3370 5285 3465 
10903 4065 5407 4068 
10904 4504 5295 4561 
10905 2567 5479 3872 
10906 2200 5591 4007 
10907 1628 5293 1625 
10908 3762 5286 3761 
10909 5235 5335 2329 
10910 2650 5506 4364 
10911 294 5341 293 
10912 3598 5307 2381 
10913 2817 5320 2649 
10914 1799 5303 1796 
10915 2951 5314 2765 
10916 3221 5282 4562 
10917 4869 5413 252 
10918 4868 5416 105 
10919 4867 5415 203 
10920 4866 5414 154 
10921 4506 5565 5426 
10922 4434 5344 1258 
10923 3692 5547 3831 
10924 2162 5575 4032 
10925 201 5343 200 
10926 3590 5270 3582 
10927 3449 5297 3260 
10928 4042 5478 1716 
10929 3439 5527 3685 
10930 4439 5351 1321 
10931 1381 5302 1379 
10932 3192 5316 2926 
10933 3994 5331 3993 
10934 3617 5584 4171 
10935 4477 5378 4207 
10936 4672 5268 2531 
10937 4994 5154 4283 
10938 4444 5469 4641 
10939 2696 5524 5427 
10940 3506 5402 3507 
10941 4687 5519 2993 
10942 3681 5521 3437 
10943 1611 5315 1609 
10944 4421 5387 1247 
10945 2295 5425 2296 
10946 2830 5324 3296 
10947 4896 5474 1562 
10948 5232 5269 4357 
10949 3758 5541 5118 
10950 5160 5364 3806 
10951 3377 5347 4891 
10952 2643 5318 4650 
10953 1257 5402 5017 
10954 5033 5359 3679 
10955 2637 5502 4301 
10956 4334 5306 3324 
10957 3616 5351 3419 
10958 3742 5581 3743 
10959 2480 5457 4107 
10960 2357 5287 4658 
10961 3459 5321 3460 
10962 1780 5328 1769 
10963 4330 5550 4328 
10964 5096 5499 3868 
10965 3549 5272 4803 
10966 3414 5444 5443 
10967 4482 5346 3015 
10968 2893 5510 2891 
10969 3429 5485 5404 
10970 1792 5329 1782 
10971 4561 5295 5214 
10972 3470 5151 5040 
10973 4177 5579 4178 
10974 3435 5484 3662 
10975 2484 5361 2620 
10976 4504 5507 5295 
10977 3335 5183 5139 
10978 5394 5440 3390 
10979 4380 5410 4381 
10980 4383 5389 3812 
10981 4153 5379 5018 
10982 3552 5333 3553 
10983 3577 5532 3576 
10984 4380 5443 5410 
10985 4438 5375 1323 
10986 2061 5340 5256 
10987 257 5373 256 
10988 5050 5518 3202 
10989 4073 5522 4071 
10990 2839 5354 2841 
10991 262 5381 261 
10992 1383 5330 1381 
10993 2836 5394 3390 
10994 5308 5409 3516 
10995 4884 5419 3487 
10996 3791 5543 1212 
10997 5040 5183 3335 
10998 1214 5555 3818 
10999 5191 5482 3500 
11000 2466 5499 5096 
11001 4318 5500 2562 
11002 2767 5338 3138 
11003 2131 5436 2130 
11004 3431 5325 4334 
11005 4817 5583 1712 
11006 4415 5518 1537 
11007 2708 5348 3447 
11008 4015 5244 5233 
11009 3446 5435 3931 
11010 4691 5323 5136 
11011 4644 5335 3039 
11012 1684 5548 1514 
11013 5174 5270 4088 
11014 1381 5330 5302 
11015 4917 5523 1304 
11016 1510 5512 1512 
11017 4506 5426 4759 
11018 4346 5392 3201 
11019 3845 5398 3844 
11020 5551 5593 1386 
11021 1224 5486 190 
11022 5354 5399 2841 
11023 4562 5345 2566 
11024 4137 5589 4376 
11025 1221 5327 3807 
11026 3458 5365 5252 
11027 3164 5473 4288 
11028 5333 5423 3195 
11029 3553 5233 4862 
11030 251 5413 1330 
11031 153 5415 1328 
11032 300 5414 1327 
11033 202 5416 1329 
11034 158 5420 1260 
11035 3478 5300 4666 
11036 3026 5356 3025 
11037 4933 5342 3606 
11038 4637 5397 3022 
11039 3037 5238 5047 
11040 3621 5468 5054 
11041 2543 5360 2493 
11042 2671 5349 2761 
11043 1516 5536 1518 
11044 4206 5523 5044 
11045 3390 5440 3675 
11046 2718 5358 4537 
11047 2831 5280 4865 
11048 2509 5529 4976 
11049 169 5442 168 
11050 3518 5437 5345 
11051 3194 5418 4337 
11052 3521 5223 4986 
11053 1300 5561 216 
11054 139 5549 1303 
11055 3323 5374 4927 
11056 5044 5523 3384 
11057 2841 5399 4483 
11058 5385 5412 1428 
11059 5278 5424 3991 
11060 4403 5514 4462 
11061 3376 5363 3378 
11062 3872 5479 5432 
11063 5368 5513 3912 
11064 3414 5443 4380 
11065 3679 5359 3350 
11066 4070 5502 3687 
11067 3465 5323 4691 
11068 5282 5345 4562 
11069 1384 5551 1386 
11070 4212 5475 5009 
11071 3585 5153 5152 
11072 5151 5183 5040 
11073 3721 5371 3720 
11074 4194 5489 4192 
11075 3427 5391 3519 
11076 4940 5312 3721 
11077 2689 5310 4726 
11078 3692 5584 5547 
11079 4728 5326 5179 
11080 4071 5522 3163 
11081 1386 5593 1388 
11082 5440 5474 3675 
11083 3404 5378 4477 
11084 162 5451 161 
11085 1429 5385 1428 
11086 3802 5453 1271 
11087 4622 5350 3359 
11088 3303 5421 3966 
11089 5032 5489 3637 
11090 3487 5419 3488 
11091 1387 5372 1385 
11092 1711 5382 1734 
11093 3366 5388 3364 
11094 117 5472 116 
11095 1675 5326 4728 
11096 4077 5520 5448 
11097 5058 5206 3339 
11098 3163 5537 3164 
11099 3093 5431 3468 
11100 3460 5365 3458 
11101 2795 5400 3314 
11102 5166 5239 3218 
11103 3593 5369 4840 
11104 2499 5281 4901 
11105 3516 5409 4510 
11106 5277 5291 3326 
11107 2399 5490 1842 
11108 5252 5365 2725 
11109 5345 5437 2566 
11110 2163 5527 3571 
11111 2130 5436 5051 
11112 2087 5380 2085 
11113 2680 5587 2679 
11114 3408 5422 3410 
11115 1248 5558 4388 
11116 3028 5467 3417 
11117 2669 5291 5110 
11118 3320 5322 4754 
11119 4418 5408 3760 
11120 5316 5411 4216 
11121 5349 5430 2761 
11122 3378 5466 3377 
11123 3775 5401 3779 
11124 4097 5183 5151 
11125 3991 5424 3989 
11126 3329 5345 5282 
11127 3801 5497 3802 
11128 3180 5428 3474 
11129 1325 5514 5304 
11130 4502 5594 1675 
11131 5071 5218 3470 
11132 3736 5395 3746 
11133 4448 5595 3284 
11134 4164 5178 5131 
11135 2761 5430 2825 
11136 1356 5487 1353 
11137 3920 5447 5210 
11138 1279 5481 3827 
11139 3164 5537 5473 
11140 5473 5537 3839 
11141 2866 5468 2868 
11142 4247 5564 4958 
11143 5366 5406 3028 
11144 4292 5397 5025 
11145 3552 5423 5333 
11146 4661 5578 4488 
11147 4080 5576 4079 
11148 4472 5308 4875 
11149 4877 5459 3348 
11150 3637 5505 3636 
11151 3008 5572 3007 
11152 1956 5439 1831 
11153 2752 5596 5229 
11154 3440 5508 4335 
11155 3562 5454 3334 
11156 4706 5403 2344 
11157 1428 5441 1425 
11158 1231 5589 4615 
11159 3746 5395 4935 
11160 3650 5463 4526 
11161 3138 5338 5254 
11162 5164 5454 2593 
11163 5403 5455 2344 
11164 2236 5553 2238 
11165 3483 5458 3484 
11166 5411 5509 4217 
11167 3598 5406 5366 
11168 4499 5473 3839 
11169 3514 5383 5281 
11170 2555 5208 5177 
11171 1208 5447 3920 
11172 3337 5461 3512 
11173 4433 5405 4776 
11174 5210 5447 3782 
11175 3839 5537 3843 
11176 5152 5153 3998 
11177 3993 5331 5164 
11178 1329 5416 4868 
11179 1327 5414 4866 
11180 1328 5415 4867 
11181 1330 5413 4869 
11182 4872 5581 3742 
11183 4737 5449 4736 
11184 5547 5584 3371 
11185 3667 5445 5170 
11186 3606 5566 3396 
11187 3321 5452 2822 
11188 2087 5460 5380 
11189 2089 5460 2087 
11190 1754 5507 4504 
11191 5081 5374 3323 
11192 1784 5569 1753 
11193 3450 5544 3471 
11194 5431 5494 3468 
11195 1638 5224 5158 
11196 3086 5556 4629 
11197 5046 5459 3597 
11198 1606 5404 4657 
11199 3432 5528 4860 
11200 1712 5583 4879 
11201 5127 5259 3241 
11202 2935 5545 3689 
11203 3896 5470 4000 
11204 1274 5525 3784 
11205 3500 5482 3502 
11206 5125 5456 3281 
11207 5424 5534 3989 
11208 3717 5476 3719 
11209 5467 5493 3417 
11210 2061 5266 5222 
11211 3492 5540 3493 
11212 3095 5560 2453 
11213 3100 5565 4506 
11214 2356 5515 3494 
11215 3371 5584 3617 
11216 4886 5494 3790 
11217 3026 5483 5356 
11218 2816 5517 2817 
11219 4654 5448 1557 
11220 1517 5516 1515 
11221 4593 5571 2052 
11222 4425 5465 5220 
11223 2937 5471 4572 
11224 3900 5513 3898 
11225 5448 5520 1557 
11226 3989 5534 3987 
11227 4622 5496 5350 
11228 3807 5327 5016 
11229 4643 5554 2553 
11230 5110 5277 3479 
11231 3243 5300 5073 
11232 1953 5567 1955 
11233 2344 5455 4731 
11234 4604 5531 3694 
11235 5261 5289 2160 
11236 5505 5592 3636 
11237 3911 5573 3907 
11238 4657 5485 2463 
11239 3481 5562 3483 
11240 3192 5509 5411 
11241 3425 5239 5166 
11242 4976 5529 3740 
11243 3000 5587 5435 
11244 3535 5288 5065 
11245 3601 5509 3192 
11246 3438 5521 5392 
11247 4494 5557 5066 
11248 5184 5376 3318 
11249 4976 5498 2509 
11250 5334 5372 4237 
11251 3326 5291 5083 
11252 3966 5568 4807 
11253 5320 5384 3543 
11254 5017 5402 3506 
11255 5068 5493 2295 
11256 3464 5496 4622 
11257 1462 5542 4737 
11258 5140 5269 3480 
11259 4585 5547 3371 
11260 3120 5577 3123 
11261 5384 5570 3466 
11262 3508 5301 5086 
11263 1715 5508 4817 
11264 2562 5500 4925 
11265 5171 5425 3602 
11266 2857 5557 4494 
11267 4975 5526 3924 
11268 4457 5597 3550 
11269 5111 5434 1670 
11270 4901 5383 3122 
11271 1557 5520 4662 
11272 4927 5374 3547 
11273 5323 5501 5136 
11274 4642 5480 3399 
11275 3393 5535 5053 
11276 5404 5485 4657 
11277 4817 5508 3440 
11278 5540 5546 3493 
11279 5267 5273 2462 
11280 5281 5383 4901 
11281 3675 5474 4896 
11282 4958 5564 2833 
11283 5421 5568 3966 
11284 3399 5591 5121 
11285 5438 5495 3665 
11286 3348 5459 5046 
11287 5224 5576 3290 
11288 3636 5592 4790 
11289 4615 5589 4137 
11290 5263 5303 4186 
11291 4957 5406 3598 
11292 3248 5427 4959 
11293 4771 5541 3758 
11294 5165 5569 3686 
11295 4870 5483 3026 
11296 5110 5291 5277 
11297 3538 5467 5406 
11298 3468 5494 4886 
11299 5026 5393 1473 
11300 5188 5452 4343 
11301 3354 5273 5267 
11302 5065 5545 4036 
11303 5312 5371 3721 
11304 4925 5500 4162 
11305 5128 5512 3912 
11306 4984 5423 3552 
11307 3732 5526 4975 
11308 3419 5533 4871 
11309 3746 5571 5107 
11310 3868 5499 4809 
11311 3443 5289 5261 
11312 4725 5596 2752 
11313 5009 5475 3655 
11314 5246 5290 4216 
11315 4026 5370 5026 
11316 4879 5583 3402 
11317 5331 5454 5164 
11318 4764 5575 3997 
11319 3384 5523 4917 
11320 4864 5528 3432 
11321 5122 5481 1279 
11322 2769 5379 5112 
11323 2923 5588 4903 
11324 1627 5446 5032 
11325 3744 5498 4976 
11326 3607 5335 5235 
11327 2502 5503 5211 
11328 4446 5305 5268 
11329 3396 5566 5028 
11330 2833 5357 5192 
11331 4974 5535 3393 
11332 1393 5355 5200 
11333 1212 5543 5135 
11334 4468 5337 5251 
11335 5053 5535 1252 
11336 5427 5524 4959 
11337 3644 5501 5176 
11338 1833 5336 5255 
11339 5256 5340 3551 
11340 4959 5524 3448 
11341 1307 5477 5129 
11342 3424 5538 5371 
11343 2566 5437 5119 
11344 5371 5538 3720 
11345 5209 5546 4306 
11346 5116 5580 3649 
11347 3417 5493 5068 
11348 5370 5393 5026 
11349 2817 5570 5384 
11350 5204 5585 3611 
11351 5406 5467 3028 
11352 5129 5477 3624 
11353 1308 5456 5125 
11354 5193 5439 3677 
11355 3598 5366 5307 
11356 5274 5597 1706 
11357 3558 5393 5370 
11358 5066 5557 4174 
11359 3334 5454 5331 
11360 2357 5407 5287 
11361 3550 5597 5274 
11362 2817 5384 5320 
11363 2636 5432 5401 
11364 5136 5501 3644 
11365 5352 5392 4346 
11366 3192 5411 5316 
11367 5211 5503 3711 
11368 1293 5501 5323 
11369 2833 5564 5357 
11370 4306 5546 5149 
11371 3493 5546 5209 
11372 5401 5432 3779 
11373 3466 5570 5182 
11374 5357 5564 3863 
11375 5107 5571 4593 
11376 5412 5441 1428 
11377 5304 5514 4483 
11378 3564 5441 5412 
11379 5517 5570 2817 
11380 2238 5553 5484 
11381 5351 5533 3419 
11382 4439 5533 5351 
11383 1696 5513 5368 
11384 1675 5594 5326 
11385 5392 5521 3201 
11386 5489 5505 3637 
11387 4194 5505 5489 
11388 5458 5539 2603 
11389 3464 5552 5496 
11390 5496 5552 4176 
11391 5484 5553 3662 
11392 5435 5587 3931 
11393 5585 5586 3610 
11394 5548 5573 3911 
11395 1684 5573 5548 
11396 1220 5586 5585 
$EndElements
