7.204618153571166858e-19
-1.593714657285193377e-04
0.000000000000000000e+00
-7.770324060203843974e-05
0.000000000000000000e+00
-7.740904332762205218e-05
-1.340783036450458876e-04
-1.484053870447208170e-04
-6.442247262915598701e-05
-1.414846821114028319e-04
-6.846423160188681194e-05
-1.515123785719102792e-04
0.000000000000000000e+00
-6.526644039044787217e-05
0.000000000000000000e+00
-2.950348013395603626e-04
-2.148921327881025099e-04
-2.272280292990504907e-04
3.173560189378766126e-19
7.107324628722560305e-19
-6.875580946036065301e-05
-2.927006060908581789e-04
-2.167492294302266289e-04
-2.267569214107840927e-04
-1.045955086727619766e-04
-5.071343903567680550e-05
-1.206723043351552206e-04
-2.654626120033717548e-04
-2.864951753283882015e-04
-1.999471781432022449e-04
-3.230412981837637448e-04
-3.127391944508747020e-04
-2.424809212574691782e-04
-1.230389835325674109e-04
-5.974099750701345916e-05
-1.322492430166416141e-04
-2.959096980529817532e-04
-2.166918297489169032e-04
-2.949419548262031910e-04
-3.100004293643821018e-04
0.000000000000000000e+00
-4.928230518144380290e-05
0.000000000000000000e+00
-1.886692994763309195e-04
-4.651587177575667274e-04
-3.812217757303888342e-04
-3.683531461335619317e-04
-4.582756775734910882e-04
-3.919541318613790426e-04
-3.781497665803653079e-04
0.000000000000000000e+00
3.131111657572910477e-19
-5.991819730353804135e-05
-2.073276514990597674e-04
-4.340250070285227757e-04
-3.641459911422071163e-04
-3.642632334228260767e-04
-4.436455499666875323e-04
-3.691677944214268058e-04
-3.842674404930741848e-04
-1.534793944845394206e-04
-1.356704812401307060e-04
-8.005183282783204430e-05
1.099388507863797862e-05
-7.824900066109871460e-05
0.000000000000000000e+00
-1.632050526082660848e-04
0.000000000000000000e+00
-8.262741164331583593e-05
0.000000000000000000e+00
-8.498832311984596362e-05
-2.194716334180985169e-04
-4.365427539679178799e-04
-3.509773326415082349e-04
-4.513060403157358354e-04
-4.643457913999955722e-04
-4.532060201504648986e-04
-1.150534442628983040e-04
-1.191116538380826125e-04
-5.612899608630964851e-05
-2.413372941239192544e-04
-2.676518896137403559e-04
-1.814186191824597840e-04
-4.407486796133381832e-04
-4.458961914608865207e-04
-4.407613968397960675e-04
-3.699214159719470436e-04
-1.740647425425836600e-04
-2.071081826551897029e-04
-1.943940369095638614e-04
-9.683536796433599321e-05
0.000000000000000000e+00
-9.571323581546436077e-05
0.000000000000000000e+00
-4.070317808613012648e-04
-3.384044111192146750e-04
-2.830683013352914982e-04
-6.066669126962893769e-04
-5.347840368394819396e-04
-5.202617851940150029e-04
-4.255771102641314925e-04
-6.425136780115361761e-04
-5.505006692325239894e-04
-5.548620556809088188e-04
-6.115240079310104576e-04
-5.279050238993768978e-04
-5.353441494807692231e-04
5.556096730252699654e-19
0.000000000000000000e+00
-5.627071769159192158e-05
-1.773708965742573727e-04
-3.530600846906131220e-04
-3.241964893293701119e-04
-2.970060031751455259e-04
-5.906877959475733721e-04
-5.128133321924640588e-04
-5.176707140754857215e-04
-5.801704597737938765e-04
-5.126132098425032705e-04
-5.076127544216917347e-04
-3.987404201156003695e-04
-4.292075494473697353e-04
-2.935383881993708496e-04
-2.998303063709025591e-04
-4.539248454138100023e-04
-3.278674364724405710e-04
-3.123125457106034697e-04
-2.222383840034831276e-04
-1.036770289656109735e-04
-2.167817015440182821e-04
0.000000000000000000e+00
-1.006824149109322947e-04
0.000000000000000000e+00
-4.233722186266332746e-04
-6.305070824121346111e-04
-6.216045147620762740e-04
-5.492521844519472791e-04
-5.070440144381751623e-04
-6.275472652018818315e-04
-6.387898275878513971e-04
-6.019592160677575453e-04
-1.095757089688890692e-04
-5.363481523790821528e-05
-1.122842976619742089e-04
-2.310342933388765969e-04
-1.723114978097220170e-04
-2.364000758505230466e-04
-3.437869162799724737e-04
-2.922811393947401921e-04
-3.483563229411353913e-04
-5.864216404713887623e-04
-5.785995147137715580e-04
-5.115781092465574928e-04
-5.798745923548362683e-04
-4.476420828468247182e-04
-3.998331206633096851e-04
-4.465269068504810340e-04
-4.497829845937668936e-04
-5.197332073969621047e-04
-4.925391476239970737e-04
-3.555919497563392664e-04
-3.632018669953664038e-04
-2.696874323506171216e-04
-1.267075297278068583e-04
-2.491301788071689088e-04
0.000000000000000000e+00
-1.190066383194429353e-04
0.000000000000000000e+00
-6.603208518425825223e-04
-5.346760791593867159e-04
-5.459450156407420025e-04
-8.076402898650469897e-04
-7.202408821656235659e-04
-7.064260565636587205e-04
-6.347477086909657880e-04
-7.953565574785245989e-04
-7.191052749009556712e-04
-7.034964051264927520e-04
-8.129753100243417713e-04
-7.284182476487205318e-04
-7.226942802562616279e-04
-7.621108753450496790e-04
-6.868230725156337230e-04
-6.763855056186569110e-04
0.000000000000000000e+00
5.479877073549944232e-19
-5.375009096440872686e-05
-1.695135527246182869e-04
-2.873551291698791003e-04
-3.952401108732881883e-04
-7.375424805572500199e-04
-6.589047758742285583e-04
-6.641908048328590448e-04
-7.211932856387113242e-04
-6.495332357492307820e-04
-6.507891946365654701e-04
-5.123477267539382988e-04
-7.323631608982467470e-04
-5.812712263815158131e-04
-5.942406512705457420e-04
-8.231360440706011463e-04
-6.379724407173301397e-04
-6.669570925195751490e-04
-5.844841174743710746e-04
-5.547495990880779715e-04
-3.956331619741071393e-04
-4.213736435603104087e-04
-4.262916503437523498e-04
-3.472776084745710784e-04
-1.997996464013846645e-04
0.000000000000000000e+00
-1.859749856550061732e-04
0.000000000000000000e+00
-6.980106861419815498e-04
-8.742279852775888902e-04
-8.415250270252369515e-04
-7.392816905479216317e-04
-8.125471573096365065e-04
-7.672672918416754712e-04
-7.787812646251982560e-04
-8.049479891568947151e-04
-7.498978020738416086e-04
-1.079178531058228724e-04
-1.086576143659529002e-04
-5.297111753807195203e-05
-2.125485957780543986e-04
-2.217830447773916748e-04
-1.601996592415336792e-04
-3.270617002492199558e-04
-2.787636888397413380e-04
-3.352080353216917857e-04
-4.560635871454988199e-04
-3.994351113512772250e-04
-4.517201830082995598e-04
-7.295324339799142549e-04
-7.113018787484135658e-04
-6.446013427945434734e-04
-7.163243633241138039e-04
-5.770604898263035493e-04
-5.118188166408502507e-04
-5.777209654621332999e-04
-7.784143233399733446e-04
-9.441584127264828277e-04
-8.838764770534215248e-04
-7.267350432731880389e-04
-7.596380555009604697e-04
-7.311197991908683410e-04
-5.097112952275263849e-04
-6.652559701864667677e-04
-5.945320769795972224e-04
-7.067655465391593480e-04
-3.219560943661793997e-04
-5.629846281082969165e-04
0.000000000000000000e+00
-3.029853315638366892e-04
0.000000000000000000e+00
-9.635886376833371555e-04
-8.108417953387867709e-04
-8.467558490033924709e-04
-1.087290547431838880e-03
-9.800081431174910429e-04
-9.465221807792578712e-04
-1.006156284834562641e-03
-9.097970386864619695e-04
-9.064736879924621335e-04
-9.178490700432180658e-04
-9.465181875966202380e-04
-8.537004304435512336e-04
-8.703628948619078400e-04
-1.000338816501040312e-03
-8.977622017772091730e-04
-9.070959915837778845e-04
-9.066150325243553260e-04
-8.217108247553999529e-04
-8.339619144982594878e-04
-6.127201118708572028e-19
0.000000000000000000e+00
-5.292044333070941142e-05
-1.593136485268306646e-04
-2.690814780113804858e-04
-3.908779058633428112e-04
-5.159781743590738899e-04
-8.762562208150012199e-04
-7.984852802637778255e-04
-8.066288983258485933e-04
-8.548022310782231719e-04
-7.827761461403422334e-04
-7.878056763250037425e-04
-6.437710477167527630e-04
-1.085350506771209748e-03
-9.062428238858517143e-04
-9.514889989494424881e-04
-1.252615956638647747e-03
-1.032769283819634683e-03
-1.095072248384185935e-03
-1.132119909682281116e-03
-8.499311200692756529e-04
-1.036598428037326623e-03
-9.317974118246922371e-04
-1.284072168176618066e-03
-9.916605782695864062e-04
-8.493301172101879815e-04
-9.880482490936849660e-04
-1.044537360707890536e-03
-8.784681560249174657e-04
-4.755189248886039868e-04
1.771861954312621231e-04
-4.319512554474201323e-04
0.000000000000000000e+00
-2.332133743860623828e-03
0.000000000000000000e+00
-7.775295138736620492e-04
0.000000000000000000e+00
-8.442735582508887520e-04
-1.020714156171522368e-03
-1.165264638347772918e-03
-1.125910212109763496e-03
-1.020477509012248686e-03
-1.045463540563483246e-03
-1.003878781700140313e-03
-1.064069309241352096e-03
-9.727153934902645419e-04
-9.255682163224058286e-04
-8.908031238686817121e-04
-1.273181032384873828e-04
-6.324242758492444627e-05
-1.179472541692526757e-04
-2.244568922508110437e-04
-1.655345546963120536e-04
-2.183499615049820305e-04
-2.749307132903204163e-04
-4.626519672103544096e-04
-3.943078686897630715e-04
-4.592713229258411521e-04
-5.806523524653418216e-04
-5.179298702590407009e-04
-5.787756552445236929e-04
-8.651064182806445305e-04
-8.400124086793785399e-04
-7.755977709380202853e-04
-8.472263946666825501e-04
-7.068995623295114966e-04
-6.417004771668852539e-04
-7.090654022522784039e-04
-1.161209012860405301e-03
-1.469314420460027465e-03
-1.209345308031378741e-03
-1.354723149577674417e-03
-1.303897501806530182e-03
-1.201782318836356602e-03
-1.845028634529918485e-03
-1.530437814334569989e-03
-1.306164343760806345e-03
-1.501458680477631060e-03
-1.453121614695114180e-03
-4.321133287724548619e-03
-2.334105446257035612e-03
-2.958421051846602673e-03
-7.914165507695754276e-03
-5.949142462525645533e-03
0.000000000000000000e+00
-1.305029601297530515e-03
-1.130937487406975285e-03
-1.191338442152949789e-03
-1.386092801066050959e-03
-1.234251332487977700e-03
-1.275220125763834762e-03
-1.279274083353767414e-03
-1.181446334958947790e-03
-1.140907003291524637e-03
-1.207693852153795362e-03
-1.102853307616704455e-03
-1.105820289413427665e-03
-1.231537963975219739e-03
-1.144948690719055102e-03
-1.044582260831592065e-03
-1.071524695151657505e-03
-1.085019634867135643e-03
-9.949249736495508530e-04
-1.014820359119215963e-03
-1.040046486099532354e-03
-9.575102723881124579e-04
-9.726229942409354845e-04
5.343205937305564173e-19
-6.037328223683721834e-19
-6.337785727200499764e-05
-1.756364827637810558e-04
-3.458782829138585028e-04
-2.846676415914147114e-04
-3.363644458330311039e-04
-5.211954888158457783e-04
-4.036890728032612938e-04
-6.434577323592400406e-04
-1.006800149062778149e-03
-9.303288777203432523e-04
-9.410069179332451305e-04
-9.828413667951510328e-04
-9.112064441001064240e-04
-9.184322167000465295e-04
-7.733807370627040004e-04
-1.486385558638663763e-03
-1.280015875506033789e-03
-1.363277519782552481e-03
-1.728592074653230795e-03
-1.481331177177266142e-03
-1.597787775019087787e-03
-1.788980620176211511e-03
-1.623818161084010676e-03
-1.465547478380119359e-03
-1.534282451057476836e-03
-2.302529977400914751e-03
-1.765134293201694928e-03
-2.091340085814910425e-03
-2.748874841826550418e-03
-1.998723213945780355e-03
-2.272819122185586876e-03
-2.522555984746621162e-03
-4.838584461278114604e-03
-3.348848964975230554e-03
-4.420146587173386099e-03
-5.618997023338176584e-03
-5.203676230005389695e-03
-7.625765638382728251e-03
-1.386009900584747731e-03
-1.491124713226559765e-03
-1.436272217349564718e-03
-1.330421227683552168e-03
-1.328375855708337650e-03
-1.240582965289807778e-03
-1.174026152881505955e-03
-1.397362976157255372e-03
-1.112882555001560268e-03
-1.060942916693389214e-03
-1.022268462451559907e-03
-1.161818146823987222e-04
-1.222017920530370943e-04
-5.744322604181400875e-05
-2.539159474631827364e-04
-2.390961468458656022e-04
-1.906330877106812227e-04
-2.994762567064108115e-04
-5.879846585182934432e-04
-5.842884274633828061e-04
-5.249946366902303587e-04
-4.700263854485334583e-04
-4.663049974409982988e-04
-4.075565014187910355e-04
-7.067027736633712393e-04
-6.434730916233079908e-04
-7.067787426924404537e-04
-9.939627914623890437e-04
-9.632484983974533982e-04
-9.017424716848119505e-04
-9.725607699483279937e-04
-8.313284491543014186e-04
-7.690870938787596964e-04
-8.356436604677701645e-04
-1.591986973618747785e-03
-2.024557728802995130e-03
-1.865145136867767464e-03
-1.757602869709898969e-03
-1.919123901972608591e-03
-2.013843665856459783e-03
-2.926594690209890354e-03
-2.579575158904908946e-03
-2.445217202118370181e-03
-2.907255579582181809e-03
-3.525846429536895650e-03
-5.165922818567989308e-03
-1.662147900340265770e-03
-1.568277999785718489e-03
-1.478716753598059101e-03
-1.671244039600472756e-03
-1.580532484519464424e-03
-1.525102831766073520e-03
-1.549803203129598633e-03
-1.411688570870889758e-03
-1.465039844496219060e-03
-1.443614892028156167e-03
-1.323239979278827876e-03
-1.359267079999590660e-03
-1.348849404505470841e-03
-1.245000669790217659e-03
-1.276451465066843170e-03
-1.571161539098352503e-03
-1.270744689879799204e-03
-1.176498944150210918e-03
-1.206361251095763951e-03
-1.209945359768153667e-03
-1.123950054854955510e-03
-1.146340373980336098e-03
-1.163561416070276779e-03
-1.100922290359460489e-03
-1.084378891788408301e-03
0.000000000000000000e+00
5.261574203340167487e-19
-5.753254716351366644e-05
-2.344606849225702131e-04
-1.752009912682147316e-04
-1.811119961777804240e-04
-2.444778976122416935e-04
-3.505656107427703241e-04
-3.481432574274987823e-04
-3.019049195080453088e-04
-6.471424048418442576e-04
-5.286957848064432813e-04
-4.098909566812643668e-04
-7.689810789689444093e-04
-1.128661964583607853e-03
-1.067044412583869478e-03
-1.055137487257469227e-03
-8.973806341544560833e-04
-1.105171705690835473e-03
-1.043479864990826296e-03
-1.033773208171101868e-03
-1.893391053965120911e-03
-1.682148746448770479e-03
-1.802555032409066706e-03
-2.187253628227616743e-03
-1.947340437598408559e-03
-2.106967061951769190e-03
-2.438303749119311026e-03
-2.226675406946448769e-03
-2.131696287156171869e-03
-2.367458240315781400e-03
-3.011821325571702006e-03
-2.636595451217521070e-03
-2.982714914858073871e-03
-3.841670481112891000e-03
-3.373824686809687341e-03
-3.362735672266940409e-03
-4.202556693376191185e-03
-4.709212955670741274e-03
-4.878333075333216549e-03
-5.303695840245916879e-03
-1.764096977123453917e-03
-1.816128020027413942e-03
-1.739376045898649407e-03
-1.657171326868029206e-03
-1.604077087062016210e-03
-1.491639613314850628e-03
-1.391981743799961761e-03
-1.306420444860601675e-03
-1.738211973714888590e-03
-1.237821606940883896e-03
-1.184828312099875857e-03
-1.144627374405893065e-03
-1.167794393553444249e-04
-5.791542015695994093e-05
-1.164540366115130766e-04
-2.346523147049625179e-04
-1.750194859991937961e-04
-2.348883132115816078e-04
-2.925025127613560929e-04
-7.113543702525025733e-04
-6.495377747833229465e-04
-7.090360474520749495e-04
-5.934794207674938191e-04
-5.314948675246549542e-04
-5.907077349547387723e-04
-4.713078058609368112e-04
-4.106049963719946364e-04
-4.706020445617714598e-04
-8.250381393429686390e-04
-7.659141237833459043e-04
-8.282325605579266090e-04
-1.115774093225612926e-03
-9.606762240676938042e-04
-9.612445406681728718e-04
-8.953606003146428235e-04
-1.086439208616239976e-03
-1.094988857211742208e-03
-1.024344762068640780e-03
-2.021271608751702958e-03
-2.522931396723993025e-03
-2.342393063511753054e-03
-2.287196346330145139e-03
-2.495209930202204728e-03
-2.700790100935911760e-03
-3.565346651819286967e-03
-3.279016154772656545e-03
-3.271551442988090801e-03
-3.731497015810390609e-03
-4.556918689533757429e-03
-4.667240762685952171e-03
-4.156481944316942415e-03
-4.647260173966124772e-03
-2.019091168261107072e-03
-1.949398944445369323e-03
-1.834505086698354388e-03
-1.945423725871889015e-03
-1.804399859253577511e-03
-1.880654910619036606e-03
-1.805225817611609204e-03
-1.673835150440539619e-03
-1.734691484348338357e-03
-1.671080070734284884e-03
-1.554398272739564244e-03
-1.607541153560418162e-03
-1.556489379913389252e-03
-1.497611274771608065e-03
-1.450256622014667665e-03
-1.459546381591180463e-03
-1.402263008664953250e-03
-1.363257125432637898e-03
-1.910428888533101301e-03
-1.381257500720311018e-03
-1.324471239391233207e-03
-1.294219336885929841e-03
-1.321877178074037885e-03
-1.264707816886501916e-03
-1.241632081704809043e-03
-1.276047399995504372e-03
-1.201480526562508653e-03
-1.218837212727085471e-03
0.000000000000000000e+00
0.000000000000000000e+00
-5.798705652713042821e-05
-1.753512718689294910e-04
-3.545459016072644888e-04
-2.942420715643179001e-04
-2.944155329543080382e-04
-3.524590553832997880e-04
-7.682242051170151383e-04
-6.522844207969678452e-04
-5.321023226685003263e-04
-4.125421137006606573e-04
-8.920209452301782957e-04
-1.241390928829566413e-03
-1.172588998127277893e-03
-1.184261031290655868e-03
-1.022357328394031799e-03
-1.215691278033556762e-03
-1.150708366048885066e-03
-1.159862374187923487e-03
-2.271145947424975300e-03
-2.220758475059784673e-03
-2.074398370075874326e-03
-2.572483384938309935e-03
-2.371021804800886590e-03
-2.549741815275837625e-03
-2.940147735423285363e-03
-2.706024070687769456e-03
-2.728019673733841216e-03
-2.973877270299455332e-03
-3.399490519705834594e-03
-3.476606658338124607e-03
-3.192706633428733093e-03
-4.107257736080172084e-03
-3.840466066488159008e-03
-3.992081652547658024e-03
-4.313035258100702922e-03
-4.255402815053052970e-03
-4.416264280062410369e-03
-4.473753538916450112e-03
-2.130266798921423392e-03
-2.106970946216606480e-03
-1.966250597277778567e-03
-2.021262234874585291e-03
-1.867793121103614520e-03
-1.731537998575131878e-03
-1.608402520355979972e-03
-1.503681360102845964e-03
-1.416972515321818704e-03
-2.062037000253313067e-03
-1.348982799197084685e-03
-1.296909919858609374e-03
-1.257080598717879357e-03
-1.186555252356702727e-04
-1.176888500791717433e-04
-5.899730166044128021e-05
-2.364615352491936389e-04
-1.763381515408835791e-04
-2.355440164995504712e-04
-3.719529731973933787e-04
-3.029704582852308444e-04
-3.631122254775546662e-04
-8.270877972001227599e-04
-7.692754929863820056e-04
-8.261124300339135838e-04
-7.197658824415731869e-04
-6.565514441445987129e-04
-7.155716629712291542e-04
-6.059994119242259267e-04
-5.384576248791388825e-04
-5.997273520161510232e-04
-4.876268229648834246e-04
-4.207869060237688467e-04
-4.794162125726355791e-04
-9.255252054615817348e-04
-9.419575083653467743e-04
-8.755084454366373302e-04
-1.227295645182168533e-03
-1.118832110388473695e-03
-1.039532800240626498e-03
-1.102559240039509454e-03
-1.217683014484750859e-03
-1.216360748390859798e-03
-1.152154119360330933e-03
-2.404388202143835883e-03
-2.894940314913100297e-03
-2.723384091983472623e-03
-2.720060989625085711e-03
-2.928016214798089337e-03
-3.154499307215109100e-03
-3.746781753878953430e-03
-3.646462890045691282e-03
-3.548866486880967314e-03
-3.890865086326369959e-03
-4.173865259384423355e-03
-2.321195458149515577e-03
-2.164557665013057755e-03
-2.289606611344880988e-03
-2.183627725320633900e-03
-2.060226040043354554e-03
-2.145257303048094671e-03
-2.031878525063917675e-03
-1.914745780495466683e-03
-1.984784477008236583e-03
-1.885092757242468053e-03
-1.841973091196052667e-03
-1.775103586416511801e-03
-1.761229523835813708e-03
-1.713502025487236881e-03
-1.656168027208531832e-03
-1.646144736018722091e-03
-1.599144533492445792e-03
-1.550620230344864660e-03
-1.548074039951896370e-03
-1.501997425328594968e-03
-1.463182054168786581e-03
-2.207415745867391185e-03
-1.479052358217414730e-03
-1.399136364605062981e-03
-1.428694531505164201e-03
-1.422101258136168091e-03
-1.370770009793756405e-03
-1.347963867644566202e-03
-1.376789143898871342e-03
-1.308190904867400500e-03
-1.325413192462060290e-03
-2.401087852407315475e-19
0.000000000000000000e+00
-5.904790099245725663e-05
-1.773130119415320879e-04
-3.039276665716332364e-04
-4.294444268163940398e-04
-7.734711384256706332e-04
-8.764870266616073963e-04
-6.628209449824892319e-04
-5.466109835168310189e-04
-1.029927241560451255e-03
-9.780153986098443983e-04
-9.951452137177563967e-04
-1.341105046863187364e-03
-1.277791569064252661e-03
-1.290437238416298170e-03
-1.074222655841986082e-03
-1.168370673032533523e-03
-1.330788157135312857e-03
-1.274108151584179378e-03
-1.272725778401915565e-03
-2.574290856208203207e-03
-2.416453631134024213e-03
-2.566621655989945790e-03
-2.850102809578035010e-03
-2.705705122917416786e-03
-2.874108768190660607e-03
-3.236012414442064784e-03
-3.098904852510967183e-03
-3.063511512972814065e-03
-3.317019030153904591e-03
-3.578803942566628239e-03
-3.481136806375889799e-03
-3.647258654484834394e-03
-3.821062837547880946e-03
-3.771713463077473825e-03
-3.950974641880380771e-03
-3.888657292928342397e-03
-4.017250502969047475e-03
-4.083843163309245662e-03
-2.434771897348075257e-03
-2.099606063379070610e-03
-2.353459736331883941e-03
-2.263552259759663704e-03
-2.235069657951492886e-03
-1.951492524200690000e-03
-1.817522605299579140e-03
-1.698822221015380699e-03
-1.593065905598304959e-03
-1.510622619322729045e-03
-2.336438511806461504e-03
-1.448033577491915011e-03
-1.397333763291766116e-03
-1.357248453328978441e-03
-1.220104268128546505e-04
-6.078374905531623150e-05
-1.203066205064165766e-04
-2.384288809045859853e-04
-2.374211509800374482e-04
-1.783689042399272493e-04
-3.511456496421992203e-04
-3.614154531154838493e-04
-2.936739667145999637e-04
-5.199686807683687531e-04
-5.037279603530753127e-04
-4.458086702070242213e-04
-8.300647701298822156e-04
-8.285893390335354221e-04
-7.749478643683836232e-04
-9.264042901841359730e-04
-8.768512919674470701e-04
-9.259507374672439929e-04
-7.312760851027341009e-04
-6.686295751303994797e-04
-7.255234916863073907e-04
-6.200595332862372799e-04
-5.537224012407648789e-04
-6.130085322955253213e-04
-1.023543556929728269e-03
-9.747349923302697089e-04
-1.026768084794601847e-03
-1.334841560745985692e-03
-1.122936915602119673e-03
-1.076564495330238971e-03
-1.120944697985695737e-03
-1.227267647502461138e-03
-1.173320454245833054e-03
-1.222606873356330177e-03
-1.325193012891097161e-03
-1.271817491095398461e-03
-1.327582902844865603e-03
-2.699690246835421709e-03
-3.116849835337640734e-03
-3.012436802710986503e-03
-2.977138244454112168e-03
-3.180138494506946564e-03
-3.398569936932189541e-03
-3.679432035659310415e-03
-3.854541895594189478e-03
-2.562447495624538187e-03
-2.437075452786720796e-03
-2.562976402557194840e-03
-2.227543054217968888e-03
-2.126343485721314455e-03
-2.202104294406524634e-03
-2.385459945142877521e-03
-2.281166449717030378e-03
-2.369986918179144836e-03
-2.079395913279048248e-03
-2.052507635582861804e-03
-1.979325217616768884e-03
-1.947737764365732767e-03
-1.851727750752396075e-03
-1.913614722642746103e-03
-1.822912708110457957e-03
-1.732017217485536716e-03
-1.789654723565675155e-03
-1.710891112989768557e-03
-1.627841222473046159e-03
-1.676548379038359220e-03
-1.631948744439572305e-03
-1.554003565248302139e-03
-1.588356176427016412e-03
-2.452170413879540059e-03
-1.566532695406156091e-03
-1.521375758923133262e-03
-1.493009701075190092e-03
-1.510984838189707684e-03
-1.465321225179599257e-03
-1.442799730626523075e-03
-1.466729070818518534e-03
-1.420737811053285338e-03
-1.403111007250805280e-03
0.000000000000000000e+00
-2.357898401063487651e-19
-6.085371421203850453e-05
-1.800911957137404690e-04
-2.946982712496891356e-04
-4.501134949078102951e-04
-4.109376055763344117e-04
-4.006037957201675180e-04
-5.698806870737574111e-04
-4.849368267563990121e-04
-7.807027266268745354e-04
-8.783507489584013381e-04
-9.751355650176663555e-04
-6.756595277163297310e-04
-1.073512397849516993e-03
-1.443172630026442853e-03
-1.386350441893905100e-03
-1.391338623037027128e-03
-1.175500802951716947e-03
-1.276713983700261072e-03
-1.427873640263505051e-03
-1.376364438029648940e-03
-1.378579592596905793e-03
-2.791475306057580180e-03
-2.678638209544826482e-03
-2.816196796656850274e-03
-3.017170726801669204e-03
-2.931205591946539624e-03
-3.067900296275337304e-03
-3.350709391476996979e-03
-3.234210065174847239e-03
-3.295914747297274024e-03
-3.453759601902606571e-03
-3.608377851992542774e-03
-3.590870195586872565e-03
-3.710996299588957634e-03
-3.638809720947544079e-03
-3.737067525347155701e-03
-3.766481945344090244e-03
-2.667211515870431936e-03
-2.146988053789060727e-03
-2.299651618247823374e-03
-2.548495355007762784e-03
-2.462878086467205300e-03
-2.455488698547298593e-03
-2.007836042582250482e-03
-1.880182715189949571e-03
-1.762426389224841473e-03
-1.668112022112115331e-03
-1.596328938776773489e-03
-2.554840344645371766e-03
-1.536232836606662858e-03
-1.486763476975933897e-03
-1.453348394272825249e-03
-1.226986638569746782e-04
-1.224013470417784348e-04
-6.132910225055770667e-05
-2.493679676200855240e-04
-1.856561274675498066e-04
-2.438718013718808517e-04
-3.566322008343355003e-04
-2.974986917986194648e-04
-3.538400216452498425e-04
-4.597854591403801108e-04
-4.054740846629881689e-04
-4.549151288151483986e-04
-6.398977841749475814e-04
-5.798894580272286568e-04
-6.299552519455605196e-04
-5.495134755245647748e-04
-4.998104212064475964e-04
-5.347316899374050456e-04
-8.407770685393238649e-04
-7.860780231588984689e-04
-8.354343788829761246e-04
-9.335542101541922932e-04
-9.299882940246475931e-04
-8.818848664161186342e-04
-1.027014725255289557e-03
-9.768400258324738336e-04
-1.025308113100056396e-03
-7.423727128250943476e-04
-6.812422082875472379e-04
-7.367993073697343782e-04
-1.121027438300654369e-03
-1.072505654723351562e-03
-1.121979056264916065e-03
-1.434183931959883730e-03
-1.220972293490093412e-03
-1.172293339610893260e-03
-1.224197046950912561e-03
-1.321077161597473612e-03
-1.274609957624675202e-03
-1.323271337958873773e-03
-1.418093118924624099e-03
-1.372165790314499234e-03
-1.422419070727634974e-03
-2.897143637766997227e-03
-3.212890893293073556e-03
-3.112744044499776881e-03
-3.167713543961279618e-03
-3.283097595430692177e-03
-3.482772358841979433e-03
-3.524799932419510860e-03
-3.412944408962138680e-03
-3.623888008901598665e-03
-3.537537057924417319e-03
-2.740577414617112462e-03
-2.762596909163365227e-03
-2.648618242715053504e-03
-2.246712910236247154e-03
-2.234316149736081687e-03
-2.160423713638168382e-03
-2.389581525167141108e-03
-2.305793804325656851e-03
-2.384544381761395659e-03
-2.537168684765923887e-03
-2.458564543358634884e-03
-2.543118013027057325e-03
-2.115804993073616171e-03
-2.095027032231457260e-03
-2.029366925262239552e-03
-1.998952505038477205e-03
-1.971376804577414620e-03
-1.908478346445552061e-03
-1.867465159960326679e-03
-1.843463751949595301e-03
-1.787755529002108641e-03
-1.777316948742880620e-03
-1.703092148916502411e-03
-1.742367563814681882e-03
-1.706116270754494055e-03
-1.667494778587947420e-03
-1.634901411591486824e-03
-2.640869325066368470e-03
-1.643775465202996014e-03
-1.576149197841937273e-03
-1.603783976225597874e-03
-1.593954240219525552e-03
-1.529275422194795045e-03
-1.551275356483723796e-03
-1.554476131022422677e-03
-1.509600354399733783e-03
-1.498087337478874216e-03
0.000000000000000000e+00
0.000000000000000000e+00
-6.134468278470107993e-05
-1.860938695838887510e-04
-3.030486268362699454e-04
-4.082524890718136536e-04
-5.046804198689813521e-04
-6.911662671583492651e-04
-5.947197572963066736e-04
-7.916032976287260166e-04
-8.872532011165158673e-04
-9.804322931782480030e-04
-1.074279963267423541e-03
-1.171337201661413856e-03
-1.543117659697675059e-03
-1.484762025864944015e-03
-1.492417208105946760e-03
-1.271523338624956949e-03
-1.370196280972066534e-03
-1.518359821952414710e-03
-1.468202780312585429e-03
-1.472434166708087768e-03
-2.925609659322446487e-03
-2.856448081192079248e-03
-2.969009461694552265e-03
-3.089429113849703409e-03
-3.052698821558836977e-03
-3.150635120953754545e-03
-3.355612850741461657e-03
-3.283631266337273813e-03
-3.354241703595021648e-03
-3.419080095129132125e-03
-3.442405963507689376e-03
-3.531121226108918827e-03
-3.543377539640684033e-03
-3.426186607873883076e-03
-3.450604950416962056e-03
-3.513598518585427793e-03
-2.827419826853089756e-03
-2.176025890129528947e-03
-2.312559557501765728e-03
-2.457648302990130158e-03
-2.687954608344715092e-03
-2.621470078535914627e-03
-2.609495549893525550e-03
-2.053023431214810127e-03
-1.929036877173476508e-03
-1.819199771062277905e-03
-1.738636140655825529e-03
-1.672148516734014339e-03
-2.713921560031423361e-03
-1.616432613994751204e-03
-1.572162314546429480e-03
-1.547342045484191662e-03
-1.445362444299818565e-04
-7.235802516776517087e-05
-1.335925003219471524e-04
-2.770429484319487760e-04
-1.999299865055250043e-04
-2.631306909568090040e-04
-3.794074598764628193e-04
-3.144958804598722499e-04
-3.680003096097576995e-04
-4.765118073382259949e-04
-4.166730468342316426e-04
-4.681453431525798084e-04
-5.727852765789261287e-04
-5.163648896564184722e-04
-5.611494258372198059e-04
-7.607874561321400532e-04
-7.004044674281499627e-04
-7.515485712308743373e-04
-6.675432620613214706e-04
-6.085958149214082099e-04
-6.537262746083532909e-04
-8.513852163490494285e-04
-8.460387808456343740e-04
-7.968966959631045921e-04
-9.432559272723626750e-04
-8.920645631472247372e-04
-9.384194620476330254e-04
-1.035755292545334494e-03
-9.848008129350127940e-04
-1.031451695235552357e-03
-1.125562738122780002e-03
-1.076510487602367477e-03
-1.123339481834320598e-03
-1.219649903536030450e-03
-1.220389502060647072e-03
-1.170661241686070820e-03
-1.529302493882024432e-03
-1.312305196740177256e-03
-1.267053607680085044e-03
-1.316761819116212852e-03
-1.405244300242263281e-03
-1.363663285171560179e-03
-1.411754158544618713e-03
-1.497443967894223748e-03
-1.458377391769889383e-03
-1.507259103808266179e-03
-3.004450280792059398e-03
-3.217314073095968278e-03
-3.215743863147371359e-03
-3.153506474511431380e-03
-3.285711501700061890e-03
-3.388254735022330592e-03
-3.435232176003029728e-03
-2.846318094858272738e-03
-2.791974103866570744e-03
-2.884276873193358619e-03
-2.258218581317648736e-03
-2.184938462510821293e-03
-2.250138655748946080e-03
-2.383769352106608619e-03
-2.384307644586908161e-03
-2.313037999557896081e-03
-2.515611778948398033e-03
-2.450501117500817998e-03
-2.524122910615322467e-03
-2.647935932874878606e-03
-2.590772521828307862e-03
-2.668185567452923627e-03
-2.144274007021317822e-03
-2.069762462474821190e-03
-2.128417264336830705e-03
-2.001904626999476307e-03
-1.933513308129576527e-03
-1.998892432167833581e-03
-1.913044697486785805e-03
-1.843621311407164960e-03
-1.888454492703628678e-03
-1.837176839250863510e-03
-1.805651795906709160e-03
-1.770171481734480502e-03
-1.770702262113945866e-03
-1.736962670753121329e-03
-1.705936472683841632e-03
-2.765220956506713335e-03
-1.714882610469592016e-03
-1.678026014454427235e-03
-1.653279452715211359e-03
-1.670939504535213713e-03
-1.631346169459224962e-03
-1.611772610768458409e-03
-1.643852268738763781e-03
-1.592644906754721052e-03
-1.598306608684578077e-03
0.000000000000000000e+00
0.000000000000000000e+00
-7.235231981716876148e-05
-2.110113780339074982e-04
-3.284182380714897398e-04
-4.281167246004956859e-04
-5.247762681481393451e-04
-6.202778219634058924e-04
-7.142725673687096936e-04
-8.060934438434703541e-04
-8.972981909037020670e-04
-9.896777190791152673e-04
-1.080949788485901239e-03
-1.172959474891875501e-03
-1.266433737447603819e-03
-1.613862460482623365e-03
-1.565405732358817002e-03
-1.577742492904502837e-03
-1.359321726906155634e-03
-1.451982472835746784e-03
-1.589370281630723188e-03
-1.543428716011502376e-03
-1.553244813042759485e-03
-2.987997451922528528e-03
-2.955316915626107419e-03
-3.037395657352142796e-03
-3.101754366130049425e-03
-3.157639999646366831e-03
-3.094672365916920596e-03
-3.274660249129401988e-03
-3.314426567043325146e-03
-3.248214886711882875e-03
-3.348158520676489287e-03
-3.288930353847163614e-03
-3.359718287749962999e-03
-3.363777167902242543e-03
-2.913957020534081819e-03
-2.316453348428633170e-03
-2.197602781878064786e-03
-2.445220894630913740e-03
-2.577706064141815911e-03
-2.774455911016308722e-03
-2.709122602229280339e-03
-2.733194383825942372e-03
-2.069696262126331267e-03
-1.954448777545637374e-03
-1.871951136873815404e-03
-1.801012468123080502e-03
-1.740170303114038728e-03
-2.810256664350937669e-03
-1.690668648849351623e-03
-1.655594156994066000e-03
-1.627275865610315272e-03
-1.652368494660604557e-04
-1.550407719612563180e-04
-8.290441303009090052e-05
-2.989092845534602021e-04
-2.220441559559205584e-04
-2.879594727517825574e-04
-4.055003486345461357e-04
-3.415029838143056676e-04
-3.924564520691984932e-04
-5.024095116310686683e-04
-4.410976580441702561e-04
-4.894690277728653595e-04
-5.976803770296561496e-04
-5.372486095566834929e-04
-5.852440959839286597e-04
-6.890201417277647643e-04
-6.310329787992067369e-04
-6.782935723615591411e-04
-7.822046478879837077e-04
-7.250181692477616555e-04
-7.715152979292113191e-04
-8.821017411265021178e-04
-8.212966756157725340e-04
-8.664935926551539831e-04
-9.511912819874747058e-04
-9.011071265918289830e-04
-9.471663694935097272e-04
-1.043516721435801698e-03
-9.935323521183267795e-04
-1.039665132066898597e-03
-1.131765660559205713e-03
-1.083994185415754381e-03
-1.128703814179058372e-03
-1.220965761164650477e-03
-1.173577819180722688e-03
-1.220374663658252250e-03
-1.308234329635787549e-03
-1.264318228205843497e-03
-1.310335899337424555e-03
-1.600299624411746172e-03
-1.396205305423968424e-03
-1.354714318804552120e-03
-1.400794820710351586e-03
-1.483382873958400978e-03
-1.444853341155058479e-03
-1.490509528987288539e-03
-1.566299002334926253e-03
-1.532474701720463236e-03
-1.577245436339506750e-03
-3.042629649111799721e-03
-3.174127091552124934e-03
-3.193429590973030294e-03
-3.135818382623541643e-03
-3.220093314560744900e-03
-3.281266475673799525e-03
-2.895423062484618008e-03
-2.870805480365602909e-03
-2.941582779575144767e-03
-2.376392090150791954e-03
-2.378069647548605031e-03
-2.315453043957050542e-03
-2.263499004679184537e-03
-2.260189741418239424e-03
-2.203727862600298858e-03
-2.490778789601292252e-03
-2.501353180291298380e-03
-2.435604060653309699e-03
-2.605246200422094149e-03
-2.559058009781051309e-03
-2.625068125119655888e-03
-2.716096489775716386e-03
-2.681061675584699502e-03
-2.745436203682598102e-03
-2.125239454071286335e-03
-2.133419885399388035e-03
-2.062590415404577486e-03
-2.036285289070204497e-03
-1.973142640851854000e-03
-2.017393867302687271e-03
-1.958980669694163762e-03
-1.934421335991592158e-03
-1.896619472895966739e-03
-1.888176734714752019e-03
-1.861209758193653648e-03
-1.828111464973923399e-03
-1.827281529887493519e-03
-1.797690664069944225e-03
-1.770025280731237676e-03
-2.834666735326811602e-03
-1.779878755880998347e-03
-1.724398652050078678e-03
-1.746208496135608253e-03
-1.739516011910103091e-03
-1.690720883846595461e-03
-1.704163067090320137e-03
-1.706775086069661600e-03
-1.659440099721281236e-03
-1.674373886108239352e-03
1.938495896877003799e-19
0.000000000000000000e+00
-8.311213184317427661e-05
-2.327447838149923555e-04
-3.525095794470777585e-04
-4.542073204982520528e-04
-5.502566715352261335e-04
-6.435233616061049886e-04
-7.357956671576011080e-04
-8.319677529090318581e-04
-9.162111896578476952e-04
-9.974765676665196552e-04
-1.087918272165656333e-03
-1.176701086922701724e-03
-1.265020280373775792e-03
-1.352716745248078861e-03
-1.673611312000944373e-03
-1.643008168392756825e-03
-1.630609751221220090e-03
-1.440363054555745398e-03
-1.525454532850041740e-03
-1.640044432106596388e-03
-1.614236286102176034e-03
-1.603230328704810092e-03
-3.003894899676598854e-03
-2.994382809326021858e-03
-3.049280275438002400e-03
-3.087852656630537141e-03
-3.094068752260461120e-03
-3.129716950640781641e-03
-3.142826174395471628e-03
-3.156477539578288281e-03
-3.206832014818248363e-03
-3.153445526606036067e-03
-3.217225846934087304e-03
-3.222934472489530789e-03
-2.948058958770043321e-03
-2.429898451548630732e-03
-2.317434044848981460e-03
-2.192942566593662421e-03
-2.544781978931225444e-03
-2.658173668157603683e-03
-2.817097717797130939e-03
-2.765600068237234442e-03
-2.796797943141650887e-03
-2.078011722258744400e-03
-1.994514207510767433e-03
-1.920665582885008058e-03
-1.855101338591686865e-03
-1.801336644404459217e-03
-2.856254928332221336e-03
-1.757633833891750555e-03
-1.721273980479129254e-03
-1.688600113136818010e-03
-1.299802533039998717e-04
-6.491668722305766223e-05
-1.479304517791426351e-04
-3.295275046490209539e-04
-2.478031545454987931e-04
-3.143475934666377890e-04
-4.307539002841347586e-04
-3.651383075446100988e-04
-4.181652689417374429e-04
-5.289783682842507957e-04
-4.674978279936411931e-04
-5.157168482881958112e-04
-6.257431009261862475e-04
-6.117557461524819910e-04
-5.643073243211359225e-04
-7.125890809555703899e-04
-6.553168207633079841e-04
-7.008283435644443830e-04
-8.026752553145710071e-04
-7.460423754582930743e-04
-7.924684467292069604e-04
-8.873721082425251733e-04
-8.844012389348623925e-04
-8.350063860151527928e-04
-9.825214153268244533e-04
-9.666806637982114196e-04
-9.320855280643777383e-04
-1.054505393155563296e-03
-1.003003635943567479e-03
-1.049051338252888002e-03
-1.140641700812018841e-03
-1.092337118755159868e-03
-1.136238110045876843e-03
-1.224085934858864990e-03
-1.178211660654382518e-03
-1.222571973225563928e-03
-1.307902640891846213e-03
-1.264781918120636353e-03
-1.308125148269338907e-03
-1.391075232892823596e-03
-1.350068051334783921e-03
-1.393700736725877673e-03
-1.655475387340421458e-03
-1.473640223353856697e-03
-1.435398954717811808e-03
-1.478575495292122188e-03
-1.550807367297949400e-03
-1.558627795215184429e-03
-1.517613525025565029e-03
-1.618172282392489354e-03
-1.628608301347346087e-03
-1.592699983014282325e-03
-3.042360708035931997e-03
-3.112358196126528177e-03
-3.148353953157029001e-03
-2.898907885518000552e-03
-2.897418045559646896e-03
-2.948457924240274839e-03
-2.468360444399401131e-03
-2.477749989772445004e-03
-2.420692469856365950e-03
-2.371930704753696766e-03
-2.372095455799295288e-03
-2.318224298033698220e-03
-2.218957360157158137e-03
-2.241271310086162885e-03
-2.172158636657649765e-03
-2.566016968930541660e-03
-2.584263116645539420e-03
-2.527129728103842329e-03
-2.661482123747548403e-03
-2.632680992882678508e-03
-2.687941198777901372e-03
-2.748958564107084959e-03
-2.732531098893752845e-03
-2.783246208442550183e-03
-2.145459883063519611e-03
-2.089453867472516359e-03
-2.133856608061964876e-03
-2.068775677857069215e-03
-2.051051438684785028e-03
-2.012545541431608014e-03
-1.999002293306952234e-03
-1.942296447336684662e-03
-1.977716873098202266e-03
-1.930692057354193355e-03
-1.878063009998059800e-03
-1.908318441265084361e-03
-1.877998056148709027e-03
-1.828035012522268368e-03
-1.851482568591759394e-03
-2.858185751608470840e-03
-1.838025145310829417e-03
-1.787877608787194483e-03
-1.807912293763360486e-03
-1.802542609037797701e-03
-1.770062506328378728e-03
-1.753817267419406460e-03
-1.766272680286091936e-03
-1.736018857000265654e-03
-1.719487664608687107e-03
-2.922672373131512132e-19
1.892369816340802974e-19
-6.511487395792405625e-05
-2.487929846140958350e-04
-2.070538943471883324e-04
-1.892129302419191567e-04
-3.805936246960739833e-04
-2.895338234391950523e-04
-4.801945738443615455e-04
-5.776448470562948849e-04
-6.694166879596033905e-04
-7.578692896203828968e-04
-8.452470497858409568e-04
-9.678188357656949958e-04
-9.247116427615484574e-04
-9.275451584122985753e-04
-9.747058438743915615e-04
-1.018523124235344145e-03
-1.097889523662727226e-03
-1.182686261067792018e-03
-1.266373177778459813e-03
-1.349940880781187128e-03
-1.432871744787795731e-03
-1.711284545512204401e-03
-1.692037707951189393e-03
-1.675246615287002147e-03
-1.512784417770821500e-03
-1.584988360609626643e-03
-1.683496313461428943e-03
-1.650963373006387579e-03
-1.661228291939668240e-03
-2.995310996383195729e-03
-3.040767522715689085e-03
-2.999102648044644007e-03
-3.035691751050962825e-03
-3.061604777227849242e-03
-3.088495066644004246e-03
-3.040385340195327253e-03
-3.092956697116534207e-03
-3.096904764250610863e-03
-2.942666320815069854e-03
-2.972226351007523082e-03
-2.919795864569576724e-03
-2.514064804127353996e-03
-2.416359639339058993e-03
-2.315016883947655993e-03
-2.291143565200596654e-03
-2.342164999383816032e-03
-2.268515832766552359e-03
-2.180760744098145416e-03
-2.611676320628510996e-03
-2.704345899203845858e-03
-2.822907713238783506e-03
-2.820333800427531935e-03
-2.785992197136761932e-03
-2.104207888977422791e-03
-2.031294696332487659e-03
-1.962423852463083228e-03
-1.902237047609234462e-03
-1.856064779642112089e-03
-2.860955259690308849e-03
-1.818414140550666342e-03
-1.783107746721539558e-03
-1.737960079036426691e-03
-1.052996143143048249e-04
-1.178408113146025464e-04
-5.300302263677402051e-05
-2.452646994069579423e-04
-1.877944490389851654e-04
-2.472067512977937573e-04
-4.591206578031233683e-04
-3.947108168768425837e-04
-4.449682831097442112e-04
-3.611496206485584337e-04
-3.053440173982021645e-04
-3.453557666788834545e-04
-5.506409406319202546e-04
-5.398135123283113838e-04
-4.910133579370364520e-04
-6.463762248459202497e-04
-6.360614552176446605e-04
-5.879660067752516799e-04
-7.371187169138136187e-04
-6.816724535403265259e-04
-7.248765313152523773e-04
-8.246649633775605774e-04
-7.688610476150044108e-04
-8.136949663588903753e-04
-9.040691649099734471e-04
-8.535844689422581854e-04
-8.957578889685409874e-04
-9.761998238385364212e-04
-9.717301400577549667e-04
-9.319973207554592496e-04
-1.056583085823542762e-03
-1.011820272779054199e-03
-1.019164770556308568e-03
-1.055168446633596418e-03
-1.148336196168898635e-03
-1.144514319647296167e-03
-1.101754279176355572e-03
-1.232853435933004872e-03
-1.228537429257027958e-03
-1.187080666514006826e-03
-1.310506562470085609e-03
-1.267617518622584944e-03
-1.309255084181600547e-03
-1.389949739964690349e-03
-1.349305278552544174e-03
-1.390569133295779499e-03
-1.468452834658679276e-03
-1.430193573921487984e-03
-1.471108553078777272e-03
-1.696425320093919355e-03
-1.545508348850305105e-03
-1.510043466676624837e-03
-1.548233822196546077e-03
-1.607596984243104751e-03
-1.579574165385576150e-03
-1.612945000116440021e-03
-1.669104124933904615e-03
-1.644036961366711260e-03
-1.676000910669935701e-03
-2.967797638799026146e-03
-3.014375576755084357e-03
-3.037909200422375840e-03
-2.872277664565692744e-03
-2.886105584881653446e-03
-2.907905840540910003e-03
-2.531646242705860861e-03
-2.499023527019236801e-03
-2.547617352689013695e-03
-2.454545037100241966e-03
-2.412451115196300767e-03
-2.459840726381927294e-03
-2.388117107416746869e-03
-2.378284422897134452e-03
-2.352024511014069036e-03
-2.236006457989433722e-03
-2.229043133934220482e-03
-2.275801688486434569e-03
-2.190911981211397536e-03
-2.613647461040616033e-03
-2.636645017300516883e-03
-2.589058040046456587e-03
-2.686856326522209064e-03
-2.717555749788973934e-03
-2.673956154471379600e-03
-2.752720595980568449e-03
-2.787881699967048599e-03
-2.751117834724091903e-03
-2.165151001683682415e-03
-2.153901986587545767e-03
-2.115715929690171852e-03
-2.095738235241958059e-03
-2.081293908749851963e-03
-2.046359313430798875e-03
-2.020948117486450965e-03
-2.008876480940270399e-03
-1.974848462246700086e-03
-1.968109128750863707e-03
-1.922158457965548279e-03
-1.948236407219653505e-03
-1.926144854605440528e-03
-1.901120584732950928e-03
-1.881260053328530878e-03
-2.848188497923938821e-03
-1.889804997945059841e-03
-1.863100988760041203e-03
-1.845525236362728421e-03
-1.865758127998621164e-03
-1.815765741967137470e-03
-1.833467250399188012e-03
-1.775094231265464742e-03
-1.743162342343971454e-03
-1.770721373046134188e-03
0.000000000000000000e+00
-2.847350547715490087e-19
-5.318732098499694139e-05
-1.759795290821567111e-04
-3.038257926093987133e-04
-4.105789579455612929e-04
-5.052980468397823234e-04
-5.988527145784033716e-04
-6.920359560663108880e-04
-7.811736578031641762e-04
-8.645968532137297304e-04
-9.403549354224378758e-04
-1.049566834916285671e-03
-1.012747020828218096e-03
-1.008335627958470773e-03
-1.052327562008436787e-03
-1.102444896356575502e-03
-1.190981106983502813e-03
-1.272046815788788719e-03
-1.350644776408042695e-03
-1.429664004718596802e-03
-1.507470748137451633e-03
-1.749217896930345276e-03
-1.715932653314222039e-03
-1.729721948960993806e-03
-1.576963582921716992e-03
-1.638796421522301962e-03
-1.735323962543323245e-03
-1.702217884664537599e-03
-1.708885017200785983e-03
-2.911725180611154928e-03
-2.926555192154187916e-03
-2.953370292564388815e-03
-2.936640532727929388e-03
-2.965747322180835744e-03
-2.985616319131474683e-03
-2.939410232412447734e-03
-2.988684905936611885e-03
-2.989936628406252711e-03
-2.892111231293774225e-03
-2.570623070047015242e-03
-2.490299338846674749e-03
-2.418769391580041263e-03
-2.313844777674157506e-03
-2.315909423684544589e-03
-2.349483474448275239e-03
-2.276577565551813828e-03
-2.199333019317007559e-03
-2.649083275790827668e-03
-2.719678836670019403e-03
-2.802724639558142918e-03
-2.778316879267303356e-03
-2.812816368114471298e-03
-2.128251647230667339e-03
-2.056232699195298299e-03
-1.992351705234653506e-03
-1.945265934095447100e-03
-1.906325132437381754e-03
-2.837564105303559160e-03
-1.876375354747810559e-03
-1.833696503489305046e-03
-1.800450018994022381e-03
-1.849158059857062067e-03
-1.804810175013713599e-03
-1.761603156971693063e-03
-1.495950097335684503e-04
-7.528594743880622354e-05
-1.274960604845782296e-04
-1.983281920805417958e-04
-3.855857312895756908e-04
-3.158757692249048767e-04
-3.734622569014048495e-04
-4.872900510590661327e-04
-4.246537654067905621e-04
-4.732722704054621865e-04
-5.920277320013650826e-04
-5.256061964205313922e-04
-5.710471862818379193e-04
-6.731251699768570291e-04
-6.121469445824838894e-04
-6.598016209367818172e-04
-7.617899370107698853e-04
-7.043610436458808827e-04
-7.494925440596975075e-04
-8.480055397724398352e-04
-7.928174567424632092e-04
-8.363288758905543198e-04
-9.260712328211845226e-04
-9.150943002834062987e-04
-8.755629501789448333e-04
-9.905276458645976417e-04
-9.834085815353076077e-04
-9.474773248171633553e-04
-1.056569271767954319e-03
-1.016589131478186228e-03
-1.052689361591023064e-03
-1.143822407736973593e-03
-1.096221085820578162e-03
-1.099730931550532394e-03
-1.145594278943678698e-03
-1.237239591915386717e-03
-1.193224300640302257e-03
-1.235097256133692485e-03
-1.314316799225268700e-03
-1.273917241773594479e-03
-1.312451435518374905e-03
-1.391411554988676493e-03
-1.351332359069428932e-03
-1.390742871722685289e-03
-1.466530197311954713e-03
-1.467549090895600141e-03
-1.428637101330595786e-03
-1.538009065351020723e-03
-1.541787619878181095e-03
-1.503632641763478269e-03
-1.741313862727836195e-03
-1.601033892906657654e-03
-1.573586946838892095e-03
-1.604313341925389918e-03
-1.660585378771742716e-03
-1.634429265768180210e-03
-1.664892740378512252e-03
-1.721129109907727729e-03
-1.695537641645752588e-03
-1.727761536059628511e-03
-2.924108664155727292e-03
-2.938009428535840600e-03
-2.835542691539120596e-03
-2.855037683054990547e-03
-2.874555244910536721e-03
-2.571078488756252563e-03
-2.591609456789135089e-03
-2.550791663707497985e-03
-2.504672637198539047e-03
-2.517018545566756908e-03
-2.478790035049133113e-03
-2.442297198793814701e-03
-2.414039059396371270e-03
-2.447084757343512967e-03
-2.377790189288507897e-03
-2.346094593871418579e-03
-2.381832238911993881e-03
-2.244503291028084567e-03
-2.241692192097642037e-03
-2.279319565498002728e-03
-2.205081384466333130e-03
-2.635022874900866917e-03
-2.624181180636962589e-03
-2.660448861796498900e-03
-2.689173649956416376e-03
-2.720943581070198007e-03
-2.687811836564299624e-03
-2.740794885864527956e-03
-2.771650311413866551e-03
-2.746941201955560921e-03
-2.182345951801475774e-03
-2.139378538481442535e-03
-2.173022267169275566e-03
-2.098096027631213105e-03
-2.058846470198443142e-03
-2.096022745706224103e-03
-2.048541017097428585e-03
-2.007428374677367160e-03
-2.033742538449597684e-03
-2.003477207927323832e-03
-1.984843497581962636e-03
-1.963988187605947115e-03
-1.964778616607530150e-03
-1.926621276099547194e-03
-1.944754162560674050e-03
-2.820368558867958168e-03
-1.935382395027413806e-03
-1.900172847001245502e-03
-1.912175624159097136e-03
-1.907735581452132782e-03
-1.871184793039690469e-03
-1.886364596410851011e-03
-1.816239218931908934e-03
-1.796170830048545233e-03
-1.825047577803540905e-03
-1.782812160633551104e-03
1.835567942514932291e-19
0.000000000000000000e+00
-7.533006276297729564e-05
-2.994653108649024571e-04
-2.724332526214715781e-04
-2.248317776607496954e-04
-4.370137148573426306e-04
-3.429996653232197218e-04
-5.397209293269652521e-04
-6.326308110253218986e-04
-7.177904243264346092e-04
-8.052335132769329260e-04
-8.873086601728254327e-04
-9.584453091354104559e-04
-1.023774859644903303e-03
-1.138314058991935114e-03
-1.097261532377622655e-03
-1.093479209545769257e-03
-1.140126297445086343e-03
-1.190560828023374054e-03
-1.276158714418167313e-03
-1.353276511545613639e-03
-1.429418836623577715e-03
-1.502720146372584983e-03
-1.569872971310154637e-03
-1.799564869198598972e-03
-1.766951852770455925e-03
-1.773852093530656551e-03
-1.631147086855850963e-03
-1.691305963179951313e-03
-1.784971818130419094e-03
-1.753095249363756511e-03
-1.759659873919447014e-03
-2.841222750324430210e-03
-2.876764933210828462e-03
-2.887922330148499483e-03
-2.849079352268995245e-03
-2.893738242853237386e-03
-2.893881437986212460e-03
-2.839874530356844857e-03
-2.602117177104885590e-03
-2.536056007245044049e-03
-2.471327146089452760e-03
-2.407816248567962343e-03
-2.312301305664466074e-03
-2.314237481337196901e-03
-2.343968699944942377e-03
-2.279847014748397592e-03
-2.213042778299287132e-03
-2.661373236032338503e-03
-2.715152602841570690e-03
-2.773424615216765147e-03
-2.787398963924090679e-03
-2.757583541377555281e-03
-2.134988926690205464e-03
-2.158511370088998186e-03
-2.115354234367762456e-03
-2.115729049911025186e-03
-2.071640981609087877e-03
-2.024167195741467633e-03
-1.982606595667702268e-03
-1.948984526593210836e-03
-2.804566389641968954e-03
-1.920752566946686609e-03
-1.879384308595778708e-03
-1.857152328038067131e-03
-1.893207566791997717e-03
-1.848462974155120437e-03
-1.807436753436276848e-03
-1.570822717681186003e-04
-1.532197781389994275e-04
-7.902598395965284748e-05
-2.975129767976112684e-04
-2.239343967917857222e-04
-2.984932618683615660e-04
-5.169705965934380141e-04
-4.518035087873800357e-04
-5.021590012874932929e-04
-4.146281427168342290e-04
-3.575337146531718663e-04
-4.001542307254159908e-04
-5.945858683414511660e-04
-5.929610208590892261e-04
-5.412696486537006690e-04
-7.185269987397100051e-04
-6.958806186474020359e-04
-6.552609446928540655e-04
-7.886338961342626713e-04
-7.311389521886813014e-04
-7.752599173811739949e-04
-8.727209251870840685e-04
-8.175604921731149249e-04
-8.604153804392981279e-04
-9.760700880704402610e-04
-9.120030716456746251e-04
-9.507492492528322146e-04
-1.010276430975977618e-03
-1.000239882126144038e-03
-9.679653436873285896e-04
-1.064378297678422649e-03
-1.027614680075986889e-03
-1.060449274124611665e-03
-1.141767016919126602e-03
-1.099474724316560313e-03
-1.139551144915203033e-03
-1.241062459106929364e-03
-1.192090737771811342e-03
-1.189326527281171081e-03
-1.238827920696019928e-03
-1.316971279106206143e-03
-1.277376256098082183e-03
-1.315657338814026772e-03
-1.393542328633415404e-03
-1.354301908833530597e-03
-1.392529282312954687e-03
-1.466798529728609562e-03
-1.466763607769343367e-03
-1.429524417781734280e-03
-1.539890954179796946e-03
-1.538526839035739670e-03
-1.503112624385054101e-03
-1.601255510291797746e-03
-1.601176089227904307e-03
-1.569791501090399928e-03
-1.791284704988798868e-03
-1.657440870314866657e-03
-1.659094052261090267e-03
-1.629496755232474458e-03
-1.713204164523101161e-03
-1.687250675517382864e-03
-1.717194700837083258e-03
-1.772815860648709919e-03
-1.747413215159981156e-03
-1.778460607959739780e-03
-2.844905291745055201e-03
-2.775940914051369494e-03
-2.808375792877515487e-03
-2.806934180464204856e-03
-2.587025267518874849e-03
-2.610399888261782930e-03
-2.578591251297618001e-03
-2.533285741024389991e-03
-2.518413342430274836e-03
-2.551383027664546818e-03
-2.478116991492825168e-03
-2.490456930510693938e-03
-2.459542752884693716e-03
-2.423474266928447342e-03
-2.399973644944989465e-03
-2.432013240839352164e-03
-2.368246562266573645e-03
-2.372146075133097116e-03
-2.340675597265390318e-03
-2.257994995250358836e-03
-2.285288153019449011e-03
-2.252343147644111313e-03
-2.220941621773665255e-03
-2.634064992701424732e-03
-2.634012517135892947e-03
-2.661217109149377480e-03
-2.683498285036763596e-03
-2.686260295603389199e-03
-2.712202321243096723e-03
-2.719553672372120208e-03
-2.730437142913257238e-03
-2.746363632484259340e-03
-2.166363730012149397e-03
-2.150469320901052597e-03
-2.173702650861064276e-03
-2.131297631428543879e-03
-2.119562779600879694e-03
-2.083176223412646841e-03
-2.107831412245372502e-03
-2.074529131691625790e-03
-2.060637132843519750e-03
-2.038202873850654406e-03
-2.033720743153371886e-03
-1.999083193982699284e-03
-2.018187034008013699e-03
-1.987679586489079532e-03
-1.975882198774920120e-03
-1.961170803480246673e-03
-2.775929150350552217e-03
-1.957387359897918861e-03
-1.945909856604968388e-03
-1.932108814892236678e-03
-1.928679038380368312e-03
-1.918066524021622490e-03
-1.904404056950677413e-03
-1.860326366426246370e-03
-1.838827831125157755e-03
-1.869950216489603585e-03
-1.829997533850100935e-03
0.000000000000000000e+00
1.779416603675983204e-19
-7.909900192021525778e-05
-2.276626345037420854e-04
-3.567175993260387687e-04
-4.664372182197342679e-04
-5.562474430928177017e-04
-7.217201737353018832e-04
-6.584480107094856614e-04
-6.569193784885568512e-04
-7.538985114574292762e-04
-7.201287095710351763e-04
-8.310744356167543709e-04
-9.243915201652941858e-04
-9.925774604501616354e-04
-1.037332384312741320e-03
-1.103394999811986837e-03
-1.224359033465964326e-03
-1.181121703276515403e-03
-1.183111026098496339e-03
-1.232195138937319063e-03
-1.279026045732820907e-03
-1.355630668219155385e-03
-1.430640809628448435e-03
-1.503188342579065296e-03
-1.570357606300104396e-03
-1.629607881877178852e-03
-1.843583520492021646e-03
-1.813851851241101050e-03
-1.821085036340241211e-03
-1.685756958001057232e-03
-1.743464915785771126e-03
-1.830493267155621070e-03
-1.801705205096322971e-03
-1.807286396030405914e-03
-2.763893941327305939e-03
-2.803648922723015781e-03
-2.807323481911395795e-03
-2.757330194585774254e-03
-2.767219166322556871e-03
-2.798972448420236105e-03
-2.558861688218333832e-03
-2.609402006725296784e-03
-2.504218385360873749e-03
-2.449311072119081563e-03
-2.394334733083356304e-03
-2.316917774104227702e-03
-2.341886101603739365e-03
-2.315632590304009426e-03
-2.288576811618245332e-03
-2.216931033180362647e-03
-2.236716386107427852e-03
-2.198584348811619734e-03
-2.658288657256922902e-03
-2.701766106123554799e-03
-2.726217300846854336e-03
-2.723301235867676973e-03
-2.748646055739329807e-03
-2.189804381151437725e-03
-2.140961742402996103e-03
-2.095277657597909276e-03
-2.052921075257994367e-03
-2.010226348877838885e-03
-1.971684059526820996e-03
-2.750904056693800025e-03
-1.942437949999580721e-03
-1.923777522701083367e-03
-1.901653661346148962e-03
-1.925883978129750568e-03
-1.892135554443524163e-03
-1.851523580578642121e-03
-1.547102187469576824e-04
-7.788484298575096211e-05
-1.557276133412046021e-04
-3.072155469928559632e-04
-3.025465023442152701e-04
-2.327729271041352292e-04
-4.430912872195550550e-04
-3.710340521423796732e-04
-4.288971887816302175e-04
-5.476171006368346118e-04
-4.817278445426128632e-04
-5.323852548058151390e-04
-6.515426929582607231e-04
-5.847751086594501959e-04
-6.232101627766731267e-04
-6.870909834193858652e-04
-8.148241874424040632e-04
-7.670101482787979215e-04
-8.017455770290018123e-04
-7.687153855161582778e-04
-9.029114912092134435e-04
-8.461428671790553746e-04
-8.878680002309667120e-04
-9.904628549147705997e-04
-9.828442025813085778e-04
-9.320090161814843484e-04
-1.072769232285359893e-03
-1.024054767010549412e-03
-1.041106837017021858e-03
-1.068165607993197715e-03
-1.159465821462771001e-03
-1.111950192063180035e-03
-1.150312899219339737e-03
-1.209634565673415891e-03
-1.216709316097786030e-03
-1.175738222525374169e-03
-1.287461629206225044e-03
-1.264315726802530716e-03
-1.255858711627247902e-03
-1.332322356421756192e-03
-1.286778028918279370e-03
-1.324700503582365747e-03
-1.397151143921094782e-03
-1.357384003621847288e-03
-1.395440480788031311e-03
-1.472792339292846100e-03
-1.433266161260624092e-03
-1.469520158781526756e-03
-1.526874040642601377e-03
-1.532632450251712134e-03
-1.496835914244079493e-03
-1.611945455490562413e-03
-1.575614761552846313e-03
-1.606411680839862216e-03
-1.658072212296753979e-03
-1.629884776844603249e-03
-1.657860122686015576e-03
-1.836163141341972446e-03
-1.712101395985977242e-03
-1.685112951808210267e-03
-1.712733734149173232e-03
-1.766296238025549456e-03
-1.769619183868823649e-03
-1.740133255557114577e-03
-1.819913536308933287e-03
-1.796772372479810533e-03
-1.824814855451936842e-03
-2.761324309713297440e-03
-2.316235799242312779e-04
-2.695298847715811661e-03
-2.736590436785648998e-03
-2.726589883449840809e-03
-2.544920094864507737e-03
-2.565446443240417332e-03
-2.538707374619632480e-03
-2.588293599757757538e-03
-2.587242350415212052e-03
-2.610765831933056433e-03
-2.500793588819523808e-03
-2.516491118980938857e-03
-2.488964927657142268e-03
-2.453553694734340613e-03
-2.438137370288686809e-03
-2.465224278965334574e-03
-2.407249137823857989e-03
-2.414801868300084017e-03
-2.387344123968787070e-03
-2.363170422749767859e-03
-2.364996125454837776e-03
-2.340268759894353554e-03
-2.269561499907248210e-03
-2.293353683407271457e-03
-2.264639900179808013e-03
-2.243234496784653545e-03
-2.628932870562889629e-03
-2.631351134497054208e-03
-2.656127897403278738e-03
-2.662258652478451289e-03
-2.673017593450125601e-03
-2.691197055205059915e-03
-2.675855036244379447e-03
-2.698128876720069964e-03
-2.700730433266418113e-03
-2.227862571943567752e-03
-2.196304321508637906e-03
-2.221603434088499467e-03
-2.181704263327200778e-03
-2.149833921522468876e-03
-2.173173933707364062e-03
-2.138384242115001777e-03
-2.128103648583558501e-03
-2.105663186504537314e-03
-2.097379780377816531e-03
-2.085090290017172984e-03
-2.065609596678838651e-03
-2.030849423433939323e-03
-2.009342070060339373e-03
-2.032486504923985450e-03
-2.008401546648027561e-03
-1.982242125157778617e-03
-1.997402560645011003e-03
-2.711383604718460572e-03
-1.977204798784094192e-03
-1.952501170755173605e-03
-1.966664882440380662e-03
-1.949705965382479613e-03
-1.898572121441033291e-03
-1.910700778632366034e-03
-1.879986047285776146e-03
-1.871130488847375919e-03
0.000000000000000000e+00
0.000000000000000000e+00
-7.798099112717518655e-05
-3.762408411954919684e-04
-4.960623029633728356e-04
-6.001996779931785715e-04
-7.742134342785629217e-04
-7.480463472196424018e-04
-7.133928745130664302e-04
-8.592874175943473677e-04
-8.421568612120336993e-04
-7.822671126954669008e-04
-8.285604343693823634e-04
-9.471238659027720296e-04
-1.081614341485585091e-03
-1.036110610263718274e-03
-1.028462768078526515e-03
-1.076446850176159507e-03
-1.115737711078477242e-03
-1.184251682342582056e-03
-1.277682187828143266e-03
-1.243735378759386421e-03
-1.251041992262778282e-03
-1.310072054908553415e-03
-1.282525389931647372e-03
-1.365074589064898397e-03
-1.434960588485384436e-03
-1.499552974412706689e-03
-1.596006177441790935e-03
-1.561280213162154987e-03
-1.567827326501296855e-03
-1.603523019912354245e-03
-1.635055814078559397e-03
-1.685521244264498973e-03
-1.883135333664107819e-03
-1.862911791348597192e-03
-1.856447959781864446e-03
-1.739637316766384431e-03
-1.793550734328154365e-03
-1.872338555061459553e-03
-1.846180907887778194e-03
-1.851002860898280210e-03
-2.687866961341355172e-03
-2.722692030689224680e-03
-2.725249684857552080e-03
-2.466251334547813964e-04
-2.776039070560112117e-04
-2.010286071755187530e-04
-2.691824081972659776e-03
-2.565688151079270184e-03
-2.521926719833396304e-03
-2.607993601942888186e-03
-2.476110927125511896e-03
-2.429464926067595107e-03
-2.384074179070241190e-03
-2.318246868076220650e-03
-2.318441522769242469e-03
-2.340079983391544528e-03
-2.294865578568221209e-03
-2.247908133957919261e-03
-2.645536322330692067e-03
-2.669740512758114487e-03
-2.671225120788957991e-03
-2.674069668531280086e-03
-2.698458369269394076e-03
-2.203110677483719609e-03
-2.158379919013514361e-03
-2.116230466981520487e-03
-2.084018151661881819e-03
-2.090357435577950163e-03
-2.059510149938821415e-03
-2.058144548035287756e-03
-2.019073101902202523e-03
-1.991544493529874994e-03
-2.682914843083557613e-03
-1.972546874062768279e-03
-1.974050462700922912e-03
-1.947784128323452922e-03
-1.950473511960028068e-03
-1.924615307943157699e-03
-1.936700837303327767e-03
-1.890453800685166445e-03
-1.420224062398494345e-04
-1.483330034233021192e-04
-7.176872137328724395e-05
-4.741810224705082615e-04
-3.915013660187251394e-04
-4.587957067524197317e-04
-5.793026000517644252e-04
-5.118629316106845101e-04
-5.635386072705070304e-04
-6.734514731420952055e-04
-6.625529580794270543e-04
-6.111256195228259580e-04
-8.085643783287427971e-04
-7.809001985361822395e-04
-7.167846203499163337e-04
-7.775814125312889222e-04
-9.256455417922132035e-04
-8.706203109739873471e-04
-9.143209447910863362e-04
-8.843705159535084244e-04
-1.010726447363790529e-03
-1.000629882400650653e-03
-9.572208489677751491e-04
-1.095865118152894706e-03
-1.043595389179435232e-03
-1.088377907585624457e-03
-1.161491437171993006e-03
-1.121250642218604970e-03
-1.116782539676900365e-03
-1.159757995532062795e-03
-1.235397922060878229e-03
-1.197400747121194495e-03
-1.222539479934650532e-03
-1.256675423186109052e-03
-1.346485531102567437e-03
-1.317233232674324805e-03
-1.339433943668196653e-03
-1.312428972655598023e-03
-1.418318742434489764e-03
-1.375305656711183107e-03
-1.407468827027471940e-03
-1.451602137103114639e-03
-1.461637446641874533e-03
-1.424210132212105386e-03
-1.557340623396395642e-03
-1.515279252902917810e-03
-1.542191355712301242e-03
-1.576566664695186644e-03
-1.658050557860789569e-03
-1.626977406844850064e-03
-1.634655532138245193e-03
-1.657765086952579965e-03
-1.711570316257060402e-03
-1.685170338878770255e-03
-1.711907598895584526e-03
-1.876957565663252628e-03
-1.763709165179281300e-03
-1.738265760050062073e-03
-1.765075801504896805e-03
-1.813975486221152539e-03
-1.817017277428167876e-03
-1.790504378569986177e-03
-1.863073382238424752e-03
-1.841879734843126278e-03
-1.867353210618074612e-03
-1.949710252936436451e-04
-3.726399700690044754e-04
-3.102410651421583232e-04
-3.400993592529593691e-04
-2.615189055710414115e-03
-2.655757267928283635e-03
-2.651436632065015415e-03
-2.542539319989397303e-03
-2.565117138946192664e-03
-2.543489335163413856e-03
-2.509035790943518751e-03
-2.504524222506791797e-03
-2.526552023261113139e-03
-2.573601179966094558e-03
-2.601023174570234187e-03
-2.580839886357324045e-03
-2.473466587823175671e-03
-2.486678988947595668e-03
-2.462925289177951473e-03
-2.432237361794020378e-03
-2.442329616672700345e-03
-2.419192514516647734e-03
-2.394440977610844123e-03
-2.400194905425325452e-03
-2.378253942506498072e-03
-2.357796429706957627e-03
-2.338231179770546616e-03
-2.359916166286290824e-03
-2.276544065279600439e-03
-2.273935371363351027e-03
-2.297461440929318872e-03
-2.252227901439124175e-03
-2.602945005139756414e-03
-2.616014593290232754e-03
-2.632681047282849941e-03
-2.618539750837581802e-03
-2.640725910998846689e-03
-2.647517612590029323e-03
-2.620838887585097768e-03
-2.648823778760203262e-03
-2.646445192917236747e-03
-2.234657815433156031e-03
-2.207492822715079357e-03
-2.230538217599249608e-03
-2.193937213523934615e-03
-2.187002581617378781e-03
-2.165421566619840296e-03
-2.156300401664878325e-03
-2.146540666052377047e-03
-2.126302887620700518e-03
-2.137372275091195713e-03
-2.110783510668096975e-03
-2.116670438198304215e-03
-2.057695422883033289e-03
-2.044835475850113708e-03
-2.070952701521619477e-03
-2.033104178320761356e-03
-2.033411838508220049e-03
-2.004838594708441453e-03
-2.020288491331156608e-03
-2.608476081092843575e-03
-2.640600776972801961e-03
-2.652144138510438738e-03
-1.960707192008711783e-03
-2.013612553979581520e-03
-1.992567585727420768e-03
-1.994894949775830560e-03
-1.931902163735793251e-03
-1.915680895497738796e-03
-1.940777489567774641e-03
-1.907573068655168003e-03
0.000000000000000000e+00
0.000000000000000000e+00
-7.185797244427545431e-05
-5.275981666600630280e-04
-4.242598087866824479e-04
-6.271084151182121846e-04
-7.278697510691806106e-04
-8.703892986686688482e-04
-8.227067096586463887e-04
-8.563052607170385834e-04
-8.261931730664263387e-04
-9.686396520866622081e-04
-9.522075157970008672e-04
-8.976015019875982319e-04
-9.389766770041636703e-04
-1.053744259541195731e-03
-1.174030266999189420e-03
-1.135006047131206959e-03
-1.127466059599252545e-03
-1.167101989658987388e-03
-1.233261239382806148e-03
-1.196094455631742815e-03
-1.197130075417492589e-03
-1.234029402827803868e-03
-1.295386947868309817e-03
-1.265617573572403679e-03
-1.286544669342947096e-03
-1.382339443919098970e-03
-1.354819618185782674e-03
-1.316523255776146355e-03
-1.350673434877471425e-03
-1.434450354246845707e-03
-1.507566969293451173e-03
-1.479562959325472597e-03
-1.490233265181607021e-03
-1.532691846841275143e-03
-1.618116366037826090e-03
-1.607096151726535981e-03
-1.588108818896319212e-03
-1.658927597324182665e-03
-1.627650649507606786e-03
-1.658237137971388560e-03
-1.684863336597776113e-03
-1.738047816889321754e-03
-1.920542908739606477e-03
-1.896075920849395104e-03
-1.901421717007063025e-03
-1.789253215553492787e-03
-1.838954598430322506e-03
-1.910740745536438755e-03
-1.886951816678489151e-03
-1.891149151990861692e-03
-2.751537593542897203e-04
-2.093357994521916760e-04
-2.610043083099500630e-04
-3.246750145433147583e-04
-2.612470237752614888e-03
-2.525134630135281687e-03
-2.557694060291311119e-03
-2.490408320912678320e-03
-2.588083986039203983e-03
-2.451700615981931494e-03
-2.412133972619428905e-03
-2.374992231503137222e-03
-2.317320209985751327e-03
-2.318554346512352246e-03
-2.337062847652789967e-03
-2.297709943160625764e-03
-2.254902758936136627e-03
-2.611120208707252196e-03
-2.620504981951540975e-03
-2.615993902518659684e-03
-2.212782586061052496e-03
-2.173568197429865279e-03
-2.145538566991386786e-03
-2.107809639751511734e-03
-2.096566731103273636e-03
-2.121900300847746369e-03
-2.083469895984566174e-03
-2.045007687414801458e-03
-2.022538352194359988e-03
-1.996729556060125935e-03
-1.973204258636110462e-03
-1.984181200033794876e-03
-2.004221494068789827e-03
-1.979841035921691382e-03
-1.955914222767201390e-03
-1.964721223638818837e-03
-1.925859683715920936e-03
-1.643087154245601424e-04
-8.273206670390465434e-05
-1.528793542715372613e-04
-6.130612518243696565e-04
-5.443627301035757447e-04
-5.962671585748228033e-04
-5.062057584458395758e-04
-4.401067909111015895e-04
-4.902998424809726016e-04
-7.126176276560384961e-04
-6.466003768627730805e-04
-6.931151976528968778e-04
-8.066540605573520664e-04
-7.406789090595388390e-04
-7.938699983760053470e-04
-9.117862977863484646e-04
-8.987600648632156769e-04
-8.403657134451176895e-04
-8.846448912847768541e-04
-1.032464272467695839e-03
-9.794622330229173224e-04
-1.021637178371242842e-03
-9.928034981410136829e-04
-1.112413122356255583e-03
-1.061981996220763471e-03
-1.104166961350466422e-03
-1.187662074303153827e-03
-1.142141945540808574e-03
-1.180514556051028485e-03
-1.245622874918675752e-03
-1.203241238814546990e-03
-1.209558945383488191e-03
-1.238877204566170634e-03
-1.264362829202586146e-03
-1.325397090575517649e-03
-1.416408162635437746e-03
-1.381759955837432406e-03
-1.416927124537838492e-03
-1.385937921012039484e-03
-1.501370029718565417e-03
-1.459840204601469890e-03
-1.476407174641099869e-03
-1.504363699677795617e-03
-1.563109368486614512e-03
-1.535653279904972135e-03
-1.560236508325842358e-03
-1.638728368980904744e-03
-1.615362159298850114e-03
-1.586664795885865025e-03
-1.616762942422912165e-03
-1.710470394973858700e-03
-1.684705972488424524e-03
-1.683927511896764337e-03
-1.710738144045942117e-03
-1.760523327671011801e-03
-1.736385315014967248e-03
-1.762163921426488679e-03
-1.914887703411140632e-03
-1.809393740930882906e-03
-1.786895697691511485e-03
-1.811738574903325703e-03
-1.856273775734538101e-03
-1.835477368145261960e-03
-1.859721861339431147e-03
-1.901842075666833418e-03
-1.882820827037713814e-03
-1.905944320655493171e-03
-2.204393396990556768e-04
-4.064717279823651906e-04
-3.413821140421692546e-04
-3.896786282838913488e-04
-2.545395970747119617e-03
-2.578161593289001081e-03
-2.580570978985445140e-03
-2.503738392750240460e-03
-2.523101824513922231e-03
-2.506327578200837070e-03
-2.526118543981457042e-03
-2.534323416886545902e-03
-2.549740562337108295e-03
-2.481269292052344904e-03
-2.477495390788340621e-03
-2.495052899473649416e-03
-2.548426193646751749e-03
-2.575695400502602678e-03
-2.561054194808296339e-03
-2.449822802056705710e-03
-2.440886882209489239e-03
-2.461389517168386266e-03
-2.416824470685557079e-03
-2.405149966658966069e-03
-2.424062438537100128e-03
-2.381986130949558488e-03
-2.369420062319676449e-03
-2.387713524413108065e-03
-2.348329270307178678e-03
-2.332984936975360333e-03
-2.352552561972341433e-03
-2.276868496896684423e-03
-2.277468954179686159e-03
-2.297171394217887262e-03
-2.255836352307597804e-03
-2.563328092025844544e-03
-2.583325986568595946e-03
-2.591126628677296005e-03
-2.567731005083778630e-03
-2.593207416210765656e-03
-2.594399571467031953e-03
-2.570927029075802291e-03
-2.589677698498374890e-03
-2.595512917045684088e-03
-2.240248602266992593e-03
-2.236757085340598111e-03
-2.216486059212775458e-03
-2.206875617305416488e-03
-2.181120775204664283e-03
-2.199703839071761625e-03
-2.180824317573350039e-03
-2.167884763105133901e-03
-2.158470056686893901e-03
-2.153655248609208286e-03
-2.130842376835281708e-03
-2.144942978435608518e-03
-2.082556305176684434e-03
-2.070733907167339027e-03
-2.095257340189616603e-03
-2.058045548023606196e-03
-2.060788767391835436e-03
-2.046566340925053476e-03
-2.036687808961097461e-03
-1.987450200431982623e-03
-2.040910967676146191e-03
-2.018386335128511365e-03
-2.026793445322470563e-03
-1.965464758736323002e-03
-1.949104535730757396e-03
-1.972279083196972274e-03
-1.943052976251564198e-03
0.000000000000000000e+00
0.000000000000000000e+00
-8.281501066286422671e-05
-5.605131658809325845e-04
-6.636139767306347033e-04
-4.571787490741525658e-04
-7.603583343353410287e-04
-8.533554600609301929e-04
-9.801480146554267421e-04
-9.257120336553519187e-04
-9.662315904307632129e-04
-9.399919552314666728e-04
-1.072890303035132099e-03
-1.057917217184087787e-03
-1.045240268132687942e-03
-1.005479180851500320e-03
-1.150452907394067595e-03
-1.258516997524150843e-03
-1.215945090527789435e-03
-1.223160487892482537e-03
-1.251475365501167249e-03
-1.309588496647132042e-03
-1.277383470486039875e-03
-1.271140556030773538e-03
-1.302243167868307166e-03
-1.369382676253534659e-03
-1.332641124276313493e-03
-1.362121784437064775e-03
-1.470627619432782369e-03
-1.444495773645196150e-03
-1.443836037665433263e-03
-1.427058656898918219e-03
-1.391223683323073498e-03
-1.421806425517794462e-03
-1.485989807881600219e-03
-1.532557832964184536e-03
-1.589565891321705494e-03
-1.664851084496962556e-03
-1.641722984891434874e-03
-1.661920068507377179e-03
-1.640431912584153782e-03
-1.710646092604405175e-03
-1.685048106001033660e-03
-1.710269767840678565e-03
-1.735546034130574372e-03
-1.785342753116854995e-03
-1.955118497826347900e-03
-1.932588892854678053e-03
-1.937445778030234085e-03
-1.833222831135483590e-03
-1.879457803274201238e-03
-1.945859669420579169e-03
-1.927941517511487946e-03
-1.923911516999329135e-03
-3.160755416051165209e-04
-2.400591953921417431e-04
-2.956627196061259108e-04
-3.618002461346144926e-04
-2.532458616275283427e-03
-2.570686615553143158e-03
-2.539211663008669219e-03
-2.514893768252864786e-03
-2.492357993975639376e-03
-2.537206875477951602e-03
-2.465423651181688439e-03
-2.556062456163916540e-03
-2.432692606291579629e-03
-2.398420960653784018e-03
-2.364175978777600245e-03
-2.311449687109330079e-03
-2.315045822776405117e-03
-2.329407056958179845e-03
-2.294899439535135269e-03
-2.257928177652702637e-03
-2.565806379511491146e-03
-2.569141047853954786e-03
-2.551699268141958878e-03
-2.222226865934961645e-03
-2.192699320224854656e-03
-2.166062068774332432e-03
-2.127881350213370326e-03
-2.118433062685763126e-03
-2.140258446365422406e-03
-2.105864686996482098e-03
-2.071204106250943040e-03
-2.049878199053229398e-03
-2.023825079218958146e-03
-2.001456305819849027e-03
-2.009851331863729204e-03
-2.031507251978523221e-03
-2.009211801315847340e-03
-1.987390403673101359e-03
-1.994120111819124106e-03
-1.959956785863603904e-03
-1.304671325283984079e-04
-1.476208425530798761e-04
-6.613372426954662500e-05
-6.450998921082501175e-04
-5.764419393048266470e-04
-6.291714922034653606e-04
-7.447621458027187981e-04
-7.287766657214896429e-04
-6.796117967171890709e-04
-5.381907592236405760e-04
-4.731119013744334439e-04
-5.222902785363952444e-04
-8.406769511390773829e-04
-7.772891881441942527e-04
-8.237488100755114596e-04
-9.279813350147087143e-04
-8.678900316835191572e-04
-9.134534999663251192e-04
-1.019521777796307191e-03
-1.008297854632731567e-03
-9.540050414414309732e-04
-9.942836096456237997e-04
-1.133128241389286771e-03
-1.083196755972323615e-03
-1.122810147897255117e-03
-1.095977764415314616e-03
-1.205657375299439265e-03
-1.159410468256439090e-03
-1.196687141731338569e-03
-1.274710901467968494e-03
-1.231534786672466375e-03
-1.266327871181087156e-03
-1.324476532850917248e-03
-1.291250628282873507e-03
-1.284753432697688467e-03
-1.316514296322739749e-03
-1.339528729464976257e-03
-1.398530004715957484e-03
-1.489266814725121076e-03
-1.452844919000825970e-03
-1.479778641953770043e-03
-1.458086102852980404e-03
-1.519561830448438967e-03
-1.510273620556496291e-03
-1.494788664484742119e-03
-1.568753843066933960e-03
-1.535342069289867334e-03
-1.565986006237221791e-03
-1.620014564333200745e-03
-1.591849958388717994e-03
-1.617722895993249903e-03
-1.688036832946862922e-03
-1.668161379774488369e-03
-1.642033253286092395e-03
-1.666538257026702833e-03
-1.759878599204606165e-03
-1.735292008669291671e-03
-1.734865423427139203e-03
-1.759941828886048450e-03
-1.806087563232452488e-03
-1.783620011327309400e-03
-1.807769907536163276e-03
-1.949789007637815460e-03
-1.851351180007615796e-03
-1.830692601985258600e-03
-1.853838516127682490e-03
-1.895236408999935278e-03
-1.876072570998268962e-03
-1.898561054865063880e-03
-1.938532327140017088e-03
-1.941873390059098512e-03
-1.920547321921388948e-03
-2.906919552589725493e-04
-2.278648666978514933e-04
-3.036649933650264511e-04
-4.282198469202258182e-04
-3.728700250839049775e-04
-4.173955044147344660e-04
-2.478816984457394082e-03
-2.506195113969943416e-03
-2.512187630627268648e-03
-2.485469345251676773e-03
-2.505676457055426576e-03
-2.494508921648940641e-03
-2.463662558066172844e-03
-2.473498543416970466e-03
-2.484176543281201542e-03
-2.500408271776203076e-03
-2.513249607373056749e-03
-2.524408174941095585e-03
-2.452817685080771991e-03
-2.451431616294918320e-03
-2.466948141566014177e-03
-2.512024806192409560e-03
-2.530339868650965766e-03
-2.537790854986773925e-03
-2.428867514863705841e-03
-2.422399123967690707e-03
-2.438928871721880373e-03
-2.398507567772913129e-03
-2.389865252102830497e-03
-2.407278630584973669e-03
-2.367876535480860703e-03
-2.357669939216280874e-03
-2.374474545560974984e-03
-2.337566685855001387e-03
-2.342453450988793602e-03
-2.324647990672471139e-03
-2.276930650120460430e-03
-2.277581111909778196e-03
-2.294249899106932944e-03
-2.258654587749846752e-03
-2.517383395708750696e-03
-2.540622202831608039e-03
-2.542831483437347183e-03
-2.512632710865967973e-03
-2.540541458604019670e-03
-2.541816533955942523e-03
-2.522924744873375827e-03
-2.245376594004408043e-03
-2.242175274333220100e-03
-2.225591358185524497e-03
-2.218716906450660976e-03
-2.199214829603430340e-03
-2.212173412958842039e-03
-2.192703023562674654e-03
-2.172691755349758901e-03
-2.186211070482547286e-03
-2.168806568020878282e-03
-2.148418137884717562e-03
-2.160680504990827259e-03
-2.104847392492354991e-03
-2.116438822861577487e-03
-2.094248279432242045e-03
-2.082842183433603490e-03
-2.083255935609631005e-03
-2.061631289777687056e-03
-2.071570689840530628e-03
-2.015733688336790799e-03
-2.064117139947207330e-03
-2.043626188924596663e-03
-2.052112785497351224e-03
-1.995888664188824949e-03
-1.981069352690773520e-03
-2.002191675336539248e-03
-1.975544506895549925e-03
0.000000000000000000e+00
0.000000000000000000e+00
-6.650356844251732388e-05
-2.115143996994808644e-04
-5.925871757588444325e-04
-6.957673844903088621e-04
-7.934667025017937657e-04
-4.841812749269076605e-04
-8.849756449981519783e-04
-9.687091758493248999e-04
-1.085329043731276741e-03
-1.033175827243020721e-03
-1.071677614003156091e-03
-1.047325296173488070e-03
-1.169816475130755224e-03
-1.157785587496162547e-03
-1.108251708438818444e-03
-1.145508461049056948e-03
-1.240574258322978823e-03
-1.340081415797005245e-03
-1.307462365075123464e-03
-1.298996968895374700e-03
-1.331728978869430296e-03
-1.384657976337412468e-03
-1.354288263485511554e-03
-1.346797246119808182e-03
-1.376742294383261934e-03
-1.449608239583687758e-03
-1.409472648519704240e-03
-1.438086826111355850e-03
-1.503947606973144759e-03
-1.480911610463877485e-03
-1.484551328070776678e-03
-1.453832030936467751e-03
-1.544143795865555308e-03
-1.594737980058665234e-03
-1.644394561468552184e-03
-1.714828711713797978e-03
-1.712788555631629709e-03
-1.690096740665537455e-03
-1.691793112719131801e-03
-1.760014983319777883e-03
-1.735611222551165182e-03
-1.759693585592757986e-03
-1.783032791510521988e-03
-1.829103321788694324e-03
-1.986128164793741786e-03
-1.970270121330171265e-03
-1.965685001651195675e-03
-1.873612005888519901e-03
-1.917270377977195982e-03
-1.978115595741623475e-03
-1.958363152827406403e-03
-1.961662731460130614e-03
-3.606766332265190045e-04
-2.469962761368353805e-03
-2.474720926342472045e-03
-2.501654188203212420e-03
-2.474949872202013030e-03
-2.492811878170585020e-03
-2.459002738030340463e-03
-2.506327412105736722e-03
-2.440493071123014772e-03
-2.515081651233830491e-03
-2.412848764375440970e-03
-2.382352403075104451e-03
-2.351795970337471238e-03
-2.306326533711892425e-03
-2.309479663274759467e-03
-2.321500845280443509e-03
-2.292313996954515286e-03
-2.260579479806668329e-03
-2.515700520358945223e-03
-2.492065006744835932e-03
-2.230902244890530482e-03
-2.204612407199412968e-03
-2.179715467376328649e-03
-2.145912618044457446e-03
-2.156866976066236855e-03
-2.137415119879466745e-03
-2.125935183016686679e-03
-2.093628948829235822e-03
-2.072831491184059377e-03
-2.049063954160997882e-03
-2.028786936738408934e-03
-2.036049008192756214e-03
-2.055848841612938939e-03
-2.035882418826541300e-03
-2.022177471270505695e-03
-2.015921956656184337e-03
-1.990697671457331615e-03
-1.904188751992649266e-04
-9.637203764578012070e-05
-1.605122253888818448e-04
-2.416971497697932743e-04
-6.783002909057892112e-04
-6.090876907122004524e-04
-6.618085191830155390e-04
-7.774516676550577259e-04
-7.120231967713430308e-04
-7.612003388920325631e-04
-8.699780285474269931e-04
-8.080390184924662184e-04
-8.554072384155862957e-04
-5.717002942176072728e-04
-5.008378121536642691e-04
-5.550716004926732443e-04
-9.570510658955385871e-04
-8.994508367230003368e-04
-9.425880225775134895e-04
-1.037293074799904014e-03
-9.831471318115805012e-04
-1.022859923683932387e-03
-1.122017803381923379e-03
-1.112364424351823446e-03
-1.098905858535211954e-03
-1.060783732928371678e-03
-1.227348371143901270e-03
-1.180611132394266370e-03
-1.216545000357758394e-03
-1.192985831273032753e-03
-1.293788837922990251e-03
-1.284278242121221318e-03
-1.250058679855884118e-03
-1.356797966880267988e-03
-1.348178533470063053e-03
-1.316072754380837907e-03
-1.400578488385627058e-03
-1.370085927685261561e-03
-1.362196981307770699e-03
-1.392009787639404694e-03
-1.416773511764021862e-03
-1.464794950053630550e-03
-1.564006696185489195e-03
-1.526671639406497211e-03
-1.541726617203796959e-03
-1.527871400716452298e-03
-1.504380734339900560e-03
-1.508595062849217745e-03
-1.566294984065212323e-03
-1.624229121058955432e-03
-1.596845101357794935e-03
-1.622139318864364039e-03
-1.672752881195114279e-03
-1.646653756505660725e-03
-1.670491914250054645e-03
-1.737732554687330434e-03
-1.718515983597691463e-03
-1.693599840689849825e-03
-1.716715288897263485e-03
-1.805419618950120271e-03
-1.782681777017780132e-03
-1.782304620063097401e-03
-1.805467757374707490e-03
-1.854490949378918667e-03
-1.830385187374011617e-03
-1.852735287797274179e-03
-1.981486262149975090e-03
-1.891240221641219896e-03
-1.893218463249388400e-03
-1.871408383525125906e-03
-1.933853529013553800e-03
-1.936239657648164414e-03
-1.914871083559079642e-03
-1.971551568461078763e-03
-1.974551982299730009e-03
-1.955352543753355321e-03
-4.598476109645115032e-04
-3.761869749743260247e-04
-4.442173927951788759e-04
-2.414177885084548610e-03
-2.442571372348949135e-03
-2.446544881860089442e-03
-2.447247550670364827e-03
-2.466309524046443255e-03
-2.456146251441931709e-03
-2.458463266460028662e-03
-2.471993350904682068e-03
-2.479439245229905775e-03
-2.427991888847791380e-03
-2.440778133185642421e-03
-2.445851671534902527e-03
-2.466376263182525411e-03
-2.489293422782154833e-03
-2.483487944403863640e-03
-2.428587503061543657e-03
-2.469007910746506482e-03
-2.490704732094895825e-03
-2.493384117768786008e-03
-2.404221347976155491e-03
-2.401302533507484408e-03
-2.416355085487728246e-03
-2.379658126829444723e-03
-2.373424743210397585e-03
-2.388704203685438048e-03
-2.353902149730044500e-03
-2.345358750813450986e-03
-2.360483445155489753e-03
-2.328134277973123185e-03
-2.317364654324144922e-03
-2.332407679100126710e-03
-2.277021050409629328e-03
-2.291724679169430089e-03
-2.277613311214802573e-03
-2.261275656263560946e-03
-2.463462066472550584e-03
-2.490558929878127978e-03
-2.488200586030846553e-03
-2.454512973250940183e-03
-2.462335114250667912e-03
-2.483305766739954401e-03
-2.251177032285191053e-03
-2.234388234186968775e-03
-2.247696495714805124e-03
-2.226307850712219705e-03
-2.209001358109997752e-03
-2.221958996642294307e-03
-2.203638303908159873e-03
-2.185742137222465228e-03
-2.197635311655397102e-03
-2.183098405558878217e-03
-2.164559568348823661e-03
-2.175438199187224898e-03
-2.122525983989920900e-03
-2.134302872329561264e-03
-2.114169242626576760e-03
-2.102889970256945247e-03
-2.100349382879153782e-03
-2.091459874957195611e-03
-2.081962166855034699e-03
-2.041755255638199110e-03
-2.085642554626618034e-03
-2.067019751609147984e-03
-2.074515771792744163e-03
-2.023166849514546235e-03
-2.029179575031689678e-03
-2.009894795325014964e-03
-2.004684117397099487e-03
0.000000000000000000e+00
0.000000000000000000e+00
-9.640506866512104332e-05
-3.520437801593555380e-04
-3.215004263564360046e-04
-2.717923313360744381e-04
-6.260168270202433761e-04
-7.287666530315133539e-04
-8.245007563818318799e-04
-9.142085028616536973e-04
-5.168844748862496882e-04
-9.977779072706078559e-04
-1.075374390403470437e-03
-1.183556021851855933e-03
-1.170722001245426414e-03
-1.134847662573630102e-03
-1.148439228133772087e-03
-1.260946541812403739e-03
-1.250193379841176879e-03
-1.204355679445916899e-03
-1.238812732456434206e-03
-1.325652275398169627e-03
-1.418220417559480032e-03
-1.387439894985641013e-03
-1.378733477560874568e-03
-1.408747131363592871e-03
-1.457984231804089655e-03
-1.429177658953161576e-03
-1.421138124752786835e-03
-1.453239640241926148e-03
-1.527160491675289087e-03
-1.488321587650040523e-03
-1.503922096461878617e-03
-1.546038352101545199e-03
-1.527387596150566254e-03
-1.594470515560917484e-03
-1.648792822501776376e-03
-1.695931386733557852e-03
-1.761852417225453354e-03
-1.738598389817843856e-03
-1.760974968085538168e-03
-1.740478442920953116e-03
-1.804708099270040025e-03
-1.782644145129408386e-03
-1.804736144545634503e-03
-1.829682520779960832e-03
-1.872812735761963249e-03
-2.014069089471048901e-03
-1.999782939462939595e-03
-1.995821934445011873e-03
-1.912860363316590089e-03
-1.953044277361309184e-03
-2.007174439193132841e-03
-1.989411908794619377e-03
-1.992348541511064844e-03
-4.068663641275646115e-04
-2.409057841744992323e-03
-2.439654959659780329e-03
-2.411690125976858473e-03
-2.452829678198653607e-03
-2.431535362530779128e-03
-2.439531764878076665e-03
-2.448020931974703978e-03
-2.462521984476354238e-03
-2.430369935914067532e-03
-2.467966366408692706e-03
-2.416069770598573523e-03
-2.466554470683192217e-03
-2.391492376432740284e-03
-2.366033193489525642e-03
-2.340198249081472393e-03
-2.301727167799520312e-03
-2.304579286324718018e-03
-2.314528523186020273e-03
-2.290006834486906472e-03
-2.263596408884535702e-03
-2.458924143942813750e-03
-2.431826174884490349e-03
-2.237639672502780060e-03
-2.213934255014243530e-03
-2.192375889893147765e-03
-2.162627757426516771e-03
-2.172384005475255092e-03
-2.154717170718681817e-03
-2.143016100009108825e-03
-2.111093960505019355e-03
-2.092357525968291040e-03
-2.072419194288460578e-03
-2.060403520145422974e-03
-2.053807246128798274e-03
-2.078358677886298946e-03
-2.058261428560591560e-03
-2.046753857904577787e-03
-2.040767901339768202e-03
-2.018336825636286250e-03
-1.834092918871699164e-04
-1.867923712384959140e-04
-9.290171969957719349e-05
-3.484172267670833639e-04
-2.702846082456260421e-04
-3.502172157472509002e-04
-7.123619533126409643e-04
-6.429326417213400511e-04
-6.954506774546269192e-04
-8.105186334452325544e-04
-7.451942420464768499e-04
-7.940838580794990637e-04
-9.019603557898383910e-04
-8.404028393154900148e-04
-8.860611683368592624e-04
-9.871751225283579775e-04
-9.291902354530371527e-04
-9.721941935547338820e-04
-6.058948882347241043e-04
-5.888989091815122201e-04
-5.338631300561547371e-04
-1.066825957610327384e-03
-1.012476816661242972e-03
-1.052132655596990868e-03
-1.142086656169708468e-03
-1.090163460793109728e-03
-1.127276412570979956e-03
-1.217291733651522899e-03
-1.210970118281579641e-03
-1.162066867348673579e-03
-1.197307931376143629e-03
-1.313900908255339218e-03
-1.270945334876974128e-03
-1.303873986286987943e-03
-1.282403626707205330e-03
-1.376813147171590188e-03
-1.335617612844669424e-03
-1.366857394634874660e-03
-1.433902514211256828e-03
-1.395642937933908381e-03
-1.425688925085966206e-03
-1.488949257934098170e-03
-1.453181443951373280e-03
-1.444436643337043908e-03
-1.472994952129377116e-03
-1.503832489388848758e-03
-1.476734691966902560e-03
-1.480945931001640369e-03
-1.515436271473165342e-03
-1.581341900252442468e-03
-1.554833889405700387e-03
-1.572725675777548147e-03
-1.554462197730031511e-03
-1.630946910644177992e-03
-1.597778259404442156e-03
-1.627655663753989693e-03
-1.677681574695495063e-03
-1.651208141774076132e-03
-1.675254588110886966e-03
-1.722842526105244259e-03
-1.698052644751595237e-03
-1.720722418072297318e-03
-1.783591272649931231e-03
-1.765172996428915689e-03
-1.742095467467447926e-03
-1.763552668181762352e-03
-1.843594980059694473e-03
-1.824314171392680053e-03
-1.824269893627562030e-03
-1.848588566957655270e-03
-1.900812524060425251e-03
-1.877720724070011671e-03
-1.896120999033292127e-03
-2.010052358252197892e-03
-1.935485915216512628e-03
-1.913614172415490852e-03
-1.934763997529805870e-03
-1.968258941988250063e-03
-1.951310564428414968e-03
-1.969965512278162335e-03
-2.001708583697664901e-03
-1.986912491763289344e-03
-2.004194189464571577e-03
-4.839644906899827088e-04
-4.188848389321182288e-04
-4.719596798950513226e-04
-2.526790125498756465e-06
0.000000000000000000e+00
-9.293846369370657029e-05
0.000000000000000000e+00
-1.865165615075985704e-04
-9.325714907853165613e-05
0.000000000000000000e+00
-9.336768907671844434e-05
-2.350933301567511343e-03
-2.380235609455196022e-03
-2.382582645619499978e-03
-2.420681761794515538e-03
-2.439579222963596250e-03
-2.433977627308702742e-03
-2.412795712593010337e-03
-2.422021681154802163e-03
-2.429978392224601061e-03
-2.424349578117852757e-03
-2.441467813553255262e-03
-2.445425948164937392e-03
-2.400728641271724067e-03
-2.415098864772612097e-03
-2.416622002292791171e-03
-2.424024393081943181e-03
-2.445338815695211054e-03
-2.446649667574713784e-03
-2.400210736263613288e-03
-2.414139954150250171e-03
-2.402294126479308060e-03
-2.417867204551066383e-03
-2.443683750102349471e-03
-2.440881198552490635e-03
-2.382719155571983403e-03
-2.380925904966202985e-03
-2.393119536599908146e-03
-2.362306613033557726e-03
-2.357838831488370465e-03
-2.370676615936351782e-03
-2.340900272924354049e-03
-2.334203275706599016e-03
-2.347051298317525368e-03
-2.319515729384240797e-03
-2.323422211247145978e-03
-2.310759657308991862e-03
-2.277380428978624180e-03
-2.289604397880840893e-03
-2.277753416006543432e-03
-2.264325393939506208e-03
-2.399129208776923979e-03
-2.431627579058853392e-03
-2.426847955430357865e-03
-2.404338357419136610e-03
-2.255068223826085967e-03
-2.240170411256655995e-03
-2.252561670685293907e-03
-2.233758182856444147e-03
-2.218151630906053766e-03
-2.229455140206251101e-03
-2.214218472578988531e-03
-2.198130735241580688e-03
-2.208395007220433602e-03
-2.194141436038232577e-03
-2.178786092331463052e-03
-2.188593288545478271e-03
-2.132826083297707266e-03
-2.128061328943356163e-03
-2.147638844802350795e-03
-2.116638672465494427e-03
-2.118750123813704922e-03
-2.101831635286971218e-03
-2.109174214257393629e-03
-2.064676977628774907e-03
-2.104585500252936260e-03
-2.094758702525450524e-03
-2.088126576632019088e-03
-2.046803942557820673e-03
-2.052237146090662295e-03
-2.035308376766125672e-03
-2.030471365824240530e-03
-2.668937095330209137e-04
-4.171654981752776631e-04
-7.623718885422970000e-04
-6.601838451086876249e-04
-8.570628929524875747e-04
-9.452864662200279045e-04
-1.027637007867239710e-03
-5.460516950437499647e-04
-1.105039245731334087e-03
-1.177081073830732287e-03
-1.274851918669713457e-03
-1.262557065929427371e-03
-1.229540387744919392e-03
-1.243288135726270012e-03
-1.345706446505752409e-03
-1.334884669350511806e-03
-1.324406660782430703e-03
-1.292828869969603073e-03
-1.405697772972358236e-03
-1.494862130318837766e-03
-1.464370451911760828e-03
-1.456148379212525304e-03
-1.491108758981028737e-03
-1.527077848593618933e-03
-1.492606140961023290e-03
-1.507743115063878321e-03
-1.515560801261841162e-03
-1.548981536504473065e-03
-1.537919066288420721e-03
-1.526139346222719038e-03
-1.606449870380217146e-03
-1.590345624396687953e-03
-1.558961218205600274e-03
-1.585901472184068559e-03
-1.654608294725843243e-03
-1.700556687845223257e-03
-1.744299498922936321e-03
-1.806221144296465400e-03
-1.784295977982868278e-03
-1.805500301945133640e-03
-1.785984001466389519e-03
-1.844140770671269611e-03
-1.824675200690707971e-03
-1.843719987382265750e-03
-1.875907156691675268e-03
-1.865214403058931738e-03
-1.859789507746726104e-03
-1.888459216810586946e-03
-1.918420858566701349e-03
-2.039278165122623311e-03
-2.026379625057200037e-03
-2.022980505966914810e-03
-1.952166587499604491e-03
-1.985290295370104041e-03
-2.034079774391664777e-03
-2.017926680915565867e-03
-2.020344122988643014e-03
-1.836674858310244601e-04
-1.884014241345277792e-04
-9.562368557059282455e-05
-1.861735566115198769e-04
-2.346017041772453706e-03
-2.348578046920432420e-03
-2.377761830015496375e-03
-2.416711016440328905e-03
-2.422585898406373270e-03
-2.407111274723064149e-03
-2.424390437741030281e-03
-2.401007536262168493e-03
-2.421319377372749704e-03
-2.391189218330462378e-03
-2.409058021767417242e-03
-2.371946543904199234e-03
-2.350986119920406292e-03
-2.329488031255716116e-03
-2.297639816342884542e-03
-2.308219799705643095e-03
-2.300186871168161118e-03
-2.288095599585388690e-03
-2.265708909917774332e-03
-2.372992754532950860e-03
-2.243319552807115317e-03
-2.222922936569588816e-03
-2.203631060277210039e-03
-2.162393931422416059e-03
-2.162747241431926988e-03
-2.178372321209096248e-03
-2.147896739273136030e-03
-2.125448311450284233e-03
-2.110949603726231753e-03
-2.089772115972326084e-03
-2.073770466482462854e-03
-2.080807674478399403e-03
-2.096515652175842161e-03
-2.078281701193981749e-03
-2.062592675013760844e-03
-2.067984546291126626e-03
-2.042779503908892687e-03
-3.526383802237545613e-04
-2.691946929229191822e-04
-3.504905751950347908e-04
-5.030341514720352951e-04
-4.267765417435306994e-04
-4.935220069880467877e-04
-8.432589051275661551e-04
-7.786056037708468259e-04
-8.269646688911366176e-04
-7.460896394665064582e-04
-6.770179564851977125e-04
-7.293574105865263972e-04
-9.344187807372881984e-04
-8.732077831001619495e-04
-9.182872900091486931e-04
-1.017715729220943378e-03
-9.604651394363684577e-04
-1.002527112077402499e-03
-1.095975535070453123e-03
-1.042128599449140738e-03
-1.081466962344363597e-03
-6.316568956551656729e-04
-5.588022910732837016e-04
-6.187751060310201293e-04
-1.170166913895729754e-03
-1.156200602862240620e-03
-1.119005722790515113e-03
-1.253059043892206653e-03
-1.231740139106124021e-03
-1.197745549425680359e-03
-1.305182259837811640e-03
-1.303050277139527298e-03
-1.288905291590935771e-03
-1.257120318963292436e-03
-1.395242094734996854e-03
-1.386058334656662533e-03
-1.354871756240063740e-03
-1.365368794922837241e-03
-1.451107945378419303e-03
-1.414247470734732864e-03
-1.442539887983407786e-03
-1.507051899037204845e-03
-1.470793710924871676e-03
-1.500590593572722221e-03
-1.557548113963768723e-03
-1.522991972401559679e-03
-1.525939816479072314e-03
-1.555966849229755084e-03
-1.541598872953024463e-03
-1.522350565258669955e-03
-1.537837947635392263e-03
-1.569663273580084589e-03
-1.637379877224103041e-03
-1.609619047714847765e-03
-1.634183204240792020e-03
-1.614190254786946688e-03
-1.681667156826191761e-03
-1.679623525377398584e-03
-1.656526870285475374e-03
-1.727188106089910455e-03
-1.725030492443544936e-03
-1.702661132742798802e-03
-1.769460006152957961e-03
-1.746395318813026088e-03
-1.767355484031634186e-03
-1.825458574242598206e-03
-1.808921784835659363e-03
-1.787293152014042541e-03
-1.807614575571515284e-03
-1.875607196920516841e-03
-1.859430083788614959e-03
-1.859919542740468262e-03
-1.875616430002622140e-03
-1.904149219855327682e-03
-1.890171813457472774e-03
-1.902532099155099243e-03
-1.934048974806633261e-03
-1.917626292724666087e-03
-1.934809302247431084e-03
-2.036149450309809091e-03
-1.966564473414465254e-03
-1.951262821919160818e-03
-1.967458183110662971e-03
-1.997284080845677587e-03
-1.983016176371099788e-03
-1.999535889332819394e-03
-2.027589862362917834e-03
-2.030597149086556339e-03
-2.014907738588752467e-03
-2.695583510106055471e-04
0.000000000000000000e+00
0.000000000000000000e+00
-9.569276482899189210e-05
-3.612538110003907775e-04
-2.749294689175435578e-04
-2.726002101207280126e-04
-2.288755094860431098e-03
-2.317551296966180105e-03
-2.319843288059683130e-03
-2.386016396370410804e-03
-2.403371467870037918e-03
-2.399426512512223275e-03
-2.386588182415813608e-03
-2.403699588002048120e-03
-2.405520392885630680e-03
-2.381475027532186251e-03
-2.391596566108621959e-03
-2.397124917307705098e-03
-2.383663727753979316e-03
-2.403953679565216939e-03
-2.404121501826489600e-03
-2.380071495916978586e-03
-2.390515820260529813e-03
-2.390613850190897050e-03
-2.375950656927269464e-03
-2.400158081847248923e-03
-2.397053234675191723e-03
-2.381427156731011612e-03
-2.359688566628219582e-03
-2.388947211531836524e-03
-2.379551371417884878e-03
-2.362789273625627053e-03
-2.372518338697676352e-03
-2.362343296978035301e-03
-2.346357548986056571e-03
-2.354065472984214966e-03
-2.343397325498957750e-03
-2.329050380497396655e-03
-2.334651625574023226e-03
-2.323993100347726548e-03
-2.311497327734459394e-03
-2.304690436096804365e-03
-2.315147786071491791e-03
-2.277357675137751947e-03
-2.277931843039023539e-03
-2.287540139070786804e-03
-2.266297320420899031e-03
-2.339380262694508786e-03
-2.342829864194849628e-03
-2.369194566156743696e-03
-2.259510085479901967e-03
-2.256789499682566955e-03
-2.246245544737582311e-03
-2.240189254142643197e-03
-2.236865250911141897e-03
-2.227309988833850972e-03
-2.219957433644370245e-03
-2.207531445219291545e-03
-2.216911215406460259e-03
-2.189400234999469737e-03
-2.191539474399581845e-03
-2.175908016438765115e-03
-2.148062416888667746e-03
-2.140809002231524455e-03
-2.155274067678176857e-03
-2.133472957959806505e-03
-2.135893640443695292e-03
-2.127098408593893972e-03
-2.120144690969758428e-03
-2.083491696974602847e-03
-2.117606887802226875e-03
-2.110908417326549068e-03
-2.103565684758042318e-03
-2.068635504411947632e-03
-2.058017044847854256e-03
-2.073194788274073611e-03
-2.054000495956299736e-03
-4.289390509307485313e-04
-5.683614668793661971e-04
-8.897142901995048342e-04
-7.956080307196886775e-04
-6.900331704682838557e-04
-9.768090409427291655e-04
-1.057494103389765034e-03
-1.133658694594095843e-03
-1.211767425471237331e-03
-1.277838442861230651e-03
-1.357893596598510385e-03
-1.316598439637957103e-03
-1.346421524105348086e-03
-1.330621378026859529e-03
-1.423495070005854728e-03
-1.414649848843924432e-03
-1.375023665855444957e-03
-1.404988845238333128e-03
-1.479419513556900177e-03
-1.564308732402798063e-03
-1.529274629250460503e-03
-1.535744687680118273e-03
-1.560353426989154104e-03
-1.556394989373831132e-03
-1.593292464530455827e-03
-1.574409069797071039e-03
-1.560178312579472894e-03
-1.570825030395887716e-03
-1.591506480325395687e-03
-1.659794079732758183e-03
-1.645149291817691369e-03
-1.618047243410319740e-03
-1.641288631355651648e-03
-1.704604777443138050e-03
-1.748574641905210978e-03
-1.789460588198633125e-03
-1.846403740153219897e-03
-1.826548858097681340e-03
-1.845321504289709411e-03
-1.827911977112145741e-03
-1.876922582243101875e-03
-1.860710720611430564e-03
-1.876133468364718851e-03
-1.889916367778799334e-03
-1.919330040506283131e-03
-1.950576402666937426e-03
-2.063355140209365175e-03
-2.051059454347725283e-03
-2.048509888356843823e-03
-1.982179705372746903e-03
-2.012687534196172523e-03
-2.058084145165515414e-03
-2.045922518650879554e-03
-2.042987890533460790e-03
-3.556392435846507556e-04
-1.928065261663555860e-04
-1.905724379028316353e-04
-9.795658486170036577e-05
-3.655072079297054586e-04
-2.784111430130977306e-04
-3.620913944383202625e-04
0.000000000000000000e+00
0.000000000000000000e+00
-9.803656101538418084e-05
-2.287824319840398891e-03
-2.316903352909099878e-03
-2.288309787703464177e-03
-2.386392445029711634e-03
-2.383755800873663382e-03
-2.385294320931463305e-03
-2.372012536581966959e-03
-2.376766064505815394e-03
-2.386639449387055207e-03
-2.380084290384668760e-03
-2.376418129717612019e-03
-2.368132377620139374e-03
-2.371252503319565622e-03
-2.349608495727279096e-03
-2.354102984505866865e-03
-2.337145229107746337e-03
-2.319622809286331008e-03
-2.293434714435367214e-03
-2.302142191836512031e-03
-2.295991840981219823e-03
-2.285911185035224835e-03
-2.268007489968844846e-03
-2.313571157248361845e-03
-2.249368009095792549e-03
-2.229993713704320028e-03
-2.210952726126385985e-03
-2.215541864574952988e-03
-2.202870432844888406e-03
-2.174911887103458692e-03
-2.168987032429799122e-03
-2.181899871115007550e-03
-2.200203667044995596e-03
-2.161927851828191437e-03
-2.141846908662372977e-03
-2.126470799445473459e-03
-2.105904368465216694e-03
-2.097574032650763656e-03
-2.091871043049948076e-03
-2.111364225827312268e-03
-2.096357197263211923e-03
-2.082544184916657048e-03
-2.087057959528612616e-03
-2.065781031956647439e-03
-5.099359914932325571e-04
-4.325051448736461947e-04
-5.064668481692107677e-04
-6.432702325341138573e-04
-5.742136244917132913e-04
-6.374641074154172938e-04
-9.694569751211786239e-04
-9.520469315258000848e-04
-9.071752602790167375e-04
-8.719507444110215656e-04
-8.575819151424612149e-04
-8.096476210331458433e-04
-7.846813952095705452e-04
-7.650403463523165444e-04
-7.089185118820834916e-04
-1.049953571829381760e-03
-1.033925018021637559e-03
-9.928092639073953819e-04
-1.125411383841590663e-03
-1.072109359275456083e-03
-1.110763144718382098e-03
-1.197428281311767231e-03
-1.147198720777394248e-03
-1.183843288645386200e-03
-1.265568378861567237e-03
-1.218365413899638421e-03
-1.258874766242981062e-03
-1.347314655560587649e-03
-1.325022633343161905e-03
-1.299934028419301620e-03
-1.386559936962209524e-03
-1.382326849074898842e-03
-1.370090751953853807e-03
-1.342711890515559201e-03
-1.469168350602211622e-03
-1.432488447659991965e-03
-1.460178272054346409e-03
-1.442248515641511835e-03
-1.521215400675558511e-03
-1.486442231878241579e-03
-1.514161819518832983e-03
-1.576137388213950160e-03
-1.541936708335854859e-03
-1.569940514432611664e-03
-1.617040554620348706e-03
-1.590443382646300691e-03
-1.587037998161288993e-03
-1.608092898683995478e-03
-1.582597582704156017e-03
-1.581787113216173712e-03
-1.600220397172902060e-03
-1.619255468783849846e-03
-1.694509323404336156e-03
-1.665831713955387644e-03
-1.687730016803818019e-03
-1.669742180880540465e-03
-1.734633213861407064e-03
-1.708251927309777617e-03
-1.730971099648512951e-03
-1.774207281138167735e-03
-1.750911152396046264e-03
-1.771880866546713708e-03
-1.812211884997370730e-03
-1.791066387426792049e-03
-1.810602175060250715e-03
-1.861883188331304052e-03
-1.846105912688571216e-03
-1.846277537796262068e-03
-1.827719067795496432e-03
-1.905962791735727954e-03
-1.891482629071278461e-03
-1.890601499961563903e-03
-1.904911668861600238e-03
-1.933960372410107719e-03
-1.919231316332104149e-03
-1.934042448524791492e-03
-1.964763849610234175e-03
-1.949621299965133801e-03
-1.965675724183946378e-03
-2.060367751662154842e-03
-1.993414539587827321e-03
-1.995345569972378254e-03
-1.980179748422912500e-03
-2.020493372159944297e-03
-2.024012670460449258e-03
-2.009078764593057783e-03
-2.043759022723252126e-03
-2.050801476388437478e-03
-2.035847478592121580e-03
-4.355995775787633011e-04
-2.806802669382023937e-04
-5.247116051978433079e-04
-4.417680502469757860e-04
-4.453387775822689569e-04
-1.978956753990709959e-04
-1.006580862070691635e-04
-1.953315702963702178e-04
-2.227249401661163253e-03
-2.257579403740969486e-03
-2.257961886965506853e-03
-2.352417900021218020e-03
-2.369546990712021687e-03
-2.369285521311038662e-03
-2.354853934761965816e-03
-2.368160219722170810e-03
-2.370459043597315102e-03
-2.346526331109843357e-03
-2.366653223113819766e-03
-2.365185023275331866e-03
-2.352723564567025649e-03
-2.362430620837832097e-03
-2.367059013553591759e-03
-2.336627671272667635e-03
-2.360281033574887326e-03
-2.356412918988656877e-03
-2.358327230696411966e-03
-2.369489128633682495e-03
-2.365242361890045747e-03
-2.321564845595057436e-03
-2.348911990448365218e-03
-2.340765846250071180e-03
-2.360586326606236001e-03
-2.300493093597865812e-03
-2.330159392632069702e-03
-2.320028400125134435e-03
-2.344887057464693086e-03
-2.353644983899315108e-03
-2.345455567338055203e-03
-2.331887208454054734e-03
-2.330242762382469385e-03
-2.338863495283745493e-03
-2.318020815631834271e-03
-2.323247516522959459e-03
-2.314499126237759205e-03
-2.303735712629681291e-03
-2.298687234436315625e-03
-2.307303867846142303e-03
-2.276876829015511347e-03
-2.277563902118809151e-03
-2.285197780809222930e-03
-2.268238670028263453e-03
-2.294268315329681552e-03
-2.261725171658805246e-03
-2.251014808499324747e-03
-2.260247402012582896e-03
-2.235033435740523076e-03
-2.237616716469740304e-03
-2.227498388609189597e-03
-2.231110045938885199e-03
-2.221100030412712437e-03
-2.225276610454172879e-03
-2.198776682938045901e-03
-2.186893287476377422e-03
-2.193792712948778971e-03
-2.204594560331823300e-03
-2.163325701839408002e-03
-2.156024079779626790e-03
-2.169163029188792870e-03
-2.149872496413473416e-03
-2.138182190206223791e-03
-2.127945296200160329e-03
-2.137085057761433596e-03
-2.100646184795809581e-03
-2.130183550956013354e-03
-2.117781943178373080e-03
-2.123596483050774891e-03
-2.088937192926670211e-03
-2.079037110870460975e-03
-2.092429634194115876e-03
-2.076182784614682454e-03
-5.776622492039942998e-04
-7.146150489032155034e-04
-1.010456481764169211e-03
-9.216366291571521409e-04
-8.288517978137610424e-04
-1.088302873679476181e-03
-1.161997984076864601e-03
-1.232036609391774177e-03
-1.325474097907465218e-03
-1.289367163721751898e-03
-1.295924161662089262e-03
-1.364634627245348095e-03
-1.336222481347117954e-03
-1.434353399128930617e-03
-1.424516170505267260e-03
-1.396346356172630150e-03
-1.408513526007786282e-03
-1.495515042034308755e-03
-1.487749905855459236e-03
-1.451470972376032835e-03
-1.478487580053477156e-03
-1.549032631030501390e-03
-1.626844621661237798e-03
-1.601554441939301385e-03
-1.595318051408675577e-03
-1.612083128409087015e-03
-1.621451056545394984e-03
-1.653708346777236528e-03
-1.630640627330415520e-03
-1.623220918908792028e-03
-1.649178604259208050e-03
-1.714343549506644297e-03
-1.698596065579289528e-03
-1.672153508925747255e-03
-1.696146894768698959e-03
-1.754661308057356775e-03
-1.793467508887746156e-03
-1.829383388338434724e-03
-1.878028429384493575e-03
-1.877488983871140448e-03
-1.862404552576395460e-03
-1.862284705522164203e-03
-1.906983029552113910e-03
-1.892124303970597193e-03
-1.906331049380961384e-03
-1.919998281442937983e-03
-1.949609906239708861e-03
-1.979302414883243703e-03
-2.084391689248090568e-03
-2.073676460530133984e-03
-2.071183559944025487e-03
-2.007089184675864973e-03
-2.032293355849794196e-03
-2.066170627764062941e-03
-2.055001613219506300e-03
-2.062152145658613031e-03
-5.161143122474722619e-04
-3.746636503740528585e-04
-3.700636038996487232e-04
-2.853664922183420994e-04
-5.319001700333978160e-04
-5.271263607230259338e-04
-4.502017050686365671e-04
-3.555517362827955406e-06
0.000000000000000000e+00
-1.007450484428809578e-04
-2.880319890748543610e-04
-3.854347645305180737e-20
-2.092485668247973443e-04
-1.044232747101629015e-04
0.000000000000000000e+00
-1.044138444015956879e-04
-2.231452018955951914e-03
-2.229426449870598303e-03
-2.259714183730194594e-03
-2.353730198054060623e-03
-2.349613828552263653e-03
-2.353744263004367912e-03
-2.341803217101328174e-03
-2.346192446255422354e-03
-2.359197610649500093e-03
-2.349399573654643164e-03
-2.329374662998966866e-03
-2.352443848237640786e-03
-2.311238362629544629e-03
-2.351442330211068153e-03
-2.337960781078051234e-03
-2.324438578574005397e-03
-2.310303883315189752e-03
-2.289005233271193367e-03
-2.291586230910744489e-03
-2.296077183975915766e-03
-2.283357223272429806e-03
-2.268978736974166209e-03
-2.266197511884276896e-03
-2.247022705775529594e-03
-2.254167184220601510e-03
-2.243795708546381107e-03
-2.241028520861543076e-03
-2.232884100149264833e-03
-2.218184232216829747e-03
-2.214896312577649580e-03
-2.224355064193588721e-03
-2.186090028657235347e-03
-2.180802646713742368e-03
-2.192155531979467740e-03
-2.208513085067907635e-03
-2.175021697518744225e-03
-2.157785431279321021e-03
-2.160617946762131026e-03
-2.147016988575613586e-03
-2.148254764414751598e-03
-2.133931344550779770e-03
-2.121221528661114842e-03
-2.108564901421043983e-03
-2.113300296227416109e-03
-2.125179342755703638e-03
-2.113846394266588949e-03
-2.104852959955122709e-03
-2.101422741842273734e-03
-2.086502764573552535e-03
-6.519537594006522083e-04
-6.475669643519859882e-04
-5.820713256664539594e-04
-7.690738295818733573e-04
-7.765224985292727439e-04
-7.071454744245989511e-04
-1.088777598136431634e-03
-1.069502252156294062e-03
-1.029691990448096048e-03
-1.013281729978684261e-03
-9.915825439621884108e-04
-9.432889008150287160e-04
-9.373702318170975059e-04
-8.615060585056661877e-04
-9.048840523483874573e-04
-1.155097406003723591e-03
-1.140323697192357393e-03
-1.102975357921412306e-03
-1.224798098442765907e-03
-1.175588469857281968e-03
-1.211176170152520118e-03
-1.291549841098428662e-03
-1.244940648724741829e-03
-1.278616209282113989e-03
-1.353962252180385736e-03
-1.310156793748598787e-03
-1.339825160496405012e-03
-1.411328787134768928e-03
-1.396641150165210026e-03
-1.379006505962584225e-03
-1.406384001775349505e-03
-1.365721395065061256e-03
-1.376500155335202936e-03
-1.461331341153589711e-03
-1.455447544322465044e-03
-1.419069838154899451e-03
-1.444959781304345440e-03
-1.538525587088625333e-03
-1.504120766795231760e-03
-1.529904120493942848e-03
-1.513446241855241885e-03
-1.588460026250255314e-03
-1.582326674754297360e-03
-1.555131897389872443e-03
-1.636490176200440516e-03
-1.606597898702722023e-03
-1.631423827607041827e-03
-1.662356330450405137e-03
-1.639443615773731678e-03
-1.634932352317945399e-03
-1.671894741196163197e-03
-1.649117878989461369e-03
-1.644182577667794133e-03
-1.657479426414537691e-03
-1.676202786593776126e-03
-1.748835801574662348e-03
-1.741806167962620848e-03
-1.721663448086858863e-03
-1.748403113518055135e-03
-1.721266578601566340e-03
-1.723721043433126560e-03
-1.779732662178570238e-03
-1.757343900575547048e-03
-1.777008806031091324e-03
-1.815258721819782263e-03
-1.794943667577953653e-03
-1.813762427310039796e-03
-1.848548758475161355e-03
-1.830568204409227908e-03
-1.847345620760522432e-03
-1.892699983807497347e-03
-1.879350597472430589e-03
-1.878707618280977491e-03
-1.862904135443123159e-03
-1.936123155369683796e-03
-1.921564563090506252e-03
-1.920840878437976920e-03
-1.934881692168652096e-03
-1.964122976482623496e-03
-1.964506712515445928e-03
-1.949249043304590069e-03
-1.996015413671926864e-03
-1.994561985654676965e-03
-1.980379252265010090e-03
-2.084756834260563952e-03
-2.071464251519867291e-03
-2.084432200077534613e-03
-2.016176663779387958e-03
-2.018226477041353169e-03
-2.004673212729673505e-03
-2.043094629693706105e-03
-2.031936903269795144e-03
-2.043428929838588849e-03
-2.075507984125697473e-03
-2.054727704305263965e-03
-5.883647126675440849e-04
-4.549009718015049886e-04
-6.713459042705367634e-04
-5.967811146585373346e-04
-6.019170168404912313e-04
-2.016137737854312737e-04
-3.873768464262410398e-04
-3.811108219177614868e-04
-2.945612907022984836e-04
-1.922706328371456158e-04
-9.768054837488990348e-05
-1.989894046405626493e-04
0.000000000000000000e+00
-2.466223563844660959e-20
-9.745508649510581769e-05
-2.165944552030080010e-03
-2.198884846724865911e-03
-2.196675110654729233e-03
-2.321742466699028284e-03
-2.337088102012636805e-03
-2.338310442466510174e-03
-2.312883007801402706e-03
-2.332728741365230982e-03
-2.329773726557273807e-03
-2.327394323192269812e-03
-2.339910512611733610e-03
-2.341064631866798373e-03
-2.300874708665255012e-03
-2.323811024104360280e-03
-2.318856146886596418e-03
-2.327334097828532514e-03
-2.336705655988847562e-03
-2.339911642748257904e-03
-2.284713378437411464e-03
-2.310801069962528740e-03
-2.303255809954098295e-03
-2.337753025045095478e-03
-2.348230444655269832e-03
-2.342012120497313169e-03
-2.262439584992441844e-03
-2.292200623195476440e-03
-2.281599111951328022e-03
-2.341344559771272281e-03
-2.328744697037238038e-03
-2.330116259634138539e-03
-2.336604142597823244e-03
-2.318530798998526699e-03
-2.324973704157861937e-03
-2.318059866326791472e-03
-2.307548455787845378e-03
-2.305402802256099892e-03
-2.312520828145090898e-03
-2.296146437673105001e-03
-2.292629546901734858e-03
-2.299651515226434646e-03
-2.275538699669019029e-03
-2.276556417054720512e-03
-2.282285451052309434e-03
-2.268634541056681504e-03
-2.247300170830389583e-03
-2.262290849191747003e-03
-2.261744963588674558e-03
-2.254678038039826474e-03
-2.238868140814748945e-03
-2.235548285436502088e-03
-2.226929846414962312e-03
-2.233055211010576049e-03
-2.207325410313295926e-03
-2.202727824929844730e-03
-2.196734121085262142e-03
-2.212461391876028357e-03
-2.176240496657376108e-03
-2.181153226458030191e-03
-2.169934083643786007e-03
-2.167196723686370952e-03
-2.153531851757551838e-03
-2.146096401585083011e-03
-2.155722487835146951e-03
-2.141863283707884803e-03
-2.117060587459093125e-03
-2.144132772150488496e-03
-2.132355679612837202e-03
-2.136833197329740964e-03
-2.107014984168189154e-03
-2.110184486026533881e-03
-2.098178978122709586e-03
-2.095732029727424839e-03
-7.115468881898237390e-04
-8.690712735249968290e-04
-8.198779405639216667e-04
-8.271176619406585794e-04
-1.051770439865713780e-03
-1.122500674973385144e-03
-9.761622003078480360e-04
-9.039080891998331002e-04
-1.190489641340803685e-03
-1.258691937188634574e-03
-1.323218756892395685e-03
-1.380123197691127384e-03
-1.408121790559174573e-03
-1.433412432631180457e-03
-1.505908934343272703e-03
-1.470371390977330637e-03
-1.496864711736676633e-03
-1.480976927785215792e-03
-1.563806390394266660e-03
-1.556027111001668552e-03
-1.522158377499009067e-03
-1.547312345346775388e-03
-1.612783184415081308e-03
-1.681941269474931467e-03
-1.659253691069584660e-03
-1.654132778504754583e-03
-1.666586651749060819e-03
-1.676406450014890880e-03
-1.708570395449812186e-03
-1.680743979586943413e-03
-1.685134407912108629e-03
-1.703221329273918883e-03
-1.764500390888117890e-03
-1.748418157933959594e-03
-1.756243883077809442e-03
-1.727817863203436229e-03
-1.752177088342414708e-03
-1.797732990617941428e-03
-1.832109430312312427e-03
-1.864144741156684073e-03
-1.908926121594200012e-03
-1.893652536444588412e-03
-1.907983575332449465e-03
-1.894335351301435237e-03
-1.936705361033408835e-03
-1.922022204466626583e-03
-1.936238064441646312e-03
-1.950145072440599009e-03
-1.980053030231939196e-03
-2.005799424576262119e-03
-2.104203346842965609e-03
-2.094133603662100100e-03
-2.094445369099897248e-03
-2.029580638147642380e-03
-2.088049172854872584e-03
-2.077126218196150269e-03
-2.086418699907152674e-03
-2.070562418207066383e-03
-2.056892652834236158e-03
-2.068361951667656035e-03
-6.604326673427818057e-04
-5.471381004058329181e-04
-5.395085711493531394e-04
-4.625757337303537187e-04
-6.889826811483921228e-04
-6.120824929098330792e-04
-6.790207969165429694e-04
-2.984381535191720836e-04
-4.691759584069155227e-04
-4.122299584832963800e-04
-3.042632019962342301e-04
-3.104253774199067120e-04
-1.678453045628108874e-04
-1.801743192719917246e-04
-8.536412340635545165e-05
-2.163331824550918537e-03
-2.197484035990130997e-03
-2.164667798579138908e-03
-2.317399644011924019e-03
-2.324520605866936540e-03
-2.307059830696246358e-03
-2.327102090651509032e-03
-2.293030458977676767e-03
-2.324487300623739525e-03
-2.335465742191127243e-03
-2.325763637977162641e-03
-2.273893144015141747e-03
-2.331320658567226801e-03
-2.333060433898764656e-03
-2.323203259515283642e-03
-2.312559539504657584e-03
-2.301318300776144556e-03
-2.284393632500382378e-03
-2.287006607409344892e-03
-2.290001236196480619e-03
-2.280278458704650818e-03
-2.268655245813134668e-03
-2.209547797308543046e-03
-2.220477891943419511e-03
-2.235988198817503644e-03
-2.247726864533524001e-03
-2.254448853353311234e-03
-2.247437349420010420e-03
-2.239210164418454704e-03
-2.224325912190330736e-03
-2.221581619706531133e-03
-2.229695461464167514e-03
-2.241151891892006684e-03
-2.196357382025221697e-03
-2.201451923901455009e-03
-2.191386302326252169e-03
-2.215890247426056947e-03
-2.186436636867016524e-03
-2.176786713625137280e-03
-2.167310849151115291e-03
-2.176351393895570654e-03
-2.165231611195902583e-03
-2.148514254584112711e-03
-2.136570545518551301e-03
-2.128601545078652284e-03
-2.124926217939790418e-03
-2.139747897843712575e-03
-2.129442920754907702e-03
-2.121408774102302199e-03
-2.118185526470906660e-03
-2.105487670951637635e-03
-7.854100995775185976e-04
-7.198264235854460319e-04
-7.772857826322525799e-04
-8.894831891168256555e-04
-8.302156413521151121e-04
-8.793495483324137354e-04
-1.133692496325276180e-03
-1.074059926299890128e-03
-1.111394279436974351e-03
-1.193869304384977473e-03
-1.174558833134463571e-03
-1.141681164908842951e-03
-1.063345368695914122e-03
-1.001125958364435832e-03
-1.038501803756179936e-03
-9.773051086404993017e-04
-9.238756581915087826e-04
-9.574279906269717901e-04
-1.252148891235098545e-03
-1.203982830622382216e-03
-1.238520705565256293e-03
-1.316485949027010674e-03
-1.271069045101365889e-03
-1.304073182997662807e-03
-1.378139443201677628e-03
-1.335237898122616177e-03
-1.366110424980144632e-03
-1.436210252310178223e-03
-1.395418376219496794e-03
-1.420990296896289251e-03
-1.472777330877112802e-03
-1.439357161666729099e-03
-1.441765203726461933e-03
-1.463849668231866031e-03
-1.531285161544563168e-03
-1.523702727065410090e-03
-1.489842182773970991e-03
-1.514833742670520719e-03
-1.603880476933698500e-03
-1.571460847271376974e-03
-1.596204392795195180e-03
-1.580254649752779478e-03
-1.649557212354044785e-03
-1.619267137043490460e-03
-1.643056218961230167e-03
-1.692988488236290461e-03
-1.664986750162135778e-03
-1.687242574397478188e-03
-1.717565566179048413e-03
-1.694401978242784631e-03
-1.689608439170153581e-03
-1.724640509912422556e-03
-1.703048676450122237e-03
-1.697981091174475621e-03
-1.712383477239708737e-03
-1.732450143709324784e-03
-1.786238266830605242e-03
-1.767737678824255615e-03
-1.782998430059546616e-03
-1.767356854543702819e-03
-1.793459158010422523e-03
-1.774894246691172215e-03
-1.770728488735461882e-03
-1.820842414651566155e-03
-1.800488708613066924e-03
-1.818072348038693789e-03
-1.851257282117727433e-03
-1.849883516656263861e-03
-1.833394324755172750e-03
-1.881994807572295175e-03
-1.865425642048217092e-03
-1.880680185589234110e-03
-1.923012591322165264e-03
-1.910879978878404425e-03
-1.895277528462154144e-03
-1.909921195063095638e-03
-1.963993181393982115e-03
-1.950378653617803552e-03
-1.949895594976219868e-03
-1.963921521264678973e-03
-1.987900298840184279e-03
-1.976206817690261738e-03
-1.991723767244469277e-03
-2.027001079851710377e-03
-2.011346796728969918e-03
-2.021478090890325811e-03
-2.105464851565733327e-03
-2.095167511336203190e-03
-2.104726485366700296e-03
-2.034891285251263192e-03
-2.096818287227278713e-03
-2.079311335347770739e-03
-2.053682936429877901e-03
-2.062068841589548718e-03
-2.048450803428812465e-03
-7.284855669654978407e-04
-6.200303506734613362e-04
-8.142436480615097057e-04
-7.521012951040067975e-04
-7.416016211204540503e-04
-3.996464561697980365e-04
-5.644461201396661423e-04
-5.559414795155455521e-04
-4.779641979928127304e-04
-3.460834948507252430e-04
-3.800208721542543719e-04
-2.707628083155969858e-04
1.742653220763592348e-20
0.000000000000000000e+00
-8.552093948529922933e-05
-2.589616899741875827e-04
-2.104877857569733765e-03
-2.134185464032400427e-03
-2.135484133251137548e-03
-2.186493465434285154e-03
-2.281886468027889778e-03
-2.297435272554152440e-03
-2.301893529494698255e-03
-2.292169265143311971e-03
-2.309855685326564143e-03
-2.307001890268357662e-03
-2.267789152265681056e-03
-2.290447288863685718e-03
-2.284423135574508486e-03
-2.298598043196267964e-03
-2.313113423488906591e-03
-2.313004707451908268e-03
-2.249923945790861021e-03
-2.275523796937806327e-03
-2.267430070094856535e-03
-2.304372914184101527e-03
-2.314628669737035360e-03
-2.315875168854158745e-03
-2.228958454698457339e-03
-2.245749653884659969e-03
-2.256863317562463750e-03
-2.319463765870587342e-03
-2.328796081773152650e-03
-2.321992239236420758e-03
-2.324116600856612064e-03
-2.313436495365370129e-03
-2.315815045216090568e-03
-2.320909253720679355e-03
-2.306016843091838672e-03
-2.312040341086916105e-03
-2.306572948625888568e-03
-2.297747667667628807e-03
-2.296686420226567993e-03
-2.302368527320511858e-03
-2.289257442226841355e-03
-2.286792314939238915e-03
-2.292384266305160824e-03
-2.273619624987847660e-03
-2.278971395011086636e-03
-2.274830841230955376e-03
-2.267935322983680169e-03
-2.219303566986716852e-03
-2.260220833958884439e-03
-2.253813974856278945e-03
-2.261072029174341150e-03
-2.239304196914659179e-03
-2.237152404562167685e-03
-2.231868511132919543e-03
-2.249041100707584433e-03
-2.242075110034474211e-03
-2.248128218123127478e-03
-2.216233342086470874e-03
-2.211517925011612963e-03
-2.206367767917286494e-03
-2.220069856134804839e-03
-2.186404069370539126e-03
-2.191367592186077139e-03
-2.181324199130785756e-03
-2.181407562137957501e-03
-2.168316745818596111e-03
-2.161249042018373659e-03
-2.172290115377676495e-03
-2.156224180168412295e-03
-2.132491433571198289e-03
-2.159747718637973837e-03
-2.151660153570519700e-03
-2.147871261555717171e-03
-2.124570523966077228e-03
-2.126771327769356752e-03
-2.115954558406493973e-03
-2.114419571986246322e-03
-8.385994424808814558e-04
-9.343793971513987291e-04
-1.164258009900410833e-03
-1.099237913238010258e-03
-1.223384318992958020e-03
-1.021252017154320769e-03
-1.284787945899926436e-03
-1.347762914679137732e-03
-1.407578067439454452e-03
-1.491138639753111957e-03
-1.463736280238212614e-03
-1.448487022780599494e-03
-1.481454816437005780e-03
-1.498281866601583207e-03
-1.573407812682282771e-03
-1.539930188893177693e-03
-1.564749197021682216e-03
-1.548863523511811308e-03
-1.627004752749287853e-03
-1.620914004939168641e-03
-1.612429058464907253e-03
-1.588732848619683457e-03
-1.671548086547091890e-03
-1.735168650316931422e-03
-1.708290816115721556e-03
-1.714103176537729121e-03
-1.720491000710607996e-03
-1.729401053689879567e-03
-1.766925555304012328e-03
-1.737549168168307095e-03
-1.742035244330904101e-03
-1.761427630284282970e-03
-1.803769768273497109e-03
-1.789678899387406406e-03
-1.800903997761384764e-03
-1.778782490225495633e-03
-1.797009179359473040e-03
-1.836234458706464479e-03
-1.866762599780186780e-03
-1.896601628131270667e-03
-1.937695954561440871e-03
-1.923472761677801849e-03
-1.937220465012970752e-03
-1.924465249945653354e-03
-1.963268825697328870e-03
-1.963494308768468782e-03
-1.950159212831894823e-03
-1.975975418016274413e-03
-2.013970211619741605e-03
-2.004877691616864001e-03
-2.000954236706040286e-03
-2.020214739158903566e-03
-2.122845435408312643e-03
-2.114139330291561585e-03
-2.113397620147152746e-03
-2.040279481001935208e-03
-2.107826322310468389e-03
-2.097967874357009599e-03
-2.106666997160136674e-03
-2.092107940524867357e-03
-2.081328130708559338e-03
-2.090083104800201028e-03
-2.076928341713626600e-03
-2.065304601949940859e-03
-2.073734616322129003e-03
-7.987471341326774464e-04
-7.197390019644514438e-04
-7.045743100875186170e-04
-6.355832827334556828e-04
-8.425913819574289663e-04
-7.673846933956298376e-04
-8.274220662831954787e-04
-4.910948904512297576e-04
-6.448740238353476827e-04
-5.045251525313517241e-04
-4.270028912342192394e-04
-4.587651316934442114e-04
-1.883866829770637066e-04
-9.615540355906854447e-05
-1.784800552997781967e-04
-3.544020364473541673e-04
-2.632427354371441380e-04
-3.504221363994422240e-04
-2.102357417052161913e-03
-2.103630726060583614e-03
-2.132947792275386844e-03
-2.161804312186097962e-03
-2.185765766799315987e-03
-2.162686311409421289e-03
-2.287152420449102379e-03
-2.274999713660430870e-03
-2.295465398838783186e-03
-2.259073030381347075e-03
-2.301653871558679686e-03
-2.239583412179993113e-03
-2.304922747237368383e-03
-2.314833910580692961e-03
-2.304711864369398625e-03
-2.312355113248590940e-03
-2.316282081383997868e-03
-2.309324240740252571e-03
-2.301393709348885722e-03
-2.292927450500760120e-03
-2.279126527293986060e-03
-2.283858736938154319e-03
-2.282020153387991166e-03
-2.276677801595589773e-03
-2.266719331069187628e-03
-2.195567232254046989e-03
-2.254210451917221074e-03
-2.229868643988268395e-03
-2.234352315096967394e-03
-2.227371646178016602e-03
-2.243676911859756977e-03
-2.210516243023932619e-03
-2.203672393708566452e-03
-2.213234800551535774e-03
-2.223106199309688412e-03
-2.195266970355532442e-03
-2.191055015392563872e-03
-2.195888799969034164e-03
-2.186063465457970152e-03
-2.188197910434142371e-03
-2.178311517261222185e-03
-2.182255866005806694e-03
-2.163751654004126244e-03
-2.151211768629043754e-03
-2.140193783517542817e-03
-2.143728443896354696e-03
-2.155032509573973163e-03
-2.141705315693503281e-03
-2.135544093222953299e-03
-2.133302948254005380e-03
-2.123620244219194021e-03
-9.150448329282229783e-04
-8.513211968719435960e-04
-9.023465380392152284e-04
-1.009704863471715727e-03
-9.505157069772164364e-04
-9.936077711392632059e-04
-1.238770902790188458e-03
-1.186581503044000473e-03
-1.216375748218318691e-03
-1.175088694213349046e-03
-1.119864945616077124e-03
-1.154498407497465788e-03
-1.283630339348869765e-03
-1.238899644801933321e-03
-1.267899867298078907e-03
-1.095670077935882118e-03
-1.037294711247746699e-03
-1.079632597120854355e-03
-1.342519549273780456e-03
-1.329576091338413677e-03
-1.297708920577147129e-03
-1.401140681807362676e-03
-1.359177864340961692e-03
-1.389691517104490927e-03
-1.457812185533731777e-03
-1.418314302534850850e-03
-1.447058344578000012e-03
-1.510270388044680128e-03
-1.473522830110267964e-03
-1.500448097089857134e-03
-1.542333434973213162e-03
-1.516514634756548595e-03
-1.507290894312020811e-03
-1.532793069554221500e-03
-1.597439644404314175e-03
-1.590465067024081055e-03
-1.557346165806165490e-03
-1.581970089941118172e-03
-1.663965353703696429e-03
-1.634146621731013410e-03
-1.656787002774884332e-03
-1.642676361702653538e-03
-1.705449270625865408e-03
-1.677723105677825753e-03
-1.699236882598632002e-03
-1.745541192971134491e-03
-1.740121711038157028e-03
-1.719476779020639610e-03
-1.767746791348649314e-03
-1.745963817735163986e-03
-1.742400095443305454e-03
-1.776730424630092176e-03
-1.750455496336258271e-03
-1.755767486720725447e-03
-1.766869834676771181e-03
-1.783943432840345671e-03
-1.828196481087946204e-03
-1.807429010470372986e-03
-1.824573632873048145e-03
-1.810858753691651883e-03
-1.834190046658660742e-03
-1.817560282526400894e-03
-1.813625294383692252e-03
-1.862434851602924081e-03
-1.841589993841782121e-03
-1.856643948902443435e-03
-1.887359604790609215e-03
-1.869350659332139758e-03
-1.884690126595731357e-03
-1.913924212887671474e-03
-1.898081646239176568e-03
-1.912428750418637257e-03
-1.950655413380884134e-03
-1.940281741019681677e-03
-1.939004740829609495e-03
-1.925728026409927011e-03
-1.988797182177884804e-03
-1.976252688173111335e-03
-1.976054606018240022e-03
-1.988235360958228240e-03
-2.005257534857265121e-03
-2.009402904372325702e-03
-1.996583954353930209e-03
-2.039052493988113834e-03
-2.026395186048686285e-03
-2.032947851021332623e-03
-2.123750683621875891e-03
-2.114680071445893331e-03
-2.123235634205506914e-03
-2.046248664674384619e-03
-2.115865856904214880e-03
-2.099993961655981494e-03
-2.084496390550506350e-03
-2.062587155128428173e-03
-2.058182039909302839e-03
-2.069713560050247432e-03
-8.648194992105105641e-04
-7.831176197684959137e-04
-9.504776688772050616e-04
-8.970322649932937738e-04
-8.812843360557554625e-04
-6.339608888417320228e-04
-5.998715847630763705e-04
-5.252140207998012020e-04
-7.668725069415510600e-04
-6.679399480954810193e-04
-7.438377880917409687e-04
-5.717239272150318602e-04
-4.320496613015087752e-04
-3.928801360363206284e-06
3.109103690826832430e-20
-9.661743174521450386e-05
-2.740955096425769168e-04
0.000000000000000000e+00
-2.550016850582869331e-04
-1.274631325129830855e-04
0.000000000000000000e+00
-1.278489152076311020e-04
-2.043747592607410464e-03
-2.073079578698983072e-03
-2.074397555458890648e-03
-2.132325428945567453e-03
-2.253350850592403254e-03
-2.267599959503441027e-03
-2.272795109318878366e-03
-2.238239532191770194e-03
-2.253098491503242439e-03
-2.260191608795503529e-03
-2.262578925027923515e-03
-2.281061474275879013e-03
-2.277567915195579350e-03
-2.218328945301412114e-03
-2.234234503692544144e-03
-2.243221961733922638e-03
-2.279959217843533382e-03
-2.292236389657163319e-03
-2.289292029674935315e-03
-2.194793676847670363e-03
-2.222531053266742392e-03
-2.212026907148251231e-03
-2.285523387215363748e-03
-2.294901056635560623e-03
-2.295267588283506251e-03
-2.302737868021712681e-03
-2.311260174373829489e-03
-2.303833060375118456e-03
-2.308095482821122951e-03
-2.299229792214778009e-03
-2.306155840762557935e-03
-2.302453705713655360e-03
-2.294740612301045778e-03
-2.300146367817130361e-03
-2.296023263616689142e-03
-2.289328682520027237e-03
-2.293249505127810915e-03
-2.288989543458607931e-03
-2.283314633368015416e-03
-2.286018013358436657e-03
-2.281210891459936781e-03
-2.268728117409073153e-03
-2.271325315723149701e-03
-2.274002446589214622e-03
-2.264482579948834135e-03
-2.178632513603760441e-03
-2.259311205992183338e-03
-2.253968469039451666e-03
-2.259525460274513023e-03
-2.242200742042872209e-03
-2.240501943653345346e-03
-2.236088670712244215e-03
-2.250543864994891501e-03
-2.249539390492801341e-03
-2.244700060068239959e-03
-2.203152711734900505e-03
-2.223428109623484285e-03
-2.219591084002220036e-03
-2.216986087786052950e-03
-2.226472172249859514e-03
-2.191522158886803455e-03
-2.180000152145988163e-03
-2.174385877915080943e-03
-2.183782624929746403e-03
-2.169846809496152849e-03
-2.146309819030055473e-03
-2.170940038083928048e-03
-2.165234120215385645e-03
-2.161109184156828275e-03
-2.140493651796670713e-03
-2.132661362283041345e-03
-2.141140461245133811e-03
-2.131706703915232232e-03
-9.635378272007296676e-04
-1.053657757217114259e-03
-1.207467396045806439e-03
-1.261333378396883604e-03
-1.136200125985196855e-03
-1.313477636299284707e-03
-1.372255058180265469e-03
-1.429869971882857457e-03
-1.484378095105032963e-03
-1.560225377371426362e-03
-1.535300692929656655e-03
-1.525427009475493947e-03
-1.550804908494158186e-03
-1.566434698312138378e-03
-1.636102363359108382e-03
-1.604976682823784639e-03
-1.628532106390881157e-03
-1.613547139468892496e-03
-1.684943750990758240e-03
-1.679284439044125346e-03
-1.671652461367831560e-03
-1.650297702264532339e-03
-1.725728788411852455e-03
-1.789025306295934873e-03
-1.767341193715820692e-03
-1.761915896677305939e-03
-1.771781326620815514e-03
-1.782500154437392792e-03
-1.808998675660792969e-03
-1.788218273193653736e-03
-1.787774802441115078e-03
-1.804786261330558819e-03
-1.845300668564906800e-03
-1.831018415198465248e-03
-1.840978645034857617e-03
-1.821129349115081352e-03
-1.837406502995981000e-03
-1.874730029565268435e-03
-1.900755820694307284e-03
-1.927268096401178916e-03
-1.963809725490817549e-03
-1.963537142736267258e-03
-1.950888786693998804e-03
-1.952194190157060215e-03
-1.981355006025507532e-03
-1.984878788473587452e-03
-1.972353252066006996e-03
-1.996919321738602985e-03
-2.026769003668683292e-03
-2.015889628908696697e-03
-2.020288527753243309e-03
-2.032727367161583486e-03
-2.139873889562651874e-03
-2.131758553999099724e-03
-2.131224983409091278e-03
-2.050786095270627513e-03
-2.125105319955558104e-03
-2.124438106310375194e-03
-2.116501373453005732e-03
-2.110972376612248787e-03
-2.109408412398061563e-03
-2.101550125437378139e-03
-2.096876419467645202e-03
-2.094496147085621839e-03
-2.086900222732797523e-03
-2.082431750918772081e-03
-2.079676024910578729e-03
-2.072500196007496815e-03
-9.318602354450567470e-04
-8.789528730137352065e-04
-8.009632184925461265e-04
-8.610554880336992838e-04
-9.842308436448776992e-04
-9.147704001969162672e-04
-9.665307903258025819e-04
-7.029374923416796279e-04
-8.249160799663703050e-04
-6.850459402279472686e-04
-5.970085022389499734e-04
-6.598542308007765769e-04
-5.483205515885952556e-04
-4.538439908745900051e-04
-5.267546633267821115e-04
-2.205085617110738236e-04
-3.926148839383419072e-04
-2.925680369112690664e-04
-3.738726928015679869e-04
-2.388083527376277297e-04
-2.458005820405379568e-04
-1.212149626979643101e-04
0.000000000000000000e+00
0.000000000000000000e+00
-1.205129105629590186e-04
-2.040621283937850070e-03
-2.071477461638660412e-03
-2.042213639118340470e-03
-2.099293322041431622e-03
-2.100985813472358577e-03
-2.130579182001538039e-03
-2.245903021494068726e-03
-2.258187558698430443e-03
-2.228530771206062387e-03
-2.271704920376707397e-03
-2.206841285526817218e-03
-2.282765048565729097e-03
-2.287439228680896754e-03
-2.286450860316091137e-03
-2.296292397740259689e-03
-2.295224630322910842e-03
-2.300814330660553610e-03
-2.296582355406132613e-03
-2.291524234289077366e-03
-2.285750007007987094e-03
-2.275507746873312725e-03
-2.277513395749736474e-03
-2.279231100291917618e-03
-2.272418285098560219e-03
-2.275839639953487759e-03
-2.270698205462071215e-03
-2.263784015360029676e-03
-2.133494104986843973e-03
-2.164281839535523236e-03
-2.147792084236699577e-03
-2.254463723321927481e-03
-2.245897961210212290e-03
-2.234385839267915771e-03
-2.238082380484170825e-03
-2.232363808194141614e-03
-2.203225911106391783e-03
-2.199469523284582236e-03
-2.206897751058332913e-03
-2.216582640507079593e-03
-2.213765531161809332e-03
-2.219786241473676626e-03
-2.228937542842920200e-03
-2.195739785162677433e-03
-2.196969115572692914e-03
-2.188447969894961702e-03
-2.192370226627668364e-03
-2.175350936709369298e-03
-2.157713508880665376e-03
-2.149675030427017873e-03
-2.154337777532309463e-03
-2.163391761586707512e-03
-2.167166780081752984e-03
-2.157302729874647530e-03
-2.149095880245113083e-03
-2.140085214832079981e-03
-1.042607691387760060e-03
-9.798462230945748606e-04
-1.026296579545633815e-03
-1.126614636206312416e-03
-1.068978628698727786e-03
-1.111255559576447907e-03
-1.290687900822808272e-03
-1.232928524976286289e-03
-1.264267350108477057e-03
-1.318118837083443210e-03
-1.300507569842457951e-03
-1.277965287560534893e-03
-1.203978290159493300e-03
-1.150509411394165776e-03
-1.189670509460277661e-03
-1.369280874674150879e-03
-1.326818264701046680e-03
-1.356006078772115445e-03
-1.423749426827686237e-03
-1.383431752371516721e-03
-1.412478264184197085e-03
-1.479433207258273961e-03
-1.468673200362796650e-03
-1.440617003541073624e-03
-1.531156896110079033e-03
-1.520757115734521544e-03
-1.494762776465667544e-03
-1.578333677639310456e-03
-1.569056542411085328e-03
-1.544518618802602841e-03
-1.607716482517928961e-03
-1.583769187949427785e-03
-1.574790098874443529e-03
-1.598897168204938858e-03
-1.657927752688235102e-03
-1.653033982461022625e-03
-1.644592674560388509e-03
-1.621968106323217048e-03
-1.718473933571890459e-03
-1.711976755331494435e-03
-1.691404088859469346e-03
-1.699087765381987339e-03
-1.758592505847895266e-03
-1.732215765181513694e-03
-1.752093918294962346e-03
-1.797636360787868356e-03
-1.793161554939404906e-03
-1.771804501880311486e-03
-1.815351365380728915e-03
-1.795872436465773686e-03
-1.791351205543197968e-03
-1.824061344781513754e-03
-1.806383223183209707e-03
-1.800209897560716170e-03
-1.811817451763856213e-03
-1.825022921110043420e-03
-1.865895880552854384e-03
-1.847265780009937127e-03
-1.863903352904943203e-03
-1.850070013615827316e-03
-1.871106088055045878e-03
-1.852447026650827500e-03
-1.856060039614663201e-03
-1.897507318262145037e-03
-1.892490458869018665e-03
-1.879970121640303204e-03
-1.917910614897456404e-03
-1.902710555175776393e-03
-1.915926582200159264e-03
-1.942939750570229964e-03
-1.941603633306767784e-03
-1.928529640338611569e-03
-1.972639318908685473e-03
-1.966968422813265231e-03
-1.965447869488755675e-03
-1.953758764200431985e-03
-2.003858576368296694e-03
-1.992428412218750101e-03
-1.996222284687470400e-03
-2.013841640497868873e-03
-2.001167197149412123e-03
-2.009455651700199283e-03
-2.020096709549417356e-03
-2.049452974028193389e-03
-2.038063161511877771e-03
-2.044220659843932770e-03
-2.136796831587265463e-03
-2.138106845056520280e-03
-2.130240482915844290e-03
-2.055960595978323889e-03
-2.130904507627538400e-03
-2.118076773791920282e-03
-2.103934867005349905e-03
-2.089652051278060793e-03
-2.068323248191441741e-03
-2.075360743689170628e-03
-2.065463042359794946e-03
-9.966948185056525873e-04
-9.331919681294862908e-04
-1.075045750494085664e-03
-1.011905969475321646e-03
-1.029975529131100945e-03
-8.060977891217847120e-04
-7.868241294066752496e-04
-7.220811984180255678e-04
-9.183320043677659170e-04
-8.443070986035569386e-04
-8.989325357730208570e-04
-6.195916774504322969e-04
-7.480150951351996176e-04
-4.736531091590003473e-04
-3.252499339367590403e-04
-4.481407021074998811e-04
-3.488015921013655333e-04
-3.429580729614192195e-04
-2.869522408945915327e-04
-1.441498082180137194e-04
-2.626204323973598638e-04
4.164632216735204145e-06
0.000000000000000000e+00
-1.428222205056877336e-04
1.079524628055432420e-19
-2.817058207965649798e-04
-1.348681406201355550e-04
0.000000000000000000e+00
-1.274751190127634251e-04
-1.982450529184321981e-03
-2.011570179901011040e-03
-2.013113128746748907e-03
-2.069994213656826954e-03
-2.116545847209538693e-03
-2.211338541380642765e-03
-2.232433631522382812e-03
-2.224747668019280093e-03
-2.226642501786644818e-03
-2.239968460033248208e-03
-2.244880954551626423e-03
-2.193649987379977899e-03
-2.205999391606337789e-03
-2.216097675537135984e-03
-2.254073917298119942e-03
-2.258459623367931480e-03
-2.267015350389937380e-03
-2.164653202598589704e-03
-2.179792624239522761e-03
-2.191721631592844638e-03
-2.262051735097422769e-03
-2.270982034225093628e-03
-2.273782940261033763e-03
-2.267694954629593477e-03
-2.276562949395401908e-03
-2.277615111861594401e-03
-2.287174794750866571e-03
-2.295115312918013031e-03
-2.287310540932147029e-03
-2.293209620360995259e-03
-2.285872461871695828e-03
-2.290140215302993720e-03
-2.292383463424027719e-03
-2.283695141330002471e-03
-2.289008761498163499e-03
-2.286301323727730952e-03
-2.280422896949750849e-03
-2.281704324169722600e-03
-2.284645041083535090e-03
-2.274185327760146463e-03
-2.275562135727121019e-03
-2.275644281382735098e-03
-2.279243461189692146e-03
-2.265755064106067182e-03
-2.267434537018967952e-03
-2.269082393072688504e-03
-2.262553150503699394e-03
-2.149279705989035061e-03
-2.258557289035208974e-03
-2.258708242444895653e-03
-2.254348243107565097e-03
-2.251177722449921974e-03
-2.246485730095215509e-03
-2.250632258823972477e-03
-2.244128771830607855e-03
-2.239296306379329454e-03
-2.242947130136798382e-03
-2.210146730859125462e-03
-2.228223703931644841e-03
-2.222411290089501557e-03
-2.225603263359492677e-03
-2.231119597925905126e-03
-2.199909840708629341e-03
-2.192100079290861848e-03
-2.194401079842499269e-03
-2.186164463412331067e-03
-2.181250602970841689e-03
-2.180702424406933716e-03
-2.176078593648935692e-03
-2.160409716846848661e-03
-2.173712684048411184e-03
-2.168727008238169329e-03
-2.172391772833919335e-03
-2.154909000414605407e-03
-2.147841034137420481e-03
-2.156195903242429275e-03
-2.147435022194190985e-03
-1.085590088949477333e-03
-1.166105510688548921e-03
-1.247341356708089617e-03
-1.303292059526558761e-03
-1.343735709980138030e-03
-1.396938312998954575e-03
-1.451942549851458538e-03
-1.505625412972038529e-03
-1.555008344542003085e-03
-1.623989444459924322e-03
-1.601173009796273174e-03
-1.591881491528139222e-03
-1.615426421005639740e-03
-1.630406147515668560e-03
-1.694969253298637003e-03
-1.687118057905868723e-03
-1.665688842304259348e-03
-1.674227427706734099e-03
-1.738743824908035168e-03
-1.732117839878148614e-03
-1.705830807589586110e-03
-1.725291596076247713e-03
-1.778329549531390379e-03
-1.833580863885756135e-03
-1.815656227675018723e-03
-1.811130662148763108e-03
-1.819351096938497461e-03
-1.828486488653465174e-03
-1.849478927317980536e-03
-1.832281648363930093e-03
-1.829077134602912066e-03
-1.845093536714368168e-03
-1.897233724665880594e-03
-1.879684841660297619e-03
-1.881639165913721184e-03
-1.868324497603761347e-03
-1.878904142660686250e-03
-1.860112506926905971e-03
-1.874836193373357208e-03
-1.907841681511091882e-03
-1.897219987884795570e-03
-1.930562325288308692e-03
-1.955040915015008977e-03
-1.991821053018026991e-03
-1.977753934471961246e-03
-1.986428852661945108e-03
-1.979335135186052926e-03
-2.008585148409121161e-03
-1.997505364875674927e-03
-2.037851351445225598e-03
-2.025704891024630513e-03
-2.032215296976290324e-03
-2.043515194107061242e-03
-2.153535521130442443e-03
-2.145171796445991159e-03
-2.146639111169909315e-03
-2.058882190464009308e-03
-2.140185854587861591e-03
-2.138459091205476871e-03
-2.132628758361577656e-03
-2.127972380534024106e-03
-2.126536191970732764e-03
-2.119479285644527630e-03
-2.114659025434281053e-03
-2.105761248335199891e-03
-2.112815918417439848e-03
-2.101369914736692709e-03
-2.099123401826863931e-03
-2.091904517511187882e-03
-2.087480094011852621e-03
-2.077917232917606515e-03
-2.084963534753450295e-03
-1.058128540077787373e-03
-1.016185994671294510e-03
-9.489040366462172908e-04
-1.000440579925963164e-03
-1.102987281453966188e-03
-1.044534078365841334e-03
-1.088323848783059010e-03
-8.642524452534146827e-04
-9.688090295388567669e-04
-7.297876023582463689e-04
-6.416284866610247285e-04
-7.078171954304404018e-04
-8.474984314941362345e-04
-7.683714929934986780e-04
-8.271247649267312674e-04
-5.971949162576567710e-04
-5.732538965144846335e-04
-4.975384566373099475e-04
-4.719790289407242495e-04
-4.297064499566619587e-04
-3.607099773254222701e-04
-4.547286568044395585e-04
-4.449978157724009467e-04
-4.442824552559959325e-04
-3.454875421146716831e-04
-3.719314040102928722e-04
-2.821517547511446285e-04
-4.825028937186217823e-04
-2.077044820709275446e-04
-3.460581160693481425e-04
8.649804760076052965e-05
1.227107538975867428e-19
-1.747910528859379121e-04
-1.207132336939540371e-03
-6.892644664582719440e-04
-3.007598472606898277e-04
5.018448422824439968e-19
-9.150853974274357396e-04
-1.975775617803175732e-03
-1.979042135497230057e-03
-2.008178038302871945e-03
-2.071516425731486331e-03
-2.085377698054652080e-03
-2.056100724821775458e-03
-2.102496488724129881e-03
-2.219039929977861120e-03
-2.202597873038348794e-03
-2.225925542547364799e-03
-2.226350581768494694e-03
-2.244260780331388573e-03
-2.179402868423219609e-03
-2.240113588957767278e-03
-2.258038926099700805e-03
-2.264821887441671126e-03
-2.270920736851820936e-03
-2.279300699081863307e-03
-2.269266765868320403e-03
-2.279182372943128893e-03
-2.286361792222101064e-03
-2.284408179724054140e-03
-2.281614637099251344e-03
-2.277628168120695608e-03
-2.269369609154849206e-03
-2.271112283270254953e-03
-2.272505825442599874e-03
-2.269952974893427698e-03
-2.272955962016053738e-03
-2.272581666080847676e-03
-2.267793825446479984e-03
-2.261948004410400601e-03
-2.104376922464718143e-03
-2.119169480308392191e-03
-2.134859472832925827e-03
-2.254436369599021814e-03
-2.247233602629486633e-03
-2.237364834304154341e-03
-2.236095274157981483e-03
-2.240542003744704514e-03
-2.210204854944387322e-03
-2.206931783071704352e-03
-2.213417766520602275e-03
-2.221847618280450160e-03
-2.219412557145430086e-03
-2.224835981626341937e-03
-2.232812793229464569e-03
-2.203622570351264180e-03
-2.205165811070031699e-03
-2.200872526014829335e-03
-2.198685094419386941e-03
-2.186821769011400816e-03
-2.177526240121419217e-03
-2.165750497506749479e-03
-2.169859397600239735e-03
-2.162436986393736875e-03
-2.163627461793277661e-03
-2.154222780292385300e-03
-1.156639924988268377e-03
-1.141723923423714968e-03
-1.100436941682248881e-03
-1.231787838936012052e-03
-1.217882179556082235e-03
-1.179798285521501105e-03
-1.301737317192748489e-03
-1.253297897317511532e-03
-1.295298199203801523e-03
-1.387507583565851087e-03
-1.338537987662452577e-03
-1.352321231810173999e-03
-1.377942340374122823e-03
-1.449414741074895674e-03
-1.409347806135765810e-03
-1.436240153655167669e-03
-1.497751314882526377e-03
-1.488606411604211609e-03
-1.460983127856928503e-03
-1.551310975113339872e-03
-1.515709343611178423e-03
-1.541310136411894096e-03
-1.598659408965829622e-03
-1.565152851494673158e-03
-1.588559045444995661e-03
-1.639163695244160975e-03
-1.608871601085639595e-03
-1.631356254805492283e-03
-1.668196767130507166e-03
-1.645854147562011201e-03
-1.637693717607022160e-03
-1.660396742537121380e-03
-1.713651110016047334e-03
-1.717033232832110116e-03
-1.685012767117015364e-03
-1.705775126009881435e-03
-1.771199956725964721e-03
-1.764909391618560983e-03
-1.745004330838878081e-03
-1.751813808089881970e-03
-1.807660581777248768e-03
-1.802665541451228641e-03
-1.783291591923531457e-03
-1.842372161539399152e-03
-1.820189517840152538e-03
-1.837833134832284315e-03
-1.857363467501549088e-03
-1.840587518965208780e-03
-1.836202908279611131e-03
-1.865644883045565992e-03
-1.849449245841040205e-03
-1.844673274616501430e-03
-1.853125140136334132e-03
-1.864217907607574644e-03
-1.901081391434522594e-03
-1.883694698742214690e-03
-1.899015933507214662e-03
-1.886120139058414334e-03
-1.906713715344184046e-03
-1.892860149073619666e-03
-1.888771992185009092e-03
-1.922233497030325288e-03
-1.909997048471080965e-03
-1.920094624401029373e-03
-1.909754190786627868e-03
-1.954006497213363683e-03
-1.948292598511074808e-03
-1.935913809761424190e-03
-1.968176137173476437e-03
-1.967474732016041838e-03
-1.955423365965231614e-03
-1.988079235122905755e-03
-1.977657515051811817e-03
-1.989741840353862617e-03
-2.027928496753074461e-03
-2.015687042864914690e-03
-2.020755420168631605e-03
-2.019620735731429521e-03
-2.005578841776632822e-03
-2.011630658797771039e-03
-2.032613640833619197e-03
-2.054561789954529628e-03
-2.052001921102488032e-03
-2.046218163940934434e-03
-2.146823860665701862e-03
-2.061459238645885032e-03
-2.134054616755773001e-03
-2.121323676374495953e-03
-2.108011893129938408e-03
-2.094441470891059056e-03
-2.072121363792118077e-03
-2.070195225507018809e-03
-2.079816976550500143e-03
-1.115977935335672397e-03
-1.060754279716445009e-03
-1.185092241622523641e-03
-1.144243042824595732e-03
-1.129306013574204754e-03
-9.522337468309783823e-04
-8.808520994243167635e-04
-9.355327584299039361e-04
-1.046580602083215178e-03
-9.837424080055283578e-04
-1.031581077812347659e-03
-7.913041972040602088e-04
-6.668500630649032077e-04
-9.018901932687427249e-04
-5.349450407559363813e-04
-6.499816996699590106e-04
-5.453468135321828556e-04
-5.565663629281486719e-04
-6.637831667524150825e-04
-5.566651646141806010e-04
-5.552832555418982458e-04
-5.650448667915195346e-04
-4.308581745151917946e-04
-5.070846681435064356e-04
-4.806972014407514312e-04
-3.788714819293895414e-04
-3.773185914758676006e-04
-5.406378353084307763e-04
-4.056996644914331570e-04
-4.979709997878070454e-04
-5.302117624769844871e-04
-7.591030563741400696e-04
-1.131417010301608538e-03
-7.714102504004469478e-04
-5.013647471687554882e-04
-1.920823798322498057e-03
-1.948234166069492870e-03
-1.951712061837850357e-03
-2.007453727135047241e-03
-2.023932240660408690e-03
-1.991597317717128980e-03
-2.039434910139173787e-03
-2.088174266576316510e-03
-2.188853538968623356e-03
-2.199943826810191704e-03
-2.207765400301650322e-03
-2.177636817706234042e-03
-2.185557512769533296e-03
-2.194605200989540629e-03
-2.190917434110154199e-03
-2.208610123247749853e-03
-2.208563435436461386e-03
-2.149304060742552799e-03
-2.171645245528310616e-03
-2.156996114709573871e-03
-2.235901620915629450e-03
-2.245034053062823151e-03
-2.230965073893882017e-03
-2.248977182369138548e-03
-2.244126613832395003e-03
-2.255871846501252345e-03
-2.253061028909071530e-03
-2.250677335727637070e-03
-2.260826737952971802e-03
-2.259129674511854702e-03
-2.272181165912037001e-03
-2.279850745355587512e-03
-2.271550326571592469e-03
-2.279038267124052636e-03
-2.272030684380262934e-03
-2.277781374567259577e-03
-2.278832696298252296e-03
-2.272356047284351463e-03
-2.276220788387237678e-03
-2.277854348600393507e-03
-2.271237924273138229e-03
-2.273269223125610507e-03
-2.275662524918971481e-03
-2.269908993281004924e-03
-2.267769733054850103e-03
-2.268896666397325623e-03
-2.271498869050050939e-03
-2.263069890942887540e-03
-2.264632503602018523e-03
-2.266243592984796065e-03
-2.260835388555929287e-03
-2.127125137696108531e-03
-2.257134928550046798e-03
-2.257633164999055860e-03
-2.253958061612274660e-03
-2.250932535235054821e-03
-2.247333513571221804e-03
-2.250858414467514675e-03
-2.244797772449411491e-03
-2.241103779186567630e-03
-2.244287164560985690e-03
-2.216253993658112015e-03
-2.231838228717689630e-03
-2.226873349648958098e-03
-2.229862957512866294e-03
-2.234451077955039271e-03
-2.207526090136300786e-03
-2.200540043814280290e-03
-2.196512133064660276e-03
-2.202727413985089075e-03
-2.188029796203393336e-03
-2.184806612424055119e-03
-2.190096447061026536e-03
-2.181086573010630747e-03
-2.171653918274410455e-03
-2.167441475282633982e-03
-2.168505863973484160e-03
-2.161278119332432374e-03
-2.160604034537682173e-03
-1.195012984867478874e-03
-1.267361962518162664e-03
-1.364938644701482739e-03
-1.327737739515837297e-03
-1.333540825178706644e-03
-1.375663155168768085e-03
-1.417948346785754665e-03
-1.473350305295925266e-03
-1.524825743537205815e-03
-1.575273079432736511e-03
-1.619089412105310152e-03
-1.682534508113668181e-03
-1.660871312441704849e-03
-1.653065615613326161e-03
-1.674936769053810351e-03
-1.692326591397968864e-03
-1.747125929428271955e-03
-1.721043497249503083e-03
-1.739601265023168249e-03
-1.731789974197258525e-03
-1.789589056716194958e-03
-1.783920516434944542e-03
-1.777593066775687899e-03
-1.758147028342777612e-03
-1.825199605524661884e-03
-1.873767527702043878e-03
-1.858106659161536112e-03
-1.853532904592685880e-03
-1.861198733764421291e-03
-1.869393459427390672e-03
-1.885676870043123243e-03
-1.867422937745263477e-03
-1.871396990260400369e-03
-1.882166520821877166e-03
-1.928535368683723626e-03
-1.914833693962073686e-03
-1.912712378291824954e-03
-1.903789477053083150e-03
-1.915745928964602673e-03
-1.897336241279216993e-03
-1.910979937929049681e-03
-1.938072608597679082e-03
-1.925246992568505284e-03
-1.960746291119182336e-03
-1.978117682937047348e-03
-2.013351211361904137e-03
-2.000768096573581588e-03
-2.002452013664652794e-03
-2.023444034593220760e-03
-2.016221322488795549e-03
-2.053790783185455507e-03
-2.045699606033720384e-03
-2.040759904574606688e-03
-2.054076988048157346e-03
-2.156040429645244422e-03
-2.148104756370728709e-03
-2.154800096648878255e-03
-2.063369606545818573e-03
-2.143975064330885024e-03
-2.135968472871647462e-03
-2.142074243661958553e-03
-2.131789442070518466e-03
-2.123225215956914529e-03
-2.129878566330196260e-03
-2.119245657068306952e-03
-2.110314725988549512e-03
-2.116955338953731194e-03
-2.105853762607232983e-03
-2.096674569998924990e-03
-2.103612135800017862e-03
-2.091573037509907723e-03
-2.081821762114629843e-03
-2.089517905046810002e-03
-1.170231401026894727e-03
-1.131197203047414838e-03
-1.117204950476882210e-03
-1.074608341101344336e-03
-1.207565419296308899e-03
-1.195685635819168950e-03
-1.155988590273828668e-03
-1.000951892489339952e-03
-1.090047554454937713e-03
-8.861718990871311850e-04
-8.101976452826165336e-04
-8.671430165195278400e-04
-7.746819726799230883e-04
-6.892755780249826313e-04
-7.527150992394957907e-04
-9.849210794051512213e-04
-9.178128485370808240e-04
-9.687869954516574282e-04
-6.195726474988100859e-04
-6.523662905541864317e-04
-6.197670773425842860e-04
-5.240054960972754779e-04
-7.417608421519745121e-04
-6.006665140753631414e-04
-6.292918096340563341e-04
-8.432627387822055551e-04
-7.512660971073421325e-04
-6.327915673483575911e-04
-7.962273533299140922e-04
-6.721777911587530248e-04
-5.988750948843705579e-04
-5.681317803379181287e-04
-1.927743761694242393e-03
-1.951757253739679586e-03
-1.924221792046539080e-03
-1.967653807813369345e-03
-2.039608707588929336e-03
-2.055508806478103644e-03
-2.023470044675389126e-03
-2.072116517667230411e-03
-2.189779557818342503e-03
-2.183185896757534362e-03
-2.163594924694670681e-03
-2.203936419823564457e-03
-2.214950933722812862e-03
-2.197417070905286970e-03
-2.219952001213876518e-03
-2.239988040613166524e-03
-2.247306985105591848e-03
-2.255247900185324440e-03
-2.263184352448145004e-03
-2.252918277560335414e-03
-2.263807090017337827e-03
-2.271994966331991259e-03
-2.271940742573741717e-03
-2.271461962904029741e-03
-2.269204397805273891e-03
-2.264981283597681475e-03
-2.267387205183131818e-03
-2.267484952016639299e-03
-2.263876043812691058e-03
-2.267100720688601002e-03
-2.265667753485611433e-03
-2.264256592427717641e-03
-2.259910983768462483e-03
-2.109720504646863184e-03
-2.107310631296379147e-03
-2.129593274863092727e-03
-2.253639897902314122e-03
-2.247492380057918536e-03
-2.238790533312721293e-03
-2.241589671193183492e-03
-2.238250932833989529e-03
-2.216273396415266439e-03
-2.219071880245609453e-03
-2.213417575546314242e-03
-2.225935048245684857e-03
-2.228731472816552692e-03
-2.224055687265570364e-03
-2.235341049245778092e-03
-2.210759644048251003e-03
-2.194474828311865789e-03
-2.212804569947788257e-03
-2.206700712740596818e-03
-2.208798164134829958e-03
-2.183091517270133262e-03
-2.178568058193943238e-03
-2.185573728573488549e-03
-2.176504634330366124e-03
-2.180358297877391452e-03
-2.174985573065232360e-03
-2.173930291668147666e-03
-2.167859145450737671e-03
-2.160733300837687412e-03
-2.167667995879777373e-03
-1.260486400534155654e-03
-1.209250064252783037e-03
-1.246286415546454980e-03
-1.346632839762477172e-03
-1.323560462038085410e-03
-1.289165809033999618e-03
-1.394039326540282573e-03
-1.347657342279581349e-03
-1.379300577380824112e-03
-1.444012494413229267e-03
-1.404376516315317038e-03
-1.415612857386706891e-03
-1.446046943628569040e-03
-1.509284753497421201e-03
-1.503610955575768529e-03
-1.479319528936523043e-03
-1.561635030516005541e-03
-1.556520938677938152e-03
-1.530022695096671867e-03
-1.614106599797991140e-03
-1.583067109056481144e-03
-1.606469629625909695e-03
-1.655762470735793086e-03
-1.647497302814836294e-03
-1.627376643229634309e-03
-1.696514311793010342e-03
-1.689348338143853434e-03
-1.667985271480089144e-03
-1.723404223995046898e-03
-1.702822799222498615e-03
-1.695601088982891290e-03
-1.719728993411430819e-03
-1.765598185316601641e-03
-1.764689919223681822e-03
-1.755820792994664242e-03
-1.740672456106502359e-03
-1.819668697030880694e-03
-1.795580206270860815e-03
-1.813707086683193949e-03
-1.801966465957911476e-03
-1.852048153330892490e-03
-1.830015731213778703e-03
-1.847250484602601904e-03
-1.881265005658002733e-03
-1.861970132377235160e-03
-1.877385796083915663e-03
-1.897087215951596007e-03
-1.877098075740924387e-03
-1.881215093608464613e-03
-1.900918815541984561e-03
-1.883168857215161435e-03
-1.887269269432160623e-03
-1.891118005866123785e-03
-1.900530000945452585e-03
-1.933369468022768213e-03
-1.917385805737503376e-03
-1.930810454011270671e-03
-1.920040759358625053e-03
-1.933805327562836043e-03
-1.920142628089677173e-03
-1.924547021887727935e-03
-1.953659347737576966e-03
-1.953597070697464435e-03
-1.938123024451102964e-03
-1.941126956221846979e-03
-1.984993680501406094e-03
-1.969320386339081484e-03
-1.976400618371855142e-03
-1.986341252958148326e-03
-2.008869791739574442e-03
-1.998650126061136609e-03
-2.010971533641568720e-03
-2.042202888382936132e-03
-2.034985843543746578e-03
-2.030807465150985796e-03
-2.033152052311199519e-03
-2.026260734593709860e-03
-2.023131858116338465e-03
-2.047846825095668306e-03
-2.062945960122773443e-03
-2.161980600203316713e-03
-2.149999072826854450e-03
-2.137876990424787682e-03
-2.125521677691412977e-03
-2.112559784182844493e-03
-2.098716874224105904e-03
-2.077433355647232208e-03
-2.074779022386793494e-03
-2.084497016274113827e-03
-1.222864749642301949e-03
-1.170243939164086191e-03
-1.279862800293754977e-03
-1.243755018620180518e-03
-1.231759289070525135e-03
-1.074139652634643590e-03
-1.014372631185649467e-03
-1.060508948639058086e-03
-1.156191028807169747e-03
-1.102315710306440164e-03
-1.143832976386195644e-03
-9.375529862420698074e-04
-8.332915977112848732e-04
-7.127888568414352671e-04
-1.030934753700822951e-03
-8.260455374708599967e-04
-7.481257980813294135e-04
-7.354490508411848848e-04
-7.712103489163815023e-04
-6.733951904870048855e-04
-7.181301068240511076e-04
-6.112817629319909976e-04
-7.503471141174042781e-04
-6.860444090692301156e-04
-6.622289674517185115e-04
-7.328845704350798670e-04
-7.686409271448430090e-04
-1.858685571730578356e-03
-1.893184494695359776e-03
-1.889810828876106220e-03
-1.974163122193315495e-03
-1.990798367653332478e-03
-1.950901584268313962e-03
-2.006826231888537634e-03
-2.066422573925364749e-03
-2.085330456233612344e-03
-2.053055747536401947e-03
-2.161165082510058295e-03
-2.175938084884344002e-03
-2.174992301102924002e-03
-2.146594335401019391e-03
-2.167716381739149059e-03
-2.162012601869518248e-03
-2.148076368089518132e-03
-2.174827351023248499e-03
-2.189279838269147377e-03
-2.182813928172894040e-03
-2.216278317370521701e-03
-2.226105447379578186e-03
-2.210101197879549024e-03
-2.230203438781095272e-03
-2.226528019143496004e-03
-2.238569944472758831e-03
-2.235298211988871048e-03
-2.234456180411297562e-03
-2.244900456910093288e-03
-2.242515529650401709e-03
-2.258149846292887425e-03
-2.256750188547592979e-03
-2.265302196838675855e-03
-2.265097689002320246e-03
-2.258955489412948093e-03
-2.265381259024507044e-03
-2.265643869471263561e-03
-2.262439284366548741e-03
-2.266788516485392264e-03
-2.267289927025669359e-03
-2.262266046887261191e-03
-2.264875616470233329e-03
-2.266599949566980819e-03
-2.264630174168576378e-03
-2.260182706855115142e-03
-2.262055954300962700e-03
-2.263825160281747201e-03
-2.259808527172917601e-03
-2.261647344951955331e-03
-2.262414857508560605e-03
-2.258488525178185997e-03
-2.088155772460123169e-03
-2.128389337057912459e-03
-2.254943514978189137e-03
-2.255826655990334807e-03
-2.252744952972997490e-03
-2.248873350422198828e-03
-2.249890765782328224e-03
-2.246925327498101432e-03
-2.243720975913002583e-03
-2.244196649297072656e-03
-2.241402542372850602e-03
-2.221246529374477051e-03
-2.233414614293392601e-03
-2.229869116529776922e-03
-2.232612943301983104e-03
-2.236120927440778117e-03
-2.214407795702031008e-03
-2.195350069019396527e-03
-2.191857325230381869e-03
-2.197948839244585201e-03
-2.206108761987253704e-03
-2.203503308164928357e-03
-2.209270803037045438e-03
-2.189388834529990696e-03
-2.181629701061275038e-03
-2.179120934762144527e-03
-2.173337153362429972e-03
-2.179636404771607711e-03
-2.173549658912419299e-03
-1.303503535724708645e-03
-1.369186854206549779e-03
-1.418763417925317152e-03
-1.507717149996769344e-03
-1.475916557441520754e-03
-1.478237505731239739e-03
-1.535790047899316876e-03
-1.508103818448707899e-03
-1.588243753888345013e-03
-1.635150902907610802e-03
-1.676308266002064177e-03
-1.736182898090501449e-03
-1.716372664710404854e-03
-1.709194064452664377e-03
-1.729484973951918997e-03
-1.762318491786615468e-03
-1.739473057312112582e-03
-1.742693272091438376e-03
-1.794649019866226443e-03
-1.789326819890217938e-03
-1.770987283327386851e-03
-1.763097946472661458e-03
-1.779680519182747639e-03
-1.836049032092619982e-03
-1.829449951325165264e-03
-1.824591306120610388e-03
-1.806848930246045780e-03
-1.866840453757328188e-03
-1.907744977134724542e-03
-1.890619332276557898e-03
-1.894547457050263853e-03
-1.898732310125125864e-03
-1.904122887070635543e-03
-1.912623446357281012e-03
-1.899055884815227784e-03
-1.904665777189331602e-03
-1.913921603116843645e-03
-1.959705120819384833e-03
-1.946550594490911810e-03
-1.943951672823941278e-03
-1.933469516659937215e-03
-1.949204097368499502e-03
-1.932363716526572326e-03
-1.941429725855571119e-03
-1.982396955929882978e-03
-1.968022194900438497e-03
-1.968076349697564335e-03
-1.956543667264951450e-03
-1.983338354398326512e-03
-1.996924739088455115e-03
-2.031399714503620470e-03
-2.022224897868686502e-03
-2.020126546734551855e-03
-2.037455849394518344e-03
-2.032005301995441597e-03
-2.063590942085597162e-03
-2.052859739808596522e-03
-2.058681597442740818e-03
-2.065601914804193143e-03
-2.169553050478956364e-03
-2.168716756135528976e-03
-2.162813626487208440e-03
-2.158538381855918623e-03
-2.151249624968433818e-03
-2.157290113983750899e-03
-2.147537094396413139e-03
-2.139668981362513340e-03
-2.145756875724424799e-03
-2.135713842821853128e-03
-2.127480687225315886e-03
-2.133751396249646080e-03
-2.123559129439892522e-03
-2.121402403924070937e-03
-2.114708068739396853e-03
-2.110741717442551728e-03
-2.101150521265113518e-03
-2.108294617308654421e-03
-2.097683148083727932e-03
-2.087557345813656224e-03
-2.094623092389195571e-03
-1.269546880311776468e-03
-1.231256680076603773e-03
-1.181934198004947010e-03
-1.219552208571392628e-03
-1.296279648278261592e-03
-1.252201153226257949e-03
-1.287332887304053555e-03
-1.116193140784453239e-03
-1.194482503315674043e-03
-1.015674575117047566e-03
-1.000446576862721757e-03
-9.523537997937557131e-04
-9.232015716267899692e-04
-9.049147773057990892e-04
-8.511533461941311971e-04
-7.983392229769673085e-04
-1.098695519081965355e-03
-1.086490259815031537e-03
-1.042700973982940444e-03
-8.666271140872198369e-04
-7.694068134374849443e-04
-8.447974420368747645e-04
-7.220182502714533532e-04
-8.224153135932422542e-04
-8.053742032436456318e-04
-8.136659088184968955e-04
-7.769658472245752302e-04
-8.245402744613656524e-04
-7.799611017098288411e-04
-7.440818309551480670e-04
-7.335426605270526550e-04
-1.857922515195419661e-03
-1.858275448894983195e-03
-1.892836505341176194e-03
-1.909655466617471344e-03
-1.918630683095673070e-03
-1.941891446671803554e-03
-2.011082642521401943e-03
-2.025279574144022311e-03
-1.992602386993979399e-03
-2.038735382009351088e-03
-2.144815520593936452e-03
-2.167975054656238239e-03
-2.152900884067119117e-03
-2.153852927995158085e-03
-2.184149441079081058e-03
-2.194027210553676360e-03
-2.179510983828954890e-03
-2.159828097624708152e-03
-2.200229111315855565e-03
-2.221375573725629764e-03
-2.230408452494318620e-03
-2.240461069426832354e-03
-2.247933883636999645e-03
-2.237404742185737476e-03
-2.249429643620111472e-03
-2.258447093063703677e-03
-2.260597839660558137e-03
-2.262151578364333428e-03
-2.260931677728594477e-03
-2.260038822552327270e-03
-2.262696411743493272e-03
-2.261973005323016789e-03
-2.257418646665610134e-03
-2.260816583293987457e-03
-2.258659017588317622e-03
-2.260134077468721123e-03
-2.257180781739616740e-03
-2.094728387556418076e-03
-2.102252644403280503e-03
-2.080643688232892193e-03
-2.120662107575401866e-03
-2.251708768318548375e-03
-2.246309166569347444e-03
-2.240257153597096252e-03
-2.239564860490323404e-03
-2.241898782891413571e-03
-2.220570916296711952e-03
-2.223196563451715173e-03
-2.218400768073623078e-03
-2.226737742274051586e-03
-2.226415516888432047e-03
-2.230093273133029481e-03
-2.236917552653412342e-03
-2.216536132905031018e-03
-2.200880576955581945e-03
-2.215481785105116817e-03
-2.210793826668926848e-03
-2.214018261446645038e-03
-2.191048222448995983e-03
-2.193213994415533271e-03
-2.187204191299264074e-03
-2.185727446626879733e-03
-2.189316938664620602e-03
-2.184257725532298515e-03
-2.184782022587531802e-03
-2.179904911145058577e-03
-2.173906195054881724e-03
-2.179523146477900606e-03
-1.349717807268830186e-03
-1.347175908375627690e-03
-1.305653704879419525e-03
-1.433809073143040534e-03
-1.413817197497604797e-03
-1.389981183612536185e-03
-1.469333937851722248e-03
-1.456708759738631733e-03
-1.431585771220154771e-03
-1.522700343500068762e-03
-1.483620944106581706e-03
-1.514932991634871089e-03
-1.557254358895588699e-03
-1.533549264384859862e-03
-1.559340036017675159e-03
-1.532509402638495720e-03
-1.617860930630374240e-03
-1.615980739747510143e-03
-1.590162619939482777e-03
-1.667397268513404369e-03
-1.661607713490815966e-03
-1.641012594538307110e-03
-1.708553063959853281e-03
-1.702549589794013791e-03
-1.682315526040794023e-03
-1.748317572888204857e-03
-1.722557918697719672e-03
-1.742107584661720630e-03
-1.774472329253647378e-03
-1.755197226561561619e-03
-1.748771102294958621e-03
-1.768061320451106214e-03
-1.812239298456216766e-03
-1.801567394443420213e-03
-1.781763844352063321e-03
-1.782907059188723609e-03
-1.797900482999854367e-03
-1.860646987464834815e-03
-1.840307433447109162e-03
-1.856365251834800421e-03
-1.845215064859629696e-03
-1.889683389696326498e-03
-1.871014520159733265e-03
-1.885498520548314731e-03
-1.920302901640390421e-03
-1.913758720431613233e-03
-1.900795509895722695e-03
-1.921973711432625482e-03
-1.909481665021937457e-03
-1.911453077639670541e-03
-1.934813500012224404e-03
-1.917705142980584204e-03
-1.921078921551123714e-03
-1.927084347885015848e-03
-1.911922471080866950e-03
-1.919734940720895476e-03
-1.937890850573983914e-03
-1.925107705826342372e-03
-1.926733928374390736e-03
-1.962096320933928717e-03
-1.960661149586412529e-03
-1.947836730314030269e-03
-1.947865347680841162e-03
-1.943354862136779070e-03
-1.955505958836490851e-03
-1.983307055369520726e-03
-1.982683102489568756e-03
-1.968664462653684204e-03
-1.971531198373088680e-03
-2.006992352335805908e-03
-1.994549662361895775e-03
-1.995836225538772084e-03
-2.007768540982808950e-03
-2.028488784899013138e-03
-2.029760761875828729e-03
-2.018829522574931441e-03
-2.052441470857003028e-03
-2.042819061455530306e-03
-2.047310750128710551e-03
-2.053605725150401112e-03
-2.042384087056110971e-03
-2.043249962691593563e-03
-2.070488979953938411e-03
-2.057996034017259800e-03
-2.174757310552638545e-03
-2.164064328723813626e-03
-2.153036371737375790e-03
-2.141632252190196761e-03
-2.129638144829710828e-03
-2.117148427086329096e-03
-2.104199479011414908e-03
-2.084286926610008639e-03
-2.080864976089805748e-03
-2.090973635351977070e-03
-1.314862942284859273e-03
-1.264231912816489488e-03
-1.365542390054908049e-03
-1.330988818274561570e-03
-1.322205868707750608e-03
-1.174561007957362164e-03
-1.124979836424800424e-03
-1.165412039944955982e-03
-1.247495148796733556e-03
-1.202460520113095418e-03
-1.239495729442240081e-03
-1.058184389813871494e-03
-9.712179098634264856e-04
-8.749277230990487987e-04
-1.137218553782212097e-03
-9.577065243087949566e-04
-9.131735697819397084e-04
-8.906232424280668795e-04
-7.939306254431684846e-04
-8.999393858990853553e-04
-8.380766555150069574e-04
-8.837315008464652257e-04
-8.401864221316008696e-04
-7.828821013608270023e-04
-8.063151851811771898e-04
-8.211531663790275562e-04
-6.322698879307694659e-04
-6.497244895833168823e-04
-7.242675776566317395e-04
-1.796146667431968184e-03
-1.826995033783415830e-03
-1.827500653491591050e-03
-1.883787190671702434e-03
-1.950238315938291993e-03
-1.929971454610865606e-03
-1.962137213523568267e-03
-1.980604506152159206e-03
-2.042782545638824419e-03
-2.054553643047100139e-03
-2.026939294013927959e-03
-2.122313353787490427e-03
-2.133644974196240249e-03
-2.141660309676481598e-03
-2.134503514616566643e-03
-2.146351588457252879e-03
-2.165366163750233591e-03
-2.160465508863004987e-03
-2.145451350822352547e-03
-2.197972197568752884e-03
-2.207134090012987434e-03
-2.191038433586583057e-03
-2.212250498474810714e-03
-2.209841141232306381e-03
-2.222130115291855602e-03
-2.218159044570934980e-03
-2.219148896424048053e-03
-2.226755971888371398e-03
-2.229862316739199962e-03
-2.243841194758134424e-03
-2.242252795783675635e-03
-2.251159689355670176e-03
-2.251592922350991767e-03
-2.251781516034072686e-03
-2.255323702942772183e-03
-2.257115892412353293e-03
-2.252989235585642087e-03
-2.257478001807529649e-03
-2.257568109836391446e-03
-2.253164004028792699e-03
-2.256552465273484014e-03
-2.257582962128701961e-03
-2.258918118773500534e-03
-2.252356071931711952e-03
-2.254923794429460407e-03
-2.256135949746969262e-03
-2.255992404240667916e-03
-2.258028141840636490e-03
-2.258094870970442456e-03
-2.255486853501484888e-03
-2.068705497935828964e-03
-2.108571056515860190e-03
-2.252148970924690297e-03
-2.250558098717469254e-03
-2.253351151204914700e-03
-2.244883765716568745e-03
-2.244373646876583576e-03
-2.246980449869534404e-03
-2.242576651989901769e-03
-2.223640327287931817e-03
-2.231102683909800752e-03
-2.232322008967744208e-03
-2.228986674237589446e-03
-2.235513292854032427e-03
-2.237752182126058996e-03
-2.234544746182699597e-03
-2.221464694950037004e-03
-2.217005737390257119e-03
-2.220909795584166332e-03
-2.201315761784408687e-03
-2.203699222118753014e-03
-2.198467891044814278e-03
-2.210217358649722765e-03
-2.212713781121522331e-03
-2.208301942083584508e-03
-2.218218072116261413e-03
-2.196299637949810681e-03
-2.190146949155963915e-03
-2.189521956932028238e-03
-2.184349666603580854e-03
-2.189392985796359548e-03
-2.184746479901330477e-03
-1.427042003280743626e-03
-1.386465447831405993e-03
-1.388647283568577489e-03
-1.429824660130193676e-03
-1.451570084669437160e-03
-1.496246042034212170e-03
-1.574985765703593513e-03
-1.548873871146095454e-03
-1.541043800331673517e-03
-1.587931902361263727e-03
-1.565861197567308856e-03
-1.642926287881772522e-03
-1.688152001441167553e-03
-1.728576635324699864e-03
-1.785779512369837889e-03
-1.767062924778504442e-03
-1.760842249184743896e-03
-1.779856156261114524e-03
-1.810846884884252097e-03
-1.792532473340091408e-03
-1.786418691182109064e-03
-1.837926723997011357e-03
-1.816483095166699854e-03
-1.833722964268532513e-03
-1.805862430368025164e-03
-1.819767437747909448e-03
-1.875336549258077405e-03
-1.869041706473962335e-03
-1.849390358405170361e-03
-1.864865052133090218e-03
-1.905005679249903699e-03
-1.933761870587032139e-03
-1.920612047524882394e-03
-1.926763650901206371e-03
-1.924327945869288691e-03
-1.928244278443466599e-03
-1.933952138468797476e-03
-1.932229118734148099e-03
-1.987714595585697748e-03
-1.974890974190997382e-03
-1.973580174050944616e-03
-1.964900161967096746e-03
-1.951267126647079778e-03
-1.956979480055462146e-03
-1.976811724178965252e-03
-1.969464490452103606e-03
-1.962963824918966330e-03
-2.006840116567987220e-03
-1.995113157450705433e-03
-1.994473379587640913e-03
-1.985402487410760450e-03
-2.006625670121794588e-03
-2.017736503441028024e-03
-2.046196431724948452e-03
-2.038770463085990206e-03
-2.037478295063417395e-03
-2.052922879707654372e-03
-2.049778476624362737e-03
-2.073929226041749951e-03
-2.070568495775755146e-03
-2.061517709022303232e-03
-2.067068117366448188e-03
-2.181270731837437783e-03
-2.175427166734964120e-03
-2.180594180461206850e-03
-2.171620679718070431e-03
-2.165088296723043180e-03
-2.170591725188097867e-03
-2.161519955415416253e-03
-2.154534153618594457e-03
-2.160031706443733997e-03
-2.150862749944443698e-03
-2.143290167613297326e-03
-2.149200725244426995e-03
-2.139732073600669922e-03
-2.131644049266968356e-03
-2.137722096891774004e-03
-2.128163093372046830e-03
-2.119446782265105213e-03
-2.125858459012161614e-03
-2.116188845913715127e-03
-2.113460730493801031e-03
-2.106926071559733250e-03
-2.103840317190776733e-03
-2.094056174578167416e-03
-2.100755490849275445e-03
-1.357224964541643795e-03
-1.313733695087991376e-03
-1.272782404108918934e-03
-1.305000318372239333e-03
-1.378230439955577865e-03
-1.337608529679542527e-03
-1.371496695237143073e-03
-1.211575239571120212e-03
-1.280993019037826239e-03
-1.120727502550094385e-03
-1.068477603573122440e-03
-1.109630058906066344e-03
-1.041265928880693485e-03
-9.833067863441557858e-04
-1.028579694612501583e-03
-9.395971707526423007e-04
-1.188523294030890704e-03
-1.143128093971980570e-03
-1.181002896745222356e-03
-9.746549936468691406e-04
-9.650064835098189032e-04
-9.210574247995510864e-04
-8.622649126394316479e-04
-9.371707108416576452e-04
-7.949125035486933515e-04
-7.944960651537218317e-04
-8.136547928142253208e-04
-8.934791945707299451e-04
-8.607007239399893858e-04
-8.565108221445635796e-04
-7.124141925486954935e-04
-1.801880379846715775e-03
-1.829913633457092839e-03
-1.798990678312125096e-03
-1.857132054815248748e-03
-1.857537193264719149e-03
-1.883394112944099426e-03
-1.889460804217284054e-03
-1.899511752039918832e-03
-1.919769281768670885e-03
-1.986660082238534027e-03
-1.998809766742858703e-03
-1.968429898625920910e-03
-2.014660940740655229e-03
-2.097040914230564185e-03
-2.121018579328489383e-03
-2.109757852449494105e-03
-2.167272413813268843e-03
-2.175704449218109418e-03
-2.156824410046612878e-03
-2.113768591333613830e-03
-2.129356123662042195e-03
-2.130113098948595730e-03
-2.182603165948361797e-03
-2.203881472117949318e-03
-2.214429856994008274e-03
-2.225806379250322431e-03
-2.222414026959982237e-03
-2.233242264611406003e-03
-2.235031792466481496e-03
-2.247903429064148240e-03
-2.252244084146705697e-03
-2.252795201761300520e-03
-2.252505417628054233e-03
-2.254642985710781072e-03
-2.257527635358466851e-03
-2.256042610647969460e-03
-2.250599448282328188e-03
-2.254172108759670140e-03
-2.251353208228284216e-03
-2.255526531656849507e-03
-2.253892023359044695e-03
-2.071922582063824136e-03
-2.083359015463090783e-03
-2.057420716397757431e-03
-2.097182217768152855e-03
-2.247591247708169253e-03
-2.248384164988660294e-03
-2.249758749572379132e-03
-2.246416677465511852e-03
-2.242403999867996576e-03
-2.243605147090936731e-03
-2.241204564594268152e-03
-2.223980692280478570e-03
-2.233439149577100529e-03
-2.227404992576662891e-03
-2.227175471454667915e-03
-2.229276954823521117e-03
-2.239334692774412432e-03
-2.239743888490171395e-03
-2.237485381296844787e-03
-2.205893429970040478e-03
-2.217966275856819627e-03
-2.214120471619719817e-03
-2.216628141223965683e-03
-2.222806906885121166e-03
-2.219017901531167639e-03
-2.222023383444013574e-03
-2.197011667844932584e-03
-2.199086421694966976e-03
-2.194034212099098789e-03
-2.193115588737646997e-03
-2.198232873309537150e-03
-2.193806719649592056e-03
-2.193930764846140601e-03
-2.190287834604144872e-03
-2.185113553390487760e-03
-2.189913021232971040e-03
-1.431136540012594924e-03
-1.390985340783989534e-03
-1.428586360277304870e-03
-1.488158466090014516e-03
-1.457380344801095535e-03
-1.460812627078399324e-03
-1.478599642116848120e-03
-1.536782796902547632e-03
-1.503242071465785666e-03
-1.529774067735699232e-03
-1.587036877746314002e-03
-1.555066449125334059e-03
-1.580771216635618644e-03
-1.621019601553694896e-03
-1.589410779428644324e-03
-1.619435361318755963e-03
-1.597984964540664996e-03
-1.673860896640720543e-03
-1.670626059739297635e-03
-1.646119265259301211e-03
-1.719455030595516513e-03
-1.693619099984198162e-03
-1.714036891954353204e-03
-1.758029169216406441e-03
-1.733400572019689820e-03
-1.753179446492795536e-03
-1.795490102688143425e-03
-1.772043602608096291e-03
-1.790512592417801627e-03
-1.821299266571469073e-03
-1.797735456098690024e-03
-1.803413750581739795e-03
-1.815795603826104391e-03
-1.853664978438113176e-03
-1.845444382616513029e-03
-1.828025934948856665e-03
-1.823350818124886254e-03
-1.841550199942755019e-03
-1.898631773400821267e-03
-1.879789057753723878e-03
-1.894176062497984672e-03
-1.884010376995074246e-03
-1.924550150437335464e-03
-1.907247032243951585e-03
-1.922217129700682856e-03
-1.951520196478948987e-03
-1.935759409809053016e-03
-1.942510484204575030e-03
-1.948264309448149295e-03
-1.934972088613722344e-03
-1.937572298837089441e-03
-1.941237764300004966e-03
-1.959186774480909006e-03
-1.946288195696593056e-03
-1.946886817762630718e-03
-1.957074034216025032e-03
-1.941919891476282401e-03
-1.947371159958130550e-03
-1.993591638486516548e-03
-1.977896564552061170e-03
-1.990557571895980662e-03
-1.960752319952861582e-03
-1.970744760343286564e-03
-1.985227810729494821e-03
-2.008407930812016687e-03
-1.996001130720235703e-03
-2.007490309539538761e-03
-1.998083551483144631e-03
-2.027230934410996152e-03
-2.016967201052705452e-03
-2.016887300082827270e-03
-2.027711239808851346e-03
-2.049567838675887821e-03
-2.039081027205130389e-03
-2.047795478137330767e-03
-2.062052929281099969e-03
-2.065201944540668352e-03
-2.055698457965601973e-03
-2.059397812759255000e-03
-2.077412739627250340e-03
-2.185800826175778727e-03
-2.176463211983260815e-03
-2.166579134993925401e-03
-2.156198140554061674e-03
-2.145298171298117527e-03
-2.133943135375974444e-03
-2.122165228077492298e-03
-2.109998443113892883e-03
-2.091131178196417671e-03
-2.087714379520514037e-03
-2.097471755534130108e-03
-1.398392347810144438e-03
-1.346239074589115643e-03
-1.439582780651987512e-03
-1.408976805715013523e-03
-1.402384139520160625e-03
-1.254250502390966441e-03
-1.214771426274297884e-03
-1.250896531335894159e-03
-1.323058076056194115e-03
-1.285693119988098529e-03
-1.318521133138833091e-03
-1.081223902659124393e-03
-1.153857054935664411e-03
-9.995399076167853572e-04
-1.220880556533800523e-03
-1.049057134203754387e-03
-1.003222465980385149e-03
-1.011576069316892645e-03
-8.940380530911990744e-04
-9.661215486428157643e-04
-9.692837807454193072e-04
-9.310178042787971200e-04
-8.361109166438303276e-04
-6.418618635608119155e-04
-6.367999698539608807e-04
-7.205015671258469543e-04
-1.733049836453072132e-03
-1.767456020721955984e-03
-1.764739636900682996e-03
-1.829520465615686259e-03
-1.873249642844955661e-03
-1.927234677491322917e-03
-1.938683158007058465e-03
-1.908291579080964064e-03
-1.956889242777379214e-03
-2.019087591578013277e-03
-2.030878510247626553e-03
-2.002866256127997999e-03
-2.084625889690637675e-03
-2.105558687694749666e-03
-2.136756924205242790e-03
-2.141552064935224424e-03
-2.151945281174745973e-03
-2.104188947611992672e-03
-2.125239135649581099e-03
-2.109088242043036070e-03
-2.182055644790013935e-03
-2.174664792720096360e-03
-2.190028814430878320e-03
-2.195948535919565320e-03
-2.194458832431188475e-03
-2.202124601273699848e-03
-2.206785992655120598e-03
-2.204438185949007898e-03
-2.211747278011138868e-03
-2.215132263533865602e-03
-2.229030926036101867e-03
-2.227469957670619172e-03
-2.236514252912902637e-03
-2.240567427917495875e-03
-2.246316227573109600e-03
-2.242303392016669304e-03
-2.246779127742538299e-03
-2.243122400237168666e-03
-2.247970859698800172e-03
-2.248055786252931357e-03
-2.244387037443610743e-03
-2.248662688662530877e-03
-2.248263703986708682e-03
-2.252800120500168986e-03
-2.244333182786391757e-03
-2.248216985153505144e-03
-2.247494586960404814e-03
-2.251472497072357255e-03
-2.253068403144890298e-03
-2.253937545387824440e-03
-2.251841805009279808e-03
-2.045501812122370571e-03
-2.248388072181394578e-03
-2.250105409160757866e-03
-2.248039992884375698e-03
-2.243979686485496599e-03
-2.244546790473834433e-03
-2.245853491996772228e-03
-2.240691505842426490e-03
-2.243196391535512597e-03
-2.224419055919058495e-03
-2.232959348013567689e-03
-2.232052622874063953e-03
-2.234149493419567301e-03
-2.230212627388504076e-03
-2.237293801320539011e-03
-2.236417152354870999e-03
-2.238316550269629085e-03
-2.206045877058510681e-03
-2.203777601201179631e-03
-2.208071988264831767e-03
-2.220167581179725326e-03
-2.213260502098809458e-03
-2.215476244776528117e-03
-2.211789531759637654e-03
-2.224974969008686448e-03
-2.201523034926745892e-03
-2.197633446946832894e-03
-2.198641589534314471e-03
-2.198460834707853789e-03
-2.194100518706438522e-03
-2.194490063015783893e-03
-1.491700236838147068e-03
-1.461532785370780107e-03
-1.459026586779882482e-03
-1.489366033096388691e-03
-1.512496554725517584e-03
-1.562127211375614671e-03
-1.635203271230838140e-03
-1.604911982873745598e-03
-1.611145726815352286e-03
-1.647689437323073079e-03
-1.627984827948818301e-03
-1.696853504394952791e-03
-1.738876179506735307e-03
-1.776906963670052148e-03
-1.829581368584957523e-03
-1.807502360458179691e-03
-1.812497229806525091e-03
-1.825142182972615008e-03
-1.854611694519468779e-03
-1.832605430389770002e-03
-1.837885732440527973e-03
-1.877069720815120572e-03
-1.857647168782491920e-03
-1.873070147814174212e-03
-1.849781853495311747e-03
-1.861279968682450197e-03
-1.911742489670064174e-03
-1.906680817288890651e-03
-1.888006688192638526e-03
-1.902673677380751441e-03
-1.948413547113572730e-03
-1.934319118802571395e-03
-1.936590214203025295e-03
-1.949775936693739662e-03
-1.955043567554506055e-03
-1.952409099230618516e-03
-1.967908745211075124e-03
-1.951145155955848979e-03
-1.957948591539197120e-03
-1.963206426076775316e-03
-2.012349753014871893e-03
-2.002975100305347516e-03
-1.999919284596046558e-03
-1.983517562552719431e-03
-1.970114042691239239e-03
-1.974100440851290703e-03
-1.987777855504922146e-03
-1.982257746987459157e-03
-1.976234291283243509e-03
-2.001518733841453623e-03
-1.989190314325131083e-03
-1.997570987026967265e-03
-2.027607965465672533e-03
-2.017132630096941243e-03
-2.018076598174362198e-03
-2.010288355861101703e-03
-2.027179001128389963e-03
-2.038288438117215329e-03
-2.057337263625932076e-03
-2.078139688808243197e-03
-2.065847731808987103e-03
-2.074344135563223942e-03
-2.071633194266996394e-03
-2.080839999355969198e-03
-2.191242515985578846e-03
-2.186268243092637925e-03
-2.190770472419744253e-03
-2.182822579232078161e-03
-2.177230453795805671e-03
-2.182050763639409134e-03
-2.173835158186237376e-03
-2.172730529066398217e-03
-2.167682113767651752e-03
-2.164338296294845022e-03
-2.162930017172776630e-03
-2.157602505051000805e-03
-2.154342573268628377e-03
-2.147035716958131581e-03
-2.152601984513091791e-03
-2.143888060367664904e-03
-2.136020490129620242e-03
-2.141807744058803198e-03
-2.133005938263859286e-03
-2.124588463144587089e-03
-2.130580479544386379e-03
-2.121725852735630025e-03
-2.112770508960519922e-03
-2.118951603906694611e-03
-2.110075603869181540e-03
-2.100595075445275267e-03
-2.106950482385425670e-03
-1.435233651018944867e-03
-1.385764561395413062e-03
-1.350003112109420499e-03
-1.382086827306882974e-03
-1.445330968403754635e-03
-1.411946620743488806e-03
-1.442368242094268539e-03
-1.289184990846021844e-03
-1.354559593312297267e-03
-1.132885868347628753e-03
-1.087343974673736849e-03
-1.127025080040915768e-03
-1.211886861246215964e-03
-1.165747611304458189e-03
-1.199708503256234496e-03
-1.045183623073732025e-03
-1.248413080851161353e-03
-1.250357192993382677e-03
-1.217322832917974024e-03
-1.037260967209392790e-03
-1.042960096103628638e-03
-1.004657649575555400e-03
-9.224434718961033609e-04
-9.985891936721133164e-04
-8.100643407478309811e-04
-8.005984809049764526e-04
-8.517578021180201948e-04
-7.253405102279193674e-04
-1.749905552261377855e-03
-1.741375835575582984e-03
-1.775826527479068984e-03
-1.826859540844139995e-03
-1.842058746435216304e-03
-1.814484869490769637e-03
-1.858157494768093070e-03
-1.864868382456814043e-03
-1.896024028226208106e-03
-1.877178258698365861e-03
-1.963361172056821320e-03
-1.974950133383630152e-03
-1.945292221625971422e-03
-1.991154729586639555e-03
-2.049104426417242171e-03
-2.073131341449495606e-03
-2.060581258206028304e-03
-2.074506512882520574e-03
-2.094143025322043206e-03
-2.085846718701528987e-03
-2.151748307806425082e-03
-2.159506700789836590e-03
-2.144278666096599215e-03
-2.120398229927533077e-03
-2.089462686436902809e-03
-2.166899912659457465e-03
-2.188232102078642438e-03
-2.199384058600841168e-03
-2.211294846288481934e-03
-2.207825959061086689e-03
-2.218609048972845169e-03
-2.220286145192328347e-03
-2.234908500908109989e-03
-2.241762011096731615e-03
-2.243554295621063687e-03
-2.244123881112061996e-03
-2.248692386979698771e-03
-2.249658747688866416e-03
-2.251835394935574469e-03
-2.243367216867110658e-03
-2.247137557265300491e-03
-2.243730955463042222e-03
-2.250262838260222355e-03
-2.249794835848550369e-03
-2.034161640387266261e-03
-2.244803000487352856e-03
-2.246355128378699391e-03
-2.246461072112061058e-03
-2.244584977553140855e-03
-2.240478444118635271e-03
-2.239967541000088304e-03
-2.241459638453960172e-03
-2.242259093098471559e-03
-2.235071587334689931e-03
-2.228155820857770971e-03
-2.227895251371380444e-03
-2.230421612250609812e-03
-2.238919328435765802e-03
-2.209686265657548245e-03
-2.223765587810311219e-03
-2.223182703276627668e-03
-2.220739825862083367e-03
-2.218943420716699023e-03
-2.216033977565953165e-03
-2.218392603275064039e-03
-2.225456994983327722e-03
-2.202142266942332637e-03
-2.206385708960496590e-03
-2.202527842174619669e-03
-2.202315647846456864e-03
-2.199067233031662405e-03
-2.194692114249721920e-03
-2.198861007382833799e-03
-1.496706503727964063e-03
-1.464130911035534024e-03
-1.493869554841713906e-03
-1.546906136754220597e-03
-1.519167435486516943e-03
-1.517382670294060770e-03
-1.541729892771143183e-03
-1.596686106083797067e-03
-1.566886460861735466e-03
-1.591869868523388288e-03
-1.644580017554597619e-03
-1.615945359454242121e-03
-1.639746786502268346e-03
-1.682469034066755298e-03
-1.651923788874068086e-03
-1.678201213541867607e-03
-1.658856248743983746e-03
-1.726854095790684735e-03
-1.700526961933330247e-03
-1.723182425826243810e-03
-1.765689115717021009e-03
-1.742664582276890438e-03
-1.761853471937004523e-03
-1.803868654798585283e-03
-1.781069975234751170e-03
-1.799686673745898909e-03
-1.837550410692181078e-03
-1.816623865226738629e-03
-1.833408083281238589e-03
-1.866700003011402976e-03
-1.847961785900256292e-03
-1.843849684588081805e-03
-1.860427613730894231e-03
-1.892035542191075701e-03
-1.885484621564255132e-03
-1.865346769000814347e-03
-1.869962041219063072e-03
-1.881180893639771865e-03
-1.933275909209515326e-03
-1.928932496683100854e-03
-1.916074150627569261e-03
-1.920123765219130391e-03
-1.961049187528404562e-03
-1.942781186636819042e-03
-1.954591584831075375e-03
-1.971747245379042862e-03
-1.959919059671079346e-03
-1.961524010758533901e-03
-1.978788154794223868e-03
-1.964967320822291665e-03
-1.968863961106626093e-03
-1.976426833084958968e-03
-1.962156293556313429e-03
-1.966619758516934772e-03
-1.971832133503616333e-03
-1.988251382938001962e-03
-1.973512674459871382e-03
-1.977952687004166498e-03
-2.017626273745860843e-03
-2.005669827249920763e-03
-2.014893483900931717e-03
-1.979660659047630111e-03
-1.985413523956121654e-03
-1.994657629149249566e-03
-2.009643645666448451e-03
-2.031124121693817820e-03
-2.029305439584988980e-03
-2.019882682717968718e-03
-2.021755401833922987e-03
-2.042749690065944444e-03
-2.034956273520185759e-03
-2.035194670422617313e-03
-2.046039583562793938e-03
-2.073339458481728275e-03
-2.061419716522871082e-03
-2.069256739075282531e-03
-2.084614633405337987e-03
-2.085766938648204484e-03
-2.075457064246425624e-03
-2.081941448668080900e-03
-2.195173989761079435e-03
-2.187047413088838866e-03
-2.178339312381922469e-03
-2.169092020392450384e-03
-2.159341204083352166e-03
-2.149110992019561198e-03
-2.138437493870153951e-03
-2.127351052543637825e-03
-2.115880537290026810e-03
-2.098081175123836777e-03
-2.094604940733557803e-03
-2.104052765774556532e-03
-1.468160095135957310e-03
-1.415634282344274946e-03
-1.501840978724178471e-03
-1.473641650026305278e-03
-1.470722896724481824e-03
-1.319926623375340191e-03
-1.320700644028055450e-03
-1.286912711995007522e-03
-1.381650682588206336e-03
-1.383684236939584965e-03
-1.352430027163447875e-03
-1.090931900457214280e-03
-1.171945665498475529e-03
-1.227970313660506308e-03
-1.282785426720935758e-03
-1.115023772620982309e-03
-1.082657803691684491e-03
-1.075402595860750540e-03
-9.126618767467618290e-04
-9.374796696833037797e-04
-8.991914374919783310e-04
-9.917329939663711760e-04
-9.764673979437425884e-04
-1.013697080527083301e-03
-8.578248307129990183e-04
-6.717662802218061190e-04
-6.565043131699392284e-04
-7.414844200227918743e-04
-1.669274305579386986e-03
-1.709607070325394520e-03
-1.701317063781267527e-03
-1.788493648133498851e-03
-1.845878560136809780e-03
-1.903648041093984524e-03
-1.915384430246939215e-03
-1.884250945853648516e-03
-1.933446551416936323e-03
-1.996897896146497802e-03
-2.007928869681365955e-03
-1.980121928160524618e-03
-2.061941028202453688e-03
-2.118188476517523806e-03
-2.134952043342260193e-03
-2.127535080365043890e-03
-2.111191854169094505e-03
-2.054396045699988065e-03
-2.079381521665276018e-03
-2.064509543060785539e-03
-2.166925291951453132e-03
-2.174513075482904529e-03
-2.159350588950273517e-03
-2.180692376412395744e-03
-2.179777224480400778e-03
-2.192080486663096871e-03
-2.187086805317389575e-03
-2.189873095290485305e-03
-2.197106084509045480e-03
-2.200611759341959423e-03
-2.216287441396211193e-03
-2.222718186725521593e-03
-2.213790369874340126e-03
-2.230865503647010660e-03
-2.235863804706769362e-03
-2.230010911030340728e-03
-2.236997626964549839e-03
-2.233680985870133400e-03
-2.238306727040127991e-03
-2.238941436893842219e-03
-2.235315398909350736e-03
-2.239719945717200122e-03
-2.239741535259041905e-03
-2.246201030636261510e-03
-2.235937600622568515e-03
-2.239677033446785086e-03
-2.240012138193526493e-03
-2.246298529995205146e-03
-2.249042044929488223e-03
-2.247519044969943907e-03
-2.247356909647192907e-03
-2.022997924448537155e-03
-2.244120770589496348e-03
-2.244472838924314092e-03
-2.246098220819791897e-03
-2.241758520584110920e-03
-2.243027977713596150e-03
-2.243295129892197010e-03
-2.241285737130465153e-03
-2.235489544078861617e-03
-2.234111472402711997e-03
-2.236338315153067746e-03
-2.232050943616832421e-03
-2.230092858649040683e-03
-2.232435258686167601e-03
-2.238158062484107372e-03
-2.239280949947777734e-03
-2.237606814953229956e-03
-2.213317361423538469e-03
-2.209704797252839536e-03
-2.213284267454792512e-03
-2.225833285077629883e-03
-2.221165288856166622e-03
-2.216062344232641503e-03
-2.206213495666838140e-03
-2.206259846122621097e-03
-2.202466949940906464e-03
-2.206318320971001595e-03
-2.202686265797560751e-03
-1.552428759504349397e-03
-1.524627362162500046e-03
-1.521965486475237821e-03
-1.549437253499959602e-03
-1.571816041617621644e-03
-1.620764666311170967e-03
-1.690039935165682256e-03
-1.667335169679137752e-03
-1.662505088050330367e-03
-1.704832914899216158e-03
-1.686158884911611103e-03
-1.746392191221181724e-03
-1.784900668927082200e-03
-1.820816640881933301e-03
-1.866102906087282153e-03
-1.847649238490598617e-03
-1.851806983054793930e-03
-1.866033519915244118e-03
-1.893748654472164616e-03
-1.874086650035351135e-03
-1.879997999623017613e-03
-1.914478717845130617e-03
-1.895901863477950349e-03
-1.910594378669725618e-03
-1.889428500518090370e-03
-1.900004588175142981e-03
-1.947153719418275681e-03
-1.941523286002512592e-03
-1.924222846113915432e-03
-1.937414158330814104e-03
-1.966083600624114226e-03
-1.974968040916088782e-03
-1.983186461342886266e-03
-1.997785650534321909e-03
-1.982611031664943679e-03
-1.986945444634867497e-03
-1.992642240368933289e-03
-2.034289741652678396e-03
-2.023198541972949516e-03
-2.025912812243097372e-03
-2.001633384072161719e-03
-1.992424647062837791e-03
-1.988842646440166801e-03
-2.009493898742887186e-03
-1.996399311263324840e-03
-1.998557199028547747e-03
-2.005449134745600388e-03
-2.024700000263044298e-03
-2.013136026207641531e-03
-2.021158200237229037e-03
-2.048007127590384131e-03
-2.037776267894147661e-03
-2.039661388605163578e-03
-2.032609217428346486e-03
-2.045359419026531421e-03
-2.061364961654978730e-03
-2.052050613820457711e-03
-2.055459546147562870e-03
-2.067308062256921312e-03
-2.079513822998357245e-03
-2.088090194084624152e-03
-2.091892834573206260e-03
-2.199614915730674358e-03
-2.195438718354561676e-03
-2.199345744089373569e-03
-2.192357129321266616e-03
-2.187597243460480834e-03
-2.191803259810961788e-03
-2.184528134799792239e-03
-2.183677524755868286e-03
-2.179186110149582221e-03
-2.176163445467985905e-03
-2.170252389304781673e-03
-2.175000064440859183e-03
-2.167291268102939164e-03
-2.160815311091391754e-03
-2.165814108067470618e-03
-2.157942956237169242e-03
-2.150910644684387273e-03
-2.156140596141240939e-03
-2.148147592245646612e-03
-2.146014123993462107e-03
-2.140568557233092813e-03
-2.137932913232003847e-03
-2.135464138490779287e-03
-2.129817746467768669e-03
-2.127325138522861807e-03
-2.124518613229100031e-03
-2.118685263138287995e-03
-2.116348777929328694e-03
-2.107196353773006531e-03
-2.113203683759694394e-03
-1.499296317174238918e-03
-1.442321130432967259e-03
-1.443875198541752763e-03
-1.414182066213413597e-03
-1.500590179376691232e-03
-1.501358699955957724e-03
-1.473141504564522619e-03
-1.349847234924605316e-03
-1.411991959695257752e-03
-1.124504706618813504e-03
-1.196545096264676816e-03
-1.164412132872762792e-03
-1.204392703652628445e-03
-1.279880295597627272e-03
-1.245746295535810500e-03
-1.264016877122911813e-03
-1.298532474514409998e-03
-1.069514024431171420e-03
-1.092535327373880122e-03
-1.051767547847721725e-03
-9.480337242107679963e-04
-1.027974344035153739e-03
-8.044933884962949047e-04
-8.612283144837440743e-04
-8.085240967245417056e-04
-7.390536644694231010e-04
-1.679956831761553323e-03
-1.715014318487756081e-03
-1.674534800978568069e-03
-1.798551461894557987e-03
-1.812760866033799427e-03
-1.774167059003074667e-03
-1.831709726376011364e-03
-1.840519058464651402e-03
-1.872074555353750664e-03
-1.852728556263132662e-03
-1.941278529995562468e-03
-1.952251819647897197e-03
-1.922453253277959335e-03
-1.969016744827381711e-03
-2.027443499094309150e-03
-2.051033268824793438e-03
-2.038340674353726102e-03
-2.136222967059921412e-03
-2.144002621307808474e-03
-2.127225905317767316e-03
-2.078968828658993469e-03
-2.098625927656776712e-03
-2.091583856525817010e-03
-2.041037768028882132e-03
-2.066773909905055429e-03
-2.151585228328548038e-03
-2.173320284930467961e-03
-2.184748181360253016e-03
-2.197688291598744875e-03
-2.193732577103583558e-03
-2.204545689271730866e-03
-2.207070805952728813e-03
-2.223665647605646729e-03
-2.232183221448639805e-03
-2.234295665435489988e-03
-2.235398653921750068e-03
-2.242123179470073731e-03
-2.242758387286403546e-03
-2.245562952800238439e-03
-2.235568443464825902e-03
-2.239612045649523424e-03
-2.235639181382086203e-03
-2.244386714970337399e-03
-2.245068898227222873e-03
-2.012235280093702811e-03
-2.241234223710764691e-03
-2.243173825375732386e-03
-2.242539363168011279e-03
-2.241652845739280052e-03
-2.238980008919268759e-03
-2.240416672492424877e-03
-2.239834707870368667e-03
-2.233583698507779752e-03
-2.236626303001592805e-03
-2.227934689410225946e-03
-2.229905768986734874e-03
-2.228142155117208804e-03
-2.238560117043408501e-03
-2.209865029295788111e-03
-2.225842602497424359e-03
-2.224078703568487317e-03
-2.221556827729285252e-03
-2.223905948609907618e-03
-2.218680247556724904e-03
-2.216019779512857970e-03
-2.218812363869523182e-03
-2.212797372360502095e-03
-2.209554104534753542e-03
-2.209595085273166962e-03
-2.206269485632618172e-03
-2.202680759302614102e-03
-2.206270359452778065e-03
-1.555345733728595754e-03
-1.526086675873325471e-03
-1.553794266826327361e-03
-1.603152522109099927e-03
-1.577750552763748561e-03
-1.574961550813214423e-03
-1.599871297277987488e-03
-1.650688465327096715e-03
-1.623743568592647766e-03
-1.647611021325401078e-03
-1.696435069765317048e-03
-1.670575236980276646e-03
-1.693152957991432127e-03
-1.732556695405748290e-03
-1.707591593525605890e-03
-1.729687869022545916e-03
-1.711308322303993316e-03
-1.772890918117470127e-03
-1.749952360321464871e-03
-1.769289494612787204e-03
-1.810994970081085138e-03
-1.788422990790791440e-03
-1.807424438859775093e-03
-1.845138172099258962e-03
-1.841352165488058896e-03
-1.824589837998053269e-03
-1.875232455346799443e-03
-1.870567179637910513e-03
-1.856440891715309231e-03
-1.895893501415128225e-03
-1.880852320976640363e-03
-1.881164384274044065e-03
-1.899144261610611825e-03
-1.896250114012069683e-03
-1.882708545440028511e-03
-1.928135244103681804e-03
-1.922475661862974462e-03
-1.908031537788477082e-03
-1.903886524676264708e-03
-1.918399766693882312e-03
-1.966176939449250632e-03
-1.949840139460226347e-03
-1.963419532026233934e-03
-1.953982423841794935e-03
-1.990418044268338436e-03
-1.975560793211818614e-03
-1.980943367352831514e-03
-1.997972982874576201e-03
-1.984685549463828524e-03
-1.988263670191242009e-03
-2.007115540409138733e-03
-1.992777772918689818e-03
-1.997571525209206056e-03
-1.999352043957447304e-03
-2.017204002575115340e-03
-2.007380792818801076e-03
-2.002562284509437542e-03
-2.039152003272845775e-03
-2.028437155604356345e-03
-2.036599209128756027e-03
-2.005316070554714024e-03
-2.017075481911718548e-03
-2.031960310454879876e-03
-2.054290889315563313e-03
-2.042715927975165095e-03
-2.051042923180172815e-03
-2.044155545318881821e-03
-2.054684145478981490e-03
-2.081464425481931255e-03
-2.071383496250203682e-03
-2.077387568282644884e-03
-2.093413112443165153e-03
-2.089578268328988291e-03
-2.083350704341528983e-03
-2.105026664723468836e-03
-2.095374339123132895e-03
-2.101543719407114597e-03
-2.202958502785140864e-03
-2.195998714250387354e-03
-2.188451506507170519e-03
-2.180350400175119340e-03
-2.171727726417729820e-03
-2.162612926218444778e-03
-2.153036388074249918e-03
-2.143026520212905003e-03
-2.132610356583237391e-03
-2.121813273884662517e-03
-2.110658927053460105e-03
-1.528593677329182290e-03
-1.471521856068209750e-03
-1.553528961920912482e-03
-1.527770011051133442e-03
-1.527089963767267085e-03
-1.370418855552814775e-03
-1.376262095525440481e-03
-1.345027919552594818e-03
-1.428451300791973213e-03
-1.435434023882991694e-03
-1.405172108575262384e-03
-1.155756391595074480e-03
-1.268278847818766434e-03
-1.232342707013894031e-03
-1.240815565568722861e-03
-1.274682636374465348e-03
-1.337993368192323413e-03
-1.307975791514076353e-03
-1.328510763676801027e-03
-1.150072147044609808e-03
-1.133488851748874759e-03
-1.109097147412492230e-03
-8.981055531906707422e-04
-9.022752644667932087e-04
-9.446621082094827995e-04
-9.965848281344924162e-04
-1.032377254364221430e-03
-9.918623257196995148e-04
-8.510196062008997583e-04
-7.154171456893155222e-04
-6.931999305832137062e-04
-7.634042493345942829e-04
-1.399805368363175092e-03
-1.605059790275060712e-03
-1.642485587641696540e-03
-1.637382351213664431e-03
-1.741327469348896533e-03
-1.710542804838247055e-03
-1.745473175197564996e-03
-1.769816381308380931e-03
-1.819570549422539103e-03
-1.882441709414882196e-03
-1.892980898623455865e-03
-1.861507564699105277e-03
-1.911793434945772280e-03
-1.976114894783037330e-03
-1.986434293540230347e-03
-1.958685889952392102e-03
-2.102317161518977694e-03
-2.119282426060542859e-03
-2.110296160673620462e-03
-2.090735797229981933e-03
-2.007415735062390971e-03
-2.030971433241661635e-03
-2.017494644786090724e-03
-2.035598124176658981e-03
-2.057339837671660811e-03
-2.045043853229205032e-03
-2.152179045390504881e-03
-2.159573920525861401e-03
-2.144211705440919255e-03
-2.165978471649855283e-03
-2.165216777693101079e-03
-2.172467102929416700e-03
-2.177517529717962544e-03
-2.175929305013756063e-03
-2.186824643386597877e-03
-2.182849327963406593e-03
-2.204187606959171538e-03
-2.210317079177465636e-03
-2.200947607018073800e-03
-2.220432223480895730e-03
-2.225759910697788779e-03
-2.218383541061809926e-03
-2.227059869446838727e-03
-2.223903769151484421e-03
-2.229511666185253656e-03
-2.228693028722161708e-03
-2.226004126394847456e-03
-2.230870836091205199e-03
-2.230552277232499339e-03
-2.239007636017626042e-03
-2.227095882519988627e-03
-2.231400224533046373e-03
-2.231354866431492154e-03
-2.240600827937435768e-03
-2.241378379585979002e-03
-2.243608508980275695e-03
-2.242374514280016246e-03
-2.001776469720566946e-03
-2.238996125434599381e-03
-2.240132253855322761e-03
-2.241404888647543364e-03
-2.238663096114059097e-03
-2.239978718528225742e-03
-2.240334498828991643e-03
-2.238973242948721042e-03
-2.233968229441711095e-03
-2.232943423247363193e-03
-2.234671735909730429e-03
-2.236622154783474408e-03
-2.235956319796282652e-03
-2.237301003615356845e-03
-2.230954039104922695e-03
-2.231440310003733087e-03
-2.229492416313158445e-03
-2.237697020383710642e-03
-2.213064756077616577e-03
-2.225982587658980986e-03
-2.221417461067473967e-03
-2.215771377509016728e-03
-2.212287872420474252e-03
-2.209288254624268508e-03
-2.212549274238459918e-03
-2.209298033931174007e-03
-1.605928048231050620e-03
-1.580638051494422103e-03
-1.579179457671044942e-03
-1.604498505226753004e-03
-1.626927476588898355e-03
-1.673612657743524679e-03
-1.738978805781120612e-03
-1.717734065588824577e-03
-1.714473614066984539e-03
-1.752813300216480782e-03
-1.735745150583168240e-03
-1.792027407102283598e-03
-1.828128501280302902e-03
-1.860221574847092897e-03
-1.902927387188858670e-03
-1.889055994043874935e-03
-1.884409480392674942e-03
-1.897140994271141398e-03
-1.899174405563316004e-03
-1.928227014756121911e-03
-1.913541623696543787e-03
-1.910860320775658108e-03
-1.948716120449945884e-03
-1.931706216002301597e-03
-1.945134827896378895e-03
-1.925134599251527093e-03
-1.935616368852754576e-03
-1.986165876876787133e-03
-1.973522163032833017e-03
-1.976202545017487992e-03
-1.974153363379923566e-03
-1.970190359348791311e-03
-1.957952747788650229e-03
-1.988038539259878203e-03
-1.993886749715033380e-03
-2.002257240939446688e-03
-2.011888291281438076e-03
-2.026141708083378790e-03
-2.011872153513056486e-03
-2.013823105757225548e-03
-2.021477833670004380e-03
-2.050133555299469591e-03
-2.042162490313295317e-03
-2.044652748018158366e-03
-2.023494301372542187e-03
-2.012563297937069746e-03
-2.016508499246646817e-03
-2.033172871984495218e-03
-2.021301872428550930e-03
-2.028927912582562717e-03
-2.045422575083220493e-03
-2.042276202912832357e-03
-2.035054463426423654e-03
-2.069418350282356024e-03
-2.061773881683040197e-03
-2.058704551998612360e-03
-2.052047401702363199e-03
-2.065378813721247160e-03
-2.075399677603942915e-03
-2.087400645540380805e-03
-2.099185758304662926e-03
-2.206411865593822449e-03
-2.203021576502361360e-03
-2.206344529550155736e-03
-2.200295508295808770e-03
-2.199958038238197886e-03
-2.196332266711532259e-03
-2.193601567024308467e-03
-2.189068382884434404e-03
-2.192981059847780908e-03
-2.186359788867491428e-03
-2.181262519294525568e-03
-2.185444475945839526e-03
-2.178599179527557130e-03
-2.172943381337880640e-03
-2.177380551638878267e-03
-2.170347817027893679e-03
-2.164140650548009720e-03
-2.168817449773992757e-03
-2.161632679285689900e-03
-2.159784338685692435e-03
-2.154882391309962189e-03
-2.152479545242605083e-03
-2.145195376337121970e-03
-2.150308656861525322e-03
-2.142912850891508150e-03
-2.135104960572002230e-03
-2.140416502761259294e-03
-2.132955543198557496e-03
-2.124634886702870661e-03
-2.130132467079486492e-03
-2.122628975361409362e-03
-2.113807212438142263e-03
-2.119479479469037891e-03
-1.554507308061300972e-03
-1.488533951758933167e-03
-1.494541023633384801e-03
-1.465446691697730366e-03
-1.544519178548528666e-03
-1.549079897228742338e-03
-1.522517020667936470e-03
-1.353411142485432418e-03
-1.458557814839305270e-03
-1.174211011012738122e-03
-1.235747097909200209e-03
-1.215260373499103515e-03
-1.252374022881125922e-03
-1.302886268302492698e-03
-1.087879372253730374e-03
-1.077265273121904426e-03
-1.119244223260521106e-03
-9.451291948476881789e-04
-1.040115606547565089e-03
-8.097202148272473468e-04
-1.406324571994218512e-03
-1.388602230574085064e-03
-1.417320960708855042e-03
-1.620586204543007129e-03
-1.612813864767086115e-03
-1.650286561302142943e-03
-1.702980709528221538e-03
-1.721965412725305969e-03
-1.691284247715248634e-03
-1.775536343386091131e-03
-1.787011052545594853e-03
-1.758462967097494667e-03
-1.808025067175015547e-03
-1.819131043401640228e-03
-1.829843773717732295e-03
-1.850768089905510151e-03
-1.921696409327358114e-03
-1.902060444460446217e-03
-1.931412791978162060e-03
-1.948826666191708860e-03
-2.121413305259763592e-03
-2.111902414810879359e-03
-2.128847024732698212e-03
-2.062176897665648177e-03
-2.082276811124565176e-03
-2.070591576086285544e-03
-1.991828402797014667e-03
-2.021620068625541028e-03
-2.048962585222032819e-03
-2.136814973131774716e-03
-2.158668367184638469e-03
-2.170493772410167412e-03
-2.184556795004376824e-03
-2.191192251038997108e-03
-2.180193267596856541e-03
-2.212405866265533452e-03
-2.194457948684461202e-03
-2.222072425243556363e-03
-2.224748287803781158e-03
-2.226333272386458052e-03
-2.234915738113396003e-03
-2.235249508283460810e-03
-2.238675967051167743e-03
-2.227234481303918840e-03
-2.227055969589877490e-03
-2.231537677327410322e-03
-2.237930898847789556e-03
-2.239659838368474216e-03
-2.236712978366844646e-03
-2.237714185592311507e-03
-2.239121562281952069e-03
-2.237863245040115460e-03
-2.235945052611962129e-03
-2.237566060329359424e-03
-2.237270173514582013e-03
-2.232341482930550250e-03
-2.235136923375706172e-03
-2.227912796020353661e-03
-2.229352029544147493e-03
-2.227997155338788931e-03
-2.236265443261852004e-03
-2.226110110355388784e-03
-2.222277153751302421e-03
-2.220497734893817771e-03
-2.223193806201139745e-03
-2.217647776931682291e-03
-2.218173143298496700e-03
-2.215240077326206466e-03
-2.214990804555617455e-03
-2.211920397358349815e-03
-2.209105104861764507e-03
-2.212108915175170411e-03
-1.604628508011470434e-03
-1.605282553435678338e-03
-1.579946693572530612e-03
-1.653902538712099298e-03
-1.629925445149746441e-03
-1.628501730035080645e-03
-1.652278475693510704e-03
-1.700835698587648166e-03
-1.698639094554933162e-03
-1.675807499174606242e-03
-1.744818883349351108e-03
-1.741949264367048450e-03
-1.720673503483167522e-03
-1.779015273336153301e-03
-1.755798151557764640e-03
-1.775923269450838376e-03
-1.758993616253696005e-03
-1.816868659846062033e-03
-1.794921312728211052e-03
-1.813925541482706415e-03
-1.852032977940925706e-03
-1.831547246221200756e-03
-1.848571853910961713e-03
-1.883016759068730991e-03
-1.864108236645226589e-03
-1.879129011480904117e-03
-1.911052410136067359e-03
-1.893143194768865441e-03
-1.906911774500128810e-03
-1.928497813481470056e-03
-1.912042868138943410e-03
-1.913643980657303220e-03
-1.930856799180711517e-03
-1.916783992943156111e-03
-1.913236338875978076e-03
-1.928041350896523773e-03
-1.961559407697710099e-03
-1.955895239578989923e-03
-1.941964740504284210e-03
-1.939095267689336464e-03
-1.952231238785915538e-03
-2.000649172934441250e-03
-1.983305027642165777e-03
-1.993210416639769594e-03
-1.987301013227327131e-03
-2.010935172027805348e-03
-1.998330743531910071e-03
-2.000525110505131914e-03
-2.016026185847348551e-03
-2.003053233373879548e-03
-2.006885111551414726e-03
-2.024161053117944087e-03
-2.010900529219767328e-03
-2.015532275308821314e-03
-2.033488012977530471e-03
-2.020155493938666919e-03
-2.025261639320252542e-03
-2.024756184441001920e-03
-2.043333887475407441e-03
-2.030155707380234750e-03
-2.034770880784140482e-03
-2.057461092687436731e-03
-2.048305677320188915e-03
-2.053784354046265734e-03
-2.028318369836227923e-03
-2.039285775842409904e-03
-2.051440292400303917e-03
-2.078004688834930551e-03
-2.066094706440422743e-03
-2.073692599160546074e-03
-2.067399715345137438e-03
-2.058728105524195405e-03
-2.060826903619990009e-03
-2.089621310058355566e-03
-2.079488714560737399e-03
-2.085528863899950396e-03
-2.100953665160541252e-03
-2.097171073122414912e-03
-2.091182141833378399e-03
-2.111957938267509938e-03
-2.108481401580125647e-03
-2.102661662882926094e-03
-2.209179355234577348e-03
-2.203363954383617557e-03
-2.196955533412162966e-03
-2.189984126405261980e-03
-2.182479137212535360e-03
-2.174469144621154516e-03
-2.165981697641155765e-03
-2.157043200908470397e-03
-2.147678790705383201e-03
-2.137912189243626904e-03
-2.127765566304140946e-03
-2.117262001991724457e-03
-1.579068820019407290e-03
-1.516500227742980777e-03
-1.596931852422231110e-03
-1.570752085357009567e-03
-1.575337475621852671e-03
-1.371832398185940730e-03
-1.468949741465283695e-03
-1.448642457202509344e-03
-1.478704282960773258e-03
-1.192825486009649631e-03
-1.307698403199564164e-03
-1.271506791108040126e-03
-1.288853656495943722e-03
-1.323541496179477840e-03
-1.168896182275358650e-03
-1.160100698322902822e-03
-1.127474115684416311e-03
-8.917850953473456608e-04
-9.435133965774149950e-04
-8.937915114815689127e-04
-1.007194134320991280e-03
-1.046884395601896606e-03
-1.000641430429798171e-03
-8.036467512525238225e-04
-1.437511154770862182e-03
-1.540381146722651995e-03
-1.580489964965827755e-03
-1.572904967103831231e-03
-1.661777335127883910e-03
-1.739282803911005454e-03
-1.797352465989400386e-03
-1.863539093936137075e-03
-1.841340954397164935e-03
-1.872919455234695009e-03
-1.892546712165628711e-03
-1.956996023882385995e-03
-1.966479398367433802e-03
-1.939338182797064464e-03
-2.086789726572643982e-03
-2.104082956926387263e-03
-2.094568695145481319e-03
-2.074528145057275615e-03
-1.982204304610458816e-03
-1.989110926027037700e-03
-2.012417708245982113e-03
-1.998326798009107935e-03
-2.018187717348875893e-03
-2.040239249441301930e-03
-2.026932915374744706e-03
-2.137813278787638934e-03
-2.145022416979288672e-03
-2.129614345387024262e-03
-2.151515509207982749e-03
-2.150997380770709212e-03
-2.158071497834040606e-03
-2.163430777215945289e-03
-2.162081054637981364e-03
-2.173336705816556347e-03
-2.168950032910065082e-03
-2.209668748984264068e-03
-2.215147805991408373e-03
-2.206937235481042179e-03
-2.191805817475547553e-03
-2.198098367627981768e-03
-2.188192311988151287e-03
-2.216786827645995245e-03
-2.213913063135551553e-03
-2.218800082009555769e-03
-2.219848051869628344e-03
-2.216257462557248269e-03
-2.221028210433045012e-03
-2.221583222460037869e-03
-2.231220642330245321e-03
-2.217739601168518867e-03
-2.222303887851426619e-03
-2.222504999739478848e-03
-2.233969765107343512e-03
-2.234452360296824112e-03
-2.237441622108468208e-03
-2.236492958897215184e-03
-2.232933705243926939e-03
-2.235824150236896679e-03
-2.234811374758899002e-03
-2.235024226511510455e-03
-2.236970451820631273e-03
-2.235849154968530886e-03
-2.235581607383714878e-03
-2.231902403248795918e-03
-2.231377767617878215e-03
-2.232890717062896869e-03
-2.234166759133856140e-03
-2.234034150403681890e-03
-2.235355496244628357e-03
-2.229238468071860924e-03
-2.228578377094353295e-03
-2.230076683528574126e-03
-2.234989575288912587e-03
-2.226155885201358889e-03
-2.225148984907782210e-03
-2.227032282863456066e-03
-2.224253288837853195e-03
-2.219987475680266099e-03
-2.216790375552908816e-03
-2.214551128782929566e-03
-2.217224795759864097e-03
-2.214371198315694730e-03
-1.653210478457256462e-03
-1.628907238163505161e-03
-1.629634064705263747e-03
-1.653630932961823799e-03
-1.677372014421884584e-03
-1.722806898703459211e-03
-1.784615991505353111e-03
-1.764718546409263511e-03
-1.761852769534014151e-03
-1.797939856152004894e-03
-1.781859844135908312e-03
-1.834470291636303369e-03
-1.867541044411083657e-03
-1.897035293929343579e-03
-1.935872796392328543e-03
-1.923405538694923297e-03
-1.919317697477296650e-03
-1.929389295062821502e-03
-1.933184093518730638e-03
-1.958958075635855445e-03
-1.943595641256413639e-03
-1.943445464633386695e-03
-1.980300370059633920e-03
-1.964607851760103580e-03
-1.977243261757621710e-03
-1.957181263031406229e-03
-1.968115934068975260e-03
-2.005343999786021042e-03
-2.004058881453909830e-03
-1.989209670479902530e-03
-2.002104074788523674e-03
-2.013163317408553539e-03
-2.019819709346382369e-03
-2.028576100371120954e-03
-2.038215105898122208e-03
-2.042800442226545311e-03
-2.034499040922244269e-03
-2.033163313926245400e-03
-2.053454046734258520e-03
-2.048317828867329393e-03
-2.039864521189890898e-03
-2.062389490658906709e-03
-2.037999494279122380e-03
-2.054528924629892093e-03
-2.043831673084732774e-03
-2.049960822670785204e-03
-2.065569386843206946e-03
-2.055475018759007986e-03
-2.061498258042530635e-03
-2.083764822222857610e-03
-2.072631493316618584e-03
-2.095246890590068967e-03
-2.106419777505064237e-03
-2.211655603754103441e-03
-2.209039885551013476e-03
-2.211790958751107955e-03
-2.206659409207493115e-03
-2.206537757243162007e-03
-2.203481795231433844e-03
-2.201081055663982669e-03
-2.197343623687690074e-03
-2.200689465444605197e-03
-2.194947716395092164e-03
-2.190653852913746012e-03
-2.194274804294909717e-03
-2.188285951317469995e-03
-2.183440285528311965e-03
-2.187321930927685083e-03
-2.181121534776929612e-03
-2.175729866862206527e-03
-2.179858249494994338e-03
-2.173479291663146188e-03
-2.167548514218516770e-03
-2.171910216828245015e-03
-2.165382970421507024e-03
-2.158921008088273818e-03
-2.163503203829500801e-03
-2.156855124668133946e-03
-2.149870861183432631e-03
-2.154661384856905448e-03
-2.147916993780488171e-03
-2.140420184341850027e-03
-2.145407606110658408e-03
-2.138588397562362665e-03
-2.130589577430738214e-03
-2.135763257630013401e-03
-2.128887660027217656e-03
-2.120400606138887496e-03
-2.125748182914514485e-03
-1.600877206610745772e-03
-1.526397062858190958e-03
-1.507292858747379116e-03
-1.535356374985105340e-03
-1.583402209409231088e-03
-1.563876218153197398e-03
-1.590254575311696433e-03
-1.377507310176009914e-03
-1.357217309498124150e-03
-1.391635120761894415e-03
-1.497453433512310403e-03
-1.202752538808385353e-03
-1.262049112397080688e-03
-1.248112662529610173e-03
-1.285359028002281290e-03
-1.342503656150497750e-03
-1.087564063085588902e-03
-1.127209531146085558e-03
-1.086458083614874138e-03
-9.475692148174141762e-04
-1.045422832801686398e-03
-7.671863954956068552e-04
-7.421155542875234375e-04
-8.307058512737679982e-04
-1.442560827991415731e-03
-1.455667969242600140e-03
-1.424163107963211279e-03
-1.555872340147675678e-03
-1.588161070342213651e-03
-1.548090386116559745e-03
-1.639352685107578044e-03
-1.630136942137655129e-03
-1.671265698067715948e-03
-1.751832135064882064e-03
-1.763590559593082151e-03
-1.727252802602344695e-03
-1.785485027294917478e-03
-1.803186819001022408e-03
-1.833385087604368297e-03
-1.811207921941833648e-03
-1.903615513140709606e-03
-1.912574177355416162e-03
-1.883564923425790592e-03
-1.930225491918997113e-03
-2.108213599341152936e-03
-2.114825078068516360e-03
-2.097493257073427837e-03
-2.043602018319471206e-03
-2.065445811958166022e-03
-2.052982953675898305e-03
-1.973115840118371250e-03
-2.003752777230016161e-03
-2.031044875221383727e-03
-2.123012182681669347e-03
-2.144370122424960837e-03
-2.156451532661976360e-03
-2.170999007499526453e-03
-2.166483111787903450e-03
-2.177860228552536484e-03
-2.200845274725189531e-03
-2.181492506180869942e-03
-2.211683215819019218e-03
-2.214871961625697674e-03
-2.216791073634353029e-03
-2.227193849599210570e-03
-2.231200525734513673e-03
-2.227221472691930885e-03
-2.218321522662982867e-03
-2.217922249837204953e-03
-2.222910891093294455e-03
-2.230741041852636868e-03
-2.233323699698201020e-03
-2.232219534984071496e-03
-2.232390227697329203e-03
-2.234578675031487389e-03
-2.233701002337218355e-03
-2.232773233542787068e-03
-2.233883519127004280e-03
-2.234343773549757849e-03
-2.232963979173821587e-03
-2.230510261187648550e-03
-2.227713038289523551e-03
-2.232751174901037063e-03
-2.233424918428081329e-03
-2.234348864529985511e-03
-2.224492532801212227e-03
-2.223399785211731174e-03
-2.225331147074024497e-03
-2.220991156312425094e-03
-2.219333184660648734e-03
-2.221640723289407954e-03
-2.218909043757929384e-03
-2.216042021034240854e-03
-2.213988952051951231e-03
-2.216419895116677682e-03
-1.647984534750110419e-03
-1.626234420632003026e-03
-1.650666800753350198e-03
-1.700359698786561846e-03
-1.677140925568818995e-03
-1.676826301166308656e-03
-1.700604672820420346e-03
-1.745932873081902301e-03
-1.745383453121119926e-03
-1.723379904596658140e-03
-1.788126434687509637e-03
-1.766443525883025631e-03
-1.786474211006909346e-03
-1.821653653592474964e-03
-1.819203939440966131e-03
-1.800258295626335370e-03
-1.803118808932359721e-03
-1.856071645147565948e-03
-1.836441264732504002e-03
-1.854015192755000853e-03
-1.888602872733268542e-03
-1.870345980656701063e-03
-1.885807147048315559e-03
-1.918508909850920492e-03
-1.900784089263503037e-03
-1.914790151272986740e-03
-1.943849767583714135e-03
-1.927324441058796047e-03
-1.939724154404577324e-03
-1.960987089340084782e-03
-1.944612161107281238e-03
-1.945814903893392563e-03
-1.963396290714111703e-03
-1.949550207385461215e-03
-1.947010269805048849e-03
-1.959708151526540557e-03
-1.992303011273823844e-03
-1.986274294578243421e-03
-1.972521482109755413e-03
-1.970994220667259857e-03
-1.983212371911559965e-03
-2.032132016797794354e-03
-2.021377283688622489e-03
-2.016207585312024438e-03
-2.029718603186448506e-03
-2.016889076704105749e-03
-2.015030521806818360e-03
-2.032174682696133439e-03
-2.021560867174342253e-03
-2.024124037295392010e-03
-2.040819798214185861e-03
-2.028299951368855991e-03
-2.032396275691015271e-03
-2.048351287786386640e-03
-2.036106468886533967e-03
-2.040826761165709814e-03
-2.056596511787229294e-03
-2.044910272029607217e-03
-2.049892943743501957e-03
-2.048178114071683414e-03
-2.065072049004500372e-03
-2.054109777078644630e-03
-2.059272118501378861e-03
-2.075978743277594012e-03
-2.066685053265254583e-03
-2.071666972952670039e-03
-2.048650518769522949e-03
-2.060008359820285437e-03
-2.070725492024078854e-03
-2.097712630492773282e-03
-2.087826632537343775e-03
-2.093652619075135439e-03
-2.086676289260736006e-03
-2.076994219978004971e-03
-2.082323047489166752e-03
-2.108435338651807201e-03
-2.098999894242515370e-03
-2.104681451732732991e-03
-2.118831568197399994e-03
-2.109867324272661753e-03
-2.115383173245224350e-03
-2.213858717007256491e-03
-2.209165049969400059e-03
-2.203875097713458957e-03
-2.198016282096636100e-03
-2.191615494403339939e-03
-2.184698933173513397e-03
-2.177291922071748417e-03
-2.169418771395114232e-03
-2.161102656239953686e-03
-2.152365498427427203e-03
-2.143227850788557379e-03
-2.133708805822610681e-03
-2.123825941232086820e-03
-1.622444035256174078e-03
-1.554704351850099905e-03
-1.635495846107623032e-03
-1.609431229197105448e-03
-1.616367783951093342e-03
-1.409432545699256575e-03
-1.503593603863123684e-03
-1.485972914660688669e-03
-1.514910963755705837e-03
-1.214311044505369261e-03
-1.336940748273751992e-03
-1.299090606276410726e-03
-1.322996117067156861e-03
-1.357766211231366867e-03
-1.130419144395516506e-03
-1.150848016496232003e-03
-1.109226878537575853e-03
-9.085690785053969747e-04
-8.992492545108151693e-04
-9.578043963682247343e-04
-1.031914504353016043e-03
-1.018662538067101764e-03
-1.059706733301506859e-03
-8.377941378058782491e-04
-1.472606991038896349e-03
-1.475209513827441645e-03
-1.515516175809829540e-03
-1.507953539766610776e-03
-1.597798371418704053e-03
-1.700405411633439026e-03
-1.669818964626664133e-03
-1.701608402997008664e-03
-1.725984035230942581e-03
-1.777569109813988526e-03
-1.847480362394649314e-03
-1.855434955878077635e-03
-1.825431735907921378e-03
-1.875459661874690149e-03
-1.939285908267469058e-03
-1.948067700451511838e-03
-1.921448510460361126e-03
-2.075347282937179284e-03
-2.091853885061331804e-03
-2.081075284880606023e-03
-2.059707125495103489e-03
-1.964198271610055960e-03
-1.971960013077531711e-03
-1.980597904008775563e-03
-1.995127451529738697e-03
-2.002170435024858749e-03
-2.010247835841819531e-03
-2.022971036259439172e-03
-2.123592069623924782e-03
-2.130723094627424118e-03
-2.115889683574071617e-03
-2.137295167816139017e-03
-2.136707620598206781e-03
-2.143808095425044254e-03
-2.149354285034683378e-03
-2.147722545333903381e-03
-2.154840887367487096e-03
-2.159373720023831811e-03
-2.198321305963156329e-03
-2.195050143801047064e-03
-2.204087839386902840e-03
-2.179416252739285222e-03
-2.175206585414719146e-03
-2.185720034836577570e-03
-2.206111594821618359e-03
-2.203509960325208440e-03
-2.209797618285674285e-03
-2.208615796661916701e-03
-2.205906291415867665e-03
-2.211741258464812628e-03
-2.210991133075532623e-03
-2.222898443934140378e-03
-2.207726552979001697e-03
-2.212619818504471536e-03
-2.213037589880193466e-03
-2.226583558430789318e-03
-2.230409124100612636e-03
-2.226895984906978893e-03
-2.229753938419448602e-03
-2.226243401676516413e-03
-2.229361184753250475e-03
-2.229604657066853665e-03
-2.231703297101661227e-03
-2.231901925597297269e-03
-2.233387068365809414e-03
-2.232233684631880835e-03
-2.232722948948180370e-03
-2.231274814654791647e-03
-2.232669080283989152e-03
-2.231492915963836313e-03
-2.229349095263943696e-03
-2.229290475940934324e-03
-2.230600804965957723e-03
-2.227248079657854780e-03
-2.226715824235270518e-03
-2.228245466235927695e-03
-2.231927234227204775e-03
-2.222761385310020182e-03
-2.225892323768650927e-03
-2.219790831116287035e-03
-2.218299715753219679e-03
-2.220395353105320164e-03
-2.217928338752533490e-03
-1.695265009035786495e-03
-1.671596610523042731e-03
-1.674333475877542738e-03
-1.697945143544662451e-03
-1.723142562432950897e-03
-1.766962690473563701e-03
-1.825569768946315452e-03
-1.805232284241601974e-03
-1.806854147858748564e-03
-1.838800118973684446e-03
-1.823715637973068963e-03
-1.872316543282721282e-03
-1.903538247468697202e-03
-1.931071098725810212e-03
-1.967127621012487466e-03
-1.955318925530133596e-03
-1.951439253735334084e-03
-1.961969163881000823e-03
-1.965121665249549253e-03
-1.988342112828471106e-03
-1.974563611573721712e-03
-1.973524545827980842e-03
-2.009570044706042273e-03
-1.995038019785305532e-03
-2.006827662306192184e-03
-1.987088161024630831e-03
-1.997941335695060765e-03
-2.030594237641823903e-03
-2.032001443895175685e-03
-2.030830227779265029e-03
-2.017542659119103687e-03
-2.030089551744749827e-03
-2.036434886288674122e-03
-2.044342131829295084e-03
-2.052250951369834729e-03
-2.060665789458618422e-03
-2.063588817730305659e-03
-2.053216562605103632e-03
-2.058532587500854025e-03
-2.072914449450416474e-03
-2.063212782229695546e-03
-2.068920692295645423e-03
-2.081268336795670179e-03
-2.059070966309676457e-03
-2.074408494302063498e-03
-2.069974866059283349e-03
-2.064440289860261946e-03
-2.084533219644419798e-03
-2.075013489413670732e-03
-2.080236164182884366e-03
-2.092146981422592089e-03
-2.103031162167038910e-03
-2.113595249256577414e-03
-2.215366218577660175e-03
-2.213514851572717917e-03
-2.215706104861823664e-03
-2.211468664875794465e-03
-2.209066568561062361e-03
-2.211563462137077028e-03
-2.206987087278800171e-03
-2.204034980821292788e-03
-2.206823820466121376e-03
-2.201946116199212777e-03
-2.198446006806967917e-03
-2.201513312134779389e-03
-2.196369860829867123e-03
-2.192324997165535309e-03
-2.195657585883057077e-03
-2.190281753471059068e-03
-2.185696573224694267e-03
-2.189281646113165527e-03
-2.183704402401967504e-03
-2.182409691440458446e-03
-2.178584467144808849e-03
-2.176659461946741335e-03
-2.175064968339069944e-03
-2.171011395319632966e-03
-2.169167519073594928e-03
-2.162998943151650273e-03
-2.167269651444995483e-03
-2.161247989269789171e-03
-2.159044732332021568e-03
-2.154567453174584691e-03
-2.152919022878519058e-03
-2.150409912310164741e-03
-2.145735924285224489e-03
-2.144197428726008717e-03
-2.136521935304939133e-03
-2.141383511599003787e-03
-2.135098619463841971e-03
-2.126941599345217367e-03
-2.131982402469559997e-03
-1.641875626696432267e-03
-1.561857455802919108e-03
-1.543833697125795122e-03
-1.572523164185153470e-03
-1.617746182686865836e-03
-1.626750354039876133e-03
-1.600362932799014384e-03
-1.407543880881122634e-03
-1.391958430666653812e-03
-1.424904820414856551e-03
-1.532301657567349765e-03
-1.205158882980958759e-03
-1.185932555064355808e-03
-1.233582522823059363e-03
-1.286050608528879367e-03
-1.273200709864451882e-03
-1.312063797510295247e-03
-1.372161537344155713e-03
-1.167721005120287911e-03
-1.081428877323944993e-03
-9.696345630706695515e-04
-8.245847818723311528e-04
-7.961166769263522446e-04
-8.670838833439737520e-04
-1.473298801736992823e-03
-1.457506278982433415e-03
-1.488355609396063792e-03
-1.494523153809619760e-03
-1.484749305049835703e-03
-1.525151130845583914e-03
-1.568523589775897009e-03
-1.562279739056652650e-03
-1.604090497806064672e-03
-1.686554197553686565e-03
-1.693488066665875882e-03
-1.663082549353757551e-03
-1.745242083839019208e-03
-1.748554728007006061e-03
-1.722857478721875023e-03
-1.774210032422447996e-03
-1.791005078876449236e-03
-1.797258565706471830e-03
-1.819268456653557820e-03
-1.886513354523050058e-03
-1.894975852283339087e-03
-1.866986711531740811e-03
-1.912822269141780046e-03
-2.094981121352025317e-03
-2.101581763669360756e-03
-2.085188532558528499e-03
-2.047769345303454298e-03
-2.045689351198077405e-03
-2.061433797442147574e-03
-1.955685312965781304e-03
-1.987186313393907774e-03
-2.021851849774659350e-03
-2.032632086451974848e-03
-2.012167220488910585e-03
-2.109289159965473028e-03
-2.130105814117247767e-03
-2.142114114991545450e-03
-2.157475432748844416e-03
-2.152541054845934221e-03
-2.164327633347189542e-03
-2.188964020890442862e-03
-2.168538301520886620e-03
-2.200814867535971601e-03
-2.204530304244482590e-03
-2.206621319818484386e-03
-2.218754815640262661e-03
-2.218544989072892409e-03
-2.223108684170414448e-03
-2.208893754588656284e-03
-2.208201255567401357e-03
-2.213737874025971299e-03
-2.222825570748571122e-03
-2.226423326824332732e-03
-2.228409291553158124e-03
-2.227347620152996845e-03
-2.230348167421890640e-03
-2.230028667549657263e-03
-2.228967809202692801e-03
-2.230824833493313605e-03
-2.230295513648069151e-03
-2.229775791641594104e-03
-2.231258983197386206e-03
-2.231276555419242635e-03
-2.230187656417601926e-03
-2.228302025479197892e-03
-2.229840079416859234e-03
-2.230473656872449841e-03
-2.231257417994410297e-03
-2.222874173206320064e-03
-2.221942750760673001e-03
-2.223688063136162237e-03
-2.225264535097822623e-03
-2.224889947340328872e-03
-2.226261470413549038e-03
-2.221346050151155275e-03
-2.218654771920951663e-03
-2.219225337167010908e-03
-2.217353513135815555e-03
-1.685581406798193887e-03
-1.666636558981823054e-03
-1.690501121645527922e-03
-1.741489807156626404e-03
-1.720999876818321908e-03
-1.718455540287214516e-03
-1.743773372333037343e-03
-1.785577413160451378e-03
-1.765691381776961829e-03
-1.786837740161101567e-03
-1.826427575666574998e-03
-1.807224799098404704e-03
-1.826141082487575239e-03
-1.858969504622559697e-03
-1.857425331281896018e-03
-1.840169695480111441e-03
-1.842239971716582488e-03
-1.890331994860995971e-03
-1.873140523934355020e-03
-1.889417732692289225e-03
-1.922569141814020437e-03
-1.905604020386880097e-03
-1.920559037995994006e-03
-1.955993666215422727e-03
-1.937108411032666122e-03
-1.949775959526454548e-03
-1.971547360798636336e-03
-1.969191137857681344e-03
-1.957482837104104756e-03
-1.991421610777153843e-03
-1.977319825160074335e-03
-1.976099801608871553e-03
-1.993718057875991986e-03
-1.980352547076405338e-03
-1.978467172033460206e-03
-1.989677999923881134e-03
-2.020305762313699162e-03
-2.014297255004206515e-03
-2.001251459024620729e-03
-2.000205331321248774e-03
-2.011866466262383479e-03
-2.053083321358647410e-03
-2.041258248933210638e-03
-2.042452435620069687e-03
-2.054497947209340224e-03
-2.043120105904778702e-03
-2.043245237115329065e-03
-2.052386229012062580e-03
-2.040937579484420131e-03
-2.041633677692431415e-03
-2.047515952379428544e-03
-2.063276597629119542e-03
-2.051874551020863024e-03
-2.055712807311654931e-03
-2.070157798511435346e-03
-2.059107543947428023e-03
-2.063289949972730523e-03
-2.077237512971969596e-03
-2.066784812760754861e-03
-2.071078196336326605e-03
-2.068296827501573624e-03
-2.083045023713959998e-03
-2.077950837465786238e-03
-2.073929035502286838e-03
-2.095189472983478244e-03
-2.085547146781166310e-03
-2.090915631609045928e-03
-2.068986218898219952e-03
-2.079423486543112605e-03
-2.089810834252295389e-03
-2.105671403161720953e-03
-2.096141450968032598e-03
-2.101677263469750936e-03
-2.115823849727110906e-03
-2.112116096293541103e-03
-2.106738784441808746e-03
-2.125636573561811953e-03
-2.122221972939886733e-03
-2.117009512740357542e-03
-2.213422000419649170e-03
-2.217016824249184136e-03
-2.209230338355433910e-03
-2.204466666646402555e-03
-2.199155378631658959e-03
-2.193320268877273650e-03
-2.186984381425416749e-03
-2.180169869536158385e-03
-2.172897875157708911e-03
-2.165188420845184838e-03
-2.157060310045234852e-03
-2.148531040961202711e-03
-2.139616739696612556e-03
-2.130332117863900036e-03
-1.660505340227680718e-03
-1.589451309459154887e-03
-1.669950227924390639e-03
-1.643784864076633725e-03
-1.652951198595192968e-03
-1.439793291798578331e-03
-1.534673986633293147e-03
-1.518735931518144094e-03
-1.548171492084879884e-03
-1.244727944610002357e-03
-1.360172429946102796e-03
-1.322866202022237279e-03
-1.349180820852680486e-03
-1.384363991132811673e-03
-1.128471296399939997e-03
-1.129272014570607482e-03
-1.167092574532433997e-03
-1.079469681711145001e-03
-9.362768537958421778e-04
-9.838091518877439042e-04
-9.217002614231252413e-04
-8.803943165844119526e-04
-1.503446430277536119e-03
-1.409596689584249234e-03
-1.452003154182407180e-03
-1.442607315851845377e-03
-1.531572840108049458e-03
-1.617887325306802473e-03
-1.628401374606105925e-03
-1.593143669577656331e-03
-1.652172012152620635e-03
-1.715804940200749747e-03
-1.768283626938855265e-03
-1.832052403368390151e-03
-1.839694853269737210e-03
-1.811693561187755624e-03
-1.859186752038725866e-03
-1.922215634956518909e-03
-1.930677690905359834e-03
-1.904358742796471993e-03
-2.070109898322211421e-03
-2.072850121370632508e-03
-2.082507452797996515e-03
-2.044094503199951098e-03
-2.059568169787823026e-03
-2.045950209550085556e-03
-2.034815272499056887e-03
-1.947087785250529004e-03
-1.954590356810770140e-03
-1.978448089181919067e-03
-1.963321068285011402e-03
-1.981630796632554044e-03
-2.001812317009393511e-03
-1.991994258897973342e-03
-2.109107483248179576e-03
-2.116372518525044127e-03
-2.102025576225792329e-03
-2.122907799991146944e-03
-2.122182186984405625e-03
-2.134902883088130553e-03
-2.129393839378661019e-03
-2.133400267825198791e-03
-2.145480884557702649e-03
-2.140491109053704009e-03
-2.187997479341819394e-03
-2.193223874748081049e-03
-2.183638109593962276e-03
-2.167229346609999933e-03
-2.173474930323173425e-03
-2.162390290629594321e-03
-2.195751516059326475e-03
-2.192741583756508631e-03
-2.199298523327349042e-03
-2.198055189947049383e-03
-2.194949232953859620e-03
-2.200348890692026618e-03
-2.201263263372315020e-03
-2.213958509672961199e-03
-2.197000756442931899e-03
-2.202968569365840960e-03
-2.202250391930814840e-03
-2.218825824540794373e-03
-2.218771005127610167e-03
-2.222856868509066799e-03
-2.222686704669275815e-03
-2.223721851552065091e-03
-2.226125540397893773e-03
-2.225069448603082291e-03
-2.228623488582586604e-03
-2.229323065463345750e-03
-2.229762315546930749e-03
-2.228109885034463070e-03
-2.228772765178106598e-03
-2.229694636475041888e-03
-2.226941072406858797e-03
-2.227101321927428285e-03
-2.228145150557830044e-03
-2.228894290993218598e-03
-2.224084363654271496e-03
-2.226115192172169969e-03
-2.221309181668037255e-03
-2.222094645327417350e-03
-2.220556057413805746e-03
-2.219989730689388673e-03
-1.732579586559959608e-03
-1.709028538712735901e-03
-1.714056245805283506e-03
-1.737238972523738080e-03
-1.763523041648462370e-03
-1.805902543387923054e-03
-1.861723365202188176e-03
-1.843844500449243543e-03
-1.844097023519106638e-03
-1.874532022525202991e-03
-1.860481105221692671e-03
-1.906434171502524675e-03
-1.939153066014036135e-03
-1.963361730062156401e-03
-1.995724220578247443e-03
-1.983522708148570315e-03
-1.981360806513619063e-03
-1.992388767641486286e-03
-1.994586124649216745e-03
-2.017259369923809446e-03
-2.004260858875235585e-03
-2.002707700346395732e-03
-2.035895216252412050e-03
-2.022820305042308947e-03
-2.033371383437302272e-03
-2.015609865689176831e-03
-2.025114168106306820e-03
-2.052478830177701698e-03
-2.053446481883194809e-03
-2.055270254791335700e-03
-2.043122618766435739e-03
-2.053702470643266245e-03
-2.058566230369191126e-03
-2.066463001787297027e-03
-2.073473433201678678e-03
-2.079923559970613296e-03
-2.083111005070335982e-03
-2.078029037371114784e-03
-2.073373965952122425e-03
-2.091678676541458733e-03
-2.087256320012728997e-03
-2.082313114186487221e-03
-2.100381433921931496e-03
-2.078774551366341719e-03
-2.093219038373395503e-03
-2.083773617720521571e-03
-2.088854090889134558e-03
-2.103515086027798846e-03
-2.093989571002765129e-03
-2.099334882616769177e-03
-2.110703574188647381e-03
-2.120690442081971019e-03
-2.214741153401476956e-03
-2.213105462498019850e-03
-2.215054146716052656e-03
-2.217561768112532184e-03
-2.216465556130783280e-03
-2.218109209560010196e-03
-2.211337263965817371e-03
-2.209161502041266482e-03
-2.211402846456665509e-03
-2.207372214987055482e-03
-2.204657062356371860e-03
-2.207178861512594514e-03
-2.202867675610825377e-03
-2.199615047162066604e-03
-2.202405348469353361e-03
-2.197844723461549795e-03
-2.194057726045176796e-03
-2.197104907510472223e-03
-2.192323710702860206e-03
-2.191299437592651202e-03
-2.188006593614507528e-03
-2.186324142127706645e-03
-2.181482243083963327e-03
-2.185010001588234569e-03
-2.179864567093516350e-03
-2.174504255837329900e-03
-2.178256707455971785e-03
-2.172962483879672078e-03
-2.171058603839132357e-03
-2.167091101722692665e-03
-2.165634255417877869e-03
-2.159260049696978823e-03
-2.163433585713511742e-03
-2.157895038352993476e-03
-2.151027093679753425e-03
-2.155398311842764061e-03
-2.149758728354124286e-03
-2.142406897387550031e-03
-2.146968138969787034e-03
-2.141237922328668997e-03
-2.133412757318426615e-03
-2.138157076005571967e-03
-1.677955110467233522e-03
-1.593458332452320301e-03
-1.577310443401993677e-03
-1.605506814447524213e-03
-1.649074063954193660e-03
-1.633120239511192621e-03
-1.659682633473526236e-03
-1.432402056333016965e-03
-1.419418861896920136e-03
-1.452718387579968531e-03
-1.563592895484483807e-03
-1.220349599860736517e-03
-1.252983591570655791e-03
-1.211921346010272869e-03
-1.304550373584149100e-03
-1.332914444153621581e-03
-1.294697714509488937e-03
-1.396199298793996801e-03
-1.173774301058410231e-03
-1.019352300561691266e-03
-1.025502644796565501e-03
-1.074357316268101511e-03
-9.780746567316343527e-04
-8.854772024413748270e-04
-8.547661774665476098e-04
-9.109229101783530326e-04
-1.499140827741258283e-03
-1.485761528880441551e-03
-1.516802901144560269e-03
-1.442110910272645158e-03
-1.468197071579089089e-03
-1.425787948430968285e-03
-1.539593510650311657e-03
-1.554157326579078471e-03
-1.517293838056636528e-03
-1.578765993666259070e-03
-1.670359182567937931e-03
-1.678342662827437886e-03
-1.644116851236862402e-03
-1.735186725927602425e-03
-1.740157952829519267e-03
-1.710919960661660012e-03
-1.763061510097860881e-03
-1.776777360313236062e-03
-1.804419326997728406e-03
-1.784102487292720581e-03
-1.870143735773403034e-03
-1.878248680957816507e-03
-1.851106615342129613e-03
-1.896110067625530939e-03
-2.080736944928300233e-03
-2.087857046024500871e-03
-2.075432316371733817e-03
-2.057087812529025377e-03
-2.032997918710640478e-03
-1.938448841511673879e-03
-1.968271788976447712e-03
-2.005977052917810692e-03
-2.013904358602200406e-03
-1.993863331642543521e-03
-2.094940540916062372e-03
-2.115593992361547351e-03
-2.127671445549755760e-03
-2.142291539980888289e-03
-2.150001624107862955e-03
-2.137741002128409288e-03
-2.177753318325618189e-03
-2.154907009618826311e-03
-2.190297985223153398e-03
-2.193738755401978147e-03
-2.195786920426471070e-03
-2.209831274888174497e-03
-2.209366897998886123e-03
-2.214428794212647961e-03
-2.198302956937413059e-03
-2.203740471956768844e-03
-2.197543766292149245e-03
-2.214442935733568381e-03
-2.218204442136726632e-03
-2.218546172634342645e-03
-2.222330478246682499e-03
-2.221103710721960764e-03
-2.223401905600027109e-03
-2.225978588437518314e-03
-2.223530105168270397e-03
-2.226191258937220384e-03
-2.225464749886618861e-03
-2.227601052787143640e-03
-2.227200462080867853e-03
-2.227264065459224479e-03
-2.228501047544309121e-03
-2.228484654593732711e-03
-2.227562875429923202e-03
-2.227116553477277369e-03
-2.228455334449361280e-03
-2.227704022358507029e-03
-2.223304381231450220e-03
-2.224287740130653085e-03
-2.223095995270403871e-03
-2.224615471015973719e-03
-2.224946999730971833e-03
-2.225782114870428208e-03
-2.222315578169885113e-03
-2.219776701112308528e-03
-2.220544253747508759e-03
-2.219218078091487502e-03
-1.720028061228403172e-03
-1.726407893131828592e-03
-1.702593897671013119e-03
-1.777695372841966645e-03
-1.759693536018436559e-03
-1.755245648774140209e-03
-1.781719116101380864e-03
-1.820618420391011041e-03
-1.803000716719421574e-03
-1.823498752668543162e-03
-1.861339359408876841e-03
-1.843815648390645379e-03
-1.861724455281821723e-03
-1.890429605733257934e-03
-1.874439059350933336e-03
-1.890200328297710064e-03
-1.875972018505888935e-03
-1.922486243993790176e-03
-1.906333049605099181e-03
-1.922460172609522996e-03
-1.953761834012977209e-03
-1.938178131939190512e-03
-1.954666985624099133e-03
-1.992265289017276265e-03
-1.973925104623268888e-03
-1.981746853745336955e-03
-1.993722444086054677e-03
-2.018963734028365355e-03
-2.005105635314780900e-03
-2.006273640694400569e-03
-2.020775482334664225e-03
-2.008193895121785418e-03
-2.007177499009174006e-03
-2.017941585844197899e-03
-2.045670621721970214e-03
-2.039839194243028234e-03
-2.028480476083228869e-03
-2.026987491446871539e-03
-2.037801575113204131e-03
-2.071443595682541990e-03
-2.061791304313275418e-03
-2.062133825793250903e-03
-2.074049689217453193e-03
-2.063405887214596855e-03
-2.064136765940192617e-03
-2.070516303459443881e-03
-2.061354562582587771e-03
-2.062888588225035222e-03
-2.078168294261922584e-03
-2.066162954329239625e-03
-2.070590012706253341e-03
-2.083842951117213880e-03
-2.073403444863998208e-03
-2.076897807778647215e-03
-2.089790473100143053e-03
-2.079824073201202994e-03
-2.083423462981951434e-03
-2.096285400203955294e-03
-2.086597466297379112e-03
-2.089572229688735523e-03
-2.087445140256181074e-03
-2.100611598319645622e-03
-2.096158637256075041e-03
-2.091735058158491860e-03
-2.113474553983077028e-03
-2.104299075858961487e-03
-2.109557777213840347e-03
-2.088142889594672095e-03
-2.098311328153316859e-03
-2.108445179313909665e-03
-2.123086574514967007e-03
-2.114348892402034049e-03
-2.119441420107017870e-03
-2.132343897513148089e-03
-2.124056598526836200e-03
-2.128977752993155888e-03
-2.213039019910395359e-03
-2.216152797731615019e-03
-2.218671771248314963e-03
-2.209352718197636276e-03
-2.205115805227763487e-03
-2.200349674884531821e-03
-2.195075062538872409e-03
-2.189311916509789277e-03
-2.183079282917858074e-03
-2.176395204094762163e-03
-2.169276628543327558e-03
-2.161739332800612350e-03
-2.153797858016612450e-03
-2.145465463700106136e-03
-2.136754097255692906e-03
-1.694947456231416828e-03
-1.620859659317516266e-03
-1.700971964578426154e-03
-1.674946850534522660e-03
-1.685734088802042473e-03
-1.465132972246298076e-03
-1.562062353892704333e-03
-1.547950281888362239e-03
-1.577655788841128125e-03
-1.261632139499029893e-03
-1.381058290875156972e-03
-1.342638879815624599e-03
-1.371189520324283531e-03
-1.407186492759039242e-03
-1.141590708964423679e-03
-1.180649899246658235e-03
-1.134684058468067146e-03
-1.080224586544039755e-03
-9.525932584503248946e-04
-1.530040874839059574e-03
-1.343413667296945030e-03
-1.392837716467148265e-03
-1.376664704188323637e-03
-1.491012621691920710e-03
-1.598774733653852151e-03
-1.608192853970157000e-03
-1.569183154682252286e-03
-1.634385672221314121e-03
-1.702594920956263490e-03
-1.756180695863868678e-03
-1.815569945046063057e-03
-1.823702629329719375e-03
-1.796328869597971570e-03
-1.842773116344114054e-03
-1.906396643228042099e-03
-1.914240608285876525e-03
-1.888271989660732448e-03
-2.053700759420985615e-03
-2.067240235707275449e-03
-2.062009034169854510e-03
-2.049024441175569151e-03
-2.025042843337669131e-03
-1.930494372095576186e-03
-1.938564670034757754e-03
-1.960136441614922058e-03
-1.946571616935476902e-03
-1.964939287250783238e-03
-1.985494607770048672e-03
-1.973408671394323664e-03
-2.094404314979408672e-03
-2.101785113793153831e-03
-2.087555797405246053e-03
-2.108292612039788533e-03
-2.107449362759943566e-03
-2.120362161717629940e-03
-2.114753640190426744e-03
-2.118541902234059426e-03
-2.130391872430128716e-03
-2.125887733474773455e-03
-2.180200185545596008e-03
-2.173714329769764649e-03
-2.184128173857149188e-03
-2.149293935968700150e-03
-2.158311790125460282e-03
-2.145773324315980012e-03
-2.186483069970061779e-03
-2.181858361131444688e-03
-2.187244868874295076e-03
-2.188340527956895206e-03
-2.183384865775801330e-03
-2.189085094541139143e-03
-2.190102243315299093e-03
-2.204200868305752729e-03
-2.185584562364544219e-03
-2.191957916043594731e-03
-2.191177229292555744e-03
-2.210552772461099602e-03
-2.214803697845125000e-03
-2.210199555062310715e-03
-2.214503038968575806e-03
-2.218880855320106739e-03
-2.218469540989555927e-03
-2.221359229224642313e-03
-2.221185809607971028e-03
-2.224420050661153180e-03
-2.226334385014086537e-03
-2.227113716430057823e-03
-2.225212946001740768e-03
-2.226086451351155619e-03
-2.226672584376923874e-03
-2.224992997367026062e-03
-2.226572476217018523e-03
-2.226047974200302121e-03
-2.223969618672215140e-03
-2.224922305376422337e-03
-2.221363412361998350e-03
-2.221339172926356520e-03
-2.222335474153300586e-03
-2.220573450896325476e-03
-1.766201897854392192e-03
-1.749581768020715654e-03
-1.743058401007967521e-03
-1.772239401697915488e-03
-1.799138381261250041e-03
-1.840861907715767628e-03
-1.895301635965884832e-03
-1.878334067908578667e-03
-1.878752366069678503e-03
-1.906263529999739029e-03
-1.892985346009149958e-03
-1.938083640922433782e-03
-1.983008091270009425e-03
-1.969354915404894664e-03
-1.968260971339557287e-03
-1.987281526362425464e-03
-2.021642429949854942e-03
-2.006874150650433605e-03
-2.008632773943920015e-03
-2.019732020941081112e-03
-2.021096251559689316e-03
-2.042302502897456930e-03
-2.030572175350589103e-03
-2.029701090889875562e-03
-2.060248372257827629e-03
-2.048156934988741573e-03
-2.057788704830725533e-03
-2.040920827553186455e-03
-2.050059804884219079e-03
-2.072458277328311470e-03
-2.070760741269455155e-03
-2.075809453433600637e-03
-2.080222306255211789e-03
-2.067657202113687420e-03
-2.075221563706658532e-03
-2.080719058082509260e-03
-2.086561707359449458e-03
-2.092771301434869467e-03
-2.098251217049341803e-03
-2.101882542581849905e-03
-2.096803481749237238e-03
-2.092531964663698219e-03
-2.110047251821501463e-03
-2.105345076847013348e-03
-2.100891625393751672e-03
-2.118235529600142383e-03
-2.097571331889051729e-03
-2.111632146996770664e-03
-2.102388473036279157e-03
-2.107556681634513603e-03
-2.121100157709044070e-03
-2.112274217213534408e-03
-2.117272033805859925e-03
-2.127674376879129005e-03
-2.214147295933885980e-03
-2.212739859127977986e-03
-2.214443345057466508e-03
-2.216492739100892496e-03
-2.215615364855844094e-03
-2.217026779772736378e-03
-2.218258147685300916e-03
-2.217908998590727675e-03
-2.219017257047337620e-03
-2.211241471343930540e-03
-2.209303377128639216e-03
-2.211287988188287423e-03
-2.207794520501612200e-03
-2.205326393314480018e-03
-2.207581400056912637e-03
-2.203825170793887681e-03
-2.200828822613108866e-03
-2.203343784720479537e-03
-2.199351499955457239e-03
-2.195829892340119167e-03
-2.198594725633093439e-03
-2.194390824476600329e-03
-2.190348025163489729e-03
-2.193353062741995509e-03
-2.188959599534547745e-03
-2.184400734940402343e-03
-2.187636781441624264e-03
-2.183073330886730994e-03
-2.181462914513753251e-03
-2.178004534881904704e-03
-2.176746498464514259e-03
-2.174847456085591754e-03
-2.171174857120453713e-03
-2.169992492126513513e-03
-2.163925984865601101e-03
-2.167805287239261969e-03
-2.162823560760115341e-03
-2.156270999369391990e-03
-2.160350114965459579e-03
-2.155250775480567829e-03
-2.148221742678913665e-03
-2.152494426386316901e-03
-2.147284005775111030e-03
-2.139788795551982037e-03
-2.144249457990514418e-03
-1.710722501728811299e-03
-1.621373352440411662e-03
-1.607043703829091853e-03
-1.635118163816859892e-03
-1.677416422877863952e-03
-1.689404693336688879e-03
-1.662939350686944324e-03
-1.454895594169747577e-03
-1.443148522792605214e-03
-1.476909696686346191e-03
-1.591222644570906841e-03
-1.238926411903384234e-03
-1.271684670436293210e-03
-1.229305271185583952e-03
-1.323203335711190410e-03
-1.352644908428742888e-03
-1.313435407508142198e-03
-1.417898489607331142e-03
-1.189615261753638065e-03
-1.061636622919528809e-03
-1.101610909160901774e-03
-1.039970768960027901e-03
-9.487969497006257724e-04
-9.170794260046775037e-04
-9.842509491515833830e-04
-1.523213994745661101e-03
-1.542537004339336257e-03
-1.510731887292337660e-03
-1.363996371115318946e-03
-1.353732460135074860e-03
-1.403153093242339713e-03
-1.519523820132251228e-03
-1.529577343816799096e-03
-1.480804287100879156e-03
-1.559027235628261416e-03
-1.651921976890658632e-03
-1.625320147451709890e-03
-1.660936046096685940e-03
-1.716393133792078196e-03
-1.693366328313741179e-03
-1.725621515504546268e-03
-1.746558087707193339e-03
-1.758547871451952545e-03
-1.787108169370999356e-03
-1.767857754045763612e-03
-1.854587651702054507e-03
-1.862303099529530066e-03
-1.835094973772316042e-03
-1.880434313579705877e-03
-2.065449904761427254e-03
-2.073120240343104704e-03
-2.059626429131141377e-03
-2.022760704755480719e-03
-2.038331234669068029e-03
-2.033494519098383475e-03
-2.014427909127641282e-03
-1.922475437820904409e-03
-1.951902583345541727e-03
-1.994810877831642952e-03
-1.979649882263839235e-03
-2.000196626300946960e-03
-2.079960663968238952e-03
-2.100864103086379740e-03
-2.112849667019773160e-03
-2.127310600144958347e-03
-2.122843173990381256e-03
-2.134890027316040020e-03
-2.167839398234411991e-03
-2.174062542978578375e-03
-2.167610014583881348e-03
-2.138388812834690796e-03
-2.158680380658732894e-03
-2.180990160441474181e-03
-2.182480959673970163e-03
-2.184278514337263319e-03
-2.200528184706269583e-03
-2.205307326267685712e-03
-2.199406811729679237e-03
-2.187005163389220668e-03
-2.186174717484689212e-03
-2.192804353305073586e-03
-2.205686346594642414e-03
-2.210929772923805620e-03
-2.210753088365196434e-03
-2.214704135888360525e-03
-2.214964442271117120e-03
-2.215804620914952304e-03
-2.219638623537728735e-03
-2.217356411253174064e-03
-2.219754615951237062e-03
-2.222600924867813334e-03
-2.221594693840175765e-03
-2.221510803525774021e-03
-2.224440368725212093e-03
-2.223507957569661585e-03
-2.223959678673306101e-03
-2.225535854129372972e-03
-2.225618815876057206e-03
-2.225128309061465484e-03
-2.224478894573626332e-03
-2.222299291651580119e-03
-2.223459097540642776e-03
-2.222805022799707875e-03
-2.222561324383670600e-03
-2.223889118430920613e-03
-2.223591659106709337e-03
-2.221835259819693667e-03
-2.219423602490716053e-03
-2.219599587517217219e-03
-2.220393543293492419e-03
-1.750783852941706093e-03
-1.735151918707260755e-03
-1.758629452048555107e-03
-1.810369956214640062e-03
-1.788410084898875516e-03
-1.794137296990727486e-03
-1.815574309215348126e-03
-1.852527554967811586e-03
-1.836449214930666127e-03
-1.856922826739067830e-03
-1.897649826061071059e-03
-1.879290568973544968e-03
-1.896554742074569059e-03
-1.923322117454124430e-03
-1.922854500185240331e-03
-1.906752409878985409e-03
-1.909286030520284706e-03
-1.951920112931143821e-03
-1.937139559907689705e-03
-1.952810005450062846e-03
-1.982686931825821362e-03
-1.968217360301325203e-03
-1.982688294614697901e-03
-2.017262575751836533e-03
-2.000002134227574658e-03
-2.004630609272289171e-03
-2.019239484266452823e-03
-2.044202922882646344e-03
-2.032438398353588090e-03
-2.031514283172615454e-03
-2.045303751799629546e-03
-2.033438559572601188e-03
-2.032989204166789615e-03
-2.043118811726640349e-03
-2.070179798146050670e-03
-2.063346033638117222e-03
-2.052776671168485886e-03
-2.051528025857909075e-03
-2.061742126564192375e-03
-2.090552055406064147e-03
-2.080832096333477561e-03
-2.082163287358284025e-03
-2.087430413868392176e-03
-2.078795897862171799e-03
-2.079312855426211464e-03
-2.093984686761536651e-03
-2.083855063961581600e-03
-2.085943986551056818e-03
-2.083489548636871611e-03
-2.097636963604602306e-03
-2.087741282060319274e-03
-2.090621778457433036e-03
-2.102567605547465534e-03
-2.093050134939599370e-03
-2.096076712372173505e-03
-2.108459716414781693e-03
-2.102276801974620104e-03
-2.098983205867217816e-03
-2.115085892701952779e-03
-2.105543429662164005e-03
-2.107725574970770611e-03
-2.106019534086172630e-03
-2.112490554114746129e-03
-2.130201871704181030e-03
-2.121807719358098556e-03
-2.126630254913610633e-03
-2.106741385800553479e-03
-2.116316469795617803e-03
-2.125605524082449776e-03
-2.138931901231980702e-03
-2.130981453273920675e-03
-2.135625177567074696e-03
-2.212690041372634281e-03
-2.215316953011161900e-03
-2.217373349131490125e-03
-2.218839429337066994e-03
-2.209512084784375548e-03
-2.205802091740803952e-03
-2.201578482176525312e-03
-2.196858970363277028e-03
-2.191660458784903086e-03
-2.185998943977357414e-03
-2.179889434239366645e-03
-2.173345879078338039e-03
-2.166381111317385207e-03
-2.159006803021933443e-03
-2.151233435271913789e-03
-2.143070279038167530e-03
-1.725815543116752861e-03
-1.648972806783602450e-03
-1.729892733919100641e-03
-1.715726280248856556e-03
-1.703566972468316919e-03
-1.488471495779170647e-03
-1.587375379710747898e-03
-1.604265955455603642e-03
-1.574308613158396843e-03
-1.280403421505243305e-03
-1.400865353944217521e-03
-1.361937436540410070e-03
-1.391451021468782627e-03
-1.428268298963816275e-03
-1.172189314829771975e-03
-1.205585810603454055e-03
-1.156767932399223103e-03
-1.004938448690240269e-03
-1.116611568717166452e-03
-1.554762067602886945e-03
-1.277200377549127849e-03
-1.320620136045651954e-03
-1.310486316945057685e-03
-1.439499004862438911e-03
-1.440455924829178074e-03
-1.401468060742008977e-03
-1.479274472207295658e-03
-1.583798080666247096e-03
-1.591094727594944292e-03
-1.551624334640597496e-03
-1.617653816916722782e-03
-1.683961720279152172e-03
-1.737646473699027728e-03
-1.800211149571098257e-03
-1.807785105542843900e-03
-1.779515823385751684e-03
-1.827328803162252008e-03
-1.889619261076445986e-03
-1.872084904557339176e-03
-1.897937190741173005e-03
-2.036176265527459180e-03
-2.050773301720104289e-03
-2.044916697476904712e-03
-2.029556666800716273e-03
-2.008753576210959430e-03
-1.914090948253662026e-03
-1.919719848326768494e-03
-1.929164661051267684e-03
-1.942355573378489863e-03
-1.971709847315867084e-03
-1.968577284811762716e-03
-1.983288100159597781e-03
-2.079248380290366158e-03
-2.086867471420347699e-03
-2.072340237574822868e-03
-2.093346615864399244e-03
-2.092438320333201221e-03
-2.099863162578029154e-03
-2.105397894146353484e-03
-2.103890643113510983e-03
-2.111110221353291409e-03
-2.115570136252405836e-03
-2.174855817919602117e-03
-2.134495949042468886e-03
-2.130884901577680124e-03
-2.141971516025872099e-03
-2.154142967550842346e-03
-2.151698458117277685e-03
-2.161010979448035798e-03
-2.168404880988072068e-03
-2.175183666764284214e-03
-2.175899691145751543e-03
-2.171013484912981580e-03
-2.177096457074376937e-03
-2.178193224828275498e-03
-2.193890732938965152e-03
-2.173217002112553479e-03
-2.180100294047713182e-03
-2.179279813325485197e-03
-2.201994128966922298e-03
-2.206399477264961006e-03
-2.201240446199901821e-03
-2.206602242690150310e-03
-2.213425831579844683e-03
-2.217825471020862596e-03
-2.220645089599044587e-03
-2.222766682949860878e-03
-2.222138259284093132e-03
-2.223678510535112215e-03
-2.223565264997703298e-03
-2.221085144082341357e-03
-2.223026055398789197e-03
-2.222500749152082466e-03
-2.222434518492990424e-03
-2.222352232083738000e-03
-2.219969026509175086e-03
-2.221134292958162545e-03
-2.220665821681131261e-03
-2.219695188265410467e-03
-1.797319141277027750e-03
-1.774048217800292416e-03
-1.782071194899574650e-03
-1.804267296777160162e-03
-1.831420572115381382e-03
-1.874928287282175143e-03
-1.923004883162088459e-03
-1.909231211071579868e-03
-1.909963822515913217e-03
-1.937513661255120621e-03
-1.923205487948841368e-03
-1.967295149918789170e-03
-2.010101762606842941e-03
-1.996311504511794933e-03
-1.996441698187237899e-03
-2.013434916197195078e-03
-2.045580882448106742e-03
-2.033571908700137348e-03
-2.031383378816927800e-03
-2.044647594054023552e-03
-2.045357439299658533e-03
-2.065305864198119668e-03
-2.054716954185966185e-03
-2.053748172313945002e-03
-2.081056745455842419e-03
-2.070726198080119745e-03
-2.080467279715456867e-03
-2.064215236279661955e-03
-2.072216259932180369e-03
-2.091971073498544685e-03
-2.088696722513621110e-03
-2.095518948161342616e-03
-2.102164894007208223e-03
-2.091042221701656587e-03
-2.094664028573974771e-03
-2.099827649839282936e-03
-2.105269677540180101e-03
-2.111544661458511583e-03
-2.119449590216251986e-03
-2.114768577914201680e-03
-2.110700769515173880e-03
-2.127090919976627314e-03
-2.121050924818292886e-03
-2.118608121183280981e-03
-2.134525376084812995e-03
-2.115559923651432611e-03
-2.128528878222082053e-03
-2.120047225301053325e-03
-2.124799306066214172e-03
-2.137150368718310645e-03
-2.129094684260767183e-03
-2.133662109569783513e-03
-2.213567489243463502e-03
-2.213855355240117520e-03
-2.212399495309013732e-03
-2.215430928316379933e-03
-2.215960127794110255e-03
-2.214784794531512221e-03
-2.216737207274504726e-03
-2.216611117053539012e-03
-2.217496209128055808e-03
-2.217469067813079495e-03
-2.217859998366993220e-03
-2.218445006530342552e-03
-2.211163774610189290e-03
-2.211200164860670225e-03
-2.209473299071835865e-03
-2.208236182187886445e-03
-2.208012387920610647e-03
-2.206023778645034399e-03
-2.204800514614059515e-03
-2.202067884568316859e-03
-2.204309294283696152e-03
-2.200871878884758017e-03
-2.197621838790817482e-03
-2.200107481111520605e-03
-2.196464595655947278e-03
-2.192701039146436118e-03
-2.195422771645268775e-03
-2.191592119385442523e-03
-2.190270125193296072e-03
-2.187319975281368754e-03
-2.186266969593848863e-03
-2.184663558695223214e-03
-2.181492156034185292e-03
-2.180500673606157978e-03
-2.175230048563280352e-03
-2.178616079837868928e-03
-2.174303721183435713e-03
-2.168545030071889444e-03
-2.172139632166533978e-03
-2.167685531394387619e-03
-2.161447352808923937e-03
-2.165245053051616155e-03
-2.160654431179527980e-03
-2.157942044642230384e-03
-2.153946121600272719e-03
-2.153217643101156768e-03
-2.150239156229884901e-03
-2.146049279157195757e-03
-1.740566339894411042e-03
-1.647270426347024249e-03
-1.662209301801277975e-03
-1.633931791406256426e-03
-1.703838264432892087e-03
-1.717082564734900103e-03
-1.690343769901518807e-03
-1.476501146752940818e-03
-1.499768411091535443e-03
-1.465263178217923994e-03
-1.616828681836936579e-03
-1.259778630331848158e-03
-1.249111943020900098e-03
-1.291596519434622375e-03
-1.340810603620978727e-03
-1.331487257366458996e-03
-1.371188004084645997e-03
-1.438617006251195415e-03
-1.215463585498523756e-03
-1.013207379652363493e-03
-9.809120874092801343e-04
-1.037512816359679492e-03
-1.119244965560592560e-03
-1.090076153933099059e-03
-1.145683775699444986e-03
-1.546596502957922181e-03
-1.534489261169531956e-03
-1.566866968627757956e-03
-1.308801316235572729e-03
-1.336262330886543812e-03
-1.292888099328424242e-03
-1.380759552350334374e-03
-1.372295372710084956e-03
-1.409799203107343002e-03
-1.510841599127168630e-03
-1.515026970682780728e-03
-1.475082399222540832e-03
-1.547104112941766283e-03
-1.637349831270842708e-03
-1.610555305757445680e-03
-1.644442406614471776e-03
-1.700759875728164068e-03
-1.708389385908154218e-03
-1.676340389531266089e-03
-1.729641229052609856e-03
-1.744174928347374913e-03
-1.772216675892005627e-03
-1.751528872776766683e-03
-1.838809535694650808e-03
-1.819502628743048479e-03
-1.846630773794917611e-03
-1.864147425310346863e-03
-2.048938808533762226e-03
-2.057219595573682273e-03
-2.042476630111775791e-03
-2.000106343617765944e-03
-2.011300123413804070e-03
-2.018053783804644140e-03
-1.997295480800434248e-03
-1.904689909144744939e-03
-1.940391272411831017e-03
-1.930263978520950887e-03
-1.952555322116649459e-03
-1.956109835365126177e-03
-1.985688055628088717e-03
-2.064150146236507118e-03
-2.085760079051750260e-03
-2.097965100183428206e-03
-2.112184183753853736e-03
-2.119838829692687141e-03
-2.107925174832026103e-03
-2.168188602246770395e-03
-2.123425460863453268e-03
-2.144407682503406305e-03
-2.161346297382656882e-03
-2.169614089438077001e-03
-2.171888212824559048e-03
-2.191295134849575738e-03
-2.189093134588261137e-03
-2.196027556386448767e-03
-2.175699767214689471e-03
-2.181537693253258504e-03
-2.174332805119919259e-03
-2.196742371208431840e-03
-2.200874996798435693e-03
-2.201440286393186330e-03
-2.205985922102205073e-03
-2.207669521881030356e-03
-2.209339845886094510e-03
-2.211795122392788519e-03
-2.212874182329435929e-03
-2.216324708083669374e-03
-2.214362214370814604e-03
-2.216295424267703939e-03
-2.218952336339456016e-03
-2.218073562970786401e-03
-2.219784321112612015e-03
-2.220621107755471960e-03
-2.221802965090854606e-03
-2.221601767571765394e-03
-2.220322200383919361e-03
-2.219874505995067179e-03
-2.221217993747971221e-03
-2.221086408511957922e-03
-2.219121518960984543e-03
-2.220629824027804330e-03
-2.220840370724491003e-03
-2.219920580279320481e-03
-2.217608988868353774e-03
-2.218512711273334676e-03
-2.218787717021666710e-03
-1.780539283355739950e-03
-1.765394793214083817e-03
-1.789238886818541414e-03
-1.840336625508136315e-03
-1.819063349411933952e-03
-1.825468836060533968e-03
-1.846499762297214211e-03
-1.880944078012981337e-03
-1.866730805792455586e-03
-1.889191467553441844e-03
-1.938735374481016099e-03
-1.918200201786102264e-03
-1.930933736053836716e-03
-1.949013435270193460e-03
-1.936091732762049850e-03
-1.950476690622411722e-03
-1.935995583776254584e-03
-1.978683204503389227e-03
-1.965284967036940410e-03
-1.980682143069455257e-03
-2.008152360144534448e-03
-1.995423397827475031e-03
-2.009032209533144313e-03
-2.042155351008687753e-03
-2.026061713662205294e-03
-2.029617069254383531e-03
-2.043732503785591730e-03
-2.066934451225971390e-03
-2.056080844344808974e-03
-2.055511712800199391e-03
-2.068054868930886171e-03
-2.056805308362999289e-03
-2.056651766026267644e-03
-2.066023166524540849e-03
-2.098837806617170725e-03
-2.089408098595967392e-03
-2.089908737520682677e-03
-2.083624660663903859e-03
-2.074508031664425069e-03
-2.073483655291581945e-03
-2.082340274039288456e-03
-2.109306885430674988e-03
-2.099770918198845451e-03
-2.101515490964694661e-03
-2.105987256548485717e-03
-2.096543896194315998e-03
-2.098139250904263679e-03
-2.111764057843863295e-03
-2.102718610122994609e-03
-2.104576015847693746e-03
-2.100232490812731657e-03
-2.103777134335203802e-03
-2.115425918883979094e-03
-2.106370899096858800e-03
-2.108884013300485385e-03
-2.119906172668487108e-03
-2.114098928393641063e-03
-2.111106813950801905e-03
-2.125951126550039601e-03
-2.117118474305556067e-03
-2.120490235895766077e-03
-2.123325121753665001e-03
-2.134546982039334587e-03
-2.124768405115496240e-03
-2.130833438672384821e-03
-2.145381280775635405e-03
-2.142143772560105297e-03
-2.137763592266822815e-03
-2.123975084202399995e-03
-2.132794135750306318e-03
-2.141224113534275029e-03
-2.212357726457867251e-03
-2.214492330730774561e-03
-2.216077925177008245e-03
-2.217097425603005000e-03
-2.217533430877698369e-03
-2.209690767396751011e-03
-2.206507568066681281e-03
-2.202823597641605496e-03
-2.198653584051127839e-03
-2.194011428500781784e-03
-2.188910131077693045e-03
-2.183361727634871609e-03
-2.177377238295011633e-03
-2.170966628074604346e-03
-2.164138779648740012e-03
-2.156901477081257876e-03
-2.149261397543848501e-03
-1.755149001907222329e-03
-1.675134524092539330e-03
-1.757000652277657983e-03
-1.743724862482767379e-03
-1.730341832109264996e-03
-1.511068365346460076e-03
-1.612113356370634045e-03
-1.599406454230505904e-03
-1.629606173875394574e-03
-1.299744458415291216e-03
-1.421204292847637329e-03
-1.380906166159036937e-03
-1.411445196220659616e-03
-1.449172945960561492e-03
-1.203645683532267177e-03
-1.231698612029312467e-03
-1.187625923768075150e-03
-1.066094976384688881e-03
-1.161248125566484218e-03
-1.578939348037826113e-03
-1.210962481808423559e-03
-1.259785445681278152e-03
-1.244249383852699632e-03
-1.344567041864211604e-03
-1.436605420277748020e-03
-1.437816410120526696e-03
-1.408731316013469171e-03
-1.473493031788343424e-03
-1.570828856876873734e-03
-1.577094012752554460e-03
-1.540805992857028489e-03
-1.603889885953595695e-03
-1.668878117118504940e-03
-1.722626193724867416e-03
-1.786403124261465910e-03
-1.793213975792066171e-03
-1.765402398689628304e-03
-1.812519237352526588e-03
-1.873559489476817486e-03
-1.881510173206001058e-03
-1.856161716449106908e-03
-2.018390370014657050e-03
-2.033588743166623962e-03
-2.027116314019618282e-03
-2.008992989217899677e-03
-1.896631114643175346e-03
-1.900114899935775046e-03
-1.909952617371288991e-03
-1.920278297307804550e-03
-1.962752531382873800e-03
-1.967436408114422389e-03
-1.951743127359998990e-03
-1.981429433013119547e-03
-2.063293289727866162e-03
-2.056104547458987870e-03
-2.071339251186968093e-03
-2.077860146918420522e-03
-2.076327864978066810e-03
-2.089980566502536250e-03
-2.084268040316455267e-03
-2.088413132182383863e-03
-2.100239762251585908e-03
-2.096011746074267525e-03
-2.118933155655164900e-03
-2.115548170420879746e-03
-2.126791419563657960e-03
-2.139049147704936895e-03
-2.136741558720563899e-03
-2.146613045859968073e-03
-2.154555373279740723e-03
-2.161622005006596028e-03
-2.154423915227467960e-03
-2.162786216235165933e-03
-2.157793545665033855e-03
-2.164298416077980926e-03
-2.165403972014888056e-03
-2.183640332053591801e-03
-2.159859909440516468e-03
-2.167797914172870169e-03
-2.166419345874280762e-03
-2.193389827750985826e-03
-2.192320146289720995e-03
-2.197772025468232304e-03
-2.204368325137706641e-03
-2.197191601531466813e-03
-2.210332382799219154e-03
-2.214634118054658110e-03
-2.218036546196555051e-03
-2.217690985579569805e-03
-2.219910417216425756e-03
-2.219383051227952122e-03
-2.215577852477701535e-03
-2.218356906721199312e-03
-2.217661967416884126e-03
-2.219496239869787717e-03
-2.218401397068660991e-03
-2.217139301172264994e-03
-2.218550374271521016e-03
-2.218505542104930780e-03
-2.217368334742361377e-03
-1.835135917067248421e-03
-1.816222744809202309e-03
-1.807606627079730820e-03
-1.837912916645543680e-03
-1.860644647874069336e-03
-1.914555102788413274e-03
-1.905910046233409271e-03
-1.897639886329545358e-03
-1.926532815286396234e-03
-1.943927133248978499e-03
-1.963845042517403747e-03
-1.993417772728047280e-03
-2.037027482740655024e-03
-2.022490985585383757e-03
-2.023426218380089230e-03
-2.039388342276458529e-03
-2.069731622780114806e-03
-2.057642793605419379e-03
-2.055944945480697728e-03
-2.067426148187449103e-03
-2.068852243681172827e-03
-2.086725519593996513e-03
-2.076777348941681242e-03
-2.075961549710306654e-03
-2.096793886212585528e-03
-2.097590676002394992e-03
-2.088886070833199417e-03
-2.085169097728580868e-03
-2.090185927581054114e-03
-2.107357191966471605e-03
-2.110250175156405152e-03
-2.113308993732442194e-03
-2.116885227056435493e-03
-2.107701471866119114e-03
-2.109394691564541856e-03
-2.120296076715539550e-03
-2.111064047091488864e-03
-2.113008195915945346e-03
-2.117423344738546525e-03
-2.122764973835262938e-03
-2.130170187863107689e-03
-2.135679046582191799e-03
-2.131403305969865793e-03
-2.127596113180331254e-03
-2.142665323067215535e-03
-2.138587051831910679e-03
-2.134908971635483040e-03
-2.132121074176881494e-03
-2.143914969751325051e-03
-2.136191584939799680e-03
-2.140518756119950180e-03
-2.151675079095671014e-03
-2.148515406012201437e-03
-2.144384858000060803e-03
-2.212986992647969151e-03
-2.213274227321121879e-03
-2.212068242314093897e-03
-2.214361953385525234e-03
-2.214893683377001151e-03
-2.213958073812409555e-03
-2.215199891216839637e-03
-2.215965958711014951e-03
-2.215309059825223709e-03
-2.215486236568654007e-03
-2.216475135730680904e-03
-2.216105465540204374e-03
-2.215206053700032648e-03
-2.216331186715737693e-03
-2.216404982561899842e-03
-2.211089112870788520e-03
-2.211123088596316649e-03
-2.209654824309816284e-03
-2.208681856936936007e-03
-2.206732500943817989e-03
-2.208455241491813752e-03
-2.205778117716340834e-03
-2.203315280502376062e-03
-2.205285037728038546e-03
-2.202390057479761652e-03
-2.199416412628317843e-03
-2.201626115815978699e-03
-2.198529036918142436e-03
-2.195048312782104261e-03
-2.197491320188991407e-03
-2.194205554537357727e-03
-2.190222497507203318e-03
-2.192892630920337347e-03
-2.189429196708718005e-03
-2.184949530751675514e-03
-2.187841104356472947e-03
-2.184208598837146520e-03
-2.179238981684678434e-03
-2.182346825024920715e-03
-2.178551417621329370e-03
-2.173099394225846796e-03
-2.176418869063548398e-03
-2.172464314262735445e-03
-2.166538267971035089e-03
-2.170065279278631572e-03
-2.165952947755571574e-03
-2.163293051162020961e-03
-2.159562048841196999e-03
-2.159021977690430902e-03
-2.152176127988650496e-03
-2.156108128122569741e-03
-1.768982357540354201e-03
-1.672481653005806730e-03
-1.688069037193534001e-03
-1.659551777448310152e-03
-1.728820057810014858e-03
-1.743121521577958811e-03
-1.716064117647564218e-03
-1.498553766356326179e-03
-1.522442521648193978e-03
-1.487139977066817380e-03
-1.641908069591579544e-03
-1.273076570496074582e-03
-1.266281126901525056e-03
-1.307149186016695174e-03
-1.364673472857751710e-03
-1.352545112587265601e-03
-1.393352890669515834e-03
-1.459842036947500438e-03
-1.238708051593522029e-03
-1.078704991785584206e-03
-1.045811135411216534e-03
-1.098938432521119005e-03
-1.177633018216829282e-03
-1.148204028619145356e-03
-1.190462605434949341e-03
-1.569854043148825092e-03
-1.590849089546847884e-03
-1.557890955067655313e-03
-1.255157939431337209e-03
-1.233994373703228278e-03
-1.282186050733859651e-03
-1.346334111539924895e-03
-1.363440656634221006e-03
-1.327757386071756968e-03
-1.391546887054865341e-03
-1.500396219210069996e-03
-1.505395142237977123e-03
-1.468480725270436462e-03
-1.535414575462507644e-03
-1.625024998271622570e-03
-1.630987114880151807e-03
-1.597916643123619253e-03
-1.686183927261626376e-03
-1.693306511539037799e-03
-1.661772075607074583e-03
-1.715174948006442310e-03
-1.730555633367787628e-03
-1.758511551606437972e-03
-1.737512614710453413e-03
-1.822492083276049894e-03
-1.830581752964119402e-03
-1.804433902233874886e-03
-1.847949755264423040e-03
-2.033161517626452461e-03
-2.041091409155867259e-03
-2.025613344314621846e-03
-1.982343644132987526e-03
-2.000150430354299524e-03
-1.991126909193806360e-03
-1.886864315678940703e-03
-1.922800995270087599e-03
-1.931575962253045085e-03
-1.911567161653299554e-03
-1.942825397329330048e-03
-1.972449930291597913e-03
-2.048291821467497151e-03
-2.069689630342082774e-03
-2.082098190639879859e-03
-2.096097658152050545e-03
-2.104234319581126285e-03
-2.092103641368886924e-03
-2.129080872387818877e-03
-2.107615535603029125e-03
-2.146880235944755369e-03
-2.156071836379861925e-03
-2.158605493769200512e-03
-2.182578822343307287e-03
-2.187023275708583746e-03
-2.179107544113099634e-03
-2.160721346383474416e-03
-2.160215659346746524e-03
-2.168298842593974554e-03
-2.188046539343407090e-03
-2.198485751707264166e-03
-2.203142655730697987e-03
-2.199665105727432839e-03
-2.193573820590423613e-03
-2.193416550712219432e-03
-2.197198952762473116e-03
-2.204856312393674560e-03
-2.208921809601304374e-03
-2.206312758268652065e-03
-2.209836489858653386e-03
-2.211388689440694534e-03
-2.213148773155928020e-03
-2.215913250359885511e-03
-2.216649133275009741e-03
-2.216042395306191959e-03
-2.217954193542803158e-03
-2.217580398308746040e-03
-2.214301034424562276e-03
-2.216706219117089635e-03
-2.215994536613784434e-03
-2.216584475243660139e-03
-2.214344145228012376e-03
-2.215739061999357894e-03
-2.215969856576833260e-03
-1.808088572382845344e-03
-1.794106193218182946e-03
-1.821545324337618330e-03
-1.870083865187715990e-03
-1.855227559410688870e-03
-1.852229797025666761e-03
-1.875513820596229949e-03
-1.903953738099451246e-03
-1.909326256662307328e-03
-1.892407947667521960e-03
-1.943138465448974788e-03
-1.928697174088407802e-03
-1.941091267066904873e-03
-1.972764459148040883e-03
-1.955758716948498115e-03
-1.960892338818340675e-03
-1.975722559710255642e-03
-2.003623602875138215e-03
-1.991189485494352599e-03
-2.005914383812162742e-03
-2.032702812662522292e-03
-2.020438623109481382e-03
-2.034746824241071700e-03
-2.069160793007314338e-03
-2.053055510382534657e-03
-2.055609443104385557e-03
-2.069361443309112973e-03
-2.088141717282286907e-03
-2.077484217507825654e-03
-2.078068035620187111e-03
-2.090569856476797491e-03
-2.080132634943326377e-03
-2.079309453402546949e-03
-2.087330211823668936e-03
-2.112680283389668963e-03
-2.104558656116605787e-03
-2.105637787066114153e-03
-2.105799085973219641e-03
-2.094617506737122756e-03
-2.096142550615727549e-03
-2.101160642535380291e-03
-2.123592751287423867e-03
-2.114629313580935338e-03
-2.116317485814644527e-03
-2.125775025274103877e-03
-2.117391666148587832e-03
-2.118645215304302762e-03
-2.128185308600776329e-03
-2.119825251295458929e-03
-2.121687082721129998e-03
-2.118292403002832412e-03
-2.114496355384721648e-03
-2.121648179159607572e-03
-2.131544790691684409e-03
-2.123314579765749575e-03
-2.125609195058275180e-03
-2.133500316238149362e-03
-2.129705014645081988e-03
-2.126627464874164194e-03
-2.141631379239766937e-03
-2.133779616554458240e-03
-2.138087823641785304e-03
-2.139221134264654694e-03
-2.149466056156405097e-03
-2.146085582488960544e-03
-2.141981287006354279e-03
-2.139784137600560330e-03
-2.147753573036420907e-03
-2.155310545434007980e-03
-2.212027171392072066e-03
-2.213664366896092237e-03
-2.214771312621961231e-03
-2.215333660870664936e-03
-2.215336648555815430e-03
-2.214765198545811352e-03
-2.209873560898663672e-03
-2.207216764904873507e-03
-2.204069322458261822e-03
-2.200443006231099247e-03
-2.196348756562815311e-03
-2.191796626095805171e-03
-2.186795735270328188e-03
-2.181354238950812627e-03
-2.175479304154202386e-03
-2.169177098419602760e-03
-2.162452787890308155e-03
-1.782500164950500537e-03
-1.700300997095364249e-03
-1.782484694619367212e-03
-1.769960516310767687e-03
-1.755568805060454818e-03
-1.533849933367671019e-03
-1.635367986836277175e-03
-1.653907738655297768e-03
-1.623541879127504564e-03
-1.318692956633972773e-03
-1.443482413732680766e-03
-1.404095231942573390e-03
-1.432651703840304245e-03
-1.471245915355546934e-03
-1.225323675534767398e-03
-1.128103776649575255e-03
-1.602285351453321908e-03
-1.144236269939619133e-03
-1.200843286937583118e-03
-1.177691363215774539e-03
-1.301129794908418430e-03
-1.426730719505271954e-03
-1.431526798101421995e-03
-1.386736680370498614e-03
-1.463350393922962806e-03
-1.559982331770978000e-03
-1.565190455683919141e-03
-1.530176376469540283e-03
-1.592316304825828945e-03
-1.655430564410210244e-03
-1.708514308696807218e-03
-1.771315188071696323e-03
-1.778760883005851704e-03
-1.751061378376477223e-03
-1.796816699126810822e-03
-1.854583089711283684e-03
-1.863964235848006995e-03
-1.838498063030450259e-03
-2.006516051035325127e-03
-2.012489987219796047e-03
-2.019858566441650773e-03
-1.994281912109473545e-03
-1.877343810351151483e-03
-1.880430097363466890e-03
-1.901600253404723238e-03
-1.890264270018642868e-03
-1.942412019049437073e-03
-1.952630524218291726e-03
-1.932599899561789764e-03
-1.962288338370562872e-03
-2.046070950148165535e-03
-2.039616814707056330e-03
-2.054782618349705863e-03
-2.061190151677135332e-03
-2.058598164324986803e-03
-2.073345348979340093e-03
-2.067318364094748555e-03
-2.070232853945908752e-03
-2.079120067032848296e-03
-2.083062826353369520e-03
-2.122886318803555647e-03
-2.131035525741225168e-03
-2.120899641975680389e-03
-2.102209103794625521e-03
-2.099148579409243140e-03
-2.110657545703395824e-03
-2.140825199463992912e-03
-2.139989668882237919e-03
-2.147830167430167265e-03
-2.149312904469083407e-03
-2.143559658405801843e-03
-2.150572751459520811e-03
-2.151605766119594424e-03
-2.171979609524534241e-03
-2.173898994163754421e-03
-2.177310199673783159e-03
-2.145457933537720137e-03
-2.153129538095419938e-03
-2.152542711513070160e-03
-2.166454757192253291e-03
-2.185057201415353378e-03
-2.189297703193871392e-03
-2.183813276288139229e-03
-2.201788777513871524e-03
-2.195976197185060038e-03
-2.189299217359289874e-03
-2.207410904102320715e-03
-2.211426339802245213e-03
-2.213911887531519896e-03
-2.210566969570213793e-03
-2.213560368354292648e-03
-2.211894462662326692e-03
-2.214788486353415960e-03
-2.213741098066362295e-03
-2.215164536506718761e-03
-2.213087839551234389e-03
-2.212885174025385621e-03
-2.215004961152116248e-03
-2.214460896232012775e-03
-2.213604032070447085e-03
-1.856692023463707604e-03
-1.845910175184198396e-03
-1.832233010238966094e-03
-1.886042489894645784e-03
-1.860549053479580977e-03
-1.878137925943146368e-03
-1.887006052251693523e-03
-1.923504332061244312e-03
-1.965858126554987425e-03
-1.952293249704621474e-03
-1.954284999087471750e-03
-1.969308282950305890e-03
-1.988196733207536586e-03
-2.018191543981376346e-03
-2.062082440612082648e-03
-2.049476016008456442e-03
-2.047381556443280369e-03
-2.065501375834087345e-03
-2.091247182404035523e-03
-2.080153465700881887e-03
-2.080436222819431052e-03
-2.089323501379615044e-03
-2.090844675848983671e-03
-2.106929010173748135e-03
-2.097499441796503092e-03
-2.096771087249639683e-03
-2.108921376500354477e-03
-2.106180996652626779e-03
-2.124402153986600442e-03
-2.126706452786107562e-03
-2.129574887111175280e-03
-2.134197190177539519e-03
-2.127121327608762213e-03
-2.125382581694033966e-03
-2.130501122163275945e-03
-2.121429443143791390e-03
-2.123563271624185136e-03
-2.137347982924338655e-03
-2.130340652821323573e-03
-2.128665893304941374e-03
-2.132323583799494195e-03
-2.137570471071170881e-03
-2.145529230179257785e-03
-2.150422534004700625e-03
-2.143079673297475490e-03
-2.146560495763012288e-03
-2.156778671199771364e-03
-2.149750248316071449e-03
-2.153110875764401716e-03
-2.147184234662202328e-03
-2.157798644298227018e-03
-2.154724275203872934e-03
-2.150829382785040145e-03
-2.164682514989261109e-03
-2.161840698113830575e-03
-2.158153617897271438e-03
-2.212393516971674235e-03
-2.212686445334693768e-03
-2.211732423193987773e-03
-2.213273848361796588e-03
-2.213121847795283380e-03
-2.213814271520921778e-03
-2.213634586521569508e-03
-2.213989828291956698e-03
-2.214413704491250637e-03
-2.213463873227475287e-03
-2.214471527289780823e-03
-2.214323377293767655e-03
-2.212749389297122716e-03
-2.213974109465998829e-03
-2.214109044222662120e-03
-2.211478444844941927e-03
-2.213333009989906092e-03
-2.212907504280045307e-03
-2.211004905245563326e-03
-2.211042937430546251e-03
-2.209833988904687761e-03
-2.209118702865087245e-03
-2.208895867237018092e-03
-2.207438342736359627e-03
-2.206744905786556937e-03
-2.204556570241808511e-03
-2.206256682275274661e-03
-2.203892754494285455e-03
-2.201198978212541481e-03
-2.203136086920123946e-03
-2.200570681999499192e-03
-2.197375038338832218e-03
-2.199543980911538178e-03
-2.196786271692404303e-03
-2.193093341086583582e-03
-2.195489407910466376e-03
-2.192546225615057531e-03
-2.188361560355496158e-03
-2.190980514670435534e-03
-2.187856343250677623e-03
-2.183186428994544469e-03
-2.186024520973769286e-03
-2.182721510535823566e-03
-2.180627700267754026e-03
-2.177573724881327628e-03
-2.177145698884480791e-03
-2.174795370810492321e-03
-2.171528267093571479e-03
-2.171131973952689521e-03
-2.165053921572295589e-03
-2.168531896591691967e-03
-1.795456809470948999e-03
-1.695364801302552942e-03
-1.683689938023118313e-03
-1.712052731926607795e-03
-1.752725615665697576e-03
-1.767786036439956011e-03
-1.740551946585985280e-03
-1.522920818577700071e-03
-1.510381476313839375e-03
-1.546138213631897615e-03
-1.665093328362684567e-03
-1.314754680147990022e-03
-1.340430364200466753e-03
-1.294091920709831978e-03
-1.385229337894219523e-03
-1.414756183184283801e-03
-1.374536146272596453e-03
-1.483177307518870631e-03
-1.240964413495810725e-03
-1.209081647105533959e-03
-1.256908873109276008e-03
-1.144817197711744342e-03
-1.111516343715082764e-03
-1.161082422473318828e-03
-1.594051807864359802e-03
-1.614735811755133987e-03
-1.581845875129602591e-03
-1.261420121936959304e-03
-1.258213724454638419e-03
-1.203045951709916413e-03
-1.303872598575684652e-03
-1.344208145702800467e-03
-1.385659475165065954e-03
-1.345556699674169869e-03
-1.491149128348834806e-03
-1.495531841147863632e-03
-1.458931459345642369e-03
-1.525362308841598288e-03
-1.613154214864008420e-03
-1.618889991951128317e-03
-1.586553662765025248e-03
-1.673413614141574298e-03
-1.679651168199138966e-03
-1.649231716531663131e-03
-1.701983031732356771e-03
-1.716044477065059234e-03
-1.743712945992825000e-03
-1.723411757614185143e-03
-1.805933687005680010e-03
-1.814158859104761032e-03
-1.788645168417325824e-03
-1.830195859571853972e-03
-2.015504349680809909e-03
-2.024388097007060600e-03
-2.011034637034219731e-03
-1.981247082268960524e-03
-1.993773194866667840e-03
-1.981712017526945230e-03
-1.867492659011660023e-03
-1.903625010783218654e-03
-1.913221978491609025e-03
-1.892076232697797143e-03
-1.923000750348487784e-03
-1.954620723589699672e-03
-1.948311313941682209e-03
-1.968211354612976229e-03
-2.030873477121169276e-03
-2.052181155034718714e-03
-2.064043617101579686e-03
-2.078724049610613037e-03
-2.087512834977636213e-03
-2.074233322262225131e-03
-2.112638094325079013e-03
-2.131943751258599026e-03
-2.090574398611205233e-03
-2.142092939452077717e-03
-2.144288580144420187e-03
-2.173971942599072817e-03
-2.178358734242700091e-03
-2.172962107715334552e-03
-2.144853603218532800e-03
-2.152892224597953083e-03
-2.145014790532837317e-03
-2.161327504128172147e-03
-2.166752874815336578e-03
-2.161031067031470541e-03
-2.179626242442153639e-03
-2.195984195415756277e-03
-2.200534300705599394e-03
-2.197271791504641983e-03
-2.187417357525001018e-03
-2.193035224196000169e-03
-2.190528863140960795e-03
-2.186250710001670997e-03
-2.204050616353724068e-03
-2.207036405527771847e-03
-2.204455581742968164e-03
-2.207774919009060713e-03
-2.208819568897387418e-03
-2.212190295666039558e-03
-2.210112340411407583e-03
-2.210347440591624475e-03
-2.210813770583977978e-03
-2.213420009427501979e-03
-2.212554158986688654e-03
-2.208114615073036510e-03
-2.211198604093438623e-03
-2.210001119013373441e-03
-2.211837784558295852e-03
-2.209638077050044176e-03
-2.211981187866795054e-03
-2.211257558420490731e-03
-1.835504363586473817e-03
-1.821595971670960778e-03
-1.846192314515601469e-03
-1.871339939259541313e-03
-1.895068783924554363e-03
-1.927418938499052530e-03
-1.915689422806178457e-03
-1.935301162446034003e-03
-1.981489164123053162e-03
-1.962265623493784743e-03
-1.973640758254341723e-03
-1.994456252366649199e-03
-1.980066707548965108e-03
-1.983559181639727321e-03
-1.998995068993190873e-03
-2.026735959153941162e-03
-2.015241657532858104e-03
-2.029755934561263721e-03
-2.056078919985412749e-03
-2.044416019738730470e-03
-2.059014419962510150e-03
-2.089265439923502447e-03
-2.075624530614664492e-03
-2.079136225996437368e-03
-2.090126748025856844e-03
-2.108939838071275351e-03
-2.099750732649088153e-03
-2.098498531126237032e-03
-2.112649413545475505e-03
-2.101662798346100834e-03
-2.101969884771659122e-03
-2.107850377055537489e-03
-2.126380005022660002e-03
-2.119397494852398936e-03
-2.115962598450895488e-03
-2.124361825374031666e-03
-2.114962114544132171e-03
-2.115576803475866657e-03
-2.139142518798321704e-03
-2.132333488174766815e-03
-2.131222621191536035e-03
-2.140690160815243714e-03
-2.133116789026436207e-03
-2.134328991200984144e-03
-2.142986179461135125e-03
-2.137164954746783793e-03
-2.135473510068498001e-03
-2.135489946011122700e-03
-2.132059350972293280e-03
-2.128147430391867483e-03
-2.137969715701367943e-03
-2.146656109262975228e-03
-2.138967193425199767e-03
-2.139967357934487169e-03
-2.144057250330511522e-03
-2.155672399266898593e-03
-2.152551891455696965e-03
-2.148632267449017939e-03
-2.153644847319203647e-03
-2.162967506308643897e-03
-2.159889052866408640e-03
-2.156192398690833303e-03
-2.154099007551112544e-03
-2.161203152232732492e-03
-2.167872946216727308e-03
-2.211685938524666530e-03
-2.212820931663368306e-03
-2.213441720448168157e-03
-2.213536710519221039e-03
-2.213093804508568883e-03
-2.212100489263358824e-03
-2.210543929600277974e-03
-2.210047751316412869e-03
-2.207916721757079322e-03
-2.205302476778412887e-03
-2.202213861493863400e-03
-2.198658892037200652e-03
-2.194644718539741964e-03
-2.190177598602850630e-03
-2.185262881161896369e-03
-2.179905000518447475e-03
-2.174107480129083836e-03
-1.808967682269666845e-03
-1.723768644886592566e-03
-1.807504980829367520e-03
-1.795149643001708959e-03
-1.780034778579136709e-03
-1.558183520938223425e-03
-1.656697872197987389e-03
-1.676058585794141294e-03
-1.645882750901683051e-03
-1.350086109456929973e-03
-1.277684199528362433e-03
-1.474371285623424579e-03
-1.429976137578057790e-03
-1.458696818888397841e-03
-1.498416494633786865e-03
-1.192749100939929701e-03
-1.625221099287758614e-03
-1.182407084389986004e-03
-1.163010626508648908e-03
-1.221826024304464549e-03
-1.303130973200160867e-03
-1.418729868225941529e-03
-1.422502655813395744e-03
-1.382013128577482073e-03
-1.454733299062035924e-03
-1.549495935278532915e-03
-1.554528165137880266e-03
-1.520314173476558679e-03
-1.581157469058690462e-03
-1.643128942640819995e-03
-1.694839521250647747e-03
-1.754068913663069801e-03
-1.762613447572422380e-03
-1.735168207679353355e-03
-1.779965897959662896e-03
-1.835378432013306345e-03
-1.844952695852852733e-03
-1.820678049379565377e-03
-1.998312455085537748e-03
-1.967539951307452871e-03
-1.857903860814626336e-03
-1.861247676938641328e-03
-1.882410585250840571e-03
-1.870787123506720100e-03
-1.921755393400117638e-03
-1.932161173643341407e-03
-1.912757071901287614e-03
-1.938186177214596892e-03
-2.026856948248675384e-03
-2.021182997677881121e-03
-2.036590741916300112e-03
-2.042731294638456749e-03
-2.035886773600746602e-03
-2.047094432778036668e-03
-2.052828624328745417e-03
-2.052933165310784000e-03
-2.065734197016632235e-03
-2.061376628544703878e-03
-2.105963647304601172e-03
-2.104086593253449208e-03
-2.114524256855311764e-03
-2.125915326540429168e-03
-2.133478696640080975e-03
-2.124415625506020401e-03
-2.084008626179683667e-03
-2.081367474270307688e-03
-2.093216802960486036e-03
-2.134742936126934453e-03
-2.128204075811481952e-03
-2.135770002988177790e-03
-2.136723078018315861e-03
-2.167753039922364153e-03
-2.129364201588530934e-03
-2.137065478735602000e-03
-2.137302921316476881e-03
-2.153185347899732194e-03
-2.175453780252949859e-03
-2.180372745447134442e-03
-2.174686559233727796e-03
-2.200140471807984777e-03
-2.191812699824503916e-03
-2.181581587580941513e-03
-2.206460967097602453e-03
-2.204769389317243894e-03
-2.206793955922139484e-03
-2.208323531559888437e-03
-2.209451066468018452e-03
-2.206428319332834776e-03
-2.207215154714988869e-03
-2.210039336850915231e-03
-2.209010021536821338e-03
-2.208411068832394613e-03
-1.885120168751956964e-03
-1.860233126378026298e-03
-1.870984800313744111e-03
-1.907828714813858363e-03
-1.882366339665831386e-03
-1.897031674973598692e-03
-1.906725111914700337e-03
-1.964816314322130261e-03
-1.946071217721291255e-03
-1.953952372492321395e-03
-1.973078800951518722e-03
-1.987850374699200694e-03
-2.010597405376261457e-03
-2.041459669184340995e-03
-2.082909763464851211e-03
-2.072430734515129814e-03
-2.069484771021258898e-03
-2.085968728346017723e-03
-2.111772502911097357e-03
-2.100441592266980451e-03
-2.101433754705392572e-03
-2.110821516082025777e-03
-2.112159579187611672e-03
-2.125271802256575599e-03
-2.117065852417320329e-03
-2.116028539446796961e-03
-2.125126077254290823e-03
-2.124674523891483154e-03
-2.139676531193336791e-03
-2.141624893294028116e-03
-2.144595734193327236e-03
-2.150054826743690636e-03
-2.141968102033905801e-03
-2.143557717958875872e-03
-2.147036990446965932e-03
-2.140503091372062457e-03
-2.138639527180355698e-03
-2.143475970124044186e-03
-2.136867165807618697e-03
-2.134813153671385241e-03
-2.152054497999026164e-03
-2.144552035497390274e-03
-2.145467911533876885e-03
-2.151073624834857340e-03
-2.159278826547938318e-03
-2.163687411707670635e-03
-2.157080907267458231e-03
-2.160247925240252592e-03
-2.169437784606571742e-03
-2.166190135550593449e-03
-2.163133232514244646e-03
-2.160756864461133540e-03
-2.170187094215119284e-03
-2.163968348242617089e-03
-2.167423542270277212e-03
-2.176179545883373100e-03
-2.173645424456191640e-03
-2.170408513331086812e-03
-2.211777253708552271e-03
-2.211380841636951308e-03
-2.212080959536466291e-03
-2.212157099381854928e-03
-2.212265213426177490e-03
-2.212711151480613227e-03
-2.212032099260316173e-03
-2.212642841274595033e-03
-2.212829042287922654e-03
-2.211393127186551955e-03
-2.212503500872414937e-03
-2.212424137413748076e-03
-2.210230510952478772e-03
-2.211836422211716554e-03
-2.211485438817840151e-03
-2.208534106822514654e-03
-2.210001527348765850e-03
-2.210630369062822724e-03
-2.206293381112526750e-03
-2.208873724825444109e-03
-2.207960652438967133e-03
-2.210901074009311192e-03
-2.209999331462762871e-03
-2.210948381160414335e-03
-2.209536397234974307e-03
-2.208129604073776325e-03
-2.209322682007940249e-03
-2.207690332900632841e-03
-2.205779838997655364e-03
-2.207212417070603810e-03
-2.205369219703833244e-03
-2.202957426388883581e-03
-2.204625378087003533e-03
-2.202578591745711634e-03
-2.199668929021869092e-03
-2.201568550647124787e-03
-2.199323154413700132e-03
-2.195920054316985448e-03
-2.198048081023538762e-03
-2.195606770317114036e-03
-2.191715636683857008e-03
-2.194069253267288966e-03
-2.191432454994886488e-03
-2.187059629871737545e-03
-2.189636476452109549e-03
-2.186802382189833444e-03
-2.181955109111744992e-03
-2.184753281807575755e-03
-2.181717898328158507e-03
-2.179422329456302387e-03
-2.176404282700625768e-03
-1.821623699351132639e-03
-1.718794200064525327e-03
-1.735743296787400957e-03
-1.706893128165901628e-03
-1.776426243187904930e-03
-1.792097358247595308e-03
-1.764377265674743189e-03
-1.549792081256380237e-03
-1.572164379552677942e-03
-1.536284919348527168e-03
-1.687569866445700001e-03
-1.312625327962523014e-03
-1.314002188721376078e-03
-1.349029117125591197e-03
-1.276876229707955054e-03
-1.393337243965362586e-03
-1.433834022493121882e-03
-1.389381559049321022e-03
-1.511762195497329958e-03
-1.211087266089514586e-03
-1.177764882479396613e-03
-1.225922205878425368e-03
-1.609835658890187851e-03
-1.601794744327097921e-03
-1.633389307262323939e-03
-1.078032597122541118e-03
-1.130184791817623845e-03
-1.111561457538865578e-03
-1.267967816797420117e-03
-1.264131162659099233e-03
-1.224731229897241388e-03
-1.306144582571242083e-03
-1.325842244138957350e-03
-1.372382845903283516e-03
-1.334715179718110392e-03
-1.482725961923503366e-03
-1.486713141307196163e-03
-1.450733651705347514e-03
-1.515942356490520854e-03
-1.601270040864968868e-03
-1.607039630682033718e-03
-1.575372884020904453e-03
-1.659958036223279591e-03
-1.666546629776329697e-03
-1.636559471342986447e-03
-1.688001217430432554e-03
-1.700653144107821700e-03
-1.727378661847599195e-03
-1.708428594800154993e-03
-1.787314654003251211e-03
-1.770703989319069365e-03
-1.796595733401169011e-03
-1.811353187059869252e-03
-1.995956695216597084e-03
-2.005794796798152178e-03
-1.988354210511815347e-03
-1.940336864623881143e-03
-1.960525605075421913e-03
-1.947407452332069328e-03
-1.848261343659909472e-03
-1.882584876424889773e-03
-1.871876836398471715e-03
-1.893120107269329576e-03
-1.902258486811444875e-03
-1.930972529738662425e-03
-2.011491629801001081e-03
-2.031224751363077535e-03
-2.043973500046089315e-03
-2.060051835405532321e-03
-2.069490003892724035e-03
-2.056236790597210876e-03
-2.095096288728332760e-03
-2.116052315869623637e-03
-2.072144508132599521e-03
-2.126954324659474996e-03
-2.128567978365396990e-03
-2.162857799171373843e-03
-2.168526118465431956e-03
-2.162073893722618947e-03
-2.127305523632917750e-03
-2.128244324899809803e-03
-2.136075753104697394e-03
-2.150945817401033605e-03
-2.156244707405258372e-03
-2.147878990141943896e-03
-2.169261450097020004e-03
-2.193983656365179266e-03
-2.199087480111572637e-03
-2.194995725024721615e-03
-2.186193635985608699e-03
-2.191194913056809454e-03
-2.186833926798955295e-03
-2.175949806901623148e-03
-2.181802668446310503e-03
-2.175689143770418062e-03
-2.200679372688177718e-03
-2.204745381275303572e-03
-2.202375510555273745e-03
-2.202714399975033710e-03
-2.204196386074546744e-03
-2.207493155731032278e-03
-2.206150611683080093e-03
-2.200567368151083031e-03
-2.204328504362693727e-03
-2.202663554080186350e-03
-2.205688713797828056e-03
-2.203497497189579445e-03
-2.206554585133886116e-03
-2.205350827626075330e-03
-1.861562999307509337e-03
-1.873434759180237982e-03
-1.848382325537793313e-03
-1.896645366134139254e-03
-1.917714574353065159e-03
-1.950737049342405292e-03
-1.939011882660671583e-03
-1.957788363339810732e-03
-2.002407493672365459e-03
-1.983578412615680069e-03
-1.991903445705737238e-03
-2.015188058629242742e-03
-1.998295066057635683e-03
-2.004786063322424716e-03
-2.020927864970365351e-03
-2.048333212579044917e-03
-2.037591543907330688e-03
-2.052202013659592487e-03
-2.076010008303229726e-03
-2.066070668596281783e-03
-2.079402596001204279e-03
-2.107680918412945317e-03
-2.095243600304884032e-03
-2.098397146497457504e-03
-2.109572478756172390e-03
-2.127138514428539469e-03
-2.119929897431286400e-03
-2.118016708549827661e-03
-2.132841195873012158e-03
-2.122118716812465382e-03
-2.122600023079145894e-03
-2.126135454554456926e-03
-2.141335010751323729e-03
-2.132810857895577235e-03
-2.133771565545793374e-03
-2.141500625798769750e-03
-2.132841337147139971e-03
-2.133328293906784634e-03
-2.152916296132303519e-03
-2.145911792807199143e-03
-2.146689482793769609e-03
-2.152655525926281972e-03
-2.147743392879982588e-03
-2.146595018078509449e-03
-2.156164062842773430e-03
-2.149499244454900794e-03
-2.151379238534705581e-03
-2.148277126256808479e-03
-2.150760557309155680e-03
-2.145010404788216547e-03
-2.142208840460001987e-03
-2.152237292055019478e-03
-2.162205295730338164e-03
-2.154373081139500726e-03
-2.158921850783977400e-03
-2.168871564334856790e-03
-2.162243366088177892e-03
-2.165907329473266713e-03
-2.166601950556836138e-03
-2.175035743897484053e-03
-2.168977464456522172e-03
-2.172250694937371239e-03
-2.166926954016638700e-03
-2.173149896792903046e-03
-2.178918052447350456e-03
-2.211952361717073063e-03
-2.211324082582200382e-03
-2.212079792913465830e-03
-2.211697550714071883e-03
-2.210796229436203224e-03
-2.209365914640280208e-03
-2.207396261184395216e-03
-2.204876577827725049e-03
-2.210203136338533339e-03
-2.208597002480824217e-03
-2.206512411076029002e-03
-2.203955304143241471e-03
-2.200930806638106384e-03
-2.197443207299558474e-03
-2.193495949461977089e-03
-2.189091631527639425e-03
-2.184232016818160073e-03
-1.834523873393168348e-03
-1.747386421949192461e-03
-1.831388586083769173e-03
-1.819573193201812515e-03
-1.803845174939603703e-03
-1.579811791263498275e-03
-1.678143649340831101e-03
-1.667269199214951262e-03
-1.698455427629972422e-03
-1.353062079437785704e-03
-1.261956069752730343e-03
-1.466078557866528579e-03
-1.429549066099619278e-03
-1.469848956337106889e-03
-1.545787193812420395e-03
-1.510213188663019936e-03
-1.548046206518191624e-03
-1.643968797680569159e-03
-1.123558124537163763e-03
-1.152954601703650751e-03
-1.100580126243004640e-03
-1.225866105902254782e-03
-1.203728910499729911e-03
-1.246509543441365938e-03
-1.296546890896295738e-03
-1.413358698864423122e-03
-1.415843332895669326e-03
-1.369608117883534121e-03
-1.447856177088706949e-03
-1.539674120245108999e-03
-1.511185928022262077e-03
-1.544405138976747858e-03
-1.630485375807390076e-03
-1.570338067638909780e-03
-1.680385341774802421e-03
-1.736111310706011301e-03
-1.718456226198890931e-03
-1.745055440391869803e-03
-1.761717442230764045e-03
-1.815327493827286615e-03
-1.801322792003979276e-03
-1.825370251389064934e-03
-1.967600263530149864e-03
-1.974550598915574082e-03
-1.981840663705002319e-03
-1.953889842434765930e-03
-1.838284535097428314e-03
-1.840231469279464144e-03
-1.850621666746759793e-03
-1.861360107519082884e-03
-1.898319247104883738e-03
-1.890471150519791631e-03
-1.910145951681792862e-03
-1.919350702617164759e-03
-2.006264980443471860e-03
-2.001121958516437465e-03
-2.016671082608321921e-03
-2.021073450567970053e-03
-2.016020384130573582e-03
-2.034336752902652420e-03
-2.025856374678839094e-03
-2.036842728125159638e-03
-2.044952467039682156e-03
-2.048542828746117723e-03
-2.087921265126740401e-03
-2.085962101419988959e-03
-2.097054070320996961e-03
-2.108959660477368638e-03
-2.117553631863212243e-03
-2.107467838353379794e-03
-2.064647850993113834e-03
-2.062357735860101057e-03
-2.074457347437883622e-03
-2.118584515062735263e-03
-2.111537323230216600e-03
-2.119745009004948832e-03
-2.120331568421805757e-03
-2.157000243666256072e-03
-2.112476926083230785e-03
-2.119876252400555022e-03
-2.120810598913321163e-03
-2.135284315100482479e-03
-2.140163949631828516e-03
-2.131300671367552732e-03
-2.143235412037546722e-03
-2.163975557475823590e-03
-2.169829916505792121e-03
-2.163406539215320060e-03
-2.190156767864013219e-03
-2.197384410271542576e-03
-2.181184699788064809e-03
-2.170071455114925326e-03
-2.196319545358494871e-03
-2.200530221517445900e-03
-2.198494755809876980e-03
-2.202363672474087850e-03
-2.198422571644825449e-03
-2.200135370810760767e-03
-2.203660856758690983e-03
-2.202159883483912305e-03
-2.201795913627831690e-03
-1.909961324596981622e-03
-1.897644360247725728e-03
-1.885726643977236015e-03
-1.932934459004613048e-03
-1.909134474454492452e-03
-1.920485601537924277e-03
-1.929270999469172212e-03
-1.988102693376852734e-03
-1.976473632655337698e-03
-1.969361737340583757e-03
-1.995230597852172896e-03
-2.008713206704605334e-03
-2.031768323819972341e-03
-2.062177547734977273e-03
-2.101910425334489654e-03
-2.088955929258315240e-03
-2.092361312627480808e-03
-2.104691138763981322e-03
-2.129756042096021991e-03
-2.118666506464901653e-03
-2.120690890081689071e-03
-2.129918019521999210e-03
-2.131037161608556087e-03
-2.142270912883856987e-03
-2.134658500742829361e-03
-2.133712296268931545e-03
-2.141283435618051081e-03
-2.141767906771656609e-03
-2.152594106046415434e-03
-2.154265755165351084e-03
-2.159097406448690255e-03
-2.161183967408400030e-03
-2.155519365063419870e-03
-2.154019529103862358e-03
-2.165443736632944281e-03
-2.158674000028896773e-03
-2.157680011137481924e-03
-2.158676106539579673e-03
-2.150963180659940660e-03
-2.152738282411324321e-03
-2.154099316734253006e-03
-2.148726320940872077e-03
-2.147732466484837156e-03
-2.164708843800507761e-03
-2.158267964447602247e-03
-2.158687552796496358e-03
-2.165492065462453798e-03
-2.171917792683105992e-03
-2.175479870858589796e-03
-2.172472039262772665e-03
-2.169606626886468655e-03
-2.180648039076596000e-03
-2.177830812298445912e-03
-2.175064745416519299e-03
-2.172845679060108563e-03
-2.181086082681063434e-03
-2.175614956062256466e-03
-2.178622863530874261e-03
-2.186171543343732628e-03
-2.181155650323478822e-03
-2.183935577934586168e-03
-2.211004673055059523e-03
-2.211379748295964117e-03
-2.211576048785263409e-03
-2.211130897855864696e-03
-2.211004804880815997e-03
-2.211449212356243147e-03
-2.210385688429747711e-03
-2.211259969912449976e-03
-2.211204003819367599e-03
-2.209267570754890400e-03
-2.210638024059461033e-03
-2.210325326129837509e-03
-2.207643324709132864e-03
-2.209505846780830413e-03
-2.208931680308075848e-03
-2.205505391796214361e-03
-2.207014213590615444e-03
-2.207854819477535289e-03
-2.202845715946227800e-03
-2.204563629534248177e-03
-2.205675839062238783e-03
-2.199655814035961481e-03
-2.202959394424688216e-03
-2.201570267147138962e-03
-2.210770062589339016e-03
-2.210141911087153306e-03
-2.210830601883712141e-03
-2.209927150052979142e-03
-2.208797115936893523e-03
-2.209726628764101513e-03
-2.208606391249577985e-03
-2.206975706949134558e-03
-2.208142964680526611e-03
-2.206811240037373154e-03
-2.206084507233458010e-03
-2.204682180541179572e-03
-2.204544357096226408e-03
-2.203555355016609697e-03
-2.201920221917135281e-03
-2.201807603516433946e-03
-2.200558792348262984e-03
-2.198692694822835907e-03
-2.198602043850928119e-03
-2.197097283757557667e-03
-2.195001640935992891e-03
-2.194927958327823076e-03
-2.190848288600762226e-03
-2.193172477951345779e-03
-2.190784863860632641e-03
-2.186233070572722245e-03
-2.188785220944179134e-03
-1.846582963322983273e-03
-1.741263817325632360e-03
-1.729869135960163031e-03
-1.758820683612923562e-03
-1.800075976854202068e-03
-1.815856274521418859e-03
-1.788086043345421365e-03
-1.578066945494208465e-03
-1.709519705225545552e-03
-1.358001672996925722e-03
-1.334921629264028018e-03
-1.375564991112422945e-03
-1.277572681594144445e-03
-1.244230146183704930e-03
-1.295064253966449717e-03
-1.505722822445631267e-03
-1.423136270863390070e-03
-1.408042665554332324e-03
-1.444845847111277982e-03
-1.631837976368159847e-03
-1.620775319025975856e-03
-1.654911655042558619e-03
-1.012527316750525376e-03
-1.068046890427238249e-03
-1.045768913980582712e-03
-1.174174326820358804e-03
-1.275123272407530095e-03
-1.346915392385747553e-03
-1.336440452224682768e-03
-1.380061462535437170e-03
-1.475070231019735660e-03
-1.444276298079909043e-03
-1.478733812923758995e-03
-1.507253944568200197e-03
-1.645435187487053873e-03
-1.652576831713095749e-03
-1.623345796401339186e-03
-1.587944306968521336e-03
-1.563801066781795668e-03
-1.594475799572375252e-03
-1.673044415030668954e-03
-1.683208012802729853e-03
-1.709673894152589305e-03
-1.691964836914767317e-03
-1.766526872508691632e-03
-1.751320145757782800e-03
-1.776947547670435553e-03
-1.790990227196731814e-03
-1.974638718840614551e-03
-1.985378113521559223e-03
-1.971130903627328970e-03
-1.943095915757137374e-03
-1.955421325864523455e-03
-1.941808481533054912e-03
-1.827657306422929458e-03
-1.859245375451920243e-03
-1.849616390098230518e-03
-1.870929487314637769e-03
-1.878823619253395909e-03
-1.909989993496382342e-03
-1.904134071763885234e-03
-1.925140985759743895e-03
-1.990566374553166731e-03
-2.011043791424290371e-03
-2.026415210330354856e-03
-2.039635745689817332e-03
-2.049951838000291932e-03
-2.038256806959036927e-03
-2.076410778998382615e-03
-2.098559162650298453e-03
-2.052273845746735957e-03
-2.110125446644846563e-03
-2.111778957256818870e-03
-2.150522985553665785e-03
-2.156802729558825876e-03
-2.150755177102182600e-03
-2.112964895814246728e-03
-2.120281919111439636e-03
-2.112547705193333625e-03
-2.124260717928341986e-03
-2.143046663581624559e-03
-2.157367727333415596e-03
-2.185949246460524263e-03
-2.186069634855252256e-03
-2.189986703388277847e-03
-2.191210476026948621e-03
-2.192576352317056505e-03
-2.195934365661173730e-03
-2.175649591861348112e-03
-2.181051698159126254e-03
-2.175812180351174591e-03
-2.164598029141200954e-03
-2.164280479730194568e-03
-2.170387695605431513e-03
-2.193742099413403118e-03
-2.196195711334064313e-03
-2.198374896568997764e-03
-2.200180255555479487e-03
-2.191666666905347453e-03
-2.193985157042034617e-03
-2.196100167190225515e-03
-2.198143008779485010e-03
-2.195926846703436051e-03
-2.199695646519059852e-03
-2.198024161856561385e-03
-1.921645371475772923e-03
-1.885543043386494425e-03
-1.873426749679065004e-03
-1.897839699087714924e-03
-1.941914216227554838e-03
-1.973706173427966851e-03
-1.962125322000166008e-03
-1.980926782107517246e-03
-2.024090893137632952e-03
-2.013228008010461804e-03
-2.006108815667078521e-03
-2.038939139506552607e-03
-2.020663144125961833e-03
-2.027052423378229284e-03
-2.043620871035581234e-03
-2.068439578872052764e-03
-2.058404868182219481e-03
-2.072229280018941279e-03
-2.095470884551110195e-03
-2.085761759072798319e-03
-2.098654171000970473e-03
-2.125193815259080778e-03
-2.113497291826580901e-03
-2.116357387935403119e-03
-2.127341082812563705e-03
-2.143824262774759321e-03
-2.135417870297703392e-03
-2.138026081125800858e-03
-2.148951038161266754e-03
-2.140758950085267821e-03
-2.139217936633695631e-03
-2.142936882446751755e-03
-2.156051422921235767e-03
-2.148630495862417864e-03
-2.148737288575403980e-03
-2.157397631129822583e-03
-2.149373663039292302e-03
-2.149776555025456094e-03
-2.163846326615554566e-03
-2.158301423117538025e-03
-2.158169736123123107e-03
-2.162458390795791476e-03
-2.159308219702008296e-03
-2.157547086447236199e-03
-2.168279676981309072e-03
-2.162199513212258780e-03
-2.165242791991286303e-03
-2.159724906126004110e-03
-2.163150715663303327e-03
-2.164888455602518181e-03
-2.156238065702258296e-03
-2.155028569523381385e-03
-2.164073139893248759e-03
-2.174548586787580871e-03
-2.168344817153048353e-03
-2.171695728939262646e-03
-2.180378726413129045e-03
-2.174601475427605669e-03
-2.177696625257936371e-03
-2.178098481142707980e-03
-2.185678779558018758e-03
-2.180336652015972630e-03
-2.183175638628879686e-03
-2.178273950839301493e-03
-2.183599343803592843e-03
-2.188451086644382319e-03
-2.210678640827374447e-03
-2.211051485916816668e-03
-2.210934170962392583e-03
-2.209809595121962639e-03
-2.208437660326326765e-03
-2.206555555281688053e-03
-2.204155468513450868e-03
-2.201229126706674959e-03
-2.197767865135152095e-03
-2.210332041133819189e-03
-2.209249706920250137e-03
-2.207691014035981919e-03
-2.205659022688946213e-03
-2.203155996319064187e-03
-2.200183399921388627e-03
-2.196741907688846713e-03
-2.192831419619333325e-03
-1.858450724923761633e-03
-1.770479147017767468e-03
-1.855730666285805922e-03
-1.843689308936319587e-03
-1.827868951930632264e-03
-1.588776886631118861e-03
-1.700612046912895444e-03
-1.689249564218771836e-03
-1.720897148086804850e-03
-1.317552656614157840e-03
-1.390181861559568362e-03
-1.499369123447052456e-03
-1.482647906445483475e-03
-1.522726069320170118e-03
-1.461233317873390954e-03
-1.666003154366609874e-03
-1.064956108757261592e-03
-1.038823292497265908e-03
-1.094307235380120001e-03
-1.175881668550150718e-03
-1.199813550552519901e-03
-1.149398232926139140e-03
-1.270359119583662185e-03
-1.297724132706045471e-03
-1.248481020178430177e-03
-1.399124172527030276e-03
-1.405802434285813741e-03
-1.373017526468980854e-03
-1.308392031891738184e-03
-1.436973151101307491e-03
-1.528299845495782218e-03
-1.501694328503542109e-03
-1.533864228425571227e-03
-1.616601832654722577e-03
-1.558033042207471143e-03
-1.664356061441741533e-03
-1.715602832636919581e-03
-1.699429622918676623e-03
-1.725875752974467912e-03
-1.741128326109101085e-03
-1.793457222438046752e-03
-1.804476119185891795e-03
-1.779982884901881203e-03
-1.958960522324165732e-03
-1.926581972512356362e-03
-1.816836668419135204e-03
-1.816072306450854448e-03
-1.827935384107575324e-03
-1.837547425536128608e-03
-1.872522874470511356e-03
-1.885492697985863449e-03
-1.865904220155713148e-03
-1.891318499951233963e-03
-1.984171678567838056e-03
-1.979387022019893708e-03
-1.995314318613925809e-03
-2.000167378203172516e-03
-2.013721961270158092e-03
-2.015019793793710288e-03
-2.025448111421348715e-03
-2.026808954877047392e-03
-2.068821112384815631e-03
-2.078499389616710134e-03
-2.066725668842215712e-03
-2.091249749221171534e-03
-2.100232219068755377e-03
-2.089588563546344868e-03
-2.043756940559412778e-03
-2.041711058148024897e-03
-2.054363141522002039e-03
-2.101393994016671068e-03
-2.093737950828081229e-03
-2.102508314409024751e-03
-2.102989230529616217e-03
-2.094188545354045208e-03
-2.103566649163978071e-03
-2.103206279395680896e-03
-2.118770070141363059e-03
-2.127196007842847934e-03
-2.115824879685959149e-03
-2.136127900218416989e-03
-2.143458752904645742e-03
-2.135694436924857886e-03
-2.151527984545592923e-03
-2.157874391172024189e-03
-2.151020591188038643e-03
-2.180893324945270932e-03
-2.188559043267277425e-03
-2.170236662709741117e-03
-2.158179434471720840e-03
-2.186574151765389041e-03
-2.191413393759160388e-03
-2.188868071185488557e-03
-2.193907023395465401e-03
-2.189080233772202049e-03
-2.191649662503682063e-03
-2.195874491901020787e-03
-2.193915093974178540e-03
-2.193762708148185633e-03
-1.955449273267674710e-03
-1.932802934540190634e-03
-1.944289043404106351e-03
-1.933763414338031134e-03
-1.909628450677184393e-03
-1.921985781876506651e-03
-1.953306060998350174e-03
-2.010725631572416426e-03
-1.992173923866426798e-03
-1.999441928727588129e-03
-2.017439767068182621e-03
-2.031482059286578504e-03
-2.053691777716516904e-03
-2.081975783081666583e-03
-2.120423975009754977e-03
-2.111120457678629121e-03
-2.107940318191616706e-03
-2.122705120828017201e-03
-2.147082679685967908e-03
-2.136047271008716629e-03
-2.138304702579676888e-03
-2.156684148408766037e-03
-2.144607823261195090e-03
-2.150141155822598692e-03
-2.147777871584514650e-03
-2.152531293062603327e-03
-2.157956009407074882e-03
-2.150798366191222083e-03
-2.150038668176638100e-03
-2.156611632929154518e-03
-2.157547265357027261e-03
-2.163060723540666253e-03
-2.165365681038004461e-03
-2.171387341808331956e-03
-2.172010117268239216e-03
-2.166473419317930128e-03
-2.165166783722255982e-03
-2.172292516037134611e-03
-2.168858368309211325e-03
-2.166676730822555443e-03
-2.175834964117734187e-03
-2.170600089383566481e-03
-2.170176517860600979e-03
-2.168434579312035308e-03
-2.161185926217246492e-03
-2.163443073658705140e-03
-2.162136870299284294e-03
-2.175158115569307549e-03
-2.169390723265366642e-03
-2.169817942130905508e-03
-2.177425194559157607e-03
-2.182997994782366613e-03
-2.185804417224477148e-03
-2.183237781238759646e-03
-2.180662208729758182e-03
-2.190412712314119235e-03
-2.188036406606934728e-03
-2.185549034751800134e-03
-2.183455823349244630e-03
-2.190499675835738333e-03
-2.185774102695926986e-03
-2.188326953428486755e-03
-2.194662228996419485e-03
-2.190399563094484661e-03
-2.192715570666850609e-03
-2.208691091829023158e-03
-2.209533086704742414e-03
-2.209835565037676641e-03
-2.209812038016494701e-03
-2.210403180340074578e-03
-2.210459533006577364e-03
-2.210449665425664838e-03
-2.210785158636000870e-03
-2.210598141576067960e-03
-2.207083227979661499e-03
-2.208721586914934917e-03
-2.208169890801925557e-03
-2.204984158930159942e-03
-2.207112266626801590e-03
-2.206307950258712663e-03
-2.202388951058493246e-03
-2.205001637985041802e-03
-2.203941018046536113e-03
-2.199292074783512543e-03
-2.201062300378237632e-03
-2.202383155206235482e-03
-2.195687460670956229e-03
-2.197664520071286598e-03
-2.199249753931927648e-03
-2.191568560177651302e-03
-2.193739982385145559e-03
-2.195593916920301862e-03
-2.210606848990607793e-03
-2.210255320865586650e-03
-2.210683309717712593e-03
-2.210285713583923489e-03
-2.209434249871294800e-03
-2.210101188140589385e-03
-2.209487617018438509e-03
-2.209041588917951427e-03
-2.208137335247068161e-03
-2.208213142239147213e-03
-2.206366199393291344e-03
-2.207506530952653076e-03
-2.206462098949282542e-03
-2.205497249836762229e-03
-2.204121678072011158e-03
-2.204233534527173712e-03
-2.203014200104697236e-03
-2.201403827404733483e-03
-2.201525753884427290e-03
-2.200057066703412813e-03
-2.198211939942512974e-03
-2.198336347781070389e-03
-2.194544569342146440e-03
-2.196624785259070761e-03
-1.870738575752485013e-03
-1.764732755027407759e-03
-1.752862934967721296e-03
-1.782373162537805120e-03
-1.824394767026978623e-03
-1.840168006113384854e-03
-1.812095445124057951e-03
-1.584132060200894214e-03
-1.564901475575870404e-03
-1.608033169451767320e-03
-1.732490658615577599e-03
-1.343665796174016653e-03
-1.310561994605950135e-03
-1.350733871373182605e-03
-1.436125332435472064e-03
-1.397142735400507506e-03
-1.429623301240579014e-03
-1.541863482542283996e-03
-1.467775651523256942e-03
-1.657631004133093512e-03
-1.644627133819357573e-03
-1.679098091399041075e-03
-9.481741843455593040e-04
-1.006873862871913170e-03
-9.808005723818912207e-04
-1.120299479115092599e-03
-1.222719130419535781e-03
-1.322221552357702272e-03
-1.334956043744667817e-03
-1.359854787492980948e-03
-1.296559012124546889e-03
-1.466382315258495973e-03
-1.432460712434478582e-03
-1.470581490459990865e-03
-1.497236564279784020e-03
-1.628619449035932556e-03
-1.636949985547695493e-03
-1.608277071132022118e-03
-1.571902456114643905e-03
-1.579843989709804174e-03
-1.550110281709009795e-03
-1.655913863818588233e-03
-1.662805274743020707e-03
-1.689212161238142027e-03
-1.672975131411480378e-03
-1.743137925781594252e-03
-1.754936511522662678e-03
-1.729374437274285893e-03
-1.768439839223042093e-03
-1.950616853953071952e-03
-1.962729754651755011e-03
-1.946862127149002206e-03
-1.916786246403404375e-03
-1.930047359680454313e-03
-1.913427801027793671e-03
-1.804538099404917953e-03
-1.833329301322740492e-03
-1.824475972225892990e-03
-1.846343341234878968e-03
-1.853002536597243063e-03
-1.881369382708354947e-03
-1.895765344301140326e-03
-1.876967829514748342e-03
-1.967498070317563654e-03
-1.988574549343033633e-03
-2.002295112884952544e-03
-1.986337965469364957e-03
-2.001220294120524112e-03
-2.017382865614443261e-03
-2.028642094162065070e-03
-2.015570168887702816e-03
-2.056441594467498229e-03
-2.080159806832652600e-03
-2.030718169004906790e-03
-2.092364966696896346e-03
-2.093718838456945421e-03
-2.094816879798153814e-03
-2.104034790423980027e-03
-2.094309197506951260e-03
-2.127597402830476176e-03
-2.106910050012102131e-03
-2.143958646992532961e-03
-2.181025444750025934e-03
-2.183481820428816167e-03
-2.178302162349884854e-03
-2.186073106739312016e-03
-2.164435621336435571e-03
-2.170101446001685471e-03
-2.164532290508632602e-03
-2.152381352694489151e-03
-2.158608554432544808e-03
-2.151951190113880405e-03
-2.183737995998047757e-03
-2.186814708295380712e-03
-2.189232658031072497e-03
-2.191485634566199894e-03
-2.181419421873786752e-03
-2.183990948086773822e-03
-2.186518071968177653e-03
-2.189204329880155026e-03
-2.186928413973681599e-03
-2.191407742291461187e-03
-2.189280626610157470e-03
-1.964652114798318312e-03
-1.944817203813500091e-03
-1.908398709265519532e-03
-1.896854671296661823e-03
-1.921180173169733958e-03
-1.995977454944928859e-03
-1.984748509173598404e-03
-2.003371926290159911e-03
-2.045527147956542960e-03
-2.028142702672872284e-03
-2.034801043153329145e-03
-2.057935855900183512e-03
-2.041019642007561516e-03
-2.048427931164911904e-03
-2.063179208654002984e-03
-2.087694277800006271e-03
-2.078089546264944715e-03
-2.091579130348193705e-03
-2.114143059131345405e-03
-2.104832558638483186e-03
-2.117244682181243683e-03
-2.142942059266111227e-03
-2.131638371629670115e-03
-2.133996715957823826e-03
-2.144846015779711904e-03
-2.157117508422347254e-03
-2.166914691869458245e-03
-2.156862453876774548e-03
-2.157794149374809168e-03
-2.170553135622459856e-03
-2.159678871083941035e-03
-2.163512886726702729e-03
-2.170777306146164445e-03
-2.164054691543675080e-03
-2.163370896275780553e-03
-2.172088752574226431e-03
-2.164691178681359476e-03
-2.164983402116514230e-03
-2.172623295676547744e-03
-2.168193899920254318e-03
-2.167496706997351814e-03
-2.170419477624399487e-03
-2.180073215454242808e-03
-2.177301924374419866e-03
-2.174187923108330395e-03
-2.171965578860457491e-03
-2.169929952598251277e-03
-2.179025476974137503e-03
-2.175637492818635523e-03
-2.172194874228215548e-03
-2.175284835759560068e-03
-2.177330294416343192e-03
-2.169437650692922909e-03
-2.173749197205893970e-03
-2.185529761811083257e-03
-2.182944695058564553e-03
-2.180018395421528567e-03
-2.190485346203702686e-03
-2.188073286784343683e-03
-2.185412904768104046e-03
-2.188138286770618599e-03
-2.194899331652291289e-03
-2.190272154671542987e-03
-2.192666610987268824e-03
-2.188144277528357440e-03
-2.192555370511232917e-03
-2.196475631584729644e-03
-2.207868722707358351e-03
-2.209233865628423658e-03
-2.210113645025151008e-03
-2.210511299343128049e-03
-2.206014271213464512e-03
-2.203665898547644327e-03
-2.200818371005111834e-03
-2.197465887050878940e-03
-2.193602135739293729e-03
-2.189220357486494802e-03
-2.210429329764148580e-03
-2.209869478591831686e-03
-2.208832716821582977e-03
-2.207319241067017164e-03
-2.205328479854134615e-03
-2.202859109038617699e-03
-2.199909075934952662e-03
-1.882046622993334504e-03
-1.794392779157188544e-03
-1.880057904784575035e-03
-1.867998342550580837e-03
-1.852179427234991547e-03
-1.620824039696553212e-03
-1.726221397429137999e-03
-1.713299578685864794e-03
-1.745453384978632849e-03
-1.389904689936566828e-03
-1.534461162528194013e-03
-1.517095009760562139e-03
-1.559365188084794324e-03
-1.485383543654753436e-03
-1.691798145155177808e-03
-1.013682948994221438e-03
-1.038776261695546028e-03
-9.804154682340701123e-04
-1.108652325982771494e-03
-1.087085267625782867e-03
-1.141383525666545820e-03
-1.257653533821348740e-03
-1.263691283068002144e-03
-1.217067481821130365e-03
-1.340141385836522659e-03
-1.369161377612374128e-03
-1.331583322112555277e-03
-1.290033108172795699e-03
-1.413785758481595108e-03
-1.406741645711015671e-03
-1.439902784027331187e-03
-1.512569581308108053e-03
-1.520324818569883732e-03
-1.489460863668148893e-03
-1.600227083306224405e-03
-1.542194576996260870e-03
-1.645680931473150407e-03
-1.691682024516382972e-03
-1.703724408819638943e-03
-1.677198933895059346e-03
-1.717541696769811282e-03
-1.766862038383248089e-03
-1.780342708118149483e-03
-1.754993252949664951e-03
-1.933814015267684315e-03
-1.899186366917940665e-03
-1.791392213954089412e-03
-1.791029154545729918e-03
-1.803247925792496927e-03
-1.812025024629410151e-03
-1.844408926462812138e-03
-1.838893776401018428e-03
-1.858565967699481701e-03
-1.862992391627579271e-03
-1.958962159521984887e-03
-1.954754619058508835e-03
-1.971621376786289025e-03
-1.973831967852613702e-03
-1.989377815476760410e-03
-2.001709709333358931e-03
-1.989042938368486974e-03
-2.003520874328144560e-03
-2.047418311501273194e-03
-2.058292842976784057e-03
-2.045580606520866918e-03
-2.073016420150708503e-03
-2.070907552788017487e-03
-2.082259412389111507e-03
-2.020393489939962400e-03
-2.018893945277415707e-03
-2.032246257323103069e-03
-2.083380394020422754e-03
-2.074627835396311484e-03
-2.084014982719331176e-03
-2.084245427258178684e-03
-2.074444739110107693e-03
-2.084599990065539449e-03
-2.084184108749997065e-03
-2.120221317984545203e-03
-2.119454095495795949e-03
-2.128310179835845445e-03
-2.104146440223971307e-03
-2.099484474624415710e-03
-2.111612738723869960e-03
-2.137655226982405551e-03
-2.144727836720623695e-03
-2.136879141327328261e-03
-2.171747825853122347e-03
-2.173771970982357575e-03
-2.176375564991088994e-03
-2.168169709536308786e-03
-2.158537603583446981e-03
-2.145139246160263080e-03
-2.174464138322079569e-03
-2.180470603299067278e-03
-2.177685402064230384e-03
-2.184084222449641371e-03
-2.177882048041753643e-03
-2.181759802244485381e-03
-2.186683004084608983e-03
-2.184278080148021901e-03
-2.184313435183918642e-03
-1.975700257817365919e-03
-1.978025318075261885e-03
-1.956021600906714640e-03
-1.966885894447352803e-03
-1.958362592839572522e-03
-1.933282092476488849e-03
-1.946130490596744344e-03
-2.033108115201993395e-03
-2.021932441630141901e-03
-2.014522285708466361e-03
-2.039335079650396280e-03
-2.051724012481314155e-03
-2.072819541207986463e-03
-2.100935032455323107e-03
-2.138237181055231001e-03
-2.126189120924574724e-03
-2.129283045685114589e-03
-2.140493280099858928e-03
-2.162973498017132633e-03
-2.152878148827109487e-03
-2.154917360237651024e-03
-2.172360021459438309e-03
-2.164442655902045279e-03
-2.165074813345973376e-03
-2.164698518883343033e-03
-2.168519979002111846e-03
-2.171264702382409185e-03
-2.171337755589323060e-03
-2.172099820060632500e-03
-2.176356973802839965e-03
-2.182777688166805119e-03
-2.184539910589707035e-03
-2.178101970925469359e-03
-2.178287916415350394e-03
-2.182380507635891913e-03
-2.177077345265644986e-03
-2.175301889841039539e-03
-2.181655607238097705e-03
-2.184628322002927017e-03
-2.179820530177793442e-03
-2.180198004326292308e-03
-2.186359154517151376e-03
-2.182636767458344222e-03
-2.181016525084547488e-03
-2.181278071886585262e-03
-2.174740258575596358e-03
-2.175965427286680621e-03
-2.184882303172562545e-03
-2.179913503836462905e-03
-2.178664816529006162e-03
-2.187979508073556369e-03
-2.192667292956942265e-03
-2.194663778841087886e-03
-2.190251276679751856e-03
-2.192548162288330237e-03
-2.198733184809512770e-03
-2.196808694767184936e-03
-2.194588469064743131e-03
-2.192590699829844586e-03
-2.198430183918333169e-03
-2.196538821571405575e-03
-2.194448962686578776e-03
-2.201653579284164938e-03
-2.198143088167291669e-03
-2.199988124066704336e-03
-2.204838597369874684e-03
-2.206751306201484592e-03
-2.205955091922970866e-03
-2.206946545540713726e-03
-2.208366477849318943e-03
-2.207813277191981050e-03
-2.208577181679285961e-03
-2.209501168264853006e-03
-2.209189273541421576e-03
-2.209731306420743748e-03
-2.210157214900715632e-03
-2.210085280823811341e-03
-2.202251789070729018e-03
-2.204653079914913657e-03
-2.203611799727022303e-03
-2.199183852174097734e-03
-2.202068520848845124e-03
-2.200779799284833995e-03
-2.195631832607162440e-03
-2.198993684843791267e-03
-2.197454848435189886e-03
-2.191592132871874547e-03
-2.195424007931776837e-03
-2.193632113328341116e-03
-2.187060559047672957e-03
-2.191354358090718494e-03
-2.189306222284248538e-03
-2.182032375787143139e-03
-2.184471327549154795e-03
-2.186779093068819818e-03
-2.210408954895640068e-03
-2.210335697207692525e-03
-2.210502754056205537e-03
-2.210609387967711875e-03
-2.210036923734273392e-03
-2.210442386007856284e-03
-2.210331092695917189e-03
-2.209904098902495517e-03
-2.209260428453947017e-03
-2.209571792181111091e-03
-2.208004976541997830e-03
-2.208887045458416635e-03
-2.208328464728931840e-03
-2.206268579442576330e-03
-2.207389619297538304e-03
-2.206597371929241991e-03
-2.204048518890803707e-03
-2.205409474460194846e-03
-2.204374095094302054e-03
-2.202943553574995047e-03
-2.201341379347748414e-03
-1.894305318678740505e-03
-1.790226143908927757e-03
-1.807279893965286523e-03
-1.777361555255699147e-03
-1.849702593377140552e-03
-1.864960296131570362e-03
-1.836935194554053900e-03
-1.612731357951301472e-03
-1.635170884790671311e-03
-1.598437436523065820e-03
-1.758088433240615790e-03
-1.409980849658160149e-03
-1.376625506819074366e-03
-1.422914703558157863e-03
-1.573563624241568638e-03
-1.496674917567011008e-03
-1.515688666584009189e-03
-1.466310805130645279e-03
-1.685176560871139498e-03
-1.705703600958056792e-03
-1.671359691506955729e-03
-8.852803507663957547e-04
-9.493650667098433530e-04
-9.171684845942046057e-04
-1.060595408631333529e-03
-1.178074056560332247e-03
-1.176062343681043114e-03
-1.143073698854262746e-03
-1.217509570614788358e-03
-1.377068118618231512e-03
-1.299337995303945833e-03
-1.454872279768887810e-03
-1.460399377239086569e-03
-1.434307461857044913e-03
-1.483587620122168646e-03
-1.608117070059886331e-03
-1.618353398489284431e-03
-1.590012187926082704e-03
-1.551308874108137809e-03
-1.561591828708051594e-03
-1.531950045224876166e-03
-1.635460633017891182e-03
-1.638373724015822382e-03
-1.665011116892903438e-03
-1.650468844233671890e-03
-1.714429274855668126e-03
-1.728978571408708916e-03
-1.703084597799299970e-03
-1.740878207322111909e-03
-1.924531609198891794e-03
-1.937704948652396383e-03
-1.920661776300285062e-03
-1.888530866337005633e-03
-1.902786181931930953e-03
-1.884954668699115495e-03
-1.778564146331279615e-03
-1.805420310373354043e-03
-1.819509078270937011e-03
-1.797960201835858713e-03
-1.825016595783756149e-03
-1.852698041657641157e-03
-1.867174010039987595e-03
-1.848591644126700234e-03
-1.941869956676668153e-03
-1.962695064302310850e-03
-1.960812644642041282e-03
-1.975675590987369373e-03
-1.976132016434264775e-03
-1.993046322870999087e-03
-2.005369928136012392e-03
-1.991228482579922038e-03
-2.034067277538515253e-03
-2.060389096730431968e-03
-2.006880750995379548e-03
-2.073659059315930038e-03
-2.074242370550151340e-03
-2.072377973678595463e-03
-2.073283301384558353e-03
-2.083618392465558938e-03
-2.129044112031495701e-03
-2.112290593226305926e-03
-2.085295048623032280e-03
-2.094863226059376707e-03
-2.090118318616576449e-03
-2.173025239717229443e-03
-2.164481117728601824e-03
-2.168202450950212218e-03
-2.164463137061565807e-03
-2.152703746404776696e-03
-2.158683908306649728e-03
-2.152533650816024647e-03
-2.139610589330311671e-03
-2.146119411657846417e-03
-2.138617404602801125e-03
-2.176045542337789844e-03
-2.178724817995828563e-03
-2.181407876498410968e-03
-2.169651041619518467e-03
-2.171969683972879359e-03
-2.175510075172332625e-03
-2.178870682770214350e-03
-2.176502376669429452e-03
-2.181692131148522430e-03
-2.179121205159536504e-03
-1.987130293120673713e-03
-1.968414419312722492e-03
-1.933153373720614739e-03
-1.920676313522481915e-03
-1.945772951239786502e-03
-2.020014822167090149e-03
-2.007839916110091411e-03
-2.026462033316439159e-03
-2.066404078427650642e-03
-2.055954660134549916e-03
-2.049766290953564368e-03
-2.078106262326150956e-03
-2.061826867874550114e-03
-2.068014303809898643e-03
-2.082890796440171628e-03
-2.106141544903377370e-03
-2.096937671648428821e-03
-2.110146135010297457e-03
-2.131910178899782023e-03
-2.123059328385243100e-03
-2.135035307311827432e-03
-2.159388859902819455e-03
-2.151097312078247177e-03
-2.148768951666438481e-03
-2.161030054264974007e-03
-2.181475286271175595e-03
-2.174079570706872154e-03
-2.172131603513404938e-03
-2.185209786357339510e-03
-2.175986292498392240e-03
-2.177789524390108013e-03
-2.185739499528905130e-03
-2.178090998927696351e-03
-2.178967831140412106e-03
-2.183335970739848537e-03
-2.177029609725795924e-03
-2.177736476869641426e-03
-2.185612096060003673e-03
-2.178773226327674652e-03
-2.178910732547114162e-03
-2.182407366754206789e-03
-2.190461903521640635e-03
-2.187983896393272659e-03
-2.185245907988758122e-03
-2.183169343320774149e-03
-2.181608620139967401e-03
-2.188763075660471631e-03
-2.183809114688768996e-03
-2.186393813235579589e-03
-2.185375369378585696e-03
-2.184578987212568157e-03
-2.187426390323542712e-03
-2.182202251554356178e-03
-2.195113344815320666e-03
-2.190302654508547494e-03
-2.192790208172923361e-03
-2.199193581669716627e-03
-2.194824588139656068e-03
-2.197039506017099339e-03
-2.196723459191453343e-03
-2.202697418860443280e-03
-2.198785112621547046e-03
-2.200724262504445521e-03
-2.196540446698509209e-03
-2.200020100892500531e-03
-2.202993531268353407e-03
-2.203524696996049959e-03
-2.205873298972516570e-03
-2.207743577577995272e-03
-2.209136706518489111e-03
-2.210053102644248587e-03
-2.200695863683973640e-03
-2.197384187796002850e-03
-2.193586393356381729e-03
-2.189298584465859069e-03
-2.184516296608948836e-03
-2.179234560267040172e-03
-2.210492412597730820e-03
-2.210453508633726961e-03
-2.209934493800009767e-03
-2.208932716496893323e-03
-2.207444794154340192e-03
-2.205466645574470294e-03
-1.906591185561186223e-03
-1.819820937488003665e-03
-1.905313206385751430e-03
-1.877451718960942897e-03
-1.892752047510392038e-03
-1.648855294746644912e-03
-1.753434256573709223e-03
-1.771813035808896984e-03
-1.739742696663372674e-03
-1.453242992823213170e-03
-1.576689554067790388e-03
-1.594743552699952457e-03
-1.555569854861773736e-03
-1.536735751457934084e-03
-1.719225421549367035e-03
-9.665412311961794033e-04
-9.254369080626476118e-04
-9.896861486028453447e-04
-1.091204074374643295e-03
-1.099091378949772560e-03
-1.052298081944385427e-03
-1.134473464618047586e-03
-1.256935403509569981e-03
-1.256911215254033444e-03
-1.217386970759585770e-03
-1.393768636267827578e-03
-1.403536799406801972e-03
-1.367599859509646774e-03
-1.298536585741505087e-03
-1.424097933027290881e-03
-1.493925844343841920e-03
-1.503245951850172742e-03
-1.474506961477619303e-03
-1.579755055228718912e-03
-1.522634869443450318e-03
-1.623124230956477995e-03
-1.662602041290541953e-03
-1.650352458386646895e-03
-1.677289007489030873e-03
-1.688721936796653503e-03
-1.739918997843850536e-03
-1.753597392212167009e-03
-1.727078180490028468e-03
-1.906680340743282121e-03
-1.870752713210017135e-03
-1.765131743110981682e-03
-1.774207097823090207e-03
-1.782677571056579934e-03
-1.789859479343363594e-03
-1.816662238327716641e-03
-1.811043773404782519e-03
-1.830642692062570825e-03
-1.834799594264654651e-03
-1.931486906632148099e-03
-1.927988416241952418e-03
-1.945321749177698900e-03
-1.947204941794756020e-03
-1.964355349996068246e-03
-1.963556764294110187e-03
-1.977011864036189691e-03
-1.978850941275114590e-03
-2.024128952842729236e-03
-2.022251039537515706e-03
-2.035947635190835884e-03
-2.050053257718521902e-03
-2.048727344874567893e-03
-2.061699434995050133e-03
-1.995245315052377507e-03
-1.994152907652457438e-03
-2.008010461306177462e-03
-2.062326568405508168e-03
-2.053536144171891342e-03
-2.063904116397531022e-03
-2.063828507811396422e-03
-2.052948238666627446e-03
-2.062653043191114977e-03
-2.063553984366534554e-03
-2.078901015135883185e-03
-2.124194491109544346e-03
-2.131055423515323261e-03
-2.122167909382698375e-03
-2.104630535920290913e-03
-2.112555786564592440e-03
-2.104373415695606937e-03
-2.095076484848254397e-03
-2.169484101199807384e-03
-2.158693591762557949e-03
-2.146263540405508787e-03
-2.132010981666316533e-03
-2.172809906623210038e-03
-2.163211847924432878e-03
-2.168757958898502591e-03
-2.166340386214665823e-03
-2.170464351199650511e-03
-2.176087128686220694e-03
-2.173244991064498220e-03
-2.173447929362515556e-03
-1.999021918173261511e-03
-2.011202011524878402e-03
-1.994551285113585308e-03
-1.984791898868593779e-03
-1.984736242127719315e-03
-1.971577464764709756e-03
-1.958938719715502819e-03
-2.054593733753099470e-03
-2.037183627404885559e-03
-2.043877284163871620e-03
-2.072244313740987613e-03
-2.060520934554726288e-03
-2.092127019027686594e-03
-2.119051438890210033e-03
-2.155074411826041897e-03
-2.146604555617306811e-03
-2.143488739657097106e-03
-2.157133490089235134e-03
-2.178094183019540706e-03
-2.170425830723940290e-03
-2.168669793457401150e-03
-2.179582113809368400e-03
-2.183150048481222530e-03
-2.185314572244462586e-03
-2.185516826666877507e-03
-2.184426925521876749e-03
-2.187586488819476694e-03
-2.192756867970616953e-03
-2.193808989449570670e-03
-2.189084278595554173e-03
-2.188012935096101275e-03
-2.192291081730528453e-03
-2.186694350338885817e-03
-2.187234721357036744e-03
-2.197332614278697110e-03
-2.190856552318791103e-03
-2.192961091892141248e-03
-2.193848756135081176e-03
-2.190074589777884703e-03
-2.189181113721075204e-03
-2.191335068408371400e-03
-2.188114885315737938e-03
-2.188013978801599604e-03
-2.196148840484982590e-03
-2.192376529475563440e-03
-2.191169246495518631e-03
-2.191546255472613496e-03
-2.186311290119450843e-03
-2.187430798515398525e-03
-2.197130126974702717e-03
-2.200925946268012141e-03
-2.202058792709289062e-03
-2.200404301393169091e-03
-2.198375630147209828e-03
-2.205608789321696506e-03
-2.204147311527619290e-03
-2.202183421132181563e-03
-2.200251891278603295e-03
-2.204878057981770386e-03
-2.201640901995762737e-03
-2.203259675276887306e-03
-2.207145737903807702e-03
-2.205754177236646241e-03
-2.204387273388367426e-03
-2.199447456577538571e-03
-2.200843236379599124e-03
-2.202128155203931549e-03
-2.202534668990703028e-03
-2.204726793828489222e-03
-2.203680673095884980e-03
-2.205152799243016541e-03
-2.206852075942155374e-03
-2.206044067560543852e-03
-2.207300621712819395e-03
-2.208503787199148864e-03
-2.207933580428433646e-03
-2.208976112888101292e-03
-2.209680931280576417e-03
-2.209348599557244431e-03
-2.195891600509298699e-03
-2.197530842894638691e-03
-2.199055606813077324e-03
-2.191866771439354884e-03
-2.195507850996000852e-03
-2.193741851280745468e-03
-2.187371899949054101e-03
-2.191482876965790590e-03
-2.189473928327593556e-03
-2.182405212046174998e-03
-2.186977999656619306e-03
-2.184724090252426060e-03
-2.176964269336720877e-03
-2.179488750109732399e-03
-2.181989903432410977e-03
-2.171045996882671816e-03
-2.173763768922702417e-03
-2.176514689634318021e-03
-2.210176450708584064e-03
-2.210287730661061184e-03
-2.210381725185396086e-03
-2.210898023025783740e-03
-2.210603603716949483e-03
-2.210748797168997273e-03
-2.211136445766035893e-03
-2.210343233524195237e-03
-2.210728849550637216e-03
-2.210886590538606745e-03
-2.209596536542379839e-03
-2.210224184062305978e-03
-2.210142621338124190e-03
-2.208358722443148382e-03
-2.209230370704822269e-03
-2.208898039753474322e-03
-2.207742289904571654e-03
-2.206624329542027693e-03
-1.919278517296659457e-03
-1.817213292068404866e-03
-1.803631676184253539e-03
-1.833440380766308006e-03
-1.876037841716870786e-03
-1.890751925813380146e-03
-1.862789005356586813e-03
-1.645459620264300149e-03
-1.665426921124951287e-03
-1.629102012323684068e-03
-1.785226432762653838e-03
-1.475552875896654669e-03
-1.442602484345572407e-03
-1.486013235434411987e-03
-1.611017418083755294e-03
-1.552661324276562735e-03
-1.524558931884491091e-03
-1.564694891816430971e-03
-1.714118801901410227e-03
-1.699554663303281480e-03
-1.733746944676777327e-03
-8.246240864909241616e-04
-8.955447534294522531e-04
-8.554700371582579094e-04
-1.028208676806901395e-03
-1.183373144477174949e-03
-1.180023040303849330e-03
-1.137322519416178760e-03
-1.219588111356354875e-03
-1.320291183674822660e-03
-1.357078818948671741e-03
-1.330302047806345908e-03
-1.288696156619378039e-03
-1.435189643857272962e-03
-1.414534641086583619e-03
-1.444823868904457744e-03
-1.464478205217045574e-03
-1.582863976761255754e-03
-1.595568599424878340e-03
-1.567085987749925000e-03
-1.525715479419906522e-03
-1.538622319184844260e-03
-1.509876154778470913e-03
-1.610614217207516526e-03
-1.608894205663759062e-03
-1.623358193687860114e-03
-1.635670791382532515e-03
-1.682154602497444454e-03
-1.672326304415067393e-03
-1.698517462356073215e-03
-1.711155287750775258e-03
-1.895796626780114945e-03
-1.910321445412813601e-03
-1.892157429645126548e-03
-1.859212578061684301e-03
-1.874042371691901241e-03
-1.855979701940744901e-03
-1.756963299612490908e-03
-1.782427943301749269e-03
-1.793997341211846404e-03
-1.778354988576314345e-03
-1.799622073375377242e-03
-1.823586159728393359e-03
-1.838257659864223417e-03
-1.820140650482640014e-03
-1.913800438818222000e-03
-1.934131557864946036e-03
-1.948529065251051583e-03
-1.932813031755202656e-03
-1.949383061329235155e-03
-1.966535597096480490e-03
-1.979958399630333144e-03
-1.965464045152776583e-03
-2.009870028065846061e-03
-2.037248475314894832e-03
-1.981065739831815338e-03
-2.051602978518426035e-03
-2.052939462654988258e-03
-2.049998788970210269e-03
-2.061293821371189446e-03
-2.051347952115164727e-03
-2.067635332225625008e-03
-2.070032001705578249e-03
-2.076574159648811833e-03
-2.114501907686252517e-03
-2.084477803475647071e-03
-2.094632524815021653e-03
-2.084899278868319796e-03
-2.163778939757284026e-03
-2.153116265771456983e-03
-2.152916789192397141e-03
-2.158888876246149290e-03
-2.140489294464499419e-03
-2.146707646079745995e-03
-2.140037556785349612e-03
-2.126883150075259063e-03
-2.133360179578602800e-03
-2.125513163908659964e-03
-2.163877303814568803e-03
-2.166759819457854744e-03
-2.169934983866689607e-03
-2.155506398624848149e-03
-2.162504900788141116e-03
-2.159260252331323890e-03
-2.167132504812965300e-03
-2.164646714650782233e-03
-2.170547933903973353e-03
-2.167544143229529780e-03
-2.015543432623871038e-03
-1.997996144837684961e-03
-1.958702056801586537e-03
-1.945853335101099856e-03
-1.971757697697457731e-03
-2.043212018429063376e-03
-2.031530796486572150e-03
-2.048996993358349547e-03
-2.096848456314763434e-03
-2.081617431728792489e-03
-2.087463068166511403e-03
-2.085447050660100068e-03
-2.075899726779355421e-03
-2.070002165623692752e-03
-2.101480002147399634e-03
-2.124173116785482793e-03
-2.115192691352567322e-03
-2.128056728191672457e-03
-2.149489229876629971e-03
-2.140748760792125088e-03
-2.152247353362774732e-03
-2.175406709549899259e-03
-2.165204077017320039e-03
-2.167330067168719669e-03
-2.176604726443424464e-03
-2.195057473541705238e-03
-2.188159533112285504e-03
-2.186499163221179362e-03
-2.197397751327235908e-03
-2.189361321241691145e-03
-2.191201843604585753e-03
-2.198105191171151503e-03
-2.191580575952373731e-03
-2.191828751594543379e-03
-2.197817007747219879e-03
-2.191640659420772234e-03
-2.191726830166028546e-03
-2.197361907276393009e-03
-2.191398149149649879e-03
-2.190264692391597975e-03
-2.195413252382330538e-03
-2.192935699749632827e-03
-2.190114537234652114e-03
-2.199619152744730806e-03
-2.197359045841427300e-03
-2.195021641459025778e-03
-2.192870501719184403e-03
-2.195409011209238127e-03
-2.191727448667768387e-03
-2.196581034329380885e-03
-2.194883786119942483e-03
-2.192559011627794388e-03
-2.193370140679779499e-03
-2.194354609909146547e-03
-2.203334577764577435e-03
-2.199210276655076072e-03
-2.201258039194974730e-03
-2.206501746838416232e-03
-2.204594481129346691e-03
-2.202836936927305388e-03
-2.203854109849036867e-03
-2.209070845327634758e-03
-2.207347191700779511e-03
-2.205874455858399235e-03
-2.203463095929245139e-03
-2.205993813117816844e-03
-2.208004808243099575e-03
-2.197646821906804483e-03
-2.200970051614102325e-03
-2.203824192339530214e-03
-2.206208409239174533e-03
-2.208121074507175124e-03
-2.209559761711458493e-03
-2.193854560142758856e-03
-2.189592568839503466e-03
-2.184859427760024383e-03
-2.179653032016351955e-03
-2.173970631006692106e-03
-2.167808858051487736e-03
-2.210521249709008259e-03
-2.211001536005180110e-03
-2.210995859702170885e-03
-2.210498733734596495e-03
-2.209503985937637336e-03
-1.931998840106967374e-03
-1.846515433091659285e-03
-1.931338016716859559e-03
-1.903662020600651369e-03
-1.918362446117705122e-03
-1.679715674974124363e-03
-1.782117690273389392e-03
-1.799642394131245604e-03
-1.767724948530997701e-03
-1.514019497665089605e-03
-1.616487448703722834e-03
-1.631121899974926747e-03
-1.596565898927881444e-03
-1.584476035107937851e-03
-1.748064881988491484e-03
-9.178759946675918522e-04
-9.414264495946329889e-04
-8.706564863289836288e-04
-1.038990443867271333e-03
-1.063554353374447517e-03
-1.001873162658911860e-03
-1.121561615588215471e-03
-1.106464813294005638e-03
-1.151564814995176267e-03
-1.250859496988926791e-03
-1.253493071843179681e-03
-1.217051764725399134e-03
-1.372986786597377162e-03
-1.382877878796212037e-03
-1.346704395474787250e-03
-1.285575232572481194e-03
-1.403872094905118289e-03
-1.468315521083806297e-03
-1.481147007269570945e-03
-1.451834709395729379e-03
-1.554443517454281651e-03
-1.497136173008966351e-03
-1.595598878310872104e-03
-1.629517076710402385e-03
-1.646290836435792496e-03
-1.618912518007734058e-03
-1.656043383539581443e-03
-1.698111186002992717e-03
-1.690059590593597947e-03
-1.719087869860711458e-03
-1.877674649302740664e-03
-1.841545193629076085e-03
-1.744905095909241206e-03
-1.759571869961962416e-03
-1.742505762282992466e-03
-1.763735805083263943e-03
-1.787241678669578828e-03
-1.802023664318592793e-03
-1.784832192126789823e-03
-1.805531535786063929e-03
-1.900992601694538381e-03
-1.898391603208571558e-03
-1.916387080526902502e-03
-1.917716041549552726e-03
-1.935544456774907374e-03
-1.950119789721392171e-03
-1.934857252096236361e-03
-1.951210660375825301e-03
-1.999367145238347548e-03
-2.011941429126594232e-03
-1.997265139267947239e-03
-2.028166195245278362e-03
-2.039289170579201057e-03
-2.026129369704541931e-03
-1.968590808482942583e-03
-1.967577844450969088e-03
-1.982143900643142109e-03
-2.040840015998143710e-03
-2.030954378862469788e-03
-2.042038246170346620e-03
-2.041756960069223813e-03
-2.030009886205678439e-03
-2.039978715484491549e-03
-2.041325476902314598e-03
-2.058923179480511012e-03
-2.076176129374862275e-03
-2.114162168085038668e-03
-2.109387692926754931e-03
-2.119255461311760937e-03
-2.099364903988073898e-03
-2.102012899936694067e-03
-2.091999824503542032e-03
-2.158148870532224789e-03
-2.146911956995348897e-03
-2.133782941728039166e-03
-2.120623942554055504e-03
-2.159601567974719916e-03
-2.154189424878382407e-03
-2.157763141459657398e-03
-2.164084602581014746e-03
-2.160808957973689697e-03
-2.161164447207178981e-03
-2.027104019412432224e-03
-2.031452318445001702e-03
-2.008101165738324957e-03
-2.021246704654269376e-03
-2.008253729515165498e-03
-1.983435006836386898e-03
-1.996489616392664937e-03
-2.072294626097392380e-03
-2.063398150996019649e-03
-2.057667564805953746e-03
-2.091109050979844761e-03
-2.078813876944818947e-03
-2.110515672252565554e-03
-2.136873852625971633e-03
-2.171617587161832862e-03
-2.160550416518785405e-03
-2.163292558722575837e-03
-2.173418018979214779e-03
-2.192394639107294284e-03
-2.185141080608163193e-03
-2.183841569711757538e-03
-2.193540951788478660e-03
-2.196040391435714369e-03
-2.197569860331805708e-03
-2.197812945977883209e-03
-2.197413017599680884e-03
-2.197496666124613540e-03
-2.201456972349518683e-03
-2.202436668604792081e-03
-2.198019645647614640e-03
-2.197239275654571788e-03
-2.202484557140129817e-03
-2.199877688329370320e-03
-2.198075321032198510e-03
-2.200831975510810900e-03
-2.196079060361060854e-03
-2.196490204262788702e-03
-2.205025828794527146e-03
-2.201158507499200584e-03
-2.200524506610413052e-03
-2.202502837767003618e-03
-2.198121192840635316e-03
-2.199290457231586806e-03
-2.199370539007788894e-03
-2.196598190535341971e-03
-2.195334147854230335e-03
-2.197375638803015369e-03
-2.198893487933094911e-03
-2.204902209854680845e-03
-2.207772179255786636e-03
-2.207988317281094331e-03
-2.206805301691895042e-03
-2.205035131760357120e-03
-2.211036788176008825e-03
-2.210049787742386466e-03
-2.208332200461291146e-03
-2.206439060026591046e-03
-2.209841812616091319e-03
-2.208488838312557597e-03
-2.207349390716007234e-03
-2.211136947964784192e-03
-2.209131300529870549e-03
-2.210012813712216445e-03
-2.192516156327125546e-03
-2.195965495179488369e-03
-2.194196880861712818e-03
-2.196574884667266709e-03
-2.199539847902708470e-03
-2.198004741837475493e-03
-2.200174937863309636e-03
-2.202650171209184424e-03
-2.201348876265634379e-03
-2.203313126156295192e-03
-2.205294254107683684e-03
-2.204227468780327933e-03
-2.205985413422773597e-03
-2.206637887130114169e-03
-2.207469063121853762e-03
-2.208186923571553439e-03
-2.209170745184937511e-03
-2.208576679993349244e-03
-2.188001099071205414e-03
-2.189926302860081657e-03
-2.191928508356724443e-03
-2.183031229506923222e-03
-2.187429483547985356e-03
-2.185193232327599204e-03
-2.177607254814083269e-03
-2.182468241749266780e-03
-2.179997136664752356e-03
-2.171729106004132402e-03
-2.174336763140116875e-03
-2.177043863362545552e-03
-2.165395971219812553e-03
-2.171154723054955112e-03
-2.168210169109113274e-03
-2.158606360875071559e-03
-2.161614728234581215e-03
-2.164798513941398016e-03
-2.209911956887651314e-03
-2.210039584830832213e-03
-2.210394640078924833e-03
-2.211154016320367264e-03
-2.211135302715023544e-03
-2.211021545287984551e-03
-2.211905843573590442e-03
-2.211386535044284132e-03
-2.211516738344642546e-03
-2.212159464633223389e-03
-2.211141427254656802e-03
-2.211518610912669401e-03
-2.211906244157824629e-03
-2.210392407665856193e-03
-2.211019925424806930e-03
-1.945034023857415608e-03
-1.844086330354932635e-03
-1.860063349382191054e-03
-1.830591327995939339e-03
-1.904847373216216055e-03
-1.890460294370882328e-03
-1.918228433160460312e-03
-1.674498982099085608e-03
-1.659950899425030862e-03
-1.694436761726990414e-03
-1.813016201975920557e-03
-1.540680727294877535e-03
-1.508003255412584476e-03
-1.546559933704359140e-03
-1.645627631039488009e-03
-1.614062546428681692e-03
-1.583348895393294929e-03
-1.615255724413185807e-03
-1.748203051431817178e-03
-1.765153247753189266e-03
-1.731147834704730836e-03
-7.675101866929034348e-04
-8.426080954138117328e-04
-7.965524420258541377e-04
-9.767841462982559172e-04
-1.078859437347695106e-03
-1.180675554829095598e-03
-1.181598056645114230e-03
-1.151373820254150433e-03
-1.215487854439358797e-03
-1.305163483065101618e-03
-1.338877908048659955e-03
-1.312669744355510204e-03
-1.277953773598009511e-03
-1.408568612844325434e-03
-1.421762265443619368e-03
-1.390795412190814909e-03
-1.438474481258591705e-03
-1.551178215076838346e-03
-1.567247835574879814e-03
-1.538465318857746341e-03
-1.492424401470977130e-03
-1.509301794730705075e-03
-1.480435070417374620e-03
-1.580018390241249779e-03
-1.573173556496720860e-03
-1.601236886538036364e-03
-1.590581075008074387e-03
-1.645368766862480119e-03
-1.637410164841281634e-03
-1.664025832885164015e-03
-1.671972237488666838e-03
-1.721629711438675027e-03
-1.863953801007671440e-03
-1.880050124690064127e-03
-1.861577579699230135e-03
-1.827657803473525452e-03
-1.843620785759654199e-03
-1.825671032484933211e-03
-1.750803910848051492e-03
-1.766716900008833292e-03
-1.747905666368335630e-03
-1.769117619734209435e-03
-1.792214969951680479e-03
-1.808011486265270230e-03
-1.789730672593513880e-03
-1.882663405707811228e-03
-1.902987006712446218e-03
-1.901995791343225398e-03
-1.918717142255555765e-03
-1.919439202017455062e-03
-1.938174820480541554e-03
-1.952527112423769638e-03
-1.936844782452099923e-03
-1.984196948876476661e-03
-2.013942776647296290e-03
-1.953564919445173291e-03
-2.029340132207871090e-03
-2.030137318589550141e-03
-2.026755760919962766e-03
-2.028253406978347117e-03
-2.038499644005035537e-03
-2.046802089696216076e-03
-2.048414666122426019e-03
-2.057322572735564153e-03
-2.064797426892277330e-03
-2.074757046382959529e-03
-2.066238844523336001e-03
-2.106800978610689698e-03
-2.082209616972972941e-03
-2.090864073747558845e-03
-2.083373479023604979e-03
-2.142099010872190908e-03
-2.147717952175365406e-03
-2.141257255913639381e-03
-2.127934389083582789e-03
-2.134329801660161778e-03
-2.127400934753780667e-03
-2.111902822476822462e-03
-2.119494443311639113e-03
-2.113019936218291095e-03
-2.150376797410898013e-03
-2.157091578545561588e-03
-2.152820724627209099e-03
-2.148786640053405861e-03
-2.154017996220724228e-03
-2.151356884562069527e-03
-2.157972294412588248e-03
-2.154548793647621634e-03
-2.053901821639469473e-03
-2.048559443377772574e-03
-2.032471893027531368e-03
-2.019843577679579852e-03
-2.042524398007299416e-03
-1.984088187258407302e-03
-1.971359409123909882e-03
-1.996192133499488305e-03
-2.063021962576171500e-03
-2.115344399021054818e-03
-2.100391360965995873e-03
-2.106076688850872305e-03
-2.105094792800500225e-03
-2.095184927758985023e-03
-2.088610723917379459e-03
-2.119738971810388589e-03
-2.142436367720990976e-03
-2.133367260059112862e-03
-2.145978206398314880e-03
-2.166398062515249856e-03
-2.157996780609023300e-03
-2.168982536351790960e-03
-2.190794140242319308e-03
-2.181167425770341207e-03
-2.183024342739039395e-03
-2.191451744595260091e-03
-2.207640248144395086e-03
-2.199945312634074904e-03
-2.201242811652684254e-03
-2.208995805575600206e-03
-2.203086693434211027e-03
-2.201942855714395745e-03
-2.209648176466970197e-03
-2.203435289556716394e-03
-2.203769209377344843e-03
-2.209225227895907431e-03
-2.203424919312077252e-03
-2.203598283833323353e-03
-2.207971184561452038e-03
-2.202570811481178309e-03
-2.202856098413094946e-03
-2.203923302314791249e-03
-2.199680126867807357e-03
-2.201772697760897516e-03
-2.207325765328779516e-03
-2.203462953150670152e-03
-2.205325257748658955e-03
-2.202285794734649624e-03
-2.201436916547075406e-03
-2.207831425727696528e-03
-2.205113761165844195e-03
-2.202529078635362056e-03
-2.203660612123683853e-03
-2.206339125003066795e-03
-2.200872784330294707e-03
-2.201654765424719204e-03
-2.208178111430158814e-03
-2.204413478029529274e-03
-2.202694275502393301e-03
-2.210180945707098093e-03
-2.208337668966794606e-03
-2.206750273237429588e-03
-2.212406186368412551e-03
-2.209447230157953693e-03
-2.210735200679800165e-03
-2.209528317764668844e-03
-2.214015336585674863e-03
-2.211536933685051207e-03
-2.212531878177809771e-03
-2.208910906300634493e-03
-2.210474868677528380e-03
-2.211507599334811957e-03
-2.194522612979381629e-03
-2.190233569603973560e-03
-2.198353942664656082e-03
-2.201724785835812177e-03
-2.204631524188751298e-03
-2.207069695745476727e-03
-2.209034006251033889e-03
-2.185488748135162515e-03
-2.180289264042319444e-03
-2.174635439508168858e-03
-2.168526834919521588e-03
-2.161962285914392767e-03
-2.154939926757722460e-03
-2.210518350567410462e-03
-2.211515843941956952e-03
-2.212018862916215970e-03
-2.212019095419141303e-03
-1.957709978710558095e-03
-1.874597734110217909e-03
-1.959681652015358815e-03
-1.932377390370113718e-03
-1.945670081647343438e-03
-1.711409708378739888e-03
-1.813013298067954037e-03
-1.797573347961368279e-03
-1.828567230488256645e-03
-1.577410069493006411e-03
-1.644317242063042745e-03
-1.780620408002327355e-03
-8.759758386597705105e-04
-8.207228530165525419e-04
-8.954618757483041262e-04
-9.966900756078107566e-04
-9.569760222209722483e-04
-1.016590865347354478e-03
-1.098927467084198986e-03
-1.108964312447515820e-03
-1.068792309895132174e-03
-1.139643729060312851e-03
-1.235781650867354836e-03
-1.243160522531519671e-03
-1.208238272183506136e-03
-1.345384536871757370e-03
-1.325035407496163347e-03
-1.358971848713495800e-03
-1.270470269632966668e-03
-1.376956001733562656e-03
-1.431503814681949274e-03
-1.450162782564619508e-03
-1.420186145624219428e-03
-1.522097100496678937e-03
-1.462255367829043895e-03
-1.561706448560390165e-03
-1.588115859830145637e-03
-1.580184967980476692e-03
-1.609184728060459408e-03
-1.617086825337954881e-03
-1.656912535416902839e-03
-1.677771087870472176e-03
-1.651109725631884871e-03
-1.707261328039656485e-03
-1.702669568627729075e-03
-1.726212878419226219e-03
-1.845986228625930668e-03
-1.810079089642317902e-03
-1.729222549897133131e-03
-1.760284050699030892e-03
-1.773764093551579617e-03
-1.755445414667239357e-03
-1.776330078711952330e-03
-1.866932952775285717e-03
-1.865451386135961271e-03
-1.884163665870782671e-03
-1.885148987769101874e-03
-1.904251706223077881e-03
-1.920112990026714116e-03
-1.903634572546179706e-03
-1.921321708997105089e-03
-1.969229686153823721e-03
-1.968868622175232262e-03
-1.984492323914472962e-03
-2.003268748789244040e-03
-2.001302431706611807e-03
-2.015933372141162638e-03
-1.935678623219119678e-03
-1.936880807164167951e-03
-1.952251268827519389e-03
-2.017100939820302714e-03
-2.005640663560726272e-03
-2.018127865745530589e-03
-2.017696318560323332e-03
-2.004509511551622481e-03
-2.015619548569896717e-03
-2.017101149093587613e-03
-2.036913624792030184e-03
-2.055928122626486058e-03
-2.073645350956922206e-03
-2.105663648487200376e-03
-2.095993163139182706e-03
-2.089218744162255580e-03
-2.097717670910132816e-03
-2.135081125993636142e-03
-2.120013575873880285e-03
-2.143210591948649813e-03
-2.149281630366237789e-03
-2.146710758748662882e-03
-2.142566950696288015e-03
-2.143218627022043347e-03
-2.150457372510832226e-03
-2.146777087607309314e-03
-2.147240521150512414e-03
-2.054506582595067455e-03
-2.031372907958353506e-03
-2.042948798195106525e-03
-2.073888864815347233e-03
-2.052641691984820587e-03
-2.063876784734450676e-03
-2.032892530961994543e-03
-2.008471689541576136e-03
-2.020572055778550175e-03
-2.090848806411318983e-03
-2.072337820648323219e-03
-2.081514909729823178e-03
-2.110129175040719850e-03
-2.097829898551963577e-03
-2.128903332332887470e-03
-2.154453096858566057e-03
-2.188462776945681795e-03
-2.177437494211046168e-03
-2.179979374083402133e-03
-2.189521866606312581e-03
-2.206293696218416915e-03
-2.199229442572897195e-03
-2.198490849321711477e-03
-2.206771401223870700e-03
-2.208124430924155411e-03
-2.209123048078531944e-03
-2.209260441344290324e-03
-2.208452847269806903e-03
-2.207898355653268793e-03
-2.205620172007554617e-03
-2.208742308513290953e-03
-2.211187557237849054e-03
-2.206736677640508317e-03
-2.206755544756373172e-03
-2.209482317011032034e-03
-2.205882730844334859e-03
-2.205083319746631125e-03
-2.209414074171951823e-03
-2.210173957143307492e-03
-2.207560373524558410e-03
-2.206276909448390364e-03
-2.212951618813906261e-03
-2.210366279585468125e-03
-2.208937370816592936e-03
-2.207516436833971852e-03
-2.204989322623891225e-03
-2.203414253065228822e-03
-2.205696113069597133e-03
-2.208666431652394138e-03
-2.211283852696423104e-03
-2.213201986780878507e-03
-2.212449184820406388e-03
-2.211748217079934683e-03
-2.210227639253197190e-03
-2.215012334859519597e-03
-2.213031027208487485e-03
-2.214511544974226941e-03
-2.211149886396120926e-03
-2.213317973910392238e-03
-2.211571936759285442e-03
-2.212223689886639276e-03
-2.213623501564429379e-03
-2.212761205628873025e-03
-2.212372425313514652e-03
-2.189063946955537628e-03
-2.192803259918050304e-03
-2.190783106242362964e-03
-2.184041462706714370e-03
-2.188260958898707864e-03
-2.186013629761587168e-03
-2.193640289098298859e-03
-2.196893012439611517e-03
-2.195101284990364290e-03
-2.197765412598132705e-03
-2.198964452787661832e-03
-2.200526078627459102e-03
-2.201433329488441341e-03
-2.202368018742137303e-03
-2.203697441302101320e-03
-2.204637153661607920e-03
-2.205306519527871437e-03
-2.206401213820621994e-03
-2.207369124574941766e-03
-2.208630660149899644e-03
-2.207773634468168655e-03
-2.178576998472402191e-03
-2.183269367742929259e-03
-2.180795696538730902e-03
-2.172673806985298429e-03
-2.177830874859733225e-03
-2.175131287965508062e-03
-2.166334255239972615e-03
-2.171947020038240191e-03
-2.169021554153324500e-03
-2.159559858165712234e-03
-2.165618524341330568e-03
-2.162466844916667054e-03
-2.152351159767302950e-03
-2.155466715215185666e-03
-2.158845292823356223e-03
-2.144708050208736852e-03
-2.148019980774947511e-03
-2.151626616378142336e-03
-2.209620641381086076e-03
-2.210378225134953471e-03
-2.209762210786809546e-03
-2.211382307346351078e-03
-2.211635574834829900e-03
-2.211264299001473432e-03
-2.212643984234014850e-03
-2.212271198197454571e-03
-2.212393646572148251e-03
-2.213394856081903322e-03
-2.212773510723403583e-03
-2.212642708131407586e-03
-1.972029123904542151e-03
-1.865661250952267442e-03
-1.885381107493110326e-03
-1.854850108250848074e-03
-1.943296093534657189e-03
-1.951777614842312722e-03
-1.924087088797995539e-03
-1.732861410855290364e-03
-1.740627552838055949e-03
-1.703653624537574719e-03
-1.839259629908982820e-03
-1.605398191847910890e-03
-1.572889596719157217e-03
-1.609592695435737610e-03
-1.671098985300361467e-03
-1.642511777707272424e-03
-1.672779103597162205e-03
-1.781361077082307303e-03
-1.797373366799650662e-03
-1.764817568358961145e-03
-7.156399711838814810e-04
-7.954233178908515179e-04
-7.420352093578015413e-04
-9.343417453396252962e-04
-1.046076175302600511e-03
-1.164671479475520421e-03
-1.172479194460212181e-03
-1.132160195729406751e-03
-1.200300488021159139e-03
-1.278050584167120685e-03
-1.291131962915694062e-03
-1.311453077473158065e-03
-1.256439520369746895e-03
-1.370378918573154827e-03
-1.357891685523040419e-03
-1.389573212716594623e-03
-1.401189032179044319e-03
-1.511494761349011342e-03
-1.531734279435958837e-03
-1.501994042043335812e-03
-1.449865183936836516e-03
-1.471539492554757404e-03
-1.440738779920193533e-03
-1.542315645185218667e-03
-1.527602867069607819e-03
-1.557752870851091031e-03
-1.549841209267635708e-03
-1.601581006437571971e-03
-1.623867620158764378e-03
-1.594815914249557431e-03
-1.682346996278250364e-03
-1.629589528468574971e-03
-1.829318972475505421e-03
-1.846843821281655669e-03
-1.828514726830060382e-03
-1.793155121861555838e-03
-1.810557549734440660e-03
-1.792704797493331354e-03
-1.714506320311178595e-03
-1.732859048636424537e-03
-1.710856965680033299e-03
-1.737592942987361416e-03
-1.756771812452033888e-03
-1.774616414034631794e-03
-1.758555883371346312e-03
-1.848341513623734129e-03
-1.870342895001464965e-03
-1.886824348624103597e-03
-1.868585495232292538e-03
-1.887395632125296163e-03
-1.910931568272984053e-03
-1.907388815009770488e-03
-1.924504426582165483e-03
-1.952589012573149353e-03
-1.986371851292233551e-03
-1.923209309977971619e-03
-2.004276849645863362e-03
-2.004786866874391435e-03
-2.002576888229985058e-03
-2.014805570848870932e-03
-2.003392915487427293e-03
-2.023992125504166587e-03
-2.025376579144705889e-03
-2.035516176887980627e-03
-2.043965556978780389e-03
-2.054505538121231909e-03
-2.045396228474995540e-03
-2.062896954699588743e-03
-2.072689943776177823e-03
-2.063868616647815228e-03
-2.104015835309513277e-03
-2.081329561231293895e-03
-2.088778940872150491e-03
-2.081776664078595525e-03
-2.130896862655433377e-03
-2.136584284349792810e-03
-2.129395758404891911e-03
-2.115200647001996490e-03
-2.121673460456050594e-03
-2.113502136480346731e-03
-2.135827813770430680e-03
-2.142994615755811419e-03
-2.139437246405665512e-03
-2.137024405898834897e-03
-2.139395257661436556e-03
-2.136624595813876263e-03
-2.143958310179397420e-03
-2.139921826865027327e-03
-2.043682546978002612e-03
-2.064135754192808828e-03
-2.082311149242704017e-03
-2.010632561463539768e-03
-1.997288871079218146e-03
-2.021710461843717263e-03
-2.137225517055865547e-03
-2.121150036946495374e-03
-2.126260797880150447e-03
-2.124083371562230337e-03
-2.107459127522177175e-03
-2.114553141247884401e-03
-2.139789101343274932e-03
-2.159566726706885556e-03
-2.151022518053356987e-03
-2.162999640364995056e-03
-2.182750824104761223e-03
-2.174666451073674518e-03
-2.185603518392750105e-03
-2.205896637996501708e-03
-2.197178372241002930e-03
-2.198272380772488873e-03
-2.205950360999684064e-03
-2.219668703871213213e-03
-2.212895597182361167e-03
-2.213544390902216427e-03
-2.220288959722566124e-03
-2.213876495974038787e-03
-2.214528226224675173e-03
-2.220388746431069954e-03
-2.214601397871396489e-03
-2.214902956266682522e-03
-2.219811961328083897e-03
-2.214420795961517113e-03
-2.214660878214728609e-03
-2.218245707319915511e-03
-2.213695996873564064e-03
-2.213034659116653625e-03
-2.216389888498047737e-03
-2.212194872167122604e-03
-2.212135415470451935e-03
-2.211135252015758446e-03
-2.207561116704025595e-03
-2.209240409221734959e-03
-2.213732788719240466e-03
-2.211957623993263383e-03
-2.210535292655823637e-03
-2.210183058248189371e-03
-2.215935031966824627e-03
-2.213522972796517271e-03
-2.211847970605402766e-03
-2.211471965976615547e-03
-2.208762902982981755e-03
-2.214387212738959214e-03
-2.209343477624298516e-03
-2.216069627388604808e-03
-2.212695743030377443e-03
-2.212052332686723598e-03
-2.215646195892817093e-03
-2.212911508547027971e-03
-2.214024700563484160e-03
-2.216901043529192258e-03
-2.214650568552275871e-03
-2.215456528794013114e-03
-2.213742095640211342e-03
-2.217524333097516381e-03
-2.216272636751431997e-03
-2.215767126712549738e-03
-2.212880551356925362e-03
-2.213459658882660323e-03
-2.213498108102339521e-03
-2.186527751215200897e-03
-2.191329556841899520e-03
-2.181281690351810632e-03
-2.195682481229602190e-03
-2.199580984740192625e-03
-2.203018622297481070e-03
-2.205988061962466280e-03
-2.208481113916575377e-03
-2.175595087636205370e-03
-2.169470757536420477e-03
-2.162910640264504268e-03
-2.155915774633657134e-03
-2.148486372757995276e-03
-2.140621297917346712e-03
-2.210488769844693672e-03
-2.212001252457661011e-03
-2.213008074719293068e-03
-1.985173212014141719e-03
-1.911505692653949363e-03
-1.888533668214517972e-03
-1.908277605988277677e-03
-1.991823118329455380e-03
-1.967732102346463584e-03
-1.975745147828377683e-03
-1.927522338526644740e-03
-1.757148315126491785e-03
-1.701949595000785530e-03
-1.830948942953869278e-03
-1.848468709072708348e-03
-1.822066119868549772e-03
-1.638198771318112243e-03
-1.806158210696758417e-03
-8.386797149228718230e-04
-7.755692592196123964e-04
-8.546103999262750443e-04
-9.584940891495761237e-04
-9.157993535108728284e-04
-9.741424995111197483e-04
-1.035502736553592850e-03
-1.017563474159366259e-03
-1.067150343517769568e-03
-1.093045463021370114e-03
-1.128580777511891363e-03
-1.095938247008140798e-03
-1.206110202478741494e-03
-1.221239081262452111e-03
-1.185411285196236999e-03
-1.304645531462176678e-03
-1.290810043823551433e-03
-1.325255588188970629e-03
-1.242076505677024720e-03
-1.337872103193126286e-03
-1.387052726153757513e-03
-1.409584337747474270e-03
-1.378692132612794816e-03
-1.481120463240764591e-03
-1.418929801919103367e-03
-1.518986805610568870e-03
-1.539387891128884359e-03
-1.564245819044932703e-03
-1.532826743331827668e-03
-1.570968002051334206e-03
-1.664133380572903201e-03
-1.660505391963445262e-03
-1.685984031041186078e-03
-1.611039183155834557e-03
-1.634337922483565476e-03
-1.606277097812329555e-03
-1.811431001354756867e-03
-1.775117249568077676e-03
-1.689617549207957353e-03
-1.717820117179278544e-03
-1.739192132902310332e-03
-1.716127295986186315e-03
-1.737459636618532421e-03
-1.830559349423131320e-03
-1.829955486106261443e-03
-1.848998125103057171e-03
-1.850669191996438378e-03
-1.877947636389605329e-03
-1.874038868170736002e-03
-1.891252752633353160e-03
-1.894369951676176580e-03
-1.924905461380204633e-03
-1.930381900561197774e-03
-1.947271680031394028e-03
-1.982899713415866953e-03
-1.976034955567164669e-03
-1.993260197606315596e-03
-1.895358210993426488e-03
-1.915562224943310283e-03
-1.903145533181061985e-03
-1.994280226408987663e-03
-1.979144553886555934e-03
-1.992275786817697316e-03
-1.991716562190008668e-03
-1.977038605501732927e-03
-1.989813162827358366e-03
-1.990609769363068434e-03
-2.013431414545794815e-03
-2.034120897989457038e-03
-2.053588814543210080e-03
-2.072264076510164834e-03
-2.098536695221482184e-03
-2.105328408476939400e-03
-2.097255506251425455e-03
-2.090036165558727729e-03
-2.123117817927170758e-03
-2.106929366861284413e-03
-2.133238047548359322e-03
-2.125271442442112219e-03
-2.134152291704424775e-03
-2.130438976767259213e-03
-2.130836662880764270e-03
-2.077875852856585128e-03
-2.055392756536690568e-03
-2.066181148059583958e-03
-2.096491646398304480e-03
-2.085183803783014541e-03
-2.075490170631970506e-03
-2.111431583985123699e-03
-2.092642455032311770e-03
-2.101112431435887048e-03
-2.058691478554345103e-03
-2.045731304848048566e-03
-2.034634678018639939e-03
-2.130607923558404306e-03
-2.117714989432656174e-03
-2.148401455930411784e-03
-2.171245920148054571e-03
-2.203772692304697620e-03
-2.193186950729094156e-03
-2.195966678389642355e-03
-2.204700058343978496e-03
-2.218736961375520657e-03
-2.212416913999438670e-03
-2.212303007345758649e-03
-2.219778265027604405e-03
-2.219010623294862764e-03
-2.220130348658135629e-03
-2.219910949175125936e-03
-2.218877733396791389e-03
-2.217179028850119020e-03
-2.216066950712031712e-03
-2.212457390781705745e-03
-2.214690067162962753e-03
-2.216285054735082916e-03
-2.213730977694727819e-03
-2.212816071497523875e-03
-2.220848996927939599e-03
-2.215923731636042400e-03
-2.218328203164225340e-03
-2.216781119915493033e-03
-2.214788675824856667e-03
-2.213389794066554332e-03
-2.214248235865776387e-03
-2.212180961933305802e-03
-2.210836319295647091e-03
-2.219706733068462813e-03
-2.217852265039436770e-03
-2.216345233093585439e-03
-2.212658963837745019e-03
-2.216029622427302843e-03
-2.216269666143968857e-03
-2.217209051084634286e-03
-2.215436148384406206e-03
-2.215228008763112273e-03
-2.213948959184606179e-03
-2.217528396362679951e-03
-2.217525794376363872e-03
-2.216273979491245431e-03
-2.214380018221564616e-03
-2.215301034701609457e-03
-2.214304035755091001e-03
-2.214459616417313679e-03
-2.214599703893403021e-03
-2.214105933939002589e-03
-2.213994574105900785e-03
-2.179996957478113305e-03
-2.184512962442455158e-03
-2.182011702371213467e-03
-2.185543876283686533e-03
-2.187297184004391090e-03
-2.189576459811585878e-03
-2.174018500118207915e-03
-2.179010497967070678e-03
-2.176289405143518214e-03
-2.190652385272835734e-03
-2.192140330947558394e-03
-2.194195010188818452e-03
-2.195314620643044629e-03
-2.198361681151042926e-03
-2.196534670383163898e-03
-2.199521745571308105e-03
-2.202068604190927058e-03
-2.200472787048804359e-03
-2.203263980843077775e-03
-2.205307001929271080e-03
-2.203946345217716422e-03
-2.206530646294418974e-03
-2.208067225978174297e-03
-2.206946121307160058e-03
-2.167614373952078503e-03
-2.173074087640149143e-03
-2.170134855634219505e-03
-2.160789450331854038e-03
-2.166707797757102486e-03
-2.163551674512105127e-03
-2.153547604605131165e-03
-2.159914753040313024e-03
-2.156542558516469192e-03
-2.145891661276277257e-03
-2.152697127156701692e-03
-2.149109249263575234e-03
-2.137822819744023689e-03
-2.145056289803619690e-03
-2.141252958370486008e-03
-2.129335211674015117e-03
-2.132972544807627303e-03
-2.136992969042374874e-03
-2.209310213259871054e-03
-2.210338805470168054e-03
-2.209462047207027061e-03
-2.211590367663841036e-03
-2.212110505893509580e-03
-2.211483264074321203e-03
-2.213358083208487315e-03
-2.213370397702885042e-03
-2.212998186175034031e-03
-2.001253844472574480e-03
-1.884959364400998812e-03
-1.875182946834515283e-03
-1.898339975609847005e-03
-1.955621313441834389e-03
-1.949325650918558653e-03
-1.973584411215861291e-03
-1.933569733876726532e-03
-1.789171985890800846e-03
-1.785529401711389089e-03
-1.761090630658640639e-03
-1.732246149822806724e-03
-1.701550425370330129e-03
-1.732526366836563804e-03
-1.857905605085625675e-03
-1.669535241047997737e-03
-1.637339082837983243e-03
-1.670162300417874163e-03
-1.810319968389294005e-03
-6.725119514843543988e-04
-7.545977195867989732e-04
-6.940821522360868549e-04
-8.944094890437768097e-04
-9.950360684877596583e-04
-1.064210389645001273e-03
-1.133237533398220604e-03
-1.149368468746663017e-03
-1.112909698288667808e-03
-1.170312915036266117e-03
-1.234547479206999721e-03
-1.255326191990296459e-03
-1.269267850588815666e-03
-1.219352916442887876e-03
-1.320464981228488795e-03
-1.345878511582465848e-03
-1.312554446523277402e-03
-1.354340489940534858e-03
-1.462786885025078388e-03
-1.487662579143209573e-03
-1.456342034342673897e-03
-1.396784036283268797e-03
-1.423888203787185801e-03
-1.391956205895410713e-03
-1.495187169496285749e-03
-1.472037757283213826e-03
-1.505782974467435344e-03
-1.499193781620747085e-03
-1.548411955866702168e-03
-1.543906474366905186e-03
-1.575570861954111480e-03
-1.637945064035911582e-03
-1.580190700306394018e-03
-1.790430864235669547e-03
-1.810115197613827807e-03
-1.791836332759266532e-03
-1.753341749745452195e-03
-1.773411845081040213e-03
-1.755095392363395382e-03
-1.668385294954946411e-03
-1.666267013909203355e-03
-1.691770820791610886e-03
-1.693394532296943261e-03
-1.714441226366105690e-03
-1.716038356822197682e-03
-1.735662727423220629e-03
-1.810754071481513773e-03
-1.834959827225096738e-03
-1.852892893566900675e-03
-1.832691732441231805e-03
-1.856520888727524257e-03
-1.886572674811765266e-03
-1.910265904924577946e-03
-1.955620867209126486e-03
-1.962464779424963942e-03
-1.940399553045733111e-03
-1.969318324754175224e-03
-1.980921950641585487e-03
-1.977816545115368072e-03
-1.973823347140026344e-03
-1.975282732399554712e-03
-1.988362664359841908e-03
-1.998364445047871689e-03
-2.000489277112713245e-03
-2.011317397735217470e-03
-2.020503245228283742e-03
-2.032372197066024261e-03
-2.022257088407396815e-03
-2.041575403051757234e-03
-2.052364683839545418e-03
-2.042768939154815475e-03
-2.061763304467312784e-03
-2.071688053783142351e-03
-2.062317497698463314e-03
-2.083030445484444076e-03
-2.090899999521708685e-03
-2.082139447763799341e-03
-2.119927959263492173e-03
-2.117404238369372665e-03
-2.125394281487391623e-03
-2.102355787242495347e-03
-2.108885627738746847e-03
-2.100401179452229990e-03
-2.127712076551443923e-03
-2.122311417685345068e-03
-2.120337333215326341e-03
-2.128461371568926997e-03
-2.122646098023235530e-03
-2.068220657029075631e-03
-2.087159348398510018e-03
-2.103931629215824699e-03
-2.044065874710086772e-03
-2.051302938948220463e-03
-2.027382989609939883e-03
-2.152862969670159450e-03
-2.145003529027397771e-03
-2.138510307466875895e-03
-2.144174802575379846e-03
-2.127745163969001901e-03
-2.134055405282799227e-03
-2.156170076836229008e-03
-2.174721175384241104e-03
-2.178643166410829200e-03
-2.167172211939571991e-03
-2.195860103274453225e-03
-2.189465773974323248e-03
-2.199778555832402130e-03
-2.222728074960253486e-03
-2.214153021223662539e-03
-2.213139226660026070e-03
-2.220600552080414462e-03
-2.230992316330928683e-03
-2.225237495049316346e-03
-2.225509806262754124e-03
-2.230963741999541540e-03
-2.224752176882686429e-03
-2.225191701104727721e-03
-2.230394031903173806e-03
-2.225245634183871911e-03
-2.225262216948943605e-03
-2.229468511719523600e-03
-2.224517680728256824e-03
-2.224838727684767294e-03
-2.227667798723302357e-03
-2.222881810061685601e-03
-2.223701680651446466e-03
-2.224969363805985589e-03
-2.220593085172960571e-03
-2.221554067607330041e-03
-2.223261097161421951e-03
-2.219759996062492871e-03
-2.219571836068037762e-03
-2.217077519218366675e-03
-2.215399448728713316e-03
-2.214133623793647452e-03
-2.218797803904916377e-03
-2.217223986202249142e-03
-2.216275874527930297e-03
-2.218447329161364525e-03
-2.222973932762787631e-03
-2.221797243372342426e-03
-2.219452105241381812e-03
-2.218167948751626362e-03
-2.215410418715660357e-03
-2.221364488147846775e-03
-2.215674415916012944e-03
-2.222028976529866542e-03
-2.218954462509805173e-03
-2.219062224554431851e-03
-2.219721950622099722e-03
-2.217684650258775793e-03
-2.218311354582090840e-03
-2.219977802440370809e-03
-2.218440101657647486e-03
-2.218751053378363938e-03
-2.216489329081656329e-03
-2.219589031358652764e-03
-2.218557338860437014e-03
-2.218561555087508914e-03
-2.215366647714499086e-03
-2.214942563580291936e-03
-2.213970574030576111e-03
-2.176980587352678881e-03
-2.182746102734522010e-03
-2.188076461934278325e-03
-2.170786294675586953e-03
-2.192964288113331741e-03
-2.197401220856474470e-03
-2.201377941326231394e-03
-2.204884208369922716e-03
-2.207908905595652033e-03
-2.164168602248119598e-03
-2.157131888758810102e-03
-2.149679496816011334e-03
-2.141813876324729152e-03
-2.133537966088041617e-03
-2.124801755900149712e-03
-2.210440099278752034e-03
-2.212465106665509589e-03
-2.018046600685047612e-03
-1.940341985944200355e-03
-1.912612241609816955e-03
-1.925883535498247937e-03
-1.999175628914849623e-03
-1.977398956408333609e-03
-1.995607153560435137e-03
-1.947940665144168478e-03
-1.760649117765127926e-03
-1.700791906126269178e-03
-1.851806551507626138e-03
-1.841283877706397128e-03
-1.868407823436725804e-03
-1.820486336597054548e-03
-8.170877394211731402e-04
-8.219819216044448344e-04
-7.410081031123168932e-04
-9.223654478518531191e-04
-8.799396731148014655e-04
-9.368673290071376962e-04
-1.015614127005301428e-03
-1.023365281481528662e-03
-9.860143783486483189e-04
-1.052945146578573073e-03
-1.060739138896179276e-03
-1.075358952831028487e-03
-1.096396506819628932e-03
-1.156508116387651788e-03
-1.182202035802679867e-03
-1.144912348475607628e-03
-1.248324669527428816e-03
-1.277252575830665473e-03
-1.240462451330797940e-03
-1.195532109485611567e-03
-1.285193111833709623e-03
-1.327422055206527694e-03
-1.357954375180159051e-03
-1.324043882281160898e-03
-1.430370063890294349e-03
-1.362803276792365174e-03
-1.466779499206866035e-03
-1.472637520877514029e-03
-1.471533543885051708e-03
-1.506646437125890546e-03
-1.510902559823545759e-03
-1.614878058486165927e-03
-1.612951129811513807e-03
-1.639876325341811832e-03
-1.558403477788244821e-03
-1.585175596645715338e-03
-1.553330225246270756e-03
-1.772097347330303229e-03
-1.734083123374989023e-03
-1.642008079320480445e-03
-1.670349760809930690e-03
-1.694416929986002508e-03
-1.669403558625074443e-03
-1.692673059888935398e-03
-1.790696696362301631e-03
-1.790547471405845754e-03
-1.810894503643988669e-03
-1.813062211476964246e-03
-1.858468114979187468e-03
-1.868413379825503923e-03
-1.846756460047309020e-03
-1.877116688526385717e-03
-1.891088578635772514e-03
-1.908148925188749533e-03
-1.893248413433361917e-03
-1.921805365225936254e-03
-1.938840744813697965e-03
-1.923389342974110225e-03
-1.967382710547756208e-03
-1.949363581982900854e-03
-1.964267604735097077e-03
-1.963210255169482721e-03
-1.947055234876817267e-03
-1.960450193314857044e-03
-1.961874799737893700e-03
-1.986275253907456278e-03
-2.009594124329913516e-03
-2.031187471008513712e-03
-2.051780116732763656e-03
-2.072460728999257155e-03
-2.092747527357621384e-03
-2.111097977183644045e-03
-2.107148874265780958e-03
-2.113438899425358012e-03
-2.116106426718116114e-03
-2.110589993561677331e-03
-2.117875730046446005e-03
-2.115438602985325166e-03
-2.102421221509427271e-03
-2.090174327026947387e-03
-2.080533207485944953e-03
-2.118530382975451244e-03
-2.098187775084580341e-03
-2.107483074179644037e-03
-2.132360865897403070e-03
-2.114433810976291093e-03
-2.121871484254510189e-03
-2.083977328975390644e-03
-2.071343519685292858e-03
-2.064028010801990248e-03
-2.148475210353334962e-03
-2.138181157107906828e-03
-2.163824953248380360e-03
-2.185478822768217085e-03
-2.219702274311119872e-03
-2.207914602006014974e-03
-2.211642025509849216e-03
-2.220984601020343369e-03
-2.230356743145497141e-03
-2.224455003939709852e-03
-2.226314300522020534e-03
-2.230463509885036773e-03
-2.230761526871215435e-03
-2.230482382407197699e-03
-2.229708704140426906e-03
-2.228397853119786637e-03
-2.226174704589310108e-03
-2.223958630302632841e-03
-2.222457882955569067e-03
-2.217946797452501322e-03
-2.219262592097092333e-03
-2.221222997011684276e-03
-2.226384348140846535e-03
-2.224708187795239583e-03
-2.223616332307013378e-03
-2.221054147724959953e-03
-2.218925800008766328e-03
-2.220417618808228754e-03
-2.220556252116645968e-03
-2.218568998807696029e-03
-2.217319020568530967e-03
-2.225459891879122583e-03
-2.224203636447621719e-03
-2.222603615373893848e-03
-2.218760842012692820e-03
-2.219851229048664699e-03
-2.219784838058385095e-03
-2.216941832381596426e-03
-2.217237481092197270e-03
-2.216192795854653955e-03
-2.218575703377314700e-03
-2.219083473694360379e-03
-2.218052924705901999e-03
-2.216123022955062728e-03
-2.215783422436728208e-03
-2.215539133463695701e-03
-2.215189978025516697e-03
-2.214057855143297063e-03
-2.213706167675339506e-03
-2.214325116469240129e-03
-2.169367454013764688e-03
-2.171684863636849649e-03
-2.174663279937425094e-03
-2.175879134292800759e-03
-2.177930843006060588e-03
-2.180694745247397596e-03
-2.181967329975571541e-03
-2.186295144713861979e-03
-2.183749258429900329e-03
-2.162440848083886820e-03
-2.168208471074038312e-03
-2.165018537596030950e-03
-2.187622392941491588e-03
-2.191455714486309232e-03
-2.189131846971808203e-03
-2.192833610706405086e-03
-2.196166671434048815e-03
-2.194069316984241253e-03
-2.197589243309140856e-03
-2.200417246922256164e-03
-2.198551376327602738e-03
-2.201876571486589135e-03
-2.204195731686154746e-03
-2.202566771802028523e-03
-2.205681956640686940e-03
-2.206103339901429976e-03
-2.207489532169731004e-03
-2.155106767339111037e-03
-2.161336985435745837e-03
-2.157938028510685870e-03
-2.147371544650447054e-03
-2.154054429748922944e-03
-2.150448441529308023e-03
-2.139240436812088822e-03
-2.146365362025514506e-03
-2.142553805372961195e-03
-2.130716697571155734e-03
-2.138273030471761395e-03
-2.134256723278846711e-03
-2.121798686178475845e-03
-2.125553491977265862e-03
-2.129777584166154050e-03
-2.112488998982226841e-03
-2.116395534365899701e-03
-2.120877301275672991e-03
-2.208990912329374459e-03
-2.209148068838586495e-03
-2.210285237934887272e-03
-2.211788186694682839e-03
-2.211687171344504065e-03
-2.212568699574877888e-03
-2.035092625770330149e-03
-2.039626940116407577e-03
-2.013255566486817343e-03
-1.913285839111843406e-03
-1.899012249798948289e-03
-1.926797278419560902e-03
-2.017049564857602457e-03
-1.969772924353968644e-03
-1.806992804279063374e-03
-1.769712364913780724e-03
-1.798130216905137078e-03
-1.733120103034404679e-03
-1.701239434408132519e-03
-1.732541316634891252e-03
-1.882597855920923290e-03
-1.829447456484847422e-03
-6.419624682971917596e-04
-7.266567494401204256e-04
-6.569247747204270526e-04
-8.633491986617609958e-04
-9.634741071054679119e-04
-1.035236436020409156e-03
-1.076360013499312075e-03
-1.106059859507786940e-03
-1.067114626497120324e-03
-1.117745108393737846e-03
-1.170540471055513902e-03
-1.209088081375638089e-03
-1.201147066747581703e-03
-1.162131008461128774e-03
-1.253739720213821549e-03
-1.251074119817308442e-03
-1.287940285660722078e-03
-1.291428025104146907e-03
-1.403704702314539834e-03
-1.433893679592683230e-03
-1.400254298872311096e-03
-1.331412693177845986e-03
-1.364865265509798654e-03
-1.329435841909784198e-03
-1.437872038743595766e-03
-1.406968281357367503e-03
-1.439634769488805106e-03
-1.438743736520255948e-03
-1.494264090230253963e-03
-1.522015151557658177e-03
-1.483261539954068911e-03
-1.587072835315592872e-03
-1.526875643492039188e-03
-1.746658513986406929e-03
-1.768808223636921233e-03
-1.750043378229858846e-03
-1.706374951154521549e-03
-1.730047995465153849e-03
-1.710426989389178792e-03
-1.616712978656511699e-03
-1.642933260252494752e-03
-1.615786211912818154e-03
-1.643913566463818879e-03
-1.663394522264795977e-03
-1.666854260896644731e-03
-1.689117319915170706e-03
-1.768939663715221426e-03
-1.787502216646431105e-03
-1.789105421628564346e-03
-1.811424944009800732e-03
-1.824110214404079874e-03
-1.841427679857462942e-03
-1.829593350931473135e-03
-1.857668881129630016e-03
-1.876693966688967614e-03
-1.858069895536475658e-03
-1.874569187795925920e-03
-1.906635223003982308e-03
-1.952505761396399701e-03
-1.935757629269371175e-03
-1.948046693835587661e-03
-1.943240363381385253e-03
-1.958722335768699717e-03
-1.944992404225729049e-03
-1.969821090400857878e-03
-1.971834449844235213e-03
-1.984262486586613541e-03
-1.994684490971099754e-03
-2.007738684771181396e-03
-1.996529514557585702e-03
-2.017786594542371643e-03
-2.029822622720021952e-03
-2.019157282173643549e-03
-2.038927757059036828e-03
-2.040275863980918307e-03
-2.050414365754927616e-03
-2.070279173058539677e-03
-2.076732823250375393e-03
-2.065970556197373187e-03
-2.089597470859081655e-03
-2.096066198576872555e-03
-2.086261321644976123e-03
-2.104618084512360592e-03
-2.108727512117868422e-03
-2.103285984521026646e-03
-2.111762903585715466e-03
-2.106899848622520964e-03
-2.093189117315519786e-03
-2.110483342833301915e-03
-2.125418242824376504e-03
-2.084212779151246343e-03
-2.064114279972339289e-03
-2.084167119547439273e-03
-2.174258324059382720e-03
-2.159210740769798315e-03
-2.163446347189309713e-03
-2.163493643136727741e-03
-2.147998073215459658e-03
-2.153876230727850768e-03
-2.174451068900092217e-03
-2.185184328832701257e-03
-2.215844771474385477e-03
-2.205922785996163905e-03
-2.217774009405618259e-03
-2.236916660608209012e-03
-2.229648004274286527e-03
-2.228201962289198812e-03
-2.239125096007435305e-03
-2.230790078603757907e-03
-2.234591772447227023e-03
-2.239625597966173401e-03
-2.234870489740324595e-03
-2.235205124987433255e-03
-2.240695720067907223e-03
-2.235698093328390527e-03
-2.235706299396232263e-03
-2.240666415388811554e-03
-2.235319742145637847e-03
-2.235647459258072872e-03
-2.238193295072511864e-03
-2.233686436261594476e-03
-2.234182863829864765e-03
-2.236305371193739438e-03
-2.232786467719216281e-03
-2.231858362105810373e-03
-2.233330507923556030e-03
-2.229116658337079032e-03
-2.230532813002023256e-03
-2.230574803427999402e-03
-2.227717915062737974e-03
-2.226821619256291566e-03
-2.228626367992284259e-03
-2.225836685130753480e-03
-2.225204639324857535e-03
-2.221879463253242579e-03
-2.219487969568475442e-03
-2.220345840089186455e-03
-2.222491247596453806e-03
-2.221107736639978993e-03
-2.220647633505512877e-03
-2.227323452357719662e-03
-2.224582543127937712e-03
-2.223973549775613671e-03
-2.228618353537394590e-03
-2.227538407473794984e-03
-2.225792040966634040e-03
-2.226740979606917775e-03
-2.223273699655537936e-03
-2.220718889491708151e-03
-2.227013562520522259e-03
-2.221176584862518278e-03
-2.222397453729609527e-03
-2.221189255708900818e-03
-2.221064050195327086e-03
-2.221625772856232212e-03
-2.220608994252903749e-03
-2.220806076629796341e-03
-2.217761721634958771e-03
-2.220198217699905895e-03
-2.219388400891794243e-03
-2.219897519472261837e-03
-2.216361714906180287e-03
-2.214915927149356013e-03
-2.212917260530749761e-03
-2.165874688554271250e-03
-2.172597072309320494e-03
-2.178900091110079224e-03
-2.184774630296815612e-03
-2.158740954874554131e-03
-2.190210497476371455e-03
-2.195196453490156404e-03
-2.199720254975797915e-03
-2.203768708568600108e-03
-2.207327736828843413e-03
-2.151202771343822644e-03
-2.143265930562403710e-03
-2.134934917838164636e-03
-2.126210047103251760e-03
-2.117090222584118962e-03
-2.107813293789085121e-03
-2.210382455357729273e-03
-2.059606753936567974e-03
-1.976652918489698544e-03
-1.944952054061328123e-03
-1.958530412644098571e-03
-2.060299277825176304e-03
-2.029785473127885490e-03
-2.047726760078475133e-03
-1.987939875002894558e-03
-1.770124835012534033e-03
-1.882522553161599180e-03
-1.867191818291798720e-03
-1.897850843719892100e-03
-1.844884750102671576e-03
-7.977964623975384749e-04
-7.189823713412331081e-04
-8.017497473124369058e-04
-8.884173799888423276e-04
-8.524223076481200105e-04
-9.010203255578148537e-04
-9.500476807102977870e-04
-9.379896080276596548e-04
-9.824874292177717718e-04
-9.869884393948185480e-04
-1.021507916104276046e-03
-9.991040362322661100e-04
-9.962980401147481738e-04
-1.035335714916660885e-03
-1.025753455012830490e-03
-1.082701942059952982e-03
-1.121146947874909804e-03
-1.079604339526883889e-03
-1.172460911983936021e-03
-1.211608439649281693e-03
-1.170077841188292469e-03
-1.126594830347649439e-03
-1.214249124714842981e-03
-1.255227765041802080e-03
-1.292223513401584379e-03
-1.254495757008343166e-03
-1.368323801529298727e-03
-1.294221690771436492e-03
-1.404577996288088439e-03
-1.406270896200625259e-03
-1.439894332543308151e-03
-1.405318408003904769e-03
-1.450423451414699187e-03
-1.559135959779609426e-03
-1.558757535341007009e-03
-1.587453673391595911e-03
-1.498708930174063496e-03
-1.529059901330052842e-03
-1.496407480993991760e-03
-1.726773495151050827e-03
-1.685173045109000615e-03
-1.588359282660916066e-03
-1.613693335025923265e-03
-1.615221715629587941e-03
-1.642379186188591689e-03
-1.638931267580272331e-03
-1.745343850637641600e-03
-1.745997626708998499e-03
-1.768282318725319935e-03
-1.766692841138152881e-03
-1.806015300508645102e-03
-1.841089478169726651e-03
-1.854135774656795986e-03
-1.872790631647696432e-03
-1.855905634326198480e-03
-1.886902057400575809e-03
-1.904536112687549472e-03
-1.889021296925438940e-03
-1.917833146510776032e-03
-1.933764317313812738e-03
-1.919839076231305130e-03
-1.932453872049219503e-03
-1.914683031798582570e-03
-1.928968368541842966e-03
-1.930673354541304673e-03
-1.956743440162892617e-03
-1.982433712005591663e-03
-2.006398368575261406e-03
-2.028526246137457318e-03
-2.051861701514584146e-03
-2.045480405873623900e-03
-2.056883660480831721e-03
-2.061092011521555890e-03
-2.079968087686140214e-03
-2.098325808325419029e-03
-2.095998671851963778e-03
-2.103197496134604112e-03
-2.101511036923610354e-03
-2.099506155542917203e-03
-2.127247758959776615e-03
-2.105812955986434854e-03
-2.114795602486803112e-03
-2.142084338936759563e-03
-2.130275998951346606e-03
-2.122296913565920040e-03
-2.154450431475417056e-03
-2.136570918376236999e-03
-2.143453326688219904e-03
-2.106013462553679716e-03
-2.168905530878595909e-03
-2.159072492688681247e-03
-2.197513109239609009e-03
-2.196858328352590227e-03
-2.185883805212202914e-03
-2.235111778978415321e-03
-2.225509222111136422e-03
-2.227250853975579550e-03
-2.206816393039059965e-03
-2.235743870624883924e-03
-2.237706706569008493e-03
-2.239559375934212920e-03
-2.238655444764955753e-03
-2.239907346753309408e-03
-2.240395150279413973e-03
-2.237007528841350977e-03
-2.234752155712661954e-03
-2.231870484941598544e-03
-2.229406930770873319e-03
-2.227760185236255658e-03
-2.222193597953381165e-03
-2.222450762467445464e-03
-2.230863953287034844e-03
-2.228721626302815513e-03
-2.229733738877468126e-03
-2.229115371758811932e-03
-2.224035350157906217e-03
-2.224675496622756984e-03
-2.222569753695225348e-03
-2.222309748488212819e-03
-2.229766490605273634e-03
-2.229209252918741731e-03
-2.227616801516828574e-03
-2.224813247985775976e-03
-2.222668374471033735e-03
-2.223362716693283274e-03
-2.222018336950909098e-03
-2.220918293792130925e-03
-2.216956713181688580e-03
-2.217767245463149201e-03
-2.216950714500115407e-03
-2.218142765657789978e-03
-2.219173226177046775e-03
-2.218357496370859140e-03
-2.216370360449378303e-03
-2.214755490188402131e-03
-2.215268606402900388e-03
-2.214406095466518731e-03
-2.211988252701935134e-03
-2.213021258816671132e-03
-2.211887260102936639e-03
-2.157167520757627757e-03
-2.163247028373499817e-03
-2.159795424287984031e-03
-2.164638009871844206e-03
-2.170240562523511642e-03
-2.166995005777213028e-03
-2.171702004590636212e-03
-2.176819005029548802e-03
-2.173783832258708009e-03
-2.178348179517225827e-03
-2.182971859924241319e-03
-2.180151957749291297e-03
-2.149300664261957761e-03
-2.152193880199978603e-03
-2.155847753728206383e-03
-2.184564037401321573e-03
-2.188687512491298455e-03
-2.186088305450432836e-03
-2.190335951660789086e-03
-2.193953268958452520e-03
-2.191580701432320911e-03
-2.195649220439278848e-03
-2.198755407572089947e-03
-2.196615920102145368e-03
-2.200488133241891055e-03
-2.203079242080021108e-03
-2.201179741681900080e-03
-2.204836050400061677e-03
-2.205257021997324932e-03
-2.206909197410838065e-03
-2.141046310252930733e-03
-2.148050909570558935e-03
-2.144197980173844029e-03
-2.132411999800947616e-03
-2.139863455656287536e-03
-2.135814137679035041e-03
-2.123403853246285528e-03
-2.131291086417925335e-03
-2.127047015968535921e-03
-2.114023682329533183e-03
-2.122336393480711396e-03
-2.117896378801565390e-03
-2.104263181925007057e-03
-2.112993982005062846e-03
-2.108359113713211778e-03
-2.094178876280474322e-03
-2.103290119491662939e-03
-2.098705942642908363e-03
-2.208675494467704850e-03
-2.210228896674010929e-03
-2.208831773969263321e-03
-2.072235303283228788e-03
-1.948596183099031518e-03
-1.931021661238339036e-03
-1.962691442566083088e-03
-2.036198836367673383e-03
-2.017625740702298429e-03
-2.048224081319278099e-03
-2.006433220877870856e-03
-1.796400742600158529e-03
-1.764612998006355113e-03
-1.801574294332845437e-03
-1.915598721199775374e-03
-1.864631049300953351e-03
-1.873619942183595878e-03
-1.835772300610783933e-03
-6.375171366613062831e-04
-7.133637334250987096e-04
-6.363098025915131560e-04
-8.363244847023152285e-04
-9.194832298610195603e-04
-9.659202621908581036e-04
-9.865224225347603119e-04
-9.886795489471970639e-04
-1.034634911299910521e-03
-9.896416738639213489e-04
-1.037580639583643612e-03
-1.086564341650756230e-03
-1.129118142968645955e-03
-1.126811685706458977e-03
-1.082867250858546120e-03
-1.170872205646259238e-03
-1.213507427382547925e-03
-1.171706816289126577e-03
-1.214178050258749855e-03
-1.332564314470539076e-03
-1.368936016243253988e-03
-1.331999993425631414e-03
-1.253525933523280504e-03
-1.293418987593195112e-03
-1.254393791809990536e-03
-1.369766540424079528e-03
-1.331144768653090213e-03
-1.368208322812950080e-03
-1.368197520583893300e-03
-1.439713115506057860e-03
-1.422909446009931441e-03
-1.467692016840953370e-03
-1.529401367390288008e-03
-1.469761150637587457e-03
-1.698916187482314580e-03
-1.723079635070523703e-03
-1.702675048136798215e-03
-1.651830005056693527e-03
-1.679402836069460170e-03
-1.657657179901187577e-03
-1.556693522273733862e-03
-1.557904513833147184e-03
-1.587131030391011844e-03
-1.585661930105682505e-03
-1.601703684241601207e-03
-1.632913087359025989e-03
-1.607771361892840374e-03
-1.722432568225391522e-03
-1.740891558795173814e-03
-1.764451884919211906e-03
-1.743126351413876521e-03
-1.781525493905907007e-03
-1.784529430221222773e-03
-1.803015281983238452e-03
-1.817570208018705466e-03
-1.837843129263864398e-03
-1.820874523082543963e-03
-1.836075670834019140e-03
-1.870722104747037443e-03
-1.902569273412352442e-03
-1.916073119585989457e-03
-1.910205899875822401e-03
-1.912263850084502557e-03
-1.926905250377575034e-03
-1.937599496876254469e-03
-1.953960529671932428e-03
-1.940481849195646070e-03
-1.967589793484361606e-03
-1.981251085803661764e-03
-1.968652695240016154e-03
-1.992657477789396697e-03
-2.005378210403660575e-03
-1.993678847277095736e-03
-2.015332045209697852e-03
-2.027266994846420312e-03
-2.016564146369486180e-03
-2.036125156243834451e-03
-2.044096297850366787e-03
-2.037510482232367075e-03
-2.057876216055017776e-03
-2.064148750907131638e-03
-2.054829034878653989e-03
-2.077090883820142259e-03
-2.083411653860906248e-03
-2.073627043987783230e-03
-2.092689019851713163e-03
-2.085334646141419768e-03
-2.094229504887132939e-03
-2.090615884062461786e-03
-2.134667911182229309e-03
-2.148295974469590242e-03
-2.131467042481722737e-03
-2.129347631253350123e-03
-2.107841211563788678e-03
-2.188869857361739734e-03
-2.181534344185706575e-03
-2.176159886649456539e-03
-2.181995409412420140e-03
-2.172754307410262008e-03
-2.168198590475623778e-03
-2.193161271885166186e-03
-2.232068581894143360e-03
-2.224056571074706917e-03
-2.233473534105515600e-03
-2.211984997545702464e-03
-2.204819533759295666e-03
-2.213944441855607032e-03
-2.250828820496614951e-03
-2.242828502525035135e-03
-2.243696762939184804e-03
-2.250597572625174722e-03
-2.243622586372985995e-03
-2.244692550816738096e-03
-2.250082678481314137e-03
-2.244455428401700200e-03
-2.245206876809354313e-03
-2.246044806195995371e-03
-2.242721495957905424e-03
-2.241967959253412905e-03
-2.248132224276255461e-03
-2.243731685185640541e-03
-2.244299538109953245e-03
-2.249817915504802486e-03
-2.245101438749614979e-03
-2.245101941595131941e-03
-2.243832934249520485e-03
-2.239900836579206481e-03
-2.240857067095204137e-03
-2.240840551329257441e-03
-2.238551582902223534e-03
-2.237155222063811136e-03
-2.236205766012783810e-03
-2.234741926295650150e-03
-2.233364370257701070e-03
-2.234818201084888718e-03
-2.232588898167269485e-03
-2.231609276457143486e-03
-2.233057663547876031e-03
-2.230730999475378975e-03
-2.230059366454763617e-03
-2.225234737308977306e-03
-2.223859636793634655e-03
-2.223554237470338948e-03
-2.224798420066212770e-03
-2.223600598900615788e-03
-2.223651879664180573e-03
-2.232804993223393413e-03
-2.231925362065379035e-03
-2.230697657987569180e-03
-2.231848415506674892e-03
-2.227415409496176935e-03
-2.225825710048757490e-03
-2.226516921951496916e-03
-2.224429705705248568e-03
-2.228648658887520239e-03
-2.231284464379073434e-03
-2.225039470791265617e-03
-2.223660722803580143e-03
-2.223036833370013472e-03
-2.222646432767805096e-03
-2.221831703664624031e-03
-2.221736410474453235e-03
-2.221018075396781217e-03
-2.217548787239468668e-03
-2.219338415398631678e-03
-2.219775348688092075e-03
-2.218740709844920552e-03
-2.215856161514580779e-03
-2.213370055474834022e-03
-2.210328462467166678e-03
-2.153202184335117376e-03
-2.160874486959328891e-03
-2.168145224086238942e-03
-2.175003656954546324e-03
-2.181437860202007327e-03
-2.145137829206463995e-03
-2.187434756969716329e-03
-2.192980167113665977e-03
-2.198058867580779049e-03
-2.202654665758143129e-03
-2.206750485160065278e-03
-2.136689656586053098e-03
-2.127864524906459588e-03
-2.118666675863338338e-03
-2.109092572459298626e-03
-2.099160520801524391e-03
-2.089649694688098559e-03
-2.112085325897174789e-03
-2.086172615858757073e-03
-2.098077493510389947e-03
-2.011489173277414104e-03
-1.980026085404505264e-03
-1.994024276306245735e-03
-2.091727030828817186e-03
-2.063953026460845549e-03
-2.075996299949437341e-03
-2.023792647472145729e-03
-1.830489421456432068e-03
-1.920670919660868916e-03
-1.934684449220737314e-03
-1.901602322431297440e-03
-1.892671149826624481e-03
-7.982937977722905521e-04
-7.883043532747189197e-04
-7.242378123759315783e-04
-8.361175675966500643e-04
-8.223149547550097404e-04
-8.634856779409338500e-04
-9.034406520404622424e-04
-9.281132876801441878e-04
-8.960542164413644751e-04
-9.451232536521749720e-04
-9.044512401710098340e-04
-9.462463735035368893e-04
-9.420080525652365982e-04
-8.891174587334284458e-04
-9.392202522881495149e-04
-9.379813198811847493e-04
-9.849608535183354378e-04
-9.868428964505036004e-04
-1.035853429260440118e-03
-1.079839321209568465e-03
-1.127669990318391725e-03
-1.081427670401296365e-03
-1.035701040012566377e-03
-1.126736159641171086e-03
-1.167465918815707888e-03
-1.212512725374905766e-03
-1.169189639431417486e-03
-1.293964948690909346e-03
-1.211568377080796816e-03
-1.330995779159722817e-03
-1.318088791429237712e-03
-1.323453722459936753e-03
-1.361913541484904410e-03
-1.359277945651872661e-03
-1.400199335636304748e-03
-1.383281805224578732e-03
-1.496339826432337020e-03
-1.497537378466002852e-03
-1.528258338394186374e-03
-1.431016459282796706e-03
-1.465409671403254156e-03
-1.435439248990920055e-03
-1.675696443344599921e-03
-1.627133234819063724e-03
-1.527015206994285484e-03
-1.546357162094497053e-03
-1.551592616540683599e-03
-1.580463473907306243e-03
-1.574471026663351678e-03
-1.696056585759413236e-03
-1.697491984277067810e-03
-1.721006356445923960e-03
-1.718780604341382540e-03
-1.761469984566348037e-03
-1.799762685906995587e-03
-1.814039403095293618e-03
-1.834306405861567402e-03
-1.815807236075064890e-03
-1.849592191860123438e-03
-1.868445970874500631e-03
-1.851876057522731933e-03
-1.882788250021709756e-03
-1.884862259979738427e-03
-1.900505318342971591e-03
-1.898744155685746365e-03
-1.879295968950941845e-03
-1.896775256853191561e-03
-1.894744855007134826e-03
-1.924116222301626346e-03
-1.952762768080774794e-03
-1.980234953409424313e-03
-2.004147212492711320e-03
-2.025844701018111350e-03
-2.047045288182736730e-03
-2.067495846982822343e-03
-2.086496983045174527e-03
-2.081118082299279661e-03
-2.161344866650588038e-03
-2.151730912150907893e-03
-2.144401203150096778e-03
-2.173787394849621690e-03
-2.164164582841326089e-03
-2.158028511687383640e-03
-2.171086704786866044e-03
-2.151301128730031403e-03
-2.149124716971280609e-03
-2.121703535418016304e-03
-2.185421958277582177e-03
-2.177909145795700174e-03
-2.200438103983290601e-03
-2.250447467899771049e-03
-2.241262551655925743e-03
-2.242609413252150824e-03
-2.222122919102768705e-03
-2.250323960897869340e-03
-2.250395050663664756e-03
-2.250015627644375883e-03
-2.249638750394623160e-03
-2.244634675332445473e-03
-2.246821579336754325e-03
-2.248698436832819413e-03
-2.242152789821280287e-03
-2.238608781076921461e-03
-2.235391106464386119e-03
-2.233715030591175259e-03
-2.225020702891598520e-03
-2.224240701865865064e-03
-2.235424874438441539e-03
-2.233258713182831486e-03
-2.234127587711129143e-03
-2.234256639009441717e-03
-2.227238383547392939e-03
-2.225612302447178489e-03
-2.227262858257975358e-03
-2.226005090645486427e-03
-2.229652784172634315e-03
-2.229762575746777227e-03
-2.228626543272077976e-03
-2.232679446429799812e-03
-2.232785305830716806e-03
-2.231266992890579628e-03
-2.228186438194396189e-03
-2.226639081357851754e-03
-2.226434048845260093e-03
-2.222757869953099260e-03
-2.220596061403126101e-03
-2.215469124850762399e-03
-2.216805731915214277e-03
-2.216212135082076557e-03
-2.216215885953531570e-03
-2.217781479814745493e-03
-2.217175117295851899e-03
-2.215111382737554833e-03
-2.212205528410809540e-03
-2.213481761803347617e-03
-2.212097256391714825e-03
-2.208379212317769166e-03
-2.210183653966829587e-03
-2.208527167436782380e-03
-2.143387912298919638e-03
-2.146334843235925705e-03
-2.150255632405563902e-03
-2.151811080648598478e-03
-2.158205177050179051e-03
-2.154481004876982256e-03
-2.159846749972845533e-03
-2.165757641625212955e-03
-2.162235196945960173e-03
-2.167482041966376210e-03
-2.172900913940721459e-03
-2.169585912268985964e-03
-2.174702782113089282e-03
-2.179621646813150425e-03
-2.176520396161061351e-03
-2.134588771480845984e-03
-2.137806922690452596e-03
-2.141919853687849519e-03
-2.181493547973686453e-03
-2.185905303968072207e-03
-2.183024683777159882e-03
-2.187837728665540001e-03
-2.191736216307420444e-03
-2.189083651019388659e-03
-2.193717596629128457e-03
-2.194681077482395909e-03
-2.197097651236221919e-03
-2.199114394294819728e-03
-2.201971896237300136e-03
-2.199799723276637479e-03
-2.204008434483039312e-03
-2.206340354879288493e-03
-2.204421419004707478e-03
-2.125423781050476447e-03
-2.128906116015853028e-03
-2.133207401482854586e-03
-2.115900285030908150e-03
-2.124126250645757674e-03
-2.119639449185287041e-03
-2.106028968684930686e-03
-2.114684286607461210e-03
-2.110012775318938043e-03
-2.095815092174508048e-03
-2.104883343473246474e-03
-2.100023475069919075e-03
-2.085197912713586572e-03
-2.094693275268375270e-03
-2.089670442480492853e-03
-2.074615217959395030e-03
-2.084348052274286218e-03
-2.079946283415229271e-03
-2.101858769233641913e-03
-1.982689733826410380e-03
-1.997161070619975047e-03
-1.965733842907542699e-03
-2.070051727012572375e-03
-2.053132725914430176e-03
-2.080866641227907370e-03
-2.040780347506303098e-03
-1.858880061018441856e-03
-1.827528982425179757e-03
-1.861664425941016252e-03
-1.951895408457573252e-03
-1.924102903869209097e-03
-1.894399533990398076e-03
-1.922401905785066974e-03
-7.101042795375968764e-04
-7.421716960678130005e-04
-6.464764686504055873e-04
-8.139252931868076876e-04
-8.364849014194048003e-04
-8.658402070706371035e-04
-8.375515853844949649e-04
-8.732075444028636942e-04
-9.001702459077350884e-04
-8.891762840790874960e-04
-8.688746173923893312e-04
-8.754167692874252745e-04
-9.315852148214265631e-04
-9.292047907638536922e-04
-9.830805234965602282e-04
-1.032817584425021942e-03
-1.031061832932260490e-03
-9.819543726834291993e-04
-1.072691228686490066e-03
-1.123200049962408756e-03
-1.076332211255162609e-03
-1.121335703620846913e-03
-1.249445023049747944e-03
-1.291942020459094622e-03
-1.251503822694303471e-03
-1.162903544354959183e-03
-1.165179436059256973e-03
-1.209302123453219208e-03
-1.290288645223366167e-03
-1.244662438604227485e-03
-1.280933725632484596e-03
-1.286957697166190477e-03
-1.338746538564368482e-03
-1.395776112676063623e-03
-1.464228549394508763e-03
-1.645979340972494919e-03
-1.672783955652401566e-03
-1.648913637964735841e-03
-1.593608305736203545e-03
-1.623089709620911380e-03
-1.597686388652146995e-03
-1.489353343539222361e-03
-1.523489986221496012e-03
-1.492879234279058083e-03
-1.518314832044184628e-03
-1.537341445088304549e-03
-1.569941055295597139e-03
-1.541874604821304520e-03
-1.671363361471505000e-03
-1.690918088765987638e-03
-1.693490923526645969e-03
-1.716200090971214693e-03
-1.735905612657079843e-03
-1.738411938302070192e-03
-1.758980473081771505e-03
-1.776864695028719868e-03
-1.797441226630931786e-03
-1.779197624848623954e-03
-1.832042184570072422e-03
-1.795676380995198020e-03
-1.866408002150500437e-03
-1.880836669921921635e-03
-1.875915764963111002e-03
-1.877390288279370042e-03
-1.893269201017973259e-03
-1.907177097257999315e-03
-1.922599129054045758e-03
-1.908690347040256554e-03
-1.938552225669930729e-03
-1.953304652159333805e-03
-1.938076589378924519e-03
-1.971215825624782203e-03
-1.969316637094461423e-03
-1.982024883896068949e-03
-1.990530951873976245e-03
-2.003065627443979639e-03
-1.991594327129999047e-03
-2.011211307482762504e-03
-2.023747355532643909e-03
-2.013304879856622071e-03
-2.045013822864875236e-03
-2.051495494100367360e-03
-2.040515415641408134e-03
-2.065072780150536448e-03
-2.071097114301047402e-03
-2.061378488981770868e-03
-2.075124946740665704e-03
-2.167668835792401199e-03
-2.166269705066229106e-03
-2.159023624621454751e-03
-2.145359879885784353e-03
-2.165010095559324541e-03
-2.135560246925748834e-03
-2.209315488726372630e-03
-2.195610899119340795e-03
-2.198967697694305563e-03
-2.200765312570806403e-03
-2.191355034973488814e-03
-2.187257256594077326e-03
-2.210546381651510607e-03
-2.248761816165744526e-03
-2.249473139225534411e-03
-2.240527666542512127e-03
-2.228863467618257682e-03
-2.230511957514767253e-03
-2.220427010418099187e-03
-2.264675103542551984e-03
-2.257410933106492306e-03
-2.257549359025616716e-03
-2.262741640903420150e-03
-2.256631760245575956e-03
-2.256461793252571672e-03
-2.260357756714062236e-03
-2.255330088541161217e-03
-2.255019900630629136e-03
-2.258311174059453742e-03
-2.254063558099361590e-03
-2.253884148452591201e-03
-2.250179062337627836e-03
-2.246834765534490470e-03
-2.247968849265328563e-03
-2.253062734402610460e-03
-2.250470655279666540e-03
-2.249394752109949887e-03
-2.255830167722919222e-03
-2.251823898658800172e-03
-2.252702534618191386e-03
-2.247392971588912155e-03
-2.245469863330436158e-03
-2.244135146004167056e-03
-2.239770546098507863e-03
-2.240257642435613660e-03
-2.238046163279350589e-03
-2.237273814671321415e-03
-2.237808275953091092e-03
-2.236200351294129890e-03
-2.235296926258328182e-03
-2.227249077964663093e-03
-2.226009359234710702e-03
-2.226213411234208902e-03
-2.225701092261323649e-03
-2.225256575083754164e-03
-2.224685373323072660e-03
-2.236337040500465528e-03
-2.235870923975430934e-03
-2.234464053038289714e-03
-2.236498318392169359e-03
-2.228451097499428886e-03
-2.227599836155044321e-03
-2.231250428853395230e-03
-2.234450668640556789e-03
-2.227625612483154476e-03
-2.223495280549173548e-03
-2.223589068038039820e-03
-2.222668086250760566e-03
-2.220580142487997306e-03
-2.221217073676354237e-03
-2.219963920912810997e-03
-2.215837869557056583e-03
-2.216993924284804945e-03
-2.218176203789490580e-03
-2.216603783554707378e-03
-2.213838293133275122e-03
-2.210293231055760789e-03
-2.206192533110837642e-03
-2.138953879852870544e-03
-2.147569018950225717e-03
-2.155802323416677619e-03
-2.163641569633981045e-03
-2.171073215470887587e-03
-2.178082445467374815e-03
-2.129967793883634584e-03
-2.184653225160541196e-03
-2.190768366080737394e-03
-2.196409605392899735e-03
-2.201557700071028311e-03
-2.120620005016957479e-03
-2.110919578164603596e-03
-2.100872717629096061e-03
-2.090454349457422471e-03
-2.079842638271732491e-03
-2.069739967872998888e-03
-2.142721824619223375e-03
-2.117190847458091246e-03
-2.127367356852328303e-03
-2.049565035741629862e-03
-2.030506305127095096e-03
-2.016274141509328752e-03
-2.124568931647525909e-03
-2.097302156591341997e-03
-2.108125574415112020e-03
-2.059771702864615639e-03
-1.891516417132641566e-03
-1.953520645351781819e-03
-7.581247193804575412e-04
-7.640376361995305197e-04
-7.859721691967431123e-04
-7.884410950756867665e-04
-8.119713558181692898e-04
-7.944817755461612389e-04
-8.153208558835886317e-04
-7.890676557262239288e-04
-8.509289003986422913e-04
-8.140231233642403544e-04
-8.464124445323907694e-04
-7.711084289694943158e-04
-8.344659742255869763e-04
-8.264449441505565281e-04
-7.414596106836289675e-04
-8.049962289227287435e-04
-8.122914211655648045e-04
-8.651301749578790010e-04
-8.669588700671497592e-04
-9.273604547358746180e-04
-9.694839268786511295e-04
-9.742240128813280456e-04
-1.026275833351427465e-03
-9.240463762092201170e-04
-1.022527029521805861e-03
-1.067880568974097655e-03
-1.070274924403893891e-03
-1.118960705092575912e-03
-1.207196798070695257e-03
-1.116584682169821825e-03
-1.246101379292469937e-03
-1.236711711759247607e-03
-1.278316117520479070e-03
-1.239508814554210817e-03
-1.298940476046411005e-03
-1.355226392896663728e-03
-1.393737965513184738e-03
-1.357199300632572127e-03
-1.425640470181737665e-03
-1.428334583096704021e-03
-1.461542777357948330e-03
-1.620169004228600405e-03
-1.565893410870101239e-03
-1.458014480164004575e-03
-1.480438912076402838e-03
-1.484923793388994231e-03
-1.513836273569939880e-03
-1.509355706593731861e-03
-1.641681641237437367e-03
-1.643836923727862945e-03
-1.669221786274952511e-03
-1.666643269135878068e-03
-1.713713977455317812e-03
-1.756638821192186770e-03
-1.809480723904202670e-03
-1.829756740549784780e-03
-1.811758898783970111e-03
-1.773383902615382080e-03
-1.775098546390109066e-03
-1.793922027776104645e-03
-1.845048604096977043e-03
-1.864133562583782967e-03
-1.847330388628241025e-03
-1.862173506736696177e-03
-1.891754576635188215e-03
-1.842261021718338918e-03
-1.860537740012033420e-03
-1.859072139211564827e-03
-1.923079875972361769e-03
-1.954996658989673237e-03
-1.980984297881123717e-03
-2.001018922153847013e-03
-2.025528386919902765e-03
-2.018472790248522324e-03
-2.030908178298123333e-03
-2.035318831015440859e-03
-2.054991711311435904e-03
-2.189804269482843214e-03
-2.181798009179506965e-03
-2.175506188545642434e-03
-2.180442056508904644e-03
-2.200610043655266881e-03
-2.179836992182786551e-03
-2.185757071688671904e-03
-2.150839533883570041e-03
-2.204966848394209530e-03
-2.195267237912348120e-03
-2.219088224700707396e-03
-2.265875212521660520e-03
-2.257315286766695215e-03
-2.257955666502252552e-03
-2.238976264319594150e-03
-2.264917713811182877e-03
-2.263347036057056401e-03
-2.261187148643730577e-03
-2.258993689625658600e-03
-2.256760208206887511e-03
-2.248473186327436084e-03
-2.251319884711999730e-03
-2.254156028471393861e-03
-2.244478591700059880e-03
-2.242884074994804314e-03
-2.245786883762765276e-03
-2.242262989409162313e-03
-2.238659438386032385e-03
-2.226464543441342321e-03
-2.224614566170231116e-03
-2.238669685173841697e-03
-2.237192817602587022e-03
-2.237352054586464866e-03
-2.238273309458698075e-03
-2.228815273825826039e-03
-2.231609638861097554e-03
-2.230728670640062979e-03
-2.232175558093894754e-03
-2.234071289140309585e-03
-2.235103904044653377e-03
-2.233436569713820492e-03
-2.229752483664204817e-03
-2.228467052660485816e-03
-2.228897403259318816e-03
-2.222054511259530154e-03
-2.218802592849087717e-03
-2.212465269227327763e-03
-2.214339201909705165e-03
-2.213964342155264747e-03
-2.212779146919519740e-03
-2.214892397130864641e-03
-2.214491000390314372e-03
-2.212333345703782362e-03
-2.208119790957426432e-03
-2.210165855846716459e-03
-2.208250738786135276e-03
-2.203217108789638258e-03
-2.205799633022407537e-03
-2.203613285041458418e-03
-2.128018197537511272e-03
-2.135679264769170266e-03
-2.131293317355433415e-03
-2.137387696779092898e-03
-2.140378894806326329e-03
-2.144578556495441157e-03
-2.146390622013884600e-03
-2.149093170052245212e-03
-2.153100754091117480e-03
-2.155012692644904092e-03
-2.157423236995936223e-03
-2.161232262757476277e-03
-2.163238181989705043e-03
-2.165354787427649103e-03
-2.168958118371661775e-03
-2.171049978598979177e-03
-2.172872172780542215e-03
-2.176262041104037696e-03
-2.118297324901039988e-03
-2.121849057808582878e-03
-2.126416175653090060e-03
-2.178429654053304961e-03
-2.183126497545120632e-03
-2.179958461661844239e-03
-2.185357536751867530e-03
-2.189532772567312317e-03
-2.186595506358035308e-03
-2.191812803347301889e-03
-2.195461059649011972e-03
-2.192764024653035947e-03
-2.197773588890434334e-03
-2.200890566827783112e-03
-2.198443698493725978e-03
-2.108243976067126525e-03
-2.112059198272629550e-03
-2.116803731710414048e-03
-2.097920625700090778e-03
-2.101961547379051654e-03
-2.106878075468904959e-03
-2.087107372164400364e-03
-2.096541769594162212e-03
-2.091450635579457026e-03
-2.076157440346945455e-03
-2.085952279952181521e-03
-2.080663261543208922e-03
-2.064817705717120633e-03
-2.074970395632253287e-03
-2.069699397218592151e-03
-2.053584851649737936e-03
-2.064034027666246645e-03
-2.059283357582099641e-03
-2.133584481955727499e-03
-2.041399682983681928e-03
-2.012120548893853601e-03
-2.045510631319834467e-03
-2.104942333548258729e-03
-2.114772803495756914e-03
-2.087564350524758177e-03
-2.077260764366635135e-03
-1.920954332674632524e-03
-1.889793925553963621e-03
-1.922432582417954536e-03
-1.983901661632238300e-03
-1.983325168531908673e-03
-1.953999237201549735e-03
-1.058516830624771235e-03
-8.233505916114789184e-04
-7.404001279259225668e-04
-7.778392617955720957e-04
-7.052785164454757321e-04
-7.473788518098934937e-04
-7.759055783365765646e-04
-7.508401578533818559e-04
-7.765180556990208295e-04
-7.496185949358964099e-04
-7.292401749530168405e-04
-7.322684379147151269e-04
-8.018700437105012475e-04
-7.996482458903605072e-04
-8.593696767629623121e-04
-9.191003319650149989e-04
-9.139562040993352539e-04
-8.600642776597676930e-04
-9.630944785603760654e-04
-1.019371750688484284e-03
-9.662598482109126599e-04
-1.016860368681579046e-03
-1.155595869284408274e-03
-1.203546555189973204e-03
-1.159264517656880163e-03
-1.059335119678829788e-03
-1.063612194278300716e-03
-1.112312488718743926e-03
-1.200114530125093735e-03
-1.148420181497737235e-03
-1.192367213197388946e-03
-1.195528252952867158e-03
-1.289546505538512449e-03
-1.263489067668274648e-03
-1.325108389086997619e-03
-1.391003919846132454e-03
-1.322936577309697910e-03
-1.587843321635573884e-03
-1.617294107432913283e-03
-1.590730730556637156e-03
-1.530866681594030216e-03
-1.562648348067509959e-03
-1.534109035436392182e-03
-1.419687884045823297e-03
-1.422675423432888343e-03
-1.455020893924101420e-03
-1.450527791104134958e-03
-1.468265557937475799e-03
-1.503265687727637148e-03
-1.474378497837387347e-03
-1.615146616055006951e-03
-1.636761410385491246e-03
-1.664193315889842071e-03
-1.639221187594786877e-03
-1.686733029801154972e-03
-1.711627523166710761e-03
-1.688815115758558749e-03
-1.732507928616068473e-03
-1.754975691257595199e-03
-1.734213159045811751e-03
-1.827499651646532748e-03
-1.791675056867538841e-03
-1.753230008956919994e-03
-1.843415301175115604e-03
-1.872778331521624245e-03
-1.874352601860112015e-03
-1.890198250855513497e-03
-1.838588607071366208e-03
-1.840186567131241874e-03
-1.857477368059216307e-03
-1.905084517996920778e-03
-1.922008621091800392e-03
-1.906123088314190831e-03
-1.964471710429499269e-03
-1.967855044401121360e-03
-1.951661229923396445e-03
-1.977634616154201695e-03
-1.988442020337952663e-03
-1.999960201156479773e-03
-1.989501060325270677e-03
-2.008767283535230729e-03
-2.017262568512495028e-03
-2.009990286699401326e-03
-2.029050758848387030e-03
-2.037118503791659953e-03
-2.027238582403693198e-03
-2.049205594382942294e-03
-2.209769094593608003e-03
-2.190363131510740958e-03
-2.199689769488562610e-03
-2.188682092858267036e-03
-2.173913432567501323e-03
-2.194598327169072945e-03
-2.205021677382441522e-03
-2.165711663906849486e-03
-2.221761629773155982e-03
-2.211140705302649945e-03
-2.215464842191267134e-03
-2.216250048457273254e-03
-2.202918422070290500e-03
-2.208434601678525150e-03
-2.225240579708409605e-03
-2.265716704565070433e-03
-2.257401272275118276e-03
-2.265620935803888680e-03
-2.245757495556361272e-03
-2.237433632635796223e-03
-2.247287048439934945e-03
-2.278508413873233697e-03
-2.272025759873861316e-03
-2.271359038585430128e-03
-2.274425285374834065e-03
-2.268357813672210697e-03
-2.269397432970161280e-03
-2.270537873447289745e-03
-2.265217077607997211e-03
-2.266477989619983431e-03
-2.266603685746087365e-03
-2.263332616827571503e-03
-2.262249820000987281e-03
-2.262957942276102533e-03
-2.260507687027783763e-03
-2.259207274378734632e-03
-2.252052572304393593e-03
-2.249541653597066961e-03
-2.250973681165129373e-03
-2.255646988952317647e-03
-2.254203884488406757e-03
-2.252730869997396704e-03
-2.259233349582774435e-03
-2.257400199326524588e-03
-2.255969931045984263e-03
-2.248508194038025855e-03
-2.247828433766077202e-03
-2.246456782266057460e-03
-2.241809591455868212e-03
-2.243017014633904259e-03
-2.240824151183729365e-03
-2.239683872233815248e-03
-2.227772794378844214e-03
-2.227465891403704410e-03
-2.226724039185096378e-03
-2.225214267305423554e-03
-2.225465448963732332e-03
-2.224359077201161234e-03
-2.238728504695373326e-03
-2.237539012143079271e-03
-2.238886316037034044e-03
-2.240136274403016145e-03
-2.229922030338894225e-03
-2.232922680286534602e-03
-2.236868295436984268e-03
-2.236509549719102076e-03
-2.235464311507243552e-03
-2.230627846884449504e-03
-2.228678587054586796e-03
-2.221884066275699697e-03
-2.222704545997500510e-03
-2.221238448884665494e-03
-2.217853233610006004e-03
-2.219231202613741218e-03
-2.217429697413725222e-03
-2.212614139459564890e-03
-2.213146667991220968e-03
-2.212960631681477885e-03
-2.215083154781867514e-03
-2.210294330347375557e-03
-2.205671746433207105e-03
-2.200495931788666419e-03
-2.123120552822652281e-03
-2.132670139285267920e-03
-2.141860596085972020e-03
-2.150677252872726809e-03
-2.159105085635089436e-03
-2.167127655280495259e-03
-2.174727172583563323e-03
-2.113228655362781386e-03
-2.181884566576369408e-03
-2.188579566398374341e-03
-2.194790804253661781e-03
-2.103036440749521483e-03
-2.092473976819219771e-03
-2.081588108447245643e-03
-2.070434835491272423e-03
-2.059117518897724333e-03
-2.174677564454168162e-03
-2.149588006938065593e-03
-2.158663642766808430e-03
-2.012766507657375373e-03
-2.089116591381946254e-03
-2.069441498487918467e-03
-2.065350926060726452e-03
-2.157239423168541472e-03
-2.140890043058556180e-03
-2.131079018557284314e-03
-2.097146909252739760e-03
-1.952437256742428108e-03
-6.652834681605780329e-04
-8.387314521579689475e-04
-7.208017624041325282e-04
-5.869215848645275907e-04
-6.990261279280783396e-04
-6.721469706592479504e-04
-6.544026252057578248e-04
-6.520071507578878564e-04
-7.243733608247342930e-04
-6.782439681156493105e-04
-7.119899748059786704e-04
-6.129179131662746251e-04
-6.880008783954653321e-04
-6.733744622991648995e-04
-5.834074889117808315e-04
-6.595161745363364121e-04
-6.561792501409690346e-04
-7.214591621530306188e-04
-7.956842151852839325e-04
-7.253026299067339127e-04
-8.453494965488353744e-04
-9.091306438022543103e-04
-8.501228425504307133e-04
-7.903279611186737538e-04
-9.057881067026987958e-04
-9.535370060447172051e-04
-1.012081056579369623e-03
-9.583221585059682832e-04
-1.108573859868156562e-03
-1.007696335336517868e-03
-1.150980232447242893e-03
-1.133256607339679436e-03
-1.185743251505796611e-03
-1.139843731692093175e-03
-1.207557255888277743e-03
-1.222227026465300213e-03
-1.249067109050463293e-03
-1.350319459534596572e-03
-1.352759780867780412e-03
-1.388566962365085557e-03
-1.279312693653188605e-03
-1.317846498220142997e-03
-1.284483524338298150e-03
-1.559767945137413960e-03
-1.500023965974409687e-03
-1.385462850037002657e-03
-1.411267702354108804e-03
-1.446309176848467517e-03
-1.415519303919398611e-03
-1.440193354702223958e-03
-1.582467638680382397e-03
-1.585149250431215151e-03
-1.612465252282697763e-03
-1.609995020186807003e-03
-1.662084401463716525e-03
-1.709918166122615822e-03
-1.804355849516356023e-03
-1.824941251147469854e-03
-1.806918608054651357e-03
-1.765925961461601960e-03
-1.787943322346420994e-03
-1.769655795913593031e-03
-1.725245914046741108e-03
-1.728903978461205889e-03
-1.749597858066042570e-03
-1.823297427377662105e-03
-1.855909871393303639e-03
-1.889152782721500307e-03
-1.802893611865175570e-03
-1.822294714586911255e-03
-1.820696967047649977e-03
-1.934771923160780518e-03
-1.920121789033130393e-03
-1.936664388278921218e-03
-1.949790575799197241e-03
-1.976624598416056467e-03
-1.998732379015168668e-03
-2.018991420321968565e-03
-2.041296026469479122e-03
-2.212809509379423667e-03
-2.230163628093266917e-03
-2.209367642663757555e-03
-2.215233469796188542e-03
-2.235686435620776180e-03
-2.218055199435252194e-03
-2.222587219322950253e-03
-2.181651065754890411e-03
-2.218809048854149431e-03
-2.233785008104239786e-03
-2.281474048033315521e-03
-2.273605539733340210e-03
-2.273445938897836888e-03
-2.255920327010690028e-03
-2.279593038890120188e-03
-2.276076244799430000e-03
-2.272089944170457235e-03
-2.268186570571440082e-03
-2.264437059677160136e-03
-2.260772068578259259e-03
-2.253524179393756599e-03
-2.249968976072630467e-03
-2.257112893029166595e-03
-2.244783987613470366e-03
-2.246464138173912949e-03
-2.244740898307708010e-03
-2.243263204117129563e-03
-2.226486506039048081e-03
-2.223569656900232453e-03
-2.241750994244976966e-03
-2.240221576203702512e-03
-2.240212538467763539e-03
-2.237741453846033360e-03
-2.241703286956937650e-03
-2.231894151261195301e-03
-2.232988958414880865e-03
-2.231809135817852587e-03
-2.233815815160315223e-03
-2.235257902506345741e-03
-2.234029810834386835e-03
-2.230854705464668016e-03
-2.229580805288944138e-03
-2.228647244450022123e-03
-2.229597029498910088e-03
-2.219890637298364659e-03
-2.215519834368138812e-03
-2.207929243868430626e-03
-2.210192503100823734e-03
-2.210351754960111510e-03
-2.207814448464521379e-03
-2.210288159269970833e-03
-2.210487884005133113e-03
-2.208021435016139112e-03
-2.202482542341617326e-03
-2.202851855409454235e-03
-2.205306131423759222e-03
-2.196486438723208468e-03
-2.197131146224144509e-03
-2.199854617314558197e-03
-2.111046955280606024e-03
-2.119506994815049516e-03
-2.114661221844127154e-03
-2.121356141765599716e-03
-2.129349524097343647e-03
-2.124677605416674855e-03
-2.131321546245974058e-03
-2.134346389949484234e-03
-2.138836834086178459e-03
-2.140927638453517853e-03
-2.147954014877455700e-03
-2.143652212931844697e-03
-2.150157289079898670e-03
-2.156684619067413076e-03
-2.152579360272432497e-03
-2.158991818293238586e-03
-2.165010735993924858e-03
-2.161110622493472508e-03
-2.167411089136571118e-03
-2.172913069055826436e-03
-2.169227368514585735e-03
-2.100408004513445396e-03
-2.109323815781891012e-03
-2.104313854503163123e-03
-2.175393579847892649e-03
-2.180371005093977715e-03
-2.176909616570667227e-03
-2.182916471911303460e-03
-2.187362703665881192e-03
-2.184136113708512808e-03
-2.189955769968271806e-03
-2.193865216995087401e-03
-2.190884442873077768e-03
-2.089440268905737655e-03
-2.098814398957697235e-03
-2.093669116891323269e-03
-2.078772806321853468e-03
-2.088311146375676150e-03
-2.082925052936265842e-03
-2.067048313811221949e-03
-2.071597373601528728e-03
-2.077058823923814274e-03
-2.055317658039536137e-03
-2.060063636034107325e-03
-2.065717406844182810e-03
-2.042855140033843133e-03
-2.053807488146762970e-03
-2.048213257076472640e-03
-2.165909678637641025e-03
-2.044210747082203690e-03
-2.014055302574779740e-03
-2.042840703020969324e-03
-2.106926380502211621e-03
-2.074275909781860515e-03
-2.098128558877813271e-03
-2.137459841933360243e-03
-2.147327561573600212e-03
-2.121087887949125485e-03
-2.113227870686895053e-03
-1.982605337529869203e-03
-1.951671575049900801e-03
-1.983173025446593584e-03
0.000000000000000000e+00
-3.481212017171938481e-04
-1.134662192705296205e-03
-3.782863906977662160e-04
-6.077611643944892976e-04
-5.344366840230607447e-04
-5.005727867470952238e-04
-5.003583880104499511e-04
-6.105147179155338139e-04
-5.436120322263988079e-04
-5.825341909589517794e-04
-6.288510296128481305e-04
-5.914094323391455923e-04
-5.693112308067648387e-04
-6.518122644659311285e-04
-5.736080917158529850e-04
-6.476533918387158669e-04
-7.162447489305781394e-04
-7.806001657176647431e-04
-7.858307383631600584e-04
-7.167977865828793716e-04
-8.368512414367987231e-04
-9.015217126327023777e-04
-8.410737207221179613e-04
-8.966296677337859313e-04
-1.050521712012797253e-03
-1.104159592582603603e-03
-1.054929342069858356e-03
-9.441086268057886227e-04
-1.002971830122561039e-03
-9.488151497876770417e-04
-1.099450298590314880e-03
-1.042002782804002598e-03
-1.087438056303077901e-03
-1.094148546909772977e-03
-1.171046983788413169e-03
-1.243942204320205337e-03
-1.315256348189320799e-03
-1.524411565685890096e-03
-1.556552243175153734e-03
-1.527634510303124563e-03
-1.462385075801970677e-03
-1.497093073407387712e-03
-1.465311303109522898e-03
-1.352054137038060039e-03
-1.351055994001034355e-03
-1.386236323083221743e-03
-1.381926560300231459e-03
-1.399963966752434561e-03
-1.434575969548426569e-03
-1.405643034918408482e-03
-1.553846679751608954e-03
-1.576702891224518368e-03
-1.579579943572135148e-03
-1.607127709197133172e-03
-1.631639485922140032e-03
-1.659537178577997433e-03
-1.634207462376015881e-03
-1.681840402909700379e-03
-1.707444313936524148e-03
-1.684265589479180423e-03
-1.785389766046233898e-03
-1.745878405263505883e-03
-1.703786827270695192e-03
-1.803332120646868519e-03
-1.835746131222255797e-03
-1.854492659222418960e-03
-1.837165496772535413e-03
-1.869834082866834611e-03
-1.871305526284854862e-03
-1.887681407630038008e-03
-1.799269002667821301e-03
-1.819167243509868092e-03
-1.800792188080285565e-03
-1.902284546239181454e-03
-1.918721948424519661e-03
-1.903689477692241307e-03
-1.961675274603389037e-03
-1.963075146434000232e-03
-1.948407386461584612e-03
-1.975218426411925673e-03
-1.986164404812435641e-03
-1.997604144524631892e-03
-1.987335118134852391e-03
-2.006524899411277641e-03
-2.007617241475762732e-03
-2.017761736599262782e-03
-2.035925741119238089e-03
-2.239591474269598398e-03
-2.224547701049288829e-03
-2.227757556503064465e-03
-2.219639536123241101e-03
-2.204196559989550237e-03
-2.224777276155125074e-03
-2.232681245809779030e-03
-2.237356381906199614e-03
-2.197165170938443143e-03
-2.241651154601363716e-03
-2.228835252051432868e-03
-2.231569278073317064e-03
-2.243583289185318436e-03
-2.283474554636096780e-03
-2.282288766316244340e-03
-2.274800092031877344e-03
-2.264788003603853978e-03
-2.255455325739443625e-03
-2.265280718838735656e-03
-2.292079061444445703e-03
-2.286577903751149145e-03
-2.285025601362900005e-03
-2.285965870617005617e-03
-2.282054376962452946e-03
-2.279942958292601601e-03
-2.279757650241376679e-03
-2.274911076397157818e-03
-2.276918853862729391e-03
-2.274456297020358182e-03
-2.270326124195737490e-03
-2.272354248226342993e-03
-2.269282319269083897e-03
-2.267801840595560017e-03
-2.265920157261424196e-03
-2.264615197715359914e-03
-2.263661285857697901e-03
-2.261743472808088774e-03
-2.255782949870960979e-03
-2.253724422899164390e-03
-2.255565764624001442e-03
-2.251455357670060532e-03
-2.249797762770263179e-03
-2.251615710822053341e-03
-2.260194309745939059e-03
-2.259568430854916841e-03
-2.257728849382798116e-03
-2.247286026004916351e-03
-2.247764623740915006e-03
-2.245988661168683148e-03
-2.243158530266506356e-03
-2.226922272645797535e-03
-2.227320761725745495e-03
-2.226066754627068801e-03
-2.223274161542381812e-03
-2.222586324915299012e-03
-2.224260498472292128e-03
-2.239713191415719160e-03
-2.240575951026174337e-03
-2.239128856363170432e-03
-2.238146861351509535e-03
-2.232967917064460593e-03
-2.235899726003852915e-03
-2.234825731044743150e-03
-2.236193131675651754e-03
-2.230692067630185571e-03
-2.228185965051519314e-03
-2.218806408163233497e-03
-2.218338349550330341e-03
-2.220365426296317442e-03
-2.213630308775451239e-03
-2.213396081979243125e-03
-2.215759572610556498e-03
-2.207860626378997139e-03
-2.207776312136346553e-03
-2.210477052027453281e-03
-2.207792058327001736e-03
-2.205208446951278673e-03
-2.199489960228200123e-03
-2.193223293400494659e-03
-2.116166294226536418e-03
-2.105687484316227064e-03
-2.126308153390975633e-03
-2.136098422453334804e-03
-2.145520746959455379e-03
-2.154557194836668153e-03
-2.163188334352497862e-03
-2.171393316440800407e-03
-2.094883020755031015e-03
-2.179149944779923149e-03
-2.186434784145715928e-03
-2.084058732270869553e-03
-2.072875296136247533e-03
-2.061159014087206136e-03
-2.049058642809142156e-03
-2.206424528770539739e-03
-2.181785386350095033e-03
-2.190521547417996311e-03
-2.013409141307265227e-03
-2.075650543833083665e-03
-2.122239337922959736e-03
-2.188739085129937697e-03
-2.163051604521226516e-03
-2.172992364655128902e-03
0.000000000000000000e+00
-2.902268895133967332e-04
0.000000000000000000e+00
-1.834450721508624766e-04
-2.870711162505729325e-04
-4.476516945070184374e-04
-3.334337286406899976e-04
-4.011408139121491290e-04
-4.437820306024427676e-04
-5.527216733908479071e-04
-4.722024671371110737e-04
-5.284597844285842663e-04
-4.199239005283585862e-04
-5.138233451515343640e-04
-4.991482651562011803e-04
-4.007055956755075699e-04
-4.852690361941877618e-04
-4.899578465024843855e-04
-5.606739293241805745e-04
-6.432367980122321877e-04
-5.649305497327991588e-04
-7.035507900271856501e-04
-7.762026476276201849e-04
-7.078174200164712724e-04
-6.383596410062025630e-04
-7.718000845035602941e-04
-8.266266286414234322e-04
-8.914840173153135757e-04
-8.317146158143228201e-04
-9.984765309939249225e-04
-8.866707646945041089e-04
-1.045178696411038551e-03
-1.030025537440909002e-03
-1.082494126550602063e-03
-1.034913559077041108e-03
-1.121389692626069325e-03
-1.165121172879291477e-03
-1.127303833462773262e-03
-1.202978866450111258e-03
-1.241694624859217971e-03
-1.205200707462633419e-03
-1.280586829179731611e-03
-1.279893396499516209e-03
-1.315959087276801897e-03
-1.493835034187048372e-03
-1.431629384344400291e-03
-1.316614445165053930e-03
-1.356852555402412400e-03
-1.384272461752104845e-03
-1.354328400511481097e-03
-1.378677890843275477e-03
-1.518316323220646451e-03
-1.521354731676272456e-03
-1.550812066527353225e-03
-1.547906471473527472e-03
-1.604574659616006451e-03
-1.657038371134871534e-03
-1.761152696447355935e-03
-1.763540340839425550e-03
-1.783023750465994803e-03
-1.716362482919627386e-03
-1.741427886917179275e-03
-1.720807962186082091e-03
-1.680358150825190730e-03
-1.681016389698636228e-03
-1.702993204043621710e-03
-1.782012499904134066e-03
-1.853025663926188447e-03
-1.817750997138764925e-03
-1.886288437433579664e-03
-1.759095995263799776e-03
-1.780688716082633183e-03
-1.779128360253233541e-03
-1.931646942967335046e-03
-1.917175946281800877e-03
-1.933213747003690707e-03
-1.946844568256852256e-03
-1.974123400975909964e-03
-1.996413501831126834e-03
-2.018198010777262456e-03
-2.023640826333118412e-03
-2.012329296830357370e-03
-2.030529205912749192e-03
-2.240335548210099260e-03
-2.259938048399802359e-03
-2.239754599017042616e-03
-2.244923766522690170e-03
-2.265980724972740164e-03
-2.247939542761298592e-03
-2.250625799803291759e-03
-2.265051990020468947e-03
-2.250259211846109778e-03
-2.252120102761955879e-03
-2.213010647483682619e-03
-2.253272347326382673e-03
-2.297306786034184617e-03
-2.289127877416134715e-03
-2.290397165356918702e-03
-2.274354549322640459e-03
-2.288567812917596984e-03
-2.294229100471887814e-03
-2.282423921600498177e-03
-2.276714596182748997e-03
-2.271504614860593574e-03
-2.266612574209798513e-03
-2.262073719049927968e-03
-2.253283677637258828e-03
-2.257645558334906051e-03
-2.249049585516436911e-03
-2.243454517168308807e-03
-2.245077380274585095e-03
-2.244117700748912356e-03
-2.242457596441026560e-03
-2.225116017237384336e-03
-2.221070292738658303e-03
-2.241265454661233673e-03
-2.237471759031134377e-03
-2.230785564575107904e-03
-2.231417359901823917e-03
-2.232301192582619026e-03
-2.231845937989124402e-03
-2.233743053873136260e-03
-2.232936707665746784e-03
-2.230230458735505458e-03
-2.228163368792724676e-03
-2.227511564594109473e-03
-2.228771280733652087e-03
-2.216245941020747803e-03
-2.210727378404634888e-03
-2.201843106212044571e-03
-2.204825378000309540e-03
-2.204879711238610408e-03
-2.201301615726586596e-03
-2.204547677047244067e-03
-2.204547464107952000e-03
-2.202158819833478082e-03
-2.195276130400206169e-03
-2.198885879168076696e-03
-2.195884021950558068e-03
-2.188169905946548473e-03
-2.189064502605464306e-03
-2.192332191891345657e-03
-2.103703901294814126e-03
-2.112505945736758636e-03
-2.107365098668620949e-03
-2.092461204107531111e-03
-2.101726997119781649e-03
-2.096423047204825155e-03
-2.114626529723424939e-03
-2.122953329848770165e-03
-2.117982486451213536e-03
-2.125213347304838463e-03
-2.133053155140221622e-03
-2.128260037630382625e-03
-2.135446024833896703e-03
-2.142787630470267303e-03
-2.138180827780557149e-03
-2.145304418701286537e-03
-2.152137347895053190e-03
-2.147726232599228915e-03
-2.154766796690039260e-03
-2.161081350541345977e-03
-2.156876037561526217e-03
-2.163809909689353404e-03
-2.165608542186343854e-03
-2.169597244110481500e-03
-2.080912066771319242e-03
-2.090631207436017061e-03
-2.085163841376483362e-03
-2.172409038751185566e-03
-2.173900618162995062e-03
-2.177661233885921487e-03
-2.180538117894045315e-03
-2.181727813956998649e-03
-2.185248268637849257e-03
-2.069748096657877175e-03
-2.074238053526473134e-03
-2.079550998912399733e-03
-2.058436743157071331e-03
-2.062729753286163606e-03
-2.068569111209456277e-03
-2.046685259347620980e-03
-2.050997129910142255e-03
-2.056845414821214125e-03
-2.033154670579541672e-03
-2.044235604441652261e-03
-2.038014472871418556e-03
-2.197538082193319607e-03
-2.043920317322278982e-03
-2.013170836456887151e-03
-2.044006068680215716e-03
-2.102820462958408191e-03
-2.104847072731854361e-03
-2.073552648450525254e-03
-2.169785678326627536e-03
-2.138367874405289887e-03
-2.153646610015420501e-03
-2.179228837153912232e-03
0.000000000000000000e+00
-1.785831908792686977e-04
0.000000000000000000e+00
-1.412163772527192686e-04
-2.533347311601034609e-04
-3.816269984985525389e-04
-2.705983584214333073e-04
-3.524948054767384391e-04
-4.293623684640201729e-04
-4.056962150487521210e-04
-3.928915765826621791e-04
-4.832159212635155077e-04
-3.947764807230828713e-04
-4.786897816251063512e-04
-5.589101169701122260e-04
-6.310504605033418098e-04
-6.358011990375999527e-04
-5.579229094948874720e-04
-6.960760582068035345e-04
-7.680111341842035463e-04
-6.997374276749013244e-04
-7.627761770923190566e-04
-9.342245342574519639e-04
-9.935079652377341690e-04
-9.391502019631841648e-04
-8.165583166905835853e-04
-8.816166971306557167e-04
-8.215671244989708553e-04
-9.880730372398220229e-04
-1.076486221048500230e-03
-9.266623380032432047e-04
-9.832459546182943481e-04
-9.781615349813142010e-04
-1.162783321119488988e-03
-1.242263629649675459e-03
-1.456064565126511529e-03
-1.459212217526727412e-03
-1.490692574179771713e-03
-1.389277241929846776e-03
-1.394660533285452513e-03
-1.426337704745601898e-03
-1.285627222505157218e-03
-1.319213989195005925e-03
-1.283004572347142252e-03
-1.321370890173072070e-03
-1.330662690543310501e-03
-1.365668123040976716e-03
-1.343862055780830830e-03
-1.487613669289300456e-03
-1.512494873562288990e-03
-1.545014981265517996e-03
-1.515389928513812077e-03
-1.571027477993856749e-03
-1.573835380493862970e-03
-1.601731548451403118e-03
-1.629164897547072475e-03
-1.630361511165012971e-03
-1.655832129396345078e-03
-1.739057332276177075e-03
-1.698584182627631929e-03
-1.654847671423861910e-03
-1.759806939468420203e-03
-1.831887420909163134e-03
-1.851096875807153787e-03
-1.833823957733610351e-03
-1.794806151438104380e-03
-1.815518814536784716e-03
-1.797045812487519691e-03
-1.866878218651493379e-03
-1.868358092267732168e-03
-1.884807086951129735e-03
-1.755692425384820354e-03
-1.777734277138650568e-03
-1.757073618695485307e-03
-1.899408358470769560e-03
-1.915739105531698034e-03
-1.900851455589964035e-03
-1.959132795637282768e-03
-1.960394556277741604e-03
-1.945573121619885307e-03
-1.972861440727663798e-03
-1.988614201402710141e-03
-1.997712341281811417e-03
-1.987373832912769749e-03
-2.003485115552134863e-03
-2.025689853961557506e-03
-2.264914553450423328e-03
-2.253102558851144063e-03
-2.252130535123542457e-03
-2.262704857313142283e-03
-2.251778915234739845e-03
-2.255749018298961774e-03
-2.235761150248318733e-03
-2.265191442099326498e-03
-2.264641380250143401e-03
-2.229110977102318619e-03
-2.264705719128599221e-03
-2.301414830752451963e-03
-2.299163248596937208e-03
-2.292657099463701192e-03
-2.284896186012086612e-03
-2.284254644109096240e-03
-2.275049529661331196e-03
-2.297673462858790868e-03
-2.294646570239050869e-03
-2.291509235764016984e-03
-2.305811319390056562e-03
-2.301314234903049320e-03
-2.298626975005129379e-03
-2.289306772297447848e-03
-2.284224812219406812e-03
-2.287409254917375200e-03
-2.281955160320905431e-03
-2.280579749572457515e-03
-2.277874889514900150e-03
-2.274946532953344563e-03
-2.271914389222869524e-03
-2.274647047050696973e-03
-2.268993972641636901e-03
-2.266615921870651466e-03
-2.269003519185021269e-03
-2.263758489441348824e-03
-2.264031194837021199e-03
-2.261777094814184687e-03
-2.253385086925416628e-03
-2.254437409925457055e-03
-2.252224710625664802e-03
-2.258560239235971046e-03
-2.256964740685544341e-03
-2.259221608010605030e-03
-2.248536072076296952e-03
-2.249860385394272713e-03
-2.247727491300538158e-03
-2.244084189572195971e-03
-2.245545792191675372e-03
-2.243590475878094910e-03
-2.224733403650835852e-03
-2.224023072476908475e-03
-2.225868875218823401e-03
-2.219866592490770448e-03
-2.219355060073124539e-03
-2.221614929586793619e-03
-2.240211512295978841e-03
-2.239789850820116026e-03
-2.241703266283845940e-03
-2.236325956876959991e-03
-2.235972368852836428e-03
-2.237941407917395844e-03
-2.231462775208322910e-03
-2.232746282909757983e-03
-2.234172088206285572e-03
-2.232291193875431731e-03
-2.229402135201620852e-03
-2.226463657676272089e-03
-2.214236028201909193e-03
-2.216550399966746212e-03
-2.213944632188413839e-03
-2.207888766535870233e-03
-2.207841825677915246e-03
-2.210781377385686274e-03
-2.201558287366702643e-03
-2.200860142286894736e-03
-2.204336409399887137e-03
-2.201076667332875318e-03
-2.198562838316275164e-03
-2.191730375568360072e-03
-2.184357519791467299e-03
-2.109132183575804838e-03
-2.098044830441854035e-03
-2.086644897529522837e-03
-2.119891800777378051e-03
-2.130306388273477819e-03
-2.140356695091026346e-03
-2.150021760737710896e-03
-2.159279075638478613e-03
-2.168104636695592207e-03
-2.075272163283562420e-03
-2.176473012205476162e-03
-2.064029363602051022e-03
-2.052523866345837625e-03
-2.039916175795100824e-03
-2.241183991664973119e-03
-2.223759511513490918e-03
-2.214919854842188011e-03
-2.073373329346418943e-03
-2.159743557442652361e-03
-2.133320160436357957e-03
-2.131367562506376878e-03
-2.164728400957291118e-03
-2.225488673680784193e-03
-2.197616483266791060e-03
-2.207123205979861277e-03
0.000000000000000000e+00
-1.412209910827994398e-04
0.000000000000000000e+00
-1.270246053474884129e-04
-2.238482350083305199e-04
-3.365684513453756047e-04
-2.385655151906572154e-04
-3.219141596299608015e-04
-2.148557561418146505e-04
-3.061901774123208038e-04
-3.157368509883624061e-04
-2.103177282013561882e-04
-3.017236365157278184e-04
-3.037589597425461251e-04
-3.882254496084343223e-04
-3.905154031548838502e-04
-4.763328696460594216e-04
-5.506958248882521311e-04
-6.287691639550649619e-04
-5.529803411013779453e-04
-4.735118542782060366e-04
-6.249070407824998397e-04
-6.871157347931077311e-04
-7.582560117546423024e-04
-6.915340817121313610e-04
-8.765781639635671519e-04
-7.531279284364741054e-04
-9.293182618909267461e-04
-1.020659661693786285e-03
-1.071789785372326276e-03
-1.025265968502562250e-03
-9.180716352710132158e-04
-9.213432523655416904e-04
-9.750685949755889207e-04
-1.114238686765597550e-03
-1.159301512156638014e-03
-1.117768254693182663e-03
-1.203277522813945774e-03
-1.242547918246252568e-03
-1.203069595938948549e-03
-1.423122975268929172e-03
-1.360384137673376678e-03
-1.245093510936158901e-03
-1.308488987184260348e-03
-1.450056026797771815e-03
-1.484632010378600375e-03
-1.453044382775746770e-03
-1.542142352056627592e-03
-1.481699197915684009e-03
-1.600460451636821855e-03
-1.711929136122331994e-03
-1.714147155540999201e-03
-1.736866646676241740e-03
-1.664186189996796298e-03
-1.690576727727268478e-03
-1.672323177916133080e-03
-1.646833185405417906e-03
-1.735472833277019056e-03
-1.849623551760493957e-03
-1.813601097957477171e-03
-1.775517677418429622e-03
-1.883369089457815476e-03
-1.714124892624671907e-03
-1.736297503997013322e-03
-1.734852484514364229e-03
-1.929715440911018449e-03
-1.930683389374185334e-03
-1.914777950510551880e-03
-1.944610919493922237e-03
-1.974091329661779512e-03
-2.008095585863190532e-03
-1.998432048256250631e-03
-2.013155351041355685e-03
-2.020651786596231337e-03
-2.294784741018912697e-03
-2.277177260309059918e-03
-2.280141166931151479e-03
-2.291750709804114307e-03
-2.271739332627656805e-03
-2.275710700693590188e-03
-2.292472349817159440e-03
-2.279177974127247035e-03
-2.278551653363166275e-03
-2.287904069731227195e-03
-2.276250893970467593e-03
-2.276411416350991330e-03
-2.246446738952862041e-03
-2.274953531668640234e-03
-2.293392331503283157e-03
-2.313348409053149653e-03
-2.307397889816435906e-03
-2.305020215253316546e-03
-2.301192689288434137e-03
-2.292946287142556827e-03
-2.309026088210936432e-03
-2.285065033639289457e-03
-2.278084099653499960e-03
-2.271617309359039334e-03
-2.266033050592278827e-03
-2.260803798219389055e-03
-2.255615087243450188e-03
-2.250623896504914782e-03
-2.245984095790406337e-03
-2.241842105963075954e-03
-2.222375295584008183e-03
-2.217102888586603478e-03
-2.238010879122153025e-03
-2.234253125007830756e-03
-2.227488307685597177e-03
-2.229610287759501482e-03
-2.229183031074809425e-03
-2.228155709876240148e-03
-2.230289986882340921e-03
-2.230075223006341024e-03
-2.227715715496600239e-03
-2.226041075134193789e-03
-2.211097692821142879e-03
-2.204402947054347108e-03
-2.194186943121930258e-03
-2.198007062646524772e-03
-2.197740041645759868e-03
-2.193218475286278467e-03
-2.197247769111272328e-03
-2.197049475043841467e-03
-2.194726734235987256e-03
-2.186481083264697756e-03
-2.187328845059925784e-03
-2.190886515745123653e-03
-2.178248526768781189e-03
-2.179395427080492269e-03
-2.183214202142120045e-03
-2.096292794501216587e-03
-2.105436799231394634e-03
-2.099988431439841000e-03
-2.084441171851336358e-03
-2.088438242412344725e-03
-2.094044637659413753e-03
-2.072374832187184272e-03
-2.076631110078603140e-03
-2.082387998125731585e-03
-2.107855533257911845e-03
-2.116515750085941078e-03
-2.111233038339055575e-03
-2.119089500346374791e-03
-2.127252574071065473e-03
-2.122144903461120440e-03
-2.129972175786194136e-03
-2.137626700520014501e-03
-2.132704101491781148e-03
-2.140480373433816148e-03
-2.142888943091927380e-03
-2.147615514540668607e-03
-2.150589412763178731e-03
-2.152676103108336174e-03
-2.157195012270350307e-03
-2.160272716015055380e-03
-2.166339564686193837e-03
-2.162040730540871342e-03
-2.059890780847447450e-03
-2.070367061524846890e-03
-2.064800560365640490e-03
-2.169502219724434629e-03
-2.175022072325389581e-03
-2.170956419433906371e-03
-2.048900513536566770e-03
-2.059234053299591367e-03
-2.053615504135369255e-03
-2.037731549778373091e-03
-2.048064238318597543e-03
-2.042214450800853339e-03
-2.024677675169937654e-03
-2.035692781580746707e-03
-2.028936956955622664e-03
-2.233300681388467046e-03
-2.105009368255508252e-03
-2.074404440688836296e-03
-2.103885198163396933e-03
-2.160511137154923645e-03
-2.131713880447407179e-03
-2.160097108244087016e-03
-2.211722603394031955e-03
-2.185717777903307089e-03
-2.190812153999948091e-03
-2.218632174678330290e-03
0.000000000000000000e+00
-1.271190238740460782e-04
0.000000000000000000e+00
-1.131584053302454179e-04
-2.177282126303393202e-04
-2.092442833919113689e-04
-2.032469455150992380e-04
-2.998913108687068538e-04
-2.050319350671029803e-04
-2.974939778943695582e-04
-3.869717360011314111e-04
-4.712776289140388833e-04
-4.688173069283599597e-04
-3.858829223452025364e-04
-5.408553572600610778e-04
-5.457682055575325533e-04
-6.199767091251905896e-04
-6.153455173013461796e-04
-8.066351806501931461e-04
-8.715964068735915487e-04
-8.115647764263966705e-04
-6.775614865115332352e-04
-7.483416320212964330e-04
-6.823050434791219079e-04
-8.665981455974116222e-04
-1.068177695038811676e-03
-9.703243773306191719e-04
-7.998397301526373503e-04
-8.590385453695458667e-04
-8.624567398261662014e-04
-1.159447998596181521e-03
-1.383784291922337097e-03
-1.386533908299365098e-03
-1.420408901043348181e-03
-1.316137005447038646e-03
-1.323420246587047938e-03
-1.353152881937110625e-03
-1.186862476150845648e-03
-1.236748154868462209e-03
-1.195117850043341586e-03
-1.249881432919960076e-03
-1.267859939958722055e-03
-1.290709596950423031e-03
-1.417368678892424929e-03
-1.505673494354517949e-03
-1.509075652624452223e-03
-1.538743243195064099e-03
-1.442749140618352797e-03
-1.478056401579266529e-03
-1.446388707334735329e-03
-1.562904843652789715e-03
-1.596368166505422650e-03
-1.566978529445116775e-03
-1.688343385706251795e-03
-1.612135009007116451e-03
-1.620695315768825055e-03
-1.638423431715548472e-03
-1.712660084389190695e-03
-1.828907131615961678e-03
-1.830397418464604648e-03
-1.848134392964274376e-03
-1.790865689455017808e-03
-1.811632850643921707e-03
-1.792835645637843537e-03
-1.750567232215114941e-03
-1.772954250659689382e-03
-1.753134952613611417e-03
-1.864362091168669019e-03
-1.882118151611516209e-03
-1.865623959675925380e-03
-1.708359215593366516e-03
-1.732299203206837503e-03
-1.710908005771248630e-03
-1.897482228744427728e-03
-1.913813448609346171e-03
-1.898450236184510195e-03
-1.957212376412096645e-03
-1.958173954338067024e-03
-1.943651396675366398e-03
-1.973081257171111890e-03
-1.981400053054047615e-03
-1.985048392905139521e-03
-1.994824009992758867e-03
-2.016436901840010145e-03
-2.292956986787899297e-03
-2.293339825529377637e-03
-2.286104675177740280e-03
-2.269001271937325613e-03
-2.288816407003510696e-03
-2.289857079256290076e-03
-2.286271056048185500e-03
-2.263655180781392294e-03
-2.305391917895964482e-03
-2.303537001316443081e-03
-2.295342836279317192e-03
-2.319693978731339739e-03
-2.310770816487718766e-03
-2.316282287865786133e-03
-2.309355083742179772e-03
-2.307301837844184973e-03
-2.303141019219042893e-03
-2.298972016324966807e-03
-2.298018643852909118e-03
-2.293751488845272111e-03
-2.319647980215303225e-03
-2.316265872621954373e-03
-2.312383181840562893e-03
-2.289103615057306532e-03
-2.288788416827859055e-03
-2.285128505163624459e-03
-2.278593069099233911e-03
-2.276740497260038021e-03
-2.280248744457293898e-03
-2.272129506000239441e-03
-2.270507813367913554e-03
-2.273547193383626715e-03
-2.266474037585502511e-03
-2.267570665112020149e-03
-2.264931100305670429e-03
-2.260271218626647496e-03
-2.259195022434323796e-03
-2.261845001241907793e-03
-2.254270712916594741e-03
-2.253614299398481839e-03
-2.256258116922728145e-03
-2.248689669834551003e-03
-2.250892260008557650e-03
-2.248412684209074794e-03
-2.243586560362488720e-03
-2.245928326359629759e-03
-2.243651350480760018e-03
-2.239001605797140328e-03
-2.241393520195784396e-03
-2.239421499436900810e-03
-2.221388117429095449e-03
-2.220651914442430767e-03
-2.223155378890538398e-03
-2.215173940338295913e-03
-2.217577801875439836e-03
-2.214717607738502479e-03
-2.235108935097068327e-03
-2.237533781016273673e-03
-2.235547603305011906e-03
-2.231888968380872900e-03
-2.232323206518490276e-03
-2.234192610225726582e-03
-2.227842065433752877e-03
-2.227751180577873871e-03
-2.227952025546404893e-03
-2.230105164999210930e-03
-2.224465331314860218e-03
-2.208150086438352439e-03
-2.208035712575992689e-03
-2.211233286272757184e-03
-2.200614484550600207e-03
-2.200747215747910282e-03
-2.204276808514949240e-03
-2.193686133487392827e-03
-2.192374990754899101e-03
-2.192791330086665824e-03
-2.196637715346190685e-03
-2.190337803039712952e-03
-2.182373740804662877e-03
-2.173879893037957475e-03
-2.102043491068550027e-03
-2.090328549838534750e-03
-2.078363356010494694e-03
-2.066083157906430361e-03
-2.113447275581499963e-03
-2.124510684571754779e-03
-2.135211395458591361e-03
-2.145525073299383613e-03
-2.155426172936629210e-03
-2.164887371749437111e-03
-2.054288775570482870e-03
-2.043230786420001648e-03
-2.031217943363746153e-03
-2.277719256056721930e-03
-2.251561307199308106e-03
-2.259408178657220170e-03
-2.132792758774880275e-03
-2.204572103381105454e-03
-2.182233247090877709e-03
-2.182653954564600651e-03
-2.208208768811055316e-03
-2.265999382903984873e-03
-2.238827071897774718e-03
-2.245739571271002794e-03
0.000000000000000000e+00
-1.132654802089712006e-04
0.000000000000000000e+00
-1.074278780709074066e-04
4.900338396993465827e-20
-1.051588641006781212e-04
-1.074278780709071491e-04
0.000000000000000000e+00
-1.033414623331066528e-04
-1.051588641006779993e-04
-2.008859758990575405e-04
-2.962871517189485525e-04
-2.020411692339130964e-04
-3.788087384730357693e-04
-4.663347297185312578e-04
-3.811760999079528934e-04
-2.938857465705201088e-04
-4.612906174628871319e-04
-5.333352048995207602e-04
-6.114955234761540112e-04
-5.370279889861058259e-04
-7.432466107675675220e-04
-6.065414032372302196e-04
-8.023896450724217260e-04
-1.010809350833738896e-03
-1.063322816082866440e-03
-1.015763338263096609e-03
-8.978362059161193887e-04
-9.595963441573412489e-04
-9.073923219717863926e-04
-8.191096694824687510e-04
-8.087427098608351416e-04
-8.691830711538698403e-04
-1.104955704024930280e-03
-1.154789017927217469e-03
-1.109597365289341237e-03
-1.350417792589415564e-03
-1.283491448475250528e-03
-1.146546764971169332e-03
-1.218701867787062246e-03
-1.376083081956274183e-03
-1.413544589453306997e-03
-1.379942276495496091e-03
-1.534663717486618641e-03
-1.474627017047450313e-03
-1.409862641282236088e-03
-1.587826912202551424e-03
-1.662886085450505317e-03
-1.663529774014627744e-03
-1.687735449691825113e-03
-1.637805759509190990e-03
-1.688480480428207432e-03
-1.846873975381666238e-03
-1.810145869958191406e-03
-1.770991303686611854e-03
-1.729746071236187843e-03
-1.881157024670081137e-03
-1.661967637495695427e-03
-1.685135165508090021e-03
-1.687725527184840649e-03
-1.928052266317605099e-03
-1.928899358123524954e-03
-1.913000231540716491e-03
-1.942810699770375219e-03
-1.969461091968745595e-03
-2.000313540865840921e-03
-2.004201329699741626e-03
-1.990952341848463425e-03
-2.012544251420255066e-03
-2.325603429151227447e-03
-2.308530410474161215e-03
-2.310008998226371901e-03
-2.322067262204648326e-03
-2.306830346490107170e-03
-2.308272941227235142e-03
-2.325633586241120446e-03
-2.305839915653301944e-03
-2.308531563334327488e-03
-2.308494013113041379e-03
-2.298203723364537938e-03
-2.300630000616380767e-03
-2.296659968179523038e-03
-2.281877915129731840e-03
-2.312808562862919432e-03
-2.330130068762095979e-03
-2.324981239362060824e-03
-2.321366934993253014e-03
-2.303497003656700213e-03
-2.313869488913045981e-03
-2.293261118353230425e-03
-2.324267990051470580e-03
-2.283398834100363282e-03
-2.275373618100799949e-03
-2.269100672794853273e-03
-2.263020087336405604e-03
-2.256889882959827419e-03
-2.251116990157280007e-03
-2.245801077750784504e-03
-2.240960350608582705e-03
-2.236745492184119902e-03
-2.218377418718820143e-03
-2.211720521708876539e-03
-2.233413656966202858e-03
-2.229719315768580352e-03
-2.224200235176838035e-03
-2.225728695754576082e-03
-2.225999784336278424e-03
-2.222541961013754872e-03
-2.225013694997080797e-03
-2.225498109206885955e-03
-2.222713371386856023e-03
-2.204426090851249048e-03
-2.196525625906871858e-03
-2.184938955165960199e-03
-2.189073754087260664e-03
-2.189553726248767620e-03
-2.183539528713417631e-03
-2.188365883676044940e-03
-2.187968354141920421e-03
-2.185704562967939746e-03
-2.176076240821355791e-03
-2.177166234488785938e-03
-2.181287700683867334e-03
-2.166701783747816256e-03
-2.172480866751765483e-03
-2.168104437758995411e-03
-2.088838436817915152e-03
-2.092555093364322633e-03
-2.098325541960984180e-03
-2.076342328643535247e-03
-2.086273653186883088e-03
-2.080368832368545157e-03
-2.063539826956171594e-03
-2.067918204631835101e-03
-2.073923356980660829e-03
-2.051167154252566890e-03
-2.055550801427698682e-03
-2.061762679934602081e-03
-2.101074226568377425e-03
-2.104456951576866991e-03
-2.110063590134858211e-03
-2.112980901094182323e-03
-2.116028853348429078e-03
-2.121462337929526983e-03
-2.124535172359798187e-03
-2.127249752998263028e-03
-2.132498709635803711e-03
-2.135713821580029724e-03
-2.143146625366145874e-03
-2.138094967283085332e-03
-2.146488435052991244e-03
-2.153379251494812793e-03
-2.148538347426941133e-03
-2.156828268641235082e-03
-2.163167497471723232e-03
-2.158551446430577708e-03
-2.034541796133857577e-03
-2.047126622774730464e-03
-2.041593423717573581e-03
-2.029768560411230379e-03
-2.033713450276262817e-03
-2.039230142052571911e-03
-2.017610104020417690e-03
-2.027697221336438507e-03
-2.021170774742774793e-03
-2.271809576252787309e-03
-2.166066421094829057e-03
-2.135478349793057916e-03
-2.163290028448394686e-03
-2.226978333658234839e-03
-2.193737933173867463e-03
-2.215882052854348683e-03
-2.252320846188090447e-03
-2.228377734087129761e-03
-2.232048464851272857e-03
-2.259159995910543870e-03
0.000000000000000000e+00
3.405941057243057239e-20
-1.119290778171326509e-20
-1.033467102705117133e-04
0.000000000000000000e+00
-1.021491681959659989e-04
-2.035770051577915447e-04
-2.910143741388837493e-04
-2.936048091068873276e-04
-2.005212599557719693e-04
-3.751098818192144264e-04
-4.593654480513757223e-04
-3.769182101918413749e-04
-4.554082651739124786e-04
-6.692960224337913665e-04
-6.732569630825598886e-04
-7.389345952462392448e-04
-5.352298678316281958e-04
-5.342275656452987950e-04
-6.074523616289631816e-04
-7.343662892484442836e-04
-1.058632703442431797e-03
-9.545385724275446022e-04
-8.585984860041706319e-04
-6.866723176977868482e-04
-7.535857688746525063e-04
-7.435354906728030904e-04
-1.307292542225058085e-03
-1.311730349136609047e-03
-1.346010380442968059e-03
-1.232148322516609523e-03
-1.274624385947949190e-03
-1.240993956793616905e-03
-1.093199630266052449e-03
-1.140666524464593531e-03
-1.099056272790629660e-03
-1.181212223353885794e-03
-1.215832091927258364e-03
-1.184008381058657567e-03
-1.342133528976854635e-03
-1.499584971988412270e-03
-1.502619635967098605e-03
-1.531625733226556511e-03
-1.435799578597371159e-03
-1.439247695995131589e-03
-1.471155255550441734e-03
-1.367575642617088662e-03
-1.371821127237520064e-03
-1.405628907652240172e-03
-1.556250931876448961e-03
-1.584520502836355305e-03
-1.559556161771019894e-03
-1.609758056216353383e-03
-1.636651175348012837e-03
-1.610914205509442546e-03
-1.662077308398051539e-03
-1.827256416285547892e-03
-1.828077860253775333e-03
-1.846053011160724748e-03
-1.787923432056657668e-03
-1.789394481912985136e-03
-1.808683746592776916e-03
-1.745782242899659564e-03
-1.748176868677160526e-03
-1.768603285821811850e-03
-1.702490141005925115e-03
-1.726812619477943863e-03
-1.705436123090627379e-03
-1.862697811717519336e-03
-1.880329145977154871e-03
-1.863531311631020770e-03
-1.656865161458108155e-03
-1.682905462837874094e-03
-1.659078690656924258e-03
-1.896310577578231779e-03
-1.912402974383625330e-03
-1.896896906360178879e-03
-1.954354982157744183e-03
-1.941367855424860553e-03
-1.955772529720201883e-03
-1.967994228534744768e-03
-1.975085424635314446e-03
-1.978260608110269519e-03
-1.987764185499370142e-03
-2.009039458767314292e-03
-2.325313976651751085e-03
-2.323466629874079703e-03
-2.315190603957096964e-03
-2.322896872461057034e-03
-2.324115931250847998e-03
-2.304561086007854594e-03
-2.306942965504534589e-03
-2.300327627489639690e-03
-2.327947522539251801e-03
-2.316852511749645585e-03
-2.324020805864336191e-03
-2.340239201104698467e-03
-2.334920302578318181e-03
-2.330377745611380592e-03
-2.307882726549200826e-03
-2.308318919076170379e-03
-2.303031260388593588e-03
-2.319992703875072265e-03
-2.314327515543483475e-03
-2.319570037108117759e-03
-2.295925958723694059e-03
-2.297151802382951628e-03
-2.292138112783392422e-03
-2.333404637567435339e-03
-2.326195288415865928e-03
-2.331661049750619052e-03
-2.283521552384792583e-03
-2.286094267667442698e-03
-2.280810016531854313e-03
-2.269571823486146202e-03
-2.273876020914789627e-03
-2.270747453915453878e-03
-2.267720712004986199e-03
-2.261212734293540326e-03
-2.263663598840814136e-03
-2.260483694940071831e-03
-2.254016213742109261e-03
-2.256960739307074023e-03
-2.253904217417167753e-03
-2.247569186263614384e-03
-2.247907419609573160e-03
-2.250757022751093475e-03
-2.241857476845975344e-03
-2.242506373795366201e-03
-2.245113045729054194e-03
-2.236711418377591853e-03
-2.237670794317224172e-03
-2.240017071301845901e-03
-2.231984223267736121e-03
-2.235303772116007531e-03
-2.233340572095974218e-03
-2.217269394752627298e-03
-2.219315209909006326e-03
-2.216134488809542134e-03
-2.208910543415607778e-03
-2.208550529940520382e-03
-2.212086139939119147e-03
-2.227609271228456981e-03
-2.231116169658156449e-03
-2.229640219454548898e-03
-2.227481465871740396e-03
-2.223389664577961333e-03
-2.220860329243365926e-03
-2.224061936333931663e-03
-2.221650379823078732e-03
-2.220589504529375119e-03
-2.200624689891089985e-03
-2.204417675710342896e-03
-2.200623992806596124e-03
-2.191754084143520027e-03
-2.196207760473527833e-03
-2.192075235154236721e-03
-2.184221125212916070e-03
-2.182311677257109481e-03
-2.182914126020801208e-03
-2.187353703776963743e-03
-2.180511839016590139e-03
-2.171399145630822144e-03
-2.161770209342438274e-03
-2.094926838518648173e-03
-2.082535728466187921e-03
-2.069845018660542140e-03
-2.057289227619269693e-03
-2.042771460120560659e-03
-2.107003013184057232e-03
-2.118740491441582774e-03
-2.130113666188159643e-03
-2.141095866423142844e-03
-2.151658395549548713e-03
-2.031906930162708999e-03
-2.023697339023051468e-03
-2.317395453903681440e-03
-2.291673662420981930e-03
-2.297540495011924505e-03
-2.196490178859835524e-03
-2.239677019080068936e-03
-2.308127838589670022e-03
-2.287107321003573578e-03
-2.280212304463009702e-03
0.000000000000000000e+00
-1.021539230277911179e-04
-2.570917766682934358e-20
-1.947767739160882717e-04
-2.883305323539408225e-04
-1.974716540350150099e-04
-1.017885025788956910e-04
-2.863630756619253833e-04
-3.746737815394409203e-04
-4.551617397011771429e-04
-3.748394539509158864e-04
-6.029128435986644925e-04
-4.559452569307493805e-04
-6.780934119136881096e-04
-9.998574977992879479e-04
-1.053137344868918576e-03
-1.005305258867602225e-03
-9.168954125164672023e-04
-9.070982914723647525e-04
-9.645304497917236248e-04
-7.698833754350823972e-04
-8.337564480103062123e-04
-7.946697661161991437e-04
-7.290800914036381364e-04
-1.270166900531765133e-03
-1.206923878324397308e-03
-1.047203905775173204e-03
-1.137851695029481287e-03
-1.299502937040424543e-03
-1.338256622688119074e-03
-1.303399912083012856e-03
-1.468073637627850554e-03
-1.528266867025020268e-03
-1.402121618899233174e-03
-1.333964863711521124e-03
-1.583316434313818176e-03
-1.635837078353376967e-03
-1.807852313193443385e-03
-1.845210039589150874e-03
-1.767117977524863479e-03
-1.724414425178329678e-03
-1.679966507286757274e-03
-1.879739467095858148e-03
-1.607658778595032504e-03
-1.634451614893670576e-03
-1.632212914690799738e-03
-1.926946027336438796e-03
-1.911907950975666503e-03
-1.927548352720342365e-03
-1.940839709833345507e-03
-1.964810562823081537e-03
-1.994054341555974788e-03
-1.997160471861355539e-03
-1.984659419660727338e-03
-2.005897619796533082e-03
-2.358875846441766365e-03
-2.342044864442652599e-03
-2.341997422896759020e-03
-2.353081872774103779e-03
-2.339044311959203454e-03
-2.336927394508289246e-03
-2.325222650625970687e-03
-2.318403559358317607e-03
-2.360569628461007922e-03
-2.342961655743951502e-03
-2.341798697607189866e-03
-2.320141222740219021e-03
-2.334660958514347441e-03
-2.348104320228585999e-03
-2.338720635485402877e-03
-2.344387918093823915e-03
-2.301227682320178530e-03
-2.313307281438848912e-03
-2.326109992837639175e-03
-2.289111733927903618e-03
-2.340210884428199200e-03
-2.273796409082416183e-03
-2.276440302749350129e-03
-2.278477369100591343e-03
-2.271597578043595828e-03
-2.264978779025849862e-03
-2.257174526827417441e-03
-2.250388472832832651e-03
-2.244329193001417568e-03
-2.238935734777603402e-03
-2.233966479832686161e-03
-2.229332631857297055e-03
-2.213057931848982571e-03
-2.204827780870010061e-03
-2.223785333826532214e-03
-2.219782559763757053e-03
-2.215213686880885234e-03
-2.217834252583254784e-03
-2.219004713683417600e-03
-2.196216863087606993e-03
-2.187060539867936165e-03
-2.174076042798241994e-03
-2.179497120288652161e-03
-2.178802311128867977e-03
-2.172241339384028795e-03
-2.177876073441930085e-03
-2.177280217783750856e-03
-2.175070142806595844e-03
-2.164038704134286974e-03
-2.170067306932824992e-03
-2.165374643876033511e-03
-2.153507140089189198e-03
-2.160110836651064643e-03
-2.155170666502789246e-03
-2.081393843803774641e-03
-2.091197698956084785e-03
-2.085097091986362703e-03
-2.068227377405081752e-03
-2.078459765416581628e-03
-2.072246727625294462e-03
-2.051611062091285298e-03
-2.063863607410916685e-03
-2.057444998396629546e-03
-2.045113433308524790e-03
-2.048066747281535125e-03
-2.054173664176154029e-03
-2.029443343069355175e-03
-2.040388444009425331e-03
-2.031883566102597911e-03
-2.094207141359768348e-03
-2.103574893183368828e-03
-2.097631601102802057e-03
-2.106831694236830331e-03
-2.115672094866405395e-03
-2.109899756869126550e-03
-2.119163138089473312e-03
-2.121847429826292236e-03
-2.127433327664943544e-03
-2.131035444187944546e-03
-2.138760603292160986e-03
-2.133374283841500164e-03
-2.142495044957172870e-03
-2.149664087565596616e-03
-2.144492799646588108e-03
-2.012131462567776953e-03
-2.023365674543507915e-03
-2.020945358199452424e-03
-2.014882451775693636e-03
-2.312782862143449285e-03
-2.227196095951183060e-03
-2.196639128349913393e-03
-2.227071942383105751e-03
-2.295398030533561499e-03
-2.273880717210140928e-03
-2.261203497221973488e-03
-2.301762477585124825e-03
0.000000000000000000e+00
-9.906082101902760183e-05
-1.017885025788959485e-04
0.000000000000000000e+00
-1.931978064510096911e-04
-2.854853959905141779e-04
-1.939578331768114787e-04
-2.851256830817735502e-04
-5.405704662776980758e-04
-6.059269086781393643e-04
-5.379406881672027909e-04
-3.812426607879081759e-04
-3.779170648418658926e-04
-4.593888527496461515e-04
-6.149739501911407171e-04
-9.590870797509472344e-04
-7.800616321744489358e-04
-8.494340376724793251e-04
-8.391718284220565319e-04
-7.750274111089582550e-04
-6.532301434546449511e-04
-7.123980645607768010e-04
-6.699551548443704718e-04
-1.228458509759072391e-03
-1.268326921635471892e-03
-1.230225038318205535e-03
-1.166560194612766086e-03
-1.199671299262300731e-03
-1.173882270403099441e-03
-9.876115213985113897e-04
-1.041101079464106741e-03
-9.937499302675515105e-04
-1.081186518959452707e-03
-1.131817131229433809e-03
-1.087193187210823420e-03
-1.264392527406132689e-03
-1.431997232126211005e-03
-1.433869923836340269e-03
-1.466184117971000957e-03
-1.493353367874778381e-03
-1.496448098722362582e-03
-1.525169298100467752e-03
-1.360214319839548724e-03
-1.398474592365947337e-03
-1.363871111420315255e-03
-1.290082777190290977e-03
-1.294798916195253561e-03
-1.329287991666651750e-03
-1.551996036858375875e-03
-1.581236317798287872e-03
-1.554107242813343535e-03
-1.608324507947620765e-03
-1.786650387255193928e-03
-1.787278577438288375e-03
-1.807220205469193750e-03
-1.826671483717031688e-03
-1.826965564194041151e-03
-1.844928931286599723e-03
-1.744990380260664619e-03
-1.745374422258318863e-03
-1.766736498037368161e-03
-1.699127604427745630e-03
-1.700800202741913460e-03
-1.722748887272971315e-03
-1.652475820822512428e-03
-1.677767916387682247e-03
-1.654655991695520292e-03
-1.861658028360903879e-03
-1.862174173085401124e-03
-1.879225573049517770e-03
-1.602382814446058623e-03
-1.604631203017856025e-03
-1.629933910782374942e-03
-1.895272538150027291e-03
-1.911415944725203091e-03
-1.895778644398458078e-03
-1.952047587237738628e-03
-1.939576092380587051e-03
-1.953148690536551588e-03
-1.963566151003366851e-03
-1.966594876029278960e-03
-1.980405715943952746e-03
-1.970848409714589817e-03
-2.003189667689897133e-03
-2.355470231812204114e-03
-2.359381180298646043e-03
-2.344586439419022068e-03
-2.333114593487266557e-03
-2.348337705282007963e-03
-2.336067488266422784e-03
-2.359787090289514055e-03
-2.341465532000427691e-03
-2.360060858067877798e-03
-2.338707479348145143e-03
-2.351113934068595635e-03
-2.345780526263565278e-03
-2.339557426959658522e-03
-2.362784659877367310e-03
-2.355399818129357004e-03
-2.351672679434424051e-03
-2.301412070088483704e-03
-2.304322225348437100e-03
-2.298244295310570770e-03
-2.315325453294056826e-03
-2.317284665500608364e-03
-2.311147006885798730e-03
-2.329797690012274519e-03
-2.324469610329244623e-03
-2.331189652423182757e-03
-2.288070696821764907e-03
-2.291745900953063436e-03
-2.285462633440425370e-03
-2.345538017595337390e-03
-2.339060263204304716e-03
-2.346661641178722849e-03
-2.269224457053554099e-03
-2.276500000083185073e-03
-2.271734475885624389e-03
-2.266311636155503729e-03
-2.267847957559594903e-03
-2.269899054602020523e-03
-2.260328789074666535e-03
-2.264785859401639324e-03
-2.260543618125120807e-03
-2.252624298335267460e-03
-2.256736046517395476e-03
-2.253060358683780032e-03
-2.245112029908334118e-03
-2.246092981290558673e-03
-2.249380908077350770e-03
-2.238564102235648945e-03
-2.242886899009402871e-03
-2.239971275711253630e-03
-2.232714122204905276e-03
-2.237102259770742604e-03
-2.234482113633176094e-03
-2.227976793170985056e-03
-2.229827512566363683e-03
-2.232283928896647805e-03
-2.223328722803764000e-03
-2.227491257422011504e-03
-2.225288824317953485e-03
-2.210350459252758901e-03
-2.209560111325464208e-03
-2.213640859474793644e-03
-2.201042262209709950e-03
-2.204923730348183099e-03
-2.200730703093672826e-03
-2.216540831315110417e-03
-2.218520149201055891e-03
-2.221927329243946186e-03
-2.216263800785572835e-03
-2.211570424654669010e-03
-2.213394998254972212e-03
-2.216066644098972117e-03
-2.191377827667926811e-03
-2.195995646834782416e-03
-2.191577180689975677e-03
-2.180794593593973676e-03
-2.181570933328712356e-03
-2.186320737727971003e-03
-2.173141111047732169e-03
-2.170166652759633521e-03
-2.171175638663675779e-03
-2.176224705480840887e-03
-2.169061859165912799e-03
-2.158784189505253033e-03
-2.148007116965895257e-03
-2.087755563439130588e-03
-2.074722785405758857e-03
-2.059726140300639600e-03
-2.048058093192021978e-03
-2.037288102498883893e-03
-2.008668926848602120e-03
-2.019091575638796814e-03
-2.021479458065708265e-03
-2.100492156499420005e-03
-2.112985075420364348e-03
-2.125094441798446466e-03
-2.136765452689444629e-03
-2.010295812855123973e-03
-2.362398948077169651e-03
-2.335074939036981337e-03
-2.339766488511049822e-03
-2.288709094153272734e-03
-2.257952056600448856e-03
-2.257811329598454191e-03
-2.291993784406896190e-03
-2.354660529924191940e-03
-2.325102667804849511e-03
-2.331511438653028484e-03
-1.016087847550020492e-19
-9.898111572161229872e-05
0.000000000000000000e+00
-9.811946041300737508e-05
-2.036122581257331240e-04
-2.904204069200828084e-04
-1.984218042561057809e-04
-4.621787824066298737e-04
-2.936820511967130724e-04
-5.248616840577467009e-04
-6.069056915659588273e-04
-5.327228708035080910e-04
-8.874515649889016221e-04
-9.443829151202751430e-04
-9.023584716637777191e-04
-8.348162920560923614e-04
-7.176161589191702717e-04
-5.900908930081005550e-04
-1.197856263351712363e-03
-1.124465479814999204e-03
-1.035052457335784541e-03
-9.382603696289140705e-04
-1.220738581985567235e-03
-1.260548167929190309e-03
-1.224563251601099023e-03
-1.463024123464629631e-03
-1.396538351371149744e-03
-1.523019109431089646e-03
-1.325576270268080670e-03
-1.255798344472199924e-03
-1.579811464844788288e-03
-1.806901799543626699e-03
-1.766079087815596201e-03
-1.844401844469567911e-03
-1.722325870545608935e-03
-1.676040079489824614e-03
-1.627677450149530615e-03
-1.878691928474727699e-03
-1.547936449803549198e-03
-1.575120953891154165e-03
-1.577431282079121795e-03
-1.932764626815613746e-03
-1.929881059022114280e-03
-1.914292770598842930e-03
-1.942538569337475766e-03
-1.959341709385241381e-03
-1.987892114469188252e-03
-1.990977684759216888e-03
-1.977388898431055309e-03
-2.000132367070150703e-03
-2.384848283733307858e-03
-2.371576318111494417e-03
-2.368614646901074164e-03
-2.393285454407412510e-03
-2.377335634151800468e-03
-2.376237521616201848e-03
-2.371572872988918744e-03
-2.362059934816854254e-03
-2.357771752694563620e-03
-2.347624905120766943e-03
-2.387741118230908219e-03
-2.374175117806635177e-03
-2.374173046664889656e-03
-2.361059160388435160e-03
-2.356964696441506048e-03
-2.366675510720397772e-03
-2.364722112173634188e-03
-2.356737979676884562e-03
-2.294062614898814949e-03
-2.307598578358098507e-03
-2.321774417816064272e-03
-2.336912857910783663e-03
-2.277161201313593602e-03
-2.280129396916246061e-03
-2.281983022999288686e-03
-2.355557619554820951e-03
-2.272947676369842067e-03
-2.267755235049105384e-03
-2.263073806099921183e-03
-2.256060747824824905e-03
-2.248421705262194144e-03
-2.241410966528372632e-03
-2.235222365934115725e-03
-2.230054097779081250e-03
-2.225325099954416491e-03
-2.219613356634948624e-03
-2.212625900598324397e-03
-2.205527575611901554e-03
-2.196112033024348077e-03
-2.213723020200967107e-03
-2.206409392614518475e-03
-2.208672660340886638e-03
-2.210816567490767916e-03
-2.186146718745854423e-03
-2.175502290581099278e-03
-2.161566096301310858e-03
-2.167813280580065463e-03
-2.166900695807351222e-03
-2.159155001582480082e-03
-2.165694726995362474e-03
-2.164628465190194129e-03
-2.162799756843072994e-03
-2.150345870559003912e-03
-2.157201484355611258e-03
-2.151930425761363046e-03
-2.138638006002203072e-03
-2.146081783917683575e-03
-2.140571021913055105e-03
-2.073974863269680696e-03
-2.084038074939141127e-03
-2.077670149542939441e-03
-2.056513917023012478e-03
-2.068852957332265041e-03
-2.062237375204134873e-03
-2.048589596877692636e-03
-2.049813874670692367e-03
-2.058215565860365900e-03
-2.028413464348177708e-03
-2.039852805129290479e-03
-2.036596301291029778e-03
-2.028772750156148871e-03
-2.006544059909427108e-03
-2.018157850578618847e-03
-2.007494135309005612e-03
-2.087126399901305558e-03
-2.096914699428723775e-03
-2.090626073343325279e-03
-2.100945598942254196e-03
-2.110038031328454865e-03
-2.103879095548671311e-03
-2.113881583219210519e-03
-2.116525998385934866e-03
-2.122464605634220413e-03
-2.126475103746787269e-03
-2.134490626874735453e-03
-2.128757973066280115e-03
-1.998300805486820202e-03
-2.358498176126263418e-03
-2.288761884572292418e-03
-2.257974406624504733e-03
-2.288751519736662455e-03
-2.336392406420529245e-03
-2.315940383778555649e-03
-2.312778343748691980e-03
-2.345637595237958558e-03
-7.045194156242612750e-20
-9.816102141849158448e-05
-1.155523987216347126e-19
-1.033828209086095018e-04
-3.773398952850326058e-04
-4.604610724944693118e-04
-3.795228618122574384e-04
-2.008653926588970916e-04
-2.020818136876727201e-04
-2.921349327914703046e-04
-4.527173776515801425e-04
-7.586939495757129368e-04
-8.240647498222015109e-04
-7.693439146187347217e-04
-6.393719977981942356e-04
-7.107065587520482869e-04
-6.463462273805489679e-04
-5.108912946488429474e-04
-5.831059604634377270e-04
-5.180166545404039143e-04
-1.150021373195893011e-03
-1.189639709892038747e-03
-1.158289122033251406e-03
-1.068961587323406705e-03
-1.118307839835927173e-03
-1.075075182888284367e-03
-9.757239401744530020e-04
-1.029106475929209789e-03
-9.816714144200806499e-04
-8.755994625470560127e-04
-9.323139549801058882e-04
-8.816018796346971990e-04
-1.185784898587803182e-03
-1.427010623884819715e-03
-1.460489886717833419e-03
-1.429415221168865192e-03
-1.355360082825855014e-03
-1.357772670414700029e-03
-1.394127037289117754e-03
-1.489334595913908640e-03
-1.491337690340494319e-03
-1.521047605462927388e-03
-1.280767182277152503e-03
-1.285404768707933002e-03
-1.320928607224875926e-03
-1.212385434487391663e-03
-1.251630133301447241e-03
-1.216550926390982425e-03
-1.549583065939992392e-03
-1.789014477271716301e-03
-1.808098836331710653e-03
-1.787810971683883449e-03
-1.745714820862098986e-03
-1.766461344983574679e-03
-1.745323707607832368e-03
-1.825545318907776304e-03
-1.843843406266728333e-03
-1.826099870925975734e-03
-1.700556044696718318e-03
-1.699805940329993971e-03
-1.723059641051765366e-03
-1.654169332327125059e-03
-1.653289653402957452e-03
-1.676936353887475929e-03
-1.603528014908106548e-03
-1.628238150133839556e-03
-1.602861216572646231e-03
-1.861371991088877536e-03
-1.861510438122466506e-03
-1.878562023242836112e-03
-1.542883303864108890e-03
-1.572995352677596104e-03
-1.545012767423308182e-03
-1.895363911804547399e-03
-1.914309383306971122e-03
-1.895326491524489858e-03
-1.949814546749546046e-03
-1.960191718894136511e-03
-1.963441990823148152e-03
-1.974193224084653132e-03
-2.388994206591576065e-03
-2.377532161448214949e-03
-2.390927225256131178e-03
-2.361325077568646874e-03
-2.409806734283152958e-03
-2.384908601155127233e-03
-2.398998730149442052e-03
-2.386168513229078303e-03
-2.367177131512168600e-03
-2.386988772756497290e-03
-2.375180457870685550e-03
-2.376458755763238145e-03
-2.289434525137992900e-03
-2.295076826374576467e-03
-2.288334535273790077e-03
-2.304453999567922066e-03
-2.302498034925615396e-03
-2.309547889200600640e-03
-2.320459995521171985e-03
-2.324791085117142598e-03
-2.317429330902944125e-03
-2.337788074350291914e-03
-2.341269664908019691e-03
-2.333368757905888817e-03
-2.274615687344339228e-03
-2.280988120411248966e-03
-2.275512380334533333e-03
-2.354030576276561204e-03
-2.359868809537305455e-03
-2.349444656755752658e-03
-2.263462154817957872e-03
-2.270119723351617883e-03
-2.266361552200547164e-03
-2.258353037213757519e-03
-2.263649082569252173e-03
-2.262380469745054520e-03
-2.259222930395642440e-03
-2.249645241414796343e-03
-2.250827275523562682e-03
-2.254770167367655016e-03
-2.241317487109191573e-03
-2.242942200655024219e-03
-2.246783860136442566e-03
-2.233681490330256814e-03
-2.235873217761591078e-03
-2.239213542749078634e-03
-2.226956437708260683e-03
-2.232580014140057249e-03
-2.229603979451844423e-03
-2.220075111012040012e-03
-2.226337672538683705e-03
-2.223981418550061238e-03
-2.219259866767306702e-03
-2.221325563434916467e-03
-2.223704119552869299e-03
-2.212817999127332253e-03
-2.217880363745472309e-03
-2.214489662816974090e-03
-2.208227812464322488e-03
-2.203404571183443378e-03
-2.190698079344303301e-03
-2.190969443388134444e-03
-2.195764259726807558e-03
-2.206683844869287460e-03
-2.211412498406610094e-03
-2.208928849241109920e-03
-2.201330816818125764e-03
-2.206275850969968699e-03
-2.203685629466298028e-03
-2.180696120073213722e-03
-2.180803291099155453e-03
-2.186118090978629927e-03
-2.167096884490626006e-03
-2.173936192281819817e-03
-2.168524369581674091e-03
-2.160363057503384646e-03
-2.155998116817635975e-03
-2.157560629480668318e-03
-2.162995679324023705e-03
-2.155959208700971262e-03
-2.144502474073006065e-03
-2.132566580805126885e-03
-2.080445157617576320e-03
-2.065076704337902996e-03
-2.052197991748402547e-03
-2.030044931058090380e-03
-2.039121095494885946e-03
-2.040661434809994471e-03
-2.028903494076629739e-03
-2.017484845338942453e-03
-1.984442249544920642e-03
-1.996565905974628276e-03
-1.995669329804378514e-03
-2.093973868336954265e-03
-2.107404652148437904e-03
-2.120184580311400713e-03
-1.986201629702204381e-03
-2.410730113847813372e-03
-2.382643766573873650e-03
-2.386630312686797289e-03
-2.346872463639868098e-03
-2.317522808473390043e-03
-2.317685122301295711e-03
-2.341504901026111255e-03
-2.399088745929091673e-03
-2.368137844159539339e-03
-2.377257718232892239e-03
-8.617409874820298384e-20
-1.032602382797518026e-04
-7.779773280232614168e-20
-2.903084642306851156e-04
-1.015927023318092864e-04
-3.344483006722960821e-04
-4.304615263446250409e-04
-3.554050400504933475e-04
-6.999183812761722041e-04
-8.182282993346129234e-04
-5.761431263793577061e-04
-4.234496706483322284e-04
-1.110008124417339497e-03
-1.022968063708505236e-03
-9.263260190410941078e-04
-1.137457171369843367e-03
-1.179522281962362869e-03
-1.143726247070441003e-03
-1.458399042040224147e-03
-1.391433032311571033e-03
-1.318446129183005466e-03
-1.518620077219609652e-03
-1.246909260272007110e-03
-1.175327529461725647e-03
-1.807522613972421506e-03
-1.767620563938569582e-03
-1.723385751794839944e-03
-1.843693485618654211e-03
-1.677617412319087030e-03
-1.629013681342469325e-03
-1.573406359113245067e-03
-1.878605212659886000e-03
-1.484942360764759375e-03
-1.514005676827025540e-03
-1.516138728984169244e-03
-1.928684316919127180e-03
-1.912285243093145987e-03
-1.930732505843964046e-03
-1.946663193485662774e-03
-1.972505218802198413e-03
-2.416287799044832506e-03
-2.405082184901399973e-03
-2.400285819572712913e-03
-2.403196974583353927e-03
-2.393697284939127166e-03
-2.386985634695207737e-03
-2.420877904889750035e-03
-2.404420141356315103e-03
-2.407325380834780901e-03
-2.415769306185187350e-03
-2.410386492424113243e-03
-2.379326562429271309e-03
-2.389446693768578541e-03
-2.377664041016693333e-03
-2.388498968882725969e-03
-2.281237736044451278e-03
-2.296157103442634725e-03
-2.311633851586156196e-03
-2.328365824810448882e-03
-2.345267778167470403e-03
-2.268452708815963184e-03
-2.367465777793867528e-03
-2.366739592399707930e-03
-2.360328159485169507e-03
-2.255971421863600321e-03
-2.259614659335082692e-03
-2.262946186820528720e-03
-2.257439379353845185e-03
-2.253703969418901186e-03
-2.244976330955116700e-03
-2.237039306783835876e-03
-2.229888758768362560e-03
-2.223205516056031041e-03
-2.219689551743067417e-03
-2.215877870583147884e-03
-2.209362901653878601e-03
-2.195685154908076121e-03
-2.200880343311383339e-03
-2.198210075471938516e-03
-2.192931539527344202e-03
-2.185718717690736824e-03
-2.203636184005219184e-03
-2.198156572932248674e-03
-2.173918537077060287e-03
-2.161352283731949892e-03
-2.147463493386192208e-03
-2.153303734214364294e-03
-2.154510015593128890e-03
-2.143690149709312834e-03
-2.151445378954779542e-03
-2.149795935476730285e-03
-2.148908385904346827e-03
-2.135300204123999953e-03
-2.136962903860796601e-03
-2.142807045512761140e-03
-2.122219114057789097e-03
-2.124346707758738382e-03
-2.130435217708994029e-03
-2.064974942025927119e-03
-2.069386382591151784e-03
-2.075887371996934776e-03
-2.055117607308029355e-03
-2.055540494792747804e-03
-2.064398987398823569e-03
-2.032801509401828324e-03
-2.044477999871858326e-03
-2.040518546358461791e-03
-2.031048711730600378e-03
-2.007032606443105108e-03
-2.018358917202923031e-03
-2.017551154679624384e-03
-2.006622152261428298e-03
-1.983228142324574509e-03
-1.995058777580894713e-03
-1.983852638034014002e-03
-2.076703023784431945e-03
-2.088946625411856363e-03
-2.081986103561477182e-03
-2.095360427392896352e-03
-2.098184524727672671e-03
-2.104639185076588766e-03
-2.109308211848744553e-03
-2.111596107196855431e-03
-2.117889535766637622e-03
-2.405202643474295496e-03
-2.351013440932549041e-03
-2.319849995405398428e-03
-2.348870249369528797e-03
-2.373229744571968020e-03
-2.173498999638266965e-04
-2.983454252139464006e-04
-2.090909895952604378e-04
0.000000000000000000e+00
-1.016287739763796060e-04
-9.339269441301356863e-20
-2.765726012201763940e-04
-6.229939124622100276e-04
-6.917464906709820628e-04
-6.312005292267676079e-04
-7.419335888100690203e-04
-7.502600131980567862e-04
-8.097766550524643182e-04
-4.965077213491414249e-04
-5.688603703319990330e-04
-5.037240326345290755e-04
-3.608273241478450466e-04
-3.474077738396897448e-04
-4.368496031269904667e-04
-1.056408640819621759e-03
-1.103704759173887006e-03
-1.062668527876467917e-03
-9.634097694321202632e-04
-1.016802894828903493e-03
-9.695450326086937822e-04
-8.666480827429607313e-04
-8.711942024369564606e-04
-9.218791644870067119e-04
-1.097401446375775771e-03
-1.435277629136355419e-03
-1.431020019166013039e-03
-1.462543829678151878e-03
-1.360374691741364408e-03
-1.394085665938074852e-03
-1.357800370367122107e-03
-1.281128896344434741e-03
-1.318676532032219458e-03
-1.280859550841339850e-03
-1.486823752277089111e-03
-1.206451202643556327e-03
-1.243999568335712666e-03
-1.209378955644703230e-03
-1.129463981523199344e-03
-1.171353253189352274e-03
-1.133438290758848922e-03
-1.787295943664987240e-03
-1.806677619082104613e-03
-1.788167024218377098e-03
-1.747117164445179550e-03
-1.768335573170640510e-03
-1.746408064427338105e-03
-1.702418391300150949e-03
-1.724353034556206938e-03
-1.701458958437688032e-03
-1.825827214649968291e-03
-1.825687659215564180e-03
-1.843853003541469533e-03
-1.655011162603539643e-03
-1.678069050022066265e-03
-1.654543170943355681e-03
-1.613643079989705506e-03
-1.608500359455974655e-03
-1.634131265095906203e-03
-1.550800005142509864e-03
-1.577525886499471248e-03
-1.546772812299724523e-03
-1.862087568811626606e-03
-1.861723545598182542e-03
-1.878968669860331875e-03
-1.479496940305656321e-03
-1.481924540294188210e-03
-1.511648044495984573e-03
-1.895917022297008859e-03
-1.912546794030661745e-03
-1.895635770789741393e-03
-1.944649563727862684e-03
-1.958417861399158223e-03
-1.959331188316482553e-03
-1.971608147234951355e-03
-2.409135405570027831e-03
-2.424826838172419643e-03
-2.420319216175299652e-03
-2.408886127885549212e-03
-2.394745008421664614e-03
-2.422878964336455145e-03
-2.459094151930800616e-03
-2.434275498225007758e-03
-2.439925139304217373e-03
-2.463374156736963631e-03
-2.437006497078179641e-03
-2.436498635756203374e-03
-2.411782493036191636e-03
-2.399801779971103347e-03
-2.400397417360833688e-03
-2.377731551101130991e-03
-2.272784249886785658e-03
-2.280758697112362544e-03
-2.273245878820816159e-03
-2.288796653470734615e-03
-2.288644305412112535e-03
-2.296224619581534870e-03
-2.305970673615582653e-03
-2.312784156219305741e-03
-2.304728327859701872e-03
-2.324621398874826203e-03
-2.330785514929534924e-03
-2.322055529711103926e-03
-2.345423810555523868e-03
-2.349192802386301012e-03
-2.341147238077059822e-03
-2.257011874919491196e-03
-2.265437702342473596e-03
-2.259803666398794118e-03
-2.355515899210409124e-03
-2.243493980927568389e-03
-2.253575398174779022e-03
-2.249990332295998333e-03
-2.243464447370805033e-03
-2.249576102825117437e-03
-2.251063756335918570e-03
-2.246331284227479075e-03
-2.235029586779428354e-03
-2.242255334449495298e-03
-2.237962135221508927e-03
-2.227244360131808674e-03
-2.230211809834795750e-03
-2.234118403178518564e-03
-2.219872381413039511e-03
-2.223165808397966660e-03
-2.226597753813188384e-03
-2.212854528999893579e-03
-2.219728684758560423e-03
-2.216227250596083682e-03
-2.208476240642242693e-03
-2.214059504817298633e-03
-2.213803034960977988e-03
-2.210382113226311025e-03
-2.200227484389499777e-03
-2.206291005073872293e-03
-2.203201295154454814e-03
-2.183449864228342169e-03
-2.189397528090827189e-03
-2.186900057682532664e-03
-2.181925740785555651e-03
-2.194162887540892278e-03
-2.200232678852395186e-03
-2.197531345466050695e-03
-2.188892024748256837e-03
-2.192090965770060983e-03
-2.194939855820964361e-03
-2.169532708554357172e-03
-2.175279397631704054e-03
-2.168191973174657915e-03
-2.151469805460921522e-03
-2.153695886143560615e-03
-2.159296263335634333e-03
-2.145600022510264597e-03
-2.140496022381165910e-03
-2.142112609464876406e-03
-2.148259991700171654e-03
-2.141368232738955109e-03
-2.128755467638873342e-03
-2.115754669309469031e-03
-2.070732454741873538e-03
-2.059779939340692766e-03
-2.035648650495703454e-03
-2.045937629921773873e-03
-2.045193981274723207e-03
-2.033902662128920461e-03
-2.009219702805475297e-03
-2.020812918376748216e-03
-2.019456279418488116e-03
-2.007770315943667363e-03
-1.995129152720476022e-03
-1.971012676231519416e-03
-2.086113361877761814e-03
-2.102343865603317763e-03
-2.464037795922617395e-03
-2.431818389621751182e-03
-2.437384773792847410e-03
-2.410351421303248177e-03
-2.380526723171949837e-03
-2.378459899182798400e-03
-2.404649476871848022e-03
-1.100150135316436701e-04
-1.410998123217233405e-04
-1.796831784081644699e-04
-2.377858073958507667e-04
-5.606444000418017758e-04
-6.832997908010992509e-04
-8.053169868593845065e-04
-4.296204974242243384e-04
-1.756118827806772763e-04
-2.678785672263024804e-04
-2.542449424174180708e-04
-1.010528422219946409e-03
-9.158033225629266458e-04
-1.045427520502691110e-03
-1.091923927722887079e-03
-1.050905205254293578e-03
-1.460122499821746821e-03
-1.397976705294139057e-03
-1.321137049675139442e-03
-1.244125256167378547e-03
-1.168365185471694845e-03
-1.087902904541208395e-03
-1.806823971999355289e-03
-1.767472699395355399e-03
-1.725059289288805075e-03
-1.679004051035393793e-03
-1.844207913253921756e-03
-1.634567265628139240e-03
-1.582465914281744844e-03
-1.515615556048430929e-03
-1.879235756004188872e-03
-1.412295123608315250e-03
-1.448303301216040135e-03
-1.445874669901602277e-03
-1.928814482129728985e-03
-1.928759806348778055e-03
-1.912616358921935588e-03
-1.943777951967248351e-03
-2.432508002961428738e-03
-2.424017343196913261e-03
-2.417409785079368406e-03
-2.446027391394084601e-03
-2.434975317676909765e-03
-2.430808746177950605e-03
-2.407563056419731451e-03
-2.454285505341715148e-03
-2.437233920137511778e-03
-2.439407644603036520e-03
-2.460967306383122534e-03
-2.456286313386614635e-03
-2.463644201861882321e-03
-2.412556247374226734e-03
-2.412083866364934850e-03
-2.400483343955943285e-03
-2.384357418926629207e-03
-2.375378955073936642e-03
-2.386431377831905142e-03
-2.264060837685036819e-03
-2.279960455815380378e-03
-2.296490249505119680e-03
-2.314358614794820822e-03
-2.334143682154373248e-03
-2.249868720391924419e-03
-2.356730754581944261e-03
-2.350501153048078183e-03
-2.361571704501035877e-03
-2.243632034576819451e-03
-2.239004453127737757e-03
-2.230758102585933891e-03
-2.223129028086663541e-03
-2.215928882425906039e-03
-2.210205850374244788e-03
-2.203856691787529302e-03
-2.196754057748519055e-03
-2.185803573661157691e-03
-2.176515320126106573e-03
-2.191142322513860759e-03
-2.155209128585082630e-03
-2.162432835332138252e-03
-2.161024392937270500e-03
-2.153217611397469783e-03
-2.146000101894370883e-03
-2.130846064562731505e-03
-2.139179909573323077e-03
-2.137280265860949657e-03
-2.126519697755619234e-03
-2.133535884195080640e-03
-2.135131425501059048e-03
-2.133088444181624639e-03
-2.118346562747762570e-03
-2.120260014153170936e-03
-2.126778475403872260e-03
-2.104795705529678099e-03
-2.107029497887926046e-03
-2.113462951615289152e-03
-2.052134187887000825e-03
-2.064452757043713782e-03
-2.058432350390120361e-03
-2.042403366041559403e-03
-2.048631592702453066e-03
-2.053517792437466703e-03
-2.038699248189675128e-03
-2.013486430115726117e-03
-2.024340747215581417e-03
-2.022949976604403698e-03
-2.010961557422934545e-03
-1.984942203195236635e-03
-1.995798080689079133e-03
-1.996875250963289598e-03
-1.983894452665587241e-03
-1.958334746442428644e-03
-1.970971781401993639e-03
-1.958388855296979217e-03
-2.078828061898138971e-03
-2.077712461076341392e-03
-2.087057452608335594e-03
-2.091420470846834696e-03
-2.093375946648398742e-03
-2.100325072680685797e-03
-2.464275880806338602e-03
-2.464190899412199882e-03
-2.431806370283965280e-03
-2.414160885731158820e-03
-2.382628428748457226e-03
-2.412222422532648517e-03
-2.437396072218737594e-03
-7.164660884491348919e-05
-1.574012160592106087e-04
-4.824415448324476151e-04
-5.535740104022118975e-04
-4.895042666983311520e-04
-6.069937304094825785e-04
-6.753082274175113697e-04
-6.149977339261467925e-04
-7.271306971640966203e-04
-7.978019439612632144e-04
-7.345880856721954608e-04
-3.478214431635439502e-04
-4.230515146846465448e-04
-3.542999790909161749e-04
-1.664076690606724595e-04
-2.645369618997491998e-04
-1.702303305909128007e-04
-9.472721243753136301e-04
-1.002448581373161819e-03
-9.553612447759673477e-04
-8.386065121794084639e-04
-9.017220494581803733e-04
-8.527107435729714378e-04
-9.969154390876125340e-04
-1.423536356275365098e-03
-1.386236371272191702e-03
-1.277918092399150463e-03
-1.319493536777526215e-03
-1.279509084863592137e-03
-1.202405459849961635e-03
-1.242177249816145326e-03
-1.204389304977238929e-03
-1.120440416532195345e-03
-1.163891243371667668e-03
-1.124924249343674200e-03
-1.035986394169125750e-03
-1.083209917966862154e-03
-1.040710979324309827e-03
-1.787243246687626481e-03
-1.806810023850072148e-03
-1.787278086947282491e-03
-1.746942390300125145e-03
-1.767385132141591729e-03
-1.747026034065307046e-03
-1.701747733814112321e-03
-1.724731315485897570e-03
-1.702076883142349031e-03
-1.653302003568746150e-03
-1.678164353538231894e-03
-1.654150372691257911e-03
-1.825725203255004238e-03
-1.825765156298235232e-03
-1.844162385019691578e-03
-1.601908353106860135e-03
-1.628746864297801007e-03
-1.607822631738648443e-03
-1.576660689339554750e-03
-1.473966767040696966e-03
-1.476730784093664012e-03
-1.512834595118214484e-03
-1.862836078300753560e-03
-1.862455184936404788e-03
-1.879619859043053180e-03
-1.424814163104406659e-03
-1.418245469094944148e-03
-1.452423597891243237e-03
-1.897228870498674815e-03
-1.913281490712941601e-03
-1.896565952484017235e-03
-1.943846054844593219e-03
-2.421771810410406831e-03
-2.438550336355669278e-03
-2.449565590872315388e-03
-2.506172430527117950e-03
-2.484609345479489237e-03
-2.482407622911679979e-03
-2.493818206576961342e-03
-2.476110781094065412e-03
-2.473696748798134663e-03
-2.514119908510183306e-03
-2.489015903622559395e-03
-2.488695099824159325e-03
-2.436809639638558983e-03
-2.424740004618457841e-03
-2.424259042349950592e-03
-2.397465255637716824e-03
-2.369502405955728995e-03
-2.251521192439110905e-03
-2.261766928974913611e-03
-2.253758959965063841e-03
-2.268026460687030867e-03
-2.278007391472772897e-03
-2.269902464875146915e-03
-2.286788545783895177e-03
-2.295908666585051196e-03
-2.287210716627870351e-03
-2.307365090282265628e-03
-2.315468741083147319e-03
-2.306064289186610453e-03
-2.330717700861467331e-03
-2.337555128871704815e-03
-2.327059788835560052e-03
-2.234361180535854741e-03
-2.245282543692253031e-03
-2.238915911043247095e-03
-2.342648492549781469e-03
-2.226451555474580346e-03
-2.235184758645861278e-03
-2.234996128436436344e-03
-2.227347068550713897e-03
-2.231081162470536800e-03
-2.235255440044720075e-03
-2.219299520179286896e-03
-2.226979070492525036e-03
-2.223032304296595953e-03
-2.211001170692426104e-03
-2.218935978604249723e-03
-2.215188950410738704e-03
-2.203759623924562636e-03
-2.208058965937829011e-03
-2.211638523488808003e-03
-2.196893239080016311e-03
-2.204682666245886928e-03
-2.202446884438648451e-03
-2.190679212155100843e-03
-2.199444413285493553e-03
-2.195221110700021003e-03
-2.185038868902893471e-03
-2.192474494188679807e-03
-2.189382054223635264e-03
-2.174047227258448303e-03
-2.181314186620164804e-03
-2.178560324166870822e-03
-2.171625269412377768e-03
-2.179466991227511224e-03
-2.183969752836549191e-03
-2.186634857981603099e-03
-2.157996529842622167e-03
-2.156491742980713375e-03
-2.163942514775356318e-03
-2.139785411628391046e-03
-2.147432989125976771e-03
-2.145541981030112122e-03
-2.140064022319401217e-03
-2.128710064897808719e-03
-2.123750709874823190e-03
-2.132211147502174713e-03
-2.125165374719617355e-03
-2.124560247630022554e-03
-2.111498119549437905e-03
-2.098039370965440117e-03
-2.060058813445679766e-03
-2.055942107607950601e-03
-2.068503860640715560e-03
-2.046968760262942583e-03
-2.019763699040562355e-03
-2.030842919790371189e-03
-2.027534898422763809e-03
-2.016215482523451771e-03
-1.988457510475844653e-03
-1.998661791801310383e-03
-2.000800137475641175e-03
-1.986314806159219550e-03
-1.971632019888847585e-03
-1.943800761099979783e-03
-2.085045509792429839e-03
-2.069411309059400635e-03
-2.515693214249891101e-03
-2.490097963826113682e-03
-2.490016948993144762e-03
-2.472042463897858311e-03
-2.441019291479090865e-03
-2.443113485445525587e-03
-2.467972579839567988e-03
2.107717667522952394e-19
-7.163333114598496518e-05
0.000000000000000000e+00
-8.780594139033819090e-05
-5.455324535671336609e-04
-4.160083088635881804e-04
-6.679290671473158596e-04
-7.837249306570279704e-04
-2.581602175684817937e-04
0.000000000000000000e+00
-8.433584464071983144e-05
-8.780594139033919378e-05
-8.936507204655116422e-04
-9.387020748618890662e-04
-9.925875521952392568e-04
-9.429553864479720254e-04
-1.334376418208914946e-03
-1.347453344339618643e-03
-1.373256460719451955e-03
-1.240577982202711394e-03
-1.306465486284734195e-03
-1.161855308411005334e-03
-1.078666895424866459e-03
-9.877830769326077440e-04
-1.806748971155116776e-03
-1.767370299774224853e-03
-1.724647322741790050e-03
-1.677832814498628460e-03
-1.627943720089310847e-03
-1.844508551110415678e-03
-1.539560743951886137e-03
-1.571077103358845505e-03
-1.545214058777402266e-03
-1.449685439847805133e-03
-1.507187796098042199e-03
-1.880260874087571771e-03
-1.348179712291302026e-03
-1.386785952000450448e-03
-1.380405313712757941e-03
-1.930626838254639703e-03
-1.914206226897501332e-03
-1.929740137333767289e-03
-2.434748937417389840e-03
-2.460187745499615129e-03
-2.445835738261977095e-03
-2.452665222413903841e-03
-2.478540560079141482e-03
-2.461854453052074454e-03
-2.466033415754653214e-03
-2.509938793451151756e-03
-2.499440435226052588e-03
-2.485452337316276447e-03
-2.514997789647660780e-03
-2.434408750690696122e-03
-2.435617649704598445e-03
-2.422787916950818691e-03
-2.402463641661101070e-03
-2.407015839607918109e-03
-2.392776195820760753e-03
-2.369142466763682255e-03
-2.376209178523007795e-03
-2.362310292624305707e-03
-2.242023948827213519e-03
-2.258866532872171300e-03
-2.276409925910267799e-03
-2.296002005708955990e-03
-2.317912762244730973e-03
-2.218673132107200179e-03
-2.231544225624979873e-03
-2.226184833588574011e-03
-2.337434831281987035e-03
-2.346530378869689411e-03
-2.333416395512617498e-03
-2.222881094632978873e-03
-2.226968450818956561e-03
-2.223059965416855719e-03
-2.214718518697399337e-03
-2.206951714312544843e-03
-2.199890209438621312e-03
-2.193401798396310207e-03
-2.187457932601013198e-03
-2.181856290704180593e-03
-2.176390078192562503e-03
-2.166054453331702628e-03
-2.141630244284562466e-03
-2.149874480128469503e-03
-2.148273535312684827e-03
-2.140490470204787533e-03
-2.131807466015638725e-03
-2.112687417785291850e-03
-2.121805657254017315e-03
-2.119627522725217941e-03
-2.107864404726476817e-03
-2.115886672290456794e-03
-2.117205316088283627e-03
-2.115536234720920977e-03
-2.098502429361707999e-03
-2.101623943872462340e-03
-2.108382249929058143e-03
-2.085011206678380035e-03
-2.094824635769303861e-03
-2.088180955072397281e-03
-2.037898270988125395e-03
-2.048924858240557326e-03
-2.044915833237471656e-03
-2.027889201009573303e-03
-2.039831470608136858e-03
-2.035009704369475023e-03
-2.023449038868461482e-03
-1.989647512485010362e-03
-2.001438003180536045e-03
-2.004576696833777847e-03
-1.988753889563570163e-03
-1.961004323045637682e-03
-1.974505503945397228e-03
-1.972764943267406573e-03
-1.959454005996646986e-03
-1.944716570419548381e-03
-2.072024915078097499e-03
-2.075366232723213460e-03
-2.081629936562214706e-03
-2.065933837785131032e-03
-2.515311677624398543e-03
-2.515592031314190478e-03
-2.490110778310085024e-03
-2.478990325442770315e-03
-2.446476263246068986e-03
-2.475503784150614225e-03
-2.493990492357917206e-03
2.232497415145916952e-19
-4.686988242447176489e-04
-5.386310947332380999e-04
-4.756117610092058714e-04
-3.379594295378411488e-04
-3.427582683025289303e-04
-4.110147459416069507e-04
-5.914477958152528254e-04
-6.600779039106143432e-04
-5.992452835409832132e-04
-7.077978125659485815e-04
-7.174943248689903772e-04
-7.739997427922729349e-04
-2.560553739460683792e-04
-2.111597277885722893e-04
-3.020128192507969705e-04
2.605126820565882445e-19
-8.414215762526586206e-05
0.000000000000000000e+00
-8.259375298873099236e-04
-8.322622174530371932e-04
-8.872740997891469597e-04
-8.828773479213646892e-04
-1.341299410348393943e-03
-1.195277460192011249e-03
-1.237023483918516875e-03
-1.198830219702991815e-03
-1.270596900424267187e-03
-1.302858808397923309e-03
-1.274237649834078804e-03
-1.112418559068881685e-03
-1.157873563540157483e-03
-1.116417347299280237e-03
-1.025181658091555217e-03
-1.073281569186610319e-03
-1.030573544843463221e-03
-9.395477058994794895e-04
-9.882501523306819018e-04
-9.391316841506507952e-04
-1.786191900382072626e-03
-1.786721453913657325e-03
-1.806229942070176767e-03
-1.746418647952815983e-03
-1.767092564296385282e-03
-1.746683307239917712e-03
-1.700715009707126808e-03
-1.724131066024174250e-03
-1.701225730961204111e-03
-1.652144981443868371e-03
-1.652720639779881300e-03
-1.677267640733745221e-03
-1.596819660322114018e-03
-1.599378876000890791e-03
-1.625414261480457451e-03
-1.828427908785834870e-03
-1.845828372309377000e-03
-1.827019722924567253e-03
-1.568562016427065345e-03
-1.407609316876451064e-03
-1.441131829424252813e-03
-1.416294139751408596e-03
-1.470087357259276546e-03
-1.472027631449623376e-03
-1.505243594549715526e-03
-1.864584972561260118e-03
-1.863702244316377959e-03
-1.881149063439020892e-03
-1.378267800833012395e-03
-1.898574303638214927e-03
-1.914881267945429087e-03
-1.897890898599264610e-03
-2.448073970799700440e-03
-2.468492093573960728e-03
-2.554268029128258129e-03
-2.534031600182781035e-03
-2.530052883528545547e-03
-2.536490026066582672e-03
-2.521025881050534701e-03
-2.514802953956601222e-03
-2.514184280916420371e-03
-2.503591182580170924e-03
-2.495820470874847950e-03
-2.564426394832068808e-03
-2.539309612180771364e-03
-2.540073437397249827e-03
-2.417221333210449463e-03
-2.461925912350057706e-03
-2.447598092349786286e-03
-2.449894349563555389e-03
-2.384617892228335818e-03
-2.352114669113670488e-03
-2.225468471760500000e-03
-2.238188237146819005e-03
-2.229471046823721780e-03
-2.241341628595627800e-03
-2.246009868851374727e-03
-2.254492380279387274e-03
-2.261072052720369558e-03
-2.273383422027960236e-03
-2.263872713160532471e-03
-2.282978828427874654e-03
-2.294569734084960996e-03
-2.284162989085380610e-03
-2.308560727539655556e-03
-2.319078986052611115e-03
-2.307285433230920821e-03
-2.207673724510022129e-03
-2.220651933389526829e-03
-2.213115175570806031e-03
-2.321789250182531694e-03
-2.203456166479943017e-03
-2.211052800904261990e-03
-2.215256706949672062e-03
-2.210581154988467030e-03
-2.218425050176840978e-03
-2.219077857308014799e-03
-2.214847796761173354e-03
-2.201493242706432322e-03
-2.205977159005814182e-03
-2.210200159829697926e-03
-2.193008237714234344e-03
-2.198123214410633956e-03
-2.201802785125620866e-03
-2.185563928111086858e-03
-2.190977628325807385e-03
-2.194474936492401933e-03
-2.178976201800355509e-03
-2.187765471336116773e-03
-2.184596221085512765e-03
-2.173484690867483714e-03
-2.181913842635660634e-03
-2.179034977305628618e-03
-2.168172207824189610e-03
-2.176431605975550059e-03
-2.173599495886122546e-03
-2.162715565859969942e-03
-2.170925012921855191e-03
-2.168177674553739553e-03
-2.160182384292812924e-03
-2.144229432783912974e-03
-2.142820572446894715e-03
-2.151308918650899488e-03
-2.124190672319949905e-03
-2.131868782796768683e-03
-2.132835724592569131e-03
-2.123881803972076186e-03
-2.110301072217706832e-03
-2.105944018067018586e-03
-2.106900575479055560e-03
-2.114944421958922342e-03
-2.105572178726789444e-03
-2.091650867106725417e-03
-2.078367386242985313e-03
-2.032607459440033838e-03
-2.049433039253774087e-03
-2.054819903604476229e-03
-2.043500114510032276e-03
-2.001718714093213367e-03
-2.010601033015265750e-03
-2.014628502997736857e-03
-1.995425912418862576e-03
-1.966748790313077935e-03
-1.977538171457559994e-03
-1.978174027406397542e-03
-1.963588996428830558e-03
-1.945815580650094457e-03
-2.060676087665132532e-03
-2.564848906785761277e-03
-2.540225149050826057e-03
-2.540678097857064673e-03
-2.542340447162894090e-03
-2.510777350684236485e-03
-2.506846030629582712e-03
-2.529228069666409045e-03
-5.308190155473120012e-04
-4.041518899023241939e-04
-2.975597715131486978e-04
-6.503618157749027238e-04
-7.676634229890496285e-04
-1.639369616859391587e-04
-2.101656203440500047e-04
-1.651524927023012741e-04
-8.274531529773676650e-05
-8.211688722931982263e-04
-8.805429341553969169e-04
-8.235621892414423002e-04
-1.309885789147488674e-03
-1.154304041751920158e-03
-1.233351913532137242e-03
-1.069259544365696972e-03
-9.827943739077133270e-04
-8.809139123299308816e-04
-1.766576490572402316e-03
-1.807437265861261671e-03
-1.723872972682287570e-03
-1.676762298117465220e-03
-1.624846425307593066e-03
-1.846644371354405276e-03
-1.535096609553269955e-03
-1.566343899988608367e-03
-1.537342614142940414e-03
-1.439234427575636311e-03
-1.502993585049668644e-03
-1.881792652780359468e-03
-1.331100672629876051e-03
-1.369757954394054764e-03
-1.339638798117625141e-03
-1.934709861485798014e-03
-1.932616763129378547e-03
-1.916860591864784011e-03
-2.461135130295813347e-03
-2.489964820926519364e-03
-2.483714046285654276e-03
-2.474448839871240882e-03
-2.544916173408412561e-03
-2.559236057994975465e-03
-2.524583379481954923e-03
-2.500995421294748867e-03
-2.565077062987404163e-03
-2.420459130501990096e-03
-2.426780429268716836e-03
-2.410570176040616013e-03
-2.455178323024121909e-03
-2.458485227154349854e-03
-2.443920713209594281e-03
-2.383111182924111445e-03
-2.392180615368512484e-03
-2.375320571504838888e-03
-2.345573948372129194e-03
-2.340742008151487120e-03
-2.356737530783071816e-03
-2.215772120765582831e-03
-2.232649819352896040e-03
-2.250334551004202002e-03
-2.270795025081567831e-03
-2.294503793906530614e-03
-2.191653939114097255e-03
-2.199227002766901938e-03
-2.205512951022679628e-03
-2.310018144322757358e-03
-2.323109083190900634e-03
-2.308553179911989901e-03
-2.197781599789226312e-03
-2.207168990129179404e-03
-2.205768261445219952e-03
-2.196781802671951556e-03
-2.188836495380343077e-03
-2.181846869556484849e-03
-2.175824248940490431e-03
-2.170426336887345316e-03
-2.165056241499759698e-03
-2.153511605688052111e-03
-2.126078996919660100e-03
-2.133689353780781825e-03
-2.135218703436134353e-03
-2.124898355254759702e-03
-2.115101129030983254e-03
-2.092069754718735644e-03
-2.099999716063563442e-03
-2.102431449549430325e-03
-2.087908858981453973e-03
-2.097879364175002197e-03
-2.096988824563586831e-03
-2.095302061302339782e-03
-2.076946805187545632e-03
-2.087696057792751917e-03
-2.080954643994162995e-03
-2.062670884520232187e-03
-2.073771006206614077e-03
-2.067296246626571746e-03
-2.012427705563988537e-03
-2.020045553056610318e-03
-2.024995643058595009e-03
-2.025315101401400919e-03
-2.031492547649738686e-03
-2.037274251221084242e-03
-2.006784545251084472e-03
-1.976662220031423327e-03
-1.983182350253607801e-03
-1.989182068871005182e-03
-1.957275969236610749e-03
-1.973508662400416322e-03
-1.962037576589227561e-03
-1.950745874618756148e-03
-1.947805505524816821e-03
-2.055952070041419492e-03
-2.554139935681658431e-03
-2.545312555051809297e-03
-2.512247427634113888e-03
-2.544074429088891490e-03
-4.552014232852354429e-04
-5.240314443173224070e-04
-4.619906198959177054e-04
-3.254869896381524532e-04
-3.978401546232628147e-04
-3.319136109411523552e-04
-2.521537310386083065e-04
-5.760849480174264244e-04
-6.426390120734064813e-04
-5.837914975042736258e-04
-6.908542044717845250e-04
-7.591490864066801833e-04
-6.992852117355561822e-04
0.000000000000000000e+00
-8.279779841908991656e-05
2.722714985971855964e-19
-7.567406585988313908e-04
-1.262063507253190740e-03
-1.305535794819381347e-03
-1.266328229937872286e-03
-1.102891757198296192e-03
-1.107651955430064136e-03
-1.149542757265073706e-03
-1.186998342241234574e-03
-1.191137704670294437e-03
-1.229208039137228261e-03
-1.015106839038543932e-03
-1.064219487188078220e-03
-1.020131938127289035e-03
-9.287119864615242613e-04
-9.773690901005763730e-04
-9.340957027030907236e-04
-8.630772702846914012e-04
-8.422910191769618880e-04
-9.016110376468522945e-04
-1.747835925999524989e-03
-1.767324685619843256e-03
-1.747083656519275762e-03
-1.798044899628224074e-03
-1.813505834143411656e-03
-1.792104101334519427e-03
-1.700887764162869369e-03
-1.723972868570556672e-03
-1.700797885314182193e-03
-1.649480242344883354e-03
-1.675437019246258773e-03
-1.650817883358328061e-03
-1.594814701659511913e-03
-1.623848441150479646e-03
-1.595822005519952763e-03
-1.838994266458201469e-03
-1.833617918820593887e-03
-1.851925259187388274e-03
-1.565348170018934955e-03
-1.399975444181555603e-03
-1.435435816838265093e-03
-1.403794516855752517e-03
-1.468873712438920672e-03
-1.469470588751462577e-03
-1.502395362909595723e-03
-1.866839116905524669e-03
-1.865688453098886214e-03
-1.882883551667382475e-03
-1.296941072962494793e-03
-1.365924655993520920e-03
-1.896695436080772946e-03
-1.897637728723512718e-03
-1.915821349997404600e-03
-2.475394801391863145e-03
-2.583926646666841881e-03
-2.568732922432268376e-03
-2.559801054069833250e-03
-2.605547448255112440e-03
-2.584827443423186235e-03
-2.579750458767082061e-03
-2.554717237098201067e-03
-2.545077315939374245e-03
-2.533812575999939889e-03
-2.520963564673864288e-03
-2.516924700426403753e-03
-2.504735728099769833e-03
-2.616879962334172326e-03
-2.590917849862341832e-03
-2.590849140368397998e-03
-2.400277053807966902e-03
-2.436290371351742135e-03
-2.488861572260380774e-03
-2.475298013627103694e-03
-2.470466689528078019e-03
-2.362912697552370031e-03
-2.326420091781534680e-03
-2.195109045555384761e-03
-2.209903636810692761e-03
-2.200939595156631724e-03
-2.214091092589832565e-03
-2.227546753851784335e-03
-2.219651651812306822e-03
-2.222537400502538375e-03
-2.241400212993771655e-03
-2.231582691413231540e-03
-2.249326458671663427e-03
-2.265552580535808332e-03
-2.254546928656020639e-03
-2.278781052287455738e-03
-2.293082377654926968e-03
-2.280171487348918273e-03
-2.177539073381717406e-03
-2.192247989882331952e-03
-2.184493378557227257e-03
-2.293078335810072501e-03
-2.178335102671740027e-03
-2.184922986750457118e-03
-2.191176236829955794e-03
-2.190542323776328848e-03
-2.196915885470103295e-03
-2.200729156147161400e-03
-2.195943759549861055e-03
-2.181106031421223626e-03
-2.191043763190970647e-03
-2.186739198779164180e-03
-2.172687022137428578e-03
-2.182624617037705848e-03
-2.178830020950898658e-03
-2.165246532847997941e-03
-2.171863127991555294e-03
-2.175229720720575979e-03
-2.159642129952109649e-03
-2.166340090283721577e-03
-2.169150696450523885e-03
-2.154353066381250667e-03
-2.161049061247101964e-03
-2.163760382190276638e-03
-2.149280915715159890e-03
-2.155795679419377810e-03
-2.158570867057314248e-03
-2.146585620283470754e-03
-2.129184114465709592e-03
-2.127515777066323575e-03
-2.136904696046022269e-03
-2.105562800490437016e-03
-2.115764887749936943e-03
-2.114769000236850754e-03
-2.105671848323096163e-03
-2.090000510660249174e-03
-2.084999228675907777e-03
-2.086442238772190372e-03
-2.095540187492465033e-03
-2.084499471194942513e-03
-2.069713498685050220e-03
-2.018594099904679872e-03
-2.038491188124804277e-03
-2.044036091116769888e-03
-2.031743447110886426e-03
-1.981017127814121547e-03
-1.996714558336841298e-03
-1.991327765396011529e-03
-1.967086437467905485e-03
-1.978788663714732034e-03
-1.946040079883397216e-03
-2.050541553445085242e-03
-2.614057137243564529e-03
-2.578491208789640554e-03
-2.589925916184833594e-03
-2.597808500637316387e-03
-2.570209987264820625e-03
-2.572221778209379719e-03
-5.163175944333710937e-04
-3.910993862926816569e-04
-2.460724269836124870e-04
-6.340839973101660039e-04
-1.556425881032924086e-04
-7.855786924368412562e-05
-1.597141610529674398e-04
-6.806322357431576590e-04
-6.857965640974342551e-04
-7.514446553219941358e-04
-1.224934156966186582e-03
-1.059437324497385872e-03
-1.145387603960257121e-03
-9.723456497310780777e-04
-8.962871428631858598e-04
-7.734126121400209785e-04
-8.182141613952197221e-04
-7.973257190551054840e-04
-1.724648176060950824e-03
-1.773281797997569749e-03
-1.818708185758224384e-03
-1.675523412531209873e-03
-1.622515054444262188e-03
-1.853050896578643542e-03
-1.532806403459228105e-03
-1.564211021659948605e-03
-1.533956016847102003e-03
-1.434810192876921804e-03
-1.501221549596032379e-03
-1.881892056371578872e-03
-1.253484478328524380e-03
-1.257767079393577996e-03
-1.292694288578392567e-03
-1.327918141011296153e-03
-1.364353432068755780e-03
-1.329493266271575920e-03
-1.924483996346747997e-03
-1.929575166350058725e-03
-1.910695560578958918e-03
-2.488737009580001269e-03
-2.568404937704609967e-03
-2.594237191260939050e-03
-2.611268952535959753e-03
-2.536559673410972680e-03
-2.503489790809961153e-03
-2.616025978144840419e-03
-2.393710809814105812e-03
-2.406366904956348633e-03
-2.387444433481927288e-03
-2.433920521317650947e-03
-2.426093579047251814e-03
-2.443693390477374647e-03
-2.475494937359080071e-03
-2.481257297712973799e-03
-2.464221726790981511e-03
-2.353214305473230218e-03
-2.367443539795593098e-03
-2.348460682707861295e-03
-2.312395571658237316e-03
-2.328287563768332430e-03
-2.310322996884092706e-03
-2.185512621864371327e-03
-2.204096597072918891e-03
-2.217960824523021630e-03
-2.234796243507294888e-03
-2.262744175706292958e-03
-2.161678612014328316e-03
-2.177001665529361245e-03
-2.169156714261135689e-03
-2.274960951888392677e-03
-2.291825109834891121e-03
-2.276040154534580452e-03
-2.170221709456572872e-03
-2.184624429250982443e-03
-2.185504027515776989e-03
-2.176367590893390873e-03
-2.168494695329344427e-03
-2.162030601461510486e-03
-2.156612301144846498e-03
-2.151443205550435459e-03
-2.139275829968796758e-03
-2.108078516812847067e-03
-2.116864596964800060e-03
-2.118660628487053707e-03
-2.106565376050806293e-03
-2.095300850586104616e-03
-2.070636602845696804e-03
-2.079298738895986754e-03
-2.081387603204054495e-03
-2.065475525789054433e-03
-2.075263684613967013e-03
-2.076690547518604199e-03
-2.073808288525240927e-03
-2.054203521925907546e-03
-2.058405130690270802e-03
-2.065526723857976851e-03
-1.998735917607793750e-03
-2.005524139090483771e-03
-2.011943763890747510e-03
-2.008477412844393052e-03
-2.016834073415680554e-03
-2.023543568784836981e-03
-1.989818823356542636e-03
-1.951511447112637236e-03
-1.964250207972492376e-03
-1.954416504041210298e-03
-1.966473535053722514e-03
-1.940957878033005776e-03
-2.046276069302539486e-03
-2.606313341355080779e-03
-2.614102361723524056e-03
-2.579697269687764461e-03
-2.607090684950011915e-03
-4.420183139237820655e-04
-5.096852057447837960e-04
-4.486420591708591490e-04
-3.161869124570174799e-04
-3.209815749637448773e-04
-3.863742270379889789e-04
-2.417903454416824483e-04
-5.611426002821049905e-04
-6.266316242495237072e-04
-5.686206457890491221e-04
0.000000000000000000e+00
-7.860499494897034770e-05
0.000000000000000000e+00
-7.273104458161080976e-04
-6.215795412312653508e-04
-1.178054184955056472e-03
-1.220467184509902185e-03
-1.182526538067320667e-03
-1.006619860721628783e-03
-1.055205061753223227e-03
-1.010862257021533789e-03
-1.095479535802872020e-03
-1.141680613287528135e-03
-1.099186464978577169e-03
-9.130141843363785963e-04
-9.645053857726647306e-04
-9.208936466817492679e-04
-8.163084122453557632e-04
-8.729314203827613378e-04
-8.398091173463528587e-04
-7.950102602194014396e-04
-1.703168977132475106e-03
-1.725839859677287969e-03
-1.702007721399376389e-03
-1.753190122182716809e-03
-1.775965150154613578e-03
-1.750497258965145932e-03
-1.835345892771827331e-03
-1.816951660916491917e-03
-1.837214251926277356e-03
-1.650403272379830219e-03
-1.676004138229829745e-03
-1.649932043882781744e-03
-1.593618479517199156e-03
-1.621916554359329431e-03
-1.594205606554015362e-03
-1.851285807392478219e-03
-1.563572845702364527e-03
-1.400322530633183295e-03
-1.400118167471342458e-03
-1.435022089335157751e-03
-1.469933033969470990e-03
-1.469402476012141023e-03
-1.501762438452025139e-03
-1.865868614043374434e-03
-1.866384321085863421e-03
-1.881283721918639322e-03
-1.291099130769430853e-03
-1.216172841614687620e-03
-1.364513711467364113e-03
-1.885514028796689452e-03
-1.905173873631925072e-03
-1.891222655162024587e-03
-2.600484291391640980e-03
-2.591561102216782386e-03
-2.576846059783835692e-03
-2.635482523900228077e-03
-2.620082819419411804e-03
-2.609223986924950542e-03
-2.661328954130148285e-03
-2.638870184876678827e-03
-2.633257885037052284e-03
-2.558735819341873344e-03
-2.555988118591429135e-03
-2.538893024935086513e-03
-2.516774404976102834e-03
-2.517946044054105922e-03
-2.501695631031277973e-03
-2.675487985485363283e-03
-2.644848368948029670e-03
-2.646402634395867391e-03
-2.371749841202870201e-03
-2.411955716065845422e-03
-2.452711461563295611e-03
-2.494112513361824122e-03
-2.331174956249251751e-03
-2.292139691846475404e-03
-2.160583521784962234e-03
-2.177534161623676315e-03
-2.168616616237733965e-03
-2.180628136810656981e-03
-2.197096920587271723e-03
-2.187367581197604757e-03
-2.201020176854875075e-03
-2.211047983903946437e-03
-2.229629772602674878e-03
-2.216146185423773125e-03
-2.241181651231121189e-03
-2.259384526135607436e-03
-2.244495064623900846e-03
-2.143940322258279518e-03
-2.160379618564300074e-03
-2.152673922944774772e-03
-2.256642968187067520e-03
-2.149911589379859597e-03
-2.155735897632697108e-03
-2.164443401196345079e-03
-2.166707747860219420e-03
-2.172450307511777576e-03
-2.178864620872541721e-03
-2.173830955192281901e-03
-2.156610640988127370e-03
-2.168591402886134271e-03
-2.164310514941572908e-03
-2.148448933324205966e-03
-2.156602880659407463e-03
-2.160415351996169790e-03
-2.143505096850960388e-03
-2.154236693563289610e-03
-2.151355731130819710e-03
-2.138856802352755160e-03
-2.146392858568405178e-03
-2.149098802487724169e-03
-2.134116030106499029e-03
-2.144072499423860245e-03
-2.141485627276913835e-03
-2.131479916700888735e-03
-2.111869004906348490e-03
-2.109807238923415776e-03
-2.120738138361961695e-03
-2.082054910011723811e-03
-2.093621695518629172e-03
-2.094831831898244859e-03
-2.083355492808117940e-03
-2.068082072208402619e-03
-2.060557657465971609e-03
-2.063005615832543948e-03
-2.072748078222270366e-03
-2.062393168654149712e-03
-2.003449656564644694e-03
-2.027898747446561442e-03
-2.018160514991689230e-03
-2.033240782441098852e-03
-1.973248364563895060e-03
-1.986038819482209821e-03
-1.977198343439043153e-03
-1.938135738905674829e-03
-1.947046408792290620e-03
-1.964186402248362801e-03
-1.949327287535475295e-03
-2.041021128727716922e-03
-2.662890415196687583e-03
-2.631289304564685735e-03
-2.639362480443187102e-03
-2.640714129928915452e-03
-5.021708403403587389e-04
-3.797839836354397207e-04
-2.371648803325036121e-04
-1.544179680823343573e-04
-1.550068835550896199e-04
-7.784379849019461197e-05
-6.772479430255364191e-04
-7.257328818317833590e-04
-6.790121973984397132e-04
-5.466752412948503587e-04
-6.142957239796548174e-04
-5.538891112981977720e-04
-1.137204223451423329e-03
-9.602492305857517063e-04
-1.051491983359069621e-03
-8.650617874141138149e-04
-7.473443959254378807e-04
-1.677127022903560603e-03
-1.728513529846317960e-03
-1.799800413613042308e-03
-1.776888727502125721e-03
-1.798981947113105018e-03
-1.817938611289149353e-03
-1.622352370541501210e-03
-1.850782950037898429e-03
-1.534661227144443543e-03
-1.533660964041840555e-03
-1.564477755131632886e-03
-1.435564978305328959e-03
-1.502542695111029440e-03
-1.875757774856243437e-03
-1.249186753235273636e-03
-1.288976025921246106e-03
-1.251316905807346377e-03
-1.169154896950254244e-03
-1.211724590244888083e-03
-1.173582855175308009e-03
-1.326994006433544196e-03
-1.327421561900462427e-03
-1.364084477178355423e-03
-1.918267500165320161e-03
-1.921382512135679909e-03
-1.902125728538195219e-03
-2.616886231571607935e-03
-2.578141475442493908e-03
-2.647798104971892542e-03
-2.668456226511704832e-03
-2.535896602984798100e-03
-2.670137606591534759e-03
-2.356989638566521147e-03
-2.374595940437922159e-03
-2.354006936571938560e-03
-2.399804143164748459e-03
-2.395546148889185836e-03
-2.415980636444574423e-03
-2.446311074596131847e-03
-2.460038769593677309e-03
-2.438837638372375917e-03
-2.493844402137993313e-03
-2.504282530722309885e-03
-2.483398899405104155e-03
-2.312360252567783377e-03
-2.332005321527411308e-03
-2.311359696990132953e-03
-2.269411934343833898e-03
-2.290146761375308135e-03
-2.271223874902067626e-03
-2.151466482392962263e-03
-2.169919875964737132e-03
-2.184516630817309041e-03
-2.182177097865848660e-03
-2.203315877108963546e-03
-2.224800050427406910e-03
-2.196906114776877444e-03
-2.128401621383021244e-03
-2.135695429073467683e-03
-2.145351565823270384e-03
-2.230758071267702029e-03
-2.252163368554217695e-03
-2.235075141599571907e-03
-2.139391422267501383e-03
-2.158531400176367729e-03
-2.161328687719947083e-03
-2.152034575731716359e-03
-2.145572721161550719e-03
-2.140804636448546700e-03
-2.136109361063714702e-03
-2.123039817597327690e-03
-2.088283993712739504e-03
-2.097955158414676648e-03
-2.100101988824584764e-03
-2.084684323725756114e-03
-2.071127274702050033e-03
-2.046516433650060265e-03
-2.058587872783522281e-03
-2.055992799879679395e-03
-2.040037401698543106e-03
-2.050291556060153744e-03
-2.052756050640589577e-03
-2.050346846581581946e-03
-1.989257590420159295e-03
-1.993994079386763891e-03
-1.998881432857033732e-03
-1.999343182526023156e-03
-2.013620012866383126e-03
-2.003930220700638875e-03
-1.960365381611831482e-03
-1.981264696606854173e-03
-1.935046877179777761e-03
-1.932865866769137991e-03
-2.037175014729613806e-03
-2.701791947378313647e-03
-2.682056831874444700e-03
-2.657486136520733656e-03
-2.687436033471200716e-03
-2.650889834847485003e-03
-2.694463923769224549e-03
-4.292027197753603006e-04
-4.957419060767757381e-04
-4.356436820652249812e-04
-3.043256704253881491e-04
-3.737618230621449840e-04
-3.103665691345531413e-04
-2.363516537604104864e-04
0.000000000000000000e+00
-7.784058787553918297e-05
0.000000000000000000e+00
-6.126573843876876539e-04
-4.884460741201604407e-04
-1.085879435018087839e-03
-1.132387277849832442e-03
-1.090675373504791049e-03
-9.046217403345274992e-04
-9.560432598193827590e-04
-9.088176036936193147e-04
-9.975856887288359499e-04
-1.046968649261458082e-03
-1.002110719040826946e-03
-8.103029977992689311e-04
-8.620436951678949822e-04
-8.132585691979186959e-04
-7.376426651331978099e-04
-7.077403937364782054e-04
-7.771731668847919362e-04
-1.653769313771373713e-03
-1.652052423217096992e-03
-1.678825772440481912e-03
-1.707577153731677615e-03
-1.730741645924624384e-03
-1.705353211609423074e-03
-1.757847554988286546e-03
-1.755480893833115614e-03
-1.779248317300150331e-03
-1.843359935116609290e-03
-1.839344279324368458e-03
-1.821817990511365084e-03
-1.597478566149483246e-03
-1.595543747942600697e-03
-1.624336888054340013e-03
-1.854786889733566532e-03
-1.566338163221442890e-03
-1.401524271060803056e-03
-1.400878571404081318e-03
-1.436185406053044466e-03
-1.478739754028068031e-03
-1.507000542744334377e-03
-1.474158757612169766e-03
-1.864660857543260115e-03
-1.288485182300766734e-03
-1.209547769118375160e-03
-1.127895140749733986e-03
-1.364644222487898040e-03
-1.882470640666380861e-03
-1.900551363717872984e-03
-1.884019021177761165e-03
-2.650112263599919277e-03
-2.642084090279490753e-03
-2.624439792968857790e-03
-2.600820370827296602e-03
-2.578603168770982057e-03
-2.599776703600282027e-03
-2.691772026593013643e-03
-2.675902507039015776e-03
-2.662850548108619281e-03
-2.725479765176040854e-03
-2.699660020685564800e-03
-2.692562652729698323e-03
-2.546625731775392296e-03
-2.530529018378407415e-03
-2.551829147734112520e-03
-2.745117239028834963e-03
-2.704141596071798874e-03
-2.710077882190063160e-03
-2.332771619129955180e-03
-2.376414093323963011e-03
-2.420873047968528056e-03
-2.467945100914531974e-03
-2.518031355792766345e-03
-2.289113221729708117e-03
-2.248429207996109624e-03
-2.121926527740782172e-03
-2.140839138882372032e-03
-2.132457157252589351e-03
-2.141212012891654300e-03
-2.150642803752648990e-03
-2.160590155629515778e-03
-2.138716453621898866e-03
-2.160828028954864602e-03
-2.159305083580837815e-03
-2.196538049327410695e-03
-2.218209105695589933e-03
-2.202986396508560020e-03
-2.166232773689769076e-03
-2.187952325567116621e-03
-2.174589855574907138e-03
-2.105600788601729063e-03
-2.124396469134540860e-03
-2.116877926412944269e-03
-2.212091865358059312e-03
-2.115878448509841536e-03
-2.122057177987840722e-03
-2.133209176294308639e-03
-2.137469851524412962e-03
-2.143631862201011117e-03
-2.152383109014280142e-03
-2.146961676315212782e-03
-2.127867541064296965e-03
-2.137901052615350656e-03
-2.142060438532755132e-03
-2.123934915123621477e-03
-2.133598543741350127e-03
-2.136169737559289947e-03
-2.121073319274240088e-03
-2.129784850430998210e-03
-2.132172617152301372e-03
-2.116935241342748648e-03
-2.127729022906992354e-03
-2.125306864264225708e-03
-2.114233937113435546e-03
-2.092617715165958313e-03
-2.090254877538525076e-03
-2.102468973798093076e-03
-2.062813003117714566e-03
-2.075300799241881419e-03
-2.072204983882956243e-03
-2.054514774741424132e-03
-2.057431112737147065e-03
-2.068172826520693532e-03
-2.043276435339778235e-03
-2.034050869666720936e-03
-2.047350155447226136e-03
-2.037049614269469035e-03
-1.976007923557095061e-03
-1.992116228874799260e-03
-1.982402289328357575e-03
-1.987552620821375713e-03
-2.019192447654426063e-03
-2.023566277924267881e-03
-2.009264898284955723e-03
-1.943759440554943853e-03
-1.945439315142404556e-03
-1.958714701424826496e-03
-1.974423834536353974e-03
-1.913390339766583848e-03
-1.930398045877130923e-03
-1.915866241026699043e-03
-2.032857180894539692e-03
-2.722991646252454889e-03
-2.766095082018852312e-03
-2.726067901622230422e-03
-2.733190503492272539e-03
-3.673477112310602304e-04
-2.303821595706274407e-04
-1.467596744782552519e-04
-7.393992101146712264e-05
-1.505449377169751010e-04
-5.325943135352823217e-04
-6.054711887058602951e-04
-5.396827942363417209e-04
-4.166740548275080008e-04
-4.821666211905139762e-04
-4.229652510393222781e-04
-1.042145670100956892e-03
-9.515080177247185007e-04
-8.578118903298159389e-04
-7.742092366386048568e-04
-6.390334605539096848e-04
-6.886470135729857479e-04
-6.582359761575188196e-04
-1.626024391181274658e-03
-1.681014178512949420e-03
-1.733028680217250754e-03
-1.810055009069955374e-03
-1.784278228061756582e-03
-1.804935721904910332e-03
-1.826981768475678149e-03
-1.547651410377834510e-03
-1.541025190214829251e-03
-1.572733566365892323e-03
-1.440509175790323677e-03
-1.513260750403960103e-03
-1.854255605078511566e-03
-1.848700594558492496e-03
-1.870011608498469043e-03
-1.247916908003567256e-03
-1.248508558559060502e-03
-1.287842416797922111e-03
-1.167578554306857421e-03
-1.208798032251107244e-03
-1.168365598193441598e-03
-1.080855235387473325e-03
-1.125359142779437617e-03
-1.083306538207638855e-03
-1.326067188088819477e-03
-1.364167215137146926e-03
-1.326533722977519397e-03
-1.898149527472840162e-03
-1.868497842780173987e-03
-2.669391941354882190e-03
-2.623772745073713573e-03
-2.571725057390652526e-03
-2.707002931834803783e-03
-2.734140694789463730e-03
-2.308681293607703182e-03
-2.332048092658501291e-03
-2.309391998416271147e-03
-2.351476684244250149e-03
-2.374771153526159147e-03
-2.353045804751069392e-03
-2.402199422879872006e-03
-2.423272411931056292e-03
-2.399631512387286406e-03
-2.455262712164176311e-03
-2.473302169518274557e-03
-2.449248150303627840e-03
-2.515979043827492635e-03
-2.503553513973490879e-03
-2.530324612041883782e-03
-2.261214112083467613e-03
-2.285957501918979388e-03
-2.264243502671287392e-03
-2.216561006893184513e-03
-2.242217485120615028e-03
-2.222677720108743194e-03
-2.112915402250679746e-03
-2.130921677780472402e-03
-2.139251900528745323e-03
-2.150851710127518052e-03
-2.179886129043776336e-03
-2.090342195874813572e-03
-2.097481573424902178e-03
-2.109703123269621172e-03
-2.178587383180049381e-03
-2.186637940929862627e-03
-2.203967549366512603e-03
-2.126880171204378195e-03
-2.103346784123536796e-03
-2.132406585451835333e-03
-2.125637943311337996e-03
-2.122254720287053160e-03
-2.118655032981796218e-03
-2.104826771237655082e-03
-2.067446534813222048e-03
-2.077667847083934736e-03
-2.080129038404893854e-03
-2.064675314513257642e-03
-2.058323547454822718e-03
-2.044301174393698805e-03
-2.029619529328044805e-03
-2.011870846476891857e-03
-2.022987874023387481e-03
-2.025962937555199784e-03
-1.969272183503039363e-03
-1.972504147797103907e-03
-1.984386190576957303e-03
-1.990544211889581742e-03
-2.004876781474105966e-03
-1.994963232900198464e-03
-1.928808950800928179e-03
-1.959935605715527971e-03
-2.753752777803484316e-03
-2.765296741362761965e-03
-2.726459756704082728e-03
-2.765477501441817448e-03
-2.956689005036376022e-04
-3.001011115861485163e-04
-3.629704572069007056e-04
-2.263721708178745686e-04
-3.512245805780675841e-19
-7.393244235948202153e-05
0.000000000000000000e+00
-4.751179182323504507e-04
-5.863212701537127676e-04
-3.566941086917469112e-04
-9.894600933328234066e-04
-1.038079066022907539e-03
-9.935178041488837344e-04
-8.981182471373241102e-04
-9.482485936669927951e-04
-9.013657800411134079e-04
-8.059727839562357173e-04
-8.081204826599319409e-04
-8.556579353877578203e-04
-7.219638045050276454e-04
-7.664193113956813304e-04
-7.298255849661288396e-04
-6.808640325710121769e-04
-1.594247156308412419e-03
-1.595799312464909157e-03
-1.624373317118461401e-03
-1.658528171520825146e-03
-1.656153231518008809e-03
-1.683438869089985733e-03
-1.713235581610480064e-03
-1.735897454134805850e-03
-1.710394929667100961e-03
-1.763399741601769707e-03
-1.787007553993813025e-03
-1.760645555724096867e-03
-1.832284960785423439e-03
-1.571080311096580660e-03
-1.392647702416321617e-03
-1.397135885905444143e-03
-1.435952457091210039e-03
-1.529663224462551093e-03
-1.538629659431727014e-03
-1.504264111450534513e-03
-1.287300541081332420e-03
-1.208121174283806939e-03
-1.124501288588438709e-03
-1.035454224692172309e-03
-1.359688006105169711e-03
-1.876214134472733476e-03
-1.894991993499036027e-03
-1.879399465659847401e-03
-1.844923193721474241e-03
-1.863849984869771345e-03
-1.849661492215662166e-03
-2.703976876476266861e-03
-2.696980684899652481e-03
-2.675786550511958378e-03
-2.645670567905414241e-03
-2.646885210077084931e-03
-2.621973777487824654e-03
-2.581579476017826363e-03
-2.590059650517945958e-03
-2.562512660766013816e-03
-2.757192186879795816e-03
-2.722871660791627985e-03
-2.740614108028383705e-03
-2.804361643205683166e-03
-2.763120273877118019e-03
-2.773634056400394420e-03
-2.282977326023049106e-03
-2.328024711328357914e-03
-2.374515101027938405e-03
-2.426222167442879454e-03
-2.482990943743323096e-03
-2.546198975695893821e-03
-2.237041950899701370e-03
-2.195875701828295043e-03
-2.079479043090393629e-03
-2.100284361313836494e-03
-2.092042038695314868e-03
-2.102244669187867520e-03
-2.120998236490764712e-03
-2.111381219106875720e-03
-2.119008873712830733e-03
-2.111276871058515719e-03
-2.138056593351610191e-03
-2.124248501722754076e-03
-2.144582387426543016e-03
-2.154546240599768212e-03
-2.169853406790617049e-03
-2.062595057817923159e-03
-2.083827743817057328e-03
-2.076539262693599154e-03
-2.159962673503441899e-03
-2.104657918299795809e-03
-2.110185449437312552e-03
-2.121323323181707569e-03
-2.076745333199104225e-03
-2.083470771444929232e-03
-2.096678835493063445e-03
-2.116166433994730832e-03
-2.095492914836582371e-03
-2.109933042253916546e-03
-2.111747074736074724e-03
-2.102391490116946923e-03
-2.111638128806971049e-03
-2.113087058114154586e-03
-2.098482427380695542e-03
-2.109605525008988181e-03
-2.107476494160995598e-03
-2.095374299795625065e-03
-2.071453373420419596e-03
-2.069311183661260139e-03
-2.082270002560988528e-03
-2.043347247993391493e-03
-2.053112325523646399e-03
-2.055505154783528448e-03
-2.030256601425137371e-03
-2.046349163943511802e-03
-2.042201660692692829e-03
-2.032006693913276929e-03
-2.015537346611992551e-03
-2.005895100917450772e-03
-2.008886360906608944e-03
-2.019985300252662760e-03
-1.979969934667695931e-03
-1.941966131161440481e-03
-1.955636233362336145e-03
-1.958776635966443750e-03
-2.001211932496754862e-03
-1.909541070078437687e-03
-1.926844294059550620e-03
-1.911503726187917251e-03
-1.942705217280725830e-03
-2.829654099936295374e-03
-2.786365227873404023e-03
-2.797066772059542995e-03
-2.847342227333037046e-03
-2.806060106374603548e-03
-2.805969330933735448e-03
-2.848150188470987762e-03
-2.807062145534171445e-03
-2.848063506017500541e-03
-2.220257412338547207e-04
-1.454543535782263427e-04
-1.461277962899115235e-04
-7.320214698923582764e-05
-4.042504707870661108e-04
-4.688521247436304266e-04
-4.104948616723296971e-04
-5.191769717888123888e-04
-5.795332054031401576e-04
-5.259585815303091313e-04
-2.830514657497546112e-04
-3.503272296111708379e-04
-2.894363355254270069e-04
-9.441881026899159174e-04
-8.524071691211505819e-04
-7.642828866106428929e-04
-6.141427926685059501e-04
-6.683752520228241831e-04
-6.266402264388834086e-04
-1.626671630392226807e-03
-1.686230520214433964e-03
-1.738671676796724793e-03
-1.805847645649871422e-03
-1.784895350720942624e-03
-1.807951786887608374e-03
-1.827643183131888883e-03
-1.562098784560389357e-03
-1.455686088976552127e-03
-1.467151075441843616e-03
-1.424384449460187494e-03
-1.492757710736927583e-03
-1.255424042078249081e-03
-1.251695838856154179e-03
-1.291057996032379156e-03
-1.165250162804251036e-03
-1.166173889512349144e-03
-1.206813250498501222e-03
-1.092111854688479489e-03
-1.086327835521113663e-03
-1.130013070649213717e-03
-9.907669080489755510e-04
-9.900274916563732604e-04
-1.036173029259975561e-03
-1.317474239328165261e-03
-1.321795511827807742e-03
-1.355242462470908132e-03
-1.893112445591802568e-03
-1.860777154143337291e-03
-2.672491087122454145e-03
-2.727671304361525655e-03
-2.611256915577972980e-03
-2.778197325507452201e-03
-2.815117834737443023e-03
-2.249482937488729573e-03
-2.278205338994169701e-03
-2.254173664330620837e-03
-2.297000515756895955e-03
-2.301595523860005751e-03
-2.323335457689439457e-03
-2.345149930175540690e-03
-2.372775641678228058e-03
-2.346839537158533669e-03
-2.399467016878283673e-03
-2.426110043952438029e-03
-2.399253923964836995e-03
-2.468277520883318740e-03
-2.460046867068933600e-03
-2.490939617672519209e-03
-2.542726229504192487e-03
-2.527246162197445065e-03
-2.560522639164960080e-03
-2.200493048952831786e-03
-2.229997033836020846e-03
-2.207400096962831848e-03
-2.157330276577249222e-03
-2.166905171458979179e-03
-2.186143284178004680e-03
-2.070235512361250346e-03
-2.089740638237076991e-03
-2.074090622234851106e-03
-2.105866677569852297e-03
-2.087504111833396719e-03
-2.126381206827969786e-03
-2.091399463646439680e-03
-2.044102941963931233e-03
-2.052817306030540502e-03
-2.067521162576051261e-03
-2.118776323350336256e-03
-2.147891872577460670e-03
-2.130699432493731588e-03
-2.090967983952405230e-03
-2.060589408897238808e-03
-2.100037782867072295e-03
-2.099040834683743931e-03
-2.100211329972390822e-03
-2.085024287606562256e-03
-2.043178002051294993e-03
-2.055146722286550331e-03
-2.057452832472206165e-03
-2.043229355955324816e-03
-2.036677502584384025e-03
-2.017969754916918573e-03
-1.981008186953727053e-03
-1.996519425047438637e-03
-1.993518776716266070e-03
-1.966121332438201461e-03
-1.967600143377379752e-03
-1.978155914933198752e-03
-1.939162971007399837e-03
-1.954389409558715887e-03
-1.940422167398067220e-03
-1.985822358154262692e-03
-1.925799052535017309e-03
-2.837021177459836657e-03
-2.933718680516944101e-03
-2.891331920427244861e-03
-2.889770853152321631e-03
-2.940240614434256727e-03
-2.893639080265606595e-03
-2.937334450403990792e-03
-2.212177970665955666e-04
0.000000000000000000e+00
-7.315890057361473884e-05
-3.616272313351165900e-19
-4.621469462913031594e-04
-3.440975155503514017e-04
-5.670720238874962099e-04
-2.148416413615288122e-04
-8.890885140528362231e-04
-8.935854734973539730e-04
-9.396613422285704075e-04
-7.946958730703976553e-04
-8.467538810953322221e-04
-8.003376896389519882e-04
-7.044765534958189433e-04
-7.555390314180385853e-04
-7.132514116671489698e-04
-6.596515330725520598e-04
-1.612743211349520599e-03
-1.635912794956154506e-03
-1.603341387717156221e-03
-1.666306845477482073e-03
-1.662386082847996114e-03
-1.690137096669358475e-03
-1.720269397672276150e-03
-1.742179636018900690e-03
-1.716747050540905900e-03
-1.768207459181797992e-03
-1.787261060277167647e-03
-1.765841922262992737e-03
-1.825561468075759426e-03
-1.557634856145193817e-03
-1.543740622604712620e-03
-1.576156891632675026e-03
-1.372858759742052494e-03
-1.414394100565807876e-03
-1.382800697318066138e-03
-1.506511399728700535e-03
-1.518010976629775291e-03
-1.481174186009662349e-03
-1.210535573655370165e-03
-1.286515582192320623e-03
-1.128661409236471954e-03
-1.041481931433811507e-03
-9.402582693483728382e-04
-1.345311403332365412e-03
-1.871507167782228117e-03
-1.890728101759215143e-03
-1.873912927811222096e-03
-1.839078843484036590e-03
-1.857814216980803717e-03
-1.842068057289623006e-03
-2.692956712658739135e-03
-2.697413853783044331e-03
-2.667765008637211499e-03
-2.759738069659451246e-03
-2.757988704942477068e-03
-2.729950671473180962e-03
-2.619497731306141657e-03
-2.631232107998604693e-03
-2.598742642960422556e-03
-2.827898613251068546e-03
-2.789767454294139054e-03
-2.814698912203600443e-03
-2.870664420242855907e-03
-2.849993784961438181e-03
-2.836784264064794517e-03
-2.222944364047006651e-03
-2.271091420384725550e-03
-2.318624945797299886e-03
-2.369796578472312121e-03
-2.430849899335904910e-03
-2.502174507937773244e-03
-2.577793587860427969e-03
-2.176992208377718716e-03
-2.136230892644844573e-03
-2.034825651319077319e-03
-2.048282379395172624e-03
-2.056859742585179403e-03
-2.051750806294220381e-03
-2.076601093893345323e-03
-2.065068091628049531e-03
-2.061798474414868170e-03
-2.082543979294037423e-03
-2.112826676444077775e-03
-2.096022155418457954e-03
-2.048501770562364231e-03
-2.060524662865162275e-03
-2.079329849804222204e-03
-2.026076047029865164e-03
-2.035391123674379875e-03
-2.044524151605844019e-03
-2.098952408897851625e-03
-2.065930860865338760e-03
-2.071242725535472895e-03
-2.085636314964104364e-03
-2.037897083458296149e-03
-2.040862839763509656e-03
-2.057633302514206078e-03
-2.081062410727572455e-03
-2.078018315417570153e-03
-2.086408575492337478e-03
-2.090042659403059354e-03
-2.087913171466762932e-03
-2.074465922668715899e-03
-2.047428039466624855e-03
-2.045195304711493103e-03
-2.059713418360221808e-03
-2.013690781908157850e-03
-2.028196259198953438e-03
-2.028440408910686405e-03
-2.021708720189629820e-03
-2.001234089851047782e-03
-2.003446234274900133e-03
-2.015564290176845297e-03
-1.975028865529652490e-03
-1.978103702089413669e-03
-1.990569161865143877e-03
-1.973403367275645102e-03
-1.952659885694655456e-03
-1.906584347206424432e-03
-1.923182361569369123e-03
-1.924261984498128880e-03
-1.908103166311112854e-03
-2.910266561246712194e-03
-2.869400702969622866e-03
-2.878571102710660197e-03
-2.920561412444957865e-03
-3.046093799628688502e-03
-2.986435480383901019e-03
-2.991829790003833287e-03
-3.039529653417180621e-03
-2.990914467187203753e-03
-3.043089984945619112e-03
-1.404313229239304050e-04
-7.062465153422704854e-05
-1.429653986115102791e-04
-3.920964138769890851e-04
-4.560115703512284129e-04
-3.982399179114802165e-04
-2.715901584842469324e-04
-3.383008897243446923e-04
-2.773673549846399251e-04
-4.939261891298087114e-04
-5.065930658327518540e-04
-5.543629696375650942e-04
-2.121960988228617853e-04
-8.422075304845536188e-04
-7.499163130757883784e-04
-5.943197168114753562e-04
-6.496957866692311054e-04
-6.042748771945994236e-04
-1.639725937315622550e-03
-1.585348621707827026e-03
-1.693652047355385590e-03
-1.744590851256268239e-03
-1.807176425060632707e-03
-1.787718576237266009e-03
-1.806433267243569805e-03
-1.822631655484285244e-03
-1.532234095641017181e-03
-1.434340704073522668e-03
-1.444957988021329217e-03
-1.403752318003537647e-03
-1.470477443322674993e-03
-1.198812793534568405e-03
-1.181818667649602765e-03
-1.227415698217259980e-03
-1.280211146746586086e-03
-1.299092204942360780e-03
-1.267738682615652829e-03
-1.054966941332182405e-03
-1.110163438209960237e-03
-1.073567970341565442e-03
-1.022911093821266774e-03
-8.791464802762454520e-04
-8.841816568820232191e-04
-9.351881339140509551e-04
-1.326768080110667970e-03
-1.889298343877969912e-03
-1.855503388438410010e-03
-2.653362268329986524e-03
-2.723322795037907279e-03
-2.790940189883627486e-03
-2.847240703465751810e-03
-2.889696682269084303e-03
-2.179928894088879569e-03
-2.213824533191933834e-03
-2.189011111394582182e-03
-2.230960009937144571e-03
-2.263136911185656235e-03
-2.239128588626792225e-03
-2.278049377306169687e-03
-2.286430388501274440e-03
-2.311091834586669665e-03
-2.329628900337898240e-03
-2.363464992217850866e-03
-2.335655056295018843e-03
-2.402831174520149004e-03
-2.398711317139883351e-03
-2.433608052524462509e-03
-2.479738310503291909e-03
-2.509391209283431436e-03
-2.471417932828067453e-03
-2.568372419759925793e-03
-2.592248104482851312e-03
-2.553344200706058470e-03
-2.130836138659857569e-03
-2.164817119743522259e-03
-2.142972120264684428e-03
-2.087561471646693853e-03
-2.121657242263307389e-03
-2.102155187662843247e-03
-2.030267027252475980e-03
-2.042441043543081342e-03
-2.020126999421404702e-03
-2.046594716257000429e-03
-2.035303808731729613e-03
-2.064052240375875702e-03
-2.033006681635113333e-03
-1.997893713410381702e-03
-2.012045840953492239e-03
-2.021319629861719792e-03
-2.047817094793501561e-03
-2.082629533733266688e-03
-2.064312146624986029e-03
-2.052132614831926605e-03
-2.011189265767924193e-03
-2.024647769449838992e-03
-2.027547682080657783e-03
-2.055063865492071876e-03
-2.060489714052897523e-03
-2.075692630770116336e-03
-2.066504059771469715e-03
-2.062780608250287979e-03
-2.015473316226463248e-03
-2.029058440015339953e-03
-2.031518638148549147e-03
-2.014061134516612409e-03
-2.007003405262732486e-03
-1.988172921529327095e-03
-1.945484471129695298e-03
-1.960138492233492839e-03
-1.963210680262378501e-03
-1.955487450212448595e-03
-1.942041993248558307e-03
-1.904588659400478258e-03
-1.922157392398230087e-03
-1.905617455126572789e-03
-2.983445045907120920e-03
-2.947078227024827433e-03
-2.959633753246582871e-03
-3.014352867127815822e-03
-3.155026067533183917e-03
-3.096517949461037589e-03
-3.096439863392398684e-03
-3.155457895124225143e-03
-3.097262388916335700e-03
-3.155257637828993468e-03
3.901690347566302074e-19
-7.054518678024793502e-05
0.000000000000000000e+00
-3.322200548712178538e-04
-4.433663534661357519e-04
-2.064092812075872811e-04
-5.444523049855285422e-04
-7.874342339625340758e-04
-7.910798885384495022e-04
-8.385757118306616216e-04
-6.864728142894421185e-04
-7.408850296647905270e-04
-6.954858771268668249e-04
-6.406874053780568876e-04
-1.628390091171046800e-03
-1.620451417317454214e-03
-1.647580827492151024e-03
-1.567301933919603004e-03
-1.590279388377740339e-03
-1.562326966791414886e-03
-1.674414297290433527e-03
-1.670321653106521340e-03
-1.697722575202237219e-03
-1.729243960386760018e-03
-1.749086657944591127e-03
-1.724715857514094166e-03
-1.784184163667356000e-03
-1.795844165274556193e-03
-1.776174929783708081e-03
-1.823127634272141877e-03
-1.537114893129124709e-03
-1.350790937319086647e-03
-1.392711164436672214e-03
-1.361888950240299108e-03
-1.494471949844640478e-03
-1.500425730636242372e-03
-1.464554407533896242e-03
-1.120823920045397465e-03
-1.159857967260796013e-03
-1.143061461766849054e-03
-1.239830902867044941e-03
-1.087972171073834987e-03
-9.455012351360712712e-04
-1.000342447939451575e-03
-9.682204070998964331e-04
-8.336037930516611598e-04
-9.124653125016203917e-04
-1.315751294649152719e-03
-1.867669950378516956e-03
-1.887348568347555280e-03
-1.869634440986984785e-03
-1.833133331964399790e-03
-1.836078492111789572e-03
-1.852428272273820174e-03
-2.657202925507456265e-03
-2.673799731577115001e-03
-2.636847612661667381e-03
-2.725329335187341717e-03
-2.709206962833372520e-03
-2.742838487978977585e-03
-2.804736396217405187e-03
-2.814593005592360992e-03
-2.779738759363808293e-03
-2.893014847413755228e-03
-2.880755463954885829e-03
-2.859156681767729361e-03
-2.950620586518824112e-03
-2.930243085346819799e-03
-2.910628567084519273e-03
-2.153335714683156550e-03
-2.203474377299083006e-03
-2.252529402470534840e-03
-2.301457461146803711e-03
-2.362789462515736769e-03
-2.436911553332106635e-03
-2.520103383535648653e-03
-2.609716615873368568e-03
-2.107301662390786545e-03
-2.066001851536367062e-03
-1.982533841946926972e-03
-2.008016388856977488e-03
-2.004023964021406715e-03
-1.999959159165167529e-03
-2.016788291621979430e-03
-2.025356773515235229e-03
-2.008911454028510044e-03
-2.012664368612260453e-03
-2.047026363005863617e-03
-2.029815215631232406e-03
-1.984497961436941342e-03
-2.016007281595250805e-03
-2.001642433577691636e-03
-2.004754867143294754e-03
-1.989980194699953776e-03
-2.028759262052722175e-03
-2.028083583024818063e-03
-2.032916588019313426e-03
-2.047295984013118575e-03
-2.000985599690117706e-03
-2.005999628926764464e-03
-2.019678667353356182e-03
-2.041799293865899888e-03
-2.051245952479344246e-03
-2.021175794072296687e-03
-2.017827154559910258e-03
-2.034327590227067578e-03
-1.980836498601766353e-03
-1.997941506015178583e-03
-1.996988714099525060e-03
-1.976070396393120928e-03
-1.994741880993898455e-03
-1.988431305639872491e-03
-1.975367976064951528e-03
-1.941111448066418742e-03
-1.958275937791058123e-03
-1.943134280811490387e-03
-1.925109637303413102e-03
-1.886401756972719973e-03
-2.966825946754979727e-03
-3.041076698020202598e-03
-3.043816502392932347e-03
-3.011332711090665762e-03
-3.119748428063067510e-03
-3.081865891486315796e-03
-3.135199240096231930e-03
-3.285747115645271891e-03
-3.214421878976548089e-03
-3.216424534006915355e-03
-1.362643323417809756e-04
-1.383826529471000790e-04
-6.843317016871314586e-05
-2.617735135831334077e-04
-3.272472841140291436e-04
-2.667387816758012148e-04
-3.720928935744436338e-04
-4.332993687098474298e-04
-3.821426077353787059e-04
-2.042400578732292762e-04
-4.752405901280293797e-04
-4.846192105614387713e-04
-5.350433289175937027e-04
-7.372517354095617717e-04
-5.752671516997162312e-04
-6.311247844660878431e-04
-5.848022695199119655e-04
-1.651727609820376674e-03
-1.597952348438115740e-03
-1.702207761783107367e-03
-1.757050276789874892e-03
-1.820127282900162657e-03
-1.808830499548196198e-03
-1.531004730077486185e-03
-1.417319705880182431e-03
-1.425774605559285537e-03
-1.384253641121519808e-03
-1.455994131073061644e-03
-1.190271288428393706e-03
-1.194518384758839471e-03
-1.155705221738626519e-03
-1.235446475680655742e-03
-1.021638613294060995e-03
-1.071323925415165398e-03
-1.038328138906559686e-03
-9.837161572480274639e-04
-7.810690805091335519e-04
-8.303285955015751035e-04
-7.842435681794053320e-04
-8.619819377188647422e-04
-8.706034386474230304e-04
-9.037487801146778339e-04
-1.263970377196125356e-03
-1.307572290708944231e-03
-1.272134516218652311e-03
-1.850575286777990814e-03
-2.690112214190205214e-03
-2.764634214698099765e-03
-2.845824430679282438e-03
-2.920820790235747685e-03
-2.100600760699787226e-03
-2.139356219224521592e-03
-2.114512354021718006e-03
-2.155386178364623439e-03
-2.166422111420585744e-03
-2.192157719420409663e-03
-2.210094503892495559e-03
-2.243822266765563983e-03
-2.220245378283949335e-03
-2.235516855569985410e-03
-2.282947209178060738e-03
-2.257034507639902113e-03
-2.291145694720932331e-03
-2.308692197717098545e-03
-2.345457122816780628e-03
-2.393764133414543350e-03
-2.434728567196998289e-03
-2.395800412621389326e-03
-2.491160528127461110e-03
-2.527823597915479070e-03
-2.482859015193484079e-03
-2.594936152274174117e-03
-2.624113615787206782e-03
-2.579307865960780814e-03
-2.052309897532198293e-03
-2.090779213891089811e-03
-2.068877620576037822e-03
-2.010587878965126689e-03
-2.048180833623681509e-03
-2.028138767877036772e-03
-1.989976491597499758e-03
-1.962303854942823878e-03
-1.980475943450128555e-03
-1.990691663245701577e-03
-1.997279203615383476e-03
-1.972211413992844102e-03
-1.974667654647125833e-03
-1.993172712674722707e-03
-1.986233858210212540e-03
-1.947695852869641168e-03
-1.964444329862185395e-03
-1.973208917977705736e-03
-1.974226765634144991e-03
-2.010480928590849432e-03
-1.992624074048730820e-03
-2.014692618650170807e-03
-1.988004953298676356e-03
-2.024334346445240580e-03
-2.038145503239762249e-03
-1.985305075861963121e-03
-2.000096062839382387e-03
-2.002999824020215876e-03
-1.982568265915340619e-03
-1.978033147286251472e-03
-1.958660292515343633e-03
-1.904131279324379478e-03
-1.922702837221929245e-03
-1.924570420493272810e-03
-1.904181505371606124e-03
-1.864909912824205644e-03
-1.884982161712918554e-03
-1.866343553930398854e-03
-2.995919519299070424e-03
-3.078848858972802090e-03
-3.203049142383554079e-03
-3.180339893962635597e-03
-3.158641390217466639e-03
-3.289193370214549272e-03
-3.221389801384747908e-03
-3.285047955701162880e-03
-3.239094762043081069e-03
0.000000000000000000e+00
-6.832517864748845204e-05
3.998939731463132485e-19
-1.993063117812269810e-04
-3.172168936137580164e-04
-4.239316294794047489e-04
-5.254847082855381834e-04
-6.819736869034039462e-04
-6.842350442014318457e-04
-7.349795986288044838e-04
-6.288867378967371441e-04
-1.619185836052010590e-03
-1.647123365557370302e-03
-1.623827697435108360e-03
-1.593435802344496648e-03
-1.681052150068760957e-03
-1.677576233522449492e-03
-1.705443378894078935e-03
-1.739927099257409637e-03
-1.762325558895303217e-03
-1.734583928059764066e-03
-1.825903484455369081e-03
-1.829537408454597839e-03
-1.805214864226653212e-03
-1.553919506708059152e-03
-1.560523349094191780e-03
-1.524348773307701316e-03
-1.333434730808629636e-03
-1.375527034381783965e-03
-1.342163016199755896e-03
-1.480313116604348818e-03
-1.487338576087370240e-03
-1.448973299534555897e-03
-1.096701270166336624e-03
-1.143617774252834790e-03
-1.108791636092718892e-03
-1.227333257654595082e-03
-1.059307932775702598e-03
-8.998693010963756695e-04
-9.609801515129974114e-04
-9.227758990809029624e-04
-7.317210417437012247e-04
-8.216909953984814427e-04
-8.809361067926807336e-04
-1.298940083017495603e-03
-1.846991813323405887e-03
-2.703729509125835442e-03
-2.712903601191114268e-03
-2.678981699476246439e-03
-2.752265053553971854e-03
-2.879249594006393943e-03
-2.884121011472544176e-03
-2.839459589144649639e-03
-2.976209657233747519e-03
-2.962153834762074056e-03
-2.933466228075982604e-03
-2.074448574954353662e-03
-2.125871442564409696e-03
-2.181484719120395203e-03
-2.222907376702589789e-03
-2.261790106724471776e-03
-2.338273519508844017e-03
-2.437983942613742606e-03
-2.538873878097496276e-03
-2.646009843814246722e-03
-2.029498356429015882e-03
-1.990806434870060447e-03
-1.941407319369391204e-03
-1.961373050658180538e-03
-1.970100797775978761e-03
-1.950659447433661505e-03
-1.944206315218963317e-03
-1.977904604216478880e-03
-1.963640338762524112e-03
-1.919458136247340855e-03
-1.940208857061051810e-03
-1.951450845745858302e-03
-1.961422763396456284e-03
-1.909982181114127341e-03
-1.945787543341949595e-03
-1.928803113699103936e-03
-1.957837292634031189e-03
-1.992762049310492674e-03
-2.010392240650986720e-03
-1.996519473423418942e-03
-1.962061828675460470e-03
-1.968277527350657981e-03
-1.981793936249216532e-03
-2.006651254868627859e-03
-1.988476780905078754e-03
-1.947185602953161940e-03
-1.963711707475313505e-03
-1.966006251713279737e-03
-1.943666606815639547e-03
-1.962047344823860187e-03
-1.959597307681715597e-03
-1.942175566224491751e-03
-1.904134632240212042e-03
-1.922892923148978098e-03
-1.903938620076575140e-03
-1.884579598738836447e-03
-1.845672584486927198e-03
-3.007491069387620806e-03
-3.083726658151184769e-03
-3.102952679353951099e-03
-3.061776949026207874e-03
-3.138787515759058813e-03
-3.436470667809307915e-03
-3.355006820334551811e-03
-3.357542153897801439e-03
-3.306818839567633294e-03
-3.250081977322634430e-03
-3.295764166333856483e-03
-3.447326773188527649e-03
-3.367869421832699744e-03
-3.438981367726880005e-03
-1.293980481391249259e-04
-6.486401399927719559e-05
-1.328611951348711393e-04
-1.957936292937803211e-04
-2.474990948573518282e-04
-2.546763160072491351e-04
-3.100097381858680427e-04
-3.538520133223963947e-04
-4.147363466110226202e-04
-3.629917463818647960e-04
-4.604218512579246391e-04
-5.180393522295498668e-04
-4.678366935167901225e-04
-5.715398591801070828e-04
-5.734118048702382909e-04
-6.270003882362330458e-04
-1.650420337973975294e-03
-1.586736909615214797e-03
-1.710725240578289674e-03
-1.787599633500364105e-03
-1.763844135942917168e-03
-1.785872776105486715e-03
-1.806843747772085172e-03
-1.517224942330120578e-03
-1.401398887682923358e-03
-1.409308374339008968e-03
-1.367606558208680611e-03
-1.440969571283448776e-03
-1.173546647636270271e-03
-1.181867050916706255e-03
-1.135295332379138676e-03
-1.218875101929705251e-03
-9.979701323941994866e-04
-1.047442903671696275e-03
-1.009834084109545753e-03
-9.490180032833634219e-04
-6.854377855980246792e-04
-6.836492808765443942e-04
-7.335170914115209757e-04
-7.993146720872059546e-04
-7.901072710447397830e-04
-8.308597931364373676e-04
-8.499011402799819866e-04
-1.244930478905640183e-03
-1.289358270034634190e-03
-1.254464149941378164e-03
-2.768149320101549564e-03
-2.733131899938596489e-03
-2.784109522347986369e-03
-2.924753767017925291e-03
-2.818928650206957778e-03
-2.011708632741192413e-03
-2.030909573855399844e-03
-2.055337723126642729e-03
-2.065844794692395063e-03
-2.109492497767478415e-03
-2.081823434536532631e-03
-2.139673894323498859e-03
-2.174136430614702440e-03
-2.145833175321071665e-03
-2.186667389186446302e-03
-2.186863037832130485e-03
-2.209888463599428941e-03
-2.236531606458539573e-03
-2.283229552244398983e-03
-2.284636955296681649e-03
-2.336643767109138591e-03
-2.387486257008498980e-03
-2.437166505992088231e-03
-2.387806200794794550e-03
-2.501353824910217821e-03
-2.545743407972120981e-03
-2.493283796995352745e-03
-2.631808637245510070e-03
-2.610381185326268380e-03
-2.665252224079419849e-03
-1.968557835283316591e-03
-1.988784939111916221e-03
-2.009887111735013734e-03
-1.919666236047356568e-03
-1.946601023406060137e-03
-1.964756126763558645e-03
-1.924634141182998172e-03
-1.895768501089137564e-03
-1.917974371915416240e-03
-1.928507128716203806e-03
-1.930608854010686061e-03
-1.906432528011061528e-03
-1.931845092357934845e-03
-1.939719933576528055e-03
-1.953563877229302827e-03
-1.894861992085870774e-03
-1.901846303808853948e-03
-1.921672902794625652e-03
-1.898607774211501405e-03
-1.920811895065856201e-03
-1.936028879121374233e-03
-1.977321566893243485e-03
-1.947150233744346934e-03
-1.954101908756188111e-03
-1.969361922584711953e-03
-1.973135159272504033e-03
-1.950069904834360237e-03
-1.944919266680562430e-03
-1.923967662129471429e-03
-1.864033021889095320e-03
-1.884177846331134849e-03
-1.883840995234254507e-03
-1.864287573832890989e-03
-1.822112235458642031e-03
-1.824016025958144190e-03
-1.843716953155337878e-03
-3.029096648280179757e-03
-3.163853474319843276e-03
-3.124139351177515622e-03
-3.181938608680171844e-03
-3.363439314646642260e-03
-3.234638249170202883e-03
-3.617736476106639225e-03
-3.526593905553726364e-03
-3.516746923402562161e-03
-3.645648032982939761e-03
-3.543951452052787610e-03
-3.626882058901344415e-03
4.126299764535244699e-19
-6.476954775925386487e-05
0.000000000000000000e+00
-1.886043406743930862e-04
-3.008364801346473903e-04
-4.072902092866820451e-04
-5.161600814049334580e-04
-6.286764871336462425e-04
-1.612957942920652081e-03
-1.647234404994922172e-03
-1.616135095571944770e-03
-1.583717973459033328e-03
-1.716723112848119164e-03
-1.698784259880016219e-03
-1.728490224820170788e-03
-1.768315274406250231e-03
-1.778126627437766772e-03
-1.754028315727379061e-03
-1.804943098106291145e-03
-1.542973285352971071e-03
-1.548374340340348066e-03
-1.511818585872068584e-03
-1.319230236083630088e-03
-1.360408779596278175e-03
-1.326340885751085830e-03
-1.468704878764698525e-03
-1.474445148894279294e-03
-1.435225472614234683e-03
-1.075980080409611513e-03
-1.086356563134880434e-03
-1.124891936997012790e-03
-1.209304841103748737e-03
-1.037102453396971258e-03
-9.041001441838633287e-04
-9.017903432921911934e-04
-9.507712034018060265e-04
-7.424723114128782206e-04
-7.880899093705537491e-04
-8.441203881884402297e-04
-7.935699988154540016e-04
-1.282226154260804676e-03
-2.694715100438653792e-03
-2.952770840504419063e-03
-2.961955949235404745e-03
-2.912454919987415326e-03
-2.816294486404601928e-03
-2.844942753271634348e-03
-2.788805207698316982e-03
-1.988435373088070189e-03
-2.036554744409657496e-03
-2.100083759869561355e-03
-2.161206383073092929e-03
-2.183844691870246747e-03
-2.236003089423883525e-03
-2.183230483083776520e-03
-2.330723365834903860e-03
-2.229463785048619966e-03
-2.439366682041899190e-03
-2.561276136680430780e-03
-1.942895926922952711e-03
-1.908487979974932526e-03
-1.870438736723735278e-03
-1.905499040170904532e-03
-1.889654603484598391e-03
-1.882057396131855097e-03
-1.871287235631582078e-03
-1.894693650585728764e-03
-1.907209129098303216e-03
-1.846539936301812464e-03
-1.882505704958890337e-03
-1.870542810769379363e-03
-1.913620356187502878e-03
-1.851704945356558683e-03
-1.880448046714502768e-03
-1.873170179879015719e-03
-1.883840220170938679e-03
-1.957707712212790850e-03
-1.919991596652054384e-03
-1.925824895242743244e-03
-1.941293315226583303e-03
-1.910786017816784978e-03
-1.932146958472766036e-03
-1.928654533036587224e-03
-1.906889917449723117e-03
-1.924986048517978538e-03
-1.926811052555634819e-03
-1.905286031715290075e-03
-1.863848168057583889e-03
-1.884277952743588190e-03
-1.863772585645719505e-03
-1.843121037084723395e-03
-3.015159309240959991e-03
-3.028763789884141890e-03
-3.095279696370414283e-03
-3.059274454056549152e-03
-3.464585890717427827e-03
-3.377115555175185316e-03
-3.444996915930185512e-03
-3.131329577464164998e-03
-3.217740070139193682e-03
-3.147165344917966963e-03
-3.523640500487561743e-03
-3.851474626953790229e-03
-3.711180190721839918e-03
-3.738646263049143648e-03
-3.927884368615718221e-03
-3.769564803828089148e-03
-3.870874814783034287e-03
-4.221716649365316217e-03
-4.165414848627222409e-03
-4.030759803540353257e-03
-4.082587138137954569e-03
-4.190600565457293890e-03
-1.240853603583911191e-04
-1.267752302684324464e-04
-6.209081188911503007e-05
-1.858830750755709454e-04
-2.375308926564475231e-04
-2.425419387957432186e-04
-2.957917855733248704e-04
-3.429727137389196193e-04
-4.017996998290952748e-04
-3.484193253977564686e-04
-4.565214391532260879e-04
-4.584942756792022766e-04
-5.141762317720525912e-04
-5.623396679106551933e-04
-5.669813288418499480e-04
-6.239990653878895203e-04
-1.667121287395567988e-03
-1.674050781536976472e-03
-1.640293946814911979e-03
-1.578183079153033450e-03
-1.691994100975031771e-03
-1.742770693525866983e-03
-1.795438244982957426e-03
-1.505970860653195985e-03
-1.389007606210514341e-03
-1.395141118007739781e-03
-1.354243896946355497e-03
-1.428981982758522956e-03
-1.161608896965595286e-03
-1.118985384582936969e-03
-1.167544490400982370e-03
-1.203248681958051739e-03
-9.668908842466799811e-04
-9.825795687061326684e-04
-1.021666907294263224e-03
-9.352566118612519637e-04
-8.458651125621569761e-04
-7.367296397093852766e-04
-1.229323347800496784e-03
-1.237149959176396833e-03
-1.274335542854212024e-03
-2.663529336445206314e-03
-2.713057407091267869e-03
-2.644021996315686074e-03
-2.878131221350674687e-03
-2.733663014352696007e-03
-1.918078236284592730e-03
-1.964319091280651835e-03
-1.942444467642215084e-03
-1.964198718216158320e-03
-1.986655713534472324e-03
-2.014053862485360932e-03
-2.024452927217304174e-03
-2.080966457145376307e-03
-2.043652806352273983e-03
-2.094280763566827401e-03
-2.138912416004366563e-03
-2.115270956759032935e-03
-2.135293247079628372e-03
-2.257471799728529536e-03
-2.320346570329588718e-03
-2.267524360472611324e-03
-2.149459173379446482e-03
-2.214603736177546758e-03
-2.164263567244991034e-03
-2.377298839502359901e-03
-2.436797219404495535e-03
-2.379132132276935881e-03
-2.511934924391001633e-03
-2.569105322730250857e-03
-2.503179075397507156e-03
-1.892572681909761214e-03
-1.906832518650870313e-03
-1.930966297306510463e-03
-1.850106975475328784e-03
-1.874223175483756380e-03
-1.884646670974015302e-03
-1.860100947855212235e-03
-1.823954760790186518e-03
-1.846643330272486252e-03
-1.859412987942451762e-03
-1.857742870277828869e-03
-1.834183854516968984e-03
-1.883951786005892345e-03
-1.889380509402839537e-03
-1.908260592150094314e-03
-1.838935144526623183e-03
-1.844863524202423628e-03
-1.867257824802067128e-03
-1.819738727847942505e-03
-1.858556696256115186e-03
-1.844806095873880065e-03
-1.936976293372683544e-03
-1.902207745708350047e-03
-1.908273025471180547e-03
-1.915022579145925609e-03
-1.885439035926284555e-03
-1.819352854050784729e-03
-1.841687421488925631e-03
-1.841953919243348448e-03
-1.820799931731321118e-03
-2.989912620379542828e-03
-3.080992344407699687e-03
-3.236684832457910853e-03
-3.278308174783881989e-03
-3.341926029483472359e-03
-3.187622180018763983e-03
-3.612608651777063536e-03
-3.524537419012597518e-03
-3.612736341120663039e-03
-3.702248464043891418e-03
-3.962485092745715587e-03
-4.511365761114592178e-03
-4.339304729665229704e-03
-4.422750740801497868e-03
-4.977088973090722755e-03
-4.464664051366232581e-03
-4.719374734439009747e-03
0.000000000000000000e+00
-6.199915639347594251e-05
4.214536115225762414e-19
-1.808494706423421721e-04
-2.902924490775205500e-04
-3.998348749948894311e-04
-5.095623123526555383e-04
-6.512227312191693276e-04
-6.683749695893421994e-04
-6.068711323523284622e-04
-1.604189480078282255e-03
-1.635863906486352548e-03
-1.608638733452576360e-03
-1.573864935502267137e-03
-1.719889896584557518e-03
-1.718240812949393785e-03
-1.693723466402193619e-03
-1.744245274022617701e-03
-1.794087465066960185e-03
-1.535299032551929854e-03
-1.539055065495715082e-03
-1.502203070321517188e-03
-1.305598608211969115e-03
-1.312427959506765832e-03
-1.347372795928095677e-03
-1.459984015297661683e-03
-1.464275890475807800e-03
-1.424673394618754772e-03
-1.054809219474430251e-03
-1.065488584005960847e-03
-1.108394536120590589e-03
-1.195448270608766078e-03
-1.010859612975267136e-03
-8.500280973326324735e-04
-9.086448676082887164e-04
-8.769550729044897457e-04
-8.187410914586251785e-04
-7.196740312894840327e-04
-1.267529082997132482e-03
-2.581291716472433346e-03
-2.872879470128486545e-03
-2.908987821743100680e-03
-2.839666153018731605e-03
-2.696894435452689993e-03
-2.752865128495062853e-03
-2.675315951381121611e-03
-1.939269831103527554e-03
-1.904977597238122211e-03
-1.991850974135005170e-03
-2.056561267460752483e-03
-2.055415411622829244e-03
-2.118173466954990404e-03
-2.072831085091861314e-03
-2.312025640761052828e-03
-2.198869636167557432e-03
-2.098525890715313962e-03
-2.438638321971894375e-03
-1.830875349565813832e-03
-1.861873205119229111e-03
-1.876006519923477042e-03
-1.841006556566546822e-03
-1.834202493027763635e-03
-1.804763078657000645e-03
-1.827759789765045877e-03
-1.837228574641280084e-03
-1.813421667523993502e-03
-1.793267969119059606e-03
-1.819271501584368567e-03
-1.831781312921046054e-03
-1.770757270014837936e-03
-1.808200983145038078e-03
-1.796821829988628702e-03
-1.861720650751179807e-03
-1.789605604165364107e-03
-1.814172911751754137e-03
-1.820267209236532159e-03
-1.805315328761969516e-03
-1.872845901361983902e-03
-1.896720537914847824e-03
-1.878328163261572953e-03
-1.867122280279061384e-03
-1.886679727672190346e-03
-1.888693055343024750e-03
-1.891741393634193118e-03
-1.865232300296550518e-03
-1.819901742123316863e-03
-1.819704887165783441e-03
-1.842184781289045795e-03
-2.946106961932178428e-03
-2.924867005056731341e-03
-3.027289479784344046e-03
-2.980590533231164494e-03
-3.360473535715753114e-03
-3.293768173781265289e-03
-3.404343016114611594e-03
-2.986219004547859945e-03
-3.110497245662351834e-03
-3.063629029294034217e-03
-3.462209103927792967e-03
-3.709010205726938087e-03
-3.647466003745845030e-03
-3.783832277927899005e-03
-3.915572936086102705e-03
-3.955876096500847774e-03
-4.226082836506809062e-03
-4.073500086480223020e-03
-4.408133588024609750e-03
-4.868356131184754798e-03
-4.562162899372505971e-03
-7.333821085636418012e-03
-5.294183129796101867e-03
-5.328642646201363006e-03
-1.195430262079328411e-04
-5.969261778744354739e-05
-1.218396459168537049e-04
-1.785160560724016418e-04
-2.332581898585976699e-04
-2.354198005886735381e-04
-2.881167667722432917e-04
-3.481958809515628200e-04
-3.456119639309090594e-04
-4.024113114182129199e-04
-4.586882082376697936e-04
-5.106124848892870573e-04
-4.576354356430482927e-04
-5.513217497488394174e-04
-5.568972141474155032e-04
-6.012818793083003852e-04
-1.662656343634434045e-03
-1.633745851791068701e-03
-1.664807967555795385e-03
-1.569970085236004195e-03
-1.691461818495047136e-03
-1.770791886908684590e-03
-1.769564486315128738e-03
-1.745661799810297333e-03
-1.795390287893838550e-03
-1.497783600514815752e-03
-1.379944009149209087e-03
-1.342889823405617883e-03
-1.384405812497859802e-03
-1.420069114784758887e-03
-1.125085446274925278e-03
-1.143487819303883306e-03
-1.089981302326267602e-03
-1.177168218010751083e-03
-1.008937341210345250e-03
-1.032248717760329403e-03
-9.877893613707516667e-04
-9.088997211016067168e-04
-8.792884048201410471e-04
-9.381264966190887983e-04
-7.310975479688841322e-04
-7.904944078995449624e-04
-7.596139239894697005e-04
-6.911447247151290352e-04
-1.211634822810507724e-03
-1.258652799811206275e-03
-1.220450435969086013e-03
-2.522656778971933689e-03
-2.512722922943467531e-03
-2.589553487822969600e-03
-2.776229326688374986e-03
-2.601326644246486179e-03
-1.852340745134012281e-03
-1.907286049786902256e-03
-1.883960034582383026e-03
-1.807517469755679472e-03
-1.861401761886641391e-03
-1.849602269800790320e-03
-1.907583574550253749e-03
-1.934451339315305680e-03
-1.964936911687523678e-03
-1.975106839712677774e-03
-2.033384361235443093e-03
-1.998080818632372128e-03
-2.011942906249075853e-03
-2.223723577400175781e-03
-2.298044065286237309e-03
-2.237318554029341794e-03
-2.104093184794175210e-03
-2.178866217641796735e-03
-2.124097511697961918e-03
-2.002926004516034607e-03
-2.074620696935777428e-03
-2.026980426498077581e-03
-2.362048997327921476e-03
-2.365729377683093576e-03
-2.433993831128010779e-03
-1.818688195308439939e-03
-1.775335896029508250e-03
-1.813330082100876161e-03
-1.803090287636290902e-03
-1.797429108886906997e-03
-1.796309272317692107e-03
-1.750420841404165453e-03
-1.786834333055225491e-03
-1.777183856252667832e-03
-1.780921034105849635e-03
-1.759679848501985791e-03
-1.830197729769355609e-03
-1.834509396094529364e-03
-1.857417574493520560e-03
-1.780673165681959449e-03
-1.784716401702256088e-03
-1.810136218829357796e-03
-1.735472713934973913e-03
-1.763657020984074793e-03
-1.776841905756685724e-03
-1.851752941950367010e-03
-1.869653473519776975e-03
-1.843584283553089537e-03
-1.795741180848460343e-03
-2.897471310551828598e-03
-2.959050365463893918e-03
-3.041484699540899714e-03
-3.189575092665207588e-03
-3.147998695475179992e-03
-3.019099990186476130e-03
-3.432951748324103262e-03
-3.394719305905790317e-03
-3.525382856845267129e-03
-3.566156756591818723e-03
-3.707406407243136678e-03
-3.684052880017134844e-03
-3.917865549097039948e-03
-3.824350618314938978e-03
-4.208905575915704647e-03
-4.159856258142826529e-03
-4.366858310547548985e-03
-5.657908855568936565e-03
0.000000000000000000e+00
-7.623322267524854784e-03
-2.333555518049806356e-03
0.000000000000000000e+00
-5.961523875329518760e-05
0.000000000000000000e+00
-1.763313838066791497e-04
-2.906915711524812526e-04
-4.034978642442829666e-04
-5.050882285388596030e-04
-6.150578998533567758e-04
-6.331884002774150781e-04
-5.831453174837907504e-04
-1.599283808948605105e-03
-1.631238650698994819e-03
-1.601802644419853677e-03
-1.567603725260042439e-03
-1.719870285922209599e-03
-1.719795168927754254e-03
-1.691536328899156168e-03
-1.745583865478954333e-03
-1.529823571932894741e-03
-1.532464577689624744e-03
-1.495110102247383969e-03
-1.290261818910113344e-03
-1.297959362380324538e-03
-1.335221036043890896e-03
-1.452991193139907544e-03
-1.456414953638902714e-03
-1.416637213915176042e-03
-1.067155774015815170e-03
-1.168318552946403729e-03
-9.591943979180741608e-04
-8.146988838225513712e-04
-8.617722359982576269e-04
-8.323681822794632215e-04
-7.728577010355487881e-04
-6.730507753310350670e-04
-1.251022144290577821e-03
-2.434812710403333122e-03
-2.724859927495811539e-03
-2.794025709665041469e-03
-2.704361352906249974e-03
-2.521228677922713983e-03
-2.604841532393121876e-03
-2.516229057614716418e-03
-1.877528303265944311e-03
-1.827279618651472728e-03
-1.938578494225797269e-03
-1.915942166749519046e-03
-1.984349891760214986e-03
-1.943700244170625153e-03
-2.158703871366486442e-03
-2.286482877182800192e-03
-2.049227513783578869e-03
-1.955908029073425650e-03
-1.731283836999828081e-03
-1.768017289710468272e-03
-1.782090708978931182e-03
-1.753977129911552099e-03
-1.754532402140207906e-03
-1.739391674217418728e-03
-1.771823096603479617e-03
-1.764133594093276504e-03
-1.744203988012107617e-03
-1.711840784815886821e-03
-1.740716131313788410e-03
-1.752105964173206014e-03
-1.695391504155042452e-03
-1.732694544325121119e-03
-1.722408558531880393e-03
-1.805666138825846694e-03
-1.725787812036060249e-03
-1.757333629304181494e-03
-1.753145900185557396e-03
-1.722510698357663378e-03
-1.824245410886406876e-03
-1.826880021199167765e-03
-1.848558177185384566e-03
-1.845335730905816370e-03
-1.821800379103699977e-03
-1.772340417441613247e-03
-1.771650145334810857e-03
-1.796461124082468757e-03
-2.818730436286857530e-03
-2.731539843601573422e-03
-2.857833111113330937e-03
-2.834079189431669768e-03
-3.118222460846023156e-03
-3.223426178358908961e-03
-3.072416053039388542e-03
-2.732710652180576211e-03
-2.885767271656561848e-03
-2.867677734629111783e-03
-3.257755753248368392e-03
-3.188733801940515748e-03
-3.457638414484178174e-03
-3.325374333696515163e-03
-3.439990462522665542e-03
-3.033159853924239160e-03
-3.478062115220225368e-03
-3.395690532980937416e-03
-2.787034015071614395e-03
-3.591068331193451781e-03
-3.453484625591313716e-03
-1.892119682395913480e-03
-3.068456373957949464e-03
-3.374817576196159803e-03
1.273719614971427075e-18
0.000000000000000000e+00
-1.873287558283134088e-03
-1.199572501145291484e-04
-1.197876116905908492e-04
-5.980820689101898617e-05
-1.764747505079650516e-04
-2.329906374709955633e-04
-2.905193159490880063e-04
-2.331682025467451784e-04
-3.543810217824824686e-04
-3.513494725657240062e-04
-4.065812064653658974e-04
-4.804563589076397555e-04
-5.160441164600015895e-04
-4.695757964553336130e-04
-5.477409588963691109e-04
-1.663035278696043014e-03
-1.662714924311548340e-03
-1.631500905030576444e-03
-1.564784294666607574e-03
-1.691631339321817903e-03
-1.746461444727737643e-03
-1.491555129912792640e-03
-1.370843171670777481e-03
-1.375324423231862351e-03
-1.330708356243746632e-03
-1.412039217114265501e-03
-1.103271900806534903e-03
-1.114217204299063589e-03
-1.056233140967853881e-03
-1.157503352164919452e-03
-9.038865413731991035e-04
-9.565335425973969970e-04
-9.063957330139975344e-04
-8.593123937243161590e-04
-7.003849873520916550e-04
-7.574919940572209798e-04
-7.157425546768949156e-04
-6.576607290020033102e-04
-1.192777845394213734e-03
-1.241624608585518985e-03
-1.202251249648653847e-03
-2.335905056639110168e-03
-2.425774877935206637e-03
-2.344244259421562893e-03
-2.612297457501162358e-03
-2.419317816954495194e-03
-1.781491329077199582e-03
-1.815492900756441371e-03
-1.843429748902025841e-03
-1.733833622638997164e-03
-1.769429048671646021e-03
-1.791832768221956248e-03
-1.841733721142304638e-03
-1.873150089015943346e-03
-1.907286527031832463e-03
-1.875878301897035676e-03
-2.043878575138865627e-03
-2.071026398665294904e-03
-2.131684419085400073e-03
-2.178490076865796654e-03
-2.267457885633840202e-03
-2.197286661965944417e-03
-1.935549947994250324e-03
-1.966941917587360089e-03
-2.018235983692641834e-03
-1.843779885441517233e-03
-1.877982198966653311e-03
-1.922002007083454828e-03
-1.658837938433394173e-03
-1.732153483161930768e-03
-1.695148034857495850e-03
-1.686499126806591860e-03
-1.708959228842646567e-03
-1.731736716588323181e-03
-1.710878945272455891e-03
-1.731849823000030254e-03
-1.682580032228037656e-03
-1.710784742376032959e-03
-1.716436289007478543e-03
-1.702655013680257632e-03
-1.688432561690039226e-03
-1.776358286821329074e-03
-1.778143025998206884e-03
-1.803276201440980357e-03
-1.722658750137266281e-03
-1.723860470151135273e-03
-1.751951810058708335e-03
-1.645641434848954792e-03
-1.689832347409437208e-03
-1.678094626903692786e-03
-1.799937918902152004e-03
-1.798379343791023550e-03
-2.726475469492234925e-03
-2.736976424216246671e-03
-2.701586642856134389e-03
-2.894497296580802233e-03
-2.883864185820782244e-03
-2.723937849866731736e-03
-3.145031269244874181e-03
-3.131602808159043849e-03
-2.943352509593988309e-03
-2.440687512671256554e-03
-9.073939512579336881e-04
-4.654061239226073823e-19
-5.971858813505180890e-05
0.000000000000000000e+00
-1.763022298119899746e-04
-2.936190498569346162e-04
-4.174320645403598430e-04
-5.786250555229934672e-04
-5.968671131211487901e-04
-5.293828222452051993e-04
-1.596570286953272405e-03
-1.630069573756541242e-03
-1.597990985360873278e-03
-1.563497082064829388e-03
-1.720122510657172508e-03
-1.691960297753664771e-03
-1.719984411660652537e-03
-1.746591055969544349e-03
-1.525330269908565638e-03
-1.527492134967326247e-03
-1.489395694147392689e-03
-1.280279439427991876e-03
-1.325678335025184734e-03
-1.285286048245185692e-03
-1.449578908317917603e-03
-1.451190945025566904e-03
-1.410403325703160800e-03
-9.977590897009601736e-04
-1.050555227718773634e-03
-1.003361763355173700e-03
-1.148124044665539212e-03
-9.509149622093724784e-04
-7.919110325986254738e-04
-8.478745087240812869e-04
-8.033042672752543564e-04
-7.460734330088664851e-04
-6.394229869868066872e-04
-1.236666241753031636e-03
-2.249647550641206695e-03
-2.507249491070544060e-03
-2.610755847554674207e-03
-2.506854997845676079e-03
-2.294752481272472992e-03
-2.403815396994938344e-03
-2.309553151477019076e-03
-1.809025336081993528e-03
-1.755147457431234688e-03
-1.694071018990830945e-03
-1.765708623813986092e-03
-1.802175275290237699e-03
-1.839715287976393179e-03
-1.985135387897748495e-03
-2.105245514957783393e-03
-1.886001634720821689e-03
-1.801750291969766472e-03
-1.620912839567865277e-03
-1.638799474977850699e-03
-1.677064531492248461e-03
-1.654399817876365131e-03
-1.665244247368773437e-03
-1.678239970944136496e-03
-1.708886615957932835e-03
-1.701997884853942954e-03
-1.680335155820625315e-03
-1.628050014727824672e-03
-1.661210432432391965e-03
-1.669552098135147940e-03
-1.612872006616063820e-03
-1.653811596972829933e-03
-1.647333335673546425e-03
-1.749418123286146029e-03
-1.661276379975974455e-03
-1.691823567456703873e-03
-1.692975714277056114e-03
-1.635813234336467182e-03
-1.774061393347291541e-03
-2.612443048757024777e-03
-2.451860877398967433e-03
-2.591134775936105011e-03
-2.598990660007620412e-03
-2.651952070032509261e-03
-2.867186879199747594e-03
-2.665488771548738672e-03
-2.367153939910750238e-03
-2.532865220020335314e-03
-2.559511840388098512e-03
-2.897651876399392947e-03
-2.369872917351828045e-03
-2.696074912062795207e-03
-2.808412314658493419e-03
-1.928074990506096521e-03
-2.358741043382563737e-03
-2.526090551288525613e-03
-1.091941299419051103e-03
-1.485676793200258524e-03
-1.990824732038325336e-03
-5.617446217639888948e-19
1.144771178863631865e-18
-8.545393844187374821e-04
-1.154332968054261609e-04
-5.744302120453259467e-05
-1.177178664359658457e-04
-1.739544026722911088e-04
-2.433874838495041562e-04
-2.988347250630772785e-04
-2.383184489024871267e-04
-3.663023907320367770e-04
-4.233117065311095507e-04
-3.603787264927810381e-04
-4.504368724317688857e-04
-4.654326347790943585e-04
-5.143808604748304316e-04
-1.659189471648013330e-03
-1.628388968523240918e-03
-1.661103813175497136e-03
-1.561175200503762180e-03
-1.690070679548903590e-03
-1.748337253747080187e-03
-1.487635605277043069e-03
-1.366022658473950002e-03
-1.368332657967797315e-03
-1.323318102133324344e-03
-1.407926394733008532e-03
-1.088394759522919291e-03
-1.043147145561554474e-03
-1.095819585679951198e-03
-1.140671740022682241e-03
-8.847807666848592038e-04
-9.412858629254967219e-04
-8.943393963436994682e-04
-8.382907758813199113e-04
-6.739566637749092471e-04
-6.871485300585109196e-04
-7.328081158556918424e-04
-6.261382580607880582e-04
-1.180627754597399388e-03
-1.230589694702383108e-03
-1.186738515924793888e-03
-2.115889409136475705e-03
-2.222706479926660119e-03
-2.142775968312451464e-03
-2.389432339128072340e-03
-2.196373123281421258e-03
-1.700050452286827173e-03
-1.769867683432548890e-03
-1.739481292536043753e-03
-1.640852884295317463e-03
-1.710156092636717527e-03
-1.686225245960040493e-03
-1.582546576265294810e-03
-1.619674672421330189e-03
-1.657442355988616046e-03
-1.730329188155150166e-03
-1.848595390161286278e-03
-1.944512730088034536e-03
-1.889610326146183312e-03
-1.965462068054684569e-03
-2.001369576071723982e-03
-2.069571431801795793e-03
-1.756615793119115088e-03
-1.798285650423433156e-03
-1.844811933132430070e-03
-1.676407632032053631e-03
-1.758993131329000988e-03
-1.719526079347689744e-03
-1.538389908218748721e-03
-1.597996006892760633e-03
-1.579615298194950428e-03
-1.585332029605376371e-03
-1.636688644440966811e-03
-1.603116517876515025e-03
-1.615352372108985355e-03
-1.669177673656369173e-03
-1.611263911539032338e-03
-1.647108771623370226e-03
-1.645345436808523043e-03
-1.619612743602192500e-03
-1.611840516652906889e-03
-1.721390630397202481e-03
-1.691338799289028322e-03
-1.659877783943841840e-03
-1.555590659237016896e-03
-1.591231861235301200e-03
-1.600001210873154859e-03
-2.477809737091824296e-03
-2.414806094435511738e-03
-2.217293307941590151e-03
-2.411984587210428549e-03
-2.472260495486866376e-03
-2.298877222391613757e-03
-2.504984148702010804e-03
-2.177000423470818857e-03
-1.551679671896189112e-03
-4.923352929661904730e-04
-4.696477859688787055e-19
-5.735913156724396084e-05
-4.735692682100063146e-19
-1.792033867494631960e-04
-3.048598115402609797e-04
-4.082165219132750586e-04
-5.459119747457923805e-04
-4.979556629366320344e-04
-5.623444502698060274e-04
-1.588620122961726527e-03
-1.624408546775457304e-03
-1.592667114302902731e-03
-1.557305893286471416e-03
-1.527317540241965137e-03
-1.526283298321394737e-03
-1.488784555490355694e-03
-1.270508132783614019e-03
-1.318454523717448035e-03
-1.275463145806397455e-03
-1.448766211314539854e-03
-1.449082745334923095e-03
-1.407620507208837048e-03
-9.790906013316142287e-04
-1.033775337629283704e-03
-9.884406422384995131e-04
-1.134633613543800743e-03
-9.319329427168491446e-04
-7.675857824711689037e-04
-7.797279705367552620e-04
-8.260896244940057814e-04
-7.205796327201603908e-04
-6.097921337033725435e-04
-1.225785394913449667e-03
-2.033869730127802616e-03
-2.225572696597629720e-03
-2.361810837753239821e-03
-2.253485690501596389e-03
-2.026434244479869209e-03
-2.157265755581786598e-03
-2.066387236231819087e-03
-1.668180520034179791e-03
-1.609807640024889415e-03
-1.558765410304932108e-03
-1.608202855443183719e-03
-1.652894448822903343e-03
-1.686063888870725953e-03
-1.901987901336566096e-03
-1.798856695984305280e-03
-1.713483138386769295e-03
-1.639894297541598378e-03
-1.508989212617961942e-03
-1.523025938864935782e-03
-1.565636197733401291e-03
-1.547686370535820716e-03
-1.569720503538243363e-03
-1.636259552167219650e-03
-1.541073580929162856e-03
-1.576510254925196338e-03
-1.584210564217412333e-03
-1.530026041391011797e-03
-1.571143924928913947e-03
-1.570836000953337603e-03
-1.624953861242086489e-03
-1.547392300963305791e-03
-2.332372842729344732e-03
-2.103830982709158082e-03
-2.284868720649091411e-03
-2.234512449787959612e-03
-1.945415768230678542e-03
-2.087448645186934255e-03
-2.299881736607666503e-03
-1.927487657116337336e-03
-2.155040772149052590e-03
-2.071222299661192728e-03
-2.155401811583175162e-03
-1.289007810233503554e-03
-1.862106116340627761e-03
-1.616295499666472492e-03
-7.651250884825469903e-04
-1.373810954426095930e-03
-9.384082077313442294e-04
-5.599401648580333404e-19
-5.267620951664444641e-19
-4.900026701527976369e-04
-1.103034992736981809e-04
-1.128833353146125934e-04
-5.476934489099116331e-05
-1.765787916026714767e-04
-3.259465331832442185e-04
-3.461701797081379386e-04
-2.845240729410620194e-04
-3.880105903791171689e-04
-4.203120781906495356e-04
-4.828687291725980739e-04
-4.353018032272035253e-04
-1.558400286696021890e-03
-1.488300999186392172e-03
-1.362673718964978707e-03
-1.364265801236445820e-03
-1.316842442260749649e-03
-1.405890651887150298e-03
-1.074670345775936104e-03
-1.081522182899785937e-03
-1.026928820344422469e-03
-1.127742024866360861e-03
-8.640316797885752792e-04
-9.215310173408012770e-04
-8.744019143445748996e-04
-8.156707089707990622e-04
-6.453605180299019483e-04
-7.062783405018969313e-04
-6.596199086381795236e-04
-5.954024351892224162e-04
-1.171131731894207734e-03
-1.221018453145972932e-03
-1.175921158486892791e-03
-1.863131259254781780e-03
-1.910857977759924855e-03
-1.987026054284503351e-03
-2.116006655984771414e-03
-1.937534905250213203e-03
-1.550757561802438601e-03
-1.624656212975296617e-03
-1.594803141679317473e-03
-1.496009137372486400e-03
-1.538451377461787228e-03
-1.567780161283727864e-03
-1.449799594208300499e-03
-1.515641724163987319e-03
-1.493419430608217656e-03
-1.577525101296513256e-03
-1.736149781321523738e-03
-1.789855411257942983e-03
-1.848996302124949294e-03
-1.640203352680606741e-03
-1.696918665781816347e-03
-1.743558512401972068e-03
-1.573497296560620769e-03
-1.664389803681013726e-03
-1.623641252057823718e-03
-1.501958604223765058e-03
-1.588467214443386533e-03
-1.554019322006423495e-03
-1.418291431481956411e-03
-1.477911790945828086e-03
-1.463622683196617912e-03
-1.482071643954422507e-03
-1.495476110263804954e-03
-1.534333050242784029e-03
-1.518710835451108623e-03
-1.599942017250394503e-03
-1.534768839883979144e-03
-1.528412843854900713e-03
-1.569722180984674037e-03
-1.461646485805836570e-03
-1.508169647019293354e-03
-1.500882374414091135e-03
-2.163314389818801753e-03
-2.019940380606530684e-03
-1.661496032967466584e-03
-1.946891647827716024e-03
-1.799675622796027136e-03
-1.798589773279332888e-03
-1.651935172494370559e-03
-1.053356859700376943e-03
-3.524850691988685699e-04
4.639902135004068588e-19
-5.469132098348417222e-05
-4.774309779998055000e-19
-2.069419157521984465e-04
-1.584165924940204623e-04
-2.252868988045992130e-04
-2.663307531536209102e-04
-3.728183304015988964e-04
-5.226273202272027282e-04
-4.711544318334716461e-04
-5.343637008180133693e-04
-1.489396126352744709e-03
-1.268285622664060792e-03
-1.315719205497951471e-03
-1.269462973976832193e-03
-1.451338686171225459e-03
-1.450054985413153953e-03
-1.407386200083467209e-03
-9.640900546705786318e-04
-1.019397564407168799e-03
-9.715926616178506385e-04
-1.123035813223137577e-03
-9.140154558651813338e-04
-7.436238061865271549e-04
-8.036827894748244973e-04
-7.555851436178376984e-04
-6.942243001339123108e-04
-5.837968475628819987e-04
-1.219994039867428005e-03
-1.794471922214597830e-03
-1.901226097000966939e-03
-1.959281296202530602e-03
-2.060412802814549395e-03
-1.730080017276313352e-03
-1.793528084641380889e-03
-1.876205769603541199e-03
-1.521731023424907105e-03
-1.471526241049185297e-03
-1.432927872399111357e-03
-1.444469515312840451e-03
-1.496828293221903533e-03
-1.525781346141005974e-03
-1.684875323328334333e-03
-1.604731868026275723e-03
-1.535771995095056280e-03
-1.471604101172330550e-03
-1.395452679611024725e-03
-1.406343006477313263e-03
-1.452730120802652770e-03
-1.439144406761735679e-03
-1.471292188840329571e-03
-1.490684900451401959e-03
-1.496311482112655522e-03
-1.456107319670317014e-03
-1.998118822530169092e-03
-1.725417649483061656e-03
-1.919367186572977502e-03
-1.826074754277485536e-03
-1.281898603302257175e-03
-1.479260554524155797e-03
-1.621185897296476518e-03
-1.473583696298374525e-03
-1.567360808507499946e-03
-1.703909690898830313e-03
-1.310960385625652841e-03
-4.601871088561896098e-04
-6.098734238223533317e-04
-8.795323034907036319e-04
0.000000000000000000e+00
-5.348945943197184187e-19
-3.510121520521031603e-04
-1.038831054567940487e-04
-5.136085398678181266e-05
-1.070578567676714319e-04
-1.551144397154197619e-04
-2.973033851307368275e-04
-3.117109840892291414e-04
-2.519278686214294384e-04
-3.585273057973134472e-04
-3.915450975350118386e-04
-4.567169371086823425e-04
-4.058030044941529245e-04
-1.366018248454854873e-03
-1.364346502267175555e-03
-1.317589485983847869e-03
-1.409119813190296043e-03
-1.064631366326175034e-03
-1.069639083316073491e-03
-1.014399206695708322e-03
-1.117993361356486252e-03
-8.468654213139117405e-04
-8.554272717406121839e-04
-9.054308176941262051e-04
-7.950434759986368255e-04
-6.196668232000799876e-04
-6.813708507769349488e-04
-6.324821243082868289e-04
-5.708521919283908799e-04
-1.167242165073456182e-03
-1.218013059460159231e-03
-1.169240017147905484e-03
-1.592086697615011483e-03
-1.726322104511937919e-03
-1.662302793827592252e-03
-1.809080439088888749e-03
-1.656738994676295804e-03
-1.397224374776701288e-03
-1.473576530563182893e-03
-1.446016488813851430e-03
-1.354579678233463168e-03
-1.401699389943934088e-03
-1.424929929370641118e-03
-1.320137620363754163e-03
-1.368764044842592925e-03
-1.384618935660233106e-03
-1.419644719105336329e-03
-1.479111996837832949e-03
-1.607341422139852783e-03
-1.559453065683118807e-03
-1.433302388809862792e-03
-1.536865668462732972e-03
-1.503144554675370399e-03
-1.379258328274365984e-03
-1.476210794528228301e-03
-1.440062461747890557e-03
-1.323866339756187525e-03
-1.383679757643465182e-03
-1.412613680410338378e-03
-1.295528493806507621e-03
-1.356630337978770133e-03
-1.345527111729799682e-03
-1.380478958146211330e-03
-1.431391423101703586e-03
-1.387568714106926851e-03
-1.420579510752350508e-03
-1.413920989893941490e-03
-1.812385966384539790e-03
-1.601903186358850234e-03
-1.129364722451600168e-03
-1.396063127677918056e-03
-1.214136175984159311e-03
-1.302893135037790258e-03
-8.502746789261963339e-04
-1.067993865793140026e-03
-1.070412751758424361e-03
-2.117261406560593624e-04
-6.522838427260640917e-04
0.000000000000000000e+00
-5.116180690983938156e-05
4.712890298409557164e-19
-1.906264689364163371e-04
-1.472028923086036653e-04
-1.989738292697122192e-04
-2.439513289351438350e-04
-3.439270200566255792e-04
-4.925744304342985188e-04
-4.414890003790038903e-04
-5.077498305187501740e-04
-1.271793443024293695e-03
-1.270104474057160045e-03
-1.319303915930434114e-03
-9.528565447815817973e-04
-9.584957905505405752e-04
-1.008778145779784183e-03
-1.116102317733593668e-03
-8.998236487868020673e-04
-7.240242086308237499e-04
-7.337813851233951704e-04
-7.852583366415079053e-04
-6.714691598572550962e-04
-5.558763570413597635e-04
-1.219853021005332799e-03
-1.533344307787502803e-03
-1.558646863053546501e-03
-1.728773404025058490e-03
-1.642301074373150524e-03
-1.424361272002837644e-03
-1.507121969115754814e-03
-1.576661545119070577e-03
-1.374933913685958548e-03
-1.336513177635142383e-03
-1.307090257326957387e-03
-1.281680335735482703e-03
-1.362843924293227543e-03
-1.339081539947876553e-03
-1.456054572163657844e-03
-1.406057795984010528e-03
-1.350749624173688910e-03
-1.302057322470331815e-03
-1.281428898509391276e-03
-1.287855496322263095e-03
-1.338556178192253782e-03
-1.330630997660310665e-03
-1.372874049045022440e-03
-1.640104029544219369e-03
-1.333999203171770849e-03
-1.531688423469313885e-03
-1.403782745366583679e-03
-7.102900818124566890e-04
-9.274849504270431776e-04
-1.008004412766509185e-03
-1.057847973954092503e-03
-1.263612420204020563e-03
-1.094993063808671722e-03
-7.930927584368951174e-04
0.000000000000000000e+00
0.000000000000000000e+00
-2.112820745038979792e-04
-3.307209014652560172e-04
-3.931685746691084699e-04
-5.794165934124146083e-04
-1.240520635405591371e-04
-1.139665583862693645e-04
-6.123547561810892205e-05
-1.572351260377374653e-04
-2.586198481866674656e-04
-2.782230712129341726e-04
-2.245561226432418039e-04
-3.248304786144919163e-04
-3.434195658536896151e-04
-3.674871830608359129e-04
-4.176998839268554844e-04
-1.326221596531651807e-03
-1.060639592351166755e-03
-1.006837002660201930e-03
-1.062625586170746692e-03
-1.114082570721485876e-03
-8.339390726448308103e-04
-8.933472819496787298e-04
-8.403950622539943516e-04
-7.787513335217868468e-04
-5.973465678674298469e-04
-6.084979346520390849e-04
-6.603561583060445607e-04
-5.446594621609528088e-04
-1.167739898596342188e-03
-1.167596825406152193e-03
-1.220089114724126622e-03
-1.319611911606895270e-03
-1.455992014470120985e-03
-1.399147685706644568e-03
-1.488883747746189059e-03
-1.371055188592006308e-03
-1.246825995568349348e-03
-1.321873923204814781e-03
-1.300470287628697520e-03
-1.215338349256009365e-03
-1.267608554651652661e-03
-1.284859654621333443e-03
-1.190368702169115195e-03
-1.255063875886810836e-03
-1.242768565196910972e-03
-1.263742504973094580e-03
-1.230080063103200332e-03
-1.333958328826586291e-03
-1.355492444870625823e-03
-1.229326911395010880e-03
-1.304626456751711242e-03
-1.331581960072197174e-03
-1.188823150056935937e-03
-1.256298393954970519e-03
-1.284116767038692188e-03
-1.149359194666571028e-03
-1.215585592351911375e-03
-1.236722408890425853e-03
-1.176760301906469228e-03
-1.235914506105598686e-03
-1.228855584029024846e-03
-1.276365013683353070e-03
-1.446207772387966654e-03
-1.195169896119464489e-03
-6.533437699310128480e-04
-8.852569815343720727e-04
-6.932602332265537515e-04
-8.550575736597288735e-04
-5.226571563207247501e-04
-1.503373932535734031e-04
5.326740862898340435e-19
-6.117266396896419052e-05
0.000000000000000000e+00
-1.911600834168312828e-04
-3.006920319661523545e-04
-4.765587868345725134e-04
-4.846864906981810501e-04
-4.097289998353905241e-04
-9.472288354954025089e-04
-9.500558775204915977e-04
-1.004025608354673464e-03
-1.114444658774997685e-03
-8.905465922846429695e-04
-7.079911124643451740e-04
-7.707162432755649065e-04
-7.159578091749266380e-04
-6.522244285057923405e-04
-5.367048888613844965e-04
-1.224661249939954302e-03
-1.275444630154771823e-03
-1.219923171025094621e-03
-1.322717684948560707e-03
-1.390043295699535698e-03
-1.129152853172295419e-03
-1.224852640432145916e-03
-1.277398895094867919e-03
-1.230745372556826638e-03
-1.202502916135376153e-03
-1.183114565455761942e-03
-1.121405824849682278e-03
-1.201689493154701246e-03
-1.184240011132808900e-03
-1.231458738809796706e-03
-1.209554495650390360e-03
-1.169154117016340134e-03
-1.135572810434963987e-03
-1.172063038131172579e-03
-1.277609323222536706e-03
-9.820036921171539090e-04
-1.020842400622777894e-03
-1.157407780851165682e-03
-2.979879390776178508e-04
-5.049659422203768219e-04
-4.750494961713296743e-04
-7.005849778693377765e-04
-6.790767844673428928e-04
-8.746321578721638797e-04
-3.175072062641467888e-04
0.000000000000000000e+00
0.000000000000000000e+00
-1.508326752895249772e-04
-1.106985941259902432e-04
-5.440397716960971468e-05
-1.174637063819823093e-04
-2.107859295472983008e-04
-1.669094886247287019e-04
-2.347550877748343957e-04
-2.769586800941208852e-04
-3.608744061084539004e-04
-4.187289876516055121e-04
-3.521633387842627513e-04
-1.063332861200678428e-03
-1.061984237011527566e-03
-1.005491538707360688e-03
-1.115781653340470851e-03
-8.267848149935480215e-04
-8.869631725452586241e-04
-8.303068354615222857e-04
-7.670246078890108777e-04
-5.809408580933011178e-04
-5.891393295394049042e-04
-6.440461146961622965e-04
-5.284158066813640295e-04
-1.036311517318000116e-03
-1.179377223624910372e-03
-1.136929493216339362e-03
-1.175802849476033016e-03
-1.084525646496391172e-03
-1.098733041072984164e-03
-1.173210793512149920e-03
-1.157562705306899040e-03
-1.097698564162504940e-03
-1.143956474798347132e-03
-1.156315087999996386e-03
-1.075405729269499153e-03
-1.125700990547633812e-03
-1.132474225687488296e-03
-1.110578172042470200e-03
-1.082784828012739800e-03
-1.155836941065794231e-03
-1.155650983540296335e-03
-1.036729017676028732e-03
-1.113129475474514823e-03
-1.133299916676127304e-03
-1.007375315596648665e-03
-1.078833762890767448e-03
-1.098509343276587828e-03
-9.842349731395815676e-04
-1.053278696760862054e-03
-1.067201260964571394e-03
-1.120094625620349227e-03
-1.101368390156669697e-03
-8.395024086125506962e-04
-4.603377447705879282e-04
-5.525939623033247934e-04
-3.791363538428509311e-04
-5.768307346546725639e-04
-1.399415951809783215e-04
0.000000000000000000e+00
-5.422491846675606131e-05
5.404053564446992150e-19
-1.600872662591915074e-04
-2.336641998433740990e-04
-2.881098435231176091e-04
-2.222164292571444932e-04
-4.750939795933111984e-04
-4.183265075913627194e-04
-4.761205043880469695e-04
-2.968263291142291221e-04
-9.504458383707290250e-04
-1.007159252096419353e-03
-9.488502584978726270e-04
-8.886242066416213167e-04
-6.954827464860280275e-04
-7.607519453269430756e-04
-7.016721438060562286e-04
-6.376014132853961500e-04
-5.277170819219583961e-04
-1.061134049362228316e-03
-9.065968805424219276e-04
-1.065703345784708902e-03
-1.020757388026455326e-03
-8.552224082746834755e-04
-9.497060888804224757e-04
-9.937705802671083916e-04
-1.098547813727456142e-03
-1.086090109675444783e-03
-1.069043595816029967e-03
-9.693665498608538319e-04
-1.034527504814807073e-03
-1.045783659165366170e-03
-1.060015505617501515e-03
-1.022759027842739220e-03
-9.966640562488666456e-04
-9.776395962699242596e-04
-9.471691903549712445e-04
-6.688123193860925171e-04
-6.856417791439337961e-04
-8.227112766131474851e-04
-2.077890022657308960e-04
-2.524066384249080411e-04
-3.310801125375044157e-04
-4.262964051351825624e-04
-4.435936455468200397e-04
-5.593849176486902263e-04
-7.086774193817473824e-19
0.000000000000000000e+00
-1.397865595458952200e-04
-1.144916162955948377e-04
-1.125995339701651868e-04
-5.606501072723654228e-05
-1.714148921035334291e-04
-4.051702907531540276e-04
-4.406392443419959032e-04
-3.827014605196008001e-04
-2.408853511276740642e-04
-3.003188210092978122e-04
-2.374260717800271260e-04
-1.012957093134323697e-03
-8.228002007740426241e-04
-8.864880174140775046e-04
-8.247483149141079592e-04
-7.586296269034779449e-04
-5.637717315735805979e-04
-5.725931668485491214e-04
-6.291858806752232726e-04
-5.189432100810918540e-04
-8.754174626118254449e-04
-9.562962967076041581e-04
-9.805447085803329407e-04
-8.853711000997751797e-04
-8.097852224149457677e-04
-9.261463986534061634e-04
-8.364980067561535518e-04
-9.699072015389333242e-04
-1.034446840510360593e-03
-1.034499473889917247e-03
-1.022519435427171695e-03
-9.703357916562365629e-04
-9.577238346125901448e-04
-8.545338792282728552e-04
-9.467406261831598545e-04
-9.321438217077219080e-04
-8.374982133658925507e-04
-9.232238324992552217e-04
-9.117928750750126966e-04
-8.271343216362212229e-04
-9.063144277373892058e-04
-8.990291142512337732e-04
-7.886186541782233550e-04
-5.445738793080695181e-04
-9.745556586201095640e-05
-3.132910044798082271e-04
0.000000000000000000e+00
-5.580956339149728031e-05
0.000000000000000000e+00
-1.731489554930597306e-04
-3.222777502956460788e-04
-4.839069397950391919e-04
-1.768242610239063872e-04
-9.601501812988248036e-04
-8.962839525818598520e-04
-6.861617254692203068e-04
-7.539042590937031002e-04
-6.907207270972707657e-04
-6.242743537048884780e-04
-8.471177038435013726e-04
-6.299578774194613054e-04
-7.475249641228215707e-04
-7.723947302081708710e-04
-6.289744548708970512e-04
-7.443961015008476907e-04
-7.233597702518304411e-04
-8.218849135767758007e-04
-8.960746589403656643e-04
-8.965221462727027916e-04
-8.678036777951371808e-04
-8.480161814631348221e-04
-8.338690760307599162e-04
-8.257222232964820871e-04
-6.542434615641894201e-04
-4.023562040888360898e-04
-4.147892602338661291e-04
-5.315663870833433778e-04
0.000000000000000000e+00
-6.948281505052194780e-19
-9.733510677320100085e-05
-1.918738853979945697e-04
-2.000997740664442123e-04
-3.043656625867302915e-04
-1.203455071040817627e-04
-5.863245260349956385e-05
-1.174004394589997155e-04
-2.567546617378916305e-04
-2.489633064398902762e-04
-3.302907019806317285e-04
-5.442802230168413899e-04
-5.542349354029198552e-04
-4.736870912307386550e-04
-1.794897367698797676e-04
-8.228508336601624657e-04
-7.538470476756930182e-04
-6.145361220348065758e-04
-6.639104263193966460e-04
-7.724262410362748091e-04
-7.388481829358342981e-04
-6.367625668780166684e-04
-6.528930441515657431e-04
-6.813908543652396135e-04
-7.796919294345058121e-04
-7.699514254449844192e-04
-6.778087127645036816e-04
-7.674270911826640632e-04
-7.592079400888509730e-04
-6.751982648226066697e-04
-7.572952934058315919e-04
-7.524142576222398078e-04
-6.796889922617480430e-04
-7.531799344729251267e-04
-7.508166256940002623e-04
-5.169113461474241986e-04
-2.930473103044767226e-04
-8.999077405375842452e-05
0.000000000000000000e+00
-5.820865254572635261e-05
0.000000000000000000e+00
-3.959775841110641436e-04
-3.254392590435247617e-04
-4.008132016370003631e-04
-1.876361914780274752e-04
-4.693539936090313598e-04
-6.827766273996179998e-04
-6.110271451028629827e-04
-6.768078547198116100e-04
-3.836351233004521057e-04
-5.094326615108285203e-04
-5.081587976613457028e-04
-4.767143388209158124e-04
-5.712616699053594746e-04
-5.525505461994794851e-04
-6.829471171191575174e-04
-6.790144858062502906e-04
-6.784692858561198201e-04
-3.951394936264797245e-04
-1.781174499892517957e-04
-1.850638197556254277e-04
-2.859126160202960084e-04
0.000000000000000000e+00
0.000000000000000000e+00
-9.005178608376579767e-05
-1.330262635553377745e-04
-1.268741618930987721e-04
-6.479745570509896457e-05
-2.671379890548690114e-04
-2.622902212970777604e-04
-3.308039136729751251e-04
-1.942898117725000461e-04
-5.299643933817217928e-04
-5.371559738915933357e-04
-4.615674914042566628e-04
-6.036244786805912378e-04
-4.920022318994823202e-04
-5.798968001240424261e-04
-5.893672715749625340e-04
-4.305860719326175777e-04
-4.870658555162954602e-04
-5.084248569065430608e-04
-5.954831739964210622e-04
-5.967218933765373878e-04
-5.147817063183752779e-04
-5.968104301457277661e-04
-5.976334796102700936e-04
-6.022392031435844922e-04
-2.784003021397413852e-04
-8.382853978571417101e-05
0.000000000000000000e+00
-6.530182280880874809e-05
0.000000000000000000e+00
-1.995666532204534022e-04
-3.782179861089984135e-04
-3.876475414125891018e-04
-3.215440403594757406e-04
-4.529175335578808749e-04
-5.047262674712301063e-04
-3.123341725540654864e-04
-3.484602940472016075e-04
-3.939195884610673711e-04
-4.033638962004232331e-04
-5.153248048010037816e-04
-5.238388479429159639e-04
-1.488988352894862429e-04
-2.627840938246935217e-04
-1.627891084369902791e-04
0.000000000000000000e+00
0.000000000000000000e+00
-8.437176924308131126e-05
-9.759707863542027226e-05
-4.747814218284025100e-05
-1.158017222295231602e-04
-2.246573989525440292e-04
-2.464496295667708246e-04
-1.777018753394005168e-04
-3.003675219822874234e-04
-4.464998462136834847e-04
-3.270710626031760743e-04
-4.211186244365160061e-04
-4.120876229794425555e-04
-2.281808761454588372e-04
-3.230145514785428933e-04
-3.569356232610809395e-04
-4.320646290731416841e-04
-4.358963781105303689e-04
-7.046529769329545380e-05
0.000000000000000000e+00
-4.777336880228588885e-05
0.000000000000000000e+00
-1.601568199905477417e-04
-3.676145180058478998e-04
-2.884142246202402345e-04
-3.445819605722002859e-04
-1.441153528473062759e-04
-1.478399351961049151e-04
-2.262274027672824851e-04
-2.375996001311476979e-04
0.000000000000000000e+00
0.000000000000000000e+00
-7.085587815993489103e-05
-7.952078345062688070e-05
-3.922484826780661248e-05
-8.936899809662297162e-05
-2.010397844764048132e-04
-2.127802115002520780e-04
-1.473071684687950710e-04
-2.762367336741000049e-04
-2.632837304579961797e-04
-7.044862211360036774e-05
-1.732437137698689556e-04
3.436996543846465579e-06
-3.804189345339020756e-05
0.000000000000000000e+00
-1.399783617322717614e-04
0.000000000000000000e+00
-7.033917815172947147e-05
-1.118180681489661446e-04
