-1.029503188217756326e-02
-1.021890484145815403e-02
-1.014525190301729385e-02
-1.037202735493414352e-02
-1.033392229267876550e-02
-1.025712015871682592e-02
-1.018199729596663827e-02
-1.007553125695587193e-02
-1.011019669882512462e-02
-1.044987043877432242e-02
-1.041070315647241173e-02
-1.037647888775550253e-02
-1.037430855257531759e-02
-1.033594132189036285e-02
-1.030808921339265716e-02
-1.030161076298974354e-02
-1.026355968107989236e-02
-1.023981475098112437e-02
-1.022938661600586441e-02
-1.019253679779130728e-02
-1.016979174077142778e-02
-1.015751096591016589e-02
-1.012262675592712213e-02
-1.001150745648071716e-02
-1.043319843455536855e-02
-1.044042735021744051e-02
-1.040246428347280094e-02
-1.004324672026546406e-02
-1.040463980268668820e-02
-1.034248731432324542e-02
-1.027402376987823773e-02
-1.020481469654793694e-02
-1.010134177885352313e-02
-1.013550286525416455e-02
-1.008847262596057615e-02
-1.052231544197296254e-02
-1.048631010416700704e-02
-9.954794466848271295e-03
-9.982498944207995883e-03
-1.051289299984953240e-02
-1.047308506142385909e-02
-1.048107289324573532e-02
-1.005640228741883080e-02
-1.044748548716600833e-02
-1.044018518749062485e-02
-1.041190927991325621e-02
-1.038832235019648831e-02
-1.038239391033068948e-02
-1.034825337635975062e-02
-1.032393481318638617e-02
-1.028185855542806948e-02
-1.031602123748875943e-02
-1.025951663221824628e-02
-1.024967315087405018e-02
-1.021468525264973559e-02
-1.019228380652520416e-02
-1.014689869134893785e-02
-1.018108216508767372e-02
-1.059430087724710923e-02
-1.055857416100097756e-02
-1.051762052210081233e-02
-9.906086732297314512e-03
-9.865127709136556344e-03
-9.929115114726050351e-03
-1.003470225288100037e-02
-1.002309614241359004e-02
-9.994804971100557101e-03
-1.048002825612970312e-02
-1.006812380907318172e-02
-1.041780556012661396e-02
-1.035618946610245006e-02
-1.029173444534592363e-02
-1.022600021510017276e-02
-1.011804967520374410e-02
-1.010956215480202092e-02
-1.015525864780214560e-02
-1.058031929239588997e-02
-1.058661701744295636e-02
-1.055182579703534129e-02
-1.054718679120841829e-02
-9.833974561326563890e-03
-9.884023381137363451e-03
-9.848278239468211126e-03
-1.002968612305071838e-02
-9.991671576317195935e-03
-9.967419373727692822e-03
-1.003173203817625536e-02
-1.052244661454759811e-02
-1.048494098074043146e-02
-1.051773750442497324e-02
-1.007652002040682060e-02
-1.046384926727567111e-02
-1.042607281274454678e-02
-1.045564396504922167e-02
-1.040482174979656671e-02
-1.036439689100859818e-02
-1.039656772983377220e-02
-1.034409900532778925e-02
-1.030185519153625773e-02
-1.033403859116877044e-02
-1.027930555347089658e-02
-1.023584588073483959e-02
-1.026941861727115324e-02
-1.021029265833700572e-02
-1.016405906977119189e-02
-1.020125279657185802e-02
-1.065789213316498119e-02
-1.062624059258732157e-02
-1.064270797749888864e-02
-1.061790661801848001e-02
-1.061167061579149085e-02
-1.057983305318854761e-02
-1.054655003749371822e-02
-1.058016232701114445e-02
-9.811433515234779801e-03
-9.822033705302324336e-03
-9.973228264184952341e-03
-9.939285424363009103e-03
-9.918680999723927805e-03
-9.928649075868267726e-03
-9.896278523557122675e-03
-9.880727851435788800e-03
-1.000075593904364846e-02
-1.007383763205599303e-02
-1.055131080537369259e-02
-1.049312737651730831e-02
-1.043433039619173774e-02
-1.037450121477229148e-02
-1.031177091327395434e-02
-1.024483632328199167e-02
-1.014198232414575962e-02
-1.013001851574130141e-02
-1.017612286597829874e-02
-1.071672601627554622e-02
-1.076826736628272441e-02
-1.068812148301906406e-02
-1.064984106088356919e-02
-1.063459297962315864e-02
-1.060773756013860813e-02
-1.063815375607668479e-02
-1.060751539585658154e-02
-9.919315505961701085e-03
-9.875921869230863681e-03
-9.865339473865031295e-03
-9.949869946616840544e-03
-9.922671692967344192e-03
-1.007503635151457688e-02
-1.002396405558692027e-02
-1.005232271204631322e-02
-1.008579632445222307e-02
-1.058593736091645310e-02
-1.058294269300036339e-02
-1.055428601648045195e-02
-1.053252785261038493e-02
-1.049816886462701104e-02
-1.052750035284866215e-02
-1.047913578094217257e-02
-1.044201936513095008e-02
-1.047150367884208677e-02
-1.042189862109094145e-02
-1.038301701172877900e-02
-1.041336567859435513e-02
-1.036309388972139756e-02
-1.035360278231861608e-02
-1.032122165061993835e-02
-1.030114524104186469e-02
-1.025570070769082909e-02
-1.029021696206317005e-02
-1.023805752654682877e-02
-1.019002399306595530e-02
-1.022415757691580440e-02
-1.074322370727692766e-02
-1.081306560043293619e-02
-1.079065996911365843e-02
-1.069424805093632802e-02
-1.070555998484407079e-02
-1.067671621090171552e-02
-1.066859903045636049e-02
-1.068409323892216545e-02
-1.065953796938878817e-02
-1.066312612146580463e-02
-1.063621085764293595e-02
-1.060815026096001423e-02
-1.063545578485736165e-02
-9.801484713669317284e-03
-9.805671412650984742e-03
-9.904485541504970403e-03
-9.911019485613903335e-03
-9.858687915894670528e-03
-1.002099777609671838e-02
-9.974931867988201528e-03
-9.997075151802536919e-03
-1.002548090437160866e-02
-9.971837836021069101e-03
-9.976454708702620078e-03
-1.010841201051054794e-02
-1.004794375210993351e-02
-1.061122968567079772e-02
-1.055934344120351698e-02
-1.050584607640642210e-02
-1.045056965507262792e-02
-1.039252408767499247e-02
-1.033213025796347884e-02
-1.026955949488300712e-02
-1.017337292652731318e-02
-1.015769586973691574e-02
-1.020567494750834747e-02
-1.074342282827595030e-02
-1.075578179611558216e-02
-1.073071723540941491e-02
-1.078596689727406854e-02
-1.079887424871678325e-02
-1.077778264790835161e-02
-1.071940530546799941e-02
-1.068899543954682230e-02
-1.068305312699802112e-02
-1.065897019398670542e-02
-1.068344396631759619e-02
-1.065980796772320049e-02
-9.799892202471127689e-03
-9.799276585664373762e-03
-9.852967357400432835e-03
-9.989313668135602065e-03
-9.954191371052856230e-03
-9.947561841044116893e-03
-1.002276399322804545e-02
-1.000682533750163472e-02
-1.012416687553813199e-02
-1.010713697380805076e-02
-1.006414448405301698e-02
-1.009103670338812320e-02
-1.064086990381352127e-02
-1.061348886896590349e-02
-1.063857730686007530e-02
-1.059400568466623005e-02
-1.056332149076749660e-02
-1.059000131711407278e-02
-1.054500923375684129e-02
-1.051211232083804070e-02
-1.053878726521689790e-02
-1.049339564586770912e-02
-1.045766932730002319e-02
-1.048627594160284060e-02
-1.043954714569717002e-02
-1.040132649638703111e-02
-1.043072498275354754e-02
-1.038362689472271949e-02
-1.034237288250849929e-02
-1.037335387962595723e-02
-1.032578879896567381e-02
-1.031345135668132462e-02
-1.028188952414410551e-02
-1.026617901784399045e-02
-1.021974861044394611e-02
-1.025209443223412675e-02
-1.076530125715530195e-02
-1.082293372001580378e-02
-1.080459526493066091e-02
-1.081754185311556427e-02
-1.084796695191064808e-02
-1.082991531081267667e-02
-1.072135824079023525e-02
-1.073202173480924948e-02
-1.070782676988069060e-02
-1.070250272634892807e-02
-1.072553095355632813e-02
-1.070495050912251278e-02
-1.070455402637199294e-02
-1.068476500397874673e-02
-1.066058168518607685e-02
-1.068395460603649427e-02
-9.806640197204785636e-03
-9.802616341416769963e-03
-9.897683392939116143e-03
-9.848885538203844270e-03
-9.848070425416244333e-03
-9.900364515361859130e-03
-1.000457884466182668e-02
-9.954797558252959089e-03
-9.996536539596589943e-03
-1.006616566994683604e-02
-1.007981151048836788e-02
-1.003457290207954156e-02
-1.005262241209181617e-02
-1.014019719629682958e-02
-1.066293872034440593e-02
-1.061754017525567972e-02
-1.056956856007112977e-02
-1.051925393600994241e-02
-1.046649415130457283e-02
-1.041158492398941426e-02
-1.035467555854668875e-02
-1.029592569240062039e-02
-1.020486996127650814e-02
-1.018914237881457518e-02
-1.023547104807281949e-02
-1.076401674219512605e-02
-1.075418916359116572e-02
-1.077472031711013134e-02
-1.083440986285510998e-02
-1.079900903578068228e-02
-1.081032277369159411e-02
-1.079273092584404070e-02
-1.074266774921184275e-02
-1.072349385999737947e-02
-1.072552309893659572e-02
-1.072563620535971207e-02
-1.070438861427003285e-02
-1.070528299192996524e-02
-9.824947974953146534e-03
-9.898768447460182252e-03
-9.848884805588598024e-03
-9.853036925895675147e-03
-9.815351326258603404e-03
-9.897055976556878854e-03
-9.950605557443648053e-03
-1.004198529933558737e-02
-1.014220286120753878e-02
-1.008373774063570094e-02
-1.012462867357477592e-02
-1.011084450764820897e-02
-1.015596509987359841e-02
-1.068753346411099869e-02
-1.066426865191966167e-02
-1.068618106974350557e-02
-1.064657031979004964e-02
-1.062034200671424511e-02
-1.064374600497008938e-02
-1.060294202311629075e-02
-1.059849256313710741e-02
-1.057400959241633354e-02
-1.055691570687466996e-02
-1.055097283549732978e-02
-1.052517759452187285e-02
-1.050854031535303212e-02
-1.047404875396379387e-02
-1.050097074540778941e-02
-1.045800127489343589e-02
-1.042080266531042465e-02
-1.044876900242469597e-02
-1.040544364202938832e-02
-1.036558658175557035e-02
-1.039452179125210929e-02
-1.035100593922416712e-02
-1.030854549357718142e-02
-1.033837564470857506e-02
-1.029481862246067747e-02
-1.024981238548705598e-02
-1.028046874436461255e-02
-1.087332339163143979e-02
-1.078168843299637247e-02
-1.085030354657046114e-02
-1.084864511117361596e-02
-1.083602175967196546e-02
-1.082560052733461120e-02
-1.081198893073537226e-02
-1.082397627962555786e-02
-1.086053039264517350e-02
-1.074479621958845943e-02
-1.076346573228181835e-02
-1.074456874517976113e-02
-1.074451631846390365e-02
-1.072570462313998663e-02
-1.070531543716585210e-02
-1.072565214466192351e-02
-9.849746707697504267e-03
-9.836885775918347008e-03
-9.914951488299850180e-03
-9.906560557431387526e-03
-9.861368194676367605e-03
-9.870041142075014484e-03
-9.971394809056344233e-03
-9.934381893419330645e-03
-9.935160007902454904e-03
-9.987425633752600174e-03
-1.011782669369076793e-02
-1.006105395918283074e-02
-1.009875810111443561e-02
-1.017345015972176414e-02
-1.017767944139741365e-02
-1.012862739450948180e-02
-1.015989003382467004e-02
-1.070672770442937516e-02
-1.066714049730604907e-02
-1.062482395878971975e-02
-1.057997221178408331e-02
-1.053274982525709280e-02
-1.048326830262424902e-02
-1.043169516168540589e-02
-1.037817187445638778e-02
-1.032283361189828552e-02
-1.023700457395426699e-02
-1.022093166341148107e-02
-1.026580661048642762e-02
-1.089162092588580322e-02
-1.088242224105145928e-02
-1.079751490667607561e-02
-1.078088573064628353e-02
-1.079824545002389113e-02
-1.086121311531806910e-02
-1.083706379171928136e-02
-1.081125123532922228e-02
-1.076372715409867897e-02
-1.076091491598857308e-02
-1.074330718899119130e-02
-1.076216558847481464e-02
-1.074343543365235965e-02
-9.929667853842027991e-03
-9.876719157840829766e-03
-9.889495034823059250e-03
-9.883332371972752828e-03
-9.866519865918577104e-03
-9.995967755804524568e-03
-9.947209456320216248e-03
-9.955920623999470198e-03
-9.921833061561080580e-03
-9.983583907404003366e-03
-1.006014909761260290e-02
-1.001575045060187907e-02
-1.003233547950521665e-02
-1.008879117518163282e-02
-1.014758151839478817e-02
-1.018952012309820576e-02
-1.020720992935642002e-02
-1.072660296902294697e-02
-1.070712679849694648e-02
-1.072618235403999254e-02
-1.069121944183459849e-02
-1.066894131921553024e-02
-1.068939896167814263e-02
-1.065315706950159536e-02
-1.064987998993655038e-02
-1.062808232952028309e-02
-1.061257878339022520e-02
-1.058476624288201551e-02
-1.060776988186112879e-02
-1.056961450372578826e-02
-1.053908170324197036e-02
-1.056326760826947764e-02
-1.052440906524687581e-02
-1.049119411273380376e-02
-1.051646996025079606e-02
-1.047709743614866351e-02
-1.046753720942095178e-02
-1.044124364474990907e-02
-1.042780891578742875e-02
-1.041660648535236433e-02
-1.038936424527825420e-02
-1.037666630857636552e-02
-1.036380863283736797e-02
-1.033568272911611352e-02
-1.032378509429326963e-02
-1.028031827293379719e-02
-1.030926652525104847e-02
-1.086999846667480174e-02
-1.088040915005844544e-02
-1.087212929268288608e-02
-1.078056114605618898e-02
-1.086011557330057720e-02
-1.084939902857129379e-02
-1.083772356631174105e-02
-1.084978699707633831e-02
-1.082220964426977572e-02
-1.080997049490861617e-02
-1.082391843572733103e-02
-1.079307101763138377e-02
-1.077713158272619598e-02
-1.077828527437235673e-02
-1.075916127889919860e-02
-1.074250262639930842e-02
-1.076007176278287458e-02
-9.952583793630120912e-03
-9.901406557680236808e-03
-9.940534167747705485e-03
-9.918135592037469195e-03
-1.002540847383265321e-02
-9.970231813155705503e-03
-1.001016610380961458e-02
-9.976896502148890900e-03
-1.002805403150325292e-02
-1.015592782347535250e-02
-1.010790103328196299e-02
-1.013681376790259714e-02
-1.021339022108408434e-02
-1.019548374532819324e-02
-1.016549837817337654e-02
-1.026927349576806092e-02
-1.022338143740664229e-02
-1.025309554215614316e-02
-1.074297639740529053e-02
-1.070898850074780695e-02
-1.067224753979922891e-02
-1.063290702182562164e-02
-1.059111560364844884e-02
-1.054700903943178725e-02
-1.050072803664897636e-02
-1.045240472402453324e-02
-1.040216541164162845e-02
-1.035012928666595444e-02
-1.029640814276389094e-02
-1.090037479902250528e-02
-1.089568627948384050e-02
-1.088423846761971125e-02
-1.088764399887431900e-02
-1.087735316633037241e-02
-1.079533620979583608e-02
-1.085959938321057194e-02
-1.083600467406203860e-02
-1.080781227307958670e-02
-1.078874411214092444e-02
-1.077490833484895383e-02
-1.079094599388452647e-02
-1.077406126120722396e-02
-1.000523351834825547e-02
-9.967218058507143486e-03
-9.978966479516238053e-03
-9.923772402442632146e-03
-9.903514528904200365e-03
-9.982395631062290775e-03
-9.967442249304181434e-03
-9.932842996354440679e-03
-1.009802013647737029e-02
-1.006133953932647485e-02
-1.004695609965411407e-02
-1.001453624881010196e-02
-1.007902712012687108e-02
-1.012678893976376449e-02
-1.018449244761804318e-02
-1.024118470582879858e-02
-1.075819902869540323e-02
-1.074245031259951633e-02
-1.075870456782607176e-02
-1.072829137364905705e-02
-1.072746651260886308e-02
-1.070979435258950785e-02
-1.069567874246724060e-02
-1.067444560440511392e-02
-1.069346296318701706e-02
-1.066049729519924494e-02
-1.063655344540836989e-02
-1.065683521263366407e-02
-1.062288026730334733e-02
-1.059624991453744780e-02
-1.061773136104365856e-02
-1.058295709919315764e-02
-1.055367198069667722e-02
-1.057628118260017791e-02
-1.054085268523635710e-02
-1.053261955260975657e-02
-1.050894973448945890e-02
-1.049668691086813599e-02
-1.046220783706369728e-02
-1.048687393409103441e-02
-1.045057397537224597e-02
-1.041356491478095947e-02
-1.043916612908474262e-02
-1.040262171812855740e-02
-1.036313269246724733e-02
-1.038961149250733351e-02
-1.035293112243940161e-02
-1.031101560222896785e-02
-1.033831824594899640e-02
-1.089175128166036677e-02
-1.086817961220482021e-02
-1.087583452023405117e-02
-1.086944437874298730e-02
-1.085935058313447499e-02
-1.083835134118038557e-02
-1.083038149026416264e-02
-1.084395541915356143e-02
-1.081526163531382201e-02
-1.081878611569980775e-02
-1.080425974991783278e-02
-1.080212848340950105e-02
-1.078526372501464881e-02
-1.077227093625804377e-02
-1.078703295694338760e-02
-1.004003737566194765e-02
-9.996316143892514106e-03
-1.002257827854086125e-02
-9.953038828446281183e-03
-1.001122273754528891e-02
-1.013857790390843006e-02
-1.008175064338828752e-02
-1.011821474386054298e-02
-1.008768212889882276e-02
-1.004628066255691676e-02
-1.005646092905237987e-02
-1.019432617212134851e-02
-1.014603556839199783e-02
-1.017506487065694687e-02
-1.024874308123180366e-02
-1.023101270857795786e-02
-1.020221835149587308e-02
-1.030162017871949498e-02
-1.028539973358805204e-02
-1.025740281688547473e-02
-1.077181007021077441e-02
-1.074331002542006086e-02
-1.071203447752339111e-02
-1.067812067687268218e-02
-1.064170344612125341e-02
-1.060291428786397372e-02
-1.056188046435241334e-02
-1.051872448688945250e-02
-1.047356353167427923e-02
-1.042650875827150214e-02
-1.037766467113154789e-02
-1.032714078937946311e-02
-1.088815950632132656e-02
-1.088596563650523485e-02
-1.089406907398854374e-02
-1.090081369697915026e-02
-1.090043987881661458e-02
-1.087380095571383043e-02
-1.087101106706911402e-02
-1.087893623656355224e-02
-1.085789502871364887e-02
-1.085380820552711567e-02
-1.086303250878317694e-02
-1.084831196507357598e-02
-1.082694197998540497e-02
-1.080934564134372611e-02
-1.079911178753534262e-02
-1.081233734752573561e-02
-1.079739547615482520e-02
-9.969903788167366887e-03
-1.002107527211132387e-02
-1.006367559568055459e-02
-9.946895932826549380e-03
-1.002591167666683214e-02
-9.974759807494792963e-03
-1.000408501841898445e-02
-1.007867745004753512e-02
-1.003044611566483724e-02
-1.005928020938023915e-02
-1.016623655700343853e-02
-1.011280263973407534e-02
-1.022135504412824414e-02
-1.027502451555251106e-02
-1.078243302894216216e-02
-1.077035510997070844e-02
-1.078386828592470259e-02
-1.075789582110153741e-02
-1.075806315797495083e-02
-1.074312430212787106e-02
-1.073063565174281475e-02
-1.071317850861613907e-02
-1.072947462834855648e-02
-1.070077659133539250e-02
-1.068064794008322105e-02
-1.069823378227352517e-02
-1.066844033281799664e-02
-1.064566015092655027e-02
-1.066446956253275236e-02
-1.063374541236961068e-02
-1.060833921350351483e-02
-1.062830791723562429e-02
-1.059680647356192607e-02
-1.056880496836898331e-02
-1.058987091215074505e-02
-1.055773369075801993e-02
-1.052717252226692546e-02
-1.054927611611505833e-02
-1.051663222077015014e-02
-1.048355163556846659e-02
-1.050663608646656977e-02
-1.047360164658633908e-02
-1.043804610067811112e-02
-1.046205775226510815e-02
-1.042873548100259340e-02
-1.039075322924593037e-02
-1.041564181986559534e-02
-1.038212078631634006e-02
-1.034177558535326336e-02
-1.036748233572171163e-02
-1.089416897347128543e-02
-1.088071023671194348e-02
-1.086593669873914259e-02
-1.089344796965197038e-02
-1.089697706104081343e-02
-1.084800727074353155e-02
-1.084325943699471217e-02
-1.085299091180108588e-02
-1.083030578559385226e-02
-1.082285848792019500e-02
-1.083436647579605339e-02
-1.081992798420744473e-02
-1.080412156686982872e-02
-1.079473903275596225e-02
-1.080675724013502315e-02
-9.995723156523361741e-03
-1.007698973845072565e-02
-1.004907435936130966e-02
-1.012846956209345617e-02
-1.008409551678079996e-02
-1.010797305760879894e-02
-9.997843646243453897e-03
-1.005210954039115201e-02
-1.010335215427821121e-02
-1.023255544452317256e-02
-1.018542419504908647e-02
-1.021337678223493972e-02
-1.017968513616118731e-02
-1.013348388958001944e-02
-1.015905337656375362e-02
-1.028396055402808207e-02
-1.023901833297291564e-02
-1.026629418496316504e-02
-1.033383795465520061e-02
-1.029118067331785680e-02
-1.031767850197606862e-02
-1.079333934085241475e-02
-1.077021543184603081e-02
-1.074430416999450077e-02
-1.071573055874225355e-02
-1.068461758953781482e-02
-1.065108551929278002e-02
-1.061525104564553512e-02
-1.057722668531613230e-02
-1.053712021482050565e-02
-1.049503412088070853e-02
-1.045106505981990841e-02
-1.040530341865619768e-02
-1.035783303302417746e-02
-1.088433580430336889e-02
-1.089233113373544448e-02
-1.088579833832131749e-02
-1.087347947070782528e-02
-1.087363161058579886e-02
-1.088070790600847992e-02
-1.086222529230052025e-02
-1.086013457538004268e-02
-1.086803164056371340e-02
-1.088849231211336255e-02
-1.083926452492628423e-02
-1.085523564812818087e-02
-1.082283511965748124e-02
-1.081614300946048823e-02
-1.082659746654995869e-02
-1.081354972233750100e-02
-1.006936185399587291e-02
-1.001973292122726455e-02
-1.004526816043277426e-02
-1.011420849270044942e-02
-1.006777354730264973e-02
-1.009525421031531867e-02
-1.015380552824118876e-02
-1.004769202928484928e-02
-1.012095081073183245e-02
-1.009975172596666582e-02
-1.007330472316486647e-02
-1.016927528278804838e-02
-1.012380474235358152e-02
-1.014878283660552993e-02
-1.020590677415977865e-02
-1.025806694809566766e-02
-1.030873082671146523e-02
-1.079940494758202529e-02
-1.079094706137129211e-02
-1.080177830573375575e-02
-1.078013241551112333e-02
-1.076903572682358368e-02
-1.078129445828207578e-02
-1.075813124788782549e-02
-1.074439756356232456e-02
-1.075802151421523245e-02
-1.073351359556407036e-02
-1.071715075462786881e-02
-1.073207843802342909e-02
-1.070638961944192502e-02
-1.068741129796496603e-02
-1.070358237827712111e-02
-1.067686679751028711e-02
-1.065529228101863568e-02
-1.067264795708144920e-02
-1.064504926430143161e-02
-1.063938654199353406e-02
-1.062090316241898202e-02
-1.061103722386586012e-02
-1.060390558731427735e-02
-1.058434919931472429e-02
-1.057492643087715178e-02
-1.054573091653121519e-02
-1.056630808846953373e-02
-1.053680770771758812e-02
-1.052669206645318045e-02
-1.050514358629756062e-02
-1.049676650394459898e-02
-1.048515006671402183e-02
-1.046267675445322620e-02
-1.045488252680587538e-02
-1.041841386473169040e-02
-1.044176872646829235e-02
-1.041122946633354918e-02
-1.037243202184695567e-02
-1.039662843977556816e-02
-1.087855461240405663e-02
-1.088598414691599459e-02
-1.087832918758241396e-02
-1.086788396585297578e-02
-1.087724477619422814e-02
-1.088039192187861826e-02
-1.088517492901558414e-02
-1.083844763548191814e-02
-1.083443369603453998e-02
-1.084325643171524245e-02
-1.085083490261629091e-02
-1.084948405654256876e-02
-1.085656164120796241e-02
-1.083072029867332420e-02
-1.081583547885206498e-02
-1.081935317918170103e-02
-1.081001194488218076e-02
-1.013566448654468211e-02
-1.010596394121737740e-02
-1.009199127441473554e-02
-1.016301252247209241e-02
-1.013846691314440607e-02
-1.011938682863455785e-02
-1.022018270341090718e-02
-1.017415900065460344e-02
-1.019985626142816404e-02
-1.009510042044770017e-02
-1.014489799417905846e-02
-1.019449974952069127e-02
-1.027029867103079752e-02
-1.022484704240611553e-02
-1.025136109501889603e-02
-1.031887982418849825e-02
-1.030136026533196025e-02
-1.027558711289144888e-02
-1.036587479935130451e-02
-1.034980316215683427e-02
-1.032480174022559760e-02
-1.078980470258228408e-02
-1.080766445498854145e-02
-1.076915805525641145e-02
-1.074583738286571943e-02
-1.071995394549385416e-02
-1.069161666922119336e-02
-1.066093146712537854e-02
-1.062800060795410229e-02
-1.059292216849277990e-02
-1.055578953553365507e-02
-1.051669094055690534e-02
-1.047570905008937681e-02
-1.043292063617867749e-02
-1.038839635674759787e-02
-1.087769339073396679e-02
-1.086695045675534210e-02
-1.087042596413156925e-02
-1.087566405290291138e-02
-1.085990430096445136e-02
-1.086110526387568109e-02
-1.086670035042192062e-02
-1.087172393273050375e-02
-1.084472689791710076e-02
-1.085544244023700644e-02
-1.082931023529720704e-02
-1.083389911410981288e-02
-1.082611029095648103e-02
-1.082262365654274028e-02
-1.014830282194556510e-02
-1.016273750956836475e-02
-1.013854691352217285e-02
-1.011615954834838016e-02
-1.020401559771239031e-02
-1.018301155183698459e-02
-1.015918671410787066e-02
-1.024501888117873571e-02
-1.014191229618199852e-02
-1.021085832541840377e-02
-1.016572160081335996e-02
-1.018996560946022756e-02
-1.025993299513794366e-02
-1.021444824102374360e-02
-1.023997915690372240e-02
-1.029439158109413111e-02
-1.034220059633894628e-02
-1.079509027740599425e-02
-1.078762309408370923e-02
-1.079725500969813679e-02
-1.080920392249851147e-02
-1.080432076231718774e-02
-1.081252955946127026e-02
-1.077825419988065470e-02
-1.076819884435137320e-02
-1.077919779260866351e-02
-1.075879606558927115e-02
-1.074615434099396305e-02
-1.075846480885206402e-02
-1.073681457711755938e-02
-1.072159407952882892e-02
-1.073516151493580928e-02
-1.071240611933443887e-02
-1.069462005611115929e-02
-1.070939121351727197e-02
-1.068566416212179959e-02
-1.068125440815242966e-02
-1.066533113706413793e-02
-1.065667871242498288e-02
-1.063382248928829155e-02
-1.065084819760070411e-02
-1.062553582355146853e-02
-1.060018507687565670e-02
-1.061826573774166116e-02
-1.059231715507691352e-02
-1.058359576257600354e-02
-1.056450520030660645e-02
-1.055709957893635753e-02
-1.052686407755265563e-02
-1.054692214517083393e-02
-1.051995484034590200e-02
-1.048733748759095308e-02
-1.050832350682773253e-02
-1.048094928752119070e-02
-1.044599549517516435e-02
-1.046787289568823498e-02
-1.044014367499956908e-02
-1.040290225826412396e-02
-1.042563755250025537e-02
-1.085717549333398146e-02
-1.086778219542866575e-02
-1.086460662149818512e-02
-1.087150066085751376e-02
-1.087060989082483387e-02
-1.086361978575578480e-02
-1.086267262680656875e-02
-1.086986162689174140e-02
-1.086525620708828077e-02
-1.083971609565631544e-02
-1.084529743307449667e-02
-1.083912240753842626e-02
-1.084694093423704819e-02
-1.084892960056105249e-02
-1.085344758944778443e-02
-1.083456869789833910e-02
-1.082049376816263120e-02
-1.082491384470690710e-02
-1.081818442596466090e-02
-1.019630822220790600e-02
-1.016555519735518054e-02
-1.022675816036988650e-02
-1.018043002443663747e-02
-1.019444093522331451e-02
-1.018360719337257914e-02
-1.024702947198813385e-02
-1.022558397337941516e-02
-1.020457633360322136e-02
-1.030744723992732537e-02
-1.026366704746728420e-02
-1.028880484005839646e-02
-1.018669566088331591e-02
-1.023514017791243846e-02
-1.028346443652944364e-02
-1.035334646832558603e-02
-1.031168843155932935e-02
-1.033605171474882845e-02
-1.039759303614945507e-02
-1.035811597991376232e-02
-1.038167874381679123e-02
-1.078668514202169026e-02
-1.080216707626968642e-02
-1.081487432114669467e-02
-1.076852947446343967e-02
-1.074779970313122224e-02
-1.072459346283577419e-02
-1.069900577259302876e-02
-1.067112846025342066e-02
-1.064104964254913854e-02
-1.060885326085714286e-02
-1.057461866384040716e-02
-1.053842023860457333e-02
-1.050032710297316152e-02
-1.046040287143057412e-02
-1.041870548976620015e-02
-1.086076314119582831e-02
-1.086328909624789674e-02
-1.085085143828712351e-02
-1.085543115962611660e-02
-1.085895877496650952e-02
-1.085093277676812962e-02
-1.085905095482081473e-02
-1.085677652134542370e-02
-1.084338810179413803e-02
-1.084894826629761999e-02
-1.082885814641260103e-02
-1.082910630811056985e-02
-1.083430046759992216e-02
-1.082470529248485969e-02
-1.021026009602560292e-02
-1.023594905310010184e-02
-1.025250129152333045e-02
-1.022836444371288955e-02
-1.020778241724273894e-02
-1.029189845399264280e-02
-1.026953248253831275e-02
-1.024808923262487959e-02
-1.033019380660410436e-02
-1.023177557877957833e-02
-1.029883777134599221e-02
-1.025467931071510908e-02
-1.027930895477341400e-02
-1.034389819276221312e-02
-1.030176494473294957e-02
-1.032560396532811176e-02
-1.037528711824348138e-02
-1.079108294268571466e-02
-1.078466597457033993e-02
-1.079308727611361096e-02
-1.080284774186668351e-02
-1.079897020767089932e-02
-1.080602858460188997e-02
-1.081190762647071812e-02
-1.081055972303301971e-02
-1.081620508834763017e-02
-1.077670209002079549e-02
-1.076774169159055994e-02
-1.077747629925279726e-02
-1.075979256586417909e-02
-1.074829045444802844e-02
-1.075928955765770301e-02
-1.074043970229121570e-02
-1.072640317612427729e-02
-1.073861909397100245e-02
-1.071872624171116284e-02
-1.070216801753332003e-02
-1.071555449718103459e-02
-1.069473183869873445e-02
-1.067566986320156452e-02
-1.069018235428437213e-02
-1.066853260885919363e-02
-1.064698984995599007e-02
-1.066258575052086988e-02
-1.064020072659549454e-02
-1.063284382301815656e-02
-1.061620494592707686e-02
-1.060980407073425225e-02
-1.060103136344359154e-02
-1.058338757596910540e-02
-1.057740591998407309e-02
-1.054860529873197228e-02
-1.056721846825448008e-02
-1.054306470398641560e-02
-1.051192054583871549e-02
-1.053147024404577081e-02
-1.050683381371403380e-02
-1.047339042889355865e-02
-1.049384657741170290e-02
-1.046876146542269348e-02
-1.043306660954279597e-02
-1.045440196916547215e-02
-1.082903560695380740e-02
-1.084307381203997167e-02
-1.083619990071943429e-02
-1.085065920378353033e-02
-1.084678882011469447e-02
-1.084694141317354976e-02
-1.085480332214028287e-02
-1.085581377926619906e-02
-1.085102414987704211e-02
-1.084896110836341965e-02
-1.083419531772383815e-02
-1.084058241812990708e-02
-1.083697908589364989e-02
-1.083640187746565120e-02
-1.084364243200464095e-02
-1.084169492693087822e-02
-1.083155828633980411e-02
-1.081817282972763472e-02
-1.081933891404973647e-02
-1.082352105409456478e-02
-1.025812501315342962e-02
-1.022672933814378071e-02
-1.028552366362267545e-02
-1.025568573393775829e-02
-1.024023887706959624e-02
-1.031650240460224577e-02
-1.027095390970217403e-02
-1.028118221150120526e-02
-1.027245263006715259e-02
-1.030383542767593363e-02
-1.038725868389350770e-02
-1.034721643077601838e-02
-1.037024025338550981e-02
-1.027559669879213322e-02
-1.032114157253510855e-02
-1.036537256989039646e-02
-1.042889058440893413e-02
-1.039099514906882682e-02
-1.041318541917135576e-02
-1.078388518940243124e-02
-1.079696392346435330e-02
-1.080738068451730927e-02
-1.081504609850814091e-02
-1.076823267522325489e-02
-1.075009281378919157e-02
-1.072954971954342973e-02
-1.070668466786678374e-02
-1.068157561913901654e-02
-1.065429679172946731e-02
-1.062491828350964340e-02
-1.059350574142925439e-02
-1.056012008319151541e-02
-1.052481727688098223e-02
-1.048764817889030754e-02
-1.044865841660769235e-02
-1.083268733958414609e-02
-1.084172971266822438e-02
-1.083543009692872205e-02
-1.084316225812981260e-02
-1.084318610911177982e-02
-1.083154553619175564e-02
-1.084118483479484807e-02
-1.083914735937718810e-02
-1.083533138687320374e-02
-1.083594005100435576e-02
-1.082155313446553357e-02
-1.082788049648036877e-02
-1.082521183741963489e-02
-1.081987014701474292e-02
-1.027065797036741390e-02
-1.029992601974355493e-02
-1.033647897513984004e-02
-1.031428117603883088e-02
-1.029465065399592927e-02
-1.037342035883798141e-02
-1.034478622691431537e-02
-1.033284048298538371e-02
-1.040788826750166374e-02
-1.031774687742920138e-02
-1.037956107105297843e-02
-1.033904884892494769e-02
-1.036166142348410313e-02
-1.042052578219432313e-02
-1.038207460865453458e-02
-1.040382971047981719e-02
-1.078729968680403051e-02
-1.078918616373730766e-02
-1.078198591907048032e-02
-1.079668533908262340e-02
-1.079976309544611324e-02
-1.079387217079136319e-02
-1.080347205611253969e-02
-1.080314993485009811e-02
-1.080768767792106289e-02
-1.080758216881166911e-02
-1.080973590970996101e-02
-1.081287617667509027e-02
-1.077539137425798099e-02
-1.077603947027655495e-02
-1.076757305011410981e-02
-1.076103479123374784e-02
-1.076040392172322724e-02
-1.075071346926426141e-02
-1.074430196685305372e-02
-1.073148460773065693e-02
-1.074235821986285755e-02
-1.072526212460850337e-02
-1.070996094985421365e-02
-1.072197836869503984e-02
-1.070398127680699529e-02
-1.068621360410865195e-02
-1.069933722225829831e-02
-1.068052186302442808e-02
-1.067450407808018253e-02
-1.066030992084504581e-02
-1.065494243395065377e-02
-1.064754431790337907e-02
-1.063231315677587441e-02
-1.062729738218737285e-02
-1.060228218757930385e-02
-1.061851909566841057e-02
-1.059763672207086893e-02
-1.057027127265525168e-02
-1.058748507482193402e-02
-1.056600592028023033e-02
-1.053632987543073884e-02
-1.055449421898990714e-02
-1.053244577471790233e-02
-1.051959363705101680e-02
-1.050050253564582814e-02
-1.049699233108497554e-02
-1.048282547513712526e-02
-1.046282877186638371e-02
-1.079525419846089074e-02
-1.081220084421419259e-02
-1.081028382696946899e-02
-1.082348580871628219e-02
-1.081989622964574238e-02
-1.082634807935667354e-02
-1.083114413356056627e-02
-1.083632037445181329e-02
-1.083345291621395923e-02
-1.082842481550028157e-02
-1.082195934348456623e-02
-1.082918687807599145e-02
-1.082808288146763775e-02
-1.081930902718070131e-02
-1.082737549066842275e-02
-1.082785812585068674e-02
-1.082176288885017268e-02
-1.080893709022973104e-02
-1.081354589018374002e-02
-1.081524417280949057e-02
-1.032041850989351417e-02
-1.028873450937906053e-02
-1.034093720226397783e-02
-1.031283258927007118e-02
-1.029891080140998838e-02
-1.036912854165278342e-02
-1.032691494626530870e-02
-1.034268504903929076e-02
-1.035520256974381548e-02
-1.040962388236782443e-02
-1.036284205321075236e-02
-1.039158893857755617e-02
-1.045967683269072301e-02
-1.044422683179574429e-02
-1.042334298765257294e-02
-1.035795582495424583e-02
-1.039983706915803552e-02
-1.043991345808270577e-02
-1.078132084708421923e-02
-1.079197256067421229e-02
-1.080006205752570558e-02
-1.080551231120030486e-02
-1.080824514568584638e-02
-1.076818230938575427e-02
-1.075263021999139923e-02
-1.073473526903628850e-02
-1.071456513775548292e-02
-1.069218411405381541e-02
-1.066765275318903861e-02
-1.064102758456153541e-02
-1.061236086620898078e-02
-1.058170038933703427e-02
-1.054908933338261079e-02
-1.051456616619478313e-02
-1.047816457715572414e-02
-1.080301086757173845e-02
-1.081830033016539794e-02
-1.081351691172416363e-02
-1.082446096108935496e-02
-1.082251495010261300e-02
-1.080479746459744872e-02
-1.081829664431877003e-02
-1.081548682136196371e-02
-1.082063782327441492e-02
-1.081640162515895565e-02
-1.080745780908248799e-02
-1.081449522525212981e-02
-1.081470752943325397e-02
-1.080818171425401708e-02
-1.032951799534348458e-02
-1.035425490215929889e-02
-1.038900704158829402e-02
-1.041406253887872113e-02
-1.039382512188385954e-02
-1.037541721522755589e-02
-1.044792428859325772e-02
-1.042868544482644655e-02
-1.041081455058134875e-02
-1.039689099030483010e-02
-1.045306827271802463e-02
-1.041617805980549205e-02
-1.043673502825809285e-02
-1.048987267955348024e-02
-1.047471812167150018e-02
-1.045507463837325179e-02
-1.078366885311327072e-02
-1.078547421105058302e-02
-1.077950473670463705e-02
-1.079064650477323806e-02
-1.079365718511665628e-02
-1.078894991440543238e-02
-1.079511845156155836e-02
-1.079928743484032116e-02
-1.079587995919345511e-02
-1.079701926022513803e-02
-1.080229339351285178e-02
-1.080022398452123999e-02
-1.079628211596173060e-02
-1.080190971871802796e-02
-1.080260234550467491e-02
-1.077424911971075483e-02
-1.077480847818867993e-02
-1.076761346734184110e-02
-1.076244870410342225e-02
-1.075334285698015258e-02
-1.076172789836488120e-02
-1.074832639214889918e-02
-1.073675694698156269e-02
-1.074629789637632227e-02
-1.073193799904670342e-02
-1.071791668754701332e-02
-1.072858100860690778e-02
-1.071333605135288414e-02
-1.069687959735921012e-02
-1.070863652111553321e-02
-1.069256951067393269e-02
-1.067369946709612050e-02
-1.068652015047477644e-02
-1.066968354105524153e-02
-1.064842610816058022e-02
-1.066228376928624044e-02
-1.064471932169719359e-02
-1.062110514859049282e-02
-1.063597517775538570e-02
-1.061771390551752292e-02
-1.059177787739845611e-02
-1.060763792275559725e-02
-1.058870012269580441e-02
-1.056048113597457538e-02
-1.057731116501403612e-02
-1.055770652599669068e-02
-1.054502959158143405e-02
-1.052724724952297519e-02
-1.052475737629476882e-02
-1.049210399356909074e-02
-1.051082336652253701e-02
-1.075596374681836442e-02
-1.077588753758612627e-02
-1.077921460023611999e-02
-1.078738982276722380e-02
-1.079514465062186845e-02
-1.080743681667939438e-02
-1.080923930797705879e-02
-1.080306582126799864e-02
-1.081249991358007589e-02
-1.081118569173228350e-02
-1.079568446312106911e-02
-1.080748011813714715e-02
-1.080459967980806901e-02
-1.080524315471675934e-02
-1.079283927104240925e-02
-1.080014089431186042e-02
-1.080086396292928574e-02
-1.038231532526034950e-02
-1.035080116235115311e-02
-1.039728830781294633e-02
-1.035803663496565052e-02
-1.036855844514539271e-02
-1.040585820349776425e-02
-1.038739601442967286e-02
-1.037303283658358444e-02
-1.044418885072062597e-02
-1.040661201954740100e-02
-1.042690906383292315e-02
-1.043121792757062405e-02
-1.048104815436984305e-02
-1.046457910868159313e-02
-1.044522240943435154e-02
-1.043350734648984535e-02
-1.047128344585884774e-02
-1.050714497298371741e-02
-1.077891980971351638e-02
-1.078712204693232923e-02
-1.079284903106370042e-02
-1.079603618699981338e-02
-1.079661734670661621e-02
-1.079452518426915475e-02
-1.076830488023811094e-02
-1.075533740224521306e-02
-1.074007472734828106e-02
-1.072257107686197530e-02
-1.070287724390805995e-02
-1.068104033855266088e-02
-1.065710357734045433e-02
-1.063110611849088505e-02
-1.060308294288136999e-02
-1.057306477898528607e-02
-1.054107806818743720e-02
-1.076789271169847906e-02
-1.078569081151325992e-02
-1.079823709069344106e-02
-1.078215516091335369e-02
-1.079553241358355287e-02
-1.078522096094691740e-02
-1.079935609268356522e-02
-1.079503677692245089e-02
-1.079935242986329591e-02
-1.079041703530903007e-02
-1.078662257083229381e-02
-1.079701308887315303e-02
-1.079483569264427789e-02
-1.078969170035265490e-02
-1.038841313603022787e-02
-1.040061883325177350e-02
-1.042504765128349220e-02
-1.046253792680740258e-02
-1.048455371312650986e-02
-1.044944035705269725e-02
-1.046631430958833153e-02
-1.051546022928162571e-02
-1.048182166750361022e-02
-1.049820214134256080e-02
-1.046888232389076023e-02
-1.051941034373959916e-02
-1.050458585788521804e-02
-1.048611649458019990e-02
-1.055198927568451461e-02
-1.053832253516862050e-02
-1.052081907033536323e-02
-1.078013058494503573e-02
-1.078188565692977940e-02
-1.077715602677492557e-02
-1.078467265365185002e-02
-1.078413831342189821e-02
-1.078764645269364442e-02
-1.078678962916101991e-02
-1.078868609887817520e-02
-1.079094146259751419e-02
-1.078642842622629106e-02
-1.079171141440926629e-02
-1.079074100250126955e-02
-1.078353415253502368e-02
-1.078989544186975680e-02
-1.079024283598933875e-02
-1.077805049416513672e-02
-1.078713000933179122e-02
-1.078543150094063430e-02
-1.077321433872635570e-02
-1.077371635816382067e-02
-1.076779542439471049e-02
-1.076397232399850523e-02
-1.076319347426807349e-02
-1.075611013195915122e-02
-1.075245013468195676e-02
-1.074215088238417160e-02
-1.075036920869587576e-02
-1.073869027597668113e-02
-1.072596521934460201e-02
-1.073529273485029911e-02
-1.072273193037098782e-02
-1.070759724196301832e-02
-1.071800992004928732e-02
-1.070461076314244142e-02
-1.068708739085949544e-02
-1.069856308989947102e-02
-1.068435877074730422e-02
-1.066447227851319290e-02
-1.067699083612033695e-02
-1.066200417183277294e-02
-1.063978456385217264e-02
-1.065332786830719414e-02
-1.063757134050397068e-02
-1.062760490982062045e-02
-1.061305287058472713e-02
-1.061108078071520966e-02
-1.059984863675356159e-02
-1.058430174702884585e-02
-1.058254914125400514e-02
-1.055355166569027503e-02
-1.057008165773376529e-02
-1.071254234123814042e-02
-1.073480603824417123e-02
-1.075016403651973818e-02
-1.076513873893536477e-02
-1.075308157202209403e-02
-1.076810565533203867e-02
-1.077166492563652600e-02
-1.078820061499735639e-02
-1.077863432154346768e-02
-1.077840756017883761e-02
-1.077756389857070785e-02
-1.079028379022728412e-02
-1.078661425280347252e-02
-1.076559551387018532e-02
-1.078060328927138434e-02
-1.077539762982554494e-02
-1.078204871306781554e-02
-1.076992013186084396e-02
-1.078133996218555435e-02
-1.077825684065608636e-02
-1.044305279011598087e-02
-1.041216685324897195e-02
-1.045282357758692271e-02
-1.042457654293543756e-02
-1.041703055217185758e-02
-1.046920699510756059e-02
-1.043261274394530203e-02
-1.043700620264093049e-02
-1.045629033247902351e-02
-1.051151156307655876e-02
-1.049620168501746997e-02
-1.047776536977129691e-02
-1.050020887024449845e-02
-1.054571632931766700e-02
-1.053066259606139088e-02
-1.051327340808594357e-02
-1.050193015379391470e-02
-1.053553206469426406e-02
-1.056711676727450921e-02
-1.077662164577014581e-02
-1.078235315374387326e-02
-1.078568371695914907e-02
-1.078656129743749137e-02
-1.078493187003898290e-02
-1.078073979577032215e-02
-1.077392822165312847e-02
-1.076853889426288013e-02
-1.075815193978596485e-02
-1.074550487075753846e-02
-1.073063856893219370e-02
-1.071359049478193270e-02
-1.069439451400511221e-02
-1.067308076696865671e-02
-1.064967558064661146e-02
-1.062420142237208154e-02
-1.059667689403803736e-02
-1.073195033562035494e-02
-1.076104934637567290e-02
-1.075063522291352935e-02
-1.076115353495499249e-02
-1.076789526404164921e-02
-1.077152809700171465e-02
-1.075806091906011952e-02
-1.075908518281376569e-02
-1.077280964858484680e-02
-1.076830846275178555e-02
-1.076443950712152597e-02
-1.044691673177183810e-02
-1.045993948392820450e-02
-1.048993550992516344e-02
-1.052842729314223957e-02
-1.054799853586024794e-02
-1.051639400436887861e-02
-1.053179660730318989e-02
-1.057607111032399239e-02
-1.056083719205358484e-02
-1.054587927280026260e-02
-1.053376784556248058e-02
-1.057863214552040576e-02
-1.054891219799430901e-02
-1.056526139648455986e-02
-1.060691837313282315e-02
-1.059468875569052893e-02
-1.057935451181996056e-02
-1.077663699259623353e-02
-1.077488534556619859e-02
-1.077836662424552783e-02
-1.077871702467786408e-02
-1.077938405452083526e-02
-1.078167822122644282e-02
-1.077844006663375431e-02
-1.078151629734214190e-02
-1.078259840497358679e-02
-1.077576548307301874e-02
-1.078123627868537993e-02
-1.078108030515745330e-02
-1.077065045012898237e-02
-1.077849602456620870e-02
-1.077707505380481878e-02
-1.076305027143942272e-02
-1.077053213594236780e-02
-1.077324572161192373e-02
-1.075291872246836311e-02
-1.076543408174301941e-02
-1.076139977011142390e-02
-1.077223812537297931e-02
-1.076806347289577248e-02
-1.077270815953362826e-02
-1.076555583729110754e-02
-1.075895896100953486e-02
-1.076474474887695321e-02
-1.075662257242648856e-02
-1.074760930456825081e-02
-1.075451542112787484e-02
-1.074546761237604731e-02
-1.073404875508549017e-02
-1.074205607916667304e-02
-1.073211692274439466e-02
-1.071830814673657706e-02
-1.072739930611910086e-02
-1.071659303878502723e-02
-1.070041476310695794e-02
-1.071057421075521932e-02
-1.069891499190667172e-02
-1.068039224587002956e-02
-1.069160631490445601e-02
-1.067909827610036277e-02
-1.065826054455060179e-02
-1.067051748213676543e-02
-1.065715485345963831e-02
-1.063403590639089291e-02
-1.064732588711675421e-02
-1.063309319754851545e-02
-1.062204602438837631e-02
-1.060773090534683494e-02
-1.070105787923503193e-02
-1.072595196586906274e-02
-1.070685669045690069e-02
-1.066472091607245654e-02
-1.068913638730223381e-02
-1.073218848098805855e-02
-1.075191527303209771e-02
-1.074123129415988087e-02
-1.074137565334137845e-02
-1.074548717312567847e-02
-1.076147592132870034e-02
-1.075552337882151877e-02
-1.072906252505440028e-02
-1.074727654450718939e-02
-1.073983143397644335e-02
-1.075221556778138687e-02
-1.074020841508688262e-02
-1.075500873375523359e-02
-1.074962531024636903e-02
-1.050249978635003911e-02
-1.047223708769789985e-02
-1.049999082345914880e-02
-1.047604071842178630e-02
-1.047114646015534500e-02
-1.051568595764329483e-02
-1.048389338541222404e-02
-1.049230551541663337e-02
-1.054370234110124649e-02
-1.050618644519696332e-02
-1.052753035796660797e-02
-1.057479236286457125e-02
-1.054302281210683923e-02
-1.056020133493196234e-02
-1.056221317541072846e-02
-1.060356527531575166e-02
-1.057453292610638362e-02
-1.058988265882526703e-02
-1.056326963714543377e-02
-1.059262673358407625e-02
-1.061987072217368544e-02
-1.077761854839343059e-02
-1.077437794967672779e-02
-1.077851996776396648e-02
-1.077704278524238557e-02
-1.077314524430167397e-02
-1.076678355853272206e-02
-1.075791224178240801e-02
-1.074648446424830706e-02
-1.076883498405989403e-02
-1.076102360818387282e-02
-1.075097471158270590e-02
-1.073871594362152404e-02
-1.072427157922956065e-02
-1.070766242469795015e-02
-1.068890576405079340e-02
-1.066801534490408043e-02
-1.064500140271890105e-02
-1.068321951542766657e-02
-1.071688489673805478e-02
-1.070974240880528949e-02
-1.073012797707856292e-02
-1.072094814462337675e-02
-1.073719850292753630e-02
-1.071931309235624186e-02
-1.072487100709662577e-02
-1.074191663940415875e-02
-1.073515543651548665e-02
-1.073245241270315287e-02
-1.050032850209642321e-02
-1.050715194106405237e-02
-1.052928542933273537e-02
-1.055990342959878259e-02
-1.053061004036387471e-02
-1.055903506230859712e-02
-1.058901780985588292e-02
-1.060443656138387869e-02
-1.059031304429924880e-02
-1.057632106528055838e-02
-1.062979196260888104e-02
-1.061662899468318599e-02
-1.060302968592091721e-02
-1.059158985776775808e-02
-1.063077064107548209e-02
-1.060460606835927910e-02
-1.061880147791310902e-02
-1.065469448683786791e-02
-1.063071955398503521e-02
-1.064385454132316111e-02
-1.077274484174850500e-02
-1.077464580017617468e-02
-1.077571171830710162e-02
-1.077315228543945791e-02
-1.077265034015972844e-02
-1.077487526915527072e-02
-1.077003609226151459e-02
-1.077433033390934325e-02
-1.077421866112004967e-02
-1.076499795241830926e-02
-1.077167080875734984e-02
-1.077036173070283764e-02
-1.075759980930129922e-02
-1.076663158796664632e-02
-1.076410420182255523e-02
-1.074780876873443480e-02
-1.075540727242302319e-02
-1.075917480016080896e-02
-1.073558992884765528e-02
-1.074423037300037409e-02
-1.074926063453934821e-02
-1.072090667179959045e-02
-1.073684766087357190e-02
-1.073053149655317506e-02
-1.077128376258118525e-02
-1.076837434339694699e-02
-1.077174106754641425e-02
-1.076716168148939001e-02
-1.076184524841844459e-02
-1.076633803136123335e-02
-1.076080536860873904e-02
-1.075308737114594182e-02
-1.075869205209262214e-02
-1.075223095595062572e-02
-1.074882584244063466e-02
-1.074212177174416194e-02
-1.074145130618692212e-02
-1.073675882198887876e-02
-1.072896615976609569e-02
-1.072847597666215513e-02
-1.072250704202232230e-02
-1.071363483940501737e-02
-1.071331122179275397e-02
-1.070608314995458166e-02
-1.069613869390229066e-02
-1.069596003276168661e-02
-1.067648520810837720e-02
-1.068749639238808502e-02
-1.067642221288961357e-02
-1.065467852778989588e-02
-1.066675265550920404e-02
-1.066213009930244704e-02
-1.066340855596281667e-02
-1.068168874754077402e-02
-1.068631132319308730e-02
-1.069358851869001148e-02
-1.070920536187491834e-02
-1.061325585026162699e-02
-1.063961486540127011e-02
-1.069792647807232822e-02
-1.070685662478720879e-02
-1.071793303155677002e-02
-1.072610365704323998e-02
-1.068611107340239341e-02
-1.069789433191631334e-02
-1.070751326033664297e-02
-1.071576663993656364e-02
-1.070372095260130330e-02
-1.072189316138622006e-02
-1.071426743729475550e-02
-1.055435402883092566e-02
-1.052804147912728139e-02
-1.052678637264736761e-02
-1.054664819295603184e-02
-1.053115607636906370e-02
-1.052326651277690761e-02
-1.057379034875349788e-02
-1.054463714440256883e-02
-1.055875423978497318e-02
-1.055615358444056406e-02
-1.060295425680590764e-02
-1.057318176859689540e-02
-1.058881004155420857e-02
-1.063002282727187886e-02
-1.060230192589761700e-02
-1.061674868548923012e-02
-1.061726937847590202e-02
-1.065464096968127272e-02
-1.062901222142764723e-02
-1.064227276416618295e-02
-1.061756403700120366e-02
-1.064260304598907414e-02
-1.066544033722838236e-02
-1.077132355247473194e-02
-1.077288294038553085e-02
-1.077215246086060674e-02
-1.076744756848552198e-02
-1.076122562290821039e-02
-1.075262594570725039e-02
-1.074161462312045456e-02
-1.072815588223696714e-02
-1.071221237975794605e-02
-1.076915600414146690e-02
-1.076391445325436402e-02
-1.075644555230381716e-02
-1.074676381252737123e-02
-1.073488045666765034e-02
-1.072080340217868022e-02
-1.070453728226167245e-02
-1.068608350334443458e-02
-1.063813318431400257e-02
-1.067412467020073530e-02
-1.066273644638504603e-02
-1.068608646289453956e-02
-1.067441404675145700e-02
-1.069637849754778713e-02
-1.067424170094338765e-02
-1.068399345645670850e-02
-1.070435337872016612e-02
-1.069539361009652634e-02
-1.069374553506535763e-02
-1.055005932618324760e-02
-1.056020491746112455e-02
-1.058825396562818044e-02
-1.061415314564656542e-02
-1.058657122326006617e-02
-1.060928274256217607e-02
-1.058128410055780844e-02
-1.058403786186029594e-02
-1.061631487104486293e-02
-1.064219553696088560e-02
-1.065389814257111656e-02
-1.064189631483841714e-02
-1.062925664468422626e-02
-1.067664669844764491e-02
-1.066560267640326298e-02
-1.065330201268410715e-02
-1.064238207050410834e-02
-1.067585354107225548e-02
-1.065323035850934685e-02
-1.066523719555417804e-02
-1.069534309763825464e-02
-1.067494413868791403e-02
-1.068584894251595196e-02
-1.076155603102807445e-02
-1.076577455385524518e-02
-1.076709997838148913e-02
-1.076673343709139141e-02
-1.076971821856081979e-02
-1.076989431705688283e-02
-1.076965287381065339e-02
-1.077138189844462079e-02
-1.077042085354967815e-02
-1.075410522377112654e-02
-1.076201744673560556e-02
-1.075952914252681358e-02
-1.074436275915086059e-02
-1.075462354603312631e-02
-1.075095754623639488e-02
-1.073230773126654380e-02
-1.074489251116816924e-02
-1.074003286108687893e-02
-1.071791678956668381e-02
-1.072672595716495092e-02
-1.073279621435890840e-02
-1.070116436705459417e-02
-1.071100573867173056e-02
-1.071830441674115342e-02
-1.068202292652703500e-02
-1.069283941169185681e-02
-1.070138503744938463e-02
-1.077032680246670093e-02
-1.076869702753890934e-02
-1.077078449702312257e-02
-1.076876460506764888e-02
-1.076473719771753323e-02
-1.076794191256280619e-02
-1.076497251231300911e-02
-1.076286692629224717e-02
-1.075855254927821081e-02
-1.075895356861056307e-02
-1.075015103902937641e-02
-1.075556912873310011e-02
-1.075070763525032280e-02
-1.074605488381230600e-02
-1.073953737899979721e-02
-1.074023143114122281e-02
-1.073432733125051497e-02
-1.072671305805877884e-02
-1.072751860964171744e-02
-1.072038642622846760e-02
-1.071167640030568080e-02
-1.071255986954117168e-02
-1.069442265826359151e-02
-1.070422901473605526e-02
-1.063735873646248775e-02
-1.064972073396591723e-02
-1.062514545900622442e-02
-1.066162552497279536e-02
-1.055860245604323122e-02
-1.058621810922422135e-02
-1.064976163856357072e-02
-1.066168253430782586e-02
-1.067386343445381192e-02
-1.068418311823110534e-02
-1.063677486691649854e-02
-1.064973417597231409e-02
-1.066133117492051863e-02
-1.067271498455185652e-02
-1.066046324257730049e-02
-1.068200443116246179e-02
-1.067219268067026716e-02
-1.059572951216919412e-02
-1.057483953068727445e-02
-1.057097445744475950e-02
-1.058460796414739669e-02
-1.063052238702577590e-02
-1.061670536612202564e-02
-1.060222046149617015e-02
-1.061070236180988724e-02
-1.060182224355593616e-02
-1.065572905478762156e-02
-1.064283623277606505e-02
-1.062924949545163145e-02
-1.067860139739934544e-02
-1.066658477573456665e-02
-1.065422817525391030e-02
-1.066540438751933939e-02
-1.069896428068667360e-02
-1.067672945846392940e-02
-1.068785388392667901e-02
-1.066484235733777819e-02
-1.068548752420855896e-02
-1.070385011896823890e-02
-1.075775449703003650e-02
-1.076407229295511803e-02
-1.076812319508430038e-02
-1.076992115548308648e-02
-1.074915295694178763e-02
-1.073824808501500083e-02
-1.072501774647421913e-02
-1.070943747680658253e-02
-1.069148071870523742e-02
-1.067111906684686806e-02
-1.076947710071168851e-02
-1.076679884116643615e-02
-1.076189101748625809e-02
-1.075475508470202790e-02
-1.074538933428015319e-02
-1.073378895301813074e-02
-1.071994611711385437e-02
-1.059293544488365546e-02
-1.060343719105572013e-02
-1.061509348090405869e-02
-1.057613752181690847e-02
-1.060457957711558041e-02
-1.063342385869736617e-02
-1.062068173837643625e-02
-1.064908176726614419e-02
-1.062039481568638477e-02
-1.063645505268140390e-02
-1.066012762416063131e-02
-1.064902963354369403e-02
-1.064832265763610009e-02
-1.061317025887875687e-02
-1.064302579783144020e-02
-1.065550918863933383e-02
-1.063204579819931883e-02
-1.063466363449572238e-02
-1.066550996239412630e-02
-1.063944504087144249e-02
-1.065506748287842198e-02
-1.063166612527099986e-02
-1.062497796785660809e-02
-1.066704208999891268e-02
-1.068867418741598074e-02
-1.069640405399790994e-02
-1.067522633157258483e-02
-1.068656880044843716e-02
-1.071664910984049257e-02
-1.070777417350610161e-02
-1.069671529050564285e-02
-1.068616874830735641e-02
-1.071389904745306820e-02
-1.070459036158771804e-02
-1.069480796312582971e-02
-1.072888019862655584e-02
-1.071204894613470016e-02
-1.072069177197398915e-02
-1.074307868240231834e-02
-1.075226104261045590e-02
-1.074856792393297233e-02
-1.075299031475562828e-02
-1.075980910853618910e-02
-1.075725045801828594e-02
-1.076067234626715274e-02
-1.076511257436274516e-02
-1.076368115272535730e-02
-1.076612744405130995e-02
-1.076817900184207089e-02
-1.076786905773258196e-02
-1.073093169742816988e-02
-1.074245778653737382e-02
-1.073762154595409024e-02
-1.071654062995414103e-02
-1.073038584846813803e-02
-1.072439650537265754e-02
-1.069989390893733017e-02
-1.071602899070173143e-02
-1.070887534036901734e-02
-1.068097728894479292e-02
-1.069936841586577314e-02
-1.069103814354932513e-02
-1.065977403520640410e-02
-1.068038297435203177e-02
-1.067086277747447687e-02
-1.063626514364346409e-02
-1.064832512603913761e-02
-1.065904939701095566e-02
-1.076935512091137248e-02
-1.076901283539405396e-02
-1.076982015987715258e-02
-1.077035170337220515e-02
-1.076761535001935499e-02
-1.076953731294227889e-02
-1.076911033677446783e-02
-1.076702020405695404e-02
-1.076398463638045255e-02
-1.076562102841499557e-02
-1.075811562412853917e-02
-1.076226535787561112e-02
-1.075987072830919544e-02
-1.075000014274118953e-02
-1.075526617858196810e-02
-1.075184344578861140e-02
-1.073962701848774071e-02
-1.074601302864713892e-02
-1.074152039967685157e-02
-1.073449334242926323e-02
-1.072698220522427803e-02
-1.059836597543573067e-02
-1.055726820081998030e-02
-1.057552393068578178e-02
-1.055795716605528733e-02
-1.050148349081436727e-02
-1.053059340654582954e-02
-1.060991872046723739e-02
-1.062331516166292733e-02
-1.063570138167885260e-02
-1.058017856654985822e-02
-1.059195449788491450e-02
-1.060836333123721387e-02
-1.062304377990741511e-02
-1.061042962579994420e-02
-1.063534258877790739e-02
-1.062339951505547608e-02
-1.064246222993064928e-02
-1.068056815359796907e-02
-1.066809724229422773e-02
-1.065545015045088473e-02
-1.065993723345337596e-02
-1.065444453839392569e-02
-1.070188003075406291e-02
-1.067872195235258781e-02
-1.069020301022788333e-02
-1.072054586360737805e-02
-1.069951012395631285e-02
-1.070972749250925782e-02
-1.070663566274127065e-02
-1.073654189702577533e-02
-1.071769735044725280e-02
-1.072663604378765179e-02
-1.070512405679918677e-02
-1.072129717775316404e-02
-1.073511510421581994e-02
-1.073691912952629002e-02
-1.074795447219639710e-02
-1.075675616692806091e-02
-1.076332841845811794e-02
-1.076767231090081101e-02
-1.072364290175220614e-02
-1.070811564128110183e-02
-1.069032444218148692e-02
-1.067025381703001763e-02
-1.064788590084542186e-02
-1.062320070889460899e-02
-1.076978575718617881e-02
-1.076966348550612018e-02
-1.076729706356216454e-02
-1.076267496073296526e-02
-1.075578264700433051e-02
-1.074660272670940886e-02
-1.058097915102462760e-02
-1.052986275026523977e-02
-1.059487480577142593e-02
-1.055008294635717547e-02
-1.057694733842146073e-02
-1.056470566049422244e-02
-1.058224200116825164e-02
-1.060923642754202367e-02
-1.059603721061735948e-02
-1.059617626121156508e-02
-1.066741581397423477e-02
-1.069108797690793144e-02
-1.070053965349077041e-02
-1.068287820432051172e-02
-1.067775029730655412e-02
-1.068709137256806940e-02
-1.067111319086394561e-02
-1.067144400378938762e-02
-1.071333793602097240e-02
-1.068901964233326396e-02
-1.071111267815072488e-02
-1.072846183497777606e-02
-1.073196493362688075e-02
-1.072434276446193602e-02
-1.071424591147973615e-02
-1.074980211422071896e-02
-1.074314811114124302e-02
-1.073327794948192304e-02
-1.072296435378367052e-02
-1.074491535020904998e-02
-1.072935201077673817e-02
-1.073687303753367850e-02
-1.075531187127315436e-02
-1.074839316226305908e-02
-1.074204495810932025e-02
-1.071731099727979419e-02
-1.072409458211182054e-02
-1.073013218302665273e-02
-1.073192180505122550e-02
-1.074239854599562394e-02
-1.073747550217313274e-02
-1.074434156726283840e-02
-1.075245380019096419e-02
-1.074864289819460472e-02
-1.075456337286184727e-02
-1.076029581413823211e-02
-1.075759618771310322e-02
-1.076257700482791124e-02
-1.076591922543135293e-02
-1.076433159249057248e-02
-1.070051278329103850e-02
-1.070849759513897714e-02
-1.071565366356080906e-02
-1.068152759916812800e-02
-1.069895884828026000e-02
-1.069067897571557291e-02
-1.066035278067295478e-02
-1.068004062618843619e-02
-1.067063027056763813e-02
-1.063698269760504633e-02
-1.065888906514661505e-02
-1.064834029849320851e-02
-1.061140890553063931e-02
-1.062379533547647137e-02
-1.063549158089382995e-02
-1.058362023682651865e-02
-1.059697931388181580e-02
-1.060983312112373511e-02
-1.076836894764848784e-02
-1.076884210745332471e-02
-1.076931542849940415e-02
-1.077192243138597183e-02
-1.077047259931568357e-02
-1.077111750680093127e-02
-1.077321751522392068e-02
-1.076937575889824750e-02
-1.077114438836851429e-02
-1.077223120913212151e-02
-1.076600687475881557e-02
-1.076890625612308972e-02
-1.076893763210889921e-02
-1.076034499860017979e-02
-1.076438363977905155e-02
-1.076330820455834170e-02
-1.075755424941882143e-02
-1.075236643791077640e-02
-1.055335111469379861e-02
-1.050210870310491762e-02
-1.050182770508917285e-02
-1.053012355566190772e-02
-1.044208926376727353e-02
-1.047232159831512632e-02
-1.055149145344763673e-02
-1.056581941433909488e-02
-1.058058619060514571e-02
-1.051232241618615948e-02
-1.054589531080818432e-02
-1.053072512400970995e-02
-1.056669325044151675e-02
-1.055360293307000541e-02
-1.058189638658635356e-02
-1.056787229165317976e-02
-1.070565333298145738e-02
-1.069310812268253752e-02
-1.068020746273479205e-02
-1.072474252532346073e-02
-1.071328338113797241e-02
-1.070257250191625209e-02
-1.070638521251288111e-02
-1.069365121007770369e-02
-1.069635587380213249e-02
-1.074156692415578762e-02
-1.072166563123078120e-02
-1.073103361063260097e-02
-1.075585420999758401e-02
-1.074617937949068347e-02
-1.073815636791791706e-02
-1.074097010437624622e-02
-1.076736890772833632e-02
-1.075861838736691389e-02
-1.075191686766535648e-02
-1.073841851997187069e-02
-1.075003905453042474e-02
-1.075924046054943517e-02
-1.070881523242528388e-02
-1.072452805784135377e-02
-1.073805053804288701e-02
-1.074937738325681957e-02
-1.075850001329642369e-02
-1.076540654447849521e-02
-1.069091411264266878e-02
-1.067082359596266405e-02
-1.064853954515998513e-02
-1.062405493259516165e-02
-1.059735998451855066e-02
-1.056844228184994350e-02
-1.077008181547944865e-02
-1.077250745133906396e-02
-1.077266196637227669e-02
-1.077052090448399335e-02
-1.076605701492749922e-02
-1.052602251777018383e-02
-1.047262124848413745e-02
-1.053147780024343838e-02
-1.050662723988193825e-02
-1.052134516276409526e-02
-1.055166147229014140e-02
-1.053636910439403884e-02
-1.053729003089520777e-02
-1.071511521590895466e-02
-1.073307119204169879e-02
-1.075678037553440269e-02
-1.073475482480934495e-02
-1.074275513458172737e-02
-1.072138290052243592e-02
-1.072787290280668993e-02
-1.072605040438928681e-02
-1.071323430035009405e-02
-1.070647711589928219e-02
-1.071577543685425793e-02
-1.074864595993507699e-02
-1.076155585603449927e-02
-1.076058085488773575e-02
-1.075521973699289369e-02
-1.074632080906895437e-02
-1.077609765712428391e-02
-1.077171799663950713e-02
-1.076298747503362518e-02
-1.075277305273475426e-02
-1.076890025155496922e-02
-1.076208714054704974e-02
-1.075686544008047640e-02
-1.077463395741384833e-02
-1.076493308388470904e-02
-1.076895321205284528e-02
-1.068424145265822744e-02
-1.070070676699164114e-02
-1.069234741553470869e-02
-1.070351709360012338e-02
-1.071765668592128407e-02
-1.071038705462323826e-02
-1.072065023276858042e-02
-1.073243908514059930e-02
-1.072626143268906596e-02
-1.073562465842142766e-02
-1.074504238702278514e-02
-1.073996061843340843e-02
-1.074842062838654577e-02
-1.075147127894027221e-02
-1.075545159455343347e-02
-1.075901491212083450e-02
-1.076364831624920804e-02
-1.076077668356417716e-02
-1.066283598663486654e-02
-1.067214907695779313e-02
-1.068159750143587994e-02
-1.063930987904976311e-02
-1.066033371238228611e-02
-1.064979530295390164e-02
-1.061366888609455161e-02
-1.063691695782781332e-02
-1.062528616057517583e-02
-1.058591545893755592e-02
-1.059861865813221948e-02
-1.061134565973154142e-02
-1.055604886416433574e-02
-1.058361522996431603e-02
-1.056978684827963866e-02
-1.052406542134942669e-02
-1.053878181826001237e-02
-1.055371814179156820e-02
-1.076738087336154281e-02
-1.076785674908775636e-02
-1.076961082970612216e-02
-1.077348859327753594e-02
-1.077331418518728823e-02
-1.077268812342119242e-02
-1.077730503332285927e-02
-1.077473034815712438e-02
-1.077524430891735330e-02
-1.077879423613864462e-02
-1.077382837921386782e-02
-1.077549582379005999e-02
-1.077791756200863205e-02
-1.077057464890235350e-02
-1.077341039963619629e-02
-1.044857783803643247e-02
-1.047587266485189295e-02
-1.044515719493149808e-02
-1.038111320407120175e-02
-1.041216829607660710e-02
-1.048669720890782475e-02
-1.051893151491173350e-02
-1.049892568893001643e-02
-1.048037370848542427e-02
-1.050378245391769827e-02
-1.048995294424398539e-02
-1.052164415985462620e-02
-1.050559956973934339e-02
-1.074682682510852416e-02
-1.072630332619889382e-02
-1.073579868251101077e-02
-1.076204744132241986e-02
-1.074335688279576262e-02
-1.075179037126383630e-02
-1.074926657591707135e-02
-1.073409074947012654e-02
-1.073647897660678918e-02
-1.077474028063429845e-02
-1.076528579260760399e-02
-1.075812531932557325e-02
-1.078451395981622207e-02
-1.077015953649401725e-02
-1.077593137697419046e-02
-1.076840380500632133e-02
-1.079142942322891541e-02
-1.077937754807228865e-02
-1.078378887317921198e-02
-1.076472466040639953e-02
-1.077170989817444191e-02
-1.077622117582838213e-02
-1.069378191619907437e-02
-1.067343084329996916e-02
-1.071199577286030546e-02
-1.072805794486697550e-02
-1.074195042919567911e-02
-1.075365171164099909e-02
-1.076313682940249761e-02
-1.065095350597899948e-02
-1.062635739352413289e-02
-1.059964662737539198e-02
-1.057082207352577630e-02
-1.053988147570478207e-02
-1.050681958396976201e-02
-1.077037747429560044e-02
-1.077534213613379199e-02
-1.077799628507308816e-02
-1.077830259084117115e-02
-1.041515548251720213e-02
-1.045301120184571886e-02
-1.048230064867627931e-02
-1.046946453136449184e-02
-1.045037547945654177e-02
-1.045164655904989859e-02
-1.048634267824438693e-02
-1.046907804476676640e-02
-1.047058308177611918e-02
-1.075442774598078799e-02
-1.076835295360462075e-02
-1.078023098145663994e-02
-1.076831264430000434e-02
-1.076119506174444407e-02
-1.079562791084270890e-02
-1.077595442983719787e-02
-1.076567662080524235e-02
-1.075411424356165213e-02
-1.074571870373158822e-02
-1.075613902590027982e-02
-1.077959267652972564e-02
-1.078794192433629728e-02
-1.078224110225434185e-02
-1.077919036299046507e-02
-1.077144575934646520e-02
-1.079551652778426574e-02
-1.078583029010110605e-02
-1.079346619556520448e-02
-1.077558841905146281e-02
-1.078584091716122684e-02
-1.077734067921687355e-02
-1.078022414966217646e-02
-1.078683181570361249e-02
-1.078236171606861138e-02
-1.078070387025120702e-02
-1.066775590799984297e-02
-1.068556800502284965e-02
-1.067596922772406920e-02
-1.064384908729859580e-02
-1.066396858064821984e-02
-1.065330970982769632e-02
-1.068957853987934081e-02
-1.070505338777910653e-02
-1.069652145396371434e-02
-1.070929181536522945e-02
-1.071494745795631420e-02
-1.072240401653923314e-02
-1.072686673638284516e-02
-1.073122462554026990e-02
-1.073759549686148507e-02
-1.074227055047571877e-02
-1.074532669946520747e-02
-1.075059981156567535e-02
-1.075546686987693956e-02
-1.076138542179666535e-02
-1.075722386003669095e-02
-1.061787938115332786e-02
-1.064027212556312163e-02
-1.062855815133201265e-02
-1.058986422696739371e-02
-1.061449196945490892e-02
-1.060172615587146039e-02
-1.055981727706722939e-02
-1.058663783130864289e-02
-1.057282178050028554e-02
-1.052774851715537752e-02
-1.055671592455664776e-02
-1.054184964352294918e-02
-1.049366368771986746e-02
-1.050881090324551348e-02
-1.052472893198053150e-02
-1.045756569034661521e-02
-1.047370347251364020e-02
-1.049067689273674997e-02
-1.076641583306447991e-02
-1.076991740967503386e-02
-1.076688284734544920e-02
-1.077507430827223667e-02
-1.077615766184242263e-02
-1.077426712473678050e-02
-1.078139613730894064e-02
-1.077933708232914345e-02
-1.078006509222695364e-02
-1.078533241715473601e-02
-1.078205027847201070e-02
-1.078159590159971648e-02
-1.039417863922348362e-02
-1.042178836503843131e-02
-1.038754646302153528e-02
-1.031933806214413440e-02
-1.035073610242975839e-02
-1.041698233863602718e-02
-1.045133101074846582e-02
-1.043460867585349616e-02
-1.042345541862166325e-02
-1.043371260661468680e-02
-1.041942792413041996e-02
-1.045454375201798625e-02
-1.043554390955747646e-02
-1.078183804983362526e-02
-1.076449134732732071e-02
-1.077199856136196177e-02
-1.079319242761372921e-02
-1.078397697971622549e-02
-1.077765555395088226e-02
-1.078748928730699497e-02
-1.077255430408402548e-02
-1.077384474121201308e-02
-1.080137483535553722e-02
-1.078805505716956548e-02
-1.079294336508740404e-02
-1.080650112442527178e-02
-1.079550076794227875e-02
-1.079896324661383522e-02
-1.078892189059743600e-02
-1.080869557009306314e-02
-1.080212404054703423e-02
-1.080005749417417560e-02
-1.078403067794447834e-02
-1.078629589049873161e-02
-1.078604182766967901e-02
-1.065569546551553559e-02
-1.067857185694842670e-02
-1.063074456468687812e-02
-1.069935047061876254e-02
-1.071800418807761224e-02
-1.073450209606663375e-02
-1.074880958444052181e-02
-1.076088848684819688e-02
-1.060373855497259710e-02
-1.057469300552066338e-02
-1.054361973649309281e-02
-1.051052665553509069e-02
-1.047541808370605620e-02
-1.043829168661408735e-02
-1.077069726374246805e-02
-1.077819122660583773e-02
-1.078332280132904275e-02
-1.035708795863937715e-02
-1.040499034896413821e-02
-1.036573677605484578e-02
-1.040824659659705942e-02
-1.039082548502967551e-02
-1.039205347432031745e-02
-1.078763919774256008e-02
-1.079729884174068788e-02
-1.081265966905825548e-02
-1.080377069128202194e-02
-1.079602094691184400e-02
-1.079856318726973852e-02
-1.078924711890277832e-02
-1.078189416367397735e-02
-1.082882962807885097e-02
-1.081229749721768219e-02
-1.079004452836607175e-02
-1.080393143304897441e-02
-1.080759360172478534e-02
-1.079692391588710221e-02
-1.079623419353742397e-02
-1.078960458815325651e-02
-1.080802798596369740e-02
-1.080836343894525653e-02
-1.080178150103655588e-02
-1.079139319289251775e-02
-1.079571365898723823e-02
-1.079075940459034433e-02
-1.079126487230630538e-02
-1.079188014590526379e-02
-1.078933729022391041e-02
-1.078859797209846816e-02
-1.062460885097549212e-02
-1.064610768874474367e-02
-1.063419685228567113e-02
-1.065109747502407389e-02
-1.065939832539675169e-02
-1.067027231178990787e-02
-1.059610388347920207e-02
-1.061989216303482753e-02
-1.060695550678253385e-02
-1.067553604211246565e-02
-1.068253240665328896e-02
-1.069235656279199365e-02
-1.069788663470810919e-02
-1.071232695302626325e-02
-1.070356754145945777e-02
-1.071810723873967142e-02
-1.073014606651329084e-02
-1.072246821081573875e-02
-1.073615189712284756e-02
-1.074577269653814726e-02
-1.073919504624615273e-02
-1.075197090767837649e-02
-1.075916202573945490e-02
-1.075370498844124834e-02
-1.056561201805283901e-02
-1.059165113534732416e-02
-1.057769773996514173e-02
-1.053315841969637567e-02
-1.056140592854731830e-02
-1.054644296750489874e-02
-1.049876395105031612e-02
-1.052917381879847625e-02
-1.051320662130467154e-02
-1.046244487691067038e-02
-1.049496794877757821e-02
-1.047799996079995521e-02
-1.042420993364751025e-02
-1.045879798989141074e-02
-1.044083209711388349e-02
-1.038403408545690576e-02
-1.040170014124475184e-02
-1.042067085968445550e-02
-1.076551106605611041e-02
-1.077026584976409351e-02
-1.076595148967568472e-02
-1.077671595199997112e-02
-1.077903284276277018e-02
-1.077588475888574537e-02
-1.078552625643647289e-02
-1.078540886229650830e-02
-1.078345204736258500e-02
-1.034100501028578645e-02
-1.032940532914922160e-02
-1.036750658495683153e-02
-1.025710913874433583e-02
-1.028874126297735225e-02
-1.037820110623594028e-02
-1.035198525604313913e-02
-1.034143079973526280e-02
-1.038034340904686603e-02
-1.035281959132156038e-02
-1.081088530763879563e-02
-1.080202064415741736e-02
-1.079649981178865126e-02
-1.081798732497962767e-02
-1.080969694308780982e-02
-1.080564757493451822e-02
-1.082037277687486476e-02
-1.080510334633788538e-02
-1.080478370532500509e-02
-1.082143340959262900e-02
-1.081141469039070824e-02
-1.081397298703273835e-02
-1.082177811995688188e-02
-1.081415081757747254e-02
-1.081524280206763722e-02
-1.080249822727324949e-02
-1.081912771915455318e-02
-1.081392289524235606e-02
-1.081358873048732239e-02
-1.079631381997409045e-02
-1.079377245006857278e-02
-1.078867643200448478e-02
-1.061023903359348264e-02
-1.063774960810454084e-02
-1.066322606402680950e-02
-1.058072596101450324e-02
-1.068663254112206529e-02
-1.070792902581774175e-02
-1.072707148210905181e-02
-1.074401202766828156e-02
-1.075869915484167771e-02
-1.054923773068622284e-02
-1.051579738397984132e-02
-1.048042345467070646e-02
-1.044313056615786550e-02
-1.040393604527350968e-02
-1.036257798886119907e-02
-1.077107799589543946e-02
-1.078109063041449156e-02
-1.029884791696894508e-02
-1.027927037683162848e-02
-1.030966466083776956e-02
-1.032200632972374299e-02
-1.029516867150020998e-02
-1.033019362324116841e-02
-1.031818685516611156e-02
-1.081449446776838741e-02
-1.081973596270396909e-02
-1.083400727511274475e-02
-1.082337356209972512e-02
-1.083160838579688701e-02
-1.082961274761273796e-02
-1.082066696361766445e-02
-1.081368768809165548e-02
-1.085716767740074751e-02
-1.084308327616961831e-02
-1.081998410198314886e-02
-1.082162525067786873e-02
-1.082047285812637316e-02
-1.080459624997648360e-02
-1.080631937549192401e-02
-1.080076996466117212e-02
-1.081358951641619992e-02
-1.081636853281398025e-02
-1.081080456723865213e-02
-1.080015904761372214e-02
-1.079848377632319778e-02
-1.079709235671599821e-02
-1.079517927945550237e-02
-1.078974289756540195e-02
-1.078763067325166913e-02
-1.079080261146131425e-02
-1.057403782881816134e-02
-1.058503588315007349e-02
-1.059924201265732835e-02
-1.060516919720133622e-02
-1.061485843434950560e-02
-1.062806244204983486e-02
-1.063431955688659558e-02
-1.065486673756738112e-02
-1.064268206943230766e-02
-1.054096723446490413e-02
-1.056844323205480274e-02
-1.055325004336804540e-02
-1.066144247618744378e-02
-1.067961268729689106e-02
-1.066846670104754091e-02
-1.068648700916768890e-02
-1.070225377172007164e-02
-1.069216788163501741e-02
-1.070939788090069511e-02
-1.072273933326051143e-02
-1.071373694989680159e-02
-1.073011571931953290e-02
-1.074101479148481531e-02
-1.073312122361125276e-02
-1.074857733558143291e-02
-1.075026423900504735e-02
-1.075702190532523694e-02
-1.050599443437338909e-02
-1.053569936490633685e-02
-1.051953201930316828e-02
-1.046915161073613820e-02
-1.050103910775118665e-02
-1.048390833788964693e-02
-1.043046627064897480e-02
-1.046448660876148073e-02
-1.044640082454473262e-02
-1.038995676848114558e-02
-1.042606019300107434e-02
-1.040702479118216228e-02
-1.034761495011266019e-02
-1.036576336592803793e-02
-1.038576187307099774e-02
-1.030344179717901376e-02
-1.032235454309410327e-02
-1.034357915204919820e-02
-1.076471605158302314e-02
-1.076510603620167705e-02
-1.077069908050282132e-02
-1.077846207195953809e-02
-1.077758348855817339e-02
-1.078198171954752871e-02
-1.019538467168740192e-02
-1.022667710233016169e-02
-1.026754867896761958e-02
-1.028654114322308244e-02
-1.025979963002288109e-02
-1.030038865422483463e-02
-1.027730474356008949e-02
-1.083444233343117125e-02
-1.082271747413859897e-02
-1.082625570563044981e-02
-1.083629218950638018e-02
-1.082887516399222427e-02
-1.082716278105538832e-02
-1.084567409477826816e-02
-1.083140773740848273e-02
-1.083183787244595964e-02
-1.083486840630565329e-02
-1.082833749446687754e-02
-1.082817967113747226e-02
-1.083029590212047921e-02
-1.082472556124908225e-02
-1.082606565115501462e-02
-1.080909515425187983e-02
-1.082267364952621547e-02
-1.081813561909034105e-02
-1.082092762806963204e-02
-1.080154018418533202e-02
-1.079410411273534764e-02
-1.078408838089328636e-02
-1.055737430753678208e-02
-1.058949108306783682e-02
-1.061964692491057516e-02
-1.064779767246337716e-02
-1.052333604925664856e-02
-1.067389457966300137e-02
-1.069788447558439604e-02
-1.071970997321303187e-02
-1.073930972617431756e-02
-1.075661873352956599e-02
-1.048741095006022750e-02
-1.044962884556910332e-02
-1.041001377890748980e-02
-1.036856849290807014e-02
-1.032528149630668191e-02
-1.028127385818650152e-02
-1.077156869028206287e-02
-1.023710281440709524e-02
-1.022538262963323952e-02
-1.025981589101598868e-02
-1.025202822008813852e-02
-1.024194516124571352e-02
-1.083541959373590657e-02
-1.083562439180130177e-02
-1.084799330297897546e-02
-1.085222676830077670e-02
-1.084111777321700165e-02
-1.083887334525568402e-02
-1.087852030515862323e-02
-1.086785575215382105e-02
-1.085026787912141133e-02
-1.083986716777174397e-02
-1.084244222333924368e-02
-1.083262779735627568e-02
-1.082652857695631798e-02
-1.080521367522191412e-02
-1.080940247239875474e-02
-1.080490321962623845e-02
-1.081214690099641107e-02
-1.081742823590531311e-02
-1.081285118142760737e-02
-1.080184645385823261e-02
-1.079410550823040049e-02
-1.079629924301056532e-02
-1.079192643842474819e-02
-1.078037327498732045e-02
-1.078505835283083414e-02
-1.077941789241854131e-02
-1.051599658272195370e-02
-1.054492882251312214e-02
-1.052844389839552308e-02
-1.055174752043364084e-02
-1.057838177775388688e-02
-1.056285964771247476e-02
-1.058559603172293251e-02
-1.060989248961113907e-02
-1.059535436447262002e-02
-1.061748764530145994e-02
-1.063941046302230298e-02
-1.062587990431318463e-02
-1.047839253841187368e-02
-1.049215030245048697e-02
-1.050957921439404918e-02
-1.064736288346446180e-02
-1.066688044006980363e-02
-1.065438329391388272e-02
-1.067515747632713508e-02
-1.069224259984841163e-02
-1.068080690558692591e-02
-1.070080262416056582e-02
-1.071543280541781273e-02
-1.070508868108466238e-02
-1.072422531174238580e-02
-1.073638290195177980e-02
-1.072716240498688967e-02
-1.074534867542747962e-02
-1.074695802875136330e-02
-1.075502106491360577e-02
-1.043897924823922185e-02
-1.047237344582935270e-02
-1.045401690641067916e-02
-1.039779474745128329e-02
-1.043334673294205039e-02
-1.041407655100384799e-02
-1.035487072865032276e-02
-1.039252871780205201e-02
-1.037235415681658779e-02
-1.031021883204841227e-02
-1.034993463583089301e-02
-1.032885000206168469e-02
-1.026380071969551500e-02
-1.030553915053561420e-02
-1.028354421860722123e-02
-1.021587548945701585e-02
-1.025945612432388465e-02
-1.023771477879198422e-02
-1.076409241905418313e-02
-1.077127219441964545e-02
-1.076440204264417222e-02
-1.013496553942594414e-02
-1.016549890742440843e-02
-1.020986315942107314e-02
-1.017393010532141595e-02
-1.021648337773917170e-02
-1.019941705171767410e-02
-1.085120091705704670e-02
-1.084373931477333741e-02
-1.084281754942079123e-02
-1.084803949430690473e-02
-1.084147364846049788e-02
-1.084220775213157184e-02
-1.086554008615586708e-02
-1.085724147899491676e-02
-1.086173099409426523e-02
-1.084916142260283767e-02
-1.087230312956627420e-02
-1.085082295508210670e-02
-1.084162346578843028e-02
-1.083829120768725618e-02
-1.083598148230180414e-02
-1.083199207273072284e-02
-1.083118905445346059e-02
-1.082735402951445769e-02
-1.080866344042646920e-02
-1.081926927808102290e-02
-1.082101366409649046e-02
-1.081570564073813800e-02
-1.079966464773096657e-02
-1.078724451218565639e-02
-1.077223047269831868e-02
-1.049705489456820295e-02
-1.053375008456047812e-02
-1.056856680797235715e-02
-1.060145310894000659e-02
-1.063235194637690562e-02
-1.045852789931489557e-02
-1.066120137630754972e-02
-1.068793479002810853e-02
-1.071248120258083691e-02
-1.073476559480496251e-02
-1.075470930596633679e-02
-1.041821018755589856e-02
-1.037613676089327308e-02
-1.033233058801513726e-02
-1.028677695702362449e-02
-1.023955833992207243e-02
-1.019439790798770673e-02
-1.017994782949693811e-02
-1.015399858068055661e-02
-1.084965555383671232e-02
-1.084489876339683745e-02
-1.086345150916590008e-02
-1.085560275017366516e-02
-1.086419259873566689e-02
-1.085676183270589679e-02
-1.087638541057411867e-02
-1.087770690437761534e-02
-1.087140199201203083e-02
-1.089312722312280046e-02
-1.088602433703617089e-02
-1.086734059077915093e-02
-1.085894355233107955e-02
-1.085850720181996687e-02
-1.083687759052520683e-02
-1.082569757933832255e-02
-1.079872040474139094e-02
-1.080542851859317421e-02
-1.080195431212160884e-02
-1.080363428859815178e-02
-1.081147765645745773e-02
-1.080786138391948148e-02
-1.079640467554415784e-02
-1.078252208418561953e-02
-1.078832873248036783e-02
-1.078145453734036252e-02
-1.076371383119673064e-02
-1.077205233140227092e-02
-1.076390715699881984e-02
-1.045043128729988835e-02
-1.046437069708461287e-02
-1.048311809942775730e-02
-1.049077848671720048e-02
-1.052118026064607914e-02
-1.050335186435785717e-02
-1.052931112465144148e-02
-1.055738348792695236e-02
-1.054049903066223148e-02
-1.056596724290781442e-02
-1.059166951768958365e-02
-1.057575653640668856e-02
-1.060067930682950799e-02
-1.062397479056331751e-02
-1.060906335707284542e-02
-1.040832562139837325e-02
-1.042360556603527666e-02
-1.044324980401056813e-02
-1.063337444829082212e-02
-1.065423068283510855e-02
-1.064035329717716305e-02
-1.066397475717273391e-02
-1.068236378128034625e-02
-1.066955524268414779e-02
-1.069239762358265011e-02
-1.069659346338586170e-02
-1.070829621180485747e-02
-1.071855614125005740e-02
-1.073194602695648481e-02
-1.072138797249716502e-02
-1.074235956764296729e-02
-1.075322764452818491e-02
-1.074385494055257739e-02
-1.036451143500410899e-02
-1.038110065871766796e-02
-1.040162258683557939e-02
-1.031902596621353529e-02
-1.035827660819871321e-02
-1.033689186311115282e-02
-1.027192272728766342e-02
-1.031325205838856673e-02
-1.029100982670361208e-02
-1.022323035856959050e-02
-1.026656083161542332e-02
-1.024344449728287199e-02
-1.017266128569899175e-02
-1.021806085129284281e-02
-1.019418687072481955e-02
-1.012230748001269331e-02
-1.016886410434447718e-02
-1.014798658579035839e-02
-1.007699608103662658e-02
-1.010605452297280715e-02
-1.012509089766244763e-02
-1.086162093520398608e-02
-1.085477017675967604e-02
-1.085628678068439879e-02
-1.085313792700864921e-02
-1.085063051690904334e-02
-1.084740933032618537e-02
-1.086994615326386526e-02
-1.086486793504515269e-02
-1.088515415391266838e-02
-1.086406363031411360e-02
-1.084162053799653247e-02
-1.084168354094094955e-02
-1.083683510493743674e-02
-1.082679285805004943e-02
-1.082945442907762290e-02
-1.082305966716062828e-02
-1.080114238063367704e-02
-1.080883884919975335e-02
-1.081411092650136352e-02
-1.080622799131686351e-02
-1.079063090156257010e-02
-1.077313644536176396e-02
-1.075304503314461479e-02
-1.042922686987490799e-02
-1.047047274674034467e-02
-1.050993157587948312e-02
-1.054754422883769083e-02
-1.058324588457093540e-02
-1.061696626148839195e-02
-1.038624727071457698e-02
-1.064862988737402816e-02
-1.067815641349434408e-02
-1.070546098907748656e-02
-1.073045469609162916e-02
-1.034157996289608583e-02
-1.029527059465118466e-02
-1.024735176384500290e-02
-1.019770664799973803e-02
-1.014718804484060488e-02
-1.009916115151487936e-02
-1.085734555267747758e-02
-1.084747244665340560e-02
-1.087137822916867114e-02
-1.088643070616945874e-02
-1.088186472124208493e-02
-1.088993640039481736e-02
-1.090037187528941631e-02
-1.089703713520795425e-02
-1.087569617530415034e-02
-1.086850666973493418e-02
-1.087118384496227330e-02
-1.083430187018996627e-02
-1.081790521243891634e-02
-1.078504933286517087e-02
-1.079433107789268265e-02
-1.079186187280051223e-02
-1.078797411048720845e-02
-1.079843999629898077e-02
-1.079576355990641279e-02
-1.078377181924194961e-02
-1.076366583851723346e-02
-1.077311853431689448e-02
-1.076370098824885879e-02
-1.073969665224466796e-02
-1.075172180200067995e-02
-1.074103561702849374e-02
-1.037728124715148192e-02
-1.041375263344451740e-02
-1.039275884817109086e-02
-1.042220104914631795e-02
-1.043627765758442516e-02
-1.045640040450734887e-02
-1.046540311493204811e-02
-1.047805823178554752e-02
-1.049728170525177084e-02
-1.050681867212133191e-02
-1.051803812667267968e-02
-1.053633109834162251e-02
-1.054637268465313804e-02
-1.055614881880423406e-02
-1.057347723421703245e-02
-1.058398415494865574e-02
-1.059231601665533429e-02
-1.060864311944581528e-02
-1.033071748216629615e-02
-1.034756345745418971e-02
-1.036940300853855801e-02
-1.061956645872302873e-02
-1.064174642351661815e-02
-1.062645994729066734e-02
-1.065302770308795832e-02
-1.067269982431856556e-02
-1.065849568030080574e-02
-1.068427115566777941e-02
-1.070141142974834203e-02
-1.068833351431602852e-02
-1.071319575197798857e-02
-1.072778526503920249e-02
-1.071587943381818731e-02
-1.028260177781514795e-02
-1.030075590145057562e-02
-1.032342217892934233e-02
-1.023323442703827357e-02
-1.025251930070153472e-02
-1.027598491314285489e-02
-1.018156891889138160e-02
-1.022662869525126084e-02
-1.020235293270627119e-02
-1.012929581394328427e-02
-1.017610916549738231e-02
-1.015091328219247524e-02
-1.007520897003849614e-02
-1.012376422832922396e-02
-1.009868029398758305e-02
-1.002169053935686449e-02
-1.007168999687041433e-02
-1.004912913539263153e-02
-1.086493395631438208e-02
-1.086307391021018587e-02
-1.085898314118033392e-02
-1.085168222518001491e-02
-1.085245691532438217e-02
-1.084667917049403352e-02
-1.087700405131847292e-02
-1.089379657813621671e-02
-1.088082101910303745e-02
-1.086993222685755933e-02
-1.083477812995498057e-02
-1.083827931443082093e-02
-1.083082280382668960e-02
-1.081461186908583283e-02
-1.082078071589082091e-02
-1.081176114800319610e-02
-1.078645977005915357e-02
-1.079129415316470997e-02
-1.078961981448767204e-02
-1.080013724256145835e-02
-1.077437152644478147e-02
-1.075171202167940487e-02
-1.072646413341904470e-02
-1.035383498187814055e-02
-1.039959824966357749e-02
-1.044367986014538285e-02
-1.048600887198641862e-02
-1.052651328430259658e-02
-1.056511498494189238e-02
-1.060173007213904839e-02
-1.030647185698080337e-02
-1.063626919036220198e-02
-1.066863791963401642e-02
-1.069873725354925087e-02
-1.025771124491764441e-02
-1.020722204907997810e-02
-1.015523152248676286e-02
-1.010201009445654829e-02
-1.004805756696669494e-02
-1.085829101804630659e-02
-1.084334340396736485e-02
-1.088817333501634899e-02
-1.089430668216717635e-02
-1.088757025843178905e-02
-1.089965405186976710e-02
-1.090042159401005684e-02
-1.088208564175713322e-02
-1.087560120160691035e-02
-1.087013460960384315e-02
-1.087532624605652698e-02
-1.082481565702358983e-02
-1.080306377345074953e-02
-1.076412215316385756e-02
-1.077455327820697750e-02
-1.077603225620288319e-02
-1.076507724391922993e-02
-1.077647446699220302e-02
-1.077822656234944665e-02
-1.076387494472391682e-02
-1.073745842265511063e-02
-1.073859262784432334e-02
-1.075059556695934226e-02
-1.070824364590772237e-02
-1.071073031517938423e-02
-1.072399369559978721e-02
-1.029647984284143281e-02
-1.033676874276995283e-02
-1.031355057986682588e-02
-1.034594784820258573e-02
-1.038397803537866038e-02
-1.036157301656237539e-02
-1.039380364820008396e-02
-1.040796726910686587e-02
-1.042952210659453538e-02
-1.043997232833004940e-02
-1.047332909723008854e-02
-1.045265900995634434e-02
-1.048437202362201282e-02
-1.051532046294878509e-02
-1.049557287778646320e-02
-1.052691413765144413e-02
-1.055541133546433752e-02
-1.053662702799235129e-02
-1.056750380591187088e-02
-1.059351090536420070e-02
-1.057573349816820496e-02
-1.024546801314279998e-02
-1.028796510687907118e-02
-1.026398089147401160e-02
-1.060604025534450656e-02
-1.062952276537060259e-02
-1.061279856031771551e-02
-1.064241722635628218e-02
-1.066334533024509978e-02
-1.064772310249317844e-02
-1.067652352350045852e-02
-1.069487239013233726e-02
-1.068040312633150579e-02
-1.019291843248398832e-02
-1.023763770047614319e-02
-1.021302656126565900e-02
-1.014184017231739565e-02
-1.018737675870690085e-02
-1.016163641951361996e-02
-1.008574986360838421e-02
-1.010750087659695318e-02
-1.013357794575114879e-02
-1.002967548521410679e-02
-1.005242787331234178e-02
-1.007939831443088741e-02
-9.970149291504526445e-03
-1.002254979164274307e-02
-9.995893287148782669e-03
-1.086179933030068101e-02
-1.086325019651374069e-02
-1.085674150536314331e-02
-1.084334085360200151e-02
-1.083910194710119290e-02
-1.084759897717318955e-02
-1.089444836288261387e-02
-1.088168090779356723e-02
-1.086840416190776315e-02
-1.082099610427061931e-02
-1.081785181724653766e-02
-1.082799256287236833e-02
-1.079534827094175142e-02
-1.079336418443260781e-02
-1.080507445634260044e-02
-1.076453203496419153e-02
-1.076653508905456302e-02
-1.077899871631488038e-02
-1.076578659851640252e-02
-1.075080816127332861e-02
-1.072289291882055906e-02
-1.069240991182318634e-02
-1.032105967032520555e-02
-1.027079657566937199e-02
-1.036974383258393306e-02
-1.041677805309904059e-02
-1.046208382791086189e-02
-1.050557579427602306e-02
-1.054716211038980722e-02
-1.058674486596572484e-02
-1.021901000804248394e-02
-1.062422042463861960e-02
-1.065947992848487180e-02
-1.016716326491823308e-02
-1.011363812231741433e-02
-1.005760941739364256e-02
-9.999791732065221872e-03
-1.085267043822485400e-02
-1.083232813889672963e-02
-1.088334459245493546e-02
-1.088612767132129955e-02
-1.089151010451067103e-02
-1.089064796121563816e-02
-1.089565298556777195e-02
-1.087969906095681560e-02
-1.086951029878940878e-02
-1.086550943812386594e-02
-1.087207850759741579e-02
-1.080832023409655784e-02
-1.078107323117583061e-02
-1.073584965037133188e-02
-1.075044292253363176e-02
-1.074994484172647757e-02
-1.073484351215603372e-02
-1.075073718268781953e-02
-1.074989949173904558e-02
-1.073663030773364113e-02
-1.070381113994206546e-02
-1.072067623647854351e-02
-1.070604603104086117e-02
-1.066926693784286950e-02
-1.067290855993630050e-02
-1.068878495901470771e-02
-1.026194649878781062e-02
-1.030384319609606303e-02
-1.027916809666029607e-02
-1.020795207429103790e-02
-1.025209731636728128e-02
-1.022665887103862969e-02
-1.031443875355680939e-02
-1.035403344441077067e-02
-1.033015540575527025e-02
-1.036535239914865292e-02
-1.040259079239963524e-02
-1.037954710591648677e-02
-1.041459967463181924e-02
-1.044943012796334392e-02
-1.042726189967907446e-02
-1.046208482663590900e-02
-1.049445929745340678e-02
-1.047321103909382156e-02
-1.050770525588817783e-02
-1.053757945557282083e-02
-1.051729888085234377e-02
-1.055135183055888604e-02
-1.055942339730775448e-02
-1.057868561616776004e-02
-1.015252143621131475e-02
-1.019886764858973782e-02
-1.017266502189589916e-02
-1.059290917453153957e-02
-1.059947647753711752e-02
-1.061766684171272512e-02
-1.063225620705293695e-02
-1.063734440871144660e-02
-1.065440689809749042e-02
-1.009896691353068254e-02
-1.012029930340940798e-02
-1.014574582494726096e-02
-1.004473215341100678e-02
-1.006518354988317210e-02
-1.009312534028516950e-02
-9.988441559609095854e-03
-1.000904114474276962e-02
-1.003700307153276849e-02
-9.923683004751548964e-03
-9.976686991994221376e-03
-9.946966435562143438e-03
-1.085237291977941831e-02
-1.084796041608876438e-02
-1.085729193903162138e-02
-1.082805616160570361e-02
-1.082462267124478794e-02
-1.083591883632262221e-02
-1.088769586584553695e-02
-1.087608610241785900e-02
-1.086101762550412131e-02
-1.080014609000329306e-02
-1.081071934408406321e-02
-1.079780940692404156e-02
-1.076889065494712749e-02
-1.076776420132824486e-02
-1.078223355998292332e-02
-1.073526455144563352e-02
-1.073444905844389563e-02
-1.075058917658905377e-02
-1.073462220697479763e-02
-1.071985181603613002e-02
-1.068659074506833617e-02
-1.065079499921972594e-02
-1.028805003820115749e-02
-1.023478367343605422e-02
-1.018005135848865095e-02
-1.033977680555941969e-02
-1.038988075096092256e-02
-1.043827004896330513e-02
-1.048484541051625252e-02
-1.052950087857368322e-02
-1.057212411662966645e-02
-1.012548040710864461e-02
-1.061259671331238330e-02
-1.007155906874940277e-02
-1.001642089588716811e-02
-9.956056474647922983e-03
-1.084059089829175759e-02
-1.081436369858057578e-02
-1.086774918124649991e-02
-1.087892857116740108e-02
-1.087577159431696305e-02
-1.087332076276498194e-02
-1.088233950125766514e-02
-1.086810296171547563e-02
-1.085973201278678246e-02
-1.078470436639172858e-02
-1.075182351001752190e-02
-1.070013201967495720e-02
-1.071794216511867681e-02
-1.071746315458754761e-02
-1.069716201450465753e-02
-1.071593323315894741e-02
-1.071586082284781138e-02
-1.070194373496957674e-02
-1.066262539132317722e-02
-1.066596791837315372e-02
-1.068326679714409755e-02
-1.062266936376854432e-02
-1.062747840595246185e-02
-1.064600300500895269e-02
-1.022723418110094151e-02
-1.027073901978226012e-02
-1.024454754181497451e-02
-1.017023154227947312e-02
-1.018903415168975757e-02
-1.021596711013295078e-02
-1.011222420650192966e-02
-1.013231798763530866e-02
-1.015995570290678662e-02
-1.028287820223527937e-02
-1.032403783386603990e-02
-1.029862493612970775e-02
-1.033697286151746830e-02
-1.037572556582694316e-02
-1.035113622907052333e-02
-1.038941081085459350e-02
-1.042570427754480056e-02
-1.040198623335536476e-02
-1.044008242039828893e-02
-1.045107211789719770e-02
-1.047386707578606968e-02
-1.048887151125460493e-02
-1.049828393794649539e-02
-1.052010113225487764e-02
-1.053565373941978134e-02
-1.056428669161885159e-02
-1.054350525807856709e-02
-1.005225206690629758e-02
-1.010223326708326042e-02
-1.007552297468250480e-02
-1.058029845612740161e-02
-1.060629771802107379e-02
-1.058661299363761188e-02
-9.999436879445156023e-03
-1.004877944452203797e-02
-1.002183427937219928e-02
-9.945815999881646441e-03
-9.995188682779987399e-03
-9.967161662560453106e-03
-9.883224320544281571e-03
-9.935898008708254903e-03
-9.903557438391996648e-03
-1.083745885848347301e-02
-1.083288196637960388e-02
-1.084537389901324422e-02
-1.080672673942612017e-02
-1.081767589922788542e-02
-1.080350740603741588e-02
-1.087062372675240418e-02
-1.085273823669780091e-02
-1.077211531576771630e-02
-1.077058892977411642e-02
-1.078633247864491107e-02
-1.073517458484923859e-02
-1.073486616742963529e-02
-1.075216308801196785e-02
-1.069855222612953183e-02
-1.069492015141920715e-02
-1.069601106496431697e-02
-1.071479176790696153e-02
-1.068140324728311663e-02
-1.064270750772566831e-02
-1.060152304824385494e-02
-1.025492597124738614e-02
-1.019856509647848464e-02
-1.014102932385463340e-02
-1.008201546207015964e-02
-1.030982163331456425e-02
-1.036311258911160049e-02
-1.041469282575346877e-02
-1.046444751402492157e-02
-1.051225681516404498e-02
-1.055799322576472798e-02
-1.002534629039525393e-02
-9.972229609957583563e-03
-9.914596469753234054e-03
-1.082256824208260859e-02
-1.078972083625934220e-02
-1.085280225594398296e-02
-1.085972161208609288e-02
-1.086222392804409020e-02
-1.084669412033528735e-02
-1.086072379162367207e-02
-1.084474513427868825e-02
-1.075387286159718014e-02
-1.071521357161564492e-02
-1.065685924879183899e-02
-1.067698247403348066e-02
-1.067844045977772716e-02
-1.065190489608963675e-02
-1.067445933861149721e-02
-1.067347270832719186e-02
-1.065971101404972199e-02
-1.061379329317113651e-02
-1.061825567810370519e-02
-1.063826389534705541e-02
-1.056834518965260594e-02
-1.059554624349018370e-02
-1.057433923271788867e-02
-1.019246128814582653e-02
-1.020980208163063674e-02
-1.023757954899218170e-02
-1.013228203467309019e-02
-1.017956054311280889e-02
-1.015115019927481654e-02
-1.007065782526134212e-02
-1.009125684123085565e-02
-1.012013549128620848e-02
-1.001108050997751020e-02
-1.003177739172333993e-02
-1.006162439059576919e-02
-1.025141399559881261e-02
-1.026711329000490336e-02
-1.029411878076408327e-02
-1.030881219214219158e-02
-1.032286723331488076e-02
-1.034905620015641459e-02
-1.036454438530765021e-02
-1.037696407115012986e-02
-1.040228260011877293e-02
-1.041850160397195246e-02
-1.045367503006644494e-02
-1.042928715598445688e-02
-1.047055025751836288e-02
-1.050310784232572070e-02
-1.047971359734667374e-02
-1.052054698743248862e-02
-1.055044544031547016e-02
-1.052811053782609640e-02
-9.931270259351532292e-03
-9.991330104306694881e-03
-9.964734174167988456e-03
-9.908032740748973222e-03
-9.926746533121588723e-03
-9.953232022715086114e-03
-9.849669691390172677e-03
-9.897880597412922477e-03
-9.866579450585943878e-03
-1.081920767957944562e-02
-1.082828124307605444e-02
-1.081255810866393885e-02
-1.077791532192695634e-02
-1.077512130735225337e-02
-1.079254281193808840e-02
-1.084983851670479060e-02
-1.083532009761550841e-02
-1.073730659249155783e-02
-1.075486768929129200e-02
-1.073627070207872070e-02
-1.069391663983554341e-02
-1.071466968515960572e-02
-1.069447763589476130e-02
-1.065427896906345762e-02
-1.064789490259632210e-02
-1.064984187527279191e-02
-1.067147041473631708e-02
-1.063535340606658330e-02
-1.059113606803863128e-02
-1.054448935262730647e-02
-1.022181422066853473e-02
-1.016212775405839208e-02
-1.010102656092470852e-02
-1.004057383801681969e-02
-9.970781356600011414e-03
-1.028001374135656398e-02
-1.033661269652086379e-02
-1.039148961313801633e-02
-1.044451924918032848e-02
-1.049556735498718973e-02
-9.918449331533907287e-03
-9.878892827273055843e-03
-1.079842331443414682e-02
-1.075792036151085318e-02
-1.083237644546691802e-02
-1.081178730813492361e-02
-1.082984469662562343e-02
-1.071576495308679267e-02
-1.067105993546624276e-02
-1.060591380493625113e-02
-1.063132535289684766e-02
-1.062887866215345145e-02
-1.059895305904945406e-02
-1.062534830217010118e-02
-1.062345111416457266e-02
-1.060981927754628407e-02
-1.055719759238898936e-02
-1.058555446346431950e-02
-1.056279849217856004e-02
-1.050617786173868584e-02
-1.053730433907096309e-02
-1.051338252384481642e-02
-1.015787874824242154e-02
-1.020448664504114422e-02
-1.017508374517522851e-02
-1.009439964444985849e-02
-1.014309351720088515e-02
-1.011316377834309277e-02
-1.001443295981785386e-02
-1.007281614834604211e-02
-1.004191483494221160e-02
-9.982736094395650017e-03
-9.996555144068941523e-03
-1.002596297924940316e-02
-9.907533085885267266e-03
-9.959717298486547854e-03
-9.918864386981196546e-03
-1.021968912854481770e-02
-1.026417247277788825e-02
-1.023551327326455151e-02
-1.028060595981705738e-02
-1.032253436993640916e-02
-1.029468323861187917e-02
-1.034013481881634888e-02
-1.035233698761212073e-02
-1.037930662137365179e-02
-1.039748883846269845e-02
-1.043402602786919209e-02
-1.040799919608592639e-02
-1.045289050592312918e-02
-1.048674303437335809e-02
-1.046173128359184634e-02
-9.823877343435261089e-03
-9.877716684583814910e-03
-9.865933306714369522e-03
-9.836832309606524660e-03
-1.078679511156399595e-02
-1.078202356659407890e-02
-1.080219555436295886e-02
-1.074173495165980929e-02
-1.075958145176991732e-02
-1.073903190860969747e-02
-1.081560650078827734e-02
-1.069423791336626683e-02
-1.071575930178508829e-02
-1.069413947075181781e-02
-1.064274819010507800e-02
-1.064541783218503346e-02
-1.066856796634935156e-02
-1.060233157318585251e-02
-1.059105600963339278e-02
-1.059486366510320465e-02
-1.061942095435408628e-02
-1.058158447458457108e-02
-1.053176092330931901e-02
-1.047958242811980467e-02
-1.018858894455948461e-02
-1.012573796327115305e-02
-1.005349686689854805e-02
-9.997118504751545398e-03
-9.945183216624631228e-03
-9.807916239671032876e-03
-9.857896007279431938e-03
-9.868978904342351477e-03
-1.025003681453379167e-02
-1.031033099783196239e-02
-1.036880797486455785e-02
-1.042521014814518088e-02
-9.815385465445691793e-03
-1.079854992332385244e-02
-1.076346468293704062e-02
-1.071753018365978471e-02
-1.076969955773843246e-02
-1.079076966917841274e-02
-1.066880324316588080e-02
-1.061703338489561332e-02
-1.054713387198807917e-02
-1.057647446727927321e-02
-1.057302491932227140e-02
-1.053750372585526840e-02
-1.056820101493716191e-02
-1.056413934499816909e-02
-1.055214686514882594e-02
-1.049272157361508251e-02
-1.052501623738705261e-02
-1.049947413881674452e-02
-1.043602996047660048e-02
-1.047116105437906342e-02
-1.044448789178653580e-02
-1.012356379708001519e-02
-1.017138896352742794e-02
-1.014066082967890470e-02
-1.003951661145552343e-02
-1.009821583827225089e-02
-1.006631337179209051e-02
-1.000083011575808589e-02
-1.000624697338875491e-02
-1.004669578917832817e-02
-9.903350505148511562e-03
-9.958121506931205680e-03
-9.942233648503051580e-03
-9.904687461995076436e-03
-9.798453610237178868e-03
-9.853792242034475901e-03
-9.802633644594660467e-03
-1.018709713364468472e-02
-1.023355966893962909e-02
-1.020320356226939174e-02
-1.025379456983455118e-02
-1.029690169790481447e-02
-1.026716150470680100e-02
-1.031630573433350850e-02
-1.032824251367508994e-02
-1.035693898559925108e-02
-1.037718769881479375e-02
-1.041507859718443507e-02
-1.038735680224445179e-02
-1.077751579219121680e-02
-1.075418619702200873e-02
-1.069285647282269824e-02
-1.069322605594719144e-02
-1.071678270363024543e-02
-1.064445127192548135e-02
-1.064388445012198758e-02
-1.066974170629070295e-02
-1.057892613293104356e-02
-1.061078831915535092e-02
-1.058446873059776250e-02
-1.054231290763307793e-02
-1.052436801182010662e-02
-1.053085611923365583e-02
-1.055730766384155306e-02
-1.051995092039331725e-02
-1.046444579943967002e-02
-1.040667678936801899e-02
-1.015484598274618566e-02
-1.008074740212205889e-02
-1.001847506223252360e-02
-9.911976592833826594e-03
-9.955459017134071775e-03
-9.962399641328223421e-03
-9.906085904253181251e-03
-9.850933473130485396e-03
-1.022017477549580500e-02
-1.028502833895167390e-02
-1.034679565373947119e-02
-1.071832527422622583e-02
-1.074321350804080533e-02
-1.072930101011115855e-02
-1.070434649715823472e-02
-1.066876083728701685e-02
-1.061179929029626434e-02
-1.055071453928357883e-02
-1.048070635706371823e-02
-1.050907693530200859e-02
-1.051388630774108268e-02
-1.046451402463921543e-02
-1.050110670863596551e-02
-1.049421690057350531e-02
-1.048672530028021965e-02
-1.042175029805492148e-02
-1.042886678926180366e-02
-1.045717434675447199e-02
-1.035848725987481567e-02
-1.036784028633991328e-02
-1.039730411592132420e-02
-1.008176714934444496e-02
-1.010224851797669743e-02
-1.013366572787943731e-02
-1.003392383384715814e-02
-1.003538826872968359e-02
-1.007804990137461942e-02
-9.926056528367421805e-03
-9.981923475572029858e-03
-9.962590271138771492e-03
-9.917210650349617129e-03
-9.801676326847585941e-03
-9.855958432009592762e-03
-9.851680920064220803e-03
-9.799258554940293298e-03
-1.013882657324244319e-02
-1.019690092421787764e-02
-1.016329732782039752e-02
-1.022854255916161303e-02
-1.024132716542430765e-02
-1.027252550284774024e-02
-1.029596442645719367e-02
-1.030614544250374465e-02
-1.033657873642185310e-02
-1.065961264437326195e-02
-1.068815304489112439e-02
-1.067540079839779388e-02
-1.065133073278906606e-02
-1.059272100083313850e-02
-1.061938443612736593e-02
-1.058523018523244152e-02
-1.050438326111441389e-02
-1.051419538837949919e-02
-1.054170135310877887e-02
-1.047270300403657650e-02
-1.045105041333088680e-02
-1.045787286821092676e-02
-1.048777748855028724e-02
-1.045117284266089408e-02
-1.039011980224435749e-02
-1.032720171633877415e-02
-1.010979469551837040e-02
-1.005658667331665868e-02
-9.940682310256021559e-03
-9.989409275447669323e-03
-9.986400248596094542e-03
-9.931817175414858756e-03
-9.813124012114537997e-03
-9.868638506315030590e-03
-9.861699921785427314e-03
-9.805678445610810368e-03
-1.018409398448200109e-02
-1.026231727575138697e-02
-1.062628566559425947e-02
-1.052379193322983131e-02
-1.055855306575237407e-02
-1.055073879380080681e-02
-1.051348529810397503e-02
-1.047780215166577156e-02
-1.040225967188662670e-02
-1.044159158729451864e-02
-1.043344250798750039e-02
-1.038336728117050800e-02
-1.041734957255768812e-02
-1.042405396767187575e-02
-1.041207202752558736e-02
-1.034166924028667722e-02
-1.034997299704620843e-02
-1.038150950162863850e-02
-1.027603561787199249e-02
-1.028589499807802676e-02
-1.031706285331712714e-02
-1.002163415836027083e-02
-1.008039979333785752e-02
-1.005112068289543137e-02
-9.974199827957719311e-03
-1.000344007741876817e-02
-1.002716784645357739e-02
-9.955873566738993041e-03
-9.834626149736624967e-03
-9.886561536067095535e-03
-9.879406805236135014e-03
-9.821986306845220671e-03
-1.015028860829703117e-02
-1.014429517856929586e-02
-1.018925156955374778e-02
-1.021116378830011495e-02
-1.021979147902229990e-02
-1.025339267763419882e-02
-1.044945452542744846e-02
-1.048630377097825583e-02
-1.047649816885848351e-02
-1.044988097951476957e-02
-1.039292511468614677e-02
-1.037202357100885930e-02
-1.041196962623852640e-02
-1.037783665554847801e-02
-1.037180189698999611e-02
-1.030852361225814695e-02
-1.024329039657090323e-02
-1.006070032239247958e-02
-1.004042746341604619e-02
-1.010035188729202504e-02
-9.996488058187424919e-03
-9.865813918547627903e-03
-9.918855618022082155e-03
-9.902425516471136113e-03
-9.848248063156206378e-03
-1.018037226527668260e-02
-1.010534190913420227e-02
-1.041093367726425578e-02
-1.031638640233273341e-02
-1.035949577052747150e-02
-1.034998642760298626e-02
-1.029524811907278625e-02
-1.033402275076206189e-02
-1.033935429068827405e-02
-1.032911283467319308e-02
-1.024763749028534399e-02
-1.026172175784101359e-02
-1.029446506375997217e-02
-1.018211010326597332e-02
-1.022871005060843608e-02
-1.019647644308896428e-02
-9.955006909704744444e-03
-1.000759754910990340e-02
-9.987842086107145967e-03
-9.905895396918551477e-03
-9.962907134071663506e-03
-9.939393350985203934e-03
-9.884047065030654444e-03
-1.011921298488999144e-02
-1.013445697213455343e-02
-1.016475380881581847e-02
-1.008943850754784322e-02
-1.030591614672299317e-02
-1.028191197395716960e-02
-1.021438796800605564e-02
-1.014995960012277099e-02
-9.929087005917880404e-03
-1.001142031582630265e-02
-1.003641075834332819e-02
-9.982429766889067135e-03
-1.006506889343894429e-02
-1.021875375656378093e-02
-1.025714936013777390e-02
-1.026780795175802341e-02
-1.023326523013967648e-02
-1.014534053878618503e-02
-1.019636586666328171e-02
-1.016361621737221776e-02
-1.007592623287562050e-02
-1.012869476792083168e-02
-1.009732723273609745e-02
-1.004320678821063462e-02
-1.018201345188934903e-02
-1.011019822195596829e-02
