7.202561845768493795e-19
-1.613779364854228834e-04
0.000000000000000000e+00
-7.871881384974299678e-05
0.000000000000000000e+00
-7.844523161998232050e-05
-1.354753040651154525e-04
-1.500882807450023768e-04
-6.515073737922352911e-05
-1.436013247504610429e-04
-6.955583706441927842e-05
-1.535565189277709845e-04
0.000000000000000000e+00
-6.597605063192392601e-05
0.000000000000000000e+00
-2.977666318480935758e-04
-2.169563076760889532e-04
-2.295982161819440023e-04
0.000000000000000000e+00
7.103717056256820024e-19
-6.985020779165952015e-05
-2.963210876063566285e-04
-2.196217880649651221e-04
-2.295525991802649748e-04
-1.055128981613121311e-04
-5.117853964621911272e-05
-1.218164392528474881e-04
-2.674685291972453589e-04
-2.888147312297059937e-04
-2.016565167359033427e-04
-3.264413991256163603e-04
-3.157639129558855243e-04
-2.451649249897087696e-04
-1.251093668783936430e-04
-6.081147800561534589e-05
-1.343406432090434727e-04
-2.999768867516920158e-04
-2.198194304357733997e-04
-2.987672486186310748e-04
-3.134718045609647882e-04
0.000000000000000000e+00
-4.974690207220841542e-05
0.000000000000000000e+00
-1.901038386023532010e-04
-4.684179390003983222e-04
-3.842038583332583719e-04
-3.709619358507410328e-04
-4.622166153179348364e-04
-3.956034919109402718e-04
-3.814621637439883674e-04
0.000000000000000000e+00
0.000000000000000000e+00
-6.099223805478438259e-05
-2.104342912299063048e-04
-4.391119201805086174e-04
-3.687310134008695700e-04
-3.685940931718774687e-04
-4.481805373739201101e-04
-3.732252121009415518e-04
-3.882126866981807159e-04
-1.545574105473473568e-04
-1.366411118177797077e-04
-8.057006934273142269e-05
1.097003147643133654e-05
-7.876541381192112630e-05
0.000000000000000000e+00
-1.639938782516743750e-04
0.000000000000000000e+00
-8.300152365100892105e-05
0.000000000000000000e+00
-8.536771289821456620e-05
-2.209556120346691487e-04
-4.391445042844104897e-04
-3.532809353200354850e-04
-4.542260455349328777e-04
-4.679085422246249612e-04
-4.574007731159681137e-04
-1.171361606344475546e-04
-1.211843644762766172e-04
-5.720665004664902384e-05
-2.451432542396229193e-04
-2.715993445406717898e-04
-1.843779492500021973e-04
-4.455166705530696353e-04
-4.515384345857758122e-04
-4.461081456769140727e-04
-3.747931667024964261e-04
-1.749376954720957209e-04
-2.075826520250151352e-04
-1.949977190073362305e-04
-9.708194456080336706e-05
0.000000000000000000e+00
-9.595371135742101478e-05
0.000000000000000000e+00
-4.091261035541613389e-04
-3.404389581134811132e-04
-2.846348861111349608e-04
-6.097316663059928771e-04
-5.379466470546291450e-04
-5.231084360914255507e-04
-4.279004066954769300e-04
-6.468804263172615084e-04
-5.546394941828019934e-04
-5.586531638477191305e-04
-6.166053590290019454e-04
-5.326951816506017004e-04
-5.398332443765282160e-04
5.545722832439684482e-19
0.000000000000000000e+00
-5.735096560210799482e-05
-1.803381466981398217e-04
-3.580583208347464311e-04
-3.287382457864492132e-04
-3.014172803590797604e-04
-5.964520912911771200e-04
-5.182202676468973838e-04
-5.227979113699787002e-04
-5.865754844441445088e-04
-5.186397439266425026e-04
-5.133373236888634679e-04
-4.040767902038977163e-04
-4.307753084869038224e-04
-2.948484568321642265e-04
-3.009906204742292908e-04
-4.550548624136004777e-04
-3.286669625623423602e-04
-3.132610505054074816e-04
-2.224908600415194393e-04
-1.038051325489077083e-04
-2.171450538436380667e-04
0.000000000000000000e+00
-1.008048254143773702e-04
0.000000000000000000e+00
-4.251709776319613845e-04
-6.342440726106366410e-04
-6.249806024819243994e-04
-5.527328131698736741e-04
-5.096204054551554691e-04
-6.322340317885850750e-04
-6.428013285896998566e-04
-6.073414910781236523e-04
-1.116263376327714097e-04
-5.469785533136015002e-05
-1.143507263906250735e-04
-2.348784427003592235e-04
-1.752956790033909020e-04
-2.402170860315279378e-04
-3.489446459954952812e-04
-2.967764811009214769e-04
-3.534369500353901419e-04
-5.924664124908581367e-04
-5.855351103589249984e-04
-5.178850084985057653e-04
-5.865260892149102819e-04
-4.537191319965066041e-04
-4.053826828395129360e-04
-4.523907564354719829e-04
-4.511011667899262473e-04
-5.204161132279835206e-04
-4.934304298902599971e-04
-3.561812806578933122e-04
-3.636747917474668790e-04
-2.697768796898322632e-04
-1.267411564265414096e-04
-2.492995821273737839e-04
0.000000000000000000e+00
-1.190314536218149352e-04
0.000000000000000000e+00
-6.627553719475143528e-04
-5.369234965178664495e-04
-5.479257954074970250e-04
-8.116877989846910807e-04
-7.241094115082193344e-04
-7.099764144626102488e-04
-6.374781110855236169e-04
-8.008083243194842127e-04
-7.239887988983365443e-04
-7.087417536278195832e-04
-8.177017473934089856e-04
-7.329436231697872631e-04
-7.268979188481536000e-04
-7.682897326351682604e-04
-6.924304341461018364e-04
-6.823379615307258996e-04
0.000000000000000000e+00
5.467992504904727567e-19
-5.481395527285465308e-05
-1.724838479860756404e-04
-2.918628644186859822e-04
-4.008715921204609165e-04
-7.444500606374563354e-04
-6.655426713264281282e-04
-6.705047754791425329e-04
-7.287743181067452220e-04
-6.567925087522255784e-04
-6.577620390964621739e-04
-5.188747209645066345e-04
-7.341890653810531110e-04
-5.829546499640026521e-04
-5.957017422100719609e-04
-8.243933564024966869e-04
-6.391562308065330562e-04
-6.679239783778158921e-04
-5.848077541496989745e-04
-5.552507160512358542e-04
-3.959241431352325882e-04
-4.215734244065144458e-04
-4.262338982419716172e-04
-3.472963872797640069e-04
-1.997447530571742262e-04
0.000000000000000000e+00
-1.859059557711520991e-04
0.000000000000000000e+00
-7.001075634695914582e-04
-8.774696075104735380e-04
-8.451472714180932730e-04
-7.424548575860046278e-04
-8.168861035816651212e-04
-7.701027500574745112e-04
-7.845532653524596315e-04
-8.099920055248781281e-04
-7.564001353829834240e-04
-1.099299766611429481e-04
-1.106906642042596934e-04
-5.401271890798438915e-05
-2.161775835800459553e-04
-2.255162724022010973e-04
-1.630634613639481785e-04
-3.321793911026527514e-04
-2.832537643251042047e-04
-3.403456338842824475e-04
-4.625185183241412902e-04
-4.052567362550323071e-04
-4.579902440924980833e-04
-7.367383677316851828e-04
-7.194304140062043884e-04
-6.521496464736301416e-04
-7.241615631495069202e-04
-5.844514772097401945e-04
-5.185669751364817975e-04
-5.848864994047065641e-04
-7.799293597587042244e-04
-9.448940519882851469e-04
-8.848604617580696149e-04
-7.274515047283524813e-04
-7.601682174522255819e-04
-7.312330579999403238e-04
-5.098014857900861566e-04
-6.654748873158554401e-04
-5.945401603469234117e-04
-7.065545843767766492e-04
-3.218065542856872832e-04
-5.628508341090311326e-04
0.000000000000000000e+00
-3.028200526231797710e-04
0.000000000000000000e+00
-9.661486375523555339e-04
-8.133234774103043421e-04
-8.489297159528360823e-04
-1.091343748253969896e-03
-9.836495082312666019e-04
-9.505512364830085228e-04
-1.011033528902221656e-03
-9.145760815356101386e-04
-9.109098048498253525e-04
-9.207317415265885499e-04
-9.528585217217057715e-04
-8.599399026256084738e-04
-8.762365981795558739e-04
-1.005980762847649701e-03
-9.032878052091421065e-04
-9.122533385371672885e-04
-9.137692636120079131e-04
-8.287222475407054340e-04
-8.406054745369054499e-04
-6.107845980869361768e-19
0.000000000000000000e+00
-5.396971548027882162e-05
-1.621583583173195290e-04
-2.734645410347935277e-04
-3.966796793835250653e-04
-5.229166241391827253e-04
-8.841874430782511009e-04
-8.062224922961120721e-04
-8.140261276221499647e-04
-8.634455043935195841e-04
-7.911610026769854472e-04
-7.958970828696582383e-04
-6.515478892115920961e-04
-1.087238443786854407e-03
-9.080864503804640490e-04
-9.530454871773627080e-04
-1.253899121077912395e-03
-1.034028245542913029e-03
-1.096075852596903408e-03
-1.132446931886411630e-03
-8.502592452016705105e-04
-1.037128450499311474e-03
-9.320158049559543363e-04
-1.284068373313312309e-03
-9.917127060636242962e-04
-8.492811280906051958e-04
-9.879173068173914204e-04
-1.044264623581142928e-03
-8.782314762164399134e-04
-4.753175040085422611e-04
1.773839652966509675e-04
-4.317173363226502040e-04
0.000000000000000000e+00
-2.332126947241132658e-03
0.000000000000000000e+00
-7.773099946647200626e-04
0.000000000000000000e+00
-8.441237989038869556e-04
-1.022906078512532922e-03
-1.168490963521034987e-03
-1.129527054488032103e-03
-1.023730494813200652e-03
-1.049882359516858587e-03
-1.009095586508691657e-03
-1.066959935950679943e-03
-9.786634853716407248e-04
-9.322727585499624749e-04
-8.983044668081432982e-04
-1.296206681518210840e-04
-6.440595566427746743e-05
-1.200850116519608900e-04
-2.282393208417751122e-04
-1.684426417389449544e-04
-2.220562364755665485e-04
-2.793939854065947146e-04
-4.692945187384413991e-04
-4.002006637841724001e-04
-4.658223931602602209e-04
-5.883802354732438778e-04
-5.250317267413138513e-04
-5.863368871476893132e-04
-8.733542466052854683e-04
-8.492347827604361478e-04
-7.842883314396502034e-04
-8.561414266845205484e-04
-7.155020902496513069e-04
-6.497096320267426242e-04
-7.174325374736468044e-04
-1.162767573308447905e-03
-1.470056168351316795e-03
-1.210090989227557111e-03
-1.355723145070902858e-03
-1.304435843273181808e-03
-1.201940441592937430e-03
-1.844859722516942017e-03
-1.530347837142532639e-03
-1.305959081250110138e-03
-1.501228079540489497e-03
-1.452936720549717273e-03
-4.321875755540937301e-03
-2.334487808709499648e-03
-2.958740190317471486e-03
-7.917105787381289311e-03
-5.950907625919155119e-03
0.000000000000000000e+00
-1.307543409192807879e-03
-1.133458936499422663e-03
-1.193520360625482599e-03
-1.389919691584112337e-03
-1.238173450481419927e-03
-1.278745123940328021e-03
-1.283913237766554517e-03
-1.185768397738621791e-03
-1.145646649813170451e-03
-1.213157755442508326e-03
-1.108383386920154447e-03
-1.110966630685322884e-03
-1.234390207939317814e-03
-1.151221615281454056e-03
-1.050868235678298433e-03
-1.077458330011212689e-03
-1.092152033216128512e-03
-1.002047628857375729e-03
-1.021532844203220259e-03
-1.048048968659560541e-03
-9.654566624793498681e-04
-9.801771613236628065e-04
5.322731016316135366e-19
-6.016319612995483713e-19
-6.454049503068232801e-05
-1.786638181978167025e-04
-3.511802023837166465e-04
-2.892191235888540591e-04
-3.415771893212379666e-04
-5.283909527077556775e-04
-4.096723823799851283e-04
-6.516350497322610791e-04
-1.015634187038355792e-03
-9.390475409109688308e-04
-9.493657813432547195e-04
-9.924436515400881283e-04
-9.206170483319515985e-04
-9.275317619812466479e-04
-7.823079783041173929e-04
-1.488207983498348805e-03
-1.281857560951214260e-03
-1.364814114900406465e-03
-1.729803261059987239e-03
-1.482565913401403482e-03
-1.598760149126779353e-03
-1.789311688911681200e-03
-1.624352998889523310e-03
-1.465879724113685473e-03
-1.534444684674240739e-03
-2.302613136587768235e-03
-1.765161082569406941e-03
-2.091293761377215760e-03
-2.748818908778922002e-03
-1.998564297847582952e-03
-2.272699586904044014e-03
-2.522520549134793944e-03
-4.839307501821473421e-03
-3.349101356591472223e-03
-4.420813342738751442e-03
-5.620432535089557591e-03
-5.204860277813884266e-03
-7.628256139254907878e-03
-1.388145806341243909e-03
-1.494153632866963496e-03
-1.439680677829588504e-03
-1.333567340774294979e-03
-1.332566912703107408e-03
-1.245592594123759965e-03
-1.179848962135352126e-03
-1.400131161145747125e-03
-1.119540920412603370e-03
-1.068465690541600677e-03
-1.030642658013302499e-03
-1.180219716680739640e-04
-1.242451949345040182e-04
-5.839804577785093025e-05
-2.579649675102500426e-04
-2.430156359504729094e-04
-1.938060929534903172e-04
-3.041623127017522611e-04
-5.958853522421703186e-04
-5.921036490869762987e-04
-5.322724284206965719e-04
-4.766649623977750952e-04
-4.729473582937567889e-04
-4.135339306753128569e-04
-7.156231276777263312e-04
-6.518047560938609918e-04
-7.155413065138187603e-04
-1.003137898898575015e-03
-9.734775884528745803e-04
-9.114841853431205742e-04
-9.824576379824393954e-04
-8.410379041652491731e-04
-7.782535217211884043e-04
-8.451112895920935304e-04
-1.593475480530597965e-03
-2.025236321937716640e-03
-1.866075732828288312e-03
-1.758322777731244086e-03
-1.919637476841689911e-03
-2.014036728675163042e-03
-2.926566924399283919e-03
-2.579588294155384792e-03
-2.445133562128647825e-03
-2.907231918422219924e-03
-3.526064556605613791e-03
-5.166972224313097321e-03
-1.664474342657660481e-03
-1.570334248950346068e-03
-1.481123040991025232e-03
-1.674680015168604659e-03
-1.583762276889811270e-03
-1.528718215457953869e-03
-1.554028891364094347e-03
-1.416103150139084912e-03
-1.469044422775807931e-03
-1.448665406144501299e-03
-1.328476783740900613e-03
-1.364089360631354827e-03
-1.354783992343942291e-03
-1.251082552579801509e-03
-1.282126653807845289e-03
-1.573822643485153078e-03
-1.277615200321325891e-03
-1.183478612883463125e-03
-1.212907773314991517e-03
-1.217754499909029465e-03
-1.131833993259430925e-03
-1.153785377444323896e-03
-1.172295895323998381e-03
-1.109264598514850524e-03
-1.093141119541105044e-03
0.000000000000000000e+00
5.239742401896059117e-19
-5.848673424410747872e-05
-2.380693101003642648e-04
-1.779370426916993247e-04
-1.840609316222880992e-04
-2.482953683429765020e-04
-3.557092727894265241e-04
-3.533692737740382409e-04
-3.065114875027738061e-04
-6.555589935524375753e-04
-5.359704983102980607e-04
-4.157893723324343743e-04
-7.783052445195340384e-04
-1.138283635919760343e-03
-1.076246337418338382e-03
-1.064728001269041324e-03
-9.073672773630908975e-04
-1.115616423074000793e-03
-1.053477828593846893e-03
-1.044114009324503475e-03
-1.895032497057851529e-03
-1.683867212287003430e-03
-1.803965109635441606e-03
-2.188300531549757996e-03
-1.948456538553258732e-03
-2.107827242103610214e-03
-2.438596918564061092e-03
-2.227159255154850630e-03
-2.132018452086959295e-03
-2.367644569776550939e-03
-3.011905875519482051e-03
-2.636665162635616622e-03
-2.982747153818317461e-03
-3.841803584506926772e-03
-3.373877106832372762e-03
-3.362791491209330547e-03
-4.202925827503443089e-03
-4.709849586277216338e-03
-4.879057226860627518e-03
-5.304790962198919699e-03
-1.766049647106597261e-03
-1.818786028655533862e-03
-1.742404332949827129e-03
-1.660030867702112474e-03
-1.607870574922696215e-03
-1.496237384298150681e-03
-1.397430022034903702e-03
-1.312776162410213623e-03
-1.740701343201678762e-03
-1.245114027575788514e-03
-1.193052218064010427e-03
-1.153757587587824363e-03
-1.183425766103607900e-04
-5.872475457241799267e-05
-1.181570856539932574e-04
-2.378251368454116510e-04
-1.775436417245047568e-04
-2.382668552157831722e-04
-2.968788435688961996e-04
-7.204091532249704520e-04
-6.580178636250511373e-04
-7.180234713747993616e-04
-6.013107283670349537e-04
-5.387305842817283197e-04
-5.985737993645483257e-04
-4.776667503122201952e-04
-4.163557350704387428e-04
-4.771007771979798515e-04
-8.350413173079147692e-04
-7.753799266640108018e-04
-8.380889859730984845e-04
-1.125760217554612301e-03
-9.714751921751666949e-04
-9.717648937200348966e-04
-9.056331117977146211e-04
-1.097509577384722049e-03
-1.105730447849978971e-03
-1.035028534757724550e-03
-2.022586909674557731e-03
-2.523469088666769646e-03
-2.343170399586667896e-03
-2.287816152185965894e-03
-2.495636282870556267e-03
-2.700962879560886692e-03
-3.565328485584155771e-03
-3.279010509492715983e-03
-3.271573295662679945e-03
-3.731574525599878379e-03
-4.557313593322728958e-03
-4.667791276384564668e-03
-4.156728361784326614e-03
-4.647780309263195575e-03
-2.021076551521985322e-03
-1.951196109805453018e-03
-1.836648092106028720e-03
-1.948345294015598958e-03
-1.807565153308133459e-03
-1.883442799706113759e-03
-1.808884422886088529e-03
-1.677759322488807815e-03
-1.738219156132572414e-03
-1.675569770316147691e-03
-1.559148162800673551e-03
-1.611876288754215351e-03
-1.561890805231770825e-03
-1.502812208717829983e-03
-1.455902090074666713e-03
-1.465910699484049631e-03
-1.408386632919323908e-03
-1.369851572484481750e-03
-1.912734800730827699e-03
-1.388622268276575814e-03
-1.331561938949640464e-03
-1.301783460548778951e-03
-1.330233560876747717e-03
-1.272762440813846778e-03
-1.250153650731219285e-03
-1.285387551002471762e-03
-1.210937483660558039e-03
-1.227845897723099829e-03
0.000000000000000000e+00
0.000000000000000000e+00
-5.879478538786588743e-05
-1.777368573767397345e-04
-3.593356847701599695e-04
-2.982330273917448669e-04
-2.986183490477621084e-04
-3.574296337139409516e-04
-7.777554237599849842e-04
-6.607276141115935595e-04
-5.391963200674033865e-04
-4.181158048830147748e-04
-9.024442759013959897e-04
-1.251686864422574437e-03
-1.182935006562930947e-03
-1.194190875596204621e-03
-1.033336426680893892e-03
-1.226887626833001593e-03
-1.161850911286276336e-03
-1.170653105318989438e-03
-2.272495497223334798e-03
-2.221941812306434637e-03
-2.075881208107682903e-03
-2.573273063062936003e-03
-2.371928347313846663e-03
-2.550404461859195893e-03
-2.940323574816835085e-03
-2.706270452301325936e-03
-2.728374323691252178e-03
-2.974005577844536161e-03
-3.399455057317410378e-03
-3.476572879464845823e-03
-3.192719867761249254e-03
-4.107269833049324165e-03
-3.840457474720083801e-03
-3.992157780934427885e-03
-4.313222882758468990e-03
-4.255494859410351334e-03
-4.416515540189425507e-03
-4.474118658484679129e-03
-2.131905413453870878e-03
-2.109169749143343861e-03
-1.968693160069349361e-03
-2.023806015318632169e-03
-1.871050121849028233e-03
-1.735571565455880459e-03
-1.613303063038205691e-03
-1.509516160818222697e-03
-1.423787148037195492e-03
-2.064126596581538839e-03
-1.356792556908193934e-03
-1.305705900054061983e-03
-1.266845960708230800e-03
-1.198785886583086821e-04
-1.190840435639870941e-04
-5.962881353275064511e-05
-2.390927135434254842e-04
-1.784467090488019235e-04
-2.384458118178307308e-04
-3.762395158912646038e-04
-3.067010820712791786e-04
-3.676497458068774676e-04
-8.371907118799230916e-04
-7.788536328158730858e-04
-8.361638000788755576e-04
-7.287333990470382149e-04
-6.649473182365585669e-04
-7.245822971918904369e-04
-6.135772245721470355e-04
-5.454202406410075740e-04
-6.074314997323694912e-04
-4.936276822642006023e-04
-4.261709488786796438e-04
-4.855922496208812250e-04
-9.364561687208424259e-04
-9.528379432925878105e-04
-8.859761461089039631e-04
-1.237987324425230892e-03
-1.130668986702459793e-03
-1.050871465658043472e-03
-1.114025906932225108e-03
-1.229608921294190332e-03
-1.227901942506330786e-03
-1.163679541060992162e-03
-2.405431350618280478e-03
-2.895242932387392248e-03
-2.723916572831707253e-03
-2.720492273041076429e-03
-2.928265763715630875e-03
-3.154556476981407696e-03
-3.746626951489365025e-03
-3.646372433302703768e-03
-3.548757188808730409e-03
-3.890771987765129572e-03
-4.173908967435262587e-03
-2.322779653764377346e-03
-2.166331498634653172e-03
-2.291059184322879680e-03
-2.185956170875011373e-03
-2.062837505595099298e-03
-2.147517659367154455e-03
-2.034888677487099728e-03
-1.918063227353592349e-03
-1.987732041662855324e-03
-1.888898478103214103e-03
-1.845683886991482739e-03
-1.779232855935126111e-03
-1.765896063792881006e-03
-1.718056573563202932e-03
-1.661180040122629993e-03
-1.651782113252084003e-03
-1.604638348269305133e-03
-1.556597296090009123e-03
-1.554776892706396987e-03
-1.508503546256114575e-03
-1.470193060231583023e-03
-2.209294014596957859e-03
-1.486761250658747303e-03
-1.407143547464453567e-03
-1.436201684305449342e-03
-1.430857440781355648e-03
-1.379295061898559195e-03
-1.356985247898400380e-03
-1.386605795386640404e-03
-1.318219693110429108e-03
-1.334959519055815835e-03
-2.387434737133593593e-19
0.000000000000000000e+00
-5.967837555610241144e-05
-1.792522383370835463e-04
-3.073789644066457667e-04
-4.345654147643309914e-04
-7.830031046792635188e-04
-8.870026269988440281e-04
-6.710865781023933130e-04
-5.533884716032754555e-04
-1.041553468163567558e-03
-9.892956660732346065e-04
-1.006367950361429509e-03
-1.351949185641172432e-03
-1.288786185255355425e-03
-1.300973160610348345e-03
-1.085976276098312397e-03
-1.180285086313643834e-03
-1.342594569346287686e-03
-1.285979701939483130e-03
-1.284190751317966332e-03
-2.575266971664449955e-03
-2.417605735379777659e-03
-2.567491999862588428e-03
-2.850543314405423658e-03
-2.706310963179228181e-03
-2.874480143622305892e-03
-3.235953989900631697e-03
-3.098974506493334686e-03
-3.063632053475628600e-03
-3.316970704335106546e-03
-3.578452495423324956e-03
-3.480935536539444923e-03
-3.646994304468135356e-03
-3.820666122944617500e-03
-3.771431701673695278e-03
-3.950776621628529495e-03
-3.888257210254185588e-03
-4.017067009847699079e-03
-4.083699659537333264e-03
-2.436027132338113455e-03
-2.102243871591814514e-03
-2.355124568746976704e-03
-2.265533338042706370e-03
-2.237013796192993415e-03
-1.954862255925871126e-03
-1.821716910403132139e-03
-1.703926743163645778e-03
-1.599184855332700739e-03
-1.517776222145565158e-03
-2.338060982719142485e-03
-1.456209697153245048e-03
-1.406561644714436751e-03
-1.367517059697916700e-03
-1.228229254786819958e-04
-6.120437700055121188e-05
-1.213271235530531905e-04
-2.403361591831370062e-04
-2.396923203332156365e-04
-1.799406623503627502e-04
-3.543076648734751178e-04
-3.651276774732574275e-04
-2.965784303988671321e-04
-5.254866317305211150e-04
-5.094824358705784661e-04
-4.506941793217525069e-04
-8.400017515503092327e-04
-8.386075057871706121e-04
-7.843941569962271064e-04
-9.374018419192847555e-04
-8.874007582224878281e-04
-9.369159132550253927e-04
-7.398948684924716796e-04
-6.767190860934944180e-04
-7.343177016144577856e-04
-6.271222643559216242e-04
-5.602406648391250943e-04
-6.203262368968381207e-04
-1.035377408511315789e-03
-9.861203419562168671e-04
-1.038498395289240255e-03
-1.346104471732681657e-03
-1.135347956140123982e-03
-1.088595970001611513e-03
-1.133072642286127654e-03
-1.239966662208716146e-03
-1.185609570661490079e-03
-1.234923327389681955e-03
-1.337823272684524837e-03
-1.284124640215144122e-03
-1.339773409615178414e-03
-2.700376887260082671e-03
-3.116815097818798844e-03
-3.012579654379786073e-03
-2.977330487835723460e-03
-3.180098766337312310e-03
-3.398355003658292892e-03
-3.679044123311579935e-03
-3.854143030924165984e-03
-2.563545357763603004e-03
-2.438407596214086856e-03
-2.564001708180470643e-03
-2.229824703720629121e-03
-2.128974851976459491e-03
-2.204393902659332934e-03
-2.387109613228146320e-03
-2.283145213855448854e-03
-2.371644184249992876e-03
-2.082397640350857129e-03
-2.055493982583137501e-03
-1.982711793058066115e-03
-1.951536137671345053e-03
-1.855938975321347675e-03
-1.917394038407281044e-03
-1.827651850971777868e-03
-1.737179682520763151e-03
-1.794331111203893887e-03
-1.716689214387435297e-03
-1.634068674784697976e-03
-1.682238188846152871e-03
-1.638760361728190760e-03
-1.561237753260812707e-03
-1.595082945356417984e-03
-2.453541054798483514e-03
-1.574411053776363090e-03
-1.529136189129677364e-03
-1.501298142036582017e-03
-1.519991686764387596e-03
-1.474166832038232428e-03
-1.452180504116758284e-03
-1.476884757931466643e-03
-1.430685523673015224e-03
-1.413579573771810323e-03
0.000000000000000000e+00
-2.343946411659129506e-19
-6.126845726707073544e-05
-1.814547327482840067e-04
-2.972354124970089041e-04
-4.543909406719091187e-04
-4.152289681066062901e-04
-4.043252024207316274e-04
-5.761517166249033057e-04
-4.898216540153816582e-04
-7.899729412322643342e-04
-8.888139332106055959e-04
-9.865551126645990751e-04
-6.834861211616952278e-04
-1.085645583911729398e-03
-1.454393398647427574e-03
-1.397830899040806291e-03
-1.402327915069567082e-03
-1.188077189589267519e-03
-1.289408666344584462e-03
-1.440147064398394298e-03
-1.388810474226680148e-03
-1.390572306322292910e-03
-2.792000280529566801e-03
-2.679380724806274330e-03
-2.816669956183269225e-03
-3.017176087775915328e-03
-2.931422498424841264e-03
-3.067886147165854293e-03
-3.350288462327358566e-03
-3.233984117549481944e-03
-3.295681621655790171e-03
-3.453370161589606156e-03
-3.607639550527824007e-03
-3.590321727396793457e-03
-3.710424073510227346e-03
-3.637977718991097266e-03
-3.736456664034850522e-03
-3.765871366457064842e-03
-2.668003457199388546e-03
-2.149595745784128268e-03
-2.301591451172937952e-03
-2.549559645560773528e-03
-2.464223629860685071e-03
-2.456863458095068925e-03
-2.011196274987053778e-03
-1.884404165917415337e-03
-1.767641434351364471e-03
-1.674363405974078900e-03
-1.603614897972122609e-03
-2.555920014765381346e-03
-1.544610928567965872e-03
-1.496275607775335303e-03
-1.463961451311753328e-03
-1.230743214186021638e-04
-1.229869587489686210e-04
-6.150867163752182462e-05
-2.505309352267789426e-04
-1.866370118224376640e-04
-2.454091873481233782e-04
-3.587852564191431086e-04
-2.995252602872649703e-04
-3.565011161369863201e-04
-4.632513332945690544e-04
-4.087797387440042399e-04
-4.587902615092727225e-04
-6.462325431840008731e-04
-5.857959865385293195e-04
-6.366505200555896277e-04
-5.543720375185953514e-04
-5.043615145530074527e-04
-5.399174993907952108e-04
-8.503269457122623973e-04
-7.951514640426779988e-04
-8.451768451837794087e-04
-9.444248365077494850e-04
-9.409217950801154057e-04
-8.922840186199914236e-04
-1.038963279917010096e-03
-9.883149932320754814e-04
-1.037199149420435160e-03
-7.503288803867578290e-04
-6.887368749747459912e-04
-7.450886637693948959e-04
-1.133792113150939359e-03
-1.084812937852573265e-03
-1.134571041301783191e-03
-1.445851614880788163e-03
-1.234278770513490579e-03
-1.185168848633540942e-03
-1.237202316968797310e-03
-1.334539084430669958e-03
-1.287714178727018127e-03
-1.336320946390120350e-03
-1.431293819357158659e-03
-1.385113334321350434e-03
-1.435115359421294638e-03
-2.897393315365565970e-03
-3.212413844596328540e-03
-3.112500853553317251e-03
-3.167463005851567197e-03
-3.282654526272567493e-03
-3.482036678178311237e-03
-3.524255684751546706e-03
-3.412365791358483620e-03
-3.623102196701099426e-03
-3.536794489070831798e-03
-2.741106699624203287e-03
-2.763116223302399498e-03
-2.649425568881377292e-03
-2.248832880259900649e-03
-2.236500136366821254e-03
-2.162969745822055853e-03
-2.391076465255975031e-03
-2.307670779913269764e-03
-2.386104262140156373e-03
-2.538121172393439755e-03
-2.459858048670653975e-03
-2.544125692817218471e-03
-2.118621926035787334e-03
-2.097915793092038766e-03
-2.032656531074338892e-03
-2.002548228320868550e-03
-1.975049799817384620e-03
-1.912617670159753348e-03
-1.872151017010186078e-03
-1.848150461965282227e-03
-1.792976722995792520e-03
-1.783014934881818093e-03
-1.709321857123483274e-03
-1.748085833596418805e-03
-1.712849221551550338e-03
-1.674233356587707944e-03
-1.642177775758777401e-03
-2.641658466593936085e-03
-1.651648055407041286e-03
-1.584556614772619733e-03
-1.611621517256689451e-03
-1.603007949515834925e-03
-1.538844775281121785e-03
-1.560263494026734987e-03
-1.564760903474890930e-03
-1.519774818054568741e-03
-1.508805738608606783e-03
0.000000000000000000e+00
0.000000000000000000e+00
-6.152346519297665576e-05
-1.868458640336440480e-04
-3.046920821861550874e-04
-4.110438625050693066e-04
-5.088245463724363950e-04
-6.982906347191812505e-04
-6.002939014909328000e-04
-8.003441613618398308e-04
-8.974558443925354043e-04
-9.918413715385592834e-04
-1.086642158542923007e-03
-1.184391153894928835e-03
-1.554469414292955357e-03
-1.496536844247492795e-03
-1.503655633479954699e-03
-1.284932262477958553e-03
-1.383560815260329990e-03
-1.530923095913176279e-03
-1.481087151092063195e-03
-1.484808576187962798e-03
-2.925614714656138947e-03
-2.856708244944198075e-03
-2.969008788803709394e-03
-3.088932940628286161e-03
-3.052451591804165865e-03
-3.150148932908602983e-03
-3.354738237192522905e-03
-3.282952821313852437e-03
-3.353596749482110409e-03
-3.418273302858597460e-03
-3.441152698679994341e-03
-3.530126123194682504e-03
-3.542337732589466524e-03
-3.425029256972651932e-03
-3.449659953351917694e-03
-3.512651612591427552e-03
-2.827674391497093064e-03
-2.178458896599114701e-03
-2.314338894670046800e-03
-2.458852113489610157e-03
-2.688382694697998357e-03
-2.622223356162087585e-03
-2.610177473883115891e-03
-2.056187944863024746e-03
-1.933123845246345705e-03
-1.824340931879067651e-03
-1.744792976368147140e-03
-1.679384146776500587e-03
-2.714399408316508361e-03
-1.624821219226836155e-03
-1.581750560592400014e-03
-1.558079867977053921e-03
-1.444262965979843075e-04
-7.228482910379828593e-05
-1.337278239434088779e-04
-2.773098495994592502e-04
-2.002419021831349302e-04
-2.638552502487556510e-04
-3.805902712808549170e-04
-3.156500055126443792e-04
-3.696700289508443832e-04
-4.789226853407304620e-04
-4.189318589571197236e-04
-4.710819677072198425e-04
-5.766294338171371048e-04
-5.199980003054594652e-04
-5.654987769724004795e-04
-7.678467169863072194e-04
-7.070822665365523139e-04
-7.590589613018614186e-04
-6.729518954323625637e-04
-6.137087445613295016e-04
-6.595963158121964133e-04
-8.602073835710156470e-04
-8.552241271500226304e-04
-8.052683441731869549e-04
-9.537446705767142416e-04
-9.020771798427997673e-04
-9.490988598113148100e-04
-1.047630559784971764e-03
-9.961700797053675213e-04
-1.043360799218104144e-03
-1.138502230185236760e-03
-1.088957019581606941e-03
-1.136193290991032454e-03
-1.233406616560434044e-03
-1.233922741655433392e-03
-1.183933320106856897e-03
-1.541179391445934854e-03
-1.326491251704923352e-03
-1.280819476272922024e-03
-1.330588874307651187e-03
-1.419420967360644943e-03
-1.377511018626232167e-03
-1.425446561971189553e-03
-1.511120546527058763e-03
-1.471854163710505960e-03
-1.520340323390698134e-03
-3.004197135426200753e-03
-3.216341918813072232e-03
-3.215023660173711717e-03
-3.152771076844348985e-03
-3.284789357529971972e-03
-3.387239066692733155e-03
-3.434027149073284185e-03
-2.846258981045275346e-03
-2.792205675731828859e-03
-2.884245532809278159e-03
-2.259992537573998501e-03
-2.187220856613135596e-03
-2.252070109253166523e-03
-2.384966962870594537e-03
-2.385641050070889252e-03
-2.314685479314376737e-03
-2.516296754411116807e-03
-2.451583055760760826e-03
-2.524932886873831449e-03
-2.648162983397793230e-03
-2.591357567420070427e-03
-2.668513455466789246e-03
-2.146692627459122812e-03
-2.072741100087227475e-03
-2.131014975186932593e-03
-2.005432153354840246e-03
-1.937602357763890852e-03
-2.002429570753878202e-03
-1.917454075523153780e-03
-1.848651413731406106e-03
-1.892973350116525016e-03
-1.842547121774479324e-03
-1.811153336362046314e-03
-1.776194810958683923e-03
-1.777162151144861049e-03
-1.743521060904180617e-03
-1.713070412186120002e-03
-2.765401171349991718e-03
-1.722529456710826263e-03
-1.685742327788562409e-03
-1.661593643637732792e-03
-1.679808009947575181e-03
-1.640260796652020549e-03
-1.621312923476235989e-03
-1.653915973606353250e-03
-1.603311872301566542e-03
-1.608434493436393473e-03
0.000000000000000000e+00
0.000000000000000000e+00
-7.227974503566138298e-05
-2.110619256565398260e-04
-3.291142828425331203e-04
-4.298842485179676584e-04
-5.278765046927633153e-04
-6.248788457953190255e-04
-7.204817230809939816e-04
-8.140160394798797404e-04
-9.069452527899798510e-04
-1.000853223473949748e-03
-1.093354812837223251e-03
-1.186318151043674538e-03
-1.280424092337301709e-03
-1.625248054709648197e-03
-1.577341006231360596e-03
-1.589065910860472733e-03
-1.373533348730611578e-03
-1.465949843765539020e-03
-1.602115054967084146e-03
-1.556645651295311466e-03
-1.565856801291826313e-03
-2.987437048056131028e-03
-2.955037191923802573e-03
-3.036865863210408238e-03
-3.100717756282920200e-03
-3.156637202503810059e-03
-3.093909374077058981e-03
-3.273203993298623611e-03
-3.313261288521930810e-03
-3.247000181240911922e-03
-3.346848445670237183e-03
-3.287246683252989087e-03
-3.358298038698331444e-03
-3.362312205774260591e-03
-2.913641124562830337e-03
-2.317912306884782007e-03
-2.199666428989001735e-03
-2.446141339025527904e-03
-2.578148542479159408e-03
-2.774242165523541602e-03
-2.709124387231730442e-03
-2.733305752253852201e-03
-2.072616424637163321e-03
-1.958370788743661606e-03
-1.876784937822846555e-03
-1.806861359152794628e-03
-1.747147760239602717e-03
-2.810119884406921641e-03
-1.698843797432235273e-03
-1.664978470429588631e-03
-1.637915670832427138e-03
-1.645083320808509407e-04
-1.545975531623925705e-04
-8.249805308890846795e-05
-2.983070467604425659e-04
-2.216518216879444746e-04
-2.877955218194535106e-04
-4.055641074442356596e-04
-3.416413004371995910e-04
-3.930795522303481013e-04
-5.036188313049445343e-04
-4.422650817340201138e-04
-4.912778661352399517e-04
-6.002710848969751781e-04
-5.397225663611921777e-04
-5.884596491162433392e-04
-6.931802763614257692e-04
-6.350106309156006677e-04
-6.830755442967613097e-04
-7.880980618045168966e-04
-7.306458022962999607e-04
-7.779899271945873648e-04
-8.900049514280790200e-04
-8.287741880218848492e-04
-8.748727409963680604e-04
-9.610243229143304675e-04
-9.104341792787484268e-04
-9.573256153640637145e-04
-1.054997936482471007e-03
-1.004510550844163810e-03
-1.051342979671090160e-03
-1.144633109631330425e-03
-1.096362049854023718e-03
-1.141608031363434972e-03
-1.234957296695329831e-03
-1.187047726925874631e-03
-1.234249269533369345e-03
-1.322964242581271301e-03
-1.278575658569836362e-03
-1.324796515846303653e-03
-1.612284900290130493e-03
-1.411244057386461768e-03
-1.369351541539682443e-03
-1.415406182033183795e-03
-1.498200552909916298e-03
-1.459385829970248454e-03
-1.504759267015333499e-03
-1.580348734603281716e-03
-1.546378344854021803e-03
-1.590603065081899400e-03
-3.041833906441858068e-03
-3.172693645895275499e-03
-3.192228398260059559e-03
-3.134589701188792918e-03
-3.218649787543753811e-03
-3.279694567143692785e-03
-2.894754134891474977e-03
-2.870441048774671419e-03
-2.940967292850876855e-03
-2.377095858389007520e-03
-2.379011455024409097e-03
-2.316685136451928067e-03
-2.264752948540825397e-03
-2.261671962294112704e-03
-2.205519906690140471e-03
-2.491046238459492836e-03
-2.501821113051370775e-03
-2.436328982068528687e-03
-2.605132973332130626e-03
-2.559339744486362200e-03
-2.625120422512032189e-03
-2.715618179259121807e-03
-2.680934652404904674e-03
-2.745091329465901894e-03
-2.127483361833622418e-03
-2.135726314941067700e-03
-2.065459529122037376e-03
-2.039281170851709509e-03
-1.976824033638819884e-03
-2.020630097237443613e-03
-1.962804726549150121e-03
-1.938508704205662344e-03
-1.901191270223479002e-03
-1.892998874734101462e-03
-1.866271210777136272e-03
-1.833722590989470339e-03
-1.833238699003244231e-03
-1.803859682583950838e-03
-1.776795853828266403e-03
-2.834224723308805850e-03
-1.787016795271540890e-03
-1.732363882590006940e-03
-1.753554959136734929e-03
-1.747944631206686285e-03
-1.699921252836886915e-03
-1.712759352159635767e-03
-1.716564097428693002e-03
-1.669976157046391615e-03
-1.684243933398157141e-03
1.925259342376143878e-19
0.000000000000000000e+00
-8.267730114761972105e-05
-2.319993050986928775e-04
-3.522084701131142489e-04
-4.548105371575333965e-04
-5.521242059716197255e-04
-6.468705041841413955e-04
-7.407944091203993650e-04
-8.388642776083741516e-04
-9.250896240303304804e-04
-1.008122252959039967e-03
-1.100084873399677322e-03
-1.190133061728560100e-03
-1.279393029624536961e-03
-1.367626492810230165e-03
-1.684899437493354597e-03
-1.654298265095242859e-03
-1.642577050144465069e-03
-1.455329702118245269e-03
-1.539931342307987103e-03
-1.652972962350076746e-03
-1.627039111390954015e-03
-1.616720555380988036e-03
-3.002662580932386957e-03
-2.993489276199127590e-03
-3.048149977065175726e-03
-3.086221239713892069e-03
-3.092739013355294032e-03
-3.128186238890415510e-03
-3.140902050929540203e-03
-3.154802066655712153e-03
-3.205145160121106868e-03
-3.151315385867345473e-03
-3.215432008879629509e-03
-3.221029739552246085e-03
-2.947110352929004778e-03
-2.430367514687074328e-03
-2.318375981182102270e-03
-2.194623317906765729e-03
-2.544846607090793782e-03
-2.657871837367240669e-03
-2.816244131871909091e-03
-2.764933124427068276e-03
-2.796265301717148263e-03
-2.080589307711066573e-03
-1.997873729744780932e-03
-1.924929081365126578e-03
-1.860421940242115192e-03
-1.807806695187062773e-03
-2.855493700868923842e-03
-1.765327669395744259e-03
-1.730282685475018198e-03
-1.699041571725383708e-03
-1.289004030520350414e-04
-6.438232101804001214e-05
-1.469840016929448981e-04
-3.279748713255221243e-04
-2.466194866035413200e-04
-3.132574843556544877e-04
-4.296155689854348303e-04
-3.642406783777234029e-04
-4.176245654698535707e-04
-5.287974240179502128e-04
-4.674133085997850680e-04
-5.162296364313985692e-04
-6.269972841730887207e-04
-6.136762874963546961e-04
-5.655097962605990783e-04
-7.152933879658127797e-04
-6.579391743183622254e-04
-7.042572578900177342e-04
-8.070960653851321897e-04
-7.503080572550764257e-04
-7.976249099351766106e-04
-8.936967895001097411e-04
-8.915371394545558393e-04
-8.410883802462369848e-04
-9.918287243958819749e-04
-9.762651735296238621e-04
-9.407045601399656584e-04
-1.065365724163228707e-03
-1.013338108489160276e-03
-1.060220877470781971e-03
-1.153148879242368906e-03
-1.104321027726039468e-03
-1.148926723272978168e-03
-1.238030186281506052e-03
-1.191615597194888411e-03
-1.236540884097274938e-03
-1.322958576562097491e-03
-1.279313229756388198e-03
-1.323019865357881637e-03
-1.406799703596609821e-03
-1.365314988631295169e-03
-1.409085751106191158e-03
-1.667500704811656232e-03
-1.489493510297605324e-03
-1.450878059955209264e-03
-1.493913176386703779e-03
-1.566179104430843539e-03
-1.573339641206315895e-03
-1.532751080270881687e-03
-1.632585799689030039e-03
-1.642246649003791664e-03
-1.606971202570859833e-03
-3.040937566467259885e-03
-3.110585335814194073e-03
-3.146327772048810277e-03
-2.897638946355391310e-03
-2.896451185408168393e-03
-2.947213824402286197e-03
-2.468018017688564797e-03
-2.477708645261426229e-03
-2.420871882610359585e-03
-2.371938303563728492e-03
-2.372446270828011336e-03
-2.318826575193323053e-03
-2.219891833476548074e-03
-2.242364402088279935e-03
-2.173748732210392665e-03
-2.565403331412472940e-03
-2.583897191509002163e-03
-2.526954466736779960e-03
-2.660614156921858701e-03
-2.632190113310155059e-03
-2.687267777307438162e-03
-2.747815128158647563e-03
-2.731721455098219849e-03
-2.782249139110961125e-03
-2.146969754340980613e-03
-2.091689726174178390e-03
-2.135714230206118853e-03
-2.070941931744518967e-03
-2.053607724754013576e-03
-2.015519677342288499e-03
-2.001971292425215512e-03
-1.946162808269683584e-03
-1.981084114029877698e-03
-1.934724279823855139e-03
-1.883031465530711490e-03
-1.912712327373177401e-03
-1.883152184961803168e-03
-1.834150604367217399e-03
-1.856998063917339632e-03
-2.857126551199888446e-03
-1.844314095897866580e-03
-1.795198868455822033e-03
-1.814580315883729863e-03
-1.810118076530154276e-03
-1.778010457401617240e-03
-1.762454731023978434e-03
-1.775407600610684131e-03
-1.745454866464262768e-03
-1.729682831124897818e-03
-2.902954980182648770e-19
1.879512951865338926e-19
-6.455639763005161652e-05
-2.470721842053663284e-04
-2.058216249510328930e-04
-1.878315937649111379e-04
-3.792080513294191412e-04
-2.878617357479118012e-04
-4.795027436116788833e-04
-5.781488170046021093e-04
-6.713692624549528467e-04
-7.614018926450584392e-04
-8.505919625446381124e-04
-9.758812361275173361e-04
-9.327120503949935543e-04
-9.347375138121314514e-04
-9.834212516963494743e-04
-1.028606277180422112e-03
-1.109557425868713289e-03
-1.195906934499735459e-03
-1.280878650394632300e-03
-1.365349797952641539e-03
-1.448695621753017405e-03
-1.722581004295659470e-03
-1.703298171352762066e-03
-1.687329166575904978e-03
-1.528444357887307143e-03
-1.599925111512258066e-03
-1.696729534833262432e-03
-1.664786010068886176e-03
-1.674256448932053692e-03
-2.993342328569376532e-03
-3.038973428194928234e-03
-2.997503370486372803e-03
-3.033400180166840113e-03
-3.059645907660201065e-03
-3.086390354967906251e-03
-3.037796156853728516e-03
-3.090701096167742558e-03
-3.094548636564373179e-03
-2.940960810935584150e-03
-2.970766436304943248e-03
-2.918311417184046679e-03
-2.513580780922028066e-03
-2.416187565693003487e-03
-2.314694369350343665e-03
-2.291607635871874878e-03
-2.342026476942299547e-03
-2.268821108480952812e-03
-2.181964304321661399e-03
-2.610932678611944252e-03
-2.703340977969457409e-03
-2.821444937827615254e-03
-2.819172869972907947e-03
-2.784690514497749347e-03
-2.106004267017650040e-03
-2.033812329232054239e-03
-1.965861662142485110e-03
-1.906763464812557055e-03
-1.861710568088106865e-03
-2.859589902703871776e-03
-1.825254588449522729e-03
-1.791395632070739378e-03
-1.748128751251913594e-03
-1.042055578171345066e-04
-1.167358797416953716e-04
-5.242024978943336246e-05
-2.429826268261631173e-04
-1.861026509684829498e-04
-2.451869207523655128e-04
-4.567407111977616198e-04
-3.927161622525004829e-04
-4.432068467949837678e-04
-3.585430107760868498e-04
-3.031519199491006060e-04
-3.432744009059548844e-04
-5.489202730407215930e-04
-5.388602851606995791e-04
-4.895578468214853863e-04
-6.459489679841025171e-04
-6.364747205501519256e-04
-5.876284930569526666e-04
-7.381941006325328652e-04
-6.828101361278711857e-04
-7.267654543974930333e-04
-8.273861216604690757e-04
-7.715494311947624674e-04
-8.172666262074472021e-04
-9.087005900813159738e-04
-8.580844299073779862e-04
-9.012351026288821856e-04
-9.827347002530812965e-04
-9.790495151715088162e-04
-9.384034369957863254e-04
-1.066377226287511595e-03
-1.020772351989026987e-03
-1.028740970836732830e-03
-1.065520399894789080e-03
-1.160156554808825478e-03
-1.156679978746516426e-03
-1.113074650073911940e-03
-1.246490300636624374e-03
-1.242326883625482874e-03
-1.200139542540356414e-03
-1.325601472332731991e-03
-1.282136042372705297e-03
-1.324332482077843036e-03
-1.406137834605944263e-03
-1.364939630737757939e-03
-1.406528121901612274e-03
-1.485186541931620991e-03
-1.446450645548747653e-03
-1.487405489726391621e-03
-1.708607242979162839e-03
-1.562143519085997054e-03
-1.526326286819652388e-03
-1.564235372742232453e-03
-1.623429268748184748e-03
-1.595218019946643539e-03
-1.628072901076934795e-03
-1.683673953173122143e-03
-1.658577376015441928e-03
-1.689863234165717848e-03
-2.965973016248335363e-03
-3.012254814738680835e-03
-3.035470803884772299e-03
-2.870413942872220014e-03
-2.884545069096782627e-03
-2.906132557989882671e-03
-2.530339603790761685e-03
-2.498203162149119708e-03
-2.546659616870095531e-03
-2.453241514301888939e-03
-2.411808924690870409e-03
-2.459024923613796314e-03
-2.386555541998106825e-03
-2.377525698407876795e-03
-2.351088112398771156e-03
-2.235999069923706815e-03
-2.229519042774286836e-03
-2.275637904017413504e-03
-2.191665217006494130e-03
-2.612224531551481880e-03
-2.635502644450392860e-03
-2.588042106553542498e-03
-2.685323844959136390e-03
-2.716222871633448485e-03
-2.672760138875607348e-03
-2.751010326545138499e-03
-2.786297577850761244e-03
-2.749695420294804085e-03
-2.165621004113732311e-03
-2.154872284534656204e-03
-2.117018727870929352e-03
-2.096846540756497172e-03
-2.082885212351759906e-03
-2.048349426182233691e-03
-2.023073080415325672e-03
-2.011382700902176936e-03
-1.977894480636315910e-03
-1.971084911680289972e-03
-1.926196089544206496e-03
-1.951703809949085610e-03
-1.930086945365673025e-03
-1.905631919929836812e-03
-1.886344514906954616e-03
-2.846531605524237323e-03
-1.894857174054312855e-03
-1.868732793616105677e-03
-1.851810705012626145e-03
-1.871811379576146257e-03
-1.823358895615962219e-03
-1.840241007319793048e-03
-1.784721842611577264e-03
-1.753622481055862499e-03
-1.780112922060533755e-03
0.000000000000000000e+00
-2.828461324793302243e-19
-5.258213453799252812e-05
-1.742308897829717394e-04
-3.013355337296722350e-04
-4.080561747509305883e-04
-5.032152771959558582e-04
-5.977377708627940479e-04
-6.923311836162238109e-04
-7.830440249504495766e-04
-8.682437351606848118e-04
-9.459132532868442383e-04
-1.057922535447767057e-03
-1.020199090612952100e-03
-1.016569708727057446e-03
-1.061451878982567869e-03
-1.113253168537992836e-03
-1.203691317730884360e-03
-1.286406025748483561e-03
-1.366296369362304548e-03
-1.446153080420846566e-03
-1.524198891221975605e-03
-1.760506472092258305e-03
-1.728146106998835856e-03
-1.740958425865735603e-03
-1.593240722317717031e-03
-1.654055792734145883e-03
-1.748187806266763645e-03
-1.715936809629066851e-03
-1.721860849197589822e-03
-2.909473117052749965e-03
-2.924578415571840121e-03
-2.951269109687431301e-03
-2.933952052285625136e-03
-2.963422660490661574e-03
-2.983132312688898963e-03
-2.936355646724153699e-03
-2.986014292963418658e-03
-2.987118082149813406e-03
-2.890068718513915010e-03
-2.569263189362710424e-03
-2.489007083874113062e-03
-2.417353031489116125e-03
-2.312414189470654927e-03
-2.315041693948890859e-03
-2.347991638227522708e-03
-2.275873773760379859e-03
-2.199546665111727552e-03
-2.647612697091025237e-03
-2.718067005642714820e-03
-2.800724531206297795e-03
-2.776465390800412960e-03
-2.811079174851697539e-03
-2.128980073073325971e-03
-2.057760005152436261e-03
-1.994833609028742911e-03
-1.948660290928394285e-03
-1.910752155821759946e-03
-2.835634622038267320e-03
-1.881854909399181472e-03
-1.841150803302205735e-03
-1.808779545568326569e-03
-1.855880076364470159e-03
-1.813390813510258083e-03
-1.772003262860788117e-03
-1.477630409956769608e-04
-7.432299549718328758e-05
-1.260273090060185994e-04
-1.961980418378425108e-04
-3.820490802425783976e-04
-3.129379071089212917e-04
-3.703840088255397692e-04
-4.837061335702683780e-04
-4.215346925323200031e-04
-4.702883767078318874e-04
-5.888064760843020676e-04
-5.227871222997354777e-04
-5.685748493903207412e-04
-6.712082333724046952e-04
-6.102887321901514540e-04
-6.586201553023811502e-04
-7.611348181478013591e-04
-7.037931437597622075e-04
-7.497003426219679689e-04
-8.488642212469787009e-04
-7.937604193807290542e-04
-8.381202966829773716e-04
-9.288654826431382017e-04
-9.188046654550358636e-04
-8.782887175412979353e-04
-9.952778650531768009e-04
-9.890467827774773214e-04
-9.521431970464591405e-04
-1.063249854243130278e-03
-1.023174047970137586e-03
-1.060235687268582406e-03
-1.154317408195808942e-03
-1.105677333134900530e-03
-1.109906720159051880e-03
-1.156784088171113750e-03
-1.250111987671208638e-03
-1.205541975881603903e-03
-1.248350347275681803e-03
-1.329081679540154368e-03
-1.288104826466402245e-03
-1.327382818148356569e-03
-1.407761217747940767e-03
-1.367055041423492073e-03
-1.407012918970469836e-03
-1.483914614945801985e-03
-1.484609726161389715e-03
-1.445441822519293994e-03
-1.555699408911288741e-03
-1.558949910651555044e-03
-1.520883414363397110e-03
-1.753269216576253467e-03
-1.618271765833101915e-03
-1.590573759836311132e-03
-1.620853398486556043e-03
-1.676696882921453486e-03
-1.650460527355359763e-03
-1.680242897642608008e-03
-1.735549779873641870e-03
-1.710101824664969454e-03
-1.741343037851343818e-03
-2.921655156774768513e-03
-2.935142412449235315e-03
-2.833137485131393286e-03
-2.852911603032340718e-03
-2.872238072119422028e-03
-2.568934331382964620e-03
-2.589832097577025698e-03
-2.549072572504418321e-03
-2.502390072840729278e-03
-2.515233526892968891e-03
-2.477005409335550270e-03
-2.439698912102700352e-03
-2.411967017233738846e-03
-2.445147278164248959e-03
-2.375051770916920563e-03
-2.344018819383772000e-03
-2.379684636903743253e-03
-2.243286368222000352e-03
-2.241094216171467778e-03
-2.277995379242114815e-03
-2.204709341911035951e-03
-2.632911657691703981e-03
-2.622419144009638381e-03
-2.658634773458612259e-03
-2.687093300038270478e-03
-2.719061152402449215e-03
-2.686013561756618335e-03
-2.738608544244684924e-03
-2.769560147151988415e-03
-2.745000882473870064e-03
-2.181370483418206691e-03
-2.139396735991555901e-03
-2.172745427661638973e-03
-2.098068645452542784e-03
-2.059882162857353764e-03
-2.096545873792530525e-03
-2.049249638429304597e-03
-2.009244584879344049e-03
-2.035129577003197063e-03
-2.005013709608098778e-03
-1.987065622260958571e-03
-1.966699259624458788e-03
-1.967299721511060577e-03
-1.930374312656971385e-03
-1.947950011689904629e-03
-2.818176655165793940e-03
-1.938803563722156856e-03
-1.904887657071322338e-03
-1.916391369241669069e-03
-1.912313436857780756e-03
-1.877235232585768455e-03
-1.891657257452413702e-03
-1.824985718324968406e-03
-1.805407861038488965e-03
-1.833153419379149156e-03
-1.792838534252747668e-03
3.648878825882970883e-19
0.000000000000000000e+00
-7.435604084221180549e-05
-2.962431109125116674e-04
-2.696715397288674751e-04
-2.222791589479742528e-04
-4.334208482079380848e-04
-3.395900567154381384e-04
-5.362894141819501449e-04
-6.300207876001233734e-04
-7.164735316974061782e-04
-8.053086790175845860e-04
-8.890984578789230949e-04
-9.621919060804015079e-04
-1.029466480873474652e-03
-1.147112999368794795e-03
-1.105008650647753112e-03
-1.102090187775532550e-03
-1.149838529639775212e-03
-1.202242214115536133e-03
-1.289957268961604070e-03
-1.368828842468753065e-03
-1.446300697477386800e-03
-1.520298571582534564e-03
-1.587398417763693712e-03
-1.809990262980749193e-03
-1.778535593789237540e-03
-1.784638923786392283e-03
-1.647892794041768728e-03
-1.706652647888590776e-03
-1.797113259096541887e-03
-1.766390843689997483e-03
-1.772078376764993617e-03
-2.838219650210701585e-03
-2.874137075287552801e-03
-2.885073110733005815e-03
-2.845567794158846992e-03
-2.890641761928259418e-03
-2.890599704526883220e-03
-2.837182514710072032e-03
-2.600000642940174505e-03
-2.533859441946637991e-03
-2.468907161737586651e-03
-2.405156906279810186e-03
-2.309528120705593452e-03
-2.312143978698846369e-03
-2.341213795973929538e-03
-2.277857457137578111e-03
-2.211923368753010953e-03
-2.659293117055250982e-03
-2.713040210281259749e-03
-2.770973138564609365e-03
-2.785164765654708600e-03
-2.755275948908347903e-03
-2.134520057525086251e-03
-2.157764180613310281e-03
-2.115673945622951243e-03
-2.115465799055854003e-03
-2.071938849466385853e-03
-2.025230285275985385e-03
-1.984572371374524868e-03
-1.951899971448252565e-03
-2.802138904097941502e-03
-1.924703935361354390e-03
-1.885383227435521395e-03
-1.863932017448693967e-03
-1.898472186020362098e-03
-1.855897758716042265e-03
-1.816960985486782733e-03
-1.549345862587951628e-04
-1.512384120891353215e-04
-7.790382314434099464e-05
-2.939140460594311089e-04
-2.211889296317542095e-04
-2.950779681064569053e-04
-5.122857673590875327e-04
-4.476685700940904490e-04
-4.980243870664726380e-04
-4.102241018216017630e-04
-3.536952330432377098e-04
-3.961786754254461099e-04
-5.900913792607968660e-04
-5.890964551999631170e-04
-5.372123279194002034e-04
-7.151846795786240621e-04
-6.932384779489192579e-04
-6.519775548350514741e-04
-7.862302169483986573e-04
-7.289610783182532252e-04
-7.737245648395123417e-04
-8.716320820630278198e-04
-8.166657054856016340e-04
-8.602921143194490038e-04
-9.768478060228171552e-04
-9.128103012410089274e-04
-9.525504463771315797e-04
-1.013126840585691591e-03
-1.004046913574764208e-03
-9.707937749129662199e-04
-1.068987278849944846e-03
-1.032275205001922805e-03
-1.066089741683243566e-03
-1.148730899706825901e-03
-1.106267104232804433e-03
-1.147474234175871076e-03
-1.252411858007331999e-03
-1.203050912056489140e-03
-1.199425688927223919e-03
-1.250974170196539770e-03
-1.330907579515493849e-03
-1.290762312090614405e-03
-1.330007904542807214e-03
-1.409624512246351619e-03
-1.369711140084145691e-03
-1.408743679583603428e-03
-1.484534004968967105e-03
-1.484319061582045889e-03
-1.446564983516179098e-03
-1.558529605158080018e-03
-1.556711748096737454e-03
-1.521172008784260751e-03
-1.619692534262465698e-03
-1.619025365596502355e-03
-1.587926950992661276e-03
-1.802423046199518215e-03
-1.674970115111812895e-03
-1.675926249835303378e-03
-1.646951959560007204e-03
-1.729396310426421128e-03
-1.703479692427062667e-03
-1.732515196184776767e-03
-1.786645768847140367e-03
-1.761632792765832102e-03
-1.791374352696794604e-03
-2.841645507640439949e-03
-2.772984100529777250e-03
-2.805394540440943850e-03
-2.804259768826957312e-03
-2.584194618449087242e-03
-2.607943330590804017e-03
-2.576115060071009280e-03
-2.530175645557249109e-03
-2.515727607896087355e-03
-2.548769170914541408e-03
-2.474587891044406109e-03
-2.487567902351868997e-03
-2.456489063954533578e-03
-2.419596964897794897e-03
-2.396670821632157760e-03
-2.428785086183038715e-03
-2.364121503366720112e-03
-2.368721593671744424e-03
-2.337230039637708083e-03
-2.255275904669448890e-03
-2.282541394344936823e-03
-2.250375123434835475e-03
-2.219068207573233163e-03
-2.631427709103180239e-03
-2.631651526563548883e-03
-2.658879579100107554e-03
-2.680990255224893586e-03
-2.683978369859396640e-03
-2.709871935073690334e-03
-2.716972513379639804e-03
-2.728063837410975821e-03
-2.743849230694467463e-03
-2.164490705912017459e-03
-2.149289490952458782e-03
-2.172260176274977330e-03
-2.130330047561351716e-03
-2.117935598690701225e-03
-2.082699247245830068e-03
-2.106983372171911117e-03
-2.073525149612655272e-03
-2.060466029620999610e-03
-2.038450679971951819e-03
-2.033494630393457327e-03
-2.000178055226259355e-03
-2.018798620992624110e-03
-1.988973149225348007e-03
-1.977754680623848918e-03
-1.963498019078125083e-03
-2.773232100267964979e-03
-1.959759900023705891e-03
-1.948762733555055391e-03
-1.935546058076318505e-03
-1.932315547532388773e-03
-1.922148519028871140e-03
-1.909240468868192951e-03
-1.867728481605645694e-03
-1.846965865352288849e-03
-1.876660768055301480e-03
-1.838918221485689748e-03
0.000000000000000000e+00
3.538170834636421415e-19
-7.796944888893227621e-05
-2.247603071197121043e-04
-3.526834954598892730e-04
-4.618634674820990579e-04
-5.516295347412107164e-04
-7.169391191581306159e-04
-6.537746746946133079e-04
-6.529064653769882202e-04
-7.510055118502277942e-04
-7.160547589206193130e-04
-8.293037584517594981e-04
-9.242181056687013077e-04
-9.944051240784530961e-04
-1.041061579525699157e-03
-1.109146091403304720e-03
-1.233726128173529175e-03
-1.190217869023872319e-03
-1.191255067399870846e-03
-1.242587904042295310e-03
-1.291672799330748729e-03
-1.370622281875903854e-03
-1.447541528514064216e-03
-1.521436110257341160e-03
-1.588996548540480471e-03
-1.647674560627456581e-03
-1.852783275393523081e-03
-1.824457660914621023e-03
-1.830821159783354354e-03
-1.702710819587672977e-03
-1.758591322063482107e-03
-1.841451866755337233e-03
-1.814118597185638594e-03
-1.818740774190869946e-03
-2.759933309856374504e-03
-2.800172802849061615e-03
-2.803593472299838185e-03
-2.753756829614945317e-03
-2.763961703649905378e-03
-2.795691615323292207e-03
-2.555915638923544897e-03
-2.606695535967961871e-03
-2.500923699707755660e-03
-2.445625697020021444e-03
-2.390345076425663424e-03
-2.312655644576677889e-03
-2.337698430763574583e-03
-2.312115354681205850e-03
-2.285085791649391074e-03
-2.214252314342085668e-03
-2.234007681561340011e-03
-2.196742517545030061e-03
-2.655749534951194670e-03
-2.699249285416369711e-03
-2.723295438352307286e-03
-2.720560011361163651e-03
-2.745948353458128877e-03
-2.187488232788869363e-03
-2.139175004922617106e-03
-2.093921055633926609e-03
-2.052246403704812826e-03
-2.010677166855798920e-03
-1.973443383399317141e-03
-2.747962753717995196e-03
-1.945379316356725223e-03
-1.927836927023197401e-03
-1.906673470700422004e-03
-1.929679905761548780e-03
-1.897867916162825422e-03
-1.859755941976429846e-03
-1.524980199565318588e-04
-7.672801856130342870e-05
-1.535545562827362925e-04
-3.032356437491982686e-04
-2.987485301684760625e-04
-2.296735341549846021e-04
-4.379651565320019993e-04
-3.666381264883108960e-04
-4.241297216228461994e-04
-5.419817241590787040e-04
-4.766862991760260036e-04
-5.272222728750778275e-04
-6.457344356517048366e-04
-5.795177160926472983e-04
-6.180536461500834439e-04
-6.817552758990358570e-04
-8.107275194884034850e-04
-7.632755336128890095e-04
-7.984929101833050658e-04
-7.642580103948773147e-04
-8.998494187264737248e-04
-8.433943626138919528e-04
-8.857904338880323971e-04
-9.888106229117548523e-04
-9.824223668497885503e-04
-9.306186674775291127e-04
-1.075032140608415173e-03
-1.025601646867369031e-03
-1.043685175418904154e-03
-1.071622439795973884e-03
-1.164125761466889772e-03
-1.116574696631370597e-03
-1.156150147335723586e-03
-1.217033470958108626e-03
-1.225101817582483410e-03
-1.182902082975870964e-03
-1.298331596851840311e-03
-1.275424458230333714e-03
-1.265982475777285756e-03
-1.345225974303627600e-03
-1.298891265111463099e-03
-1.338112056767712301e-03
-1.412432546442980198e-03
-1.371965480735070839e-03
-1.411110493241212339e-03
-1.490290440165295939e-03
-1.450091687956657927e-03
-1.487186877961750326e-03
-1.545833660120968234e-03
-1.551496438367029823e-03
-1.515236528360127235e-03
-1.631610087784946331e-03
-1.594721243732761086e-03
-1.625435275496032832e-03
-1.677047431271189853e-03
-1.648651294870549962e-03
-1.676131381330897389e-03
-1.846081794651880607e-03
-1.729931452988423338e-03
-1.702876254397140375e-03
-1.729763608191645964e-03
-1.782073319953256935e-03
-1.784439410354158716e-03
-1.756223488448484683e-03
-1.832622531616469709e-03
-1.810153987779109051e-03
-1.836567361387124973e-03
-2.757569269333407652e-03
-2.284968419667679149e-04
-2.691655202055053941e-03
-2.733304808443661610e-03
-2.722995656183310135e-03
-2.541175680866671754e-03
-2.562177102656893954e-03
-2.535293487340790214e-03
-2.584973458534872356e-03
-2.584184087844628060e-03
-2.607808896046616767e-03
-2.496625944209344104e-03
-2.512864362289050392e-03
-2.485127873284040303e-03
-2.448822316777261345e-03
-2.433840008588612509e-03
-2.461108576514054423e-03
-2.402110050041665092e-03
-2.410303077880697475e-03
-2.382718859205118327e-03
-2.357651913791218579e-03
-2.360184412207747516e-03
-2.335383760832094278e-03
-2.265251510763170717e-03
-2.289067625902670069e-03
-2.261130811292747476e-03
-2.239739980304058988e-03
-2.625934754541810016e-03
-2.628550851199393419e-03
-2.653397259554448294e-03
-2.659395263664673589e-03
-2.670348152670834647e-03
-2.688491854262983587e-03
-2.672858285796162088e-03
-2.695354505472257432e-03
-2.697777808001062053e-03
-2.223767452463401573e-03
-2.193311383235451925e-03
-2.218204071190660667e-03
-2.177798114780801937e-03
-2.147055376972491995e-03
-2.170271972895826927e-03
-2.134817231858389917e-03
-2.125491533013515021e-03
-2.103366544516318062e-03
-2.094345128002012696e-03
-2.083064329071689959e-03
-2.063956395532577648e-03
-2.029903433229551628e-03
-2.009520461569568473e-03
-2.031905762026654967e-03
-2.008181963685052272e-03
-1.983284320226117413e-03
-1.997903063910757421e-03
-2.708111360518731213e-03
-1.978199825672002053e-03
-1.954774683781505210e-03
-1.968312598146856537e-03
-1.952139462622818396e-03
-1.904239249098307364e-03
-1.915503464607201277e-03
-1.886590091687791095e-03
-1.878571860794230920e-03
0.000000000000000000e+00
0.000000000000000000e+00
-7.682426820050962044e-05
-3.716418372953356327e-04
-4.906565080434673346e-04
-5.944582874618377193e-04
-7.680871546840903862e-04
-7.425770789085173228e-04
-7.074155365107976778e-04
-8.556927164939081686e-04
-8.365229242058799287e-04
-7.770518765467104979e-04
-8.236924344922637829e-04
-9.447488473372850012e-04
-1.081603384250267230e-03
-1.035276698215141858e-03
-1.028866390666272577e-03
-1.077619465229083702e-03
-1.119215376112637356e-03
-1.190274949716493228e-03
-1.286400773646882278e-03
-1.251766939323469344e-03
-1.260070156005681317e-03
-1.321936841041408944e-03
-1.292310539633130355e-03
-1.379136967333744997e-03
-1.451401347097575675e-03
-1.517899113655335648e-03
-1.616326632297223655e-03
-1.581022858574959895e-03
-1.587371686567679192e-03
-1.623534158795279271e-03
-1.654386932320733514e-03
-1.704024585530102432e-03
-1.890587605797950429e-03
-1.871156147416977184e-03
-1.865587238414247910e-03
-1.756567737706179674e-03
-1.807931155597395680e-03
-1.881461617445854282e-03
-1.857126711200006615e-03
-1.860938505364687946e-03
-2.683530951982364410e-03
-2.718741571395270288e-03
-2.721092646242704791e-03
-2.432582177284651342e-04
-2.739051978450521502e-04
-1.982168543309732354e-04
-2.687846781331843654e-03
-2.562190125965289195e-03
-2.517995362816050943e-03
-2.604874793361866298e-03
-2.471685197321446884e-03
-2.424545629911640382e-03
-2.378762202502028578e-03
-2.312435115565119811e-03
-2.313402243438567908e-03
-2.334424031678522526e-03
-2.289804522237984079e-03
-2.243693021340791710e-03
-2.642645282215228507e-03
-2.666842442447203872e-03
-2.667880444042921434e-03
-2.670922375763936513e-03
-2.695335128689474100e-03
-2.199088465352867436e-03
-2.154616518098840996e-03
-2.112914335722918240e-03
-2.080354657693146876e-03
-2.087036326736172419e-03
-2.057570019112524816e-03
-2.055853669623478909e-03
-2.018459786580624644e-03
-1.991864753039399374e-03
-2.679442666299092918e-03
-1.973410087374161386e-03
-1.974965274427327184e-03
-1.950224607195006482e-03
-1.952730059377094998e-03
-1.928603338870999708e-03
-1.939814854907671773e-03
-1.896939628947216187e-03
-1.399745308845517719e-04
-1.462044517612877599e-04
-7.069486303240896303e-05
-4.684929804008972250e-04
-3.866390425931406395e-04
-4.533839805964689530e-04
-5.729138576049939459e-04
-5.060858488521321162e-04
-5.575255981453048921e-04
-6.667029597085868259e-04
-6.562797057774098861e-04
-6.049232473736081920e-04
-8.026693342902300413e-04
-7.738304602317973161e-04
-7.103357522906869745e-04
-7.709762502456324156e-04
-9.207787191443541188e-04
-8.661291290368126894e-04
-9.103563142672703792e-04
-8.791077117047907613e-04
-1.006954763204181286e-03
-9.979186941923760910e-04
-9.537923206943651252e-04
-1.093500429565993741e-03
-1.041575490408193101e-03
-1.087207523058240574e-03
-1.163274134657248842e-03
-1.122150993967923087e-03
-1.118826634926397114e-03
-1.163016684458399903e-03
-1.241653963987243876e-03
-1.202860229569899155e-03
-1.229359544374570342e-03
-1.264138412620319143e-03
-1.357812435548052393e-03
-1.328299628963209873e-03
-1.351546209001015623e-03
-1.322403209580277168e-03
-1.432409265307588338e-03
-1.388822457331668689e-03
-1.422200952982758011e-03
-1.467732015799360322e-03
-1.478547082553021471e-03
-1.439940217528210735e-03
-1.577221066275593699e-03
-1.533975804449907868e-03
-1.561631658526580878e-03
-1.596790367943633736e-03
-1.678780221816664805e-03
-1.647529287773164897e-03
-1.654775199691473683e-03
-1.677549917873753967e-03
-1.731281501470501288e-03
-1.704597732884750687e-03
-1.730691799478964281e-03
-1.885074539599095045e-03
-1.781550404513392201e-03
-1.756211327195907231e-03
-1.781903526780888921e-03
-1.828824734214102438e-03
-1.830816082480954442e-03
-1.805947019756187809e-03
-1.873950953912697191e-03
-1.853807182898375983e-03
-1.877264784245950315e-03
-1.922318792314969718e-04
-3.678656270153936965e-04
-3.061503184983590219e-04
-3.357140334622338296e-04
-2.610535535080794542e-03
-2.651622729033277504e-03
-2.646938699626131923e-03
-2.538369405237232181e-03
-2.561393594812531177e-03
-2.539549704809593821e-03
-2.504315596226693898e-03
-2.500095335108165964e-03
-2.522337690801566487e-03
-2.569925531312898005e-03
-2.597713681302647737e-03
-2.577361640283892114e-03
-2.468246233920434567e-03
-2.481998983009736995e-03
-2.457966234663246097e-03
-2.426383281240577540e-03
-2.437054606231337395e-03
-2.413713266316565645e-03
-2.387929703761549477e-03
-2.394388819942537376e-03
-2.372254409911643113e-03
-2.350767492813336280e-03
-2.331813132015947941e-03
-2.353654186212438860e-03
-2.270511166069910658e-03
-2.268770638873302166e-03
-2.291540609834637546e-03
-2.247164285011996922e-03
-2.599642588938926371e-03
-2.612883137043847497e-03
-2.629621355931949234e-03
-2.615339669462857924e-03
-2.637712317676320535e-03
-2.644440923645715973e-03
-2.617468760400720219e-03
-2.645657284076717488e-03
-2.643106557564514625e-03
-2.228611579641678539e-03
-2.202513773987594195e-03
-2.225462975920947887e-03
-2.187898674827077651e-03
-2.182025100135784410e-03
-2.160617410650409603e-03
-2.150473356523237983e-03
-2.141839838340053176e-03
-2.121875198434080428e-03
-2.130810431372409056e-03
-2.105677092676376365e-03
-2.111896172211738618e-03
-2.054493974207529002e-03
-2.042786124901658021e-03
-2.067523544065407240e-03
-2.031396090719304014e-03
-2.030953659673751660e-03
-2.004094080592209656e-03
-2.018926676464838019e-03
-2.604602968525939269e-03
-2.637003682105216670e-03
-2.648392517868313617e-03
-1.962202168136396863e-03
-2.011715908155181122e-03
-1.992036488411073284e-03
-1.994426954849921017e-03
-1.935383681203454260e-03
-1.920325702256165615e-03
-1.943602351757394049e-03
-1.913048552132910881e-03
0.000000000000000000e+00
0.000000000000000000e+00
-7.077700275457039260e-05
-5.215350148367311816e-04
-4.190010621812147217e-04
-6.205238700166103988e-04
-7.209528457471167271e-04
-8.634326271243662407e-04
-8.161581205822659481e-04
-8.500059700760074013e-04
-8.191713450712937447e-04
-9.643091661005417405e-04
-9.457352840331261857e-04
-8.915429869257693492e-04
-9.333068648158817336e-04
-1.050664456749448358e-03
-1.173335786712811392e-03
-1.133480126246173966e-03
-1.127134582394447460e-03
-1.167681754414505967e-03
-1.237178418243167766e-03
-1.200410606021631160e-03
-1.200001022260267216e-03
-1.239145252038179913e-03
-1.301713956247175109e-03
-1.271881423977071213e-03
-1.294065649079030600e-03
-1.395069203394186125e-03
-1.363938981345178599e-03
-1.325405497645906891e-03
-1.360896352943662471e-03
-1.449644646744555412e-03
-1.525567375326426431e-03
-1.496631308761281953e-03
-1.508001105516567188e-03
-1.551639685865603300e-03
-1.639651726159246231e-03
-1.628052538396633107e-03
-1.608801292711581083e-03
-1.680913163943317497e-03
-1.648862842301574046e-03
-1.679543439661993799e-03
-1.705097373221292015e-03
-1.756946376679597568e-03
-1.925416184711767689e-03
-1.903005228423529371e-03
-1.907502142282018138e-03
-1.805748729845361479e-03
-1.851979844120419955e-03
-1.917162080634869474e-03
-1.895639992332787301e-03
-1.898805491208481813e-03
-2.714585339828531896e-04
-2.064384532481694154e-04
-2.574699859966894308e-04
-3.204162249312598868e-04
-2.608214268278585303e-03
-2.520724215463085536e-03
-2.553810979645598257e-03
-2.485467176600638078e-03
-2.584639768347744490e-03
-2.446198097299108129e-03
-2.405987422899932143e-03
-2.368249111701857187e-03
-2.309794577258981498e-03
-2.311879646700732219e-03
-2.329796723101619678e-03
-2.290930588433681171e-03
-2.248858897275880613e-03
-2.607910073207406892e-03
-2.617259101417906443e-03
-2.612406701399296125e-03
-2.206732422950907248e-03
-2.167632092318337502e-03
-2.139369336393179277e-03
-2.101533747244352379e-03
-2.091609700285454974e-03
-2.115482963138909031e-03
-2.078751316710655307e-03
-2.042158931588326093e-03
-2.020331178990530073e-03
-1.995422199492996075e-03
-1.973660409327654582e-03
-1.983936207427856521e-03
-2.002584508921704219e-03
-1.979397427848705177e-03
-1.957461746482609417e-03
-1.965591317673365084e-03
-1.929964129353250925e-03
-1.620210122581346515e-04
-8.154810565864209948e-05
-1.507182874353700096e-04
-6.061385995451625290e-04
-5.380386702232673075e-04
-5.896099325071271248e-04
-5.001391080098416611e-04
-4.346676397963260166e-04
-4.844198667138892821e-04
-7.051060514316507622e-04
-6.396370080685708512e-04
-6.859829534274549528e-04
-7.987948032634304037e-04
-7.333675442708032996e-04
-7.864052184547941880e-04
-9.050640918967780765e-04
-8.907622497314896318e-04
-8.328268598166983609e-04
-8.771645103458260845e-04
-1.026797774727297805e-03
-9.741901997246659459e-04
-1.016919389486675360e-03
-9.867280081070537411e-04
-1.107862578639895370e-03
-1.057814392181148904e-03
-1.100711621661751467e-03
-1.184598976231009907e-03
-1.139418780925642409e-03
-1.178654899683857912e-03
-1.246864315859847697e-03
-1.204783545323821542e-03
-1.209854673747751391e-03
-1.241508061712586538e-03
-1.269480684242636857e-03
-1.333078857826273684e-03
-1.428515752286252816e-03
-1.393430230542604727e-03
-1.430092928736693449e-03
-1.396503920741208864e-03
-1.518079506835583138e-03
-1.475244930568332148e-03
-1.492849228795277731e-03
-1.521745254502927976e-03
-1.582635982434226190e-03
-1.554390795656399385e-03
-1.579947059411188591e-03
-1.660544718560842464e-03
-1.637081115418101158e-03
-1.607449021101795168e-03
-1.638393678906810251e-03
-1.732394932429806491e-03
-1.706651626341040449e-03
-1.705146737876954031e-03
-1.731462348473291040e-03
-1.780769337343423783e-03
-1.756476460308882027e-03
-1.781222487011391992e-03
-1.920350855411563987e-03
-1.826819121494233436e-03
-1.804671257631717055e-03
-1.827893568341806482e-03
-1.869618136297896555e-03
-1.849734446250894324e-03
-1.871849848839947199e-03
-1.910015589706141707e-03
-1.892505218883135630e-03
-1.913138868178192739e-03
-2.174254045776345093e-04
-4.013936713551874771e-04
-3.369775747690028148e-04
-3.847479223300480648e-04
-2.540503675508192297e-03
-2.573805917942734167e-03
-2.575809803503855550e-03
-2.498690027648240060e-03
-2.518510141641838729e-03
-2.501459624004589467e-03
-2.521707903726462790e-03
-2.530053233807942614e-03
-2.545723666090887044e-03
-2.475661330368171282e-03
-2.472087338836369101e-03
-2.489893383562674645e-03
-2.544585762176371745e-03
-2.572149867704611424e-03
-2.557317207789475220e-03
-2.443495824884060318e-03
-2.434807862656109510e-03
-2.455629334305884162e-03
-2.409688852922401217e-03
-2.398346652131322018e-03
-2.417589070060434820e-03
-2.373977226956367967e-03
-2.361920176842917038e-03
-2.380475789565644588e-03
-2.339552307194150277e-03
-2.324841878846354865e-03
-2.344667401783936782e-03
-2.268927682514342362e-03
-2.270482451565837556e-03
-2.289436364047151527e-03
-2.248842591552740848e-03
-2.559829608689284317e-03
-2.579945203822382738e-03
-2.587803304070864906e-03
-2.564299233691661427e-03
-2.589906185307131077e-03
-2.591022962488918543e-03
-2.567314234090936099e-03
-2.585940220161810771e-03
-2.592017692392617045e-03
-2.231951223013515888e-03
-2.229591135081267737e-03
-2.209326123066557117e-03
-2.198243351175067223e-03
-2.173902130239741860e-03
-2.192379284517527102e-03
-2.171597926246261485e-03
-2.160378091141609141e-03
-2.150585512772229622e-03
-2.144428240574812114e-03
-2.123102034365509112e-03
-2.137048828733957660e-03
-2.076689979609463478e-03
-2.066218256271936705e-03
-2.089186502840450956e-03
-2.053884786654729816e-03
-2.055457044859772264e-03
-2.042656800607293467e-03
-2.033062048498639543e-03
-1.986520448755510482e-03
-2.036041548727495019e-03
-2.015288473399064369e-03
-2.023398671521616128e-03
-1.965733441355553557e-03
-1.951045916725546378e-03
-1.972164328586090837e-03
-1.945632286799865197e-03
0.000000000000000000e+00
0.000000000000000000e+00
-8.163905644266249671e-05
-5.539963703691675855e-04
-6.563817051698263294e-04
-4.515828645008959598e-04
-7.526622154623680786e-04
-8.454206302655388082e-04
-9.723551984350002533e-04
-9.183346824063825208e-04
-9.590983300794820015e-04
-9.320917650447065311e-04
-1.067775321123186827e-03
-1.050633268159453662e-03
-1.038765993737257500e-03
-9.985998314109045034e-04
-1.146636932362680040e-03
-1.257216233384200223e-03
-1.214972714096590380e-03
-1.220986125533600735e-03
-1.251492795826215140e-03
-1.313232893794207597e-03
-1.279855508660335522e-03
-1.274961849507862729e-03
-1.307264675170826621e-03
-1.376005546398228335e-03
-1.339077670395716520e-03
-1.369992183219960035e-03
-1.485107131630328866e-03
-1.458797070402273813e-03
-1.457086562140990239e-03
-1.436893099396886623e-03
-1.400653257483781659e-03
-1.432769611805489052e-03
-1.501601252211618755e-03
-1.550647608894330622e-03
-1.610170012479811633e-03
-1.688049490827822456e-03
-1.664111744114843763e-03
-1.684524293400384894e-03
-1.662897263823297179e-03
-1.734257224246355759e-03
-1.707918809195311995e-03
-1.732951708737987505e-03
-1.756650534133726406e-03
-1.804342105792358392e-03
-1.956430340534151980e-03
-1.936389104419769655e-03
-1.940461080892615401e-03
-1.848795089179111877e-03
-1.890411105667734156e-03
-1.948464845136016303e-03
-1.932336572791456403e-03
-1.929364324171549232e-03
-3.120177456889256917e-04
-2.368711335861178511e-04
-2.917860438529733778e-04
-3.572148453203964299e-04
-2.528389331103238387e-03
-2.566703725178955120e-03
-2.534730498333575589e-03
-2.510201456558949600e-03
-2.487050577750337787e-03
-2.533127175404745884e-03
-2.459475712965792770e-03
-2.552437693220667783e-03
-2.425994469071037982e-03
-2.390891068505131278e-03
-2.355819722649197742e-03
-2.301936521858871307e-03
-2.306517232746246870e-03
-2.320277926843395365e-03
-2.286163858098052594e-03
-2.249814935267479502e-03
-2.562381467601643030e-03
-2.565640712132767794e-03
-2.547848716916780408e-03
-2.213781419213582853e-03
-2.183795867242988020e-03
-2.156843785397100956e-03
-2.118734727079354778e-03
-2.110730882837880389e-03
-2.131072556309149702e-03
-2.098369614844282360e-03
-2.065592697150184145e-03
-2.044755289357799537e-03
-2.019382862654569427e-03
-1.999003672629437890e-03
-2.006963633041957892e-03
-2.026829668933183108e-03
-2.005117965238085043e-03
-1.985513955764696935e-03
-1.991833894539390189e-03
-1.960678360378140944e-03
-1.287339068979497653e-04
-1.456190771881271358e-04
-6.523846477809323765e-05
-6.379053429470772293e-04
-5.697935557495772962e-04
-6.221104098273739060e-04
-7.368450898891237832e-04
-7.210606908106175156e-04
-6.721793035485356619e-04
-5.319481234540204134e-04
-4.674325243604390140e-04
-5.161328373190932767e-04
-8.322406474296629823e-04
-7.693060994834878367e-04
-8.155991339472779336e-04
-9.192557951055706916e-04
-8.595927360468412666e-04
-9.050886949758104802e-04
-1.011981014878965152e-03
-9.995357513941237511e-04
-9.456245089096782311e-04
-9.860056471380480945e-04
-1.126662662815500031e-03
-1.077129195107745302e-03
-1.117303327325397735e-03
-1.089101273806325140e-03
-1.200368618827274197e-03
-1.154486736441525958e-03
-1.192512669839263439e-03
-1.271022656476154594e-03
-1.228149408955008740e-03
-1.263857163488053131e-03
-1.325426017496670987e-03
-1.291103139958236883e-03
-1.285885610578574745e-03
-1.318876362626012627e-03
-1.344655722816994348e-03
-1.406707002912624231e-03
-1.502419146670555105e-03
-1.465481543153732743e-03
-1.493630834169354165e-03
-1.469588828859647554e-03
-1.535360854031152158e-03
-1.526546861005318194e-03
-1.509978815668853568e-03
-1.587280017144814155e-03
-1.552925545541208483e-03
-1.585013295658084520e-03
-1.641518547065257041e-03
-1.612335508605146610e-03
-1.639336173152729920e-03
-1.711512522509049151e-03
-1.692014688972235531e-03
-1.664816191753738708e-03
-1.690072532024767486e-03
-1.782967335675282160e-03
-1.758627908069140735e-03
-1.757227049067736514e-03
-1.781485174893151363e-03
-1.826508049680535418e-03
-1.804106591861017427e-03
-1.826706055868139097e-03
-1.951562879209883285e-03
-1.867773768450672976e-03
-1.847818471973108369e-03
-1.868748963291548028e-03
-1.906111351516386141e-03
-1.888374915790334580e-03
-1.908092416875379607e-03
-1.942613163041123723e-03
-1.945111831396977324e-03
-1.926874491882466043e-03
-2.870949619378557584e-04
-2.248998309828730913e-04
-2.998451014294019595e-04
-4.231172327411695253e-04
-3.682651582155513359e-04
-4.123014589892510205e-04
-2.473832685984975882e-03
-2.501684838305972061e-03
-2.507257312623942507e-03
-2.480268497169868525e-03
-2.500899334259231409e-03
-2.489408470377557463e-03
-2.457590906856609719e-03
-2.467627923323345313e-03
-2.478608816288329665e-03
-2.495955606195832035e-03
-2.508840622129688940e-03
-2.520290634471755199e-03
-2.446213596079310944e-03
-2.444960600968320175e-03
-2.460842676157797698e-03
-2.508147935359699918e-03
-2.526502888520239069e-03
-2.534132116261056909e-03
-2.421347181483992674e-03
-2.415097205498340730e-03
-2.432031242492612658e-03
-2.389915585157977897e-03
-2.381590234935338380e-03
-2.399442847263335774e-03
-2.358171824413789891e-03
-2.348455582030329475e-03
-2.365647595398569659e-03
-2.326802578128815864e-03
-2.332711855318434033e-03
-2.314517576053386292e-03
-2.266721331862617001e-03
-2.268498358492098722e-03
-2.284387011922042483e-03
-2.249400177895001171e-03
-2.513811392832126981e-03
-2.537109552864243167e-03
-2.539357342937522462e-03
-2.509000194929358191e-03
-2.537025167673007467e-03
-2.538208733863019529e-03
-2.519090062497780693e-03
-2.234545537973582022e-03
-2.232629329295232438e-03
-2.215879901479596292e-03
-2.207143502966030756e-03
-2.188832693793584146e-03
-2.202093467361144162e-03
-2.180725862617439829e-03
-2.162103079292600986e-03
-2.175622521705214071e-03
-2.156573756000327614e-03
-2.137740792495092940e-03
-2.149961504732311648e-03
-2.095922881861942474e-03
-2.107405480415311828e-03
-2.086865498552048850e-03
-2.075714564989614326e-03
-2.074784896682277564e-03
-2.054954306823288460e-03
-2.064660883834382697e-03
-2.011438837559749795e-03
-2.055864595861179971e-03
-2.037284048642769383e-03
-2.045555717515092162e-03
-1.992039334935297515e-03
-1.979338605620762498e-03
-1.998208272974810740e-03
-1.974282437652111980e-03
0.000000000000000000e+00
0.000000000000000000e+00
-6.559537731164351553e-05
-2.088468018187341832e-04
-5.858471920519533506e-04
-6.881956640142944566e-04
-7.852790923163317175e-04
-4.784832091541667840e-04
-8.763889000775971702e-04
-9.599617865628780420e-04
-1.076784553133322249e-03
-1.025008050466889777e-03
-1.063763213843258977e-03
-1.038671792290463396e-03
-1.163934696454674896e-03
-1.149749584061391956e-03
-1.100593519325114350e-03
-1.138258134630046325e-03
-1.236074879276400588e-03
-1.338364484576604627e-03
-1.304766082598078289e-03
-1.297515587870206894e-03
-1.331400005831046094e-03
-1.388372963418092396e-03
-1.356663921727332403e-03
-1.350528367738987410e-03
-1.381955130433851035e-03
-1.456707585819803918e-03
-1.416329124005921009e-03
-1.446597901836075423e-03
-1.518508346110956312e-03
-1.491139165249952877e-03
-1.496313204133943456e-03
-1.463862924721722608e-03
-1.561309328567212157e-03
-1.614703959364633627e-03
-1.667061533624112626e-03
-1.740100176461943648e-03
-1.737241087815536138e-03
-1.714376085454507063e-03
-1.716395109973485513e-03
-1.785372696430363379e-03
-1.760190385347541655e-03
-1.783794606597848345e-03
-1.804817207530646540e-03
-1.847769014132721876e-03
-1.982775879525373961e-03
-1.969183409130720406e-03
-1.965255056531037617e-03
-1.887495841491253733e-03
-1.924992037542330725e-03
-1.975466115392048722e-03
-1.959147166297727817e-03
-1.961527266143399222e-03
-3.562993134022992008e-04
-2.465853431476498249e-03
-2.470189144300241266e-03
-2.497571629867010624e-03
-2.469328776473099594e-03
-2.488035697306597432e-03
-2.452637042289779884e-03
-2.502212008612221365e-03
-2.433453338969510799e-03
-2.511407940239629433e-03
-2.404846779450275571e-03
-2.373259241951962764e-03
-2.341616620989727011e-03
-2.294601460520140097e-03
-2.298841892351964275e-03
-2.310282389909507766e-03
-2.281326833354650231e-03
-2.250076826058088411e-03
-2.512144854860481891e-03
-2.488211767291094965e-03
-2.219742247962668003e-03
-2.192867573517656363e-03
-2.167635141315135162e-03
-2.133590123503894490e-03
-2.144601769577125869e-03
-2.126682099622961321e-03
-2.115317306652859594e-03
-2.084923567279453691e-03
-2.064467317238818499e-03
-2.040758797477092330e-03
-2.022596974582510383e-03
-2.029685644922200969e-03
-2.047586145070515173e-03
-2.027310871755521986e-03
-2.015846619722864996e-03
-2.009747916423773768e-03
-1.987037121139198156e-03
-1.881800082035850051e-04
-9.520355847099068773e-05
-1.585140901395301789e-04
-2.387698458044425470e-04
-6.710559734939974819e-04
-6.023269436439826485e-04
-6.545862090006915063e-04
-7.693955600089094453e-04
-7.043848834386386062e-04
-7.532119914381613275e-04
-8.613012877416201078e-04
-7.997328960095812476e-04
-8.468487281349391504e-04
-5.654614386463606207e-04
-4.951467739236181361e-04
-5.488266304463935291e-04
-9.479320183668356846e-04
-8.906677141232271751e-04
-9.336630897624205276e-04
-1.027928424318480310e-03
-9.741010981584585782e-04
-1.013795171241046577e-03
-1.113728726112606267e-03
-1.102973261291691123e-03
-1.089937999393184552e-03
-1.051709739302767940e-03
-1.220145912353785573e-03
-1.173777928519818738e-03
-1.210298199597713417e-03
-1.185366789607614517e-03
-1.287893388738848427e-03
-1.279489360848855327e-03
-1.244462693944578882e-03
-1.352607978765423772e-03
-1.345249268305575424e-03
-1.312120854317544178e-03
-1.401386320525963751e-03
-1.369662805826052810e-03
-1.363114683047805505e-03
-1.394352690990183653e-03
-1.422215359755999190e-03
-1.473496557363771810e-03
-1.580286268067627314e-03
-1.541359802047307000e-03
-1.557772910534598043e-03
-1.540526243057559717e-03
-1.515824347923647609e-03
-1.521509022298978518e-03
-1.583711346553298011e-03
-1.644687832256163437e-03
-1.616273114045510551e-03
-1.643127731924433907e-03
-1.696637580952275841e-03
-1.669318947140081789e-03
-1.694363112130831475e-03
-1.763139545416047334e-03
-1.744939135674093960e-03
-1.718751159634013606e-03
-1.742567940839595889e-03
-1.829553385044314397e-03
-1.807393995271052876e-03
-1.805731897802138712e-03
-1.827591167247760717e-03
-1.874669550963700693e-03
-1.850826633881867862e-03
-1.870986823373537583e-03
-1.978314916959999798e-03
-1.905410071985807682e-03
-1.905764285582953015e-03
-1.886896897713491970e-03
-1.940373350565526706e-03
-1.941574345853692637e-03
-1.923836763582679674e-03
-1.969916095306373412e-03
-1.972312421081598779e-03
-1.956779524487930154e-03
-4.547629618447128659e-04
-3.718205712112161590e-04
-4.391171443142669615e-04
-2.409260670230472558e-03
-2.438085118050163820e-03
-2.441597174425182409e-03
-2.441212669341703487e-03
-2.460722022234004391e-03
-2.450080119280531946e-03
-2.453388900631426131e-03
-2.466880858895189634e-03
-2.474705702357967579e-03
-2.420310102027150786e-03
-2.433628245827075889e-03
-2.438988592239160931e-03
-2.462080311990143093e-03
-2.485235809144597380e-03
-2.479137291244455817e-03
-2.421001104137263799e-03
-2.465237189042937017e-03
-2.486904296216082763e-03
-2.489740686575966054e-03
-2.395295146007918839e-03
-2.392564510029070429e-03
-2.408157896361778818e-03
-2.369433818385354492e-03
-2.363492960682032212e-03
-2.379332842484334961e-03
-2.342361899380443653e-03
-2.334241195588371807e-03
-2.349899475453120796e-03
-2.315291003811207563e-03
-2.305087870686979915e-03
-2.320644384610293012e-03
-2.264349246443530649e-03
-2.279522927071141181e-03
-2.266152189356405566e-03
-2.249521029451548391e-03
-2.459895489393020170e-03
-2.487009150793387420e-03
-2.484625321092312315e-03
-2.450821323585342711e-03
-2.458451845639119011e-03
-2.479635800828394916e-03
-2.237546087736485591e-03
-2.221816526708337257e-03
-2.235496735752452897e-03
-2.211898560204907105e-03
-2.195837315180678394e-03
-2.208996645545786928e-03
-2.188574248108564498e-03
-2.172120821996643969e-03
-2.184141860846087677e-03
-2.167528427772167244e-03
-2.150627188304386414e-03
-2.161560386285360340e-03
-2.110423404479440553e-03
-2.122094156922682898e-03
-2.103662934988404908e-03
-2.092603153919812831e-03
-2.088534041921926397e-03
-2.081331834631135972e-03
-2.071945766478859932e-03
-2.033328348450592210e-03
-2.073503406444719872e-03
-2.056819022531648083e-03
-2.064341927985226775e-03
-2.014164347448922643e-03
-2.020397650464786365e-03
-2.003513626545265491e-03
-1.998511990526701150e-03
0.000000000000000000e+00
0.000000000000000000e+00
-9.523914623329869135e-05
-3.481302023787150122e-04
-3.177406344849241851e-04
-2.686795054326841705e-04
-6.192541237924698364e-04
-7.211001470539957344e-04
-8.161227483682790933e-04
-9.053029208411929839e-04
-5.111974203450561985e-04
-9.885321357881050180e-04
-1.065996693985858841e-03
-1.174386462599842900e-03
-1.162121017231131570e-03
-1.125995299449168664e-03
-1.139161453795361177e-03
-1.254390125343772880e-03
-1.241506437722218574e-03
-1.195996994607429788e-03
-1.230863255931780769e-03
-1.320598053614733397e-03
-1.416113226043537064e-03
-1.384310105205151806e-03
-1.376857402652876096e-03
-1.408162751141996821e-03
-1.461937935340633463e-03
-1.431564437280457907e-03
-1.425009377581256710e-03
-1.458840525983778977e-03
-1.536950383688949571e-03
-1.496738459174436382e-03
-1.513922738340814280e-03
-1.560481890588647598e-03
-1.538604938143065676e-03
-1.612765630940761821e-03
-1.670923329526631616e-03
-1.721085051147931396e-03
-1.789505457057291582e-03
-1.765126618945582829e-03
-1.787495082329009985e-03
-1.767571608048915588e-03
-1.831923891935245338e-03
-1.809053722731598229e-03
-1.830230896489659382e-03
-1.851817370426439915e-03
-1.890208114047923224e-03
-2.004686901673442823e-03
-1.993369343276020500e-03
-1.989766175517492484e-03
-1.923546711540964540e-03
-1.955754736435564092e-03
-1.997620029286215244e-03
-1.983904995324102527e-03
-1.986138764953575449e-03
-4.023435787565985203e-04
-2.405081637003653704e-03
-2.435602136746889239e-03
-2.407245744918575306e-03
-2.447330174217065418e-03
-2.424525984986672378e-03
-2.433047880375294614e-03
-2.441484426384673938e-03
-2.457889763602127270e-03
-2.423036165872381742e-03
-2.463984194701504711e-03
-2.407807209529074302e-03
-2.462931904312475398e-03
-2.381974818900401726e-03
-2.355221679792228809e-03
-2.328081204579945940e-03
-2.287680190726396751e-03
-2.291661048230315099e-03
-2.301119747457364140e-03
-2.276611013081763536e-03
-2.250472879137926843e-03
-2.455313259205087716e-03
-2.427984608897192434e-03
-2.223679233433973213e-03
-2.199254688392826129e-03
-2.177109847118039766e-03
-2.146871301696035624e-03
-2.156757857275267299e-03
-2.140674778566486851e-03
-2.129090263881612891e-03
-2.099150131292181268e-03
-2.080420856516710347e-03
-2.059575671161481981e-03
-2.049847715919902828e-03
-2.043117549221418021e-03
-2.065907097833078084e-03
-2.044449105213574230e-03
-2.035579915491051058e-03
-2.029401100337918651e-03
-2.009102707011944239e-03
-1.815155686578064304e-04
-1.847272103618210429e-04
-9.190751217337541994e-05
-3.448658737408528616e-04
-2.673472843461617695e-04
-3.464822169155536147e-04
-7.052733009299701466e-04
-6.362509801310422880e-04
-6.882804787540714245e-04
-8.025728180146600096e-04
-7.375851730720326370e-04
-7.860801288584705337e-04
-8.933142988243469732e-04
-8.320412042650124004e-04
-8.773972639573063455e-04
-9.779825493310741885e-04
-9.202485977807431210e-04
-9.630360631379757640e-04
-5.998193774556896674e-04
-5.827371611423809612e-04
-5.282598474939625933e-04
-1.057236488995755589e-03
-1.003119709043876363e-03
-1.042654321072694536e-03
-1.132260085338367833e-03
-1.080569301434250364e-03
-1.117667047538564804e-03
-1.208367577559434428e-03
-1.201105869008361636e-03
-1.152447436828086744e-03
-1.187793210073505822e-03
-1.306142920802711143e-03
-1.263465696586545464e-03
-1.297046134449538358e-03
-1.274176503922400897e-03
-1.370498668201656275e-03
-1.329507515104437574e-03
-1.361612531265080431e-03
-1.429276731333873826e-03
-1.391225988878320215e-03
-1.422360820362164602e-03
-1.489743710782863526e-03
-1.452536671657384589e-03
-1.445285433156370944e-03
-1.475420613192806067e-03
-1.510317285059460581e-03
-1.483544218879848976e-03
-1.486148847162099655e-03
-1.523568314980982153e-03
-1.595385397816603389e-03
-1.568126165977044156e-03
-1.587877838531926312e-03
-1.566309372478804631e-03
-1.649440811817048328e-03
-1.615095557476184558e-03
-1.647127362545773533e-03
-1.700656232349850123e-03
-1.672867838951031666e-03
-1.698684876360084979e-03
-1.749673281778714494e-03
-1.723384492430266816e-03
-1.747344528977553234e-03
-1.811152477830221038e-03
-1.794601818647836855e-03
-1.770048362484959127e-03
-1.792105549220015387e-03
-1.868736819263595948e-03
-1.848832065176334721e-03
-1.850505199235526199e-03
-1.871108760602959321e-03
-1.917202783689436925e-03
-1.896190883628937236e-03
-1.911520762625584964e-03
-2.000434653991234584e-03
-1.944614708892794183e-03
-1.925554474641051617e-03
-1.942669405719620610e-03
-1.968703196734370147e-03
-1.955045095947407878e-03
-1.969411552577765567e-03
-1.992318249399473162e-03
-1.981617220544026371e-03
-1.994640343563139524e-03
-4.790771499849034651e-04
-4.144594235871768874e-04
-4.669713210147170314e-04
-2.346254349921191723e-03
-2.375926065636641514e-03
-2.377783543917551257e-03
-2.414968081748958707e-03
-2.434217771896683528e-03
-2.428131967789379057e-03
-2.405902823296087248e-03
-2.415106868061097159e-03
-2.423552214430239014e-03
-2.419602430015717343e-03
-2.436582196015001610e-03
-2.440934875769380265e-03
-2.392556846056186591e-03
-2.407130536898015143e-03
-2.409022205677527773e-03
-2.420017986093986849e-03
-2.441211134642969505e-03
-2.442789883372060294e-03
-2.391189127553648361e-03
-2.405785012310597548e-03
-2.393312153770441562e-03
-2.414298638008267796e-03
-2.440038432345195945e-03
-2.437339277513131570e-03
-2.372358240378681996e-03
-2.370666314540987446e-03
-2.383516797731619931e-03
-2.350457184697832790e-03
-2.346182866417562303e-03
-2.359683506016086244e-03
-2.327503200853110917e-03
-2.321126642207980983e-03
-2.334631203381264727e-03
-2.304556749134298137e-03
-2.309575427919415089e-03
-2.296260617200117024e-03
-2.262070355660006360e-03
-2.274922717045594744e-03
-2.263730838277271638e-03
-2.249851733354524437e-03
-2.395624852366973721e-03
-2.428114316174014367e-03
-2.423269031258275946e-03
-2.400618291973382733e-03
-2.238538131841179887e-03
-2.224753644644882067e-03
-2.237534791179916945e-03
-2.216168229702746538e-03
-2.201880564246491354e-03
-2.213512802748742424e-03
-2.195714592577330607e-03
-2.181126658640013434e-03
-2.191646339790008849e-03
-2.175213317934710303e-03
-2.161400759566903251e-03
-2.171309685831774791e-03
-2.117749403293813643e-03
-2.114471473583047489e-03
-2.132206911031904635e-03
-2.103189354998955679e-03
-2.103122265508630944e-03
-2.087984356502006061e-03
-2.095488664536249764e-03
-2.051384781525771896e-03
-2.088073645646499558e-03
-2.080451255703826691e-03
-2.073476164537208389e-03
-2.031520850560255241e-03
-2.037710540883239108e-03
-2.023190809077036068e-03
-2.018140480459239099e-03
0.000000000000000000e+00
0.000000000000000000e+00
-9.194906020581930343e-05
-2.641316076898864986e-04
-4.129153923953938197e-04
-7.548374742790837357e-04
-6.535803786618109594e-04
-8.487535942270574762e-04
-9.363576090189824550e-04
-1.018239938510630532e-03
-5.405439920476765286e-04
-1.095328667186886481e-03
-1.167236612016075720e-03
-1.265205414008474570e-03
-1.253388013689741426e-03
-1.220138019104797123e-03
-1.233537002443115850e-03
-1.338660939032300465e-03
-1.325775943021362344e-03
-1.315968656945020777e-03
-1.283932911795290094e-03
-1.400223577381265331e-03
-1.492307636185689207e-03
-1.460781747342160567e-03
-1.453846473753642177e-03
-1.490269261473100779e-03
-1.531411448206269725e-03
-1.496780016548835725e-03
-1.510293383912331838e-03
-1.520983953076809588e-03
-1.556534869186065829e-03
-1.546598518568677956e-03
-1.533190152993905118e-03
-1.622636358994772494e-03
-1.601277935469162979e-03
-1.569277176956727915e-03
-1.598371560808902695e-03
-1.675270436605143069e-03
-1.725417061371225733e-03
-1.772432387713608615e-03
-1.836633403011220592e-03
-1.813420266433130382e-03
-1.834322798598066358e-03
-1.815991526223742188e-03
-1.873334711166913056e-03
-1.853032358697864496e-03
-1.870775525123621538e-03
-1.897621026076451271e-03
-1.886189229028590719e-03
-1.883249180109874965e-03
-1.907704959593177789e-03
-1.931524320055090504e-03
-2.022274458045319676e-03
-2.013174730051010049e-03
-2.009696300196369551e-03
-1.957271949346573153e-03
-1.981083480752268526e-03
-2.015309978917237052e-03
-2.003954120522788429e-03
-2.006092967129145983e-03
-2.342286226750596445e-03
-2.344384667645164552e-03
-2.373913286813751199e-03
-2.410473383750075336e-03
-2.417412555349249086e-03
-2.399605179953388529e-03
-2.420066686764192621e-03
-2.392375908589335250e-03
-2.417583930726018016e-03
-2.381530974417732892e-03
-2.405570112766817689e-03
-2.360917867160038357e-03
-2.338450002756743782e-03
-2.315407561577144391e-03
-2.281229395099068115e-03
-2.292583927659172516e-03
-2.284910239848201869e-03
-2.272181322642828107e-03
-2.249839456149268103e-03
-2.369389759237950678e-03
-2.226371338880585478e-03
-2.204969029533317831e-03
-2.184914115291972190e-03
-2.144335649174290530e-03
-2.145832571531182918e-03
-2.159769947468661438e-03
-2.131290216739031330e-03
-2.110131222221769097e-03
-2.094936947931109409e-03
-2.071820833116603307e-03
-2.057927214663597855e-03
-2.065458436215711607e-03
-2.079359387219243457e-03
-2.058171284813410835e-03
-2.044932104326533696e-03
-2.051079974860209407e-03
-2.026626369333746867e-03
-1.823672867367442767e-04
-1.818996296537093950e-04
-9.244162692328603513e-05
-3.494719302542313548e-04
-2.666258711874471498e-04
-3.471298837642760107e-04
-4.985210146291601131e-04
-4.227116234239152327e-04
-4.888176352826744536e-04
-8.356339075263397899e-04
-7.712345621702461004e-04
-8.191770331594671771e-04
-7.393362177994073584e-04
-6.705822098423326084e-04
-7.224313073881899298e-04
-9.260587519401457853e-04
-8.650419951065008769e-04
-9.097807518808977189e-04
-1.008744156883222779e-03
-9.516473835215818067e-04
-9.934425079280405357e-04
-1.086514624934716618e-03
-1.032796486465236037e-03
-1.071940774215864988e-03
-6.259420330316516241e-04
-5.534789489283742890e-04
-6.128791947920164858e-04
-1.160346764616604440e-03
-1.146377939427560989e-03
-1.109299232295354182e-03
-1.243001836641687442e-03
-1.221768693874611227e-03
-1.187795957581058888e-03
-1.295804526588334362e-03
-1.292942078652853811e-03
-1.279030031735380827e-03
-1.247139534136177102e-03
-1.387141088777633837e-03
-1.378855523252515113e-03
-1.346938336976618699e-03
-1.356756645368498854e-03
-1.444308800161824002e-03
-1.407687657488528813e-03
-1.436830299897367842e-03
-1.501973519759643508e-03
-1.465934863976402908e-03
-1.496800103721609380e-03
-1.557318517013050671e-03
-1.523313938330742197e-03
-1.524590856998219932e-03
-1.558718802188126425e-03
-1.545153304334370920e-03
-1.524169768500585349e-03
-1.543821835817578685e-03
-1.578906148698875841e-03
-1.652935899442619684e-03
-1.624343340138533105e-03
-1.651211684221806034e-03
-1.627333805551838680e-03
-1.702110192048986691e-03
-1.701387050896652729e-03
-1.675932081503694188e-03
-1.753265328012131724e-03
-1.751492342086983633e-03
-1.727141750085046121e-03
-1.799815211422885891e-03
-1.774971899686504737e-03
-1.797248473472307789e-03
-1.855427783315780716e-03
-1.841961458421888806e-03
-1.818566217056391716e-03
-1.839351073353959979e-03
-1.901860454822555495e-03
-1.884921437931117924e-03
-1.887639362411144481e-03
-1.899423580199469108e-03
-1.924853555497838941e-03
-1.911585000409491385e-03
-1.921135827660337865e-03
-1.947670445713878869e-03
-1.932911333853110786e-03
-1.946233182885737274e-03
-2.018162643183651732e-03
-1.970341964285026413e-03
-1.958026206734219885e-03
-1.969609903665802547e-03
-1.990004563167231677e-03
-1.979878288599547925e-03
-1.991234331530758288e-03
-2.008580827905402481e-03
-2.011679777461178060e-03
-2.000953988553521787e-03
-2.284514180374493195e-03
-2.313582694793668570e-03
-2.315374844619283619e-03
-2.379690537057158137e-03
-2.397387738658005810e-03
-2.392849942904455747e-03
-2.381427086477518051e-03
-2.398290155746441322e-03
-2.400598078368474352e-03
-2.373782759899254694e-03
-2.383651199890313155e-03
-2.389874199498741476e-03
-2.379422889205699051e-03
-2.399858795311572181e-03
-2.399652211717629054e-03
-2.370178077075336259e-03
-2.381022147139363193e-03
-2.381570896011600373e-03
-2.372352859492986646e-03
-2.396379881880463317e-03
-2.393495900038723062e-03
-2.371291979249220971e-03
-2.356403028230544608e-03
-2.385542581491813946e-03
-2.376181506303465078e-03
-2.351069762403744205e-03
-2.361528201467366118e-03
-2.350598515884931745e-03
-2.332941697456744103e-03
-2.341486372684235297e-03
-2.330038399759774750e-03
-2.313866528777254981e-03
-2.320422840035344606e-03
-2.308976798089982033e-03
-2.294501714514566443e-03
-2.287988776167740670e-03
-2.299239429331703666e-03
-2.259398563617048133e-03
-2.261242029294951994e-03
-2.270349268678876088e-03
-2.249043222566669571e-03
-2.336096060246158068e-03
-2.339340957312650675e-03
-2.365799377852818072e-03
-2.239829597773038139e-03
-2.238759129381384400e-03
-2.227673075950743417e-03
-2.219052330568593336e-03
-2.217491939402575947e-03
-2.207440489828048531e-03
-2.198242927236943034e-03
-2.187156355148140927e-03
-2.196845967793168743e-03
-2.167987017182151661e-03
-2.171414430960561057e-03
-2.156187189500072699e-03
-2.129288763651375222e-03
-2.123828382756653109e-03
-2.136839646383403152e-03
-2.116258031191410767e-03
-2.115519769517007573e-03
-2.109117214377299095e-03
-2.101664765976780751e-03
-2.064556278137164285e-03
-2.096415399513873283e-03
-2.092092996871699594e-03
-2.084032408583666451e-03
-2.045584781727465776e-03
-2.038834556116190209e-03
-2.051675456589888927e-03
-2.033966253183108058e-03
0.000000000000000000e+00
0.000000000000000000e+00
-9.251188361083370810e-05
-2.671196556344055599e-04
-4.250689235692253461e-04
-5.632236164741745085e-04
-8.817060034148386204e-04
-7.884020211021010825e-04
-6.837738722754440820e-04
-9.681310712905690473e-04
-1.048268864188942398e-03
-1.124011772753735847e-03
-1.201824232956311567e-03
-1.267760691558128192e-03
-1.348019557307952605e-03
-1.306842434399447085e-03
-1.336927710507302206e-03
-1.320635355345367839e-03
-1.416045999364495562e-03
-1.405380691098376354e-03
-1.365840856905924366e-03
-1.396314820097667789e-03
-1.473472536893102652e-03
-1.561241833119575385e-03
-1.526500007360767457e-03
-1.531690513572498812e-03
-1.558784125386878739e-03
-1.557743077673324691e-03
-1.599982958973693000e-03
-1.579208186139862986e-03
-1.565729508789369655e-03
-1.578019743655145442e-03
-1.600390813076354220e-03
-1.677711483863098159e-03
-1.657082346205508532e-03
-1.629391253458744877e-03
-1.655033277456535159e-03
-1.727847915110623149e-03
-1.776763644735956894e-03
-1.821177025386800947e-03
-1.879812981410809627e-03
-1.858568348197600639e-03
-1.876609014189914437e-03
-1.861246148345616167e-03
-1.907826112270199484e-03
-1.890935504725404321e-03
-1.904528335947979455e-03
-1.913451280662069147e-03
-1.936824927873694513e-03
-1.959658027429778907e-03
-2.036213331777319419e-03
-2.029102562401785808e-03
-2.025624514900316135e-03
-1.980739103957986774e-03
-1.999782906905199671e-03
-2.027577652121378190e-03
-2.021084981740860730e-03
-2.018058233281398196e-03
-2.284549505966534597e-03
-2.313386465011725915e-03
-2.284565309421120356e-03
-2.380712453059244740e-03
-2.376821239932631370e-03
-2.380649259355124489e-03
-2.362903663887153116e-03
-2.368395430705099759e-03
-2.377953164700693112e-03
-2.376216745029867232e-03
-2.366864241301055299e-03
-2.364738745607180941e-03
-2.360487283571870501e-03
-2.346347354104102306e-03
-2.341628404826389103e-03
-2.322954316636695500e-03
-2.303656655293179374e-03
-2.274746111272252930e-03
-2.284362117352095340e-03
-2.278376590552683503e-03
-2.267510494897338746e-03
-2.249251479545670389e-03
-2.310282417749164128e-03
-2.229005004850322449e-03
-2.208567257411692478e-03
-2.187643082754497231e-03
-2.193081698905939136e-03
-2.181681868805859272e-03
-2.153257607956159808e-03
-2.149074987166189887e-03
-2.160397033025431880e-03
-2.177839892422439756e-03
-2.141640452108816740e-03
-2.122276076124633704e-03
-2.105688002585072438e-03
-2.082092409729937275e-03
-2.076783662948997362e-03
-2.069982648805845579e-03
-2.088992465778376391e-03
-2.068841654658651157e-03
-2.057284710125821363e-03
-2.063356528900481702e-03
-2.040788820089897877e-03
-1.869898595636426838e-04
-9.488475614148957234e-05
-1.846459744901135947e-04
-3.559686279982898901e-04
-2.704504648445781815e-04
-3.526733473050232444e-04
-5.059380721091699196e-04
-4.288923482480165236e-04
-5.022094488079222388e-04
-6.381540931546254413e-04
-5.693749377084440831e-04
-6.320482074416665635e-04
-9.615846806001235965e-04
-9.439250439647718996e-04
-8.994095721182875265e-04
-8.647924818401919560e-04
-8.501958393261493680e-04
-8.026877924619145108e-04
-7.784593193677019976e-04
-7.585574898021005524e-04
-7.029343843182234066e-04
-1.041442288074587033e-03
-1.025180638973562097e-03
-9.843628467629164224e-04
-1.116377149864814997e-03
-1.063097679589583219e-03
-1.101513238418843840e-03
-1.187971145424559886e-03
-1.137733406343718803e-03
-1.174204243455940176e-03
-1.255830764476965553e-03
-1.208580910994092560e-03
-1.248976660222359805e-03
-1.337237929162882503e-03
-1.314938700061022044e-03
-1.289880194115531568e-03
-1.376985984014496029e-03
-1.372216362985384476e-03
-1.360093635373327671e-03
-1.332605252544907890e-03
-1.460757560979174599e-03
-1.424234025963353779e-03
-1.452575911750866432e-03
-1.433415884132746131e-03
-1.514042752654844214e-03
-1.479456707244659625e-03
-1.508040946515016526e-03
-1.570649418984558553e-03
-1.536643176617520819e-03
-1.565697332250969367e-03
-1.616782673704657367e-03
-1.588827659729147301e-03
-1.586846373961938936e-03
-1.611242513261299490e-03
-1.584121265240649289e-03
-1.584804505892602319e-03
-1.605283177978126044e-03
-1.628557297176281508e-03
-1.711809474195998991e-03
-1.682289642034177348e-03
-1.706741872421521210e-03
-1.684396294915553030e-03
-1.759319015538258471e-03
-1.730777799570475985e-03
-1.756313314771615688e-03
-1.804291411596691593e-03
-1.778938588623020858e-03
-1.802094534505945325e-03
-1.846826180346605902e-03
-1.823526916982724788e-03
-1.844434019504215998e-03
-1.894194353939504961e-03
-1.883020227408127491e-03
-1.881440357884502697e-03
-1.862762641848598371e-03
-1.932921869155371361e-03
-1.920379360257792618e-03
-1.916893127904413865e-03
-1.928486795021150564e-03
-1.953191638292884214e-03
-1.939501427351361055e-03
-1.950532520830921407e-03
-1.973909881723946280e-03
-1.961360865253487015e-03
-1.972143062961945539e-03
-2.031412673300841965e-03
-1.990302890073169465e-03
-1.990149871234836096e-03
-1.980821523052657407e-03
-2.004590527002946161e-03
-2.006519480049565214e-03
-1.997698555651801922e-03
-2.016935321152778932e-03
-2.021777137170818750e-03
-2.013088004792958248e-03
-2.223659818168349702e-03
-2.254158111067771329e-03
-2.254020343865572110e-03
-2.346910627170416524e-03
-2.364246484807034331e-03
-2.363400851282464101e-03
-2.347977136428281222e-03
-2.360911889695559238e-03
-2.363897985172674562e-03
-2.342085658693145861e-03
-2.361878034601393346e-03
-2.360873453841394465e-03
-2.344307270250037094e-03
-2.353657239035138356e-03
-2.359051295160396154e-03
-2.333004222485718718e-03
-2.356372308779521724e-03
-2.352828939861139820e-03
-2.347393695107954838e-03
-2.359030413498994401e-03
-2.355213392957793139e-03
-2.318455629841056562e-03
-2.345582104066629148e-03
-2.337593663058979906e-03
-2.349252834452938629e-03
-2.297555293595912509e-03
-2.327067539867958869e-03
-2.316946497681030351e-03
-2.331936683508957497e-03
-2.341368753673998566e-03
-2.332320543958633485e-03
-2.317070325622889830e-03
-2.315300225015495122e-03
-2.324812380236534418e-03
-2.301230528431794445e-03
-2.307334866940417752e-03
-2.297672753481876454e-03
-2.284895457667562163e-03
-2.279920826266437599e-03
-2.289469581164847722e-03
-2.256332627435624939e-03
-2.258242802819158956e-03
-2.265574442538699496e-03
-2.248119186898733281e-03
-2.291185267313425571e-03
-2.239269706514922416e-03
-2.229189144078712846e-03
-2.239252767342169576e-03
-2.211941211512434124e-03
-2.215501451718030097e-03
-2.205095380751298777e-03
-2.205855141623443063e-03
-2.196818149248087101e-03
-2.201878070321992582e-03
-2.174449035207400537e-03
-2.163898673908202282e-03
-2.170978890194364026e-03
-2.180829392033688946e-03
-2.140455156616268007e-03
-2.135108019151123540e-03
-2.146862537011030511e-03
-2.128108085187742360e-03
-2.114831705882338000e-03
-2.105651593580239265e-03
-2.115227497723598787e-03
-2.075167316871820607e-03
-2.103787299408097031e-03
-2.092776625589982779e-03
-2.099924461329711819e-03
-2.056650936788065667e-03
-2.051286037390896190e-03
-2.062632465488338854e-03
-2.046453884803290692e-03
0.000000000000000000e+00
0.000000000000000000e+00
-9.495813103600433437e-05
-2.728123278414110175e-04
-4.321905440436355481e-04
-5.730813515732629312e-04
-7.089394599425729703e-04
-1.002249325649916950e-03
-9.141052165588356600e-04
-8.221617056126087793e-04
-1.079518546041993536e-03
-1.152741864110992491e-03
-1.222429962215617651e-03
-1.315650913136766527e-03
-1.279406034065196703e-03
-1.286134263596741632e-03
-1.354552175741489690e-03
-1.326270253248426623e-03
-1.424438150533040119e-03
-1.414921533645803085e-03
-1.386451353859337148e-03
-1.398498962592056817e-03
-1.487721279866632048e-03
-1.478347675722187053e-03
-1.442138303466491880e-03
-1.469587055126552692e-03
-1.542691601196601731e-03
-1.623584227274083198e-03
-1.597194730964495660e-03
-1.592194833429463365e-03
-1.613642746583788916e-03
-1.619777598584777861e-03
-1.661348042147131696e-03
-1.636119919442906908e-03
-1.630481172214422007e-03
-1.659048880629748150e-03
-1.735407952030467056e-03
-1.711945276748565777e-03
-1.684684493525186091e-03
-1.711618196588186955e-03
-1.781950983504369986e-03
-1.825764383584127471e-03
-1.865194441329073036e-03
-1.914533866426027008e-03
-1.911206932218201867e-03
-1.897503553923652209e-03
-1.899128807719135861e-03
-1.939647369626369949e-03
-1.924165006543793752e-03
-1.935889763473870595e-03
-1.943167294828079469e-03
-1.964243882966266140e-03
-1.982688251348968360e-03
-2.045938051492424657e-03
-2.041042663290416372e-03
-2.036472032897269219e-03
-1.997736614750438879e-03
-2.011045218196142077e-03
-2.027209807021613033e-03
-2.021868205210978868e-03
-2.027303063351749458e-03
-2.228844894788899449e-03
-2.226360840741021217e-03
-2.256786162826008527e-03
-2.347609944416810014e-03
-2.344698795044790514e-03
-2.346180151554871744e-03
-2.337823152260818695e-03
-2.336181527969994655e-03
-2.349588345185341792e-03
-2.340226374437330472e-03
-2.326058044029879340e-03
-2.341915429433568535e-03
-2.308259741811236575e-03
-2.339552191749606162e-03
-2.324190213481713493e-03
-2.308766829844983819e-03
-2.292638297252152201e-03
-2.268241672442744116e-03
-2.271783955004487258e-03
-2.276353239683461503e-03
-2.262620103264702687e-03
-2.247542614162531104e-03
-2.263463538045990420e-03
-2.222866901373007908e-03
-2.230933622078212775e-03
-2.221103263819906772e-03
-2.217404657574352685e-03
-2.208749498585410673e-03
-2.191838494508035855e-03
-2.190011076652100853e-03
-2.198617991288849549e-03
-2.160877639796828648e-03
-2.157303947102004200e-03
-2.167430159182341057e-03
-2.183169236330939622e-03
-2.150875183391269194e-03
-2.132717822920324885e-03
-2.136607117297891888e-03
-2.124145894805109375e-03
-2.123881409866074880e-03
-2.109166061177580355e-03
-2.090885148103803319e-03
-2.079745732292635416e-03
-2.086354965359032195e-03
-2.097042281470302277e-03
-2.077801032496507001e-03
-2.073231542968309235e-03
-2.067258628727585389e-03
-2.051287510397904225e-03
-1.916276707304699308e-04
-1.892757393737703857e-04
-9.734035530733684254e-05
-3.631606269997468398e-04
-2.765041958074981529e-04
-3.595356267907678536e-04
-5.189290743456463975e-04
-4.387603459846912079e-04
-5.123835347970912045e-04
-6.475104638423870382e-04
-6.427867881339673854e-04
-5.778273814484202091e-04
-7.637683144251122044e-04
-7.707723502628344419e-04
-7.019111779541975429e-04
-1.080884926299282992e-03
-1.061296016835269057e-03
-1.021796464493661145e-03
-1.005967127920115011e-03
-9.839837083125452417e-04
-9.360376606689456815e-04
-9.306495438819823926e-04
-8.550305922412773998e-04
-8.979439996073823333e-04
-1.146697864294104292e-03
-1.131605173014721410e-03
-1.094510878483834649e-03
-1.215982325868118514e-03
-1.166652547018886144e-03
-1.202036952552608482e-03
-1.282395987851609083e-03
-1.235624845484174263e-03
-1.269168044172469490e-03
-1.344587622289850678e-03
-1.300588100420738439e-03
-1.330219241613244275e-03
-1.401393466817022447e-03
-1.386619236371759581e-03
-1.369007627853413567e-03
-1.396746023328638859e-03
-1.356002025035189448e-03
-1.366657122799568112e-03
-1.451672196596776390e-03
-1.445500430969125574e-03
-1.409042303677203282e-03
-1.435026427556087593e-03
-1.529932884667908281e-03
-1.495619059456755606e-03
-1.522020651956120180e-03
-1.504450123140618854e-03
-1.581089032936832880e-03
-1.575896091509097199e-03
-1.547854335652999735e-03
-1.630891693760727883e-03
-1.601039111886888924e-03
-1.627029322722199547e-03
-1.665879080376444967e-03
-1.641151179276145993e-03
-1.638351364902180217e-03
-1.671721491210636547e-03
-1.647466543397387842e-03
-1.644038939545261913e-03
-1.663225821994182736e-03
-1.686679164099353853e-03
-1.771744902185369824e-03
-1.765566817912298967e-03
-1.741772109779409243e-03
-1.766524597418006343e-03
-1.739125680762610999e-03
-1.739445524386893987e-03
-1.808207376304400444e-03
-1.783851204539566417e-03
-1.806281280879229022e-03
-1.849822109648978363e-03
-1.827192423045506664e-03
-1.848368266708511586e-03
-1.887889754187700372e-03
-1.867541960949365126e-03
-1.885490423470974515e-03
-1.927564002688952460e-03
-1.920602515924916057e-03
-1.917608785522295113e-03
-1.902101417780602223e-03
-1.962967205287870828e-03
-1.951286484801509694e-03
-1.947299465897206440e-03
-1.957560908067147633e-03
-1.980204035478033437e-03
-1.977217561411128387e-03
-1.967310643662951823e-03
-1.997800923835234537e-03
-1.993583133379874146e-03
-1.985834453041631677e-03
-2.038902498976839436e-03
-2.033096053434666709e-03
-2.042377319465716202e-03
-2.004652447605565456e-03
-2.004316886062804202e-03
-1.997097382156859304e-03
-2.015659633791991919e-03
-2.010518250544829875e-03
-2.016400131407581654e-03
-2.032801123171718797e-03
-2.021342127041106558e-03
-2.163171641220294934e-03
-2.196242706374301225e-03
-2.193493860438802158e-03
-2.315980210769271429e-03
-2.331490890727774389e-03
-2.332025558251411834e-03
-2.308333160317469455e-03
-2.327728006888199475e-03
-2.325308728765919895e-03
-2.320102110120198652e-03
-2.332092308433481032e-03
-2.334025113431255696e-03
-2.297267407073410976e-03
-2.319810473043693901e-03
-2.315266972446814332e-03
-2.318447026911730612e-03
-2.327254095759321868e-03
-2.331313318066042476e-03
-2.281786509374045605e-03
-2.307547812696869940e-03
-2.300261991659880573e-03
-2.325831552856770339e-03
-2.336751484583801663e-03
-2.331044783824199988e-03
-2.259899517803358893e-03
-2.289394099562141668e-03
-2.278878055656314867e-03
-2.328902927038190018e-03
-2.314833005409560902e-03
-2.315812248698757327e-03
-2.323241417827966431e-03
-2.302589342402755306e-03
-2.309671575619463239e-03
-2.301762942577284185e-03
-2.289440223154303421e-03
-2.287005977434057678e-03
-2.295158161484955016e-03
-2.275790939556003936e-03
-2.272069951628164983e-03
-2.280148335793166347e-03
-2.252781179089748381e-03
-2.254833506614935257e-03
-2.260523486858074648e-03
-2.246027529934955559e-03
-2.244782325578718787e-03
-2.237538784622723417e-03
-2.238208965633254992e-03
-2.230249538185646776e-03
-2.214203059054863088e-03
-2.207469061738921365e-03
-2.199722765366453683e-03
-2.206470994929770387e-03
-2.179667894942029054e-03
-2.176835451548115967e-03
-2.170313283521586520e-03
-2.185554372913090307e-03
-2.149661053462293379e-03
-2.155210192256686551e-03
-2.145093277137119503e-03
-2.141199982547992500e-03
-2.125264985422262425e-03
-2.120182901039262269e-03
-2.129063278872911358e-03
-2.114528174896908655e-03
-2.084136445406467673e-03
-2.111974847936406389e-03
-2.101270919903363687e-03
-2.107728518441383259e-03
-2.064090602660564443e-03
-2.070877650804843657e-03
-2.060456430189163812e-03
-2.055010600023981365e-03
0.000000000000000000e+00
0.000000000000000000e+00
-9.742439384753416988e-05
-2.788923745188946150e-04
-4.424102382679789836e-04
-5.843904710290996835e-04
-7.066504095333080550e-04
-8.630896376313714662e-04
-8.142144015448478898e-04
-8.210063585330656423e-04
-1.044149663641399505e-03
-1.114341002895951303e-03
-9.691284430154497188e-04
-8.975437073864073667e-04
-1.181868546110959386e-03
-1.249693477931446226e-03
-1.313941137235903091e-03
-1.370615881472369213e-03
-1.398358732140549295e-03
-1.423471074108571431e-03
-1.496152881250469458e-03
-1.460538396730801797e-03
-1.487290637707205238e-03
-1.471120340386131414e-03
-1.555815120305803403e-03
-1.546742264028717331e-03
-1.512811634774907741e-03
-1.538369508820975956e-03
-1.606278641070728666e-03
-1.678756170835382297e-03
-1.654881078352599339e-03
-1.650966589455441294e-03
-1.668406643106043995e-03
-1.674848333454177947e-03
-1.717009691146289749e-03
-1.688927189046068953e-03
-1.691228741846200270e-03
-1.714246341244743399e-03
-1.790071379033779473e-03
-1.769087237109203715e-03
-1.770553945859669031e-03
-1.741517706141327854e-03
-1.768515798071727645e-03
-1.829142675952363274e-03
-1.869044580330759837e-03
-1.904550596963802689e-03
-1.948529684662911061e-03
-1.931957914395931357e-03
-1.944148080832580356e-03
-1.935026063930294932e-03
-1.970878428773753608e-03
-1.955794688826171298e-03
-1.966367308108370529e-03
-1.971654994699224232e-03
-1.988975010924264129e-03
-2.000322559028610853e-03
-2.053818568134790738e-03
-2.049772132335667650e-03
-2.045996635186074324e-03
-2.009912807446533230e-03
-2.035186705469350932e-03
-2.031039568712466117e-03
-2.036823215907607003e-03
-2.025294697343730035e-03
-2.021003586220558156e-03
-2.026774595998557214e-03
-2.161528711465278418e-03
-2.195286681764108995e-03
-2.162397562680077809e-03
-2.312308625506204890e-03
-2.318072686485371167e-03
-2.303034523133399257e-03
-2.319099885935311037e-03
-2.289811002986898159e-03
-2.313912925092728549e-03
-2.325119450610507298e-03
-2.316085798651901402e-03
-2.271201939261904834e-03
-2.320011580214012981e-03
-2.320205576021357879e-03
-2.308413433985121756e-03
-2.295689577152316019e-03
-2.282257408924517721e-03
-2.261982380471555358e-03
-2.265338659358765491e-03
-2.268712577391041214e-03
-2.257613701705214228e-03
-2.244967475236336451e-03
-2.207529882830971263e-03
-2.218191393569819963e-03
-2.233706066107077077e-03
-2.221135260183288926e-03
-2.228915448612344037e-03
-2.222089943735325573e-03
-2.213354402678243890e-03
-2.195132138970980803e-03
-2.193719066210623146e-03
-2.201124579497324742e-03
-2.213966554799776804e-03
-2.167611149202150912e-03
-2.173359731980200552e-03
-2.164347390100788103e-03
-2.187441754783614987e-03
-2.158695312983301140e-03
-2.146815929186032205e-03
-2.139742192160233938e-03
-2.148159097205913637e-03
-2.136085483431268348e-03
-2.118472173350209337e-03
-2.098688386313866776e-03
-2.094648562140015696e-03
-2.088094129456454645e-03
-2.105049709314533654e-03
-2.084792223682431327e-03
-2.081145128668819046e-03
-2.074333416892469584e-03
-2.058857402527199381e-03
-1.969431500017815458e-04
-1.001611173687653062e-04
-1.942646714273161526e-04
-3.727237657407696638e-04
-3.679192011323507636e-04
-2.837845031583301919e-04
-5.290017677528951936e-04
-5.239463808082966403e-04
-4.475548827041405937e-04
-6.651284039367834008e-04
-5.933208175896644183e-04
-6.563024432056877456e-04
-7.807969082718330123e-04
-7.152768406923186439e-04
-7.723243811376160565e-04
-8.841445296696465866e-04
-8.248739229814124919e-04
-8.736861644837366726e-04
-1.126588940077735473e-03
-1.066833760535033926e-03
-1.103889240240314446e-03
-1.186280965542684494e-03
-1.166560026753547374e-03
-1.133928851097693166e-03
-1.056749266714256206e-03
-9.944485542646734275e-04
-1.031540108637625432e-03
-9.712845398440672282e-04
-9.178619794434467703e-04
-9.510561886510297304e-04
-1.244156003415071345e-03
-1.195775602958631858e-03
-1.230114069991410271e-03
-1.308179831618505422e-03
-1.262493860532276895e-03
-1.295339435199899508e-03
-1.369586169745938553e-03
-1.326369898597564399e-03
-1.357142120319973586e-03
-1.427478838053413161e-03
-1.386351657610811802e-03
-1.411812636764073897e-03
-1.463186489453951978e-03
-1.429752824701072686e-03
-1.432008697198573852e-03
-1.454087065185433398e-03
-1.521762001958485745e-03
-1.514167423370128742e-03
-1.480097361886885789e-03
-1.505188222824667757e-03
-1.595414573038780350e-03
-1.562926824918747098e-03
-1.588285221605231171e-03
-1.571367436224833328e-03
-1.642362303671880686e-03
-1.611970071684586548e-03
-1.636654157211576196e-03
-1.687691492057242018e-03
-1.659511982650102146e-03
-1.683048184640668563e-03
-1.721556944056457095e-03
-1.696432560837469886e-03
-1.693500411213067630e-03
-1.724854263455053403e-03
-1.701658682792962351e-03
-1.698107155881303874e-03
-1.718846999536808359e-03
-1.743802489177986338e-03
-1.811831156177718619e-03
-1.791861218138079276e-03
-1.810042309344978874e-03
-1.789188062793493428e-03
-1.814673789964467475e-03
-1.792667136851274412e-03
-1.790599699163420658e-03
-1.853930650461170331e-03
-1.831143578649244326e-03
-1.851914848347926707e-03
-1.891000994730240338e-03
-1.889508988593970387e-03
-1.870530371757715129e-03
-1.926838909155556123e-03
-1.907615990641048885e-03
-1.923773954528659822e-03
-1.960288958637465117e-03
-1.956960887078256113e-03
-1.939183244890380249e-03
-1.952795169196575812e-03
-1.989519552255309114e-03
-1.980285421617387302e-03
-1.975614437838306078e-03
-1.984325680528518411e-03
-2.000014720558515244e-03
-1.990790042785950658e-03
-1.998260177712965838e-03
-2.012364803740933177e-03
-2.004460544374021130e-03
-2.007998457419789100e-03
-2.043458840873868532e-03
-2.041686272556535956e-03
-2.049583334157443690e-03
-2.013261026028796436e-03
-2.039508091296761590e-03
-2.030918835456529091e-03
-2.019852731151522938e-03
-2.022732509961567941e-03
-2.018211838721664392e-03
-2.103113189324701954e-03
-2.132435147308339805e-03
-2.133209153934817210e-03
-2.184601694784843364e-03
-2.277395633990951084e-03
-2.292943409526795265e-03
-2.296792701115587219e-03
-2.286464332627892015e-03
-2.303388132617772630e-03
-2.301304610790913183e-03
-2.264299949399035949e-03
-2.286450866371967858e-03
-2.280899831657502708e-03
-2.291489741341561776e-03
-2.305172193403509651e-03
-2.305850599709609577e-03
-2.247218094911960715e-03
-2.272387879375785576e-03
-2.264636136836604106e-03
-2.295445235391786916e-03
-2.304867430308133684e-03
-2.307015733272791812e-03
-2.226773773313205605e-03
-2.243407191414503385e-03
-2.254324775507843531e-03
-2.307071017525750764e-03
-2.316577321733316423e-03
-2.310505515402478532e-03
-2.310959999348788201e-03
-2.298928100101916335e-03
-2.300657692750806595e-03
-2.306773823587350038e-03
-2.289350885915187456e-03
-2.295821439034655392e-03
-2.289263180142426732e-03
-2.278775232080487885e-03
-2.277108486497405639e-03
-2.283921892505956681e-03
-2.267964020742174389e-03
-2.264937716304884184e-03
-2.271655805117126642e-03
-2.249104560286885931e-03
-2.255520342568992278e-03
-2.251121746559002143e-03
-2.243307428808167300e-03
-2.217219164927553693e-03
-2.233313509449699665e-03
-2.227140315099942515e-03
-2.235315122097098796e-03
-2.208822498580727094e-03
-2.207987526433875889e-03
-2.202018533994217798e-03
-2.220193586215968642e-03
-2.213704974860466589e-03
-2.220508779527033145e-03
-2.185319219861341609e-03
-2.182363980627923146e-03
-2.176473346587954900e-03
-2.190123266425876569e-03
-2.157135791419037205e-03
-2.162323510139284831e-03
-2.153401792023976018e-03
-2.151880725273849770e-03
-2.135148306281030826e-03
-2.130358658194722848e-03
-2.140891213241476361e-03
-2.123561495971481271e-03
-2.091442828293135249e-03
-2.121154705068585208e-03
-2.116454352518772238e-03
-2.109840670956843016e-03
-2.071652788403547524e-03
-2.078132285196031617e-03
-2.067891350478817496e-03
-2.062713532645889941e-03
0.000000000000000000e+00
0.000000000000000000e+00
-1.002509153130215274e-04
-2.865656096105267904e-04
-4.524596456346489329e-04
-5.985383853702511397e-04
-7.242494118563081156e-04
-8.336024247453367947e-04
-9.286795917154776854e-04
-1.156895931312145256e-03
-1.092367336876975004e-03
-1.215579201754475591e-03
-1.014921878570237837e-03
-1.276620884888479777e-03
-1.339315190023188150e-03
-1.398918185116883057e-03
-1.482280294710200570e-03
-1.454939893420517400e-03
-1.439248929567011432e-03
-1.472250369213199545e-03
-1.488717134536966281e-03
-1.564119583900838370e-03
-1.530398854566777673e-03
-1.555455288965551649e-03
-1.539440732473460784e-03
-1.619156766773047033e-03
-1.612129605238636024e-03
-1.603789839600181476e-03
-1.579682674749065003e-03
-1.665269481478398421e-03
-1.732473604219595580e-03
-1.705449279001928272e-03
-1.710150500049421266e-03
-1.722819832501052903e-03
-1.728354691779623257e-03
-1.776552549504440467e-03
-1.746747997274897962e-03
-1.748985062417821555e-03
-1.773530246391694966e-03
-1.832948992220936532e-03
-1.813257082330256738e-03
-1.817877765297656704e-03
-1.794279378643566340e-03
-1.816274051391616757e-03
-1.872589580372153572e-03
-1.909213508710182368e-03
-1.942327145788602313e-03
-1.980455643404495369e-03
-1.965037054234872009e-03
-1.975737840008429114e-03
-1.969306274653553901e-03
-1.997940929040513923e-03
-1.993184201856450666e-03
-1.985051349503478939e-03
-1.994873759463358827e-03
-2.011970936568605733e-03
-2.004408565050200264e-03
-2.005958283709044065e-03
-2.011051213395003735e-03
-2.059652301922112235e-03
-2.053277066660480141e-03
-2.056647719358052281e-03
-2.015826885890558036e-03
-2.040607117308142638e-03
-2.037896911388370567e-03
-2.040427055831135761e-03
-2.035626333736348034e-03
-2.030460515539616630e-03
-2.033607520664599318e-03
-2.028677517647224995e-03
-2.024277551683952101e-03
-2.025267711871577177e-03
-2.101458392624921349e-03
-2.102319927721757985e-03
-2.131624721743197691e-03
-2.160445111329214931e-03
-2.184092468467345970e-03
-2.161131751209115475e-03
-2.282116630150145438e-03
-2.271061127420236688e-03
-2.289135833807423581e-03
-2.256020821660095939e-03
-2.293739989820184951e-03
-2.237177230402542880e-03
-2.294302507681042404e-03
-2.304177505293323810e-03
-2.294984446963974425e-03
-2.300782588432713060e-03
-2.302901110196263999e-03
-2.293888858861937302e-03
-2.283744312328651535e-03
-2.272974829298147169e-03
-2.255436415162217958e-03
-2.261496500155769657e-03
-2.258900339360665754e-03
-2.252532506403638873e-03
-2.241087743020259582e-03
-2.193825718566209514e-03
-2.226509051859279671e-03
-2.198247508778974207e-03
-2.203391520287211174e-03
-2.196843925908506957e-03
-2.214220384031319148e-03
-2.178206585388076794e-03
-2.172954432282997971e-03
-2.181718814563648329e-03
-2.191809747622953421e-03
-2.163900495960574544e-03
-2.160670829012844435e-03
-2.165831119809990494e-03
-2.155371444060993381e-03
-2.154292197227103932e-03
-2.144759125180010009e-03
-2.150469809654224213e-03
-2.128040936043528591e-03
-2.104760344471175333e-03
-2.094366819579721213e-03
-2.101419516868585462e-03
-2.112568968768717154e-03
-2.088919698919292078e-03
-2.086736583494341012e-03
-2.080169108887570169e-03
-2.065573011223085197e-03
-2.050563661805485669e-04
-2.007684790932838027e-04
-1.041221163695237620e-04
-3.858252458101304018e-04
-3.793631074097958671e-04
-2.932906591435302090e-04
-5.447656864020584619e-04
-5.368726672299920476e-04
-4.604007178212844785e-04
-6.858151491863552105e-04
-6.090288852004875197e-04
-6.755281330811512431e-04
-8.079882969037380756e-04
-7.379113922021459260e-04
-7.944815700559665003e-04
-9.104471192364023196e-04
-8.466967251641362852e-04
-8.973757681976731772e-04
-1.004495031700279985e-03
-9.452222379495271720e-04
-9.879893233196883947e-04
-1.232162390774434917e-03
-1.179706699988366300e-03
-1.209267490209646511e-03
-1.168900046914648442e-03
-1.113452112771323114e-03
-1.147847208730013975e-03
-1.276544859762758066e-03
-1.231556152368943387e-03
-1.260362006642486588e-03
-1.089931228400962352e-03
-1.031394220899709696e-03
-1.073460612863717063e-03
-1.335212837156885164e-03
-1.321765335846261961e-03
-1.290041305683675872e-03
-1.393636865140040950e-03
-1.351254426783830582e-03
-1.381658293388469570e-03
-1.450162450367599616e-03
-1.410193713372880422e-03
-1.438862223308897802e-03
-1.502513411616235263e-03
-1.465260570784200416e-03
-1.492150222659369488e-03
-1.533466674517829434e-03
-1.507665243926030029e-03
-1.498074837609776524e-03
-1.523603760444475295e-03
-1.588386148352674554e-03
-1.581749359033086597e-03
-1.548204832858528744e-03
-1.572958382100846141e-03
-1.656026847399601990e-03
-1.625927554706408729e-03
-1.649212905777265419e-03
-1.634288884677095269e-03
-1.698872222422338936e-03
-1.670808562822076243e-03
-1.693286735168313389e-03
-1.741055749567677925e-03
-1.736602148788318756e-03
-1.714532517342045887e-03
-1.772750103032356972e-03
-1.748719321623533503e-03
-1.747055991665872861e-03
-1.778110581025488419e-03
-1.751401113302868476e-03
-1.755237465397445828e-03
-1.774484935727494404e-03
-1.797219692533077399e-03
-1.858509748810578590e-03
-1.835190679381789973e-03
-1.856232536000719264e-03
-1.836592417402781782e-03
-1.859419554249534898e-03
-1.838688102296777600e-03
-1.837116240240091458e-03
-1.901503805892733540e-03
-1.877821119846813901e-03
-1.896380940963047091e-03
-1.934343546893082513e-03
-1.912910907599758674e-03
-1.930691580772235429e-03
-1.965340908983826892e-03
-1.946421764160544566e-03
-1.961227129938028502e-03
-1.989920107737240627e-03
-1.991562529027026719e-03
-1.986066148777706607e-03
-1.974773983091560395e-03
-2.011830468842169123e-03
-2.000127628392471719e-03
-2.005036437903677266e-03
-2.005511665605881361e-03
-2.014586791904613133e-03
-2.012361096603921748e-03
-2.007316713108077237e-03
-2.019550445020981168e-03
-2.015195896708430606e-03
-2.015644998273942272e-03
-2.048175364262718248e-03
-2.049621719959093813e-03
-2.053589557771114647e-03
-2.019170832430896602e-03
-2.046589934916496351e-03
-2.036317726583868320e-03
-2.030433530067776455e-03
-2.022289621463979267e-03
-2.021854083673963604e-03
-2.024320100477703874e-03
-2.043149644403226706e-03
-2.072367485949688781e-03
-2.073208738628712876e-03
-2.131241503483892463e-03
-2.249172352762533397e-03
-2.263285260560634997e-03
-2.267868614249776617e-03
-2.235014362405974165e-03
-2.249762485882391815e-03
-2.256351883153490633e-03
-2.257246046912895088e-03
-2.274900054369316180e-03
-2.272090349653714449e-03
-2.215918817344009195e-03
-2.231699531202137581e-03
-2.240296054700235788e-03
-2.272834002700955397e-03
-2.284240441509248747e-03
-2.282211616600718970e-03
-2.193009639318867481e-03
-2.220307572213496127e-03
-2.210063701887673374e-03
-2.276826387484383579e-03
-2.286134206604772349e-03
-2.285595628748073212e-03
-2.290273501216675157e-03
-2.298764561594786315e-03
-2.292289940742507637e-03
-2.294605635662041575e-03
-2.284594442915145567e-03
-2.291664731806114085e-03
-2.286875850836710827e-03
-2.278007459408286882e-03
-2.283540025107704680e-03
-2.278257947364168562e-03
-2.270334111856621342e-03
-2.274375184331069860e-03
-2.268950949762228546e-03
-2.261860573407117447e-03
-2.264763166818045854e-03
-2.258664380548652123e-03
-2.242507304026295379e-03
-2.245893026181663716e-03
-2.249048970036986519e-03
-2.237916191424744929e-03
-2.177112259043533296e-03
-2.230682128745575723e-03
-2.225333419290092141e-03
-2.231868975391085308e-03
-2.210035944376164893e-03
-2.209310779479078425e-03
-2.204164617933517499e-03
-2.219975569077106518e-03
-2.219959350401117925e-03
-2.214287472891388921e-03
-2.171142828826181335e-03
-2.190259941835563055e-03
-2.187708135304992918e-03
-2.184223332703210362e-03
-2.194199700663129922e-03
-2.159020778441207537e-03
-2.141449346214638252e-03
-2.138318713241983866e-03
-2.147856116524137198e-03
-2.131298936627941225e-03
-2.096334729031380448e-03
-2.126431422517367255e-03
-2.123477597199363229e-03
-2.115146736823861513e-03
-2.076339415185842266e-03
-2.073868397955292396e-03
-2.082883580834415937e-03
-2.067989975128991555e-03
-3.955173070556025625e-20
0.000000000000000000e+00
-1.040348518583504339e-04
-2.972739016933831791e-04
-4.671976543351963026e-04
-6.172395825134811397e-04
-7.485400621495936439e-04
-8.605430612993753697e-04
-9.586106658920319837e-04
-1.048159242464524483e-03
-1.201045257457778598e-03
-1.254472648985827717e-03
-1.130211340937682706e-03
-1.306262625794999462e-03
-1.364828502759558165e-03
-1.422269868505752002e-03
-1.476651788393941976e-03
-1.552400936608295916e-03
-1.527507890547759230e-03
-1.517102252008225476e-03
-1.542489999890142224e-03
-1.557640697047144290e-03
-1.627655035269205295e-03
-1.596092459448386148e-03
-1.619907282900063692e-03
-1.604942041302649062e-03
-1.677652216960917944e-03
-1.671392494499228300e-03
-1.663732916654014644e-03
-1.641939777452663908e-03
-1.720135071218668790e-03
-1.787890520231673590e-03
-1.764525385720938991e-03
-1.760127144252640217e-03
-1.775268539520011551e-03
-1.782876070553609041e-03
-1.820747495702612368e-03
-1.796768647470712047e-03
-1.798675759086055745e-03
-1.819333895533103203e-03
-1.880105366577075957e-03
-1.859029217829209855e-03
-1.861640411935692714e-03
-1.839730431440450998e-03
-1.860590596314282098e-03
-1.918236650884030080e-03
-1.950201686524457006e-03
-1.979011090083083492e-03
-2.008796551111535506e-03
-2.003378603237309166e-03
-1.995366533798647365e-03
-2.001039026870201840e-03
-2.017246400625948531e-03
-2.014050086950263697e-03
-2.008049042639533863e-03
-2.012901287635919523e-03
-2.019606111459353211e-03
-2.016935590063725827e-03
-2.016087786032137556e-03
-2.019448496469304979e-03
-2.058567418996630656e-03
-2.054550565962205526e-03
-2.059513595288670583e-03
-2.020920033242100313e-03
-2.040888575399878602e-03
-2.071164009430984110e-03
-2.042044206173158644e-03
-2.098862507710813445e-03
-2.100319199498153471e-03
-2.129686951658087829e-03
-2.242239339579428850e-03
-2.253486768106039567e-03
-2.225758060707856700e-03
-2.265568304423737876e-03
-2.204788449972722338e-03
-2.274929922585799610e-03
-2.277195370427223704e-03
-2.277023764850638968e-03
-2.285801337237794179e-03
-2.283802675002363607e-03
-2.287341386743191318e-03
-2.281063864506300588e-03
-2.273856845183923597e-03
-2.265751572080296639e-03
-2.252583079716766884e-03
-2.254133831650378950e-03
-2.257121816860168870e-03
-2.247245511400946041e-03
-2.251385502057113176e-03
-2.244919871817540203e-03
-2.236468573942011241e-03
-2.132690935062400792e-03
-2.163006349746812110e-03
-2.146729932650050503e-03
-2.225094656255024225e-03
-2.214773039831740946e-03
-2.201369203688395039e-03
-2.205600808648683006e-03
-2.199909666833342343e-03
-2.169423627363227958e-03
-2.166711469649446054e-03
-2.173805187585994489e-03
-2.182717501024995614e-03
-2.180506870634299488e-03
-2.186393129450485938e-03
-2.195827451521559313e-03
-2.161856021301844597e-03
-2.160020225458100449e-03
-2.150741211588675685e-03
-2.157224833435047225e-03
-2.133624983348180425e-03
-2.096223033316402078e-03
-2.092405058620553163e-03
-2.100521710344036789e-03
-2.110816007861940000e-03
-2.118479547398709195e-03
-2.107799719702168999e-03
-2.086896392007451216e-03
-2.067453417091365264e-03
-1.918046803718359463e-04
-9.743467847588349671e-05
-1.983855287647829139e-04
-4.110633479795713506e-04
-3.099476144220964045e-04
-3.982992311495092176e-04
-5.625847311269968143e-04
-5.538290945786947424e-04
-4.762537385359239808e-04
-7.171549010867670632e-04
-7.016951481225218532e-04
-6.330871878831853062e-04
-8.393622215265687542e-04
-7.641673488408861400e-04
-8.238481374012293548e-04
-9.445308383517334776e-04
-8.774765640210545510e-04
-9.276366355704898127e-04
-1.038234607298212445e-03
-9.753397245041671437e-04
-1.021500853133618927e-03
-1.121784689134561934e-03
-1.063936876148048995e-03
-1.105966604719727095e-03
-1.285201021840983154e-03
-1.227079953655733219e-03
-1.258226962563104619e-03
-1.312015886162668345e-03
-1.293931204040592482e-03
-1.271622036694990176e-03
-1.198786957202023669e-03
-1.145021422451139798e-03
-1.183975498348075785e-03
-1.363103760203739859e-03
-1.320169346315495104e-03
-1.349261919771962189e-03
-1.417420627265103756e-03
-1.376590982609221005e-03
-1.405554979203816604e-03
-1.473029103939473830e-03
-1.461641453428012220e-03
-1.433640760740535584e-03
-1.524721098010383379e-03
-1.513653950972470045e-03
-1.487696210870991182e-03
-1.571879973670376081e-03
-1.561928744338644294e-03
-1.537388563416281504e-03
-1.599969636881717200e-03
-1.576002328218722558e-03
-1.566500569549720721e-03
-1.590681377741490253e-03
-1.649729604218165471e-03
-1.645504282232645565e-03
-1.636595265926895975e-03
-1.613823100300328713e-03
-1.711528318654944149e-03
-1.705195799008779340e-03
-1.683929398892519951e-03
-1.691635406891752423e-03
-1.753262977575829971e-03
-1.726208288663552606e-03
-1.747161437479040087e-03
-1.794939872439652593e-03
-1.791343871103105376e-03
-1.768123501141639822e-03
-1.822412751280248116e-03
-1.800283022523736960e-03
-1.797597152096202773e-03
-1.827529096352624709e-03
-1.807722331282547073e-03
-1.802824718744925302e-03
-1.821609676470926659e-03
-1.841182365327232243e-03
-1.901463025601699951e-03
-1.879930765950761943e-03
-1.901614647083445676e-03
-1.880427295841445579e-03
-1.901095743369830534e-03
-1.880473227311352160e-03
-1.881446735308744175e-03
-1.946867452972143430e-03
-1.940668330470721094e-03
-1.924186778581775479e-03
-1.973205479151435553e-03
-1.953972451488067853e-03
-1.969390660318189566e-03
-2.001856916579486997e-03
-1.996895213170005786e-03
-1.984166519727841374e-03
-2.013724828355037064e-03
-2.022616942657465625e-03
-2.015884658025285641e-03
-2.007851699156304633e-03
-2.029010093231705704e-03
-2.022877515979880966e-03
-2.020678417768751595e-03
-2.023646716445741314e-03
-2.017603182834661231e-03
-2.019291853781315493e-03
-2.021774539562826330e-03
-2.024412112773465219e-03
-2.022009112116071160e-03
-2.020926739418113256e-03
-2.022296327639430159e-03
-1.983116565640595606e-03
-2.012045007268605055e-03
-2.013151924351141119e-03
-2.069907707912561640e-03
-2.115949992225358081e-03
-2.208617863194206176e-03
-2.228987379818722896e-03
-2.221779241853921987e-03
-2.223118591970919388e-03
-2.236110594864376428e-03
-2.240473850361153658e-03
-2.191586201288769648e-03
-2.203783598715631717e-03
-2.213470547044189829e-03
-2.248642158791048368e-03
-2.253074240224856809e-03
-2.260736107221624977e-03
-2.163298772629224185e-03
-2.178253426342754290e-03
-2.189874050176749982e-03
-2.255461833076934965e-03
-2.264156531831432867e-03
-2.266167942132304384e-03
-2.259775058494123065e-03
-2.268296066935223364e-03
-2.268516786388387503e-03
-2.275172942801459517e-03
-2.282812392532999543e-03
-2.276189222603652168e-03
-2.279888049228089367e-03
-2.271863273655968379e-03
-2.274846636765940830e-03
-2.278147604669539597e-03
-2.267703822112556670e-03
-2.272746243982234557e-03
-2.268901933421767648e-03
-2.262464662322590490e-03
-2.262093182515263062e-03
-2.266275132380372176e-03
-2.250047832483006820e-03
-2.255435090593303771e-03
-2.254096731025021470e-03
-2.258548034089687649e-03
-2.238593572690628954e-03
-2.240642780316446595e-03
-2.242910820430805627e-03
-2.234649234812795954e-03
-2.148249707167636594e-03
-2.229013595113485142e-03
-2.229752385092306777e-03
-2.224406812119678750e-03
-2.219800716212509510e-03
-2.214836256486929326e-03
-2.219799396389956180e-03
-2.211507997016810834e-03
-2.206446650644966652e-03
-2.210680229633874005e-03
-2.176068342831024606e-03
-2.194348617146052623e-03
-2.188489056048663600e-03
-2.192239390649160062e-03
-2.197807076411315182e-03
-2.164787151258759472e-03
-2.150853580152604222e-03
-2.155611834113152232e-03
-2.145931739412396989e-03
-2.134286667863682756e-03
-2.138199884900242407e-03
-2.130436150429049734e-03
-2.103494996319140928e-03
-2.116333468644777255e-03
-2.113024399465575874e-03
-2.121428849547670348e-03
-2.073509997216578700e-03
-2.076481331733093932e-03
-2.085173935188583752e-03
-2.067595333638964743e-03
-1.932180271654917887e-20
-2.570543010512825070e-20
-9.721754410806356475e-05
-3.034554924288152813e-04
-4.895896751999252857e-04
-6.426371517749937708e-04
-7.801913221145305357e-04
-8.934750451400450422e-04
-9.925642314883764607e-04
-1.080963618009453397e-03
-1.161068125665977533e-03
-1.241996866764942141e-03
-1.297518827232863915e-03
-1.337593248378328740e-03
-1.390662564504893759e-03
-1.445549750693956182e-03
-1.499177218204228099e-03
-1.548535668820313557e-03
-1.617539545984151856e-03
-1.594718920245292255e-03
-1.584766809791506893e-03
-1.608370764380607880e-03
-1.622763538722535922e-03
-1.687789378427017456e-03
-1.679564733581764054e-03
-1.657843922288585337e-03
-1.666833014164260419e-03
-1.732538736383345407e-03
-1.725541021609695294e-03
-1.698562078099991783e-03
-1.718511766968339573e-03
-1.774214515249601318e-03
-1.834469626819535976e-03
-1.814779393170129138e-03
-1.811161012292664000e-03
-1.824993956486786924e-03
-1.830990279303833321e-03
-1.864465772275400359e-03
-1.843541255377106588e-03
-1.842735335689960063e-03
-1.863164016309628614e-03
-1.943341353087694187e-03
-1.922613278083998203e-03
-1.922382147067898915e-03
-1.901479341223193988e-03
-1.904642560619849382e-03
-1.883016379355068135e-03
-1.903065771411340413e-03
-1.960156101204428743e-03
-1.945295854585213889e-03
-1.988182702332631085e-03
-2.013083131363415518e-03
-2.038137338150519499e-03
-2.023493991689037218e-03
-2.027184630123482056e-03
-2.030171158749499976e-03
-2.026506409067189377e-03
-2.033029975872845205e-03
-2.028479310969350663e-03
-2.026063013707119897e-03
-2.022090274290243555e-03
-2.024493274947258142e-03
-1.977058780260659322e-03
-1.980027108046381826e-03
-2.008940459045147672e-03
-2.071703652165673721e-03
-2.085242029481191965e-03
-2.056324335420719844e-03
-2.102188233148207398e-03
-2.215913681105684784e-03
-2.200228430588284465e-03
-2.222154512623674902e-03
-2.222671933447762944e-03
-2.239711876030886853e-03
-2.177749470679342814e-03
-2.235505319783872603e-03
-2.252059555436112734e-03
-2.257636996715231548e-03
-2.261647714034840679e-03
-2.269484193636520444e-03
-2.260709699601829228e-03
-2.268478534742204063e-03
-2.273439733673304330e-03
-2.269585196272194422e-03
-2.264839959261932302e-03
-2.258775189234292057e-03
-2.244449077056990920e-03
-2.245972867429881122e-03
-2.248573933943328294e-03
-2.248214836705672310e-03
-2.250517185021918415e-03
-2.251730229222896271e-03
-2.241632648305584910e-03
-2.233715807884806628e-03
-2.104187181412893806e-03
-2.118695207795259598e-03
-2.134121053088105201e-03
-2.224227267336663719e-03
-2.215477932240722970e-03
-2.204635157474612271e-03
-2.203095201840951471e-03
-2.207962674879306465e-03
-2.175134495438389107e-03
-2.172211248136545012e-03
-2.178873540071249015e-03
-2.188237620577056751e-03
-2.185429349002841401e-03
-2.191193230131931440e-03
-2.199503371132808735e-03
-2.167555694023761033e-03
-2.166108448710577297e-03
-2.163548709522802004e-03
-2.158683582837846344e-03
-2.142442017655224115e-03
-2.125361991597955746e-03
-2.106162695228042635e-03
-2.089420995804130814e-03
-2.083010894550317224e-03
-2.093437099472243018e-03
-1.676065812533037835e-04
-1.798275331063907900e-04
-8.524445216252085752e-05
-3.454142960236336081e-04
-3.791186277591170528e-04
-2.701863186439291183e-04
-6.325008754990812509e-04
-5.982100475629067993e-04
-5.239022020103380629e-04
-7.648613049499584406e-04
-6.659900776286203136e-04
-7.415349947030903683e-04
-8.763886641734283580e-04
-7.983733564683338085e-04
-8.581549095613525292e-04
-9.811460716569744226e-04
-9.115940918621124808e-04
-9.630629377632583116e-04
-1.069836821159757820e-03
-1.054156465644586578e-03
-1.008135621934075484e-03
-1.152697583931736134e-03
-1.137334098726780051e-03
-1.096257566361860409e-03
-1.227564056065967839e-03
-1.213172385631131403e-03
-1.175248568144621241e-03
-1.297345076568240342e-03
-1.248477473189401731e-03
-1.290373447276847328e-03
-1.382402880699934444e-03
-1.333253838385180679e-03
-1.346735489884868077e-03
-1.372317681721515678e-03
-1.444399936600174010e-03
-1.403741789892403238e-03
-1.430576682551935571e-03
-1.492576726276920781e-03
-1.482816516402099116e-03
-1.455213651620743381e-03
-1.546291489677764034e-03
-1.509973642962519121e-03
-1.535579208308737471e-03
-1.593741759683769965e-03
-1.559447144129034492e-03
-1.582863432830219040e-03
-1.634204192009169410e-03
-1.603140899590312692e-03
-1.625672079925867021e-03
-1.661951939080660726e-03
-1.639531725971820914e-03
-1.630722183102726371e-03
-1.653531513312398414e-03
-1.706726887499572520e-03
-1.711234878842050411e-03
-1.678320671831292927e-03
-1.699278194570165781e-03
-1.765823671599845313e-03
-1.759532980992228272e-03
-1.738785775819351540e-03
-1.745769207610659013e-03
-1.804221327257998428e-03
-1.799575019764469447e-03
-1.778822469767426563e-03
-1.841950623648620777e-03
-1.818520949366481815e-03
-1.838200030833821511e-03
-1.867581992015067416e-03
-1.847669597508197134e-03
-1.845128746876636191e-03
-1.872054757632866332e-03
-1.853292647465106142e-03
-1.849830877843012047e-03
-1.866249888228033171e-03
-1.884523975373546181e-03
-1.944098925159207930e-03
-1.922593231392112070e-03
-1.943872525816231836e-03
-1.922555533275663048e-03
-1.944331688828473959e-03
-1.924531699598066919e-03
-1.923083135063619054e-03
-1.979499891058585440e-03
-1.963166530133501030e-03
-1.976497157812964756e-03
-1.961408516232505082e-03
-2.022307011180488924e-03
-2.012402718627850310e-03
-1.998213633417388838e-03
-2.034803969033585104e-03
-2.028688303721095862e-03
-2.018781222358662607e-03
-2.051041285401553060e-03
-2.037324050394391864e-03
-2.043694825239390691e-03
-2.037908446775100156e-03
-2.033459270003020423e-03
-2.028941317076098701e-03
-2.045507604260234525e-03
-2.041822471204897578e-03
-2.035641532589827635e-03
-2.031357614337861092e-03
-1.922828493717319539e-03
-1.949890457233967398e-03
-1.953043583892656674e-03
-2.008591476033090226e-03
-2.024641226810463407e-03
-1.992810584310465705e-03
-2.040092466625148537e-03
-2.088194561208707792e-03
-2.186819136675958748e-03
-2.197552926144151139e-03
-2.204969650817665151e-03
-2.175966857474585358e-03
-2.183683030644850871e-03
-2.192392521437187738e-03
-2.188794421456264402e-03
-2.205791580016827017e-03
-2.205652464393588474e-03
-2.148281091012785565e-03
-2.170128031479491224e-03
-2.155836343725780861e-03
-2.231347489735233981e-03
-2.240022862174322754e-03
-2.226803769002807035e-03
-2.243403433630164045e-03
-2.238625606141723783e-03
-2.249183586020818762e-03
-2.247041687029766813e-03
-2.244131388154291164e-03
-2.252898377181562599e-03
-2.251929680036016818e-03
-2.261412065884410745e-03
-2.268392807423670176e-03
-2.261528116758147917e-03
-2.266643324157264876e-03
-2.259634408420915092e-03
-2.263667164765798684e-03
-2.265710608213310218e-03
-2.257998713275912069e-03
-2.260170786168677615e-03
-2.262776269815891181e-03
-2.254807631655734394e-03
-2.255068600135798958e-03
-2.258555864536038876e-03
-2.246457770245225988e-03
-2.249588046956172305e-03
-2.248910460095140604e-03
-2.252426204593583475e-03
-2.235929732804670892e-03
-2.237365375941038556e-03
-2.240209517974625815e-03
-2.232481913460706950e-03
-2.126577253354493789e-03
-2.227729427367068291e-03
-2.228300152856722838e-03
-2.223688224144267089e-03
-2.220004529368770855e-03
-2.215687790781004085e-03
-2.219865659090595154e-03
-2.213285583101805721e-03
-2.208977360469386968e-03
-2.212318947457353469e-03
-2.181555983584567045e-03
-2.199449619485056157e-03
-2.193796239143237792e-03
-2.196880590090849461e-03
-2.202032987767929117e-03
-2.171076047610407452e-03
-2.157643647866119146e-03
-2.153863155704367587e-03
-2.162335447580773264e-03
-2.138040205271054400e-03
-2.135722199036982696e-03
-2.144567727847206985e-03
-2.126785702031921705e-03
-2.102877232224768453e-03
1.638784011842246835e-20
4.906127782572956138e-21
-8.540446397724712308e-05
-2.585128549117283992e-04
-5.036182640041766490e-04
-4.262224864935713117e-04
-4.577279168031002377e-04
-7.011933395038035628e-04
-5.705421079472222873e-04
-8.226129080090884005e-04
-9.303478646930710399e-04
-1.026630398771613550e-03
-1.112200573318595110e-03
-1.190900776007497138e-03
-1.263018110385848332e-03
-1.360462678882372409e-03
-1.322743150736249793e-03
-1.329079495637772732e-03
-1.370870714536405683e-03
-1.412907045999844914e-03
-1.468252011412677846e-03
-1.519706005377017416e-03
-1.570277514884929095e-03
-1.614122460437589484e-03
-1.677768290993993713e-03
-1.656005946551983819e-03
-1.647483587384305625e-03
-1.669484171785436295e-03
-1.686312720007467634e-03
-1.741475587504500702e-03
-1.714590311896636333e-03
-1.733475120163953604e-03
-1.726037962809614731e-03
-1.785081293735921431e-03
-1.779106529444898863e-03
-1.772481261064349622e-03
-1.752399535763363983e-03
-1.823148387703505497e-03
-1.877469036153837836e-03
-1.859736974631337296e-03
-1.855964470061921990e-03
-1.869973230140694730e-03
-1.874781514109503510e-03
-1.905010347291056106e-03
-1.884950664017571650e-03
-1.886481820155314505e-03
-1.905005185263837237e-03
-1.984955166215057829e-03
-1.964521402687979205e-03
-1.964562730623526949e-03
-1.944525905787673498e-03
-1.949190816638406588e-03
-1.926673730211624080e-03
-1.947136006631591462e-03
-2.001361057777479961e-03
-1.982590421592670717e-03
-2.029527318890857884e-03
-2.042917451129654463e-03
-2.065446455550228044e-03
-2.058209861089866158e-03
-2.049650644232008101e-03
-2.040090709361428584e-03
-2.053335777286865831e-03
-1.930025498683107105e-03
-1.953557275397004543e-03
-1.926377122681236214e-03
-1.969366855691404624e-03
-2.040536231047078951e-03
-2.056071100145146109e-03
-2.024506753242200953e-03
-2.072508651179505966e-03
-2.187698683727570294e-03
-2.181300941208358379e-03
-2.162264279298985528e-03
-2.201424223088928843e-03
-2.211797776434591689e-03
-2.195136015203376628e-03
-2.216399022772285333e-03
-2.234984167278034495e-03
-2.241338469402321971e-03
-2.247611195052212282e-03
-2.254675991973157951e-03
-2.245857965528620572e-03
-2.254541817010910845e-03
-2.260489391378865155e-03
-2.258740051967859236e-03
-2.256266003936188008e-03
-2.252055222981667187e-03
-2.241051094887489339e-03
-2.242845023912184120e-03
-2.244649039233128501e-03
-2.243976420470797026e-03
-2.246177586675852239e-03
-2.246706132128954703e-03
-2.238585935015685070e-03
-2.231765325944308574e-03
-2.109685312413861740e-03
-2.107184060908166758e-03
-2.129071483987436675e-03
-2.223751434374061399e-03
-2.216498256481722051e-03
-2.208249002771433926e-03
-2.210612102483250005e-03
-2.206538587222177644e-03
-2.182567171060832874e-03
-2.185197131389757415e-03
-2.178471465670085358e-03
-2.195177124849185223e-03
-2.197264407557291722e-03
-2.191723585645130937e-03
-2.203880738355148798e-03
-2.174288407552551518e-03
-2.147863870753365101e-03
-2.175158761040396453e-03
-2.166731312188470253e-03
-2.171761671281319944e-03
-2.113988978521641991e-03
-2.115647752793874993e-03
-2.126014591896707717e-03
-2.102191516373834966e-03
-1.883091162776631190e-04
-9.612825956758694595e-05
-1.783250764510499833e-04
-3.539843990879744775e-04
-2.629291311854106954e-04
-3.498817181874684461e-04
-4.313959109522447341e-04
-8.046606769182819635e-04
-7.850976188341818231e-04
-7.206255547795479503e-04
-6.841000204043971248e-04
-5.960826435431772468e-04
-6.586500926923723230e-04
-9.164175421730209881e-04
-8.423311898263851705e-04
-8.966899036782201380e-04
-1.013830653067680082e-03
-9.464272211180029329e-04
-9.977167023883771156e-04
-1.100211366060564050e-03
-1.041585119298079915e-03
-1.085150375032576178e-03
-1.180534972690921525e-03
-1.125909955117050795e-03
-1.166699612631156950e-03
-1.257198844261890602e-03
-1.205610618276404655e-03
-1.242525313101623804e-03
-1.343322451324729635e-03
-1.319721151817425863e-03
-1.285388214692124694e-03
-1.390551189909834239e-03
-1.343699399422190049e-03
-1.375311149379971221e-03
-1.440194479862593564e-03
-1.400214152922746834e-03
-1.411150103673320484e-03
-1.441646759428676398e-03
-1.505051860166251899e-03
-1.498915246238785842e-03
-1.474697228754020574e-03
-1.557766256252528453e-03
-1.552080106153327184e-03
-1.525483637216951301e-03
-1.610652156922218669e-03
-1.578807108657595288e-03
-1.602281554978721070e-03
-1.652418813284523610e-03
-1.643342257776418376e-03
-1.623223090284404545e-03
-1.693363349860566112e-03
-1.685412297021837095e-03
-1.663900726946319387e-03
-1.718995897550294576e-03
-1.698263584301350996e-03
-1.690298244921198574e-03
-1.714657094830070519e-03
-1.760310719528518537e-03
-1.760141906771540456e-03
-1.750743016416143319e-03
-1.735522527570034727e-03
-1.816329650244905003e-03
-1.791157067275955025e-03
-1.810312167131090770e-03
-1.797818356003740015e-03
-1.850950316141550516e-03
-1.827663206272046523e-03
-1.846477841787136972e-03
-1.883377228972287192e-03
-1.862711456514759556e-03
-1.880404243549190814e-03
-1.912357699069289381e-03
-1.889973200561468562e-03
-1.892052777817188232e-03
-1.910522966852786636e-03
-1.891343969381543977e-03
-1.894057837735353732e-03
-1.908826195537827002e-03
-1.927024141844897644e-03
-1.988007068329483967e-03
-1.965721253909636507e-03
-1.986836084132154439e-03
-1.966171835798251853e-03
-1.981557519156750685e-03
-1.963094169997296051e-03
-1.965185927642422448e-03
-2.026559853259957741e-03
-2.024886732746121638e-03
-2.002857500800622140e-03
-2.005696258714420501e-03
-2.064145696179815054e-03
-2.043343300702709676e-03
-2.049772132789012911e-03
-2.057900599324508084e-03
-2.085601834411230076e-03
-2.068743421627829062e-03
-2.073846822698168987e-03
-1.862053442683453495e-03
-1.896016295211996276e-03
-1.892490522804042390e-03
-1.976084070539813487e-03
-1.992330121224325339e-03
-1.953015841072760269e-03
-2.008254698007787536e-03
-2.067194633914771432e-03
-2.085636442172414222e-03
-2.053904303899681955e-03
-2.160176238475240186e-03
-2.174450040063791775e-03
-2.173476820921945579e-03
-2.145805000582126122e-03
-2.166308938743570327e-03
-2.160767644961892556e-03
-2.147176660276185495e-03
-2.173978622008065735e-03
-2.187557721554283033e-03
-2.181298081305031202e-03
-2.213164023821067618e-03
-2.222250886006123770e-03
-2.207287885160912067e-03
-2.225894960456318607e-03
-2.222714018205304651e-03
-2.233406046026198757e-03
-2.230659425478455707e-03
-2.229921681746795895e-03
-2.238796168584759362e-03
-2.236997543256672404e-03
-2.249236451790061035e-03
-2.248479073503206836e-03
-2.255394715112560722e-03
-2.254436935056816985e-03
-2.248918604299765533e-03
-2.254229386510878813e-03
-2.253540967436936174e-03
-2.250182342343305490e-03
-2.252504280764146966e-03
-2.254044750756489281e-03
-2.248288587488251385e-03
-2.248856308865650102e-03
-2.251465525054328377e-03
-2.242594511042205179e-03
-2.244736480646016257e-03
-2.244351738141879549e-03
-2.247082140972543607e-03
-2.233846052292883400e-03
-2.234970228478232613e-03
-2.237465077679268079e-03
-2.230795065947360246e-03
-2.088517344023332195e-03
-2.127996167198579688e-03
-2.227061926645337517e-03
-2.227310849693115921e-03
-2.223448547049188765e-03
-2.220281018091558797e-03
-2.220191104961272144e-03
-2.216971916323339127e-03
-2.214342551795794607e-03
-2.213771432987534944e-03
-2.211459167978351101e-03
-2.188746626132705674e-03
-2.205791764418949495e-03
-2.200843957464604199e-03
-2.202701558805640267e-03
-2.207138793119426887e-03
-2.179953050471908002e-03
-2.138847766915564184e-03
-2.139427176038264863e-03
-2.148245707391195983e-03
-2.162363152330756995e-03
-2.159902668854012109e-03
-2.170237815540662120e-03
-2.127401562663755984e-03
0.000000000000000000e+00
3.004848742581220858e-20
-9.659482245376477814e-05
-2.738708455313611321e-04
-5.478387682005397830e-04
-4.534029477580337766e-04
-5.260606897962117560e-04
-8.625640207607153213e-04
-7.468178416758311251e-04
-6.188804566541396702e-04
-9.666570017374121870e-04
-1.058168114724893603e-03
-1.141276101362325530e-03
-1.219639459758527483e-03
-1.300198505897309960e-03
-1.365784324630638872e-03
-1.415088778329679463e-03
-1.504126300838419224e-03
-1.472204506370116371e-03
-1.473951544557515654e-03
-1.531730887622445407e-03
-1.504210829706024554e-03
-1.584564654493459974e-03
-1.631728409909178040e-03
-1.673032379541242263e-03
-1.733346324808587770e-03
-1.713374262278852863e-03
-1.705418619149942031e-03
-1.725918277621479955e-03
-1.758424467591396126e-03
-1.734638513104263440e-03
-1.738568093059738532e-03
-1.790725529139131772e-03
-1.784953383939134539e-03
-1.766165091727429134e-03
-1.758915070466314859e-03
-1.775440947543709819e-03
-1.833759381864358187e-03
-1.826660157102870125e-03
-1.821517018161793178e-03
-1.802994272677948401e-03
-1.867250819948793310e-03
-1.914160666544346447e-03
-1.895773108523130055e-03
-1.898787513392164155e-03
-1.911335746116646882e-03
-1.912374949914100609e-03
-1.937326667929495632e-03
-1.921084722201447069e-03
-1.924410658010912564e-03
-1.943085048846710308e-03
-2.032709959140077856e-03
-2.010629423866865540e-03
-2.009805224923575783e-03
-1.984934389090971512e-03
-2.000048107836385584e-03
-1.974205245540325629e-03
-1.990516292853643145e-03
-2.069396554963167691e-03
-2.047183254699430112e-03
-2.048670459454480369e-03
-2.030496982928511711e-03
-2.068234003790693845e-03
-2.074873765295149382e-03
-1.861454254485504735e-03
-1.861726524585546189e-03
-1.895755413494102076e-03
-1.912548265559829794e-03
-1.921224600949426094e-03
-1.944298765011806193e-03
-2.012788691494266091e-03
-2.026603779676554307e-03
-1.994417666546265729e-03
-2.039978725190298887e-03
-2.144917174110618809e-03
-2.166979805770111091e-03
-2.152433691045802216e-03
-2.152962674856238618e-03
-2.183251433927485725e-03
-2.192312261402581952e-03
-2.178598955112606532e-03
-2.159430675131587731e-03
-2.198209252893600606e-03
-2.217929070337798948e-03
-2.226272346459195160e-03
-2.235157922455922614e-03
-2.241425663315202692e-03
-2.232509799759601135e-03
-2.242272530686747600e-03
-2.249030597155610503e-03
-2.249601545179609301e-03
-2.249163446163309626e-03
-2.246348704802369686e-03
-2.238301904639740988e-03
-2.239747628862191753e-03
-2.241153744363275080e-03
-2.240626651318385846e-03
-2.242374983472007928e-03
-2.242605076901144252e-03
-2.236156348987307363e-03
-2.230373432649841205e-03
-2.095279942803970116e-03
-2.102502104429482439e-03
-2.081305389476042003e-03
-2.120543254307372810e-03
-2.223634681571654090e-03
-2.217428387704419804e-03
-2.214022940550246579e-03
-2.211248352350860154e-03
-2.214117509925237273e-03
-2.189991750503122395e-03
-2.193068483828565594e-03
-2.186808880006282409e-03
-2.201525792016329440e-03
-2.198286753915188775e-03
-2.203989819450675233e-03
-2.210173328546471451e-03
-2.184293429264879197e-03
-2.150504728378970984e-03
-2.192897219598217290e-03
-2.176490579513900084e-03
-2.183674426747753486e-03
-2.551697135221623843e-04
-1.284486428993271727e-04
-2.205496507225273542e-04
-3.924967688139107454e-04
-2.924937946091130526e-04
-3.736115107081052931e-04
-4.733688311690799040e-04
-9.509537306925825448e-04
-8.794830720991867780e-04
-9.339329743325724704e-04
-8.466451878348356126e-04
-7.674673696334062154e-04
-8.259778260705179622e-04
-7.293706218038974523e-04
-6.411813721842725498e-04
-7.071350580450553192e-04
-1.044916349430361066e-03
-9.819384750441916086e-04
-1.029568294183941767e-03
-1.129189938382456869e-03
-1.114809856900511728e-03
-1.072409107169002701e-03
-1.205302499526808699e-03
-1.192994222858655314e-03
-1.153448084876763230e-03
-1.276195855117411276e-03
-1.228885403015134593e-03
-1.266679094820129334e-03
-1.347283211600169795e-03
-1.344317754421870065e-03
-1.302763113516771688e-03
-1.431201071852383419e-03
-1.410780177530920453e-03
-1.387031547781482441e-03
-1.466714937528525338e-03
-1.453488702763339017e-03
-1.428514732957943990e-03
-1.520306655247417437e-03
-1.480484928759388634e-03
-1.511959169146511687e-03
-1.554165524809310306e-03
-1.529866736132547232e-03
-1.555856277085097914e-03
-1.529160491179142392e-03
-1.615439919543025689e-03
-1.613044402887082746e-03
-1.586996982817919736e-03
-1.665443108967326006e-03
-1.658958921364648946e-03
-1.638286977235169821e-03
-1.706962801453065608e-03
-1.700173911282484938e-03
-1.679822988153352632e-03
-1.747099703288033067e-03
-1.720346201876130814e-03
-1.740104259243491387e-03
-1.772129848702133637e-03
-1.752631200737668829e-03
-1.745420002119631425e-03
-1.764995585092107248e-03
-1.808833622551934191e-03
-1.798491084227979127e-03
-1.778297700613739631e-03
-1.779119824353378107e-03
-1.794425293535371890e-03
-1.859471954733060532e-03
-1.837993002438272679e-03
-1.855219149850210764e-03
-1.843176589602875609e-03
-1.890873307714216901e-03
-1.870992211378839920e-03
-1.887136517895495347e-03
-1.925270747288364195e-03
-1.919459392752916440e-03
-1.904153782107144031e-03
-1.939114566552579619e-03
-1.925572119842271918e-03
-1.924705835364304935e-03
-1.948729297562074980e-03
-1.929414586212971133e-03
-1.930974270614336293e-03
-1.950912095866504364e-03
-1.931365471540868843e-03
-1.943869772388996924e-03
-1.973522820746673873e-03
-1.955085655518655052e-03
-1.961134811970073437e-03
-2.032034572970881081e-03
-2.033340947388067102e-03
-2.009295524232740902e-03
-2.006427503650114099e-03
-1.986136443078025549e-03
-2.015309805493113900e-03
-2.081185345550029282e-03
-2.076553034442577775e-03
-2.053029365951601973e-03
-2.056794265966470879e-03
-2.108485218250227139e-03
-2.088940886606427232e-03
-2.084265996491378638e-03
-2.094994065607029120e-03
-1.800809464187660535e-03
-1.831095716539677233e-03
-1.831513766143942666e-03
-1.887012977259492925e-03
-1.952856948585669859e-03
-1.932725626164669315e-03
-1.964414528452201100e-03
-1.982773815441333555e-03
-2.044386864122796355e-03
-2.055747180816883731e-03
-2.028594844903024164e-03
-2.122589917321092163e-03
-2.133816046276795948e-03
-2.141293479629957121e-03
-2.134241570069044316e-03
-2.147396353184628879e-03
-2.165478529278017008e-03
-2.160543910042298475e-03
-2.145982481268580381e-03
-2.196775057471166050e-03
-2.204962922354304460e-03
-2.189988449077600111e-03
-2.209744677329766090e-03
-2.208283737440944802e-03
-2.219088724434104421e-03
-2.215478039247677049e-03
-2.217256418647738786e-03
-2.223546499551725363e-03
-2.226249073139025675e-03
-2.237727548220412328e-03
-2.236599102906976482e-03
-2.243643085385632185e-03
-2.243617253685007296e-03
-2.243407668291928954e-03
-2.246123555686541963e-03
-2.246799538402025932e-03
-2.243644133598375785e-03
-2.245846772792373623e-03
-2.246798000759235494e-03
-2.242652411002099468e-03
-2.243612812993032567e-03
-2.245382726286146435e-03
-2.239546027274185325e-03
-2.240786028703442220e-03
-2.240704877679651225e-03
-2.242670532904792770e-03
-2.232541560415125977e-03
-2.235442718943860853e-03
-2.233276420003435427e-03
-2.229812149605149736e-03
-2.069786748382305454e-03
-2.108979608943466807e-03
-2.227543787548098148e-03
-2.223996780543600459e-03
-2.227219066253127884e-03
-2.218770161887529541e-03
-2.216664855955494551e-03
-2.219608537722888002e-03
-2.216542654793166034e-03
-2.195769058231910806e-03
-2.210915010770344614e-03
-2.208439088150900183e-03
-2.206004238021009277e-03
-2.215885362673401630e-03
-2.214772406358077664e-03
-2.211122444737813678e-03
-2.199779346637143265e-03
-2.187891500848676736e-03
-2.195166929807868851e-03
-2.196510763498928619e-03
0.000000000000000000e+00
0.000000000000000000e+00
-1.279547894332099933e-04
-3.253026525872770467e-04
-5.971659763839634594e-04
-5.729995201652234287e-04
-4.974730457691940028e-04
-9.994644821843335150e-04
-9.008136448055011850e-04
-7.906659360228474129e-04
-6.666326204424905802e-04
-1.088192303468513969e-03
-1.168085776748410080e-03
-1.241378783182740028e-03
-1.312397136877109559e-03
-1.424940801405341151e-03
-1.383772957291459337e-03
-1.386369012758873961e-03
-1.427493095588996085e-03
-1.448951055153471822e-03
-1.493710478360073864e-03
-1.572886857317728430e-03
-1.546623966846335640e-03
-1.538224059550328355e-03
-1.585149895384452669e-03
-1.563285961035401194e-03
-1.640716336503257947e-03
-1.686352802258370316e-03
-1.727142376172114378e-03
-1.785034107300929006e-03
-1.766072601407718805e-03
-1.759069504072684458e-03
-1.778355696707439263e-03
-1.809139028300167304e-03
-1.790529404177507774e-03
-1.783636358375042651e-03
-1.835992043102544803e-03
-1.813518037067109005e-03
-1.831356343450729791e-03
-1.803509718499101376e-03
-1.817258960522581592e-03
-1.875282637863392565e-03
-1.868322952793328995e-03
-1.847597398517269833e-03
-1.863912458982685746e-03
-1.907901713602250249e-03
-1.942500813742027970e-03
-1.928045808058959348e-03
-1.933225708739629272e-03
-1.944556098593409974e-03
-1.943568827482840614e-03
-1.944862675637820540e-03
-1.961545601036681664e-03
-2.085603442902140420e-03
-2.059443579602847265e-03
-2.061270162375051802e-03
-2.016343682852432886e-03
-1.994463247665074351e-03
-2.007816409969749062e-03
-2.048596698169887539e-03
-2.039904623429170637e-03
-2.023643011632659128e-03
-2.128812948090878267e-03
-2.103503764080403605e-03
-2.097941710552555464e-03
-2.085279414502256082e-03
-2.117486042196000621e-03
-1.806398430823828727e-03
-1.833959381067497025e-03
-1.803573993769418040e-03
-1.860853616569039734e-03
-1.861150337159299829e-03
-1.886700794309051094e-03
-1.892945718418812765e-03
-1.902690998637397886e-03
-1.922820146958670057e-03
-1.989197079522767985e-03
-2.000941950021994670e-03
-1.971009074455374287e-03
-2.016742095575533352e-03
-2.098696867329314861e-03
-2.121882649980784755e-03
-2.110708133500650840e-03
-2.168266212326558969e-03
-2.175750187510471292e-03
-2.157881802882276670e-03
-2.115634414538746129e-03
-2.130350543489755409e-03
-2.131647243069529751e-03
-2.182495549761074780e-03
-2.202508697153252384e-03
-2.212713454285354826e-03
-2.223620118737530162e-03
-2.220387126153601769e-03
-2.229502470700465977e-03
-2.230944989555169039e-03
-2.240736187386268945e-03
-2.243414269855069712e-03
-2.242940976402606462e-03
-2.241545984944979478e-03
-2.236445288718822387e-03
-2.237457144800744299e-03
-2.238553431604532393e-03
-2.238223561419058500e-03
-2.239513880146183633e-03
-2.239420002842147303e-03
-2.234591545159517537e-03
-2.229960960713380392e-03
-2.073512084981717855e-03
-2.084423038985148188e-03
-2.059006149147954781e-03
-2.098103435613090338e-03
-2.224163803288181987e-03
-2.222381477738203433e-03
-2.225823457444423524e-03
-2.221693851598135604e-03
-2.219497753072822380e-03
-2.219125772079027625e-03
-2.216662753882739974e-03
-2.200907227785081372e-03
-2.213682847140706345e-03
-2.214799921331100322e-03
-2.208011999707949844e-03
-2.212945164695135150e-03
-2.219411735337567873e-03
-2.216801501345687202e-03
-2.217997989455337306e-03
-2.217304525737101659e-03
-2.205794538990067926e-03
-2.208373889838537510e-03
-2.392545626063337502e-04
-2.461099576460584249e-04
-1.214652006395303162e-04
-4.674158498553812146e-04
-4.297425859960323988e-04
-3.608889403241389389e-04
-5.350311995421162771e-04
-1.073121131319629447e-03
-1.013210606810684014e-03
-1.059164863260559633e-03
-9.842513656791781335e-04
-9.170431185078591063e-04
-9.678100143791916769e-04
-8.858970974798352580e-04
-8.098491616084095611e-04
-8.665776832963015871e-04
-7.748077465333570203e-04
-6.893278160816046322e-04
-7.525689747215423119e-04
-1.154900099438728239e-03
-1.100822105427455176e-03
-1.142181274366307377e-03
-1.229769088339412739e-03
-1.180167704490029225e-03
-1.217673578084906613e-03
-1.294642885819880700e-03
-1.250229583060743620e-03
-1.285290075711429877e-03
-1.363118601603407684e-03
-1.320164223196714989e-03
-1.355223148364832807e-03
-1.429791683960506422e-03
-1.389067662199718360e-03
-1.426875990457666596e-03
-1.486458927224307280e-03
-1.455497451053176404e-03
-1.458683579639004444e-03
-1.476461642013893747e-03
-1.535411297731870389e-03
-1.501222008210140223e-03
-1.527887344618028900e-03
-1.586077618387855652e-03
-1.553362239839769111e-03
-1.579265526300386571e-03
-1.619570052592140142e-03
-1.587109981895576741e-03
-1.617494821160563511e-03
-1.596204434329683052e-03
-1.673036710096565891e-03
-1.669233963330686923e-03
-1.644470660430099804e-03
-1.719215421741456928e-03
-1.692498026901838142e-03
-1.713118860029323818e-03
-1.758233717618217992e-03
-1.732683485755891727e-03
-1.752669878919249549e-03
-1.796271034571546906e-03
-1.771802518487920839e-03
-1.790546263216630197e-03
-1.821114369082555296e-03
-1.796486855521951375e-03
-1.802960969467107006e-03
-1.814888247349851717e-03
-1.852306547588206728e-03
-1.844539825850914638e-03
-1.826734874685448633e-03
-1.821369789248958706e-03
-1.840138046856097404e-03
-1.899633637936451892e-03
-1.879662942345882576e-03
-1.895262801083044072e-03
-1.884122971644032604e-03
-1.927757181354404145e-03
-1.909405670017046055e-03
-1.926135900836438257e-03
-1.960033776603526626e-03
-1.942262940277350493e-03
-1.950911384216650734e-03
-1.972360955770220605e-03
-1.955080698190259179e-03
-1.961239619306103400e-03
-1.959404876317529486e-03
-1.972839916188544405e-03
-1.957073528936831546e-03
-1.960352377669940735e-03
-1.993449340899451899e-03
-1.971566779565890257e-03
-1.983060277849387192e-03
-2.096908233405769730e-03
-2.062838351092246853e-03
-2.093005821529350403e-03
-2.003975694388945069e-03
-2.031421380241052021e-03
-2.070996320883867949e-03
-2.145566686013886549e-03
-2.111167117998406350e-03
-2.135258250702470190e-03
-2.115585064457788621e-03
-1.738889557351026415e-03
-1.772633518233030728e-03
-1.770003475015593511e-03
-1.833654531138482688e-03
-1.876842954068029534e-03
-1.930589417313301887e-03
-1.941683903166623124e-03
-1.911704268945079496e-03
-1.959848906482806064e-03
-2.021715856888666243e-03
-2.033007287421750332e-03
-2.005448986926862669e-03
-2.086220594837350992e-03
-2.107319453017884349e-03
-2.139511171494939100e-03
-2.143418377410989412e-03
-2.153789410821285548e-03
-2.107774095432795106e-03
-2.127569320128959093e-03
-2.111791878324682965e-03
-2.183103221558826447e-03
-2.175684518761768129e-03
-2.189950536158088816e-03
-2.195693686657240046e-03
-2.195628388699984342e-03
-2.201919930671986190e-03
-2.206413631715379610e-03
-2.205794310165541325e-03
-2.211460321711871714e-03
-2.214708363601920402e-03
-2.226986123193599228e-03
-2.225383443539767029e-03
-2.232495806240680260e-03
-2.235689486454474698e-03
-2.239669688520539749e-03
-2.236786152355049739e-03
-2.239666811392199055e-03
-2.237551600875613972e-03
-2.240520900154418203e-03
-2.240024572203026462e-03
-2.238137948703166225e-03
-2.240297136334969390e-03
-2.239361958249454221e-03
-2.237437789456322469e-03
-2.237754477068787905e-03
-2.239149757945672978e-03
-2.237981813932480440e-03
-2.232461658072189877e-03
-2.234473980822671187e-03
-2.232611998427573054e-03
-2.230025132868302361e-03
-2.047611361972307992e-03
-2.229651379933564673e-03
-2.228475969228093344e-03
-2.226974836696162495e-03
-2.223297818598867891e-03
-2.221187630154508770e-03
-2.223795450169667801e-03
-2.219444355642498194e-03
-2.221411390672564136e-03
-2.207405923637314159e-03
-2.226380311860683137e-03
-2.218636642457266599e-03
-2.221094985483180149e-03
-2.220529879550003742e-03
-2.224961598219114128e-03
-2.220756750806482903e-03
-2.222543761546564960e-03
-2.216052223534316096e-03
0.000000000000000000e+00
0.000000000000000000e+00
-1.207768926207223697e-04
-4.486449637644605404e-04
-3.491317068574576322e-04
-3.434472859757068536e-04
-4.550679069570110922e-04
-6.433575663865788051e-04
-5.579821363357718262e-04
-6.197686485553955110e-04
-1.115021152975916767e-03
-1.030077314374254613e-03
-9.370725042842656611e-04
-8.332155408288720267e-04
-7.130687216042381387e-04
-1.193072444119753009e-03
-1.262645831120586589e-03
-1.329361285837305038e-03
-1.396910846405086549e-03
-1.490664837208596554e-03
-1.460338385655147618e-03
-1.457477103578528775e-03
-1.488035194117129020e-03
-1.510957053320939950e-03
-1.560932783827530777e-03
-1.634733991476110607e-03
-1.603652848364907953e-03
-1.610426746552383586e-03
-1.646519414300858311e-03
-1.627043518316502024e-03
-1.696294731728248406e-03
-1.738834582145964112e-03
-1.777376651771639914e-03
-1.830896875352436195e-03
-1.807784857159250476e-03
-1.813527791378258388e-03
-1.825719810241445288e-03
-1.855046502949151462e-03
-1.831973209300807566e-03
-1.838023745243367278e-03
-1.877153083401417177e-03
-1.856698437661987756e-03
-1.872745315361536676e-03
-1.849567541532280267e-03
-1.860866894102983574e-03
-1.913817095366366662e-03
-1.907945487115533540e-03
-1.888264148613494516e-03
-1.903799595498300700e-03
-1.954056623897122355e-03
-1.939520017069627962e-03
-1.940963232992869983e-03
-1.956519579899550568e-03
-1.965468727976074116e-03
-1.981862163529741431e-03
-1.990462257633346648e-03
-1.968723440505787577e-03
-1.980786453562736853e-03
-1.980297452650351016e-03
-2.156609227190886633e-03
-2.124349508221695399e-03
-2.120392001848266355e-03
-2.035853329000225295e-03
-2.013889793638565934e-03
-2.025633190797493897e-03
-2.054863147934386184e-03
-2.052282657316920837e-03
-2.036221256762856587e-03
-2.099353368369974264e-03
-2.072347773072213007e-03
-2.097082191380243796e-03
-2.150373623404329589e-03
-1.755196411209405602e-03
-1.746950619553405259e-03
-1.780766651443080068e-03
-1.831133383960852675e-03
-1.846064649243552708e-03
-1.818866050618618601e-03
-1.862037419172252661e-03
-1.869010460088416309e-03
-1.899769293841220173e-03
-1.880969779409017275e-03
-1.966842394342851671e-03
-1.977976357164908539e-03
-1.948710515057188505e-03
-1.994226974564392713e-03
-2.051996138485242746e-03
-2.075385053338936903e-03
-2.062800175867128202e-03
-2.077793138933458142e-03
-2.096698483801037998e-03
-2.088291648527678540e-03
-2.154908717830862543e-03
-2.161596854857614387e-03
-2.147199845267996031e-03
-2.123526245679288691e-03
-2.092856087236636894e-03
-2.169014444600656129e-03
-2.189329978231464857e-03
-2.200617141479264700e-03
-2.213001581665073342e-03
-2.209341172276228955e-03
-2.218384468537181603e-03
-2.220149158083660566e-03
-2.231471415057910412e-03
-2.236545263058281694e-03
-2.237669047089407316e-03
-2.237724326832511539e-03
-2.235628370464429887e-03
-2.236947683322895210e-03
-2.236138321109596740e-03
-2.236660767773551023e-03
-2.237560904321978829e-03
-2.237095694648448714e-03
-2.234170169106462506e-03
-2.230950629336800328e-03
-2.036900591123830349e-03
-2.227705257104131351e-03
-2.226112178985305452e-03
-2.228574279156709560e-03
-2.225764367416125170e-03
-2.224932160804338373e-03
-2.222487408919358864e-03
-2.222245925960309159e-03
-2.224165353250197492e-03
-2.226063054733621628e-03
-2.236256783363989396e-03
-2.225977082335709074e-03
-2.231371482891178655e-03
-2.225522228707532690e-03
-2.227229384538868037e-03
-2.878036199725400980e-04
-1.446231029647242585e-04
-2.632534161957777335e-04
-4.458526688648605787e-04
-4.449576930704197421e-04
-3.461638219998452786e-04
-5.458104531686204476e-04
-1.173883299547086485e-03
-1.124117662641229212e-03
-1.164424917955339403e-03
-1.098284821275650070e-03
-1.085772844087541655e-03
-1.042149511590132480e-03
-1.015599530746210712e-03
-1.000072361516981569e-03
-9.521720348145144884e-04
-9.234993316381010300e-04
-9.049252356784244760e-04
-8.513638468979295524e-04
-8.215636027203970099e-04
-7.371265547684815360e-04
-7.987414351576973669e-04
-1.246661878333360073e-03
-1.201382269637997664e-03
-1.238333412650271474e-03
-1.312828070509771024e-03
-1.271566619609653965e-03
-1.303725823303785543e-03
-1.377400291754503348e-03
-1.336352237067333932e-03
-1.370297283395751882e-03
-1.438681427647311474e-03
-1.401169178554734001e-03
-1.434243664249503902e-03
-1.496398667423590265e-03
-1.463280306841414653e-03
-1.493215239365643619e-03
-1.546338003280762347e-03
-1.518384074801019772e-03
-1.516272173502629730e-03
-1.540780241436762133e-03
-1.596638855957543176e-03
-1.566151851343531047e-03
-1.591362395143413027e-03
-1.645106263038731767e-03
-1.615703104741527101e-03
-1.639796370717495119e-03
-1.682700063193643542e-03
-1.651283842820156032e-03
-1.677899465570010552e-03
-1.658733663689660864e-03
-1.727749280973547592e-03
-1.700538753723205513e-03
-1.723507621062096056e-03
-1.767147744038261720e-03
-1.743252507256296468e-03
-1.762681929104404840e-03
-1.805970443282818496e-03
-1.782204105276638442e-03
-1.801124413718439799e-03
-1.840229114583543041e-03
-1.818340011792526911e-03
-1.835401972967231482e-03
-1.868777577373722035e-03
-1.849631371820517102e-03
-1.844770595096655030e-03
-1.861671608154693777e-03
-1.892701321846357830e-03
-1.886605775482291195e-03
-1.865447352401834822e-03
-1.870738462948412940e-03
-1.881775294737442596e-03
-1.935975793805853450e-03
-1.931890597264257709e-03
-1.917920521621139553e-03
-1.922115245776614403e-03
-1.965918410438595096e-03
-1.946676793122161962e-03
-1.959665115112853469e-03
-1.979276297701320492e-03
-1.966179232509713930e-03
-1.969321791149059465e-03
-1.990715005231617329e-03
-1.974713770077532026e-03
-1.981297609580053454e-03
-2.011594136809577785e-03
-1.991110921623053844e-03
-2.001886283607342502e-03
-1.999460840464728842e-03
-2.008503706657482121e-03
-1.989615226719568600e-03
-1.998786023345974251e-03
-2.156847702894268762e-03
-2.125471767062478510e-03
-2.157063151927422762e-03
-2.022334176169034853e-03
-2.045396533044865732e-03
-2.076463220346239265e-03
-2.125087083299380310e-03
-1.676181905540867012e-03
-1.715691875084858617e-03
-1.707678327032516319e-03
-1.793283367165245589e-03
-1.850064910067649934e-03
-1.907831276502896991e-03
-1.919174320794986982e-03
-1.888395268923094908e-03
-1.937299617982899628e-03
-2.000709934694267552e-03
-2.011169193780745941e-03
-1.983768685349743006e-03
-2.064983976785597988e-03
-2.123043245467081362e-03
-2.138944874041127063e-03
-2.131279195595346156e-03
-2.115304196083257413e-03
-2.059504694450398424e-03
-2.083696734912566031e-03
-2.068670038505397973e-03
-2.170660563690019612e-03
-2.176914214551932056e-03
-2.162796580455888899e-03
-2.183145031344961833e-03
-2.184147152929035753e-03
-2.194912573317551671e-03
-2.189824689999484569e-03
-2.195020650220353472e-03
-2.200316148926425783e-03
-2.204031556246133748e-03
-2.218699463408566920e-03
-2.222932130824698677e-03
-2.215857437069927889e-03
-2.229588314499464461e-03
-2.232781052433928382e-03
-2.228343385688529976e-03
-2.233573768264730027e-03
-2.232512284584279184e-03
-2.234921200330062391e-03
-2.235216242062427333e-03
-2.234332813995991169e-03
-2.235911247327313292e-03
-2.236098538460900165e-03
-2.236289475965985186e-03
-2.235386481114799706e-03
-2.236018988479122546e-03
-2.236407068546922196e-03
-2.233313324002598847e-03
-2.232998123661925679e-03
-2.234501534601984491e-03
-2.231495437074774383e-03
-2.026350779919223934e-03
-2.232097371506524923e-03
-2.229915229920784083e-03
-2.230719133307750620e-03
-2.228385975077835576e-03
-2.226127796927079069e-03
-2.228067024567735675e-03
-2.227181910179672902e-03
-2.237687489326734003e-03
-2.232247199239494398e-03
-2.231701730462975694e-03
-2.249060526198759253e-03
-2.243741802563590289e-03
-2.237010307626242402e-03
-2.233086456625094519e-03
-2.228809539319011757e-03
-2.228714898740081184e-03
0.000000000000000000e+00
0.000000000000000000e+00
-1.433156495019089404e-04
-3.728133426217535018e-04
-6.647498268109574421e-04
-5.575894804826236765e-04
-5.560199150739456985e-04
-6.530618144573219251e-04
-1.210802248877880950e-03
-1.136659409185673559e-03
-1.057929017637215894e-03
-9.713218925582627929e-04
-8.754157295843000312e-04
-7.489605414193689853e-04
-1.280102524469871371e-03
-1.345346166311921568e-03
-1.408221277925667588e-03
-1.467665336205645731e-03
-1.552548111968878996e-03
-1.524527802343957680e-03
-1.521528688033746586e-03
-1.549252682317367198e-03
-1.571504251555156740e-03
-1.620976536132378611e-03
-1.691160612280302126e-03
-1.668152613432501413e-03
-1.662849859069653186e-03
-1.705370776926733774e-03
-1.686850342695501472e-03
-1.747546249128246890e-03
-1.786660461630257268e-03
-1.823192773013996518e-03
-1.869187623996250956e-03
-1.849825161325972800e-03
-1.854674536546082469e-03
-1.868564230505049802e-03
-1.895978600545255438e-03
-1.875405923511485728e-03
-1.882101570531612145e-03
-1.916334802373079009e-03
-1.896872394536876661e-03
-1.912152282181706249e-03
-1.891090068002893899e-03
-1.901496479173374506e-03
-1.950796526063004440e-03
-1.944159562399311357e-03
-1.926199121302063846e-03
-1.940088270109581372e-03
-1.971758814678544781e-03
-1.983986570451767503e-03
-1.998033120338714441e-03
-2.031227057518244540e-03
-2.009365020292063972e-03
-2.020413705300410940e-03
-2.017590454644356546e-03
-2.050173346397095222e-03
-2.042246114403886703e-03
-2.030313878406655309e-03
-2.093068161624089124e-03
-2.062319336705240903e-03
-2.073710263933341204e-03
-2.095274947996185293e-03
-2.153118899927453176e-03
-2.124456532336827224e-03
-2.155498234579280095e-03
-1.686179850443083033e-03
-1.720808202524178737e-03
-1.681101574999099282e-03
-1.803355485541759552e-03
-1.817320854682006465e-03
-1.779218834073763127e-03
-1.836183044310196050e-03
-1.845343170593259727e-03
-1.876575986733279187e-03
-1.857186435754355162e-03
-1.945816024550651611e-03
-1.956284435355668590e-03
-1.926813265859422027e-03
-1.973216192446672172e-03
-2.031828009252349167e-03
-2.054840919586925756e-03
-2.041948818331805991e-03
-2.142049094145539057e-03
-2.148515938499474028e-03
-2.132514604102947638e-03
-2.084998454323874328e-03
-2.104026446353053637e-03
-2.096352949952692141e-03
-2.045719376942582279e-03
-2.072274336504145113e-03
-2.156391277776403565e-03
-2.177341307255477310e-03
-2.189434271875575523e-03
-2.203721267513607685e-03
-2.199283626313706854e-03
-2.208449962059708723e-03
-2.211335155851468920e-03
-2.224261321594523961e-03
-2.230944641640455074e-03
-2.233176591121845828e-03
-2.234563636533289793e-03
-2.235672779325890026e-03
-2.236185587786056715e-03
-2.235779993993382633e-03
-2.235654623900071910e-03
-2.236315356945118432e-03
-2.235368137601383143e-03
-2.234658154377550283e-03
-2.232560253712833915e-03
-2.016304627067058448e-03
-2.231541935878220487e-03
-2.229811342056253493e-03
-2.231672665054110390e-03
-2.230251146652794877e-03
-2.232718741653878791e-03
-2.230692482273016058e-03
-2.229310061728960457e-03
-2.243435121598410815e-03
-2.235487240137261182e-03
-2.232815171114392160e-03
-2.702040321538118567e-04
-2.831243351795527819e-04
-1.365093867087412453e-04
-5.663467589634818122e-04
-4.319526133730143135e-04
-5.081711740205451227e-04
-6.209172645195941810e-04
-1.253947064291335107e-03
-1.214269783386509333e-03
-1.250327688549030154e-03
-1.188414634530186691e-03
-1.142856086297412612e-03
-1.180606639205511715e-03
-1.120900443253294507e-03
-1.068516187989264603e-03
-1.109509079373367530e-03
-1.041765470589565848e-03
-9.837002587047964132e-04
-1.028790803064670448e-03
-9.565996298497281801e-04
-9.401787897125213518e-04
-8.907520839440693323e-04
-8.678670913625041814e-04
-7.705154659471187160e-04
-8.457579911982694449e-04
-1.322739764112551087e-03
-1.285101763122802445e-03
-1.317907349197175839e-03
-1.385518902320300588e-03
-1.349409925362368094e-03
-1.381546875826120601e-03
-1.445285834628218247e-03
-1.411489378814678557e-03
-1.442029464999980849e-03
-1.502167024461253117e-03
-1.470476011702280712e-03
-1.499279518023355611e-03
-1.556066072965758048e-03
-1.526271547795100131e-03
-1.554231963388185735e-03
-1.603802112589593556e-03
-1.578152094180685153e-03
-1.575023439846516462e-03
-1.600190008304831681e-03
-1.651983725795793572e-03
-1.624343515302999370e-03
-1.648517236935220526e-03
-1.698443037049151292e-03
-1.671818887794559267e-03
-1.694735217339448470e-03
-1.734402360943753524e-03
-1.708604483131990429e-03
-1.731052799457258057e-03
-1.712787107074831543e-03
-1.775443308385109362e-03
-1.751655375716751947e-03
-1.771291745614499320e-03
-1.814243507822880207e-03
-1.790758973859661249e-03
-1.810095626151590710e-03
-1.849017662360609611e-03
-1.844629608987373524e-03
-1.827570973880919634e-03
-1.879579082070475995e-03
-1.874274979682406372e-03
-1.859949714477007136e-03
-1.899648260396139422e-03
-1.884238087761847371e-03
-1.884045684874478734e-03
-1.902302450516143301e-03
-1.898904836259451313e-03
-1.885275563514299518e-03
-1.930418858064067867e-03
-1.925199081855026931e-03
-1.910472430644389805e-03
-1.905768475579510193e-03
-1.920653011670193921e-03
-1.969557561586663709e-03
-1.952946208051146298e-03
-1.967320711253166439e-03
-1.957081888913927113e-03
-1.996085559686000977e-03
-1.980552335159440139e-03
-1.987289476964784665e-03
-2.006655271589708172e-03
-1.992367970754424424e-03
-1.998240375658207751e-03
-2.022153719883668793e-03
-2.005534700000213832e-03
-2.014709434891001193e-03
-2.039027051986238778e-03
-2.044005032948369941e-03
-2.036646373637538039e-03
-2.024826371271231176e-03
-2.068943356775542006e-03
-2.120466549684911408e-03
-1.612818242003825637e-03
-1.649456198407666697e-03
-1.644708609678803470e-03
-1.746779307239646438e-03
-1.716396747029311914e-03
-1.750852940972316566e-03
-1.774975099618472359e-03
-1.824359667415995524e-03
-1.887513683491259635e-03
-1.897633067702205086e-03
-1.866430424248587735e-03
-1.916623391171720127e-03
-1.981236559554940511e-03
-1.990928520986940536e-03
-1.963515323470440849e-03
-2.109561213540208334e-03
-2.125809086134142125e-03
-2.116298336535806131e-03
-2.097283997142423452e-03
-2.013421013109889524e-03
-2.036493820294339296e-03
-2.022652622282373417e-03
-2.042652950957564266e-03
-2.063840909482345283e-03
-2.051082329026125001e-03
-2.158904240599538241e-03
-2.164832135843195414e-03
-2.150485842143023442e-03
-2.171526712981254777e-03
-2.173130752991475276e-03
-2.178558418132993217e-03
-2.183999931482697669e-03
-2.185162495342861388e-03
-2.194448909243969497e-03
-2.189976892373437893e-03
-2.211376315349890005e-03
-2.215153929350811238e-03
-2.207558251109525624e-03
-2.223664163410095981e-03
-2.226754361112876640e-03
-2.221205699260290264e-03
-2.228092553077795027e-03
-2.227939391370657198e-03
-2.230991743286239726e-03
-2.230079213301754560e-03
-2.230950159263238655e-03
-2.233007045851663139e-03
-2.232470653744406987e-03
-2.235854439535259544e-03
-2.233277307101079901e-03
-2.234130370018139362e-03
-2.234471255963729839e-03
-2.234837401243192686e-03
-2.235286412843564847e-03
-2.234226020558422766e-03
-2.233485606283014575e-03
-2.006530578932237078e-03
-2.235207664269938874e-03
-2.233347671497735998e-03
-2.233414730738976679e-03
-2.233680751847620660e-03
-2.232681100744628166e-03
-2.231373154801725295e-03
-2.233770164588493815e-03
-2.259522415104202233e-03
-2.254595852990069933e-03
-2.248819577157777291e-03
-2.244964036484608638e-03
-2.240786181332865210e-03
-2.238320210954187518e-03
-2.237970295768263763e-03
1.075364355697196047e-19
0.000000000000000000e+00
-1.281719660018616758e-04
-4.741873531469407185e-04
-3.800166592814109871e-04
-3.786152729432369201e-04
-5.253873256115301326e-04
-7.727808640097057246e-04
-6.748452526327685264e-04
-7.194024152793227107e-04
-1.288860579181271915e-03
-1.220663481985496956e-03
-1.153874052484918800e-03
-1.081547937447517810e-03
-1.000217629965322605e-03
-9.142260701109064178e-04
-8.238254391387637987e-04
-1.354259453313217711e-03
-1.415468625933044566e-03
-1.473737232297011191e-03
-1.529071292998254034e-03
-1.607153501779631788e-03
-1.581606875052792537e-03
-1.579870876194326874e-03
-1.605472452461851988e-03
-1.627895656075710983e-03
-1.675238430035366159e-03
-1.741674147135877180e-03
-1.720079734386403911e-03
-1.716398589377525138e-03
-1.754989683030007755e-03
-1.738029050233197252e-03
-1.794910188207691441e-03
-1.831680029550791311e-03
-1.864329183225002518e-03
-1.907666671378703202e-03
-1.893583901624900506e-03
-1.888293952178046568e-03
-1.900506156813587880e-03
-1.903362419971976489e-03
-1.931755148143097026e-03
-1.916820479752562182e-03
-1.913681643114080629e-03
-1.951640582006041597e-03
-1.934139504767238074e-03
-1.947924936771700758e-03
-1.928166052650881089e-03
-1.938452821152741520e-03
-1.990140334352420368e-03
-1.977857787138976794e-03
-1.979923397123850484e-03
-1.977076335756136789e-03
-1.973372923564416497e-03
-1.960826117011706463e-03
-1.992510826507680726e-03
-2.000408708089864915e-03
-2.013095772464073945e-03
-2.031090482133230627e-03
-2.070862584259358045e-03
-2.050615755618356070e-03
-2.060956321396171034e-03
-2.056323007443512912e-03
-2.089509971422480027e-03
-2.071603839884212945e-03
-2.092441413951956486e-03
-2.137187285819425880e-03
-2.114586073419728093e-03
-2.146169587487247073e-03
-1.627404767004793276e-03
-1.620098183601166543e-03
-1.656805633458475254e-03
-1.708835959843365724e-03
-1.727651447640727624e-03
-1.697322463165259858e-03
-1.780839456551496468e-03
-1.792091083934551580e-03
-1.763839892004853346e-03
-1.813089304304588189e-03
-1.824658216784162505e-03
-1.834991961492265372e-03
-1.856067036837660399e-03
-1.927346001098322742e-03
-1.907420600487234105e-03
-1.936534633357939617e-03
-1.954243024939137600e-03
-2.129910601551096745e-03
-2.119723377453163349e-03
-2.136047890817383693e-03
-2.070507123237667110e-03
-2.090011969473485557e-03
-2.077719418615312126e-03
-1.997356095043536020e-03
-2.028072469761114677e-03
-2.056561995227315642e-03
-2.144467302876054693e-03
-2.165938038347883093e-03
-2.178956311612199274e-03
-2.195163612618213512e-03
-2.199565730294895417e-03
-2.190050928557096474e-03
-2.217657702707384951e-03
-2.203414011232323558e-03
-2.225660150757961635e-03
-2.229129569485227037e-03
-2.231751242882182382e-03
-2.236110572216115991e-03
-2.235893361580744160e-03
-2.236068370303529070e-03
-2.234713372358601135e-03
-2.233803237149342615e-03
-2.235379762944288921e-03
-2.235703565866987291e-03
-2.234800152221235944e-03
-2.235631576741296724e-03
-2.235206040166393647e-03
-2.233749827599354216e-03
-2.234818324777737650e-03
-2.240183190052166470e-03
-2.237257599828357431e-03
-2.237117445400880079e-03
-2.251581823082007393e-03
-2.242304214659053205e-03
-4.843385638787203111e-04
-2.087680676902435649e-04
-3.474578938358049225e-04
-5.424394444836286430e-04
-5.029578213291793125e-04
-4.042628133203240797e-04
-6.618971899366461048e-04
-5.726541308688980984e-04
-6.128292026927335389e-04
-7.237111976791248428e-04
-1.318720931230248734e-03
-1.320625428380014154e-03
-1.286836327335985544e-03
-1.246711573836932138e-03
-1.250241738675241659e-03
-1.217302088300496223e-03
-1.212522919438779835e-03
-1.166030696900512099e-03
-1.199859859116563648e-03
-1.133609574889190555e-03
-1.087948054027228044e-03
-1.127471433863880268e-03
-1.050650766549870432e-03
-1.003624007964601687e-03
-1.045966609145775007e-03
-9.760901671427343190e-04
-9.661574353326601514e-04
-9.223956913123769258e-04
-9.017380817285871328e-04
-8.397657332650496119e-04
-8.852502476826987557e-04
-1.381822054559818684e-03
-1.383646249952657191e-03
-1.352343157279223274e-03
-1.442687587440423351e-03
-1.444035164600120623e-03
-1.414227769831037347e-03
-1.501302386473741613e-03
-1.501855961078815780e-03
-1.473460602607102026e-03
-1.554789994532115730e-03
-1.555428665127436393e-03
-1.528445145460186668e-03
-1.606294674795335359e-03
-1.606744681060126925e-03
-1.581122284556116860e-03
-1.655763671583720259e-03
-1.631483249297560004e-03
-1.629774807139386210e-03
-1.653870958650000304e-03
-1.703489951479777434e-03
-1.700967865557376484e-03
-1.677763124344689360e-03
-1.748282614252266113e-03
-1.745048403430222300e-03
-1.723393402392745140e-03
-1.782484176593577196e-03
-1.758434182685159226e-03
-1.778928731116256878e-03
-1.762071485591441659e-03
-1.821063988330876710e-03
-1.798280508020822649e-03
-1.817645087551312665e-03
-1.856870364712475113e-03
-1.835581108686113253e-03
-1.852927928993644904e-03
-1.888380336146857578e-03
-1.868728932046703328e-03
-1.883985593001210549e-03
-1.916759916328873541e-03
-1.898175384608689290e-03
-1.912114993006364116e-03
-1.932727485265160056e-03
-1.915970063183366438e-03
-1.917270129103989867e-03
-1.935895975447376061e-03
-1.921623129185964568e-03
-1.917576805443602268e-03
-1.931788161164228919e-03
-1.964590219499675380e-03
-1.959531140784286606e-03
-1.945463460328137944e-03
-1.942186286843499733e-03
-1.955434976829906711e-03
-2.003631254431086084e-03
-1.986288686014511806e-03
-1.996395330907325613e-03
-1.990048798519886836e-03
-2.013873876356883121e-03
-2.001444494946316363e-03
-2.004572605175977511e-03
-2.020372911861840256e-03
-2.007719300065288846e-03
-2.013122259637891483e-03
-2.031773367851717142e-03
-2.018548492850589550e-03
-2.026501993296909998e-03
-2.047814322509704070e-03
-2.034093733913429000e-03
-2.045333036842477727e-03
-2.082443417144895677e-03
-2.070959374668330036e-03
-2.056043952258223683e-03
-2.072264629928897550e-03
-2.113348628620669543e-03
-1.548780273417483784e-03
-1.588068691316313862e-03
-1.580971821798636111e-03
-1.668115827977304302e-03
-1.744886332449869680e-03
-1.802740860113162492e-03
-1.869512447433064814e-03
-1.847063716301981622e-03
-1.878470216657179967e-03
-1.898387691515274374e-03
-1.963493897632529687e-03
-1.972322452404673930e-03
-1.945411236998755879e-03
-2.096625461259514489e-03
-2.113247160364561863e-03
-2.103059658155868351e-03
-2.083510174547377643e-03
-1.988456552724930052e-03
-1.996785121693918016e-03
-2.019741575129594801e-03
-2.005123893032363051e-03
-2.027196040248667452e-03
-2.048861528075765319e-03
-2.034915839611726486e-03
-2.147733930041830202e-03
-2.153389600075385560e-03
-2.138820999314555629e-03
-2.160433621089829538e-03
-2.162626039165850642e-03
-2.167774496911903034e-03
-2.173796483865610748e-03
-2.175515628931643571e-03
-2.185351061154655865e-03
-2.180200886678955279e-03
-2.217939459901934612e-03
-2.220941604694176390e-03
-2.214670729829107485e-03
-2.204071895367033275e-03
-2.207876927150744743e-03
-2.199620284579201137e-03
-2.222940311314570549e-03
-2.223553890235356861e-03
-2.225567303025581967e-03
-2.227068510291369072e-03
-2.227528862091915102e-03
-2.229039756857179727e-03
-2.230219971759011231e-03
-2.235643996861498995e-03
-2.230886969001370530e-03
-2.231851415916607986e-03
-2.232812753438532302e-03
-2.236595006283394020e-03
-2.236370757617647982e-03
-2.235921177937079656e-03
-2.235916848674849265e-03
-2.238016926036930088e-03
-2.236304218038768186e-03
-2.236779016345383318e-03
-2.237842747187661005e-03
-2.235883610617755285e-03
-2.236935097123630110e-03
-2.239332765104375816e-03
-2.255590716559666663e-03
-2.260535884179008369e-03
-2.250844778267116660e-03
-2.247886441901269204e-03
4.027430963457278245e-19
1.223702989653171682e-19
-1.759264744328548416e-04
-4.997242391598169520e-04
-6.006633538456536024e-04
-8.203390666804748427e-04
-7.471901745280339589e-04
-7.957550409335093899e-04
-1.350004419704599768e-03
-1.282896281159915178e-03
-1.228209412231953939e-03
-1.172504356320300516e-03
-1.091820216123798402e-03
-1.012824880731180753e-03
-9.387884084884563557e-04
-8.642022880354510717e-04
-1.412247131160480201e-03
-1.472046113575455756e-03
-1.527992989054782237e-03
-1.580447196693842218e-03
-1.655495028237688546e-03
-1.630879051953153811e-03
-1.631404461173894139e-03
-1.655733984501972077e-03
-1.679626774953341768e-03
-1.725847064883991814e-03
-1.788798364342665060e-03
-1.768536454423560219e-03
-1.765304922135519945e-03
-1.801754436061471683e-03
-1.785694653327954016e-03
-1.838977921308933543e-03
-1.872641255941046978e-03
-1.902580129453393821e-03
-1.941727550647232535e-03
-1.929167200169404784e-03
-1.924572576362936155e-03
-1.933902982847588402e-03
-1.938541231032383117e-03
-1.963238223888769032e-03
-1.947755893958168574e-03
-1.947250608445087912e-03
-1.983269532293944776e-03
-1.967653621160624870e-03
-1.980215186982705374e-03
-1.960956003655165390e-03
-1.971441307991440937e-03
-2.007669447934700736e-03
-2.005751574928476416e-03
-1.991700714034630362e-03
-2.004081145955922266e-03
-2.016230931870072358e-03
-2.025081379180448515e-03
-2.038526944041521745e-03
-2.057543360512068334e-03
-2.119452975579810047e-03
-2.095157779919210646e-03
-2.105994368551546408e-03
-2.100688062225930432e-03
-2.084015577872346588e-03
-2.086803815962318034e-03
-2.129833025750293204e-03
-1.563196772271128760e-03
-1.595226404212906571e-03
-1.555938989565146388e-03
-1.645683791190435865e-03
-1.636707932651062332e-03
-1.677409439410290203e-03
-1.757644089643083801e-03
-1.769173224866164504e-03
-1.733084235429254404e-03
-1.791152220622577347e-03
-1.809379293742825051e-03
-1.839473331640712611e-03
-1.817042745599009232e-03
-1.910397034454661223e-03
-1.918822780124751839e-03
-1.889941309930975432e-03
-1.936900895932653667e-03
-2.119615479875929399e-03
-2.124820667056580899e-03
-2.108061600209020989e-03
-2.054072805735028713e-03
-2.075608088580432539e-03
-2.062381243024052988e-03
-1.980159987591479515e-03
-2.012004813843862924e-03
-2.040735247817556525e-03
-2.133727620983343499e-03
-2.155077319691848549e-03
-2.168834963569868119e-03
-2.186266488350982126e-03
-2.180746957645129762e-03
-2.190869003125863954e-03
-2.211173119847618246e-03
-2.195327505999299707e-03
-2.220568308525731459e-03
-2.225158454696805031e-03
-2.228794854411178614e-03
-2.236242590048655166e-03
-2.236398394294852095e-03
-2.235489090607719904e-03
-2.233143549181422927e-03
-2.231793416893014179e-03
-2.234152564713601935e-03
-2.236699873038661742e-03
-2.237015628045116965e-03
-2.238457821625116154e-03
-2.237997559669997229e-03
-2.237197986191793390e-03
-2.238431721399373325e-03
-2.243496544592455105e-03
-2.240687287135876594e-03
-2.241803813546393992e-03
-2.251874914979571339e-03
-2.253792882634657324e-03
-2.246029091857279676e-03
-6.912568161013327899e-04
-5.319590755018680298e-04
-3.474235538154784729e-04
-7.632392723556517865e-04
-6.026830910198479252e-04
-6.312990782812554890e-04
-6.880368534083672457e-04
-7.821107297022202292e-04
-1.371618384896862441e-03
-1.376585228767472245e-03
-1.345351591766127258e-03
-1.280291054166084186e-03
-1.264052005939708461e-03
-1.298814346036753636e-03
-1.246149009762066153e-03
-1.197533248881977501e-03
-1.165261534580605161e-03
-1.205096305688697998e-03
-1.117672582017198001e-03
-1.083567552613465528e-03
-1.125507500728401868e-03
-1.038916731375309679e-03
-1.044322361763114562e-03
-1.006204400686328644e-03
-9.681511923940129332e-04
-9.710175945310500593e-04
-9.329378818961372825e-04
-8.897317899336577070e-04
-8.961573294281981183e-04
-8.580931035690584794e-04
-1.429093313537472230e-03
-1.435937517064691605e-03
-1.405568663499838890e-03
-1.489476651502699873e-03
-1.495367894420816324e-03
-1.466088468470086014e-03
-1.545881294303246088e-03
-1.550322907981272012e-03
-1.523540783429028342e-03
-1.599047980813939323e-03
-1.602659252979516009e-03
-1.576840064596733704e-03
-1.650532166995047258e-03
-1.628328249862536544e-03
-1.653096572574806744e-03
-1.703389005512229160e-03
-1.679597437014913961e-03
-1.679492748919593319e-03
-1.703454949610281547e-03
-1.749816356588425412e-03
-1.749056920868779369e-03
-1.726636410226126649e-03
-1.792834418839063786e-03
-1.770519391513573427e-03
-1.790934444304069766e-03
-1.826571685488657731e-03
-1.823755683605553062e-03
-1.804435012457646743e-03
-1.807665965908589840e-03
-1.861635225862789782e-03
-1.841312501679215428e-03
-1.859213555627998657e-03
-1.894726483659092599e-03
-1.875829722458635749e-03
-1.891552472723820712e-03
-1.925040662679968449e-03
-1.906744427049632783e-03
-1.920915947471205261e-03
-1.950446689743306301e-03
-1.933479385567976952e-03
-1.945907216107297397e-03
-1.966001576177267562e-03
-1.949148318897029816e-03
-1.950764127158170942e-03
-1.969170371887066402e-03
-1.955299316396917099e-03
-1.952343390310691150e-03
-1.964174162033040585e-03
-1.994824746541880474e-03
-1.989943649472653269e-03
-1.976369849169906656e-03
-1.974506736544839880e-03
-1.986412942252395366e-03
-2.031368925479204966e-03
-2.022091463884692110e-03
-2.016914060080631302e-03
-2.029091067661963066e-03
-2.017394816524888980e-03
-2.015924051512317516e-03
-2.031389911254800982e-03
-2.022645019713911058e-03
-2.025858128230471553e-03
-2.040055661778221452e-03
-2.029968674977497122e-03
-2.035668476607343028e-03
-2.049959912565144180e-03
-2.040240921969482552e-03
-2.048467842424800487e-03
-2.062582499216971451e-03
-2.054530735158629443e-03
-2.066276909593992711e-03
-2.111099011622691920e-03
-2.077837842495313878e-03
-2.074624461189417124e-03
-2.091322150441330460e-03
-1.483999431953182593e-03
-1.523545776667070348e-03
-1.516547288457178967e-03
-1.604624513232172714e-03
-1.706397556350393828e-03
-1.676003762017067630e-03
-1.707548206003187954e-03
-1.731909429253732828e-03
-1.783542762926320366e-03
-1.854347173623810971e-03
-1.861884757410601967e-03
-1.831934663523456354e-03
-1.882317740630243654e-03
-1.947160921143982568e-03
-1.955292160853419094e-03
-1.928775327351201895e-03
-2.087711547035812822e-03
-2.103775102723381453e-03
-2.092150985040597787e-03
-2.071107573073100241e-03
-1.971972946773734719e-03
-1.981274796213235850e-03
-1.989042868726759259e-03
-2.004240846483547767e-03
-2.013078079989056354e-03
-2.020143749843367371e-03
-2.033667267448290364e-03
-2.136772951544660664e-03
-2.142333358404598705e-03
-2.128178943836874643e-03
-2.149700669922368062e-03
-2.152032015496590026e-03
-2.157202916571823205e-03
-2.163656060176803991e-03
-2.165321887189265194e-03
-2.170260792422631230e-03
-2.175800389888177169e-03
-2.211974825401900706e-03
-2.208008481774884329e-03
-2.215113158112450107e-03
-2.196654425594012430e-03
-2.191435631488971181e-03
-2.200526116811253770e-03
-2.217755990527509481e-03
-2.218869851905550927e-03
-2.223025864264822470e-03
-2.221031796143873097e-03
-2.223517279401340547e-03
-2.227015976643272055e-03
-2.225313147332022914e-03
-2.234956335305784622e-03
-2.227540279942811629e-03
-2.228972863205047009e-03
-2.230354767838179254e-03
-2.237469120387407685e-03
-2.237279277474298750e-03
-2.236858805963817809e-03
-2.237736092289277067e-03
-2.238603479085560753e-03
-2.238587796204761192e-03
-2.238202725452993584e-03
-2.240651660605352726e-03
-2.239408613208612384e-03
-2.239113824768681343e-03
-2.241983534730485495e-03
-2.247534414834681180e-03
-1.207524840704831022e-03
5.014868093039712328e-19
-9.163310687387148535e-04
-8.455514419955333224e-04
-7.533955616494710916e-04
-6.348838747118932353e-04
-7.525993316824525084e-04
-8.384198501488851788e-04
-8.234373142599545363e-04
-7.950329090887405794e-04
-1.338687479332322178e-03
-1.328945382405393371e-03
-1.353989696700239054e-03
-1.400356360570028432e-03
-1.308515149435389956e-03
-1.270348204079528804e-03
-1.241187873117400794e-03
-1.275292485007558339e-03
-1.156887199310825112e-03
-1.233235512160887545e-03
-1.076870348857812167e-03
-1.000435197371140304e-03
-9.246830323385755394e-04
-8.631657869034003441e-04
-1.459338040603526095e-03
-1.517640789739210880e-03
-1.572370434978700863e-03
-1.624654848042425027e-03
-1.698512049236884647e-03
-1.674490598871803109e-03
-1.677108736963685461e-03
-1.701102392290383247e-03
-1.726597496433147048e-03
-1.771248433154860944e-03
-1.831011319124439991e-03
-1.810055047832284224e-03
-1.811926555623864571e-03
-1.844031844840751493e-03
-1.828902693278202946e-03
-1.878161785567848772e-03
-1.909878951396066582e-03
-1.937650644847843705e-03
-1.973602493093199600e-03
-1.961818706153091452e-03
-1.957550530542953929e-03
-1.967212187171361176e-03
-1.971128913949475939e-03
-1.992714003105949989e-03
-1.979141374157800462e-03
-1.977722456987100405e-03
-2.011350969163408671e-03
-1.997572540365374384e-03
-2.008598702173594337e-03
-1.990853727669989696e-03
-2.000698463888110189e-03
-2.029215311610562886e-03
-2.030862514970019784e-03
-2.029816433041717761e-03
-2.018131052284145594e-03
-2.028982808545914170e-03
-2.035604369397900175e-03
-2.044192545972899500e-03
-2.055292793820558996e-03
-2.069381209740735542e-03
-1.502047661064590499e-03
-1.492893738050339938e-03
-1.532596304264604399e-03
-1.575318781024023264e-03
-1.569305570190147056e-03
-1.610673265638698504e-03
-1.692751835364658675e-03
-1.699605672154435275e-03
-1.669344687811006190e-03
-1.751406862927346823e-03
-1.754561223698325239e-03
-1.728931036156882133e-03
-1.780389824364345510e-03
-1.797808897190970520e-03
-1.803723359886280414e-03
-1.826106549707403378e-03
-1.894393888988673332e-03
-1.902343929292556451e-03
-1.874358733253999199e-03
-1.920740113106034729e-03
-2.109219722317707234e-03
-2.114461121909709529e-03
-2.098477701304453380e-03
-2.060137406605524069e-03
-2.057099891556087370e-03
-2.073829589562305349e-03
-1.964230764039433686e-03
-1.997187322316656966e-03
-2.034521095038863137e-03
-2.044248428599057098e-03
-2.023893408042767676e-03
-2.123065329442705689e-03
-2.144277546451795260e-03
-2.158401422156465063e-03
-2.177201566054120380e-03
-2.171102080780177093e-03
-2.181909124732785837e-03
-2.204463575819748476e-03
-2.187080778592483121e-03
-2.215233061319647756e-03
-2.220810468789021636e-03
-2.225103129554532443e-03
-2.235199652033085290e-03
-2.234174744310584316e-03
-2.235949434015237040e-03
-2.230262592960289593e-03
-2.228665215257555603e-03
-2.231917431795416192e-03
-2.236582556421915467e-03
-2.237917340104467884e-03
-2.239597215940135420e-03
-2.238892896975183937e-03
-2.239053791889242511e-03
-2.239957651178094838e-03
-2.241835947169258138e-03
-2.242279278745762383e-03
-2.240856080309234794e-03
-2.245373025087777068e-03
-2.249907088206212075e-03
-2.245517337024883521e-03
-7.610634352759923071e-04
-1.132643537211499695e-03
-7.733553781670909422e-04
-7.983525926355772252e-04
-8.080248310482943770e-04
-8.161373818366486534e-04
-7.794174830278993845e-04
-8.088942559801344393e-04
-1.406960080420336691e-03
-1.372599122789554737e-03
-1.389330466753775856e-03
-1.418072211730504045e-03
-1.303626963832699853e-03
-1.153295044157377552e-03
-1.175488960128281924e-03
-1.134847666352657974e-03
-1.237030512798890447e-03
-1.216393222161406750e-03
-1.253423222670874615e-03
-1.071430591942554821e-03
-1.094135404593211567e-03
-1.053556457153556744e-03
-9.940392177792190843e-04
-9.786411680720076296e-04
-1.015680596272267380e-03
-9.153447004867795939e-04
-9.398490560388568027e-04
-9.017547163677887105e-04
-7.955355177743661261e-04
-8.200201288732563310e-04
-8.388256180463416097e-04
-1.470072588490222917e-03
-1.449514596439321814e-03
-1.479736922351745487e-03
-1.527881648147012220e-03
-1.508494891977474502e-03
-1.536777908506627589e-03
-1.585403758707983144e-03
-1.565547985087394067e-03
-1.592205443108547867e-03
-1.638467899686923274e-03
-1.618591219996788969e-03
-1.644452026336405085e-03
-1.688880518400731438e-03
-1.669551337849498399e-03
-1.693782710500384668e-03
-1.745542116145724215e-03
-1.724547073010820582e-03
-1.722109151432253335e-03
-1.747745887367101875e-03
-1.790469447878865984e-03
-1.770073049399432941e-03
-1.791638561484407491e-03
-1.832124411997480048e-03
-1.812425855386221810e-03
-1.831721201093552964e-03
-1.865043163607188817e-03
-1.863240142960128493e-03
-1.845654879393173256e-03
-1.847995612019351277e-03
-1.896924385795828796e-03
-1.879216492895992643e-03
-1.895773666506765046e-03
-1.929618672854246843e-03
-1.912204937923770148e-03
-1.927358092413036100e-03
-1.963346628460564333e-03
-1.944031578325876482e-03
-1.956718361478858217e-03
-1.978519911494966942e-03
-1.975831233244794080e-03
-1.964226852741354865e-03
-1.996552854745323093e-03
-1.982677509278869907e-03
-1.981067706611333665e-03
-1.999615385161432855e-03
-1.986467320459470599e-03
-1.984223261661680407e-03
-1.994209806758962845e-03
-2.020938224543687364e-03
-2.016986505873832533e-03
-2.004642950142950051e-03
-2.003219871240752813e-03
-2.013963835275873766e-03
-2.046662636524217756e-03
-2.037480167295837273e-03
-2.038611010837611693e-03
-2.047485716029545915e-03
-2.038801292982253283e-03
-2.039016225905575762e-03
-2.047120065023364660e-03
-2.037783070335324846e-03
-2.038583694102430541e-03
-2.043373938971641129e-03
-2.052496836244137746e-03
-2.045916533253588042e-03
-2.051048254638321473e-03
-2.057873355708268823e-03
-2.053370901177220195e-03
-2.059941942142592703e-03
-2.063854683920680888e-03
-2.062714806750282244e-03
-2.070998617143058988e-03
-1.418524962355714432e-03
-1.460209863272172569e-03
-1.451482177672699719e-03
-1.538733613364277365e-03
-1.624244630230039978e-03
-1.634779365635230693e-03
-1.599724097700633459e-03
-1.658482988280253825e-03
-1.722012680508287503e-03
-1.774735561893915018e-03
-1.839733013554891664e-03
-1.847000236298264276e-03
-1.818903960772873338e-03
-1.867004044518362537e-03
-1.931396522703973358e-03
-1.939248948520418863e-03
-1.912887849718899677e-03
-2.085222706345513620e-03
-2.086552515570514431e-03
-2.097203430036138818e-03
-2.058715220628387979e-03
-2.073036467572011814e-03
-2.059375049411898626e-03
-2.047332278190262290e-03
-1.956335644747926941e-03
-1.965420452608302240e-03
-1.989271398687680013e-03
-1.973344473392230503e-03
-1.994307067970522290e-03
-2.014494994996862166e-03
-2.003721902851275053e-03
-2.125402374184140464e-03
-2.131182539559180016e-03
-2.117291084356780553e-03
-2.138717866651526200e-03
-2.140965017270465322e-03
-2.153008865070253370e-03
-2.146359189653821321e-03
-2.154690454958095407e-03
-2.165999863726277182e-03
-2.159835986847827120e-03
-2.206469134804123558e-03
-2.209365842792506383e-03
-2.201503182382963820e-03
-2.189428997665956132e-03
-2.193283734132306026e-03
-2.183354309788485426e-03
-2.212665898027045899e-03
-2.213488317873471903e-03
-2.218400143702239057e-03
-2.216025825182808742e-03
-2.218386304596696532e-03
-2.220751663260095692e-03
-2.222788100097848694e-03
-2.232963509786363432e-03
-2.222634928641654701e-03
-2.226471684313756100e-03
-2.224858601949773577e-03
-2.236277144467490111e-03
-2.235718231874640402e-03
-2.237065850651817536e-03
-2.237593430997380541e-03
-2.237246811353557283e-03
-2.238675509772668822e-03
-2.237926148834240830e-03
-2.240150074702590682e-03
-2.243343453662079330e-03
-6.650945103814983207e-04
-7.352761061715033233e-04
-7.711874067171411952e-04
-7.362997886279090080e-04
-7.973151240668967764e-04
-1.378630044479232843e-03
-1.358117744963632930e-03
-1.392626527135464509e-03
-1.438494066722798958e-03
-1.310410667718856035e-03
-1.289697659569511660e-03
-1.324451925236379626e-03
-1.110841173324846227e-03
-1.194249567911551428e-03
-1.272707190921834207e-03
-1.030092099597173854e-03
-9.505445162842459305e-04
-8.120331816234461911e-04
-8.546806469427194707e-04
-8.607875518422394498e-04
-8.036967901553515332e-04
-1.498746895725390580e-03
-1.556436889980266801e-03
-1.611726331515318193e-03
-1.663450102095985440e-03
-1.736630230900670403e-03
-1.712699704562328003e-03
-1.717708621130158240e-03
-1.741297807854126850e-03
-1.767994895898297985e-03
-1.811196171125527103e-03
-1.868100073147002920e-03
-1.849763231133107807e-03
-1.850136690409441478e-03
-1.880862641140626772e-03
-1.866712773196702816e-03
-1.913269643884254285e-03
-1.946339591511877078e-03
-1.970447928406124719e-03
-2.002338847303335341e-03
-1.990251197033201126e-03
-1.987845513041260320e-03
-1.997728707201891496e-03
-2.000711817679809348e-03
-2.020801204662278031e-03
-2.008479249948046282e-03
-2.006532908882018365e-03
-2.035323836861504046e-03
-2.023619200388572861e-03
-2.032618736510632788e-03
-2.018451592134704650e-03
-2.026210257185589309e-03
-2.046176817363654869e-03
-2.046076842941395475e-03
-2.050316897001707231e-03
-2.040402565853435476e-03
-2.048389486333308980e-03
-2.049323484213408549e-03
-2.054558222120125410e-03
-2.060500864366811465e-03
-1.449372826229753872e-03
-1.475634855644712175e-03
-1.433907242406546765e-03
-1.546240813736038562e-03
-1.560897142987565690e-03
-1.524370612982270563e-03
-1.585297909872822753e-03
-1.676771103055285303e-03
-1.684679361839594870e-03
-1.650501716651354761e-03
-1.741755518970822692e-03
-1.746549706446521525e-03
-1.717299339308140868e-03
-1.769752968488346682e-03
-1.784184110589998821e-03
-1.811966817487144742e-03
-1.791168149410826693e-03
-1.879014182951015697e-03
-1.886662249238268366e-03
-1.859380171153040412e-03
-1.905176398480770694e-03
-2.097603826439722614e-03
-2.103474928065441479e-03
-2.091382435467687220e-03
-2.071887733875207686e-03
-2.046569862391682190e-03
-1.948405325552093588e-03
-1.979915344414889464e-03
-2.020586315118357186e-03
-2.027613316689633877e-03
-2.007449834035616304e-03
-2.111595334206879150e-03
-2.133045064715212002e-03
-2.147522887936845377e-03
-2.166069433980181719e-03
-2.171877545762035400e-03
-2.160170055187387965e-03
-2.198198128934310009e-03
-2.178052860640407231e-03
-2.209822717448067277e-03
-2.215634546826606745e-03
-2.220107672974371352e-03
-2.232179393176892453e-03
-2.231214126150669365e-03
-2.233871130929945392e-03
-2.225182589348925159e-03
-2.227933920045768821e-03
-2.223691563999274663e-03
-2.234388688565139280e-03
-2.235470507110265490e-03
-2.235789833390375118e-03
-2.237133138008816271e-03
-2.236372340172721948e-03
-2.235677383158354153e-03
-2.237574848593040875e-03
-2.236231524287994078e-03
-2.238201095246484303e-03
-2.234235493171707245e-03
-2.240673720386572327e-03
-2.238467723584778094e-03
-6.357612470873895980e-04
-6.528906013879456731e-04
-7.273174427594596321e-04
-7.156483824311400763e-04
-1.343620897212300996e-03
-1.443033256791408699e-03
-1.425339857544395596e-03
-1.410630182761449594e-03
-1.456873691104488330e-03
-1.090082539788919105e-03
-1.079330484145104956e-03
-1.121133039279064011e-03
-1.170822169455880933e-03
-1.204348721426485441e-03
-1.161811164777522580e-03
-1.263602849582604309e-03
-1.249526949121024981e-03
-1.286700555331886592e-03
-9.992263598801146181e-04
-1.034658504045422736e-03
-9.943453714217720223e-04
-9.012323953138371866e-04
-9.051921483448123213e-04
-9.473826094401118511e-04
-8.098499734801472595e-04
-8.643391037382102890e-04
-8.118874713451939553e-04
-6.458086615731327505e-04
-7.203997343470317904e-04
-7.289209215985881143e-04
-1.505174033112023505e-03
-1.487315959611228491e-03
-1.516442896403460364e-03
-1.563859600246288780e-03
-1.545568180094823805e-03
-1.574524197152505148e-03
-1.620297775549687114e-03
-1.629329841198923125e-03
-1.602632625820571248e-03
-1.673631530331192233e-03
-1.655829870079425330e-03
-1.681201762470655630e-03
-1.723928319179427035e-03
-1.730386631492364900e-03
-1.706190047981740766e-03
-1.782548268466616678e-03
-1.764145686250336454e-03
-1.759695826546287933e-03
-1.786590654116608111e-03
-1.826260955206465697e-03
-1.808268945709566242e-03
-1.829170507675169886e-03
-1.867732203973418003e-03
-1.849868577401484870e-03
-1.868120581036536183e-03
-1.897301151463792572e-03
-1.880896177418283580e-03
-1.896920785733173694e-03
-1.882591970130163784e-03
-1.929809474941360107e-03
-1.913299346808838841e-03
-1.929647067814124154e-03
-1.961341666184497883e-03
-1.945517265129819047e-03
-1.962087145102949567e-03
-1.999485484248502906e-03
-1.981151478048347875e-03
-1.988792198648001771e-03
-2.000523776208796602e-03
-2.023528128021035311e-03
-2.009851768948186373e-03
-2.011413702543447118e-03
-2.026292192993129140e-03
-2.014190367168731087e-03
-2.012806893744587683e-03
-2.021773888649311835e-03
-2.043195370785714018e-03
-2.040722067271849571e-03
-2.030538003456853428e-03
-2.028593595958064124e-03
-2.037810804892874715e-03
-2.059036343853295863e-03
-2.052869155286731091e-03
-2.052646408332962913e-03
-2.058263759050949111e-03
-2.052144476063882863e-03
-2.052615389007714317e-03
-2.060301405429991288e-03
-2.053640359083137162e-03
-2.055619362961477129e-03
-2.056976448048851783e-03
-2.052041782468537988e-03
-2.054575408171733716e-03
-2.054435366735543264e-03
-2.053518506555601121e-03
-2.056187735182285394e-03
-2.050821839464827493e-03
-2.054668064561749555e-03
-2.057789294321142083e-03
-1.352304297607034205e-03
-1.400901227575039511e-03
-1.385553281456924695e-03
-1.497987176320717028e-03
-1.605101621025381130e-03
-1.614569356053371192e-03
-1.575671006811595835e-03
-1.640790709787212556e-03
-1.709120628688681580e-03
-1.763133853644609055e-03
-1.823942281942486773e-03
-1.831764195814801054e-03
-1.804187037435182189e-03
-1.851432136907727420e-03
-1.916727038112272900e-03
-1.924039956405783347e-03
-1.897869890614801904e-03
-2.070729330321683520e-03
-2.084187673548556271e-03
-2.077993270928293890e-03
-2.064690697833018469e-03
-2.039660862150286490e-03
-1.941074031452680836e-03
-1.950673867803611296e-03
-1.972484976112127801e-03
-1.957995463573770217e-03
-1.979253283408974502e-03
-1.999993587045986298e-03
-1.986874592993578739e-03
-2.113507801269515728e-03
-2.119562733281749305e-03
-2.105539730354928467e-03
-2.127234896142642280e-03
-2.129216740235071337e-03
-2.141804525021441877e-03
-2.134940155297506727e-03
-2.142939357378182558e-03
-2.154491006495803593e-03
-2.148639425713470483e-03
-2.202703393057332641e-03
-2.196165499250721850e-03
-2.204687589378535005e-03
-2.175832349245450641e-03
-2.182813766339691819e-03
-2.170939107563542910e-03
-2.208125372857759443e-03
-2.207347595072988843e-03
-2.210252648349045248e-03
-2.212719873923811933e-03
-2.211779297015668225e-03
-2.214877049801314193e-03
-2.217015910175225684e-03
-2.228851971312722970e-03
-2.215818615001100000e-03
-2.220500433629962918e-03
-2.219011102040055125e-03
-2.232291984236225470e-03
-2.234370648668026690e-03
-2.232208422770622612e-03
-2.233979515663577897e-03
-2.233686159175930601e-03
-2.234317445962965762e-03
-2.235269266411244425e-03
-2.234329424639597533e-03
-2.234750540052943095e-03
-6.405125990036776963e-04
-1.339881240100650531e-03
-1.324448834705336305e-03
-1.359038961144459507e-03
-1.409002607133740329e-03
-1.393244379167155652e-03
-1.426278786537955000e-03
-1.474033440760355324e-03
-1.042545789160470669e-03
-1.129533472194114161e-03
-1.216041570716510679e-03
-1.300575657616336164e-03
-9.480278462833818549e-04
-8.543519950058953236e-04
-6.760521021791676992e-04
-7.437296542963814459e-04
-7.429510378298078040e-04
-6.606173942713294053e-04
-1.534084467656570815e-03
-1.591721316141335267e-03
-1.646652452829414125e-03
-1.698491742485707789e-03
-1.770851876126665076e-03
-1.753930176825954819e-03
-1.747330616775222105e-03
-1.776987255381891687e-03
-1.804387052687444863e-03
-1.846888220121079005e-03
-1.902295443591720241e-03
-1.885037186977937687e-03
-1.885447720934236519e-03
-1.913365846129456635e-03
-1.899924483644016429e-03
-1.945559599513030499e-03
-1.990652089973520261e-03
-1.976811829681426186e-03
-1.975855088988883422e-03
-1.994611382237946456e-03
-2.027986884986796804e-03
-2.013599660210331314e-03
-2.015054349558083931e-03
-2.024604519695880241e-03
-2.026899857202219338e-03
-2.044484733482293624e-03
-2.033836655940443692e-03
-2.032435902637519821e-03
-2.056421878740397838e-03
-2.046158976046989503e-03
-2.053460317956677921e-03
-2.042170799636541714e-03
-2.048616021869546170e-03
-2.058146621411341068e-03
-2.059394358418345332e-03
-2.057212192750838831e-03
-2.069748695533597891e-03
-2.060111194022927385e-03
-2.064902661153468749e-03
-2.055628190739911161e-03
-2.052630809861229460e-03
-1.371441154238586899e-03
-1.361868883194082992e-03
-1.410535587777194625e-03
-1.525863883950609023e-03
-1.536104528227760519e-03
-1.487606898568619076e-03
-1.565394035549402948e-03
-1.658471300960647800e-03
-1.631759246648556167e-03
-1.667447678939344919e-03
-1.723322066229043305e-03
-1.700039329112025370e-03
-1.732402539778523818e-03
-1.753729610959897786e-03
-1.766399470625557933e-03
-1.795224806531029674e-03
-1.775453394836122535e-03
-1.864299826030437444e-03
-1.871633084836572597e-03
-1.844134099870352751e-03
-1.890497459578149072e-03
-2.084579256227309368e-03
-2.091186406842476461e-03
-2.077631331130082477e-03
-2.039429785021519732e-03
-2.055129113914468293e-03
-2.049081341548269174e-03
-2.030014290448949304e-03
-1.933648726901555925e-03
-1.965045303799423451e-03
-2.010795988845965297e-03
-1.994798110698720039e-03
-2.015546963079225748e-03
-2.099152648079292017e-03
-2.121209954605222762e-03
-2.135753241773226657e-03
-2.154249239813445585e-03
-2.148415691407478019e-03
-2.160353735639661439e-03
-2.193803037024408958e-03
-2.198373314485043035e-03
-2.191702752036878317e-03
-2.165242839058852727e-03
-2.185053641845998394e-03
-2.204897458126077806e-03
-2.209216065260076814e-03
-2.213393286233486263e-03
-2.226999451365721614e-03
-2.229693535888119509e-03
-2.226060353916278853e-03
-2.217846208878848559e-03
-2.216617447174198865e-03
-2.221706085106503383e-03
-2.229675943080165149e-03
-2.228741843572508950e-03
-2.230318599228951412e-03
-2.231818844359233136e-03
-2.230586822654970734e-03
-2.226389067976965262e-03
-2.230749217260952037e-03
-2.229654047343978748e-03
-2.222161115927914678e-03
-2.228855494755029119e-03
-2.229212247145577822e-03
-1.373598045522717720e-03
-1.473998860733898887e-03
-1.441340678518962309e-03
-1.458982362061257438e-03
-1.489969017238153238e-03
-1.010122369525927885e-03
-1.049453347281942674e-03
-1.003433980277866882e-03
-1.090086368039028817e-03
-1.129425874165786506e-03
-1.088825454636999784e-03
-1.207193415628514746e-03
-1.187912763709802599e-03
-1.235375761666311330e-03
-1.287823141036965966e-03
-1.274864125411063597e-03
-1.313662193641733020e-03
-8.953416268651034644e-04
-9.466167457825649945e-04
-8.971430514363162379e-04
-7.199579345108389570e-04
-7.645129849191235416e-04
-8.135279517108844494e-04
-6.976140492688806885e-04
-1.536639084832539231e-03
-1.520503171486094728e-03
-1.550155176295871674e-03
-1.595874201095699718e-03
-1.579515112740454644e-03
-1.607991153997654493e-03
-1.652047213825337015e-03
-1.635880143853614497e-03
-1.662766881176598686e-03
-1.705152377328334953e-03
-1.714478575217337920e-03
-1.689134069129116832e-03
-1.755072883758332022e-03
-1.739248599973657224e-03
-1.763096938215808884e-03
-1.815778009377939494e-03
-1.793432344090923475e-03
-1.799260583241387053e-03
-1.821093247046492395e-03
-1.858630281437376013e-03
-1.842331513877288164e-03
-1.863176518689143527e-03
-1.904508282568391064e-03
-1.885912560901476312e-03
-1.903472006000227895e-03
-1.930730238923790551e-03
-1.930221987677186758e-03
-1.913894939326781690e-03
-1.916489320031096628e-03
-1.959595857280770417e-03
-1.944654171498264028e-03
-1.960442250007157512e-03
-1.990386389368535049e-03
-1.975885619810117868e-03
-1.990307501291485939e-03
-2.024298570383609164e-03
-2.007286835958187708e-03
-2.011707323982110836e-03
-2.025821514168129212e-03
-2.047707861092774514e-03
-2.036872856917820891e-03
-2.035459396256199607e-03
-2.050038811663836523e-03
-2.038922915939705028e-03
-2.038050330612546906e-03
-2.045763185137000704e-03
-2.063195887956774388e-03
-2.061750426866243522e-03
-2.052961406095390236e-03
-2.051032782035480586e-03
-2.058920448420335260e-03
-2.067431509411517092e-03
-2.063099913116305754e-03
-2.062774372788108400e-03
-2.070229352951499444e-03
-2.065189532286863285e-03
-2.064596705507239140e-03
-2.063421510563018257e-03
-2.060714197363224670e-03
-2.060151349752541682e-03
-2.069830305628434820e-03
-2.056997895913410378e-03
-2.056881998650519471e-03
-2.055510402837318167e-03
-2.045286799095700526e-03
-2.049977598101143834e-03
-2.048237836388375720e-03
-1.285766486781460879e-03
-1.328592446826767177e-03
-1.319220244921004773e-03
-1.445966676309277162e-03
-1.447351686766664520e-03
-1.408417125523129783e-03
-1.485714680089210383e-03
-1.590020797220526505e-03
-1.597399008825062640e-03
-1.557904455327074368e-03
-1.624069821305708025e-03
-1.690734435623852472e-03
-1.745007380340158482e-03
-1.809115570345499373e-03
-1.816457050867872902e-03
-1.787864170438201433e-03
-1.836670560370873284e-03
-1.900847770249085647e-03
-1.882553616266213758e-03
-1.908762000455433913e-03
-2.055008471870081298e-03
-2.069758783200952544e-03
-2.062770991585275056e-03
-2.047183223140228679e-03
-2.025087217424674686e-03
-1.925760424759344553e-03
-1.932775662352617056e-03
-1.941705803469558848e-03
-1.956031026512302338e-03
-1.987817556999393886e-03
-1.983775650128088205e-03
-1.999318939228695614e-03
-2.100685012341273108e-03
-2.107217190437517523e-03
-2.092620237235563122e-03
-2.114945760060773887e-03
-2.116597758641678134e-03
-2.122739815271240931e-03
-2.129588540725655191e-03
-2.130623808238907551e-03
-2.136590035902707733e-03
-2.142411935870660797e-03
-2.200608391496424419e-03
-2.164073514893432876e-03
-2.159139697148641790e-03
-2.170134728039684307e-03
-2.183688507432179210e-03
-2.179733792476045828e-03
-2.188837461050174068e-03
-2.198106566153711604e-03
-2.202767238441878661e-03
-2.204956173831888223e-03
-2.203202202420287588e-03
-2.207285351705855648e-03
-2.209315550827229638e-03
-2.222533844693218644e-03
-2.206763340397070814e-03
-2.212259352400697005e-03
-2.211081162278400510e-03
-2.225905631780216928e-03
-2.228954039599825594e-03
-2.226352264360675730e-03
-2.226870207173238352e-03
-2.226573201975662244e-03
-2.224074898681963411e-03
-1.363167624983904671e-03
-1.350854708433238795e-03
-1.385924581773472462e-03
-1.434106532352722764e-03
-1.420998559061321248e-03
-1.454394142166868034e-03
-1.505247053808115871e-03
-9.508227437536435640e-04
-1.048152880826280515e-03
-1.132832156757921597e-03
-1.153012593809680597e-03
-1.111690801125890700e-03
-1.246631818731116104e-03
-1.169946778151741661e-03
-1.324583514948993006e-03
-8.076972427792216552e-04
-1.565779378565607897e-03
-1.623552347195108062e-03
-1.678238889113996268e-03
-1.729769214517743771e-03
-1.802331304592576754e-03
-1.778697656854056263e-03
-1.786894438158271627e-03
-1.809462836672990401e-03
-1.837178058230506863e-03
-1.881405862909300277e-03
-1.930305853047939576e-03
-1.916367356554696342e-03
-1.917011272767548281e-03
-1.945070520591091635e-03
-1.930549120949673824e-03
-1.975016674184405796e-03
-2.017578089631173917e-03
-2.003881573229835018e-03
-2.003957323725024872e-03
-2.020591184471372172e-03
-2.051261140976763653e-03
-2.039531880973733877e-03
-2.037695541933311552e-03
-2.048625730756330546e-03
-2.050454856205655586e-03
-2.065714583335634749e-03
-2.056596527644874352e-03
-2.054948540529320106e-03
-2.074106757876269160e-03
-2.065490504400420424e-03
-2.071690756454730182e-03
-2.063415218391882570e-03
-2.067964708051232923e-03
-2.065257997784262362e-03
-2.068666250982084329e-03
-2.060131188748417271e-03
-2.081718745702112669e-03
-2.075744172026881915e-03
-2.075994403444350687e-03
-2.051056465749580716e-03
-1.315849077953325447e-03
-1.343510864959549748e-03
-1.300689222078284853e-03
-1.387221700810787120e-03
-1.379225997932353705e-03
-1.416292977371778981e-03
-1.516819681113591722e-03
-1.521214714330286662e-03
-1.481300571241298252e-03
-1.553232763388738601e-03
-1.643912750079520174e-03
-1.616948858818059200e-03
-1.651024344425281549e-03
-1.707934917288415292e-03
-1.715470149299963640e-03
-1.683202316683696589e-03
-1.737156103607936583e-03
-1.752312589046311304e-03
-1.780742970291012773e-03
-1.759495145672847075e-03
-1.849076818056603205e-03
-1.829085557974019895e-03
-1.856655984899515700e-03
-1.874933827784432865e-03
-2.069765853584855028e-03
-2.077270379683520286e-03
-2.062237717235986499e-03
-2.018032753726230200e-03
-2.028538195565613052e-03
-2.036364005078730548e-03
-2.014194085510023942e-03
-1.916791528722689483e-03
-1.955283747237404265e-03
-1.944197070751381689e-03
-1.967187164921747281e-03
-1.971630159106932748e-03
-2.002637230989833851e-03
-2.085356655474444702e-03
-2.108468091769608033e-03
-2.123236833738572239e-03
-2.141313881208003426e-03
-2.147966738119157660e-03
-2.135763975025168401e-03
-2.196040643037928258e-03
-2.152876240786492489e-03
-2.174075061817510885e-03
-2.191069422905709933e-03
-2.200466358238427084e-03
-2.204579151213256240e-03
-2.220448197120666010e-03
-2.218996239561275320e-03
-2.223725546696695907e-03
-2.208827279270280091e-03
-2.213618787433680422e-03
-2.207654813186174080e-03
-2.223101802647601492e-03
-2.218179934327837999e-03
-2.221840714666568212e-03
-2.223113570493716155e-03
-2.213601548661743579e-03
-2.221286291244849252e-03
-2.219589709059894677e-03
-2.204173023266394697e-03
-2.215090452365375915e-03
-2.216631378945749069e-03
-1.397881356111591944e-03
-1.500069368475388798e-03
-1.466933928398801972e-03
-1.487501046514258388e-03
-1.518735826268217265e-03
-9.124263850813655935e-04
-9.029599116119348644e-04
-9.611980259674188839e-04
-1.035058857316988393e-03
-1.021708070793608467e-03
-1.062543367140029961e-03
-1.084206740402288193e-03
-1.222585950848456820e-03
-1.254990065877003170e-03
-1.214062795640954507e-03
-1.131160489386512195e-03
-1.131829929849252495e-03
-1.169450396123906076e-03
-1.306495428721707840e-03
-1.334718593754619402e-03
-1.296559048898375879e-03
-7.719032530357322315e-04
-7.467313361911439781e-04
-8.348305006989316986e-04
-1.564293264872713409e-03
-1.550046793216174838e-03
-1.579980487101570810e-03
-1.624053692230706869e-03
-1.609591889208280419e-03
-1.637946684552340311e-03
-1.680638771931852998e-03
-1.692822294552911869e-03
-1.666039545591953578e-03
-1.734277466513289585e-03
-1.719457083341782450e-03
-1.744625553667980902e-03
-1.784987271315882987e-03
-1.769773243592033356e-03
-1.793962439766060880e-03
-1.846013259579748836e-03
-1.824401179405329369e-03
-1.831003434396764537e-03
-1.852384076120701644e-03
-1.887190789375874523e-03
-1.872921319036754528e-03
-1.895726785784057969e-03
-1.945932859881618210e-03
-1.925204467522674892e-03
-1.938164240357122692e-03
-1.956606562008956791e-03
-1.943580548539310636e-03
-1.958093052315700543e-03
-1.943420462062942985e-03
-1.986329399688736320e-03
-1.972971454986978228e-03
-1.988361546391822100e-03
-2.015575769948593950e-03
-2.003018767004394532e-03
-2.016434721660683577e-03
-2.048593116215375026e-03
-2.032968640061174649e-03
-2.036301979171323794e-03
-2.049692319050281514e-03
-2.069174546964935597e-03
-2.059507669221073006e-03
-2.058312730349788969e-03
-2.071731131545743315e-03
-2.061447005474785661e-03
-2.060812337716993233e-03
-2.067197988702120393e-03
-2.085001851579613638e-03
-2.077332683929618111e-03
-2.079698893143815466e-03
-2.079682143974967163e-03
-2.072689170108642405e-03
-2.070606432807930563e-03
-2.076800685825969106e-03
-2.070225226140612503e-03
-2.069062698456955018e-03
-2.067069395565571555e-03
-2.077106313608747916e-03
-2.073756566902223899e-03
-2.072360621705804980e-03
-2.060220156748594766e-03
-2.062308228538622164e-03
-2.059217002805737318e-03
-2.083332431833712691e-03
-2.079525146785941078e-03
-2.046582028154141693e-03
-2.051971803187063390e-03
-2.045932182793070483e-03
-1.219028315548553688e-03
-1.267331477899607487e-03
-1.252576526329008191e-03
-1.351315455874312760e-03
-1.442428064445494887e-03
-1.443983480523757315e-03
-1.414869304654156525e-03
-1.479419032542081056e-03
-1.576857509906101585e-03
-1.583244787081384154e-03
-1.546809187783930884e-03
-1.610210586362699437e-03
-1.675773382362337948e-03
-1.730256071959239026e-03
-1.795656153134915197e-03
-1.802324015405126507e-03
-1.774070668359808457e-03
-1.822313591255931902e-03
-1.885409181582455018e-03
-1.893088143903107548e-03
-1.867217775553299975e-03
-2.038506124824977436e-03
-2.054064429231355730e-03
-2.046535208247658201e-03
-2.027889917999781393e-03
-1.909086582624500020e-03
-1.913704757059531397e-03
-1.923237006689387709e-03
-1.934521485656459303e-03
-1.979727449416672849e-03
-1.984015316344431984e-03
-1.967664495071446557e-03
-1.998880174916988200e-03
-2.086489565369993408e-03
-2.078108621455683740e-03
-2.093732829732415646e-03
-2.101533001475708491e-03
-2.102131743015513837e-03
-2.116160673118419686e-03
-2.109165121392488160e-03
-2.116663457020359455e-03
-2.128927287053096213e-03
-2.123420888680583110e-03
-2.150494071365599384e-03
-2.145889962705230421e-03
-2.157453054292029788e-03
-2.171247122651074474e-03
-2.167611261206120379e-03
-2.177541467768789700e-03
-2.187409206358987158e-03
-2.193002858104580767e-03
-2.185647663402564417e-03
-2.195309793650656802e-03
-2.192527654572174779e-03
-2.197677459749426774e-03
-2.199471689644709547e-03
-2.214781206382484754e-03
-2.195428376766052955e-03
-2.202203182584772621e-03
-2.200898792792237418e-03
-2.218005821546751959e-03
-2.219139738259042621e-03
-2.221844994692738929e-03
-2.215628076144612185e-03
-2.217871042150180647e-03
-2.208850209445443677e-03
-1.384007705821794273e-03
-1.373034381348001978e-03
-1.408949576374360184e-03
-1.456747957701368503e-03
-1.444928436369548406e-03
-1.478786988158620414e-03
-1.532105520935586954e-03
-8.420800378359590173e-04
-9.731395476891852719e-04
-1.082396261744934546e-03
-1.263727633456575468e-03
-1.176242557504632389e-03
-1.344524870935197812e-03
-1.593679426885900516e-03
-1.651927924270336565e-03
-1.707097926016124759e-03
-1.759298316865223148e-03
-1.840322708255352074e-03
-1.821306146337116003e-03
-1.812415778495391795e-03
-1.843318746062972942e-03
-1.866608666028020565e-03
-1.921229220583517590e-03
-1.912686454454519836e-03
-1.904116514209706467e-03
-1.933461238397274394e-03
-1.951281455795798262e-03
-1.971469292097861956e-03
-2.000991939372853516e-03
-2.043894235320556536e-03
-2.029627936226191184e-03
-2.030548132903471290e-03
-2.045940605203648913e-03
-2.074342159718165195e-03
-2.062752946685745582e-03
-2.061449422289135004e-03
-2.070276686364834126e-03
-2.072919058458178726e-03
-2.085373826449183569e-03
-2.077136557647925059e-03
-2.075398494440622126e-03
-2.087716678605978579e-03
-2.086291508777695421e-03
-2.081012505460648303e-03
-2.082372732324200282e-03
-2.083769738299887011e-03
-2.073994910257796233e-03
-2.065982945030147514e-03
-2.054192163575536186e-03
-2.094507922170960480e-03
-2.089831987548377602e-03
-2.088178693335394302e-03
-2.088389598081222091e-03
-2.085202403019014838e-03
-2.082889837193872482e-03
-1.261904108937574563e-03
-1.241411501851757623e-03
-1.289076808386047882e-03
-1.352246975927823888e-03
-1.369619635581497026e-03
-1.334216765953430504e-03
-1.397397713770296866e-03
-1.505971779084520033e-03
-1.511195796092573707e-03
-1.474179204252049893e-03
-1.541239857761778293e-03
-1.631482181763401710e-03
-1.637518970161349393e-03
-1.604158960398016165e-03
-1.693428704999951073e-03
-1.700540862805218715e-03
-1.668675795884263114e-03
-1.722866683404920525e-03
-1.738792171563987915e-03
-1.767262225471409685e-03
-1.745676332629532033e-03
-1.833090936442881031e-03
-1.841049055800419391e-03
-1.814358301857048111e-03
-1.859211537798931843e-03
-2.055182477351518138e-03
-2.062581854828241142e-03
-2.046613726346185099e-03
-2.001434304443577405e-03
-2.019706860895894521e-03
-2.009595870940179656e-03
-1.899549395731064180e-03
-1.938135990024198807e-03
-1.946725699094908110e-03
-1.925992763539612681e-03
-1.959018908708112100e-03
-1.990443256065715233e-03
-2.070969324381406913e-03
-2.094099818978395824e-03
-2.108952091224192138e-03
-2.126478404559853288e-03
-2.134071861228047616e-03
-2.121330996967722617e-03
-2.161049293213336379e-03
-2.138668663902249835e-03
-2.179480701966059631e-03
-2.189786179886471593e-03
-2.193607135342367717e-03
-2.212522599265151144e-03
-2.216497997444249590e-03
-2.210723188235662242e-03
-2.195674265182894196e-03
-2.195444826309300886e-03
-2.202415606108754868e-03
-2.215191449279555001e-03
-2.204313999939658698e-03
-2.208762737017305224e-03
-2.211062373559552399e-03
-2.210325916620899805e-03
-2.214136664894598375e-03
-2.214366101223637709e-03
-2.191932357434506207e-03
-2.198826702185179005e-03
-2.203520291254339701e-03
-1.419737462105521292e-03
-1.524350864579578340e-03
-1.490420067134814314e-03
-1.512657704903119099e-03
-1.544673254443145252e-03
-8.293976148616852761e-04
-8.008737086928063853e-04
-8.714105768293264713e-04
-9.403179462009099172e-04
-9.874029760825692257e-04
-9.256477125098185434e-04
-1.023043678880643280e-03
-1.028924122852226944e-03
-1.077536792234758947e-03
-1.241285047305553529e-03
-1.273838037620774345e-03
-1.231606134433439314e-03
-1.144481435943972038e-03
-1.183216503731073302e-03
-1.137480339479083691e-03
-1.325243459678147363e-03
-1.354575793071939073e-03
-1.315432768685325954e-03
-1.589731153022414661e-03
-1.606786676519010972e-03
-1.576604878884736802e-03
-1.650051595435604937e-03
-1.665214044130834768e-03
-1.636666980792059276e-03
-1.707115410679306469e-03
-1.720635869621810416e-03
-1.693601427275119456e-03
-1.761332514735410547e-03
-1.747565201941639161e-03
-1.773112299137990285e-03
-1.812390840830701601e-03
-1.798500777324901247e-03
-1.826264572377846694e-03
-1.875904229408310126e-03
-1.860955644117489455e-03
-1.857692385180948966e-03
-1.881528177939367601e-03
-1.910089304272913086e-03
-1.915738399713422030e-03
-1.898616836226739218e-03
-1.949759953733544958e-03
-1.935328744590518197e-03
-1.947968604512776867e-03
-1.980195742945815244e-03
-1.963050474721234583e-03
-1.968376306168154611e-03
-1.983237146954319047e-03
-2.010865227236658444e-03
-1.998664871288198530e-03
-2.013254124953349662e-03
-2.039461911775472189e-03
-2.027567022040335787e-03
-2.041512181415421415e-03
-2.074425262882885999e-03
-2.059107321255244753e-03
-2.061428987476098852e-03
-2.074244968812491430e-03
-2.088985640774796738e-03
-2.078988066970706254e-03
-2.080296110983819498e-03
-2.093026344587354745e-03
-2.083642222264863331e-03
-2.082352154711929453e-03
-2.086954307040748101e-03
-2.098217510971819855e-03
-2.092969921547101729e-03
-2.091638563477642848e-03
-2.098491687890668544e-03
-2.088918851650090232e-03
-2.091853911080165593e-03
-2.093044265951817494e-03
-2.079552281680161104e-03
-2.078658685547364257e-03
-2.075172286106641978e-03
-2.066862148034377331e-03
-2.069303862818273193e-03
-2.064218031250580725e-03
-2.051714345785102429e-03
-2.056225295754177292e-03
-2.048538291448642919e-03
-2.091664014540369800e-03
-2.096471842494090909e-03
-2.084437905562136744e-03
-1.151624205296340221e-03
-1.207885585833223850e-03
-1.185426165101127272e-03
-1.307430570684316694e-03
-1.431939282223066226e-03
-1.437064263731133553e-03
-1.392257173419300664e-03
-1.468764919066957962e-03
-1.565724028884802211e-03
-1.571095814729001929e-03
-1.535834072223336063e-03
-1.598435085809702706e-03
-1.662304000433559303e-03
-1.716232160957746524e-03
-1.780671264782533302e-03
-1.788092963475001844e-03
-1.759834741997638296e-03
-1.806823863296192498e-03
-1.866685420490471091e-03
-1.875975934456334572e-03
-1.849848099879533320e-03
-2.027454625109423141e-03
-2.033030688217266069e-03
-2.041395159677676565e-03
-2.014269951164254085e-03
-1.890191644412686674e-03
-1.894149662222749213e-03
-1.916131826783319279e-03
-1.903889695485553885e-03
-1.959531112203048969e-03
-1.969713116214988260e-03
-1.948825965384678397e-03
-1.980396970640519068e-03
-2.070329869031413764e-03
-2.062750365419909089e-03
-2.078583225303133521e-03
-2.086215665379096643e-03
-2.085241345998131018e-03
-2.100708830804580256e-03
-2.093458407524956787e-03
-2.099055236238055004e-03
-2.107586292360648979e-03
-2.112655538577365606e-03
-2.156697792390368552e-03
-2.164110615070643194e-03
-2.153583596089744985e-03
-2.134689002208129023e-03
-2.130576450613649170e-03
-2.142751787062622138e-03
-2.175540132408186524e-03
-2.173464155472148128e-03
-2.181699687026666945e-03
-2.184040221757958724e-03
-2.179656310469507176e-03
-2.185922778184766057e-03
-2.187378577959348588e-03
-2.204803668991782949e-03
-2.206908356335028805e-03
-2.208646920237946482e-03
-2.181935753245650179e-03
-2.188875211830916805e-03
-2.188494663177080989e-03
-2.200383446102488916e-03
-2.209446245611401769e-03
-2.213651949512357702e-03
-2.210971553473157439e-03
-2.198189772783800625e-03
-2.207535084796486725e-03
-2.209904791515482012e-03
-1.403687515114228433e-03
-1.430136990904829798e-03
-1.393379757324478014e-03
-1.478385267291408220e-03
-1.501731794559724512e-03
-1.467136613775022955e-03
-1.556963359459530467e-03
-8.848113888850255232e-04
-9.819356969144594875e-04
-1.083517198958253505e-03
-1.192246559056359036e-03
-1.282611529312798794e-03
-1.363905489655649686e-03
-1.619403713373351004e-03
-1.678173767435917150e-03
-1.733897831384203104e-03
-1.786576297999950460e-03
-1.861475713672148743e-03
-1.850865320403034548e-03
-1.836771552873849630e-03
-1.891544309595246786e-03
-1.865864057114717534e-03
-1.883770124038166996e-03
-1.892985957523707916e-03
-1.929877882660568965e-03
-1.972895587758435789e-03
-1.959383739631457080e-03
-1.961062406247044646e-03
-1.976490562235206760e-03
-1.995535641667714293e-03
-2.025234487961008727e-03
-2.067898814505734865e-03
-2.055788619204904598e-03
-2.053684705774681818e-03
-2.070999109573944119e-03
-2.094785948613167668e-03
-2.084536707075158521e-03
-2.084489661613030120e-03
-2.090916575102807345e-03
-2.093797722580140359e-03
-2.103808535520148171e-03
-2.096362822054736834e-03
-2.094538442985383574e-03
-2.098335230442599682e-03
-2.101005547756395770e-03
-2.074239700419231152e-03
-2.060110482263432727e-03
-2.101675120674814656e-03
-2.095186966580590490e-03
-2.098260253492007562e-03
-2.108230263169446304e-03
-2.103300094169474957e-03
-2.101441943912686627e-03
-2.091929058603145090e-03
-2.085929591180572199e-03
-2.090385584919758621e-03
-1.267166313867173696e-03
-1.264486555111709199e-03
-1.209560615854367652e-03
-1.309699776679576662e-03
-1.349160011511401931e-03
-1.390749655521997079e-03
-1.350967918087737137e-03
-1.496261312874334545e-03
-1.500895027790325516e-03
-1.464090927681160545e-03
-1.530807361074025194e-03
-1.619368714544454791e-03
-1.625243129849777155e-03
-1.592531165596010757e-03
-1.680582388688831464e-03
-1.686878326314099168e-03
-1.656043602132157124e-03
-1.709685860513980452e-03
-1.724161335673352708e-03
-1.752454982919424099e-03
-1.731571896925623508e-03
-1.816582603846343983e-03
-1.824811916926776228e-03
-1.798646740265348685e-03
-1.841603072418446924e-03
-2.038061967486826630e-03
-2.046734039667908421e-03
-2.032788000518383729e-03
-2.001839886227500722e-03
-2.014529336511657227e-03
-2.001528714245890978e-03
-1.880376706195390152e-03
-1.918948053907970066e-03
-1.928581402608350696e-03
-1.906568148553580222e-03
-1.939253955962593748e-03
-1.973233480676674263e-03
-1.966130858043089232e-03
-1.987012247961998830e-03
-2.054342272359505842e-03
-2.077543189349149479e-03
-2.091619557810148189e-03
-2.109399404203457680e-03
-2.118108472714727228e-03
-2.103892349505681776e-03
-2.145851416439520289e-03
-2.166274782643325732e-03
-2.122215146650560397e-03
-2.177436998589219602e-03
-2.180445439366321143e-03
-2.203979600188680013e-03
-2.208287794042972617e-03
-2.204381358371496590e-03
-2.180500749373556410e-03
-2.188252671659375159e-03
-2.180997538993974943e-03
-2.194822364196603350e-03
-2.199930565345895213e-03
-2.195246065790494670e-03
-2.206708087460488871e-03
-2.186011127205774417e-03
-2.188687819817869331e-03
-2.195189964174668225e-03
-2.200503600761123495e-03
-2.202611820513429488e-03
-2.205374523939115580e-03
-2.205008412522575616e-03
-1.440507006665963513e-03
-1.547909117238783008e-03
-1.536481942979431867e-03
-1.513037138787897903e-03
-1.569067968128312271e-03
-8.902987679425304005e-04
-8.595902602674300322e-04
-9.153493861607559130e-04
-9.568451737232750278e-04
-1.065390969180628807e-03
-1.104932152537498567e-03
-1.043690686249177388e-03
-1.175103424736412532e-03
-1.208225210312000725e-03
-1.159669005295176081e-03
-1.262191552745046096e-03
-1.251502356753614103e-03
-1.293822489627027318e-03
-1.342862202005769105e-03
-1.333543747914793000e-03
-1.373156768117273722e-03
-1.614436663496851771e-03
-1.601753882747067748e-03
-1.632163073179337433e-03
-1.675195801816098092e-03
-1.691067746389257349e-03
-1.662307730963425659e-03
-1.731938325660064594e-03
-1.746586829501810614e-03
-1.719276358058302243e-03
-1.786450254854582507e-03
-1.773670699521332980e-03
-1.799378582866766919e-03
-1.839362548334790969e-03
-1.825705467649052678e-03
-1.850480673498479910e-03
-1.876423322444987054e-03
-1.900859978378633720e-03
-1.933125540171956591e-03
-1.921637617751531697e-03
-1.941434758725748590e-03
-1.987990407276498360e-03
-1.968790812255006521e-03
-1.980373671464214641e-03
-2.001430449354887290e-03
-1.987035722491448022e-03
-1.990726553092106357e-03
-2.006069760199062635e-03
-2.033201092716408441e-03
-2.022131400105407501e-03
-2.036374779884372876e-03
-2.061775101520249738e-03
-2.050683177550159230e-03
-2.064743391239414957e-03
-2.093462727519489024e-03
-2.080618456929702199e-03
-2.083845569666524424e-03
-2.093954356093956706e-03
-2.108486410173292594e-03
-2.100744144728157719e-03
-2.098678959500929319e-03
-2.113867465060278224e-03
-2.103494293297988784e-03
-2.104325806273008633e-03
-2.106049066417116627e-03
-2.112247314273626476e-03
-2.105246157436106106e-03
-2.105368821598120090e-03
-2.116020405344558840e-03
-2.107206076455779998e-03
-2.109921369306778580e-03
-2.079166254867965621e-03
-2.073203626078290365e-03
-2.079611780570139214e-03
-2.064456850380051636e-03
-2.065641707257954030e-03
-2.057240061276077205e-03
-2.097179183170209699e-03
-2.105193992013660014e-03
-2.110334272596734416e-03
-2.085981305511637029e-03
-1.187882901773773623e-03
-1.169423617615048894e-03
-1.227444253302473892e-03
-1.308457235585567830e-03
-1.423305469210961027e-03
-1.427414362341093441e-03
-1.386765958425914026e-03
-1.459595052020014327e-03
-1.554843757320788960e-03
-1.560088930631703483e-03
-1.525543643800317175e-03
-1.586953374759451224e-03
-1.649837260155833643e-03
-1.702465982849301739e-03
-1.763227510592874428e-03
-1.771891536450803314e-03
-1.743790154235396427e-03
-1.789889822660947413e-03
-1.847393185892904494e-03
-1.857041390872417362e-03
-1.832010812968130767e-03
-2.019873081846141564e-03
-1.987046056066675732e-03
-1.870770733889686333e-03
-1.874713282571986717e-03
-1.896810856959108785e-03
-1.884362312162432725e-03
-1.938617126071908890e-03
-1.949185028576997736e-03
-1.928848229014243484e-03
-1.955922457491032600e-03
-2.051368192460561405e-03
-2.044717212834468081e-03
-2.061045932340833074e-03
-2.068310157225318122e-03
-2.062300328107045423e-03
-2.073565448377265308e-03
-2.080363658859755386e-03
-2.081541493346402479e-03
-2.095364376893138827e-03
-2.090044071984896012e-03
-2.140093798851869667e-03
-2.137389149472334205e-03
-2.148558724778196292e-03
-2.161362893033909414e-03
-2.168623939676439256e-03
-2.159043224023926826e-03
-2.116309730851357977e-03
-2.112854826683402670e-03
-2.125667175026116785e-03
-2.170518369008521409e-03
-2.164615230627750346e-03
-2.171965574772827950e-03
-2.173115488999725030e-03
-2.199494371045941123e-03
-2.165812426661946691e-03
-2.173107486797789221e-03
-2.173708242629245578e-03
-2.187818933740178721e-03
-2.200079848886833840e-03
-2.204787015590636140e-03
-2.201931552733263960e-03
-2.193270556112723781e-03
-2.200213522140645733e-03
-1.423793330322538873e-03
-1.413391130696025570e-03
-1.451034247839028081e-03
-1.500337213327194476e-03
-1.524358632639017741e-03
-1.488983539761775353e-03
-1.581128602132459999e-03
-9.535695672235136328e-04
-9.218718198892818976e-04
-9.884701192848356719e-04
-1.009196732217155796e-03
-1.119943121228269590e-03
-1.218136479001552270e-03
-1.301988583089245307e-03
-1.382859126572498314e-03
-1.644438089352812712e-03
-1.703234036093828532e-03
-1.758916637821529225e-03
-1.812693967119085323e-03
-1.889236410732789227e-03
-1.864220801631520912e-03
-1.875398737416990877e-03
-1.912803128110511378e-03
-1.887211985155463467e-03
-1.902232378431674680e-03
-1.912332896793197522e-03
-1.970672057123223388e-03
-1.951848593475753518e-03
-1.960154640780669387e-03
-1.979184759940120532e-03
-1.994514770726284192e-03
-2.017318008579865700e-03
-2.047584418322930411e-03
-2.087468122355431218e-03
-2.077591191590444190e-03
-2.074622050404739335e-03
-2.090306255462972933e-03
-2.114027442866049482e-03
-2.103656675721817665e-03
-2.104319442317680641e-03
-2.111193384930514470e-03
-2.113866203790428812e-03
-2.120968525645375302e-03
-2.114718518366201765e-03
-2.112350293905814868e-03
-2.114083866514539917e-03
-2.118452863339512562e-03
-2.072044990359915486e-03
-2.105892827269008338e-03
-2.104080491912479426e-03
-2.099106727569839334e-03
-2.116161873091118150e-03
-2.109057941913738965e-03
-2.112359997078150364e-03
-2.122160292870728208e-03
-2.115227824162679415e-03
-2.117282653969127827e-03
-2.092028585590528875e-03
-2.092505232729930092e-03
-2.086153226221311528e-03
-1.084565662014527190e-03
-1.136153659070275775e-03
-1.118514198792377881e-03
-1.272807805935055169e-03
-1.269439329076236557e-03
-1.229877356810576408e-03
-1.311044722878444745e-03
-1.329954392287846249e-03
-1.376715547556663132e-03
-1.339226539687199662e-03
-1.487307230705642736e-03
-1.491574544252594016e-03
-1.455311429110887596e-03
-1.520920264274619807e-03
-1.607112508088810341e-03
-1.613080727976956303e-03
-1.580966900327464113e-03
-1.666871025433895332e-03
-1.673602766077803786e-03
-1.643122389480622132e-03
-1.695516144833277960e-03
-1.708441058478790383e-03
-1.735857002018616115e-03
-1.716370978819223422e-03
-1.797658479781364315e-03
-1.780454205492748142e-03
-1.807111573276272941e-03
-1.822551539103010876e-03
-2.018354933342467530e-03
-2.028315896459745565e-03
-2.009788820629329446e-03
-1.958922716445030132e-03
-1.980070651236763742e-03
-1.965969866462005146e-03
-1.860983717623857555e-03
-1.897419606338337844e-03
-1.886008873616068808e-03
-1.908220307815080685e-03
-1.918128412126932254e-03
-1.948657626879343047e-03
-2.034991380455260061e-03
-2.056630821003773910e-03
-2.071349093926872897e-03
-2.090141380123868367e-03
-2.099919999386056554e-03
-2.085511647764780579e-03
-2.128364156531367506e-03
-2.150901242872940711e-03
-2.103384320113450747e-03
-2.162829427041237235e-03
-2.164887727412557160e-03
-2.193395249876735082e-03
-2.198817981710920067e-03
-2.194065882500847824e-03
-2.163088294801978478e-03
-2.164332101745302869e-03
-2.171756721586477149e-03
-2.184457211889149347e-03
-2.189792610094133066e-03
-2.182484211079033318e-03
-2.196778275089991510e-03
-2.179564988804628609e-03
-2.182996261323731733e-03
-2.190262857931579623e-03
-2.190520155642711013e-03
-2.195606455329518134e-03
-2.195147147306006959e-03
-1.461661360329617222e-03
-1.571187032585929545e-03
-1.559781608848125230e-03
-1.535704341772396123e-03
-1.592969367991988947e-03
-1.017827871750101587e-03
-9.856080899138467809e-04
-1.041688697885636249e-03
-1.122832316912432534e-03
-1.093745001260418119e-03
-1.148936444708978551e-03
-1.206545192121005359e-03
-1.234358136204158265e-03
-1.190529181832293212e-03
-1.275540282270512873e-03
-1.268721819438994739e-03
-1.309400143349642547e-03
-1.366618870830569113e-03
-1.354549421684400970e-03
-1.395244818605992799e-03
-1.637515290422224441e-03
-1.656341501671073583e-03
-1.625785735636993195e-03
-1.697804606414444291e-03
-1.686280858412347568e-03
-1.714836032713989468e-03
-1.755468198119627954e-03
-1.770928092232559436e-03
-1.743501960750812188e-03
-1.810835897138210948e-03
-1.798457506826471250e-03
-1.825059799105656832e-03
-1.864684445502574200e-03
-1.877019392212322686e-03
-1.851906777472571734e-03
-1.901120780674363979e-03
-1.923019974491089155e-03
-1.955651949174062789e-03
-1.944361317267564136e-03
-1.963137603506144146e-03
-2.007965945319331071e-03
-1.989242296231604791e-03
-1.997889859906691514e-03
-2.021346618886337397e-03
-2.004581359118706198e-03
-2.011308789120121957e-03
-2.027196786024238959e-03
-2.053651182217359344e-03
-2.043527717906816303e-03
-2.057716015103851562e-03
-2.080333084006186304e-03
-2.071119616648322420e-03
-2.083821809863899924e-03
-2.110557418431056181e-03
-2.098943470843748355e-03
-2.101916255877196715e-03
-2.112108832343484194e-03
-2.125579820591755840e-03
-2.119776975868228972e-03
-2.117019506392976962e-03
-2.132602011746188159e-03
-2.123146155951125512e-03
-2.123099468133003535e-03
-2.123237591199621417e-03
-2.127021487994692171e-03
-2.121593248411146864e-03
-2.119656344579749861e-03
-2.132401630417777357e-03
-2.124197393604343106e-03
-2.126703672854890915e-03
-2.077845385369956471e-03
-2.078484653386939839e-03
-2.070592712683132133e-03
-2.111458910016314125e-03
-2.099668832536153145e-03
-2.119363006091376511e-03
-2.124696566997811252e-03
-2.085520022660005378e-03
-1.128270083805063811e-03
-1.158041502561172427e-03
-1.106200711431845184e-03
-1.230060489767511971e-03
-1.208552577801752298e-03
-1.251012850544098824e-03
-1.301004664939912512e-03
-1.417280889276604974e-03
-1.420107441398901467e-03
-1.373592603870597926e-03
-1.452120478202819677e-03
-1.544552508764113338e-03
-1.515914467009555310e-03
-1.549529390242672172e-03
-1.636874698387113516e-03
-1.575707846708594706e-03
-1.687725795692180709e-03
-1.744837143659255666e-03
-1.726703207904565314e-03
-1.754010262102125234e-03
-1.771264617749491576e-03
-1.826878843995718028e-03
-1.812269187794632959e-03
-1.837171274322349198e-03
-1.988168929855553893e-03
-1.995146471325814040e-03
-2.003359315611496268e-03
-1.973446299965504486e-03
-1.850792312245071571e-03
-1.853046996604005604e-03
-1.863751358224848519e-03
-1.875187389228628442e-03
-1.914381030325985151e-03
-1.905921723427797358e-03
-1.926630132727518568e-03
-1.936666840310006556e-03
-2.030287835226541986e-03
-2.024333515153361063e-03
-2.040985847606454143e-03
-2.046290958250543239e-03
-2.041702084121530328e-03
-2.061408292851804255e-03
-2.051855125088210188e-03
-2.064785987329734434e-03
-2.073247298465437545e-03
-2.077592643869525472e-03
-2.121406850447041942e-03
-2.118853123501747426e-03
-2.130915289238722969e-03
-2.144206625241214768e-03
-2.152964439464304190e-03
-2.142155888973015180e-03
-2.095899387953769830e-03
-2.093030606350104305e-03
-2.106282510445099069e-03
-2.154414776712298540e-03
-2.147394394308897118e-03
-2.155824738955548422e-03
-2.156434416031942011e-03
-2.189034001084994800e-03
-2.148265268574900931e-03
-2.155639712826009149e-03
-2.156873899412575790e-03
-2.169827948538387199e-03
-2.175253004530208496e-03
-2.166544475471411657e-03
-2.177395142873478177e-03
-2.189349677708128054e-03
-2.194935375550855026e-03
-2.191330525407649693e-03
-2.185055629551829921e-03
-2.190152121109587534e-03
-1.445793265041408430e-03
-1.472972093038552033e-03
-1.434488220514905203e-03
-1.524486431840815087e-03
-1.512068759899184035e-03
-1.547884233097552133e-03
-1.604324143558401566e-03
-1.070194710424644900e-03
-1.164480995809873652e-03
-1.241369515077553288e-03
-1.320901697461076066e-03
-1.405913467172882365e-03
-1.667402347160957220e-03
-1.726382478268303697e-03
-1.782935399326337437e-03
-1.837620298944564294e-03
-1.913131697136630531e-03
-1.901248666019643863e-03
-1.888873495853103917e-03
-1.937011453593394167e-03
-1.913196325508355767e-03
-1.924972324643930716e-03
-1.934223751098981293e-03
-1.992907313056944442e-03
-1.981760630150389713e-03
-1.974223741309519622e-03
-2.000325507310789577e-03
-2.014484141846387480e-03
-2.037513116817309209e-03
-2.067044808577855799e-03
-2.104897616643830720e-03
-2.092621787691673844e-03
-2.096103024128262524e-03
-2.107573381705211881e-03
-2.130568592983779052e-03
-2.120500840011372515e-03
-2.122212682566560187e-03
-2.129041593516586926e-03
-2.131332200059558001e-03
-2.137152416342745238e-03
-2.131369774957736149e-03
-2.129070986778556704e-03
-2.129762684369408254e-03
-2.134803594032893409e-03
-2.122231870703520165e-03
-2.114159239209580966e-03
-2.119366174563686121e-03
-2.110972192989987728e-03
-2.101687196859654532e-03
-2.108660768410231326e-03
-2.130987761164681617e-03
-2.126692470589110553e-03
-2.123611411792178556e-03
-2.134548633396713552e-03
-2.128258684240837660e-03
-2.130800986297534064e-03
-2.092162066233833363e-03
-2.092086104357902907e-03
-2.084144814772169018e-03
-1.018071039902593332e-03
-1.073155095030600258e-03
-1.051805187000836748e-03
-1.178611973403795050e-03
-1.279253571052523571e-03
-1.350306416250397984e-03
-1.340192334203312843e-03
-1.383737310441365874e-03
-1.479089294534519225e-03
-1.448245899755203851e-03
-1.483044513980849620e-03
-1.511711223278921178e-03
-1.651928994059681348e-03
-1.659289850535318814e-03
-1.629513148067188253e-03
-1.593292672336723247e-03
-1.568913500479805507e-03
-1.600078351210313223e-03
-1.680185261731301834e-03
-1.690460810801678584e-03
-1.717667847108964117e-03
-1.699482034173076684e-03
-1.776264119147276735e-03
-1.760550936017565155e-03
-1.786999845963727507e-03
-1.801646230112196722e-03
-1.996249899096525816e-03
-2.007411686640620408e-03
-1.992223854056869928e-03
-1.962420899239198172e-03
-1.975371629152136710e-03
-1.960767818376463797e-03
-1.839828869497979642e-03
-1.873171895460908412e-03
-1.862975618298579441e-03
-1.885315809613791410e-03
-1.893821628281369598e-03
-1.927075799242173194e-03
-1.920705634945090194e-03
-1.942973305269185113e-03
-2.013410348061975708e-03
-2.035846603267001901e-03
-2.053198876411377934e-03
-2.068362536378906373e-03
-2.079391100677078098e-03
-2.066595924284309743e-03
-2.108820815180050597e-03
-2.132973010029014758e-03
-2.082294391457178030e-03
-2.145624321947149117e-03
-2.147497208922523760e-03
-2.181824684210077227e-03
-2.187823495090673084e-03
-2.183193102318413230e-03
-2.148301829006009703e-03
-2.155958015510630460e-03
-2.148040044844187757e-03
-2.159319884023817512e-03
-2.176103717669180572e-03
-2.185764261548882141e-03
-2.177451719637899137e-03
-2.178486596884109724e-03
-2.184011289337897850e-03
-2.182149142266686260e-03
-2.185802095668841483e-03
-2.186774278967012087e-03
-1.484803150558629183e-03
-1.595475613591811753e-03
-1.583531979180544808e-03
-1.559815897444297248e-03
-1.616649335479559231e-03
-1.083062227511148463e-03
-1.050303905238332254e-03
-1.102901872902138473e-03
-1.180923300404994238e-03
-1.151641221737249561e-03
-1.193561886878899848e-03
-1.228185918734956295e-03
-1.316966829977141411e-03
-1.342504257964119907e-03
-1.296424847217699655e-03
-1.386964597719380580e-03
-1.416459508017210017e-03
-1.376399629920061363e-03
-1.658518138347830906e-03
-1.678190464291307200e-03
-1.647878363273200773e-03
-1.720792782479405557e-03
-1.738118215983686533e-03
-1.709130989734622495e-03
-1.778583612627886602e-03
-1.794682349263885743e-03
-1.766852377295284170e-03
-1.833946129858892229e-03
-1.822239616428118422e-03
-1.849278240985492185e-03
-1.925194967099537902e-03
-1.887716502985767840e-03
-1.876111414869933731e-03
-1.900476888908749461e-03
-1.946377937228251608e-03
-1.977491670884227570e-03
-1.966519244936765221e-03
-1.985184049811997056e-03
-2.028331512708099905e-03
-2.018085594448885273e-03
-2.010590319386313871e-03
-2.043756628051284028e-03
-2.025813744224437725e-03
-2.032501250912473884e-03
-2.048655026576475750e-03
-2.072259227832704432e-03
-2.063015794716972860e-03
-2.076308308342102085e-03
-2.098029727917551275e-03
-2.089247278253762719e-03
-2.101400057350901601e-03
-2.126405255537403352e-03
-2.115570025541113706e-03
-2.118371998395043258e-03
-2.128312279497555567e-03
-2.140837004105335898e-03
-2.133183468912377111e-03
-2.136488360359808589e-03
-2.147521903949871445e-03
-2.139915775098305030e-03
-2.138894152512944673e-03
-2.138965035774786395e-03
-2.141779183590448738e-03
-2.134416807853482985e-03
-2.137109648799573845e-03
-2.148190604832623998e-03
-2.140335633356429956e-03
-2.142702614939476745e-03
-2.126808830169611003e-03
-2.116880729046122754e-03
-2.101731781475183955e-03
-2.132807532615987791e-03
-2.138184681477589208e-03
-1.068751194895374091e-03
-1.043481880922515889e-03
-1.098549001613278401e-03
-1.179023708265630570e-03
-1.203495552321014617e-03
-1.153327539248796222e-03
-1.273678195792161873e-03
-1.301439179087407168e-03
-1.252233877802604641e-03
-1.402344253730399568e-03
-1.409363752314416775e-03
-1.376324360902636719e-03
-1.311749758064671440e-03
-1.440580635854132267e-03
-1.532637584214042482e-03
-1.505870958727094323e-03
-1.538477865911321062e-03
-1.622528737228955435e-03
-1.562879891834409582e-03
-1.671226182345698918e-03
-1.723661275929320221e-03
-1.707082118756096060e-03
-1.734273938775835648e-03
-1.750032366055230722e-03
-1.804253631271023756e-03
-1.815660536997856095e-03
-1.790247489373077237e-03
-1.979440068310476045e-03
-1.944782217437710133e-03
-1.828642269548346432e-03
-1.827876160146354491e-03
-1.840240137173542205e-03
-1.850409383693029514e-03
-1.887329881234851674e-03
-1.900928255116706052e-03
-1.880271909648123085e-03
-1.907258359107817484e-03
-2.007065982075676141e-03
-2.001634939676791205e-03
-2.018793612375921736e-03
-2.024441287628559513e-03
-2.039864305297895645e-03
-2.040957022404935907e-03
-2.052513360464094071e-03
-2.054259605342929548e-03
-2.100918210684124890e-03
-2.111337916990436298e-03
-2.098398151379587268e-03
-2.125501205063229978e-03
-2.135039982797356118e-03
-2.123458061873045692e-03
-2.073255818538271861e-03
-2.070829464927498136e-03
-2.084781231314465806e-03
-2.136448441036363239e-03
-2.128398128464948410e-03
-2.137717697039586123e-03
-2.138168683356901634e-03
-2.128880250465099710e-03
-2.138567266526612484e-03
-2.138372016486031653e-03
-2.153650449481948198e-03
-2.162034976161955700e-03
-2.150911849828628618e-03
-2.168821713440473396e-03
-2.175644458217156074e-03
-2.169319600917081134e-03
-2.178865197016215723e-03
-2.184403119554056017e-03
-2.180360594086523142e-03
-2.179808474433664323e-03
-2.180766152784497074e-03
-1.475726793316854170e-03
-1.499878684596493488e-03
-1.460355118873778429e-03
-1.551131413608509719e-03
-1.573660200739180216e-03
-1.537729093018479253e-03
-1.626982162078746165e-03
-1.131922152297483485e-03
-1.243822272993454995e-03
-1.212147888407535045e-03
-1.259572306394864810e-03
-1.352072243490214272e-03
-1.280218305039432149e-03
-1.431510610231091340e-03
-1.689498922958838911e-03
-1.749491965285269839e-03
-1.806086147362251891e-03
-1.860706645401788168e-03
-1.958374490587212052e-03
-1.935812819611878880e-03
-1.947745321264020887e-03
-1.935754849217174046e-03
-1.911711989868946108e-03
-1.924521881606100406e-03
-1.957246322890129724e-03
-2.014133405890511288e-03
-1.995775392009251862e-03
-2.003501138131274194e-03
-2.021175381133551857e-03
-2.035931715791362319e-03
-2.058015971691541744e-03
-2.085216981600403804e-03
-2.121430360271020152e-03
-2.113076207520043007e-03
-2.109732008861565141e-03
-2.123744213776850714e-03
-2.146048504542254556e-03
-2.136114453037322655e-03
-2.138169146632491399e-03
-2.153322248761318884e-03
-2.142826651101067612e-03
-2.147017428575571062e-03
-2.146501765427107425e-03
-2.150145462715464910e-03
-2.152330068474452712e-03
-2.146545642080211619e-03
-2.144748114556817298e-03
-2.145053016853799670e-03
-2.150301685064192302e-03
-2.139340559272027119e-03
-2.130908767609061751e-03
-2.135308216175190420e-03
-2.129339443176043664e-03
-2.120348560470498335e-03
-2.125790358669722192e-03
-2.107496711507263198e-03
-2.109539374551151498e-03
-2.099725776439690522e-03
-2.146914619202444294e-03
-2.140708012015419756e-03
-2.139028750897056189e-03
-2.144446446786712167e-03
-9.526061096095833928e-04
-1.010967623782602163e-03
-9.857902845052000582e-04
-1.123763141366788130e-03
-1.225952894719395132e-03
-1.325076402677414535e-03
-1.338074851249479837e-03
-1.362861689534578674e-03
-1.299645648965054101e-03
-1.469852001749140987e-03
-1.435783831115887638e-03
-1.474331554666358148e-03
-1.501142096791059557e-03
-1.634541764785450452e-03
-1.643161519004962458e-03
-1.613911753382068527e-03
-1.576653858348837228e-03
-1.584894903261618165e-03
-1.554654147032876691e-03
-1.662501427769972479e-03
-1.669342118211239500e-03
-1.696513998617023896e-03
-1.679873783963843408e-03
-1.752020723101792386e-03
-1.764251799160922868e-03
-1.737845127182319812e-03
-1.778285005667612322e-03
-1.970824249219808345e-03
-1.983650588991988858e-03
-1.966630146114554945e-03
-1.934527729354934208e-03
-1.948582784590079673e-03
-1.930845197363595563e-03
-1.815832539238460604e-03
-1.846005015944245879e-03
-1.836709269492644517e-03
-1.859640920787582544e-03
-1.866735678011414816e-03
-1.896774985003938166e-03
-1.912006466010626737e-03
-1.892076155947562070e-03
-1.989053098233320958e-03
-2.012285978880986193e-03
-2.026974896417648407e-03
-2.009630667321521923e-03
-2.026133709966488651e-03
-2.044129155001105699e-03
-2.056398619184819816e-03
-2.042018843090919172e-03
-2.087276539238948955e-03
-2.113374708424852096e-03
-2.058860370548254003e-03
-2.126771701207394623e-03
-2.128275298908087303e-03
-2.129474165760999668e-03
-2.139227599188147505e-03
-2.128924467614105344e-03
-2.161523274959053619e-03
-2.141894232973827385e-03
-2.174144588309083991e-03
-2.175828543807555287e-03
-2.175245452535293222e-03
-2.177590109801807918e-03
-2.175529626874486179e-03
-2.179374141184881476e-03
-2.177119790119327967e-03
-1.513103330399871108e-03
-1.611159942005932055e-03
-1.581133000063140873e-03
-1.603431021865522627e-03
-1.634949126624025192e-03
-1.148785766997204071e-03
-1.115689974935627242e-03
-1.164704701577950812e-03
-1.196154765581558489e-03
-1.314863178812064864e-03
-1.316235394890709343e-03
-1.351006877261442390e-03
-1.279421636205169046e-03
-1.394885750945277537e-03
-1.435272997963802765e-03
-1.391034106439243898e-03
-1.679465977313351118e-03
-1.668858958497589952e-03
-1.700119911399649263e-03
-1.742630060921829434e-03
-1.731574530353428756e-03
-1.760588035527387886e-03
-1.801456167414038686e-03
-1.817680735390880906e-03
-1.789883702870053318e-03
-1.857296262121174843e-03
-1.845504272624628149e-03
-1.872476136725543302e-03
-1.967970539955161188e-03
-1.947191522215863026e-03
-1.909411890459610742e-03
-1.898488008000719703e-03
-1.922646028744810862e-03
-1.998337943292250937e-03
-1.987870778531487196e-03
-2.006217287948454386e-03
-2.048122581290790119e-03
-2.031101644011618339e-03
-2.038172048231877247e-03
-2.061240575089192621e-03
-2.044750948723976242e-03
-2.052442789649598122e-03
-2.066699488073952748e-03
-2.089662292528217304e-03
-2.081032601746969548e-03
-2.093851961875697887e-03
-2.114559768631716664e-03
-2.106371205841044841e-03
-2.117921130162912606e-03
-2.141941620950313374e-03
-2.131606792044942085e-03
-2.134065035107936617e-03
-2.143768719631740372e-03
-2.152726925926956841e-03
-2.163300633309829437e-03
-2.154516690423796243e-03
-2.155250294137676503e-03
-2.165996918112734169e-03
-2.156678651528401089e-03
-2.159558305658372535e-03
-2.156966827093472882e-03
-2.152685794873761098e-03
-2.149499929095073474e-03
-2.163129062167349573e-03
-2.155725216054233360e-03
-2.157763777939044388e-03
-2.134465826454336711e-03
-2.143367994932979075e-03
-2.124775930502665992e-03
-2.127409249318370013e-03
-2.118181015724152245e-03
-2.116381309165920807e-03
-2.152171925477701017e-03
-1.016468938523045493e-03
-1.042072375267759149e-03
-9.840239799615070095e-04
-1.111231679115343238e-03
-1.090252766336123570e-03
-1.144262332026176141e-03
-1.260098731465473555e-03
-1.266580136939651682e-03
-1.219871212991772633e-03
-1.342494598310814804e-03
-1.371945687498285580e-03
-1.334185446981454339e-03
-1.292682846003592994e-03
-1.416626767763602083e-03
-1.409762281178792657e-03
-1.443057846319435083e-03
-1.516302672109347965e-03
-1.524359328778756694e-03
-1.493062417463675469e-03
-1.605563483745102958e-03
-1.546434099966160960e-03
-1.651914340048914794e-03
-1.698873022056177681e-03
-1.711347376181938246e-03
-1.684066397271810839e-03
-1.725576686965635568e-03
-1.776553116626139028e-03
-1.790593637817464254e-03
-1.764281571641568638e-03
-1.952790091491386987e-03
-1.915751726452408253e-03
-1.802136955156602872e-03
-1.801665707967481118e-03
-1.814459482202036150e-03
-1.823665402657509036e-03
-1.857641906524138027e-03
-1.851849757831113431e-03
-1.872578357537475714e-03
-1.877299948926882626e-03
-1.980065312211762990e-03
-1.975401948122416842e-03
-1.993613610660392894e-03
-1.996221865647841449e-03
-2.013332428514164746e-03
-2.026768108765586787e-03
-2.012888604633958356e-03
-2.028876504695357758e-03
-2.077461197707912606e-03
-2.089411850851134560e-03
-2.075350876140433318e-03
-2.105728430553664623e-03
-2.103309450879088660e-03
-2.115791945590211713e-03
-2.047526910974136870e-03
-2.045838985154356873e-03
-2.060593512088884204e-03
-2.117067634512822313e-03
-2.107657483756866356e-03
-2.117802166943077644e-03
-2.118048471825859612e-03
-2.107645301192905257e-03
-2.118591187502369931e-03
-2.118060861268921801e-03
-2.154998037616237799e-03
-2.154218803240721611e-03
-2.162250755304020826e-03
-2.139628313582901155e-03
-2.134613301411335175e-03
-2.146889273487308236e-03
-2.168600175314091497e-03
-2.174132993941398865e-03
-2.168691189265322533e-03
-2.175665204018013658e-03
-2.172421628135868307e-03
-1.546704123605918777e-03
-1.511347758747213620e-03
-1.549164379926899196e-03
-1.579166984045828450e-03
-1.645297314096915136e-03
-1.214532987974894758e-03
-1.181482885432730799e-03
-1.229061331667910626e-03
-1.354961072601847290e-03
-1.264795268451648046e-03
-1.467174517704621702e-03
-1.430889050807941047e-03
-1.471082263651923069e-03
-1.710889497199182810e-03
-1.771884298802758190e-03
-1.829240506717289862e-03
-1.883241354034148260e-03
-1.978354461972832695e-03
-1.979566640465389368e-03
-1.957739244529125688e-03
-1.969055475193343379e-03
-1.958945745222053902e-03
-1.934076069338261546e-03
-1.947360315871543741e-03
-2.034833973478714520e-03
-2.024452756892476148e-03
-2.016578987125045540e-03
-2.041406554963337387e-03
-2.054584654694159053e-03
-2.075464751635001156e-03
-2.102185670746479097e-03
-2.136848017739541826e-03
-2.125712129100765756e-03
-2.129042761367933370e-03
-2.139213080874379294e-03
-2.159665230917178456e-03
-2.150688565110689138e-03
-2.152708334632014945e-03
-2.166177147565540115e-03
-2.159706646748297230e-03
-2.159228433973176854e-03
-2.161176344643619962e-03
-2.164404724764734320e-03
-2.165935849039177415e-03
-2.160219271025128236e-03
-2.164660757191601195e-03
-2.146406859716210990e-03
-2.142940666206411080e-03
-2.137821886366949708e-03
-2.156357731852209716e-03
-2.147897873424694723e-03
-2.151705324080974147e-03
-2.135959627281558502e-03
-2.122711877516549224e-03
-2.123831686981529892e-03
-2.114664225053750415e-03
-2.163311550206838650e-03
-2.155077355624572359e-03
-2.160225033149073756e-03
-8.884859870620809980e-04
-9.523538443690418836e-04
-9.209965046698757570e-04
-1.063273003013202314e-03
-1.180034735135005114e-03
-1.178620572289998392e-03
-1.145348218962577262e-03
-1.219729890590018524e-03
-1.379651655201321334e-03
-1.301732758239504493e-03
-1.457802176024747308e-03
-1.463595916580207826e-03
-1.437192078274116252e-03
-1.486915216650181197e-03
-1.613334247242240258e-03
-1.623920312611064690e-03
-1.594996271087224717e-03
-1.555371286353761720e-03
-1.565993814892194854e-03
-1.535848106473438821e-03
-1.641337721328709745e-03
-1.644050484216083227e-03
-1.671447279494380714e-03
-1.656585728783104960e-03
-1.722182163131802824e-03
-1.737296095784063125e-03
-1.710559733740190519e-03
-1.749604422687809540e-03
-1.942909573688542677e-03
-1.956998390989645332e-03
-1.938722377434728365e-03
-1.904369509438846083e-03
-1.919569412629404913e-03
-1.900578694332322963e-03
-1.788715028039442479e-03
-1.816631025865583522e-03
-1.831447203077821422e-03
-1.808879124282589427e-03
-1.837226755870405293e-03
-1.866297606578278759e-03
-1.881667264703951528e-03
-1.862011106418223847e-03
-1.961602454776579033e-03
-1.984201422398102280e-03
-1.982111114262114469e-03
-1.998265111630735842e-03
-1.998849363997214773e-03
-2.017346795070786274e-03
-2.030904295668577338e-03
-2.015360764307705128e-03
-2.062681825417622076e-03
-2.091812013053456938e-03
-2.032609024889987532e-03
-2.106473696636427563e-03
-2.107229284135712748e-03
-2.105848728857551144e-03
-2.106622940221304727e-03
-2.117789532976990362e-03
-2.162111034222643363e-03
-2.147543550266590561e-03
-2.120741494350101425e-03
-2.130507023810873646e-03
-2.125201190830329143e-03
-2.174427613962679352e-03
-2.175224577517131247e-03
-2.175046669664350372e-03
-2.169983666559922170e-03
-2.173055155222451337e-03
-2.169257942951707124e-03
-1.506737859292431444e-03
-1.632211666804745699e-03
-1.589622996314098233e-03
-1.621833176105961886e-03
-1.655949695130210647e-03
-1.359760494299914156e-03
-1.336924786543979872e-03
-1.377227724750465553e-03
-1.280367225881225753e-03
-1.247343615805738583e-03
-1.297561163842773143e-03
-1.424353077477662471e-03
-1.409421420843950728e-03
-1.445988098806650843e-03
-1.701272067345644019e-03
-1.690262949540191368e-03
-1.721916773428538213e-03
-1.765311141006835859e-03
-1.753861760783152410e-03
-1.783359434612294923e-03
-1.824837002752740687e-03
-1.841040050570941482e-03
-1.813039107326613322e-03
-1.880433360595154361e-03
-1.868778937110256340e-03
-1.894904004604940767e-03
-1.989025545326740529e-03
-1.969365529424199190e-03
-1.932829363573090528e-03
-1.921063488898825701e-03
-1.945855223776390020e-03
-2.020667228263126145e-03
-2.009413782472576140e-03
-2.027624189694507938e-03
-2.067082914618620891e-03
-2.057547281413251057e-03
-2.050929402253424960e-03
-2.079482039102434950e-03
-2.063771564588342058e-03
-2.070307044283901596e-03
-2.084522663603195509e-03
-2.105943500307238224e-03
-2.097874673579571032e-03
-2.110265582488048738e-03
-2.129861891366643511e-03
-2.122299915681379913e-03
-2.133274992916839134e-03
-2.155803610493663407e-03
-2.148753352825775748e-03
-2.146237954412767192e-03
-2.157494617312777536e-03
-2.175418406898471657e-03
-2.169206490983209730e-03
-2.167408955060273930e-03
-2.178623962256458300e-03
-2.170863811988880520e-03
-2.172203517480709480e-03
-2.178491673848646434e-03
-2.172190818115141229e-03
-2.172266778357407994e-03
-2.171022470050944231e-03
-2.164085294334533796e-03
-2.167166872308840930e-03
-2.176664439116683149e-03
-2.169906742992752484e-03
-2.171384539547869218e-03
-2.151478113012300544e-03
-2.159869644452555582e-03
-2.139365196329128579e-03
-2.131984913695699792e-03
-2.142577574778850927e-03
-2.130973825301961735e-03
-2.167325828706904208e-03
-9.681625719375617145e-04
-9.278574703658286739e-04
-9.918932041903243558e-04
-1.092685355125113484e-03
-1.101114453167263522e-03
-1.054414946446756733e-03
-1.136193000622575961e-03
-1.258596820638817814e-03
-1.258973281062878953e-03
-1.219197480778445039e-03
-1.396019376992180608e-03
-1.406076831421921355e-03
-1.369902902680999708e-03
-1.300543925297975969e-03
-1.426682052512135562e-03
-1.497030489020275117e-03
-1.506658246694209460e-03
-1.477524276403195062e-03
-1.584388508316363986e-03
-1.526210222981603517e-03
-1.628581341777308317e-03
-1.668749371897090134e-03
-1.656274669925628757e-03
-1.683949085694551187e-03
-1.695663640377057402e-03
-1.748432133532146562e-03
-1.762689763652592343e-03
-1.735196609246240744e-03
-1.923780825950164317e-03
-1.885460037526004700e-03
-1.774666917710152926e-03
-1.784010473770433845e-03
-1.792894527344717978e-03
-1.800359077293639662e-03
-1.828291273884884941e-03
-1.822465168617010004e-03
-1.843060189224617193e-03
-1.847397980313875187e-03
-1.950377776263468536e-03
-1.946617639139209535e-03
-1.965305036638453646e-03
-1.967383794327069464e-03
-1.985901019202147670e-03
-1.985088907426986720e-03
-1.999760349731849116e-03
-2.001770216679553144e-03
-2.051663981026744660e-03
-2.049587100740982246e-03
-2.064774703635266061e-03
-2.080447405776376067e-03
-2.078946005823179965e-03
-2.093305996765235186e-03
-2.019665317989827527e-03
-2.018520215170573843e-03
-2.033812205513798113e-03
-2.094033624186958115e-03
-2.084501723088192076e-03
-2.095848348541372828e-03
-2.095860946894134453e-03
-2.084328242220806655e-03
-2.095151158156939759e-03
-2.095786171105017831e-03
-2.113489739805895877e-03
-2.159747710811885969e-03
-2.164604365224065928e-03
-2.157249173447064409e-03
-2.141972979369642909e-03
-2.148863272637290336e-03
-2.140689663427276963e-03
-2.131641175481593323e-03
-2.172169036231486831e-03
-2.165354780840436123e-03
-1.500021592420180440e-03
-1.483537589391995329e-03
-1.523509252902832505e-03
-1.584418416188423332e-03
-1.565522144971157222e-03
-1.608553067102253854e-03
-1.666731438656371064e-03
-1.319822888792417277e-03
-1.391672832575815630e-03
-1.462171595223650056e-03
-1.733141283675753135e-03
-1.794940001787249679e-03
-1.852525725970521377e-03
-1.906559269836312093e-03
-2.000136964791185759e-03
-2.010678627572167962e-03
-1.995020107837065793e-03
-1.984795754322614923e-03
-1.983653427661238172e-03
-1.971291895450142436e-03
-1.958246907672879858e-03
-2.054524600084089037e-03
-2.037495270400525166e-03
-2.044664442472074461e-03
-2.073185933715813827e-03
-2.060745953518363770e-03
-2.092725659091650321e-03
-2.117992888505049014e-03
-2.150947822139947108e-03
-2.143788190104384261e-03
-2.140411031836110187e-03
-2.153172249464515957e-03
-2.171998088973067700e-03
-2.165676422808922048e-03
-2.163784492019294858e-03
-2.173416864877158235e-03
-2.176768162367143968e-03
-2.178381686833232717e-03
-2.177468657879061235e-03
-2.173955844365108199e-03
-2.165403867608697332e-03
-2.155824519360186996e-03
-2.160832587427171693e-03
-2.172108328883382185e-03
-2.167665660989493218e-03
-2.164163730344749719e-03
-2.156078815502197529e-03
-2.151801235665579126e-03
-2.148346875136671226e-03
-2.138195304856025693e-03
-2.138949063435547412e-03
-2.130224337376811390e-03
-2.176508629338766172e-03
-2.169716463907977490e-03
-2.173741139431559048e-03
-8.264993028151404377e-04
-8.972934687908184093e-04
-8.580204730941574107e-04
-1.029754195788355059e-03
-1.184449063454521113e-03
-1.181549857923591598e-03
-1.138585418443057232e-03
-1.220959681907834863e-03
-1.321874461268397185e-03
-1.358992107195571702e-03
-1.332273904852743435e-03
-1.290322130895457447e-03
-1.437519161462657430e-03
-1.416824227719010003e-03
-1.447444381481731391e-03
-1.467184275599969561e-03
-1.587280261626450046e-03
-1.600376916399819452e-03
-1.571325683413176896e-03
-1.529046351658038243e-03
-1.542308916617667232e-03
-1.513094826080380734e-03
-1.615661076567357062e-03
-1.613614742330502600e-03
-1.628571412530114334e-03
-1.641107035724266800e-03
-1.688671284684210329e-03
-1.678660360241361702e-03
-1.705638525207167243e-03
-1.718637882820021369e-03
-1.912009673662688454e-03
-1.927607496676368454e-03
-1.908184054375827027e-03
-1.873015633925064795e-03
-1.888851401978044802e-03
-1.869684374091194583e-03
-1.766094026844978451e-03
-1.792428909348527891e-03
-1.804589288408216469e-03
-1.788256616813195359e-03
-1.810418966978163393e-03
-1.835362227474368006e-03
-1.850926161377473584e-03
-1.831843185333823041e-03
-1.931335911342356351e-03
-1.953061187707117938e-03
-1.968730167188390869e-03
-1.951722508189400419e-03
-1.969603427728667915e-03
-1.988086913601091934e-03
-2.002885733564751299e-03
-1.987016474803632044e-03
-2.035873094311825820e-03
-2.066249597040292676e-03
-2.004057431348447472e-03
-2.082225779077992271e-03
-2.084002825908949901e-03
-2.082244042362358001e-03
-2.094248485133714394e-03
-2.083098065758142662e-03
-2.102798491893433444e-03
-2.104374752661656526e-03
-2.112018064787510654e-03
-2.151247738883453782e-03
-2.122612638044282189e-03
-2.132491554675566576e-03
-2.121752015506979134e-03
-2.175953735978574093e-03
-2.174710351199698501e-03
-2.172403964591697149e-03
-2.166174754508210995e-03
-2.168528503777817501e-03
-2.162735300075855488e-03
-1.542346851500824272e-03
-1.657493150472068300e-03
-1.621015236155251560e-03
-1.644958730913131419e-03
-1.679457261401035885e-03
-1.345615502872214231e-03
-1.312949028880903632e-03
-1.352579174121779516e-03
-1.436948227769922455e-03
-1.398428957965115391e-03
-1.430629397088818960e-03
-1.468504211917775245e-03
-1.726081504425809685e-03
-1.713584730180481601e-03
-1.745679780373746290e-03
-1.789879366193476012e-03
-1.807335809745376845e-03
-1.777506652997419036e-03
-1.849078222104363640e-03
-1.864740051250020217e-03
-1.836878563806602872e-03
-1.904400419990979598e-03
-1.918597647503362744e-03
-1.892349033725918093e-03
-2.015596465644771147e-03
-1.997131256263917718e-03
-1.956938836286116392e-03
-1.944851868089124934e-03
-1.970303429522043872e-03
-2.042421494553612899e-03
-2.031464367427878673e-03
-2.048507514063613484e-03
-2.096108889307610364e-03
-2.081543949687845660e-03
-2.087730458421089164e-03
-2.084171846788967185e-03
-2.075556937070796061e-03
-2.069289636096063173e-03
-2.100968645251867061e-03
-2.121535868190460410e-03
-2.113828720690676295e-03
-2.125723679959961969e-03
-2.144656489080480101e-03
-2.137368792869630361e-03
-2.147716475992339329e-03
-2.168774719094270723e-03
-2.159775292040612676e-03
-2.162161514059314765e-03
-2.170134369382556005e-03
-2.186014816469056439e-03
-2.180559176542164017e-03
-2.178881962028746729e-03
-2.188376657689628142e-03
-2.181781220625203695e-03
-2.183354564565997882e-03
-2.189021192971934635e-03
-2.183717957409326248e-03
-2.183634630149766838e-03
-2.188137227725023455e-03
-2.182321419639126920e-03
-2.183248184160162426e-03
-2.185581966218478299e-03
-2.181043518984889483e-03
-2.178231587568928498e-03
-2.168640986883851006e-03
-2.161100699000815129e-03
-2.174070152395695191e-03
-2.147745242273713627e-03
-2.180893684621060952e-03
-9.182441047618651164e-04
-9.424345820948968298e-04
-8.717867318177489151e-04
-1.039373174384191235e-03
-1.064498689612458594e-03
-1.002875769921432458e-03
-1.122079539367376935e-03
-1.107441072791475779e-03
-1.152361964011960936e-03
-1.251811941356439223e-03
-1.254799937015706147e-03
-1.218066146431208592e-03
-1.374657676656421698e-03
-1.384830480276311865e-03
-1.348331871468347928e-03
-1.286843088875095189e-03
-1.405860003589303429e-03
-1.470778962001756309e-03
-1.483918543548599445e-03
-1.454231365665664254e-03
-1.558305627199066184e-03
-1.500018848834122013e-03
-1.600182144263458291e-03
-1.634561288754137224e-03
-1.651872333555865196e-03
-1.623809406431847742e-03
-1.661809671678401035e-03
-1.704919344646792711e-03
-1.696718155089503794e-03
-1.726719241145091349e-03
-1.892666096197327327e-03
-1.854315177051839379e-03
-1.753370559297708379e-03
-1.768684676896205722e-03
-1.750993699003391578e-03
-1.772945492867215303e-03
-1.797232965278406855e-03
-1.812812247638169103e-03
-1.794826091704970674e-03
-1.816393265089226742e-03
-1.917346889757601258e-03
-1.914674344544216181e-03
-1.933991728279008202e-03
-1.935335283346066061e-03
-1.954293335689849791e-03
-1.970259535719310739e-03
-1.953702149062076787e-03
-1.971351821226367818e-03
-2.024153513066105983e-03
-2.038140390511918726e-03
-2.021868184565009992e-03
-2.056201263177597459e-03
-2.068554536313895863e-03
-2.053909962442019774e-03
-1.990142934427481872e-03
-1.989129345689972812e-03
-2.005143528056420668e-03
-2.070337113634186047e-03
-2.059589443987768116e-03
-2.071789426570594915e-03
-2.071716883096144310e-03
-2.059270822330438750e-03
-2.070761673464427410e-03
-2.071601988296478247e-03
-2.092752868556020315e-03
-2.113039889428416918e-03
-2.154069942934674128e-03
-2.147949510035998370e-03
-2.157264878117327866e-03
-2.141038496761857833e-03
-2.141521168944294715e-03
-2.132090501872223147e-03
-2.171007855428936425e-03
-2.160690998482414638e-03
-1.534485458875165442e-03
-1.517440662823123752e-03
-1.559530134425712259e-03
-1.612314492549691896e-03
-1.634994148754464333e-03
-1.598390446857988860e-03
-1.691779797537240268e-03
-1.391289279751405181e-03
-1.485818926842212215e-03
-1.757878845799835162e-03
-1.819375300636752067e-03
-1.876655234677178374e-03
-1.930634894435036535e-03
-2.026441509293592895e-03
-2.029107061525888597e-03
-2.006355869778137131e-03
-2.019788125763215172e-03
-2.005561623269390848e-03
-1.981215618292495907e-03
-1.994568931774805265e-03
-2.070442220677465479e-03
-2.062396497272710617e-03
-2.056307367115551340e-03
-2.090012891976870436e-03
-2.077168495964202763e-03
-2.108836889844329515e-03
-2.133208037641957412e-03
-2.164435264240792585e-03
-2.154550766179004224e-03
-2.157572534791607662e-03
-2.166392612393843592e-03
-2.183111852191398777e-03
-2.177396976175642335e-03
-2.175834959336277272e-03
-2.184274200872139172e-03
-2.186914976628956831e-03
-2.188441191791268368e-03
-2.188382040329193978e-03
-2.186692742304234202e-03
-2.181291237858217630e-03
-2.173245181346210482e-03
-2.176581413178842617e-03
-2.174054096895150674e-03
-2.165801211583932850e-03
-2.169699021746134167e-03
-2.185097846321238345e-03
-2.180679375784515955e-03
-2.178522185088271976e-03
-2.154352468711121134e-03
-2.155219103543435863e-03
-2.144821897004513950e-03
-2.185074901047206423e-03
-7.679408482178169985e-04
-8.430109074370559924e-04
-7.977187014728247001e-04
-9.771740131525531899e-04
-1.079308761494636188e-03
-1.181000495124088839e-03
-1.182296437518197017e-03
-1.151795239677950826e-03
-1.216124481000045200e-03
-1.306152433802943097e-03
-1.340207468895726877e-03
-1.313965233627767144e-03
-1.278933844459849813e-03
-1.410317741090561221e-03
-1.423786678899827650e-03
-1.392504045370338049e-03
-1.440562144977991467e-03
-1.554727892320107016e-03
-1.571218222437398022e-03
-1.541907062942732970e-03
-1.495001644854659830e-03
-1.512240468394199493e-03
-1.482956328164810548e-03
-1.584154329566530477e-03
-1.576879018028293699e-03
-1.605613754366650835e-03
-1.594813425635157374e-03
-1.650592985343926015e-03
-1.642544551417200434e-03
-1.669877982357355350e-03
-1.677964951760915844e-03
-1.729236512475425692e-03
-1.877773601204305422e-03
-1.895047509823142217e-03
-1.875390188281022500e-03
-1.839322275772278283e-03
-1.856335612090072393e-03
-1.837394850038502917e-03
-1.759230235647072250e-03
-1.775913790436769481e-03
-1.756353326168004925e-03
-1.778310795130130101e-03
-1.802105795590027912e-03
-1.818820896788372150e-03
-1.799672053579127453e-03
-1.897726737754406798e-03
-1.919143651343838564e-03
-1.918251781266801844e-03
-1.936240210920384553e-03
-1.936874599203015001e-03
-1.956872455894413491e-03
-1.972634680059565104e-03
-1.955560216512647505e-03
-2.007382192346871333e-03
-2.040385998839806467e-03
-1.973665391186472419e-03
-2.057623216930614708e-03
-2.058994026724460073e-03
-2.057143294801738135e-03
-2.058044246405987387e-03
-2.069889791927482028e-03
-2.081051682782268653e-03
-2.081684673144814507e-03
-2.092140783952618679e-03
-2.103295408277059547e-03
-2.113253144799760123e-03
-2.103091525624962467e-03
-2.147618148954841960e-03
-2.125185583875301328e-03
-2.133346502495743306e-03
-2.123971934534988129e-03
-2.178442265645113163e-03
-2.175918240096059563e-03
-2.170905420753140545e-03
-2.158549202944952134e-03
-2.163217040617918582e-03
-2.156376874667586836e-03
-1.573397901531248342e-03
-1.684326339101543165e-03
-1.670989478595850779e-03
-1.648299309620133990e-03
-1.705261493520760082e-03
-1.410942857414288322e-03
-1.378083135524325702e-03
-1.423790904474472614e-03
-1.496576025853078255e-03
-1.515654971785486459e-03
-1.466680715806838436e-03
-1.752382050843443416e-03
-1.771121050394948264e-03
-1.739172402277635665e-03
-1.815846936173776171e-03
-1.802804925627444349e-03
-1.832453270989558647e-03
-1.874245910503771415e-03
-1.889333494674573857e-03
-1.861613720204625781e-03
-1.929154524319139953e-03
-1.942988917881674623e-03
-1.916695959715054333e-03
-2.051647443677835983e-03
-2.047000589331137051e-03
-2.031051745998492877e-03
-2.017260496484205197e-03
-2.040167862537099752e-03
-1.980874602244617980e-03
-1.968909327844209703e-03
-1.993208681484618956e-03
-2.060894120854959467e-03
-2.112328281564510545e-03
-2.098197158079484828e-03
-2.104141431449719178e-03
-2.101648127927897240e-03
-2.092779175229018268e-03
-2.085918750922759711e-03
-2.116861704342640465e-03
-2.137140544209481345e-03
-2.129462441588123641e-03
-2.140926089506551937e-03
-2.158650389905415919e-03
-2.151761552869317466e-03
-2.161458850996151801e-03
-2.180851927957614539e-03
-2.172556115470446105e-03
-2.174670265220336653e-03
-2.181720698779217489e-03
-2.195238938422105178e-03
-2.189053987614874262e-03
-2.190462897426992319e-03
-2.196886294543380462e-03
-2.192461484735560868e-03
-2.191314529441689037e-03
-2.197831456464929140e-03
-2.192966947424616810e-03
-2.193263066526028593e-03
-2.197606910800457142e-03
-2.192730158371804326e-03
-2.193204592711557599e-03
-2.196068321216732705e-03
-2.190704304152640489e-03
-2.192009186578186899e-03
-2.177539591435228086e-03
-2.183007232032991175e-03
-2.175240264228901071e-03
-2.174415288576886200e-03
-2.165701227256329117e-03
-2.164733480328013323e-03
-2.194540746255895652e-03
-2.189721910946203828e-03
-2.189935031243112756e-03
-8.749889954764675801e-04
-8.204546265055363352e-04
-8.951722241150221818e-04
-9.960255027721444387e-04
-9.568255244435454636e-04
-1.016455841607030470e-03
-1.098588218840247308e-03
-1.109060768691181708e-03
-1.068819014405618557e-03
-1.139640130205397603e-03
-1.236183827104744360e-03
-1.243830179625722088e-03
-1.208602002321204670e-03
-1.346518926354414291e-03
-1.326104132204821784e-03
-1.360358410451379362e-03
-1.271165968027507210e-03
-1.378378555690226671e-03
-1.433301341493652906e-03
-1.452275880663389269e-03
-1.421960112866364583e-03
-1.525144490179233554e-03
-1.464424151153799957e-03
-1.565354069489162826e-03
-1.591954112356748063e-03
-1.583977519298212155e-03
-1.613607533190733728e-03
-1.621598908303949335e-03
-1.662182762433187227e-03
-1.683785761904029159e-03
-1.656356247403913216e-03
-1.714092698609113443e-03
-1.709488445209418703e-03
-1.733836485737312453e-03
-1.858704361759161991e-03
-1.820829315238550261e-03
-1.736828699618632281e-03
-1.768808219008334874e-03
-1.782994947226880468e-03
-1.763910646593633714e-03
-1.785506132316608263e-03
-1.880548454140307723e-03
-1.879173154311433464e-03
-1.899129678054649805e-03
-1.900014427435065640e-03
-1.920090644232205941e-03
-1.937400009772026650e-03
-1.919637084571952385e-03
-1.938565359218209598e-03
-1.990733421695277828e-03
-1.990398781022986729e-03
-2.007667516961641335e-03
-2.028574188188653031e-03
-2.026344140404132566e-03
-2.042647907302042824e-03
-1.953909159326468886e-03
-1.955330275814353477e-03
-1.972096052358401040e-03
-2.044067933564010925e-03
-2.031538742470617807e-03
-2.045369379797449139e-03
-2.045247226814845588e-03
-2.031192821667515084e-03
-2.044187593101284492e-03
-2.045050691589136733e-03
-2.069331440841408725e-03
-2.092453948312845112e-03
-2.114629639340118421e-03
-2.150019007492434166e-03
-2.143070386701946464e-03
-2.134521813341989146e-03
-2.142183974974072591e-03
-2.168279892523557184e-03
-1.575912953911969873e-03
-1.594157465379595229e-03
-1.555208105501644077e-03
-1.644233782469022454e-03
-1.664436176626496022e-03
-1.628296620287439898e-03
-1.718350648533761849e-03
-1.453676797388976996e-03
-1.536314065115318515e-03
-1.784051521915799247e-03
-1.844974727914566823e-03
-1.901635213340771091e-03
-1.954974675500064686e-03
-2.050446279037760819e-03
-2.027967654613401123e-03
-2.039715791028322810e-03
-2.069962730020943713e-03
-2.049471818465577622e-03
-2.060746307846868242e-03
-2.028595669862175502e-03
-2.004725448554823663e-03
-2.017044044022855195e-03
-2.087157617481420237e-03
-2.069329572394646832e-03
-2.078705336548462412e-03
-2.106803560352571610e-03
-2.094180965193956183e-03
-2.124763081214780559e-03
-2.147994469160023623e-03
-2.177929979264091580e-03
-2.168306184619662492e-03
-2.171056185836926344e-03
-2.179167245762460379e-03
-2.193510496247823294e-03
-2.188145778499507761e-03
-2.187083729888475870e-03
-2.194077877329722766e-03
-2.195755522246447232e-03
-2.197046039955892135e-03
-2.197437552285021536e-03
-2.196587465076806772e-03
-2.195053456767046690e-03
-2.189077236386815280e-03
-2.185102555629236595e-03
-2.181828989022687338e-03
-2.192729939826190862e-03
-2.186930267061549214e-03
-2.188770371493435878e-03
-2.182126092003038378e-03
-2.171159255469043252e-03
-2.173225522821696509e-03
-2.162600391595014861e-03
-2.193396214474381632e-03
-7.144916815253799002e-04
-7.943616934295324832e-04
-7.416922450932931675e-04
-9.335399809325872680e-04
-1.045598623246188396e-03
-1.164468819225574847e-03
-1.172535647677683994e-03
-1.131894950913854428e-03
-1.200390985461281118e-03
-1.278581067640857747e-03
-1.291908236590394877e-03
-1.312285216749917117e-03
-1.256922503133024553e-03
-1.371583092901200408e-03
-1.359060043224731996e-03
-1.391031102314010384e-03
-1.402670132678911002e-03
-1.514154824288637975e-03
-1.534821743994833638e-03
-1.504614650582976852e-03
-1.451701905496368111e-03
-1.473727077952522238e-03
-1.442557410969068366e-03
-1.545499148987147797e-03
-1.530231540196365023e-03
-1.560989979493278409e-03
-1.553033676573678046e-03
-1.605447012978382989e-03
-1.628392301189644613e-03
-1.598669547720817964e-03
-1.688371585658404294e-03
-1.634135071825898629e-03
-1.840656648440587660e-03
-1.859400350055861019e-03
-1.840019604253288060e-03
-1.802648820640377278e-03
-1.821108171615154481e-03
-1.802396648209312561e-03
-1.721252408081081235e-03
-1.740421706589063543e-03
-1.717645896332591765e-03
-1.745194343478705156e-03
-1.764682101823351890e-03
-1.783489323574006212e-03
-1.766770623570689848e-03
-1.860793768878502008e-03
-1.883736479634436555e-03
-1.901588632574510197e-03
-1.882096480864591838e-03
-1.902000995058218593e-03
-1.927077515812246995e-03
-1.923365384338016721e-03
-1.941885354841346809e-03
-1.972403120619591749e-03
-2.009794180876062035e-03
-1.940327090809124914e-03
-2.029852878284795110e-03
-2.031025437901252256e-03
-2.030837574212969454e-03
-2.044164527187491802e-03
-2.030816373771784315e-03
-2.056586062037489733e-03
-2.056878562865645417e-03
-2.069005958405648743e-03
-2.081839428309539136e-03
-2.092815230037367667e-03
-2.081465369619069951e-03
-2.106976338426109607e-03
-2.116476922646452243e-03
-2.105162079771756740e-03
-2.151211105037942849e-03
-2.132097764941459899e-03
-2.137934981903935518e-03
-2.128563545123566495e-03
-2.176260681560711254e-03
-2.176850707459408035e-03
-2.166650101301444663e-03
-1.610045032855740316e-03
-1.712412180354202455e-03
-1.678300436586864074e-03
-1.698386941050239116e-03
-1.732399085898326998e-03
-1.475379216865760779e-03
-1.442998384389328551e-03
-1.485863559765189090e-03
-1.551580068591896372e-03
-1.523978348965446435e-03
-1.563775106280868108e-03
-1.780073591848921506e-03
-1.797945399417175561e-03
-1.766202549267321866e-03
-1.841655016556214717e-03
-1.857959312167159049e-03
-1.828720418155129271e-03
-1.901787029308032832e-03
-1.888061287550844587e-03
-1.915527089852818096e-03
-1.956170367135793252e-03
-1.968612291789786136e-03
-1.942720032129007348e-03
-2.039440815609257218e-03
-2.060077524697485982e-03
-2.078425500822635164e-03
-2.005988777530558383e-03
-1.993404899402434309e-03
-2.017219928852894990e-03
-2.131486584635772230e-03
-2.116526656253262320e-03
-2.121836332512708548e-03
-2.118496679258845012e-03
-2.102791916058809225e-03
-2.110007307926846029e-03
-2.134241757968628229e-03
-2.151642892128004768e-03
-2.144454745065006284e-03
-2.155172261937187989e-03
-2.172168681106260730e-03
-2.165530268153537715e-03
-2.174988701239199181e-03
-2.192479638928311950e-03
-2.185150676883346535e-03
-2.186514589476713614e-03
-2.192730067466511484e-03
-2.203650270837937721e-03
-2.198453168745060846e-03
-2.199282105136968896e-03
-2.204529451393529536e-03
-2.199746423121735385e-03
-2.200531125183850193e-03
-2.205083242606456669e-03
-2.200838380294255388e-03
-2.201272883199578353e-03
-2.205124054668284803e-03
-2.201189377513200051e-03
-2.201344997922200647e-03
-2.204220730418362736e-03
-2.200809440599027500e-03
-2.199988010821367617e-03
-2.202465080573067988e-03
-2.198368847832010784e-03
-2.199161233051012774e-03
-2.190741273161664684e-03
-2.188121322223484343e-03
-2.188812371113800330e-03
-2.181875518496973008e-03
-2.179765358685915779e-03
-2.200891773028301052e-03
-2.196734985813859464e-03
-2.197612996070195772e-03
-8.362050294998502834e-04
-7.737713768036075506e-04
-8.529188842738094850e-04
-9.567203403741718695e-04
-9.144206814927773475e-04
-9.729538522972324983e-04
-1.034388543514657343e-03
-1.016655987854479413e-03
-1.066423969559366974e-03
-1.092172042037825022e-03
-1.128038312991939268e-03
-1.095335300248272007e-03
-1.206165979481970936e-03
-1.221452503481008879e-03
-1.185337508285515522e-03
-1.305350429592208638e-03
-1.291442637738074439e-03
-1.326154226279330954e-03
-1.242369747206305622e-03
-1.338805023967879317e-03
-1.388278851420939129e-03
-1.411075402038423519e-03
-1.379907337062983956e-03
-1.483348953730779466e-03
-1.420439432951421796e-03
-1.521657344545793850e-03
-1.542025522660609273e-03
-1.567462762539514540e-03
-1.535485533392707234e-03
-1.574198513682060607e-03
-1.669271299456167494e-03
-1.665710272420001855e-03
-1.691942029689388416e-03
-1.614810439669488911e-03
-1.638832212759389756e-03
-1.610094422268286158e-03
-1.821814567795827658e-03
-1.783784193277186854e-03
-1.695530908416169324e-03
-1.724274287870128375e-03
-1.746648656916057959e-03
-1.722722913571219424e-03
-1.744603009027997920e-03
-1.841469831621133811e-03
-1.841085725903754975e-03
-1.861241451599398309e-03
-1.862810703867992003e-03
-1.891521386476843541e-03
-1.887526061292992864e-03
-1.905955704559602476e-03
-1.909222605714113331e-03
-1.941933812538756184e-03
-1.947996468905810897e-03
-1.966514491596487845e-03
-2.006067454436739374e-03
-1.998327908273983197e-03
-2.017516721501836155e-03
-1.909899042635038787e-03
-1.931904613496923098e-03
-1.918477860393656958e-03
-2.018811513338515488e-03
-2.002188587032530890e-03
-2.016762087035515148e-03
-2.016589022551160647e-03
-2.000795884548071165e-03
-2.015824291651634528e-03
-2.015836122326045143e-03
-2.043906957393725778e-03
-2.069438114358318655e-03
-2.094719943972263732e-03
-2.120021919812882689e-03
-2.154325424018487325e-03
-2.156756410086553381e-03
-2.148591530144507763e-03
-2.143613826494068873e-03
-2.165090961783746985e-03
-1.614919193812176194e-03
-1.629722023792860592e-03
-1.595398948389218328e-03
-1.672286212925101420e-03
-1.658248055661539801e-03
-1.692497343828315267e-03
-1.746243832020140472e-03
-1.513393359119088663e-03
-1.583163235908557290e-03
-1.810812412970352545e-03
-1.871879833867845771e-03
-1.929078106457047907e-03
-1.981085441632654109e-03
-2.072087589445287953e-03
-2.050325343999398389e-03
-2.061227907794173711e-03
-2.090687396521913322e-03
-2.080282881783276309e-03
-2.070530660874409564e-03
-2.105741868795091808e-03
-2.087805102940420380e-03
-2.096387172169915381e-03
-2.052896096138074299e-03
-2.040656940801788971e-03
-2.029439461594316658e-03
-2.124885378904416925e-03
-2.112010470333547385e-03
-2.141573869761956815e-03
-2.162031583572675449e-03
-2.190218122709799205e-03
-2.181096620208787962e-03
-2.183866636089029558e-03
-2.191098907906040977e-03
-2.202606334516360106e-03
-2.197923684022492358e-03
-2.197493533575026192e-03
-2.203784101625711617e-03
-2.202858568043698263e-03
-2.204475229991549688e-03
-2.204775742149966879e-03
-2.204368010475396978e-03
-2.203056417079159082e-03
-2.201439060289617829e-03
-2.198709627751397819e-03
-2.193992144876730048e-03
-2.195650954654334696e-03
-2.201320562458353863e-03
-2.195125440296320698e-03
-2.194961239189609139e-03
-2.186549788344465967e-03
-2.187064810965627833e-03
-2.178031162679779781e-03
-2.199655222516450157e-03
-6.695977965885093136e-04
-7.519169626885816721e-04
-6.920771272815018881e-04
-8.923320806205370685e-04
-9.936056846638827156e-04
-1.063219889456489160e-03
-1.132802702385800808e-03
-1.149032671770308352e-03
-1.112262200224981490e-03
-1.170105423065174750e-03
-1.234783371459288823e-03
-1.255731429278405956e-03
-1.269739155746580327e-03
-1.219520893726636079e-03
-1.321223865702379416e-03
-1.346837065984531024e-03
-1.313285135732784143e-03
-1.355308829641571969e-03
-1.464580720037446599e-03
-1.489867367320155600e-03
-1.458158558732965907e-03
-1.397927907126913062e-03
-1.425356601053065844e-03
-1.393142529157133250e-03
-1.497398723867402262e-03
-1.473625502617436061e-03
-1.507893942903374036e-03
-1.501329601591535300e-03
-1.550902357715226634e-03
-1.546470962845375571e-03
-1.578724674358871795e-03
-1.642372458456399162e-03
-1.583296549175769192e-03
-1.799245275721835869e-03
-1.820165512986491934e-03
-1.800995252897026350e-03
-1.760575231088805327e-03
-1.781742483142877056e-03
-1.762665006262911695e-03
-1.673224775057700594e-03
-1.671257314865329550e-03
-1.697535604223811192e-03
-1.699007485727852896e-03
-1.720310173199431428e-03
-1.722192411670049605e-03
-1.742514130233366754e-03
-1.820591256954543023e-03
-1.845575969383062226e-03
-1.864883845442244763e-03
-1.843453066006102599e-03
-1.868601234143078306e-03
-1.900610468739572824e-03
-1.926005072194231010e-03
-1.975816553184661737e-03
-1.983338937969224714e-03
-1.958972785607963462e-03
-1.990984170037946727e-03
-2.004039345010347542e-03
-2.001231065397254469e-03
-1.998824697280382479e-03
-1.999669592067813539e-03
-2.014989447758343873e-03
-2.028394105589827016e-03
-2.029637794901475306e-03
-2.042643260789630145e-03
-2.056325018106998012e-03
-2.069259496016247115e-03
-2.056477581629003772e-03
-2.084796695251497738e-03
-2.096062365196191529e-03
-2.083335455862896871e-03
-2.115860962796315553e-03
-2.124400723030929646e-03
-2.111288856826362692e-03
-2.146210040587993861e-03
-2.150716629126989653e-03
-2.138981015257228942e-03
-2.173782777795139464e-03
-2.174779529561116261e-03
-2.163663747922347017e-03
-1.643731451404219614e-03
-1.745619222248773542e-03
-1.709006478178303270e-03
-1.729011128585943458e-03
-1.762815017844781684e-03
-1.539223172593550066e-03
-1.507196273657145048e-03
-1.545285414007671870e-03
-1.611876279239165578e-03
-1.581724222834641862e-03
-1.613392742177359885e-03
-1.809949507301714892e-03
-1.795032890502167456e-03
-1.825819149019323150e-03
-1.862246043710845617e-03
-1.882153893683947282e-03
-1.851942645886657610e-03
-1.939254888609493344e-03
-1.947929782695717637e-03
-1.920539342584071975e-03
-1.986766596941674963e-03
-1.996426249180384156e-03
-1.971408669306040726e-03
-2.062376182062933185e-03
-2.081306698199596444e-03
-2.098116779062356857e-03
-2.038033515556145377e-03
-2.045369168502720030e-03
-2.022094461222197909e-03
-2.144957733222651718e-03
-2.138137653855246012e-03
-2.131729716160256707e-03
-2.136270303352785175e-03
-2.120918855033018195e-03
-2.127275955440430851e-03
-2.148216536929319249e-03
-2.164578752726950116e-03
-2.168303625398975993e-03
-2.158197871174738838e-03
-2.182908600084362306e-03
-2.177735802633786778e-03
-2.186518198278196955e-03
-2.205438736769709147e-03
-2.198771864753205213e-03
-2.197732436999113963e-03
-2.203839265103986478e-03
-2.211387097636079331e-03
-2.207387249047653051e-03
-2.207776835899235950e-03
-2.211422718292877648e-03
-2.206892222727296904e-03
-2.207374291639330535e-03
-2.211126205932871340e-03
-2.207683667153281619e-03
-2.207914290858689621e-03
-2.210862081998551248e-03
-2.207796314268506768e-03
-2.207823733577858431e-03
-2.210206273207266855e-03
-2.207029797022275978e-03
-2.207539102174572304e-03
-2.208816004566308867e-03
-2.205470502136967596e-03
-2.206401894316639602e-03
-2.207481706627696313e-03
-2.204872516344973804e-03
-2.204060804094698251e-03
-2.200016687869694749e-03
-2.199479171313482341e-03
-2.200408541805146372e-03
-2.194095443237626362e-03
-2.193182008598414633e-03
-2.205521371149509781e-03
-2.203138200151887570e-03
-2.202034518644077621e-03
-8.129561082763425229e-04
-8.187554942570349345e-04
-7.375196137224232073e-04
-9.194589699620873795e-04
-8.772470368969142876e-04
-9.345636227595806832e-04
-1.013839895421901442e-03
-1.021930329512270655e-03
-9.842465490527308337e-04
-1.051641044736381344e-03
-1.059698611258424929e-03
-1.074431367880564810e-03
-1.095670118599500640e-03
-1.156443099328624590e-03
-1.182174186735544157e-03
-1.144661705324119365e-03
-1.248735649318427968e-03
-1.277786019773369730e-03
-1.240806854420198769e-03
-1.195617464071250125e-03
-1.285753105388389144e-03
-1.328109805389539842e-03
-1.358888405810532466e-03
-1.324767910088535264e-03
-1.431816090062216834e-03
-1.363695399756957843e-03
-1.468498187799256987e-03
-1.473968435601657589e-03
-1.473025722412963203e-03
-1.508609354468927466e-03
-1.512793817582379092e-03
-1.618331595289677557e-03
-1.616565002094502452e-03
-1.644144155825167600e-03
-1.560713669569084236e-03
-1.588188417155301764e-03
-1.555730415307912153e-03
-1.780083682688938379e-03
-1.740591183968646406e-03
-1.646125246262808992e-03
-1.674745537071662153e-03
-1.699810456200575963e-03
-1.674021184537520393e-03
-1.697762277672460341e-03
-1.798974835901311986e-03
-1.799094126558516051e-03
-1.820455635920199648e-03
-1.822463507768805595e-03
-1.870305563518439435e-03
-1.881120212149979022e-03
-1.857943807074007156e-03
-1.890280558607973505e-03
-1.905002554609367587e-03
-1.923586943721372448e-03
-1.907482634629244830e-03
-1.938580190167531539e-03
-1.957298783942063719e-03
-1.940290784441084035e-03
-1.989002570108715576e-03
-1.969290617881569103e-03
-1.985765646276341917e-03
-1.985052189228446451e-03
-1.967547920186842568e-03
-1.983211101364284502e-03
-1.984029648251272107e-03
-2.013786732161853762e-03
-2.042536943253776480e-03
-2.070755918033037254e-03
-2.100419519880065283e-03
-2.131160483465697596e-03
-2.159908946831382275e-03
-1.642131014164160746e-03
-1.729422031042900879e-03
-1.737585355366005760e-03
-1.700846441256201064e-03
-1.777782706578712527e-03
-1.575586061822240817e-03
-1.836036223296417039e-03
-1.907434183308697601e-03
-1.884789552807976474e-03
-1.904705355184474957e-03
-1.963213144900079025e-03
-1.923461502542474656e-03
-2.012574286702560611e-03
-2.095054985056068238e-03
-2.083575433142480487e-03
-2.073937877326291999e-03
-2.110920255203070119e-03
-2.091467043752611409e-03
-2.100747757135091199e-03
-2.124575254140557198e-03
-2.107614385155359704e-03
-2.115103949473976126e-03
-2.076884343156550679e-03
-2.064916884846054040e-03
-2.057537217603428673e-03
-2.140499491618891997e-03
-2.130276635175090867e-03
-2.154823182431920420e-03
-2.174011492524821273e-03
-2.203184821594467765e-03
-2.193235156235501075e-03
-2.196586773531348721e-03
-2.204074023151151446e-03
-2.211085735808191507e-03
-2.206754012466222506e-03
-2.208111823353944500e-03
-2.210926383343970493e-03
-2.211113310862294033e-03
-2.211055698071656868e-03
-2.210647482159533266e-03
-2.210195230174210289e-03
-2.209182128880766375e-03
-2.207864248750380457e-03
-2.206299648332970317e-03
-2.203355131818222293e-03
-2.207896754627627738e-03
-2.204058734003353382e-03
-2.204608805900033601e-03
-2.202155762126675482e-03
-2.200343113628164173e-03
-2.193502240136748979e-03
-6.370331195954335567e-04
-7.221641994789092679e-04
-6.530408449228694307e-04
-8.599029492720730106e-04
-9.611944146719875702e-04
-1.033877984960706198e-03
-1.075988339441849573e-03
-1.105630254496551461e-03
-1.066439807481266936e-03
-1.117502621060259028e-03
-1.170659796451213683e-03
-1.209352713947831537e-03
-1.201348207023801616e-03
-1.162181614154993332e-03
-1.254136776853825288e-03
-1.251477575359533426e-03
-1.288493681421930531e-03
-1.291946664101093758e-03
-1.404680755215606579e-03
-1.435253961085369541e-03
-1.401315132931655032e-03
-1.331927539816932585e-03
-1.365670616913712641e-03
-1.330038168650475496e-03
-1.439153908943421271e-03
-1.407594147275639243e-03
-1.440624664824708464e-03
-1.439877960549959014e-03
-1.495572631475914228e-03
-1.523891757220217393e-03
-1.484576521035460908e-03
-1.589926410039325163e-03
-1.528661370704562268e-03
-1.753005117949591471e-03
-1.776358744056689108e-03
-1.756837417330679154e-03
-1.711322808864185630e-03
-1.736104503268969933e-03
-1.715834925066789729e-03
-1.619724159095106784e-03
-1.646827054276753244e-03
-1.619019647439607539e-03
-1.647577195297995987e-03
-1.667085321836604683e-03
-1.670890820357216582e-03
-1.693857297287609679e-03
-1.776217867472797661e-03
-1.795014974495168746e-03
-1.796998848576312254e-03
-1.820446490974800616e-03
-1.833472955968041542e-03
-1.852001186196662944e-03
-1.839588754301780833e-03
-1.869082467995107719e-03
-1.889637980221947448e-03
-1.869696058129724676e-03
-1.887200682588026802e-03
-1.921944274948341521e-03
-1.972579629352404738e-03
-1.954085733462707607e-03
-1.968285445202599786e-03
-1.964832527922737767e-03
-1.981985194820986944e-03
-1.966056660594231106e-03
-1.996445162130032827e-03
-1.997651994715886076e-03
-2.012579506099563750e-03
-2.027177233844189037e-03
-2.041879201153166089e-03
-2.027813794307145069e-03
-2.058138589099274291e-03
-2.071590942073089133e-03
-2.057250621159773842e-03
-2.089479976168809403e-03
-2.087086438162110910e-03
-2.102869496566919794e-03
-2.138963095665745093e-03
-2.142965663674670923e-03
-2.127198859531184792e-03
-2.169482970135795403e-03
-2.172084333310653290e-03
-2.157555969041482710e-03
-1.667858131025696296e-03
-1.639805231981318959e-03
-1.670058018138716963e-03
-1.777898116416857469e-03
-1.753718545520935312e-03
-1.761925050187915578e-03
-1.698632251143973506e-03
-1.794100532248904100e-03
-1.602543073320172526e-03
-1.570749658516410428e-03
-1.607076260298708186e-03
-1.826994832279083079e-03
-1.844772706985320495e-03
-1.818553036844798142e-03
-1.880427713364445259e-03
-1.871221678870578628e-03
-1.894026840851212486e-03
-1.950801204552817664e-03
-1.944913462400158898e-03
-1.968702005031112371e-03
-1.929138783685126722e-03
-2.028882598957484820e-03
-2.033495674450736760e-03
-2.007617386148425904e-03
-2.085960537980194665e-03
-2.102952437529775377e-03
-2.117666919808482671e-03
-2.076799937926653711e-03
-2.057414568693718884e-03
-2.076931442527164828e-03
-2.163633402450375852e-03
-2.149957389677885529e-03
-2.154171953362848599e-03
-2.153396840459544104e-03
-2.139054455113672485e-03
-2.144871150588146570e-03
-2.164093423458850196e-03
-2.173501079309108318e-03
-2.200099624473366745e-03
-2.191611340410988453e-03
-2.201636003319092268e-03
-2.216877265379101417e-03
-2.210996832586214177e-03
-2.209931793087349314e-03
-2.217805601369391994e-03
-2.211493904084486234e-03
-2.214307391693535673e-03
-2.216377782291696109e-03
-2.213567387739680259e-03
-2.213747144355997058e-03
-2.217543552490596447e-03
-2.214292785931677460e-03
-2.214345598622608456e-03
-2.218190002464905108e-03
-2.214453769050696730e-03
-2.214638495217718071e-03
-2.215320521489678486e-03
-2.212888479605207639e-03
-2.213071133265499812e-03
-2.214447030175253385e-03
-2.212503828566247943e-03
-2.212124711427668720e-03
-2.213263108863344590e-03
-2.210954526829841255e-03
-2.211684842373178375e-03
-2.212242642271106639e-03
-2.210442919345512007e-03
-2.209764609301999826e-03
-2.211331713623726058e-03
-2.209321550724335694e-03
-2.208320230625094270e-03
-2.209917810124037343e-03
-2.207698411896980191e-03
-2.205623544407938740e-03
-2.211124768030812635e-03
-2.209675966828808340e-03
-2.205711758348658565e-03
-2.208911498956521967e-03
-2.206917527609489164e-03
-7.919676758919958837e-04
-7.136090400343408913e-04
-7.968467074494705671e-04
-8.844812621355243373e-04
-8.483797920772117793e-04
-8.976157311763941068e-04
-9.475110584912829455e-04
-9.352881209237829709e-04
-9.803413475494566869e-04
-9.853387284179274206e-04
-1.020196603983554049e-03
-9.974157809322910326e-04
-9.955498594182183181e-04
-1.034784930389330429e-03
-1.024895142349296472e-03
-1.082722332119122072e-03
-1.121097611274263564e-03
-1.079427980791271757e-03
-1.172695812550534310e-03
-1.211905797617581675e-03
-1.170277873609471822e-03
-1.126665028418353393e-03
-1.214541050815338670e-03
-1.255475373948566160e-03
-1.292667578211263756e-03
-1.254818630244489619e-03
-1.369044593515747650e-03
-1.294579798615652904e-03
-1.405406344446384712e-03
-1.406531140508398680e-03
-1.440663785216901496e-03
-1.405785009055263374e-03
-1.451176276017060104e-03
-1.560988226270731451e-03
-1.560840345855055286e-03
-1.590077289535384237e-03
-1.499646807926857239e-03
-1.530656127802785312e-03
-1.497531166554649275e-03
-1.732384284015861184e-03
-1.689447135192661490e-03
-1.590757398385732758e-03
-1.616104174793860527e-03
-1.617930095270656010e-03
-1.645742470357416162e-03
-1.641934173773574148e-03
-1.751038017276252160e-03
-1.752018266613297997e-03
-1.775232911771424055e-03
-1.773257787628599366e-03
-1.814413745933912692e-03
-1.851443089731948360e-03
-1.865014314665927771e-03
-1.885152841370769244e-03
-1.867055513274294004e-03
-1.900447257676630888e-03
-1.919661850201555015e-03
-1.902753147200970029e-03
-1.934570744985763657e-03
-1.952068799723617135e-03
-1.936597514597200326e-03
-1.951067233650023713e-03
-1.931748029690445040e-03
-1.948288025957214519e-03
-1.949501141174201421e-03
-1.980823568245977662e-03
-2.011995216753153549e-03
-2.042786592535443882e-03
-2.073864273797922618e-03
-2.112556988891018360e-03
-2.101023102815866538e-03
-2.114382569671973810e-03
-2.125975468612967441e-03
-2.153945794533952511e-03
-1.635157559489662429e-03
-1.784841416148589665e-03
-1.781619959881497548e-03
-1.757210736400317179e-03
-1.727746590379719560e-03
-1.697700312512936656e-03
-1.728569320300620341e-03
-1.802449502828897682e-03
-1.853667365183445364e-03
-1.935185129217315090e-03
-1.907755558592119302e-03
-1.921244219200593560e-03
-1.993249337560745738e-03
-1.972055203916496871e-03
-1.990129576236773778e-03
-1.942938232855638374e-03
-2.010990693172755132e-03
-2.052796977528085348e-03
-2.118551611152351584e-03
-2.097932512308543079e-03
-2.106727396239561206e-03
-2.132825028400267900e-03
-2.121830882071212843e-03
-2.113978893415467339e-03
-2.144677324627705141e-03
-2.127877479163211086e-03
-2.134664364341446862e-03
-2.097991393999581664e-03
-2.158551521160243306e-03
-2.149125755646698853e-03
-2.184220124153239944e-03
-2.183730485383370695e-03
-2.173924001497548435e-03
-2.216245223970138810e-03
-2.208224171653366385e-03
-2.209567533329907969e-03
-2.192316257084226446e-03
-2.216307594399870295e-03
-2.217049929242095613e-03
-2.217678939969783269e-03
-2.215506558328271536e-03
-2.216648017616755159e-03
-2.217564268904177564e-03
-2.214526451825116031e-03
-2.213622964015916732e-03
-2.212587285912664438e-03
-2.211601644772533647e-03
-2.210495971026073606e-03
-2.214742693450581258e-03
-2.211302276809839866e-03
-2.213346169340071196e-03
-2.212357587224449487e-03
-2.219990209806402964e-03
-2.215159125100978586e-03
-2.209460061550774356e-03
-6.301451477852709239e-04
-7.068301463674123110e-04
-6.302426402817602703e-04
-8.315362417239761375e-04
-9.162587184030745319e-04
-9.638564124134900999e-04
-9.853933177534713109e-04
-9.886192126370876680e-04
-1.034389914258489586e-03
-9.892756680307437499e-04
-1.037536884129798814e-03
-1.086712539894597223e-03
-1.129308312766092630e-03
-1.126966237095744809e-03
-1.082972706531453323e-03
-1.171003286901513719e-03
-1.213748317078249678e-03
-1.171890604958873011e-03
-1.214344923281264173e-03
-1.332790643629772238e-03
-1.369511598288984449e-03
-1.332371285361866895e-03
-1.253492921463121232e-03
-1.293636223565047252e-03
-1.254501871659626953e-03
-1.370192630854778467e-03
-1.330907165727234333e-03
-1.368210646348111230e-03
-1.368417680042871218e-03
-1.439953752832734846e-03
-1.423135377729981043e-03
-1.468450119486991315e-03
-1.530767873092988684e-03
-1.470324194501742253e-03
-1.702953815852796668e-03
-1.728240952810209665e-03
-1.707170522305663605e-03
-1.654534108081571944e-03
-1.683194312806701384e-03
-1.660853632221702837e-03
-1.557989348447757052e-03
-1.559476849341855922e-03
-1.589248077025780855e-03
-1.587470473937713841e-03
-1.603251957197684378e-03
-1.635493490355013554e-03
-1.609746281248784685e-03
-1.727264634398091407e-03
-1.745781144185144145e-03
-1.770618078260952468e-03
-1.748419206689763800e-03
-1.788154172321703914e-03
-1.791603113610332415e-03
-1.810979520465503265e-03
-1.826069335189708714e-03
-1.847767613223513360e-03
-1.829808846368594609e-03
-1.845731098468626893e-03
-1.882895840104729154e-03
-1.917674774818253682e-03
-1.933021262511011237e-03
-1.928100814085829647e-03
-1.929789420864185846e-03
-1.946592185853062134e-03
-1.960387196595194184e-03
-1.978656998250593810e-03
-1.962672206044425820e-03
-1.996270165233397786e-03
-2.011821815173716731e-03
-1.996344243881047024e-03
-2.028901825400251241e-03
-2.043607642136504796e-03
-2.028068524727046160e-03
-2.061434672531655809e-03
-2.075443288675659931e-03
-2.059770181785995375e-03
-2.095050885533368632e-03
-2.103888149410684718e-03
-2.092214242912175844e-03
-2.129821766309794757e-03
-2.135137258768843652e-03
-2.121271375062806861e-03
-2.166209856311867871e-03
-2.166693522811924313e-03
-2.151001184604013974e-03
-1.665213540580045594e-03
-1.633763522240246156e-03
-1.666388726593099907e-03
-1.806165380540970897e-03
-1.756262804399027176e-03
-1.696397799936444004e-03
-1.846737377984420878e-03
-1.836775088645421425e-03
-1.863607071661012825e-03
-1.907654562576789354e-03
-1.893940815272391037e-03
-1.921385100847903225e-03
-1.964240176235512204e-03
-2.053196393406115164e-03
-2.023279101778129550e-03
-2.041067803256824045e-03
-2.064976938727601345e-03
-2.125647574706994274e-03
-2.138769697934771175e-03
-2.122501361482952674e-03
-2.120464159938415666e-03
-2.099650634530523391e-03
-2.176462036127110953e-03
-2.170023154806212211e-03
-2.164906563819733384e-03
-2.170160775824080297e-03
-2.161793439455166228e-03
-2.157400732812112931e-03
-2.180315464363879324e-03
-2.214502879708420829e-03
-2.207405284365176329e-03
-2.215267275832266680e-03
-2.197067041564977185e-03
-2.190724791905010113e-03
-2.198616107293947190e-03
-2.228628758437557842e-03
-2.222322092993549159e-03
-2.222605259425186521e-03
-2.226886103856818080e-03
-2.221771856750482180e-03
-2.222204383072757736e-03
-2.224971369792959341e-03
-2.221271479443804459e-03
-2.221451412324930864e-03
-2.219064980246949342e-03
-2.217590448208271031e-03
-2.217007747429874942e-03
-2.221202693164387246e-03
-2.218628392650059435e-03
-2.219255761019829458e-03
-2.223465321727288897e-03
-2.220706332104973538e-03
-2.220357444181631640e-03
-2.217392380392758846e-03
-2.215689543808545790e-03
-2.216177791563481159e-03
-2.215845584019896387e-03
-2.215182321004046696e-03
-2.214669341632499906e-03
-2.214716229796322416e-03
-2.214007356514614746e-03
-2.213449460197698671e-03
-2.215006514669184707e-03
-2.213515013268930326e-03
-2.213015109095307041e-03
-2.215167705162015676e-03
-2.213193069999444627e-03
-2.212469150173893614e-03
-2.221309405508075339e-03
-2.217987854164805549e-03
-2.216562081952834756e-03
-2.214882174829943540e-03
-2.220790005086534756e-03
-7.906279252992807908e-04
-7.816691000792060171e-04
-7.166132415958087389e-04
-8.310566297465174588e-04
-8.168278156536154001e-04
-8.589572194472452427e-04
-9.011075375932953505e-04
-9.256641188132228026e-04
-8.929281751432235729e-04
-9.431334837173052221e-04
-9.033722860694187468e-04
-9.453796500436676461e-04
-9.406833415213091635e-04
-8.889763067176643767e-04
-9.388050767351891878e-04
-9.378838402808388659e-04
-9.851987831398867704e-04
-9.869305291143430636e-04
-1.035957641899604327e-03
-1.079992644362598756e-03
-1.127842074502858954e-03
-1.081599965385541835e-03
-1.035894611701247692e-03
-1.126857932570569367e-03
-1.167345543152874645e-03
-1.212554113316097627e-03
-1.169195821883453916e-03
-1.294037382714370880e-03
-1.211470053996662475e-03
-1.331016162813442602e-03
-1.317396147283537338e-03
-1.323016466719434577e-03
-1.361684991863600092e-03
-1.358487578779603473e-03
-1.399900459793965851e-03
-1.383014867731943275e-03
-1.496717304403937226e-03
-1.498196273060733563e-03
-1.529344211748555728e-03
-1.430705807641450894e-03
-1.465696193861793645e-03
-1.435403387239012150e-03
-1.679032851961592210e-03
-1.629221815433226726e-03
-1.527817138135913189e-03
-1.546895135244932178e-03
-1.552505851552409347e-03
-1.581899147664915344e-03
-1.575475900953196172e-03
-1.699373933641246028e-03
-1.701170558004863349e-03
-1.725478346185717370e-03
-1.722849686084067418e-03
-1.767195962708569597e-03
-1.807295107168678224e-03
-1.822037586413333349e-03
-1.843708293728787712e-03
-1.824058281655283444e-03
-1.860069281272258741e-03
-1.880417499143601347e-03
-1.862556773849260300e-03
-1.896250496136376272e-03
-1.898367997901383684e-03
-1.915563363939307194e-03
-1.914005870009138823e-03
-1.892901307521732039e-03
-1.912167206624636445e-03
-1.910483180797485636e-03
-1.944391833194017427e-03
-1.978550927674053387e-03
-2.012653202779446544e-03
-2.045181682134291409e-03
-2.078219269730664093e-03
-2.112435677999192993e-03
-2.147792902011172282e-03
-1.815786249166823465e-03
-1.801191595703403219e-03
-1.764566630595652483e-03
-1.793073698990543027e-03
-1.727305125670477656e-03
-1.696176980571159620e-03
-1.727393984550728949e-03
-1.877245988334015799e-03
-1.970433393780943350e-03
-1.939030438130076497e-03
-1.952828531497282586e-03
-1.981860422940116308e-03
-2.029203800640975650e-03
-2.011172359204500652e-03
-2.041173388727078597e-03
-2.103724686458628614e-03
-2.078445382445348773e-03
-2.090196490295692829e-03
-2.150941180729517253e-03
-2.141929326651963172e-03
-2.134885797916645078e-03
-2.162589191325101079e-03
-2.153694598152722933e-03
-2.147820702073433181e-03
-2.160463110179583826e-03
-2.141539424149717982e-03
-2.139437373701470052e-03
-2.113045871991841608e-03
-2.173301012244843906e-03
-2.166417122763048767e-03
-2.186778472123895867e-03
-2.229863506255914257e-03
-2.222203836175348432e-03
-2.222913515349999626e-03
-2.205885196723454244e-03
-2.228989015944741851e-03
-2.227492619106245623e-03
-2.225661304708707357e-03
-2.223964539752809437e-03
-2.217864832045624186e-03
-2.219834929175999554e-03
-2.222064066665876969e-03
-2.216415575436114782e-03
-2.215376900274852734e-03
-2.214721377173599869e-03
-2.214867079770080870e-03
-2.219321707025814425e-03
-2.217192472774750546e-03
-2.220286760387784990e-03
-2.217283614499844686e-03
-2.232104269410166431e-03
-2.225738383386673645e-03
-2.225385585113658343e-03
-6.991197151097290272e-04
-7.330088228414101880e-04
-6.377239771651092241e-04
-8.076127499768682386e-04
-8.331997833572611818e-04
-8.621474697668917928e-04
-8.333548030298790470e-04
-8.703345306538719239e-04
-8.985048251700083338e-04
-8.886425323619788616e-04
-8.692484265090433433e-04
-8.755663628585286370e-04
-9.317214347057024707e-04
-9.294928855878086763e-04
-9.833376408501382903e-04
-1.033034158040911686e-03
-1.031263285046323712e-03
-9.822163963019679700e-04
-1.072628990156908671e-03
-1.123215443343150710e-03
-1.076379847744134794e-03
-1.121225988667507020e-03
-1.249011829450642676e-03
-1.291814294901928251e-03
-1.251271653441623707e-03
-1.162406152702550851e-03
-1.164871486854359177e-03
-1.209015106677026503e-03
-1.289953390992020594e-03
-1.243680101541158991e-03
-1.280108024968371842e-03
-1.286371182106851429e-03
-1.337987650213790913e-03
-1.395201692272754739e-03
-1.464233014363250287e-03
-1.647894659264716828e-03
-1.675728088564794197e-03
-1.651225096513134379e-03
-1.594371240398176435e-03
-1.624790025983250796e-03
-1.598841872902960568e-03
-1.489101817036621572e-03
-1.523979973487166488e-03
-1.492940232743333612e-03
-1.518424805544149169e-03
-1.537143154161687685e-03
-1.570582972732006977e-03
-1.542044391175839777e-03
-1.673946423127148711e-03
-1.693472601788096037e-03
-1.696429437520650301e-03
-1.719889742238026736e-03
-1.740031891810385478e-03
-1.742923202601915885e-03
-1.764327429365420384e-03
-1.782800988837392794e-03
-1.804631556460790541e-03
-1.785484993288479622e-03
-1.841240780870748335e-03
-1.802612655752532447e-03
-1.878333918615384974e-03
-1.894424995992137744e-03
-1.890252115278635630e-03
-1.891413567562773030e-03
-1.909309213747999645e-03
-1.926236377248628394e-03
-1.943435291781349817e-03
-1.927171289953703501e-03
-1.964132747109061626e-03
-1.980433057663440622e-03
-1.962228977667374898e-03
-2.003935953617921699e-03
-2.000021876708725846e-03
-2.016443094720907041e-03
-2.030988993315099508e-03
-2.046191844107891379e-03
-2.029954693192028130e-03
-2.062488644528871588e-03
-2.078908474886146870e-03
-2.061920834609142720e-03
-2.119791184877834606e-03
-2.125027743217652171e-03
-2.107001140596950154e-03
-2.153528964642676107e-03
-2.158989888512566520e-03
-2.141409828149655990e-03
-1.824020799968896663e-03
-1.764317212153926643e-03
-1.876314966349437556e-03
-1.861557370761236178e-03
-1.891941972375150299e-03
-1.941988910558609810e-03
-1.924897243534856844e-03
-1.956267294987409748e-03
-1.999825426101117277e-03
-2.083771939912749515e-03
-2.056483232916518980e-03
-2.068471115496277584e-03
-2.093709276438445940e-03
-2.156920007414561257e-03
-2.155785656736361380e-03
-2.149233369556830843e-03
-2.135982271742615200e-03
-2.154806759894293752e-03
-2.126482934184180818e-03
-2.195139447474194882e-03
-2.182611661088540780e-03
-2.185663874400349885e-03
-2.187817090781222704e-03
-2.178958351681832464e-03
-2.175188841871050945e-03
-2.195996429145587962e-03
-2.229898875096434675e-03
-2.229775409532955971e-03
-2.222295429829213020e-03
-2.212576330239620758e-03
-2.213580455026081632e-03
-2.204819401019675155e-03
-2.241119107150012571e-03
-2.235381250910723015e-03
-2.234715512626864534e-03
-2.237268032126549407e-03
-2.232835529981444002e-03
-2.231912844044787580e-03
-2.233095035423940736e-03
-2.229887297669446225e-03
-2.228884612666911982e-03
-2.229538490569440198e-03
-2.227159078939324952e-03
-2.226360006243910047e-03
-2.219607361927751835e-03
-2.218324209082870625e-03
-2.219203714204389527e-03
-2.222537103897744698e-03
-2.221759476715629879e-03
-2.220647422753561397e-03
-2.225923256422688082e-03
-2.223426571006684345e-03
-2.224597931710313968e-03
-2.217451284077471239e-03
-2.217262426847135554e-03
-2.216700356306016209e-03
-2.216091881853395756e-03
-2.216003390057352546e-03
-2.215583762055709904e-03
-2.215526542264452305e-03
-2.217556548856931993e-03
-2.216160436445927581e-03
-2.216199747185922803e-03
-2.228079135692496299e-03
-2.223041063080758752e-03
-2.224451046816699508e-03
-2.218290610870696407e-03
-2.229462637789897915e-03
-7.496651398309953605e-04
-7.537831158780072252e-04
-7.776602361863981351e-04
-7.833511440748933477e-04
-8.068738697008543542e-04
-7.881254534979522785e-04
-8.110821254918025754e-04
-7.877436561607019817e-04
-8.490422370877827220e-04
-8.117126632905393791e-04
-8.452142459045708508e-04
-7.709732593218728870e-04
-8.338898983805774880e-04
-8.263378639685676000e-04
-7.420110835040249781e-04
-8.054531929656703806e-04
-8.125136077305472604e-04
-8.656200208498573186e-04
-8.673899964423909328e-04
-9.277070367173588083e-04
-9.696169462629295258e-04
-9.744340739265950312e-04
-1.026401361829324017e-03
-9.244201220639207276e-04
-1.022547644792591451e-03
-1.067466502420634381e-03
-1.070038179769539468e-03
-1.118674789721727306e-03
-1.206709779940513252e-03
-1.116110118157091118e-03
-1.245417232897577057e-03
-1.235178236947114244e-03
-1.277186650034268633e-03
-1.238272839958563971e-03
-1.297742925392646142e-03
-1.353821769984450609e-03
-1.392855035458374436e-03
-1.356102799683995544e-03
-1.424717667247737572e-03
-1.427719485060206447e-03
-1.461243687683958046e-03
-1.621476610715139217e-03
-1.566144373404628615e-03
-1.457399227220038639e-03
-1.479519737733549049e-03
-1.484336408389432460e-03
-1.513614811791819028e-03
-1.508765441545382308e-03
-1.642868019564999813e-03
-1.645389616649930694e-03
-1.671440875133983674e-03
-1.668483354908451705e-03
-1.717024582355258355e-03
-1.761640997672803393e-03
-1.817100618728262947e-03
-1.838762654378756339e-03
-1.819570760306745685e-03
-1.778883658892237412e-03
-1.780817656343060707e-03
-1.800635534409528431e-03
-1.855372556579224213e-03
-1.875978821256150259e-03
-1.857733256217281199e-03
-1.874137880301431688e-03
-1.908366322722813199e-03
-1.852658944728846884e-03
-1.872598627111941643e-03
-1.871423796574857388e-03
-1.945264189917814048e-03
-1.983990459432431915e-03
-2.017428676882010441e-03
-2.046635676196585044e-03
-2.087551942671993406e-03
-2.074891667789441948e-03
-2.091533536661047653e-03
-2.103881813149475425e-03
-2.136455496433340828e-03
-1.838891709359611465e-03
-1.789076918187517242e-03
-1.758058253886740033e-03
-1.795026546609892895e-03
-1.909198428527883289e-03
-2.004355186858614718e-03
-1.973151983270607542e-03
-1.987347593651419241e-03
-2.016729302740593970e-03
-2.062276940371268741e-03
-2.045744583634856104e-03
-2.073006046442633227e-03
-2.133625282113020116e-03
-2.108675399858784064e-03
-2.118648940712492598e-03
-2.177930989899933088e-03
-2.170278213694947465e-03
-2.164388253284226220e-03
-2.169244618792647190e-03
-2.189228429169781838e-03
-2.169256126134765442e-03
-2.174769279682726639e-03
-2.141405442237584965e-03
-2.191413050810983587e-03
-2.182878183237291735e-03
-2.203854803589238437e-03
-2.244299539565639511e-03
-2.237103651389486889e-03
-2.236923343541123103e-03
-2.221377748372207594e-03
-2.242441426723067004e-03
-2.238919648071265728e-03
-2.234908597487829472e-03
-2.231067020760920533e-03
-2.227486908586089921e-03
-2.218196654328109460e-03
-2.220786582426588062e-03
-2.223980046838285388e-03
-2.216147395906200961e-03
-2.216262922688189401e-03
-2.216625340234187024e-03
-2.216312847487418580e-03
-2.216671105652906048e-03
-2.220493329556265556e-03
-2.220046062026014358e-03
-2.223698749120556900e-03
-2.219091328320190338e-03
-2.246805390012019364e-03
-2.235275132584648664e-03
-2.237636236484126864e-03
-1.039375407679796540e-03
-8.109578102295592885e-04
-7.277197848103400231e-04
-7.710206521466672624e-04
-7.033536602804393596e-04
-7.438848457367116694e-04
-7.732145286134352920e-04
-7.491675491084351726e-04
-7.758228155330020373e-04
-7.498745947426969146e-04
-7.299833172071778630e-04
-7.329231410406119316e-04
-8.024207172214259994e-04
-8.002584751122550745e-04
-8.597561888072371376e-04
-9.194270781862041520e-04
-9.142091712993921258e-04
-8.605076820271922566e-04
-9.628963221675543305e-04
-1.019226510677085501e-03
-9.662289882235290152e-04
-1.016539142013211851e-03
-1.154610374362319931e-03
-1.202815353848179364e-03
-1.158523979509025817e-03
-1.058456097525673021e-03
-1.062966734117867665e-03
-1.111605381515618244e-03
-1.199130892035174317e-03
-1.146815099213575970e-03
-1.190793617520754469e-03
-1.194254664397083852e-03
-1.287831276795479247e-03
-1.261846953650815496e-03
-1.323844897633624784e-03
-1.389816367010130935e-03
-1.321358906946511940e-03
-1.587879449720765342e-03
-1.618238847441452874e-03
-1.591132049663959453e-03
-1.529987034195256883e-03
-1.562559948604678138e-03
-1.533571425116834162e-03
-1.418179980684403573e-03
-1.421459063954472277e-03
-1.454114145458878940e-03
-1.449287790400151203e-03
-1.466625883532950841e-03
-1.502318086240704131e-03
-1.473099280696459849e-03
-1.615727355533724818e-03
-1.637268380093113984e-03
-1.665692457441526365e-03
-1.640069587513604899e-03
-1.688639719065962615e-03
-1.714612634162425604e-03
-1.691048042003452049e-03
-1.736082527690138233e-03
-1.759698541295229854e-03
-1.738061657150437745e-03
-1.836423572434355564e-03
-1.798192484327222965e-03
-1.757726105816893696e-03
-1.853835203241718235e-03
-1.887899976946043334e-03
-1.889081541014241573e-03
-1.907182937351007681e-03
-1.849490980473417374e-03
-1.850896329997360479e-03
-1.870014999686144767e-03
-1.925599478255091406e-03
-1.944905705463786157e-03
-1.925911750802040967e-03
-1.998662210087809137e-03
-2.001331798112537721e-03
-1.981310865382676992e-03
-2.014758560618527903e-03
-2.032913208219029166e-03
-2.047593258083588684e-03
-2.031935466511871572e-03
-2.064788826660717436e-03
-2.076056920017588757e-03
-2.063642059148301788e-03
-2.099944303539814233e-03
-2.110401131078725595e-03
-2.093866948849042956e-03
-2.145453691268363588e-03
-2.149767107556933756e-03
-2.132008703485809877e-03
-1.857455543142966844e-03
-1.866927063299258409e-03
-1.829301523678124710e-03
-1.823250954247923302e-03
-1.913520218589680362e-03
-1.927805375706201710e-03
-1.894945818340484445e-03
-1.974978378421906287e-03
-1.989751153115242813e-03
-1.958575052789969604e-03
-2.033324367724265516e-03
-2.115969580176510229e-03
-2.089120964420084457e-03
-2.099859628406724153e-03
-2.124759355247398708e-03
-2.197327014204475924e-03
-2.178838063319175206e-03
-2.187545491652210204e-03
-2.178342925795090541e-03
-2.163834924858333911e-03
-2.183751044386015965e-03
-2.193136223553751075e-03
-2.155990164532362117e-03
-2.206986721823542968e-03
-2.197290806096036456e-03
-2.201013602001021443e-03
-2.202719573258239173e-03
-2.190220235797137125e-03
-2.195206156626487715e-03
-2.209729841987892289e-03
-2.246226569335712294e-03
-2.238187513807137451e-03
-2.245129728095090951e-03
-2.228632521067066153e-03
-2.220706227034404106e-03
-2.229289158428540869e-03
-2.254435457473920670e-03
-2.249250446730880967e-03
-2.247599954764945788e-03
-2.248134123470826168e-03
-2.242532108373572475e-03
-2.244521587213427379e-03
-2.242063382440103760e-03
-2.237410337167618918e-03
-2.239559354543641315e-03
-2.236168896688242504e-03
-2.234539466859750308e-03
-2.232709514659015747e-03
-2.231021893691270859e-03
-2.230197604652570369e-03
-2.228334036348590154e-03
-2.218189948527040951e-03
-2.217652630135949141e-03
-2.218781465170170143e-03
-2.221852239939403270e-03
-2.222088061244140069e-03
-2.220583792877424238e-03
-2.226197053932062880e-03
-2.225970697287481953e-03
-2.224232569127988259e-03
-2.215881643642021899e-03
-2.216523887631965950e-03
-2.215988354080990555e-03
-2.217617895427920899e-03
-2.216634260962898305e-03
-2.216859745660816790e-03
-2.217310835372965794e-03
-2.224024212367320136e-03
-2.226226656691679753e-03
-2.222627979863421761e-03
-2.218824520891526410e-03
-2.234489079848391881e-03
-2.230854201084751277e-03
-2.240473788701218688e-03
-6.558420923488499348e-04
-8.249395058703090861e-04
-7.117654482418180658e-04
-5.842228815367813072e-04
-6.949505354162766957e-04
-6.665604371074330004e-04
-6.519866515417363766e-04
-6.518715948575607181e-04
-7.236088318224900536e-04
-6.772327800085731903e-04
-7.118504374050696124e-04
-6.136054027993922879e-04
-6.882772640168337286e-04
-6.739908400862870642e-04
-5.844247600517209424e-04
-6.602822465413588256e-04
-6.570434042495030711e-04
-7.221554252449436826e-04
-7.962713348312484276e-04
-7.260215932228020240e-04
-8.454618836866176299e-04
-9.092429563039048724e-04
-8.503782993054176311e-04
-7.908692278846386021e-04
-9.057346494623280458e-04
-9.528911862227130124e-04
-1.011536014496757039e-03
-9.579017207886147099e-04
-1.107622727757761553e-03
-1.006918510045937219e-03
-1.149705379772337274e-03
-1.131036311351360469e-03
-1.183845172667274352e-03
-1.137950009264490853e-03
-1.205217238297003621e-03
-1.220293731296242428e-03
-1.247025660721995692e-03
-1.348293473166634754e-03
-1.351047467468605243e-03
-1.387071809705530409e-03
-1.277017268837595063e-03
-1.315978862271543863e-03
-1.282479573737943437e-03
-1.559317850538489200e-03
-1.498737893488877055e-03
-1.383676679911035375e-03
-1.409152839217393165e-03
-1.444765541872888338e-03
-1.413704661537205009e-03
-1.438294267150089711e-03
-1.581824028490981830e-03
-1.584847571470073208e-03
-1.612705724466518761e-03
-1.609896327959257824e-03
-1.663259469242743451e-03
-1.712620229919273708e-03
-1.811761621607569728e-03
-1.833755804798604342e-03
-1.814436470998277706e-03
-1.770935979477188333e-03
-1.794214952210483778e-03
-1.774912071181110936e-03
-1.728306059240980160e-03
-1.732216567377269697e-03
-1.753832317005005236e-03
-1.832201372919841156e-03
-1.868828299082413895e-03
-1.906845653092651034e-03
-1.810372280062447822e-03
-1.831290734943862453e-03
-1.829873117244160434e-03
-1.962437697163506214e-03
-1.944020983263189048e-03
-1.963296422751893179e-03
-1.980499260150731834e-03
-2.015672602040115714e-03
-2.048724433887052186e-03
-2.082307608589344973e-03
-2.122065489413439698e-03
-1.885543968347385725e-03
-1.850154911841408057e-03
-1.819513562033723848e-03
-1.853730816616614221e-03
-1.944490488243416724e-03
-2.041629873126721631e-03
-2.022969803308716751e-03
-2.008473968104115739e-03
-2.051913749928409997e-03
-2.096571494681640467e-03
-2.106295913414065954e-03
-2.079483873303682000e-03
-2.165119767814616646e-03
-2.140527993226867647e-03
-2.149354880168957704e-03
-2.199840214524121339e-03
-2.218437328096318530e-03
-2.198334677983773428e-03
-2.203701896143536298e-03
-2.222759328268735911e-03
-2.205915434388808910e-03
-2.209921150720735913e-03
-2.171718723861377955e-03
-2.204673508707308792e-03
-2.217830513946290535e-03
-2.259637854284206847e-03
-2.252945309144431529e-03
-2.251798029738377293e-03
-2.237573463330369376e-03
-2.256748370902727195e-03
-2.251001038236841514e-03
-2.244821538444549940e-03
-2.238852608965930142e-03
-2.233363655724926108e-03
-2.228379229627915591e-03
-2.219759283564257980e-03
-2.216722324121049408e-03
-2.223786214839942443e-03
-2.215339010278886446e-03
-2.215398879313434499e-03
-2.215983869806484145e-03
-2.216404271828691444e-03
-2.218682556508311254e-03
-2.219685852055145944e-03
-2.221127693168904044e-03
-2.229039139896290666e-03
-2.217982759505493506e-03
-2.256736923484636489e-03
-2.243592231748271597e-03
-2.249724108881644841e-03
0.000000000000000000e+00
-3.429907626801122558e-04
-1.113674388645172729e-03
-3.759195554206309323e-04
-6.017656393692674731e-04
-5.282815271744913631e-04
-4.978089420835710675e-04
-5.001461481440156419e-04
-6.093663580260611293e-04
-5.421570384343595700e-04
-5.823182933903215492e-04
-6.291248654798740772e-04
-5.922404171648685753e-04
-5.702615330966731089e-04
-6.526676253190508842e-04
-5.745703856733269839e-04
-6.484836574546375436e-04
-7.167165163995228069e-04
-7.808823777986442522e-04
-7.862540893914570297e-04
-7.173760201402795645e-04
-8.365441532699065784e-04
-9.012583716174588609e-04
-8.409775901558338377e-04
-8.961419902495350786e-04
-1.049086295908993344e-03
-1.102930085545305878e-03
-1.053773179260179870e-03
-9.429321286073218990e-04
-1.001928529692862292e-03
-9.479053456043192230e-04
-1.097930370071647805e-03
-1.039916234221129141e-03
-1.085282961695291457e-03
-1.092319962109370921e-03
-1.168750878601285560e-03
-1.241611389826829557e-03
-1.313081952493289767e-03
-1.522845900103073557e-03
-1.555759168264423970e-03
-1.526413687231006813e-03
-1.460102473069866931e-03
-1.495485527305173224e-03
-1.463352058816145976e-03
-1.349536432201989397e-03
-1.348788201058821572e-03
-1.384208789926656908e-03
-1.379598724541767837e-03
-1.397194399160564234e-03
-1.432347324447460482e-03
-1.403198275604209191e-03
-1.552714792786925261e-03
-1.575466909384480238e-03
-1.578642108254312525e-03
-1.606732151773724703e-03
-1.631585722357930699e-03
-1.660432028369055900e-03
-1.634437306005245101e-03
-1.683233643083300495e-03
-1.709900442188636710e-03
-1.685922208302062736e-03
-1.791552699712501123e-03
-1.749864437972629581e-03
-1.705982078668215156e-03
-1.810834054872896689e-03
-1.847210294813574332e-03
-1.867681353028749188e-03
-1.848348341154804151e-03
-1.885776597256748864e-03
-1.886838889709208491e-03
-1.905766048291439784e-03
-1.807152009038233507e-03
-1.828479940180849448e-03
-1.808528827119149866e-03
-1.924073980204611158e-03
-1.943251908834204081e-03
-1.924836493619476755e-03
-1.998259723078782239e-03
-1.998468130840816252e-03
-1.980276781370269700e-03
-2.015472668496832032e-03
-2.033795528643169738e-03
-2.049255057393035030e-03
-2.033372004273895344e-03
-2.065243108969701345e-03
-2.064998575452764613e-03
-2.082683181764513267e-03
-2.133762472044537558e-03
-2.139553715284328063e-03
-2.115977114111943207e-03
-1.915923420235406734e-03
-1.886727707704355557e-03
-1.914739147579478523e-03
-1.883068467840440978e-03
-1.945612051053615104e-03
-2.032762570681707209e-03
-2.003973098371894003e-03
-2.037215366609581874e-03
-2.069104640484632773e-03
-2.148224997263466478e-03
-2.132103214743163999e-03
-2.122389128730908445e-03
-2.156663282318180622e-03
-2.225391329654507859e-03
-2.211239314493155302e-03
-2.213907646937628669e-03
-2.209093558401083266e-03
-2.193729897131296500e-03
-2.213661446219639378e-03
-2.220393134961150955e-03
-2.223825541915844251e-03
-2.187108433210469341e-03
-2.226123842636578559e-03
-2.214324390615790734e-03
-2.216444275036179735e-03
-2.227278264724752172e-03
-2.263921412857598705e-03
-2.261643372968978431e-03
-2.255230335073360980e-03
-2.247198030389082474e-03
-2.238068204964313926e-03
-2.246733866062833752e-03
-2.268298303972291537e-03
-2.263827624037203362e-03
-2.261169416587402101e-03
-2.259722162021306560e-03
-2.256955407897089094e-03
-2.253749932039711672e-03
-2.251026439501160881e-03
-2.246393451346768294e-03
-2.249475552134281350e-03
-2.243452617267114972e-03
-2.239682467953757992e-03
-2.242679982750427937e-03
-2.236283837298480917e-03
-2.236147703154571856e-03
-2.233527289780634292e-03
-2.230094562597323068e-03
-2.230491380361380224e-03
-2.228033638868538724e-03
-2.219252601551419471e-03
-2.218586144765694046e-03
-2.220466990793338799e-03
-2.215268639932574217e-03
-2.215405737058260063e-03
-2.216625468499629128e-03
-2.224440372390634225e-03
-2.225241668239293959e-03
-2.223027557493679508e-03
-2.213303242129931354e-03
-2.214436119346161608e-03
-2.214306233024167757e-03
-2.216746688841254344e-03
-2.221976430377295940e-03
-2.219928880706818156e-03
-2.222968949397634807e-03
-2.227773282573974369e-03
-2.235079908346595916e-03
-2.245572994151855389e-03
-2.234348239731725940e-03
0.000000000000000000e+00
-2.864823234322534315e-04
0.000000000000000000e+00
-1.826120261180209329e-04
-2.871001951316131100e-04
-4.462494852838777147e-04
-3.322433717555097008e-04
-4.010355252279778075e-04
-4.445667566877776751e-04
-5.530371741674141445e-04
-4.724992882592593752e-04
-5.291971467879139860e-04
-4.211147101541719523e-04
-5.147104217225549182e-04
-5.001958879513719808e-04
-4.018537803061948514e-04
-4.862943681992358200e-04
-4.909958212824252436e-04
-5.614198629763846472e-04
-6.439662296718867002e-04
-5.657792847092462827e-04
-7.036213308774100835e-04
-7.762901269203741766e-04
-7.080838529541690768e-04
-6.389677663220980595e-04
-7.716762011255866738e-04
-8.258118249822659577e-04
-8.907422467546402978e-04
-8.311549662760333267e-04
-9.971545495574788299e-04
-8.856629440834569780e-04
-1.043435321780595768e-03
-1.027327428907185997e-03
-1.080017849404415900e-03
-1.032539069771614120e-03
-1.118488126221777769e-03
-1.162486125981438941e-03
-1.124745129572687343e-03
-1.200013493831965979e-03
-1.239050073744141006e-03
-1.202552038272501666e-03
-1.277726303010381405e-03
-1.277320744925025068e-03
-1.313502419368646175e-03
-1.491886061793408491e-03
-1.429081241585273502e-03
-1.313916995797309454e-03
-1.353939563605460663e-03
-1.381743449270098067e-03
-1.351609020803178551e-03
-1.375821760736138741e-03
-1.516155562048061671e-03
-1.519493602963660570e-03
-1.549382254271255933e-03
-1.546181982877830761e-03
-1.603901160060984456e-03
-1.657682576123154991e-03
-1.765991083664406091e-03
-1.768467650304318337e-03
-1.789095518039167431e-03
-1.718960398055870880e-03
-1.745183811233035152e-03
-1.723640745757840705e-03
-1.681581416698790191e-03
-1.682320150973295016e-03
-1.705096224630805405e-03
-1.788172988662570413e-03
-1.866609062484824366e-03
-1.827330666053066707e-03
-1.904983520554516009e-03
-1.763935405365759518e-03
-1.786901606833490603e-03
-1.785474667779567322e-03
-1.960720781981267063e-03
-1.942377002589332951e-03
-1.961588250563744886e-03
-1.979410640361046764e-03
-2.015886634820417307e-03
-2.049590772877835955e-03
-2.087310886906554048e-03
-2.094019617761433069e-03
-2.076185661273820347e-03
-2.109885018966706823e-03
-1.910946878658626932e-03
-1.880438292069219839e-03
-1.913363301079336332e-03
-1.974769559278783792e-03
-1.974910537190153331e-03
-1.945358097578574023e-03
-2.003920722962914541e-03
-2.080544302452671558e-03
-2.061196315619718243e-03
-2.056785829325766257e-03
-2.088678991257327151e-03
-2.128536856442407327e-03
-2.138440400326900668e-03
-2.112480648255358161e-03
-2.196682434891007903e-03
-2.172432881260617614e-03
-2.180899081574426499e-03
-2.225503689541404647e-03
-2.248235276878962803e-03
-2.228631025590685835e-03
-2.233241825491218309e-03
-2.252877647980247068e-03
-2.235547693102296098e-03
-2.237631392381268011e-03
-2.250576373002131144e-03
-2.236573864279523330e-03
-2.237803319299809263e-03
-2.202890447861482158e-03
-2.236706470035669005e-03
-2.275892206256936723e-03
-2.267567251863831720e-03
-2.269913519147871532e-03
-2.255733366687369922e-03
-2.263689731692047381e-03
-2.271757014159696535e-03
-2.255083140919247799e-03
-2.247002581898916752e-03
-2.239651361532058252e-03
-2.232993990236612717e-03
-2.227079150636254203e-03
-2.217024697555135780e-03
-2.221645072195322593e-03
-2.213962608937467165e-03
-2.214688644113550504e-03
-2.213476176174082079e-03
-2.214980067942589996e-03
-2.216226102407229358e-03
-2.217397383462308639e-03
-2.227617078879158725e-03
-2.256823735278872325e-03
-2.244676419765848085e-03
-2.255798248626771346e-03
0.000000000000000000e+00
-1.778953317497744243e-04
0.000000000000000000e+00
-1.415239110694214097e-04
-2.540906797341902683e-04
-3.819348839761521576e-04
-2.709874396281676230e-04
-3.533174534301211059e-04
-4.302990504538017620e-04
-4.067643684138722688e-04
-3.937668590798217494e-04
-4.841533966297007332e-04
-3.957419902500960789e-04
-4.795186695378475940e-04
-5.593355776882577958e-04
-6.312876196564021604e-04
-6.362388034490783347e-04
-5.584971777208105372e-04
-6.956664556156350130e-04
-7.676469341117023518e-04
-6.995690870990555442e-04
-7.621563382168834808e-04
-9.324527029100838265e-04
-9.918884727572387528e-04
-9.376774658569158021e-04
-8.151694946342479767e-04
-8.803214693889167223e-04
-8.204668057794530910e-04
-9.861443610107640308e-04
-1.073670415603122322e-03
-9.242306733633057127e-04
-9.810026602041291288e-04
-9.755961385265541751e-04
-1.159836220305101879e-03
-1.239340338536962802e-03
-1.453195846546945398e-03
-1.456638189335639731e-03
-1.488450189648954630e-03
-1.385875871728660131e-03
-1.391572376321403934e-03
-1.423471271846309723e-03
-1.282180783500423346e-03
-1.316224845252603323e-03
-1.279858338465850219e-03
-1.318186554118932433e-03
-1.327077592957046168e-03
-1.362474070064366221e-03
-1.340607086750377017e-03
-1.485076007970890762e-03
-1.509862199147246490e-03
-1.543053565054364369e-03
-1.512995209135352317e-03
-1.569341139554676547e-03
-1.572377348117690293e-03
-1.600828476670080247e-03
-1.628762618263611926e-03
-1.630136539065602181e-03
-1.656303519422415048e-03
-1.742726907135898513e-03
-1.700459247984811156e-03
-1.655237728939670718e-03
-1.764701769151500550e-03
-1.843773315680593368e-03
-1.864884218057367331e-03
-1.845497630821642081e-03
-1.802938331595328693e-03
-1.825220043539998224e-03
-1.805052621185843347e-03
-1.883502627311636887e-03
-1.884640720795811636e-03
-1.903839776602298797e-03
-1.760858891396904985e-03
-1.784184946294410309e-03
-1.762133006875642345e-03
-1.921965240787823145e-03
-1.941325658242962129e-03
-1.923024187780607427e-03
-1.997411347553581119e-03
-1.997865204078570159e-03
-1.978961545217022139e-03
-2.015449477913395376e-03
-2.040904770184233732e-03
-2.052876763048067359e-03
-2.037085442248687435e-03
-2.063838010467072652e-03
-2.118107337755472178e-03
-2.125999619973235888e-03
-2.103192152613470294e-03
-1.942874385679368033e-03
-2.034287590455410334e-03
-2.004531927545801819e-03
-2.033564709812961738e-03
-2.097753971717250879e-03
-2.065396707968963127e-03
-2.089284778194064156e-03
-2.104537721624951275e-03
-2.179515913584224689e-03
-2.154037077596868740e-03
-2.163902740187684682e-03
-2.188110594119451607e-03
-2.248897111380990070e-03
-2.237357491350976980e-03
-2.237044964838842166e-03
-2.250360276763603215e-03
-2.241311382801235760e-03
-2.244692254233020875e-03
-2.225222918546122201e-03
-2.251443755598423781e-03
-2.249440511834780408e-03
-2.218999528303270199e-03
-2.247923469464628825e-03
-2.282365954190686275e-03
-2.278984195709665012e-03
-2.273301535850543766e-03
-2.267295319223952728e-03
-2.265665350422058164e-03
-2.257416548913923366e-03
-2.272356996841730804e-03
-2.270168417623600991e-03
-2.265819128052822332e-03
-2.283020400431419114e-03
-2.279276183468900013e-03
-2.275420578557349818e-03
-2.261340274270989738e-03
-2.255981432020542389e-03
-2.260385567021646822e-03
-2.251471297788875704e-03
-2.251073186305151130e-03
-2.247247949335426202e-03
-2.242259340664410662e-03
-2.239148835070585430e-03
-2.242850953912417164e-03
-2.234263027416515460e-03
-2.232077271474632550e-03
-2.235210012233123430e-03
-2.227375596219792475e-03
-2.228667063554206317e-03
-2.225812025438548593e-03
-2.215202995875865596e-03
-2.217157032945130547e-03
-2.215113914300387028e-03
-2.220884494553659536e-03
-2.219957106646042524e-03
-2.222596558537954028e-03
-2.211287426561443434e-03
-2.213184367013450865e-03
-2.212133801139346077e-03
-2.210100902328165744e-03
-2.211544635318958216e-03
-2.212155139888150913e-03
-2.212946927926900172e-03
-2.217169853759695924e-03
-2.213556291692684100e-03
-2.220163880324494549e-03
-2.227316003429987215e-03
-2.220943463161777990e-03
-2.231549944076502943e-03
-2.233351067809109629e-03
-2.244023508971149886e-03
0.000000000000000000e+00
-1.415210012640461890e-04
0.000000000000000000e+00
-1.276048107610239842e-04
-2.247507168013642646e-04
-3.374758866862890118e-04
-2.394024442854099171e-04
-3.229622991969575627e-04
-2.158647729380977682e-04
-3.071841377831390700e-04
-3.167560166673101247e-04
-2.111342550265342887e-04
-3.025476902263267930e-04
-3.046867519237116931e-04
-3.888186748844158522e-04
-3.912514313991516022e-04
-4.770203246083560200e-04
-5.506566152697478641e-04
-6.287862914726859327e-04
-5.531628670433737845e-04
-4.740205978566521699e-04
-6.246803946262602337e-04
-6.861688079335411623e-04
-7.573671969151084607e-04
-6.908573734961311746e-04
-8.749844807116554692e-04
-7.519502542404348389e-04
-9.272329092703349715e-04
-1.017325774988903477e-03
-1.068657162161896742e-03
-1.022252810543481261e-03
-9.150535919421821018e-04
-9.186308736996352418e-04
-9.721916105322153494e-04
-1.110708079603025308e-03
-1.156037658934121193e-03
-1.114554344338562243e-03
-1.199716282285114531e-03
-1.239320046770729352e-03
-1.199808015691822966e-03
-1.419967599523318854e-03
-1.356873631753876836e-03
-1.241571121491026565e-03
-1.304957743435298384e-03
-1.446700628618843160e-03
-1.481849962326171801e-03
-1.449933821020011563e-03
-1.539957459015843348e-03
-1.478682179940419162e-03
-1.599381904070654474e-03
-1.714431037829554794e-03
-1.716696570136112127e-03
-1.740483787246253347e-03
-1.664820084110871278e-03
-1.692146581812190497e-03
-1.673235544842791023e-03
-1.646911152564885673e-03
-1.739148858232658374e-03
-1.863736304435707498e-03
-1.823502103630451725e-03
-1.782084636646937611e-03
-1.902767674431288030e-03
-1.716805750179643949e-03
-1.740107032107932050e-03
-1.738771656247042018e-03
-1.959649114075519803e-03
-1.960187927081248963e-03
-1.940764355515277361e-03
-1.978428923819764134e-03
-2.018724644666854574e-03
-2.073438000852658152e-03
-2.056637658747691427e-03
-2.080765336809626241e-03
-2.095421672228238441e-03
-1.971505059766676549e-03
-1.941126648833765627e-03
-1.973085382717602691e-03
-2.002898449960424307e-03
-2.066141268880216774e-03
-2.113276811266028184e-03
-2.160619025375478536e-03
-2.144606465095027885e-03
-2.170077048146193920e-03
-2.231466908127911937e-03
-2.214061406473739890e-03
-2.205478361167714091e-03
-2.282032113922033076e-03
-2.264977562243402059e-03
-2.267247358166739769e-03
-2.280413159247494329e-03
-2.260835562391166724e-03
-2.264228772965186723e-03
-2.278111900540179952e-03
-2.265459149846215346e-03
-2.264148245362902854e-03
-2.271927024097463582e-03
-2.260283929628764676e-03
-2.261210543501168159e-03
-2.236381207302028801e-03
-2.258133261726456321e-03
-2.275006288508963671e-03
-2.292926068038944089e-03
-2.287661307278579179e-03
-2.284171722590818982e-03
-2.277292566677690221e-03
-2.266481761346962782e-03
-2.287556351544128494e-03
-2.256045942094416727e-03
-2.246661116075408457e-03
-2.238065340201890983e-03
-2.230657876226916150e-03
-2.223974164021276251e-03
-2.217866767211022772e-03
-2.213036558786716373e-03
-2.210387601248513939e-03
-2.211061926791805902e-03
-2.216149187234812447e-03
-2.225609176469715931e-03
-2.250505558441141720e-03
-2.240080885994199644e-03
-2.253005410634223871e-03
0.000000000000000000e+00
-1.276681362368681932e-04
0.000000000000000000e+00
-1.137363310069809360e-04
-2.186042765660707815e-04
-2.100180295797012312e-04
-2.037648912601909708e-04
-3.006209964654951651e-04
-2.056436559830623944e-04
-2.980742724054795813e-04
-3.872410254576802088e-04
-4.716129334128877238e-04
-4.689233963356059321e-04
-3.863017245738023520e-04
-5.403312448200310158e-04
-5.454883935744917964e-04
-6.195065903727485458e-04
-6.146034417054799422e-04
-8.046359136354724493e-04
-8.696971422362373329e-04
-8.098724485226900180e-04
-6.760470878207364013e-04
-7.468792596550440912e-04
-6.810755221316657643e-04
-8.643832508797768405e-04
-1.064729965326555606e-03
-9.671305249709407064e-04
-7.972024605935959258e-04
-8.562112770147578718e-04
-8.599352795714699637e-04
-1.155884109620948638e-03
-1.379912515684677318e-03
-1.382896795183369233e-03
-1.417016035460732116e-03
-1.311976766461210543e-03
-1.319547367398631824e-03
-1.349355363589171573e-03
-1.182670245741786978e-03
-1.232912546067222326e-03
-1.191241765656895525e-03
-1.245659466323888664e-03
-1.264027910524684545e-03
-1.286793757402474774e-03
-1.413735084586548434e-03
-1.502711079315577434e-03
-1.506279765226373277e-03
-1.536392522053139573e-03
-1.439034657083981253e-03
-1.474859577735915337e-03
-1.442855600773793176e-03
-1.560894219133793530e-03
-1.595130430185682374e-03
-1.565133619299354439e-03
-1.689866923963900987e-03
-1.611229956467635609e-03
-1.620048300199482694e-03
-1.638254841624214994e-03
-1.715308521458043436e-03
-1.841173335037785044e-03
-1.842474393262430411e-03
-1.862437077607720370e-03
-1.799296470287195830e-03
-1.821681857299890924e-03
-1.801118151038138366e-03
-1.755920962944630291e-03
-1.779612718507475816e-03
-1.758394241103907385e-03
-1.881350500890012576e-03
-1.901698618892022543e-03
-1.882428964299669204e-03
-1.711266440913856123e-03
-1.736271517664751511e-03
-1.713757438107983699e-03
-1.920246161875807699e-03
-1.939914642621985187e-03
-1.921106208656904370e-03
-1.996047605988766471e-03
-1.996710481455858319e-03
-1.977700370499029664e-03
-2.018196475186477719e-03
-2.030376675180202515e-03
-2.035610519911283060e-03
-2.051723294832034743e-03
-2.103511399548156462e-03
-2.111679915442495666e-03
-2.088025325765006414e-03
-2.031953432731847288e-03
-2.001643518324859594e-03
-2.033090523749501652e-03
-2.092342965562929598e-03
-2.095044589369262928e-03
-2.063367104205464115e-03
-2.129209657957503547e-03
-2.216169840002269169e-03
-2.188391605407561356e-03
-2.197884621736606852e-03
-2.223845093281820971e-03
-2.280980669086687257e-03
-2.279833057000245876e-03
-2.275947717697382813e-03
-2.258652718741352341e-03
-2.278100274066293014e-03
-2.274733587374920107e-03
-2.269503279658247920e-03
-2.253710367446079554e-03
-2.288421752284702099e-03
-2.285516579848297439e-03
-2.278014561265062719e-03
-2.301653131326883688e-03
-2.292167952009918717e-03
-2.297105975551160927e-03
-2.285728752556980166e-03
-2.284163235376366480e-03
-2.278756569637030958e-03
-2.272738709991476477e-03
-2.272335881216220980e-03
-2.266768988426724751e-03
-2.298440839555599639e-03
-2.295505979477269025e-03
-2.290455244826219462e-03
-2.260105498965962832e-03
-2.260442656935839154e-03
-2.255539189510108976e-03
-2.247119003127237731e-03
-2.244648330276110843e-03
-2.249264434623465640e-03
-2.238469616240976526e-03
-2.236335884696166038e-03
-2.240354357946577283e-03
-2.230880567390646808e-03
-2.232500874578307454e-03
-2.229055179664041209e-03
-2.222986642134086067e-03
-2.221829495742111242e-03
-2.225109969016331006e-03
-2.215886987267327163e-03
-2.215441090716056480e-03
-2.218326557281899078e-03
-2.210231062490354038e-03
-2.212655886588423340e-03
-2.210646893488234926e-03
-2.206758629852185669e-03
-2.208939357809408879e-03
-2.208280634874723505e-03
-2.206477097175280067e-03
-2.208128540553213042e-03
-2.209496128539856306e-03
-2.210270861041895192e-03
-2.211470465888621187e-03
-2.214975711981093543e-03
-2.217934242775772974e-03
-2.224585157618035221e-03
-2.219207099636019438e-03
-2.224135822506426163e-03
-2.237597724800548162e-03
-2.228128837019679488e-03
0.000000000000000000e+00
-1.138223798041398211e-04
0.000000000000000000e+00
-1.079323864690488841e-04
4.443476552431518058e-20
-1.055671275132671173e-04
-1.079323864690488841e-04
0.000000000000000000e+00
-1.036385592825691090e-04
-1.055671275132671308e-04
-2.011884409147250718e-04
-2.967560424295520214e-04
-2.024535810231190025e-04
-3.786549542587844827e-04
-4.662412460389986878e-04
-3.812215471749178441e-04
-2.941711441324293798e-04
-4.609501865551790837e-04
-5.322931527241169707e-04
-6.104935683708427249e-04
-5.362470797025070766e-04
-7.414780913534162101e-04
-6.052541442517600078e-04
-8.000850914399762178e-04
-1.006880557517349922e-03
-1.059575883206678899e-03
-1.012132009348829225e-03
-8.941920558189693806e-04
-9.561054456955531177e-04
-9.040751921104889276e-04
-8.160087711136547114e-04
-8.058856915582664898e-04
-8.661162732717588453e-04
-1.100835641332169323e-03
-1.150931156821107752e-03
-1.105773085769770191e-03
-1.346384990723307595e-03
-1.279284916752769941e-03
-1.142375803581966321e-03
-1.214488106185462228e-03
-1.371824897690490522e-03
-1.409716647609518189e-03
-1.375877291376123709e-03
-1.532154199082091939e-03
-1.471266437131345597e-03
-1.405857275352637333e-03
-1.586346914043796361e-03
-1.663559617464828617e-03
-1.664186567029528590e-03
-1.689273854587776012e-03
-1.637653819684514039e-03
-1.690161218679756949e-03
-1.861348820651091435e-03
-1.820375630562200923e-03
-1.777791098060197035e-03
-1.733806045819974179e-03
-1.900825112902829097e-03
-1.662743733332630678e-03
-1.686964401077364027e-03
-1.689495567999885900e-03
-1.957743618251351226e-03
-1.958698184994090395e-03
-1.938950164391344553e-03
-1.976787225998905603e-03
-2.012932500166458426e-03
-2.057651137661323064e-03
-2.066011533240310824e-03
-2.044011717022946317e-03
-2.079766928137938287e-03
-2.062161028615423688e-03
-2.149997550984905116e-03
-2.123873626959364713e-03
-2.121281153914648422e-03
-2.155295147187563567e-03
-2.202293892901559247e-03
-2.181482995704678209e-03
-2.209303702345477918e-03
-2.268201143194422537e-03
-2.242173562118143781e-03
-2.249826350511523361e-03
-2.313559455402131992e-03
-2.296876893116527128e-03
-2.297657154842967266e-03
-2.308278613770275468e-03
-2.292738190922368087e-03
-2.295000077347327493e-03
-2.314911624226042609e-03
-2.295396031787361700e-03
-2.297540925000102815e-03
-2.293037882158462971e-03
-2.282499068090180529e-03
-2.285730579867349156e-03
-2.280174720490859078e-03
-2.272070119863901089e-03
-2.295238021536192326e-03
-2.311195531555301341e-03
-2.306479492044958765e-03
-2.301757844537711227e-03
-2.278747656472708896e-03
-2.291595965241785375e-03
-2.265899083743062870e-03
-2.304325017185343723e-03
-2.253323419037238720e-03
-2.242775698518113814e-03
-2.234594924018346983e-03
-2.226800007433423368e-03
-2.219278479702711457e-03
-2.212903704622829273e-03
-2.208313916407348820e-03
-2.206335110877700057e-03
-2.208062978396213225e-03
-2.213973635383815163e-03
-2.221212774835090373e-03
-2.240376190995413581e-03
-2.231064287038214428e-03
-2.244162809736861830e-03
0.000000000000000000e+00
2.943277440639273038e-20
-1.611690499921819164e-20
-1.036362974235789381e-04
0.000000000000000000e+00
-1.023242724082515598e-04
-2.036681271116338294e-04
-2.909734761539854698e-04
-2.937745096559660402e-04
-2.007072726765777161e-04
-3.745444054715924833e-04
-4.588170182182777250e-04
-3.765611239056680356e-04
-4.545971472800549576e-04
-6.671987151150040284e-04
-6.714545002898729366e-04
-7.368754585577959098e-04
-5.336837551726327259e-04
-5.329362034370919553e-04
-6.059117808962154140e-04
-7.320023705858106711e-04
-1.054592479355639413e-03
-9.507543463164870416e-04
-8.552324143819499099e-04
-6.838554639428725407e-04
-7.506254541522409778e-04
-7.408123991645120801e-04
-1.302706503300675705e-03
-1.307358273292935158e-03
-1.341764868049345359e-03
-1.227410289570401037e-03
-1.270161811912123373e-03
-1.236518304373737838e-03
-1.088544675906561940e-03
-1.136228378016300097e-03
-1.094670283173024804e-03
-1.176507565704104467e-03
-1.211364478444001795e-03
-1.179563940863488040e-03
-1.337696534439623830e-03
-1.496493329419079686e-03
-1.499594030918984314e-03
-1.529049401782547977e-03
-1.431902974573667948e-03
-1.435444570696300893e-03
-1.467703733124286645e-03
-1.363087199698117440e-03
-1.367448109817701214e-03
-1.401507133815823626e-03
-1.554149601237386595e-03
-1.582989876713189817e-03
-1.557504726816395834e-03
-1.608936714444706784e-03
-1.636538945110448118e-03
-1.610058589593886015e-03
-1.662847587798268675e-03
-1.839757978788204374e-03
-1.840464046908806472e-03
-1.860648405115260685e-03
-1.796614437621681928e-03
-1.797956069475332031e-03
-1.819041824793089703e-03
-1.751347103910231217e-03
-1.753637218160655504e-03
-1.775509650493256033e-03
-1.705587328231286280e-03
-1.730968490576465348e-03
-1.708436673998444105e-03
-1.879612550448889283e-03
-1.899967191735155983e-03
-1.880480704201665859e-03
-1.657941419338563021e-03
-1.684844617431145285e-03
-1.660051135080823324e-03
-1.918505461440727462e-03
-1.938091583147472877e-03
-1.919373421194601375e-03
-1.991514422190920897e-03
-1.974511791443181365e-03
-1.993783417629145949e-03
-2.010782163631800838e-03
-2.019146709466716587e-03
-2.024691108038692046e-03
-2.038426354785886734e-03
-2.083763597661732799e-03
-2.094592700852765735e-03
-2.071727808626961168e-03
-2.092444482147254575e-03
-2.062145176953663131e-03
-2.092396769649516267e-03
-2.149640623219912280e-03
-2.121055144551273024e-03
-2.149796818574058622e-03
-2.176142345544257103e-03
-2.256713436108115367e-03
-2.229484539157611245e-03
-2.236472747442026440e-03
-2.262475309007891660e-03
-2.314009162263281488e-03
-2.310602702106669820e-03
-2.300559333818204613e-03
-2.313244850449853660e-03
-2.313959902079997053e-03
-2.294615995219776664e-03
-2.290729817221671440e-03
-2.290733495152441276e-03
-2.312269839320184577e-03
-2.300508264589125502e-03
-2.307172985101490093e-03
-2.323620067331077111e-03
-2.317201003269158018e-03
-2.312991328735521795e-03
-2.284144434769702983e-03
-2.284706017777014299e-03
-2.278128610496432845e-03
-2.298469188972110128e-03
-2.291811651897463463e-03
-2.298253762275630305e-03
-2.269826092470651757e-03
-2.271067804161263932e-03
-2.264681084625534604e-03
-2.314233410498237140e-03
-2.306053196595626679e-03
-2.312637341015437876e-03
-2.255162581459749065e-03
-2.257503753096185787e-03
-2.250897073322304359e-03
-2.236206220826599325e-03
-2.241539863552033558e-03
-2.237236445621326383e-03
-2.233349442832405218e-03
-2.225677777189101827e-03
-2.228203471146130137e-03
-2.224198350739483611e-03
-2.217058999574819667e-03
-2.219945824680710084e-03
-2.216361075864911601e-03
-2.209935539821717386e-03
-2.209980118422258388e-03
-2.212848376647443167e-03
-2.204687124327587601e-03
-2.205610536038492449e-03
-2.207387736919488863e-03
-2.201898566434877177e-03
-2.204087291018701732e-03
-2.204254418753740993e-03
-2.202416911900356884e-03
-2.204288207145249298e-03
-2.206300526491826279e-03
-2.207381299367287050e-03
-2.208651079386301629e-03
-2.212425317215555107e-03
-2.215800040781474960e-03
-2.212345143422521365e-03
-2.218700547831840755e-03
-2.227034113781794448e-03
0.000000000000000000e+00
-1.023230344021694026e-04
-3.065805868954235733e-20
-1.945901105050707705e-04
-2.881595773321122557e-04
-1.974120237008015208e-04
-1.018340635558169147e-04
-2.859817628243472936e-04
-3.736800215641350670e-04
-4.541332638516926753e-04
-3.740628254178732497e-04
-6.010824547376167728e-04
-4.546633559117628509e-04
-6.756440581991060004e-04
-9.953906105948377887e-04
-1.048827579207618071e-03
-1.001107092136903137e-03
-9.127362648292136095e-04
-9.032028471850794436e-04
-9.604724352244132330e-04
-7.664829096658682100e-04
-8.302368566652264248e-04
-7.914209763679566807e-04
-7.259641999892312882e-04
-1.265493300921784366e-03
-1.202199812125531253e-03
-1.042628712419441670e-03
-1.133157199882431007e-03
-1.294634630092053856e-03
-1.333677376348960369e-03
-1.298671774263318330e-03
-1.464559162055646940e-03
-1.525647249622479572e-03
-1.397910893943084742e-03
-1.329272574705694324e-03
-1.581828301585452325e-03
-1.635817314988958875e-03
-1.818323157790316131e-03
-1.859764440854861593e-03
-1.774153558425100967e-03
-1.728674745752585475e-03
-1.681998292095352116e-03
-1.899086192289475058e-03
-1.607001428311178020e-03
-1.634548279587001111e-03
-1.632414488387442467e-03
-1.955064243036691747e-03
-1.936760127101838647e-03
-1.956447430544892320e-03
-1.973228906931272751e-03
-2.005200319181400445e-03
-2.044446301361670972e-03
-2.051240931843451541e-03
-2.031686537061482521e-03
-2.063986911997499514e-03
-2.121094862605104985e-03
-2.194564808068406002e-03
-2.172366815051832677e-03
-2.172236637253020016e-03
-2.198507246317256240e-03
-2.242594913580493472e-03
-2.249760602488137459e-03
-2.222346887148380842e-03
-2.308216129820292190e-03
-2.282472018949962926e-03
-2.288230061507752489e-03
-2.347800463334054431e-03
-2.331183535852973665e-03
-2.330482573989041233e-03
-2.340558303551824697e-03
-2.326794558513621720e-03
-2.323780976709808634e-03
-2.310505312715351901e-03
-2.302816329525855885e-03
-2.350666794206777554e-03
-2.332678124668964743e-03
-2.332010895418439728e-03
-2.310757308468343405e-03
-2.318468083575370327e-03
-2.331160561965689784e-03
-2.320837422989490730e-03
-2.327575066696428892e-03
-2.276471085604998314e-03
-2.290802193753260167e-03
-2.305858848578916809e-03
-2.262063904773062815e-03
-2.322241366385634134e-03
-2.243204363903622024e-03
-2.245341496025327239e-03
-2.249103496508322864e-03
-2.239684181337036999e-03
-2.230733127535020673e-03
-2.221166277891029311e-03
-2.213332978527884735e-03
-2.207153496357455030e-03
-2.203131319582435702e-03
-2.201918268638765070e-03
-2.204638592200578590e-03
-2.210428269245384193e-03
-2.220265287504032646e-03
-2.216381003900284082e-03
-2.229930929795339873e-03
0.000000000000000000e+00
-9.897190090435441137e-05
-1.018340635558169147e-04
0.000000000000000000e+00
-1.927630832808994131e-04
-2.849749083104655915e-04
-1.936491327242607832e-04
-2.843996808715073535e-04
-5.384107023605291288e-04
-6.037847399692659878e-04
-5.360910489359789000e-04
-3.798117625008530117e-04
-3.767090764684712860e-04
-4.578862918671873332e-04
-6.124702333353803643e-04
-9.547606550051231924e-04
-7.761139353993922081e-04
-8.453685057837902715e-04
-8.353758462823835437e-04
-7.713577772550700602e-04
-6.499092382801780875e-04
-7.090264602327986734e-04
-6.668881057265206667e-04
-1.223388554395138036e-03
-1.263488781409038931e-03
-1.225326150688258202e-03
-1.161450103049637902e-03
-1.194743779675376842e-03
-1.168977792615521474e-03
-9.827035902321317514e-04
-1.036305026777276529e-03
-9.890622972441760752e-04
-1.076109198433058186e-03
-1.126912301418985136e-03
-1.082327925460697341e-03
-1.259412403775558029e-03
-1.428142668791722390e-03
-1.429999443371990971e-03
-1.462692243454880633e-03
-1.490328935060326009e-03
-1.493393232963670251e-03
-1.522581746709091976e-03
-1.355694425864472762e-03
-1.394246910982671270e-03
-1.359368967047508165e-03
-1.285124236359176057e-03
-1.289884444355876136e-03
-1.324549004438541500e-03
-1.550057843960982997e-03
-1.579823630758061832e-03
-1.552089341920608566e-03
-1.607624838616808580e-03
-1.795525364424681043e-03
-1.796064661509987623e-03
-1.817786203287466776e-03
-1.839098795483219825e-03
-1.839428626635546777e-03
-1.859449196699390064e-03
-1.750934344656605336e-03
-1.751131992658463629e-03
-1.773959548313041104e-03
-1.702551653313148870e-03
-1.704063413260604358e-03
-1.727170371697790262e-03
-1.653892947954565228e-03
-1.679973307925741515e-03
-1.655907276352086045e-03
-1.877875504880265403e-03
-1.878739945802149420e-03
-1.898233992917301802e-03
-1.602157943914916168e-03
-1.604227975855999260e-03
-1.630318839493568369e-03
-1.915799895922018579e-03
-1.935417689915353186e-03
-1.917154089496418213e-03
-1.986623197196654266e-03
-1.970759261441397923e-03
-1.989013328760033499e-03
-2.002846098135602475e-03
-2.003516500211564334e-03
-2.024022039870674791e-03
-2.011281327761160840e-03
-2.064722586511504032e-03
-2.075864827630400158e-03
-2.055763498471654092e-03
-2.153212509045096274e-03
-2.122761706718660941e-03
-2.151461260730895553e-03
-2.216114470716906790e-03
-2.182894938548538694e-03
-2.205498480503936733e-03
-2.218570204275854916e-03
-2.298975797113480234e-03
-2.277928645194070290e-03
-2.270841466186240658e-03
-2.303691367133239246e-03
-2.343750521488915765e-03
-2.348958622318315752e-03
-2.330661082761190626e-03
-2.319252064726029603e-03
-2.335157393550558493e-03
-2.321276601023815507e-03
-2.350754251442919041e-03
-2.332080896500127870e-03
-2.350617599390327460e-03
-2.329587245006336984e-03
-2.336269564401652343e-03
-2.330063557802399161e-03
-2.324312549339205454e-03
-2.347997386265720469e-03
-2.339572252784601243e-03
-2.335924132877139053e-03
-2.278307710006679566e-03
-2.280965283459438463e-03
-2.273714523741124718e-03
-2.294039274888149023e-03
-2.295943816332271254e-03
-2.288704691443174330e-03
-2.310302045685415709e-03
-2.304019973036085332e-03
-2.311915242742945426e-03
-2.263233826804030534e-03
-2.266335204069224157e-03
-2.258939577238065679e-03
-2.328272219435340712e-03
-2.320894582545527871e-03
-2.329587349036846885e-03
-2.241497279399575805e-03
-2.248417626484959346e-03
-2.242537803585012944e-03
-2.235418746359808459e-03
-2.235753294670745316e-03
-2.239162355275907054e-03
-2.227604737837972360e-03
-2.231807937856120604e-03
-2.226527022206317361e-03
-2.218409271621399597e-03
-2.221954788977787559e-03
-2.217596079601431847e-03
-2.209970048349583355e-03
-2.209826725495573577e-03
-2.213426574605299214e-03
-2.203248729670689854e-03
-2.206502804889761554e-03
-2.203847801189939577e-03
-2.198526431762455342e-03
-2.201513885464613518e-03
-2.200096919676730080e-03
-2.196423777306328543e-03
-2.199430321756472642e-03
-2.199210928170492775e-03
-2.196402239361917516e-03
-2.199422400925398272e-03
-2.201786309226865315e-03
-2.196252611642607322e-03
-2.204516819822368093e-03
-2.202159144101281663e-03
-2.197833260232135051e-03
-2.209697303680520884e-03
-2.205675891130891991e-03
-1.067963813212224748e-19
-9.888517669801835837e-05
0.000000000000000000e+00
-9.789543237421283260e-05
-2.028975413485198094e-04
-2.895506716614002895e-04
-1.978527389223741235e-04
-4.603687706873832767e-04
-2.925906720891372891e-04
-5.222402123190133779e-04
-6.041718179058970083e-04
-5.303347394183895083e-04
-8.828779478530276309e-04
-9.398469404914965714e-04
-8.979842945515798501e-04
-8.305376213118635101e-04
-7.139694803777433965e-04
-5.871049583771496350e-04
-1.192760648976839239e-03
-1.119359441630074200e-03
-1.030047032887301036e-03
-9.335060933114341713e-04
-1.215506847490590604e-03
-1.255488604136848971e-03
-1.219414044700699133e-03
-1.459566050444652393e-03
-1.392334376778075165e-03
-1.520512680837187314e-03
-1.320824301969747341e-03
-1.250694083455210952e-03
-1.578515061668178980e-03
-1.817436314060871241e-03
-1.773396562030009555e-03
-1.858570840013443713e-03
-1.726939609834432336e-03
-1.678414546871732395e-03
-1.628238649246439981e-03
-1.896873946858159462e-03
-1.546273036736781070e-03
-1.574169612187879428e-03
-1.576297779952922501e-03
-1.959376088990717659e-03
-1.957230785106205649e-03
-1.937579213579363651e-03
-1.972868709730324875e-03
-1.995074928059374902e-03
-2.027865091665507439e-03
-2.036279994168205439e-03
-2.015918805095311822e-03
-2.046145505532852640e-03
-2.184663159646388873e-03
-2.229488241013217152e-03
-2.285736992458512525e-03
-2.292395271157703085e-03
-2.264144384292607337e-03
-2.353696611985464648e-03
-2.326176222103395683e-03
-2.330871097829323620e-03
-2.373552411513541252e-03
-2.360433375652995144e-03
-2.356754890375286921e-03
-2.383472464852508244e-03
-2.367493424163620488e-03
-2.365815915561172295e-03
-2.358454575086690787e-03
-2.349282846192361253e-03
-2.344274273669629850e-03
-2.333266921689453564e-03
-2.378651862704039572e-03
-2.364664082297473352e-03
-2.365074780764355941e-03
-2.352226135464917291e-03
-2.342151171312852140e-03
-2.351933278620756303e-03
-2.349947096469711359e-03
-2.340946875118562684e-03
-2.270221191334221688e-03
-2.285536214298118651e-03
-2.301506704272202226e-03
-2.318638530416889266e-03
-2.251441248469889054e-03
-2.253177457021164273e-03
-2.256846715366390976e-03
-2.339626136809793561e-03
-2.246310952584767637e-03
-2.238411807571861426e-03
-2.231385619124245153e-03
-2.222809888217480972e-03
-2.213970641536305850e-03
-2.206409213312573222e-03
-2.200700098875157072e-03
-2.197432212504986729e-03
-2.196420251419767961e-03
-2.196567056283115285e-03
-2.197849028685017886e-03
-2.200894815522557585e-03
-2.198730122488422485e-03
-2.209310639763400162e-03
0.000000000000000000e+00
-9.792917508158666996e-05
-1.207081589887406803e-19
-1.030067109391337991e-04
-3.755085569440306452e-04
-4.584481379578872733e-04
-3.778930401012106232e-04
-1.999145791763002732e-04
-2.012556945792885992e-04
-2.909282324205968509e-04
-4.504700518180745862e-04
-7.543385226448097143e-04
-8.195893759739285474e-04
-7.652003526073656746e-04
-6.356310220771124904e-04
-7.068454296080277539e-04
-6.428157645280627424e-04
-5.078839145646685607e-04
-5.799261583443191329e-04
-5.152023082136241968e-04
-1.144667740721788196e-03
-1.184421170533416553e-03
-1.153057953418777822e-03
-1.063608554822537914e-03
-1.113065649785051174e-03
-1.069860819167313577e-03
-9.705057720547793530e-04
-1.023945854112391987e-03
-9.766084414997019351e-04
-8.706637272533311600e-04
-9.273764393250384175e-04
-8.768398054372771207e-04
-1.180484925750189271e-03
-1.423405903526186794e-03
-1.457161474280752262e-03
-1.425694034169901637e-03
-1.351046269622075378e-03
-1.353358638469602093e-03
-1.390024197580581791e-03
-1.486620500893320223e-03
-1.488468828274004240e-03
-1.518693248593321488e-03
-1.275928653521495558e-03
-1.280506820987966461e-03
-1.316234685343173165e-03
-1.207213514215562875e-03
-1.246555957098351847e-03
-1.211348869966533386e-03
-1.547810608614634325e-03
-1.798032649934939824e-03
-1.818707292467009514e-03
-1.796767562891384441e-03
-1.751975316280479037e-03
-1.773935044278186508e-03
-1.751433138622444192e-03
-1.837304417706278094e-03
-1.857693060172872866e-03
-1.838194528049399371e-03
-1.704466648746383838e-03
-1.703480593401754655e-03
-1.727913690237304570e-03
-1.656155452044701885e-03
-1.654996643891532698e-03
-1.679586756604789077e-03
-1.603883324475551854e-03
-1.629092962032557086e-03
-1.602940802140598916e-03
-1.876181303727141297e-03
-1.877022463136098374e-03
-1.896059982419917621e-03
-1.541809464000345629e-03
-1.572306424173231573e-03
-1.543672058101736152e-03
-1.913261233764655504e-03
-1.936349160619127126e-03
-1.914508159605470862e-03
-1.981482374214770838e-03
-1.989460215869030737e-03
-1.996526384735654996e-03
-2.008847673648713437e-03
-2.047741516284474865e-03
-2.056993604767976165e-03
-2.039404556780513491e-03
-2.214309393673149877e-03
-2.183791078465312837e-03
-2.215273407284578701e-03
-2.250949492910875663e-03
-2.345757685086553856e-03
-2.315832121257742002e-03
-2.322524087149502314e-03
-2.349768160735592713e-03
-2.378501877539312363e-03
-2.365426413548115357e-03
-2.381477088054788187e-03
-2.347385447891800047e-03
-2.401500909065139994e-03
-2.376233441797107743e-03
-2.390325585794899569e-03
-2.377702638474393781e-03
-2.353268350769578254e-03
-2.374351561480010295e-03
-2.361421257188424903e-03
-2.362814887582231210e-03
-2.267702607538253992e-03
-2.272709135714374128e-03
-2.265108025159828266e-03
-2.284139212861559243e-03
-2.280847230313230202e-03
-2.288795916472297076e-03
-2.301719615492174836e-03
-2.305717838125834890e-03
-2.297473698800632340e-03
-2.320568772107549187e-03
-2.324070551301298578e-03
-2.315060767458431736e-03
-2.251663926274365905e-03
-2.257143640179627708e-03
-2.251237086607162964e-03
-2.338571571296499049e-03
-2.344806854771840608e-03
-2.333125434500188129e-03
-2.239575783560845273e-03
-2.245395283643616263e-03
-2.240580838649737158e-03
-2.229337502322767221e-03
-2.235313094980460186e-03
-2.232370447426946635e-03
-2.228385112290762887e-03
-2.219085241759791854e-03
-2.218573228482510849e-03
-2.223223895723476159e-03
-2.209755593468033276e-03
-2.209704638881285384e-03
-2.213978100969961685e-03
-2.201790709451532588e-03
-2.202375086090009159e-03
-2.205771633109417790e-03
-2.195592860724248502e-03
-2.199303775573590268e-03
-2.196926068609745576e-03
-2.190675340964622422e-03
-2.194618706214540582e-03
-2.193606738880178684e-03
-2.191141499830414653e-03
-2.193769333507091662e-03
-2.193929752591030572e-03
-2.188143485358106603e-03
-2.192316480354238734e-03
-2.192262489659359444e-03
-2.186139956086241131e-03
-2.191363053029018668e-03
-2.192276668262024657e-03
-2.183172262399041448e-03
-2.191180028555748949e-03
-2.192873660386239314e-03
0.000000000000000000e+00
-1.028752331332516700e-04
0.000000000000000000e+00
-2.889069019070000539e-04
-1.010882172952676678e-04
-3.323745770762418536e-04
-4.281219084685320125e-04
-3.534808873209602351e-04
-6.958594060637175423e-04
-8.135626070717707700e-04
-5.727525618833059903e-04
-4.209230371788291562e-04
-1.104645386888479389e-03
-1.017671294819047154e-03
-9.212371756114876888e-04
-1.132075090943097852e-03
-1.174207746343420688e-03
-1.138358210203383467e-03
-1.455227899925512925e-03
-1.387463308082574447e-03
-1.313861414627877974e-03
-1.516432368595101773e-03
-1.241898435868834692e-03
-1.170043560476934997e-03
-1.817799578657061437e-03
-1.775172822905917661e-03
-1.728404399943761277e-03
-1.856841624872776920e-03
-1.680515098879539586e-03
-1.630160208549783201e-03
-1.573023163503739627e-03
-1.894785316354183693e-03
-1.482672990182865372e-03
-1.512322980443629467e-03
-1.514188687525230836e-03
-1.949283704725460935e-03
-1.931345424330079431e-03
-1.954323760116315374e-03
-1.974533066685229925e-03
-2.014014558024706039e-03
-2.001986134639152128e-03
-2.021232883534645162e-03
-2.030645654020373642e-03
-2.277865749258495970e-03
-2.246124488732259908e-03
-2.246978347642255430e-03
-2.281759428543553465e-03
-2.326780908777149968e-03
-2.336406751070108090e-03
-2.306393152003836499e-03
-2.402584275469838923e-03
-2.374160017550060956e-03
-2.378260107520143926e-03
-2.406378403393259584e-03
-2.395228204382413018e-03
-2.389719618509166411e-03
-2.392008041742372734e-03
-2.382494471906622044e-03
-2.374876219970652094e-03
-2.412242385120394114e-03
-2.395584411607162498e-03
-2.398122399911424649e-03
-2.407349303026186209e-03
-2.402260185674294328e-03
-2.366441322076256668e-03
-2.377374889826903807e-03
-2.364281998326897040e-03
-2.376114207790833068e-03
-2.259007678146577897e-03
-2.275245563465164243e-03
-2.292215015546632782e-03
-2.310480491589782075e-03
-2.329012791989658847e-03
-2.245175370229089001e-03
-2.354109458767360968e-03
-2.352714674253514673e-03
-2.345953071797651172e-03
-2.230571405551387380e-03
-2.235047746997257008e-03
-2.236292772248757530e-03
-2.230166003503319602e-03
-2.224056224097426242e-03
-2.214150368896162548e-03
-2.205514333089033784e-03
-2.198443391173759628e-03
-2.193006687248926986e-03
-2.191035983775086599e-03
-2.189686320103590052e-03
-2.187375427753835908e-03
-2.185601021786772596e-03
-2.175164730848605423e-03
-2.179095182406276532e-03
-2.187114897662146423e-03
-2.160833068859415156e-04
-2.968034530094971536e-04
-2.080028331421079207e-04
0.000000000000000000e+00
-1.011148573329264614e-04
0.000000000000000000e+00
-2.749456463553797726e-04
-6.189424240221745067e-04
-6.875277790825822530e-04
-6.273051462354095088e-04
-7.372736875440153055e-04
-7.457572625035168573e-04
-8.049636748601925879e-04
-4.931934630442481871e-04
-5.653165328498356047e-04
-5.005641370975618190e-04
-3.583753179323559759e-04
-3.451839424113966877e-04
-4.341053321371236904e-04
-1.050957363708663380e-03
-1.098294740375311282e-03
-1.057267652760050195e-03
-9.580401736980309569e-04
-1.011430231116169400e-03
-9.642504466273461557e-04
-8.615036785876713059e-04
-8.661486721588740941e-04
-9.166844946873495357e-04
-1.091977225217355667e-03
-1.432205876679129228e-03
-1.427687751100416638e-03
-1.459638983524541187e-03
-1.356657692547374094e-03
-1.390411676386049851e-03
-1.353786874830229144e-03
-1.276705536001505707e-03
-1.314293442042559473e-03
-1.276229113557015606e-03
-1.484349391516511527e-03
-1.201582752835577382e-03
-1.239136947842304701e-03
-1.204356410290560384e-03
-1.124277920746037706e-03
-1.166167659899327094e-03
-1.128154408834162407e-03
-1.795800314679744675e-03
-1.816707968595187650e-03
-1.796923494250703482e-03
-1.753529469076783257e-03
-1.775966123627049920e-03
-1.752746822078961667e-03
-1.706755672232070911e-03
-1.729582073526007673e-03
-1.705588924877580407e-03
-1.836517274758088644e-03
-1.836910869032776271e-03
-1.856483999881851929e-03
-1.657510698894897961e-03
-1.681218547775172826e-03
-1.656792146953895047e-03
-1.614763478081431176e-03
-1.609249618327338862e-03
-1.635651279409733533e-03
-1.550668254807838729e-03
-1.577599973825127800e-03
-1.546175437449200454e-03
-1.874776231897709458e-03
-1.875475322341142205e-03
-1.894134856832347270e-03
-1.477925203614052210e-03
-1.480023799867171428e-03
-1.510289377564166943e-03
-1.910057308242330476e-03
-1.929811998831063458e-03
-1.911640061742168710e-03
-1.969510442010206485e-03
-1.979080255523318899e-03
-1.984340653916816331e-03
-1.996729926355307605e-03
-2.033212573934956371e-03
-2.042102150237110579e-03
-2.024699547777582005e-03
-2.276197521007292633e-03
-2.245255562452016639e-03
-2.277107196786408785e-03
-2.302574708134610786e-03
-2.390394922684311446e-03
-2.358990683574589339e-03
-2.368477735868133264e-03
-2.396837946455651451e-03
-2.398661341902085919e-03
-2.415779045310547258e-03
-2.410898191220323724e-03
-2.399477507239781982e-03
-2.382868376820248407e-03
-2.414081057678816797e-03
-2.451538963162643459e-03
-2.426372862166955007e-03
-2.431865678431894065e-03
-2.456068681128817897e-03
-2.429316861202865906e-03
-2.428731584613571907e-03
-2.401124010541255509e-03
-2.388108140444550852e-03
-2.389050056213101649e-03
-2.365065968345882608e-03
-2.253470313217206984e-03
-2.260271667749862677e-03
-2.252156942912772117e-03
-2.270301443697218900e-03
-2.268575706786166157e-03
-2.276857950494978917e-03
-2.288546239769483591e-03
-2.294739729940795808e-03
-2.285903196674239982e-03
-2.308476424685347063e-03
-2.314136716351053620e-03
-2.304655476758342078e-03
-2.330605774976517337e-03
-2.334091578297822767e-03
-2.325164988396744882e-03
-2.237001000499415360e-03
-2.243996527022334465e-03
-2.237917340851566014e-03
-2.341501082097641358e-03
-2.222210624922618498e-03
-2.231009730150835570e-03
-2.226682686649654030e-03
-2.218129949637541020e-03
-2.224246580857932101e-03
-2.223848875696881819e-03
-2.218488389717676763e-03
-2.208097905014577613e-03
-2.213557908177769210e-03
-2.208795157068198668e-03
-2.199634894339074376e-03
-2.200537941889879265e-03
-2.204578817241876175e-03
-2.192473625588536174e-03
-2.193860330314191531e-03
-2.196997431865217211e-03
-2.186621722964850016e-03
-2.190978490701351623e-03
-2.188519444800149719e-03
-2.183556177664656116e-03
-2.186990154112969549e-03
-2.187258995878961412e-03
-2.185750492084278032e-03
-2.178598806638926567e-03
-2.183307503312964873e-03
-2.182370133919122636e-03
-2.174168495094887590e-03
-2.180269270957493292e-03
-2.178854625612665005e-03
-2.166833736495884198e-03
-2.171598377873357015e-03
-2.175287794073995501e-03
-1.093831294753485261e-04
-1.401584198052522288e-04
-1.785810950749101064e-04
-2.362857270197152412e-04
-5.569453248127223879e-04
-6.789321270445006088e-04
-8.003946502519875168e-04
-4.267168300413318356e-04
-1.742832622923769573e-04
-2.659842262880394471e-04
-2.525704339201440950e-04
-1.005107783493980724e-03
-9.105323762339203502e-04
-1.040080128434716505e-03
-1.086552843095966482e-03
-1.045507066002917748e-03
-1.457451067202479925e-03
-1.394578958562083491e-03
-1.317057560722057277e-03
-1.239471884300983803e-03
-1.163330037764392054e-03
-1.082629602346405059e-03
-1.816318755017531711e-03
-1.774847787875573346e-03
-1.730361826307700353e-03
-1.682365945853162839e-03
-1.855781539689298817e-03
-1.636342929022426094e-03
-1.582943186484884676e-03
-1.514728190871409731e-03
-1.892541210215519226e-03
-1.409637325916889873e-03
-1.445854731171088408e-03
-1.443760327060817326e-03
-1.942911040452225627e-03
-1.946113659955936003e-03
-1.926691171715053325e-03
-1.964386904951780435e-03
-2.001709249340334357e-03
-2.007922559568027857e-03
-1.990564790257645135e-03
-2.017084577706440996e-03
-2.336165457062924257e-03
-2.306898007037799098e-03
-2.306217821437212684e-03
-2.331494479851796680e-03
-2.363687956766783588e-03
-2.456553828958491469e-03
-2.423725302466466641e-03
-2.429608724694765770e-03
-2.423007573957980561e-03
-2.414343512402980507e-03
-2.407102364379772822e-03
-2.437389104232494906e-03
-2.426162331493076415e-03
-2.421566494858529150e-03
-2.396632513381258614e-03
-2.446272576082237239e-03
-2.428936412531880647e-03
-2.430907364255703237e-03
-2.453603181105350715e-03
-2.448565875132366516e-03
-2.456322741129920821e-03
-2.402648613058016094e-03
-2.401790929035506512e-03
-2.389520446075864626e-03
-2.373370426814182602e-03
-2.363230482966344886e-03
-2.374923251972548000e-03
-2.244482006581403292e-03
-2.261138829324628279e-03
-2.278617284288325662e-03
-2.297659704542791802e-03
-2.318734718420757158e-03
-2.229322938691706557e-03
-2.344625914968661955e-03
-2.337064840142253318e-03
-2.348863758297353374e-03
-2.220400031724343616e-03
-2.213002593338937382e-03
-2.203614955335356403e-03
-2.195754026516771699e-03
-2.189245118545715598e-03
-2.184831083223361288e-03
-2.180915114157514455e-03
-2.176490212216866151e-03
-2.170929170906050424e-03
-2.153878333637605953e-03
-2.159574446776041119e-03
-2.163093301210609019e-03
-7.117233797579249652e-05
-1.563030574905687267e-04
-4.789257499526030021e-04
-5.497730164377313128e-04
-4.860891921350138324e-04
-6.027604012357181892e-04
-6.708468278034348566e-04
-6.108568066142253984e-04
-7.223396396776163341e-04
-7.928191409232844891e-04
-7.298634833341893779e-04
-3.452033985564156079e-04
-4.200621695384441738e-04
-3.517632849378334731e-04
-1.650323294292222517e-04
-2.625804503519719654e-04
-1.689053730389217028e-04
-9.419356614086491766e-04
-9.970441563150662413e-04
-9.500066444130532851e-04
-8.334530219464786555e-04
-8.964479631694146451e-04
-8.475605753227996239e-04
-9.915652861612880495e-04
-1.420684193250735909e-03
-1.383057171030585130e-03
-1.274142307219297988e-03
-1.315738186195371511e-03
-1.275409965801930102e-03
-1.198070524945264205e-03
-1.237788953800653558e-03
-1.199785988098951272e-03
-1.115682621847853377e-03
-1.159070550687544502e-03
-1.119951490374462063e-03
-1.030958115987049180e-03
-1.078097011989576082e-03
-1.035524042239651787e-03
-1.794921922768875737e-03
-1.815907829281202803e-03
-1.795368451450169659e-03
-1.753147055971253712e-03
-1.774670212047157070e-03
-1.753337913065682735e-03
-1.706303955660683777e-03
-1.730151962761130018e-03
-1.706524330014202659e-03
-1.656215843692293490e-03
-1.681738104938850040e-03
-1.656857363451489686e-03
-1.834674436946278969e-03
-1.835587247238768807e-03
-1.854888213092125608e-03
-1.603298692274242234e-03
-1.630653425442763404e-03
-1.609068186838280914e-03
-1.577261117900113007e-03
-1.473227165646849883e-03
-1.475573606082659526e-03
-1.512366471523011189e-03
-1.872781255618150790e-03
-1.873767823012792606e-03
-1.891601982548584511e-03
-1.423143002883122538e-03
-1.416101091899486840e-03
-1.450790604357175611e-03
-1.906938332094868481e-03
-1.925180394717703695e-03
-1.908483850256036899e-03
-1.961201409764733519e-03
-1.970311811260816968e-03
-1.986229588468904628e-03
-1.974726664692934806e-03
-2.019540838471809568e-03
-2.028243071212982879e-03
-2.012303149454820056e-03
-2.339057028449560705e-03
-2.307584510297718688e-03
-2.337730900299223296e-03
-2.400306014001579030e-03
-2.368361772152854060e-03
-2.395491504469940240e-03
-2.456270427237431612e-03
-2.456472422012682521e-03
-2.423429032301493459e-03
-2.411723020402558280e-03
-2.429543505731635543e-03
-2.441300516472877900e-03
-2.499732174208879262e-03
-2.477765645121754456e-03
-2.475441210878285853e-03
-2.487041983190088103e-03
-2.468971666014241079e-03
-2.466332663751608263e-03
-2.507690414263988483e-03
-2.482088893431026559e-03
-2.481862012061756152e-03
-2.427998022259440173e-03
-2.414970653513583317e-03
-2.414922606783146200e-03
-2.387066594504107155e-03
-2.358002894569190527e-03
-2.235274218056951603e-03
-2.244007296635989329e-03
-2.235657106988747991e-03
-2.252212611138633587e-03
-2.260878204329282680e-03
-2.252369986967679184e-03
-2.271715362531333184e-03
-2.279689567873416801e-03
-2.270463435097382077e-03
-2.293139183039731403e-03
-2.300309885269232434e-03
-2.290270973130231411e-03
-2.317541942868270657e-03
-2.323581944883160340e-03
-2.312429581467646995e-03
-2.217879526633989747e-03
-2.227042311102552397e-03
-2.220050910260090282e-03
-2.330057362247682333e-03
-2.206284595751840851e-03
-2.212498709024111800e-03
-2.214295365351268141e-03
-2.204531319389649736e-03
-2.206221513382688321e-03
-2.211140374659786162e-03
-2.196137379965866845e-03
-2.201948948966739403e-03
-2.197694475262738489e-03
-2.188131350202388199e-03
-2.193714906895964829e-03
-2.190103985272614899e-03
-2.181638004022615207e-03
-2.183933720616574974e-03
-2.186899629744673904e-03
-2.176116051704806310e-03
-2.181221894743042792e-03
-2.179669531948779694e-03
-2.171361923513710507e-03
-2.177434977474930217e-03
-2.174890176216364487e-03
-2.166361264059433935e-03
-2.172532267134456505e-03
-2.170333008559506387e-03
-2.158691947736940051e-03
-2.163080399659191543e-03
-2.166677211357318032e-03
-2.145129403358174945e-03
-2.156782074964573928e-03
-2.150306382374798757e-03
2.154891067456800680e-19
-7.113985941733852111e-05
0.000000000000000000e+00
-8.714163114618837021e-05
-5.416420421151002008e-04
-4.129208165303110273e-04
-6.634023426668430364e-04
-7.787388103362891285e-04
-2.561358844134658565e-04
0.000000000000000000e+00
-8.361181991988657965e-05
-8.714163114618835666e-05
-8.883938526700564317e-04
-9.335806284311664151e-04
-9.873464992867144602e-04
-9.377280579938551382e-04
-1.331260902070850217e-03
-1.344031878066201217e-03
-1.370372161522957245e-03
-1.236514177665984328e-03
-1.303012825633790813e-03
-1.157301060715818777e-03
-1.073768021548129718e-03
-9.827036293465964568e-04
-1.814977819465738492e-03
-1.774247242890255932e-03
-1.729969676463698680e-03
-1.681517298098721483e-03
-1.630052424592668206e-03
-1.853873670202961510e-03
-1.540143542918642880e-03
-1.572036056159554400e-03
-1.545434916735290588e-03
-1.448468754445286256e-03
-1.507082109452067067e-03
-1.890058447108852128e-03
-1.346056467788566552e-03
-1.384888079576239613e-03
-1.378010434804240831e-03
-1.938317527740668388e-03
-1.922969439237194426e-03
-1.940643953236667694e-03
-1.956861043912158475e-03
-1.992134536225382245e-03
-1.996999209023795838e-03
-1.981447866215307711e-03
-2.005339861627772249e-03
-2.369735972723554900e-03
-2.428563209899777149e-03
-2.508867111728137287e-03
-2.482672068415109519e-03
-2.482897418749696779e-03
-2.425586932122155044e-03
-2.452202783175969937e-03
-2.437121983790192098e-03
-2.444378982887415210e-03
-2.471236831718690366e-03
-2.453912103748749976e-03
-2.458400937283732740e-03
-2.503566978124632109e-03
-2.492890752432573923e-03
-2.478469571847246276e-03
-2.508433997639083340e-03
-2.426578617576034998e-03
-2.427284419802715199e-03
-2.413943783182648933e-03
-2.393755025067870537e-03
-2.397724364320159493e-03
-2.382946795931172902e-03
-2.359613336214199265e-03
-2.365962463347096034e-03
-2.351506278663315682e-03
-2.225695368417784318e-03
-2.242892781461672518e-03
-2.261032335347593937e-03
-2.281416408245639203e-03
-2.304270543905856741e-03
-2.202339170526086513e-03
-2.212723699848807152e-03
-2.209790523883649674e-03
-2.327169488665947576e-03
-2.335354917117849101e-03
-2.321710375442940025e-03
-2.204645352867072236e-03
-2.205477782274597488e-03
-2.200110696229019662e-03
-2.191772778504241792e-03
-2.184530234507644705e-03
-2.178535645827883033e-03
-2.173513070224164338e-03
-2.168794791593482534e-03
-2.162814466403198063e-03
-2.152994168470269074e-03
-2.126724811763470654e-03
-2.135505055122249429e-03
-2.138688463712776211e-03
2.278726773443220947e-19
-4.650926068266765393e-04
-5.346940882728721395e-04
-4.720501529678945989e-04
-3.352181773744120075e-04
-3.400772089113810771e-04
-4.078634191047694518e-04
-5.871780274946747716e-04
-6.555333448795088759e-04
-5.949949439036086515e-04
-7.030640655131844934e-04
-7.127312622183838101e-04
-7.690422296050402218e-04
-2.539276152719901862e-04
-2.094108129670186171e-04
-2.996375578464806561e-04
2.648102453253095404e-19
-8.341250532768198188e-05
0.000000000000000000e+00
-8.209156645201868933e-04
-8.271738850933565198e-04
-8.820841099713495111e-04
-8.777980006011907015e-04
-1.338681562834796984e-03
-1.191675679338351310e-03
-1.233327379584873507e-03
-1.194861525867134747e-03
-1.267648277358586527e-03
-1.299816335807811758e-03
-1.270875588847885686e-03
-1.108297634254503793e-03
-1.153638842616918530e-03
-1.111977958818786191e-03
-1.020696173150452933e-03
-1.068653954746863737e-03
-1.025816381182096011e-03
-9.348400490366839347e-04
-9.833786996408084256e-04
-9.342190021009784840e-04
-1.792654228536558897e-03
-1.793782194762618201e-03
-1.813846390191589577e-03
-1.752166728795272275e-03
-1.773756081707843430e-03
-1.752661075599798533e-03
-1.705345899888754697e-03
-1.729501515535553959e-03
-1.705819264713825858e-03
-1.655487770710020734e-03
-1.655850317927758282e-03
-1.681175868433830087e-03
-1.598766168368467334e-03
-1.601043325978248428e-03
-1.627805372240261148e-03
-1.835562368404467307e-03
-1.854313429211370450e-03
-1.835062002753547541e-03
-1.569796511319949961e-03
-1.406716182040586727e-03
-1.440299792081524638e-03
-1.415002718803530860e-03
-1.470297693626622902e-03
-1.471760836973334732e-03
-1.505616406793984985e-03
-1.871540323746559605e-03
-1.872132463273023118e-03
-1.889473917205947064e-03
-1.376747219702422051e-03
-1.903907932125104572e-03
-1.921506103768748711e-03
-1.905407504367628412e-03
-1.954577944424132959e-03
-1.964712774963941078e-03
-1.967445287600672835e-03
-1.978643916166279541e-03
-2.009043766150245530e-03
-2.015991642756744060e-03
-2.001787914214761283e-03
-2.403053574946048716e-03
-2.371099950635010591e-03
-2.401883158776821174e-03
-2.462784582075970303e-03
-2.431758404292168330e-03
-2.459531313305911206e-03
-2.507906438574809133e-03
-2.508514426683165245e-03
-2.482407795789016124e-03
-2.439699806455043404e-03
-2.460902660585611006e-03
-2.548861839284178102e-03
-2.528139686593815216e-03
-2.524159592644320549e-03
-2.530948592490030874e-03
-2.515059635130413584e-03
-2.508671274993802113e-03
-2.508262653289217246e-03
-2.497265395669363841e-03
-2.489233510709830312e-03
-2.558817919581212949e-03
-2.533318728680676243e-03
-2.533881724499263514e-03
-2.408994875046951804e-03
-2.454876566847734483e-03
-2.440177540991591773e-03
-2.441934344625287280e-03
-2.375529860015239934e-03
-2.342240243153788544e-03
-2.212919394560483935e-03
-2.223794997881394127e-03
-2.214964580811048384e-03
-2.228851989049053170e-03
-2.231675445576804424e-03
-2.240361094366369495e-03
-2.248928170393257962e-03
-2.259800109267225653e-03
-2.249920664645729818e-03
-2.271406531169320453e-03
-2.281684297978781376e-03
-2.270860668186091939e-03
-2.297586120147438772e-03
-2.307014223104783806e-03
-2.294701026080070948e-03
-2.195405027729981605e-03
-2.206259173359649030e-03
-2.198801915379540190e-03
-2.311194071340621700e-03
-2.187959019590305677e-03
-2.195137733666454628e-03
-2.197430147249542203e-03
-2.191711538786327018e-03
-2.198893903620488706e-03
-2.198205903651623098e-03
-2.193843306580588182e-03
-2.182950474365808261e-03
-2.185291201717985861e-03
-2.189351506016604457e-03
-2.175248743203312546e-03
-2.178209239702501299e-03
-2.181488822748586798e-03
-2.168885487904122222e-03
-2.172296888713435518e-03
-2.175086177499047264e-03
-2.163319592688903517e-03
-2.169599305272613098e-03
-2.167210744138214733e-03
-2.158044675533528009e-03
-2.164669674888271712e-03
-2.162175663841138865e-03
-2.151001682124362678e-03
-2.158797262798915935e-03
-2.154976999342967173e-03
-2.139830830273097353e-03
-2.149627449073912479e-03
-2.142921162939548894e-03
-2.122534156432017219e-03
-2.125470867742356232e-03
-2.134707654856435148e-03
-5.268656501924249159e-04
-4.009568669111242679e-04
-2.951143627390705182e-04
-6.458466680120784290e-04
-7.627722054319194082e-04
-1.624568030711144410e-04
-2.083532621624749857e-04
-1.637354734981767874e-04
-8.197278684157901455e-05
-8.165002411988518585e-04
-8.756366731784935836e-04
-8.187104841428901117e-04
-1.307339995591877630e-03
-1.150436378827446315e-03
-1.230069555215926921e-03
-1.064951592083181490e-03
-9.781948192692179432e-04
-8.762183131993200001e-04
-1.772634172019792653e-03
-1.814164394369560066e-03
-1.729024317856483551e-03
-1.680710607721442804e-03
-1.627455122648008594e-03
-1.853683164171897064e-03
-1.536524757255974339e-03
-1.568005408389848768e-03
-1.538345257504478017e-03
-1.438876871281716220e-03
-1.503791151168709043e-03
-1.887986037070869295e-03
-1.330395818465012186e-03
-1.368942709701533381e-03
-1.338214556171809892e-03
-1.936637482398440371e-03
-1.937177305671073735e-03
-1.920394306614865189e-03
-1.951710123688554571e-03
-1.985897966235104003e-03
-1.975592187129126404e-03
-1.988961748936213855e-03
-1.997073903967474477e-03
-2.433139959080294311e-03
-2.485859332284613005e-03
-2.558571573198326846e-03
-2.533402425090365822e-03
-2.534160829755063415e-03
-2.453614049591300913e-03
-2.483490310514923326e-03
-2.476847369205378846e-03
-2.467244187689511450e-03
-2.539497468885646390e-03
-2.553782980543092135e-03
-2.518903323468256808e-03
-2.494846680221993532e-03
-2.559194549767537363e-03
-2.413962230980070539e-03
-2.419633577835567616e-03
-2.402988063807548653e-03
-2.449239163474079516e-03
-2.451982163248854225e-03
-2.437055346601132814e-03
-2.375967775200099087e-03
-2.384264780327115078e-03
-2.366994806467968664e-03
-2.337930610044587111e-03
-2.331792032503153013e-03
-2.348154635064703382e-03
-2.203353964502789177e-03
-2.220169965867992059e-03
-2.238072534833593884e-03
-2.258984782947661037e-03
-2.283259618454418043e-03
-2.179979301837556109e-03
-2.187237475451619777e-03
-2.191499902103783565e-03
-2.301966985713766595e-03
-2.313949310888047985e-03
-2.299041687208129743e-03
-2.184196880369658478e-03
-2.189983495833102388e-03
-2.187075467286825683e-03
-2.178654064470058986e-03
-2.171656865147177529e-03
-2.165774803924029428e-03
-2.160500699992393137e-03
-2.154591341526508434e-03
-2.145897407041107326e-03
-2.132485598700863561e-03
-2.099778792798913385e-03
-2.111796439538723112e-03
-2.112267493723694010e-03
-4.516327512783158051e-04
-5.200954161805972954e-04
-4.584022648113242424e-04
-3.227401932080603531e-04
-3.946400269832903607e-04
-3.291609249013107037e-04
-2.500169418265430106e-04
-5.719368671964378086e-04
-6.381848929075339093e-04
-5.795829341179916522e-04
-6.863429838227585534e-04
-7.543692404088824313e-04
-6.946652380876018433e-04
0.000000000000000000e+00
-8.201603682563524220e-05
2.764592789693686249e-19
-7.521345027058103615e-04
-1.260267001112968469e-03
-1.303568436507650946e-03
-1.263955940735244461e-03
-1.099635880596897333e-03
-1.103962705392194090e-03
-1.146107803827777502e-03
-1.184357835841650698e-03
-1.188017801193927154e-03
-1.226408617191059990e-03
-1.011374690443910158e-03
-1.060287713611378141e-03
-1.016021970073484413e-03
-9.246426316370731993e-04
-9.730870256590830152e-04
-9.297054785800937032e-04
-8.587732343311924293e-04
-8.377974943133238228e-04
-8.971053663651200284e-04
-1.753049873373338074e-03
-1.773126561003678710e-03
-1.752564733307156392e-03
-1.803249266336476569e-03
-1.819606848921562041e-03
-1.797998377085644264e-03
-1.705532168783981638e-03
-1.729140018272505141e-03
-1.705435687219992221e-03
-1.653201807949865191e-03
-1.679583293547807707e-03
-1.654347341791756812e-03
-1.597440815866414676e-03
-1.626803467298560107e-03
-1.598106267414086713e-03
-1.844461411324013408e-03
-1.839946208528024565e-03
-1.858134603608114230e-03
-1.567351307479089096e-03
-1.400215232212855291e-03
-1.435646092049277546e-03
-1.403465695480297492e-03
-1.470198359946110712e-03
-1.470236057063731110e-03
-1.503753157062222854e-03
-1.871039342736495990e-03
-1.871256621997049747e-03
-1.887716758619814757e-03
-1.295683598008053831e-03
-1.365682258185318401e-03
-1.898206500015021730e-03
-1.901132747163155820e-03
-1.917416459536412524e-03
-1.950618126397035300e-03
-1.964911167312158227e-03
-1.964674611929492342e-03
-1.975713477485778816e-03
-1.999219747745986653e-03
-2.005966546726566015e-03
-1.994872517384630763e-03
-2.468980079836622515e-03
-2.435908225016839013e-03
-2.466090590971595220e-03
-2.534710616927652108e-03
-2.498819862494107598e-03
-2.521732664098818959e-03
-2.547226976909369028e-03
-2.468654781033899695e-03
-2.579582467090359415e-03
-2.563879182378956366e-03
-2.554883514742080537e-03
-2.601128374634586668e-03
-2.579836046587895716e-03
-2.574863254173211276e-03
-2.550177370162273922e-03
-2.540057233167977192e-03
-2.528606224743249267e-03
-2.515997365245752765e-03
-2.511499676070095676e-03
-2.499034849591619083e-03
-2.612022531408108791e-03
-2.585373728058915424e-03
-2.585644386779940331e-03
-2.393488284808351421e-03
-2.430108928726202547e-03
-2.483451234922549530e-03
-2.469064233855740309e-03
-2.464830259510169749e-03
-2.355533826648257591e-03
-2.318575994907569326e-03
-2.186452007699991873e-03
-2.199278156680987452e-03
-2.190458365024915404e-03
-2.204612326530328275e-03
-2.216504127995265645e-03
-2.208601668656010909e-03
-2.214348715086413791e-03
-2.231209812028761563e-03
-2.221268655977186833e-03
-2.240950048723987752e-03
-2.255561822193923732e-03
-2.244279943035398534e-03
-2.270435408510063351e-03
-2.283417714855426849e-03
-2.270210341023118535e-03
-2.169648108973868707e-03
-2.182140799058261346e-03
-2.174698527158436777e-03
-2.284877101192335155e-03
-2.167499398810194319e-03
-2.173659580293254082e-03
-2.178007658084184402e-03
-2.175991912889519569e-03
-2.181881488701607058e-03
-2.183998076316110912e-03
-2.179396821072190817e-03
-2.167526594190709137e-03
-2.174963371323210271e-03
-2.171066477799744789e-03
-2.160141685966634160e-03
-2.167463894851939625e-03
-2.164232945796923727e-03
-2.153659915720575798e-03
-2.158297741681935045e-03
-2.161120008944135244e-03
-2.148265179646310311e-03
-2.153039301051568911e-03
-2.155703120086319927e-03
-2.141908452068061464e-03
-2.146431198401650871e-03
-2.149959924497334487e-03
-2.133209658408715629e-03
-2.136593557796849507e-03
-2.142162624416204912e-03
-2.120975000649354472e-03
-2.130458493433884035e-03
-2.121934079888653651e-03
-2.105373096477167194e-03
-2.113921514879465828e-03
-2.102911631174111083e-03
-5.124442071204213201e-04
-3.879197472150780306e-04
-2.439193636455793540e-04
-6.297448249013209770e-04
-1.541788896005305966e-04
-7.779006250251111376e-05
-1.582479685699506207e-04
-6.765377689137682185e-04
-6.814921505528293314e-04
-7.470543324320857992e-04
-1.222711414945398161e-03
-1.055939573240656428e-03
-1.142435401672255374e-03
-9.684416337199069609e-04
-8.920962729550414817e-04
-7.693221961908762799e-04
-8.140151709794482288e-04
-7.929465743196690728e-04
-1.729555147688738651e-03
-1.778504508668176569e-03
-1.824110673570474451e-03
-1.679682359457189324e-03
-1.625663281718310203e-03
-1.857914318730565385e-03
-1.535182828199250019e-03
-1.566692122859092862e-03
-1.535854965934761989e-03
-1.435579098545456712e-03
-1.503056366384356891e-03
-1.884912066914357608e-03
-1.253021174632307309e-03
-1.256634684633068950e-03
-1.292102533695177729e-03
-1.328467680840063640e-03
-1.364738849309478103e-03
-1.329412930053992456e-03
-1.921885754119637959e-03
-1.928893467447841169e-03
-1.910409940332047102e-03
-1.950649080281745273e-03
-1.980060111334244841e-03
-1.982750169361854539e-03
-1.972699944435914957e-03
-1.990134627031022764e-03
-2.501969131760579598e-03
-2.608346981883529880e-03
-2.571834646824646201e-03
-2.583959971524960129e-03
-2.482812141062083061e-03
-2.564009423286642622e-03
-2.589902897953045083e-03
-2.606681359560533706e-03
-2.531851690290993530e-03
-2.498340166506934912e-03
-2.610794459218765060e-03
-2.388748086501905898e-03
-2.400645633153146094e-03
-2.381400533054335578e-03
-2.429412508139959515e-03
-2.420607187215259755e-03
-2.438482417951306006e-03
-2.471363790485275186e-03
-2.476500513108657962e-03
-2.459201771908095871e-03
-2.347941941636766915e-03
-2.361237542279580152e-03
-2.342003944209856622e-03
-2.306939131445717196e-03
-2.321733267872966733e-03
-2.303564517375881852e-03
-2.177191550797622117e-03
-2.194972975108780942e-03
-2.209091971648699266e-03
-2.226477925350675569e-03
-2.254363811726594474e-03
-2.154736482909083359e-03
-2.167703549453912047e-03
-2.161706234229929073e-03
-2.269436955254035271e-03
-2.285028741001611345e-03
-2.269096331104126282e-03
-2.161345778008351599e-03
-2.171932781863418309e-03
-2.171422135454203085e-03
-2.163297755537961411e-03
-2.156466758184887381e-03
-2.150664359414863371e-03
-2.144932222572198521e-03
-2.137566830959925467e-03
-2.127200634656947319e-03
-2.113237589492262310e-03
-2.086007554809331255e-03
-2.094347848258815495e-03
-2.090982105341030080e-03
-4.386208425119082462e-04
-5.058964473862543818e-04
-4.451580343170607719e-04
-3.135123410816882325e-04
-3.182633816350832886e-04
-3.832296907054549211e-04
-2.396455198748204932e-04
-5.572790116996017250e-04
-6.224316871663179923e-04
-5.646152740832665815e-04
0.000000000000000000e+00
-7.782806950286770900e-05
0.000000000000000000e+00
-7.232171998522779130e-04
-6.175871702394100876e-04
-1.176639361436215316e-03
-1.218857526165356133e-03
-1.180498556496106669e-03
-1.003836176487701761e-03
-1.052181608282229831e-03
-1.007603410305196213e-03
-1.093293041649570901e-03
-1.139263528150802124e-03
-1.096465135369409719e-03
-9.097754915618212323e-04
-9.610157778993963333e-04
-9.172370519858943222e-04
-8.126676715270956392e-04
-8.690753528392883547e-04
-8.358425307757307108e-04
-7.911468692356207148e-04
-1.707833748045562740e-03
-1.730767765395137704e-03
-1.706660989086537317e-03
-1.757867286517238734e-03
-1.780922183293118851e-03
-1.755444778599854830e-03
-1.839130976473346861e-03
-1.821517098111619885e-03
-1.841823386761577870e-03
-1.654572244265422329e-03
-1.680393087501547535e-03
-1.653875032453091826e-03
-1.596977628294931782e-03
-1.625437076132591743e-03
-1.597195192338805294e-03
-1.855288462258117711e-03
-1.566423937199897930e-03
-1.401873932766900272e-03
-1.401011782687046001e-03
-1.436447345547800210e-03
-1.472438643960190903e-03
-1.471315131028874332e-03
-1.504190523196844874e-03
-1.868211783854557047e-03
-1.869669560943060683e-03
-1.883292706009996077e-03
-1.291135378555314812e-03
-1.215229873968835198e-03
-1.365556549885260998e-03
-1.952093739522930537e-03
-1.944440224641874951e-03
-1.937201976631907664e-03
-1.884962806965209074e-03
-1.903768858595410174e-03
-1.891780223265558843e-03
-1.958450392930864530e-03
-1.966212882325910419e-03
-1.992671898674446170e-03
-1.997871394724178712e-03
-1.988898670709653843e-03
-2.536566450227751863e-03
-2.502870168813201620e-03
-2.535911010050238487e-03
-2.590963452491722423e-03
-2.600065347275446175e-03
-2.563266654259236006e-03
-2.597275986851318563e-03
-2.587801190112242605e-03
-2.572991409291360519e-03
-2.632263422258676946e-03
-2.616281368587018361e-03
-2.605462972193506050e-03
-2.657845901248475848e-03
-2.634720630394439024e-03
-2.629330710730584664e-03
-2.555325663441890618e-03
-2.552029051653407609e-03
-2.534723574152671598e-03
-2.513025099414519480e-03
-2.513603120716524121e-03
-2.497132970042638660e-03
-2.671452550760134055e-03
-2.639995518566946343e-03
-2.641982956725735712e-03
-2.366644661966161786e-03
-2.407247153124421942e-03
-2.448421159498561164e-03
-2.490204821446316552e-03
-2.325807795573876791e-03
-2.286636312656204189e-03
-2.155966965105869833e-03
-2.170877913077992431e-03
-2.162338772288552747e-03
-2.175245933682818690e-03
-2.189621823161934985e-03
-2.180352118306173002e-03
-2.194151565482957422e-03
-2.206033427723195876e-03
-2.222908854017061064e-03
-2.209520539688694749e-03
-2.235768712963587864e-03
-2.252490080460172166e-03
-2.237584518136620775e-03
-2.140315148965673403e-03
-2.154586241328887430e-03
-2.147375750266683828e-03
-2.251150643616365438e-03
-2.143868929479267153e-03
-2.149234439854881551e-03
-2.156018917921483612e-03
-2.157008620099339687e-03
-2.162168944622480399e-03
-2.166737505656691608e-03
-2.162185868074429675e-03
-2.148265528709005293e-03
-2.157597877892494624e-03
-2.153849539724260291e-03
-2.141004298284991496e-03
-2.147117745627478199e-03
-2.150430802033911556e-03
-2.136177324482630823e-03
-2.144816838681538624e-03
-2.142063435039177465e-03
-2.130829546878436516e-03
-2.136255770178993596e-03
-2.139463603008128108e-03
-2.123814647052385540e-03
-2.132796377499661042e-03
-2.128436977759562594e-03
-2.114446458883318357e-03
-2.123768939183807818e-03
-2.117694812161259946e-03
-2.102347771874177058e-03
-2.103982527919299322e-03
-2.111636565551810313e-03
-2.085973311546392931e-03
-2.086008674458973353e-03
-2.096015154293445325e-03
-4.985266629293814240e-04
-3.767263666815006177e-04
-2.350503336997561356e-04
-1.529686049199299736e-04
-1.535555682187991235e-04
-7.708297331372438138e-05
-6.737817334720374793e-04
-7.219482288810450104e-04
-6.752207684567507369e-04
-5.432580833048586931e-04
-6.105265729080618271e-04
-5.502507729451566222e-04
-1.135400776166068434e-03
-9.572353290538396968e-04
-1.049004362023105586e-03
-8.616177313366946144e-04
-7.437863580338952528e-04
-1.681536811678247152e-03
-1.733185604274915630e-03
-1.803680662599800762e-03
-1.781200374112860193e-03
-1.803522162677864997e-03
-1.821805381828918435e-03
-1.626105369288686087e-03
-1.853842159215886428e-03
-1.538074234506142755e-03
-1.536553519889899107e-03
-1.567849053860142757e-03
-1.437581416012843807e-03
-1.505488227451437381e-03
-1.876842441714333606e-03
-1.250138724902573979e-03
-1.289721373864308835e-03
-1.251559317268351092e-03
-1.169156205871467197e-03
-1.211488096939194667e-03
-1.172873467240688472e-03
-1.328948338382776812e-03
-1.328671367537095612e-03
-1.365831090000575645e-03
-1.942728629309065699e-03
-1.947280163630377061e-03
-1.932623604875295534e-03
-1.913186656195414725e-03
-1.917454323580244056e-03
-1.899531746801717564e-03
-1.964508305642224430e-03
-1.958680646761468136e-03
-1.972468803155755668e-03
-1.980960609873864010e-03
-1.980397726318822854e-03
-1.986910266986174640e-03
-2.564436308467844816e-03
-2.657709728412852457e-03
-2.625287735005570749e-03
-2.633930958742652581e-03
-2.613709717407521928e-03
-2.574868247104554388e-03
-2.644488574288209395e-03
-2.664745818527262076e-03
-2.532351035445347138e-03
-2.665564626301829450e-03
-2.353852115257432966e-03
-2.370548357336780924e-03
-2.349803319984438386e-03
-2.396919196658900929e-03
-2.391632710385237920e-03
-2.412291984089030318e-03
-2.443728516669584766e-03
-2.456691154420433034e-03
-2.435306193954797031e-03
-2.491474279205325125e-03
-2.501229432543818250e-03
-2.480156960304244831e-03
-2.309203833862493501e-03
-2.327784079764620533e-03
-2.307045184447324357e-03
-2.266365521423569472e-03
-2.285882560325182885e-03
-2.266924570327314044e-03
-2.147286814633383740e-03
-2.164913764146270212e-03
-2.180288866588502624e-03
-2.177433916878146209e-03
-2.197127756581790381e-03
-2.219545841003151519e-03
-2.192277854775106019e-03
-2.125893136464647969e-03
-2.132580581216884756e-03
-2.140641562920301069e-03
-2.227961629243566197e-03
-2.247985161410231622e-03
-2.230950092931844285e-03
-2.135135681407791114e-03
-2.150674317991923580e-03
-2.152271616244907405e-03
-2.144131299787457520e-03
-2.138240277821982886e-03
-2.133237767314582600e-03
-2.127122823801758100e-03
-2.118976766112847486e-03
-2.108330465971233227e-03
-2.094491013116460583e-03
-2.068992325732812217e-03
-2.075701369512456766e-03
-2.075241963161346057e-03
-4.261111274324190143e-04
-4.922491724824507899e-04
-4.323979696898398186e-04
-3.018416563222972495e-04
-3.707994833830153625e-04
-3.077804015083336446e-04
-2.342500472597803737e-04
0.000000000000000000e+00
-7.707370981641992799e-05
0.000000000000000000e+00
-6.091952026263931872e-04
-4.851805117673792743e-04
-1.084991405709694349e-03
-1.131232504679948684e-03
-1.089136695061351887e-03
-9.023888140299726138e-04
-9.535327107328033305e-04
-9.060810368129579425e-04
-9.959524490613176802e-04
-1.045056480848897528e-03
-9.999012252110170244e-04
-8.076100312442995206e-04
-8.590754442977763554e-04
-8.100921825072472660e-04
-7.346281793375554134e-04
-7.044871608252360013e-04
-7.738442616696358150e-04
-1.658425077062435039e-03
-1.656462654936354971e-03
-1.683487621799254885e-03
-1.712331236463167719e-03
-1.735474028467609868e-03
-1.710060448460590070e-03
-1.762109326812446013e-03
-1.759940884129392513e-03
-1.783365724474773005e-03
-1.845564708499195135e-03
-1.842360013142305738e-03
-1.824868966503233238e-03
-1.601609905208371733e-03
-1.599293027693641763e-03
-1.628488889640594467e-03
-1.857046580527229370e-03
-1.570112738183963852e-03
-1.404427208500212514e-03
-1.403108311565089182e-03
-1.438887546651400817e-03
-1.482723468447484823e-03
-1.510683447169698483e-03
-1.477404678329277601e-03
-1.865614117565929028e-03
-1.289935080095391557e-03
-1.210020997512622001e-03
-1.127449667274004049e-03
-1.367074299929407722e-03
-1.928157847491920179e-03
-1.953997328449281513e-03
-1.880390644121735129e-03
-1.897114434064898700e-03
-1.882759380182720717e-03
-1.972952888417802905e-03
-1.994809860573499346e-03
-1.995659937602443923e-03
-1.989548612660804305e-03
-2.606769875846582860e-03
-2.571660443449663193e-03
-2.600040964203629776e-03
-2.634511255333939293e-03
-2.648117754734331634e-03
-2.639489346737357647e-03
-2.621851948781369571e-03
-2.598852412177298822e-03
-2.575928678203113359e-03
-2.597199305123944028e-03
-2.689590923054395455e-03
-2.673089594569589764e-03
-2.660171911703257831e-03
-2.723003063722168916e-03
-2.696425313817975636e-03
-2.689604507561251662e-03
-2.544451625891501912e-03
-2.527579849295679207e-03
-2.549047421658674588e-03
-2.739101685636520511e-03
-2.699993384457140960e-03
-2.706493157431991842e-03
-2.329620116119012971e-03
-2.373417331504720004e-03
-2.418160534211949778e-03
-2.465486021626814295e-03
-2.515778467899467633e-03
-2.285991202072370360e-03
-2.245476110005875658e-03
-2.121246199770948290e-03
-2.138146310516577352e-03
-2.130264190638150000e-03
-2.139322096315367065e-03
-2.147347725032843629e-03
-2.156894260011537820e-03
-2.138050122147800401e-03
-2.158325366503454322e-03
-2.156284863164163040e-03
-2.194180888654024934e-03
-2.214298076469488688e-03
-2.199271034482055270e-03
-2.164611498928608810e-03
-2.184595634727491166e-03
-2.171626189962764554e-03
-2.106067261645895583e-03
-2.122775989827621265e-03
-2.115845865626980998e-03
-2.209469289199489372e-03
-2.114567766591227051e-03
-2.120125383215204842e-03
-2.129552017326841185e-03
-2.132830482350175048e-03
-2.138271693757835649e-03
-2.145226991588518404e-03
-2.140463630084590840e-03
-2.124425206832059824e-03
-2.132449830097578151e-03
-2.136140598523722685e-03
-2.120401203962500591e-03
-2.128220293466968720e-03
-2.130735903409178983e-03
-2.116994478065910290e-03
-2.123785535445591073e-03
-2.126510978526141050e-03
-2.111359283849453209e-03
-2.120979263816967671e-03
-2.117443545353768324e-03
-2.103436511163593418e-03
-2.113532773607966313e-03
-2.108853485625813810e-03
-2.092852067943530223e-03
-2.097622533596248725e-03
-2.103612084985438321e-03
-2.078990194008046785e-03
-2.090930189405194612e-03
-2.082757726734099733e-03
-2.063726762448429147e-03
-2.075334372374582417e-03
-2.066368247585268977e-03
-3.645399255702134501e-04
-2.283718215361197311e-04
-1.454479743619153346e-04
-7.324845108479331171e-05
-1.491682059878646563e-04
-5.297812226953929442e-04
-6.023182271596453849e-04
-5.365685419457476811e-04
-4.140186726583131027e-04
-4.791165053168078454e-04
-4.200906100082420777e-04
-1.040883536182272886e-03
-9.495731717066525825e-04
-8.553477787952238481e-04
-7.713556413839480581e-04
-6.364144430303656170e-04
-6.858211354616172706e-04
-6.551878123590609880e-04
-1.630422973873688584e-03
-1.685730607196668247e-03
-1.737565708382348816e-03
-1.812774611490176706e-03
-1.787851267794479540e-03
-1.808262823492178244e-03
-1.829468569445392209e-03
-1.551961844582554640e-03
-1.544899954276870817e-03
-1.576968367775198956e-03
-1.443961337892002254e-03
-1.517418077666352061e-03
-1.854836531300156112e-03
-1.850155213995700095e-03
-1.870150401000049249e-03
-1.250320221400691694e-03
-1.250182855196893192e-03
-1.290017031295955701e-03
-1.168950217659130500e-03
-1.209959420720208706e-03
-1.169052945333857920e-03
-1.081346333401859245e-03
-1.125601731174091487e-03
-1.083107043328593137e-03
-1.329396334883060351e-03
-1.367286765751328775e-03
-1.329175997984925533e-03
-1.936021528296067926e-03
-1.939300014302001345e-03
-1.925005229989535695e-03
-1.963196599719209574e-03
-1.963715875064553796e-03
-1.953382432296296017e-03
-1.907486542236957495e-03
-1.910236423870292433e-03
-1.894359309058522888e-03
-1.867982333539221435e-03
-1.972372081897924220e-03
-1.983700933465765755e-03
-1.988537755859548419e-03
-1.982270467443807572e-03
-2.696081906298522686e-03
-2.677006891500806774e-03
-2.651392001830306985e-03
-2.667337880590651272e-03
-2.621815380435757979e-03
-2.569679464315335806e-03
-2.704715717278731966e-03
-2.731357298268095347e-03
-2.718972744940871631e-03
-2.307515601177834511e-03
-2.329890545045800419e-03
-2.307222058583808209e-03
-2.350353236974153312e-03
-2.372766492998181018e-03
-2.350917101487320394e-03
-2.401151776477606411e-03
-2.421460250268285975e-03
-2.397669102934849722e-03
-2.454364518376516303e-03
-2.471668799488405815e-03
-2.447511816232740122e-03
-2.515087335866023413e-03
-2.501924986975701676e-03
-2.528794949190321835e-03
-2.260307678093186230e-03
-2.283910794509741091e-03
-2.262249545770317425e-03
-2.216063582855978212e-03
-2.240424387199947860e-03
-2.221008201741814236e-03
-2.112726154850854028e-03
-2.129552288041465947e-03
-2.137907341136576107e-03
-2.149611226126917594e-03
-2.177829941949304630e-03
-2.091992867082354685e-03
-2.098483828916915955e-03
-2.109300226146550421e-03
-2.178603122428298712e-03
-2.185438215855252560e-03
-2.202552214116562136e-03
-2.123921984546708018e-03
-2.103538840831905253e-03
-2.128332854069078621e-03
-2.122192272969455808e-03
-2.118516424240690730e-03
-2.113914960320165994e-03
-2.107149705956515903e-03
-2.098006951458807057e-03
-2.086195828568564344e-03
-2.072059469030456628e-03
-2.049908313938301595e-03
-2.055941692783019251e-03
-2.057235118923999694e-03
-2.934567795876341298e-04
-2.977467233126080966e-04
-3.602979987058021766e-04
-2.244353531256490172e-04
-3.546139678329373945e-19
-7.323573667201294102e-05
0.000000000000000000e+00
-4.723727968526174564e-04
-5.835911034787491731e-04
-3.542411254890377118e-04
-9.891605041331291183e-04
-1.037483165533263163e-03
-9.925482610590428707e-04
-8.970420092908810202e-04
-9.468926486227985514e-04
-8.997106659417226275e-04
-8.043050820341135021e-04
-8.059386157401756106e-04
-8.537057673220781228e-04
-7.197893113315705256e-04
-7.639822160569261118e-04
-7.272277702357844362e-04
-6.784582682821977285e-04
-1.599324919560931582e-03
-1.600388466986953128e-03
-1.629237993682606210e-03
-1.663771869707100911e-03
-1.661101534421390502e-03
-1.688458520939100337e-03
-1.718251926355913051e-03
-1.740576606043277817e-03
-1.715277114777333549e-03
-1.767557565314406293e-03
-1.790502281813405533e-03
-1.764863300172232318e-03
-1.834069474048664709e-03
-1.575793535536031131e-03
-1.396857382085089959e-03
-1.400698168037380802e-03
-1.440059958233099900e-03
-1.534806832166065111e-03
-1.543345016208692378e-03
-1.508852452841294607e-03
-1.290167222714834472e-03
-1.210006108591754528e-03
-1.125429632852246141e-03
-1.035549649176078970e-03
-1.363471217654926848e-03
-1.922009199145301942e-03
-1.949857664685324945e-03
-1.874284836780230109e-03
-1.891181132931308781e-03
-1.877457141125149021e-03
-1.845522952648841804e-03
-1.863275861272233394e-03
-1.850319030668188917e-03
-1.973642967405174909e-03
-1.997538207405242811e-03
-1.998987249239329075e-03
-1.992337476650226074e-03
-2.681687274617570310e-03
-2.644343547072471046e-03
-2.689154774529978371e-03
-2.703064512947384035e-03
-2.695446313238091494e-03
-2.674346143633019729e-03
-2.644913991681017724e-03
-2.645515381625597635e-03
-2.620617695308052018e-03
-2.580870059376215182e-03
-2.588727224808446900e-03
-2.561081830524858730e-03
-2.756242045646985217e-03
-2.721331356322410390e-03
-2.738921965416697170e-03
-2.803222202101193598e-03
-2.761326481160910305e-03
-2.771489180532117711e-03
-2.760828449508067380e-03
-2.728809580030463339e-03
-2.750406267751708336e-03
-2.281917814305697151e-03
-2.326876822506864124e-03
-2.373433862229325578e-03
-2.425257053045987848e-03
-2.482099487571210166e-03
-2.545413427449361339e-03
-2.236300912957187373e-03
-2.195586589648757143e-03
-2.082369853914725101e-03
-2.101349145929570263e-03
-2.093680236396080335e-03
-2.103718140696448496e-03
-2.120720781340655788e-03
-2.111719597711234422e-03
-2.119273526465409972e-03
-2.113135286638127656e-03
-2.138126917899300147e-03
-2.124796384408335001e-03
-2.145316430619242931e-03
-2.154062433347593043e-03
-2.169006555643983314e-03
-2.066690318687755372e-03
-2.086090342387819999e-03
-2.079422115722287696e-03
-2.160274166277650724e-03
-2.104540549701765240e-03
-2.109438622636522574e-03
-2.118955241999245787e-03
-2.079628682254856809e-03
-2.085722097762973421e-03
-2.097502439748159114e-03
-2.114379739572190380e-03
-2.096066731610220918e-03
-2.108452214035591576e-03
-2.110294225384895615e-03
-2.101510430834378166e-03
-2.109167075756574958e-03
-2.110892332449160278e-03
-2.096740926299955725e-03
-2.106716011782181798e-03
-2.103866016934912483e-03
-2.089150353817434240e-03
-2.100131273286943295e-03
-2.096143808539071597e-03
-2.079894755980380826e-03
-2.086197868394147094e-03
-2.091548471760407146e-03
-2.064696596335958458e-03
-2.072209047073360171e-03
-2.079055665610229486e-03
-2.055925535307773916e-03
-2.060013046395207850e-03
-2.067628886381266302e-03
-2.045386892210754228e-03
-2.047468845533656750e-03
-2.054589878022190005e-03
-2.202235543245965551e-04
-1.442871317376230849e-04
-1.448890612678189853e-04
-7.258493769168483276e-05
-4.021528586925192383e-04
-4.663843580914000912e-04
-4.081165575233523346e-04
-5.170951963888105636e-04
-5.771710296931967070e-04
-5.235095301334268675e-04
-2.812234415789133420e-04
-3.480665965598494366e-04
-2.874115102976270743e-04
-9.434974162610383977e-04
-8.510342076799909047e-04
-7.623586994253326275e-04
-6.124457576374129665e-04
-6.664320593254180643e-04
-6.244788392564319624e-04
-1.631839403725629696e-03
-1.691390560132074485e-03
-1.743317964620345276e-03
-1.808639265731573371e-03
-1.788461449325954352e-03
-1.810688001412719302e-03
-1.829446057876504567e-03
-1.567207683910746326e-03
-1.460981996581677293e-03
-1.471777924145368371e-03
-1.429161667025634786e-03
-1.497986646836152111e-03
-1.259211383645424988e-03
-1.254789037477149500e-03
-1.294616642209210676e-03
-1.168161467110918547e-03
-1.168314377232488026e-03
-1.209466880730613409e-03
-1.093820094906527637e-03
-1.087433520582085748e-03
-1.131553284129303621e-03
-9.920224662552340304e-04
-9.904965134116888118e-04
-1.037039154710269351e-03
-1.321948001125344916e-03
-1.325701198538384393e-03
-1.359599502279355875e-03
-1.933052110374472790e-03
-1.920595888134766886e-03
-1.934418854018268245e-03
-1.955937646131450033e-03
-1.946350080785728270e-03
-1.959481439817200785e-03
-1.904504324267350824e-03
-1.905891926671561152e-03
-1.889772553922900670e-03
-1.860318686338268898e-03
-1.974159631653818296e-03
-1.968551239463153107e-03
-1.978965245337065831e-03
-1.991720068197457873e-03
-1.987493796085386313e-03
-1.993734565032053308e-03
-2.721419934550588487e-03
-2.671675421706425080e-03
-2.726776381323924026e-03
-2.610535784941731170e-03
-2.777182818506548998e-03
-2.826060432092515010e-03
-2.783369741425816522e-03
-2.813745076658563486e-03
-2.794470316421408460e-03
-2.250365567143531621e-03
-2.278048898176767735e-03
-2.254142944577245192e-03
-2.297610056887256468e-03
-2.301308160482570114e-03
-2.323071642773694417e-03
-2.345782998875318645e-03
-2.372569633530345959e-03
-2.346597336618023565e-03
-2.400107389326908234e-03
-2.425978954651292121e-03
-2.399052354840621338e-03
-2.468756580941641049e-03
-2.459833340278328763e-03
-2.490732189958806339e-03
-2.543252809911741158e-03
-2.527065411134762733e-03
-2.560431707025803087e-03
-2.201877370994768414e-03
-2.230215174023032765e-03
-2.207819359240763626e-03
-2.159308057809008856e-03
-2.167871731453253903e-03
-2.186858336160871132e-03
-2.073664100681151153e-03
-2.091823604438952482e-03
-2.077709355820751835e-03
-2.107299340847790508e-03
-2.090006551746833707e-03
-2.127590516739555175e-03
-2.094046454087214026e-03
-2.049598819192005594e-03
-2.057574120937753683e-03
-2.071138061029043076e-03
-2.121527088198164272e-03
-2.149241010537619040e-03
-2.132402438809792578e-03
-2.092365712891284309e-03
-2.064797102832403343e-03
-2.100236519021757980e-03
-2.098898145504667426e-03
-2.098922148308219465e-03
-2.092634796808320614e-03
-2.084238755059547848e-03
-2.072382496982778932e-03
-2.060784708835741805e-03
-2.050823569427688824e-03
-2.039189848075423535e-03
-2.040506789776799172e-03
-2.041492935150384432e-03
-2.194939106625244142e-04
0.000000000000000000e+00
-7.253963785243808173e-05
-3.649289078734225152e-19
-4.600455626194371135e-04
-3.421173090356703899e-04
-5.651711611707474839e-04
-2.133120941700636809e-04
-8.893177010854214169e-04
-8.931618983269842610e-04
-9.396229270438658096e-04
-7.941559364918871324e-04
-8.459436155584235031e-04
-7.992329553785362459e-04
-7.033173981250873293e-04
-7.541219614394634825e-04
-7.115821073003115310e-04
-6.582164820355683498e-04
-1.618802993603194861e-03
-1.641566152902492652e-03
-1.608912663718088188e-03
-1.672273652215425059e-03
-1.667990098595170927e-03
-1.695666552884896906e-03
-1.725831801752657256e-03
-1.747093633684242142e-03
-1.722031295368125310e-03
-1.772839099284171174e-03
-1.791018787296978169e-03
-1.770227313559716905e-03
-1.827353809882665582e-03
-1.563577245658047746e-03
-1.549293154859909816e-03
-1.581650657421231586e-03
-1.378197676034397141e-03
-1.419726557367186753e-03
-1.387579042305946619e-03
-1.512860529248524549e-03
-1.523744248440142644e-03
-1.487018670978604382e-03
-1.213876514715010648e-03
-1.290645777450707748e-03
-1.130970762468790601e-03
-1.042954826484846723e-03
-9.409929351314747295e-04
-1.350237655030398637e-03
-1.918979942963137605e-03
-1.944790300156145225e-03
-1.965190166384313784e-03
-1.870805056143097890e-03
-1.887925042064181498e-03
-1.872636738224916315e-03
-1.840231160468445938e-03
-1.857560848329091506e-03
-1.842992189738957079e-03
-1.982845755446053810e-03
-2.004343963069279283e-03
-2.003673447163977807e-03
-1.999787713080344170e-03
-2.761196357524269788e-03
-2.721525279014014396e-03
-2.761656301702025262e-03
-2.693263584238891201e-03
-2.697115654631060226e-03
-2.667541345769863098e-03
-2.759980449852541488e-03
-2.757647489657690486e-03
-2.729630383517197417e-03
-2.619974951512402464e-03
-2.631092058754678879e-03
-2.598627071847988117e-03
-2.828341855722203875e-03
-2.789532947978751003e-03
-2.814360991954727685e-03
-2.870694243637824349e-03
-2.849188914017806648e-03
-2.836234549388831280e-03
-2.843882311750700175e-03
-2.835185159089518084e-03
-2.802883954282187930e-03
-2.224038199183629022e-03
-2.271814930522454701e-03
-2.319244112844930268e-03
-2.370433514945009291e-03
-2.431403240577322336e-03
-2.502680261890498619e-03
-2.578296506878029019e-03
-2.178624021188776093e-03
-2.138532014811767544e-03
-2.040723702329001743e-03
-2.053238561219773977e-03
-2.061221994884210838e-03
-2.056560067608278163e-03
-2.079709749695603238e-03
-2.068878241289324148e-03
-2.065928045526030724e-03
-2.086350813394644878e-03
-2.115055892415923511e-03
-2.098809047568465751e-03
-2.053602004732480758e-03
-2.064839039837324149e-03
-2.082773442878096178e-03
-2.032512433953489236e-03
-2.041385874352554496e-03
-2.049813202376477277e-03
-2.102151196487629138e-03
-2.069643962691064803e-03
-2.074538630661861179e-03
-2.087474861884627657e-03
-2.043831305263043869e-03
-2.046579392473428082e-03
-2.062078522675166777e-03
-2.083224837823508327e-03
-2.078981890158138751e-03
-2.087414480132598719e-03
-2.090323040934913279e-03
-2.087798743714565711e-03
-2.071993290445858608e-03
-2.084208189363564480e-03
-2.080365303519140195e-03
-2.064505288145022065e-03
-2.072041375051272317e-03
-2.076743456349718249e-03
-2.055269771829066131e-03
-2.067310502946834942e-03
-2.060187704063782752e-03
-2.040950417372579349e-03
-2.048595245014256556e-03
-2.052919069827387200e-03
-2.035566151266654522e-03
-2.045790265837196462e-03
-2.040579168755847668e-03
-2.028918446144737688e-03
-2.037451977925981098e-03
-2.033797501922719915e-03
-1.395056283080752457e-04
-7.013024212089570108e-05
-1.419178488016652965e-04
-3.906581034294908826e-04
-4.542388461425897342e-04
-3.964686665031500606e-04
-2.702249592833288853e-04
-3.365533717745797238e-04
-2.757677810345630920e-04
-4.927675038908724617e-04
-5.049703958487866771e-04
-5.529259155945972191e-04
-2.107927606894732277e-04
-8.420517062857975528e-04
-7.490646989814556383e-04
-5.936337502032628874e-04
-6.487672234458986831e-04
-6.030806759883958808e-04
-1.645752092280886383e-03
-1.591343574059522628e-03
-1.699462430151577226e-03
-1.749742050935822061e-03
-1.810607719961834176e-03
-1.791710042347422404e-03
-1.809491086698632959e-03
-1.824714810918301542e-03
-1.538395845027805669e-03
-1.440942286574006890e-03
-1.450896486042832631e-03
-1.409743579063246115e-03
-1.476963874208358455e-03
-1.203105633093609975e-03
-1.185427091117597590e-03
-1.231457458805078602e-03
-1.285511698642506292e-03
-1.303975506550445439e-03
-1.272284447459028425e-03
-1.057714619821474057e-03
-1.112993112334034708e-03
-1.075794630939209441e-03
-1.024904635117245564e-03
-8.806518741769347059e-04
-8.850469026147629982e-04
-9.365646049527751298e-04
-1.332100622826324493e-03
-1.932955338991882181e-03
-1.932906272240109439e-03
-1.919036362844663219e-03
-1.959402247342439778e-03
-1.946451472016855156e-03
-1.957379555009788104e-03
-1.968128190492045293e-03
-1.962008660546750872e-03
-1.971114461969931432e-03
-1.903741364347918182e-03
-1.904021417992328782e-03
-1.887608208069789951e-03
-1.855880010780439331e-03
-1.982419091809820184e-03
-1.987194192818116795e-03
-1.978057199347217632e-03
-2.001473746855446552e-03
-2.002452822670430527e-03
-1.996654458249931107e-03
-2.802895931337059249e-03
-2.653754739681084968e-03
-2.723615816682072206e-03
-2.791311489752239944e-03
-2.847490677780657384e-03
-2.909036445023654906e-03
-2.889542703342747043e-03
-2.868090357086586651e-03
-2.877370258736704125e-03
-2.182850692685204402e-03
-2.215706987042637306e-03
-2.191140379353072667e-03
-2.233352383593238850e-03
-2.264623149577472266e-03
-2.240748741924888585e-03
-2.280242656797698293e-03
-2.287838451849910290e-03
-2.312509842966862031e-03
-2.331735142863724033e-03
-2.364844894259113869e-03
-2.337031446079230242e-03
-2.404708972974771691e-03
-2.399955538395505752e-03
-2.434776991452959269e-03
-2.481598794377636377e-03
-2.510579386848060725e-03
-2.472585309415319989e-03
-2.570052329361666166e-03
-2.593319816296390905e-03
-2.554440669634953226e-03
-2.134424185458523755e-03
-2.167279309377970111e-03
-2.145726718782872341e-03
-2.091959859725517346e-03
-2.124816147477216494e-03
-2.105695699460673719e-03
-2.036420038633313286e-03
-2.047721637199004241e-03
-2.026542103140701809e-03
-2.051574831405089325e-03
-2.040875671042829097e-03
-2.068422483558829579e-03
-2.038680442608852526e-03
-2.006006338085479165e-03
-2.019325212712687508e-03
-2.028147818468835351e-03
-2.053222849799605197e-03
-2.086676934753074839e-03
-2.068882350753758256e-03
-2.056978859462411068e-03
-2.018719553720220699e-03
-2.031394311541282090e-03
-2.034069173181417452e-03
-2.059123486060993914e-03
-2.064377610311985897e-03
-2.078054619572250461e-03
-2.069279340370666805e-03
-2.075273498546626166e-03
-2.067944197182064459e-03
-2.059449995562965922e-03
-2.042551848772475136e-03
-2.053722312477940237e-03
-2.048534960958524852e-03
-2.038432640367459324e-03
-2.041839933520755643e-03
-2.032505388826863057e-03
-2.024691569034851261e-03
-2.026285286112427218e-03
-2.030760230012472554e-03
3.932054944025511335e-19
-7.005259453523541430e-05
0.000000000000000000e+00
-3.308026866017892533e-04
-4.420551725275256947e-04
-2.052410306516097452e-04
-5.435216339142387443e-04
-7.881338571182065940e-04
-7.911576439705472578e-04
-8.390382017714743783e-04
-6.864410946370161967e-04
-7.405970810343483505e-04
-6.948889945961080061e-04
-6.403245986935398974e-04
-1.635214785776314961e-03
-1.626917892830849911e-03
-1.654017279657592904e-03
-1.574494987660860932e-03
-1.596902268295725350e-03
-1.568885568409796993e-03
-1.681300093436946487e-03
-1.676746847277684870e-03
-1.704004356386339993e-03
-1.735692628856071867e-03
-1.754676035613162745e-03
-1.730704328069740221e-03
-1.789463746404060338e-03
-1.800169496848122875e-03
-1.781121352091871593e-03
-1.825419440215113494e-03
-1.543911731653913695e-03
-1.357490318325566252e-03
-1.399372854271783810e-03
-1.367909627685900270e-03
-1.502203008684089604e-03
-1.507457699807104867e-03
-1.471741680071385209e-03
-1.124938714062794810e-03
-1.164062259063293817e-03
-1.146572261477617335e-03
-1.244632865176509501e-03
-1.091400614129986631e-03
-9.481194023441727155e-04
-1.003018406967638894e-03
-9.701529398975777948e-04
-8.347055296163451762e-04
-9.145204449338187845e-04
-1.321764341665880495e-03
-1.918565997153231844e-03
-1.946273803094505711e-03
-1.963804253748101074e-03
-1.975397184770782272e-03
-1.869056989207167584e-03
-1.886647019075796475e-03
-1.869998100331457655e-03
-1.835770563551812661e-03
-1.837975907934407717e-03
-1.853465269911094664e-03
-1.992027703807486630e-03
-2.009902072167138627e-03
-2.009670568869534671e-03
-2.007233658617762519e-03
-2.845750863672130530e-03
-2.803804404404813041e-03
-2.845842435940939500e-03
-2.658670695986912330e-03
-2.674679209425245494e-03
-2.637814489718294172e-03
-2.726551527361113780e-03
-2.709961788456721234e-03
-2.743555813945630466e-03
-2.806378007609965607e-03
-2.815628980927522076e-03
-2.780688643366829339e-03
-2.894445678293572181e-03
-2.881482892337739604e-03
-2.860095375341943288e-03
-2.951666335150607279e-03
-2.930586232457918147e-03
-2.911172226742192795e-03
-2.931660225421955836e-03
-2.888751976063302397e-03
-2.920097404133545609e-03
-2.156542409852677412e-03
-2.206094654529183480e-03
-2.254814170943106409e-03
-2.303619636120525851e-03
-2.364778878577257059e-03
-2.438771888866912534e-03
-2.521859239818650608e-03
-2.611277580267132043e-03
-2.111237135685684659e-03
-2.070838030817436903e-03
-1.991256735227278640e-03
-2.015270229960548429e-03
-2.011572067530062805e-03
-2.007518613600672679e-03
-2.023477793508015026e-03
-2.031503048891974278e-03
-2.015819544250645710e-03
-2.019217490524904783e-03
-2.052175669891306321e-03
-2.035604708919269094e-03
-1.992188773900657739e-03
-2.022373061522530178e-03
-2.008658167402381858e-03
-2.012594208641936121e-03
-1.998386976709789868e-03
-2.034669186574702970e-03
-2.034397292627960780e-03
-2.039038696330261208e-03
-2.052335151742709293e-03
-2.009005346947929493e-03
-2.013768508818091808e-03
-2.026673300349268129e-03
-2.046989802275772652e-03
-2.050876535390305962e-03
-2.054931769549149089e-03
-2.065123854063669918e-03
-2.061382528459933423e-03
-2.044356677167080000e-03
-2.054317700436976164e-03
-2.058090964169977631e-03
-2.041108768293720989e-03
-2.048244531069609575e-03
-2.052918613393618814e-03
-2.024954412694022869e-03
-2.040082361437746405e-03
-2.033839999458442616e-03
-2.019702967009348420e-03
-2.030404617098865473e-03
-2.027743600366352806e-03
-2.022005556997616763e-03
-2.032361872729905160e-03
-2.031591679053177963e-03
-2.016345404415719779e-03
-2.022801264676463324e-03
-2.026078706593891204e-03
-2.013920778755698155e-03
-2.019022461718067082e-03
-2.021378356776624627e-03
-1.356166914606160567e-04
-1.375934082070676850e-04
-6.808369141294416964e-05
-2.609340358226355404e-04
-3.260938075850946735e-04
-2.656325996440002737e-04
-3.714157996660879526e-04
-4.323701323064404437e-04
-3.810823555018239776e-04
-2.032141126879142938e-04
-4.750069184722427451e-04
-4.839209571476008574e-04
-5.345770515568505328e-04
-7.375844033189523502e-04
-5.756586230457037302e-04
-6.313017913062580599e-04
-5.846541686659473009e-04
-1.658636758019619087e-03
-1.604990679288174904e-03
-1.708927197613850472e-03
-1.762981157334764628e-03
-1.823164187681232699e-03
-1.812835882464909794e-03
-1.538481579320136530e-03
-1.425302406575883023e-03
-1.433058558033370239e-03
-1.391610390596067148e-03
-1.463861187104899177e-03
-1.195702628340694238e-03
-1.199381518964124510e-03
-1.160480163811006184e-03
-1.240818872088266054e-03
-1.025590391589116220e-03
-1.075353520930655629e-03
-1.041674940664930743e-03
-9.869937719440280421e-04
-7.830277062435952312e-04
-8.320602507622433530e-04
-7.855702796408420329e-04
-8.646682796721277646e-04
-8.726960038055852492e-04
-9.063982236311904882e-04
-1.270717534890326243e-03
-1.314304363773473663e-03
-1.278157731936918444e-03
-1.933902669065035076e-03
-1.919157020803842918e-03
-1.933367972829197262e-03
-1.957676081630093951e-03
-1.945535800279190545e-03
-1.958339518013788028e-03
-1.970872797031760285e-03
-1.904740283927145936e-03
-1.904123182887389881e-03
-1.887180354268637233e-03
-1.852672782384017468e-03
-1.998810612284989373e-03
-1.990590254425032238e-03
-2.000188234031645591e-03
-2.007460332619599372e-03
-2.011627713283795516e-03
-2.889845047259546364e-03
-2.691440227066724169e-03
-2.766058963750780628e-03
-2.847355162368434868e-03
-2.922062415012668772e-03
-2.983514896439917567e-03
-2.967732201555981809e-03
-2.947985297396651765e-03
-2.959710914771771298e-03
-2.105423037185621266e-03
-2.143205591451823738e-03
-2.118690287034266477e-03
-2.159506771374687922e-03
-2.169917860180304095e-03
-2.195389918690604340e-03
-2.213589177681703733e-03
-2.246645234632050139e-03
-2.223170185193349378e-03
-2.239113419340459099e-03
-2.285816936441580939e-03
-2.259961979585864249e-03
-2.294741620526758764e-03
-2.311539108341345485e-03
-2.348170888939046623e-03
-2.396872281862469541e-03
-2.437197412470728901e-03
-2.398277026783027059e-03
-2.493972680032152667e-03
-2.530057806246105954e-03
-2.485181635525385291e-03
-2.597481032968146017e-03
-2.626105261201613396e-03
-2.581406290049045611e-03
-2.057956586494581307e-03
-2.095371891799880856e-03
-2.073870038545416218e-03
-2.017192364474969420e-03
-2.053646187861996909e-03
-2.034103887253288848e-03
-1.998019105378393695e-03
-1.971094227445051566e-03
-1.988610610811421004e-03
-1.998258341741086103e-03
-2.004330683061088941e-03
-1.980377931930913694e-03
-1.983934834878223544e-03
-2.001578197471271057e-03
-1.994903984457978806e-03
-1.957846303000069111e-03
-1.973813924302058979e-03
-1.982354254985101150e-03
-1.981841223631334182e-03
-2.016966625542631827e-03
-1.999673947979181687e-03
-2.021861596305768449e-03
-1.996650980013852175e-03
-2.026632220024266601e-03
-2.030442915311625029e-03
-2.043132029572901440e-03
-2.038886084250126143e-03
-2.047473809393849428e-03
-2.042772854416490674e-03
-2.033095931442636950e-03
-2.023615013428896325e-03
-2.018241744349126652e-03
-2.021024772072663352e-03
-2.015204395388761269e-03
-2.017296820600968706e-03
0.000000000000000000e+00
-6.798129295187868267e-05
4.028807688739911573e-19
-1.985452637341809825e-04
-3.164455823847127716e-04
-4.234669006490659614e-04
-5.255600647022795613e-04
-6.831568557021086476e-04
-6.848075581225756669e-04
-7.359219854607265340e-04
-6.296703230254082143e-04
-1.627153103599219587e-03
-1.654604986185052948e-03
-1.631239110499958615e-03
-1.601059616277279805e-03
-1.689408101071891623e-03
-1.685177260196738230e-03
-1.712878581805156279e-03
-1.747526095708806879e-03
-1.768818307305737190e-03
-1.741605575317337626e-03
-1.830636153434338220e-03
-1.833157036506271069e-03
-1.810217258256170171e-03
-1.562632798552556976e-03
-1.568462852429576863e-03
-1.532596109585856450e-03
-1.341497640524205812e-03
-1.383557988912189653e-03
-1.349544345068288444e-03
-1.489428136498061224e-03
-1.495752258104268576e-03
-1.457537122530887198e-03
-1.102039398498763255e-03
-1.149003324001426169e-03
-1.113517274502669359e-03
-1.233427620194207886e-03
-1.063949629358331090e-03
-9.036307131885597428e-04
-9.648327920235213063e-04
-9.259635764656598458e-04
-7.332941065328365919e-04
-8.240116447021735187e-04
-8.841520792130402352e-04
-1.306355050656158668e-03
-1.919585294199761469e-03
-1.945964348997756806e-03
-1.979850043449712590e-03
-1.969589506892840090e-03
-1.968773260687521533e-03
-1.981074810210049861e-03
-1.868794114137273428e-03
-1.886969398427230937e-03
-1.868988998680639734e-03
-1.850061652738305314e-03
-2.006258137126419941e-03
-1.989303611008264808e-03
-2.939592998104909038e-03
-2.892104566945399857e-03
-2.936723667294257635e-03
-2.705943066553987732e-03
-2.714601240911073722e-03
-2.680808698669328791e-03
-2.754164874919024300e-03
-2.881857149701010524e-03
-2.886130772719833204e-03
-2.841570135291664884e-03
-2.978581576689978000e-03
-2.963856981451558001e-03
-2.935364477968663115e-03
-3.041511582691855051e-03
-3.013566247177719339e-03
-2.997460225286151247e-03
-3.043742601151487419e-03
-2.988126757067586375e-03
-3.015350759360401357e-03
-2.079630576836092194e-03
-2.130294493922066899e-03
-2.185250379860830851e-03
-2.226461560288060630e-03
-2.265380249780236423e-03
-2.341581078073274105e-03
-2.440914557320008477e-03
-2.541526240245531917e-03
-2.648361340027198356e-03
-2.035557299087631302e-03
-1.997851400423429364e-03
-1.951301363051812475e-03
-1.970642352286998931e-03
-1.978789344467188176e-03
-1.959923513360411172e-03
-1.952889250871693398e-03
-1.985494347795825967e-03
-1.971792639347455176e-03
-1.929202778601480902e-03
-1.949440500635494199e-03
-1.960137311323477231e-03
-1.971130956059935838e-03
-1.921100243286873524e-03
-1.955682732742489334e-03
-1.939427151254273941e-03
-1.965921812139448822e-03
-2.000185000526537391e-03
-2.017518831486640220e-03
-2.004493821813608904e-03
-1.971643177007370920e-03
-1.977687767876347685e-03
-1.990599218618637097e-03
-2.013562268602531700e-03
-2.019568954087897460e-03
-2.023022988449078418e-03
-2.035390892162724109e-03
-2.031911143437124985e-03
-2.014917102630648087e-03
-2.029402374395149460e-03
-2.028004649725896266e-03
-2.019939083838727303e-03
-1.999740655886787007e-03
-2.012390185828855961e-03
-2.010927791983053384e-03
-1.998991483066724518e-03
-2.007662457770436042e-03
-2.009326067003208618e-03
-1.999270698021140061e-03
-2.010709734265294247e-03
-2.009587528565061256e-03
-2.007578008350532385e-03
-1.290653451813524803e-04
-6.468166842433369123e-05
-1.323686905743138827e-04
-1.951937355589777943e-04
-2.472314438690474659e-04
-2.541202917057312251e-04
-3.095263117032653758e-04
-3.539764719059336961e-04
-4.146758638151923186e-04
-3.627145169648400601e-04
-4.611486075765204367e-04
-5.185958871788281816e-04
-4.680824832565921682e-04
-5.730244513960580047e-04
-5.743488246792293351e-04
-6.283305838091757765e-04
-1.658633987504198274e-03
-1.595106217616810637e-03
-1.718724015071156595e-03
-1.794357611960208966e-03
-1.771040953649800388e-03
-1.791873726520662891e-03
-1.812546657512705255e-03
-1.526150984904664108e-03
-1.410704116705493397e-03
-1.417946836565694979e-03
-1.376301673179226468e-03
-1.450188085750548847e-03
-1.180222754156662335e-03
-1.187918043574361831e-03
-1.141302070115384273e-03
-1.225589464202978592e-03
-1.003138803394461841e-03
-1.052692964283256363e-03
-1.014390879864784760e-03
-9.534765162457414442e-04
-6.880002570881720665e-04
-6.855161508145075303e-04
-7.357786801306148879e-04
-8.023157097885522115e-04
-7.925874019778135363e-04
-8.337057093665777539e-04
-8.532834216287779345e-04
-1.252970543818506021e-03
-1.297418866371480252e-03
-1.261860440820502128e-03
-1.943290592762717678e-03
-1.938399557503409478e-03
-1.924270058537280986e-03
-1.958361373385935061e-03
-1.946413617411893449e-03
-1.958017063406550674e-03
-1.977959012685293408e-03
-1.978902346088177479e-03
-1.967803766878651467e-03
-1.906876349233188866e-03
-1.905755003457367067e-03
-1.888131294416032710e-03
-1.849984472120878680e-03
-1.998895061704888260e-03
-1.989332183228007325e-03
-2.992127868282067147e-03
-2.770998237566612427e-03
-2.735644184741463196e-03
-2.786344804559694535e-03
-2.927231569241180859e-03
-2.821631434909466739e-03
-3.009691232754318525e-03
-3.045457448912558714e-03
-2.018278921205872520e-03
-2.036991295560661164e-03
-2.061012222568219150e-03
-2.071581949864530203e-03
-2.114397422863601404e-03
-2.087075455224552366e-03
-2.144530384594842479e-03
-2.178287639860517107e-03
-2.150296088776685113e-03
-2.190876502900448303e-03
-2.191436730731977263e-03
-2.213963075905371180e-03
-2.240561606717850728e-03
-2.287513255228325586e-03
-2.288552991112809132e-03
-2.340322139970278572e-03
-2.391331044888112337e-03
-2.440478824318111865e-03
-2.391263259859021696e-03
-2.504853467471237528e-03
-2.548748335685482001e-03
-2.496420442828626261e-03
-2.634976934396529580e-03
-2.613217545901601845e-03
-2.667926581180995842e-03
-1.975974231233828225e-03
-1.995771390216705653e-03
-2.016403216339402935e-03
-1.928214417663984270e-03
-1.954670448647678836e-03
-1.972320347958357069e-03
-1.935076933159159303e-03
-1.906572830012489769e-03
-1.928289025803535221e-03
-1.938273647200896947e-03
-1.939756724400966675e-03
-1.916640186403308424e-03
-1.942563432681444074e-03
-1.950143196826149665e-03
-1.963562540332099669e-03
-1.906511890995874793e-03
-1.913198864223808037e-03
-1.932591330397825848e-03
-1.908013487844796748e-03
-1.929829615080582914e-03
-1.944522191392285878e-03
-1.986078940774885140e-03
-1.957296712124359343e-03
-1.991926505063486893e-03
-1.995980090264125231e-03
-2.009494128772571289e-03
-2.005857796320643319e-03
-2.016952021974630256e-03
-1.999661582397973831e-03
-2.012274887442790788e-03
-2.006826889072355416e-03
-1.999627605855290764e-03
-1.999659533251231351e-03
-1.999185092268455574e-03
4.153982975693834094e-19
-6.459288824062995454e-05
0.000000000000000000e+00
-1.882947443435655812e-04
-3.007574268875656820e-04
-4.077126034609097850e-04
-5.172648812731659058e-04
-6.306942135510616027e-04
-1.622377300998765343e-03
-1.656156529214367415e-03
-1.624835326308571130e-03
-1.592821641795067952e-03
-1.725808544436207605e-03
-1.707524522676376767e-03
-1.736863751348865885e-03
-1.777037831024280397e-03
-1.785875008518279967e-03
-1.762165091890478298e-03
-1.828948327736441663e-03
-1.829707151214314369e-03
-1.811717110865677764e-03
-1.553069153135236934e-03
-1.557770544279546551e-03
-1.521442270759683791e-03
-1.328515461094338657e-03
-1.369710662775558505e-03
-1.335015524999076924e-03
-1.479105411461909122e-03
-1.484196202705319887e-03
-1.445089001565170181e-03
-1.082476837837245080e-03
-1.092273076663820633e-03
-1.131479290367723043e-03
-1.216666465271074200e-03
-1.042933940811684862e-03
-9.090499018551217135e-04
-9.061399448122426899e-04
-9.558243494478401055e-04
-7.452414147611791800e-04
-7.921472488898865551e-04
-8.480231599265100183e-04
-7.970915550132868371e-04
-1.290896439137529002e-03
-1.925288547209796615e-03
-1.951100805075426346e-03
-1.968171455999695799e-03
-1.988440322020643396e-03
-1.869949172727244924e-03
-1.888638099020528531e-03
-1.869428333671488245e-03
-1.849064659787697873e-03
-3.040673013185022765e-03
-2.991156153368191000e-03
-3.044280034676475136e-03
-2.697688449331081192e-03
-2.956216367159498343e-03
-2.964852056781753804e-03
-2.915462225094035166e-03
-2.819820647618062268e-03
-2.847994104265887984e-03
-2.791973015400362086e-03
-3.082721278765250539e-03
-3.066569793320114354e-03
-3.031976449047352716e-03
-3.121787090760227458e-03
-3.081250622479055068e-03
-3.084053001966684856e-03
-1.995384441133336677e-03
-2.042658448553784107e-03
-2.105333653537149342e-03
-2.165901367398182648e-03
-2.188733382528190545e-03
-2.240228424719277467e-03
-2.187934880818833555e-03
-2.334750227230421131e-03
-2.234007923849049004e-03
-2.443003175959079787e-03
-2.564572740479323897e-03
-1.950839606957045173e-03
-1.917436366666771608e-03
-1.882211647931245502e-03
-1.916311794262160785e-03
-1.901072415079052037e-03
-1.893289447191132038e-03
-1.881722671551068829e-03
-1.904753464547305269e-03
-1.916742328573533757e-03
-1.857969045650235875e-03
-1.893067701993971647e-03
-1.881630037098395557e-03
-1.924810238426795123e-03
-1.864120872766605007e-03
-1.892195816531211730e-03
-1.885197259115580469e-03
-1.893708119727004159e-03
-1.962617960596858835e-03
-1.967033994876239960e-03
-1.981635538148734596e-03
-1.930622937261307738e-03
-1.936501215554048329e-03
-1.951404794430889678e-03
-1.977423817429005415e-03
-1.985581029604950587e-03
-2.002795277000812835e-03
-1.988698359412826439e-03
-2.000191547214808310e-03
-1.978355602003866679e-03
-1.996510580765159873e-03
-1.988814339030636237e-03
-1.974732564484827681e-03
-1.987050299628561733e-03
-1.987194676146409114e-03
-1.973513891646835015e-03
-1.986627385529441629e-03
-1.986684144711941061e-03
-1.988614855353266174e-03
-1.240859406048453026e-04
-1.266060956261726709e-04
-6.208365537263656664e-05
-1.857430364814316860e-04
-2.378603447058326469e-04
-2.425706560900139724e-04
-2.960144524973709959e-04
-3.438652026812112801e-04
-4.026095642801558660e-04
-3.489284409960783902e-04
-4.581782685273695600e-04
-4.596850651648741893e-04
-5.157464641000559982e-04
-5.649225609780213425e-04
-5.690126244057497947e-04
-6.265701608109072469e-04
-1.677097763888637464e-03
-1.683198275304952996e-03
-1.650022760406710809e-03
-1.587965612212495319e-03
-1.701533919249148888e-03
-1.751706191297403275e-03
-1.803187704614748858e-03
-1.516228910205033413e-03
-1.399480906776013472e-03
-1.405028097752557140e-03
-1.364131374837545749e-03
-1.439426249429010592e-03
-1.169354107196711847e-03
-1.126105435294746937e-03
-1.174748550814043446e-03
-1.211140781411793868e-03
-9.732619529413126698e-04
-9.883516831213107635e-04
-1.028105142120172913e-03
-9.409076479142903029e-04
-8.503514057505304549e-04
-7.400233490837697294e-04
-1.238297531830330825e-03
-1.245656040239109287e-03
-1.283470911309257103e-03
-1.943695481389868564e-03
-1.925494605610711136e-03
-1.943452127526127922e-03
-1.966521555491586911e-03
-1.959011578623735816e-03
-1.976394456960392076e-03
-1.910278567776008997e-03
-1.908499012393748921e-03
-1.890393827444639477e-03
-1.849714510141236678e-03
-3.157835527249398984e-03
-3.098490983679960589e-03
-3.098446398887313730e-03
-2.667248553181490733e-03
-2.716323552306360457e-03
-2.647443327165564363e-03
-3.018566069377615069e-03
-2.881581941486369147e-03
-2.737247233619734613e-03
-3.106047047858840823e-03
-3.137987481167460978e-03
-1.926133234353911939e-03
-1.971613349864192836e-03
-1.950155827544781690e-03
-1.971418159638358043e-03
-1.993522926527427873e-03
-2.020509587308107723e-03
-2.030825834828826719e-03
-2.086560649175283298e-03
-2.049682059148193874e-03
-2.099908011334314720e-03
-2.143988246635513545e-03
-2.120489988210618945e-03
-2.140500683500024849e-03
-2.262220144145364598e-03
-2.324625553406698374e-03
-2.272018356511315909e-03
-2.154769073696127281e-03
-2.219382869442507351e-03
-2.169340076099918972e-03
-2.381613531744780458e-03
-2.440686367807125973e-03
-2.383190292937659681e-03
-2.515909828907365690e-03
-2.572657726915406669e-03
-2.506893662852818262e-03
-1.901199168920378888e-03
-1.915444328889269639e-03
-1.939003500742519839e-03
-1.859995591741243817e-03
-1.883866085976634332e-03
-1.893860218918257468e-03
-1.872146556328306219e-03
-1.836243991741234264e-03
-1.858647217613422237e-03
-1.870938151025756946e-03
-1.868619229886053085e-03
-1.845990595382034083e-03
-1.895734256232705674e-03
-1.901088091241682175e-03
-1.919517965516490034e-03
-1.851569156690746057e-03
-1.857367164853112890e-03
-1.879416230642592120e-03
-1.830571840281229601e-03
-1.868652995850718021e-03
-1.855416865806478952e-03
-1.946827919703269637e-03
-1.913421850516565164e-03
-1.954535013095158504e-03
-1.958512465684998736e-03
-1.973459438294994372e-03
-1.970199830416785418e-03
-1.981776022518323341e-03
-1.975775585783407819e-03
-1.974151936451339594e-03
0.000000000000000000e+00
-6.199845313291224016e-05
4.242209156362755644e-19
-1.810121213629182308e-04
-2.909053637731675614e-04
-4.011112477455371951e-04
-5.116807763582572298e-04
-6.548572119570223631e-04
-6.714712495336267080e-04
-6.099701706880696246e-04
-1.615026761507757334e-03
-1.646289005953898181e-03
-1.618771966988489901e-03
-1.584356054214044584e-03
-1.730211545114199818e-03
-1.727939703868271344e-03
-1.703896553235587866e-03
-1.753788993260567159e-03
-1.828254697064123947e-03
-1.828525994148086885e-03
-1.802856074368205854e-03
-1.546630556403196530e-03
-1.549762672444700284e-03
-1.513081500600792694e-03
-1.315860230443475793e-03
-1.322200609060749038e-03
-1.357744492953168441e-03
-1.471482136530145781e-03
-1.475220379163481822e-03
-1.435666150956050983e-03
-1.062236248344443790e-03
-1.072447660805580637e-03
-1.115979276572779668e-03
-1.203810030076207403e-03
-1.017755328901767328e-03
-8.555227965068067444e-04
-9.145680084144294612e-04
-8.821746655159282829e-04
-8.235010177351361968e-04
-7.235080070262475162e-04
-1.277152472310476468e-03
-1.927127183886100624e-03
-1.958708827240390749e-03
-1.958430950589996195e-03
-1.872428174916437871e-03
-1.891583185719605343e-03
-1.871256935652363274e-03
-1.849326300638334634e-03
-3.158437929526157917e-03
-3.099311420746980652e-03
-3.158146007098422674e-03
-2.585096250949649350e-03
-3.038361971955400552e-03
-3.062459747572019927e-03
-2.993766842130366011e-03
-2.877064864314099815e-03
-2.912782985538016692e-03
-2.843495530921642291e-03
-2.701072426481465269e-03
-2.756696436292496808e-03
-2.679236619040761998e-03
-3.202134802139401052e-03
-3.166236206508105111e-03
-3.142476091412296085e-03
-3.183754718886951281e-03
-1.946861306262689939e-03
-1.913312782792817891e-03
-1.998598331498877261e-03
-2.062517059741982017e-03
-2.061399032619259074e-03
-2.123591164806223983e-03
-2.078612416342266300e-03
-2.316517594634959470e-03
-2.203858210894451587e-03
-2.104130074208814937e-03
-2.442742010141283129e-03
-1.840602476052196138e-03
-1.871053909887133862e-03
-1.885166142989633774e-03
-1.850830516106602690e-03
-1.844536432939074700e-03
-1.817662317384119257e-03
-1.840398081351459457e-03
-1.849549975932462259e-03
-1.825972280832346452e-03
-1.805059703618843228e-03
-1.830856693583612915e-03
-1.842873595437011409e-03
-1.783379690023701456e-03
-1.820209742785253160e-03
-1.809254615526822377e-03
-1.873934511785677916e-03
-1.802838625723467147e-03
-1.827101348093425857e-03
-1.833079501369550522e-03
-1.816583112370382834e-03
-1.920083206764364040e-03
-1.925259179588870596e-03
-1.941607243969911472e-03
-1.884202782387147876e-03
-1.907722165074370122e-03
-1.889897440246803180e-03
-1.937475033438463071e-03
-1.949290145560242035e-03
-1.967423861506044716e-03
-1.951647299594203109e-03
-1.963550123402422933e-03
-1.961025541696984065e-03
-1.198759003297850904e-04
-5.986152727781653718e-05
-1.220040918599110956e-04
-1.788484553891936727e-04
-2.341856851805898185e-04
-2.360461535929803307e-04
-2.890302952759359880e-04
-3.499076532888683645e-04
-3.469107886467252605e-04
-4.040994891426030440e-04
-4.613179913170513836e-04
-5.132213440430866743e-04
-4.597752071495473476e-04
-5.547588596833893937e-04
-5.599028590235511109e-04
-6.048088501739606101e-04
-1.674036925313308020e-03
-1.644878408544978238e-03
-1.675477407380181107e-03
-1.581070487383443458e-03
-1.702328801006056536e-03
-1.781413802454834272e-03
-1.779154019206017007e-03
-1.756080140326919496e-03
-1.805029689609392255e-03
-1.509205367354383466e-03
-1.391365207540771988e-03
-1.353737075163881885e-03
-1.395350625147629038e-03
-1.431532908568430677e-03
-1.133425546250183729e-03
-1.151520947846732153e-03
-1.097863270956317850e-03
-1.185822570814754409e-03
-1.016789738403932331e-03
-1.039879792564702300e-03
-9.948924005828232477e-04
-9.156034346233582130e-04
-8.853834616732786031e-04
-9.446672019361689043e-04
-7.359620764083407533e-04
-7.956618153836135174e-04
-7.640690671963609217e-04
-6.953792650159584896e-04
-1.221509917816541481e-03
-1.268724376946238699e-03
-1.229875515972388145e-03
-1.946220063095334537e-03
-1.929784356668195989e-03
-1.914575435638858278e-03
-1.912429414994321454e-03
-1.893876206454777819e-03
-1.850645256563361422e-03
-3.290238586398360875e-03
-3.218041528953020751e-03
-3.220144307173964521e-03
-2.526968295500488324e-03
-2.516839011433582261e-03
-2.593547706820207265e-03
-2.950309790485883266e-03
-3.166324753882688789e-03
-3.099671797608821895e-03
-3.126076406881407241e-03
-2.780363233545973464e-03
-2.605521826773465194e-03
-3.186175294708080280e-03
-3.243318919680930612e-03
-1.860861553227535509e-03
-1.915132125107310958e-03
-1.892220713541788602e-03
-1.817058673656646826e-03
-1.870157966635018669e-03
-1.858668699342631934e-03
-1.915191706284271418e-03
-1.941838562714444253e-03
-1.971905498328587955e-03
-1.981862129371121488e-03
-2.039554503305494784e-03
-2.004619648995052163e-03
-2.018267088746931049e-03
-2.228700784766959007e-03
-2.302671885621006276e-03
-2.242158593343750173e-03
-2.109597154477853200e-03
-2.183975811390338057e-03
-2.129482773473492102e-03
-2.009072867383879333e-03
-2.080331939954912883e-03
-2.033023307519786667e-03
-2.366628784388992521e-03
-2.370152145967150195e-03
-2.438251744813692279e-03
-1.828312639857414138e-03
-1.786146346425056351e-03
-1.823695829950573288e-03
-1.813351576807491032e-03
-1.808247757748261079e-03
-1.809342217158345801e-03
-1.763640701630580371e-03
-1.799575510332087876e-03
-1.790224207653631902e-03
-1.793084405640806012e-03
-1.772563045707628224e-03
-1.842636896424628030e-03
-1.847043269657401478e-03
-1.869540727932905190e-03
-1.793834814501149479e-03
-1.797897324569568177e-03
-1.823050065160924721e-03
-1.747403238543399464e-03
-1.775496289438831081e-03
-1.788201168594821810e-03
-1.902338816869884831e-03
-1.863656820915232052e-03
-1.917329321201617339e-03
-1.934850900903719792e-03
-1.931935203886475921e-03
0.000000000000000000e+00
-5.978896338484397666e-05
0.000000000000000000e+00
-1.769671522410525976e-04
-2.920185454943437686e-04
-4.056723955913584326e-04
-5.081244902517788320e-04
-6.195198256438278449e-04
-6.372417396934031879e-04
-5.870864551316039640e-04
-1.611323906245592033e-03
-1.642965496606875984e-03
-1.613245793374109161e-03
-1.579306393028682889e-03
-1.731559155650114028e-03
-1.730791526246171826e-03
-1.703086701225955263e-03
-1.756677777306378660e-03
-1.830513149493807716e-03
-1.829309668528168904e-03
-1.806224653278334577e-03
-1.542178532217482493e-03
-1.544303887965306011e-03
-1.507044936639868448e-03
-1.301361863946427430e-03
-1.308640378494106736e-03
-1.346485072206358427e-03
-1.465352742127640001e-03
-1.468341986897932694e-03
-1.428533553408270441e-03
-1.075247005790604636e-03
-1.177428329799329451e-03
-9.664673096570213125e-04
-8.209101326563583365e-04
-8.682217762970463604e-04
-8.382179553266056252e-04
-7.783821664325373370e-04
-6.777061589364502970e-04
-1.261512946301359978e-03
-1.877416018994205104e-03
-1.874662362917168352e-03
-1.895990603807016280e-03
-1.851718503122700213e-03
-3.294073360959319085e-03
-3.225301776267463366e-03
-3.289715790109418777e-03
-2.439211409806290622e-03
-2.940624672793139098e-03
-2.984268372215007070e-03
-2.901940690520496240e-03
-3.146027575184062730e-03
-3.150047750203986609e-03
-3.085714643626943227e-03
-2.729441367885711029e-03
-2.798384401598023180e-03
-2.708707458351515031e-03
-2.525760541218743591e-03
-2.609173744840798635e-03
-2.520620223676045026e-03
-3.316315153360597026e-03
-3.259957408375788006e-03
-3.239622666975134572e-03
-3.300744840080433590e-03
-1.885541715796626092e-03
-1.836239863534908437e-03
-1.945712950729856869e-03
-1.922838230207285157e-03
-1.990771283100830659e-03
-1.950502582662587241e-03
-2.163904534649796138e-03
-2.291218270698321645e-03
-2.055013312202314413e-03
-1.962388233873917000e-03
-1.741915329571262772e-03
-1.778058611777291699e-03
-1.792291127766165379e-03
-1.764710655428112888e-03
-1.765877434617343748e-03
-1.752918187446797678e-03
-1.785029865021222446e-03
-1.777500431618490515e-03
-1.757549011563045620e-03
-1.724575851460494885e-03
-1.753373275397530646e-03
-1.764352494162153319e-03
-1.708727717020347339e-03
-1.745655845147778187e-03
-1.735664133468404341e-03
-1.818472610116547358e-03
-1.739402838587503393e-03
-1.770748417282157552e-03
-1.766530354313463648e-03
-1.734805191794994454e-03
-1.898744489369892218e-03
-1.880471702196100624e-03
-1.835977513796645776e-03
-1.838956282912867059e-03
-1.860103890623775354e-03
-1.206504104997775672e-04
-1.202965728938312935e-04
-6.016177230997185675e-05
-1.772944634745110895e-04
-2.345164917711964532e-04
-2.921490191693416351e-04
-2.343923257491042737e-04
-3.568894668055083014e-04
-3.534540676865862156e-04
-4.091529372025472060e-04
-4.841693626910150306e-04
-5.196164382340988375e-04
-4.727288861451162203e-04
-5.518132032928514761e-04
-1.675549001351152832e-03
-1.674657517297953140e-03
-1.643796300565605927e-03
-1.576993118040432088e-03
-1.703743108824876595e-03
-1.784120684110389798e-03
-1.782775307249530837e-03
-1.758209808544158870e-03
-1.807594294574400937e-03
-1.503918429926335773e-03
-1.382995570891176924e-03
-1.387109463244150373e-03
-1.342339254109686537e-03
-1.424299741965886698e-03
-1.112576159775468783e-03
-1.123035626349230386e-03
-1.064806001143451392e-03
-1.167091918807820067e-03
-9.114356357597590101e-04
-9.642304472983710337e-04
-9.135205340058006468e-04
-8.661837340977211665e-04
-7.060945591690372374e-04
-7.634426087531694279e-04
-7.210264795694796593e-04
-6.627350422439355800e-04
-1.203400271407369972e-03
-1.252487319740286376e-03
-1.212497841609938738e-03
-1.853964584243895496e-03
-3.442745698196751376e-03
-3.360353058570451391e-03
-3.363090541842236013e-03
-2.340582312863148055e-03
-2.430248742191513413e-03
-2.348846153385336470e-03
-2.823372940841645251e-03
-3.032252268626974001e-03
-3.223049924208401182e-03
-2.616796909871897669e-03
-2.423870331945122275e-03
-3.369265190700882796e-03
-1.790129746929577112e-03
-1.824043637216325297e-03
-1.851528346662443614e-03
-1.743404422634600324e-03
-1.778955345583181462e-03
-1.800847868371677901e-03
-1.849473396902854032e-03
-1.880799565212646707e-03
-1.914513990428880902e-03
-1.883152462011969397e-03
-2.049366303476995218e-03
-2.076501180158835894e-03
-2.136900671779276908e-03
-2.183492033423059010e-03
-2.272230270168881273e-03
-2.202252330725008173e-03
-1.941648820257974419e-03
-1.973044669055810506e-03
-2.024022509805939972e-03
-1.850602361750056796e-03
-1.884820423390443957e-03
-1.928470273878965567e-03
-1.669386147152849068e-03
-1.742172647451237753e-03
-1.705737437136466920e-03
-1.698153152687708603e-03
-1.720094085624122512e-03
-1.742984130328832735e-03
-1.722669049096220602e-03
-1.745397055051949205e-03
-1.696252150309983950e-03
-1.724367203493104399e-03
-1.729865626285570848e-03
-1.715650175185355359e-03
-1.701898680989902789e-03
-1.789069451120924590e-03
-1.791068714523495102e-03
-1.815852457504998256e-03
-1.735970309513221134e-03
-1.737315430910945941e-03
-1.765204030366886341e-03
-1.658311799727663636e-03
-1.702115717121857694e-03
-1.690778334817669669e-03
-1.856338165286978460e-03
-1.812144477989236641e-03
-4.683342006120967112e-19
-6.007866934698764295e-05
0.000000000000000000e+00
-1.774250436810878161e-04
-2.956498119633175874e-04
-4.205335078848643259e-04
-5.837416920156149845e-04
-6.016606099080875313e-04
-5.337837188183823349e-04
-1.609528410921090818e-03
-1.642819572755930147e-03
-1.610497147221095354e-03
-1.576167705948010181e-03
-1.732819518059051846e-03
-1.704582431563955204e-03
-1.732174757765656166e-03
-1.758846201070349280e-03
-1.810139331571887673e-03
-1.832886730536779224e-03
-1.538413447697782686e-03
-1.540209005695953757e-03
-1.502124793879852562e-03
-1.292038488109331293e-03
-1.337638029824355377e-03
-1.296716669023751170e-03
-1.462538061003182096e-03
-1.463849026318786483e-03
-1.422963341019455909e-03
-1.006610671143224126e-03
-1.059629142959518005e-03
-1.011709792054089809e-03
-1.158086052576616032e-03
-9.591071791969389216e-04
-7.989141897132068021e-04
-8.551426447008173958e-04
-8.099079259186049273e-04
-7.524175258095812217e-04
-6.448289279495759713e-04
-1.247860070925458156e-03
-3.454199574660044621e-03
-3.373728375192147633e-03
-3.445527456193054998e-03
-2.254441319191568399e-03
-2.750856724390344892e-03
-2.839198845108362873e-03
-2.731182805682050557e-03
-3.007199069115429856e-03
-2.964146815042023424e-03
-3.069107779163277906e-03
-3.258887324652499570e-03
-3.193280958401628622e-03
-3.282221154373531850e-03
-2.511883843588836283e-03
-2.615338211670995006e-03
-2.511402323248865427e-03
-2.299369969925323977e-03
-2.408368296389399709e-03
-2.314171036415534066e-03
-3.471662795341077211e-03
-3.383354251568989474e-03
-3.451641142023412646e-03
-1.817165522528024248e-03
-1.764194560845007767e-03
-1.704075854648968557e-03
-1.773343463293801034e-03
-1.809840813540709468e-03
-1.846963476585868069e-03
-1.990891865739119124e-03
-2.110449649909168501e-03
-1.892425116572887291e-03
-1.808940153245104741e-03
-1.632324678388519072e-03
-1.649750012829157833e-03
-1.688109690790653115e-03
-1.665946219564433655e-03
-1.677387411702441905e-03
-1.691972529897229531e-03
-1.722531767329209089e-03
-1.715671830769433491e-03
-1.694036689305846669e-03
-1.641324769492727778e-03
-1.674499450613203518e-03
-1.682544139596534212e-03
-1.626537094741790750e-03
-1.667299268891164667e-03
-1.660991069282687560e-03
-1.762426886534268836e-03
-1.674956879369356860e-03
-1.705312523047169872e-03
-1.706617095796062605e-03
-1.648754402534974425e-03
-1.786294112073650176e-03
-1.164357006795915290e-04
-5.795706180467646276e-05
-1.185649392870725852e-04
-1.752337891235965532e-04
-2.456593029276738990e-04
-3.012358121958014570e-04
-2.402039341734124849e-04
-3.695603922999179253e-04
-4.267943413582719783e-04
-3.632598311806888372e-04
-4.548050449204600046e-04
-4.694711580233910898e-04
-5.191154865979846766e-04
-1.672449076142761698e-03
-1.641519597387813183e-03
-1.673990614157900084e-03
-1.574203263154997073e-03
-1.703070083004243774e-03
-1.761046045151466385e-03
-1.500661719876230163e-03
-1.378668374328753535e-03
-1.380730907774060066e-03
-1.335525628931073620e-03
-1.420732371331276563e-03
-1.098489213692437462e-03
-1.052615051607488483e-03
-1.105517858535727841e-03
-1.151029685210563230e-03
-8.930581065405928222e-04
-9.498443882704600896e-04
-9.022495059933704001e-04
-8.459213427821589068e-04
-6.803276527582269133e-04
-6.931846331508466482e-04
-7.394855296884863356e-04
-6.318715133757039221e-04
-1.191846017069316324e-03
-1.242080441417816802e-03
-1.197657971716315460e-03
-3.625877373426309412e-03
-3.534071297376108721e-03
-3.523901911458262454e-03
-2.120729618932040185e-03
-2.227446382151845004e-03
-2.147672110915675725e-03
-2.617150750062964375e-03
-2.862945537748419131e-03
-3.116235405925575457e-03
-3.348476312457149100e-03
-2.393999894468260697e-03
-2.201053122291374200e-03
-3.531160103600188959e-03
-1.708577026912578255e-03
-1.777981404594938591e-03
-1.748040736453549369e-03
-1.650268810077694034e-03
-1.719160934657296396e-03
-1.695694678129856716e-03
-1.592839404555520567e-03
-1.630072269251397858e-03
-1.667357600896351077e-03
-1.738368632010729243e-03
-1.854444992504140303e-03
-1.950166537159610551e-03
-1.895565305513023180e-03
-1.970730201735536660e-03
-2.006726053638593910e-03
-2.074689535298126358e-03
-1.763158442013403222e-03
-1.804949525320878080e-03
-1.851119202996964752e-03
-1.683734567218844475e-03
-1.766052096555940053e-03
-1.726987482819388776e-03
-1.549518396252417760e-03
-1.608817363672022417e-03
-1.590883718335344300e-03
-1.597621158196305038e-03
-1.648676157363501964e-03
-1.614961843361789953e-03
-1.627829826587250377e-03
-1.682877278034745992e-03
-1.625067285440689969e-03
-1.660843404043637044e-03
-1.659118003198409210e-03
-1.633052981519315765e-03
-1.625558023698963836e-03
-1.734394913786160017e-03
-1.704645478731390759e-03
-1.673325745202878384e-03
-1.568639951208874181e-03
-1.604377908741892213e-03
-1.612848485162983415e-03
-4.726507262601698173e-19
-5.787858472590563796e-05
-4.765703944623590484e-19
-1.808463272286370868e-04
-3.076132252231095687e-04
-4.120188536053249855e-04
-5.514990261449347411e-04
-5.029230738155683047e-04
-5.676980297960364588e-04
-1.602147049867842440e-03
-1.637829468511584063e-03
-1.605927077206377191e-03
-1.570623083399451782e-03
-1.540828158163258695e-03
-1.539580855642397241e-03
-1.502027895116173637e-03
-1.282648205123025284e-03
-1.330851125825272159e-03
-1.287413249979142693e-03
-1.462030869751216157e-03
-1.462192169774144575e-03
-1.420580181304805867e-03
-9.885787679197461774e-04
-1.043563841082745941e-03
-9.976083304048394274e-04
-1.145288946635893970e-03
-9.408086614408151058e-04
-7.751892377310335563e-04
-7.870285850165921904e-04
-8.340233122095237848e-04
-7.275561930678647263e-04
-6.157647720262854384e-04
-1.237467394364514259e-03
-3.654682527156184833e-03
-3.551878048013228442e-03
-3.635438459720972178e-03
-2.038881454357645458e-03
-2.471418980570594739e-03
-2.604677319946298308e-03
-2.482389830111729132e-03
-2.757655522413355979e-03
-2.873514828162723050e-03
-2.741973426599301870e-03
-3.068861445896064848e-03
-3.154374691223821824e-03
-3.024820402937994281e-03
-3.367715020472673328e-03
-3.300422121421866389e-03
-3.411463830712735141e-03
-2.229968738336972432e-03
-2.366304871866049472e-03
-2.257962041390026466e-03
-2.030930736375372372e-03
-2.161805203749428937e-03
-2.071031526660761964e-03
-3.621151707029646172e-03
-3.532288644359977449e-03
-3.621065894093142973e-03
-1.677106609832093066e-03
-1.619620697798210924e-03
-1.569434595789197251e-03
-1.616392191350853047e-03
-1.661232338542071880e-03
-1.693959634300876670e-03
-1.907509748771993785e-03
-1.805019320577551205e-03
-1.720382732533613096e-03
-1.647616353949126269e-03
-1.520878511249530371e-03
-1.534515105451493208e-03
-1.577304188678318488e-03
-1.559785965071387552e-03
-1.582374895087723665e-03
-1.650001458233585089e-03
-1.554524860276923319e-03
-1.590056781717556853e-03
-1.597564453151345543e-03
-1.543651558686177884e-03
-1.584783274121319809e-03
-1.584546110632692722e-03
-1.638557599728619318e-03
-1.560617382324443409e-03
-1.115599851965992217e-04
-1.140112326232166318e-04
-5.541396024752635001e-05
-1.783583349979289082e-04
-3.294237411964563364e-04
-3.495435087115914170e-04
-2.873877580328674380e-04
-3.919260184961912471e-04
-4.250317790237556365e-04
-4.880178340336245937e-04
-4.398449974945923494e-04
-1.571933303964901177e-03
-1.501695853822669624e-03
-1.375525413358238969e-03
-1.377013360927772977e-03
-1.329344443585821168e-03
-1.418952783214278389e-03
-1.085265136020689691e-03
-1.091866196382753305e-03
-1.036966686184111978e-03
-1.138648614224475018e-03
-8.728181895514570271e-04
-9.306641896627560872e-04
-8.829319259873176333e-04
-8.238578864433089436e-04
-6.521779756273698948e-04
-7.134817652322345341e-04
-6.662111547784252061e-04
-6.015967677991144666e-04
-1.182677505981403511e-03
-1.232865058666101146e-03
-1.187303517235778309e-03
-3.861679370971205384e-03
-3.720256250688719693e-03
-3.748234506122149860e-03
-1.867980575540757835e-03
-1.915896028961131068e-03
-1.991854576978006539e-03
-2.336811535762951635e-03
-2.595947581763999746e-03
-2.891309134761894245e-03
-3.196144083740023317e-03
-3.469996882586971754e-03
-2.120404100139746967e-03
-1.942166820386947990e-03
-3.711497725162602075e-03
-1.559831231419225167e-03
-1.633439756266763607e-03
-1.604027896362379127e-03
-1.505914995079887971e-03
-1.548531513818541226e-03
-1.577424986509146521e-03
-1.460470855995853363e-03
-1.526108833251176369e-03
-1.504302046865708259e-03
-1.586119796688508984e-03
-1.741532828142755823e-03
-1.795452323656865096e-03
-1.854306041121838583e-03
-1.646245263788142761e-03
-1.703196443478125453e-03
-1.749494693620040620e-03
-1.580306947169944111e-03
-1.671054880931700792e-03
-1.630692852883680989e-03
-1.509615877177068570e-03
-1.595945381908906065e-03
-1.561925465584407431e-03
-1.429693892865364219e-03
-1.489164119242569230e-03
-1.475266865231184476e-03
-1.494650884577040234e-03
-1.507707119101157379e-03
-1.546780596861779388e-03
-1.531523260168046307e-03
-1.613607167654296671e-03
-1.548288930413057457e-03
-1.541974208573405718e-03
-1.583393421751266503e-03
-1.474728054389782845e-03
-1.521226707974208210e-03
-1.514137548343322606e-03
4.670443820919975336e-19
-5.534207720478322916e-05
-4.805255236428855150e-19
-2.093810358649258498e-04
-1.602674405614138364e-04
-2.276391844856771353e-04
-2.692797313095181321e-04
-3.769089747609941608e-04
-5.285689146190975657e-04
-4.764791560813388558e-04
-5.401258699252774534e-04
-1.502841214218752748e-03
-1.280582731007470429e-03
-1.328298684970410579e-03
-1.281682766180783015e-03
-1.464619114127084206e-03
-1.463328450088339713e-03
-1.420461202435654643e-03
-9.739781301293514316e-04
-1.029637740757550048e-03
-9.812799055851743890e-04
-1.134106597667979086e-03
-9.233482327302743389e-04
-7.516020902200940684e-04
-8.120601672709455493e-04
-7.633736390460976393e-04
-7.016142988859342669e-04
-5.901696124132347959e-04
-1.231920271491437251e-03
-3.921163807786814080e-03
-3.779779685811170478e-03
-3.881695870133696977e-03
-1.799551528055221873e-03
-2.118982738044829402e-03
-2.167482580400589658e-03
-2.290793260342933145e-03
-2.389574688638952064e-03
-2.419274599193125576e-03
-2.566013651538603252e-03
-2.734957873315263521e-03
-2.889756711214914488e-03
-2.729136978906236514e-03
-3.124959707091198597e-03
-3.230349381247048235e-03
-3.078761530363192771e-03
-3.441971142028110893e-03
-3.402384788910985634e-03
-3.533702902103242477e-03
-1.905194248898469354e-03
-1.963493726851736967e-03
-2.064581210208182253e-03
-1.734319501870330675e-03
-1.798055952556523902e-03
-1.880561539413659784e-03
-3.718736124836524628e-03
-3.656570719018016613e-03
-3.793823376322102373e-03
-1.531184270879297829e-03
-1.481780096810942759e-03
-1.443933951544500638e-03
-1.453016337964565521e-03
-1.505621903416047005e-03
-1.534135864849449707e-03
-1.690558569387913546e-03
-1.611131181017136198e-03
-1.542974891218112888e-03
-1.479675088457467870e-03
-1.407498116175493787e-03
-1.418051383048417454e-03
-1.464710514211114804e-03
-1.451464494337925161e-03
-1.484112223442393165e-03
-1.504138794555857006e-03
-1.509680257225900525e-03
-1.469279747407557270e-03
-1.052950736863396235e-04
-5.209248193220863336e-05
-1.083937210825227569e-04
-1.570533240666618403e-04
-3.009849035073590071e-04
-3.152926139007943517e-04
-2.549816161804873207e-04
-3.627239782663900037e-04
-3.964393771104073039e-04
-4.621306448838842984e-04
-4.106076201504621319e-04
-1.378830221575630182e-03
-1.377179344480145007e-03
-1.330154060435994809e-03
-1.422175261821374392e-03
-1.075474995195569924e-03
-1.080358036713979309e-03
-1.024763393847923608e-03
-1.129189619242535348e-03
-8.559439681933111825e-04
-8.643592588847202841e-04
-9.149120430748916739e-04
-8.035672232690202824e-04
-6.267348920296107609e-04
-6.888890138007714358e-04
-6.394220254321696670e-04
-5.773514524660210666e-04
-1.178872171855576724e-03
-1.229982251729218757e-03
-1.180828588787854929e-03
-4.176879840843163855e-03
-4.029886521344945398e-03
-3.973738810233142828e-03
-1.596813072331081758e-03
-1.731098369579525328e-03
-1.667343315244325386e-03
-2.002058064731459044e-03
-2.238656943218251226e-03
-2.537651538758428204e-03
-2.900428077630489744e-03
-3.265107277578793883e-03
-3.575059922537265553e-03
-1.813151363528272414e-03
-1.661193206745613512e-03
-3.926689039702528292e-03
-1.406623534813894417e-03
-1.482800077967858345e-03
-1.455652916693099238e-03
-1.364723950864079292e-03
-1.412092072422558610e-03
-1.434942272196261005e-03
-1.330931778117356613e-03
-1.379849135574573969e-03
-1.395340026031122692e-03
-1.428587660707341528e-03
-1.484434949996078952e-03
-1.612685260943385809e-03
-1.565126134712605021e-03
-1.439417979058444687e-03
-1.542939075203208577e-03
-1.509596790402272480e-03
-1.386210861988658536e-03
-1.483082996615329475e-03
-1.447354296280757395e-03
-1.331698743614100934e-03
-1.391855464340956312e-03
-1.420347194787074246e-03
-1.306925694425834124e-03
-1.368021859300791628e-03
-1.357248619936063773e-03
-1.393043476117664450e-03
-1.443964080868975416e-03
-1.399861937953868728e-03
-1.433392949318480075e-03
-1.426869400097272901e-03
0.000000000000000000e+00
-5.190197737889182608e-05
4.744471690169266215e-19
-1.932276021327523213e-04
-1.492139155938094651e-04
-2.014872397017291455e-04
-2.470858837103352386e-04
-3.482076615795408336e-04
-4.986283819371903001e-04
-4.469610225267890875e-04
-5.137476489309859319e-04
-1.284002212398159624e-03
-1.282359072320567780e-03
-1.331824267161329199e-03
-9.629084312350363450e-04
-9.684646447462635834e-04
-1.019225254213718991e-03
-1.127341369806527001e-03
-9.093865112128265028e-04
-7.321874157749676520e-04
-7.418513677713211782e-04
-7.938768049811206068e-04
-6.790805219892559474e-04
-5.624350349512331152e-04
-1.231779897752849177e-03
-4.235931328834990559e-03
-4.095513672098025082e-03
-4.204039217765964676e-03
-1.538344393572621191e-03
-1.733979037401468283e-03
-1.815992088498301349e-03
-1.924688652875812794e-03
-1.940183035764350521e-03
-2.161362862466421637e-03
-2.023605721212971657e-03
-2.242304627155772712e-03
-2.303049601387202779e-03
-2.480657083177371068e-03
-2.657305369590537425e-03
-2.873174441350512167e-03
-2.670753467854959304e-03
-3.260276865163964227e-03
-3.338696890964076326e-03
-3.152148043488296747e-03
-3.466331506967082910e-03
-1.562110378383438532e-03
-1.732482881418200178e-03
-1.646143633291284082e-03
-1.428271685413149902e-03
-1.511431483453301626e-03
-1.580729661645464447e-03
-3.736426315226969250e-03
-3.693975612240312217e-03
-3.929277894719058507e-03
-1.384676409846202598e-03
-1.346955255925397135e-03
-1.318163836553757056e-03
-1.290398092587898178e-03
-1.371465065654558059e-03
-1.348126457734571872e-03
-1.461757679374953590e-03
-1.412572359096858762e-03
-1.358117262078849989e-03
-1.310306853766811386e-03
-1.293337713529179624e-03
-1.299491853812344451e-03
-1.350536952340812384e-03
-1.342859549144783315e-03
-1.385554211331134879e-03
-1.259485932398131977e-04
-1.156128286359607007e-04
-6.220895314477678051e-05
-1.594921354839502411e-04
-2.621735525362833136e-04
-2.818417476982320105e-04
-2.276253128566056022e-04
-3.290504037544608566e-04
-3.480907280101540151e-04
-3.722729492709054688e-04
-4.230700834360180771e-04
-1.338610600063627537e-03
-1.071509063419143204e-03
-1.017298205172506402e-03
-1.073481433024249532e-03
-1.125334626554889104e-03
-8.430949097077032259e-04
-9.029502478589794545e-04
-8.495112598947383853e-04
-7.874088055046053660e-04
-6.044853927605468337e-04
-6.155989580121892964e-04
-6.680050716691246808e-04
-5.512538319314619004e-04
-1.179221333801330155e-03
-1.179153340477417803e-03
-1.231941935433409838e-03
-4.526764492879495859e-03
-4.353352658059512700e-03
-4.437792098641463352e-03
-1.324173543028433304e-03
-1.460628679946097313e-03
-1.404081749507746397e-03
-1.829369106891107905e-03
-1.643451211300445440e-03
-2.074860276169495678e-03
-2.416553531566239046e-03
-2.904036333239350207e-03
-3.448916457625921753e-03
-1.492553995513144771e-03
-1.375274410312056798e-03
-4.088056084425650133e-03
-4.065064667089075129e-03
-3.835564307598992792e-03
-1.256351508908913660e-03
-1.331325352119923019e-03
-1.310292064859779233e-03
-1.225476168594643320e-03
-1.278065566469145133e-03
-1.294994981498965702e-03
-1.201017447637093595e-03
-1.265780037071503189e-03
-1.253784447552403099e-03
-1.272839170105764112e-03
-1.235274827027169585e-03
-1.339618025587016766e-03
-1.360752861438552230e-03
-1.235439436857295632e-03
-1.311151435518375687e-03
-1.337691028540702147e-03
-1.195798497528339360e-03
-1.263691615386989577e-03
-1.291072753404903881e-03
-1.157198561427231868e-03
-1.223853365407163302e-03
-1.244549427996278351e-03
-1.187907888693372563e-03
-1.247183872880424857e-03
-1.240378784979628488e-03
-1.288417409658752484e-03
5.364675985791869773e-19
-6.215215454492438105e-05
0.000000000000000000e+00
-1.938861279122453506e-04
-3.047991159963190158e-04
-4.826389543355208422e-04
-4.907498020318074635e-04
-4.151087885645336284e-04
-9.572307008465646971e-04
-9.600837725069516666e-04
-1.014463235424022895e-03
-1.125623629581310554e-03
-9.001264569764883417e-04
-7.161307780210611398e-04
-7.793642284403797318e-04
-7.241089743653854674e-04
-6.598630942615518052e-04
-5.433130930105875339e-04
-1.236357952808109749e-03
-4.995962497096844215e-03
-4.480640540540906450e-03
-4.736425551244274890e-03
-4.239828397527840680e-03
-1.280315097032343717e-03
-1.474381110984391251e-03
-1.708420135299791110e-03
-1.604706617249722703e-03
-1.334703088077247336e-03
-1.449203762073123826e-03
-1.535432115094830787e-03
-1.664082884312838122e-03
-1.954096172944150538e-03
-1.801518616116078511e-03
-1.948561881745076822e-03
-2.091042563214792500e-03
-2.304162654987934773e-03
-2.426804401389393365e-03
-2.820046839676372367e-03
-2.510021015016725143e-03
-3.138106394914384929e-03
-3.382175532763464706e-03
-3.139305723005159435e-03
-1.222877394962077835e-03
-1.326150292295948628e-03
-1.393251934541972319e-03
-1.132723353039437504e-03
-1.228915277914272887e-03
-1.281136087314322866e-03
-3.487906627794053541e-03
-1.240557477422190094e-03
-1.212880786131291305e-03
-1.194001800292585113e-03
-1.130093058413364840e-03
-1.210383487195509184e-03
-1.193335866411146615e-03
-1.237105688003937738e-03
-1.216082861608791532e-03
-1.176541534522285506e-03
-1.143816434795484095e-03
-1.183373673887900060e-03
-1.125022988257720169e-04
-5.533609813728393711e-05
-1.193123603197188847e-04
-2.139025445872201267e-04
-1.694255406480726553e-04
-2.380978339928947578e-04
-2.808593486767618904e-04
-3.657980802143192059e-04
-4.242376093636013507e-04
-3.569627588084199089e-04
-1.074012515443470948e-03
-1.072760317607418089e-03
-1.015836416912629415e-03
-1.126867944061371108e-03
-8.358101405080715224e-04
-8.964787988993876480e-04
-8.393984924845764375e-04
-7.756090817677717192e-04
-5.879813371999635966e-04
-5.962267590177199256e-04
-6.516368216488148835e-04
-5.349759863573196397e-04
-4.822309076953090051e-03
-4.886291173796049672e-03
-4.578062068993708246e-03
-4.222799933608568229e-03
-1.040697244538300132e-03
-1.183850017915983547e-03
-1.141727467780307044e-03
-1.569773232779132777e-03
-1.406215599699255688e-03
-1.280349108682845780e-03
-1.802509111824732732e-03
-2.159373119386539738e-03
-2.702265229633198009e-03
-1.179061338910697594e-03
-1.088497002973394436e-03
-3.002127988486702481e-03
-3.454301862402613197e-03
-2.951111991983031493e-03
-1.108144614722708209e-03
-1.182672604507086596e-03
-1.167328059960690955e-03
-1.107655086906453746e-03
-1.154259482178892661e-03
-1.166372551693406392e-03
-1.085753129906959170e-03
-1.136443110762832068e-03
-1.142968259325517939e-03
-1.119610350685367297e-03
-1.088115572747382683e-03
-1.161555857371392511e-03
-1.160908762511065999e-03
-1.042747350101970102e-03
-1.119618995446206543e-03
-1.139357813388384988e-03
-1.014248963781137075e-03
-1.086181517277185794e-03
-1.105426231184794897e-03
-9.919513805868717272e-04
-1.061471971944983293e-03
-1.074971298314671662e-03
-1.131009235516680471e-03
0.000000000000000000e+00
-5.516199640150792893e-05
5.443313310905380759e-19
-1.625655364493458141e-04
-2.371406725547371859e-04
-2.921989697603484364e-04
-2.255118967455531018e-04
-4.811483834901673917e-04
-4.238126853627064480e-04
-4.821777742716436277e-04
-3.010394305653048882e-04
-9.602040036799132372e-04
-1.017382258139262405e-03
-9.587325840056922302e-04
-8.980213967039224650e-04
-7.033944566665539452e-04
-7.692237672720578234e-04
-7.096980245974794698e-04
-6.450802783817917094e-04
-5.342607055394091743e-04
-7.364235442661900416e-03
-5.315193351608519384e-03
-5.349329547411850981e-03
-3.602586908603150687e-03
-1.065995194568404277e-03
-1.118757307785283976e-03
-1.398245963861295682e-03
-1.304692879098012142e-03
-1.047001323131112891e-03
-1.197195923175757917e-03
-1.265623039223760750e-03
-9.776279590429023947e-04
-1.159377699187658789e-03
-1.103813079355908276e-03
-1.283256845118372833e-03
-1.481219845819304552e-03
-1.623476420072892702e-03
-1.341310387279978991e-03
-1.654364495524630191e-03
-1.864386614261716139e-03
-2.009075387846765912e-03
-2.181309126111254451e-03
-2.544101973883300394e-03
-9.090946405089289292e-04
-1.068431720599503140e-03
-1.023795979129097332e-03
-8.584462231759071305e-04
-9.535149340059857585e-04
-9.971671809582676599e-04
-2.364406855408935412e-03
-1.108231841786573926e-03
-1.096237217566515924e-03
-1.079552622701876073e-03
-9.778795723011182457e-04
-1.043483816213040729e-03
-1.054376296494651845e-03
-1.065680622542115570e-03
-1.029189374561654061e-03
-1.003942042526004925e-03
-9.857380029376144534e-04
-1.163793153716383144e-04
-1.144464109860187989e-04
-5.704175219149602486e-05
-1.740762122448003533e-04
-4.104092659968907805e-04
-4.462832611001536602e-04
-3.877813580144013478e-04
-2.444296983006702720e-04
-3.045681937834093106e-04
-2.409350664983625717e-04
-1.023010435832074835e-03
-8.314685599650746637e-04
-8.957078572028806529e-04
-8.335958819264271957e-04
-7.669245103601311005e-04
-5.705039721723825091e-04
-5.794770402823522237e-04
-6.365107250806376375e-04
-5.253362855200762772e-04
-4.175658795800568299e-03
-4.382763870889573588e-03
-5.680476894009407578e-03
-1.819362193352514704e-03
-2.447521630503176823e-03
-3.419612928027507964e-03
-8.802904729421643162e-04
-9.609182274915770670e-04
-9.856457742132959578e-04
-1.215494582804362185e-03
-1.096388742439878897e-03
-1.022575064995059858e-03
-9.493868897501970021e-04
-1.312459553304182831e-03
-1.618904871613164459e-03
-8.882343376624500910e-04
-8.136390554062959864e-04
-9.302682522337006599e-04
-8.400347924770231595e-04
-9.856829333786251354e-04
-2.043682000999821544e-03
-1.554532366372608429e-03
-9.792222074670627052e-04
-1.043804180930637832e-03
-1.044134396084070437e-03
-1.032348042510391030e-03
-9.792364163570710812e-04
-9.631612900867024107e-04
-8.603352953989373483e-04
-9.526429837133181238e-04
-9.384726890804212865e-04
-8.441363641994992228e-04
-9.299717376900144654e-04
-9.189616176550097519e-04
-8.345598056853579649e-04
-9.138783719589022849e-04
-9.069907086450758760e-04
0.000000000000000000e+00
-5.678994938480930806e-05
0.000000000000000000e+00
-1.758547963275479571e-04
-3.266818811487231036e-04
-4.898954730139002496e-04
-1.795597596106011246e-04
-9.696844029377675242e-04
-9.052776133029250601e-04
-6.936558333879091912e-04
-7.619918345102849339e-04
-6.984247641541887174e-04
-6.313922977249598542e-04
0.000000000000000000e+00
-7.655797798045718694e-03
-2.342381617542159053e-03
-3.079218445069161099e-03
-1.489258501223970563e-03
-8.514736373272798701e-04
-7.104544760666332837e-04
-9.282287038548866099e-04
-1.008826902788722245e-03
-6.430558445669780007e-04
-8.853110007920867277e-04
-8.560110067310821094e-04
-6.932313957711483746e-04
-8.738454850549686771e-04
-8.409317394119514288e-04
-6.627548090476732476e-04
-8.238846835590665427e-04
-7.906051252089341466e-04
-8.468400022513728788e-04
-1.068896457852205537e-03
-1.071343004056830167e-03
-7.048971438442414332e-04
-1.395498042081578464e-03
-1.054344306268980690e-03
-6.320706744284065523e-04
-7.501969086026701646e-04
-7.747008918635549246e-04
-6.318754998053564484e-04
-7.474559033569172159e-04
-7.267340950989939312e-04
-9.396059852551808672e-04
-8.300050165774798192e-04
-9.043867596790044604e-04
-9.052338591669501205e-04
-8.731260941073136321e-04
-8.542190293190329072e-04
-8.408850716023130376e-04
-8.334823800091517229e-04
-1.222659040410149366e-04
-5.962585939796835632e-05
-1.193064935177071823e-04
-2.603110469355439881e-04
-2.525123425405706532e-04
-3.347004199746461011e-04
-5.505008663327943391e-04
-5.607115806400466557e-04
-4.794269668711870908e-04
-1.822445733526217534e-04
-8.312403392189463523e-04
-7.616561236190489033e-04
-6.213993841259144715e-04
0.000000000000000000e+00
0.000000000000000000e+00
-1.880024647553477308e-03
-9.096810966762573520e-04
-5.646137890549299264e-19
-9.096810966762573520e-04
-4.928414666893128930e-04
-6.677289958133634379e-04
-7.767678364067834990e-04
-7.426780389207777132e-04
-7.934535711293437500e-04
-6.936136108562692554e-04
-6.797554853924399863e-04
-6.868463683026134131e-04
-6.560368495618135089e-04
-4.229499500904801857e-04
-8.969396697103837468e-04
-6.523612809971545377e-04
-6.100257753792910891e-04
-6.392678019587528810e-04
-6.562405445400907450e-04
-5.631392772211576921e-19
-4.928414666893127846e-04
-3.524485719221209876e-04
-6.860252031490529645e-04
-7.844391648572958398e-04
-7.751617278396460975e-04
-6.832563367557131914e-04
-7.730430653306941471e-04
-7.652416475682592700e-04
-6.814297335692616475e-04
-7.637224837236146480e-04
-7.592339537317817008e-04
-6.866004022055107511e-04
-7.603508911243194324e-04
-7.583334670983817071e-04
6.698247110831095972e-19
-5.920712604449984706e-05
0.000000000000000000e+00
-4.007680512635549471e-04
-3.296232868384612116e-04
-4.058254616202865497e-04
-1.903905581795495359e-04
-4.748664923282921784e-04
-6.899817066201948583e-04
-6.176014418668874378e-04
0.000000000000000000e+00
-5.295952966511854826e-19
-6.810219691169585275e-04
-3.001988453597324662e-04
-5.868298121305254560e-04
-5.226280130133254681e-04
-2.978876926119343200e-04
-5.049707611260766463e-04
-4.751653510851605589e-04
-4.606766618705644104e-04
-5.774602921300728622e-04
-5.501619770512007623e-04
-4.185175112607771811e-04
-5.456095690755773109e-04
-5.598474837218486364e-04
-3.947365247829779473e-04
-5.185119058151478610e-04
-5.329322477827585711e-04
-3.929643445690538320e-04
0.000000000000000000e+00
-3.524485719221209876e-04
-2.114749750452400929e-04
-3.853757730501476339e-04
-5.117367020566988486e-04
-5.100705807621654098e-04
-4.793664162347996156e-04
-5.744953708156494074e-04
-5.553246126931959264e-04
-5.380962999703292835e-19
-6.879709022545556696e-04
-6.848365422153938680e-04
-6.850336191100307509e-04
-1.349684616743238377e-04
-1.288075832922665263e-04
-6.579959026621287231e-05
-2.705477503815571262e-04
-2.657669670110040031e-04
-3.349104332922978782e-04
-1.970504948162687888e-04
-5.355588192675636182e-04
-5.430646584641974500e-04
-4.667716006465638928e-04
-6.098879402755358553e-04
-4.953635383605457798e-04
-5.834788655602858934e-04
-5.933579358481438568e-04
-3.173183413708537039e-04
-3.792145755573734676e-04
-4.440689972684349783e-04
-4.156377761016032905e-04
-3.965369842049092618e-04
0.000000000000000000e+00
-2.114749750452400929e-04
-1.500994226798662331e-04
0.000000000000000000e+00
-4.327732980856412517e-04
-4.900626628419639183e-04
-5.125899216497109036e-04
-6.002772645313659682e-04
-6.011105909186275839e-04
-5.196937879731159012e-04
-6.023705829659433894e-04
-6.028036568253126266e-04
-6.081552685966986824e-04
0.000000000000000000e+00
-6.629039427019081318e-05
6.791753952590393733e-19
-2.022526936921297674e-04
-3.824164416200781860e-04
-3.921379395704600391e-04
-3.253580618520143797e-04
-4.578234121643446437e-04
-5.084700668473770419e-04
0.000000000000000000e+00
-1.500994226798662331e-04
-1.397916632368091455e-04
-2.078525122578877074e-04
-2.523827611127694862e-04
-3.312498338004611696e-04
-3.136083250081586203e-04
-1.802370650746407468e-04
-3.052646008709094757e-04
-2.937386572227299996e-04
-1.682455874198918080e-04
-2.865637267909822020e-04
-2.795630224695506137e-04
0.000000000000000000e+00
-3.143308264839910892e-04
-3.503245758900877353e-04
-3.962404701308994484e-04
-4.060379502424408746e-04
-5.198404251829415179e-04
-5.290826143364089473e-04
-9.888887263212334591e-05
-4.814405490936211695e-05
-1.174143980941779949e-04
-2.273410629594840252e-04
-2.494907357721209626e-04
-1.800310556372944522e-04
-3.038177177498210119e-04
-4.510551147966206792e-04
-3.298482323152661898e-04
-4.245685447979183173e-04
-4.151389684054363621e-04
-7.141609264444543639e-19
0.000000000000000000e+00
-1.396620532318588407e-04
-9.743161735533968333e-05
-2.002912709988154127e-04
-1.855381122553304224e-04
-1.497649309514765366e-04
-2.640812115382955554e-04
-1.635365407324958220e-04
-2.296160020432737314e-04
-3.253789829095053883e-04
-3.604236290876743293e-04
-4.358961284448331815e-04
-4.400979627487676144e-04
0.000000000000000000e+00
-4.842924666756420228e-05
0.000000000000000000e+00
-1.621601847476986449e-04
-3.714592895722444200e-04
-2.915206502304833625e-04
-3.476979378932220721e-04
0.000000000000000000e+00
-7.003150608554155893e-19
-9.732219598816618106e-05
-9.011853253732037342e-05
0.000000000000000000e+00
-9.011853253732037342e-05
-8.412279370994590400e-05
0.000000000000000000e+00
-8.412279370994590400e-05
-7.089285907845560141e-05
-1.454150042729538198e-04
-1.488981681280837307e-04
-2.278675414262060391e-04
-2.396036318909069117e-04
-8.043895563120042475e-05
-3.968502503191769773e-05
-9.046780494309600990e-05
-2.031250967103699276e-04
-2.151682883838406356e-04
-1.490218761820891712e-04
-2.790492108593578243e-04
-2.657231065326206600e-04
0.000000000000000000e+00
0.000000000000000000e+00
0.000000000000000000e+00
0.000000000000000000e+00
-7.128786203076215803e-05
-7.107642583537573196e-05
-1.749183221532331616e-04
3.433746199435309954e-06
-3.850260471588169003e-05
0.000000000000000000e+00
-1.414892048284017035e-04
0.000000000000000000e+00
-7.099062903675925490e-05
-1.129269799520831938e-04
