7.004927138879756907e-19
-1.583647721234745630e-04
0.000000000000000000e+00
-7.720530773556132098e-05
0.000000000000000000e+00
-7.683704929570630724e-05
-1.341536875071680859e-04
-1.479352246909111396e-04
-6.442040388363387679e-05
-1.392375321718000714e-04
-6.732238134873457652e-05
-1.498766983999933952e-04
0.000000000000000000e+00
-6.532390345362674121e-05
0.000000000000000000e+00
-2.948788321514467540e-04
-2.148270975904998173e-04
-2.265825537495508996e-04
3.084765220938687387e-19
6.909256280836679937e-19
-6.758917889500482739e-05
-2.895884195391470409e-04
-2.140935806850854906e-04
-2.247467599326976131e-04
-1.051419268310381343e-04
-5.102567056389585348e-05
-1.210244062976413223e-04
-2.665819985802719665e-04
-2.870731768848850968e-04
-2.005270280848181486e-04
-3.214097980599173437e-04
-3.119254813358253702e-04
-2.411948983178910703e-04
-1.200271870561589276e-04
-5.818878313782251414e-05
-1.296265577656252263e-04
-2.908417325430514080e-04
-2.129546842185936831e-04
-2.908774255249182939e-04
-3.077146369371988946e-04
0.000000000000000000e+00
-4.963193662747313051e-05
0.000000000000000000e+00
-1.895891771196727598e-04
-4.661040647022331087e-04
-3.816290613260440437e-04
-3.694468572651606053e-04
-4.574504241967382616e-04
-3.907659472669538451e-04
-3.777045903444837746e-04
0.000000000000000000e+00
3.043419603777202815e-19
-5.833932248346714727e-05
-2.031807047248269590e-04
-4.289139176106763584e-04
-3.590091647074460102e-04
-3.602228340064282035e-04
-4.407748924188546399e-04
-3.662239957200153851e-04
-3.820738320539409641e-04
-1.550101791734563670e-04
-1.366839714286294510e-04
-8.085733840647652188e-05
1.083092614996729449e-05
-7.908432731019090383e-05
0.000000000000000000e+00
-1.653331015716708171e-04
0.000000000000000000e+00
-8.374458087129308531e-05
0.000000000000000000e+00
-8.607421881317290605e-05
-2.208897541472001382e-04
-4.384183072175733102e-04
-3.524753859352547716e-04
-4.527275967635352796e-04
-4.644619583626637474e-04
-4.514546252578528762e-04
-1.112896020476120248e-04
-1.157391727439010902e-04
-5.416591904129278964e-05
-2.350640465878973018e-04
-2.619219417168831051e-04
-1.767619404541841165e-04
-4.368760162967886759e-04
-4.385337519993912081e-04
-4.345736029510016826e-04
-3.636428475129217797e-04
-1.758245576920971359e-04
-2.096741160208578231e-04
-1.966750150440319889e-04
-9.820647646121415271e-05
0.000000000000000000e+00
-9.710614879521986716e-05
0.000000000000000000e+00
-4.096519683715985375e-04
-3.402630419550014759e-04
-2.851277050734794555e-04
-6.092542785316375784e-04
-5.365328225881735129e-04
-5.224931341390325230e-04
-4.278220838262012000e-04
-6.428941068571665356e-04
-5.503108447112355648e-04
-5.555585626823807740e-04
-6.097423574293317147e-04
-5.256235998956240805e-04
-5.340945692390283500e-04
5.402092957925883566e-19
0.000000000000000000e+00
-5.428467317295925399e-05
-1.723169907638513808e-04
-3.454119814110499787e-04
-3.178195683446608313e-04
-2.900417769930189668e-04
-5.864653008312374063e-04
-5.082005026915813878e-04
-5.141918763826227191e-04
-5.733159797641931930e-04
-5.054882029465570300e-04
-5.017050861519203094e-04
-3.911748752146474925e-04
-4.327647719458257622e-04
-2.960484878984021083e-04
-3.026289247142900478e-04
-4.580892103800094858e-04
-3.312526230858543752e-04
-3.153954561917358609e-04
-2.249767228251764450e-04
-1.051676401247688021e-04
-2.194155696830096813e-04
0.000000000000000000e+00
-1.022148794086908817e-04
0.000000000000000000e+00
-4.264027160206370834e-04
-6.321040786667314181e-04
-6.237114840733819568e-04
-5.505387782807514164e-04
-5.096491561139082985e-04
-6.269332662641928598e-04
-6.398299875942838749e-04
-5.990692770746280319e-04
-1.051807285424615672e-04
-5.132450903678631996e-05
-1.082128191965197825e-04
-2.235807485325386028e-04
-1.666560761118770259e-04
-2.295695971063775771e-04
-3.344850009277403405e-04
-2.844736321775530753e-04
-3.398785759063278900e-04
-5.810108698135552432e-04
-5.691991812157180461e-04
-5.031259406120943897e-04
-5.718121997725047383e-04
-4.379133481271849093e-04
-3.910964263780566247e-04
-4.379661516263760879e-04
-4.535273440569361630e-04
-5.241881880025571830e-04
-4.967608107647658242e-04
-3.592067337863926943e-04
-3.669117181906613855e-04
-2.726651801901532231e-04
-1.283972497932369143e-04
-2.519773513295960748e-04
0.000000000000000000e+00
-1.208204696621691804e-04
0.000000000000000000e+00
-6.641802302510015337e-04
-5.379048019705720551e-04
-5.496447689384320904e-04
-8.100593582252265182e-04
-7.222644784682121216e-04
-7.089488131775990853e-04
-6.379586978993003008e-04
-7.948758279252259983e-04
-7.191154004165534186e-04
-7.024135781284555208e-04
-8.142057832502265328e-04
-7.292559800606559454e-04
-7.241534900727837360e-04
-7.593400819371503739e-04
-6.846140814617696774e-04
-6.729434979856923531e-04
0.000000000000000000e+00
5.329156443800305513e-19
-5.141528385654153821e-05
-1.635150147210268426e-04
-2.789821526981122314e-04
-3.856685524967537319e-04
-7.320882662153911907e-04
-6.528108019613675182e-04
-6.594267825975093237e-04
-7.128318948306073231e-04
-6.406442304858593487e-04
-6.432580430106497969e-04
-5.026979047326164901e-04
-7.371000842114609113e-04
-5.853881910611185863e-04
-5.986581241893690342e-04
-8.283691110728206696e-04
-6.426249903684635133e-04
-6.718369040675195060e-04
-5.890196217622975516e-04
-5.592239428115625133e-04
-3.994083653192865083e-04
-4.253136993560543760e-04
-4.298369478233648880e-04
-3.505234964714580657e-04
-2.019356976266064500e-04
0.000000000000000000e+00
-1.883231756903215636e-04
0.000000000000000000e+00
-7.022685836754289854e-04
-8.781034932772586446e-04
-8.446963366822202212e-04
-7.425079026128627050e-04
-8.144259603021213739e-04
-7.711353393026625135e-04
-7.772692806061329762e-04
-8.054116026827064928e-04
-7.459131446745197180e-04
-1.029699799237988531e-04
-1.039796565315842807e-04
-5.033837577050896586e-05
-2.045950735776813981e-04
-2.140868417427760090e-04
-1.539175140763103262e-04
-3.162364879896869749e-04
-2.695975954174950400e-04
-3.251288342738635831e-04
-4.438818234836958664e-04
-3.886296783013635722e-04
-4.407574697706893169e-04
-7.227603380037302822e-04
-7.000884287072595483e-04
-6.342248672013264463e-04
-7.066033879610327494e-04
-5.649522790237481926e-04
-5.008329177746788374e-04
-5.669593054595965451e-04
-7.833154694026791924e-04
-9.493377748461331866e-04
-8.890187864338669130e-04
-7.316658383410747785e-04
-7.646237911369560504e-04
-7.358048810027577845e-04
-5.136054147955450115e-04
-6.697846708421792070e-04
-5.987416562208552895e-04
-7.101096032903548476e-04
-3.242882679485577604e-04
-5.664450013124924885e-04
0.000000000000000000e+00
-3.055498703370546076e-04
0.000000000000000000e+00
-9.683989155027323062e-04
-8.151742773928928338e-04
-8.515303061240811358e-04
-1.091236404026010333e-03
-9.839331740441508226e-04
-9.497263702690104600e-04
-1.008615603799415663e-03
-9.116647750157930424e-04
-9.089580169970414361e-04
-9.221886976372209964e-04
-9.456502919117915334e-04
-8.519383310539696118e-04
-8.697516262932184460e-04
-1.001477094133797294e-03
-8.981299944796721207e-04
-9.083293783108685633e-04
-9.031375904937724054e-04
-8.173066217455158145e-04
-8.309132785200415211e-04
-5.965156805089480755e-19
0.000000000000000000e+00
-5.025020557141780028e-05
-1.527230006257915274e-04
-2.596008069648001251e-04
-3.792841699519843663e-04
-5.037560633365803986e-04
-8.698191928954372276e-04
-7.911511714111901751e-04
-8.007630863701550774e-04
-8.451819010085125615e-04
-7.723556728473551574e-04
-7.788957119229238677e-04
-6.320318246262908836e-04
-1.090663614744103241e-03
-9.112564761693030344e-04
-9.567505304614537607e-04
-1.257903568046154922e-03
-1.038016112668778716e-03
-1.100355937782671739e-03
-1.136804482702800413e-03
-8.546739443910352299e-04
-1.041522694210296474e-03
-9.364571452903484600e-04
-1.287992432621436895e-03
-9.959071509038519999e-04
-8.531763592588098534e-04
-9.918586086910098978e-04
-1.046057305747468552e-03
-8.808135338136226841e-04
-4.772597232872636923e-04
1.741419032773917929e-04
-4.342219374312672573e-04
0.000000000000000000e+00
-2.325261685299597793e-03
0.000000000000000000e+00
-7.780279051767115088e-04
0.000000000000000000e+00
-8.436854460403210489e-04
-1.025763417528059284e-03
-1.170156986917028890e-03
-1.130345748813828917e-03
-1.024849125517643140e-03
-1.048729450991245414e-03
-1.005738820409897297e-03
-1.068923227663987757e-03
-9.729521151718347610e-04
-9.235267961353188374e-04
-8.859860092575791435e-04
-1.207814177807713845e-04
-5.987299788665134735e-05
-1.122748449824411028e-04
-2.152439310763372849e-04
-1.583375961249134690e-04
-2.097493351641156051e-04
-2.647991174695850814e-04
-4.483033949104546999e-04
-3.816434428044625628e-04
-4.460003553630528935e-04
-5.659330937950486770e-04
-5.044149480482825777e-04
-5.653554098251781582e-04
-8.572222511700417283e-04
-8.272632956779621058e-04
-7.635500958059872681e-04
-8.361105528331093037e-04
-6.927161171490824401e-04
-6.284903842808204841e-04
-6.963617224152209018e-04
-1.166482093211301460e-03
-1.473911436725787319e-03
-1.214308962973803009e-03
-1.359649895476589682e-03
-1.308622606775664389e-03
-1.205905759218954803e-03
-1.845583867896121756e-03
-1.532682061325198880e-03
-1.308266560629650112e-03
-1.502463987063092608e-03
-1.451746343291622846e-03
-4.297710851238158679e-03
-2.321559745859476994e-03
-2.945017923308163726e-03
-7.850578406138997850e-03
-5.907108844884070148e-03
0.000000000000000000e+00
-1.310363727770195389e-03
-1.136020338784058704e-03
-1.196677930431394414e-03
-1.391376468040182073e-03
-1.238890560343109890e-03
-1.280313809297480530e-03
-1.283677374214852460e-03
-1.185661673214095761e-03
-1.144371111879405409e-03
-1.210823487064018869e-03
-1.105030911930400669e-03
-1.108662409320968455e-03
-1.236662155342025619e-03
-1.146339771922791004e-03
-1.044900907636113702e-03
-1.072854179838887744e-03
-1.084028697914075825e-03
-9.927553622378943073e-04
-1.013966643027772131e-03
-1.036195946769232629e-03
-9.524343180753000893e-04
-9.690416837992118278e-04
5.206845008957728478e-19
-5.880072157655908616e-19
-5.999785822083944856e-05
-1.677030787990982721e-04
-3.329993334960472395e-04
-2.735464352723439383e-04
-3.244972659691577020e-04
-5.065887085218840485e-04
-3.899841252243780795e-04
-6.289362188581624656e-04
-9.997370940187308430e-04
-9.220563923583607359e-04
-9.343423474037049854e-04
-9.723246558480627038e-04
-8.995707091585925614e-04
-9.084501126791763104e-04
-7.598437523530672793e-04
-1.491617109669026234e-03
-1.285305150519569506e-03
-1.368554583854353227e-03
-1.733046487001559111e-03
-1.486234014596314948e-03
-1.602343472172472125e-03
-1.792031804978644859e-03
-1.627652814609482999e-03
-1.469533393658402180e-03
-1.537764361876999344e-03
-2.302463497261657450e-03
-1.767208473462034916e-03
-2.091536317236806879e-03
-2.742636847011114577e-03
-1.996021761424845650e-03
-2.270141722126114807e-03
-2.516102049270388212e-03
-4.814174471883200107e-03
-3.335259390681444801e-03
-4.397538533283579937e-03
-5.581881382012800208e-03
-5.171468356556221425e-03
-7.568786214817938701e-03
-1.391324355121342912e-03
-1.496758159304727772e-03
-1.441750560987212302e-03
-1.335670213515257080e-03
-1.333284834061499238e-03
-1.244428721040629661e-03
-1.176394029377927919e-03
-1.402850697181424544e-03
-1.113214878109636610e-03
-1.058668497928741230e-03
-1.016963945033818196e-03
-1.100531237314380031e-04
-1.159439668736432397e-04
-5.421973426891372799e-05
-2.430243435964835096e-04
-2.290199940641476310e-04
-1.819200154344770672e-04
-2.875104047521236800e-04
-5.709688495797518581e-04
-5.684171380313542393e-04
-5.092511170160153198e-04
-4.539086717680754571e-04
-4.510681230602897672e-04
-3.929835481806775695e-04
-6.897634914040688334e-04
-6.275887169121493244e-04
-6.912124968450270024e-04
-9.853273873428763409e-04
-9.492611611887354995e-04
-8.883112942599466228e-04
-9.603860519290064813e-04
-8.153866677805346203e-04
-7.539691413811977147e-04
-8.212941909509907787e-04
-1.596878137668048328e-03
-2.027510993344713505e-03
-1.868890293383585442e-03
-1.761377636318881001e-03
-1.922096014589930266e-03
-2.015489969960244585e-03
-2.921802825176397951e-03
-2.577308383671930540e-03
-2.442827976010204793e-03
-2.901356228590508835e-03
-3.512780956037733424e-03
-5.135712610328335356e-03
-1.667571398366544900e-03
-1.573634705719609457e-03
-1.484114156036389458e-03
-1.677529316228323344e-03
-1.586501448109209171e-03
-1.530913614705803685e-03
-1.555902240685610397e-03
-1.416975011577709716e-03
-1.470768394148278370e-03
-1.448940321896765443e-03
-1.327519304145080743e-03
-1.364181227156777880e-03
-1.352755322187383299e-03
-1.247711619494332007e-03
-1.280034715824317128e-03
-1.576710110692280259e-03
-1.272595216760315489e-03
-1.176995097359347271e-03
-1.208059863304674969e-03
-1.209189964135327401e-03
-1.121717322806037916e-03
-1.145551545134716959e-03
-1.159720734791637627e-03
-1.097165456698918256e-03
-1.078999672164308345e-03
0.000000000000000000e+00
5.129794132317995515e-19
-5.429796057143443161e-05
-2.234861611401737494e-04
-1.666215375239863837e-04
-1.724210959029011479e-04
-2.336241650464661703e-04
-3.365252880051725071e-04
-3.346717119026647834e-04
-2.893661905114170742e-04
-6.301069504037743038e-04
-5.120627710588934690e-04
-3.947264944391109392e-04
-7.524835596067291996e-04
-1.121361962552568439e-03
-1.059952320670813977e-03
-1.046300344243058763e-03
-8.823442092838161555e-04
-1.094234973005222536e-03
-1.032838936973077366e-03
-1.021300536468051565e-03
-1.898010343924896263e-03
-1.687111165236055560e-03
-1.807131992610539785e-03
-2.190362368768595039e-03
-1.951179642906719983e-03
-2.110004802948086018e-03
-2.438683497066503059e-03
-2.228373435114898611e-03
-2.133364629889406699e-03
-2.367629577627561668e-03
-3.008120983941149455e-03
-2.634852039924376332e-03
-2.978367731919047499e-03
-3.829191333873684794e-03
-3.365224948036622289e-03
-3.353013801210976211e-03
-4.185270390327676046e-03
-4.685523617794496581e-03
-4.853369790378318088e-03
-5.272085502272038336e-03
-1.769183193070234840e-03
-1.822147289951971377e-03
-1.745560660308718027e-03
-1.662983423576627588e-03
-1.610332942534725524e-03
-1.497438323177258633e-03
-1.396715065440069792e-03
-1.309438403669694467e-03
-1.743937689399753521e-03
-1.238519332006276629e-03
-1.182688576647932411e-03
-1.139218311831167660e-03
-1.106679688296106288e-04
-5.469944050484618813e-05
-1.103348979331303208e-04
-2.236588593359065569e-04
-1.663442993449335168e-04
-2.239937331932530945e-04
-2.799929033395461356e-04
-6.920824901560809848e-04
-6.313469345586584028e-04
-6.909296671999678660e-04
-5.747041978684599983e-04
-5.139882000961661437e-04
-5.728115635295896388e-04
-4.540829589866008167e-04
-3.949013465275970011e-04
-4.539289218990780542e-04
-8.062184947713792876e-04
-7.479956040320947380e-04
-8.108483391765415344e-04
-1.106812421613664540e-03
-9.432183933295442899e-04
-9.455372385843373827e-04
-8.786214760598113661e-04
-1.072103108384851473e-03
-1.082421926383036765e-03
-1.010100069195181156e-03
-2.025232977065699255e-03
-2.523919697528935989e-03
-2.344513050124598375e-03
-2.289115707305367474e-03
-2.495820742882492223e-03
-2.699289557518488522e-03
-3.557159468757087675e-03
-3.272310215484064248e-03
-3.265688545046789050e-03
-3.720892067554994968e-03
-4.537475572259481137e-03
-4.645477046711892453e-03
-4.140860259523194281e-03
-4.625533371421852724e-03
-2.024209628326914708e-03
-1.954306388539714130e-03
-1.839811855834146397e-03
-1.952468137803477352e-03
-1.811091325548674739e-03
-1.887189132613419215e-03
-1.812727021501119549e-03
-1.680677042094801815e-03
-1.741620387375712167e-03
-1.678404482679246926e-03
-1.560774651065104622e-03
-1.614305033418946770e-03
-1.562989661644654735e-03
-1.503589728511453040e-03
-1.455520448076811843e-03
-1.464489897798752251e-03
-1.406764406981664099e-03
-1.366723851008274510e-03
-1.916037669740660058e-03
-1.383956514469047213e-03
-1.326830661703165982e-03
-1.295261724600656628e-03
-1.321780607974382040e-03
-1.264371739215521939e-03
-1.239737500425510362e-03
-1.272630154394329208e-03
-1.196197776356617204e-03
-1.215301935168654549e-03
0.000000000000000000e+00
0.000000000000000000e+00
-5.476310278067133414e-05
-1.666732606679186685e-04
-3.398360424231050038e-04
-2.812753894517000487e-04
-2.815614696458777939e-04
-3.380693942307520794e-04
-7.491396430107850370e-04
-6.332106253707635735e-04
-5.140316059877969145e-04
-3.964809966471859485e-04
-8.738271306148763171e-04
-1.234244716730757002e-03
-1.163623031359793582e-03
-1.177132007671074067e-03
-1.006385579915622299e-03
-1.204590716165737999e-03
-1.137972482764066685e-03
-1.148929155762462746e-03
-2.274873094608103642e-03
-2.224223688906071944e-03
-2.078619480983842464e-03
-2.574264690589400488e-03
-2.373521902091619250e-03
-2.551116171254140617e-03
-2.938207767964376525e-03
-2.705163203245752705e-03
-2.727572574720264591e-03
-2.971068311537552152e-03
-3.394093792595200346e-03
-3.469878875605493518e-03
-3.188259383050638662e-03
-4.094398151545533895e-03
-3.829944842868954376e-03
-3.979354863843176729e-03
-4.297090701319746138e-03
-4.240202578659611754e-03
-4.398785609468708682e-03
-4.454367623316355003e-03
-2.134776307161763594e-03
-2.113116057718097615e-03
-1.972310074865818962e-03
-2.027889609475259057e-03
-1.875130399788887785e-03
-1.739046007896204908e-03
-1.615431796280043276e-03
-1.509540151789316763e-03
-1.420948277904589534e-03
-2.067673993710594620e-03
-1.350443937908695803e-03
-1.295319901453500459e-03
-1.251967676697808129e-03
-1.127554430367751405e-04
-1.116812550224108937e-04
-5.589045280031747931e-05
-2.256606231478535535e-04
-1.677631190480365379e-04
-2.246503377285213768e-04
-3.566982867058837714e-04
-2.897638326438144759e-04
-3.481395190111811686e-04
-8.059815511429592808e-04
-7.490597061417521123e-04
-8.061544627576483968e-04
-6.987533047314930601e-04
-6.366194114451285621e-04
-6.954281186722653706e-04
-5.859871128670417206e-04
-5.197838594659925232e-04
-5.803306745529816096e-04
-4.695531543642882197e-04
-4.043316525850150674e-04
-4.617693432760749950e-04
-9.050687415364110262e-04
-9.230030595681000581e-04
-8.558519230432801855e-04
-1.218332712949327969e-03
-1.101811340446048372e-03
-1.022253845650588494e-03
-1.086847042862444223e-03
-1.203452695480753537e-03
-1.203746315153447939e-03
-1.137818082664818643e-03
-2.407245763338479363e-03
-2.894443298047401879e-03
-2.724092303175087472e-03
-2.720254618896208662e-03
-2.926734824116350095e-03
-3.150945400711913785e-03
-3.738546537600725365e-03
-3.638351721175939451e-03
-3.542198535447359936e-03
-3.880666967647869448e-03
-4.159925068923668069e-03
-2.325940123666609370e-03
-2.169520234047555944e-03
-2.293878058987359764e-03
-2.191171016564998943e-03
-2.067545588969532926e-03
-2.152103442910655896e-03
-2.040517415868821523e-03
-1.922850937704211408e-03
-1.992656219790838075e-03
-1.894246583117043838e-03
-1.850344340549136060e-03
-1.783382526113839149e-03
-1.770303972511084664e-03
-1.721755505093631143e-03
-1.664011850207440003e-03
-1.654267494806016970e-03
-1.606526332454977224e-03
-1.557223587399638419e-03
-1.554411721676242754e-03
-1.507719351027511992e-03
-1.467760760540388724e-03
-2.212897368546240529e-03
-1.483094318210274659e-03
-1.401181333542924224e-03
-1.432151674546623633e-03
-1.423129946980615859e-03
-1.371331737510042125e-03
-1.346849005231209352e-03
-1.374179994939658984e-03
-1.303394595449100003e-03
-1.322499694345851198e-03
-2.347811834723723603e-19
0.000000000000000000e+00
-5.593411520320075583e-05
-1.688373785891520221e-04
-2.908349927669426696e-04
-4.127336334552832164e-04
-7.523855505831107335e-04
-8.556912297960014586e-04
-6.422677517401475297e-04
-5.275139650649510919e-04
-1.010407438977399194e-03
-9.580131159686716951e-04
-9.766306107409266149e-04
-1.334439958227364408e-03
-1.268973866070497065e-03
-1.283628974799829597e-03
-1.055905609844641144e-03
-1.152678816212207710e-03
-1.320342690522252399e-03
-1.261762555459160695e-03
-1.262040960227050514e-03
-2.577245668862152873e-03
-2.419832276457368082e-03
-2.569025175985078895e-03
-2.851042518855096287e-03
-2.707095834783027500e-03
-2.874314314508764727e-03
-3.233073186508444476e-03
-3.096411399844869756e-03
-3.061818850380702492e-03
-3.312851505385543648e-03
-3.573516499978511389e-03
-3.475907542555613152e-03
-3.640680852016432104e-03
-3.813543400372244874e-03
-3.763997778857934573e-03
-3.940911581696117556e-03
-3.880671922487068971e-03
-4.006557678394554942e-03
-4.072069770949283789e-03
-2.438696063803352538e-03
-2.107753990520472472e-03
-2.359626346355462624e-03
-2.270438427118986070e-03
-2.241202299773811975e-03
-1.960468653839590042e-03
-1.826731385593404269e-03
-1.707547844613506319e-03
-1.600447620347727681e-03
-1.515958893383578462e-03
-2.341897783535925280e-03
-1.450736055087777001e-03
-1.396721437804599505e-03
-1.352789462710939951e-03
-1.165010256066604025e-04
-5.787811876729210002e-05
-1.146007549345863145e-04
-2.282997713747465796e-04
-2.269538155256185872e-04
-1.702320780735212054e-04
-3.372283143968150235e-04
-3.468540686433719752e-04
-2.812160863520213848e-04
-5.014580713181850634e-04
-4.854230037872812702e-04
-4.289055678618923159e-04
-8.075021341002446701e-04
-8.067609665525517617e-04
-7.531476526864655475e-04
-9.039557334434570246e-04
-8.550612653844156738e-04
-9.044979689364698872e-04
-7.092986717404132103e-04
-6.476005828024095426e-04
-7.040204200140795857e-04
-5.995454636593738548e-04
-5.343951813663162884e-04
-5.927441333960772538e-04
-1.001925952304383652e-03
-9.536874234544116639e-04
-1.006203636252541757e-03
-1.326438172125994977e-03
-1.102948037974257932e-03
-1.056781621777868468e-03
-1.102427570599662579e-03
-1.209858838848544733e-03
-1.156063515540644605e-03
-1.206780154161723496e-03
-1.311161292847144895e-03
-1.257632928432770615e-03
-1.315410387547402520e-03
-2.701705049950448283e-03
-3.115867854049583687e-03
-3.011674754917734002e-03
-2.977152718924878233e-03
-3.178177304864597888e-03
-3.394572270969050364e-03
-3.673268827203749441e-03
-3.846793176894298949e-03
-2.566862538094271447e-03
-2.441675650099664127e-03
-2.566682418362777399e-03
-2.237105045547351997e-03
-2.135466495387284506e-03
-2.210674871330429395e-03
-2.393462946958408236e-03
-2.288953417007935816e-03
-2.377060732229837811e-03
-2.090121409140032090e-03
-2.062219649049621458e-03
-1.989293590020857309e-03
-1.959100776464125712e-03
-1.861985961684896676e-03
-1.923911648739990918e-03
-1.834083603795225864e-03
-1.741724872242040147e-03
-1.799838972607360754e-03
-1.720956239946617528e-03
-1.636096034801389713e-03
-1.685716330994139296e-03
-1.640341324195764873e-03
-1.560285752832815415e-03
-1.595799585367815594e-03
-2.457486489605932231e-03
-1.572457617574462251e-03
-1.526450274080947550e-03
-1.496563590165405494e-03
-1.513574442349474927e-03
-1.467233862754494661e-03
-1.442873798560028982e-03
-1.465301421570854197e-03
-1.418827338751834635e-03
-1.399142669652350852e-03
0.000000000000000000e+00
-2.306686957874040738e-19
-5.795048100226901991e-05
-1.721414902114834164e-04
-2.825790373524323783e-04
-4.335380703936915492e-04
-3.949739773125050812e-04
-3.852908609005541250e-04
-5.503300431030978303e-04
-4.673585477792497147e-04
-7.584143744909991984e-04
-8.558374907112224414e-04
-9.530872787770432565e-04
-6.543809729327094201e-04
-1.052684436673128124e-03
-1.437774599193568197e-03
-1.378500684229137276e-03
-1.385407976552247011e-03
-1.156758066075630996e-03
-1.260941084040509159e-03
-1.418237551633989716e-03
-1.364556035795580751e-03
-1.368646402206565200e-03
-2.794009420420425112e-03
-2.681398506396363846e-03
-2.817944744986736541e-03
-3.017991838682271451e-03
-2.932082552174644467e-03
-3.067803123948571048e-03
-3.348380908808761512e-03
-3.232541867237275716e-03
-3.293296066461380914e-03
-3.450101534265820509e-03
-3.604900589592982367e-03
-3.586568500970055418e-03
-3.705534146203391319e-03
-3.636291547407828964e-03
-3.731915411784096116e-03
-3.761149935809483813e-03
-2.670724242434071270e-03
-2.157185091444453404e-03
-2.308468129156420953e-03
-2.554660867727563678e-03
-2.469978095326843485e-03
-2.461640061456199687e-03
-2.018948467285259975e-03
-1.891550269055288121e-03
-1.773178895173154390e-03
-1.677472545241873517e-03
-1.603643341522439317e-03
-2.560131489619866564e-03
-1.540669993623334589e-03
-1.487534347203624784e-03
-1.450114157373354109e-03
-1.178250447922343791e-04
-1.172187914589334541e-04
-5.876149724165514716e-05
-2.399750614898235601e-04
-1.780692513544336511e-04
-2.340958755402485110e-04
-3.438137819991432249e-04
-2.859241758141018927e-04
-3.404524373007152102e-04
-4.439175240370765892e-04
-3.905148909360174072e-04
-4.386789618390104194e-04
-6.196142516259797034e-04
-5.604727992224258805e-04
-6.095543520463647148e-04
-5.312471168052564302e-04
-4.823647738477683002e-04
-5.163392811202965199e-04
-8.176006901944643307e-04
-7.634943297109566488e-04
-8.125650212910378450e-04
-9.099421133014675561e-04
-9.069611907536055846e-04
-8.587962537258526062e-04
-1.003636710792781862e-03
-9.539229683922408054e-04
-1.002815416300354215e-03
-7.203679792699543751e-04
-6.599559626867534945e-04
-7.147943090713431043e-04
-1.098545855422719455e-03
-1.050445402996831980e-03
-1.100736720601264368e-03
-1.426838327953259102e-03
-1.200368878171783390e-03
-1.151974333854470381e-03
-1.205191278264494334e-03
-1.303411270223369701e-03
-1.257037771373656701e-03
-1.307420329741030380e-03
-1.404428773270685431e-03
-1.358265800121871746e-03
-1.410858859411257514e-03
-2.898831236802404225e-03
-3.212528429584367295e-03
-3.112966840657979857e-03
-3.167054204481905676e-03
-3.281750330755377459e-03
-3.480428102189549611e-03
-3.521037800221275826e-03
-3.410643571701382076e-03
-3.620868823831334057e-03
-3.534710337886742826e-03
-2.744838556217338993e-03
-2.765992349860233769e-03
-2.652957989467955111e-03
-2.258680651731408313e-03
-2.245092050529502638e-03
-2.171782531918709305e-03
-2.399797171118694256e-03
-2.315687874773107117e-03
-2.393654598316898897e-03
-2.545397181916262026e-03
-2.466678104984011861e-03
-2.550303855338032465e-03
-2.129119225465829664e-03
-2.107067853411636292e-03
-2.041725974901415115e-03
-2.012978255234101118e-03
-1.984114874563211277e-03
-1.921154081815075118e-03
-1.881157597743638495e-03
-1.855956023487748824e-03
-1.799680866163574358e-03
-1.790046001311398037e-03
-1.713702245891640923e-03
-1.753827508816433768e-03
-1.717144545850287154e-03
-1.677282252177185809e-03
-1.643444221714767187e-03
-2.646087517063160175e-03
-1.652086999090540860e-03
-1.581677956184175324e-03
-1.610998401325533340e-03
-1.598733286815985644e-03
-1.531038398712281047e-03
-1.555068485963473617e-03
-1.554947554467596719e-03
-1.509231854307324736e-03
-1.495694950571994919e-03
0.000000000000000000e+00
0.000000000000000000e+00
-5.874115157759131128e-05
-1.788053423146919257e-04
-2.918398012756386766e-04
-3.938352193560662831e-04
-4.875642360645493197e-04
-6.699964139771865832e-04
-5.754124404539974653e-04
-7.689964125945250410e-04
-8.638581033459974585e-04
-9.569369225995121150e-04
-1.051349242833161165e-03
-1.149773018939713280e-03
-1.539764443275412360e-03
-1.478352925588407620e-03
-1.488149554396122135e-03
-1.252357825027279950e-03
-1.354482475060001922e-03
-1.509922514750267931e-03
-1.457155431965417988e-03
-1.463494025107063209e-03
-2.928186390407298660e-03
-2.858993906108572500e-03
-2.970691335787966573e-03
-3.090889061112393667e-03
-3.053811792429304492e-03
-3.151179402577621892e-03
-3.355045251662160805e-03
-3.283194011232556248e-03
-3.352827046084801837e-03
-3.417620286270107999e-03
-3.444342387164602871e-03
-3.530230979605263747e-03
-3.543021471379442355e-03
-3.426633494978705268e-03
-3.449718565357522571e-03
-3.512103205564306822e-03
-2.830829510293784643e-03
-2.188701179485815895e-03
-2.323668719742029518e-03
-2.466870823920097426e-03
-2.694122914566645689e-03
-2.627637339904988645e-03
-2.616692373382194410e-03
-2.066757852945210784e-03
-1.943033659999579554e-03
-1.832520414685241683e-03
-1.750641195767991491e-03
-1.681980810291222594e-03
-2.719134142947779269e-03
-1.623164837882982037e-03
-1.574982112652632393e-03
-1.546072613451647017e-03
-1.398044539749160819e-04
-6.983864423914722282e-05
-1.287696745746343650e-04
-2.683912377224166070e-04
-1.930041510326686686e-04
-2.540614690484405830e-04
-3.675726150054397330e-04
-3.037968923014049138e-04
-3.556494519799152285e-04
-4.618252660688179287e-04
-4.028661383495714247e-04
-4.528607945747096554e-04
-5.555888443452565613e-04
-4.997923051243522048e-04
-5.434111669905130433e-04
-7.396290935463768106e-04
-6.796607412176253714e-04
-7.299481001580723858e-04
-6.482006026667401152e-04
-5.897597255033519776e-04
-6.339031505600244143e-04
-8.286213057652571691e-04
-8.230718913698471632e-04
-7.745240161580482742e-04
-9.194233424760691470e-04
-8.685606050790106508e-04
-9.146980971273298636e-04
-1.011503016382917126e-03
-9.608793641228963178e-04
-1.007647720809362255e-03
-1.101551670005257964e-03
-1.052826403606618375e-03
-1.100094071833825592e-03
-1.196645786483143022e-03
-1.198588810132141490e-03
-1.147920657165288957e-03
-1.523587349216212229e-03
-1.291261472481497214e-03
-1.246220541493621567e-03
-1.297408126812281057e-03
-1.387347261180861373e-03
-1.345856106918366830e-03
-1.395975771599586995e-03
-1.484051111292992737e-03
-1.444798765785204955e-03
-1.496433057527037959e-03
-3.006425797476459938e-03
-3.218492308461721758e-03
-3.216183300804921832e-03
-3.154769065228187411e-03
-3.286064419468874565e-03
-3.388217087232991455e-03
-3.436379038291711204e-03
-2.850705990522071735e-03
-2.796278895840118364e-03
-2.887731732757258668e-03
-2.273065220376553706e-03
-2.199013135670609825e-03
-2.263538118618940026e-03
-2.396590413917539658e-03
-2.395814707286090823e-03
-2.325424779706153355e-03
-2.526188957680703361e-03
-2.460885104407265281e-03
-2.533507556149955896e-03
-2.656269812594623698e-03
-2.599035190080415357e-03
-2.675423114913800388e-03
-2.160702298124643483e-03
-2.085057479704699110e-03
-2.143310341643102530e-03
-2.018696519295793811e-03
-1.948770080941404680e-03
-2.014346459380360332e-03
-1.929850978551400599e-03
-1.858416569488113672e-03
-1.903743468589231928e-03
-1.853192426215706859e-03
-1.820077382959090894e-03
-1.783738716931345010e-03
-1.784912948243431302e-03
-1.749660005309231457e-03
-1.717261951435617232e-03
-2.770479495935749669e-03
-1.726225375811611500e-03
-1.687951769784977983e-03
-1.661417456404893148e-03
-1.678550417516162059e-03
-1.637649022103696179e-03
-1.615892282256522474e-03
-1.647325684989124281e-03
-1.592798859714458781e-03
-1.600385535077621059e-03
0.000000000000000000e+00
0.000000000000000000e+00
-6.981324118905890899e-05
-2.041770685358397573e-04
-3.180899122646679107e-04
-4.147905042056466941e-04
-5.087798161906770039e-04
-6.019665659643834345e-04
-6.939959799867641407e-04
-7.841211492866575084e-04
-8.740074578190791922e-04
-9.656449038414514300e-04
-1.056836712155641549e-03
-1.149457102419577589e-03
-1.244409485025018769e-03
-1.612009539572698989e-03
-1.560348909245449361e-03
-1.575248758384928003e-03
-1.339832634651653498e-03
-1.436294772193412580e-03
-1.581778821588273806e-03
-1.532943846897529471e-03
-1.545322170079708362e-03
-2.991088199752271835e-03
-2.958131177004837999e-03
-3.039627597289448410e-03
-3.104359050513048716e-03
-3.159544450510205771e-03
-3.096692004494781998e-03
-3.277457460509038568e-03
-3.315610877389441567e-03
-3.250154427967281295e-03
-3.349825436982756255e-03
-3.294365215996393134e-03
-3.362591486217115025e-03
-3.367500750870159286e-03
-2.917651085010292914e-03
-2.330273194197684736e-03
-2.213257585511146670e-03
-2.456897662565506787e-03
-2.587126769081268644e-03
-2.780695617072360785e-03
-2.716390339963985733e-03
-2.739417288464520567e-03
-2.086418623170106269e-03
-1.971301838875314655e-03
-1.888443335741065657e-03
-1.816249145852643146e-03
-1.753110547708928123e-03
-2.815566024610208218e-03
-1.700329603387523529e-03
-1.661320365218287888e-03
-1.628285791872809661e-03
-1.608526257473623031e-04
-1.505430024046244581e-04
-8.062928007358101618e-05
-2.911790820682882801e-04
-2.156995036631504888e-04
-2.797383314815976747e-04
-3.949838830142283694e-04
-3.318423793994070177e-04
-3.812612241404743363e-04
-4.892354182330344416e-04
-4.285414905640189879e-04
-4.755279078883303812e-04
-5.821633881506144224e-04
-5.220974341984614860e-04
-5.688752873972279141e-04
-6.714334182053270650e-04
-6.136052537797291422e-04
-6.598215671348539417e-04
-7.627830333569969113e-04
-7.056053984427451513e-04
-7.512103761760707474e-04
-8.607723766454586280e-04
-8.000635546319708304e-04
-8.444588624294206008e-04
-9.280746823659739245e-04
-8.781921158152704299e-04
-9.237184306573062789e-04
-1.019499736810230116e-03
-9.696142063043908244e-04
-1.015531149897086136e-03
-1.107305620791879542e-03
-1.059659232771035207e-03
-1.104469920884358636e-03
-1.196675288712759772e-03
-1.149451229228898134e-03
-1.196733281018960010e-03
-1.284913545369960504e-03
-1.241175173520929140e-03
-1.288158459530819398e-03
-1.595752902330154800e-03
-1.374893235434025002e-03
-1.333541592334167762e-03
-1.381193484623380666e-03
-1.465418440680972632e-03
-1.426909566627000171e-03
-1.474843572200042977e-03
-1.553089541969628149e-03
-1.519142425723798030e-03
-1.566943678582073240e-03
-3.045420752537788232e-03
-3.177259665710273785e-03
-3.195645006585233656e-03
-3.138654917732286269e-03
-3.223139069838401420e-03
-3.285396351621683048e-03
-2.900192256554196511e-03
-2.875342507599238165e-03
-2.945460362674686729e-03
-2.392145537094972699e-03
-2.392320739713363342e-03
-2.330721189270250956e-03
-2.281430148169175370e-03
-2.276628214561166735e-03
-2.221022352437778194e-03
-2.503991521866999817e-03
-2.513214455458660963e-03
-2.448594775184084575e-03
-2.615904511678324770e-03
-2.569646834369786886e-03
-2.634527854738603903e-03
-2.724429270853385293e-03
-2.689360270531712498e-03
-2.752709178829235159e-03
-2.144675249238670034e-03
-2.151378525535047569e-03
-2.080704903704331046e-03
-2.056646712730429011e-03
-1.991729868577350043e-03
-2.035979277414924193e-03
-1.979600108145607683e-03
-1.953152388271269836e-03
-1.914952250276966833e-03
-1.908058505785787187e-03
-1.879202730227252753e-03
-1.845192255578409837e-03
-1.845286446200146944e-03
-1.813869013370207790e-03
-1.784743944002183374e-03
-2.840127499450041670e-03
-1.794954999892463396e-03
-1.735809556715963743e-03
-1.759508795823700464e-03
-1.750457382779597266e-03
-1.698016171495070423e-03
-1.713553641805477725e-03
-1.712602959591950740e-03
-1.661535179974264233e-03
-1.679147029525028664e-03
1.901585873602440960e-19
0.000000000000000000e+00
-8.091926601601058620e-05
-2.266763063499620907e-04
-3.433061563744761215e-04
-4.422980117917528898e-04
-5.358513624097983007e-04
-6.269226169361111645e-04
-7.172523526244018290e-04
-8.115872725880965248e-04
-8.940465549157885702e-04
-9.739339850277826081e-04
-1.063702442573790253e-03
-1.152351680034593767e-03
-1.241241965071050984e-03
-1.330414964329537045e-03
-1.673074306736660032e-03
-1.641941871153111731e-03
-1.626677993143808496e-03
-1.420718794613245062e-03
-1.509846682891488601e-03
-1.632537310878855522e-03
-1.606727632543492480e-03
-1.592888266267743734e-03
-3.007872456922518027e-03
-2.997918404198988973e-03
-3.052579574748071761e-03
-3.092133590223391810e-03
-3.097523629869579267e-03
-3.133420553786691459e-03
-3.148470513773388418e-03
-3.160922936845500519e-03
-3.211079741051490501e-03
-3.161865300427739792e-03
-3.222730114334014084e-03
-3.229798463045644667e-03
-2.952378265328809565e-03
-2.444320496367960449e-03
-2.334292048316593746e-03
-2.211766677790878537e-03
-2.556656568829097139e-03
-2.667599981807819605e-03
-2.823454174684794822e-03
-2.772905507403350227e-03
-2.803132378741002816e-03
-2.097920132492627626e-03
-2.015027011690895611e-03
-1.940976028112259121e-03
-1.874150173955937103e-03
-1.818014161515673840e-03
-2.861812309045970708e-03
-1.770822477428429277e-03
-1.729861449525746560e-03
-1.691477480320834363e-03
-1.273263136481618931e-04
-6.348513579695878070e-05
-1.445132827617851001e-04
-3.227660337848312078e-04
-2.421984418124185738e-04
-3.070903920200313345e-04
-4.217921605257994025e-04
-3.567198099899350668e-04
-4.084072723846784601e-04
-5.177312193078236445e-04
-4.565528927945087211e-04
-5.034895266598079719e-04
-6.122086481013689491e-04
-5.972193129856473437e-04
-5.508999651573377168e-04
-6.973243817073406826e-04
-6.398789800043244106e-04
-6.843936644177510062e-04
-7.857894682520006040e-04
-7.287593580810533545e-04
-7.742979814359848530e-04
-8.688696371979753516e-04
-8.645007747319899665e-04
-8.160216114117669175e-04
-9.608544809437118573e-04
-9.442849676820561089e-04
-9.106032176213640266e-04
-1.031812129871490305e-03
-9.801093308581141847e-04
-1.025697049763869351e-03
-1.117090383048918159e-03
-1.068568345825062806e-03
-1.112222849295876632e-03
-1.199929866616134509e-03
-1.153942842051440109e-03
-1.198353212281056540e-03
-1.283736948717314509e-03
-1.240595371080008454e-03
-1.284387764521245472e-03
-1.367729237789249916e-03
-1.326771806121745771e-03
-1.371377302015146411e-03
-1.651626537355467637e-03
-1.452258434426446313e-03
-1.414074597729712487e-03
-1.458915086617953993e-03
-1.532730070091924395e-03
-1.543020595627899848e-03
-1.499604155580660635e-03
-1.604530469686456240e-03
-1.618089581988930862e-03
-1.579264542367762609e-03
-3.046498350378540765e-03
-3.117356809604560422e-03
-3.155367945262504623e-03
-2.904274342703459452e-03
-2.902439633664098337e-03
-2.953129961333888012e-03
-2.484384637372156861e-03
-2.492304634876802046e-03
-2.436525748835061816e-03
-2.390752013062717035e-03
-2.389302631846560582e-03
-2.336663218456438377e-03
-2.240611874556644977e-03
-2.261090923272266254e-03
-2.192703253255822403e-03
-2.579163559092437046e-03
-2.596111576071276090e-03
-2.540264551251846664e-03
-2.671924656412054053e-03
-2.643190496734161305e-03
-2.697278517510266413e-03
-2.757141085094206266e-03
-2.740743103045438847e-03
-2.790508472498169634e-03
-2.168616375933274908e-03
-2.111187103796744249e-03
-2.155125079940212358e-03
-2.093240705135593696e-03
-2.073445701216025498e-03
-2.035070662355325036e-03
-2.023953797342422332e-03
-1.964738024171954964e-03
-2.000508096744663296e-03
-1.954889315652305962e-03
-1.899189021318992924e-03
-1.930390969473269602e-03
-1.900374728836082879e-03
-1.846782168203631733e-03
-1.871724224953988120e-03
-2.863997671730953917e-03
-1.857475562969453098e-03
-1.803119212182563349e-03
-1.825245480291818982e-03
-1.817673554682792438e-03
-1.783194196837211126e-03
-1.764354504918420538e-03
-1.774941036157576431e-03
-1.743381126185825254e-03
-1.723598957083327318e-03
-2.867610080023402795e-19
1.856476971532921707e-19
-6.374440124365995247e-05
-2.440195143045267509e-04
-2.024572420542686269e-04
-1.854280637607309216e-04
-3.726636636375950384e-04
-2.837318411815805113e-04
-4.700232923307160263e-04
-5.651888438007106157e-04
-6.549551229829113233e-04
-7.417394487373071268e-04
-8.275174569270396605e-04
-9.480083164542787641e-04
-9.041616689814893507e-04
-9.083889767343292579e-04
-9.540077609996137908e-04
-9.963430049144184932e-04
-1.074778039918322312e-03
-1.158864921963434318e-03
-1.242257682476478192e-03
-1.326230757894241580e-03
-1.410540790853939252e-03
-1.710860577114031071e-03
-1.691650534379966330e-03
-1.671307784105462548e-03
-1.493078005873613775e-03
-1.569148281471833498e-03
-1.675072669094401084e-03
-1.639966054789234427e-03
-1.653320224145139088e-03
-3.001004872579869729e-03
-3.045733144518648905e-03
-3.003956159650528375e-03
-3.043017757305171989e-03
-3.067420417636623590e-03
-3.094980139709437809e-03
-3.050980354209291683e-03
-3.101012658757468926e-03
-3.106403771186062694e-03
-2.948018044174318883e-03
-2.976864166592558397e-03
-2.925104339503543753e-03
-2.528542263218524610e-03
-2.433645001759336939e-03
-2.337089585325107487e-03
-2.311216890787158931e-03
-2.362541564642514722e-03
-2.290453975060489835e-03
-2.203138960970925549e-03
-2.623377571984550523e-03
-2.713563422459191327e-03
-2.829423900387553759e-03
-2.826818389386996644e-03
-2.793285516124978645e-03
-2.127974848424060966e-03
-2.055993278404246588e-03
-1.987058014463490615e-03
-1.925601054062170414e-03
-1.877070372699125031e-03
-2.866889910700700251e-03
-1.835848653138801023e-03
-1.795168002353353821e-03
-1.742220681019785757e-03
-1.035381220778532757e-04
-1.156643160912802348e-04
-5.209459089218863306e-05
-2.415689533976478863e-04
-1.845561250280697112e-04
-2.430015036003151628e-04
-4.517716179300965314e-04
-3.875913809994000619e-04
-4.368005117552631583e-04
-3.555461693927424414e-04
-3.001063575842383320e-04
-3.391677343810356113e-04
-5.416055387898605078e-04
-5.296633366247806632e-04
-4.819525222153879128e-04
-6.353928171633819143e-04
-6.237973527464909162e-04
-5.767957986818538982e-04
-7.245539055251936332e-04
-6.685640444309827284e-04
-7.109509595903725637e-04
-8.108568825757171434e-04
-7.542588494363349112e-04
-7.983266535692064856e-04
-8.888792306989384395e-04
-8.375052265565767744e-04
-8.788955616915086061e-04
-9.596963343831777307e-04
-9.535908822396877002e-04
-9.144717488270377379e-04
-1.036076623129437296e-03
-9.916872785055038091e-04
-9.981037853174989320e-04
-1.033594374099707251e-03
-1.126964046603356855e-03
-1.122039615366131554e-03
-1.079715319444366113e-03
-1.210466985587493015e-03
-1.205259147275925587e-03
-1.164137898995052864e-03
-1.287287125538994804e-03
-1.243982019022578682e-03
-1.285562755690196693e-03
-1.366405048010449572e-03
-1.325511772366063171e-03
-1.367128952094941955e-03
-1.445446916035936311e-03
-1.407073699115367598e-03
-1.448922722232428868e-03
-1.692087095563958761e-03
-1.524271104408360649e-03
-1.488770454058863362e-03
-1.528596998524211353e-03
-1.589418241377998746e-03
-1.561482645418045719e-03
-1.597065663477420083e-03
-1.655419421656320091e-03
-1.630382057487911231e-03
-1.664994370177502736e-03
-2.973280428241109261e-03
-3.020867258531776713e-03
-3.046857148008675666e-03
-2.878369643327145441e-03
-2.891778586393387203e-03
-2.913547971365359947e-03
-2.547288548958926910e-03
-2.514802561847600572e-03
-2.561939487662476429e-03
-2.473397661606088500e-03
-2.431239279734378859e-03
-2.477189773157500129e-03
-2.410541448826823349e-03
-2.398800329273326030e-03
-2.374270944118546736e-03
-2.260845028025620929e-03
-2.252333784660868858e-03
-2.299261833768001181e-03
-2.214914421554184474e-03
-2.626243267377467716e-03
-2.648099133966219307e-03
-2.601874350863417860e-03
-2.696862415359463361e-03
-2.726589519322765096e-03
-2.684137368658439347e-03
-2.760672973017246241e-03
-2.795108940771809554e-03
-2.759139998708532403e-03
-2.192428497697311920e-03
-2.179055223103660167e-03
-2.141530031563811456e-03
-2.124505006929807479e-03
-2.107962065652369509e-03
-2.073307125582428065e-03
-2.050088356877481817e-03
-2.035933412809326406e-03
-2.001526580409280533e-03
-1.997146206872277979e-03
-1.947856435682761983e-03
-1.974856764195906736e-03
-1.953590541095733164e-03
-1.926052398870615502e-03
-1.904723815533775587e-03
-2.854428852872820110e-03
-1.914220649413056214e-03
-1.885068585236467954e-03
-1.865313512202947544e-03
-1.886572150601636836e-03
-1.830554370401887409e-03
-1.851484743849592628e-03
-1.781165847826648649e-03
-1.745990226530440888e-03
-1.778073919694789316e-03
0.000000000000000000e+00
-2.793579213761232265e-19
-5.228612354108406763e-05
-1.732853116270826645e-04
-2.991364195964266995e-04
-4.040347027126095112e-04
-4.970319968884732379e-04
-5.887849030686593144e-04
-6.801883686446154580e-04
-7.679112751127242960e-04
-8.500471117960919573e-04
-9.244738553120948957e-04
-1.031866902665224892e-03
-9.956552897815128256e-04
-9.896327564054879962e-04
-1.033302647790760101e-03
-1.081505979786607499e-03
-1.169111720766887602e-03
-1.249288945109315770e-03
-1.327325462989663394e-03
-1.406454094501728182e-03
-1.485397128875312611e-03
-1.748364524281173244e-03
-1.711346434346444536e-03
-1.729185431421247305e-03
-1.557304917812897755e-03
-1.622888009289372938e-03
-1.727878950165426990e-03
-1.691676971236895626e-03
-1.701020391758650396e-03
-2.918300995524780207e-03
-2.932516905982972266e-03
-2.959444442327244587e-03
-2.945243817659838441e-03
-2.972915610944992099e-03
-2.993575695711367911e-03
-2.951580064206553791e-03
-2.998365531865066543e-03
-3.001315785351812288e-03
-2.898352005039033299e-03
-2.584615692758540813e-03
-2.507401077179508258e-03
-2.439265314033849195e-03
-2.339325598973951339e-03
-2.339755356206254383e-03
-2.373347169269141715e-03
-2.301804935788787348e-03
-2.225333089255539069e-03
-2.660277714717968790e-03
-2.728552255418833193e-03
-2.809401756722207898e-03
-2.785567665005561112e-03
-2.819462088506610037e-03
-2.156269232517221343e-03
-2.085285986621434381e-03
-2.021449851434010785e-03
-1.973522847765825546e-03
-1.932308868562238394e-03
-2.843933213541054508e-03
-1.899068295133877690e-03
-1.848365136767563671e-03
-1.812064488213121355e-03
-1.866942391958417886e-03
-1.815114792998670252e-03
-1.764317666247144749e-03
-1.478304042695370623e-04
-7.435248099013676694e-05
-1.257120883192443250e-04
-1.956195336613097621e-04
-3.811261894239906765e-04
-3.117550578674940396e-04
-3.684228394005275783e-04
-4.815161777526942122e-04
-4.188988416187434602e-04
-4.666928390715984940e-04
-5.848434600220698458e-04
-5.183643283568388970e-04
-5.630197380901025977e-04
-6.643978806393144570e-04
-6.032383882305062013e-04
-6.499471676627028432e-04
-7.520645019442064559e-04
-6.939364605640734561e-04
-7.383357111183596298e-04
-8.375273457303758799e-04
-7.812179289324043714e-04
-8.241743735984399452e-04
-9.145805022403421039e-04
-9.017311985314651560e-04
-8.628600036052120649e-04
-9.778683165805775179e-04
-9.688204754036791079e-04
-9.335252607708896273e-04
-1.042973168784291221e-03
-1.001513486337904510e-03
-1.037084620267189790e-03
-1.125546704917094153e-03
-1.078279492434082139e-03
-1.080398664472247399e-03
-1.125829016803953260e-03
-1.218178698134614888e-03
-1.172996485978992226e-03
-1.214356449549682838e-03
-1.293981958012458029e-03
-1.252599313380437125e-03
-1.290668700833641144e-03
-1.369855528205455187e-03
-1.329018646342835543e-03
-1.368196683643680203e-03
-1.444185471535174578e-03
-1.444878396582590253e-03
-1.405780410964814833e-03
-1.515726377618580945e-03
-1.520063769327297063e-03
-1.481088584733398182e-03
-1.737281772583236343e-03
-1.580129389134332825e-03
-1.552557059413804588e-03
-1.584780902794952987e-03
-1.642610010908938543e-03
-1.616366963220834414e-03
-1.649070658038550609e-03
-1.707782722688230576e-03
-1.682028469163765472e-03
-1.717429765642205369e-03
-2.931636535363857463e-03
-2.948373113211715836e-03
-2.842438308434224424e-03
-2.861439128554999455e-03
-2.881198812633278990e-03
-2.585703355643356738e-03
-2.605143618010576177e-03
-2.565868037507163836e-03
-2.522593458118310705e-03
-2.533708279784574816e-03
-2.497112407421864591e-03
-2.463734000759738602e-03
-2.435880104680173026e-03
-2.467124927082406296e-03
-2.402965865334000597e-03
-2.371414301493650865e-03
-2.405520658534171172e-03
-2.273112872234287277e-03
-2.268485213157099816e-03
-2.306371089254457760e-03
-2.233040484001587445e-03
-2.646677150225052941e-03
-2.636250279341817611e-03
-2.671216510988274825e-03
-2.698594433589779872e-03
-2.729562155196256501e-03
-2.697492912916034987e-03
-2.748386432658983525e-03
-2.778776594885137841e-03
-2.754674427694970944e-03
-2.214136006686781566e-03
-2.169806818404434318e-03
-2.202537981577189392e-03
-2.132045370025451199e-03
-2.090321756285967031e-03
-2.127334496012072817e-03
-2.083115089568037849e-03
-2.039191250113642565e-03
-2.065555556891031722e-03
-2.037792057872166336e-03
-2.016489151174638127e-03
-1.994835413015776451e-03
-1.997211366364729825e-03
-1.955084791988140162e-03
-1.974722221366178795e-03
-2.827048886088154647e-03
-1.965159341867863622e-03
-1.925512959830178328e-03
-1.939282595891528684e-03
-1.932880962660825071e-03
-1.891015851986316146e-03
-1.909393672775757311e-03
-1.824622956506961012e-03
-1.803300052184664444e-03
-1.836560528184213482e-03
-1.786566029218149450e-03
1.800201288638863609e-19
0.000000000000000000e+00
-7.440457211333600940e-05
-2.961981554061394670e-04
-2.689508687362504764e-04
-2.222472629267040786e-04
-4.318285929015886512e-04
-3.390961010063818005e-04
-5.332861999421114815e-04
-6.247164976238873957e-04
-7.084871892399477629e-04
-7.950302844472909806e-04
-8.762338872470044069e-04
-9.463354244878523919e-04
-1.010607204636545294e-03
-1.123972968782515139e-03
-1.083332326391923473e-03
-1.077552725448584301e-03
-1.123957799409651404e-03
-1.171892375491426913e-03
-1.256487281684560151e-03
-1.332389583361913259e-03
-1.407554133972166791e-03
-1.480482374207302276e-03
-1.548358490875973228e-03
-1.800398966727408557e-03
-1.763710983720442275e-03
-1.773932768465144583e-03
-1.611757560726427216e-03
-1.675676382046961416e-03
-1.778511945025452188e-03
-1.743195011869856561e-03
-1.752764547124263184e-03
-2.850097706129123276e-03
-2.884483378962104071e-03
-2.896711737263775368e-03
-2.862143934460206849e-03
-2.904506130691083664e-03
-2.906529615709929799e-03
-2.847644229668566153e-03
-2.615124420185974043e-03
-2.552180343797493325e-03
-2.490843962343341697e-03
-2.430926566246638908e-03
-2.341017413825603050e-03
-2.341428402115971162e-03
-2.370813249400415511e-03
-2.308623151968511658e-03
-2.243252736414981345e-03
-2.671814700815057682e-03
-2.723552963175125338e-03
-2.780233058486521625e-03
-2.794208411339487493e-03
-2.764718551617497549e-03
-2.167693253175551754e-03
-2.190793427468040039e-03
-2.146089251548731393e-03
-2.149014140228487114e-03
-2.105792243290827148e-03
-2.058540465098986430e-03
-2.015974073154683504e-03
-1.980148651120625884e-03
-2.811410985785807014e-03
-1.948320934880229567e-03
-1.897778660808360210e-03
-1.873604131209694219e-03
-1.915073203495880946e-03
-1.861760609070902068e-03
-1.812120932062739886e-03
-1.557776528538940561e-04
-1.516829424101558154e-04
-7.832820523839087066e-05
-2.950515195428948757e-04
-2.217469606660754308e-04
-2.956256253019208004e-04
-5.125882560571502202e-04
-4.473174673588352530e-04
-4.970699239413898076e-04
-4.111637357934383105e-04
-3.541171402689636920e-04
-3.961877308075465245e-04
-5.893867917510808331e-04
-5.868808752300125071e-04
-5.357381747522574908e-04
-7.120081060985579760e-04
-6.882650392949624368e-04
-6.484169583251998695e-04
-7.816624588606086062e-04
-7.232163917599346552e-04
-7.669013710203454771e-04
-8.655825356535766643e-04
-8.090293908944515278e-04
-8.515920791213863915e-04
-9.690052709457558453e-04
-9.032363709212810725e-04
-9.415742304671953847e-04
-1.001496047984641374e-03
-9.895826976328589517e-04
-9.578821417389276303e-04
-1.055213819677803654e-03
-1.016671297345096269e-03
-1.049089329115903812e-03
-1.132382493908306535e-03
-1.087900320512318227e-03
-1.127748644824103216e-03
-1.227238886977571105e-03
-1.176073484523702979e-03
-1.175389582504441158e-03
-1.222420276237516472e-03
-1.301334006014628810e-03
-1.260083387114363952e-03
-1.297689090403255502e-03
-1.376385531045043378e-03
-1.335624597546727042e-03
-1.373185148358501339e-03
-1.447981135210529933e-03
-1.446190380014800853e-03
-1.409428864495744418e-03
-1.519475010963376423e-03
-1.517266896826960105e-03
-1.481899640150764492e-03
-1.580127907170717633e-03
-1.580204539823450681e-03
-1.548141733614078180e-03
-1.788587043032602991e-03
-1.637373466770065435e-03
-1.640119056762897546e-03
-1.609072735956745218e-03
-1.695689284062002009e-03
-1.669546369016786797e-03
-1.701744292181533134e-03
-1.760130146889305348e-03
-1.734422806138826703e-03
-1.768938297001734251e-03
-2.855890259922636617e-03
-2.783845411606394003e-03
-2.816756403017316689e-03
-2.814233239149102183e-03
-2.600259005573301967e-03
-2.622769565976150116e-03
-2.592468976167307260e-03
-2.549647097205810613e-03
-2.535491272791152474e-03
-2.566791576574394690e-03
-2.497895430760620726e-03
-2.509219947954906445e-03
-2.480079415659934040e-03
-2.447003595881088074e-03
-2.424241060808994281e-03
-2.454392770423454752e-03
-2.395738529024238166e-03
-2.398367562091071811e-03
-2.368801180041109865e-03
-2.289953695323078148e-03
-2.315630109020645321e-03
-2.282733492856696324e-03
-2.252935808893370868e-03
-2.644777813169615476e-03
-2.645164401037657705e-03
-2.671217152487402081e-03
-2.691966760812513314e-03
-2.695167649067898002e-03
-2.720165391224315613e-03
-2.726752786926247944e-03
-2.737784204473733135e-03
-2.753369266517275132e-03
-2.202543023848342954e-03
-2.184859505420824917e-03
-2.207606643938591663e-03
-2.166255429777437340e-03
-2.158315693715112758e-03
-2.119736141973984321e-03
-2.144062042838955871e-03
-2.114437713997717114e-03
-2.097773668449195994e-03
-2.075213822033971506e-03
-2.073176463745766106e-03
-2.035247642670266408e-03
-2.055194437746652066e-03
-2.023894926110584528e-03
-2.010242351916559020e-03
-1.994228546916269884e-03
-2.783180677299406346e-03
-1.990034737965024926e-03
-1.977147291069481297e-03
-1.961065500004198318e-03
-1.955702466174327574e-03
-1.944222757137996837e-03
-1.927157368780583633e-03
-1.871117272651795721e-03
-1.848335220800986431e-03
-1.884546826084381637e-03
-1.835806149526534323e-03
0.000000000000000000e+00
1.744545751401290302e-19
-7.841758019709020599e-05
-2.257198417073363016e-04
-3.536899202188613107e-04
-4.624455905934245019e-04
-5.514046772790519822e-04
-7.170492154125866248e-04
-6.534760797519672398e-04
-6.509846295979782038e-04
-7.470803515099146098e-04
-7.145383066756373809e-04
-8.238939926430707350e-04
-9.173007078238193217e-04
-9.848339385974589320e-04
-1.028357862733790149e-03
-1.094037357896289822e-03
-1.215066818359159841e-03
-1.169370718380691176e-03
-1.173845612395952274e-03
-1.220823580803877435e-03
-1.264382747543185866e-03
-1.339278678079791488e-03
-1.412714002039625657e-03
-1.483618279930421641e-03
-1.549763333316820334e-03
-1.609114236004047498e-03
-1.845780402049689971e-03
-1.811751231182437243e-03
-1.822663511343538666e-03
-1.667079612750016005e-03
-1.728395069244819705e-03
-1.824997216461347188e-03
-1.792620874151556239e-03
-1.801335838285537602e-03
-2.777428118634177757e-03
-2.814756372669029172e-03
-2.820548802886613943e-03
-2.767616899890768759e-03
-2.776254246369865182e-03
-2.808560933241929358e-03
-2.573525090791438721e-03
-2.621273017053594133e-03
-2.522142180036066571e-03
-2.470794183844368663e-03
-2.419649653192246230e-03
-2.347881393746157220e-03
-2.371015954380828461e-03
-2.345590104137657960e-03
-2.320160217429350497e-03
-2.251902936909230823e-03
-2.270093146491027579e-03
-2.231853385840168631e-03
-2.667779221118073835e-03
-2.709488916169694710e-03
-2.733249856195044212e-03
-2.730375635545273690e-03
-2.755681605566437115e-03
-2.225185136532407959e-03
-2.178199122494181052e-03
-2.134403584034542511e-03
-2.092616876785774460e-03
-2.048310835502924893e-03
-2.006194687263782115e-03
-2.758387391732809116e-03
-1.972404012154749513e-03
-1.946532809614403246e-03
-1.922213004318342865e-03
-1.950878575335268650e-03
-1.908910038734788588e-03
-1.858068954789623278e-03
-1.537751839467928943e-04
-7.738039199071264297e-05
-1.545986516069571524e-04
-3.053695661718613431e-04
-3.004099524766396770e-04
-2.311595858313219166e-04
-4.404598320302075681e-04
-3.684263899224192625e-04
-4.258395708297791835e-04
-5.444027555915239560e-04
-4.783259896463253232e-04
-5.285734178827133055e-04
-6.479793321607393679e-04
-5.807194800025582571e-04
-6.187993941256983953e-04
-6.829155810869325625e-04
-8.102952622514340494e-04
-7.614017765953579910e-04
-7.959888026780885702e-04
-7.640084746706766192e-04
-8.989302898271054991e-04
-8.405474036587861665e-04
-8.822895061875390098e-04
-9.875275307461102350e-04
-9.779832430765579912e-04
-9.268156427055785317e-04
-1.067682142516934154e-03
-1.018109021793341335e-03
-1.034337989269910971e-03
-1.061203217689861943e-03
-1.155598711503763327e-03
-1.105428341187784502e-03
-1.143773271725573738e-03
-1.204223297632260777e-03
-1.209486866351579086e-03
-1.168348975973877713e-03
-1.280229326438518493e-03
-1.253795089125599518e-03
-1.247612811655870709e-03
-1.323213590803723819e-03
-1.275366376282921488e-03
-1.312388359810052682e-03
-1.386763111691798013e-03
-1.344404454204924538e-03
-1.381671983020181212e-03
-1.461455344698736961e-03
-1.419089695129701744e-03
-1.454418603883973933e-03
-1.511850432288031239e-03
-1.515071330589110987e-03
-1.480157373937456260e-03
-1.593254444907850256e-03
-1.556031684032792468e-03
-1.586406864720094415e-03
-1.638319974325879586e-03
-1.609583634365349680e-03
-1.638014209099695161e-03
-1.834565554941150565e-03
-1.693200560265421470e-03
-1.665747680781289389e-03
-1.694554042070451315e-03
-1.749819153627525962e-03
-1.755049609877484731e-03
-1.723230151885949638e-03
-1.808148600240911535e-03
-1.784611421129832145e-03
-1.816201307953158560e-03
-2.773157668387004650e-03
-2.302147593933666185e-04
-2.704393912467577439e-03
-2.745024686747220711e-03
-2.736217131811438923e-03
-2.559175723989228282e-03
-2.579109172030216030e-03
-2.553946380037299020e-03
-2.599732646491207787e-03
-2.599525826637204100e-03
-2.621773126903852863e-03
-2.518294453412504505e-03
-2.533337477292615242e-03
-2.507528756849054102e-03
-2.474572573937184206e-03
-2.460345322847168337e-03
-2.485545564269257216e-03
-2.432153504300983184e-03
-2.438923124353063829e-03
-2.413468434737791116e-03
-2.392004321540087183e-03
-2.393035144255610015e-03
-2.370178427729456583e-03
-2.304048167354286192e-03
-2.326085019874229304e-03
-2.297967521018655021e-03
-2.277962107066598338e-03
-2.638072731445006980e-03
-2.641236583768096727e-03
-2.664868606461866761e-03
-2.669782501563769568e-03
-2.680960440287476210e-03
-2.698488729149683095e-03
-2.682736258651310240e-03
-2.705111610767991798e-03
-2.707694514848334611e-03
-2.265564604309166369e-03
-2.233107944210619648e-03
-2.257795582507203871e-03
-2.222610852067838458e-03
-2.189520246676290426e-03
-2.211557167227013766e-03
-2.181934633608262168e-03
-2.169083680224877762e-03
-2.147233051350712872e-03
-2.142625827323119299e-03
-2.127436750767449855e-03
-2.108078243200368039e-03
-2.072686445306125107e-03
-2.048367484078899951e-03
-2.073200302809758908e-03
-2.048563902091036192e-03
-2.018639690624583153e-03
-2.035577726905078884e-03
-2.719411248875641153e-03
-2.012217045946702344e-03
-1.983551516195553380e-03
-2.000502110920996269e-03
-1.978725187358871661e-03
-1.911351537054089070e-03
-1.928573426739466730e-03
-1.891689633538422895e-03
-1.878614901229902793e-03
0.000000000000000000e+00
0.000000000000000000e+00
-7.749746282743451981e-05
-3.739594495503613348e-04
-4.930745616292645005e-04
-5.967336222945508577e-04
-7.713762388488771410e-04
-7.442969348481111172e-04
-7.101107044357059641e-04
-8.549042940861960142e-04
-8.396348766273025593e-04
-7.785807492832838182e-04
-8.250139473742479357e-04
-9.435089629982454026e-04
-1.080230455741638821e-03
-1.033939184086875513e-03
-1.024388425834772166e-03
-1.073492222523273788e-03
-1.111418412534735840e-03
-1.179756035077471864e-03
-1.275680177008422199e-03
-1.240038629505046345e-03
-1.245439701739800694e-03
-1.301904962290024352e-03
-1.277979840804051217e-03
-1.355356000323736749e-03
-1.424299693210453847e-03
-1.486593811474747669e-03
-1.582189599629051611e-03
-1.547050805911913494e-03
-1.550704504456919134e-03
-1.587229759338538125e-03
-1.615863383462297223e-03
-1.666346014733926725e-03
-1.886524377046011917e-03
-1.865727348726462387e-03
-1.855371499006728056e-03
-1.722065518358815561e-03
-1.779514608361482120e-03
-1.867907935542453650e-03
-1.838094555970970836e-03
-1.846025280581796131e-03
-2.700928329960663836e-03
-2.734350228031538071e-03
-2.738627945329430609e-03
-2.454060470173389033e-04
-2.760772258004884480e-04
-1.999298327222876121e-04
-2.702857043021164671e-03
-2.578404525731599600e-03
-2.537653833573608533e-03
-2.618180445442421997e-03
-2.495221924951605483e-03
-2.452264101615494237e-03
-2.410744563091051472e-03
-2.350812025961815897e-03
-2.350338938061356884e-03
-2.370667057700896925e-03
-2.328538577276875830e-03
-2.283855766394896764e-03
-2.653760742579077021e-03
-2.676818784676097181e-03
-2.678626977945240770e-03
-2.681126267289467291e-03
-2.705675069247355513e-03
-2.242121817625558969e-03
-2.200297339728501771e-03
-2.160233106314589195e-03
-2.131308574190953625e-03
-2.136400300834792512e-03
-2.103061786354041597e-03
-2.102880455361627425e-03
-2.060059658865558835e-03
-2.029120558796350914e-03
-2.691181130684758109e-03
-2.004114426676505308e-03
-2.007239643676407385e-03
-1.974936912226751655e-03
-1.973904350037848383e-03
-1.942692332163917669e-03
-1.959863991039136662e-03
-1.898553482880418683e-03
-1.413620983582712545e-04
-1.475349959510538879e-04
-7.142118233468059047e-05
-4.721869130160567286e-04
-3.895417077946152114e-04
-4.564717357531025005e-04
-5.769876248133895547e-04
-5.093340673347156698e-04
-5.607632136511571342e-04
-6.710522887084209923e-04
-6.595549790185434476e-04
-6.082438596098115654e-04
-8.058107644054294822e-04
-7.790334695357535328e-04
-7.139859174879421627e-04
-7.752277246300402942e-04
-9.240400923255191875e-04
-8.674310957202126769e-04
-9.115073956845068468e-04
-8.821752816480624192e-04
-1.010698887156632423e-03
-9.991278396012132513e-04
-9.550668948626142053e-04
-1.098222824970240385e-03
-1.043124432937449003e-03
-1.089020461635180174e-03
-1.162467769464513951e-03
-1.121209874252930864e-03
-1.114892413969575339e-03
-1.158632614350422465e-03
-1.234856377389386990e-03
-1.195212374628290379e-03
-1.219590954018964519e-03
-1.255371979952629160e-03
-1.345417611963229017e-03
-1.313020459702923110e-03
-1.334348779343997281e-03
-1.310801051889962706e-03
-1.417596878995674992e-03
-1.370415949017334163e-03
-1.401940192043787080e-03
-1.446964173283936048e-03
-1.453987842745572013e-03
-1.416922476722831496e-03
-1.551735343346060184e-03
-1.506968975001798938e-03
-1.531950603163935269e-03
-1.567132792367634340e-03
-1.642378146116613927e-03
-1.612307832482916476e-03
-1.617346492716626588e-03
-1.639934136757868061e-03
-1.694446977099999278e-03
-1.666888713194853051e-03
-1.693931096461335530e-03
-1.876390218481206566e-03
-1.746799621404642421e-03
-1.720508724281669295e-03
-1.748404289524844047e-03
-1.799054587740598829e-03
-1.803714184061124947e-03
-1.774949039326575908e-03
-1.852615755778739236e-03
-1.830893334097842160e-03
-1.859887625324736608e-03
-1.940140988004965413e-04
-3.710981722593066894e-04
-3.088501447807098267e-04
-3.384003201735673316e-04
-2.627246474456317732e-03
-2.666261812604993342e-03
-2.664027939789019410e-03
-2.554296751731907362e-03
-2.576638306609957060e-03
-2.556425169562391228e-03
-2.523757761576511660e-03
-2.520549803906406254e-03
-2.540950137446831847e-03
-2.582909998644241940e-03
-2.610197000810320425e-03
-2.591171223388157550e-03
-2.491628246998597428e-03
-2.504413244137413883e-03
-2.482424207971311615e-03
-2.454163866164910720e-03
-2.463703202917847269e-03
-2.442539913913394263e-03
-2.419988629710986133e-03
-2.425306694571625812e-03
-2.405351569846721476e-03
-2.387234211820624206e-03
-2.369239191193836351e-03
-2.388905791191116724e-03
-2.313056628626777335e-03
-2.309583658838706283e-03
-2.332000804583384164e-03
-2.289340096722738711e-03
-2.610531325227720759e-03
-2.624340109124768429e-03
-2.640179530904975674e-03
-2.625058231169847146e-03
-2.647698760524939444e-03
-2.654154915671658871e-03
-2.627337051936124226e-03
-2.655475666215281749e-03
-2.653350674670961525e-03
-2.275532302805708708e-03
-2.248212445474450163e-03
-2.269636777163643558e-03
-2.238713321820676692e-03
-2.229607984759207975e-03
-2.209373665495101453e-03
-2.204267561200772690e-03
-2.192008086041403667e-03
-2.172707796765678025e-03
-2.188576597367183733e-03
-2.160019944434948651e-03
-2.164555932203354304e-03
-2.104690946149613724e-03
-2.089327000896243347e-03
-2.118126644156287028e-03
-2.076689097806167731e-03
-2.078257221889354134e-03
-2.044635485286889175e-03
-2.062693658906736890e-03
-2.616580407487613391e-03
-2.648258202727894056e-03
-2.660677584292511257e-03
-1.988266122509287255e-03
-2.054229854745074496e-03
-2.028575428927027052e-03
-2.032605355071071332e-03
-1.945753666989724672e-03
-1.928986138973573690e-03
-1.959478777673194679e-03
-1.916197002227681273e-03
0.000000000000000000e+00
0.000000000000000000e+00
-7.151451510217302619e-05
-5.253841756189495549e-04
-4.224587283588983810e-04
-6.246750564391983585e-04
-7.256405153943940988e-04
-8.693411746937274032e-04
-8.206854568645317004e-04
-8.545139734371042482e-04
-8.246417890282600272e-04
-9.676667525813486409e-04
-9.523987286289049576e-04
-8.963189513139032012e-04
-9.382506603183729619e-04
-1.054729648048071712e-03
-1.178896097575622085e-03
-1.138615970652177931e-03
-1.129387203515007723e-03
-1.170366923459182761e-03
-1.236618762269181028e-03
-1.195965331842322723e-03
-1.199435309490508956e-03
-1.235577786217331980e-03
-1.300993175862696655e-03
-1.268048999750855804e-03
-1.288353312211686953e-03
-1.381529027661220366e-03
-1.361628968975653331e-03
-1.318779566454337821e-03
-1.353510461189360616e-03
-1.432068037271049411e-03
-1.505553796834094120e-03
-1.476245352961750266e-03
-1.483544047595016738e-03
-1.528927894215417228e-03
-1.614157715775559228e-03
-1.598094057469117129e-03
-1.583309250866177850e-03
-1.651010881424242252e-03
-1.616933356858938102e-03
-1.646370160863165101e-03
-1.668492985790861203e-03
-1.721191609990702000e-03
-1.925460484019808106e-03
-1.896242927262060994e-03
-1.905536269893333152e-03
-1.773482793235594884e-03
-1.826408204564103355e-03
-1.907672096421355722e-03
-1.880175708690386312e-03
-1.887291715619071738e-03
-2.740834105270663866e-04
-2.084620089863942541e-04
-2.598575757473691079e-04
-3.233528900816581755e-04
-2.622452203366439083e-03
-2.538215030213913318e-03
-2.568109441785228902e-03
-2.506666434950096615e-03
-2.596447891478922791e-03
-2.471559676167456136e-03
-2.435692120989510663e-03
-2.402244872874941158e-03
-2.350821095946237400e-03
-2.351744534171304642e-03
-2.368396906494445522e-03
-2.332884425873391152e-03
-2.293412292263633315e-03
-2.618071429163737994e-03
-2.626912548479793177e-03
-2.623133987086047596e-03
-2.255202416482940571e-03
-2.219433560168980035e-03
-2.194605662087472167e-03
-2.159888344995495278e-03
-2.146417908354292248e-03
-2.173293640582898978e-03
-2.133177508983145551e-03
-2.090839943166986070e-03
-2.065039340354146193e-03
-2.030977040719712540e-03
-2.001964994678573622e-03
-2.017028821051324722e-03
-2.041499186554599030e-03
-2.005497902955285378e-03
-1.975628130529099788e-03
-1.989212936041738228e-03
-1.935200373637373412e-03
-1.637285168776996327e-04
-8.242776469644089621e-05
-1.522586935564708313e-04
-6.113910423703004934e-04
-5.424828914229423531e-04
-5.942661325662374795e-04
-5.046660655759070864e-04
-4.385384895171407253e-04
-4.885278130348259806e-04
-7.110768900102639942e-04
-6.446141319020979189e-04
-6.911355287625140821e-04
-8.055970350186801403e-04
-7.388709616156625103e-04
-7.923915418089680623e-04
-9.112404805315412176e-04
-8.986664975444199482e-04
-8.393024595223625393e-04
-8.840635408922802203e-04
-1.034521785874854176e-03
-9.795431594495673019e-04
-1.022628792992823134e-03
-9.937795643574121214e-04
-1.117149132570464378e-03
-1.064164978712047425e-03
-1.107694439983080131e-03
-1.195778284734870002e-03
-1.147188270205047080e-03
-1.187175277507166501e-03
-1.253865093380253024e-03
-1.208047790464907359e-03
-1.216289398194856600e-03
-1.245013543557637811e-03
-1.268817512925028181e-03
-1.331435143275841448e-03
-1.424441106947759925e-03
-1.385114046019199525e-03
-1.420737538154896989e-03
-1.393185950694269312e-03
-1.507863903319312492e-03
-1.462864311351860444e-03
-1.477499255044199475e-03
-1.506777331814954796e-03
-1.570702575706262819e-03
-1.538369285421298943e-03
-1.561190045790066677e-03
-1.632856238618988955e-03
-1.621481676367715445e-03
-1.586841643534966061e-03
-1.617789360611130919e-03
-1.699817155339332060e-03
-1.675454664216215715e-03
-1.670631399421228843e-03
-1.696734856653353812e-03
-1.747547468792653470e-03
-1.721510371778213781e-03
-1.747236841470028307e-03
-1.915612055619715995e-03
-1.795640632759597580e-03
-1.771748478558396109e-03
-1.797432219697007831e-03
-1.843806457407074374e-03
-1.821983105607686768e-03
-1.848311088050986692e-03
-1.893289618471999565e-03
-1.873516652875130244e-03
-1.900028239313161522e-03
-2.196063837239841309e-04
-4.052044397361066232e-04
-3.401976009302890187e-04
-3.882706331101282550e-04
-2.555927779260830281e-03
-2.587291160622773138e-03
-2.591833577576629303e-03
-2.515193457354177736e-03
-2.534615679786434220e-03
-2.519323706756273692e-03
-2.535058699561343505e-03
-2.544616241895955068e-03
-2.558811248257407064e-03
-2.495606584125062161e-03
-2.493605062287653201e-03
-2.509469592949465852e-03
-2.555601966404632761e-03
-2.583034073954719630e-03
-2.569262414049497921e-03
-2.467667799819921008e-03
-2.460709701972411782e-03
-2.479311330877353396e-03
-2.438234829164877011e-03
-2.428542235693126588e-03
-2.445630021018625495e-03
-2.407277120144525606e-03
-2.396671297280673994e-03
-2.413000340517842870e-03
-2.377856392668925394e-03
-2.364515178089102686e-03
-2.381857915312560366e-03
-2.315101751395567259e-03
-2.315023736298165054e-03
-2.333042144975537233e-03
-2.295409865125372373e-03
-2.569281732458635926e-03
-2.590067541849373246e-03
-2.597318958829504011e-03
-2.573198943027819527e-03
-2.599186679311358758e-03
-2.600347313326323902e-03
-2.576901662977743382e-03
-2.596706326880254476e-03
-2.601831496031787021e-03
-2.283612673709837886e-03
-2.278627270692766028e-03
-2.260345705446568758e-03
-2.254583159164190616e-03
-2.228757889850485445e-03
-2.245655724356205273e-03
-2.232439976703981706e-03
-2.217365135894614793e-03
-2.209613130007645303e-03
-2.208234270086593606e-03
-2.184135920978455200e-03
-2.197539616978212099e-03
-2.134342975144293449e-03
-2.120244433241358882e-03
-2.147208152263627330e-03
-2.106374434860521123e-03
-2.110432457732641914e-03
-2.093631282826251445e-03
-2.081655291015575317e-03
-2.017269987365214248e-03
-2.085524644553426316e-03
-2.057678245156758894e-03
-2.069259842948938458e-03
-1.981153007902663153e-03
-1.963940457864074736e-03
-1.992900015050521299e-03
-1.953374559586664675e-03
0.000000000000000000e+00
0.000000000000000000e+00
-8.252160293202906970e-05
-5.588614285239521234e-04
-6.619485114362144360e-04
-4.557454395760364538e-04
-7.589836620583363972e-04
-8.526919596444730836e-04
-9.814644494158066869e-04
-9.257454328100741918e-04
-9.669705306872345470e-04
-9.405003180535042532e-04
-1.076112232089451335e-03
-1.061285167571879686e-03
-1.047932405193184894e-03
-1.007129628365811044e-03
-1.156683957240880242e-03
-1.270232997508618502e-03
-1.224454408943667161e-03
-1.233073452095507193e-03
-1.261850100115858003e-03
-1.321031588852483989e-03
-1.287392410693496839e-03
-1.278736714652400127e-03
-1.310940380582090604e-03
-1.384059861366562262e-03
-1.342599167528423735e-03
-1.372841809529115262e-03
-1.481041900376492111e-03
-1.449200506951579988e-03
-1.452856184043216630e-03
-1.444256748356720658e-03
-1.402988604973982780e-03
-1.434315308207214333e-03
-1.494430265563727409e-03
-1.539533720055726463e-03
-1.596342456878742030e-03
-1.669083497217043388e-03
-1.641880570953003701e-03
-1.660032913264775957e-03
-1.645580911553280777e-03
-1.710941484058323483e-03
-1.681393127449277471e-03
-1.704955747468349554e-03
-1.723764277088648492e-03
-1.772161442781696253e-03
-1.961447641759220262e-03
-1.934016254432352998e-03
-1.942902617811238190e-03
-1.820308404754116156e-03
-1.869166268435498235e-03
-1.944467348553674708e-03
-1.925438778724124483e-03
-1.918884092012542592e-03
-3.150882705407872988e-04
-2.392637576474979382e-04
-2.946336432998561839e-04
-3.606571964112692064e-04
-2.539240817208093630e-03
-2.578110530440273079e-03
-2.547810491716047399e-03
-2.524942690595389973e-03
-2.505046922467927054e-03
-2.545177976448903534e-03
-2.481293709737262317e-03
-2.562559747711155422e-03
-2.452156402956887950e-03
-2.421553745987194660e-03
-2.391295444486634877e-03
-2.345419001364309336e-03
-2.348977862940586532e-03
-2.360987200370335930e-03
-2.331227201626618565e-03
-2.298499312822921935e-03
-2.571461421393713039e-03
-2.574904002442512593e-03
-2.558086282643420167e-03
-2.267261755068970906e-03
-2.241872934238221295e-03
-2.218612531059402197e-03
-2.183623278129213224e-03
-2.172555885738161260e-03
-2.195158511493407964e-03
-2.159858794989758662e-03
-2.121758240469898398e-03
-2.096696476333022828e-03
-2.061016331647214615e-03
-2.032719517227308398e-03
-2.045418124936646768e-03
-2.072116941366464963e-03
-2.036952838058129697e-03
-2.009043884390328619e-03
-2.020635172583633808e-03
-1.970805344161744195e-03
-1.300701825812126608e-04
-1.471369602089250351e-04
-6.592684380704598348e-05
-6.438369320677985461e-04
-5.750032842848458101e-04
-6.276988258021953902e-04
-7.437026652597411233e-04
-7.274684338044103572e-04
-6.782001132304961650e-04
-5.369502604057330153e-04
-4.718326591455371342e-04
-5.208967271761867461e-04
-8.401508836558478329e-04
-7.761996901955155268e-04
-8.229490678911982084e-04
-9.283762974723235376e-04
-8.674925550299669545e-04
-9.135950101812609012e-04
-1.021733600438328544e-03
-1.010105576629572724e-03
-9.547789638141871912e-04
-9.958325903515682920e-04
-1.139323336976916668e-03
-1.087165070227252145e-03
-1.128253178897412144e-03
-1.100599418421242381e-03
-1.215555687210466158e-03
-1.166543113369503375e-03
-1.205673722386363172e-03
-1.289223145570319185e-03
-1.242631733191566822e-03
-1.279636423751181074e-03
-1.340711541825325998e-03
-1.305441744534749674e-03
-1.297243894675428151e-03
-1.330774480798047488e-03
-1.352547184694881735e-03
-1.414209203871842190e-03
-1.509208607104405540e-03
-1.466801311066092588e-03
-1.494988942590597418e-03
-1.476764213496398713e-03
-1.536788513042519361e-03
-1.522359293837121340e-03
-1.508843034038221407e-03
-1.589414013807985068e-03
-1.548726258869072064e-03
-1.580099055215907974e-03
-1.640734457571480301e-03
-1.605877632983399115e-03
-1.631080332218872234e-03
-1.690381406014172284e-03
-1.687409958485254664e-03
-1.654648815335817407e-03
-1.678218815160189767e-03
-1.756638368309963727e-03
-1.733836692897684859e-03
-1.727780645989662311e-03
-1.751717532504190773e-03
-1.799325876567145748e-03
-1.773976057401437795e-03
-1.797539587447322465e-03
-1.951764712188496908e-03
-1.842711078548810166e-03
-1.819821326440713982e-03
-1.843381913982173204e-03
-1.886916367654646078e-03
-1.865937514595319502e-03
-1.890183399038736656e-03
-1.933145419514450784e-03
-1.938204854691683108e-03
-1.913913040013784546e-03
-2.899029353008145300e-04
-2.271666710111891582e-04
-3.027834561837583482e-04
-4.271493384214718756e-04
-3.718227379218598527e-04
-4.162275307150933162e-04
-2.487188512068575462e-03
-2.513665092312890835e-03
-2.521644763120581018e-03
-2.493471948791680780e-03
-2.514093806568041753e-03
-2.504192982373119186e-03
-2.474128865630935772e-03
-2.485764634800800149e-03
-2.495024709801405352e-03
-2.506656089221249214e-03
-2.520817782609258498e-03
-2.531088640003034858e-03
-2.466840720261990333e-03
-2.467372156496593257e-03
-2.481104697387743075e-03
-2.517050277014792892e-03
-2.536422617565631428e-03
-2.543255311371722151e-03
-2.445662736276074320e-03
-2.441405055459706930e-03
-2.456143986228430994e-03
-2.418771964466942623e-03
-2.412536593092702401e-03
-2.427988291070391595e-03
-2.392027394542496892e-03
-2.384374691095925147e-03
-2.399038525071365766e-03
-2.366087931613024796e-03
-2.371282467089615847e-03
-2.355932617907625492e-03
-2.315873725070576039e-03
-2.316399544379114071e-03
-2.330714669608140860e-03
-2.299831647167762533e-03
-2.521795165847237272e-03
-2.545779361339658899e-03
-2.547742023456461575e-03
-2.517274178972187231e-03
-2.545562903438850551e-03
-2.547104117960345172e-03
-2.528589962431048409e-03
-2.289915767739825712e-03
-2.285832068088123475e-03
-2.271477041472091431e-03
-2.267689783350110722e-03
-2.249239751477183098e-03
-2.260194437809391263e-03
-2.245879987366461699e-03
-2.226281729366082814e-03
-2.238262871021229512e-03
-2.225367906380976146e-03
-2.204530162889535745e-03
-2.215865250797300918e-03
-2.160425478204567630e-03
-2.172111506798453037e-03
-2.148105658023364509e-03
-2.135460037153482597e-03
-2.136215379052566147e-03
-2.110223328091710964e-03
-2.122653410424156419e-03
-2.047853167311781269e-03
-2.111138954011727506e-03
-2.085489371307240429e-03
-2.097694003321313051e-03
-2.012353826508940426e-03
-1.997342914216438704e-03
-2.024146859737741173e-03
-1.986978271511377972e-03
0.000000000000000000e+00
0.000000000000000000e+00
-6.629558101348392157e-05
-2.109190216520871915e-04
-5.912988014318226824e-04
-6.945601923068940326e-04
-7.926190635602035905e-04
-4.829997164906423305e-04
-8.848461125785527133e-04
-9.697295610779324993e-04
-1.089209976957575222e-03
-1.035670231779491253e-03
-1.075288039512993770e-03
-1.050065858692206082e-03
-1.177673509100988971e-03
-1.164510539038878315e-03
-1.113165993245734085e-03
-1.151948962797267988e-03
-1.252551906811666307e-03
-1.359514489603068626e-03
-1.324430048792785489e-03
-1.314835549646762658e-03
-1.350047794047003983e-03
-1.405387694200680359e-03
-1.373026385028935665e-03
-1.363171019207382040e-03
-1.394698555511476434e-03
-1.476187429655118240e-03
-1.430037093314909941e-03
-1.460083251396040310e-03
-1.522753836619850174e-03
-1.507792949785392031e-03
-1.508350334415959433e-03
-1.475974469397157551e-03
-1.563102479502836767e-03
-1.615285594615014936e-03
-1.664268901330890997e-03
-1.730835624567765574e-03
-1.720918775041586132e-03
-1.700263200178247711e-03
-1.709382219625030144e-03
-1.771893976734217023e-03
-1.741805107779580749e-03
-1.763885918580037314e-03
-1.778073167302196209e-03
-1.821647613431815350e-03
-1.993273180421774576e-03
-1.976615856962926545e-03
-1.968143173157562396e-03
-1.865443481766208139e-03
-1.910814059142921725e-03
-1.978880390776515882e-03
-1.955927068373680515e-03
-1.960766629052322456e-03
-3.597254659510868259e-04
-2.475123323783103707e-03
-2.481420357741018472e-03
-2.507548717622373052e-03
-2.484029374033287427e-03
-2.499858771784984647e-03
-2.471125713511827544e-03
-2.511916337705328867e-03
-2.455810746176552081e-03
-2.519752441473087790e-03
-2.431156787094003978e-03
-2.404299262813991422e-03
-2.377804966816418446e-03
-2.339225400754710131e-03
-2.343143531161545959e-03
-2.352032786899944071e-03
-2.328502850260744279e-03
-2.302053640060250112e-03
-2.520160062343969852e-03
-2.496865851557442638e-03
-2.277119051023921391e-03
-2.255083653871396004e-03
-2.233918513878488474e-03
-2.203659175928487663e-03
-2.213665064335364370e-03
-2.194423634300537908e-03
-2.182862386410478958e-03
-2.147689694793292279e-03
-2.122392866350701103e-03
-2.087820627109731979e-03
-2.061730012664988315e-03
-2.073727109423577873e-03
-2.098201645664412619e-03
-2.064031885961456134e-03
-2.049764813960961492e-03
-2.038190904128322177e-03
-2.002134115673332489e-03
-1.899168119806979999e-04
-9.610406480073777383e-05
-1.600599269180873630e-04
-2.410459269987263228e-04
-6.772717195096373231e-04
-6.079250008519119022e-04
-6.606578534776120842e-04
-7.766473599671403980e-04
-7.109552241153084366e-04
-7.602625676763020632e-04
-8.696573515778031373e-04
-8.073083400396930884e-04
-8.549777069221083450e-04
-5.706357317146881899e-04
-4.997488179281502855e-04
-5.539155614949541409e-04
-9.575621109288562881e-04
-8.993966483143633547e-04
-9.430348274107411971e-04
-1.039092469319189121e-03
-9.841843767443222979e-04
-1.024654765196155847e-03
-1.127189986962570060e-03
-1.116060042983456953e-03
-1.102680780528693524e-03
-1.063455227376685665e-03
-1.237846465289712053e-03
-1.188798752325657525e-03
-1.226726248839430430e-03
-1.201437942731904338e-03
-1.309189167930334668e-03
-1.299211095168656144e-03
-1.262502625819285264e-03
-1.378194840913716385e-03
-1.368818996305128620e-03
-1.333772334614160161e-03
-1.425936238710046999e-03
-1.392778273671293424e-03
-1.383376443664606752e-03
-1.415704645943343352e-03
-1.440697352369728996e-03
-1.491747489290063625e-03
-1.595862398791392245e-03
-1.552565063277531326e-03
-1.566409787953155358e-03
-1.560889889058647215e-03
-1.534343109582660299e-03
-1.535107577970774070e-03
-1.592714856534539758e-03
-1.660675561920231611e-03
-1.625103503707522878e-03
-1.650639720566758790e-03
-1.709576260497570107e-03
-1.675250619841583966e-03
-1.698447968252090982e-03
-1.751707213541342512e-03
-1.753939984036292921e-03
-1.720844925996273603e-03
-1.742374233786451662e-03
-1.812837698359877174e-03
-1.792365387737210151e-03
-1.784402920361743451e-03
-1.805825265272581730e-03
-1.859033337054755153e-03
-1.829426436072708858e-03
-1.850680565031884942e-03
-1.984418496197396051e-03
-1.889824664572623512e-03
-1.888690497547250522e-03
-1.866975493044015656e-03
-1.932171827058039564e-03
-1.932932154200738169e-03
-1.910428460585814753e-03
-1.970840777641366844e-03
-1.974070868020382646e-03
-1.952978501133316664e-03
-4.588741034738048940e-04
-3.752879414403496958e-04
-4.431915793376552744e-04
-2.419930845456255177e-03
-2.447928725405375348e-03
-2.453620775825173309e-03
-2.453368673058546438e-03
-2.473329699845146917e-03
-2.464353757490915335e-03
-2.463107283736799651e-03
-2.478291898758421073e-03
-2.484860114942298928e-03
-2.439641810106317303e-03
-2.453497759269553276e-03
-2.456786674998818858e-03
-2.470010907470213471e-03
-2.493609265394888287e-03
-2.488417203334238048e-03
-2.442595548677883605e-03
-2.472045132156047795e-03
-2.494724177770736746e-03
-2.497090604743130993e-03
-2.418874008173570005e-03
-2.418677014035679890e-03
-2.431974261618447767e-03
-2.397496642755810644e-03
-2.394312001868049121e-03
-2.407631702771293337e-03
-2.375450050806835172e-03
-2.370256564510171519e-03
-2.383174009738992221e-03
-2.353853440132235714e-03
-2.346732199681446536e-03
-2.359332045962489900e-03
-2.314950782315132460e-03
-2.327144122657142863e-03
-2.316319717827913273e-03
-2.302543480146493956e-03
-2.466358225942544714e-03
-2.494197524473675508e-03
-2.491942786834251428e-03
-2.457766306850460523e-03
-2.466548227461699914e-03
-2.487323419620372355e-03
-2.294692495299618246e-03
-2.280341792651749324e-03
-2.291391221543513830e-03
-2.274663456913321100e-03
-2.259449697842198269e-03
-2.270242988531475433e-03
-2.256339346710100301e-03
-2.240010166452421035e-03
-2.250137967726785568e-03
-2.239180294058729960e-03
-2.221424289479662952e-03
-2.231267542557155772e-03
-2.179929358021914787e-03
-2.191851746454538674e-03
-2.170865433986827499e-03
-2.158070907253137414e-03
-2.154195575830157236e-03
-2.144572379452365334e-03
-2.132061091701080956e-03
-2.074542253576637085e-03
-2.133056611603956210e-03
-2.109739202751426557e-03
-2.121319060576918030e-03
-2.038486540248256231e-03
-2.050639484244565387e-03
-2.026197363490675474e-03
-2.015981217155759109e-03
0.000000000000000000e+00
0.000000000000000000e+00
-9.613926273828064459e-05
-3.512256165534900516e-04
-3.206957911742970482e-04
-2.711177708325851260e-04
-6.249424439056759650e-04
-7.278171015317764364e-04
-8.238996107621954917e-04
-9.142585766242852536e-04
-5.158422474369798397e-04
-9.988771759012714246e-04
-1.078047260215376970e-03
-1.189920729131966736e-03
-1.177252062062231382e-03
-1.139867459234793993e-03
-1.153369391037891746e-03
-1.273691084414884994e-03
-1.260067499233472835e-03
-1.212535464607896688e-03
-1.248989088314500940e-03
-1.343782907115321622e-03
-1.446157322260758441e-03
-1.412156849268550365e-03
-1.402756928271951722e-03
-1.436048708696843930e-03
-1.490252254190818203e-03
-1.458224661252713978e-03
-1.447844300057594871e-03
-1.483152443386734180e-03
-1.566922105961789796e-03
-1.521408836859020584e-03
-1.537358357168492002e-03
-1.578381715948481935e-03
-1.563906718400229386e-03
-1.628327211950563163e-03
-1.685163849673466073e-03
-1.731857884613126949e-03
-1.794266903440393766e-03
-1.762786992573455412e-03
-1.783082563786824587e-03
-1.774253891530796177e-03
-1.833218375582390666e-03
-1.802845443729462864e-03
-1.822623322458843259e-03
-1.835854768121480962e-03
-1.875156348927921931e-03
-2.020969341623246249e-03
-2.006021525988156435e-03
-1.998864099026017790e-03
-1.912078832959005371e-03
-1.952652065235288776e-03
-2.010526318685329321e-03
-1.990510932925214967e-03
-1.993244997215190550e-03
-4.059546079745350112e-04
-2.412168138282756898e-03
-2.443729804479783524e-03
-2.416073131170072552e-03
-2.458146557135497921e-03
-2.439033725324861977e-03
-2.446205822953845602e-03
-2.456818576763921715e-03
-2.466625324662973656e-03
-2.439579511949708200e-03
-2.471279319737399154e-03
-2.428900853624333875e-03
-2.469490203337001283e-03
-2.407530494273168141e-03
-2.385462241513695847e-03
-2.363501133709375659e-03
-2.331552145680164737e-03
-2.336189160113119612e-03
-2.342121206059119380e-03
-2.324177527667848839e-03
-2.304027210074199514e-03
-2.462040000261947990e-03
-2.434980634715298332e-03
-2.282915950185131475e-03
-2.263717948944091000e-03
-2.245925791849063061e-03
-2.220005394668158119e-03
-2.228438782598747211e-03
-2.212527625395463438e-03
-2.200636290163954234e-03
-2.166427802347975235e-03
-2.142242769851913919e-03
-2.110128990033842411e-03
-2.098146138973646345e-03
-2.086325544273307832e-03
-2.120062342289058457e-03
-2.083128197645912720e-03
-2.072622452164486068e-03
-2.060799733612648371e-03
-2.028712721897954398e-03
-1.829338964856139390e-04
-1.863055680170153127e-04
-9.264546640998247234e-05
-3.476345734542559632e-04
-2.696238062566206880e-04
-3.494174305667813174e-04
-7.114535867255376411e-04
-6.419258019151181894e-04
-6.944788887312072258e-04
-8.098217356914841434e-04
-7.443086583888295152e-04
-7.933295454980713625e-04
-9.016744519217310353e-04
-8.398318836002061083e-04
-8.857537506203557766e-04
-9.875713789665278852e-04
-9.291986875260361059e-04
-9.726434484131330459e-04
-6.049183160657077563e-04
-5.878760115867456490e-04
-5.328691464781866189e-04
-1.068279338109440289e-03
-1.013423275524990685e-03
-1.053753433887883459e-03
-1.145123186880634726e-03
-1.092533303856161285e-03
-1.130633928246141222e-03
-1.225288025834498761e-03
-1.216285185996931291e-03
-1.166494546332144579e-03
-1.203131138763258775e-03
-1.328619911338540073e-03
-1.283383903735988525e-03
-1.318916921162754420e-03
-1.294531274712513828e-03
-1.397985605125715187e-03
-1.353664185158474139e-03
-1.388099432345947081e-03
-1.462387481662020053e-03
-1.420308513217512659e-03
-1.454200704205282739e-03
-1.527579751226139934e-03
-1.486714976542413431e-03
-1.476739360313504210e-03
-1.508965335375135781e-03
-1.543162766129123516e-03
-1.509550474529928500e-03
-1.516664894378340735e-03
-1.554805036856024992e-03
-1.628221973505168414e-03
-1.594533153049279388e-03
-1.612087579720571789e-03
-1.597460605338953208e-03
-1.683623975802144143e-03
-1.639599263618502726e-03
-1.672094622253965206e-03
-1.733544691757876732e-03
-1.696992194939161633e-03
-1.721474354404510260e-03
-1.779660962632417104e-03
-1.744623822468784318e-03
-1.766754498221286430e-03
-1.813950336534726456e-03
-1.822036631115119334e-03
-1.788021329772471364e-03
-1.808106847102654811e-03
-1.867949076496953345e-03
-1.840304944578786787e-03
-1.850780633794689477e-03
-1.863342090544678996e-03
-1.915765788385067128e-03
-1.888123153238298151e-03
-1.903211004521153556e-03
-2.013187464093617752e-03
-1.948460542119572272e-03
-1.919840194328505459e-03
-1.940480410544091630e-03
-1.978061285880095346e-03
-1.956136829603680703e-03
-1.974721950324897363e-03
-2.008437984197091949e-03
-1.991009677120204706e-03
-2.008188619962049740e-03
-4.830307932246109565e-04
-4.179927211663985766e-04
-4.710053243859319417e-04
-2.353718563543158622e-03
-2.383104706583228163e-03
-2.386871222086917477e-03
-2.422975638291177680e-03
-2.443031387029860439e-03
-2.438169609048506520e-03
-2.416090515648815391e-03
-2.427384470080542513e-03
-2.434654729344529721e-03
-2.425952227707477756e-03
-2.444591164732865668e-03
-2.448046007138084991e-03
-2.405671197035066933e-03
-2.423246037198425323e-03
-2.422734208885294217e-03
-2.425262601278771642e-03
-2.447778278343567659e-03
-2.448790339558935391e-03
-2.409688392951395489e-03
-2.424688413076351266e-03
-2.414365673129035932e-03
-2.419032959338768794e-03
-2.445777229195884601e-03
-2.442899134892741620e-03
-2.393781141890131362e-03
-2.395332972808864296e-03
-2.405939309679364785e-03
-2.376178391861836006e-03
-2.375450115815710625e-03
-2.386421832600669948e-03
-2.358063600746466981e-03
-2.355528879738563210e-03
-2.366267194245643898e-03
-2.340242607133112204e-03
-2.346476127654843410e-03
-2.336117623943340972e-03
-2.311821661853102634e-03
-2.321748023457298818e-03
-2.314229161802933577e-03
-2.303328640378847492e-03
-2.400485803496072573e-03
-2.433713639455381116e-03
-2.429137071849387167e-03
-2.406527357809965136e-03
-2.295124357860035390e-03
-2.284080402071952086e-03
-2.293983634409768949e-03
-2.278567980321763442e-03
-2.266518864851962967e-03
-2.275558888223483053e-03
-2.262979982546465228e-03
-2.250066861446547994e-03
-2.258599075100426769e-03
-2.245565350380824762e-03
-2.233183368787738324e-03
-2.242080417664391815e-03
-2.188835220435677610e-03
-2.185021050254443934e-03
-2.204419748447795924e-03
-2.171600444828942003e-03
-2.171246612253724222e-03
-2.151297228983471005e-03
-2.161699835370785999e-03
-2.094911620683090944e-03
-2.148009755676273062e-03
-2.139574272221845316e-03
-2.128174848494715499e-03
-2.057210344966549538e-03
-2.069332538087756759e-03
-2.048927662086632781e-03
-2.039246979355114134e-03
0.000000000000000000e+00
0.000000000000000000e+00
-9.268230765570469563e-05
-2.662458454718622490e-04
-4.162889986633201266e-04
-7.615476458807724815e-04
-6.592214005034504817e-04
-8.565475138229059187e-04
-9.453149488604483796e-04
-1.028531018395751565e-03
-5.450772856788954016e-04
-1.107247728761668638e-03
-1.181193768896127844e-03
-1.283283267279634919e-03
-1.271699542096448293e-03
-1.236847473778015637e-03
-1.250057708171305616e-03
-1.363421239627611234e-03
-1.347627903930139620e-03
-1.338129395527972755e-03
-1.304008410918388455e-03
-1.430268842517177716e-03
-1.532209774537824157e-03
-1.497248925865975102e-03
-1.489013685220816037e-03
-1.529571246308257179e-03
-1.572518923780506263e-03
-1.531598086182409200e-03
-1.549808520170308478e-03
-1.557962803903201795e-03
-1.597035678460529849e-03
-1.582015536465305756e-03
-1.570005631343388344e-03
-1.655792417472074386e-03
-1.646948562613920804e-03
-1.606811389635438370e-03
-1.637624810988964202e-03
-1.708503068066827453e-03
-1.756542075676616275e-03
-1.800777458788401300e-03
-1.861361442431918537e-03
-1.827862770452867713e-03
-1.847196798041842412e-03
-1.841660225978322381e-03
-1.896168944105792401e-03
-1.864733021788684934e-03
-1.881866681017997471e-03
-1.900084989451061683e-03
-1.879204154635716762e-03
-1.884092635816405790e-03
-1.908186881958775843e-03
-1.932850536560802796e-03
-2.043991270513782158e-03
-2.030707683497840442e-03
-2.025611013868515789e-03
-1.964215437836775574e-03
-1.994596268616083759e-03
-2.040036547350578336e-03
-2.023835356667486214e-03
-2.022889912322896853e-03
-2.346741426844037390e-03
-2.350299186222582631e-03
-2.379606073795452210e-03
-2.419459511665976621e-03
-2.424517922173524340e-03
-2.411088979188835951e-03
-2.425815608731062955e-03
-2.408112029427026800e-03
-2.422517527756325520e-03
-2.401426594886998077e-03
-2.410264904764013779e-03
-2.384259282813337103e-03
-2.366266164191051496e-03
-2.348150165460846216e-03
-2.321793644080655510e-03
-2.330509253498879579e-03
-2.327415851920346113e-03
-2.317683544746048686e-03
-2.302624462768670249e-03
-2.373938718497366554e-03
-2.284993350458334148e-03
-2.268821678941330099e-03
-2.252981178277863213e-03
-2.216914615987392555e-03
-2.218915265958542639e-03
-2.231443968080801775e-03
-2.203626840011583057e-03
-2.179090467537605699e-03
-2.157811355821952562e-03
-2.120091199833419506e-03
-2.100630488065341212e-03
-2.114135322284300001e-03
-2.132184640989650323e-03
-2.094427241697294391e-03
-2.075901458383628152e-03
-2.087480567672435599e-03
-2.048954600580566582e-03
-1.835093322673654170e-04
-1.831819023866933162e-04
-9.303112040916889335e-05
-3.518423184831465361e-04
-2.685374417103201833e-04
-3.497020418164024664e-04
-5.021028156437598198e-04
-4.259003398184872582e-04
-4.925890048533597756e-04
-8.425907139295858543e-04
-7.778036617181679786e-04
-8.262799394837853310e-04
-7.452360945385814225e-04
-6.760878770880004475e-04
-7.284745161511036338e-04
-9.340747500060822116e-04
-8.726732863066207976e-04
-9.179700476988769068e-04
-1.017882127831146611e-03
-9.603908731641149985e-04
-1.002806015044818005e-03
-1.096920079260298771e-03
-1.042783686621125225e-03
-1.082663936061226562e-03
-6.307142287018096529e-04
-5.578481658304274091e-04
-6.178146824822191262e-04
-1.172233022922155882e-03
-1.158749191541341098e-03
-1.120750258204286295e-03
-1.256914127707312208e-03
-1.236284390772428993e-03
-1.201132208864015647e-03
-1.315634237525771608e-03
-1.309515068593678508e-03
-1.296315333294873829e-03
-1.262908605284138001e-03
-1.414145383025302780e-03
-1.406074410198385454e-03
-1.371482829295691186e-03
-1.380996883516496946e-03
-1.477203277510865699e-03
-1.437665746885083591e-03
-1.469793138848189944e-03
-1.542144043332482417e-03
-1.502304682009531194e-03
-1.537035518809410761e-03
-1.606663751434644037e-03
-1.567191204507563558e-03
-1.569436963780366720e-03
-1.607142943474255308e-03
-1.590303387246583917e-03
-1.567431741893704879e-03
-1.584739988668064890e-03
-1.621992427040485707e-03
-1.703163201588154749e-03
-1.665490131025032343e-03
-1.693368027996607853e-03
-1.674869046177584163e-03
-1.755686175792182686e-03
-1.744480726833528769e-03
-1.719345976693996240e-03
-1.805819729657869889e-03
-1.792674735121682888e-03
-1.769603511281936294e-03
-1.852079393170678271e-03
-1.815711482831123408e-03
-1.836962696299719415e-03
-1.878739967770789868e-03
-1.894084456909740817e-03
-1.857819527311672762e-03
-1.877561620531400383e-03
-1.922287941083091400e-03
-1.895000000574693921e-03
-1.909178276392143204e-03
-1.911094138231709833e-03
-1.945587056612236741e-03
-1.923136555798771793e-03
-1.930785799118893420e-03
-1.971499294690797627e-03
-1.944089688683927133e-03
-1.960073335276633390e-03
-2.037891418838940968e-03
-2.000094093567717380e-03
-1.974968495248306463e-03
-1.989192103024577454e-03
-2.025274227180162354e-03
-2.002766069647835250e-03
-2.017038841627924982e-03
-2.046429968077002892e-03
-2.041291347946699863e-03
-2.029016985824830428e-03
-2.288369128228465339e-03
-2.317674376415202863e-03
-2.321062926129561534e-03
-2.385045379490267903e-03
-2.404033612957176200e-03
-2.400586128482915839e-03
-2.385483991949274331e-03
-2.404305038068459653e-03
-2.405785357113599237e-03
-2.380870795888593953e-03
-2.393717965802990601e-03
-2.398455014997074621e-03
-2.382647000468304539e-03
-2.404083585502930429e-03
-2.404430719939969988e-03
-2.385178217436148031e-03
-2.397809010591098189e-03
-2.395652922806498168e-03
-2.375125351237975403e-03
-2.400374106756119827e-03
-2.397228135646320077e-03
-2.389514629343473737e-03
-2.359009380283085856e-03
-2.389185673273488443e-03
-2.379871876630991305e-03
-2.368998064525333624e-03
-2.381135692602281886e-03
-2.372356178634546335e-03
-2.354703764927255742e-03
-2.365095506116596767e-03
-2.356088864621922775e-03
-2.339756647136930108e-03
-2.348487933922384103e-03
-2.339632076203980102e-03
-2.324780053397584346e-03
-2.323502856299685532e-03
-2.332035647151936737e-03
-2.305386088217406884e-03
-2.309466221630997445e-03
-2.313632439146682922e-03
-2.300379790772744126e-03
-2.338758168479338363e-03
-2.342906524608243200e-03
-2.369575579972253449e-03
-2.291459258058874647e-03
-2.292547818449804271e-03
-2.284447452560221282e-03
-2.275204391070566844e-03
-2.276607188311656135e-03
-2.268990817286333471e-03
-2.260682552895851901e-03
-2.253871000301031075e-03
-2.261527942483130757e-03
-2.237294127226272834e-03
-2.241168488132195234e-03
-2.227344649980070226e-03
-2.199327646712365136e-03
-2.194879876321148733e-03
-2.208215562099542610e-03
-2.185429168833945106e-03
-2.178137577600379546e-03
-2.174389217581300729e-03
-2.162697998708346375e-03
-2.104981946274950451e-03
-2.149438993238948596e-03
-2.148079078126370178e-03
-2.134016450487357351e-03
-2.068353738541702826e-03
-2.064562425863773754e-03
-2.080348589888983239e-03
-2.056508714538975591e-03
0.000000000000000000e+00
0.000000000000000000e+00
-9.309520109749210861e-05
-2.688890816270569678e-04
-4.280560236558549536e-04
-5.674088232403300038e-04
-8.891959769020624585e-04
-7.948346207953377839e-04
-6.891192465049190974e-04
-9.767080619073678638e-04
-1.058038712199168858e-03
-1.135157668646410729e-03
-1.214646606176555130e-03
-1.282838653714861877e-03
-1.368056832097687501e-03
-1.325798393874612607e-03
-1.357855047910794515e-03
-1.338810221650446001e-03
-1.445795987015576845e-03
-1.430316999303591317e-03
-1.389071499992300136e-03
-1.422247608261496040e-03
-1.509778036832336258e-03
-1.609711700674836942e-03
-1.570912189558564855e-03
-1.576005782119642602e-03
-1.608140130388352549e-03
-1.607043884732807688e-03
-1.652991478597897346e-03
-1.630265390947365943e-03
-1.612986474821383014e-03
-1.625232966014063989e-03
-1.650189626821677285e-03
-1.729111533187683430e-03
-1.719804278883233905e-03
-1.683118335333510032e-03
-1.711438389753254432e-03
-1.780494491586804770e-03
-1.828646924790504552e-03
-1.872772431311738473e-03
-1.930879438031269822e-03
-1.895901225040424846e-03
-1.913343658539007255e-03
-1.912230450674957428e-03
-1.957051969871345144e-03
-1.926509578518026313e-03
-1.939519888429644314e-03
-1.933981037385395108e-03
-1.958847890673538501e-03
-1.986306765337306733e-03
-2.060335953897585864e-03
-2.049718096080974626e-03
-2.047760847968820193e-03
-2.013635476372144587e-03
-2.037248767440510630e-03
-2.060247536139525430e-03
-2.049967973444347460e-03
-2.055793076070231047e-03
-2.286072222495671297e-03
-2.316334827409833978e-03
-2.287234514595039292e-03
-2.385365974152924527e-03
-2.382951247628116269e-03
-2.384265927471621201e-03
-2.371679998178039591e-03
-2.376274670051090835e-03
-2.388903112286661252e-03
-2.379193285368887308e-03
-2.378790489710692554e-03
-2.367379666102405189e-03
-2.376893820993155118e-03
-2.348954225377642216e-03
-2.361273425365457371e-03
-2.346510692965686137e-03
-2.331424590168253586e-03
-2.309127608308688372e-03
-2.316524311901637257e-03
-2.316107057449005163e-03
-2.307996759192316311e-03
-2.297792630789639162e-03
-2.312364716830171956e-03
-2.282508414424655550e-03
-2.267533414709609497e-03
-2.249297968561047266e-03
-2.255187212551191568e-03
-2.247990801133413138e-03
-2.221503573608052222e-03
-2.219939145871586278e-03
-2.228808441290575787e-03
-2.243348886048312889e-03
-2.211388122438869702e-03
-2.188644086730646976e-03
-2.162738231577210520e-03
-2.121666707870168214e-03
-2.119676249706891908e-03
-2.106832363581185880e-03
-2.133602236633520572e-03
-2.095235515441631630e-03
-2.082151015299965255e-03
-2.093020073561666864e-03
-2.062244166098005978e-03
-1.878512256405720916e-04
-9.532183461386297015e-05
-1.856507067350460140e-04
-3.578863746813148593e-04
-2.719893038719411061e-04
-3.548200377624609585e-04
-5.089819091575156947e-04
-4.316092062124723440e-04
-5.055244947066433060e-04
-6.423300485724650448e-04
-5.732621987904720946e-04
-6.365224977662968650e-04
-9.690468197749213313e-04
-9.516688834601723379e-04
-9.066305378734797627e-04
-8.712858142640211899e-04
-8.569142342087770082e-04
-8.088814178998279250e-04
-7.838526125086165558e-04
-7.642031891233985567e-04
-7.080244297186486001e-04
-1.049891288969628453e-03
-1.033976383539025445e-03
-9.926020684119371204e-04
-1.125848683857708348e-03
-1.072411195076539234e-03
-1.111453821468128423e-03
-1.198586366561908180e-03
-1.148255929409131189e-03
-1.185458280578913313e-03
-1.267636646936176224e-03
-1.220454497471495578e-03
-1.261757832002613575e-03
-1.351986679872048316e-03
-1.330530363924751786e-03
-1.304114649618162529e-03
-1.399340320581688151e-03
-1.389492134112919972e-03
-1.378718238024490873e-03
-1.349449653218106086e-03
-1.491134975671477500e-03
-1.452776362509610245e-03
-1.484187432530335426e-03
-1.460942598191201664e-03
-1.551132045694959306e-03
-1.514253826948762632e-03
-1.546620831018669529e-03
-1.616023760560993377e-03
-1.579249249901041284e-03
-1.612861383072571649e-03
-1.675692655974675297e-03
-1.642787162232210892e-03
-1.641306079204552350e-03
-1.670107566187568719e-03
-1.638571858509958127e-03
-1.638912382117613774e-03
-1.662072190085134380e-03
-1.686364959039009974e-03
-1.782724555280949981e-03
-1.742693185866664093e-03
-1.769275529383962289e-03
-1.751183785838962385e-03
-1.831310607265262654e-03
-1.793258244557069305e-03
-1.818487024040795104e-03
-1.880831115663210689e-03
-1.842944805970317401e-03
-1.866357917500059346e-03
-1.927104431890148874e-03
-1.889104791507834492e-03
-1.910405773475846308e-03
-1.943696888754536077e-03
-1.964113740433517420e-03
-1.947293601876968518e-03
-1.928660811346078873e-03
-1.982292572521478224e-03
-1.969645333203641664e-03
-1.952425011340016420e-03
-1.964093379397129253e-03
-2.007160324233803889e-03
-1.976526983946311732e-03
-1.989423611517626613e-03
-2.036780626069841990e-03
-2.004298756690882539e-03
-2.018266498103842357e-03
-2.057923016527357304e-03
-2.057512072297462344e-03
-2.041712122188758458e-03
-2.029955412582619065e-03
-2.073829669485810663e-03
-2.060072648664919119e-03
-2.050649115827727926e-03
-2.080707001335981889e-03
-2.073415553320918491e-03
-2.065971874795863132e-03
-2.223688673022190202e-03
-2.254907903981863762e-03
-2.255992678127439685e-03
-2.347889705866522056e-03
-2.366759056964816942e-03
-2.366558528825105177e-03
-2.349682798961706762e-03
-2.365294332059463683e-03
-2.367412503962481284e-03
-2.342667126822792819e-03
-2.364202923733185573e-03
-2.362784228351496284e-03
-2.346932351595092375e-03
-2.359400834312120904e-03
-2.363888018835271637e-03
-2.333424586846441842e-03
-2.358200629070348296e-03
-2.354431700080682806e-03
-2.357975060809246095e-03
-2.371869704594185488e-03
-2.364900900575756405e-03
-2.318885614170435993e-03
-2.347179437674258833e-03
-2.339107276088614636e-03
-2.363515572851988995e-03
-2.298092349910448983e-03
-2.328617842569625888e-03
-2.318551532074276424e-03
-2.344856977161569305e-03
-2.356735889824602016e-03
-2.349616459153904685e-03
-2.332755354245524566e-03
-2.336015491014146322e-03
-2.343449215401866535e-03
-2.320077535916295099e-03
-2.329593159343034889e-03
-2.322145989401716223e-03
-2.307088055944443196e-03
-2.308303275887303285e-03
-2.315579651594364304e-03
-2.294943855715623170e-03
-2.300830001557830490e-03
-2.302088102770816908e-03
-2.293267285440880876e-03
-2.292226611672971461e-03
-2.282571499386677576e-03
-2.278854971838684476e-03
-2.286488803516565499e-03
-2.266551177255402959e-03
-2.270880266934868167e-03
-2.263619803672501079e-03
-2.256999868610760560e-03
-2.253279711431983596e-03
-2.258576097772247750e-03
-2.236664037267789302e-03
-2.229258232472382511e-03
-2.236353998908256844e-03
-2.242415702553027246e-03
-2.203184430029067869e-03
-2.201945316341999762e-03
-2.212376799306349246e-03
-2.191202076934031795e-03
-2.166978337230728545e-03
-2.158346267403348385e-03
-2.172771614746409584e-03
-2.105433470726471995e-03
-2.142296788487265194e-03
-2.130896932135244171e-03
-2.144726039639425000e-03
-2.068146730065087251e-03
-2.070828489277796482e-03
-2.080296395107397462e-03
-2.064716122243188956e-03
0.000000000000000000e+00
0.000000000000000000e+00
-9.538735620369658431e-05
-2.742061222636945402e-04
-4.346784806523709601e-04
-5.766993987250908834e-04
-7.137230454996807208e-04
-1.010218977257088414e-03
-9.210960694013897374e-04
-8.281045823974968450e-04
-1.088493551820433371e-03
-1.162807120155700136e-03
-1.233676399789470366e-03
-1.328346448764979384e-03
-1.292741598375518001e-03
-1.298432609599105975e-03
-1.370437515553398541e-03
-1.339931836818731431e-03
-1.445537898815260711e-03
-1.437930392479288460e-03
-1.406936278363370455e-03
-1.417590310841722843e-03
-1.521306288692775462e-03
-1.504436206044567747e-03
-1.467562604639047327e-03
-1.497809962957953513e-03
-1.583764842363936942e-03
-1.678500676130834134e-03
-1.647371419930396567e-03
-1.644121467794412272e-03
-1.673215918657205026e-03
-1.677190369034527173e-03
-1.730314771275071745e-03
-1.700488423125978915e-03
-1.691925241141270086e-03
-1.725298498331701751e-03
-1.806684720117093801e-03
-1.793798090634977482e-03
-1.756160206645691110e-03
-1.788113052137508315e-03
-1.855586438130182522e-03
-1.903460427646137300e-03
-1.945087759843742905e-03
-1.998239685196059792e-03
-1.977393822230984720e-03
-1.964098269413725763e-03
-1.980539267147010587e-03
-2.025747210138461370e-03
-1.990979803411781907e-03
-2.004117287641030924e-03
-1.994689116789167757e-03
-2.021849696007509481e-03
-2.047774415463719452e-03
-2.064475789293406319e-03
-2.059015863800093063e-03
-2.063502582014502609e-03
-2.067035516297219440e-03
-2.079105828619478083e-03
-2.098834993046688226e-03
-2.095567131414909773e-03
-2.081992224784868194e-03
-2.227259399072722881e-03
-2.225521778948314107e-03
-2.256656133017773125e-03
-2.348927564043473172e-03
-2.345479444753794697e-03
-2.348311714081645872e-03
-2.338338372218152269e-03
-2.339634829638955783e-03
-2.355751050832203142e-03
-2.343256636735578918e-03
-2.326486231726177314e-03
-2.348988871517938316e-03
-2.308717884930539498e-03
-2.351254120513823417e-03
-2.338360531841894574e-03
-2.325851056230445954e-03
-2.312945618641554062e-03
-2.293242562315493237e-03
-2.301680203290013688e-03
-2.299853678818793851e-03
-2.294651795656810385e-03
-2.288302845388178169e-03
-2.262886906188383423e-03
-2.267999183776258677e-03
-2.275100008734837025e-03
-2.271911720950381148e-03
-2.267257128435277123e-03
-2.261379842255038710e-03
-2.242576394314819976e-03
-2.246482019870768392e-03
-2.249304261662339946e-03
-2.218537433206402634e-03
-2.220565010064413577e-03
-2.227019548056048681e-03
-2.239664732648453341e-03
-2.211424456034902578e-03
-2.183896120883942020e-03
-2.193612349079109968e-03
-2.181298645480187447e-03
-2.176159547012872057e-03
-2.153665533334742609e-03
-2.112012234501165365e-03
-2.102048878773247337e-03
-2.115138664031780864e-03
-2.124389595335276701e-03
-2.080122102228013602e-03
-2.085587222836563295e-03
-2.074903022498337732e-03
-2.063475846566101887e-03
-1.921906283748555820e-04
-1.899911861625007566e-04
-9.761441862980713407e-05
-3.645937642683048084e-04
-2.776505490346865292e-04
-3.612136486447253738e-04
-5.213880247317196183e-04
-4.409537288717833544e-04
-5.151377834656932931e-04
-6.509984703609503470e-04
-6.466204230711877689e-04
-5.811012185762534426e-04
-7.682326244153024359e-04
-7.756942578881708371e-04
-7.062439282147074150e-04
-1.088564068406671368e-03
-1.069367063876356348e-03
-1.029386815577061588e-03
-1.012862376304013347e-03
-9.911693005107513436e-04
-9.427508376093432247e-04
-9.367901215889362469e-04
-8.608044007892830078e-04
-9.042612931061475966e-04
-1.155145596007569470e-03
-1.140568516024714069e-03
-1.102977672708603226e-03
-1.225201530075917169e-03
-1.176028227507862345e-03
-1.211959758739117408e-03
-1.292440886638659362e-03
-1.245997656827986955e-03
-1.280103554259403881e-03
-1.355466988667439199e-03
-1.311990642976684123e-03
-1.342027567486843518e-03
-1.416111688728702170e-03
-1.402590489922393453e-03
-1.383724154730732155e-03
-1.409145626672652458e-03
-1.368485322020363080e-03
-1.380130813926726827e-03
-1.475199055012716125e-03
-1.462691772317429098e-03
-1.426257103761626246e-03
-1.454156926653784373e-03
-1.561690479417239758e-03
-1.526602909635727152e-03
-1.556436077251497751e-03
-1.533331527597666701e-03
-1.619919554568395158e-03
-1.617999693897653052e-03
-1.585722992714743438e-03
-1.678463559648185263e-03
-1.647404665587155802e-03
-1.678474776766054367e-03
-1.736390459349820966e-03
-1.706216226066204801e-03
-1.703408459459880737e-03
-1.738303652670700108e-03
-1.708460630979002741e-03
-1.707043702087799458e-03
-1.733798382012915161e-03
-1.761982157550706033e-03
-1.862154809554383578e-03
-1.847034146830897269e-03
-1.822452062162521454e-03
-1.863890649129234080e-03
-1.823949707083044516e-03
-1.828760181512857283e-03
-1.905433489992918415e-03
-1.867831011156775725e-03
-1.893028439642634956e-03
-1.955017442734280526e-03
-1.917262810282215763e-03
-1.940896269963246100e-03
-1.999039759721871548e-03
-1.962388195735738621e-03
-1.981354096202633808e-03
-2.011217227556958125e-03
-2.037076911842588926e-03
-2.017368211844772913e-03
-1.999832289483307116e-03
-2.054711337557235500e-03
-2.040213462410900291e-03
-2.019344230031830563e-03
-2.031720931358324111e-03
-2.089586475910823818e-03
-2.062834208242810951e-03
-2.047566021554260776e-03
-2.116768934607642788e-03
-2.089362940393256745e-03
-2.079067318001910376e-03
-2.064724435204483115e-03
-2.067451334997221467e-03
-2.062980183651250306e-03
-2.108749699104801433e-03
-2.093289889338278281e-03
-2.085802379481742786e-03
-2.140172395055963284e-03
-2.107202436987902321e-03
-2.109657478700798644e-03
-2.089408294107380441e-03
-2.126210025557729016e-03
-2.159277617570049164e-03
-2.193477257059754226e-03
-2.191601200018171783e-03
-2.312978590505358409e-03
-2.330508556430823091e-03
-2.331406934375645709e-03
-2.305610385044166728e-03
-2.326879595312088267e-03
-2.324265633123211681e-03
-2.317002054261710874e-03
-2.331922215426486707e-03
-2.333378966690033245e-03
-2.294904466239080284e-03
-2.318943638819937012e-03
-2.314322675360564081e-03
-2.315220423100147577e-03
-2.327425568918441590e-03
-2.331047336668889969e-03
-2.279773818763811653e-03
-2.306770944721955700e-03
-2.299490358855162120e-03
-2.330595562757015876e-03
-2.344475486742071506e-03
-2.335140280711075350e-03
-2.258091438091729825e-03
-2.288731409153870085e-03
-2.278262073668813753e-03
-2.337746530547199844e-03
-2.320780687986971798e-03
-2.326617250976314392e-03
-2.332657057709602855e-03
-2.310148493389351659e-03
-2.321260902498155539e-03
-2.314942494714740916e-03
-2.298895195811331144e-03
-2.302803805616197852e-03
-2.309269254760022184e-03
-2.287091372260167781e-03
-2.290322655569324104e-03
-2.296861786304145361e-03
-2.281143438990422372e-03
-2.288537676416289076e-03
-2.287209600958972373e-03
-2.281861247291791690e-03
-2.243052820566046688e-03
-2.270474826288929830e-03
-2.276103231383214479e-03
-2.269317865517332580e-03
-2.262047692142977583e-03
-2.244310965885651637e-03
-2.243656091563373759e-03
-2.250365117321844344e-03
-2.227404565712046321e-03
-2.231647097843656585e-03
-2.223292322147404215e-03
-2.234669469528304583e-03
-2.198309540060084614e-03
-2.208008117643153918e-03
-2.200494026099570309e-03
-2.190983125187573495e-03
-2.156684196488934790e-03
-2.162746961072710243e-03
-2.170602698880082920e-03
-2.149509270110377176e-03
-2.092426268932431974e-03
-2.123754709186905214e-03
-2.116506745152642484e-03
-2.131498140301153841e-03
-2.048601428143445331e-03
-2.062629055669768560e-03
-2.061660712682059082e-03
-2.056976420353437245e-03
0.000000000000000000e+00
0.000000000000000000e+00
-9.768878857823922455e-05
-2.798839654894622270e-04
-4.443574492714258764e-04
-5.873706130041137603e-04
-7.106381332474292394e-04
-8.683743084211045099e-04
-8.191046399092451365e-04
-8.263531226058037048e-04
-1.051465522703551574e-03
-1.122432734857678645e-03
-9.756705513680954825e-04
-9.032723675288470856e-04
-1.190739075704752483e-03
-1.259376470819887402e-03
-1.324471087161291447e-03
-1.382226353580255640e-03
-1.411788168723174513e-03
-1.439432998092219588e-03
-1.516902961775559461e-03
-1.481442034742766738e-03
-1.510701742764139401e-03
-1.490099308068802610e-03
-1.591046516081297312e-03
-1.571657030388102583e-03
-1.538330655268693552e-03
-1.566715903590724587e-03
-1.649414294058342435e-03
-1.736894323235534804e-03
-1.707760871887654096e-03
-1.707623063852398105e-03
-1.737573581834873319e-03
-1.737583255397652689e-03
-1.801581478744679332e-03
-1.766018506962228549e-03
-1.769195404255323326e-03
-1.797730975425255529e-03
-1.883469239051835864e-03
-1.863679124788877612e-03
-1.872752633713988283e-03
-1.833147253448414848e-03
-1.868863971096393958e-03
-1.929516693206282784e-03
-1.976337472363431675e-03
-2.017182600999518557e-03
-2.073496651647360398e-03
-2.034989522937174534e-03
-2.049324629027377432e-03
-2.054129178649561314e-03
-2.110248360414931305e-03
-2.066736290432222116e-03
-2.083042837209217978e-03
-2.071975436954020047e-03
-2.105234806176339759e-03
-2.118337027810985370e-03
-2.046149398215406107e-03
-2.051038340674590787e-03
-2.057288482586086976e-03
-2.126174201625406247e-03
-2.106007485088493697e-03
-2.109961994827713305e-03
-2.088803041230416838e-03
-2.181346310119645915e-03
-2.166329049432539917e-03
-2.145251797436569397e-03
-2.156687904033621414e-03
-2.191985816452683700e-03
-2.157987897304035427e-03
-2.309498695180634519e-03
-2.315102747545041799e-03
-2.300543116854131785e-03
-2.316040632656025770e-03
-2.287669761803303586e-03
-2.310870234672697532e-03
-2.325339641690280391e-03
-2.312977450205538563e-03
-2.269337554962971154e-03
-2.320866428466720859e-03
-2.325546821808718682e-03
-2.315123521895088438e-03
-2.304134008521029151e-03
-2.292576296524978779e-03
-2.275157193563520988e-03
-2.284586377776243789e-03
-2.280932242516650697e-03
-2.278544780168923790e-03
-2.275394570114955273e-03
-2.203874400608099408e-03
-2.215520700396590020e-03
-2.230969657577402867e-03
-2.257139964161020140e-03
-2.263045499777037017e-03
-2.262811526979531182e-03
-2.256841316765479180e-03
-2.229153765074427633e-03
-2.236125328511287449e-03
-2.236391415263743430e-03
-2.250204701333903719e-03
-2.206856954954691807e-03
-2.216239265798750253e-03
-2.212434633964225836e-03
-2.228277060689758636e-03
-2.201721216253569972e-03
-2.171847496754771185e-03
-2.177898942430579916e-03
-2.184683203745022787e-03
-2.164808532740818310e-03
-2.138723624199903063e-03
-2.082855303032418379e-03
-2.094951717453732553e-03
-2.079298825801537652e-03
-2.099531203035824231e-03
-2.043727318311252747e-03
-2.059419575356498389e-03
-2.046598841977355192e-03
-2.043982954598466423e-03
-1.972083689588110264e-04
-1.002700191028367988e-04
-1.946820190078127160e-04
-3.736736548690576748e-04
-3.691135196343160599e-04
-2.845285754037645497e-04
-5.308535546505164550e-04
-5.261038859332013533e-04
-4.491954538154804724e-04
-6.679827910181168008e-04
-5.959827560343509013e-04
-6.594757054317204950e-04
-7.845985454879474130e-04
-7.189338109684817631e-04
-7.764601561868348170e-04
-8.888409989843033820e-04
-8.294710260287453760e-04
-8.786803729707568823e-04
-1.133421448695311933e-03
-1.073730445822193569e-03
-1.111156919925931083e-03
-1.193677359668728153e-03
-1.174494511202851203e-03
-1.141497324493828940e-03
-1.062983410578532094e-03
-1.000664463492684838e-03
-1.038113442628497453e-03
-9.768072106811499355e-04
-9.232823822570894673e-04
-9.568898882730525988e-04
-1.252048265435869211e-03
-1.203980347439132046e-03
-1.238675953941793025e-03
-1.316461719869461890e-03
-1.271299094172415132e-03
-1.304512830395183898e-03
-1.378205958285388076e-03
-1.335774571670729927e-03
-1.366907145418216635e-03
-1.436426526993973829e-03
-1.396347430910049002e-03
-1.422418076965129095e-03
-1.476491078682656225e-03
-1.442537839121619224e-03
-1.445931317139752302e-03
-1.469248388374877218e-03
-1.544648088076240339e-03
-1.529264235723515591e-03
-1.496303638465390842e-03
-1.523117380872433466e-03
-1.625938266492712829e-03
-1.594073462786740458e-03
-1.622979731756748600e-03
-1.599137613688045301e-03
-1.679753716128168026e-03
-1.650089870557213973e-03
-1.679157364329633001e-03
-1.733784610278644609e-03
-1.706337066933739412e-03
-1.735294672538207489e-03
-1.802483153123275251e-03
-1.770428186501789595e-03
-1.769437839052111650e-03
-1.795914609675946030e-03
-1.766376338788513576e-03
-1.767042272012059713e-03
-1.802258184195785085e-03
-1.837124031377522851e-03
-1.923758039960725506e-03
-1.892491755905118932e-03
-1.914578554183398503e-03
-1.893703981123498036e-03
-1.931985712301921001e-03
-1.902479714208809604e-03
-1.898546068633829610e-03
-1.978649582312111584e-03
-1.941262752916970979e-03
-1.966731931204264948e-03
-2.026387966837446195e-03
-2.012296404224436265e-03
-1.989602919383966564e-03
-2.072213411037722788e-03
-2.034696836382559899e-03
-2.054336237782635518e-03
-2.090353715573461252e-03
-2.115621501040471954e-03
-2.075192843155281713e-03
-2.094218218312364835e-03
-2.144725487598714113e-03
-2.127661889081749504e-03
-2.101716207255180033e-03
-2.118981278503625793e-03
-2.185909716329439111e-03
-2.135836983890844129e-03
-2.153646768674254836e-03
-2.184009789639904889e-03
-2.156017223625517933e-03
-2.150788983445738305e-03
-2.034717965418733794e-03
-2.056858560331889345e-03
-2.039674600066374195e-03
-2.168129137299126905e-03
-2.081049757925403608e-03
-2.157178506366288356e-03
-2.260807465584235322e-03
-2.230074708041717996e-03
-2.196466024726181389e-03
-2.095492080616318323e-03
-2.126196371366892868e-03
-2.127496831834368735e-03
-2.180239685827738833e-03
-2.270644807218441443e-03
-2.288263395057858404e-03
-2.291969085989500714e-03
-2.278488120942112616e-03
-2.297918248584160557e-03
-2.295892818400626680e-03
-2.258623262664976542e-03
-2.282291677474753040e-03
-2.276925397246523392e-03
-2.282341970215280309e-03
-2.298956915934130193e-03
-2.299732759555747370e-03
-2.242422227278437381e-03
-2.268846317510319829e-03
-2.261275152231265878e-03
-2.285424550854384985e-03
-2.298328866214153447e-03
-2.300424779432228093e-03
-2.222635362450426592e-03
-2.240470600506991837e-03
-2.251272170874575682e-03
-2.304040513448281542e-03
-2.317450332024332052e-03
-2.307468140489948687e-03
-2.312417832431548810e-03
-2.296000496812384932e-03
-2.303007891946345052e-03
-2.308318755945845593e-03
-2.286773864552131032e-03
-2.298355272583446889e-03
-2.292750007611017368e-03
-2.276693242836364938e-03
-2.281796122664769833e-03
-2.287677342375600206e-03
-2.266456939359699427e-03
-2.270934027307733825e-03
-2.276639860979527696e-03
-2.265063890705485816e-03
-2.270092261358185991e-03
-2.273443351566743591e-03
-2.267731490910573737e-03
-2.213356472203920587e-03
-2.253991621599504402e-03
-2.255468932674221764e-03
-2.262032987584066367e-03
-2.226498324189079593e-03
-2.235405241292776329e-03
-2.227929104293768087e-03
-2.241028563741334374e-03
-2.242628548107168576e-03
-2.248969880453614064e-03
-2.208220621841402477e-03
-2.218065581200029043e-03
-2.207252126176558176e-03
-2.218967902850248197e-03
-2.188275149275922295e-03
-2.196737142559319639e-03
-2.193335721212311476e-03
-2.179286459513124496e-03
-2.128701254839695557e-03
-2.143606499990087250e-03
-2.150075197029355928e-03
-2.126225950036483327e-03
-2.058635232582046570e-03
-2.080985094108129749e-03
-2.100743739650533064e-03
-2.080230396051923648e-03
-2.002947973464930774e-03
-2.021478075904723642e-03
-2.029011263873940762e-03
-2.025021617313419245e-03
0.000000000000000000e+00
0.000000000000000000e+00
-1.003484106951608177e-04
-2.871534961948879732e-04
-4.538542665311275266e-04
-6.008949817644771525e-04
-7.275894356210980615e-04
-8.378695874741203323e-04
-9.338137156295574833e-04
-1.164051504464845913e-03
-1.098942415361522842e-03
-1.223268101288958135e-03
-1.020834303074388046e-03
-1.284771011805056155e-03
-1.347847890668000832e-03
-1.407803959540855632e-03
-1.491833554397397265e-03
-1.464184355511735820e-03
-1.450115478792572080e-03
-1.483499048308859185e-03
-1.502937685734683426e-03
-1.581631820813912508e-03
-1.549633092145087480e-03
-1.576693340989771897e-03
-1.555878204914322178e-03
-1.653166429739447770e-03
-1.632975269959682698e-03
-1.629517802826297660e-03
-1.602685461639112748e-03
-1.707066056564973114e-03
-1.789583985370778434e-03
-1.763077060092672422e-03
-1.761779283950524761e-03
-1.799166775862348806e-03
-1.792565316543386425e-03
-1.874546289295538418e-03
-1.838652873506826414e-03
-1.838664744320230287e-03
-1.874105309053904038e-03
-1.950365594210403015e-03
-1.928393020554624009e-03
-1.934075787202303720e-03
-1.903015963285791283e-03
-1.933598320286839499e-03
-2.001438914344253871e-03
-2.048047875704237311e-03
-2.092494742045690817e-03
-2.159055577993159412e-03
-2.114611371913645895e-03
-2.134099491055666160e-03
-2.135400684568479132e-03
-2.206401703849065598e-03
-2.177061306132894742e-03
-2.156094202449351880e-03
-2.165007215067281734e-03
-2.234958335881039558e-03
-2.178603855371522187e-03
-2.212484838034807152e-03
-2.218150793544456604e-03
-1.980217686650649362e-03
-2.015133177199431459e-03
-2.010324656174871348e-03
-2.226068648434380293e-03
-2.100860549645777210e-03
-2.103434017366924251e-03
-2.062124972107519730e-03
-2.230598850594436768e-03
-2.205972580356856377e-03
-2.160109514643345635e-03
-2.358141437268071374e-03
-2.303094763133436106e-03
-2.263142443327443003e-03
-2.093699084999257713e-03
-2.094632466437388631e-03
-2.125265478730723346e-03
-2.154315867137434302e-03
-2.179132492001603812e-03
-2.155656903560515189e-03
-2.274882627736717414e-03
-2.264944153216186772e-03
-2.280649006042046248e-03
-2.250867243041430009e-03
-2.284162224888060602e-03
-2.232776575735634199e-03
-2.283403207458263064e-03
-2.297175465111146037e-03
-2.284555781581909615e-03
-2.293781544269487063e-03
-2.299956081184760005e-03
-2.291213368394293647e-03
-2.281530574711058620e-03
-2.271344553044686663e-03
-2.254507748307679055e-03
-2.260198302161849516e-03
-2.264901234849656803e-03
-2.259901995839683642e-03
-2.259294736043730104e-03
-2.188704311040614355e-03
-2.247297782110856644e-03
-2.208654590161724610e-03
-2.217491599488422265e-03
-2.218663597854690726e-03
-2.233732813700388311e-03
-2.180120665091953534e-03
-2.192920933043137656e-03
-2.194595201050306751e-03
-2.208305274595010609e-03
-2.175230417192761459e-03
-2.182050379790043647e-03
-2.191326731822295856e-03
-2.173510072957555821e-03
-2.135050307452559821e-03
-2.133223460076969207e-03
-2.154101857846261320e-03
-2.103214356737677544e-03
-2.019328170961657079e-03
-2.025997283005119207e-03
-2.047186122347621068e-03
-2.044552990451836694e-03
-1.979576189310588291e-03
-2.012173842996166709e-03
-1.992963864144985976e-03
-1.989719777630878129e-03
-2.050274555526820442e-04
-2.008947707503241508e-04
-1.040715022697200645e-04
-3.863269987177829403e-04
-3.800914897386399854e-04
-2.936489568651841245e-04
-5.460692694563449787e-04
-5.384524407333521855e-04
-4.615184620526060371e-04
-6.880504557307887733e-04
-6.110756136894706465e-04
-6.780754396760585705e-04
-8.111712072639586709e-04
-7.409427333106178171e-04
-7.979774020760994728e-04
-9.145122922685181184e-04
-8.506496603844142333e-04
-9.017609708880307100e-04
-1.009347529476896854e-03
-9.500220967433171525e-04
-9.931819702982075480e-04
-1.238499308834451178e-03
-1.186339728922621494e-03
-1.216155587908031733e-03
-1.174886144321219891e-03
-1.119601938832382945e-03
-1.154263747419605798e-03
-1.283266692725777919e-03
-1.238647234350169534e-03
-1.267678031737743023e-03
-1.095430995296450827e-03
-1.036938838612619720e-03
-1.079334860172185368e-03
-1.341951340615243991e-03
-1.329289751436066574e-03
-1.297419199949745522e-03
-1.400241888734127076e-03
-1.358778167559113658e-03
-1.389285140385170154e-03
-1.456443484432915197e-03
-1.417748199693559356e-03
-1.446495973535321484e-03
-1.508352238475316447e-03
-1.472780644158556930e-03
-1.499742595124758156e-03
-1.543550676825720773e-03
-1.517354370176744564e-03
-1.509618698513267524e-03
-1.536058908228393402e-03
-1.607705367789227530e-03
-1.592262187876685667e-03
-1.561172168277921973e-03
-1.586998430605519395e-03
-1.681869586715165499e-03
-1.654208395242736220e-03
-1.680867995428667831e-03
-1.657771919930233710e-03
-1.730728150504981262e-03
-1.705553452259792827e-03
-1.732298617602749929e-03
-1.780552114499641455e-03
-1.784909733677425558e-03
-1.757448206920718403e-03
-1.859399784278423749e-03
-1.827627179168657412e-03
-1.830888092840953808e-03
-1.848796644903398251e-03
-1.822283171861676862e-03
-1.819100352024241281e-03
-1.867076114430074422e-03
-1.904257238482558266e-03
-1.994353397787518127e-03
-1.958311126695146901e-03
-1.986349107918279882e-03
-1.963085426812057749e-03
-1.993820480638534062e-03
-1.963889694622236379e-03
-1.963227235397231769e-03
-2.055624016438812370e-03
-2.016335701718465628e-03
-2.040902161880538308e-03
-2.100479079040951449e-03
-2.062457680763000404e-03
-2.086018811326807200e-03
-2.148252255111521118e-03
-2.108955544902217996e-03
-2.131561200178281636e-03
-2.180246543474812296e-03
-2.200067217318494792e-03
-2.179048589735816006e-03
-2.155988826450979876e-03
-2.263362332193142451e-03
-2.206118562851663249e-03
-2.235911376844349711e-03
-2.226228623812093795e-03
-2.287690532705008786e-03
-2.267789125034521455e-03
-2.237771765355680686e-03
-2.308733176637532171e-03
-2.281268515799395307e-03
-2.252297327511701679e-03
-1.960970752957462253e-03
-2.004894648366250566e-03
-1.968174686913587261e-03
-2.294722931112486500e-03
-2.032301655054937622e-03
-2.157536046921829098e-03
-2.287768713564572367e-03
-2.462045742374387603e-03
-2.347241671833768216e-03
-2.399045857645917650e-03
-2.032198877360355625e-03
-2.063039584378412866e-03
-2.063949454378079685e-03
-2.124234963488831271e-03
-2.237760326416777384e-03
-2.254301122482149210e-03
-2.258268665835823016e-03
-2.225574915546989045e-03
-2.242267938389596975e-03
-2.248317863648359102e-03
-2.243357644295407901e-03
-2.263224352770475904e-03
-2.261124912842676221e-03
-2.208052831885589339e-03
-2.225405423099484879e-03
-2.233561941776193716e-03
-2.257530442760128254e-03
-2.271625249056431501e-03
-2.270009536080697544e-03
-2.186287290252430029e-03
-2.214593604994412584e-03
-2.204672291567156672e-03
-2.259472394547345966e-03
-2.272541608662470135e-03
-2.271494790954930662e-03
-2.278320608298381629e-03
-2.291234876664357926e-03
-2.280861911360909395e-03
-2.287162116585330935e-03
-2.271332401336929006e-03
-2.283686534680433224e-03
-2.279069300599478355e-03
-2.263930277643612030e-03
-2.275336021829329342e-03
-2.270308377443375995e-03
-2.255463664637620200e-03
-2.266075793036311740e-03
-2.260954074058118060e-03
-2.246932201919473425e-03
-2.256798168085497741e-03
-2.250504634824921323e-03
-2.247287026789042495e-03
-2.256371259833166339e-03
-2.250485596543247511e-03
-2.250645610839096655e-03
-2.170736864696367393e-03
-2.235253043286738323e-03
-2.238199039007765512e-03
-2.244602444629707674e-03
-2.204015797065223860e-03
-2.215608421611549479e-03
-2.206233019609517287e-03
-2.220927121835670169e-03
-2.231141836930091490e-03
-2.223895925226557733e-03
-2.177128327549331371e-03
-2.182187694394754733e-03
-2.195921833687899082e-03
-2.181062668510165732e-03
-2.196031913053488483e-03
-2.155800512230693008e-03
-2.071779919105329760e-03
-2.098536679006596413e-03
-2.102493929476661853e-03
-2.072606913745750346e-03
-1.994835991434067146e-03
-2.012783645517435705e-03
-2.043598813948993044e-03
-2.009331294932675122e-03
-1.914469997112966219e-03
-1.960098648284209696e-03
-1.948615199033878684e-03
-1.947977817018681267e-03
-3.358300545517362652e-20
0.000000000000000000e+00
-1.039745123674950611e-04
-2.974799590303501585e-04
-4.680861069054318173e-04
-6.190110218475724027e-04
-7.512636571222102225e-04
-8.641905450823105916e-04
-9.631012795738042725e-04
-1.053374565528455379e-03
-1.207264897611687229e-03
-1.261047632763135674e-03
-1.136002578956198409e-03
-1.313062653082055706e-03
-1.371589313664732957e-03
-1.428829401862261299e-03
-1.482854657468122509e-03
-1.558006329450977150e-03
-1.533223521853791307e-03
-1.524509095614351353e-03
-1.550030071720002751e-03
-1.567969898701392605e-03
-1.639711525571188426e-03
-1.611055849087142302e-03
-1.636397800160019128e-03
-1.616439028033137774e-03
-1.706676273993436733e-03
-1.685966978506083565e-03
-1.684004724174796314e-03
-1.659841027617740133e-03
-1.756003741171310861e-03
-1.838764024151597933e-03
-1.809660652513362181e-03
-1.814040177491789115e-03
-1.854003019420099978e-03
-1.843512976394316369e-03
-1.925252026514308453e-03
-1.892462869212153346e-03
-1.900220810289682564e-03
-1.929928129727351283e-03
-2.024592395681557369e-03
-1.994338512264477378e-03
-1.986028142481210783e-03
-1.959644038310736497e-03
-1.990318684098083771e-03
-2.076797261442228128e-03
-2.122913295030516220e-03
-2.172217573612652761e-03
-2.251449486565662312e-03
-2.228340794615386172e-03
-2.202693838737616178e-03
-2.222646461132592611e-03
-2.293093852541563775e-03
-2.280119278755383949e-03
-2.247336128006285211e-03
-2.278438905781479153e-03
-2.363914020469556551e-03
-2.333783961938488364e-03
-2.304705103344108219e-03
-2.350943874017390016e-03
-1.836746655945430129e-03
-1.900470203855958613e-03
-1.908584744699642509e-03
-2.385389459505854286e-03
-2.030699185411846425e-03
-2.062031744370257033e-03
-2.031455797692905373e-03
-2.090329692790126193e-03
-2.092269132729685215e-03
-2.122365133201503835e-03
-2.231971488451883236e-03
-2.240895044368578816e-03
-2.217205588629973627e-03
-2.250846929774238427e-03
-2.197576006663305888e-03
-2.258742882157269323e-03
-2.257818960473040489e-03
-2.258752233156139950e-03
-2.270581818531653296e-03
-2.268043931897343983e-03
-2.274846778938495809e-03
-2.267630033206231681e-03
-2.259689549310911049e-03
-2.251292069674057112e-03
-2.232152123790956053e-03
-2.243083838244374403e-03
-2.239791801956311779e-03
-2.236861238332910409e-03
-2.245742410059105385e-03
-2.242089495106311045e-03
-2.241254014093717328e-03
-2.124049560896533028e-03
-2.155377519593588628e-03
-2.139400438736606576e-03
-2.228315386335629963e-03
-2.213011022415499983e-03
-2.183248905407971299e-03
-2.193950924562047215e-03
-2.195320383871348074e-03
-2.143397741953249284e-03
-2.158516803511477920e-03
-2.161568086324335697e-03
-2.149378562666806776e-03
-2.163826228805961795e-03
-2.166497281540427991e-03
-2.182582813381103541e-03
-2.139038862816389740e-03
-2.084341964622075764e-03
-2.076117590757946621e-03
-2.111590411806169455e-03
-2.035669203295540491e-03
-1.885285861644330537e-03
-1.931891184580008212e-03
-1.952058538807043258e-03
-1.946847623814316856e-03
-1.976460823922198025e-03
-1.983136611155906191e-03
-1.903843448106145621e-03
-1.875608326529477031e-03
-1.915336724929063840e-04
-9.725071209859545494e-05
-1.982407625792522127e-04
-4.111290571332422428e-04
-3.099366646868906196e-04
-3.985940155342153519e-04
-5.634008019221860243e-04
-5.548968975710297973e-04
-4.769056466543727512e-04
-7.189203441360695300e-04
-7.037010250837869799e-04
-6.346270086158420018e-04
-8.420244712548179654e-04
-7.666324790203538206e-04
-8.267753851222156645e-04
-9.480413530576089175e-04
-8.808474609690332673e-04
-9.314309298988469616e-04
-1.042476778013631464e-03
-9.795231704401144348e-04
-1.026054805082600831e-03
-1.126603991345787037e-03
-1.068808931000733188e-03
-1.111134105113244664e-03
-1.290595983542018078e-03
-1.232785585594843580e-03
-1.264069744243362294e-03
-1.317774123684251064e-03
-1.300132647400010404e-03
-1.277637456492183334e-03
-1.203983137932028696e-03
-1.150413261806844303e-03
-1.189577579665001585e-03
-1.368523980888216966e-03
-1.326293783825312255e-03
-1.355349613126848821e-03
-1.422400247452073468e-03
-1.382534006512777663e-03
-1.411366322100519703e-03
-1.477197347343931584e-03
-1.466881157406370231e-03
-1.439130157797150616e-03
-1.527732309104218094e-03
-1.518103402879397192e-03
-1.492475653299190404e-03
-1.573485221094776069e-03
-1.565390715987427387e-03
-1.541275961997890355e-03
-1.604864497125691424e-03
-1.581075489913605706e-03
-1.573778408827004220e-03
-1.598201446307618082e-03
-1.663278085139377992e-03
-1.649381032737595731e-03
-1.644588612447856965e-03
-1.621251341606283394e-03
-1.729120154162111251e-03
-1.729951075665093520e-03
-1.705862188647812045e-03
-1.707995741296363616e-03
-1.775389104470696464e-03
-1.753459048474075846e-03
-1.778042058278777281e-03
-1.823555816552635111e-03
-1.830947801785245705e-03
-1.802482002408570087e-03
-1.908623175493668776e-03
-1.878658345557035741e-03
-1.884057413173464805e-03
-1.890816909586237084e-03
-1.864581245495853601e-03
-1.869639823121474823e-03
-1.917109450376904781e-03
-1.955600282955668925e-03
-2.055716661166231106e-03
-2.024510931454648853e-03
-2.055932250319127304e-03
-2.024741735769588959e-03
-2.044922250275529700e-03
-2.019330382543962823e-03
-2.015294741518476769e-03
-2.124407955145521300e-03
-2.112920014913523444e-03
-2.090016743209123246e-03
-2.168753882995479946e-03
-2.133406613861429588e-03
-2.158365784798823347e-03
-2.226012816406530356e-03
-2.211805751516778343e-03
-2.184553960247140585e-03
-2.269010241252672911e-03
-2.285953786457402097e-03
-2.268073149033390020e-03
-2.240595027118508133e-03
-2.383222058807068101e-03
-2.341799687855804311e-03
-2.326428896886581672e-03
-2.383689583724555271e-03
-2.328923847640664360e-03
-2.340058382276183693e-03
-2.385273113840359702e-03
-2.519542480235049259e-03
-2.441728250352090835e-03
-2.409520157003904733e-03
-2.486176439872216874e-03
-1.969187027446369677e-03
-2.000090018091479644e-03
-2.000805830957052764e-03
-2.060517056429815239e-03
-2.107425749346429102e-03
-2.195089350580305132e-03
-2.216583925922220241e-03
-2.210374440735076666e-03
-2.206572790713296015e-03
-2.222305883893345609e-03
-2.225105750994239677e-03
-2.180455603098467414e-03
-2.194285539665252836e-03
-2.203205249769790534e-03
-2.229697083076117702e-03
-2.236652155638902805e-03
-2.243610571475467257e-03
-2.153745070743755350e-03
-2.170097582913838898e-03
-2.181164930284315052e-03
-2.233604730858860556e-03
-2.245692949277014287e-03
-2.246675833544568932e-03
-2.234526705657543383e-03
-2.247155483266994810e-03
-2.246220863240192597e-03
-2.253362189967592077e-03
-2.265832964376749206e-03
-2.255594747619806863e-03
-2.262345801845372026e-03
-2.247255143846288265e-03
-2.255706703009076851e-03
-2.259429526109016893e-03
-2.241134565520106967e-03
-2.252627245402141418e-03
-2.248391656310408989e-03
-2.233730875945780063e-03
-2.240464785910269326e-03
-2.244688949092561378e-03
-2.234337675541160639e-03
-2.223086004302148467e-03
-2.227610284453879382e-03
-2.235242001386467461e-03
-2.227443254388266486e-03
-2.237358392941547845e-03
-2.232092977401222214e-03
-2.231343421776294227e-03
-2.139188296704200472e-03
-2.214045974842339653e-03
-2.224896090620881971e-03
-2.217741569715458473e-03
-2.198496910151346087e-03
-2.201696976428332668e-03
-2.210172554909762936e-03
-2.180471532812785877e-03
-2.181596483818917711e-03
-2.192811862778361147e-03
-2.145023705075573689e-03
-2.152441497806955109e-03
-2.150775492032912847e-03
-2.168561922313674492e-03
-2.168959831410032651e-03
-2.115669949899795683e-03
-1.995724602008451705e-03
-2.041726253424752321e-03
-2.029677045841768879e-03
-1.953071968650337692e-03
-2.013751670380394682e-03
-1.983042769633560840e-03
-1.915302317088550532e-03
-1.874400898519047384e-03
-1.907367152625510411e-03
-1.941706811364652622e-03
-1.744524562521561351e-03
-1.837353581436919348e-03
-1.815849063353074111e-03
-1.798491910853196839e-03
0.000000000000000000e+00
-1.976284804930586710e-20
-9.702828439936669381e-05
-3.033191847234636041e-04
-4.900291673603880335e-04
-6.439388381450856028e-04
-7.824269611178655444e-04
-8.965910266180080043e-04
-9.964762338384239304e-04
-1.085537029613606839e-03
-1.166126861492663199e-03
-1.247301989319717216e-03
-1.303042122730684038e-03
-1.343189106178281720e-03
-1.395945591755988393e-03
-1.450236490516460496e-03
-1.502912293341103923e-03
-1.551021472520443430e-03
-1.617815921507957276e-03
-1.595641552015245653e-03
-1.587480255901050621e-03
-1.610548929409209590e-03
-1.627193569132023062e-03
-1.691602736758422883e-03
-1.688850186786086584e-03
-1.666074745761614816e-03
-1.671009308602238157e-03
-1.752691104153458225e-03
-1.730311864866482686e-03
-1.708484740549640404e-03
-1.729731402692242159e-03
-1.799919040925093694e-03
-1.871901400949465936e-03
-1.847812632847305701e-03
-1.854968844158374087e-03
-1.899481125516384785e-03
-1.880757038843829890e-03
-1.968926037204729931e-03
-1.938785060128045499e-03
-1.947238429358681428e-03
-1.977578953770780471e-03
-2.117149715618062665e-03
-2.086708018926122440e-03
-2.086323098320783543e-03
-2.050251799062267205e-03
-2.027433513226322044e-03
-2.006662076760613693e-03
-2.036374292922347919e-03
-2.145986014451007565e-03
-2.121100595874223123e-03
-2.195062895776400767e-03
-2.253127454804211387e-03
-2.363598301986923490e-03
-2.305550517929306174e-03
-2.328646604414725922e-03
-2.324679752205010587e-03
-2.391941494998844724e-03
-2.376265953015686133e-03
-2.554055089499311995e-03
-2.468872336611687302e-03
-2.458681146472027537e-03
-2.536495376354627740e-03
-1.964393853919789087e-03
-1.966829659638318160e-03
-1.997419068806704102e-03
-2.061726472863143877e-03
-2.075930839400622063e-03
-2.046263060030117584e-03
-2.092873177804131096e-03
-2.201116250122953089e-03
-2.187993558693395423e-03
-2.201559915643807805e-03
-2.204266110838720878e-03
-2.222274588003776523e-03
-2.167412162166941839e-03
-2.215590196763705944e-03
-2.231773749707087039e-03
-2.234358326627638655e-03
-2.233207062073430671e-03
-2.245426587220610698e-03
-2.234017037997106797e-03
-2.243173170064443646e-03
-2.250441446662456747e-03
-2.244403518599542499e-03
-2.237613807570880235e-03
-2.228757158392337054e-03
-2.219494239933126993e-03
-2.228099887229843291e-03
-2.225884521748458696e-03
-2.211269694723578660e-03
-2.221498376113358909e-03
-2.217431296953436409e-03
-2.223321050899160212e-03
-2.220982769664746684e-03
-2.092888611897970007e-03
-2.108756074732832594e-03
-2.123635893796525526e-03
-2.206985318426927037e-03
-2.190487958029203788e-03
-2.158514113381549207e-03
-2.169957892625656685e-03
-2.170010115189729277e-03
-2.102154389088866336e-03
-2.120690224753744857e-03
-2.125245313211407763e-03
-2.117567486574396113e-03
-2.131586109599333066e-03
-2.135776024559518302e-03
-2.155386726379192926e-03
-2.092767881404044086e-03
-2.017994557823121413e-03
-2.055131916578195259e-03
-2.005044185058584439e-03
-1.971471120139174030e-03
-1.910636413997091228e-03
-1.879028919860441758e-03
-1.696757482830405124e-03
-1.719245342423414598e-03
-1.791474299610173408e-03
-1.672015189931512307e-04
-1.794918505276536704e-04
-8.498307521977503892e-05
-3.451406779276138589e-04
-3.790211935586080541e-04
-2.698697228903245327e-04
-6.332086626994787477e-04
-5.989777055067312637e-04
-5.242959281634087957e-04
-7.663699062505212756e-04
-6.671662060683252338e-04
-7.431768445570439974e-04
-8.786851455495267842e-04
-8.004278961337967652e-04
-8.606417791444534796e-04
-9.842190737350169430e-04
-9.144904179790795239e-04
-9.663623209099779683e-04
-1.073577236621649613e-03
-1.058155723450650157e-03
-1.011793224001188889e-03
-1.156953342313435254e-03
-1.141878452479556678e-03
-1.100543167232112974e-03
-1.232123646424910027e-03
-1.218055499651402723e-03
-1.179981942272916463e-03
-1.301941618962853230e-03
-1.253437979569800098e-03
-1.295335205509057794e-03
-1.386996544691849716e-03
-1.338228440345005151e-03
-1.351867568665942113e-03
-1.377288507774190483e-03
-1.448160275267138496e-03
-1.408354015103987188e-03
-1.434913508725915460e-03
-1.495345688226540348e-03
-1.486292661147887691e-03
-1.459164131093551153e-03
-1.547336297560148680e-03
-1.512688707207526361e-03
-1.537613067355127726e-03
-1.592651030742166240e-03
-1.560555285151257786e-03
-1.583144168629030315e-03
-1.630818228264535770e-03
-1.602435880820321772e-03
-1.623934601334362567e-03
-1.659929243109224033e-03
-1.638400845750336010e-03
-1.631846597679722718e-03
-1.654189379707626806e-03
-1.711325035444287348e-03
-1.705746824736568273e-03
-1.677582626332748197e-03
-1.698252737444819107e-03
-1.771668426749407627e-03
-1.773589485124430105e-03
-1.750833331889084391e-03
-1.751438343000898644e-03
-1.812530546654960578e-03
-1.818121058909970235e-03
-1.794403600858847890e-03
-1.853144421316537359e-03
-1.838935800349966732e-03
-1.862210800197605653e-03
-1.945523244423078349e-03
-1.917989867069329682e-03
-1.926990329420407572e-03
-1.919597569385020353e-03
-1.895286247019459074e-03
-1.904777739824449609e-03
-1.957125025830167096e-03
-1.998201016581625626e-03
-2.105069632866718877e-03
-2.080441454425509522e-03
-2.111455733897278815e-03
-2.075032373294220280e-03
-2.085510560861908620e-03
-2.056395248048223379e-03
-2.065162677769815259e-03
-2.173443412245409847e-03
-2.148382372305667962e-03
-2.171083488548932079e-03
-2.145148632638735169e-03
-2.251482445232247300e-03
-2.236845811420016573e-03
-2.207504289923794497e-03
-2.292019488702664014e-03
-2.288571070201469299e-03
-2.257396739509133672e-03
-2.358045775159243237e-03
-2.320607743248143291e-03
-2.362521362330024730e-03
-2.559833296242547060e-03
-2.471527677524622615e-03
-2.469555642515515199e-03
-2.506212020246944595e-03
-2.434905161116724358e-03
-2.448032762603611495e-03
-2.554738395402533606e-03
-1.906922749605922387e-03
-1.935665117384016178e-03
-1.938076558254228383e-03
-1.997255636430032670e-03
-2.013769312452072351e-03
-1.980828625772535802e-03
-2.029325967234725699e-03
-2.077578274138838429e-03
-2.169688083178757197e-03
-2.182320328049243766e-03
-2.188208657078099910e-03
-2.161840550234551874e-03
-2.171064623751457062e-03
-2.178604483223886903e-03
-2.166924476605238108e-03
-2.186709544259379107e-03
-2.184319029246934406e-03
-2.135651817773443276e-03
-2.158203820377226686e-03
-2.144701385522300875e-03
-2.206983641903494803e-03
-2.218244862951477062e-03
-2.204315445680440563e-03
-2.220279203340884844e-03
-2.209700260333687973e-03
-2.222264806818727116e-03
-2.221837293715146766e-03
-2.210779407284815638e-03
-2.222005685432934356e-03
-2.222842860662566436e-03
-2.229226122926128428e-03
-2.241210224036127747e-03
-2.231217225956538819e-03
-2.238229038693483747e-03
-2.223051832475364878e-03
-2.232311439296938080e-03
-2.235389395787970926e-03
-2.218783456054629170e-03
-2.226403274970570247e-03
-2.230075977901200754e-03
-2.212916984255503157e-03
-2.218206111816354263e-03
-2.223480715465790680e-03
-2.215172351493566952e-03
-2.202601821203814363e-03
-2.206929454271253262e-03
-2.213121424695319896e-03
-2.207303496321230945e-03
-2.217189409839753766e-03
-2.213381803032193201e-03
-2.210646363707159581e-03
-2.114528353052155286e-03
-2.192685165538588686e-03
-2.203834120033494430e-03
-2.196006435671051665e-03
-2.177036917032930743e-03
-2.179393927833661419e-03
-2.188561223188938143e-03
-2.161003915951662056e-03
-2.159328749025667300e-03
-2.171029362241581016e-03
-2.107315104660930326e-03
-2.126377036403788445e-03
-2.121676009453066225e-03
-2.141176304505696109e-03
-2.144130116834269423e-03
-2.063619523225768311e-03
-1.894489662599524796e-03
-1.939873914503948641e-03
-1.961370162228743066e-03
-1.859451770745229604e-03
-1.904353511590543488e-03
-1.927908428343566658e-03
-1.865114057164606130e-03
-1.785579190674868068e-03
2.175701399339901683e-20
0.000000000000000000e+00
-8.512036512318018309e-05
-2.581176493701916610e-04
-5.036858977221989053e-04
-4.261108942183082851e-04
-4.577927872075572210e-04
-7.023226159009491806e-04
-5.709391023563878138e-04
-8.245455367889426013e-04
-9.330676562229087926e-04
-1.030075220342323251e-03
-1.116243333007158793e-03
-1.195364337815175764e-03
-1.267675141846293183e-03
-1.364840636369536904e-03
-1.327648627525848841e-03
-1.333637772749560668e-03
-1.375355920834079324e-03
-1.417036415271047574e-03
-1.471552565003356270e-03
-1.521715988231135686e-03
-1.570399173710421582e-03
-1.612068611698062783e-03
-1.671510163187777710e-03
-1.651181002497423105e-03
-1.644232676339228792e-03
-1.664827433790394464e-03
-1.682246403863864748e-03
-1.735521043564721561e-03
-1.713672176830751716e-03
-1.732889665863563767e-03
-1.720289464724836584e-03
-1.792599435808665386e-03
-1.771383271116776020e-03
-1.771608252017954285e-03
-1.751270898364646863e-03
-1.833479501009666751e-03
-1.894178396740050802e-03
-1.873716614269066048e-03
-1.882512199582248111e-03
-1.931927016946514888e-03
-1.905854268893574085e-03
-1.999529766699746549e-03
-1.984189692977947079e-03
-1.972332789792017628e-03
-2.013462881175787436e-03
-2.165754832322608174e-03
-2.135299113375314136e-03
-2.141222456330245209e-03
-2.095250796089470277e-03
-2.059804566278573227e-03
-2.043268640835266357e-03
-2.072119384302615209e-03
-2.210592451969761469e-03
-2.169331576050042339e-03
-2.267849774571895505e-03
-2.325066023635820930e-03
-2.461006842114559466e-03
-2.408652867693317646e-03
-2.415227876111157839e-03
-2.536338381321079707e-03
-2.486534735241071031e-03
-1.916525498911056218e-03
-1.940475665576217069e-03
-1.911748187142736860e-03
-1.957017006327972566e-03
-2.028777856653940764e-03
-2.045089278472350149e-03
-2.012948181705662316e-03
-2.060853442064286729e-03
-2.168366267909323762e-03
-2.165803873107851642e-03
-2.148855650109510358e-03
-2.175363080701311555e-03
-2.188312348753177795e-03
-2.171272528100181773e-03
-2.191019534832883923e-03
-2.208512574859101876e-03
-2.210580142988547402e-03
-2.210074415822510779e-03
-2.221483119964299570e-03
-2.210614950520135326e-03
-2.219447597684730961e-03
-2.226361098494012043e-03
-2.221257261732762552e-03
-2.216162676759947381e-03
-2.208226947568627929e-03
-2.199969407032372620e-03
-2.209499449349371265e-03
-2.205611643633924486e-03
-2.192930038149503574e-03
-2.201846090967875952e-03
-2.198014948998406638e-03
-2.203292594277747162e-03
-2.200429971613160861e-03
-2.095559874096064503e-03
-2.094526572246360741e-03
-2.115703306365633411e-03
-2.186076355564071580e-03
-2.169949310744189504e-03
-2.140600293523543460e-03
-2.150997118761388289e-03
-2.148244730184527100e-03
-2.062324595796436420e-03
-2.087873667369301821e-03
-2.077766128945888243e-03
-2.093625908478477776e-03
-2.110488173989948524e-03
-2.103250301386126644e-03
-2.133368011589305106e-03
-2.039264944295394316e-03
-1.872532575593708649e-03
-1.952561091771026335e-03
-1.925719876554574366e-03
-1.989048922848791080e-03
-1.679093695861897176e-03
-1.778507019161270145e-03
-1.769272733303578135e-03
-1.689685311317058736e-03
-1.878021861988237633e-04
-9.578983848675797234e-05
-1.778663946310866462e-04
-3.535876783982925533e-04
-2.624926260551818376e-04
-3.495554429003597621e-04
-4.312167305826273807e-04
-8.061202783769853223e-04
-7.865909120030488075e-04
-7.217358854092589728e-04
-6.848975587810119791e-04
-5.965304652145709229e-04
-6.594090880293959622e-04
-9.185723028779454753e-04
-8.441925579160030127e-04
-8.989229912381689353e-04
-1.016624537325718468e-03
-9.490063435545429554e-04
-1.000658652623183549e-03
-1.103579400458960628e-03
-1.044840390307150320e-03
-1.088713329674458139e-03
-1.184355660777133747e-03
-1.129730054335634747e-03
-1.170747756669899674e-03
-1.261255651732569576e-03
-1.209810245465557134e-03
-1.246843779398563567e-03
-1.347352288943017744e-03
-1.324015298491471124e-03
-1.289706337566186647e-03
-1.394327836061990799e-03
-1.347931882946689849e-03
-1.379408019503781339e-03
-1.443484736119081142e-03
-1.404111387332522380e-03
-1.415107214313913921e-03
-1.445141556120666708e-03
-1.507123310810082502e-03
-1.501339991179310909e-03
-1.477613613633641529e-03
-1.557995006792448501e-03
-1.552715886546961795e-03
-1.527054390244057683e-03
-1.608216288784947113e-03
-1.578210585614598944e-03
-1.600505902214198863e-03
-1.647007919021368366e-03
-1.638960406984611012e-03
-1.620115552119613580e-03
-1.684099552894728147e-03
-1.677432938355478791e-03
-1.657780581393190726e-03
-1.708516713166612121e-03
-1.689643913625766625e-03
-1.683757241134282599e-03
-1.706070361162691403e-03
-1.753802507182541243e-03
-1.746728423142253350e-03
-1.740795274107846940e-03
-1.725859377673764601e-03
-1.807241332349651935e-03
-1.790023221704709240e-03
-1.810076996131004812e-03
-1.789902532436023121e-03
-1.839952484445708542e-03
-1.826928222265607193e-03
-1.846736121149356469e-03
-1.871112763481348317e-03
-1.862848138836767885e-03
-1.882102933075903732e-03
-1.970174802266730796e-03
-1.957849320430449756e-03
-1.944128607198299715e-03
-1.931934953324293373e-03
-1.925274775763018750e-03
-1.912466731137185119e-03
-1.984538075769571273e-03
-2.028659434800110344e-03
-2.141634129472846839e-03
-2.123672090275217916e-03
-2.153342183759962038e-03
-2.113566385122079075e-03
-2.110985000129541461e-03
-2.097487906692343043e-03
-2.084110332073078366e-03
-2.225486088596351220e-03
-2.236523141502230749e-03
-2.199091022512903240e-03
-2.195738109290541491e-03
-2.325268588620393005e-03
-2.287392512627229365e-03
-2.307553594856169912e-03
-2.340522987840608186e-03
-2.399807168432563365e-03
-2.382363576429734862e-03
-2.433313191453107590e-03
-1.844674066390459242e-03
-1.880756942548527863e-03
-1.875908025569613616e-03
-1.963818617611319713e-03
-1.980410372562930316e-03
-1.940244735319027712e-03
-1.996133400324031065e-03
-2.053592539686745731e-03
-2.073078389742188075e-03
-2.041209305406359482e-03
-2.140212753162688310e-03
-2.153470427638970452e-03
-2.154961859190686422e-03
-2.129313157284455291e-03
-2.149577005053792192e-03
-2.145565669773210737e-03
-2.132706039237498071e-03
-2.146948796331042426e-03
-2.160920442046137743e-03
-2.156881380776583257e-03
-2.182673898659467579e-03
-2.194657491184219197e-03
-2.179006426452222318e-03
-2.196178807797369813e-03
-2.186959544183897201e-03
-2.199051264616222641e-03
-2.198533929015415722e-03
-2.188952824550398097e-03
-2.199531392889024495e-03
-2.200084597012364179e-03
-2.206845761797402317e-03
-2.208525022120496218e-03
-2.217887009311791773e-03
-2.214920107555941146e-03
-2.201443694491397526e-03
-2.212351802632558061e-03
-2.210262138063115792e-03
-2.200475176029792652e-03
-2.206914897185103478e-03
-2.209763735663680152e-03
-2.194442114192183494e-03
-2.198747611565371289e-03
-2.203903476923408430e-03
-2.196098677385825877e-03
-2.185665224725409986e-03
-2.189243572897453007e-03
-2.194437275031860170e-03
-2.187872570922286871e-03
-2.197235604605170690e-03
-2.193894431784399520e-03
-2.190246957340962440e-03
-2.074614773122747911e-03
-2.112780502021776013e-03
-2.174151049926205566e-03
-2.183887922100604881e-03
-2.176036767724929318e-03
-2.159343163279404520e-03
-2.168805331179812085e-03
-2.161130308110546881e-03
-2.149498532085692467e-03
-2.154459786593255002e-03
-2.144157861546609062e-03
-2.074871152307824172e-03
-2.107666922209792699e-03
-2.100497985645888906e-03
-2.118683523070802495e-03
-2.125582706991756797e-03
-2.009761758951142049e-03
-1.708454286057088482e-03
-1.782178150216808324e-03
-1.801471974328221204e-03
-1.779964372597647379e-03
-1.836100936365010067e-03
-1.872406715065591878e-03
-1.691999112775152518e-03
0.000000000000000000e+00
3.536956877271584101e-20
-9.619665879197022052e-05
-2.733773306349139738e-04
-5.480370578055763229e-04
-4.533031755332707054e-04
-5.261995655695036458e-04
-8.644119752248437391e-04
-7.479847719568826804e-04
-6.194065983473885347e-04
-9.691727029629513277e-04
-1.061291982345864606e-03
-1.144914776989156956e-03
-1.223625260622705595e-03
-1.304261731129021610e-03
-1.369717772794588635e-03
-1.418695502266035385e-03
-1.506235528046598500e-03
-1.474932033398444363e-03
-1.476832301287078590e-03
-1.532938366862154553e-03
-1.506244360169114050e-03
-1.583555990521832903e-03
-1.627940392527989742e-03
-1.665891992390445935e-03
-1.719713532533941524e-03
-1.701923046736384879e-03
-1.695205932477372637e-03
-1.713342837167537627e-03
-1.742726432826430076e-03
-1.723797445136310193e-03
-1.725198436533972434e-03
-1.772969817836787115e-03
-1.772230607133564850e-03
-1.754619708050397624e-03
-1.743899183059055037e-03
-1.759895148867276181e-03
-1.824369501552205747e-03
-1.803131666406005817e-03
-1.805267557871904644e-03
-1.787849908948308756e-03
-1.856398699263929518e-03
-1.902583872041153923e-03
-1.898009639768315562e-03
-1.887167423089682137e-03
-1.949784332535727449e-03
-1.916307175344751212e-03
-2.014954700284130821e-03
-2.006865683704107256e-03
-1.991509626255191616e-03
-2.036068158577987799e-03
-2.200141483673187081e-03
-2.170049988992990651e-03
-2.181180739863070560e-03
-2.125546115327657873e-03
-2.098033933262149001e-03
-2.078393559719683790e-03
-2.104370552454923327e-03
-2.290587242235132305e-03
-2.268336054135621036e-03
-2.256763047852961349e-03
-2.211194143396720373e-03
-2.304233858722444430e-03
-2.362537878526296039e-03
-1.846758999007575876e-03
-1.845781501382231420e-03
-1.881698959489523214e-03
-1.899496369855453205e-03
-1.908021515780125620e-03
-1.931594882582061707e-03
-1.999468373080601907e-03
-2.013960480341023002e-03
-1.981622844172681568e-03
-2.026410843737282488e-03
-2.120567436675792165e-03
-2.143943780123043139e-03
-2.130360239638245425e-03
-2.134851780272221944e-03
-2.152158543677232944e-03
-2.163569995082957609e-03
-2.149592857380512589e-03
-2.133847236028644460e-03
-2.167230518103936080e-03
-2.185011783991155573e-03
-2.188355514916414529e-03
-2.189316822982972748e-03
-2.199455825432695619e-03
-2.189323482890074245e-03
-2.197841484534739879e-03
-2.204211367795090581e-03
-2.201301380594249818e-03
-2.197903289068654613e-03
-2.190575769661646209e-03
-2.182550103453943877e-03
-2.190934959961066651e-03
-2.187735902838766101e-03
-2.177612424637768735e-03
-2.184973559372700713e-03
-2.181914276818030379e-03
-2.184783806997500112e-03
-2.181437996352121080e-03
-2.078915738900392884e-03
-2.087204822172269991e-03
-2.066343128401392382e-03
-2.104116047317662434e-03
-2.167771265943597633e-03
-2.154448005842024561e-03
-2.134471273775203227e-03
-2.137454589891498932e-03
-2.142117208801417802e-03
-2.027559420221721961e-03
-2.062937881325518138e-03
-2.046751342014995617e-03
-2.066236969785803252e-03
-2.077841795074421641e-03
-2.087804535567707332e-03
-2.122231420944249540e-03
-1.993060023341544900e-03
-1.743083248093840916e-03
-1.867952824750705211e-03
-1.819428577748543989e-03
-1.907301767224964034e-03
-2.546157394790145626e-04
-1.281007609170782850e-04
-2.200976216517634492e-04
-3.922014930910587690e-04
-2.921027809478020615e-04
-3.732867861578627300e-04
-4.733434978729545448e-04
-9.532305665004705631e-04
-8.813922722105921141e-04
-9.361590596091630846e-04
-8.484338724127201900e-04
-7.688015575171559769e-04
-8.276124708238624585e-04
-7.306782049163833542e-04
-6.419727686429782445e-04
-7.081967116822317221e-04
-1.047664115303306850e-03
-9.844282838791843480e-04
-1.032347629311634570e-03
-1.132356316082655653e-03
-1.118085666769313372e-03
-1.075427849966692192e-03
-1.208796217714629573e-03
-1.196662027674260482e-03
-1.156919552683066156e-03
-1.279888970453308718e-03
-1.232682265958393465e-03
-1.270561903100942032e-03
-1.350924873631198292e-03
-1.348133053187425875e-03
-1.306663441743820568e-03
-1.434453149944244551e-03
-1.414273743800609608e-03
-1.390648265140336307e-03
-1.469411295520983013e-03
-1.456497297144125234e-03
-1.431797438443437216e-03
-1.521862946438867943e-03
-1.482982358282123464e-03
-1.513741786178138087e-03
-1.554506369667432719e-03
-1.531146496818958959e-03
-1.556164060187650508e-03
-1.530409411561085061e-03
-1.612960581441898406e-03
-1.610576212954523655e-03
-1.585955935456418494e-03
-1.659460118680860900e-03
-1.653258914114910834e-03
-1.634194160539651939e-03
-1.696886352452937376e-03
-1.690515747754661648e-03
-1.672231800642226497e-03
-1.731706240877494991e-03
-1.708220390910194500e-03
-1.725359333494295641e-03
-1.752364292085605013e-03
-1.735655858657716771e-03
-1.729968897032194749e-03
-1.746643789721110101e-03
-1.788672235169873857e-03
-1.775733846979913114e-03
-1.758699028030198674e-03
-1.760659186470996552e-03
-1.773811197024642398e-03
-1.830429851704523051e-03
-1.819520673177131478e-03
-1.835322983041738631e-03
-1.817505047431253445e-03
-1.855484957000658099e-03
-1.848537708138271469e-03
-1.863507717736142145e-03
-1.881455215745666317e-03
-1.891004014301108857e-03
-1.876470810491226524e-03
-1.963838914073053662e-03
-1.967414820696520954e-03
-1.947771636164563136e-03
-1.935564653305765900e-03
-1.933579636983658034e-03
-1.918118655928299429e-03
-1.999464271879022176e-03
-1.984163223433591666e-03
-2.006702503395209596e-03
-2.047057174470818131e-03
-2.030283190217658379e-03
-2.053248637641304480e-03
-2.153254152638847153e-03
-2.174463567199135059e-03
-2.148245675815163395e-03
-2.131490843122040707e-03
-2.071854069843569873e-03
-2.125490673813461903e-03
-2.243879009999184913e-03
-2.264553352500915922e-03
-2.236892833747424272e-03
-2.222376679602097987e-03
-2.329155605346441664e-03
-2.309871423790609175e-03
-2.332545694159251885e-03
-2.369814984065052137e-03
-1.782959083057095249e-03
-1.814933369109556199e-03
-1.813888198554801986e-03
-1.873231065737621017e-03
-1.939804751595932027e-03
-1.919735998212342316e-03
-1.951655124798574743e-03
-1.969487737380440796e-03
-2.028773686864985236e-03
-2.041040756178955431e-03
-2.014132388352470049e-03
-2.102543631537655191e-03
-2.111903736558029890e-03
-2.121316272298333881e-03
-2.116104121357149752e-03
-2.117294381262807383e-03
-2.134831016445650625e-03
-2.132075166725530720e-03
-2.118954119136725375e-03
-2.160723780653191206e-03
-2.171501691200260816e-03
-2.156419419097790023e-03
-2.173838303507796138e-03
-2.166448416353092266e-03
-2.177895564225799767e-03
-2.176905876012599512e-03
-2.169746032464053322e-03
-2.179571175274176622e-03
-2.179525077647508947e-03
-2.185398245636239502e-03
-2.187510896631278054e-03
-2.196042373152305108e-03
-2.193637062714621708e-03
-2.189245468434649830e-03
-2.195231324234249871e-03
-2.194856477921484309e-03
-2.184799986020038477e-03
-2.189773629844706665e-03
-2.192800783495739599e-03
-2.178938815839337982e-03
-2.182523904862788446e-03
-2.186926257503065373e-03
-2.179711039876070736e-03
-2.172461052858687142e-03
-2.174964906985833810e-03
-2.179324598314760861e-03
-2.172441887451981909e-03
-2.177494189926615104e-03
-2.179775357543406455e-03
-2.173262023028548276e-03
-2.053700548138417785e-03
-2.090906895093306780e-03
-2.161998873492638508e-03
-2.160919965571028809e-03
-2.168594711040500167e-03
-2.148560491370864883e-03
-2.149642316387911315e-03
-2.154596025124815364e-03
-2.142657265692556566e-03
-2.047336984546871842e-03
-2.088217680388198758e-03
-2.099388580888813388e-03
-2.073925059804284255e-03
-2.118737628538078233e-03
-2.127391933021923788e-03
-2.112822609510687458e-03
-1.983414316721415771e-03
-1.973541236184776695e-03
-2.011562705520775641e-03
-1.930033008436545135e-03
0.000000000000000000e+00
0.000000000000000000e+00
-1.275680420777161985e-04
-3.249965892275344164e-04
-5.980223141884764794e-04
-5.735211982623020970e-04
-4.977656385563480456e-04
-1.002028359678776206e-03
-9.029025041320865768e-04
-7.922742526143746605e-04
-6.677682261713224548e-04
-1.091198301352327244e-03
-1.171464528065583113e-03
-1.245021114511597922e-03
-1.316116943063961112e-03
-1.428178681398026111e-03
-1.387382197080164626e-03
-1.389823124242851133e-03
-1.430686688006464757e-03
-1.451935987856979061e-03
-1.495916835259634373e-03
-1.572902758233266692e-03
-1.547421343493614408e-03
-1.539211270526255875e-03
-1.584178447734451616e-03
-1.563406512751839943e-03
-1.636596365316537582e-03
-1.678473450269736414e-03
-1.714607320679704516e-03
-1.763657128465591969e-03
-1.747684674746975957e-03
-1.741316488462573472e-03
-1.757262435445262633e-03
-1.781752562734560934e-03
-1.766626836376988374e-03
-1.761716354192224138e-03
-1.803377557370112842e-03
-1.788807130671440579e-03
-1.803327922404989164e-03
-1.777679178632598188e-03
-1.789625558462720496e-03
-1.843847212560137915e-03
-1.826673151708623107e-03
-1.815569288807243695e-03
-1.828655889163585419e-03
-1.868545667615572519e-03
-1.903086692273169792e-03
-1.902621457844249665e-03
-1.891475156478292447e-03
-1.981327810018964838e-03
-1.949466405598302299e-03
-1.918177801972181015e-03
-2.022154997230447490e-03
-2.203444248893481061e-03
-2.178623433080729456e-03
-2.199761044907829789e-03
-2.072014844717207701e-03
-2.059147718386917549e-03
-2.084909678361333493e-03
-2.116022674025835534e-03
-2.135095496724432468e-03
-2.107504268547141183e-03
-2.274743364298077459e-03
-2.262253490532576457e-03
-2.283101323443053644e-03
-2.222022717475880937e-03
-2.302385504998617684e-03
-1.791771396758590554e-03
-1.819262849756358037e-03
-1.787391678298215275e-03
-1.847423715884328327e-03
-1.847173264837890898e-03
-1.873463798749938278e-03
-1.879937012459117433e-03
-1.889740370673472164e-03
-1.909771877614097491e-03
-1.974569498249818811e-03
-1.986868044423602958e-03
-1.957173084769164764e-03
-2.001516543990700201e-03
-2.075807684988367936e-03
-2.098377187794635973e-03
-2.089384145820270041e-03
-2.133067573239809996e-03
-2.142436515032829919e-03
-2.125346208741738050e-03
-2.088993949168641614e-03
-2.104976283604048821e-03
-2.103409609571668844e-03
-2.146687750665706232e-03
-2.163784044326988454e-03
-2.168512977876592678e-03
-2.170961922016464811e-03
-2.170547261313203816e-03
-2.179960953654025858e-03
-2.178102250869246720e-03
-2.187312853161261974e-03
-2.187180504436847701e-03
-2.182255006438727288e-03
-2.176177006625298893e-03
-2.169713044176386271e-03
-2.175809170612705290e-03
-2.173658483092209218e-03
-2.167107786534305715e-03
-2.172102236531740348e-03
-2.170031154197859125e-03
-2.170622732412284990e-03
-2.167672231899135139e-03
-2.054491279495385472e-03
-2.066735742952327797e-03
-2.041809107810608429e-03
-2.078677428978235441e-03
-2.156230380432350852e-03
-2.157744952638430448e-03
-2.159755140554776333e-03
-2.152662263959787686e-03
-2.145573271869627083e-03
-2.148389096956624701e-03
-2.140528020002876140e-03
-2.031170169953355319e-03
-2.102835595508928575e-03
-2.054977430419128656e-03
-2.056958455559661832e-03
-2.072377772627993948e-03
-2.141208789976685109e-03
-2.137944063602791565e-03
-2.131430184976469168e-03
-1.981244688109671734e-03
-1.917982508940760996e-03
-1.980797045431042461e-03
-2.394247323011675576e-04
-2.460230677813450974e-04
-1.213225503543696770e-04
-4.678279343404873904e-04
-4.297949662248414546e-04
-3.608354861812288991e-04
-5.356696630921852290e-04
-1.076118917664781877e-03
-1.015894625256040561e-03
-1.062049211534467699e-03
-9.870425199037849949e-04
-9.193869368088284375e-04
-9.703571470849053785e-04
-8.885128179393192958e-04
-8.118731801172318499e-04
-8.687931324188806308e-04
-7.772757647213229554e-04
-6.910570224382746752e-04
-7.544618537917023755e-04
-1.158110612820044882e-03
-1.103841678471162652e-03
-1.145377350663662978e-03
-1.233142914351651256e-03
-1.183478024652958888e-03
-1.221117052772765187e-03
-1.298099896698648968e-03
-1.253743942280143974e-03
-1.288873518635694129e-03
-1.366484186497219418e-03
-1.323738417236257998e-03
-1.358736412416546371e-03
-1.432808409636169861e-03
-1.392445203195151644e-03
-1.429980511059956907e-03
-1.488945866073236547e-03
-1.458319099036166876e-03
-1.461500105316631409e-03
-1.479010030594783438e-03
-1.536786687905949489e-03
-1.503313605763221747e-03
-1.529364425463336508e-03
-1.585895309271100409e-03
-1.554116275353283928e-03
-1.579116353117139462e-03
-1.617341509985688233e-03
-1.586251093705093491e-03
-1.615155880040982208e-03
-1.595112935704614578e-03
-1.667381407287857418e-03
-1.663420710766929126e-03
-1.640512147019032368e-03
-1.709312211931721462e-03
-1.684672932411106997e-03
-1.703136302763847906e-03
-1.743249021732795351e-03
-1.720306952620265662e-03
-1.737506652219230653e-03
-1.774995835974664191e-03
-1.753634779580740682e-03
-1.769004654261426088e-03
-1.791766097280711456e-03
-1.771632337333494452e-03
-1.777353372180396924e-03
-1.785897945974215459e-03
-1.815725209791733269e-03
-1.807727215392213472e-03
-1.794279114720950591e-03
-1.791180268008854982e-03
-1.805070382645772471e-03
-1.847482243370513312e-03
-1.839735452224292630e-03
-1.851618862140972733e-03
-1.837916680593206344e-03
-1.864710764119504108e-03
-1.861023924059132875e-03
-1.872361280102446566e-03
-1.893182686651974193e-03
-1.887013573323778528e-03
-1.897884037724340868e-03
-1.978827466784691038e-03
-1.970806945781328982e-03
-1.988993996595032725e-03
-1.956221892308963005e-03
-1.917261579924740573e-03
-1.909697815919015641e-03
-1.926191705112927956e-03
-2.024535793661030175e-03
-2.011476021226856099e-03
-2.035630760784091185e-03
-2.155576342121757766e-03
-2.156648171990899979e-03
-2.178464201354579459e-03
-2.047820119101428915e-03
-2.094463909055516593e-03
-2.137858278756677756e-03
-2.218499459658610732e-03
-2.237626801449351267e-03
-2.250506021743521254e-03
-2.210971854275863100e-03
-1.721429635164832203e-03
-1.756646942931662601e-03
-1.752268091860030184e-03
-1.819612010371543000e-03
-1.863705747006485537e-03
-1.917007070115387540e-03
-1.928273385843604776e-03
-1.898482010661349355e-03
-1.945647535119300218e-03
-2.004432679036916107e-03
-2.016452309286757404e-03
-1.989496660743246895e-03
-2.065516148400334002e-03
-2.082782943276744077e-03
-2.105981629098309729e-03
-2.111629697707330128e-03
-2.119334060396709830e-03
-2.077786913780018101e-03
-2.097621766730866765e-03
-2.083659181778313180e-03
-2.142591727847137275e-03
-2.137836579566738514e-03
-2.151476444872817227e-03
-2.154515747654759793e-03
-2.149106626926751851e-03
-2.157974507283551540e-03
-2.159614102018535351e-03
-2.153510306571305207e-03
-2.161828313072185984e-03
-2.162173366841556137e-03
-2.168496010282179847e-03
-2.169807151327393917e-03
-2.176884628214588880e-03
-2.175507738046502087e-03
-2.182257915302351220e-03
-2.180503941223154406e-03
-2.180146508444688255e-03
-2.171673898242747376e-03
-2.178436122511711454e-03
-2.175482229605059208e-03
-2.167778473956247925e-03
-2.173568957675136963e-03
-2.170296737590615265e-03
-2.168091092216622821e-03
-2.164121958235310297e-03
-2.168477226579187955e-03
-2.165545471424838459e-03
-2.163361488108412126e-03
-2.166512425127184536e-03
-2.167601133356217898e-03
-2.162668564485825673e-03
-2.029455004189561346e-03
-2.160879223974520019e-03
-2.161475289217994547e-03
-2.158548923596186227e-03
-2.156918261249516668e-03
-2.152628944105625889e-03
-2.156956860495029202e-03
-2.144042627184335366e-03
-2.151225246094989971e-03
-2.020199425397554288e-03
-2.117680180477607942e-03
-2.103369857488194931e-03
-2.120891258201073985e-03
-2.086909939332851592e-03
-2.150767061551873451e-03
-2.137658345389074292e-03
-2.147965856878797028e-03
-2.018111059264185089e-03
0.000000000000000000e+00
0.000000000000000000e+00
-1.205503020310832248e-04
-4.494100776243256093e-04
-3.493038393052966760e-04
-3.439082120892351458e-04
-4.557499814530141047e-04
-6.454881617749441865e-04
-5.592146322669457655e-04
-6.212292356799494581e-04
-1.118179348867573680e-03
-1.033033925326569966e-03
-9.398509970633829157e-04
-8.358428827759601309e-04
-7.154442475426465130e-04
-1.196415040759200637e-03
-1.266111762340526095e-03
-1.332828022777549689e-03
-1.400156048794265126e-03
-1.493117384766954594e-03
-1.463078078870169762e-03
-1.460284800662303879e-03
-1.490426393585883493e-03
-1.512895989184956380e-03
-1.561600104925151260e-03
-1.632613076523916750e-03
-1.602511130635719729e-03
-1.609268297902008470e-03
-1.642703507594205515e-03
-1.624802770076567461e-03
-1.688637411346386417e-03
-1.726529796447301424e-03
-1.759412956830219785e-03
-1.802514003342329304e-03
-1.782738258707280282e-03
-1.788704714443273757e-03
-1.796442844636558052e-03
-1.815999875791347428e-03
-1.798397970498732349e-03
-1.803538209832502865e-03
-1.828352671948061964e-03
-1.816479360951637253e-03
-1.827583769570176493e-03
-1.810924144274379984e-03
-1.818135665757401702e-03
-1.857021928737353014e-03
-1.846240009849654373e-03
-1.837155569007974023e-03
-1.846939831924136483e-03
-1.877541418516449293e-03
-1.879493245422655598e-03
-1.871973323635541626e-03
-1.885020421748208243e-03
-1.904460543058177167e-03
-2.000971640369168976e-03
-1.952746550358948948e-03
-1.943696979872438146e-03
-1.965536909897356178e-03
-1.934197345923077422e-03
-2.175002107243727452e-03
-2.167811960626533137e-03
-2.191355994910420841e-03
-2.042580375059707687e-03
-2.033700920766002770e-03
-2.057454250447038335e-03
-2.084410767570251365e-03
-2.099546307164479059e-03
-2.077692330487222131e-03
-2.115419909137522536e-03
-2.116769207828164516e-03
-2.135590050864075683e-03
-2.198883600292844080e-03
-1.741928319577092229e-03
-1.731561663387298604e-03
-1.766728589194356677e-03
-1.818325583174017299e-03
-1.832896103486085677e-03
-1.805172334307462642e-03
-1.849127444334116048e-03
-1.856216230300959235e-03
-1.886571018702160995e-03
-1.868156154380322268e-03
-1.951312973913067565e-03
-1.962801424439559149e-03
-1.934158836203590370e-03
-1.977714570017211158e-03
-2.030987229419868242e-03
-2.053543561483741134e-03
-2.042909847836181774e-03
-2.052767247215406612e-03
-2.071005236228536193e-03
-2.064483597726350823e-03
-2.116758096120731868e-03
-2.124758073821500590e-03
-2.111421502026562293e-03
-2.091887182145454709e-03
-2.065678325599211700e-03
-2.129488715961886259e-03
-2.146041629466966406e-03
-2.151695145129502509e-03
-2.155714379102529298e-03
-2.154794436061637126e-03
-2.163112424972708954e-03
-2.161934357979925555e-03
-2.171921355889990923e-03
-2.173784707972259596e-03
-2.170110869137896036e-03
-2.166306321396309527e-03
-2.163190268611328224e-03
-2.165165097006970310e-03
-2.166250574383246034e-03
-2.162513143721262777e-03
-2.164679195696515065e-03
-2.163487725863780069e-03
-2.163025063923627520e-03
-2.162098168916563347e-03
-2.017873781472166814e-03
-2.165524497451777955e-03
-2.160970279797834112e-03
-2.163271972519008497e-03
-2.161579138413087259e-03
-2.163061040221961589e-03
-2.154478926810613967e-03
-2.155641676688519262e-03
-2.161278738509321388e-03
-2.140718503375271808e-03
-2.098056845207085797e-03
-2.072234279753102249e-03
-2.111206258494499697e-03
-2.160503381789144819e-03
-2.035367908598359477e-03
-2.891338410029138054e-04
-1.451232131321520227e-04
-2.640975409172910231e-04
-4.478270740477323895e-04
-4.465131574899283240e-04
-3.473831878300957603e-04
-5.472564210831941172e-04
-1.177396053646984683e-03
-1.127417871743946910e-03
-1.167798943000091265e-03
-1.101900572321208062e-03
-1.089095831296625497e-03
-1.045408075246941114e-03
-1.019417947062974160e-03
-1.003391321933457935e-03
-9.554548449490930101e-04
-9.276078836290742053e-04
-9.083018842042605125e-04
-8.547376483973422728e-04
-8.260538095669872193e-04
-7.405422020024995380e-04
-8.022283066357690671e-04
-1.250130353712669952e-03
-1.204758633838609420e-03
-1.241760315627537517e-03
-1.316210154488448242e-03
-1.274980966203946272e-03
-1.307152666651484026e-03
-1.380608910235424759e-03
-1.339728527275160048e-03
-1.373596107013707723e-03
-1.441553742502900241e-03
-1.404332394534132467e-03
-1.437198883748679263e-03
-1.498702372500499390e-03
-1.465983161554793761e-03
-1.495561197006331673e-03
-1.547798872718353282e-03
-1.520297873621564511e-03
-1.518196127559488014e-03
-1.542156073074480533e-03
-1.596598877381023157e-03
-1.566872754050591034e-03
-1.591260763906713650e-03
-1.643137933434488584e-03
-1.614685955697939008e-03
-1.637677892787339860e-03
-1.677495508256389000e-03
-1.647660040713255260e-03
-1.672486213299810912e-03
-1.655079237087459746e-03
-1.718781152718524413e-03
-1.693316558495466286e-03
-1.714078985681538082e-03
-1.753555276336071604e-03
-1.731613257844889439e-03
-1.748412109769358503e-03
-1.786539434427482451e-03
-1.765110619608539246e-03
-1.780781551566088319e-03
-1.814110168122932965e-03
-1.794746956639508987e-03
-1.807985276464094473e-03
-1.829900061509857293e-03
-1.816051593949982463e-03
-1.810518020894214420e-03
-1.822327721958890128e-03
-1.838026376042280630e-03
-1.836072624912925885e-03
-1.821358241565092500e-03
-1.825631983479562414e-03
-1.831764977511683191e-03
-1.860207376835694166e-03
-1.862680878534468936e-03
-1.854645389183907575e-03
-1.854028557722940066e-03
-1.873199274005446675e-03
-1.869273640289861567e-03
-1.875118598266951441e-03
-1.883862039149801276e-03
-1.880461190228458791e-03
-1.888402168427078236e-03
-1.900993027443181535e-03
-1.896702919754445459e-03
-1.908909358366218077e-03
-1.994895117419771390e-03
-1.986647179176811648e-03
-2.009700029484694749e-03
-1.973298328376610258e-03
-1.929766612198259394e-03
-1.922974178314197646e-03
-1.941042750300569098e-03
-2.140058676559109321e-03
-2.149212073269392894e-03
-2.155578189462967025e-03
-2.018855366462057269e-03
-2.063305316946139993e-03
-2.100242874204136159e-03
-2.129141682668585049e-03
-1.659751183053854301e-03
-1.700897805049414978e-03
-1.690752026736486082e-03
-1.780195847568360155e-03
-1.837349877613739333e-03
-1.894108843271763648e-03
-1.905433496850684940e-03
-1.875215929721519344e-03
-1.922580990073833153e-03
-1.982314624066465383e-03
-1.993224014070663509e-03
-1.966809429183165054e-03
-2.042221622878306973e-03
-2.088159188414893518e-03
-2.102386674316074257e-03
-2.097219434573733329e-03
-2.083131333396996861e-03
-2.033407413274921326e-03
-2.055764617503543813e-03
-2.043236784628882623e-03
-2.127024733775620489e-03
-2.134639509333042563e-03
-2.121907057614538707e-03
-2.138063423448565217e-03
-2.134739679793487208e-03
-2.144270669090445145e-03
-2.142079611269898706e-03
-2.140374104219625127e-03
-2.147088829192727623e-03
-2.148002856127994870e-03
-2.156025918629884616e-03
-2.162093357629284607e-03
-2.155861060631616283e-03
-2.164548945692990577e-03
-2.169966331566374786e-03
-2.166576316979130362e-03
-2.168100852385293487e-03
-2.162424954372531120e-03
-2.167212039107249081e-03
-2.165228979299807857e-03
-2.161027773934818836e-03
-2.162667673028845390e-03
-2.164512883813799870e-03
-2.162716921321099564e-03
-2.161163908218846717e-03
-2.161788331212321015e-03
-2.162681043016123714e-03
-2.163109375516215210e-03
-2.163177581190655133e-03
-2.163188942300394747e-03
-2.162014188972383177e-03
-2.006644584485834867e-03
-2.170727390151882055e-03
-2.168128980748095652e-03
-2.165468983515506270e-03
-2.180758815642393992e-03
-2.169436793516732204e-03
-2.173208747815989512e-03
-2.173376920677101698e-03
-2.193317300833678464e-03
-2.158716781241875639e-03
-2.175460779950944695e-03
-2.204634642115729098e-03
-2.145902282083044735e-03
-2.158569125313866861e-03
-2.192863347691855966e-03
-2.179159100578817801e-03
-2.172521633412216949e-03
0.000000000000000000e+00
0.000000000000000000e+00
-1.438063865348566516e-04
-3.748727539815573085e-04
-6.688938036326837764e-04
-5.608566741043869873e-04
-5.585158724913949838e-04
-6.562369458919998545e-04
-1.214342655457001808e-03
-1.140278433965139209e-03
-1.061718440088151808e-03
-9.753790788187209322e-04
-8.798375659989090495e-04
-7.535070246428532360e-04
-1.283575599328255767e-03
-1.348692993282373095e-03
-1.411314019715975265e-03
-1.470305354430882956e-03
-1.554047807764795397e-03
-1.526436433443139826e-03
-1.523462946746440092e-03
-1.550648924028099219e-03
-1.572222579325051979e-03
-1.620036137101469979e-03
-1.686770531129724599e-03
-1.664980186656758124e-03
-1.659530892751903209e-03
-1.698381611734694910e-03
-1.682001972850569876e-03
-1.736367705508861346e-03
-1.770261411674571139e-03
-1.800516965260691091e-03
-1.835581039514361159e-03
-1.818845260004282351e-03
-1.824899599791733693e-03
-1.832385419617585214e-03
-1.846131670333718208e-03
-1.830672634317206601e-03
-1.837771910191278446e-03
-1.851225687982838630e-03
-1.840367123474861283e-03
-1.848796275087627797e-03
-1.840303241388669200e-03
-1.843745536256304485e-03
-1.866980755397909444e-03
-1.863234384266141113e-03
-1.855385899165506568e-03
-1.861816329872227269e-03
-1.878061666189000979e-03
-1.891861062689479366e-03
-1.914514989085039105e-03
-1.967688108789635709e-03
-1.960163931455306992e-03
-1.981415243229131973e-03
-1.948319159459630402e-03
-2.009335063298127270e-03
-2.026586578561492477e-03
-2.002846029581620974e-03
-2.069438795588552770e-03
-2.057049293663629902e-03
-2.077949093009896168e-03
-2.093595426678341708e-03
-2.105628139526457675e-03
-2.113475449842508371e-03
-2.121997234046484482e-03
-1.673795121767766717e-03
-1.707874061970483717e-03
-1.666751257831331325e-03
-1.791479243094378296e-03
-1.804894054603950297e-03
-1.766640625827885485e-03
-1.823846939464269243e-03
-1.833131754314960534e-03
-1.863599562737415114e-03
-1.844758200917595006e-03
-1.929963959063453471e-03
-1.940501998126691833e-03
-1.912029273924268670e-03
-1.955992928429287590e-03
-2.009691904674026745e-03
-2.031360688187786121e-03
-2.020489957708423729e-03
-2.102169281155320032e-03
-2.109323838751074424e-03
-2.095257897254555052e-03
-2.054560584137677445e-03
-2.071494813632623194e-03
-2.066269561823976149e-03
-2.021830918803818253e-03
-2.044244945768000556e-03
-2.114444518416734933e-03
-2.131035865940597747e-03
-2.137847444824021378e-03
-2.144678083061163539e-03
-2.142664808971508558e-03
-2.150024552355007598e-03
-2.150205773076831802e-03
-2.160149492849393772e-03
-2.163639795781071001e-03
-2.161960052974480368e-03
-2.161220289140582725e-03
-2.164143284019965849e-03
-2.163372915690641579e-03
-2.163673903914122443e-03
-2.164185744788805609e-03
-2.163390976634726060e-03
-2.162716832935854261e-03
-2.163721305180761265e-03
-2.166578793636947126e-03
-1.996147446410908438e-03
-2.187666842504216135e-03
-2.177420279357019511e-03
-2.178880621020672613e-03
-2.185270823893741866e-03
-2.211256326987064147e-03
-2.197007905845277647e-03
-2.188068371766213778e-03
-2.200430968880048854e-03
-2.196719336158572955e-03
-2.202104703636372125e-03
-2.736337119322052058e-04
-2.858576041511156208e-04
-1.380728915880389011e-04
-5.717168739497636857e-04
-4.355587929607261134e-04
-5.119246604945062833e-04
-6.259789267198765262e-04
-1.257709215759919563e-03
-1.217928850688115286e-03
-1.253938707226270616e-03
-1.192532373321923776e-03
-1.146760142925357670e-03
-1.184439746924957019e-03
-1.125574989615534980e-03
-1.072816390823986329e-03
-1.113672047575442513e-03
-1.047189316210340700e-03
-9.885324408766087406e-04
-1.033420590998278699e-03
-9.629890123156940700e-04
-9.454426007209739465e-04
-8.962829080816680019e-04
-8.754873382183195503e-04
-7.765859319586005619e-04
-8.518658891059539438e-04
-1.326198520414595969e-03
-1.288603869911681245e-03
-1.321337178301134826e-03
-1.388674620289818539e-03
-1.352713906068116981e-03
-1.384737542647147520e-03
-1.448049085468658490e-03
-1.414511563139924906e-03
-1.444855148713146279e-03
-1.504374667116618186e-03
-1.473055344989432879e-03
-1.501545595527081604e-03
-1.557493286773717909e-03
-1.528176206345378514e-03
-1.555660627579589584e-03
-1.604062218956003785e-03
-1.578993087226221795e-03
-1.575838222168109192e-03
-1.600262701225898176e-03
-1.650465584742080759e-03
-1.623612617144437956e-03
-1.646782442596481880e-03
-1.694713194430991091e-03
-1.669020788237636195e-03
-1.690621861939297721e-03
-1.726625140041937109e-03
-1.702186163497469099e-03
-1.722693092914247878e-03
-1.706713745906389499e-03
-1.763571756562125250e-03
-1.741308249829284869e-03
-1.758573076666650713e-03
-1.797280883762887582e-03
-1.775552851481891192e-03
-1.791902259686457832e-03
-1.826233371695128258e-03
-1.820176363919291792e-03
-1.806520566837174898e-03
-1.850069991581335029e-03
-1.842701147929238278e-03
-1.832194803233387452e-03
-1.858172961759103296e-03
-1.846664704785252759e-03
-1.843850784018366681e-03
-1.855433372181069683e-03
-1.850201871265310218e-03
-1.842263776662852754e-03
-1.857884023199681076e-03
-1.861850951327386188e-03
-1.853653750996378177e-03
-1.848514608658334557e-03
-1.856185936085535254e-03
-1.871457566335270979e-03
-1.866564646531832438e-03
-1.871750426811349868e-03
-1.868095620697879551e-03
-1.879018540079251814e-03
-1.876039020177120743e-03
-1.881281014339776601e-03
-1.887832178143717971e-03
-1.885613490612582203e-03
-1.894170649555834175e-03
-1.908156065710095613e-03
-1.904003708345941397e-03
-1.918640070948014059e-03
-1.989328942084922069e-03
-1.942721064326864266e-03
-1.954830930212232611e-03
-1.935372920866215186e-03
-2.040973316837212028e-03
-2.089362654169344552e-03
-1.598170174715965539e-03
-1.636051439989715146e-03
-1.629155173020014951e-03
-1.735341318402161895e-03
-1.704535099238317728e-03
-1.738485712169862262e-03
-1.763233953627256489e-03
-1.812389452526342974e-03
-1.874143728093316530e-03
-1.884008009251387583e-03
-1.853717005169632252e-03
-1.901930184449214176e-03
-1.962535618485019336e-03
-1.972281964679506189e-03
-1.946242307620060438e-03
-2.074284594231585403e-03
-2.088215989818515382e-03
-2.081359138852217558e-03
-2.064695349436277295e-03
-1.991219089813476336e-03
-2.012431565557374225e-03
-2.000580427532260095e-03
-2.016837064675246118e-03
-2.035811021428354968e-03
-2.025228639682922962e-03
-2.114084388949231778e-03
-2.120408906028925337e-03
-2.108143141163298755e-03
-2.124409763129337346e-03
-2.123209156245708246e-03
-2.129086402362686224e-03
-2.131894408153402632e-03
-2.130864510933438028e-03
-2.137729237187218755e-03
-2.135702889805861111e-03
-2.148083167428925608e-03
-2.151936035062485160e-03
-2.146397401536120301e-03
-2.156292504949162969e-03
-2.160320018154381939e-03
-2.156182801477850210e-03
-2.159354823654022638e-03
-2.157014025326182190e-03
-2.159071222131627148e-03
-2.159788249255099359e-03
-2.159002274346091127e-03
-2.160063760933573357e-03
-2.160015741784135791e-03
-2.164289817471158270e-03
-2.163461646110011617e-03
-2.162197343449517341e-03
-2.163827082152733512e-03
-2.171862612923684127e-03
-2.168087533718497748e-03
-2.167799051396858325e-03
-2.171354219098206063e-03
-1.986109137781321733e-03
-2.191168139208725992e-03
-2.189622248674703668e-03
-2.180183258100008847e-03
-2.222181898272000342e-03
-2.205154500917617683e-03
-2.202776077561329794e-03
-2.218051117080872305e-03
-2.299513126303845412e-03
-2.248603290322670912e-03
-2.245481382691770326e-03
-2.253607846443090451e-03
-2.224866869518533821e-03
-2.224875995996939727e-03
-2.233984764211411657e-03
1.109845531940258710e-19
0.000000000000000000e+00
-1.293954029431249150e-04
-4.804358407484981414e-04
-3.836783637226761452e-04
-3.836458121858543277e-04
-5.314078460595436215e-04
-7.819693039501024803e-04
-6.823286194283804994e-04
-7.260518693328172311e-04
-1.292507798139510460e-03
-1.224631321068243286e-03
-1.158321743583887523e-03
-1.086670269622501926e-03
-1.006212144819725041e-03
-9.213632575079079221e-04
-8.324120695128126458e-04
-1.357603434667868951e-03
-1.418468045691080245e-03
-1.476266145281156846e-03
-1.530933370593101292e-03
-1.607578431695671529e-03
-1.582538701863071655e-03
-1.580794119264848597e-03
-1.605737574677404715e-03
-1.627274670994367008e-03
-1.672670559613868933e-03
-1.735231256221377288e-03
-1.715002573190078927e-03
-1.710931357522457990e-03
-1.745239416872432399e-03
-1.730879113709080618e-03
-1.780567377142835235e-03
-1.811865387514715372e-03
-1.838231306464856163e-03
-1.870687324497968210e-03
-1.860362848616482160e-03
-1.852966358292557243e-03
-1.856170660020689880e-03
-1.864056583339328450e-03
-1.872385425960544462e-03
-1.863592918761103074e-03
-1.858946183978602527e-03
-1.872217409261576256e-03
-1.862210876849307133e-03
-1.867787201311945939e-03
-1.866471944023179695e-03
-1.867111457071978647e-03
-1.876494366829923027e-03
-1.874828235452641149e-03
-1.874613247815547397e-03
-1.879632052394092541e-03
-1.875639748038340597e-03
-1.871976059877317102e-03
-1.877667641256304965e-03
-1.882994186514219247e-03
-1.897081346002318491e-03
-1.924088495583036861e-03
-1.990067387676337091e-03
-1.979648494752381943e-03
-2.001436489080924298e-03
-1.966625738269628214e-03
-2.035806061438594911e-03
-2.023566117154896107e-03
-2.053005552460843239e-03
-2.077980612296098043e-03
-2.074758146283439252e-03
-2.092139909640775702e-03
-1.616754638533215212e-03
-1.607489814242802446e-03
-1.645366824503595275e-03
-1.699219134996060847e-03
-1.717085317433060011e-03
-1.686331987635606225e-03
-1.770142018409513870e-03
-1.780737113298935456e-03
-1.752766487969056007e-03
-1.801633707457598113e-03
-1.813462719647782398e-03
-1.823354507570734695e-03
-1.843782889276855252e-03
-1.911875662066041693e-03
-1.893006191255004918e-03
-1.920793734343870284e-03
-1.937070828027021886e-03
-2.090319573505615598e-03
-2.082424120065443085e-03
-2.096170881161254270e-03
-2.040756405024074949e-03
-2.057599396292331649e-03
-2.047733182076525230e-03
-1.976997751878003303e-03
-2.004252874686452378e-03
-2.028983256676388305e-03
-2.102095063017592452e-03
-2.118756016464224800e-03
-2.127222166503366877e-03
-2.137548412641041094e-03
-2.141014762353118245e-03
-2.134289139631846167e-03
-2.152093742113163777e-03
-2.142734350539280200e-03
-2.156716370737376490e-03
-2.158055925793601372e-03
-2.161091441073046109e-03
-2.172505315902207093e-03
-2.168366117898015699e-03
-2.168561965656655172e-03
-2.171574492697864178e-03
-2.167410263425498251e-03
-2.168109368814794772e-03
-2.172620224266609730e-03
-2.180779608691116485e-03
-2.222488785376330270e-03
-2.206041842310146276e-03
-2.206343149215636741e-03
-2.224352505862150532e-03
-2.296993497995357403e-03
-2.254383217305110966e-03
-2.258118992220645854e-03
-2.276976720053703294e-03
-2.276952205706552108e-03
-4.978076972524317486e-04
-2.144356399612007207e-04
-3.548309864633807510e-04
-5.528860546657800865e-04
-5.112380128395940934e-04
-4.112628222074864691e-04
-6.725205487693171162e-04
-5.812228535673849041e-04
-6.207255670815979651e-04
-7.338373378088032702e-04
-1.322439675804722202e-03
-1.324214891278048751e-03
-1.290601817384949383e-03
-1.250885412583972386e-03
-1.254194531030025867e-03
-1.221447565207395931e-03
-1.217370392085760514e-03
-1.170837351430078490e-03
-1.204360356692055689e-03
-1.139650942914860856e-03
-1.093729949148348774e-03
-1.132839688866498200e-03
-1.058192789897877475e-03
-1.010640358267068722e-03
-1.052448909672282261e-03
-9.854870223165845128e-04
-9.740577159775735223e-04
-9.309806999620013181e-04
-9.135451320627811572e-04
-8.504056833276974186e-04
-8.949824780648240599e-04
-1.385028127902819366e-03
-1.386830065663164063e-03
-1.355697071631388213e-03
-1.445396480984579906e-03
-1.446775490730358663e-03
-1.417186034573411158e-03
-1.503411671932682091e-03
-1.504022116043751255e-03
-1.475926958592652972e-03
-1.556188033681396663e-03
-1.556847232850195164e-03
-1.530278052876814406e-03
-1.606735458768569118e-03
-1.607144235975280135e-03
-1.582088659359758356e-03
-1.654736037803521565e-03
-1.631147722825100014e-03
-1.629350490209944581e-03
-1.652565125138200520e-03
-1.700448964071134142e-03
-1.697589925718611791e-03
-1.675523422530048002e-03
-1.742839268193928804e-03
-1.739065148090481209e-03
-1.718844854310365693e-03
-1.772428704857784924e-03
-1.749568217911808997e-03
-1.767974445118949576e-03
-1.753831894139622552e-03
-1.806705882283041360e-03
-1.785207671031416657e-03
-1.801989427981894650e-03
-1.837277627043199055e-03
-1.817334328580319080e-03
-1.831733670508846248e-03
-1.863115413632235057e-03
-1.844718766101437028e-03
-1.856595443699209699e-03
-1.885055314862914451e-03
-1.867562002372450888e-03
-1.877735995137448958e-03
-1.879949988735653364e-03
-1.868840131220991622e-03
-1.867479706900205920e-03
-1.890185040599031687e-03
-1.880296029020970573e-03
-1.874013843267373141e-03
-1.875639106471019626e-03
-1.876467772403320276e-03
-1.885836068071641315e-03
-1.878822019544459845e-03
-1.873482238522394643e-03
-1.878755384810763080e-03
-1.884718074996424289e-03
-1.878052422126579198e-03
-1.880216910197421865e-03
-1.882128094177304683e-03
-1.880526128627387807e-03
-1.878204886631290593e-03
-1.879548157473337304e-03
-1.880951490916879260e-03
-1.879727762461866087e-03
-1.883988090294454274e-03
-1.889836355011017318e-03
-1.888388497352284316e-03
-1.898625861280603833e-03
-1.913971516011367738e-03
-1.910160556533744159e-03
-1.927797769918480290e-03
-2.015643179148485665e-03
-1.956795456909092047e-03
-1.948873864371731147e-03
-1.974865868503697473e-03
-2.056893336867286412e-03
-1.536441642063634833e-03
-1.576672852389019277e-03
-1.567479455494850482e-03
-1.658050049617838806e-03
-1.734674852670454060e-03
-1.791858632655520108e-03
-1.857125781145661444e-03
-1.835345561199858882e-03
-1.865525633015168317e-03
-1.884392548961811263e-03
-1.945453594081476053e-03
-1.953868016134100664e-03
-1.928659483273292147e-03
-2.062716970137827739e-03
-2.076481624601389953e-03
-2.068583684115296237e-03
-2.051898453530730682e-03
-1.968334119928497657e-03
-1.975724536712003283e-03
-1.996371962478624400e-03
-1.983567655309869185e-03
-2.003131804213156147e-03
-2.022020699731155637e-03
-2.010049399429308502e-03
-2.103828850303714453e-03
-2.108857474895664465e-03
-2.097081531883269404e-03
-2.113518009383438465e-03
-2.114711578980944372e-03
-2.119008061365055748e-03
-2.122830923901765886e-03
-2.124509766628932331e-03
-2.130994051437371493e-03
-2.127701530265270567e-03
-2.151556027002698903e-03
-2.153864162667179331e-03
-2.149854199899154609e-03
-2.143803960877040810e-03
-2.145874090304743156e-03
-2.140684010726746217e-03
-2.154285003987629812e-03
-2.155577842348157039e-03
-2.156283239887684094e-03
-2.157248901333623688e-03
-2.161213599983913616e-03
-2.159988721767244768e-03
-2.162206083343813472e-03
-2.172409684045246373e-03
-2.170162184778244140e-03
-2.166557372710730713e-03
-2.170924706501145204e-03
-2.188598085254890753e-03
-2.180634435477839857e-03
-2.180866318313066064e-03
-2.189947777729450533e-03
-2.220030145329569566e-03
-2.204528949248170822e-03
-2.221308333234295156e-03
-2.271054028596951845e-03
-2.248988841206939118e-03
-2.247409075296583764e-03
-2.286547741567918068e-03
-2.368426212949750146e-03
-2.332509407673716804e-03
-2.308553164123682173e-03
-2.333363378962398545e-03
4.152321079852222880e-19
1.262211218202881606e-19
-1.807063304459864250e-04
-5.115404512293080398e-04
-6.111426670852328213e-04
-8.350532154822186458e-04
-7.600570494928637639e-04
-8.076581122800926106e-04
-1.353489114579967730e-03
-1.286841641088236256e-03
-1.232716874024612471e-03
-1.177994641298360902e-03
-1.098663418650284735e-03
-1.021351199745443479e-03
-9.494600268242348430e-04
-8.776173367135188530e-04
-1.415230670988556344e-03
-1.474484308881830134e-03
-1.529779293529856879e-03
-1.581402893246147169e-03
-1.654743038878899852e-03
-1.630727305485834330e-03
-1.631205635968984227e-03
-1.654775101838784190e-03
-1.677598560488426701e-03
-1.721649946301705841e-03
-1.780413991447208407e-03
-1.761637868362426595e-03
-1.757853434585255562e-03
-1.789599859462975406e-03
-1.776448320700051500e-03
-1.822040739295178492e-03
-1.850215885656890163e-03
-1.874093742717004721e-03
-1.902519963238043883e-03
-1.893745093079148836e-03
-1.886508992025495886e-03
-1.884685918742313006e-03
-1.896128045356754339e-03
-1.897372541368409337e-03
-1.888451548210288988e-03
-1.884644426999849314e-03
-1.892749720593452957e-03
-1.882856278019127711e-03
-1.886241082849766416e-03
-1.891090920416364221e-03
-1.889342991311876354e-03
-1.882046798139481222e-03
-1.895974582794158775e-03
-1.888296061474957748e-03
-1.889802505710902730e-03
-1.880267568291811749e-03
-1.884499009560213715e-03
-1.900483362453752895e-03
-1.933843654396759197e-03
-2.052659492946172243e-03
-2.021363440311121744e-03
-2.043849618275046538e-03
-2.019060973952297323e-03
-1.988071330410947843e-03
-2.002587689066560438e-03
-2.064936893703709416e-03
-1.554504305149410903e-03
-1.585633299130848484e-03
-1.545467274542126467e-03
-1.637770863736179999e-03
-1.627447140685494686e-03
-1.668566975531205528e-03
-1.748585666441884951e-03
-1.759237153607732520e-03
-1.723737950699165584e-03
-1.781034015399816321e-03
-1.799639207986030104e-03
-1.828384548350617039e-03
-1.806607015874314454e-03
-1.896171558062277693e-03
-1.903911743623179411e-03
-1.876641340699670372e-03
-1.920700091801442761e-03
-2.081904047882794824e-03
-2.086033381489216243e-03
-2.072376388904427665e-03
-2.027039130645259812e-03
-2.045284799396876463e-03
-2.034084108511111360e-03
-1.960682847672099664e-03
-1.989584354091338252e-03
-2.015347612927585654e-03
-2.092776206952907687e-03
-2.109316464529683785e-03
-2.119667568637957460e-03
-2.133479508756434308e-03
-2.129002667235336491e-03
-2.135490948537037848e-03
-2.147652313744786989e-03
-2.138627474815139613e-03
-2.153553809331317133e-03
-2.158231703670263589e-03
-2.165297065903628963e-03
-2.186261090163196027e-03
-2.179883754537511979e-03
-2.178973448636106845e-03
-2.183081152111701183e-03
-2.176375700224337205e-03
-2.177706719859079636e-03
-2.188203326392616169e-03
-2.203300478864363143e-03
-2.260007103060009820e-03
-2.239238767045123764e-03
-2.242530721421306331e-03
-2.267108305403533509e-03
-2.347624248261387554e-03
-2.310420803109970982e-03
-2.323075693574155540e-03
-2.419459861202241137e-03
-2.393357208130277372e-03
-2.356230177109965105e-03
-7.180280358370185780e-04
-5.502356824887340856e-04
-3.622396715127756549e-04
-7.824570062225990079e-04
-6.185014904078185542e-04
-6.454998935156912396e-04
-7.022141286565001085e-04
-7.988790797338978216e-04
-1.374963835534648510e-03
-1.379835145843899069e-03
-1.348888795466240314e-03
-1.284497621036090938e-03
-1.268273216535614843e-03
-1.302802401705345243e-03
-1.250728033712620799e-03
-1.203476196622787478e-03
-1.171284478800111838e-03
-1.210497970425214193e-03
-1.125379925845503264e-03
-1.091224651482652994e-03
-1.132383239093432813e-03
-1.048941790001668315e-03
-1.053100446081863244e-03
-1.015931097561605361e-03
-9.810236080203317034e-04
-9.821434084660337748e-04
-9.452693040476503302e-04
-9.068099969219969511e-04
-9.105890915044067592e-04
-8.741042603666500117e-04
-1.431825730123765118e-03
-1.438657329330933488e-03
-1.408557333636936389e-03
-1.491550644268149154e-03
-1.497462836817498727e-03
-1.468503108554201995e-03
-1.547226825727836003e-03
-1.551695176228554823e-03
-1.525289805673783533e-03
-1.599495437322936801e-03
-1.603108607885078652e-03
-1.577790227973451670e-03
-1.649839916128696942e-03
-1.628232322235168960e-03
-1.652344558820279582e-03
-1.700975114739105339e-03
-1.677842491570331017e-03
-1.677881893036972921e-03
-1.700700154786729743e-03
-1.745235772126233539e-03
-1.744052585101173083e-03
-1.722857101772700891e-03
-1.785695681811391971e-03
-1.764257613621257300e-03
-1.783146595953977783e-03
-1.814504798038582252e-03
-1.810546373508060535e-03
-1.793402907299161296e-03
-1.797446040241151410e-03
-1.845286280607452874e-03
-1.825973291144750285e-03
-1.841239641044561341e-03
-1.873430820712350224e-03
-1.855381165872970004e-03
-1.868265851728642939e-03
-1.898377402437403418e-03
-1.880755012565010461e-03
-1.891728313217673658e-03
-1.917177422776487807e-03
-1.900978985831976598e-03
-1.909667142358668999e-03
-1.909238278048912621e-03
-1.894441158738428832e-03
-1.899597121180227575e-03
-1.921061773501658507e-03
-1.911711607305367853e-03
-1.905512939086628603e-03
-1.902946172836596792e-03
-1.894809219523363366e-03
-1.909535373841055299e-03
-1.903229157967209397e-03
-1.897394852292360115e-03
-1.900923404984039902e-03
-1.887023960434842159e-03
-1.883192728512849985e-03
-1.885361526590503302e-03
-1.898679157807902501e-03
-1.897360774664643042e-03
-1.891184715253421775e-03
-1.879640737650032332e-03
-1.880499556122849913e-03
-1.880134624985043204e-03
-1.879129410768992821e-03
-1.879914764707077933e-03
-1.884008673782840235e-03
-1.890826605072435914e-03
-1.889130903457801993e-03
-1.901530425244691690e-03
-1.924600253556562300e-03
-1.916516146390443223e-03
-1.938675213686384072e-03
-2.033883741701452644e-03
-1.974625179710249971e-03
-1.964946551885587978e-03
-1.994438511149990243e-03
-1.474400678371382998e-03
-1.514473699895795087e-03
-1.505567425937526325e-03
-1.596408196978873432e-03
-1.698154758356469531e-03
-1.667937519777964572e-03
-1.698597457657841136e-03
-1.723215697013322006e-03
-1.774181818522440040e-03
-1.843608814798953187e-03
-1.850272904267076177e-03
-1.821728934402606177e-03
-1.869787596612462917e-03
-1.930866294247179839e-03
-1.938060587127808957e-03
-1.913519190704853195e-03
-2.056266840691086794e-03
-2.069267469563750798e-03
-2.059617779504387819e-03
-2.042150701572902592e-03
-1.953295256184274607e-03
-1.962674205470169714e-03
-1.969260820592424327e-03
-1.982951631961835885e-03
-1.992201027892203172e-03
-1.997712446736949529e-03
-2.009758993827156365e-03
-2.096064173663429037e-03
-2.099889032965153793e-03
-2.088974985931228538e-03
-2.105387870149506499e-03
-2.108797097933684962e-03
-2.111724797769601401e-03
-2.116624087580966027e-03
-2.120742354877097873e-03
-2.122546368039254349e-03
-2.127062035926846877e-03
-2.150225699852821061e-03
-2.147022844873352869e-03
-2.150862642962194683e-03
-2.142701272142054879e-03
-2.138110041338966462e-03
-2.143256144022281581e-03
-2.152899032504987636e-03
-2.157562400349338771e-03
-2.159273863879062651e-03
-2.156469590607903997e-03
-2.166897004445812302e-03
-2.168302494311025262e-03
-2.163813259482866291e-03
-2.185252222454136216e-03
-2.179794081818856467e-03
-2.174623177769254272e-03
-2.181523705580800700e-03
-2.210127765572264535e-03
-2.200278861330790502e-03
-2.198329105688777343e-03
-2.215042207166281491e-03
-2.254638550709183765e-03
-2.257922465539460594e-03
-2.236498735631688335e-03
-2.307924466440301574e-03
-2.284291509220032820e-03
-2.290000693540933819e-03
-2.328712874401761210e-03
-2.383081801289674371e-03
-1.257578001893201389e-03
5.181868148643321223e-19
-9.539499626379812063e-04
-8.754666405275430977e-04
-7.813228937310132257e-04
-6.556232778277009841e-04
-7.756247067053131244e-04
-8.587885597298114144e-04
-8.408684270959271333e-04
-8.147453551253233195e-04
-1.342386438675895622e-03
-1.332665131911436873e-03
-1.357498512669959821e-03
-1.403395618210764905e-03
-1.312482562867861493e-03
-1.275002481520783873e-03
-1.245986035191924170e-03
-1.279749789973456606e-03
-1.163738511429797916e-03
-1.238565906961345067e-03
-1.085749059195543435e-03
-1.011877964072849549e-03
-9.396151987171696539e-04
-8.818704943564512674e-04
-1.461762935796149469e-03
-1.519374598516299657e-03
-1.573296048464811444e-03
-1.624566984136802681e-03
-1.696471037557815108e-03
-1.673127981770833848e-03
-1.675681262346840044e-03
-1.698816568148964201e-03
-1.723104287438316897e-03
-1.765424590368164758e-03
-1.820907033914716169e-03
-1.800787821328269592e-03
-1.803314601113846288e-03
-1.829849508874414540e-03
-1.817802994507320986e-03
-1.859339417554156833e-03
-1.885871152085474324e-03
-1.907691081935010630e-03
-1.933131579830543864e-03
-1.924992069857791796e-03
-1.917801564438660102e-03
-1.914929573715277653e-03
-1.927001910969568677e-03
-1.923628865670947178e-03
-1.916289252631659789e-03
-1.910319865902102791e-03
-1.913959702265691362e-03
-1.903623670676403423e-03
-1.904965771835116220e-03
-1.916186234498831005e-03
-1.911782654604732724e-03
-1.891817375927234719e-03
-1.883171692642027608e-03
-1.913964332144725989e-03
-1.905280717074872869e-03
-1.905869968377146405e-03
-1.879245578231004184e-03
-1.883162626875433364e-03
-1.904015097243958983e-03
-1.946427448441276874e-03
-1.495821347102992659e-03
-1.485008352850855206e-03
-1.525162323261188262e-03
-1.569053313751068469e-03
-1.561858004691741740e-03
-1.603555328306090644e-03
-1.686280063110701631e-03
-1.692240554486022439e-03
-1.662152468585725851e-03
-1.743634535616088357e-03
-1.746119769493167505e-03
-1.720928160816838619e-03
-1.771632761875401941e-03
-1.789836300520496453e-03
-1.794875717685030358e-03
-1.816727766655437887e-03
-1.882381003094111150e-03
-1.889181954704084211e-03
-1.862985780537437363e-03
-1.906541675681656771e-03
-2.075476755063060830e-03
-2.078636988415587250e-03
-2.066075993882586156e-03
-2.033691692687987062e-03
-2.030429285359211349e-03
-2.045105567852341290e-03
-1.946831579578145238e-03
-1.977532346760169785e-03
-2.012859898019731149e-03
-2.019863364564974777e-03
-2.002632409323126458e-03
-2.085738121697498174e-03
-2.102400807987316305e-03
-2.114660545442804181e-03
-2.132311562727164361e-03
-2.126454149604779364e-03
-2.132919757752631523e-03
-2.146503177566516304e-03
-2.137510611071869772e-03
-2.153793769874235309e-03
-2.161869572634737228e-03
-2.172760524592845001e-03
-2.203150164272690576e-03
-2.193149100454601375e-03
-2.195337308113157714e-03
-2.196350446365858463e-03
-2.187719601499234830e-03
-2.190146145746314776e-03
-2.207572889596528046e-03
-2.231490705944965715e-03
-2.307303027450601819e-03
-2.280419018164393276e-03
-2.284001190830290719e-03
-2.307028524660706837e-03
-2.368065879047148801e-03
-2.356679851859941940e-03
-2.337908019967999563e-03
-2.445014047200202208e-03
-2.432426013506000691e-03
-2.396353909672621890e-03
-7.977673866362384406e-04
-1.181432703628380659e-03
-8.064883080836340781e-04
-8.315584179738461090e-04
-8.341571639369290032e-04
-8.438673216655198390e-04
-8.019115846092477167e-04
-8.317752993977902895e-04
-1.409813817954131722e-03
-1.375876775049814094e-03
-1.392405884307836798e-03
-1.420841240727350758e-03
-1.307833977831141144e-03
-1.160598240067845692e-03
-1.182107155751861878e-03
-1.142365236729850136e-03
-1.242354481502473294e-03
-1.222053506770024237e-03
-1.258427727699839953e-03
-1.081148812327317483e-03
-1.102839810224718687e-03
-1.063430124730334325e-03
-1.006548968388299792e-03
-9.913205666042734440e-04
-1.026938351500436856e-03
-9.312403415925572542e-04
-9.541573285519368156e-04
-9.182652259230050535e-04
-8.181661835995030592e-04
-8.416177604682296368e-04
-8.585880082704013721e-04
-1.472088274306797414e-03
-1.451910477613051371e-03
-1.481785437006749584e-03
-1.529142834852127361e-03
-1.510183582383528567e-03
-1.538084868617013278e-03
-1.585751929710595663e-03
-1.566419240819699570e-03
-1.592607951797460081e-03
-1.637777318864587495e-03
-1.618497306032414679e-03
-1.643766237602207938e-03
-1.686918530813828580e-03
-1.668253755167882404e-03
-1.691756950023433174e-03
-1.741692777280244055e-03
-1.721387124044294588e-03
-1.719138682477274176e-03
-1.743508356123627499e-03
-1.784343157890703416e-03
-1.764744906752986446e-03
-1.785011851516162245e-03
-1.823367176153059804e-03
-1.804499261070387738e-03
-1.822278148790091668e-03
-1.851380749392163468e-03
-1.848232432025596937e-03
-1.832798213476598227e-03
-1.836115494378627155e-03
-1.879056744960708614e-03
-1.862102403121426459e-03
-1.876184919414544423e-03
-1.907066874740566669e-03
-1.890250744114260230e-03
-1.902748686701740289e-03
-1.934883529535769489e-03
-1.916470476825685686e-03
-1.925887304861411331e-03
-1.943368858595399861e-03
-1.938168868766678484e-03
-1.930099806944902399e-03
-1.938184937827191253e-03
-1.929530896770211305e-03
-1.923598815082028235e-03
-1.950838150123772666e-03
-1.941944169106131577e-03
-1.935887762025915310e-03
-1.930660416891825590e-03
-1.914277413040507431e-03
-1.933282474452946691e-03
-1.928320963116220751e-03
-1.921210349692208368e-03
-1.923471576390661276e-03
-1.894311620749356733e-03
-1.896030597441793891e-03
-1.890148875372585097e-03
-1.880072261570070067e-03
-1.882424482098184020e-03
-1.879084349973185464e-03
-1.912570192609743848e-03
-1.905197906345006825e-03
-1.913355300430700113e-03
-1.878721230307140409e-03
-1.875670094864625992e-03
-1.875777008945248969e-03
-1.881954113889290929e-03
-1.890841656542003799e-03
-1.888679953995987554e-03
-1.906053578755235577e-03
-1.935109748290524991e-03
-1.929063745961828290e-03
-1.959194036100682379e-03
-1.411918553056194011e-03
-1.453830481942535932e-03
-1.443357306053968774e-03
-1.532514777378554119e-03
-1.619101267985073112e-03
-1.628249549184968784e-03
-1.594025335156562875e-03
-1.652665147189593623e-03
-1.714878810978806003e-03
-1.766870810483224617e-03
-1.831414532695196939e-03
-1.837452984358680774e-03
-1.810758369260803344e-03
-1.856816681751438571e-03
-1.918032989969565378e-03
-1.924378349560646514e-03
-1.900201196976653538e-03
-2.057629838452395242e-03
-2.056920652638193330e-03
-2.066402746141438734e-03
-2.035481281815291164e-03
-2.045796933934010322e-03
-2.034609566453626783e-03
-2.023281330580731664e-03
-1.940353569684387033e-03
-1.950764839910677697e-03
-1.971506037564299367e-03
-1.956720179344228171e-03
-1.978978862351264776e-03
-1.995970046052586346e-03
-1.985612994465938731e-03
-2.090221763726992418e-03
-2.093147800298646426e-03
-2.082833599933353076e-03
-2.099509762038904472e-03
-2.104964892942801698e-03
-2.112754947103282193e-03
-2.106779742277983900e-03
-2.119038644902316616e-03
-2.125671452492306195e-03
-2.119737979159281010e-03
-2.151836180553614013e-03
-2.151078269835875276e-03
-2.147300156334881228e-03
-2.145115432079829770e-03
-2.144100261483680107e-03
-2.138879236613988599e-03
-2.154695891998859199e-03
-2.162022097496403734e-03
-2.164307867248607860e-03
-2.159620066340117543e-03
-2.174650913314625511e-03
-2.170443828945744710e-03
-2.176942535588757659e-03
-2.200371268223684160e-03
-2.190440930931294387e-03
-2.193511468223620451e-03
-2.184738555960225211e-03
-2.231656083924209860e-03
-2.217616242203660284e-03
-2.221806098457215252e-03
-2.244021401149657452e-03
-2.301907552535755602e-03
-2.305077351802642133e-03
-2.277520114870555234e-03
-2.336882378652200935e-03
-2.405233934627879541e-03
-6.962875228632088619e-04
-7.699343514140219100e-04
-8.021653151984107491e-04
-7.649706409624809156e-04
-8.215926290309559076e-04
-1.381496066249229479e-03
-1.361429587360945843e-03
-1.395473066238304277e-03
-1.440931409385252156e-03
-1.314361584237460278e-03
-1.294014831918682829e-03
-1.328279070926343276e-03
-1.119356488274159123e-03
-1.200581180255998106e-03
-1.277362679779937187e-03
-1.041185718292474572e-03
-9.646668372922878945e-04
-8.315228527965410786e-04
-8.730302106210649764e-04
-8.784035323334291132e-04
-8.247469263982219224e-04
-1.500413285735208851e-03
-1.557271535799249632e-03
-1.611587523210213698e-03
-1.662159723303113009e-03
-1.733175405625951224e-03
-1.709997905941338867e-03
-1.714931289401530785e-03
-1.737591805648929216e-03
-1.763010735311541224e-03
-1.803781918811882875e-03
-1.856394878920664907e-03
-1.838847638360692222e-03
-1.839914900002633837e-03
-1.865105321974897847e-03
-1.854024172545458947e-03
-1.893033719885605683e-03
-1.920878416819105702e-03
-1.938788145502360477e-03
-1.961890127179778849e-03
-1.952529240129723988e-03
-1.947505081301080651e-03
-1.944362213708453538e-03
-1.956326090485861410e-03
-1.950418484899653186e-03
-1.944225969571662920e-03
-1.936908307769485017e-03
-1.935401944391585555e-03
-1.924859603456360304e-03
-1.924669540394643909e-03
-1.941608559614695561e-03
-1.934364689093320648e-03
-1.902553384574691506e-03
-1.885583004093756721e-03
-1.932972121225043707e-03
-1.923652998752141841e-03
-1.922326441398461211e-03
-1.875411591842061475e-03
-1.879549703024373849e-03
-1.909663842354682129e-03
-1.446100301573625090e-03
-1.470905801418462625e-03
-1.428958821288422824e-03
-1.542244739015801152e-03
-1.555756902607795082e-03
-1.519234236262544634e-03
-1.580710161621092088e-03
-1.672686759467414790e-03
-1.679415017204389030e-03
-1.645901003634056125e-03
-1.735840461791820274e-03
-1.739712331320492772e-03
-1.711124405502058212e-03
-1.762814883892079021e-03
-1.778850909064401018e-03
-1.805115516502661319e-03
-1.784486260644866859e-03
-1.870187205446252826e-03
-1.876225414890093663e-03
-1.850807465661284158e-03
-1.894063477537577490e-03
-2.069992495096264866e-03
-2.072743155559412728e-03
-2.063715053908767895e-03
-2.046447305022867490e-03
-2.024203364892901945e-03
-1.934399541794648699e-03
-1.964917977737280080e-03
-2.005172383372208489e-03
-2.009023115590514996e-03
-1.992057122676114261e-03
-2.080148281484412148e-03
-2.097492342941002265e-03
-2.111750672400583475e-03
-2.132385978380915877e-03
-2.132533726530700877e-03
-2.125529687363651807e-03
-2.148847617278452048e-03
-2.139152258513517951e-03
-2.156755236890866949e-03
-2.167851193347966696e-03
-2.181885037655350787e-03
-2.219236873025045350e-03
-2.207837413304272571e-03
-2.211795135695848562e-03
-2.209527142479653702e-03
-2.203295406865046074e-03
-2.199538774476131244e-03
-2.226350271621834170e-03
-2.272671985693822984e-03
-2.252082122284587273e-03
-2.264516111665035129e-03
-2.287393328170104351e-03
-2.360529211068219425e-03
-2.333801904200800102e-03
-2.329467604467492983e-03
-2.363175711048524658e-03
-2.440590786014637786e-03
-2.445718668210187206e-03
-2.403704492681120290e-03
-6.626206879367856030e-04
-6.820091356833323220e-04
-7.539452566412850523e-04
-7.403934357682539439e-04
-1.347052831072063006e-03
-1.444983497801603052e-03
-1.427720784391454077e-03
-1.413041830289206175e-03
-1.458838406233987917e-03
-1.098736673561746639e-03
-1.088519321991417068e-03
-1.129116351744690119e-03
-1.177122387513276957e-03
-1.210154703661625022e-03
-1.168611977194261662e-03
-1.267894030838407227e-03
-1.254334155063148697e-03
-1.290826239054319218e-03
-1.010774044669381783e-03
-1.045284498946751160e-03
-1.006355891517937392e-03
-9.159994301116369765e-04
-9.205001292316995461e-04
-9.610088216233863634e-04
-8.274936132670448943e-04
-8.810680083693601516e-04
-8.304418346083333041e-04
-6.690947215989051554e-04
-7.433932670489711144e-04
-7.503087871976771468e-04
-1.506204302969680730e-03
-1.488861832850990607e-03
-1.517595142772475755e-03
-1.564004644879528599e-03
-1.546297090949288328e-03
-1.574777382024632709e-03
-1.619422968404361177e-03
-1.628554436173510660e-03
-1.602396695274023539e-03
-1.671581292400990681e-03
-1.654489743521054927e-03
-1.679203797354387366e-03
-1.720482009601276979e-03
-1.726912360672238321e-03
-1.703517880022158756e-03
-1.777179030015582726e-03
-1.759509851473493305e-03
-1.755260206192053255e-03
-1.780820909680324790e-03
-1.818539301117353801e-03
-1.801368615503460505e-03
-1.820938121464599907e-03
-1.857269760394900191e-03
-1.840283067897753241e-03
-1.857040376211916994e-03
-1.882256288539028294e-03
-1.866541941574598011e-03
-1.880457241945161697e-03
-1.869221810316326528e-03
-1.910768326565297562e-03
-1.894821320694344436e-03
-1.908837916235116023e-03
-1.937871813014615564e-03
-1.922465739523511810e-03
-1.936190650682017124e-03
-1.965755532045840130e-03
-1.950106160240665416e-03
-1.954441303079698395e-03
-1.963602335380864629e-03
-1.965483796721085880e-03
-1.951779524160325661e-03
-1.958123307905022641e-03
-1.978489779795792984e-03
-1.970159850947576698e-03
-1.964635156154226001e-03
-1.957825614991770026e-03
-1.934442514843614548e-03
-1.957336891311257498e-03
-1.953742798134210697e-03
-1.945146977493497631e-03
-1.946248116759736243e-03
-1.905747436797165881e-03
-1.908961104178768728e-03
-1.899732998005752588e-03
-1.884841600470044728e-03
-1.888811515538558897e-03
-1.881564612648327101e-03
-1.926019377330261389e-03
-1.919055924272835591e-03
-1.929786993149937681e-03
-1.869180754650002010e-03
-1.872850033979868954e-03
-1.870828492377975792e-03
-1.870386330292682451e-03
-1.869355649318246802e-03
-1.877234366310688140e-03
-1.887637166088949403e-03
-1.887367847950145901e-03
-1.913313681865915113e-03
-1.348811004778227183e-03
-1.397506793143992506e-03
-1.380492168314324808e-03
-1.494335818318779773e-03
-1.602566283848148691e-03
-1.610739784182675530e-03
-1.572408889798320927e-03
-1.637505622845563356e-03
-1.704152673841701198e-03
-1.757481459999993799e-03
-1.818953275683889235e-03
-1.825118756417761032e-03
-1.798991078839188868e-03
-1.844527505437696139e-03
-1.907338144044899665e-03
-1.912654270736511512e-03
-1.888766917422521037e-03
-2.049609042755608061e-03
-2.059764006586910657e-03
-2.053553483871846299e-03
-2.042374584611061396e-03
-2.020335270601920051e-03
-1.929051568641295712e-03
-1.941069667437657570e-03
-1.959965205329643190e-03
-1.945831483659181144e-03
-1.971034437792464587e-03
-1.988323430466322483e-03
-1.975124529986589314e-03
-2.085971550254421721e-03
-2.088164230187967638e-03
-2.077970211473358086e-03
-2.095466856009971929e-03
-2.102580352162774797e-03
-2.110648409669531930e-03
-2.103610603283745124e-03
-2.118433354729260150e-03
-2.125394411897682696e-03
-2.118530266555322065e-03
-2.156341682465405356e-03
-2.151008482371658502e-03
-2.154163844813179220e-03
-2.146073278703262803e-03
-2.145908734027825691e-03
-2.139293084327908816e-03
-2.159237946202933328e-03
-2.167774435143081640e-03
-2.164583636797459253e-03
-2.170966818760351920e-03
-2.182996736735342419e-03
-2.178445655184513621e-03
-2.186408895531009085e-03
-2.214875196243330444e-03
-2.200116377350611052e-03
-2.204881220648369916e-03
-2.194935822357056438e-03
-2.249608238432918971e-03
-2.241443188649866643e-03
-2.234447484824278029e-03
-2.262049362214151385e-03
-2.314477003880733089e-03
-2.293417819132022480e-03
-2.308049428135240753e-03
-2.336539592592332300e-03
-2.399781730623445995e-03
-6.656205192176404672e-04
-1.342740739142302304e-03
-1.327863896638784794e-03
-1.361906861985987763e-03
-1.410702549772223629e-03
-1.395549423025224493e-03
-1.428085747563492824e-03
-1.475527723760533625e-03
-1.052627122135208620e-03
-1.136977528442914597e-03
-1.221323434308281249e-03
-1.304165649669553756e-03
-9.611425645878199711e-04
-8.705235654144922444e-04
-6.961524482921689150e-04
-7.635397169305393854e-04
-7.618230307793693017e-04
-6.823256513316468307e-04
-1.534704009078123686e-03
-1.591390770497506544e-03
-1.645227047528489799e-03
-1.695783360376884336e-03
-1.765804303366992276e-03
-1.749645596993752369e-03
-1.743088371544724083e-03
-1.771722324493217550e-03
-1.797846401291133649e-03
-1.837827204166210624e-03
-1.888880723692624823e-03
-1.873122448637242442e-03
-1.872884597101929106e-03
-1.896313365706333003e-03
-1.885694707964496531e-03
-1.924273230172943204e-03
-1.962702614423004858e-03
-1.948630310151282501e-03
-1.950121483670355042e-03
-1.963848178600049489e-03
-1.988365312145504941e-03
-1.976981649192363112e-03
-1.975131130920185912e-03
-1.971924301017018936e-03
-1.983400383799181852e-03
-1.975904222011865604e-03
-1.970642783269019836e-03
-1.963093025676064963e-03
-1.957674708272229454e-03
-1.946640437394381914e-03
-1.945373230776116773e-03
-1.966429957002272140e-03
-1.957504421157529526e-03
-1.894240992279734668e-03
-1.915459030697780687e-03
-1.874440621459599280e-03
-1.951009128449917879e-03
-1.941936640169256590e-03
-1.938381855685126576e-03
-1.864670246006294892e-03
-1.874221238031086728e-03
-1.370461401239063577e-03
-1.359637720281078183e-03
-1.408387462219303724e-03
-1.524561203655433895e-03
-1.533451551714513830e-03
-1.485315949669557042e-03
-1.563486732427426650e-03
-1.657473902270526324e-03
-1.629993992256962513e-03
-1.664935199968901013e-03
-1.720348610200713758e-03
-1.696515581298163253e-03
-1.727990171308950527e-03
-1.749581868486224830e-03
-1.764630086809455562e-03
-1.791834311495752114e-03
-1.771855148975601084e-03
-1.859616450916507392e-03
-1.864880157806894255e-03
-1.839292421412917116e-03
-1.883473998820931004e-03
-2.065066864239904418e-03
-2.067614130640040623e-03
-2.057237530639878346e-03
-2.024915156788389091e-03
-2.037236972549275483e-03
-2.030112724370827793e-03
-2.014957264759397945e-03
-1.924118420563513754e-03
-1.956109612513161865e-03
-2.001202738569802641e-03
-1.986104486589274770e-03
-2.003138440512760177e-03
-2.075624546519456732e-03
-2.094112599804638652e-03
-2.110139967665502440e-03
-2.133492471044832334e-03
-2.125748095297920384e-03
-2.133152299325933969e-03
-2.157362398297245788e-03
-2.157152800079948328e-03
-2.151378568573707011e-03
-2.140089038617897909e-03
-2.152109735676858548e-03
-2.161792241445006837e-03
-2.174751441871362358e-03
-2.190904545323855979e-03
-2.231728109334410980e-03
-2.225996540833777119e-03
-2.220694134923480428e-03
-2.219267322975797610e-03
-2.209252373717584313e-03
-2.214592977434020910e-03
-2.241079028693216194e-03
-2.296397663821256145e-03
-2.271657135074670476e-03
-2.284253357818291901e-03
-2.303268157540593226e-03
-2.353765459253897782e-03
-2.356053965489808208e-03
-2.333825515375154321e-03
-2.425482241738966590e-03
-2.436611932895055028e-03
-2.395625500395268809e-03
-1.375897791161798459e-03
-1.474724833890256933e-03
-1.442553837842347215e-03
-1.460299914168020985e-03
-1.490831039061310797e-03
-1.019978822275663301e-03
-1.058713352579114097e-03
-1.014119594701367102e-03
-1.097713688340532304e-03
-1.136374749508204090e-03
-1.096961941498321826e-03
-1.211737513787380536e-03
-1.193335114628978630e-03
-1.239772059152001536e-03
-1.290644254978609053e-03
-1.278430336293012639e-03
-1.316505792510783059e-03
-9.083502662106666178e-04
-9.588930582548570430e-04
-9.110145971295248923e-04
-7.369952258027849448e-04
-7.818617103284709706e-04
-8.294590587637764526e-04
-7.161911278410767285e-04
-1.536385678498595770e-03
-1.520915667294082691e-03
-1.550107780703265711e-03
-1.594631697629019223e-03
-1.578994653836138674e-03
-1.606940625835127489e-03
-1.649696676801946059e-03
-1.634298228581048795e-03
-1.660575005223552131e-03
-1.701515072467902571e-03
-1.710946003077295444e-03
-1.686324086650409400e-03
-1.749918576642693277e-03
-1.734985883484108007e-03
-1.757969795556744898e-03
-1.808727315561870462e-03
-1.787356049128316143e-03
-1.793019325514181011e-03
-1.813680722885250380e-03
-1.849114087857557610e-03
-1.833743470919123883e-03
-1.853202298471512671e-03
-1.891797345261049534e-03
-1.874351510430217853e-03
-1.890397924469949852e-03
-1.914119793030953989e-03
-1.912392955023421628e-03
-1.898064573340185962e-03
-1.901477880185021164e-03
-1.939373811334541963e-03
-1.925000497708131714e-03
-1.938589783467187504e-03
-1.965900166810412731e-03
-1.951869332470120618e-03
-1.964094966136538823e-03
-1.990831759663221415e-03
-1.976596992102230832e-03
-1.978150852618871906e-03
-1.989376977175677779e-03
-1.991406442813503999e-03
-1.984931000469813966e-03
-1.978415865072935022e-03
-2.003564200601369930e-03
-1.995951527580724048e-03
-1.991020250333716025e-03
-1.983577729364696066e-03
-1.954499843350391425e-03
-1.980895898972761561e-03
-1.978371814384606228e-03
-1.969041937147228676e-03
-1.969223990130729122e-03
-1.893647214994611345e-03
-1.899354820549237297e-03
-1.888880188022466853e-03
-1.923614302040472634e-03
-1.924831811767694625e-03
-1.914708180584133359e-03
-1.864151393497646449e-03
-1.873781410955679570e-03
-1.865941607489758451e-03
-1.937356394785032677e-03
-1.844743484664704454e-03
-1.855585611923096703e-03
-1.857285822094471026e-03
-1.840084915962399972e-03
-1.853924816209807057e-03
-1.867258128758979285e-03
-1.285326928746380847e-03
-1.327891623223529088e-03
-1.317245619872591065e-03
-1.445749968557074900e-03
-1.445635217235009514e-03
-1.407865559938154768e-03
-1.484967533636920040e-03
-1.590443591872310039e-03
-1.596369383085026201e-03
-1.557469658552675194e-03
-1.623817824468699531e-03
-1.688787447129991640e-03
-1.742594832097298704e-03
-1.808159315247876353e-03
-1.813510957069454669e-03
-1.786466581814351480e-03
-1.833878278004015365e-03
-1.896541090060181820e-03
-1.878061017115255273e-03
-1.901941790455001675e-03
-2.042737510655659016e-03
-2.053840327662953980e-03
-2.045998003876274129e-03
-2.033632119993854757e-03
-2.013097994186803345e-03
-1.918805764053186595e-03
-1.929651055209423514e-03
-1.935272950567240623e-03
-1.950460050466599430e-03
-1.984404968174558262e-03
-1.977926139925496613e-03
-1.992841457139614327e-03
-2.082586915023713035e-03
-2.084404269015227833e-03
-2.073819119417370706e-03
-2.092577343131904379e-03
-2.101015059392610535e-03
-2.101575645096533107e-03
-2.109491311570812350e-03
-2.118447481513277032e-03
-2.118188379892783045e-03
-2.125944476697943109e-03
-2.162651953549235475e-03
-2.148754819499515672e-03
-2.141141111217641484e-03
-2.147693917049694427e-03
-2.161149424850049034e-03
-2.153709121641354720e-03
-2.159564387315640599e-03
-2.173633923001050058e-03
-2.170597227160932230e-03
-2.178344489031307230e-03
-2.190210310980915658e-03
-2.186282765712480730e-03
-2.194874432114669437e-03
-2.225730215671511449e-03
-2.207202630919419262e-03
-2.213253153536745479e-03
-2.203394193638372276e-03
-2.260565500927274457e-03
-2.255179738988952014e-03
-2.246226787946184467e-03
-2.277543422530842708e-03
-2.322884182564923135e-03
-2.389094709977024680e-03
-1.364603487898389915e-03
-1.353015766437285546e-03
-1.387498141379069939e-03
-1.434366775051281687e-03
-1.421995900755798625e-03
-1.454870263274620022e-03
-1.505487381786924138e-03
-9.622367292896387642e-04
-1.056887591308435653e-03
-1.138859056661478989e-03
-1.159146357692859061e-03
-1.118511628428042011e-03
-1.250306537787174458e-03
-1.175214321373057452e-03
-1.326724332935000361e-03
-8.227176346528426937e-04
-1.565063614759883842e-03
-1.621792422196005959e-03
-1.675286703491057731e-03
-1.725422286332389766e-03
-1.795432426140475355e-03
-1.772671480456844851e-03
-1.780869790185077989e-03
-1.802408623178609979e-03
-1.828900987669165694e-03
-1.870335441245639515e-03
-1.915004825738133350e-03
-1.902007548842904548e-03
-1.903017505996577440e-03
-1.926646078274034998e-03
-1.914589132651694711e-03
-1.952647697145560961e-03
-1.989016825725127297e-03
-1.977320146978323468e-03
-1.975701826354510273e-03
-1.989595765023306675e-03
-2.011851481387452734e-03
-2.000084747783011790e-03
-2.001289271276700601e-03
-1.997459773283357526e-03
-2.007662576685330467e-03
-1.999974462259288422e-03
-1.995678425257732536e-03
-1.987923885672672301e-03
-1.979893863617502095e-03
-1.968823621955114768e-03
-1.965225562286564663e-03
-1.990388813495141095e-03
-1.980417806300131638e-03
-1.877838253056784892e-03
-1.908311398610544737e-03
-1.852531732808265601e-03
-1.946326305947846010e-03
-1.948801221035657665e-03
-1.935061419795763328e-03
-1.841820989029532190e-03
-1.317193788580279341e-03
-1.343734574454708702e-03
-1.301152980825330324e-03
-1.388446424554910102e-03
-1.379346673552271293e-03
-1.416819645682988998e-03
-1.518435804079085703e-03
-1.521389148967010330e-03
-1.482007012271384459e-03
-1.554283734585742982e-03
-1.646128427221502273e-03
-1.618270144372410940e-03
-1.651674490084754140e-03
-1.708406063685869933e-03
-1.714256584394472423e-03
-1.682940642705863746e-03
-1.736510133917571830e-03
-1.754481998093159779e-03
-1.781336969630708958e-03
-1.759639065334852020e-03
-1.849121258852210944e-03
-1.828631939601728720e-03
-1.854375439289306007e-03
-1.872847996308095236e-03
-2.059869786220350305e-03
-2.062605908715604841e-03
-2.051084978457789511e-03
-2.013175005229258293e-03
-2.018752665794908314e-03
-2.027771616510271480e-03
-2.006976708296722214e-03
-1.913008030883271531e-03
-1.955229750984993110e-03
-1.942510390773843345e-03
-1.963170762290806625e-03
-1.969936122822560105e-03
-1.998608700719579391e-03
-2.071396893052674000e-03
-2.091572290901760889e-03
-2.109244986519329037e-03
-2.134325309959154982e-03
-2.134160749053648498e-03
-2.126108919863062708e-03
-2.165486349169444980e-03
-2.141847257083273615e-03
-2.155318532698925586e-03
-2.167733176272693303e-03
-2.181627811234649553e-03
-2.198154068606727411e-03
-2.238982991889358013e-03
-2.229209315633490923e-03
-2.235586960605175609e-03
-2.226144621721727699e-03
-2.222513810430124231e-03
-2.216083404151433876e-03
-2.249911418932303616e-03
-2.291100054973020834e-03
-2.275846277657217302e-03
-2.292953853123062997e-03
-2.332608077967924555e-03
-2.314408888013552885e-03
-2.341082628368250634e-03
-2.392942389511756082e-03
-2.413610304612130719e-03
-2.378061859231370839e-03
-1.398747848997967946e-03
-1.499331544217554282e-03
-1.466693970732108662e-03
-1.487472840744747792e-03
-1.518222028315992407e-03
-9.231616429853572656e-04
-9.148334404896071251e-04
-9.714912183556962625e-04
-1.042559351168191074e-03
-1.030384491156653183e-03
-1.070090708082127107e-03
-1.090941794594043994e-03
-1.225334087365431094e-03
-1.257780382717100208e-03
-1.217716089191268284e-03
-1.135882232101368241e-03
-1.137206778964606558e-03
-1.174081608642856597e-03
-1.307596857957449938e-03
-1.335990607723738311e-03
-1.298527107723107619e-03
-7.859559848442185118e-04
-7.622826566830760578e-04
-8.483582469848373244e-04
-1.562493993869541872e-03
-1.549046108289187833e-03
-1.578467825365194007e-03
-1.621192389116722166e-03
-1.607570538971479432e-03
-1.635350410411997180e-03
-1.676571146170127181e-03
-1.688979093236495522e-03
-1.662864600262565357e-03
-1.728767440690021345e-03
-1.714923556181024555e-03
-1.739304387514420402e-03
-1.777757465859623916e-03
-1.763629507709809155e-03
-1.786854742084849129e-03
-1.836998959481399123e-03
-1.816418463057852678e-03
-1.822940899684467875e-03
-1.843095400983447941e-03
-1.875633424141335583e-03
-1.862420859925243474e-03
-1.883604861330478390e-03
-1.929766024631730109e-03
-1.910737451702470158e-03
-1.922419862744924194e-03
-1.938560927611430139e-03
-1.926244354993671311e-03
-1.938955374917819899e-03
-1.926740401849443615e-03
-1.964685669902277616e-03
-1.952036934067593113e-03
-1.965300753425096303e-03
-1.989852842720981393e-03
-1.977916871693388614e-03
-1.989291226941308430e-03
-2.014449837658641423e-03
-2.001592789374481533e-03
-2.002485792154273629e-03
-2.012937659177956376e-03
-2.015197684913639081e-03
-2.009345475439448282e-03
-2.003277954293197771e-03
-2.026165232801542711e-03
-2.018991241992232170e-03
-2.014856889595826456e-03
-2.007553038467066366e-03
-1.976287011940747185e-03
-1.963587608393512363e-03
-1.978266439269287837e-03
-2.002981077840026991e-03
-2.001593667845384759e-03
-1.991941101444810996e-03
-1.991420357018356541e-03
-1.868490650575324943e-03
-1.880727675456382022e-03
-1.865843079734449570e-03
-1.909750390348444963e-03
-1.916709225592013333e-03
-1.901634264360731793e-03
-1.828173081104049469e-03
-1.845070063122813703e-03
-1.835071088975368924e-03
-1.961416689028321926e-03
-1.928164175307544529e-03
-1.793329443017073303e-03
-1.819083991153819160e-03
-1.817030834858654291e-03
-1.221495398077756915e-03
-1.269245931471599080e-03
-1.253590138862957547e-03
-1.352641605643140153e-03
-1.445062125653753891e-03
-1.445218919475624829e-03
-1.416793608149511177e-03
-1.481574464956045495e-03
-1.580389092609473444e-03
-1.585260118361396867e-03
-1.549384724201547259e-03
-1.613128070369080702e-03
-1.677165400748200459e-03
-1.731523576849307907e-03
-1.799243972267463871e-03
-1.803684549778370024e-03
-1.776906887057945299e-03
-1.824182509007111997e-03
-1.886855387906403395e-03
-1.891732386676769299e-03
-1.867979635885627654e-03
-2.036283421388397977e-03
-2.048060871920503664e-03
-2.039298098245467036e-03
-2.024332203046954898e-03
-1.908256627020956742e-03
-1.917956060664984712e-03
-1.923691217840584489e-03
-1.936633995653604589e-03
-1.983048890821722653e-03
-1.983936289093367247e-03
-1.969258689519612620e-03
-1.998112099556764980e-03
-2.079342711211239723e-03
-2.069581018975763260e-03
-2.081147152231986337e-03
-2.090163732304681655e-03
-2.098881903352818254e-03
-2.108354658693985424e-03
-2.099656407057438195e-03
-2.117730999441993101e-03
-2.125961950468095284e-03
-2.117775274181151433e-03
-2.150430604725216133e-03
-2.142388697946689870e-03
-2.149888424567641433e-03
-2.164296947109229600e-03
-2.156561869535770625e-03
-2.162982257060618810e-03
-2.178937458445510001e-03
-2.176521087008886478e-03
-2.170038377052131272e-03
-2.184582177204321980e-03
-2.195154189692777053e-03
-2.192426917718123206e-03
-2.200938503378622579e-03
-2.232355577831302007e-03
-2.210644958733547737e-03
-2.218145114151823770e-03
-2.208747329299659643e-03
-2.264530168871605343e-03
-2.251650375401663753e-03
-2.262290135259851197e-03
-2.310596669667373468e-03
-2.277421627486606037e-03
-2.362325442305965046e-03
-1.383731594494584010e-03
-1.373626535255826394e-03
-1.408946575725107458e-03
-1.455291496059833668e-03
-1.444347452228876214e-03
-1.477671268913287100e-03
-1.530841704750063662e-03
-8.544795244390096913e-04
-9.822478891302346103e-04
-1.088512162569770826e-03
-1.265660428555311946e-03
-1.179979382564153587e-03
-1.344951181856341663e-03
-1.591384928746145903e-03
-1.648504751492775415e-03
-1.702357611223251528e-03
-1.752987887383712640e-03
-1.830733353660053252e-03
-1.813016307306629122e-03
-1.804036096347943043e-03
-1.833950854569555084e-03
-1.856328687898162015e-03
-1.907158440673514116e-03
-1.899328757875872777e-03
-1.891334777552090580e-03
-1.918353388547427117e-03
-1.934155993085246968e-03
-1.951627892422421167e-03
-1.977327078475172185e-03
-2.013597159851306453e-03
-2.001591491339485204e-03
-2.001048919626349093e-03
-2.013626423840620717e-03
-2.034235316903822317e-03
-2.022989174897635647e-03
-2.024319120807233693e-03
-2.020634935714006163e-03
-2.030107569874138075e-03
-2.022821897291791817e-03
-2.018848764574839375e-03
-2.011323939143191356e-03
-1.998922425642206575e-03
-1.987588044096631062e-03
-1.989394743258993646e-03
-2.012950416239088665e-03
-2.001142509658376291e-03
-1.888708852553826808e-03
-1.846731413563484567e-03
-1.808989912286785391e-03
-1.971714765466983914e-03
-1.974231376256910947e-03
-1.959170850356995418e-03
-1.932468464175943895e-03
-1.939600533667210774e-03
-1.921285736974741656e-03
-1.265132439086269489e-03
-1.244173664879028463e-03
-1.291344046711619641e-03
-1.355662165693513046e-03
-1.371957855219107375e-03
-1.336566209316462353e-03
-1.400414701423735066e-03
-1.510491802682871650e-03
-1.514299593717201471e-03
-1.477755535983309469e-03
-1.545304561763859554e-03
-1.637175979134421156e-03
-1.641522677872261655e-03
-1.608772551016752475e-03
-1.697609291298355760e-03
-1.702914591819100704e-03
-1.671872891085471064e-03
-1.726043023696157905e-03
-1.745267474553917862e-03
-1.772290757164888663e-03
-1.749929816949894346e-03
-1.838746673793858859e-03
-1.843965061047935731e-03
-1.818977599615627817e-03
-1.862857101647883351e-03
-2.055618403646581813e-03
-2.057920783781725261e-03
-2.045727664227814900e-03
-2.008169158161976324e-03
-2.022145732459026523e-03
-2.010595664389855201e-03
-1.902297164232374937e-03
-1.946105256776671380e-03
-1.950799723280215690e-03
-1.931969050152848415e-03
-1.964785654533112314e-03
-1.995532874425848952e-03
-2.067686902242258339e-03
-2.088805004917108823e-03
-2.107680102579004115e-03
-2.133859745379090150e-03
-2.134375216254983960e-03
-2.125451743615901050e-03
-2.157716090473459514e-03
-2.142469325536269092e-03
-2.171892661817403317e-03
-2.186798778870762371e-03
-2.202486734258527704e-03
-2.245401449793924496e-03
-2.242378425951421436e-03
-2.235546547717981360e-03
-2.224067660711490872e-03
-2.217087833953024657e-03
-2.225180035469887223e-03
-2.254973876608320181e-03
-2.311598707437473831e-03
-2.320557685473710781e-03
-2.301159084797943510e-03
-2.283810299340329267e-03
-2.273871316556062405e-03
-2.286517869514787058e-03
-2.358191940420710855e-03
-2.375899647832645060e-03
-2.344970838718492268e-03
-1.418889915781533072e-03
-1.521870043276234413e-03
-1.488449407570877851e-03
-1.511024093910793772e-03
-1.542513868469770622e-03
-8.404419346051632657e-04
-8.134232905222409972e-04
-8.822929077509251159e-04
-9.488001173498586405e-04
-9.953999645148522112e-04
-9.352638122590284635e-04
-1.028507967675187712e-03
-1.035412441635111822e-03
-1.082624411888129853e-03
-1.242040788894253119e-03
-1.274766620043761654e-03
-1.233355232329673727e-03
-1.147142229259566493e-03
-1.185936871926265412e-03
-1.141172955811752855e-03
-1.324359663123106986e-03
-1.353998450065372044e-03
-1.315549101681439586e-03
-1.586135678654322211e-03
-1.603568292902473637e-03
-1.573936443793294603e-03
-1.645344785637527230e-03
-1.660838389074949326e-03
-1.632918071785207682e-03
-1.701072691554902840e-03
-1.714869487483957223e-03
-1.688585418209763954e-03
-1.753655470757389031e-03
-1.741019034186280876e-03
-1.765670189765617282e-03
-1.802706969392956805e-03
-1.790102795870137167e-03
-1.816602138991801852e-03
-1.864688146767658119e-03
-1.850809150451456983e-03
-1.847273971844763489e-03
-1.870114953120133577e-03
-1.896474815581232314e-03
-1.901909894870312638e-03
-1.886063971200647137e-03
-1.933141457821621959e-03
-1.919971509635315203e-03
-1.931515345508198842e-03
-1.960398161184306702e-03
-1.945046785115141924e-03
-1.949425800278419343e-03
-1.962489165874957420e-03
-1.987161521295164029e-03
-1.976021807709829256e-03
-1.988551454412813228e-03
-2.011451712188852201e-03
-2.000743384401519435e-03
-2.012314402176153781e-03
-2.037996302857951643e-03
-2.025700778736967342e-03
-2.026080867497003033e-03
-2.035898178927281373e-03
-2.036521960091505767e-03
-2.025816740830666506e-03
-2.031304448362885717e-03
-2.047420855298433522e-03
-2.040756643222698535e-03
-2.036780319510853726e-03
-2.029480491698130735e-03
-2.001497574624068899e-03
-2.000328375524692941e-03
-1.989015008699819738e-03
-2.023207543755008424e-03
-2.012729401322780123e-03
-2.022952766649565616e-03
-2.010972341825637867e-03
-1.881809421673098044e-03
-1.895942878937183305e-03
-1.875189662844234557e-03
-1.824589439300694938e-03
-1.846192586213461426e-03
-1.826082879391816667e-03
-1.767854616243432278e-03
-1.797597402821219260e-03
-1.781469134558026548e-03
-1.952487031594379169e-03
-1.987007162740173170e-03
-1.907493461891208129e-03
-1.156795381180279357e-03
-1.211920491733765913e-03
-1.189254681173921788e-03
-1.310707809915766329e-03
-1.437244304353769465e-03
-1.441064234914433539e-03
-1.396575822679435152e-03
-1.473714889900102276e-03
-1.572464153367063820e-03
-1.576277388510343965e-03
-1.541463815478484947e-03
-1.604704133758809350e-03
-1.667295543654689904e-03
-1.721492517248591862e-03
-1.789409057765485155e-03
-1.794325418539982446e-03
-1.767379139915490564e-03
-1.814100535564633788e-03
-1.874909688526008684e-03
-1.880918618630209212e-03
-1.856799177571259035e-03
-2.034235346786953010e-03
-2.035307540531081788e-03
-2.045105894191266357e-03
-2.021215971855632246e-03
-1.896437358446627797e-03
-1.906281602781555694e-03
-1.926192764065661834e-03
-1.911956509479503319e-03
-1.971767469547339949e-03
-1.977616898671510654e-03
-1.958926932205126183e-03
-1.990122956909623139e-03
-2.075210539221806604e-03
-2.065386809256857491e-03
-2.077516016978444430e-03
-2.087022473860646911e-03
-2.095298888840789811e-03
-2.106117353324788929e-03
-2.096699818997865665e-03
-2.114310765377632687e-03
-2.115676969574457108e-03
-2.123999066560642093e-03
-2.166559749212604042e-03
-2.165682784229469929e-03
-2.158509411282746003e-03
-2.150184867776415692e-03
-2.142022880526283767e-03
-2.150592537275783107e-03
-2.182204591419211869e-03
-2.173259390239794774e-03
-2.180776672500275674e-03
-2.188688430756175786e-03
-2.196958862069808924e-03
-2.195863723377680394e-03
-2.203622326273620233e-03
-2.234726501553249700e-03
-2.230162913008520292e-03
-2.240224245775954571e-03
-2.209868496261483978e-03
-2.216974201163048486e-03
-2.210183437953285295e-03
-2.229392091807751684e-03
-2.263548644293178046e-03
-2.263834099274646822e-03
-2.254197686575730615e-03
-2.334156234219237312e-03
-2.295783354631651327e-03
-2.273771502139841812e-03
-1.401443237234068807e-03
-1.428292243047886998e-03
-1.392133749302200841e-03
-1.474957611849763393e-03
-1.498757209605076869e-03
-1.464712871914422565e-03
-1.553931174834687675e-03
-8.945759323532112301e-04
-9.888901012652046366e-04
-1.087575535813253922e-03
-1.193963957692300171e-03
-1.282561522379913402e-03
-1.362356864615367046e-03
-1.615294744710557952e-03
-1.672847403249260682e-03
-1.727093857345358627e-03
-1.777964703209063829e-03
-1.849407704339792180e-03
-1.839981938767068937e-03
-1.825897986567568462e-03
-1.878535522378101032e-03
-1.854516858322394993e-03
-1.871607593244930569e-03
-1.880574652202242174e-03
-1.914771136900787155e-03
-1.954098647707163978e-03
-1.941859816787654645e-03
-1.943295607252023237e-03
-1.957124716650243679e-03
-1.973789091608962702e-03
-1.999438646829911331e-03
-2.034885926757963506e-03
-2.024048623542551439e-03
-2.023163197071720619e-03
-2.036148640547957769e-03
-2.053277903520502393e-03
-2.045473335986361038e-03
-2.043583748167290132e-03
-2.041912765571791619e-03
-2.050100614086716819e-03
-2.043108787824951620e-03
-2.039796991011191916e-03
-2.032982016217659612e-03
-2.012504200941608000e-03
-2.033104832128096451e-03
-1.852880213965385665e-03
-1.795762229072809125e-03
-1.959226207714491984e-03
-1.946303384906997473e-03
-1.965910489910829752e-03
-1.998097484544305181e-03
-2.000004070228799877e-03
-1.985157592084162495e-03
-1.904147498719455621e-03
-1.893246020269489117e-03
-1.918666581403257864e-03
-1.271930994637952405e-03
-1.268509102598024824e-03
-1.214425137517964343e-03
-1.313788963573696723e-03
-1.355231693209678172e-03
-1.396428033741202446e-03
-1.355659965601954675e-03
-1.503715070925516198e-03
-1.506925982794126567e-03
-1.470467845077240432e-03
-1.537951730865442677e-03
-1.628675141392846217e-03
-1.632801378173150478e-03
-1.600554714280273075e-03
-1.688752256492455275e-03
-1.693110249527019114e-03
-1.662972651849868111e-03
-1.717009125801643868e-03
-1.735241977138409679e-03
-1.762372420179838736e-03
-1.740270332303599926e-03
-1.828359975212545153e-03
-1.833616876305168338e-03
-1.808899985741339780e-03
-1.851719489154868671e-03
-2.049602569174056605e-03
-2.052840566943708780e-03
-2.041955480241409819e-03
-2.019180856382194085e-03
-2.026678945201962345e-03
-2.013522393118700148e-03
-1.890438486645584434e-03
-1.935328856963367070e-03
-1.940885919325864399e-03
-1.920689740785102911e-03
-1.953718342449080065e-03
-1.990442614266984319e-03
-1.980823092195366838e-03
-1.999036926701070090e-03
-2.062677694020488388e-03
-2.084843038716473890e-03
-2.104054387590401781e-03
-2.131084438942135780e-03
-2.132770336523530808e-03
-2.122269720692040746e-03
-2.158676807635956808e-03
-2.174633571283474121e-03
-2.140953657608783527e-03
-2.189400289612928891e-03
-2.203164877866686973e-03
-2.245874117048887644e-03
-2.245547301933963156e-03
-2.240246597382297700e-03
-2.218599207839309050e-03
-2.221313001886179080e-03
-2.214199866234221967e-03
-2.232237102455286639e-03
-2.233453844650522095e-03
-2.228111314461979527e-03
-2.254230960837206536e-03
-2.305835195855848903e-03
-2.335327628556871371e-03
-2.310301455304050820e-03
-2.279067770812981224e-03
-2.292152085134745165e-03
-2.280346608701435112e-03
-2.270337724256890882e-03
-1.437691466243283187e-03
-1.543431248520779966e-03
-1.532979185414815732e-03
-1.509082560050828761e-03
-1.565014362496978603e-03
-8.982432774819093697e-04
-8.690966623957967164e-04
-9.235599100342163983e-04
-9.635413525018216192e-04
-1.067898177236057712e-03
-1.107520767449663790e-03
-1.047691948638429862e-03
-1.175485433877242062e-03
-1.208791076929387632e-03
-1.161184972350501766e-03
-1.260658048422831721e-03
-1.251116519777192675e-03
-1.292608076392619439e-03
-1.339729641780022578e-03
-1.331556239567056096e-03
-1.370479055230969939e-03
-1.608800807838115486e-03
-1.597169257554711995e-03
-1.627003100053357656e-03
-1.668433209913432322e-03
-1.684672379112670849e-03
-1.656608623651906979e-03
-1.723668031072934188e-03
-1.738624367251871954e-03
-1.712165062039440726e-03
-1.776327184216747179e-03
-1.764826082659043177e-03
-1.789487701380139059e-03
-1.826798915443170190e-03
-1.814652380196785011e-03
-1.838092526825694985e-03
-1.863781266397870461e-03
-1.887501613336818596e-03
-1.916885808231167006e-03
-1.906761610814265359e-03
-1.924958538364421670e-03
-1.967316317977508243e-03
-1.950074520481589893e-03
-1.960568698513713657e-03
-1.979422238717889852e-03
-1.966571423366133241e-03
-1.969761039356068312e-03
-1.983153615983191623e-03
-2.006618529471910269e-03
-1.997054172607782511e-03
-2.009091660587152429e-03
-2.030267779969041706e-03
-2.021017036094855356e-03
-2.032400856358085751e-03
-2.054494468472628770e-03
-2.044525392076092241e-03
-2.046034185621827331e-03
-2.053497818774753340e-03
-2.056187619643478574e-03
-2.051776889005459906e-03
-2.046312498337331254e-03
-2.066108082192135136e-03
-2.056850881008906711e-03
-2.059598054936579749e-03
-2.049567452048590369e-03
-2.025411460874412817e-03
-2.013577200435016142e-03
-2.024289642114859844e-03
-2.045137122384911924e-03
-2.034094772857160394e-03
-2.044121807750152661e-03
-1.835291201385424575e-03
-1.829415671546245296e-03
-1.858259711918268820e-03
-1.752814563350377306e-03
-1.788671003815333390e-03
-1.760235021066485113e-03
-1.932571551142609530e-03
-1.979414114057811459e-03
-2.012124741991345653e-03
-1.869701067428404962e-03
-1.194299629350270477e-03
-1.175214503204316269e-03
-1.233056892985388061e-03
-1.313819677670632208e-03
-1.431211847221720021e-03
-1.434062920515951061e-03
-1.393696126853996315e-03
-1.467318754302671764e-03
-1.564882816472101378e-03
-1.568530559317961141e-03
-1.534287402103982120e-03
-1.596683436648135401e-03
-1.658638936274680438e-03
-1.712012390501946920e-03
-1.777373502936761959e-03
-1.783422381507165705e-03
-1.756323337782150513e-03
-1.802951123100781424e-03
-1.862839432818653995e-03
-1.868984828830507232e-03
-1.845616466457191242e-03
-2.034406648019662991e-03
-2.004364095305229652e-03
-1.884558382188086887e-03
-1.894530293154630951e-03
-1.914925256833418295e-03
-1.900209925241880867e-03
-1.960105862682217509e-03
-1.966147536654109292e-03
-1.947761116572062877e-03
-1.975265924935495302e-03
-2.068751392603119469e-03
-2.059163865504877542e-03
-2.072309611038745687e-03
-2.082034916756627177e-03
-2.086946192287869335e-03
-2.090751032163180173e-03
-2.100218696127429188e-03
-2.109413421626405317e-03
-2.120210213227183716e-03
-2.111607558530518864e-03
-2.165037618877882833e-03
-2.157605754450075269e-03
-2.166039023173972969e-03
-2.181881328336993109e-03
-2.182208968457250743e-03
-2.174202644285690850e-03
-2.146522033335431304e-03
-2.138794749040208616e-03
-2.148633287987061335e-03
-2.189430031764263550e-03
-2.195092983950814973e-03
-2.195862921370546079e-03
-2.202334254083317556e-03
-2.238947492942239357e-03
-2.204426373386632158e-03
-2.211467375487041580e-03
-2.207087197361416210e-03
-2.225194474207704571e-03
-2.254330616384714239e-03
-2.258190392140966597e-03
-2.249974033607232519e-03
-2.292102818371947320e-03
-2.265166396050359923e-03
-1.419328348521863795e-03
-1.410050515418880251e-03
-1.447094380353241639e-03
-1.494691417533767575e-03
-1.519282725388336041e-03
-1.484469756657472335e-03
-1.576076115947356356e-03
-9.582998209741118477e-04
-9.282145064996348907e-04
-9.935574840210306680e-04
-1.012826231395590280e-03
-1.121395626679888395e-03
-1.217578379187950980e-03
-1.299678163239098962e-03
-1.379080939384342858e-03
-1.638280300724436877e-03
-1.695767295801043533e-03
-1.749783158513943705e-03
-1.801427245318149885e-03
-1.873816420533918822e-03
-1.850235030699169756e-03
-1.861578627326779083e-03
-1.897145950313508262e-03
-1.873278860899835283e-03
-1.887820830715506489e-03
-1.897715792187632238e-03
-1.951123571257824384e-03
-1.933945103143998399e-03
-1.941998379963569841e-03
-1.958930679883374212e-03
-1.973042164858442374e-03
-1.993024831750653085e-03
-2.018639291803795560e-03
-2.050683655972841343e-03
-2.042571985863805492e-03
-2.040465104474298123e-03
-2.052203441110050670e-03
-2.068901965382149814e-03
-2.061472248931905862e-03
-2.060869448724759502e-03
-2.061168538256968885e-03
-2.067191255643094708e-03
-2.060515088640178707e-03
-2.058305529709669214e-03
-2.051737703935140305e-03
-2.035178746891161666e-03
-2.052715322953513853e-03
-1.793460836924826510e-03
-1.931060485489166298e-03
-1.946570797777775379e-03
-1.918549718010658604e-03
-1.986936539226745631e-03
-1.973708400154613237e-03
-1.993121242078579013e-03
-2.020620983431580409e-03
-2.009620021841793721e-03
-2.023306052054552398e-03
-1.852858993136355902e-03
-1.879849090397138402e-03
-1.845257091652695303e-03
-1.092069715253771557e-03
-1.143053091068710727e-03
-1.124801194024108554e-03
-1.279259191612028800e-03
-1.275111220656503699e-03
-1.236347932890452224e-03
-1.317311605209377885e-03
-1.338200027095032708e-03
-1.384801341473794944e-03
-1.346374282307008508e-03
-1.497706875341869859e-03
-1.500548221186828821e-03
-1.464459426564079184e-03
-1.531187862973077806e-03
-1.620092050953775330e-03
-1.624286650773596862e-03
-1.592474153778077051e-03
-1.679133277456872336e-03
-1.683886643034928146e-03
-1.653903960643247212e-03
-1.707187615179117050e-03
-1.724199753925901137e-03
-1.750815389236039851e-03
-1.729702925940763579e-03
-1.815495829555119345e-03
-1.796439363333661703e-03
-1.822021283435334938e-03
-1.839304898651916275e-03
-2.041141074583397840e-03
-2.045635847076734785e-03
-2.029828326122067299e-03
-1.986036852638181031e-03
-2.002499367446070131e-03
-1.988160800130232136e-03
-1.878486540491461441e-03
-1.921968839572994270e-03
-1.908064770761154667e-03
-1.928841039716938004e-03
-1.941317084145256864e-03
-1.972979536796921288e-03
-2.055239313082074960e-03
-2.077486156308936197e-03
-2.097512337654943663e-03
-2.125359945404213090e-03
-2.128509835796432281e-03
-2.117004535633588286e-03
-2.156054962427750472e-03
-2.173697780195373193e-03
-2.136241230065478482e-03
-2.188337575142260474e-03
-2.199559684177752449e-03
-2.237977124258816279e-03
-2.241656124335639731e-03
-2.235129325040678162e-03
-2.207388408591637319e-03
-2.205585024897204881e-03
-2.213053366119897836e-03
-2.225989592936312295e-03
-2.229145754041629568e-03
-2.222383525500457035e-03
-2.245607324050599880e-03
-2.266796157673627368e-03
-2.286009948779233868e-03
-2.272090554011394099e-03
-2.251916023975060292e-03
-2.265078011046214954e-03
-2.253039150243508256e-03
-1.456627305703443731e-03
-1.564612744411490296e-03
-1.554233085832236200e-03
-1.529594016322237404e-03
-1.586847579433564234e-03
-1.019239249800706721e-03
-9.886849958491224395e-04
-1.043637163802525834e-03
-1.122185387630929461e-03
-1.094690146838160714e-03
-1.148811265006409411e-03
-1.204352962535716826e-03
-1.232496011469553414e-03
-1.189635748192197952e-03
-1.271311522348754540e-03
-1.265851864680724069e-03
-1.305716070487445910e-03
-1.360990876664433828e-03
-1.350177072515939582e-03
-1.390196234301525023e-03
-1.629792708617795217e-03
-1.649103378360674025e-03
-1.619131652782519444e-03
-1.688767736414540765e-03
-1.678417715692588066e-03
-1.706191133709150654e-03
-1.744749855918009511e-03
-1.760518619332196617e-03
-1.734056572441875464e-03
-1.797963310978455955e-03
-1.787022570017641251e-03
-1.812355895246685680e-03
-1.848972267150856500e-03
-1.861377101442563981e-03
-1.837841126268213981e-03
-1.885435226010108607e-03
-1.906997728887705086e-03
-1.936144745375468698e-03
-1.926572395351059709e-03
-1.943530870671348124e-03
-1.984001928966157464e-03
-1.967389765109286634e-03
-1.975475361677987447e-03
-1.996410746401837150e-03
-1.981675666348354549e-03
-1.987735371677454461e-03
-2.001337590906241207e-03
-2.023230165677973938e-03
-2.015135031655420402e-03
-2.026770734313823943e-03
-2.044489340138670730e-03
-2.037569212822456632e-03
-2.047400253434330814e-03
-2.067358937790947371e-03
-2.058816035361128727e-03
-2.060696093002502716e-03
-2.067665901499486387e-03
-2.071154005455633738e-03
-2.068655780016863573e-03
-2.063610614033777827e-03
-2.079950407134760482e-03
-2.074154467862151293e-03
-2.072847709456552157e-03
-2.065690408701300468e-03
-2.043926034568024387e-03
-2.044619454296976897e-03
-2.034740744833267705e-03
-2.061687786111926837e-03
-2.053347901972515845e-03
-2.061074838008015823e-03
-1.757917698825195527e-03
-1.796384442297241629e-03
-1.754387518455022233e-03
-1.961129086410747305e-03
-1.894289325246320934e-03
-2.004711340251140797e-03
-2.032649064872866715e-03
-1.806582935944593899e-03
-1.136303582090376083e-03
-1.165266220500833826e-03
-1.113969898520749150e-03
-1.237903932837893135e-03
-1.215690527639176014e-03
-1.258186697842898598e-03
-1.308357714556311916e-03
-1.427784612219098418e-03
-1.429354059148640280e-03
-1.382945150645997203e-03
-1.462614769144297399e-03
-1.557810676177752863e-03
-1.527740316983884107e-03
-1.561232964497971144e-03
-1.649564946315075628e-03
-1.588886893425323164e-03
-1.701648572992221428e-03
-1.764188402547817646e-03
-1.744168811756410505e-03
-1.770854142540195233e-03
-1.789963463225345552e-03
-1.848872221395333592e-03
-1.832176259482461590e-03
-1.856004894450936785e-03
-2.015710730218577863e-03
-2.017590824145337573e-03
-2.028686701034598024e-03
-2.000959704961407029e-03
-1.871691238762802478e-03
-1.879956651292327046e-03
-1.886982036910063703e-03
-1.900931637847928790e-03
-1.945013750247744999e-03
-1.933509204826884976e-03
-1.952865074015308882e-03
-1.965792962783218661e-03
-2.059813399519302805e-03
-2.050476239905648593e-03
-2.064591411214175293e-03
-2.073373238736456702e-03
-2.078942311046402466e-03
-2.094046209062971377e-03
-2.082771954462202604e-03
-2.104787054819199851e-03
-2.107250129943578215e-03
-2.115369634962454334e-03
-2.160148303928463315e-03
-2.153316293352871245e-03
-2.162820113798921001e-03
-2.178488582920016636e-03
-2.180357144757127247e-03
-2.171750841350324982e-03
-2.139534854399021378e-03
-2.132436671038869577e-03
-2.143304481288854646e-03
-2.186793737259819844e-03
-2.189450876805664435e-03
-2.192130219121513936e-03
-2.196817969001036309e-03
-2.231723717044675932e-03
-2.195764115199987793e-03
-2.201324890865342596e-03
-2.200069082828136086e-03
-2.213715131033813788e-03
-2.216160146872600458e-03
-2.210296793202083492e-03
-2.219543008821502593e-03
-2.237429733680173453e-03
-2.245050585257609473e-03
-2.237649802090514641e-03
-2.259322476184414622e-03
-2.243189233994362548e-03
-1.438851409931185890e-03
-1.466694069533966416e-03
-1.428804760130811258e-03
-1.516581752278223574e-03
-1.505318548069526892e-03
-1.540637477393077626e-03
-1.597179704734181822e-03
-1.070582065646723344e-03
-1.163075388456408276e-03
-1.238136785909430557e-03
-1.315987933706296541e-03
-1.399645514020665150e-03
-1.659058946793611107e-03
-1.716558326742338887e-03
-1.771206989063297405e-03
-1.823402556063684473e-03
-1.894280838816932286e-03
-1.884032725247835639e-03
-1.871593136073312728e-03
-1.917839943716459104e-03
-1.895826908443263518e-03
-1.907469773911105518e-03
-1.916659479962370223e-03
-1.969593280498877982e-03
-1.960233450246503303e-03
-1.952816891818107223e-03
-1.976493266337797042e-03
-1.989836132605816120e-03
-2.009851970403738700e-03
-2.034049484896811085e-03
-2.063047213064047453e-03
-2.053781083886468701e-03
-2.056641423983888474e-03
-2.064764190524265818e-03
-2.080071082275519474e-03
-2.073496351267834024e-03
-2.074232677344454035e-03
-2.075387895869464702e-03
-2.079474296297277071e-03
-2.074464947108239747e-03
-2.072753216615865098e-03
-2.067441855666587221e-03
-2.052808698119951755e-03
-2.067974678014400901e-03
-1.968491812933602109e-03
-1.950643880173828087e-03
-1.978571674765196992e-03
-1.893447983878636907e-03
-1.874628877974123670e-03
-1.913687581363472624e-03
-2.013166635500825401e-03
-2.017559693330033509e-03
-2.000476470423779955e-03
-2.038329239947664351e-03
-2.029482961815045131e-03
-2.041191031190332794e-03
-1.773391951181245776e-03
-1.813059111269717510e-03
-1.760180181761058105e-03
-1.027509573400647944e-03
-1.081834658514785937e-03
-1.060235251399953456e-03
-1.186571446633530053e-03
-1.287342244715747363e-03
-1.360786462212149094e-03
-1.349550188405137120e-03
-1.394263004510184730e-03
-1.492311517940007578e-03
-1.460102824390968916e-03
-1.494903555282956452e-03
-1.525000936796978412e-03
-1.668252778159598666e-03
-1.673658296759620960e-03
-1.644162250866257466e-03
-1.609818630968110065e-03
-1.583802373925699905e-03
-1.614897596596930615e-03
-1.696226265635634263e-03
-1.710758094268969957e-03
-1.737500828119010760e-03
-1.717417402943278082e-03
-1.799829259995721319e-03
-1.781998501908662767e-03
-1.807808006365077677e-03
-1.824536562093033660e-03
-2.029808451083738204e-03
-2.035750621268611442e-03
-2.022776541573192109e-03
-1.998488633680322278e-03
-2.007310123734918142e-03
-1.992343134282949062e-03
-1.864141115401749069e-03
-1.905278994450737519e-03
-1.892355861559643585e-03
-1.913808450869646871e-03
-1.925374663298345381e-03
-1.964398292421510629e-03
-1.954715605398754229e-03
-1.975419060785764402e-03
-2.045124873658717580e-03
-2.069198706459475946e-03
-2.091983263486179006e-03
-2.115935290832271672e-03
-2.120931742033680973e-03
-2.110377506447266589e-03
-2.150095493762221952e-03
-2.169522733946432393e-03
-2.128029190628871661e-03
-2.183832389030959491e-03
-2.192463541816484004e-03
-2.224991954939172824e-03
-2.231057686836982086e-03
-2.225412482765308161e-03
-2.197383687390964263e-03
-2.202216551435940209e-03
-2.196535228538721695e-03
-2.205169489426044276e-03
-2.218867586345449859e-03
-2.230602544437637700e-03
-2.224622403615539312e-03
-2.245059256857701545e-03
-2.237396103832918828e-03
-2.224090059006577583e-03
-2.230361422546858329e-03
-2.236832924775867659e-03
-1.477412668215112579e-03
-1.586786034666023276e-03
-1.575878664303841711e-03
-1.551538396655512131e-03
-1.608426526600431053e-03
-1.081019928360430751e-03
-1.049998920825497570e-03
-1.101553180720010912e-03
-1.177277517196979699e-03
-1.149507004616141803e-03
-1.190659960646729210e-03
-1.224258349701800056e-03
-1.310023219428511822e-03
-1.336160235962597417e-03
-1.290822640249464619e-03
-1.378578718303567763e-03
-1.408792700479334550e-03
-1.369420915982665033e-03
-1.648617937575657093e-03
-1.668723134441452323e-03
-1.639088179048086387e-03
-1.709337221573422813e-03
-1.727036430985596322e-03
-1.698920970911581632e-03
-1.765226409783200376e-03
-1.781578878412471692e-03
-1.754866619455038804e-03
-1.818205003645466129e-03
-1.807998187414314433e-03
-1.833565950351882367e-03
-1.906029841578671391e-03
-1.868834219142694649e-03
-1.858885576564117854e-03
-1.881535621903481122e-03
-1.926966664181326266e-03
-1.954187951828137600e-03
-1.945213003635563962e-03
-1.961786919541830352e-03
-2.000147048507385904e-03
-1.991914804970952753e-03
-1.984744367012458276e-03
-2.014311098115016078e-03
-1.999013637073555373e-03
-2.005207889630235100e-03
-2.018634301225630430e-03
-2.037143461863977559e-03
-2.030367097060712701e-03
-2.040848831333275711e-03
-2.056684376040054160e-03
-2.050802970030737166e-03
-2.059670363155947578e-03
-2.077403289485685225e-03
-2.069993418155037512e-03
-2.072110750148273197e-03
-2.078237697149661056e-03
-2.081496710311304087e-03
-2.076189052463236866e-03
-2.080445210971040328e-03
-2.088956832117367084e-03
-2.084208359413967926e-03
-2.084207660540412978e-03
-2.077729862547415818e-03
-2.058765782550877992e-03
-2.051310055038088002e-03
-2.060092859194473294e-03
-2.075099830276859805e-03
-2.068453651449368019e-03
-2.074785836325711806e-03
-1.992131596871941045e-03
-1.932632580510277968e-03
-1.834742052014874279e-03
-2.026506832469952314e-03
-2.048540286581630558e-03
-1.078260914153653756e-03
-1.052915242360491672e-03
-1.107296416964534316e-03
-1.188351849965161872e-03
-1.212161853793159664e-03
-1.162016268633296254e-03
-1.283227477463245872e-03
-1.310365365612038658e-03
-1.260904592172377731e-03
-1.415202063558452725e-03
-1.421083063748923526e-03
-1.387974835265398232e-03
-1.321782061787743403e-03
-1.453639401513601073e-03
-1.548952215275031449e-03
-1.520634223629869922e-03
-1.553320707840289815e-03
-1.639027071020852976e-03
-1.579362147260856240e-03
-1.689443846443340440e-03
-1.747969230186323386e-03
-1.729290829186629162e-03
-1.756204853426286379e-03
-1.774076964687325330e-03
-1.832467742751642693e-03
-1.840879797414248908e-03
-1.816120983522158741e-03
-2.014436665077320564e-03
-1.981692758122493344e-03
-1.856195499979189280e-03
-1.861359985558645475e-03
-1.870320485860698431e-03
-1.883229615654579119e-03
-1.925910552614506967e-03
-1.935705123028282895e-03
-1.915622845868987772e-03
-1.945420465258505122e-03
-2.047828765364335946e-03
-2.038811915239854573e-03
-2.054151043722839305e-03
-2.063669176454321387e-03
-2.090282089495478467e-03
-2.084749069051499218e-03
-2.097835037497929392e-03
-2.103401064942721742e-03
-2.151935336975822899e-03
-2.156265618564649246e-03
-2.145704578761283270e-03
-2.172007961636701363e-03
-2.175419861096419046e-03
-2.166075145776942112e-03
-2.128781073951898153e-03
-2.122364424968262685e-03
-2.134463753845810066e-03
-2.180729838729750757e-03
-2.180581048098857808e-03
-2.184866763669178827e-03
-2.188042055779327623e-03
-2.184104044224561593e-03
-2.190622981217111177e-03
-2.189858488149892292e-03
-2.198279586160644360e-03
-2.205591847212499609e-03
-2.197760056502858807e-03
-2.207522538032151340e-03
-2.215590389363812814e-03
-2.210562601340330079e-03
-2.216006352406871011e-03
-2.226043390170749474e-03
-2.220429761107455165e-03
-2.224336315534668207e-03
-2.219172023808486591e-03
-1.465996444904998051e-03
-1.491095686351873346e-03
-1.452072542196883743e-03
-1.541271907686347399e-03
-1.564358589685848396e-03
-1.528879295841697626e-03
-1.617689298207339310e-03
-1.129079619273519897e-03
-1.237107054629377721e-03
-1.206983749717031309e-03
-1.254118033125383759e-03
-1.344394697121531566e-03
-1.273412005781890399e-03
-1.422468449920522363e-03
-1.678853500624454334e-03
-1.737136812182508983e-03
-1.791606980056641586e-03
-1.843474016843822455e-03
-1.935585066373767676e-03
-1.914913973172420545e-03
-1.926668106450462898e-03
-1.913366147494475296e-03
-1.891075508383327931e-03
-1.903814870821661509e-03
-1.936028719950555347e-03
-1.986503043622442604e-03
-1.970316678506940904e-03
-1.977921449674962737e-03
-1.993061876316610387e-03
-2.006924638099179172e-03
-2.025751066492617516e-03
-2.047141659065999843e-03
-2.073226397782695300e-03
-2.067890833408373742e-03
-2.064973371545200751e-03
-2.074823049769950259e-03
-2.088363030819145611e-03
-2.082634221576405535e-03
-2.083926276131164643e-03
-2.089772604805222988e-03
-2.084644390833231310e-03
-2.085504546100886911e-03
-2.088047439636460910e-03
-2.088912850248105489e-03
-2.085147961025541567e-03
-2.083206447146862712e-03
-2.079769366390259687e-03
-2.066857455821516885e-03
-2.080066449958198511e-03
-2.004491188849810094e-03
-1.987577076806541082e-03
-2.010262803493016118e-03
-1.959542695169310018e-03
-1.925865416888265140e-03
-1.963793030378380069e-03
-1.804584088848229691e-03
-1.847704837805326343e-03
-1.786839016994773563e-03
-2.044391762907450324e-03
-2.041554062604258694e-03
-2.029359860960598932e-03
-2.052143021681630212e-03
-9.635465066096179920e-04
-1.021110494268983367e-03
-9.959542415144044623e-04
-1.133162569044887224e-03
-1.235425388679701770e-03
-1.336590029889662707e-03
-1.349032692681885600e-03
-1.375062644937635010e-03
-1.310150361606127797e-03
-1.485554564035231322e-03
-1.450052419227493500e-03
-1.488842238008456029e-03
-1.517201787620115318e-03
-1.654748891010921451e-03
-1.661506241379583082e-03
-1.632274901253985035e-03
-1.596468817847826113e-03
-1.603133121556491944e-03
-1.572714331916158850e-03
-1.682753303624547970e-03
-1.693856075840897892e-03
-1.720936639410562425e-03
-1.702187194405291749e-03
-1.780980956135552393e-03
-1.790628198515049289e-03
-1.764465067104579055e-03
-1.806992250686631062e-03
-2.014111541542968307e-03
-2.022248756227688470e-03
-2.006303184072264455e-03
-1.979336035891190136e-03
-1.989188796674861738e-03
-1.971908580058141791e-03
-1.846555797666367578e-03
-1.884811135161045459e-03
-1.872732551520937426e-03
-1.895251858250255727e-03
-1.905594267519603296e-03
-1.942049528651962429e-03
-1.953486407548313177e-03
-1.934015806512818852e-03
-2.031279057863026854e-03
-2.062267839466370989e-03
-2.070793801372669638e-03
-2.055045370599140053e-03
-2.076501837413470292e-03
-2.102462296232980241e-03
-2.109496914942306581e-03
-2.096385808624136489e-03
-2.140635085669569202e-03
-2.162158704211789104e-03
-2.115935693273191236e-03
-2.176145962177557236e-03
-2.182140309734179225e-03
-2.182691869483372946e-03
-2.189990125428292050e-03
-2.183533269661466422e-03
-2.202275474165435280e-03
-2.190298491159465340e-03
-2.210874268696583038e-03
-2.189060454150805121e-03
-2.208167477915381777e-03
-2.207900404862841656e-03
-2.192223857121846243e-03
-2.207738713426279312e-03
-2.204329780707341754e-03
-1.503382153185076325e-03
-1.600357311028096675e-03
-1.570794714987650388e-03
-1.593671316565091261e-03
-1.624584626023793232e-03
-1.143161944759612083e-03
-1.111877692745484938e-03
-1.160074400762717804e-03
-1.189996207679497537e-03
-1.304660786851821134e-03
-1.307641053851159221e-03
-1.341719837193514498e-03
-1.270960661543659928e-03
-1.383988755792163938e-03
-1.425007510206491041e-03
-1.381384482392095494e-03
-1.667178414274745647e-03
-1.657787169671750150e-03
-1.688251936589594063e-03
-1.728615229915200779e-03
-1.718875894227302366e-03
-1.746909142098330113e-03
-1.785347158265083393e-03
-1.801766768585534844e-03
-1.775202344169755225e-03
-1.838527125257109762e-03
-1.828312861831360089e-03
-1.853663095839163180e-03
-1.944844995074552531e-03
-1.924434667152388929e-03
-1.887342099390934037e-03
-1.878082507140774789e-03
-1.900346882596414596e-03
-1.970923140339486852e-03
-1.962620550265970799e-03
-1.978603179634903959e-03
-2.015139124470301246e-03
-2.000697936011775965e-03
-2.007482088989493828e-03
-2.027301246874314844e-03
-2.013583901469654346e-03
-2.020631975616276298e-03
-2.032065175747758360e-03
-2.049123045235259899e-03
-2.043341356621641240e-03
-2.052933494332310604e-03
-2.066975369168032924e-03
-2.062058907472416516e-03
-2.069887252851065028e-03
-2.085521294396103318e-03
-2.079165362817219850e-03
-2.081211723293231643e-03
-2.086433000572845541e-03
-2.087202633730199635e-03
-2.095496940038444732e-03
-2.091698635463314689e-03
-2.092002516972954387e-03
-2.095460201703181011e-03
-2.092033748247495301e-03
-2.092416427964445720e-03
-2.070874112992626866e-03
-2.073261212754286698e-03
-2.065150944067852077e-03
-2.085435269594454032e-03
-2.080386830584098068e-03
-2.085314214284680282e-03
-1.982872451089593736e-03
-2.026595126494600344e-03
-1.909035346015942360e-03
-1.935070711841818236e-03
-1.901767483028740874e-03
-1.857072808800837912e-03
-2.058558131453515870e-03
-1.026911586388503002e-03
-1.052068337717410864e-03
-9.947115751234500685e-04
-1.121332339077103259e-03
-1.100009509116286772e-03
-1.154050688321575299e-03
-1.271149422293752981e-03
-1.276910531310716801e-03
-1.230049711436940595e-03
-1.355964449858037624e-03
-1.385103070301707106e-03
-1.346619591441673269e-03
-1.303957982329289646e-03
-1.431832800904888053e-03
-1.423788221224507947e-03
-1.458551533954498009e-03
-1.535280072084887083e-03
-1.542062572898084735e-03
-1.510399016139724482e-03
-1.625649770542843785e-03
-1.565893778351104331e-03
-1.674182322563219812e-03
-1.727694380872452171e-03
-1.738018662563483707e-03
-1.710642709444815677e-03
-1.754581771434343337e-03
-1.810645513580460327e-03
-1.821853033091796678e-03
-1.795775940216206429e-03
-1.997020165753867621e-03
-1.960971246796484879e-03
-1.835901874958733096e-03
-1.840497782993783492e-03
-1.850590387956417039e-03
-1.862544317537863890e-03
-1.902702931084826682e-03
-1.893793268910087075e-03
-1.914551350603179315e-03
-1.922622532731444161e-03
-2.030733908708167151e-03
-2.022390395380279076e-03
-2.039520101362238443e-03
-2.046747406463216186e-03
-2.073192580413781884e-03
-2.082035634018728019e-03
-2.067801891359442173e-03
-2.088122451332783194e-03
-2.139178566861243101e-03
-2.145852528219412397e-03
-2.133965487647688543e-03
-2.162496518830599873e-03
-2.157195922228495599e-03
-2.167413014529115303e-03
-2.112875426119582931e-03
-2.107657028168563595e-03
-2.121145029050755786e-03
-2.171543027744267992e-03
-2.168601420929005229e-03
-2.174357189228293651e-03
-2.176134209513989632e-03
-2.169933428445519705e-03
-2.176450542018071831e-03
-2.176830929677755176e-03
-2.187958498522320910e-03
-2.193146626784443776e-03
-2.197102809625263355e-03
-2.182388076858485237e-03
-2.182971614591501085e-03
-2.190175522947968283e-03
-2.191426271193775126e-03
-2.202667988839081097e-03
-2.199497930085146397e-03
-2.190654372499102522e-03
-2.190682399640522717e-03
-1.534631003550394196e-03
-1.500453636969636875e-03
-1.538214643935637655e-03
-1.567738102070605818e-03
-1.633754896135623889e-03
-1.205229982496887602e-03
-1.174036244074361246e-03
-1.221053897131470396e-03
-1.344421699565544106e-03
-1.255037085675739586e-03
-1.455181520411573913e-03
-1.419463508582020830e-03
-1.460275609374496637e-03
-1.697773270777240117e-03
-1.756874386990433037e-03
-1.811868720143587456e-03
-1.862898513280717393e-03
-1.953277387370251118e-03
-1.952993796174694839e-03
-1.933157292143824774e-03
-1.944243208528710371e-03
-1.932914353943317783e-03
-1.910022140537792710e-03
-1.923057633358468254e-03
-2.002530353618345738e-03
-1.994382032680508312e-03
-1.986751100428164191e-03
-2.008562002198400510e-03
-2.020909060394309332e-03
-2.038248043669115949e-03
-2.058280239513029207e-03
-2.081552827664598718e-03
-2.074301811427551635e-03
-2.077157727248848430e-03
-2.083084835573485206e-03
-2.094009993204799629e-03
-2.089563096016139494e-03
-2.090953926676848533e-03
-2.092627040278055312e-03
-2.091107499434251369e-03
-2.088821341398732455e-03
-2.094284405747404067e-03
-2.095075704368994617e-03
-2.093734713348069289e-03
-2.078541011378033654e-03
-2.088965423708950657e-03
-1.988720766951960518e-03
-1.998829682481243972e-03
-1.975917102501177462e-03
-2.037195621098295949e-03
-2.021640371916728646e-03
-2.041460647919754456e-03
-1.951166223883120865e-03
-1.854149436472297355e-03
-1.881298980198784984e-03
-1.827521396106510793e-03
-2.064018155989599639e-03
-2.054498722270965347e-03
-2.067915500227823604e-03
-9.004822857493583951e-04
-9.635276137565970244e-04
-9.324610136639229548e-04
-1.073550740873735997e-03
-1.190880790956090184e-03
-1.188770417434348390e-03
-1.155840722143993467e-03
-1.230726089650441063e-03
-1.393971915275757888e-03
-1.313927000908850576e-03
-1.475677771042316691e-03
-1.480432151319962912e-03
-1.453734052471716137e-03
-1.505395691665302373e-03
-1.637084219809496147e-03
-1.645978077155930280e-03
-1.616774618315448397e-03
-1.578125587467430271e-03
-1.587344322753805968e-03
-1.556709219284713955e-03
-1.665468876495473666e-03
-1.672269223956612035e-03
-1.699983642532771743e-03
-1.682866951169910072e-03
-1.755919590200622198e-03
-1.768760880899273094e-03
-1.741826373257628936e-03
-1.783606705913132716e-03
-1.994593220463608974e-03
-2.004655169547293458e-03
-1.986961148538556217e-03
-1.956155385048716222e-03
-1.968028084256487776e-03
-1.949105927168154340e-03
-1.825121559334842627e-03
-1.860862439924156585e-03
-1.873097618843929443e-03
-1.850349346756534341e-03
-1.881989427428647742e-03
-1.917525361965072717e-03
-1.930066443177670590e-03
-1.910161245376295301e-03
-2.012965700390730462e-03
-2.043275309625827794e-03
-2.036975301375969216e-03
-2.052935997577123427e-03
-2.058463402057953296e-03
-2.084453846722047511e-03
-2.093770525897255871e-03
-2.078834390989010156e-03
-2.126322035685576824e-03
-2.151120569287579172e-03
-2.098979083452919871e-03
-2.165321743950048700e-03
-2.168865852616074820e-03
-2.165997376329042382e-03
-2.167714000478679869e-03
-2.174474408637788996e-03
-2.188920775348512406e-03
-2.184742189574010070e-03
-2.169354164859328520e-03
-2.176181145904797914e-03
-2.176088928301568061e-03
-2.150400308992485039e-03
-2.171017682861765309e-03
-2.172654904133925705e-03
-2.162632024327216292e-03
-2.176081380229864370e-03
-2.177222052343548257e-03
-1.494755424572663440e-03
-1.618863823260587856e-03
-1.576919574027007545e-03
-1.609735183987436122e-03
-1.643113154923642356e-03
-1.345992024344184936e-03
-1.324988919014583001e-03
-1.364915054273805033e-03
-1.267288780365432958e-03
-1.236160843867649406e-03
-1.285918380131961976e-03
-1.411044971419562165e-03
-1.397340645593777610e-03
-1.433314210706638971e-03
-1.686420764398022850e-03
-1.676719571905770263e-03
-1.707491888703434844e-03
-1.748660737071611399e-03
-1.738566811484887949e-03
-1.766988350089626495e-03
-1.805949276642623141e-03
-1.822222366829890760e-03
-1.795591432298060224e-03
-1.858710979914365326e-03
-1.848591264769870648e-03
-1.873020267048917682e-03
-1.961916452711782305e-03
-1.942855189121116179e-03
-1.907554645633250962e-03
-1.897454993683593549e-03
-1.920124980239800621e-03
-1.988751542084994488e-03
-1.979903625551901383e-03
-1.995456213281437269e-03
-2.029039607681235036e-03
-2.021944310705939621e-03
-2.015678566619509473e-03
-2.040170339153473539e-03
-2.027531958686622227e-03
-2.033570888831225804e-03
-2.044506002477091636e-03
-2.059653198283111983e-03
-2.054586089266473292e-03
-2.063349589073578023e-03
-2.075886313793706608e-03
-2.071653193692362619e-03
-2.078523354223885122e-03
-2.091733655161339377e-03
-2.088393679076318635e-03
-2.086460026366474593e-03
-2.092421565084018331e-03
-2.099123243574580258e-03
-2.097136072833190746e-03
-2.096404871517597735e-03
-2.099087242924776130e-03
-2.097168646584491192e-03
-2.097109961158804235e-03
-2.097182358223625628e-03
-2.096237657848252361e-03
-2.094800688683632651e-03
-2.082436179115509760e-03
-2.076832233865655818e-03
-2.083993821767394714e-03
-2.092629184957959469e-03
-2.089105277693536957e-03
-2.092619435282164035e-03
-2.015892338958490647e-03
-2.051568858702484694e-03
-1.937009841600212216e-03
-1.924818318190764550e-03
-1.966204178921618015e-03
-1.896817464862649103e-03
-2.073840996570238196e-03
-9.793038678025276986e-04
-9.394132281517841940e-04
-1.002668057086201830e-03
-1.103641143389020316e-03
-1.111640449099733641e-03
-1.065064454221868566e-03
-1.147083500206749632e-03
-1.271181149730139445e-03
-1.270835022400265343e-03
-1.230912024635495922e-03
-1.412551798760012297e-03
-1.421975382982576010e-03
-1.384851281943322516e-03
-1.313571254859081461e-03
-1.443929454411565063e-03
-1.518510085593203791e-03
-1.526939366332418120e-03
-1.497197818530470641e-03
-1.607713111478147657e-03
-1.548388900086728392e-03
-1.654479688590994703e-03
-1.701348359045357344e-03
-1.686599592211576217e-03
-1.714759846647076393e-03
-1.728928175573386794e-03
-1.787783270306456942e-03
-1.799501957233120035e-03
-1.771696461536085947e-03
-1.975679785369555564e-03
-1.937111053279883584e-03
-1.813762046213295790e-03
-1.826872441910641544e-03
-1.833782472897823278e-03
-1.843977387012561220e-03
-1.877968550996577616e-03
-1.869424033921911676e-03
-1.890543723918329750e-03
-1.897957180142773774e-03
-2.009209117337762418e-03
-2.001872385020297355e-03
-2.020229260195018865e-03
-2.026511904375481992e-03
-2.053242862801461181e-03
-2.048281927369028678e-03
-2.063480370028553286e-03
-2.069142077215814415e-03
-2.122097424000852963e-03
-2.117450982039071911e-03
-2.130939880274873056e-03
-2.146802431160257842e-03
-2.142958236912434911e-03
-2.154909232806038327e-03
-2.092817824113221963e-03
-2.088626195652712892e-03
-2.103188103223210554e-03
-2.157684796785397634e-03
-2.153060716027144737e-03
-2.160543244641959047e-03
-2.161246558101265203e-03
-2.153028065721016276e-03
-2.159455351464478409e-03
-2.161193716937844650e-03
-2.167837297786510010e-03
-2.170627357872858577e-03
-2.179883336635978289e-03
-2.179274988764786768e-03
-2.169489737572661940e-03
-2.178468662468578069e-03
-2.176256345114091495e-03
-2.169842198477558125e-03
-2.156606840038360201e-03
-2.165495185014023119e-03
-1.485774934997880804e-03
-1.470428810699975653e-03
-1.510348867392999773e-03
-1.569421473817334857e-03
-1.552000018491074985e-03
-1.594347706599194819e-03
-1.652636149742682959e-03
-1.306432402731597152e-03
-1.378191651179730328e-03
-1.448394860593979960e-03
-1.717431289795141175e-03
-1.777224142382425719e-03
-1.832282985334144753e-03
-1.883128384303514331e-03
-1.970939402654234285e-03
-1.978755191329290963e-03
-1.965705477339389252e-03
-1.955829143597773503e-03
-1.953885721080309435e-03
-1.943369769970945639e-03
-1.930765989341369331e-03
-2.017634468730983635e-03
-2.003162621683256695e-03
-2.009992293504043494e-03
-2.034326812209112829e-03
-2.023128512065897402e-03
-2.049945280049128050e-03
-2.067996438394314237e-03
-2.088680780361799362e-03
-2.084904506440424590e-03
-2.082324571019106979e-03
-2.089797979630073684e-03
-2.098311671888224584e-03
-2.095967347150166915e-03
-2.094862134926904571e-03
-2.098353604154146700e-03
-2.098806372763821482e-03
-2.097869770008681418e-03
-2.094762400479057915e-03
-2.087633552141626887e-03
-2.036391186992032344e-03
-2.013026158920015393e-03
-2.036865034821800941e-03
-2.062829399532374163e-03
-2.063707307487838705e-03
-2.050340786851334411e-03
-1.993248148214705681e-03
-1.992906128234691980e-03
-1.968822105535043224e-03
-1.915796496593948246e-03
-1.926055536913971050e-03
-1.879863158259919556e-03
-2.078253256372844786e-03
-2.071003803937702080e-03
-2.080376984107815304e-03
-8.391162992432985371e-04
-9.091171759849875182e-04
-8.703233375677578128e-04
-1.040749144666812702e-03
-1.196526866568652179e-03
-1.193062279674739256e-03
-1.150047751852208058e-03
-1.233341605955672353e-03
-1.336975710007202349e-03
-1.374796329218076155e-03
-1.346516400984255207e-03
-1.304122171258434307e-03
-1.457332611334700078e-03
-1.434994461117786949e-03
-1.466332580804478392e-03
-1.487880099476880961e-03
-1.614089081348512537e-03
-1.625729455477759045e-03
-1.596101561292410497e-03
-1.554344914553184957e-03
-1.566395884407666399e-03
-1.536478928395605160e-03
-1.643172942030896467e-03
-1.644831144254015878e-03
-1.658212053522923127e-03
-1.673024167701422146e-03
-1.726039427510182595e-03
-1.713638418383640200e-03
-1.741295975647827628e-03
-1.757089129957903686e-03
-1.970407416939420463e-03
-1.982810686988034383e-03
-1.963267997355249046e-03
-1.930309765413697112e-03
-1.943533337699063050e-03
-1.923943783141739399e-03
-1.807243199516919523e-03
-1.840159894667667273e-03
-1.850635012176841997e-03
-1.833551367061203585e-03
-1.859206343985434504e-03
-1.890620010146989993e-03
-1.904275970669741611e-03
-1.884311363591185864e-03
-1.990120038932119417e-03
-2.019421529349633981e-03
-2.031594441464138964e-03
-2.014316083977250437e-03
-2.036607557790943383e-03
-2.061817997219550502e-03
-2.073456481775876135e-03
-2.057551733158760176e-03
-2.107771113635283945e-03
-2.134687365532803374e-03
-2.077633784429058772e-03
-2.149622773815977779e-03
-2.152511223884508336e-03
-2.147297697470317880e-03
-2.156941822908486905e-03
-2.149950962388263130e-03
-2.155536265831302280e-03
-2.160822077286225773e-03
-2.162802075456308863e-03
-2.169910079345936226e-03
-2.157228174829606705e-03
-2.163586960702455417e-03
-2.163292242916889548e-03
-2.117933392878757100e-03
-2.135474630050641920e-03
-2.141760455490199742e-03
-2.141597847881700472e-03
-2.150632726669396508e-03
-2.155940993335376046e-03
-1.527728512581432710e-03
-1.641413536247576278e-03
-1.605463727095177585e-03
-1.630223588322379184e-03
-1.663975882687233898e-03
-1.328741717227074643e-03
-1.297974364594764885e-03
-1.337268022126071772e-03
-1.420193123361107070e-03
-1.383171420445295646e-03
-1.415631385813857952e-03
-1.453028751144272955e-03
-1.708578368022859893e-03
-1.697432727572669667e-03
-1.728608851628637370e-03
-1.770574013770247982e-03
-1.788246790450415905e-03
-1.759563652108482677e-03
-1.827488039416527276e-03
-1.843092609177137721e-03
-1.816684207403138768e-03
-1.879896723937725563e-03
-1.893719709194160734e-03
-1.869287534933192652e-03
-1.983700771646822528e-03
-1.966275635696461150e-03
-1.928736086517750985e-03
-1.918158352443636661e-03
-1.941300771417287224e-03
-2.006541134254213356e-03
-1.997623229191878604e-03
-2.012045984393003809e-03
-2.051536697562925896e-03
-2.040163123751101600e-03
-2.045698141495717794e-03
-2.041495879176115531e-03
-2.035137531080085521e-03
-2.029450914766012855e-03
-2.055464388955912519e-03
-2.069566319691508623e-03
-2.064795714757785422e-03
-2.072764276222037374e-03
-2.084548269964832043e-03
-2.080419269428877664e-03
-2.086435955827003249e-03
-2.097311418170426378e-03
-2.092850595181662901e-03
-2.094310500977190990e-03
-2.097426677638909286e-03
-2.101783364445361773e-03
-2.100309906826035126e-03
-2.099939514393969579e-03
-2.100975258976628922e-03
-2.099952413790609831e-03
-2.099885195722642206e-03
-2.099515899279992201e-03
-2.099213353791899370e-03
-2.098223595030948314e-03
-2.096880037490837442e-03
-2.094675236018903909e-03
-2.096970361879079738e-03
-2.090486253714784332e-03
-2.091655484002224140e-03
-2.086553131856828946e-03
-2.049971185838930440e-03
-2.017070865403762688e-03
-2.070692248330340511e-03
-1.957802820902135570e-03
-2.084309290339860996e-03
-9.297450982880416017e-04
-9.537446838974777876e-04
-8.838261347645431573e-04
-1.050691090262098658e-03
-1.075635868555128993e-03
-1.014076838059329872e-03
-1.133954985597423939e-03
-1.118838115956856567e-03
-1.164390686591379844e-03
-1.265839953678440629e-03
-1.268148555191516216e-03
-1.231118034792901862e-03
-1.392652682396701945e-03
-1.402131218064020871e-03
-1.364829803573779261e-03
-1.301407742668722178e-03
-1.424806368925227206e-03
-1.494272022877179799e-03
-1.506450136862906531e-03
-1.475878899669282344e-03
-1.584426582068494856e-03
-1.524470032847449578e-03
-1.629115782001455985e-03
-1.670063671906651254e-03
-1.686004400566708120e-03
-1.657087124125373838e-03
-1.698329944103219805e-03
-1.747247134227062140e-03
-1.736561861583376439e-03
-1.767654124722838841e-03
-1.950660926799385395e-03
-1.910702058242076760e-03
-1.798457038401373928e-03
-1.812690134749749601e-03
-1.793189218601215842e-03
-1.819421133926642448e-03
-1.849869517194450757e-03
-1.864044775362868342e-03
-1.845012013917847384e-03
-1.870416458165670079e-03
-1.982406461391760227e-03
-1.976396591470204901e-03
-1.996093619865178716e-03
-2.001199136156248982e-03
-2.027295019550011488e-03
-2.040565602969449371e-03
-2.023375732787376351e-03
-2.044850101435628960e-03
-2.101289683406597913e-03
-2.112015580140247546e-03
-2.096962489808279397e-03
-2.129744309142602831e-03
-2.138564753240939590e-03
-2.125896070046865392e-03
-2.068775071370048454e-03
-2.065342240092358280e-03
-2.081216735972710175e-03
-2.141384876749683787e-03
-2.134470423679275114e-03
-2.143381432428858539e-03
-2.143392327265539361e-03
-2.133368027941280002e-03
-2.140347225683048981e-03
-2.142829151557870595e-03
-2.151773934705303228e-03
-2.156720796630554049e-03
-2.153824907260623762e-03
-2.162242210326805868e-03
-2.161913499350442622e-03
-2.149304043287726153e-03
-2.159338345016559389e-03
-2.153586822571444421e-03
-2.129819523463232205e-03
-2.147498761072814434e-03
-1.517328432317590660e-03
-1.501732785159301704e-03
-1.543450416134455700e-03
-1.594476477614452164e-03
-1.618020173973252433e-03
-1.581981885211172691e-03
-1.674991760185230542e-03
-1.374482201092385586e-03
-1.468886223497447956e-03
-1.739509374718024165e-03
-1.798974126025299847e-03
-1.853661613184145324e-03
-1.904332382843449550e-03
-1.992638418415685914e-03
-1.994074772565470992e-03
-1.973951680267397365e-03
-1.986312844882623559e-03
-1.972951633723061572e-03
-1.950829222323510574e-03
-1.963370766364419713e-03
-2.029846626839862216e-03
-2.023602278627435139e-03
-2.018022005690542613e-03
-2.046253913750122489e-03
-2.035423301977711680e-03
-2.060580173631049866e-03
-2.077265236699855910e-03
-2.095817678025084247e-03
-2.090215673548670265e-03
-2.092075779278387143e-03
-2.096234535674875322e-03
-2.102261898865709529e-03
-2.100133869698369866e-03
-2.099673900816575230e-03
-2.101752298618976469e-03
-2.101132254157061629e-03
-2.099994909848418821e-03
-2.097987216723943855e-03
-2.093718840080646161e-03
-2.066887554304286390e-03
-2.052052562507066923e-03
-2.065315469676629913e-03
-2.044663286035883730e-03
-2.022502283447739045e-03
-2.041433665625933327e-03
-2.081564356565762750e-03
-2.080053228894082184e-03
-2.072298770442175097e-03
-1.986112288269391811e-03
-1.988746548905213386e-03
-1.946213965532508786e-03
-2.086096248407989882e-03
-7.807256532545744747e-04
-8.550965359765284185e-04
-8.104239603127856746e-04
-9.885514156836407770e-04
-1.090898987468650553e-03
-1.194196412631471976e-03
-1.194971669497558488e-03
-1.164326185665413415e-03
-1.229778519507014611e-03
-1.322815526401712989e-03
-1.357540235891926180e-03
-1.329804828354601027e-03
-1.294236852963652224e-03
-1.431797426812651255e-03
-1.444470181571661785e-03
-1.412238842915425731e-03
-1.463095289142562301e-03
-1.584011983348765449e-03
-1.599330475674227373e-03
-1.569191649155659077e-03
-1.522254303886161255e-03
-1.538569116243579914e-03
-1.508325588617358010e-03
-1.614401299480692749e-03
-1.610357207484722740e-03
-1.640112699658907193e-03
-1.627090615102910537e-03
-1.690548910230868160e-03
-1.680265601028415419e-03
-1.708621244213921666e-03
-1.719192987020164414e-03
-1.773018560330794254e-03
-1.940996243860808020e-03
-1.955999865269202574e-03
-1.935644751852200109e-03
-1.900369189420849942e-03
-1.915621427628944572e-03
-1.895553736221824081e-03
-1.809420149556189433e-03
-1.824927277199614017e-03
-1.803973596804689600e-03
-1.829771223158661256e-03
-1.860114126524646614e-03
-1.875520744590215535e-03
-1.854991268738136407e-03
-1.962015843470025275e-03
-1.990332555976717394e-03
-1.986373077595573675e-03
-2.005153272913425336e-03
-2.009102710189290646e-03
-2.034697226326045820e-03
-2.048574063074566024e-03
-2.030994867159909793e-03
-2.085427038784028447e-03
-2.115823822966288181e-03
-2.052069033528141316e-03
-2.131700307280064936e-03
-2.133199602048811531e-03
-2.127190549615949264e-03
-2.129955825607795453e-03
-2.137653883073347728e-03
-2.139249252734583013e-03
-2.143311393592266592e-03
-2.147824300887185393e-03
-2.143801127953485347e-03
-2.150944439802039525e-03
-2.149719130029968152e-03
-2.152093200823321402e-03
-2.140689247991343046e-03
-2.145187692288594294e-03
-2.149110816979967701e-03
-2.101411927903414339e-03
-2.111646349551297638e-03
-2.123315579246442663e-03
-2.127818364821149923e-03
-2.134287796928857443e-03
-2.140863155751632739e-03
-1.555918227135210698e-03
-1.665532149320203721e-03
-1.653537734340017242e-03
-1.629986601502575547e-03
-1.687102461352906618e-03
-1.390224094444706630e-03
-1.359310321890992235e-03
-1.405076019915360054e-03
-1.476275880836002211e-03
-1.496925070741142840e-03
-1.448180417617126077e-03
-1.732269985680227149e-03
-1.751416044513731240e-03
-1.720381991272031032e-03
-1.794016544056391792e-03
-1.782261536902051292e-03
-1.810744763619204743e-03
-1.850143780857728144e-03
-1.865036076951463034e-03
-1.838796929593870810e-03
-1.902175493548874169e-03
-1.915410301857045205e-03
-1.890999625957361877e-03
-2.013771106313809022e-03
-2.010094645454368802e-03
-1.996127175136391384e-03
-1.983425104987554706e-03
-2.003688395094007854e-03
-1.950272652317080416e-03
-1.939532528117738231e-03
-1.961592706562728747e-03
-2.021584314213569974e-03
-2.062744952489929846e-03
-2.052011849976500060e-03
-2.056997634228747724e-03
-2.054518420280729459e-03
-2.047844036161601544e-03
-2.042028769565747918e-03
-2.066028581587910778e-03
-2.079873556928882664e-03
-2.074917957485554725e-03
-2.082248034359599452e-03
-2.093515164538005836e-03
-2.089166910542182391e-03
-2.094528050956341592e-03
-2.103173011134453017e-03
-2.099389002389922577e-03
-2.100056083373927872e-03
-2.102402564443421433e-03
-2.104547472910810787e-03
-2.103351008848966530e-03
-2.103072954078007237e-03
-2.102499710737641778e-03
-2.101632074840484483e-03
-2.102077704897808465e-03
-2.100554802285568845e-03
-2.100700037055822436e-03
-2.099924906364060602e-03
-2.098654472158449202e-03
-2.097677343442811999e-03
-2.099032042206391835e-03
-2.096234668115609483e-03
-2.093362299159812895e-03
-2.096444981891568311e-03
-2.057092812374675291e-03
-2.074813859597581488e-03
-2.041544208605578295e-03
-2.045009414728087352e-03
-2.020056944488746002e-03
-2.015497775210367028e-03
-2.091925432996767902e-03
-2.086832525020260610e-03
-2.091140478154875082e-03
-8.864855241008222104e-04
-8.325741966827466829e-04
-9.066570106867048338e-04
-1.007493758237300134e-03
-9.682650273325475211e-04
-1.027814007074012324e-03
-1.110864302861493949e-03
-1.121129489067358015e-03
-1.080574252538340878e-03
-1.152363196832872482e-03
-1.251435971955160197e-03
-1.258508742993892301e-03
-1.222823194124466120e-03
-1.366011241104822180e-03
-1.344142984148146867e-03
-1.379140872199727860e-03
-1.287123298151550584e-03
-1.398903820616091958e-03
-1.458347779295831670e-03
-1.476588769858253568e-03
-1.445223440383418571e-03
-1.553470952052216731e-03
-1.490618705144372341e-03
-1.596661651380042006e-03
-1.629395695223966999e-03
-1.619365301584412605e-03
-1.650152873334053078e-03
-1.660368481154062947e-03
-1.706552979699219388e-03
-1.727214695619011531e-03
-1.698514127459923185e-03
-1.761369114385536025e-03
-1.754275853639945641e-03
-1.780079200815930674e-03
-1.920959689246324372e-03
-1.880436371989806883e-03
-1.785624720276342888e-03
-1.823848965811560377e-03
-1.836856803272874641e-03
-1.816489012622139569e-03
-1.842090069829307271e-03
-1.949491418534358023e-03
-1.945249952850602914e-03
-1.966265222516388154e-03
-1.970203342623658843e-03
-1.996349604285321561e-03
-2.012172779001989657e-03
-1.993386694409448982e-03
-2.015708654491757401e-03
-2.072733466448656824e-03
-2.070686776518346119e-03
-2.087355168194160362e-03
-2.107602784258258682e-03
-2.104422681807346148e-03
-2.119072242350402389e-03
-2.035160515117190923e-03
-2.034880994172086864e-03
-2.052212598558200273e-03
-2.121020495516439449e-03
-2.111167003819869065e-03
-2.122470376832759006e-03
-2.122028064642631721e-03
-2.109446285283670883e-03
-2.118362007574816144e-03
-2.121009648773377124e-03
-2.133728363169763893e-03
-2.142085972202302339e-03
-2.142801939520775148e-03
-2.138801587539425168e-03
-2.130529810479404006e-03
-2.135702928057048918e-03
-2.140006779679981021e-03
-2.115005016623444905e-03
-1.555599179590380719e-03
-1.575080740701353737e-03
-1.536489435305240028e-03
-1.623540354612976709e-03
-1.644672925201840072e-03
-1.609038784746926864e-03
-1.698898728503951076e-03
-1.433186648925807109e-03
-1.516033956849855606e-03
-1.763103420486587195e-03
-1.822034806018168161e-03
-1.876139140474972341e-03
-1.926223193057766733e-03
-2.012621858075568093e-03
-1.992762411885355602e-03
-2.003299831670687231e-03
-2.029093308722119959e-03
-2.011508938954923321e-03
-2.021356338466602596e-03
-1.993717048883308744e-03
-1.972003870918032087e-03
-1.983303650114033416e-03
-2.043082099016978528e-03
-2.028334599414996931e-03
-2.036350376543805824e-03
-2.058355959942662246e-03
-2.048531146576550513e-03
-2.071351713407198689e-03
-2.086826104516943670e-03
-2.104203158418403198e-03
-2.098885711616315774e-03
-2.099868208849669723e-03
-2.103435265876302165e-03
-2.106892428293277546e-03
-2.104467152781519697e-03
-2.104974276913513728e-03
-2.105546683277488215e-03
-2.103357859885709655e-03
-2.101345278954985102e-03
-2.099422428826992239e-03
-2.097239265997434023e-03
-2.094031262592591005e-03
-2.079049344604167165e-03
-2.072378197119499263e-03
-2.063140731489197539e-03
-2.086477578614119067e-03
-2.076737854320039565e-03
-2.083805992383879271e-03
-2.062863720473167087e-03
-2.058410959401768200e-03
-2.047626937079946498e-03
-2.017421882158030363e-03
-2.089056538419068604e-03
-7.270009473736586871e-04
-8.063066650972076834e-04
-7.543461270217099134e-04
-9.449776766611039415e-04
-1.057401169577466349e-03
-1.178485982634311759e-03
-1.186174728380072312e-03
-1.144996324390508500e-03
-1.215061351050354937e-03
-1.296442519010192543e-03
-1.309132658655390823e-03
-1.330965662998461830e-03
-1.273441044972186504e-03
-1.394316637980230322e-03
-1.380171087421204522e-03
-1.413168467980630829e-03
-1.426593663041021915e-03
-1.545187704617745610e-03
-1.565039156071692736e-03
-1.533753053290259037e-03
-1.480245172704480749e-03
-1.501668736137251690e-03
-1.469349027858044216e-03
-1.577752740355751072e-03
-1.565132644460487041e-03
-1.597172049955194063e-03
-1.587169749562678022e-03
-1.646932370332291132e-03
-1.669182461438045283e-03
-1.638122573928407072e-03
-1.734268069186343901e-03
-1.677127646480968196e-03
-1.906804764490656551e-03
-1.924200095260678945e-03
-1.903620560790706155e-03
-1.865589859883948730e-03
-1.883168323852528296e-03
-1.862869300007468157e-03
-1.773166109112491676e-03
-1.791529956492439544e-03
-1.767220573351736433e-03
-1.798735287315297946e-03
-1.824237843586434468e-03
-1.842312984091412989e-03
-1.824072877072053372e-03
-1.928453889846084082e-03
-1.957431002281981823e-03
-1.974108578100066107e-03
-1.953368979767013645e-03
-1.977039061583056243e-03
-2.006253925151586359e-03
-2.000983626761090092e-03
-2.020403938717590248e-03
-2.054219172296029364e-03
-2.090366277014144014e-03
-2.020584730820128988e-03
-2.109018620551511916e-03
-2.109670286774250735e-03
-2.104158953202598086e-03
-2.116157981534307845e-03
-2.106474325078915282e-03
-2.120269158802489534e-03
-2.123743289832741125e-03
-2.130321023248555115e-03
-2.129463916547912929e-03
-2.137292069280128781e-03
-2.134396786276963019e-03
-2.130280007849458951e-03
-2.136041706552656641e-03
-2.137109402480777322e-03
-2.128444938448134476e-03
-2.121535896019430007e-03
-2.125907894125467473e-03
-2.131335154456839506e-03
-2.085144175921359658e-03
-2.091177949013793384e-03
-2.105206927290501854e-03
-1.589562330248095890e-03
-1.690946299194021150e-03
-1.657213723167940290e-03
-1.678247932377487832e-03
-1.711603304705946581e-03
-1.450933734069240460e-03
-1.420439740689941142e-03
-1.463515969539740461e-03
-1.528013415583921600e-03
-1.502084563260947317e-03
-1.541839693962876456e-03
-1.757485285971152611e-03
-1.775737618008429910e-03
-1.744861172216452365e-03
-1.817582907006903272e-03
-1.833862198676554931e-03
-1.805775921790769498e-03
-1.875307771501460042e-03
-1.862833499386818943e-03
-1.888854961487483304e-03
-1.927084195898754815e-03
-1.938780971000386190e-03
-1.914738101858461800e-03
-2.003104525993940586e-03
-2.020730622454538529e-03
-2.035915425373645716e-03
-1.973565860995239989e-03
-1.961912336482826529e-03
-1.983585074485249081e-03
-2.076503977360043968e-03
-2.065489622613209467e-03
-2.069527431017523580e-03
-2.067494816159677617e-03
-2.055279182977245035e-03
-2.060974496268519040e-03
-2.078120159810727292e-03
-2.090430833915312564e-03
-2.085209735634857911e-03
-2.091988366711290161e-03
-2.103576534491773987e-03
-2.098612477703619417e-03
-2.103840971158483109e-03
-2.110534318918554607e-03
-2.107300366046696745e-03
-2.106655961709992270e-03
-2.108449560828416346e-03
-2.108515943609560322e-03
-2.107705684963007836e-03
-2.106507196865068602e-03
-2.104699980464894843e-03
-2.104618800467306095e-03
-2.103555549224686572e-03
-2.101499719791869933e-03
-2.101985254762321273e-03
-2.100965198691586398e-03
-2.099280733641632497e-03
-2.098873727852720167e-03
-2.099872567732680335e-03
-2.098103521476471847e-03
-2.098285423636727341e-03
-2.097043087779521323e-03
-2.096967746496620523e-03
-2.094404665219598387e-03
-2.096497693805635890e-03
-2.082232038466644199e-03
-2.085857805675931341e-03
-2.083056595488523739e-03
-2.066153985515150650e-03
-2.073745417490237362e-03
-2.095678698596020566e-03
-2.091105312701336833e-03
-2.093768992550013291e-03
-8.473664316154771959e-04
-7.855822676774622823e-04
-8.642373348209910410e-04
-9.680025220840166771e-04
-9.257824393309398939e-04
-9.843250319543693592e-04
-1.046253423390115095e-03
-1.028285706268992602e-03
-1.078496391402631628e-03
-1.105146681520451828e-03
-1.141542547875582739e-03
-1.107929943161168425e-03
-1.222327637594387275e-03
-1.237192687091851753e-03
-1.200423484168009229e-03
-1.325918424607419252e-03
-1.310621225587290262e-03
-1.346217350310919842e-03
-1.259381160115634899e-03
-1.360487799258661493e-03
-1.414234109328561719e-03
-1.436602724957208995e-03
-1.404246000182579265e-03
-1.513183107460121940e-03
-1.447723137386433328e-03
-1.554568679347109478e-03
-1.580405647120821776e-03
-1.605428535911180340e-03
-1.572062085998713081e-03
-1.614187065431471873e-03
-1.717859486809040093e-03
-1.712181306378258170e-03
-1.739941909985973784e-03
-1.660051701958308815e-03
-1.683700060867530197e-03
-1.653449569302094810e-03
-1.886442495571998262e-03
-1.845080587207363490e-03
-1.745849692741926161e-03
-1.780389454136902406e-03
-1.802267409384933263e-03
-1.776719587341338280e-03
-1.802479404025745646e-03
-1.912005300741273939e-03
-1.909418895038271545e-03
-1.931098640311224631e-03
-1.935030597667689338e-03
-1.968531624242346109e-03
-1.962813901378143884e-03
-1.982662229751517777e-03
-1.987284518383761016e-03
-2.025047313351415867e-03
-2.030279703050820537e-03
-2.049281497314173802e-03
-2.087909123712245081e-03
-2.080362243044964459e-03
-2.098115033690686748e-03
-1.990796230287051986e-03
-2.012986271018159766e-03
-1.998468622661522375e-03
-2.099561682311414622e-03
-2.084601921998634286e-03
-2.097611454748603450e-03
-2.096782689464878578e-03
-2.081201851849911761e-03
-2.092849310649616632e-03
-2.094938751136880741e-03
-2.112799546200675675e-03
-2.125608183994460044e-03
-2.130820226812848734e-03
-2.126469259529135351e-03
-2.106023708169191527e-03
-2.117528742639735763e-03
-2.118692917838323284e-03
-2.112918213945408352e-03
-2.095824317778009239e-03
-1.591923513014165733e-03
-1.607852334514290509e-03
-1.573778257919320953e-03
-1.648303427711238223e-03
-1.635948329441749621e-03
-1.669791788802868406e-03
-1.724216418805426740e-03
-1.489420420733464324e-03
-1.559955302768228913e-03
-1.787491370888082392e-03
-1.846678677050551075e-03
-1.901398808349718215e-03
-1.950357723064121383e-03
-2.032311254486773421e-03
-2.013029674931356410e-03
-2.022460631826711406e-03
-2.047090293001771824e-03
-2.038070666032852033e-03
-2.029847819239130515e-03
-2.058359991698136861e-03
-2.043704837349340393e-03
-2.050684738464134561e-03
-2.016479608849718747e-03
-2.005020108287393094e-03
-1.995059942812341634e-03
-2.071945450227669332e-03
-2.062866123538556126e-03
-2.083474724608052470e-03
-2.097106949753646879e-03
-2.113826380013872006e-03
-2.108617614049806792e-03
-2.108905471730822701e-03
-2.112001648084707930e-03
-2.112621543192391531e-03
-2.109741878007762028e-03
-2.111591416696232543e-03
-2.106575044477144911e-03
-2.110546538623515184e-03
-2.103035071081069476e-03
-2.100275067570383722e-03
-2.098495486580334753e-03
-2.097331053774608486e-03
-2.096260060749341719e-03
-2.094049002605396972e-03
-2.087029153151020305e-03
-2.090800387016122138e-03
-2.108988887760910799e-03
-2.093822993017841524e-03
-2.100801413755331876e-03
-2.131844676055573429e-03
-2.108163732095397029e-03
-2.090132017467598736e-03
-2.095425905256289353e-03
-6.813815654749420456e-04
-7.633356214435428611e-04
-7.042416882263991375e-04
-9.035247646646132631e-04
-1.005160918815681042e-03
-1.075610447233437631e-03
-1.147456142770033900e-03
-1.163398958672183037e-03
-1.126044091176158076e-03
-1.185545207342730313e-03
-1.253426755269673818e-03
-1.273950038898044763e-03
-1.289345759573067105e-03
-1.236889409687985273e-03
-1.344718486378005751e-03
-1.369977634701027283e-03
-1.335313292795175556e-03
-1.380063590769221903e-03
-1.496555384855063507e-03
-1.521416990437133828e-03
-1.488414722789441116e-03
-1.427074642948177952e-03
-1.454232794794559341e-03
-1.420691204394182320e-03
-1.530836155631272455e-03
-1.508905783203224552e-03
-1.544747571256893312e-03
-1.536388087466462101e-03
-1.592622946330539673e-03
-1.586517839900539488e-03
-1.620389628679689111e-03
-1.689344378621301154e-03
-1.626822091787912764e-03
-1.866150813943288867e-03
-1.886777129205353086e-03
-1.865931397570417486e-03
-1.823779530799079368e-03
-1.844851133015651228e-03
-1.824048798187843934e-03
-1.725732615240956275e-03
-1.721799125151384684e-03
-1.749811264492677531e-03
-1.753376582060226473e-03
-1.779505929978721437e-03
-1.779804738154960615e-03
-1.801869135001623809e-03
-1.889381282370005723e-03
-1.920119478627772477e-03
-1.939045747534996929e-03
-1.915904367837704698e-03
-1.944298388250755450e-03
-1.979464946130272008e-03
-2.008103155824217476e-03
-2.059423579497363620e-03
-2.066125276511211317e-03
-2.042480669525723221e-03
-2.073811692075176738e-03
-2.086027676078468229e-03
-2.082276649728695417e-03
-2.074608087157006359e-03
-2.077565197865067180e-03
-2.089914357822601852e-03
-2.096556740321458071e-03
-2.100418354300949419e-03
-2.109024834025555357e-03
-2.111840854728774981e-03
-2.121465249713514519e-03
-2.116085986202050333e-03
-2.119355045137691611e-03
-2.125873191163060553e-03
-2.124405437247067329e-03
-2.115144147124914473e-03
-2.118749383141680341e-03
-2.122341622263431132e-03
-2.100226342817603474e-03
-2.100401040872832033e-03
-2.110211187676880838e-03
-2.061824017368998896e-03
-2.079068251753869809e-03
-2.089040124995727651e-03
-1.620317571728740981e-03
-1.721542314608367520e-03
-1.685040977950412987e-03
-1.706231272269973821e-03
-1.739473268221007965e-03
-1.511239481678711399e-03
-1.480985715909934400e-03
-1.519540141359460158e-03
-1.585591612655796231e-03
-1.556814191418625206e-03
-1.588759499801953431e-03
-1.785118295158738197e-03
-1.771313686398193112e-03
-1.801350123040406596e-03
-1.836466536661522219e-03
-1.856084635410201701e-03
-1.826980586702532661e-03
-1.910912661375570483e-03
-1.919200758750538556e-03
-1.893138047792770982e-03
-1.955998076374686982e-03
-1.964889737931846316e-03
-1.941516848489928827e-03
-2.024321993287180304e-03
-2.039682735216166286e-03
-2.052672777696418292e-03
-2.003968007601436042e-03
-2.010140675455796867e-03
-1.988902223040105340e-03
-2.087154053451138833e-03
-2.081745911086847756e-03
-2.077327759034709558e-03
-2.082323664826736271e-03
-2.070303104580207675e-03
-2.074848981165893121e-03
-2.088709502110379108e-03
-2.100521344186988531e-03
-2.102046149513505952e-03
-2.095622738845471025e-03
-2.113658094633345894e-03
-2.108779443319175502e-03
-2.113908597133535607e-03
-2.120224943267136689e-03
-2.115329745596541099e-03
-2.117184821557616895e-03
-2.116470282084697684e-03
-2.108787486977329977e-03
-2.108695856977360443e-03
-2.106743990126103833e-03
-2.114551989021009291e-03
-2.113624953466244905e-03
-2.111533239486995846e-03
-2.103702660667479754e-03
-2.104241852446391871e-03
-2.102602269754672015e-03
-2.100127745717657139e-03
-2.099689047234537531e-03
-2.100836966863265688e-03
-2.098811094773630256e-03
-2.098331608441797100e-03
-2.098951508695199621e-03
-2.098943255231493742e-03
-2.097850955830207580e-03
-2.098450292868519335e-03
-2.100406672732649076e-03
-2.098629430504247127e-03
-2.097945095174871821e-03
-2.101755502596850712e-03
-2.133718735850904241e-03
-2.121200180151323281e-03
-2.112551973742403388e-03
-2.133789341227848579e-03
-2.103508390218613959e-03
-2.099598891546844426e-03
-2.098480877544583664e-03
-8.234544106133470827e-04
-8.295741652600622769e-04
-7.486371058724571991e-04
-9.303804868894658851e-04
-8.882529754921178206e-04
-9.456286711569431794e-04
-1.025729111061464676e-03
-1.033783234066304457e-03
-9.957854961419468701e-04
-1.064025559765002706e-03
-1.073015027749233763e-03
-1.087537760105162588e-03
-1.109650727951842037e-03
-1.173130495081817866e-03
-1.198628805334050291e-03
-1.160329479063543267e-03
-1.269882978663535366e-03
-1.298672386728418667e-03
-1.260668709045551384e-03
-1.213282936418101469e-03
-1.308101061941523624e-03
-1.354497769166642133e-03
-1.385087574192019359e-03
-1.349709754637746974e-03
-1.462410026722945396e-03
-1.391488929477464583e-03
-1.502092962295503275e-03
-1.511955805516919816e-03
-1.509616588193724062e-03
-1.546836860669884971e-03
-1.552665062603421093e-03
-1.667020013312550892e-03
-1.663526053378516908e-03
-1.692832991582174243e-03
-1.605649013766703498e-03
-1.633318661345112928e-03
-1.599048789064453149e-03
-1.845181620610768930e-03
-1.801800451428148871e-03
-1.696766421759087883e-03
-1.730599393596664141e-03
-1.755854855814498747e-03
-1.728204158713696377e-03
-1.755313286106622867e-03
-1.868924175287755337e-03
-1.867511024557289012e-03
-1.890764455174887438e-03
-1.894714357465845152e-03
-1.948048124464863296e-03
-1.958616927640849381e-03
-1.934095467595842513e-03
-1.969663493289290895e-03
-1.986759680052148543e-03
-2.006096319634314857e-03
-1.988789225818405129e-03
-2.021715801702002845e-03
-2.040792990655838218e-03
-2.023435548584849499e-03
-2.072012750747945827e-03
-2.052106002944246999e-03
-2.068365455887324379e-03
-2.066672154477993198e-03
-2.047730514180582002e-03
-2.061310750276032066e-03
-2.064137970207697778e-03
-2.086211738788978486e-03
-2.104964403341678600e-03
-2.116572814482675906e-03
-2.118215991451744603e-03
-2.107970445502920388e-03
-2.081934304770799438e-03
-1.617089540616986447e-03
-1.702577209854911483e-03
-1.712104650931736347e-03
-1.675492799859603461e-03
-1.753322530053559071e-03
-1.548463804729931269e-03
-1.810693493788075904e-03
-1.880000690473203513e-03
-1.858141322327658490e-03
-1.877793284625121212e-03
-1.933718470405632484e-03
-1.895625504939018723e-03
-1.980267353482155837e-03
-2.054147822848249698e-03
-2.043301194994206517e-03
-2.035338214168901615e-03
-2.065878266209315167e-03
-2.049111916739046815e-03
-2.056486082857178314e-03
-2.075038411218387436e-03
-2.061102671779749436e-03
-2.066704123914239917e-03
-2.039343545687519361e-03
-2.027990940467159359e-03
-2.021839148702797573e-03
-2.084670309588021291e-03
-2.078645068092188630e-03
-2.093950580401927278e-03
-2.107504746545074952e-03
-2.125974661840362122e-03
-2.120126466243804370e-03
-2.119993063937718539e-03
-2.123345303119794462e-03
-2.119101818597532612e-03
-2.115978089743017834e-03
-2.120040864161559270e-03
-2.106287762434312823e-03
-2.111717209077454936e-03
-2.116999025216435328e-03
-2.101940354728526559e-03
-2.099362049800840985e-03
-2.098686437808396088e-03
-2.099520062294382879e-03
-2.101859210188314429e-03
-2.106174701971746076e-03
-2.136711146662176666e-03
-2.136267951485950212e-03
-2.122848016733624131e-03
-2.192409761036090247e-03
-2.159296708418381033e-03
-2.159161552504093844e-03
-6.476620865989210886e-04
-7.326842133981816604e-04
-6.642752568541254038e-04
-8.705755691691578280e-04
-9.725285927815296560e-04
-1.046394770874148556e-03
-1.090914866401416225e-03
-1.120450284782405822e-03
-1.080521655368287936e-03
-1.133340375351273108e-03
-1.189586199513473523e-03
-1.229387635586565988e-03
-1.220103346591015162e-03
-1.179958870945213133e-03
-1.277803423435608940e-03
-1.273883264246081573e-03
-1.312096849867017915e-03
-1.316994657906060294e-03
-1.436794677810589258e-03
-1.467328370212491037e-03
-1.431942949915834210e-03
-1.360952709468355934e-03
-1.394778920096392252e-03
-1.357743322863720799e-03
-1.472851032641480078e-03
-1.442359080584254376e-03
-1.477025484136274989e-03
-1.474888234366801294e-03
-1.536712076103872310e-03
-1.565368354361901509e-03
-1.524128341065392970e-03
-1.636772263268109016e-03
-1.571729619478537052e-03
-1.818591964829547464e-03
-1.842648262647001052e-03
-1.821241036634191693e-03
-1.772886543965501108e-03
-1.798482981291988324e-03
-1.776201772239946290e-03
-1.671359539243942116e-03
-1.698935595238259448e-03
-1.669181495197102991e-03
-1.701348581156774710e-03
-1.724649510099729791e-03
-1.727577130883806936e-03
-1.752230677640525744e-03
-1.844018716256464081e-03
-1.866683393594416448e-03
-1.867782861861017139e-03
-1.893557973107351348e-03
-1.909069846066268911e-03
-1.928664741752035734e-03
-1.914640976117713139e-03
-1.948047892966677224e-03
-1.969633988390271685e-03
-1.948033605986360106e-03
-1.967601018976643853e-03
-2.004496729331420920e-03
-2.055776284636698370e-03
-2.037214487331058619e-03
-2.049609631322768782e-03
-2.039705626665298376e-03
-2.057658508375574246e-03
-2.043434129840800660e-03
-2.066726321761878059e-03
-2.070698948123584140e-03
-2.082243215855024941e-03
-2.088976472274017403e-03
-2.101162296283126240e-03
-2.092780635617328116e-03
-2.103829097423675666e-03
-2.112625610368915920e-03
-2.107901300559443785e-03
-2.109157562863520942e-03
-2.114585885810426735e-03
-2.112539837080185199e-03
-2.096707147820801344e-03
-2.099379030264341556e-03
-2.106288413665835524e-03
-2.071078618557193815e-03
-2.065051619248838878e-03
-2.084995066178442144e-03
-1.639342628045053259e-03
-1.612468510646830958e-03
-1.643844436764020991e-03
-1.751880589410105288e-03
-1.727374190112068286e-03
-1.736889546988341047e-03
-1.671062481688066238e-03
-1.768682170919717985e-03
-1.571275080468880272e-03
-1.541121325625478301e-03
-1.578335032216465761e-03
-1.800416600324051316e-03
-1.818574036792228003e-03
-1.792801506990710381e-03
-1.852968753801514023e-03
-1.844549847424050218e-03
-1.866600545359729975e-03
-1.921824829109386110e-03
-1.916229593753218663e-03
-1.938940811915794687e-03
-1.900944747644547949e-03
-1.996474902062411565e-03
-2.000297371235708679e-03
-1.976061489737394178e-03
-2.046848226473158786e-03
-2.060102916546603657e-03
-2.070491964935376218e-03
-2.041241839407477617e-03
-2.022644768479699238e-03
-2.040465633203905529e-03
-2.102535005692898404e-03
-2.092570063370632720e-03
-2.094792631989677439e-03
-2.097963722334028960e-03
-2.086679533622327453e-03
-2.090311262046624496e-03
-2.101648058034129383e-03
-2.108589102634086682e-03
-2.130174651339613624e-03
-2.121923346180941070e-03
-2.128242453745630286e-03
-2.134111289022197402e-03
-2.127269541228981979e-03
-2.130187797298097735e-03
-2.127758086400408089e-03
-2.124109735231481493e-03
-2.123563840181283673e-03
-2.108101730428516528e-03
-2.105971070582639444e-03
-2.108542923417874859e-03
-2.114738461148075142e-03
-2.111853627167225612e-03
-2.114758881794732287e-03
-2.121475209866191102e-03
-2.120396277246287646e-03
-2.118116272651970194e-03
-2.102693645539068477e-03
-2.101461580942281908e-03
-2.103286996025850557e-03
-2.099779302355073238e-03
-2.100072498722559914e-03
-2.099338545846839588e-03
-2.099890050001454456e-03
-2.099342903283405240e-03
-2.099234301464038797e-03
-2.101920333948213877e-03
-2.100419393388868426e-03
-2.101159151554878902e-03
-2.107878911449030494e-03
-2.104215438656940190e-03
-2.105591588675207078e-03
-2.119606926356523615e-03
-2.111553445321020031e-03
-2.114396965481391173e-03
-2.170232289879761925e-03
-2.154388215498413521e-03
-2.154103428395766871e-03
-2.128256654874284386e-03
-2.182166224072600025e-03
-8.016264644457180488e-04
-7.237116119224922071e-04
-8.068954853444877630e-04
-8.947355491275925908e-04
-8.587444036267733241e-04
-9.082009562357363846e-04
-9.586941637728747714e-04
-9.463308231565121381e-04
-9.918695178122913497e-04
-9.974572547870263171e-04
-1.032873572112802136e-03
-1.009378067603492260e-03
-1.008926613741401935e-03
-1.048928633024917177e-03
-1.038195891587016242e-03
-1.099458045672724489e-03
-1.137839059557692193e-03
-1.095257646396832199e-03
-1.193777534659336585e-03
-1.233045757221065903e-03
-1.190252104602946247e-03
-1.144495708887647949e-03
-1.236937286544733273e-03
-1.281543212343698402e-03
-1.318911915601891482e-03
-1.279683073907415120e-03
-1.399635113934512851e-03
-1.322142411287063109e-03
-1.438833468513482173e-03
-1.443794870038260817e-03
-1.478253413081775502e-03
-1.441722282545857253e-03
-1.490304649437347887e-03
-1.608487309647015952e-03
-1.607056180195781626e-03
-1.638195248043766792e-03
-1.543195245243244576e-03
-1.574916114706760139e-03
-1.539873385157255678e-03
-1.795967298050747370e-03
-1.748998535710774658e-03
-1.640342343659098069e-03
-1.669660153724565523e-03
-1.670523270841900920e-03
-1.700461585280903937e-03
-1.697483379544832477e-03
-1.818277031089601901e-03
-1.818418091824117568e-03
-1.843845416022000475e-03
-1.842705180320366098e-03
-1.888028555549218536e-03
-1.928737988898436475e-03
-1.943352264181779070e-03
-1.965236042758514157e-03
-1.945679484117234653e-03
-1.980874090237296024e-03
-2.001549148064606185e-03
-1.983851636247045518e-03
-2.015747676237582449e-03
-2.034229407710390434e-03
-2.018759206599209707e-03
-2.031755141394792682e-03
-2.009112637622332935e-03
-2.024538644159059198e-03
-2.028135361744695751e-03
-2.053799407356288707e-03
-2.078523459996327576e-03
-2.097314534764945296e-03
-2.107955217181560828e-03
-2.105165139878696287e-03
-2.108092396136765096e-03
-2.110150934325485342e-03
-2.100621367903828928e-03
-2.083931749432365796e-03
-1.605314523000934057e-03
-1.756582178424820513e-03
-1.754511412019821521e-03
-1.729750164351330890e-03
-1.696907611941042213e-03
-1.668100792312930810e-03
-1.699746260949686148e-03
-1.776152753058231684e-03
-1.826570610179772828e-03
-1.906529704804569647e-03
-1.879644610532289848e-03
-1.893206714559598916e-03
-1.962994062723101476e-03
-1.942409931752305495e-03
-1.959616747410405663e-03
-1.914138517487287521e-03
-1.979694800356094492e-03
-2.018888670545378704e-03
-2.077907204822657030e-03
-2.058955682817040656e-03
-2.065996794685635938e-03
-2.087366160620044396e-03
-2.076656347091743009e-03
-2.070874565083541050e-03
-2.094174950579313042e-03
-2.080211478440432450e-03
-2.084755814781185865e-03
-2.060083810775826130e-03
-2.100565381081611997e-03
-2.096394953539227734e-03
-2.119366880245401007e-03
-2.116652910992026290e-03
-2.110942409911149495e-03
-2.140967339189575429e-03
-2.135651335593027889e-03
-2.133571725834328310e-03
-2.124809765000761162e-03
-2.137780174387242209e-03
-2.131154727682162478e-03
-2.124860265812153655e-03
-2.105562635604469289e-03
-2.111613684610240058e-03
-2.118325306682120567e-03
-2.101399636826050115e-03
-2.099733373739691433e-03
-2.100870313186947204e-03
-2.104977916644019433e-03
-2.113657373156841920e-03
-2.148091798064061426e-03
-2.142267681452627616e-03
-2.160654355560307025e-03
-2.133996355953876600e-03
-2.250366025651662823e-03
-2.208695067487879971e-03
-2.218140317843020088e-03
-6.391823577432382110e-04
-7.161419618817563195e-04
-6.401251686813725413e-04
-8.414683114833481758e-04
-9.269833824228222892e-04
-9.754578923209550768e-04
-9.980545872746936741e-04
-1.003336269890734399e-03
-1.049245333752445251e-03
-1.003276914197933928e-03
-1.053295151973462993e-03
-1.105372632875137361e-03
-1.149175356607790716e-03
-1.145731877148460079e-03
-1.100642490578583599e-03
-1.194196626034307960e-03
-1.237197828666075855e-03
-1.194027690596015118e-03
-1.238991310728671360e-03
-1.364235527977069717e-03
-1.401308218690250568e-03
-1.362604753548534667e-03
-1.281716475913523452e-03
-1.322273169919477688e-03
-1.281646535583927686e-03
-1.403297541441581638e-03
-1.364341064838368867e-03
-1.403504349216604715e-03
-1.402517841907630677e-03
-1.480157569541247671e-03
-1.461819629749456194e-03
-1.509169653955494666e-03
-1.576303769691204688e-03
-1.512211233232814856e-03
-1.765578900890705204e-03
-1.792358678505031862e-03
-1.769268889558494196e-03
-1.712770492499401899e-03
-1.743088126725137171e-03
-1.718756159146268749e-03
-1.607213184137119963e-03
-1.607833835375213150e-03
-1.639676080048825275e-03
-1.638846567821804559e-03
-1.657201921013344223e-03
-1.691248689158005632e-03
-1.663505185035026816e-03
-1.792195423697768610e-03
-1.813029813633198432e-03
-1.840067778446661433e-03
-1.815653820156110099e-03
-1.859569332560660369e-03
-1.863126946041341291e-03
-1.884470484326548553e-03
-1.901033632412771129e-03
-1.924771204561160579e-03
-1.905097571814026378e-03
-1.922395951301460052e-03
-1.962332100123258868e-03
-1.998596793934120323e-03
-2.012162063301828254e-03
-1.999249516082581869e-03
-2.003925925505524366e-03
-2.019847885524961913e-03
-2.028542772328776819e-03
-2.048348580672831182e-03
-2.034307718434663712e-03
-2.060748434504862912e-03
-2.075350972309152574e-03
-2.063572252547283929e-03
-2.082501496102771334e-03
-2.094086551374786317e-03
-2.085783964183727125e-03
-2.096904478110026525e-03
-2.104301785314440475e-03
-2.100430688074629744e-03
-2.103237663460010010e-03
-2.104975117326769209e-03
-2.105828517843948405e-03
-2.096529220149892861e-03
-2.096021762490345164e-03
-2.100785800824571999e-03
-2.071712636168805861e-03
-2.072846599694843847e-03
-2.085279156280449731e-03
-1.631065667784122823e-03
-1.601038789377524224e-03
-1.635104810410669199e-03
-1.778778422527102238e-03
-1.726855966138592970e-03
-1.663979634526276466e-03
-1.818044353176966402e-03
-1.809072146095392838e-03
-1.835540760311249377e-03
-1.878730341645359686e-03
-1.865683652064844319e-03
-1.892611208134085260e-03
-1.934771182495416842e-03
-2.020675109567422398e-03
-1.991886529064989305e-03
-2.008694399887500388e-03
-2.031112779366854755e-03
-2.082714391323778769e-03
-2.090981598803380581e-03
-2.084721986777489898e-03
-2.081233259817223333e-03
-2.062975472151858287e-03
-2.116614359943563405e-03
-2.109700354250061520e-03
-2.107391746811441372e-03
-2.115891849587630234e-03
-2.107107319962106713e-03
-2.105151117636218025e-03
-2.118110942233208428e-03
-2.146976279195903468e-03
-2.138493009863037895e-03
-2.144074895346285113e-03
-2.133482206665940351e-03
-2.126357620062727018e-03
-2.131819922224899820e-03
-2.149760965769301028e-03
-2.145507835195103671e-03
-2.142087857266151280e-03
-2.140227438984188164e-03
-2.137332245651534304e-03
-2.134168350797853095e-03
-2.130773865894206465e-03
-2.129449244279555623e-03
-2.126326987009377438e-03
-2.108015295583035020e-03
-2.108195721195154151e-03
-2.105461265125303967e-03
-2.115076677598118696e-03
-2.111732747636167230e-03
-2.115058624818421350e-03
-2.123152533464072508e-03
-2.122489793561849018e-03
-2.119112434231846913e-03
-2.103115094725096276e-03
-2.101480945461250711e-03
-2.103034599479055959e-03
-2.101850498757692424e-03
-2.101075309699166477e-03
-2.101177423854768203e-03
-2.103450249984760954e-03
-2.101575652258597451e-03
-2.102656604702934917e-03
-2.110052495538673745e-03
-2.105950924107162850e-03
-2.108691029176391549e-03
-2.125371396772633877e-03
-2.116468629315381746e-03
-2.122242015921917743e-03
-2.198188226980730877e-03
-2.172897179892667192e-03
-2.184726561418506418e-03
-2.136537969913320650e-03
-2.223949076858425244e-03
-7.992167201470701775e-04
-7.907600349325621036e-04
-7.253924537128974897e-04
-8.405756766677623852e-04
-8.264109399811162427e-04
-8.688743159258186573e-04
-9.120028356834911304e-04
-9.367328066867614596e-04
-9.035058262655895622e-04
-9.546395647037285133e-04
-9.152277968756465350e-04
-9.579414667962369949e-04
-9.526173045915499026e-04
-9.018484279306614084e-04
-9.518747221691389567e-04
-9.516674723169906477e-04
-1.001412774256805072e-03
-1.002394488742598027e-03
-1.052464068122004699e-03
-1.100441395033489606e-03
-1.148630675106946785e-03
-1.101126753536009429e-03
-1.053330860195648977e-03
-1.148697474037416047e-03
-1.192464787747195883e-03
-1.238161293917356374e-03
-1.193351844854790558e-03
-1.323880788249281321e-03
-1.238149986361404683e-03
-1.363456305405723800e-03
-1.351902397461779296e-03
-1.356941017424371588e-03
-1.397524163869381204e-03
-1.395726362701319627e-03
-1.438623007410788981e-03
-1.420295832518447213e-03
-1.541870532794562031e-03
-1.542551875721861641e-03
-1.575675772600915658e-03
-1.471873796555338895e-03
-1.508049215595388785e-03
-1.476088202438093598e-03
-1.739448225682357560e-03
-1.685287602643029386e-03
-1.574995911420560592e-03
-1.596565251535373353e-03
-1.601956730946954739e-03
-1.633498908683983898e-03
-1.627251835301986131e-03
-1.762152931851289610e-03
-1.763871015136384956e-03
-1.790481844839719901e-03
-1.787837222480718330e-03
-1.836504003521167386e-03
-1.880475806457340736e-03
-1.894872583915557752e-03
-1.919313650770210471e-03
-1.897944954558625436e-03
-1.935625963753718603e-03
-1.958466059331343944e-03
-1.939497114247425418e-03
-1.973348562130809985e-03
-1.977136412718850413e-03
-1.994829558425214970e-03
-1.991241638263217383e-03
-1.964861860668454512e-03
-1.986750334916931229e-03
-1.982135648610401386e-03
-2.014382831239869363e-03
-2.045148351400268797e-03
-2.072149120174711021e-03
-2.090734007594368619e-03
-2.101211757224700875e-03
-2.100193038230167494e-03
-2.084208142509786678e-03
-1.787301263657943172e-03
-1.769009198701501206e-03
-1.733069014695660329e-03
-1.762945768655863922e-03
-1.690791582160344753e-03
-1.660790544780435703e-03
-1.693784480401886068e-03
-1.848351163670315612e-03
-1.940830282786380409e-03
-1.909773654870814286e-03
-1.923765240592236695e-03
-1.951990502410726105e-03
-1.998762676042160468e-03
-1.980734638132311369e-03
-2.009748865744968339e-03
-2.068935106883085327e-03
-2.044886392974949122e-03
-2.055111956871640173e-03
-2.106400739476184305e-03
-2.097005202572721494e-03
-2.092370455854321385e-03
-2.113486284811959531e-03
-2.104028100391260384e-03
-2.100669104031006353e-03
-2.118926869059830319e-03
-2.101972588273287850e-03
-2.098370084517769529e-03
-2.076846972821806865e-03
-2.116532757683145353e-03
-2.115012209412622107e-03
-2.125010790233228773e-03
-2.158710992344206256e-03
-2.152864170660879518e-03
-2.149968127496851549e-03
-2.140120313324308469e-03
-2.154514847118091554e-03
-2.145313113627713396e-03
-2.135863839915716836e-03
-2.127346619372011589e-03
-2.105812692975172346e-03
-2.111841030886752509e-03
-2.119447867041710561e-03
-2.102776853282074983e-03
-2.102612056772429870e-03
-2.106696596277973961e-03
-2.117279836159043603e-03
-2.152808372310066436e-03
-2.150974988681594001e-03
-2.174560477596243230e-03
-2.139210829985207628e-03
-2.276906825497697958e-03
-2.236900125424154569e-03
-2.265482562300189569e-03
-7.062235066052747296e-04
-7.407890561521273797e-04
-6.458192742946056424e-04
-8.166504382432488015e-04
-8.430875860371991968e-04
-8.722300423891817802e-04
-8.430573610243292763e-04
-8.807611832954576753e-04
-9.098262143200570081e-04
-9.008972152284138715e-04
-8.831399421891444283e-04
-8.888938162009495754e-04
-9.460714076117014877e-04
-9.445827547662184005e-04
-1.001122736132201325e-03
-1.051225669594268736e-03
-1.050370124284000315e-03
-9.991837576077099159e-04
-1.094748349063084198e-03
-1.145889950892289800e-03
-1.097665514011346780e-03
-1.144856610213982728e-03
-1.279052051452102918e-03
-1.322561188301259443e-03
-1.280403555736396842e-03
-1.189180158243991229e-03
-1.190817343361933334e-03
-1.236518326780515660e-03
-1.321690491461896717e-03
-1.275020823816796437e-03
-1.313048076196560165e-03
-1.318772470697349760e-03
-1.373808203689865772e-03
-1.434389685144980137e-03
-1.507382291400704167e-03
-1.706007218574019180e-03
-1.736078686154812496e-03
-1.709399039204130945e-03
-1.648008667459706714e-03
-1.680701688740491879e-03
-1.652638067733537205e-03
-1.534805096403241273e-03
-1.571427065946726835e-03
-1.538367938015411775e-03
-1.566077292861006633e-03
-1.586435265693154732e-03
-1.622174308578854841e-03
-1.591530780382249127e-03
-1.734363424097451652e-03
-1.754716464752818610e-03
-1.758434150327968298e-03
-1.784104993746388462e-03
-1.805496214735841272e-03
-1.809280458178234635e-03
-1.832752552699507464e-03
-1.852198624725459510e-03
-1.876811582546778325e-03
-1.855886823069173531e-03
-1.915449141420518149e-03
-1.873715876366055001e-03
-1.954729535766876712e-03
-1.968879275148572965e-03
-1.955238121305374801e-03
-1.959809103086341403e-03
-1.977563827916742432e-03
-1.990082256762078401e-03
-2.009784090804604857e-03
-1.994675939306714014e-03
-2.024316389183711262e-03
-2.043300932462404230e-03
-2.026454158286501109e-03
-2.060549553736417891e-03
-2.060327232523978622e-03
-2.071943007135310707e-03
-2.077011039228918859e-03
-2.087849791127568532e-03
-2.079766032810874930e-03
-2.091757874263697106e-03
-2.098136588636157623e-03
-2.094604008143773326e-03
-2.102380635272735505e-03
-2.100318402153547332e-03
-2.102517259720244804e-03
-2.087783492894589032e-03
-2.078171136416893158e-03
-2.091203941147241549e-03
-1.793655616038025615e-03
-1.729977588342123881e-03
-1.845716002702990893e-03
-1.831852325095048237e-03
-1.862164888930211044e-03
-1.912063109063902528e-03
-1.895409811459460633e-03
-1.926576074209616256e-03
-1.969787477140925915e-03
-2.051780683151041389e-03
-2.025261721716532012e-03
-2.036311984850935463e-03
-2.060514409406298195e-03
-2.110303873079594737e-03
-2.112886338475610838e-03
-2.112521548174386976e-03
-2.098644638227245562e-03
-2.115809680859834403e-03
-2.090710576781781155e-03
-2.137506448356775706e-03
-2.126766147786697796e-03
-2.127020364362971084e-03
-2.136852621075077067e-03
-2.126438939166135078e-03
-2.125235863550432175e-03
-2.135440212980647609e-03
-2.166499656915280535e-03
-2.162724068141997236e-03
-2.156615745241292036e-03
-2.151915408290290370e-03
-2.149434804210712327e-03
-2.142548485614673669e-03
-2.168610163562863843e-03
-2.163797981825100244e-03
-2.159326387648471089e-03
-2.156991757045408596e-03
-2.153535268980889469e-03
-2.148769760748956044e-03
-2.144978964202685651e-03
-2.142793973291730672e-03
-2.138070067863477586e-03
-2.134847103267377769e-03
-2.133010701153608552e-03
-2.129204290720053058e-03
-2.109538816856267734e-03
-2.106454323582268411e-03
-2.108942933248002249e-03
-2.116442099505543191e-03
-2.115933051470809782e-03
-2.112398745452223094e-03
-2.125180751397844070e-03
-2.120326526235131494e-03
-2.124352247171983760e-03
-2.106764605617010653e-03
-2.104994103296431961e-03
-2.104381959079752035e-03
-2.109361429955205688e-03
-2.105936527999111105e-03
-2.106801306578115051e-03
-2.109675514753524619e-03
-2.126182057718798389e-03
-2.117809955875556670e-03
-2.125298317932454526e-03
-2.205916698012235291e-03
-2.177468613548567966e-03
-2.200200458073828247e-03
-2.139093192761786465e-03
-2.239558407470196473e-03
-7.569498887842786294e-04
-7.609832836048824323e-04
-7.855368524427721677e-04
-7.921671436540764612e-04
-8.160464592226492325e-04
-7.968710676754831588e-04
-8.204648399413613877e-04
-7.979727359634626810e-04
-8.596541354392476597e-04
-8.217870669815185687e-04
-8.562520679910488267e-04
-7.819551807531739066e-04
-8.452638378844486329e-04
-8.382176497329579075e-04
-7.536361055873609226e-04
-8.182097599704683637e-04
-8.247167662711501254e-04
-8.807084579978052743e-04
-8.818765849594686380e-04
-9.433940250951264577e-04
-9.887500720151599400e-04
-9.928613275365322319e-04
-1.046210260152627197e-03
-9.408561009017853052e-04
-1.043187355570793402e-03
-1.091087402445124234e-03
-1.092907966272724761e-03
-1.143053443329433488e-03
-1.235116224813052367e-03
-1.141310373936737892e-03
-1.276121701340290600e-03
-1.267475424506701604e-03
-1.310556668178390269e-03
-1.270067345264340930e-03
-1.332423066592109328e-03
-1.391768146776889729e-03
-1.432391814527768674e-03
-1.393700473287007996e-03
-1.466497911738777341e-03
-1.469196503935882260e-03
-1.504695926459596010e-03
-1.677313260409820598e-03
-1.617564545398082971e-03
-1.501114401489339611e-03
-1.524897615871594492e-03
-1.529871577800875860e-03
-1.561097191659288706e-03
-1.556049565750216093e-03
-1.699666901582468906e-03
-1.702849962917981014e-03
-1.731198637198257681e-03
-1.727456339932338398e-03
-1.780342180352327986e-03
-1.829051310856467244e-03
-1.885798027814707513e-03
-1.910909769931146314e-03
-1.890331231707995325e-03
-1.844818659094973282e-03
-1.848456149279903600e-03
-1.869991290661822837e-03
-1.926144282597424921e-03
-1.949997520446487744e-03
-1.930907942360910162e-03
-1.945504348637574999e-03
-1.972986569040773627e-03
-1.917257738298719372e-03
-1.940844279802368937e-03
-1.936286826824922501e-03
-2.007708696598489804e-03
-2.042731233120404812e-03
-2.069344991774063787e-03
-2.085449705791076261e-03
-2.099695518774801709e-03
-2.096697448621447947e-03
-2.101926728487133952e-03
-2.101594401947973201e-03
-2.094513535492883213e-03
-1.807462651972849103e-03
-1.750649303979137823e-03
-1.720644929769117940e-03
-1.759836598043264299e-03
-1.878873431626159815e-03
-1.974445181144529951e-03
-1.943228776938127084e-03
-1.957663480962257112e-03
-1.986612695069655491e-03
-2.032270836901950602e-03
-2.015420893906950603e-03
-2.042088150557863982e-03
-2.100182550188594253e-03
-2.076065462464770674e-03
-2.084648318151629317e-03
-2.131802576355914299e-03
-2.122786783783398197e-03
-2.119172317377431523e-03
-2.125672762601775456e-03
-2.150415111468211536e-03
-2.131488988905937566e-03
-2.134734944596801062e-03
-2.106426474043583685e-03
-2.137317446256372690e-03
-2.134534825469204707e-03
-2.144689609644583050e-03
-2.179202876585186691e-03
-2.172837939609543328e-03
-2.169070707095717421e-03
-2.159111064149797036e-03
-2.174166219551259063e-03
-2.163108123521176318e-03
-2.151344258553626338e-03
-2.140314183410337197e-03
-2.130420807400459048e-03
-2.108357734633734427e-03
-2.113347611040149697e-03
-2.121203742426169912e-03
-2.111471417412188328e-03
-2.106622649796653819e-03
-2.109078696611145411e-03
-2.110657082410454487e-03
-2.117424960190288519e-03
-2.151023208554586966e-03
-2.152566477701701834e-03
-2.176541428953663107e-03
-2.138739171677745549e-03
-2.307273064909197251e-03
-2.251941926283291314e-03
-2.287787645864499363e-03
-1.044676763614193170e-03
-8.169267527169286544e-04
-7.336073181720096249e-04
-7.791445792917608883e-04
-7.123669014241355065e-04
-7.528147061408865196e-04
-7.826988150311497408e-04
-7.588321540225648589e-04
-7.863804224579075668e-04
-7.610853330976526457e-04
-7.423768372271379815e-04
-7.448809885123700058e-04
-8.156126834773918264e-04
-8.140420048732149600e-04
-8.760768953774133181e-04
-9.364440080776848235e-04
-9.319230213204612130e-04
-8.761752095577973092e-04
-9.834050902422046807e-04
-1.040552505346481384e-03
-9.860485646230672703e-04
-1.038611811261955231e-03
-1.182622319966148772e-03
-1.231836589266695160e-03
-1.185916615172352695e-03
-1.083189861847447385e-03
-1.087144188393808324e-03
-1.137358100799539277e-03
-1.228807412553471800e-03
-1.175500962418077637e-03
-1.221251078593785146e-03
-1.224290826749927256e-03
-1.322614068576786778e-03
-1.295355322273205939e-03
-1.359888775602070051e-03
-1.429659643943866770e-03
-1.357712124738975294e-03
-1.640255166130714839e-03
-1.673441478106220534e-03
-1.644140737063861431e-03
-1.578153169958868268e-03
-1.613407402107487794e-03
-1.582292558242393617e-03
-1.459807975694918554e-03
-1.463158333201946713e-03
-1.497747133525785708e-03
-1.492745691998811084e-03
-1.510607959297851841e-03
-1.548906353359934263e-03
-1.517778361704864420e-03
-1.670261434414956839e-03
-1.691146097940376437e-03
-1.723209999132851392e-03
-1.695420794764306016e-03
-1.746647166805429755e-03
-1.776314800664160597e-03
-1.750685116660750159e-03
-1.797960904703261014e-03
-1.825340857893689847e-03
-1.801770674411937601e-03
-1.906180434342256980e-03
-1.865479826421341698e-03
-1.821589055224586383e-03
-1.921486704169106732e-03
-1.944826119214234381e-03
-1.950057090907389087e-03
-1.967795315341881995e-03
-1.906382388035110422e-03
-1.911614332642830229e-03
-1.931060220883786590e-03
-1.981503750963502664e-03
-2.003283788881511564e-03
-1.985788299749254547e-03
-2.050231289622741603e-03
-2.055427868153343347e-03
-2.037702835989001291e-03
-2.064245310860374043e-03
-2.073719569092980115e-03
-2.083676849695200069e-03
-2.075416318451224658e-03
-2.091923958851302917e-03
-2.096761919285325751e-03
-2.091794751526562020e-03
-2.106476863722185275e-03
-2.106150782342033380e-03
-2.102802244184022798e-03
-2.108178880757005137e-03
-2.097734644263946416e-03
-2.103943813531971435e-03
-1.823443713680568314e-03
-1.834564930238987519e-03
-1.796217715366356989e-03
-1.787073643070196402e-03
-1.881767588032714870e-03
-1.896950554429122299e-03
-1.863811613715778441e-03
-1.944054637754044634e-03
-1.959452292134870963e-03
-1.928105980827310700e-03
-2.003345248594825406e-03
-2.085200614929000676e-03
-2.058726167595273902e-03
-2.068587964801118541e-03
-2.092871875154684019e-03
-2.154034600966646222e-03
-2.136535993278427994e-03
-2.142989094122613875e-03
-2.143915550909286649e-03
-2.128127857308866749e-03
-2.147249647859820858e-03
-2.152344362782756572e-03
-2.122028225335642702e-03
-2.152623331701184958e-03
-2.144767099599695793e-03
-2.145190389758593833e-03
-2.154442021013423109e-03
-2.143126575834529771e-03
-2.145744729269133139e-03
-2.152370855990396858e-03
-2.188645213041560001e-03
-2.177459779331254557e-03
-2.184021451689600185e-03
-2.172151217140934343e-03
-2.161944853351320875e-03
-2.169311561311981426e-03
-2.190106026595708966e-03
-2.184762423470467708e-03
-2.179467232529723377e-03
-2.176311027509958938e-03
-2.166785526879533123e-03
-2.172594416227606549e-03
-2.162827743190690391e-03
-2.154063807948087671e-03
-2.160076705202925058e-03
-2.149866447896733868e-03
-2.147616383755988987e-03
-2.142564329919589925e-03
-2.138668695099662977e-03
-2.136961472383827956e-03
-2.132145398055739632e-03
-2.114258425456156353e-03
-2.110589349165423526e-03
-2.112003119964302698e-03
-2.119527326739207261e-03
-2.118171510768577896e-03
-2.114700866563572375e-03
-2.128180737901736591e-03
-2.126881755817482990e-03
-2.122521769008341858e-03
-2.114798506501446886e-03
-2.110733487892119987e-03
-2.113160280248349045e-03
-2.124966409185031178e-03
-2.117789099843188968e-03
-2.117048161017145644e-03
-2.124977666387739810e-03
-2.176065179515886128e-03
-2.191127582198965432e-03
-2.165051916766313773e-03
-2.137539880487697441e-03
-2.226326116257854731e-03
-2.216661157798035034e-03
-2.266685169436072431e-03
-6.610101171175459828e-04
-8.305050956423468437e-04
-7.181512949811447513e-04
-5.916914424705975797e-04
-7.031719582013123970e-04
-6.739337379125375383e-04
-6.603052005586184606e-04
-6.611255734298513830e-04
-7.333954067201811557e-04
-6.863591780972114502e-04
-7.219729441795137400e-04
-6.230856229838284801e-04
-6.984355915614973414e-04
-6.844724345850004615e-04
-5.942173745148363181e-04
-6.709243091763710714e-04
-6.681232259571560483e-04
-7.354354912855364445e-04
-8.104958832473044489e-04
-7.388558418826782215e-04
-8.628309865131345057e-04
-9.275141832393236137e-04
-8.671860394751775090e-04
-8.056680559084007914e-04
-9.246885642574373312e-04
-9.744255692136288231e-04
-1.034119032475917799e-03
-9.789242456819634286e-04
-1.133987379577118581e-03
-1.030050926499920206e-03
-1.178077269666710433e-03
-1.159756224196564376e-03
-1.214315642168032608e-03
-1.166668519319996340e-03
-1.236702023129248630e-03
-1.252187171862266264e-03
-1.280129685614461764e-03
-1.386118887094020188e-03
-1.388946801578951930e-03
-1.426861228144712728e-03
-1.311474833509642789e-03
-1.352164733553034388e-03
-1.317108690613813743e-03
-1.609530269837315328e-03
-1.544750710412450337e-03
-1.423378249037846651e-03
-1.449790150231171099e-03
-1.487724287459054121e-03
-1.454829938864176655e-03
-1.480544471123073367e-03
-1.631608609241691488e-03
-1.635932060925433416e-03
-1.665938203006072076e-03
-1.661660947488769868e-03
-1.719146619822121318e-03
-1.772528333826080271e-03
-1.874474801733292707e-03
-1.900543871110258560e-03
-1.880150743678261904e-03
-1.831120542858067843e-03
-1.858648921304104909e-03
-1.837976849800113804e-03
-1.785241160489436322e-03
-1.791614318443039049e-03
-1.815225552870390916e-03
-1.895856017330556278e-03
-1.925855272447262638e-03
-1.963500819473854193e-03
-1.866383667667648270e-03
-1.891588215525168062e-03
-1.886371965220048821e-03
-2.014594593110826705e-03
-1.998428609208160924e-03
-2.019493831443581761e-03
-2.032888478476890977e-03
-2.062771497761210857e-03
-2.083793979032282778e-03
-2.100293845922278878e-03
-2.106761253611361042e-03
-1.852717558394291562e-03
-1.810732027461479498e-03
-1.780587536448370459e-03
-1.817089776514825127e-03
-1.913239983237906196e-03
-2.011863951833191277e-03
-1.993194976542611747e-03
-1.978173445357410409e-03
-2.022064006668383793e-03
-2.067426123381161870e-03
-2.076427953202063768e-03
-2.049823827574367638e-03
-2.133782519301256377e-03
-2.109587459673269508e-03
-2.117089358694558814e-03
-2.154327682923535148e-03
-2.183014803158123823e-03
-2.163393364680418242e-03
-2.166740644931159157e-03
-2.182853012007759594e-03
-2.166687706469855312e-03
-2.168492598194023558e-03
-2.138937205819942296e-03
-2.153652313580888943e-03
-2.162372405175656993e-03
-2.202066473365646947e-03
-2.195328882316565158e-03
-2.190714557454412782e-03
-2.180280180935549681e-03
-2.196280972302098317e-03
-2.183461598966393233e-03
-2.169874213459425071e-03
-2.156709247023033682e-03
-2.144694319687580168e-03
-2.133867484037434929e-03
-2.117190053238742972e-03
-2.114587148069247639e-03
-2.124274011333030215e-03
-2.123551965316012452e-03
-2.119081696960524539e-03
-2.117797678876987867e-03
-2.124109750986563194e-03
-2.144684027608922527e-03
-2.148099174212089735e-03
-2.160006423232965073e-03
-2.201882589737950806e-03
-2.134538543500969984e-03
-2.314989198453500097e-03
-2.267078446369536881e-03
-2.309014772437933787e-03
0.000000000000000000e+00
-3.461717028107121779e-04
-1.117196500184602492e-03
-3.810930823845795103e-04
-6.082420634416756816e-04
-5.334777866065529804e-04
-5.043058789915369228e-04
-5.074001905187047355e-04
-6.175853508582239068e-04
-5.495225061255039085e-04
-5.906505492461027731e-04
-6.384251171210399449e-04
-6.017387446653866363e-04
-5.805312860587296710e-04
-6.640522174279314986e-04
-5.845349585008142524e-04
-6.603070448609538786e-04
-7.309760520959177922e-04
-7.966807931427589582e-04
-8.015003200111254751e-04
-7.311003428574073312e-04
-8.548742516905007312e-04
-9.206891562611382862e-04
-8.588251997934833164e-04
-9.160808361417346240e-04
-1.074529806184415081e-03
-1.129644701795120892e-03
-1.078862399996518206e-03
-9.651345801766138700e-04
-1.025391005969231899e-03
-9.697740436022752892e-04
-1.124995455844101343e-03
-1.065444585250993528e-03
-1.112395010655366093e-03
-1.119451910669701797e-03
-1.198810258420881288e-03
-1.274551376351483033e-03
-1.349204607365224202e-03
-1.568626281408754420e-03
-1.604776412811937661e-03
-1.573392620263446137e-03
-1.502055186628894817e-03
-1.540485383500008083e-03
-1.506326972983659243e-03
-1.386968535420831077e-03
-1.386410234390224707e-03
-1.423709759572491709e-03
-1.418598062643641224e-03
-1.435768624184239044e-03
-1.473572278806989898e-03
-1.442817601230917800e-03
-1.600425413564916192e-03
-1.621142802589822622e-03
-1.626382117163253926e-03
-1.656437739482374610e-03
-1.680939357504587350e-03
-1.714058915649384731e-03
-1.686069355629841657e-03
-1.736356921086580152e-03
-1.767370301296420851e-03
-1.741503380487050001e-03
-1.852985349260538595e-03
-1.808364041123846754e-03
-1.760959355978040757e-03
-1.870188118644597027e-03
-1.895279123304687355e-03
-1.920288116281939619e-03
-1.900842471995970763e-03
-1.934149168154503150e-03
-1.939502356259619094e-03
-1.958120279812561402e-03
-1.854639902115501164e-03
-1.880704017785681751e-03
-1.860282713630168408e-03
-1.971902784771608578e-03
-1.993569694832292120e-03
-1.976743525239032812e-03
-2.045304662852837248e-03
-2.047786534746543711e-03
-2.030485476233434908e-03
-2.060244434868639066e-03
-2.073976064372093104e-03
-2.083949251320985161e-03
-2.073889347547214299e-03
-2.096227270410097078e-03
-2.094287221226755896e-03
-2.101222131930211359e-03
-2.126024143153640647e-03
-2.119099608188985441e-03
-2.116240365741508828e-03
-1.881713000851179072e-03
-1.852604943846911968e-03
-1.881710133436613735e-03
-1.846262192485592125e-03
-1.913091923026129498e-03
-2.002180026551863678e-03
-1.973234133661321086e-03
-2.007073550859162815e-03
-2.039626111349130549e-03
-2.119129641945645924e-03
-2.102276725791861652e-03
-2.093257782562812138e-03
-2.126667108152301405e-03
-2.180499242611711342e-03
-2.167282397417722838e-03
-2.167500150592652219e-03
-2.177746843504325784e-03
-2.160702193785231807e-03
-2.180405125436677815e-03
-2.183023051667921759e-03
-2.181743529155296280e-03
-2.155743089513132045e-03
-2.175562983710459253e-03
-2.165059729775321330e-03
-2.164176556100322335e-03
-2.173919504124315061e-03
-2.213232905780390235e-03
-2.207723965549267253e-03
-2.200862063007641249e-03
-2.196013912249829194e-03
-2.184019017333392251e-03
-2.192300452410071970e-03
-2.213206074228083863e-03
-2.207701806014174088e-03
-2.201727845763747343e-03
-2.197850045245705944e-03
-2.194080813973814294e-03
-2.187205290285097834e-03
-2.181916142435270933e-03
-2.172527305640321697e-03
-2.179247732851771497e-03
-2.168180881879606253e-03
-2.159211020850918938e-03
-2.165665792674353017e-03
-2.154793048448286081e-03
-2.152501257814773243e-03
-2.146944057366192548e-03
-2.143064735597627161e-03
-2.141053608244551047e-03
-2.135843976794475282e-03
-2.125366217179848385e-03
-2.119939402103548313e-03
-2.122589633379670139e-03
-2.122372141068866631e-03
-2.118563142721860762e-03
-2.118353271873445100e-03
-2.132792363995183495e-03
-2.130673016243173068e-03
-2.126352421876391216e-03
-2.126618663969394047e-03
-2.120534022513421990e-03
-2.125125066180308039e-03
-2.133690818665840566e-03
-2.176010786243999084e-03
-2.159469766285570386e-03
-2.175346413474535737e-03
-2.200303880455407174e-03
-2.235040901850930510e-03
-2.274846859832142191e-03
-2.229853635674505612e-03
0.000000000000000000e+00
-2.895911272192551629e-04
0.000000000000000000e+00
-1.856453106301497648e-04
-2.917246838786578464e-04
-4.524738283518615531e-04
-3.371544378027036947e-04
-4.071200709199436561e-04
-4.515240989241749723e-04
-5.612224011295317188e-04
-4.796160676395877617e-04
-5.374187242056317803e-04
-4.282060213880731019e-04
-5.229176439307893541e-04
-5.085587292645567204e-04
-4.090749653860194365e-04
-4.950334146393620995e-04
-4.994370461606389327e-04
-5.723330349750883200e-04
-6.561094794506554901e-04
-5.763683906561726210e-04
-7.186326094796349198e-04
-7.925035365001533967e-04
-7.226739168882224213e-04
-6.515517259568800014e-04
-7.883648354021469302e-04
-8.447769274593194041e-04
-9.109939884198140110e-04
-8.498006830902371002e-04
-1.020964916846487042e-03
-9.062435840568014477e-04
-1.068946467904298512e-03
-1.052446676496849058e-03
-1.106898329902618067e-03
-1.057887911831488330e-03
-1.146464854686550950e-03
-1.192178391747295962e-03
-1.153098691178778461e-03
-1.230855309227186275e-03
-1.271666691984126973e-03
-1.233721806950564869e-03
-1.311709661560838758e-03
-1.311547312938887624e-03
-1.349387489869060316e-03
-1.535682958393921535e-03
-1.469277748774495268e-03
-1.349619184281673073e-03
-1.390679014186933446e-03
-1.420373717953732004e-03
-1.388670549299690637e-03
-1.413416229386013894e-03
-1.558300043474008557e-03
-1.563462665134459934e-03
-1.595272016389952772e-03
-1.590009705888749229e-03
-1.651341323166297288e-03
-1.708889125317071284e-03
-1.819410162239277822e-03
-1.825289585251076672e-03
-1.847173701427671285e-03
-1.769558868612235592e-03
-1.800530761050327848e-03
-1.777402789768968948e-03
-1.729930121397740134e-03
-1.733002372120579339e-03
-1.757641967952115487e-03
-1.842888954379423138e-03
-1.914937915945383578e-03
-1.875135185213519864e-03
-1.953319268396808053e-03
-1.809641881492208507e-03
-1.837788283097521475e-03
-1.832082870955745093e-03
-2.007354744999390993e-03
-1.989980350764283638e-03
-2.011032249947704298e-03
-2.026775388805235594e-03
-2.060569651011358912e-03
-2.086065189952901293e-03
-2.117998640181974115e-03
-2.112267278942063162e-03
-2.106593375794791907e-03
-2.122038577703706189e-03
-1.871281500671687515e-03
-1.840891446181841789e-03
-1.876510806537824011e-03
-1.940805660524702516e-03
-1.942467092033393081e-03
-1.911285713822556600e-03
-1.971685319267937539e-03
-2.051389474139555559e-03
-2.031791661982239663e-03
-2.026932482852899110e-03
-2.059556791441962027e-03
-2.100603053845037736e-03
-2.110049923543125781e-03
-2.083855964208809926e-03
-2.167876264461268861e-03
-2.143598614213626605e-03
-2.150955524008859275e-03
-2.178114056352800990e-03
-2.216751701473129894e-03
-2.197198625761446165e-03
-2.199936933974101609e-03
-2.217367625994005366e-03
-2.200214059854397296e-03
-2.200091455015997042e-03
-2.210187013782291890e-03
-2.196554327919758055e-03
-2.195341911778306461e-03
-2.172921853851622620e-03
-2.185781217245607276e-03
-2.226776175439304332e-03
-2.214449576481904158e-03
-2.219967967316483631e-03
-2.204527811756754226e-03
-2.205716521473138035e-03
-2.220090984695227351e-03
-2.190154423454168144e-03
-2.175374572445247338e-03
-2.161858214990156762e-03
-2.149351772592110812e-03
-2.138365066346166986e-03
-2.124068072493736498e-03
-2.129442772245768254e-03
-2.124335788667467469e-03
-2.141451886968231012e-03
-2.133225474856064938e-03
-2.132295604789402783e-03
-2.142142498794724365e-03
-2.156721879126289459e-03
-2.204039142054893541e-03
-2.300582417856750304e-03
-2.269811181505467824e-03
-2.308882634010230982e-03
0.000000000000000000e+00
-1.807986091934284762e-04
0.000000000000000000e+00
-1.440957002719822015e-04
-2.583167518817443362e-04
-3.878003184545852867e-04
-2.754260435057507075e-04
-3.590207781182836073e-04
-4.372474302143662846e-04
-4.137756931031952409e-04
-4.012988014074574507e-04
-4.931111952963456802e-04
-4.030513501323944054e-04
-4.887924177999860599e-04
-5.710407601750273985e-04
-6.446300860245522679e-04
-6.491735252566451040e-04
-5.697563645992453647e-04
-7.113255404374475713e-04
-7.846550132255996398e-04
-7.149001132498738640e-04
-7.794769328657771140e-04
-9.548770405650975311e-04
-1.015804963408323746e-03
-9.599907986926892178e-04
-8.344072297775206957e-04
-9.010341433225395932e-04
-8.395675305442379301e-04
-1.010121486904028490e-03
-1.100177053488351044e-03
-9.462930464238263322e-04
-1.004822349595891782e-03
-9.991758237063283390e-04
-1.189206952770696917e-03
-1.271718436773201398e-03
-1.491944001350954327e-03
-1.496992904537894180e-03
-1.530639179991464312e-03
-1.421259184847880946e-03
-1.428583411680166932e-03
-1.462084413000852914e-03
-1.315043225759833685e-03
-1.351319296896572996e-03
-1.313256842852328354e-03
-1.352903873600236773e-03
-1.360557962004735506e-03
-1.398438063487590513e-03
-1.375716795354941981e-03
-1.525441746566138764e-03
-1.547030577826234580e-03
-1.584390668335680825e-03
-1.552661850497776257e-03
-1.609489136376729976e-03
-1.615286588475985455e-03
-1.645491589351019603e-03
-1.671585100257860779e-03
-1.676264381440623454e-03
-1.704243869533996272e-03
-1.794701770292452328e-03
-1.749851831624294786e-03
-1.700754795715574662e-03
-1.814293597409426858e-03
-1.882521226101630972e-03
-1.908530922344692021e-03
-1.888933045087191551e-03
-1.841029526548268415e-03
-1.868317440467751230e-03
-1.847863220575568163e-03
-1.923145181204372707e-03
-1.928677054074336757e-03
-1.947745770277652718e-03
-1.798221474998226536e-03
-1.826578046682251957e-03
-1.803694902926349358e-03
-1.962851591305968865e-03
-1.985365838916147707e-03
-1.967422159028248390e-03
-2.043433200656143926e-03
-2.044358254612458313e-03
-2.025803802761756874e-03
-2.059572823821745596e-03
-2.086798308932343634e-03
-2.092668387436390047e-03
-2.079543369794260854e-03
-2.102140898079671565e-03
-2.153230983059385966e-03
-2.137475174533374957e-03
-2.134079799872849043e-03
-1.906068386749691429e-03
-2.001321997832136278e-03
-1.971042361193213899e-03
-2.001770922124084928e-03
-2.068640894346882204e-03
-2.035658871672194579e-03
-2.060289866046792744e-03
-2.075991051577340610e-03
-2.152390189660159658e-03
-2.126519962465244981e-03
-2.135909261420143417e-03
-2.160379928271332663e-03
-2.203086276797765197e-03
-2.189357698471532630e-03
-2.191841351797817368e-03
-2.217149570793560710e-03
-2.213431356063014655e-03
-2.215137437910419567e-03
-2.195467849667568066e-03
-2.213800873147908285e-03
-2.206673303547115970e-03
-2.190629866940200544e-03
-2.199565364366681472e-03
-2.239186006567335865e-03
-2.233015426973022129e-03
-2.226155429375848739e-03
-2.222217677881779211e-03
-2.217719945777170062e-03
-2.209069285007734130e-03
-2.221687607707206573e-03
-2.217494301707827534e-03
-2.209830859634800276e-03
-2.237865125723923800e-03
-2.232321152071258582e-03
-2.225530065099450006e-03
-2.204286359560787573e-03
-2.193210158903054034e-03
-2.201154365146232132e-03
-2.188276161429669395e-03
-2.185233725205037482e-03
-2.178378041106255464e-03
-2.173515665168391283e-03
-2.164380264483189292e-03
-2.171073789409338171e-03
-2.160195299129599733e-03
-2.151819023816765528e-03
-2.157644604911030349e-03
-2.148755737876702036e-03
-2.146070023936361496e-03
-2.140969875040464078e-03
-2.134015944371835029e-03
-2.129775019639990573e-03
-2.128268769701764564e-03
-2.139801554751623314e-03
-2.132733950816099837e-03
-2.136445222120604732e-03
-2.133572889763909065e-03
-2.127931327535438448e-03
-2.130005749756760502e-03
-2.141177185129714694e-03
-2.133610230628679976e-03
-2.140956592318501821e-03
-2.159601566470176898e-03
-2.167225341899837055e-03
-2.149963316042807337e-03
-2.191944795758281241e-03
-2.213000095586861032e-03
-2.184187474358365282e-03
-2.232355050319148257e-03
-2.234145491366106538e-03
-2.266008350367711751e-03
0.000000000000000000e+00
-1.440123156956961501e-04
0.000000000000000000e+00
-1.298781422725301478e-04
-2.285922791460473784e-04
-3.429653554906517609e-04
-2.434435030005062438e-04
-3.284300569199382160e-04
-2.197927176195265319e-04
-3.126885234959773463e-04
-3.221962111056956581e-04
-2.151873783579043721e-04
-3.083387956035316384e-04
-3.102616395917104754e-04
-3.968141350735248469e-04
-3.990122933097333476e-04
-4.865249907274545082e-04
-5.628778433792609986e-04
-6.424315249710289442e-04
-5.650767612643073107e-04
-4.838693388909154369e-04
-6.386436114983292311e-04
-7.021527836585325383e-04
-7.748449319985050744e-04
-7.066746026318274868e-04
-8.958012469600750002e-04
-7.695593617412699230e-04
-9.495013968715675665e-04
-1.041312299011350586e-03
-1.094590900210326307e-03
-1.046810006714047952e-03
-9.363544654462001640e-04
-9.403388249652901805e-04
-9.953588776445113258e-04
-1.137383674982503975e-03
-1.184747424812359218e-03
-1.141889263673442120e-03
-1.229373404309589682e-03
-1.271088691051072781e-03
-1.230062215692125267e-03
-1.456959123209901775e-03
-1.391245173084527335e-03
-1.272736952514491333e-03
-1.338050422686100881e-03
-1.481007503237831945e-03
-1.519993188278359348e-03
-1.486473311677558853e-03
-1.578513963764480253e-03
-1.514328582769861346e-03
-1.640759689105101204e-03
-1.757232814688569275e-03
-1.763429165179160232e-03
-1.788584864193291978e-03
-1.705356203060127409e-03
-1.737672479017193967e-03
-1.717691728164131779e-03
-1.688539515099106783e-03
-1.783401437145261392e-03
-1.903012568507511833e-03
-1.861940548606912582e-03
-1.819786556987739237e-03
-1.943177202696778341e-03
-1.752398773224020465e-03
-1.780812313004322654e-03
-1.775244569391130206e-03
-2.003409896457874345e-03
-2.005415883412599992e-03
-1.983328666800454609e-03
-2.023698428960162953e-03
-2.065483375026876643e-03
-2.129210539725318128e-03
-2.107040715045829533e-03
-2.124191927123860422e-03
-2.139797367206260764e-03
-1.932463327305853793e-03
-1.901767942127306245e-03
-1.936669899129829855e-03
-1.966884389496425904e-03
-2.035211481231783900e-03
-2.084887796707565050e-03
-2.134116672698309521e-03
-2.117271326932039163e-03
-2.143345328920082636e-03
-2.205581822768253562e-03
-2.186842142396379883e-03
-2.179083813795813351e-03
-2.251507545767102766e-03
-2.234102029771100045e-03
-2.234404290887494378e-03
-2.253360428073152705e-03
-2.233346291114661226e-03
-2.235105495221173348e-03
-2.243050082516894264e-03
-2.230276147795810966e-03
-2.226576463695282768e-03
-2.231737168912563754e-03
-2.217435611908446028e-03
-2.221034870935336639e-03
-2.209601639254262645e-03
-2.212630724798212919e-03
-2.230626021339180733e-03
-2.252640176162498849e-03
-2.245888245185141425e-03
-2.239669355564485962e-03
-2.229829053465128171e-03
-2.213152343737594292e-03
-2.245220715756046474e-03
-2.196555440252685645e-03
-2.181310342285582796e-03
-2.167243522912775267e-03
-2.154855496316956075e-03
-2.144654118267220414e-03
-2.137176440462216359e-03
-2.133869316544004593e-03
-2.137054674275129865e-03
-2.149578004641901526e-03
-2.175377748913743560e-03
-2.212199959072996130e-03
-2.276539290350149038e-03
-2.254634397601740312e-03
-2.288930194290212175e-03
0.000000000000000000e+00
-1.298879385116507440e-04
0.000000000000000000e+00
-1.157531017731739417e-04
-2.224206862053034373e-04
-2.138761817522801879e-04
-2.078982792721353998e-04
-3.065113405651597660e-04
-2.096741378059402959e-04
-3.041936649769033684e-04
-3.957731000276879896e-04
-4.816786787307637905e-04
-4.792865747956125198e-04
-3.945110299000644709e-04
-5.528355149723545832e-04
-5.578503841178244962e-04
-6.336098529322736761e-04
-6.288601954264783512e-04
-8.236887993341350609e-04
-8.904175898765476823e-04
-8.290188260570348919e-04
-6.919691882291964047e-04
-7.644522773619976189e-04
-6.970258348702487684e-04
-8.849418691769146694e-04
-1.090012385260670166e-03
-9.897274003890324003e-04
-8.155298195636371747e-04
-8.760180646289060687e-04
-8.801481368066054085e-04
-1.183992309044638218e-03
-1.411569688874321623e-03
-1.416433230919681091e-03
-1.452139324169077726e-03
-1.341623011090878554e-03
-1.351124145755809754e-03
-1.381800369741791523e-03
-1.209455221607688268e-03
-1.262666527066796636e-03
-1.219453339034239385e-03
-1.273963103650706426e-03
-1.294593241601733977e-03
-1.317613228006562663e-03
-1.446632237915680642e-03
-1.533513680477834474e-03
-1.540276555285878621e-03
-1.571777026412683569e-03
-1.467654592045898512e-03
-1.507662925898000088e-03
-1.474329906011777238e-03
-1.593766466640909440e-03
-1.632870858178573368e-03
-1.601633424037505072e-03
-1.731501067816392132e-03
-1.644867665854631358e-03
-1.658314960267863415e-03
-1.675303440612572418e-03
-1.754565331738829146e-03
-1.870563291954894939e-03
-1.876574589846163443e-03
-1.896997230585464661e-03
-1.827321035186891835e-03
-1.855073595045823864e-03
-1.834203092661015324e-03
-1.783158432499897189e-03
-1.812244989868323775e-03
-1.790712883398997259e-03
-1.913023398485933944e-03
-1.938063972734434520e-03
-1.918129107291999908e-03
-1.737996066878134439e-03
-1.768252295921043634e-03
-1.744971672754007559e-03
-1.956211153349877736e-03
-1.979901510785347235e-03
-1.959583229616260885e-03
-2.045429666058886081e-03
-2.044509278326864070e-03
-2.024628719697726866e-03
-2.066230069263545917e-03
-2.091592528864318415e-03
-2.089089133513989498e-03
-2.109927592082600119e-03
-2.187217203865869045e-03
-2.168134924777209184e-03
-2.155434029083897526e-03
-1.994388968513406777e-03
-1.963321617391163010e-03
-1.997897287163648110e-03
-2.061026548675401644e-03
-2.064960122614323441e-03
-2.031239461414561728e-03
-2.101362142616056833e-03
-2.191319723508932185e-03
-2.162678174390105131e-03
-2.172013135218112297e-03
-2.198707232970105278e-03
-2.252470640577391818e-03
-2.247326478799164390e-03
-2.251773172774409679e-03
-2.232487995451119984e-03
-2.252603154532900089e-03
-2.237380577671765208e-03
-2.226969621513439322e-03
-2.228653835219782803e-03
-2.250284313921315990e-03
-2.244821442156809572e-03
-2.236243493607520047e-03
-2.266266607820296985e-03
-2.252679655783022990e-03
-2.259408087866696634e-03
-2.246728829163892847e-03
-2.242239055794462838e-03
-2.234132021106045515e-03
-2.229013691497368655e-03
-2.225331726726093463e-03
-2.216640213536125170e-03
-2.263471491879329774e-03
-2.258009930320937532e-03
-2.250574590623769487e-03
-2.211094607082695999e-03
-2.207644694637604307e-03
-2.199687103209189108e-03
-2.194638056695775302e-03
-2.184321050420522711e-03
-2.191561689281097333e-03
-2.177742837534706391e-03
-2.168975475761574304e-03
-2.175537432058113636e-03
-2.167092481086138611e-03
-2.163739092898438535e-03
-2.158086502398381609e-03
-2.156685944171876732e-03
-2.148365965985484481e-03
-2.152819649526808467e-03
-2.149015613890554489e-03
-2.141618096530975568e-03
-2.144498582242368792e-03
-2.144987703473770664e-03
-2.139540530879408681e-03
-2.139316926697313985e-03
-2.146652880830727562e-03
-2.140047334152272648e-03
-2.143814270478632943e-03
-2.156465727817881255e-03
-2.148522345429314858e-03
-2.157728863835211945e-03
-2.175107077292888578e-03
-2.167079388954375359e-03
-2.183117696078928915e-03
-2.200011255222569621e-03
-2.215442761073242381e-03
-2.196489113965046855e-03
-2.217485462674131155e-03
-2.248544029644038416e-03
-2.226962799178560000e-03
0.000000000000000000e+00
-1.158143886789564240e-04
0.000000000000000000e+00
-1.098963588097633473e-04
4.042845234307013677e-20
-1.075936891789521996e-04
-1.098963588097630898e-04
0.000000000000000000e+00
-1.057657374882624903e-04
-1.075936891789521047e-04
-2.055625903902032865e-04
-3.029960661546246222e-04
-2.067049003930433455e-04
-3.873972976347480018e-04
-4.767603160101641178e-04
-3.898046619157836826e-04
-3.006227824491224847e-04
-4.716025159417579064e-04
-5.448384694258806170e-04
-6.247698275214423830e-04
-5.487733516623888915e-04
-7.589530270348547516e-04
-6.194872711869712622e-04
-8.187947068826887439e-04
-1.029010608580571478e-03
-1.083916447675798214e-03
-1.035185167125284196e-03
-9.134993504446536731e-04
-9.777403502474659586e-04
-9.244166375183086046e-04
-8.341799536358118078e-04
-8.241515463691127851e-04
-8.858417434970321204e-04
-1.125361939026867618e-03
-1.177956440978662842e-03
-1.131373763489253344e-03
-1.376966541599993887e-03
-1.308181328954122029e-03
-1.167953783762233936e-03
-1.241959610525293243e-03
-1.398358902853154588e-03
-1.440049588987997366e-03
-1.404988946577882293e-03
-1.563887784488665784e-03
-1.500883022440085111e-03
-1.433340475869704280e-03
-1.619514758718859507e-03
-1.697603820607523559e-03
-1.701493849743954123e-03
-1.727651829779085690e-03
-1.671458225249984261e-03
-1.724984401001597749e-03
-1.891908526266586170e-03
-1.849076494403143704e-03
-1.805376963056786691e-03
-1.760724486400421212e-03
-1.934694064248064374e-03
-1.688422503548671263e-03
-1.713170255153900800e-03
-1.720207952076504947e-03
-2.001578518182257037e-03
-2.002523219305117445e-03
-1.978883811558379818e-03
-2.023558949296652525e-03
-2.068094894337407005e-03
-2.139749935245524939e-03
-2.135751941872808882e-03
-2.114735399986580281e-03
-2.161441906400887129e-03
-2.027727210171017744e-03
-2.122404854737059386e-03
-2.095619041347749831e-03
-2.091891216209018807e-03
-2.128290241387708562e-03
-2.177583060513924029e-03
-2.155781448442790123e-03
-2.184627519267749209e-03
-2.245377644088311121e-03
-2.218442490077252374e-03
-2.225594838899899210e-03
-2.288416642679282770e-03
-2.270899981099922492e-03
-2.269983346299067270e-03
-2.279312821008407444e-03
-2.260818463156951969e-03
-2.265316541419831135e-03
-2.292418360206614596e-03
-2.272028812320680928e-03
-2.272892045042648312e-03
-2.258585260873336407e-03
-2.245211763067148092e-03
-2.250992638089281336e-03
-2.240973390112779157e-03
-2.248670402140736865e-03
-2.258264959715898176e-03
-2.279987410937793155e-03
-2.273106479942615596e-03
-2.266184774915934452e-03
-2.237788222359034067e-03
-2.254944771744744978e-03
-2.220049075693160921e-03
-2.271550892614217568e-03
-2.203009543773469091e-03
-2.186263901834755233e-03
-2.172563499426165539e-03
-2.162176143262991342e-03
-2.153092156567224143e-03
-2.147182753474981276e-03
-2.145844504907094483e-03
-2.151236664709871727e-03
-2.165313109643759656e-03
-2.187368021543371552e-03
-2.210242676760713725e-03
-2.240257024305156684e-03
-2.230948959583427434e-03
-2.259680964868874490e-03
0.000000000000000000e+00
2.513846949112322019e-20
-2.147689964094041562e-20
-1.057656466704756464e-04
0.000000000000000000e+00
-1.045737490182240345e-04
-2.084176560024154413e-04
-2.977014710918022742e-04
-3.003496967875187904e-04
-2.052019769823719723e-04
-3.834380968090693844e-04
-4.695428171763407939e-04
-3.853771061961884601e-04
-4.653343262554438583e-04
-6.826513688776983998e-04
-6.871322326367708703e-04
-7.541094709739716139e-04
-5.461669572888936102e-04
-5.454440494107666744e-04
-6.201088888690363919e-04
-7.488984403395363299e-04
-1.077851980197804980e-03
-9.714715976232672894e-04
-8.739823755028080284e-04
-6.987672825775955322e-04
-7.671469755711349606e-04
-7.574375026630909662e-04
-1.327838534317071079e-03
-1.334752674407865304e-03
-1.370072935297580877e-03
-1.251297886281744131e-03
-1.296850300765298733e-03
-1.262601223423171154e-03
-1.109900493899008966e-03
-1.160225431697069990e-03
-1.117618580815680183e-03
-1.199875897291505624e-03
-1.237146238026425992e-03
-1.204646474870514627e-03
-1.363453543336683518e-03
-1.519838747459610400e-03
-1.526679528322403157e-03
-1.557066969777148521e-03
-1.453742517394970239e-03
-1.460690994831824290e-03
-1.493938168043605066e-03
-1.383374150478167836e-03
-1.390873740539980835e-03
-1.425870470793302001e-03
-1.578588721468552562e-03
-1.611967163832202753e-03
-1.586179073845719097e-03
-1.634169555098306499e-03
-1.666127944095743309e-03
-1.639514864375319052e-03
-1.692791657291590861e-03
-1.860592168601100417e-03
-1.865608109975121828e-03
-1.886879261496297432e-03
-1.815051152664407842e-03
-1.821215574258689806e-03
-1.842921957857554310e-03
-1.768362217455914922e-03
-1.775792682160422112e-03
-1.797987669767639810e-03
-1.722102716727132816e-03
-1.752785978844307885e-03
-1.730081572713597100e-03
-1.904753483302858586e-03
-1.930470329831696129e-03
-1.908932293332953100e-03
-1.674583004653486902e-03
-1.706463799939801108e-03
-1.681301852297418901e-03
-1.951618298626341987e-03
-1.976451036551550577e-03
-1.953946801295926988e-03
-2.047688754926740677e-03
-2.024647072987100817e-03
-2.046646123303690664e-03
-2.069237719597775711e-03
-2.094902066409467384e-03
-2.092894977088856530e-03
-2.115970983721318817e-03
-2.201438978671273368e-03
-2.196943268537874475e-03
-2.170607337234750286e-03
-2.057187870902454571e-03
-2.025723383394168083e-03
-2.059179745877942266e-03
-2.120502137483334850e-03
-2.090824013539592865e-03
-2.121496606378537285e-03
-2.149959071082165225e-03
-2.234406152751194051e-03
-2.205952207438459378e-03
-2.213005835939150460e-03
-2.240128722972152715e-03
-2.290438726693645906e-03
-2.283789844795157918e-03
-2.268908342130887459e-03
-2.292883278008340207e-03
-2.292628908445099208e-03
-2.272217343070943602e-03
-2.254434787397300612e-03
-2.269114875690746505e-03
-2.281897568388103256e-03
-2.266151257412848952e-03
-2.274252088375445027e-03
-2.296561979222879780e-03
-2.288206687878716322e-03
-2.281573292614539651e-03
-2.253572022764727296e-03
-2.250018681576104913e-03
-2.241122070414074650e-03
-2.269989182046181983e-03
-2.258173840457343949e-03
-2.266609195026933130e-03
-2.236677600933244421e-03
-2.232709194237737262e-03
-2.223696993731062114e-03
-2.289185407769366888e-03
-2.276187951681146911e-03
-2.284584982254081985e-03
-2.221099751230770983e-03
-2.216204967999167198e-03
-2.207994567476211003e-03
-2.187722637668425459e-03
-2.191169692763164732e-03
-2.182702086724215389e-03
-2.177457978949592227e-03
-2.174760341289680952e-03
-2.171018738566998611e-03
-2.165788403997985761e-03
-2.165927806001955065e-03
-2.161351051414953615e-03
-2.157541277698151599e-03
-2.159910587913934244e-03
-2.152516217325645912e-03
-2.154503993668615593e-03
-2.157460119064502115e-03
-2.152092513713787202e-03
-2.151223748432140766e-03
-2.159900776591385137e-03
-2.158311822105813543e-03
-2.153316540029384663e-03
-2.169126159148335089e-03
-2.162943996366110348e-03
-2.172652786556617758e-03
-2.184926853404033868e-03
-2.180490400868269774e-03
-2.191916288758231218e-03
-2.202248444911177744e-03
-2.194806918485848676e-03
-2.208485418962216531e-03
-2.220045980037734477e-03
0.000000000000000000e+00
-1.045775438526563622e-04
-3.633772318416023151e-20
-1.992652827794197368e-04
-2.949195987536553125e-04
-2.020604249345677849e-04
-1.042088280012076393e-04
-2.928073497729429941e-04
-3.825526430284856890e-04
-4.648572928370811336e-04
-3.829474509648141210e-04
-6.150281933342768587e-04
-4.653387786862767366e-04
-6.908416737417252601e-04
-1.014821372335715597e-03
-1.070741639132416316e-03
-1.021897970564647875e-03
-9.308061243274005393e-04
-9.219277403390850785e-04
-9.805185480047595107e-04
-7.824284861421726845e-04
-8.478721225156953456e-04
-8.084955578093822384e-04
-7.413828490831176829e-04
-1.289935085563983716e-03
-1.225759890677794199e-03
-1.062949442884478539e-03
-1.155441362997234158e-03
-1.313921611491331107e-03
-1.356505740329903321e-03
-1.320901892204301951e-03
-1.487066417512940015e-03
-1.549450898612901931e-03
-1.418881104029571507e-03
-1.348977121342851467e-03
-1.606585491609738162e-03
-1.661278617353053634e-03
-1.837910649833668971e-03
-1.882699290195057485e-03
-1.791838273952485287e-03
-1.745386160634615231e-03
-1.698513200717684897e-03
-1.928077838853408874e-03
-1.623225993771125995e-03
-1.655594974285402171e-03
-1.648860119135447423e-03
-2.001772004041703357e-03
-1.976414275931255831e-03
-2.001753829894834923e-03
-2.025030373071117114e-03
-2.070327656963851654e-03
-2.152214500838595806e-03
-2.146395697148135821e-03
-2.121667195590688868e-03
-2.175502159468418670e-03
-2.088912925603915189e-03
-2.168819925819560554e-03
-2.145761369750896937e-03
-2.144775015583073700e-03
-2.173304734004993539e-03
-2.219723836320350047e-03
-2.227307474197936978e-03
-2.198469062199819284e-03
-2.288566631507059877e-03
-2.261591310906656618e-03
-2.267115828315675700e-03
-2.328035217199985428e-03
-2.310150698617019667e-03
-2.308154390937388126e-03
-2.318268141045801839e-03
-2.303206718916889478e-03
-2.298301673735302780e-03
-2.280767725019153605e-03
-2.270301730888894289e-03
-2.332643466628864584e-03
-2.312483524918550193e-03
-2.312755058215088238e-03
-2.290850003538401000e-03
-2.289502372825677132e-03
-2.309250271059669173e-03
-2.294453602444429963e-03
-2.303024590538118276e-03
-2.244818058859380464e-03
-2.261466908079938672e-03
-2.279304062171971356e-03
-2.228777108391106349e-03
-2.299003465201994965e-03
-2.205346743443863285e-03
-2.200255865288976674e-03
-2.213578882278413422e-03
-2.196922126508193702e-03
-2.181445232388756414e-03
-2.170480820398579605e-03
-2.163063105336722209e-03
-2.158800160751188184e-03
-2.158822858815476545e-03
-2.164817529677070303e-03
-2.177934365832716844e-03
-2.193419679806863851e-03
-2.193759615525538512e-03
-2.198645596179547076e-03
-2.219287993353404216e-03
0.000000000000000000e+00
-1.013770650232933651e-04
-1.042088280012078968e-04
0.000000000000000000e+00
-1.974571010475087429e-04
-2.918096049110171890e-04
-1.983349636355772466e-04
-2.912110052600750234e-04
-5.503741193088960548e-04
-6.174788884086220312e-04
-5.483336155166253223e-04
-3.885362297303794491e-04
-3.855129787710542409e-04
-4.684939662857535081e-04
-6.258849884635336262e-04
-9.734555868428623054e-04
-7.904775634544401568e-04
-8.615538004937716744e-04
-8.522134146344937256e-04
-7.865310854796112722e-04
-6.624009534982341994e-04
-7.232197012543397415e-04
-6.805979068718803413e-04
-1.242408118094521542e-03
-1.285484527049301270e-03
-1.246781050834730930e-03
-1.180090028140802581e-03
-1.215957144073379027e-03
-1.189993626976753585e-03
-9.986544303218528821e-04
-1.054885896141276400e-03
-1.006762378285434682e-03
-1.093439945738727218e-03
-1.147179315524330528e-03
-1.101676473924304098e-03
-1.278500451938136342e-03
-1.442687089754665294e-03
-1.448208317097883198e-03
-1.481551774787546625e-03
-1.505361687233507063e-03
-1.512601692266331635e-03
-1.542242398730826226e-03
-1.369045906284596572e-03
-1.411753868584186529e-03
-1.376205340028300358e-03
-1.297813618200536426e-03
-1.305887725200813830e-03
-1.340952638430106597e-03
-1.565590484697986775e-03
-1.600136848853383901e-03
-1.572098601460003835e-03
-1.628453637001443105e-03
-1.805276588987468796e-03
-1.810199876458432923e-03
-1.833001310933307215e-03
-1.852782301908532112e-03
-1.856713077246962152e-03
-1.878733495130809018e-03
-1.758864808878053253e-03
-1.763624782439981173e-03
-1.787078798614937956e-03
-1.709439035737348508e-03
-1.715784032324657853e-03
-1.739065425228546527e-03
-1.660633554402741064e-03
-1.691555331280460281e-03
-1.667628122918555535e-03
-1.898125800999969550e-03
-1.901484340450548122e-03
-1.924670753161158293e-03
-1.608559125082793806e-03
-1.615661336399621057e-03
-1.641792877344921530e-03
-1.947773543457871886e-03
-1.974416282637530239e-03
-1.949801743995799351e-03
-2.049394176946618337e-03
-2.026118257936664578e-03
-2.048688943325788041e-03
-2.071373218721190949e-03
-2.089072732653838183e-03
-2.119144289625343128e-03
-2.091743768161979412e-03
-2.231755941001194697e-03
-2.218524684777869321e-03
-2.189215607801161395e-03
-2.121060240249517895e-03
-2.089022274324905948e-03
-2.120877041281039529e-03
-2.190292861413290892e-03
-2.155482093546656763e-03
-2.179850640026577413e-03
-2.194256861185754116e-03
-2.279273679921141587e-03
-2.257036939907888090e-03
-2.249577850386715906e-03
-2.284232268389029506e-03
-2.322975254859003386e-03
-2.330223433574839416e-03
-2.305512039254146821e-03
-2.292298108408545934e-03
-2.311669056866535489e-03
-2.293613400114005631e-03
-2.334010761014264270e-03
-2.313388771872188984e-03
-2.333258927932170719e-03
-2.311337925961169833e-03
-2.312393374205180124e-03
-2.304590880653396585e-03
-2.297114171029532390e-03
-2.329190568043419673e-03
-2.319380142667451430e-03
-2.312926360853946855e-03
-2.257818421319878269e-03
-2.255491908198197296e-03
-2.246966111899677005e-03
-2.273772609410096464e-03
-2.271646702572126773e-03
-2.263367315766702352e-03
-2.290072240183499159e-03
-2.279732672042155892e-03
-2.289370090874283566e-03
-2.243123713279678022e-03
-2.239717634729984294e-03
-2.232142357543579706e-03
-2.310936644765047322e-03
-2.299838559056743403e-03
-2.310049427886260928e-03
-2.220327815791760338e-03
-2.220738010902346612e-03
-2.213119539979257859e-03
-2.203391132386011298e-03
-2.195607685188776838e-03
-2.204218839193766537e-03
-2.192960176595702346e-03
-2.190292701311562576e-03
-2.183893695968401084e-03
-2.183560634967414774e-03
-2.179163907931024220e-03
-2.174748421909671915e-03
-2.176438532269404057e-03
-2.168190449276471889e-03
-2.171172008038157672e-03
-2.171705156206236217e-03
-2.165785633971576557e-03
-2.164606151203606835e-03
-2.170491823505458790e-03
-2.163951415635275658e-03
-2.165258818604534619e-03
-2.171156596770326772e-03
-2.170572142555838181e-03
-2.166021146613701827e-03
-2.176560986869806487e-03
-2.173403381941063812e-03
-2.180848940646129552e-03
-2.178998670417018474e-03
-2.188052303171166349e-03
-2.183450700205568414e-03
-2.173361553209351548e-03
-2.185783772616555973e-03
-2.186116625827024852e-03
-1.145066256973360570e-19
-1.012962720813301228e-04
0.000000000000000000e+00
-1.003087426330173665e-04
-2.077355155647942148e-04
-2.964364372632640279e-04
-2.026236536182561727e-04
-4.707187803270163973e-04
-2.993936404513421450e-04
-5.327883429730377422e-04
-6.168820255037794475e-04
-5.415974161027199869e-04
-8.976269273496080212e-04
-9.568779309181940597e-04
-9.144051790543872814e-04
-8.450746759702047447e-04
-7.273441934033386940e-04
-5.985965446294977095e-04
-1.211512690704806593e-03
-1.137264956996150971e-03
-1.046608296096543638e-03
-9.487956759760786049e-04
-1.228296625830912082e-03
-1.271456276887036104e-03
-1.235333792395880165e-03
-1.474273650577124194e-03
-1.406195841218353063e-03
-1.535724121535728993e-03
-1.333761165327620232e-03
-1.263369556468505253e-03
-1.594397110719807456e-03
-1.829062570389981129e-03
-1.782194804984428256e-03
-1.875362180903879326e-03
-1.734300129953654426e-03
-1.685190965896895057e-03
-1.634759962823091389e-03
-1.922682557653699036e-03
-1.552432756574762766e-03
-1.580450544209249450e-03
-1.587570683687367741e-03
-2.015449732783918934e-03
-2.008344281356628548e-03
-1.980820106516736727e-03
-2.032827543608218841e-03
-2.067691324722001431e-03
-2.156593321071306312e-03
-2.155078955966027200e-03
-2.120257174442397551e-03
-2.191316004568095912e-03
-2.155764946502516238e-03
-2.205263920150452202e-03
-2.265129467040496829e-03
-2.272312915743058062e-03
-2.242328668485032983e-03
-2.337408717704063735e-03
-2.308270697017631833e-03
-2.313039760276489575e-03
-2.357300224788622285e-03
-2.342516590718289604e-03
-2.337603158449683659e-03
-2.369028181396477285e-03
-2.351221454579465776e-03
-2.348711383300701797e-03
-2.339804459093165409e-03
-2.328872963154240451e-03
-2.322471558681866825e-03
-2.308765604135646840e-03
-2.364009099485017695e-03
-2.348247529549561674e-03
-2.349192420732388979e-03
-2.335806475979861161e-03
-2.320806577950846380e-03
-2.339446255393461821e-03
-2.334230923647648455e-03
-2.323845197239919873e-03
-2.250000445295236278e-03
-2.265295344044294425e-03
-2.281407399431050354e-03
-2.300099684961815025e-03
-2.233928706966582106e-03
-2.227638657066930913e-03
-2.238180374659968185e-03
-2.324844254182979308e-03
-2.227183475227838619e-03
-2.211819835073441237e-03
-2.198216878330468919e-03
-2.188326431226914840e-03
-2.180014304756263711e-03
-2.174102766221488407e-03
-2.171153129654898248e-03
-2.171408301702590533e-03
-2.174759037275661791e-03
-2.179406240781328954e-03
-2.179370885796382343e-03
-2.153532568091174465e-03
-2.165708582850267745e-03
-2.173707558087485496e-03
-7.779301885618850564e-20
-1.003511288358554382e-04
-1.287613553795600884e-19
-1.054935610730210933e-04
-3.834976796566621723e-04
-4.684303753895900039e-04
-3.862605026034054327e-04
-2.044233371190833180e-04
-2.059289871517874749e-04
-2.975640109807344957e-04
-4.597378162073339721e-04
-7.655750664368603546e-04
-8.325459575422786140e-04
-7.779859658169991027e-04
-6.457563307951169271e-04
-7.190448970447626447e-04
-6.541249304378409912e-04
-5.166317975080325208e-04
-5.905146868755758310e-04
-5.248520530250168001e-04
-1.157539451993132773e-03
-1.200306914415454757e-03
-1.168825739353346847e-03
-1.076121566176467450e-03
-1.128563595125701719e-03
-1.084789444140519567e-03
-9.822935417655416848e-04
-1.038426659586643395e-03
-9.904825768613928494e-04
-8.816536341482905572e-04
-9.407810415464657209e-04
-8.897366609655001264e-04
-1.193245974760714315e-03
-1.429443935595067425e-03
-1.467646797977671105e-03
-1.436016487825992304e-03
-1.356606541848989506e-03
-1.362842049373139217e-03
-1.399985680472075247e-03
-1.493040813992623905e-03
-1.499187550377616010e-03
-1.529574539825877483e-03
-1.281446847782270488e-03
-1.289622258323849541e-03
-1.325586498697605689e-03
-1.213236867076360713e-03
-1.255845167617205063e-03
-1.220773019460961572e-03
-1.558742256361968009e-03
-1.800819481146784251e-03
-1.826790665918653564e-03
-1.803025013892975079e-03
-1.751889691955966447e-03
-1.778676819635487388e-03
-1.755375548498965422e-03
-1.845174547007742477e-03
-1.871508224821479167e-03
-1.849011305042872269e-03
-1.703262433080311722e-03
-1.706342197974523509e-03
-1.731211993223115159e-03
-1.654570327762265418e-03
-1.657572890640378240e-03
-1.682178169367751479e-03
-1.601376905426613734e-03
-1.631199735119687189e-03
-1.604932511963619822e-03
-1.893337211064992451e-03
-1.895773476824280050e-03
-1.920197660910648264e-03
-1.538488536550466999e-03
-1.573792075049568195e-03
-1.545208032668887082e-03
-1.946099219302528140e-03
-1.980014880047516190e-03
-1.946946131394214916e-03
-2.050669477837984648e-03
-2.081715808886149509e-03
-2.085045160609165938e-03
-2.117385547155598013e-03
-2.243654166138179910e-03
-2.239719357136497717e-03
-2.198594562485175954e-03
-2.185866754249728497e-03
-2.153515897588503467e-03
-2.188317141006675039e-03
-2.227726944048076876e-03
-2.328934764947750060e-03
-2.297092818733438395e-03
-2.304359300023364407e-03
-2.333406437320232653e-03
-2.363235072812005112e-03
-2.348173118328218158e-03
-2.366815131595671837e-03
-2.326137976056082135e-03
-2.388863634982810007e-03
-2.361481707600714911e-03
-2.376700266440234278e-03
-2.363291188979521704e-03
-2.334550603802072483e-03
-2.362263250077731823e-03
-2.345946172514754881e-03
-2.350491655141492831e-03
-2.258873120126426819e-03
-2.258038379379245439e-03
-2.250626001032629640e-03
-2.274145846730568025e-03
-2.265633578342212198e-03
-2.273682952533423625e-03
-2.291299842989366793e-03
-2.290419139196306526e-03
-2.282185166203650611e-03
-2.309424892778889904e-03
-2.309872021614093468e-03
-2.299418281332995216e-03
-2.245061962219288207e-03
-2.243747259382999817e-03
-2.239159271530527344e-03
-2.329000859058677399e-03
-2.333648186424606887e-03
-2.319724911207615443e-03
-2.234629246896410130e-03
-2.234292247777973188e-03
-2.227666896668857761e-03
-2.210253664876072732e-03
-2.215183380265929765e-03
-2.206736932854196174e-03
-2.201531138343379781e-03
-2.200571067336078677e-03
-2.192012588173233769e-03
-2.196715064600310470e-03
-2.192520240469021317e-03
-2.184427757061693787e-03
-2.187993537748622597e-03
-2.186931423068015981e-03
-2.179284556275584272e-03
-2.181621214355812521e-03
-2.183510580022666233e-03
-2.177549078316615757e-03
-2.177009722454387262e-03
-2.182203720159457423e-03
-2.176563506295253400e-03
-2.177007191149311991e-03
-2.179294275464872289e-03
-2.177849857324282677e-03
-2.175641597273113639e-03
-2.180111348866275479e-03
-2.178781515755593909e-03
-2.180160585200141381e-03
-2.173296205734768539e-03
-2.177146909222781729e-03
-2.174815260782363667e-03
-2.153927484469959734e-03
-2.165389419828370188e-03
-2.155946348692627454e-03
-9.389533080122651529e-20
-1.053590725061901307e-04
-8.528878720517851653e-20
-2.951843813819499856e-04
-1.033814081954993660e-04
-3.383744433606921905e-04
-4.364478302115390191e-04
-3.605315271369075101e-04
-7.064691191342397335e-04
-8.246473411643137803e-04
-5.821490644026779734e-04
-4.283573177301909854e-04
-1.117263178781830553e-03
-1.029741687376360725e-03
-9.325593284927806252e-04
-1.138679682806200549e-03
-1.183844031718621521e-03
-1.148110249449023216e-03
-1.461426164873537610e-03
-1.393203286017172596e-03
-1.319353722836821754e-03
-1.522723676539044103e-03
-1.247613761345372661e-03
-1.176303419973888853e-03
-1.822946887879529649e-03
-1.776381914916240912e-03
-1.727697784384148606e-03
-1.869055036788731892e-03
-1.679073722070494219e-03
-1.628108721901978806e-03
-1.570073669099257075e-03
-1.919246383818555383e-03
-1.480099740832958258e-03
-1.509422658377106152e-03
-1.516049748944673856e-03
-2.008795252459750005e-03
-1.976357185571939092e-03
-2.012271188272436208e-03
-2.046635881432149699e-03
-2.157276256660199242e-03
-2.117132051486056606e-03
-2.157466438481610640e-03
-2.197557010880799890e-03
-2.255443309152102994e-03
-2.220777294575511721e-03
-2.222929400497042005e-03
-2.260271893187396769e-03
-2.308392079499019169e-03
-2.318835853318695212e-03
-2.286842959013024677e-03
-2.389674226035208831e-03
-2.359374192738055570e-03
-2.363772133545321598e-03
-2.395470506968958371e-03
-2.382472381208357477e-03
-2.376197875338092406e-03
-2.380378259108163579e-03
-2.368605902048470831e-03
-2.359793110293435196e-03
-2.400888086979364143e-03
-2.382567348455404219e-03
-2.385220157835671144e-03
-2.395341393785889797e-03
-2.389662402361947442e-03
-2.351065356861133798e-03
-2.372570148449449409e-03
-2.355610538660735109e-03
-2.367569610840429811e-03
-2.251246119536226553e-03
-2.265857090098105219e-03
-2.282081010089879059e-03
-2.299769336077673622e-03
-2.318750558917706452e-03
-2.239500375221943965e-03
-2.350412147672863595e-03
-2.344598681223287670e-03
-2.339299885728521322e-03
-2.224008907910348873e-03
-2.229501806694383654e-03
-2.222388272648092092e-03
-2.217366172357525950e-03
-2.205385892081065946e-03
-2.196487253214207853e-03
-2.189633371847816718e-03
-2.185149037837553349e-03
-2.183071659102885954e-03
-2.181235775296456493e-03
-2.180125555435750116e-03
-2.178306361175593418e-03
-2.166803181399695744e-03
-2.112041955347067346e-03
-2.135723397862624318e-03
-2.133308465366677911e-03
-2.204576742438579774e-04
-3.030481022936006084e-04
-2.124747895740301123e-04
0.000000000000000000e+00
-1.034071813846744459e-04
-1.012410216618227478e-19
-2.802740869423804397e-04
-6.261226880527924823e-04
-6.966874101598719742e-04
-6.359574103648427297e-04
-7.446614061675008688e-04
-7.550668457580371560e-04
-8.141035267688809512e-04
-4.996970356515466121e-04
-5.735932416415967690e-04
-5.081928392632559808e-04
-3.637520602809644205e-04
-3.509639000467914714e-04
-4.411491828307069550e-04
-1.058000164462398907e-03
-1.108187708382411818e-03
-1.067059094393740630e-03
-9.650380777778484916e-04
-1.021112042689631579e-03
-9.736551254750896566e-04
-8.684218746263599152e-04
-8.751268897798611694e-04
-9.259735446104346230e-04
-1.098737510068023213e-03
-1.431470404987388034e-03
-1.430301141907982035e-03
-1.462403491720216117e-03
-1.353114645589233861e-03
-1.391662676078670585e-03
-1.354903322078567993e-03
-1.274682346537662353e-03
-1.315995921313342816e-03
-1.277986865418750170e-03
-1.486345202505321567e-03
-1.200492862884444938e-03
-1.241299210716699259e-03
-1.206844447736582504e-03
-1.124467110243368342e-03
-1.169219844169828212e-03
-1.131566118369048586e-03
-1.792702879115854950e-03
-1.818868443000998909e-03
-1.796806424996501284e-03
-1.746784267503743472e-03
-1.773840789028901729e-03
-1.749367685486706396e-03
-1.698364483533752701e-03
-1.725259003806167875e-03
-1.700820189925421333e-03
-1.840550997550543513e-03
-1.842911267569413269e-03
-1.866706614109757715e-03
-1.648433069996829226e-03
-1.676009792484381509e-03
-1.651456680240916044e-03
-1.606310070676916259e-03
-1.603700597227834248e-03
-1.630547041179440486e-03
-1.538290439270414197e-03
-1.570152857133778890e-03
-1.538393976311220115e-03
-1.890619334980026206e-03
-1.892030119202041524e-03
-1.917850792513587982e-03
-1.467076820993301438e-03
-1.473367592782770302e-03
-1.503142124130500430e-03
-1.944461016586037207e-03
-1.975599062808136054e-03
-1.945321036615940170e-03
-2.043611071969131474e-03
-2.079289036023131317e-03
-2.080417524163362224e-03
-2.116498057033238886e-03
-2.248376833876758723e-03
-2.245772751577862925e-03
-2.199475540130378572e-03
-2.252077431626379935e-03
-2.218964930184024777e-03
-2.253953963277681959e-03
-2.282171512592909464e-03
-2.376259478328047233e-03
-2.342710183537276541e-03
-2.353007957337343789e-03
-2.383405315157692377e-03
-2.387500203361318969e-03
-2.405299265517624446e-03
-2.400277725882104564e-03
-2.387010477856256908e-03
-2.371055514535847474e-03
-2.403154707786130280e-03
-2.443512946400264261e-03
-2.416084151866537341e-03
-2.422209871199686865e-03
-2.447412221687145575e-03
-2.418596147301964750e-03
-2.418140921346614066e-03
-2.395268590597536464e-03
-2.379093367292026313e-03
-2.383665756412031624e-03
-2.360756925991828233e-03
-2.257926220529162149e-03
-2.258029747904317409e-03
-2.251026686764317011e-03
-2.271940432780168544e-03
-2.264935646516417697e-03
-2.272636592863495029e-03
-2.288154360783932820e-03
-2.289299628794166323e-03
-2.280676631004245527e-03
-2.306738790519409499e-03
-2.307662833029110790e-03
-2.298556023711300494e-03
-2.327565897969819352e-03
-2.327771429240354378e-03
-2.318050224538235546e-03
-2.245022073511112291e-03
-2.244640531879524802e-03
-2.239443827228140838e-03
-2.338103644211090518e-03
-2.231542165240442410e-03
-2.233286064431285953e-03
-2.228351343827346311e-03
-2.217888959885556781e-03
-2.220882544005043247e-03
-2.214280391376751648e-03
-2.209341291660533915e-03
-2.207624114787326824e-03
-2.204134576874988705e-03
-2.200041152528095425e-03
-2.200828417465785190e-03
-2.193756333039420525e-03
-2.196569866691579394e-03
-2.196315524383905121e-03
-2.189823788614014832e-03
-2.191514985925887248e-03
-2.193226786343572664e-03
-2.188351451793299658e-03
-2.187904194694517950e-03
-2.188005781585482777e-03
-2.185193508475004060e-03
-2.183571096475208067e-03
-2.184416720960510698e-03
-2.181911253367824904e-03
-2.181431467430536286e-03
-2.178509358552282831e-03
-2.164426848746958676e-03
-2.169955668130895549e-03
-2.160535710175647342e-03
-2.130999475214844646e-03
-2.123869667345435440e-03
-2.144251936400436154e-03
-1.116724024892634323e-04
-1.427442709546499801e-04
-1.821087802508158330e-04
-2.405960878794824844e-04
-5.637406421608928946e-04
-6.861515711054141237e-04
-8.075041117068636068e-04
-4.326256226528133820e-04
-1.770152476456404971e-04
-2.699315747471802969e-04
-2.569297112849996284e-04
-1.012049892148816086e-03
-9.174144893328677053e-04
-1.041272016520198608e-03
-1.090396359701098754e-03
-1.049640067830553362e-03
-1.455811475407987714e-03
-1.392507162488762322e-03
-1.314280979649437011e-03
-1.237862522648052604e-03
-1.162833246045853232e-03
-1.083267065724702978e-03
-1.816539014027465215e-03
-1.769786991824658616e-03
-1.722703307662839340e-03
-1.673568003192957678e-03
-1.865279573211513046e-03
-1.627507424906316554e-03
-1.572525339256757200e-03
-1.503092467551282556e-03
-1.916956109696095999e-03
-1.399882433259111610e-03
-1.439726833604024463e-03
-1.433545366594912891e-03
-2.006955318811329270e-03
-2.007873416013427562e-03
-1.974551325193064921e-03
-2.042291964022462450e-03
-2.152907120595776765e-03
-2.155289906924730530e-03
-2.114075745745015202e-03
-2.197390210538358903e-03
-2.317622377138212671e-03
-2.286396254579826405e-03
-2.284871440875173992e-03
-2.312974070303481545e-03
-2.347263440816847908e-03
-2.447067813296310325e-03
-2.411879502769031722e-03
-2.418476352248863457e-03
-2.416834771946637338e-03
-2.405835972320334755e-03
-2.398242811339891187e-03
-2.430718968783477166e-03
-2.417616506512201141e-03
-2.412804866030984069e-03
-2.387883167133798921e-03
-2.438969032257287586e-03
-2.419632798628505894e-03
-2.422036145499151596e-03
-2.445353127156502278e-03
-2.440963253051250080e-03
-2.447368730310822346e-03
-2.402956160050226039e-03
-2.398998629800606908e-03
-2.387247536961045399e-03
-2.375525490205170585e-03
-2.362413591842903084e-03
-2.373557553291431865e-03
-2.250589583531632625e-03
-2.264088409135927432e-03
-2.279171248577308018e-03
-2.296549733597674087e-03
-2.316295711541860921e-03
-2.238099889625033700e-03
-2.348702965659206932e-03
-2.337526775192526850e-03
-2.348999673663601951e-03
-2.225323980710672798e-03
-2.212873203288934047e-03
-2.204070028874609115e-03
-2.198350738876486427e-03
-2.194658976059330954e-03
-2.190901152271819592e-03
-2.185732741413637208e-03
-2.175125522733746021e-03
-2.150811495834248094e-03
-2.071863320253741238e-03
-2.103906742097864935e-03
-2.091882566825269650e-03
-7.255251989150780702e-05
-1.589654574368744647e-04
-4.828409684259752678e-04
-5.552763499822024537e-04
-4.912995093497395235e-04
-6.065880115711875034e-04
-6.764044332115419673e-04
-6.163597599079758717e-04
-7.255962172345366843e-04
-7.978474725198309546e-04
-7.351866750854476988e-04
-3.488049994161551161e-04
-4.250619384360696993e-04
-3.562214183617149442e-04
-1.666777244171281213e-04
-2.660257966138174744e-04
-1.710942896155979412e-04
-9.436527473887196087e-04
-1.001353945082928548e-03
-9.543760724009179956e-04
-8.358948804006942996e-04
-9.010978517499272167e-04
-8.522378439210047396e-04
-9.929523797954239138e-04
-1.415486772741871881e-03
-1.376501763773470277e-03
-1.264475360142290486e-03
-1.309094016194443585e-03
-1.269586737059569259e-03
-1.190043160976110917e-03
-1.232720635338890522e-03
-1.195240671071555721e-03
-1.109260969603168088e-03
-1.155272594480991934e-03
-1.116847086604651424e-03
-1.026147696711349026e-03
-1.075736093694807218e-03
-1.033723411460702596e-03
-1.787713496679400969e-03
-1.814009418383741171e-03
-1.790226773789092493e-03
-1.740843998579528693e-03
-1.766790458665977448e-03
-1.743823543850306617e-03
-1.691362839623561723e-03
-1.719184740209738025e-03
-1.694876970402534261e-03
-1.640479814603410143e-03
-1.669592165753700820e-03
-1.644471127321923618e-03
-1.836155148992361539e-03
-1.838409846405696015e-03
-1.863107342833486557e-03
-1.587902920404048093e-03
-1.618343590683750128e-03
-1.597122721016733596e-03
-1.563319700847352455e-03
-1.454695656102359498e-03
-1.460858260504783101e-03
-1.496844865542333548e-03
-1.888347352590467529e-03
-1.889536100883238432e-03
-1.915820004826300537e-03
-1.406833474226371408e-03
-1.403089953029504431e-03
-1.437175144886616547e-03
-1.943159231738187092e-03
-1.973950318818808950e-03
-1.943840274019845724e-03
-2.041545830673679660e-03
-2.075330944352866535e-03
-2.112189035487055996e-03
-2.077299008787913438e-03
-2.240341569915294938e-03
-2.244313486638736636e-03
-2.194296939663482535e-03
-2.319648062637857250e-03
-2.285793315430313319e-03
-2.318764931536944005e-03
-2.386037123745383872e-03
-2.351927581470221983e-03
-2.381287710026618824e-03
-2.446161547495382879e-03
-2.446729377571982712e-03
-2.411237196774346486e-03
-2.405741996164854901e-03
-2.423182346383731881e-03
-2.434365447761524005e-03
-2.495373598022875093e-03
-2.471292835044324419e-03
-2.469284425919034826e-03
-2.483534168830054886e-03
-2.463235247480942674e-03
-2.460955933448858921e-03
-2.502345683058379393e-03
-2.474711869696664610e-03
-2.474904007359256860e-03
-2.427217173855860874e-03
-2.411626884324081024e-03
-2.414673337829999211e-03
-2.388234310805539655e-03
-2.361021047228415229e-03
-2.253147179227908171e-03
-2.255071150014275293e-03
-2.248485430684106154e-03
-2.266437964252393262e-03
-2.268730321587801579e-03
-2.261619840679608695e-03
-2.282925271873615519e-03
-2.285030214268068960e-03
-2.276813073549755189e-03
-2.301672510516703830e-03
-2.303635788594461491e-03
-2.294265354993314451e-03
-2.323822471645447217e-03
-2.325138969964390956e-03
-2.314639600696887910e-03
-2.240509346754385959e-03
-2.242208955978128564e-03
-2.236112445967520027e-03
-2.335116513143739234e-03
-2.224444008562541202e-03
-2.221751053221991592e-03
-2.228076505773950340e-03
-2.217116722157257483e-03
-2.212264262811252605e-03
-2.217180749742105658e-03
-2.211454805343138381e-03
-2.209311842070298734e-03
-2.205938087613104007e-03
-2.206923132176116797e-03
-2.203673524376976479e-03
-2.201437694703395169e-03
-2.203151854502577618e-03
-2.198071101529023696e-03
-2.199598287668443411e-03
-2.199051200871214671e-03
-2.196150873581381724e-03
-2.193581242457740086e-03
-2.192031363922677251e-03
-2.190354648815000249e-03
-2.187396415915102144e-03
-2.177818350568878816e-03
-2.180535023805423283e-03
-2.172001751626935831e-03
-2.150435227883849831e-03
-2.142158636456017139e-03
-2.158703508156444972e-03
-2.102889845574340728e-03
-2.119556181392158109e-03
-2.089997638909860470e-03
2.257374018539854257e-19
-7.248801121798563452e-05
0.000000000000000000e+00
-8.850762382281980134e-05
-5.454604962767219730e-04
-4.166429738841435221e-04
-6.668872003466216848e-04
-7.815259715944445837e-04
-2.587357459426136222e-04
0.000000000000000000e+00
-8.445959792032689659e-05
-8.850762382282080423e-05
-8.904059612587357335e-04
-9.299472977431058650e-04
-9.860702868579730544e-04
-9.367914398304234619e-04
-1.319314884393960226e-03
-1.336386281611476497e-03
-1.359551473239543331e-03
-1.227638974641874882e-03
-1.292244862480467155e-03
-1.150037697187014738e-03
-1.068107332210046145e-03
-9.784405578462213818e-04
-1.811782507572745182e-03
-1.764287469368954527e-03
-1.716201624447641046e-03
-1.666097805173319141e-03
-1.614429991669439832e-03
-1.861921826646274541e-03
-1.519756051872029820e-03
-1.554124003462032137e-03
-1.529087159457137319e-03
-1.431049969452410486e-03
-1.487611582441262549e-03
-1.915119783549698931e-03
-1.327385417633140680e-03
-1.367461511979577160e-03
-1.363880810476744568e-03
-2.005310993725965829e-03
-1.973034403212862650e-03
-2.006079703307823460e-03
-2.039514630065321615e-03
-2.151180890402129564e-03
-2.151890616793964480e-03
-2.110970499675501270e-03
-2.193540499563749208e-03
-2.352880890824219414e-03
-2.416310589256674777e-03
-2.502493258151033267e-03
-2.474393909850939460e-03
-2.475011731103217080e-03
-2.422104462188693144e-03
-2.450599058119402873e-03
-2.433250151718619088e-03
-2.440252182659663829e-03
-2.468654283040363096e-03
-2.449307556607701296e-03
-2.453480220413936305e-03
-2.498786986864938529e-03
-2.489021390827703649e-03
-2.475475891656333388e-03
-2.502652521801144569e-03
-2.431950744794357695e-03
-2.429550268954029993e-03
-2.416764388581640020e-03
-2.400927876013013613e-03
-2.401429898848916368e-03
-2.387559207067116527e-03
-2.369415083794232553e-03
-2.371869395083425584e-03
-2.358367823171305961e-03
-2.245669159487223392e-03
-2.258754467636543608e-03
-2.273598916282886309e-03
-2.291146667507986366e-03
-2.311546802378248305e-03
-2.229835218197766603e-03
-2.231327780389086649e-03
-2.234723013319272859e-03
-2.340030139574383189e-03
-2.343735427560041627e-03
-2.331192385909550135e-03
-2.227657733303104078e-03
-2.220923965458114144e-03
-2.214007931770322832e-03
-2.208773974480054622e-03
-2.204707266627815073e-03
-2.200966127784509483e-03
-2.195815272377182707e-03
-2.185948440578479139e-03
-2.166209692662984798e-03
-2.130683999169184425e-03
-2.030017051655903793e-03
-2.069908104730724605e-03
-2.050814649774694749e-03
2.383150916873239386e-19
-4.661380793755764800e-04
-5.370837575082321874e-04
-4.745348778789976120e-04
-3.367109798539050930e-04
-3.426045065571298892e-04
-4.105283052756542668e-04
-5.873754396109936646e-04
-6.572089651014863037e-04
-5.970080732688627656e-04
-7.019475324461011724e-04
-7.137999922449415804e-04
-7.696398010847318831e-04
-2.557326898827289030e-04
-2.111372228588341917e-04
-3.023397120733721565e-04
2.756926130084651881e-19
-8.422967943900864542e-05
0.000000000000000000e+00
-8.184363730602858648e-04
-8.271662298899705055e-04
-8.816293042664711610e-04
-8.746776674251018676e-04
-1.323501986416756801e-03
-1.177126776266855827e-03
-1.221199337462163968e-03
-1.183589027206259246e-03
-1.251081850157266225e-03
-1.285563227028043484e-03
-1.257784934766157346e-03
-1.095691202103194839e-03
-1.143290791075448785e-03
-1.102475023203195337e-03
-1.009952612619912857e-03
-1.060031515110972013e-03
-1.018041541184916236e-03
-9.259912582817548480e-04
-9.764880684311229297e-04
-9.279743740993522203e-04
-1.783037591454594405e-03
-1.785389155654792080e-03
-1.809450336101490380e-03
-1.736393246001886968e-03
-1.762050273991908837e-03
-1.738619476035593164e-03
-1.685685818609053508e-03
-1.713369300738180629e-03
-1.688530282026790962e-03
-1.634175205337665138e-03
-1.637341107621496407e-03
-1.662958956847425699e-03
-1.577194265705239573e-03
-1.582569047186113340e-03
-1.609082425428280238e-03
-1.836902132250322305e-03
-1.862386985400575970e-03
-1.836626732491451232e-03
-1.548789054347251377e-03
-1.384221562721716162e-03
-1.419793791150126020e-03
-1.395612111862593908e-03
-1.445780038452990600e-03
-1.450252037293042534e-03
-1.483152238325502296e-03
-1.887993193960824968e-03
-1.888151914540086044e-03
-1.914972913455526091e-03
-1.356199471702120929e-03
-1.940803940948105082e-03
-1.971998683413291216e-03
-1.941960151581073385e-03
-2.038743026010084690e-03
-2.070608706877795271e-03
-2.073371985722867114e-03
-2.109125187361365894e-03
-2.227621244546143259e-03
-2.238626441999722050e-03
-2.191290875599848087e-03
-2.388580532687265348e-03
-2.354140431024583438e-03
-2.387513184516610286e-03
-2.452694476610166319e-03
-2.419532173558629987e-03
-2.449413787446705175e-03
-2.500923619388043407e-03
-2.501897385153353543e-03
-2.473830524601278863e-03
-2.438519617413806816e-03
-2.458841064650319191e-03
-2.547616146940055552e-03
-2.524865728307190867e-03
-2.521382628260940631e-03
-2.530927830749309278e-03
-2.512885328691294960e-03
-2.506925858390088302e-03
-2.509519059851927220e-03
-2.496150485689375802e-03
-2.488586904558862372e-03
-2.556389627452720914e-03
-2.529451166784981060e-03
-2.529492656130868759e-03
-2.415212994865398744e-03
-2.458659414078325639e-03
-2.444735342393144183e-03
-2.443425968755214873e-03
-2.383894810278989855e-03
-2.353403856800824305e-03
-2.243909616442928481e-03
-2.248120604612473088e-03
-2.241649941898236562e-03
-2.255658607691791214e-03
-2.253964955874284033e-03
-2.260848895982411292e-03
-2.271991398627585482e-03
-2.276833961276110603e-03
-2.268441218045930650e-03
-2.291003036171573339e-03
-2.295633224874364837e-03
-2.286142943310671017e-03
-2.313659254487006583e-03
-2.318091305204760325e-03
-2.306900476366575709e-03
-2.232207139509554024e-03
-2.235792468301502946e-03
-2.230916106178973055e-03
-2.325470383974511963e-03
-2.222243338573738972e-03
-2.225997910929670628e-03
-2.223801893443779105e-03
-2.218465461676105959e-03
-2.221257490489533890e-03
-2.217881961562783062e-03
-2.214862592716132852e-03
-2.213969169547983385e-03
-2.210133845356529979e-03
-2.212441867720338178e-03
-2.210071393090073163e-03
-2.206353911882386748e-03
-2.208238671464188459e-03
-2.206118822555717084e-03
-2.202463733783513542e-03
-2.204473154214988198e-03
-2.200018288390327877e-03
-2.199572103868167872e-03
-2.196148725933918643e-03
-2.189017044027251162e-03
-2.190816233431583902e-03
-2.183815848430571867e-03
-2.169147186102472584e-03
-2.174060175555606739e-03
-2.160444781658180102e-03
-2.136489748350275074e-03
-2.144225551328505456e-03
-2.120759076525460286e-03
-2.086822121558627209e-03
-2.059895039484729677e-03
-2.095300811664887672e-03
-5.274312209894621616e-04
-4.021893044284317442e-04
-2.967915619382934488e-04
-6.453316846654352052e-04
-7.609089747860104010e-04
-1.630112344779910752e-04
-2.094851640084857518e-04
-1.648738249632076148e-04
-8.223113443726010410e-05
-8.085819261249772199e-04
-8.698486563585424922e-04
-8.135821884815083727e-04
-1.289785301430928935e-03
-1.136838012463862232e-03
-1.214509658077189431e-03
-1.053246303818832809e-03
-9.683621887269158865e-04
-8.678842615209791077e-04
-1.759756445253188827e-03
-1.809878755957998247e-03
-1.711141783189791240e-03
-1.660122739010459368e-03
-1.605948771158166241e-03
-1.862240603805905698e-03
-1.510735603299925671e-03
-1.544297293008743167e-03
-1.515276262773100884e-03
-1.415392041453309227e-03
-1.478640877680009215e-03
-1.913870932335458644e-03
-1.304563287367994538e-03
-1.344776632104450597e-03
-1.315914413881747944e-03
-2.003398145374779039e-03
-2.004227991947101634e-03
-1.970986425558657849e-03
-2.036603030575007914e-03
-2.141113669224552988e-03
-2.104993435742183103e-03
-2.146652008581554066e-03
-2.180872803940395524e-03
-2.420830629532417632e-03
-2.477249625047930892e-03
-2.554911450017191901e-03
-2.528067288156679669e-03
-2.529147339183759891e-03
-2.454702817290615405e-03
-2.485819986311411673e-03
-2.476729679432245271e-03
-2.467611399309412989e-03
-2.538903398517178799e-03
-2.551984079446570179e-03
-2.519549860952050371e-03
-2.496665253155647829e-03
-2.556166790336930790e-03
-2.425667377578386366e-03
-2.428145861530138505e-03
-2.412390640484237195e-03
-2.458809149043803509e-03
-2.458641490183305529e-03
-2.444497960025155195e-03
-2.390243514957177823e-03
-2.394933752616657495e-03
-2.378958062098319570e-03
-2.355626303654133509e-03
-2.346966725426738454e-03
-2.361813454271300197e-03
-2.236940090754607150e-03
-2.248903280878856211e-03
-2.262869530695378953e-03
-2.280100493141823566e-03
-2.300872664805788358e-03
-2.222360892238517058e-03
-2.226614878546103946e-03
-2.226576353830920368e-03
-2.323574952363098231e-03
-2.331069021934737730e-03
-2.317759255373592897e-03
-2.222626415564254131e-03
-2.220554242466663952e-03
-2.215863000780872536e-03
-2.211448603305173587e-03
-2.207660983862042795e-03
-2.202954166218265737e-03
-2.194879463912167636e-03
-2.180002914667227704e-03
-2.154195970469620705e-03
-2.113080756684112757e-03
-2.018836667609729199e-03
-2.051802561345638515e-03
-2.021923679590951345e-03
-4.496462294559944043e-04
-5.191486097511455004e-04
-4.579349093543232975e-04
-3.220268275874168325e-04
-3.947557973970418940e-04
-3.295634272841379241e-04
-2.511098573352390541e-04
-5.683418856410327180e-04
-6.357771924597210335e-04
-5.778869609902705443e-04
-6.808692467454662521e-04
-7.503258803734100604e-04
-6.913648680301428574e-04
0.000000000000000000e+00
-8.227450190646072039e-05
2.873783600540068280e-19
-7.454306451997595555e-04
-1.237228093655476759e-03
-1.282715566029181235e-03
-1.244150721425859012e-03
-1.081303109760480691e-03
-1.088499212291781093e-03
-1.129649981257836201e-03
-1.163892438609102301e-03
-1.170529040124967599e-03
-1.207903216857440397e-03
-9.951697259529108074e-04
-1.045855063352895027e-03
-1.002549290127486854e-03
-9.106081294577161736e-04
-9.606660744802659156e-04
-9.182496991257107707e-04
-8.469115561954418045e-04
-8.279503279455855498e-04
-8.867286372201295657e-04
-1.736527947795574525e-03
-1.759790345215939827e-03
-1.736442665416782589e-03
-1.796638730330403933e-03
-1.816716944931742132e-03
-1.789886569053571273e-03
-1.683680960962077172e-03
-1.710163593848352225e-03
-1.684691133261524525e-03
-1.628332029121825307e-03
-1.657212837434182250e-03
-1.631270452128477655e-03
-1.571426164386413235e-03
-1.603073408537862392e-03
-1.574322387602192924e-03
-1.850079996802624950e-03
-1.843468562707300260e-03
-1.868812712406051979e-03
-1.541424151629719637e-03
-1.372758811671959860e-03
-1.409673288941992904e-03
-1.378504015968155198e-03
-1.441541578889738405e-03
-1.443658372444345337e-03
-1.476527842386944319e-03
-1.888784659948064635e-03
-1.888371020700576903e-03
-1.914438650984162053e-03
-1.271260066386960350e-03
-1.339067944792869365e-03
-1.932156266593119736e-03
-1.936558747867018213e-03
-1.967037036985405229e-03
-2.035484660082702204e-03
-2.072334746127245820e-03
-2.071709989869870237e-03
-2.106003203131049696e-03
-2.220844795319156482e-03
-2.229479897006914416e-03
-2.177649044139301406e-03
-2.459532937752262078e-03
-2.423932295356096521e-03
-2.456308883051856393e-03
-2.529236664867422213e-03
-2.491027897387574231e-03
-2.515509932083484588e-03
-2.542652021879695384e-03
-2.471715919759854413e-03
-2.582537537327751070e-03
-2.564739703185178396e-03
-2.556358529028617682e-03
-2.602665322445637565e-03
-2.579394825091562392e-03
-2.575016799226330366e-03
-2.554678809153719619e-03
-2.542299455405307683e-03
-2.531489709874270091e-03
-2.522017126484356504e-03
-2.515128531659782327e-03
-2.503198647942267430e-03
-2.612192895430138183e-03
-2.583631648295360399e-03
-2.584520203820878451e-03
-2.406385961996341128e-03
-2.440691873561474066e-03
-2.491175150545569487e-03
-2.474803350042192526e-03
-2.473438440576794344e-03
-2.371354271692361314e-03
-2.338008488685609700e-03
-2.229562771717489428e-03
-2.236138356950760978e-03
-2.230213730346895795e-03
-2.241708835862145366e-03
-2.248303878582701056e-03
-2.242517637686457753e-03
-2.250679816127442757e-03
-2.260737500480601483e-03
-2.252789687420805008e-03
-2.271725774992016354e-03
-2.280572252897978408e-03
-2.271033811662714896e-03
-2.296198868812627907e-03
-2.304204655010626268e-03
-2.292745856719143223e-03
-2.218909340518490387e-03
-2.224981032274750154e-03
-2.220480597906814273e-03
-2.308306748870157278e-03
-2.215771467980487755e-03
-2.218938272701817885e-03
-2.219410107651686830e-03
-2.216570037468036658e-03
-2.219251917283329364e-03
-2.217699171641063834e-03
-2.215165208701931013e-03
-2.213254239893110153e-03
-2.213191908721914760e-03
-2.211210008971955902e-03
-2.209412551637894226e-03
-2.209420105310222916e-03
-2.207425154446221276e-03
-2.204270093005466537e-03
-2.202029717463034608e-03
-2.205067622162179206e-03
-2.196157392855408157e-03
-2.192655685035754635e-03
-2.198129897140255369e-03
-2.182201251032688492e-03
-2.175943183718809324e-03
-2.185811152033949843e-03
-2.159003463223805284e-03
-2.148208117112760003e-03
-2.164410502640302068e-03
-2.123037268155192857e-03
-2.130404795591032963e-03
-2.105900534799249116e-03
-2.068154212799307255e-03
-2.079331779416233178e-03
-2.044593186359540578e-03
-5.095971095302565890e-04
-3.865255118010078005e-04
-2.438950283965863469e-04
-6.251508341429501230e-04
-1.534676261983861534e-04
-7.738731129247672293e-05
-1.581677630094076824e-04
-6.665799165682636043e-04
-6.737873541712158113e-04
-7.380706738476623067e-04
-1.200977306688492084e-03
-1.038658055460809802e-03
-1.123040943016850217e-03
-9.532995958782973425e-04
-8.791426693605696504e-04
-7.570282590876585300e-04
-8.019835729390584287e-04
-7.828918636787733252e-04
-1.710215494374329190e-03
-1.766612028171065177e-03
-1.823384386090676733e-03
-1.656216349999276591e-03
-1.600166252252066979e-03
-1.869238468587430639e-03
-1.506206442211872323e-03
-1.539167030572093173e-03
-1.508482270213454702e-03
-1.407542734261117093e-03
-1.474250712688264173e-03
-1.910430219519874788e-03
-1.225462797315305871e-03
-1.231342840904727214e-03
-1.265444648268632035e-03
-1.299242539691040921e-03
-1.336414589724235769e-03
-1.301876519042492351e-03
-1.973533910166045367e-03
-1.987781951195004369e-03
-1.953115019841934795e-03
-2.037319049183425670e-03
-2.118270965803056242e-03
-2.129412694382437632e-03
-2.094588504224650406e-03
-2.167091876849271473e-03
-2.494501562454642420e-03
-2.607347450241275129e-03
-2.568579705132429530e-03
-2.581625612966402614e-03
-2.487824154673077756e-03
-2.567746285346782752e-03
-2.592160987995067306e-03
-2.607542001261515217e-03
-2.537110133731841112e-03
-2.505187976673988945e-03
-2.610377134823525704e-03
-2.406866645695091705e-03
-2.415506784593736758e-03
-2.397528640947588739e-03
-2.445031042704962250e-03
-2.434224546924377772e-03
-2.451038321697337173e-03
-2.484545996364584050e-03
-2.486923672423880290e-03
-2.470538819788255062e-03
-2.369346117293182584e-03
-2.378997648165910583e-03
-2.361452676902922165e-03
-2.332389000005377459e-03
-2.343199560290470506e-03
-2.326967588318339455e-03
-2.222978240280897629e-03
-2.234763972002742471e-03
-2.245637981059231229e-03
-2.259664191591962551e-03
-2.282308145393124876e-03
-2.209761260930873453e-03
-2.216572680735064658e-03
-2.213597432941365357e-03
-2.299368982739143086e-03
-2.310672256625611112e-03
-2.296797448596064536e-03
-2.213123892928106455e-03
-2.216448369381395465e-03
-2.214400328234168193e-03
-2.210574847197827823e-03
-2.206361028407040174e-03
-2.200087986759724154e-03
-2.189377596479058150e-03
-2.171128922630159372e-03
-2.142038758784152452e-03
-2.098311691482301379e-03
-1.998427251095997829e-03
-2.032256521709545002e-03
-2.004028788207583116e-03
-4.335710483159603904e-04
-5.015198917465400752e-04
-4.416431266308618020e-04
-3.105307125380227760e-04
-3.164257541637627508e-04
-3.806901039991654424e-04
-2.389581491465760012e-04
-5.499317150539145480e-04
-6.159670350727637373e-04
-5.591452800970107308e-04
0.000000000000000000e+00
-7.741800914616136370e-05
0.000000000000000000e+00
-7.120823820812111288e-04
-6.088861926410799518e-04
-1.151261020638029691e-03
-1.194684870400915732e-03
-1.157593756145407302e-03
-9.829429208203549657e-04
-1.032560560869647242e-03
-9.890593380902884361e-04
-1.070174363994333064e-03
-1.117481579863044113e-03
-1.075750608905869619e-03
-8.911770053443268105e-04
-9.435925870982923326e-04
-9.009173743505564068e-04
-7.969067867694385561e-04
-8.541432161362216835e-04
-8.220026174107176661e-04
-7.771542019858620164e-04
-1.686665269075056676e-03
-1.711732848109584395e-03
-1.685150927186141725e-03
-1.743799216501364883e-03
-1.770265929037553735e-03
-1.740185097172404233e-03
-1.844870836031267192e-03
-1.820602386006365267e-03
-1.847344908214759371e-03
-1.628932518006544379e-03
-1.656525002241988984e-03
-1.628612266897831945e-03
-1.568876303043377799e-03
-1.598884839696519200e-03
-1.570142079243157674e-03
-1.866585312130724077e-03
-1.537860624767857076e-03
-1.371651294788390086e-03
-1.372162856253817753e-03
-1.407017758274852837e-03
-1.441982111950785520e-03
-1.441786032241859162e-03
-1.474485802153377781e-03
-1.885875304994023491e-03
-1.887440038433578363e-03
-1.909146557095440112e-03
-1.262774699732609456e-03
-1.188797487317469264e-03
-1.335856070378597764e-03
-2.037070294404300184e-03
-2.020386084137799909e-03
-2.005628356556863646e-03
-1.912468224810716984e-03
-1.943112499340348461e-03
-1.922322294152531072e-03
-2.054349622755960100e-03
-2.076429098992016702e-03
-2.194344555392213104e-03
-2.206422068434632511e-03
-2.153156791088283242e-03
-2.532136235377481330e-03
-2.495913776371763097e-03
-2.530939327507608552e-03
-2.589110818439917337e-03
-2.598645612606156896e-03
-2.559562064900600554e-03
-2.604553063743457030e-03
-2.592906176579817465e-03
-2.578869550315988218e-03
-2.637805481420248295e-03
-2.619815372275152709e-03
-2.609705597323833115e-03
-2.661888504865852524e-03
-2.636831591277346599e-03
-2.632119720589336936e-03
-2.564504939440104270e-03
-2.558856292137423605e-03
-2.542309650155398677e-03
-2.524126773071208411e-03
-2.522142498608659356e-03
-2.506520057919714960e-03
-2.674358335109251056e-03
-2.640933497035922659e-03
-2.643518226437253579e-03
-2.386257249873029087e-03
-2.424021023656232517e-03
-2.462744736301789722e-03
-2.502294045009629229e-03
-2.349026644055250690e-03
-2.314074615034272375e-03
-2.209568759034877782e-03
-2.219080747881570052e-03
-2.213575536481950622e-03
-2.222594312432415488e-03
-2.231685867303018645e-03
-2.225441609549583429e-03
-2.235668308966953267e-03
-2.246417931040249789e-03
-2.258315475330168777e-03
-2.247698442852221271e-03
-2.270669639027423758e-03
-2.282677123793495737e-03
-2.270253664861448736e-03
-2.199976062527696750e-03
-2.208845409734500314e-03
-2.204653287700225617e-03
-2.283273175929766141e-03
-2.204291134074043684e-03
-2.206891559883071650e-03
-2.210534097056199125e-03
-2.210973170584788674e-03
-2.213212472383327759e-03
-2.214110047979927793e-03
-2.211991358511388069e-03
-2.207620214157793911e-03
-2.209957698930392969e-03
-2.207998430913813391e-03
-2.203002419818233908e-03
-2.203407432654341715e-03
-2.206029222991875809e-03
-2.197345084695618428e-03
-2.200739179303969409e-03
-2.196631703957443657e-03
-2.187741610998090655e-03
-2.184941869884759851e-03
-2.191934321647635592e-03
-2.171778515558267161e-03
-2.177033098805669468e-03
-2.165449057185125838e-03
-2.146982591007618249e-03
-2.153165587910092858e-03
-2.135323317115946085e-03
-2.110106694474919026e-03
-2.089886266319515920e-03
-2.117011525415420613e-03
-2.058311651561375768e-03
-2.028717287162689654e-03
-2.063508110364050720e-03
-4.922710399539277160e-04
-3.726584739824689916e-04
-2.332179956940053816e-04
-1.509730780574250995e-04
-1.522166587392204736e-04
-7.600974236443333695e-05
-6.594354737434540703e-04
-7.086313656807106866e-04
-6.631310123800223180e-04
-5.323844617974460985e-04
-6.000552723408924052e-04
-5.411409743242092708e-04
-1.111178317017092474e-03
-9.374837898343611319e-04
-1.027006902912695144e-03
-8.444266228939123486e-04
-7.287797863036911405e-04
-1.658019503477965641e-03
-1.715391764059179128e-03
-1.800348368736260935e-03
-1.772131386288633599e-03
-1.798492038757421810e-03
-1.822500437240302459e-03
-1.599173229029997832e-03
-1.865227161321035857e-03
-1.508427569188098682e-03
-1.507265509791865226e-03
-1.538956981363668024e-03
-1.407283011305702526e-03
-1.475438923111200250e-03
-1.899543786958846677e-03
-1.220271092400102095e-03
-1.260197931214038398e-03
-1.222835677217987659e-03
-1.140646347445324399e-03
-1.183476892891617994e-03
-1.145917349356751630e-03
-1.298314340784343735e-03
-1.298722603370923087e-03
-1.335416144337629816e-03
-2.012565993092044810e-03
-2.024622121615875583e-03
-1.993454463140415314e-03
-1.957433573619532692e-03
-1.965349850516535154e-03
-1.935308544856238202e-03
-2.066274794682088252e-03
-2.052062151905918296e-03
-2.090991559878688059e-03
-2.112177981005558276e-03
-2.115826381520304403e-03
-2.150696773843959082e-03
-2.561235048502612330e-03
-2.659500368841325943e-03
-2.625175545500392678e-03
-2.634271918909926978e-03
-2.620100843266389215e-03
-2.583071205069847973e-03
-2.649271833495733287e-03
-2.668218922257757988e-03
-2.542455615625098097e-03
-2.667846809395578098e-03
-2.378215256734757081e-03
-2.391726381094893758e-03
-2.372597639851303179e-03
-2.418381538356595677e-03
-2.411364482210907531e-03
-2.430785212093147275e-03
-2.462538505121963581e-03
-2.472653317581540063e-03
-2.452479545271849838e-03
-2.507802702092591911e-03
-2.514900066007714520e-03
-2.494868819352884064e-03
-2.337446508535660598e-03
-2.352509544564300795e-03
-2.333772050657395396e-03
-2.299097522514130000e-03
-2.314851603344315195e-03
-2.298112427182761978e-03
-2.203520729193551939e-03
-2.215130553494151604e-03
-2.226124563158680177e-03
-2.223995157938441717e-03
-2.238149212570406197e-03
-2.256845606694165771e-03
-2.235137778730999711e-03
-2.191136517682835613e-03
-2.194759203958384156e-03
-2.200941924818779379e-03
-2.265598652711990537e-03
-2.281629573155952682e-03
-2.267050904109405886e-03
-2.198108373731759782e-03
-2.207992714979876286e-03
-2.208709289114900096e-03
-2.204590198875800572e-03
-2.199795281369150684e-03
-2.192339644555633439e-03
-2.179711205070513063e-03
-2.159551685291571758e-03
-2.129237572712478106e-03
-2.085107877530095570e-03
-2.001198740455708940e-03
-2.027249223833924550e-03
-1.995078389390013245e-03
-4.181214843277054677e-04
-4.845249731391470215e-04
-4.258805538548724010e-04
-2.966583634492157557e-04
-3.656186631718489873e-04
-3.037015660525194984e-04
-2.317636338927497701e-04
0.000000000000000000e+00
-7.599021666788823015e-05
0.000000000000000000e+00
-5.965712610796810450e-04
-4.756931884810087011e-04
-1.058291887323927708e-03
-1.105216254040276673e-03
-1.064229777160198044e-03
-8.800629429638958008e-04
-9.319136040742792386e-04
-8.856161279564012112e-04
-9.713450114385604713e-04
-1.021199279797001952e-03
-9.771517129439208013e-04
-7.877349198476310110e-04
-8.398164683767724362e-04
-7.922555742960518590e-04
-7.170527697091719742e-04
-6.885350517837192331e-04
-7.571397475523974690e-04
-1.634765056849475260e-03
-1.631814006205035278e-03
-1.660953464084028970e-03
-1.694662859136159558e-03
-1.719406828891200398e-03
-1.690641746695526913e-03
-1.752991067191421448e-03
-1.748361592390952624e-03
-1.776749706720833974e-03
-1.855446645226549018e-03
-1.850260262525034102e-03
-1.827795561591568068e-03
-1.574122592390618178e-03
-1.571504697962171609e-03
-1.601863564890474703e-03
-1.870498885046813133e-03
-1.541522683061503224e-03
-1.373766574385765302e-03
-1.372659062659513460e-03
-1.408324552679412730e-03
-1.453312132611142343e-03
-1.481173429250925728e-03
-1.447423955238383384e-03
-1.883993021970472789e-03
-1.259706166865489068e-03
-1.180860005656597742e-03
-1.099864339017888291e-03
-1.336447977854659380e-03
-1.985312738709024867e-03
-2.039814191550147308e-03
-1.907518163150165227e-03
-1.932859398616927973e-03
-1.910121675528022710e-03
-2.087837725276386631e-03
-2.154291033181039098e-03
-2.178553752578664057e-03
-2.135123893847809626e-03
-2.607200034949113104e-03
-2.569666705209948561e-03
-2.599276433708149446e-03
-2.635479446827218922e-03
-2.657673336812273537e-03
-2.647019612649422100e-03
-2.630246700385047848e-03
-2.610544408568287941e-03
-2.586341130251860326e-03
-2.606658696754045063e-03
-2.697372898801818526e-03
-2.679007239230432082e-03
-2.666828400336180432e-03
-2.729647485725418196e-03
-2.701209322959240502e-03
-2.694945537212243246e-03
-2.558255894275292871e-03
-2.540003672180797447e-03
-2.560516268398483654e-03
-2.744964897179564493e-03
-2.703791530128224398e-03
-2.710829600066247229e-03
-2.355734474985373035e-03
-2.396209362757901681e-03
-2.438203053399316117e-03
-2.482972799970287019e-03
-2.530768170909980259e-03
-2.316235802823418677e-03
-2.280374905653009127e-03
-2.183386964842143514e-03
-2.195819141208754655e-03
-2.190953731646857940e-03
-2.195838715116158000e-03
-2.202272431799098124e-03
-2.208692033713046191e-03
-2.193126875071487597e-03
-2.208506877204083948e-03
-2.207392359731186540e-03
-2.237137438040358479e-03
-2.253064088456552348e-03
-2.240750246229607136e-03
-2.213277376961666348e-03
-2.228915176415665646e-03
-2.218657494048781667e-03
-2.173966822477763246e-03
-2.186351119742120739e-03
-2.182374362720297320e-03
-2.249431449906704860e-03
-2.185284601424323982e-03
-2.188015921435960270e-03
-2.195304789552017868e-03
-2.198960889835122924e-03
-2.201463435890524921e-03
-2.205430006729618576e-03
-2.203162304618725038e-03
-2.195053908994331823e-03
-2.198630045058836031e-03
-2.200969476701355575e-03
-2.191239910289567022e-03
-2.194271342443457080e-03
-2.197244539914655626e-03
-2.185969081323896682e-03
-2.186708928285144814e-03
-2.191585826756354150e-03
-2.175405152971873063e-03
-2.181422836919292250e-03
-2.173389774622756961e-03
-2.158277924006682044e-03
-2.164892266081540340e-03
-2.152522688152884965e-03
-2.132367930895289702e-03
-2.121261736015397220e-03
-2.139590134962220461e-03
-2.095510965941065062e-03
-2.102929721987829674e-03
-2.077251122515320816e-03
-2.052568074176853302e-03
-2.055991895453920717e-03
-2.027153378971378005e-03
-3.578932284686187765e-04
-2.247550362421144379e-04
-1.422125628913794898e-04
-7.153233956034522000e-05
-1.465571524342742550e-04
-5.157978370337306523e-04
-5.881270711286531267e-04
-5.241503919117601260e-04
-4.033629091163045267e-04
-4.682957631316295860e-04
-4.107705362840733277e-04
-1.015249580101141788e-03
-9.261156578451091486e-04
-8.342438095309584641e-04
-7.526201523396668829e-04
-6.190101021154589085e-04
-6.683464394519082405e-04
-6.393251083454536436e-04
-1.604769314340858278e-03
-1.664946051154751489e-03
-1.724004022842124794e-03
-1.816069504567024463e-03
-1.784677131786719479e-03
-1.808246832335056245e-03
-1.835739978691759006e-03
-1.523872114858619911e-03
-1.516112359130146643e-03
-1.549179739340821559e-03
-1.413910804970083639e-03
-1.488704130258761658e-03
-1.870496383140842975e-03
-1.863158442656878341e-03
-1.891580104496949199e-03
-1.220146575119418746e-03
-1.220144597454765395e-03
-1.259624828602850383e-03
-1.139275689646746534e-03
-1.180217766799168981e-03
-1.139963378272950204e-03
-1.052778827298008618e-03
-1.097091503914586182e-03
-1.055483032970123015e-03
-1.299409111025457992e-03
-1.336965536503286313e-03
-1.298856667444511477e-03
-1.994395812016396333e-03
-2.003245738126226659e-03
-1.976650943702643742e-03
-2.051218701806890865e-03
-2.058836634181320825e-03
-2.032487659233654567e-03
-1.948089133772920546e-03
-1.952547203712413047e-03
-1.928413240169115197e-03
-1.889484456713942792e-03
-2.080741459330018132e-03
-2.096832908732934250e-03
-2.124313800897623030e-03
-2.105076603000317209e-03
-2.700148398127591096e-03
-2.679891783317030814e-03
-2.653665634902798234e-03
-2.675981075631510622e-03
-2.632389133785081707e-03
-2.582378698719264495e-03
-2.711931607905772919e-03
-2.737583989373752226e-03
-2.723873429893074183e-03
-2.337637666838687615e-03
-2.357054859158868969e-03
-2.336297961228270791e-03
-2.377346992458638942e-03
-2.396931843408950033e-03
-2.376520945984682970e-03
-2.425027119707328857e-03
-2.442750736439183983e-03
-2.420270677662661636e-03
-2.475544622673512239e-03
-2.490363087459457857e-03
-2.467446840031762775e-03
-2.533312966865618188e-03
-2.519150400538119547e-03
-2.544771143665838266e-03
-2.294690579105758410e-03
-2.315112762647803229e-03
-2.295674035285041967e-03
-2.255248680123826243e-03
-2.276254786987959734e-03
-2.259267407802546639e-03
-2.177324542374993021e-03
-2.188552882087960692e-03
-2.193465422180580771e-03
-2.200966578698202586e-03
-2.223242341340291809e-03
-2.164953135542581775e-03
-2.168634919500680904e-03
-2.178600251616147343e-03
-2.222758526780624355e-03
-2.228819430841777992e-03
-2.243305253890380199e-03
-2.192466124981680940e-03
-2.175533924857615299e-03
-2.196496586962738001e-03
-2.192872472226915781e-03
-2.188402382521097578e-03
-2.180325638055072637e-03
-2.166457395149797970e-03
-2.145075691093010269e-03
-2.114051270081554381e-03
-2.074611229605972332e-03
-2.007898904376809700e-03
-2.027253421191893556e-03
-2.000986317950953497e-03
-2.861912724375676072e-04
-2.915282239528254596e-04
-3.526035717729129231e-04
-2.201674244039380265e-04
-3.645703095797584742e-19
-7.149531157082337357e-05
0.000000000000000000e+00
-4.600041711220783356e-04
-5.678858288277754702e-04
-3.452129920483139542e-04
-9.621449218761915501e-04
-1.010634469778246740e-03
-9.667281097847529349e-04
-8.720328449607494961e-04
-9.220933803259569487e-04
-8.760442201274699393e-04
-7.815314971428705126e-04
-7.846039637247679936e-04
-8.311480570900595458e-04
-6.994779097680816141e-04
-7.438866701118028793e-04
-7.082766976221851508e-04
-6.595967527944353271e-04
-1.574933370608936484e-03
-1.574434867912437438e-03
-1.605120204155138569e-03
-1.644623958514838686e-03
-1.639736321772388393e-03
-1.669948419012628289e-03
-1.706632444212203507e-03
-1.730026049332940904e-03
-1.700624866221126484e-03
-1.765442259815490399e-03
-1.790914857753835195e-03
-1.759244570637787976e-03
-1.843568808473096919e-03
-1.549573676021585118e-03
-1.367907141702169984e-03
-1.370913754538033262e-03
-1.410856081886378583e-03
-1.509101050213860736e-03
-1.516421437618923956e-03
-1.481201451190209241e-03
-1.260099403103800975e-03
-1.180100681540566937e-03
-1.096334589276884257e-03
-1.007768149508384437e-03
-1.334019087122235298e-03
-1.971721489996734657e-03
-2.022744762091215152e-03
-1.902074877028518728e-03
-1.925529658414367774e-03
-1.904944898227441206e-03
-1.861427085585940595e-03
-1.884849277370685521e-03
-1.866073438887595748e-03
-2.074002554524938258e-03
-2.121912122156361952e-03
-2.138212797722907274e-03
-2.108995908419481792e-03
-2.686741674864422027e-03
-2.647059858813706566e-03
-2.693688290922013548e-03
-2.714477841714224224e-03
-2.705038826010453500e-03
-2.684811757426527369e-03
-2.658370732404764618e-03
-2.656990739534298516e-03
-2.633154951525037112e-03
-2.596721617713265706e-03
-2.602465206325790641e-03
-2.575876610880304188e-03
-2.766678712272051081e-03
-2.730454879319381412e-03
-2.747474627606823899e-03
-2.813056465227769913e-03
-2.769563254966253898e-03
-2.779316635208878977e-03
-2.767853349143000775e-03
-2.734336850493537113e-03
-2.756853064542911895e-03
-2.313951703963154118e-03
-2.355276044765220074e-03
-2.398733748682221802e-03
-2.447671432922527042e-03
-2.501689262292312952e-03
-2.562377029115929950e-03
-2.272820206458392965e-03
-2.236956860541029074e-03
-2.150498288868365679e-03
-2.166296348640944953e-03
-2.161479659669476167e-03
-2.166116847283496884e-03
-2.179898189193498100e-03
-2.173739817727005086e-03
-2.177485983529767882e-03
-2.168554839772626492e-03
-2.189977025832430015e-03
-2.179849835595795444e-03
-2.194868374385443646e-03
-2.202973623525743621e-03
-2.215087158881951998e-03
-2.139927214958742881e-03
-2.156570245839511089e-03
-2.152588324879228972e-03
-2.206778279648607607e-03
-2.179972911848624892e-03
-2.182402544096905071e-03
-2.189891899394925956e-03
-2.157420365332435048e-03
-2.161044097247342977e-03
-2.172018626532231864e-03
-2.187352008892429374e-03
-2.174412466765405540e-03
-2.183118720772612119e-03
-2.184818762988284795e-03
-2.177684085015487749e-03
-2.181710685897309335e-03
-2.184476315306757999e-03
-2.171279679327258426e-03
-2.178342738291881402e-03
-2.173008427140518846e-03
-2.158746115040005749e-03
-2.166799987827424962e-03
-2.158166074887869768e-03
-2.140601559070149339e-03
-2.135816860737862078e-03
-2.148990879334770725e-03
-2.110522820656191532e-03
-2.103921429380309870e-03
-2.122044805514691421e-03
-2.080758629174495750e-03
-2.067091893334856677e-03
-2.088615599855393919e-03
-2.045863451894530238e-03
-2.026339102488108543e-03
-2.049566071781937227e-03
-2.149041249639291524e-04
-1.398431042116975761e-04
-1.410621863985024127e-04
-7.023307916125483860e-05
-3.892568120402984354e-04
-4.528884944511248241e-04
-3.963434681108569447e-04
-5.006364343813410594e-04
-5.602379367177891603e-04
-5.083133522943042264e-04
-2.722344304302874371e-04
-3.381703090387568208e-04
-2.792847948871672419e-04
-9.175028321413395034e-04
-8.271489278111485372e-04
-7.408128878655078752e-04
-5.928184111675569804e-04
-6.464593141112849953e-04
-6.059658711506770703e-04
-1.610011071166163408e-03
-1.675888419252034075e-03
-1.736287968938859255e-03
-1.817510648882635169e-03
-1.791707235766220804e-03
-1.816725115415670881e-03
-1.839021745431098070e-03
-1.542220731961259361e-03
-1.434831420151782850e-03
-1.443991782934035250e-03
-1.401578956744496240e-03
-1.472006577755773440e-03
-1.230326923161850251e-03
-1.225272623417433902e-03
-1.265209754873736648e-03
-1.139141899905353342e-03
-1.138910436304629500e-03
-1.179853962837120167e-03
-1.064845800940517062e-03
-1.058682521407494463e-03
-1.102232601712509977e-03
-9.640351839515689516e-04
-9.629838739562334923e-04
-1.008788830771815970e-03
-1.293847810773848979e-03
-1.296716795170348028e-03
-1.331094811152478416e-03
-1.985419748566012114e-03
-1.967468348770825583e-03
-1.989593407915620123e-03
-2.023162702603306488e-03
-2.010001386361180871e-03
-2.036667810798057417e-03
-1.945093475902928996e-03
-1.946359262256168324e-03
-1.924239708292790202e-03
-1.882291009980925287e-03
-2.056891479409943962e-03
-2.054439991677138328e-03
-2.075314846999639674e-03
-2.081573529725897018e-03
-2.089457241497532335e-03
-2.099659372666807817e-03
-2.727450639156819238e-03
-2.684060568648670951e-03
-2.737703557720692297e-03
-2.625115492261942927e-03
-2.787313427771837080e-03
-2.835552755147399771e-03
-2.791047660402279796e-03
-2.823409200598871530e-03
-2.802731452180829384e-03
-2.285475290684903585e-03
-2.310570261471773558e-03
-2.288770237479428350e-03
-2.329097543151953560e-03
-2.332017343755157616e-03
-2.352239340330635094e-03
-2.374192282891965291e-03
-2.398663608375733135e-03
-2.374228057489341341e-03
-2.425652927639871531e-03
-2.449280257226210678e-03
-2.423701037104167722e-03
-2.491095953204477617e-03
-2.481525165548223184e-03
-2.510966984946224299e-03
-2.562865887377012257e-03
-2.545926427219466839e-03
-2.578113995079966709e-03
-2.241376544224780477e-03
-2.267042639861895602e-03
-2.247022246646255932e-03
-2.203497474335221716e-03
-2.211884509959492935e-03
-2.228415076350956023e-03
-2.144024680755952060e-03
-2.156648693094093561e-03
-2.139275624073322044e-03
-2.165472678960343126e-03
-2.151794289017519828e-03
-2.179684531184940960e-03
-2.152196738581453259e-03
-2.127189502332533892e-03
-2.132749703574763310e-03
-2.146605609089256676e-03
-2.170746066293262853e-03
-2.195773522437307647e-03
-2.181608658194812700e-03
-2.169140762516186434e-03
-2.142559325114759376e-03
-2.177082128006892735e-03
-2.176280142408730696e-03
-2.174100629448102572e-03
-2.164378569214466582e-03
-2.148831236719317243e-03
-2.125411756501693981e-03
-2.096739760383971741e-03
-2.064217126647607467e-03
-2.016109395931797634e-03
-2.028807512304327092e-03
-2.005535199069300237e-03
-2.135593665561750544e-04
0.000000000000000000e+00
-7.016572014366661289e-05
-3.745510304213772980e-19
-4.453253976505191711e-04
-3.310980313942125811e-04
-5.471096245627184336e-04
-2.064998324035221850e-04
-8.628808271824979590e-04
-8.674352580856015604e-04
-9.129003928200366078e-04
-7.696296644478244249e-04
-8.211792597977003944e-04
-7.755826940868294902e-04
-6.810151258058068369e-04
-7.315804546708442810e-04
-6.902708067352361122e-04
-6.372425622099415739e-04
-1.600904049881881177e-03
-1.623012573113399252e-03
-1.587787342496289585e-03
-1.660051151035996488e-03
-1.652341695284620989e-03
-1.683647301779937983e-03
-1.722439037179701029e-03
-1.744187092716378536e-03
-1.714490469651687920e-03
-1.779103340737519991e-03
-1.798447610967619705e-03
-1.772250590897167738e-03
-1.839675538268932282e-03
-1.542062013793023007e-03
-1.525598232309871398e-03
-1.558597991833219178e-03
-1.352075233677902007e-03
-1.393555064078126800e-03
-1.360075294190713976e-03
-1.491502926052978894e-03
-1.500206201829963788e-03
-1.463233248845120706e-03
-1.184914780907807188e-03
-1.262192391243064510e-03
-1.101936222741007471e-03
-1.014485469750327912e-03
-9.137949315293639532e-04
-1.323130839921129662e-03
-1.965686260219039368e-03
-2.005089980272336224e-03
-2.040232041581828588e-03
-1.902132876442589465e-03
-1.924064910384871291e-03
-1.902227502770904594e-03
-1.859758179037894303e-03
-1.881334376526158474e-03
-1.860726487154469588e-03
-2.068353355733764699e-03
-2.086197167030201007e-03
-2.110561050581261783e-03
-2.087668741710109552e-03
-2.770539562440657230e-03
-2.728690393600601092e-03
-2.769792260831526604e-03
-2.708113470601804761e-03
-2.710223898568638219e-03
-2.681657529793820844e-03
-2.773439191917526948e-03
-2.769592117374441304e-03
-2.742061293508642368e-03
-2.637079521740491594e-03
-2.646329096646937197e-03
-2.615054397227814346e-03
-2.841561551625426587e-03
-2.801381680426164554e-03
-2.825885018473587446e-03
-2.883066164346208618e-03
-2.860105056796669737e-03
-2.847316126509770017e-03
-2.854445607956183385e-03
-2.845237527810406519e-03
-2.811675358669184221e-03
-2.261107155031044473e-03
-2.304922046740745002e-03
-2.349045030104653271e-03
-2.397290359045548339e-03
-2.455212976294980209e-03
-2.523550836373190595e-03
-2.596554062781721711e-03
-2.220197506808656816e-03
-2.184922387934772579e-03
-2.112206626516293859e-03
-2.125371846076438108e-03
-2.130847764771032909e-03
-2.123337479445405566e-03
-2.144146922436917634e-03
-2.136134175471868409e-03
-2.129734920808251577e-03
-2.140835718615956892e-03
-2.166909346048393782e-03
-2.153574211249591284e-03
-2.113225547658302648e-03
-2.125254852458644504e-03
-2.140157196969799582e-03
-2.107146657263103164e-03
-2.117450282052454197e-03
-2.123765912171742334e-03
-2.153656505566669578e-03
-2.150835721597680293e-03
-2.153990494646151020e-03
-2.166087659435649015e-03
-2.124679146087165345e-03
-2.125691328635716162e-03
-2.141644347329359557e-03
-2.163270160742520112e-03
-2.159311880227014237e-03
-2.166671724404013559e-03
-2.168678482260830067e-03
-2.165185616894531144e-03
-2.150317670311557676e-03
-2.160451355482335273e-03
-2.154084231947878125e-03
-2.137692571249922863e-03
-2.138672730856982888e-03
-2.147902314078502933e-03
-2.121316655068899992e-03
-2.130173864117841046e-03
-2.116639933586317215e-03
-2.090536640832539421e-03
-2.085653342865487550e-03
-2.100629536932603972e-03
-2.071540564816675822e-03
-2.075965456764865442e-03
-2.058434006973548953e-03
-2.052955554390743786e-03
-2.049232136287185754e-03
-2.033680300429670674e-03
-1.340659347604352596e-04
-6.726178675712500305e-05
-1.369833254644745436e-04
-3.760796925087514899e-04
-4.386777322807525843e-04
-3.827387179314049523e-04
-2.598584755410331647e-04
-3.248389722860837124e-04
-2.660903912598661623e-04
-4.747546298218193470e-04
-4.877286082913455606e-04
-5.340762669507705986e-04
-2.034661910861627551e-04
-8.165802409157260806e-04
-7.256514934654415862e-04
-5.726740291234409764e-04
-6.271281220100442290e-04
-5.827904149039544231e-04
-1.630667986095690053e-03
-1.571611749160289027e-03
-1.691526010722046568e-03
-1.751024037397308237e-03
-1.825900371993019163e-03
-1.802341015755833760e-03
-1.821550562087913445e-03
-1.838934353805647074e-03
-1.516888219451615390e-03
-1.419408660538903997e-03
-1.427056884910048347e-03
-1.385844908038389930e-03
-1.455479564731982940e-03
-1.175743788595739851e-03
-1.157185024657691498e-03
-1.203334319727261507e-03
-1.259662955185726890e-03
-1.277057327989911117e-03
-1.244888731476294016e-03
-1.029750462549186736e-03
-1.084483011677719790e-03
-1.047313391171702038e-03
-9.968962357984737822e-04
-8.541403704702603492e-04
-8.586093391684550182e-04
-9.093370034878810702e-04
-1.306085754619082731e-03
-1.983989679113588520e-03
-1.984434974254984177e-03
-1.965300379493247710e-03
-2.022241608766344335e-03
-2.003660883536999629e-03
-2.021453173051100671e-03
-2.037864812716652999e-03
-2.030436541042579274e-03
-2.047290180046951093e-03
-1.947377645331989371e-03
-1.946006827041611102e-03
-1.925386393310402110e-03
-1.881484133948146953e-03
-2.052112581863991484e-03
-2.066298929217604170e-03
-2.054008620191120210e-03
-2.068165418522188975e-03
-2.076050312064905024e-03
-2.075552744052399593e-03
-2.812839727894564639e-03
-2.669650723794340409e-03
-2.737747749864689450e-03
-2.804654913989574304e-03
-2.860254130914448127e-03
-2.921497631633218715e-03
-2.901926658369471338e-03
-2.879089782070556360e-03
-2.888906352263465906e-03
-2.221858543304063363e-03
-2.252672870060594586e-03
-2.230276959080071657e-03
-2.268556073623010164e-03
-2.297894414636877762e-03
-2.275814210466142046e-03
-2.312189990657795464e-03
-2.319503588655564934e-03
-2.342663134188608613e-03
-2.360886587905458231e-03
-2.392150236560134768e-03
-2.365745158670991971e-03
-2.430697425597322034e-03
-2.425620446335372167e-03
-2.458858878914790304e-03
-2.504716033802863867e-03
-2.531883935497453771e-03
-2.495243616400600987e-03
-2.590412372206657259e-03
-2.611997465895109401e-03
-2.574365487688892642e-03
-2.177787343165860784e-03
-2.208602241768144181e-03
-2.189370153417203365e-03
-2.139869534155365745e-03
-2.170745843504920825e-03
-2.154114784800873969e-03
-2.109270557188250295e-03
-2.116472411661590551e-03
-2.090993452034665100e-03
-2.114438001176593279e-03
-2.106316744492990264e-03
-2.125142914042524832e-03
-2.100384803616930224e-03
-2.082420659754664720e-03
-2.094857172124940485e-03
-2.105157994181161736e-03
-2.105763549631458481e-03
-2.137441095119149443e-03
-2.122249986758575555e-03
-2.138166131586071404e-03
-2.097720193892023931e-03
-2.111427335289797584e-03
-2.112425633446763165e-03
-2.141888197897964287e-03
-2.146337625807296940e-03
-2.158938626159182667e-03
-2.150971357263013663e-03
-2.154352861283048357e-03
-2.143203483475424401e-03
-2.128245255753393253e-03
-2.103384358923133645e-03
-2.106861834232135432e-03
-2.111210292058729281e-03
-2.080723922071750585e-03
-2.096522513596130437e-03
-2.061438848003176432e-03
-2.046615683048694755e-03
-2.044585476388722980e-03
-2.023924735905098440e-03
4.015327840972121327e-19
-6.715872417024839475e-05
0.000000000000000000e+00
-3.182502774266486676e-04
-4.257121955679591448e-04
-1.972224322526160145e-04
-5.240070192122658378e-04
-7.629325106154172644e-04
-7.662974772526606618e-04
-8.132250175345520377e-04
-6.631778617758280359e-04
-7.166909239988735868e-04
-6.720979053961447479e-04
-6.181996348929870823e-04
-1.624216768266736194e-03
-1.612519986167894066e-03
-1.642380276662243387e-03
-1.560131263315635980e-03
-1.580748378776258931e-03
-1.550877657991472491e-03
-1.677741374863437555e-03
-1.668854835350367218e-03
-1.700427388879819854e-03
-1.742044822369576400e-03
-1.760814599583915806e-03
-1.732153876833896237e-03
-1.807129659817598329e-03
-1.816418418102535865e-03
-1.793075925433011350e-03
-1.842829275515335411e-03
-1.525981367552917177e-03
-1.335979782563269554e-03
-1.377793841869817335e-03
-1.344058698094243408e-03
-1.487312253246112414e-03
-1.489347952799896513e-03
-1.453478344062351111e-03
-1.098092853397806580e-03
-1.136909231248919502e-03
-1.118603960697172120e-03
-1.218009454281991514e-03
-1.063950951584056916e-03
-9.214428394385549810e-04
-9.756693769461264112e-04
-9.428248235917134753e-04
-8.088745028933587997e-04
-8.879340401816205632e-04
-1.297997487018346394e-03
-1.966156635287387520e-03
-2.002349739191370496e-03
-2.028876023492397901e-03
-2.045772114025582768e-03
-1.905805654411153304e-03
-1.927023865176966458e-03
-1.904066154644916279e-03
-1.860584172164662280e-03
-1.860152954214806462e-03
-1.881650306631030365e-03
-2.060483393834388385e-03
-2.065760486783404636e-03
-2.077742882848421149e-03
-2.066135697627545335e-03
-2.859073317578912123e-03
-2.815103733654837192e-03
-2.857731980449260481e-03
-2.676625782447361428e-03
-2.691031950788999594e-03
-2.655294127486406731e-03
-2.742685167560182224e-03
-2.725433807627543163e-03
-2.758299402367356094e-03
-2.822386579848223769e-03
-2.830197159431563879e-03
-2.795430328207717738e-03
-2.909457016088792033e-03
-2.895123484727447731e-03
-2.874165115087375533e-03
-2.966200644989955976e-03
-2.944077782849002442e-03
-2.924588824740287883e-03
-2.945607919927303430e-03
-2.900991492544798250e-03
-2.933327521436453374e-03
-2.197500532951136148e-03
-2.243015179526357868e-03
-2.288257432896540367e-03
-2.334068572288430093e-03
-2.392212971526710540e-03
-2.463178166472334077e-03
-2.543470922368822745e-03
-2.630329449719409542e-03
-2.156618440182295465e-03
-2.120798467774939137e-03
-2.064076135800926685e-03
-2.087252551872996031e-03
-2.085137050430026402e-03
-2.076328789361046694e-03
-2.093454303589822353e-03
-2.099149905447453800e-03
-2.082126513747568908e-03
-2.076285355225966460e-03
-2.107843656467356039e-03
-2.093803695335342673e-03
-2.053483183335439756e-03
-2.082724482468802530e-03
-2.071386287404609373e-03
-2.090350358223213613e-03
-2.072932734555010988e-03
-2.089212034198388926e-03
-2.117096464222779743e-03
-2.120777027054058118e-03
-2.134512358325304626e-03
-2.089694345736982893e-03
-2.093594006752194127e-03
-2.107605013691082364e-03
-2.129873354073178772e-03
-2.133003481687916619e-03
-2.137305520061417476e-03
-2.146543616660126497e-03
-2.141550904669161509e-03
-2.123855949814971913e-03
-2.130447094639523371e-03
-2.136802078652415456e-03
-2.115258506931450445e-03
-2.118432642093413983e-03
-2.126552638593681276e-03
-2.095634434315782856e-03
-2.108226237024207923e-03
-2.099403945230377596e-03
-2.074827133934527106e-03
-2.082444698066654096e-03
-2.072659965578842710e-03
-2.084932406463581821e-03
-2.094027222736223603e-03
-2.087502646916706596e-03
-2.065311970344132532e-03
-2.058383909349377049e-03
-2.068067568446039627e-03
-2.059158688541141372e-03
-2.052265274291524989e-03
-2.056791170031458185e-03
-1.294361376294721352e-04
-1.317893611973328073e-04
-6.482708803042983676e-05
-2.496141617671359270e-04
-3.130631661066466472e-04
-2.547901721806702935e-04
-3.560370840839844242e-04
-4.156265689236193100e-04
-3.661045983064598400e-04
-1.948170749030593563e-04
-4.563322855059806678e-04
-4.655738313967154119e-04
-5.147261165813957597e-04
-7.133527197534074785e-04
-5.543876701910070096e-04
-6.090130965265725879e-04
-5.635353504612685034e-04
-1.651251375056195150e-03
-1.592251415558444683e-03
-1.710202673514639102e-03
-1.774867658370235133e-03
-1.843224050692391335e-03
-1.834052207890573757e-03
-1.523824792250739850e-03
-1.409834898546415442e-03
-1.414559846500787347e-03
-1.373034605018420102e-03
-1.448643895822346317e-03
-1.171007524734049999e-03
-1.173374640605995365e-03
-1.134681710455226131e-03
-1.215525261119110561e-03
-9.997353433500880213e-04
-1.048955961838303301e-03
-1.014748508182316752e-03
-9.606832442021504079e-04
-7.583186699206661543e-04
-8.064662235136578180e-04
-7.606268194079353080e-04
-8.393398152752068637e-04
-8.467999610867342529e-04
-8.804029682217111036e-04
-1.249629285181861130e-03
-1.292929671802865027e-03
-1.254671964845284135e-03
-1.987280240798024438e-03
-1.968011540893995805e-03
-1.985387166918236093e-03
-2.015475632785943948e-03
-2.000463830866299440e-03
-2.017138549616245228e-03
-2.036222848367872339e-03
-1.953557685211966457e-03
-1.950238520560771110e-03
-1.930226691124056369e-03
-1.883627952599680041e-03
-2.058419681997341981e-03
-2.055722103397270191e-03
-2.062531850332954050e-03
-2.064766929797766989e-03
-2.061837676158664173e-03
-2.903452761230690404e-03
-2.708418508560064917e-03
-2.782084732183335435e-03
-2.862760840075660729e-03
-2.936747807070080873e-03
-2.998444255059279535e-03
-2.982424342806669348e-03
-2.961652514531637730e-03
-2.974114832419082373e-03
-2.147229563830359636e-03
-2.183521974514090851e-03
-2.161162947604803979e-03
-2.197371935957394967e-03
-2.208261185342832653e-03
-2.231839776578519591e-03
-2.248144818757614755e-03
-2.279873100617630516e-03
-2.258021418237938019e-03
-2.271355855198832398e-03
-2.316539169375433221e-03
-2.292083109772834366e-03
-2.324248380745367638e-03
-2.340812301500100334e-03
-2.375849429310222111e-03
-2.422767835097403271e-03
-2.461632426632738308e-03
-2.424140437064825279e-03
-2.517045066363888216e-03
-2.551715264469205623e-03
-2.508206274577363254e-03
-2.618083822100216243e-03
-2.645321193926707982e-03
-2.601824228485561177e-03
-2.103833763415052360e-03
-2.139901940086818763e-03
-2.120647286043475174e-03
-2.067193539839546484e-03
-2.102486760456517834e-03
-2.085241831900817161e-03
-2.068473781247624245e-03
-2.036204443413712657e-03
-2.055427544235280835e-03
-2.062913061815290286e-03
-2.063247006150245068e-03
-2.043304239808073700e-03
-2.061407800079605342e-03
-2.079876387493182106e-03
-2.071814011429438940e-03
-2.031431348991888548e-03
-2.046869708626298905e-03
-2.057368351263070237e-03
-2.035771255133472096e-03
-2.070109398300852901e-03
-2.055043174480148532e-03
-2.103657732129718492e-03
-2.075810993406911401e-03
-2.109467690146553907e-03
-2.113156578272403201e-03
-2.126145385322095703e-03
-2.121495910970937725e-03
-2.128011140362854117e-03
-2.119422088293553171e-03
-2.105418126412774739e-03
-2.089929758636946584e-03
-2.069002470441704163e-03
-2.079275878045194065e-03
-2.061843232279807203e-03
-2.056188084916074198e-03
0.000000000000000000e+00
-6.470555353435352396e-05
4.107452673933128830e-19
-1.896707781860259992e-04
-3.030144310334778948e-04
-4.063846229136330868e-04
-5.055553039513609138e-04
-6.598113688766565985e-04
-6.614935464196760847e-04
-7.116406769498741236e-04
-6.073426365686687353e-04
-1.622662606052987719e-03
-1.650481847349553237e-03
-1.623487408680891926e-03
-1.591546843855290438e-03
-1.696960254919267731e-03
-1.687141224987349572e-03
-1.719715942070565136e-03
-1.764435545370274510e-03
-1.786041145576892268e-03
-1.753246766866518175e-03
-1.861535376579475168e-03
-1.860948220604157627e-03
-1.834532591873584695e-03
-1.556530776384368233e-03
-1.558225764398366324e-03
-1.522029737334808057e-03
-1.325775947723910157e-03
-1.367893543298162769e-03
-1.330891806682365716e-03
-1.481764931744010069e-03
-1.484478232406400778e-03
-1.445893301374496934e-03
-1.078247952274210067e-03
-1.124722494891667235e-03
-1.088179209906987507e-03
-1.210482980604249414e-03
-1.039065238471713337e-03
-8.792255297920360596e-04
-9.396772602564669669e-04
-9.004487307040090005e-04
-7.092670486918617109e-04
-7.990197827841289541e-04
-8.593014462331513732e-04
-1.287846084209927052e-03
-1.970966997407189170e-03
-2.001706194372298870e-03
-2.041217800506695337e-03
-2.031553564113809229e-03
-2.028318835097057786e-03
-2.045811901154358844e-03
-1.912011044688785360e-03
-1.933144065360573212e-03
-1.908995358633709238e-03
-1.884000087521201265e-03
-2.059244160648016596e-03
-2.049608081468953184e-03
-2.956485318602696324e-03
-2.907208285619301315e-03
-2.952099734671899400e-03
-2.724271227254063121e-03
-2.731755178268921100e-03
-2.698888809822956938e-03
-2.771208641859727959e-03
-2.899102829803271858e-03
-2.902204574104623458e-03
-2.858135554539804196e-03
-2.995195673093746947e-03
-2.979383185400444507e-03
-2.951125659424323061e-03
-3.058181415934410272e-03
-3.029302274275967165e-03
-3.013008747609348739e-03
-3.060848788662494380e-03
-3.003641794402589753e-03
-3.031332094326134874e-03
-2.123267228926537312e-03
-2.169946368080562411e-03
-2.221349920270587232e-03
-2.259867169884334070e-03
-2.296196865075116923e-03
-2.369120367628629962e-03
-2.465257788351345354e-03
-2.563241035486670850e-03
-2.667703745713552108e-03
-2.083262242195645705e-03
-2.049583353295310328e-03
-2.019444133322050895e-03
-2.041019595676193954e-03
-2.047157269366807475e-03
-2.026290273871032659e-03
-2.010502184793237952e-03
-2.042740026047163912e-03
-2.031125197770366868e-03
-1.990077754779159130e-03
-2.012320603615619461e-03
-2.021125223244450188e-03
-2.046685575646608850e-03
-1.989955472767237533e-03
-2.026463719450428969e-03
-2.010615917300066953e-03
-2.021459979115685854e-03
-2.081388168647850014e-03
-2.099642534530254782e-03
-2.085412820588407583e-03
-2.049734661246179878e-03
-2.055421366430729060e-03
-2.070102051926765718e-03
-2.095706608891446075e-03
-2.100620470173140096e-03
-2.104893869990389667e-03
-2.117196459837377819e-03
-2.112106790192287784e-03
-2.092403284617242593e-03
-2.107616956403986046e-03
-2.103730819643081108e-03
-2.093828586836753505e-03
-2.067882797311730581e-03
-2.081625751435177245e-03
-2.076033712345595403e-03
-2.056994509867354423e-03
-2.060992364371029215e-03
-2.066291199596260141e-03
-2.062396950539841477e-03
-2.073470889707682528e-03
-2.068122651883720978e-03
-2.061865826170716006e-03
-1.225752420714118095e-04
-6.126073598789594623e-05
-1.260360763299497638e-04
-1.861604624701060405e-04
-2.356486652038947388e-04
-2.426694989309596069e-04
-2.959665510442332928e-04
-3.385340508242816134e-04
-3.975548252416988108e-04
-3.472958776429065520e-04
-4.426352064675375991e-04
-4.986610955338386135e-04
-4.494826694976059717e-04
-5.521177803853121163e-04
-5.532677086855750407e-04
-6.061750296536299503e-04
-1.660038182271351623e-03
-1.589726837889591550e-03
-1.730838106138273252e-03
-1.821018467321306854e-03
-1.792797826332369771e-03
-1.814022178212788047e-03
-1.841345777316286082e-03
-1.519215197619473495e-03
-1.401986188128084322e-03
-1.405863896303844330e-03
-1.363982007798732275e-03
-1.441946625570565341e-03
-1.159622150943550103e-03
-1.165270786955235286e-03
-1.119047408442566845e-03
-1.204685805925171044e-03
-9.803055136781855996e-04
-1.029336871377050863e-03
-9.900310990628121473e-04
-9.297941517133591696e-04
-6.656847851531346111e-04
-6.626785860089105459e-04
-7.122856549303678607e-04
-7.785309051217478848e-04
-7.683222021834131259e-04
-8.091381608969013157e-04
-8.292030451940066681e-04
-1.237314916613571061e-03
-1.281637655166435177e-03
-1.243462649174732499e-03
-2.003630678410498519e-03
-1.994820641346691046e-03
-1.978868899898928325e-03
-2.018178833181521852e-03
-2.003044224683980454e-03
-2.016384406717044130e-03
-2.038932066122629751e-03
-2.039609708415467300e-03
-2.027484363472436581e-03
-1.961755024171741354e-03
-1.957514348120833417e-03
-1.937400656886399154e-03
-1.887182162225720106e-03
-2.057546220197710701e-03
-2.049798778014895809e-03
-3.009095855911560636e-03
-2.789485547048003652e-03
-2.753976317949240714e-03
-2.803548049492751802e-03
-2.944055115495182971e-03
-2.839387968219230125e-03
-3.026235131328380845e-03
-3.062244205071469345e-03
-2.061656589282083452e-03
-2.081518229654330358e-03
-2.103527007422526136e-03
-2.111322407037498870e-03
-2.153113797497707965e-03
-2.127746768909031735e-03
-2.180240768184727590e-03
-2.213373097820586517e-03
-2.186987487846447312e-03
-2.224789644091376174e-03
-2.224060596494304397e-03
-2.246336911434408667e-03
-2.271504469920289891e-03
-2.315412797541709089e-03
-2.317176875916187456e-03
-2.367160109095365218e-03
-2.416459181890156724e-03
-2.464518286268107053e-03
-2.416702242195562823e-03
-2.527539840100761180e-03
-2.570330506008800843e-03
-2.519231119073129643e-03
-2.655412930106283015e-03
-2.633666907864372873e-03
-2.687247843896745265e-03
-2.022790804930047533e-03
-2.044116273750716008e-03
-2.062718162372375805e-03
-1.978205719204357768e-03
-2.006513349673420561e-03
-2.022264799370920331e-03
-2.003415234856487266e-03
-1.969843967288477382e-03
-1.993903387025977234e-03
-2.002383301726624529e-03
-1.998779673671545638e-03
-1.978516019619091550e-03
-2.016775990984872452e-03
-2.024003211507426070e-03
-2.039471965534877043e-03
-1.975884439254880533e-03
-1.982213111177442717e-03
-2.004153433498292655e-03
-1.961627792481470713e-03
-1.985359149818690348e-03
-1.998245192881619586e-03
-2.065826893355735515e-03
-2.033502215889808600e-03
-2.071861963408725554e-03
-2.076507357053052061e-03
-2.091081705612235584e-03
-2.086492090259433729e-03
-2.095835677676675946e-03
-2.072157405640301115e-03
-2.083572039615112954e-03
-2.081203931041656317e-03
-2.064510365441399667e-03
-2.069394600758166312e-03
-2.059442841771078492e-03
4.214619943949055081e-19
-6.115920389675438135e-05
0.000000000000000000e+00
-1.791390950319435304e-04
-2.871643133201479473e-04
-3.906761261186654358e-04
-4.975239579215313089e-04
-6.090601644702211062e-04
-1.626635341983227734e-03
-1.662006261196284813e-03
-1.624668558930366519e-03
-1.591786270331269505e-03
-1.745554722936101897e-03
-1.721240166786683606e-03
-1.755169935848196246e-03
-1.807539379577309622e-03
-1.814347978973216736e-03
-1.785878446096933556e-03
-1.866812163424968899e-03
-1.864064685761578945e-03
-1.844077685903236074e-03
-1.554959424018220564e-03
-1.555670778995990643e-03
-1.518465415789494073e-03
-1.318964255817277461e-03
-1.360497430581014211e-03
-1.322350970263909496e-03
-1.478917883530014290e-03
-1.480277709053127956e-03
-1.440548241507139636e-03
-1.062523263334060400e-03
-1.070373887692260524e-03
-1.111142371020451200e-03
-1.198455217194588016e-03
-1.021468875077541881e-03
-8.872659312211552372e-04
-8.830525580056788285e-04
-9.334489117679835128e-04
-7.221535930682287593e-04
-7.704314967894271109e-04
-8.249079752441335458e-04
-7.742896584960953787e-04
-1.278169008498229037e-03
-1.982781963879482173e-03
-2.010764529155965527e-03
-2.028301625143537779e-03
-2.048306181074953814e-03
-1.919890373004150188e-03
-1.941184814570733226e-03
-1.916025551636552863e-03
-1.889710469496808576e-03
-3.060861909475998642e-03
-3.009658018146683500e-03
-3.062831156935123551e-03
-2.717013492144790092e-03
-2.974549022035891284e-03
-2.982268327417259696e-03
-2.933188620379530934e-03
-2.838821354176699740e-03
-2.866059650027584071e-03
-2.810651783883714831e-03
-3.101084128828190348e-03
-3.084082814034506612e-03
-3.049432474290081525e-03
-3.140173068335367322e-03
-3.098786499608320935e-03
-3.101816371367182093e-03
-2.040340145674998835e-03
-2.084036204131821737e-03
-2.142883398275552669e-03
-2.199948343240898559e-03
-2.219664880243191370e-03
-2.270390561237634226e-03
-2.219640176872065759e-03
-2.361129754288474568e-03
-2.263283457522877705e-03
-2.466780359730673649e-03
-2.586001741845754195e-03
-1.999123134118603162e-03
-1.969081044593648348e-03
-1.946356722516453999e-03
-1.982412198249592326e-03
-1.967503642132579535e-03
-1.956858574581996253e-03
-1.938037399703230676e-03
-1.963269606456923000e-03
-1.973643050277058310e-03
-1.916246394634304757e-03
-1.952590109583349047e-03
-1.942334396981228693e-03
-1.996654670804034332e-03
-1.928180216056549212e-03
-1.958606191787642080e-03
-1.951919964193445448e-03
-1.948521828557960673e-03
-2.039684052149672543e-03
-2.044590832028727809e-03
-2.060925656508561833e-03
-2.003791248890573508e-03
-2.010181514184021089e-03
-2.027138301260316983e-03
-2.056046260879578098e-03
-2.062655453085824112e-03
-2.082140230335392805e-03
-2.067122005315068060e-03
-2.077396380426000180e-03
-2.051336154724613722e-03
-2.071504662023328138e-03
-2.061230738486252018e-03
-2.038058136105965618e-03
-2.050273819026053601e-03
-2.053128734837090033e-03
-2.040894917975305707e-03
-2.056669015841530029e-03
-2.054438699705923854e-03
-2.050664508331260551e-03
-1.175311996722105522e-04
-1.200832757938189571e-04
-5.863185735225248744e-05
-1.765503336727586216e-04
-2.264264208502106683e-04
-2.310625233394622384e-04
-2.824975280855671804e-04
-3.288684840971956079e-04
-3.857974572103993211e-04
-3.337143311449112257e-04
-4.403585286849165522e-04
-4.415240591113547505e-04
-4.963455399274054438e-04
-5.454913853399727657e-04
-5.488481448044335272e-04
-6.056763058630604442e-04
-1.692527186692284556e-03
-1.694638161408461730e-03
-1.659760073413465552e-03
-1.590962768464238009e-03
-1.719082674344554404e-03
-1.776775463226801938e-03
-1.837366515310810515e-03
-1.517019611671446659e-03
-1.397611291697960917e-03
-1.399754924591022466e-03
-1.358313196587461469e-03
-1.438346104961188464e-03
-1.153048394990397428e-03
-1.107915356064740307e-03
-1.156298219367451335e-03
-1.195089874675224484e-03
-9.545837594259502443e-04
-9.676097752576262416e-04
-1.008779439734823870e-03
-9.205990416039974006e-04
-8.285232339345261106e-04
-7.179153193373432034e-04
-1.227284563836964458e-03
-1.232313393906703551e-03
-1.273084742022897401e-03
-2.008482675073205038e-03
-1.985543515163913902e-03
-2.005562150780965634e-03
-2.028286333810651668e-03
-2.020844407258287796e-03
-2.038541376817151751e-03
-1.971287304079053122e-03
-1.966363741091492479e-03
-1.946028910847519191e-03
-1.893733636502393418e-03
-3.177923547406280060e-03
-3.118593812653363672e-03
-3.117026661263275645e-03
-2.687562248152725909e-03
-2.735665615461584446e-03
-2.667751262803541405e-03
-3.036832313299804229e-03
-2.900126473293807190e-03
-2.756777739553211391e-03
-3.124427177567988458e-03
-3.157223592544834180e-03
-1.969765641075809249e-03
-2.015038175246027137e-03
-1.995271998895363844e-03
-2.011945372875137677e-03
-2.035383260847499400e-03
-2.060570726602812056e-03
-2.068120444593085118e-03
-2.123003421623438462e-03
-2.088119595950531371e-03
-2.133967289075574311e-03
-2.177246525058298358e-03
-2.155299739386416953e-03
-2.172841133835605801e-03
-2.288674964188571956e-03
-2.350362106487562629e-03
-2.299128124994730821e-03
-2.183821183175483314e-03
-2.247807287279324998e-03
-2.199265160403338776e-03
-2.405714806851512455e-03
-2.464023345973591003e-03
-2.407737654586611549e-03
-2.537980103424535873e-03
-2.593852620360955971e-03
-2.529207226666163599e-03
-1.947420626813552939e-03
-1.963473209918008625e-03
-1.985541818853103335e-03
-1.909930971343232198e-03
-1.935634083476126498e-03
-1.943833591104182808e-03
-1.936129144483132898e-03
-1.895327104862427805e-03
-1.920207793526859837e-03
-1.932079199790972136e-03
-1.925779162610918079e-03
-1.904560305394706506e-03
-1.964395779182970606e-03
-1.970062543405830605e-03
-1.991009897197100215e-03
-1.914545565249864412e-03
-1.920827632288150174e-03
-1.945665398946883409e-03
-1.882174659391523501e-03
-1.921235239907725934e-03
-1.909341656692833088e-03
-2.022046030064053243e-03
-1.984397877294456422e-03
-2.028841510728379271e-03
-2.034167047035270563e-03
-2.050779807808223061e-03
-2.046024742976288151e-03
-2.056490777453881015e-03
-2.045714133622734965e-03
-2.039666504889749675e-03
0.000000000000000000e+00
-5.853971937254763813e-05
4.297940824600588544e-19
-1.719036092449739120e-04
-2.776270525535117981e-04
-3.846631706734969687e-04
-4.930283117093642222e-04
-6.351923101961143726e-04
-6.504936213063768242e-04
-5.903868337766957249e-04
-1.627556998939646768e-03
-1.660197543994906821e-03
-1.627122965019205982e-03
-1.591457541236793562e-03
-1.757667555423262805e-03
-1.751550487639290648e-03
-1.725285525022460850e-03
-1.782768593195070868e-03
-1.872965963515558011e-03
-1.869779571011763496e-03
-1.840488916539696719e-03
-1.556312809173795260e-03
-1.555558850405561796e-03
-1.517737167528458459e-03
-1.312019999522917764e-03
-1.315466534057228073e-03
-1.354805228806467638e-03
-1.478489099593609767e-03
-1.478642110421288279e-03
-1.438145774419267477e-03
-1.046124138640216333e-03
-1.054411170155563791e-03
-1.099758852700947120e-03
-1.190068221127270646e-03
-1.000333301180803339e-03
-8.363367222221380209e-04
-8.956027249678068236e-04
-8.616458892317015866e-04
-8.029365556079573994e-04
-7.027655604688993161e-04
-1.269579405398763884e-03
-1.990145806888575508e-03
-2.025034098150171359e-03
-2.022452776042087466e-03
-1.928579634782520962e-03
-1.950262038789167540e-03
-1.924311091029730358e-03
-1.896730705620805610e-03
-3.181509024352673423e-03
-3.120925925556282746e-03
-3.179660091104516244e-03
-2.606159989890752954e-03
-3.057847561463553424e-03
-3.081374187287767331e-03
-3.012613350723532171e-03
-2.896583059398750125e-03
-2.931645374356250076e-03
-2.862680265395685722e-03
-2.721241252309734848e-03
-2.776220776447604378e-03
-2.699404715108547764e-03
-3.222227639170579128e-03
-3.185486639158944047e-03
-3.161722745790102908e-03
-3.203850966006122156e-03
-1.988771024241136297e-03
-1.958138963077526475e-03
-2.037354031818319582e-03
-2.098057469129420601e-03
-2.093195706025414299e-03
-2.154903702690003954e-03
-2.111473923804183320e-03
-2.341672208403727373e-03
-2.231489940816536351e-03
-2.134431966459738195e-03
-2.465704757042546692e-03
-1.887403768258615749e-03
-1.917545165582719728e-03
-1.933529876629478013e-03
-1.899183543815544497e-03
-1.895273579679192287e-03
-1.876335529906728548e-03
-1.901733681390851798e-03
-1.910942157670917230e-03
-1.884774460692005896e-03
-1.858267525271728275e-03
-1.886555111353509142e-03
-1.897602000694690802e-03
-1.837197222866234630e-03
-1.876246679829482022e-03
-1.865675240562565760e-03
-1.939791668182378089e-03
-1.859979449724892195e-03
-1.887177539745510738e-03
-1.893684155488159319e-03
-1.868921924870087367e-03
-1.990210092059301657e-03
-1.996915616263010822e-03
-2.015355410422511873e-03
-1.949941132066049243e-03
-1.977251260825075695e-03
-1.957091328958397193e-03
-2.009800329861584182e-03
-2.019875775432545401e-03
-2.041301510159478604e-03
-2.023866240215918370e-03
-2.035070916328232844e-03
-2.029909414898901140e-03
-1.135499181117643553e-04
-5.653072123087470805e-05
-1.155589063354947263e-04
-1.698471638204847810e-04
-2.232319295579739474e-04
-2.248541468717829366e-04
-2.759803677318076751e-04
-3.355590783601135134e-04
-3.322426451000919513e-04
-3.879718422470519170e-04
-4.448779909492057115e-04
-4.952654999068857936e-04
-4.426432776295077050e-04
-5.372393277241448162e-04
-5.414661690324230371e-04
-5.862078976437254570e-04
-1.697676792640855688e-03
-1.662864857885471221e-03
-1.695005038971676876e-03
-1.592101352599320681e-03
-1.727834919079991940e-03
-1.820908328238815023e-03
-1.814121775647486046e-03
-1.789516197191531443e-03
-1.847119278795257211e-03
-1.517493420194510230e-03
-1.395923887581791787e-03
-1.353980035586642428e-03
-1.396715095746010708e-03
-1.437266980777479391e-03
-1.120252215340991966e-03
-1.136796061736651195e-03
-1.083195116238327895e-03
-1.173642012068127662e-03
-1.003351806837346916e-03
-1.025119285818055538e-03
-9.787730622811247581e-04
-8.994110542731009045e-04
-8.676174598211655164e-04
-9.272160144487822525e-04
-7.175288897717532841e-04
-7.767670220378752530e-04
-7.439542457901740340e-04
-6.762492540492072044e-04
-1.215748579259640257e-03
-1.263816505754287046e-03
-1.221445181348062257e-03
-2.013644176502586182e-03
-1.995581539755738112e-03
-1.980765041434393026e-03
-1.976004812862873754e-03
-1.955205265883209337e-03
-1.901157940584371348e-03
-3.312752760483283522e-03
-3.239308658920643080e-03
-3.242916797312896462e-03
-2.548307142482038844e-03
-2.538472444821248362e-03
-2.614314916444568631e-03
-2.969684964707897112e-03
-3.186409324564475846e-03
-3.119381269223381065e-03
-3.145271584024932846e-03
-2.800069051100908743e-03
-2.626141485825417461e-03
-3.206243986422560067e-03
-3.264607916278618616e-03
-1.900980436326489510e-03
-1.955403323048542433e-03
-1.934033590858203226e-03
-1.859907775286093190e-03
-1.913347715592921862e-03
-1.903134403064531523e-03
-1.952603330917788418e-03
-1.980739007740697864e-03
-2.009202798648696518e-03
-2.016471114307531905e-03
-2.073831438105296771e-03
-2.040503549780955071e-03
-2.051345372636429517e-03
-2.253544766898184400e-03
-2.327093359298523789e-03
-2.267745485640158994e-03
-2.136613284739018702e-03
-2.210665710789267401e-03
-2.157457190695774053e-03
-2.038443540638105057e-03
-2.109499749023189749e-03
-2.063550340588009117e-03
-2.389556882430193298e-03
-2.393600731060457898e-03
-2.460696679833032814e-03
-1.873093508434086436e-03
-1.833513645622578993e-03
-1.872344367113370264e-03
-1.860416709958607681e-03
-1.857730759114483224e-03
-1.867220856902347638e-03
-1.816733263190583540e-03
-1.855661450147640286e-03
-1.846080306555977595e-03
-1.846537798170242448e-03
-1.825984828080968493e-03
-1.903229104426691892e-03
-1.908817503322150170e-03
-1.934225546815685967e-03
-1.848644669218007380e-03
-1.853862090384908283e-03
-1.881991984203905182e-03
-1.795586569882442075e-03
-1.826183389469561956e-03
-1.838100418290967465e-03
-1.970339950743788156e-03
-1.926859022304770394e-03
-1.985487566746828476e-03
-2.005295502602381843e-03
-2.000299048539529688e-03
0.000000000000000000e+00
-5.644827321985099872e-05
0.000000000000000000e+00
-1.682246673524607486e-04
-2.793045670937580418e-04
-3.902437645815015968e-04
-4.911718969645192511e-04
-6.029200119065823357e-04
-6.191451410397733751e-04
-5.700008987561690742e-04
-1.631617366136541361e-03
-1.664865787401286282e-03
-1.629626957582579975e-03
-1.594192933441968604e-03
-1.766682368834733910e-03
-1.762070319067007319e-03
-1.732408077295324606e-03
-1.793957031036308176e-03
-1.881584999321652719e-03
-1.877168897425627106e-03
-1.851510243124246217e-03
-1.559121149784918961e-03
-1.557631342031795107e-03
-1.518934311293031712e-03
-1.303315193834767016e-03
-1.307659629219183779e-03
-1.349659397463156369e-03
-1.478972315383536833e-03
-1.478669087921764217e-03
-1.437537208040611664e-03
-1.061895485149945591e-03
-1.167837865967669446e-03
-9.515798334378364632e-04
-8.049605925197257390e-04
-8.520667363997444163e-04
-8.206206197227351382e-04
-7.610815268526895539e-04
-6.601352942001059623e-04
-1.259465653108389396e-03
-1.939043625007024103e-03
-1.933499150681974041e-03
-1.959949001288450576e-03
-1.905387098073682995e-03
-3.319744499207160759e-03
-3.249660695048890973e-03
-3.313753393601286124e-03
-2.461218209995798788e-03
-2.960706525354168603e-03
-3.003980486455198017e-03
-2.921652740682743714e-03
-3.166807097762779424e-03
-3.170394016199018245e-03
-3.105751419754915199e-03
-2.749491550743391605e-03
-2.818102206817396822e-03
-2.728734969143522399e-03
-2.546368888068495720e-03
-2.629502662128564792e-03
-2.541519068270857613e-03
-3.338374223383969164e-03
-3.280994170776010705e-03
-3.260614045382887773e-03
-3.322962685887513937e-03
-1.924185132195016350e-03
-1.877596656369689542e-03
-1.981598638452134690e-03
-1.954612594923537186e-03
-2.022514006504340899e-03
-1.983640023143847138e-03
-2.189724718094764738e-03
-2.314985570435482577e-03
-2.083100721636619874e-03
-1.992859318019396010e-03
-1.785208615451028616e-03
-1.821091220253717551e-03
-1.837305026269547316e-03
-1.810018386377793519e-03
-1.813659221105191465e-03
-1.804783243719617312e-03
-1.840311494238080874e-03
-1.832004395895623500e-03
-1.810011167637369739e-03
-1.773114424401404758e-03
-1.804536136770025674e-03
-1.815220185943886358e-03
-1.756764288602913121e-03
-1.796578769662234183e-03
-1.786219098574319195e-03
-1.876194220506035605e-03
-1.788337094617903876e-03
-1.823824945022290388e-03
-1.818424504040985074e-03
-1.783152645371887529e-03
-1.964671526601022202e-03
-1.944094076168662900e-03
-1.892531669384935750e-03
-1.897509639263057768e-03
-1.921285619565778029e-03
-1.146404362979573167e-04
-1.141124016098445771e-04
-5.698976287627761743e-05
-1.687035557198989996e-04
-2.243936673691064067e-04
-2.798501053267757289e-04
-2.238619467341959254e-04
-3.437491831282122115e-04
-3.397323935554996373e-04
-3.943269999403546579e-04
-4.696058588817950043e-04
-5.035692216246280897e-04
-4.571771916720987830e-04
-5.361574444772332273e-04
-1.706715022933447817e-03
-1.702073036386721671e-03
-1.669443572955954871e-03
-1.595546130301692817e-03
-1.736855003376170260e-03
-1.830102384668027150e-03
-1.825487632605636915e-03
-1.798729818410093814e-03
-1.856121750860694874e-03
-1.519149361858766062e-03
-1.393541537835200732e-03
-1.394678162133145992e-03
-1.348472113604320694e-03
-1.436330766322462937e-03
-1.104957305623477208e-03
-1.112635034052152647e-03
-1.054155823176865844e-03
-1.160299335496605376e-03
-8.989941139738470352e-04
-9.512101535605779583e-04
-8.991927320637438728e-04
-8.518816162545221008e-04
-6.913072585908520192e-04
-7.479794263578653157e-04
-7.043897614012009124e-04
-6.469546340862881821e-04
-1.202950820387078956e-03
-1.253123533196891237e-03
-1.209340455685648658e-03
-1.910314312164300898e-03
-3.467580412177765498e-03
-3.383954325924380582e-03
-3.388291874954634224e-03
-2.362245896543666360e-03
-2.451696709131905710e-03
-2.371075515167465377e-03
-2.843283708779779061e-03
-3.052519928374140649e-03
-3.244307453873793243e-03
-2.636982279318082940e-03
-2.444875942459549638e-03
-3.392567183721390076e-03
-1.826538679615727356e-03
-1.862256210719444999e-03
-1.888394817098498725e-03
-1.781878046016708650e-03
-1.819594608284830391e-03
-1.840119803475159539e-03
-1.883638207040121571e-03
-1.916535115062927095e-03
-1.948858988949224956e-03
-1.916024628501420291e-03
-2.074244955128016002e-03
-2.102394540874293321e-03
-2.161720333821884853e-03
-2.206615426597297730e-03
-2.295207771861216498e-03
-2.226176030241756865e-03
-1.968496818600168688e-03
-2.001106867335997186e-03
-2.050919477625375020e-03
-1.879490258025378994e-03
-1.915108989745659997e-03
-1.957566858088953619e-03
-1.707981486443303949e-03
-1.782895641269580458e-03
-1.746656570400250547e-03
-1.742101790322602957e-03
-1.763685869427248157e-03
-1.788615879725938057e-03
-1.768738781524688448e-03
-1.795837714409702617e-03
-1.742903262799588805e-03
-1.773589805513508220e-03
-1.779690672674056652e-03
-1.763914268563656447e-03
-1.749185288552944882e-03
-1.840191285528318572e-03
-1.844049985515145134e-03
-1.871749476965464329e-03
-1.781757033610562166e-03
-1.784708035054371816e-03
-1.815523962507622959e-03
-1.701666756862080937e-03
-1.747918851048901922e-03
-1.736735291356056136e-03
-1.915401583155460939e-03
-1.865980953216733566e-03
-4.714358482463726621e-19
-5.691370192769339403e-05
0.000000000000000000e+00
-1.692723789777156795e-04
-2.840017942495411162e-04
-4.066003430151668516e-04
-5.705542766847619338e-04
-5.867820239471807121e-04
-5.197812121013971852e-04
-1.636621202677036391e-03
-1.671903701862504071e-03
-1.634174943428912639e-03
-1.598107765712722915e-03
-1.774044962675987982e-03
-1.740734497224210447e-03
-1.770338539327511243e-03
-1.802431390932772437e-03
-1.861408333269803407e-03
-1.886672270312732096e-03
-1.561575206020515260e-03
-1.560269871053631763e-03
-1.520432659086915200e-03
-1.299715171134099845e-03
-1.346670934761662721e-03
-1.301495747470061276e-03
-1.482028490522920494e-03
-1.480419466596600512e-03
-1.437902014024708928e-03
-9.987531947511221406e-04
-1.051798892205932671e-03
-1.001031550851366574e-03
-1.153918260679177550e-03
-9.488321329280726682e-04
-7.869857922572550540e-04
-8.428607287169899258e-04
-7.959409295897181078e-04
-7.389378941110155349e-04
-6.307657020042431841e-04
-1.251329762662593045e-03
-3.482238723766262548e-03
-3.400567982924054822e-03
-3.471882893917436520e-03
-2.276718335265997747e-03
-2.770808029186839182e-03
-2.859137982349010607e-03
-2.751085219553439133e-03
-3.027918950590908608e-03
-2.984441549727085904e-03
-3.089769685461801058e-03
-3.281026442945681257e-03
-3.214638301355043914e-03
-3.304244477271849664e-03
-2.531739119635488013e-03
-2.635225239829554374e-03
-2.531549371076120911e-03
-2.319719955389641999e-03
-2.428791777404239530e-03
-2.335106844021637724e-03
-3.495928461263155852e-03
-3.406413052169099832e-03
-3.476101466977590815e-03
-1.852355728382675329e-03
-1.801552495818471884e-03
-1.742589162747721016e-03
-1.804229125247028970e-03
-1.842328506911501771e-03
-1.878263984265857861e-03
-2.016663712837968477e-03
-2.134347680553194508e-03
-1.920210901195984693e-03
-1.838753151771809358e-03
-1.671729773554180183e-03
-1.688728960572678708e-03
-1.729462373242172599e-03
-1.707607519247377392e-03
-1.721077575309906595e-03
-1.736776959369663127e-03
-1.770886014373298720e-03
-1.762544581437148865e-03
-1.739741468111760453e-03
-1.683934730508189308e-03
-1.719840491688373217e-03
-1.728139005860770266e-03
-1.667199414690279146e-03
-1.711673970848134885e-03
-1.704673930240828460e-03
-1.810888628365786134e-03
-1.715115207196798476e-03
-1.748314498399697976e-03
-1.751273268005419312e-03
-1.691768838621765308e-03
-1.834844272133575194e-03
-1.112235058565173482e-04
-5.520765132252554436e-05
-1.129518291692097976e-04
-1.674524230685630471e-04
-2.367689291147122982e-04
-2.901932504807435732e-04
-2.306833343683570314e-04
-3.580050762929491703e-04
-4.136788028532634230e-04
-3.509419192942236573e-04
-4.436819510161228632e-04
-4.566045825232198678e-04
-5.068642625260555727e-04
-1.708844576649666547e-03
-1.673187703166102627e-03
-1.707760728662455034e-03
-1.599279559936585271e-03
-1.741839837165245347e-03
-1.807215150624832305e-03
-1.521936129874345428e-03
-1.394704359201027945e-03
-1.394043095374333623e-03
-1.347277145717611828e-03
-1.438452616469160011e-03
-1.096506280063078761e-03
-1.047580517120732732e-03
-1.100730524626373878e-03
-1.149724069311400775e-03
-8.851238488462846330e-04
-9.418436173898999883e-04
-8.920309464107321548e-04
-8.358592823372304123e-04
-6.692845387590069415e-04
-6.802377899738994323e-04
-7.278941395099526156e-04
-6.196450010925794172e-04
-1.196873306273235280e-03
-1.248325099197950851e-03
-1.199905237472460341e-03
-3.652986710240545623e-03
-3.561580553711854100e-03
-3.549783991125488904e-03
-2.142054206163364165e-03
-2.248892876606186676e-03
-2.169836187688108618e-03
-2.636888717172459866e-03
-2.883097662924843322e-03
-3.137473338615911784e-03
-3.371499580132440374e-03
-2.413960119338314121e-03
-2.221770534640856842e-03
-3.556674548661865626e-03
-1.741350968727009866e-03
-1.811427982509797047e-03
-1.782603955536750644e-03
-1.684352365559655751e-03
-1.754393573021247130e-03
-1.731953727574890578e-03
-1.627475407026782693e-03
-1.666684560302131822e-03
-1.703921059148731654e-03
-1.770136124537063016e-03
-1.878700443871027682e-03
-1.974701334640833420e-03
-1.921076054454664379e-03
-1.993390752717238631e-03
-2.030445194223553986e-03
-2.097541400920743294e-03
-1.789138651705248807e-03
-1.832352513106818952e-03
-1.877510787035742120e-03
-1.711376731981940468e-03
-1.794296235462382143e-03
-1.756225959715852943e-03
-1.584327424908669839e-03
-1.645528860731630336e-03
-1.627995413812039025e-03
-1.636841570262550713e-03
-1.690238410066577639e-03
-1.654265066375820888e-03
-1.669125818332698949e-03
-1.725472471462431842e-03
-1.663407156949839403e-03
-1.703309948072979354e-03
-1.700592089067409817e-03
-1.674733956379954695e-03
-1.665050424245362315e-03
-1.777900998143242765e-03
-1.745695872632588384e-03
-1.711630436946417859e-03
-1.606247607890383530e-03
-1.644522760837912462e-03
-1.653382670100812628e-03
-4.748746772816826689e-19
-5.513865970504204517e-05
-4.792813273674921890e-19
-1.736808180338971354e-04
-2.973308893270541113e-04
-4.005767840708799807e-04
-5.417048013952119670e-04
-4.923422073810813796e-04
-5.562274754578547947e-04
-1.634257359599481339e-03
-1.672028883828910115e-03
-1.635534755876054142e-03
-1.598191644808111961e-03
-1.569487865001059981e-03
-1.565494197451820692e-03
-1.526023430651095129e-03
-1.295203067901133480e-03
-1.345071607521917956e-03
-1.297491982426447928e-03
-1.486402417867149685e-03
-1.484133778316796539e-03
-1.440712933855332499e-03
-9.856887341614930728e-04
-1.041045037623490252e-03
-9.921992198719826322e-04
-1.146691173372743492e-03
-9.352582601754621302e-04
-7.674342522178360243e-04
-7.771552691884092701e-04
-8.260717064767570316e-04
-7.180201599033690695e-04
-6.052595435593089183e-04
-1.246124633359841066e-03
-3.684939173865293613e-03
-3.581008442276237443e-03
-3.664030561888013959e-03
-2.060772916083300141e-03
-2.490447961297871399e-03
-2.624094208033358328e-03
-2.501734803019800210e-03
-2.777498957568090565e-03
-2.893703242482246595e-03
-2.761749302530588229e-03
-3.090252466769805896e-03
-3.176040426219420634e-03
-3.045748860020324085e-03
-3.391239164639564020e-03
-3.323137383987257235e-03
-3.435266725225091106e-03
-2.248913226984448985e-03
-2.385647551486364676e-03
-2.277533069340646060e-03
-2.050372763458201998e-03
-2.181655551280427784e-03
-2.091355521511066573e-03
-3.647245200662083651e-03
-3.557349012557831092e-03
-3.647604802883021823e-03
-1.710492379820810309e-03
-1.653968923094690981e-03
-1.604162504557937871e-03
-1.645574696269550170e-03
-1.692191912818043166e-03
-1.723978534665530742e-03
-1.930883374651391066e-03
-1.830070454294584637e-03
-1.747139266848486000e-03
-1.675986786977737720e-03
-1.555630356107886789e-03
-1.569300821760480878e-03
-1.614377353588919602e-03
-1.596750878386814752e-03
-1.620849699070166499e-03
-1.689252524624404277e-03
-1.590186111608780754e-03
-1.628267313080112699e-03
-1.636745596734741695e-03
-1.576152282930001845e-03
-1.621425820845584769e-03
-1.619932673254667003e-03
-1.674690784582412006e-03
-1.597332952506763703e-03
-1.073898099475472886e-04
-1.093069052980567206e-04
-5.319907697107160971e-05
-1.717572373558195987e-04
-3.205795636678498983e-04
-3.393725765431050354e-04
-2.784121558892359988e-04
-3.818490352317574759e-04
-4.170266190499885995e-04
-4.790207688361008270e-04
-4.302447308797645699e-04
-1.602248849327815236e-03
-1.528159854256497426e-03
-1.396002834797811093e-03
-1.395284233576869325e-03
-1.345762394523315622e-03
-1.441335034020128913e-03
-1.088327167285012059e-03
-1.092420367930864141e-03
-1.036938233984127482e-03
-1.142609751075635005e-03
-8.693373910816709280e-04
-9.273703741555475340e-04
-8.771932009125926223e-04
-8.181022133130588618e-04
-6.448961096147292401e-04
-7.058528250336688556e-04
-6.570133936692913040e-04
-5.929429118191383713e-04
-1.192507461852345199e-03
-1.243959623906416324e-03
-1.194699371342125907e-03
-3.890998432914760143e-03
-3.748313182972521328e-03
-3.777938003589735930e-03
-1.888346428245349286e-03
-1.937362002400475416e-03
-2.012662167364623160e-03
-2.355642230651289106e-03
-2.615188749706183480e-03
-2.911706172317215201e-03
-3.218389408878978303e-03
-3.494597149346865932e-03
-2.139474054005179818e-03
-1.961972717006008147e-03
-3.738981194069620779e-03
-1.590218095568499742e-03
-1.665014341691102530e-03
-1.636254936468719374e-03
-1.536770862949535851e-03
-1.581279734088338398e-03
-1.609900885943658542e-03
-1.491199751168612031e-03
-1.558806979161040697e-03
-1.537086294804548836e-03
-1.615877886313900032e-03
-1.763084415783107211e-03
-1.818315736962416041e-03
-1.876378452009585737e-03
-1.669149710844826991e-03
-1.727610746846747723e-03
-1.773056855078521728e-03
-1.604751218810653371e-03
-1.696254266777504072e-03
-1.656718566684048377e-03
-1.535300975228001512e-03
-1.622600991625340952e-03
-1.589350070312760613e-03
-1.459973816716212715e-03
-1.521735722348380518e-03
-1.507792078337030642e-03
-1.528206074571839858e-03
-1.541864924255451248e-03
-1.583137114288327586e-03
-1.567116373814735151e-03
-1.648832258274675333e-03
-1.582480274267876030e-03
-1.572596720757097125e-03
-1.616823748003051731e-03
-1.505762013725066772e-03
-1.555610613619034513e-03
-1.547542756020422322e-03
4.685396310610842698e-19
-5.315563621162618937e-05
-4.824347208198702691e-19
-2.031752798097035025e-04
-1.549953420207712991e-04
-2.201122496589009297e-04
-2.616606349391640022e-04
-3.683514605691859227e-04
-5.220743034786167781e-04
-4.691050557390849399e-04
-5.319959430553633517e-04
-1.531277350398536517e-03
-1.297552765858246172e-03
-1.346953888204887803e-03
-1.296416985743503204e-03
-1.492861114733711305e-03
-1.489632047898766399e-03
-1.444746446804804317e-03
-9.756901974692674777e-04
-1.031944524521343377e-03
-9.806586300354141680e-04
-1.140444312807982865e-03
-9.223265802354293705e-04
-7.478151637749403139e-04
-8.083161219791246133e-04
-7.575705419532738696e-04
-6.959401739293783135e-04
-5.831942312587845697e-04
-1.245199801036592311e-03
-3.953672316218206223e-03
-3.811111738559100869e-03
-3.912486110777562212e-03
-1.820429497654290317e-03
-2.136369042003273197e-03
-2.185569666410234341e-03
-2.308945779639881915e-03
-2.407614987318321478e-03
-2.437697397167686714e-03
-2.584873179133357138e-03
-2.754592342138048079e-03
-2.910153755189299508e-03
-2.748718726501945230e-03
-3.147037831401153750e-03
-3.253009926136728354e-03
-3.100336962439836572e-03
-3.466489280450413442e-03
-3.426388263640941373e-03
-3.558997360191616492e-03
-1.922632466887366949e-03
-1.981877133673521849e-03
-2.082730367307718614e-03
-1.752304313242821106e-03
-1.817190082532623959e-03
-1.899243373337706348e-03
-3.745865830169654073e-03
-3.683103877517488432e-03
-3.822046516661148276e-03
-1.561801776268077410e-03
-1.512589536097396891e-03
-1.474480182808817147e-03
-1.479715250240983904e-03
-1.534164978915703243e-03
-1.562077613523377324e-03
-1.712728111505076173e-03
-1.634760765615478426e-03
-1.568012595046103025e-03
-1.505857953619231743e-03
-1.436798493877667476e-03
-1.447875227997552638e-03
-1.496714922736442493e-03
-1.482864516718486328e-03
-1.516481280794484097e-03
-1.534506980430200718e-03
-1.541618978528281649e-03
-1.498963496747656755e-03
-1.022671488671585789e-04
-5.047899149384548140e-05
-1.047810693005739855e-04
-1.523885821303605633e-04
-2.948339144074850482e-04
-3.078220584310886569e-04
-2.487010948768984819e-04
-3.555476240302075019e-04
-3.914548556637751416e-04
-4.562865306106925114e-04
-4.040728475659553570e-04
-1.403098385103958030e-03
-1.399550042394138820e-03
-1.350671824378440848e-03
-1.448362501970397887e-03
-1.082992398594595333e-03
-1.085663485114023987e-03
-1.029269595053462424e-03
-1.137786507130467833e-03
-8.566238577565186323e-04
-8.629285147061952019e-04
-9.160018808644223654e-04
-8.018754128947085114e-04
-6.229875867189349145e-04
-6.850067263861094047e-04
-6.338727677995367911e-04
-5.721158811090227593e-04
-1.192803655463813093e-03
-1.245344703350457528e-03
-1.192681114137007043e-03
-4.208624375902780476e-03
-4.061852138230934856e-03
-4.003971068169014103e-03
-1.615633011147560305e-03
-1.750668249970215246e-03
-1.687499683801385814e-03
-2.019348072827721954e-03
-2.256201802839455720e-03
-2.556249180100887350e-03
-2.921013844556280027e-03
-3.288250807194427992e-03
-3.600857506985466472e-03
-1.830773641559774005e-03
-1.679530697898853116e-03
-3.955942637909224194e-03
-1.433865051620168739e-03
-1.511624127335741384e-03
-1.484710511400975366e-03
-1.391795923115301571e-03
-1.441011562574345470e-03
-1.463925290429848175e-03
-1.357267728247984161e-03
-1.408193776588092735e-03
-1.423905366094825077e-03
-1.455566056824514863e-03
-1.504107230707990659e-03
-1.633278930030007594e-03
-1.586388229100526735e-03
-1.460555502908355251e-03
-1.564955391000020807e-03
-1.532375851712029780e-03
-1.408538000755479424e-03
-1.506468560256339108e-03
-1.471358913338720494e-03
-1.354840370436145684e-03
-1.416784987255803509e-03
-1.444768128218516454e-03
-1.332022660143339712e-03
-1.395755676854834593e-03
-1.384460751816912012e-03
-1.420313041060862914e-03
-1.474387621208877487e-03
-1.428209719226697025e-03
-1.462616094400075130e-03
-1.454507222723198673e-03
0.000000000000000000e+00
-5.028639563736713239e-05
4.757131272039740869e-19
-1.889788633060423412e-04
-1.455751674488306273e-04
-1.962811631292873948e-04
-2.418390044464175043e-04
-3.424927279462733690e-04
-4.954284165139652592e-04
-4.427236237051221726e-04
-5.089250920764761335e-04
-1.304604779304317699e-03
-1.301124245336299744e-03
-1.354186378585469459e-03
-9.686481451627176886e-04
-9.721587375602000741e-04
-1.025773692187298587e-03
-1.137967906720963214e-03
-9.124632687803830092e-04
-7.321660430166011552e-04
-7.399173126043713002e-04
-7.940974021159857019e-04
-6.770549007051838986e-04
-5.588767933921216747e-04
-1.248942338516361057e-03
-4.270683136735318325e-03
-4.129215356093599368e-03
-4.237169582828419906e-03
-1.557543222783432969e-03
-1.749252854532014996e-03
-1.832297688876939092e-03
-1.940984151178321579e-03
-1.955683292448537336e-03
-2.178081197512026813e-03
-2.039974662114826028e-03
-2.259019956189765085e-03
-2.320298971851440187e-03
-2.498743274694729087e-03
-2.676445145269362030e-03
-2.893623983159297145e-03
-2.689925000195541628e-03
-3.283733036655508107e-03
-3.362557522030709851e-03
-3.174580572609116136e-03
-3.491429711093133915e-03
-1.577609888533043798e-03
-1.748926199490987571e-03
-1.662852159268286313e-03
-1.444360783603524517e-03
-1.528865554573399918e-03
-1.597750830837113729e-03
-3.763907166760731456e-03
-3.721009084739834456e-03
-3.958653749746260213e-03
-1.411859333517153682e-03
-1.373709625670329216e-03
-1.343961613474013196e-03
-1.314035932351266794e-03
-1.396650247909963323e-03
-1.373586444251634169e-03
-1.482130018348776397e-03
-1.434289237091116321e-03
-1.380856255328558827e-03
-1.333721553417573005e-03
-1.316553089875886068e-03
-1.323760110360306611e-03
-1.376809399831814031e-03
-1.368170295456078590e-03
-1.411378517346191519e-03
-1.237160361163892907e-04
-1.129034379413705862e-04
-6.095457606521586705e-05
-1.562493960139943981e-04
-2.582455620122343226e-04
-2.768651462130289342e-04
-2.234756826107542685e-04
-3.245235916632992559e-04
-3.458754235806100856e-04
-3.686621606883997218e-04
-4.202998369020895220e-04
-1.362530771583669604e-03
-1.082846508822762508e-03
-1.025731754371408434e-03
-1.082919094571147683e-03
-1.137898269463291558e-03
-8.474675283415243621e-04
-9.079027428791797572e-04
-8.520072544444562846e-04
-7.894496637572814618e-04
-6.040543465644159730e-04
-6.134763667422940374e-04
-6.676679554377069675e-04
-5.493350224569176982e-04
-1.196451796753578546e-03
-1.194706557892709266e-03
-1.250781115696740020e-03
-4.561541787314090345e-03
-4.386622002056647998e-03
-4.472871397888134558e-03
-1.341107692233890454e-03
-1.478495247257186757e-03
-1.422374123322042803e-03
-1.844645667049144878e-03
-1.658761504305148122e-03
-2.090786577003388505e-03
-2.434175526718623805e-03
-2.924868927588281965e-03
-3.473969364494529106e-03
-1.508297719414500434e-03
-1.391754337531740660e-03
-4.118540858328600431e-03
-4.095671158010450591e-03
-3.863958826099308554e-03
-1.279928320368927622e-03
-1.356757819998703372e-03
-1.335640659893530579e-03
-1.248280917148417374e-03
-1.302665592398475486e-03
-1.319963553162599012e-03
-1.222541529526258511e-03
-1.289752416584601796e-03
-1.277141221730882653e-03
-1.296488500190863709e-03
-1.252776237787967852e-03
-1.358928261794416573e-03
-1.379341945142083161e-03
-1.254471448736892321e-03
-1.331832917448127259e-03
-1.357781211970643907e-03
-1.215596375649147416e-03
-1.285177860517818654e-03
-1.312148981917492154e-03
-1.177339463278585102e-03
-1.245768581798834766e-03
-1.266211440200286538e-03
-1.207612103269219833e-03
-1.269644901456151373e-03
-1.261904776293244421e-03
-1.310378652528338935e-03
5.372158095273735488e-19
-6.095921706519841351e-05
0.000000000000000000e+00
-1.907390457428770336e-04
-3.016212907723555929e-04
-4.824390324959662926e-04
-4.890447286406664684e-04
-4.138266293564061876e-04
-9.665940061646897258e-04
-9.676110115887045539e-04
-1.024739861559677756e-03
-1.139819222329495991e-03
-9.068711284881239608e-04
-7.194516890740670868e-04
-7.831059318125889804e-04
-7.257306770649355355e-04
-6.611793538104492746e-04
-5.429136814323731047e-04
-1.256564243573525010e-03
-5.035274352099045406e-03
-4.516830247868303463e-03
-4.773264618570014807e-03
-4.271948356270417919e-03
-1.297523723918722789e-03
-1.486991686152890372e-03
-1.722460459723226811e-03
-1.618623789193955435e-03
-1.347462110754302222e-03
-1.463316566971304203e-03
-1.549438420723342653e-03
-1.677121614806607918e-03
-1.968950773194849419e-03
-1.815750114570144477e-03
-1.963029592117700173e-03
-2.106555946396627705e-03
-2.320941915387560867e-03
-2.444488283628226243e-03
-2.840404400147903893e-03
-2.528163234803569755e-03
-3.161122073566931777e-03
-3.406999495142389728e-03
-3.162076000519121848e-03
-1.236126188341883474e-03
-1.340809784499716155e-03
-1.407618759617088218e-03
-1.146642516209661622e-03
-1.244343183860209144e-03
-1.296140545990240311e-03
-3.513681711539833399e-03
-1.263801638710529938e-03
-1.235116521477049121e-03
-1.214722861392894841e-03
-1.150186780405214500e-03
-1.232277597086761699e-03
-1.215204906564764775e-03
-1.255362712340654446e-03
-1.235511614186762114e-03
-1.196547270978198709e-03
-1.163987214417278428e-03
-1.201891525386385726e-03
-1.114842771760889302e-04
-5.474874090681450240e-05
-1.176878748963706826e-04
-2.117698335665453221e-04
-1.671506396228387677e-04
-2.350988258753247163e-04
-2.786548324232877762e-04
-3.664405472105034672e-04
-4.244399840128487765e-04
-3.561749444119699688e-04
-1.088633016691888849e-03
-1.085738189731605798e-03
-1.027720849501939475e-03
-1.142719053555455583e-03
-8.435200327655718866e-04
-9.049174401669609138e-04
-8.454168519367805459e-04
-7.809981598934192300e-04
-5.904775555626985521e-04
-5.972295067070526294e-04
-6.544444597495631920e-04
-5.360389283978229946e-04
-4.858680724143098553e-03
-4.923797669254910761e-03
-4.612835533814882948e-03
-4.254498338587296008e-03
-1.055333867863202839e-03
-1.199628772024168661e-03
-1.157783872253952996e-03
-1.582543683444740529e-03
-1.418863776440003246e-03
-1.293327713424670183e-03
-1.816156877797908773e-03
-2.175171721292615094e-03
-2.721961567368176051e-03
-1.192635237797037319e-03
-1.102767924671734304e-03
-3.024752683582423649e-03
-3.480127902027489555e-03
-2.972993669906600842e-03
-1.127620367226456893e-03
-1.204215001125695256e-03
-1.188484450920607345e-03
-1.126515758883720863e-03
-1.174457424529973953e-03
-1.187224367546699634e-03
-1.102702269757440453e-03
-1.154839505281328449e-03
-1.162273181695173789e-03
-1.139446796981860403e-03
-1.104440362108770422e-03
-1.179236457263719250e-03
-1.177822681055879471e-03
-1.059376851935415337e-03
-1.137858646486335223e-03
-1.157204942623341580e-03
-1.031215424407162448e-03
-1.104768287976261656e-03
-1.123833254861097801e-03
-1.008818455383958708e-03
-1.079998102462577034e-03
-1.093509822745804966e-03
-1.148157572266905214e-03
0.000000000000000000e+00
-5.460600077724416662e-05
5.449960735560435945e-19
-1.609291097110039301e-04
-2.363271768805518880e-04
-2.906529678413766714e-04
-2.240213591451793371e-04
-4.832871322933735177e-04
-4.252169114642824835e-04
-4.831501432392719050e-04
-3.009083052223265929e-04
-9.726216354972970490e-04
-1.030817007974102993e-03
-9.696045396338729555e-04
-9.079668923648752041e-04
-7.095226817081092072e-04
-7.760441559921523944e-04
-7.143958659148576598e-04
-6.492730658787118983e-04
-5.365199917668204196e-04
-7.418723899790013662e-03
-5.356151769836082002e-03
-5.389386515196879432e-03
-3.629722948209426064e-03
-1.081463984618933867e-03
-1.128133038877390804e-03
-1.409473674965452082e-03
-1.315709707717492441e-03
-1.056754813649523651e-03
-1.208469579539219775e-03
-1.276819302113988558e-03
-9.878867507931059569e-04
-1.170893447884910690e-03
-1.115573635251138496e-03
-1.293180058889327987e-03
-1.492728537098435846e-03
-1.635701771947137111e-03
-1.351351521207675094e-03
-1.666642821205028754e-03
-1.878073656572924787e-03
-2.024042183323210981e-03
-2.197319344903954016e-03
-2.562823465861286711e-03
-9.199603235413239891e-04
-1.080495476737101078e-03
-1.036197418411490337e-03
-8.700084009873774397e-04
-9.666113464623124311e-04
-1.009920177182696555e-03
-2.382046748143112208e-03
-1.127425579787578666e-03
-1.114217084577628350e-03
-1.095393405316942613e-03
-9.941282554167126754e-04
-1.061411708715612624e-03
-1.072593614272015355e-03
-1.082176999035216764e-03
-1.046038401222181566e-03
-1.020925998959607527e-03
-1.002387834052366868e-03
-1.162721981665462700e-04
-1.138773289619481705e-04
-5.695658993737016241e-05
-1.731135299786151055e-04
-4.136195625208749851e-04
-4.489525111204075748e-04
-3.896576053447403307e-04
-2.453442615969636423e-04
-3.053054558803339896e-04
-2.409915457690379786e-04
-1.037681758441304485e-03
-8.418315379476250552e-04
-9.070071803052399614e-04
-8.426111695568590590e-04
-7.750540168126507281e-04
-5.752939443882960219e-04
-5.831346097731817269e-04
-6.419051806153801970e-04
-5.287480619888262900e-04
-4.206994018490240947e-03
-4.415791093669196171e-03
-5.723082866178003450e-03
-1.834245600864356724e-03
-2.466232394382070897e-03
-3.445683118500365502e-03
-8.939036410312581685e-04
-9.750642089265094351e-04
-1.000620845813543578e-03
-1.225196280895712083e-03
-1.105991683010403188e-03
-1.032607151911494507e-03
-9.599617385638548831e-04
-1.322386173243148607e-03
-1.630918631580139180e-03
-8.994680066923917052e-04
-8.255894480332587673e-04
-9.435689117995779956e-04
-8.518076501734302836e-04
-9.936242882651429020e-04
-2.059217485558118357e-03
-1.566274242682272376e-03
-9.942853354036108350e-04
-1.061140652057659950e-03
-1.061113783001495269e-03
-1.048456223122894854e-03
-9.950263131745691603e-04
-9.783120171838919580e-04
-8.743507391249898120e-04
-9.679939656778866136e-04
-9.540010927940171560e-04
-8.580602785862459850e-04
-9.454562786856653741e-04
-9.344082769580072710e-04
-8.479001993941344059e-04
-9.290336930993008330e-04
-9.218496314105319080e-04
0.000000000000000000e+00
-5.672275654924611890e-05
0.000000000000000000e+00
-1.753525859461374059e-04
-3.286746121664921305e-04
-4.938255965124703148e-04
-1.799308398156302530e-04
-9.835093066988690250e-04
-9.179699615583275692e-04
-7.019754400260025872e-04
-7.712477681575550040e-04
-7.056255309650023063e-04
-6.378579741050521834e-04
0.000000000000000000e+00
-7.710736460401644912e-03
-2.360446821621289219e-03
-3.102622831600745489e-03
-1.500887818912850086e-03
-8.642749584557157805e-04
-7.163411530152503232e-04
-9.359304119180761111e-04
-1.016795440273202469e-03
-6.489687194718421134e-04
-8.929731664786841674e-04
-8.638913451957169407e-04
-7.003581909505902925e-04
-8.822984690523346264e-04
-8.496451885844635843e-04
-6.705516750695715567e-04
-8.329255679184440278e-04
-7.999553644813433076e-04
-8.534003231726325703e-04
-1.077148929655749078e-03
-1.079453301130945883e-03
-7.103430471084290270e-04
-1.405950243703746848e-03
-1.062271659591429700e-03
-6.405430668658187998e-04
-7.602366751562191979e-04
-7.843852199324432076e-04
-6.411805631366578398e-04
-7.579045159262862846e-04
-7.373864423054097769e-04
-9.468290172351800232e-04
-8.421240165135264162e-04
-9.186381866744312797e-04
-9.189034158530778786e-04
-8.869963995535751515e-04
-8.682648340155200506e-04
-8.546194103006536256e-04
-8.463432471452030093e-04
-1.230703244622621513e-04
-6.001658314632741240e-05
-1.196481087908322222e-04
-2.628336959688896924e-04
-2.542253603451806281e-04
-3.375309501383200205e-04
-5.570096022672142017e-04
-5.663792876748202643e-04
-4.842091604149003151e-04
-1.830753273300888065e-04
-8.425394061374008418e-04
-7.718554929808220735e-04
-6.287483909482830154e-04
1.287299168977137254e-18
0.000000000000000000e+00
-1.894698699958245226e-03
-9.171228004321804218e-04
-5.677447344749873178e-19
-9.171228004321765187e-04
-4.968121441325744868e-04
-6.781406755335152303e-04
-7.888098321509780242e-04
-7.538779078453267113e-04
-7.997461712929257492e-04
-6.995941587692655270e-04
-6.863185271514477079e-04
-6.943398450330573977e-04
-6.642044686165890542e-04
-4.262040929547920983e-04
-9.036906753030829464e-04
-6.573907992744354748e-04
-6.146620862920336090e-04
-6.481936545505058433e-04
-6.661441142000710820e-04
-5.660709889783366649e-19
-4.968121441325703668e-04
-3.551715235542174951e-04
-6.970919271172028309e-04
-7.968091325576496381e-04
-7.877453273661180061e-04
-6.943842036446070754e-04
-7.856558746291188167e-04
-7.778212720777298583e-04
-6.921047082120131491e-04
-7.760760190794763896e-04
-7.713078910446326568e-04
-6.964638182318362656e-04
-7.719363732204614567e-04
-7.693225828515821204e-04
0.000000000000000000e+00
-5.960350166997301080e-05
0.000000000000000000e+00
-4.056684502672076127e-04
-3.332749891152928662e-04
-4.098818063791405050e-04
-1.920366208506436032e-04
-4.805154662911608919e-04
-6.990526059183611949e-04
-6.257062309784778426e-04
1.156968180247728712e-18
-5.324441084699075540e-19
-6.918213455293781289e-04
-3.026582539619940954e-04
-5.914340996896003816e-04
-5.269258796147830576e-04
-3.006847149654745836e-04
-5.093003127232985025e-04
-4.795292143322535741e-04
-4.653889178947007957e-04
-5.833816403693148703e-04
-5.554566914710854300e-04
-4.234016077812004838e-04
-5.519757971241250755e-04
-5.658706524255454479e-04
-4.000791438129977680e-04
-5.254433524628822350e-04
-5.395191587248696422e-04
-3.960423921936101488e-04
0.000000000000000000e+00
-3.551715235542134293e-04
-2.131020464773987597e-04
-3.912978540887429579e-04
-5.193513853829264532e-04
-5.172692518625237809e-04
-4.869282891837908162e-04
-5.834935367064709652e-04
-5.637672898840756855e-04
-5.408345343773073131e-19
-6.991513891604869994e-04
-6.958462391275641772e-04
-6.953540277600266150e-04
-1.367566129581686274e-04
-1.300912116185387580e-04
-6.666760852225206890e-05
-2.741482942002306834e-04
-2.688262800665445584e-04
-3.391219957170304826e-04
-1.992040574788913557e-04
-5.432642531236216805e-04
-5.501705779478527694e-04
-4.729950408749822527e-04
-6.185998030434439751e-04
-5.034843015848423919e-04
-5.927695983308223227e-04
-6.029889268226173993e-04
-3.200578072598801466e-04
-3.829514635006551473e-04
-4.488869956400244848e-04
-4.207927166217863453e-04
-4.021943709317018362e-04
0.000000000000000000e+00
-2.131020464773946939e-04
-1.513291269809990806e-04
0.000000000000000000e+00
-4.395169983643025090e-04
-4.979369357368829824e-04
-5.210398583437498600e-04
-6.101177005620539787e-04
-6.109064846676250798e-04
-5.279001323428781766e-04
-6.118733523041491526e-04
-6.125199488595120751e-04
-6.173291390587738389e-04
0.000000000000000000e+00
-6.720874808057407390e-05
0.000000000000000000e+00
-2.049094283209976740e-04
-3.880997003922167024e-04
-3.974442313359510988e-04
-3.299527456665971546e-04
-4.644659792587883763e-04
-5.168305819595118544e-04
0.000000000000000000e+00
-1.513291269809956925e-04
-1.411106734781477441e-04
-2.101923673997708672e-04
-2.549448308624507843e-04
-3.347539994688621362e-04
-3.172225692067654683e-04
-1.827503002668405497e-04
-3.089884906809472662e-04
-2.976974778080401828e-04
-1.710032718625477757e-04
-2.906250649899137090e-04
-2.839025166457701042e-04
0.000000000000000000e+00
-3.196634974489069147e-04
-3.559469644370477984e-04
-4.026709120284830551e-04
-4.127751473070300631e-04
-5.282698478893304087e-04
-5.370851925295425187e-04
-1.006136632804811512e-04
-4.898699303463533095e-05
-1.191779661533229687e-04
-2.309573055869534788e-04
-2.531203774134198684e-04
-1.826931374191249555e-04
-3.084410980628187263e-04
-4.579999163675221776e-04
-3.355594774378765910e-04
-4.316938926344964043e-04
-4.220851938143404397e-04
-7.173085602360933162e-19
0.000000000000000000e+00
-1.409912951920846763e-04
-9.855490714033185125e-05
-2.027445655815073369e-04
-1.882150089855719839e-04
-1.524211341029093562e-04
-2.683564627315674495e-04
-1.662534962433345059e-04
-2.335902572261697174e-04
-3.309396386722213753e-04
-3.663872993721590350e-04
-4.430913557649709261e-04
-4.471841862603263829e-04
0.000000000000000000e+00
-4.930012501641036979e-05
0.000000000000000000e+00
-1.648033569466937067e-04
-3.772839702849994405e-04
-2.962566417304944317e-04
-3.535670774900164090e-04
0.000000000000000000e+00
-7.033030655676789868e-19
-9.845386477008288145e-05
-9.137515013342163012e-05
0.000000000000000000e+00
-9.137515013341891961e-05
-8.550163593127524310e-05
0.000000000000000000e+00
-8.550163593127253260e-05
-7.221736460932849102e-05
-1.481627896552043661e-04
-1.516227665560895659e-04
-2.319068074426639849e-04
-2.438695833018788769e-04
-8.201808252545923078e-05
-4.047840223392631628e-05
-9.212381952837999863e-05
-2.067425127717345719e-04
-2.187778295946261452e-04
-1.516489770405251951e-04
-2.837867652401346698e-04
-2.703757918617933666e-04
0.000000000000000000e+00
0.000000000000000000e+00
0.000000000000000000e+00
0.000000000000000000e+00
-7.262650447753370023e-05
-7.247766476286289755e-05
-1.781184921279587233e-04
3.399914759056980873e-06
-3.930908388320112495e-05
0.000000000000000000e+00
-1.440728098963969892e-04
0.000000000000000000e+00
-7.238143744807239155e-05
-1.150904360903296300e-04
