$MeshFormat
4.1 0 8
$EndMeshFormat
$PhysicalNames
2
1 2 "LargerSquareEdges"
1 3 "smallHoleEdges"
$EndPhysicalNames
$Entities
104 104 1 0
5 0.3 0.5 0 0 
6 0.2994080185284815 0.518837155858794 0 0 
7 0.2976344103943434 0.5375999700692913 0 0 
8 0.2946861752186066 0.5562143943757174 0 0 
9 0.2905749483385893 0.5746069661494564 0 0 
10 0.285316954888546 0.5927050983124842 0 0 
11 0.2789329457664754 0.6104373658054034 0 0 
12 0.2714481157398059 0.6277337874695218 0 0 
13 0.262892004013159 0.6445261022305147 0 0 
14 0.2532983776506045 0.660748038493699 0 0 
15 0.2427050983124842 0.6763355756877419 0 0 
16 0.2311539728327368 0.6912271969246069 0 0 
17 0.2186905882264235 0.7053641317786066 0 0 
18 0.2053641317786066 0.7186905882264234 0 0 
19 0.1912271969246069 0.7311539728327368 0 0 
20 0.176335575687742 0.7427050983124842 0 0 
21 0.160748038493699 0.7532983776506046 0 0 
22 0.1445261022305145 0.762892004013159 0 0 
23 0.1277337874695218 0.7714481157398059 0 0 
24 0.1104373658054034 0.7789329457664753 0 0 
25 0.09270509831248423 0.785316954888546 0 0 
26 0.07460696614945642 0.7905749483385893 0 0 
27 0.05621439437571742 0.7946861752186065 0 0 
28 0.03759997006929134 0.7976344103943434 0 0 
29 0.01883715585879406 0.7994080185284815 0 0 
30 1.83697019872103e-17 0.8 0 0 
31 -0.01883715585879402 0.7994080185284815 0 0 
32 -0.03759997006929124 0.7976344103943434 0 0 
33 -0.05621439437571738 0.7946861752186066 0 0 
34 -0.07460696614945646 0.7905749483385893 0 0 
35 -0.09270509831248414 0.7853169548885461 0 0 
36 -0.1104373658054033 0.7789329457664754 0 0 
37 -0.1277337874695218 0.7714481157398059 0 0 
38 -0.1445261022305146 0.762892004013159 0 0 
39 -0.1607480384936991 0.7532983776506045 0 0 
40 -0.1763355756877419 0.7427050983124842 0 0 
41 -0.1912271969246069 0.7311539728327368 0 0 
42 -0.2053641317786066 0.7186905882264234 0 0 
43 -0.2186905882264234 0.7053641317786067 0 0 
44 -0.2311539728327367 0.691227196924607 0 0 
45 -0.2427050983124842 0.6763355756877419 0 0 
46 -0.2532983776506044 0.6607480384936991 0 0 
47 -0.262892004013159 0.6445261022305145 0 0 
48 -0.2714481157398058 0.6277337874695219 0 0 
49 -0.2789329457664754 0.6104373658054034 0 0 
50 -0.285316954888546 0.5927050983124842 0 0 
51 -0.2905749483385893 0.5746069661494566 0 0 
52 -0.2946861752186066 0.5562143943757174 0 0 
53 -0.2976344103943433 0.5375999700692914 0 0 
54 -0.2994080185284815 0.5188371558587941 0 0 
55 -0.3 0.5 0 0 
56 -0.2994080185284815 0.481162844141206 0 0 
57 -0.2976344103943434 0.4624000299307087 0 0 
58 -0.2946861752186066 0.4437856056242826 0 0 
59 -0.2905749483385893 0.4253930338505436 0 0 
60 -0.2853169548885461 0.4072949016875158 0 0 
61 -0.2789329457664754 0.3895626341945966 0 0 
62 -0.2714481157398059 0.3722662125304783 0 0 
63 -0.262892004013159 0.3554738977694854 0 0 
64 -0.2532983776506045 0.3392519615063011 0 0 
65 -0.2427050983124843 0.3236644243122582 0 0 
66 -0.2311539728327368 0.3087728030753931 0 0 
67 -0.2186905882264235 0.2946358682213935 0 0 
68 -0.2053641317786066 0.2813094117735765 0 0 
69 -0.1912271969246069 0.2688460271672632 0 0 
70 -0.176335575687742 0.2572949016875158 0 0 
71 -0.1607480384936989 0.2467016223493954 0 0 
72 -0.1445261022305146 0.237107995986841 0 0 
73 -0.1277337874695216 0.2285518842601941 0 0 
74 -0.1104373658054033 0.2210670542335246 0 0 
75 -0.09270509831248426 0.214683045111454 0 0 
76 -0.07460696614945633 0.2094250516614107 0 0 
77 -0.05621439437571739 0.2053138247813934 0 0 
78 -0.03759997006929137 0.2023655896056567 0 0 
79 -0.01883715585879396 0.2005919814715185 0 0 
80 -5.510910596163089e-17 0.2 0 0 
81 0.01883715585879385 0.2005919814715185 0 0 
82 0.03759997006929127 0.2023655896056566 0 0 
83 0.05621439437571728 0.2053138247813934 0 0 
84 0.07460696614945647 0.2094250516614107 0 0 
85 0.09270509831248416 0.2146830451114539 0 0 
86 0.1104373658054032 0.2210670542335245 0 0 
87 0.1277337874695215 0.228551884260194 0 0 
88 0.1445261022305147 0.237107995986841 0 0 
89 0.160748038493699 0.2467016223493955 0 0 
90 0.1763355756877419 0.2572949016875157 0 0 
91 0.1912271969246068 0.2688460271672631 0 0 
92 0.2053641317786064 0.2813094117735764 0 0 
93 0.2186905882264234 0.2946358682213933 0 0 
94 0.2311539728327368 0.3087728030753931 0 0 
95 0.2427050983124842 0.323664424312258 0 0 
96 0.2532983776506044 0.3392519615063009 0 0 
97 0.2628920040131589 0.3554738977694852 0 0 
98 0.2714481157398058 0.3722662125304781 0 0 
99 0.2789329457664754 0.3895626341945966 0 0 
100 0.285316954888546 0.4072949016875157 0 0 
101 0.2905749483385893 0.4253930338505434 0 0 
102 0.2946861752186066 0.4437856056242826 0 0 
103 0.2976344103943433 0.4624000299307086 0 0 
104 0.2994080185284815 0.481162844141206 0 0 
105 -1 -0.5 0 0 
106 1 -0.5 0 0 
107 -1 1.5 0 0 
108 1 1.5 0 0 
5 0.2994079185284815 0.4999999 -1e-07 0.3000001 0.5188372558587939 1e-07 1 3 2 5 -6 
6 0.2976343103943433 0.518837055858794 -1e-07 0.2994081185284815 0.5376000700692912 1e-07 1 3 2 6 -7 
7 0.2946860752186066 0.5375998700692913 -1e-07 0.2976345103943434 0.5562144943757173 1e-07 1 3 2 7 -8 
8 0.2905748483385893 0.5562142943757175 -1e-07 0.2946862752186066 0.5746070661494563 1e-07 1 3 2 8 -9 
9 0.285316854888546 0.5746068661494564 -1e-07 0.2905750483385893 0.5927051983124841 1e-07 1 3 2 9 -10 
10 0.2789328457664754 0.5927049983124842 -1e-07 0.285317054888546 0.6104374658054034 1e-07 1 3 2 10 -11 
11 0.2714480157398059 0.6104372658054035 -1e-07 0.2789330457664754 0.6277338874695217 1e-07 1 3 2 11 -12 
12 0.262891904013159 0.6277336874695219 -1e-07 0.2714482157398059 0.6445262022305146 1e-07 1 3 2 12 -13 
13 0.2532982776506045 0.6445260022305147 -1e-07 0.262892104013159 0.660748138493699 1e-07 1 3 2 13 -14 
14 0.2427049983124842 0.6607479384936991 -1e-07 0.2532984776506045 0.6763356756877419 1e-07 1 3 2 14 -15 
15 0.2311538728327368 0.676335475687742 -1e-07 0.2427051983124842 0.6912272969246068 1e-07 1 3 2 15 -16 
16 0.2186904882264235 0.6912270969246069 -1e-07 0.2311540728327368 0.7053642317786065 1e-07 1 3 2 16 -17 
17 0.2053640317786066 0.7053640317786066 -1e-07 0.2186906882264235 0.7186906882264233 1e-07 1 3 2 17 -18 
18 0.1912270969246069 0.7186904882264235 -1e-07 0.2053642317786066 0.7311540728327367 1e-07 1 3 2 18 -19 
19 0.176335475687742 0.7311538728327368 -1e-07 0.1912272969246069 0.7427051983124842 1e-07 1 3 2 19 -20 
20 0.1607479384936989 0.7427049983124843 -1e-07 0.176335675687742 0.7532984776506045 1e-07 1 3 2 20 -21 
21 0.1445260022305145 0.7532982776506046 -1e-07 0.160748138493699 0.762892104013159 1e-07 1 3 2 21 -22 
22 0.1277336874695218 0.7628919040131591 -1e-07 0.1445262022305145 0.7714482157398058 1e-07 1 3 2 22 -23 
23 0.1104372658054034 0.7714480157398059 -1e-07 0.1277338874695218 0.7789330457664753 1e-07 1 3 2 23 -24 
24 0.09270499831248423 0.7789328457664754 -1e-07 0.1104374658054034 0.785317054888546 1e-07 1 3 2 24 -25 
25 0.07460686614945641 0.7853168548885461 -1e-07 0.09270519831248424 0.7905750483385893 1e-07 1 3 2 25 -26 
26 0.05621429437571742 0.7905748483385894 -1e-07 0.07460706614945642 0.7946862752186065 1e-07 1 3 2 26 -27 
27 0.03759987006929134 0.7946860752186066 -1e-07 0.05621449437571743 0.7976345103943433 1e-07 1 3 2 27 -28 
28 0.01883705585879406 0.7976343103943434 -1e-07 0.03760007006929134 0.7994081185284815 1e-07 1 3 2 28 -29 
29 -9.999999998205888e-08 0.7994079185284816 -1e-07 0.01883725585879406 0.8000001 1e-07 1 3 2 29 -30 
30 -0.01883725585879402 0.7994079185284816 -1e-07 1.000000000184881e-07 0.8000001 1e-07 1 3 2 30 -31 
31 -0.03760007006929125 0.7976343103943434 -1e-07 -0.01883705585879402 0.7994081185284815 1e-07 1 3 2 31 -32 
32 -0.05621449437571738 0.7946860752186067 -1e-07 -0.03759987006929124 0.7976345103943433 1e-07 1 3 2 32 -33 
33 -0.07460706614945646 0.7905748483385894 -1e-07 -0.05621429437571738 0.7946862752186066 1e-07 1 3 2 33 -34 
34 -0.09270519831248414 0.7853168548885462 -1e-07 -0.07460686614945646 0.7905750483385893 1e-07 1 3 2 34 -35 
35 -0.1104374658054033 0.7789328457664755 -1e-07 -0.09270499831248413 0.7853170548885461 1e-07 1 3 2 35 -36 
36 -0.1277338874695218 0.7714480157398059 -1e-07 -0.1104372658054033 0.7789330457664754 1e-07 1 3 2 36 -37 
37 -0.1445262022305146 0.7628919040131591 -1e-07 -0.1277336874695218 0.7714482157398058 1e-07 1 3 2 37 -38 
38 -0.1607481384936991 0.7532982776506045 -1e-07 -0.1445260022305146 0.762892104013159 1e-07 1 3 2 38 -39 
39 -0.1763356756877419 0.7427049983124843 -1e-07 -0.1607479384936991 0.7532984776506044 1e-07 1 3 2 39 -40 
40 -0.1912272969246069 0.7311538728327368 -1e-07 -0.1763354756877419 0.7427051983124842 1e-07 1 3 2 40 -41 
41 -0.2053642317786066 0.7186904882264235 -1e-07 -0.1912270969246069 0.7311540728327367 1e-07 1 3 2 41 -42 
42 -0.2186906882264234 0.7053640317786067 -1e-07 -0.2053640317786066 0.7186906882264233 1e-07 1 3 2 42 -43 
43 -0.2311540728327367 0.691227096924607 -1e-07 -0.2186904882264234 0.7053642317786066 1e-07 1 3 2 43 -44 
44 -0.2427051983124842 0.676335475687742 -1e-07 -0.2311538728327367 0.6912272969246069 1e-07 1 3 2 44 -45 
45 -0.2532984776506044 0.6607479384936992 -1e-07 -0.2427049983124842 0.6763356756877419 1e-07 1 3 2 45 -46 
46 -0.262892104013159 0.6445260022305146 -1e-07 -0.2532982776506044 0.6607481384936991 1e-07 1 3 2 46 -47 
47 -0.2714482157398058 0.627733687469522 -1e-07 -0.262891904013159 0.6445262022305145 1e-07 1 3 2 47 -48 
48 -0.2789330457664754 0.6104372658054035 -1e-07 -0.2714480157398058 0.6277338874695219 1e-07 1 3 2 48 -49 
49 -0.285317054888546 0.5927049983124842 -1e-07 -0.2789328457664754 0.6104374658054034 1e-07 1 3 2 49 -50 
50 -0.2905750483385893 0.5746068661494567 -1e-07 -0.285316854888546 0.5927051983124841 1e-07 1 3 2 50 -51 
51 -0.2946862752186066 0.5562142943757175 -1e-07 -0.2905748483385893 0.5746070661494566 1e-07 1 3 2 51 -52 
52 -0.2976345103943433 0.5375998700692914 -1e-07 -0.2946860752186066 0.5562144943757173 1e-07 1 3 2 52 -53 
53 -0.2994081185284815 0.5188370558587941 -1e-07 -0.2976343103943433 0.5376000700692913 1e-07 1 3 2 53 -54 
54 -0.3000001 0.4999999 -1e-07 -0.2994079185284815 0.518837255858794 1e-07 1 3 2 54 -55 
55 -0.3000001 0.481162744141206 -1e-07 -0.2994079185284815 0.5000000999999999 1e-07 1 3 2 55 -56 
56 -0.2994081185284815 0.4623999299307087 -1e-07 -0.2976343103943433 0.481162944141206 1e-07 1 3 2 56 -57 
57 -0.2976345103943434 0.4437855056242826 -1e-07 -0.2946860752186066 0.4624001299307087 1e-07 1 3 2 57 -58 
58 -0.2946862752186066 0.4253929338505436 -1e-07 -0.2905748483385893 0.4437857056242826 1e-07 1 3 2 58 -59 
59 -0.2905750483385893 0.4072948016875158 -1e-07 -0.2853168548885461 0.4253931338505436 1e-07 1 3 2 59 -60 
60 -0.2853170548885461 0.3895625341945966 -1e-07 -0.2789328457664754 0.4072950016875158 1e-07 1 3 2 60 -61 
61 -0.2789330457664754 0.3722661125304783 -1e-07 -0.2714480157398059 0.3895627341945966 1e-07 1 3 2 61 -62 
62 -0.2714482157398059 0.3554737977694854 -1e-07 -0.262891904013159 0.3722663125304783 1e-07 1 3 2 62 -63 
63 -0.262892104013159 0.3392518615063011 -1e-07 -0.2532982776506045 0.3554739977694854 1e-07 1 3 2 63 -64 
64 -0.2532984776506045 0.3236643243122582 -1e-07 -0.2427049983124843 0.3392520615063011 1e-07 1 3 2 64 -65 
65 -0.2427051983124843 0.3087727030753931 -1e-07 -0.2311538728327368 0.3236645243122582 1e-07 1 3 2 65 -66 
66 -0.2311540728327368 0.2946357682213935 -1e-07 -0.2186904882264235 0.3087729030753931 1e-07 1 3 2 66 -67 
67 -0.2186906882264235 0.2813093117735765 -1e-07 -0.2053640317786066 0.2946359682213935 1e-07 1 3 2 67 -68 
68 -0.2053642317786066 0.2688459271672632 -1e-07 -0.1912270969246068 0.2813095117735765 1e-07 1 3 2 68 -69 
69 -0.1912272969246069 0.2572948016875158 -1e-07 -0.176335475687742 0.2688461271672632 1e-07 1 3 2 69 -70 
70 -0.176335675687742 0.2467015223493954 -1e-07 -0.1607479384936989 0.2572950016875158 1e-07 1 3 2 70 -71 
71 -0.1607481384936989 0.237107895986841 -1e-07 -0.1445260022305146 0.2467017223493954 1e-07 1 3 2 71 -72 
72 -0.1445262022305146 0.2285517842601941 -1e-07 -0.1277336874695216 0.237108095986841 1e-07 1 3 2 72 -73 
73 -0.1277338874695216 0.2210669542335246 -1e-07 -0.1104372658054033 0.2285519842601941 1e-07 1 3 2 73 -74 
74 -0.1104374658054033 0.214682945111454 -1e-07 -0.09270499831248426 0.2210671542335246 1e-07 1 3 2 74 -75 
75 -0.09270519831248426 0.2094249516614107 -1e-07 -0.07460686614945633 0.214683145111454 1e-07 1 3 2 75 -76 
76 -0.07460706614945634 0.2053137247813934 -1e-07 -0.05621429437571739 0.2094251516614107 1e-07 1 3 2 76 -77 
77 -0.05621449437571739 0.2023654896056567 -1e-07 -0.03759987006929137 0.2053139247813934 1e-07 1 3 2 77 -78 
78 -0.03760007006929138 0.2005918814715185 -1e-07 -0.01883705585879396 0.2023656896056567 1e-07 1 3 2 78 -79 
79 -0.01883725585879396 0.1999999 -1e-07 9.999999994389497e-08 0.2005920814715185 1e-07 1 3 2 79 -80 
80 -1.000000000549173e-07 0.1999999 -1e-07 0.01883725585879385 0.2005920814715185 1e-07 1 3 2 80 -81 
81 0.01883705585879385 0.2005918814715185 -1e-07 0.03760007006929127 0.2023656896056567 1e-07 1 3 2 81 -82 
82 0.03759987006929127 0.2023654896056566 -1e-07 0.05621449437571728 0.2053139247813934 1e-07 1 3 2 82 -83 
83 0.05621429437571727 0.2053137247813934 -1e-07 0.07460706614945647 0.2094251516614107 1e-07 1 3 2 83 -84 
84 0.07460686614945647 0.2094249516614107 -1e-07 0.09270519831248417 0.2146831451114539 1e-07 1 3 2 84 -85 
85 0.09270499831248416 0.2146829451114539 -1e-07 0.1104374658054032 0.2210671542335245 1e-07 1 3 2 85 -86 
86 0.1104372658054032 0.2210669542335245 -1e-07 0.1277338874695216 0.228551984260194 1e-07 1 3 2 86 -87 
87 0.1277336874695215 0.228551784260194 -1e-07 0.1445262022305147 0.237108095986841 1e-07 1 3 2 87 -88 
88 0.1445260022305147 0.237107895986841 -1e-07 0.160748138493699 0.2467017223493955 1e-07 1 3 2 88 -89 
89 0.160747938493699 0.2467015223493955 -1e-07 0.1763356756877419 0.2572950016875157 1e-07 1 3 2 89 -90 
90 0.1763354756877419 0.2572948016875157 -1e-07 0.1912272969246068 0.2688461271672631 1e-07 1 3 2 90 -91 
91 0.1912270969246068 0.2688459271672631 -1e-07 0.2053642317786064 0.2813095117735764 1e-07 1 3 2 91 -92 
92 0.2053640317786064 0.2813093117735764 -1e-07 0.2186906882264234 0.2946359682213933 1e-07 1 3 2 92 -93 
93 0.2186904882264234 0.2946357682213933 -1e-07 0.2311540728327368 0.3087729030753931 1e-07 1 3 2 93 -94 
94 0.2311538728327368 0.3087727030753931 -1e-07 0.2427051983124842 0.323664524312258 1e-07 1 3 2 94 -95 
95 0.2427049983124842 0.323664324312258 -1e-07 0.2532984776506044 0.3392520615063009 1e-07 1 3 2 95 -96 
96 0.2532982776506044 0.3392518615063009 -1e-07 0.2628921040131589 0.3554739977694852 1e-07 1 3 2 96 -97 
97 0.2628919040131589 0.3554737977694852 -1e-07 0.2714482157398058 0.3722663125304781 1e-07 1 3 2 97 -98 
98 0.2714480157398058 0.3722661125304781 -1e-07 0.2789330457664754 0.3895627341945966 1e-07 1 3 2 98 -99 
99 0.2789328457664754 0.3895625341945966 -1e-07 0.285317054888546 0.4072950016875157 1e-07 1 3 2 99 -100 
100 0.285316854888546 0.4072948016875157 -1e-07 0.2905750483385893 0.4253931338505434 1e-07 1 3 2 100 -101 
101 0.2905748483385893 0.4253929338505434 -1e-07 0.2946862752186066 0.4437857056242826 1e-07 1 3 2 101 -102 
102 0.2946860752186066 0.4437855056242826 -1e-07 0.2976345103943433 0.4624001299307086 1e-07 1 3 2 102 -103 
103 0.2976343103943433 0.4623999299307086 -1e-07 0.2994081185284815 0.481162944141206 1e-07 1 3 2 103 -104 
104 0.2994079185284815 0.481162744141206 -1e-07 0.3000001 0.5000000999999999 1e-07 1 3 2 104 -5 
105 -1.0000001 -0.5000000999999999 -1e-07 1.0000001 -0.4999999 1e-07 0 2 105 -106 
106 -1.0000001 -0.5000000999999998 -1e-07 -0.9999999000000001 1.5000001 1e-07 0 2 107 -105 
107 0.9999999000000001 -0.5000000999999998 -1e-07 1.0000001 1.5000001 1e-07 0 2 106 -108 
108 -1.0000001 1.4999999 -1e-07 1.0000001 1.5000001 1e-07 0 2 108 -107 
1 -1.0000001 -0.5000000999999998 -1e-07 1.0000001 1.5000001 1e-07 1 1 104 105 107 108 106 -5 -104 -103 -102 -101 -100 -99 -98 -97 -96 -95 -94 -93 -92 -91 -90 -89 -88 -87 -86 -85 -84 -83 -82 -81 -80 -79 -78 -77 -76 -75 -74 -73 -72 -71 -70 -69 -68 -67 -66 -65 -64 -63 -62 -61 -60 -59 -58 -57 -56 -55 -54 -53 -52 -51 -50 -49 -48 -47 -46 -45 -44 -43 -42 -41 -40 -39 -38 -37 -36 -35 -34 -33 -32 -31 -30 -29 -28 -27 -26 -25 -24 -23 -22 -21 -20 -19 -18 -17 -16 -15 -14 -13 -12 -11 -10 -9 -8 -7 -6 
$EndEntities
$Nodes
209 4703 1 4703
0 5 0 1
1
0.3 0.5 0
0 6 0 1
2
0.2994080185284815 0.518837155858794 0
0 7 0 1
3
0.2976344103943434 0.5375999700692913 0
0 8 0 1
4
0.2946861752186066 0.5562143943757174 0
0 9 0 1
5
0.2905749483385893 0.5746069661494564 0
0 10 0 1
6
0.285316954888546 0.5927050983124842 0
0 11 0 1
7
0.2789329457664754 0.6104373658054034 0
0 12 0 1
8
0.2714481157398059 0.6277337874695218 0
0 13 0 1
9
0.262892004013159 0.6445261022305147 0
0 14 0 1
10
0.2532983776506045 0.660748038493699 0
0 15 0 1
11
0.2427050983124842 0.6763355756877419 0
0 16 0 1
12
0.2311539728327368 0.6912271969246069 0
0 17 0 1
13
0.2186905882264235 0.7053641317786066 0
0 18 0 1
14
0.2053641317786066 0.7186905882264234 0
0 19 0 1
15
0.1912271969246069 0.7311539728327368 0
0 20 0 1
16
0.176335575687742 0.7427050983124842 0
0 21 0 1
17
0.160748038493699 0.7532983776506046 0
0 22 0 1
18
0.1445261022305145 0.762892004013159 0
0 23 0 1
19
0.1277337874695218 0.7714481157398059 0
0 24 0 1
20
0.1104373658054034 0.7789329457664753 0
0 25 0 1
21
0.09270509831248423 0.785316954888546 0
0 26 0 1
22
0.07460696614945642 0.7905749483385893 0
0 27 0 1
23
0.05621439437571742 0.7946861752186065 0
0 28 0 1
24
0.03759997006929134 0.7976344103943434 0
0 29 0 1
25
0.01883715585879406 0.7994080185284815 0
0 30 0 1
26
1.83697019872103e-17 0.8 0
0 31 0 1
27
-0.01883715585879402 0.7994080185284815 0
0 32 0 1
28
-0.03759997006929124 0.7976344103943434 0
0 33 0 1
29
-0.05621439437571738 0.7946861752186066 0
0 34 0 1
30
-0.07460696614945646 0.7905749483385893 0
0 35 0 1
31
-0.09270509831248414 0.7853169548885461 0
0 36 0 1
32
-0.1104373658054033 0.7789329457664754 0
0 37 0 1
33
-0.1277337874695218 0.7714481157398059 0
0 38 0 1
34
-0.1445261022305146 0.762892004013159 0
0 39 0 1
35
-0.1607480384936991 0.7532983776506045 0
0 40 0 1
36
-0.1763355756877419 0.7427050983124842 0
0 41 0 1
37
-0.1912271969246069 0.7311539728327368 0
0 42 0 1
38
-0.2053641317786066 0.7186905882264234 0
0 43 0 1
39
-0.2186905882264234 0.7053641317786067 0
0 44 0 1
40
-0.2311539728327367 0.691227196924607 0
0 45 0 1
41
-0.2427050983124842 0.6763355756877419 0
0 46 0 1
42
-0.2532983776506044 0.6607480384936991 0
0 47 0 1
43
-0.262892004013159 0.6445261022305145 0
0 48 0 1
44
-0.2714481157398058 0.6277337874695219 0
0 49 0 1
45
-0.2789329457664754 0.6104373658054034 0
0 50 0 1
46
-0.285316954888546 0.5927050983124842 0
0 51 0 1
47
-0.2905749483385893 0.5746069661494566 0
0 52 0 1
48
-0.2946861752186066 0.5562143943757174 0
0 53 0 1
49
-0.2976344103943433 0.5375999700692914 0
0 54 0 1
50
-0.2994080185284815 0.5188371558587941 0
0 55 0 1
51
-0.3 0.5 0
0 56 0 1
52
-0.2994080185284815 0.481162844141206 0
0 57 0 1
53
-0.2976344103943434 0.4624000299307087 0
0 58 0 1
54
-0.2946861752186066 0.4437856056242826 0
0 59 0 1
55
-0.2905749483385893 0.4253930338505436 0
0 60 0 1
56
-0.2853169548885461 0.4072949016875158 0
0 61 0 1
57
-0.2789329457664754 0.3895626341945966 0
0 62 0 1
58
-0.2714481157398059 0.3722662125304783 0
0 63 0 1
59
-0.262892004013159 0.3554738977694854 0
0 64 0 1
60
-0.2532983776506045 0.3392519615063011 0
0 65 0 1
61
-0.2427050983124843 0.3236644243122582 0
0 66 0 1
62
-0.2311539728327368 0.3087728030753931 0
0 67 0 1
63
-0.2186905882264235 0.2946358682213935 0
0 68 0 1
64
-0.2053641317786066 0.2813094117735765 0
0 69 0 1
65
-0.1912271969246069 0.2688460271672632 0
0 70 0 1
66
-0.176335575687742 0.2572949016875158 0
0 71 0 1
67
-0.1607480384936989 0.2467016223493954 0
0 72 0 1
68
-0.1445261022305146 0.237107995986841 0
0 73 0 1
69
-0.1277337874695216 0.2285518842601941 0
0 74 0 1
70
-0.1104373658054033 0.2210670542335246 0
0 75 0 1
71
-0.09270509831248426 0.214683045111454 0
0 76 0 1
72
-0.07460696614945633 0.2094250516614107 0
0 77 0 1
73
-0.05621439437571739 0.2053138247813934 0
0 78 0 1
74
-0.03759997006929137 0.2023655896056567 0
0 79 0 1
75
-0.01883715585879396 0.2005919814715185 0
0 80 0 1
76
-5.510910596163089e-17 0.2 0
0 81 0 1
77
0.01883715585879385 0.2005919814715185 0
0 82 0 1
78
0.03759997006929127 0.2023655896056566 0
0 83 0 1
79
0.05621439437571728 0.2053138247813934 0
0 84 0 1
80
0.07460696614945647 0.2094250516614107 0
0 85 0 1
81
0.09270509831248416 0.2146830451114539 0
0 86 0 1
82
0.1104373658054032 0.2210670542335245 0
0 87 0 1
83
0.1277337874695215 0.228551884260194 0
0 88 0 1
84
0.1445261022305147 0.237107995986841 0
0 89 0 1
85
0.160748038493699 0.2467016223493955 0
0 90 0 1
86
0.1763355756877419 0.2572949016875157 0
0 91 0 1
87
0.1912271969246068 0.2688460271672631 0
0 92 0 1
88
0.2053641317786064 0.2813094117735764 0
0 93 0 1
89
0.2186905882264234 0.2946358682213933 0
0 94 0 1
90
0.2311539728327368 0.3087728030753931 0
0 95 0 1
91
0.2427050983124842 0.323664424312258 0
0 96 0 1
92
0.2532983776506044 0.3392519615063009 0
0 97 0 1
93
0.2628920040131589 0.3554738977694852 0
0 98 0 1
94
0.2714481157398058 0.3722662125304781 0
0 99 0 1
95
0.2789329457664754 0.3895626341945966 0
0 100 0 1
96
0.285316954888546 0.4072949016875157 0
0 101 0 1
97
0.2905749483385893 0.4253930338505434 0
0 102 0 1
98
0.2946861752186066 0.4437856056242826 0
0 103 0 1
99
0.2976344103943433 0.4624000299307086 0
0 104 0 1
100
0.2994080185284815 0.481162844141206 0
0 105 0 1
101
-1 -0.5 0
0 106 0 1
102
1 -0.5 0
0 107 0 1
103
-1 1.5 0
0 108 0 1
104
1 1.5 0
1 5 0 0
1 6 0 0
1 7 0 0
1 8 0 0
1 9 0 0
1 10 0 0
1 11 0 0
1 12 0 0
1 13 0 0
1 14 0 0
1 15 0 0
1 16 0 0
1 17 0 0
1 18 0 0
1 19 0 0
1 20 0 0
1 21 0 0
1 22 0 0
1 23 0 0
1 24 0 0
1 25 0 0
1 26 0 0
1 27 0 0
1 28 0 0
1 29 0 0
1 30 0 0
1 31 0 0
1 32 0 0
1 33 0 0
1 34 0 0
1 35 0 0
1 36 0 0
1 37 0 0
1 38 0 0
1 39 0 0
1 40 0 0
1 41 0 0
1 42 0 0
1 43 0 0
1 44 0 0
1 45 0 0
1 46 0 0
1 47 0 0
1 48 0 0
1 49 0 0
1 50 0 0
1 51 0 0
1 52 0 0
1 53 0 0
1 54 0 0
1 55 0 0
1 56 0 0
1 57 0 0
1 58 0 0
1 59 0 0
1 60 0 0
1 61 0 0
1 62 0 0
1 63 0 0
1 64 0 0
1 65 0 0
1 66 0 0
1 67 0 0
1 68 0 0
1 69 0 0
1 70 0 0
1 71 0 0
1 72 0 0
1 73 0 0
1 74 0 0
1 75 0 0
1 76 0 0
1 77 0 0
1 78 0 0
1 79 0 0
1 80 0 0
1 81 0 0
1 82 0 0
1 83 0 0
1 84 0 0
1 85 0 0
1 86 0 0
1 87 0 0
1 88 0 0
1 89 0 0
1 90 0 0
1 91 0 0
1 92 0 0
1 93 0 0
1 94 0 0
1 95 0 0
1 96 0 0
1 97 0 0
1 98 0 0
1 99 0 0
1 100 0 0
1 101 0 0
1 102 0 0
1 103 0 0
1 104 0 0
1 105 0 49
105
106
107
108
109
110
111
112
113
114
115
116
117
118
119
120
121
122
123
124
125
126
127
128
129
130
131
132
133
134
135
136
137
138
139
140
141
142
143
144
145
146
147
148
149
150
151
152
153
-0.96 -0.5 0
-0.92 -0.5 0
-0.88 -0.5 0
-0.84 -0.5 0
-0.8 -0.5 0
-0.76 -0.5 0
-0.72 -0.5 0
-0.6799999999999999 -0.5 0
-0.64 -0.5 0
-0.6 -0.5 0
-0.5600000000000001 -0.5 0
-0.52 -0.5 0
-0.48 -0.5 0
-0.4399999999999999 -0.5 0
-0.4 -0.5 0
-0.36 -0.5 0
-0.32 -0.5 0
-0.28 -0.5 0
-0.24 -0.5 0
-0.2 -0.5 0
-0.16 -0.5 0
-0.12 -0.5 0
-0.07999999999999996 -0.5 0
-0.04000000000000004 -0.5 0
0 -0.5 0
0.04000000000000004 -0.5 0
0.08000000000000007 -0.5 0
0.1200000000000001 -0.5 0
0.1599999999999999 -0.5 0
0.2 -0.5 0
0.24 -0.5 0
0.28 -0.5 0
0.3200000000000001 -0.5 0
0.3600000000000001 -0.5 0
0.3999999999999999 -0.5 0
0.4399999999999999 -0.5 0
0.48 -0.5 0
0.52 -0.5 0
0.5600000000000001 -0.5 0
0.6000000000000001 -0.5 0
0.6399999999999999 -0.5 0
0.6799999999999999 -0.5 0
0.72 -0.5 0
0.76 -0.5 0
0.8 -0.5 0
0.8400000000000001 -0.5 0
0.8799999999999999 -0.5 0
0.9199999999999999 -0.5 0
0.96 -0.5 0
1 106 0 49
154
155
156
157
158
159
160
161
162
163
164
165
166
167
168
169
170
171
172
173
174
175
176
177
178
179
180
181
182
183
184
185
186
187
188
189
190
191
192
193
194
195
196
197
198
199
200
201
202
-1 1.46 0
-1 1.42 0
-1 1.38 0
-1 1.34 0
-1 1.3 0
-1 1.26 0
-1 1.22 0
-1 1.18 0
-1 1.14 0
-1 1.1 0
-1 1.06 0
-1 1.02 0
-1 0.98 0
-1 0.9399999999999999 0
-1 0.9 0
-1 0.86 0
-1 0.82 0
-1 0.78 0
-1 0.74 0
-1 0.7 0
-1 0.66 0
-1 0.62 0
-1 0.58 0
-1 0.54 0
-1 0.5 0
-1 0.46 0
-1 0.4199999999999999 0
-1 0.3799999999999999 0
-1 0.3400000000000001 0
-1 0.3 0
-1 0.26 0
-1 0.22 0
-1 0.1799999999999999 0
-1 0.1399999999999999 0
-1 0.1000000000000001 0
-1 0.06000000000000005 0
-1 0.02000000000000002 0
-1 -0.02000000000000002 0
-1 -0.06000000000000005 0
-1 -0.1000000000000001 0
-1 -0.1399999999999999 0
-1 -0.1799999999999999 0
-1 -0.22 0
-1 -0.26 0
-1 -0.3 0
-1 -0.3400000000000001 0
-1 -0.3799999999999999 0
-1 -0.4199999999999999 0
-1 -0.46 0
1 107 0 49
203
204
205
206
207
208
209
210
211
212
213
214
215
216
217
218
219
220
221
222
223
224
225
226
227
228
229
230
231
232
233
234
235
236
237
238
239
240
241
242
243
244
245
246
247
248
249
250
251
1 -0.46 0
1 -0.42 0
1 -0.38 0
1 -0.34 0
1 -0.3 0
1 -0.26 0
1 -0.22 0
1 -0.18 0
1 -0.14 0
1 -0.09999999999999998 0
1 -0.06 0
1 -0.02000000000000002 0
1 0.02000000000000002 0
1 0.06000000000000005 0
1 0.09999999999999998 0
1 0.14 0
1 0.18 0
1 0.22 0
1 0.26 0
1 0.3 0
1 0.34 0
1 0.38 0
1 0.42 0
1 0.46 0
1 0.5 0
1 0.54 0
1 0.5800000000000001 0
1 0.6200000000000001 0
1 0.6599999999999999 0
1 0.7 0
1 0.74 0
1 0.78 0
1 0.8200000000000001 0
1 0.8600000000000001 0
1 0.8999999999999999 0
1 0.9399999999999999 0
1 0.98 0
1 1.02 0
1 1.06 0
1 1.1 0
1 1.14 0
1 1.18 0
1 1.22 0
1 1.26 0
1 1.3 0
1 1.34 0
1 1.38 0
1 1.42 0
1 1.46 0
1 108 0 49
252
253
254
255
256
257
258
259
260
261
262
263
264
265
266
267
268
269
270
271
272
273
274
275
276
277
278
279
280
281
282
283
284
285
286
287
288
289
290
291
292
293
294
295
296
297
298
299
300
0.96 1.5 0
0.92 1.5 0
0.88 1.5 0
0.84 1.5 0
0.8 1.5 0
0.76 1.5 0
0.72 1.5 0
0.6799999999999999 1.5 0
0.64 1.5 0
0.6 1.5 0
0.5600000000000001 1.5 0
0.52 1.5 0
0.48 1.5 0
0.4399999999999999 1.5 0
0.4 1.5 0
0.36 1.5 0
0.32 1.5 0
0.28 1.5 0
0.24 1.5 0
0.2 1.5 0
0.16 1.5 0
0.12 1.5 0
0.07999999999999996 1.5 0
0.04000000000000004 1.5 0
0 1.5 0
-0.04000000000000004 1.5 0
-0.08000000000000007 1.5 0
-0.1200000000000001 1.5 0
-0.1599999999999999 1.5 0
-0.2 1.5 0
-0.24 1.5 0
-0.28 1.5 0
-0.3200000000000001 1.5 0
-0.3600000000000001 1.5 0
-0.3999999999999999 1.5 0
-0.4399999999999999 1.5 0
-0.48 1.5 0
-0.52 1.5 0
-0.5600000000000001 1.5 0
-0.6000000000000001 1.5 0
-0.6399999999999999 1.5 0
-0.6799999999999999 1.5 0
-0.72 1.5 0
-0.76 1.5 0
-0.8 1.5 0
-0.8400000000000001 1.5 0
-0.8799999999999999 1.5 0
-0.9199999999999999 1.5 0
-0.96 1.5 0
2 1 0 4403
301
302
303
304
305
306
307
308
309
310
311
312
313
314
315
316
317
318
319
320
321
322
323
324
325
326
327
328
329
330
331
332
333
334
335
336
337
338
339
340
341
342
343
344
345
346
347
348
349
350
351
352
353
354
355
356
357
358
359
360
361
362
363
364
365
366
367
368
369
370
371
372
373
374
375
376
377
378
379
380
381
382
383
384
385
386
387
388
389
390
391
392
393
394
395
396
397
398
399
400
401
402
403
404
405
406
407
408
409
410
411
412
413
414
415
416
417
418
419
420
421
422
423
424
425
426
427
428
429
430
431
432
433
434
435
436
437
438
439
440
441
442
443
444
445
446
447
448
449
450
451
452
453
454
455
456
457
458
459
460
461
462
463
464
465
466
467
468
469
470
471
472
473
474
475
476
477
478
479
480
481
482
483
484
485
486
487
488
489
490
491
492
493
494
495
496
497
498
499
500
501
502
503
504
505
506
507
508
509
510
511
512
513
514
515
516
517
518
519
520
521
522
523
524
525
526
527
528
529
530
531
532
533
534
535
536
537
538
539
540
541
542
543
544
545
546
547
548
549
550
551
552
553
554
555
556
557
558
559
560
561
562
563
564
565
566
567
568
569
570
571
572
573
574
575
576
577
578
579
580
581
582
583
584
585
586
587
588
589
590
591
592
593
594
595
596
597
598
599
600
601
602
603
604
605
606
607
608
609
610
611
612
613
614
615
616
617
618
619
620
621
622
623
624
625
626
627
628
629
630
631
632
633
634
635
636
637
638
639
640
641
642
643
644
645
646
647
648
649
650
651
652
653
654
655
656
657
658
659
660
661
662
663
664
665
666
667
668
669
670
671
672
673
674
675
676
677
678
679
680
681
682
683
684
685
686
687
688
689
690
691
692
693
694
695
696
697
698
699
700
701
702
703
704
705
706
707
708
709
710
711
712
713
714
715
716
717
718
719
720
721
722
723
724
725
726
727
728
729
730
731
732
733
734
735
736
737
738
739
740
741
742
743
744
745
746
747
748
749
750
751
752
753
754
755
756
757
758
759
760
761
762
763
764
765
766
767
768
769
770
771
772
773
774
775
776
777
778
779
780
781
782
783
784
785
786
787
788
789
790
791
792
793
794
795
796
797
798
799
800
801
802
803
804
805
806
807
808
809
810
811
812
813
814
815
816
817
818
819
820
821
822
823
824
825
826
827
828
829
830
831
832
833
834
835
836
837
838
839
840
841
842
843
844
845
846
847
848
849
850
851
852
853
854
855
856
857
858
859
860
861
862
863
864
865
866
867
868
869
870
871
872
873
874
875
876
877
878
879
880
881
882
883
884
885
886
887
888
889
890
891
892
893
894
895
896
897
898
899
900
901
902
903
904
905
906
907
908
909
910
911
912
913
914
915
916
917
918
919
920
921
922
923
924
925
926
927
928
929
930
931
932
933
934
935
936
937
938
939
940
941
942
943
944
945
946
947
948
949
950
951
952
953
954
955
956
957
958
959
960
961
962
963
964
965
966
967
968
969
970
971
972
973
974
975
976
977
978
979
980
981
982
983
984
985
986
987
988
989
990
991
992
993
994
995
996
997
998
999
1000
1001
1002
1003
1004
1005
1006
1007
1008
1009
1010
1011
1012
1013
1014
1015
1016
1017
1018
1019
1020
1021
1022
1023
1024
1025
1026
1027
1028
1029
1030
1031
1032
1033
1034
1035
1036
1037
1038
1039
1040
1041
1042
1043
1044
1045
1046
1047
1048
1049
1050
1051
1052
1053
1054
1055
1056
1057
1058
1059
1060
1061
1062
1063
1064
1065
1066
1067
1068
1069
1070
1071
1072
1073
1074
1075
1076
1077
1078
1079
1080
1081
1082
1083
1084
1085
1086
1087
1088
1089
1090
1091
1092
1093
1094
1095
1096
1097
1098
1099
1100
1101
1102
1103
1104
1105
1106
1107
1108
1109
1110
1111
1112
1113
1114
1115
1116
1117
1118
1119
1120
1121
1122
1123
1124
1125
1126
1127
1128
1129
1130
1131
1132
1133
1134
1135
1136
1137
1138
1139
1140
1141
1142
1143
1144
1145
1146
1147
1148
1149
1150
1151
1152
1153
1154
1155
1156
1157
1158
1159
1160
1161
1162
1163
1164
1165
1166
1167
1168
1169
1170
1171
1172
1173
1174
1175
1176
1177
1178
1179
1180
1181
1182
1183
1184
1185
1186
1187
1188
1189
1190
1191
1192
1193
1194
1195
1196
1197
1198
1199
1200
1201
1202
1203
1204
1205
1206
1207
1208
1209
1210
1211
1212
1213
1214
1215
1216
1217
1218
1219
1220
1221
1222
1223
1224
1225
1226
1227
1228
1229
1230
1231
1232
1233
1234
1235
1236
1237
1238
1239
1240
1241
1242
1243
1244
1245
1246
1247
1248
1249
1250
1251
1252
1253
1254
1255
1256
1257
1258
1259
1260
1261
1262
1263
1264
1265
1266
1267
1268
1269
1270
1271
1272
1273
1274
1275
1276
1277
1278
1279
1280
1281
1282
1283
1284
1285
1286
1287
1288
1289
1290
1291
1292
1293
1294
1295
1296
1297
1298
1299
1300
1301
1302
1303
1304
1305
1306
1307
1308
1309
1310
1311
1312
1313
1314
1315
1316
1317
1318
1319
1320
1321
1322
1323
1324
1325
1326
1327
1328
1329
1330
1331
1332
1333
1334
1335
1336
1337
1338
1339
1340
1341
1342
1343
1344
1345
1346
1347
1348
1349
1350
1351
1352
1353
1354
1355
1356
1357
1358
1359
1360
1361
1362
1363
1364
1365
1366
1367
1368
1369
1370
1371
1372
1373
1374
1375
1376
1377
1378
1379
1380
1381
1382
1383
1384
1385
1386
1387
1388
1389
1390
1391
1392
1393
1394
1395
1396
1397
1398
1399
1400
1401
1402
1403
1404
1405
1406
1407
1408
1409
1410
1411
1412
1413
1414
1415
1416
1417
1418
1419
1420
1421
1422
1423
1424
1425
1426
1427
1428
1429
1430
1431
1432
1433
1434
1435
1436
1437
1438
1439
1440
1441
1442
1443
1444
1445
1446
1447
1448
1449
1450
1451
1452
1453
1454
1455
1456
1457
1458
1459
1460
1461
1462
1463
1464
1465
1466
1467
1468
1469
1470
1471
1472
1473
1474
1475
1476
1477
1478
1479
1480
1481
1482
1483
1484
1485
1486
1487
1488
1489
1490
1491
1492
1493
1494
1495
1496
1497
1498
1499
1500
1501
1502
1503
1504
1505
1506
1507
1508
1509
1510
1511
1512
1513
1514
1515
1516
1517
1518
1519
1520
1521
1522
1523
1524
1525
1526
1527
1528
1529
1530
1531
1532
1533
1534
1535
1536
1537
1538
1539
1540
1541
1542
1543
1544
1545
1546
1547
1548
1549
1550
1551
1552
1553
1554
1555
1556
1557
1558
1559
1560
1561
1562
1563
1564
1565
1566
1567
1568
1569
1570
1571
1572
1573
1574
1575
1576
1577
1578
1579
1580
1581
1582
1583
1584
1585
1586
1587
1588
1589
1590
1591
1592
1593
1594
1595
1596
1597
1598
1599
1600
1601
1602
1603
1604
1605
1606
1607
1608
1609
1610
1611
1612
1613
1614
1615
1616
1617
1618
1619
1620
1621
1622
1623
1624
1625
1626
1627
1628
1629
1630
1631
1632
1633
1634
1635
1636
1637
1638
1639
1640
1641
1642
1643
1644
1645
1646
1647
1648
1649
1650
1651
1652
1653
1654
1655
1656
1657
1658
1659
1660
1661
1662
1663
1664
1665
1666
1667
1668
1669
1670
1671
1672
1673
1674
1675
1676
1677
1678
1679
1680
1681
1682
1683
1684
1685
1686
1687
1688
1689
1690
1691
1692
1693
1694
1695
1696
1697
1698
1699
1700
1701
1702
1703
1704
1705
1706
1707
1708
1709
1710
1711
1712
1713
1714
1715
1716
1717
1718
1719
1720
1721
1722
1723
1724
1725
1726
1727
1728
1729
1730
1731
1732
1733
1734
1735
1736
1737
1738
1739
1740
1741
1742
1743
1744
1745
1746
1747
1748
1749
1750
1751
1752
1753
1754
1755
1756
1757
1758
1759
1760
1761
1762
1763
1764
1765
1766
1767
1768
1769
1770
1771
1772
1773
1774
1775
1776
1777
1778
1779
1780
1781
1782
1783
1784
1785
1786
1787
1788
1789
1790
1791
1792
1793
1794
1795
1796
1797
1798
1799
1800
1801
1802
1803
1804
1805
1806
1807
1808
1809
1810
1811
1812
1813
1814
1815
1816
1817
1818
1819
1820
1821
1822
1823
1824
1825
1826
1827
1828
1829
1830
1831
1832
1833
1834
1835
1836
1837
1838
1839
1840
1841
1842
1843
1844
1845
1846
1847
1848
1849
1850
1851
1852
1853
1854
1855
1856
1857
1858
1859
1860
1861
1862
1863
1864
1865
1866
1867
1868
1869
1870
1871
1872
1873
1874
1875
1876
1877
1878
1879
1880
1881
1882
1883
1884
1885
1886
1887
1888
1889
1890
1891
1892
1893
1894
1895
1896
1897
1898
1899
1900
1901
1902
1903
1904
1905
1906
1907
1908
1909
1910
1911
1912
1913
1914
1915
1916
1917
1918
1919
1920
1921
1922
1923
1924
1925
1926
1927
1928
1929
1930
1931
1932
1933
1934
1935
1936
1937
1938
1939
1940
1941
1942
1943
1944
1945
1946
1947
1948
1949
1950
1951
1952
1953
1954
1955
1956
1957
1958
1959
1960
1961
1962
1963
1964
1965
1966
1967
1968
1969
1970
1971
1972
1973
1974
1975
1976
1977
1978
1979
1980
1981
1982
1983
1984
1985
1986
1987
1988
1989
1990
1991
1992
1993
1994
1995
1996
1997
1998
1999
2000
2001
2002
2003
2004
2005
2006
2007
2008
2009
2010
2011
2012
2013
2014
2015
2016
2017
2018
2019
2020
2021
2022
2023
2024
2025
2026
2027
2028
2029
2030
2031
2032
2033
2034
2035
2036
2037
2038
2039
2040
2041
2042
2043
2044
2045
2046
2047
2048
2049
2050
2051
2052
2053
2054
2055
2056
2057
2058
2059
2060
2061
2062
2063
2064
2065
2066
2067
2068
2069
2070
2071
2072
2073
2074
2075
2076
2077
2078
2079
2080
2081
2082
2083
2084
2085
2086
2087
2088
2089
2090
2091
2092
2093
2094
2095
2096
2097
2098
2099
2100
2101
2102
2103
2104
2105
2106
2107
2108
2109
2110
2111
2112
2113
2114
2115
2116
2117
2118
2119
2120
2121
2122
2123
2124
2125
2126
2127
2128
2129
2130
2131
2132
2133
2134
2135
2136
2137
2138
2139
2140
2141
2142
2143
2144
2145
2146
2147
2148
2149
2150
2151
2152
2153
2154
2155
2156
2157
2158
2159
2160
2161
2162
2163
2164
2165
2166
2167
2168
2169
2170
2171
2172
2173
2174
2175
2176
2177
2178
2179
2180
2181
2182
2183
2184
2185
2186
2187
2188
2189
2190
2191
2192
2193
2194
2195
2196
2197
2198
2199
2200
2201
2202
2203
2204
2205
2206
2207
2208
2209
2210
2211
2212
2213
2214
2215
2216
2217
2218
2219
2220
2221
2222
2223
2224
2225
2226
2227
2228
2229
2230
2231
2232
2233
2234
2235
2236
2237
2238
2239
2240
2241
2242
2243
2244
2245
2246
2247
2248
2249
2250
2251
2252
2253
2254
2255
2256
2257
2258
2259
2260
2261
2262
2263
2264
2265
2266
2267
2268
2269
2270
2271
2272
2273
2274
2275
2276
2277
2278
2279
2280
2281
2282
2283
2284
2285
2286
2287
2288
2289
2290
2291
2292
2293
2294
2295
2296
2297
2298
2299
2300
2301
2302
2303
2304
2305
2306
2307
2308
2309
2310
2311
2312
2313
2314
2315
2316
2317
2318
2319
2320
2321
2322
2323
2324
2325
2326
2327
2328
2329
2330
2331
2332
2333
2334
2335
2336
2337
2338
2339
2340
2341
2342
2343
2344
2345
2346
2347
2348
2349
2350
2351
2352
2353
2354
2355
2356
2357
2358
2359
2360
2361
2362
2363
2364
2365
2366
2367
2368
2369
2370
2371
2372
2373
2374
2375
2376
2377
2378
2379
2380
2381
2382
2383
2384
2385
2386
2387
2388
2389
2390
2391
2392
2393
2394
2395
2396
2397
2398
2399
2400
2401
2402
2403
2404
2405
2406
2407
2408
2409
2410
2411
2412
2413
2414
2415
2416
2417
2418
2419
2420
2421
2422
2423
2424
2425
2426
2427
2428
2429
2430
2431
2432
2433
2434
2435
2436
2437
2438
2439
2440
2441
2442
2443
2444
2445
2446
2447
2448
2449
2450
2451
2452
2453
2454
2455
2456
2457
2458
2459
2460
2461
2462
2463
2464
2465
2466
2467
2468
2469
2470
2471
2472
2473
2474
2475
2476
2477
2478
2479
2480
2481
2482
2483
2484
2485
2486
2487
2488
2489
2490
2491
2492
2493
2494
2495
2496
2497
2498
2499
2500
2501
2502
2503
2504
2505
2506
2507
2508
2509
2510
2511
2512
2513
2514
2515
2516
2517
2518
2519
2520
2521
2522
2523
2524
2525
2526
2527
2528
2529
2530
2531
2532
2533
2534
2535
2536
2537
2538
2539
2540
2541
2542
2543
2544
2545
2546
2547
2548
2549
2550
2551
2552
2553
2554
2555
2556
2557
2558
2559
2560
2561
2562
2563
2564
2565
2566
2567
2568
2569
2570
2571
2572
2573
2574
2575
2576
2577
2578
2579
2580
2581
2582
2583
2584
2585
2586
2587
2588
2589
2590
2591
2592
2593
2594
2595
2596
2597
2598
2599
2600
2601
2602
2603
2604
2605
2606
2607
2608
2609
2610
2611
2612
2613
2614
2615
2616
2617
2618
2619
2620
2621
2622
2623
2624
2625
2626
2627
2628
2629
2630
2631
2632
2633
2634
2635
2636
2637
2638
2639
2640
2641
2642
2643
2644
2645
2646
2647
2648
2649
2650
2651
2652
2653
2654
2655
2656
2657
2658
2659
2660
2661
2662
2663
2664
2665
2666
2667
2668
2669
2670
2671
2672
2673
2674
2675
2676
2677
2678
2679
2680
2681
2682
2683
2684
2685
2686
2687
2688
2689
2690
2691
2692
2693
2694
2695
2696
2697
2698
2699
2700
2701
2702
2703
2704
2705
2706
2707
2708
2709
2710
2711
2712
2713
2714
2715
2716
2717
2718
2719
2720
2721
2722
2723
2724
2725
2726
2727
2728
2729
2730
2731
2732
2733
2734
2735
2736
2737
2738
2739
2740
2741
2742
2743
2744
2745
2746
2747
2748
2749
2750
2751
2752
2753
2754
2755
2756
2757
2758
2759
2760
2761
2762
2763
2764
2765
2766
2767
2768
2769
2770
2771
2772
2773
2774
2775
2776
2777
2778
2779
2780
2781
2782
2783
2784
2785
2786
2787
2788
2789
2790
2791
2792
2793
2794
2795
2796
2797
2798
2799
2800
2801
2802
2803
2804
2805
2806
2807
2808
2809
2810
2811
2812
2813
2814
2815
2816
2817
2818
2819
2820
2821
2822
2823
2824
2825
2826
2827
2828
2829
2830
2831
2832
2833
2834
2835
2836
2837
2838
2839
2840
2841
2842
2843
2844
2845
2846
2847
2848
2849
2850
2851
2852
2853
2854
2855
2856
2857
2858
2859
2860
2861
2862
2863
2864
2865
2866
2867
2868
2869
2870
2871
2872
2873
2874
2875
2876
2877
2878
2879
2880
2881
2882
2883
2884
2885
2886
2887
2888
2889
2890
2891
2892
2893
2894
2895
2896
2897
2898
2899
2900
2901
2902
2903
2904
2905
2906
2907
2908
2909
2910
2911
2912
2913
2914
2915
2916
2917
2918
2919
2920
2921
2922
2923
2924
2925
2926
2927
2928
2929
2930
2931
2932
2933
2934
2935
2936
2937
2938
2939
2940
2941
2942
2943
2944
2945
2946
2947
2948
2949
2950
2951
2952
2953
2954
2955
2956
2957
2958
2959
2960
2961
2962
2963
2964
2965
2966
2967
2968
2969
2970
2971
2972
2973
2974
2975
2976
2977
2978
2979
2980
2981
2982
2983
2984
2985
2986
2987
2988
2989
2990
2991
2992
2993
2994
2995
2996
2997
2998
2999
3000
3001
3002
3003
3004
3005
3006
3007
3008
3009
3010
3011
3012
3013
3014
3015
3016
3017
3018
3019
3020
3021
3022
3023
3024
3025
3026
3027
3028
3029
3030
3031
3032
3033
3034
3035
3036
3037
3038
3039
3040
3041
3042
3043
3044
3045
3046
3047
3048
3049
3050
3051
3052
3053
3054
3055
3056
3057
3058
3059
3060
3061
3062
3063
3064
3065
3066
3067
3068
3069
3070
3071
3072
3073
3074
3075
3076
3077
3078
3079
3080
3081
3082
3083
3084
3085
3086
3087
3088
3089
3090
3091
3092
3093
3094
3095
3096
3097
3098
3099
3100
3101
3102
3103
3104
3105
3106
3107
3108
3109
3110
3111
3112
3113
3114
3115
3116
3117
3118
3119
3120
3121
3122
3123
3124
3125
3126
3127
3128
3129
3130
3131
3132
3133
3134
3135
3136
3137
3138
3139
3140
3141
3142
3143
3144
3145
3146
3147
3148
3149
3150
3151
3152
3153
3154
3155
3156
3157
3158
3159
3160
3161
3162
3163
3164
3165
3166
3167
3168
3169
3170
3171
3172
3173
3174
3175
3176
3177
3178
3179
3180
3181
3182
3183
3184
3185
3186
3187
3188
3189
3190
3191
3192
3193
3194
3195
3196
3197
3198
3199
3200
3201
3202
3203
3204
3205
3206
3207
3208
3209
3210
3211
3212
3213
3214
3215
3216
3217
3218
3219
3220
3221
3222
3223
3224
3225
3226
3227
3228
3229
3230
3231
3232
3233
3234
3235
3236
3237
3238
3239
3240
3241
3242
3243
3244
3245
3246
3247
3248
3249
3250
3251
3252
3253
3254
3255
3256
3257
3258
3259
3260
3261
3262
3263
3264
3265
3266
3267
3268
3269
3270
3271
3272
3273
3274
3275
3276
3277
3278
3279
3280
3281
3282
3283
3284
3285
3286
3287
3288
3289
3290
3291
3292
3293
3294
3295
3296
3297
3298
3299
3300
3301
3302
3303
3304
3305
3306
3307
3308
3309
3310
3311
3312
3313
3314
3315
3316
3317
3318
3319
3320
3321
3322
3323
3324
3325
3326
3327
3328
3329
3330
3331
3332
3333
3334
3335
3336
3337
3338
3339
3340
3341
3342
3343
3344
3345
3346
3347
3348
3349
3350
3351
3352
3353
3354
3355
3356
3357
3358
3359
3360
3361
3362
3363
3364
3365
3366
3367
3368
3369
3370
3371
3372
3373
3374
3375
3376
3377
3378
3379
3380
3381
3382
3383
3384
3385
3386
3387
3388
3389
3390
3391
3392
3393
3394
3395
3396
3397
3398
3399
3400
3401
3402
3403
3404
3405
3406
3407
3408
3409
3410
3411
3412
3413
3414
3415
3416
3417
3418
3419
3420
3421
3422
3423
3424
3425
3426
3427
3428
3429
3430
3431
3432
3433
3434
3435
3436
3437
3438
3439
3440
3441
3442
3443
3444
3445
3446
3447
3448
3449
3450
3451
3452
3453
3454
3455
3456
3457
3458
3459
3460
3461
3462
3463
3464
3465
3466
3467
3468
3469
3470
3471
3472
3473
3474
3475
3476
3477
3478
3479
3480
3481
3482
3483
3484
3485
3486
3487
3488
3489
3490
3491
3492
3493
3494
3495
3496
3497
3498
3499
3500
3501
3502
3503
3504
3505
3506
3507
3508
3509
3510
3511
3512
3513
3514
3515
3516
3517
3518
3519
3520
3521
3522
3523
3524
3525
3526
3527
3528
3529
3530
3531
3532
3533
3534
3535
3536
3537
3538
3539
3540
3541
3542
3543
3544
3545
3546
3547
3548
3549
3550
3551
3552
3553
3554
3555
3556
3557
3558
3559
3560
3561
3562
3563
3564
3565
3566
3567
3568
3569
3570
3571
3572
3573
3574
3575
3576
3577
3578
3579
3580
3581
3582
3583
3584
3585
3586
3587
3588
3589
3590
3591
3592
3593
3594
3595
3596
3597
3598
3599
3600
3601
3602
3603
3604
3605
3606
3607
3608
3609
3610
3611
3612
3613
3614
3615
3616
3617
3618
3619
3620
3621
3622
3623
3624
3625
3626
3627
3628
3629
3630
3631
3632
3633
3634
3635
3636
3637
3638
3639
3640
3641
3642
3643
3644
3645
3646
3647
3648
3649
3650
3651
3652
3653
3654
3655
3656
3657
3658
3659
3660
3661
3662
3663
3664
3665
3666
3667
3668
3669
3670
3671
3672
3673
3674
3675
3676
3677
3678
3679
3680
3681
3682
3683
3684
3685
3686
3687
3688
3689
3690
3691
3692
3693
3694
3695
3696
3697
3698
3699
3700
3701
3702
3703
3704
3705
3706
3707
3708
3709
3710
3711
3712
3713
3714
3715
3716
3717
3718
3719
3720
3721
3722
3723
3724
3725
3726
3727
3728
3729
3730
3731
3732
3733
3734
3735
3736
3737
3738
3739
3740
3741
3742
3743
3744
3745
3746
3747
3748
3749
3750
3751
3752
3753
3754
3755
3756
3757
3758
3759
3760
3761
3762
3763
3764
3765
3766
3767
3768
3769
3770
3771
3772
3773
3774
3775
3776
3777
3778
3779
3780
3781
3782
3783
3784
3785
3786
3787
3788
3789
3790
3791
3792
3793
3794
3795
3796
3797
3798
3799
3800
3801
3802
3803
3804
3805
3806
3807
3808
3809
3810
3811
3812
3813
3814
3815
3816
3817
3818
3819
3820
3821
3822
3823
3824
3825
3826
3827
3828
3829
3830
3831
3832
3833
3834
3835
3836
3837
3838
3839
3840
3841
3842
3843
3844
3845
3846
3847
3848
3849
3850
3851
3852
3853
3854
3855
3856
3857
3858
3859
3860
3861
3862
3863
3864
3865
3866
3867
3868
3869
3870
3871
3872
3873
3874
3875
3876
3877
3878
3879
3880
3881
3882
3883
3884
3885
3886
3887
3888
3889
3890
3891
3892
3893
3894
3895
3896
3897
3898
3899
3900
3901
3902
3903
3904
3905
3906
3907
3908
3909
3910
3911
3912
3913
3914
3915
3916
3917
3918
3919
3920
3921
3922
3923
3924
3925
3926
3927
3928
3929
3930
3931
3932
3933
3934
3935
3936
3937
3938
3939
3940
3941
3942
3943
3944
3945
3946
3947
3948
3949
3950
3951
3952
3953
3954
3955
3956
3957
3958
3959
3960
3961
3962
3963
3964
3965
3966
3967
3968
3969
3970
3971
3972
3973
3974
3975
3976
3977
3978
3979
3980
3981
3982
3983
3984
3985
3986
3987
3988
3989
3990
3991
3992
3993
3994
3995
3996
3997
3998
3999
4000
4001
4002
4003
4004
4005
4006
4007
4008
4009
4010
4011
4012
4013
4014
4015
4016
4017
4018
4019
4020
4021
4022
4023
4024
4025
4026
4027
4028
4029
4030
4031
4032
4033
4034
4035
4036
4037
4038
4039
4040
4041
4042
4043
4044
4045
4046
4047
4048
4049
4050
4051
4052
4053
4054
4055
4056
4057
4058
4059
4060
4061
4062
4063
4064
4065
4066
4067
4068
4069
4070
4071
4072
4073
4074
4075
4076
4077
4078
4079
4080
4081
4082
4083
4084
4085
4086
4087
4088
4089
4090
4091
4092
4093
4094
4095
4096
4097
4098
4099
4100
4101
4102
4103
4104
4105
4106
4107
4108
4109
4110
4111
4112
4113
4114
4115
4116
4117
4118
4119
4120
4121
4122
4123
4124
4125
4126
4127
4128
4129
4130
4131
4132
4133
4134
4135
4136
4137
4138
4139
4140
4141
4142
4143
4144
4145
4146
4147
4148
4149
4150
4151
4152
4153
4154
4155
4156
4157
4158
4159
4160
4161
4162
4163
4164
4165
4166
4167
4168
4169
4170
4171
4172
4173
4174
4175
4176
4177
4178
4179
4180
4181
4182
4183
4184
4185
4186
4187
4188
4189
4190
4191
4192
4193
4194
4195
4196
4197
4198
4199
4200
4201
4202
4203
4204
4205
4206
4207
4208
4209
4210
4211
4212
4213
4214
4215
4216
4217
4218
4219
4220
4221
4222
4223
4224
4225
4226
4227
4228
4229
4230
4231
4232
4233
4234
4235
4236
4237
4238
4239
4240
4241
4242
4243
4244
4245
4246
4247
4248
4249
4250
4251
4252
4253
4254
4255
4256
4257
4258
4259
4260
4261
4262
4263
4264
4265
4266
4267
4268
4269
4270
4271
4272
4273
4274
4275
4276
4277
4278
4279
4280
4281
4282
4283
4284
4285
4286
4287
4288
4289
4290
4291
4292
4293
4294
4295
4296
4297
4298
4299
4300
4301
4302
4303
4304
4305
4306
4307
4308
4309
4310
4311
4312
4313
4314
4315
4316
4317
4318
4319
4320
4321
4322
4323
4324
4325
4326
4327
4328
4329
4330
4331
4332
4333
4334
4335
4336
4337
4338
4339
4340
4341
4342
4343
4344
4345
4346
4347
4348
4349
4350
4351
4352
4353
4354
4355
4356
4357
4358
4359
4360
4361
4362
4363
4364
4365
4366
4367
4368
4369
4370
4371
4372
4373
4374
4375
4376
4377
4378
4379
4380
4381
4382
4383
4384
4385
4386
4387
4388
4389
4390
4391
4392
4393
4394
4395
4396
4397
4398
4399
4400
4401
4402
4403
4404
4405
4406
4407
4408
4409
4410
4411
4412
4413
4414
4415
4416
4417
4418
4419
4420
4421
4422
4423
4424
4425
4426
4427
4428
4429
4430
4431
4432
4433
4434
4435
4436
4437
4438
4439
4440
4441
4442
4443
4444
4445
4446
4447
4448
4449
4450
4451
4452
4453
4454
4455
4456
4457
4458
4459
4460
4461
4462
4463
4464
4465
4466
4467
4468
4469
4470
4471
4472
4473
4474
4475
4476
4477
4478
4479
4480
4481
4482
4483
4484
4485
4486
4487
4488
4489
4490
4491
4492
4493
4494
4495
4496
4497
4498
4499
4500
4501
4502
4503
4504
4505
4506
4507
4508
4509
4510
4511
4512
4513
4514
4515
4516
4517
4518
4519
4520
4521
4522
4523
4524
4525
4526
4527
4528
4529
4530
4531
4532
4533
4534
4535
4536
4537
4538
4539
4540
4541
4542
4543
4544
4545
4546
4547
4548
4549
4550
4551
4552
4553
4554
4555
4556
4557
4558
4559
4560
4561
4562
4563
4564
4565
4566
4567
4568
4569
4570
4571
4572
4573
4574
4575
4576
4577
4578
4579
4580
4581
4582
4583
4584
4585
4586
4587
4588
4589
4590
4591
4592
4593
4594
4595
4596
4597
4598
4599
4600
4601
4602
4603
4604
4605
4606
4607
4608
4609
4610
4611
4612
4613
4614
4615
4616
4617
4618
4619
4620
4621
4622
4623
4624
4625
4626
4627
4628
4629
4630
4631
4632
4633
4634
4635
4636
4637
4638
4639
4640
4641
4642
4643
4644
4645
4646
4647
4648
4649
4650
4651
4652
4653
4654
4655
4656
4657
4658
4659
4660
4661
4662
4663
4664
4665
4666
4667
4668
4669
4670
4671
4672
4673
4674
4675
4676
4677
4678
4679
4680
4681
4682
4683
4684
4685
4686
4687
4688
4689
4690
4691
4692
4693
4694
4695
4696
4697
4698
4699
4700
4701
4702
4703
-0.2232901186884555 0.7240549929859873 0
-0.2237127315246621 0.2766213713400727 0
0.2222025793754132 0.7237789835600524 0
0.2226485619412365 0.2771229827941781 0
0.162485894578993 0.2294436895513394 0
-0.2723222935688226 0.3392427375667501 0
0.2722129257877357 0.6614648514533664 0
-0.1611268204789749 0.7720162041754057 0
-0.2725255820072648 0.661917397714463 0
0.2720119686483582 0.338873494470276 0
-0.1611284693223916 0.2279923339540246 0
0.1611178899695775 0.7721241390512682 0
-0.3056396753432034 0.5907113319226324 0
0.3036193938277978 0.4117904118683599 0
-0.08820958813163993 0.1963806061722022 0
-0.0870387241527551 0.8027127474840076 0
0.08820958813163995 0.1963806061722021 0
0.0887172397197791 0.8026445009442763 0
0.3048063550476879 0.5893447265896411 0
-0.3023016601323619 0.4123415155583785 0
-0.535288415547382 -0.4633016232742119 0
-0.9713334428193312 1.03911940517487 0
0.5440105557693706 1.46643655295097 0
0.966479512281051 -0.04437853534267344 0
-0.01019876233367244 0.1839144882286936 0
0.3135249255560321 0.4910977813866254 0
-0.3143026835983003 0.5103144755886552 0
0.009931248922301766 0.8160174647730033 0
-0.5005321988167906 1.465392487579491 0
-0.9649837860296062 -0.000897669018320113 0
0.9738565844569955 1.001053076224975 0
0.5021886122293349 -0.4625446183191437 0
-0.9646622489820207 0.8405407983699374 0
0.9619518932209128 0.1602680460776176 0
-0.3393943088657169 -0.4654426430231779 0
0.3417856401341919 1.466909385162146 0
0.3 -0.4653589838486224 0
-0.966178676442659 0.2001712123379297 0
0.9674477747818143 0.7998743812968923 0
-0.3 1.465358983848622 0
-0.9666661507146259 0.6857735678489799 0
0.9658043235393571 0.3192410598792226 0
-0.1798022408646359 -0.4675648402601489 0
0.1794814984421592 1.465717879347346 0
-0.1393518423269672 1.464356935870669 0
0.14 -0.4653589838486226 0
-0.9663422586568826 0.3620050136477285 0
0.964775661708822 0.6389913700215681 0
-0.0187302935651621 -0.4668388664451305 0
0.9636309002539842 0.4811907926029106 0
-0.9653589838486225 0.52 0
0.01841207715221772 1.4613626176666 0
-0.9663077330702192 -0.1615888488147375 0
0.966634075355303 1.157865849339955 0
0.6617740947646568 -0.4669288721679186 0
-0.6587670893805612 1.468359112821415 0
-0.9708783346917258 1.192196002511794 0
-0.6984688981492707 -0.4675899006364281 0
0.9653580321061646 -0.199820954528672 0
0.7052391709878967 1.468391374923738 0
-0.7761969566115332 1.461712594174233 0
-0.9650655244268266 -0.2795969738804434 0
0.9653589838486224 1.28 0
0.7806244053174353 -0.468142943642387 0
-0.8202019850146057 -0.4650075491642722 0
-0.9654601010544414 1.320562484068617 0
0.8198472866890766 1.466758563460058 0
0.9652385388258138 -0.3200362005686455 0
-0.1942614130861626 0.2502439964439447 0
0.1939781059930933 0.2505883199020895 0
-0.2498260578672714 0.3062150455860627 0
0.1934346783809918 0.7499676367022577 0
-0.125523123475977 0.2099332796058198 0
-0.1241705844132748 0.7868282090370884 0
0.1256029826210615 0.7897461982482854 0
-0.2896087517765504 0.3739833421234742 0
0.2904709205240833 0.6243410909273355 0
0.2509457318968052 0.6942397284441235 0
-0.2497263349439758 0.6941416403490791 0
0.2500451931320051 0.3074265383983324 0
-0.193948848398081 0.7496794427684694 0
0.04960298286681578 0.1877374057183706 0
-0.04894015601211524 0.8125671099616478 0
-0.2908675869637281 0.6225375259717938 0
0.3115492941682914 0.5502723034467338 0
0.2918583582777028 0.3727844442805194 0
0.124982110578422 0.2089910013903461 0
-0.3131529531506753 0.4492791352370172 0
0.05098835854924067 0.8141152481044358 0
-0.04873650678405678 0.1847035850641397 0
0.3124891285847396 0.4498921779458888 0
-0.3124013356368054 0.5499301216400885 0
-0.06663773245664176 1.46740159221089 0
-0.9697353102691839 0.7599228342936618 0
-0.9653589838486224 0.4399999999999999 0
0.9615473453825852 0.5553186939139878 0
0.0596123057877834 -0.4655574095299537 0
0.9680087738599303 0.240485705308722 0
0.9699858263549604 0.4024651801148129 0
-0.2632054723880046 -0.4626262465761722 0
-0.09907092837414902 -0.4662288780551227 0
0.2638629465983851 1.461428460877336 0
0.09827278271700426 1.465684482208122 0
-0.9616139227795828 0.6003200374910611 0
-0.4241249320758588 -0.4614315899853192 0
0.9697073952003972 0.08277831121246021 0
-0.9653589838486225 0.9199999999999999 0
0.4178519668852023 1.464152103210799 0
0.3799999999999999 -0.4653589838486226 0
-0.9653589838486226 0.1200000000000001 0
0.9659517034517626 0.8745109785698703 0
0.22 -0.4653589838486224 0
-0.9677494703017966 0.2770364093172009 0
0.9679459486101296 0.7224925367780867 0
-0.3774088084830707 1.461868947008932 0
-0.22 1.465358983848622 0
0.6199999999999999 1.465358983848623 0
-0.6217180006056002 -0.4638060190636352 0
-0.9645901234408023 1.121150379094076 0
0.9669736289133378 -0.1210089850234592 0
-0.5797774756366183 1.465527008179424 0
0.5800450575933929 -0.4660923184950164 0
-0.9661412195837085 -0.07907245407871155 0
0.9657271976922852 1.080104285014376 0
0.8603447870725606 -0.4655536942902364 0
-0.9629194727699258 -0.3644953513207418 0
-0.8582661414459278 1.46088496787715 0
0.9620003501441325 1.360862555352904 0
-0.9676564192399839 1.399672078104287 0
-0.8994938084177752 -0.4641327815119898 0
0.9671527468072157 -0.3950524724715554 0
0.9 1.465358983848623 0
-0.937205286241541 1.461731494367257 0
0.9398305123888386 -0.466129182571678 0
-0.9638281597128426 -0.4364058815323439 0
0.9629197024689526 1.436004048080048 0
-0.2370889010118366 0.2910158694985298 0
-0.2426467647171213 0.2723233907746934 0
-0.2291431981880485 0.2578566582774125 0
-0.2487832649997143 0.2535595980578382 0
-0.2340435459894774 0.2383607604137381 0
-0.2548486183501513 0.2340698561674792 0
-0.2397670293988366 0.2185665579840714 0
-0.2612591756974158 0.21418102842895 0
-0.2474689651756831 0.1986828369822691 0
-0.2681035549320275 0.1939427507057222 0
-0.2538806424968941 0.1779700231993253 0
-0.2750464665419647 0.17291025861 0
-0.2597005824118577 0.1564085922342713 0
-0.2819112765297342 0.1513725662406084 0
-0.2973033778752805 0.1686165778181224 0
-0.3044672812912548 0.1463293000922489 0
-0.3206475108353347 0.165059202498275 0
-0.3271987394416911 0.1417438088785088 0
-0.344666745581418 0.1599625855257419 0
-0.3514581619351617 0.1325301668105247 0
-0.2663525678508065 0.134528836706258 0
-0.3695378795152225 0.1549707945982465 0
-0.3754783893947314 0.1303876708942259 0
-0.3934114167719627 0.1499036251709889 0
-0.4006087178632763 0.1249410386778739 0
-0.3842781579186456 0.1061056751828906 0
-0.4087820274498918 0.1001077764838687 0
-0.4174189377307382 0.1445748389906808 0
-0.3907012866833961 0.08067898437933674 0
-0.4168524876014917 0.0746924308343983 0
-0.3988087828410588 0.05477449111839222 0
-0.4253180862205461 0.04867254531409548 0
-0.4067741513623056 0.02827127347552361 0
-0.4339348119018379 0.02206482563120965 0
-0.4528074142672334 0.04295378979156039 0
-0.4617368087178913 0.01582424007166544 0
-0.4813728955838948 0.03790415421866128 0
-0.4902208294406681 0.009608657494327266 0
-0.414742807688844 0.001292983419565075 0
-0.5104313520158452 0.03237808278626897 0
-0.5193143258981558 0.003228269122394267 0
-0.5396963868720858 0.02589336354815497 0
-0.5489315749070807 -0.003404479342782318 0
-0.5282433095364015 -0.02606461404255256 0
-0.5584629964421701 -0.03289051159281564 0
-0.410810179306771 0.1692609912176456 0
-0.4348183798086569 0.1639991840825689 0
-0.4275452948557223 0.1883411145223461 0
-0.4520825749745 0.1835902261365706 0
-0.4442883716222643 0.2079981570628228 0
-0.4701473325050434 0.2026495999684807 0
-0.4619035550745414 0.2279195360907866 0
-0.487379196984439 0.2230846827822208 0
-0.480706886392734 0.2469889383849306 0
-0.5053287310298271 0.2431369165836466 0
-0.4980894400084435 0.2676296741190346 0
-0.523502033804668 0.2640456741698667 0
-0.5168118044018317 0.2877259722422987 0
-0.5427808421053586 0.2838215692766931 0
-0.5340460666241823 0.3107237940231163 0
-0.561172475638648 0.3042242156518598 0
-0.5520348925691265 0.3330569709529899 0
-0.5693351661391115 0.2797309931869558 0
-0.5798975772241586 0.3253448881734271 0
-0.5706370983152286 0.3533532442719766 0
-0.5372824054319471 -0.05595573063777559 0
-0.5681470951875132 -0.06287603979648881 0
-0.5693862764256269 0.01931186814339336 0
-0.3871123082179713 0.006698915254977178 0
-0.3953539725922566 -0.01994527262837154 0
-0.3670602675885052 -0.01447235181445816 0
-0.3757008419906474 -0.04122834875229908 0
-0.3483518891856566 -0.03515432068976643 0
-0.3561038384020712 -0.06259029086901202 0
-0.3282355051141784 -0.0571874599486536 0
-0.3361173243922178 -0.08438916188284618 0
-0.3068638955928867 -0.07851052280004878 0
-0.5990221239904221 0.3464757320572796 0
-0.5897720558306446 0.3736564362981086 0
-0.5464038189567612 -0.08661970323903878 0
-0.5780830457433086 -0.09355156268596798 0
-0.5614906469489718 0.380755369559269 0
-0.5805341142771349 0.4004338527452771 0
-0.6087616642516153 0.3950546179304492 0
-0.5992351863753025 0.4222258820633242 0
-0.5712746097350718 0.4275332602001727 0
-0.5896545767703381 0.4491335252706014 0
-0.5618888445259336 0.4543071359705643 0
-0.5801828115977079 0.4758194465911715 0
-0.6080444606335551 0.4708641251364831 0
-0.5983179491346267 0.4970054791524172 0
-0.5705511925164523 0.5023465292942587 0
-0.5923062369131591 0.5265834454800945 0
-0.5616678495421499 0.5292349998426541 0
-0.5787143960752761 0.5502201471499979 0
-0.5516585002074301 0.5547294605490392 0
-0.569064834401222 0.576024424242487 0
-0.5949399575839753 0.5715022264603759 0
-0.5853795517027791 0.5972406677578831 0
-0.559142538335013 0.6020851228005603 0
-0.5764631265429888 0.6234979400149184 0
-0.5494685387346463 0.6281529640064922 0
-0.5667479117561867 0.6492966697494368 0
-0.5398034506850864 0.6535707937166383 0
-0.556963796165632 0.6748237373985964 0
-0.5301087765765691 0.6790496126631884 0
-0.5471997903393719 0.7002619929593468 0
-0.5203031401032354 0.7043129157781591 0
-0.5373473459480347 0.7255900005307006 0
-0.5099232097427183 0.7290368928882255 0
-0.5276753585232052 0.7510305963992798 0
-0.5007944239992405 0.7553419138183466 0
-0.518024947562485 0.776598458670364 0
-0.4916265202942743 0.7811886629593334 0
-0.5084011694063634 0.8023397234077487 0
-0.4810328062064174 0.8065967956183158 0
-0.4984341997132246 0.8280925392319184 0
-0.4717622029860336 0.8328102924891396 0
-0.4886398303928564 0.8542120293525823 0
-0.4619206839817259 0.8590253930736871 0
-0.4786126617414684 0.880435343464634 0
-0.4517389366138254 0.8853688911816253 0
-0.4694752846985566 0.9061196343241072 0
-0.440506618241989 0.9115372438808449 0
-0.4594869766430471 0.9331787382536374 0
-0.4298826705414727 0.9383832483717911 0
-0.4483845855920746 0.9610336520775773 0
-0.4193652650681282 0.9655831524371743 0
-0.4782520291821742 0.9557541198014385 0
-0.4669984553018647 0.9841859307244203 0
-0.4975818650005154 0.9787664220615101 0
-0.5257128032971132 0.8222902025177248 0
-0.486014992955617 1.007845123233273 0
-0.5171843740391397 1.002399879996392 0
-0.5643990529153133 0.7220759905830971 0
-0.5054279940322108 1.032067981240425 0
-0.5361408666329859 1.027089259707078 0
-0.5250010024203967 1.056797426679843 0
-0.4936202242769668 1.061782694219968 0
-0.5567237273489472 1.051784621770053 0
-0.4009715113114994 0.9430256902922332 0
-0.3904878597238767 0.9693083435107374 0
-0.6018634207882407 0.6193629935220319 0
-0.5679209328383343 1.021619738798371 0
-0.3726584950550781 0.9473766942101765 0
-0.3620702995807568 0.9733248436447921 0
-0.5887940104149958 1.046499134227659 0
-0.6000580685152139 1.015835911943582 0
-0.5773735968493713 1.077270993175167 0
-0.3157554274496565 -0.1064566559887558 0
-0.2862900561505032 -0.09932970674409591 0
-0.3445064609396751 0.9518130976948747 0
-0.334118241483101 0.9780920265562699 0
-0.3165897347339844 0.9563139361601635 0
-0.3062809844939486 0.982443843231065 0
-0.3237563032721536 1.004514458181549 0
-0.2953305105557622 1.008777816147183 0
-0.3133326113251275 1.031367240952283 0
-0.2843351653251198 1.035603734477527 0
-0.3027152237909572 1.058656231617738 0
-0.2735493471401268 1.062822184122354 0
-0.2552437446247094 1.039717320408463 0
-0.2443393527677921 1.066815187972983 0
-0.2264685630006617 1.043761462828598 0
-0.2153992750260493 1.070558662754655 0
-0.1977111367685352 1.047813244671105 0
-0.1866893581510952 1.074413223871669 0
-0.1691899643560562 1.051890879456975 0
-0.1581599412229759 1.078443029893291 0
-0.1407734905693559 1.055919233918822 0
-0.1298218402146759 1.082357873370316 0
-0.1130304811171773 1.058853952258634 0
-0.1016471739451043 1.086084850157036 0
-0.08639608164726194 1.061595983210195 0
-0.07370121081308068 1.089754682440134 0
-0.05740248977295539 1.061686216391145 0
-0.04505119549647128 1.093962894431627 0
-0.02756496427048275 1.07147471958071 0
-0.01681359379925174 1.09793513395879 0
-5.115202939893901e-06 1.07341992733449 0
0.01147268565869621 1.101806190952203 0
0.02870404259654314 1.080570742638151 0
0.03979757105430718 1.106043717221186 0
0.05577316487862911 1.084104029884798 0
0.06823750595056705 1.108601356974501 0
0.0834215276086633 1.083951551677392 0
0.09690992102193467 1.113731352344703 0
0.1140399769803973 1.092094428176398 0
0.1252878924356431 1.119761773608865 0
0.1437402899401045 1.095100102780911 0
0.154597620297657 1.122298643793695 0
0.1732313854444094 1.098423318564349 0
0.183865735553626 1.126032298242185 0
0.2023908449077404 1.10238436833993 0
0.2135790301324149 1.130287438776086 0
0.2318496668741708 1.106489270093147 0
0.2206545218549138 1.078829710351683 0
0.2501338850803082 1.082696347625301 0
0.2616071584991423 1.110426373672126 0
0.2800316377136561 1.086332561508795 0
0.2918943990493735 1.114450070494513 0
0.3102528406612934 1.089999249536944 0
0.2979619831435513 1.063148058902468 0
0.3283895206088636 1.065514735330544 0
0.3407741735257273 1.093537270769886 0
0.359073399398134 1.068807341387884 0
0.3464577365071732 1.042582045774954 0
0.3770923270262426 1.043957797148281 0
0.3898163665734374 1.072141990060495 0
0.408217588557286 1.047769345142993 0
0.3969336755690138 1.017305043942964 0
0.4270667841830248 1.020660894921154 0
0.439904193409476 1.051340301635341 0
0.4577276448299838 1.02479782601447 0
0.4455000163344064 0.9948930638628413 0
0.476475018320038 0.9993150744065056 0
0.4628006081087939 0.9702547092074741 0
0.4923515980854245 1.029342116969504 0
0.494327695735968 0.9739726092321368 0
0.4803496586512023 0.9453568751605773 0
0.5110982791718385 0.9480524865570934 0
0.4981190385066642 0.9202337759225554 0
0.5286291762704665 0.9227318252323152 0
0.5158891240286656 0.8949765929891571 0
0.5462900480841707 0.8975317187669374 0
0.5333363116041677 0.8697709995973275 0
0.5587646039237719 0.9250646952614784 0
0.5639123029090014 0.87236744208035 0
0.5509558361327073 0.8446222296505606 0
0.5815973421770108 0.8472077731473293 0
0.5684421209652588 0.8195648941256672 0
0.4490631038867157 0.9416521140109506 0
0.5383662311861364 0.8170092186661353 0
0.5557099576517561 0.7921026871059873 0
0.5856646193994979 0.7946444114569901 0
0.5727810146981378 0.7672677684561742 0
-0.2919500743621914 1.08631848360511 0
0.6026109090656623 0.7696397147881243 0
0.5895110073956533 0.7425384257784778 0
0.5602607689823331 0.7401507472590931 0
0.5766520433005711 0.7157114154499877 0
0.6060527319020934 0.7177222591112481 0
0.5928336947470898 0.6912228440281863 0
-0.1767535409780889 1.101508483395016 0
0.563661000462236 0.689310560674852 0
0.5796159237598659 0.6650108358261666 0
0.609019021025603 0.6666216555092823 0
0.595513338669977 0.6404413305466997 0
0.1291623411321799 1.066518221176514 0
0.625222285567823 0.6417581491623124 0
0.611558035827885 0.6154819081446969 0
0.5837625607161275 0.6144411395070101 0
0.5989749923138751 0.5889868001851813 0
0.627464358455839 0.5905140024093711 0
0.6135949697494063 0.5643400819694295 0
0.584690396332715 0.5631739617676426 0
0.5997860371724772 0.5385565462261845 0
0.6291253978257715 0.5394837480611275 0
0.6149178170952796 0.5137326833758313 0
0.5866480427821971 0.5126311977352712 0
0.6008476044006408 0.4882577210273724 0
0.5730208128229189 0.4864812894486805 0
0.587073510082504 0.4627896876698207 0
0.6155421506263963 0.4637447254059885 0
0.6015163163504028 0.4386941009202037 0
0.5731664224198078 0.4380388762632066 0
0.5874429308164848 0.4140102436597558 0
0.5594484887122293 0.413712973813096 0
0.5734784419483797 0.3895189758138282 0
0.6015692390100112 0.3897832302635916 0
0.5875089987300826 0.36536893681273 0
0.5595348209164217 0.3652356539044895 0
0.57339988339174 0.3411855508983374 0
0.5456867011189408 0.3414500612646063 0
0.5593220315641166 0.3172642839563322 0
0.5858891567004406 0.3170650955811207 0
0.5722877768536088 0.2922829592119378 0
0.5449560476358202 0.2933021005894384 0
0.5576037245153965 0.2687390495342556 0
0.5303640262297314 0.2691417401165898 0
0.5430276384374031 0.2446501179566365 0
0.5159027012195552 0.2444813331733328 0
0.528633353553382 0.2202941431191331 0
0.5013795660254448 0.2201664371783562 0
0.5141150570242498 0.1960081217941721 0
0.4864845189571556 0.1961018695220316 0
0.5001408934381734 0.1713644977711886 0
0.472293437680707 0.1715534022073401 0
0.4857176632691592 0.1469227896925418 0
0.4577269788600072 0.1471604976436739 0
0.4711319906559535 0.1224915441571046 0
0.4426052292616659 0.1225542415004706 0
0.4564061381030018 0.09796552104185596 0
0.4276827417613474 0.09767776095367775 0
0.4409078731769238 0.07372981989741756 0
0.4126904492829778 0.07348279255823348 0
0.4692875113056541 0.07481863031956054 0
0.4259658263809903 0.04907059491385279 0
0.3978338488441001 0.04924021241761667 0
0.4119029480097221 0.02376038317217599 0
0.382956074497144 0.02402032115034664 0
0.5274294470472976 0.1733232680411154 0
0.3968658807516633 -0.00146928705401872 0
0.3670896495348731 -0.001083851199167207 0
0.3816496960240953 -0.02714050830325265 0
0.3513726851126829 -0.02661934602332106 0
0.4113004541343406 -0.02631502009230346 0
0.5827606593940869 0.2671106533764138 0
0.3661983599744124 -0.05310272891950429 0
0.3358476767164878 -0.0523837804781262 0
0.3211566953599572 -0.02601109937017276 0
0.3056163122903998 -0.05156416723280099 0
0.2915828470116341 -0.02526870924169622 0
0.2758792525152689 -0.05059155526792602 0
0.289923277153831 -0.07705641859616497 0
0.2598478818535757 -0.07612101159209406 0
0.2460016276172412 -0.05052676219987129 0
0.2300101029886347 -0.07488508222776002 0
0.2162425064631073 -0.04984933577037487 0
0.2006588484687038 -0.07382665017250378 0
0.1873945720829617 -0.04831101563574447 0
0.1716487324265342 -0.07201219575018269 0
0.1593456728608971 -0.04723904322010597 0
0.142881720570148 -0.07081189745624428 0
0.1302203665036791 -0.04604606895015295 0
0.1141200936903037 -0.06978981235277759 0
0.09904252893820627 -0.03996663225064656 0
0.08489042794064244 -0.06927740549744732 0
0.06934460161399938 -0.04221318171670574 0
0.05653043000081501 -0.06855551911202817 0
0.04172262496584629 -0.0422379863828749 0
0.02716716726311326 -0.06717439849547457 0
0.0138668769927714 -0.04181347401892299 0
0.04161157824452465 -0.09369770685241741 0
0.1830108675041543 -0.09762354905976278 0
0.01104363212038014 -0.09173120402425494 0
-0.06262817511069796 1.117068247384684 0
0.02516950779848631 -0.1183120065057268 0
-0.005527747891605643 -0.1168961028711366 0
-0.6250952154796352 0.4912563789473592 0
0.3821961357073348 0.07597023141723314 0
-0.6101438253073604 1.071921738832568 0
0.2740219109542651 -0.1030387538757387 0
-0.5972926265285001 1.104322447000001 0
0.05353170607356663 1.13205217623717 0
0.201990998403398 -0.02519125493121321 0
-0.2950445829329049 -0.1284472445935109 0
-0.3253613318685519 -0.1353001949519855 0
-0.555878133551195 -0.1177436601426374 0
-0.5882074662185874 -0.1247806643471044 0
-0.6104016939208364 -0.1002744464368714 0
-0.6207596009230235 -0.1318841106588997 0
-0.4439246631496145 0.8361856100849816 0
0.04381978345766466 1.057606649770851 0
-0.3268287278344161 0.9305424882815693 0
0.1365673552852099 1.146059453168418 0
0.4288996247860629 0.1453984688571168 0
-0.2998448572815654 0.9349220440014002 0
-0.1799392632045317 1.025400872666859 0
-0.6317661164566502 1.097932595086164 0
0.00907231789488443 -0.1442106219239578 0
-0.02148727392565844 -0.1430120801521348 0
0.5038101745133827 0.2710198770620013 0
-0.2775951880019964 -0.07095903442912532 0
-0.5047158619031459 0.3141193703870672 0
-0.03766581756772742 1.045235080056617 0
-0.5227559343794241 0.6326984657758099 0
-0.6185676569503982 1.131044587188172 0
-0.4739392931617469 0.7596636429497241 0
-0.6434083773853894 -0.1069039995462664 0
-0.653887608851959 -0.1394605530916759 0
-0.5331990359900143 0.5364825671333509 0
-0.3037431591617885 -0.1584043836262031 0
-0.3351639609085829 -0.1652066080319479 0
-0.5658136598026762 -0.1492280864644715 0
0.1213204148060182 -0.01986851952000912 0
-0.6537488109741798 1.124483833437294 0
-0.6658630226804196 1.091644621130268 0
-0.3094462704443685 0.9098208939550494 0
-0.283589606536 0.9138461276290786 0
-0.006108697599427733 -0.1700998360416555 0
-0.03845960799222499 -0.1693607051246424 0
0.02417973510541912 -0.1716557083652187 0
-0.2684987328122462 0.2495838452135279 0
-0.03410595901322273 -0.1161224359027642 0
-0.4560513906720188 0.2557510913337945 0
-0.640183035993568 1.158375245458273 0
-0.602660631779364 1.164936838120364 0
-0.243890951408048 0.1397865497292052 0
0.02805942704099331 -0.01727616352755268 0
0.00114841207175384 -0.0169176593464927 0
-0.5102840546859366 0.218884860389074 0
-0.6770817170381027 -0.1136316939567521 0
-0.687703813514313 -0.1467190013186122 0
-0.3131718692695551 -0.1889439332074129 0
-0.344746173280821 -0.1961384166388258 0
-0.6641977248155754 -0.172602179729098 0
-0.6986071824892768 -0.1800223942442152 0
-0.6762321804632366 1.151471519628334 0
-0.2816001577936034 -0.1816708493954466 0
-0.2929083202993877 0.8899522464816012 0
-0.2506367418529226 0.1174390860640357 0
-0.2276024942041154 0.1227406669985701 0
0.007511884716040531 -0.1985984384696692 0
0.04022346808393081 -0.1995702897867186 0
-0.6623932682318906 1.185994766644089 0
-0.2678651548070521 0.8936874232737906 0
-0.2571534478327419 -0.09228988940372262 0
-0.248438667299985 -0.06471232046586517 0
0.0154959929698029 0.006340359227800296 0
-0.01112238417577607 0.007172535446137884 0
-0.6992357719027436 1.178865075265905 0
-0.291041463961934 -0.2128004905311609 0
-0.258893111755361 -0.20526738905257 0
-0.6746096205257039 -0.2063452107332748 0
-0.7097128515699549 -0.2138950501133949 0
-0.7110544247544623 -0.1208489073948903 0
-0.7002559446663034 -0.08752995252352247 0
0.02126544149732869 -0.2278129304203118 0
0.0558066815226856 -0.2283489066263132 0
-0.6863967688347451 1.212905922323746 0
-0.2768323968940481 0.8704665393795058 0
-0.7211273720233602 1.208026051609661 0
-0.7368375283444472 1.17436817135976 0
-0.2346132271062027 0.100147509415357 0
-0.2112368822929175 0.1055183106525682 0
-0.25265809498994 0.8742830878204515 0
-0.2686382674439096 -0.2368289943802967 0
-0.2359307097801963 -0.2292848934697038 0
0.003202673224325527 0.02935132186599954 0
-0.02287447045268342 0.0303731858320635 0
-0.03713170209382109 0.008500243539575125 0
-0.0486934948532225 0.03179995226049581 0
-0.06309417406381426 0.009861306854401453 0
-0.2282943590661252 -0.08549826358798329 0
-0.734189701825849 -0.09447398589719946 0
-0.7234371982137319 -0.06125078039403542 0
-0.5598962727400291 0.04874067981089147 0
-0.5893365283058194 0.04308434909731018 0
-0.2199196937569067 -0.05736785225249719 0
-0.384645906424248 -0.06900556956454029 0
-0.7096002348200812 1.2413370202781 0
-0.673196494204178 1.247082633254651 0
-0.3007745495406073 0.8662251481971288 0
-0.2854463335631335 0.8476676890604928 0
-0.3087531682385803 0.8432642603741719 0
-0.685225983834966 -0.2406900721262591 0
-0.7207480932546655 -0.2484682066165612 0
-0.5802283321194148 0.07201603983505733 0
-0.6099577018123533 0.06642741095903248 0
-0.6009570293979855 0.09529631534640215 0
-0.6308500033621138 0.08981562376935148 0
-0.07465001552605274 0.03316511017684121 0
-0.746447558420451 1.234937179875045 0
-0.3217618567132796 1.081906391714073 0
-0.3107409864355508 1.110362887626504 0
-0.7451530351855631 -0.2213305838697764 0
-0.7566395792120987 -0.256375869840111 0
-0.2434608157874438 0.897016793407021 0
-0.228582347737723 0.8779633158384603 0
-0.6218093117467207 0.1188948363545355 0
-0.6517396912748998 0.1135553618687958 0
-0.642498808636042 0.1425928948574501 0
-0.6737964150635053 0.1365645168493161 0
-0.6631155604288943 0.1664844712476172 0
-0.6947509546546607 0.1609362135121663 0
-0.7030795674546262 0.1316417176030506 0
-0.6845818775647773 0.1905727993149224 0
-0.7166027125918554 0.1861021546616779 0
-0.7056050235406173 0.2147828962274282 0
-0.7393570879757353 0.2099726245448773 0
-0.7287921742014707 0.2406345752296443 0
0.03778058249625058 -0.2566161325046478 0
0.003373223622935287 -0.2564746261166897 0
0.07126932037707409 -0.2577971835560607 0
-0.3399106893322164 0.1849731757231553 0
-0.2578713467488745 0.09482345296753864 0
-0.2939854263050688 0.8250880136384444 0
-0.3173320258587098 0.8208693034376446 0
-0.7576954756799268 -0.06815202055093927 0
-0.2457380745700533 -0.2615671750565858 0
-0.2129528111266276 -0.2537189601236283 0
-0.278943349010965 -0.2691752948435115 0
-0.5333145765024616 -0.141870055704894 0
-0.5431987069850598 -0.1737149770188922 0
-0.2194540739743607 0.9003589918126145 0
-0.3415541342249468 1.105720669733684 0
-0.3300822510952455 1.135072530051763 0
-0.3613419434356101 1.130367366745214 0
-0.349798961351501 1.160243071731462 0
-0.3179976140802864 1.16485943380059 0
-0.3379345385244553 1.190468537285771 0
-0.3052075874449787 1.195199828064921 0
-0.3697564405222624 1.185412292288107 0
-0.3259694653030605 1.221245623091604 0
-0.2925066819594604 1.226071862132235 0
-0.3138670354839156 1.25270481117683 0
-0.2799689808147302 1.25748316160449 0
-0.2047417938843452 0.8819898626424665 0
-0.1957335421956156 0.9036646905363049 0
-0.7607104679929715 0.2349479569558051 0
-0.7510229974851796 0.2660486620176284 0
-0.769728196215231 0.2074002215419191 0
-0.181184664346626 0.8855593700183387 0
-0.1730391944068539 0.9075695621689213 0
-0.03413982082799767 0.05326146581442276 0
-0.1997039669087853 -0.07848510026323474 0
-0.3026810675021591 0.8025863929611812 0
-0.3255706851459872 0.7986519557001719 0
0.02896101528320166 0.02877706026252824 0
-0.2032655106817216 -0.2214969120329384 0
-0.1813567174567305 -0.2470067073923327 0
-0.2183957439076702 0.0825580347006365 0
-0.1580124119185585 0.8887077968950902 0
-0.1497510861500798 0.9110688254457079 0
-0.1348578331405313 0.8920976740625751 0
-0.1262510031747458 0.9147901755152845 0
-0.2589040481332202 1.230720779678888 0
-0.2461926418568048 1.262153094026659 0
-0.2251439810858977 1.235459647375071 0
-0.2124719399714267 1.2665659314934 0
-0.1914966895745777 1.240094229991919 0
-0.1788568324769942 1.27112860583409 0
-0.1582239524300445 1.244616508880456 0
-0.1453344462095515 1.275594625037957 0
-0.1247400196033553 1.249194595514755 0
-0.1118161170280186 1.280175562652403 0
-0.09133788184560977 1.253559995662078 0
-0.07829522604195133 1.284716421881753 0
-0.05815130848847243 1.257050734232358 0
-0.04478769416562776 1.289157243410945 0
-0.02392794027917698 1.262929306378694 0
-0.01107181325376862 1.294047645223884 0
0.009853673863778086 1.267570849267229 0
0.0226859946115212 1.298629894977253 0
0.08961575293019004 -0.228927227846047 0
0.1049053326890586 -0.258725489484931 0
0.04365876612225454 1.272155335388657 0
0.0565067604943123 1.303513157808726 0
0.07755556864359708 1.276770750780332 0
-0.1949916517991947 0.08813027199682988 0
-0.1879669013144186 0.1109494093929541 0
-0.1896841028098721 -0.2784781179872615 0
0.09043486856652123 1.308503820802808 0
0.1116049838001878 1.281414471194504 0
-0.1117442072392601 0.8955495486197559 0
-0.1031580439174808 0.9181538905396003 0
-0.08875928490085472 0.8989215886244333 0
-0.08005061242552747 0.9203796139050333 0
-0.06580660155333225 0.9025944064177374 0
-0.05713587803207223 0.9235447047080679 0
-0.04293085536674452 0.9059274760929754 0
-0.03420056523405136 0.9269870216707033 0
-0.02003556680185878 0.9086554065399788 0
-0.01123494826329323 0.9301718620949734 0
0.002770122839461515 0.912631603515894 0
0.0116388006841511 0.9334992636291382 0
0.02584141354985049 0.9160019561049888 0
0.03464752205490187 0.9367037919394325 0
0.04914125277942966 0.9184960806733968 0
0.05786727263036992 0.9399550462975543 0
0.0724346206496425 0.9215804365832421 0
0.08116609934878682 0.9434411892956764 0
0.09580714139058716 0.9248834356295847 0
0.1047801363150385 0.9469998907497186 0
0.1193730313353598 0.9281675229029511 0
0.1285919574258451 0.9504537641996252 0
0.1434632543341207 0.9314086122228811 0
0.15277521009336 0.9540936694029833 0
0.1679126013928238 0.9347586521341438 0
0.1576532144775252 0.909220729172847 0
0.1828037698767376 0.9154128859008386 0
0.1923312470773368 0.9379388315597805 0
0.2073252929782426 0.918453369148617 0
0.1983450024664323 0.8960427321998349 0
0.2223212788920312 0.8986950181275464 0
0.2317900130058691 0.9214501266822359 0
0.2466081965807739 0.9015579657210688 0
0.2369760762607983 0.8789388299935779 0
0.2611492773991284 0.8817026801554884 0
0.2512314469360933 0.8595219426244518 0
0.2754511780448115 0.8619948911377344 0
0.285580701060495 0.8844982096641052 0
0.3000034855470581 0.8644177974384002 0
0.2899041850704975 0.8421602340594312 0
0.3143140716063165 0.8443948269218662 0
0.3043505751230996 0.8222255604793074 0
0.3285101436905944 0.8244878568866196 0
0.3171542707575283 0.8027182156803573 0
0.3422939038537079 0.8047140596174813 0
0.3283260265100121 0.7797993781859499 0
0.3558053093448531 0.7845315678886484 0
0.3456657365398886 0.761122623571816 0
0.3702409822181821 0.764979362665099 0
0.3603804828523803 0.7432164128984016 0
0.3843608930161023 0.7456492983800729 0
0.3745283369359004 0.7238751167911446 0
0.3984632367877309 0.7261461763329611 0
0.388661640562696 0.7041755085843128 0
0.380717541169359 0.7874512095055646 0
0.41246095075767 0.7064190662699924 0
0.402668448140552 0.6844244620179178 0
0.3102819843713701 0.8871502655449462 0
0.4266026870809158 0.6866701567008647 0
0.4167615538191637 0.6645645850953595 0
0.4228068258863578 0.7287666654125255 0
0.440973527240143 0.6669904617402067 0
0.4307709165783212 0.6448454428040284 0
-0.696755722485101 1.275800228791995 0
-0.6597175375458606 1.281725598845916 0
-0.08905454406784641 0.01183429736924552 0
0.4068823302920055 0.6425301160148741 0
0.420571254481761 0.6229109998550258 0
0.4447255301074082 0.6250253916590901 0
0.4342957816571291 0.6030291695619238 0
-0.7468803392253989 -0.03484061944424943 0
-0.3110228191129465 0.7808009326059798 0
-0.3339667216457611 0.7768753759608433 0
-0.4612790306990197 0.1576203983720647 0
0.02000599852222457 -0.2853128954330999 0
-0.01397828308382219 -0.2848117974434685 0
0.1227471969906763 -0.2299092191857124 0
0.1385008838255068 -0.2577377944944194 0
0.1561006707940321 -0.2306635555852573 0
0.1721262448869845 -0.2583714278983988 0
-0.7878924387708597 0.2583070676034979 0
-0.7741911652367649 0.2911200639598212 0
-0.7815054197962159 -0.2286444167437036 0
-0.7930525810677171 -0.2643858770833575 0
0.1897667964531972 -0.2314205116446553 0
0.2057977834652132 -0.2626566550475884 0
-0.7811826312103946 -0.04149917316657792 0
-0.7940398824241932 -0.07193152878241948 0
-0.6960751544657451 -0.2754808500961566 0
-0.6608780682918639 -0.268010032967931 0
0.4586974776999609 0.6049762714742981 0
0.4480880812783752 0.5830190089322119 0
0.4237486872824504 0.5816728924225597 0
0.4372962732521553 0.5614864031661281 0
0.4617102083911343 0.5629278761588246 0
0.4508941127213871 0.5412178344668839 0
0.4268183082813859 0.5398372184830303 0
0.4401363053419536 0.5198203237611412 0
-0.3193542159366932 0.7590761369854788 0
-0.3419647928649384 0.75528327262085 0
-0.5111355000693065 -0.1670405378597005 0
-0.5201904607485728 -0.1987680170037711 0
-0.7705612377425265 -0.008150587646089558 0
0.2235531071847078 -0.2327705292233515 0
0.2396673160181563 -0.2642297745470176 0
0.2575081084043887 -0.2337586560709888 0
0.273746034474329 -0.2637053299660124 0
0.2916466018113194 -0.2343286988593689 0
0.3079732649176076 -0.2643595398118002 0
0.3259578515967418 -0.235034747269284 0
0.3423145653605053 -0.2651497323077855 0
0.3604063249364689 -0.235791593066348 0
0.3768982079288399 -0.2658341590464298 0
0.3949727319637159 -0.2365383736127296 0
0.4115845029904523 -0.2668159380521896 0
0.428794879772223 -0.237852605731899 0
0.4463298227309327 -0.2680773771895988 0
0.4631157291175059 -0.2397072677604397 0
0.4814160023867101 -0.2693273269482421 0
0.4993476456802166 -0.2400685220705775 0
0.5172122800581078 -0.2703667052847964 0
0.5357625951823785 -0.2397427873840487 0
0.5186368815071498 -0.2080858715580336 0
0.5549989242070836 -0.2091948565808457 0
0.5718998091274496 -0.240182031755823 0
0.5903526630599041 -0.2093948674063995 0
0.5736454591829657 -0.1782473403566494 0
0.6088117993302826 -0.1782386045541537 0
0.626207531525878 -0.2097579339001703 0
0.6445223345539963 -0.178718611110127 0
0.627040122890387 -0.1471631334234619 0
0.6625847712464146 -0.1476456784565681 0
0.6451630932429664 -0.1165107981320175 0
0.6624984022423269 -0.2099164158936702 0
0.6806138193607392 -0.1168266452758371 0
0.663187735355808 -0.08595130016035357 0
0.6984324548356866 -0.08610852738568775 0
0.6813155417274041 -0.05532293337701677 0
0.7162941902059755 -0.05556351473135357 0
0.6992535530689332 -0.02489874215694021 0
0.7167676128280476 -0.1165607029144464 0
0.7342224179448867 -0.02526000634953862 0
0.716778719606971 0.005211449233066101 0
0.6284779212652496 -0.08485591761624345 0
0.6821822985089037 0.005518452940076912 0
0.6996988480595765 0.03539394542757063 0
0.7341326011710563 0.03527468740886958 0
0.7170261120029343 0.06527098473325926 0
0.7514302843313168 0.0651835370537871 0
0.7341672492499003 0.09509896028584897 0
0.665678827405392 0.03615616472378991 0
0.7686328443856274 0.09510841507042894 0
0.7512773223655147 0.1249460892259143 0
0.7171673908170739 0.1248565573120685 0
0.7340943897929371 0.155441235744024 0
0.768187850944241 0.1549247614479937 0
0.75137229376612 0.1854944484808809 0
0.7861922171521692 0.06500020256849171 0
0.7850658303095348 0.184547187539169 0
0.7682787500967823 0.2145078765765528 0
0.7003414908124691 0.1550018658852218 0
0.4124870022903256 -0.2072839237216157 0
-0.3009738120617239 1.284666801360868 0
-0.3356018626003147 1.279619443054425 0
0.184632631640005 -0.2940378494093052 0
0.1245537636940474 1.313323032650805 0
0.1456554596403472 1.286854036107337 0
0.1585798561488291 1.320317978758498 0
0.1800463142984688 1.291977207304611 0
-0.2018844495144067 0.06468874052215379 0
0.4166334343162008 0.5182537095887441 0
0.4295342952586217 0.4984648908486241 0
0.4532838281099389 0.4999243373011739 0
0.4423955276634284 0.478790841050252 0
0.4189320720356773 0.4774289910008245 0
0.4315449852080865 0.457869316004382 0
-0.2152381023000689 0.8606959821190283 0
-0.7424854250588293 0.2988256249067714 0
-0.7631211645004089 0.3236936134205773 0
-0.7961352055366944 0.3168016641700268 0
-0.7850180211510214 0.3491032411389729 0
-0.7517762336220593 0.3556915269979873 0
-0.7737028631449243 0.3810866883299204 0
0.4275173693275331 -0.3007175793112182 0
-0.09334752427146165 0.9422112228307258 0
-0.341189889490546 -0.01084405982763359 0
0.4083381591494071 0.4567218015345062 0
0.4207200163769405 0.4370369437045563 0
0.4442762376032927 0.4381559425291304 0
0.4332199021618744 0.4173474866186969 0
0.409835405269907 0.4163340284613461 0
0.4220952506797904 0.3967303832841724 0
0.3990219476886967 0.3959486317973411 0
0.4111593385531062 0.3762556003937561 0
0.3882475174224105 0.3755553078352686 0
0.4002969929366912 0.3560195212449633 0
0.3775318367926003 0.35528775739873 0
0.3894638010847357 0.3358378435811958 0
0.3668097262026831 0.3351087491951527 0
0.378799784862421 0.3156915968404144 0
0.3568230399241458 0.3144813618830671 0
0.3682103441229717 0.2954814363920131 0
0.3460539748182636 0.2943622613359416 0
0.3572387615179623 0.275475270250859 0
0.3352908595422391 0.2742346731264051 0
0.3461524470322379 0.2554989476521966 0
0.3243151032942754 0.2541582966906811 0
0.3354677078679261 0.2352070853948731 0
0.3134237885025129 0.2339135331528098 0
0.324349520069539 0.2149942516482898 0
0.3019048361915141 0.2138804439527504 0
0.314168089188759 0.1941441460278667 0
0.29081129042866 0.1932374541389907 0
0.3023707021815335 0.1737896190024693 0
0.2794549658234182 0.1725695075106365 0
0.2920106468475917 0.1526262315543813 0
0.2682005825688552 0.1515649318652443 0
0.2814860320885685 0.1315637198702819 0
0.2568807094273637 0.1304076509805572 0
0.3794424882198615 0.2755467113671421 0
0.2451153582309009 0.1502058025278587 0
0.2327780594761115 0.1291203009801287 0
0.245301240419912 0.108820290624954 0
0.2208902472032294 0.1086370298065868 0
0.2085169003148295 0.1286266059309027 0
0.1966229299597196 0.1083930491319833 0
0.4234567059280199 0.3565666647576387 0
0.1846199956930193 0.1287571151530835 0
0.1729104654889381 0.1082266930989808 0
-0.2794728333060789 0.8067615296189203 0
0.2912669507444496 0.8019905456628055 0
0.8019476588771313 0.2147666063738589 0
0.7845996113587815 0.2442169210624762 0
0.750228595907662 0.2438306583562699 0
0.7669781394634589 0.2734723230127391 0
0.7333755088373199 0.2739152320769126 0
0.7496451753597101 0.3027530079191075 0
0.78326847675502 0.3029759368458647 0
0.7658435398988397 0.3322666183595405 0
0.7997719196943218 0.3326443959205601 0
0.7821250196874705 0.3617481942179626 0
0.7484148211998909 0.3611946546745073 0
0.7644842079788622 0.3905829526394713 0
0.798424621456199 0.3915871989972032 0
0.7804685754790828 0.4205483154134766 0
-0.7414198929392748 0.3867035054675351 0
-0.7632663367196189 0.4122117649971024 0
-0.7959320940345714 0.4065878252977827 0
-0.7842851559152491 0.438702715404617 0
-0.1717778136941749 0.09376342091896184 0
-0.165120339265319 0.1163451146978673 0
0.3790864746054322 0.6813913459294676 0
-0.1808025307522836 0.1361069608501267 0
0.3242973885560424 -0.2947628400422536 0
-0.3281146612768869 0.7390610293036115 0
-0.3502475863440303 0.7350784745533685 0
-0.164236832871499 1.303140286711828 0
0.193085916283237 1.325604073605666 0
0.2149015794312651 1.29573931211107 0
0.3969860700794457 0.6209903575697937 0
0.1602092391323528 0.1284606301903457 0
0.1489067191839992 0.1080186597524366 0
0.161226666807676 0.08742344859919737 0
0.1372913329742408 0.08738152372576424 0
0.1251968641972731 0.1079279699125414 0
-0.3647766098183106 0.7517391185066322 0
-0.3727336855523981 0.7300147186209203 0
-0.3544541613392327 0.7122243199263953 0
-0.3803613523868795 0.7079512183321245 0
-0.3654515766355487 0.6903980906447689 0
-0.3880803308833534 0.6863225858528723 0
-0.3732842999857891 0.6689612768287657 0
-0.3955331115425045 0.6647011641880052 0
-0.3809773927192355 0.6474679176756459 0
-0.4031620008545167 0.6431970338304018 0
-0.3887110322713895 0.6258397253743422 0
-0.4110413755616896 0.6217699200142945 0
-0.3964158160753003 0.6043337775994153 0
-0.4187615116879928 0.6002666971714111 0
-0.404415525259657 0.582973164435772 0
-0.4266848087604947 0.5787629003630004 0
-0.4121776018719062 0.5613456463573628 0
0.3075312246697988 -0.0007131103075197487 0
0.08763911297055538 0.9037138162912055 0
-0.4242232464067796 0.891711092219907 0
0.2337628635191783 0.08767416225704444 0
0.3374926374948626 0.7401322123818923 0
-0.1687182193699757 -0.2164890720187213 0
0.5039364501440633 0.8657645653012543 0
0.8147321443925947 0.4217962323853744 0
0.7964050684673405 0.4508427512979472 0
0.7634010369432677 0.4487007388026649 0
0.7790621987980095 0.4793074693938757 0
0.8125977092709775 0.4811400765796416 0
0.7937911444262016 0.5102987461100376 0
0.01685520935202959 0.05037248719222442 0
-0.4114126627392938 0.6800778635286209 0
-0.671277382192474 -0.3026673937239932 0
-0.6351447822324002 -0.2943901189803945 0
0.2283559623731898 1.329887516170528 0
0.2499587072767361 1.300374307321654 0
-0.4345267608224737 0.5570711283394441 0
-0.4195127290052468 0.5393572142225305 0
0.2277331993709806 0.856733439163769 0
-0.5438896769764091 0.4330652196935713 0
-0.4204462140751133 0.2125563589364807 0
-0.3668917014563176 -0.1719397783620314 0
-0.3768383751504534 -0.2026791902190112 0
-0.2113117422790225 0.923099226468979 0
0.4754219560603877 0.5428119212469795 0
0.644532551770614 0.5144282123257677 0
0.6304057742850275 0.4391385157059392 0
-0.694300258090857 0.2449300511572343 0
0.4664151072803958 0.4800918102519632 0
-0.8050435257048837 -0.01483810753132153 0
-0.7943256081877401 0.01872898571548232 0
0.4036003621253608 0.5376753168591809 0
-0.5153559314571414 -0.07929164103343178 0
0.02015789923838428 0.9552054432813113 0
-0.2388307361597306 -0.03692523509599088 0
-0.4422490281470872 0.5352014520057183 0
-0.4272353335873687 0.5172976290928301 0
-0.4503680336400478 0.5130458186819118 0
-0.4350191823285637 0.49526481372409 0
-0.4135999631038408 0.5000783332860144 0
-0.4200085555028926 0.4776944738380788 0
-0.4426218004226766 0.4731623375409478 0
-0.4272635955044575 0.4556460635667844 0
-0.579111680334188 0.9907118639964296 0
-0.611277646008888 0.9851297098096076 0
-0.5908215663668043 0.9598613653071072 0
-0.6224950873650228 0.9545346942021196 0
-0.6436673104761561 0.9795922261692231 0
-0.6547976231051587 0.9485172904271397 0
-0.6763982178523611 0.9739041267172999 0
-0.6878993908880571 0.9423788537745716 0
-0.7098350731916524 0.9681738680092754 0
-0.7213733272491795 0.9360634318985053 0
-0.6993221443508073 0.9103126271600911 0
-0.7327106573994164 0.9038527971549869 0
-0.7106478676637942 0.8780613760547346 0
-0.7440242659019084 0.8716608966328525 0
-0.7220192594166945 0.8459574509595502 0
-0.7553884773133961 0.8396338919140088 0
-0.7335290520245535 0.8133551837058806 0
-0.7438486150134535 0.962155608954554 0
-0.7667319370916673 0.80756071876249 0
-0.7446579625078383 0.7817018944587362 0
-0.7781824764864776 0.7755222763515579 0
-0.7560819486390359 0.7493486111888088 0
-0.7008727830500774 0.8186732584942966 0
-0.7895287904418131 0.7433939240627165 0
-0.7673358284685806 0.7174858951633074 0
-0.7343140956792917 0.7234895786566083 0
-0.7452353503951745 0.6915351359078751 0
-0.778193195965968 0.6856697856263565 0
-0.7559889606188046 0.6594357024480997 0
-0.7892270014983562 0.6536380706213181 0
-0.7669307808612194 0.6278471316561003 0
-0.7775406591394884 0.8652900012821365 0
-0.7988354493444005 0.6214394890803712 0
-0.7778541276557218 0.5960327322753841 0
-0.8113947168765743 0.5848860753109644 0
-0.7448623177367555 0.6024614252296721 0
-0.6772910309731813 0.8852946865242369 0
-0.6015367609828223 0.9298740559521851 0
-0.8121644721749927 0.7695450419635022 0
-0.7127065636577232 0.6970590084027735 0
0.2635050995756233 1.334405620384451 0
0.2849231612399282 1.304987679584187 0
0.2710823385591719 1.273546888122311 0
0.3058266598690944 1.277838452508412 0
0.3198401353247431 1.309513377784841 0
0.3412746025284937 1.281286606522281 0
0.3551731406023229 1.313860516180669 0
0.3765537292934985 1.285414518994427 0
0.362726201206559 1.252719896489786 0
0.398467418083657 1.256594014254647 0
0.4118330078607748 1.289604301572276 0
0.4334234287671976 1.260949277174011 0
0.4471336004636966 1.293844691469911 0
0.4685145393129982 1.265208446544903 0
0.4546255734671815 1.232531017834047 0
0.4895351023517217 1.236580292126207 0
0.5039094750828984 1.269307740390114 0
0.5248713375444274 1.240364674660887 0
0.5387624577561883 1.272680401321489 0
0.5607520958164327 1.243972185417508 0
0.5715108829748115 1.277168362281831 0
0.5958181788153644 1.24729350006522 0
0.5823252274163592 1.214487439565619 0
0.6186259085968668 1.218029428371306 0
0.6300795923738997 1.251731690379611 0
0.6540919195242059 1.22141469343912 0
0.6401176935767243 1.188253488808558 0
0.6762187013320216 1.19170491890311 0
0.6616267452714327 1.158584742712236 0
0.688346798160052 1.227285979739762 0
0.697582935119339 1.161919057211075 0
0.6829148241560091 1.129012605891735 0
0.7189866677508892 1.132387346984349 0
0.7040488023642097 1.099480095815141 0
0.7404417513682722 1.10297320307516 0
0.7254835234130712 1.06983792458609 0
0.7545934359265091 1.137038142254824 0
0.7616754510655742 1.073457209483275 0
0.7465089590753735 1.040464158632901 0
0.6678571266069918 1.096271379870867 0
0.7828342079151421 1.04391384207538 0
0.767828223510326 1.010823977236805 0
0.7319254841639178 1.007818458285829 0
0.7531578531107198 0.978422513693694 0
0.7885953446958456 0.9814574115515244 0
0.7725888729316044 0.9494526205392304 0
0.7392372023302914 0.943993836109122 0
0.7588630075621918 0.9156864388857102 0
0.4752718109379018 1.204342927197671 0
0.7925081320620136 0.9222963577065136 0
0.7786685772787125 0.8878098107262147 0
0.7453208057751731 0.8852246744941878 0
0.7654070795465102 0.8566760857090986 0
0.7989314881577926 0.8583810526191831 0
0.7839951215956266 0.8267426752186665 0
0.748677327274972 0.823787213122315 0
0.7693020245763456 0.7945894307688921 0
0.8033392443278971 0.7975993489535586 0
0.7881201140321217 0.7658493801802806 0
0.7537633998706428 0.7632143219855259 0
0.772289028444056 0.7344800160927309 0
0.8073505941521117 0.7368630157402272 0
0.791757368817289 0.7056455839647651 0
0.7552109609525615 0.7039023025815823 0
0.774768949933717 0.6751066756644796 0
0.6257059157765184 1.155312734444413 0
0.8107464840363179 0.6766342252641623 0
0.4409429479374739 1.200305201815401 0
0.7164536742843326 0.3027369617160214 0
0.8182653558602315 0.2470149244581922 0
0.3506272759289669 -0.07931519018338962 0
0.6439497551392804 -0.2416014115192244 0
0.6805813706780341 -0.242050874910568 0
0.6618181228496243 -0.2738139045212208 0
0.6989871739887513 -0.2739653302840527 0
0.7179414830473603 -0.2418989963374003 0
0.7364595722622355 -0.2746447941000063 0
0.7554181556580932 -0.2423162203933095 0
0.7742251348158657 -0.2751305537516782 0
0.7934747985436591 -0.2422091901438387 0
0.7190951979585631 -0.3062944466669446 0
-0.3224549226135872 1.312298482667727 0
-0.3572671212492742 1.307341373137074 0
-0.1489326246881598 0.09938759952569365 0
-0.8181803823182994 -0.2364331690668688 0
-0.4108865873924098 0.9912007269736707 0
0.2677308543644061 0.1923368296236163 0
-0.4039840475599519 0.4588984423547464 0
-0.4113001197429405 0.4372341483390331 0
-0.4345057634852214 0.4334965596508744 0
-0.4187531658580428 0.415547026379337 0
-0.4416862525217061 0.411337926445548 0
-0.4260486978430211 0.3935603390280774 0
-0.4031168183367007 0.3981607313153956 0
-0.4102478891732695 0.3762202881677045 0
-0.3877552664671522 0.3814420993708745 0
-0.3946111843818847 0.3594307116399546 0
0.4571025678678184 0.1930440543658747 0
-0.6279317503815058 0.4170081732671451 0
0.2733870077765065 1.138846818114536 0
0.08718485742473867 -0.286891975193742 0
-0.7069034465676569 -0.3104782065969518 0
0.5181723180281744 1.302404803706792 0
0.5263724521261762 0.7890529000022068 0
-0.8238147339732422 0.7366498858696078 0
-0.2554923991303518 -0.2944244788220125 0
-0.2895323116466668 -0.3021500309372899 0
-0.1914381894648447 -0.05061387306691767 0
-0.1712867748137215 -0.07174513554304163 0
-0.7528255242231783 0.4440979165083989 0
0.8039116378673339 0.09551433166612755 0
0.8217991967716803 0.06445294903957255 0
0.4570641850189233 0.4194137882205522 0
-0.5970045862235323 0.01386807379167004 0
-0.5630542406912835 1.10831977188864 0
0.256522387990318 0.9246712065742135 0
0.6590362968116075 0.5407301580641533 0
0.6160288522193617 0.797016876612456 0
-0.1423804559049244 0.1216356756011296 0
0.3390655499320536 0.8466685069952902 0
0.258540838710118 0.08778760164638544 0
-0.3634309437053404 0.0869572424437699 0
0.2414601855114714 0.9451098606424782 0
0.2670256472526283 0.9483602973511761 0
0.7518134958417245 -0.05493341638309346 0
0.4865516152168318 0.5647426286337229 0
0.4689284567213652 0.6269028499319352 0
0.7980149211601969 1.077185186491409 0
0.381478063695263 -0.07990912236904701 0
-0.3480478072362124 0.7954842759183345 0
-0.3303625717053341 0.8412528891954838 0
0.4985246092929114 -0.3008118076239101 0
0.5348591976357344 -0.3019033445675029 0
-0.5704404567996308 0.1010096824016952 0
0.3443630477517907 0.2137094639943021 0
0.2583963503460884 -0.2974588392334423 0
-0.2360414126604085 1.093207202792905 0
0.5949206990962713 0.874208679528879 0
-0.2319632884748564 1.293851717397772 0
0.5241474759581976 0.976050935703221 0
-0.5840248915504632 0.670610100457521 0
-0.6361000781618183 0.05898623786929369 0
0.3143583674815164 0.1565804096409644 0
-0.09935227305067004 1.313178404859956 0
-0.08121734437474379 -0.01004185422675818 0
0.4992851959835226 0.1222186575884834 0
-0.03417159384965792 1.321017307582894 0
0.0552032752049184 -0.11940611622834 0
0.1949389801089854 1.154191803182814 0
-0.126372611143982 0.1049393135140507 0
-0.005982366235287234 1.123698909833445 0
0.4409776659651335 0.02736468323555863 0
-0.1190103938072413 1.109009001187541 0
-0.1410951781157573 0.9343598409887056 0
0.5575844101195175 0.2186843914601937 0
-0.1578702077401062 -0.2717011393223319 0
-0.1661382249210696 -0.3035454823155423 0
-0.4256306915941477 0.6405011957387956 0
0.001621233489760544 -0.3147189816239688 0
-0.0339841331412005 -0.3135112432916281 0
0.1135625397614863 0.08789827868751365 0
0.1020230618641615 0.1081213278220633 0
0.4525968545310574 0.6879928803391826 0
-0.5440153854527982 0.7749066332441215 0
-0.8179317910624714 0.4326153942329138 0
-0.8297193838067816 0.4012881204684601 0
-0.6835017825801627 1.310890103418969 0
-0.6463275795130832 1.316713014976413 0
-0.6226521106035223 1.287541148215009 0
-0.6094113624412103 1.32359097961264 0
-0.5857194944945083 1.293180296530384 0
-0.7208230145484913 1.304788676057306 0
-0.5725279621797535 1.329410842139688 0
-0.5488198244902099 1.29945687711038 0
-0.04774979970323809 0.9456000337500585 0
0.8199028445296959 0.1865896728865266 0
0.4022299564827817 0.3168974737243473 0
-0.2259931426208257 0.0590868518037887 0
0.8123810460761631 -0.2755026807623767 0
-0.1674818063462932 0.868769841110813 0
-0.8256461367960761 0.6428541700648853 0
0.1960336123706629 0.1495562151718251 0
-0.155350369149218 0.07702990866960313 0
0.251356791171318 0.9692860991745056 0
-0.4172009773959003 0.3540971540395376 0
-0.401431709731659 0.3369908548024305 0
-0.3790069462602028 0.342973093410728 0
-0.3855629794358435 0.3202711261437016 0
-0.3633753662687805 0.3259878475578866 0
-0.3698315492575374 0.3037036055662097 0
-0.3477722151971416 0.3087982511772104 0
-0.3542995413976671 0.2871951126004154 0
-0.630241091764158 0.1708452440987634 0
-0.3986906305162493 0.5445831860636707 0
0.1274862508941128 -0.09703693193595186 0
-0.535531887601629 1.333661827181183 0
-0.512552191007138 1.304782319132175 0
-0.5256646793883124 1.270452900479397 0
-0.4979282290034041 1.336727294718504 0
-0.4897875889061154 1.276128384338295 0
-0.5025355567285089 1.242526184406467 0
0.81957644551043 1.047274146650894 0
-0.8299557295098772 -0.2723781808223812 0
-0.8043432831840889 -0.3005315443957033 0
-0.7319097170610409 0.994830404136801 0
-0.7665721642541998 0.9887745947045499 0
-0.7543259339642164 1.022090695180543 0
-0.7894634413032984 1.016147761794306 0
-0.8017469874771554 0.9822693938720288 0
0.8286729031093127 0.5100849755287632 0
-0.3726842285552718 1.100667215215252 0
-0.3927649691032862 1.125401862311446 0
0.3041634246606244 1.143044938015091 0
0.09000480461321669 0.9655026004827961 0
0.7929345016381875 -0.3085169378814927 0
0.8330802203342982 0.3922949305133389 0
0.6389173965110928 0.668501235895529 0
0.6554990966292261 0.6430206631741535 0
0.04129873345240007 0.8992623126825354 0
0.6148280557541441 0.3659706975757018 0
0.2466677487941042 0.06565306998355358 0
0.3935948728237785 0.5170204307099395 0
-0.2980167259296419 0.7641165761530062 0
-0.3807099989529696 0.4027146760376667 0
-0.4495642603462544 0.5751124877012509 0
0.79470112249916 0.6456935954371351 0
0.8300072837253282 0.6471858833361609 0
0.6334617958760373 0.7716576065937466 0
0.700509458905554 0.2743019132785169 0
-0.6376688847100148 0.3892867467538711 0
0.834949189711464 1.081297944825529 0
-0.2270033787810206 0.2022441063545329 0
-0.8250660271391299 1.009979525330858 0
-0.812590136077431 1.044191513244504 0
0.3868354925923393 0.4157788087447944 0
0.4258765112869878 1.32266171518329 0
0.3437613976252494 -0.2056729778541205 0
-0.8296372783110285 0.01149831418705971 0
-0.818388618979591 0.04571761856231177 0
-0.03166843438873337 0.8882444497134803 0
-0.7545657900569664 0.571954630493627 0
-0.7229651485136682 0.5774083116954379 0
0.4614082066036709 1.172720559155306 0
-0.8373799087686147 0.9757254902969716 0
0.1493661406528178 0.06622083826822223 0
0.06849636594140689 1.335162670659839 0
-0.2654997152999924 -0.3276495331072502 0
-0.3000308584798304 -0.3355016094879624 0
-0.3240836139043815 -0.3097016847408954 0
-0.3350544620615419 -0.3424969529525788 0
-0.3590940687357175 -0.3172199207757581 0
0.839818942044484 0.09593050286535376 0
-0.125691252232958 1.031827981715874 0
-0.6081387578897016 0.3187697479480159 0
-0.3794405724575836 0.5871450195856526 0
-0.4483397959875037 0.3888175488525351 0
-0.7073895430481727 1.340397953566393 0
-0.7452165195854135 1.334188489925657 0
-0.3531634749680835 0.6713726228067709 0
-0.8367052312806502 -0.02613074206032207 0
-0.1795551946664523 -0.09998011109673233 0
-0.1507465530521227 -0.09303902200993242 0
-0.1199663249382913 0.126817665765698 0
-0.1041564481090318 0.1103719013475899 0
0.2901724620155243 0.2311739945300768 0
-0.1206796535104963 0.8728451544979456 0
-0.507254165315254 0.8749038565521025 0
0.8314674578889211 -0.3089857941286378 0
-0.4244496449049561 0.3314751586365927 0
-0.3658303235898634 0.3864954178821411 0
0.8317020109631388 -0.2424374895882119 0
0.8127338223079611 -0.2090849867443529 0
-0.1046614159772036 1.222567449152755 0
-0.366035102730758 0.6307010946773537 0
-0.6461214985361285 -0.329745095252451 0
-0.6046388379302329 -0.3223382019736469 0
-0.2358973714889085 1.017159332793746 0
0.1375134242513107 0.9736264104875029 0
0.1624418268567742 0.9773979543377154 0
-0.3325538055992839 0.292304749148415 0
-0.3389537135759443 0.2708938034732038 0
-0.8064374280061259 0.4651139469299411 0
-0.8405620519055901 0.4591447168874003 0
0.06563713292002681 1.247869406165443 0
-0.3879359195954749 0.7477303585878372 0
-0.8540104146136955 0.03840608140291635 0
-0.8424721629823817 0.07289775489518224 0
-0.4238452701023707 -0.02583982662483941 0
-0.8417107445078373 -0.3087027693503731 0
-0.1708061690896966 1.213733821334302 0
0.5156262550608811 -0.3331388931100498 0
0.5527176455401461 -0.3341210648202741 0
0.7311832077543403 0.3894049552322518 0
-0.3445562465551968 1.340275214557951 0
-0.3088848358969383 1.345502039440231 0
-0.001418059781171335 1.230608633784697 0
0.5321029333258523 0.3654355568979125 0
0.849675463585446 0.4229883468398937 0
-0.5035327076735028 0.6829443245460355 0
-0.3701982851684769 -0.3502802611237716 0
-0.3944573830680276 -0.3248812987002421 0
0.1133440198988589 0.1279249874398562 0
0.09056620929834083 0.128109364666434 0
0.07913770928008616 0.1084347240419002 0
-0.7593327073604982 0.02580911541573766 0
-0.2090370888604456 0.04060345163407408 0
0.7596115010697593 0.6441986984580167 0
0.8462926641486019 0.6787877308550824 0
-0.09788226898235652 0.1319265952159525 0
-0.0834893266854253 0.1160203417823066 0
-0.8063798166542741 -0.2006336474128896 0
-0.4568634191786497 0.4288280099965184 0
0.2778089758213966 0.972521651887702 0
-0.07531161727488964 0.8816339233272349 0
0.6750101363894132 0.5149136196159667 0
0.6897054588554759 0.542002828820592 0
-0.2377342997350526 1.204221854127115 0
-0.3759291960784795 0.2813903338848056 0
0.1374400331793515 1.345738489750691 0
0.4273289600094062 1.168838992415518 0
-0.7019357836924059 0.7287233248685048 0
-0.398759547360894 -0.1788810005728508 0
-0.4079788468165259 -0.2090195313263923 0
0.364679565242331 0.3765666694659507 0
-0.5535278673006933 -0.2062628002104058 0
-0.5302241105237824 -0.2314977481729754 0
-0.4726767741723318 0.066916601307285 0
0.5007088720716762 0.5441566578032855 0
-0.712326460085009 0.6074307755271376 0
0.2413866841809871 0.8379732157658059 0
0.218753440824252 0.8352392881432966 0
0.2319201237035076 0.8171371509744758 0
0.545393756502687 0.4373848875904919 0
0.06791725921994954 0.1281258448006565 0
-0.5348911016751128 0.4590479095332279 0
-0.8433496223010021 -0.2083401440222042 0
0.206584972631279 -0.2042133498268922 0
0.3811731236875169 0.5357379844822939 0
0.6482749061885886 0.006267949304204101 0
0.6319497666895509 0.03624591944284172 0
0.6147801737692902 0.007081049871663581 0
0.5952347805253085 0.04029702425004522 0
0.5813423819715795 0.008376954172342854 0
0.6163152496840398 0.06817852013708975 0
-0.3799778221470468 1.33517392760335 0
-0.6809718519129072 0.7045503990947928 0
-0.6704844784754285 0.7342663480785432 0
-0.4673122407588313 1.248134158319585 0
-0.4802357606104928 1.215087874095997 0
0.1359029364823424 1.252714222957628 0
0.3334769391053723 1.34242447204169 0
0.1405320463670864 -0.2015022239249513 0
0.5185232716067588 0.3419375024679131 0
-0.8467916773632375 0.7634068731163435 0
-0.8157136372776166 -0.3371545178468134 0
0.6470506292196545 0.7996906751410517 0
0.2042308546131985 1.265418413553124 0
-0.1633127266634061 -0.0439803877677305 0
-0.6895420784712329 -0.05286636847937176 0
-0.04732052066970011 -0.2845200645215585 0
0.3118487794478328 0.273811629013745 0
0.5616623023571872 0.03459745658028196 0
0.5485556803031899 0.007896738268034775 0
-0.1346681004977406 0.1432553659403477 0
0.5507783750713016 0.6636228372061788 0
0.8117535102713261 -0.3423538461867943 0
0.8581252086938673 0.06444803226510043 0
0.8397150160205011 0.03269494100501102 0
-0.01666067778963581 -0.3445182491300786 0
-0.05233882165747945 -0.3433289650576787 0
0.02029374601277692 -0.3418421582726405 0
-0.8070961668232386 0.08006498150295893 0
-0.8309218843033377 0.1071332149630109 0
0.4956192656494162 1.176362089227153 0
0.4817895741776086 1.145112814200998 0
0.5158013130477627 1.148614893122073 0
-0.7324296800614496 0.5476245754645231 0
0.8506847329664555 -0.3427457503871183 0
-0.4053838140818394 -0.3593045325473263 0
-0.4300384228485608 -0.332834642959585 0
-0.4408964239643545 -0.3678591674122644 0
-0.4656738033999319 -0.3407954838265189 0
0.5352587296760365 0.6871278673637153 0
-0.4562042225149567 -0.3065482783761736 0
-0.8587459398494168 0.729791897547169 0
0.5649626838444397 -0.02015600973208154 0
0.5327971948467704 -0.01963140548141518 0
0.5482768403163542 -0.04797080673463394 0
0.515918101973972 -0.04747569472371971 0
0.531508403639832 -0.07599150402932864 0
0.4989536244766367 -0.07541775163926001 0
-0.3412154841698948 0.3301502561675825 0
0.3436148114161985 0.3321769863488417 0
-0.3388533212062734 0.9036359408654548 0
-0.5239986971093155 0.562448097128195 0
-0.7015910926492818 0.5528299859666616 0
-0.8486091571652287 1.038145241010692 0
-0.8360592652338902 1.072763506280277 0
0.2851704108801033 1.168092011414814 0
-0.28196138335494 0.20977111247695 0
-0.8535784219567676 -0.3454304613455293 0
0.05653487204000192 0.1089031723395019 0
0.04566897629873189 0.1285441071355923 0
0.06742687195860914 0.08904436181401681 0
0.3656583938948388 -0.1067691736410856 0
0.3962403707614537 -0.1078569481101466 0
-0.273626635252687 0.938258467439221 0
-0.2359900875620737 -0.1137842886701192 0
0.8568675292303333 1.050630048896313 0
-0.7997946012078978 1.078431694244714 0
-0.8230118235517168 1.1076836086482 0
0.274753720873544 -0.2065786776515937 0
-0.01394282300716918 -0.04032391540635138 0
0.8510328770176616 -0.2092662100862659 0
0.8318926736494001 -0.1759548506859405 0
0.8702576607945887 -0.2426613166075942 0
-0.2339710742071726 0.03524733357621262 0
-0.5088859658983887 0.9488313805669277 0
0.2093536364116438 0.8136963624081466 0
0.1965625880693683 0.8321316267386584 0
0.778852736869547 0.6151320224287919 0
0.2929309552407889 0.9513138588417682 0
-0.6569604418050257 0.4119303306917921 0
-0.3420492312831103 1.027007791278572 0
0.2385407658184696 1.055373800604038 0
0.2105961297951523 1.05268066914314 0
0.6839898897736137 0.3011740604435824 0
-0.1583105437427072 -0.1210300799819835 0
-0.1294845578771613 -0.1145115159882035 0
-0.8348569031907256 0.7967853956035693 0
0.03423464602983076 0.1096218539099542 0
0.02345462672117359 0.1288998756686303 0
0.01205951265105746 0.1100209141473838 0
0.0009484216555349205 0.1293415302158598 0
0.5144472567566216 -0.1041093284093429 0
-0.4026861443747245 1.096303439180665 0
-0.4273965026261716 1.119234938576257 0
0.1739914125840063 0.06642338513240476 0
0.1618457717601501 0.04464283358400839 0
0.8765766880472969 0.03257512883431585 0
0.8576173373291699 0.0007701776265100491 0
0.2053510168262398 1.361675136179815 0
-0.8316118063181467 -0.172347548384324 0
-0.4916089585030237 -0.3144869430433721 0
-0.5016993563376777 -0.348782646280094 0
-0.3126690301408608 0.1249851269815374 0
0.137227509300651 0.04422215183832606 0
0.2721305541511133 0.06649964934038172 0
-0.1215235984660741 -0.08554111605898385 0
-0.6325389809016103 1.353087131279889 0
-0.7113005079495105 0.5232613154071792 0
0.5120415749410169 0.5669306770270061 0
-0.7201593334690823 0.365214934298323 0
-0.01010698973452339 0.1106028061612422 0
-0.02082603517712818 0.129420964371223 0
-0.5149152349129368 1.209411472311566 0
-0.4934966158039627 1.182608128405037 0
-0.3699942862703556 1.273770246766295 0
0.2224910059558036 0.7957568241801238 0
-0.3589367946498742 0.4073557755241244 0
0.3715986705920413 0.515143310600607 0
0.669626539861914 0.670619250487695 0
0.1868583081995116 0.04509689964487085 0
-0.8289717933330343 0.4920968343269355 0
0.3156145639312257 1.172804899876679 0
-0.8636166795421982 0.4860147678781053 0
-0.8702531034903878 0.7906897241121348 0
-0.8579202300430985 0.8247382130598729 0
0.5052735471369749 0.3652788021259684 0
0.4919139310657621 0.3421096673885144 0
-0.620796855163015 -0.3574043992104592 0
-0.6575524530748658 -0.3656067462595947 0
-0.3147425229799302 -0.3673371511846677 0
0.8684883379454853 0.3930008866921021 0
0.868958006481964 -0.1753761728769858 0
0.8511864794321633 -0.1427995458578942 0
0.6835240665236292 0.1253253668846834 0
0.6673484155252131 0.154427072685639 0
0.6852509726345591 0.1851913767588153 0
0.6526780242271493 0.1833307962157535 0
0.6354145556932432 0.1548321583592327 0
0.2792506777162743 -0.0003319331242399581 0
0.7421200108980509 0.6108236454464681 0
0.5331747955393543 -0.3656384786920248 0
0.4957686421288703 -0.3645673107139068 0
0.5706683568251453 -0.3664772624248984 0
-0.8600700827211809 1.101465678726608 0
-0.8487372997162674 1.137433790816388 0
0.6632364609350817 0.2690034583641149 0
-0.7315263353525318 1.370224936170504 0
-0.7696062323809679 1.364044053159289 0
-0.7831786399797825 1.327896228315743 0
-0.8077900628654788 1.357786116293941 0
-0.8214547326362354 1.321363321875519 0
-0.8461633334085757 1.351484329386738 0
-0.8598100336437504 1.315005196198762 0
-0.8350883904330346 1.2848842553645 0
-0.8734466093649331 1.278485044465277 0
-0.8472941076015906 1.244866653011196 0
0.3047105964357225 0.9757148623632927 0
0.320298765403976 0.9539117057649722 0
-0.07646122658978012 0.137091598721151 0
-0.7958215574203404 0.1141222067827966 0
0.6644399815148934 0.7739912473408636 0
0.5020308823666146 1.117549176484218 0
0.5358376516611099 1.121110937122482 0
0.8658120041046954 0.6487530299078266 0
0.8489936528161067 0.617438333090974 0
-0.1109329577610524 0.09000142898761188 0
-0.8783954374440076 0.06562857894074531 0
0.48179310089325 -0.103532622460513 0
-0.5573843990904109 1.364935656728182 0
0.8131332614975429 -0.1428211292929569 0
0.8325585533012394 -0.1101816112801253 0
0.8702139352816732 -0.1100068618194778 0
-0.3314457262966888 1.374017400890174 0
-0.2952405272561855 1.379241611987535 0
-0.1382547195067472 -0.1437518770116366 0
-0.496611108007012 -0.2235653739772817 0
0.8764236578261186 0.09623648939360985 0
-0.5969135584539847 1.25922524693223 0
0.8714592381037078 1.084271765673148 0
0.850269454400374 1.115706498415217 0
0.1467794697964541 0.9966297750595678 0
-0.1936879180407824 -0.1903637689629274 0
-0.8740149632288414 0.453477457064934 0
-0.4657863276945272 0.5312106066848195 0
-0.4740497730872764 0.5084745642919348 0
-0.7455906507436352 -0.1266313174625985 0
-0.6503412256668016 0.7109956746409146 0
-0.639838161181702 0.7399804929506555 0
-0.6594056973125979 0.680991992968918 0
0.8848850205361473 0.4236985080350613 0
0.7369689164676136 -0.208781437375871 0
-0.8193350116666176 0.1409424963395067 0
-0.8546401809226164 0.1341807411978443 0
-0.8430324675930262 0.1682672325163669 0
-0.3174021242623117 0.2760956509512198 0
-0.3236550673831741 0.2547000370147889 0
-0.3455626760917225 0.2493863735874144 0
-0.3111302072911496 0.2970189703577286 0
-0.3561088070099377 -0.2261152356431468 0
-0.866291384921164 -0.2796583185053596 0
-0.8518863881918045 0.5195853679779314 0
0.5170735129398005 0.008373028891631662 0
-0.1825888975356302 -0.02341425793534779 0
-0.1544511392616931 -0.01608974561321808 0
-0.8677811788573889 -0.1804494710744932 0
-0.8568022097509825 -0.1439104298743685 0
-0.4543507180701834 1.281405710630942 0
-0.1325029861873557 -0.2953720176917246 0
-0.142328535066132 -0.3274732846208115 0
-0.1760318540914391 -0.3369796628908203 0
-0.1455318391093988 -0.3645597391117594 0
-0.1854936556240381 -0.3720159860889813 0
-0.1309618910835294 -0.2618349209543491 0
-0.8137371632333708 0.9482122129832049 0
-0.8495689510313561 0.9412619480572151 0
-0.873609844941496 0.9692747790701751 0
-0.3445999127494255 0.3912191831288408 0
-0.6645888162436041 1.005352293177932 0
-0.3888438407027318 -0.1477630100416546 0
-0.4204797971163136 -0.1545055500061392 0
-0.8787820063790013 0.1613509045673111 0
-0.8666475390379116 0.1976979620030869 0
0.5898218599544329 -0.3350073876027749 0
0.6083777720561537 -0.3674527498996275 0
-0.100810810263246 0.03444354789858117 0
0.5465727028714362 -0.1067747614414243 0
-0.5640558728607385 -0.2392635018664027 0
-0.4564712645512932 1.183065021736499 0
0.7696898466541209 -0.02526831526320783 0
0.3807643437696471 -0.1331748378692772 0
0.4098370192314252 -0.1321817729458281 0
0.3493478669450211 -0.1333354489639651 0
-0.586936315859087 -0.2136839392517824 0
0.8854699497302349 0.6183205256006125 0
0.8657937240490632 0.5858680108260811 0
0.5256677144067691 0.5449235838629818 0
0.5145530165370155 0.5231047372062521 0
-0.1082522933782272 -0.1366085323751098 0
-0.1160974517734097 -0.1656077505223769 0
-0.7442940537550292 0.5167013390202256 0
0.1018112933428185 0.1471948049866596 0
-0.03593164392900382 -0.3750060725495044 0
0.7054621113105012 0.5157145752316065 0
0.6905484674329656 0.4900377889044813 0
0.7205585238847839 0.5433885763676327 0
0.479124554394233 0.3648024769770748 0
-0.030217442089562 0.1111249361381884 0
0.882394993036103 0.6810128299108181 0
0.3318594575200225 0.9789357460439915 0
0.3485759934481635 0.9578310085585611 0
0.359461240432727 0.5340021893921899 0
0.3689062087418629 0.5533509278938267 0
0.8308584577990914 -0.3749160504574931 0
0.7921290574410116 -0.3755984251062631 0
0.8700726218231744 -0.3768629328463889 0
-0.07147070035831192 -0.3741603476804227 0
0.5236330642478123 0.6624498306328761 0
0.1879573278984083 0.8119358068855391 0
0.174832583074885 0.8296055169907195 0
0.4835499430108834 -0.04669552700445367 0
-0.3764270752439688 -0.3894312582065026 0
0.2616814947453406 0.9941912354061946 0
0.2352628647522801 0.9904286210827234 0
0.8107662900301852 0.5406997727210608 0
0.2965481038948307 1.197803099405449 0
0.2655403134300893 1.193181029583859 0
0.6197058684191965 0.1821712952481691 0
0.6035877016564957 0.1547122177229038 0
0.6360999063343866 0.2099553461349051 0
-0.5273928002966228 1.169300140430975 0
-0.5016532731543174 1.148285960590492 0
-0.8847497389462187 1.345167190728196 0
0.1723870799867899 1.000785308180444 0
-0.5171792779847882 0.43845882451151 0
-0.8271782960710468 -0.3762081156080728 0
-0.7893709289308857 -0.3660529815360782 0
-0.8652806559140489 -0.3849513669334235 0
0.4973986825842203 -0.1325479238845546 0
-0.5266882129845774 -0.3224142628444489 0
-0.5360007205581071 -0.3571900180270476 0
-0.5124145232055822 -0.3841877534643802 0
-0.545671627371232 -0.3941641124226885 0
0.2446412876325036 0.7990069958285051 0
0.2358532690199326 0.7790275535643997 0
0.5220087570184188 1.090250805543881 0
0.5557940944798296 1.093717720820262 0
0.5420711165818776 1.062952384229719 0
0.5756171988047272 1.066421947056233 0
0.5620926179485577 1.03577366077949 0
0.5954086056132468 1.039204224827319 0
0.5819653855545404 1.008701412311432 0
0.6151841415592971 1.012165345757396 0
0.6017785752727992 0.9817118591998051 0
0.6349114375939549 0.9851468036529519 0
0.6215435551653543 0.9547294032302694 0
0.6487395942147114 1.015944166398538 0
0.6546715800771972 0.9581657267751164 0
0.6423073183952377 0.9286285126349468 0
-0.6597477522118194 0.7635640986402498 0
-0.6292282484017215 0.7689687792763491 0
0.1239432267973704 0.1474001833743068 0
0.1494317937813445 0.02229432315543312 0
-0.8870084664604125 1.241999247656879 0
0.3836040190467981 0.6405064396506979 0
0.3740649524884166 0.6204457132460808 0
0.3609434317345208 0.6373488088157722 0
0.3518968438443342 0.6187426086953796 0
0.3399515709241702 0.6356427901109913 0
-0.3297631075361181 0.232032954633701 0
-0.3520225500540948 0.2263229145788326 0
0.6518148099877166 0.2998425614834089 0
0.6690621727237006 0.3283497004764369 0
-0.3841617227537818 0.92241605489814 0
-0.37355313541959 0.4235445342665839 0
-0.3523784654802468 0.4279022743347925 0
-0.3664370198113423 0.4438759944170039 0
0.509174035126527 0.8137776501314038 0
0.4974674798549654 0.7867326249086397 0
0.4807769639851394 0.8105130199739563 0
0.4693567848746663 0.7836441636274876 0
0.4866796273184709 0.7573663080511612 0
0.453036239201753 0.8072209082221767 0
0.4417958210659113 0.7802980126992785 0
0.4679872524186719 1.114360101867267 0
-0.8860012437229778 0.9343106334647463 0
0.6783583336070991 0.8027836100168146 0
0.6606190716193334 0.8283903863550619 0
0.8933600362652907 1.118846233766923 0
0.8657883882688134 1.150787624600431 0
-0.5705547088555261 0.9350602958869495 0
-0.5810502613635554 0.9056302037315969 0
-0.2215842204838026 0.1439838563995183 0
0.3960150766191862 0.4763964581539897 0
-0.5089299232996733 0.462897606353372 0
0.1827008463822057 0.8501541009173381 0
0.1614927889386985 0.8464668491517968 0
0.1543350782863873 0.8276840714754619 0
0.1401154693438076 0.8434390791098344 0
0.1480323212961629 0.8635527765789195 0
0.1272602034058317 0.8600653770386619 0
0.1187150260799314 0.8402240222050458 0
0.106234322157218 0.8559531208421478 0
0.3534145770865368 0.02325320723642482 0
0.3857177175613435 0.4560234633403257 0
0.3738012675448146 0.4750433239227275 0
0.3638967593011208 0.4555294993291762 0
-0.8595299122968758 0.9085681350980046 0
-0.8963490363910567 0.8975267764845243 0
-0.8842526649694123 1.130499975238863 0
-0.8971405389725595 1.095157429059742 0
-0.9087345622560745 0.9621460465225173 0
0.5322319285190675 0.4133944366467852 0
0.518205469194827 0.4370832141233962 0
-0.5258851175903057 0.4128705126010663 0
0.3479774713907448 0.6555418907473841 0
0.3274200114523783 0.6530544351178116 0
0.3351943289847993 0.6721838605981598 0
0.3142768494283774 0.6697003358967142 0
0.3226394576825883 0.6891384983959944 0
0.3016461267502833 0.6867192927474579 0
0.3100545205864425 0.7061610880362477 0
0.0113116995731944 0.1484787544300105 0
0.5312975390226881 0.4603423096464475 0
-0.7722914091872985 0.0874953566237302 0
0.8933369358290402 1.053617084632081 0
0.8776472477677066 1.021529949005282 0
0.3840745114795553 0.5989682727214374 0
-0.8889283325966 0.02893012171667564 0
-0.9149336540620145 0.05805656792775837 0
0.4070139954733198 1.196031866687654 0
0.3941719713037635 1.16517438099208 0
0.4139340649770576 1.138249627966077 0
-0.6121104570047611 0.9001069753060221 0
-0.5917196745137135 0.8761549065512939 0
0.5081878472910459 0.685392532426002 0
0.5197756178939361 0.7104735227556129 0
-0.8099566415841465 1.143040116896364 0
0.2572565267454921 0.7813689868268581 0
0.248425749801056 0.7618813695656654 0
0.2697395390004163 0.7639627640810762 0
0.2609507883543757 0.7446012307213905 0
0.2821435186840467 0.7465716138612128 0
0.2748954160208649 0.7249430394302936 0
-0.274352099070634 0.9828446539145372 0
0.5413647066901457 0.6392207788729246 0
-0.5494682484034785 1.202457618836327 0
-0.287477698238473 1.169780825748679 0
-0.8709363746317909 1.381898411879422 0
-0.6806965862584585 0.5289372836698879 0
-0.6952527703050053 0.5003365612803704 0
-0.6706955774381425 0.5584953646541063 0
-0.3835412317634032 -0.2909102413412975 0
-0.09132306415356106 0.1528170699416038 0
-0.649092659024807 0.794455606680979 0
-0.6186486385968039 0.7971813763675553 0
-0.6381950683131257 0.8215604102033773 0
0.4643756801248788 0.8329640331037492 0
0.4368156488432083 0.8299105321484472 0
0.4481148025772296 0.8553714988664998 0
0.420647293472517 0.8522942271593968 0
0.4318366215068341 0.8778032928654409 0
0.4044123781148397 0.8748921852148416 0
0.3932158389167031 0.8497793589419185 0
-0.5025340158458687 -0.1370276981792636 0
-0.1348906558806482 -0.03686947541226715 0
0.8999537679147279 -0.00554070580998367 0
-0.6328133087446264 -0.0748806833658282 0
0.415563900074381 0.9002835285431141 0
0.3880409125529656 0.8974004511887904 0
0.4029283207811105 0.9225011930144111 0
-0.8871291903910318 0.5132911131442007 0
-0.8751957165958337 0.5473623028222858 0
-0.3840065685293115 1.07124420764994 0
-0.4121934037957596 1.069197320493459 0
-0.2963750057679989 0.2812626118066008 0
-0.289762745058316 0.3013788672534641 0
-0.3028998322883499 0.3180554297910134 0
0.4895265638992041 0.3920399971699329 0
0.3500672271225909 0.5137917100694119 0
-0.4106809829241935 -0.1239971524068629 0
0.8478077126238368 -0.073586533064676 0
0.8885823823057045 -0.07854686842701863 0
0.5502714642923753 1.152026776692797 0
0.339386720493297 0.9318421104199878 0
0.6501643197006461 0.7464291283020996 0
0.6831842164305085 0.7518281759507277 0
-0.7196371204165404 1.027862287940948 0
-0.7419345759616959 1.055332297225747 0
0.8704185801113414 -0.3090652782318847 0
-0.6932604490475773 1.376629315261767 0
-0.7177546649329726 1.406534934531971 0
0.05860532006401441 -0.1716047597201404 0
-0.2500135039599076 -0.1738401724024538 0
0.1128012770017797 0.1657447472556306 0
0.1340905686139607 0.166258443122311 0
-0.279452542008842 1.118085389957265 0
0.6880371972130377 0.6436443666277728 0
0.3691410837000407 1.347022396450852 0
0.3474426532584683 1.374694981368812 0
0.3837279906356736 1.379808969180144 0
0.6746456098128175 0.9313350722756868 0
0.662755441195227 0.9045745163044308 0
-0.4348085655474688 0.09473470813131152 0
0.4615600429614212 1.327115238303898 0
0.4664169528829389 0.3423024714324732 0
0.4788563342572842 0.3200131007269332 0
0.4534984541835811 0.3201351412686742 0
0.4657074231551149 0.298064551588173 0
-0.8807354653493609 -0.2164198996960014 0
-0.8974745635521002 0.9976395284962035 0
0.4101981912678957 -0.07989476118238792 0
0.6719693642587532 0.6176549229858431 0
-0.4578191186428369 1.01214060108577 0
0.8279945104899284 1.146623677623515 0
0.8430673502873458 1.181809557615077 0
0.8807829736004236 1.186207253751973 0
0.8584630281257974 1.217022622053274 0
0.8202097608554039 1.212784058510136 0
0.8356827896906078 1.247937755215756 0
0.7975015165004897 1.243624160933161 0
0.8127784078414407 1.278996094239277 0
0.8511376135010321 1.283392812012222 0
0.8281650948710115 1.31457124938049 0
0.7896202962248451 1.310090622404918 0
0.80495535552023 1.345750698799701 0
0.7663459159400895 1.341182628033029 0
0.8437577855924356 1.350357598766156 0
0.7508184400612976 1.305713882011971 0
0.7276383181411892 1.336649999961389 0
0.7430289423882825 1.372274197539222 0
0.7044470872907482 1.367572778339048 0
0.6891859548610229 1.33204733828632 0
0.6660111676686653 1.362815502841203 0
0.8970450550649105 1.221244456796057 0
0.6511448652453116 1.327378599165351 0
0.6279589895285195 1.357981347420676 0
0.7821578705920077 1.208599184264161 0
0.8203381967770972 1.381744054418278 0
0.8593924930165553 1.386390970833651 0
0.8828604415280517 1.354772033344854 0
0.8987064878336414 1.391110244542059 0
-0.8357808741963551 1.172932808114227 0
0.3114873464903702 1.370793104595389 0
-0.1810235925470705 0.04520668421421636 0
0.3333026980224253 1.149509531205938 0
0.8624401668246749 0.7108568484659643 0
-0.8182761676792195 0.5243926278617977 0
-0.2731482505404694 1.35060478921562 0
-0.2588554835815609 1.384225951847101 0
-0.2367833335893813 1.355483245707861 0
-0.2224788363285811 1.389387955630295 0
0.8514046974978213 0.3622616987364713 0
0.8872513488184284 0.3623502039747196 0
0.8700661886787002 0.3310753804063648 0
-0.8188491925592144 0.3425033536644989 0
-0.8303167317119267 0.3096142461784279 0
-0.8536459015548212 0.3359951275857188 0
-0.8652119709971506 0.3023129462368626 0
-0.88918881458689 0.3294323027017871 0
-0.8418648166349334 0.2779023076249537 0
-0.877612184675586 0.2660816603518504 0
-0.8770811049660305 0.363941818932665 0
0.2844258384076835 0.08875565500596894 0
0.2982226333304679 0.06720821736371207 0
0.3108460785131589 0.08999386744412285 0
-0.9029595934762475 0.09343528377849941 0
0.7633290750570517 0.5848624393406761 0
0.8474883894384739 0.4823503648700321 0
0.86409404709402 0.5116366858156234 0
-0.6276463544305502 0.3404397592283973 0
-0.6370307444643147 0.312253847333848 0
-0.6571962270828783 0.3346230706283476 0
-0.6667685324739503 0.3045820071405856 0
-0.6468144272287979 0.2820118850251239 0
-0.4331735192966374 1.253904433750368 0
0.05829968065801018 0.1511044701462996 0
-0.6470671705419321 0.4394509407972428 0
-0.6767812456887548 0.4347695731166344 0
0.5902736375851074 1.096767377930757 0
0.4834715712822585 0.6067542562098609 0
-0.5933307693089661 -0.03926973626537134 0
0.6191886532755089 0.1274385226054737 0
0.5876904221864866 0.1275616029051975 0
0.6303535968442749 0.3900551580095278 0
-0.2179078056822841 0.01640506495739763 0
-0.2511523424777865 0.05376230119312314 0
-0.2592596054749637 0.0296200833017074 0
-0.2769347431973211 0.0485315866585686 0
-0.2848954012126559 0.0235624142714887 0
-0.3025688838479114 0.04321198553965599 0
-0.2945675869249256 0.06798144632936032 0
-0.4704161603985234 -0.01602104197953391 0
-0.440665374744315 0.3488532633370379 0
-0.4467744514244761 0.3255342265615964 0
-0.4312029049587703 0.308022405003311 0
-0.4664157223529475 0.3417123512644534 0
-0.4539352473369891 0.3018914112916832 0
0.3734360952725416 1.191641201105898 0
0.625480052332313 -0.2724394393200402 0
0.4401982776767304 0.2979636726866744 0
0.4526488958046422 0.2761411542509063 0
0.4274852841247827 0.2758511940429711 0
0.4396343965059721 0.254376322029831 0
-0.1999595760227493 1.360927186269599 0
-0.1859356305707912 1.394544548677457 0
-0.1633641434433473 1.366046556331411 0
0.8578406183884122 0.1273792864977888 0
0.895106965049526 0.128302462318417 0
0.8760013659584908 0.1597213787958464 0
0.4682254750106429 0.4395679737690807 0
-0.1847991954358029 -0.1277550840635473 0
0.1225468100022734 0.9914988456952989 0
0.4398739560081903 1.35627789364717 0
0.4763579515044814 1.360870298891586 0
0.4544793737974795 1.3905537980383 0
0.4916066835081134 1.393937871675554 0
0.5135835846074761 1.364933235964731 0
0.04221023640316147 0.05006995346572407 0
0.05442387777450295 0.0283336869774613 0
0.6850765334262996 0.2441591825303897 0
-0.8940481903142303 0.8185847922371017 0
0.6268189915752063 -0.3357905793591668 0
0.646387763684683 -0.3688149683861344 0
-0.6207605776977828 0.7170085518606628 0
0.3488177644986448 0.4757500184848564 0
-0.367574525449291 0.2439439335593002 0
-0.3796524899761318 0.769859721810439 0
-0.403371705785768 0.7660319504630704 0
-0.4109687680259702 0.7432939539188682 0
-0.3950840977373521 0.7889249780425195 0
-0.4194970760120422 0.7849858791070055 0
0.7032671764785976 0.6721271038153473 0
0.8171520370627534 0.3029982658196381 0
-0.5134724826556144 1.08647333114035 0
-0.4816139084240945 1.091808326628114 0
0.6428554610817132 1.39352416406455 0
0.602952488410841 1.389414354098098 0
0.5898022090742432 1.353157909634934 0
0.414616089647703 0.2540896126558042 0
0.4266854752321704 0.2325022524299036 0
0.4013455937188606 0.2324122877534944 0
0.4136539085784225 0.2105745356843153 0
-0.3201156098869751 0.0628038369424484 0
-0.1493101535885991 1.399217805732256 0
-0.126767831977551 1.371114022905966 0
-0.1126904424410302 1.404255637024563 0
-0.09011241374647538 1.376153462918524 0
0.7595306167081255 1.239142772738308 0
-0.3510502495548607 0.3707092943844912 0
-0.3301193024491518 0.3750254906163278 0
0.5477049892207385 -0.3986099291102582 0
0.3245834955867477 0.06762039667185415 0
0.3372027147710812 0.09104148212500407 0
-0.4129499156806768 1.148718338305797 0
0.1552518266692562 1.022906634752369 0
-0.1623164183851169 -0.3956833508449137 0
-0.1940289459374517 -0.4061977639061061 0
-0.2206902313068936 -0.37998555364713 0
0.8833429375175976 0.4837894531977898 0
0.9001951414147324 0.5157765946095543 0
0.5291294578233751 1.397490628397322 0
0.6256187563495561 -0.3999755977681764 0
0.6650129413833021 -0.4016274312238508 0
0.6851463722172144 -0.3700483137266036 0
0.7039849004103559 -0.4032175896268144 0
0.1356687184671442 0.8786080433399025 0
-0.8956322663938372 -0.3529168676795649 0
-0.904268309127797 -0.392864721187039 0
-0.5267901689431069 0.4827656272568248 0
-0.0548683320431325 -0.4062076665328305 0
0.7943683568815931 -0.109941238127528 0
0.7757863232817085 -0.142715924118657 0
-0.3747642394902929 0.2218218296919013 0
0.3292724662868216 0.6161676974539479 0
0.3450340219058037 0.5995953260551394 0
0.3157158825899726 1.001125733571048 0
0.4930148942424027 0.7086025959740028 0
-0.8991214639414732 -0.1546098653651202 0
-0.8832150908013165 -0.1157179855052743 0
-0.5506972832070206 0.9112600011486331 0
0.1875689787251144 0.9808495835860572 0
0.06708694043901944 0.04922299109456763 0
0.07914126136464671 0.02738614955030266 0
0.4667187100674127 0.6674786624789567 0
-0.6319584325717513 -0.3935242850684736 0
-0.7893751956813425 1.39466919542116 0
0.7042468352634126 0.5693631089107032 0
0.6307775836410786 -0.02253513960171161 0
-0.1150855741784403 0.01326392312082969 0
-0.1269999011758955 0.03580251609475388 0
-0.5996399433143113 0.7743077904146786 0
-0.5846332615263877 0.8025415815824408 0
-0.4415616731394283 -0.1306676961093842 0
-0.4321833425302001 -0.1003544921319963 0
-0.4507423146389106 -0.1599406704603888 0
-0.9115349717780443 1.271865748102497 0
0.06687190525101797 0.005848115558451494 0
-0.09217138029940686 -0.4031099066251214 0
-0.001278414000112114 0.09129783885802001 0
-0.6690896660736245 -0.4014518635086228 0
-0.6939983301494942 -0.3737882423636325 0
0.6923095629825133 0.8321068034899364 0
0.09020074764211557 0.04734571192166959 0
0.9144824155361837 0.03153576964181315 0
0.7223804243491971 -0.3712559473496602 0
0.8984444255730533 0.7133146426033032 0
0.8785236348067178 0.7440157616162804 0
0.5363406486615279 0.5666023486076049 0
0.522965444873366 0.5899551415372803 0
-0.8204719619084875 -0.1369011145793519 0
0.7154145514293597 0.3607963683745121 0
0.697547745703039 0.3889846263938994 0
0.7139546504022307 0.4171849366486654 0
0.6788997954312228 0.4157200017804841 0
0.124924246758315 0.0227201455109477 0
0.3439523773800505 0.6916223591789836 0
-0.3898525930278887 0.2388664545447233 0
0.09771042688652695 0.8375411948054959 0
0.08471123497458828 0.8527384428895711 0
0.3481990851663935 0.5513623252991653 0
-0.07013889939471019 0.1578869009860646 0
-0.6657036263132032 0.3837911494072341 0
-0.8311070786319512 0.2037394720913284 0
0.4596489566847692 0.8808473910711085 0
0.4735265004925471 1.424412166347067 0
-0.275870250481525 0.2853501091862111 0
-0.7976367622334358 1.17873028869066 0
-0.01747820886482745 -0.4050906492009506 0
-0.3086954369869873 0.2390801168419919 0
-0.410158059492585 0.8083778949462228 0
-0.3860124895145514 0.8124135032644673 0
-0.4010843668296373 0.8322054070749257 0
-0.3770851130833888 0.8367552661396969 0
-0.2679636696397947 0.004502937328790035 0
-0.3279925969773104 0.03825985492150474 0
0.67536567269759 1.295320546472643 0
-0.2926877041245423 -0.002310146903700461 0
-0.5005716428798521 0.4182740034884338 0
-0.5081207702463317 0.3933929507584862 0
0.5800761327984685 -0.05006805147060645 0
-0.8092299351661377 1.250582749794212 0
0.2276475424509113 0.7599130621692646 0
-0.3781033049778515 -0.1182794067413333 0
-0.391916392713414 0.8563694537550627 0
-0.3675811437151473 0.8609690272310632 0
-0.4896258920090045 0.5270521285213183 0
-0.4815723123257799 0.550028907193217 0
-0.6520468027297048 0.5355853801856854 0
-0.3463944810736393 0.4483157276993392 0
-0.3595376637973731 0.463908213930909 0
-0.3390395650620928 0.4679983302990899 0
-0.3531051887246456 0.4833741112980051 0
-0.3736394816897958 0.4809517336317912 0
-0.3664708241758246 0.4995197096646253 0
0.9135093455327592 0.7450282790591898 0
0.8946651468099618 0.7776070018354139 0
0.9016698577937722 0.5835167727021162 0
0.07678092811901174 0.8353062937854386 0
0.06381533157238554 0.8500695690621642 0
0.07144555280883222 0.8678724092081979 0
-0.05551784271685917 0.1425430530701639 0
0.2590012025127354 0.04395682345785434 0
0.234260071429251 0.04366557666793269 0
0.6367186670801114 0.2780460717237647 0
-0.08577916445465664 0.05540941723331788 0
0.6878053409806387 0.9628939681826616 0
0.3587887447598272 0.9836015605029079 0
-0.8006519474679434 -0.4034219425028223 0
-0.7638124246640041 -0.3950444834309967 0
0.7242490452967767 0.4887663085100285 0
-0.7624614544977162 0.1215023453073798 0
0.3891212643673014 0.2102806285051645 0
0.4008187539963393 0.1885550561689721 0
0.3762079607281271 0.1882729729677025 0
0.3878608376634172 0.1664749717899546 0
0.3623711743475959 0.1667425203808248 0
0.3757048506247367 0.1447143481134846 0
-0.6224418189816214 0.8703660632796197 0
0.5048527545878229 0.4603049974905559 0
-0.3950989712796873 1.043495451729223 0
-0.9056557556818469 0.7847735683344544 0
0.3043417821995512 -0.1040835335466738 0
0.288518590629579 -0.1303247276677707 0
0.2573790952893982 -0.1293411556991529 0
0.4649701556552903 0.2530664062168406 0
0.6448202242512466 0.4641032503821057 0
-0.3142225171894496 0.216687460629289 0
-0.1085922656359582 -0.3183987307005429 0
-0.7739027456897779 -0.4319447884151999 0
0.7462835356948508 1.202991297396404 0
0.4774321216823108 0.5011879375742684 0
0.09212225825152201 0.1644269760429041 0
-0.7532517445837789 -0.3561132564228944 0
-0.1732465331837187 0.002964486616753748 0
0.5411817451908895 0.5236186509582148 0
-0.5964171206373927 -0.2490844719581656 0
-0.5731184243382756 -0.2735414112964913 0
0.2913550355921851 0.7655321370036772 0
-0.9029510759199635 0.1897305717279488 0
0.1983695747364337 1.004898639279896 0
-0.5066210602860914 -0.2567731435024029 0
-0.4727348524123116 -0.2487102197596246 0
-0.4642399598114393 -0.2168159942155748 0
0.2249971054572985 1.158470118369756 0
0.2060079696924597 1.182956508123176 0
0.1760611059322877 1.178018697748144 0
0.1869066571986784 1.207340023396432 0
0.1584135912849003 1.202806580733138 0
0.2176230442409459 1.211736632744895 0
0.9192851950899912 0.6820821539679581 0
0.328941641093637 1.406865596511753 0
0.2889970255553842 1.400766009953076 0
0.7413157869549962 -0.4043237830539661 0
0.719762472519542 1.402721936042072 0
0.7585109046699798 1.408223606384734 0
-0.9208504777976252 -0.1218132846324702 0
-0.9072828016530837 -0.08674892147967339 0
-0.8713215108177332 -0.07974523345807638 0
-0.8967302593581892 -0.05040574416405785 0
0.8153217246646404 -0.4050617229606028 0
0.2956368190250288 0.9074814027540303 0
0.7880193148634735 -0.05295443732576754 0
0.5892412156110269 0.1811237347192741 0
-0.9103373602768898 0.5416229700996751 0
-0.8987584547400722 0.5755709266984392 0
0.4921353636187542 0.6312658969016275 0
0.6126714781133288 0.8495992706710039 0
0.05001890107199359 0.8650298106358802 0
0.04365627213368809 0.8468958045305223 0
0.02976104944076465 0.8620097956825363 0
0.8581443438877967 0.7731715744560401 0
0.8740416047025112 0.8076286451540194 0
-0.3179236156631189 1.40701246478773 0
-0.3532276501160498 1.401999914267757 0
-0.2322909584523007 -0.3194814963120747 0
-0.4631148622177154 -0.106637749803294 0
-0.4519417209629938 -0.07532435018733452 0
-0.07587060869696458 1.40836891737277 0
-0.05335594734877437 1.381038274637281 0
-0.03817726206689144 1.414510366596314 0
-0.01636747002159294 1.386235589118146 0
0.4656821331926098 -0.1321796284446543 0
0.480336059162527 -0.161243385306678 0
0.9056720508691991 0.3317543441265115 0
0.8887864176315932 0.2987830244877822 0
0.03121120923290573 0.07015665842781277 0
-0.8352962358205738 0.7035812594398869 0
-0.8707189509130552 0.6961289975322946 0
-0.8944131588393472 0.7231690657152655 0
-0.905287754633628 0.6880634664704706 0
-0.8822837262131793 0.6622232611708353 0
-0.9111852100968925 0.6590371831002081 0
0.6130078184977 0.9265198305975093 0
0.1101628714162445 0.823446239728134 0
-0.7404198701026298 0.09471750644852966 0
-0.6420707680799176 0.5632631427333317 0
-0.6607243175432105 0.5869841102863768 0
-0.9135472503694005 0.1538377939006214 0
0.3214398388989265 0.1126436497836767 0
-0.8224754470308187 0.8289633405855975 0
0.3108091518164603 0.04561129081405041 0
0.7224314709306104 -0.4357254434516469 0
0.3826553344761618 1.132074903421899 0
0.3771099226155306 0.9594965471359027 0
-0.4208108904604686 1.28879976880647 0
-0.4454947175656803 1.310037398574837 0
-0.7051227259334912 -0.4102935202270145 0
0.6522668242417962 0.6961954995657087 0
0.8212961161193706 0.002159571138830418 0
-0.9355106721515418 0.9890727918727578 0
-0.3469377304216474 0.5019627902404135 0
-0.3596452446800362 0.5189132047275667 0
-0.3784667491033727 0.514512558724816 0
0.3426210980666538 0.4544749749505281 0
0.3539583963404445 0.4368907017154877 0
-0.08805235824625821 -0.1601552992204612 0
-0.0954361073264612 -0.1893222875750964 0
0.9101152806183581 0.8119668351021639 0
0.8904436341951294 0.8426561318413437 0
0.8533355826843985 0.8360867426026324 0
0.8690378239406289 0.8715759247524343 0
0.905221802360337 0.8767600414831029 0
0.8852281964307838 0.9072498879239754 0
0.922246513187949 0.9119494565604027 0
0.9013419320400022 0.941941287313578 0
0.863876651085169 0.9386240701326884 0
0.9364233401143263 0.9432348868031606 0
0.9196848999119964 0.9699926477860099 0
0.1979586103902291 0.06687913504929899 0
-0.6409045965095342 -0.1978077966924739 0
0.6940309337363697 0.9062695255530879 0
-0.9082125132766925 1.379700357356858 0
-0.8945143878049358 1.412866521114505 0
0.02405218541607937 0.84409386299384 0
0.009454069482924191 0.8587680762099011 0
0.01386415179458233 0.8768049816198782 0
-0.3406248340937992 0.5206224106176096 0
-0.3514305945517749 0.5366862967491625 0
-0.6014685449437995 0.847770745234077 0
-0.567897816319879 0.8497863787474436 0
0.9082133499870914 -0.1099467464189294 0
0.3496211831524861 0.1148045159583116 0
0.6405171240570484 0.3297376318440552 0
0.5168142045167646 0.4818334458393386 0
0.3041351903436988 0.7469633091561724 0
-0.9321522625624643 0.7143488322060457 0
0.2526819937720062 0.7243382249985041 0
0.3784766760645276 0.2330928688284639 0
-0.8646379401998684 0.5825684018332919 0
-0.2306690570416206 -0.4136887025763493 0
0.3575066112746265 0.5701331152768119 0
0.3369502439397369 0.5688216871259355 0
-0.1238647782166177 -0.1956518324670264 0
-0.07736339675189743 -0.1309511435510176 0
0.369403652946035 -0.1576524464875215 0
0.3379914853489601 -0.158793175353488 0
-0.3811784380159815 0.8800452374385506 0
0.3068651323530376 0.6506375120797112 0
0.6452467787821285 0.3650278884972095 0
-0.4622648539799823 1.066783603984024 0
0.3266087648921873 1.205036134432587 0
-0.692390654921236 0.3260811219876919 0
-0.2767734200045518 -0.02273050110529495 0
-0.6793244597190241 1.412536627386556 0
0.7787230049351823 0.5343411094858934 0
-0.3299290397710465 0.4343565094285343 0
-0.256430280359395 -0.38798922981116 0
0.2727303564019087 -0.1559327698321168 0
0.2404615414145614 -0.1549143278365139 0
0.2268513048960291 -0.128025008905595 0
0.2085447988358596 -0.153978580970035 0
0.2467662229421454 0.01979725182964209 0
0.2207933660730597 0.02017322855777248 0
0.2337011285590282 -0.003952056038485807 0
-0.7073946354656182 1.060062268188964 0
-0.7293865546682194 1.087179840155721 0
0.5149518288976199 -0.162687148688124 0
-0.2462879479135192 1.415653484469374 0
0.9226274364421578 0.3627186014907262 0
0.4482807016160696 -0.1598152137155062 0
-0.7130310591404052 0.3966117687966249 0
0.7972516388185218 0.5870466047208893 0
-0.3103320331063142 0.08623970893615929 0
0.2774437102865501 1.221849004848219 0
-0.7065863869786635 1.441726252044124 0
0.5675795716384554 0.9755357292395241 0
0.9130881178355337 0.09695367301280816 0
-0.4452962374561818 1.145680586235832 0
0.6937935334895867 0.4417262458531676 0
-0.4390706650996996 0.2789748825587112 0
-0.4149511797777894 0.2897508291682154 0
-0.4183895110220764 0.2694462452502324 0
0.2458653577020001 1.014207542737158 0
0.2724600861523299 1.018040939435535 0
-0.1026268249524808 -0.2190604525397989 0
-0.07267811739847049 -0.2126487560150624 0
-0.08058802723445783 -0.2485123929025993 0
-0.04953526559463628 -0.236405386051096 0
0.9162898692221446 0.1605266584555725 0
0.8947579014208956 0.1928965020173692 0
0.9326954409454015 0.1934651345606505 0
0.9116349130517361 0.2253349426231487 0
0.8745587453020058 0.2236882538254311 0
0.3302077798489066 0.437537593416062 0
0.3441398668486951 0.4192005059695708 0
-0.6665712880061039 0.461958725890934 0
-0.696341755338647 0.4551818662200242 0
0.4815267447479385 0.4189979780186336 0
-0.8817473152939433 0.6097794784823907 0
0.00359091059400275 0.8364175272231341 0
-0.0113401008233019 0.8555852837466495 0
-0.01884668696733178 0.8356909290031056 0
-0.03161025477244575 0.8516585566086339 0
-0.9115595733944365 0.3565358267556124 0
-0.9006540177791951 0.3915694953301493 0
-0.9254496588984884 0.3220101007234716 0
-0.3581853045108828 0.2031258341366375 0
-0.3814568982884481 0.1989097099210277 0
0.9195820920826151 1.192795288165125 0
0.9347059076605461 1.228069307541696 0
0.9108002455808402 1.256437966042545 0
0.4621445640502665 -0.1872014069077141 0
-0.6943639755163139 0.2965275904591521 0
0.3778490430108258 0.5741796112827354 0
0.2856401551959133 0.7033360892300028 0
0.2985148272210973 1.434033844795251 0
-0.4843636265180234 0.3995203903011811 0
-0.4921905464153565 0.3756248349897902 0
-0.5165391800465752 0.3688213948934698 0
-0.8450363471114882 0.8572870761334698 0
0.4631243374974751 0.3845161157959044 0
-0.4404146693625485 -0.2418304709617694 0
0.9294577864228456 -0.07213791894088928 0
-0.4332898588129992 0.808220448667276 0
0.5476750899055507 0.5885239272231223 0
-0.4427321918303512 0.7849902097167503 0
-0.5632230821288623 1.169762262292934 0
-0.5854519682988339 1.19844676005311 0
-0.6234149753251537 1.193363237179421 0
-0.001617219563379594 1.420833862501217 0
0.02051683595703663 1.390898211406428 0
0.008887467104775865 1.357821202529143 0
0.9339684606191223 0.004213678189923464 0
-0.3460987130028337 0.05776278582171895 0
-0.3535879073766439 0.03498546765137944 0
-0.1681749600942088 1.429538853660622 0
-0.09889242379229719 1.439220678292832 0
-0.9251858495316945 1.236975774387867 0
-0.9002684035911216 1.204441608930733 0
-0.4946044897161996 0.3468729443825413 0
0.9168989290632498 1.028690826677349 0
0.6723366652935128 0.8559281648539223 0
0.5037232448353559 0.733900108997253 0
0.4762528058922284 0.7310619462102006 0
0.4570123375729884 0.7527791265519697 0
-0.8785770129350425 -0.4219114155328897 0
0.452575274070144 -0.1044552103137082 0
-0.3254641308145024 0.3954436211847618 0
0.9534598427566823 0.02901552490608028 0
0.7123782912848773 0.8041251161050004 0
-0.5637748531091457 -0.3318435216037021 0
0.3708811285509429 0.9201053468573562 0
0.3610591547567977 0.8930187226446252 0
0.08983794451694667 0.005148375972813701 0
-0.3014290471683608 -0.0236384434212501 0
-0.4976604639896224 0.5041848589502472 0
-0.4806318883448036 0.4866045236640525 0
-0.1460740597632669 0.01257266635510079 0
0.2802989788828872 0.681271898287404 0
0.7040929564198036 0.6175226215009078 0
-0.6333212108942405 0.5907110994905627 0
-0.6541605346730337 0.6129277267505597 0
-0.3377375888717218 1.439010806947951 0
0.4269377785074352 0.1887033785969713 0
-0.05124809181901559 0.1631842690690813 0
0.166872429064587 1.233175588701599 0
-0.8217349314054091 1.210350656168392 0
-0.6223332903319442 0.5394754235989911 0
-0.4201562092605106 -0.07226920753588595 0
-0.8905361216899561 0.2286329365928847 0
-0.5237043358909572 -0.4221299450914451 0
-0.4870885209427616 -0.4123343179139672 0
-0.4944954260343602 -0.4481050631406389 0
-0.1530439581856066 0.03716481750581591 0
-0.1618793025723861 -0.1819603516376441 0
0.1232713048585273 0.1871359405882944 0
0.1442314930145758 0.1847026033978594 0
0.1562922558154903 0.1670538655000459 0
0.1652933092478731 0.1855028046921227 0
0.1550796064160888 0.2009243664477214 0
0.175120445950193 0.2020833759263991 0
0.1860469169997237 0.1861583116514939 0
0.1956902731497148 0.204484914999489 0
0.2070446306625119 0.1868538834957779 0
0.2170955692232189 0.2056578938654058 0
0.228160802646998 0.1875276336385661 0
0.2378966569042938 0.2071630605993212 0
0.2269625499831273 0.2247008730799523 0
0.2476091457127754 0.2262709215891914 0
0.2368546048374695 0.2430218905096468 0
0.2574609368225555 0.2444440437049433 0
0.2471757517070113 0.2607767657311619 0
0.2670788277021601 0.26285494940717 0
0.2168064120895616 0.1682707272571298 0
0.2542307308749062 0.2776312444740807 0
0.2743569910163828 0.2830959113189154 0
0.1832978345373591 0.2214550840290533 0
0.2878003788793317 0.2638196177203535 0
0.2677124803084623 0.8008854938449761 0
0.878109735203549 1.425729616380382 0
0.8418113557882299 -0.03378523250941956 0
0.6246017669797055 0.87642404471257 0
0.5285010346980172 1.032332098178798 0
-0.9508853097639075 1.265647604018431 0
0.1565551686695145 0.8841113127663927 0
0.7027178162538446 0.8587912489886877 0
-0.06732163580311819 1.346369401920588 0
0.4311866430595217 1.420696488268825 0
-0.4608912838250608 -0.4398141320000548 0
-0.9188722032392157 1.025643324351438 0
-0.4223794241352757 1.04366461410515 0
0.352661971001143 0.0701520195440648 0
0.3613882831900321 0.4944709739060064 0
0.3407475516749353 0.4970954268544376 0
0.3306208960150667 0.5137882525166508 0
-0.7690252449097944 1.151689464052681 0
0.9274311104880975 0.6175935248389944 0
-0.6803062294958404 0.7912754966875311 0
0.5148780698218596 0.7614722281818347 0
-0.8611978614126268 1.419983316358191 0
0.9267441641237262 0.2998997918899998 0
-0.9277533142858527 0.5055100483599302 0
0.3534213914709383 0.1423114861471164 0
-0.1406334698961751 1.336408805243175 0
-0.5966715795655484 -0.3833822370861184 0
0.3317768744775744 0.4702355275160857 0
-0.8488836332240144 0.2389890688906475 0
-0.9122053852864728 0.2588765877434533 0
0.4954277938578021 0.6603640057383684 0
0.4298480577893584 0.756589367636767 0
0.4151010884791995 0.7790224015961561 0
-0.5635507272746607 -0.4314414000425362 0
0.03454733877957999 1.425100091192299 0
0.05775587589639401 1.396074019954262 0
0.6026368518646366 0.09960052709000367 0
0.5716025526097528 0.1007137869535186 0
0.5563404546729127 0.1257259207034106 0
0.5410445385868039 0.09942872745105502 0
0.6342616832225088 0.09783539723203905 0
0.5557579004942981 0.07504731495434325 0
0.5272864189336479 0.07609751700520556 0
-0.3373905176388637 0.3544734001492528 0
-0.3196521575746825 0.3566379277269942 0
0.9020844766032244 -0.04519609910263012 0
0.296353180840641 0.7249102610218516 0
0.9210320891373975 0.4837674809349199 0
0.937357052435811 0.5177046091034393 0
0.9374250470826185 0.4508973848812497 0
-0.6018370930830447 -0.4247246293978608 0
-0.1081887573791556 -0.3718814696985872 0
0.6497416083313806 0.0667024178179223 0
-0.08408485122295951 0.1753944441420396 0
-0.1057015170364758 0.167534678678982 0
-0.7426857922614026 1.43674637062867 0
0.2134037357035135 0.2424457473489522 0
0.4014226005347155 1.106540353822925 0
-0.2128106651436595 0.2437356810891288 0
-0.04055807243411252 0.831704570384978 0
-0.05185423735814452 0.8484490770801534 0
-0.0431898350785328 0.8680810928848968 0
0.07728059191392958 1.430959521118232 0
0.0947481021643678 1.400683022705464 0
-0.2835568023508717 0.0908193138025461 0
0.4913058085759464 0.2976187685612723 0
0.683098123330915 0.3602808451506351 0
-0.8501605696413324 0.6162695901795086 0
-0.931253668836357 0.8116786559135255 0
-0.9225738517869619 0.8461959879948755 0
-0.9451586191477004 0.8717059407330345 0
-0.2624479402097488 -0.424252699330566 0
0.9361491331535272 0.1281128213818696 0
-0.9309203116878177 0.01896328311272699 0
-0.9551192724187925 0.05537249494521279 0
-0.9300245425119568 -0.02419076882818549 0
0.7549504961871143 -0.113255149010557 0
-0.9281382587194589 1.342167687934767 0
-0.4172643467814863 0.8486563620821825 0
0.3887309016266199 0.9858375560478725 0
0.4058825097712536 0.9631988152321569 0
0.2674483475905927 0.7063469188622244 0
-0.8128875477860689 0.234207075917782 0
-0.02699344398317832 1.457079224335033 0
-0.9342094457443225 0.5700543448916672 0
-0.7047407667372135 0.426748738117673 0
0.3636366009013391 0.5892932381071758 0
-0.5403479907223294 0.9410182883317089 0
-0.5200500047979235 0.9191504490917942 0
-0.5300166691953321 0.97145509662601 0
-0.1361000861062844 -0.2280284441258139 0
-0.7803293233534201 1.218721656883226 0
-0.3572330416780301 0.8850871726970608 0
0.8770365851624069 0.5481470591485474 0
-0.9225153300334742 1.123064237305597 0
-0.934840367739054 1.088508882015471 0
-0.9431725962415483 1.158860851624482 0
0.8921541723434802 0.2545100993224425 0
0.7323676907859105 1.437844558237508 0
0.771370389587857 1.443021243853758 0
-0.8623377417054719 1.20744377802192 0
-0.6444957980201287 0.8927902065889936 0
-0.2369831084351634 0.7095600895858281 0
-0.2566995913632763 0.7122778172499675 0
-0.2690379859935389 0.6965830258866049 0
-0.2762906811747546 0.7156861308668079 0
-0.2891267976512387 0.6999834629212003 0
-0.2633732998751473 0.7314909173907242 0
-0.2964540288540435 0.7192895622214187 0
-0.3095119906083795 0.7030897834146707 0
-0.3020516001964849 0.6835522921890731 0
-0.3226784932312972 0.6869539292672856 0
-0.3147071223806747 0.6671527017953751 0
-0.3307031520112697 0.7065893571621356 0
-0.2932683618628085 0.6641883893228231 0
-0.3070481816095359 0.6486787246563401 0
-0.3265127163856115 0.651211187184294 0
-0.3206519657053791 0.632729307608528 0
-0.3428212697525925 0.6365228445441372 0
-0.3330304583144015 0.6160213182378205 0
-0.3116279115749092 0.6135470491427778 0
-0.3249899673637316 0.5969563645419516 0
-0.3443949957032562 0.5988075080337872 0
-0.3373026773451193 0.580574632997936 0
-0.3571120805551171 0.5826207789125748 0
-0.3495344755425998 0.5658091183720302 0
-0.3699935713180089 0.5676488198213288 0
0.2375833850150189 0.7099750633454129 0
0.2076248954130236 0.737692191564023 0
-0.208950224314175 0.737301165850857 0
-0.2133639777989345 0.7563996268526834 0
-0.196625853357589 0.768919656675895 0
-0.2171162148163231 0.7758559135035409 0
-0.2000283539026445 0.7889386887823885 0
-0.2197881635838778 0.7960406338107899 0
-0.2335830655859452 0.7832213465004926 0
-0.2036798274630613 0.8092834846184445 0
-0.221819976734834 0.8156317813008597 0
-0.1833141627209474 0.8015898825803449 0
-0.1874304295559834 0.8226234813382349 0
-0.1673941768849094 0.8149815029834668 0
-0.1716465947023195 0.8355661110471159 0
-0.1516834172626078 0.828715484360085 0
-0.1481879062717874 0.8073146057328233 0
-0.1327681958204433 0.8220223214290709 0
-0.1345504905736895 0.8412018549789062 0
-0.1159915494830018 0.8346375043732357 0
-0.1139659592255915 0.8164258796513223 0
-0.09824934469955274 0.828807267657757 0
-0.1002045848675978 0.8466742281044849 0
-0.08201559426297197 0.8388454081267024 0
-0.1899741946866602 0.8416457324950561 0
-0.2286989354450034 0.7431063454660256 0
0.1368037929927901 0.0003091983696164036 0
0.1628216123133614 -8.900912519205217e-05 0
-0.286052240295124 0.64319789786934 0
-0.2811395357416671 0.6803331133010764 0
-0.1777158561069172 0.2384990588259796 0
-0.1787660426664053 0.2192436675493605 0
-0.1612426703383935 0.2086301308442784 0
-0.1795867370082888 0.199233466688651 0
-0.1619916743498205 0.1883151830181725 0
-0.1808807740736716 0.1787083437287248 0
-0.1639118925048869 0.1683238597549366 0
-0.14386241212859 0.1783596796044197 0
-0.1974167525368557 0.1900339107114336 0
-0.1992050600412621 0.1698358723130712 0
-0.2175568971602059 0.1811488520503973 0
-0.1958159075636492 0.2307860812203568 0
-0.2154071395482644 0.221793926412059 0
0.1778578519743886 0.7613886791903293 0
0.1956590048972798 0.769343840570879 0
0.1791617562084776 0.7802650805476016 0
0.160386343379796 0.7937406740673554 0
0.1983823444483722 0.7921930369901131 0
-0.1428462517608374 0.7853409155587987 0
0.2613751108176748 0.3225511294455122 0
0.2807176559070491 0.3203548555785122 0
0.291707201221961 0.3380737732605898 0
0.3007730106698862 0.3190287954047282 0
0.3112409658240347 0.3374600540310352 0
0.3216316897761818 0.3190006725655802 0
0.3085785034276616 0.2992726641432381 0
0.3021269929115843 0.3552980370601161 0
0.3213203444420948 0.3545522636295657 0
0.313394131541414 0.3725508962878467 0
0.332143881302568 0.3712586741222818 0
0.3240072111232843 0.3882960684337725 0
0.3440286784156129 0.3852781065094594 0
0.2692293703800388 0.3043934126307952 0
0.302211629849254 0.3916684785717536 0
-0.2622790948983262 0.322604514625198 0
-0.2813433747085616 0.3208210300583025 0
-0.2917840083523229 0.3377430174022231 0
-0.3114566925823891 0.3370393344972554 0
0.8407328184492904 0.5602026584833385 0
0.1068999267791889 0.7957895613385557 0
-0.3085884128225491 0.569154686663825 0
0.3089974231251663 0.4307570101516602 0
0.06884457395671978 0.1920479476879441 0
0.06236846701626528 0.1730530462281366 0
0.04267004346637514 0.1688544448800016 0
0.03453103572515534 0.148672939871126 0
-0.1069142504534501 0.2030681504499869 0
-0.1232802768254566 0.1884128200110243 0
-0.06960128418481348 0.1910185697347674 0
0.2970615139741788 0.6079693513166133 0
0.3097096450549056 0.6227072532481123 0
0.1068073988095017 0.2017763245402717 0
-0.06822423736168944 0.8082538927191618 0
-0.06276867926069925 0.8300419519871223 0
0.02975455266456493 0.8147702882141907 0
-0.3159123857341143 0.4914341860923014 0
-0.318410293518726 0.4702780582878663 0
-0.008986039329064355 0.8170507046236526 0
0.009543497854546624 0.1837964593829967 0
-7.724256133259202e-05 0.1668320024821163 0
-0.02044674125190579 0.1673937125854123 0
0.2391867336760787 0.2908095701680374 0
0.6407346355031425 1.287970988622161 0
0.208898484931827 0.2621183662325874 0
0.1435112415204883 0.7818466148549794 0
0.1392836995787525 0.8013971902937187 0
-0.2958854929811275 0.3933447254056281 0
0.2855597706832393 0.6444613807920723 0
-0.04364536122691268 -0.2036278768846702 0
-0.9310428451283319 0.2222009127857787 0
-0.3132223299710254 0.5300101950606404 0
-0.3304851722492755 0.5386589174450814 0
0.07133276881448514 0.8076605933773277 0
-0.03379106652133836 0.1502400756778267 0
-0.5243647257609548 0.3414787419583053 0
0.3070337816232475 0.5689061617818185 0
-0.3088202337218782 0.430804765621067 0
0.3165634372869259 0.5300662519511403 0
0.4274171126229727 0.3182794972989246 0
0.8543827651912432 0.2516498901613637 0
0.078699435666737 0.1471943376450636 0
0.3999962264094197 0.5796435756136205 0
0.4261196382460276 0.8042086803984267 0
0.4099282296299814 0.8273013710283738 0
0.3815829320451832 0.8266202557792371 0
0.3658154045493694 0.8485848908570036 0
-0.3636095516292067 0.1797626440848821 0
0.5513777543128907 1.368931648874748 0
0.2056399741420957 0.2231228334579951 0
-0.749126776838708 0.06137222539256637 0
-0.716497384556442 0.06833532261682995 0
0.5666134522407652 1.403713086079167 0
0.9207153695401186 1.359407822934434 0
0.903685742581709 1.32399929739835 0
0.9380379534456501 1.395525208154168 0
0.3533941100754114 0.1903099017050402 0
-0.1562338549375676 0.137934246055068 0
-0.5716828070584676 1.23095961700612 0
0.241918263760401 0.7438637645167097 0
0.293447708752129 0.6663250893267048 0
-0.4615147063613432 0.2801403400728022 0
-0.478114421446598 0.2983507542958908 0
0.4062273351090615 0.4969681400974039 0
0.449827893485354 0.7261286650800456 0
0.3837709176464857 0.4958404395651123 0
-0.1449358511260924 0.8716697878896669 0
-0.008787881635431264 0.05111917730129933 0
-0.02078190690991725 0.07545283314938533 0
-0.04734375229464061 0.07542708797721576 0
-0.06055127861056114 0.05439429239144611 0
-0.07266053087360258 0.07894239228766547 0
-0.0573513346544663 0.09701772969897232 0
-0.388473110314547 0.4404519174009822 0
-0.09742407612961042 0.8786259988809803 0
-0.2433041111261328 0.7279840844621677 0
-0.2505979631125785 0.747260697411664 0
-0.2700549191576229 0.7497513749980168 0
-0.2586496084527943 0.7662692166041312 0
-0.2164474364100254 1.327325108724656 0
0.4347041968870031 1.110745227838294 0
0.3557500149296753 0.3542846386131366 0
0.3762290943002301 0.3954300934372619 0
-0.1778494265338643 0.7612654370745993 0
-0.1801440608811211 0.78074154959845 0
-0.1436434938731557 0.2185122206122568 0
-0.1421104091014009 0.1988150570486252 0
-0.2890347854274369 0.7852553756992757 0
0.1697383414405287 0.1484697757447943 0
-0.2036626390306042 0.1282721409079288 0
-0.2087639260026624 1.021011987185543 0
-0.1905275992444463 0.9995938121712497 0
-0.1636046398907983 1.003492323911744 0
-0.174055205912775 0.9785195129516009 0
-0.147744938417791 0.9820512949891889 0
-0.2001503451509932 0.9746775707748777 0
-0.182797182840168 0.9531155685900539 0
-0.1370767799845855 1.00684995876618 0
-0.1217708097127955 0.9852561469833124 0
-0.1322342963148479 0.9608665795744671 0
-0.1071106445044128 0.964161750595931 0
-0.09638237362036142 0.9879689611804597 0
-0.08235622800108053 0.9660338360037762 0
-0.07084783890466087 0.9906217854319357 0
-0.08591049169098987 1.011401925167744 0
-0.06109744578602953 1.013597315713393 0
-0.04499025868939516 0.993112005291751 0
-0.03514534146490453 1.018473600701273 0
-0.01897630262448794 0.9956373157832377 0
-0.008249443524241437 1.018437299612065 0
0.006831374221239509 0.9984527909597538 0
0.01736914971244925 1.021627385580668 0
0.0328599263757877 1.001114409716388 0
-0.02977160654712445 0.9722130198733283 0
0.04453002293773139 1.028572090830617 0
0.05926831707659475 1.004419638897897 0
0.0699447383992048 1.027137193547723 0
0.04979882201466002 0.9814508691405641 0
0.08438862590990662 1.007174009470684 0
0.09551961828960684 1.030431297537622 0
0.08292317779718694 1.053479337397199 0
0.001738570461181318 1.043597139522075 0
-0.2072701438195579 0.948770428532875 0
-0.2256193631373528 0.97037781466545 0
-0.2306027789674896 0.9440884994349996 0
-0.2505728701567938 0.9651473030874714 0
0.663321823410971 0.3891069925124285 0
-0.2105704072465482 -0.03006997481114548 0
-0.2282751586787527 -0.009157730629681171 0
0.3225355982619886 0.4165225856072934 0
-0.3598982881035511 0.6518196941226534 0
0.1339296259107035 0.8222423213467904 0
-0.2689186003328599 0.786269062652853 0
-0.2570851498032598 0.8092870378253036 0
0.02987682902161848 0.1851331552374006 0
0.02100732401388826 0.1674530503658593 0
0.4099454218982935 0.6012025446240601 0
0.4137146955141296 0.5592610106790873 0
0.3977924724583287 0.4365698332163128 0
-0.3739777275481884 0.6107020682189156 0
-0.4495888736437936 1.096581289783338 0
0.339156073163379 0.531887355248661 0
0.3772744769376558 0.8722756981084502 0
0.5206374499170583 0.841982701891421 0
0.1919032730772586 1.075034399852223 0
0.1810608749609934 1.047703736958728 0
0.1620130311465718 1.07129356872602 0
0.2130982003431793 0.8757526061554554 0
0.1906991474100473 0.8726898408284917 0
-0.304023743322381 0.7411108461368425 0
0.7323754345055399 0.3322158905563657 0
-0.158308997590815 0.9576068548843562 0
-0.1654857562508776 0.9314386902728452 0
-0.1632881874882231 0.7931084867326488 0
0.5456118540065433 0.3891306400039962 0
-0.4131331533612886 0.9173392802510431 0
-0.5132874645625424 0.6579590439328034 0
-0.496727891442039 0.6372355368210344 0
-0.5059492260882417 0.6127118598049693 0
-0.4805227312268245 0.6170391150122412 0
-0.4713469268805339 0.6407882850244211 0
-0.4895511789679774 0.5931077112594501 0
-0.456560057631104 0.6190123403583216 0
-0.5152562675354259 0.5875601154837977 0
-0.48705495294741 0.6623027431531513 0
-0.4771182194316477 0.6858225950752083 0
-0.4618490191217561 0.6649232303150273 0
-0.4520400888774996 0.6886151718852829 0
-0.4663342708593055 0.7092750561999841 0
-0.4424699847627446 0.713434233164628 0
-0.45585685932764 0.7329225126766472 0
-0.4365169381595171 0.6682930917832413 0
-0.4833429688811928 0.7322788400553657 0
0.3377873468120302 -0.001381828703747368 0
0.4008169163525281 0.1440719002427095 0
0.387355869179318 0.1212144627362937 0
0.2819232089675479 0.3557469580310089 0
0.3929614422643157 0.662223470014813 0
-0.1376974049629225 1.218368391598261 0
-0.1504492447278971 1.188049906121601 0
-0.1826204735819767 1.183562149201796 0
-0.1628841637834186 1.158747038401174 0
-0.1943308293118505 1.154209188258384 0
-0.1306970570932115 1.162683299648482 0
-0.1409192922615992 1.134021708224303 0
-0.2160442682549254 1.178774230332775 0
-0.2266218914417463 1.148627525785541 0
-0.2017920224707589 1.125666707173342 0
-0.1180244588877341 1.192279217136863 0
-0.08587540923808859 1.195472786269651 0
-0.09896495606041267 1.166462276693578 0
-0.06774254427374238 1.169306134680116 0
-0.05374999406861122 1.197616548001775 0
-0.03720383212753687 1.171316817479557 0
-0.02112494535155443 1.199588093434753 0
-0.006823318321540189 1.17310528018166 0
0.009454241345091909 1.200179703009087 0
0.02781582316660281 1.171768438343909 0
0.04092956914802521 1.200805609812836 0
0.06016665713723969 1.175929199149239 0
0.07250944386041142 1.202001644898233 0
0.0897017799970399 1.17676168229249 0
0.1034662481855581 1.203786027901284 0
0.1188775627398591 1.175115216351149 0
-0.03835359815473358 1.228942415844842 0
0.9190099958115373 0.5502574714643196 0
0.3191773692493646 0.7280531425338419 0
0.2795171998372059 0.2114433707972957 0
-0.9637387198956193 -0.03974861292079446 0
-0.07552804219601063 1.035601113958225 0
-0.3251484972487654 0.3177350404842701 0
-0.2094198894409576 0.2631021910152331 0
0.06465156320668462 0.9019644846423684 0
-0.6893761840597399 0.8523628787542346 0
-0.6527237228140829 0.8564237310220117 0
-0.3386888200848944 0.4123067329807427 0
-0.4066641518391058 0.5225153826880018 0
-0.2615297636795837 0.8517408652312286 0
-0.2378539662075009 0.856174409099931 0
-0.2480905760029397 0.8340548855885171 0
0.2590811421332242 -0.02286985827371157 0
-0.465260995610819 0.5957329717204037 0
0.03294588102252244 1.243081899605785 0
-0.01076677086785092 0.1489543525781767 0
-0.4936338045509424 0.4420563493283909 0
-0.1107938794255709 0.05538856460646935 0
-0.9635853219638935 0.3196235630148723 0
-0.5609625642750024 0.8815242028250305 0
-0.5389444454651223 0.8619480220955836 0
0.7686822765174475 1.172171159473893 0
-0.734103786058395 0.6333911977082743 0
-0.703422103097374 0.6362134318913386 0
-0.7230235964608684 0.6640221734218518 0
-0.689445823677567 0.6665452315455976 0
-0.6619547585082841 0.6558169031775226 0
-0.637535516031154 0.6615731700959229 0
0.4524841154369334 0.3630205050916536 0
0.4669252659719092 0.9177762835539288 0
-0.05650027196349489 0.9689587881209842 0
-0.6675534929374948 0.5065772009309286 0
-0.5395135802768058 0.5081065195960737 0
0.3501851028013705 0.7210623314940445 0
0.6249458073509337 0.297864813642202 0
-0.6103609690121454 0.7457385782733871 0
-0.5821255777262808 0.7486946602489224 0
-0.8800255179927121 1.168430308941211 0
0.09925448220560179 1.251555814222745 0
0.2654277464516536 0.8402054204898082 0
-0.2645743094940922 1.012482277012017 0
-0.7269407061505246 0.3324952480373687 0
-0.004313825290677485 0.9739230105910837 0
-0.4384254765409559 0.2319469142954553 0
-0.1126012614081976 0.1480233443061102 0
-0.1262700131503548 0.1658565510859136 0
-0.006272847352615154 0.8905436434231571 0
-0.3571871314303156 -0.1410269238676884 0
-0.2709350137766773 0.8291000034938178 0
0.1361105917775691 0.1280045146893629 0
0.1729710653165958 -0.2028601894922497 0
0.1569627148705195 -0.1741364875696296 0
0.1252222718008354 -0.1727716947058464 0
0.142012933592805 -0.1467004675969041 0
0.1103691513266232 -0.1456989032206663 0
0.09277953308367223 -0.1719873082197736 0
0.1750199926276448 -0.1495969140825666 0
0.1581736771070138 -0.11937757809581 0
0.07532512591121465 -0.1450883600918851 0
0.09575501195207509 -0.1169530027120221 0
-0.7256431538405993 0.03670819815253901 0
-0.6935900869364541 0.0427777910417978 0
-0.7027572959450877 0.01152589531537884 0
-0.6709536735152641 0.01751378046456664 0
-0.6876439907357559 0.074555589320351 0
-0.6800635393901648 -0.01347500428503767 0
-0.6489928198118959 -0.006056474825149483 0
-0.6516597312065086 -0.04481817760729867 0
-0.6243927290419528 -0.0292771092242643 0
-0.6434333537907941 0.02665464201090828 0
-0.7126796327756409 -0.02660242288931935 0
-0.3437412085495316 0.862922264094797 0
0.6195074428046288 1.424256607828444 0
0.6580367209624989 1.429171264431163 0
0.5822861053195869 1.441864870679967 0
0.4730342841893735 0.2206988094961491 0
-0.7228976672025644 0.7543620597822333 0
-0.5418894535974567 0.5817996792048885 0
0.5921016996786593 0.9517465022513716 0
0.6052449533089319 0.2083219333119147 0
0.6190998166122762 0.2358552709819013 0
0.6520416432435114 0.2375406510264495 0
0.5890213812273331 0.2358200594402427 0
0.6694765663408067 0.2136723041755584 0
0.7016138407608553 0.2159745030025757 0
0.7181517395215122 0.1852438163104746 0
-0.01510600034246539 -0.2247881984566958 0
-0.2267040090240032 -0.197594542306023 0
-0.2185066037388874 -0.1661702570341514 0
0.257505793672023 0.1711286428717866 0
0.5485100275335718 1.005395124043328 0
0.5450303466658877 0.483817493536592 0
0.5723396523035645 0.1529463996658577 0
0.6993992684884918 0.3329430914902597 0
-0.481627405384514 0.3238483379316985 0
-0.3027347396807928 0.2603815625521885 0
0.240195989134395 -0.2060323368473025 0
0.07459558888827626 -0.1997161517195296 0
0.2376895592196462 1.270117070892452 0
0.6471199336411415 1.125862911463526 0
0.6324297935543858 1.092703313565719 0
0.6530353813312102 1.063867139105926 0
0.6892791255440659 1.067088785748878 0
0.7108404602196399 1.037472819725533 0
0.698830458406374 1.001338944247703 0
0.3862553344433576 1.223641923022907 0
-0.7363090611482918 0.0007415964839995737 0
0.6470591731292388 -0.05382155860571025 0
0.3096357200868533 -0.2058970296709425 0
0.5185207855994818 0.3899053964358853 0
0.5577517312099838 0.1822999605438042 0
-0.4688841806165818 1.125094139688285 0
-0.3555426464301615 0.926905831821441 0
0.02098872696812272 -0.4663683798919914 0
0.04079136313647294 -0.432478490915906 0
0.07855209160069043 -0.4316707863597432 0
0.05993727473237515 -0.3992769486435628 0
0.09694584586134483 -0.3984528810289998 0
0.07880689491840244 -0.3667863819439159 0
0.1152002262414945 -0.3660714590020238 0
0.1340409382704278 -0.397692760468957 0
0.1520829053237915 -0.3653907545758855 0
0.1710186400707565 -0.3970162155060017 0
0.1890426321091864 -0.3647196230874239 0
0.2080042199150294 -0.396370184128918 0
0.2260303762043647 -0.3640417456526321 0
0.2450203817003849 -0.3957230305458592 0
0.2630621742207832 -0.3633582687622745 0
0.2820784994110941 -0.3950762291855325 0
0.2999315027770311 -0.3626980103717685 0
0.3191474036998504 -0.394433273559649 0
0.3370949557130632 -0.3619977706665454 0
0.3563104068305685 -0.3937837697047464 0
0.3744124922986566 -0.3612523133654865 0
0.3935483005756846 -0.393075888304785 0
0.1299817654590051 -0.3283840519764769 0
0.4116569306293499 -0.3611689744232783 0
0.4310830345690678 -0.3925771774122695 0
0.3382896627314 -0.4265011932969849 0
0.2640785420121751 -0.4277170975989615 0
0.4100938786058418 -0.4331660884113875 0
0.4492507223431157 -0.425678867912093 0
0.3925183129651793 -0.3277635680112055 0
0.2788441250387643 -0.3298455827679488 0
0.2066240690975201 -0.3322210012768186 0
0.4529792993123233 -0.3566953407710339 0
0.1900436989032685 -0.4289538869217181 0
0.02173228522320611 -0.4023176072293687 0
0.4331711454614432 -0.4579488001860463 0
0.09905588889353624 -0.4655215341016398 0
0.1689202182255088 -0.3312107727290088 0
0.1517978118539921 -0.3039929812445922 0
0.2424426526211599 -0.3312703659947274 0
-0.9650970723878576 0.4803577318096946 0
-0.9313549386296252 0.4627458614393956 0
-0.9260086659457455 0.4209835778650915 0
-0.9650539351997509 0.4010747666534118 0
-0.05827662033761958 -0.4671969140845724 0
0.1395613130511056 1.46583908991946 0
0.1594500324249718 1.432017313149685 0
0.1982280916053767 1.431695864061294 0
0.1764553513182384 1.393829608406226 0
0.2177680173011979 1.398017456227202 0
0.1353515159838738 1.40069221566837 0
0.2410681789671072 1.366274090208825 0
0.2366235843743492 1.431048616777586 0
0.9616270639340013 0.3617431808798137 0
-0.1397506473004698 -0.4667375087353174 0
0.965330483310999 0.5987632266756302 0
-0.9667670506638993 0.6457789886359446 0
-0.2204418251114576 -0.4689746451129424 0
0.9654105884870354 0.2801480328587646 0
0.9319062693991987 0.2612616400746426 0
0.959914685957779 0.6815413386369559 0
-0.5816984011313966 1.135853515985781 0
-0.5484008451269716 1.137388149014535 0
-0.96801846904346 0.2395276971935517 0
-0.2577357388446695 1.469058191879348 0
-0.3025783938499859 -0.4664516514578919 0
-0.319628947211998 -0.43168221460033 0
-0.3584758732093467 -0.4305726787024711 0
-0.3386270703049052 -0.3983062721879504 0
-0.3974344522898393 -0.4279957864180265 0
-0.3786805470301712 -0.4641879538948398 0
0.968678587767141 0.7605592519808726 0
-0.3574066546733644 0.3483252687086423 0
-0.7854084395418786 0.1466082372511674 0
-0.7555680355352106 0.1522768898743785 0
-0.8096633449586794 0.1739317295999597 0
0.5003993972752929 -0.01918606784471133 0
0.4681851572887921 -0.01863432480492488 0
0.4534074873433614 -0.04736088575609076 0
0.4863680267100133 0.00809740384787716 0
0.5017131248242347 0.03474997791836693 0
0.4708263107105893 0.03027701210349693 0
0.531102076211051 0.03266652089129568 0
0.487761608826205 1.086658666721967 0
0.4539734400743606 1.083031020325505 0
0.4215566612842302 1.079050967955129 0
0.5073464195225101 1.059404378978066 0
0.6104808686290968 -0.1161359380303145 0
0.5956111139287728 -0.08231708175168317 0
0.5922551146684261 -0.1471971883619316 0
0.5557410110535345 -0.1465332831059467 0
-0.6346163407915311 1.25325859021256 0
0.7003548235967216 0.09539172909793886 0
0.288351027578855 0.3001869046421693 0
-0.9683353436071238 0.1608796928739532 0
0.9666372250853026 0.8374600868729866 0
0.3795658779459571 1.465675233587905 0
0.3583400002198125 1.433187857568053 0
0.3782567593127933 -0.2083381529481142 0
0.3963966786825276 -0.1772100999784544 0
-0.08384465788994215 0.8601452823354935 0
-0.6836310108023286 0.6096587541248762 0
-0.7150420105652346 0.2751951559355248 0
0.1098522146794433 0.9072590504507215 0
0.1018337002812001 0.8889557118141918 0
0.132585797665445 0.9106961463416432 0
0.3652653592566164 0.6995000040045208 0
0.4722992397820274 1.055335193491337 0
-0.5499489164441419 0.07795447840137532 0
-0.5406464739847959 0.1070221012410865 0
-0.5603949084931681 0.1295538245391809 0
-0.5310460096679243 0.1351102437686118 0
-0.5503273038108488 0.1576946819129468 0
-0.5117416444306916 0.1130218175412853 0
-0.5213342194997669 0.1626659150031013 0
-0.5793741914419912 0.1523387807035875 0
-0.5694402973006798 0.1803886482030418 0
-0.5989297452264206 0.1751266459678523 0
-0.5886005034717841 0.2032496868228593 0
-0.5606635681973606 0.2088232957692943 0
-0.5796730227603584 0.2304647844509819 0
-0.6079821854195213 0.2259866182703131 0
-0.6023767838626951 0.2513341938586973 0
-0.626582675023491 0.2426211120688702 0
-0.637616572893305 0.2203688253638342 0
-0.553656602063676 0.2355150363409761 0
-0.6536839997587833 0.2495243152834163 0
-0.5031404818901326 0.1398686769538464 0
-0.4842822552594686 0.1179218900378244 0
-0.4929560047976517 0.1678452974596015 0
-0.4926628328287553 0.09054456287950874 0
-0.4639998347598462 0.09482038484058863 0
-0.4555431798414423 0.1239354488828931 0
-0.5015982459923267 0.0618269890291181 0
-0.5417573898116783 0.1858197295717148 0
-0.06184095155676113 0.1196270409980266 0
-0.5527880593731221 0.4071377902174183 0
0.5682307486089879 0.63973280926322 0
0.0456191540283154 1.362881982752192 0
-0.4450698493482336 1.220532853449889 0
-0.412076209799198 1.22973274776749 0
-0.4225341398995393 1.196719892674059 0
0.1174440563758755 1.432645940794889 0
0.6042088426247645 1.184422766905004 0
0.5884700540040734 1.153574935292731 0
-0.4201184060796868 -0.2987316017786782 0
-0.4089235300320008 -0.2621787557549997 0
0.2611395425237001 0.6775814607025474 0
0.6601827960822521 0.4391055656477312 0
0.5316114983668262 0.3181277188912857 0
0.3555800021376053 -0.3295155435119157 0
0.4683106469957906 -0.07539242409037394 0
-0.8461396961978371 -0.1085817424147444 0
-0.8338094991721755 -0.06907400067152614 0
0.747164361786433 0.4188221053138587 0
-0.1147376378687979 -0.4342312224669015 0
-0.3527667150849466 1.076719233407537 0
0.2149707830316598 0.7759747989732305 0
0.7589865842371699 0.5084136995929504 0
0.8564294731231616 0.1892096545516062 0
-0.2356040864576157 0.1637174074322083 0
0.9606575947665588 1.035709928733877 0
0.5401906607318128 -0.4654690618734584 0
0.5249200595125803 -0.4300200034861771 0
-0.5401627097057653 1.465519519013685 0
-0.5203684807635809 1.431618070788999 0
-0.4814774247219785 1.431196298638361 0
-0.5009348302995278 1.397882268523177 0
-0.4619423631951123 1.398015146046902 0
-0.442891158352794 1.430640170277371 0
-0.4248025375916411 1.397061734927127 0
-0.4411273852755614 1.366056744561002 0
-0.4049399803355641 1.429724469417181 0
-0.4025068722804294 1.365568672511616 0
-0.5397916276322261 1.398365061813659 0
0.6154831056833238 1.320403431992961 0
0.5782298773965258 1.315852339381825 0
-0.3475570679141922 -0.2834708897152953 0
-0.2724130676716107 1.19972955427054 0
-0.2536914361042667 1.169805212067807 0
-0.2546874844960637 1.136602956546124 0
0.7121956661474964 1.30115229844712 0
0.700348489957528 1.264099574457455 0
-0.3692477315441514 -0.257250045847974 0
-0.7946555345111681 -0.1654717974093645 0
-0.782695561172482 -0.1323313086956692 0
-0.312189826175579 -0.2764412473167608 0
-0.1425273733468268 -0.06471655656073672 0
0.3272226476346768 1.246766779590585 0
-0.3168143628774286 0.8856328900287285 0
-0.8388489549868299 0.5576249893142732 0
-0.795792553616797 0.4971137478407016 0
-0.7832509879633689 0.52900763843786 0
-0.7741238532290421 0.4700254803215114 0
-0.7413647733693337 0.4776747724162382 0
0.09286893320118468 -0.3354624625725522 0
0.05664457932623207 -0.3392249144814606 0
-0.7829722851267343 0.05239681027983467 0
0.7251833248019668 0.6424738321989552 0
0.7372098311212676 0.674313540554518 0
0.7202004714092847 0.7019095282106143 0
0.7377254844203015 0.7325811778786987 0
0.7187221368337577 0.7620704287721399 0
-0.7968271995863874 1.290706549154408 0
-0.3289396394432275 0.5622395925518096 0
-0.5528719837621729 0.4806088230545825 0
0.1692725956881982 1.353190648900998 0
0.7940498728396985 -0.1756461216702687 0
0.7566438624503393 -0.1759054927328144 0
-0.02896134677845152 0.8156759571493681 0
0.3161973073992203 -0.3298344722972233 0
-0.7697379540832922 -0.1939704011108795 0
-0.4932097561965057 0.707433021799267 0
-0.09990106852783849 -0.107547007056382 0
-0.09251930294409412 -0.07828194953792644 0
-0.1137167107505105 -0.05745540777556035 0
-0.08486478510046008 -0.05163226722306458 0
-0.06468117901776946 -0.0700045055225601 0
-0.05755020015395701 -0.0421776704784973 0
-0.1038693603123211 -0.02933963244920168 0
-0.03459275671785279 -0.06146663892004889 0
-0.1371888753013135 0.05968419759311167 0
0.3132181653429925 0.7685433883586958 0
-0.07110743988432715 -0.09953852286180653 0
-0.9211604054382337 -0.4301499115188037 0
-0.9425590057336652 -0.3992727665215235 0
-0.8596498909452307 -0.4597737611575921 0
-0.8376099111484893 -0.4237515588768206 0
-0.2823627614413087 0.2650777845033224 0
0.3380596122201742 0.1664972495734228 0
0.5436003593615885 0.7645419482316153 0
0.5687370853894579 0.5358322886654553 0
-0.7857854340226781 1.113957822387235 0
-0.7503898773424184 1.11720851420421 0
0.3228789563597096 0.596623453640592 0
-0.1527125650397143 1.029230208406076 0
0.7370494990984622 1.27033372366863 0
-0.281194413977697 0.355624732187038 0
-0.9680608972168907 0.9635706454175919 0
0.4565994070312926 1.460372177376217 0
0.5036759622234593 1.457806974923427 0
0.3658562012952987 0.4177379462581707 0
0.8482164585701919 0.9020059609607505 0
-0.07174934095941514 1.225861179236774 0
0.8056270485315646 1.177277599832531 0
0.2680038673435747 1.060317627301479 0
-0.4211469639350661 1.464408699827545 0
-0.396385416960467 0.4830652270498862 0
0.5100464759454089 1.20808789553175 0
0.5461084364598955 1.211427773842471 0
-0.7587726948888612 1.298149059584297 0
0.5477909789061249 0.713483932211713 0
-0.2893427185841226 0.9607829714724134 0
-0.001345136883243786 -0.06547312897710733 0
-0.01861180293806299 -0.09007264522797964 0
0.2195069192618714 1.465362664822154 0
-0.7785604700715361 -0.3284920475526205 0
-0.5595760592893275 1.431590885418855 0
-0.5986789029016479 1.430879660375106 0
-0.5782103302476148 1.397631480765192 0
-0.6171949451823283 1.396516776104532 0
-0.6431400142621501 1.428334536379069 0
-0.6195562117609706 1.465148653110052 0
-0.259344471332894 0.9164068885754262 0
0.3406792969452125 -0.4657511761228007 0
0.7748138746023683 -0.2089153177753318 0
0.7185892670067964 -0.1771321648250492 0
0.6994616156211322 -0.2097525311545814 0
0.8800862112063763 0.9706277111773921 0
0.8418683702895297 0.9635100500892659 0
-0.4881698891007029 -0.1923152975290836 0
-0.02975455266456522 0.1852297117858094 0
0.6211532313508391 -0.4661057869514384 0
0.6034347758218178 -0.4327897191857911 0
-0.9611062432911411 -0.1212658547025275 0
0.9657077807251928 1.119727666676644 0
0.9324620758550985 1.136835980636789 0
0.9322853557063536 1.09995614644921 0
-0.08029012832602708 1.141247503638911 0
0.1069635895751895 1.052190554709577 0
0.1249375623933882 1.03461300707716 0
0.3699585103826768 0.6586475528678845 0
-0.6490275149639366 1.219019766957014 0
-0.6598157908185363 -0.465465337069128 0
0.965465337069128 -0.1598157908185363 0
0.9305700815826087 -0.1835601328190292 0
0.9306983825276035 -0.2218873700146707 0
0.9650000970186136 -0.2397426183159379 0
0.931823463022101 -0.2601282597947089 0
0.9654093336016001 -0.2800449361267937 0
0.9319927846686755 -0.2989950452256381 0
0.9288720016194194 -0.3406960208802388 0
0.7745497960724432 1.274650209332711 0
0.6832721796104241 0.0658389156840028 0
0.2787797059338207 0.8211541072128467 0
-0.2728452851446793 -0.1512828426983936 0
-0.6768703295919736 0.272904962777359 0
0.4476633808043362 1.141815467099368 0
-0.6859575804706746 1.031679599353294 0
-0.1009007910352823 -0.2801475215293527 0
-0.07272239801442465 -0.3103390562000872 0
-0.3349181952537859 0.2082991763761973 0
-0.3141894420203291 0.1917416153704017 0
0.3146596328306421 1.042675662340357 0
0.7283784876719751 0.4512223263470158 0
-0.7832591516216986 0.5631559841385405 0
-0.1961933679446498 0.21042767874806 0
0.3632453158502582 1.01431863283725 0
-0.9655421109256257 -0.2001164351698097 0
-0.9308809861895314 -0.1800000000000008 0
-0.923440477094684 -0.2195886240745096 0
-0.9641260815563856 -0.2397425318536422 0
-0.9291262851197302 -0.2623140303902289 0
-0.9330197322733915 -0.3010736938281042 0
-0.9645310391001822 -0.3201302157275674 0
-0.9307303415973122 -0.340189764764797 0
0.531671506633533 0.7373370812728537 0
-0.3640011974776744 1.047981555546603 0
-0.3732534533293853 1.021739004479649 0
-0.7402629102058885 -0.4622509686036635 0
0.8391418266190011 1.019113312081032 0
-0.8200013052537463 1.465359737437224 0
0.8205022060353473 -0.4676543472285835 0
0.9649488829134182 1.31731175608676 0
0.8589649458527049 1.462649957230938 0
0.9193020591207877 1.430036595232403 0
-0.9670425506083299 1.360400151173675 0
-0.8976477017002253 1.466829828357277 0
0.900033279760955 -0.4655223359549463 0
0.9180883107349272 -0.4336682883057676 0
0.876707289039413 -0.433184194087506 0
-0.5212136587934076 0.08428003616411178 0
-0.5084930752095257 -0.0482407954559646 0
-0.4834166608125704 -0.07089716283279035 0
-0.4634876049163973 -0.0469928672394615 0
0.812882718512872 1.111819568772566 0
0.0571334830252247 0.8330728622040978 0
0.8037829190228483 0.03406038897476504 0
0.8272539945679419 0.9307004806254536 0
0.8943297790288517 -0.2771374508131424 0
0.7734207335523534 -0.341499106492118 0
-0.6666170697384318 -0.0802221765704132 0
-0.5906762189254792 0.1240467038383194 0
-0.1262490161906399 -0.01054967304028853 0
0.8338771718214457 1.425411921791113 0
0.07927339512071518 -0.01717783560714048 0
-0.2037994989870785 1.209314743161948 0
0.8214018100819847 0.1262696102024442 0
0.6648267921208939 -0.02412176123468301 0
0.5711821588430764 -0.3028214433514929 0
0.9666049658517566 -0.3579018756105589 0
0.8177979692056369 0.830426868379317 0
0.8131917775003522 0.8929800230221606 0
0.9342205946643053 0.779078977665465 0
0.4923163858899364 0.8362891087556351 0
-0.33721807926993 0.08233187197932113 0
-0.3462461602140028 0.1061905870587326 0
0.1161709359727434 -0.43054202487152 0
-0.7785056433827707 0.9553732085769218 0
-0.7900101806399289 0.921680129318039 0
-0.8243443376775395 0.9156614899586878 0
0.7514197589084006 0.005002080854312307 0
0.1033733744877749 1.144115656566515 0
-0.3629002319887685 0.8157582773579853 0
0.822535876501 0.7689508909579863 0
0.9307158639110745 0.8492398150373753 0
-0.3473869857063888 1.247312310282433 0
-0.7121694816079036 0.7855113875470151 0
-0.2614054857749225 0.678343131905444 0
-0.4887012880627121 0.9271586419146849 0
0.8885424067669123 -0.3433900487302962 0
0.9080006268058921 -0.3723605197262079 0
-0.4082910159755531 0.3144286910861073 0
0.866493778846924 1.31915323361411 0
-0.9182615706842855 0.6036724013622505 0
0.2437232223488082 -0.1018213081228925 0
0.4789439394075484 -0.3317564793920806 0
0.4693062520967285 -0.3917300301512897 0
0.3504796326054391 0.8693823832724419 0
0.6078579508769694 -0.240747691913592 0
-0.5245352027025398 -0.1106831625682818 0
-0.5945446633404879 1.360862144438354 0
-0.5024998911623508 1.116695260318214 0
0.2229268005313571 -0.29697908091815 0
-0.6512791814759865 -0.2328430892663398 0
0.2259994049608638 0.9654079979801891 0
-0.7678667802046403 -0.2919296092019841 0
0.5320704085680791 1.335582376751094 0
0.8026866559192378 1.015037614954468 0
0.664383184402678 -0.3370417323850822 0
0.07592508694803078 1.149392273359988 0
-0.02472842592543333 -0.01497113368676528 0
-0.7095237364276864 1.147335564674527 0
0.1075820650101228 -0.2008023042669765 0
-0.6170686082494917 0.2907479047726177 0
-0.2870927048856339 1.317331143677282 0
-0.5324103264450345 0.6075013678460863 0
0.1787771765363176 -0.4660649813045512 0
-0.8857533701424632 0.8570035151854185 0
-0.4980438941744822 0.5692881686601922 0
-0.6428128177025494 1.06637529600319 0
0.7817040572662584 1.376933142124323 0
-0.6309315567213395 -0.1643293362092273 0
-0.7719882605720694 1.261038250183334 0
-0.8724213075768065 1.066660508294628 0
0.9611851063929524 1.198052459779838 0
0.2587353660185305 -0.4660891206182505 0
0.6671328582665402 0.09611825230353538 0
-0.7335936277003068 -0.1873573591901027 0
-0.3724187490780907 0.05968866951795893 0
0.6732754205189352 0.5670597167833844 0
-0.5160379122669104 0.1920436664870723 0
0.873747454495082 1.252310337150407 0
-0.8008756564454147 0.7109933822310651 0
-0.7552520501356477 1.399996660354067 0
-0.8986130239668616 1.308990627747477 0
-0.7340645809558424 1.269341735795013 0
0.8937072689907787 -0.2063066006171 0
0.7857606675294999 0.1252537476003095 0
0.2954291044634776 0.1109979864937509 0
0.6194969145780496 0.7446453173446004 0
0.4910054597326682 0.4810052424600785 0
-0.6541438612348598 1.3844938916886 0
0.8517594224771674 -0.2759650016886412 0
-0.3955320368807414 0.7256284225403676 0
0.8885072139518886 -0.1418217163166676 0
-0.7769763949019034 1.049482094767694 0
0.4201214496953646 1.228342216798111 0
0.1255307454363126 0.06635620301765471 0
-0.8294754709871578 1.396332445472618 0
-0.8550676202635785 -0.2442301058771795 0
-0.8777729077500203 -0.3150976748105363 0
0.681251615567894 1.397661008173321 0
0.6862171786746465 0.6986485686378898 0
0.5674648758360266 1.182403748552498 0
-0.8650337974656488 0.3968671841996044 0
-0.669527032720911 1.347035235032005 0
-0.8661733480000464 0.1001295506252676 0
-0.4763627534151311 -0.3763220281890147 0
-0.2362065322475757 0.7647485983350255 0
-0.7318413389756249 -0.2835493336656061 0
-0.5610030179230027 1.264924864238797 0
0.5532746461040512 -0.2709483653245639 0
0.9284558440189402 -0.1418844701378098 0
0.7558734793498822 -0.3072840973172899 0
0.9669016427279563 -0.08379382888146591 0
-0.2166694680370897 0.9951160104899308 0
0.3909201969674477 0.2546071617169603 0
0.482626418521373 1.29804497115233 0
-0.6869605814859676 1.119523117457474 0
-0.4292164719021125 -0.1842030932611751 0
-0.6660983558345241 0.9175862499847642 0
0.2049245704000055 0.8537834836578349 0
0.8134135160652637 0.6167482294546202 0
-0.2561891758560839 0.2879953413612102 0
-0.4771156782073308 1.307931571883543 0
0.3905314832882219 1.318309937434773 0
-0.6440414729212381 -0.4308162473573338 0
0.3603724509720664 0.09098391997132249 0
-0.05109378867065445 1.144371393249228 0
-0.9226114979504301 0.927405911801984 0
0.5296087319021666 1.179799199548133 0
-0.1101053576373026 1.137662135813904 0
0.2983350552571336 1.337771373780061 0
-0.1896214778772434 -0.1575878454073069 0
-0.5306838390797354 0.05531026789229609 0
-0.1826746569371275 1.463775570929348 0
0.3202469791664763 -0.07833255550030993 0
-0.4759286535511259 1.037379278580361 0
0.3217016874735674 0.9091730545020243 0
-0.3808874157646863 1.154802360041782 0
0.7765612627447475 1.107114633704102 0
-0.5485028855193341 0.9961748028997123 0
0.8522846666914525 0.3021822608745099 0
0.5591637312527489 0.4614757573592065 0
-0.8074597653018578 0.3747755272018218 0
-0.5758860598625768 -0.1811851966714613 0
-0.5811772666775026 -0.4660386790817872 0
-0.7552276188496116 0.9297330532683206 0
-0.9398329861188485 0.08782355235314288 0
-0.4610079576377715 1.465272942720461 0
-0.2252512643139236 0.8368882878446549 0
-0.6335890137187362 0.9239015787435374 0
-0.8611065265779023 1.003792639592874 0
0.8946583173684169 0.0644832163913216 0
-0.5374514439500935 1.236641767973444 0
-0.7222118051117581 -0.1537475227073658 0
-0.6175751619556176 0.4440852378421942 0
-0.4520228780544998 -0.4031134805390546 0
-0.5403895500586656 -0.2644773861286677 0
-0.6322244296972557 1.010071663079696 0
0.517814579928514 0.2948087676024512 0
0.7972349011487636 1.413063602469226 0
0.5117227164346876 1.005308224641406 0
-0.3959843914374651 0.4196088389564998 0
0.9288055153504855 1.063716097998262 0
-0.3009047697567625 -0.2441275564379031 0
-0.5981983639783565 -0.1565666269217927 0
0.2940196810201501 0.02351129538136643 0
-0.6105882279568019 0.1473075176367513 0
0.8267375911732993 0.7080092323997526 0
0.05836367399730236 1.466303717106762 0
0.6412733823321894 0.616768708187915 0
0.3011545591375634 -0.4267721600568867 0
-0.6821949199370261 -0.3379220004594715 0
0.3715194387521885 1.097209920460499 0
-0.4329927487064515 0.3712145672714182 0
-0.5452248330432227 1.081694710975004 0
0.3754718949328285 -0.4255649544956974 0
0.1008794787088991 0.1826403910275758 0
-0.2813085076812473 1.409780513041667 0
0.1467307039295453 0.1476079021035278 0
-0.3993898840110116 -0.09529709491358562 0
-0.9005246587943991 0.2951928455770684 0
-0.300047600965975 1.140055381569691 0
0.2270344117768465 -0.4279895064290047 0
0.5988701667461185 0.8220407588980188 0
-0.8075727796487273 0.2849615513909179 0
-0.6210100237453088 1.041016331692299 0
-0.6980544208726456 1.000300429889258 0
-0.8611447810944779 -0.001588586871497544 0
-0.4580511156674283 0.4908554936782342 0
-0.3522032434797927 0.9997916726419653 0
-0.266501733251604 1.289609403924688 0
0.8163585076913118 0.3623219530085952 0
-0.2635889678147481 1.090093503047217 0
0.5976112856385025 -0.02124484690695483 0
-0.2676117050676647 0.07225397681410101 0
-0.2656660773682105 -0.1208732068345744 0
-0.4997775422401075 -0.01885805411954833 0
-0.3700643112923131 0.533981965016153 0
-0.09001214953381809 0.0952588181466813 0
-0.4390753859969019 0.9877116017833311 0
0.6511450387511072 0.1259961283451005 0
-0.26912521746088 0.3043970951106806 0
0.3222447780628847 1.118664259163793 0
-0.2093578331662415 1.429180169554157 0
-0.6911558179689331 0.5818099486431069 0
-0.2893947932427381 0.1892691975755774 0
-0.3725504641525633 0.3651136208087407 0
-0.207353360242492 -0.106430229895207 0
0.9018988609075028 0.6505647088883286 0
0.576015928896116 0.898417919966478 0
0.7686895362967403 0.03487288370239661 0
0.2899957125000601 -0.2932702780880131 0
0.6001456024746845 0.3416892029033692 0
-0.5787601907154198 -0.009935427441757683 0
0.6223783986593134 0.6933580439339768 0
-0.2225739915377249 -0.2862319313702579 0
0.4631461493582974 -0.2987405123878343 0
0.5430456802428227 0.9540517421552688 0
-0.3451018789696522 -0.1127770151517101 0
0.1530694650270625 -0.4292065770477728 0
-0.4735205809831054 0.5727000524573771 0
-0.39790234722677 0.2755854998658598 0
0.4554033969281045 0.4591318847721905 0
-0.3229961893856651 -0.2196487619814121 0
0.390851254941921 0.5559602222945212 0
-0.5745078463651526 0.6972370233743276 0
-0.6021830585241992 0.6939581119547071 0
-0.4423874187412293 -0.004821351775082139 0
0.2142290381109466 -0.09951683643701437 0
-0.3095810425092707 0.01816789407627728 0
0.2434178250316445 1.13459972660799 0
-0.3800322572622925 0.4598221430408825 0
0.6430958092886214 0.5655462332782619 0
-0.1111689918545326 1.009090993774159 0
0.5048399242493775 0.3196424003941195 0
0.4863130782774841 0.8929273730126569 0
0.0722154957078939 -0.09323810866490767 0
-0.6690194326864158 0.8256035299452413 0
0.2711111418726777 0.9046264351908417 0
-0.3567277401135863 0.7734810537400415 0
0.8311587963787389 0.452103904216736 0
-0.5933062549388461 0.6449274106462063 0
-0.599731856322389 -0.07028773386291554 0
-0.3668260409081945 1.368705074196763 0
-0.4444105270948196 0.07046507670320662 0
0.375676173258146 0.436421708767378 0
0.9028152308368194 0.3930340280283779 0
0.3958646486889428 -0.05317829415397979 0
-0.8821917531310089 0.756962657306934 0
-0.3920780446253287 0.2975216809524833 0
-0.6912568987809937 0.7596171192673462 0
-0.9671250768956996 0.7986160140909963 0
0.5130563922248517 0.1473847969819654 0
0.4842365122878373 0.09820358150723019 0
-0.1783349247703686 0.07095835875920758 0
-0.3605267323910829 0.265618440042784 0
-0.3582202622031776 1.216047109197603 0
0.2703439605861872 0.1097221507703164 0
0.8886445061630927 1.287822648120514 0
-0.1171994483831177 0.939090576674119 0
-0.800330285653441 0.8016674980565546 0
0.05333396766340546 -0.2849328862745573 0
0.2168880643349244 0.9413875707619521 0
0.5055950240829125 0.4145972489236405 0
0.09028437539869974 0.08875719196320969 0
-0.03431907743737592 1.120351259755321 0
0.4548848724293336 0.6465128043236732 0
0.04125921366315621 -0.1450462621392115 0
-0.4039801790457006 0.7021759963485047 0
0.6803815721204345 -0.1786644873400219 0
0.1033361583224973 1.340464425522128 0
-0.148644434184515 1.105480564612227 0
-0.2362459808149357 0.9195559589745163 0
-0.4262533015066211 0.1215784324836872 0
0.4725501213580287 0.5848951346316787 0
-0.4494966466814027 0.4509024974976291 0
-0.618264511750895 0.3677343060730955 0
-0.09123040660657566 1.113471070103702 0
0.3248864219230134 0.8668557065331146 0
0.8006078341781493 0.2741409451264839 0
-0.1328979148759128 0.08403874124467936 0
-0.2890630468680001 0.1300702855289283 0
-0.2622976217600496 0.2689690576028178 0
0.02290369331692033 1.126999845331379 0
0.4272816747092352 0.00124126284967252 0
0.2547032313312336 0.8194119187016931 0
0.1243821592696014 -0.2889374466570234 0
0.4427527212441455 0.9042134701192754 0
-0.4266949667188641 0.7620692887748566 0
0.1746626674155388 0.02284580212437387 0
0.1873780733447717 -0.0004756258113995937 0
-0.5349129165463891 0.7982683699529565 0
-0.5566037158784057 0.8193419226461982 0
-0.4045343043101309 -0.04708115217484266 0
0.571356817835627 1.12373630756716 0
0.1772993410601406 0.9575814943800938 0
0.3911478900352156 0.2959308043176971 0
0.1656266873551301 1.149063268638545 0
0.6301212092868906 0.4889622424572679 0
0.2883654486587821 0.9970444245003176 0
-0.02526319936049384 0.9490217689528923 0
-0.4413775526358685 0.5962721810249817 0
0.06648825251843338 0.9620792100269824 0
0.1849476642651789 0.08787478490386191 0
0.04499121249704379 0.0898063170098366 0
-0.3327711392791826 1.053939740752801 0
0.4268920408993673 0.9256549840166673 0
0.4755335138555153 0.8581950460614995 0
-0.3645645727104628 -0.09032185333985365 0
-0.1917006698181581 0.02185561081608978 0
-0.2738728181159291 0.1130749601306056 0
0.6160121262800745 0.4143757806336388 0
-0.8127568589867102 0.6779646678168901 0
-0.07134846575188586 0.941462957334799 0
-0.5888787122757269 0.2993238012082642 0
-0.05355338263505647 -0.01659386857070577 0
0.4153899185921624 0.2967473927751111 0
-0.7640445730174688 1.083598710497553 0
-0.2431331525982452 -0.1431715498882197 0
0.331001085086249 0.7084776062158484 0
-0.4578698783865379 0.5535541057303044 0
-0.2748156056027022 0.229697058671571 0
0.4643886076351315 0.5212792106318328 0
0.279651479606278 0.782680559399866 0
0.6121851964815118 1.123292692296186 0
0.1453453933481566 0.2169225974695669 0
-0.1821518974982597 0.1579548188230511 0
0.36075250185071 -0.2956939963663692 0
0.1137614313724572 0.9691741097113331 0
0.6998687037490928 -0.1466503843678438 0
0.04150044823071585 0.00661192870514038 0
-0.8000012754820619 1.432297527618005 0
-0.4936203723597616 -0.1029795967061182 0
-0.242606251321504 0.07710535448242423 0
0.4973951206985008 1.331491820795072 0
0.3351255507096212 -0.1055922429647048 0
0.5894760545051604 -0.2718295003132429 0
0.9612122053157864 0.9168507228826468 0
-0.5336541907108399 0.3881685265051534 0
0.3526321497323269 0.8266827054715529 0
-0.76583691134023 0.8973961517819002 0
-0.2446142468974785 0.9905212319938587 0
0.4046114269857072 1.351296176227125 0
-0.3794900419656194 1.239591342117067 0
0.8032011097109877 0.1556518194052718 0
0.586267499967802 0.07383104423306203 0
-0.6186681537703002 0.1985066601945693 0
0.7910568754538448 1.142007463610239 0
0.6096654956816149 1.068923991218856 0
0.6833261520156619 -0.4346670626824235 0
0.4410724544458753 0.340833256188847 0
-0.8898106717695432 0.1272517369831352 0
-0.3100039754411134 0.3783840757530417 0
-0.5924574574050077 0.7214710698663885 0
-0.7884548746945015 0.8334788163390271 0
0.4465561857294081 0.4000009387890779 0
-0.6301648696280879 0.6884315062350468 0
0.477950421588363 0.2740581886579744 0
0.3351738074758434 0.8891204590257434 0
-0.1720875175276574 1.130270637717873 0
0.3664580154013081 0.8068316461373494 0
-0.8844388169297313 1.032053527180657 0
0.4006453311336965 0.09872107203376135 0
0.4146676187457697 0.1216063177206717 0
-0.283222655330924 0.7344322646513181 0
0.6132688684002184 -0.05247376599215159 0
0.08111534800773729 1.368166511849193 0
0.66 1.467382135162016 0
0.4349679340846077 0.3779577760181211 0
0.7195111413064013 0.9727673623044768 0
-0.6691432524702317 0.2174565687497513 0
0.6600669075771673 0.489506862226542 0
-0.0489379382050216 -0.1395205479510695 0
0.6244066436800162 1.040020973461607 0
-0.2519894578586617 1.32236756810798 0
0.3521815792184214 1.125579598222487 0
-0.1544069130206735 0.8509830695843597 0
0.4121029492820109 0.3366750940106056 0
0.8426220345576 0.7403112206060418 0
-0.8925327702670637 -0.2510312589395189 0
-0.8417553128770963 0.3686679076263464 0
0.6293888427629132 0.8247458120988195 0
0.1756547526880017 -0.0236042500688769 0
-0.6362071378849576 0.4650305118617981 0
-0.7428149801489433 -0.3185632596418719 0
-0.5300581848150876 0.8905192679753089 0
0.3916804095871267 0.7649760134271917 0
-0.5169339687613326 0.846400363768856 0
-0.1989531892475671 -0.3109926315612908 0
0.4003352952763055 0.8028346038568874 0
0.2549555850201163 1.16313932135646 0
-0.4335311365276342 0.6196668573707362 0
0.4891633218948108 0.52271290944055 0
-0.1591368315003054 -0.430014091653074 0
0.3685774557911843 0.04820064889475717 0
0.1785049989044918 0.2399760335268096 0
0.7069233253872942 0.9360853466602521 0
0.6758885475535993 1.035611383539239 0
0.7371010442505164 -0.1453699696615611 0
0.4894505927197979 0.2438064732287126 0
0.8345063362193935 0.3322473257943566 0
-0.4193912699266729 0.7190218340325708 0
-0.4469224750285837 -0.2731449561833378 0
0.8662788763670053 0.4533991727437597 0
-0.51830455571794 1.366408723340968 0
0.8371761609716311 -0.4355306906857426 0
-0.001803054598385836 0.9483642697098797 0
-0.6472035475182049 0.3618261791850645 0
0.6674525034991927 0.9882373076699029 0
0.2760437923813603 1.36737902077517 0
0.7346482384791294 -0.08465511997406638 0
0.02193941886662334 0.979257771880673 0
0.05552471700355728 0.06957310586815629 0
0.3913385933030554 1.431710561189242 0
0.1504851272604779 1.048607033738158 0
-0.9685193474676512 0.7212705150875136 0
-0.3798358049887156 0.03299428152281636 0
-0.4645507830509608 0.4685197175429314 0
0.3195638143256505 -0.1315494207351997 0
-0.9163597857898257 0.7500880751163249 0
0.734818475142057 0.5718815272532386 0
-0.9681110498626603 1.438686408873119 0
0.9637906589163425 -0.4365638711785573 0
-0.9388681765620401 -0.466784056094562 0
0.9388232882144976 1.467019599143053 0
0.4187509016780063 1.383904620009057 0
-0.9329094163824025 1.418906786090981 0
-0.1073027876641476 0.7972564970983145 0
0.6357819138802824 0.7199051494239742 0
0.5120143487265449 -0.3958562857840847 0
-0.8002213693228106 0.8902499313156822 0
-0.560106928235235 0.9651591501077978 0
0.8084632920511887 -0.07978349168866239 0
-0.200714912024182 -0.003569466830988799 0
-0.06708165177703089 -0.1823607064718259 0
-0.5545699505493706 0.7504397431814323 0
0.4795834283109768 0.460180424027865 0
-0.653394911742081 1.036137539932816 0
0.6573929160876293 0.591716545430105 0
0.9680912931628225 0.200940589688466 0
0.2812956721980755 0.9277916829307096 0
0.8302110000177085 0.5890382000969048 0
0.8742865971985614 -0.02826749461579448 0
0.7329334306660074 1.166221916691399 0
-0.5703994025746359 0.7746744523803839 0
-0.4818598638981538 -0.2814176445035039 0
-0.8473029273938729 0.6710513389178292 0
0.4079815430527909 0.7477777949890655 0
-0.717933027919871 -0.3466612873188618 0
-0.4485367334732243 0.6451015081554056 0
-0.7580808555537737 -0.1599182844293299 0
0.4337336183925438 0.9676532113039443 0
0.6465293187223036 0.4145836690482916 0
0.3938541790125429 -0.2913650481574825 0
-0.2884662122586749 0.2449076342360958 0
0.6073879721414553 -0.3036969726281418 0
-0.4556219630640766 0.3656302781122758 0
-0.2091887370970962 -0.3458250272537833 0
0.1680456784603417 0.8120767356269323 0
0.9372987683868426 0.0652585871356538 0
-0.6806390345494593 0.1067205190599651 0
0.4974499535147889 0.5869913053900077 0
-0.2084051734143892 1.097910878962111 0
-0.1969375553528048 1.299452054176564 0
0.1690950192749404 0.8668548731626262 0
0.362963830605165 1.157168813679302 0
0.7349139977857364 0.2152929511675251 0
-0.9336890827315933 -0.062842443679616 0
0.07484671295997833 0.9845982457786634 0
-0.5057401236568546 0.545213524974334 0
0.8391295369654554 0.1574702370565807 0
0.4163079176461436 0.9915914308851554 0
-0.9276302104918637 0.1200769674673863 0
0.443546639540375 0.1693746501537325 0
0.4141961456590909 0.1669981425828089 0
0.4485369897941929 0.2342908371434076 0
-0.5426479121478537 0.3615720581844979 0
-0.3714041427611004 0.7926536350222978 0
-0.4169092177409893 -0.3952844912809197 0
0.5633094367465254 -0.0799978393547901 0
0.1161190930051868 1.371287212033489 0
-0.5162109552997168 -0.2894473271181154 0
-0.5496986699801457 -0.2977377222257673 0
0.2095144627762568 0.087657980373122 0
0.1476944353607912 -0.02275628208578673 0
0.5641685684923923 -0.4317347352667206 0
0.6443104483374242 -0.3044385884084928 0
0.4033652672681372 0.2754905942699775 0
-0.9078129295785375 1.060831637778946 0
-0.1783294910538966 1.334054067063721 0
-0.1918531748961883 0.8623102562588747 0
0.4390455594623143 0.2114590616578574 0
0.0356488432296381 1.329211524663224 0
-0.781820867649188 -0.4670844072839977 0
-0.3874707150245245 1.398808128469107 0
-0.3914001279015263 0.5662003693652188 0
0.3064556199564408 -0.1577229575894017 0
0.6760737218171675 0.4653299458710013 0
0.9305103220724283 1.293500525569366 0
0.2361462754663624 1.187927009633719 0
0.7110321783867235 1.197908902559335 0
-0.6111982711886591 0.6667059206055964 0
0.7859895390598481 0.004194520322142792 0
0.04181653122056213 0.9591086887610862 0
0.353995859935391 1.219909991985026 0
-0.3348340652977145 -0.2511756228237486 0
-0.6082812349109221 -0.1888996478803819 0
0.1896623805233629 -0.1768616005801424 0
0.4929981493225201 0.438455306058862 0
0.9018920976815773 0.4532260662749293 0
0.2018952066161019 0.9609992487497115 0
0.6822856254537872 -0.3059701064565299 0
0.6418799337845219 0.8519895404737473 0
-0.0417664622479606 0.1272493405579251 0
-0.67668568967487 0.355599702138748 0
0.3157414425287103 0.4710265197694284 0
0.05446206703721466 -0.01774085382844692 0
0.7018729624884887 -0.4674700092140356 0
0.5030161330254603 0.502194706058298 0
0.5778114269242898 -0.1168648307010646 0
0.1949245562908531 -0.1256882113801443 0
-0.0015136455816847 1.325977897585437 0
-0.03008366966943618 1.354602743088467 0
-0.1048375248947979 1.348644819569642 0
-0.4731603143164674 1.156946767331229 0
-0.2425414078867517 -0.3525109147056504 0
-0.2006384609414675 0.1494747756032704 0
-0.1322746278111829 1.301699536901064 0
-0.4500228508530689 0.7606450371018971 0
-0.7379775519932941 -0.4266288702099162 0
-0.2372853037559306 0.8006284583603087 0
-0.1182763790354093 0.8542375589394687 0
0.9649788393503271 -0.006969923572650583 0
-0.851934919942263 0.4275093972557209 0
0.03687187900794896 -0.3124165591251401 0
0.4660984460743146 0.708410070318797 0
-0.1892729269653493 0.9279430277616632 0
0.5866622031276338 -0.3995066656092453 0
0.3393676500650674 0.04628679843373712 0
-0.5130892995763999 0.5223815626277101 0
0.1777750328493733 0.1679850578895376 0
0.5340039144646574 0.6136598824620219 0
0.427802140152696 -0.3339175449297529 0
-0.3905161710843575 1.303342048044872 0
0.03922933989532069 -0.3706904004347402 0
0.4874132157425377 -0.4268807384016805 0
-0.935822707936057 1.30050131576738 0
-0.894595957663836 -0.01428922706076619 0
0.1758159414665411 0.8932100949378754 0
-0.4804696646971683 1.367266416849509 0
-0.6101845274819846 1.225712203056742 0
0.07797359028197309 0.06957889012696744 0
-0.06478568458220504 1.310887755931227 0
0.7237651863342901 1.233627041759982 0
0.3085417699724555 0.930252302535582 0
-0.3871816696876462 0.1742740010399243 0
0.8381991035515399 0.8023106784172589 0
0.6433866586143056 -0.4336824116632665 0
-0.3438518710764183 0.6902433835493373 0
-0.7709964362611179 -0.09954847830059732 0
-0.2784493480031967 -0.3615083333422017 0
0.22800044616639 0.2601715980521892 0
0.4375817700816523 0.7075957254471429 0
-0.4719808737410057 -0.1346493650095693 0
-0.06282580240873761 0.865124412522068 0
-0.3192317611001568 0.4140778970429623 0
-0.02227916376617987 1.146487113549695 0
0.002617636597952541 -0.4346047827327724 0
0.5075010830149487 0.611451102647957 0
-0.2955123906458962 0.6063798647586375 0
0.3051921065120115 0.1333537681203826 0
-0.3344855214376436 0.4858883802609165 0
0.9694808400442365 1.24 0
-0.8978145919474733 0.4786075335381276 0
0.7020660900422546 -0.3380382152660533 0
-0.1336839644486205 1.427317982116188 0
0.2229044613200054 0.06648972108995582 0
0.001864140091306107 -0.3732441894695471 0
-0.4144510809779959 0.6593540698138129 0
0.7408277974236769 -0.467829899220467 0
-0.2321581926993296 1.120636663715542 0
-0.619105634882171 0.6415834748018504 0
0.1476150154197174 1.174220538140474 0
-0.9705566419229295 1.001585519623783 0
0.1967413209943667 0.1717648390931528 0
0.02101626312424218 0.09002869041279421 0
-0.4042640926142666 0.1928362412467549 0
0.4991122143542595 0.07578192728866923 0
-0.9671307376679034 0.5582321996763987 0
-0.3528115699494426 0.616316820648237 0
0.5258222964326865 -0.1305304891058786 0
0.3569057536667199 0.6764811688877334 0
-0.6275717561936447 -0.26220295786065 0
0.8375811404805782 0.2188198337094965 0
-0.05311806643930205 0.8857816042353135 0
0.2473007074712963 1.217107792304197 0
-0.08882399219817663 -0.3439831883161448 0
0.2209545301990889 0.1476405298765319 0
0.5435948209696707 -0.18094970005792 0
-0.9373021554567466 0.1785534066365872 0
0.541544249840993 1.431189439606481 0
0.8042001343576338 -0.02603026909200656 0
0.4249396891981935 -0.05159786008904121 0
0.09874572518580482 0.9880565553775769 0
-0.6185650342644278 -0.2240869838182988 0
0.3405232691459985 1.000292738032015 0
-0.3170633455168938 0.7219606860969103 0
-0.3398881392999059 0.8190183788556018 0
-0.6812880421001004 -0.4357323209894363 0
-0.5898991377700414 -0.3524646879286092 0
-0.03686089806613697 -0.4357120633972908 0
-0.8104037015765841 -0.1035122003338398 0
0.3679192777345232 0.2560765297072737 0
0.760319922964202 -0.4371057995703671 0
-0.9703702316866792 1.080000000000001 0
-0.4204306405007154 1.329640983429807 0
-0.07599763283154047 -0.4354477751936399 0
0.3041963498497255 1.467317372187039 0
0.4826899799708125 0.6855285111913103 0
-0.397006490213943 0.2174821483622055 0
-0.9146841541294869 1.175168463464205 0
-0.5330778125382081 1.109670487313517 0
-0.2947953919576243 -0.4014335292863638 0
0.7262044638047632 0.9123050900221578 0
-0.499025264905167 0.8997145322204385 0
-0.2132339795757907 -0.1358165424930918 0
0.3035918307579535 1.224242927112154 0
0.9036102421719709 1.15819210851343 0
-0.4142462024157763 0.2344872816109569 0
0.6689635603232308 0.7238194985849998 0
0.5122175200741429 0.0985728884383319 0
0.7176196559372379 0.2445790734020317 0
0.6927762784706235 1.433862046161636 0
-0.7284347461323275 -0.3831027584283495 0
-0.02846291739031709 -0.2571700680283191 0
0.9630397307606084 0.9646051122461941 0
-0.6026756268356002 -0.289594159515179 0
0.6883885925446482 0.5929261468965618 0
0.182395822327446 1.020591743996049 0
-0.2434727428728535 0.01036352391622114 0
0.005268052708328403 0.06982459253208539 0
0.4911562600531621 -0.1866072560834338 0
0.2234689445053058 -0.1792548106192069 0
0.3030701639920208 0.2516892964594941 0
0.3238216052450072 0.02276127547571866 0
0.7405686359681192 0.7895573021507746 0
0.2100516901944527 0.04446245481946531 0
0.6914165919342272 0.7789597156371093 0
0.2102619774964017 0.756766962184522 0
0.1703151462112856 1.261525880460671 0
-0.4331845643707375 0.7375256871225169 0
-0.2786401747667277 0.7669379300068238 0
0.4653372826294052 -0.4621755041364939 0
0.2119658301551297 0.9854890785137298 0
0.1019510782005641 0.06714752200272017 0
0.5291286737891927 0.5033239638293003 0
-0.4673416063652066 0.7860697696566418 0
0.7042971465984698 0.7291787145494524 0
-0.06395243572065309 0.1747072916854027 0
-0.09962089012315506 1.034728658347472 0
0.5269380697461278 0.1234495614517983 0
-0.4295412984633568 0.6929049131404714 0
-0.2059465960284721 0.8284314937975191 0
0.8334185166765 0.8652427620560796 0
-0.6846377201585403 0.4049968404841563 0
0.2282861820447726 1.032959120419146 0
-0.6154631384619934 0.513873458665876 0
-0.8877647765569602 0.4217922174017368 0
0.1194515471038219 0.8071574807761221 0
0.6648278513694029 1.257970578851792 0
0.7386455349960577 -0.3389145467820485 0
-0.1041639110955156 0.184648720130452 0
-0.2678596782180373 -0.04686570158808945 0
-0.1478758191146374 0.1579540643610635 0
-0.3877027725860692 -0.2313721499626622 0
-0.963312595876596 1.22950627020667 0
-0.3825830977512388 0.4969884264875868 0
0.3300245529565701 0.5483134022634079 0
0.5599116316488764 0.5089785925955591 0
-0.7332136619131085 0.4194988827045388 0
0.9329346493738171 0.7138762174289764 0
0.7508154705894398 0.475282108529307 0
0.1135166785293888 0.04554392491056597 0
0.02486948796228889 1.042786097901872 0
-0.9354423862721704 0.2884161925160779 0
-0.382876710365919 0.2598492857569207 0
0.2678214348741577 1.425688187219469 0
0.2787545717083149 0.2469697325569995 0
0.2847692858053068 0.04573586082329578 0
-0.6505610848152776 0.1940390948282431 0
0.08767079390464422 0.8199419198288318 0
0.9181905068641695 0.4225430106821343 0
-0.2976554825664748 -0.04716986270980783 0
0.9362827885689761 0.579890519081159 0
0.1957370222694864 1.236479143148971 0
0.2978156562079304 1.020672124338135 0
-0.02211299459826058 0.8705306999205413 0
-0.8108336738857835 0.8600344473447921 0
-0.674300471693015 1.062401876265752 0
0.9725070596144761 0.5188428191240676 0
-0.8101561539584593 -0.04469471044243345 0
0.7169965685021307 0.5933539679281968 0
0.126759404974526 -0.1251533767122709 0
-0.2991113104155215 0.3550391857298166 0
-0.7215403334497625 0.4980468492909299 0
-0.3992560396562334 1.178297344688357 0
0.2578016792548426 1.245788460805638 0
0.268842235213535 0.2284161786994812 0
0.2585868054229306 0.2094681321547763 0
-0.4614822035265895 1.337369758139341 0
-0.4577210038839645 0.8117068114836073 0
-0.7379026443058549 1.470638657909519 0
0.2298192892672228 -0.02723098711606065 0
0.5980053089816543 0.2939062049368865 0
0.3288627253594829 0.1349364822587431 0
0.03895615865125775 0.8295598511754558 0
0.9348263617570749 0.6538384837998386 0
-0.2947452130093575 0.2241088763842196 0
-0.3827114662766949 0.9956881708595664 0
0.1175339327908128 1.227949218468334 0
-0.7660835293217551 1.186395865546918 0
-0.5830385481959787 0.8283950872488897 0
-0.08286427288930846 0.8202618133951953 0
0.5728472078384782 0.5870967976744578 0
0.835591263059855 0.2762191953121905 0
0.9702314842429147 0.1191972822628868 0
0.7195832703335434 0.8356605513076149 0
-0.04684869510775057 -0.09263872623333236 0
0.7574350818044625 -0.3729743814029419 0
0.2477510544241343 0.1896341169758777 0
-0.3390292794709586 1.473247747561101 0
0.9703822099489066 0.439562364803726 0
-0.4632093406575697 0.4056899317774844 0
0.2536884679696823 1.399043689288947 0
0.00816014570048762 1.14870828398711 0
0.5423092912007896 0.1508549845646587 0
-0.8639484664511414 -0.04518884110818278 0
0.4308148212690082 -0.1831557765855032 0
0.2267304778449026 1.241107918908213 0
0.08130486719852875 0.1786248080684312 0
0.1566402497003926 -0.09137243045959031 0
0.1980570285329799 0.0231093295667284 0
0.3567696454759642 0.4006217406904709 0
0.5601113467234446 0.5607582875420907 0
0.326618991822278 0.29369962460732 0
0.4760684834881959 0.6468846077186007 0
-0.9349260025431261 0.3798194489322949 0
-0.02040650946506672 0.09645003680081854 0
-0.799177397596422 0.2058739916961656 0
0.3566879739656915 0.2336300854761108 0
0.2573994892014101 -0.180980708240017 0
0.2942663804523177 0.2830527747815962 0
0.6053093787911777 1.283403385453935 0
-0.3535930680570126 0.8394460171457713 0
-0.003281544299334224 0.8704465369840255 0
-0.5485686578643196 0.2597599280492386 0
-0.1614817096265705 0.0575387538708424 0
0.9725916012117471 1.398478362317424 0
-0.4010101864794394 1.264856764542094 0
0.3136637669995852 0.5094968120763763 0
-0.3293852665152359 0.4540455521903694 0
0.7777537829091077 -0.4059037267523802 0
0.0988934560370056 -0.08925905223262132 0
-0.4783926712164759 0.4232295006211875 0
-0.7239960072419024 0.4492437390495849 0
0.3346408771564799 0.402943674297022 0
-0.3340036444178223 0.6704710388010517 0
-0.939157471417942 0.77432527896685 0
-0.1009763997151813 1.474195841274878 0
-0.6964050953610801 1.089344256249127 0
0.01790673339824319 0.8969142775110587 0
0.446178160524596 -0.211503241443965 0
0.5149802503358667 0.6400801333869438 0
0.2901359270815227 1.249759617283932 0
-0.3902221890076716 1.20763345478878 0
-0.9012720533663365 -0.2881793388937173 0
-0.4211442590132645 0.8267291445711178 0
-0.3604053876596821 0.01080834911879042 0
0.5580860995732825 0.6143165685347111 0
0.6121597716976306 0.2667327598234291 0
0.7720438657173705 -0.08258714208494577 0
-0.4390625659172956 0.142341660562379 0
0.9041633108727848 -0.2416241995694434 0
-0.4360932746876258 0.8654933837162012 0
-0.09813145554340866 0.07469843673995852 0
-0.1030951678247983 -0.004966587845234627 0
-0.9720622484772528 0.08463920945967113 0
0.2562470357612616 1.036925670498086 0
-0.4864407387713246 0.4644157637519351 0
-0.1283532705078472 -0.4000005897330863 0
-0.4025547010662583 1.017985585924772 0
-0.2363027940142839 0.1847526452037466 0
-0.1999533435941092 -0.4394651331258113 0
0.438788368903529 -0.07824647328208523 0
-0.608981922445008 0.8237723726878777 0
0.7315406153807045 0.5205762999306138 0
-0.4794401904975431 0.141438342341246 0
-0.4633598334978979 -0.4721892035019348 0
0.3207999908291954 0.6355123847122348 0
-0.4712341677357856 0.4461387617743087 0
0.537102799790886 0.1981219769916838 0
0.07882897416257248 0.8859738025465128 0
-0.3722610229516383 1.427284296728475 0
-0.7104273232988503 0.1010991133096719 0
-0.4303800842929812 -0.4273535803921622 0
0.7434496727811505 1.471438306134421 0
-0.3330742586437425 0.1212191916509461 0
0.2698921454971991 0.02202805135775193 0
-0.9003919142864878 -0.1902135720420249 0
0.1095721258560054 1.010663894540512 0
-0.7469329479196425 0.1813079496887836 0
-0.3172275792422904 -0.005572381637806378 0
-0.7677652443867142 0.4981045956073074 0
0.5797687382953586 0.2052500158950859 0
0.1020218788353545 0.02506791824537347 0
0.8042405532563799 0.9551525297004098 0
-0.4082881415862494 0.8732063135092076 0
-0.4804539734581328 -0.1631959433707995 0
-0.732475724970398 0.1264802172174521 0
0.2927863828787463 -0.1831713266533692 0
0.5494382509433233 1.304461699889299 0
-0.3349974005426238 0.0143008540504187 0
0.0346303703012044 0.8806699320324043 0
-0.4482400982069565 -0.02903844004395362 0
0.2843259555064228 1.040654992491159 0
0.2360489918771178 0.1690679088579585 0
0.5077018676940017 1.421475475389445 0
0.3456404997500896 0.9086519386899474 0
0.05681234916728123 0.8834621252913164 0
0.1128212132520655 0.003084239522648857 0
0.3663751721588083 0.2115493202461307 0
0.4589982939182408 0.005349215266570895 0
0.2219983837101051 1.009897581595411 0
0.08566966280967593 1.225840558314695 0
0.4421045138976065 -0.0219003652010934 0
0.7527261207166305 0.5469593652690035 0
-0.4693842137876483 0.3825215063288187 0
-0.4581269393508802 -0.1880616373628452 0
0.3389485015514135 0.3107441813481501 0
-0.3673732086298136 0.9045056894496047 0
0.9364950077816884 0.3350713956532547 0
-0.2154420473750148 0.1619525569579627 0
-0.604526284309861 -0.01292682345507778 0
-0.9353005391804251 1.200294374749807 0
-0.3963929851256491 0.8982039446277421 0
0.09334088844159108 0.8712152196092674 0
0.2037844945958172 1.028121915232062 0
-0.6247622154995275 0.8439786644853928 0
0.4554477117673211 0.05166655868719661 0
-0.8059503151092473 -0.4356719975942946 0
-0.7186197988864095 1.117635951446355 0
0.8203933971977608 0.98779539774473 0
-0.2538625675956201 -0.01680211786234087 0
-0.3224473606551042 0.8628856225386971 0
0.1789741993521967 0.7977620922096813 0
-0.4054748680220015 0.2536910526440515 0
0.4797119666482473 -0.2138184679566192 0
-0.4737485104019389 0.1824851508981448 0
-0.7249016571877324 0.1564575237595848 0
0.9325956216889659 -0.4004698443294485 0
-0.4368896167626973 -0.05040183486897187 0
0.3034953214255742 0.7835440373818919 0
0.6043474113243996 0.9003425875044035 0
-0.8329089094388219 0.8849358480646866 0
-0.9380113470729351 -0.09559246219215423 0
-0.2995488220114952 0.107639277317534 0
-0.6649294001044701 0.05121106934590824 0
-0.3802442474707513 0.549835370503362 0
-0.1301915347797611 0.8038227209112392 0
0.9038494162509756 1.084081465703925 0
0.5659995627387473 0.2470008543535485 0
0.1143204817878823 0.8746145366017569 0
-0.3210330966813209 0.5805105596295316 0
-0.3003101226633907 0.2045098754494196 0
-0.03601133571468457 -0.0350211210360839 0
0.4243780275788985 -0.1057084852678303 0
0.21195664736341 -0.002261227628776341 0
-0.1698652418936446 0.02430137881782546 0
0.9365145935288051 0.3936416995521739 0
0.7047744066983109 0.4674573912350203 0
0.3246691875801365 0.7541023423647281 0
0.03345278487381661 1.14667716206315 0
-0.3295716408092765 0.5051344770689824 0
-0.6163492952044713 0.03684019252703974 0
-0.6586503663647527 0.0824740668722776 0
-0.4917588352736533 0.1978322096640991 0
0.1309265318901222 1.20173960898175 0
0.1385819816431541 0.1997353018587577 0
-0.503146452492646 0.4839656513232611 0
-0.5350565613386702 0.2136846804051329 0
-0.4305233257754707 1.016059799598566 0
-0.7777463936278439 0.177899836608729 0
-0.3245007698756113 0.10359009623634 0
0.1316680887753547 1.011533065899195 0
-0.4504247374191415 1.043655667718704 0
-0.3241851914138872 -0.03020116030489628 0
-0.6986931706486891 1.473194801141598 0
-0.9405825365792909 1.054419947435666 0
-0.9748650075746258 -0.3999999999999987 0
0.7986163671437272 -0.4365665384733438 0
-0.4355136479529816 -0.2127122273813917 0
0.9017152590137423 -0.3137350613482152 0
-0.8611020424648816 0.641907648260479 0
0.3443203021098226 1.182678428714238 0
-0.1624042987506592 -0.1500334930424992 0
-0.3006862689929286 1.431758432508287 0
-0.8843533828177874 1.439714537165999 0
0.321320993567479 0.5783452992206217 0
0.9328204738652164 -0.0283349174298172 0
0.8509873046336839 -0.4021720239011871 0
-0.5744614644269262 0.2547450319387778 0
0.3664670741899296 1.404199982862833 0
-0.03906729051706808 0.09391849583016854 0
0.9015120184531322 -0.1707745860797657 0
-0.9409579683647182 0.5390839126055342 0
-0.3470417579177769 -0.3697739395411601 0
-0.7595599326917025 0.5456888335109553 0
0.3269031011369196 0.4567311609029904 0
-0.9365443958451392 0.6704987995812476 0
0.02093726202688651 0.8278399238277526 0
0.2566644052228029 0.001251704355938965 0
0.6332946786925209 0.9024148933935267 0
-0.3040382903527419 0.632630185950305 0
-0.01722636780598595 1.05333200852539 0
0.1941845441360644 0.234372583641464 0
-0.6467327670975271 0.6372473362796656 0
-0.3610335981126167 0.5512049612102 0
-0.5289824118098333 0.2396998430038492 0
0.7821333325143405 1.471926919828095 0
-0.57878128243868 -0.3030110033229573 0
-0.9410005246360955 1.379998656934383 0
0.07540483712612632 0.1631998812518241 0
-0.2533459033942685 0.9402020789380894 0
0.9414215745767238 0.8167478611097005 0
-0.9040284175361295 0.4464787949715564 0
0.3325950909812415 0.1928010913886928 0
0.5808995230127083 1.475081844337741 0
-0.01867803789072063 -0.193428282772279 0
-0.475858293969081 0.3611335768183148 0
0.4373713483257711 -0.1318359450463361 0
-0.6081663265374982 0.5908128770706693 0
0.2386271026710793 0.2744002625064662 0
-0.9360779183400418 -0.1490706358468989 0
-0.06120563041301137 1.436781863078324 0
-0.0365818604361199 0.1703358981567235 0
-0.6528895306929025 0.482567662556575 0
0.9390461305229278 -0.1054258925454538 0
0.3345744710284101 0.5853243693788918 0
-0.6272249824787851 0.61544091798589 0
0.3658491750762779 0.9427112358727288 0
-0.1763708752523133 0.852698108827864 0
-0.9317340815363777 0.6359377119258033 0
-0.2554161555175237 1.112899349658572 0
0.9363317615147851 1.331365738662202 0
0.8918312877756132 -0.4025476561409062 0
-0.11963101014373 -0.3457905605595505 0
0.3273603541855081 0.3389164309052278 0
0.9438021319045306 1.25756627267519 0
0.07106177017053056 -0.3104745053430651 0
0.6120885236319851 0.3207740517498374 0
-0.8337884109163041 1.434971598952638 0
0.6522182975841124 0.8784878550714033 0
-0.6232850205714042 0.004147872441726597 0
-0.2101676283444356 0.2014750199064985 0
-0.8647706998133082 0.8801328750900494 0
0.8587848096211051 0.9933792783457795 0
0.1229748210121712 0.8925607841470506 0
-0.616914845883649 0.5676291354928971 0
0.9707179676972456 1.470717967697245 0
-0.9707179676972456 1.470717967697245 0
0.9707179676972456 -0.4707179676972456 0
-0.9707179676972456 -0.4707179676972456 0
0.2245781063933027 0.7416727807280875 0
-0.928028735418389 -0.3712592489608115 0
0.9423658950709414 0.2234317110890651 0
-0.9708118394764378 1.289444622993712 0
0.3692567089311532 0.125199232753441 0
0.937069617645382 0.8858622029066796 0
-0.5167215754990389 0.501036467954341 0
0.05422605886009653 1.222680955398888 0
0.7358571642891671 0.8582505826755572 0
-0.59765968851325 0.2771250575167087 0
-0.6925214000084836 0.3759198852067866 0
-0.4287114935731912 1.1698101505047 0
0.2521648645686057 0.7087249839125662 0
-0.1417298970135103 -0.1699861893016607 0
0.7848310165209869 0.5615999080157017 0
0.3383508080871662 0.3535451792035653 0
-0.8085893693607792 0.5519083347768127 0
-0.6392462885398928 0.5132656229517346 0
-0.4379609191676401 1.073269744348807 0
-0.3365145103606259 0.7229266736727971 0
-0.4146364764313438 -0.2338324279344965 0
-0.9181133268897874 0.8754711639597517 0
-0.7871630142865682 0.2303364649819759 0
0.3915362719652269 0.9430565539161321 0
-0.6006575218743181 0.5500100436034516 0
-0.973114010560319 0.8814600627979488 0
0.8981157641781643 0.9973895550157332 0
0.9387089171895955 0.9995735244473563 0
0.9446498451772019 0.09872891378355453 0
0.4856600870858396 0.05335763461647913 0
0.3156800927089368 0.402456182448384 0
0.5845530157363148 0.9246548732676221 0
-0.5579127536765645 0.794863653003931 0
-0.3279711549548686 0.3399767103906782 0
-0.9757282108748154 1.15844144664607 0
0.5466163010716052 0.5455372096295777 0
0.3016117145871673 0.6355596930463272 0
0.1419298843025529 1.22367704396849 0
0.1029618125780129 -0.309072123926608 0
0.9434578251896304 0.7442070525825181 0
0.3271430901538005 -0.1865663252944658 0
-0.05842617078011035 -0.260530749379756 0
0.8182240868628583 -0.05190541061945897 0
0.3203103724106449 0.1767625031266832 0
0.3286725405593635 1.43770658335717 0
-0.2385584990508048 -0.443569471058308 0
-0.771423534198564 1.425734030170803 0
0.3601435072661026 -0.1848994223451843 0
-0.9088892398666506 -0.3199010568885569 0
-0.8977189910482599 0.6354262807169945 0
0.6808853639737467 0.8828873693732127 0
-0.565122979604459 -0.368565709110144 0
-0.485655984208751 -0.03904046772738368 0
-0.0539022101991159 1.034667413339794 0
-0.9400553226847119 0.9524390791229701 0
-0.5 -0.4778268547884025 0
0.5631059260405098 1.342837459355942 0
0.421307880604621 0.9464931380563443 0
-0.06866179423609911 0.8485212264103079 0
-0.3612594999889419 0.5987688036240991 0
-0.9431398223879721 0.257757648720401 0
-0.4313828547647548 0.2532321981614178 0
0.3491540791036057 0.3695886861370477 0
-0.3883691079674675 0.5296620972028766 0
0.3213757732510649 0.5629317707677035 0
-0.9399375642827461 0.3467480133417757 0
0.3982942405732373 1.40406412430202 0
-0.8380039521656278 0.592434635206514 0
0.6225652169399981 0.3446398945140347 0
-0.9718474163811632 0.02876170519215732 0
-0.3648504538464969 0.1131396376531281 0
0.2673761426116839 0.6914286718489498 0
0.515827579092101 0.05396340135933819 0
-0.1550014243513252 -0.2450120567627098 0
-0.5745291510813111 -0.4038301547546616 0
0.2370770408693374 0.7282782958316065 0
0.7133317983439597 0.885617376625641 0
0.8134220090932437 0.5674911245784211 0
-0.9387177206630158 0.9001640976468076 0
-0.2709952106253045 1.439601899235113 0
0.3131322625633748 0.6082805730167038 0
-0.104566783701885 0.8626343437830395 0
-0.2870298329156988 0.7504411286186241 0
0.1469277178349697 1.372947634951955 0
0.9464996367558922 0.4218219280068193 0
-0.3374620600094069 0.8826765416190868 0
-0.3431081884648486 0.6558924082032471 0
0.6610070510775785 0.3479259098014942 0
0.5426793606781789 0.05573007440429545 0
-0.2696826838408111 0.9577553561169025 0
-0.7384871132634754 1.14429332399893 0
-0.05799303307526828 -0.1186276089648353 0
0.1418019638108035 0.8950942069194303 0
0.3638907019225695 0.606361216056342 0
-0.2494255435035533 0.7839438834635779 0
0.01838758702432079 1.061031758309403 0
-0.0193096799803356 1.035815025683484 0
0.9383665078580907 -0.371626559742914 0
0.4681803243045012 0.403547832954801 0
0.08007124452813084 1.128567552659445 0
0.3959753257790229 -0.1513789033743143 0
0.3318150003471628 1.022314307879351 0
-0.6199120989396696 -0.05262820200829599 0
0.5664765489983996 0.9475966415296337 0
0.3488340010023755 0.5840039542156472 0
0.5928398721939555 1.414812229671419 0
-0.9420044786934639 0.1452908232422777 0
-0.7006427761576834 0.3499550943916713 0
0.2577260172536191 0.2932034448603874 0
-0.2379064541221776 0.8192980901839289 0
-0.1496508431566795 -0.2024844203016483 0
-0.9449114421099878 0.741684318295458 0
-0.1339430384745859 0.8580218772739693 0
-0.7166481205311134 0.3074574794161382 0
0.8032526440623743 1.441546687745256 0
0.164278654009721 0.2136235997050263 0
-0.9095588311996192 1.439437895905967 0
0.02432703611460186 1.218405934796552 0
-0.7111896987044425 -0.4387770571380908 0
0.1026902901207017 1.072594083515099 0
0.5776180444365815 1.378164973447432 0
-0.3435516947228878 0.5505586555710509 0
-0.07255675177650542 -0.2779928617825496 0
-0.6851722671882964 0.4769897517425347 0
-0.1669915427865197 0.1518449657581539 0
-0.5419041753027649 0.8384850456652331 0
0.1008301763169807 0.8103233737012492 0
-0.6757681157655345 1.441985264586124 0
-0.9077797291424441 1.149491860834922 0
-0.712005101831046 0.4751069238087153 0
0.8718236590616569 0.277251467064823 0
0.0652436983223357 1.064475313471557 0
0.4075835693987402 -0.4725276133986339 0
-0.0754191608410275 -0.03169518072675193 0
-0.4784310076531024 0.2710715711343959 0
-0.2404234869472607 1.4448633999358 0
-0.8247478123874236 0.6128838589309171 0
-0.07367022961016885 0.1015541494166194 0
-0.3101866820762579 0.3992142374842892 0
-0.8196617449589342 0.2604092604903968 0
-0.5218255754200153 1.132994351709389 0
0.9378928296079665 1.167636773412094 0
-0.6766851612859923 0.6345889270886846 0
0.8448407956156396 0.5322521692126649 0
0.9726582813000858 0.05264275404549162 0
-0.1090029525223565 -0.2466442284917008 0
0.4398737786835146 0.741065956170327 0
-0.04604869621316363 0.1097875086446562 0
-0.6251119785435103 0.2670956719691703 0
-0.9481579390980035 1.018848235089595 0
0.1545823896463693 -0.2787509823744787 0
0.3788078263123116 0.1033498536059029 0
-0.7495816142119701 1.207355073245594 0
0.4208352068024971 -0.1561426874598949 0
-0.20752388341637 0.844516195187865 0
0.8704499547587086 -0.05467277260000958 0
0.0612922841828247 1.04625411700359 0
-0.3251666895701539 0.5205846196139979 0
0.3345743144277232 0.7241720693455396 0
0.6359885820138182 0.2557809547786599 0
-0.4642865315036789 0.31818626932854 0
0.4521648043365358 -0.3238153382679241 0
-0.2898770592693934 -0.4377662786209524 0
-0.1148539295269507 0.176613192476593 0
-0.09888905759818242 0.8129096123964212 0
-0.2767029487266789 1.14726273424099 0
-0.06409623200381129 -0.1577331744461152 0
0.9077426694523186 0.2801643322306488 0
0.3254021558537004 0.4994288778793168 0
0.3284536390228822 0.4856661165624943 0
-0.4266893036948179 1.093575366682963 0
0.1517885387703769 0.8117322521328363 0
0.320030879703544 -0.4460958783313237 0
0.5458206888432618 0.9777583827853356 0
-0.3966380499757308 0.507224815735516 0
0.5695291529566205 0.05677599404308964 0
-0.4961774624539438 0.2873434372862199 0
0.0524677885239269 1.154523792648073 0
0.06816114605948149 0.8226712424599008 0
-0.118383726638027 0.07303412259504627 0
0.1004590993267904 -0.01375607437646664 0
$EndNodes
$Elements
101 9206 1 9310
1 5 1 1
9211 1 2 
1 6 1 1
9212 2 3 
1 7 1 1
9213 3 4 
1 8 1 1
9214 4 5 
1 9 1 1
9215 5 6 
1 10 1 1
9216 6 7 
1 11 1 1
9217 7 8 
1 12 1 1
9218 8 9 
1 13 1 1
9219 9 10 
1 14 1 1
9220 10 11 
1 15 1 1
9221 11 12 
1 16 1 1
9222 12 13 
1 17 1 1
9223 13 14 
1 18 1 1
9224 14 15 
1 19 1 1
9225 15 16 
1 20 1 1
9226 16 17 
1 21 1 1
9227 17 18 
1 22 1 1
9228 18 19 
1 23 1 1
9229 19 20 
1 24 1 1
9230 20 21 
1 25 1 1
9231 21 22 
1 26 1 1
9232 22 23 
1 27 1 1
9233 23 24 
1 28 1 1
9234 24 25 
1 29 1 1
9235 25 26 
1 30 1 1
9236 26 27 
1 31 1 1
9237 27 28 
1 32 1 1
9238 28 29 
1 33 1 1
9239 29 30 
1 34 1 1
9240 30 31 
1 35 1 1
9241 31 32 
1 36 1 1
9242 32 33 
1 37 1 1
9243 33 34 
1 38 1 1
9244 34 35 
1 39 1 1
9245 35 36 
1 40 1 1
9246 36 37 
1 41 1 1
9247 37 38 
1 42 1 1
9248 38 39 
1 43 1 1
9249 39 40 
1 44 1 1
9250 40 41 
1 45 1 1
9251 41 42 
1 46 1 1
9252 42 43 
1 47 1 1
9253 43 44 
1 48 1 1
9254 44 45 
1 49 1 1
9255 45 46 
1 50 1 1
9256 46 47 
1 51 1 1
9257 47 48 
1 52 1 1
9258 48 49 
1 53 1 1
9259 49 50 
1 54 1 1
9260 50 51 
1 55 1 1
9261 51 52 
1 56 1 1
9262 52 53 
1 57 1 1
9263 53 54 
1 58 1 1
9264 54 55 
1 59 1 1
9265 55 56 
1 60 1 1
9266 56 57 
1 61 1 1
9267 57 58 
1 62 1 1
9268 58 59 
1 63 1 1
9269 59 60 
1 64 1 1
9270 60 61 
1 65 1 1
9271 61 62 
1 66 1 1
9272 62 63 
1 67 1 1
9273 63 64 
1 68 1 1
9274 64 65 
1 69 1 1
9275 65 66 
1 70 1 1
9276 66 67 
1 71 1 1
9277 67 68 
1 72 1 1
9278 68 69 
1 73 1 1
9279 69 70 
1 74 1 1
9280 70 71 
1 75 1 1
9281 71 72 
1 76 1 1
9282 72 73 
1 77 1 1
9283 73 74 
1 78 1 1
9284 74 75 
1 79 1 1
9285 75 76 
1 80 1 1
9286 76 77 
1 81 1 1
9287 77 78 
1 82 1 1
9288 78 79 
1 83 1 1
9289 79 80 
1 84 1 1
9290 80 81 
1 85 1 1
9291 81 82 
1 86 1 1
9292 82 83 
1 87 1 1
9293 83 84 
1 88 1 1
9294 84 85 
1 89 1 1
9295 85 86 
1 90 1 1
9296 86 87 
1 91 1 1
9297 87 88 
1 92 1 1
9298 88 89 
1 93 1 1
9299 89 90 
1 94 1 1
9300 90 91 
1 95 1 1
9301 91 92 
1 96 1 1
9302 92 93 
1 97 1 1
9303 93 94 
1 98 1 1
9304 94 95 
1 99 1 1
9305 95 96 
1 100 1 1
9306 96 97 
1 101 1 1
9307 97 98 
1 102 1 1
9308 98 99 
1 103 1 1
9309 99 100 
1 104 1 1
9310 100 1 
2 1 2 9106
1 436 3543 2952 
2 2015 2647 2012 
3 451 3520 453 
4 1791 3267 3266 
5 1146 3255 3249 
6 334 2593 2591 
7 2710 3457 408 
8 2792 3621 2373 
9 3394 4303 3393 
10 2876 4419 2844 
11 264 3458 263 
12 367 3562 3542 
13 1036 3937 2733 
14 1027 4431 1029 
15 3172 3559 2099 
16 2642 2932 801 
17 1828 3189 3188 
18 2669 2792 2373 
19 396 3102 2749 
20 3440 4431 1027 
21 391 2899 2596 
22 3528 3930 2141 
23 3882 4511 3647 
24 2318 3882 3647 
25 2348 3324 3138 
26 906 3921 1294 
27 1294 3921 3344 
28 3206 3924 1988 
29 1768 2875 1808 
30 1848 2669 2373 
31 1988 3959 3948 
32 3185 4330 3187 
33 3138 3870 2348 
34 2642 3199 2228 
35 625 3580 623 
36 1828 3190 3189 
37 1025 4412 1027 
38 2733 3940 1036 
39 1896 2660 2426 
40 3266 3424 1791 
41 1239 3424 1149 
42 2086 3788 2720 
43 2609 2944 912 
44 801 2932 496 
45 4166 4260 2498 
46 1786 3216 3037 
47 3948 3959 3209 
48 1988 3948 3206 
49 443 2870 441 
50 1969 3445 1967 
51 3187 4330 744 
52 1027 4412 3440 
53 1950 2875 1768 
54 2591 2773 334 
55 2550 2957 2925 
56 2357 3457 2710 
57 2844 3050 2876 
58 95 2891 96 
59 4098 4287 3738 
60 387 2909 2678 
61 2602 2915 328 
62 1848 2801 2669 
63 3320 3514 2615 
64 2774 4098 2060 
65 3389 4260 4166 
66 2821 2822 313 
67 2629 2630 824 
68 2920 4220 2368 
69 2013 2646 2645 
70 3482 3726 3243 
71 801 3199 2642 
72 3150 4686 2905 
73 2553 4055 3406 
74 2925 2957 307 
75 2075 2782 2617 
76 1995 2801 1848 
77 3019 4087 2993 
78 409 3726 3482 
79 822 4584 2582 
80 3406 4177 2553 
81 3738 4287 1609 
82 2580 3216 1786 
83 2865 3150 2905 
84 2174 3142 1837 
85 3106 4576 612 
86 3906 3919 2623 
87 1829 3188 1961 
88 2355 2729 1914 
89 2617 2747 2075 
90 2015 2732 2647 
91 3022 3892 2076 
92 1370 4303 3394 
93 2643 4550 3379 
94 2558 2934 388 
95 263 3458 323 
96 3019 3021 1290 
97 2816 2856 2815 
98 324 4459 2625 
99 2996 3048 1503 
100 2901 2902 2208 
101 451 3756 3520 
102 2999 3864 3135 
103 610 3106 612 
104 141 4203 140 
105 3542 3562 2702 
106 823 2631 842 
107 2726 4078 1493 
108 2623 3919 3133 
109 3978 4419 374 
110 1838 4682 3186 
111 2076 3892 3145 
112 3091 3093 1645 
113 668 3857 3838 
114 3285 3286 1953 
115 3021 3823 1290 
116 3458 4377 4151 
117 3458 4151 323 
118 3629 4440 3352 
119 3952 4212 3819 
120 2628 4207 4079 
121 2582 2958 822 
122 3280 4663 1962 
123 418 3695 2751 
124 3498 3965 685 
125 2074 2747 2537 
126 2719 3273 348 
127 2625 3663 324 
128 3244 3624 337 
129 1953 3287 3285 
130 2129 3416 2264 
131 912 2944 455 
132 1963 3600 3216 
133 668 3838 3134 
134 2816 4473 2856 
135 1838 3186 2252 
136 2228 4489 2642 
137 2110 3814 2600 
138 3682 4176 3193 
139 828 4440 3629 
140 1493 4074 2726 
141 3010 3135 1524 
142 4186 4550 2520 
143 2589 4668 3517 
144 2632 2735 352 
145 337 3721 3244 
146 2075 2747 2074 
147 2746 4459 2098 
148 3163 3164 1497 
149 4079 4207 805 
150 912 3519 2609 
151 352 2784 2632 
152 2344 3023 2767 
153 2848 4419 3978 
154 3216 4075 1963 
155 1795 4443 4416 
156 1524 3851 3010 
157 3851 3957 3147 
158 2767 3023 2551 
159 2780 3525 2399 
160 4055 4454 2230 
161 3497 3498 685 
162 1146 3256 3255 
163 2553 4454 4055 
164 351 3258 2724 
165 4026 4042 3180 
166 2751 3695 2734 
167 2720 3788 1332 
168 1166 2999 2997 
169 3177 3178 417 
170 1693 2741 2737 
171 3258 3259 2724 
172 1294 3514 3320 
173 2099 4625 3172 
174 1914 2729 2672 
175 313 4120 2821 
176 3163 3818 2124 
177 3030 4617 4081 
178 3245 3726 409 
179 416 3754 3684 
180 3125 3938 1616 
181 402 4237 2618 
182 2551 4610 2767 
183 3911 3940 2942 
184 1616 3936 3125 
185 2657 4243 2555 
186 1485 3257 3248 
187 1645 3101 3091 
188 2878 3311 2880 
189 2937 4144 2595 
190 3256 3837 3240 
191 1290 4087 3019 
192 3344 4671 2206 
193 2098 4459 2635 
194 307 2957 2661 
195 1036 3940 3911 
196 2059 2787 2616 
197 3135 3864 1524 
198 3010 3851 3147 
199 3500 4101 3309 
200 2833 3657 2831 
201 1962 4663 1963 
202 2555 4243 4223 
203 2616 2939 2059 
204 3042 3965 2287 
205 2135 3824 3350 
206 3379 3713 2643 
207 2883 4302 1710 
208 824 3279 2629 
209 890 3621 2792 
210 2763 3360 403 
211 409 4655 3245 
212 2716 4692 2257 
213 1927 2794 2389 
214 4469 4502 2484 
215 3164 3787 1497 
216 1676 3795 3349 
217 1513 3995 3986 
218 3180 4042 1447 
219 1374 4220 2920 
220 3837 4561 3240 
221 3274 4502 4469 
222 608 4210 610 
223 1492 4265 3447 
224 388 4311 2558 
225 3442 3443 435 
226 805 3069 3067 
227 3986 3995 3141 
228 3029 4617 3030 
229 2645 2721 2013 
230 2705 3304 654 
231 2618 4168 402 
232 647 3525 2780 
233 2257 4692 2728 
234 3944 4340 2288 
235 1067 3601 1086 
236 4416 4443 2575 
237 3178 3918 417 
238 1673 4293 2889 
239 436 3975 3543 
240 2519 4186 2520 
241 3503 3635 3504 
242 2905 2983 2865 
243 3284 4173 3286 
244 1166 3864 2999 
245 1235 3428 3368 
246 2135 3350 3349 
247 2641 2801 1995 
248 3883 4114 2468 
249 405 3288 3287 
250 2839 3050 2841 
251 3428 3762 3248 
252 2672 2729 2193 
253 2111 2715 1810 
254 780 3279 804 
255 2243 4176 3682 
256 2636 3573 1471 
257 4092 4323 4119 
258 2819 3027 1623 
259 2660 4428 2426 
260 2020 3495 3494 
261 3215 4286 3197 
262 374 4419 2876 
263 3371 4251 1609 
264 140 4203 3253 
265 3616 4515 2040 
266 3162 4071 771 
267 983 3810 953 
268 2569 4192 1104 
269 2626 4261 2628 
270 496 2932 498 
271 2985 3729 1242 
272 1104 4149 2569 
273 411 3583 3313 
274 3517 4645 2589 
275 2895 4556 3107 
276 3111 3788 2088 
277 3248 3762 1485 
278 3684 3754 2638 
279 321 2675 2673 
280 277 2784 276 
281 411 4528 3583 
282 3530 3930 3528 
283 2769 2770 333 
284 2893 2894 2109 
285 2604 2915 2602 
286 2709 4074 1493 
287 2012 2647 2013 
288 2628 4261 4207 
289 2747 3103 2537 
290 2469 3551 2468 
291 2629 3280 1962 
292 2600 4621 2110 
293 2680 3729 2985 
294 1493 4103 2709 
295 3247 3878 3368 
296 1414 3417 1656 
297 3447 4265 2725 
298 3247 4004 3878 
299 1832 4252 3971 
300 3651 4208 4180 
301 1693 2753 2741 
302 3178 4183 3918 
303 1437 3782 3465 
304 2794 3102 2389 
305 350 2749 2748 
306 2040 4544 3616 
307 1967 3445 2400 
308 3373 4340 3944 
309 2096 4114 3883 
310 1609 4287 3371 
311 2580 4534 1920 
312 2668 4245 4200 
313 2356 3786 3134 
314 1920 4075 2580 
315 3048 3049 1503 
316 2402 4430 3522 
317 2396 4682 1838 
318 3465 3782 2385 
319 1419 4144 2937 
320 2673 2734 321 
321 1497 3818 3163 
322 1507 4000 3942 
323 2776 4098 2774 
324 1903 4340 2752 
325 3249 3601 1146 
326 3936 4175 2789 
327 2894 2895 2109 
328 1208 3901 3133 
329 1350 3269 1281 
330 96 2891 314 
331 2770 2771 333 
332 1834 3594 3250 
333 1399 3570 3556 
334 2761 2911 2760 
335 2002 3519 2001 
336 1581 2870 443 
337 2193 2730 2672 
338 323 4151 3179 
339 1165 4004 3247 
340 2749 4250 396 
341 441 2870 2759 
342 2764 3360 2763 
343 1832 3971 2199 
344 2495 4016 3926 
345 761 4035 812 
346 3368 3878 1235 
347 432 3542 2702 
348 3918 4183 360 
349 2821 4120 384 
350 2116 4378 2654 
351 2661 3365 307 
352 3247 4093 1165 
353 2604 3427 2915 
354 2653 4480 1625 
355 2760 2911 383 
356 840 3191 855 
357 1235 3762 3428 
358 3556 3570 3460 
359 2538 3966 341 
360 3068 4000 1507 
361 455 2944 458 
362 2013 2647 2646 
363 4200 4245 1706 
364 3942 4000 3059 
365 3438 3471 1762 
366 2206 3514 3344 
367 2899 3026 2596 
368 968 3101 1645 
369 3522 4232 2402 
370 108 3444 107 
371 2895 3107 2109 
372 3123 4235 2608 
373 1616 4175 3936 
374 1413 3419 3418 
375 498 4027 501 
376 2952 4308 436 
377 1471 3627 2636 
378 2287 4189 3042 
379 2902 2903 2208 
380 2717 3038 2935 
381 2287 3965 3498 
382 966 3101 968 
383 3324 4142 1233 
384 341 4469 2538 
385 430 3444 2648 
386 435 3974 3442 
387 3926 4016 2177 
388 2088 4398 3111 
389 610 4210 3106 
390 453 3520 912 
391 1300 3962 3147 
392 1149 3424 1668 
393 3503 4464 3635 
394 548 3069 805 
395 824 2631 823 
396 546 3069 548 
397 2719 4244 3273 
398 2554 4630 3146 
399 3278 4231 2442 
400 2744 3290 1741 
401 3973 4410 3547 
402 1832 3416 2662 
403 2141 4359 3528 
404 2652 4198 3420 
405 2324 4555 3843 
406 1666 3397 3082 
407 1625 4160 2653 
408 3349 3795 2135 
409 3244 3733 3624 
410 2111 2716 2715 
411 3146 4636 2554 
412 2631 4101 3500 
413 3551 3883 2468 
414 2556 3640 3479 
415 3205 3899 3206 
416 2551 4591 2535 
417 3899 3924 3206 
418 345 3684 2638 
419 384 4473 2821 
420 3082 3397 3083 
421 2788 2789 1767 
422 792 3580 625 
423 3341 4671 3344 
424 386 2891 95 
425 2754 2906 315 
426 1136 3190 1142 
427 505 4328 3967 
428 2735 3719 352 
429 3457 3458 264 
430 2088 3788 2086 
431 3134 3838 2356 
432 647 4022 648 
433 2208 4482 2901 
434 1791 3424 1239 
435 3416 3417 2264 
436 2890 3311 2878 
437 3180 3950 2417 
438 1961 3188 3186 
439 1710 4295 2883 
440 2979 4293 1673 
441 3624 3733 412 
442 3133 3919 1208 
443 1676 3349 3348 
444 2700 4238 4194 
445 3438 3472 3471 
446 2856 4473 384 
447 2815 2856 309 
448 2759 2869 369 
449 1708 3559 3172 
450 1765 3641 3557 
451 2648 3442 430 
452 1531 4148 2696 
453 3420 4196 2652 
454 1741 3290 1538 
455 3580 4622 623 
456 1512 4169 4086 
457 738 4286 3215 
458 3908 3950 799 
459 2346 3023 2344 
460 4300 4381 2540 
461 3215 4364 1504 
462 4013 4131 1486 
463 3268 3360 2764 
464 3067 4079 805 
465 1484 4381 4300 
466 3081 3910 3822 
467 1504 4351 3215 
468 4030 4070 3306 
469 3160 3163 2124 
470 3843 4272 2324 
471 3038 4228 2935 
472 2801 3142 2174 
473 3306 3916 2372 
474 2288 4340 1903 
475 2569 4149 3308 
476 3045 4099 4015 
477 1828 3188 1829 
478 1837 3142 2041 
479 2654 4500 2116 
480 2402 4232 3376 
481 1507 4129 3068 
482 2696 4135 1531 
483 2535 4610 2551 
484 2355 2783 2729 
485 1413 3418 3417 
486 2884 2886 386 
487 3903 4254 376 
488 2417 3950 3908 
489 3395 4056 3401 
490 3364 3953 3363 
491 1918 4070 4030 
492 1125 3916 3306 
493 2648 3445 1969 
494 3408 4539 1344 
495 3460 4214 2513 
496 2932 4027 498 
497 1544 4253 3162 
498 4194 4238 1614 
499 2624 3953 3364 
500 812 4035 2854 
501 655 3711 652 
502 1491 4435 4417 
503 2797 4394 357 
504 4109 4317 2812 
505 2662 3416 2129 
506 3250 3595 1834 
507 3983 4331 2303 
508 3308 4141 2569 
509 2340 4294 2627 
510 1332 3585 2720 
511 3822 3910 680 
512 3286 4173 1822 
513 3162 4291 1544 
514 2665 4456 340 
515 340 4281 2665 
516 2778 3544 366 
517 2715 2716 2257 
518 2528 4373 4321 
519 3147 3957 1300 
520 3376 4346 2402 
521 1212 3512 2701 
522 2875 3375 1808 
523 3084 4131 4013 
524 1344 4590 3408 
525 2671 3730 877 
526 3137 4090 808 
527 2780 4022 647 
528 2981 3050 2839 
529 3196 4229 4206 
530 1720 4128 4095 
531 2676 4307 2176 
532 2634 4073 4072 
533 4072 4073 1496 
534 680 3910 3084 
535 4247 4305 3151 
536 4417 4435 3169 
537 2596 4468 391 
538 3195 3711 1489 
539 2931 3120 2918 
540 529 4547 2670 
541 3536 4341 4269 
542 2678 4438 387 
543 2627 4294 4274 
544 3786 3858 1270 
545 1637 4411 3844 
546 2054 3120 1783 
547 2417 4026 3180 
548 2883 4295 2882 
549 570 2790 567 
550 2779 4367 4334 
551 622 4654 3017 
552 3205 3875 2211 
553 4180 4208 2118 
554 3103 4431 2537 
555 3379 4550 331 
556 3017 4642 622 
557 3901 3928 2936 
558 4321 4373 1568 
559 2703 4565 2113 
560 2784 4494 2472 
561 645 3303 2758 
562 2670 4217 529 
563 1522 3599 1519 
564 1742 4507 2882 
565 2713 4541 4445 
566 2723 3276 342 
567 328 4470 2602 
568 4094 4166 2497 
569 2831 3657 2853 
570 2841 3050 2844 
571 4095 4128 3252 
572 2348 4142 3324 
573 3843 4648 2532 
574 3274 4469 341 
575 3251 3615 412 
576 1208 3928 3901 
577 763 3563 765 
578 2631 3500 842 
579 3170 3175 1708 
580 1589 4247 3151 
581 2882 4389 1742 
582 4094 4309 1807 
583 2733 3998 2732 
584 2525 3977 2524 
585 2582 4584 2584 
586 3137 4529 4090 
587 3179 4487 323 
588 1708 3172 3170 
589 2630 2631 824 
590 413 4235 3123 
591 3304 3325 654 
592 458 4106 460 
593 1301 4403 4223 
594 3308 4070 1918 
595 2748 2750 350 
596 2632 2784 2472 
597 4269 4341 1435 
598 2662 4252 1832 
599 2702 3543 432 
600 4390 4395 2549 
601 3066 4212 3952 
602 2902 3032 2903 
603 4295 4389 2882 
604 1489 4696 3195 
605 4334 4367 1266 
606 395 3260 3259 
607 276 2784 352 
608 3967 4328 2637 
609 393 2784 277 
610 1281 3269 1791 
611 2010 2721 1453 
612 3161 4071 3162 
613 2636 3627 2637 
614 1349 3130 1695 
615 2532 4272 3843 
616 2874 2923 2922 
617 565 3587 561 
618 1744 3617 3060 
619 2356 3858 3786 
620 2566 4263 3117 
621 2106 4541 2713 
622 3344 3514 1294 
623 3937 3998 2733 
624 4015 4099 2707 
625 877 3844 2671 
626 1464 3279 780 
627 654 3711 2705 
628 1896 3561 2660 
629 2398 3920 3209 
630 2917 3120 2054 
631 3172 4625 3173 
632 1413 3417 1414 
633 2715 2962 1810 
634 2615 3514 2205 
635 2763 3719 2735 
636 1693 3896 1691 
637 2497 4166 2498 
638 345 4126 2639 
639 2760 3427 2604 
640 2886 2891 386 
641 2398 3947 3920 
642 763 4703 3563 
643 2802 3111 2410 
644 3498 4444 2287 
645 3060 3182 1744 
646 3920 3947 1396 
647 2638 4126 345 
648 2639 4319 345 
649 2289 3944 2288 
650 3541 4049 363 
651 2176 4428 2676 
652 1202 4376 4148 
653 2832 2981 2834 
654 395 3259 3258 
655 2045 4059 3814 
656 2316 4169 1512 
657 1346 3111 2802 
658 789 4261 2626 
659 2909 3727 2678 
660 2616 3775 2939 
661 1799 3599 3478 
662 431 4410 3973 
663 1791 3269 3267 
664 3084 4013 680 
665 4024 4025 793 
666 2054 3032 2917 
667 1249 4109 2814 
668 2914 4122 2383 
669 2657 4446 4243 
670 1656 3417 3416 
671 181 3261 180 
672 2375 3859 3730 
673 1584 3459 2979 
674 951 3049 941 
675 4148 4376 2696 
676 2539 2782 2075 
677 3024 3984 3025 
678 2944 4106 458 
679 2701 3874 1212 
680 2862 2983 2860 
681 3479 3640 3478 
682 4243 4446 511 
683 2966 2969 2968 
684 3478 3640 1799 
685 2959 3199 801 
686 2789 3587 1767 
687 2666 4024 1447 
688 4014 4040 2976 
689 2211 3899 3205 
690 2113 4678 2703 
691 1804 3120 2931 
692 3977 4481 2524 
693 2970 3782 1437 
694 3164 4253 1544 
695 2699 3946 305 
696 2666 4025 4024 
697 2776 4018 2451 
698 1438 2970 1437 
699 799 3709 2766 
700 2834 2981 2839 
701 3845 3875 3362 
702 334 3990 2593 
703 3302 3303 649 
704 765 4067 767 
705 855 3191 910 
706 2346 4003 3023 
707 1709 3518 1509 
708 3627 3967 2637 
709 3287 3288 3285 
710 1300 4054 3962 
711 2880 3311 2883 
712 401 4167 3373 
713 3437 3561 2097 
714 215 4667 2651 
715 1996 3499 1998 
716 4223 4403 2555 
717 2651 4083 215 
718 2618 4567 4168 
719 3896 4698 1691 
720 1146 3601 1067 
721 1055 4347 3350 
722 3107 4556 1741 
723 4352 4379 2392 
724 3962 4054 3014 
725 2001 3519 2419 
726 2289 4343 3944 
727 2211 3875 3845 
728 1531 4091 2985 
729 2108 2893 2109 
730 4476 4665 2664 
731 770 3787 766 
732 3025 3984 2217 
733 1132 2753 1689 
734 4110 4162 3403 
735 2698 3311 2890 
736 1503 3810 2996 
737 2751 3675 418 
738 3410 4363 1932 
739 2759 2870 2869 
740 1238 4040 4014 
741 1503 3049 951 
742 2667 4495 390 
743 4080 4184 2401 
744 3179 4151 2949 
745 3730 3859 877 
746 4168 4567 336 
747 1086 3601 1485 
748 2903 3032 2054 
749 369 3108 2759 
750 3350 4332 1055 
751 412 3733 3251 
752 2853 2973 2972 
753 2581 3366 2346 
754 3109 4379 4352 
755 159 4226 2706 
756 2626 4327 789 
757 804 3279 824 
758 238 4186 3888 
759 904 3921 906 
760 1142 3190 1828 
761 1502 3680 3081 
762 3776 3904 3777 
763 2108 3752 2893 
764 3117 4471 2566 
765 1602 3453 2994 
766 2711 4348 405 
767 3366 4003 2346 
768 1496 4073 2709 
769 2865 2983 2862 
770 3129 3130 1349 
771 3209 3959 2398 
772 3301 3325 3304 
773 347 3261 181 
774 2868 4342 3378 
775 4136 4191 2478 
776 403 3719 2763 
777 2013 2721 2010 
778 1264 4195 3716 
779 3348 3351 1676 
780 2652 4196 1405 
781 367 4637 3562 
782 3401 4056 1891 
783 2454 4331 3983 
784 4158 4304 3581 
785 1544 4313 3164 
786 2764 4031 3268 
787 330 2776 2774 
788 3517 4668 1905 
789 2757 2921 370 
790 3144 3836 3512 
791 2754 4209 2906 
792 2240 2773 2591 
793 2005 4395 4390 
794 386 3073 2884 
795 1485 3601 3257 
796 2421 4044 3537 
797 2444 4284 3960 
798 2579 2773 2240 
799 2025 2962 2037 
800 1509 3518 1719 
801 365 3444 108 
802 107 3444 430 
803 405 4355 2711 
804 3484 3949 3880 
805 1918 4141 3308 
806 1850 4105 2116 
807 1418 3198 1776 
808 1166 3810 983 
809 1215 4182 4017 
810 546 3430 3069 
811 1531 4135 4091 
812 318 4241 2930 
813 3167 3175 3170 
814 4263 4427 782 
815 1310 3982 3690 
816 309 2857 2815 
817 2939 3775 3034 
818 370 4475 2757 
819 3167 3211 3175 
820 1695 3130 1881 
821 966 3461 3101 
822 2714 3945 777 
823 4226 4394 2640 
824 3819 4212 1278 
825 1336 3129 1349 
826 383 3427 2760 
827 390 4209 2667 
828 2706 4526 159 
829 2836 3657 2833 
830 4386 4537 2199 
831 2665 4281 415 
832 2993 4087 3049 
833 2923 4694 3028 
834 396 4244 3102 
835 1069 4162 4110 
836 4115 4145 1663 
837 2512 4107 2464 
838 3141 3904 571 
839 2785 3592 404 
840 2935 4228 385 
841 3100 3580 792 
842 953 3810 1503 
843 2124 3202 3160 
844 2814 4542 1249 
845 3347 4347 1055 
846 2516 4528 3888 
847 2060 4098 3738 
848 3491 4088 4036 
849 4036 4088 2283 
850 333 3802 2769 
851 649 3303 646 
852 2282 3903 2650 
853 3311 4302 2883 
854 4354 4369 2487 
855 419 2796 2795 
856 1932 4467 3410 
857 2765 3745 913 
858 3136 4646 4496 
859 408 3964 2710 
860 350 4250 2749 
861 415 3464 3390 
862 2422 4104 4051 
863 889 2967 2397 
864 305 4638 2699 
865 2668 4200 1699 
866 2997 3810 1166 
867 1689 2753 1693 
868 1447 4042 2666 
869 1623 4140 2819 
870 473 3351 476 
871 2700 4194 1710 
872 3389 4166 3391 
873 567 2790 1767 
874 1538 3290 1536 
875 3118 3852 3059 
876 3378 4392 2868 
877 1678 3319 3128 
878 2726 4040 1238 
879 2143 4426 4344 
880 1783 3120 1804 
881 189 4592 2775 
882 3570 4214 3460 
883 2497 4309 4094 
884 2331 4191 4136 
885 1932 4363 3412 
886 286 3464 415 
887 2442 4267 3278 
888 4205 4233 3646 
889 2707 4099 1007 
890 808 4020 1744 
891 685 3043 626 
892 3535 3536 1773 
893 3557 3641 2121 
894 4486 4566 3447 
895 3130 4665 3131 
896 2918 4495 2931 
897 772 3472 775 
898 3131 4665 4476 
899 1278 4212 3068 
900 3814 4059 2600 
901 2967 2968 2397 
902 1526 3867 2936 
903 2609 3519 2002 
904 1720 4095 3414 
905 777 3676 2714 
906 315 4222 2754 
907 2495 3723 2758 
908 1138 3190 1136 
909 3490 4108 3491 
910 3359 4325 3358 
911 2966 2968 2967 
912 903 4369 4354 
913 901 4240 904 
914 428 2952 2950 
915 1654 3211 3165 
916 1326 3585 1332 
917 1480 4304 4158 
918 2427 4229 3449 
919 1405 4277 2652 
920 1927 2896 2794 
921 3397 3398 3083 
922 393 4319 2639 
923 856 3202 841 
924 2737 3896 1693 
925 4256 4325 3359 
926 2943 3596 1469 
927 3844 4411 2671 
928 2721 3448 1453 
929 2953 4486 3447 
930 4051 4104 1379 
931 2709 4103 1496 
932 3068 4129 1278 
933 3060 3614 3182 
934 414 4231 3278 
935 1078 3034 1298 
936 3373 4167 2330 
937 2004 3198 2767 
938 3412 4255 1932 
939 1741 4556 2744 
940 2611 3623 2612 
941 331 4550 4186 
942 3293 4442 4299 
943 3433 3437 2097 
944 3028 4219 2923 
945 2596 3026 2597 
946 2725 4265 2534 
947 1604 2827 2825 
948 3116 3153 3030 
949 3537 4080 2421 
950 2027 3670 3045 
951 2098 3993 2746 
952 2775 4337 189 
953 3494 4178 2020 
954 4299 4442 939 
955 1542 3717 3335 
956 3971 4386 2199 
957 2782 4594 2617 
958 3535 3856 3374 
959 716 3709 799 
960 2745 4254 3903 
961 415 4353 2665 
962 1608 4317 4109 
963 2451 4098 2776 
964 2308 4624 4246 
965 1075 3034 1078 
966 2936 3867 2232 
967 2534 4674 4527 
968 3536 3740 1773 
969 646 3303 645 
970 348 4267 2719 
971 2731 4169 2316 
972 2977 3302 2016 
973 4171 4394 2797 
974 3137 3423 2301 
975 561 3587 559 
976 649 3325 3302 
977 2076 4612 3022 
978 2118 4208 3420 
979 2205 3514 2206 
980 3647 4511 2722 
981 2778 4481 3544 
982 2424 2938 1933 
983 3955 4100 3385 
984 2617 4594 2661 
985 2383 4311 2914 
986 3186 3188 2252 
987 3512 3836 2701 
988 2949 4628 3179 
989 3165 3211 3167 
990 1998 3499 2047 
991 4143 4187 2428 
992 1211 3153 914 
993 1646 3214 1818 
994 3541 4504 4049 
995 2529 2929 2530 
996 2895 4254 2745 
997 2723 3277 3276 
998 2581 4048 3366 
999 3414 4085 1720 
1000 3128 4665 3130 
1001 3615 3770 346 
1002 3437 4656 1494 
1003 2762 4145 4115 
1004 2980 2981 2832 
1005 1489 3711 655 
1006 3716 4195 2493 
1007 3362 3652 2115 
1008 2037 2962 2715 
1009 2874 2922 312 
1010 3402 4001 3403 
1011 2774 4592 330 
1012 2890 4631 2698 
1013 2860 2983 2982 
1014 808 4090 4020 
1015 365 3445 3444 
1016 1409 3419 1410 
1017 3116 4632 3699 
1018 3251 3770 3615 
1019 3182 3614 536 
1020 3287 4355 405 
1021 434 3973 3547 
1022 1242 3729 3154 
1023 3319 4665 3128 
1024 2811 2857 2807 
1025 3595 3980 1834 
1026 2768 4453 2601 
1027 2965 4191 2331 
1028 3214 3814 2110 
1029 53 2914 388 
1030 3467 3679 3652 
1031 612 4576 802 
1032 1055 4408 3347 
1033 2218 3884 3745 
1034 1676 3351 473 
1035 3045 3670 3044 
1036 793 3914 728 
1037 1861 3599 1522 
1038 2853 3657 2973 
1039 3563 4067 765 
1040 2943 3890 2942 
1041 2758 3723 645 
1042 3888 4186 2519 
1043 4241 4701 2930 
1044 3047 3198 1418 
1045 652 3711 654 
1046 1974 2734 2673 
1047 801 4699 2959 
1048 1504 4364 3187 
1049 2566 4427 4263 
1050 1438 3712 2970 
1051 1743 4390 2793 
1052 2977 3303 3302 
1053 192 3105 191 
1054 2993 3049 3048 
1055 2804 2972 2808 
1056 1132 3511 2753 
1057 2685 2946 2699 
1058 2802 3669 1346 
1059 2639 4494 393 
1060 1950 4405 2875 
1061 3699 4632 2838 
1062 3381 4036 2283 
1063 3082 3564 1666 
1064 4462 4589 3964 
1065 3149 3150 1713 
1066 3676 4674 2534 
1067 1410 3419 1413 
1068 1589 4145 2762 
1069 3852 3942 3059 
1070 2095 2941 2092 
1071 2625 4459 2746 
1072 2714 4089 3945 
1073 4344 4426 2649 
1074 1494 4336 3437 
1075 4086 4113 1512 
1076 3471 3472 772 
1077 1781 2903 2054 
1078 402 3473 3270 
1079 1519 3599 1799 
1080 3245 4655 3253 
1081 4017 4182 3189 
1082 1767 2790 2788 
1083 3960 4284 3269 
1084 2085 3149 1658 
1085 2015 2733 2732 
1086 2503 4433 2529 
1087 1699 4560 2668 
1088 2095 2942 2941 
1089 2495 3926 3723 
1090 3377 4021 2241 
1091 2082 4646 3136 
1092 2795 2797 419 
1093 1874 3682 3193 
1094 3071 3914 793 
1095 3081 3680 3080 
1096 3459 4293 2979 
1097 2913 4122 2914 
1098 2020 4420 3495 
1099 2641 3142 2801 
1100 2428 4187 2429 
1101 4453 4572 2601 
1102 860 4271 2718 
1103 1238 4078 2726 
1104 2927 3281 338 
1105 3138 3324 1033 
1106 3315 4462 3964 
1107 3031 3032 2902 
1108 3880 3949 1122 
1109 2976 3925 1488 
1110 357 4557 2797 
1111 346 3575 3254 
1112 3945 4089 2035 
1113 3035 3796 1584 
1114 3690 3982 2790 
1115 1773 3856 3535 
1116 3074 3499 1996 
1117 4206 4229 2427 
1118 393 4494 2784 
1119 4041 4677 2852 
1120 2310 4493 3527 
1121 3063 3064 3062 
1122 1268 4431 3103 
1123 3351 3683 476 
1124 1776 3198 2004 
1125 2528 4321 3151 
1126 2193 3731 2730 
1127 3393 4303 2920 
1128 2539 4535 2782 
1129 3450 3868 3451 
1130 2925 4559 2550 
1131 332 4203 141 
1132 3405 3433 2097 
1133 2964 2965 942 
1134 4370 4563 4047 
1135 896 3115 1158 
1136 2077 4323 4092 
1137 2756 4262 361 
1138 3145 3892 1626 
1139 1584 3796 3459 
1140 2807 2857 2805 
1141 3877 4077 1234 
1142 1358 3210 1359 
1143 423 3105 192 
1144 180 3261 395 
1145 4441 4445 2145 
1146 2994 3784 1602 
1147 766 3787 764 
1148 841 3202 2124 
1149 4246 4624 3521 
1150 2647 2961 2646 
1151 1713 2954 1468 
1152 899 3717 1542 
1153 2111 2717 2716 
1154 357 4394 4226 
1155 3595 4096 3980 
1156 688 4329 4274 
1157 2458 4323 2731 
1158 3607 4125 4062 
1159 2755 3149 2085 
1160 4433 4680 2529 
1161 2368 4220 3400 
1162 571 3904 3776 
1163 1571 2960 1152 
1164 1752 2903 1781 
1165 1767 3587 565 
1166 3087 3088 3086 
1167 4153 4385 743 
1168 1933 2938 1652 
1169 2826 3422 2824 
1170 2705 3711 3195 
1171 2809 3915 3046 
1172 3356 3917 2736 
1173 790 4234 3011 
1174 4143 4155 3602 
1175 839 2986 2024 
1176 626 3043 628 
1177 3118 3771 1574 
1178 1525 4021 3377 
1179 1158 4677 4041 
1180 1710 4302 2700 
1181 2016 3515 2977 
1182 2090 2940 2014 
1183 1818 3214 2110 
1184 2090 2941 2940 
1185 2182 3925 2976 
1186 2499 4184 4080 
1187 570 3690 2790 
1188 2073 2956 2539 
1189 2661 2957 2052 
1190 3890 3911 2942 
1191 3420 4198 2118 
1192 2971 3318 1663 
1193 2987 2988 795 
1194 840 4488 3191 
1195 2516 3888 2519 
1196 867 2964 942 
1197 775 3472 821 
1198 3768 4626 2578 
1199 1338 3129 1336 
1200 913 3861 2765 
1201 588 3217 791 
1202 869 2967 889 
1203 2111 3038 2717 
1204 952 2963 1615 
1205 2894 4254 2895 
1206 3637 3808 2195 
1207 3403 4001 1878 
1208 1122 3949 2777 
1209 3381 4096 332 
1210 2955 3659 1870 
1211 3302 3325 3301 
1212 3491 4108 2294 
1213 2353 4209 2754 
1214 2283 3980 3381 
1215 3030 3153 1211 
1216 3573 3574 1471 
1217 2914 4311 388 
1218 1440 3712 1438 
1219 3057 3061 3054 
1220 571 3986 3141 
1221 606 3453 1602 
1222 4563 4570 2548 
1223 1572 2984 1053 
1224 1176 2979 1673 
1225 984 2971 1663 
1226 2578 4696 3768 
1227 2752 4506 1903 
1228 3527 4359 2310 
1229 2116 4105 3687 
1230 4083 4459 324 
1231 2109 3107 1890 
1232 3061 3063 3062 
1233 2874 4694 2923 
1234 2759 3108 439 
1235 1890 3107 1629 
1236 3039 3596 2943 
1237 669 3040 2009 
1238 2758 3303 2977 
1239 2650 3112 1909 
1240 1591 3755 1678 
1241 3081 3822 1502 
1242 2960 2962 2025 
1243 3745 3884 913 
1244 3557 4333 1765 
1245 1409 3420 3419 
1246 2208 2903 1752 
1247 2884 3073 2879 
1248 3426 3484 1883 
1249 119 3288 405 
1250 1266 3052 560 
1251 2035 3070 740 
1252 1218 3047 1418 
1253 2036 3035 1168 
1254 3212 3566 2320 
1255 602 2987 795 
1256 1595 3917 3356 
1257 346 3254 132 
1258 3144 3512 1021 
1259 1180 2978 1742 
1260 771 4071 3779 
1261 818 3985 2926 
1262 3279 3280 2629 
1263 2502 4134 3456 
1264 1270 3572 3040 
1265 1895 3024 1457 
1266 3271 4429 2571 
1267 1883 3483 3426 
1268 1396 4174 1397 
1269 4062 4125 1430 
1270 2676 4428 2660 
1271 2597 4316 4293 
1272 1011 3045 3044 
1273 2713 4445 4441 
1274 3257 3601 3249 
1275 3652 3679 2115 
1276 3085 3087 3086 
1277 2853 2972 301 
1278 1004 3323 1007 
1279 3451 3868 2568 
1280 2607 4218 3260 
1281 684 3355 688 
1282 2761 4581 2911 
1283 2961 4113 4086 
1284 3080 3085 3076 
1285 4406 4584 4179 
1286 2280 3510 3454 
1287 1623 3027 1255 
1288 3212 3916 1125 
1289 1199 3808 3637 
1290 791 3217 1743 
1291 3569 4107 2512 
1292 2675 4348 2711 
1293 698 4229 3196 
1294 1694 3794 3391 
1295 2389 4244 2719 
1296 1350 3960 3269 
1297 1388 3208 1392 
1298 3469 3534 2068 
1299 1536 3757 1446 
1300 2122 3654 3640 
1301 1007 4615 2707 
1302 1678 3755 3319 
1303 2815 2857 2811 
1304 2463 3929 2339 
1305 287 3464 286 
1306 3053 3061 1648 
1307 2888 2891 2886 
1308 3161 4058 2563 
1309 2548 4570 2547 
1310 3588 3589 3509 
1311 4408 4436 3347 
1312 2991 3048 2996 
1313 2044 3051 704 
1314 1798 3433 3405 
1315 1386 3898 3126 
1316 3196 3692 698 
1317 3043 3965 3042 
1318 2076 3145 593 
1319 2927 4150 2431 
1320 3075 3085 1622 
1321 1666 3564 956 
1322 1242 3154 1243 
1323 972 3202 856 
1324 3011 4679 790 
1325 698 3692 699 
1326 2734 3695 321 
1327 2947 3415 1654 
1328 1058 3611 972 
1329 1548 4100 3955 
1330 2687 2946 2685 
1331 1497 3787 770 
1332 3513 3869 3746 
1333 3036 4140 1623 
1334 964 3461 966 
1335 4274 4329 2627 
1336 914 3153 881 
1337 4119 4323 2458 
1338 1257 3036 1623 
1339 1233 3074 1038 
1340 2672 2927 2431 
1341 2611 4664 3623 
1342 2363 4028 3581 
1343 3888 4528 411 
1344 2115 3845 3362 
1345 3054 3061 3053 
1346 2857 3586 2805 
1347 2803 2972 2804 
1348 1571 2962 2960 
1349 3116 3699 3115 
1350 88 2921 304 
1351 1379 4104 3400 
1352 1667 3800 3772 
1353 3479 3480 356 
1354 2557 4386 3376 
1355 3208 3209 1392 
1356 3376 4386 4346 
1357 2030 3028 2029 
1358 2767 4610 2004 
1359 40 2803 379 
1360 3449 4558 2427 
1361 15 2829 372 
1362 544 3430 546 
1363 3392 3477 1861 
1364 9 2925 307 
1365 1654 3165 2947 
1366 3290 3757 1536 
1367 665 3040 669 
1368 61 2892 371 
1369 3347 4436 3629 
1370 616 4474 3018 
1371 3057 3063 3061 
1372 3187 4421 1504 
1373 1874 3193 3192 
1374 2595 4144 3377 
1375 361 4569 2756 
1376 1614 3104 1192 
1377 3543 3975 432 
1378 44 2856 384 
1379 3443 4449 435 
1380 4301 4370 2560 
1381 501 4027 518 
1382 50 2928 327 
1383 3777 3904 2256 
1384 7 2907 377 
1385 3076 3085 3075 
1386 542 3053 1648 
1387 2650 4116 3112 
1388 1979 3304 2705 
1389 1568 3109 996 
1390 82 2909 387 
1391 3126 3898 3462 
1392 2186 3951 3691 
1393 55 2934 320 
1394 5 2933 319 
1395 1860 3369 2649 
1396 2532 3125 3124 
1397 3772 3800 2583 
1398 404 4139 2785 
1399 98 2899 391 
1400 48 2898 392 
1401 2577 4262 2756 
1402 73 2906 390 
1403 3260 4297 2607 
1404 862 2986 839 
1405 1284 3113 1543 
1406 3130 3131 1881 
1407 3307 3308 1108 
1408 2766 3908 799 
1409 3042 4397 1775 
1410 776 4540 4496 
1411 1453 3448 670 
1412 3093 4640 1645 
1413 3972 3977 433 
1414 2292 3102 2794 
1415 1011 3044 1012 
1416 1051 3033 1074 
1417 2357 3458 3457 
1418 2092 2941 2090 
1419 3418 4208 3651 
1420 2316 4296 2731 
1421 962 3075 1622 
1422 2745 4556 2895 
1423 52 2914 53 
1424 2777 3961 1122 
1425 3581 4028 1479 
1426 439 3108 302 
1427 1826 3751 3625 
1428 2722 4511 427 
1429 2915 3427 27 
1430 3621 3634 3468 
1431 1109 3307 1108 
1432 3255 3256 3240 
1433 1346 3669 1320 
1434 792 4133 3100 
1435 274 3719 403 
1436 3080 3087 3085 
1437 1332 3110 1324 
1438 3051 3214 1646 
1439 2372 4030 3306 
1440 2893 3752 2892 
1441 170 3802 333 
1442 2655 3039 2101 
1443 2830 2853 301 
1444 1152 2960 1153 
1445 3309 4101 1870 
1446 3492 4493 2448 
1447 3368 3428 3236 
1448 2916 3031 77 
1449 2871 2873 312 
1450 2942 3940 2941 
1451 1168 3035 1169 
1452 628 3043 3041 
1453 3665 4038 1201 
1454 1721 3415 2056 
1455 3396 3397 1666 
1456 2034 4422 4396 
1457 850 3192 2125 
1458 2594 3277 2798 
1459 1645 3119 970 
1460 1626 3664 2987 
1461 863 3115 896 
1462 648 4022 651 
1463 2917 3032 2916 
1464 191 3105 330 
1465 740 3070 742 
1466 2532 3124 2066 
1467 366 4097 2778 
1468 1286 3354 2046 
1469 2068 3534 2645 
1470 2256 3140 1880 
1471 3155 3156 1701 
1472 593 3145 595 
1473 2876 3050 308 
1474 579 4499 4491 
1475 280 3684 345 
1476 1119 3566 3212 
1477 321 4578 2675 
1478 3150 4224 1713 
1479 560 3052 562 
1480 2805 3586 379 
1481 1604 4046 2827 
1482 381 2980 2832 
1483 3371 4162 1069 
1484 2731 4296 2458 
1485 628 3041 630 
1486 2007 3112 2558 
1487 1436 3194 1196 
1488 2572 4288 2614 
1489 2870 3524 2869 
1490 750 3117 753 
1491 3210 3645 1359 
1492 1074 3034 1075 
1493 418 3675 3501 
1494 2860 2982 311 
1495 2119 3737 3516 
1496 1468 2954 1232 
1497 528 3423 3137 
1498 2879 3073 310 
1499 1633 3143 976 
1500 2985 4091 2680 
1501 1340 3127 1338 
1502 3417 3418 2264 
1503 522 3354 1286 
1504 3835 4385 4382 
1505 1287 3148 486 
1506 1209 2985 1242 
1507 1870 3659 1520 
1508 1080 3046 1572 
1509 1686 4193 4058 
1510 4096 4203 332 
1511 3152 3769 2375 
1512 1270 3858 3572 
1513 3592 4572 4502 
1514 1658 3149 1612 
1515 3903 4661 2650 
1516 784 3152 810 
1517 1909 3112 1809 
1518 3114 3115 863 
1519 2965 4463 2966 
1520 2440 4437 4133 
1521 2675 4578 4348 
1522 338 4150 2927 
1523 1724 3515 2016 
1524 2379 3871 3771 
1525 1220 3047 1218 
1526 3552 4374 2224 
1527 1943 3038 2111 
1528 2044 3214 3051 
1529 2645 3534 2721 
1530 2718 4613 860 
1531 2803 2804 379 
1532 3226 3255 3240 
1533 3063 3068 3064 
1534 3363 3953 1733 
1535 759 4035 761 
1536 2635 4459 4083 
1537 4288 4322 2614 
1538 3525 4156 2399 
1539 412 3615 134 
1540 337 3624 136 
1541 3467 3652 1372 
1542 3771 3871 1574 
1543 1331 3181 1329 
1544 2271 4038 3665 
1545 1602 4210 608 
1546 1127 3511 1132 
1547 3294 3297 3295 
1548 530 3137 808 
1549 2634 4043 3356 
1550 3345 3347 3332 
1551 3406 4055 1358 
1552 3746 3869 1757 
1553 704 3051 705 
1554 3680 3828 3496 
1555 2972 2973 2808 
1556 419 4165 2796 
1557 3207 3208 1385 
1558 2873 2874 312 
1559 3264 3360 3268 
1560 2755 3150 3149 
1561 3230 3257 3249 
1562 3056 3118 3059 
1563 120 3288 119 
1564 1060 3155 1701 
1565 3643 3661 2533 
1566 1048 3074 1996 
1567 3263 3264 344 
1568 3426 3949 3484 
1569 1029 4431 1268 
1570 1651 1933 1652 
1571 1018 3144 1021 
1572 2102 4580 4546 
1573 972 3611 3202 
1574 2081 3136 2380 
1575 417 3179 3177 
1576 346 3770 3575 
1577 3127 3129 1338 
1578 858 3114 863 
1579 1104 4407 1101 
1580 3442 3974 430 
1581 2907 2908 377 
1582 3678 4577 407 
1583 2898 3422 392 
1584 1159 3146 1160 
1585 2455 3197 1960 
1586 3192 3193 2125 
1587 2353 2754 2085 
1588 3284 4685 4173 
1589 288 3698 287 
1590 1053 2984 944 
1591 2455 3215 3197 
1592 476 3683 478 
1593 2999 3135 3000 
1594 3691 3951 2265 
1595 2749 3102 2292 
1596 3204 3205 1389 
1597 382 3031 2902 
1598 2577 4447 4262 
1599 3217 4390 1743 
1600 2224 4575 3552 
1601 837 3407 880 
1602 2989 3453 795 
1603 3283 3284 335 
1604 1706 3203 1240 
1605 2994 3453 2989 
1606 722 3180 1447 
1607 3134 3786 658 
1608 4532 4671 3340 
1609 810 3152 1288 
1610 1983 3195 2578 
1611 1987 3183 2485 
1612 1886 3293 2355 
1613 1085 3201 1686 
1614 1359 3645 1361 
1615 1966 3121 2026 
1616 2965 2966 942 
1617 904 4240 3921 
1618 1895 3984 3024 
1619 2451 4287 4098 
1620 1894 3297 3294 
1621 321 3695 115 
1622 3357 3359 3358 
1623 1383 3207 1385 
1624 3432 3441 3435 
1625 4118 4161 349 
1626 1074 3033 2939 
1627 3263 3360 3264 
1628 3454 3510 2160 
1629 533 3182 536 
1630 2825 4582 1604 
1631 846 866 847 
1632 2988 2989 795 
1633 581 3217 588 
1634 2730 2927 2672 
1635 1329 3585 1326 
1636 1851 2353 2085 
1637 2654 4546 4500 
1638 1246 1651 1511 
1639 865 3192 850 
1640 1680 1768 1681 
1641 826 846 827 
1642 1851 2085 1658 
1643 946 1277 866 
1644 2301 3423 1684 
1645 2000 2306 1999 
1646 3431 3441 3432 
1647 3516 3737 1910 
1648 2079 3396 929 
1649 2721 3534 3448 
1650 1998 1999 1997 
1651 3276 3277 398 
1652 4047 4563 2548 
1653 2762 4247 1589 
1654 2829 4199 372 
1655 3640 3654 1799 
1656 2257 2728 2506 
1657 1023 3512 1212 
1658 866 2964 867 
1659 3131 3132 1881 
1660 890 3634 3621 
1661 1174 2979 1176 
1662 1810 2962 1571 
1663 1629 3107 1540 
1664 1683 2208 1752 
1665 3332 3352 3330 
1666 1089 3213 1761 
1667 2335 4233 4205 
1668 3395 3401 2084 
1669 2037 2257 2038 
1670 2926 3985 2588 
1671 1385 3208 1388 
1672 270 3473 402 
1673 1381 3204 1389 
1674 1711 3300 1712 
1675 1457 3024 876 
1676 1781 2054 1783 
1677 2071 2956 2073 
1678 3286 4466 1953 
1679 1206 1531 1209 
1680 3329 3345 3332 
1681 2095 3039 2943 
1682 2126 2424 1933 
1683 1826 3310 1135 
1684 1459 3412 3411 
1685 2095 2943 2942 
1686 3029 4202 2975 
1687 3769 3859 2375 
1688 929 3396 932 
1689 1993 2126 1933 
1690 2422 3994 3126 
1691 1285 1680 1679 
1692 3643 4464 3661 
1693 1233 3499 3074 
1694 1531 2985 1209 
1695 2916 3032 3031 
1696 600 2987 602 
1697 2322 3439 2676 
1698 1619 1809 1573 
1699 950 2963 952 
1700 2052 2957 2050 
1701 1943 2111 1810 
1702 1687 1810 1571 
1703 1212 4412 1025 
1704 815 3407 837 
1705 3431 3432 1798 
1706 3114 3116 3115 
1707 1959 3184 2455 
1708 1996 1997 1241 
1709 1612 1713 1468 
1710 2056 3415 2947 
1711 2990 3048 2991 
1712 1619 1909 1809 
1713 1530 4453 2768 
1714 3326 3327 1483 
1715 1756 3470 794 
1716 2988 2990 2989 
1717 2692 2757 2690 
1718 395 3261 3260 
1719 2107 2108 1890 
1720 2250 2478 1277 
1721 2350 2486 2033 
1722 1298 1571 1152 
1723 1294 3320 908 
1724 1651 1652 1511 
1725 132 3254 131 
1726 3401 4225 3364 
1727 1425 3485 1422 
1728 1894 3294 1736 
1729 137 3482 337 
1730 1687 1943 1810 
1731 2563 4071 3161 
1732 2678 3727 2126 
1733 2938 4482 2208 
1734 3335 3897 1542 
1735 1298 1687 1571 
1736 3046 4157 2809 
1737 2084 3364 3363 
1738 349 3262 128 
1739 129 3218 349 
1740 178 3258 351 
1741 2257 2506 2038 
1742 2282 2650 1909 
1743 2786 4230 2573 
1744 3574 4357 456 
1745 348 3273 230 
1746 125 3272 343 
1747 174 3274 341 
1748 223 3271 342 
1749 272 3263 344 
1750 2127 2678 2126 
1751 837 858 843 
1752 2073 2539 2075 
1753 1459 3411 1230 
1754 1232 2954 1234 
1755 1732 3469 2068 
1756 3266 4606 3424 
1757 815 837 816 
1758 1976 2374 2071 
1759 2025 2037 2036 
1760 1938 3133 2137 
1761 231 3278 348 
1762 1768 1808 1681 
1763 1920 3357 1698 
1764 2361 3200 1888 
1765 2050 2550 2048 
1766 1684 3423 524 
1767 123 3275 400 
1768 221 3276 398 
1769 1445 1619 1573 
1770 2753 3625 2741 
1771 791 815 794 
1772 309 3586 2857 
1773 2984 3029 1211 
1774 3181 3801 3585 
1775 3432 3433 1798 
1776 1049 3033 1051 
1777 3080 3680 3087 
1778 2007 2558 2381 
1779 1680 1681 1679 
1780 3532 3533 3531 
1781 2352 3038 1943 
1782 858 863 843 
1783 184 3281 413 
1784 282 3282 416 
1785 233 3289 414 
1786 3625 3751 2741 
1787 1809 3112 2007 
1788 2037 2038 2036 
1789 761 812 763 
1790 1015 1285 1017 
1791 1232 1234 978 
1792 1920 3359 3357 
1793 121 3283 335 
1794 1369 3467 1372 
1795 3151 4305 2528 
1796 982 2971 984 
1797 837 843 816 
1798 1093 3316 1586 
1799 413 3123 183 
1800 1023 1212 1025 
1801 1998 2000 1999 
1802 3265 3473 344 
1803 681 3469 1732 
1804 767 826 769 
1805 2014 2940 2015 
1806 650 3325 649 
1807 952 1615 982 
1808 940 1529 950 
1809 2345 3522 2581 
1810 1896 2426 1895 
1811 186 3312 338 
1812 235 3313 339 
1813 1445 1573 1443 
1814 815 816 794 
1815 1078 1298 1152 
1816 1084 3211 1654 
1817 794 3470 590 
1818 287 3698 3464 
1819 896 1158 935 
1820 1778 3431 1798 
1821 3372 3522 2345 
1822 3069 3430 3065 
1823 266 3314 408 
1824 2617 2661 2052 
1825 1996 1998 1997 
1826 3065 3430 3062 
1827 2732 3998 1042 
1828 1652 2938 1683 
1829 3270 3473 3265 
1830 2003 3139 2396 
1831 2179 3408 1893 
1832 1540 1741 1538 
1833 867 942 869 
1834 1198 3194 1202 
1835 3434 3437 3433 
1836 2822 4423 313 
1837 755 782 757 
1838 1172 1584 1174 
1839 1080 1572 1053 
1840 2084 3363 1650 
1841 944 2984 1211 
1842 2775 4592 2774 
1843 1156 2025 1168 
1844 2889 4585 1673 
1845 1176 1673 1178 
1846 1774 3463 634 
1847 3133 3901 2137 
1848 3585 3801 2720 
1849 1285 1679 1017 
1850 1243 3154 1246 
1851 944 1211 914 
1852 3115 3699 1158 
1853 3024 3025 1301 
1854 791 794 590 
1855 2025 2036 1168 
1856 2067 2731 1949 
1857 4496 4540 3136 
1858 3549 3683 3351 
1859 3061 3062 1648 
1860 2380 2670 2488 
1861 984 1663 986 
1862 588 791 590 
1863 1887 1890 1629 
1864 2443 4462 3315 
1865 1178 2978 1180 
1866 1236 3046 1080 
1867 1264 1831 749 
1868 1732 1949 1714 
1869 3208 3948 3209 
1870 2081 2380 2083 
1871 342 4391 2723 
1872 881 3114 858 
1873 1540 3107 1741 
1874 1286 1966 1684 
1875 399 4429 3271 
1876 598 1626 600 
1877 1977 3304 1979 
1878 1651 3154 1993 
1879 1966 2026 1684 
1880 2374 2956 2071 
1881 2011 2012 2010 
1882 1769 1950 1768 
1883 1180 1742 1182 
1884 2529 4680 2929 
1885 785 3598 516 
1886 1048 1996 1241 
1887 1612 3149 1713 
1888 1584 2979 1174 
1889 1437 3465 1307 
1890 2014 2015 2012 
1891 602 795 604 
1892 1029 1268 1031 
1893 3089 3461 3086 
1894 747 1264 749 
1895 1117 3212 1125 
1896 2534 4527 2725 
1897 3085 3086 1622 
1898 2991 2996 2995 
1899 2992 2993 2990 
1900 693 3449 696 
1901 530 808 532 
1902 577 2005 581 
1903 1194 3104 1436 
1904 2107 2358 2108 
1905 3110 3788 3111 
1906 1695 1879 1696 
1907 2050 2957 2550 
1908 1253 1608 1251 
1909 1707 1895 1457 
1910 889 2397 1917 
1911 1255 3027 1253 
1912 1529 2963 950 
1913 1927 3992 2896 
1914 1879 2256 1880 
1915 3140 3141 2323 
1916 3432 3434 3433 
1917 803 3054 3053 
1918 1286 1684 524 
1919 2223 2765 2575 
1920 2306 4349 2908 
1921 885 3326 1483 
1922 1048 1241 1049 
1923 1818 1938 1819 
1924 846 946 866 
1925 876 1301 845 
1926 1241 3033 1049 
1927 2009 2010 1453 
1928 3380 3381 332 
1929 456 4593 3574 
1930 522 1286 524 
1931 1588 3415 1721 
1932 3056 3059 3057 
1933 2370 3121 1966 
1934 1642 2344 2343 
1935 1626 2987 600 
1936 2380 2488 2083 
1937 3382 3383 329 
1938 528 3137 530 
1939 998 3109 1265 
1940 988 1589 990 
1941 2469 3552 3551 
1942 1349 1695 1670 
1943 2940 3940 2733 
1944 702 1682 704 
1945 879 3500 3309 
1946 1887 2107 1890 
1947 3101 3461 3089 
1948 2779 4334 789 
1949 1776 2003 1838 
1950 1822 4173 4111 
1951 2342 3370 1898 
1952 3147 3962 3007 
1953 3268 4606 3266 
1954 653 668 656 
1955 808 1744 532 
1956 1135 3310 1131 
1957 656 3134 658 
1958 1707 1896 1895 
1959 3779 4071 2562 
1960 1306 3113 1303 
1961 806 3559 829 
1962 1615 2971 982 
1963 1682 2045 2044 
1964 633 1775 1774 
1965 1192 3104 1194 
1966 3853 4019 3014 
1967 1277 2964 866 
1968 2344 2767 2343 
1969 876 3024 1301 
1970 3022 4483 3021 
1971 846 847 827 
1972 1257 1623 1255 
1973 2990 2991 2989 
1974 1273 3372 1226 
1975 3446 3833 2358 
1976 1418 1776 1578 
1977 1732 2067 1949 
1978 606 1602 608 
1979 3332 3629 3352 
1980 3003 3010 3005 
1981 1186 1710 1188 
1982 2892 3752 371 
1983 669 1453 670 
1984 1041 3074 1048 
1985 3409 3410 2179 
1986 2813 2815 2811 
1987 1038 3074 1041 
1988 1682 2044 704 
1989 3034 3775 1298 
1990 3592 4502 404 
1991 654 3325 650 
1992 1917 3122 2322 
1993 1303 3113 1284 
1994 428 4308 2952 
1995 681 1732 1714 
1996 996 3109 998 
1997 1196 3194 1198 
1998 1265 3322 3321 
1999 3078 3081 3080 
2000 716 799 718 
2001 1035 1233 1038 
2002 866 867 847 
2003 2681 2682 2679 
2004 1574 3852 3118 
2005 3000 3135 3003 
2006 2428 4155 4143 
2007 826 827 769 
2008 2081 2083 1745 
2009 538 803 540 
2010 2993 3048 2990 
2011 2845 2848 2847 
2012 3014 4019 3012 
2013 1673 2978 1178 
2014 2270 3394 3393 
2015 1112 3307 1109 
2016 1639 3076 3075 
2017 1464 3280 3279 
2018 437 3672 438 
2019 708 1646 710 
2020 612 802 614 
2021 2147 3462 2146 
2022 2273 2540 2404 
2023 1802 2573 1227 
2024 1261 1604 1259 
2025 1642 2343 1223 
2026 1809 2007 2006 
2027 1259 3036 1257 
2028 3426 3483 3425 
2029 2034 2350 2033 
2030 1372 3361 1373 
2031 1078 1152 1079 
2032 2996 2997 2995 
2033 3156 3158 3157 
2034 3326 3683 3549 
2035 879 3309 1046 
2036 1336 1349 1335 
2037 540 3053 542 
2038 1031 3138 1033 
2039 2066 3124 2023 
2040 1698 3357 1697 
2041 2139 2936 2232 
2042 356 3480 292 
2043 3058 3118 3056 
2044 199 3532 198 
2045 2869 3524 2859 
2046 1581 4342 2868 
2047 1591 1678 1345 
2048 3077 3078 3076 
2049 3444 3445 2648 
2050 2841 2844 2843 
2051 994 1568 996 
2052 516 3598 1299 
2053 3156 3157 1701 
2054 2690 2946 2687 
2055 1190 1614 1192 
2056 2023 2312 2022 
2057 1169 3035 1172 
2058 1163 1802 1227 
2059 1307 3465 1306 
2060 3402 3403 2342 
2061 3055 3056 3054 
2062 397 3219 3218 
2063 660 1270 662 
2064 240 3379 331 
2065 142 3380 332 
2066 289 3382 329 
2067 665 669 667 
2068 2079 3397 3396 
2069 1590 1591 1345 
2070 1646 1818 1702 
2071 1938 2137 1819 
2072 330 3105 2776 
2073 1041 1048 1044 
2074 3506 3508 3507 
2075 3009 3014 3012 
2076 714 3709 716 
2077 681 1714 682 
2078 1253 3027 1608 
2079 3005 3147 3007 
2080 3264 3266 3265 
2081 3063 4000 3068 
2082 488 3148 822 
2083 946 2250 1277 
2084 720 3180 722 
2085 1726 1745 1591 
2086 2194 3931 3653 
2087 2358 3833 3672 
2088 1808 3375 1976 
2089 595 3145 598 
2090 2623 3133 1938 
2091 1683 2938 2208 
2092 3301 3304 1977 
2093 1499 1612 1468 
2094 518 3889 3354 
2095 2393 2667 2353 
2096 2099 3559 806 
2097 1012 3044 1015 
2098 2004 2535 2003 
2099 2416 3593 2562 
2100 668 3134 656 
2101 692 3449 693 
2102 3349 3350 3346 
2103 3857 4580 2102 
2104 3383 3475 3392 
2105 3185 3187 3184 
2106 3132 3907 1881 
2107 1800 2081 1745 
2108 726 793 728 
2109 1604 3036 1259 
2110 722 1447 724 
2111 2531 2532 2066 
2112 2110 2623 1938 
2113 3331 3345 3329 
2114 1894 3298 3297 
2115 880 881 858 
2116 1659 1851 1658 
2117 2820 2821 2818 
2118 2094 2095 2092 
2119 2397 3122 1917 
2120 1613 1658 1612 
2121 3110 3111 1346 
2122 618 790 620 
2123 2406 2953 2408 
2124 2033 3028 2030 
2125 2007 2381 2008 
2126 3298 3299 3297 
2127 2655 3596 3039 
2128 2223 3745 2765 
2129 1776 1838 1578 
2130 604 3453 606 
2131 1284 1543 1263 
2132 2935 4310 2717 
2133 672 676 675 
2134 1444 1445 1443 
2135 3161 3162 3158 
2136 923 3374 891 
2137 1268 3138 1031 
2138 1422 3485 1115 
2139 696 698 697 
2140 1600 3395 2084 
2141 2535 3139 2003 
2142 2249 3885 3605 
2143 1206 1209 1207 
2144 2082 3136 2081 
2145 3476 3478 3477 
2146 449 3378 447 
2147 2939 3033 2059 
2148 2757 4475 2946 
2149 3056 3057 3054 
2150 1418 1578 1217 
2151 486 3148 488 
2152 3220 3221 3219 
2153 2003 2396 1838 
2154 2557 3376 1276 
2155 1911 2375 2112 
2156 1326 1332 1324 
2157 3117 4263 753 
2158 1033 3324 1035 
2159 1433 1468 1232 
2160 1324 3110 1322 
2161 2046 2370 1966 
2162 2005 3217 581 
2163 1959 2455 1960 
2164 825 3378 449 
2165 3181 3585 1329 
2166 1651 1993 1933 
2167 542 1648 544 
2168 2685 2699 2683 
2169 1708 3175 873 
2170 1355 3406 1358 
2171 2102 4546 2654 
2172 2381 2383 2382 
2173 711 3367 714 
2174 3382 3475 3383 
2175 3222 3223 3221 
2176 1944 2352 1943 
2177 998 1265 1000 
2178 2105 3535 3374 
2179 882 914 881 
2180 2024 3378 825 
2181 958 1639 960 
2182 803 3053 540 
2183 1695 1696 1670 
2184 662 3040 665 
2185 2281 2282 1909 
2186 2691 2692 2690 
2187 207 3507 368 
2188 962 1622 964 
2189 1818 1819 1702 
2190 3511 3625 2753 
2191 4230 4315 1459 
2192 2858 2869 2859 
2193 3582 3929 2463 
2194 978 2986 862 
2195 2326 2671 2469 
2196 3264 3265 344 
2197 677 681 679 
2198 3653 3931 1515 
2199 3003 3135 3010 
2200 1269 1874 947 
2201 1349 1670 1335 
2202 336 3315 3314 
2203 1153 2960 1156 
2204 1142 1827 1826 
2205 2011 2014 2012 
2206 2009 2011 2010 
2207 2023 3124 2312 
2208 2654 2655 2101 
2209 960 3075 962 
2210 1829 1959 1830 
2211 669 2009 1453 
2212 954 1666 956 
2213 4434 4513 1463 
2214 990 3151 992 
2215 970 3119 974 
2216 747 749 748 
2217 1194 1436 1196 
2218 519 3354 522 
2219 2270 3393 2168 
2220 2543 2544 2352 
2221 3028 4694 2029 
2222 2351 2390 2350 
2223 3284 3286 3285 
2224 1502 3828 3680 
2225 1992 2323 2087 
2226 3294 3295 1952 
2227 2634 4072 4043 
2228 742 3070 747 
2229 4548 4601 407 
2230 702 704 703 
2231 3010 3147 3005 
2232 2996 3810 2997 
2233 1305 1306 1303 
2234 2304 3425 1862 
2235 1880 3140 1992 
2236 1879 1880 1696 
2237 427 4457 2722 
2238 1347 2022 1312 
2239 976 3143 981 
2240 1334 1335 1331 
2241 2345 2346 2344 
2242 1051 1074 1073 
2243 548 805 550 
2244 981 3143 1699 
2245 3122 3439 2322 
2246 1646 1702 710 
2247 1961 3184 1959 
2248 3334 3352 3337 
2249 1136 1142 1135 
2250 1218 1418 1217 
2251 1589 3151 990 
2252 3331 3346 3345 
2253 968 1645 970 
2254 1216 1217 1215 
2255 2371 2619 2370 
2256 562 3052 577 
2257 1276 3376 1274 
2258 3159 3164 3163 
2259 3327 3329 3328 
2260 1269 2677 1874 
2261 1246 3154 1651 
2262 3125 3936 3124 
2263 938 3320 1159 
2264 1322 1346 1320 
2265 915 944 914 
2266 1813 3409 2179 
2267 942 2967 869 
2268 2693 2694 2692 
2269 1347 2023 2022 
2270 2331 4298 2965 
2271 732 777 735 
2272 2913 2914 52 
2273 1011 4099 3045 
2274 1231 1232 978 
2275 3329 3332 3330 
2276 2939 3034 1074 
2277 2744 2745 2282 
2278 426 4449 3443 
2279 522 524 523 
2280 2028 2029 1951 
2281 2055 2411 2045 
2282 1310 3690 580 
2283 3083 3084 3079 
2284 401 3373 3272 
2285 1713 4224 2954 
2286 1127 1132 1126 
2287 974 3119 1633 
2288 2312 2789 2788 
2289 3330 3352 3334 
2290 1828 1829 1827 
2291 1417 1669 1592 
2292 3087 3496 3088 
2293 974 1633 976 
2294 3404 4056 3395 
2295 488 822 490 
2296 403 3360 3263 
2297 2016 3302 3301 
2298 3166 3169 2948 
2299 3337 3343 3338 
2300 1209 1242 1210 
2301 2279 2709 2471 
2302 87 2921 88 
2303 919 3404 1456 
2304 2768 4659 1530 
2305 2506 2596 2507 
2306 2108 2109 1890 
2307 1224 1642 1223 
2308 2473 2634 2633 
2309 1156 1168 1157 
2310 3078 3080 3076 
2311 1270 3040 662 
2312 3205 3206 1389 
2313 1792 3402 2342 
2314 3659 3703 1547 
2315 682 3355 684 
2316 753 755 754 
2317 2063 2495 2064 
2318 1537 1538 1536 
2319 1309 1437 1307 
2320 2032 2033 2030 
2321 8 2925 9 
2322 1740 3369 1860 
2323 2012 2013 2010 
2324 1075 1078 1077 
2325 2056 2403 1852 
2326 2534 4265 2491 
2327 1854 3301 1977 
2328 932 3396 954 
2329 581 588 582 
2330 3327 3331 3329 
2331 39 2803 40 
2332 2056 2487 2403 
2333 1992 3140 2323 
2334 2595 3377 2592 
2335 3171 3174 3168 
2336 3041 3042 1775 
2337 3226 3240 3224 
2338 60 2892 61 
2339 1282 3203 1352 
2340 1343 1345 1340 
2341 2988 2992 2990 
2342 2238 2726 2277 
2343 14 2829 15 
2344 908 3320 938 
2345 1656 1832 1770 
2346 49 2928 50 
2347 54 2934 55 
2348 3284 3285 335 
2349 1015 1017 1016 
2350 630 3041 633 
2351 945 1053 944 
2352 4 2933 5 
2353 588 590 589 
2354 1132 1689 1688 
2355 208 3507 207 
2356 755 757 756 
2357 3486 3487 2518 
2358 2977 3515 2064 
2359 3506 3557 3508 
2360 43 2856 44 
2361 4298 4463 2965 
2362 484 1287 486 
2363 577 581 578 
2364 3448 3534 676 
2365 1689 1691 1690 
2366 2973 3657 2975 
2367 1691 1711 1692 
2368 6 2907 7 
2369 1550 1698 1697 
2370 684 688 687 
2371 640 3521 643 
2372 554 789 556 
2373 2495 2758 2064 
2374 881 3153 3114 
2375 1054 1080 1053 
2376 2787 4616 2307 
2377 1240 3203 1282 
2378 3158 3159 3157 
2379 2105 3374 1560 
2380 812 4703 763 
2381 2503 2529 2504 
2382 81 2909 82 
2383 624 685 626 
2384 97 2899 98 
2385 1808 1976 1975 
2386 47 2898 48 
2387 1427 3483 1883 
2388 1560 3374 923 
2389 2422 4051 3994 
2390 1117 1125 1114 
2391 3476 3477 3475 
2392 2161 3399 2160 
2393 3140 3904 3141 
2394 863 896 895 
2395 2583 3590 2227 
2396 1269 4596 2791 
2397 2215 2739 2738 
2398 705 3051 708 
2399 72 2906 73 
2400 1993 2127 2126 
2401 494 801 496 
2402 575 3686 2552 
2403 689 692 691 
2404 1981 3195 1983 
2405 3204 3875 3205 
2406 1639 3075 960 
2407 2106 2412 2105 
2408 1539 1540 1538 
2409 981 1699 1148 
2410 927 3732 2079 
2411 2304 3426 3425 
2412 3230 3249 3228 
2413 2182 2976 2236 
2414 2360 4118 3252 
2415 2689 2690 2687 
2416 51 2913 52 
2417 1695 1881 1879 
2418 528 530 529 
2419 1060 1701 1058 
2420 1429 3483 1427 
2421 1246 1511 1510 
2422 1364 1417 1398 
2423 2063 2064 1669 
2424 1066 3155 1060 
2425 693 696 695 
2426 1686 3155 1066 
2427 1652 1683 1653 
2428 1119 3212 1117 
2429 3228 3255 3226 
2430 2868 4514 1581 
2431 1598 3404 3395 
2432 2877 2890 2878 
2433 1322 3110 1346 
2434 1081 1236 1080 
2435 1960 3197 2215 
2436 2592 3377 2241 
2437 1862 3425 1764 
2438 1456 3404 1598 
2439 1761 3201 1087 
2440 1417 1592 1398 
2441 809 3513 783 
2442 1085 1686 1066 
2443 2724 4465 351 
2444 1724 2016 1854 
2445 2813 2816 2815 
2446 1143 3317 3316 
2447 26 2915 27 
2448 633 1774 634 
2449 2064 3515 1669 
2450 3421 3468 1841 
2451 3495 3713 424 
2452 660 3786 1270 
2453 1826 3625 3310 
2454 1198 1202 1200 
2455 1035 3324 1233 
2456 2250 3963 2478 
2457 1721 2056 1852 
2458 460 4106 482 
2459 3605 3885 1452 
2460 1160 3146 1163 
2461 1738 3294 1952 
2462 3835 4382 1501 
2463 1442 1443 1440 
2464 1002 3323 1004 
2465 1150 1706 1240 
2466 3307 4070 3308 
2467 1639 3077 3076 
2468 2798 2937 2595 
2469 2306 2307 1999 
2470 3264 3268 3266 
2471 2036 3796 3035 
2472 530 532 531 
2473 509 1167 507 
2474 1124 1126 1121 
2475 3232 3257 3230 
2476 1234 4077 2986 
2477 2518 3556 3460 
2478 1378 3204 1381 
2479 1087 3201 1085 
2480 1997 2059 1241 
2481 1883 3485 1425 
2482 1697 3357 2207 
2483 669 670 667 
2484 2358 3752 2108 
2485 896 935 922 
2486 1631 3411 3409 
2487 397 3220 3219 
2488 2094 3039 2095 
2489 2695 2697 2694 
2490 3413 3414 3223 
2491 3234 3248 3232 
2492 397 3218 130 
2493 395 3258 179 
2494 127 3262 401 
2495 947 3192 865 
2496 2992 3019 2993 
2497 1547 1550 1549 
2498 1622 3461 964 
2499 2462 2526 2461 
2500 76 2916 77 
2501 1230 3411 1631 
2502 404 3274 175 
2503 399 3271 224 
2504 229 3273 396 
2505 401 3272 126 
2506 403 3263 273 
2507 1987 2485 1990 
2508 3370 3371 2450 
2509 1736 3294 1738 
2510 3224 3413 3223 
2511 2084 3401 3364 
2512 670 3448 672 
2513 2964 4191 2965 
2514 1131 3310 1129 
2515 1806 1920 1698 
2516 839 2024 825 
2517 1214 1215 1141 
2518 2377 3176 2793 
2519 1125 3306 3305 
2520 2285 2491 2197 
2521 699 702 701 
2522 1222 1223 1220 
2523 1729 3363 1733 
2524 1153 1156 1155 
2525 1680 1769 1768 
2526 2488 2663 2489 
2527 343 3275 124 
2528 342 3276 222 
2529 3493 3495 424 
2530 1911 2112 1912 
2531 644 3525 647 
2532 414 3278 232 
2533 1979 2705 1981 
2534 2122 3640 2556 
2535 3221 3252 3219 
2536 525 3423 528 
2537 1134 1135 1131 
2538 2223 2575 2275 
2539 371 3752 3672 
2540 1203 1206 1205 
2541 1983 2578 1985 
2542 1142 1826 1135 
2543 1959 1960 1830 
2544 1172 1174 1173 
2545 3334 3337 3336 
2546 558 1266 560 
2547 1091 3213 1089 
2548 3220 3222 3221 
2549 2375 3730 2112 
2550 2127 2679 2678 
2551 3484 3485 1883 
2552 2101 3039 2094 
2553 2047 2048 2000 
2554 2215 3197 2739 
2555 3266 3267 3265 
2556 1273 3522 3372 
2557 885 1483 887 
2558 400 3283 122 
2559 1829 1830 1827 
2560 3357 3358 2207 
2561 1976 2071 2070 
2562 1893 3408 2104 
2563 340 3282 283 
2564 338 3281 185 
2565 339 3289 234 
2566 3240 3413 3224 
2567 1163 1227 1164 
2568 2016 3301 1854 
2569 3222 3224 3223 
2570 3507 3508 368 
2571 3249 3255 3228 
2572 1648 3430 544 
2573 874 3326 885 
2574 1529 3927 2963 
2575 2323 2324 2087 
2576 1650 3363 1729 
2577 1761 4370 4301 
2578 2754 2755 2085 
2579 1172 3035 1584 
2580 2104 3408 2541 
2581 2772 4685 400 
2582 1083 3488 1082 
2583 1805 1806 1698 
2584 3077 3079 3078 
2585 1985 3183 1987 
2586 2290 4076 2559 
2587 3519 3520 2419 
2588 1683 1752 1751 
2589 426 3532 199 
2590 1469 3890 2943 
2591 2844 2845 2843 
2592 1586 3213 1091 
2593 336 3314 267 
2594 3238 3368 3236 
2595 2633 3356 2736 
2596 935 940 936 
2597 3477 3599 1861 
2598 1223 3047 1220 
2599 2953 3447 2408 
2600 3156 3161 3158 
2601 1008 1011 1010 
2602 411 3313 236 
2603 410 3312 187 
2604 1550 1697 1549 
2605 1962 1963 1806 
2606 3248 3257 3232 
2607 306 3455 2894 
2608 803 3055 3054 
2609 182 3123 347 
2610 1785 2105 1560 
2611 1353 4324 3406 
2612 3386 3389 3388 
2613 1759 3450 1760 
2614 1458 1707 1457 
2615 3616 4544 2770 
2616 598 600 599 
2617 1843 3421 1841 
2618 1272 1273 1226 
2619 1414 1656 1575 
2620 3361 3652 3362 
2621 1004 1007 1006 
2622 2112 2326 2325 
2623 1535 1536 1446 
2624 2384 2503 2386 
2625 598 3145 1626 
2626 943 1457 876 
2627 708 710 709 
2628 639 3521 640 
2629 519 522 521 
2630 977 978 862 
2631 2518 3460 2515 
2632 1381 1389 1383 
2633 1410 1413 1412 
2634 3328 3560 1483 
2635 1174 1176 1175 
2636 1012 1015 1014 
2637 940 950 941 
2638 2403 3292 3291 
2639 362 3530 3529 
2640 871 876 845 
2641 2062 2063 1669 
2642 1656 3416 1832 
2643 1518 1870 1520 
2644 636 3463 639 
2645 893 3429 1064 
2646 3383 3384 329 
2647 1689 1693 1691 
2648 3475 3477 3392 
2649 2037 2715 2257 
2650 1095 3316 1093 
2651 1406 1409 1408 
2652 362 3531 3530 
2653 3241 3247 3238 
2654 2527 2602 2526 
2655 2634 3356 2633 
2656 3327 3328 1483 
2657 600 602 601 
2658 1712 1894 1736 
2659 844 845 800 
2660 3487 4366 3556 
2661 1089 1761 1087 
2662 3247 3368 3238 
2663 2953 4381 1484 
2664 1143 3316 1095 
2665 3383 3385 3384 
2666 1961 3185 3184 
2667 501 518 515 
2668 1798 3405 1611 
2669 373 2983 2905 
2670 3435 3436 3434 
2671 1523 1547 1546 
2672 3389 3391 3388 
2673 1541 1629 1540 
2674 2705 3195 1981 
2675 1334 1336 1335 
2676 1402 1405 1404 
2677 335 3288 120 
2678 1642 3372 2345 
2679 899 1542 901 
2680 3490 3491 422 
2681 676 677 675 
2682 1592 3515 1724 
2683 1829 1961 1959 
2684 826 3881 846 
2685 1776 2004 2003 
2686 2848 2849 2847 
2687 3055 3058 3056 
2688 1639 3564 3077 
2689 2150 3462 2147 
2690 1376 1415 1378 
2691 3348 3549 3351 
2692 3361 3362 1415 
2693 1021 1023 1022 
2694 2326 3730 2671 
2695 3333 3717 3560 
2696 2408 3447 2725 
2697 1015 3044 1285 
2698 1930 3431 1778 
2699 643 3525 644 
2700 1124 1127 1126 
2701 2757 2946 2690 
2702 2643 3713 2057 
2703 2326 2469 2468 
2704 2311 3370 2450 
2705 525 528 527 
2706 750 753 752 
2707 1752 1781 1780 
2708 1048 1049 1044 
2709 1678 3128 3127 
2710 1818 2110 1938 
2711 1282 1352 1351 
2712 685 3965 3043 
2713 2460 2461 2391 
2714 1114 3305 1112 
2715 1288 3152 1911 
2716 2739 2740 2738 
2717 3022 4612 4483 
2718 407 3456 167 
2719 1949 2077 1714 
2720 1142 1828 1827 
2721 1547 1549 1546 
2722 2049 2050 2048 
2723 3446 4005 820 
2724 518 3354 519 
2725 954 3396 1666 
2726 1898 3370 2311 
2727 1721 1852 1722 
2728 1857 3992 1927 
2729 1093 1586 1091 
2730 2820 2822 2821 
2731 362 3529 197 
2732 2594 2595 2592 
2733 1243 1246 1245 
2734 2515 3460 2513 
2735 3596 3829 1469 
2736 1345 3127 1340 
2737 2068 2309 2067 
2738 816 3481 1756 
2739 2517 3486 2518 
2740 3305 3307 1112 
2741 3315 4567 2443 
2742 676 3469 677 
2743 1023 1025 1024 
2744 292 3480 291 
2745 737 2035 740 
2746 1976 3375 2374 
2747 906 1294 908 
2748 1779 3811 2492 
2749 3385 3386 3384 
2750 2448 4415 3492 
2751 1738 1952 1740 
2752 1863 2303 1862 
2753 1388 1392 1391 
2754 2220 2223 2222 
2755 1630 1887 1629 
2756 2578 3183 1985 
2757 3040 3572 2009 
2758 178 351 177 
2759 227 350 226 
2760 276 352 275 
2761 129 349 128 
2762 3128 3130 3129 
2763 1397 1401 1400 
2764 408 3457 265 
2765 2947 2948 2487 
2766 1132 1688 1126 
2767 3242 3595 3250 
2768 278 393 277 
2769 131 397 130 
2770 176 404 175 
2771 225 399 224 
2772 274 403 273 
2773 229 396 228 
2774 180 395 179 
2775 127 401 126 
2776 1769 1951 1950 
2777 1590 1726 1591 
2778 630 633 632 
2779 1598 3395 1600 
2780 2303 2777 2304 
2781 873 3175 1052 
2782 536 538 537 
2783 4491 4499 2663 
2784 1393 1396 1395 
2785 182 347 181 
2786 231 348 230 
2787 280 345 279 
2788 125 343 124 
2789 223 342 222 
2790 272 344 271 
2791 133 346 132 
2792 174 341 173 
2793 1353 3406 1355 
2794 1956 2557 1276 
2795 3657 4617 2975 
2796 2541 2768 2601 
2797 2421 4080 2401 
2798 2039 3578 1907 
2799 681 682 679 
2800 1415 3204 1378 
2801 3399 3454 2160 
2802 1265 3321 1000 
2803 3077 3564 3082 
2804 2582 2583 2227 
2805 2071 2073 2072 
2806 282 416 281 
2807 135 412 134 
2808 123 400 122 
2809 172 394 171 
2810 221 398 220 
2811 270 402 269 
2812 184 413 183 
2813 233 414 232 
2814 950 952 951 
2815 1809 2006 1573 
2816 1868 3488 1083 
2817 705 708 707 
2818 1726 1800 1745 
2819 3114 3153 3116 
2820 634 3463 636 
2821 2546 3431 1930 
2822 3977 4639 433 
2823 1600 2084 1650 
2824 749 3117 750 
2825 1176 1178 1177 
2826 1129 3511 1127 
2827 2015 2940 2733 
2828 2051 2052 2050 
2829 2991 2995 2994 
2830 602 604 603 
2831 1025 1027 1026 
2832 1228 1459 1230 
2833 1156 2960 2025 
2834 2077 4329 3355 
2835 3165 3166 2948 
2836 284 340 283 
2837 170 333 169 
2838 219 334 218 
2839 268 336 267 
2840 137 337 136 
2841 121 335 120 
2842 186 338 185 
2843 235 339 234 
2844 1343 1590 1345 
2845 3209 3920 1392 
2846 3450 3451 2718 
2847 854 1708 873 
2848 3096 3608 3098 
2849 1614 4258 3104 
2850 1607 3468 1521 
2851 2603 2604 2602 
2852 1288 1911 1671 
2853 1373 3361 1376 
2854 1134 1136 1135 
2855 4058 4193 2563 
2856 651 653 652 
2857 1860 2649 2474 
2858 791 1743 815 
2859 2765 4416 2575 
2860 1160 1163 1162 
2861 1084 1654 1297 
2862 2167 2920 2368 
2863 376 4254 3455 
2864 119 405 118 
2865 217 406 216 
2866 266 408 265 
2867 188 410 187 
2868 237 411 236 
2869 139 409 138 
2870 168 407 167 
2871 286 415 285 
2872 3502 3503 359 
2873 1660 3429 3402 
2874 1689 1690 1688 
2875 1064 3429 1660 
2876 3672 3833 438 
2877 1169 1172 1171 
2878 591 3470 2076 
2879 1082 2096 920 
2880 2681 2683 2682 
2881 938 1159 1063 
2882 146 4068 355 
2883 3236 3428 3234 
2884 742 747 746 
2885 2486 3028 2033 
2886 3064 3065 3062 
2887 636 639 638 
2888 1355 1358 1357 
2889 289 329 288 
2890 263 323 262 
2891 142 332 141 
2892 116 321 115 
2893 214 324 213 
2894 165 322 164 
2895 191 330 190 
2896 240 331 239 
2897 952 982 953 
2898 1800 2082 2081 
2899 1760 3450 2069 
2900 640 643 642 
2901 837 880 858 
2902 1781 1783 1782 
2903 1874 3192 947 
2904 2312 2788 2022 
2905 1018 1021 1020 
2906 587 800 513 
2907 2045 3814 2044 
2908 757 759 758 
2909 3167 3168 3166 
2910 836 3513 809 
2911 1660 3402 1792 
2912 956 3564 958 
2913 1588 1721 1636 
2914 533 536 535 
2915 3029 3030 1211 
2916 1900 3517 1905 
2917 1691 1692 1690 
2918 3348 3349 3346 
2919 795 3453 604 
2920 2065 2066 2023 
2921 653 656 655 
2922 538 540 539 
2923 3329 3330 3328 
2924 2435 3488 1868 
2925 1792 2342 1898 
2926 2872 3375 2875 
2927 1712 3300 1894 
2928 1234 2986 978 
2929 3333 3560 3328 
2930 948 1269 947 
2931 1250 1251 1249 
2932 604 606 605 
2933 562 577 564 
2934 4133 4437 3100 
2935 2645 2646 2309 
2936 1764 3425 1621 
2937 1305 1307 1306 
2938 1286 2046 1966 
2939 1097 1143 1095 
2940 2461 3554 2391 
2941 3526 3527 353 
2942 3170 3171 3168 
2943 3088 3089 3086 
2944 2434 2435 1868 
2945 2073 2075 2074 
2946 3088 3090 3089 
2947 3494 3495 3493 
2948 1046 3309 1518 
2949 2311 2450 2449 
2950 325 3489 2918 
2951 1074 1075 1073 
2952 1841 3468 1607 
2953 1443 3712 1440 
2954 1825 1862 1764 
2955 2139 3901 2936 
2956 982 984 983 
2957 1701 3611 1058 
2958 1592 1724 1723 
2959 591 2076 593 
2960 2388 2463 2339 
2961 2232 3867 2234 
2962 3310 3625 3511 
2963 1711 1712 1692 
2964 2137 2139 2138 
2965 1704 3474 1553 
2966 1729 1733 1731 
2967 3505 3507 208 
2968 1642 2345 2344 
2969 209 3505 208 
2970 2605 2760 2604 
2971 1252 1253 1251 
2972 2167 2368 2164 
2973 421 3382 290 
2974 422 3380 143 
2975 424 3379 241 
2976 144 3490 422 
2977 193 3492 423 
2978 242 3493 424 
2979 577 3052 2005 
2980 1313 1347 1312 
2981 3078 3910 3081 
2982 672 3448 676 
2983 1631 3409 1813 
2984 708 3051 1646 
2985 1850 2116 1942 
2986 2069 2718 2359 
2987 1216 1218 1217 
2988 1364 1398 1365 
2989 2271 3665 2273 
2990 2069 3450 2718 
2991 1389 3207 1383 
2992 3321 3323 1002 
2993 692 693 691 
2994 1743 3407 815 
2995 803 3614 3055 
2996 2173 3543 2702 
2997 1125 3305 1114 
2998 3064 3066 3065 
2999 897 3717 899 
3000 3421 3621 3468 
3001 1361 1364 1363 
3002 1778 1798 1611 
3003 759 761 760 
3004 1392 1393 1391 
3005 1139 3555 1461 
3006 2997 2999 2998 
3007 2952 3543 2173 
3008 656 658 657 
3009 423 4018 3105 
3010 1688 3566 1126 
3011 1813 2179 1893 
3012 1848 2373 1846 
3013 1163 3146 1802 
3014 3295 3296 1952 
3015 437 438 302 
3016 1886 2355 1914 
3017 1851 3353 2393 
3018 2929 4680 2928 
3019 536 3614 538 
3020 761 763 762 
3021 2104 2541 2457 
3022 1078 1079 1077 
3023 2280 2422 2169 
3024 1621 3483 1429 
3025 1311 1312 1310 
3026 698 699 697 
3027 1214 1216 1215 
3028 677 3469 681 
3029 410 4337 3697 
3030 1785 2106 2105 
3031 2303 2304 1862 
3032 1335 3181 1331 
3033 984 986 985 
3034 747 3070 1264 
3035 606 608 607 
3036 3234 3428 3248 
3037 1152 1153 1079 
3038 1248 1249 1237 
3039 763 765 764 
3040 1744 4020 3617 
3041 644 647 646 
3042 2106 2713 2412 
3043 633 3041 1775 
3044 2511 2512 2464 
3045 1682 2055 2045 
3046 2410 2531 2066 
3047 2053 2617 2052 
3048 1254 1255 1253 
3049 131 3254 397 
3050 2416 2562 2561 
3051 1113 1114 1112 
3052 1396 1397 1395 
3053 2936 3928 1526 
3054 1321 1322 1320 
3055 2558 4116 2934 
3056 3437 4336 3561 
3057 2139 2232 2140 
3058 2165 2167 2164 
3059 3172 3173 3171 
3060 1178 1180 1179 
3061 1550 1805 1698 
3062 2412 3536 3535 
3063 2425 3474 1968 
3064 765 767 766 
3065 540 542 541 
3066 1783 1804 1803 
3067 3058 3771 3118 
3068 767 4067 826 
3069 696 697 695 
3070 1831 3117 749 
3071 1619 2281 1909 
3072 850 2125 836 
3073 1759 3868 3450 
3074 1687 1944 1943 
3075 1027 1029 1028 
3076 1501 4382 3299 
3077 1724 1854 1725 
3078 3337 3338 3336 
3079 1116 1117 1114 
3080 198 3532 362 
3081 2800 4356 2799 
3082 3291 3293 1884 
3083 688 689 687 
3084 2306 3452 2307 
3085 1401 1402 1400 
3086 2028 2030 2029 
3087 767 769 768 
3088 1518 1520 1519 
3089 1968 3474 1704 
3090 3526 3528 3527 
3091 3697 4023 410 
3092 2554 4636 2615 
3093 3367 3785 3709 
3094 1000 3321 1002 
3095 2197 3637 2195 
3096 1118 1119 1117 
3097 2007 2008 2006 
3098 354 3494 3493 
3099 1224 3372 1642 
3100 1811 3651 2500 
3101 1852 3291 1884 
3102 2160 3510 2156 
3103 3314 3964 408 
3104 1697 2207 1899 
3105 918 947 865 
3106 4410 4505 3547 
3107 2125 3513 836 
3108 2046 2371 2370 
3109 595 598 597 
3110 421 3475 3382 
3111 704 705 703 
3112 714 716 715 
3113 2026 2301 1684 
3114 3197 4286 2739 
3115 1121 3566 1119 
3116 648 651 650 
3117 2032 2034 2033 
3118 1309 1438 1437 
3119 1805 1962 1806 
3120 2152 2169 2150 
3121 867 869 868 
3122 524 3423 525 
3123 3335 3717 3333 
3124 1832 2199 1770 
3125 3175 3211 1052 
3126 1405 1406 1404 
3127 1120 1121 1119 
3128 2269 2270 2168 
3129 2001 2361 1888 
3130 1884 3293 1886 
3131 2320 3566 1688 
3132 880 882 881 
3133 1103 1104 1101 
3134 1825 1863 1862 
3135 324 3663 213 
3136 1854 1977 1855 
3137 128 3262 127 
3138 179 3258 178 
3139 130 3218 129 
3140 2345 2581 2346 
3141 2517 2518 2515 
3142 1520 1523 1522 
3143 699 3692 702 
3144 1180 1182 1181 
3145 933 3584 931 
3146 1107 1108 1105 
3147 3952 4201 3066 
3148 954 956 955 
3149 1442 1444 1443 
3150 126 3272 125 
3151 175 3274 174 
3152 224 3271 223 
3153 273 3263 272 
3154 230 3273 229 
3155 1851 2393 2353 
3156 829 3559 854 
3157 232 3278 231 
3158 3484 3820 3485 
3159 1413 1414 1412 
3160 1332 3788 3110 
3161 3383 3392 3385 
3162 676 3534 3469 
3163 1977 1979 1978 
3164 986 988 987 
3165 1376 1378 1377 
3166 956 958 957 
3167 2536 3639 2411 
3168 3550 3747 480 
3169 124 3275 123 
3170 222 3276 221 
3171 2955 3703 3659 
3172 2590 2926 2588 
3173 3159 3163 3160 
3174 1222 1224 1223 
3175 1656 1770 1575 
3176 575 2552 2267 
3177 3709 3785 2766 
3178 1900 1905 1505 
3179 283 3282 282 
3180 185 3281 184 
3181 234 3289 233 
3182 1376 3361 1415 
3183 3296 4385 4153 
3184 3270 4237 402 
3185 1409 1410 1408 
3186 2745 3903 2282 
3187 1979 1981 1980 
3188 3141 3995 2323 
3189 2422 3126 2169 
3190 702 703 701 
3191 1846 3421 1843 
3192 122 3283 121 
3193 2381 2382 2008 
3194 851 3602 2522 
3195 197 3529 196 
3196 187 3312 186 
3197 236 3313 235 
3198 658 660 659 
3199 2371 2620 2619 
3200 1654 3415 1297 
3201 2508 2546 1930 
3202 1523 1546 1545 
3203 360 4183 2799 
3204 1417 2062 1669 
3205 267 3314 266 
3206 3044 3670 1285 
3207 1029 1031 1030 
3208 1256 1257 1255 
3209 1352 1353 1351 
3210 2055 2536 2411 
3211 2401 2425 1968 
3212 1158 4041 935 
3213 2819 4609 3027 
3214 3496 3828 773 
3215 2580 4075 3216 
3216 2124 3818 819 
3217 799 3950 718 
3218 1444 1446 1445 
3219 2403 3291 1852 
3220 1880 1992 1991 
3221 608 610 609 
3222 1580 3553 1477 
3223 2232 2234 2233 
3224 2163 2164 2161 
3225 1111 1112 1109 
3226 426 3533 3532 
3227 749 750 748 
3228 532 3182 533 
3229 882 915 914 
3230 2594 2798 2595 
3231 2089 2090 2014 
3232 2802 3700 3669 
3233 1626 3892 3664 
3234 542 544 543 
3235 1021 3512 1023 
3236 2034 2351 2350 
3237 344 3473 271 
3238 3386 3388 3387 
3239 1518 3309 1870 
3240 1323 1324 1322 
3241 1182 1184 1183 
3242 1911 3152 2375 
3243 1555 3576 1327 
3244 1052 3211 1084 
3245 1953 4029 3287 
3246 889 1917 1047 
3247 2767 3198 2343 
3248 183 3123 182 
3249 1981 1983 1982 
3250 2368 3400 3399 
3251 863 895 843 
3252 2168 3393 2167 
3253 471 3795 1676 
3254 958 960 959 
3255 2506 2507 2038 
3256 2059 3033 1241 
3257 660 662 661 
3258 1707 3405 2097 
3259 2152 3510 2280 
3260 1017 3144 1018 
3261 3425 3483 1621 
3262 1272 1274 1273 
3263 2343 3047 1223 
3264 3003 3005 3004 
3265 2152 2280 2169 
3266 3090 3092 3091 
3267 524 525 523 
3268 584 1310 580 
3269 1378 1381 1380 
3270 3374 3856 891 
3271 773 3677 3496 
3272 518 519 515 
3273 816 1756 794 
3274 2234 2271 2235 
3275 1031 1033 1032 
3276 3041 3043 3042 
3277 143 3380 142 
3278 241 3379 240 
3279 290 3382 289 
3280 2164 3399 2161 
3281 716 718 717 
3282 960 962 961 
3283 2343 3198 3047 
3284 2858 2859 311 
3285 112 3501 358 
3286 210 3502 359 
3287 1917 2322 2321 
3288 720 3950 3180 
3289 2062 2230 2063 
3290 662 665 664 
3291 3055 3614 3060 
3292 214 4083 324 
3293 610 612 611 
3294 193 423 192 
3295 291 421 290 
3296 242 424 241 
3297 144 422 143 
3298 1983 1985 1984 
3299 1433 1499 1468 
3300 1669 3515 1592 
3301 3503 3504 359 
3302 3593 3779 2562 
3303 2383 2384 2382 
3304 869 889 870 
3305 163 419 162 
3306 261 417 260 
3307 114 418 113 
3308 212 420 211 
3309 1144 3613 1431 
3310 1381 1383 1382 
3311 3139 4330 2396 
3312 3005 3007 3006 
3313 167 3456 166 
3314 3092 3094 3093 
3315 920 3598 785 
3316 1325 1326 1324 
3317 2546 3441 3431 
3318 522 523 521 
3319 3009 3962 3014 
3320 4086 4169 2309 
3321 1680 3670 1769 
3322 2373 3421 1846 
3323 2158 2160 2156 
3324 1499 1613 1612 
3325 329 3698 288 
3326 1184 1186 1185 
3327 2450 2451 2449 
3328 1911 1912 1671 
3329 1202 1203 1200 
3330 502 3550 480 
3331 544 546 545 
3332 4361 4409 905 
3333 787 3793 2099 
3334 747 748 746 
3335 2112 2325 1912 
3336 1046 1518 1517 
3337 2281 2744 2282 
3338 2322 2676 2660 
3339 2167 3393 2920 
3340 3225 3226 3224 
3341 988 990 989 
3342 711 714 713 
3343 3310 3511 1129 
3344 3090 4117 3092 
3345 369 2869 2858 
3346 1613 1659 1658 
3347 1369 1372 1371 
3348 1733 1793 1731 
3349 2271 2273 2272 
3350 409 3482 138 
3351 1944 2543 2352 
3352 1328 1329 1326 
3353 1383 1385 1384 
3354 962 964 963 
3355 2488 2489 2083 
3356 718 720 719 
3357 1011 1012 1010 
3358 1733 3996 1793 
3359 265 3457 264 
3360 2520 3486 2517 
3361 940 4041 1529 
3362 2697 4631 2919 
3363 3098 3580 3100 
3364 1258 1259 1257 
3365 2689 2691 2690 
3366 612 614 613 
3367 3476 3480 3479 
3368 4371 4579 3605 
3369 2793 4390 2549 
3370 1960 2215 2214 
3371 2091 2092 2090 
3372 757 3933 759 
3373 665 667 666 
3374 915 945 944 
3375 1373 1376 1375 
3376 1721 1722 1636 
3377 2584 4584 4406 
3378 2056 2947 2487 
3379 371 3672 437 
3380 3508 3509 368 
3381 1128 1129 1127 
3382 347 4297 3261 
3383 1779 2492 1817 
3384 2285 2534 2491 
3385 3094 3096 3095 
3386 639 4375 3521 
3387 1156 1157 1155 
3388 927 2079 929 
3389 2097 3561 1896 
3390 1206 1207 1205 
3391 1461 3555 1717 
3392 1852 1884 1722 
3393 720 722 721 
3394 2691 2693 2692 
3395 1123 1124 1121 
3396 1007 1008 1006 
3397 1707 2097 1896 
3398 807 3620 788 
3399 1297 3415 1588 
3400 478 3683 874 
3401 588 589 582 
3402 1924 3969 2548 
3403 1744 3182 532 
3404 1227 1228 1164 
3405 755 756 754 
3406 420 3502 211 
3407 418 3501 113 
3408 3340 4671 3341 
3409 1659 3353 1851 
3410 3246 3595 3242 
3411 581 582 578 
3412 2273 2404 2274 
3413 1808 1975 1681 
3414 753 754 752 
3415 2251 2314 2250 
3416 2877 2878 310 
3417 3188 3189 2252 
3418 1679 3144 1017 
3419 964 966 965 
3420 1535 1537 1536 
3421 2434 2624 2435 
3422 3000 3003 3002 
3423 381 2831 2830 
3424 1358 1359 1357 
3425 2395 4197 2565 
3426 530 531 529 
3427 195 3526 353 
3428 1231 1433 1232 
3429 1985 1987 1986 
3430 945 1054 1053 
3431 1299 3550 502 
3432 3227 3228 3226 
3433 3608 4622 3580 
3434 2393 2931 2667 
3435 2312 3936 2789 
3436 1367 3467 1369 
3437 528 529 527 
3438 2021 2146 1872 
3439 2093 2094 2092 
3440 3466 3467 1367 
3441 2326 2468 2325 
3442 966 968 967 
3443 2165 2168 2167 
3444 1319 1320 1317 
3445 614 616 615 
3446 2182 2236 2183 
3447 2351 2391 2390 
3448 633 634 632 
3449 1537 1539 1538 
3450 3326 3549 3327 
3451 3362 3875 1415 
3452 2236 2238 2237 
3453 1159 1160 1063 
3454 990 992 991 
3455 2238 2277 2276 
3456 3456 4577 2502 
3457 1992 2087 2086 
3458 2215 2738 2737 
3459 722 724 723 
3460 2163 2165 2164 
3461 912 3520 3519 
3462 3432 3435 3434 
3463 1130 1131 1129 
3464 932 954 934 
3465 1763 1764 1621 
3466 1054 1081 1080 
3467 1872 3553 1580 
3468 308 2981 2980 
3469 3229 3230 3228 
3470 2180 2182 2181 
3471 1987 1990 1989 
3472 2740 2743 2742 
3473 355 3490 145 
3474 353 3492 194 
3475 354 3493 243 
3476 3007 3009 3008 
3477 532 533 531 
3478 1554 3737 2119 
3479 3607 4037 2254 
3480 2758 2977 2064 
3481 3200 4005 3446 
3482 3105 4018 2776 
3483 3656 3706 1730 
3484 977 1231 978 
3485 973 1058 972 
3486 1385 1388 1387 
3487 1894 3300 3298 
3488 1168 1169 1157 
3489 1163 1164 1162 
3490 1233 4142 3499 
3491 3373 3944 3272 
3492 3096 3098 3097 
3493 2388 2464 2463 
3494 1186 1188 1187 
3495 2277 2279 2278 
3496 2223 2275 2222 
3497 3231 3232 3230 
3498 2524 4481 2778 
3499 577 578 564 
3500 1145 3584 933 
3501 1745 3755 1591 
3502 1847 1848 1846 
3503 1033 1035 1034 
3504 1015 1016 1014 
3505 1717 2501 1790 
3506 380 2890 2877 
3507 1330 1331 1329 
3508 2279 2471 2470 
3509 2404 2406 2405 
3510 196 3526 195 
3511 2503 2504 2386 
3512 2947 3165 2948 
3513 2149 2150 2147 
3514 3233 3234 3232 
3515 590 591 589 
3516 1678 3127 1345 
3517 2885 2886 2884 
3518 1592 1723 1398 
3519 1364 1365 1363 
3520 724 726 725 
3521 3462 3898 2146 
3522 368 3568 206 
3523 2119 3516 2567 
3524 1732 2068 2067 
3525 2575 3573 2275 
3526 590 3470 591 
3527 372 2872 2871 
3528 63 437 302 
3529 992 994 993 
3530 670 672 671 
3531 2158 2161 2160 
3532 968 970 969 
3533 145 3490 144 
3534 194 3492 193 
3535 243 3493 242 
3536 1209 1210 1207 
3537 616 618 617 
3538 3082 3083 3079 
3539 3487 4402 4366 
3540 1260 1261 1259 
3541 1361 3645 1364 
3542 304 2919 89 
3543 2412 3535 2105 
3544 1948 2752 2330 
3545 13 2828 303 
3546 1017 1018 1016 
3547 2865 4224 3150 
3548 3235 3236 3234 
3549 38 2830 301 
3550 2471 2473 2472 
3551 1059 1060 1058 
3552 302 3108 64 
3553 3098 3100 3099 
3554 271 3473 270 
3555 726 728 727 
3556 3049 4087 941 
3557 3259 4124 2724 
3558 2511 2513 2512 
3559 775 821 798 
3560 970 974 971 
3561 3947 4174 1396 
3562 2218 3745 2220 
3563 1057 1709 1509 
3564 2473 2633 2632 
3565 2812 2813 2811 
3566 1358 4055 3210 
3567 212 3663 420 
3568 1998 2047 2000 
3569 1103 1105 1104 
3570 2368 3399 2164 
3571 1824 1825 1764 
3572 3504 3506 3505 
3573 359 3505 209 
3574 1845 1846 1843 
3575 1652 1653 1511 
3576 1427 1883 1425 
3577 1990 2134 2133 
3578 3165 3167 3166 
3579 3009 3012 3011 
3580 421 3476 3475 
3581 1864 2113 1863 
3582 708 709 707 
3583 1333 1334 1331 
3584 358 3537 111 
3585 1107 1109 1108 
3586 67 2858 311 
3587 2887 2888 2886 
3588 2315 2335 2314 
3589 2596 2597 2507 
3590 339 3571 3289 
3591 92 2877 310 
3592 1458 3405 1707 
3593 17 2871 312 
3594 2633 2736 2735 
3595 618 620 619 
3596 1520 3659 1523 
3597 672 675 674 
3598 887 3560 897 
3599 3045 4015 2027 
3600 896 922 895 
3601 620 622 621 
3602 1035 1038 1037 
3603 1347 2065 2023 
3604 1838 2252 1578 
3605 2582 2584 2583 
3606 2922 2923 375 
3607 2693 2695 2694 
3608 3237 3238 3236 
3609 3509 3568 368 
3610 2151 2152 2150 
3611 777 3945 735 
3612 2082 4652 4646 
3613 1299 3551 3550 
3614 3547 3548 3546 
3615 3084 3910 3079 
3616 34 2876 308 
3617 2562 2563 2561 
3618 312 2922 18 
3619 3202 3611 3160 
3620 138 3482 137 
3621 587 844 800 
3622 728 730 729 
3623 111 3537 110 
3624 643 644 642 
3625 974 976 975 
3626 1061 1066 1060 
3627 639 640 638 
3628 3487 3556 2518 
3629 2169 3462 2150 
3630 2736 2764 2763 
3631 3167 3170 3168 
3632 2100 2101 2094 
3633 1558 3576 1555 
3634 1081 1237 1236 
3635 841 2124 819 
3636 911 972 856 
3637 1539 1541 1540 
3638 1758 3538 2058 
3639 2959 4699 4657 
3640 3394 4579 4371 
3641 373 2905 2904 
3642 2239 3565 1601 
3643 3239 3241 3238 
3644 1601 3565 1460 
3645 2119 2567 2120 
3646 1038 1041 1040 
3647 3400 4104 3454 
3648 2959 4657 2958 
3649 2817 2818 2816 
3650 3546 3548 425 
3651 1697 1899 1549 
3652 2069 2359 2174 
3653 2529 2530 2504 
3654 440 3833 820 
3655 2663 2664 2489 
3656 844 871 845 
3657 1388 1391 1390 
3658 1887 3200 2107 
3659 1365 3466 1367 
3660 834 3626 852 
3661 3242 3250 3241 
3662 1881 3907 1879 
3663 1067 1085 1066 
3664 1172 1173 1171 
3665 2552 3037 2267 
3666 871 943 876 
3667 2982 2983 373 
3668 3400 4220 1379 
3669 3012 3015 3013 
3670 42 3586 309 
3671 622 624 623 
3672 943 1458 1457 
3673 308 2980 35 
3674 1520 1522 1519 
3675 1724 1725 1723 
3676 1620 1621 1429 
3677 1133 1134 1131 
3678 1576 3671 1857 
3679 994 996 995 
3680 546 548 547 
3681 3331 3348 3346 
3682 2931 4495 2667 
3683 536 537 535 
3684 320 2924 56 
3685 21 2897 318 
3686 371 437 62 
3687 71 2904 315 
3688 2153 3510 2152 
3689 59 3455 306 
3690 2810 2811 2807 
3691 726 4024 793 
3692 600 601 599 
3693 1188 1190 1189 
3694 291 3480 421 
3695 1551 3606 3538 
3696 1644 2180 1866 
3697 2172 3591 2951 
3698 2107 3446 2358 
3699 2541 2601 2457 
3700 2640 2641 1995 
3701 90 2919 380 
3702 1320 3669 1317 
3703 1432 1807 1145 
3704 1337 1338 1336 
3705 1372 3652 3361 
3706 2137 2138 1819 
3707 1888 3200 1887 
3708 378 2828 12 
3709 311 2982 68 
3710 976 981 980 
3711 318 2930 22 
3712 2881 2884 2879 
3713 381 2830 37 
3714 1242 1243 1210 
3715 65 3108 369 
3716 1137 1138 1136 
3717 3066 4201 3067 
3718 195 353 194 
3719 244 354 243 
3720 293 356 292 
3721 146 355 145 
3722 369 2858 66 
3723 3206 3207 1389 
3724 1593 1906 1558 
3725 211 3502 210 
3726 113 3501 112 
3727 935 936 922 
3728 2839 2841 2840 
3729 3400 3454 3399 
3730 2406 2408 2407 
3731 1518 1519 1517 
3732 1174 1175 1173 
3733 147 4130 4068 
3734 380 2877 91 
3735 2583 3800 3590 
3736 372 2871 16 
3737 1262 1263 1261 
3738 2773 4276 334 
3739 420 3661 3502 
3740 2359 2792 2669 
3741 2146 3553 1872 
3742 3170 3172 3171 
3743 1393 1395 1394 
3744 1111 1113 1112 
3745 3128 3129 3127 
3746 2513 4214 2512 
3747 2991 2994 2989 
3748 310 3073 93 
3749 1446 3757 1445 
3750 2650 4661 4116 
3751 1246 1510 1245 
3752 25 2912 328 
3753 2102 2654 2101 
3754 434 3547 3546 
3755 307 3365 10 
3756 3030 4632 3116 
3757 161 357 160 
3758 259 360 258 
3759 112 358 111 
3760 210 359 209 
3761 1976 2070 1975 
3762 30 2910 316 
3763 1431 3613 1644 
3764 598 599 597 
3765 1769 3670 2027 
3766 80 2900 317 
3767 2911 4581 2851 
3768 647 648 646 
3769 854 3559 1708 
3770 3669 3700 1315 
3771 918 948 947 
3772 1523 1545 1522 
3773 3452 4603 319 
3774 2834 2839 2837 
3775 2625 2746 2114 
3776 3386 3387 3384 
3777 2460 2462 2461 
3778 482 484 483 
3779 3953 3996 1733 
3780 1086 1087 1085 
3781 538 539 537 
3782 383 2911 2910 
3783 3529 3530 3528 
3784 1094 1095 1093 
3785 1092 1093 1091 
3786 3347 3629 3332 
3787 1041 1044 1043 
3788 2006 3712 1573 
3789 730 3914 3913 
3790 2360 4161 4118 
3791 1372 1373 1371 
3792 1417 3645 2062 
3793 548 550 549 
3794 2547 4570 3317 
3795 2021 2147 2146 
3796 2156 3510 2153 
3797 1712 1736 1735 
3798 1717 3555 2501 
3799 247 3541 363 
3800 149 3540 364 
3801 296 3539 361 
3802 1113 1116 1114 
3803 1760 2069 1837 
3804 1554 2119 1556 
3805 737 3945 2035 
3806 677 679 678 
3807 379 3586 41 
3808 2059 4616 2787 
3809 296 361 295 
3810 149 364 148 
3811 198 362 197 
3812 247 363 246 
3813 4293 4316 2889 
3814 428 3541 248 
3815 425 3540 150 
3816 427 3539 297 
3817 2526 4266 2461 
3818 1854 1855 1725 
3819 36 2980 381 
3820 19 2922 375 
3821 2479 3631 1454 
3822 298 3545 427 
3823 151 3546 425 
3824 2590 3191 2926 
3825 150 3540 149 
3826 248 3541 247 
3827 297 3539 296 
3828 156 3544 429 
3829 254 3542 432 
3830 374 2876 33 
3831 109 365 108 
3832 256 367 255 
3833 158 366 157 
3834 207 368 206 
3835 1226 3372 1224 
3836 2695 2698 2697 
3837 1447 4024 724 
3838 367 3542 255 
3839 366 3544 157 
3840 200 426 199 
3841 151 425 150 
3842 249 428 248 
3843 298 427 297 
3844 434 3546 152 
3845 433 3545 299 
3846 299 3545 298 
3847 152 3546 151 
3848 255 3542 254 
3849 157 3544 156 
3850 156 429 155 
3851 254 432 253 
3852 107 430 106 
3853 205 431 204 
3854 300 433 299 
3855 153 434 152 
3856 202 435 201 
3857 251 436 250 
3858 940 941 936 
3859 874 885 875 
3860 1116 1118 1117 
3861 453 912 455 
3862 2677 4455 3682 
3863 1376 1377 1375 
3864 1533 3603 1472 
3865 2155 2156 2153 
3866 3435 3438 3436 
3867 651 652 650 
3868 375 2897 20 
3869 2408 2725 2409 
3870 2845 2847 2846 
3871 1140 1141 1138 
3872 373 2904 70 
3873 57 2924 376 
3874 196 3529 3526 
3875 1670 3181 1335 
3876 602 603 601 
3877 3218 4118 349 
3878 1118 1120 1119 
3879 2984 4202 3029 
3880 1977 1978 1855 
3881 2420 3517 1900 
3882 1840 1841 1607 
3883 958 3564 1639 
3884 362 3532 3531 
3885 3020 3021 3019 
3886 2290 2559 2542 
3887 1906 3577 3576 
3888 1283 1284 1263 
3889 1090 1091 1089 
3890 2172 2951 2950 
3891 1190 1192 1191 
3892 3206 3948 3207 
3893 981 1148 1147 
3894 2819 2820 2818 
3895 1541 1630 1629 
3896 1979 1980 1978 
3897 2017 2039 1907 
3898 1758 2058 2057 
3899 1206 4148 1531 
3900 2615 4636 3320 
3901 1583 1759 1747 
3902 3478 3599 3477 
3903 2462 2527 2526 
3904 842 3500 857 
3905 883 3602 851 
3906 2207 2497 1899 
3907 1088 1089 1087 
3908 1546 1548 1545 
3909 2841 2843 2842 
3910 1577 3638 2117 
3911 3504 3505 359 
3912 484 486 485 
3913 1551 3538 1758 
3914 1126 3566 1121 
3915 1952 3369 1740 
3916 1397 1400 1399 
3917 1021 1022 1020 
3918 376 3455 58 
3919 11 3365 378 
3920 550 552 551 
3921 1702 3367 710 
3922 2478 3963 3855 
3923 2078 2629 1962 
3924 3062 3430 1648 
3925 2264 3651 1811 
3926 1339 1340 1338 
3927 69 2982 373 
3928 1176 1177 1175 
3929 23 2930 389 
3930 1378 1380 1377 
3931 1683 1751 1653 
3932 1641 3567 1482 
3933 2997 2998 2995 
3934 3159 3160 3157 
3935 996 998 997 
3936 3086 3461 1622 
3937 787 2099 806 
3938 3565 3636 1460 
3939 710 711 709 
3940 1150 1240 1239 
3941 757 758 756 
3942 730 732 731 
3943 389 2912 24 
3944 3577 3696 3576 
3945 1311 1313 1312 
3946 471 1676 473 
3947 382 2901 2900 
3948 653 655 652 
3949 206 3568 205 
3950 1261 4046 1604 
3951 885 887 886 
3952 893 3626 3429 
3953 94 3073 386 
3954 1660 1792 1685 
3955 2297 2337 2296 
3956 441 2759 439 
3957 552 554 553 
3958 540 541 539 
3959 1543 4046 1263 
3960 75 3489 325 
3961 1630 1888 1887 
3962 1069 4251 3371 
3963 710 3367 711 
3964 2400 2401 1968 
3965 2068 2645 2309 
3966 2425 3935 3474 
3967 2157 2158 2156 
3968 1736 1738 1737 
3969 2004 4610 2535 
3970 1213 1214 1141 
3971 1981 1982 1980 
3972 1023 1024 1022 
3973 1302 1303 1284 
3974 3330 3334 3333 
3975 1148 1150 1149 
3976 2799 4356 360 
3977 1240 1282 1281 
3978 1192 1194 1193 
3979 1792 1898 1897 
3980 1967 1968 1704 
3981 1861 3955 3392 
3982 656 657 655 
3983 1583 3644 1759 
3984 1547 3703 1550 
3985 1714 3355 682 
3986 516 1299 502 
3987 1827 3751 1826 
3988 3126 3462 2169 
3989 2065 2410 2066 
3990 3285 3288 335 
3991 1880 1991 1696 
3992 1483 3560 887 
3993 1402 1404 1403 
3994 2268 2269 2168 
3995 1279 1280 1071 
3996 1052 1084 1068 
3997 1561 1785 1560 
3998 604 605 603 
3999 3388 3390 3387 
4000 950 951 941 
4001 1845 1847 1846 
4002 2149 2151 2150 
4003 1898 2311 2310 
4004 682 684 683 
4005 1682 3692 2055 
4006 486 488 487 
4007 1342 1343 1340 
4008 732 735 734 
4009 584 1311 1310 
4010 1049 1051 1050 
4011 2478 4191 1277 
4012 1025 1026 1024 
4013 3176 4304 1480 
4014 84 3876 305 
4015 833 3620 807 
4016 873 1052 916 
4017 1955 3603 1533 
4018 2001 2419 2361 
4019 2047 2049 2048 
4020 1381 1382 1380 
4021 1353 1355 1354 
4022 2162 2163 2161 
4023 2501 2703 1790 
4024 1096 1097 1095 
4025 2492 2622 1817 
4026 1406 1408 1407 
4027 851 2522 833 
4028 1734 2479 1454 
4029 2071 2072 2070 
4030 887 897 888 
4031 624 626 625 
4032 3476 3479 3478 
4033 1084 1297 1296 
4034 1577 2117 1853 
4035 3200 3446 2107 
4036 2240 2241 2239 
4037 1383 1384 1382 
4038 465 1471 462 
4039 998 1000 999 
4040 1282 1351 1350 
4041 383 2910 29 
4042 1319 1321 1320 
4043 397 3254 3220 
4044 2203 3612 1603 
4045 1983 1984 1982 
4046 1906 3576 1558 
4047 1070 1071 883 
4048 1620 1763 1621 
4049 854 873 872 
4050 382 2900 79 
4051 1904 2290 2289 
4052 1624 1625 1280 
4053 2966 2967 942 
4054 3474 3604 1553 
4055 1847 1995 1848 
4056 488 490 489 
4057 1915 3567 1641 
4058 3506 3507 3505 
4059 2800 4479 4356 
4060 1361 1363 1362 
4061 2311 2449 2448 
4062 1359 1361 1360 
4063 1064 1660 1434 
4064 2864 2865 2862 
4065 2527 2603 2602 
4066 1248 1250 1249 
4067 1960 2214 1830 
4068 827 1762 769 
4069 1738 1740 1739 
4070 1686 4058 3155 
4071 3468 3634 1521 
4072 2151 2153 2152 
4073 1124 1128 1127 
4074 2080 2722 2525 
4075 2674 3706 3656 
4076 1825 1864 1863 
4077 490 492 491 
4078 2482 2483 2480 
4079 1793 1971 1794 
4080 829 854 853 
4081 735 737 736 
4082 606 607 605 
4083 3334 3336 3335 
4084 3222 3225 3224 
4085 1488 4014 2976 
4086 897 899 898 
4087 3016 3498 3497 
4088 4111 4173 2559 
4089 1297 1588 1587 
4090 2096 3598 920 
4091 506 507 505 
4092 1715 1946 1945 
4093 554 556 555 
4094 3111 4398 2410 
4095 2255 3607 2254 
4096 2011 2089 2014 
4097 445 1581 443 
4098 2680 2681 2679 
4099 1752 1780 1751 
4100 542 543 541 
4101 3267 3270 3265 
4102 2139 2140 2138 
4103 1564 3558 1715 
4104 925 1560 923 
4105 1869 2239 1601 
4106 508 509 507 
4107 3866 4656 3436 
4108 2246 2249 2248 
4109 1763 1824 1764 
4110 1120 1123 1121 
4111 390 3489 74 
4112 2049 2051 2050 
4113 460 482 464 
4114 1598 1600 1599 
4115 1264 3716 1831 
4116 1564 3662 3558 
4117 2790 3982 2788 
4118 3513 3746 783 
4119 2591 2592 2241 
4120 478 874 504 
4121 1219 1220 1218 
4122 245 3623 244 
4123 1393 3920 1396 
4124 1456 1598 1597 
4125 1250 1252 1251 
4126 3338 3340 3339 
4127 134 3615 133 
4128 3 2935 385 
4129 1740 1860 1784 
4130 730 3913 732 
4131 1842 1843 1841 
4132 1304 1305 1303 
4133 3526 3529 3528 
4134 1410 1412 1411 
4135 205 3568 431 
4136 1715 3558 1946 
4137 1393 1394 1391 
4138 956 957 955 
4139 556 558 557 
4140 1321 1323 1322 
4141 952 953 951 
4142 1650 1729 1728 
4143 921 1082 920 
4144 1729 1731 1730 
4145 1000 1002 1001 
4146 1600 1650 1649 
4147 2159 2172 2171 
4148 2295 2296 2255 
4149 28 3427 383 
4150 1860 2474 1970 
4151 1385 1387 1384 
4152 1916 2254 1915 
4153 1252 1254 1253 
4154 1448 3705 2209 
4155 3824 4332 3350 
4156 2193 2729 2192 
4157 1859 3655 2198 
4158 2385 4227 3465 
4159 1194 1196 1195 
4160 867 868 847 
4161 1355 1357 1356 
4162 693 695 694 
4163 4189 4397 3042 
4164 2173 2702 2171 
4165 954 955 934 
4166 1588 1636 1635 
4167 538 3614 803 
4168 2155 2157 2156 
4169 658 659 657 
4170 2391 3554 2390 
4171 1414 1575 1416 
4172 3528 4359 3527 
4173 2474 2572 2475 
4174 857 3500 879 
4175 2249 2945 2293 
4176 1985 1986 1984 
4177 2172 2950 2173 
4178 387 3876 83 
4179 982 983 953 
4180 684 687 686 
4181 2740 2742 2738 
4182 136 3624 135 
4183 558 560 559 
4184 1807 3584 1145 
4185 2296 3607 2255 
4186 544 545 543 
4187 1027 1028 1026 
4188 1971 2653 1972 
4189 2363 2365 2364 
4190 1835 1915 1641 
4191 2573 4215 2786 
4192 1644 3613 2180 
4193 899 901 900 
4194 2823 2824 2822 
4195 2593 2594 2592 
4196 1864 2114 2113 
4197 2051 2053 2052 
4198 1051 1073 1072 
4199 991 3851 989 
4200 811 920 785 
4201 2359 2669 2174 
4202 608 609 607 
4203 2172 2173 2171 
4204 2125 3869 3513 
4205 2519 2520 2517 
4206 1225 1226 1224 
4207 958 959 957 
4208 626 628 627 
4209 2950 2952 2173 
4210 475 505 469 
4211 2524 2778 1964 
4212 78 3031 382 
4213 848 3610 835 
4214 1907 3578 1906 
4215 2320 3916 3212 
4216 2063 4016 2495 
4217 1178 1179 1177 
4218 1619 3757 2281 
4219 2171 3562 2170 
4220 2317 2727 1820 
4221 1727 2121 1617 
4222 492 494 493 
4223 341 3966 173 
4224 2069 2174 1837 
4225 2206 3612 2203 
4226 2612 2613 2166 
4227 3090 3091 3089 
4228 1388 1390 1387 
4229 852 3626 893 
4230 2080 3647 2722 
4231 1840 1842 1841 
4232 984 985 983 
4233 901 904 902 
4234 728 3914 730 
4235 3018 4618 616 
4236 2603 2605 2604 
4237 689 691 690 
4238 3429 4001 3402 
4239 172 3966 394 
4240 1844 1845 1843 
4241 714 715 713 
4242 2148 2149 2147 
4243 1221 1222 1220 
4244 2262 2363 2362 
4245 2849 2851 2850 
4246 1781 1782 1780 
4247 1987 1989 1986 
4248 1421 2231 1423 
4249 2300 2648 1969 
4250 1663 4145 986 
4251 2062 3645 3210 
4252 1424 1425 1422 
4253 960 961 959 
4254 2602 4470 2526 
4255 3225 3227 3226 
4256 1961 3186 3185 
4257 1308 1309 1307 
4258 1075 1077 1076 
4259 1254 1256 1255 
4260 1398 3466 1365 
4261 2999 3000 2998 
4262 3418 3651 2264 
4263 2190 2192 2188 
4264 1065 3604 894 
4265 2804 2805 379 
4266 2073 2074 2072 
4267 1665 3628 1466 
4268 660 661 659 
4269 904 906 905 
4270 699 701 700 
4271 1690 2320 1688 
4272 3151 4321 992 
4273 2180 3925 2182 
4274 1687 3775 1944 
4275 1323 1325 1324 
4276 3443 4524 426 
4277 2365 2377 2376 
4278 1110 1111 1109 
4279 1812 2521 1787 
4280 1128 1130 1129 
4281 1857 1927 1926 
4282 1106 1107 1105 
4283 2215 2737 2214 
4284 2143 3798 1478 
4285 1675 1868 1083 
4286 494 496 495 
4287 2238 4040 2726 
4288 2433 2434 1868 
4289 2232 2233 2140 
4290 2613 3630 2166 
4291 628 630 629 
4292 2300 3443 3442 
4293 2702 3562 2171 
4294 1002 1004 1003 
4295 2594 4525 3277 
4296 2605 2761 2760 
4297 1755 2143 1478 
4298 2491 3637 2197 
4299 3327 3549 3331 
4300 2510 2511 2464 
4301 838 839 825 
4302 1071 3602 883 
4303 1275 1276 1274 
4304 2363 3581 2365 
4305 3077 3082 3079 
4306 3227 3229 3228 
4307 3233 3235 3234 
4308 496 498 497 
4309 1990 2133 1989 
4310 1593 1907 1906 
4311 2297 2445 2337 
4312 662 664 661 
4313 1967 2400 1968 
4314 857 879 878 
4315 962 963 961 
4316 1750 2299 1969 
4317 1271 1272 1226 
4318 3229 3231 3230 
4319 115 3695 114 
4320 2514 2515 2513 
4321 1098 1099 1097 
4322 2158 2162 2161 
4323 3308 4149 1108 
4324 1546 3673 1548 
4325 3066 3067 3065 
4326 2400 2421 2401 
4327 3231 3233 3232 
4328 4399 4552 733 
4329 2750 4282 350 
4330 3210 4055 2230 
4331 665 666 664 
4332 1992 2086 1991 
4333 2350 4241 2486 
4334 1640 1834 1833 
4335 1884 1886 1885 
4336 1946 2452 1945 
4337 1325 1328 1326 
4338 2387 2388 2339 
4339 986 987 985 
4340 2165 2268 2168 
4341 716 717 715 
4342 2159 2171 2170 
4343 133 3615 346 
4344 2420 3518 3517 
4345 2080 2525 2524 
4346 3092 3093 3091 
4347 3235 3237 3236 
4348 1288 1671 1289 
4349 610 611 609 
4350 510 511 509 
4351 3331 3549 3348 
4352 1906 3578 3577 
4353 2182 2183 2181 
4354 2970 3712 2006 
4355 1821 2333 2332 
4356 796 3618 778 
4357 2119 2120 1556 
4358 1842 1844 1843 
4359 988 4145 1589 
4360 1759 1760 1747 
4361 585 1464 780 
4362 3780 4372 4362 
4363 2300 3442 2648 
4364 2020 2021 1872 
4365 2027 2028 1951 
4366 2159 2170 2157 
4367 759 760 758 
4368 612 613 611 
4369 2825 2826 2824 
4370 906 908 907 
4371 281 3684 280 
4372 2236 2237 2183 
4373 2295 2297 2296 
4374 1945 1947 1727 
4375 2516 2517 2515 
4376 2976 4040 2236 
4377 2299 2300 1969 
4378 1397 1399 1395 
4379 1347 3700 2065 
4380 2096 3883 3598 
4381 946 2251 2250 
4382 973 1059 1058 
4383 2621 2642 2620 
4384 1029 1030 1028 
4385 3239 3242 3241 
4386 1844 2080 1964 
4387 1373 1375 1374 
4388 3094 3095 3093 
4389 4081 4617 2836 
4390 1567 2144 2129 
4391 1180 1181 1179 
4392 1481 3594 1640 
4393 2567 2568 2120 
4394 2180 2181 1866 
4395 2748 4060 2750 
4396 1640 3594 1834 
4397 1805 2078 1962 
4398 2447 2800 2799 
4399 319 4603 2907 
4400 1576 1857 1856 
4401 2196 2197 2195 
4402 1365 1367 1366 
4403 1839 1840 1607 
4404 911 973 972 
4405 3237 3239 3238 
4406 2238 2276 2237 
4407 421 3480 3476 
4408 964 965 963 
4409 810 1288 832 
4410 804 824 823 
4411 919 3714 3404 
4412 2155 2159 2157 
4413 2338 2339 2178 
4414 2154 2155 2153 
4415 398 3990 220 
4416 761 762 760 
4417 1712 1735 1692 
4418 1134 1137 1136 
4419 2234 2235 2233 
4420 1844 1964 1845 
4421 1606 2122 1839 
4422 2058 2643 2057 
4423 670 671 667 
4424 1954 1955 1533 
4425 2673 2674 1973 
4426 879 1046 1045 
4427 3439 3831 1532 
4428 3484 3880 3820 
4429 2328 2640 1995 
4430 1715 1945 1727 
4431 457 825 449 
4432 2577 2756 2123 
4433 737 740 739 
4434 1559 1956 1276 
4435 908 938 937 
4436 2373 3621 3421 
4437 1046 1517 1516 
4438 2778 3633 1964 
4439 2162 2446 2163 
4440 2080 2524 1964 
4441 763 764 762 
4442 2089 2091 2090 
4443 219 3990 334 
4444 1917 2321 1047 
4445 767 768 766 
4446 3367 3709 714 
4447 765 766 764 
4448 966 967 965 
4449 1256 1258 1257 
4450 1196 1198 1197 
4451 2684 2685 2683 
4452 2328 2706 2640 
4453 1426 1427 1425 
4454 2284 2285 2197 
4455 275 3719 274 
4456 1059 1061 1060 
4457 2268 3177 2269 
4458 1783 1803 1782 
4459 2277 2278 2276 
4460 3003 3004 3002 
4461 1328 1330 1329 
4462 2209 3934 2598 
4463 1031 1032 1030 
4464 1182 1183 1181 
4465 718 719 717 
4466 869 870 868 
4467 651 4002 653 
4468 2031 2032 2030 
4469 2377 2793 2549 
4470 519 521 520 
4471 1527 2218 1766 
4472 1664 1936 1935 
4473 340 4602 3282 
4474 859 860 848 
4475 2658 2659 1877 
4476 1762 4425 3438 
4477 1130 1133 1131 
4478 2122 2556 2123 
4479 2249 3605 2945 
4480 1100 1101 1099 
4481 1102 1103 1101 
4482 2489 3755 2083 
4483 860 3610 848 
4484 1092 1094 1093 
4485 3891 3981 1341 
4486 1439 1440 1438 
4487 861 862 839 
4488 614 615 613 
4489 1825 3643 1864 
4490 2271 2272 2235 
4491 1153 1155 1154 
4492 720 721 719 
4493 1094 1096 1095 
4494 135 3624 412 
4495 3005 3006 3004 
4496 2279 2470 2278 
4497 722 723 721 
4498 1312 3982 1310 
4499 2507 3796 2038 
4500 2205 2206 2203 
4501 1067 1086 1085 
4502 2017 2040 2039 
4503 1940 2178 1657 
4504 1428 1564 1528 
4505 498 501 500 
4506 2292 2794 2201 
4507 1899 3673 1549 
4508 1797 2195 1470 
4509 1402 1403 1400 
4510 968 969 967 
4511 465 3627 1471 
4512 2134 2523 2133 
4513 1793 1794 1731 
4514 634 636 635 
4515 2273 3665 2540 
4516 988 989 987 
4517 2297 2494 2445 
4518 1727 3588 2121 
4519 889 1047 870 
4520 1334 1337 1336 
4521 1859 2198 2061 
4522 2091 2093 2092 
4523 705 707 706 
4524 1364 3645 1417 
4525 1847 2328 1995 
4526 1428 1429 1427 
4527 2275 3573 2636 
4528 546 547 545 
4529 1061 1067 1066 
4530 2162 2447 2446 
4531 3380 4036 3381 
4532 2159 3591 2172 
4533 1660 1685 1434 
4534 2053 2747 2617 
4535 2447 2799 2446 
4536 3096 3097 3095 
4537 2464 4107 2463 
4538 3174 4513 4434 
4539 2157 3619 2158 
4540 1160 1162 1161 
4541 1184 1185 1183 
4542 616 617 615 
4543 1552 1553 1065 
4544 2151 2154 2153 
4545 2471 2472 2470 
4546 1090 1092 1091 
4547 2055 3692 3196 
4548 2110 4621 2623 
4549 303 4598 4523 
4550 784 3769 3152 
4551 1535 3590 1537 
4552 560 562 561 
4553 2154 3591 2155 
4554 2522 3620 833 
4555 750 752 751 
4556 2473 4073 2634 
4557 768 3471 772 
4558 244 3623 354 
4559 1562 2177 1814 
4560 2087 2088 2086 
4561 938 1063 1062 
4562 1528 1620 1429 
4563 2322 2660 2321 
4564 1886 1914 1913 
4565 2279 4074 2709 
4566 1107 1110 1109 
4567 1369 1371 1370 
4568 1367 1369 1368 
4569 2186 2477 2476 
4570 3007 3008 3006 
4571 1620 1765 1763 
4572 724 725 723 
4573 3092 4285 3094 
4574 2184 2186 2185 
4575 2122 2123 1839 
4576 2319 3628 1665 
4577 1377 1379 1375 
4578 1228 1230 1229 
4579 2148 2166 2149 
4580 525 527 526 
4581 1924 2548 2547 
4582 1914 2672 2431 
4583 726 727 725 
4584 1606 1607 1521 
4585 3098 3608 3580 
4586 2473 2632 2472 
4587 2686 2687 2685 
4588 2256 3904 3140 
4589 2987 3664 2988 
4590 1715 1727 1617 
4591 813 814 796 
4592 2021 2148 2147 
4593 1674 1925 1919 
4594 576 580 573 
4595 2920 4303 1374 
4596 1677 1929 1928 
4597 1653 3815 1511 
4598 1792 1897 1685 
4599 2218 2220 2219 
4600 2677 3682 1874 
4601 2273 2274 2272 
4602 1353 1354 1351 
4603 3907 4052 3777 
4604 3252 4128 2360 
4605 827 3609 1762 
4606 1750 1969 1967 
4607 728 729 727 
4608 970 971 969 
4609 2633 2735 2632 
4610 1754 1924 1922 
4611 2275 2636 2367 
4612 1361 1362 1360 
4613 630 632 631 
4614 567 1767 565 
4615 974 975 971 
4616 2142 2712 2502 
4617 3397 4688 3398 
4618 1957 1958 1748 
4619 1070 1279 1071 
4620 2709 4073 2471 
4621 1406 1407 1404 
4622 854 872 853 
4623 1951 4009 1950 
4624 1871 1872 1580 
4625 2675 2711 2674 
4626 566 2145 569 
4627 1947 3588 1727 
4628 1285 3670 1680 
4629 2093 2100 2094 
4630 1033 1034 1032 
4631 1330 1333 1331 
4632 1898 2310 1897 
4633 1088 1090 1089 
4634 1086 1088 1087 
4635 512 513 511 
4636 3449 4229 696 
4637 3296 3369 1952 
4638 1840 2318 1842 
4639 575 2267 2266 
4640 1042 4669 2732 
4641 2404 2405 2274 
4642 1428 1528 1429 
4643 2736 2763 2735 
4644 2155 3591 2159 
4645 640 642 641 
4646 2521 3854 1787 
4647 1717 1790 1789 
4648 2249 2293 2248 
4649 1103 1106 1105 
4650 1359 1360 1357 
4651 1441 1442 1440 
4652 1750 1967 1704 
4653 1916 2255 2254 
4654 2078 2630 2629 
4655 3607 4062 4037 
4656 1424 1426 1425 
4657 3502 3661 3503 
4658 2795 2796 2042 
4659 672 674 671 
4660 1565 2184 1823 
4661 3126 3994 1386 
4662 1534 1535 1446 
4663 171 3802 170 
4664 618 619 617 
4665 1186 1187 1185 
4666 2601 4572 3592 
4667 843 3481 816 
4668 3330 3333 3328 
4669 2041 2042 1836 
4670 3098 3099 3097 
4671 2861 3524 2866 
4672 2357 2710 2247 
4673 1552 1892 1638 
4674 1373 1374 1371 
4675 2220 2222 2221 
4676 1279 1624 1280 
4677 1426 1428 1427 
4678 3491 4036 422 
4679 1052 1068 916 
4680 990 991 989 
4681 620 621 619 
4682 622 623 621 
4683 2726 4074 2277 
4684 1638 1704 1553 
4685 1706 4289 3203 
4686 1679 3836 3144 
4687 572 575 574 
4688 1564 1715 1617 
4689 1736 1737 1735 
4690 1835 1916 1915 
4691 1365 1366 1363 
4692 586 587 513 
4693 2542 4343 2289 
4694 2945 2949 2293 
4695 2311 2448 2310 
4696 501 515 514 
4697 789 4327 2779 
4698 3278 4267 348 
4699 1448 2209 1772 
4700 2209 2598 2210 
4701 2194 2607 2606 
4702 976 980 975 
4703 1004 1006 1005 
4704 3055 3060 3058 
4705 677 678 675 
4706 2556 2577 2123 
4707 1519 1799 1517 
4708 2158 3619 2162 
4709 1110 1115 1111 
4710 2813 2817 2816 
4711 1624 1820 1625 
4712 2814 4109 2812 
4713 1012 1014 1013 
4714 2131 2175 1700 
4715 3059 4000 3057 
4716 1258 1260 1259 
4717 814 3618 796 
4718 1084 1296 1068 
4719 1008 1010 1009 
4720 533 535 534 
4721 981 1147 980 
4722 2176 3805 1151 
4723 2559 2772 2542 
4724 1947 3589 3588 
4725 874 875 504 
4726 979 1505 948 
4727 2416 2561 2560 
4728 2395 2565 2564 
4729 583 584 580 
4730 1343 3523 1590 
4731 740 742 741 
4732 1198 1200 1199 
4733 305 3946 85 
4734 2533 2625 2114 
4735 416 4658 3754 
4736 2411 4059 2045 
4737 2931 4064 1804 
4738 2859 3524 2861 
4739 1606 1839 1607 
4740 1561 1786 1785 
4741 417 3918 260 
4742 438 3833 440 
4743 2544 4228 2352 
4744 644 646 645 
4745 864 865 850 
4746 1297 1587 1296 
4747 1564 1617 1528 
4748 1355 1356 1354 
4749 1096 1098 1097 
4750 1391 3606 1390 
4751 1230 1631 1514 
4752 648 650 649 
4753 2148 2611 2166 
4754 849 850 836 
4755 1516 1521 1045 
4756 2443 2444 2175 
4757 885 886 875 
4758 3009 3011 3008 
4759 1804 1939 1803 
4760 779 2416 2415 
4761 1971 1972 1794 
4762 1628 2313 1965 
4763 624 625 623 
4764 1937 2319 1665 
4765 1240 1281 1239 
4766 2170 3619 2157 
4767 917 918 865 
4768 2688 2689 2687 
4769 1421 3597 2231 
4770 1481 3767 3594 
4771 1738 1739 1737 
4772 1461 1717 1716 
4773 1921 3579 1123 
4774 992 993 991 
4775 1611 3405 1458 
4776 873 916 872 
4777 2189 2194 2191 
4778 1123 3579 1124 
4779 2992 3020 3019 
4780 2317 2751 2727 
4781 2290 2542 2289 
4782 1523 3659 1547 
4783 4044 4400 365 
4784 831 836 809 
4785 3567 3660 1482 
4786 3012 3013 3011 
4787 1908 2142 2043 
4788 2268 3178 3177 
4789 1110 1421 1115 
4790 3220 3575 3222 
4791 3612 3865 1603 
4792 1545 1861 1522 
4793 1760 1837 1836 
4794 1282 1350 1281 
4795 2251 2315 2314 
4796 3154 3729 1993 
4797 1506 1900 1505 
4798 1726 1932 1800 
4799 1638 1750 1704 
4800 1893 2104 2103 
4801 1824 3643 1825 
4802 1813 1893 1815 
4803 585 3725 1464 
4804 2611 2612 2166 
4805 3088 3677 3090 
4806 1410 1411 1408 
4807 1631 1813 1632 
4808 1869 2240 2239 
4809 2229 2582 2227 
4810 1729 1730 1728 
4811 438 439 302 
4812 1423 1424 1422 
4813 1553 3604 1065 
4814 548 549 547 
4815 2104 2457 2456 
4816 1137 1140 1138 
4817 1588 1635 1587 
4818 1901 2420 1900 
4819 2511 2514 2513 
4820 921 1083 1082 
4821 673 3743 2128 
4822 1216 1219 1218 
4823 2754 4222 2755 
4824 2669 2801 2174 
4825 1203 1205 1204 
4826 636 638 637 
4827 562 564 563 
4828 730 731 729 
4829 879 1045 878 
4830 994 995 993 
4831 1863 3983 2303 
4832 852 893 884 
4833 3390 4353 415 
4834 949 977 862 
4835 1150 1239 1149 
4836 925 1561 1560 
4837 1035 1037 1034 
4838 3254 3575 3220 
4839 1424 1430 1426 
4840 874 3683 3326 
4841 2446 3650 2163 
4842 2616 2787 2543 
4843 2333 2499 2332 
4844 1434 1552 1065 
4845 2439 2440 2438 
4846 1610 1611 1458 
4847 1260 1262 1261 
4848 2810 2812 2811 
4849 2516 2519 2517 
4850 2281 3757 3290 
4851 550 551 549 
4852 811 921 920 
4853 1734 2480 2479 
4854 2226 2227 1618 
4855 1337 1339 1338 
4856 482 483 464 
4857 924 927 926 
4858 1046 1516 1045 
4859 2163 3650 2165 
4860 2162 3619 2447 
4861 3420 4208 3419 
4862 1188 1189 1187 
4863 2589 2590 2588 
4864 1148 1149 1147 
4865 3672 3752 2358 
4866 1140 1213 1141 
4867 682 683 679 
4868 1650 1728 1649 
4869 1873 2244 1627 
4870 830 833 807 
4871 1038 1040 1037 
4872 2406 2407 2405 
4873 1598 1599 1597 
4874 2100 2102 2101 
4875 1740 1784 1739 
4876 742 746 745 
4877 1596 2467 1455 
4878 1557 1558 1555 
4879 1864 2533 2114 
4880 887 888 886 
4881 1421 1422 1115 
4882 86 3946 370 
4883 2437 2438 1498 
4884 1414 1416 1412 
4885 1964 3633 1845 
4886 1758 2057 1871 
4887 1064 1065 894 
4888 3338 3339 3336 
4889 1690 3744 2320 
4890 1390 3606 1551 
4891 3015 3016 3013 
4892 2077 3355 1714 
4893 1600 1649 1599 
4894 1821 3722 2333 
4895 2253 2770 2769 
4896 2384 2386 2385 
4897 2117 2118 1853 
4898 4219 4649 2897 
4899 2388 2510 2464 
4900 1975 3836 1681 
4901 2706 4226 2640 
4902 2340 2341 1801 
4903 1860 1970 1784 
4904 1390 1551 1477 
4905 552 553 551 
4906 2998 3784 2995 
4907 2009 3572 2011 
4908 1884 1885 1722 
4909 2240 2591 2241 
4910 3689 3898 1386 
4911 591 593 592 
4912 2836 4617 3657 
4913 1552 1638 1553 
4914 3222 3575 3225 
4915 1551 1758 1580 
4916 1931 2508 1930 
4917 1116 1122 1118 
4918 1314 1315 1313 
4919 893 1064 894 
4920 4396 4422 3322 
4921 2474 2475 1970 
4922 2062 3210 2230 
4923 63 302 64 
4924 88 304 89 
4925 38 301 39 
4926 13 303 14 
4927 2881 2885 2884 
4928 779 3593 2416 
4929 1064 1434 1065 
4930 1864 3643 2533 
4931 2166 3630 2149 
4932 1811 2500 1566 
4933 1549 3673 1546 
4934 1723 3466 1398 
4935 2885 2887 2886 
4936 1570 2395 2394 
4937 2482 2484 2483 
4938 3387 3698 3384 
4939 2536 4206 4069 
4940 1041 1043 1040 
4941 1421 1423 1422 
4942 2855 3933 3841 
4943 897 898 888 
4944 673 2128 892 
4945 1106 3597 1107 
4946 1771 1850 1849 
4947 1431 1432 1145 
4948 1897 2141 1685 
4949 878 890 859 
4950 1517 3654 1516 
4951 1916 2294 2255 
4952 2587 2588 2509 
4953 1806 4075 1920 
4954 1867 1930 1778 
4955 693 694 691 
4956 3479 4650 2556 
4957 1527 3884 2218 
4958 1190 4194 1614 
4959 2572 2614 2475 
4960 2677 4536 4455 
4961 1557 1583 1582 
4962 1367 1368 1366 
4963 1369 1370 1368 
4964 2294 2295 2255 
4965 1845 3633 1847 
4966 1777 1778 1611 
4967 1871 2020 1872 
4968 484 485 483 
4969 42 309 43 
4970 34 308 35 
4971 84 305 85 
4972 92 310 93 
4973 67 311 68 
4974 59 306 60 
4975 9 307 10 
4976 17 312 18 
4977 1516 1606 1521 
4978 2138 3785 1819 
4979 3245 3246 3242 
4980 1474 1921 1123 
4981 1779 1817 1816 
4982 1384 1386 1382 
4983 554 555 553 
4984 2121 3641 1617 
4985 3841 3933 782 
4986 424 3713 3379 
4987 1473 1771 1662 
4988 479 480 477 
4989 316 3978 31 
4990 1251 4109 1249 
4991 2498 3673 1899 
4992 4456 4602 340 
4993 2777 3949 2304 
4994 1049 1050 1044 
4995 390 4495 3489 
4996 1583 1747 1746 
4997 2408 2409 2407 
4998 1318 1554 1327 
4999 2334 2644 2019 
5000 1339 1342 1340 
5001 1098 1100 1099 
5002 2199 2574 1770 
5003 1169 1171 1170 
5004 1100 1102 1101 
5005 1144 1145 933 
5006 2845 2846 2843 
5007 517 787 786 
5008 475 506 505 
5009 2392 2460 2391 
5010 1582 1593 1558 
5011 2149 3630 2151 
5012 3466 3679 3467 
5013 2246 2248 2247 
5014 2126 3727 2424 
5015 1760 1836 1747 
5016 893 894 884 
5017 3334 3335 3333 
5018 2041 2795 2042 
5019 1944 3775 2616 
5020 989 3851 1524 
5021 2067 4169 2731 
5022 1908 2017 1907 
5023 2591 2593 2592 
5024 3157 3611 1701 
5025 1655 2176 1151 
5026 2465 2466 1865 
5027 1790 2098 1789 
5028 71 315 72 
5029 5 319 6 
5030 55 320 56 
5031 80 317 81 
5032 96 314 97 
5033 30 316 31 
5034 46 313 47 
5035 21 318 22 
5036 1342 1344 1343 
5037 1107 3597 1110 
5038 3863 3997 1530 
5039 1794 3656 1731 
5040 2325 2327 1912 
5041 1855 2115 1725 
5042 702 3692 1682 
5043 927 929 928 
5044 732 734 731 
5045 884 1070 883 
5046 2165 3650 2268 
5047 1213 1419 1214 
5048 3384 3698 329 
5049 996 997 995 
5050 1102 3660 1103 
5051 735 736 734 
5052 1368 1452 1366 
5053 3037 3216 2267 
5054 1675 2433 1868 
5055 486 487 485 
5056 1850 1942 1941 
5057 2112 3730 2326 
5058 2514 2516 2515 
5059 1394 3606 1391 
5060 1636 1859 1635 
5061 100 326 1 
5062 75 325 76 
5063 25 328 26 
5064 50 327 51 
5065 3370 4162 3371 
5066 1262 1283 1263 
5067 1190 1191 1189 
5068 1876 2379 2378 
5069 1980 2211 1978 
5070 416 3684 281 
5071 2018 2019 1705 
5072 2510 3583 2511 
5073 238 3888 237 
5074 1222 1225 1224 
5075 2011 3572 2089 
5076 2820 2823 2822 
5077 1837 2041 1836 
5078 2497 2498 1899 
5079 3414 4095 3223 
5080 1363 3666 1362 
5081 62 437 63 
5082 3407 4608 4404 
5083 899 900 898 
5084 1400 3570 1399 
5085 1554 1556 1555 
5086 1018 1020 1019 
5087 2839 2840 2837 
5088 699 700 697 
5089 89 2919 90 
5090 508 510 509 
5091 2558 4311 2381 
5092 2887 2889 2888 
5093 556 557 555 
5094 12 2828 13 
5095 4076 4111 2559 
5096 2065 3700 2802 
5097 37 2830 38 
5098 558 559 557 
5099 737 739 736 
5100 626 627 625 
5101 1316 1317 1315 
5102 1133 3636 1134 
5103 64 3108 65 
5104 66 2858 67 
5105 2817 2819 2818 
5106 392 3422 2929 
5107 1833 1835 1641 
5108 634 635 632 
5109 1710 4194 1188 
5110 2496 2781 2780 
5111 91 2877 92 
5112 16 2871 17 
5113 1348 1779 1703 
5114 1390 1477 1387 
5115 518 4027 3889 
5116 1272 1275 1274 
5117 1318 1319 1317 
5118 2098 2336 1789 
5119 1573 3712 1443 
5120 1972 1973 1794 
5121 857 878 859 
5122 1942 2496 2399 
5123 15 372 16 
5124 40 379 41 
5125 65 369 66 
5126 90 380 91 
5127 1593 1908 1907 
5128 1283 1302 1284 
5129 2190 2193 2192 
5130 771 4291 3162 
5131 560 561 559 
5132 506 508 507 
5133 2387 3571 2388 
5134 11 378 12 
5135 61 371 62 
5136 36 381 37 
5137 86 370 87 
5138 1758 1871 1580 
5139 2756 3632 2123 
5140 2791 4596 1905 
5141 488 489 487 
5142 468 471 470 
5143 1247 1248 1237 
5144 1366 3666 1363 
5145 1847 3633 2328 
5146 689 690 687 
5147 1839 3632 1840 
5148 3913 3914 3072 
5149 490 491 489 
5150 2136 2246 2245 
5151 1671 1672 1289 
5152 1840 3632 2318 
5153 1670 3801 3181 
5154 628 629 627 
5155 820 3833 3446 
5156 787 806 788 
5157 3094 4700 3096 
5158 33 2876 34 
5159 1624 1821 1820 
5160 18 2922 19 
5161 2841 2842 2840 
5162 1731 3656 1730 
5163 1620 3641 1765 
5164 684 686 683 
5165 2626 2628 2263 
5166 1288 1289 832 
5167 705 706 703 
5168 1528 3641 1620 
5169 3221 4095 3252 
5170 1192 1193 1191 
5171 1575 1576 1416 
5172 32 3978 374 
5173 355 4108 3490 
5174 1833 2283 1835 
5175 750 751 748 
5176 1243 1245 1244 
5177 901 902 900 
5178 648 649 646 
5179 1844 3647 2080 
5180 1357 3674 1356 
5181 1420 1478 745 
5182 2220 3745 2223 
5183 1908 3701 2142 
5184 1362 1585 1360 
5185 56 2924 57 
5186 20 2897 21 
5187 1821 2317 1820 
5188 2267 3600 2266 
5189 2542 4568 4343 
5190 70 2904 71 
5191 852 884 883 
5192 1750 3649 2299 
5193 3261 4297 3260 
5194 2170 3710 3619 
5195 1344 3523 1343 
5196 2673 2675 2674 
5197 644 645 642 
5198 998 999 997 
5199 1314 1910 1316 
5200 1404 3569 1403 
5201 1551 1580 1477 
5202 94 386 95 
5203 44 384 45 
5204 19 375 20 
5205 69 373 70 
5206 1354 3681 1351 
5207 852 883 851 
5208 1640 1641 1482 
5209 904 905 902 
5210 1747 3622 1746 
5211 929 932 931 
5212 1925 2428 1919 
5213 806 829 807 
5214 57 376 58 
5215 32 374 33 
5216 82 387 83 
5217 7 377 8 
5218 769 3471 768 
5219 22 2930 23 
5220 1643 1694 1432 
5221 2788 3982 2022 
5222 578 1435 564 
5223 1075 1076 1073 
5224 1408 3582 1407 
5225 2142 2502 2043 
5226 834 851 833 
5227 3591 3809 2951 
5228 2831 2853 2830 
5229 671 3734 667 
5230 1717 1789 1716 
5231 1305 1308 1307 
5232 1100 1481 1102 
5233 3340 3341 3339 
5234 41 3586 42 
5235 24 2912 25 
5236 35 2980 36 
5237 1972 1974 1973 
5238 1070 1451 1279 
5239 1842 3647 1844 
5240 1763 3635 1824 
5241 213 3663 212 
5242 640 641 638 
5243 2849 2850 2847 
5244 593 595 594 
5245 829 853 830 
5246 114 3695 418 
5247 1160 1161 1063 
5248 746 1420 745 
5249 448 451 450 
5250 3610 3667 835 
5251 2491 4121 3637 
5252 630 631 629 
5253 58 3455 59 
5254 1640 1833 1641 
5255 1889 2001 1888 
5256 576 583 580 
5257 492 493 491 
5258 1974 2673 1973 
5259 381 2832 2831 
5260 2338 2387 2339 
5261 1821 2332 2317 
5262 3560 3717 897 
5263 1219 1221 1220 
5264 3319 3755 2489 
5265 1120 1474 1123 
5266 2078 2955 2630 
5267 3060 3617 3058 
5268 1431 1644 1643 
5269 23 389 24 
5270 73 390 74 
5271 48 392 49 
5272 98 391 99 
5273 1606 3654 2122 
5274 829 830 807 
5275 3485 3820 1115 
5276 1362 2136 1585 
5277 68 2982 69 
5278 595 597 596 
5279 1333 3631 1334 
5280 3390 3464 3387 
5281 1234 4647 3877 
5282 29 2910 30 
5283 1702 3785 3367 
5284 1857 1926 1856 
5285 519 520 515 
5286 79 2900 80 
5287 1771 4105 1850 
5288 675 3638 674 
5289 2610 2944 2609 
5290 1948 2330 2302 
5291 1228 1229 1164 
5292 1594 1796 1788 
5293 3403 4162 2342 
5294 1103 3660 1106 
5295 2511 3583 2514 
5296 2651 4667 4010 
5297 3756 4424 3520 
5298 1302 1304 1303 
5299 754 3593 752 
5300 461 462 459 
5301 855 910 909 
5302 932 934 933 
5303 352 3719 275 
5304 1557 1582 1558 
5305 1986 1988 1984 
5306 1000 1001 999 
5307 2783 4662 2729 
5308 1719 1948 1934 
5309 1194 1195 1193 
5310 1481 1640 1482 
5311 93 3073 94 
5312 2428 2429 1919 
5313 1068 1069 916 
5314 3020 3022 3021 
5315 1491 4417 3174 
5316 4413 4554 3760 
5317 1617 3641 1528 
5318 2744 4556 2745 
5319 1509 1719 1718 
5320 1225 1271 1226 
5321 1927 2389 1926 
5322 2859 2860 311 
5323 1940 2338 2178 
5324 2246 2247 2245 
5325 1273 4232 3522 
5326 1644 1866 1865 
5327 1057 1509 1508 
5328 10 3365 11 
5329 906 907 905 
5330 910 1057 1056 
5331 3619 3710 2447 
5332 2622 3616 1817 
5333 2214 3751 1830 
5334 1587 1609 1296 
5335 2248 2357 2247 
5336 806 807 788 
5337 1924 2547 1922 
5338 3603 3813 1472 
5339 666 2459 1487 
5340 872 1878 853 
5341 2194 3653 2607 
5342 1886 1913 1885 
5343 2151 3630 2154 
5344 1474 2454 1921 
5345 1481 1482 1102 
5346 1583 1746 1582 
5347 2654 4378 2655 
5348 2371 2621 2620 
5349 2635 2651 2336 
5350 918 979 948 
5351 259 3918 360 
5352 1311 1314 1313 
5353 2872 2873 2871 
5354 2098 2635 2336 
5355 1991 3801 1696 
5356 2388 3571 2510 
5357 2973 2974 2808 
5358 3459 3796 2507 
5359 3364 4543 2624 
5360 3239 3245 3242 
5361 1765 3635 1763 
5362 2302 2360 1934 
5363 1769 2027 1951 
5364 2786 4315 4230 
5365 775 798 797 
5366 2305 2609 2002 
5367 1556 1557 1555 
5368 2127 2680 2679 
5369 652 654 650 
5370 772 775 774 
5371 308 3050 2981 
5372 1799 3654 1517 
5373 2055 3196 2536 
5374 1718 1720 1508 
5375 798 818 817 
5376 921 1674 1083 
5377 28 383 29 
5378 78 382 79 
5379 53 388 54 
5380 3 385 4 
5381 2130 2132 2131 
5382 517 785 516 
5383 786 811 785 
5384 2440 4133 2438 
5385 525 526 523 
5386 2275 2367 2222 
5387 1445 3757 1619 
5388 3553 3898 3689 
5389 2133 2398 1989 
5390 768 772 770 
5391 804 823 813 
5392 2 2935 3 
5393 2260 2261 1634 
5394 2123 3632 1839 
5395 823 842 835 
5396 3685 3886 1420 
5397 1099 4407 4322 
5398 1275 1559 1276 
5399 842 857 848 
5400 2363 2364 2362 
5401 2674 3656 1973 
5402 1351 3681 1350 
5403 2144 2662 2129 
5404 1319 3696 1321 
5405 3794 4045 3391 
5406 2131 2443 2175 
5407 1796 2347 1994 
5408 1313 3700 1347 
5409 1110 3597 1421 
5410 575 2266 574 
5411 1153 1154 1079 
5412 1124 3579 1128 
5413 740 741 739 
5414 457 838 825 
5415 562 563 561 
5416 908 937 907 
5417 2286 2580 1786 
5418 1859 2060 1635 
5419 695 1292 694 
5420 1051 1072 1050 
5421 481 502 480 
5422 817 819 797 
5423 474 2224 472 
5424 1318 1327 1319 
5425 1139 1460 1133 
5426 2042 3622 1836 
5427 27 3427 28 
5428 2878 2879 310 
5429 909 911 856 
5430 857 859 848 
5431 842 848 835 
5432 787 788 786 
5433 855 856 841 
5434 2365 2376 2364 
5435 1552 3648 1892 
5436 494 495 493 
5437 823 835 813 
5438 496 497 495 
5439 1002 1003 1001 
5440 2246 3885 2249 
5441 711 713 712 
5442 840 841 819 
5443 878 3634 890 
5444 1298 3775 1687 
5445 498 500 497 
5446 1554 1555 1327 
5447 1309 1439 1438 
5448 2061 2774 2060 
5449 1516 3654 1606 
5450 2192 3735 2188 
5451 3241 4093 3247 
5452 938 1062 937 
5453 1096 1165 1098 
5454 1892 3649 1638 
5455 444 1749 446 
5456 658 3786 660 
5457 830 834 833 
5458 1356 2130 1700 
5459 1550 3703 1805 
5460 2664 4665 3319 
5461 1403 3570 1400 
5462 1356 1700 1354 
5463 3109 4352 1265 
5464 774 1497 770 
5465 1316 1318 1317 
5466 576 585 583 
5467 2268 3650 3178 
5468 2601 3592 2457 
5469 2689 4280 4259 
5470 3235 3243 3237 
5471 2083 3755 1745 
5472 742 745 741 
5473 2736 3917 2764 
5474 3576 3696 1327 
5475 780 804 796 
5476 1914 2431 1913 
5477 74 3489 75 
5478 1090 1235 1092 
5479 481 2213 503 
5480 3193 3869 2125 
5481 1674 1675 1083 
5482 2136 2245 1585 
5483 301 2803 39 
5484 804 813 796 
5485 3253 4655 140 
5486 636 637 635 
5487 503 516 502 
5488 2532 4648 3125 
5489 510 512 511 
5490 1908 2043 2017 
5491 1716 1869 1601 
5492 928 930 926 
5493 303 2829 14 
5494 2339 3929 2178 
5495 2044 3814 3214 
5496 591 592 589 
5497 3231 3244 3233 
5498 1737 2372 1735 
5499 3678 4601 2040 
5500 1444 1534 1446 
5501 3497 4642 3017 
5502 2475 2569 1970 
5503 752 779 751 
5504 2318 3647 1842 
5505 3160 3611 3157 
5506 3604 3658 894 
5507 1784 1918 1739 
5508 1869 2579 2240 
5509 1957 2576 1958 
5510 1461 1601 1460 
5511 2285 3676 2534 
5512 2477 2723 2476 
5513 2659 3739 1877 
5514 834 852 851 
5515 1567 3720 2144 
5516 585 780 778 
5517 533 534 531 
5518 1954 2585 1955 
5519 3354 3889 2046 
5520 2455 4364 3215 
5521 1407 3569 1404 
5522 306 2892 60 
5523 2028 2031 2030 
5524 4432 4700 3094 
5525 844 1757 871 
5526 661 663 659 
5527 2443 2618 2444 
5528 1428 3662 1564 
5529 77 3031 78 
5530 1936 2402 1935 
5531 1830 3751 1827 
5532 2253 2413 1816 
5533 1973 3656 1794 
5534 1561 2286 1786 
5535 2256 3907 3777 
5536 1638 3649 1750 
5537 1146 4673 3256 
5538 512 586 513 
5539 1130 1139 1133 
5540 882 1480 915 
5541 1045 3634 878 
5542 463 2135 466 
5543 1360 3674 1357 
5544 370 2921 87 
5545 1836 3622 1747 
5546 309 2856 43 
5547 927 928 926 
5548 864 919 917 
5549 2737 2741 2214 
5550 864 917 865 
5551 1314 1316 1315 
5552 3262 4167 401 
5553 3245 3253 3246 
5554 1196 1197 1195 
5555 3562 3710 2170 
5556 586 783 587 
5557 3661 4464 3503 
5558 517 786 785 
5559 2186 3691 2477 
5560 849 864 850 
5561 2184 2185 1823 
5562 701 1293 700 
5563 2186 2476 2185 
5564 1728 1953 1649 
5565 1323 1341 1325 
5566 2120 3644 1556 
5567 813 3667 814 
5568 3216 3600 2267 
5569 1301 4223 845 
5570 780 796 778 
5571 1674 1919 1675 
5572 2416 2560 2415 
5573 2253 3616 2770 
5574 1692 3744 1690 
5575 657 1489 655 
5576 1754 1755 1478 
5577 3227 3251 3229 
5578 779 2414 751 
5579 1431 1643 1432 
5580 3849 3922 1292 
5581 2379 3771 3617 
5582 1008 1009 1006 
5583 943 1610 1458 
5584 755 4263 782 
5585 601 1486 599 
5586 2018 2652 2334 
5587 979 1506 1505 
5588 580 3690 573 
5589 2919 4631 380 
5590 1488 3925 3741 
5591 1144 1431 1145 
5592 319 2907 6 
5593 1506 1902 1901 
5594 1012 1013 1010 
5595 2465 2665 2466 
5596 1162 2187 1161 
5597 1922 1923 1755 
5598 1482 3660 1102 
5599 2218 2219 1766 
5600 1859 2061 2060 
5601 1420 1754 1478 
5602 473 476 474 
5603 1434 3648 1552 
5604 1004 1005 1003 
5605 741 743 739 
5606 1144 3741 3613 
5607 537 579 535 
5608 1456 1597 1596 
5609 2377 2549 2376 
5610 1411 3582 1408 
5611 317 2909 81 
5612 1461 1716 1601 
5613 314 2899 97 
5614 476 478 477 
5615 2431 2490 1913 
5616 919 1456 1455 
5617 2791 4633 1269 
5618 1452 3666 1366 
5619 313 2898 47 
5620 2183 2570 2181 
5621 478 504 479 
5622 1753 3815 1653 
5623 1506 1901 1900 
5624 3320 4636 1159 
5625 924 925 923 
5626 478 479 477 
5627 957 1488 955 
5628 2771 4548 333 
5629 377 2925 8 
5630 666 1487 664 
5631 2681 2684 2683 
5632 2038 3796 2036 
5633 1817 2253 1816 
5634 2636 2637 2367 
5635 1061 1146 1067 
5636 1086 1485 1088 
5637 1521 3634 1045 
5638 585 778 583 
5639 315 2906 72 
5640 2924 3903 376 
5641 2334 2708 2644 
5642 2447 3710 2800 
5643 831 849 836 
5644 3553 3689 1477 
5645 642 3723 641 
5646 687 3720 686 
5647 1819 3785 1702 
5648 3456 4134 166 
5649 3394 4371 1370 
5650 2008 2970 2006 
5651 1904 2289 2288 
5652 2194 2606 2191 
5653 673 891 596 
5654 1599 1822 1597 
5655 1902 1904 1903 
5656 3496 3677 3088 
5657 1139 1461 1460 
5658 2040 4601 4544 
5659 1460 3636 1133 
5660 1077 1291 1076 
5661 521 1448 520 
5662 2866 2868 2867 
5663 1186 4295 1710 
5664 1426 3662 1428 
5665 2823 2825 2824 
5666 471 473 472 
5667 574 576 573 
5668 563 565 561 
5669 572 574 573 
5670 838 861 839 
5671 2198 3697 2061 
5672 1248 3642 1250 
5673 3464 3698 3387 
5674 929 931 928 
5675 2184 3951 2186 
5676 1797 2196 2195 
5677 327 2913 51 
5678 1685 3648 1434 
5679 2065 2802 2410 
5680 501 514 500 
5681 2621 2932 2642 
5682 2130 2131 1700 
5683 945 1479 1054 
5684 1754 1922 1755 
5685 1674 3694 1925 
5686 1348 1454 1333 
5687 3345 4347 3347 
5688 875 1463 504 
5689 1138 4017 3190 
5690 476 477 474 
5691 1230 1514 1229 
5692 2307 4627 2787 
5693 1289 1891 832 
5694 2196 2284 2197 
5695 3000 3002 3001 
5696 392 2928 49 
5697 1412 3718 1411 
5698 3087 3680 3496 
5699 911 1450 973 
5700 503 517 516 
5701 674 1577 1467 
5702 2209 2210 1772 
5703 1454 3631 1333 
5704 3518 4147 1719 
5705 667 3734 666 
5706 1356 3674 2130 
5707 1644 1865 1643 
5708 2220 2221 2219 
5709 2227 3590 1618 
5710 1169 1170 1157 
5711 1416 3718 1412 
5712 1931 2545 2509 
5713 2613 3809 3630 
5714 1115 3820 1111 
5715 1134 3636 1137 
5716 932 933 931 
5717 2587 2589 2588 
5718 394 3802 171 
5719 572 573 570 
5720 328 2915 26 
5721 2738 3896 2737 
5722 638 3753 637 
5723 2284 2714 2285 
5724 3618 3736 778 
5725 1203 1204 1200 
5726 888 1491 886 
5727 2384 4122 2503 
5728 934 1144 933 
5729 2711 3706 2674 
5730 2276 2638 2237 
5731 569 572 570 
5732 2481 2482 2480 
5733 1779 1816 1703 
5734 1929 2427 1928 
5735 4010 4667 406 
5736 2061 2775 2774 
5737 2241 4021 2239 
5738 1866 2465 1865 
5739 683 3765 679 
5740 937 939 907 
5741 674 3638 1577 
5742 1577 1853 1705 
5743 605 680 603 
5744 468 470 469 
5745 3577 3981 3891 
5746 1807 3894 3584 
5747 1576 1657 1416 
5748 2861 2866 2863 
5749 388 2934 54 
5750 527 776 526 
5751 2825 2827 2826 
5752 1931 2509 2508 
5753 564 3750 563 
5754 385 2933 4 
5755 1940 2442 2338 
5756 2104 2456 2103 
5757 1893 2103 1815 
5758 2457 2785 2456 
5759 1631 1632 1514 
5760 1703 1734 1454 
5761 1813 1815 1632 
5762 1867 1931 1930 
5763 479 481 480 
5764 2545 2791 2587 
5765 382 2902 2901 
5766 545 571 543 
5767 2281 3290 2744 
5768 1317 3669 1315 
5769 1722 3655 1636 
5770 961 1238 959 
5771 569 570 567 
5772 2771 4601 4548 
5773 1281 1791 1239 
5774 892 923 891 
5775 2384 2385 2382 
5776 566 3750 2145 
5777 637 1449 635 
5778 2018 2334 2019 
5779 3744 3916 2320 
5780 1007 4099 1008 
5781 470 475 469 
5782 4255 4652 2082 
5783 1696 3801 1670 
5784 1139 3761 3555 
5785 1562 3753 2177 
5786 1439 1441 1440 
5787 917 3766 918 
5788 2606 2608 2191 
5789 572 3686 575 
5790 2074 2537 2430 
5791 325 2916 76 
5792 2145 3686 569 
5793 2664 3319 2489 
5794 468 469 467 
5795 2598 2599 2210 
5796 1018 1019 1016 
5797 1441 1605 1442 
5798 2178 3718 1657 
5799 351 4139 177 
5800 924 926 925 
5801 3811 3905 2492 
5802 1140 1525 1213 
5803 460 461 459 
5804 566 569 567 
5805 597 673 596 
5806 473 474 472 
5807 1610 1777 1611 
5808 2550 4349 2048 
5809 425 3956 3540 
5810 810 832 831 
5811 563 566 565 
5812 176 4139 404 
5813 1610 2243 1777 
5814 1777 1867 1778 
5815 2437 2439 2438 
5816 2701 3836 1975 
5817 2187 2188 1161 
5818 2313 2432 1965 
5819 723 738 721 
5820 2470 2639 2278 
5821 2389 2719 1926 
5822 2459 2704 1487 
5823 1198 1199 1197 
5824 2444 3960 2175 
5825 861 949 862 
5826 715 744 713 
5827 1734 2481 2480 
5828 2141 3648 1685 
5829 1576 1856 1657 
5830 731 733 729 
5831 595 596 594 
5832 1304 3739 1305 
5833 902 903 900 
5834 2086 2720 1991 
5835 1081 1247 1237 
5836 965 1493 963 
5837 2565 2566 2564 
5838 2244 3879 1627 
5839 566 567 565 
5840 707 1569 706 
5841 849 3714 864 
5842 2766 3785 2138 
5843 2438 3848 1498 
5844 811 3694 921 
5845 1430 3662 1426 
5846 645 3723 642 
5847 1063 3735 1062 
5848 365 4400 3445 
5849 2000 4349 2306 
5850 3306 4070 3305 
5851 83 3876 84 
5852 1155 1295 1154 
5853 894 3658 884 
5854 481 503 502 
5855 440 820 442 
5856 2804 2808 2806 
5857 1222 3742 1225 
5858 711 712 709 
5859 847 3609 827 
5860 919 1455 917 
5861 2851 3318 2850 
5862 3132 4052 3907 
5863 895 3481 843 
5864 727 1495 725 
5865 1944 2616 2543 
5866 458 460 459 
5867 1636 3655 1859 
5868 2456 2724 2103 
5869 460 464 461 
5870 1315 3700 1313 
5871 2253 2769 2413 
5872 1948 2302 1934 
5873 779 2415 2414 
5874 1539 1667 1541 
5875 1856 1940 1657 
5876 1387 3689 1384 
5877 2995 3784 2994 
5878 3001 3784 2998 
5879 1221 3742 1222 
5880 1330 1348 1333 
5881 1815 1875 1632 
5882 1719 1934 1718 
5883 593 594 592 
5884 736 1501 734 
5885 1509 1718 1508 
5886 553 568 551 
5887 2439 2668 2440 
5888 1456 1596 1455 
5889 4197 4292 2565 
5890 910 1056 909 
5891 3067 3069 3065 
5892 1700 3681 1354 
5893 3465 4697 1306 
5894 2351 2392 2391 
5895 455 458 456 
5896 3091 3101 3089 
5897 758 771 756 
5898 3969 4047 2548 
5899 1201 4038 3847 
5900 458 459 456 
5901 2140 2766 2138 
5902 541 1490 539 
5903 805 4207 550 
5904 1057 1508 1056 
5905 1557 3644 1583 
5906 2175 3681 1700 
5907 2195 3808 1470 
5908 1671 3668 1672 
5909 1805 3703 2078 
5910 1725 3679 1723 
5911 2189 2190 2188 
5912 2479 3997 3863 
5913 1149 1668 1147 
5914 892 924 923 
5915 1912 3668 1671 
5916 798 817 797 
5917 980 1595 975 
5918 969 1496 967 
5919 1902 1903 1901 
5920 448 450 449 
5921 775 797 774 
5922 2476 2571 2185 
5923 632 3781 631 
5924 1904 2288 1903 
5925 2222 3780 2221 
5926 586 784 783 
5927 3187 4364 3184 
5928 467 3627 465 
5929 1327 3696 1319 
5930 463 465 462 
5931 471 472 470 
5932 475 1637 506 
5933 1150 4200 1706 
5934 557 1616 555 
5935 674 1467 671 
5936 1534 1618 1535 
5937 2835 2836 2833 
5938 855 909 856 
5939 1419 3830 1214 
5940 466 467 465 
5941 2229 2958 2582 
5942 466 468 467 
5943 594 1773 592 
5944 679 3765 678 
5945 840 855 841 
5946 1618 3590 1535 
5947 1514 1515 1229 
5948 2031 2298 2032 
5949 2584 3772 2583 
5950 508 877 510 
5951 613 773 611 
5952 1681 3836 1679 
5953 772 774 770 
5954 2226 2229 2227 
5955 2340 2627 2341 
5956 1362 3666 2136 
5957 1630 1889 1888 
5958 884 3658 1070 
5959 2973 2975 2974 
5960 3341 3342 3339 
5961 2757 4112 2921 
5962 817 840 819 
5963 1231 1532 1433 
5964 752 3593 779 
5965 1556 3644 1557 
5966 719 1504 717 
5967 1334 3631 1337 
5968 3341 3344 3342 
5969 1275 2200 1559 
5970 1562 1814 1748 
5971 3070 4195 1264 
5972 2504 2505 2386 
5973 2395 2564 2394 
5974 3741 3925 3613 
5975 1575 3671 1576 
5976 1225 1565 1271 
5977 694 3783 691 
5978 100 4066 326 
5979 1252 1278 1254 
5980 3162 4253 3158 
5981 1243 1244 1210 
5982 1024 1469 1022 
5983 1814 2553 1957 
5984 621 781 619 
5985 3016 3497 3017 
5986 3376 4232 1274 
5987 1771 1849 1662 
5988 1205 1267 1204 
5989 2741 3751 2214 
5990 1219 2265 1221 
5991 2854 2855 1994 
5992 1014 1465 1013 
5993 810 831 809 
5994 3552 4575 3551 
5995 1817 3616 2253 
5996 2684 2686 2685 
5997 1467 3734 671 
5998 451 453 452 
5999 784 810 809 
6000 440 441 439 
6001 1050 3817 1044 
6002 637 1562 1449 
6003 1770 3671 1575 
6004 678 3638 675 
6005 1850 1941 1849 
6006 446 448 447 
6007 2017 3678 2040 
6008 1853 2018 1705 
6009 1448 1579 520 
6010 3873 3943 1291 
6011 994 4321 1568 
6012 514 1603 500 
6013 165 4134 322 
6014 453 455 454 
6015 936 1290 922 
6016 631 1498 629 
6017 1562 1748 1449 
6018 1111 3820 1113 
6019 454 1795 452 
6020 1814 1957 1748 
6021 2113 4565 3983 
6022 924 3732 927 
6023 2988 3664 2992 
6024 1339 1530 1342 
6025 4402 4516 3538 
6026 1177 1208 1175 
6027 768 770 766 
6028 2545 2587 2509 
6029 609 1502 607 
6030 1272 3791 1275 
6031 2597 3459 2507 
6032 4092 4329 2077 
6033 3252 4118 3219 
6034 2481 2538 2482 
6035 1565 3742 2184 
6036 1565 1647 1271 
6037 1348 1703 1454 
6038 1577 1705 1467 
6039 1889 2258 2002 
6040 2437 2441 2439 
6041 3628 3783 1466 
6042 2317 3675 2751 
6043 2880 2883 2882 
6044 2714 3676 2285 
6045 690 3720 687 
6046 2187 2189 2188 
6047 2748 2749 2292 
6048 1942 2399 1941 
6049 306 2894 2893 
6050 491 828 489 
6051 2280 4104 2422 
6052 686 1566 683 
6053 617 1500 615 
6054 499 4532 4461 
6055 2599 2786 2210 
6056 2189 2191 2190 
6057 1214 3830 1216 
6058 3630 3809 2154 
6059 673 892 891 
6060 1271 3791 1272 
6061 455 456 454 
6062 204 3973 203 
6063 155 3972 154 
6064 106 3974 105 
6065 253 3975 252 
6066 784 809 783 
6067 1511 3815 1510 
6068 627 792 625 
6069 2200 2201 1559 
6070 3036 4582 4140 
6071 2291 2292 2201 
6072 1161 3735 1063 
6073 762 1544 760 
6074 1613 3749 1659 
6075 1823 1882 1647 
6076 2496 2780 2399 
6077 1510 3646 1245 
6078 1941 2308 1849 
6079 549 1513 547 
6080 686 1567 1566 
6081 2409 3072 3071 
6082 2258 2349 2305 
6083 835 3667 813 
6084 2958 4657 822 
6085 2686 2688 2687 
6086 3173 4625 2213 
6087 1499 1858 1613 
6088 949 1151 977 
6089 2806 2807 2805 
6090 2305 2610 2609 
6091 691 3783 690 
6092 2291 2748 2292 
6093 1171 1462 1170 
6094 2091 2356 2093 
6095 2720 3801 1991 
6096 2079 4688 3397 
6097 446 447 445 
6098 497 499 495 
6099 448 449 447 
6100 450 457 449 
6101 2235 2417 2233 
6102 834 3704 3626 
6103 1585 3674 1360 
6104 485 1055 483 
6105 641 3753 638 
6106 1978 3845 1855 
6107 1565 1823 1647 
6108 2154 3809 3591 
6109 2200 2291 2201 
6110 1043 2316 1512 
6111 2332 3675 2317 
6112 1593 3701 1908 
6113 2329 2656 2315 
6114 2457 3592 2785 
6115 1292 1466 694 
6116 2554 2615 2205 
6117 2142 3912 2712 
6118 2832 2834 2833 
6119 1070 3658 1451 
6120 3620 3715 788 
6121 1567 2129 1811 
6122 1699 4200 1148 
6123 1384 3689 1386 
6124 1754 3886 1924 
6125 1247 1634 1248 
6126 746 3685 1420 
6127 391 4066 99 
6128 1582 3701 1593 
6129 505 3967 469 
6130 2202 2203 1603 
6131 1762 3471 769 
6132 1247 2259 1634 
6133 1039 2453 1019 
6134 438 440 439 
6135 461 463 462 
6136 3596 3909 3829 
6137 2950 4504 428 
6138 1772 2354 1579 
6139 2204 2205 2203 
6140 631 2436 1498 
6141 554 4261 789 
6142 1256 1507 1258 
6143 1415 3875 3204 
6144 695 3849 1292 
6145 1293 2418 700 
6146 1020 1039 1019 
6147 2809 2810 2807 
6148 512 3769 586 
6149 442 443 441 
6150 3385 4100 3386 
6151 463 466 465 
6152 2467 3766 1455 
6153 3000 3001 2998 
6154 2070 2701 1975 
6155 2221 2366 2219 
6156 2229 2959 2958 
6157 3016 3017 3013 
6158 1889 2002 2001 
6159 1044 3817 1043 
6160 3336 3897 3335 
6161 444 446 445 
6162 2834 2837 2835 
6163 1030 1036 1028 
6164 2262 2362 2263 
6165 2905 4222 2904 
6166 444 445 443 
6167 402 4168 269 
6168 514 2202 1603 
6169 1954 2586 2585 
6170 2530 3748 2504 
6171 1735 3744 1692 
6172 1462 2242 1170 
6173 1594 3646 1796 
6174 1448 1772 1579 
6175 953 1503 951 
6176 2573 4230 1227 
6177 1788 1812 1787 
6178 3847 4038 3867 
6179 583 3736 584 
6180 2128 3732 892 
6181 1267 1470 1204 
6182 2254 4006 1915 
6183 2734 4597 2751 
6184 1185 1201 1183 
6185 1435 3750 564 
6186 1076 3825 1073 
6187 1885 3655 1722 
6188 2695 2700 2698 
6189 635 3781 632 
6190 1465 1472 1013 
6191 2202 2204 2203 
6192 985 1166 983 
6193 2204 2554 2205 
6194 268 4168 336 
6195 1664 3922 1936 
6196 3939 4008 1902 
6197 2376 2779 2364 
6198 2129 2264 1811 
6199 1292 1664 1466 
6200 2259 2262 2260 
6201 1262 1574 1283 
6202 1796 1994 1788 
6203 3233 3721 3235 
6204 584 3708 1311 
6205 1664 1935 1665 
6206 2181 3728 1866 
6207 2405 2666 2274 
6208 1245 1594 1244 
6209 1567 1811 1566 
6210 563 3750 566 
6211 1037 1042 1034 
6212 2462 2528 2527 
6213 2369 2657 2555 
6214 1569 2216 706 
6215 1876 3871 2379 
6216 3156 4058 3161 
6217 2660 3561 2321 
6218 1202 4148 1203 
6219 2409 3071 2407 
6220 2297 3900 2494 
6221 748 3685 746 
6222 355 4068 3900 
6223 451 452 450 
6224 4306 4478 493 
6225 1005 1627 1003 
6226 1200 3808 1199 
6227 3008 3018 3006 
6228 1594 1787 1244 
6229 1043 1512 1040 
6230 3272 3944 343 
6231 2347 2854 1994 
6232 1047 1494 870 
6233 1477 3689 1387 
6234 838 913 861 
6235 2880 2881 2879 
6236 3537 4044 110 
6237 1164 3693 1162 
6238 1010 3813 1009 
6239 1723 3679 3466 
6240 3237 3726 3239 
6241 2221 2369 2366 
6242 793 4025 3071 
6243 2327 3668 1912 
6244 1935 1937 1665 
6245 2436 2437 1498 
6246 1534 2225 1618 
6247 2115 3679 1725 
6248 1793 4032 1971 
6249 1308 3826 1309 
6250 925 3688 1561 
6251 3644 3868 1759 
6252 1318 3737 1554 
6253 1662 1954 1533 
6254 1439 1661 1441 
6255 2196 2493 2284 
6256 1216 3830 1219 
6257 2539 4598 2828 
6258 1181 1526 1179 
6259 1473 1533 1472 
6260 3229 3733 3231 
6261 2910 4273 316 
6262 1302 1876 1304 
6263 1664 1665 1466 
6264 1073 3825 1072 
6265 1657 3718 1416 
6266 2049 2348 2051 
6267 1904 4008 2290 
6268 453 454 452 
6269 2731 4323 1949 
6270 1293 3366 2418 
6271 3577 3891 3696 
6272 949 1527 1151 
6273 3895 4021 1525 
6274 3412 4363 3411 
6275 1197 1492 1195 
6276 868 3609 847 
6277 325 2918 2917 
6278 1279 3722 1624 
6279 2336 3702 1789 
6280 1742 4389 1182 
6281 1876 1877 1304 
6282 918 3766 979 
6283 2804 2806 2805 
6284 1191 1484 1189 
6285 1746 3701 1582 
6286 2043 3678 2017 
6287 1042 4113 2961 
6288 995 1300 993 
6289 853 3704 830 
6290 1006 3846 1005 
6291 2367 3780 2222 
6292 2019 3932 1705 
6293 1305 3739 1308 
6294 1295 2423 1154 
6295 2425 3999 3935 
6296 955 3741 934 
6297 1291 1475 1076 
6298 520 3827 515 
6299 989 1524 987 
6300 921 3694 1674 
6301 407 4577 3456 
6302 2078 3703 2955 
6303 864 3714 919 
6304 573 3690 570 
6305 2369 2555 2366 
6306 1855 3845 2115 
6307 637 3753 1562 
6308 1001 1563 999 
6309 666 3734 2459 
6310 2414 3886 3685 
6311 1527 1766 1655 
6312 1628 3846 2313 
6313 2378 2658 1877 
6314 4458 4587 2544 
6315 2213 4393 3173 
6316 2225 2228 2226 
6317 1309 3826 1439 
6318 2861 2862 2860 
6319 2863 2864 2862 
6320 4192 4407 1104 
6321 1072 1476 1050 
6322 1570 1797 1470 
6323 1789 3702 1716 
6324 2074 2430 2072 
6325 1217 4182 1215 
6326 1072 2212 1476 
6327 1299 3883 3551 
6328 1624 3722 1821 
6329 2211 3845 1978 
6330 2810 2814 2812 
6331 2941 3940 2940 
6332 697 3849 695 
6333 2574 3671 1770 
6334 2605 2762 2761 
6335 1116 3880 1122 
6336 2466 3794 1865 
6337 1965 2287 1873 
6338 46 4120 313 
6339 2551 3023 2216 
6340 1162 3693 2187 
6341 245 4123 3623 
6342 2429 3707 1919 
6343 322 4165 164 
6344 523 3705 521 
6345 2053 3103 2747 
6346 1473 1662 1533 
6347 1128 3761 1130 
6348 783 3746 587 
6349 442 444 443 
6350 1751 1753 1653 
6351 480 3747 477 
6352 2258 2305 2002 
6353 1291 1677 1475 
6354 701 3862 1293 
6355 569 3686 572 
6356 1465 1473 1472 
6357 2261 3642 1634 
6358 3617 3771 3058 
6359 2362 2626 2263 
6360 515 3827 514 
6361 1628 1965 1873 
6362 517 3793 787 
6363 1452 3885 3666 
6364 1314 3708 1910 
6365 2225 2226 1618 
6366 440 442 441 
6367 703 3862 701 
6368 1267 1570 1470 
6369 1878 3704 853 
6370 1677 1928 1801 
6371 1869 3702 2579 
6372 664 3760 661 
6373 1716 3702 1869 
6374 830 3704 834 
6375 3225 3770 3227 
6376 2262 2263 2260 
6377 2031 2707 2298 
6378 2866 2867 2863 
6379 3002 3106 3001 
6380 2217 4190 3025 
6381 237 3888 411 
6382 1566 3765 683 
6383 3299 4382 3297 
6384 751 3685 748 
6385 3584 3807 931 
6386 2483 3997 2480 
6387 1570 2394 1797 
6388 846 3881 946 
6389 2842 2852 2840 
6390 1451 3722 1279 
6391 1005 1628 1627 
6392 3665 4163 2540 
6393 1677 3943 1929 
6394 1077 3873 1291 
6395 786 3715 811 
6396 2581 4430 4048 
6397 1876 2378 1877 
6398 1409 4196 3420 
6399 301 2972 2803 
6400 1455 3766 917 
6401 2992 3664 3020 
6402 1594 1788 1787 
6403 1870 4101 2955 
6404 306 2893 2892 
6405 1910 3737 1316 
6406 2251 2329 2315 
6407 1675 3707 2433 
6408 599 3743 597 
6409 2500 3765 1566 
6410 521 3705 1448 
6411 587 3746 844 
6412 109 4044 365 
6413 1866 3728 2465 
6414 930 3688 926 
6415 2237 3754 2183 
6416 1462 2600 2242 
6417 2259 2260 1634 
6418 3623 4123 2612 
6419 1204 3808 1200 
6420 1628 1873 1627 
6421 1928 2340 1801 
6422 2061 3697 2775 
6423 788 3715 786 
6424 1569 2551 2216 
6425 1677 1801 1475 
6426 1295 3639 2423 
6427 1527 1655 1151 
6428 1039 3687 2453 
6429 1958 3941 1748 
6430 2377 4304 3176 
6431 1634 3642 1248 
6432 1635 3738 1587 
6433 1088 3762 1090 
6434 1013 3813 1010 
6435 934 3741 1144 
6436 2568 3868 2120 
6437 973 3837 1059 
6438 2630 4101 2631 
6439 1919 3707 1675 
6440 1236 4157 3046 
6441 384 4120 45 
6442 3598 3883 1299 
6443 2212 2458 1476 
6444 926 3688 925 
6445 1225 3742 1565 
6446 2832 2833 2831 
6447 2926 4488 818 
6448 3693 3931 2187 
6449 2537 3440 2430 
6450 1766 2217 1655 
6451 3666 3885 2136 
6452 1348 3811 1779 
6453 1275 3791 2200 
6454 2843 3927 2842 
6455 3159 4253 3164 
6456 2628 3839 2263 
6457 773 3816 3677 
6458 2060 3738 1635 
6459 4238 4258 1614 
6460 2262 4028 2363 
6461 1579 3827 520 
6462 1079 3873 1077 
6463 1803 2331 1782 
6464 407 4601 3678 
6465 1311 3708 1314 
6466 3392 3955 3385 
6467 1655 3860 2176 
6468 1113 3880 1116 
6469 659 3768 657 
6470 778 3736 583 
6471 3551 4575 3550 
6472 597 3743 673 
6473 2406 4381 2953 
6474 2137 3901 2139 
6475 3660 3887 1106 
6476 3190 4017 3189 
6477 392 2929 2928 
6478 1092 3878 1094 
6479 314 3026 2899 
6480 1587 3738 1609 
6481 576 3725 585 
6482 3239 3726 3245 
6483 871 3758 943 
6484 2859 2861 2860 
6485 3439 4307 2676 
6486 2189 3931 2194 
6487 1098 3767 1100 
6488 3398 4688 2128 
6489 2188 3735 1161 
6490 468 3795 471 
6491 1691 4698 1711 
6492 1316 3737 1318 
6493 2266 3725 574 
6494 2698 4631 2697 
6495 3539 3882 361 
6496 2806 2809 2807 
6497 1100 3767 1481 
6498 709 3763 707 
6499 631 3781 2436 
6500 2372 3916 3744 
6501 574 3725 576 
6502 2540 4381 2404 
6503 2380 4540 2670 
6504 1442 3724 1444 
6505 2921 4112 304 
6506 584 3736 3708 
6507 2597 4293 3459 
6508 589 3740 582 
6509 1466 3783 694 
6510 686 3720 1567 
6511 2796 4039 2042 
6512 1605 3724 1442 
6513 2046 3889 2371 
6514 1328 3811 1330 
6515 3235 3721 3243 
6516 2372 3744 1735 
6517 744 4421 3187 
6518 1643 3794 1694 
6519 3409 4363 3410 
6520 811 3715 3694 
6521 3243 3726 3237 
6522 2418 3922 3849 
6523 543 3776 541 
6524 756 3779 754 
6525 1561 3688 2286 
6526 1229 3693 1164 
6527 2872 2875 2873 
6528 539 3792 537 
6529 4357 4443 1795 
6530 2120 3868 3644 
6531 3244 3721 3233 
6532 2686 2696 2688 
6533 2834 2835 2833 
6534 227 4250 350 
6535 2190 3731 2193 
6536 474 3747 2224 
6537 1449 3781 635 
6538 1478 3798 745 
6539 396 4250 228 
6540 2837 2838 2835 
6541 2861 2863 2862 
6542 661 3760 663 
6543 4225 4543 3364 
6544 3575 3770 3225 
6545 477 3747 474 
6546 1130 3761 1139 
6547 1405 4196 1406 
6548 2878 2880 2879 
6549 448 3756 451 
6550 2506 4468 2596 
6551 3231 3733 3244 
6552 2570 3728 2181 
6553 798 3923 818 
6554 892 3732 924 
6555 504 3764 479 
6556 3956 4450 3540 
6557 2329 3563 2656 
6558 1980 3899 2211 
6559 2221 3780 2369 
6560 685 4642 3497 
6561 3820 3880 1113 
6562 1993 3729 2127 
6563 819 3818 797 
6564 317 3727 2909 
6565 3567 3887 3660 
6566 526 3705 523 
6567 643 4624 3525 
6568 1009 3846 1006 
6569 2414 3685 751 
6570 2793 4608 1743 
6571 911 3812 1450 
6572 3590 3800 1537 
6573 1891 3774 832 
6574 4034 4127 1267 
6575 481 3764 2213 
6576 732 3913 777 
6577 1245 3646 1594 
6578 2937 4275 1419 
6579 1879 3907 2256 
6580 729 3804 727 
6581 1488 3741 955 
6582 3251 3733 3229 
6583 1487 3760 664 
6584 3377 4144 1525 
6585 3079 3910 3078 
6586 725 3803 723 
6587 1476 3817 1050 
6588 2880 2882 2881 
6589 1105 4149 1104 
6590 1948 4147 2752 
6591 3293 4299 2355 
6592 2710 3976 2247 
6593 558 4334 1266 
6594 1157 3773 1155 
6595 1090 3762 1235 
6596 1165 3767 1098 
6597 611 3828 609 
6598 1026 3890 1024 
6599 2901 4290 2900 
6600 1486 3743 599 
6601 700 3849 697 
6602 3277 4525 398 
6603 754 3779 3593 
6604 3579 3761 1128 
6605 607 3822 605 
6606 909 3812 911 
6607 1155 3773 1295 
6608 1235 3878 1092 
6609 706 3862 703 
6610 2213 3793 503 
6611 3388 4045 3390 
6612 325 2917 2916 
6613 1749 3756 446 
6614 1054 3790 1081 
6615 3470 4612 2076 
6616 4164 4450 4312 
6617 3696 3891 1321 
6618 2851 4273 2911 
6619 163 4165 419 
6620 586 3769 784 
6621 2413 3799 1816 
6622 928 3807 930 
6623 1711 4611 3300 
6624 707 3763 1569 
6625 1940 3759 2442 
6626 3876 4638 305 
6627 1141 4017 1138 
6628 3352 4440 3337 
6629 1228 4230 1459 
6630 3594 4684 3250 
6631 1926 3759 1856 
6632 1877 3739 1304 
6633 663 3768 659 
6634 832 3774 831 
6635 350 4282 226 
6636 3227 3770 3251 
6637 2608 3731 2191 
6638 615 3816 613 
6639 1463 3764 504 
6640 2986 4077 2024 
6641 225 4282 399 
6642 479 3764 481 
6643 657 3768 1489 
6644 2260 3839 2261 
6645 2490 4023 3902 
6646 1537 3800 1539 
6647 4069 4206 1929 
6648 774 3818 1497 
6649 1541 3806 1630 
6650 2382 3782 2008 
6651 844 3746 1757 
6652 1016 3789 1014 
6653 2183 3754 2570 
6654 2361 4005 3200 
6655 1956 4537 2557 
6656 1485 3762 1088 
6657 503 3793 517 
6658 741 3798 743 
6659 745 3798 741 
6660 3674 3893 2130 
6661 1856 3759 1940 
6662 2934 4116 320 
6663 782 3933 757 
6664 3371 4287 2450 
6665 1219 3830 2265 
6666 1757 3758 871 
6667 470 3778 475 
6668 1542 4240 901 
6669 1604 4582 3036 
6670 1734 3799 2481 
6671 2191 3731 2190 
6672 3434 4656 3437 
6673 1585 3893 3674 
6674 1250 3819 1252 
6675 1147 3821 980 
6676 1647 3791 1271 
6677 1432 4094 1807 
6678 1865 3794 1643 
6679 977 3805 1231 
6680 2224 3778 472 
6681 592 3740 589 
6682 2135 3795 466 
6683 1475 3825 1076 
6684 3350 4347 3346 
6685 3240 4561 3413 
6686 2845 4419 2848 
6687 446 3756 448 
6688 2855 3841 3840 
6689 1450 3837 973 
6690 1014 3789 1465 
6691 831 3774 849 
6692 334 4276 218 
6693 2821 4473 2818 
6694 2610 4170 4137 
6695 1106 3887 3597 
6696 1982 3899 1980 
6697 2638 3754 2237 
6698 1703 3799 1734 
6699 3773 3987 1295 
6700 1545 3955 1861 
6701 999 3853 997 
6702 2467 4008 3939 
6703 943 3758 1610 
6704 849 3774 3714 
6705 284 4281 340 
6706 2742 3896 2738 
6707 217 4276 406 
6708 2136 3885 2246 
6709 619 3834 617 
6710 4404 4608 3176 
6711 931 3807 928 
6712 2296 4125 3607 
6713 472 3778 470 
6714 415 4281 285 
6715 1444 3724 1534 
6716 2571 4391 3271 
6717 1071 4143 3602 
6718 389 4266 2912 
6719 1321 3891 1323 
6720 1260 3852 1262 
6721 789 4334 556 
6722 1022 3829 1020 
6723 2130 3893 2132 
6724 1154 3873 1079 
6725 922 3823 895 
6726 3701 3912 2142 
6727 3317 4570 3316 
6728 2719 3759 1926 
6729 1151 3805 977 
6730 2093 3838 2100 
6731 466 3795 468 
6732 1780 3855 1751 
6733 1392 3920 1393 
6734 1173 3906 1171 
6735 771 3779 756 
6736 2423 3943 3873 
6737 3565 4021 3895 
6738 1790 3993 2098 
6739 1323 3891 1341 
6740 1816 3799 1703 
6741 3173 4513 3171 
6742 1043 3817 2316 
6743 1610 3758 2243 
6744 688 4274 689 
6745 1439 3826 1661 
6746 743 3835 739 
6747 733 3804 729 
6748 1988 3924 1984 
6749 3207 3948 3208 
6750 1122 3961 1118 
6751 551 3842 549 
6752 363 4123 246 
6753 1473 3991 1771 
6754 739 3835 736 
6755 2089 3858 2091 
6756 2295 3900 2297 
6757 463 3824 2135 
6758 1472 3813 1013 
6759 2487 4369 2403 
6760 475 3778 1637 
6761 2341 4012 1801 
6762 1171 3906 1462 
6763 4050 4146 2441 
6764 3124 3936 2312 
6765 3731 4235 2730 
6766 1470 3808 1204 
6767 2301 4529 3137 
6768 4586 4697 2505 
6769 2185 3797 1823 
6770 2412 4341 3536 
6771 1020 3829 1039 
6772 712 3763 709 
6773 1515 3693 1229 
6774 537 3792 579 
6775 2536 4069 3639 
6776 3068 4212 3064 
6777 1878 4110 3403 
6778 2146 3898 3553 
6779 464 3824 461 
6780 3655 3902 2198 
6781 1183 3847 1181 
6782 723 3803 738 
6783 2504 3748 2505 
6784 1330 3811 1348 
6785 3169 4354 2948 
6786 467 3967 3627 
6787 2918 3120 2917 
6788 148 4130 147 
6789 444 3872 1749 
6790 3789 3991 1465 
6791 1433 3831 1499 
6792 3166 4417 3169 
6793 1056 3812 909 
6794 2490 3902 1913 
6795 1495 3803 725 
6796 1823 3797 1882 
6797 278 4319 393 
6798 891 3856 596 
6799 514 3827 2202 
6800 1341 3905 1325 
6801 345 4319 279 
6802 1833 3980 2283 
6803 2930 4701 389 
6804 727 3804 1495 
6805 2127 3729 2680 
6806 2479 3863 3631 
6807 1325 3905 1328 
6808 1005 3846 1628 
6809 4068 4130 2494 
6810 2488 4518 2663 
6811 605 3822 680 
6812 797 3818 774 
6813 513 4243 511 
6814 2588 3985 2509 
6815 870 3866 868 
6816 2100 3857 2102 
6817 1137 3895 1140 
6818 987 3864 985 
6819 400 4685 3283 
6820 1170 3773 1157 
6821 1773 3740 592 
6822 506 3844 508 
6823 2571 3797 2185 
6824 1120 3961 1474 
6825 571 3776 543 
6826 2233 3908 2140 
6827 2371 3889 2621 
6828 1479 3790 1054 
6829 2294 4088 3491 
6830 1494 4656 3866 
6831 4227 4697 3465 
6832 618 4618 790 
6833 1997 4616 2059 
6834 3339 3897 3336 
6835 736 3835 1501 
6836 4009 4694 2874 
6837 3996 4032 1793 
6838 1140 3895 1525 
6839 1337 3863 1339 
6840 3597 3887 2231 
6841 1420 3886 1754 
6842 3343 4461 3338 
6843 2651 4010 2336 
6844 568 3843 3842 
6845 3604 3935 3658 
6846 2718 4271 2359 
6847 629 3848 627 
6848 1746 3912 3701 
6849 3185 4682 4330 
6850 1515 3931 3693 
6851 3565 3895 3636 
6852 1668 3821 1147 
6853 1858 3749 1613 
6854 1028 3911 1026 
6855 461 3824 463 
6856 4536 4633 2545 
6857 980 3821 1595 
6858 2008 3782 2970 
6859 1019 3789 1016 
6860 494 4699 801 
6861 773 3828 611 
6862 3572 3858 2089 
6863 1175 3919 1173 
6864 1081 3790 1247 
6865 541 3776 1490 
6866 2679 4438 2678 
6867 2699 4638 2683 
6868 1668 4031 3821 
6869 1072 3825 2212 
6870 1210 3854 1207 
6871 568 3842 551 
6872 2739 4211 2740 
6873 613 3816 773 
6874 1490 3792 539 
6875 1386 3994 1382 
6876 3356 4043 1595 
6877 3642 3819 1250 
6878 1215 4017 1141 
6879 2335 4102 2314 
6880 85 3946 86 
6881 2245 3893 1585 
6882 2492 4248 2622 
6883 508 3844 877 
6884 4264 4510 712 
6885 2051 3870 2053 
6886 2133 3947 2398 
6887 3902 4023 2198 
6888 1539 3800 1667 
6889 1532 4307 3439 
6890 260 3918 259 
6891 188 4337 410 
6892 3636 3895 1137 
6893 1788 3840 1812 
6894 1024 3890 1469 
6895 2421 4400 4044 
6896 1986 3959 1988 
6897 1581 4514 2870 
6898 1502 3822 607 
6899 2398 3959 1989 
6900 624 4642 685 
6901 1630 3806 1889 
6902 2792 4675 890 
6903 1637 3844 506 
6904 2855 3840 1994 
6905 510 3859 512 
6906 2385 3782 2382 
6907 507 4328 505 
6908 3776 3777 1490 
6909 3057 4000 3063 
6910 781 3834 619 
6911 3454 4104 2280 
6912 2217 3860 1655 
6913 1667 3806 1541 
6914 609 3828 1502 
6915 2418 3849 700 
6916 1377 4051 1379 
6917 1252 3819 1278 
6918 1954 3850 2586 
6919 1506 3939 1902 
6920 1889 3806 2258 
6921 1500 3816 615 
6922 596 3856 594 
6923 1984 3924 1982 
6924 450 3832 457 
6925 239 4186 238 
6926 3799 3970 2481 
6927 3658 3935 1451 
6928 3342 3897 3339 
6929 3315 3964 3314 
6930 2072 3874 2070 
6931 3299 4399 1501 
6932 2304 3949 3426 
6933 594 3856 1773 
6934 946 3881 2251 
6935 1913 3902 1885 
6936 3358 4309 2207 
6937 1469 3829 1022 
6938 405 4348 118 
6939 349 4161 3262 
6940 3408 4590 2541 
6941 2826 4644 3422 
6942 2027 4015 2028 
6943 1231 3805 1532 
6944 617 3834 1500 
6945 641 3926 3753 
6946 2140 3908 2766 
6947 2216 3862 706 
6948 3174 4417 3168 
6949 2263 3839 2260 
6950 3567 4006 3887 
6951 404 4502 3274 
6952 820 3872 442 
6953 2308 3850 1849 
6954 877 3859 510 
6955 500 3865 497 
6956 826 4067 3881 
6957 1479 4028 3790 
6958 1339 3863 1530 
6959 1603 3865 500 
6960 549 3842 1513 
6961 2870 4514 3524 
6962 718 3950 720 
6963 2356 3838 2093 
6964 457 3861 838 
6965 400 4568 2772 
6966 1283 3871 1302 
6967 1662 3850 1954 
6968 2829 4523 4199 
6969 512 3859 3769 
6970 2694 4112 2692 
6971 3353 4064 2393 
6972 1885 3902 3655 
6973 2453 3789 1019 
6974 1498 3848 629 
6975 3410 4539 2179 
6976 1878 4001 3704 
6977 452 3832 450 
6978 2328 4097 2706 
6979 2468 4114 2325 
6980 2242 3773 1170 
6981 2448 4493 2310 
6982 1449 3941 3781 
6983 1262 3852 1574 
6984 3072 3914 3071 
6985 1849 3850 1662 
6986 1247 3790 2259 
6987 3622 3912 1746 
6988 3862 4003 1293 
6989 3781 3941 2436 
6990 1605 4007 3724 
6991 1290 3823 922 
6992 1424 4062 1430 
6993 2387 4562 3571 
6994 993 3957 991 
6995 1039 3909 3687 
6996 2091 3858 2356 
6997 1994 3840 1788 
6998 3631 3863 1337 
6999 3821 4031 3917 
7000 2413 3970 3799 
7001 1532 3831 1433 
7002 4117 4285 3092 
7003 1534 3724 2225 
7004 3523 4539 3410 
7005 627 3848 792 
7006 2646 4086 2309 
7007 3299 4552 4399 
7008 2828 4535 2539 
7009 497 3865 499 
7010 2729 4662 2192 
7011 1208 3919 1175 
7012 3887 4006 2231 
7013 895 3823 3481 
7014 3554 4266 389 
7015 2394 4358 4239 
7016 2417 3908 2233 
7017 1795 3832 452 
7018 1820 4160 1625 
7019 2486 4649 4219 
7020 1563 3853 999 
7021 1328 3905 3811 
7022 1201 3847 1183 
7023 3718 3929 1411 
7024 3646 4233 1796 
7025 2423 3873 1154 
7026 553 3938 568 
7027 2434 3953 2624 
7028 614 4474 616 
7029 1616 3938 555 
7030 1179 3928 1177 
7031 1244 3854 1210 
7032 2847 4082 2846 
7033 1787 3854 1244 
7034 3705 3934 2209 
7035 4236 4406 2349 
7036 821 3923 798 
7037 2692 4112 2757 
7038 31 3978 32 
7039 3671 3992 1857 
7040 1096 4004 1165 
7041 3007 3962 3009 
7042 3638 3979 2117 
7043 1822 4466 3286 
7044 2846 3927 2843 
7045 735 3945 737 
7046 4264 4330 3139 
7047 3344 3921 3342 
7048 1499 3831 1858 
7049 1003 3879 1001 
7050 3847 3867 1526 
7051 1579 3958 3827 
7052 1181 3847 1526 
7053 991 3957 3851 
7054 442 3872 444 
7055 3571 4562 3289 
7056 2242 3987 3773 
7057 985 3864 1166 
7058 3548 3956 425 
7059 1032 3937 1030 
7060 3413 4509 3414 
7061 1982 3924 3899 
7062 838 3861 913 
7063 3933 4035 759 
7064 1036 3911 1028 
7065 3555 4053 2501 
7066 3791 3954 2200 
7067 2644 4063 2019 
7068 822 4657 490 
7069 1574 3871 1283 
7070 2863 3877 2864 
7071 1302 3871 1876 
7072 3398 4131 3083 
7073 2035 4195 3070 
7074 2019 4063 3932 
7075 1494 3866 870 
7076 2426 3984 1895 
7077 1956 4666 2896 
7078 2491 4265 4121 
7079 802 4576 3004 
7080 1177 3928 1208 
7081 1524 3864 987 
7082 326 4310 1 
7083 620 4654 622 
7084 555 3938 553 
7085 3893 3976 2132 
7086 3499 4142 2047 
7087 4137 4170 1287 
7088 1627 3879 1003 
7089 3753 3926 2177 
7090 1548 3955 1545 
7091 2022 3982 1312 
7092 2453 3991 3789 
7093 1918 4030 1739 
7094 3547 4505 3548 
7095 3766 3939 979 
7096 1205 4034 1267 
7097 1484 4486 2953 
7098 3506 4333 3557 
7099 3146 4630 1802 
7100 601 4013 1486 
7101 868 3866 3609 
7102 1910 3988 3516 
7103 1751 3855 1753 
7104 2252 4182 1578 
7105 2070 3874 2701 
7106 2323 3995 2324 
7107 3790 4028 2259 
7108 3723 3926 641 
7109 2366 4403 4190 
7110 2799 4183 2446 
7111 3704 4001 3626 
7112 1572 4202 2984 
7113 2029 4009 1951 
7114 2217 3984 3860 
7115 2523 3947 2133 
7116 1916 4088 2294 
7117 957 4014 1488 
7118 160 4226 159 
7119 1258 3942 1260 
7120 3391 4166 1694 
7121 2348 3870 2051 
7122 3474 3935 3604 
7123 2234 4038 2271 
7124 3827 3958 2202 
7125 545 3986 571 
7126 1570 4127 2395 
7127 1030 3937 1036 
7128 1344 4539 3523 
7129 1647 3954 3791 
7130 389 4701 3554 
7131 949 3884 1527 
7132 2303 4331 2777 
7133 1737 4030 2372 
7134 2283 4088 1835 
7135 3581 4304 2365 
7136 1118 3961 1120 
7137 2053 3870 3103 
7138 1221 3951 3742 
7139 3927 4635 2963 
7140 1411 3929 3582 
7141 2867 3877 2863 
7142 3639 3987 2411 
7143 1507 3942 1258 
7144 1026 3911 3890 
7145 2680 4091 2681 
7146 2663 4518 4491 
7147 1728 4029 1953 
7148 1989 3959 1986 
7149 3020 3892 3022 
7150 3193 4176 3869 
7151 3617 4020 2379 
7152 1875 4218 4084 
7153 3838 3857 2100 
7154 861 3884 949 
7155 3406 4324 4177 
7156 1173 3919 3906 
7157 3613 3925 2180 
7158 4066 4692 326 
7159 432 3975 253 
7160 431 3973 204 
7161 429 3972 155 
7162 430 3974 106 
7163 913 3884 861 
7164 1001 3879 1563 
7165 1720 4085 1508 
7166 2655 3909 3596 
7167 4079 4201 3839 
7168 3052 4395 2005 
7169 2113 3983 1863 
7170 2430 3874 2072 
7171 2521 4034 3854 
7172 1526 3928 1179 
7173 2245 3976 3893 
7174 1402 4531 1405 
7175 2 4310 2935 
7176 1238 4014 959 
7177 361 4262 295 
7178 1397 4174 1401 
7179 2896 4666 2794 
7180 2314 3963 2250 
7181 653 4002 668 
7182 3438 4278 3472 
7183 680 4013 603 
7184 2452 4450 3956 
7185 3292 4409 4361 
7186 3189 4182 2252 
7187 2969 4660 2968 
7188 776 3934 526 
7189 2819 4140 2820 
7190 2178 3929 3718 
7191 941 4087 936 
7192 651 4022 4002 
7193 1292 3922 1664 
7194 2020 4178 2021 
7195 375 4219 2897 
7196 3378 4342 447 
7197 1834 3980 1833 
7198 417 4487 3179 
7199 903 4011 900 
7200 1937 3971 2319 
7201 3574 4593 1471 
7202 1082 4368 2096 
7203 3317 4623 2547 
7204 2797 4557 419 
7205 1513 3986 547 
7206 2251 3881 2329 
7207 3912 4039 2712 
7208 3821 3917 1595 
7209 3765 3979 678 
7210 979 3939 1506 
7211 333 4548 169 
7212 3878 4004 1094 
7213 173 3966 172 
7214 2187 3931 2189 
7215 2778 4097 3633 
7216 147 4068 146 
7217 2434 3996 3953 
7218 526 3934 3705 
7219 3014 4054 3853 
7220 168 4548 407 
7221 3860 3984 2426 
7222 2808 3915 2806 
7223 3021 4483 3823 
7224 2550 4559 4349 
7225 484 4137 1287 
7226 2467 3939 3766 
7227 2522 4155 4057 
7228 2360 4128 1934 
7229 3521 4375 4246 
7230 529 4217 527 
7231 3012 4019 3015 
7232 1905 4668 2791 
7233 2437 4050 2441 
7234 323 4487 262 
7235 1705 3932 1467 
7236 1882 3954 1647 
7237 935 4041 940 
7238 3832 3861 457 
7239 1062 4662 2783 
7240 2526 4470 4266 
7241 3648 3930 1892 
7242 3783 3989 690 
7243 4048 4430 1936 
7244 3664 3892 3020 
7245 303 4523 2829 
7246 1042 3998 1034 
7247 1069 4110 916 
7248 2433 3996 2434 
7249 3419 4208 3418 
7250 1595 4043 975 
7251 2924 4661 3903 
7252 3584 3894 3807 
7253 1249 4542 1237 
7254 2265 3951 1221 
7255 3191 4488 2926 
7256 1748 3941 1449 
7257 2703 3993 1790 
7258 2230 4016 2063 
7259 1260 3942 3852 
7260 116 4578 321 
7261 547 3986 545 
7262 1905 4596 1505 
7263 1293 4003 3366 
7264 2235 4026 2417 
7265 3578 3981 3577 
7266 249 4308 428 
7267 4283 4387 1605 
7268 436 4308 250 
7269 4447 4650 356 
7270 1099 4322 1097 
7271 3112 4116 2558 
7272 1822 4111 1597 
7273 4163 4300 2540 
7274 3436 4425 3866 
7275 2927 4583 3281 
7276 3191 4185 910 
7277 2522 4057 3620 
7278 2254 4037 4006 
7279 3739 3968 1308 
7280 1891 4225 3401 
7281 3841 4427 4292 
7282 3530 4326 3930 
7283 3724 4007 2225 
7284 2354 3958 1579 
7285 3353 4660 2969 
7286 220 3990 219 
7287 724 4024 726 
7288 872 4110 1878 
7289 3071 4025 2407 
7290 1382 3994 1380 
7291 2216 4003 3862 
7292 2141 3930 3648 
7293 1515 4084 3653 
7294 2501 4152 2703 
7295 2405 4025 2666 
7296 3829 3909 1039 
7297 2200 3954 2291 
7298 3742 3951 2184 
7299 422 4036 3380 
7300 2557 4537 4386 
7301 1291 3943 1677 
7302 469 3967 467 
7303 2806 3915 2809 
7304 2148 4178 2611 
7305 3113 4697 4586 
7306 1875 4084 1632 
7307 3944 4343 343 
7308 961 4078 1238 
7309 1479 4158 3581 
7310 3155 4058 3156 
7311 2974 3915 2808 
7312 2247 3976 2245 
7313 2202 3958 2204 
7314 2795 4651 2797 
7315 3582 4107 1407 
7316 1493 4078 963 
7317 1094 4004 1096 
7318 2031 4015 2707 
7319 2451 4018 2449 
7320 1718 4128 1720 
7321 2923 4219 375 
7322 2628 4079 3839 
7323 1034 3998 1032 
7324 1379 4220 1375 
7325 1300 3957 993 
7326 3391 4045 3388 
7327 2666 4042 2274 
7328 1958 4146 4050 
7329 360 4356 258 
7330 969 4072 1496 
7331 1807 4309 3894 
7332 3174 4434 1491 
7333 2236 4040 2238 
7334 353 4493 3492 
7335 603 4013 601 
7336 2419 4268 2361 
7337 3681 3960 1350 
7338 2481 3970 2538 
7339 3016 4360 3498 
7340 261 4487 417 
7341 4053 4152 2501 
7342 2569 4141 1970 
7343 2724 4124 2103 
7344 3706 4029 1730 
7345 3894 4309 3358 
7346 482 4137 484 
7347 3886 3969 1924 
7348 959 4014 957 
7349 678 3979 3638 
7350 3846 4061 2313 
7351 2116 4500 1942 
7352 1475 4012 3825 
7353 3587 4175 559 
7354 1057 4185 1709 
7355 2961 4086 2646 
7356 1480 4404 3176 
7357 3722 3999 2333 
7358 1496 4103 967 
7359 1308 3968 3826 
7360 965 4103 1493 
7361 4285 4432 3094 
7362 3407 4404 880 
7363 2521 4127 4034 
7364 1514 4084 1515 
7365 1467 3932 3734 
7366 2039 4414 3578 
7367 2659 3968 3739 
7368 2906 4209 390 
7369 2480 3997 2479 
7370 1915 4006 3567 
7371 2872 4199 3375 
7372 2307 4616 1999 
7373 3637 4121 1199 
7374 1784 4141 1918 
7375 3548 4505 4460 
7376 3215 4351 738 
7377 2562 4071 2563 
7378 690 3989 3720 
7379 3509 4452 3588 
7380 995 4054 1300 
7381 3472 4278 821 
7382 2276 4126 2638 
7383 3579 4053 3761 
7384 1956 4600 4537 
7385 3525 4624 4156 
7386 2509 3985 2508 
7387 2955 4101 2630 
7388 216 4667 215 
7389 2500 3979 3765 
7390 1263 4046 1261 
7391 2258 4236 2349 
7392 2639 4126 2278 
7393 423 4415 4018 
7394 1596 4076 2467 
7395 3318 4115 1663 
7396 2272 4026 2235 
7397 3533 4524 2299 
7398 2740 4181 2743 
7399 3825 4012 2212 
7400 2379 4020 2378 
7401 2295 4108 3900 
7402 2284 4089 2714 
7403 140 4655 139 
7404 1815 4124 1875 
7405 2018 4198 2652 
7406 419 4557 162 
7407 3854 4034 1207 
7408 4092 4119 2341 
7409 3628 3989 3783 
7410 2407 4025 2405 
7411 3734 3932 2459 
7412 1932 4255 1800 
7413 2239 4021 3565 
7414 2781 4022 2780 
7415 4552 4595 4138 
7416 1480 4158 915 
7417 2231 4037 1423 
7418 3201 4193 1686 
7419 3935 3999 1451 
7420 2425 4184 3999 
7421 2732 4669 2647 
7422 293 4447 356 
7423 1207 4034 1205 
7424 1902 4008 1904 
7425 190 4592 189 
7426 3635 4333 3504 
7427 1295 3987 3639 
7428 1730 4029 1728 
7429 2028 4015 2031 
7430 2415 3969 2414 
7431 4273 4687 316 
7432 3932 4063 2459 
7433 1056 4085 3812 
7434 1739 4030 1737 
7435 3556 4366 1399 
7436 3673 4260 1548 
7437 4259 4280 1436 
7438 2397 4335 3122 
7439 3777 4052 1490 
7440 1032 3998 3937 
7441 3600 4172 2266 
7442 3761 4053 3555 
7443 1465 3991 1473 
7444 2047 4142 2049 
7445 2485 4554 4413 
7446 3355 4329 688 
7447 2118 4198 1853 
7448 3626 4001 3429 
7449 1278 4129 1254 
7450 3889 4027 2621 
7451 3487 4516 4402 
7452 2117 4180 2118 
7453 1971 4033 2653 
7454 110 4044 109 
7455 1009 4061 3846 
7456 3999 4184 2333 
7457 3853 4054 997 
7458 2175 3960 3681 
7459 3536 4269 3740 
7460 1525 4144 1213 
7461 2357 4377 3458 
7462 3720 3989 2144 
7463 2670 4540 4217 
7464 3312 4150 338 
7465 1374 4303 1371 
7466 3269 4284 3267 
7467 2929 4644 2530 
7468 900 4011 898 
7469 820 4005 3872 
7470 1882 4060 3954 
7471 2574 3992 3671 
7472 445 4342 1581 
7473 99 4066 100 
7474 2908 4603 2306 
7475 4461 4532 3340 
7476 3023 4003 2216 
7477 1512 4113 1040 
7478 2608 4235 3731 
7479 3305 4070 3307 
7480 4061 4204 2313 
7481 2589 4645 4564 
7482 1974 4597 2734 
7483 1963 4075 1806 
7484 4011 4354 3169 
7485 2475 4192 2569 
7486 3961 4331 1474 
7487 3715 4057 3694 
7488 3839 4201 2261 
7489 1471 4593 462 
7490 2812 4317 2813 
7491 2854 4035 2855 
7492 4045 4353 3390 
7493 3531 4326 3530 
7494 1256 4129 1507 
7495 4502 4572 2484 
7496 3618 3988 3736 
7497 1037 4113 1042 
7498 4479 4637 367 
7499 3736 3988 3708 
7500 200 4449 426 
7501 435 4449 201 
7502 317 4290 3727 
7503 2225 4007 2228 
7504 2621 4027 2932 
7505 1008 4099 1011 
7506 2746 4678 2114 
7507 2274 4042 2272 
7508 3622 4039 3912 
7509 3855 3963 1753 
7510 1451 3999 3722 
7511 2429 4033 3707 
7512 945 4158 1479 
7513 3954 4060 2291 
7514 2433 4032 3996 
7515 3642 3952 3819 
7516 559 4175 557 
7517 3994 4051 1380 
7518 975 4043 971 
7519 2386 4227 2385 
7520 948 4596 1269 
7521 1287 4179 3148 
7522 2810 4157 2814 
7523 4362 4372 1167 
7524 256 4479 367 
7525 1801 4012 1475 
7526 2277 4074 2279 
7527 2553 4177 1957 
7528 161 4557 357 
7529 2471 4073 2473 
7530 4322 4407 2614 
7531 2694 4492 4112 
7532 3569 4214 1403 
7533 2198 4023 3697 
7534 1609 4251 1296 
7535 2838 4081 2835 
7536 3980 4096 3381 
7537 1199 4121 1197 
7538 3271 4391 342 
7539 1709 4645 3518 
7540 159 4526 158 
7541 578 4269 1435 
7542 2875 4405 2873 
7543 2354 4065 3958 
7544 2919 4492 2697 
7545 4245 4289 1706 
7546 1380 4051 1377 
7547 2667 4209 2353 
7548 1608 4109 1251 
7549 3958 4065 2204 
7550 1645 4640 3119 
7551 2259 4028 2262 
7552 2619 4314 2370 
7553 2315 4365 2335 
7554 2789 4175 3587 
7555 3707 4032 2433 
7556 713 4264 712 
7557 3223 4095 3221 
7558 2414 3969 3886 
7559 2261 3952 3642 
7560 252 4519 104 
7561 103 4520 300 
7562 105 4522 101 
7563 102 4521 153 
7564 101 4522 202 
7565 104 4519 251 
7566 154 4520 103 
7567 203 4521 102 
7568 2032 4422 2034 
7569 3422 4423 2824 
7570 3413 4561 4509 
7571 2463 4107 3582 
7572 2420 4147 3518 
7573 3323 4615 1007 
7574 3369 4344 2649 
7575 2042 4039 3622 
7576 1068 4251 1069 
7577 215 4083 214 
7578 427 4511 3539 
7579 3620 4057 3715 
7580 3623 4664 354 
7581 2393 4064 2931 
7582 3650 4183 3178 
7583 997 4054 995 
7584 3708 3988 1910 
7585 1201 4163 3665 
7586 3995 4555 2324 
7587 2399 4156 1941 
7588 1892 4326 3649 
7589 790 4618 4234 
7590 2786 4215 2210 
7591 2954 4647 1234 
7592 2305 4170 2610 
7593 2963 4635 1615 
7594 3375 4199 2374 
7595 1399 4366 1395 
7596 3922 4048 1936 
7597 2338 4231 2387 
7598 4057 4155 1925 
7599 1921 4053 3579 
7600 322 4448 4165 
7601 378 4594 2782 
7602 1185 4163 1201 
7603 1965 4189 2287 
7604 2838 4213 3699 
7605 1423 4062 1424 
7606 2686 4135 2696 
7607 2794 4666 2201 
7608 2366 4190 2219 
7609 2508 4689 2546 
7610 3900 4108 355 
7611 4037 4062 1423 
7612 3702 4010 2579 
7613 1958 4050 3941 
7614 743 4385 3835 
7615 2336 4010 3702 
7616 1289 4225 1891 
7617 4084 4218 3653 
7618 1464 4172 3280 
7619 3386 4100 3389 
7620 2703 4678 3993 
7621 3602 4155 2522 
7622 2689 4259 2691 
7623 3606 4402 3538 
7624 2560 4047 2415 
7625 2499 4159 2332 
7626 3548 4460 3956 
7627 4008 4076 2290 
7628 2128 4503 3398 
7629 3250 4093 3241 
7630 356 4650 3479 
7631 1772 4215 2354 
7632 2854 4380 812 
7633 3011 4234 3008 
7634 2415 4047 3969 
7635 2968 4335 2397 
7636 2143 4153 3798 
7637 2331 4136 1782 
7638 1766 4190 2217 
7639 3219 4118 3218 
7640 2485 4472 1990 
7641 495 4306 493 
7642 4292 4427 2565 
7643 1761 4301 3201 
7644 971 4072 969 
7645 2708 4573 2644 
7646 2299 4524 2300 
7647 2436 4050 2437 
7648 1711 4698 4611 
7649 2855 4035 3933 
7650 3867 4038 2234 
7651 1510 4205 3646 
7652 4368 4388 2327 
7653 2466 4045 3794 
7654 2652 4277 2334 
7655 2677 4633 4536 
7656 1755 4426 2143 
7657 963 4078 961 
7658 1563 4019 3853 
7659 2452 4460 1945 
7660 2682 4638 3876 
7661 3881 4067 2329 
7662 429 3977 3972 
7663 2310 4359 1897 
7664 3495 4420 3713 
7665 2512 4214 3569 
7666 2898 4423 3422 
7667 3342 4240 3897 
7668 3809 4049 2951 
7669 3725 4172 1464 
7670 1430 4221 3662 
7671 3694 4057 1925 
7672 2272 4042 4026 
7673 2342 4162 3370 
7674 3900 4068 2494 
7675 3675 4159 3501 
7676 2493 4239 3716 
7677 387 4438 3876 
7678 1780 4136 3855 
7679 2837 4213 2838 
7680 2585 4338 4216 
7681 3523 4467 1590 
7682 2866 4514 2868 
7683 2196 4239 2493 
7684 2459 4063 2704 
7685 428 4504 3541 
7686 3813 4061 1009 
7687 2494 4164 2445 
7688 2291 4060 2748 
7689 3603 4204 4061 
7690 3296 4344 3369 
7691 1835 4088 1916 
7692 2248 4377 2357 
7693 907 4361 905 
7694 1694 4094 1432 
7695 2335 4205 4102 
7696 4275 4653 3691 
7697 45 4120 46 
7698 2401 4184 2425 
7699 1370 4371 1368 
7700 2439 4245 2668 
7701 3343 4478 4306 
7702 3246 4096 3595 
7703 2635 4083 2651 
7704 2394 4239 1797 
7705 3784 4210 1602 
7706 3714 4056 3404 
7707 3943 4069 1929 
7708 2891 4553 314 
7709 1203 4148 1206 
7710 2600 4059 2242 
7711 2850 4082 2847 
7712 2204 4065 2554 
7713 2852 4213 2840 
7714 4112 4492 304 
7715 4218 4485 3260 
7716 1508 4085 1056 
7717 3435 4278 3438 
7718 2383 4122 2384 
7719 4248 4414 2622 
7720 4531 4599 2708 
7721 1401 4599 4531 
7722 2627 4092 2341 
7723 1871 4420 2020 
7724 2341 4119 4012 
7725 3603 4061 3813 
7726 1921 4152 4053 
7727 2087 4345 2088 
7728 2613 4049 3809 
7729 2762 4115 2761 
7730 3083 4131 3084 
7731 3199 4683 2228 
7732 1544 4291 760 
7733 3988 4249 3516 
7734 4190 4403 3025 
7735 2355 4299 2783 
7736 2332 4159 3675 
7737 3618 4249 3988 
7738 2835 4081 2836 
7739 4043 4072 971 
7740 758 4291 771 
7741 2424 4482 2938 
7742 4278 4614 821 
7743 967 4103 965 
7744 2695 4238 2700 
7745 3941 4050 2436 
7746 2177 4454 1814 
7747 1804 4064 1939 
7748 377 4559 2925 
7749 2493 4089 2284 
7750 1490 4052 3792 
7751 3410 4467 3523 
7752 2782 4535 378 
7753 4020 4090 2378 
7754 2040 4515 2039 
7755 2337 4125 2296 
7756 3917 4031 2764 
7757 986 4145 988 
7758 2145 4445 3686 
7759 1632 4084 1514 
7760 2392 4379 2460 
7761 4006 4037 2231 
7762 2329 4067 3563 
7763 246 4123 245 
7764 3740 4269 582 
7765 3633 4097 2328 
7766 2725 4527 2409 
7767 3026 4316 2597 
7768 2730 4583 2927 
7769 2937 4653 4275 
7770 2294 4108 2295 
7771 3706 4355 4029 
7772 1441 4283 1605 
7773 2605 4247 2762 
7774 2325 4114 2327 
7775 4116 4661 320 
7776 4002 4022 2781 
7777 3897 4240 1542 
7778 3366 4048 2418 
7779 4161 4167 3262 
7780 459 4593 456 
7781 2653 4574 1972 
7782 2641 4171 3142 
7783 2681 4091 2684 
7784 4216 4338 1774 
7785 1055 4332 483 
7786 738 4351 721 
7787 2378 4090 2658 
7788 859 4675 860 
7789 2779 4327 2364 
7790 3508 4452 3509 
7791 2959 4683 3199 
7792 3727 4290 2424 
7793 2467 4076 4008 
7794 2610 4106 2944 
7795 4256 4534 2286 
7796 936 4087 1290 
7797 916 4110 872 
7798 1108 4149 1105 
7799 2402 4346 1935 
7800 3987 4059 2411 
7801 1633 4384 3143 
7802 2362 4327 2626 
7803 1694 4166 4094 
7804 364 4130 148 
7805 3516 4249 2567 
7806 347 4588 4297 
7807 1484 4300 1189 
7808 2528 4305 2527 
7809 719 4351 1504 
7810 3635 4464 1824 
7811 3991 4105 1771 
7812 2956 4598 2539 
7813 1280 4187 4143 
7814 1280 4143 1071 
7815 1436 4280 3194 
7816 1597 4111 1596 
7817 2708 4599 4573 
7818 1407 4107 3569 
7819 456 4357 454 
7820 1891 4056 3774 
7821 3915 4605 3046 
7822 1040 4113 1037 
7823 391 4468 4066 
7824 3628 4188 3989 
7825 2309 4169 2067 
7826 1266 4395 3052 
7827 3707 4033 4032 
7828 1501 4399 734 
7829 3860 4428 2176 
7830 3979 4180 2117 
7831 1277 4191 2964 
7832 166 4134 165 
7833 4224 4647 2954 
7834 2144 4188 2662 
7835 2777 4331 3961 
7836 2278 4126 2276 
7837 1726 4467 1932 
7838 3989 4188 2144 
7839 2739 4286 4211 
7840 2560 4370 4047 
7841 2096 4368 4114 
7842 2546 4689 3923 
7843 3292 4442 3291 
7844 4049 4508 363 
7845 1491 4434 886 
7846 3561 4336 2321 
7847 3501 4159 358 
7848 2370 4314 3121 
7849 2419 4424 4268 
7850 1047 4336 1494 
7851 2458 4296 1476 
7852 3522 4430 2581 
7853 1953 4466 1649 
7854 4204 4383 2432 
7855 2728 4692 4066 
7856 3774 4056 3714 
7857 1254 4129 1256 
7858 2637 4372 2367 
7859 2642 4489 2620 
7860 2103 4124 1815 
7861 4215 4533 2354 
7862 3874 4412 1212 
7863 1931 4536 2545 
7864 910 4185 1057 
7865 4345 4398 2088 
7866 3639 4069 2423 
7867 3687 4105 2453 
7868 1753 4102 3815 
7869 3001 4210 3784 
7870 177 4139 176 
7871 2465 4456 2665 
7872 3780 4362 2369 
7873 3682 4455 2243 
7874 1934 4128 1718 
7875 2723 4391 2476 
7876 1568 4379 3109 
7877 882 4404 1480 
7878 2131 4462 2443 
7879 715 4421 744 
7880 2337 4279 4221 
7881 875 4434 1463 
7882 4538 4585 2887 
7883 3927 4501 2842 
7884 2946 4475 2699 
7885 902 4409 903 
7886 1802 4533 2573 
7887 2740 4211 4181 
7888 1803 4298 2331 
7889 3772 4406 4236 
7890 731 4399 733 
7891 2904 4222 315 
7892 3589 4505 4410 
7893 1559 4666 1956 
7894 3993 4678 2746 
7895 3447 4566 1492 
7896 2846 4635 3927 
7897 579 4491 535 
7898 4223 4243 800 
7899 531 4547 529 
7900 2867 4077 3877 
7901 888 4435 1491 
7902 2039 4515 4414 
7903 828 4436 489 
7904 2727 4160 1820 
7905 1504 4421 717 
7906 2287 4444 1873 
7907 2418 4048 3922 
7908 1197 4121 1492 
7909 2376 4367 2779 
7910 2500 4180 3979 
7911 2128 4688 3732 
7912 1406 4196 1409 
7913 4173 4685 2772 
7914 1775 4216 1774 
7915 3571 4484 2510 
7916 3855 4136 2478 
7917 3583 4528 2514 
7918 464 4332 3824 
7919 1599 4466 1822 
7920 3677 4117 3090 
7921 3629 4436 828 
7922 1659 4660 3353 
7923 4029 4355 3287 
7924 4188 4252 2662 
7925 818 4488 817 
7926 2176 4307 3805 
7927 1782 4136 1780 
7928 1970 4141 1784 
7929 2212 4119 2458 
7930 4306 4461 3343 
7931 2351 4396 2392 
7932 1419 4275 3830 
7933 2462 4373 2528 
7934 2978 4538 1742 
7935 2538 4469 2482 
7936 1903 4506 1901 
7937 1719 4147 1948 
7938 4318 4634 3970 
7939 3004 4576 3002 
7940 2502 4577 2043 
7941 2608 4588 3123 
7942 2949 4151 2293 
7943 485 4408 1055 
7944 777 4674 3676 
7945 4012 4119 2212 
7946 331 4186 239 
7947 1569 4591 2551 
7948 3139 4510 4264 
7949 1563 4154 4019 
7950 3906 4621 1462 
7951 2820 4140 2823 
7952 3273 4244 396 
7953 2242 4059 3987 
7954 1487 4413 3760 
7955 4393 4513 3173 
7956 1578 4182 1217 
7957 1267 4127 1570 
7958 2466 4353 4045 
7959 1061 4673 1146 
7960 164 4165 163 
7961 2783 4545 1062 
7962 2547 4623 1922 
7963 2684 4135 2686 
7964 915 4158 945 
7965 2243 4455 1777 
7966 1188 4194 1190 
7967 1213 4144 1419 
7968 2470 4494 2639 
7969 2567 4320 2568 
7970 4239 4358 3716 
7971 762 4313 1544 
7972 1459 4315 3412 
7973 3267 4284 3270 
7974 781 4622 3608 
7975 2438 4133 3848 
7976 269 4168 268 
7977 3438 4425 3436 
7978 2896 4600 1956 
7979 2456 4465 2724 
7980 2911 4273 2910 
7981 3956 4460 2452 
7982 2352 4228 3038 
7983 2229 4683 2959 
7984 1920 4534 3359 
7985 2431 4150 2490 
7986 2454 4152 1921 
7987 3102 4244 2389 
7988 509 4446 1167 
7989 4085 4509 3812 
7990 3963 4102 1753 
7991 4418 4586 3748 
7992 1596 4111 4076 
7993 1625 4187 1280 
7994 1925 4155 2428 
7995 2453 4105 3991 
7996 3651 4180 2500 
7997 4274 4294 692 
7998 4207 4261 552 
7999 339 4484 3571 
8000 433 4639 3545 
8001 937 4545 939 
8002 2576 4146 1958 
8003 696 4229 698 
8004 1452 4371 3605 
8005 4032 4033 1971 
8006 1148 4200 1150 
8007 3869 4176 1757 
8008 3713 4420 2057 
8009 3013 4679 3011 
8010 491 4478 828 
8011 1941 4156 2308 
8012 2901 4482 4290 
8013 3064 4212 3066 
8014 2828 4598 303 
8015 3445 4400 2400 
8016 3632 4569 2318 
8017 3260 4485 3259 
8018 2544 4498 4458 
8019 2791 4668 2587 
8020 845 4223 800 
8021 4249 4320 2567 
8022 2049 4142 2348 
8023 3196 4206 2536 
8024 1405 4531 4277 
8025 429 4481 3977 
8026 2423 4069 3943 
8027 4179 4584 3148 
8028 2302 4161 2360 
8029 903 4354 4011 
8030 2809 4157 2810 
8031 2390 4241 2350 
8032 4016 4454 2177 
8033 1187 4163 1185 
8034 2971 4604 3318 
8035 3688 4256 2286 
8036 2330 4167 2302 
8037 550 4207 552 
8038 2486 4219 3028 
8039 1492 4566 1195 
8040 3298 4595 4552 
8041 3246 4203 4096 
8042 2244 4154 3879 
8043 3816 4117 3677 
8044 2446 4183 3650 
8045 3792 4132 579 
8046 4049 4504 2951 
8047 426 4524 3533 
8048 3121 4339 2026 
8049 2590 4185 3191 
8050 2021 4178 2148 
8051 621 4622 781 
8052 2882 4507 2881 
8053 4147 4506 2752 
8054 2559 4173 2772 
8055 2968 4660 3749 
8056 3441 4278 3435 
8057 2230 4454 4016 
8058 3194 4376 1202 
8059 3841 4292 3840 
8060 3067 4201 4079 
8061 1191 4486 1484 
8062 3663 4497 420 
8063 3837 4673 1059 
8064 3882 4569 361 
8065 4091 4135 2684 
8066 2349 4170 2305 
8067 2888 4553 2891 
8068 351 4465 4139 
8069 2770 4544 2771 
8070 2333 4184 2499 
8071 2885 4538 2887 
8072 753 4263 755 
8073 372 4199 2872 
8074 3018 4619 3006 
8075 4060 4242 2750 
8076 4018 4415 2449 
8077 3589 4620 3509 
8078 800 4243 513 
8079 2563 4193 2561 
8080 3823 4483 3481 
8081 4374 4411 1637 
8082 1757 4176 3758 
8083 3913 4674 777 
8084 1957 4177 2576 
8085 733 4138 3804 
8086 1928 4558 2340 
8087 2900 4290 317 
8088 1812 4197 2521 
8089 2228 4683 2226 
8090 3004 4619 802 
8091 3046 4605 1572 
8092 3158 4253 3159 
8093 2614 4192 2475 
8094 1500 4117 3816 
8095 1435 4441 3750 
8096 3938 4648 568 
8097 4241 4649 2486 
8098 2318 4569 3882 
8099 4102 4205 3815 
8100 2727 4597 4574 
8101 2531 4272 2532 
8102 3322 4517 3321 
8103 3662 4221 3558 
8104 4221 4279 3558 
8105 3455 4254 2894 
8106 1274 4232 1273 
8107 3143 4270 1699 
8108 3772 4236 1667 
8109 557 4175 1616 
8110 1227 4230 1228 
8111 4125 4221 1430 
8112 3798 4153 743 
8113 3104 4259 1436 
8114 2432 4189 1965 
8115 4106 4137 482 
8116 1352 4324 1353 
8117 1548 4260 4100 
8118 689 4274 692 
8119 2413 4318 3970 
8120 3203 4257 1352 
8121 3488 4388 4368 
8122 2349 4179 4170 
8123 2461 4266 3554 
8124 3562 4637 3710 
8125 3297 4382 3295 
8126 2302 4167 4161 
8127 2299 4571 3533 
8128 3119 4530 1633 
8129 2619 4387 4283 
8130 4127 4197 2395 
8131 2219 4190 1766 
8132 4009 4405 1950 
8133 2530 4477 3748 
8134 1853 4198 2018 
8135 2625 4497 3663 
8136 3848 4133 792 
8137 313 4423 2898 
8138 2445 4279 2337 
8139 2579 4551 2773 
8140 3253 4203 3246 
8141 2969 4670 3353 
8142 2266 4172 3725 
8143 2024 4392 3378 
8144 357 4226 160 
8145 2213 4625 3793 
8146 4276 4551 406 
8147 4019 4154 3015 
8148 1774 4338 3463 
8149 2535 4510 3139 
8150 4097 4526 2706 
8151 692 4294 3449 
8152 4523 4598 2956 
8153 1955 4204 3603 
8154 2719 4267 3759 
8155 3037 4693 1786 
8156 2975 4202 2974 
8157 4312 4450 2452 
8158 2623 4621 3906 
8159 2319 4188 3628 
8160 2319 4252 4188 
8161 2966 4463 2969 
8162 2933 4458 319 
8163 3441 4614 4278 
8164 3997 4453 1530 
8165 358 4641 3537 
8166 3025 4403 1301 
8167 1375 4220 1374 
8168 552 4261 554 
8169 4052 4132 3792 
8170 1796 4233 2347 
8171 2864 4224 2865 
8172 3817 4296 2316 
8173 3735 4662 1062 
8174 3747 4575 2224 
8175 2544 4587 4228 
8176 2330 4340 3373 
8177 2430 4412 3874 
8178 3749 4335 2968 
8179 2265 4275 3691 
8180 2797 4651 4171 
8181 2928 4680 327 
8182 1955 4383 4204 
8183 4339 4350 3968 
8184 3184 4364 2455 
8185 1486 4503 3743 
8186 1929 4206 2427 
8187 2313 4204 2432 
8188 4360 4444 3498 
8189 2817 4609 2819 
8190 3201 4301 4193 
8191 2381 4311 2383 
8192 4178 4664 2611 
8193 527 4217 776 
8194 1403 4214 3570 
8195 2849 4273 2851 
8196 2335 4365 4233 
8197 2975 4617 3029 
8198 1184 4295 1186 
8199 3213 4370 1761 
8200 3879 4154 1563 
8201 4382 4385 3295 
8202 2210 4215 1772 
8203 1184 4389 4295 
8204 2620 4387 2619 
8205 2568 4401 3451 
8206 4185 4564 1709 
8207 228 4250 227 
8208 2840 4213 2837 
8209 3123 4588 347 
8210 3568 4620 431 
8211 2359 4271 2792 
8212 4011 4435 898 
8213 1800 4255 2082 
8214 3804 4181 1495 
8215 3758 4176 2243 
8216 3754 4658 2570 
8217 1143 4288 3317 
8218 828 4478 4440 
8219 3492 4415 423 
8220 420 4497 3661 
8221 295 4262 294 
8222 3787 4313 764 
8223 1341 4248 3905 
8224 3183 4554 2485 
8225 2693 4238 2695 
8226 4496 4646 2598 
8227 1672 4225 1289 
8228 3256 4673 3837 
8229 4181 4211 1495 
8230 2450 4287 2451 
8231 2949 4643 2269 
8232 4041 4501 1529 
8233 1543 4418 4046 
8234 3318 4604 2850 
8235 1543 4586 4418 
8236 3106 4210 3001 
8237 3422 4644 2929 
8238 3359 4534 4256 
8239 3138 4681 3870 
8240 4153 4344 3296 
8241 2961 4669 1042 
8242 3968 4350 3826 
8243 2442 4231 2338 
8244 2445 4312 4279 
8245 1143 4322 4288 
8246 1529 4501 3927 
8247 3113 4586 1543 
8248 4130 4164 2494 
8249 2691 4258 2693 
8250 3768 4696 1489 
8251 4160 4574 2653 
8252 1101 4407 1099 
8253 2390 4701 4241 
8254 218 4276 217 
8255 2647 4669 2961 
8256 3866 4425 3609 
8257 2618 4237 2444 
8258 2603 4247 2605 
8259 1296 4251 1068 
8260 4121 4265 1492 
8261 2308 4246 3850 
8262 3103 4681 1268 
8263 285 4281 284 
8264 2269 4628 2949 
8265 4193 4301 2561 
8266 1797 4239 2196 
8267 226 4282 225 
8268 764 4313 762 
8269 2698 4302 3311 
8270 3697 4337 2775 
8271 2505 4227 2386 
8272 2324 4345 2087 
8273 2523 4174 3947 
8274 4089 4195 2035 
8275 1667 4236 3806 
8276 3008 4234 3018 
8277 2365 4304 2377 
8278 1949 4323 2077 
8279 1167 4328 507 
8280 1500 4285 4117 
8281 2441 4245 2439 
8282 582 4269 578 
8283 3764 4393 2213 
8284 4445 4541 2552 
8285 2314 4102 3963 
8286 2048 4349 2000 
8287 2577 4650 4447 
8288 2469 4411 3552 
8289 1165 4684 3767 
8290 3558 4279 1946 
8291 992 4321 994 
8292 3815 4205 1510 
8293 3653 4218 2607 
8294 3946 4475 370 
8295 1265 4352 3322 
8296 343 4343 3275 
8297 814 4249 3618 
8298 2671 4411 2469 
8299 364 4450 4164 
8300 2610 4137 4106 
8301 3125 4648 3938 
8302 3876 4438 2682 
8303 2224 4374 3778 
8304 744 4264 713 
8305 4365 4380 2347 
8306 2543 4627 2544 
8307 3661 4497 2533 
8308 1495 4211 3803 
8309 2649 4490 2474 
8310 4151 4377 2293 
8311 3313 4484 339 
8312 3894 4325 3807 
8313 3346 4347 3345 
8314 2867 4392 4077 
8315 3122 4702 3439 
8316 2772 4568 2542 
8317 1882 4242 4060 
8318 4328 4372 2637 
8319 860 4675 4271 
8320 2498 4260 3673 
8321 2688 4280 2689 
8322 1812 4292 4197 
8323 3649 4571 2299 
8324 1 4310 2 
8325 2207 4309 2497 
8326 1946 4312 2452 
8327 4170 4179 1287 
8328 2334 4277 2708 
8329 2713 4341 2412 
8330 406 4551 4010 
8331 250 4308 249 
8332 2474 4490 2572 
8333 1187 4300 4163 
8334 1097 4322 1143 
8335 814 4320 4249 
8336 3169 4435 4011 
8337 398 4525 3990 
8338 930 4325 4256 
8339 2483 4572 4453 
8340 1785 4693 2106 
8341 4326 4571 3649 
8342 4448 4672 2712 
8343 2693 4258 4238 
8344 3504 4333 3506 
8345 3533 4571 3531 
8346 4237 4284 2444 
8347 4138 4181 3804 
8348 4005 4268 3872 
8349 930 4256 3688 
8350 2710 4589 3976 
8351 4124 4485 1875 
8352 556 4334 558 
8353 2933 4587 4458 
8354 3686 4445 2552 
8355 2948 4354 2487 
8356 3797 4242 1882 
8357 3365 4594 378 
8358 2026 4439 2301 
8359 4320 4401 2568 
8360 2697 4492 2694 
8361 760 4291 758 
8362 3488 4368 1082 
8363 3850 4246 2586 
8364 1371 4303 1370 
8365 1661 4283 1441 
8366 4122 4433 2503 
8367 2889 4316 2888 
8368 4314 4350 3121 
8369 3573 4443 3574 
8370 3463 4375 639 
8371 4165 4448 2796 
8372 2607 4297 2606 
8373 279 4319 278 
8374 4279 4312 1946 
8375 3905 4248 2492 
8376 3358 4325 3894 
8377 3414 4509 4085 
8378 3213 4563 4370 
8379 2752 4340 2330 
8380 3439 4702 3831 
8381 3411 4363 3409 
8382 2578 4626 3183 
8383 3759 4267 2442 
8384 2561 4301 2560 
8385 1159 4636 3146 
8386 2306 4603 3452 
8387 3132 4132 4052 
8388 2527 4305 2603 
8389 4343 4568 3275 
8390 2403 4369 3292 
8391 499 4306 495 
8392 3806 4236 2258 
8393 3136 4540 2380 
8394 4077 4392 2024 
8395 189 4337 188 
8396 316 4687 3978 
8397 2851 4581 3318 
8398 511 4446 509 
8399 3921 4240 3342 
8400 2261 4201 3952 
8401 2849 4687 4273 
8402 3842 4555 1513 
8403 1189 4300 1187 
8404 3872 4268 1749 
8405 1939 4298 1803 
8406 2905 4686 4222 
8407 4262 4447 294 
8408 3195 4696 2578 
8409 2717 4691 2716 
8410 3748 4477 4418 
8411 3131 4476 3132 
8412 2663 4499 2664 
8413 2404 4381 2406 
8414 394 4634 4318 
8415 1513 4555 3995 
8416 1182 4389 1184 
8417 1615 4604 2971 
8418 3832 4416 3861 
8419 2005 4390 3217 
8420 2493 4195 4089 
8421 118 4348 117 
8422 4270 4384 3099 
8423 2603 4305 4247 
8424 903 4409 4369 
8425 3451 4613 2718 
8426 2573 4533 4215 
8427 3482 4695 337 
8428 2656 4380 4365 
8429 3865 4532 499 
8430 4282 4607 399 
8431 3830 4275 2265 
8432 2769 4318 2413 
8433 2435 4388 3488 
8434 3981 4248 1341 
8435 4335 4702 3122 
8436 319 4458 3452 
8437 2337 4221 4125 
8438 2813 4317 2817 
8439 2599 4315 2786 
8440 1831 4471 3117 
8441 1474 4331 2454 
8442 258 4356 257 
8443 2640 4394 2641 
8444 3802 4318 2769 
8445 2751 4597 2727 
8446 2121 4452 3557 
8447 3295 4385 3296 
8448 3803 4286 738 
8449 3281 4583 413 
8450 3667 4320 814 
8451 4283 4314 2619 
8452 2682 4438 2679 
8453 4157 4542 2814 
8454 2531 4398 4345 
8455 2613 4508 4049 
8456 483 4332 464 
8457 2844 4419 2845 
8458 4268 4424 1749 
8459 3291 4442 3293 
8460 2521 4197 4127 
8461 2364 4327 2362 
8462 2321 4336 1047 
8463 3321 4517 3323 
8464 4093 4684 1165 
8465 3840 4292 1812 
8466 4131 4503 1486 
8467 3834 4285 1500 
8468 2659 4439 4339 
8469 1765 4333 3635 
8470 3027 4609 1608 
8471 364 4164 4130 
8472 3971 4252 2319 
8473 394 4318 3802 
8474 2576 4324 4257 
8475 447 4342 445 
8476 1530 4659 1342 
8477 2700 4302 2698 
8478 776 4496 3934 
8479 782 4427 3841 
8480 2874 4405 4009 
8481 2743 4181 4138 
8482 2361 4268 4005 
8483 2590 4564 4185 
8484 3861 4416 2765 
8485 3732 4688 2079 
8486 2586 4338 2585 
8487 3168 4417 3166 
8488 3934 4496 2598 
8489 3557 4452 3508 
8490 1395 4366 1394 
8491 2624 4451 2435 
8492 3015 4360 3016 
8493 3164 4313 3787 
8494 2728 4468 2506 
8495 2887 4585 2889 
8496 4339 4439 2026 
8497 1476 4296 3817 
8498 3275 4568 400 
8499 3142 4651 2041 
8500 939 4361 907 
8501 4413 4472 2485 
8502 1897 4359 2141 
8503 3289 4562 414 
8504 4516 4549 2058 
8505 410 4629 3312 
8506 4549 4550 2643 
8507 721 4351 719 
8508 3481 4483 1756 
8509 3520 4424 2419 
8510 3337 4440 3343 
8511 2665 4353 2466 
8512 326 4691 4310 
8513 3807 4325 930 
8514 2369 4362 2657 
8515 4010 4551 2579 
8516 3805 4307 1532 
8517 2585 4383 1955 
8518 1935 4346 1937 
8519 2656 4365 2315 
8520 3538 4516 2058 
8521 3282 4658 416 
8522 4154 4360 3015 
8523 3250 4684 4093 
8524 336 4567 3315 
8525 2824 4423 2822 
8526 2800 4637 4479 
8527 3316 4570 1586 
8528 322 4672 4448 
8529 3537 4641 4080 
8530 2912 4470 328 
8531 4211 4286 3803 
8532 2244 4360 4154 
8533 2179 4539 3408 
8534 366 4526 4097 
8535 2392 4396 4352 
8536 1625 4480 4187 
8537 2410 4398 2531 
8538 2420 4506 4147 
8539 2374 4523 2956 
8540 3298 4552 3299 
8541 3966 4634 394 
8542 3716 4358 1831 
8543 3964 4589 2710 
8544 3119 4640 4530 
8545 2293 4377 2248 
8546 304 4492 2919 
8547 4066 4468 2728 
8548 2460 4373 2462 
8549 1368 4371 1452 
8550 1990 4472 2134 
8551 4199 4523 2374 
8552 4348 4578 117 
8553 4114 4368 2327 
8554 2586 4375 4338 
8555 4140 4582 2823 
8556 454 4357 1795 
8557 939 4545 4299 
8558 4356 4479 257 
8559 3143 4384 4270 
8560 3981 4414 4248 
8561 2549 4367 2376 
8562 4288 4676 3317 
8563 4574 4597 1974 
8564 2564 4358 2394 
8565 802 4474 614 
8566 1661 4350 4314 
8567 4401 4613 3451 
8568 3909 4378 3687 
8569 2575 4443 3573 
8570 2873 4405 2874 
8571 3609 4425 1762 
8572 668 4580 3857 
8573 2688 4376 4280 
8574 2670 4518 2488 
8575 3277 4690 2798 
8576 2711 4355 3706 
8577 3099 4384 3097 
8578 4257 4324 1352 
8579 2034 4396 2351 
8580 1586 4570 4563 
8581 3096 4700 3608 
8582 4361 4442 3292 
8583 4366 4402 1394 
8584 880 4404 882 
8585 2400 4400 2421 
8586 2755 4686 3150 
8587 2340 4558 4294 
8588 1858 4335 3749 
8589 2818 4473 2816 
8590 2058 4549 2643 
8591 3687 4378 2116 
8592 3317 4676 4623 
8593 1633 4530 4384 
8594 3494 4664 4178 
8595 3338 4461 3340 
8596 2449 4415 2448 
8597 2367 4372 3780 
8598 3518 4645 3517 
8599 2644 4512 4063 
8600 4134 4672 322 
8601 1394 4402 3606 
8602 4346 4386 1937 
8603 378 4535 2828 
8604 4349 4559 2908 
8605 4483 4612 1756 
8606 3930 4326 1892 
8607 2347 4380 2854 
8608 2796 4448 4039 
8609 3826 4350 1661 
8610 327 4680 4433 
8611 2661 4594 3365 
8612 2476 4391 2571 
8613 3171 4513 3174 
8614 3610 4401 3667 
8615 1673 4585 2978 
8616 1306 4697 3113 
8617 734 4399 731 
8618 2868 4392 2867 
8619 4341 4441 1435 
8620 1756 4612 3470 
8621 294 4447 293 
8622 2704 4413 1487 
8623 1923 4426 1755 
8624 905 4409 902 
8625 2057 4420 1871 
8626 2327 4388 3668 
8627 3975 4519 252 
8628 3974 4522 105 
8629 3973 4521 203 
8630 3972 4520 154 
8631 3612 4671 4532 
8632 3540 4450 364 
8633 2798 4653 2937 
8634 1268 4681 3138 
8635 201 4449 200 
8636 2696 4376 2688 
8637 2555 4403 2366 
8638 3148 4584 822 
8639 2545 4633 2791 
8640 3545 4457 427 
8641 487 4408 485 
8642 2298 4422 2032 
8643 3100 4437 3099 
8644 2723 4690 3277 
8645 3583 4484 3313 
8646 3778 4374 1637 
8647 4100 4260 3389 
8648 3550 4575 3747 
8649 1802 4630 4533 
8650 2612 4508 2613 
8651 3793 4625 2099 
8652 2787 4627 2543 
8653 717 4421 715 
8654 3527 4493 353 
8655 1401 4531 1402 
8656 1936 4430 2402 
8657 4002 4580 668 
8658 4338 4375 3463 
8659 2864 4647 4224 
8660 4266 4470 2912 
8661 2483 4453 3997 
8662 1749 4424 3756 
8663 363 4508 4123 
8664 4139 4465 2785 
8665 1743 4608 3407 
8666 3440 4412 2430 
8667 2722 4457 2525 
8668 2848 4687 2849 
8669 1586 4563 3213 
8670 1463 4393 3764 
8671 2565 4427 2566 
8672 886 4434 875 
8673 3436 4656 3434 
8674 4202 4605 2974 
8675 2655 4378 3909 
8676 2520 4550 4549 
8677 3588 4452 2121 
8678 1999 4616 1997 
8679 2535 4591 4510 
8680 898 4435 888 
8681 3667 4401 4320 
8682 2576 4257 4146 
8683 3283 4685 3284 
8684 2541 4590 2768 
8685 1590 4467 1726 
8686 3610 4613 4401 
8687 2441 4289 4245 
8688 4500 4546 2496 
8689 3486 4516 3487 
8690 3489 4495 2918 
8691 3259 4485 4124 
8692 2658 4439 2659 
8693 2683 4638 2682 
8694 3486 4549 4516 
8695 3544 4481 429 
8696 1167 4446 4362 
8697 257 4479 256 
8698 4156 4624 2308 
8699 3179 4628 3177 
8700 1945 4460 1947 
8701 262 4487 261 
8702 489 4436 487 
8703 1942 4500 2496 
8704 4414 4515 2622 
8705 3990 4525 2593 
8706 2897 4649 318 
8707 4146 4289 2441 
8708 320 4661 2924 
8709 4297 4588 2606 
8710 1572 4605 4202 
8711 3424 4606 1668 
8712 1873 4444 2244 
8713 1237 4542 1236 
8714 2537 4431 3440 
8715 3923 4689 818 
8716 3521 4624 643 
8717 1814 4454 2553 
8718 3121 4350 4339 
8719 2552 4541 3037 
8720 3797 4429 4242 
8721 3750 4441 2145 
8722 790 4654 620 
8723 4280 4376 3194 
8724 487 4436 4408 
8725 4023 4629 410 
8726 616 4618 618 
8727 3612 4532 3865 
8728 3452 4498 2307 
8729 2951 4504 2950 
8730 4657 4699 492 
8731 330 4592 190 
8732 4460 4505 1947 
8733 3668 4451 1672 
8734 3243 4695 3482 
8735 327 4433 2913 
8736 2564 4471 4358 
8737 2270 4579 3394 
8738 4439 4529 2301 
8739 2659 4339 3968 
8740 251 4519 436 
8741 153 4521 434 
8742 300 4520 433 
8743 202 4522 435 
8744 158 4526 366 
8745 2584 4406 3772 
8746 2132 4462 2131 
8747 4039 4448 2712 
8748 3743 4503 2128 
8749 2143 4344 4153 
8750 2727 4574 4160 
8751 1649 4466 1599 
8752 1777 4455 1867 
8753 622 4642 624 
8754 3312 4629 4150 
8755 2496 4546 2781 
8756 1824 4464 3643 
8757 1937 4386 3971 
8758 1615 4635 4082 
8759 169 4548 168 
8760 2624 4543 4451 
8761 2300 4524 3443 
8762 2627 4329 4092 
8763 406 4667 216 
8764 139 4655 409 
8765 2429 4480 4033 
8766 4150 4629 2490 
8767 1947 4505 3589 
8768 4491 4518 534 
8769 4384 4530 3097 
8770 3509 4620 3568 
8771 2482 4469 2484 
8772 2978 4585 4538 
8773 4474 4619 3018 
8774 2520 4549 3486 
8775 2785 4465 2456 
8776 3176 4608 2793 
8777 2571 4429 3797 
8778 4388 4451 3668 
8779 490 4657 492 
8780 3318 4581 4115 
8781 2691 4259 4258 
8782 4257 4289 4146 
8783 2827 4477 2826 
8784 3300 4595 3298 
8785 2533 4497 2625 
8786 4046 4418 2827 
8787 1795 4416 3832 
8788 2798 4690 4653 
8789 3834 4432 4285 
8790 3177 4628 2269 
8791 492 4699 494 
8792 4546 4580 2781 
8793 2510 4484 3583 
8794 162 4557 161 
8795 535 4491 534 
8796 2908 4559 377 
8797 3728 4456 2465 
8798 2409 4527 3072 
8799 4138 4595 2743 
8800 2593 4525 2594 
8801 493 4478 491 
8802 817 4488 840 
8803 2472 4494 2470 
8804 117 4578 116 
8805 781 4432 3834 
8806 3183 4626 4554 
8807 4164 4312 2445 
8808 2269 4643 2270 
8809 2199 4537 2574 
8810 2566 4471 2564 
8811 1901 4506 2420 
8812 4272 4345 2324 
8813 2699 4475 3946 
8814 1605 4387 4007 
8815 2622 4515 3616 
8816 4383 4397 2432 
8817 1505 4596 948 
8818 4358 4471 1831 
8819 4451 4543 1672 
8820 1269 4633 2677 
8821 1236 4542 4157 
8822 1193 4486 1191 
8823 1786 4693 1785 
8824 2514 4528 2516 
8825 354 4664 3494 
8826 2134 4573 2523 
8827 1775 4397 4216 
8828 2426 4428 3860 
8829 3524 4514 2866 
8830 4422 4517 3322 
8831 4455 4536 1867 
8832 2484 4572 2483 
8833 2881 4507 2885 
8834 3203 4289 4257 
8835 3097 4530 3095 
8836 2435 4451 4388 
8837 2907 4603 2908 
8838 2286 4534 2580 
8839 431 4620 4410 
8840 3608 4700 781 
8841 4177 4324 2576 
8842 2842 4501 2852 
8843 3554 4701 2390 
8844 3270 4284 4237 
8845 1867 4536 1931 
8846 462 4593 459 
8847 3026 4553 4316 
8848 385 4587 2933 
8849 2270 4643 4579 
8850 4579 4643 2945 
8851 1972 4574 1974 
8852 3353 4670 4064 
8853 4472 4512 2134 
8854 3398 4503 4131 
8855 2658 4529 4439 
8856 3767 4684 3594 
8857 3186 4682 3185 
8858 3578 4414 3981 
8859 3983 4565 2454 
8860 2743 4611 2742 
8861 2114 4678 2113 
8862 1062 4545 937 
8863 1858 4702 4335 
8864 2546 4614 3441 
8865 2668 4560 2440 
8866 3812 4509 1450 
8867 534 4547 531 
8868 337 4695 3721 
8869 2852 4501 4041 
8870 2756 4569 3632 
8871 2244 4444 4360 
8872 4270 4560 1699 
8873 4509 4561 1450 
8874 1342 4659 1344 
8875 2589 4564 2590 
8876 4517 4615 3323 
8877 2704 4512 4472 
8878 3605 4579 2945 
8879 2620 4489 4387 
8880 1661 4314 4283 
8881 314 4553 3026 
8882 2443 4567 2618 
8883 3539 4511 3882 
8884 4316 4553 2888 
8885 2945 4643 2949 
8886 4258 4259 3104 
8887 3099 4437 4270 
8888 435 4522 3974 
8889 433 4520 3972 
8890 434 4521 3973 
8891 436 4519 3975 
8892 3978 4687 2848 
8893 3843 4555 3842 
8894 4653 4690 2477 
8895 2773 4551 4276 
8896 2712 4672 2502 
8897 2427 4558 1928 
8898 1193 4566 4486 
8899 1195 4566 1193 
8900 860 4613 3610 
8901 4187 4480 2429 
8902 890 4675 859 
8903 2556 4650 2577 
8904 4537 4600 2574 
8905 744 4330 4264 
8906 2192 4662 3735 
8907 4152 4565 2703 
8908 712 4510 3763 
8909 2538 4634 3966 
8910 818 4689 3985 
8911 4233 4365 2347 
8912 2041 4651 2795 
8913 3002 4576 3106 
8914 380 4631 2890 
8915 2606 4588 2608 
8916 4231 4562 2387 
8917 4530 4640 3095 
8918 2823 4582 2825 
8919 4573 4599 2523 
8920 1167 4372 4328 
8921 2598 4646 2599 
8922 2201 4666 1559 
8923 2206 4671 3612 
8924 1462 4621 2600 
8925 2477 4690 2723 
8926 3992 4600 2896 
8927 2132 4589 4462 
8928 1922 4623 1923 
8929 3760 4554 663 
8930 623 4622 621 
8931 3699 4677 1158 
8932 3531 4571 4326 
8933 2043 4577 3678 
8934 3006 4619 3004 
8935 4554 4626 663 
8936 3095 4640 3093 
8937 3728 4602 4456 
8938 2913 4433 4122 
8939 3749 4660 1659 
8940 4216 4383 2585 
8941 2349 4406 4179 
8942 1059 4673 1061 
8943 1450 4561 3837 
8944 3710 4637 2800 
8945 4367 4395 1266 
8946 4611 4698 2742 
8947 3017 4679 3013 
8948 3763 4591 1569 
8949 2587 4668 2589 
8950 2298 4615 4517 
8951 2531 4345 4272 
8952 4082 4635 2846 
8953 2106 4693 4541 
8954 2641 4394 4171 
8955 2707 4615 2298 
8956 2544 4627 4498 
8957 3600 4663 4172 
8958 4290 4482 2424 
8959 4082 4604 1615 
8960 4440 4478 3343 
8961 2432 4397 4189 
8962 3072 4674 3913 
8963 4426 4490 2649 
8964 4123 4508 2612 
8965 4174 4599 1401 
8966 2570 4602 3728 
8967 568 4648 3843 
8968 4246 4375 2586 
8969 3691 4653 2477 
8970 2226 4683 2229 
8971 4490 4676 2572 
8972 2614 4407 4192 
8973 821 4614 3923 
8974 1668 4606 4031 
8975 4277 4531 2708 
8976 1963 4663 3600 
8977 4081 4632 3030 
8978 3563 4703 2656 
8979 4217 4540 776 
8980 4007 4489 2228 
8981 663 4626 3768 
8982 4033 4480 2653 
8983 4429 4607 4242 
8984 3748 4586 2505 
8985 2499 4641 4159 
8986 4510 4591 3763 
8987 3923 4614 2546 
8988 4646 4652 2599 
8989 4373 4379 1568 
8990 4387 4489 4007 
8991 2781 4580 4002 
8992 4064 4670 1939 
8993 4527 4674 3072 
8994 2505 4697 4227 
8995 4544 4601 2771 
8996 2454 4565 4152 
8997 4330 4682 2396 
8998 2742 4698 3896 
8999 3721 4695 3243 
9000 4369 4409 3292 
9001 4063 4512 2704 
9002 2354 4533 4065 
9003 3877 4647 2864 
9004 4271 4675 2792 
9005 3976 4589 2132 
9006 4216 4397 4383 
9007 2644 4573 4512 
9008 2574 4600 3992 
9009 4132 4499 579 
9010 4294 4558 3449 
9011 2460 4379 4373 
9012 4171 4651 3142 
9013 4418 4477 2827 
9014 4031 4606 3268 
9015 4234 4618 3018 
9016 4090 4529 2658 
9017 2838 4632 4081 
9018 2525 4639 3977 
9019 2852 4677 4213 
9020 2974 4605 3915 
9021 2549 4395 4367 
9022 3831 4702 1858 
9023 4115 4581 2761 
9024 4352 4396 3322 
9025 3132 4476 4132 
9026 3985 4689 2508 
9027 4437 4560 4270 
9028 3870 4681 3103 
9029 2490 4629 4023 
9030 3970 4634 2538 
9031 4228 4587 385 
9032 1875 4485 4218 
9033 2029 4694 4009 
9034 733 4552 4138 
9035 2850 4604 4082 
9036 2713 4441 4341 
9037 1608 4609 4317 
9038 3552 4411 4374 
9039 2502 4672 4134 
9040 1939 4463 4298 
9041 4080 4641 2499 
9042 499 4461 4306 
9043 318 4649 4241 
9044 3574 4443 4357 
9045 4159 4641 358 
9046 4533 4630 4065 
9047 2750 4607 4282 
9048 939 4442 4361 
9049 4362 4446 2657 
9050 4065 4630 2554 
9051 413 4583 4235 
9052 2530 4644 4477 
9053 1672 4543 4225 
9054 4477 4644 2826 
9055 4315 4652 3412 
9056 4222 4686 2755 
9057 2523 4599 4174 
9058 4476 4499 4132 
9059 1923 4676 4490 
9060 4310 4691 2717 
9061 4512 4573 2134 
9062 4235 4583 2730 
9063 414 4562 4231 
9064 4299 4545 2783 
9065 2704 4472 4413 
9066 4380 4703 812 
9067 2664 4499 4476 
9068 4172 4663 3280 
9069 2440 4560 4437 
9070 1463 4513 4393 
9071 2656 4703 4380 
9072 1923 4490 4426 
9073 1742 4538 4507 
9074 4242 4607 2750 
9075 4458 4498 3452 
9076 2298 4517 4422 
9077 4317 4609 2817 
9078 399 4607 4429 
9079 1939 4670 4463 
9080 3412 4652 4255 
9081 2599 4652 4315 
9082 4507 4538 2885 
9083 2572 4676 4288 
9084 4463 4670 2969 
9085 4213 4677 3699 
9086 4518 4547 534 
9087 4410 4620 3589 
9088 2670 4547 4518 
9089 4623 4676 1923 
9090 1344 4659 4590 
9091 4457 4639 2525 
9092 3545 4639 4457 
9093 802 4619 4474 
9094 781 4700 4432 
9095 4498 4627 2307 
9096 4595 4611 2743 
9097 3300 4611 4595 
9098 4564 4645 1709 
9099 2570 4658 4602 
9100 4602 4658 3282 
9101 4590 4659 2768 
9102 4541 4693 3037 
9103 4691 4692 2716 
9104 4654 4679 3017 
9105 790 4679 4654 
9106 326 4692 4691 
$EndElements
