1.000000000000000021e-02
9.776817595104951575e-03
1.000000000000000021e-02
9.889205946296813349e-03
1.000000000000000021e-02
9.890765345161641603e-03
9.818081208317600353e-03
9.797190180185330957e-03
9.910836404497306434e-03
9.797674034798005763e-03
9.899157350106579586e-03
9.787423176212827272e-03
1.000000000000000021e-02
9.909535711262230234e-03
1.000000000000000021e-02
9.619283624005072614e-03
9.719616837032421172e-03
9.699839594545836205e-03
1.000000000000000021e-02
1.000000000000000021e-02
9.900543448687898831e-03
9.601489951020291541e-03
9.701107021354703208e-03
9.688907167387603853e-03
9.861932576625400543e-03
9.932131464305353138e-03
9.839761390309934366e-03
9.669838779779154486e-03
9.644233947989451147e-03
9.745722036075361513e-03
9.574452442694192725e-03
9.596627718405947513e-03
9.676789985259739990e-03
9.822273451403186820e-03
9.911316119190079557e-03
9.810143755243035113e-03
9.593993180578947941e-03
9.695870177735408518e-03
9.597664815989193424e-03
9.588168117435878074e-03
1.000000000000000021e-02
9.931108661525097844e-03
1.000000000000000021e-02
9.766978696767713783e-03
9.447187575023011097e-03
9.534796460077921837e-03
9.558895326823883473e-03
9.427450935761201578e-03
9.502034271108697472e-03
9.523676464642761783e-03
1.000000000000000021e-02
1.000000000000000021e-02
9.912527149619343794e-03
9.709906967146367252e-03
9.421238805863398763e-03
9.508952417922465067e-03
9.511382055241312042e-03
9.423894719674594592e-03
9.513949505338426330e-03
9.499171372356797136e-03
9.800371513670653317e-03
9.831785939119716891e-03
9.902381003260744136e-03
1.000000000000000021e-02
9.900769901962468492e-03
1.000000000000000021e-02
9.805565178897131945e-03
1.000000000000000021e-02
9.903346666818831426e-03
1.000000000000000021e-02
9.905054487650289882e-03
9.734559027127090772e-03
9.503059286944014888e-03
9.587490641953614126e-03
9.474906164561262140e-03
9.437220113408769859e-03
9.425669291144437786e-03
9.834475227912975459e-03
9.828440294203138333e-03
9.917376371046518480e-03
9.662232631351045861e-03
9.628668002409980151e-03
9.742100147136131469e-03
9.422545672118537094e-03
9.400471011039961133e-03
9.410705450970996769e-03
9.497545055088301574e-03
9.802984018996091856e-03
9.803082818083206501e-03
9.804455661176516429e-03
9.904370116970401261e-03
1.000000000000000021e-02
9.902426915332822321e-03
1.000000000000000021e-02
9.550225663282795735e-03
9.611449060715600290e-03
9.677001060410462402e-03
9.338856068483182213e-03
9.394191236869568751e-03
9.421862697170556994e-03
9.526446466326969273e-03
9.242997441536605213e-03
9.336673634608379929e-03
9.345172727332708498e-03
9.242534825373398266e-03
9.334566620828882097e-03
9.335015080622963493e-03
1.000000000000000021e-02
1.000000000000000021e-02
9.918514869440921838e-03
9.749417043523502316e-03
9.516651381517448813e-03
9.554963126371315840e-03
9.590075879677761178e-03
9.241102870210493245e-03
9.332468065219024639e-03
9.332543397884371719e-03
9.236284976965002808e-03
9.319464961558499017e-03
9.328852067673264886e-03
9.459244948798149755e-03
9.565126346889444436e-03
9.686513996210179347e-03
9.686885066760141799e-03
9.580367936540531981e-03
9.692475949201079591e-03
9.696470474447198978e-03
9.814791728034875234e-03
9.910172229398134247e-03
9.808916379421047521e-03
1.000000000000000021e-02
9.908094376305871115e-03
1.000000000000000021e-02
9.557650360889432054e-03
9.283572278890516935e-03
9.311000518459108810e-03
9.366254749423459994e-03
9.444649731198099737e-03
9.242815771788979659e-03
9.263126666966587860e-03
9.241827958920804942e-03
9.844741189977959314e-03
9.922500319245273342e-03
9.839656423645308514e-03
9.677569500908648342e-03
9.756011201626654805e-03
9.669966588400833590e-03
9.528540408013947555e-03
9.595158978598330307e-03
9.522635322039757488e-03
9.238653939414146615e-03
9.229014275277599988e-03
9.314810081665042540e-03
9.232575996186903611e-03
9.394191557045853541e-03
9.455387646475198887e-03
9.397257713867639486e-03
9.572731966125184316e-03
9.588163611545257384e-03
9.584395503027439908e-03
9.698922497419260741e-03
9.702378196166795699e-03
9.808516335199000263e-03
9.907507254126235105e-03
9.811887795877620791e-03
1.000000000000000021e-02
9.904971364150597091e-03
1.000000000000000021e-02
9.340147928663895815e-03
9.447317531944301322e-03
9.452831372294110551e-03
9.115668745704295570e-03
9.200481840602320327e-03
9.227347923920116088e-03
9.339651611157169173e-03
9.050926478862991731e-03
9.146730670250551726e-03
9.147952195782091053e-03
9.071354221134718399e-03
9.158010265900035779e-03
9.177449761583975421e-03
9.053007687139697640e-03
9.147684158645690011e-03
9.148310592019632745e-03
1.000000000000000021e-02
1.000000000000000021e-02
9.923588202995443919e-03
9.762306346959428310e-03
9.603748067912618730e-03
9.462120126423346697e-03
9.053938013112843367e-03
9.146309949993354851e-03
9.147506545281616427e-03
9.054269447470834897e-03
9.142739044397805298e-03
9.145300191660417008e-03
9.312673575984991084e-03
9.341233948077065641e-03
9.455666498047222979e-03
9.461244097817952253e-03
9.346875569890529881e-03
9.466755718741224832e-03
9.467824968007517578e-03
9.603813778622100061e-03
9.596078294224236194e-03
9.712970957890120979e-03
9.706802530014825917e-03
9.757242139185452398e-03
9.784003896484285562e-03
9.883777707339856666e-03
1.000000000000000021e-02
9.879784949388648388e-03
1.000000000000000021e-02
9.340890812860823053e-03
9.115224608836562659e-03
9.115622773403803114e-03
9.229133008670134530e-03
9.093345058245343518e-03
9.227619974205007736e-03
9.052025277131973621e-03
9.061079252484748048e-03
9.053493725792874716e-03
9.850794646967397580e-03
9.847783790209022059e-03
9.925546594464597708e-03
9.706430183445146492e-03
9.692142361450399937e-03
9.775717882895565425e-03
9.554720918343546227e-03
9.615801236244595276e-03
9.541764153246812263e-03
9.383851028155427987e-03
9.456103556121430581e-03
9.388902388236908952e-03
9.054092363979780039e-03
9.055114161978877751e-03
9.142081030140331022e-03
9.054659777203702062e-03
9.226328527962228410e-03
9.310311131108554503e-03
9.227606555413731676e-03
9.344283369098243391e-03
9.353261051555252989e-03
9.350396949635218086e-03
9.474128968367936249e-03
9.478739235348069073e-03
9.571404612098755732e-03
9.694024810053486832e-03
9.588334113958155852e-03
9.664043782881208411e-03
9.701944413722645225e-03
9.859180335531870024e-03
9.731328281603925101e-03
1.000000000000000021e-02
9.852755250134775239e-03
1.000000000000000021e-02
9.113227162077297550e-03
9.228820625890876012e-03
9.227055800183601303e-03
8.875306690392062436e-03
8.995150966035305937e-03
8.997495506846770602e-03
8.884113910641266293e-03
8.978700289374958940e-03
8.999882722659977713e-03
9.114483818269535076e-03
8.857003000419394131e-03
8.956211530906242960e-03
8.953852324055808221e-03
8.839530544964536996e-03
8.946437189442732127e-03
8.955366119366457017e-03
8.863162102685052252e-03
8.959704952156134078e-03
8.957974946219662143e-03
1.000000000000000021e-02
1.000000000000000021e-02
9.926620114047169860e-03
9.779728949589608020e-03
9.631088548504604038e-03
9.470406053726752871e-03
9.306098967945042322e-03
8.869704269494937607e-03
8.963082732590381407e-03
8.961747212722947706e-03
8.875576417298912044e-03
8.966391792770270208e-03
8.964879545647107609e-03
9.141779001352727876e-03
9.107740775861393814e-03
9.226828778989904986e-03
9.227008940713064822e-03
9.097829932611212200e-03
9.225050209783461699e-03
9.225036672963296894e-03
9.350926147653589732e-03
9.481530315948125467e-03
9.352708629078790303e-03
9.461590635374543534e-03
9.409388626872745853e-03
9.493705791155262683e-03
9.589025794671232616e-03
9.554022001772386613e-03
9.690647440822782940e-03
9.697680317496629870e-03
9.856206700649943614e-03
1.000000000000000021e-02
9.846727890793200919e-03
1.000000000000000021e-02
9.652020429648000208e-03
1.000000000000000021e-02
9.824443809734819538e-03
1.000000000000000021e-02
9.842380116083786212e-03
9.110876519889152952e-03
8.882884929941678095e-03
8.879262817936597538e-03
9.000902655398324015e-03
8.879959053688124895e-03
8.861659551579944075e-03
8.997705785050181052e-03
8.848437711188546217e-03
8.860166320960245409e-03
8.866484045107628567e-03
9.828646480580016664e-03
9.914563021447077990e-03
9.839533969786738027e-03
9.695442579776022626e-03
9.773537542779006312e-03
9.700848939859379322e-03
9.626243439925047385e-03
9.380487199194232142e-03
9.467659265137817748e-03
9.382078904894813887e-03
9.222631580414182226e-03
9.303299067192367239e-03
9.224390673974720498e-03
8.872656209688727785e-03
8.881698606596375931e-03
8.968378978214784289e-03
8.878628234839543165e-03
9.055774371572457640e-03
9.141080070545582609e-03
9.055389317738821858e-03
9.103361681269395850e-03
9.081802060082846614e-03
9.220688051659996914e-03
9.090659786360965125e-03
9.215520656282149767e-03
9.380003941126674460e-03
9.344752353546830273e-03
9.380316747012481041e-03
9.530330962270506384e-03
9.514420910831379932e-03
9.674944930732681456e-03
9.604635483656271538e-03
9.825513157167413761e-03
9.635341593016426287e-03
1.000000000000000021e-02
9.779047451204184171e-03
1.000000000000000021e-02
8.869139606453661437e-03
8.993208084972907981e-03
8.987920167165326657e-03
8.622217177815609188e-03
8.750580548130873146e-03
8.752269535938179273e-03
8.637954450593886627e-03
8.756458437888286345e-03
8.762868154918770566e-03
8.638345301729662487e-03
8.740129535937944324e-03
8.761311344407760049e-03
8.876487102456977543e-03
8.647666870023891506e-03
8.753505552371988394e-03
8.743491527285878959e-03
8.665135707869288384e-03
8.765258113654956704e-03
8.760880507096842351e-03
8.677451297771764799e-03
8.774640318550089302e-03
8.770161356119753754e-03
1.000000000000000021e-02
1.000000000000000021e-02
9.915842012261569596e-03
9.763270654034926152e-03
9.538258083809942472e-03
9.617125520033189059e-03
9.546300564944947345e-03
9.302573919939124622e-03
9.460467013772908343e-03
9.140223827101190759e-03
8.687764409237422325e-03
8.782700990749668993e-03
8.778633445727521828e-03
8.697007938996347345e-03
8.790366983556497510e-03
8.786228648853021753e-03
8.969735290775847358e-03
8.849817215696723777e-03
8.980992557980564672e-03
8.973074451667319151e-03
8.823146163542809964e-03
8.962895890025820642e-03
8.951402835586258835e-03
9.058795634450883885e-03
9.071512712941584566e-03
9.208427835126362093e-03
9.232718974668921094e-03
9.020992045197906428e-03
9.220696171444258543e-03
9.179775764144738198e-03
9.294449769083487634e-03
9.500285808660717188e-03
9.323493899001156909e-03
9.466436595386526487e-03
9.207090081161203865e-03
9.436624444922133217e-03
9.397585390573495387e-03
9.309721634467820264e-03
9.463587643638228519e-03
9.581846876184813705e-03
8.860149216339643571e-03
8.624400640078071223e-03
8.623584277800636771e-03
8.755470409290803946e-03
8.630433254821722605e-03
8.638306715499645752e-03
8.643168970467067502e-03
8.746186529652274708e-03
8.656588035531757874e-03
8.671407871505757217e-03
8.682672269077207350e-03
9.851569533468036363e-03
9.840260238412872756e-03
9.925771823723813017e-03
9.663475668490136006e-03
9.679265913016443096e-03
9.746832778834993438e-03
9.601666461090776691e-03
9.219108787373328159e-03
9.220768055851735409e-03
9.299891485660828627e-03
9.380051639770282251e-03
9.380185887604157793e-03
9.459291960178299596e-03
9.057468601690186333e-03
9.140089837780638812e-03
9.056553160884465645e-03
8.692412764581441617e-03
8.709638574796218016e-03
8.795609270247342973e-03
8.703341069723135107e-03
8.888328793000404085e-03
8.972036051262989587e-03
8.884983681194801031e-03
8.837419411372093511e-03
8.788033171421233761e-03
8.806862682201320111e-03
8.937432070532142989e-03
8.921856359552239255e-03
9.041787378973185213e-03
8.963841659409601745e-03
8.995342792983227614e-03
9.157633838284886044e-03
9.124131094233373443e-03
9.258598948156405647e-03
9.260083049642748795e-03
8.609114810194764753e-03
8.728637225918198239e-03
8.740881714433771515e-03
8.374726924579342646e-03
8.499029165811491232e-03
8.499872281218947764e-03
8.386673514742893146e-03
8.513784055949448135e-03
8.504048742441858155e-03
8.407427727564777825e-03
8.524206465668140650e-03
8.522437115063188906e-03
8.434101044069337860e-03
8.541993595082401219e-03
8.536004506902707123e-03
8.617317642910512360e-03
8.457562835408606941e-03
8.562386088203501749e-03
8.552352441549785494e-03
8.477372011356593129e-03
8.578407062321125390e-03
8.571023928454931523e-03
8.493757629482312846e-03
8.585430370569078692e-03
8.591725005959921502e-03
1.000000000000000021e-02
1.000000000000000021e-02
9.926930436897756296e-03
9.695887148663038732e-03
9.774816062924785581e-03
9.761997840106296717e-03
9.679846313047416745e-03
9.542378879357778232e-03
9.540273504767207355e-03
9.602934892971518380e-03
9.139257326100621789e-03
9.300633360227961166e-03
9.462362795356041648e-03
8.973857744816180967e-03
8.508024978688856835e-03
8.597771632859777316e-03
8.603462341908464303e-03
8.799940628881864138e-03
8.518139463178888565e-03
8.607513813195178526e-03
8.614906764320588023e-03
8.575538840670205928e-03
8.714485797627881392e-03
8.698255998265663064e-03
8.531561081012075526e-03
8.679123900541603487e-03
8.658388941218668478e-03
8.740668130628190605e-03
8.766098266417167786e-03
8.902179518279250761e-03
8.878639744476701443e-03
8.674224938920621283e-03
8.849544050398292297e-03
8.816129378397614264e-03
8.874911773989017927e-03
8.923578170225231199e-03
9.085106730718221085e-03
9.035085626567582531e-03
8.851290068052141552e-03
9.027405395553602524e-03
9.068721610536447861e-03
8.593254967204427483e-03
8.357183730361230495e-03
8.366465494115009338e-03
8.492336899779269824e-03
8.381069760043390743e-03
8.397397965950501031e-03
8.421099808084480873e-03
8.446099878607166503e-03
8.482401743064162808e-03
8.467656955114696155e-03
8.485689008870681352e-03
8.500966321718813473e-03
9.857778900001614233e-03
9.928841355317415129e-03
9.854679686946931499e-03
9.707854173765023340e-03
9.779627261688739193e-03
9.701887430022726813e-03
9.620127010374936172e-03
9.058543587522664697e-03
9.138874961995372206e-03
9.057918362125175205e-03
9.222711025980986216e-03
9.301491157577621363e-03
9.220836925190803793e-03
9.391212316458232359e-03
9.466923783675803422e-03
9.385611974332944488e-03
8.899069223806812395e-03
8.978250096330938138e-03
8.893671158592119166e-03
8.513103794168204452e-03
8.710501311724927823e-03
8.709994947021184111e-03
8.799386444724558581e-03
8.531968061404736348e-03
8.525071093555769419e-03
8.620868313851401746e-03
8.554777748019919831e-03
8.477876286575331682e-03
8.506245885298318113e-03
8.634489917672728138e-03
8.607486291247405663e-03
8.709827628198864302e-03
8.592945232720819448e-03
8.778671770879264979e-03
8.636266462585411030e-03
8.731049627407219335e-03
8.761433199344295306e-03
8.975983167420792386e-03
8.820894873806089248e-03
8.806170707921506455e-03
8.333410563047436229e-03
8.453509209243960376e-03
8.472780475433931008e-03
8.113232687847976229e-03
8.245084272142341394e-03
8.234459714141188422e-03
8.135408303958122783e-03
8.262187399698592630e-03
8.254497327896676354e-03
8.173227357457369183e-03
8.291382479265271485e-03
8.279515304627383526e-03
8.207532346882014454e-03
8.307080173287439626e-03
8.321812260670734610e-03
8.241686933445697277e-03
8.337532044574181081e-03
8.350579665663221060e-03
8.345997441380708856e-03
8.271172985883026504e-03
8.364060184826421079e-03
8.375167623938245889e-03
8.294431488390518678e-03
8.385656460642952614e-03
8.394968829277791450e-03
8.314031927058131155e-03
8.411886538303785590e-03
8.403705100061730632e-03
1.000000000000000021e-02
1.000000000000000021e-02
9.930005276135552353e-03
9.783921872055385480e-03
9.550316354818642883e-03
9.630214355969696216e-03
9.623065503219804459e-03
9.546317089258614733e-03
8.979677240153444151e-03
9.141620820157198707e-03
9.308105051248693335e-03
9.471920046120513650e-03
8.805820699207012395e-03
8.330886662843215232e-03
8.425336848268776685e-03
8.419315646189558591e-03
8.622231802023870226e-03
8.346153204945952822e-03
8.439847872046641816e-03
8.432041398178631922e-03
8.286635951168607947e-03
8.407875957998424063e-03
8.432395519297248079e-03
8.229033628811392026e-03
8.381287279232688472e-03
8.352004331835558709e-03
8.412005745996743722e-03
8.577275459036796945e-03
8.446777026894995710e-03
8.541060664723602175e-03
8.336605507776477519e-03
8.462799372584799834e-03
8.505172591882844899e-03
8.448369176011173362e-03
8.523485569912276141e-03
8.658476658221978678e-03
8.601184095325715637e-03
8.464443096752611445e-03
8.609925074489876984e-03
8.652781839389760837e-03
8.311062074975417505e-03
8.087877984803095235e-03
8.223567329310709981e-03
8.101158505526591738e-03
8.124788934186727082e-03
8.154831118882654994e-03
8.190817916478488128e-03
8.224979324751635623e-03
8.256711967292176824e-03
8.209705883329804568e-03
8.282989089941336647e-03
8.304356470726319620e-03
8.322534494038491895e-03
9.862988922585970777e-03
9.860379292067360593e-03
9.931422275779326972e-03
9.718407157978956393e-03
9.788028845676095824e-03
9.713131367946908901e-03
9.546354664179678221e-03
9.627037589755749192e-03
9.548181895570963945e-03
8.905100076145054666e-03
8.981815069993952239e-03
8.902012770032120478e-03
9.059955669913037982e-03
9.141402458244660828e-03
9.059147599881609697e-03
9.221489734891182011e-03
9.306521872034498322e-03
9.221983218540251437e-03
9.386537428333502700e-03
9.468630055399718248e-03
9.388740067604739101e-03
8.761880575517078107e-03
8.736401342135763706e-03
8.830361350713555532e-03
8.338557750555695633e-03
8.477743836476467343e-03
8.594657202176945662e-03
8.504616464286147287e-03
8.329562760612288855e-03
8.337746328843792520e-03
8.430818655759972011e-03
8.259138792190121731e-03
8.160163492798059096e-03
8.196111793523119457e-03
8.319516037221244206e-03
8.284470363537391538e-03
8.376213196019593327e-03
8.285073251328739508e-03
8.437698608363481539e-03
8.312202851421823108e-03
8.366404438622765741e-03
8.457280496882014012e-03
8.050136349100425054e-03
8.192624146107826272e-03
8.167319701562765488e-03
7.855364378617307741e-03
7.985030642804263543e-03
7.970812255648506567e-03
7.884055082224223146e-03
8.010505936128682614e-03
7.997964111633715928e-03
7.930215623357812424e-03
8.032252512038455181e-03
8.052528533125756852e-03
7.969103701965778858e-03
8.070663270677827864e-03
8.089187210653129775e-03
8.017844151549593720e-03
8.112269948353229357e-03
8.130608503780162657e-03
8.060948121328993798e-03
8.150926769665165980e-03
8.166818868609820523e-03
8.069793989520008051e-03
8.090153648225965194e-03
8.193073669381488108e-03
8.180367061544584553e-03
8.116731720442056999e-03
8.205341428964172887e-03
8.216150137540359499e-03
8.140393849991581568e-03
8.236383670837560747e-03
8.227015797088749888e-03
1.000000000000000021e-02
1.000000000000000021e-02
9.932602891586277474e-03
9.791817898558890024e-03
9.633640436358920089e-03
9.467766670275079219e-03
8.983371646713332603e-03
8.834152580536654836e-03
9.141704921828074440e-03
9.305148812713272613e-03
8.609629910480124174e-03
8.686318002466117752e-03
8.659774985030418634e-03
8.163236832017332564e-03
8.255420428871602587e-03
8.246914628405169201e-03
8.544267300947885890e-03
8.404191695447312677e-03
8.157442622966434506e-03
8.244125081477008885e-03
8.251754026661943520e-03
7.991976338776178579e-03
8.139941218191426228e-03
8.109313138956653413e-03
7.922562403405651946e-03
8.076037463396636487e-03
8.040090400146387983e-03
8.081765242617099457e-03
8.246575787055893461e-03
8.122493684978325523e-03
8.207478377264709746e-03
7.986560778459935589e-03
8.160490504269654957e-03
8.133616738823682552e-03
8.057731775815526673e-03
8.171005553445262123e-03
8.248758066268962671e-03
8.113338268121252084e-03
8.278363247200279731e-03
8.285990735484183994e-03
8.022157299969363831e-03
7.870249223736257987e-03
7.812688242831116250e-03
7.834719901480340434e-03
7.950877858711591709e-03
7.907725749898604148e-03
7.950139071834793486e-03
7.993957532530508725e-03
8.039803850707238908e-03
8.075784278935011287e-03
7.930470275000014307e-03
8.103623415661074039e-03
8.128691261091261847e-03
8.151905381386104210e-03
9.867326483817488725e-03
9.933532109177516112e-03
9.865140693661473420e-03
9.731005968643171786e-03
9.724713489171513472e-03
9.796849047355771917e-03
9.591299928887136658e-03
9.569088338288152598e-03
9.654628596476274791e-03
9.365322291153643439e-03
9.375682938497081897e-03
9.456332348845393129e-03
8.915048140907258153e-03
8.910015785816741835e-03
8.987532770371817886e-03
8.770711069010370814e-03
8.837862121632582627e-03
8.766240095101502858e-03
9.062183249714632349e-03
9.141915571741671825e-03
9.060956732014298354e-03
9.222433381598909088e-03
9.304663803342310552e-03
9.221843100206513627e-03
8.623450000579794411e-03
8.692617615201294126e-03
8.616534113924415386e-03
8.160277999893392545e-03
8.471001011973931100e-03
8.540371341568537070e-03
8.474272923131553545e-03
8.308225800451155690e-03
8.392968569914328186e-03
8.318756843549912280e-03
8.152156557637296394e-03
8.240815319247011064e-03
8.154728773308207376e-03
7.958514342456932469e-03
7.843820029757798268e-03
8.001659311718751014e-03
7.884463555527316397e-03
7.961513175006811049e-03
8.035856585922884071e-03
8.022702491427259608e-03
8.085706931066029626e-03
7.766383103716300272e-03
7.908669934194827514e-03
7.878197360478267006e-03
7.628612948596481640e-03
7.756820845726259198e-03
7.741240281361822656e-03
7.578103074775226038e-03
7.717105661358142875e-03
7.694541677658696573e-03
7.682267187188491706e-03
7.782570054165202644e-03
7.806840744632255816e-03
7.731670468446767003e-03
7.851047084503362528e-03
7.830421309362711399e-03
7.789720504338113784e-03
7.904468501294765678e-03
7.878971314685533078e-03
7.846570656737682226e-03
7.954448326408188052e-03
7.931797917710871684e-03
7.881737598955556798e-03
7.986627042056564443e-03
7.971028477022528910e-03
7.790341182158586064e-03
7.913551502660239392e-03
8.001577849909149304e-03
8.015833614741382784e-03
7.945208071087119309e-03
8.030736321549585693e-03
8.043479102044970644e-03
7.973344561660227273e-03
8.056677518825269141e-03
8.068947472114413461e-03
1.000000000000000021e-02
1.000000000000000021e-02
9.934742715893939494e-03
9.800224785022038435e-03
9.662132196853303115e-03
9.465420344853410148e-03
9.505525703099038104e-03
9.529001931771634293e-03
9.294817272758248636e-03
9.415946216160698407e-03
8.989435725503302013e-03
8.843574914482111443e-03
8.697738346060806744e-03
9.143295815919291400e-03
8.547857329805182147e-03
7.981477698128562615e-03
8.070059442987588538e-03
8.072238277016268240e-03
8.390251757459698742e-03
8.230717693538639954e-03
7.986567353186944940e-03
8.069902516394786632e-03
8.071926585903936580e-03
7.696526492090208400e-03
7.844340468965101121e-03
7.808518282599524914e-03
7.618070355229085953e-03
7.769988089144504520e-03
7.729928135795401459e-03
7.756814200641116465e-03
7.801404468800498052e-03
7.918272161869478395e-03
7.870628697261589785e-03
7.753202787371628671e-03
7.869517752594479276e-03
7.903247298768602269e-03
7.786269898511450314e-03
7.920347906165180543e-03
7.947560085899493462e-03
7.732495739039984411e-03
7.656052808528232209e-03
7.603995318992222072e-03
7.533133270060058534e-03
7.556301109384127267e-03
7.673139264465951570e-03
7.707506176418605671e-03
7.761243282143399924e-03
7.818646701199218757e-03
7.864439140189097288e-03
7.897866612043473108e-03
7.648847137306642036e-03
7.929563901566454021e-03
7.959407719395857062e-03
7.977423374538352568e-03
9.874565290861933575e-03
9.870956027765167076e-03
9.937128733067809513e-03
9.733924725006554493e-03
9.800515879033586467e-03
9.732386923160682435e-03
9.605573907220272059e-03
9.668102660648384555e-03
9.598416286067890102e-03
9.472109527279035796e-03
9.531589229734398205e-03
9.468710897638631802e-03
9.219183802103275011e-03
9.292416278297290985e-03
9.220658959761878978e-03
9.348410593403189139e-03
9.407018395959722973e-03
9.356672315165327769e-03
8.919187535660112048e-03
8.990768720625395838e-03
8.917014567374930908e-03
8.775180488390434477e-03
8.772862873924047039e-03
8.845151968426230582e-03
8.628942584282860498e-03
8.699852354536187840e-03
8.626127911668151488e-03
9.069429537740817532e-03
9.146020344964802748e-03
9.065710427427006377e-03
8.480411795416205323e-03
8.551901378499638523e-03
8.475657280766865642e-03
7.984003350330507592e-03
8.318997858682852103e-03
8.394968741441482044e-03
8.313578275170610543e-03
8.153599081031944265e-03
8.230857299828555490e-03
8.152820896110591839e-03
7.988683239234456793e-03
8.070354797550909065e-03
7.987578666558846699e-03
7.658361144983603930e-03
7.530346627331504714e-03
7.575178021875173667e-03
7.686255755236813536e-03
7.642604304528641777e-03
7.653393498368919572e-03
7.817851243066605699e-03
7.705623511673084097e-03
7.769829151945721428e-03
7.703207392105008294e-03
7.473020471587378880e-03
7.583885183474296798e-03
7.619722221678397640e-03
7.431515255295300174e-03
7.529492631678939667e-03
7.557273503791190825e-03
7.371856275083331529e-03
7.500495135535018357e-03
7.474339668740537755e-03
7.317345598568960295e-03
7.447851746295365907e-03
7.424510117270527107e-03
7.487491875765343689e-03
7.584358244091727111e-03
7.610064267867020817e-03
7.541531100539091564e-03
7.636152242493061439e-03
7.666284304954463363e-03
7.622928352712967509e-03
7.705920039231707076e-03
7.735347625049836598e-03
7.670083918233205032e-03
7.776486042127336330e-03
7.757978930202082471e-03
7.705680618258320749e-03
7.793408990548536357e-03
7.810217967953249178e-03
7.503887877993687186e-03
7.742177626534908416e-03
7.844308788945056343e-03
7.827603138958996037e-03
7.773261131484306141e-03
7.873941294341204808e-03
7.859021413394584946e-03
7.799655642734056038e-03
7.886325164807117191e-03
7.891103917091019451e-03
1.000000000000000021e-02
1.000000000000000021e-02
9.938344351824465392e-03
9.805411125475961207e-03
9.670641656601216760e-03
9.539796483219210865e-03
9.411041663569446117e-03
9.145204052186451868e-03
9.284567193765030577e-03
8.995188836782467418e-03
8.847922837988526912e-03
8.702732650037039303e-03
8.555275282442424689e-03
8.400351937178167014e-03
7.789544974900745877e-03
7.888672153963424694e-03
7.885398531895666460e-03
8.236899689762400625e-03
8.071669247838255193e-03
7.814610973509304032e-03
7.902165618219231941e-03
7.900491958374568011e-03
7.400696978511902592e-03
7.548288398207802889e-03
7.508542854950170549e-03
7.320030674890562646e-03
7.468349141174774122e-03
7.424440334569592549e-03
7.458653339459489148e-03
7.495194011926940500e-03
7.606614441640173474e-03
7.555276453388310061e-03
7.476903083450384645e-03
7.613505645873085495e-03
7.629828058353809589e-03
7.430968836745679290e-03
7.541373488254742713e-03
7.589948618294690627e-03
7.437708289962242925e-03
7.460049569189892114e-03
7.402292477364063629e-03
7.345213894376814538e-03
7.257754375385875104e-03
7.395386257317694383e-03
7.288225563296204558e-03
7.514984565437564552e-03
7.582899893894629040e-03
7.646870317850613941e-03
7.688132677863062855e-03
7.724147813498470627e-03
7.364641242551422419e-03
7.757875500421668527e-03
7.786563883897523568e-03
7.794542234628934994e-03
9.861471672056627488e-03
9.930627806654638082e-03
9.867834686856797807e-03
9.722141607529231899e-03
9.798225265643492263e-03
9.727796061300234345e-03
9.600213510668385852e-03
9.667007647183130034e-03
9.602728558735160180e-03
9.475047383852458829e-03
9.540394905764977562e-03
9.473467742449557735e-03
9.343976464982703747e-03
9.408119242084555037e-03
9.346033673350065060e-03
9.070674326138275165e-03
9.145025101240170096e-03
9.069912739971078622e-03
9.209022837064215553e-03
9.278809081658850530e-03
9.213908178130751289e-03
8.928537550889034322e-03
8.923771548432985271e-03
8.999101953633412490e-03
8.780533866879986285e-03
8.849969352874145767e-03
8.777768128514691973e-03
8.631238115991868298e-03
8.703288576330679358e-03
8.630000149154560748e-03
8.485059671634917478e-03
8.557006956168360448e-03
8.482662166372147150e-03
8.328492533368047485e-03
8.323693398234847940e-03
8.404459198357536534e-03
7.802126427332595898e-03
8.170409659994199922e-03
8.244654899232992454e-03
8.161987480075266754e-03
8.007240271431612100e-03
8.080338795787119638e-03
7.997960299636803355e-03
7.839810823585102034e-03
7.914154550803749466e-03
7.827241537571593549e-03
7.361148850599497605e-03
7.246331140148117023e-03
7.387420098725754579e-03
7.283842124774434282e-03
7.351765773689775997e-03
7.445127046061253070e-03
7.453921852437289663e-03
7.188861851271139032e-03
7.330623642040041445e-03
7.294059869716151834e-03
7.240719741724343031e-03
7.364387667480635884e-03
7.335612607229327620e-03
7.179127102480908733e-03
7.274958107282651285e-03
7.305504302214179888e-03
7.114531804973380814e-03
7.243250868192895736e-03
7.215344297545751330e-03
7.050475364878551476e-03
7.183810760200829044e-03
7.153486053569439382e-03
7.294130957554580130e-03
7.418172159367145135e-03
7.390324936481180995e-03
7.408103314005339175e-03
7.515912300302307787e-03
7.474483080109316398e-03
7.455101443594343985e-03
7.563063181468593701e-03
7.538659025108189471e-03
7.495540439691654802e-03
7.582495080309628599e-03
7.601108999895886224e-03
7.533945698478570346e-03
7.619522777549390426e-03
7.638582841459646416e-03
7.224007941908048257e-03
7.569607611311117944e-03
7.655634502017209624e-03
7.671958092812392743e-03
7.599467194134206481e-03
7.686150544271320821e-03
7.700117057878974429e-03
7.609576814511385262e-03
7.700021546607723963e-03
7.704455710575873993e-03
1.000000000000000021e-02
1.000000000000000021e-02
9.932055526855979380e-03
9.792938390222315562e-03
9.662167116227783625e-03
9.538565609339032941e-03
9.410404868555686392e-03
9.277337782574340483e-03
9.140648073352011446e-03
9.000431633029718631e-03
8.855359656430439666e-03
8.706604680167826307e-03
8.558742351402212276e-03
8.407387034827124364e-03
8.250012991643058610e-03
7.639300284421634592e-03
7.727416695401350191e-03
7.714285407526083604e-03
8.089362509362379647e-03
7.924026997594472987e-03
7.668670553832924661e-03
7.754699300613982806e-03
7.741524929519866087e-03
7.108810598032111808e-03
7.254135452346199657e-03
7.213727076089982045e-03
7.046892257149292224e-03
7.146047214413989157e-03
7.182719540983709822e-03
7.149851924455975782e-03
7.302790207117780368e-03
7.198458410554211748e-03
7.289032126265858856e-03
7.181451949176682718e-03
7.305006912574682661e-03
7.327733522274539925e-03
7.149507127421795595e-03
7.210464176542802708e-03
7.267889512898172318e-03
7.147406430011435559e-03
7.083082974781200296e-03
6.985173728095848272e-03
7.018402821771055691e-03
7.121163740185288728e-03
7.351914711341368813e-03
7.431953890044882237e-03
7.475599041992450622e-03
7.514981517487298243e-03
7.551965694936048704e-03
7.086416403239430457e-03
7.584665701893261378e-03
7.604549801646179504e-03
7.624512466744514522e-03
9.853079974597910018e-03
9.857080219832668397e-03
9.926265779457231486e-03
9.716262338811681651e-03
9.788864397233464423e-03
9.719046843696085500e-03
9.594074732994326005e-03
9.658209304209991464e-03
9.596955780540136760e-03
9.470236263007388369e-03
9.535368268901188438e-03
9.472463908871782065e-03
9.341157073114106021e-03
9.408225024231040012e-03
9.342397532978937574e-03
9.210241908423502308e-03
9.277198236884063101e-03
9.209487006259106656e-03
9.071324406946867230e-03
9.140250232295579411e-03
9.070848075544098166e-03
8.915394251850132859e-03
8.993227794954242529e-03
8.921742914466001054e-03
8.791213227609515415e-03
8.860107640964337908e-03
8.785813166397968277e-03
8.640375861268357466e-03
8.710548177617766230e-03
8.635730428018446522e-03
8.492664506972580699e-03
8.561954273875779786e-03
8.488786249817848600e-03
8.339657811461682890e-03
8.412361240157017681e-03
8.334019858992191415e-03
8.186081238898291340e-03
8.257255071461938600e-03
8.178213571119041098e-03
7.654038209827167955e-03
8.026849853391514536e-03
8.098575468695743892e-03
8.017033139078389228e-03
7.863650594382995754e-03
7.935372614451943751e-03
7.851740795580803775e-03
7.702668234033439518e-03
7.771143306578669023e-03
7.685721001466228573e-03
7.078408026978249071e-03
7.006862101799643354e-03
7.125823518711433061e-03
7.027218675600133135e-03
7.078167251045563470e-03
7.165715575210607896e-03
6.906614117629136622e-03
7.047197507881288944e-03
7.007140095282027303e-03
6.993498079857939607e-03
7.085853957804850653e-03
7.117253127473496636e-03
7.055467828653109834e-03
7.147649999981105576e-03
7.175011081512009184e-03
6.924482765432009475e-03
7.019020252672033416e-03
7.051821957459290455e-03
6.857343542977060134e-03
6.985813336220928274e-03
6.953407419493132062e-03
6.786506443970721607e-03
6.918203800463679221e-03
6.885318361415712976e-03
7.183790025989292109e-03
7.238737329745558412e-03
7.296253586867160711e-03
7.237679976658398587e-03
7.346752768240961962e-03
7.322542560782128659e-03
7.281614063247309789e-03
7.368034413397720438e-03
7.388984690841093883e-03
7.325094557535107367e-03
7.410010950551443841e-03
7.429944472555127799e-03
7.363899377428307497e-03
7.448629215718937518e-03
7.467173291782458130e-03
6.946462118163664219e-03
7.396895508767664836e-03
7.498620865224350611e-03
7.483003749919211155e-03
7.430194808184153489e-03
7.520286928235228423e-03
7.514625089288565728e-03
7.460231247716674757e-03
7.550176386714481207e-03
7.534749415936456592e-03
1.000000000000000021e-02
1.000000000000000021e-02
9.927894660502518606e-03
9.786123126032676353e-03
9.656181217160787408e-03
9.533140373282835908e-03
9.406604766931203274e-03
9.276529390142085676e-03
9.141603970120587910e-03
8.994313854201647224e-03
8.853993366566829948e-03
8.716502229700022128e-03
8.567139080173574034e-03
8.416761538209876006e-03
8.263416113743801694e-03
8.106989583443871550e-03
7.503393912054135903e-03
7.571218397306610573e-03
7.586418758923252521e-03
7.945746802903577016e-03
7.783591683452238674e-03
7.556331818715016253e-03
7.612381764096990203e-03
7.629826666250652881e-03
6.801743621236565514e-03
6.954433392886816279e-03
6.923470790491302769e-03
6.807785514006492109e-03
6.926781126522409647e-03
6.906756831411584550e-03
6.847789233161961052e-03
6.927027158320337406e-03
6.997368660072721645e-03
6.897238156342570814e-03
7.022454271023757279e-03
7.038179368637526197e-03
6.854766042249951785e-03
6.959497765850294025e-03
7.024961535480378494e-03
7.120439552911399066e-03
6.891422440650257081e-03
6.822428631807454617e-03
6.712745779022684031e-03
6.750107987944604579e-03
6.848489163491846068e-03
7.211096588648883282e-03
7.259936857774872652e-03
7.303622884032735969e-03
7.344716572780243639e-03
7.380546443887483175e-03
6.809206600692399407e-03
7.413665524172036343e-03
7.445297766952474645e-03
7.481918024535258102e-03
9.893988889205394474e-03
9.946629429052205457e-03
9.873956829537769778e-03
9.704343170314398692e-03
9.779104205094112101e-03
9.710080392411918337e-03
9.591268695008993081e-03
9.653853728408233470e-03
9.592494906636985993e-03
9.468409842066632248e-03
9.531403404773724011e-03
9.469138828746465758e-03
9.335752793904443167e-03
9.338277618652605569e-03
9.403216648571154079e-03
9.211760172439884681e-03
9.276574880148517541e-03
9.210847493902475647e-03
9.076818597100038202e-03
9.143614444425421373e-03
9.073935011093769987e-03
8.942137308384246266e-03
8.928731960184959834e-03
9.006788610912329351e-03
8.768121913325063396e-03
8.779508981966882911e-03
8.842247245848425946e-03
8.647121726164042760e-03
8.719297944667140504e-03
8.643667875452091739e-03
8.500855317224130514e-03
8.570655049498819913e-03
8.496678295044801654e-03
8.353496330097669870e-03
8.423091940180619727e-03
8.346521964695163137e-03
8.201523189480702455e-03
8.270573432932078889e-03
8.193758946546836341e-03
8.046345964187981079e-03
8.116177848662579908e-03
8.036575082053078536e-03
7.529985165206085247e-03
7.887159618773996808e-03
7.956954780359886542e-03
7.875401243618122826e-03
7.732933129794906588e-03
7.717824965106648977e-03
7.798214877027131835e-03
7.593749459034442734e-03
7.575092798450096254e-03
7.648102403876848136e-03
6.805172925404067569e-03
6.827950347471198680e-03
6.872497903458112990e-03
6.628918757242421682e-03
6.767077900020045285e-03
6.715045941060720884e-03
6.742476712271149031e-03
6.833068012046015528e-03
6.867980766336048530e-03
6.814161960027022291e-03
6.903440662682052732e-03
6.934966236203209643e-03
6.960841884275380080e-03
7.008036965018305323e-03
7.072393189987577489e-03
6.673161969271453400e-03
6.764832405959039091e-03
6.798690350190827320e-03
6.601743309886728452e-03
6.729280558140459875e-03
6.693712948731459812e-03
6.525199402747888615e-03
6.655443338567397678e-03
6.618567223286807126e-03
7.018348347236308925e-03
7.128273897987308719e-03
7.100745026582855161e-03
7.065662935110171052e-03
7.151350637503306983e-03
7.173949988280049588e-03
7.111241941626336716e-03
7.218546535985356956e-03
7.196131141176387996e-03
7.162601401546453417e-03
7.263622452571245197e-03
7.243569970757886452e-03
7.199362779100916543e-03
7.298473538157264177e-03
7.281377596775129649e-03
6.671220812087761028e-03
7.230098719650212592e-03
7.330539645705983973e-03
7.313289728317674127e-03
7.263823167181925403e-03
7.346850314236491250e-03
7.362452357713140591e-03
7.305286507908194046e-03
7.382591020213026545e-03
7.404737318985612875e-03
1.000000000000000021e-02
1.000000000000000021e-02
9.947900604486244885e-03
9.789535414350077069e-03
9.820823689940022874e-03
9.842357876026514713e-03
9.648740542203467288e-03
9.747643460140302876e-03
9.530852294849314482e-03
9.403126139747673001e-03
9.274519472883087021e-03
9.145089056676734829e-03
9.010216993205418662e-03
8.812687164955115143e-03
8.863900462886866935e-03
8.878008543017902945e-03
8.790506515614740154e-03
8.708085125619187752e-03
8.574584171729507029e-03
8.427748629037249903e-03
8.278059543834556319e-03
8.124450021436238276e-03
7.967241250431453259e-03
7.407365274201886847e-03
7.455259054508708849e-03
7.482155278739745577e-03
7.810464532651544001e-03
7.663652819952917160e-03
7.455031576184116028e-03
7.524641177993448421e-03
7.505539680081119332e-03
6.556146574233395752e-03
6.681119230700160484e-03
6.678494225464725979e-03
6.589190114947263491e-03
6.697907215443481971e-03
6.717552402734628531e-03
6.622368647897554188e-03
6.734239074589322936e-03
6.758790003426323224e-03
6.533292566168312325e-03
6.666600857587578165e-03
6.581270686660445693e-03
6.708254424755343177e-03
6.778740092292899130e-03
6.747365109138434361e-03
6.900673956982767733e-03
6.780753785055245245e-03
6.854333575719600245e-03
6.989870235032637907e-03
6.637891569147377595e-03
6.563887699814521456e-03
6.444010182169257125e-03
6.577796962785588571e-03
6.484969099594152520e-03
7.042298978243317735e-03
7.088715932611974399e-03
7.137200079313887717e-03
7.181166729734858589e-03
7.214846975318302269e-03
6.536091220261480879e-03
7.247062927635491286e-03
7.284669101559500953e-03
7.356611309251108975e-03
9.919899220269805251e-03
9.907183301741716644e-03
9.959714366693515550e-03
9.806873295318506434e-03
9.849907233299476719e-03
9.798268436206378912e-03
9.587974517530536631e-03
9.646217974004540549e-03
9.589423165878492930e-03
9.695262930649621233e-03
9.742386386993347538e-03
9.699570992180958293e-03
9.476451581736740695e-03
9.472283549390156376e-03
9.533937899078940778e-03
9.345684024148917177e-03
9.340584890023279768e-03
9.407225385658761832e-03
9.214905697331406825e-03
9.275408065023492410e-03
9.213178224640298369e-03
9.083426144248209211e-03
9.147681755252904875e-03
9.079982189610981760e-03
8.954885642631658926e-03
9.015917072479505065e-03
8.948405418053171495e-03
8.833364482489213312e-03
8.822973597137106702e-03
8.887729360127393646e-03
8.670694118177850809e-03
8.742256047876099251e-03
8.719392714709828934e-03
8.658898168423759256e-03
8.513813107251012174e-03
8.507274002302335839e-03
8.580511359495515689e-03
8.362442204169864488e-03
8.357890596234249236e-03
8.431690104574916800e-03
8.217484559039587785e-03
8.285494388668872279e-03
8.209453856940451127e-03
8.064731874963919356e-03
8.133113059738468487e-03
8.055503148696139051e-03
7.908848880013559859e-03
7.977567887732928478e-03
7.897984211574669497e-03
7.431289409957643130e-03
7.750345020372021408e-03
7.818702073021294163e-03
7.741609417287217791e-03
7.617411546921791857e-03
7.675101488238335323e-03
7.605580147683443405e-03
7.482004165402705853e-03
7.537799787458930936e-03
7.468535652267226446e-03
6.544867476525545805e-03
6.572801855263517637e-03
6.605787705752969204e-03
6.360240607567612184e-03
6.493858914726214834e-03
6.446420189592746465e-03
6.492981687655960919e-03
6.617591940543650700e-03
6.582702732639272337e-03
6.532382446329199066e-03
6.673185466567871892e-03
6.636956628061504992e-03
6.522113166958221943e-03
6.667353064534560850e-03
6.634714413065536526e-03
6.798535739320827297e-03
6.879429764228784695e-03
6.773263953664879558e-03
6.908605375998842259e-03
6.420849962098121831e-03
6.510933207544086949e-03
6.546756208608324988e-03
6.356590839616121924e-03
6.440604037966524836e-03
6.478816098425141390e-03
6.284537398978564358e-03
6.364044315128185823e-03
6.404432732993812181e-03
6.848597047620847908e-03
6.933161445738954612e-03
6.957346463924698673e-03
6.897961146660153836e-03
6.981518653683007822e-03
7.004861633440341226e-03
6.972412855057351193e-03
7.041582613964651044e-03
7.067784196087834904e-03
7.004182351973693536e-03
7.102065534351624868e-03
7.083128036598359059e-03
7.036243878913583591e-03
7.117597993047757553e-03
7.133477060394601693e-03
6.402374018985343418e-03
7.070919697523801901e-03
7.150349282904464032e-03
7.167713355994911537e-03
7.086913764044645500e-03
7.196623738062833155e-03
7.175255731662368019e-03
7.261011003810099312e-03
7.334356145347822528e-03
7.283046024237423317e-03
1.000000000000000021e-02
1.000000000000000021e-02
9.960749572162390028e-03
9.864038356381100298e-03
9.752194857132684760e-03
9.642538584100870946e-03
9.533092719733998049e-03
9.412161124161324069e-03
9.281205502295990228e-03
9.149951104619155270e-03
9.019859830741520576e-03
8.894696657131355086e-03
8.709513871903003246e-03
8.771960858513176001e-03
8.761048865171533820e-03
8.690160448877173871e-03
8.592917516660129873e-03
8.438721307414576156e-03
8.290476964519011283e-03
8.141624367894303646e-03
7.987274203322194954e-03
7.830043341977774296e-03
7.309334590530673637e-03
7.382470941809907324e-03
7.358222379979533281e-03
7.684190745868505444e-03
7.549986584512852032e-03
7.332601401697859227e-03
7.407586799525997349e-03
7.393764897926732686e-03
6.324656665217477138e-03
6.428509638330800330e-03
6.439739351173737539e-03
6.324922919287667873e-03
6.439875938586036436e-03
6.456170252983183672e-03
6.355418426912426248e-03
6.471471220463037057e-03
6.488024011127180128e-03
6.342649678901253474e-03
6.457290898152313018e-03
6.512987583158075244e-03
6.527430453966807586e-03
6.578022363549029632e-03
6.662376162690584330e-03
6.550350592309868610e-03
6.688352288826871980e-03
6.823854853463348462e-03
6.389052082662681487e-03
6.320884902883378009e-03
6.193625779028685656e-03
6.239339861391010600e-03
6.318242465853269978e-03
6.873546829390200091e-03
6.935535782384689638e-03
6.988480459321396061e-03
7.020341828369659580e-03
7.053688883905599553e-03
6.276674660935498487e-03
7.078957826799771313e-03
7.128153248072319551e-03
7.216689631265078494e-03
7.107624894599614759e-03
7.194805350991786280e-03
7.285255358015230338e-03
9.894237981600453868e-03
9.947011193383802422e-03
9.906720647082653888e-03
9.851839688143574497e-03
9.694585060925936526e-03
9.750858013496444682e-03
9.694753161654382986e-03
9.587298095952840465e-03
9.641355056890420216e-03
9.587442820060609536e-03
9.465853589477843041e-03
9.527053353133741603e-03
9.470867972215185962e-03
9.346870280952693580e-03
9.412077927310693107e-03
9.346116436814880940e-03
9.220516174929858574e-03
9.283309274084930104e-03
9.217559561558489115e-03
9.091231674656303011e-03
9.153163787075736801e-03
9.087185188797242824e-03
8.962702133458832002e-03
8.958659618606385627e-03
9.023172004658798831e-03
8.849193213517384318e-03
8.841196197030455270e-03
8.902068019582053821e-03
8.733264492878175037e-03
8.783287568456815339e-03
8.721348612505218714e-03
8.551135070298917368e-03
8.631000815652094260e-03
8.610920293975084933e-03
8.532512537553734941e-03
8.382661030944314404e-03
8.448269171926722429e-03
8.372511742235097185e-03
8.236032506911730375e-03
8.299243124556977130e-03
8.226713092940594538e-03
8.083790440495168539e-03
8.150646017068725879e-03
8.074221068943440716e-03
7.930056132585345044e-03
7.919425000865192368e-03
7.997390605344276496e-03
7.778258356204162220e-03
7.764302008859844118e-03
7.843538646532947564e-03
7.320978479564995041e-03
7.639582742023062582e-03
7.694923173755267333e-03
7.628483010823317208e-03
7.504018804584049011e-03
7.560667425725029964e-03
7.493004958529523273e-03
7.361816805347400072e-03
7.421853496496604204e-03
7.347224447920529949e-03
6.324925079866093244e-03
6.340180471694795150e-03
6.129732095429933636e-03
6.244441744408695157e-03
6.226809450989094843e-03
6.246343368013574163e-03
6.333283213438384469e-03
6.369432310069595392e-03
6.294586107022618650e-03
6.393377396478073030e-03
6.413347581710472992e-03
6.308585525251392961e-03
6.415307831035846342e-03
6.419991828973750647e-03
6.357413595368814271e-03
6.467712636460280773e-03
6.439480490795805936e-03
6.630815342509176376e-03
6.714376867710863429e-03
6.604696040692987352e-03
6.739836332487244251e-03
6.174145823199753830e-03
6.297162711927813822e-03
6.265035386187905835e-03
6.130881751989701763e-03
6.207517566780772558e-03
6.243371291720608771e-03
6.063011246407913266e-03
6.128213328512645448e-03
6.173370064395327685e-03
6.666236841480941214e-03
6.782246670285764847e-03
6.757078874280665788e-03
6.761566381958216028e-03
6.867071325644021063e-03
6.829483884770211864e-03
6.809603307278745861e-03
6.907105929806236534e-03
6.890717100976443549e-03
6.849456246392172584e-03
6.926601542830733600e-03
6.943070118096963603e-03
6.890271749604802605e-03
6.980830460187007792e-03
6.963090078269751695e-03
6.161891568815621410e-03
6.916497686005130055e-03
7.001935472584693530e-03
6.993562397681270769e-03
6.948495909117139054e-03
7.038597920730019740e-03
7.017576795892601152e-03
7.148815165512519693e-03
7.204854809005084397e-03
7.138507227831593534e-03
7.229341483937692242e-03
1.000000000000000021e-02
1.000000000000000021e-02
9.948479467037764021e-03
9.777484807492646882e-03
9.791818572512850372e-03
9.836741534638463250e-03
9.641913793399481750e-03
9.736754704965258286e-03
9.527614706015024443e-03
9.407384442493768595e-03
9.284563140357925820e-03
9.156658627810454476e-03
9.027698199829089706e-03
8.906479723730506212e-03
8.791712666444382457e-03
8.592366273176681515e-03
8.663416181017959475e-03
8.650922708684880003e-03
8.571800794060816311e-03
8.467615514003773089e-03
8.309876632581255501e-03
8.160436054151693624e-03
8.007412242191430315e-03
7.854596055809341670e-03
7.709261422291633324e-03
7.178285898882728194e-03
7.255709103952194018e-03
7.243730623254196824e-03
7.572100679780856616e-03
7.433191813679925972e-03
7.207278890913327608e-03
7.284823864073675624e-03
7.269880236884335330e-03
6.051000965177006849e-03
6.186922902092720916e-03
6.187121760004454622e-03
6.095288374621493470e-03
6.209343824986363058e-03
6.224595661299073962e-03
6.090448433177609276e-03
6.210542663866795189e-03
6.270746219923277291e-03
6.301802790856576852e-03
6.333259167095655826e-03
6.412476102392628517e-03
6.494967521666546693e-03
6.385204267888241331e-03
6.521696014305017677e-03
6.648765789411825895e-03
6.152741026596389787e-03
6.097221613012430638e-03
5.980549564046370309e-03
6.086651716686003293e-03
6.021966792350362530e-03
6.726985115853002101e-03
6.696749640174142967e-03
6.812310989916935122e-03
6.744376106624310786e-03
6.785763416203321151e-03
6.829685567205783479e-03
6.869988679969706025e-03
6.903457222420887260e-03
6.054995465331991338e-03
6.932570294960806526e-03
6.991772271754625144e-03
7.059865758894617524e-03
6.970217664766967941e-03
7.070521998677645539e-03
7.163581775635034961e-03
9.898997973549818544e-03
9.896567677335078861e-03
9.949270533430122632e-03
9.794488339307216504e-03
9.843940628316567854e-03
9.786036167003677941e-03
9.587605023364869847e-03
9.641202955037753500e-03
9.587248929215945112e-03
9.692205272340628092e-03
9.734811296842666231e-03
9.693191957416413818e-03
9.496075482601061199e-03
9.480996391793590841e-03
9.541686011549319404e-03
9.327736748303594103e-03
9.337051880823706365e-03
9.397491869524505353e-03
9.226068423449008959e-03
9.286657883549077896e-03
9.223129130029301612e-03
9.099946040824768295e-03
9.160338522804345462e-03
9.095439277092364980e-03
8.939187138130409369e-03
9.015476855132462802e-03
8.950638810836290815e-03
8.859081647675714696e-03
8.854030988973620592e-03
8.910979735195740520e-03
8.760773046033946965e-03
8.804946078466173789e-03
8.746985314784889651e-03
8.621695078097851503e-03
8.677494736718339985e-03
8.607015548186595921e-03
8.413687027093946433e-03
8.482386279789942696e-03
8.503774002307165278e-03
8.398149977483230361e-03
8.261224277784586303e-03
8.321951252671516697e-03
8.248601646544137175e-03
8.107034411768465620e-03
8.171547686238676486e-03
8.095379003414384864e-03
7.953471673233803926e-03
7.941731369495960355e-03
8.018626246595371779e-03
7.796049741151456387e-03
7.787107833450746495e-03
7.863045668217332959e-03
7.651492615416016947e-03
7.645501986349069121e-03
7.714905395169526642e-03
7.192801103492039126e-03
7.518898443346068612e-03
7.511435930662899510e-03
7.579259307097340262e-03
7.385266271145355006e-03
7.444599258075445224e-03
7.373534522433255675e-03
7.235125993820410752e-03
7.298427836566625561e-03
7.221209295315134460e-03
6.073179112063816290e-03
5.881972584762588246e-03
5.966290073581881868e-03
6.005172230925219512e-03
6.009281402903944580e-03
6.091469102885760205e-03
6.127507702358933953e-03
6.059346828993714129e-03
6.176739522728827772e-03
6.152509109127831353e-03
6.089280531171764425e-03
6.191528444693435683e-03
6.198792144631677138e-03
6.137585386563665715e-03
6.247426984775245225e-03
6.222798293850348439e-03
6.197296810937696909e-03
6.277105279156692391e-03
6.304888898912024489e-03
6.460168216896205497e-03
6.436517750625075224e-03
6.545230248280534992e-03
6.563397664111933309e-03
5.963419340178670140e-03
6.068467870555485470e-03
6.046907380620783826e-03
5.917029448561012851e-03
6.023627992031466670e-03
5.989865301653676463e-03
5.859266683550060431e-03
5.960780379634701004e-03
5.919837706623591080e-03
6.582335349606994318e-03
6.654542446476924278e-03
6.624174676791973193e-03
6.672105457677867182e-03
6.612180765415187449e-03
6.711030599588903474e-03
6.686661264451152810e-03
6.658979086842422776e-03
6.734075613375975836e-03
6.754392594040707805e-03
6.699369835237710749e-03
6.794980066314315961e-03
6.774212777984037377e-03
6.784224390425504583e-03
6.837132328408445509e-03
6.850499814396968611e-03
5.931306130614487880e-03
6.821074064043742419e-03
6.868676175266484260e-03
6.884915301376545380e-03
6.868152888582673352e-03
6.908255024798483877e-03
6.930121183560054333e-03
7.020543160097563427e-03
7.084587157208719829e-03
7.006194407247769672e-03
7.099641816291174697e-03
1.000000000000000021e-02
1.000000000000000021e-02
9.950810381479482589e-03
9.847838637792569877e-03
9.744370912176517074e-03
9.640893559622755460e-03
9.542533173182458570e-03
9.360976176621682576e-03
9.429331899343140755e-03
9.412981371177861836e-03
9.277493006611106999e-03
9.344385222370828539e-03
9.163781682209558993e-03
9.020631208974345949e-03
8.899442773477813512e-03
8.810290844802518007e-03
8.691863912609364140e-03
8.473641574982825747e-03
8.532993480721015947e-03
8.548264779464869248e-03
8.443796679887819595e-03
8.338078636445745567e-03
8.184673587755132707e-03
8.030747226575861777e-03
7.875239211471532150e-03
7.724186996439490888e-03
7.585495909048379365e-03
7.055229057343727524e-03
7.131478195132433771e-03
7.116677837080712977e-03
7.452318359170276296e-03
7.310472200762690477e-03
7.084940380157385247e-03
7.160270196491252785e-03
7.146053782680699198e-03
5.841122605953677667e-03
5.945432438164723749e-03
5.967544066878831439e-03
5.794203080875417848e-03
5.838007738868324255e-03
5.921827425552828386e-03
6.034547906456522171e-03
5.986548629304308707e-03
6.074531026385176363e-03
6.113654614488827493e-03
6.167669191306378480e-03
6.252023508494226542e-03
6.224845717784933605e-03
6.332023818200501267e-03
6.356150380434355540e-03
6.490572103693363799e-03
6.475496332868730699e-03
6.578232667297634513e-03
5.940482574042280257e-03
5.888356518007086850e-03
5.747573404199438421e-03
5.803445057001803409e-03
5.863501765257164190e-03
6.536616352031316725e-03
6.597415773174861511e-03
6.635744479492495899e-03
6.679314082914300857e-03
6.741984083771885607e-03
6.802742715514819780e-03
5.814680622493375445e-03
6.844699695016341449e-03
6.852893381285267774e-03
6.922251326639565147e-03
6.860485089043581036e-03
6.936960482795424994e-03
7.037921917200663444e-03
9.909061448642461981e-03
9.954382150963085249e-03
9.904074328836906180e-03
9.805579264634472353e-03
9.799976447492477274e-03
9.851938180475659779e-03
9.692619988158806058e-03
9.743571615197786293e-03
9.692215241135783768e-03
9.589432258589799044e-03
9.640941981058137600e-03
9.588310296013273851e-03
9.473995256413191707e-03
9.530973696561563513e-03
9.484666772605185661e-03
9.418548393521486775e-03
9.234563835553955338e-03
9.281175810336524459e-03
9.230161151021742602e-03
9.298674462086214607e-03
9.105134016213736053e-03
9.165727516690262006e-03
9.102353999046958535e-03
8.967617383969755940e-03
8.953320821028128151e-03
9.033907861427457886e-03
8.791077155736543025e-03
8.865802547098258074e-03
8.825003190909050388e-03
8.775899237072806031e-03
8.638636626743766145e-03
8.699752884637101252e-03
8.630065274289099378e-03
8.527083271744105922e-03
8.500467960804921133e-03
8.574440180900687672e-03
8.364666705718684647e-03
8.388998317896384505e-03
8.419379576349559496e-03
8.267579722252305433e-03
8.340809786635212941e-03
8.264306804313295562e-03
8.132516139235533917e-03
8.196893987301723250e-03
8.119742716885274339e-03
7.975994070816219347e-03
8.041471708712062683e-03
7.964673151128382617e-03
7.847785616998415384e-03
7.821980964264603139e-03
7.900595394584748396e-03
7.643721867041493312e-03
7.720091154295276314e-03
7.647541228729709539e-03
7.529697853154613922e-03
7.590636131926438088e-03
7.524262701041504672e-03
7.070100499119305083e-03
7.396769270133976039e-03
7.457810667719451392e-03
7.390987994854492094e-03
7.257326249885374253e-03
7.246215333842865973e-03
7.321279514262408680e-03
7.112221224666274468e-03
7.173640481899127598e-03
7.098583617906219570e-03
5.817655349607510178e-03
9.858406650964920970e-03
5.596583703500283662e-03
5.738357903374690511e-03
5.695047288968770743e-03
5.829380932535031291e-03
5.919045849763491726e-03
5.944088249179102848e-03
5.785068749562615083e-03
5.896864241450353560e-03
5.873964465732274542e-03
5.890064597701984671e-03
5.974446728529374424e-03
5.989534969188284666e-03
5.931188103540714629e-03
6.034276539501039205e-03
6.010003806390403110e-03
5.996062577894286164e-03
6.066636494391078674e-03
6.096641461207303117e-03
6.052223337407471558e-03
6.124572444572381515e-03
6.152121625352635972e-03
6.304931064356191113e-03
6.278648047624950379e-03
6.382349292392175411e-03
6.397809486809996789e-03
5.747666952964592020e-03
5.855236331656162377e-03
5.832120063227719600e-03
5.700772339544317793e-03
5.808518578959894277e-03
5.779847125585260356e-03
5.621612339627258398e-03
5.739891187210342284e-03
5.684519522407619624e-03
6.364956951896756469e-03
6.473670706971116143e-03
6.427629826882890959e-03
6.415982643155705538e-03
6.514180751221525581e-03
6.498894968884338062e-03
6.465430708175208888e-03
6.538605467107570790e-03
6.562333531370109427e-03
6.515289595203563149e-03
6.586944529877272227e-03
6.607479659133017567e-03
6.645222205568061813e-03
6.714745784982573129e-03
6.672224202786214940e-03
6.673542303219940665e-03
6.747401183510173296e-03
6.728726913743931191e-03
5.671858822539409956e-03
6.721750172827091474e-03
6.794990644895542234e-03
6.771261323345927931e-03
6.787586587277902490e-03
6.901466602394084465e-03
6.877254334357691019e-03
6.960921184371670831e-03
6.978544635563715959e-03
1.000000000000000021e-02
1.000000000000000021e-02
9.955899614672749157e-03
9.750532548474724961e-03
9.642054074204478228e-03
9.532774846419388506e-03
9.341967523658303851e-03
9.351166135285393297e-03
9.408862669371938561e-03
9.170674124147281184e-03
9.243942294529346876e-03
9.302647486234614030e-03
9.239091195874474249e-03
9.037189445318255521e-03
8.820820777573590635e-03
8.895003615646804654e-03
8.879936029631226024e-03
8.805918238126236863e-03
8.715599476107144250e-03
8.583302783148652818e-03
8.415740230871961852e-03
8.471622341256699815e-03
8.444515258911553315e-03
8.316392094116364583e-03
8.390284871280804038e-03
8.200481505392530693e-03
8.054739167366799235e-03
7.912262268539492494e-03
7.699996722484575389e-03
7.774148866812709106e-03
7.747789772557289560e-03
7.671936403579315659e-03
7.586936213822953121e-03
7.463477713207382520e-03
6.937696069237353838e-03
6.996393477419917892e-03
7.011503967099759309e-03
7.327287198542154108e-03
7.185008285704668797e-03
6.965270108887350493e-03
7.038947737583867506e-03
7.025059308232145701e-03
5.592223912742483490e-03
5.692680087074000229e-03
5.716061679741532738e-03
9.857810786980832768e-03
9.832312460220355918e-03
9.883206259418589323e-03
5.594408717174083508e-03
5.807420941900594616e-03
5.859914397769504756e-03
5.766564749106943208e-03
5.910818995545442933e-03
5.963815369051051786e-03
6.024312509631308057e-03
6.106403921617382068e-03
6.179029425726947564e-03
6.079475801199977006e-03
6.205693031871845414e-03
6.335091625971774575e-03
5.724404578703780853e-03
5.661282466604964855e-03
5.535911593230444933e-03
5.578747932426323004e-03
5.641262573749360708e-03
6.390643304268850237e-03
6.440870233212507047e-03
6.490517552322212606e-03
6.481413713951052896e-03
6.498322729412985693e-03
6.590172331085462909e-03
6.563433747565770165e-03
6.659442724448515726e-03
6.697758881612005458e-03
5.566283738609917146e-03
6.701632666152627753e-03
6.711655461463562206e-03
6.777324283285912458e-03
6.750849047890546302e-03
6.826296287810376152e-03
6.801750921770414841e-03
6.919613980211029337e-03
9.924159182453496861e-03
9.916751432078086542e-03
9.961966303607610457e-03
9.693147155926709960e-03
9.749691456695517774e-03
9.692666436204951455e-03
9.592778624730062542e-03
9.642850484643228012e-03
9.590890484965418003e-03
9.490209876739146011e-03
9.481966064384049833e-03
9.539916038276955237e-03
9.293552436637795428e-03
9.371559801866078537e-03
9.422639519601629099e-03
9.356760515381529544e-03
9.120573845546587483e-03
9.177699978061584080e-03
9.112725737217166125e-03
9.183050236791707663e-03
8.987259187791923551e-03
8.977326377100327409e-03
9.046309546346824326e-03
8.846973075594873406e-03
8.907358708256313609e-03
8.833822637088695889e-03
8.684501955011971266e-03
8.753255015251837703e-03
8.737757201900044068e-03
8.661593094061264403e-03
8.512060240118036678e-03
8.575709237630291248e-03
8.519483596202699627e-03
8.464203082314941326e-03
8.279639889704605224e-03
8.322125780370889098e-03
8.273527760244118665e-03
8.348146494395372597e-03
8.133104847990617337e-03
8.200357990581936055e-03
8.132679168701355266e-03
8.046615471067802838e-03
8.011452125880495767e-03
8.089533209385064288e-03
7.811388642425161517e-03
7.893897651841964500e-03
7.829430348929678624e-03
7.756000710038865251e-03
7.549636000384293485e-03
7.625189451223049475e-03
7.596653517684163852e-03
7.539639837507347217e-03
7.412099784471164361e-03
7.470874957832750358e-03
7.404404717410486766e-03
6.951492101755351628e-03
7.274400003420414436e-03
7.335568219591261617e-03
7.265840267038668927e-03
7.134993277479574104e-03
7.123596913778006655e-03
7.196148019674606863e-03
6.992141815923461068e-03
7.052156961331499177e-03
6.978706342486287913e-03
9.891750011531927692e-03
9.779341693875400268e-03
9.818867294271388727e-03
9.792009603443308299e-03
5.348024722688559003e-03
5.471529420231597933e-03
5.469584350615946423e-03
5.604026871388720528e-03
5.694283232600616355e-03
5.716394417893816415e-03
5.671868762084587325e-03
5.780726225844134980e-03
5.750420055588924967e-03
5.548088912945376046e-03
5.647563298248353507e-03
5.666176887684089628e-03
5.753726351003251444e-03
5.821736886494118662e-03
5.842367359876682494e-03
5.815806344880649834e-03
5.873379086571336657e-03
5.905862899643433105e-03
5.857003942512523272e-03
5.926361986965561143e-03
5.954552950062369163e-03
5.909257064530101106e-03
6.007815717368364915e-03
5.980564970708300912e-03
6.158839180117590267e-03
6.231704662737926406e-03
6.132773726868644484e-03
6.261905845292591033e-03
5.513581817348596828e-03
5.630181287514465956e-03
5.606926453336237397e-03
5.449419383827546620e-03
5.574515369855586634e-03
5.535322685312973542e-03
5.381292735116972696e-03
5.500870453300058666e-03
5.458444900515830103e-03
6.219647726521530459e-03
6.317869150539360754e-03
6.292104327021759251e-03
6.270205518243606065e-03
6.342897228711776199e-03
6.367899632456913012e-03
6.320920253102358354e-03
6.392994155290760219e-03
6.418232934344535179e-03
6.302803545812390128e-03
6.392204983512126196e-03
6.408793267784186620e-03
6.512695278562537389e-03
6.578822676206260052e-03
6.497134166311092397e-03
6.593204340732102334e-03
6.550398640040845655e-03
6.636227113747852034e-03
6.611827889689133805e-03
5.309212379811708779e-03
5.421988046337639436e-03
5.452145928296434768e-03
6.726305415652989589e-03
6.577402429286288363e-03
6.639620680704107387e-03
6.649461578737227152e-03
6.790485372052595080e-03
6.845894119843935061e-03
6.770710972737392468e-03
6.864245248896699847e-03
1.000000000000000021e-02
1.000000000000000021e-02
9.963365275415492564e-03
9.644007838889225026e-03
9.737237107630405605e-03
9.542406582326802902e-03
9.431778436706065444e-03
9.254475776817571928e-03
9.298277334663698421e-03
9.249042559044162379e-03
9.313850716038019062e-03
9.054714003942235592e-03
9.133792465612125197e-03
9.189013595383408589e-03
9.127028827718968590e-03
8.917878549734333318e-03
8.711194732380706657e-03
8.779719849187978681e-03
8.766006468231586982e-03
8.697792102431300618e-03
8.552584595704732298e-03
8.595482518542911510e-03
8.619063949258877824e-03
8.532360133382930686e-03
8.429952642465661505e-03
8.471005986768627080e-03
8.422746877205723043e-03
8.206853141247805183e-03
8.304854174260493591e-03
8.360291761873651570e-03
8.292207179903083106e-03
8.090064360216926709e-03
7.932793955595474761e-03
7.989895007234411317e-03
7.954256520169757788e-03
7.872405259101600272e-03
7.675524125902251707e-03
7.687649020037155487e-03
7.743706543105016195e-03
7.568948919907063540e-03
7.634512938209872188e-03
7.559262296906942361e-03
7.481147931135683805e-03
7.343496513096829485e-03
6.820048976758864324e-03
6.892821689921175242e-03
6.878822486163652453e-03
7.204923986881354644e-03
7.063770933732609926e-03
6.848207412699562277e-03
6.920346022254608709e-03
6.906704499126179245e-03
9.851696101465287625e-03
9.887977616194644839e-03
9.854576098788670260e-03
9.816445578605751884e-03
5.328663650266070133e-03
5.638102148321677727e-03
5.576213345971156241e-03
5.712947506541745518e-03
5.530992615377343033e-03
5.784942613752394776e-03
5.836543226467916061e-03
5.883262689315073117e-03
5.964255535301648398e-03
6.035154434556968574e-03
5.936908122506504362e-03
6.061547592845503186e-03
6.189413030771796949e-03
5.481606330002831463e-03
5.415400055894003736e-03
5.345231500874457128e-03
6.245084340327555772e-03
6.295705996565926534e-03
6.311871981387229442e-03
6.342148289600442294e-03
6.411629820516818838e-03
6.322572996540371318e-03
6.427521375843231813e-03
6.531628339227558630e-03
6.563952417803048736e-03
6.604785320220165658e-03
6.677926138363290270e-03
6.653141791642665052e-03
6.591134441130058925e-03
6.641445326007201430e-03
6.716093446162546381e-03
6.696072443552904437e-03
6.805285105011341963e-03
9.921472050759961095e-03
9.960596253996766708e-03
9.922624208987620292e-03
9.596991702976355107e-03
9.645237759089032165e-03
9.594654537440211461e-03
9.695330723969032560e-03
9.737491892205964519e-03
9.694017714274211911e-03
9.493376508323554674e-03
9.543178735908309368e-03
9.491519451025477727e-03
9.383830012569158510e-03
9.437082787586511048e-03
9.377547137137915573e-03
9.194926405260170008e-03
9.266785044064900639e-03
9.319311321665364745e-03
9.260463213981384722e-03
9.006449959331200988e-03
9.063644007502128300e-03
8.996734900184367306e-03
9.070889014469072156e-03
8.872458926211530816e-03
8.929954786625275698e-03
8.859633472062544007e-03
8.737555117713876121e-03
8.792324004704032969e-03
8.724308016884169473e-03
8.579263829171788688e-03
8.631872877569155000e-03
8.645765660667721619e-03
8.565866572987896818e-03
8.491690686034412960e-03
8.367825181411211316e-03
8.172721594674130230e-03
8.226178921324584989e-03
8.152931623797628549e-03
8.239209625690262565e-03
7.975530694225602124e-03
8.054610468498302894e-03
8.010943732985347301e-03
7.954202295742169096e-03
7.834680798811248167e-03
7.883721839621046085e-03
7.822992638143767830e-03
7.622443571027929382e-03
7.706404312674500906e-03
7.758833529641175238e-03
7.690972523629708950e-03
7.435583176146835782e-03
7.502544960015381306e-03
7.492604742737847719e-03
7.423823873633365704e-03
7.298154005037847149e-03
7.355114716450736681e-03
7.286262262843827379e-03
6.834136045556122446e-03
7.159407173667995360e-03
7.216896044770768244e-03
7.147188108558019844e-03
7.019840647615662767e-03
7.077405209523887110e-03
7.005987451179431467e-03
6.877124918682981335e-03
6.934616695395472326e-03
6.862668548581007597e-03
9.887765190925044620e-03
9.776574163432234441e-03
9.814315974938836798e-03
9.777725383887681324e-03
5.108087248706680988e-03
5.208121199919604760e-03
5.227567589598852184e-03
5.444251393984462888e-03
5.523946283087000954e-03
5.557752923430722518e-03
5.370581709236118759e-03
5.486926083218046646e-03
5.459107448638393298e-03
5.527461541280640107e-03
5.640365781960234894e-03
5.599498136915858487e-03
5.325256015079776403e-03
5.419173997813758921e-03
5.436286036077094680e-03
5.612256255302433203e-03
5.713907770413142843e-03
5.682825871713771335e-03
5.668060400831309055e-03
5.762455306793433200e-03
5.741752065276592432e-03
5.716258139800821196e-03
5.812671888936010896e-03
5.786460835324257895e-03
5.770040185353860450e-03
5.867094492386318132e-03
5.839476010906900945e-03
6.023368059366132968e-03
6.090932019722517313e-03
5.993976947417384814e-03
6.121518615810367381e-03
5.272929018059141840e-03
5.392750597799410642e-03
5.360982210003509621e-03
5.211562839527444403e-03
5.329950185911749502e-03
5.296263766976015523e-03
5.184646903348195945e-03
5.246894661834730460e-03
5.282579434126506365e-03
6.075539255104063334e-03
6.147400186772376124e-03
6.172907557231323630e-03
6.115277050150408691e-03
6.218149250071650092e-03
6.192535269751615890e-03
6.130095303895083912e-03
6.225239788588007861e-03
6.216503504925459909e-03
6.171204355883488056e-03
6.256747382868883302e-03
6.236853556491851400e-03
6.380768349728424375e-03
6.446598222715337924e-03
6.361544389467651932e-03
6.465692751006005094e-03
6.419940339753711124e-03
6.485049765350754669e-03
6.498779841327045892e-03
6.623158826315356067e-03
6.456190536355440636e-03
6.530588006190619563e-03
6.516697830901264574e-03
6.673388532391583659e-03
6.731879044219510506e-03
6.657444931013981396e-03
6.746849577304188904e-03
1.000000000000000021e-02
1.000000000000000021e-02
9.962210944682145866e-03
9.647232546732720238e-03
9.546147542613167558e-03
9.736896669878758459e-03
9.439503388126687169e-03
9.326169088963739626e-03
9.147515517437402113e-03
9.201159842419008236e-03
9.140490681460684136e-03
9.207956283565861544e-03
8.940192244952516187e-03
9.023081443086746617e-03
9.014620821764480346e-03
9.078592134380928172e-03
8.805672806983366047e-03
8.604905651475199674e-03
8.658088438569985432e-03
8.671804291751024352e-03
8.592027641104891741e-03
8.451114001243731702e-03
8.515668077198421809e-03
8.501844240618354823e-03
8.440466594797768965e-03
8.322018068996744553e-03
8.376026301244933470e-03
8.313362816454302959e-03
8.058721046423310969e-03
8.095803735348964386e-03
8.115982050966847813e-03
8.192942208540889351e-03
8.248940519768309734e-03
8.182780750107865320e-03
8.017304666933627519e-03
7.905466075898672645e-03
7.770840412338070151e-03
7.580883909277241241e-03
7.628204099712584951e-03
7.574873748795297665e-03
7.643904824724605425e-03
7.457098847485309906e-03
7.513035489709874587e-03
7.446317721058579205e-03
7.367129424778645456e-03
7.229018277809091085e-03
6.703780001485046790e-03
6.776130048025750044e-03
6.761870861782553858e-03
7.089832760593458780e-03
6.948664664546968898e-03
6.733754469678419202e-03
6.790954662322319473e-03
6.805584787657276147e-03
9.840328077937360307e-03
9.881524376795732673e-03
9.845773536011306892e-03
9.809172741839332701e-03
5.043035823368258522e-03
5.175478586923786331e-03
5.075597496466360478e-03
5.407523288673347396e-03
5.485941554046907566e-03
5.348041213158086227e-03
5.570000408269932049e-03
5.299191117246811189e-03
5.640294335399117023e-03
5.692297350220689930e-03
5.743279392641340020e-03
5.827049424078026979e-03
5.895477195923453338e-03
5.798692612053817606e-03
5.925180982147741984e-03
6.049604954730073737e-03
5.242296556085652807e-03
5.198148490491791805e-03
5.113599470043982825e-03
6.095530257501287699e-03
6.122759965331890132e-03
6.150747059296463384e-03
6.210124344546502466e-03
6.275993256369308271e-03
6.190753113543875918e-03
6.295524602503254144e-03
6.400431249101627175e-03
6.438127966548967684e-03
6.491797583559166807e-03
6.566720384353100411e-03
6.548212777170862690e-03
6.474043991527940120e-03
6.526178954801888261e-03
6.599883825135356707e-03
6.583742393836813055e-03
6.688601862049060355e-03
9.944737687642665400e-03
9.933477069040432678e-03
9.972173536676487079e-03
9.604470785079281467e-03
9.650086083347244464e-03
9.600516544958899098e-03
9.502541794405263559e-03
9.497752152795030031e-03
9.549920299008885297e-03
9.699797761832676390e-03
9.738297571751932183e-03
9.697344247066410836e-03
9.392676584851352220e-03
9.443187320470494348e-03
9.388038984445928881e-03
9.280180180746734273e-03
9.332155694549579272e-03
9.273309520269229153e-03
9.086065026664754546e-03
9.162560500912447087e-03
9.214862762164774748e-03
9.154874425671827992e-03
8.894232454532399745e-03
8.950470129117447937e-03
8.883234870902560407e-03
8.959376120246926797e-03
8.761639734770147389e-03
8.817155559906862325e-03
8.749505701612035266e-03
8.626950278920157353e-03
8.682348480942320146e-03
8.615846234835867687e-03
8.471894212283361675e-03
8.538926964757396001e-03
8.525638159235073357e-03
8.461433502240107984e-03
8.387022153347042583e-03
8.257900766833175393e-03
8.054810674172905791e-03
8.113797949841849988e-03
8.056692959131972476e-03
8.124296959430704623e-03
7.970255075304827352e-03
7.972819950152343002e-03
8.014550585100182339e-03
7.857010323863312246e-03
7.916272648802027967e-03
7.845816610106583558e-03
7.728157695537218354e-03
7.781422784990182744e-03
7.717254223977986979e-03
7.519241160790068185e-03
7.601615997574539402e-03
7.654010890376538277e-03
7.591227630523792770e-03
7.321514556457999791e-03
7.389575023449549383e-03
7.378555034085475077e-03
7.309816623912651808e-03
7.185209558873242516e-03
7.241687095844509536e-03
7.172296120024895284e-03
6.718777091151581504e-03
7.047440692652916228e-03
7.103424543762953611e-03
7.033632212974333213e-03
6.906686054155541585e-03
6.963264725251313257e-03
6.891903957318945909e-03
6.760645993666969042e-03
6.747200799315322337e-03
6.818879531765320058e-03
9.868713212489449091e-03
9.894353014771409618e-03
9.854809959956299312e-03
9.784285616079609407e-03
9.812208402956769729e-03
9.780282154623615512e-03
4.872039342540585190e-03
4.957153035655113144e-03
4.989607781697816789e-03
5.214511055550844973e-03
5.292386464393146819e-03
5.329019582892765249e-03
5.283783717377830980e-03
5.405223825100698501e-03
5.363838814791051582e-03
5.152674842037860761e-03
5.261268206676801909e-03
5.238779057570404005e-03
5.427982018118498488e-03
5.519961545205016862e-03
5.477663534516010249e-03
5.097817102957052753e-03
5.211103501538999483e-03
5.185191306787140415e-03
5.472457899991993273e-03
5.570127220715649988e-03
5.542201035349717149e-03
5.525730442489533260e-03
5.620894026170607759e-03
5.596727303311984161e-03
5.577320183151497635e-03
5.673584481194031415e-03
5.646622948295524150e-03
5.632009304625282785e-03
5.700853286812075475e-03
5.729463677328966095e-03
5.880712456983177606e-03
5.951852658354008126e-03
5.854021500682991645e-03
5.978124562665380025e-03
5.043925485124836454e-03
5.157947323487405665e-03
5.127582420982343056e-03
4.981820326665036686e-03
5.096157839249457720e-03
5.082923214554843985e-03
5.012504616301154299e-03
5.932219391811885748e-03
6.003691253407660543e-03
6.023768012132051965e-03
5.959647649589604537e-03
6.044912120135993543e-03
6.037256858124604754e-03
5.999981068566394467e-03
6.085638269115812952e-03
6.064887527255369282e-03
6.040397283928940556e-03
6.125313657450232561e-03
6.105651045582934262e-03
6.251684776176081280e-03
6.230989840658585424e-03
6.316094487064537535e-03
6.335893284334952712e-03
6.300461152562915682e-03
6.378404085380848937e-03
6.360087358378179075e-03
6.509027058287952285e-03
6.342958390362550547e-03
6.417447863292728705e-03
6.399477322664240582e-03
6.559730066144934743e-03
6.616503765830795622e-03
6.542983866241384658e-03
6.631856660738046950e-03
1.000000000000000021e-02
1.000000000000000021e-02
9.973466062078537031e-03
9.907482734243293343e-03
9.653224840952904715e-03
9.554513643822221819e-03
9.448569437398324569e-03
9.743140407499064834e-03
9.337285028389645525e-03
9.222190358848416161e-03
9.039237404803500062e-03
9.093560464829623241e-03
9.031001491830104727e-03
9.101680575739878529e-03
8.828609773588434045e-03
8.912944226990054258e-03
8.968174448830013717e-03
8.903450563039341098e-03
8.694916952566385596e-03
8.493521778273498135e-03
8.560784479300165631e-03
8.549311432632877850e-03
8.482634141573755504e-03
8.341505165778138539e-03
8.407171456993095884e-03
8.396379507034517492e-03
8.331690616740343794e-03
8.197992255050991911e-03
8.260089950005718162e-03
8.195353444588486524e-03
8.012711893503166038e-03
8.109497061856091663e-03
8.082224290945641543e-03
8.151223151491056654e-03
7.913857838721012616e-03
7.792892864212472466e-03
7.665166808911538614e-03
7.473045519901615023e-03
7.465040759686869011e-03
7.526987724885164655e-03
7.537603471447809969e-03
7.343572851104782605e-03
7.400360926050979747e-03
7.332523477881160504e-03
7.253605796632671063e-03
7.116542678300881615e-03
6.592139385271177272e-03
6.647920358121161069e-03
6.663052050121160731e-03
6.977257296709344324e-03
6.833828081555454355e-03
6.621168016866689661e-03
6.691018397091151593e-03
6.677441993990190609e-03
9.827805067045006920e-03
4.822708177497205505e-03
4.847414679965279805e-03
4.932470046890105077e-03
5.249254743968279416e-03
5.183675532340488099e-03
5.355870148115466495e-03
5.125326349428567171e-03
5.450312387848874236e-03
5.070933247542423750e-03
5.499222520544490116e-03
5.551652572280762511e-03
5.604789051295235199e-03
5.686901150421483711e-03
5.756796706496639625e-03
5.659579792727628851e-03
5.783771030255163877e-03
5.906599004361545203e-03
5.012893544858197659e-03
4.901955603523648099e-03
5.946022481189370060e-03
5.979911037307328314e-03
6.020279726273782342e-03
6.081378024159134893e-03
6.060971409149133911e-03
6.145612271948612017e-03
6.166594940887911054e-03
6.276159775661001479e-03
6.321778266657272771e-03
6.378845426245919811e-03
6.452584036837302230e-03
6.435238872571628910e-03
6.360949812707491872e-03
6.413937022230055233e-03
6.469989185538245133e-03
6.486906864116642572e-03
6.575955154136143600e-03
9.927261099354550353e-03
9.963709095114865050e-03
9.935540549751764594e-03
9.899321729782105395e-03
9.612619219946398966e-03
9.656445565938706968e-03
9.608325737838499525e-03
9.512796452906304920e-03
9.558856779824610392e-03
9.507460888437393662e-03
9.407326483033053369e-03
9.455131607988406447e-03
9.399822421024122202e-03
9.705306827682981530e-03
9.745005102412386891e-03
9.702322649010912056e-03
9.295591872641940229e-03
9.344317048106008314e-03
9.287713638432448793e-03
9.178887958559601642e-03
9.229744566320372337e-03
9.170553389303424258e-03
8.976810927237807367e-03
9.057377175114175033e-03
9.048152225996041603e-03
9.110176339103293400e-03
8.783078064104296243e-03
8.838797495469230547e-03
8.772241726479966528e-03
8.848683411938113377e-03
8.648398452351949151e-03
8.637577747392153824e-03
8.705172027682478442e-03
8.514706893595833104e-03
8.504030021481232687e-03
8.570958596753499095e-03
8.361028060795387337e-03
8.427769343794704396e-03
8.416553306611571431e-03
8.351189760211459936e-03
8.270255831433729818e-03
8.153951687648760410e-03
7.903943974658968197e-03
7.979673404044894391e-03
7.937019908898087020e-03
8.007243720386846356e-03
8.058564631467108469e-03
8.030927679104196693e-03
7.880518622859459740e-03
7.753925016405267823e-03
7.805483043752221677e-03
7.741023042967587475e-03
7.622605167653116395e-03
7.675407363911577498e-03
7.612087369144954208e-03
7.408563905899156858e-03
7.493516073459474160e-03
7.547599807048451827e-03
7.483258128074750035e-03
7.210213770652010995e-03
7.277138228376705403e-03
7.265880979399698229e-03
7.197696095327023140e-03
7.058270001432971098e-03
7.121765297510165328e-03
7.052816122662936178e-03
6.606664626063430204e-03
6.932524871731938175e-03
6.919598248838858268e-03
6.990014789982482331e-03
6.785455600004798582e-03
6.773046995271828075e-03
6.846096556604693191e-03
6.647856260951517070e-03
6.634516987579989165e-03
6.704256343345653575e-03
9.787210756751424726e-03
9.828184347359686379e-03
9.785530461914123887e-03
4.639580460604588244e-03
4.730721659226946700e-03
4.755384672566131780e-03
5.055990711476051475e-03
5.135089796674464913e-03
5.169555103930722692e-03
4.990621328482397305e-03
5.102198362538135426e-03
5.071487526090526568e-03
5.252454905705458699e-03
5.339988665255662563e-03
5.268242905346617357e-03
4.932948513520467836e-03
5.015229647466310989e-03
5.042422586922359201e-03
5.362222700153820160e-03
4.876073247552458433e-03
4.986511688875022025e-03
4.959855811639253195e-03
5.326268486998825269e-03
5.425838886134433728e-03
5.399195901041420158e-03
5.382006363971407643e-03
5.479540897367072769e-03
5.453699185941787361e-03
5.438759027677447615e-03
5.535289384918515125e-03
5.507875314849796158e-03
5.494943667806010540e-03
5.590856214228360696e-03
5.563310149038214192e-03
5.739519491459310965e-03
5.713330406718192082e-03
5.809934706236889387e-03
5.835860693448537313e-03
4.812639147705581773e-03
4.927778861526781184e-03
4.897113104728163455e-03
4.763616619530821640e-03
4.793194485491869550e-03
4.872278269073750979e-03
5.785107016549876323e-03
5.872392237069755903e-03
5.858473884388653782e-03
5.827911922131893269e-03
5.913970783044029088e-03
5.893620428071393025e-03
5.868372075652624094e-03
5.954415670350453327e-03
5.934018707565341492e-03
5.908063911747678948e-03
5.994756503224999387e-03
5.974076051670049355e-03
6.136294935472186296e-03
6.108938362465211012e-03
6.193870302035359154e-03
6.218436785464805973e-03
6.196098640149329956e-03
6.248173319228872598e-03
6.269573022177964833e-03
6.396430585771706138e-03
6.231953546929268513e-03
6.305447681318770113e-03
6.287361471998122002e-03
6.450524076684433991e-03
6.432264467220648492e-03
6.505073290900670845e-03
6.521403611032499173e-03
1.000000000000000021e-02
1.000000000000000021e-02
9.965596196422612726e-03
9.853190781661261277e-03
9.860552216771928391e-03
9.891193551144948637e-03
9.660083892480592765e-03
9.563747483104005631e-03
9.461011378453723294e-03
9.352355442810470279e-03
9.747371838498464572e-03
9.238082097524797157e-03
9.118924516294512825e-03
8.931428821914411467e-03
8.922042446404900712e-03
8.985531971021356798e-03
8.995146272664726605e-03
8.716387752298212360e-03
8.805361890042731621e-03
8.859311325734191278e-03
8.794093817720800149e-03
8.582122626939990562e-03
8.380645647502191556e-03
8.448189973527959681e-03
8.437195450220686885e-03
8.370750716074586498e-03
8.227799681772979268e-03
8.294871763364396536e-03
8.284736710674185309e-03
8.212861047274913270e-03
8.046189324533995629e-03
8.122450527478158183e-03
8.077769323089995998e-03
7.955846908608867757e-03
8.026735617207386014e-03
7.829346624496889145e-03
7.688576924142323347e-03
7.558342288003794436e-03
7.366170590440438738e-03
7.419635382097999887e-03
7.354853422653022561e-03
7.430098786576937696e-03
7.235308030855485892e-03
7.289467012753250708e-03
7.222745849774079262e-03
7.134508917962779917e-03
6.995576239757694478e-03
6.484385054911879359e-03
6.538225134070737091e-03
6.552845969123894700e-03
6.859168421955317597e-03
6.716771982227261184e-03
6.512387335084588239e-03
6.580194514797034142e-03
6.566762113360283259e-03
9.821125029357159059e-03
4.602087126418013575e-03
4.712008772850538943e-03
4.620873849881448371e-03
5.023370311921055917e-03
5.095672773837625798e-03
5.075898560129056547e-03
5.189467172938155674e-03
4.961843208518067899e-03
5.173996112404650842e-03
4.904552335147388531e-03
5.289477040871702618e-03
4.844358789719478177e-03
5.354244798876921403e-03
5.410491795807256810e-03
5.466958813216314661e-03
5.548298880935339551e-03
5.617427058500701169e-03
5.521726458148645995e-03
5.643868428826584287e-03
5.762419828153006636e-03
4.788115020978826221e-03
4.682549059976749521e-03
5.806605928340632071e-03
5.848230005657290877e-03
5.888298756037163573e-03
5.954541016745719222e-03
5.931383295342955962e-03
6.017823178741442056e-03
6.045480238898197009e-03
6.166300421591816572e-03
6.214078870062217201e-03
6.267083602262919773e-03
6.322879998441909878e-03
6.340557668598208185e-03
6.249565464591837552e-03
6.311690797612648680e-03
6.362743272652390814e-03
6.381146297832272600e-03
6.467479401234793590e-03
9.940069545390799524e-03
9.933772816102843725e-03
9.969904334493847470e-03
9.869588104734074163e-03
9.898046626934752998e-03
9.861450853361711927e-03
9.622143039542922424e-03
9.664010225060946230e-03
9.617156590844534725e-03
9.524941736249710814e-03
9.569041512554610218e-03
9.518657061581241655e-03
9.421109263796308142e-03
9.467192931168967596e-03
9.414020535326462352e-03
9.311563824228609107e-03
9.359683896442932624e-03
9.303397932552533167e-03
9.711953573622623959e-03
9.708401881356010926e-03
9.749825252886257232e-03
9.196328951930501580e-03
9.246199599836198157e-03
9.187433299511053170e-03
9.075255411883028506e-03
9.127303925212073427e-03
9.066139440646266839e-03
8.869049949624225118e-03
8.951363078027230885e-03
9.004585956982117528e-03
8.941236122474806314e-03
8.671677294168884595e-03
8.727562273090646791e-03
8.659932047507033423e-03
8.739182239928922069e-03
8.531563262913667220e-03
8.590181442045383489e-03
8.523037477978320786e-03
8.402485357023186524e-03
8.458733477128806480e-03
8.391485848710049031e-03
8.223267387727247260e-03
8.302570540515087985e-03
8.292309002910305121e-03
8.225376086387367267e-03
8.123254893442377264e-03
8.160551232062929899e-03
8.175772581785142185e-03
8.084875672454194806e-03
7.910192170972812215e-03
7.958774942408021469e-03
7.906983621494605152e-03
7.978575462206141319e-03
7.779036440547520796e-03
7.841544559933938396e-03
7.766451749438558691e-03
7.647351879063575553e-03
7.700677106923293526e-03
7.634957568955765689e-03
7.515102809152873244e-03
7.568900411678650304e-03
7.504289063578543396e-03
7.300986315278343991e-03
7.387991807540798990e-03
7.440790718398011296e-03
7.377061612332671409e-03
7.112787161122588984e-03
7.161503806459358114e-03
7.174243589841060829e-03
7.085565301328464183e-03
6.916253084124632418e-03
6.987391030988167676e-03
6.924352340915518843e-03
6.498401677808078765e-03
6.792712871439656776e-03
6.862693409320754813e-03
6.789065011626190839e-03
6.669428532611158117e-03
6.727472052929189643e-03
6.658641418063575811e-03
6.537228092743762285e-03
6.592551544949296939e-03
6.524819682856547627e-03
9.795546262768474108e-03
9.824418191423321331e-03
9.791222850700017841e-03
4.410474385519095111e-03
4.505830382557344041e-03
4.524626013002433673e-03
4.838074744300156597e-03
4.914214955886989436e-03
4.946694780982138079e-03
4.905435621740624787e-03
5.000310867740677921e-03
4.980573728118658540e-03
4.773023900620225468e-03
4.881451035648746301e-03
4.852850086848005048e-03
4.982935684723142737e-03
5.117203559077088300e-03
5.039239331743247501e-03
4.711479688101577641e-03
4.821795268822283258e-03
4.793641438469734874e-03
5.150203255414011021e-03
5.201274358924040317e-03
5.238077702358492384e-03
4.648893419622152426e-03
4.762009994813136589e-03
4.730637457050158347e-03
5.184528844930611467e-03
5.283109231715160323e-03
5.255244511730729901e-03
5.243697313281810504e-03
5.341103868866063989e-03
5.312696254235388382e-03
5.303758295807648772e-03
5.399256334746445687e-03
5.371102867094700722e-03
5.358573516390777516e-03
5.426594930756498646e-03
5.453368524132678336e-03
5.596342160157066238e-03
5.572418678999424384e-03
5.667747546297415180e-03
5.690704207038092821e-03
4.561951497796643169e-03
4.686676315535751904e-03
4.662509877140032059e-03
4.582079256715508413e-03
5.647050593248199510e-03
5.737479768194454419e-03
5.715904432706295224e-03
5.690613670332873159e-03
5.779501336085267511e-03
5.759088893224575782e-03
5.730754169164213249e-03
5.819418048424180277e-03
5.799386964563001644e-03
5.780762000613315008e-03
5.867656927392267754e-03
5.844256003454209071e-03
6.049216665597300854e-03
6.092657076494674764e-03
6.002055565331110981e-03
6.122689290140234490e-03
6.086384104128265277e-03
6.159196919451542275e-03
6.141135506892333486e-03
6.289440398824496306e-03
6.125792920449508842e-03
6.178771206471686539e-03
6.196455763140759805e-03
6.349009688711493293e-03
6.330388228193377549e-03
6.399711079267779608e-03
6.416734006384921564e-03
1.000000000000000021e-02
1.000000000000000021e-02
9.971727163940563923e-03
9.906300458496481928e-03
9.833803548574701625e-03
9.574600019190764380e-03
9.668182457274633948e-03
9.474008196846527702e-03
9.367247784579266559e-03
9.254803156721955540e-03
9.754989449361586504e-03
9.136605803868432657e-03
9.014054076271538207e-03
8.825252237346850950e-03
8.815171785758118411e-03
8.878532945042464167e-03
8.888987806210795276e-03
8.602268973199145990e-03
8.695802288094418853e-03
8.683627225253157458e-03
8.750799030886003901e-03
8.467511624309935828e-03
8.265194867515628790e-03
8.334326848293341361e-03
8.323019319387394213e-03
8.244215198309775769e-03
8.113516681225060173e-03
8.170753798293182643e-03
8.168696598991630198e-03
8.118305626058400573e-03
8.038844113128324267e-03
8.042440095070921280e-03
8.081140477885653470e-03
7.844950316229953521e-03
7.933859942386439421e-03
7.990096817344678401e-03
7.921988991792461993e-03
7.713520027744355176e-03
7.581535317247711965e-03
7.451808383720822347e-03
7.259340609435229255e-03
7.312793541772552759e-03
7.247308724005772050e-03
7.323916133352540575e-03
7.135093111715110591e-03
7.185228804630184631e-03
7.123923668273885769e-03
7.006917770145903307e-03
7.032555539658565461e-03
7.059978584899622399e-03
6.961679987232710642e-03
6.854614174224683484e-03
6.380381342517981065e-03
6.432345761923591830e-03
6.446417662441698143e-03
6.731171803571417943e-03
6.603402589459395761e-03
6.404267005864053980e-03
6.470778093318097987e-03
6.458310039907444629e-03
4.373632970551779263e-03
4.392093324819964020e-03
4.487454253932821914e-03
4.871802905258848515e-03
4.805582101614832083e-03
4.944242261451716781e-03
4.742274286813516829e-03
5.066479711931052773e-03
4.680186904121103747e-03
5.167432019954196730e-03
4.605347105210872219e-03
5.214200853900887930e-03
5.273819966137081698e-03
5.331254656591581133e-03
5.409057340568695742e-03
5.383900588065608853e-03
5.478505724965270808e-03
5.502657569166543965e-03
5.621793744603852463e-03
4.467366216664533062e-03
5.668918139129447767e-03
5.710762691023049849e-03
5.755843551417842881e-03
5.904021536961739577e-03
5.929223311769270949e-03
5.842597789659259577e-03
5.976645659342681195e-03
6.067859342103508816e-03
6.106149069100884688e-03
6.173709030044298093e-03
6.242712216753538816e-03
6.220310419999380488e-03
6.149817427844049382e-03
6.214260412493932337e-03
6.281645631392634987e-03
6.262901533073910940e-03
6.364724003817960260e-03
9.948709423414255071e-03
9.944406894658922719e-03
9.974233827233244462e-03
9.884434949456162231e-03
9.912145107492536383e-03
9.877009878468649348e-03
9.809772088092680309e-03
9.839675829724517375e-03
9.802535112709256232e-03
9.538551105954170065e-03
9.580658066101194539e-03
9.531540078640928643e-03
9.633620636710780311e-03
9.673097704997871138e-03
9.627661416156250984e-03
9.436288911105802923e-03
9.480906558927049491e-03
9.428497629867050103e-03
9.328736878836086169e-03
9.375199328475735186e-03
9.319966863983788000e-03
9.215320283052197067e-03
9.263708712436423062e-03
9.205652396760830719e-03
9.725870640557209013e-03
9.760928631712186346e-03
9.718745777987633505e-03
9.097635312261662457e-03
9.086275475103933186e-03
9.147206915995072934e-03
8.961412849503122557e-03
8.956115361878827855e-03
9.018578798273745034e-03
8.761165546813784802e-03
8.843052822546089084e-03
8.833993082952462661e-03
8.897462163339954488e-03
8.555909026207357895e-03
8.543641862325604408e-03
8.614028736985577736e-03
8.626520760838049182e-03
8.425037870509195781e-03
8.478429877237422460e-03
8.413676862918597829e-03
8.291310920941782556e-03
8.347018650873902837e-03
8.278193698370050688e-03
8.123400406682683428e-03
8.173309842202654968e-03
8.194742462761759119e-03
8.085826670477525013e-03
8.099608106275687364e-03
8.154892823345418276e-03
8.076318930169960886e-03
7.986577406434365242e-03
7.807118805924399309e-03
7.858694245114452442e-03
7.793053729061931792e-03
7.870807971840122763e-03
7.681983325976273619e-03
7.664656581950591609e-03
7.730529320177758311e-03
7.541265491586894576e-03
7.528167380514844131e-03
7.594365645201736278e-03
7.409814388429790746e-03
7.462505833565499964e-03
7.398883445676213144e-03
7.197432676921252694e-03
7.283047910030566487e-03
7.335566669138784274e-03
7.271177701940818167e-03
7.027566784023377318e-03
7.070192490062393760e-03
7.081479804348953661e-03
7.017233542757223171e-03
6.923989520111156586e-03
6.965486888837154819e-03
6.920097890779085964e-03
6.813744588915262961e-03
6.865042912289070695e-03
6.803219844714813828e-03
6.392349329399272043e-03
6.688721755245469365e-03
6.740763664022806669e-03
6.679072828291261407e-03
6.564488885921818812e-03
6.616993313846301211e-03
6.550870413087411803e-03
6.435522116469877089e-03
6.419921130326235355e-03
6.486386287642921002e-03
4.184538643742676152e-03
4.278648919587432591e-03
4.297123119172228424e-03
4.690291679540607890e-03
4.764062064082018669e-03
4.797541939715168312e-03
4.620498927584533282e-03
4.728924597146938469e-03
4.696639300279751433e-03
4.761572428037374148e-03
4.871950775301056753e-03
4.833379543027354480e-03
4.556372740491608508e-03
4.633810442715283195e-03
4.664307041375047834e-03
5.006400699301198805e-03
5.078152188650120538e-03
4.994761245888443627e-03
4.492261881209401453e-03
4.601439878600140261e-03
4.570470783445203765e-03
5.095329175399399002e-03
4.415025489198716631e-03
4.531451786926603449e-03
4.488427502835466536e-03
5.052239648487603929e-03
5.118248849705030884e-03
5.147820510359362410e-03
5.113629355026518344e-03
5.178524529135083293e-03
5.208575863446535635e-03
5.170911150537523676e-03
5.237184110654529573e-03
5.264651145628540009e-03
5.224224420941157333e-03
5.316574887090018756e-03
5.291240098320845395e-03
5.455756505425345647e-03
5.525872124430262350e-03
5.432488001654209829e-03
5.551376598346383084e-03
4.339730448861468803e-03
4.356713627544491103e-03
4.450410242776531647e-03
5.494432384704222953e-03
5.570537973737570148e-03
5.592503893582079395e-03
5.532918307253282229e-03
5.611532644092813611e-03
5.631802099064568169e-03
5.615219305666998943e-03
5.697993811325114885e-03
5.672840661863408872e-03
5.747338635117810179e-03
5.764010208033428992e-03
5.825657348197425464e-03
5.938782260464952646e-03
5.993877081813201932e-03
5.921463366368017595e-03
6.012595898531002993e-03
5.967656760756273951e-03
6.026862561801058817e-03
6.046700398160727817e-03
6.194033466787045479e-03
6.040434979356724098e-03
6.083020745163242489e-03
6.107070823225621385e-03
6.248943407577094329e-03
6.298914479882455897e-03
6.231643621324664713e-03
6.314664779081353464e-03
1.000000000000000021e-02
1.000000000000000021e-02
9.976068268581394366e-03
9.918182998815585141e-03
9.848583410472254440e-03
9.769241171438762181e-03
9.488429968074101398e-03
9.587171596749963914e-03
9.681038549030586068e-03
9.383439588082376562e-03
9.272896233056085805e-03
9.157274078231771725e-03
9.030427917246270850e-03
8.902845751841768906e-03
8.715281498462831844e-03
8.770535731896955678e-03
8.705421508605400496e-03
8.779803279413052677e-03
8.490989437864767883e-03
8.576957112066662878e-03
8.636694087084090254e-03
8.566336833973254086e-03
8.358655705180597500e-03
8.155978249505924094e-03
8.210662893980790952e-03
8.224078971560515317e-03
8.139666306928378808e-03
8.104620609099763562e-03
7.976103268065309546e-03
8.031244056536880963e-03
8.045117974249161447e-03
8.007419204181640340e-03
7.954985531883210573e-03
7.744844587482493069e-03
7.834264880252846813e-03
7.884102994414218107e-03
7.820661231418966908e-03
7.611989451550889990e-03
7.475829895984150396e-03
7.346682794641348595e-03
7.155972020719379365e-03
7.207709014449469043e-03
7.145514407828228165e-03
7.219750249714241945e-03
7.046535076026051378e-03
7.090851636569333281e-03
7.037033535888572063e-03
6.975901551886814524e-03
6.868983414483045488e-03
6.751348191563972916e-03
6.273452059272145026e-03
6.326865837350038359e-03
6.338853382457025447e-03
6.626677929826902194e-03
6.500036307598539356e-03
6.299598582016716075e-03
6.351911314330146996e-03
6.367535395820595606e-03
4.159877007275250907e-03
4.266417911843262134e-03
4.172244021452697557e-03
4.655410733387926360e-03
4.725961391271730171e-03
4.588441722302940944e-03
4.820918942621431856e-03
4.791294627808592201e-03
4.901748493510796507e-03
4.524305371156730517e-03
4.913492256542737781e-03
4.453583239611756325e-03
5.029399116483600045e-03
4.377299499752050800e-03
5.083005127676530621e-03
5.142342659589541239e-03
5.197639002533513755e-03
5.272904870098018941e-03
5.248632795709208196e-03
5.340814456167482412e-03
5.364287675025586344e-03
5.475166133976654484e-03
4.249440164307284086e-03
5.513751157770135393e-03
5.574176862875744945e-03
5.610476102371661153e-03
5.612849634217530539e-03
5.695389239275254478e-03
5.792874473104194649e-03
5.848314217331888887e-03
5.770165564714504168e-03
5.678946002216953871e-03
5.865844999137208998e-03
5.953280086292601567e-03
6.004134258539548658e-03
6.083533234772212431e-03
6.128532973443977239e-03
6.148886420467963507e-03
6.062043454420413223e-03
6.120658572175376698e-03
6.184785158539806219e-03
6.167376242390700848e-03
6.261234464240078741e-03
9.956128108261144694e-03
9.977987418941576536e-03
9.952398901717238525e-03
9.898916034072819878e-03
9.923790962620674186e-03
9.891656746013482299e-03
9.830217524548398242e-03
9.857376261161728687e-03
9.819979624087019424e-03
9.751193946411180341e-03
9.780622779691034926e-03
9.738481988984259291e-03
9.450426298506684267e-03
9.443140847528201307e-03
9.494853257058769383e-03
9.555149306587554583e-03
9.546680096039464672e-03
9.594759238258750850e-03
9.649632217441930782e-03
9.641346912325579957e-03
9.688008266155123671e-03
9.344994178414415750e-03
9.336672940028154996e-03
9.390987630113836054e-03
9.234921372315584714e-03
9.282133840923231793e-03
9.224946921547905188e-03
9.119024145851927637e-03
9.167437647747998103e-03
9.108172844195620843e-03
9.002980612515153885e-03
9.050486068128096862e-03
8.982137491820372036e-03
8.830622808798295476e-03
8.836646129828231583e-03
8.896603784876612811e-03
8.646782673422032106e-03
8.734839328925155660e-03
8.724929678590386331e-03
8.789253423617023747e-03
8.447661752352541784e-03
8.501956926125295994e-03
8.436259109076461177e-03
8.512822135928107062e-03
8.318664607279369072e-03
8.371977403066787476e-03
8.304919089621708508e-03
8.182110034732426387e-03
8.236809160228298829e-03
8.168986250900229021e-03
8.020706577634711607e-03
8.088741888151658108e-03
8.072133898114867631e-03
7.992405814949523832e-03
8.058275270514489441e-03
8.039196100078549803e-03
7.984186305887184393e-03
7.905586361289030847e-03
7.697646091365179140e-03
7.752431169959501933e-03
7.689759625454697586e-03
7.766298874818167164e-03
7.557446959375574425e-03
7.619877669542988487e-03
7.549328341322528516e-03
7.432932837066013460e-03
7.487171856538048752e-03
7.421354463125479604e-03
7.307950783096193483e-03
7.358931887788884053e-03
7.295483139653615237e-03
7.101420746213202122e-03
7.188421762396741618e-03
7.172193183664058239e-03
7.235783748231580832e-03
6.941430686162587856e-03
6.994119749531581796e-03
6.984535970678158560e-03
6.932692359150022070e-03
6.833230425021656791e-03
6.878659542153395604e-03
6.823476287004245217e-03
6.712202549303060081e-03
6.763043103008690819e-03
6.700459682763578936e-03
6.286579324922039400e-03
6.592822201177635233e-03
6.578664557692631351e-03
6.640827899790512252e-03
6.474856740119214367e-03
6.455210252757522665e-03
6.519707172183191769e-03
6.369766317639812686e-03
6.334702264760069118e-03
6.402656763378086931e-03
3.961636383927895702e-03
4.060274809307537654e-03
4.072716922272809868e-03
4.474978630937648597e-03
4.547630815840209180e-03
4.582288073097649794e-03
4.551057503699472602e-03
4.656014462230798762e-03
4.620570995876049220e-03
4.406274568605467352e-03
4.513012521912367764e-03
4.481218412825760909e-03
4.621989491785769184e-03
4.721212127532332589e-03
4.691665329089845897e-03
4.338837357690536814e-03
4.447190047239526697e-03
4.415448168680348104e-03
4.872687956122829026e-03
4.939414056443569047e-03
4.846871012160532989e-03
4.268763681122811002e-03
4.380049701597066476e-03
4.341806370517407691e-03
4.962327345107437303e-03
4.191932691979081450e-03
4.302998221171189588e-03
4.265717835846296289e-03
4.927458536798872725e-03
4.989726973924411488e-03
5.020407090673536556e-03
4.983985626787332777e-03
5.077334913420638793e-03
5.048669862302331522e-03
5.040337200657545903e-03
5.105478249731892383e-03
5.132193557483051213e-03
5.093700872861164040e-03
5.183240695323274201e-03
5.158810701098923493e-03
5.315871846231473574e-03
5.385637429990523632e-03
5.294450924620682994e-03
5.405132636754200574e-03
4.175889700173435193e-03
5.360826992770223627e-03
5.446895895257349365e-03
5.427463689620821811e-03
5.501061787425933283e-03
5.516958180812353563e-03
5.558138891251570603e-03
5.465859513981091190e-03
5.538185573951091671e-03
5.540353103659082651e-03
5.648824746517698558e-03
5.720863129409763798e-03
5.697980621931444771e-03
5.629706327979672881e-03
5.821789879583046980e-03
5.880137620778139521e-03
5.807384079657585720e-03
5.894760901161483733e-03
5.932538889951769617e-03
5.986480505395178585e-03
5.950062722367147755e-03
6.102145529111843540e-03
5.959572881634141346e-03
6.021539036490159216e-03
5.999909491443373294e-03
6.149412979396710367e-03
6.199098789362441839e-03
6.135080532595814026e-03
6.211408933532548866e-03
1.000000000000000021e-02
1.000000000000000021e-02
9.979871422556404331e-03
9.929210980372343148e-03
9.866132561341832072e-03
9.792160962612915867e-03
9.702108734482413344e-03
9.398643342784956597e-03
9.503895972754064850e-03
9.603565909837052592e-03
9.290809129243663214e-03
9.177776637986238828e-03
9.061695717093838989e-03
8.902031060956218725e-03
8.931616400938272027e-03
8.952960111251621889e-03
8.783083910479294945e-03
8.866526259921552605e-03
8.605375956877011831e-03
8.591057851986907273e-03
8.660594594376578095e-03
8.670698145581409028e-03
8.383624025251825915e-03
8.470780318107518428e-03
8.524045847511660737e-03
8.459126494885929951e-03
8.250847046956425249e-03
8.049466899773562861e-03
8.116184913380111374e-03
8.102811932185342500e-03
8.006518800870242314e-03
8.035043053660288412e-03
7.863488871747103398e-03
7.928289180370175215e-03
7.919885082875338309e-03
7.848843970304369283e-03
7.627927053005938672e-03
7.731217715185156186e-03
7.782789866062831720e-03
7.714415804140085757e-03
7.495450332818693467e-03
7.370693797499562258e-03
7.248412781470990433e-03
7.072646221378467782e-03
7.059574244508342276e-03
7.114343459824650114e-03
7.130732487608842061e-03
6.961715820033472814e-03
7.004172300015044407e-03
6.951555612715886595e-03
6.887455507379975500e-03
6.772839790818517558e-03
6.652589927926999547e-03
6.172613463482497578e-03
6.222962777840047865e-03
6.236070555000509767e-03
6.533870471678139037e-03
6.422304567631323229e-03
6.266866315282082836e-03
6.318280418951313648e-03
6.283291261091458225e-03
3.949104221061529481e-03
3.955410219390422845e-03
4.054216893467186764e-03
4.513015682543915046e-03
4.440613145134787373e-03
4.586539954840412187e-03
4.372528545557302984e-03
4.682835799685453916e-03
4.751752034735428655e-03
4.652446231064452480e-03
4.303750084707243240e-03
4.777573085912947999e-03
4.230264634438304916e-03
4.900135249300773509e-03
4.955775173693520441e-03
5.012217173071523493e-03
5.067075153246909831e-03
5.140030809184101095e-03
5.206306365569748906e-03
5.116917601276776105e-03
5.227910409459152891e-03
5.338412433946711742e-03
4.069894243510171344e-03
5.390558741098799671e-03
5.375737397827101346e-03
5.461569958971120714e-03
5.445806759812048432e-03
5.483420398620803167e-03
5.503685740851959989e-03
5.556948793467525113e-03
5.484823706796358202e-03
5.685700621928646732e-03
5.739149321642559622e-03
5.667319126554875609e-03
5.576268355725267495e-03
5.753767103188920859e-03
5.824381347129882133e-03
5.823095868054069951e-03
5.895858230352356462e-03
5.878466007421374873e-03
5.946098325425253940e-03
5.994153084539070517e-03
6.057381932600852149e-03
6.038742465093282184e-03
5.976912780905583276e-03
6.024749347697035476e-03
6.072594369316298632e-03
6.087042908376688079e-03
6.161063229262267633e-03
9.963737488887387458e-03
9.959913037041521686e-03
9.981836387277284034e-03
9.913459052480404904e-03
9.934822260097602581e-03
9.906162098000419886e-03
9.849788255692555616e-03
9.874436814042378968e-03
9.839936304198999839e-03
9.778875238454529800e-03
9.765013410395951068e-03
9.804630953721178363e-03
9.699793287326344965e-03
9.674981835867887958e-03
9.725493903229541492e-03
9.353883628950015669e-03
9.349219855917122526e-03
9.402663814730349498e-03
9.453876113404648465e-03
9.451915888698687526e-03
9.505177763660461326e-03
9.541617717763671916e-03
9.596808096358093454e-03
9.548086382682978088e-03
9.253277513359383505e-03
9.243929705668552793e-03
9.299493668419780285e-03
9.140861902413597098e-03
9.188196849490312332e-03
9.129784943172040632e-03
9.022647509702268198e-03
9.071099906982637434e-03
9.012673990737825672e-03
8.904386229101812419e-03
8.953928167304531227e-03
8.903096689701857358e-03
8.734435252709577685e-03
8.734526464822069125e-03
8.782821265117587289e-03
8.788901464067251645e-03
8.845887120351501529e-03
8.809617061540977664e-03
8.538649385601587705e-03
8.624217015275117970e-03
8.679848336658718688e-03
8.614692307914633210e-03
8.342555176176094309e-03
8.395246412252506743e-03
8.330521163133798590e-03
8.407131813532857378e-03
8.211624842297687160e-03
8.196808164296227536e-03
8.265260592004504414e-03
8.079966753832825213e-03
8.131129169611969396e-03
8.064669507760453479e-03
7.892920096166657420e-03
7.957150700329575221e-03
7.942731429126244705e-03
7.921335120357721887e-03
7.985744458928340991e-03
7.971090815843382554e-03
7.878166554576800096e-03
7.797684352817711717e-03
7.558814135146309579e-03
7.558075136867793177e-03
7.628482106309076791e-03
7.602676703494204782e-03
7.650089487429252016e-03
7.667186079401046815e-03
7.456095573074470947e-03
7.506825313156106905e-03
7.444492512561757397e-03
7.336220006277815141e-03
7.384620972904442499e-03
7.322072369893201788e-03
7.216319141862683612e-03
7.262182668290595444e-03
7.202354397121342976e-03
7.017349385359581034e-03
7.099691424373111293e-03
7.086152457059635007e-03
7.144107866651355082e-03
6.849707870787176758e-03
6.905861278470199274e-03
6.895639529066115853e-03
6.841452161499444497e-03
6.734681702706168602e-03
6.723434352008012503e-03
6.784048013642193266e-03
6.600286886480488321e-03
6.596565976163222718e-03
6.656363344885152765e-03
6.171486707816922594e-03
6.235442998028887726e-03
6.172106516386804097e-03
6.504168130157320961e-03
6.489523769137605681e-03
6.548540923586494006e-03
6.381839981993799038e-03
6.428398867774313442e-03
6.375849221526779832e-03
6.219152800975031453e-03
6.324301445248736372e-03
3.741677461720944141e-03
3.844816313953515995e-03
3.851294501603273138e-03
4.337503752164314705e-03
4.406148980414014218e-03
4.443946021163246336e-03
4.262601409671529749e-03
4.368428489226102059e-03
4.334341985022521250e-03
4.420571299788692878e-03
4.521012172065329467e-03
4.485724139305730107e-03
4.192601972410027293e-03
4.299043737409382476e-03
4.265629014549712945e-03
4.487155308039388751e-03
4.584769284680267898e-03
4.554460743579677624e-03
4.122130931906082575e-03
4.230052107476100706e-03
4.195362734645568560e-03
4.748080730241631062e-03
4.810270068440382005e-03
4.715497541143572578e-03
4.043901531825950385e-03
4.155842748702332640e-03
4.117821669598780744e-03
4.837626564553750355e-03
4.801226155742513088e-03
4.892477573654116507e-03
4.864218289828179699e-03
4.857420576912151178e-03
4.920571198313065941e-03
4.948771841063963513e-03
4.913747569573032395e-03
5.003641344554695183e-03
4.976903287160536205e-03
4.966363620005170149e-03
5.053139514560693428e-03
5.029885667144209233e-03
5.189843006232424706e-03
5.252708217974205555e-03
5.164988714869578161e-03
5.275321487381702187e-03
3.996349838018079144e-03
5.249486367928751090e-03
5.305030065799650960e-03
5.320041492474307174e-03
5.428301024203492468e-03
5.357355617931997514e-03
5.430533168563172509e-03
5.411467506361974586e-03
5.542258661490848635e-03
5.595398892502145664e-03
5.613994063096161731e-03
5.523024413923655410e-03
5.716027872112194354e-03
5.700910286719150163e-03
5.768776180242869006e-03
5.770223694268222445e-03
5.825254677220718935e-03
5.878749782395181582e-03
5.824823279125856783e-03
5.892398211310673900e-03
6.009500748116706689e-03
5.868084117514905766e-03
5.931095201750826926e-03
5.913705013682676523e-03
6.054511674814061668e-03
6.039687097956722775e-03
6.101855548990732861e-03
6.113511475293133268e-03
1.000000000000000021e-02
1.000000000000000021e-02
9.983770303720834391e-03
9.940372093629086525e-03
9.883293127550889581e-03
9.815736638601751593e-03
9.740584334470664754e-03
9.620110091033006947e-03
9.660920864512805017e-03
9.634655072207547882e-03
9.404736678199783137e-03
9.304313381301080807e-03
9.498539536830153535e-03
9.581636912858808655e-03
9.197851620116744356e-03
9.082500093188264692e-03
8.964167318072494006e-03
8.847194139549556871e-03
8.761736343855656625e-03
8.679756014810075318e-03
8.495697966043037203e-03
8.550784579030622570e-03
8.483145989749267882e-03
8.560485527625342345e-03
8.277527784956360130e-03
8.367093480762009122e-03
8.419087481852298091e-03
8.354733928472444365e-03
8.146198320292006786e-03
7.949580584224095678e-03
8.015136005208322451e-03
7.999602943051239284e-03
7.907083467443985075e-03
7.935409880412056666e-03
7.759150647906500400e-03
7.811372483882067681e-03
7.826373922570739605e-03
7.745140870550188544e-03
7.507638448649923274e-03
7.580762378397065855e-03
7.623524077496023066e-03
7.677353880700919786e-03
7.613066136082212269e-03
7.396395342217690003e-03
7.276505288015348502e-03
7.158221627215486348e-03
6.984224111236579657e-03
7.028500612793538160e-03
6.972945614881518456e-03
7.042156475130639630e-03
6.872466236922126701e-03
6.917169430120060150e-03
6.861064072620819999e-03
6.792323303032939304e-03
6.667597898340810528e-03
6.552231643271976859e-03
6.070357089692500138e-03
6.121368900886910505e-03
6.120888972558189041e-03
6.442998707339777156e-03
6.159209331835799849e-03
6.212947520686732360e-03
6.165428797335550590e-03
6.253384050828320571e-03
6.317566343339952976e-03
6.260227473442340172e-03
3.703557873022784823e-03
3.825843390350267079e-03
3.722668203905240940e-03
4.300019594326918819e-03
4.379013520887748041e-03
4.227559569893274589e-03
4.453866578749400736e-03
4.157307696302276964e-03
4.556937218163518120e-03
4.619778945758112182e-03
4.522057043434665920e-03
4.082924879925313964e-03
4.652322744480828949e-03
4.774690005318589156e-03
4.829362300474543922e-03
4.885625503866560665e-03
4.940096805103303193e-03
5.018233696774851774e-03
5.078992409686836594e-03
4.992338595994042123e-03
5.103997965381804752e-03
5.219726847454038421e-03
3.851283013020689611e-03
3.900212482375081408e-03
3.947232931774962914e-03
5.308523460287843318e-03
5.279075872821138542e-03
5.349443878792260049e-03
5.387196521875347102e-03
5.396623747821506674e-03
5.450010810155950063e-03
5.377033773327922345e-03
5.332995215434069985e-03
5.578134824316661154e-03
5.560247102736268210e-03
5.631757744515530212e-03
5.469459130284823160e-03
5.647082933118960889e-03
5.684318403459998753e-03
5.754144454441985010e-03
5.700119148983140947e-03
5.754795600243471296e-03
5.846729098921014771e-03
5.899710884490728773e-03
5.946793447363228624e-03
5.962192473730075840e-03
5.883946250303389268e-03
5.933683832503191743e-03
5.979089110786807611e-03
5.994064426512859221e-03
6.062482414875321711e-03
9.971391843885405587e-03
9.985717319336855427e-03
9.967538340493142107e-03
9.927747208898239639e-03
9.920555101779113955e-03
9.945831292342685245e-03
9.870815468735784359e-03
9.860262794027411376e-03
9.892257906156769198e-03
9.801801610053673119e-03
9.825977300419423341e-03
9.790237820686737563e-03
9.726251633701964161e-03
9.752736061819859692e-03
9.712932240835043390e-03
9.642217708580758107e-03
9.671217791186357063e-03
9.631052328583187758e-03
9.358350811412785575e-03
9.406647712369769695e-03
9.355870366482837638e-03
9.262041456807798556e-03
9.257446222423982782e-03
9.308374110479387259e-03
9.454407578385493754e-03
9.498512709989484493e-03
9.453876293198772499e-03
9.553013375310431127e-03
9.586941682734112166e-03
9.547076950647768664e-03
9.161703461684152922e-03
9.207826226377530121e-03
9.151128557293374335e-03
9.046202589703841029e-03
9.093837460196239203e-03
9.034284618553682297e-03
8.925285204182294152e-03
8.974243233218794774e-03
8.914706822430423783e-03
8.801283878116296713e-03
8.853126741807571323e-03
8.794926273907727882e-03
8.650480017642948188e-03
8.720383212471165615e-03
8.692613397330739566e-03
8.637267227811978171e-03
8.431871017780099078e-03
8.522186810582628100e-03
8.573417782748881180e-03
8.508850448276462919e-03
8.236187371995119452e-03
8.289514140381256529e-03
8.223828964799281133e-03
8.302087706128761027e-03
8.106510659339359950e-03
8.159185910192243846e-03
8.093174036139134941e-03
7.976783572985856122e-03
8.028473133013544136e-03
7.963124785392412808e-03
7.787655386845684924e-03
7.854836752237736100e-03
7.840350685783675777e-03
7.819958485863240383e-03
7.885098769622764930e-03
7.870716235031863586e-03
7.773359636898435551e-03
7.691634525884835823e-03
7.478553480522196449e-03
7.518702028342766006e-03
7.467297916715773080e-03
7.540876850205485184e-03
7.502157436883961916e-03
7.563090525209400887e-03
7.552472580274039067e-03
7.359460312741134165e-03
7.407823488335804965e-03
7.347814476456522061e-03
7.246372462418912246e-03
7.231329567318298991e-03
7.291340438940047824e-03
7.125634690931463566e-03
7.171038633944437982e-03
7.112639159216810336e-03
6.928513794338560933e-03
7.008892932362110334e-03
7.054367255197415039e-03
6.996529826415196288e-03
6.759586433910532224e-03
6.816173068161447864e-03
6.804747874635778612e-03
6.747117175028146015e-03
6.653196870096138478e-03
6.694036869020975403e-03
6.626728356867709994e-03
6.467284473496433261e-03
6.533877874064601514e-03
6.485782205311684152e-03
6.063632934906237719e-03
6.117405913811221375e-03
6.067047288455605647e-03
6.424538175681526221e-03
6.111374195297022624e-03
6.206247249772441250e-03
6.343652835958848990e-03
6.298458230287770458e-03
6.362875063461173424e-03
3.524615487687433879e-03
3.613640301342418894e-03
3.632785664590696632e-03
3.777125541711829574e-03
4.122312480298537425e-03
4.192363009467736656e-03
4.229540722162051028e-03
4.194440577923581187e-03
4.307135979465533115e-03
4.265861477105994601e-03
4.050069368188190765e-03
4.155949695430734628e-03
4.121247793120270606e-03
4.263998559137293504e-03
4.375251967521478005e-03
4.342133263425813038e-03
3.977627832071535009e-03
4.084694546112121495e-03
4.049797411024587575e-03
4.356812214433295610e-03
4.456644715109593126e-03
4.421875282736854353e-03
3.906544424060117392e-03
3.975161844877140097e-03
4.013892465790550035e-03
4.616178121973337975e-03
4.682002790758079021e-03
4.586576365137114315e-03
4.708549397991848920e-03
4.674764553147202177e-03
4.765965839338085624e-03
4.737870923128732238e-03
4.733588019679490187e-03
4.795377513193786918e-03
4.823566416276957834e-03
4.792196898721323359e-03
4.879206276443177892e-03
4.852843106904144305e-03
4.847936308060804902e-03
4.933034287595218677e-03
4.907024206342332391e-03
5.077195020650510440e-03
5.047757930120667924e-03
5.133394787431797175e-03
5.163327749858954985e-03
3.878853191319296592e-03
5.159808736467473046e-03
5.234175914684962086e-03
5.204535889123266916e-03
5.250810547765821269e-03
5.303944706692836734e-03
5.323738077603904807e-03
5.210474615062640237e-03
5.283928674964506397e-03
5.259377682478351586e-03
5.420577214245388131e-03
5.481233449884058244e-03
5.499377044310626086e-03
5.408622684387925754e-03
5.629388252041567231e-03
5.603803470212185243e-03
5.672634692598148287e-03
5.656896879695612161e-03
5.713844832561040116e-03
5.769368221950297096e-03
5.699122080075777648e-03
5.790930667955949789e-03
5.916747804221101151e-03
5.758394605012773400e-03
5.813047495904462465e-03
5.829017746792425347e-03
5.955551531813116015e-03
5.944662318860530724e-03
6.004887082687857848e-03
6.012911084705804994e-03
1.000000000000000021e-02
1.000000000000000021e-02
9.987708497238035124e-03
9.951446105573389517e-03
9.900996266659101500e-03
9.837901907899765375e-03
9.765344253616791217e-03
9.685440944623908630e-03
9.598667496107647981e-03
9.310873274815219952e-03
9.407178017169530101e-03
9.212508266319288999e-03
9.504735578640404955e-03
9.104685554826991156e-03
8.986442043129649893e-03
8.863928949658948786e-03
8.675820201318504288e-03
8.739136211724188308e-03
8.732655497765237640e-03
8.663057258944702535e-03
8.586869040551094179e-03
8.392833084411008282e-03
8.444431374422788419e-03
8.379872872845063603e-03
8.457999638233423476e-03
8.171747772159215079e-03
8.261314182401127693e-03
8.248660619163480576e-03
8.314358880704461607e-03
8.042012313690144465e-03
7.846066578176515843e-03
7.897909232427233542e-03
7.911765556433790827e-03
7.803774057276995947e-03
7.832960265597689598e-03
7.642892219484130611e-03
7.701062036308843790e-03
7.715626302380842322e-03
7.633160659609682791e-03
7.419243202613107560e-03
7.490325957330642645e-03
7.524608921618842344e-03
7.574116715831701735e-03
7.513346986711876875e-03
7.303132480207985729e-03
7.186248376563613739e-03
7.067484939678605506e-03
6.897373567479357821e-03
6.940882047559787486e-03
6.884888417814816197e-03
6.953323470683144339e-03
6.787147848853625730e-03
6.773334789398357224e-03
6.829911153582209592e-03
6.706487943236119111e-03
6.539308996797045699e-03
6.569907441224493404e-03
6.596338039656661836e-03
6.503269440785067190e-03
5.966039414220165350e-03
6.014812298959967482e-03
6.018015317756743483e-03
6.405479280952081425e-03
6.054184886359837738e-03
6.106500700977828683e-03
6.058999079292114349e-03
6.143959984126431441e-03
6.198580178546524329e-03
6.151728683475851840e-03
6.229692065026007364e-03
6.286634275531683552e-03
6.241705420214942873e-03
3.483543523009719704e-03
3.504128208307899159e-03
3.593178283352402996e-03
3.667523594086078299e-03
3.759196854821200175e-03
3.685590175525088694e-03
4.158334397526246805e-03
4.086134453762133717e-03
4.229193205534637935e-03
4.013777182831690382e-03
4.310370110572091414e-03
3.942003129698468458e-03
4.428697161449131510e-03
4.492703846430194832e-03
4.392748564074889367e-03
4.522258617630390762e-03
4.645493454534500855e-03
4.704201592880347983e-03
4.762920359556385881e-03
4.820094018450996401e-03
4.900536497640957563e-03
4.874266028954393933e-03
4.959246775593582901e-03
4.988807080998366485e-03
5.118581137974912397e-03
3.786434260445855401e-03
5.185189149829190491e-03
5.285538416875313131e-03
5.268201807996055613e-03
5.340923004540679489e-03
5.230677456706968667e-03
5.421454977306559495e-03
5.499535776508536131e-03
5.420995014589544483e-03
5.353090434083562082e-03
5.546289015987305483e-03
5.587758809540229951e-03
5.562140024658327603e-03
5.615292149153950502e-03
5.577512998340612184e-03
5.645684678157879451e-03
5.630725781864159840e-03
5.736178595717220108e-03
5.800360840680848784e-03
5.866938909700816773e-03
5.849835864349882744e-03
5.779441873142015032e-03
5.854287109558050685e-03
5.893861813259312563e-03
5.904903386193012006e-03
5.960843964294665343e-03
9.979014993750513762e-03
9.975154870717930014e-03
9.989593066044523753e-03
9.941642965684598793e-03
9.934612599030877636e-03
9.956698460454859942e-03
9.890187048751998902e-03
9.880409016103017944e-03
9.909189838023888669e-03
9.825304416869981225e-03
9.848345641472570910e-03
9.813421760228631038e-03
9.749375801056026428e-03
9.775886375182655033e-03
9.737635497183290759e-03
9.666203427906127146e-03
9.696592451188153217e-03
9.654049448978740955e-03
9.573725836192179678e-03
9.608391428437862425e-03
9.563162337288188750e-03
9.264659009068367326e-03
9.311993635413138085e-03
9.263116406473266562e-03
9.367245846701583584e-03
9.411308649603579435e-03
9.362566738202130617e-03
9.173749362610530284e-03
9.218272015417312837e-03
9.167566192934019711e-03
9.474028372665192765e-03
9.513979821352672173e-03
9.464020106579172642e-03
9.066940899891191841e-03
9.056427779217548699e-03
9.114679152450240462e-03
8.949940501369730433e-03
8.998384128847456906e-03
8.937484493314998973e-03
8.826518273386131652e-03
8.876187649144124531e-03
8.813781901996423432e-03
8.701415134492360495e-03
8.751607113156475298e-03
8.688512180576242125e-03
8.548736411657799350e-03
8.612813415004152984e-03
8.599828199823114985e-03
8.535366751569063021e-03
8.327531816291495331e-03
8.419351192119678071e-03
8.470956950528796270e-03
8.406003446068266091e-03
8.131652639279198652e-03
8.184053475959126439e-03
8.119009311380877628e-03
8.196889699707084545e-03
8.003424324717610741e-03
8.055079005208097553e-03
7.990041658549858553e-03
7.874400171993964359e-03
7.860178407047443278e-03
7.925683421103486490e-03
7.684921983899539906e-03
7.752766587097827296e-03
7.736346290594303676e-03
7.710506758071557568e-03
7.765320689747579400e-03
7.778621892409357669e-03
7.663911356037120606e-03
7.583990257964423783e-03
7.379191579912444676e-03
7.428922648867583925e-03
7.369290410491382767e-03
7.440925163723698804e-03
7.406030821002110125e-03
7.465552830986923669e-03
7.454137578425357527e-03
7.256138413469837879e-03
7.307853986694120077e-03
7.251193217935562353e-03
7.143195759292005759e-03
7.194884644414339947e-03
7.134378952390733365e-03
7.030589739644356462e-03
7.078203598602171229e-03
7.019705779146216511e-03
6.842427963495218389e-03
6.918275862260773838e-03
6.907779343734410035e-03
6.963680065255942013e-03
6.676184900499469201e-03
6.718021061714452360e-03
6.731816168307814575e-03
6.664660206547718367e-03
6.593890668836862451e-03
6.566567942266576113e-03
6.623632948863409677e-03
6.424206041070515925e-03
6.481817015973040559e-03
6.445861632259212645e-03
5.960477649868753044e-03
6.011845621071862378e-03
5.963309907464220058e-03
6.383863585091732046e-03
6.007353570152278686e-03
6.099019686464359109e-03
6.186788751325928912e-03
6.310972423791182465e-03
6.327503263565101982e-03
6.270263101541746244e-03
3.310446255075532619e-03
3.396556465885872209e-03
3.417166618368899615e-03
3.575055152068994276e-03
3.984495724569577305e-03
4.053308968518466206e-03
4.089120673807858375e-03
3.915514559016886748e-03
3.982712717341609088e-03
4.018550942955064799e-03
4.043530097639874525e-03
4.153416457739061984e-03
4.118859647412752636e-03
3.839611418898148092e-03
3.908543626545166877e-03
3.944439993959281306e-03
4.168932797200325044e-03
4.262647298164620215e-03
4.216419687526243298e-03
3.763539484339194392e-03
3.870144241188039434e-03
3.834962764647453348e-03
4.243645145058903140e-03
4.300145741119140025e-03
4.335975470049639562e-03
4.491625974713860797e-03
4.553787971808508778e-03
4.460165229175744664e-03
4.583047015125573352e-03
4.552871828810073525e-03
4.613702007331530255e-03
4.643107730256725366e-03
4.611965160637983806e-03
4.672660763823643579e-03
4.701988697255072951e-03
4.671146769460763487e-03
4.731559153687778414e-03
4.759477303360955952e-03
4.737093114468527918e-03
4.792417328137075876e-03
4.818798646001102443e-03
5.007753892354995656e-03
5.042389521529471938e-03
4.954210410074772440e-03
5.083775812393468048e-03
3.715358000212676867e-03
5.063379315190924372e-03
5.136939547644002284e-03
5.111478578979844999e-03
5.143994041001714868e-03
5.197261911318975906e-03
5.214800733398233107e-03
5.103998157866504806e-03
5.157106445129831275e-03
5.177426646407645022e-03
5.483897324232466994e-03
5.306201000649365951e-03
5.363220532291492273e-03
5.363866679815199046e-03
5.295872826975055354e-03
5.561933577292061184e-03
5.612894044484674841e-03
5.663142774835226712e-03
5.595240440028673677e-03
5.685583515309710831e-03
5.827378283359604255e-03
5.667972718789326091e-03
5.713003460594607077e-03
5.734171400519541724e-03
5.858530979709336908e-03
5.906851364124538969e-03
5.856419548117912897e-03
5.912270455411031654e-03
1.000000000000000021e-02
1.000000000000000021e-02
9.991664247679225147e-03
9.962352792493918419e-03
9.917732376699977051e-03
9.859438123363092193e-03
9.788863383459625242e-03
9.709089168658063818e-03
9.621174146614168421e-03
9.524976028363064603e-03
9.316725616849678634e-03
9.219712749845999228e-03
9.421653452792371625e-03
9.120983937081139289e-03
9.009109349667995467e-03
8.888881696632973048e-03
8.764558225745865128e-03
8.575229362475223632e-03
8.638859023410234289e-03
8.625754437027146476e-03
8.561888692870086096e-03
8.484542391466173145e-03
8.286895872723883463e-03
8.340053440000619323e-03
8.274029923225414973e-03
8.353595367942284397e-03
8.067900916769824363e-03
8.153360412727291701e-03
8.142432518610683706e-03
8.207522176504795236e-03
7.939248347263967026e-03
7.728400721649202054e-03
7.801793716615953653e-03
7.787363015659081941e-03
7.697670561845915485e-03
7.719394080604605538e-03
7.548770805209551599e-03
7.617153315239343948e-03
7.595880422940983617e-03
7.536653158175639182e-03
7.317913279517456598e-03
7.392584577656085947e-03
7.429861741913162260e-03
7.477275261632140672e-03
7.417910523513831893e-03
7.199896009313866418e-03
7.087113695006967695e-03
6.974648158469388612e-03
6.812540734080260729e-03
6.799798096331252130e-03
6.855066589141159406e-03
6.865588964750151887e-03
6.730326287552159184e-03
6.703219052414482321e-03
6.758798204762033607e-03
6.635064245011147201e-03
6.495723888804172744e-03
6.544889009306798303e-03
6.517626015908924673e-03
6.459898081292667418e-03
5.863205261745766360e-03
5.911843973798377831e-03
5.914354760596172988e-03
6.367637733179825656e-03
3.258323707782059559e-03
3.370561750526360895e-03
3.284442170695036061e-03
3.443015273067402248e-03
3.463309767813024884e-03
3.554820359096419469e-03
3.949943636514324785e-03
4.013975404790466259e-03
3.877476426967552386e-03
4.106110765586853083e-03
3.801473841863574604e-03
4.206259193363454975e-03
4.309372916020675660e-03
4.276493859660953668e-03
4.368935656015172746e-03
4.400331396690579204e-03
4.522257427467653301e-03
4.582428783948126402e-03
4.641569172780177222e-03
4.704137235473740061e-03
4.738470466493007252e-03
4.819355662486014824e-03
4.737764332554281199e-03
4.866268808213760656e-03
4.883355638741945434e-03
4.936977281563137768e-03
5.035605202922698032e-03
3.536546162613367437e-03
3.649553031992506559e-03
3.602012649776248788e-03
5.083712584725189922e-03
5.124018594074632518e-03
5.174956564342004205e-03
5.159483318755378294e-03
5.230092377934755961e-03
5.453313356205978339e-03
5.499652411171535894e-03
5.437409511709631951e-03
5.329329622146944043e-03
5.375248908551035626e-03
5.317766315168704315e-03
5.240619682629392428e-03
5.515435803773702933e-03
5.484672635651132756e-03
5.548844606934371509e-03
5.530923439045806744e-03
5.640492934899467292e-03
5.749923707884100829e-03
5.801932744059994269e-03
5.774979587340015562e-03
5.713015758220159508e-03
5.690538802977074782e-03
5.756572421561352397e-03
5.804262101874669427e-03
5.860896473036963754e-03
9.988691789942872462e-03
9.994399574939225733e-03
9.984015820292280879e-03
9.956743497973354062e-03
9.967969407911026272e-03
9.948988147612381275e-03
9.910146176241016458e-03
9.900053300966596068e-03
9.926191840425051607e-03
9.844317179286530065e-03
9.834597628633307345e-03
9.867795045324005351e-03
9.771118668680458738e-03
9.798759262871411038e-03
9.760039000343436952e-03
9.687375614003490218e-03
9.718930363233778749e-03
9.676569489949040856e-03
9.595524515839667229e-03
9.631420743360300310e-03
9.584411940043198810e-03
9.496858005668908434e-03
9.535814810149452828e-03
9.485247250433377630e-03
9.262207529329899089e-03
9.315415810081934325e-03
9.263178499768209839e-03
9.182312793437150816e-03
9.177865787287202773e-03
9.223863543421445543e-03
9.391885970871878542e-03
9.433437106020809565e-03
9.379383209340078076e-03
9.087821862856219901e-03
9.131079870839274235e-03
9.077228342423025384e-03
8.974856589495405421e-03
9.021212950885952250e-03
8.962270922005088208e-03
8.851539043007651542e-03
8.838907208585591521e-03
8.901058941442024919e-03
8.726476166732572565e-03
8.713828600366837693e-03
8.776784083179988219e-03
8.601518947966140319e-03
8.588272809840764854e-03
8.651716282001616770e-03
8.446761885269575207e-03
8.511495197656628042e-03
8.497955846818668751e-03
8.432968143467762731e-03
8.220563235299828408e-03
8.311831900149424177e-03
8.299275709517585364e-03
8.365807924828629755e-03
8.028706700078136124e-03
8.016001922941738689e-03
8.080310656311316328e-03
8.091379551567591186e-03
7.894392813020210259e-03
7.949046161327091853e-03
7.884335407420506314e-03
7.756703816270595596e-03
7.742509914198117231e-03
7.815706132672187861e-03
7.578433797259689561e-03
7.644763212909272410e-03
7.631744783485611659e-03
7.602478520733552819e-03
7.665708852313640048e-03
7.656574667823616911e-03
7.563572718950090611e-03
7.489547144172819561e-03
7.290665383474960112e-03
7.334930386278057206e-03
7.273378049041651430e-03
7.348557146668590820e-03
7.317191848992956466e-03
7.361620426219519023e-03
7.373727458284972530e-03
7.140496238567570729e-03
7.141796621792754172e-03
7.198491190335147387e-03
7.051449828517428707e-03
7.097401338139376452e-03
7.040976452368756175e-03
6.940610302725829482e-03
6.929391483678498317e-03
6.985687389628050283e-03
6.771529350531628987e-03
6.828092451973260917e-03
6.820252860168469176e-03
6.873309822545746982e-03
6.635497284327253331e-03
6.683086768622274743e-03
6.655899904310261066e-03
6.571641828136689893e-03
6.624110992510183309e-03
6.582803797174480859e-03
6.533612478840720821e-03
6.387683459868432299e-03
6.441820947717011650e-03
6.406136765191129852e-03
6.349219799670888231e-03
3.099209912837551113e-03
3.178340140909740458e-03
3.204454570333443910e-03
3.350240237323953447e-03
3.489611314823891017e-03
3.784780406973850628e-03
3.884298933398334323e-03
3.850066770650492284e-03
3.848377327200882322e-03
3.916338972299041737e-03
3.945647369905502973e-03
3.722779363455984338e-03
3.781149407587151238e-03
3.818814975673088131e-03
4.001212085342626713e-03
4.022368034040282869e-03
4.084877392639101566e-03
3.627113828800614895e-03
3.695264334780187267e-03
3.732943751114793044e-03
4.063991328681624757e-03
4.116395309418316613e-03
4.153613089260385118e-03
4.128024123657347486e-03
4.185745968281417116e-03
4.218510782835700745e-03
4.370611024065297438e-03
4.431010993786792425e-03
4.339984211100119879e-03
4.461595865821064641e-03
4.428880286507341779e-03
4.520295871634841256e-03
4.490762796250018750e-03
4.487578544111404250e-03
4.549659421616932507e-03
4.579261976797617019e-03
4.539501564259584843e-03
4.638212724534135009e-03
4.605209582429202822e-03
4.802369260621912848e-03
4.588022745874621375e-03
4.663214116357069540e-03
4.662414215974026131e-03
4.912625386179171431e-03
4.960084355438413098e-03
4.889464152274381956e-03
4.988003264101013162e-03
3.581676470188753601e-03
4.958022685067689506e-03
5.010581788916698524e-03
5.031029386026993587e-03
4.999041013451178614e-03
5.071551462821048510e-03
5.051394791033818159e-03
5.040262250890339968e-03
5.107658069668619995e-03
5.092000271741076861e-03
5.391357926097088173e-03
5.206277940201801437e-03
5.267853552587344231e-03
5.256092191880295909e-03
5.190622271154448492e-03
5.469012112519037148e-03
5.499686763900227086e-03
5.492144354886641794e-03
5.556068998098296664e-03
5.584132296540743681e-03
5.598379816233767757e-03
5.625962671423309289e-03
5.731508920866086251e-03
5.634384954046806060e-03
5.673587983284864023e-03
5.651029676732647472e-03
5.762611111043603948e-03
5.810313434370840621e-03
5.756264477936826919e-03
5.812950446335983685e-03
1.000000000000000021e-02
1.000000000000000021e-02
9.996338881265037085e-03
9.975139027862537852e-03
9.935430228516672901e-03
9.879317309838948208e-03
9.809304884403458047e-03
9.730674023327343450e-03
9.642715040113720992e-03
9.547316728503663780e-03
9.445392951028919182e-03
9.328315049666987754e-03
9.222598416033034666e-03
9.135575999808815545e-03
9.031972576954190243e-03
8.913862005496429528e-03
8.789608873767349242e-03
8.664530177002005215e-03
8.474181153236103395e-03
8.538346789178282228e-03
8.524931160962615981e-03
8.460385393234825732e-03
8.379792518988588707e-03
8.178102382457178368e-03
8.165651734083352598e-03
8.232697206767097126e-03
8.245406967663508613e-03
7.961917603574260663e-03
8.051243658290328092e-03
8.102448585447091789e-03
8.039911611325287547e-03
7.825901343198006163e-03
7.625766609254033476e-03
7.691526660588047550e-03
7.677163658420349361e-03
7.590414437789834955e-03
7.614077958507645995e-03
7.452344460713928448e-03
7.515642500447091215e-03
7.500599460110887046e-03
7.441062172861187193e-03
7.176657559264249843e-03
7.216345136665784470e-03
7.233862262245429990e-03
7.303905120670992589e-03
7.336348430696098925e-03
7.383121077910101415e-03
7.326728067322491565e-03
7.096117765429998774e-03
7.158581031757132312e-03
6.996260632493060336e-03
6.884586988956699349e-03
6.714090477846288395e-03
6.763517813415104510e-03
6.722160582787466317e-03
6.771334710087771082e-03
6.603516748917067497e-03
6.674757202337892013e-03
6.459559879672676849e-03
6.515812897940566686e-03
6.477789406854976215e-03
6.423511626748729976e-03
3.043252194921753414e-03
3.071261808128705490e-03
3.150317073127330714e-03
3.319437547057042196e-03
3.381173180096824077e-03
3.288756625148968500e-03
3.427506621920917412e-03
3.816516354373905920e-03
3.753712552616325290e-03
3.839241601014625836e-03
3.843808006041322597e-03
3.941113592865048282e-03
3.674797831850116613e-03
3.920021614566998082e-03
4.032566306621295643e-03
4.095977058727605022e-03
4.189866477059532059e-03
4.249520535620803473e-03
4.158921945683728694e-03
4.280073558144100072e-03
4.399741978181769507e-03
4.458227989757226201e-03
4.513541036625016642e-03
4.563762504960464789e-03
4.766625401466029720e-03
4.816369102368661323e-03
4.752544407559219919e-03
4.616446026492812896e-03
4.677350821463645628e-03
4.602224853933372176e-03
4.839620235111052361e-03
4.935341178824092893e-03
3.396381625313239956e-03
3.466408622280750182e-03
3.511271756971320532e-03
4.978543560905073460e-03
5.019662370705019888e-03
5.073554652018723819e-03
5.124124594814107557e-03
5.056905085609654342e-03
5.361005792424155224e-03
5.407001401999769231e-03
5.345178192834347357e-03
5.237917855805506243e-03
5.283490681362554980e-03
5.222099965925244315e-03
5.139973697826081579e-03
5.422880663888029334e-03
5.387452283548590896e-03
5.435868975186439363e-03
5.443627298763073670e-03
5.541960509637291858e-03
5.609307289234796712e-03
5.692174675782565689e-03
5.659045987931441216e-03
5.710865128188924618e-03
5.704189965646459630e-03
9.997493671232796433e-03
9.993376180212400553e-03
9.998694011141836396e-03
9.979100124624686735e-03
9.968680987958500328e-03
9.983948448348748186e-03
9.917518960794449376e-03
9.913390675983126468e-03
9.938448167743819603e-03
9.860081755895222858e-03
9.886177434083693802e-03
9.851870918192754886e-03
9.791535046836268019e-03
9.818646451823764484e-03
9.781081141694394562e-03
9.708847702899382412e-03
9.740705107351222206e-03
9.697871929966994306e-03
9.618778704569718244e-03
9.606955088082907643e-03
9.653727942988406946e-03
9.520117301580480890e-03
9.508299315870211502e-03
9.558429261762015072e-03
9.416673202047729646e-03
9.404106725428502608e-03
9.457306118569262440e-03
9.308033260481881135e-03
9.350430800839549042e-03
9.285050600455006450e-03
9.120971422555822217e-03
9.192834748317522953e-03
9.151764551523099492e-03
9.104295528156815254e-03
9.000906641244633272e-03
9.044655308557100412e-03
8.987725746453798306e-03
8.878505128521415810e-03
8.864921451929318186e-03
8.927029983364578522e-03
8.751648321312893719e-03
8.801910335020066839e-03
8.738946924626254942e-03
8.625259708742777712e-03
8.676150997051984906e-03
8.613273742936350744e-03
8.501291564934766731e-03
8.551658449071561363e-03
8.487654051547199527e-03
8.345230958274654429e-03
8.410166460205715719e-03
8.396193082243662981e-03
8.328449585543261369e-03
8.115033814469627821e-03
8.192237517238453240e-03
8.252294798363962042e-03
8.185058272362714243e-03
7.915549301005964100e-03
7.904914046349735546e-03
7.972304168820960185e-03
7.983774053750615843e-03
7.781410997274950010e-03
7.769013288002889726e-03
7.838057207028752485e-03
7.650139009211091336e-03
7.703528005627014764e-03
7.637913466382052416e-03
7.476779114963587498e-03
7.539877413552518136e-03
7.527660305572407909e-03
7.501336702978422810e-03
7.563793697646898663e-03
7.551965459112506586e-03
7.464523754957990906e-03
7.394553245860364075e-03
7.203320006963030014e-03
7.246975543255419067e-03
7.189964843018642818e-03
7.260449173336189568e-03
7.224698043757827974e-03
7.280711648620158058e-03
7.270941784404724717e-03
7.073925411848228269e-03
7.107210054054824075e-03
7.062642109688885630e-03
7.125473677886264706e-03
6.937644469537230900e-03
6.939017904407428737e-03
6.994667231698189699e-03
6.854182378529786838e-03
6.841074404316251426e-03
6.897506318028267212e-03
6.760806894965954925e-03
6.794497423619326286e-03
6.737349793828594988e-03
6.526341652223945598e-03
6.581195172993778778e-03
6.549123763201696730e-03
6.587728155050201137e-03
6.651306753871297911e-03
6.611686756554373268e-03
6.492839574696224886e-03
2.890989571720467034e-03
2.966761104683855385e-03
2.994714122594741099e-03
3.107949226949111455e-03
3.183070207177150085e-03
3.075477470802065374e-03
3.213196013867595634e-03
3.357750508757408655e-03
3.670160391221799316e-03
3.727400967353677267e-03
3.758983075514072889e-03
3.639976668896717157e-03
3.681358402999109804e-03
3.712181177495677605e-03
3.659507379639885712e-03
3.753715986445225767e-03
3.749104537902745414e-03
3.540144689177406392e-03
3.631171683409305153e-03
3.583625756404008010e-03
3.893916354729031609e-03
3.947493984937901906e-03
3.866536217303044327e-03
3.978750840226714242e-03
3.951038705641187442e-03
4.039331479424429147e-03
4.007433745004729264e-03
4.011154227958793617e-03
4.100326438879330938e-03
4.069497974791099447e-03
4.246693165921015811e-03
4.308543905646106467e-03
4.218263082908367545e-03
4.337638830070566533e-03
4.296101348894990242e-03
4.391695274195920456e-03
4.362370136649403561e-03
4.362512354682723109e-03
4.450902784912757690e-03
4.424936432859735876e-03
4.427964472394217872e-03
4.507936000652704167e-03
4.483639946513667124e-03
4.691516446257875880e-03
4.470011712340844594e-03
4.543194534133056760e-03
4.528918380462998612e-03
4.811467569062836611e-03
4.861946126928070287e-03
4.789052076925200824e-03
4.884755937357349899e-03
3.467957766292732637e-03
4.854795457033832945e-03
4.906299737360471543e-03
4.926945507263809365e-03
4.897916116935010708e-03
4.969132593920818144e-03
4.948368024842028472e-03
4.947361377091016345e-03
5.010515357935252725e-03
4.993708145694269497e-03
5.299523873017255270e-03
5.111343449539413469e-03
5.174696989661674990e-03
5.158690121432002972e-03
5.092451275074495742e-03
5.374216459465831069e-03
5.406764235848734307e-03
5.453010255716156905e-03
5.397042944956505738e-03
5.520169904525871855e-03
5.552019543700595881e-03
5.509886862884815981e-03
5.577293520738881363e-03
5.646703172472018750e-03
1.000000000000000021e-02
1.000000000000000021e-02
1.000039162463027195e-02
9.990331063664047856e-03
9.959797358985528204e-03
9.970219009261750004e-03
9.957741018571379665e-03
9.890513772620563096e-03
9.940304309667049448e-03
9.827307412662078523e-03
9.751681987427270049e-03
9.665081662030993240e-03
9.570621224283065720e-03
9.469420907518719122e-03
9.363281811583835934e-03
9.197453865075909743e-03
9.230009947647291324e-03
9.253550139434551722e-03
9.159473803173364195e-03
9.061686057400986094e-03
8.940353991687953819e-03
8.815710550591790082e-03
8.689006354301540350e-03
8.563743778373149318e-03
8.372939176163848515e-03
8.437577384397978650e-03
8.423780509056684462e-03
8.359009201468845657e-03
8.269315531597171837e-03
8.068989794409828220e-03
8.123752698264236072e-03
8.060050219729620810e-03
8.130944461816599911e-03
7.848817052041609857e-03
7.933522230642782794e-03
7.924482699556643570e-03
7.992603018129882178e-03
7.716068604157949769e-03
7.526575983057317600e-03
7.588594828008011703e-03
7.576236245018451790e-03
7.489020464665765812e-03
7.513922401227917346e-03
7.361688302930244170e-03
7.407035141197020403e-03
7.419432932469901751e-03
7.348989505054381345e-03
7.091642150977442785e-03
7.147686447753351206e-03
7.134138075720682266e-03
7.213983798919944290e-03
7.238127624800285743e-03
7.287243783332883473e-03
7.231368872916179615e-03
7.006146933705042525e-03
7.082735466948928901e-03
6.896052225480971305e-03
6.807690874271540502e-03
6.643483559334123663e-03
6.702515284315660460e-03
6.678876542345386740e-03
6.556939767580605323e-03
6.615496460592619823e-03
2.864423699291924769e-03
2.953609305158737524e-03
2.877728468440982155e-03
2.985433153286782149e-03
3.173570732835907099e-03
3.246411927329074468e-03
3.140626534427505816e-03
3.284419473469355529e-03
3.664827153147223043e-03
3.655040345252886635e-03
3.589921709359079980e-03
3.710996492635818250e-03
3.775018729677849603e-03
3.685198585740566933e-03
3.802200513620878405e-03
3.922437867262183048e-03
3.981059995850666153e-03
4.071746243494628326e-03
4.130710203826197351e-03
4.041418194604898782e-03
4.159062055937792421e-03
4.271385593276162511e-03
4.329293887719979674e-03
4.395229662186301949e-03
4.448976650341345332e-03
4.663511968662762373e-03
4.714976922200186937e-03
4.639975749873561858e-03
4.515724762211170522e-03
4.566004084546004989e-03
4.492856085258014991e-03
4.737488010513962733e-03
4.833134272025988755e-03
3.378316123337837470e-03
3.387344876001990596e-03
3.459011609794464606e-03
4.876356768640870663e-03
4.922646555755781812e-03
4.988461558056150359e-03
4.967907413972341354e-03
5.030913491117387781e-03
5.269968811315877202e-03
5.253936263343182179e-03
5.315342211970552899e-03
5.153847160623962510e-03
5.132603951508462638e-03
5.195783717820661243e-03
5.049967026390370615e-03
5.328784406229814148e-03
5.463515706769221658e-03
5.282951130209909835e-03
5.344937397798844338e-03
5.334991487438517366e-03
5.552898738103266563e-03
5.593371616434660888e-03
5.536516460438900555e-03
5.606046102459622330e-03
1.000421225838517281e-02
1.000219884235813324e-02
1.000067988407009160e-02
9.989700644382780437e-03
9.994284308678203638e-03
9.984360280844886693e-03
9.976703119591000257e-03
9.880061223792577230e-03
9.869806315781272724e-03
9.899589409910284840e-03
9.934357955210602886e-03
9.947844720370252122e-03
9.925573787045694277e-03
9.812054096525977057e-03
9.836869074512300665e-03
9.801533546927150564e-03
9.733537590112677912e-03
9.763321626404520420e-03
9.720978179492549207e-03
9.643777591214035272e-03
9.677025035485349591e-03
9.631085956482770757e-03
9.544563141571755019e-03
9.582368424839692034e-03
9.532173318103413090e-03
9.438952413905984593e-03
9.480179170851055562e-03
9.427636590920775508e-03
9.310284817241153490e-03
9.308952135542310560e-03
9.364374184410611743e-03
9.207167085658858954e-03
9.258278771961550233e-03
9.202179339903788710e-03
9.081255504461377068e-03
9.140145471235637878e-03
9.101082359319435239e-03
9.041190556480940485e-03
8.903561590904088621e-03
8.890980464092436072e-03
8.952666406061293713e-03
8.786640893521872886e-03
8.769089470221116261e-03
8.832872926863532398e-03
8.655768178615021527e-03
8.703986165207806130e-03
8.640421990737433625e-03
8.529205619196617363e-03
8.515151395464059386e-03
8.577484533691217758e-03
8.399249430378289555e-03
8.386018069919789000e-03
8.450517548191521094e-03
8.244289120380865130e-03
8.309034015561937020e-03
8.294948430911332563e-03
8.218231691516463336e-03
8.001631977679274713e-03
8.066952249327467156e-03
8.067920334243420394e-03
8.129932865132385306e-03
7.796676675039988964e-03
7.856314353594136268e-03
7.788996952540616116e-03
7.865449583916477722e-03
7.671693504799045708e-03
7.726685096575939583e-03
7.660878261661991859e-03
7.553335311775201573e-03
7.601808875703029017e-03
7.539927363137519274e-03
7.374893736888696316e-03
7.425869607355101848e-03
7.438342208171221277e-03
7.414312402775946435e-03
7.457839306155288582e-03
7.470621777749691245e-03
7.368236730357421473e-03
7.300122433206214859e-03
7.113551278833136343e-03
7.158420212054350182e-03
7.102565689853677575e-03
7.169310455726953489e-03
7.146641285994292069e-03
7.185667788227048484e-03
7.192523015153444617e-03
6.978358845794164350e-03
6.957977812303174983e-03
7.026163649839172257e-03
7.035245850927818526e-03
6.808721029029641755e-03
6.873520874768841715e-03
6.831397344892129082e-03
6.784707332292347348e-03
6.693434122783865382e-03
6.727120275601821374e-03
6.668371178718352811e-03
2.685916647882481603e-03
2.774612817124222103e-03
2.788047012344714755e-03
2.961823597323388815e-03
3.034772922430739248e-03
2.912865668233392390e-03
3.067165671200253532e-03
3.226139272425865550e-03
3.311084725602301496e-03
3.199752960467422760e-03
3.532302605400551923e-03
3.595724071903329874e-03
3.601104409936272798e-03
3.497717638816973292e-03
3.583626208319943673e-03
3.568705094436356879e-03
3.518935553084225933e-03
3.559441002219862742e-03
3.635035018488301170e-03
3.609420565414536274e-03
3.772243511099907833e-03
3.832987236012223593e-03
3.741562876989280601e-03
3.861414203658874132e-03
3.834150502453100105e-03
3.922449213358881505e-03
3.892505786957070786e-03
3.894879760805331024e-03
3.983129445732032196e-03
3.952926881738252560e-03
4.131440561653724509e-03
4.101565354075601896e-03
4.188971333414033896e-03
4.213645792400778911e-03
4.174214670198696762e-03
4.235055167835769310e-03
4.268217767599649139e-03
4.262624548028369660e-03
4.345206197148771161e-03
4.312496385704306899e-03
4.320782013320587263e-03
4.395344668210954264e-03
4.374293268779837381e-03
4.589600875862100832e-03
4.367393543298639380e-03
4.441523563904334858e-03
4.418628757666677627e-03
4.708777805574596541e-03
4.760027691582417210e-03
4.686139011807069835e-03
4.781803305143108099e-03
3.301958516969869493e-03
3.437794072100886552e-03
4.754673582477115211e-03
4.804638181116107319e-03
4.826327840390509834e-03
4.801848909978531817e-03
4.849768001862697457e-03
4.874641851818569543e-03
4.890628807214984254e-03
4.918935666779059197e-03
4.939593934877409796e-03
5.211994615743164097e-03
5.025766703394686334e-03
5.089861260634730156e-03
5.068436073243890935e-03
5.007093768335318766e-03
5.276376723294680382e-03
5.444382736314532130e-03
5.482080660579963412e-03
5.425537019271426710e-03
5.334094676106258814e-03
5.370224158031552085e-03
5.308479523077868842e-03
5.498728314766567447e-03
1.000000000000000021e-02
1.000000000000000021e-02
1.000411403444981424e-02
9.999188981507018889e-03
9.975428272114242323e-03
9.983402159382454011e-03
9.967292860968974058e-03
9.847662845732088610e-03
9.908881328220110404e-03
9.956744496824734142e-03
9.774216746406985332e-03
9.689970707522194485e-03
9.595389847115684198e-03
9.492865644650773371e-03
9.375953180482283003e-03
9.259374183341924011e-03
9.145018952533378112e-03
8.948975937838356959e-03
9.015966599519103022e-03
8.974962807226210745e-03
8.845658911387124790e-03
8.926296878034528995e-03
8.721820170048038071e-03
8.592982689685602776e-03
8.464700324898082745e-03
8.271776286616159407e-03
8.335928767059627015e-03
8.322570269243757118e-03
8.257966167382167419e-03
8.115203657240889837e-03
8.153779132346269248e-03
8.180130091005445234e-03
7.954698961601804758e-03
7.944067735902966138e-03
8.012073633931502542e-03
8.091101477450646576e-03
8.011082935343714906e-03
7.734450714098888013e-03
7.823897638469745619e-03
7.810246251988738758e-03
7.878882189764855118e-03
7.612731600875242109e-03
7.441680645361001614e-03
7.484155867718244627e-03
7.497683334020796043e-03
7.394596065025509091e-03
7.427976360669598550e-03
7.290795864240404156e-03
7.326240922525320380e-03
7.332951940236375615e-03
7.264501552774456014e-03
6.999820295810375674e-03
7.056900175163417256e-03
7.045688769262297563e-03
7.130110443343442954e-03
7.120733112016227641e-03
7.179521697481074105e-03
7.133630101092112291e-03
6.853774706952540756e-03
6.895636553681633654e-03
6.916388247404476122e-03
6.989032128028751720e-03
6.831237508128020115e-03
6.751440710106837093e-03
2.637663650751169257e-03
2.661807439424040533e-03
2.750488854824496496e-03
2.758535383995894437e-03
2.811454991347109127e-03
2.859681301972223904e-03
3.037748454238727632e-03
3.105562552311171703e-03
2.999613528142027440e-03
3.131534959127375665e-03
3.432253628943300345e-03
3.545476214294284670e-03
3.482223306362815327e-03
3.514962073156503806e-03
3.589971932541798950e-03
3.650392267055573101e-03
3.574675220452439538e-03
3.495662294893404475e-03
3.680849561438539249e-03
3.803145080159719971e-03
3.864470160067494039e-03
3.956462737548114596e-03
4.014014708604229757e-03
3.925630326923586558e-03
4.043791195809667664e-03
4.152810355101689208e-03
4.218390914585307475e-03
4.291687088885986871e-03
4.344068484010678299e-03
4.561791001535275315e-03
4.612570403826912746e-03
4.538744219264566511e-03
4.414798680193783402e-03
4.465191883622993650e-03
4.391075698452962493e-03
4.635285804164519102e-03
4.731717627993507758e-03
3.292118242305553354e-03
3.335184316002476942e-03
3.259005827052169086e-03
3.394501539752463933e-03
4.778246073684585225e-03
4.846283212569732490e-03
4.895934315280117341e-03
4.942136914702170529e-03
4.893234367084790294e-03
5.197385825801833711e-03
5.175617985973112595e-03
5.233598976305755754e-03
5.107216942856572690e-03
5.130447374730564072e-03
5.066548545590141353e-03
4.960950418722608231e-03
5.240244873119667517e-03
5.389278086380826921e-03
5.222564020576737215e-03
5.278407628762156641e-03
5.252533483348486437e-03
1.001344448655776959e-02
1.000739729460080156e-02
1.000835115137186336e-02
1.000141267782317898e-02
1.000387033796420501e-02
9.995283385572518997e-03
9.990455832026795199e-03
9.836607788656465470e-03
9.859209883928648013e-03
9.824104246268110241e-03
9.902089351157498248e-03
9.919113209174341278e-03
9.890795409543710545e-03
9.954867544499269513e-03
9.966055934482132006e-03
9.944303153822721744e-03
9.759664306827673871e-03
9.786662344804540614e-03
9.746397279915608447e-03
9.671646393316841658e-03
9.657518824435730107e-03
9.703366240958834210e-03
9.576510641437706653e-03
9.560365907801716967e-03
9.610807922026249478e-03
9.472712509648827800e-03
9.509211147870646336e-03
9.455709172949995980e-03
9.359456163751266392e-03
9.334848106786619235e-03
9.399758501230058572e-03
9.183879926383054296e-03
9.195497154498643438e-03
9.248190893866959500e-03
9.099863784453618085e-03
9.090412405982847138e-03
9.154209590144624098e-03
8.979040030397098665e-03
9.030648171921831432e-03
8.963911086474046427e-03
8.842250639796753187e-03
8.873032933874702710e-03
8.814493630297393773e-03
8.896105201681077726e-03
8.699873775903119860e-03
8.677803831236318918e-03
8.743507164342073992e-03
8.561156507579511729e-03
8.545112951682892755e-03
8.608734585362548195e-03
8.432323598928053235e-03
8.415713700000059666e-03
8.481008316672325464e-03
8.298110942235880499e-03
8.348913741239380112e-03
8.284876971446196101e-03
8.141658881817981017e-03
8.207111091502128364e-03
8.193168487665837205e-03
8.128370325844217273e-03
7.889619067457297186e-03
7.981151825798324384e-03
8.048553717077929978e-03
8.024180946646964491e-03
7.967903074255070980e-03
7.698406623428145565e-03
7.747646165649552628e-03
7.685018224662013876e-03
7.761421284167006884e-03
7.578888319749514831e-03
7.625362250962323951e-03
7.566083568621847014e-03
7.454376502348323934e-03
7.447986247355552897e-03
7.503914072171238153e-03
7.322410388837382114e-03
7.348611012516166607e-03
7.368470305212452762e-03
7.324683684011208153e-03
7.369514243355728550e-03
7.383350699984130884e-03
7.272652855463324420e-03
7.323865583704067435e-03
7.281686222832368764e-03
7.197900315547269001e-03
7.244425864044309708e-03
7.217932704345002282e-03
7.035231835344156123e-03
7.017535523919710659e-03
7.074303452665619066e-03
7.091061080648826224e-03
7.159423290373861937e-03
7.078136682196194129e-03
6.887559361782628724e-03
6.870637994706903402e-03
6.932874346355911294e-03
6.943946438888578578e-03
6.737266367140781753e-03
6.795887323621794748e-03
6.772946429277774960e-03
6.715281918216940010e-03
2.484161627147967160e-03
2.560481107500988882e-03
2.584608960979620056e-03
2.697793081372322054e-03
2.839893577701145186e-03
2.799023313440575454e-03
2.900783055264437651e-03
2.938349459536732274e-03
3.103442581889269067e-03
3.164708760186802847e-03
3.070457921678702504e-03
3.367542126488212544e-03
3.399795298309876094e-03
3.449664536164658533e-03
3.432536693380106290e-03
3.399610120627207833e-03
3.494474410505324629e-03
3.479347026114709175e-03
3.415903572851068746e-03
3.653180072593835252e-03
3.712620056948094053e-03
3.621510167712694520e-03
3.743428719560204856e-03
3.718724114971143791e-03
3.806595984654937738e-03
3.776349290728070983e-03
3.781611521895886143e-03
3.838160261043436182e-03
3.868852662461464906e-03
4.012059294175166109e-03
3.984222772536843461e-03
4.071649488642018443e-03
4.093010755865977672e-03
4.118279982173038943e-03
4.146217147586885206e-03
4.190370260060492791e-03
4.163151302176869815e-03
4.241884953294448174e-03
4.212824007566266619e-03
4.216584988313513277e-03
4.291931690813960421e-03
4.268614103233023260e-03
4.488277241676458078e-03
4.267678060788183958e-03
4.341200268096314166e-03
4.317474706929077741e-03
4.610728708268608395e-03
4.586245343337008208e-03
4.659676331251203299e-03
4.682724009646454730e-03
3.197390905077089271e-03
3.329700153855177838e-03
4.654523051107954494e-03
4.728240828935720286e-03
4.704525441727805575e-03
4.794318594025983454e-03
4.842466558947672133e-03
4.798021483876798408e-03
4.845184600218381717e-03
5.152348133334534556e-03
5.018634274181826664e-03
5.022140883679978608e-03
5.062952469892314199e-03
4.930650567780513541e-03
4.913259096721582682e-03
4.978159095035447623e-03
5.160259461066081521e-03
5.221638575457242422e-03
5.178732455535763751e-03
5.191415643540722019e-03
1.000000000000000021e-02
1.000000000000000021e-02
1.000995702475974795e-02
1.000937316201683594e-02
9.992824747956987122e-03
9.983789391334828983e-03
9.998088963027467260e-03
9.799583162094841621e-03
9.870935851340504122e-03
9.930227379240812169e-03
9.975716700849502488e-03
9.716982496855789894e-03
9.625246672505761644e-03
9.525698975052716497e-03
9.417153703464978265e-03
9.236135988130715624e-03
9.273562568241916146e-03
9.298889610321799462e-03
9.210075940329152944e-03
9.142236387322819416e-03
9.040155879232458780e-03
8.854567083519507970e-03
8.917461757383962628e-03
8.902131456282130761e-03
8.771830801863585506e-03
8.848337002805031770e-03
8.631140510124014897e-03
8.497215092304851933e-03
8.365679949939546292e-03
8.169618797479575451e-03
8.234252480490204112e-03
8.220907301019944602e-03
8.155578384923192412e-03
8.011699861160681557e-03
8.077036025629690322e-03
8.063626444917407557e-03
7.850048763192268159e-03
7.902539734740357188e-03
7.836940947483982470e-03
7.996382011221363911e-03
7.915925911856741895e-03
7.638869210194452510e-03
7.725708773910592263e-03
7.774925164825498974e-03
7.712027522485715055e-03
7.516845160654225463e-03
7.375479265497779900e-03
7.408590323145567216e-03
7.415008859567239277e-03
7.297567490059680799e-03
7.323507672053613214e-03
7.350107136205459926e-03
7.235364516612862069e-03
6.911925861224743617e-03
6.973838693102718013e-03
6.955764935685029154e-03
7.099024182145048829e-03
7.148507404567082217e-03
7.109814029867744453e-03
7.022770777595899357e-03
7.028909338173336407e-03
7.071752504304300302e-03
6.774765995297516580e-03
6.831479717026296521e-03
6.814149616936308711e-03
6.899715480875704549e-03
6.755976476509595145e-03
2.451110580269134226e-03
2.544017293256132465e-03
2.467640493878954337e-03
2.592284481740321934e-03
2.614975282266885064e-03
2.675079237103717214e-03
2.649570675537834402e-03
2.703988937551652250e-03
2.744273198331462563e-03
2.911590145029591559e-03
2.974574848233359648e-03
2.875577818582047886e-03
3.007085941572324502e-03
3.230183795471513065e-03
3.330817104685836194e-03
3.298741813418700451e-03
3.480346467423329256e-03
3.535079673655777428e-03
3.439867356146890723e-03
3.268477386347344409e-03
3.350171118610403495e-03
3.333837915244964537e-03
3.566524508255579720e-03
3.685889788107776007e-03
3.750114527773060202e-03
3.839556445258086089e-03
3.810540319809272228e-03
3.897921494378983869e-03
3.925645091643153312e-03
4.065115458150467438e-03
4.140698772777629162e-03
4.189843782712596512e-03
4.242105388302163348e-03
4.463516855374548807e-03
4.512589480559722234e-03
4.439135974440878984e-03
4.315790827517328870e-03
4.365240190910610503e-03
4.291707475868905552e-03
4.537125301823158839e-03
4.632606161426973401e-03
3.169436740114658230e-03
3.230689066622749982e-03
3.136311118507829118e-03
3.268086645165726740e-03
4.675190291207559877e-03
4.738464954071791579e-03
4.664818337509829375e-03
4.734804053315684776e-03
4.798909346513111247e-03
4.796587370737883695e-03
4.847445167019555877e-03
5.133737430429553307e-03
4.974692711460838336e-03
5.054067554174724967e-03
5.080548802234567674e-03
5.036337316545656979e-03
4.839738624387661045e-03
4.867787978669550070e-03
4.885244239432142040e-03
5.109847867877793763e-03
5.166323703408747491e-03
5.134972210336182299e-03
1.002297320470668489e-02
1.001842394691234567e-02
1.001174951785130732e-02
1.001112379718176702e-02
1.000592803763411705e-02
1.001411032720250262e-02
1.000332783745625995e-02
9.787092391940671599e-03
9.812753399980854441e-03
9.773194615015265083e-03
9.862604393659974919e-03
9.883315409867239262e-03
9.849390363086463207e-03
9.926796356469163099e-03
9.941848802448440686e-03
9.914186436439370934e-03
9.977892454467545552e-03
9.986347513609723781e-03
9.966079825298346240e-03
9.701504791541654821e-03
9.731414272349898573e-03
9.686398230908714602e-03
9.606534295404317234e-03
9.639831493641174559e-03
9.591351723340411570e-03
9.506974726794577280e-03
9.542376274280934753e-03
9.489714378503278855e-03
9.397843525478835267e-03
9.435846297241708147e-03
9.378528914593070240e-03
9.278215730161075078e-03
9.319365217177542904e-03
9.257135169832531388e-03
9.119901706088695895e-03
9.178818219919298096e-03
9.152134512317831525e-03
9.109780769206462028e-03
9.007518533005654318e-03
9.054138884145638416e-03
8.993189473631185010e-03
8.884211168072418327e-03
8.932026251347445489e-03
8.869308361293615911e-03
8.744611605863143733e-03
8.793773495879878346e-03
8.722225270935727096e-03
8.800058354683460912e-03
8.599084293366606943e-03
8.580080602376425128e-03
8.649810859723045323e-03
8.460343899559956415e-03
8.511039680262084267e-03
8.446270475949627446e-03
8.329119820972882837e-03
8.380992026843524234e-03
8.313557711885567053e-03
8.198760107693296370e-03
8.248648628368793548e-03
8.184131970517656562e-03
8.039037151681723350e-03
8.090537447892160935e-03
8.104690743354438232e-03
8.025316172455110308e-03
7.788144414371537400e-03
7.881382509193745473e-03
7.946866874871217484e-03
7.931411878992798009e-03
7.865686677454982942e-03
7.602880264055995180e-03
7.650734743585853662e-03
7.590855614959348720e-03
7.664529754122778767e-03
7.490261979262979528e-03
7.534633745557636243e-03
7.472314055456357254e-03
7.344251048169964970e-03
7.399438799642677964e-03
7.359849559764777838e-03
7.235367076189328644e-03
7.278931655042713417e-03
7.253953755029697234e-03
7.280128470302666029e-03
7.277446536200096391e-03
7.326554016043349687e-03
7.301029740247224308e-03
7.164753285235618378e-03
7.218773624685579683e-03
7.181265130746506548e-03
6.928417768757633155e-03
6.981724140199154285e-03
6.920157306558353920e-03
7.131964505907175712e-03
7.061001053290176001e-03
6.975754955305609600e-03
6.805644130713714608e-03
6.846447957377875190e-03
6.790188476287713215e-03
6.859040022022471796e-03
2.285945117985447531e-03
2.368004770397968885e-03
2.384594296009946886e-03
2.521351908238871498e-03
2.620813641109667139e-03
2.719732777387652393e-03
2.779719028837289701e-03
2.684488577534541089e-03
2.815198793656885530e-03
2.975786171809584151e-03
3.039509804562105007e-03
2.943547527279850341e-03
3.199703115630282181e-03
3.249273806544974042e-03
3.324911719913821971e-03
3.362221430107529326e-03
3.402417864046598621e-03
3.185623070866699935e-03
3.292238134518597932e-03
3.226999314614200070e-03
3.544761887101902792e-03
3.512481515327634321e-03
3.598892114053184668e-03
3.631517947747303285e-03
3.608462933250098075e-03
3.663512016316135787e-03
3.694831394839762865e-03
3.670256976816107380e-03
3.725852653281313143e-03
3.754726625462531924e-03
3.879899405666788811e-03
3.859696924565432594e-03
3.945877557133613961e-03
4.005903682362105082e-03
4.062025435330112594e-03
4.008951704560114425e-03
4.084424845314855133e-03
4.064391329819686850e-03
4.113712882719173201e-03
4.140407653412892831e-03
4.120976818393399209e-03
4.168728255570048648e-03
4.194268046901767320e-03
4.389633449108767092e-03
4.170447548518093663e-03
4.219015760458166495e-03
4.243076225396684963e-03
4.505992117844175721e-03
4.484729155543003623e-03
4.558300250804819993e-03
4.580282083476099053e-03
3.072194217026229333e-03
4.540866221740100413e-03
4.597644184678548185e-03
4.608065140054708013e-03
4.699969745459974153e-03
4.747118682220525555e-03
4.687548706237296657e-03
4.819325154406619606e-03
4.749476677920488714e-03
5.107232236817044017e-03
4.932020704794967680e-03
4.975293325940989900e-03
4.931280041056663836e-03
4.993135076268940056e-03
4.831513549372039133e-03
4.881096876692306123e-03
4.835595659530405807e-03
5.081946596345205368e-03
1.000000000000000021e-02
1.000000000000000021e-02
1.001417038001814995e-02
1.002465774445987154e-02
1.001902747309490506e-02
1.002625560175532046e-02
1.001816541390990536e-02
1.001129424061175839e-02
1.001168402857576314e-02
1.000179191148344547e-02
9.745626063331807101e-03
9.826306010917265285e-03
9.896317482767003418e-03
9.954143330325926700e-03
9.996489462492418390e-03
9.655227526954449427e-03
9.557760812776958798e-03
9.453447975029864378e-03
9.339051261530399023e-03
9.159400871159463844e-03
9.219657101996812931e-03
9.198159546188968208e-03
9.139623020091193831e-03
9.064325118765401840e-03
8.946517613074342345e-03
8.760439909320499180e-03
8.807839436386999052e-03
8.822911728642308937e-03
8.672558737203709886e-03
8.752460789391876619e-03
8.530280817217168396e-03
8.395178793093495059e-03
8.264344533501565698e-03
8.073380341961977624e-03
8.121675967171115840e-03
8.136409271347577049e-03
8.056159556026228769e-03
7.908815366699213992e-03
7.960430405007158997e-03
7.974253631136589762e-03
7.754042910220939472e-03
7.802169405081488610e-03
7.739846213141924128e-03
7.895056735263028536e-03
7.817994784835609681e-03
7.546749436601913642e-03
7.629271563091441499e-03
7.677598691977868990e-03
7.616050631043850064e-03
7.392645707570608647e-03
7.423509239289377386e-03
7.441570978229152845e-03
7.368472568480243824e-03
7.310900087316395818e-03
7.200132572373000271e-03
7.203007558454021728e-03
7.263951831720746356e-03
7.219147601369740874e-03
7.240291113046775327e-03
6.829767893624238452e-03
6.879270259905213500e-03
6.870656289636973418e-03
7.064325402172908462e-03
7.114562263675671197e-03
7.081613543865934550e-03
7.015634104273126351e-03
7.019172880622851288e-03
7.057317665179414605e-03
6.937362981907186504e-03
6.979982716265994459e-03
6.932896075595331234e-03
6.817710512076864682e-03
2.263874462682630845e-03
2.274883740021710690e-03
2.357127758666561958e-03
2.468233008405241579e-03
2.530127429701468488e-03
2.459608334563831347e-03
2.558431487967163537e-03
2.528030992367259668e-03
2.623386510975389291e-03
2.588686963433930056e-03
2.785226555114669097e-03
2.848295837027534343e-03
2.752321806897977535e-03
2.880067999869321497e-03
3.040513430575801472e-03
3.134970787904050975e-03
3.104863101724752560e-03
3.097867318304449447e-03
3.182888801813917815e-03
3.163901973125726481e-03
3.375742651549400522e-03
3.427968447332525176e-03
3.350264376521770726e-03
3.255051360904445776e-03
3.141584723440780588e-03
3.460014599031635465e-03
3.576547357531386240e-03
3.639302780284734470e-03
3.723191608777985315e-03
3.696679752317363812e-03
3.781288809014147611e-03
3.801402818735607255e-03
3.942817054533470991e-03
4.035112863200544450e-03
4.092652169840208312e-03
4.145681479242002004e-03
4.364290035775850000e-03
4.340011938995284695e-03
4.413856534108405796e-03
4.218806260178560412e-03
4.267260152415547347e-03
4.194595367703946032e-03
4.435140206840156724e-03
4.523398339091873159e-03
3.008016228449969954e-03
4.577759807089741215e-03
4.626444852687297896e-03
4.559283905580287753e-03
4.638909748931400491e-03
4.740972215652338416e-03
4.790385925516252481e-03
4.769900384705512766e-03
4.720451205250882770e-03
4.881828090174004063e-03
4.996483930299093316e-03
5.025222624856145320e-03
4.964253083403531545e-03
4.786286056921484726e-03
5.053250956967438035e-03
1.003570335561589089e-02
1.001845955109356701e-02
1.002899120821272236e-02
1.003924457743821455e-02
1.003201074975401501e-02
1.003163152324202875e-02
1.002038607962571146e-02
9.731033805920897770e-03
9.759981348336924448e-03
9.716142957286365289e-03
9.815173608082325765e-03
9.800970157785382844e-03
9.839917878408436375e-03
9.890029413666434274e-03
9.876115857157807820e-03
9.909533099251669266e-03
9.953499345690222308e-03
9.939909664398345612e-03
9.966873382832461270e-03
1.000331838108110133e-02
1.000836489213497056e-02
9.990308276357880851e-03
9.637363178295027533e-03
9.670274568695019432e-03
9.621828805383130651e-03
9.537302805509881992e-03
9.572643331299635766e-03
9.522008772177235555e-03
9.429344226787123029e-03
9.468870036317368274e-03
9.413488802955526091e-03
9.315243971063816991e-03
9.357177866005827321e-03
9.296654718784248816e-03
9.196426221856821709e-03
9.237824281863765349e-03
9.177859174158978922e-03
9.038513837572923967e-03
9.099708422661594714e-03
9.079582436427936429e-03
9.022946430493150247e-03
8.914551668680921123e-03
8.961453916147263388e-03
8.899313436268005070e-03
8.787088452761351171e-03
8.836042718611856334e-03
8.773701253151062682e-03
8.627926928188044825e-03
8.686747917587571768e-03
8.613453253366071261e-03
8.694778872325101271e-03
8.493162957001362118e-03
8.546464876635521263e-03
8.476704329150333561e-03
8.362662104839409596e-03
8.411757843070199331e-03
8.345839390039619388e-03
8.229020427329397647e-03
8.279303521590290066e-03
8.213836897502097348e-03
8.103962798643440588e-03
8.151545108422517116e-03
8.088618356812595639e-03
7.932715634588034803e-03
8.003439517729128011e-03
7.986070611708941808e-03
7.920701343139964837e-03
7.691902485743930783e-03
7.781800758763601604e-03
7.831737222582383154e-03
7.845591136162385903e-03
7.767888449541728198e-03
7.509965711857805731e-03
7.500092557478734052e-03
7.556511379315950308e-03
7.569820571372147186e-03
7.387268483961868630e-03
7.438864333741112764e-03
7.389940029538339880e-03
7.306465335791833410e-03
7.349631310950184571e-03
7.325350712705266769e-03
7.240473290836963761e-03
7.292459376411393641e-03
7.258948914028970009e-03
7.130922071413110276e-03
7.183193672300328299e-03
7.147788764801848126e-03
7.167027276308708846e-03
7.161561642933246020e-03
7.219601149612060557e-03
7.182269484130554028e-03
6.846873577124684696e-03
6.887466439065180988e-03
6.838365570749101521e-03
7.097690485453602913e-03
7.040031690279626407e-03
6.976575446680403220e-03
6.892219421478686797e-03
2.091534949620312868e-03
2.177022156117584383e-03
2.188243551886857267e-03
2.365365140272955927e-03
2.497979155318737470e-03
2.593209832070221283e-03
2.656344209843073626e-03
2.560453944778477969e-03
2.688734826619800303e-03
2.848894905668668352e-03
2.912221703746280862e-03
2.816913696315971345e-03
3.069083313204747521e-03
3.208129794756023247e-03
3.291673401209385327e-03
3.266418859333102172e-03
3.196814613554313338e-03
2.971666034136183441e-03
3.078172952949217046e-03
3.034642157611473941e-03
3.437670454785127401e-03
3.491136201735392866e-03
3.406630263582715451e-03
3.522842687888379058e-03
3.500607776519225420e-03
3.585226188736272655e-03
3.554456277905309984e-03
3.558923162345044387e-03
3.614509562279715101e-03
3.640877332162231143e-03
3.771852467942919673e-03
3.825804336519060805e-03
3.747481255955382746e-03
3.918446003064512094e-03
3.962127595285416630e-03
3.899132932468085417e-03
3.991324401598089072e-03
3.972201167744152626e-03
4.018250032973199812e-03
4.046505446610721216e-03
4.025720780103001287e-03
4.098018833491411453e-03
4.073305724986535370e-03
4.291521824646344664e-03
4.074723694093996401e-03
4.146713876801206948e-03
4.122551350300274371e-03
4.406550075979270148e-03
4.456235011641916828e-03
4.385389755635001573e-03
4.473723394792828399e-03
2.944281409646791730e-03
4.448468510702570204e-03
4.513144321654126261e-03
4.494646568319296716e-03
4.615471247958234137e-03
4.657704451693894451e-03
4.596591520907854743e-03
4.678285615980181701e-03
4.812110577867777586e-03
4.872135296499766240e-03
4.821784338847130008e-03
4.882976471574112902e-03
4.939814883765544090e-03
4.907475337917340495e-03
4.744521038306818463e-03
4.742723235242827726e-03
4.788046324519436292e-03
1.000000000000000021e-02
1.000000000000000021e-02
1.002134130943922556e-02
1.003942464873713511e-02
1.003790511614833375e-02
1.004093497874831292e-02
1.003150794080055752e-02
1.002454566068038642e-02
9.685420452522713886e-03
9.774400420846403661e-03
9.854065819673117968e-03
9.923429397723029094e-03
9.980247099057312082e-03
1.002362260315887814e-02
9.588394834441798728e-03
9.484340402128910857e-03
9.373229504536501402e-03
9.256684434333485242e-03
9.071886601488257998e-03
9.134960629763676232e-03
9.116119933590747029e-03
9.055148784613635191e-03
8.977201445905535343e-03
8.851443300948844475e-03
8.657110871250818865e-03
8.722672591922706054e-03
8.709165211561249037e-03
8.561089251576541742e-03
8.642468724853918580e-03
8.428363559344904943e-03
8.296272821460009758e-03
8.166834709754159510e-03
7.989107453593612823e-03
8.031371034949042614e-03
8.046796318171277676e-03
7.960910000178813423e-03
7.804863237535914974e-03
7.857018832805732697e-03
7.869065949849315261e-03
7.655370350385789710e-03
7.704836912706539316e-03
7.642294337941353717e-03
7.793297012022616654e-03
7.718840059993231119e-03
7.448806807998622527e-03
7.532296087023330339e-03
7.580898832664616054e-03
7.521108638323305978e-03
7.346935859815306377e-03
7.273512402136850935e-03
7.201075890205176425e-03
7.083696444976612418e-03
7.143413626682998396e-03
7.107284796399686820e-03
7.122680354492199641e-03
7.029828927136822295e-03
7.047045864206171080e-03
7.080390141165507009e-03
6.949522854614819528e-03
7.006919877012508964e-03
6.982502873806349132e-03
6.943491454354011432e-03
6.856801231565584458e-03
6.896921466907369840e-03
6.851890710814293947e-03
2.049706036590167191e-03
2.156146074253749694e-03
2.070589249786488218e-03
2.338699298882595395e-03
2.403312678406020059e-03
2.301051972867583940e-03
2.432824082906125205e-03
2.401905090538538224e-03
2.497035014684754160e-03
2.464822785635521242e-03
2.658349504143315591e-03
2.721655288350424608e-03
2.625612621570275109e-03
2.753167333719112615e-03
2.912027691257877519e-03
3.004569681337997643e-03
2.976144037960588244e-03
3.266547389534093637e-03
3.321056896423085249e-03
3.237249531846174509e-03
3.032494742172383174e-03
3.119989988294326246e-03
3.108872576660052112e-03
2.941729633068179174e-03
3.001970301625883630e-03
3.351857844642145475e-03
3.469072315768983138e-03
3.529709318226871735e-03
3.614407792136182206e-03
3.586615990759511787e-03
3.668727212545029419e-03
3.692975700972420984e-03
3.845032334588707832e-03
3.945287143725165029e-03
3.998925031701085729e-03
4.050189495539978021e-03
4.265049571814695344e-03
4.241896160755211434e-03
4.314641991824842877e-03
4.121945359201691084e-03
4.170352237463454716e-03
4.098301698085458737e-03
4.335790915968304633e-03
4.427479496827700298e-03
2.880325893082363690e-03
4.490070804711998077e-03
4.533909098223617637e-03
4.469242596129443558e-03
4.552814655359628190e-03
4.641332450146904744e-03
4.628383580144394133e-03
4.691169508324917123e-03
4.847568620401752557e-03
4.778339438678710048e-03
4.692977239762279561e-03
1.004143402721951669e-02
1.003892141815780105e-02
1.002085110860205346e-02
1.005694247050565628e-02
1.004857716610064663e-02
1.004768389264261083e-02
1.004916114993434015e-02
9.668667154608002329e-03
9.700744731702206497e-03
9.652954709104745457e-03
9.760548127745457408e-03
9.788872588321131940e-03
9.745696599769102311e-03
9.841679077841457984e-03
9.867123916841679179e-03
9.828292098242156355e-03
9.917781604112168789e-03
9.937000492934045665e-03
9.903745307258109837e-03
9.981980229254653128e-03
9.967537436478737106e-03
9.994032564731046564e-03
1.003117813377239764e-02
1.003671253557117740e-02
1.001696521597042130e-02
9.566322111610165921e-03
9.602694557569943501e-03
9.551736245509713161e-03
9.458501846811287125e-03
9.498706305214071888e-03
9.443857192883148635e-03
9.344817323868501516e-03
9.387805732637800188e-03
9.329973469214233525e-03
9.226114248707780602e-03
9.271327846649848534e-03
9.211218305828635169e-03
9.103259579671214505e-03
9.150426150271182349e-03
9.087532781958132522e-03
8.945816394700517593e-03
9.009553694715474390e-03
8.992614306850664138e-03
8.930130011837920934e-03
8.817484915830063261e-03
8.866439637108786131e-03
8.802235993227196936e-03
8.686942354002002639e-03
8.737403066988553083e-03
8.671972022196570984e-03
8.525737501420695141e-03
8.577166861845073390e-03
8.509407877577266147e-03
8.591946284802557884e-03
8.393216727093470719e-03
8.443471791508205468e-03
8.377887242202090509e-03
8.259437195790262157e-03
8.311315374903016293e-03
8.244177085082128945e-03
8.132875309095607963e-03
8.118365126580772556e-03
8.181149561693084812e-03
8.012579632664676432e-03
8.000783784596387019e-03
8.058434862356488038e-03
7.877266996278657618e-03
7.933426649094601352e-03
7.905014534666287077e-03
7.828784455613229526e-03
7.816800739762271022e-03
7.880950851780314098e-03
7.594051044601320133e-03
7.679138464465000598e-03
7.742255804855438343e-03
7.730628536729475773e-03
7.667224470489036013e-03
7.416460791468450393e-03
7.463309706869511277e-03
7.401856143541312577e-03
7.474552383767259917e-03
7.270641224466203867e-03
7.329105458935721712e-03
7.288559228905996598e-03
7.202340423877052165e-03
7.254506529322468644e-03
7.221414834375165098e-03
7.122334086063629444e-03
7.181511431574346370e-03
7.141958285507452216e-03
7.056799517220597832e-03
7.038516634325353398e-03
7.061118857847081473e-03
7.100112163261586978e-03
6.989782933009106546e-03
6.903224637046449785e-03
1.901233090766365780e-03
1.974905708608946583e-03
1.995846006221368811e-03
2.177274283432744598e-03
2.113103568462943675e-03
2.220512617566913413e-03
2.257580788256157312e-03
2.370120978523758849e-03
2.468875464705199384e-03
2.530898951255174199e-03
2.435201338353974298e-03
2.563122304885814655e-03
2.723292939571506522e-03
2.785959856310923823e-03
2.690666143013438743e-03
3.099050940992796165e-03
3.182523615097879351e-03
3.153495423238940071e-03
3.065656008750989887e-03
2.786437908182210540e-03
2.878659130658532163e-03
2.849095884752120798e-03
2.848427663032129797e-03
2.940089326761352682e-03
2.909913829989842562e-03
3.331809695387526454e-03
3.384659519883933144e-03
3.299099201891423066e-03
3.415979164169903777e-03
3.393082995806754720e-03
3.446765725862797457e-03
3.475794648045530365e-03
3.452500021768567691e-03
3.533267265403086319e-03
3.505638113080201176e-03
3.671193402380321449e-03
3.721466139952619469e-03
3.642752487134598254e-03
3.825192375527316970e-03
3.871771745671366213e-03
3.798479136125440785e-03
3.898593437548568668e-03
3.879865410556124824e-03
3.952703586511030834e-03
3.925993378264623634e-03
3.931545516097264582e-03
4.003059926877126917e-03
3.978600713123111449e-03
4.193461383864101853e-03
3.979981730965291391e-03
4.027330091084565210e-03
4.050901675761600304e-03
4.312357969979183948e-03
4.288671655939724388e-03
4.359440183804815135e-03
4.380421613640592127e-03
2.817233516423322658e-03
4.353776241233919299e-03
4.421949059496664211e-03
4.401124303715796618e-03
4.526362329243196862e-03
4.508196560091403716e-03
4.570928802878937089e-03
4.583894491010394485e-03
4.769974063650061526e-03
4.826545672340831240e-03
4.791038489347845299e-03
4.696354112817988265e-03
4.754314687165928262e-03
4.720440717605706854e-03
4.668844501627180885e-03
1.000000000000000021e-02
1.000000000000000021e-02
1.002356961558709125e-02
1.006007274416249181e-02
1.004747191947198692e-02
1.005258443423604799e-02
1.005977542793442397e-02
1.006471699132239529e-02
1.006273057932164337e-02
1.005073942891869000e-02
9.618671307668621995e-03
9.715760152009329104e-03
9.802278012388478470e-03
9.881263370349526592e-03
9.951636229105628381e-03
1.000844117843721799e-02
1.005004974239121808e-02
9.513426846082990301e-03
9.402588543134658694e-03
9.286316141073057071e-03
9.165463719743709506e-03
8.976976582986304423e-03
9.040827282424106215e-03
9.024935719907419690e-03
8.961357756178199574e-03
8.882285976441375852e-03
8.752801387483424844e-03
8.555169401309944965e-03
8.621584816671801210e-03
8.606490621720213133e-03
8.459954262703075004e-03
8.540400528871975802e-03
8.326765180316712811e-03
8.196513587447993784e-03
8.073019879184907890e-03
7.897563660652473505e-03
7.955318929811093856e-03
7.943482851463021591e-03
7.853038904167924245e-03
7.887376339502906453e-03
7.703346332485797379e-03
7.766325125120191256e-03
7.754274228972078513e-03
7.557092970482186430e-03
7.606364600191084339e-03
7.544670939648063200e-03
7.691218327659057538e-03
7.618333475946971640e-03
7.320778254069211857e-03
7.354066424839356651e-03
7.368727178067174984e-03
7.434885581609772948e-03
7.425654333024429496e-03
7.483713685846340134e-03
7.295729830344330549e-03
7.236529788132133566e-03
7.162384163937318519e-03
7.080462995711755275e-03
6.957429581215463128e-03
7.020568487939213807e-03
6.993624156275041887e-03
6.997992860993721385e-03
6.928319846927860799e-03
6.979054053243601528e-03
6.938943216667857634e-03
6.859469549394323420e-03
6.904366293470002962e-03
6.858212432880670360e-03
1.864398580543809606e-03
1.882761151097585121e-03
1.956529413919583758e-03
2.023424955417574712e-03
2.100052318792767179e-03
2.036485380091672751e-03
2.215765646481533853e-03
2.277077962880784835e-03
2.196407288442236289e-03
2.308293568184672812e-03
2.277057913476967978e-03
2.339315580529522254e-03
2.372416458164292984e-03
2.536547332358961640e-03
2.502533521534030733e-03
2.597306536151319702e-03
2.629463880037570447e-03
3.162484492030802081e-03
3.130674044527550874e-03
3.214431406481994130e-03
2.916121818950334881e-03
3.007230816564041703e-03
2.974189917331092510e-03
2.754726129962164604e-03
2.817307722460382548e-03
2.882148920386147679e-03
3.246887388514483122e-03
3.362379666127532016e-03
3.422732617666289154e-03
3.511083627549681403e-03
3.562682360189873328e-03
3.481738673626070136e-03
3.748056157150503158e-03
3.590967190047486459e-03
3.852489724468486244e-03
3.905669994985457808e-03
3.955730227489280201e-03
4.168180649478030013e-03
4.145030211798729665e-03
4.216604838022661346e-03
4.027039626430229356e-03
4.003478461483818591e-03
4.074482147834841521e-03
4.240249049897512092e-03
4.333037819581123974e-03
4.397305324680544393e-03
4.375516078291949613e-03
4.443705616040813898e-03
4.461871987640217072e-03
4.569884051707572871e-03
4.605632411980172328e-03
4.548115656875437000e-03
4.733189218573545173e-03
4.633192564367168836e-03
1.006141843215136583e-02
1.003042925929050790e-02
1.005049429740082975e-02
1.007290049963644948e-02
1.006630115281108989e-02
1.005764191849808226e-02
1.007940815539175479e-02
1.007056841174016996e-02
1.006771891620287206e-02
1.007449780939816304e-02
9.603731037111908064e-03
9.585018972338576679e-03
9.637045458436074158e-03
9.702457098532252938e-03
9.685581894417462367e-03
9.732254426055726368e-03
9.765925437583462473e-03
9.805609612111909623e-03
9.763268114006145096e-03
9.864187279675340134e-03
9.892662217166330041e-03
9.852886557131996723e-03
9.949057999347223763e-03
9.966987916981528972e-03
9.933355004327005383e-03
1.001200094978728534e-02
9.996875762156813908e-03
1.002319889178240019e-02
1.006105516670119382e-02
1.006470027937453326e-02
1.004592328795973245e-02
9.492249017548909720e-03
9.475369103957518788e-03
9.530035196731897335e-03
9.376884327888737256e-03
9.360838851772051994e-03
9.418405475153639878e-03
9.255872185481623174e-03
9.240972944875934514e-03
9.301031528461237846e-03
9.134005917727833559e-03
9.118615250750059659e-03
9.180660363321938716e-03
9.007862651532834788e-03
8.992400559426795906e-03
9.056099122589960498e-03
8.848058481521665214e-03
8.913165083768642000e-03
8.897392494032606985e-03
8.832731670853454300e-03
8.714227997883489119e-03
8.700540801821254888e-03
8.766294317002456399e-03
8.580195043391695281e-03
8.567629058314363971e-03
8.633975368465870992e-03
8.422455339485209608e-03
8.474413114888222284e-03
8.407785499245652716e-03
8.489293843338312565e-03
8.288955901958517183e-03
8.341372578756738390e-03
8.274146755743597495e-03
8.155930070289422323e-03
8.207936248878323210e-03
8.144354568909800696e-03
8.033403410294395405e-03
8.083349289098994833e-03
8.022938829213210540e-03
7.915476259245001617e-03
7.964209476956661538e-03
7.906468100740323898e-03
7.743705786087313331e-03
7.810796339735293775e-03
7.786368323515211257e-03
7.779174974622732157e-03
7.838614794309197234e-03
7.828387975968241139e-03
7.723519604931867490e-03
7.496187235568849659e-03
7.579266242868376753e-03
7.641539651653334736e-03
7.629352404589623791e-03
7.568152106922063083e-03
7.305978349220258045e-03
7.361376453988243904e-03
7.313372701699542497e-03
7.370631341338871115e-03
7.222417730199199790e-03
7.271710978084446574e-03
7.246560656368156855e-03
7.164312213793144583e-03
7.217597174298612944e-03
7.183350248360936656e-03
7.088386551786654902e-03
7.145480439584260546e-03
7.105389585048769129e-03
7.006231553395378918e-03
7.064375265637205283e-03
7.022418455266981989e-03
6.942923616249280921e-03
6.922945325745394861e-03
6.980778783994970489e-03
6.940271737113621470e-03
6.893909188922843663e-03
1.715394568714325709e-03
1.789270143929897437e-03
1.807729352136373336e-03
1.943239274078109417e-03
2.118943389873997538e-03
2.246222513046406549e-03
2.349071902385588013e-03
2.312857347369107197e-03
2.408817185904907083e-03
2.442306443748152363e-03
2.600727578794764447e-03
2.661863758686900186e-03
2.568480887282806845e-03
2.988950755107912596e-03
3.075415435474244084e-03
3.043896318518780723e-03
2.952410658905558517e-03
2.693150189558527786e-03
2.665180064010229041e-03
2.756399972831415340e-03
2.725664303242929069e-03
2.730111670832850983e-03
2.822716482678802596e-03
2.789132313229628589e-03
3.227660551930206650e-03
3.279653825632525884e-03
3.194989811452369349e-03
3.310139455321273010e-03
3.288317138911474140e-03
3.340622519012222211e-03
3.370191440681850198e-03
3.348584937513129130e-03
3.429632657628258439e-03
3.400472031653878607e-03
3.731273405794964700e-03
3.778190405713321726e-03
3.701187077262994493e-03
3.570726471450236250e-03
3.620907411398270950e-03
3.540855026195943289e-03
3.805453351639425351e-03
3.788524259013694752e-03
3.834162274716811265e-03
3.859937594637759088e-03
3.838357042263046501e-03
3.884926815300281631e-03
3.909083084130186153e-03
4.097560771431648687e-03
3.886498959429678015e-03
3.933226851091227612e-03
3.956693728424232233e-03
4.214773786676402623e-03
4.191445992848257841e-03
4.263571112866187604e-03
4.284271621107739979e-03
4.260056233787747754e-03
4.306937261900772168e-03
4.328696229325891542e-03
4.443696898513328428e-03
4.485055816392084088e-03
4.420489201966600230e-03
4.506839018604559197e-03
4.657711739541123795e-03
4.713928767604064554e-03
4.677065429656408757e-03
4.613825945826926546e-03
1.000000000000000021e-02
1.000000000000000021e-02
1.003458271617308634e-02
1.006901632952377466e-02
1.007800988091722347e-02
1.009393366938132405e-02
1.008824876291136534e-02
1.007908792750431340e-02
9.549051464571965339e-03
9.654388373051129776e-03
9.734550777327728027e-03
9.816714580477524377e-03
9.908587635836687071e-03
9.982214254248651317e-03
1.003837027194943998e-02
1.008006956985815772e-02
9.435545086423855962e-03
9.317287137428804933e-03
9.195698661180824046e-03
9.071646772176963913e-03
8.878242647229535323e-03
8.943714391122181695e-03
8.928099940837342166e-03
8.863127639593884957e-03
8.781767337690827777e-03
8.647769258467004339e-03
8.446257158238268392e-03
8.513712637794136617e-03
8.501084452682855508e-03
8.356146353675849084e-03
8.434306935369600272e-03
8.222837774968632871e-03
8.094975217205877330e-03
7.974701471763726013e-03
7.802833530623264416e-03
7.859372127281615689e-03
7.850359971197675563e-03
7.761417596548045826e-03
7.790967433821077356e-03
7.610438597184771004e-03
7.677353095918991975e-03
7.657028919515483471e-03
7.458697217913881627e-03
7.508033147647899877e-03
7.446769631605714562e-03
7.594833940100203032e-03
7.519178971825427917e-03
7.264254047593517172e-03
7.336322691389607180e-03
7.385739713322764244e-03
7.321136838404350075e-03
7.193385392690733286e-03
7.126381263981615422e-03
7.047329432785357645e-03
6.964577160858444194e-03
6.854714788279398820e-03
6.906002267738044036e-03
6.891473690909126308e-03
6.842572985017084282e-03
6.882696536878061752e-03
6.899983540663443861e-03
6.857177869399141111e-03
1.676134949147610031e-03
1.769631596394140478e-03
1.695695238768347643e-03
1.830861372617267804e-03
1.847550517693015296e-03
1.926528398262938521e-03
2.084265974420579891e-03
2.149803741378671171e-03
2.053626570606929998e-03
2.180050507643014213e-03
2.166447634203568732e-03
2.257236115790326684e-03
2.221598463261440903e-03
2.417195383152418234e-03
2.476713503344396290e-03
2.382951199805357061e-03
2.508498753855101671e-03
3.064495861161109416e-03
3.113409763455947908e-03
3.026609177500877261e-03
2.794015248518786666e-03
2.891058251114476604e-03
2.854925359246065098e-03
2.632809613917938465e-03
2.697514922996555736e-03
2.761948073283592049e-03
3.145827864123305808e-03
3.257922722579622340e-03
3.318391603210727424e-03
3.407455391429157522e-03
3.377967971084769403e-03
3.459206649414578796e-03
3.650840794630476685e-03
3.488898150027508471e-03
3.759857677461243917e-03
3.813406808780739950e-03
3.862396177478526812e-03
4.074948508526451962e-03
4.121568510546397626e-03
4.050962322934289518e-03
3.934027018054791699e-03
3.910233040474297463e-03
3.980532695884413628e-03
4.144826273267805845e-03
4.237385630441114007e-03
4.324227137589261964e-03
4.292117942815750625e-03
4.360789233346359060e-03
4.383991110915605102e-03
4.459744743329282536e-03
4.451722413719321793e-03
4.514867344943292345e-03
4.546939887627176463e-03
4.602351484054418261e-03
4.558426836047305142e-03
1.006384788160854214e-02
1.006239612420397299e-02
1.003007182621637461e-02
1.010277743207644262e-02
1.008649813601088935e-02
1.008778204066195644e-02
1.009103886315069858e-02
1.010218983340018320e-02
9.523145511515247047e-03
9.507721028614536316e-03
9.564260862186027209e-03
9.672408550219538728e-03
9.687724708708142507e-03
9.638430626221380221e-03
9.720480055975633943e-03
9.797209008054540841e-03
9.832333388768675630e-03
9.781638857593756911e-03
9.896305027298985327e-03
9.924487491428834324e-03
9.880310243025687902e-03
9.979650948697573257e-03
9.964409667008093316e-03
9.997468008037142806e-03
1.004311097366637241e-02
1.002760171687449957e-02
1.005389798646000657e-02
1.009791955694415606e-02
1.007953268238164467e-02
1.009814186784479401e-02
9.416217584213704486e-03
9.396590525209141606e-03
9.454887223323146794e-03
9.293606029894495996e-03
9.274769596765645996e-03
9.335870749402492771e-03
9.168494695456436486e-03
9.151266295992457889e-03
9.212738517386182338e-03
9.041307195575828265e-03
9.024592956289051102e-03
9.088190746558234834e-03
8.908646568406163382e-03
8.958773171460735971e-03
8.893443705974215727e-03
8.743686068300280875e-03
8.796341412218720152e-03
8.811593713540552542e-03
8.728934702184786704e-03
8.605771872975348166e-03
8.592955406605104832e-03
8.660438729969960683e-03
8.467999728812765706e-03
8.524505843363826621e-03
8.457089495309171381e-03
8.314480905766344701e-03
8.301674379645917340e-03
8.368791360787409053e-03
8.380795613057850924e-03
8.184038821986205914e-03
8.236769935321516106e-03
8.169942005976399413e-03
8.054746037263761302e-03
8.105564858789805760e-03
8.044029388970603406e-03
7.930911806878278292e-03
7.982368734412114558e-03
7.923142011747047117e-03
7.813522969738329396e-03
7.864695589422160057e-03
7.808132109446165418e-03
7.645899516961106139e-03
7.694958848431171679e-03
7.712825439240103033e-03
7.677641551396380618e-03
7.740493537925603566e-03
7.728583768548450382e-03
7.628147400314633057e-03
7.397694668864029932e-03
7.482222324852749913e-03
7.546567212846111081e-03
7.530886662109979347e-03
7.470431560557041356e-03
7.158545925889769034e-03
7.190547614272256582e-03
7.232520975528371719e-03
7.208898758369170455e-03
7.272805809675865658e-03
7.257578294172003369e-03
7.123765360877441430e-03
7.173202295892084322e-03
7.144073688890620680e-03
7.052604777468780839e-03
7.108594049163087861e-03
7.070538613141804166e-03
6.975708320623949868e-03
7.032166921427765102e-03
6.991022459865818550e-03
6.898382289998153741e-03
6.952401475356581768e-03
6.910742126490226379e-03
6.848731428840468607e-03
6.823009238478418975e-03
6.873040239829899395e-03
6.832887416055949403e-03
1.534412913109538907e-03
1.604657084994290037e-03
1.624268053467789116e-03
1.752814875611651869e-03
1.961308375392124652e-03
1.895687650172234694e-03
1.992307237259331558e-03
2.022480575762498119e-03
2.125096035771608261e-03
2.235263499756830891e-03
2.292002183223779913e-03
2.200653252707854540e-03
2.325732209220578856e-03
2.481197655200459949e-03
2.540802980957608537e-03
2.449038520068923426e-03
2.898476448765065563e-03
2.981200492877858575e-03
2.943634609129994369e-03
2.846042018593703416e-03
2.572742587074358135e-03
2.547193523597347450e-03
2.606031552320429382e-03
2.638229545994885770e-03
2.617372410151096868e-03
2.673601796443648721e-03
2.705314651202250439e-03
3.125203232484119638e-03
3.176349525672476654e-03
3.094777262233776739e-03
3.206521052016895936e-03
3.184991272514051119e-03
3.236575997177635385e-03
3.266558084991212554e-03
3.244093403242272883e-03
3.296266107867682621e-03
3.325555877328429093e-03
3.635631356690649518e-03
3.603129416488300932e-03
3.683412416709309911e-03
3.473884151514768613e-03
3.440613868038066691e-03
3.522258297360447363e-03
3.711942776823848929e-03
3.698470523830490412e-03
3.768307917220276113e-03
3.743470250927812860e-03
3.745517785678870344e-03
3.815907959032554218e-03
3.791918404919268279e-03
4.004421908850306841e-03
3.793546689028445048e-03
3.840014745630084686e-03
3.863694292751443729e-03
4.119615775482838617e-03
4.167214687011147438e-03
4.097253944547840469e-03
4.189813997223330519e-03
4.182873619758041041e-03
4.253569105751042051e-03
4.221498008755114432e-03
4.374217861585946374e-03
4.349216725963101632e-03
4.408982435790150152e-03
4.417000675480175186e-03
4.503374134655143898e-03
1.000000000000000021e-02
1.000000000000000021e-02
1.003697939099887533e-02
1.011113401879333400e-02
1.009068841755230393e-02
1.008578101078776330e-02
1.010808221402641205e-02
1.012082674612122847e-02
1.010735872292571266e-02
1.011493516149981377e-02
9.585077639489772774e-03
9.594654721753982304e-03
9.554332806600552425e-03
9.470557763721628580e-03
9.629863198912642225e-03
9.693313962684416835e-03
9.731012004220969749e-03
9.682904259181064621e-03
9.848564926196139505e-03
9.746684082369248825e-03
9.939859296116347262e-03
1.001307673689434338e-02
1.007273105365003203e-02
1.011222084037251626e-02
9.355862297448858458e-03
9.231881190198814105e-03
9.105644144585735289e-03
8.975679955713156480e-03
8.775397547387072186e-03
8.842644630842975279e-03
8.827296814878862405e-03
8.759537873403321420e-03
8.675324356395237857e-03
8.537411593523147255e-03
8.335300798997699948e-03
8.391133324287857256e-03
8.402084871629625015e-03
8.249641531179749757e-03
8.324847445917464214e-03
8.119738283751841076e-03
7.993123060258504331e-03
7.872450244346835754e-03
7.701359711426173683e-03
7.757642724531158517e-03
7.752276825718544540e-03
7.661743005959524046e-03
7.689464595794837098e-03
7.516496123978175063e-03
7.581446290113652217e-03
7.563604540166880656e-03
7.359871274481963668e-03
7.409428625720455505e-03
7.348071066905490986e-03
7.499337159232706031e-03
7.421238402531360814e-03
7.183725287592612231e-03
7.141154818762703721e-03
7.242990403157032429e-03
7.289786777067292813e-03
7.225930712277491529e-03
7.088211585346376915e-03
7.014164846428437572e-03
6.937025179120665658e-03
6.860626001532292399e-03
1.497485955674724041e-03
1.515857338982173072e-03
1.586167026046185263e-03
1.638688493960515193e-03
1.657345480146491532e-03
1.734045009749043400e-03
1.865798752287452494e-03
1.913409264105897772e-03
1.848132269505878712e-03
2.009796479693627159e-03
2.046945224411446992e-03
1.985368558627055146e-03
2.087677047146200161e-03
2.069471916964165867e-03
2.117820049756127029e-03
2.151902594862690598e-03
2.299072827770539274e-03
2.357955903891087533e-03
2.266996825779434271e-03
2.389655049595346137e-03
2.968156686374629882e-03
3.016244287374595864e-03
2.933221508344544155e-03
2.774748170468243746e-03
2.784357140110337719e-03
2.836430593804838227e-03
2.514047803613115445e-03
2.582141909474721265e-03
2.655405643734301113e-03
2.724504904324827250e-03
2.636316526891416441e-03
3.046436109398712767e-03
3.155033679283958739e-03
3.214485582589415077e-03
3.308313062205309706e-03
3.276146440471095975e-03
3.357826552997758649e-03
3.554582251463280895e-03
3.390885776321957840e-03
3.667005771425957926e-03
3.721964516948656106e-03
3.769503771004273449e-03
3.982978051130480791e-03
3.958473156410382589e-03
4.028976492667031388e-03
3.844040990224928053e-03
3.818765255908216499e-03
3.889038529134161877e-03
4.051244433568584533e-03
4.151204168046858899e-03
4.288187785012639690e-03
4.235500735291160106e-03
4.306223399659602803e-03
4.331224984131694378e-03
4.354958942481706313e-03
4.407407598400383403e-03
4.364600431003425388e-03
4.438187537311966309e-03
4.492606810200773342e-03
4.448980187632704461e-03
1.010632839682392217e-02
1.006730428627042317e-02
1.008467562438092324e-02
1.011030927513770564e-02
1.013915837539362645e-02
1.012932025981495149e-02
1.012149105988026550e-02
1.013103770833628445e-02
9.459723793379504198e-03
9.523754158189314672e-03
9.491965451528912995e-03
9.438051795204975905e-03
9.640298670836119563e-03
9.838408370284884227e-03
9.818017111348154718e-03
9.868814946747775721e-03
9.726447639543335869e-03
9.763142970816429678e-03
9.710031009239223146e-03
9.934359415449275921e-03
9.915553313029958418e-03
9.958578692589471065e-03
1.000850626910447516e-02
1.002765366186355971e-02
9.994312981630384604e-03
1.006864134828200537e-02
1.005619430753255938e-02
1.008600925422379127e-02
1.013872083987071154e-02
1.013066597676257063e-02
1.011944559727046000e-02
9.335018978541428925e-03
9.376265302516022596e-03
9.314377792255751007e-03
9.210880964489432179e-03
9.252792512985805878e-03
9.189746824731184760e-03
9.076410992626789825e-03
9.123012850130928983e-03
9.058895155746215372e-03
8.943303841598752163e-03
8.992834158476089787e-03
8.926003767070983183e-03
8.807608331598163615e-03
8.858607309715538919e-03
8.791521504299949080e-03
8.636762999045855677e-03
8.690670213735126118e-03
8.706682080006864291e-03
8.621260597460468633e-03
8.495779498413872852e-03
8.551182682669180787e-03
8.481875442907524723e-03
8.355653990499638251e-03
8.412199764146607514e-03
8.345451343200359015e-03
8.209001665525407845e-03
8.196482115131241072e-03
8.262027549341709187e-03
8.272503843598375678e-03
8.081819911350950070e-03
8.133171228408359738e-03
8.068252078972989322e-03
7.948934321968900707e-03
8.002074011212768206e-03
7.939885428116060656e-03
7.803855624986162816e-03
7.867693132091109140e-03
7.808644162468948019e-03
7.713111211921285133e-03
7.707207487299539035e-03
7.763499048260870221e-03
7.544707020510330736e-03
7.611443649671595889e-03
7.595467518804654462e-03
7.572936447897493997e-03
7.637401459455912811e-03
7.625468685129400091e-03
7.530570540176757810e-03
7.301592248564504894e-03
7.384271802704330499e-03
7.450621262372452910e-03
7.433393079259457449e-03
7.372040389130036196e-03
7.083112937223110667e-03
7.146188288352617324e-03
7.120924723586660905e-03
7.030936832057994336e-03
7.094904363900598858e-03
7.077474165919824152e-03
7.126029108920128863e-03
7.167574360956423078e-03
7.184672705708787868e-03
7.041796273725193893e-03
6.941538158767919520e-03
6.997216310763345291e-03
6.958680237391308074e-03
6.867578837924170204e-03
6.921782951855213160e-03
6.883050489794786259e-03
6.796044714014961956e-03
6.847346449825178656e-03
6.809603283708188896e-03
1.358727222419117524e-03
1.427446588376228348e-03
1.445878470560221915e-03
1.567527767135703035e-03
1.696883218225764441e-03
1.763562733350768985e-03
1.667589029974179959e-03
1.780735599651437316e-03
1.937374505831011579e-03
2.039430029446208988e-03
2.123292197695986032e-03
2.179093033917578384e-03
2.096209962776025924e-03
2.210689198014959521e-03
2.362694313022693088e-03
2.421766957821149761e-03
2.330726346939093752e-03
2.837914789558264664e-03
2.868148052708101390e-03
2.902857846268119824e-03
2.721643336069082004e-03
2.809737746010901576e-03
2.748156024239099306e-03
2.714910560065236008e-03
2.454470460036566395e-03
2.427730690170905575e-03
2.522071894078965672e-03
2.487282671443098985e-03
2.484478633935668750e-03
2.569563124481115922e-03
2.550709782146568828e-03
3.023556125378828140e-03
3.074293857953648307e-03
2.995795436742653209e-03
3.104024101518548275e-03
3.083384740364643502e-03
3.163500636975923909e-03
3.134108424739147965e-03
3.144311880625723712e-03
3.226074472588999400e-03
3.194132959921574220e-03
3.552794896528542554e-03
3.594185654796355767e-03
3.513275333166620759e-03
3.384758311987524221e-03
3.429286443071513212e-03
3.346465293736220967e-03
3.625496113446780803e-03
3.610742728822290398e-03
3.678017776128494377e-03
3.654583510889426561e-03
3.653601364327484224e-03
3.699543055041721630e-03
3.723458739290382187e-03
3.913426077537925964e-03
3.701521486263056882e-03
3.772668099563080725e-03
3.747527624570722894e-03
4.031444715962524857e-03
4.007184535788191164e-03
4.075557570738943571e-03
4.107103539713889001e-03
4.191795067079485092e-03
4.240008196755270901e-03
4.187334039777324685e-03
4.321571716273230578e-03
4.396591525193577904e-03
1.015289231072377847e-02
1.013450357712613117e-02
1.013367928350246590e-02
1.014739774626169551e-02
1.014218073702310985e-02
9.498965246746253477e-03
9.543106658204897688e-03
9.479456827644762440e-03
9.398405401036992110e-03
9.615177353160562351e-03
9.655341856111301219e-03
9.600270586136980255e-03
9.888171519085832764e-03
9.784120420772018240e-03
9.672053607675125397e-03
9.972930716576644886e-03
1.004007286434362850e-02
1.011392256528914797e-02
1.010697351173388964e-02
1.009233142109752096e-02
1.012904155400868450e-02
9.273791036255387560e-03
9.144499494560514447e-03
9.010575315564451140e-03
8.876112236659825655e-03
8.669271034656762798e-03
8.739042634310519725e-03
8.722788607151735554e-03
8.653029658593876933e-03
8.566827080765638050e-03
8.426210174118656943e-03
8.224222564547245540e-03
8.280086482424231509e-03
8.290325739828099255e-03
8.145740344829767443e-03
8.216576825660810296e-03
8.015719626571845766e-03
7.876768562773812932e-03
7.758588267159688759e-03
7.599971034890163311e-03
7.656745472759274827e-03
7.650834912646030384e-03
7.558789788653283090e-03
7.586418195160076622e-03
7.412075952531492658e-03
7.478636275256430807e-03
7.464454209853246466e-03
7.262911177202891616e-03
7.311533022070419545e-03
7.252920200709801583e-03
7.398141846987139718e-03
7.323771530803402721e-03
7.104558737557082650e-03
7.057014293557272583e-03
7.149376889665457445e-03
7.196318961228524887e-03
7.137679063102050567e-03
6.986254317191893312e-03
6.904541404487731654e-03
6.831754198144471962e-03
1.328414240507082332e-03
1.412300236531743424e-03
1.343409670978049000e-03
1.518400103465052976e-03
1.578255877721283220e-03
1.507778994585058175e-03
1.606881391186908712e-03
1.750765376904850693e-03
1.808039859299478578e-03
1.723594554622799460e-03
1.917424053207342433e-03
1.963464896466436509e-03
1.891398141310668543e-03
1.993011923735393993e-03
1.959208245483970434e-03
2.040772320369426025e-03
2.014134471347148701e-03
2.182874755226544942e-03
2.240775934050485800e-03
2.152920732390768265e-03
2.272287815325842869e-03
2.869655018637041165e-03
2.918814497781723003e-03
2.853753885879196060e-03
2.779608907289335060e-03
2.688426890515721764e-03
2.395067811299371723e-03
2.455990602275340186e-03
2.542701367729363095e-03
2.598897256242058140e-03
2.513486766792045329e-03
2.946357269769403573e-03
3.053408752123950871e-03
3.113792123897481025e-03
3.202386642724026986e-03
3.255279475996570530e-03
3.173303055130277227e-03
3.468581658361977876e-03
3.293287938278028834e-03
3.581729793630627004e-03
3.632149619585522959e-03
3.677537142497148016e-03
3.894685363157885001e-03
3.869336293095856309e-03
3.938847604256019881e-03
3.751339724826957805e-03
3.797695066574293624e-03
3.726406781919388428e-03
3.962991577894056303e-03
4.075617866497346226e-03
4.053509787460643846e-03
4.129283206026287262e-03
4.133681503953606437e-03
4.234547518480463388e-03
4.261404756337220170e-03
4.213159610846179369e-03
4.294807098404723918e-03
4.331743441746996499e-03
4.385003667315527653e-03
4.343372409136957678e-03
1.016561985405543649e-02
1.016253401826052415e-02
1.015390355904419520e-02
1.015350586952589937e-02
9.558164964394598104e-03
9.373605232864623549e-03
9.417463577124175755e-03
9.437352105044373787e-03
9.354409227599133278e-03
9.874306338372827382e-03
9.905881720758619516e-03
9.856652060438871391e-03
9.768357044048327567e-03
9.747747528893116117e-03
9.804850506768509472e-03
9.649423960700178118e-03
9.689049809298985391e-03
9.632519175987657584e-03
9.964604869251412339e-03
9.949833578974370124e-03
9.988046251435112738e-03
1.003638953650318189e-02
1.005418804958803890e-02
1.002292452165287444e-02
1.008575761453264254e-02
1.007777683740492848e-02
1.010126460386550490e-02
1.015315407944891724e-02
1.014724867215997806e-02
1.013488316038350934e-02
9.246616233307559940e-03
9.291483370243523027e-03
9.228829056059978733e-03
9.115188758973652786e-03
9.163669963581666869e-03
9.095872703553057464e-03
8.978136408403307109e-03
8.960776708781264741e-03
9.027831125945939492e-03
8.839542256026247657e-03
8.891946660836171773e-03
8.823618194462453171e-03
8.699811804616769048e-03
8.684573725900746749e-03
8.754191289076744889e-03
8.528301977085527355e-03
8.582942955190932949e-03
8.599346397716709292e-03
8.512047483753963986e-03
8.385655754326660702e-03
8.441087552118392567e-03
8.370653129539579185e-03
8.240335390724573897e-03
8.298351039084177552e-03
8.232260580539881717e-03
8.109635936322603239e-03
8.159554313720056296e-03
8.095701134807601132e-03
8.167187289994413263e-03
7.976827702265485917e-03
8.029560658315846103e-03
7.962855298379735436e-03
7.841252363706323683e-03
7.895318400120110783e-03
7.822530714741780800e-03
7.644702256174256035e-03
7.724710113586307977e-03
7.678978246840705360e-03
7.622328171186494063e-03
7.443611223243900080e-03
7.494316942313453828e-03
7.508512983414955544e-03
7.471466567967151133e-03
7.535958769115034400e-03
7.522359922088203699e-03
7.427809409863798777e-03
7.206293665861188136e-03
7.287760411214263927e-03
7.350117065273102657e-03
7.336155468166485200e-03
7.275297216180530956e-03
7.017416631488087794e-03
7.071865278168178691e-03
7.050344038679679307e-03
6.965566222875685214e-03
7.024507696578308202e-03
6.998346963539693252e-03
7.054785465803501722e-03
7.090489960832814520e-03
7.102181204733667465e-03
6.900013003820916653e-03
6.965687181745870010e-03
6.920835119147696231e-03
6.829838308683377004e-03
6.885862691865044828e-03
6.848778649700004544e-03
6.761954096422304744e-03
6.814945196430707841e-03
6.779069452291804250e-03
1.188824578605924458e-03
1.257801014504196470e-03
1.273019705352689251e-03
1.422361796163923876e-03
1.575919186897245788e-03
1.636099159537065867e-03
1.546888840576151171e-03
1.662649956945449082e-03
1.833523383482569364e-03
1.938144306534845618e-03
2.006731455290974506e-03
2.064784379102471267e-03
1.982816272617943937e-03
2.094275497690055443e-03
2.249214215342775110e-03
2.305766676997127954e-03
2.215881960694507727e-03
2.733790808829816323e-03
2.801510884429078696e-03
2.785738393883853328e-03
2.727684206965145727e-03
2.631778962421431594e-03
2.338001143310005064e-03
2.315075426774796698e-03
2.399364054581350474e-03
2.371222087037742985e-03
2.361988018147756496e-03
2.451899944411027252e-03
2.423016163555944021e-03
2.923955487937581182e-03
2.973667696292560218e-03
2.896748812644535202e-03
3.003410333326532369e-03
2.984904416266590671e-03
3.064357011724899455e-03
3.034064929492559688e-03
3.046323182970380686e-03
3.124121318358724902e-03
3.095245876795645144e-03
3.496741301054159725e-03
3.440637570184086440e-03
3.524760738697531141e-03
3.257546685951886057e-03
3.321053730044684019e-03
3.229929722484329614e-03
3.553649801499768768e-03
3.525863768317732527e-03
3.568281315355843406e-03
3.589616345368203988e-03
3.563050471971195097e-03
3.608309071416089270e-03
3.632156579609031443e-03
3.822905945945957989e-03
3.611187596586307343e-03
3.681134020128473076e-03
3.656345522440195353e-03
3.948139885229087764e-03
3.989819816462711159e-03
3.921384354648699277e-03
4.011819554935317118e-03
4.125809601837972067e-03
4.100693284067182844e-03
4.158824962453417512e-03
4.180170242236799609e-03
4.283154287659016353e-03
1.016212837451533832e-02
9.530507464102088919e-03
9.573848189873812239e-03
9.514908586981176211e-03
9.407665478080643601e-03
9.454241227766722530e-03
9.390777688386354322e-03
9.311013754367710588e-03
9.921086713998262391e-03
9.823026325598659472e-03
9.710335875156302088e-03
9.591131484835318730e-03
1.000193996468547175e-02
1.006210996766802347e-02
1.011954610849908828e-02
1.011789009598378780e-02
1.010332889526347616e-02
1.013874319867117020e-02
9.181725108490985249e-03
9.047439979190750187e-03
8.909532058611205688e-03
8.770298776489894241e-03
8.559212480939715206e-03
8.614677243389386174e-03
8.630074569569330667e-03
8.543781409540542396e-03
8.457495379902185001e-03
8.313481094390189410e-03
8.108765527227538086e-03
8.174904149189650415e-03
8.166812910246370322e-03
8.043573262845740007e-03
8.109172674504531650e-03
7.909371808584149399e-03
7.710134364210288228e-03
7.757143608273435291e-03
7.775984255465985713e-03
7.677448845405571848e-03
7.500001076275877171e-03
7.572671042112074681e-03
7.550138910801964739e-03
7.457501319786404882e-03
7.485697013947178839e-03
7.315334591479736442e-03
7.379691192538815475e-03
7.363842748056030098e-03
7.165107365245798436e-03
7.214151582042772730e-03
7.157203783765209854e-03
7.301507978478527852e-03
7.226612694955847523e-03
6.991481866895018354e-03
7.036087314990281151e-03
6.932780285916050750e-03
7.038709235311601566e-03
7.094226069722282119e-03
7.046731398520678785e-03
6.864913566297136185e-03
6.795859922137472732e-03
1.143137504390148371e-03
1.165824787499134462e-03
1.234795154535613376e-03
1.397797019278898458e-03
1.457749386971701148e-03
1.362673453626949815e-03
1.486042462218436187e-03
1.621954740909360877e-03
1.598704004437953964e-03
1.686005938849857852e-03
1.791142775739125404e-03
1.770762687867100029e-03
1.853987453043266179e-03
1.874618377084871345e-03
1.834483941327174662e-03
1.920050236292882581e-03
1.896550837703596696e-03
2.068531591713227216e-03
2.125482741082078669e-03
2.037460039068859745e-03
2.158341250356388651e-03
2.769202731567972121e-03
2.819326070772101758e-03
2.751459127166414054e-03
2.587432290262718128e-03
2.660345718824349160e-03
2.654328481892739323e-03
2.565008071573360651e-03
2.282001718527423405e-03
2.338416577472932599e-03
2.461261684259128269e-03
2.411453245236421915e-03
2.501890136518353149e-03
2.846311969470273831e-03
2.954369765204961987e-03
3.015560106747127225e-03
3.105222173592999280e-03
3.075728851772290950e-03
3.153741483297525100e-03
3.402191945764915758e-03
3.449417895982355778e-03
3.393472486008789011e-03
3.181167552850786787e-03
3.329685918997876259e-03
3.511292277850495275e-03
3.544444648427967463e-03
3.587098730160977189e-03
3.810993162399759372e-03
3.852852051150019042e-03
3.781133322448156607e-03
3.660326918335724943e-03
3.635738021915688786e-03
3.705831695256295820e-03
3.879469611269792569e-03
4.007624953021907480e-03
3.977848038582739408e-03
4.041663846730378547e-03
4.066709446330172423e-03
4.120652587917677037e-03
4.177657235388960479e-03
4.123242655332919060e-03
4.228119458269201034e-03
4.279978363042179906e-03
4.231345378557291488e-03
9.470114928729268799e-03
9.278443879028361319e-03
9.344006072304148966e-03
9.326812995069580850e-03
9.262648877782504730e-03
9.902048846205560584e-03
9.888530098809909449e-03
9.934821631215421875e-03
9.823716206807033002e-03
9.796475133444055086e-03
9.849872804694884479e-03
9.674027217411576562e-03
9.722537221478073574e-03
9.661979272812763059e-03
9.560370040790798149e-03
9.605961502740564123e-03
9.545674353309307678e-03
9.986874637245873876e-03
9.976267323696537057e-03
1.001322247906082097e-02
1.006766088100507529e-02
1.007807008050694460e-02
1.005310513175915882e-02
1.009571911252736542e-02
9.147722377886337297e-03
9.197863484906854820e-03
9.131558096625629062e-03
9.011426645405473321e-03
9.063943512720192344e-03
8.994867914395838701e-03
8.872023313075934683e-03
8.925639193788277928e-03
8.855854883065290839e-03
8.730857978498717670e-03
8.715393484460862150e-03
8.785701654648170669e-03
8.589178438107638106e-03
8.644945071838812042e-03
8.574241251716277837e-03
8.417352113208405665e-03
8.488796325742158783e-03
8.473213146830218395e-03
8.401520708160728837e-03
8.272758615323366760e-03
8.329559031144089312e-03
8.256556970954138236e-03
8.106585924552739408e-03
8.173883762496236133e-03
8.107669052450422117e-03
7.993643601327973455e-03
7.985207862510036725e-03
8.051935225111720579e-03
8.051448837711387349e-03
7.870033438358400163e-03
7.923657181785549036e-03
7.855622018029148959e-03
7.730694717406802127e-03
7.786192687379989673e-03
7.720391428153860515e-03
7.546454345201029403e-03
7.628715978480759413e-03
7.595728689542043631e-03
7.523221414460712353e-03
7.342374368236067109e-03
7.407145178885239482e-03
7.393141632444797696e-03
7.370262345658834709e-03
7.435362074490364445e-03
7.421010881392299009e-03
7.328813926896332251e-03
7.102087559433231494e-03
7.190318734817994009e-03
7.253019401164850777e-03
7.239175208320811593e-03
7.177667316698217552e-03
6.905592889522721434e-03
6.961669601892698199e-03
6.935650880798181588e-03
6.961111349783761712e-03
7.008067955471391011e-03
6.989316095831411141e-03
6.846644095177855001e-03
6.906297481939719513e-03
6.873398684777258516e-03
6.999928836257508433e-03
6.785566606788571466e-03
6.842993841478722979e-03
6.807763803557344458e-03
6.720812803186961004e-03
6.775553137659656375e-03
6.741437859988888559e-03
1.025224233479254303e-03
1.083550060526941063e-03
1.106199646202466738e-03
1.228629717571087365e-03
1.278199166517638699e-03
1.185471829421398757e-03
1.312383390775164263e-03
1.457261511651848120e-03
1.516237135532132749e-03
1.427216686284272498e-03
1.538944515680335228e-03
1.705926746294612233e-03
1.812638962923382837e-03
1.893681573898804271e-03
1.949959636317698426e-03
1.863906680530333934e-03
1.980550464016262672e-03
2.133873646009694196e-03
2.101049339189968446e-03
2.191326288010829546e-03
2.622435274995691800e-03
2.695556451673103860e-03
2.677970231511401632e-03
2.604892214662421664e-03
2.524132369528232344e-03
2.223956909694844216e-03
2.194459661209690032e-03
2.254538059672643504e-03
2.277779701704015815e-03
2.349415794732888103e-03
2.355663283288787855e-03
2.405164464813912620e-03
2.826408361119110181e-03
2.875090882045695882e-03
2.797748232260179047e-03
2.905382574794681226e-03
2.890042173484166921e-03
2.937394130936965119e-03
2.967924536250274043e-03
2.955618574865919758e-03
3.000905638212018715e-03
3.030189570849552497e-03
3.463900538287073561e-03
3.162121005520392679e-03
3.133635945684893308e-03
3.209779819360099144e-03
3.306859917631904591e-03
3.282178641243178527e-03
3.354480976495035401e-03
3.428934367602656449e-03
3.477365747231894472e-03
3.495852322004151021e-03
3.473021631939674815e-03
3.518014657760041176e-03
3.541959735138861583e-03
3.735523338427512285e-03
3.520818149210339174e-03
3.590426628046773302e-03
3.565987059785395447e-03
3.869783894943210588e-03
3.908983886318158178e-03
3.840356549731069758e-03
3.938604014977438623e-03
4.064070148480712456e-03
4.174373299333511422e-03
9.439475742847603865e-03
9.485903158588819550e-03
9.423768219049388772e-03
9.311886504564459779e-03
9.360583394685035100e-03
9.295333838248738892e-03
9.213908443168118342e-03
9.945952870972418411e-03
9.863833557669055702e-03
9.752291412207920313e-03
9.760717214008913373e-03
9.788724068946154724e-03
9.618296857802383082e-03
9.713774657609489105e-03
9.500939797900995187e-03
1.002934645807950290e-02
9.080351426513862817e-03
8.942435693371341560e-03
8.802083962693106264e-03
8.660595649938929164e-03
8.443317713458516754e-03
8.516798652740263653e-03
8.501693196087243068e-03
8.430367742498006897e-03
8.345541185735404210e-03
8.190249960221215181e-03
8.003780244108783803e-03
8.056509597798206662e-03
8.055368657139747382e-03
7.932110649669034744e-03
7.998697296320961617e-03
7.800690642154754599e-03
7.601092814859228101e-03
7.666159275206664396e-03
7.655806121600446969e-03
7.573782751848021598e-03
7.396956063978190471e-03
7.448630530491142689e-03
7.472023806039992076e-03
7.356277703282758026e-03
7.383574204360031888e-03
7.217618029640402409e-03
7.280192910977666999e-03
7.266607261146945662e-03
7.076196356848992071e-03
7.120761222645249217e-03
7.057401163305191891e-03
7.203922147197013015e-03
7.133409012613382838e-03
6.876110419619602468e-03
6.933340458353478945e-03
6.816095107284656299e-03
6.905535318023975182e-03
6.972353888643511785e-03
6.933358447210317098e-03
6.753178107509380176e-03
9.959819090495820870e-04
1.068855666071246834e-03
1.010440135891721523e-03
1.094344154340032424e-03
1.118575938956123048e-03
1.160925888617076775e-03
1.290452047548891132e-03
1.343767239200610976e-03
1.259181697598917059e-03
1.373094454045431945e-03
1.507044979934373365e-03
1.481920162833475938e-03
1.564163384775236554e-03
1.671638930547238470e-03
1.731075099177695024e-03
1.646586780073581481e-03
1.752504359154979409e-03
1.722658491652458070e-03
1.807582347534347289e-03
1.778289554294460112e-03
1.958691061207757864e-03
1.926016166901049851e-03
2.013382713134754566e-03
2.045745200435121914e-03
2.667408346594024333e-03
2.718190713998432963e-03
2.644878396846362875e-03
2.453114884543504143e-03
2.520039314778160962e-03
2.537392315935088280e-03
2.457166542291422916e-03
2.164038620065826882e-03
2.226044459461657896e-03
2.210177226927774984e-03
2.293734115420132183e-03
2.287490680561794949e-03
2.401090141684724105e-03
2.746607080089250637e-03
2.858164254078952166e-03
2.922773772610180731e-03
3.013728574120165277e-03
3.059414863457967336e-03
2.984634331575905519e-03
3.415562583856340036e-03
3.087703172412018492e-03
3.234295638206595522e-03
3.367761651418241329e-03
3.450963246894234258e-03
3.496903500216332322e-03
3.734462156989744146e-03
3.697344412536706596e-03
3.772732861382101059e-03
3.579899367580413692e-03
3.620112425877260089e-03
3.550330504663468112e-03
3.802006527641653161e-03
3.904766204728212734e-03
3.887267115066469179e-03
3.956213168561887629e-03
4.018510417708893827e-03
4.013079678225217432e-03
4.069604775263107287e-03
4.127673421247484917e-03
4.177969357545380583e-03
4.124175225325512478e-03
9.376628075176121971e-03
9.179340805279124008e-03
9.246481345981055408e-03
9.229598619556597314e-03
9.163674463562311925e-03
9.918645811114370353e-03
9.954260600856822128e-03
9.910808637348354766e-03
9.814285566523984691e-03
9.859876291863476153e-03
9.819403497153858865e-03
9.783851949431241618e-03
9.587845475420894714e-03
9.574406187361958129e-03
9.631946862385026842e-03
9.698066526016858521e-03
9.725770211957690883e-03
9.686411218469193063e-03
9.468233944238528890e-03
9.454104513021503384e-03
9.515209123206172862e-03
9.999591527896077928e-03
1.003549469894628350e-02
9.993839025705266929e-03
9.042937243212870874e-03
9.095985299180498959e-03
9.027303962630985751e-03
8.903608984502098256e-03
8.958103692986224206e-03
8.887919028115314965e-03
8.761228993921633609e-03
8.746128914785175276e-03
8.817153484184726484e-03
8.615838022024657067e-03
8.673838177373265068e-03
8.602577566673560647e-03
8.468877493108446092e-03
8.529493934101741240e-03
8.456152854983871661e-03
8.303068316640235119e-03
8.373651374691079563e-03
8.360577721995341230e-03
8.287938850957363504e-03
8.160462151636661832e-03
8.216923319331185735e-03
8.133573712549191370e-03
7.940548869917759753e-03
8.024110077511036748e-03
7.972249623596371418e-03
7.894880196067072253e-03
7.944458116263607844e-03
7.882440691941937014e-03
7.949543046362713902e-03
7.763622500091329863e-03
7.817034130240116049e-03
7.747144032576532696e-03
7.625128770984455212e-03
7.678093164596960611e-03
7.613090383886773373e-03
7.436954532132872449e-03
7.519416553279905518e-03
7.491878739456649117e-03
7.416940552465267449e-03
7.243545437880748693e-03
7.307110374019674080e-03
7.293088863229469331e-03
7.267327314863077960e-03
7.332361222210532006e-03
7.318932836441110167e-03
7.230535182252429902e-03
6.961799001804918480e-03
7.000324800568584992e-03
7.019155587508208761e-03
7.099807986871540730e-03
7.158877702604812994e-03
7.145169255143899757e-03
7.087950849327199696e-03
6.787154963777641131e-03
6.846574675249112937e-03
6.816963650113382935e-03
6.845203755976900228e-03
6.903337282498343136e-03
6.875453804662780104e-03
6.732713679686363160e-03
6.789885460392173881e-03
6.759195152157690054e-03
6.933649766662186922e-03
6.875360372824415069e-03
6.672898496919739755e-03
6.729479426963435110e-03
6.696891888425811172e-03
8.685076485908760184e-04
9.314396277845863031e-04
9.459701181264189903e-04
1.044721650947804314e-03
1.131840313785745060e-03
1.179874461584013009e-03
1.112885539869855290e-03
1.210362723655484260e-03
1.344283174803570209e-03
1.400391712866425140e-03
1.317097447006551495e-03
1.424967592872678542e-03
1.588705229289086567e-03
1.696966173357003288e-03
1.787024289659041015e-03
1.840097214599158496e-03
1.754655951176145156e-03
1.872286961698439766e-03
2.024379982436221980e-03
2.078903121899800584e-03
1.991381466772105310e-03
2.515018829424471754e-03
2.590912904711131434e-03
2.568580554306625335e-03
2.483989915855233915e-03
2.108930077658665268e-03
2.074412695567307181e-03
2.134179017868810101e-03
2.149842433971167928e-03
2.282698334517187493e-03
2.315978089719840718e-03
2.254277957065544281e-03
2.367483192361091553e-03
2.730005194080359181e-03
2.698643665149902740e-03
2.778110475571177792e-03
2.809726440480084068e-03
2.795262770144917204e-03
2.875150961528725926e-03
2.842566587537872017e-03
2.866585901577739168e-03
2.939919061260123315e-03
2.911033964154915131e-03
3.069418653375393692e-03
3.041542863964205676e-03
3.115713679298701914e-03
3.209810711090560140e-03
3.185946889397258362e-03
3.258283328238428464e-03
3.335738037863210815e-03
3.382300124475324556e-03
3.321304995875224916e-03
3.404220134026233590e-03
3.384357020476505638e-03
3.428662137095828035e-03
3.452431313827270757e-03
3.657024659889103468e-03
3.431183095782995660e-03
3.505357089026153814e-03
3.475976525638411682e-03
3.798754125453833626e-03
3.766569063936685800e-03
3.834281600484358132e-03
3.961560897280576483e-03
3.851683938850022308e-03
4.073032186856806805e-03
9.341788112555081749e-03
9.391460295544881015e-03
9.327052439246072413e-03
9.209529028339569559e-03
9.261456089801478261e-03
9.194620052484404546e-03
9.111930816701618516e-03
9.960594437436491241e-03
9.868167366053044384e-03
9.757732931942344340e-03
9.529072580205619203e-03
9.644031377440017566e-03
9.405970124979836852e-03
8.973994105269575070e-03
8.833083653634207777e-03
8.689150775509867780e-03
8.542922858025219987e-03
8.295367170014141325e-03
8.369932309111319940e-03
8.382828410992134577e-03
8.299263130826734294e-03
8.232199834492899201e-03
8.034612223417366209e-03
8.070722347478317613e-03
8.097848156899201469e-03
7.987733318090084120e-03
7.917728948076140777e-03
7.829543096755410547e-03
7.694678635147826629e-03
7.480499042417942251e-03
7.553118912182141612e-03
7.541013084705026036e-03
7.458722276979114219e-03
7.282787488709667988e-03
7.340042024874801618e-03
7.360188979499535447e-03
7.255393680109152761e-03
7.275018674647079804e-03
7.118801296338768750e-03
7.181361886921841346e-03
7.168329509146590534e-03
7.006646793266439570e-03
6.984199374562378472e-03
7.041478697686329169e-03
7.109249435148360698e-03
7.053320091165154494e-03
6.816173274579831985e-03
6.759927289974552826e-03
6.702815789308333091e-03
6.843599288568143028e-03
6.902874737194449398e-03
6.874594554030731379e-03
6.784858325748435552e-03
6.845385954920179226e-03
6.815063377201295049e-03
8.743412060205957076e-04
8.712835642535815073e-04
9.345951370803056357e-04
9.698286448890338285e-04
1.031539465143604777e-03
9.826985601133239427e-04
1.049852536046115038e-03
1.183044702472508180e-03
1.236339507735039270e-03
1.157159201004949066e-03
1.262890085556649241e-03
1.398037462999524114e-03
1.452181005529412953e-03
1.370921013279436350e-03
1.558984362335681011e-03
1.614985466040633373e-03
1.532804297327820808e-03
1.640216481213835169e-03
1.615911382010070101e-03
1.700834580790520304e-03
1.668987880544531852e-03
1.846271860495360103e-03
1.902207148383376492e-03
1.816495731491451181e-03
1.934731416082353982e-03
2.575224460214689797e-03
2.621214101121003247e-03
2.545060741428537519e-03
2.342620950186257052e-03
2.428398632663121993e-03
2.397680607664507812e-03
2.049293262575942100e-03
2.120672207394833173e-03
2.173158454424155978e-03
2.097456479870984675e-03
2.201256017875583351e-03
2.312580235515715715e-03
2.652310537706883530e-03
2.762574007969430517e-03
2.830860742347449718e-03
2.923731269040955906e-03
2.968665843882035971e-03
2.895123816105894549e-03
3.139418615230093156e-03
2.996346187532706370e-03
3.272621030301107840e-03
3.360030633897597568e-03
3.407757370156690429e-03
3.676344685447419536e-03
3.705419782283456923e-03
3.628036039049530818e-03
3.474373875173594403e-03
3.452769455163267383e-03
3.527093262570315559e-03
3.737448428713841322e-03
3.921708117402590565e-03
3.970108946634945749e-03
3.913233463691620159e-03
3.839876662827885340e-03
3.819295755733588017e-03
3.872325043935473127e-03
4.030990022197746166e-03
4.079340009099826671e-03
4.024736890203226350e-03
9.276545977530126913e-03
9.072418654758003520e-03
9.141792784346305933e-03
9.126560290237895057e-03
9.057836798707263187e-03
9.917055444693127081e-03
9.960014766057151414e-03
9.918243158154278066e-03
9.845292344313576194e-03
9.830174173449522657e-03
9.883079748033544304e-03
9.738007041194037677e-03
9.777369908504980611e-03
9.718588979968767819e-03
9.494490886927602069e-03
9.481642251373030225e-03
9.542044152368266835e-03
9.612421742405737046e-03
9.600498735545857573e-03
9.656189403118436987e-03
9.369402167634816384e-03
9.355847923698670104e-03
9.419638110020252600e-03
8.932258411613203802e-03
8.918068891753774471e-03
8.988213457578013779e-03
8.791378217194691785e-03
8.776417650385979347e-03
8.848035320819073318e-03
8.645587864726096000e-03
8.630809311177602486e-03
8.703905893457521137e-03
8.496042491208563932e-03
8.556404787512836285e-03
8.482541048932125405e-03
8.343692732399474177e-03
8.406732058604518901e-03
8.319633840252577475e-03
8.186507611509614632e-03
8.245111890854814676e-03
8.241187793401780551e-03
8.173505105523838979e-03
8.062226686304992465e-03
8.048438111588947924e-03
8.111560746406001540e-03
7.913954036356477678e-03
7.974567466298194615e-03
7.927273461780796199e-03
7.795848298344963505e-03
7.868556491882070306e-03
7.845546418325971202e-03
7.779732017243765584e-03
7.654981514468269140e-03
7.709498295605476254e-03
7.640044087093862853e-03
7.513034984895201017e-03
7.569268638747266541e-03
7.496751418739307400e-03
7.305540579290865401e-03
7.393434916210343648e-03
7.371476190461853824e-03
7.294136007165242033e-03
7.142459213088962582e-03
7.193123172993177994e-03
7.205084223046306739e-03
7.156940793142769000e-03
7.220061597036945764e-03
7.212272078543805615e-03
7.130581083477056416e-03
6.906250318369093304e-03
6.956574638597436307e-03
6.934034889898368914e-03
6.985799739369838793e-03
7.042963792344774168e-03
7.052496770512338073e-03
6.996182353666373192e-03
6.725176340334036371e-03
6.785390382163749082e-03
6.756210012230175546e-03
6.672422529966813391e-03
6.729996307114581404e-03
6.702616746421270061e-03
6.618431273414063232e-03
6.675830041791203096e-03
6.645705888014239414e-03
6.814215004212064060e-03
6.874913378655874742e-03
6.755012270593796844e-03
7.193169110161728823e-04
7.955963608139449963e-04
7.929327244659840467e-04
9.215021405481433692e-04
1.026229028584571155e-03
1.078570877274659433e-03
9.976136275712224784e-04
1.103798594844040580e-03
1.238083521414564368e-03
1.290782077992322103e-03
1.210296044012331785e-03
1.317331063768586042e-03
1.477856394185373843e-03
1.587254695430023428e-03
1.678385148719631131e-03
1.732403437307163769e-03
1.646970041063209027e-03
1.761738754258150401e-03
1.907022627293541951e-03
1.965414646675267552e-03
1.876511431881422963e-03
2.446024229124512100e-03
2.480453791677819306e-03
2.510394733259836090e-03
2.394157375166702014e-03
1.990205468749395301e-03
1.959487325106974535e-03
2.039613778556898221e-03
2.016680645773345684e-03
2.172905607210446569e-03
2.227596970375890408e-03
2.146715299539377238e-03
2.257304779859266915e-03
2.633835085965226426e-03
2.604476879784729110e-03
2.681816124894354902e-03
2.714226955548798646e-03
2.699159371296772428e-03
2.782536534205715638e-03
2.747114928760614142e-03
2.769596247105266407e-03
2.818000320142036337e-03
2.846385317396346072e-03
3.116100965325642458e-03
3.162905990025359146e-03
3.092746809183811920e-03
2.977988738108805402e-03
2.950834593459401682e-03
3.023643478204557887e-03
3.250787086507693577e-03
3.230298157081010462e-03
3.293228593943131263e-03
3.317408581409833461e-03
3.296177865543702644e-03
3.340232862072712531e-03
3.363514227649044321e-03
3.575623655221850297e-03
3.577776435064920248e-03
3.625913308642876587e-03
3.342286525273800452e-03
3.408171562577117474e-03
3.386702091822794275e-03
3.524915810848083548e-03
3.739462021974413863e-03
3.769119835260392130e-03
3.707862505224685575e-03
3.976268332830398475e-03
3.880738555869891245e-03
3.789600316542193672e-03
9.238639277477254594e-03
9.224311013559529163e-03
9.290961459453246640e-03
9.101031347859571755e-03
9.086921073649872199e-03
9.155971519083669005e-03
9.003083144955278949e-03
9.882056836347616335e-03
9.793135172605750560e-03
9.676742099937142225e-03
9.554522725238680930e-03
9.432923811608857553e-03
9.304919010380038880e-03
8.862481168937797957e-03
8.719114941340264449e-03
8.571410143887512809e-03
8.420423565429151214e-03
8.183768281373323197e-03
8.239896391684684712e-03
8.264283460789749111e-03
8.107168139034722637e-03
8.202019452140987474e-03
8.146995927699933124e-03
8.124675629829089529e-03
7.988490510856233184e-03
7.824421024888558035e-03
7.882734290817145287e-03
7.869316364756210810e-03
7.810139830288847888e-03
7.725732646103533434e-03
7.584305951155063084e-03
7.358959218399215366e-03
7.419922936991707116e-03
7.436322110996535298e-03
7.332253364128256574e-03
7.175552626353186303e-03
7.240758314804594635e-03
7.229295495289826678e-03
7.149646662036799466e-03
7.166208806204880065e-03
7.016576682401983074e-03
7.079702469894125563e-03
7.067799387753630896e-03
6.946036108225250860e-03
7.001117556039689396e-03
6.698799032096441897e-03
6.645449617536156213e-03
6.720492922414443224e-03
6.752687895294475981e-03
6.782229635285079612e-03
6.782109129602726695e-03
6.844361957861984369e-03
6.812858833594697371e-03
6.659373852419626753e-03
6.692295720543439165e-03
6.722315572564434641e-03
8.089870812836876240e-04
8.414008009671320983e-04
7.633509397899449628e-04
8.883260667650555529e-04
8.696000327606295995e-04
9.469387176298189922e-04
9.191777840431509042e-04
1.079652135381295756e-03
1.130898214241039595e-03
1.052650206285748926e-03
1.158052061830031889e-03
1.293576711333537920e-03
1.345420659499281307e-03
1.265594997553936467e-03
1.452697840584460300e-03
1.505497644898050281e-03
1.425157158972036519e-03
1.533656830221230517e-03
1.510115125454107414e-03
1.593585671500820887e-03
1.562680388923006099e-03
1.737154875645001689e-03
1.791415465771734527e-03
1.707623020409414520e-03
1.821502464935074615e-03
2.480865488143634088e-03
2.527928827355247279e-03
2.463422264544162452e-03
2.319272939711046217e-03
2.382408600998488311e-03
2.330923653135865206e-03
1.933153709968427102e-03
2.016861421013282831e-03
2.068551783058675698e-03
1.988080045998572715e-03
2.094456776708101230e-03
2.207878624991262227e-03
2.190360719741042943e-03
2.274959978694982270e-03
2.557033020443449239e-03
2.666440334804986642e-03
2.734317750918026108e-03
2.834211024686513359e-03
2.878901207985567253e-03
2.801859234871814999e-03
3.046841163810140151e-03
3.183261311797985597e-03
2.905862075244344551e-03
3.273471325135995404e-03
3.319222010661018220e-03
3.623694276860704722e-03
3.650031535309699975e-03
3.599637073864318890e-03
3.377335911706742192e-03
3.425819692771956207e-03
3.359815059358903580e-03
3.509277278288008405e-03
3.542448152135851350e-03
3.491818805600161932e-03
3.681480056752064415e-03
3.938677017774092765e-03
3.984827172991472523e-03
3.930171275002167404e-03
3.809093587091485177e-03
3.865366851511652276e-03
3.824498687528780395e-03
3.774215151763949533e-03
9.170685854924332317e-03
8.959107117980241036e-03
9.016399820742454496e-03
9.030853005025591199e-03
8.945851582855669434e-03
9.821501250118450099e-03
9.870816962341101911e-03
9.833791805119883669e-03
9.780787085603209405e-03
9.626081864123938944e-03
9.619609057107162201e-03
9.683402314248377996e-03
9.513448629644677412e-03
9.504234979631168145e-03
9.563806596845105673e-03
9.392025008854994889e-03
9.444090715307534162e-03
9.380974856040480078e-03
9.266367845152997246e-03
9.318618094513064776e-03
9.252767117617764769e-03
8.814955657436528147e-03
8.874189913264770441e-03
8.803310885147354672e-03
8.674050996985468998e-03
8.659936603198845062e-03
8.733220054519062747e-03
8.526150337629177789e-03
8.511201866356163381e-03
8.586330964900129939e-03
8.373407519339667870e-03
8.435152566657597162e-03
8.358638389903945767e-03
8.210469620582222516e-03
8.277521545319486973e-03
8.197190549539367169e-03
8.145605924469114315e-03
8.084749777349990382e-03
7.953998079482356778e-03
8.008354193416602693e-03
7.934018372452712048e-03
7.749839480406585726e-03
7.832353795667665666e-03
7.787229726136521250e-03
7.698490204191535749e-03
7.761714127011231680e-03
7.747330848700859779e-03
7.676750737664983330e-03
7.545754706285553483e-03
7.600548290582733596e-03
7.529390835974803659e-03
7.397062451164694401e-03
7.455229059739354805e-03
7.378007622425284719e-03
7.203587439107040670e-03
7.281577853276128588e-03
7.254675203656202505e-03
7.189547422355885634e-03
7.035022435091523724e-03
7.096153503352518530e-03
7.088855741184518951e-03
7.039314897298727149e-03
7.098255046222084683e-03
7.107650593557239896e-03
7.025742228646329052e-03
6.844328857511064110e-03
6.875293398850628943e-03
6.915297913446954298e-03
6.890460101572022655e-03
6.938198103023306487e-03
6.953695328158061677e-03
6.607584978498025341e-03
6.640023855754700714e-03
6.666575222040702769e-03
6.557698117878416923e-03
6.615287819421228864e-03
6.588065855248567866e-03
6.689925452483647117e-03
6.751290616764764330e-03
6.813208810449273949e-03
6.633479070931228190e-03
6.635108507689601318e-04
6.909757597331948973e-04
7.352096989528402815e-04
8.388712177469948451e-04
9.262182943238074333e-04
9.757235628932396784e-04
8.975559210304523937e-04
1.002050192856672461e-03
1.135141224485496265e-03
1.186167819019829294e-03
1.107133828294756947e-03
1.213577685326553508e-03
1.372443113784595778e-03
1.481222285567051914e-03
1.569246918950448341e-03
1.623474108452752605e-03
1.539518527495008313e-03
1.652559303366749315e-03
1.794988161388824145e-03
1.850703998999441097e-03
1.765949648631670674e-03
2.399680536316839852e-03
2.263374208012364133e-03
1.876701073909817436e-03
1.856365650240857481e-03
1.936115857525537529e-03
1.907679778648941563e-03
2.070607039014470824e-03
2.121557172578348791e-03
2.043666072375581629e-03
2.138917919610590530e-03
2.535671188223418381e-03
2.508225648727104365e-03
2.584634955893984343e-03
2.617062328639786686e-03
2.586765987331151283e-03
2.642816033088346388e-03
2.677751745203269668e-03
2.686071660568333484e-03
2.759867803071936257e-03
2.727762328125104239e-03
3.024859363851319701e-03
3.001412275942386305e-03
3.070422142483797932e-03
3.163517386923848235e-03
3.207105322802565519e-03
3.139798592430039122e-03
2.886132463100935658e-03
2.860152011094835040e-03
2.931991223714613352e-03
3.229673530182683959e-03
3.208131446198347718e-03
3.252111718643443602e-03
3.275032639553790773e-03
3.566382984229215375e-03
3.249585617990378636e-03
3.313297806929125285e-03
3.295887149113577337e-03
3.443159681782860092e-03
3.673770758001711125e-03
3.706624008321510091e-03
3.648704514591971041e-03
3.873747818211847535e-03
3.741292964172314699e-03
9.129160699398517279e-03
9.184589562737727891e-03
9.115329065427460464e-03
8.986230590070131211e-03
8.972871869478590140e-03
9.044273176286794433e-03
8.887741230627459188e-03
9.714156352178156262e-03
9.769227921013942315e-03
9.726632933412780041e-03
9.670970601818791937e-03
9.570821137677668067e-03
9.453692523884317522e-03
9.330055594684421791e-03
9.198643428004419503e-03
8.745107949135936740e-03
8.600694029281564026e-03
8.450348114511077591e-03
8.292520823501908431e-03
8.043539458931657157e-03
8.127555515137194903e-03
8.114080979996744422e-03
7.999396678740907859e-03
8.092242308258702777e-03
8.053531558610767943e-03
8.031023730936347887e-03
7.805831678032416725e-03
7.880292733386667914e-03
7.860115295281522307e-03
7.777890156110296542e-03
7.724200174239140987e-03
7.622474010660012546e-03
7.471714050662880968e-03
7.250199602291326761e-03
7.304715244553039964e-03
7.323906109131115422e-03
7.226895263102854280e-03
7.064105977200265361e-03
7.134073332632446217e-03
7.119945901628874779e-03
7.037104027581097751e-03
7.051685194665186993e-03
6.916091435971550606e-03
6.975710878551643311e-03
6.966420173587132593e-03
6.867362961186837707e-03
6.903222444191580744e-03
6.582674100550808295e-03
6.594160613181818641e-03
6.657503019206255888e-03
6.626759894648304519e-03
6.655733606974500657e-03
6.688103280192060456e-03
6.719095838940797490e-03
6.714848981094596013e-03
6.748481524690074125e-03
6.779770942306966031e-03
6.538005779002374271e-03
6.598857867798452528e-03
6.572791146779573442e-03
5.783400666232396898e-04
6.202662576689411565e-04
6.477538591304266751e-04
7.419208986244310230e-04
7.751384462291320727e-04
7.022443349383913468e-04
8.049927332518918557e-04
7.505883987640779142e-04
8.370221209062283715e-04
8.093247465104283890e-04
9.803584639927116241e-04
1.029508162132636686e-03
9.529954403114129736e-04
1.056892263532089194e-03
1.193720673398712987e-03
1.243234396739872905e-03
1.164198162599557268e-03
1.349853072878361582e-03
1.400905806628746902e-03
1.321510653233436009e-03
1.429305043365121895e-03
1.408005192170052157e-03
1.487960921318290516e-03
1.458704211974362012e-03
1.631296680985198314e-03
1.600127077250263711e-03
1.683913531321522576e-03
1.712550160024683141e-03
2.385740451090577127e-03
2.433175119263093419e-03
2.352438739510513254e-03
2.137781005352382222e-03
2.227978120476482773e-03
2.172736606919968474e-03
1.825568752495159352e-03
1.915847272512522566e-03
1.886019023861613486e-03
1.966130892085154840e-03
1.992774546644868802e-03
2.104110868955121148e-03
2.460380134486441807e-03
2.561188599383024383e-03
2.636291278772699177e-03
2.746018250301422627e-03
2.790040836387937782e-03
2.716010794994866417e-03
2.955277764244551835e-03
3.093984884628206335e-03
2.815835564526595648e-03
3.185817252996249460e-03
3.228853955919415084e-03
3.553315956929698708e-03
3.588503018543039765e-03
3.531278407033990388e-03
3.268011731741778201e-03
3.258808128377454257e-03
3.322583819103950512e-03
3.451359822345923326e-03
3.480316987217739206e-03
3.414291723274466214e-03
3.613425194506173724e-03
3.851118724177197538e-03
3.894913936817325385e-03
3.830051244336285694e-03
3.724433262910583579e-03
3.766771079371179255e-03
3.699061188028920141e-03
9.058517588704699877e-03
8.844903298117351431e-03
8.902546152194273574e-03
8.916276306055535839e-03
8.830097784294521981e-03
9.596056363505441403e-03
9.656382916824458179e-03
9.611442557020559441e-03
9.499343017121991695e-03
9.563981005089431525e-03
9.506685453549570258e-03
9.404994627977994112e-03
9.398709354940476199e-03
9.460073176189144270e-03
9.285391345885810055e-03
9.339493789280619088e-03
9.276188149779781775e-03
9.151281150659112615e-03
9.209544686394231447e-03
9.140458748138050385e-03
8.700640337092009624e-03
8.687492506867360367e-03
8.758269151904817668e-03
8.555701376672534067e-03
8.615329693233933495e-03
8.541052465777590474e-03
8.403985528722556289e-03
8.388808544026082198e-03
8.465490600674094659e-03
8.245432800544277158e-03
8.309828711308886798e-03
8.228050516698925607e-03
8.075988593851968558e-03
8.059845862270367464e-03
8.143623598904576114e-03
8.021545212203697039e-03
7.976758772562968919e-03
7.837745454740831924e-03
7.896126138617896514e-03
7.821825554552718981e-03
7.644001918577968124e-03
7.725329346850954605e-03
7.697103734826282566e-03
7.597244595969193659e-03
7.673900603607172917e-03
7.648027869523736817e-03
7.571529744588780843e-03
7.435832835668939288e-03
7.490959465166380400e-03
7.416455476561698706e-03
7.290556071631070119e-03
7.343944579286965438e-03
7.270383244562410308e-03
7.102479065102320320e-03
7.176595556463388412e-03
7.153128736073314196e-03
7.083284511310875171e-03
6.931896824567744704e-03
6.985726218887645250e-03
6.983548966938506707e-03
6.922046803210951151e-03
6.993292386922117521e-03
6.980794454635630593e-03
6.923939698011042677e-03
6.760416273463902559e-03
6.825619289724944340e-03
6.802407537439492981e-03
6.790050251685273916e-03
6.840322622667286030e-03
6.853236605867735719e-03
6.491141722641688427e-03
6.549539913879009849e-03
6.524410101717790893e-03
6.624933823405983538e-03
6.566079176558489890e-03
6.685285804779005601e-03
6.737610977170525699e-03
6.514600158421023426e-03
5.331400146128432516e-04
5.973094783213626306e-04
5.552978768793195418e-04
6.273821590749044039e-04
6.450927757654456932e-04
6.839360629232455044e-04
7.460125326776884157e-04
8.320389617217164831e-04
8.785800573433790762e-04
7.907845802769850963e-04
9.052822786032332404e-04
1.040231367308167574e-03
1.010031691231097310e-03
1.087235392137720280e-03
1.271057056513999993e-03
1.116169384352190021e-03
1.378752455605001224e-03
1.467670914060182925e-03
1.437686073890049546e-03
1.518120358599287173e-03
1.548820046634138622e-03
1.693045934997969033e-03
1.662051993974392921e-03
1.743739947205083692e-03
2.257016302952687386e-03
2.288079036059366151e-03
2.321116992925127773e-03
2.197161982986190702e-03
1.774132751468621150e-03
1.758477828601892222e-03
1.807178197999650742e-03
1.836645962159592048e-03
1.966967642018554226e-03
1.941351908933622175e-03
2.018563726540391779e-03
2.051835392662364112e-03
2.440374949742667686e-03
2.413019737250519936e-03
2.487902698585920183e-03
2.513266388794217852e-03
2.500916541390445658e-03
2.593027916947479670e-03
2.543755526602907088e-03
2.621838263382345047e-03
2.653918762906461431e-03
2.683725967528389957e-03
2.935588846912348671e-03
2.910846591414458558e-03
2.980162196881966635e-03
3.072768535611876059e-03
3.118086853377847068e-03
3.048803367380040989e-03
2.797051514552860007e-03
2.771518603236993502e-03
2.841521469620439388e-03
3.140258053453178020e-03
3.119943753884672592e-03
3.163986931756274275e-03
3.184589866202576069e-03
3.502247014970894315e-03
3.161805294122264909e-03
3.214793132495908420e-03
3.205647968533051773e-03
3.352168872677508803e-03
3.364787809411400044e-03
3.310015615956549140e-03
3.401698923274945087e-03
3.600923546666483580e-03
3.637349475738178243e-03
3.577094221790872407e-03
3.787628196547746743e-03
3.662540101795093775e-03
9.012510177794237284e-03
8.999603499341909951e-03
9.071480417413161149e-03
8.870349416895097899e-03
8.928828787373593173e-03
8.857821207662673613e-03
8.773423371757353012e-03
9.548517318755490174e-03
9.452792882196536101e-03
9.345976291716517892e-03
9.219229752160279165e-03
9.082696251116616562e-03
8.628756372865623372e-03
8.480418093357294101e-03
8.325273735694660796e-03
8.161290069556664112e-03
7.912339500940487880e-03
7.978272026449882010e-03
7.994654501456078394e-03
7.870798367314219002e-03
7.957701865955398718e-03
7.935412030707576433e-03
7.919028864148667385e-03
7.685769273576461245e-03
7.746042644894514384e-03
7.762127572297617892e-03
7.664924607362032238e-03
7.620656933356947244e-03
7.516905644454141902e-03
7.363467111838408602e-03
7.143253310711556760e-03
7.217162447549342261e-03
7.196843478077206806e-03
7.122869459174964966e-03
6.958357428038550001e-03
7.030641552025222209e-03
7.011319794879788958e-03
6.926909127857922358e-03
6.940188540929289121e-03
6.814464264282708676e-03
6.873321892246820643e-03
6.865346636396339741e-03
6.775192746874924080e-03
6.802209413326963834e-03
6.536165942370021457e-03
6.565119154596829598e-03
6.596084909920699006e-03
6.460632246687373660e-03
6.499281591858317546e-03
6.527550956377197941e-03
6.591871986044408466e-03
6.653506050835510284e-03
6.623779265923609300e-03
6.653441011004863209e-03
6.684141429980065656e-03
6.707041660923227129e-03
6.419051280119061897e-03
6.478670128330995745e-03
6.455109516263253175e-03
4.463275051339611870e-04
4.889853284431510891e-04
5.111587092694368575e-04
5.795468160093863747e-04
6.880792008905234781e-04
7.031644226668067651e-04
7.265414486029483357e-04
7.667927325795315151e-04
8.898537580632338417e-04
8.606580632896410369e-04
9.346056233895673167e-04
9.641452126910385204e-04
1.251133984877678086e-03
1.300100639109123910e-03
1.222234560533384893e-03
1.098526950486515075e-03
1.069163208035967720e-03
1.145687477979502817e-03
1.328858012428406213e-03
1.308979736665071003e-03
1.387619525489130166e-03
1.358111713523955369e-03
1.529349014569790629e-03
1.498378106564587746e-03
1.579999548613918300e-03
1.610552188601405013e-03
2.292266995937678083e-03
2.338870882769092472e-03
2.274626607165007586e-03
2.153064933618099603e-03
2.204853370207254717e-03
2.145424004006917570e-03
1.725652441949889274e-03
1.817696219953134421e-03
1.788009393082758960e-03
1.866541804040270551e-03
1.891878411924588672e-03
2.014560063643057713e-03
1.990728131851406298e-03
2.075877793199423088e-03
2.365981478758272683e-03
2.470605804596237576e-03
2.561179486681354738e-03
2.657725813866593581e-03
2.701792158386292098e-03
2.639778891532456977e-03
2.866089988991320312e-03
3.003968015533056268e-03
2.727137425260825390e-03
3.096346314257000017e-03
3.140870713149056335e-03
3.479134344627816348e-03
3.516211896158447786e-03
3.465244356891221574e-03
3.200316168522347477e-03
3.234147478289511012e-03
3.181056043797630267e-03
3.276020098490096868e-03
3.415493131281938793e-03
3.539890432231312337e-03
3.768549881123765474e-03
3.809842492871467080e-03
3.746442271282605322e-03
3.649365836189269203e-03
3.625110061266467558e-03
3.686903616737337037e-03
8.942180940437131909e-03
8.730991713647709082e-03
8.788400215089921599e-03
8.801313888382423026e-03
8.715970964034130269e-03
9.468136973271463683e-03
9.533267134376924301e-03
9.484036605067929296e-03
9.372451357116512102e-03
9.436901579654729741e-03
9.388930541918777406e-03
9.329523631469861800e-03
9.156801756383543475e-03
9.154232583025315520e-03
9.221889925806728630e-03
9.037299296453296313e-03
9.025154763141054332e-03
9.094896628000675651e-03
8.588643559554572787e-03
8.572319110812555432e-03
8.645039921321298962e-03
8.433832514429704177e-03
8.419035967260698680e-03
8.495181304166661562e-03
8.278323022880288568e-03
8.261995017286289864e-03
8.341545734069534881e-03
8.118094434887904512e-03
8.182119755537481387e-03
8.097152387166033430e-03
7.891648719758812686e-03
7.947125775829294234e-03
8.011878402176361713e-03
7.929819326663424886e-03
7.854325435311622361e-03
7.715729267959015383e-03
7.776990506438705326e-03
7.700790284966336011e-03
7.527597384993755213e-03
7.586000475600857169e-03
7.607049971885707605e-03
7.473389643636404144e-03
7.559112765250197187e-03
7.535535640826152015e-03
7.454629078237445979e-03
7.325590094744752721e-03
7.380863367507423459e-03
7.308084196338725941e-03
7.178957366846732378e-03
7.234893117138191561e-03
7.161113887519721111e-03
6.998466211682295886e-03
7.071087725643404945e-03
7.050565406341801310e-03
6.978413981492639050e-03
6.826111638491383186e-03
6.879096350549499493e-03
6.874161849464903960e-03
6.822619686259272752e-03
6.872382559331876618e-03
6.890667374178370205e-03
6.820254980594715223e-03
6.666973545046238694e-03
6.713736062732550587e-03
6.728658600680825601e-03
6.688581098945058610e-03
6.739361827060218191e-03
6.751674229687861656e-03
6.564006111721775762e-03
6.498417033354611863e-03
6.439828803471174014e-03
6.622670391616808198e-03
6.660166107118070840e-03
4.062209825198605522e-04
4.257760663172430898e-04
4.684660710730833557e-04
4.849246309992331374e-04
5.547493629168290729e-04
5.084012262965246099e-04
6.077495078786197867e-04
6.780067164101864774e-04
6.172747283432983376e-04
7.282019029937496961e-04
7.793962655969199080e-04
7.154855311570007320e-04
6.548999204528173921e-04
8.078004338897671168e-04
9.507570980661486171e-04
9.200571221432275563e-04
9.950249487509117696e-04
1.174063004620428969e-03
1.023813822679238037e-03
1.279893337577406396e-03
1.368978661276537947e-03
1.338838845602518526e-03
1.417964075390667740e-03
1.448464470369206260e-03
1.595824732833313591e-03
1.644153245741253495e-03
1.562463753941017086e-03
2.222339862181310112e-03
2.083463262564699825e-03
1.676533354150810257e-03
1.661162377470757658e-03
1.709557014975622308e-03
1.738874503294629125e-03
1.867965120936677416e-03
1.917245823966660240e-03
1.842786469536957829e-03
1.940832236175023089e-03
2.348079310447401605e-03
2.320137736976655811e-03
2.394106592381027923e-03
2.424144723715753597e-03
2.522678638830156729e-03
2.511830580010135892e-03
2.572133625472000466e-03
2.589947447697545698e-03
2.849721432066651058e-03
2.892594467113765704e-03
2.823368592595594268e-03
2.986986490884660245e-03
3.029824299765435103e-03
2.961273235872242688e-03
2.709831119892910489e-03
2.683763305493911885e-03
2.753370081033176039e-03
3.053270044819953160e-03
3.034114774489900246e-03
3.076977308117062517e-03
3.097781230015888253e-03
3.074364527933234458e-03
3.137169617689403514e-03
3.118032666534614576e-03
3.270558029529299811e-03
3.311336814202635662e-03
3.235385940156155094e-03
3.398404714619998861e-03
3.438744232992582348e-03
3.375271712601031135e-03
3.526346237764252378e-03
3.563625538289052173e-03
3.502717291846914067e-03
3.708807549764946837e-03
3.587702625005563268e-03
8.880540895707052934e-03
8.875669173618604829e-03
8.947190230494769803e-03
8.760912453569309755e-03
8.746112807760001578e-03
8.816027124708272072e-03
8.660398836847145107e-03
9.420994243794809236e-03
9.233953636327464284e-03
9.304179629030377360e-03
9.260063151947895907e-03
9.097648603804797673e-03
9.195768450591791307e-03
8.959844866838432426e-03
8.511851305919179711e-03
8.356634445425026661e-03
8.198744065924809879e-03
8.033158651103542922e-03
7.747828849421876593e-03
7.830535426348603570e-03
7.809573564430400197e-03
7.781823940382535075e-03
7.864941164303633492e-03
7.847375635883016565e-03
7.793656332126729265e-03
7.562372643632971937e-03
7.639402612350373531e-03
7.624302315882289412e-03
7.545022026015826833e-03
7.500542974112426806e-03
7.399776076623891530e-03
7.252532455890359220e-03
7.031544707716903993e-03
7.087516835525834585e-03
7.105489991422930286e-03
7.015009643112049727e-03
6.848874029739905438e-03
6.923889762659079031e-03
6.903701005698432980e-03
6.747671050268257663e-03
6.835138501812821482e-03
6.786906541224755653e-03
6.835739363537905906e-03
6.785189836632392335e-03
6.713388908345297237e-03
6.769869353443713940e-03
6.763975162791676168e-03
6.677727482830755033e-03
6.700946265253078342e-03
6.475732015576672433e-03
6.505891966382758296e-03
6.533904461748274266e-03
6.439340107358868318e-03
6.449906841923498842e-03
6.487814815352816247e-03
6.341729331847968318e-03
6.401266366607598519e-03
6.380359022001171228e-03
6.545032605021217260e-03
6.599315164185756699e-03
6.568378856054431919e-03
6.606131000699950843e-03
3.241397105055419687e-04
3.643775562841043768e-04
3.839507164448020121e-04
4.448688796621266253e-04
5.453201968345039539e-04
6.165229561079679614e-04
6.593500560616313106e-04
6.716632512685828411e-04
6.119093162480457619e-04
8.101238631178627131e-04
7.687575459944437882e-04
8.495300627675195140e-04
8.795721673983704619e-04
1.155889951586481709e-03
1.203092692912542021e-03
1.127030704680836905e-03
1.007577062475553979e-03
1.052593598175553683e-03
9.789741936832103888e-04
1.231688607615959380e-03
1.213202131918423047e-03
1.290340258006412522e-03
1.260686848160625295e-03
1.430906310029320160e-03
1.479787448995725568e-03
1.399821160428757613e-03
1.512647393525909118e-03
2.197037078010668446e-03
2.244503771877899394e-03
2.175032387341291340e-03
2.054194097878615875e-03
2.103447715980233043e-03
2.034364779768431126e-03
1.628393427702545153e-03
1.723165461729991941e-03
1.692088218538390088e-03
1.770199381375135109e-03
1.795104594985246676e-03
1.912752824659437727e-03
1.963437903487097371e-03
1.890336223673103099e-03
2.272181257263037983e-03
2.391626798748220772e-03
2.446113295102918857e-03
2.369848922656284194e-03
2.456897956790423353e-03
2.569979251330851543e-03
2.613768918157934919e-03
2.546319726754710244e-03
2.779528499620617741e-03
2.918131646289509346e-03
2.639637240602418430e-03
3.010540417872933222e-03
3.054238295245616502e-03
3.122334198889759310e-03
3.161302585049313631e-03
3.098341590222219739e-03
3.334316422721192615e-03
3.196226260576649596e-03
3.462212197275708891e-03
3.691270815215829271e-03
3.729914061250024556e-03
3.670284291501100821e-03
3.575192121284521095e-03
3.612271263971349351e-03
3.550738306396541283e-03
8.821275410988788090e-03
8.632640387512447930e-03
8.697263455573173152e-03
8.682133056653633038e-03
8.610829699918854177e-03
9.331223445962493965e-03
9.400756334527712518e-03
9.352137686585413473e-03
9.283242482049343727e-03
9.066218700465374092e-03
9.111979550415687940e-03
9.052112905946577484e-03
9.151263005124940161e-03
8.951978136435162839e-03
8.916708138735393585e-03
8.994962100825790868e-03
8.471509206800576994e-03
8.530460314144628839e-03
8.452829864997067275e-03
8.310457634380151101e-03
8.372520792144681062e-03
8.294524474440135783e-03
8.150010745285577243e-03
8.134172285264775620e-03
8.214525956107021978e-03
7.985204902668968305e-03
8.051992634923990991e-03
7.966276871477055016e-03
7.731837173749580780e-03
7.764901534493782835e-03
7.818467143969078798e-03
7.883084436486366420e-03
7.800239568284996795e-03
7.591558719514794086e-03
7.653881486269671630e-03
7.577011316210831640e-03
7.406900156666839340e-03
7.484967214462504535e-03
7.467445679218178735e-03
7.366647593090824321e-03
7.447469189014766476e-03
7.420167008889188079e-03
7.346146146452225793e-03
7.213406652577357935e-03
7.269643148208018886e-03
7.196199197827304363e-03
7.064921137722435067e-03
7.122070931276993332e-03
7.048246822607719987e-03
6.884834136217410881e-03
6.958403991739580373e-03
6.941753702357592384e-03
6.866860780519659126e-03
6.730513011061861964e-03
6.698206460227527047e-03
6.773736583919201006e-03
6.760506064322026332e-03
6.651035857046436010e-03
6.737075686989675571e-03
6.699394824630456810e-03
6.563277740434005081e-03
6.626064875907885371e-03
6.615159343451622841e-03
6.586165808948669931e-03
6.637400963426683814e-03
6.649914805664006688e-03
6.457509176815491234e-03
6.510375777095332196e-03
6.353896768943929733e-03
6.396652856806589287e-03
6.407270138981450980e-03
6.347769784352353534e-03
6.554079948904579025e-03
2.960320383511261494e-04
3.499466211828972887e-04
3.095819391153220362e-04
3.709129197074100448e-04
3.881315586294051593e-04
4.268577835420704690e-04
5.140666557157594482e-04
5.601287396422338681e-04
4.990870335575779953e-04
5.832581933582288609e-04
6.544266261192750777e-04
5.996284265685065907e-04
5.646255361834060741e-04
6.976095617526080483e-04
7.126811742918638757e-04
7.532163882980531279e-04
8.643918746563337410e-04
9.070826044685677833e-04
8.370547740319064399e-04
1.080930364558858924e-03
9.351205506973636920e-04
1.184398595725410109e-03
1.273573088813352355e-03
1.320896283343625695e-03
1.243259626875580556e-03
1.351497712091456445e-03
1.496229457261103726e-03
1.545701719322581554e-03
1.463458435410829083e-03
2.125247038535770308e-03
1.983079250895988018e-03
1.577997078744281965e-03
1.574872595410949875e-03
1.617791070921615519e-03
1.648480525774285999e-03
1.773727786382639678e-03
1.748410953617835027e-03
1.820632203854699160e-03
1.842822932436505214e-03
2.252954261091030027e-03
2.224964835207088234e-03
2.300379219383264125e-03
2.321980295156679877e-03
2.430187794968746966e-03
2.476323066425427117e-03
2.410920856406418428e-03
2.499794122624326553e-03
2.760997418161376029e-03
2.805288970544662832e-03
2.735398228763208026e-03
2.906187913438672971e-03
2.877931704125777888e-03
2.946537018256195975e-03
2.618669188955086938e-03
2.594314748074447782e-03
2.664163582283921809e-03
2.969961311430571130e-03
2.949120789960104662e-03
2.991563357339715578e-03
3.011561943780117698e-03
2.988082200297755356e-03
3.055001335840479022e-03
3.031170320013032264e-03
3.319875341288180785e-03
3.295198169257831759e-03
3.359118444206348700e-03
3.211366948688083173e-03
3.166762142404324926e-03
3.240960628075943446e-03
3.450337259888845622e-03
3.488325641484037783e-03
3.424344545597775465e-03
3.633080305947692431e-03
3.512600169718989133e-03
8.695703609366162504e-03
8.789146978516699377e-03
8.728510624006390051e-03
8.664492535156756783e-03
8.552759586662289984e-03
9.186060976728357280e-03
9.259631408737402369e-03
9.210309819723323799e-03
9.009684658573767144e-03
9.126946378145575980e-03
8.821981366170243005e-03
8.887585088757725058e-03
8.851459485432177851e-03
8.391596723415951573e-03
8.230785469065204224e-03
8.068134546884991529e-03
7.902325546644252408e-03
7.670066951495695291e-03
7.620252069416487417e-03
7.701446324387975495e-03
7.684292737481785394e-03
7.645358610060175655e-03
7.732390915603912576e-03
7.713879334000355026e-03
7.435934928013543561e-03
7.499374172098853021e-03
7.514086512536363727e-03
7.421453829725406168e-03
7.386810197106403846e-03
7.290314414699130066e-03
7.139410190437530009e-03
6.916822855949434148e-03
6.991094346122429977e-03
6.974300171267031924e-03
6.900840229191154869e-03
6.740126393944880986e-03
6.812667089627763226e-03
6.794578624359655025e-03
6.612956039453715164e-03
6.680466481785656864e-03
6.663206231268157045e-03
6.719179777263013971e-03
6.674634117242875600e-03
6.631993065389357213e-03
6.574674442991291189e-03
6.599535451866481855e-03
6.348022479999372754e-03
6.411968555264936989e-03
6.393659368421710995e-03
6.408845668868710238e-03
6.442230141609556725e-03
6.477064409887942423e-03
6.350857465106631711e-03
6.259509225418156270e-03
6.306720235672563964e-03
6.300609153023660133e-03
6.454068553776161517e-03
6.499525962077499185e-03
6.508763172849931292e-03
2.127199999080397704e-04
2.534075858692236131e-04
2.670264259639173110e-04
3.328468981095963810e-04
3.926346870636789489e-04
4.377180274414476323e-04
3.815146522469561050e-04
4.522216584847023584e-04
6.396868381996249301e-04
5.481864300293150943e-04
7.372876886711583928e-04
7.732626818284940931e-04
7.172985064767609239e-04
8.000531391083405205e-04
1.063581453547499328e-03
1.109287504660736194e-03
1.035421633456933520e-03
9.188178305954756942e-04
9.626991098324690944e-04
8.914335719473819942e-04
1.137601282905740521e-03
1.121053887337506751e-03
1.196516519796071102e-03
1.166706060757970479e-03
1.331544181926995864e-03
1.380843577670969307e-03
1.302462363315419524e-03
1.413096903491507924e-03
2.104877148856993362e-03
2.150809881862003180e-03
2.079511158553310705e-03
1.959352853626309104e-03
2.006594873063414532e-03
1.936034186332564067e-03
1.535412918198313711e-03
1.635394324529255332e-03
1.679065674420055160e-03
1.605068933794123048e-03
1.704107172817643069e-03
1.823309444529702282e-03
1.867851228075176383e-03
1.798493593936025979e-03
2.178528226658067637e-03
2.298960745485328482e-03
2.275954074213936383e-03
2.345172230032575855e-03
2.364301841056928605e-03
2.482045309046685810e-03
2.525923232820248554e-03
2.456104301308080669e-03
2.689561572010451627e-03
2.833331345755741876e-03
2.550086145399427760e-03
2.927649609511023300e-03
2.968602750869154920e-03
3.019601682636186522e-03
3.003851559354381914e-03
3.070883833741811647e-03
3.384931941503014751e-03
3.265498702922971057e-03
3.118731842975386130e-03
3.164981439459289142e-03
3.120576780216334587e-03
3.619659983906019923e-03
3.655473761161175984e-03
3.597396571102069382e-03
3.505863159736328886e-03
3.540520111420552164e-03
3.478064478961520947e-03
8.759444798143575447e-03
8.511469999049635360e-03
8.604538779973917167e-03
8.572466840371148478e-03
8.491680138076454498e-03
8.924205129640327278e-03
8.995920451755684208e-03
8.938308338652389828e-03
9.033316028888543903e-03
9.110596869079737314e-03
9.049998556341710618e-03
8.845555271255583704e-03
8.899137144557922596e-03
8.833899301707026641e-03
8.347654771887055500e-03
8.409957908782871028e-03
8.329217556336591249e-03
8.182676348892721843e-03
8.246919580938264632e-03
8.166480181902361496e-03
8.018322460352016526e-03
8.001883888718671137e-03
8.084499770671679450e-03
7.851761511402485100e-03
7.918790109818456616e-03
7.835219937666056816e-03
7.605964569915741984e-03
7.632876282067439094e-03
7.681229931281690140e-03
7.750140038903936476e-03
7.663388446026288096e-03
7.457418155311698778e-03
7.524738196293617211e-03
7.446720298624843158e-03
7.284553215263329766e-03
7.345912476432618632e-03
7.360538115393433327e-03
7.248179165784334604e-03
7.327854146109093539e-03
7.307582005938124091e-03
7.230819418879844314e-03
7.099668835784054763e-03
7.156676359528676631e-03
7.082318478586147915e-03
6.950118517220557970e-03
7.007645627789519868e-03
6.933491184484634126e-03
6.772352548782661387e-03
6.828690143319720782e-03
6.844778048489171159e-03
6.756251555016017096e-03
6.590004708203109872e-03
6.644168673668340505e-03
6.665239776505968786e-03
6.539872455838415151e-03
6.619224645458478273e-03
6.595507745496298826e-03
6.511507559538744043e-03
6.581414355264741077e-03
6.562260804264861622e-03
6.469632823812914921e-03
6.516453171000173399e-03
6.528001481164719469e-03
6.484195547326120947e-03
6.535195840751572248e-03
6.548697454332570722e-03
6.378407483805661332e-03
6.431434195916831131e-03
6.272349085545420554e-03
6.313105408436658905e-03
6.310180422160928046e-03
6.265877456511812285e-03
6.461799323249308238e-03
1.931773598998465756e-04
2.023657570516463114e-04
2.432221240334518273e-04
2.784155663346607641e-04
3.235488121064203598e-04
2.865959756540372729e-04
3.342692749788817269e-04
4.386632995662028420e-04
4.756232309635316079e-04
4.152765919381493347e-04
6.165324806292724232e-04
6.565228853218606220e-04
5.996411438849040326e-04
5.094757275664030770e-04
6.760913992383090539e-04
7.837060125765039735e-04
8.235307812908533543e-04
7.603288851998058189e-04
9.903447774173867492e-04
8.503954194346623413e-04
1.092186442868956333e-03
1.180117813688857020e-03
1.150477615390749870e-03
1.226443683254728424e-03
1.255071457105643449e-03
1.412347617531188072e-03
1.454025145733788601e-03
1.371792005484593615e-03
2.031704927309842257e-03
1.890938151648568913e-03
1.492854775096768725e-03
1.529268210761293477e-03
1.551997444458408501e-03
1.582043610461757307e-03
1.691914227012627104e-03
1.663608471895296290e-03
1.732649652197526839e-03
1.757214462282258045e-03
2.160447592753575192e-03
2.132636818479827570e-03
2.206564311551140189e-03
2.229373151516888651e-03
2.345163177329609265e-03
2.322067316273033945e-03
2.387581154676452801e-03
2.413310341346446009e-03
2.671991777213639230e-03
2.645311640837788667e-03
2.716418848807990866e-03
2.809265711545943719e-03
2.785119364337374035e-03
2.857642141666779517e-03
2.530245417256139339e-03
2.506139103366287427e-03
2.574374981255796602e-03
2.878954287094198216e-03
2.862032894268644410e-03
2.905514750978069761e-03
2.924864982301644649e-03
2.901140890443851435e-03
2.960202449203539268e-03
2.944555379950085025e-03
3.069051634152733955e-03
3.385485656862661195e-03
3.417903385056864779e-03
3.352634558708392221e-03
3.254704120806051117e-03
3.287286748760772509e-03
3.233026727404126905e-03
3.186509439699494392e-03
3.562610751539028835e-03
3.445516509614278324e-03
8.705832760899213582e-03
8.764297500056573292e-03
8.700967040016969328e-03
8.542485388186063858e-03
8.619709246045182197e-03
8.527172902768042143e-03
8.430222106253855777e-03
8.979308704807377473e-03
8.885204008159966471e-03
8.776335608389711565e-03
8.265766275380705130e-03
8.101040777760963596e-03
7.935545999265788616e-03
7.766975968818100144e-03
7.539215667303977852e-03
7.444291692009550807e-03
7.532693984241286590e-03
7.545403550005450044e-03
7.498774811786918654e-03
7.572364365168870667e-03
7.590498365192677524e-03
7.312508096788221217e-03
7.385244694411499666e-03
7.374413358046086504e-03
7.266402276201607523e-03
7.298565903129255322e-03
7.174175491872354128e-03
7.025125449500582708e-03
6.801933529791892238e-03
6.859490361730711562e-03
6.876231029959811551e-03
6.787160581911085705e-03
6.629431001511956224e-03
6.684859163933906841e-03
6.701056590655722622e-03
6.609735771674632443e-03
6.564960447932341285e-03
6.525689071409089027e-03
6.497839813251639687e-03
6.476874481972294192e-03
6.283806801254464974e-03
6.315833199349659907e-03
6.346394553276355280e-03
6.337356825276057280e-03
6.395785090537640070e-03
6.373044469812553028e-03
6.205764189594586457e-03
6.276932479599676637e-03
6.238996715397014323e-03
6.172672214595974378e-03
6.222499069549970209e-03
6.216071238565961353e-03
6.374762179487919282e-03
6.414391105189952424e-03
6.422255484714946977e-03
1.131463922317302263e-04
1.520250293257746600e-04
1.613928397575917001e-04
2.347967837649404604e-04
3.239067948306176086e-04
3.574329914141688891e-04
3.007061162222560797e-04
3.800994561045880791e-04
4.866028807138689542e-04
5.504447496638919211e-04
5.339330992683028864e-04
4.623350276857608266e-04
6.586927028717798772e-04
6.374345505029982038e-04
6.974179295051454678e-04
7.203489048123604480e-04
9.750357916335093602e-04
1.018839930924226710e-03
9.467871644298709102e-04
8.351001459298201725e-04
8.764431182624306347e-04
8.092657880722246497e-04
1.047203947256330689e-03
1.032990166937849518e-03
1.076592619450067543e-03
1.105728344161416863e-03
1.239528629563196220e-03
1.209737115873005860e-03
1.285177411754971893e-03
1.324994683651489064e-03
2.014273029121835170e-03
2.059425340970809891e-03
1.986786364476645413e-03
1.873764837881232263e-03
1.916407505619511066e-03
1.848517213751435864e-03
1.470457788058840073e-03
1.572536424637599201e-03
1.603849541031387950e-03
1.550880435293401074e-03
1.631870260520336532e-03
1.741942785917260971e-03
1.782469249372318001e-03
1.716907058623444145e-03
2.086956227866486584e-03
2.207886708802145499e-03
2.253302979791537396e-03
2.184167161770565573e-03
2.276205852318762338e-03
2.394766196648281855e-03
2.438315004250501787e-03
2.369960132738260002e-03
2.600833559958528208e-03
2.740381437016769627e-03
2.462223113426412723e-03
2.835630154811110120e-03
2.881590363329831345e-03
2.934875845496763731e-03
2.977199652785294387e-03
2.918024370967321930e-03
3.045166913958890099e-03
3.032412610153913026e-03
3.081916734734131691e-03
3.319920030953263466e-03
3.157671915586626396e-03
3.206119437559625147e-03
3.138203680223966997e-03
3.553947516948273693e-03
3.586808277519548498e-03
3.529883614676476104e-03
3.444936138899310461e-03
3.475397100998183202e-03
3.415175086066926484e-03
8.624959077273329847e-03
8.379474106873646688e-03
8.461659730082719821e-03
8.445887714606895372e-03
8.363737233280451808e-03
8.873586661919202756e-03
8.954288517051912921e-03
8.899061389775420050e-03
8.743755735471436114e-03
8.834970677719914192e-03
8.794988783604238899e-03
8.725094206060893254e-03
8.214578324658621325e-03
8.281491230018029129e-03
8.198778665898199744e-03
8.048185582108506597e-03
8.033386617832890750e-03
8.115772563657624311e-03
7.882754034771587148e-03
7.867374028781558629e-03
7.950850599646399133e-03
7.715433472712119288e-03
7.698436111510120056e-03
7.783882797067006795e-03
7.450907103046065273e-03
7.471643167835845083e-03
7.540681434691582676e-03
7.611230287944371550e-03
7.519829471030113795e-03
7.332991123572807010e-03
7.395398375890253895e-03
7.322781528073919223e-03
7.132881682079502024e-03
7.208986359684739151e-03
7.190679357623681704e-03
7.169636779724774395e-03
7.227247368572166722e-03
7.241319028883737817e-03
7.116304419677428605e-03
6.983244533841468857e-03
7.041594147449112794e-03
6.966708736064566344e-03
6.830829445972750116e-03
6.890604951850730873e-03
6.816404621479378242e-03
6.655854967494938441e-03
6.729071786816349585e-03
6.714206888027781858e-03
6.642659304927878497e-03
6.481656373864073083e-03
6.535897667974592887e-03
6.555695072755152869e-03
6.441402205875765806e-03
6.515848609716090416e-03
6.490679499597026142e-03
6.410283274197002036e-03
6.475184262018464365e-03
6.460924341736734230e-03
6.383590254320502776e-03
6.433903518193978543e-03
6.447649645464226080e-03
6.350638267330427356e-03
6.417527785243859646e-03
6.410149107935041515e-03
6.310563725318860465e-03
6.244766584197834758e-03
6.356048384936024455e-03
6.189121258734803233e-03
6.362647296276786879e-03
9.804225436148999474e-05
1.439601030036176768e-04
1.049123841760977413e-04
1.693089186890149296e-04
2.221006639521184143e-04
1.804976590580841520e-04
2.320439254642464707e-04
2.544224354274365364e-04
2.769873014017262456e-04
3.664861512096503383e-04
4.017064005681366496e-04
3.448859794904662358e-04
5.387298429007159658e-04
5.769747566154363825e-04
5.124186190535593355e-04
4.253102413009480056e-04
5.977984282946221780e-04
7.060021278756041562e-04
7.443106052984430759e-04
6.822027114703946684e-04
9.041654547649637108e-04
7.696592595992124723e-04
1.003898725256424174e-03
1.094320496183327470e-03
1.136843224285172477e-03
1.063554032963246040e-03
1.166149712390599424e-03
1.301466918765345092e-03
1.270423285031000013e-03
1.356452879220874886e-03
1.943609278571464512e-03
1.807462397470727903e-03
1.446466119992196068e-03
1.487648727798334888e-03
1.429405907323809313e-03
1.509075125236773555e-03
1.612719932576380574e-03
1.652147908467939408e-03
1.592621539048387318e-03
1.676923963906131647e-03
2.069070238912465009e-03
2.041653742428781258e-03
2.114620687488547209e-03
2.138122741449739392e-03
2.256026986843364356e-03
2.300487550058563733e-03
2.231959717995744396e-03
2.325075598566879887e-03
2.586967925701641989e-03
2.629412809869274316e-03
2.558582683831482109e-03
2.728680107753826949e-03
2.768920145309176819e-03
2.700311202598467027e-03
2.446773841929732272e-03
2.420761950860428162e-03
2.488439406896775664e-03
2.795128817777022337e-03
2.776761465616066522e-03
2.819337853520294691e-03
2.838754013307301632e-03
2.817079266774530962e-03
2.875801346630640735e-03
2.859060480738787827e-03
2.989874154082738759e-03
3.101271975281668421e-03
3.347589932248628327e-03
3.301047659532396240e-03
3.366546981511097866e-03
3.267670841981079773e-03
3.261215271731725696e-03
3.212533176770465508e-03
3.499299558192879925e-03
3.396156858629404123e-03
8.570293211578997039e-03
8.638532838542448133e-03
8.556594857525544329e-03
8.410710316853049068e-03
8.395271003989885836e-03
8.476998648251989760e-03
8.297649782747397104e-03
8.809398837788629671e-03
8.658002153844235674e-03
8.131954077634701017e-03
7.965985976658981199e-03
7.799574500209446003e-03
7.628531205064043030e-03
7.388833963131480852e-03
7.316254680623949895e-03
7.407959052027446138e-03
7.380484254792697013e-03
7.363857833788918679e-03
7.452710952731133112e-03
7.431547738474541219e-03
7.204688305735081240e-03
7.258736338018044985e-03
7.269041261434208007e-03
7.151295916840366002e-03
7.187207145120015975e-03
7.058300757328955614e-03
6.907260034639469380e-03
6.683008298683238563e-03
6.757106826057840757e-03
6.742590006784975921e-03
6.669453798315384818e-03
6.517499927363630714e-03
6.573550982383095931e-03
6.586817608009084071e-03
6.499598985874145869e-03
6.461549150819756449e-03
6.425853185800716426e-03
6.396937634934429795e-03
6.367103386649657429e-03
6.219076953163214620e-03
6.251368348249376587e-03
6.278260115707746253e-03
6.182272995982433621e-03
6.193928903392124583e-03
6.233053703994363356e-03
6.275117580906490640e-03
6.324972451078429703e-03
6.306178248828566216e-03
6.081528742429192884e-03
6.143625247675299321e-03
6.127110069615599591e-03
6.312901254288498347e-03
2.665232130311825476e-05
6.113792082829927975e-05
6.819905538541702573e-05
1.327780174842310040e-04
2.001398415285585912e-04
2.577092456168438754e-04
2.898020293133733716e-04
2.446327322597987479e-04
3.107951071337114023e-04
4.149583680281852859e-04
4.755976579929480715e-04
4.499585233901626214e-04
3.904630280880010736e-04
5.830613910721585500e-04
6.202425530180290638e-04
5.607341181588552199e-04
6.435862906057775341e-04
8.897957795256496247e-04
9.319248860050671551e-04
8.623356173166286855e-04
7.546362130881222778e-04
7.943295048161639997e-04
7.302188080386041611e-04
9.604784313773438546e-04
9.488277589809122588e-04
1.020667673903058849e-03
9.904731332148421132e-04
1.153751606138078050e-03
1.123962094497004023e-03
1.196300640288521172e-03
1.226838427893575667e-03
1.373330676889035788e-03
1.924689961377330869e-03
1.969328885014751378e-03
1.899213716952904019e-03
1.792132454779388944e-03
1.832806461786313807e-03
1.767029712938773594e-03
1.491617606126483192e-03
1.531877723660439580e-03
1.469031030488006633e-03
1.551775268554157240e-03
1.664118480264366708e-03
1.702881780026822270e-03
1.638406366107786685e-03
1.996458300908160802e-03
2.117895372168257864e-03
2.093482513700835584e-03
2.162767934053580476e-03
2.186615983261630362e-03
2.308264617126590257e-03
2.351421174605587607e-03
2.282134825209110578e-03
2.516576604620120866e-03
2.657547009690615185e-03
2.377206223893815144e-03
2.752706882992534288e-03
2.796925844440774703e-03
2.850077213046600232e-03
2.833596382297753642e-03
2.892429017683183223e-03
2.964361609654914218e-03
2.949637176553913595e-03
3.004725405664573305e-03
3.076217365815427443e-03
3.116907996299895373e-03
3.060708787489715890e-03
3.307578493736639067e-03
3.188624129125026355e-03
3.228107441684406522e-03
3.173161700678571884e-03
3.494340207005791274e-03
3.524146774673269679e-03
3.469628400864679767e-03
3.374535791483647407e-03
3.409726258217800950e-03
3.361076300086252890e-03
8.491194690037626516e-03
8.245135282712695926e-03
8.312676493425976906e-03
8.328572175161783747e-03
8.230019849408130514e-03
8.707434039728527767e-03
8.791284715302227076e-03
8.725762189212993986e-03
8.567716641047306778e-03
8.569159749751777827e-03
8.656507291417252226e-03
8.077555599499448499e-03
8.063014787894810451e-03
8.146413611787937936e-03
7.909932520990009541e-03
7.979376701257451243e-03
7.896468577479243481e-03
7.742682920032032193e-03
7.729172320338752351e-03
7.813014851440706204e-03
7.576162138300076253e-03
7.558525609922217732e-03
7.646065561485517435e-03
7.252927456555831494e-03
7.293044847640623753e-03
7.349063056218617732e-03
7.340143926587542299e-03
7.284678762121103365e-03
7.401012542478062686e-03
7.471093121615195176e-03
7.382527157982532277e-03
7.228877286508819146e-03
7.015501826117562754e-03
7.092828672351576998e-03
7.074337269856011655e-03
7.048555282765159129e-03
7.109255313519795283e-03
7.126898846820335642e-03
6.999402905775543166e-03
6.861534724659536233e-03
6.922533339403034135e-03
6.846209889783809802e-03
6.711076098257990133e-03
6.771082906943197074e-03
6.697068917724076885e-03
6.537484943797849425e-03
6.610407931736024707e-03
6.596778844655220089e-03
6.527512858833043816e-03
6.374281649259225246e-03
6.446018698371381098e-03
6.428041869213495241e-03
6.340623025327973318e-03
6.391064681225029631e-03
6.411255371129801622e-03
6.307572046769128506e-03
6.374584160007631256e-03
6.358965682153956862e-03
6.280854302651676067e-03
6.332241739909305438e-03
6.345654161842451818e-03
6.260869748442978236e-03
6.305732577910290459e-03
6.322301666949521441e-03
6.200646782990493384e-03
6.247090491982803737e-03
6.090419932352747652e-03
6.136343962803831285e-03
6.148047600526831621e-03
6.085858251628523119e-03
6.220453872483657290e-03
6.247745099092864851e-03
6.285608025726534438e-03
1.719812751716634150e-05
2.112313401819160879e-05
5.579265334418012542e-05
8.382909510553140096e-05
9.015833019127778903e-05
1.249398622638121000e-04
1.557600923565902705e-04
1.926075627218188703e-04
1.618170636754371553e-04
2.053201566700130285e-04
3.008677499470298420e-04
3.327374722269646132e-04
2.790333514347563874e-04
4.646664035038221784e-04
4.396238984761423243e-04
5.009110370115594417e-04
3.565605729331196359e-04
5.228035549946016694e-04
6.267041642553767243e-04
6.657078966041683797e-04
6.047881151714383421e-04
8.212584824907073842e-04
6.896539694215637808e-04
9.192104611662069505e-04
1.007267053548586413e-03
9.779712478256814227e-04
1.050377331559804043e-03
1.079624781239176597e-03
1.212039365063560369e-03
1.256423239610858066e-03
1.182842158523789503e-03
1.355345883174551274e-03
1.328374453285594611e-03
1.400616651309280307e-03
1.858021166844623035e-03
1.727734579968789657e-03
1.422930416460991979e-03
1.552427066993327439e-03
1.582475318904221677e-03
1.521974411445144821e-03
1.607952465829587309e-03
1.977134032045056462e-03
1.950905024313645672e-03
2.022956160126708133e-03
2.047122386916731904e-03
2.168253305181484444e-03
2.212033321909407952e-03
2.143074065550782704e-03
2.237911074770221245e-03
2.493834559826539621e-03
2.470304227254082729e-03
2.540324227014112424e-03
2.642182885405761159e-03
2.614550740625187688e-03
2.685364457825161009e-03
2.339576564687858001e-03
2.323938457771493674e-03
2.393019453660968736e-03
2.709228251891173007e-03
2.686683590938665229e-03
2.731649076920316527e-03
2.751652510766145789e-03
2.729293829243843988e-03
2.789491099834485576e-03
2.773128395663143012e-03
2.907055022814111680e-03
3.020138977179218955e-03
3.132275864976325278e-03
3.320972353018813127e-03
3.283203385380908772e-03
3.235813783460173183e-03
3.275454718261633022e-03
3.434284308248370093e-03
8.417238397835237473e-03
8.414108190453397848e-03
8.494281437935747789e-03
8.270377410905178570e-03
8.257904636489430544e-03
8.340935396801451782e-03
8.161945999067950208e-03
8.638272320849722449e-03
8.493136619472919230e-03
7.994291491560195917e-03
7.826802040851727274e-03
7.659877863152017574e-03
7.489038676385798010e-03
7.184264227541163096e-03
7.274475119159988165e-03
7.250461159973344179e-03
7.136508729948117316e-03
7.226774895525262497e-03
7.194871400102450555e-03
7.224928239121120727e-03
7.313387094623751729e-03
7.294617811590737959e-03
7.092093861204393224e-03
7.172821959117113219e-03
7.148532319006645729e-03
7.032062902849389383e-03
7.070374799619595294e-03
6.938752532339504363e-03
6.786506859483202800e-03
6.556232365716532090e-03
6.633844497008864471e-03
6.619757279500614912e-03
6.546884088126586100e-03
6.401664203154359273e-03
6.459678668686267763e-03
6.469696765167493209e-03
6.387993579991180747e-03
6.357472856265818095e-03
6.324115760479706062e-03
6.294224638285249480e-03
6.270863274880893005e-03
6.240663907917409249e-03
6.097123203629983834e-03
6.158119192045291221e-03
6.139634132570750968e-03
6.163778607033730539e-03
6.191372689318489116e-03
6.219479308745843107e-03
6.093669208373083020e-03
5.986544530678961605e-03
6.038431128764498550e-03
6.033992627699654582e-03
6.192118983040074617e-03
-4.531663438156604081e-05
-1.535914052228327944e-05
-1.121998651802520235e-05
4.951904717377774698e-05
1.189475720975533295e-04
1.971643166346700061e-04
2.263390932395441940e-04
1.761170146535533760e-04
2.475427902253047436e-04
3.490984866276815616e-04
3.811645580259664977e-04
4.055605410545228126e-04
3.247823415914523576e-04
5.092993154024782814e-04
4.868758656653719621e-04
5.454694519022234645e-04
5.669910438245599543e-04
8.080907249526753881e-04
8.484397438734357080e-04
7.812790024892808747e-04
6.778802200310616840e-04
7.157072885502789366e-04
6.522114277780503757e-04
8.774530454390982743e-04
8.646438119856981975e-04
9.349619804153769167e-04
9.062590001618774267e-04
1.069365005561438318e-03
1.111207372128105364e-03
1.038240197108882120e-03
1.282994838279991404e-03
1.139899235926530906e-03
1.839109048122540904e-03
1.881758593313120941e-03
1.815623245579688896e-03
1.710705443919535110e-03
1.751270976105699390e-03
1.687421027347434143e-03
1.411266602922595093e-03
1.451235781175288456e-03
1.383277003950737988e-03
1.481265975289734662e-03
1.586996522415084739e-03
1.625409492249843286e-03
1.569748298557533664e-03
1.907708305102662032e-03
2.032892349612222104e-03
2.075282432038872468e-03
2.004997459740797197e-03
2.100219687096352428e-03
2.222777168351714079e-03
2.195478573205544067e-03
2.265408658765680466e-03
2.416322124232736339e-03
2.567692139023902091e-03
2.280942239742272254e-03
2.664421754769557768e-03
2.707996868554235752e-03
2.771296924361118380e-03
2.810654541298139662e-03
2.750306923253888810e-03
2.882427066073051450e-03
2.866269610514946605e-03
2.923355836977402627e-03
2.996842212039877405e-03
3.036498091882971605e-03
2.980620570952675127e-03
3.111786914624309081e-03
3.150182061624910972e-03
3.094015686524665548e-03
3.328789071819637877e-03
3.226144458953849985e-03
3.254671500719466537e-03
3.207393042360079209e-03
3.440986644839790984e-03
3.467699927715373574e-03
3.407738024922235282e-03
8.344344793852058809e-03
8.108132824398874353e-03
8.189829955822427315e-03
8.176971330695850804e-03
8.092999846748827331e-03
8.535345585574938970e-03
8.622103010740353804e-03
8.551645131969995775e-03
8.400497851216598769e-03
8.484706357066232330e-03
8.408961965740407302e-03
7.937688503705422893e-03
7.923947942558969004e-03
8.007938893116657922e-03
7.772872048178716339e-03
7.757900025397872039e-03
7.841679631088636915e-03
7.591785969079832205e-03
7.667540107482770546e-03
7.584082170564719269e-03
7.431178828616016169e-03
7.416182099881293670e-03
7.503932058349671065e-03
7.204679341071706759e-03
7.160457136559347444e-03
7.114364429672529085e-03
7.258222842999906797e-03
7.329852779012492950e-03
7.241659430245085335e-03
6.876056119943665425e-03
6.962608447857257694e-03
6.945971586571531367e-03
6.929476792032697625e-03
7.011070782535743125e-03
6.989161071751042419e-03
6.868815000890878854e-03
6.742904817018646399e-03
6.802353403668110789e-03
6.727019135919395411e-03
6.591081166291899024e-03
6.651208915319740608e-03
6.573685854998904260e-03
6.414508822692518465e-03
6.485510790356931697e-03
6.476120151427447111e-03
6.408113331806463385e-03
6.264585386895701706e-03
6.333230349900894306e-03
6.319518702306261421e-03
6.234128390266301285e-03
6.304306518490707806e-03
6.287444882870469112e-03
6.203245380485419673e-03
6.272022689864468863e-03
6.255460814819552122e-03
6.174930316183076598e-03
6.227927799660987890e-03
6.241325515154039910e-03
6.156805131886800529e-03
6.218888289027007729e-03
6.208851268626153913e-03
6.144171448250283600e-03
6.182295815139396064e-03
6.202565248747283350e-03
6.130439697401841685e-03
5.990568435120425736e-03
6.043830302058135484e-03
6.040440753046262719e-03
5.988447374985673630e-03
6.108080846179500707e-03
6.135896486921223886e-03
6.164296836012495874e-03
-4.933050410721174757e-05
-4.826610059310115878e-05
-1.817069503506605442e-05
1.130461326309364339e-05
1.347923677767968163e-05
4.574164967116444846e-05
7.162319884306457432e-05
7.718219695634476846e-05
1.120709090640065284e-04
1.054748114026641609e-04
1.497237446605013554e-04
1.292161310528100199e-04
2.428120466639727539e-04
2.708708632327543617e-04
2.197831079482841070e-04
3.965885786970217990e-04
3.727153693427299281e-04
4.298085930602355800e-04
2.944872173267884161e-04
4.517706665893852992e-04
5.567221390676618462e-04
5.911362795367294028e-04
5.329427957117547406e-04
7.419675421769059706e-04
6.162536921352422233e-04
8.362942577362992213e-04
9.241214498642661432e-04
9.652847347691161659e-04
8.943073615006486444e-04
9.957667600167762183e-04
1.267582951694077014e-03
1.239780930505861387e-03
1.311178018441476727e-03
1.128561628612105875e-03
1.169995873709032703e-03
1.098909594080211150e-03
1.774518391080367628e-03
1.648458548240035832e-03
1.338744613764777502e-03
1.462796772315534156e-03
1.507380093007623309e-03
1.437024235832652956e-03
1.524462025562242510e-03
1.889717199385968632e-03
1.864413123927728200e-03
1.933292212345988966e-03
1.960870272157079833e-03
2.096530400353651801e-03
2.064659665323299430e-03
2.132311521305180462e-03
2.159354724792480855e-03
2.349795704515362290e-03
2.344740488495331530e-03
2.421534977630937936e-03
2.582723454278574270e-03
2.538167154351488215e-03
2.612433326267290471e-03
2.208454919262436891e-03
2.273738042562985662e-03
2.215655848119605763e-03
2.634551010554418184e-03
2.603030774516537377e-03
2.644801550337280097e-03
2.665936112112585535e-03
2.642365180107049318e-03
2.706598060014332643e-03
2.685773331593175467e-03
2.826700136693153457e-03
2.939471072764641892e-03
3.054158461315970192e-03
3.168820603378565571e-03
3.332986551910332128e-03
3.353796038700512881e-03
3.308081676676323957e-03
3.279444496637235959e-03
3.386858180740632066e-03
8.278389541991410666e-03
8.274470123076275649e-03
8.348185361316724090e-03
8.130649210550861677e-03
8.200850915845917313e-03
8.119549635565322804e-03
8.023494119994648704e-03
8.468497076672212159e-03
8.339858450911695475e-03
7.855782983105472420e-03
7.682862065511331974e-03
7.511905525152164087e-03
7.345114840350381105e-03
7.047725790497579197e-03
7.136712254379220730e-03
7.116197129821299865e-03
7.004545553661102250e-03
7.070712691868113846e-03
7.094780595834866872e-03
6.967872590150009544e-03
7.052514089445585665e-03
7.030145136289625216e-03
7.084312537295374586e-03
7.154833362987597645e-03
7.171661758299831962e-03
6.902816005852791328e-03
6.948720093156173991e-03
6.809643101698307534e-03
6.667185189468960438e-03
6.437609861772493162e-03
6.514520184659422508e-03
6.497045864003782485e-03
6.426087346702429384e-03
6.291175946009872413e-03
6.346514224454952169e-03
6.352933753210879796e-03
6.249378399357034299e-03
6.277900434447162593e-03
6.218708442793265470e-03
6.189107097830362850e-03
6.165879849001341430e-03
6.150490796648016428e-03
6.126127543081867979e-03
6.064652259774448717e-03
6.080832648329231004e-03
6.114224597317077445e-03
5.968138841124496011e-03
6.032590847147287216e-03
5.979266169450195637e-03
5.888114005675336785e-03
5.939303858598404123e-03
5.937323364269487397e-03
6.086361502421136147e-03
-1.010222627022128031e-04
-7.651658008629732654e-05
-7.528368560057818553e-05
-2.014151335169918507e-05
4.065804916357467619e-05
8.830403165217400540e-05
1.485991022205855301e-04
1.718100382431135065e-04
1.268302498174256473e-04
1.941221164427533574e-04
2.893202249084380934e-04
3.183137609255664528e-04
3.415396623730961208e-04
2.659349810725375593e-04
4.430937435069965107e-04
4.755115692331813378e-04
4.197746386060049735e-04
4.987599266027563155e-04
7.304931485238996955e-04
7.687919168155817919e-04
7.041278435790670901e-04
6.054997321027382525e-04
6.411431373873336574e-04
5.810745936846825783e-04
7.965298366591923697e-04
7.825578118866793279e-04
8.522222930117784962e-04
8.231135108574453131e-04
9.824615189021909754e-04
9.532346933691790902e-04
1.025520385520174412e-03
1.197344777239519632e-03
1.054568578066184198e-03
1.751702736444935796e-03
1.795252606821596663e-03
1.731231463827702334e-03
1.626404538997617069e-03
1.668392124482695298e-03
1.606732445000923085e-03
1.323379422945424738e-03
1.295463760930477435e-03
1.367067360980430465e-03
1.392465219836483501e-03
1.497838616340185737e-03
1.480346591272031775e-03
1.542200336244069128e-03
1.820266794954672690e-03
1.957561856895078788e-03
1.995162651027375649e-03
1.923606624901272452e-03
2.026655246017503281e-03
2.152296766875791759e-03
2.278780849123368622e-03
2.489370453132303245e-03
2.491660312577542551e-03
2.419267328518477297e-03
2.535939940748359496e-03
2.592895778714519525e-03
2.622713131102577620e-03
2.678462105772787174e-03
2.660433555173116922e-03
2.724813701858301920e-03
2.797192894695600153e-03
2.784270646776453289e-03
2.839769121092467451e-03
2.912328112967502592e-03
2.954546297070911442e-03
2.897401594888630947e-03
3.031108786387639274e-03
3.071420453512648495e-03
3.013994633577766948e-03
3.157920554725452029e-03
3.192045566940422251e-03
3.134870314044404301e-03
3.277788476978891943e-03
3.305400207425870322e-03
3.251962043351436325e-03
3.393982389340364017e-03
3.417504226480514926e-03
3.363466960226898714e-03
8.204963071755420195e-03
7.959908349709568509e-03
8.045904032890925650e-03
8.034366391453700434e-03
7.948924255048044757e-03
8.357768381065220839e-03
8.447218179048652034e-03
8.379218908974053054e-03
8.222671366269645662e-03
8.312194219762933725e-03
8.250608939707405193e-03
7.793469137091799635e-03
7.865875713004615022e-03
7.783287179676696109e-03
7.653953162577982992e-03
7.623045290163151487e-03
7.713600676549055637e-03
7.438046651696585826e-03
7.434658546985013945e-03
7.515214591498750249e-03
7.267433517201324529e-03
7.262898599468696308e-03
7.349606598392077056e-03
7.066089791653637833e-03
7.026207511671456532e-03
6.986265433615156117e-03
7.096729677744591756e-03
7.090568042665493752e-03
7.177756974195077452e-03
6.769571482068607524e-03
6.822925555336038089e-03
6.849769903101895693e-03
6.800243152254353309e-03
6.884340322239856404e-03
6.865025961263328778e-03
6.756260461370667408e-03
6.638065979040336934e-03
6.614603031801231936e-03
6.690585678703679824e-03
6.490732859204525161e-03
6.541007990694480169e-03
6.464211124828958890e-03
6.270589642298710770e-03
6.342715683917313045e-03
6.354277840040373389e-03
6.280924010004108014e-03
6.125608967493360868e-03
6.195187844023863390e-03
6.179954341523203470e-03
6.154733427187182235e-03
6.223051369485027920e-03
6.209754913363612662e-03
6.097735914766912353e-03
6.166009309215418101e-03
6.150560432954070393e-03
6.069134511254135715e-03
6.122086741580518021e-03
6.136254562529434332e-03
6.051589082056879100e-03
6.104232711141051662e-03
6.113306632823221551e-03
6.049890689699919180e-03
6.097040763485404857e-03
6.103377854716709842e-03
6.032275949085717272e-03
6.088249693286162424e-03
6.070167435207061805e-03
6.016399620141040482e-03
5.880378090789122221e-03
5.924236905737586753e-03
5.935451059111177333e-03
5.884156317096029751e-03
6.004848485076774885e-03
6.056479903413647739e-03
6.034730695050699589e-03
-9.716421648769806854e-05
-7.560347471731370468e-05
-1.002088656588234051e-04
-4.571660343131593628e-05
-4.832519305498412420e-05
-1.931693996041303844e-05
2.058367621765766050e-05
4.453169893052184110e-05
1.536978616273686720e-05
6.109134367043381479e-05
6.617866702701458463e-05
8.461754480531035523e-05
1.056323364525860550e-04
1.926645583867526046e-04
2.167724786585091274e-04
1.705115234689384782e-04
3.364886568212776727e-04
3.657544077209789221e-04
3.128257058280839420e-04
2.394325244489313930e-04
3.884870509463337631e-04
4.893062876810511889e-04
5.223942004123087370e-04
4.661793671894741897e-04
6.669108500444330054e-04
5.462480467351441210e-04
7.564894833874086059e-04
8.280408089798345578e-04
8.053011648303677996e-04
8.754990934794561240e-04
9.039751831609039827e-04
1.182653234693404774e-03
1.155591215625655218e-03
1.224839366737508336e-03
1.046843843433875902e-03
1.087398436114566823e-03
1.014572289300996397e-03
1.688656826468582775e-03
1.561668640555332515e-03
1.252299046561787315e-03
1.379416073647899907e-03
1.420910054409147815e-03
1.351389071882738409e-03
1.438185834328510604e-03
1.802899008879692939e-03
1.777302738067003266e-03
1.846173825543676169e-03
1.879692177350240911e-03
2.070589962925495700e-03
2.083589732510138324e-03
2.013830531101221035e-03
2.139159275082421537e-03
2.251192777920171372e-03
2.300357019240440240e-03
2.229856355080037100e-03
2.387488974398989557e-03
2.438305958719476189e-03
2.368662889389138836e-03
2.546004850475516116e-03
2.512783165410184018e-03
2.557829675667369889e-03
2.577321875821613189e-03
2.553920798812658269e-03
2.615962148328859066e-03
2.598081578351103035e-03
2.737632623133541988e-03
2.854587814832854412e-03
2.971544785827774822e-03
3.094328579746527183e-03
3.217709529285259738e-03
3.335750455971778303e-03
8.176999242784343744e-03
7.929912445329334938e-03
7.944983966542524048e-03
8.030909213675337111e-03
7.877211800329315255e-03
8.290756608387968296e-03
7.724062161033136767e-03
7.504305508572904453e-03
7.579451880130844144e-03
7.548156663770693234e-03
7.353120532763889744e-03
7.471296307810067032e-03
7.182497488237246999e-03
6.908415926580178251e-03
6.978267547197983776e-03
6.996728102961913102e-03
6.871205989586986161e-03
6.959813547412625236e-03
6.938057251897941820e-03
6.835912857109795876e-03
6.920531298037896177e-03
6.902069481064970237e-03
6.954905576116830399e-03
7.019778837221533375e-03
7.026082962286517297e-03
6.784938464697276225e-03
6.818121751035052629e-03
6.703971744638633282e-03
6.564575127111288953e-03
6.307663114694187119e-03
6.399435422035616716e-03
6.372786095417476947e-03
6.289155289220023197e-03
6.179903884364869142e-03
6.235631537606115167e-03
6.225288127830469996e-03
6.111694675481546546e-03
6.140190815721450687e-03
6.167329945033763958e-03
6.083457925632781808e-03
6.060380904599770718e-03
6.050753343338610875e-03
6.041089599890734664e-03
6.018560339249151396e-03
5.986470084958659711e-03
5.854588653485826195e-03
5.867441378834753647e-03
5.911361245676171640e-03
5.786344561377569119e-03
5.833358067361995615e-03
5.837239496568747202e-03
-1.382970033599328636e-04
-1.191458857328556972e-04
-1.220561530516680308e-04
-7.266876551473413831e-05
-1.383077257467329085e-05
4.311700352871701927e-05
1.087575946579026474e-04
1.276313141436596920e-04
8.736095532976613130e-05
1.490132620796611189e-04
2.365459127529595377e-04
2.849621922620799411e-04
2.620546979101661365e-04
2.145482690843717886e-04
3.808813423818493949e-04
3.586676981580287442e-04
4.112884015692989687e-04
4.338322060909352682e-04
6.567025082294908290e-04
6.931065220815408419e-04
6.310671251110529408e-04
5.367401109765204681e-04
5.705797455388452724e-04
5.130067927902741713e-04
7.185801269752308072e-04
7.053558146013129025e-04
7.657384379199452806e-04
7.434952551272295054e-04
9.099426283561754241e-04
9.459162229235252217e-04
8.687471671025757090e-04
1.113981855458252629e-03
9.774783127538160584e-04
1.661035319726395041e-03
1.706194344727574681e-03
1.643766586425925245e-03
1.534061432339058409e-03
1.580023630255860583e-03
1.516009523978314533e-03
1.238002186582875868e-03
1.280444117145977754e-03
1.210317540933437616e-03
1.308012393662855025e-03
1.408958088000452063e-03
1.394228551875967195e-03
1.453190994724162669e-03
1.731464282798385020e-03
1.850376715637505566e-03
1.826661695924773577e-03
1.903765314290953910e-03
1.983704523432209665e-03
2.027017057300650217e-03
1.970703632748572152e-03
2.114018969746402164e-03
2.161116789439543502e-03
2.092309889380981284e-03
2.182254079940728307e-03
2.319019890401188399e-03
2.501112251555698794e-03
2.449883282699415014e-03
2.533371399078531479e-03
2.591894830292302762e-03
2.635134576562588385e-03
2.572933424621916959e-03
2.710084737944562852e-03
2.694301962759159796e-03
2.753598418035457709e-03
2.825313057678155958e-03
2.868776875137679736e-03
2.811278345593340357e-03
2.946630733767717589e-03
2.988837967854052376e-03
2.929503072609104895e-03
3.066551069595141107e-03
3.048857086172688646e-03
3.112189292723553311e-03
3.244454963008143195e-03
3.261157715872494735e-03
3.201123999752012242e-03
3.353492595954342750e-03
3.373758301253304125e-03
3.315604811573608871e-03
8.053968280511728320e-03
8.138812847019095964e-03
8.092441891742645568e-03
7.829844996877525706e-03
7.880128664866458896e-03
7.895116734127351557e-03
7.992338969981400629e-03
7.811759983068819642e-03
8.175103658262983589e-03
8.267051769506990333e-03
8.198962294481276780e-03
7.689419671265455836e-03
7.671822976158437085e-03
7.741580912891750550e-03
7.531451889204048705e-03
7.592881758096639393e-03
7.517968749313244138e-03
7.359025013069284311e-03
7.398606504870213624e-03
7.313402187555601355e-03
7.431956152895213830e-03
7.089027128692671452e-03
7.092907702240016862e-03
7.178582074304420448e-03
6.931721924761264156e-03
6.889868874427194229e-03
6.853612118355787222e-03
6.914966753617795593e-03
7.006188813045545818e-03
6.934967552481395049e-03
6.627702225706660032e-03
6.714243030142348634e-03
6.698822634326060538e-03
6.671096463210826957e-03
6.753765344969936413e-03
6.735831427452081827e-03
6.632904430285323227e-03
6.559378402396084592e-03
6.339588005225014165e-03
6.415356984844564937e-03
6.323647507724961848e-03
6.146061631149132495e-03
6.208478989583709161e-03
6.227024604662920702e-03
6.099693935544089028e-03
6.185317683012924068e-03
6.139866184744553756e-03
5.990418423528104039e-03
6.044164103092961558e-03
6.058082311626415001e-03
6.017441503870585122e-03
6.071617093203527001e-03
6.086167378347107082e-03
6.053288751701376910e-03
6.116674916744056431e-03
6.104093995200861496e-03
5.963111429100045532e-03
6.016198142386896056e-03
6.030481842312042026e-03
5.941557086903838381e-03
6.005389468750878257e-03
5.996635340482835662e-03
5.943067800659260040e-03
5.996522126590016037e-03
5.997355390652442907e-03
5.942455227145453621e-03
5.996193762798375168e-03
5.987379918352201714e-03
5.924067256271345165e-03
5.978186805164895611e-03
5.964452407417869702e-03
5.890118005077004532e-03
5.947492836224877073e-03
5.929094788483793219e-03
5.772152902446942707e-03
5.813376213478306520e-03
5.826254307049021954e-03
5.872339403995601587e-03
5.779174953378668315e-03
-1.249506478109067798e-04
-1.327877556941216600e-04
-1.135194532358990157e-04
-8.403589938114591046e-05
-9.158228838758366176e-05
-6.763718277844700316e-05
-3.498630965773381484e-05
-4.075922148596022881e-05
-9.251393086578969642e-06
3.606734881503385673e-07
3.141898976786168751e-05
9.257998373747512556e-06
3.863209598387260928e-05
7.181745469898418745e-05
5.128472920589128659e-05
1.504668473605280503e-04
1.706546498230995551e-04
1.295694895637214091e-04
2.812255707617405151e-04
3.080841779356082236e-04
2.588547386566714039e-04
1.918788044268240705e-04
3.296325072904471212e-04
4.267432311293275810e-04
4.574425177322854986e-04
4.038074672823924725e-04
5.955547244994121615e-04
4.805132953417385450e-04
6.810244096279669803e-04
7.587311772552098694e-04
7.930860439347442187e-04
7.320400755199387094e-04
8.329444231877623523e-04
1.099679757311441530e-03
1.073257656849543494e-03
1.140893899550779814e-03
9.675967065109925425e-04
1.006928010529953461e-03
9.387269846127106699e-04
1.597107500046840477e-03
1.471035708102723469e-03
1.168078277631139344e-03
1.283855675994958340e-03
1.260949405508896568e-03
1.331348158171052854e-03
1.345870892349656719e-03
1.712706662174622247e-03
1.686878857433140927e-03
1.757652604134313928e-03
1.781081578417804219e-03
1.916649360375677303e-03
2.048517829949617411e-03
2.157817443500355606e-03
2.204390955319464676e-03
2.135942210898720411e-03
2.292156424113130520e-03
2.339713631643558413e-03
2.271703714334512899e-03
2.423999120818588673e-03
2.468314837158138483e-03
2.405770415113360136e-03
2.488691578557821783e-03
2.465303217218165182e-03
2.528348344680180805e-03
2.509548023797014173e-03
2.650786870067398798e-03
2.767519333668977399e-03
2.885781741837244868e-03
3.006417008921385709e-03
3.153008627627585866e-03
3.109695710024896510e-03
3.155522294975102084e-03
3.198658145290367901e-03
3.298859999323464163e-03
8.114971055611533077e-03
7.753512506401604408e-03
7.791753670409703666e-03
7.842179010042998888e-03
7.863111148205799081e-03
7.959093089398464743e-03
7.896587625965487828e-03
7.759956708690427668e-03
7.610824632603628744e-03
7.360189041748651899e-03
7.446245551316067225e-03
7.432474528511926609e-03
7.180108708350218041e-03
7.269926374801903395e-03
7.223861737533640755e-03
7.359650388702203803e-03
7.134739928746722075e-03
7.002386822694520348e-03
6.766475675336218465e-03
6.861068286067169633e-03
6.837638463109601064e-03
6.731672365143502416e-03
6.801627642785783127e-03
6.820377154634833447e-03
6.696778325616953992e-03
6.784300574092900875e-03
6.766533730028067434e-03
6.841040619971593649e-03
6.649442816556615059e-03
6.683971662541237507e-03
6.471430851068378336e-03
6.481107177562875701e-03
6.549769692772638291e-03
6.180208932890177836e-03
6.260068724238097154e-03
6.244085510336708569e-03
6.405637868928680360e-03
6.163151132299999474e-03
6.122893921072011976e-03
6.076504495616035124e-03
5.976786506330463225e-03
6.003947495985495660e-03
6.035378194500668272e-03
5.952356838416151402e-03
5.942332880540415578e-03
5.942779137920599017e-03
5.933270129265779541e-03
5.907090206028857426e-03
5.777976898769392015e-03
5.816272081188703265e-03
5.775039085095395180e-03
5.834058248343649937e-03
5.681502189282622295e-03
5.726851662381526181e-03
5.733929264433666392e-03
-1.543424109288592933e-04
-1.412316252522105380e-04
-1.490824786408640379e-04
-1.055643541951845288e-04
-6.105314191690678770e-05
-1.751547794206440847e-05
1.944044321433137929e-05
7.724735929101316108e-05
9.203394740112482743e-05
5.793144406892992786e-05
1.120344226759658745e-04
1.921742009889367095e-04
2.351185222860208363e-04
2.135925924608288748e-04
1.713077789427961339e-04
3.245761059599562267e-04
3.520831799329177916e-04
3.029090649048191185e-04
3.742758040187048351e-04
5.856321615961898727e-04
6.206814759356116566e-04
5.611775670902347402e-04
4.726049767837880804e-04
5.041674979585911631e-04
4.496813011636676327e-04
6.443954381503843275e-04
6.322971139390593399e-04
6.943707028306019121e-04
6.683966910622705883e-04
8.559387617795779927e-04
8.068756121185640361e-04
8.828079860137912245e-04
1.032835605244812778e-03
9.110954733196221069e-04
1.573770950915577343e-03
1.617244247323037154e-03
1.553966845637644919e-03
1.440988997064680420e-03
1.487316650375905503e-03
1.425047587349163045e-03
1.147380753178549838e-03
1.123543604015430188e-03
1.192395530368637636e-03
1.214901953496673112e-03
1.311962564684146949e-03
1.360202780321980234e-03
1.297977586523028784e-03
1.642719677718571317e-03
1.760565302216844609e-03
1.805342621155488084e-03
1.736664332450640761e-03
1.893398833183877056e-03
1.871928494420273953e-03
1.938429262495574516e-03
2.022576425064473958e-03
2.068184199746525131e-03
2.003184461996269667e-03
2.089831734592921542e-03
2.224654968304803481e-03
2.357780911193147269e-03
2.444677444589048437e-03
2.504728175395166609e-03
2.485047147048230140e-03
2.548264015402119855e-03
2.625314002487196766e-03
2.667683959177794169e-03
2.608648536569989265e-03
2.743894227301587902e-03
2.784576215538445143e-03
2.727008391959222840e-03
2.864084889697513826e-03
2.905328176515303666e-03
2.844720630784245384e-03
2.983781904922596512e-03
3.025143326418959239e-03
2.965234808298190285e-03
3.103342683244101306e-03
3.128191207829685103e-03
3.084985123916520432e-03
3.217125571115133850e-03
3.230837498116115921e-03
3.185037256468198612e-03
3.319531208462131802e-03
3.336535179164742786e-03
3.281959821847460837e-03
7.987703602904731859e-03
8.081979018842921567e-03
8.020913108090005003e-03
7.721647225156654491e-03
7.808656436225834725e-03
7.925823537440293901e-03
7.568941845478549188e-03
7.629340943176160517e-03
7.550326052503756984e-03
7.390060927813545989e-03
7.460964032248953125e-03
7.375220655985187217e-03
7.270629016468436664e-03
6.962861631326012178e-03
7.072067253214028328e-03
7.026094930500393840e-03
6.939006510813685788e-03
6.749129211250777700e-03
6.714270986731029831e-03
6.715278160999491389e-03
6.740911123006950584e-03
6.815547248013110841e-03
6.520378514521541109e-03
6.574162700754945104e-03
6.595935394113156859e-03
6.545401338187250076e-03
6.608405552921913471e-03
6.621298586799581436e-03
6.495934772374002512e-03
6.214527322593307174e-03
6.277202230048990229e-03
6.197383573376862367e-03
6.366865770522232154e-03
6.419251964526145535e-03
6.353245937243868872e-03
6.017321484102332828e-03
6.098922825562622281e-03
6.081844736364688288e-03
5.983564425946429413e-03
6.064955689448903696e-03
6.041753557648408754e-03
5.946999899033392559e-03
6.023456503712167412e-03
6.000241491217348823e-03
5.855603575453892894e-03
5.923066289934577483e-03
5.909452596873305923e-03
5.878847061907774459e-03
5.934735192956942969e-03
5.948212932123355529e-03
5.904941806840756889e-03
5.979207109146961706e-03
5.961296970268864862e-03
5.830033792989322734e-03
5.885881267487371588e-03
5.896616207161380421e-03
5.806701540029673807e-03
5.874160677215488346e-03
5.874955146180704108e-03
5.853563896397796264e-03
5.898327462308988918e-03
5.898037091110227073e-03
5.830971138469990579e-03
5.886728365890557362e-03
5.877540767676062150e-03
5.799969813834147080e-03
5.862032778706430594e-03
5.845046178966062031e-03
5.669767580217009023e-03
5.723896837029510826e-03
5.720951406217165101e-03
5.788972028628915946e-03
5.675586150261352665e-03
-1.308709858119367199e-04
-1.308009022382203681e-04
-1.438074229263218396e-04
-1.070784549380803652e-04
-1.165623922796202858e-04
-9.742667167843654225e-05
-5.035984646930894267e-05
-4.389606793979597508e-05
-6.728681827995771476e-05
-2.716959741813442967e-05
-1.606463510981133102e-05
9.178895568382843990e-06
-9.135911807440154117e-06
1.873656144576560270e-05
2.765216970715966702e-05
4.594558872695385328e-05
1.155616668849606657e-04
9.639474472986685823e-05
1.322099596447150866e-04
2.339726157034464676e-04
2.569411954825919788e-04
2.130748182367852390e-04
1.521448908339379468e-04
2.778007450617276763e-04
3.684102253271353731e-04
3.970265509456298060e-04
3.465032377598495274e-04
5.279034924573488023e-04
4.191825594515763052e-04
6.089815397699271894e-04
6.635080806934212823e-04
6.479713467161512391e-04
7.104572288816805945e-04
7.610210924187481817e-04
8.079257564848061398e-04
7.601213028301598154e-04
1.018486822839530324e-03
9.930500752508000448e-04
1.058820171747829313e-03
8.894687080430987904e-04
9.282461145814408822e-04
8.727517543777257121e-04
1.506854121446108558e-03
1.375920407218909295e-03
1.082198527719220680e-03
1.181700356272038068e-03
1.164601375221130559e-03
1.232428941617548729e-03
1.246193472264451978e-03
1.625896449436476906e-03
1.599847336193365192e-03
1.669169765646902944e-03
1.692758117066446100e-03
1.826564230175296280e-03
1.957626271455999243e-03
2.068372213447010246e-03
2.112999530469505081e-03
2.045496083499723141e-03
2.200568265769351373e-03
2.246265460802548356e-03
2.179223620884858815e-03
2.333014059622480572e-03
2.312613674723657409e-03
2.378424810482625967e-03
2.398864545963390934e-03
2.375473805511937875e-03
2.420320300993449459e-03
2.439825344553921051e-03
2.564796582350758157e-03
2.684412764563966127e-03
2.803795189079528929e-03
2.923751633367084948e-03
3.043394136308020040e-03
3.160103564054148051e-03
3.268245386433252068e-03
7.661742037680306823e-03
7.631481585047512027e-03
7.748058768201384824e-03
7.692648078664374341e-03
7.795877629307080940e-03
7.892330746656349080e-03
7.829550054848604182e-03
7.479989270557318125e-03
7.198777120441109297e-03
7.294954096069034000e-03
7.279747161546526631e-03
7.189522517250464088e-03
7.006095271154552315e-03
7.093388681217044529e-03
6.984566205670209374e-03
6.769321428403558306e-03
6.866535925436954499e-03
6.842336996873336560e-03
6.615746717832050351e-03
6.673835510055700290e-03
6.691355761846110028e-03
6.571349106501885202e-03
6.634215793543488462e-03
6.651758492418068797e-03
6.546452006457380984e-03
6.631177060953618273e-03
6.656917788022041760e-03
6.742367046960837107e-03
6.532917093829719232e-03
6.558402480295375155e-03
6.443811865912623532e-03
6.050275924332556600e-03
6.132577250281891733e-03
6.115398915902369760e-03
6.290864998866867869e-03
6.033806513720340638e-03
6.000451818802719599e-03
5.965291601424521466e-03
5.925977625057994753e-03
5.842840283474168804e-03
5.867242243995045466e-03
5.891906427874489018e-03
5.818398546529983395e-03
5.830176022710764107e-03
5.842279378264708320e-03
5.815481856206900467e-03
5.681252551036391346e-03
5.729624909499649206e-03
5.675513728211287363e-03
5.740630036339203386e-03
5.573987849184980012e-03
5.621928119726349489e-03
5.627737279260566772e-03
-1.450699360558236489e-04
-1.398888137558424003e-04
-1.530245465078682065e-04
-1.204347179346456449e-04
-8.229174494271099434e-05
-8.470842481762965804e-05
-9.470953570102024995e-05
-6.811470705338684619e-05
-3.320915907454174705e-05
1.384323522386753353e-06
5.312049448708774403e-05
3.596523332545983605e-05
6.434255257547700829e-05
8.236254542225298443e-05
1.532228307331506769e-04
1.720054148147597754e-04
1.919343459943111867e-04
1.343998079037183430e-04
2.742380522590135762e-04
2.988431620966112783e-04
2.541356343924963310e-04
3.198779453792428124e-04
5.183866070718327109e-04
5.515563491575177068e-04
4.955119433982443098e-04
4.125221026644322045e-04
3.904766380288902526e-04
4.421018286024014018e-04
5.741888121813046308e-04
5.628920829145276240e-04
6.123380116629194682e-04
5.972026247680832078e-04
7.116861099880127323e-04
8.242551805538494069e-04
9.531286737275159685e-04
1.486131213438286053e-03
1.529789967747490365e-03
1.463593747814830688e-03
1.351615278354241154e-03
1.396107812577122289e-03
1.331834750659535238e-03
1.058433115355876877e-03
1.102616719197676946e-03
1.038496794941052084e-03
1.119418689412939342e-03
1.218957036997028384e-03
1.265207711643391532e-03
1.200377488953033962e-03
1.555448850939026564e-03
1.673973659940531733e-03
1.649963303593733003e-03
1.717156836323848130e-03
1.809555501846682067e-03
1.785090399350972457e-03
1.851389671416550772e-03
1.940869513337033052e-03
1.981644310226222169e-03
1.917163610167374249e-03
2.134128500289598270e-03
2.004276394090547669e-03
2.266473681100898089e-03
2.354272843332195879e-03
2.420240362217585504e-03
2.397881093398562032e-03
2.462436695629442642e-03
2.548377034525657180e-03
2.586823109760890728e-03
2.526580957227663946e-03
2.683856760083287631e-03
2.713943190558332913e-03
2.654588138031045621e-03
2.802448134570946318e-03
2.773153302896130042e-03
2.833262873083834416e-03
2.902307314099756858e-03
2.943018370830356376e-03
2.883222930326027975e-03
3.012171470662656537e-03
3.057715440621887847e-03
2.998018397380454361e-03
3.190980599296333858e-03
3.204102402517643253e-03
3.147102546793782707e-03
3.292119319124079194e-03
3.305897909456404198e-03
3.254591814378659815e-03
7.600435062146445112e-03
7.714299101495476069e-03
7.429198092456443248e-03
7.499265897791974195e-03
7.409745192262453053e-03
7.237887865404953568e-03
7.314200260675571275e-03
7.218434754385767531e-03
7.102937309897388272e-03
6.811864263005252933e-03
6.909449249192697526e-03
6.887567145078925257e-03
6.790663476399942666e-03
6.593587412265114987e-03
6.581147406080758294e-03
6.575120640285816824e-03
6.645374471646167333e-03
6.560822312616258409e-03
6.672630860497368380e-03
6.379825364216141180e-03
6.462845018297540614e-03
6.450290174691290096e-03
6.419877258167183860e-03
6.482792577684497702e-03
6.495816855272378704e-03
6.373364592315811268e-03
6.084231501295508417e-03
6.067260844218729313e-03
6.149535338106726888e-03
6.244445293616526435e-03
6.229501021942255440e-03
6.305796382650407685e-03
5.885456581819524698e-03
5.968023492518872292e-03
5.951552687052857893e-03
5.855456477445276225e-03
5.936526247485238161e-03
5.919666484068607758e-03
5.826170090546345902e-03
5.904982600924806035e-03
5.886724072650701724e-03
5.793704945382293497e-03
5.870455859976570975e-03
5.849440084324686144e-03
5.721554195885492945e-03
5.775899907970727387e-03
5.788623246407752394e-03
5.744730353083149499e-03
5.811843758128392226e-03
5.800278684341689944e-03
5.766561406108043804e-03
5.822819623784778950e-03
5.835821146347056586e-03
5.687403618809976080e-03
5.758758343487337637e-03
5.747170078857042654e-03
5.743026618581136868e-03
5.774878095134319475e-03
5.798315155892603580e-03
5.787044400776085798e-03
5.709771041842012264e-03
5.770387118718247124e-03
5.754898854112329085e-03
5.556602711872694368e-03
5.618975119705721041e-03
5.613201024073770709e-03
5.695528962055823943e-03
5.565295795747715601e-03
-1.048146179364178447e-04
-1.263641293953074961e-04
-1.224175881094856345e-04
-1.031754992594405800e-04
-1.067641190073144160e-04
-1.170817262284079351e-04
-9.467501181338166399e-05
-5.325128403720146253e-05
-5.317246696862609881e-05
-6.754465707328856318e-05
-3.705248967167378428e-05
-2.212338224300400464e-05
-2.004628887550526724e-05
-3.808218671843461737e-06
6.399626924840489979e-06
2.758106983951198700e-05
1.172923668047253548e-05
8.640361563290434798e-05
6.972153330014639941e-05
1.002749236122172342e-04
1.896141742380236717e-04
1.714555547152334547e-04
2.111502785105073365e-04
1.180043051616261698e-04
2.303152292434468230e-04
3.161079124128900208e-04
2.951739536967929530e-04
3.417990134452870369e-04
4.641997984626579626e-04
3.629538433181718655e-04
5.406698316868474531e-04
6.111213792856114418e-04
6.372226009180889487e-04
5.870239996252667788e-04
6.843653744542552934e-04
8.126990759732096630e-04
8.508085270424090539e-04
7.868650258533693405e-04
9.359082191852779445e-04
9.127104789235105037e-04
9.769152078456860497e-04
1.418287954869566943e-03
1.284645446696806338e-03
9.964351579185887382e-04
1.095272641370907338e-03
1.076898100262346563e-03
1.138239784327482176e-03
1.156485068068492314e-03
1.537962844701632349e-03
1.512065684749216467e-03
1.581793227090847170e-03
1.605451063524107993e-03
1.741299685091816148e-03
1.874814809087568031e-03
2.112023495927443841e-03
2.156211983873990851e-03
2.090226662261095939e-03
1.987530165737241578e-03
1.964218783021025403e-03
2.027884360974760262e-03
2.243436877172452857e-03
2.288147867601797621e-03
2.222033724348960581e-03
2.309146008345551448e-03
2.484043518154916991e-03
2.288375066505031561e-03
2.331859380102014462e-03
2.354006165513920345e-03
2.615840883675290846e-03
2.742984636740742558e-03
2.852245424643685880e-03
2.957089157487447547e-03
3.098470936178544712e-03
3.055234975775227967e-03
3.100971686432074485e-03
3.144644511925004382e-03
3.241473352974835916e-03
7.531029376085117757e-03
7.599889755283162698e-03
7.698392382176635039e-03
7.615723243444569648e-03
7.334098928876735778e-03
7.044061733585050243e-03
7.141498918142038556e-03
7.121637663330361231e-03
7.025167363238291572e-03
6.851143346987038571e-03
6.928827601170173787e-03
6.831578467595502725e-03
6.617539542882675853e-03
6.715136099392703291e-03
6.693629283199712364e-03
6.468268561298858195e-03
6.519910281665264318e-03
6.542208474401205696e-03
6.507439304499424218e-03
6.385017143625268572e-03
6.480431378737099880e-03
6.465959078901609494e-03
6.596383224781106856e-03
6.399883690683943506e-03
6.444107599178814337e-03
6.312276256151994058e-03
5.918049367964457394e-03
6.001315931110163052e-03
5.984324902799197446e-03
6.164518334489044876e-03
5.901751423307159510e-03
5.870457002819635950e-03
5.840816366511264457e-03
5.809940255808742661e-03
5.780139370877034055e-03
5.704496710588383146e-03
5.733158892091758455e-03
5.755657518544258708e-03
5.638391963250050445e-03
5.722598132593543531e-03
5.662915446618057777e-03
5.690793451947021887e-03
5.726421115576137838e-03
5.591154349097958096e-03
5.636237279256274026e-03
5.573919807536432784e-03
5.650484876199744592e-03
5.463992671067419496e-03
5.510413954515672695e-03
5.519010931633753191e-03
-1.020168847944174682e-04
-1.051629482402766439e-04
-1.282917113066772913e-04
-1.076633572492477242e-04
-7.289288427101320344e-05
-8.761822663183553160e-05
-7.881296648401931143e-05
-6.474776084150200600e-05
-3.763041690142039257e-05
-7.722676978330737468e-06
3.388787123797198740e-05
2.010533485024372231e-05
4.278098784363698918e-05
5.806672281229586629e-05
1.190612963485671906e-04
1.355168974143212892e-04
1.526343286139197832e-04
1.027598155855899865e-04
2.291604946814535502e-04
2.512220473021315056e-04
2.093897996317807227e-04
2.711291009035787314e-04
4.555848441795869457e-04
4.865885244571939655e-04
4.340812019684082588e-04
3.557488584909604184e-04
3.359598722801952720e-04
3.837209063238537950e-04
5.080509078182825862e-04
4.982443455704640718e-04
5.534791962906196678e-04
5.302467381280679499e-04
7.134728488410462151e-04
6.615576821055583513e-04
7.372142047916477575e-04
8.734403948767908380e-04
7.624305312094707557e-04
1.398885626932679050e-03
1.442350778541612701e-03
1.375277295484211805e-03
1.262716768854196987e-03
1.306965183418721610e-03
1.240865517531680121e-03
9.772486621353628205e-04
9.566002505333874887e-04
1.017600837931299232e-03
1.035607254532643247e-03
1.128113834931174361e-03
1.173286697586663511e-03
1.111756358560430464e-03
1.467821658404251054e-03
1.589919641160033670e-03
1.631854197413064051e-03
1.563962546667127919e-03
1.727879119956458485e-03
1.768645139328310504e-03
1.700945578362782944e-03
1.864548912132267446e-03
1.902668028353001741e-03
1.837068369480481227e-03
2.177399527518024923e-03
2.049456284694737250e-03
1.925703296928178406e-03
2.265929059056044637e-03
2.464213326696032894e-03
2.442255068192772556e-03
2.506253951161062626e-03
2.332649762101350784e-03
2.310536606032203340e-03
2.376384613270293971e-03
2.594417217877943455e-03
2.639090982008475157e-03
2.571422456138136668e-03
2.819206167828818867e-03
2.810872476479851084e-03
2.751276500417019436e-03
2.860715544771622564e-03
2.940034530552105944e-03
2.976092295460265689e-03
2.921200997775625675e-03
3.046085120854633184e-03
3.072284996613373637e-03
3.029162236321913167e-03
3.155477261060596599e-03
3.173292043641164767e-03
3.126966947308141339e-03
3.271351965984952651e-03
3.281791582122026412e-03
3.231116750732282352e-03
7.430946906217406576e-03
7.430120548184240316e-03
7.531673693343975129e-03
7.515973735731888185e-03
7.283951319024066159e-03
7.261016928866490146e-03
7.356790107491558393e-03
7.084193134560458176e-03
7.064240762856364292e-03
7.161233029325412246e-03
6.948089463657987179e-03
6.657587549590797751e-03
6.754819443924257177e-03
6.734924012768228954e-03
6.637622612585544930e-03
6.350356295007158168e-03
6.448763199575597953e-03
6.409434723843906133e-03
6.423833422537613726e-03
6.499669091463209855e-03
6.404458482367148854e-03
6.367710779019135174e-03
6.521085029019099005e-03
6.294661287105922376e-03
6.357401346697886049e-03
6.337316577475157059e-03
6.322564103831317811e-03
6.395605155691429754e-03
6.371307063361554383e-03
6.269578968610091049e-03
5.952831821001570121e-03
6.018690451605624575e-03
5.935438559534484196e-03
6.124000596025382798e-03
6.184357282550522611e-03
6.104125373497760673e-03
5.750097858734008402e-03
5.834233213376606615e-03
5.817948580349069018e-03
5.726174242218049111e-03
5.790975548004997572e-03
5.805943098957865381e-03
5.698592616546457705e-03
5.762540444443882762e-03
5.777135890121428037e-03
5.672728182716202557e-03
5.749547693534403335e-03
5.733356203437760777e-03
5.651343267286155526e-03
5.722600358946875257e-03
5.709083176900438955e-03
5.580699745903060401e-03
5.634169592269822231e-03
5.651170354666210094e-03
5.611551828024219715e-03
5.678188466216131484e-03
5.666676125574474261e-03
5.635083023572276875e-03
5.700878254306923111e-03
5.690029160956160820e-03
5.547615805725586609e-03
5.617545929025588060e-03
5.593103044436527685e-03
5.614905102730939970e-03
5.626680376471199056e-03
5.678987788886662516e-03
5.662398399510902569e-03
5.490461039523330221e-03
5.523566768149497722e-03
5.540829572600998454e-03
5.603068531220593666e-03
5.426184076427012851e-03
5.491435083319930188e-03
5.445131532536275250e-03
-6.141292431520892713e-05
-8.132994724993394798e-05
-8.678860137460107363e-05
-7.740223355045710619e-05
-9.201274625328446748e-05
-9.033529610828803060e-05
-7.796751414627977120e-05
-4.542870658520035607e-05
-4.978792695381344688e-05
-5.892120268027498212e-05
-3.551899137912277075e-05
-2.362945522556166012e-05
-2.361722314052770353e-05
-1.061416809764856524e-05
-1.721532825286151990e-06
1.667434192014444726e-06
1.390632383438600902e-05
6.100550914555959847e-05
7.302931232194053508e-05
4.744034127013775257e-05
1.526199053395932751e-04
1.706340531928097419e-04
1.358660346773762353e-04
8.807301830088163860e-05
1.891951144702972484e-04
2.660001339874070673e-04
2.906263427719642874e-04
2.476134209638359901e-04
4.043473616200995839e-04
3.094495391282279530e-04
4.769539479267147285e-04
5.386501753031076433e-04
5.745601616567855069e-04
5.185158703228376614e-04
6.407659231607910379e-04
6.261482331535608934e-04
6.767915951278252133e-04
8.608209844389801916e-04
8.367677022324855737e-04
8.981529114853089310e-04
7.485901610222272769e-04
7.804902816865458368e-04
7.310777663268091999e-04
1.330151784250162761e-03
1.194695168071901840e-03
9.183037257419414574e-04
1.014700202552058566e-03
1.054777515685789658e-03
9.960103069397670868e-04
1.070827023332030859e-03
1.449795336638783289e-03
1.424361578422487931e-03
1.493742209687654553e-03
1.519269386471316713e-03
1.658386902149827473e-03
1.795757860025167874e-03
2.153609518536520051e-03
2.198442654741696294e-03
2.132849305651168467e-03
2.024208468581825682e-03
2.068038114822568461e-03
2.005914064464983833e-03
1.898924210213364262e-03
1.881774742652732183e-03
1.943148486990989646e-03
2.220652789778061135e-03
2.398138446412823553e-03
2.529048460431154895e-03
2.200392355525744061e-03
2.244309272224678450e-03
2.266201825883995546e-03
2.728728597239718761e-03
2.661307808109707965e-03
2.706340940342366694e-03
2.773906318112834713e-03
2.879429387226887030e-03
2.992922825797107202e-03
3.100647013760216269e-03
3.213299303241828539e-03
7.357830098251403640e-03
7.399957272721031931e-03
7.500405207607850969e-03
7.415466940851076633e-03
7.184575978689453600e-03
6.881834776998419466e-03
6.963175648925303517e-03
6.983605616182476071e-03
6.866553805807928262e-03
6.697371758252856043e-03
6.677541882157115097e-03
6.774451815439852705e-03
6.463277242375420860e-03
6.560856255162839969e-03
6.540600913404663250e-03
6.336476608108715901e-03
6.229085127978812100e-03
6.326828975019246383e-03
6.307252052507870618e-03
6.203369566812837362e-03
6.294497937872202235e-03
6.277046465560942763e-03
6.443596508779280210e-03
6.308629533422344116e-03
6.209554134619323443e-03
5.782866819865072755e-03
5.868028062503295901e-03
5.850625674980420438e-03
6.038618998583037377e-03
5.766470637163888593e-03
5.738128073751723804e-03
5.712377461217723988e-03
5.685658136330875960e-03
5.662037537407921088e-03
5.643221270207874653e-03
5.596137662407081603e-03
5.564175576073298636e-03
5.623326728279331478e-03
5.517303147410139962e-03
5.532488867069397520e-03
5.577871155437200308e-03
5.566196850533808131e-03
5.496968091954837488e-03
5.544136205922144643e-03
5.493761193320994413e-03
5.458369004101247361e-03
5.555961185594316711e-03
5.352015642786927749e-03
5.389208775054860068e-03
5.407999113970078306e-03
0.000000000000000000e+00
-3.564545293930807771e-05
-6.478823437931657716e-05
-5.362644281955170219e-05
-7.986790548937857260e-05
-5.693497473310073941e-05
-6.897629684907655449e-05
-5.547246855878552825e-05
-6.511801851125399439e-05
-6.604229135465181913e-05
-5.306806531756417015e-05
-3.427537460532810052e-05
-1.253273843987489576e-05
2.009159153925184826e-05
2.640415439488362384e-05
9.181348957096921014e-06
3.851094650809733824e-05
8.911013140483641285e-05
1.189897508094055689e-04
1.035369097708354686e-04
7.507330341788997921e-05
1.863203164610405238e-04
2.072982702376470314e-04
1.694863703200655703e-04
2.245845679101297063e-04
3.960038140491211581e-04
4.254503301250267219e-04
3.759055482177230080e-04
3.021812858012222058e-04
3.286091148580586084e-04
2.841211616415394267e-04
4.458728871670628383e-04
4.350645498094849752e-04
4.856897074423374900e-04
4.663597154155201311e-04
5.887968491902588475e-04
6.938266560759201885e-04
8.039179337609498764e-04
1.312003056060977862e-03
1.355291373538179125e-03
1.287385882138852465e-03
1.176955263040617644e-03
1.219665488972293847e-03
1.152551927897920965e-03
9.108270581878989561e-04
8.857792024625058035e-04
9.439113257865001765e-04
9.622133235350819290e-04
1.051496947979031499e-03
1.089658402591672098e-03
1.033153290293615731e-03
1.380261726620021561e-03
1.500780960287899281e-03
1.475310515090516974e-03
1.545232322611403203e-03
1.641264146085308047e-03
1.684483527929781562e-03
1.615613197998327054e-03
1.776968522897773772e-03
1.820671198353156434e-03
1.752447588121188327e-03
2.088570502875184299e-03
1.961223758172248727e-03
1.837595781492986019e-03
2.177013141937654116e-03
2.378509570344712002e-03
2.421312789397662806e-03
2.355604574868809531e-03
2.507330764626090631e-03
2.485801329554218706e-03
2.550830360044598327e-03
2.246892145885336697e-03
2.289713440693270582e-03
2.223664396227806404e-03
2.638913595727773644e-03
2.683765065380564526e-03
2.616700486369694101e-03
2.856117907086449820e-03
2.837697524829048412e-03
2.792200668777687633e-03
2.898040342417848581e-03
2.977311969879829073e-03
3.011699817964450139e-03
2.958708398643179662e-03
3.072475101444691915e-03
3.059305919186093136e-03
3.113944721731701747e-03
3.257182824800770610e-03
3.264311852258881732e-03
3.206227131295594484e-03
7.232674326904249898e-03
7.332262647579300928e-03
7.258326063120709888e-03
7.316842675400488626e-03
7.158870017270138782e-03
6.865768814801276321e-03
6.975436752233450666e-03
6.873817080880960731e-03
6.790042251312153852e-03
6.508542573801276432e-03
6.583238474061554706e-03
6.603377055608100274e-03
6.485965233537420958e-03
6.180906167412474408e-03
6.265882049904827195e-03
6.251908656905388190e-03
6.269861576789037376e-03
6.347035655873885587e-03
6.249498384327930624e-03
6.216236106222011205e-03
6.192143895220057585e-03
6.366958175275562112e-03
6.163915514441095471e-03
6.243447018045630154e-03
6.229441104957655038e-03
6.143969692330317200e-03
5.815022470418722625e-03
5.798932025165260198e-03
5.884096905642722392e-03
5.989179309342627759e-03
6.056752048728492044e-03
5.971004469425860404e-03
5.615197210090488132e-03
5.699186497729256430e-03
5.682815735483170809e-03
5.592502713069443833e-03
5.671419302360678621e-03
5.659506983805560366e-03
5.572779445861622723e-03
5.635837896768816635e-03
5.649575354825066460e-03
5.545602023082824017e-03
5.609322903520904714e-03
5.622189559960666036e-03
5.527743041109461214e-03
5.600312317079651249e-03
5.589688756316591595e-03
5.515978963599085447e-03
5.583720932825504690e-03
5.575672008378964456e-03
5.473171378339227768e-03
5.527067535851022499e-03
5.542408717970899283e-03
5.445464594360968982e-03
5.496665788848143462e-03
5.513121719818398631e-03
5.500329573097771478e-03
5.567758579862755811e-03
5.556074064872957956e-03
5.417646573983634847e-03
5.482663543965011523e-03
5.467593661822531433e-03
5.507179682912493116e-03
5.380482039294081677e-03
5.438758710124285897e-03
5.435529362194249994e-03
5.403447910719150725e-03
5.311858807420156807e-03
5.332046171971221125e-03
5.369057017651225963e-03
0.000000000000000000e+00
-2.896546672274212040e-05
0.000000000000000000e+00
-2.981205367244544029e-05
-4.132216481736537811e-05
-5.992125462224515419e-05
-4.708990393759609664e-05
-5.140202097733265050e-05
-3.612734343607236807e-05
-4.177597577889435025e-05
-4.546713742387146004e-05
-3.213572138306714242e-05
-1.946246741295354094e-05
-2.213886452394170674e-05
-1.270062007392117657e-05
-3.950014325225935514e-06
5.926965603748060554e-06
-3.292703741495946852e-06
4.206464254713508297e-05
5.108122187798929661e-05
3.109018756229858723e-05
1.182080161771144751e-04
1.349878774114563569e-04
1.036744656202314552e-04
6.363806542414413253e-05
1.505021017035160279e-04
2.185072557895606483e-04
2.418743407538978855e-04
2.024487577005019067e-04
3.477118898505253018e-04
2.588380668244153089e-04
4.155773768410889147e-04
4.747616289250807193e-04
5.064798498036237381e-04
4.549449975424840948e-04
5.803531017490032437e-04
6.103984570448322709e-04
5.595555356412816464e-04
6.883304004415869174e-04
7.183258603644278317e-04
6.645393968011861080e-04
8.021840386944319385e-04
7.753299782068948836e-04
8.314152311674493940e-04
1.243787444523667546e-03
1.113548075084476842e-03
8.558215705767183504e-04
9.617623669267984189e-04
9.881726396971403630e-04
9.362285094998730592e-04
1.006243161762312944e-03
1.362018385918399013e-03
1.337031553064829638e-03
1.405775690703504324e-03
1.430780561057087927e-03
1.570454877966362579e-03
1.708638794077851387e-03
2.066091728266221568e-03
2.045177589941668886e-03
2.109777957585537520e-03
1.927660114293164220e-03
1.975821389747517681e-03
1.913337792276440397e-03
1.822099351819076243e-03
1.799534244657962495e-03
1.860455881135287572e-03
2.132888465043573413e-03
2.442646982511640329e-03
2.312393642415291363e-03
2.572856353925111542e-03
2.112264631234067169e-03
2.156265992401250678e-03
2.179232553523671907e-03
2.768141060064718394e-03
2.703287786281971354e-03
2.748474549981871559e-03
2.812084602971459506e-03
2.916526551901028365e-03
3.024787847209226953e-03
3.151816124610786526e-03
3.153725739231267797e-03
3.112077637335198491e-03
3.204428812627032556e-03
7.196262632798650430e-03
7.298571877835047933e-03
7.214474992289016814e-03
7.026450265985201803e-03
7.055332082590272391e-03
7.130009697935245708e-03
6.946545951068895663e-03
6.722306635333157553e-03
6.802290521369182968e-03
6.794350978679274122e-03
6.709878142581583542e-03
6.553888577071664660e-03
6.531281022409539394e-03
6.625777306319507315e-03
6.314695290373852944e-03
6.412031513871552409e-03
6.389153912708265583e-03
6.172415312955756468e-03
6.075888813020155314e-03
6.173237765554283850e-03
6.152673261550684752e-03
6.035205073027665595e-03
6.132483547908806204e-03
6.119521444678818235e-03
6.027867334648290970e-03
6.115880960745571394e-03
6.104584390186025555e-03
6.292315212670028003e-03
6.076776511584172473e-03
5.645416805366208074e-03
5.714311824474556899e-03
5.730392618321992516e-03
5.902306606375968927e-03
5.603831362495989912e-03
5.630284812129483611e-03
5.582627781267288439e-03
5.559178756077006248e-03
5.536669208883292746e-03
5.521864762980677362e-03
5.508160348180486839e-03
5.459330707087216988e-03
5.486755582002822949e-03
5.431579784130308175e-03
5.394799973199668024e-03
5.406265514343726840e-03
5.456080914224462931e-03
5.445993922979346265e-03
5.387731693048064888e-03
5.346262804623933516e-03
5.238504488223527308e-03
5.275308444475926804e-03
5.295272671035804353e-03
0.000000000000000000e+00
-2.621867217191909275e-05
0.000000000000000000e+00
-2.356512940584815416e-05
-3.059952774077260088e-05
-4.364382856823282556e-05
-3.580749148318176006e-05
-3.579172960171732255e-05
-2.763223146646076042e-05
-1.160623687987849725e-05
1.154935159832557563e-05
1.547749163922405662e-05
3.778016075900440969e-06
2.482110716468275216e-05
6.538365275275418646e-05
8.997710621887970283e-05
7.694704298886894148e-05
5.370983245981926171e-05
1.468712606670085643e-04
1.662510571058550292e-04
1.325473928959351635e-04
1.810762421145174664e-04
3.383132054833010269e-04
3.668557229739615919e-04
3.202799281158511826e-04
2.507081699196470233e-04
2.761452391753717209e-04
2.346408754904426102e-04
3.853805171792203479e-04
5.264530334178954812e-04
3.746178146680156592e-04
4.046065444755952609e-04
4.234389055260175528e-04
6.333974353594505917e-04
7.443775582444814081e-04
1.225940221310128659e-03
1.201466211516252422e-03
1.268825992723124092e-03
1.094339853306024310e-03
1.072967984145528283e-03
1.135505618578663096e-03
8.669374178968236155e-04
8.889670152195514779e-04
8.344481544525558922e-04
9.138996585615715134e-04
9.737437050104522573e-04
1.012431009796127936e-03
9.678747543180512419e-04
1.293309310185074322e-03
1.413047862894462655e-03
1.456808044820776839e-03
1.387550459071845840e-03
1.551495502075778479e-03
1.526159354972064786e-03
1.596282006265357239e-03
1.704832034659516668e-03
1.673045502050493367e-03
1.740912313270010035e-03
1.996466519250964401e-03
1.874622020628317898e-03
1.763146683012357984e-03
2.089192851960639755e-03
2.419127324703875849e-03
2.463179715366620344e-03
2.398851003985067072e-03
2.287117402984485161e-03
2.332744487647073640e-03
2.267036654629346441e-03
2.550518931201199799e-03
2.528957531309921052e-03
2.594670423276312747e-03
2.155733913455941050e-03
2.201237155357603503e-03
2.134015664926520485e-03
2.681670915833948322e-03
2.724865167281542277e-03
2.660330476962405582e-03
2.894876673115520140e-03
2.875536524197451656e-03
2.831293316726302654e-03
2.936069245287632572e-03
3.032202020607852131e-03
3.052389886990196973e-03
3.004762392241939681e-03
3.091880199634104362e-03
3.249688437731807975e-03
3.253507182459013710e-03
3.200643395319554847e-03
7.111866958519856043e-03
6.813958585050845611e-03
6.920647453668438143e-03
6.839860540707467206e-03
6.630404196242102761e-03
6.748644135102838462e-03
6.676387544546039110e-03
6.638428334801666462e-03
6.367420986221060050e-03
6.461061908543151017e-03
6.438122724653157908e-03
6.341116379502840551e-03
6.011857038675634535e-03
6.088084718219114073e-03
6.096609551614643949e-03
6.055554368896313121e-03
6.115853391384506489e-03
6.095883357573481098e-03
6.193037444069030006e-03
6.031527726546208681e-03
6.019856853897805407e-03
6.215678072063940407e-03
6.000515111064960716e-03
5.676918897612661698e-03
5.661144582367125776e-03
5.746137323516428176e-03
5.846871913142261470e-03
5.830935723562593286e-03
5.918200407577954222e-03
5.452481257284235924e-03
5.533964496581145719e-03
5.522673599011893551e-03
5.476599887689751964e-03
5.561160268555765188e-03
5.546071845781215537e-03
5.437379111287650967e-03
5.505255445504321499e-03
5.515040912949144801e-03
5.420983791738844502e-03
5.496973789500315434e-03
5.483447746943217148e-03
5.406044352221449530e-03
5.467045101058104831e-03
5.475893163726843621e-03
5.395168660317888575e-03
5.455718996268435830e-03
5.461513719349247141e-03
5.384736046735553137e-03
5.450409293659272056e-03
5.442674533148267497e-03
5.337927645233144815e-03
5.405593890832257990e-03
5.391836648259776266e-03
5.362469658209991635e-03
5.417962120821205596e-03
5.431451611224627669e-03
5.314200951866789209e-03
5.379871825443375589e-03
5.366062217234920592e-03
5.292192114740145586e-03
5.354955035838900208e-03
5.343631516651753226e-03
5.275022332280965634e-03
5.327910700660223355e-03
5.334945854172901472e-03
5.240986971070906407e-03
5.276549012243753924e-03
5.310801031917234023e-03
5.192203472496625428e-03
5.252082664895854451e-03
5.215494247211890054e-03
0.000000000000000000e+00
-2.075294994986735814e-05
0.000000000000000000e+00
-1.809762708687553259e-05
-1.985716909884249935e-05
-2.850425099623958379e-05
-2.501709383001739256e-05
-2.199903826403887340e-05
-1.097408172101877170e-05
-9.597625393404709290e-06
-1.558294954604643039e-05
-2.617850153202952778e-06
2.418203597410559212e-06
-3.487275396981179412e-06
2.748913359373399994e-05
1.951285841206232754e-05
3.456616280490965037e-05
8.913113567450838231e-05
1.034693965479591506e-04
7.723939381850661095e-05
4.450453433990098626e-05
1.163382931258461969e-04
1.745742472458086648e-04
1.962815743088229103e-04
1.607475205112750705e-04
2.930760731167088382e-04
2.111157750483097116e-04
3.564950984087311638e-04
5.140815376883765700e-04
5.470215826795718755e-04
4.944481589739546396e-04
4.124125269487430171e-04
3.935103710021313787e-04
4.434073696874678587e-04
6.241935416044893303e-04
6.561305596084316370e-04
6.022812222978667215e-04
7.425419373293074780e-04
7.722966275522980028e-04
7.153739251371184389e-04
1.159430893794434654e-03
1.033361677406222480e-03
8.037817191527585510e-04
9.197575613951405491e-04
1.276518157499167061e-03
1.319156111765270581e-03
1.251243373154142108e-03
1.481682568662692030e-03
1.344141035239762149e-03
1.627514966528750742e-03
1.973579844678243194e-03
1.950643250843485691e-03
2.019756347638522291e-03
1.835340116093914838e-03
1.881406544622675264e-03
1.828793984528380044e-03
1.769673259067211946e-03
2.042526912575333246e-03
2.484546637934850147e-03
2.352821580681636188e-03
2.221104049428714814e-03
2.615838064824376440e-03
2.026522914762676417e-03
2.069330001637895849e-03
2.090794370119772490e-03
2.810401848813818410e-03
2.789306177714858531e-03
2.745805264824915937e-03
2.852604687526539076e-03
2.963303702315878228e-03
3.147240681126456819e-03
3.089566153728175342e-03
3.149592448132753231e-03
3.198395397446530692e-03
6.988945947513143346e-03
7.093050365513816312e-03
7.007695794948276893e-03
6.901958427855015878e-03
6.722725432211594347e-03
6.592288610202728591e-03
6.415461370063413847e-03
6.484805063501064386e-03
6.391502252689840700e-03
6.158042542519096343e-03
6.236547442152465953e-03
6.263204409128545792e-03
5.880395564857309430e-03
5.978480549431423527e-03
5.957990499587876090e-03
5.918273110614232987e-03
6.017433927250699817e-03
5.997270396027590787e-03
5.863313469913142457e-03
5.949502449027073946e-03
5.945814409228663763e-03
5.862300274277657854e-03
5.937266979518190588e-03
5.945295869334167767e-03
6.136970536139869752e-03
5.929562397327834029e-03
5.762087221020550758e-03
5.506483907115848099e-03
5.591871323187689279e-03
5.576119866331026922e-03
5.464510644698038558e-03
5.444908086030758078e-03
5.491508961024549849e-03
5.429165208350155390e-03
5.413504332367115139e-03
5.400604567265237209e-03
5.389954540156177351e-03
5.373602252621008206e-03
5.350204332397544282e-03
5.326081094429878718e-03
5.303230201438613976e-03
5.283662715280097906e-03
5.258071698041909443e-03
5.216670863787486491e-03
5.123835303059284460e-03
5.158118084943010689e-03
5.181176260942214895e-03
0.000000000000000000e+00
-1.554880410453615805e-05
0.000000000000000000e+00
-1.236611010905402905e-05
-1.533988716037830216e-05
-6.781588398369386044e-06
5.480424866325268558e-06
8.363241651198196635e-06
1.438920306997259820e-06
1.446399435594932730e-05
4.373791947558381804e-05
5.442053405749229164e-05
6.455869508807966502e-05
3.561069785296691403e-05
1.110381342108226479e-04
1.001242991584556496e-04
1.288095261843493400e-04
1.412183749488958812e-04
2.828397991135700820e-04
3.103487959453346025e-04
2.668052779274984027e-04
2.016639357172503842e-04
2.259847506743475627e-04
1.881501035259612879e-04
3.273571072282923430e-04
5.680447472582942758e-04
4.620932019580187310e-04
3.153484701073194633e-04
3.625457665542377076e-04
3.448142343364583688e-04
6.823323856753306599e-04
1.142365691133687827e-03
1.118359337554399122e-03
1.184026590030298406e-03
1.010615848353174249e-03
9.922542881547946527e-04
1.052280508339521574e-03
7.795260969979086237e-04
8.230136584275620816e-04
7.611227300795889422e-04
8.847498105449694630e-04
8.760738509743129336e-04
9.289521759370697419e-04
1.208741062295888655e-03
1.462054494237107144e-03
1.437576209880376404e-03
1.506686869542001473e-03
1.324331302197433950e-03
1.368587449697735315e-03
1.300449111606998562e-03
1.598106825399362970e-03
1.651297007160874028e-03
1.574840761125556989e-03
1.904027573498938636e-03
1.731368820045559942e-03
1.718201006323240689e-03
1.783143389736686337e-03
2.000034938996401394e-03
2.462031503890941501e-03
2.440608799439979420e-03
2.506228360590615194e-03
2.329559483364847857e-03
2.374290330702127395e-03
2.308369763399889529e-03
2.196651467378707336e-03
2.241824876189840200e-03
2.176227063656463109e-03
2.593535143957687028e-03
2.637557126417515788e-03
2.572058513080858946e-03
2.064682167841489814e-03
2.110139867793562728e-03
2.045630302160938302e-03
2.723697286974450463e-03
2.767008934579092989e-03
2.702715426215871689e-03
2.933124576514669398e-03
2.914036418939656894e-03
2.871565743543417343e-03
2.982615636510987239e-03
3.050765567439250522e-03
3.041558284846552791e-03
3.098938919385113479e-03
3.248871586600571033e-03
3.249336861262346401e-03
3.197934415207271709e-03
6.778111035089285502e-03
6.883963190762363259e-03
6.796026011022850317e-03
6.604514768095115854e-03
6.617452249166321486e-03
6.709648947431320377e-03
6.523496355309445216e-03
6.210057151985515916e-03
6.313240915857179503e-03
6.288913381542324786e-03
6.184097032706105564e-03
5.899325649524038255e-03
5.871833174785487212e-03
5.957467073594571554e-03
6.036844380680224734e-03
5.937869247791434206e-03
5.862791139106602115e-03
5.854573191463892552e-03
6.058161821201245301e-03
5.707990733571033370e-03
5.692430651045912553e-03
5.777595368996033334e-03
5.540057872362081151e-03
5.608649250610396424e-03
5.523235854518651622e-03
5.307663892067673861e-03
5.392265482474714079e-03
5.380261142779522478e-03
5.290073444578827049e-03
5.371388199716030550e-03
5.363927231826583208e-03
5.333184350512925470e-03
5.419990073149776565e-03
5.405072270482241988e-03
5.277378273896097746e-03
5.357476607215099287e-03
5.349371979500976322e-03
5.242273147607497824e-03
5.324377558410711697e-03
5.331729347901531697e-03
5.284342698994258340e-03
5.339879731548474208e-03
5.345231302810945356e-03
5.265495014443690412e-03
5.330388144192866121e-03
5.325266454550030802e-03
5.247746056902035348e-03
5.305254169275044202e-03
5.316296367235832758e-03
5.226380514941836655e-03
5.282302825176572909e-03
5.294474191585117964e-03
5.206804871607317343e-03
5.272410191552701596e-03
5.260650938238278264e-03
5.187382101607742116e-03
5.250833236451092102e-03
5.239937564508594450e-03
5.167340650800134570e-03
5.229810400865318037e-03
5.221336284250858994e-03
5.148694412406361332e-03
5.211910557722844624e-03
5.194974219162170823e-03
5.135633548692330845e-03
5.164019942156826241e-03
5.188354228168439060e-03
5.069336321885224012e-03
5.096759673447934756e-03
5.130837294289102707e-03
0.000000000000000000e+00
-1.008816147429805654e-05
0.000000000000000000e+00
-7.759025508352408428e-06
0.000000000000000000e+00
-3.497561730186272778e-06
-5.594625572346133861e-06
0.000000000000000000e+00
6.729844222039194582e-07
-1.379567816875530130e-06
1.385154980837467032e-05
2.059241763107208810e-05
9.662526245878017033e-06
5.990841140984440706e-05
7.442521580707395917e-05
5.182527539684880503e-05
2.683983388473920202e-05
8.375923350464439441e-05
1.333362037447459133e-04
1.539010091187026895e-04
1.222062939338590523e-04
2.407851677686451196e-04
1.660348509810959366e-04
2.991105720266915317e-04
5.528755931444678763e-04
5.883598322769027734e-04
5.335060171328086243e-04
4.391484104087804642e-04
4.763883274713007882e-04
4.259099292593141687e-04
3.565284457569078383e-04
3.357207413388681866e-04
3.842522195901261050e-04
6.656501112350351242e-04
7.039158946107758113e-04
6.449470493931826762e-04
1.075715352415720178e-03
9.468654343202839154e-04
7.216927331710805025e-04
8.314773855780248661e-04
1.189742192787183930e-03
1.233018464931539236e-03
1.166076824400528143e-03
1.529534689251149573e-03
1.392569872748842565e-03
1.256367548603677447e-03
1.664259635347067889e-03
1.879215762015966872e-03
1.857277302133196559e-03
1.926274592313452147e-03
1.804758957417170124e-03
1.952393930225519193e-03
2.527514851175531336e-03
2.395502508007626725e-03
2.262786751708852854e-03
2.130326167465605713e-03
2.658371062324478128e-03
1.928198715088246754e-03
1.996045562427270232e-03
1.977249311897982201e-03
2.851157390648296694e-03
2.830813010631757359e-03
2.787207060420528702e-03
2.892114973869855735e-03
2.991772631182793712e-03
3.153288650251764511e-03
3.150330402694674278e-03
3.101901606251967689e-03
3.201016918948818620e-03
6.691792975053589311e-03
6.424672807093120830e-03
6.527871604717663291e-03
6.515047065337017419e-03
6.420079869905177816e-03
6.244837954979392917e-03
6.330358183788290481e-03
6.227478412539339328e-03
5.999346196475643933e-03
6.105175602204152875e-03
6.078870959355204759e-03
5.720598736427161789e-03
5.819777499223108101e-03
5.800692449021017071e-03
5.688429378347932899e-03
5.776120863010388885e-03
5.784706303158524028e-03
5.756841253110549401e-03
5.857531977973323006e-03
5.837750844484271631e-03
5.729960599284465023e-03
5.796275532606825001e-03
5.796767766606441934e-03
5.785317581374925522e-03
5.978417266877172030e-03
5.624204467705373398e-03
5.360892402925833237e-03
5.450659346733901199e-03
5.433869387222601231e-03
5.298834791837316732e-03
5.320383902261812716e-03
5.283699375328195814e-03
5.346994260430243222e-03
5.259787046308227361e-03
5.263350542119118666e-03
5.274909002599578040e-03
5.256615359958036540e-03
5.237062017467093537e-03
5.216602373449539393e-03
5.197116637546470366e-03
5.177402936058886004e-03
5.158077608195474513e-03
5.142230376867196542e-03
5.102525459808293987e-03
5.008342118399181780e-03
5.038919355853244651e-03
5.066109188035571552e-03
0.000000000000000000e+00
0.000000000000000000e+00
0.000000000000000000e+00
2.752404770728119098e-06
0.000000000000000000e+00
4.904798692436230385e-06
2.257584101627627720e-05
3.940638498076584856e-05
3.314962136924070571e-05
1.819365897457660372e-05
7.602095961582750882e-05
9.351138496623246862e-05
6.795787933320388062e-05
1.030662005267805431e-04
2.289368314363079363e-04
2.153221108551430949e-04
2.557405578079250275e-04
1.571739885430498346e-04
1.451862539315703260e-04
1.793871474139601167e-04
2.707289587433520973e-04
6.082158782741495370e-04
4.947132446684811453e-04
3.969366018070880726e-04
2.753806327081695306e-04
3.151056624688401871e-04
2.955709866638062035e-04
1.055726278711609234e-03
1.033199332631205402e-03
1.098879914807702335e-03
9.191640948098372651e-04
9.646320569018544200e-04
9.020547524474804152e-04
7.057865405649330071e-04
7.425543163665749517e-04
6.857640052472083235e-04
8.293943968288364004e-04
8.570615431700549401e-04
8.044509547459264805e-04
1.121973016404134412e-03
1.511858986824195098e-03
1.486976088621528398e-03
1.554925076420106975e-03
1.372668068364071197e-03
1.348521144608184029e-03
1.417281644478291750e-03
1.236045340812315287e-03
1.212923010663429424e-03
1.280105797583476175e-03
1.647056008029519148e-03
1.689146965074765638e-03
1.622610514406840065e-03
1.785270243439324731e-03
1.832126729689052781e-03
1.758320432884438863e-03
1.903708789839852859e-03
2.507313088808763458e-03
2.484694548082579287e-03
2.550384439769825748e-03
2.372140969655581969e-03
2.350875455004481241e-03
2.417036098918945962e-03
2.236791556459560848e-03
2.216754216126050250e-03
2.283116617481163388e-03
2.104237707828238851e-03
2.150382414602552104e-03
2.084495505495546474e-03
2.636864685484612263e-03
2.680241489479859730e-03
2.615226507379319124e-03
1.970209097596435383e-03
2.017365191462740324e-03
1.949225451501687776e-03
2.766946040536570790e-03
2.809019114323558705e-03
2.745349726854122256e-03
2.965417541890214698e-03
2.908119955702081951e-03
2.949311895655638231e-03
3.008050420768375397e-03
3.066021164354922838e-03
3.058449798948282942e-03
3.109601909737492835e-03
3.254676369391842818e-03
3.251847419177350800e-03
3.203854529002632835e-03
6.563826552173101549e-03
6.671396280701740941e-03
6.584154109948333472e-03
6.394415523364242217e-03
6.499854816205269392e-03
6.409529105915791510e-03
6.335151138625802480e-03
6.042469635385172393e-03
6.144111092299124784e-03
6.126455926763879449e-03
6.020931630034778020e-03
5.738697236111644194e-03
5.704474321548784303e-03
5.709188242288763294e-03
5.794222544188416466e-03
5.775516120554472291e-03
5.876035006849774159e-03
5.718959367506709114e-03
5.897206357374820164e-03
5.570892058454082751e-03
5.639595432344854213e-03
5.555424006437952381e-03
5.384033745032583244e-03
5.372415094519187792e-03
5.462248686875574057e-03
5.138697541395333308e-03
5.223297624211313724e-03
5.214588512709714130e-03
5.172642983444037008e-03
5.240313661028358702e-03
5.253023871891955229e-03
5.116027294168086145e-03
5.203171414935458747e-03
5.196938945281934230e-03
5.186002178553629667e-03
5.259778017036930570e-03
5.273598578000202389e-03
5.070145133296856919e-03
5.173933310506120299e-03
5.156485910800396623e-03
5.148573554208891491e-03
5.195383492953174406e-03
5.216545941938967312e-03
5.207191046518476474e-03
5.133393282153376168e-03
5.199495100323235121e-03
5.190713342172629217e-03
5.112186353710719902e-03
5.180016169355584205e-03
5.169430523954922016e-03
5.093481476067564240e-03
5.150297275320479817e-03
5.159978388455706798e-03
5.077937193726838640e-03
5.132815084213241189e-03
5.142417000180423206e-03
5.062941518496671435e-03
5.115294921877678626e-03
5.125206863074773314e-03
5.041451664062491372e-03
5.104446809829542298e-03
5.095227565774096759e-03
5.015750372226839005e-03
5.082282351981382874e-03
5.075831646499205999e-03
5.042744021854635335e-03
4.944154714351620475e-03
5.006818758110861099e-03
4.976469980051783509e-03
0.000000000000000000e+00
6.957392139591442498e-06
0.000000000000000000e+00
3.071911644095132459e-05
4.537555570321580246e-05
2.667565752430888995e-05
9.261974428212511667e-06
5.161770449910249857e-05
9.320066513086974931e-05
1.133204796304566273e-04
8.457099935787755051e-05
1.917070721758697995e-04
1.237077751994790440e-04
2.518440144463595103e-04
5.904972752276997291e-04
6.279387065544694228e-04
5.717240556431603437e-04
4.962825301702362881e-04
4.674316165775585182e-04
5.245491650071164996e-04
3.498104924381552892e-04
3.936602070630757194e-04
3.533639786992847937e-04
3.116620633542552580e-04
9.865306391698058439e-04
8.738254566566698925e-04
6.471379781903611713e-04
7.666205483895964035e-04
1.106317355751011873e-03
1.147942210653281163e-03
1.081038540382114150e-03
1.441658107256044716e-03
1.578941146460204146e-03
1.303704643768057890e-03
1.170511620580070352e-03
1.715673119286715079e-03
1.856258014123363456e-03
2.439432402485449108e-03
2.571837228107555409e-03
2.304147680197897886e-03
2.170182533286661459e-03
2.036852718285991470e-03
2.701668644079190541e-03
1.834615815193799560e-03
1.881318844801066871e-03
1.902000846931305514e-03
2.894627147254562587e-03
2.830572135590903038e-03
2.872925472308154090e-03
2.930023891140533243e-03
3.015594925331474552e-03
3.166389663187883872e-03
3.159896826930818671e-03
3.116085287288214694e-03
3.210474570710436428e-03
6.479559350325895216e-03
6.252742861135697841e-03
6.338943742255116406e-03
6.323864042047926126e-03
6.248793573154775259e-03
6.082121045011150418e-03
6.062326105204394501e-03
6.163646244388803520e-03
5.832680067463896258e-03
5.938043030837987166e-03
5.916205049272676118e-03
5.555196729147148134e-03
5.656370043315713837e-03
5.638103356944954708e-03
5.526427347759140483e-03
5.623815594719443721e-03
5.607628057695547043e-03
5.629712193122994417e-03
5.650620776868856866e-03
5.597328324150192304e-03
5.677267943636841140e-03
5.696137334834121789e-03
5.813446438547805600e-03
5.477667277315322047e-03
5.202407196729728900e-03
5.281860102204079602e-03
5.293405318696231023e-03
5.127321947992305971e-03
5.155622058981432047e-03
5.179276731473335914e-03
5.093033847429238176e-03
5.194149085865339480e-03
5.076436321875541120e-03
5.159477775137627682e-03
5.073286648463528302e-03
5.112583153169980577e-03
5.140971585078899647e-03
5.122780727589935738e-03
5.102834649413223386e-03
5.085724014057911753e-03
5.070470619600572770e-03
5.052243281059947549e-03
5.028671628447738476e-03
4.980012794843328983e-03
4.892547189595680864e-03
4.918419575424906771e-03
4.950442126008399238e-03
0.000000000000000000e+00
1.337724165240725292e-05
1.130388078128014847e-05
0.000000000000000000e+00
3.915452958481649556e-05
5.770075191676366156e-05
3.492915494300405539e-05
6.444939820039334620e-05
1.881084770646115109e-04
2.087584711261668833e-04
1.725028575394776562e-04
1.125367708157079554e-04
1.027603812226089534e-04
1.350109893783125092e-04
2.302042267375858670e-04
5.425762556289828427e-04
3.933839330790356650e-04
4.439489620811436460e-04
4.166965545563334540e-04
3.714226851120720502e-04
2.920484644595707857e-04
3.208474580185298138e-04
2.839743071446580573e-04
9.738425345918926088e-04
1.014655624019198017e-03
9.464762294979065958e-04
8.682219097648663812e-04
8.937318701599240812e-04
8.488794680473737281e-04
6.267388273425411041e-04
6.661507018502791852e-04
6.086653820059868348e-04
7.454617100337687565e-04
7.873022854012251461e-04
7.256703588740275913e-04
1.039271966183271225e-03
1.424525734449885511e-03
1.398593635152699157e-03
1.468135783195326921e-03
1.559979870851716660e-03
1.535940960086195836e-03
1.603469618760861503e-03
1.282719733168437510e-03
1.327631247076098637e-03
1.259402881822550488e-03
1.151726335012649184e-03
1.129053970706345687e-03
1.193835006715999146e-03
1.698437984604464273e-03
1.741804410516847304e-03
1.672758147488070685e-03
1.809949438811290189e-03
2.417551453697187446e-03
2.394861932672825988e-03
2.462385087616364779e-03
2.553460799724998048e-03
2.530402948611813838e-03
2.595130714720251478e-03
2.284190709929322972e-03
2.260499121533452588e-03
2.328121687032118966e-03
2.147298778595554090e-03
2.125788356863811054e-03
2.191995799939333491e-03
2.014477779229300203e-03
2.059305186907470827e-03
1.992366730231398542e-03
2.680120985787853502e-03
2.658515794423318979e-03
2.723495394290240037e-03
1.882850876595734951e-03
1.858753616772235162e-03
1.926501551524091973e-03
2.808811768027815424e-03
2.851680289147302989e-03
2.787906226961758566e-03
2.990378488941423940e-03
2.942392388073485944e-03
2.977924751405326264e-03
3.028156351160285475e-03
3.070793542162036233e-03
3.118516834374510452e-03
3.068465312375186303e-03
3.267163142844556074e-03
3.260972139158149850e-03
3.216652197503389043e-03
6.346128381888722393e-03
6.455401591626368923e-03
6.370250542128652778e-03
6.153781409205760951e-03
6.274624688334970099e-03
6.203279569273905704e-03
6.167748502198646190e-03
5.873122482090562500e-03
5.957990446949879698e-03
5.978114245863411745e-03
5.852911727862975325e-03
5.540768385089020302e-03
5.576231093260038650e-03
5.517179678260420578e-03
5.603035052799838420e-03
5.521770629177146644e-03
5.544036450935607881e-03
5.636534857411953404e-03
5.715551276432716266e-03
5.616907518131425761e-03
5.734994083506425068e-03
5.400286226107535274e-03
5.392115651477890140e-03
5.485818340479567227e-03
5.217781902795743006e-03
5.210032587726691825e-03
5.301131254806341550e-03
4.973960412557733128e-03
5.056421732218797926e-03
5.045170421408851254e-03
5.009753502293149384e-03
5.091291748763687730e-03
5.074369296592075133e-03
5.059026933748402705e-03
5.115947612054028149e-03
5.122560551332293148e-03
4.938764844609533355e-03
5.027511296590934237e-03
5.004624144783297382e-03
5.061802804904210785e-03
5.124032618586476032e-03
5.132172173291072413e-03
4.915918099231580442e-03
4.993037004376429423e-03
4.996338161458272441e-03
5.003912631400811092e-03
5.076383268534997474e-03
5.040160923960285144e-03
5.008741011971252696e-03
5.078689616665957828e-03
5.071215558758594526e-03
4.994536461479433601e-03
5.064015416195186657e-03
5.053507784393921828e-03
4.976342883077751467e-03
5.035063378102761118e-03
5.044314260797564363e-03
4.962224019257424970e-03
5.027899328661301903e-03
5.020236745945145032e-03
4.946118655293753504e-03
5.012080771705871435e-03
5.004701571821602510e-03
4.937969247700379691e-03
4.989875118234051408e-03
5.000509023938719266e-03
4.911288471097199210e-03
4.976447090547077810e-03
4.963746311677639210e-03
4.856181982374808449e-03
4.900392512044773712e-03
4.936088821967817529e-03
4.819294891548861655e-03
4.856161025831301839e-03
4.881791836136453386e-03
0.000000000000000000e+00
1.536068699803973326e-05
0.000000000000000000e+00
1.764336254824292610e-05
5.064290421617363003e-05
7.203614010600087000e-05
4.476921879976627344e-05
1.486401499421916516e-04
7.994814484944125319e-05
2.065302675377434134e-04
2.408593664013678295e-04
1.974159081014517484e-04
5.128691824389739742e-04
5.515147772425603705e-04
5.047523624572911993e-04
4.515264526132814894e-04
3.413075770812400026e-04
2.479430453419867648e-04
9.204464212194951589e-04
8.059494256154304094e-04
6.851201611680991571e-04
5.687084208168359306e-04
1.025206525180856997e-03
1.065688766299508622e-03
9.995342979630160787e-04
1.491705039685716373e-03
1.352963207476857088e-03
1.628693041731824878e-03
1.216583620400890631e-03
1.087778052687016174e-03
1.766076974644684074e-03
2.485219257527286705e-03
2.350572761949791447e-03
2.616558958297683993e-03
2.215405795882768696e-03
2.080539916946172810e-03
1.948295738892925205e-03
2.744242640806309527e-03
1.746288471063082775e-03
1.814136322048283487e-03
1.790428902034759545e-03
2.954703787095588289e-03
2.924652871755897311e-03
2.881491011723207821e-03
2.972589363652388024e-03
3.030513654320313079e-03
3.178906534499389199e-03
3.172705781407320850e-03
3.124714752961001499e-03
3.222964079024696546e-03
6.250489902607331456e-03
6.118061565189093602e-03
5.914468672313737650e-03
5.893823295653848916e-03
5.998487677778294690e-03
5.651590524358632642e-03
5.762867287272042602e-03
5.742356431762793596e-03
5.351570122410105428e-03
5.453706957824332006e-03
5.439237223217818773e-03
5.392982514933317498e-03
5.495515950038823080e-03
5.474275440882236769e-03
5.321284059583672107e-03
5.424142039210860973e-03
5.419537969336436084e-03
5.458803381159974162e-03
5.481097523058283197e-03
5.539300525807464015e-03
5.559045577477665818e-03
5.644018440167639962e-03
5.309244087925830101e-03
5.021742324712938875e-03
5.119952895321997627e-03
5.112337024921379848e-03
4.956316006819659961e-03
4.991805993038540487e-03
5.034329869520413718e-03
5.060367688783935780e-03
4.890039613880212827e-03
4.980263441892146536e-03
4.914370616799073124e-03
5.041747704245940279e-03
4.902990466176660941e-03
4.960010092191317020e-03
5.006327234759065138e-03
5.001628357035922678e-03
4.985433001578136979e-03
4.969289467450410842e-03
4.954187582095039358e-03
4.942081278872446047e-03
4.924657310182344906e-03
4.883772596031760171e-03
4.837789828843594778e-03
4.776880874178313779e-03
4.798135074587098030e-03
4.834728937923363050e-03
0.000000000000000000e+00
1.960397634434753465e-05
0.000000000000000000e+00
2.333863319045343448e-05
1.291778182789184875e-04
1.585759826162531948e-04
1.208479135365483323e-04
5.863628409167242014e-05
5.464632677982303438e-05
8.563013548992748304e-05
1.663811000991001563e-04
4.165910609641622765e-04
4.641250775982616030e-04
4.051201319262050108e-04
3.157011256849252953e-04
3.543823212001964143e-04
3.039446366083100692e-04
2.246722523248943294e-04
2.582689068033315084e-04
2.156792756679828320e-04
9.056016764507445046e-04
9.397301771444339447e-04
8.869986742732610934e-04
7.844367510457731082e-04
8.262501172310883881e-04
7.649967013809282632e-04
6.627239608685968645e-04
7.040005488943716682e-04
6.447750864007325894e-04
5.475814708984617181e-04
5.870722170037866909e-04
5.302675506435281265e-04
9.647027144497293113e-04
1.476974272801712682e-03
1.518474084351006774e-03
1.450757173976209742e-03
1.335571621552101044e-03
1.309143903394927250e-03
1.380045334734357953e-03
1.610954897998585810e-03
1.585472438524479413e-03
1.654663316918312567e-03
1.196087133031655545e-03
1.173938845192380081e-03
1.239387004608272528e-03
1.072862235970127717e-03
1.112278245798258665e-03
1.049052371228386109e-03
1.722380127748249614e-03
2.472299816828106740e-03
2.512856459510381078e-03
2.444919348371133849e-03
2.333382631364666442e-03
2.375432671756012165e-03
2.308786225225469956e-03
2.595642460127937489e-03
2.637849307605216308e-03
2.574570546542939362e-03
2.197457255732005333e-03
2.172368648447210032e-03
2.240779799364095784e-03
2.067314106752380157e-03
2.040879564856397550e-03
2.107277433702242370e-03
1.938576615125547518e-03
1.976533776663036337e-03
1.910694977942652096e-03
2.723547746196997629e-03
2.701852400755599959e-03
2.766144347294876345e-03
1.796229074169128836e-03
1.839545604862959571e-03
1.771273063961263010e-03
2.851974454209789313e-03
2.903279882110075018e-03
2.830413120267481677e-03
3.012616112579260229e-03
3.084365551822734145e-03
3.077631336799518773e-03
3.131560196101502904e-03
3.286283030672552258e-03
3.276772840178594944e-03
3.232464755719774083e-03
6.125018999731204374e-03
6.235997791668473032e-03
6.139378962284836906e-03
6.034798453900162320e-03
5.690996916469973944e-03
5.803278121307113915e-03
5.782282274007705114e-03
5.671294923459425583e-03
5.372204875072461756e-03
5.336344803280194775e-03
5.437071827730522930e-03
5.360814821037268758e-03
5.424003194242673319e-03
5.530619579926851839e-03
5.452502903032143550e-03
5.538313397079001194e-03
5.269487651752377544e-03
5.089605426189035969e-03
5.153817692980524300e-03
5.055543482982128266e-03
4.810357299171722466e-03
4.892225770404485911e-03
4.874697393730697235e-03
4.841100152520712296e-03
4.907671934200464985e-03
4.925502264987753100e-03
4.869690947081491660e-03
4.964471172299081934e-03
4.939877064952442366e-03
4.913196577528340138e-03
4.987552389977611099e-03
4.986277333010822807e-03
4.774954302830649970e-03
4.856922603570828362e-03
4.832591563799806117e-03
4.916199905846563994e-03
4.968942021723171502e-03
4.989158184546947650e-03
4.751886436322284163e-03
4.820992425897104548e-03
4.834080513751263034e-03
4.883323783334469516e-03
4.899587870919918167e-03
4.943670039467793452e-03
4.946177064428464686e-03
4.869684924865940769e-03
4.932257648010726463e-03
4.939262203093744766e-03
4.857393956460595401e-03
4.917010125718847095e-03
4.926009714606439417e-03
4.842189734332925412e-03
4.902357317418976936e-03
4.909310706290909501e-03
4.827406429192851629e-03
4.894864797704413448e-03
4.886916712857671159e-03
4.803382313747908867e-03
4.874811450357977201e-03
4.870865530440182493e-03
4.832151868644484274e-03
4.871839907699094911e-03
4.885106617366704804e-03
4.778440159023492409e-03
4.844957573180500021e-03
4.817492598524193356e-03
4.738997959787101359e-03
4.797656381661913848e-03
4.779354576706667211e-03
4.704406189547895994e-03
4.761892641006930903e-03
4.740860849225799444e-03
0.000000000000000000e+00
2.540009894472900452e-05
0.000000000000000000e+00
9.221608479025454239e-05
2.755085445627501032e-05
1.278570764873747216e-04
1.670114599815516587e-04
1.288687698284614216e-04
3.648932540329820188e-04
4.803393551637001905e-04
2.688677446973221450e-04
1.744147199327059398e-04
8.442006193945219205e-04
7.226288021977936597e-04
6.041445386871899421e-04
9.467135471176717654e-04
9.859396417322072170e-04
9.262098462371746218e-04
1.543463288463072132e-03
1.405656008950751084e-03
1.265148349208174107e-03
1.678152525067764253e-03
1.133864212126356897e-03
1.009060942906208399e-03
2.533744397823969180e-03
2.402530327945517474e-03
2.265097512894715184e-03
2.659367730462761613e-03
2.132067144015082055e-03
2.002616550527845998e-03
1.866968690191767770e-03
2.787546958321119629e-03
1.658633609513915971e-03
1.726967182281552524e-03
1.702449413286280825e-03
2.985339634423215833e-03
2.918440532737057169e-03
2.970071766851151932e-03
3.019336670093347198e-03
3.201707771763842320e-03
3.142882853676777326e-03
3.190354283610094023e-03
3.243941293421647408e-03
5.923531276371712950e-03
6.024814253002626525e-03
6.039083614922028005e-03
5.918999578174137348e-03
5.756803204207153364e-03
5.723968407627018362e-03
5.835814503126908123e-03
5.462792973272884330e-03
5.577430565709721663e-03
5.557427439178863615e-03
5.187684415196209577e-03
5.290648959960477654e-03
5.269833458140980691e-03
5.145621173122830704e-03
5.248894304871048154e-03
5.233691537136761669e-03
5.308887415473207035e-03
5.395250232185260474e-03
5.350927055583080787e-03
5.366524047937261052e-03
5.443346232471200224e-03
5.205802629756854996e-03
4.861907437581029084e-03
4.942035532605501373e-03
4.976025298381303412e-03
4.792607015937478711e-03
4.825680013224832414e-03
4.855341920192694609e-03
4.891376173412964774e-03
4.914653765960591558e-03
4.763394691088647034e-03
4.805440735777428800e-03
4.913850469712995050e-03
4.860922791827030319e-03
4.769144701262504130e-03
4.760520411728814093e-03
4.842578671375451921e-03
4.826350490951761101e-03
4.876488701436876468e-03
4.863530955480609153e-03
4.849789149551491166e-03
4.834805790114264992e-03
4.815408261403118090e-03
4.817819641479297726e-03
4.805302580025720173e-03
4.758747600622429200e-03
4.721740940602493775e-03
4.661971720567376597e-03
4.683185923544064440e-03
4.719409335210033273e-03
7.272313011369500695e-05
1.008381677325447716e-04
6.551628819690725764e-05
0.000000000000000000e+00
2.957236979018126153e-05
0.000000000000000000e+00
9.918930050287261453e-05
3.369921978426190659e-04
3.767006102885346553e-04
3.264404754761098719e-04
4.448749497582634598e-04
4.308266459445350954e-04
4.957025807518810386e-04
2.415070956611333559e-04
2.785234215426183333e-04
2.331735844945633841e-04
1.564461060087557552e-04
1.418474438230258694e-04
1.905078662696402464e-04
8.223468288445829775e-04
8.639206918102055937e-04
8.034420971092062248e-04
6.977710221699180530e-04
7.410285226957657057e-04
6.802948354994425417e-04
5.819735147533190234e-04
5.647948065996491332e-04
6.222942748043199402e-04
8.837216123030586972e-04
1.542697428133740474e-03
1.509742957092802479e-03
1.576838183294225395e-03
1.412734619817196391e-03
1.445003657943639067e-03
1.374040699533656028e-03
1.257138125642657178e-03
1.296407394499627698e-03
1.226555685956305696e-03
1.634808729095900155e-03
1.123023669977837652e-03
1.159605077533704684e-03
1.097940447450902225e-03
9.914673588575636728e-04
1.032151819328692164e-03
9.691031930577969841e-04
2.511313113701629102e-03
2.553448579483332675e-03
2.491823576357407328e-03
2.382645312474472154e-03
2.427425867047482404e-03
2.358009854656426246e-03
2.247508759545820828e-03
2.290405162069390158e-03
2.222472008783219887e-03
2.639534759569340389e-03
2.617598511128327657e-03
2.681509958971108141e-03
2.115029065715414054e-03
2.156215767251113292e-03
2.091163380929658526e-03
2.002022238287203340e-03
1.970228422218807309e-03
2.034669266252989075e-03
1.873317188055720946e-03
1.906048438571358731e-03
1.834680860953659051e-03
2.767685910997108242e-03
2.745628305526144706e-03
2.809796710001350069e-03
1.705346083431472396e-03
1.682004400725081554e-03
1.750776648362425926e-03
2.894580900599327215e-03
2.939912055687914604e-03
2.873294375148080764e-03
3.034774040317905763e-03
3.117186447094247130e-03
3.100815491331338283e-03
3.159393325517481817e-03
3.312132903109174867e-03
3.299245405333634407e-03
3.256786149765058657e-03
5.900468624952766479e-03
6.013173505520360076e-03
5.911983209591688618e-03
5.840513299775085265e-03
5.522079130663006506e-03
5.639982534003301629e-03
5.606686693149978001e-03
5.492457210910825331e-03
5.166581358595288831e-03
5.223569334253256105e-03
5.205582872018479391e-03
5.308508343040862186e-03
5.117528609086472759e-03
5.266254058027815786e-03
5.169936107919668837e-03
5.297554981779526058e-03
5.239514064816918996e-03
5.220709762352410827e-03
5.342330445068222029e-03
5.322620846729726393e-03
4.932426631272470233e-03
5.011212112164948468e-03
4.897048160819700638e-03
4.833576954582230988e-03
4.641844055511991710e-03
4.726162765023692730e-03
4.708540329623772495e-03
4.674058514343096792e-03
4.742349488953313472e-03
4.757637431708604953e-03
4.704396412483628429e-03
4.787100486498655459e-03
4.772890651081287093e-03
4.732936399202082069e-03
4.823149231900798577e-03
4.801458541516063529e-03
4.770827238110517468e-03
4.843574007337457694e-03
4.842169461544992663e-03
4.610371369459304557e-03
4.692717219423550405e-03
4.681262371332916075e-03
4.788045681781247231e-03
4.609082338270523160e-03
4.680478332788087954e-03
4.689236153468185481e-03
4.712386547168332177e-03
4.740728946476786311e-03
4.797945522621561119e-03
4.791244270276484411e-03
4.724195048931466127e-03
4.796985826232889535e-03
4.790949376837625416e-03
4.720634354550392979e-03
4.781548644087852545e-03
4.789051648720456592e-03
4.708909614973658640e-03
4.768295521068148350e-03
4.775588107801029270e-03
4.691056192047412567e-03
4.759276284515033713e-03
4.747355521886709173e-03
4.694644108252991194e-03
4.749031686614841284e-03
4.763530045483275327e-03
4.736702732816763621e-03
4.647740969279096253e-03
4.713163554917522771e-03
4.693552597988259745e-03
4.616660148201653067e-03
4.677869611421072056e-03
4.660727221602323223e-03
4.585148355587072636e-03
4.623757309139514375e-03
4.644809944101559694e-03
3.478109389940324504e-05
5.003246261575828717e-05
6.170791727980004689e-05
8.801853066381307297e-05
2.879736213579425449e-04
3.896337879615029728e-04
5.117407097688795236e-04
1.976561677335433290e-04
6.852383816818886106e-05
1.112491492316814470e-04
9.867913848095660940e-05
7.591359546089676948e-04
6.389352191050998208e-04
8.612721167851138636e-04
9.039487845759106542e-04
8.418460338581907091e-04
1.600295048394359543e-03
1.477303980857245158e-03
1.334136362051765610e-03
1.189413017017277837e-03
1.056505616439080671e-03
9.255472125888316096e-04
2.575188758835288833e-03
2.446721596776264048e-03
2.314770139440894877e-03
2.180953254270608706e-03
2.703391405126121319e-03
2.058273919900288542e-03
1.937400946522639493e-03
1.788678272017171734e-03
2.830933269881709315e-03
1.557135206058055023e-03
1.607829173956177009e-03
1.630674656250627767e-03
3.027269130702156530e-03
3.006330350304401572e-03
2.960720881016772141e-03
3.051065422984451225e-03
3.232603522979339214e-03
3.217193241405474739e-03
3.174753755253837979e-03
3.272315766895679372e-03
5.709955185781886468e-03
5.817130174163990738e-03
5.805694541529803770e-03
5.733359187045916454e-03
5.616481022580492588e-03
5.262138433402005662e-03
5.392830645501374941e-03
5.362742685183259292e-03
4.984216696488762144e-03
5.086238942874293269e-03
5.065121372348659404e-03
5.042195889393179947e-03
5.133136399338432930e-03
5.115100743072498526e-03
5.039301594453643798e-03
5.104735153308871676e-03
5.207164927989774671e-03
5.164243496047490195e-03
5.195275280486365971e-03
5.137301457714670352e-03
5.241386500289154510e-03
4.732556251042832965e-03
4.832701370529687672e-03
4.797365792307405064e-03
4.673052264676770540e-03
4.739393016420297144e-03
4.767643733085955883e-03
4.626061677768212102e-03
4.657904378605207986e-03
4.689174249168113172e-03
4.718604981897781339e-03
4.751803236372809103e-03
4.609706984803229289e-03
4.625801620783751358e-03
4.698488334726321110e-03
4.715736661494034782e-03
4.660857313670700545e-03
4.718298607287252713e-03
4.722415567774381102e-03
4.714774472426721576e-03
4.699990622336763096e-03
4.692896059324346870e-03
4.671203131861222969e-03
4.632227715209319766e-03
4.600912321887166631e-03
4.548386307945137021e-03
4.566730116807263262e-03
4.605171345274544116e-03
2.337237674407195329e-05
5.901145121371640252e-05
2.577956773949527467e-04
2.973338497864255205e-04
2.497318532239109555e-04
3.575782384938742779e-04
4.010772601910348508e-04
3.473754932464960836e-04
4.719458914948073194e-04
5.265119485046859411e-04
4.584828117117400515e-04
1.672612386405599599e-04
2.043491013076094822e-04
1.619356400938323629e-04
7.430127459097669840e-05
1.159956707383901663e-04
7.145466144101628148e-05
7.280220363166484089e-04
7.751035780127892927e-04
7.129760054049098491e-04
5.944803326000150075e-04
6.459010525456794450e-04
5.883878930606283812e-04
7.936729379925461974e-04
1.550044392953513249e-03
1.484281217053294013e-03
1.311401518758366358e-03
1.362012509509225944e-03
1.284249755021105426e-03
1.173332342646214591e-03
1.215259771885359883e-03
1.148161923778771116e-03
1.034211599506828670e-03
1.078597406229285819e-03
1.012862519466931500e-03
9.011687051481001099e-04
9.462836420155410107e-04
8.812439334234635014e-04
2.556634728183326041e-03
2.598072509816822754e-03
2.533982429000101663e-03
2.429431897672511102e-03
2.470360140963227639e-03
2.406044603039567478e-03
2.293486897367561297e-03
2.338037106201621557e-03
2.270502837788303339e-03
2.155733677003091129e-03
2.201582280817180378e-03
2.135388506228202369e-03
2.683112981199754343e-03
2.661336142626371908e-03
2.725378522753223610e-03
2.018044111024872977e-03
2.066467663565807553e-03
2.010083407533308931e-03
1.945218381164040078e-03
1.750147243841104283e-03
1.727766994003410985e-03
1.811619077106888789e-03
2.809745359189108789e-03
2.788725198199692480e-03
2.852128770860806392e-03
1.633699364473602950e-03
1.595277546643673449e-03
1.669547652009404758e-03
2.938090441588920784e-03
2.982630279624817228e-03
2.916346717178646113e-03
3.072170515932799023e-03
3.153108773977532624e-03
3.192810165359083983e-03
3.135174983274151891e-03
3.344647358656247134e-03
3.328415767794920457e-03
3.288497503525721587e-03
5.672414562397122550e-03
5.786880688860356232e-03
5.691161172572615189e-03
5.477402893376928129e-03
5.594149836264408933e-03
5.499687645055415831e-03
5.279905658403947349e-03
5.270986800066326632e-03
5.401452739594157781e-03
4.958220817852141207e-03
5.013141709526441545e-03
5.073423217925888788e-03
4.983931845507274042e-03
5.102841024504317299e-03
5.077185419559544777e-03
4.935509166828913781e-03
5.053192842575759784e-03
5.020336740988128738e-03
5.031225977286769152e-03
5.147218310921909158e-03
5.126221851633946773e-03
4.782011488009311855e-03
4.857399347843473734e-03
4.757170740533004510e-03
4.702673183726517603e-03
4.649309521597975656e-03
4.478691800522511916e-03
4.560302434489764065e-03
4.544660276421296288e-03
4.503981472479511028e-03
4.589065577264458268e-03
4.573047883145343537e-03
4.527667504262133762e-03
4.616098177099881537e-03
4.601022095005654136e-03
4.555794339422505890e-03
4.644441329214266979e-03
4.630265217965932358e-03
4.585400055194968280e-03
4.678217932934133731e-03
4.659344184320792295e-03
4.451942068291150911e-03
4.531172483547259502e-03
4.530680256898305183e-03
4.605499881450695297e-03
4.539372581613231386e-03
4.626001336981278196e-03
4.574177976716609952e-03
4.609226833019111277e-03
4.666804844912815151e-03
4.660782827995486877e-03
4.601436978366442096e-03
4.662825119112480945e-03
4.661149949718647323e-03
4.588418066569831602e-03
4.654550019958632323e-03
4.648785368793089713e-03
4.576145952477597006e-03
4.633720978612895607e-03
4.642556606896676950e-03
4.559394835501228566e-03
4.625254621112978408e-03
4.627199735114679441e-03
4.540877211585804887e-03
4.617819964785675399e-03
4.594454490281454744e-03
4.520231107168748257e-03
4.584011185381423568e-03
4.568597641022759809e-03
4.493118310638096781e-03
4.539288122372347328e-03
4.554905372886233761e-03
4.461911524384704758e-03
4.523533469442370114e-03
4.505317477033834311e-03
0.000000000000000000e+00
2.479425525192479430e-05
0.000000000000000000e+00
3.263897639021951164e-05
3.064532291665942178e-04
2.112342490644990094e-04
4.134512061980091433e-04
5.319950792504505536e-04
1.197182886479312622e-04
0.000000000000000000e+00
3.564556477399702101e-05
3.437834650395952635e-05
6.600782724720009398e-04
7.653157504164867899e-04
8.132394821109527197e-04
7.466842855201174861e-04
1.428118272725857011e-03
1.420576320823999745e-03
1.492264307169940832e-03
1.241700666030258167e-03
1.369314063396336089e-03
1.103006845727257232e-03
9.668873527930612992e-04
8.323020784221486995e-04
2.619655410070849486e-03
2.492793120474540592e-03
2.361160950340289704e-03
2.224276874715277932e-03
2.086526640538403140e-03
2.746228026062354395e-03
1.907043946173265581e-03
1.962433378559535254e-03
1.890244531402799927e-03
1.691577258524382338e-03
1.828038148671976134e-03
2.873722786353143186e-03
1.506913774882124310e-03
1.570015939440241436e-03
1.532298029516904192e-03
3.070734572737851813e-03
3.004220346813364639e-03
3.049014161179883740e-03
3.090018660288226370e-03
3.270524625465162649e-03
3.251588244681716429e-03
3.211679302110721692e-03
3.307546383514165488e-03
5.575414023386975407e-03
5.379120818437652975e-03
5.072853953151486989e-03
5.176845464415678888e-03
5.167753178716325349e-03
4.883352795606928955e-03
4.826207476499213243e-03
4.905410850960350601e-03
4.934519665497250247e-03
4.880895455523311458e-03
4.961749734390736265e-03
4.993204496300958015e-03
5.007511892494112549e-03
4.959644414481936651e-03
4.908123803718500953e-03
5.051999989964793027e-03
4.572116635369705834e-03
4.677286927923448266e-03
4.652547361101598208e-03
4.530868587002924962e-03
4.631881519629422843e-03
4.602129553280696374e-03
4.480314300092327721e-03
4.576806841141393620e-03
4.553235383350021093e-03
4.465271297049089143e-03
4.491294593826205064e-03
4.515772535400910601e-03
4.541668219865034606e-03
4.570517571277483287e-03
4.424965919338561329e-03
4.517076055028344805e-03
4.438419437063643828e-03
4.434013400952050744e-03
4.530007881223484766e-03
4.509894725486468178e-03
4.482268068681687263e-03
4.574359434679366350e-03
4.605325406192153220e-03
4.594923598236168825e-03
4.582286287959715619e-03
4.567779934755943766e-03
4.550152494613153402e-03
4.530573579546498010e-03
4.506679575059886408e-03
4.477489675208745114e-03
4.436771463152959505e-03
4.449275810517742263e-03
4.492543916176568522e-03
0.000000000000000000e+00
2.734230242774490977e-04
3.154589047581111646e-04
2.656871565383224715e-04
1.791502887682234080e-04
1.732602792353651411e-04
2.184659007664182856e-04
3.774022084795560904e-04
4.245143308699954863e-04
3.675759430258437508e-04
4.930936269902917203e-04
4.826330687482053151e-04
5.436122345044355764e-04
1.247341056186084657e-04
9.882296234418757078e-05
1.461714283777540120e-04
0.000000000000000000e+00
3.731275314811483511e-05
0.000000000000000000e+00
6.252600384863450655e-04
6.099214393218190802e-04
6.765058339663462730e-04
6.941257968683829920e-04
1.467348300733846943e-03
1.216680410950226471e-03
1.264030889048135212e-03
1.195019999818711402e-03
1.355529755556166525e-03
1.391867018913809295e-03
1.333485486719607031e-03
1.075521252184862258e-03
1.124391934364248708e-03
1.054883097109133618e-03
9.383595900143993631e-04
9.862564326344684228e-04
9.198010128650058658e-04
8.128314336114331878e-04
8.570060114973842083e-04
7.890014492259696862e-04
2.599718685823647433e-03
2.578189857675884135e-03
2.641418132619240220e-03
2.474062684150345713e-03
2.515346244682490316e-03
2.451754217031838681e-03
2.337996930018715423e-03
2.383692083801466390e-03
2.315748752441648770e-03
2.200605878064813576e-03
2.178173778914832635e-03
2.247018103411109035e-03
2.053950195308221986e-03
2.036020864495922695e-03
2.104788001692632811e-03
2.729458854056174451e-03
2.769588077455917459e-03
2.706280605869042146e-03
1.980052467709666510e-03
1.651631165800765888e-03
1.700838469629883465e-03
1.642750194350548788e-03
1.794597187157961210e-03
1.772381601274545734e-03
1.850742117973556110e-03
2.852760608929950925e-03
2.831255045945498244e-03
2.895389671742469757e-03
1.578668218496582891e-03
2.978157621171004764e-03
3.024391383933926290e-03
2.958130211185036693e-03
3.111877906170579852e-03
3.194318114213258886e-03
3.173725726324463318e-03
3.232377430631082262e-03
3.383846262073653827e-03
3.364259965615631377e-03
3.327057884531082945e-03
5.440753256756051745e-03
5.557036303482069776e-03
5.459050480967505420e-03
5.251225542206749974e-03
5.364740860591766906e-03
5.265525796008330497e-03
5.092658624268940268e-03
5.082733703356161377e-03
5.186564908136427447e-03
4.804011624086267432e-03
4.853466389831133376e-03
4.803637450728261496e-03
4.917917770542045916e-03
4.894024726804654078e-03
4.755966094428031726e-03
4.870389764045691440e-03
4.845989250710941790e-03
4.705865543911714327e-03
4.821085081035185634e-03
4.793628521444567511e-03
4.850665093932080528e-03
4.941183120282049979e-03
4.962263856047377693e-03
4.551360467419734816e-03
4.617482473995492172e-03
4.594681884229604232e-03
4.699966855372463698e-03
4.505449139502851891e-03
4.457037677455370078e-03
4.314575309649768681e-03
4.396650947068741350e-03
4.383395462782364513e-03
4.332556312610598426e-03
4.405761668385261426e-03
4.418291368657645615e-03
4.350762040444968760e-03
4.439248520209081346e-03
4.427533863439486565e-03
4.369906506854475715e-03
4.462910170056213523e-03
4.448968079454925471e-03
4.398994693094560732e-03
4.492272054045813243e-03
4.477586731694164005e-03
4.290822313680896921e-03
4.371386648674713445e-03
4.358009967532650714e-03
4.416401087157967829e-03
4.387640498770093746e-03
4.406266850151546212e-03
4.463518424874749618e-03
4.485432323081996187e-03
4.512358444988855827e-03
4.547348895112737072e-03
4.543541131284133637e-03
4.473530229951544653e-03
4.531077263473490095e-03
4.537497055474216945e-03
4.459845991401019914e-03
4.518099768340926720e-03
4.524144401492679289e-03
4.444856168710412461e-03
4.502231947324846807e-03
4.510515183221242529e-03
4.429415592776288040e-03
4.494416618920579060e-03
4.485255687011083063e-03
4.414811137058929566e-03
4.477849691608759737e-03
4.467636531869746686e-03
4.394821664087334746e-03
4.457527591874745586e-03
4.444092108760916253e-03
4.368093484470872249e-03
4.430605111911914418e-03
4.415131297474260592e-03
4.345097615607708928e-03
4.391066401224263775e-03
4.403496440393488837e-03
3.242222318683147370e-04
2.250589340502653414e-04
1.513278750304228586e-04
4.340290688371616122e-04
5.579071359707932828e-04
8.185703357071403815e-05
1.035224054311403770e-04
7.808370054060414101e-05
3.943481141100004466e-05
6.669599032983262836e-04
7.161778811435344635e-04
6.460803870855933361e-04
1.430551827044705248e-03
1.145363361481274971e-03
1.285466401994165685e-03
1.006152514182371768e-03
8.748341398947688443e-04
7.388243427349964294e-04
2.536664055840221876e-03
2.664381070540205142e-03
2.405743252673586598e-03
2.268982309489984105e-03
2.126882886518415179e-03
2.790928051520247949e-03
1.948455726193537357e-03
2.001149895591702605e-03
1.927767411877782033e-03
1.722614947010618711e-03
1.871013653874784976e-03
2.915282543286544167e-03
1.548617519436709319e-03
1.600130891830026016e-03
1.527882341429562295e-03
3.120519959465606341e-03
3.095625364296834305e-03
3.049130711697313218e-03
3.132372834537003759e-03
3.314885278401318545e-03
3.254467076772229669e-03
3.292714923180453494e-03
3.349322651100123966e-03
5.346461187365302362e-03
5.172255304444990653e-03
4.903422471167634585e-03
4.998414647033274684e-03
4.988322175999061574e-03
4.722097943352074161e-03
4.666910336056723924e-03
4.774212136253223014e-03
4.746763283162563039e-03
4.779694531625657689e-03
4.827074943950164336e-03
4.730799048251477408e-03
4.686282671151243903e-03
4.877003583081728280e-03
4.367816171629607287e-03
4.470133789607995574e-03
4.449565296911560386e-03
4.407629470353473765e-03
4.512766128586583741e-03
4.490097734556882519e-03
4.331265801128302527e-03
4.431193832311304884e-03
4.405979888401340312e-03
4.286119791462478582e-03
4.360252028274049993e-03
4.383309857152116809e-03
4.302656429865867917e-03
4.323532897036843833e-03
4.341613255033769520e-03
4.360275625560038927e-03
4.384368644360218427e-03
4.266903711775685976e-03
4.278832032144607063e-03
4.345929608396676899e-03
4.245723373539945361e-03
4.339925430255604268e-03
4.322548308890747891e-03
4.327366620107043864e-03
4.436616602919549353e-03
4.479474310177526675e-03
4.466686671014072525e-03
4.452354952979219356e-03
4.437145311136328485e-03
4.422126077814222261e-03
4.404819774604890568e-03
4.381438114312097634e-03
4.356549550488867523e-03
4.327684435383285025e-03
4.336299782753756833e-03
4.382189138125741623e-03
2.884177864259608788e-04
3.328921795733980863e-04
2.809962696952631833e-04
1.887447793430208033e-04
2.310861283224763729e-04
1.840235800511118346e-04
1.296860671010914253e-04
3.965671609626740838e-04
4.447301299012751809e-04
3.870693523120987420e-04
5.145773488490220466e-04
5.697415330491284024e-04
5.039285506019825769e-04
0.000000000000000000e+00
4.106746789521890586e-05
0.000000000000000000e+00
5.892242586985387822e-04
1.401929354569228471e-03
1.454470816608967971e-03
1.378759528954369255e-03
1.114419671212864109e-03
1.095000949918957999e-03
1.165545235372213726e-03
1.258154294227963000e-03
1.237441601225383212e-03
1.306857570954963891e-03
9.749483235969430821e-04
1.025230965840483134e-03
9.566860926961831893e-04
8.462537260354695279e-04
8.923228990240985193e-04
8.295799158067134436e-04
7.495323383606760856e-04
7.077687658223082417e-04
7.812729099283374952e-04
2.521577294254416079e-03
2.560652725857160469e-03
2.497813971448953601e-03
2.675863028052188723e-03
2.702708339751667618e-03
2.637718382427760300e-03
2.383671347629302481e-03
2.428855660645322032e-03
2.360832446905859749e-03
2.241016493719515980e-03
2.289484112736035401e-03
2.220823723904733708e-03
2.097490055298470261e-03
2.149011753568033211e-03
2.075725471783405364e-03
2.791943688689872780e-03
2.760655678547467226e-03
2.822345237765004275e-03
2.022539941714473610e-03
1.691519894717305938e-03
1.743040193652416322e-03
1.671608468325941170e-03
1.843758561318487163e-03
1.819168583293666102e-03
1.896085100940650414e-03
2.891761496055612456e-03
2.872257323744988738e-03
2.934917994908047001e-03
1.474629655229184582e-03
1.619556569783234343e-03
3.003887170957913414e-03
2.991033677345353997e-03
3.062104515971361077e-03
3.157391061060080013e-03
3.241340099992203426e-03
3.217819395112047048e-03
3.278065963619288675e-03
3.429653732455271303e-03
3.406749955986150200e-03
3.372145454123639738e-03
5.205340896543017917e-03
5.323519351675043768e-03
5.228259179349553296e-03
4.998988515927630695e-03
5.125688189316216989e-03
5.045830004576962353e-03
4.951317333311394328e-03
4.642081859757852744e-03
4.574123154429999422e-03
4.689332494187120962e-03
4.665303276230926138e-03
4.621394520819705962e-03
4.736532064870511635e-03
4.712768915846539224e-03
4.528259368264638159e-03
4.642504496685962746e-03
4.617318057208144935e-03
4.490541159188138169e-03
4.598502103567940653e-03
4.578985611328831133e-03
4.675439369270150899e-03
4.789976437990756120e-03
4.763268615079183088e-03
4.349396767599794655e-03
4.387592712289390719e-03
4.447249404699499080e-03
4.532607266165602708e-03
4.427308949231944374e-03
4.308544875333138527e-03
4.265788642008948132e-03
4.157131595025321223e-03
4.235833335132239280e-03
4.224096935439070055e-03
4.197644946117907484e-03
4.265073400395836579e-03
4.256189872597663897e-03
4.148790342419102911e-03
4.249760904083769650e-03
4.240849942764788640e-03
4.179354222771316726e-03
4.274643114838945490e-03
4.265247557176481824e-03
4.213288950460271180e-03
4.306179403128916790e-03
4.291782975125545477e-03
4.133282807338673620e-03
4.212035906505511539e-03
4.200204097407202013e-03
4.229402635596934620e-03
4.246322666043257296e-03
4.256592088119814411e-03
4.316966275512795943e-03
4.361311468285236637e-03
4.374453326342464705e-03
4.423368042879508542e-03
4.417510931109038322e-03
4.343941574202351066e-03
4.408735932616089821e-03
4.401988731567477511e-03
4.329393480325734005e-03
4.394620192524365497e-03
4.387217806245640242e-03
4.314272953049277590e-03
4.371937946338542470e-03
4.379560677393085424e-03
4.303438661882809553e-03
4.359220744774607026e-03
4.366419779338567494e-03
4.287814861514704229e-03
4.341418206251894570e-03
4.351303444070201559e-03
4.268065088701113001e-03
4.318175483647270288e-03
4.331430108913430187e-03
4.246178334603374280e-03
4.307117327918593384e-03
4.295737839309313882e-03
4.231786061779768335e-03
4.288427923966642817e-03
4.279823937188778279e-03
3.413381806702794137e-04
2.373732299772913395e-04
1.330295663298733269e-04
4.544326470959982067e-04
8.650548306688948092e-05
4.181223013834159646e-05
8.424179875213201781e-05
5.435911646962984355e-04
5.291146269660800894e-04
6.050470412958612034e-04
1.329373135733359027e-03
1.043921197956811922e-03
1.185569531161889895e-03
9.098548118013049775e-04
7.973883772771822630e-04
6.556942124731040666e-04
7.023329523655999669e-04
6.616111576429181337e-04
2.452343879191734664e-03
2.598406490120421398e-03
2.733773486070208061e-03
2.312016610285334926e-03
2.168889946469164560e-03
2.841735905846389833e-03
1.992415321093553640e-03
2.044929526300815880e-03
1.970438968829051410e-03
1.767111239005805844e-03
1.917634866510206995e-03
2.947686027784971515e-03
1.444226144384997725e-03
1.423110931433207256e-03
1.496388942137631770e-03
1.593107148710557613e-03
1.642337438378572816e-03
1.570859957097539865e-03
3.116355314937007369e-03
3.118461968441424599e-03
3.059991799072311978e-03
3.180796989061884534e-03
3.347411632809613093e-03
3.331154189215652060e-03
3.294280894134961508e-03
3.388466399473406311e-03
5.102724107797333881e-03
4.736863412222019551e-03
4.868692862284881503e-03
4.820334372412486169e-03
4.557350658474353979e-03
4.551038454710137036e-03
4.597633968918829125e-03
4.648330191756975746e-03
4.509242506189716990e-03
4.468764420766080034e-03
4.706132446494061365e-03
4.168457411291046771e-03
4.268230254717110712e-03
4.250084486736636566e-03
4.194119252425328528e-03
4.281218223350452545e-03
4.301032431415085719e-03
4.230878632946970426e-03
4.339275918372985374e-03
4.319518928595958429e-03
4.131903474561797983e-03
4.231661796602168187e-03
4.209215266016909547e-03
4.092516632392040679e-03
4.189363390930164743e-03
4.169318018341207008e-03
4.145170564458455775e-03
4.177340321187109767e-03
4.173252889641571907e-03
4.163992769521367675e-03
4.196226205924579421e-03
4.110821661787133520e-03
4.188843115366145710e-03
4.122025942041439295e-03
4.058456167195756588e-03
4.152111305496757228e-03
4.136063385561976162e-03
4.178681204110318986e-03
4.303905225213815709e-03
4.352618342321423750e-03
4.336667419065322153e-03
4.321837596801775781e-03
4.308865411511388598e-03
4.295629545321422160e-03
4.277928885277389008e-03
4.257087940768905163e-03
4.238923838767270393e-03
4.221577271668284018e-03
4.226576515945401971e-03
4.274609976869489340e-03
3.027935663729754688e-04
3.496775150030377263e-04
2.956791110169594322e-04
1.996855667710779425e-04
1.942632050015361933e-04
2.440733929558950698e-04
1.370240330274481483e-04
4.150592720579519162e-04
4.647788814376231409e-04
4.058947865953769552e-04
0.000000000000000000e+00
4.335974005617966386e-05
0.000000000000000000e+00
5.988370610028993053e-04
4.781014612125114691e-04
1.299622542928174267e-03
1.350783787041241572e-03
1.278919583663775186e-03
1.012053369465287529e-03
1.063254135223205919e-03
9.935213028805240775e-04
1.154848814504546477e-03
1.206526222745451073e-03
1.134648966468976283e-03
8.727077201773179730e-04
9.238371146546804418e-04
8.595584736590348041e-04
7.349196546605048447e-04
7.904590533639815030e-04
7.424762912265402224e-04
6.948614253848696496e-04
2.432347283013016302e-03
2.476962612341873475e-03
2.407993449523623819e-03
2.576361894243944621e-03
2.626090355169232327e-03
2.548937654069787298e-03
2.810820495842252572e-03
2.743102472269717557e-03
2.801394997786603360e-03
2.288236383705769764e-03
2.335949861608573475e-03
2.264616008034449519e-03
2.141248056635449044e-03
2.191122266939184507e-03
2.119369180379432598e-03
2.851260431921616954e-03
2.066422865247236323e-03
1.743245591590083165e-03
1.717357233192018948e-03
1.793519942757050524e-03
1.893437505636035197e-03
1.868574648983006240e-03
1.942936603901817367e-03
2.912613036720779289e-03
2.902190439926061963e-03
2.958188048575818765e-03
1.518063366053198438e-03
1.371279513370388505e-03
1.667638053726752147e-03
3.227288101864000339e-03
3.173798899197515736e-03
3.171728584884289399e-03
2.996907178611632472e-03
3.056535461187353045e-03
3.000420092844983608e-03
3.234322673765563285e-03
3.287230219836218166e-03
3.482023065436135999e-03
3.455829511735927610e-03
3.414575240204963114e-03
4.965978964459694632e-03
5.086157085571574137e-03
4.982458708660621877e-03
4.801010999522552052e-03
4.768992278161999186e-03
4.900325314290679933e-03
4.340719242190391701e-03
4.457835788019100763e-03
4.434784310069095174e-03
4.387324358862124650e-03
4.504839393973492784e-03
4.481008782090482520e-03
4.436026326522480093e-03
4.556297013143882635e-03
4.528979883628160910e-03
4.298791971713562636e-03
4.413865308123021344e-03
4.394982907617477237e-03
4.264510607258483951e-03
4.377814364057403852e-03
4.356167213725956402e-03
4.485438637837057922e-03
4.611832670318088100e-03
4.580715859302056554e-03
4.150035777422186357e-03
4.181151884938112510e-03
4.212344858120014961e-03
4.247537611839723865e-03
4.112061026066099120e-03
4.075359077343870644e-03
3.998374475811313812e-03
4.077714073331886215e-03
4.065938815443110449e-03
4.015795680794027010e-03
4.106746637925915745e-03
4.086600417636611186e-03
4.082130680921228043e-03
3.996004995350053296e-03
4.087667714123171744e-03
4.072571928054565145e-03
4.027752231161074552e-03
4.120517073124966775e-03
4.103728822339148229e-03
3.979562118362495876e-03
4.056378618152577109e-03
4.045286838073918791e-03
4.042997875251350126e-03
4.099226118152748087e-03
4.105014359258726646e-03
4.172750278099107354e-03
4.224885933481104319e-03
4.235589572292128291e-03
4.293088994821439228e-03
4.284504286775845001e-03
4.203455054484377985e-03
4.273683956473632410e-03
4.266517012897034188e-03
4.190431413802828478e-03
4.252439998216653652e-03
4.259892510499223121e-03
4.187988298607193786e-03
4.251107619252534296e-03
4.245792843138024644e-03
4.179895897973103305e-03
4.233930619920596092e-03
4.241642071127565104e-03
4.165433206534775896e-03
4.226594916953549733e-03
4.216821992987726704e-03
4.147415434013502870e-03
4.207708121419537727e-03
4.196864296727549452e-03
4.131723793476401244e-03
4.181813427012136958e-03
4.188916389061559005e-03
4.121952830719798413e-03
4.171792268242963987e-03
4.176830892054514757e-03
3.578049985439930207e-04
2.500879940210246912e-04
1.410229791271739848e-04
9.439677829879560575e-05
9.044242481961801332e-05
4.581465630116768719e-05
5.799598550192984264e-04
6.180048147685267496e-04
5.617366990211214396e-04
4.329198406294447769e-04
4.881722820827337321e-04
4.240677563926879357e-04
1.226533514541068527e-03
9.415743304580936500e-04
1.082700474951869959e-03
8.028637077884705339e-04
6.564324979058240800e-04
2.359976051451338156e-03
2.504069305292064024e-03
2.721932695193124679e-03
2.648873591015878104e-03
2.698886976234409017e-03
2.766339367030593022e-03
2.214380517805204264e-03
2.861603975751450448e-03
2.041863943944149939e-03
2.017116618601448065e-03
2.091564812768801230e-03
1.817866380531875988e-03
1.967224534659319912e-03
2.954674614344934749e-03
1.487825204051223095e-03
1.540482691688753502e-03
1.466027999613848899e-03
1.339130674997145425e-03
1.391706156613284557e-03
1.319410692963381582e-03
1.640109858266683472e-03
1.616591015835375017e-03
1.691709738072603476e-03
3.231719613030223891e-03
3.229512447527550963e-03
3.173914884193000836e-03
3.123499544876276977e-03
3.119937044304655575e-03
3.060041880110138737e-03
3.317717960024022493e-03
3.272434783879999386e-03
3.332564412892092143e-03
3.423417582234862967e-03
3.385382595105559164e-03
3.452687283044793189e-03
4.883865417113586981e-03
4.575646563940989446e-03
4.688898320844679321e-03
4.656427238249375399e-03
4.363842248978650785e-03
4.319557323058713372e-03
4.411528042083698135e-03
4.460629349105625294e-03
4.281476039818872363e-03
4.530584765770067843e-03
3.966602713177684938e-03
4.067589276686716000e-03
4.049483097469851189e-03
3.985035407810827261e-03
4.077024150017349510e-03
4.089668277140129718e-03
4.003712592782427727e-03
4.117463925879524984e-03
4.099225473985023717e-03
4.034339409635569890e-03
4.149634419740087440e-03
4.132943220839940986e-03
3.932396370590267136e-03
4.032172699719384530e-03
4.012672286128685095e-03
3.899439578562990689e-03
3.995970871889807478e-03
3.979152486700315156e-03
3.988940426352101908e-03
4.007045799041794414e-03
3.954081393818907955e-03
3.984997439436549320e-03
4.051470574118612618e-03
4.011790300667062749e-03
3.974973900768518503e-03
3.960219009178293607e-03
3.969869450127606197e-03
4.035466568073262615e-03
3.871088621273238543e-03
3.964741859020113647e-03
3.949609029351468063e-03
4.029813941550083704e-03
4.162144886135668749e-03
4.214161098055151794e-03
4.196945755684296925e-03
4.189223661696287772e-03
4.183948978015986607e-03
4.172659625113473575e-03
4.156403021210112146e-03
4.139527673693156433e-03
4.126764620974126066e-03
4.119026368211388053e-03
4.120380913926520276e-03
4.170248857864686069e-03
3.165820652897746029e-04
3.658306658283277881e-04
3.097584073748296004e-04
2.080943506852226722e-04
2.554702722334191759e-04
2.039620596273277028e-04
1.465695607770545520e-04
0.000000000000000000e+00
4.734633518846906601e-05
0.000000000000000000e+00
5.049860819315913057e-04
3.736589958530910907e-04
1.192399058767732454e-03
1.246050919420483172e-03
1.173659178170543497e-03
9.066755588985444311e-04
9.593975807928041121e-04
8.897110479162034010e-04
1.047913572285765578e-03
1.101424554591120143e-03
1.030010400407611621e-03
7.728609654269066008e-04
8.228161031953167438e-04
7.538818105596968100e-04
6.725554919254696793e-04
6.256332899914713794e-04
7.039226063837257302e-04
2.337267121752736442e-03
2.312726276992347653e-03
2.384811972193744915e-03
2.482976513762998744e-03
2.529675055321429188e-03
2.457631947292770753e-03
2.627641469470959074e-03
2.601970943610284852e-03
2.674779549674612209e-03
2.860682002741206809e-03
2.835719148180346465e-03
2.791091533323599577e-03
2.191857423382173684e-03
2.166521058411529331e-03
2.240044522940639205e-03
2.886651561999453979e-03
2.116478658118233283e-03
1.792390380340297493e-03
1.767790558155299093e-03
1.842960666215525713e-03
1.962176323822534263e-03
2.002126190209040698e-03
1.927715893848032684e-03
2.928624302143963392e-03
1.563381818897108299e-03
1.412852808227907375e-03
1.265079113436391040e-03
1.715733170822019175e-03
3.177534700055466808e-03
3.274667958879733196e-03
3.015540243036152548e-03
3.069456222587438419e-03
3.006225666730172330e-03
3.370484633459584246e-03
3.540874779664695063e-03
3.511422623679103742e-03
3.482050272118084999e-03
4.722415752179511157e-03
4.844733615493457789e-03
4.761718988838113675e-03
4.649375537382294775e-03
4.148882882248272272e-03
4.268542275698711426e-03
4.245126034640831110e-03
4.099519875878857543e-03
4.199513528160882421e-03
4.220495086105771274e-03
4.196455625669194382e-03
4.316757743487147775e-03
4.292204934055329595e-03
4.229669840055250325e-03
4.358216298728873929e-03
4.333218220213481790e-03
4.071040797403035691e-03
4.168111978288834008e-03
4.185185823171820758e-03
4.280299055979282404e-03
4.428950506347658321e-03
4.383187252828995781e-03
3.949347532487123592e-03
3.975689619141234074e-03
3.994223233738028803e-03
4.018861541146126481e-03
4.052475526112862304e-03
3.915773309835093342e-03
3.885143820458653897e-03
3.840793159793320834e-03
3.919514513651826612e-03
3.910278456689809772e-03
3.872859680363824938e-03
3.935693355472326578e-03
3.944221507215936277e-03
3.793025731589724781e-03
3.873424456945027267e-03
3.904517231988454632e-03
3.845503654527960592e-03
3.936579699293241315e-03
3.920915966119297054e-03
3.816835610398699660e-03
3.906358970055172873e-03
3.885567917160421322e-03
3.823194653029786741e-03
3.901301628813998949e-03
3.891795463962082705e-03
3.858198487902812519e-03
3.944049953768397412e-03
3.952123022387523353e-03
4.021573208069674846e-03
4.075363104845249919e-03
4.087279155132503283e-03
4.150088365699023708e-03
4.139492964871781255e-03
4.057431760244660859e-03
4.124010527005967514e-03
4.130397440717683763e-03
4.064431244827483233e-03
4.126281032546141002e-03
4.127390364528083812e-03
4.068017006790635055e-03
4.124021818857363277e-03
4.127965686009308320e-03
4.059520735855682433e-03
4.119667829397240591e-03
4.112537113555105733e-03
4.043691808918870555e-03
4.104516372481317385e-03
4.095607744896879662e-03
4.025798098765992483e-03
4.078804786711473854e-03
4.086548642716143938e-03
4.013841116972432371e-03
4.072709898698583311e-03
4.067927723582387411e-03
4.014668450870714778e-03
4.068253955912684051e-03
4.066849645525407418e-03
2.612009891063880548e-04
1.494219476679886833e-04
9.846680481256690710e-05
4.789233071921969817e-05
9.648655671237476477e-05
4.500970568672984650e-04
5.148076566005350572e-04
4.415829041620252405e-04
3.297081866103919695e-04
3.813348396846932961e-04
3.232138344686096465e-04
1.119422282317504569e-03
9.765119419573265944e-04
8.389672202109534549e-04
7.221664271106535910e-04
5.772413287268690065e-04
6.247845215841251474e-04
5.788660530720994872e-04
2.264222599724687209e-03
2.409816034866080030e-03
2.555032598496824632e-03
2.785874882539816650e-03
2.706464451164738386e-03
2.753842890200287451e-03
2.823291868408111822e-03
2.103004546413556660e-03
2.072351660664677967e-03
2.147423465010616251e-03
1.876688154352328065e-03
2.032325241279480527e-03
2.915454949783078623e-03
2.888026419926937108e-03
2.956165306272527920e-03
1.531231770292334994e-03
1.509512895990562740e-03
1.585694782458142238e-03
1.381357418937002217e-03
1.434600931503388814e-03
1.360225643278919561e-03
1.231775246859900634e-03
1.285480714795830901e-03
1.212089722311204300e-03
1.681279819189585674e-03
1.736851485972127100e-03
1.660682910322075446e-03
3.241696533720197886e-03
3.236705627463913604e-03
3.182469262488636132e-03
3.359361391848422144e-03
3.338525915400888076e-03
3.295410945951423882e-03
3.133128752761814035e-03
3.128313858360508293e-03
3.074194226462775761e-03
2.965393372862301126e-03
3.391357116993204846e-03
3.489856882670233293e-03
3.515342884856020780e-03
3.456608038991520419e-03
4.453671653060496498e-03
4.514749235915426276e-03
4.588922887334308080e-03
4.172461324334084468e-03
4.123967001189975286e-03
4.085050858130457978e-03
4.212887944524762451e-03
4.254826249406321731e-03
4.367356017498423906e-03
3.766790218481508388e-03
3.866694337991399139e-03
3.849823259120729695e-03
3.779115450535448784e-03
3.882085084565978315e-03
3.873133883218283623e-03
3.796633473033697928e-03
3.900217982629137006e-03
3.891132369214486512e-03
3.810714686718624008e-03
3.922649937065607675e-03
3.907538136713150680e-03
3.850231623951474655e-03
3.942602426899826165e-03
3.960802336072826065e-03
3.735267307467069614e-03
3.833796922108731811e-03
3.817574794078448623e-03
3.705944460810529136e-03
3.802629912823077187e-03
3.788725861336126721e-03
3.831970426342107966e-03
3.856784501448316718e-03
3.833025650813338438e-03
3.804861700931485256e-03
3.831087558725588746e-03
3.804427925416855542e-03
3.813793199976823513e-03
3.882236579538432715e-03
3.683498711609065404e-03
3.764693934443365513e-03
3.777220586190106408e-03
4.009782158574464253e-03
3.874319478678540148e-03
4.066392593543218317e-03
4.060952174294328587e-03
4.066239810988979235e-03
4.063770390102563503e-03
4.051592354312918108e-03
4.034711422683391613e-03
4.019760931243908202e-03
4.014183340322842984e-03
4.020697194639028145e-03
4.017577601733528063e-03
4.069798937154192262e-03
2.182184291288861836e-04
2.131998666061404619e-04
2.674406259841043696e-04
1.530037998870408249e-04
0.000000000000000000e+00
4.934618928583601332e-05
0.000000000000000000e+00
3.888373712412247231e-04
5.125841055892395651e-04
2.728763248317723415e-04
1.084109956516560820e-03
1.138320088035615213e-03
1.066033925295960380e-03
9.414761715509889191e-04
9.947399008442337539e-04
9.240819877125539894e-04
8.078775597822831665e-04
7.903542970065537392e-04
8.573363894263557380e-04
6.899407026069709738e-04
7.314613612764937290e-04
6.813264111848830193e-04
6.328123351310732409e-04
2.228183234443551711e-03
2.210033340552457898e-03
2.282747626302051355e-03
2.386644308914888726e-03
2.361920985349678578e-03
2.434823908541056646e-03
2.533771931474872261e-03
2.580717588060977251e-03
2.508335370468426327e-03
2.676519639593988482e-03
2.731181210284002511e-03
2.652043292310660248e-03
2.850526566469470651e-03
2.165289617516636712e-03
1.818052258646439892e-03
1.805264447352248561e-03
1.890013698944102531e-03
2.097570640583880201e-03
2.100355632448097729e-03
2.029465970432531904e-03
1.605729404261847706e-03
1.455684813698310178e-03
1.305919042111577250e-03
1.157242551037280425e-03
1.749253722562210244e-03
3.187350511623502931e-03
3.300442247935988366e-03
3.020688696542398518e-03
3.076850141619882385e-03
3.018120610324914310e-03
2.908906447317759821e-03
2.962168042479357971e-03
2.912195621517120990e-03
3.424494390849406374e-03
3.606121773130757224e-03
3.573451722487298345e-03
3.547890316342036058e-03
4.474318119305530431e-03
4.598949471882737491e-03
4.464017473228767616e-03
3.955042970941613327e-03
4.076211731128938365e-03
4.052317879562877118e-03
3.908480780226366788e-03
4.029052828371434795e-03
4.004346593324313933e-03
3.863984697839936873e-03
3.982027331998284729e-03
3.967920619612005581e-03
3.954616236689968180e-03
4.076116811970595215e-03
4.092840971506041779e-03
3.963766567773036563e-03
4.097429811122023369e-03
4.123081661607397135e-03
4.246825057840799937e-03
4.350711033446069860e-03
4.263467084824456438e-03
3.750874872503813084e-03
3.772840351213526105e-03
3.787719314647581582e-03
3.803511205135788869e-03
3.830237850213273273e-03
3.856857796485728494e-03
3.720464997026297176e-03
3.694616979331866429e-03
3.683807685440306390e-03
3.762206706777934066e-03
3.753597286359224103e-03
3.716410209795516315e-03
3.794586670237102329e-03
3.778701365492736098e-03
3.754586116500009153e-03
3.628049177943439875e-03
3.722320002651350809e-03
3.710699124326861335e-03
3.661835245828594029e-03
3.739495051440534790e-03
3.753580609036021119e-03
3.665481474234975022e-03
3.744225666116821755e-03
3.735031103791651257e-03
3.672579132792539152e-03
3.925988472111073373e-03
3.935010979310221528e-03
4.000601290138575822e-03
3.783248248917491126e-03
3.793822479068928270e-03
3.863541989955701465e-03
3.991776959388920569e-03
3.913195516255724322e-03
3.988852719624087079e-03
3.985219043227189104e-03
3.961409325864367545e-03
4.014761800889995319e-03
4.012875564562911126e-03
3.954670262248423038e-03
4.011297779803417625e-03
4.007149855322255511e-03
3.937904479006077742e-03
3.998654942574919081e-03
3.990845160753828461e-03
3.919489053875286136e-03
3.972680725718464624e-03
3.981516879917573748e-03
3.888581984433153380e-03
3.951231364695273474e-03
3.957078628214603759e-03
3.902199950942498649e-03
3.958436434120204267e-03
3.957936281307849850e-03
3.911680756012720153e-03
3.966159977322200950e-03
3.963111029758804860e-03
1.566962620307465798e-04
1.061930608781216809e-04
1.023216828231582841e-04
5.180203509481192699e-05
3.420454793801015552e-04
3.961053928139534057e-04
3.359454740356788570e-04
4.663146018137277120e-04
5.216905913964226113e-04
4.582753058629463112e-04
2.243303045928696866e-04
2.770531791540516522e-04
2.213542612265795610e-04
1.012024048732817517e-03
8.739282537636528306e-04
7.482082190634700442e-04
5.849704725709750598e-04
6.374199910804432623e-04
5.812680515368866480e-04
2.307058552118866537e-03
2.459911394659290880e-03
2.604892470764406769e-03
2.806631308132200714e-03
2.741371746574809611e-03
2.796261038738771278e-03
2.847200320917008497e-03
2.162726936003088636e-03
1.960873808064554635e-03
1.961652297156164619e-03
1.889011830980573750e-03
2.029089619987002255e-03
1.582461777308769935e-03
1.556774189365287475e-03
1.631907056476843100e-03
1.422144946492873629e-03
1.401744470440823573e-03
1.476741561276927227e-03
1.284127182819824959e-03
1.257846686480502832e-03
1.332735993375433600e-03
1.133444893714808483e-03
1.108715920840971534e-03
1.182786029442998510e-03
1.699682399007126921e-03
1.690518098790202593e-03
1.758818352865173596e-03
3.253508833858169153e-03
3.193185298127619240e-03
3.247589384272626251e-03
3.354087890096602714e-03
3.297786968186501490e-03
3.356712085853067254e-03
3.144335986631809077e-03
3.138723784779032071e-03
3.082353021701221465e-03
2.964657124066358198e-03
3.451186306951030749e-03
3.405202122650135242e-03
3.470496704252208631e-03
3.564565925637945207e-03
3.527161986164483419e-03
3.585308200635285020e-03
4.361279276571329230e-03
3.931492884852279962e-03
3.954626084338175480e-03
3.885948387660225281e-03
3.958984948220894626e-03
3.998353486474134043e-03
4.140158142944621970e-03
3.980907803405536217e-03
4.123325416996658291e-03
3.568153389173337776e-03
3.667410904541228232e-03
3.651942312414328384e-03
3.588602711172526882e-03
3.677947404235430272e-03
3.683827979258807485e-03
3.584353193445712765e-03
3.690497010353240015e-03
3.682056416843636822e-03
3.589029785083665269e-03
3.699908911045013318e-03
3.693200608097023472e-03
3.626457510429702009e-03
3.718913534145520689e-03
3.738444141358894697e-03
3.638323554188708977e-03
3.744723428563637418e-03
3.751313704330402204e-03
3.539556201210025763e-03
3.637323787024636032e-03
3.622975162323298966e-03
3.518449635487348823e-03
3.601178978793590467e-03
3.612096683683115733e-03
3.674622212737776832e-03
3.700058271122072268e-03
3.566545979914915229e-03
3.679634459161706690e-03
3.641610876387195873e-03
3.644848652607717010e-03
3.597171459313556509e-03
3.629327360144821418e-03
3.647364758035169519e-03
3.716742969506793299e-03
3.498153142166882373e-03
3.590700024937585038e-03
3.580177383045897010e-03
3.854684341997982166e-03
3.706373966522083074e-03
3.919594614775746139e-03
3.937344685957227391e-03
3.958042296639853463e-03
3.946276080808053255e-03
3.928671548394704546e-03
3.903968447940353494e-03
3.895347602840092908e-03
3.906873787688522857e-03
3.926953902493724238e-03
3.919229787237801625e-03
3.973769923277216225e-03
1.620325532226386215e-04
0.000000000000000000e+00
5.324134343395743433e-05
0.000000000000000000e+00
4.031533182259109619e-04
2.820905619610959074e-04
5.247280013879575874e-04
1.638461564039956470e-04
9.724340703696194134e-04
9.569858677155277261e-04
1.028321807655205528e-03
8.325833485797328078e-04
8.870770143518612837e-04
8.202778377583532562e-04
7.060875813118235381e-04
7.570147879643013104e-04
6.981113741465898607e-04
6.447218465564302173e-04
2.307115827938022168e-03
2.346950795467527776e-03
2.267512268173131011e-03
2.439705097686927469e-03
2.413121959169678421e-03
2.486763884320507788e-03
2.584775952043420321e-03
2.630676391415960168e-03
2.559225924762798931e-03
2.719510694344989994e-03
2.763083573139127249e-03
2.697980973852729791e-03
2.857733696009277877e-03
2.180751742769275643e-03
2.139006172025992997e-03
2.204577878027068685e-03
1.815409754951385944e-03
1.887968416352332670e-03
1.816820669297049880e-03
2.087867928638192580e-03
2.092833249432031993e-03
2.024014493808820418e-03
1.501715633621810222e-03
1.640768493552078678e-03
1.352530471090633308e-03
1.208266807025538134e-03
1.052012282189527127e-03
1.757236843476957678e-03
3.198877073631869843e-03
3.303750895677427888e-03
3.402583821992427506e-03
3.029862205810432852e-03
3.087053740123627942e-03
3.025274917893129231e-03
2.916342843171022738e-03
2.968475695274609520e-03
2.912633522204742097e-03
3.507798551068607752e-03
3.677605369770743128e-03
3.641806519169886805e-03
3.620989876446963421e-03
4.221285193026730852e-03
4.348433350391800283e-03
4.234035391698985455e-03
3.713493314365070002e-03
3.834638809491628698e-03
3.811375319038740831e-03
3.723814977865262926e-03
3.839623918855569664e-03
3.839992258453997324e-03
3.666944164021453643e-03
3.787997984357293138e-03
3.765859117531608884e-03
3.671346487955007374e-03
3.813852604948722580e-03
3.818319012124948755e-03
3.729488976351819259e-03
3.864662166051499852e-03
3.847229480097967644e-03
3.992037982435605453e-03
3.995094420613406333e-03
4.120127829065362707e-03
3.553704931378325570e-03
3.578246643571469324e-03
3.586369144876942749e-03
3.586548634184383993e-03
3.607491132429420291e-03
3.632124659199872669e-03
3.652323003791115713e-03
3.528884043341546858e-03
3.508201536223114810e-03
3.533601671708662580e-03
3.599636987222111593e-03
3.608590370380642016e-03
3.546453489456269110e-03
3.631308429600661660e-03
3.615234387631598850e-03
3.556460139792060743e-03
3.469881882476772827e-03
3.565708695065440432e-03
3.549123890252145822e-03
3.433967821933465742e-03
3.500380168063820224e-03
3.530843579222374146e-03
3.537518476487656969e-03
3.583509686056882224e-03
3.601437614913651549e-03
3.483920219824786571e-03
3.764572767556864305e-03
3.773902197641159067e-03
3.845160770291344843e-03
3.636085865235149858e-03
3.632731722161195147e-03
3.709548104538696288e-03
3.838958824125938453e-03
3.846526095054148432e-03
3.879797007852972979e-03
3.903920068081575927e-03
3.900650709103143689e-03
3.830562094858525578e-03
3.892544866951177466e-03
3.884277962500958491e-03
3.816441475058968569e-03
3.868005531711881436e-03
3.877097968166387260e-03
3.795788013707456637e-03
3.857564205058443708e-03
3.842217630654591251e-03
3.782042979737330543e-03
3.842110808180305807e-03
3.835204185804902757e-03
3.799486138436794069e-03
3.850758079134251367e-03
3.855558776162624438e-03
3.816494774691235343e-03
3.864019845961820781e-03
3.871660326633111042e-03
1.114291466635226961e-04
5.443323906471680615e-05
1.088389819461096328e-04
3.535768414990505940e-04
4.100038592661657999e-04
3.478779883847390878e-04
2.307285016557834325e-04
2.864368617002935238e-04
2.276009892824566022e-04
4.711568214362580709e-04
4.689185308011279579e-04
5.280837012774048994e-04
1.678820245919716912e-04
9.017227420008982076e-04
7.685971473760556819e-04
5.961562322107433936e-04
6.511427303128827131e-04
5.906870025161328145e-04
2.373178812648959503e-03
2.243720302836629300e-03
2.511963243545814895e-03
2.651931572924061658e-03
2.832843121030026966e-03
2.776043060533253497e-03
2.819724503344215281e-03
2.861344194689209239e-03
2.134301484146366567e-03
1.956764258533609611e-03
1.958930822315448593e-03
1.885615051239537777e-03
2.022222141203955815e-03
1.509594436952423416e-03
1.465591912824496142e-03
1.546104134098561216e-03
1.661498823528521603e-03
1.680702086869160583e-03
1.621768389201653972e-03
1.261951632197911080e-03
1.341699900229315155e-03
1.273202921334605367e-03
1.197032336743725786e-03
9.971223561940983308e-04
9.848194930737260051e-04
1.065173561660455112e-03
1.738240786989938115e-03
3.267086890709434369e-03
3.260275404279347825e-03
3.205571168920519440e-03
3.383074042338062980e-03
3.318159303182977200e-03
3.368548037044926443e-03
3.424361865407528956e-03
3.389186834166643507e-03
3.437765184805982761e-03
3.155817903779432800e-03
3.150063792423244899e-03
3.092672141439715278e-03
2.972951124958402719e-03
3.509530318488343625e-03
3.537004711520600961e-03
3.480310216908458557e-03
3.640562555075453014e-03
3.659036562980683832e-03
3.602509676924475508e-03
4.107404752615318420e-03
3.689901034419115766e-03
3.718404400739335185e-03
3.697443936146053382e-03
3.700214173173333593e-03
3.752782313443448793e-03
3.740916688800815810e-03
3.876226965964857992e-03
3.873116483505829790e-03
3.368919273491781472e-03
3.468424232423143565e-03
3.454477686751385428e-03
3.394047620732509526e-03
3.491247026790697972e-03
3.481345401064049432e-03
3.389025642839821675e-03
3.489138327252183387e-03
3.486620964283255845e-03
3.380280878601749778e-03
3.484597068457470029e-03
3.482664428447130971e-03
3.403966985929993486e-03
3.496834367552187784e-03
3.515218264471304740e-03
3.394824721694379016e-03
3.516670611412542509e-03
3.511183460768957897e-03
3.425031140648262390e-03
3.546162174384909129e-03
3.532159885077787529e-03
3.347848932903586469e-03
3.443555704892410987e-03
3.433368330253227119e-03
3.328055717484511809e-03
3.423083086175726653e-03
3.413303690325170635e-03
3.535570759457990885e-03
3.540009893828708308e-03
3.404422404411684960e-03
3.485334086772349377e-03
3.475546516064786755e-03
3.451831529490414444e-03
3.419128310258718034e-03
3.457358551321992619e-03
3.497353518708843593e-03
3.543302890576476190e-03
3.303393672216728416e-03
3.400583149309723864e-03
3.386813627964209948e-03
3.700388628345891145e-03
3.522809940737232914e-03
3.579492608616247334e-03
3.575961281226190235e-03
3.738031664283125201e-03
3.751285146944983127e-03
3.825492126572719101e-03
3.792333632348788511e-03
3.838535927248121725e-03
3.823488486829339748e-03
3.806084287457322645e-03
3.757018803967482421e-03
3.822766582511772770e-03
3.776358805616861908e-03
3.790727979237111783e-03
3.769523970709657505e-03
3.807931295159560497e-03
3.838244868047559384e-03
3.827298714712427073e-03
3.882520082815198257e-03
0.000000000000000000e+00
5.582281705347168910e-05
0.000000000000000000e+00
2.910801810624842178e-04
4.114346609399071523e-04
1.698594188661423066e-04
5.327717779145536544e-04
8.613240142745557217e-04
8.469706969191626283e-04
9.169303464888624950e-04
7.206715063147168089e-04
7.766945710480404252e-04
7.134856886635266258e-04
6.576254051730682799e-04
2.369754875151860226e-03
2.338345954430054007e-03
2.404774094492974790e-03
2.237252738754712689e-03
2.272313496118650699e-03
2.208932238269534568e-03
2.490307115987460719e-03
2.464952683209664479e-03
2.537576267445188112e-03
2.636704043714948025e-03
2.678158381956346687e-03
2.610681378857484126e-03
2.789824064054463332e-03
2.811383584771843993e-03
2.754562254625906627e-03
2.874579633063294431e-03
2.162137874146931229e-03
1.812296817703780037e-03
1.884395902016271652e-03
1.813975940004487883e-03
2.099184224668950577e-03
2.093594187525429483e-03
2.027533149779848446e-03
1.390619216116403909e-03
1.449925614523945531e-03
1.406604254720267115e-03
1.585011691372586237e-03
1.325709448126570576e-03
1.112236860487886194e-03
1.186791900010316031e-03
1.123127013826424837e-03
9.285397384828798090e-04
1.054131924573668529e-03
1.736315845651109462e-03
3.211422858392842285e-03
3.325035290042707356e-03
3.403706639775782097e-03
3.466897453243153113e-03
3.038987619416498934e-03
3.097371300491157369e-03
3.034422322566963752e-03
2.921544429614293236e-03
2.918953033280454086e-03
2.975670447280794138e-03
3.574953241996916501e-03
3.755052917400706226e-03
3.716280592260905874e-03
3.697734457296535104e-03
3.962780271636117194e-03
4.092723987952750359e-03
3.977385784718454227e-03
3.469134397922497490e-03
3.591594046445416993e-03
3.568463814687487627e-03
3.525266129569098929e-03
3.619761877868245964e-03
3.624677918616923174e-03
3.423307257152123379e-03
3.547660982650154178e-03
3.574544630284161046e-03
3.456461340715471977e-03
3.593685222426900357e-03
3.564429006282429039e-03
3.513331456845700338e-03
3.633688804104731520e-03
3.621930183014581122e-03
3.738855408016112346e-03
3.866174535945671956e-03
3.745716951847126788e-03
3.358246844921057659e-03
3.381338393711736182e-03
3.391440308490325638e-03
3.384554427954654908e-03
3.391887691773219551e-03
3.399171532811151846e-03
3.409582678011464224e-03
3.446711128868280068e-03
3.337839806672458862e-03
3.315621364951016822e-03
3.373513853227930442e-03
3.453360452490637778e-03
3.455516825468393782e-03
3.389089114267934601e-03
3.461429861915200912e-03
3.467612854943349747e-03
3.396727907963147369e-03
3.277465361208745879e-03
3.373469723934031678e-03
3.355861272756431070e-03
3.258504799301502330e-03
3.346038090852942754e-03
3.331583370953199522e-03
3.490144884090301981e-03
3.415542048993677748e-03
3.290342437876427311e-03
3.617690099138049561e-03
3.626879152037949024e-03
3.691013107420839951e-03
3.504732394826654430e-03
3.513760318705797751e-03
3.570300879919640399e-03
3.677914700866486385e-03
3.718295989702589781e-03
3.728152886756470538e-03
3.782323178589468062e-03
3.774473379976545865e-03
3.705481235941324256e-03
3.760995961011024281e-03
3.767930976233335554e-03
3.710321344394965169e-03
3.753085658968993710e-03
3.763318466850973550e-03
3.651006089214093187e-03
3.723315985473824551e-03
3.704031359233203070e-03
3.682563712210927195e-03
3.732213686521920759e-03
3.740998142876567067e-03
3.663486436726196092e-03
3.710186040995050536e-03
3.722749682648503287e-03
3.702029569127473357e-03
3.759220085352227205e-03
3.750670587609157731e-03
3.726204105464216675e-03
3.782160381790272263e-03
3.771278581691877262e-03
1.166833942040750434e-04
1.140759191968801863e-04
5.711317272579770837e-05
2.377714487023269868e-04
2.957506064480951440e-04
2.343074608736898565e-04
3.565326253626358152e-04
4.138795544904124335e-04
3.551951078375416748e-04
1.737877446398520664e-04
4.789531496854775071e-04
4.751769020943190629e-04
5.376125426048896511e-04
7.901817085916287755e-04
6.064726524516320452e-04
6.636427334951913292e-04
6.014365546590497071e-04
2.429817046293937348e-03
2.303349884421217360e-03
2.563236060122052289e-03
2.713016359291881355e-03
2.877084725223391128e-03
2.855612507471171849e-03
2.168159006866419124e-03
1.958872076748362397e-03
1.957917420726076798e-03
1.885079470160797672e-03
2.028934640966749327e-03
1.525711465292009473e-03
1.517690883086571891e-03
1.457610650466665799e-03
1.593521235510356746e-03
1.248279707183860658e-03
1.319212576070107794e-03
1.255297999712453065e-03
1.179573157736227892e-03
8.885124699439564096e-04
9.429241754568781254e-04
8.749334060131100073e-04
1.007495668631216762e-03
1.002403161817524025e-03
1.059791713335066828e-03
1.671194055671191159e-03
1.741630544355630104e-03
1.666447523952754818e-03
3.276676046062563553e-03
3.216111841659359625e-03
3.271861165988202824e-03
3.377884702362647911e-03
3.322380569017652219e-03
3.380457010314944551e-03
3.446224684420324137e-03
3.167384450707813603e-03
3.161587026643508137e-03
3.103009368392235443e-03
2.980100690835414332e-03
3.606862276351258893e-03
3.558109323794576492e-03
3.623669625166177875e-03
3.683320563023953324e-03
3.740567708956199066e-03
3.851560704842651225e-03
3.496940272290488799e-03
3.474292666324250035e-03
3.439455421959392023e-03
3.484598128625981603e-03
3.543945307301163417e-03
3.528478879029732507e-03
3.648879560367365629e-03
3.641894904424306401e-03
3.176695924147442378e-03
3.272618554146416829e-03
3.262503839415167948e-03
3.197255687750097299e-03
3.283338598240971747e-03
3.295532753772127937e-03
3.233682468453646409e-03
3.311225154110683088e-03
3.314081169054368999e-03
3.168795756197747508e-03
3.274337317762652556e-03
3.279224281607638104e-03
3.125783956860964195e-03
3.253523609099434437e-03
3.264698194655979175e-03
3.159627226467301864e-03
3.277183749286015964e-03
3.282385229467762577e-03
3.184723888326176488e-03
3.304924385783302755e-03
3.290263524906052086e-03
3.224029528057607841e-03
3.346740255517010720e-03
3.324995749296027862e-03
3.158363502696855032e-03
3.252896438659791129e-03
3.243416156203829219e-03
3.140378323917032179e-03
3.233991372098963049e-03
3.222063725471036380e-03
3.381281642685217415e-03
3.244240507979631247e-03
3.316767084552249729e-03
3.324146761780088274e-03
3.267930355855386878e-03
3.251341257874853456e-03
3.398183195931917325e-03
3.460426956299242438e-03
3.427697577409312153e-03
3.293513687384082463e-03
3.333380900842842099e-03
3.375332814496655870e-03
3.123273969469277187e-03
3.213106413293187729e-03
3.200521501785409239e-03
3.561268434826160133e-03
3.451540769491810452e-03
3.602480487996630003e-03
3.610080369019899160e-03
3.670144364665267785e-03
3.660431433413000382e-03
3.711880549868593233e-03
3.707904290667661095e-03
3.680599040461864438e-03
3.657234349801307370e-03
3.692256728195519172e-03
3.673005153326052829e-03
3.714062560507408028e-03
3.796582739016596784e-03
0.000000000000000000e+00
5.846160018759686199e-05
0.000000000000000000e+00
1.761251195271363017e-04
2.961908735637922073e-04
4.168213914956644993e-04
5.418524765892919048e-04
7.499781017624873201e-04
7.353184316055477385e-04
8.057761816469406714e-04
6.773090023587119294e-04
2.375887761759061783e-03
2.433098220362430852e-03
2.372860387517507306e-03
2.306200977570973826e-03
2.537645797595587064e-03
2.513929198737676739e-03
2.587265268667704888e-03
2.688909275425869355e-03
2.739420710031350344e-03
2.662739820381840056e-03
2.921514762712628787e-03
2.921546089843297857e-03
2.855441857335726946e-03
2.243703579645159232e-03
2.240561058766629872e-03
2.171025171659872553e-03
1.814808749600607717e-03
1.886737139532496327e-03
1.813659257183630313e-03
2.102032246055624866e-03
2.100693629166933227e-03
2.030006721199630829e-03
1.387176210777133108e-03
1.456285968295627795e-03
1.389031761711312721e-03
1.597883066729941480e-03
1.317080619087334769e-03
1.083380320412949535e-03
1.165525923781830266e-03
1.098067862577854293e-03
8.185285282235086690e-04
9.475214316832198747e-04
1.045154864361607207e-03
1.742476047994520648e-03
3.222024161961168850e-03
3.327265914730686419e-03
3.489861962880394259e-03
3.436362430157552470e-03
3.433832542739165619e-03
3.499662396352471849e-03
3.048235137164341784e-03
3.107792133903144061e-03
3.043609049285363188e-03
2.980222957896889666e-03
3.666473132713585301e-03
3.548307723683658682e-03
3.698149501950266909e-03
3.831242924167820290e-03
3.718493208332746686e-03
3.294020041796167156e-03
3.409995917455295629e-03
3.381929760421806350e-03
3.358165175496316025e-03
3.182337886331077035e-03
3.319975938227097325e-03
3.303545999285287076e-03
3.240452787485262331e-03
3.377653064429744084e-03
3.349019361964988752e-03
3.310868535563179105e-03
3.428092948895883080e-03
3.412564269826437978e-03
3.437237684693139096e-03
3.589223149147338036e-03
3.490636171223959576e-03
3.167404586286260391e-03
3.186821841793337998e-03
3.215304967376030401e-03
3.201295656893956166e-03
3.147250692017636211e-03
3.142289068718043341e-03
3.171819890627038899e-03
3.203964973645832479e-03
3.258529664261918500e-03
3.149269712273812961e-03
3.131748444017441041e-03
3.223084681986975765e-03
3.298401887352654313e-03
3.305881774650779384e-03
3.233627422487174788e-03
3.108211131918317029e-03
3.192617499983963544e-03
3.183486950292746098e-03
3.094548127413480725e-03
3.169501050383006276e-03
3.176304772957842283e-03
3.345941804567977625e-03
3.160420066358061563e-03
3.266695582799993610e-03
3.227050217500390498e-03
3.115687954056522817e-03
3.488318492952852817e-03
3.552885205456515500e-03
3.496518965675648495e-03
3.373534706736757306e-03
3.385838118259379675e-03
3.439017919979485763e-03
3.545443342010369796e-03
3.587973553084626652e-03
3.595219752748282302e-03
3.653020913203465850e-03
3.646757271713806439e-03
3.583337619816673921e-03
3.644279889356955970e-03
3.646810064629518646e-03
3.617221608374742402e-03
3.547342898348990452e-03
3.599059757311849021e-03
3.605398623817700730e-03
3.583512145574002574e-03
3.642728246097288406e-03
3.632940998471532318e-03
3.563752109963612327e-03
3.613521973534425131e-03
3.623129633558476621e-03
3.654354634737639902e-03
1.188886793254162363e-04
5.832664692594957451e-05
1.178317695530448815e-04
1.784368535116056544e-04
2.394786333084940257e-04
2.387252945374761573e-04
2.980938675949544635e-04
3.597987709011323042e-04
4.194663089494477968e-04
3.582960823290898072e-04
4.892732555256538345e-04
5.479717767160943980e-04
4.842056818119674835e-04
6.318129564275440846e-04
6.191333652780785192e-04
6.909743640099610777e-04
2.456353237920181481e-03
2.309749573368453240e-03
2.613052018278034724e-03
2.820224978623221170e-03
2.754393945247397661e-03
2.805000876753931810e-03
2.870854452902405624e-03
2.172791700328064943e-03
1.959205390465378234e-03
1.959139334242121760e-03
1.886515728355209762e-03
2.030546578822409100e-03
1.530749886529384927e-03
1.528326446885651304e-03
1.458356746262593233e-03
1.600843884750440026e-03
1.246912677295961914e-03
1.316867145582511535e-03
1.247736723369945264e-03
1.164244134236161726e-03
7.903417252503966992e-04
7.700761505005032995e-04
8.397063386275660513e-04
9.381580676790167135e-04
9.131843120745618747e-04
9.729059267425514430e-04
1.010191437779247008e-03
1.671164348639520188e-03
1.742893666656459770e-03
1.671299988581541720e-03
3.312654790601570701e-03
3.294610155659933193e-03
3.239829985376097184e-03
3.378613006524359540e-03
3.327559930201341200e-03
3.378232574679763522e-03
3.469503024107924074e-03
3.479661026788107101e-03
3.423605057103017765e-03
3.178641321229584010e-03
3.173001094268636246e-03
3.113255527156041577e-03
2.984684612950534548e-03
3.595145821222239194e-03
3.536593792147628076e-03
3.568725288509411696e-03
3.117381414957767164e-03
3.206087990155868147e-03
3.270987579736679175e-03
3.210919456423306281e-03
3.149360705878978019e-03
3.275308953871436477e-03
3.374045115211956724e-03
2.986141213770433962e-03
3.072471834875422931e-03
3.081160584072268303e-03
3.003013327130277851e-03
3.099905860642340836e-03
3.090105150157662454e-03
3.034020524352153830e-03
3.133847664309198297e-03
3.115934993249064051e-03
3.100995779024988235e-03
3.001947142344550679e-03
3.085461313696026900e-03
3.063421910623419751e-03
2.918233585038324755e-03
3.022520595578837878e-03
3.038774253273698617e-03
2.946141701650243326e-03
3.065340034330999146e-03
3.053396980399213523e-03
2.980477135017267371e-03
3.102256105695270529e-03
3.083101078495964053e-03
3.039114150617414252e-03
3.132010502729705263e-03
3.166753268877671012e-03
2.976201406004205883e-03
3.058483411758461390e-03
3.067034089478365855e-03
2.937237041287787519e-03
3.030451040458001077e-03
3.038513097195216783e-03
3.191641254852379487e-03
3.072373644215968102e-03
3.147816258958041104e-03
3.158057645796381353e-03
3.101342938174198906e-03
3.083417087224221524e-03
3.264994328956230540e-03
3.279222923925585384e-03
3.331452405339505821e-03
3.141573057355223804e-03
3.150981385371691337e-03
3.217342034871691677e-03
2.954796568121085317e-03
3.031637143748959571e-03
3.038777217958032583e-03
3.430997845819463814e-03
3.319338603738437084e-03
3.469975787184567239e-03
3.479136338874407996e-03
3.536098303376103858e-03
3.529009014769125211e-03
3.585654301404606319e-03
3.532692918843330886e-03
3.591817866754639602e-03
3.557953711914112714e-03
3.555539264572756854e-03
3.540020729316286675e-03
3.573609842951611451e-03
0.000000000000000000e+00
5.960759558174428949e-05
0.000000000000000000e+00
1.781758475415649596e-04
2.986925865145044772e-04
4.236147270244716581e-04
5.596153699712965064e-04
7.099916588313629319e-04
2.390016587221601655e-03
2.463776402157996127e-03
2.382989684954551265e-03
2.316477920616811896e-03
2.644223249158023439e-03
2.590710868842807137e-03
2.666626113743777917e-03
2.783547955136234358e-03
2.801947217427817015e-03
2.736035341197831650e-03
2.927737378180546475e-03
2.924635752373543323e-03
2.873816465945760665e-03
2.247864032012208881e-03
2.245853250712969394e-03
2.174524616914830580e-03
1.817893484736869897e-03
1.888465014961919703e-03
1.816444245534476606e-03
2.105422347021085501e-03
2.103806227692475717e-03
2.031856291618137043e-03
1.385957560081787100e-03
1.386687507698531382e-03
1.458202960889938603e-03
1.600399837188789393e-03
1.315806456197791009e-03
1.117835246536288529e-03
1.100562987438603781e-03
1.182207874963447621e-03
8.637865772699308180e-04
9.504364903114001289e-04
1.017030970690715888e-03
9.443558489485300933e-04
1.743998602047346514e-03
3.245636755497260332e-03
3.345654048379002616e-03
3.424040263179828347e-03
3.526471371794857694e-03
3.058121921825372996e-03
3.118379564363034720e-03
3.053177429795563523e-03
2.987969980762681613e-03
3.426534262571698502e-03
3.563215108482868741e-03
3.431854620917897201e-03
3.077585362750046016e-03
2.960520501670331484e-03
3.101080589889116702e-03
3.072106223033933131e-03
2.906595234857150319e-03
3.044844481683067240e-03
3.012595916624889562e-03
3.010758463757893296e-03
3.161890132885804890e-03
3.126279734328445744e-03
3.165301135711797408e-03
3.238322079097178969e-03
3.302288561120299108e-03
2.981082366056139743e-03
2.994436841226961847e-03
3.018260950622141375e-03
3.017947480537381145e-03
2.879356123644264114e-03
3.002471763162487244e-03
2.940855860812492499e-03
2.931818331423331151e-03
2.898431319476100013e-03
2.962882418537394862e-03
3.009224924498867665e-03
2.956569633505577895e-03
2.946036167513765413e-03
3.035049791557396185e-03
3.128780222880748422e-03
3.097801608761550571e-03
3.053645029510116370e-03
2.941019052566017956e-03
3.017895684693302962e-03
3.024349855979028071e-03
2.923170073211442226e-03
3.008569723814612847e-03
2.997857643043977914e-03
3.203360189307309994e-03
3.007243817455688799e-03
3.083596862970659422e-03
3.074470615806578627e-03
2.947863624980279987e-03
3.355961586390677955e-03
3.364740618169373507e-03
3.422000897914305971e-03
3.240963904194869936e-03
3.252959786910371645e-03
3.307091581619061790e-03
3.413008803752759154e-03
3.456993978761202513e-03
3.522348775598666253e-03
3.463478027794459312e-03
3.520203551735469772e-03
3.438098709500804571e-03
3.510575086682219716e-03
3.485409785904094483e-03
3.443788736697745052e-03
3.503738248903656965e-03
3.495453722959421423e-03
3.429689180025518886e-03
3.481090315764723449e-03
3.488493687131012742e-03
3.516531518679008855e-03
1.221423453951285380e-04
1.205481292536070292e-04
6.000415994885779166e-05
1.809782131436219886e-04
2.446969772492388101e-04
2.421523910124427290e-04
3.023613943140400929e-04
3.682158769287346219e-04
4.288317123672666441e-04
3.640715086763759685e-04
5.090138713674907493e-04
4.991411226962463215e-04
5.705074936011278984e-04
6.495012859433424912e-04
6.407015084460399674e-04
7.198895487316872913e-04
2.528225732610743168e-03
2.533012027841039220e-03
2.458802576669148580e-03
2.318901140801914347e-03
2.586173259052001409e-03
2.713671613172934267e-03
2.855567354409547544e-03
2.176589843248141060e-03
1.961236924430219321e-03
1.960308565830533051e-03
1.889078209220354781e-03
2.033274968247178460e-03
1.537848636975248451e-03
1.461282172650886372e-03
1.534366018889222116e-03
1.604338193854070675e-03
1.235031059766846136e-03
1.241181306433916057e-03
1.310414716687258348e-03
1.175856681107456539e-03
1.033422640194231598e-03
8.692498238575741736e-04
1.667612647075244906e-03
1.669472361250938421e-03
1.742574259400905693e-03
3.310322841032722289e-03
3.244314633722747768e-03
3.311488337635874572e-03
3.411139156785333946e-03
3.378161899990041010e-03
3.456642971220959346e-03
3.190568028834917056e-03
3.184596011916212849e-03
3.124157478690871032e-03
2.992728255312175970e-03
3.171199045858016149e-03
3.299925787047562099e-03
3.305179586055796009e-03
2.836208076596319783e-03
2.976916733763991865e-03
2.938225238470397113e-03
2.984914142873008967e-03
2.932949637234698835e-03
2.870697466532139922e-03
3.087975906128064257e-03
3.168119162635767757e-03
2.802856751921293729e-03
2.894203952540403465e-03
2.889734942416673051e-03
2.808410886043197479e-03
2.897515746853238355e-03
2.905392727398765484e-03
2.824258026327363096e-03
2.928735865010472124e-03
2.913911597123663814e-03
2.839718832811841381e-03
2.920582036907853202e-03
2.937156549118525618e-03
2.859216365031374846e-03
2.710178251270910482e-03
2.827908775356746760e-03
2.814693845886715763e-03
2.682758045359083174e-03
2.800174579205668562e-03
2.781473271956042340e-03
2.738051384946721661e-03
2.859111447719192567e-03
2.842625079675705369e-03
2.781238392152034049e-03
2.910107224827718393e-03
2.881381899804181818e-03
2.818731511071676400e-03
2.878166283610710148e-03
2.897290766625224522e-03
2.812413180339626197e-03
2.883692427651658209e-03
2.874556108388601379e-03
3.021108841559779108e-03
2.899327663178375217e-03
2.967251431688521044e-03
2.985549530994763886e-03
2.932053921494588104e-03
2.911205948385228032e-03
3.124475060674855153e-03
3.133016370547957521e-03
3.194554638937795090e-03
2.990146883772828740e-03
2.998685810559137237e-03
3.065625640818449293e-03
2.787681383150942150e-03
2.870950607587625329e-03
2.864480415783617583e-03
3.298522443689598429e-03
3.182795524974277139e-03
3.336802630855251108e-03
3.346369194177574273e-03
3.403239465511465056e-03
3.396925117671553782e-03
3.447525581848923971e-03
3.433880398700055875e-03
3.436739813728193621e-03
0.000000000000000000e+00
6.123406349445251076e-05
0.000000000000000000e+00
1.824616318242763564e-04
3.055746743658129460e-04
4.376621297623551699e-04
5.783733000199019073e-04
7.774014495717097677e-04
7.841130354450173831e-04
7.127090451829194272e-04
2.393643551934467300e-03
2.460928569411007742e-03
2.391889801819509567e-03
2.320375426345286721e-03
2.667403776696978916e-03
2.655802631458344890e-03
2.597518658952561836e-03
2.725504388058853401e-03
2.933738900857363503e-03
2.930750859350388787e-03
2.858338627064678592e-03
2.253718015702137981e-03
2.250850427627479420e-03
2.179140972466974118e-03
1.816073441504105273e-03
1.817071181853692225e-03
1.888539563911407430e-03
2.109314194000942635e-03
2.107438893032255456e-03
2.034812735133830972e-03
1.378416573210470121e-03
1.382301853057856834e-03
1.457955098451821493e-03
1.602251054870103318e-03
1.306176497500400289e-03
1.062942002734325667e-03
1.148372147478218157e-03
1.090577695521340517e-03
1.006069379701977169e-03
8.635319809203133561e-04
1.741273769619514165e-03
3.250458015241036638e-03
3.369988586365867730e-03
3.371014726183424459e-03
3.068718694118615677e-03
3.129654278883978354e-03
3.063420963971661033e-03
2.995927474994259428e-03
3.146885204151562716e-03
3.287736932603007711e-03
3.159026625043017018e-03
2.808064204549943262e-03
2.724817486575813966e-03
2.868288443133812284e-03
2.843517302501111666e-03
2.678406726439976245e-03
2.819859608824138320e-03
2.793281965980388883e-03
2.626567463853851387e-03
2.766707412529007676e-03
2.732043984117360057e-03
2.925684251552432540e-03
3.046375999255250197e-03
2.968018721627766442e-03
3.049201353768711889e-03
2.805546147743719076e-03
2.810798050187525779e-03
2.816175454860943370e-03
2.831791682230700921e-03
2.658813062900366661e-03
2.768729055120898019e-03
2.749601326414475699e-03
2.723688950907777150e-03
2.696095817930255992e-03
2.670480663761503476e-03
2.759119816912288230e-03
2.726325092779614215e-03
2.772308861606401914e-03
2.831681454589528302e-03
2.769496107908080672e-03
2.799977311390523110e-03
2.874391848363314940e-03
2.940870531785175733e-03
2.954442992904052212e-03
2.886823775150213715e-03
2.772848351137759560e-03
2.848109953237682075e-03
2.856620884140788613e-03
2.756037840519867926e-03
2.839273510777670390e-03
2.827744368258673213e-03
3.057364012271193959e-03
2.851959970658276677e-03
2.921095328002887726e-03
2.929327264830661106e-03
2.780224483882443639e-03
3.215730998436231239e-03
3.228325901264398820e-03
3.285670458760747356e-03
3.099380188274419162e-03
3.169980574289292530e-03
3.111906783261722195e-03
3.276297997580443228e-03
3.323713480476983995e-03
3.390195619457385921e-03
3.330250681309573739e-03
3.380918722467738963e-03
3.374047187794261722e-03
1.255570918473587023e-04
6.175548082993535055e-05
1.238761196081200708e-04
1.852946261777118058e-04
2.549076594164271874e-04
2.498142315757581394e-04
3.117323291389324205e-04
3.939627971043061514e-04
3.810031497317799645e-04
4.516463440237755505e-04
5.356536527910389731e-04
5.927092132158638758e-04
5.222771341922003482e-04
6.584606614789878304e-04
6.540406726105596350e-04
7.178630825040721586e-04
2.536329156943755228e-03
2.464657810424128719e-03
2.532315302278171504e-03
2.323663385849122735e-03
2.601872956758857335e-03
2.806085817894651575e-03
2.794810142749909118e-03
2.736481002089458190e-03
2.869910920201686373e-03
2.181482768516854100e-03
1.963926736099106968e-03
1.889472350742245257e-03
1.962655718423515338e-03
2.036571174221974128e-03
1.498243514987377192e-03
1.518178934518311712e-03
1.437964448757577231e-03
1.582566274749074063e-03
1.325910611857743096e-03
1.352306119256712963e-03
1.280078242982546658e-03
1.167435955960131238e-03
1.114718149864354219e-03
1.201389568382037589e-03
9.020293034144244914e-04
9.820529586554128335e-04
9.265584859051728293e-04
8.389967168105375234e-04
1.660246732491241044e-03
1.737996633434151818e-03
1.664042789529045349e-03
3.317004567163520275e-03
3.256966466198140450e-03
3.203107985534246402e-03
3.196832692064202099e-03
3.135723561330312076e-03
3.001018439056493681e-03
2.890597471151703981e-03
3.032104678084534145e-03
3.019873422630178425e-03
2.572059365331760307e-03
2.677281357518171857e-03
2.704039396158393511e-03
2.700899828397786660e-03
2.753033482090576009e-03
2.738387811967218401e-03
2.882874975544222774e-03
2.651720415991666233e-03
2.598572752919961135e-03
2.839410698928315942e-03
2.907893368961677119e-03
2.613502684271547163e-03
2.710542511926900856e-03
2.708379758413407938e-03
2.609396029207666171e-03
2.705628895562028034e-03
2.714062902438683835e-03
2.623768748201814587e-03
2.716351032775114749e-03
2.723616548875966697e-03
2.639109315371768790e-03
2.739043735920074045e-03
2.731988814583773129e-03
2.648720435551727304e-03
2.500689023885218840e-03
2.619022377638376663e-03
2.605960425014696661e-03
2.478756190577672495e-03
2.594051278230319422e-03
2.581217208685731689e-03
2.463338233527269817e-03
2.572601467436519927e-03
2.561464269852398081e-03
2.529389668128061933e-03
2.634297262385262243e-03
2.655090480270096837e-03
2.668097022917364104e-03
2.656510923889118369e-03
2.734280885405022260e-03
2.691206068899461897e-03
2.722262458539629042e-03
2.863152062540068928e-03
2.732474735437121285e-03
2.815573220571423139e-03
2.803476134029330227e-03
2.764411600536035435e-03
2.744218806187412926e-03
2.974921115161766570e-03
2.982532571114176762e-03
3.049459683647421249e-03
2.840123752109023451e-03
2.846046250702563389e-03
2.914874217841598517e-03
2.620290411758869134e-03
2.696686999956696661e-03
2.703640352423410543e-03
3.157610495261324937e-03
3.037206038137774382e-03
3.209417307840782812e-03
3.269785228922295495e-03
3.263430445427018076e-03
0.000000000000000000e+00
6.294225399760755503e-05
0.000000000000000000e+00
1.892664012458537088e-04
3.234836987961018273e-04
4.639105497806998561e-04
5.964782188913556743e-04
7.564506782428262509e-04
7.671697945654661023e-04
7.069340485003499947e-04
2.400380617855397188e-03
2.468371536778519223e-03
2.397060116632353851e-03
2.326668969374424099e-03
2.680729869194520363e-03
2.674081944900454349e-03
2.608229768506965633e-03
2.743427651903389015e-03
2.944570301544310008e-03
2.939161393964067129e-03
2.875088546424979519e-03
2.258966893040947020e-03
2.256400789692377448e-03
2.183704450117473529e-03
1.808695155572245545e-03
1.812497538730866494e-03
1.886202395295299549e-03
2.111356846020276401e-03
2.110407299956416384e-03
2.037171904033594459e-03
1.411839606999980247e-03
1.578462802526740469e-03
1.246017861391075961e-03
1.036765048436576620e-03
1.101877934758369471e-03
1.050041037819367902e-03
9.686253347832239060e-04
8.290683580979854800e-04
1.733882520242131667e-03
3.081512224927530387e-03
3.075115575543482024e-03
3.142339321133152258e-03
3.006660148798332571e-03
2.857786505743781669e-03
3.003539544015229948e-03
2.874158976436520102e-03
2.550084365635679057e-03
2.441020573923779503e-03
2.583308860486464940e-03
2.560651878335367705e-03
2.492354904810457471e-03
2.623329024907122570e-03
2.609480478906200246e-03
2.395366883524699484e-03
2.536958333492325950e-03
2.511828313112478023e-03
2.349678507897873508e-03
2.487952397453064689e-03
2.461625497664968968e-03
2.605749484313945805e-03
2.767386949839493668e-03
2.679565205692505635e-03
2.749016205824592139e-03
2.618507901918760115e-03
2.611365788017962122e-03
2.631256431627073279e-03
2.448064096882121045e-03
2.552974889623577451e-03
2.543921123482882542e-03
2.489323437568878149e-03
2.514542179231365679e-03
2.470739044440358953e-03
2.455448701405044121e-03
2.525164011497044950e-03
2.566947261919102271e-03
2.625494410266509485e-03
2.591041974118760572e-03
2.638272069766947094e-03
2.722407004083526958e-03
2.798116847253866255e-03
2.787233092252107934e-03
2.727442559541556812e-03
2.606601506734461306e-03
2.681411981611565333e-03
2.689368975581899260e-03
2.596957481261888846e-03
2.676165923439838366e-03
2.664770663690192547e-03
2.907564584635157195e-03
2.699304330659292941e-03
2.775350276024216283e-03
2.769753558001952169e-03
2.613417332981823361e-03
3.148442793612587966e-03
3.090439112117281117e-03
2.958902212301811781e-03
2.966910867037468418e-03
3.028925731161087858e-03
1.342586196746598122e-04
1.298847245946903523e-04
6.604587124728899009e-05
1.947926926326856364e-04
2.689494499635672092e-04
3.316449848854586407e-04
2.619034939691576407e-04
4.200674600731747494e-04
4.069265445389784702e-04
4.780100102775518256e-04
5.861043813558327068e-04
6.225651828835380118e-04
5.606229166011350400e-04
6.707613365755687096e-04
2.549778099748188382e-03
2.543075502178406173e-03
2.474734167080197902e-03
2.329679989552961138e-03
2.615292492800291423e-03
2.818804163436707151e-03
2.812453883003885637e-03
2.749518342088374395e-03
2.881707673695891453e-03
2.185144352186205088e-03
1.962090959490713979e-03
1.963096253106710182e-03
1.884829757213292694e-03
2.036687513881551594e-03
1.489261597560090356e-03
1.493913177112640885e-03
1.406765062293075137e-03
1.574506223499834347e-03
1.181202658513331441e-03
1.253529622870405182e-03
1.174350855072755009e-03
1.108215403527867222e-03
8.866452774656090070e-04
9.615101491605189529e-04
8.945514878541762673e-04
8.207831078936212886e-04
1.648358128832221525e-03
1.728378707031778209e-03
1.654438116190197700e-03
3.012827687775655912e-03
2.588865754177341761e-03
2.741269976594735806e-03
2.724653363088865889e-03
2.311172366511900483e-03
2.441245830707279747e-03
2.420954101735745163e-03
2.417297710678481450e-03
2.465765901580660793e-03
2.548074206955647930e-03
2.371683561812352146e-03
2.329697867135928531e-03
2.596718142156457642e-03
2.424464022034332131e-03
2.519227334917795505e-03
2.523629558660135837e-03
2.420258880010575913e-03
2.515053833001761052e-03
2.516393216340493712e-03
2.434586170541488785e-03
2.529460381563297319e-03
2.536362793730682214e-03
2.441123894708553677e-03
2.266460107044511365e-03
2.373115971521386203e-03
2.383032581029314711e-03
2.285858378548222703e-03
2.407156785108637963e-03
2.393860787061469642e-03
2.258489219331097364e-03
2.361340155035821821e-03
2.368063329281045251e-03
2.250229412774338005e-03
2.349503895176925389e-03
2.356214562590489090e-03
2.344797893535600138e-03
2.476452878609809987e-03
2.435198827525718486e-03
2.489835513689947922e-03
2.507360917865594438e-03
2.572847593727234546e-03
2.555261688205927220e-03
2.710832449761974450e-03
2.585935556472198759e-03
2.654211760704413160e-03
2.658920651488533640e-03
2.601775651280038328e-03
2.591445008084599776e-03
2.830479518121551200e-03
2.835315739182990135e-03
2.902446768728123624e-03
2.697053725873619062e-03
2.698209091654688203e-03
2.768325369586162755e-03
2.450640161009920697e-03
2.535057918594995491e-03
2.528720519224401247e-03
3.020243724123323082e-03
2.894723795035233048e-03
0.000000000000000000e+00
6.723995959944826725e-05
0.000000000000000000e+00
2.006881089253824944e-04
3.435483643079455165e-04
5.019595175885426192e-04
7.314690337063903258e-04
7.442105382531248288e-04
6.576822007127303268e-04
2.406036379239187648e-03
2.477945524802906922e-03
2.403256581315350773e-03
2.332122608684900067e-03
2.689369772393345945e-03
2.619310585859192884e-03
2.685072351018728994e-03
2.754125654270427829e-03
2.888610495794009803e-03
2.951738573233381527e-03
2.260413605086828912e-03
2.259754820198605751e-03
2.185452122251703173e-03
1.806258490397198149e-03
1.884108505793374855e-03
1.807576757511419017e-03
2.114507040602964846e-03
2.112995466268686746e-03
2.037801952821200521e-03
1.334470990915834340e-03
1.411774546333406004e-03
1.330292840591034125e-03
1.568082848059509276e-03
1.257082876596654500e-03
1.028483993598107611e-03
1.104676424494002197e-03
1.032784160471781178e-03
9.567600748803050488e-04
8.088645081770240745e-04
1.726643763050219075e-03
2.557344700839223051e-03
2.708997865150717874e-03
2.573014812352685324e-03
2.297955379944701098e-03
2.151975985668024612e-03
2.296467851342959190e-03
2.274717842248186444e-03
2.196191444060119086e-03
2.319717954863724334e-03
2.344602391257046177e-03
2.258899988315945552e-03
2.376664910059267215e-03
2.433469390879726760e-03
2.116375818448566065e-03
2.255551322957009396e-03
2.233924918052144701e-03
2.084986404549247878e-03
2.216802141991204306e-03
2.198847760786238996e-03
2.291388462425841648e-03
2.450428818496027186e-03
2.441212769742978454e-03
2.429382042414199652e-03
2.422273641308137632e-03
2.382205724132070365e-03
2.241507810135317125e-03
2.338351564360302646e-03
2.344209101858140722e-03
2.262166063371281663e-03
2.275712040297915659e-03
2.254110490288015189e-03
2.245668145026800608e-03
2.333623761925739896e-03
2.339150829717989537e-03
2.428912506995309101e-03
2.411910371464395884e-03
2.470093318799299487e-03
2.586888274319731722e-03
2.654400000623328548e-03
2.643149839278940202e-03
2.586441076542151177e-03
2.442959963436696063e-03
2.520020754743987346e-03
2.524389563014717026e-03
2.430241894686993847e-03
2.513185127714878848e-03
2.508074402741030523e-03
2.763806889260003469e-03
2.550972408837060435e-03
2.624051839990029864e-03
2.624849553057913981e-03
2.446799596736456625e-03
2.824652762278722327e-03
1.369587505410259343e-04
6.740296042141693188e-05
1.356379640370378094e-04
2.031921374232046674e-04
2.976643079537976636e-04
3.592823063186071915e-04
2.831506751853723179e-04
4.515558484773294886e-04
5.188553615984954279e-04
4.356815675734662446e-04
5.701651348610326875e-04
5.783863511274174671e-04
6.505599034607557419e-04
2.547729672822449977e-03
2.476593485162074167e-03
2.548804561607552130e-03
2.333248863502351226e-03
2.618599707159942683e-03
2.759674249643760680e-03
2.187468202148371964e-03
1.962516661769976578e-03
1.962382238673970273e-03
1.883809478474323057e-03
2.038505331953119424e-03
1.486672613466994948e-03
1.409856541514933935e-03
1.488101446048976538e-03
1.567411079028376399e-03
1.174886392217764329e-03
1.254560966988987197e-03
1.178188371369031599e-03
1.100905219207621568e-03
8.726138534279509777e-04
8.798177480284846089e-04
9.503748775665495172e-04
8.011956737886517061e-04
1.643563504690422278e-03
1.724812048414594212e-03
1.646082532414706173e-03
2.279906185798969472e-03
2.420170322741746656e-03
2.436236606183601622e-03
2.062385854149748673e-03
2.186148226886735699e-03
2.174784480153695802e-03
2.133233251346854792e-03
2.173018336520289150e-03
2.226411948291071724e-03
2.274230139653601098e-03
2.099873247052826044e-03
2.073056106497649445e-03
2.285039095353406154e-03
2.234138854640610981e-03
2.333775266404820685e-03
2.329536375591355433e-03
2.214316501179721883e-03
2.318777010688720473e-03
2.317505780152306991e-03
2.180216117086174101e-03
2.262662848392751370e-03
2.299528006660246041e-03
2.237668607437267535e-03
2.042507859989859103e-03
2.153778811610693004e-03
2.150961665148832559e-03
2.045871605888155507e-03
2.156723982259536442e-03
2.165151580665200960e-03
2.045884888057625250e-03
2.148435404850149687e-03
2.151506394992747789e-03
2.043007230870172268e-03
2.145944908012347493e-03
2.142575569207002140e-03
2.157797579802231761e-03
2.250726800974114927e-03
2.245852655823908639e-03
2.312276075005943992e-03
2.400575474749385048e-03
2.322869831379621806e-03
2.381648800550346598e-03
2.568875981327758181e-03
2.440542940809484543e-03
2.512811165186264184e-03
2.513577424698626439e-03
2.436596334683666272e-03
2.435477419020614341e-03
2.693231926913604388e-03
2.622118551325767696e-03
2.549378667620133369e-03
2.287789645308020703e-03
2.365446563106630550e-03
2.368779071692429881e-03
0.000000000000000000e+00
6.855497033560244429e-05
0.000000000000000000e+00
2.160553613342041930e-04
3.739594925469975342e-04
5.101048768863847326e-04
7.074193872945912925e-04
6.379072420416624862e-04
7.196728271946499934e-04
2.394484576866425397e-03
2.471216105088871670e-03
2.400355850020284478e-03
2.327110002983703851e-03
2.268754040069170200e-03
2.264623763404140146e-03
2.191173146963683229e-03
1.798504361384170667e-03
1.880450598568323252e-03
1.802491093854118086e-03
2.116131648692229535e-03
2.115381398158988364e-03
2.038828603309158615e-03
1.325466250975675109e-03
1.405974283696064626e-03
1.330126397595258634e-03
1.564425421377205628e-03
1.249424313369726933e-03
1.014757214928566726e-03
1.021804508653815103e-03
1.094681258612324824e-03
9.428770462610959252e-04
7.898065951554223340e-04
1.720409427572694265e-03
2.242950106060283451e-03
2.401908846330718522e-03
2.261294115859029900e-03
2.053630676295472180e-03
1.866470781971829368e-03
2.008667238145407045e-03
1.992512740316957579e-03
1.898285236035324522e-03
2.047054321129592510e-03
2.026380704769539971e-03
1.943864373044497428e-03
2.101733073769661980e-03
2.071348716844065210e-03
1.985033074818540015e-03
2.123561707794264976e-03
2.138968189630571001e-03
1.843953935783799363e-03
1.979396164180911508e-03
1.965372669188042171e-03
1.828043953204560104e-03
1.955644425531834034e-03
1.945952504984578384e-03
1.987198168694699618e-03
2.141326523233287246e-03
2.134650838025607331e-03
2.224068316619112057e-03
2.197079631682053238e-03
2.168894664378424875e-03
2.039347064362758560e-03
2.137006846966384935e-03
2.139744805427161879e-03
2.043869196229735393e-03
2.043987298033295239e-03
2.044256947761835530e-03
2.041025503408301287e-03
2.152142714692730462e-03
2.154946394566705295e-03
2.242323826941242538e-03
2.232359247413080207e-03
2.299962220271928315e-03
2.495962041403714665e-03
2.279351869269787001e-03
2.354842427414036241e-03
2.360715324518545058e-03
2.269254940542279105e-03
2.349291014994800853e-03
2.354939527352056458e-03
2.472482704972816473e-03
2.283577555681937273e-03
1.379863264390447306e-04
1.375099869542771081e-04
6.795171513083859386e-05
2.178469049054072534e-04
4.146145527393619288e-04
4.333400763083897233e-04
3.551353106399804480e-04
4.921067684624137869e-04
5.477463171939402726e-04
6.274054007202662557e-04
5.591821393203733536e-04
2.331672342679672310e-03
2.192462347333182671e-03
1.959118289386787247e-03
1.960899113431613383e-03
1.878212654379033796e-03
2.037636589907607359e-03
1.479705743492910463e-03
1.483324843245224572e-03
1.401861278768758634e-03
1.561562778010589176e-03
1.162452405026553545e-03
1.243855168263107097e-03
1.168840477233997095e-03
1.087814072896373498e-03
8.521602328762122643e-04
9.332877847222505966e-04
8.625995255304167364e-04
7.789082909361833788e-04
1.637007113144290163e-03
1.717721338015799990e-03
1.640404254343942212e-03
1.942720519380588011e-03
2.113935102980965715e-03
2.094792729978539689e-03
1.816738868560737038e-03
1.931907910152984732e-03
1.938623321192022193e-03
1.854340370416009826e-03
1.881278663492608845e-03
1.919811007199888906e-03
1.963248379484595126e-03
1.985265315936618827e-03
1.835321469153488629e-03
1.821866551796636272e-03
1.964395905290827835e-03
2.032501140011881788e-03
2.132642952863701702e-03
2.123589524055332495e-03
2.010427874127890691e-03
2.095463368559631698e-03
2.111674740073133001e-03
1.987133825441804186e-03
2.083025974963497590e-03
2.072595611015397559e-03
2.035800921845401165e-03
1.812398222572426856e-03
1.927965414993679195e-03
1.928243684233803138e-03
1.818929650166036189e-03
1.932837852735403306e-03
1.929884658863289864e-03
1.839826032239775221e-03
1.942110244939462740e-03
1.941762533587112517e-03
1.838446688384797172e-03
1.939940647869056820e-03
1.939171001913511400e-03
1.977459708733783020e-03
2.067022344765999994e-03
2.064919448127631053e-03
2.138245835808238581e-03
2.145158843805267720e-03
2.224725220462001832e-03
2.213183789015447673e-03
2.417423127235739880e-03
2.274318104771394251e-03
2.269060948690422921e-03
2.354170070437683077e-03
2.122631367030605384e-03
2.204732769649477876e-03
2.201051577455021609e-03
0.000000000000000000e+00
6.905501075860148383e-05
0.000000000000000000e+00
2.649579078112821113e-04
2.006012548405208232e-04
2.816211883564849971e-04
3.394333478986533950e-04
4.802195735497426297e-04
6.923969981760370136e-04
6.191581148957160663e-04
7.000833946856873432e-04
2.192238553658713059e-03
1.797122119137367679e-03
1.878116583515159572e-03
1.797895870392741697e-03
2.117255128152203437e-03
2.116749331364661639e-03
2.037669224635073328e-03
1.316593613728167479e-03
1.398083462988373819e-03
1.321176190555513287e-03
1.557667410958966502e-03
1.238742635587825351e-03
9.973005751756625330e-04
1.079740711492400626e-03
1.006219362021816858e-03
9.239010512326913506e-04
7.721054763499393464e-04
1.716418865069826907e-03
1.910713861112844306e-03
2.079053934153292892e-03
1.926431738979810871e-03
1.814212937515532163e-03
1.590883696749267624e-03
1.718423440592517937e-03
1.727549990198811282e-03
1.603449555505090992e-03
1.736225892631389255e-03
1.749929715748825120e-03
1.630503662646827327e-03
1.786807713105919432e-03
1.765923704970575811e-03
1.680585704109366797e-03
1.833019140577012238e-03
1.813828454882686608e-03
1.740560484416094414e-03
1.864210156634967842e-03
1.864163818405118692e-03
1.583928944649634412e-03
1.706779329839449438e-03
1.712749187733313009e-03
1.579892268550540371e-03
1.698940924355401162e-03
1.702758344660848435e-03
1.638587515653267424e-03
1.815867092690281103e-03
1.791425145793706670e-03
2.021313823719661333e-03
1.998656925006886322e-03
1.982251529635227581e-03
1.838715116121845310e-03
1.935796983486241709e-03
1.938234075942082101e-03
1.815460433141480008e-03
1.829311883909974859e-03
1.838979074837617791e-03
1.838476712424247112e-03
1.974103361372344431e-03
1.975783929497699782e-03
2.062505941373307065e-03
2.056288796973713452e-03
2.130418100388508946e-03
2.193296820388993679e-03
2.197818533645838710e-03
2.119972429788202772e-03
1.361953118181022967e-04
6.709646880690563165e-05
1.371458973863074371e-04
2.006841833672059865e-04
3.912778180319977052e-04
4.031706524944138640e-04
3.270911020306735721e-04
4.692751711607023196e-04
5.235804182297512308e-04
6.078535900010136441e-04
5.358902339368709807e-04
1.960635960231203647e-03
1.959934526987409421e-03
1.878274394362666310e-03
2.038994260256971058e-03
1.472420506094918903e-03
1.476188303730256680e-03
1.393777469108163462e-03
1.554675253753125871e-03
1.150324093373960134e-03
1.156549763010873656e-03
1.233378562193916889e-03
1.072969216767819629e-03
8.315930067572809784e-04
9.142868492558985094e-04
8.420770613460616888e-04
7.611641863920192699e-04
1.632717128054526944e-03
1.714917310573795027e-03
1.634959541675223837e-03
1.541708300713856518e-03
1.729316343473696590e-03
1.746669251800443733e-03
1.576077652097046230e-03
1.695218288083515448e-03
1.694705496326746538e-03
1.586725795726501385e-03
1.596256879947536601e-03
1.615692107384424656e-03
1.653973520038650368e-03
1.709275556519845298e-03
1.689558692044759464e-03
1.581392361303207662e-03
1.577586788321129474e-03
1.589484103335612152e-03
1.834817207675710918e-03
1.932873683447767880e-03
1.922734790639589117e-03
1.820292476748971728e-03
1.903789744303751143e-03
1.914620141919790713e-03
1.805484243672767506e-03
1.891554304343064791e-03
1.895621903691660460e-03
1.836684123806034755e-03
1.566164278615931856e-03
1.688094873893971302e-03
1.692938450891171356e-03
1.611717113915102752e-03
1.714394919707233058e-03
1.726074667815718925e-03
1.632668538876828239e-03
1.735304276604576930e-03
1.735820768712394635e-03
1.638242523582346573e-03
1.738676401927811109e-03
1.737426882896647099e-03
1.798047169454001929e-03
1.887069059869199124e-03
1.886159089627783159e-03
1.970582280772692225e-03
2.053856930593938018e-03
1.972364965034473661e-03
2.046727067144760593e-03
2.041117453942587357e-03
0.000000000000000000e+00
6.813545778566328331e-05
0.000000000000000000e+00
2.540206305072716477e-04
1.943902900494521896e-04
2.596259347842752498e-04
3.224221894584391145e-04
4.564982736714964405e-04
6.655252560239994543e-04
5.936597857788179517e-04
6.792068900933769492e-04
1.797664128632705432e-03
1.797457329262873394e-03
1.879191374960487246e-03
1.307520917275637341e-03
1.312189022120046093e-03
1.389923617980449088e-03
1.551867811986197641e-03
1.228133623346415676e-03
9.816441674611012420e-04
9.896519610902295653e-04
1.065877854504086427e-03
9.057255104129035856e-04
7.484504890143423711e-04
1.714518166635917032e-03
1.554277494148403362e-03
1.735427141104562386e-03
1.547193898569917351e-03
1.570797294981282318e-03
1.333835014507657023e-03
1.459662835802764914e-03
1.460765014515786947e-03
1.320489380818952755e-03
1.460276217507028166e-03
1.456765239478214008e-03
1.326057449980245833e-03
1.466201128645897847e-03
1.476739462829134309e-03
1.346257289239972477e-03
1.512635475908127381e-03
1.490272918491306400e-03
1.401077515539604417e-03
1.572165837708418409e-03
1.543054049920569715e-03
1.517960011782848841e-03
1.336597741422116759e-03
1.458710952297744782e-03
1.458841136736395861e-03
1.341086018563513154e-03
1.459019829338590842e-03
1.459004850493335554e-03
1.340671843313105856e-03
1.491779812123427470e-03
1.439261139634577828e-03
1.827459679102991534e-03
1.812818072416484813e-03
1.801745488081092465e-03
1.645660301446149037e-03
1.741305553298880520e-03
1.740348379178565785e-03
1.589026904605885752e-03
1.622164478861824266e-03
1.635372743056752584e-03
1.641918834191226752e-03
1.798555968258743441e-03
1.798337713891482066e-03
1.885658911302091857e-03
1.884624525172362303e-03
1.965622984384411426e-03
1.699298239533962942e-04
1.528138010086639814e-04
8.352871236545392859e-05
2.122054261910255374e-04
3.501401684559254024e-04
3.709572887335472091e-04
3.014813847653647879e-04
4.364116845381231730e-04
4.713847759208494750e-04
4.978612096378877199e-04
5.682920346961646422e-04
1.883464314432426769e-03
1.467870477109883528e-03
1.386937568543227667e-03
1.470244337096826472e-03
1.550285112805124387e-03
1.138848932972169603e-03
1.223144475034674585e-03
1.144732298409167686e-03
1.059380383644645523e-03
8.118931513094482071e-04
8.219387583134771464e-04
8.966221217167818580e-04
7.378394033779748021e-04
1.628152156741279576e-03
1.630519379244367659e-03
1.712925133653982537e-03
1.248685620311535457e-03
1.398446446060640919e-03
1.404826934140314442e-03
1.350561778057426552e-03
1.461881368703468959e-03
1.458573035284065718e-03
1.326641903964454004e-03
1.334732937428213979e-03
1.322309035961137958e-03
1.334706474685762876e-03
1.371012275635724543e-03
1.369809494798565662e-03
1.338491910591143967e-03
1.345593150586532139e-03
1.118946230587870199e-03
1.333938880871898000e-03
1.231510429280958116e-03
1.647330518318396468e-03
1.740217205525095056e-03
1.733833238903817030e-03
1.637270602304143757e-03
1.721383087465232047e-03
1.727988088178989030e-03
1.626493349962134698e-03
1.715251484064407366e-03
1.712323644310704586e-03
1.646467668191483680e-03
1.342284627553523698e-03
1.477078824077964880e-03
1.452872224370544514e-03
1.414533633793691510e-03
1.523768771587702365e-03
1.512057979812531485e-03
1.434854422621785388e-03
1.536712461956687720e-03
1.532713030639638397e-03
1.445047584463983372e-03
1.545472878443229824e-03
1.540649411925510684e-03
1.627464792103121500e-03
1.712047780692366400e-03
1.713058052269345044e-03
1.798158041561882413e-03
0.000000000000000000e+00
8.477145425158084089e-05
0.000000000000000000e+00
2.593128536058243575e-04
4.098124674030391369e-04
6.533368665891371675e-04
6.595866359521676461e-04
5.611231296413868872e-04
1.300433914068395338e-03
1.304096083566577951e-03
1.384173141802083791e-03
1.547313701430809516e-03
1.218800445070149490e-03
9.658866218249465702e-04
1.052303727666752901e-03
9.739359067558989820e-04
8.879535973811463140e-04
7.325925664093047756e-04
1.712645213302726446e-03
1.162153458793887834e-03
1.363423669396310843e-03
1.205678550903199536e-03
1.181472796616908107e-03
1.346182279215825395e-03
1.057093865302448669e-03
1.186580118763826911e-03
1.196169787475538301e-03
1.080251663686635768e-03
1.208941117688287553e-03
1.205023925238515739e-03
1.033860080843936741e-03
1.177394064350193803e-03
1.178219549414667505e-03
1.016139715255656457e-03
1.172781849425413381e-03
1.178579388881739005e-03
1.019986876363360422e-03
1.207672027121235291e-03
1.185658262366190647e-03
1.049839733113245785e-03
1.193837600655462544e-03
1.228803848743291027e-03
1.099295665923593311e-03
1.220551765860723205e-03
1.216138909139001783e-03
1.115290094586978342e-03
1.233185140024286794e-03
1.226509323160220131e-03
1.080312620592164185e-03
1.642247526083846082e-03
1.631844432611391938e-03
1.627012398770162670e-03
1.457357666640488308e-03
1.550552830970272156e-03
1.552387726530224561e-03
1.378675760300934403e-03
1.424703707877405384e-03
1.439933894317847653e-03
1.451229869407644679e-03
1.627861421940644945e-03
1.567087588377003363e-04
7.712121837426801844e-05
1.634418089449641653e-04
2.918201612682837557e-04
2.299706279063186236e-04
3.212194309934055447e-04
3.807598531204452099e-04
5.028984176990802888e-04
5.783429847068493994e-04
4.869720869838483593e-04
1.466035846308012683e-03
1.467029460107704660e-03
1.382455328386292650e-03
1.547148685570119914e-03
1.129336907137585850e-03
1.214900850902319836e-03
1.134227154085245453e-03
1.046668010876278991e-03
7.955370364193144195e-04
8.038835232222836698e-04
8.805898163025873554e-04
7.236253501497352542e-04
8.016513507300229453e-04
9.841185508204658167e-04
1.033331148113071900e-03
9.656049570455396127e-04
1.121308342020069064e-03
1.233985094300417678e-03
1.231577794530773181e-03
1.045081022127117851e-03
1.068417379216339645e-03
1.089566931744140538e-03
1.024263023335106066e-03
1.016646952887972910e-03
1.032288112341342738e-03
1.107133810219704858e-03
1.118065083535912246e-03
7.185651537195741814e-04
9.173232985083555656e-04
8.888854057582792553e-04
1.463823366335837914e-03
1.554666552519616335e-03
1.550481482123748948e-03
1.483960286417860229e-03
1.555226338365176420e-03
1.559963001100767846e-03
1.469193279519030683e-03
1.548395644414478096e-03
1.547185764188062406e-03
1.460613639262134259e-03
1.223796625759463429e-03
1.319150578664069406e-03
1.282308310825918405e-03
1.227633575761436250e-03
1.331317305545639835e-03
1.319974423012240487e-03
1.246662079414980829e-03
1.345909862334359035e-03
1.339650548692001729e-03
1.262771944408467217e-03
1.360076888174731888e-03
1.352855791833629728e-03
1.546063738943946044e-03
0.000000000000000000e+00
7.822827641379628144e-05
0.000000000000000000e+00
2.241490273061642316e-04
3.282606538931319472e-04
4.000398797717563508e-04
3.098523231263032758e-04
6.560806965425567804e-04
5.788330477439781021e-04
6.547473499395964087e-04
4.143808185579233206e-04
1.298550349017820816e-03
1.382371847115064370e-03
1.299568662630269308e-03
1.213062479491587489e-03
9.493026053648002385e-04
1.039242762141233487e-03
9.577575583142349577e-04
8.714733040538745219e-04
7.257737662678545934e-04
6.978598684499019451e-04
9.420272403886601614e-04
7.483387065792574278e-04
7.525132097415180004e-04
1.172935618473577206e-03
7.652124315884819986e-04
8.964516594895007018e-04
9.115316452428376057e-04
8.181767591178033339e-04
9.494385038909272873e-04
9.351936459649149835e-04
8.517749071349058412e-04
9.639326095643125725e-04
9.757510780484802927e-04
7.425212504763335775e-04
8.888792719123385366e-04
8.757394040404890530e-04
6.185294864439958018e-04
8.186190560444940546e-04
8.133288448482615431e-04
7.017600063262567417e-04
8.632445404980675172e-04
8.714505171105234142e-04
8.754282136412577147e-04
9.854113260292026062e-04
9.954719329664444942e-04
8.991896415372199400e-04
1.010529020320786748e-03
1.005432786889744450e-03
7.068329132992762784e-04
1.473977369991780282e-03
1.476531728900803975e-03
1.467643639524264737e-03
1.279267107609335452e-03
1.371466029903250887e-03
1.367284178970227821e-03
1.225651653134093811e-03
1.237189493185580132e-03
1.254769657882318914e-03
1.271102860163540304e-03
1.657775057492712472e-04
1.612077434879015240e-04
8.165053845260594073e-05
2.413012294548195645e-04
5.642658899272241357e-04
6.105265929639412019e-04
5.331647545308137309e-04
3.432025255867787142e-04
4.230928220172117528e-04
3.356732179367616104e-04
1.383125757394503691e-03
1.116958294628823652e-03
1.207820363402089744e-03
1.123282050922868106e-03
1.032112975959648994e-03
7.736010847557629093e-04
7.847529459852426110e-04
8.613253271102332392e-04
7.141606081917995820e-04
3.998168450077814072e-04
6.088183394289558735e-04
5.423539030542449653e-04
3.549445430389263755e-04
5.432752473329389249e-04
5.707042696000376100e-04
1.018884242385248223e-03
1.068943073369960431e-03
1.120321771076241779e-03
7.535413546726676872e-04
7.918349156745411229e-04
8.349697502940653425e-04
8.635439875963918550e-04
6.815314947648228386e-04
6.567213980228304906e-04
8.873007782033869766e-04
9.061944533346063223e-04
1.012585952520111271e-03
9.026315854730001436e-04
3.247333454245182084e-04
5.132199031184840566e-04
5.165330055006351131e-04
1.308054190970896116e-03
1.384955906985082955e-03
1.395579423764129997e-03
1.388946368001405234e-03
1.293853677933836429e-03
1.123434274750383013e-03
1.047015685332877352e-03
1.136191318317451111e-03
1.146854283589953923e-03
1.066618843236792104e-03
1.155495480347362670e-03
1.164664147410464194e-03
1.085295212107164307e-03
1.172912412593787390e-03
1.182214246504263407e-03
0.000000000000000000e+00
8.279293156431324072e-05
0.000000000000000000e+00
2.469869578043830437e-04
4.520612782112168890e-04
6.684004075797474968e-04
2.531890892599406029e-04
1.303300171071818028e-03
1.211343950439024934e-03
9.308784653541160277e-04
1.023821866283395558e-03
9.402493180468997867e-04
8.512374171505988083e-04
0.000000000000000000e+00
4.226114360784813048e-04
2.233325231316916882e-04
3.703858691318802202e-04
3.364037550668838930e-04
9.629551341189334463e-04
4.882806347831456515e-04
6.264691354731421937e-04
6.113749381351217017e-04
5.031548744864203573e-04
6.305624590494522978e-04
6.599687952790845918e-04
5.986482971670089009e-04
7.059997650616809057e-04
7.250333229028761315e-04
6.358157244142019883e-04
7.415478548457004725e-04
7.554824193538004114e-04
4.843857738894367373e-04
6.129701043274291905e-04
5.486748411321407982e-04
3.276518968487410893e-04
5.077222863247880455e-04
4.745021844107887954e-04
6.651146249425529634e-04
7.819739035746955773e-04
7.682269997472521064e-04
7.091616347823188676e-04
8.025654668951196641e-04
8.074215110878207261e-04
3.251696836995460237e-04
1.101808730521137416e-03
1.189416008073991126e-03
1.204875291539081938e-03
1.033058720691916845e-03
1.056896991259630679e-03
1.076057297292651489e-03
1.093665493123464763e-03
1.766801473897801182e-04
8.699313041177659123e-05
1.711764963758729023e-04
3.664117305867614161e-04
3.546760703104835134e-04
4.652981586380264918e-04
7.432647651226027439e-04
7.586487772014154259e-04
6.523252383845683103e-04
2.599018128282249655e-04
1.109514382581744526e-03
1.015242325493981778e-03
8.369067229888009886e-04
0.000000000000000000e+00
0.000000000000000000e+00
1.764275699360848412e-04
1.789520675059903170e-04
0.000000000000000000e+00
1.607508337386248556e-04
1.608358525626794313e-04
7.835821012471431632e-04
9.006140705438185016e-04
8.439965553061972532e-04
4.860493923687968037e-04
4.955790328539683588e-04
5.514590774122946938e-04
6.173560745619279238e-04
6.505481215182499230e-04
2.602299895817174104e-04
4.329865910184146601e-04
3.722918541421371360e-04
2.918472845879664461e-04
6.873470018895292679e-04
7.467208699573878996e-04
0.000000000000000000e+00
1.509827983564297109e-04
1.613895011926656125e-04
8.354678651087047271e-04
9.256808243878033703e-04
9.410769790243847825e-04
8.637723302674153681e-04
9.540827648518508848e-04
9.650737996120963653e-04
8.872337975003372198e-04
9.756686708990081796e-04
9.861171228882374597e-04
9.096720994735537844e-04
9.962939415165056930e-04
1.005610172391851326e-03
0.000000000000000000e+00
8.818815108771521822e-05
0.000000000000000000e+00
5.489292087844040201e-04
4.563766256268226283e-04
5.567494345088011640e-04
2.701106475551172219e-04
6.458406851837914962e-04
9.204333153340362415e-04
8.253458089623086054e-04
0.000000000000000000e+00
0.000000000000000000e+00
8.097509383658390561e-04
2.294686584838215662e-04
3.522983378056360236e-04
3.575989496694146545e-04
2.505968305498482000e-04
3.647731351242481474e-04
3.751929932833564393e-04
4.019327165906051323e-04
4.997793386189469016e-04
4.513135334294474305e-04
4.094188332877689621e-04
5.222472986623962355e-04
5.018943069229572264e-04
4.263514737172860989e-04
5.452685101544807369e-04
5.287695380770361664e-04
2.440685883705000616e-04
0.000000000000000000e+00
1.543468884282825772e-04
1.286559584133187403e-04
4.483985148143068244e-04
5.777677184229450215e-04
5.542487584472293068e-04
5.669232635372687150e-04
6.748947630789495222e-04
6.369553265685309277e-04
0.000000000000000000e+00
8.497584972963806611e-04
8.756379832784502715e-04
8.985997879965534592e-04
1.966347268753864340e-04
1.865195604926451426e-04
9.652222364422562454e-05
3.786052235162778177e-04
3.724524506939678819e-04
4.635963643648701826e-04
2.816694280936661099e-04
7.140857430537879240e-04
7.288735180578447773e-04
6.303249511866353474e-04
8.116877458026061512e-04
6.124617971368073168e-04
6.968351937390211692e-04
7.236062001983983426e-04
2.400914999178940302e-04
3.268134754468854375e-04
4.056319867889718713e-04
4.179147625549595223e-04
4.374651258664102849e-04
0.000000000000000000e+00
1.244323664275267258e-04
1.135717661418851366e-04
0.000000000000000000e+00
5.080468074409145388e-04
5.898929101570577491e-04
6.559898306030901563e-04
7.596443236276586002e-04
7.443686981984546985e-04
6.838498190702930806e-04
7.853181033803604974e-04
7.724474993761084977e-04
7.994316144183136142e-04
0.000000000000000000e+00
9.784138670001725003e-05
0.000000000000000000e+00
2.866574911309022807e-04
5.191981412407527209e-04
5.342550660228590279e-04
4.479494322140930782e-04
6.163605800343102291e-04
6.344509520604207876e-04
0.000000000000000000e+00
1.105744485677085466e-04
1.239980950676865528e-04
2.042213828440653234e-04
2.266673511074854556e-04
3.011741068081068198e-04
3.064926995632465839e-04
2.100517851250075408e-04
3.074705609900326483e-04
3.177074088814240251e-04
2.132108893610163639e-04
3.174256368883650488e-04
3.303717863545196790e-04
0.000000000000000000e+00
3.938412974086602254e-04
4.205677790778272621e-04
4.793594040403205718e-04
5.029721071420495404e-04
6.700845893696253048e-04
6.991572614639960173e-04
1.448269128476170479e-04
7.127923643879548296e-05
1.710264041680388384e-04
3.185284061522097344e-04
3.488277756109905395e-04
2.564501623351090318e-04
4.183345254976776769e-04
6.002931019444915925e-04
4.359877011861948122e-04
5.455368654718530412e-04
5.228210703387465739e-04
0.000000000000000000e+00
0.000000000000000000e+00
1.212059984164053398e-04
1.015114925415127407e-04
2.071229126774687705e-04
2.116088281855156474e-04
1.933062877373181796e-04
3.180413186214601888e-04
2.030437681827511884e-04
2.932430613976043919e-04
4.151817865493587201e-04
4.799368466831009975e-04
5.665181588573172874e-04
5.815359458795615194e-04
0.000000000000000000e+00
7.224457991120086873e-05
0.000000000000000000e+00
2.310134487604973417e-04
4.997972532407769395e-04
3.978910706824301128e-04
4.582193890459600508e-04
0.000000000000000000e+00
0.000000000000000000e+00
9.956494580820612504e-05
1.043343638383537129e-04
0.000000000000000000e+00
1.025329154085016456e-04
1.058415582551221613e-04
0.000000000000000000e+00
1.041588730243873755e-04
9.613762398449926137e-05
2.021636818909656986e-04
1.977879526035767450e-04
2.960100157648663344e-04
3.182659034994837007e-04
1.180296844089575176e-04
5.821726084901915788e-05
1.315839211028281021e-04
2.800790816081398689e-04
2.995092140189204734e-04
2.112447530949965462e-04
3.793949411350156973e-04
3.566052093014123207e-04
0.000000000000000000e+00
0.000000000000000000e+00
0.000000000000000000e+00
0.000000000000000000e+00
9.471853050141990299e-05
1.007571091536902481e-04
2.415544420674311621e-04
0.000000000000000000e+00
5.901276536868469986e-05
0.000000000000000000e+00
1.985384681049125546e-04
0.000000000000000000e+00
9.933333381160810841e-05
1.593695349081724146e-04
