1.000000000000000021e-02
9.803719706105856746e-03
1.000000000000000021e-02
9.901865570796390334e-03
1.000000000000000021e-02
9.903225383385307751e-03
9.839554016790104385e-03
9.821423086243032813e-03
9.920881300689058171e-03
9.821608205059381702e-03
9.910569170314676574e-03
9.812845671030310038e-03
1.000000000000000021e-02
9.919686436414906425e-03
1.000000000000000021e-02
9.668095914035506819e-03
9.754229524313815999e-03
9.737207437865229645e-03
1.000000000000000021e-02
1.000000000000000021e-02
9.911718899063198807e-03
9.652440060081382556e-03
9.737954403118247171e-03
9.727663923712845037e-03
9.877698665567265224e-03
9.939591202035105016e-03
9.858401194523866776e-03
9.711184497189188566e-03
9.689371030829953615e-03
9.776681351554006999e-03
9.629710782629230179e-03
9.648714729472271726e-03
9.717344945010336632e-03
9.842669093664744434e-03
9.921136749472510633e-03
9.832292749795835951e-03
9.645111706741810523e-03
9.733119127228120546e-03
9.648783905224096388e-03
9.641270087673070588e-03
1.000000000000000021e-02
9.938607489111786139e-03
1.000000000000000021e-02
9.794956448651664926e-03
9.521651882684060292e-03
9.596023204063131376e-03
9.616430863687186470e-03
9.504959716285548560e-03
9.568128263624464669e-03
9.586582406981673798e-03
1.000000000000000021e-02
1.000000000000000021e-02
9.922082788372504902e-03
9.744881901464826773e-03
9.498431657048686180e-03
9.572696838527525523e-03
9.575323130492514531e-03
9.501553858743823702e-03
9.577868071468181865e-03
9.565532558941193531e-03
9.823613189186787900e-03
9.851190686290452539e-03
9.913089054548379631e-03
1.000000000000000021e-02
9.911553286907079721e-03
1.000000000000000021e-02
9.827680408701156348e-03
1.000000000000000021e-02
9.913534432545542674e-03
1.000000000000000021e-02
9.915200316775762621e-03
9.766746797441709649e-03
9.568819064519075088e-03
9.640716047777627903e-03
9.545050779247422901e-03
9.513264295017363412e-03
9.503307661704454151e-03
9.852753720506706933e-03
9.847785550564102514e-03
9.926233170939298758e-03
9.702639613786843281e-03
9.674326606021049768e-03
9.772393804059042316e-03
9.500041481314176750e-03
9.479383511716794886e-03
9.488862171249326169e-03
9.562348415155970394e-03
9.825688035089681985e-03
9.824958697970957028e-03
9.826450283009701206e-03
9.914264261369057363e-03
1.000000000000000021e-02
9.912370323982759232e-03
1.000000000000000021e-02
9.608623806107481277e-03
9.661020963720469076e-03
9.716956994227940111e-03
9.429765359440867370e-03
9.476699894269821275e-03
9.499952540264328810e-03
9.588540287337453741e-03
9.349340284584077912e-03
9.428293212108824345e-03
9.435462423296942999e-03
9.348743070807843600e-03
9.426192930768175979e-03
9.426791115213219510e-03
1.000000000000000021e-02
1.000000000000000021e-02
9.927056908126383195e-03
9.778275697544382833e-03
9.577530304473828859e-03
9.611084319612652957e-03
9.640455250055954273e-03
9.346782382295974051e-03
9.423584565206706565e-03
9.424135658943032234e-03
9.341338341524589237e-03
9.411163740725923474e-03
9.419893029110783592e-03
9.528940613656829844e-03
9.620722187942938944e-03
9.724893111102948101e-03
9.724930636456722080e-03
9.633110705531111248e-03
9.729133266819720016e-03
9.732922809311431861e-03
9.834712955603812021e-03
9.919108899426759898e-03
9.829816522372004928e-03
1.000000000000000021e-02
9.917085361647016983e-03
1.000000000000000021e-02
9.614630396581065608e-03
9.383400916248675963e-03
9.406404009734208385e-03
9.453208056698999065e-03
9.519084246074281316e-03
9.349144547291542151e-03
9.366257967608171767e-03
9.347843259284317752e-03
9.860982607453844945e-03
9.930404159789392102e-03
9.856928327474269100e-03
9.714603656023656011e-03
9.783546216439920409e-03
9.708709394624398525e-03
9.585969940193546021e-03
9.644108845052170795e-03
9.581836144776220351e-03
9.344112790666265003e-03
9.333129829544333303e-03
9.406267292158236246e-03
9.337270780726703717e-03
9.471981667479818789e-03
9.524704548937095588e-03
9.475709946159465574e-03
9.626872842526142462e-03
9.639070145249369406e-03
9.636178098621103055e-03
9.734383920708869486e-03
9.737070570963686500e-03
9.828779171005030610e-03
9.916406927404383329e-03
9.831942817998587034e-03
1.000000000000000021e-02
9.913963262804329976e-03
1.000000000000000021e-02
9.430155681203996818e-03
9.521053533896381774e-03
9.525388457577808193e-03
9.241743033865748927e-03
9.313309187286971172e-03
9.335781637221967494e-03
9.430114342032228786e-03
9.187613317216868081e-03
9.268280398250268101e-03
9.269211702094291849e-03
9.204739225575199121e-03
9.277752818063077569e-03
9.294040087726376451e-03
9.188943724013458325e-03
9.268765282586887908e-03
9.268902152853780718e-03
1.000000000000000021e-02
1.000000000000000021e-02
9.931125653798202058e-03
9.788421344628721668e-03
9.650678517206075918e-03
9.529474833072513335e-03
9.188629614552027564e-03
9.265951579241630057e-03
9.267686507158128667e-03
9.187033455725825831e-03
9.260942895887231893e-03
9.264197815711772491e-03
9.403323555834418312e-03
9.430177774514438352e-03
9.527423198309776728e-03
9.531796130667263833e-03
9.433903798039596639e-03
9.536071891321091717e-03
9.536545492366495236e-03
9.651828333818921607e-03
9.645489241143070935e-03
9.745958068052618106e-03
9.740381799564493820e-03
9.783713193575743414e-03
9.807148658833064400e-03
9.894894564023414343e-03
1.000000000000000021e-02
9.891194480058847563e-03
1.000000000000000021e-02
9.430351936494397666e-03
9.240493652967116806e-03
9.241318842497518032e-03
9.336965616258515593e-03
9.223121139244720712e-03
9.335245016835063553e-03
9.188400996268011878e-03
9.196172323307489141e-03
9.188893684910775725e-03
9.865290072705730842e-03
9.863175107543396131e-03
9.932614788598158329e-03
9.738368723414894679e-03
9.726609890624345750e-03
9.799676977624394852e-03
9.605923839649853704e-03
9.660037784553402937e-03
9.596117781008540321e-03
9.460192960854377914e-03
9.523001800502953543e-03
9.466106761887084844e-03
9.187926441671307939e-03
9.184979059764834808e-03
9.259068962649058196e-03
9.186100899384382068e-03
9.327915257834301643e-03
9.399963131860346321e-03
9.330584793656261644e-03
9.432226718038847282e-03
9.438188977955501435e-03
9.436300768873258360e-03
9.541499021697165059e-03
9.545023631431233391e-03
9.623569662671320815e-03
9.729178758483702713e-03
9.638342575674790219e-03
9.703230107176710403e-03
9.735901284165402944e-03
9.872796832280563567e-03
9.761104067361163136e-03
1.000000000000000021e-02
9.867030726322917333e-03
1.000000000000000021e-02
9.237501039923167595e-03
9.335760488068778340e-03
9.333687510677569910e-03
9.037736058635843783e-03
9.139122214654005899e-03
9.141708246796376863e-03
9.046456195788688676e-03
9.126528893229844328e-03
9.144167722064571249e-03
9.239263713250416357e-03
9.024141525655208010e-03
9.107651160783325484e-03
9.105832418579673862e-03
9.009289778155212328e-03
9.099596466303070535e-03
9.107025363757579109e-03
9.028738927538625461e-03
9.109713048078059081e-03
9.108791713599221143e-03
1.000000000000000021e-02
1.000000000000000021e-02
9.933258624363930714e-03
9.802447521573689343e-03
9.672399552007581933e-03
9.533753585153891333e-03
9.394757717619803966e-03
9.032823004025219982e-03
9.110874871048085799e-03
9.110701573699328190e-03
9.035403444189977346e-03
9.111065947598091797e-03
9.111215519781350539e-03
9.257250490655599337e-03
9.231100850466919874e-03
9.332843610681216054e-03
9.332282462394989389e-03
9.220423839536615734e-03
9.329835680926976127e-03
9.328980815301948087e-03
9.435032717585610171e-03
9.547051227294723816e-03
9.437097016359977802e-03
9.529664946827429151e-03
9.484129042632519907e-03
9.556893730929430161e-03
9.638603696467216292e-03
9.608415096072343148e-03
9.726421334948883585e-03
9.732067141142074218e-03
9.870139487742440182e-03
1.000000000000000021e-02
9.861770993654914164e-03
1.000000000000000021e-02
9.693369751814551877e-03
1.000000000000000021e-02
9.842829825353992604e-03
1.000000000000000021e-02
9.858161485231276000e-03
9.234684335777704201e-03
9.042359278166664863e-03
9.040257204279171163e-03
9.143315654301186965e-03
9.042393898618886899e-03
9.027774388675803910e-03
9.139740662803758423e-03
9.016934503337922444e-03
9.026608745706125522e-03
9.030934192304457958e-03
9.843760153652158715e-03
9.921911231279684912e-03
9.854457128100882826e-03
9.726859025503253181e-03
9.796242298490295125e-03
9.732599898002493310e-03
9.667096146099172713e-03
9.453408543195760891e-03
9.529683622048796751e-03
9.456854520405687942e-03
9.320783107912632842e-03
9.390522891812141601e-03
9.324414842745243001e-03
9.034252867159678693e-03
9.037099585835045232e-03
9.111049494181776634e-03
9.036391226943881611e-03
9.181698453418476666e-03
9.254837812201145014e-03
9.183436675868864030e-03
9.226319012341154327e-03
9.203776024868501673e-03
9.324338733312302965e-03
9.212934270729878500e-03
9.318888963707253753e-03
9.459336686357055005e-03
9.426129726615583779e-03
9.458344198669126762e-03
9.587917087368903399e-03
9.574063340417712092e-03
9.712869815125219769e-03
9.649293790382849206e-03
9.843548226817462957e-03
9.679024734991319157e-03
1.000000000000000021e-02
9.796132765298053158e-03
1.000000000000000021e-02
9.027958183531376718e-03
9.134911700316421940e-03
9.129232465164531171e-03
8.819653895834765958e-03
8.930796205750300004e-03
8.931020003691178891e-03
8.835874934600491254e-03
8.936842437719659527e-03
8.943173751589671150e-03
8.837965775294819373e-03
8.924893204092173432e-03
8.942466191746106449e-03
9.035676035368474940e-03
8.846855303641527543e-03
8.936705269242978256e-03
8.928071383531285821e-03
8.861863793089170063e-03
8.946401010734529244e-03
8.942926920637380914e-03
8.871564665507822647e-03
8.953210543001162772e-03
8.950101162851891931e-03
1.000000000000000021e-02
1.000000000000000021e-02
9.922591555541423330e-03
9.785987148340932751e-03
9.587823231170005539e-03
9.657465203846251137e-03
9.596865715758892690e-03
9.387772074771962016e-03
9.521277094784704256e-03
9.251987311325014091e-03
8.878572874006762303e-03
8.957941094771425597e-03
8.955676328747844139e-03
8.883566746103460990e-03
8.961237574617525806e-03
8.959487358701362369e-03
9.110203563839333607e-03
9.007696369501447600e-03
9.121961948994091254e-03
9.113622179191085623e-03
8.979530115349954739e-03
9.103049710604009873e-03
9.091011353195873126e-03
9.179823405268560180e-03
9.193068004907992835e-03
9.311604547295057599e-03
9.331544431378305249e-03
9.140004110238708970e-03
9.319670096054472053e-03
9.281137815490394030e-03
9.375392195661649830e-03
9.561145529009234048e-03
9.405630124943843359e-03
9.530239142977337680e-03
9.266756911593931542e-03
9.497471317742606917e-03
9.451505631998749143e-03
9.260690251738326606e-03
9.489333701256923159e-03
9.568812726977111646e-03
9.018556728343505788e-03
8.817960262403596802e-03
8.819157742725658097e-03
8.932405341132921422e-03
8.828190877669086362e-03
8.837144881528972984e-03
8.842640564856540583e-03
8.922674919419332565e-03
8.854631310873219488e-03
8.866932116466554395e-03
8.875254373180901935e-03
9.862375548909342940e-03
9.853188240440388657e-03
9.931152864744175954e-03
9.696090625516904857e-03
9.711411302804827742e-03
9.770297014280449055e-03
9.642405371887055598e-03
9.312648970581491673e-03
9.316789990633071034e-03
9.383099466580767725e-03
9.448115441095833456e-03
9.450831650563457087e-03
9.518054565320694521e-03
9.178040109224216633e-03
9.249459934361650357e-03
9.179979925405021279e-03
8.881241064487961634e-03
8.890026877450833004e-03
8.963566484584871430e-03
8.886993351504906061e-03
9.037942787559368613e-03
9.109843016896566892e-03
9.037668337661938778e-03
8.994666312569659511e-03
8.941537411424118134e-03
8.962063606839817259e-03
9.076348312124664364e-03
9.059706024111930170e-03
9.162158781282740000e-03
9.075807927039287321e-03
9.112051518635451777e-03
9.258022324752146481e-03
9.222066684855116311e-03
9.335372520047123188e-03
9.290417626232448309e-03
8.799656200751203305e-03
8.903168963414221163e-03
8.916150943626844488e-03
8.601327293388199777e-03
8.709457698827222094e-03
8.712442150098720708e-03
8.616673994679791698e-03
8.728188872654783076e-03
8.718044862228843325e-03
8.638243239424605452e-03
8.739716487556233038e-03
8.737050700526173205e-03
8.663684612093403362e-03
8.756562804465970254e-03
8.750779079378424169e-03
8.809490636012108980e-03
8.685157079795767857e-03
8.774664943808397483e-03
8.765890091180417523e-03
8.702325444581042457e-03
8.788006517115441729e-03
8.781999150236466031e-03
8.715454806866140824e-03
8.793451079847679555e-03
8.798003110859348164e-03
1.000000000000000021e-02
1.000000000000000021e-02
9.931691834071765951e-03
9.722090453393079229e-03
9.792746348224258199e-03
9.782804861175871045e-03
9.709221758344139738e-03
9.587170302432480862e-03
9.587563509735512815e-03
9.641645142321065426e-03
9.246019779401109043e-03
9.381045814694727661e-03
9.518294137159016843e-03
9.108730579016463894e-03
8.725637681261121797e-03
8.802078770277608696e-03
8.805538999749239898e-03
8.964802722796910012e-03
8.731099032224144338e-03
8.807348055247956817e-03
8.811537770994680788e-03
8.762968758331286107e-03
8.888048819840980649e-03
8.870538794825732001e-03
8.713576771805215879e-03
8.849712431473165386e-03
8.826574756001405800e-03
8.888188376699338381e-03
8.917218880573774681e-03
9.038503369330333492e-03
9.012596942530646735e-03
8.808607705010285810e-03
8.979681487916713750e-03
8.939934792498478375e-03
8.963582378763927661e-03
9.027464877757218273e-03
9.176589668431661337e-03
9.109931082566070232e-03
8.787295002153661452e-03
9.048160516667154776e-03
9.013058524305008271e-03
8.782475264382883298e-03
8.579267226738060415e-03
8.590990393451786514e-03
8.700964515928950871e-03
8.609503767954201220e-03
8.627924728617794928e-03
8.651412899442408391e-03
8.674801731278847586e-03
8.689086629179540444e-03
8.694044328802179658e-03
8.709137256018958245e-03
8.720760078545454139e-03
9.865793971645430219e-03
9.932896115431615741e-03
9.864121384126152761e-03
9.728790151599785857e-03
9.795586070130091194e-03
9.725517488116749640e-03
9.655138846521792509e-03
9.172473901563286264e-03
9.242628024259690739e-03
9.175374299982113832e-03
9.309348515872374608e-03
9.378827457006987112e-03
9.311106317603205437e-03
9.451883146535172350e-03
9.519627643446276419e-03
9.450111150848880884e-03
9.040747110772420769e-03
9.109421664020846479e-03
9.039520510008001650e-03
8.728549310802849112e-03
8.885008275652809401e-03
8.887668927546416020e-03
8.961505493794718474e-03
8.738543886119345960e-03
8.735005536757723885e-03
8.814383824457837358e-03
8.739921627577180649e-03
8.650010365518710428e-03
8.684078552423354913e-03
8.799370568828087866e-03
8.767724502466042041e-03
8.852207369954382191e-03
8.698823591204206743e-03
8.892498624154318923e-03
8.759266122577680572e-03
8.828281436933723900e-03
8.788956005647993036e-03
9.024295720119510783e-03
8.885765547294345590e-03
8.797492275167786632e-03
8.549102665628985354e-03
8.655405825337176770e-03
8.676980255853821572e-03
8.363949148118872065e-03
8.484596431132347336e-03
8.471179652676758681e-03
8.391750387584993517e-03
8.506026105940941648e-03
8.496281511012230420e-03
8.431425582934666887e-03
8.536362824944628697e-03
8.523848172691795427e-03
8.466036574407689516e-03
8.551933641472754533e-03
8.566206125599343246e-03
8.498708983116526339e-03
8.581009630116114353e-03
8.593140593461520357e-03
8.565164411516305518e-03
8.525770655606550175e-03
8.605313471191351413e-03
8.615121620649921971e-03
8.546078321983813231e-03
8.624097115764251323e-03
8.631767869559950346e-03
8.561989756430646303e-03
8.644758263605419393e-03
8.638654813725766407e-03
1.000000000000000021e-02
1.000000000000000021e-02
9.933366296861284583e-03
9.797785803144724165e-03
9.588948317438497279e-03
9.659411899853144814e-03
9.655552337866113097e-03
9.588141825926771097e-03
9.107246807658874940e-03
9.241560762672740292e-03
9.381286208559059744e-03
9.521029793557397175e-03
8.963709521131121155e-03
8.574279130245042804e-03
8.653563589800804950e-03
8.649921936863320948e-03
8.812721068631599458e-03
8.583843309148289288e-03
8.661994113439090703e-03
8.657451128811848376e-03
8.494315750959215497e-03
8.603026631700967305e-03
8.631408224988597333e-03
8.423389490362125781e-03
8.571414859655897972e-03
8.535489351114058237e-03
8.566225973843358613e-03
8.731043684627690440e-03
8.611328678567970601e-03
8.685593718586468240e-03
8.459415705625094456e-03
8.577065740652782197e-03
8.637212838309827820e-03
8.482952454492638170e-03
8.600887971607174692e-03
8.726846793617419953e-03
8.632497260249279852e-03
8.379963273795284009e-03
8.587711995491791039e-03
8.578301247605014598e-03
8.523256032083668943e-03
8.330339277844411514e-03
8.456920357376773723e-03
8.348079129503685122e-03
8.378553708043532181e-03
8.412327945284124239e-03
8.449356847144966903e-03
8.482903608580685817e-03
8.512667151373266156e-03
8.439087552756607477e-03
8.536245423760274731e-03
8.554299303461510712e-03
8.568365689482096079e-03
9.868003559557121315e-03
9.866928833125631487e-03
9.934040591757167457e-03
9.733623184951429447e-03
9.799764993903621602e-03
9.731275348012444551e-03
9.577940861442875431e-03
9.653457079194554397e-03
9.583513699775976849e-03
9.037987474805813520e-03
9.105278020456658572e-03
9.039531242258506613e-03
9.165529154279431628e-03
9.237536235331814116e-03
9.169134667260941604e-03
9.300295223483960594e-03
9.376243185738777908e-03
9.304926049298105351e-03
9.440307282697749103e-03
9.514796907454409203e-03
9.446168509280448988e-03
8.920659959809408221e-03
8.903244872219847825e-03
8.980684188644935673e-03
8.579278177337388775e-03
8.687880578077233906e-03
8.786899604892796367e-03
8.713156090439514931e-03
8.565572149970076751e-03
8.574766158242144373e-03
8.652164917298968069e-03
8.460998591357384024e-03
8.332585861775600525e-03
8.380875720086920083e-03
8.494326829697305611e-03
8.447901726917764545e-03
8.516998300711148273e-03
8.362001968244697075e-03
8.531551298280586060e-03
8.414593878391973467e-03
8.423415348737927494e-03
8.441499108432413967e-03
8.281622887871278871e-03
8.417587557703177722e-03
8.387115939083153796e-03
8.121844448056679891e-03
8.244639388513694961e-03
8.225514553508920731e-03
8.160308978154975218e-03
8.277618682448440249e-03
8.261696769448002506e-03
8.211682652247156988e-03
8.301351139612236918e-03
8.323002351212322597e-03
8.253563421489364463e-03
8.342192142187178708e-03
8.361193765904485070e-03
8.301827823436847692e-03
8.383689715059164382e-03
8.401499674798694126e-03
8.343027553023175252e-03
8.420638346106222930e-03
8.435435859543953183e-03
8.307264719421031396e-03
8.370103149183764565e-03
8.459095962718002348e-03
8.447792443368564927e-03
8.393498173868927173e-03
8.469684169817359720e-03
8.478688052616008622e-03
8.412986239989093604e-03
8.494511195980316773e-03
8.487409400348703420e-03
1.000000000000000021e-02
1.000000000000000021e-02
9.934451540813953041e-03
9.801285525331077109e-03
9.656350876612910042e-03
9.509780054609815597e-03
9.102337911411280055e-03
8.979830208486777599e-03
9.233510989354645412e-03
9.370921183130653809e-03
8.794644435513768177e-03
8.858102608833250818e-03
8.839726366609680988e-03
8.430383701057505078e-03
8.507942246551504148e-03
8.502281142814845441e-03
8.741838182602556379e-03
8.627271936932511334e-03
8.422118924324635200e-03
8.494537750187918651e-03
8.503017288013546907e-03
8.207137138475576257e-03
8.353128444347955595e-03
8.314207676612750744e-03
8.112808407097054850e-03
8.270521138464249911e-03
8.221450723529337076e-03
8.219277424577300928e-03
8.395442549034369539e-03
8.279561985418659384e-03
8.337625101172347827e-03
8.060281573338261285e-03
8.262910569227623417e-03
8.208881048158893010e-03
8.060260304181828678e-03
8.214653473164801323e-03
8.267687028497302734e-03
8.006040208863056049e-03
8.250364207683495016e-03
8.189196695904225887e-03
8.246353388769351450e-03
8.141995546791331792e-03
8.066313612511028311e-03
8.095321938076539131e-03
8.200207494012254003e-03
8.186946245713233247e-03
8.233373425061234901e-03
8.278425810095113233e-03
8.323049045654812295e-03
8.356949341433992859e-03
8.173215171587934133e-03
8.382131827154535100e-03
8.403529319698101185e-03
8.421944276518447681e-03
9.868959495497875434e-03
9.934551742865777371e-03
9.868506669459068889e-03
9.739368768942416668e-03
9.736570538654372789e-03
9.803763248316657228e-03
9.610794339556985588e-03
9.594573372982887968e-03
9.672265763224528051e-03
9.412063025801629956e-03
9.426237727343453332e-03
9.495324128398411126e-03
9.037092480326372468e-03
9.037719219483767580e-03
9.101385945764175339e-03
8.919465739025892251e-03
8.978751741427733538e-03
8.920244722768222792e-03
9.157380860153099475e-03
9.228961997418705723e-03
9.161606414026591746e-03
9.291365771014728839e-03
9.366016514680776742e-03
9.295952247390354417e-03
8.799724901690429008e-03
8.860206196545704002e-03
8.797334114476869360e-03
8.426364939826371664e-03
8.675473125858356241e-03
8.735119387970788699e-03
8.681795846646358020e-03
8.542029986427064625e-03
8.614982436585785081e-03
8.553860129188350925e-03
8.413112196880921656e-03
8.489356833888317758e-03
8.417732664171633308e-03
8.162539294314631599e-03
7.996446763997945573e-03
8.166702384462832739e-03
8.057828438052732495e-03
8.106516472486405278e-03
8.145519915604094649e-03
8.064109105134845135e-03
8.039513720174005368e-03
8.001562978221288952e-03
8.143560599631330041e-03
8.103436929195219351e-03
7.917889476583808012e-03
8.040526077274736186e-03
8.019296611783589476e-03
7.852938076243229024e-03
7.988979454432814514e-03
7.958912293059488413e-03
7.981230208728196801e-03
8.070328871687302077e-03
8.097838086450270118e-03
8.036710038383911361e-03
8.146427431252600826e-03
8.123842537257640328e-03
8.096929915421092333e-03
8.200564663734428994e-03
8.174951213474786205e-03
8.153212491667161804e-03
8.249191496974842691e-03
8.227253141928342686e-03
8.187617819798620813e-03
8.279854205508422466e-03
8.265160323128942568e-03
8.035501524603869475e-03
8.217378036249655196e-03
8.293608274854983448e-03
8.306392852605013616e-03
8.245455877954608812e-03
8.319369563392945213e-03
8.330114911105464953e-03
8.268959758003615809e-03
8.340888911670747002e-03
8.350505667834013171e-03
1.000000000000000021e-02
1.000000000000000021e-02
9.934912874975854527e-03
9.804589467476813175e-03
9.675490513880171187e-03
9.497023228750270732e-03
9.537475275925173454e-03
9.554195413018924318e-03
9.352194379270633434e-03
9.454816471098402911e-03
9.097769865406845485e-03
8.978778562976734434e-03
8.860121675852837553e-03
9.224926788140920195e-03
8.738158435207895106e-03
8.273940689546040519e-03
8.348774339753464724e-03
8.352142054098824278e-03
8.609376702260524220e-03
8.478145077609874555e-03
8.275018313793902625e-03
8.344723378332339486e-03
8.348558409324228005e-03
7.904620611341450775e-03
8.057842774245340539e-03
8.007669484102255056e-03
7.786909395227646462e-03
7.951672103313885132e-03
7.890567716773452464e-03
7.855018421937066952e-03
7.929408992698346037e-03
8.038759308561835293e-03
7.956614643932265890e-03
7.733942344776741605e-03
7.901438870900782258e-03
7.894925717604544049e-03
7.657621082735438164e-03
7.862442778429361637e-03
7.829190326938276559e-03
7.955395514917831118e-03
7.950680971406361500e-03
7.886662334641150740e-03
7.787246776073717715e-03
7.821540491119622490e-03
7.928420905127164450e-03
8.009901480586695266e-03
8.067719145007675244e-03
8.125871105658006438e-03
8.170890899194068260e-03
8.202888773944755699e-03
7.893567745838842714e-03
8.231769887717593770e-03
8.257513115772267820e-03
8.271625079492373953e-03
9.872628764862508011e-03
9.870820270048574416e-03
9.936424254268142256e-03
9.735420789913818221e-03
9.802338675920591049e-03
9.737433359948919828e-03
9.614824367146565867e-03
9.677213986888054398e-03
9.612902151891960373e-03
9.494457695472557565e-03
9.552735054111910831e-03
9.495807425762541748e-03
9.277043493741386759e-03
9.344729554122055068e-03
9.284320989499340523e-03
9.386851607588906146e-03
9.442063772026563009e-03
9.399515909345445078e-03
9.029189586071760532e-03
9.093395336186022374e-03
9.033318666208984063e-03
8.913041584074125889e-03
8.916424999445879407e-03
8.975141547967593891e-03
8.795085351673899432e-03
8.857331467772119188e-03
8.797580411169880418e-03
9.151639726990602741e-03
9.221652462733395325e-03
9.154684004819399826e-03
8.674704478520244358e-03
8.737234560749384399e-03
8.675295422776211143e-03
8.274640250470626651e-03
8.543672742892985394e-03
8.609583335626747394e-03
8.543060022440381041e-03
8.408383690385230064e-03
8.475195420460492415e-03
8.410905612665128470e-03
8.272121101711805979e-03
8.342598803363347748e-03
8.273730583481650122e-03
7.848597043637519505e-03
7.642770355621677190e-03
7.718258204391327190e-03
7.821124776997225719e-03
7.747797079069050630e-03
7.681446307219781493e-03
7.869949985457518754e-03
7.771534090945926218e-03
7.700554359475171931e-03
7.708773097851244829e-03
7.698499065487134085e-03
7.800640038539289126e-03
7.851785470342691892e-03
7.741327777276103828e-03
7.829134993896419772e-03
7.862534060144994036e-03
7.666181003629527445e-03
7.793315302723040523e-03
7.758989542201058347e-03
7.590075306540028550e-03
7.722804667620417063e-03
7.687959269214937087e-03
7.807838135499562196e-03
7.894140634521915056e-03
7.923501248740189365e-03
7.868235688703923217e-03
7.952172188640678138e-03
7.983950037357065432e-03
7.951085421960222069e-03
8.023728878489419167e-03
8.053238399756889807e-03
7.998882063018164165e-03
8.094213341329202158e-03
8.075844525008656766e-03
8.034100139324970580e-03
8.110702284125657913e-03
8.126680153253181688e-03
7.744803837967448659e-03
8.068394957759461583e-03
8.157837393285349847e-03
8.142755859656673756e-03
8.096313984163452937e-03
8.183543120770934640e-03
8.170791565784426419e-03
8.118615237121899406e-03
8.193718920205114373e-03
8.197018966253261790e-03
1.000000000000000021e-02
1.000000000000000021e-02
9.936737605101799570e-03
9.804484528305137947e-03
9.675473953371448166e-03
9.555021361855301279e-03
9.440986975118416738e-03
9.214800385091915375e-03
9.332305765929489044e-03
9.090939693545279504e-03
8.971618838080329741e-03
8.854570022177894045e-03
8.735388444502320549e-03
8.609792922380649083e-03
8.108152125588356102e-03
8.192416735639588415e-03
8.191031951134752215e-03
8.476657517882001461e-03
8.340872197581715788e-03
8.126498937403038234e-03
8.199994583572622897e-03
8.200723635195576733e-03
7.586649174800263670e-03
7.747164605715861109e-03
7.685836541570819150e-03
7.451870077363051056e-03
7.620568956405331107e-03
7.546489864019226800e-03
7.495540963061022612e-03
7.572775406296660718e-03
7.676404362835927489e-03
7.587740343623901838e-03
7.327521578893344753e-03
7.533138134698681015e-03
7.490511631856151646e-03
7.377771103426525139e-03
7.530967620053894036e-03
7.553780367191852835e-03
7.644965736905904446e-03
7.775656238609869424e-03
7.705036070275114030e-03
7.629538409381086267e-03
7.500895777365861397e-03
7.645423218647729412e-03
7.547217923230938909e-03
7.838916478301257568e-03
7.910824767346880809e-03
7.975612893686962954e-03
8.016938057604370421e-03
8.051651674466805270e-03
7.598908890670970709e-03
8.082683141053597850e-03
8.107751661267439958e-03
8.113473533811714836e-03
9.855045829056028467e-03
9.927750845703282520e-03
9.863823015715568465e-03
9.715129044207281364e-03
9.794162224927668858e-03
9.725288576076367500e-03
9.599692740198605481e-03
9.667771742552656866e-03
9.607300122273244522e-03
9.485936645702790215e-03
9.550585544725317261e-03
9.490271189459380252e-03
9.370398907417549356e-03
9.432605410365200310e-03
9.378715563184690865e-03
9.138594918713849671e-03
9.207998379961203350e-03
9.145281920920700705e-03
9.254521411387321705e-03
9.320870958215599078e-03
9.265895155717107298e-03
9.023429149957948314e-03
9.026516704260240456e-03
9.087673644799685105e-03
8.905378996222897831e-03
8.967394133752507393e-03
8.909397790367873035e-03
8.785910990848508351e-03
8.849564066814407173e-03
8.790678032048082624e-03
8.668379294851313865e-03
8.731777254551938150e-03
8.671736549946025552e-03
8.542269736990721826e-03
8.543197370331764157e-03
8.608520003796988479e-03
8.117581682199342605e-03
8.414379931182986230e-03
8.479016564236550521e-03
8.411644072011264378e-03
8.281301763953551054e-03
8.344802309868276993e-03
8.276969875245988872e-03
8.143137337316454227e-03
8.207573956042506572e-03
8.135095466920183246e-03
7.522078996666714187e-03
7.304080989761837714e-03
7.474294084001693005e-03
7.381267973771178659e-03
7.399103469630196467e-03
7.440010008275418051e-03
7.355610568471159308e-03
7.392308703482500763e-03
7.546647027312964467e-03
7.488659934415789476e-03
7.570422598436341542e-03
7.690205747684204785e-03
7.655452890480820248e-03
7.492636614579742567e-03
7.578921106654273702e-03
7.618086386011834951e-03
7.405540670811379053e-03
7.536970588649934827e-03
7.497223679943115608e-03
7.311533026669295512e-03
7.451922442367493044e-03
7.405540329387085702e-03
7.635173389768166834e-03
7.752752950180266840e-03
7.721140872061062720e-03
7.752951469315427779e-03
7.852901733873856455e-03
7.810348398947251913e-03
7.803379730812298742e-03
7.902052473463818186e-03
7.876998457655196365e-03
7.845376064144312517e-03
7.921950065934558680e-03
7.940632892364157813e-03
7.883620500790628621e-03
7.958702236642051231e-03
7.976886810033062200e-03
7.448693287530050271e-03
7.917611788083612004e-03
7.992872017514619787e-03
8.007805553687769029e-03
7.944854430023030531e-03
8.020486005085989203e-03
8.032593799105132090e-03
7.953442987296116193e-03
8.031499502997632364e-03
8.035984282420909064e-03
1.000000000000000021e-02
1.000000000000000021e-02
9.928072563277656748e-03
9.785547868244022160e-03
9.657759228510649774e-03
9.543153499423763161e-03
9.428513308109880836e-03
9.312811249354409349e-03
9.196927541790913055e-03
9.081460949918939915e-03
8.964927333207313442e-03
8.846148983003471883e-03
8.727602255871295608e-03
8.605854999777663022e-03
8.478879526574580744e-03
7.977666555699007220e-03
8.052766856551643246e-03
8.042829187397276119e-03
8.348443918868070704e-03
8.212857075278441957e-03
7.999854178578432243e-03
8.072155022091060880e-03
8.063099323025813350e-03
7.258599396120538408e-03
7.423686289732579595e-03
7.354426560025170180e-03
7.127576927048474495e-03
7.215234366161756355e-03
7.290575238845378031e-03
7.100935566871131692e-03
7.298930962616878917e-03
7.206644035262591355e-03
7.237936424767246052e-03
7.012168580966314166e-03
7.196210878426778125e-03
7.168169114428581470e-03
7.327973877264700765e-03
7.532752293546130309e-03
7.603777504837369756e-03
7.450519793078424179e-03
7.360141431281148547e-03
7.206931292286777001e-03
7.261068603091455111e-03
7.354927420968531554e-03
7.695590376741713763e-03
7.778819883856724106e-03
7.824893607134602441e-03
7.864947839948718822e-03
7.900994030633681081e-03
7.298925611492905301e-03
7.931531199669907689e-03
7.949335604832860960e-03
7.965819978833518430e-03
9.840213420730117844e-03
9.847615740082466332e-03
9.920432609715186187e-03
9.700536208534449312e-03
9.778140276077668808e-03
9.707841759989559172e-03
9.582015632138708716e-03
9.648839612944831376e-03
9.590891356503161019e-03
9.468190885964523559e-03
9.534194399243330412e-03
9.477126898257304255e-03
9.353194516856254415e-03
9.419804233882018291e-03
9.361890468362277229e-03
9.240135084017084971e-03
9.305476528787957891e-03
9.247455243262694621e-03
9.122811749379925936e-03
9.188858341678454028e-03
9.130866985072365327e-03
8.994973394944469347e-03
9.066992456063635922e-03
9.009393047831906060e-03
8.901247291537916356e-03
8.962489433390312052e-03
8.903492918009252646e-03
8.779967376336043558e-03
8.842774959798346129e-03
8.783166324417038609e-03
8.662055975581024053e-03
8.724040296514412596e-03
8.665453859742348539e-03
8.540078953176141741e-03
8.604266793820949250e-03
8.541430187802668411e-03
8.417336085776935123e-03
8.479806069322567974e-03
8.416135081245388824e-03
7.989041844925662966e-03
8.289135286205387074e-03
8.351733050161088898e-03
8.285514348687772132e-03
8.156506796802718423e-03
8.218855886683631637e-03
8.150123683107487679e-03
8.023961609003805312e-03
8.083476342031530731e-03
8.012239163281366719e-03
7.195788852452202414e-03
7.009661946318216860e-03
7.157077895533528814e-03
7.070990377691285453e-03
7.055884602332403686e-03
7.060386756716947876e-03
7.076141288860879862e-03
7.235113753525229674e-03
7.166696747443157892e-03
7.325593706270790151e-03
7.408699516057945002e-03
7.448996559935507945e-03
7.404209346755069240e-03
7.486949917017727933e-03
7.520617680078387976e-03
7.234071822800770997e-03
7.319322657540965754e-03
7.364325241372423475e-03
7.136872622726693829e-03
7.272113005557178170e-03
7.223661648329640986e-03
7.026970225901133307e-03
7.170094572330617047e-03
7.116346089440043002e-03
7.541623072613051759e-03
7.588259114497046369e-03
7.648152033566193303e-03
7.601586991371088974e-03
7.703341377850164186e-03
7.677031361743262908e-03
7.649489317111767168e-03
7.726239840004557428e-03
7.748288024221499683e-03
7.694860809498046267e-03
7.769939938145257671e-03
7.790062073116589547e-03
7.733996009130674441e-03
7.808639444789900255e-03
7.826579448117248344e-03
7.143765787143791825e-03
7.765972730389362165e-03
7.856189283447466420e-03
7.841663790315056906e-03
7.796708167871480022e-03
7.875756693299203887e-03
7.870676745478416905e-03
7.823113592038227065e-03
7.901072287870123875e-03
7.888184679045695882e-03
1.000000000000000021e-02
1.000000000000000021e-02
9.920764652745283491e-03
9.770896847012613962e-03
9.641622771697912903e-03
9.525428804422643794e-03
9.411011781611787821e-03
9.296976427604804194e-03
9.181808958208465335e-03
9.059333219051087308e-03
8.948579721460013167e-03
8.841038046814849588e-03
8.721445213386429599e-03
8.601548833441831701e-03
8.479210340834644408e-03
8.353785542462568645e-03
7.859324226094492952e-03
7.918403937045978211e-03
7.930220486883072031e-03
8.223422671163455738e-03
8.090834773411033007e-03
7.901746069067570530e-03
7.950702788668401882e-03
7.963370560870167147e-03
6.892470585352509019e-03
7.076698629945557713e-03
7.008977154025865415e-03
6.812425727639556672e-03
6.971376518263871537e-03
6.910349773970316314e-03
6.763271308260474825e-03
6.887984499201739615e-03
6.930615212384898076e-03
6.708786633118592711e-03
6.907279945366760245e-03
6.859052479178566648e-03
6.987605906572401382e-03
7.281181186440604559e-03
7.366055579276904915e-03
7.474675915886034618e-03
7.186983747463031660e-03
7.083642898390584385e-03
6.902599059529628336e-03
6.966758551063613990e-03
7.055530365667368742e-03
7.572339956835001835e-03
7.626113095074834626e-03
7.672697950496219083e-03
7.714867560938098306e-03
7.750304884074878803e-03
6.988795443943958755e-03
7.781627747549817349e-03
7.810168887636273656e-03
7.841542392642317921e-03
9.879976048217324613e-03
9.940167508894167878e-03
9.860193538687856210e-03
9.677935176930416855e-03
9.759570250228610799e-03
9.689240895819222626e-03
9.566079017966987175e-03
9.633612257405357177e-03
9.574073967977752425e-03
9.450972855416671717e-03
9.516775271658390115e-03
9.459639642646528596e-03
9.332408993709448430e-03
9.342878096756657147e-03
9.400584977718472179e-03
9.224020180350058981e-03
9.288844191919947910e-03
9.232195317112187535e-03
9.109082932274590108e-03
9.174832039652826982e-03
9.116108782394150706e-03
8.998166444521392068e-03
8.996833398564845277e-03
9.060669141292533590e-03
8.867555004393812626e-03
8.884509454303845047e-03
8.931498683405229497e-03
8.770759231872064451e-03
8.836135098351606543e-03
8.775567277397158805e-03
8.653815729154667666e-03
8.716979020049120050e-03
8.658191278675116814e-03
8.537548735747864381e-03
8.599857211013889335e-03
8.539105594948958114e-03
8.417557311971973419e-03
8.478839206228759931e-03
8.417753943519609705e-03
8.294450262756533632e-03
8.355884814996772381e-03
8.292117737959866716e-03
7.880956879266749412e-03
8.167151192330109402e-03
8.228108728363849739e-03
8.162166804744181228e-03
8.042519199821280759e-03
8.033591644091283429e-03
8.099450219466446110e-03
7.928511400226344319e-03
7.915495697339992864e-03
7.976149010802565525e-03
6.855072988039471668e-03
6.790047703662874072e-03
6.738479689307442198e-03
6.755776847933179195e-03
6.916438968331950661e-03
6.823955247150161052e-03
7.070198422273760858e-03
7.151731647510894442e-03
7.198754670829301747e-03
7.163493841933224471e-03
7.244199785555951662e-03
7.284815049114819023e-03
7.328923602634712306e-03
7.366589556827024370e-03
7.435818486592122786e-03
6.971603543234052187e-03
7.053790282077493194e-03
7.103611504307211569e-03
6.861825025966872965e-03
7.000062709236521546e-03
6.943924788902564559e-03
6.736206578940560213e-03
6.882229126320431670e-03
6.818910450398524108e-03
7.393754253127492702e-03
7.498456174119465072e-03
7.467454539766552740e-03
7.447787391563764035e-03
7.524482413711035787e-03
7.549429657530521212e-03
7.497622620372754697e-03
7.597077954639764631e-03
7.573382204788316543e-03
7.550815658631285579e-03
7.643165109305897174e-03
7.622674600398695460e-03
7.588492576958052148e-03
7.677922045425757125e-03
7.661101754186058245e-03
6.831312075496189136e-03
7.618813884941152796e-03
7.708514792765588063e-03
7.692289708861250672e-03
7.650489421447827058e-03
7.723529611235046763e-03
7.737592554068159142e-03
7.687602470341668368e-03
7.755240166981515471e-03
7.774194891554773480e-03
1.000000000000000021e-02
1.000000000000000021e-02
9.940415617401138215e-03
9.764515185557032934e-03
9.802398217100508071e-03
9.822569666406096717e-03
9.622314542720639130e-03
9.721438715323634308e-03
9.508838017368804671e-03
9.392017522367700211e-03
9.278471876015062514e-03
9.166839988347661936e-03
9.053918258855786841e-03
8.892571064124884378e-03
8.943894822648313161e-03
8.945629783875764726e-03
8.880234586349207773e-03
8.819411690146647387e-03
8.712647990725174221e-03
8.596096819742708728e-03
8.478012961556093477e-03
8.356503501608122594e-03
8.231353024210288569e-03
7.775276811383725201e-03
7.817197230118312981e-03
7.839052243999333758e-03
8.105390179132481929e-03
7.985991330362885929e-03
7.812662101800040351e-03
7.870996809591404228e-03
7.857083548799270734e-03
6.547596817338601459e-03
6.679010341694362890e-03
6.722599353950402951e-03
6.491011557277845054e-03
6.653412598145168853e-03
6.626035834940548729e-03
6.415945372352156208e-03
6.591029133939101982e-03
6.561139048800026206e-03
6.590968608270810457e-03
6.741136663559053194e-03
6.675141559506999646e-03
7.022283637824063354e-03
7.118048246986953542e-03
7.116183006581046355e-03
7.259796855727381967e-03
7.140044095485122318e-03
7.223457118369025487e-03
7.361943993533833462e-03
6.918312634601709102e-03
6.800833902627033065e-03
6.592825717318756551e-03
6.748225114653013702e-03
6.666555833547698103e-03
7.421405325283757237e-03
7.473253935555461240e-03
7.524778786701271163e-03
7.570044550816177990e-03
7.603915922720241513e-03
6.673831072314773821e-03
7.634901642142499258e-03
7.669374380842782293e-03
7.732080638663717947e-03
9.905870778956112066e-03
9.892977665622538705e-03
9.953061510034616130e-03
9.775269177778374979e-03
9.827755841320636940e-03
9.769898129977000467e-03
9.547871768479846907e-03
9.613212963129719527e-03
9.556987932140494427e-03
9.656103518988009768e-03
9.710524575179695431e-03
9.667013834150457383e-03
9.440929832843440728e-03
9.445995018483888464e-03
9.503781594432263169e-03
9.322550079951521726e-03
9.327558930917866781e-03
9.387040510586454334e-03
9.207452207907725408e-03
9.270178292717033350e-03
9.215838102617829666e-03
9.094215826299271305e-03
9.159367911739001861e-03
9.101793763236250626e-03
8.988139904875283234e-03
9.048810861538844619e-03
8.993343233227113834e-03
8.890169518259770018e-03
8.891589264889055225e-03
8.944318759328221541e-03
8.774799855248127320e-03
8.833939423977329661e-03
8.821254738419510161e-03
8.772993697086933079e-03
8.647993423580784683e-03
8.651155713453670057e-03
8.709484454330691100e-03
8.528438166513972046e-03
8.533283954879183550e-03
8.591210202290157014e-03
8.415380832573950837e-03
8.476511920129128214e-03
8.416806781980697844e-03
8.296036337296345056e-03
8.356811441843340141e-03
8.295598493831657372e-03
8.173493183148658123e-03
8.233955564604617666e-03
8.170693202906028491e-03
7.794426825423736438e-03
8.047541932263663905e-03
8.107299541952257479e-03
8.045376145886230096e-03
7.941483586175352230e-03
7.991936738250989686e-03
7.935317539097855657e-03
7.831074903016627120e-03
7.879714509660306482e-03
7.822131024076747069e-03
6.570558304403307029e-03
6.521234910709370648e-03
6.455730668185589126e-03
6.434306161641410206e-03
6.595368892872493713e-03
6.512207052363705277e-03
6.809926863111842414e-03
6.940740731798347544e-03
6.890377654664985897e-03
6.877195895660884011e-03
7.021199835314710300e-03
6.973239506341252780e-03
6.890371785860999708e-03
7.026327102178119011e-03
7.003816063388992354e-03
7.181088770463256964e-03
7.254817929147784096e-03
7.149451614786667131e-03
7.288120829791687114e-03
6.700762231840860610e-03
6.780881003715297055e-03
6.836813537340185112e-03
6.591561756966528643e-03
6.663560638761979737e-03
6.727155028064826792e-03
6.461778730397261389e-03
6.527081325513497782e-03
6.599350215670905101e-03
7.241029441674882820e-03
7.317179164897533172e-03
7.345118926635339947e-03
7.297263094889022868e-03
7.372344084353036134e-03
7.398158863919309519e-03
7.374523837746308104e-03
7.435916875740358582e-03
7.463308623500102337e-03
7.409930341190701028e-03
7.499864616617763977e-03
7.480214170148599857e-03
7.443326164674319428e-03
7.515810568005885754e-03
7.531730732903943633e-03
6.515642694156142598e-03
7.477656543393859483e-03
7.548167615207944207e-03
7.564785849017831819e-03
7.494166474750007557e-03
7.591961185265037187e-03
7.572324194335028173e-03
7.648675214475228988e-03
7.712292986256001279e-03
7.668078994164654293e-03
1.000000000000000021e-02
1.000000000000000021e-02
9.953261734422801793e-03
9.841002712437370986e-03
9.716080228003109651e-03
9.602278632231975655e-03
9.494661121070120668e-03
9.382047614773529956e-03
9.265274205076454508e-03
9.151084778126216540e-03
9.041417609111453493e-03
8.939372024405485562e-03
8.790757998648150023e-03
8.840680896081228382e-03
8.841790164484837622e-03
8.782993507657758936e-03
8.711731159013960321e-03
8.588576338442413527e-03
8.472290982644221577e-03
8.356159545606523659e-03
8.235264126226531783e-03
8.111059297271209709e-03
7.689448597770064120e-03
7.751612153146143075e-03
7.732240986423925648e-03
7.994996306263707844e-03
7.886749019426644511e-03
7.706660482961056290e-03
7.769393868287591438e-03
7.759596849437127956e-03
6.313475443486201572e-03
6.452967711194418018e-03
6.429691044946413310e-03
6.211088781975165202e-03
6.380798654230400782e-03
6.349953937085049509e-03
6.132293608214415062e-03
6.312980760027304267e-03
6.273010448833887462e-03
6.375885878052195595e-03
6.756807899629630430e-03
6.844595146998045006e-03
6.884439948413677464e-03
6.963418167933107389e-03
7.039547493242226742e-03
6.927734539283686779e-03
7.072865537687090393e-03
7.211755125513618844e-03
6.647654680986431544e-03
6.528459249372729409e-03
6.295918856243342895e-03
6.381007664498919603e-03
6.444662488396267312e-03
7.269755104681254257e-03
7.336615577974675388e-03
7.392635009148195054e-03
7.426908545649574429e-03
7.460728121451511846e-03
6.364844037634216634e-03
7.486048228093021388e-03
7.532195488931832730e-03
7.609979618883620789e-03
7.513440787969863539e-03
7.590911555610077577e-03
7.669338834936475363e-03
9.870505409634685451e-03
9.935583145005181041e-03
9.888149865722355505e-03
9.823249938533763770e-03
9.642180430278278480e-03
9.709089875537351561e-03
9.649123134351657305e-03
9.530855372337309825e-03
9.593785323489856937e-03
9.539357437431358541e-03
9.410326831210201470e-03
9.479458492723953286e-03
9.425652754881287329e-03
9.304768659038906500e-03
9.373189763067869829e-03
9.313701941949617882e-03
9.191406739179926524e-03
9.257273516860673943e-03
9.199507533795938871e-03
9.078408415349481855e-03
9.143204788390328977e-03
9.086430272098029379e-03
8.971878153567111255e-03
8.980165890832567457e-03
9.033275446911312109e-03
8.881525033097411453e-03
8.886034210138891651e-03
8.934998734177499596e-03
8.789009344711322391e-03
8.839737038331784216e-03
8.790111661051706188e-03
8.660974177049014441e-03
8.726152934378441847e-03
8.718011251671627451e-03
8.654764003663216118e-03
8.526331926706929784e-03
8.587271594111690887e-03
8.527700575380162823e-03
8.412556592123371021e-03
8.470568712611249024e-03
8.414325610729861057e-03
8.295124887103324032e-03
8.355296022026654709e-03
8.295966643985486569e-03
8.176518480439582889e-03
8.175405854139519701e-03
8.236287230901201059e-03
8.058873744628127639e-03
8.053612290566067658e-03
8.116164278037168306e-03
7.698299470087641150e-03
7.950427888760682599e-03
7.998943214659236245e-03
7.946326481743499343e-03
7.842758820650547538e-03
7.892061013929991403e-03
7.837231837036244195e-03
7.726897829301582199e-03
7.778906377298771581e-03
7.717094701812259212e-03
6.264516246514445497e-03
6.173703791289505277e-03
6.140279698156122547e-03
6.287774601566175660e-03
6.226384035202959209e-03
6.545957006380088115e-03
6.623013046777859875e-03
6.678487160969628564e-03
6.628631061815565099e-03
6.718851738380436298e-03
6.753466222258700663e-03
6.670158376812698915e-03
6.780795370434754971e-03
6.773209243623627869e-03
6.741355088252717724e-03
6.852909010636580936e-03
6.815622445447589751e-03
7.029565428133861468e-03
7.105110403840548226e-03
6.997249721328322250e-03
7.135922684968643709e-03
6.429484971038567330e-03
6.565569620096852604e-03
6.510117321670481211e-03
6.338145188740052990e-03
6.399812864087708886e-03
6.465087011429867039e-03
6.200592757689764659e-03
6.248282308475413584e-03
6.331480823535125951e-03
7.076234716516863893e-03
7.187395242747317108e-03
7.158412181582261662e-03
7.177892079056538178e-03
7.276624586474526694e-03
7.237409639569038558e-03
7.229036243331017110e-03
7.320045593827266724e-03
7.301603498500625587e-03
7.271419164387670463e-03
7.340554789352688250e-03
7.357918359865194685e-03
7.312962639383485501e-03
7.395865218740491596e-03
7.378057451449831876e-03
6.220418154914210927e-03
7.340158930864051912e-03
7.417699735160187755e-03
7.408844493952094004e-03
7.371798543284919375e-03
7.452640001479792810e-03
7.432895089100774628e-03
7.550749316720418818e-03
7.599659284090043952e-03
7.541631849497194839e-03
7.620660699822687234e-03
1.000000000000000021e-02
1.000000000000000021e-02
9.935872780763545936e-03
9.731711523233033817e-03
9.753476441850103887e-03
9.801631066666878500e-03
9.586831158903033612e-03
9.687179995504023589e-03
9.470913593879753609e-03
9.357783534660352176e-03
9.248329190942044739e-03
9.135132989292877453e-03
9.025354344258048472e-03
8.926872366777504827e-03
8.835436805075385161e-03
8.675210146983478379e-03
8.732333608006305134e-03
8.733154395291794006e-03
8.668354800111993663e-03
8.593998777039415712e-03
8.469771548869834202e-03
8.354234806864178214e-03
8.236272275447141869e-03
8.118198977363599855e-03
8.005131728742001171e-03
7.575631316268970419e-03
7.641707744380122833e-03
7.632447857900130812e-03
7.897094768798823550e-03
7.785323768194477023e-03
7.598273521026645445e-03
7.663154426557448363e-03
7.652376866104705980e-03
5.938019956105565489e-03
6.126631047762863547e-03
6.073410429528572872e-03
5.857046138846478886e-03
6.035299718071943098e-03
5.993650097011473180e-03
6.042130755818051098e-03
6.489187322509211604e-03
6.588449416104954874e-03
6.650224833265814574e-03
6.706660280848081475e-03
6.813618480996894676e-03
6.888300924776934696e-03
6.778304726556128382e-03
6.922131181018193261e-03
7.053533889275461280e-03
6.385045940490975680e-03
6.271336020897495291e-03
6.031511396352602465e-03
6.164008516120419306e-03
6.118256312571360156e-03
7.139849060685129860e-03
7.108358353859620810e-03
7.218528007198201334e-03
7.159090436323624698e-03
7.203841319750696297e-03
7.250557232907511342e-03
7.292447427266973183e-03
7.326729437688824127e-03
6.085887957757205036e-03
7.356162943260247979e-03
7.412394083585770350e-03
7.472222937534693694e-03
7.392330844573771938e-03
7.482111498633549004e-03
7.563420321780953831e-03
9.869610723491245227e-03
9.870039028391681957e-03
9.935146590040742562e-03
9.741845361339745296e-03
9.806454362190564905e-03
9.736766618821378685e-03
9.513352566191587631e-03
9.578104670768096060e-03
9.522077336364870304e-03
9.624884469487834243e-03
9.678524612948075090e-03
9.633496549318864774e-03
9.422104082144847070e-03
9.416208911213076044e-03
9.476709338448765368e-03
9.265294527706116959e-03
9.285073416207278302e-03
9.338215290148227030e-03
9.173562091698506116e-03
9.239480041662553184e-03
9.182533254697936020e-03
9.061540338503037972e-03
9.126773690178420842e-03
9.070058287443850606e-03
8.921539475081162809e-03
9.000378310619294026e-03
8.946894429516790564e-03
8.866520957082561771e-03
8.874168105749823815e-03
8.919373385735765783e-03
8.788211847191456511e-03
8.835020485898310155e-03
8.788810159819459081e-03
8.676640340904553939e-03
8.733011421668603405e-03
8.676153791327686354e-03
8.527469227914863392e-03
8.594422214734448104e-03
8.601621759580530685e-03
8.527310533263781842e-03
8.412216452954457066e-03
8.469382044483530700e-03
8.412761635559391077e-03
8.294039917114210542e-03
8.353376639549341467e-03
8.295009275549224820e-03
8.177025574757633072e-03
8.177251624708465477e-03
8.236118714749935191e-03
8.057264963657443518e-03
8.058547722735452321e-03
8.116897678843597308e-03
7.949244836543741671e-03
7.950147444960340565e-03
8.004048892807568913e-03
7.587228678685863266e-03
7.846761722449325030e-03
7.845045093973591205e-03
7.898572955500476889e-03
7.739674169278725792e-03
7.791144264469035928e-03
7.733639492044598260e-03
7.617650110239721113e-03
7.672185683746916493e-03
7.608294500121777146e-03
5.899916479841985431e-03
5.825284274439320245e-03
5.881788779482617115e-03
5.982879011178349887e-03
6.287922658262789372e-03
6.358441067840602326e-03
6.417255859376286460e-03
6.378323676543781046e-03
6.503857138199608048e-03
6.461765957803371728e-03
6.441024151944328702e-03
6.534404448285502202e-03
6.555972050855432033e-03
6.515738027304382798e-03
6.628989470014905530e-03
6.592685292948624598e-03
6.596210281423906668e-03
6.668574888806005387e-03
6.705410691976062577e-03
6.873117231662834517e-03
6.843936700851506287e-03
6.951164177080338367e-03
6.975400201513727236e-03
6.196323752395310226e-03
6.313017944528941799e-03
6.266967016519463772e-03
6.085117908052313160e-03
6.212045605989699633e-03
6.142734113159688605e-03
5.948453012070883603e-03
6.074896998790190079e-03
5.990060575178366917e-03
7.006094771970117208e-03
7.072941890304410180e-03
7.041173899356569649e-03
7.092464839041024739e-03
7.042911841635017545e-03
7.136444800704100713e-03
7.110278768007144250e-03
7.093360433839676800e-03
7.161076792195344640e-03
7.182890597846772890e-03
7.136565807495598261e-03
7.225245165839950211e-03
7.203878875069180676e-03
7.218523820984323186e-03
7.265661359948607026e-03
7.279675589814263610e-03
5.930813700160260556e-03
7.255949117507155301e-03
7.297952493517631187e-03
7.314197741119105901e-03
7.301166609831051535e-03
7.336409833937159244e-03
7.357168993049131508e-03
7.438878952167850105e-03
7.494710259637119010e-03
7.425832517298657301e-03
7.507799361350220475e-03
1.000000000000000021e-02
1.000000000000000021e-02
9.935465860980730382e-03
9.806256764365507694e-03
9.683767325246997112e-03
9.569444300590342414e-03
9.467921230943887947e-03
9.277241247920319997e-03
9.350103307381762638e-03
9.344110714895282818e-03
9.219575596624061606e-03
9.271253578547380275e-03
9.117756406514666845e-03
8.991832833013232995e-03
8.894123919642376447e-03
8.827469886273291849e-03
8.732622325982554098e-03
8.556672457636645135e-03
8.616141922375440687e-03
8.616854767710235841e-03
8.542332002398655630e-03
8.470182711473660947e-03
8.353454084966242116e-03
8.235902699791448553e-03
8.117607938185481334e-03
8.003886106032693029e-03
7.898499818891518628e-03
7.468951759233059817e-03
7.534144078308015018e-03
7.522177261448645402e-03
7.793596619876884055e-03
7.679213463385558061e-03
7.492790654601621213e-03
7.555777091835737432e-03
7.545427562191321658e-03
5.589588005516155610e-03
5.765682958934504124e-03
5.722359910281079459e-03
5.628393219762540395e-03
5.728637758589258215e-03
5.782577709148532114e-03
6.334304045130858922e-03
6.243271365948567346e-03
6.410640574144630711e-03
6.479291126241860585e-03
6.556819256453618947e-03
6.665689933872809628e-03
6.631572491436601990e-03
6.739482158028687123e-03
6.769908694552482196e-03
6.912172985123265362e-03
6.893001637258143986e-03
6.994160571894129409e-03
6.142461629373038162e-03
6.018731863553595206e-03
5.738059273435749952e-03
5.845446543581338597e-03
5.884954094099556672e-03
6.959531010759942120e-03
7.024896091172858417e-03
7.068491020781869812e-03
7.115251436466925490e-03
7.177906494591631062e-03
7.237433983481039376e-03
5.781790100081706137e-03
7.278754943798855168e-03
7.290235955594156700e-03
7.351251663209170360e-03
7.295680624576401582e-03
7.365209578119351168e-03
7.454175781379458049e-03
9.876547754687043171e-03
9.938607570883896056e-03
9.873080052625139713e-03
9.742783235636428424e-03
9.742271685547363932e-03
9.806485285840360264e-03
9.609350778736638551e-03
9.675961243607202403e-03
9.617064796348490444e-03
9.496042840234116336e-03
9.560808784270914337e-03
9.504648086782778102e-03
9.375428385602430081e-03
9.444775174593137562e-03
9.398756833986325609e-03
9.326494094750659852e-03
9.157331890253592524e-03
9.211536102721466085e-03
9.165460059572713356e-03
9.217543324718904460e-03
9.038911137172903412e-03
9.106575814135585770e-03
9.050276528515421859e-03
8.916882891894118562e-03
8.919298693484836379e-03
8.989596896909398185e-03
8.788493194989831225e-03
8.855252252037017213e-03
8.827643325374823907e-03
8.788499958408786325e-03
8.661956742221874408e-03
8.725349774409998233e-03
8.669532652643197057e-03
8.582921338390860772e-03
8.569952002015034445e-03
8.629906575270279018e-03
8.463009921181104123e-03
8.495469505035569205e-03
8.509923256751893150e-03
8.393007432727587341e-03
8.460395994330191863e-03
8.402951656835706135e-03
8.290982153693291293e-03
8.351730194843455524e-03
8.292952125088848270e-03
8.169965579659136182e-03
8.232132889331431058e-03
8.174110563844150246e-03
8.079044019730495518e-03
8.068796460470586615e-03
8.128089232825531224e-03
7.930654768066253482e-03
7.994040361711165360e-03
7.940184459374388659e-03
7.844816907759427638e-03
7.897018321559206785e-03
7.846110493816858822e-03
7.481153246724649326e-03
7.740661516646882637e-03
7.793654306837027694e-03
7.740471720231010752e-03
7.629687587801341903e-03
7.624033482037819061e-03
7.684608005126140721e-03
7.512154595926009981e-03
7.564809329645759070e-03
7.502818150211515609e-03
5.609964777491823797e-03
9.810265646854049795e-03
5.457482903321768559e-03
5.641289757561130866e-03
5.542464299039213949e-03
6.128705338230831280e-03
6.207978521444368000e-03
6.253789948734545835e-03
6.037152423680964067e-03
6.162806728605384199e-03
6.116372079160907124e-03
6.227314498630541657e-03
6.302540325314297774e-03
6.334506196213056384e-03
6.299686886667816947e-03
6.408057519197814939e-03
6.370134218588122815e-03
6.388607614242798258e-03
6.452010501882200939e-03
6.492819432504990523e-03
6.463090268192812037e-03
6.529491773181083508e-03
6.564798256546236672e-03
6.729781120536463407e-03
6.698257193586064709e-03
6.801316718053698925e-03
6.821360987221036960e-03
5.941803811926000232e-03
6.069524900200392280e-03
6.013176299822165644e-03
5.822743227986308667e-03
5.954275805039404255e-03
5.885425356871703748e-03
5.656104086570658968e-03
5.802397895157954642e-03
5.697184574671794628e-03
6.796941432268015573e-03
6.901888933671253279e-03
6.854474007875920559e-03
6.855045487521351996e-03
6.949397794219999182e-03
6.930415085313480772e-03
6.909758519397640568e-03
6.976223911224465821e-03
7.002003400033516428e-03
6.963380978450215732e-03
7.028264448254769453e-03
7.050428960843515939e-03
7.090842094240506002e-03
7.154842085611387570e-03
7.113641265782880488e-03
7.120682957056411258e-03
7.188614422030613002e-03
7.169454564611867260e-03
5.600330211747083994e-03
7.169211699119047362e-03
7.235396762673392164e-03
7.212399087097221342e-03
7.230392389686231616e-03
7.335321320863828244e-03
7.313083372776386752e-03
7.386982236520134477e-03
7.402677728472998805e-03
1.000000000000000021e-02
1.000000000000000021e-02
9.938946297757109485e-03
9.676635725074465150e-03
9.553049831357631264e-03
9.436078410685264095e-03
9.232375781942457962e-03
9.254806946625507985e-03
9.304329145570958137e-03
9.098344623559415437e-03
9.140720824284619475e-03
9.209342796979080523e-03
9.149004193460603951e-03
8.978109716773288035e-03
8.787906062407417618e-03
8.852611569227343893e-03
8.855082672521314910e-03
8.788287010203050739e-03
8.725421312075659283e-03
8.622592496980380564e-03
8.482480822981412760e-03
8.532804034683736522e-03
8.519819018931264198e-03
8.428143258461839524e-03
8.472958899458440940e-03
8.342201920907572898e-03
8.230707160931549637e-03
8.124899733558680476e-03
7.958617501919224360e-03
8.018927683992810654e-03
8.008205269131436765e-03
7.945218778761706582e-03
7.888096233460834689e-03
7.793105612201992050e-03
7.367484668457957922e-03
7.418093738212747611e-03
7.430640856185037439e-03
7.685608349836524356e-03
7.571455150145517919e-03
7.390132819538044844e-03
7.451689204043644883e-03
7.441348542150826376e-03
5.329596369684989031e-03
5.479480447860019150e-03
5.458681330664621502e-03
9.802701458766049925e-03
9.772912100975071972e-03
9.839698723923711796e-03
5.395480592017627870e-03
6.084158062699354490e-03
6.179103843928109713e-03
5.990883891956951673e-03
6.264438154307019196e-03
6.344993742924279548e-03
6.426520525102894996e-03
6.531635619550288721e-03
6.598522094360524497e-03
6.497941023813960486e-03
6.631103159877546269e-03
6.763765383068868001e-03
5.883961291491390105e-03
5.741304341647440398e-03
5.474739647521755133e-03
5.567103688801562124e-03
5.606288937488451522e-03
6.826435660887915195e-03
6.882782154304558329e-03
6.936900856990375550e-03
6.937072006296340909e-03
6.950228922344005994e-03
7.036823387603717561e-03
7.014311012774299484e-03
7.105872493262906271e-03
7.145170353352824598e-03
5.466983036065720634e-03
7.154800646759828207e-03
7.161951615086853580e-03
7.222768052906511707e-03
7.201815239657904065e-03
7.269006130192745205e-03
7.245833120228402889e-03
7.351678018327378189e-03
9.891090807633741086e-03
9.883843172887003120e-03
9.945815120456731606e-03
9.592435054363414662e-03
9.668132737637252783e-03
9.600823949997632292e-03
9.479018944536963046e-03
9.544540623291511081e-03
9.487458662677025062e-03
9.369286513295133068e-03
9.372281875018527789e-03
9.432983604497287983e-03
9.186691239841402248e-03
9.241295446007640607e-03
9.308681713534102536e-03
9.236776179657443797e-03
9.026216390101652470e-03
9.092102781197800368e-03
9.032558412349076318e-03
9.083676921565845067e-03
8.905474131703479748e-03
8.911199629353714832e-03
8.972531624981294751e-03
8.780826722454749059e-03
8.849214440780094060e-03
8.784412857144726847e-03
8.670190136283307050e-03
8.729209220959400009e-03
8.729627010221265027e-03
8.666235660935240129e-03
8.549891820674946838e-03
8.606059124840099300e-03
8.566522597160491220e-03
8.516284825480063478e-03
8.375180245068827509e-03
8.419235006294106469e-03
8.384430090497180937e-03
8.428955843379435861e-03
8.261330935226457797e-03
8.327402015608902433e-03
8.276625664861878354e-03
8.205733984816318549e-03
8.188264396612528195e-03
8.248471410133084020e-03
8.026020949486033229e-03
8.098077622240991771e-03
8.052943413067403106e-03
7.993078687655421136e-03
7.845824066714968126e-03
7.902634408385024109e-03
7.888242486398954270e-03
7.845803780545166847e-03
7.741299587205743328e-03
7.793027085172532335e-03
7.741396913958021458e-03
7.379085998725824769e-03
7.634686800897700493e-03
7.687614366763893294e-03
7.632583396787006973e-03
7.524934892665772514e-03
7.518940120965603852e-03
7.577234875200023964e-03
7.409655415189734390e-03
7.460805471071095367e-03
7.400260751877846092e-03
9.847234266819583637e-03
9.694553611863119050e-03
9.748937012081959619e-03
9.718604994542624081e-03
5.076756412888462980e-03
5.268334568186147822e-03
5.202284884192714433e-03
5.879188609270297010e-03
5.957842948526825312e-03
6.004148359612092659e-03
5.991558392170153249e-03
6.109655271231429104e-03
6.059912533587713708e-03
5.767947039157636166e-03
5.854442356645961527e-03
5.902722365318638191e-03
6.108350182598061041e-03
6.167685959932961252e-03
6.204335491422635282e-03
6.199824243190547174e-03
6.249676876182989026e-03
6.294489848707575039e-03
6.262688685712270581e-03
6.325497050711873306e-03
6.363186338918394060e-03
6.331625755934123037e-03
6.431981180612886435e-03
6.397209524350321898e-03
6.595126940287610560e-03
6.662331024622405312e-03
6.563870895773593617e-03
6.696361688239486736e-03
5.667147029054655366e-03
5.804633103766220457e-03
5.744613086960516021e-03
5.520859760805927295e-03
5.671832012882762480e-03
5.588263457596995450e-03
5.356878068925898656e-03
5.506474960325009535e-03
5.415643619064765962e-03
6.664495328655118192e-03
6.760123394012563722e-03
6.730597044546733979e-03
6.722099141788579618e-03
6.788460023591796552e-03
6.816303323907701127e-03
6.777804910207456401e-03
6.843684150642953892e-03
6.871034473741597856e-03
6.767341721496738724e-03
6.852554417605753213e-03
6.865305761421556380e-03
6.971274216257346626e-03
7.030972766135106661e-03
6.954308071432596140e-03
7.046294960947587817e-03
7.010978038127333931e-03
7.090574969436645204e-03
7.065694208839905406e-03
5.168053528381745185e-03
5.321665599932161837e-03
5.311526640119251449e-03
7.178500058312086048e-03
7.040469467251658092e-03
7.097957188150215251e-03
7.104760899852453730e-03
7.239381165995069714e-03
7.287202802051155962e-03
7.220815436259161828e-03
7.303925477542850923e-03
1.000000000000000021e-02
1.000000000000000021e-02
9.946152784261053439e-03
9.536101033764919632e-03
9.643855643002222436e-03
9.424453571463126123e-03
9.305654020816501309e-03
9.124262500756798178e-03
9.178540343327127801e-03
9.132433874561616399e-03
9.183042419770770862e-03
8.966052924106191271e-03
9.009997751850106970e-03
9.075685117146943190e-03
9.018061892508527980e-03
8.843349583615633600e-03
8.663419152378384544e-03
8.722276821983029546e-03
8.725980257199691600e-03
8.666877663581606245e-03
8.560585392868493709e-03
8.611537407522832158e-03
8.615510063113111794e-03
8.555342814528854589e-03
8.462210059779526339e-03
8.506203546071613650e-03
8.472610933100251790e-03
8.318398477997005977e-03
8.366440611184997739e-03
8.424720933493315758e-03
8.371088796699652917e-03
8.233718784387531603e-03
8.111838728336354457e-03
8.158839171270526602e-03
8.141202717569542141e-03
8.069171700558422020e-03
7.917795826592004954e-03
7.938588223131348362e-03
7.971994238902707988e-03
7.842312760367668723e-03
7.900493872314723678e-03
7.844598841141603787e-03
7.793951870822450091e-03
7.688405617571258607e-03
7.266491698183145768e-03
7.328835679745953659e-03
7.316867705813773215e-03
7.580298208858328272e-03
7.467824488136418082e-03
7.290391389152503857e-03
7.350571011933710285e-03
7.340142562302210891e-03
9.785191619184868683e-03
9.838410015508456188e-03
9.793898084725185735e-03
9.740219104836177547e-03
5.124417913034157862e-03
5.936549878718002174e-03
5.824910024426492930e-03
6.050970823369173322e-03
5.719002598046267830e-03
6.155025656678859459e-03
6.231903433881068669e-03
6.297717769870684115e-03
6.401015668859859342e-03
6.466193839428559069e-03
6.366897691650035690e-03
6.498379626134982712e-03
6.630293587304633522e-03
5.595750291571725994e-03
5.440687917629903093e-03
5.264530789888478314e-03
6.693705922185092493e-03
6.750278034713120580e-03
6.772650560889444983e-03
6.810246743528147739e-03
6.873573231414191638e-03
6.788958603870888509e-03
6.891111281234893991e-03
6.991255436173674474e-03
7.025802564606459071e-03
7.069821147670536828e-03
7.136214168624249211e-03
7.112212786091667155e-03
7.055223283355863302e-03
7.106742710772433191e-03
7.173540144177156276e-03
7.154145546668532266e-03
7.253158765465978798e-03
9.879493067928535668e-03
9.940080253384967965e-03
9.885232537311140766e-03
9.461411456520152710e-03
9.527278139999066295e-03
9.470119352009809255e-03
9.576116261422233655e-03
9.635644108124379742e-03
9.584188649706169502e-03
9.346213722220161196e-03
9.412953757276609421e-03
9.357642839013170788e-03
9.229621671088285989e-03
9.299810168791019724e-03
9.235372570217443081e-03
9.067344221379067606e-03
9.108890322238296505e-03
9.175418006183410843e-03
9.116484999364824621e-03
8.893159387786056178e-03
8.960024817489477614e-03
8.899286225883365140e-03
8.951775011482039635e-03
8.772839104894767509e-03
8.839495808305713326e-03
8.776819351890939938e-03
8.655318530073733557e-03
8.718385129501028327e-03
8.659381685412683924e-03
8.551532086525528639e-03
8.611162246938796130e-03
8.607597177037186811e-03
8.556175535251696329e-03
8.511483717854092385e-03
8.414410713432173353e-03
8.265557686965550183e-03
8.320591566365919886e-03
8.263765481384332742e-03
8.316091581252864698e-03
8.122735251103543191e-03
8.192160522599925554e-03
8.164536623174302107e-03
8.117615810780798302e-03
8.015129751584358295e-03
8.063635435881599464e-03
8.021182818022540295e-03
7.880298086466234336e-03
7.921316267502078942e-03
7.973890395469548573e-03
7.919946986344891804e-03
7.744292694494482598e-03
7.793644998596339912e-03
7.795068078981125942e-03
7.743335096441684995e-03
7.641196792383801208e-03
7.691228694191370660e-03
7.638464694268937670e-03
7.278745306347489570e-03
7.535410666976597414e-03
7.584998464201656194e-03
7.530677884244174787e-03
7.426541013179457570e-03
7.475660984638834300e-03
7.418574450005193527e-03
7.312099650610064810e-03
7.360774497255035374e-03
7.301663111551805023e-03
9.832809203677204957e-03
9.675523158844758637e-03
9.730650645474708815e-03
9.684960193845140730e-03
4.830960600636285962e-03
5.001146926391022637e-03
4.952983109533378239e-03
5.741709654483628973e-03
5.810227349196955479e-03
5.866793162186494624e-03
5.617079936788072110e-03
5.748241498069978778e-03
5.692224203189934564e-03
5.862324687719595168e-03
5.985662403654879588e-03
5.926739599391354571e-03
5.509333113795134712e-03
5.587901225053205391e-03
5.638750495348159725e-03
5.982015934693337735e-03
6.091272971920082616e-03
6.045010454228677207e-03
6.064545912144799975e-03
6.163913378249893243e-03
6.131997974464203048e-03
6.134885779191015173e-03
6.233447132007689968e-03
6.198638017126989301e-03
6.205550683146607641e-03
6.303497958918867841e-03
6.268459299414148519e-03
6.471703801748530938e-03
6.533306023714454888e-03
6.436912421164022423e-03
6.568383937098647499e-03
5.381694191948400985e-03
5.524438608106088493e-03
5.451046688394976629e-03
5.231488620744859444e-03
5.376095894387390543e-03
5.294034090273532986e-03
5.115560843392408762e-03
5.142264259383806657e-03
5.236047024046350598e-03
6.532821831695240743e-03
6.598543249714567717e-03
6.627755561947920419e-03
6.579716513008574200e-03
6.679093577074044462e-03
6.650790000678408025e-03
6.601487415832688228e-03
6.689515280978257199e-03
6.684670974672376857e-03
6.646932445362086113e-03
6.728876652236689092e-03
6.707042619420880772e-03
6.851937414739875040e-03
6.911512931611255885e-03
6.831213274363936126e-03
6.931845928127977098e-03
6.893823040855348930e-03
6.952300806857116509e-03
6.967538674387727636e-03
7.088420089469179251e-03
6.932801446661533001e-03
7.001705413072722289e-03
6.986522759680595558e-03
7.138494703403097490e-03
7.188807047932588637e-03
7.122788402632165145e-03
7.202999796966575927e-03
1.000000000000000021e-02
1.000000000000000021e-02
9.940505846939642204e-03
9.519168018429642955e-03
9.404163111896958818e-03
9.626180705135599022e-03
9.288231331531407453e-03
9.169554789557735064e-03
8.993402471040900029e-03
9.059150931205035145e-03
9.001613878857448944e-03
9.051377928163949552e-03
8.833185439609566106e-03
8.877331564919696549e-03
8.885169485493751157e-03
8.943991542787133042e-03
8.714230027454585373e-03
8.542298304207700949e-03
8.603161612006918896e-03
8.598927799511194361e-03
8.546956076235361424e-03
8.448032258781426260e-03
8.499862793766778390e-03
8.504584223213738220e-03
8.455284483864492287e-03
8.348034933449139869e-03
8.405380685353500136e-03
8.357467901272567362e-03
8.175154966685903649e-03
8.218516209821967455e-03
8.220412843898294852e-03
8.250590067341100065e-03
8.308772970056643378e-03
8.258347489288782317e-03
8.149072390319358691e-03
8.069032094526543131e-03
7.968360994809482040e-03
7.829405075095399735e-03
7.873677846130319388e-03
7.836372827241259303e-03
7.875510957275269966e-03
7.741146095513893634e-03
7.791786421006226607e-03
7.743310143360847275e-03
7.693128793369356788e-03
7.588758634296723787e-03
7.167391812321700743e-03
7.229427096402040939e-03
7.216801581324267488e-03
7.481484482982915865e-03
7.369875729169836180e-03
7.193671062483870948e-03
7.241897773488069345e-03
7.253443677591492507e-03
9.758601841622631390e-03
9.819528581153664365e-03
9.771839952216575600e-03
9.717355218903029820e-03
4.882743040149058709e-03
5.024391370566243936e-03
4.858310389645290224e-03
5.680611192019384241e-03
5.802911049270210314e-03
5.564565678249108402e-03
5.923217390466346474e-03
5.447056455521940080e-03
6.024069863085222166e-03
6.100423048505144996e-03
6.170808601658445136e-03
6.276755887957788209e-03
6.338773788954351306e-03
6.241741795259512192e-03
6.374452750404769642e-03
6.502711272814013996e-03
5.308260341935757028e-03
5.174860899963156825e-03
5.000077686320798277e-03
6.556594839604937448e-03
6.590795263094650219e-03
6.624383922368860290e-03
6.689858350144542616e-03
6.749953161244556278e-03
6.668516070478741099e-03
6.771214825719720255e-03
6.872975089518756908e-03
6.913387072255715304e-03
6.970717224706366767e-03
7.039163332232106600e-03
7.020143624349198599e-03
6.951842448773085277e-03
7.006912703086742161e-03
7.073173864405851025e-03
7.056679194153207997e-03
7.153183663046721284e-03
9.908648884017764308e-03
9.894174732337114933e-03
9.954488630507398947e-03
9.446831800902295156e-03
9.511810710347731040e-03
9.454008518898965319e-03
9.330919012603274346e-03
9.338447988334162495e-03
9.396484411986099836e-03
9.561246294875536123e-03
9.618655349840530069e-03
9.568578023122786130e-03
9.211144932974433056e-03
9.279008626644292060e-03
9.220259428902925075e-03
9.093975529637003327e-03
9.162121120356910703e-03
9.101311523133301384e-03
8.935569104228727189e-03
8.977864158432153144e-03
9.043683459695762636e-03
8.985511694166711805e-03
8.760512633491658249e-03
8.827165696235777029e-03
8.766612014858989055e-03
8.819100865254761792e-03
8.643622631153594776e-03
8.708550585368150451e-03
8.649426007163028840e-03
8.528374911051359378e-03
8.592164493445393278e-03
8.535322593775800798e-03
8.432612580344127709e-03
8.487541421204289685e-03
8.492364606343477673e-03
8.440413388162724961e-03
8.398094345537742561e-03
8.299366376151378136e-03
8.144772575484338778e-03
8.205449409488529966e-03
8.160211030605171723e-03
8.197738517702638991e-03
8.091909769896103027e-03
8.107616415090317802e-03
8.133613753558125228e-03
8.003362263486291789e-03
8.063327508632986765e-03
8.009677406385345283e-03
7.910081936082273557e-03
7.962807641268471182e-03
7.916199906144651133e-03
7.785522284042638817e-03
7.819943516096442698e-03
7.870804763447173877e-03
7.825190419145174395e-03
7.642811821739863877e-03
7.692309037550385149e-03
7.693581309863480044e-03
7.642607737921246723e-03
7.542543475058434942e-03
7.591865174310686269e-03
7.539587880339693009e-03
7.180877867906824107e-03
7.438961659315741770e-03
7.487151064086307491e-03
7.433357458583362935e-03
7.330539894499380447e-03
7.378471116029528161e-03
7.321865813484491024e-03
7.214149888845739628e-03
7.204378433029281700e-03
7.263011896932199292e-03
9.787809198499806615e-03
9.833632403537328689e-03
9.773261812594644452e-03
9.668923411021625863e-03
9.713895670024752863e-03
9.672141117249465764e-03
4.592140027281432085e-03
4.738692780041580885e-03
4.710682070833020763e-03
5.488728642296043618e-03
5.552744485490683328e-03
5.615210028919934843e-03
5.608546100828641287e-03
5.735174715198627753e-03
5.674989058444082982e-03
5.369239562962750678e-03
5.493175744649095305e-03
5.439069786700298156e-03
5.784982964500889890e-03
5.883624485940679681e-03
5.823698227921446022e-03
5.243102615954357316e-03
5.376210514479278814e-03
5.312174741246353596e-03
5.857183666966961008e-03
5.961096350480024272e-03
5.919438772096527294e-03
5.937220340110396441e-03
6.036248260694936259e-03
6.000734465752283718e-03
6.010177718301582504e-03
6.107994524844014006e-03
6.072404971145852100e-03
6.081367613442753908e-03
6.143347519352121595e-03
6.179215587054247283e-03
6.341357292230547643e-03
6.406412409053521308e-03
6.309545017720192238e-03
6.437321687714288483e-03
5.102401529929351601e-03
5.242077942180202281e-03
5.166738127249158839e-03
4.930767892339152185e-03
5.081384090313604239e-03
5.022568980704886915e-03
4.908292031673312274e-03
6.401284295909756041e-03
6.466938515587911974e-03
6.490720223983285214e-03
6.435992566708367488e-03
6.518956016699328782e-03
6.507730032378807733e-03
6.481752657739354648e-03
6.564567385793802605e-03
6.541522799369112705e-03
6.526892225538218593e-03
6.608620443777158196e-03
6.586804493019134121e-03
6.735072871856540890e-03
6.712550376362874313e-03
6.793392608018667192e-03
6.814796575034092960e-03
6.786951256578657894e-03
6.860231318434288107e-03
6.840254756590487782e-03
6.988929655729085241e-03
6.832918028416983501e-03
6.902182904248448450e-03
6.882704040183478846e-03
7.041389010862411993e-03
7.089777701593752077e-03
7.024328932971312008e-03
7.104891559277880415e-03
1.000000000000000021e-02
1.000000000000000021e-02
9.954855535454136192e-03
9.848774100107732243e-03
9.504465939173449215e-03
9.389252072658994114e-03
9.271382089962247608e-03
9.615531769809979729e-03
9.152854564466961218e-03
9.036168585669274167e-03
8.860390803435685275e-03
8.927210938913630531e-03
8.868741476458096365e-03
8.919349726729107475e-03
8.702220654726405130e-03
8.744300994368838995e-03
8.811132132950517948e-03
8.752294770827603876e-03
8.586119771614901877e-03
8.417047284139285435e-03
8.472799537239802600e-03
8.479990271351288411e-03
8.424848934472740913e-03
8.329766091641793713e-03
8.381236554262443475e-03
8.389186225094474175e-03
8.339053980826497195e-03
8.216811795476466895e-03
8.282777213417543902e-03
8.233976052119560893e-03
8.118423419329301796e-03
8.160151347125672860e-03
8.152637665931248417e-03
8.205568477852911644e-03
8.047667789448419498e-03
7.956801856424163683e-03
7.865125658748724560e-03
7.729627188845259074e-03
7.735963509095319934e-03
7.779626139764538040e-03
7.774960454475768681e-03
7.638469683221350316e-03
7.689894125136036152e-03
7.641293664791494814e-03
7.593077921552997267e-03
7.491214834718630533e-03
7.073192531259522332e-03
7.120123377679010365e-03
7.133958855958261874e-03
7.385308313115093032e-03
7.272916418487154581e-03
7.099510782506359904e-03
7.157387365428855008e-03
7.146437330661086461e-03
9.728972476653611340e-03
4.659767518324423735e-03
4.627389176475398512e-03
4.770511169288846678e-03
5.549912506149287141e-03
5.430234596193872845e-03
5.697529444388049584e-03
5.307640368766651517e-03
5.821737765430895321e-03
5.174445226604781553e-03
5.898014080993873101e-03
5.974406035974865262e-03
6.046373540282114038e-03
6.149173223510980522e-03
6.212847376174140956e-03
6.115790045207332958e-03
6.245433737309246530e-03
6.371717910171401621e-03
5.018671598533685878e-03
4.796727295773532164e-03
6.418883893741320762e-03
6.459068362365272438e-03
6.504454518662498158e-03
6.572221225184696897e-03
6.549633208259060188e-03
6.630924176052628918e-03
6.653934103285435997e-03
6.761094394378655212e-03
6.809994033645020567e-03
6.872302892218703704e-03
6.940023211492779912e-03
6.921340438379785381e-03
6.852667971831499609e-03
6.910565311318308396e-03
6.958549916070949637e-03
6.976445390430875519e-03
7.057565097090181400e-03
9.871057425264890064e-03
9.935975231693230242e-03
9.889739636209211870e-03
9.829933600015171996e-03
9.432247941214777498e-03
9.497077766381555042e-03
9.439412296877119565e-03
9.316260895395873584e-03
9.381861828343869211e-03
9.323454529347904168e-03
9.199292986817552559e-03
9.265406093939099891e-03
9.205077213813294204e-03
9.546322375750818795e-03
9.607941332072437307e-03
9.553665862286059643e-03
9.080789053814007639e-03
9.146250010165205349e-03
9.087235251830784455e-03
8.963006763807025365e-03
9.028778777169798458e-03
8.970279936453084621e-03
8.802532124698322913e-03
8.845499170936826916e-03
8.852788093886180404e-03
8.911973694158225809e-03
8.628310341127992319e-03
8.694729330958264266e-03
8.635864724689228805e-03
8.686464963367539899e-03
8.512707703488813643e-03
8.520465765173514464e-03
8.578485904576030677e-03
8.400143482968087938e-03
8.408546852732167246e-03
8.464579382537119889e-03
8.310130792193596086e-03
8.363640108852335442e-03
8.371684681488735999e-03
8.320019943946529994e-03
8.273337014619533414e-03
8.188496311327439492e-03
8.010336832085202668e-03
8.077706922927462355e-03
8.051438324651546269e-03
8.075550986618766636e-03
8.117886242012121653e-03
8.110455638980992171e-03
8.007165022193530116e-03
7.898399264169813153e-03
7.951130934674272704e-03
7.904691021387159552e-03
7.806320626363816122e-03
7.858416370258355238e-03
7.813637465238793683e-03
7.684283097701049593e-03
7.717013438981002588e-03
7.768658699114393447e-03
7.723908215609092895e-03
7.543612599670062625e-03
7.591352946710629157e-03
7.593274086330687941e-03
7.543788216483539484e-03
7.431857242559950470e-03
7.487233148826231977e-03
7.436150458277698654e-03
7.086735341521295875e-03
7.341760123132352531e-03
7.336754859632523169e-03
7.390339306232627907e-03
7.228996571070222046e-03
7.222132150597045282e-03
7.279700951786758842e-03
7.120293083990160941e-03
7.110423078223931069e-03
7.167107694362144857e-03
9.654551682260375731e-03
9.721587210889084257e-03
9.661637223799601076e-03
4.360270428434751509e-03
4.511113127472315444e-03
4.475338292141471316e-03
5.357623161540397971e-03
5.423012776879255863e-03
5.483141181518279977e-03
5.237522929323621193e-03
5.363102779920448336e-03
5.303199003126408614e-03
5.623323704707808984e-03
5.703848370649499885e-03
5.617033625186294669e-03
5.113647955814880179e-03
5.178200184365868049e-03
5.241463485695260945e-03
5.740370737867668723e-03
4.977401494333453733e-03
5.110246327744732975e-03
5.039757357282609491e-03
5.729614273470971623e-03
5.833511280053893695e-03
5.793264850738634279e-03
5.809894875049721394e-03
5.910142906395364319e-03
5.873428443480212605e-03
5.886126122872491900e-03
5.983847792948518082e-03
5.948036283947230607e-03
5.957380157359081461e-03
6.053387030033423148e-03
6.019261111601119547e-03
6.211798717194214753e-03
6.180913675011603589e-03
6.276459514385704895e-03
6.306725003368073186e-03
4.821832413993393240e-03
4.961960811490502034e-03
4.876335350441950503e-03
4.682068597544681438e-03
4.671678650943432258e-03
4.805904939873780965e-03
6.265272446062178195e-03
6.350801468316539730e-03
6.333152472456611906e-03
6.314422534240979670e-03
6.398258542738518607e-03
6.375098614935984127e-03
6.360351393726751922e-03
6.443806509931346120e-03
6.420933876079662136e-03
6.405069241160314154e-03
6.488855815376942150e-03
6.465850595701662026e-03
6.631082008377015176e-03
6.601721972873548713e-03
6.682937014179822152e-03
6.709327914539405316e-03
6.694879467847958225e-03
6.740726818393921044e-03
6.764188651903196327e-03
6.891537626540373933e-03
6.735485740850866154e-03
6.804244517446925676e-03
6.784015853839418450e-03
6.949223431325363479e-03
6.930097366617670764e-03
6.995098411109993211e-03
7.011702466166229615e-03
1.000000000000000021e-02
1.000000000000000021e-02
9.936553275246014227e-03
9.748886906793711310e-03
9.768238320781698347e-03
9.810569691857926738e-03
9.489735804957421042e-03
9.374654328995361829e-03
9.258130427180330871e-03
9.140359874335392959e-03
9.600910011500918967e-03
9.022172575820924106e-03
8.904489896716150793e-03
8.727981040408295740e-03
8.735987594804515283e-03
8.794479754499482868e-03
8.786945020573042400e-03
8.570629266310095251e-03
8.613362895187529414e-03
8.679120156723441754e-03
8.620677845854966131e-03
8.456519326488148164e-03
8.289141926170411068e-03
8.344714485632533790e-03
8.353430609244974145e-03
8.299624895231356297e-03
8.205807695010331262e-03
8.257989763672569927e-03
8.268119331352441134e-03
8.211408653236057162e-03
8.077275830710250668e-03
8.147268615473995598e-03
8.119002606645071146e-03
8.042984881993071877e-03
8.076531249087488123e-03
7.954394421486181074e-03
7.852416194473497285e-03
7.761763399904886632e-03
7.629508306063679732e-03
7.679731274433499767e-03
7.634660303057334146e-03
7.673408801355851086e-03
7.539070174961601777e-03
7.588916703056411937e-03
7.542102842495385269e-03
7.488117224151108128e-03
7.387436562530229692e-03
6.983534428981642318e-03
7.028152245439944594e-03
7.042012211421978286e-03
7.285934356467968845e-03
7.175173940962363550e-03
7.009738860587417034e-03
7.065519360049721947e-03
7.054439447217950195e-03
9.702133902627320047e-03
4.438974327068816519e-03
4.548609234728622289e-03
4.401021261864504659e-03
5.298783977276890107e-03
5.437157674661991826e-03
5.398199862659343491e-03
5.522481029908505451e-03
5.176941051452421325e-03
5.530883078594439443e-03
5.047042085703543068e-03
5.677456682765496046e-03
4.901223542713613324e-03
5.770505333075091371e-03
5.848669184037647018e-03
5.922307350301091004e-03
6.022475999559473610e-03
6.085705675517058370e-03
5.990388619445485494e-03
6.117256626152956477e-03
6.238856911605348589e-03
4.753207587312521278e-03
4.561085588339360182e-03
6.290077377779798584e-03
6.337536341342779080e-03
6.382788706092980442e-03
6.456033703009836887e-03
6.430590155653260163e-03
6.513995047743680392e-03
6.543860173268346153e-03
6.663050042107382907e-03
6.715187297794348274e-03
6.775710830663129319e-03
6.823791227549262477e-03
6.843550440605296499e-03
6.755624177619562291e-03
6.824621844766945097e-03
6.867328297906644466e-03
6.887334707363535966e-03
6.966703051335793560e-03
9.882271076860975681e-03
9.876675703666777315e-03
9.941444135174079197e-03
9.761064201006339897e-03
9.816187160662622618e-03
9.754965301225581795e-03
9.418254700306074451e-03
9.482608186739297645e-03
9.425107980042680966e-03
9.302829073835935936e-03
9.367836574764382834e-03
9.309390405315316752e-03
9.185749564500592101e-03
9.251286716727870688e-03
9.192360113135620778e-03
9.067791428109562082e-03
9.133816856477844706e-03
9.074122137818446329e-03
9.531926915701682476e-03
9.538996381352370796e-03
9.593549559925607442e-03
8.949075082788613550e-03
9.015201979235228091e-03
8.955859239390693075e-03
8.829213824180347919e-03
8.896383215472132219e-03
8.837159308517460524e-03
8.670843311993114630e-03
8.711925516497765268e-03
8.778982846325939296e-03
8.719749247946308179e-03
8.497702633011803772e-03
8.563306306256644740e-03
8.505062225373798482e-03
8.555660052151166720e-03
8.379805942150589035e-03
8.446579291662557887e-03
8.389875332016497392e-03
8.271167247120441574e-03
8.335975904361461394e-03
8.280059460211625089e-03
8.156819744884212520e-03
8.223095274186768486e-03
8.233980888226234002e-03
8.181435937269753919e-03
8.121181512628630403e-03
8.169307728155484477e-03
8.163520755810116381e-03
8.099204166526315779e-03
7.975432605526969893e-03
8.025709028498060477e-03
7.993279886498191530e-03
8.026339869115174316e-03
7.880610414627030325e-03
7.945884588229848791e-03
7.889920832932124234e-03
7.790150774444340280e-03
7.844559326489249779e-03
7.798724753288951983e-03
7.700964778869543760e-03
7.753886838098647538e-03
7.709534825767853927e-03
7.584502070062850397e-03
7.614680402165526982e-03
7.666091360837005986e-03
7.622752615417896331e-03
7.453506977260345064e-03
7.498724359644855578e-03
7.496527643248709731e-03
7.443599638870420504e-03
7.316132911069976770e-03
7.374017072970997372e-03
7.329422028496090404e-03
6.997073524464427104e-03
7.225007292109638865e-03
7.283371895045755683e-03
7.227632406610591011e-03
7.132216990097021113e-03
7.180555408745029067e-03
7.126923139798238375e-03
7.029186767113388204e-03
7.074607782403318466e-03
7.020078493105875485e-03
9.647551247200399777e-03
9.698413082634681562e-03
9.650958295362530720e-03
4.135359100806087346e-03
4.288097135028762739e-03
4.246947683578584411e-03
5.116450607563432541e-03
5.176876150143207289e-03
5.236981019904598730e-03
5.235423437865094343e-03
5.336153145922481293e-03
5.296423731583766413e-03
4.990185217586806492e-03
5.113788590392612590e-03
5.051792678916281094e-03
5.356340079365636692e-03
5.489224354203942231e-03
5.396950838698920394e-03
4.854384188588206465e-03
4.983938164052692694e-03
4.915759819850805748e-03
5.547469392716333596e-03
5.585560241430738947e-03
5.638501690473025733e-03
4.703456712003722430e-03
4.840322309609892612e-03
4.762504430970869104e-03
5.606061465915417215e-03
5.708023961032779835e-03
5.667722098710018495e-03
5.687498636113241107e-03
5.786871940945342331e-03
5.748585858727689284e-03
5.765184487746671631e-03
5.861340625466194068e-03
5.825549174351182108e-03
5.833545688504646401e-03
5.895346495764876293e-03
5.928077836333004932e-03
6.079735238414597266e-03
6.051466718574350333e-03
6.145636110909222238e-03
6.172625837599921006e-03
4.506480078171924870e-03
4.664066388807514528e-03
4.593696186605896944e-03
4.474146176039751378e-03
6.137580398494641050e-03
6.226124986306457929e-03
6.201299476632074481e-03
6.187256973787298546e-03
6.273933600548512596e-03
6.250703729181559566e-03
6.233064731753262984e-03
6.319205916160272260e-03
6.296553158385872866e-03
6.288088382682999709e-03
6.372218121904700550e-03
6.346412702491143441e-03
6.554919221931263494e-03
6.592798446433281376e-03
6.505604377308349395e-03
6.625134864862736520e-03
6.597786834975525802e-03
6.666912301619633448e-03
6.646133800577905433e-03
6.800312929365427694e-03
6.643827126162549744e-03
6.689383819816086679e-03
6.710066835094988594e-03
6.865429657368864354e-03
6.845259977366149190e-03
6.907045462400290478e-03
6.924922551078140608e-03
1.000000000000000021e-02
1.000000000000000021e-02
9.942043514402877299e-03
9.822438605819954274e-03
9.704906379020970114e-03
9.360961300263953566e-03
9.475562382199017100e-03
9.244664093748883316e-03
9.127104220538462959e-03
9.008731135725601621e-03
9.590294498562997386e-03
8.889412355238339794e-03
8.770789943979121622e-03
8.596997924151882076e-03
8.604989300344752928e-03
8.662752053406715808e-03
8.654639986629910145e-03
8.438854515221139163e-03
8.483578401963596388e-03
8.490443771531474421e-03
8.548744547541564653e-03
8.325570061378302633e-03
8.154334226666381039e-03
8.212855701743999523e-03
8.222116406822336035e-03
8.155444766122576378e-03
8.080175468875861952e-03
8.143345864284758095e-03
8.118431492327157079e-03
8.100787522370629309e-03
8.037592021431142972e-03
8.057599793655107270e-03
8.079506995275214862e-03
7.927997938411080608e-03
7.956137382891219009e-03
8.017068598053988734e-03
7.965973948671972032e-03
7.835368943636683223e-03
7.745586008385783872e-03
7.657881776525509755e-03
7.528057327281813954e-03
7.579021713822793431e-03
7.534320909391319793e-03
7.571488698803491985e-03
7.444601425186356952e-03
7.492071262205706253e-03
7.449846095563191460e-03
7.376767217117140459e-03
7.404643367821485758e-03
7.415289950342235717e-03
7.346840470710189024e-03
7.270929288078003920e-03
6.898616443627774049e-03
6.940805290126094568e-03
6.954621929137097362e-03
7.179054687611116300e-03
7.081181055394775332e-03
6.922166149833049176e-03
6.976078923176452090e-03
6.965692269176843900e-03
4.212337625968730001e-03
4.175161652763648840e-03
4.324822338059336468e-03
5.177110279603441487e-03
5.054577042070497461e-03
5.297008275006179039e-03
4.923719299140102458e-03
5.452413746487021207e-03
4.780512549135897994e-03
5.577335709905144323e-03
4.606893401473683217e-03
5.647472064640194842e-03
5.726950858561933103e-03
5.799857617788598332e-03
5.894580391884438920e-03
5.864457405270269603e-03
5.958398467805083899e-03
5.987232916730512999e-03
6.108934950646724427e-03
4.360489555037191066e-03
6.162598357923341173e-03
6.210254019153605039e-03
6.260615670956793354e-03
6.414930345792148499e-03
6.435287082593107305e-03
6.351664524092670225e-03
6.485106176761163028e-03
6.576315939836331267e-03
6.620769166277223200e-03
6.698279779531413937e-03
6.761784772191047933e-03
6.736651458289522401e-03
6.671110546027508859e-03
6.744807265269382214e-03
6.805506106508554809e-03
6.784362426490403268e-03
6.882379105461013287e-03
9.887614367909660501e-03
9.884929410408530709e-03
9.944077374915705203e-03
9.768630099547747150e-03
9.825669130030734860e-03
9.764807928121689226e-03
9.647070680576116941e-03
9.704273534152985103e-03
9.647211483383565100e-03
9.290865506561935341e-03
9.354841518224210964e-03
9.296683121630710742e-03
9.405900645582297714e-03
9.469209996026507065e-03
9.411922993873684390e-03
9.173172066096654462e-03
9.238266944129382499e-03
9.179282206589105611e-03
9.055784848360512798e-03
9.121019323513394200e-03
9.061602118920574975e-03
8.937026523394618269e-03
9.002653482356787543e-03
8.942852207805676579e-03
9.526851866702911939e-03
9.587476052883616914e-03
9.529264674952625871e-03
8.817441494424795023e-03
8.823097963588258028e-03
8.883485990393021059e-03
8.679928760940178872e-03
8.695625311807285082e-03
8.754845226929460281e-03
8.540425289259599706e-03
8.577713316747616681e-03
8.587120497884006762e-03
8.645071114050436462e-03
8.365052902372726445e-03
8.372249153276799249e-03
8.431678163924916786e-03
8.424426979068731086e-03
8.253972598857796730e-03
8.317165879648525523e-03
8.262405338398292470e-03
8.140366198954652674e-03
8.206084605792784634e-03
8.147192192811706854e-03
8.028960534731111737e-03
8.093283482858103922e-03
8.091810475337503361e-03
8.027015994456009051e-03
8.053698616130911675e-03
8.092161569770502105e-03
8.058827290229973045e-03
7.996856904198971008e-03
7.863113180050788215e-03
7.919628573565096197e-03
7.872138033241680988e-03
7.909575446257760198e-03
7.774341035269638489e-03
7.782682889690644042e-03
7.827837632355701472e-03
7.682690017318262107e-03
7.692334136220156139e-03
7.736722735084028066e-03
7.595179860376596002e-03
7.648395421166184933e-03
7.605520027538292122e-03
7.486510388765141646e-03
7.511002437593905685e-03
7.563171204308737072e-03
7.520248623267365880e-03
7.373250620001160251e-03
7.413588297551026822e-03
7.409150050294734287e-03
7.375593557030579381e-03
7.303536175007513051e-03
7.340243048085504964e-03
7.310576219359409163e-03
7.226613835462265996e-03
7.271506861615975245e-03
7.226594373680578914e-03
6.910928508836570311e-03
7.136770952229417458e-03
7.180950566379356789e-03
7.135290629016212242e-03
7.044891908234202429e-03
7.088538737299142876e-03
7.037874042043677954e-03
6.946363134160515700e-03
6.935044775621911767e-03
6.987640889970752299e-03
3.917415018811309761e-03
4.065660589307998687e-03
4.025520106374457299e-03
5.000741046656603447e-03
5.058529760021794608e-03
5.117993638437379721e-03
4.872805383853929563e-03
4.994533221700817212e-03
4.931399797834373593e-03
5.119992695212693262e-03
5.238095294333478501e-03
5.177652153400326765e-03
4.739614925106795489e-03
4.796909860874750200e-03
4.864823843641250499e-03
5.417885077399641272e-03
5.482494119625648012e-03
5.388158756717692510e-03
4.593735922666901048e-03
4.723956441281928174e-03
4.648527295141696193e-03
5.512073447821926389e-03
4.425553013820314290e-03
4.564197484422137692e-03
4.466206645774958156e-03
5.491551805885839729e-03
5.548726840161914350e-03
5.589530531315342957e-03
5.572918246701668264e-03
5.630124034924640676e-03
5.669070325836723066e-03
5.645793067331763074e-03
5.705382658906753973e-03
5.739691778218255352e-03
5.711180016829416929e-03
5.802906980551657268e-03
5.772243168815920263e-03
5.949672252217558070e-03
6.014564740251410538e-03
5.922429408646184487e-03
6.043705359796352344e-03
4.262952302698379790e-03
4.238470680364103856e-03
4.384077850042505248e-03
5.995492367391311653e-03
6.066366627818750232e-03
6.091455163810748780e-03
6.040809188119135135e-03
6.113821407127735356e-03
6.137003311668434366e-03
6.126967641205439963e-03
6.207623208900648303e-03
6.179852298004594527e-03
6.264198740472674831e-03
6.275931115549233594e-03
6.339667582799601332e-03
6.456515980722399468e-03
6.505493983466139468e-03
6.435632961723913338e-03
6.527368151710451899e-03
6.495301851419741333e-03
6.546116851296059948e-03
6.569797337064085460e-03
6.721677732138138864e-03
6.573832788142159982e-03
6.608446535242781111e-03
6.636328321835036417e-03
6.784844637616966115e-03
6.824762004068979371e-03
6.765084014186447357e-03
6.842125253963957619e-03
1.000000000000000021e-02
1.000000000000000021e-02
9.944720285115565481e-03
9.828952362461743086e-03
9.708580459794025411e-03
9.587605030662174968e-03
9.232418351789419692e-03
9.348824011372798906e-03
9.466935373529267519e-03
9.114827293684204385e-03
8.996721125070160016e-03
8.877521180257176570e-03
8.749038443742336926e-03
8.628923636882366438e-03
8.466943709411488966e-03
8.532227843190472172e-03
8.475050149304106870e-03
8.522453743964318248e-03
8.309611994855177139e-03
8.349613661183075825e-03
8.416887853448790438e-03
8.357134064172091689e-03
8.197271906675898320e-03
8.022815703646725069e-03
8.088918674619074642e-03
8.081723739236948423e-03
8.025732737041801554e-03
8.027891789705957418e-03
7.951270546975688566e-03
7.989046344944175301e-03
8.015955574225365129e-03
7.994706730550936447e-03
7.953718038135815932e-03
7.818666792989042644e-03
7.843265492835212183e-03
7.900071394308054787e-03
7.853327990950117327e-03
7.728457418529107413e-03
7.638918777862368018e-03
7.553117970857544348e-03
7.428804743089145561e-03
7.478734625435080365e-03
7.437473566726762741e-03
7.470013475711999480e-03
7.359974362933887834e-03
7.402548037488048370e-03
7.367399507543009526e-03
7.338653666525534955e-03
7.265368316550251636e-03
7.182081121237196379e-03
6.813652748131017976e-03
6.855723768174411432e-03
6.868318727500325599e-03
7.091228136694933785e-03
6.995997088397628953e-03
6.839777275082545294e-03
6.880605732386578174e-03
6.893207555548922991e-03
4.010107572887891374e-03
4.110472641961671753e-03
3.965172524558011058e-03
4.938017715740021345e-03
5.061493083757321633e-03
4.807557863447513638e-03
5.218200779318716426e-03
5.170074644352538537e-03
5.287105676981888359e-03
4.668153740210845282e-03
5.318183478909365922e-03
4.511092132446308661e-03
5.455539243727013966e-03
4.345334136172054711e-03
5.532869597946498026e-03
5.609887713261143757e-03
5.678917880162185662e-03
5.769323442740799564e-03
5.740586992585795453e-03
5.831818215995591102e-03
5.859530561579457363e-03
5.972787903377814629e-03
4.136812685971825478e-03
6.018275246220341872e-03
6.083980975966217682e-03
6.129466157544895613e-03
6.128108950037387467e-03
6.208546652049268429e-03
6.315023907890596373e-03
6.364745051078554358e-03
6.289562416480033030e-03
6.196929911172028779e-03
6.385939537433577007e-03
6.475713590980636085e-03
6.534666040282804608e-03
6.625406314664139713e-03
6.661426328684331294e-03
6.685409818544852355e-03
6.599650154329846086e-03
6.670714890447564972e-03
6.728140006044111034e-03
6.707296180026966169e-03
6.799656639311320305e-03
9.890638836177108664e-03
9.945574870834387668e-03
9.889099957748693007e-03
9.775367394472638666e-03
9.831715437631633608e-03
9.771952920504050136e-03
9.656968368670484915e-03
9.712997479578624332e-03
9.651957558927549280e-03
9.536893417922066157e-03
9.592173468003535944e-03
9.531769246898110295e-03
9.158741173716133249e-03
9.165762276114158488e-03
9.225069647929389632e-03
9.283630748833031354e-03
9.287092521381243998e-03
9.345031958295130919e-03
9.394504454086849421e-03
9.399986709795067272e-03
9.460935080139874082e-03
9.042640507728428104e-03
9.049014309451125504e-03
9.108153387072579626e-03
8.925825223063869537e-03
8.991028455714015002e-03
8.931214266229925078e-03
8.806828173660548667e-03
8.872130622254652960e-03
8.811914058551780296e-03
8.689239075547387434e-03
8.753495788406208400e-03
8.684354121894714840e-03
8.529813440500291430e-03
8.553567270519899651e-03
8.605234100422458343e-03
8.408394420275456388e-03
8.450284065090360799e-03
8.458369347544937578e-03
8.514231329651770000e-03
8.237431806410632634e-03
8.301495641298563613e-03
8.245484238639926369e-03
8.293652734319997485e-03
8.127023885474106077e-03
8.190754447476638819e-03
8.133464808701133808e-03
8.008110464498169670e-03
8.074528065725190135e-03
8.015237608738831621e-03
7.908296772899604116e-03
7.965651906695419074e-03
7.968942946741877295e-03
7.922690206778078628e-03
7.975853706375627891e-03
7.975105524730727313e-03
7.936960002162738587e-03
7.897216018589118397e-03
7.740863095820988901e-03
7.802455539614215098e-03
7.757908357844934231e-03
7.791997552103682376e-03
7.657392627833932257e-03
7.716097411452823088e-03
7.670368654310633777e-03
7.572516375780402077e-03
7.627958540335858309e-03
7.584326845022723411e-03
7.489603534756652213e-03
7.542804362879592869e-03
7.500919690241519312e-03
7.394567598854062153e-03
7.415349451088705350e-03
7.422796793476830850e-03
7.463536379255036879e-03
7.291636857085070228e-03
7.325994865752612564e-03
7.332720418163705955e-03
7.298462520678838071e-03
7.220445688917793287e-03
7.262253408487506605e-03
7.224415248029042273e-03
7.137320442914031789e-03
7.182197870442294171e-03
7.138039551497518329e-03
6.827607426990708710e-03
7.054842747411266095e-03
7.050820947190638600e-03
7.095941117005309662e-03
6.970453155441756407e-03
6.959330923279456044e-03
7.007690265936622129e-03
6.892538418323906034e-03
6.867152111890656961e-03
6.919483329553495314e-03
3.706437580337779494e-03
3.858995422479491975e-03
3.811061323058741353e-03
4.762591057017180086e-03
4.817651419126665717e-03
4.881563716223391580e-03
4.894585180224669298e-03
5.007153989365641794e-03
4.947671607077227737e-03
4.630135114755381913e-03
4.751345352538572687e-03
4.684829016795901205e-03
5.009959947022752345e-03
5.113956794586276347e-03
5.064979864114168943e-03
4.486593882670208283e-03
4.612954241161888909e-03
4.540120013985429054e-03
5.303897725683275749e-03
5.360815209519828248e-03
5.262043175754306176e-03
4.327949326839023066e-03
4.460630704165928842e-03
4.376706117175219353e-03
5.397793022046519680e-03
4.154841808132643532e-03
4.289928834951021661e-03
4.208697494302610954e-03
5.383874453392664856e-03
5.437656401403513640e-03
5.478374820786543163e-03
5.458038633694247375e-03
5.551901566266765828e-03
5.515387871206024924e-03
5.528157618367035217e-03
5.586869324773036105e-03
5.619658696344330753e-03
5.592206786881895320e-03
5.680758537330402556e-03
5.651575830751558518e-03
5.819984946286682961e-03
5.884675882667366083e-03
5.794893674870841248e-03
5.907779823126156800e-03
4.084085201597678107e-03
5.871307225134833607e-03
5.956133768938946978e-03
5.933245070139127331e-03
6.015557548092871805e-03
6.028123281321665430e-03
6.071290156154550248e-03
5.987496455305145286e-03
6.058540715128176574e-03
6.057037926132836578e-03
6.174375726589249012e-03
6.244817451044262432e-03
6.219138546998808151e-03
6.151817923654531728e-03
6.352991325135430405e-03
6.404438671411999927e-03
6.333815487878524490e-03
6.424402892970508365e-03
6.471688317319357169e-03
6.522911891079032770e-03
6.483231712372672026e-03
6.648193227959349472e-03
6.509720313836308593e-03
6.567819562134855939e-03
6.541324132025579108e-03
6.707220393795049369e-03
6.745519971849204578e-03
6.689221932496604642e-03
6.760853240920672996e-03
1.000000000000000021e-02
1.000000000000000021e-02
9.946274896109658439e-03
9.833865854796331601e-03
9.716935009867621806e-03
9.597611765820510121e-03
9.466484048545510330e-03
9.101049619690770864e-03
9.221652798298049514e-03
9.339517746261514694e-03
8.984553791177211576e-03
8.866624927421105223e-03
8.748301974289371397e-03
8.584821294034249498e-03
8.632317968872281477e-03
8.637232029448016837e-03
8.490089883435804688e-03
8.557303079459642470e-03
8.338420350940775605e-03
8.343731134345999667e-03
8.402914788174859623e-03
8.394483820607819002e-03
8.182339707580560395e-03
8.222277583973409618e-03
8.286154796104089337e-03
8.229597684735462729e-03
8.067715570805086833e-03
7.894866287941794056e-03
7.951601519055918887e-03
7.959136385736136077e-03
7.915338691160083220e-03
7.901345384995702575e-03
7.824301831255242243e-03
7.873445030161744379e-03
7.888201270462509226e-03
7.833769377670996015e-03
7.698946844780450369e-03
7.724128683137871168e-03
7.784125813786156763e-03
7.732526841352912669e-03
7.614875302158428602e-03
7.531007814839390559e-03
7.452493250743419222e-03
7.342862010266240462e-03
7.352315629308994564e-03
7.386222209442666782e-03
7.379182770582811725e-03
7.275399388920994470e-03
7.318081151729813327e-03
7.284391968784368135e-03
7.256297727571768552e-03
7.179173304511690668e-03
7.096470902591912357e-03
6.736422135096310597e-03
6.774503476655098499e-03
6.788759289920998780e-03
7.013010191832245478e-03
6.931701746231054562e-03
6.813628142201158359e-03
6.852766316657370183e-03
6.827374124828934285e-03
3.839138577756234100e-03
3.775022014346696413e-03
3.923986562897439564e-03
4.829870644356273196e-03
4.697624905789015912e-03
4.953364917501018767e-03
4.559763062586525036e-03
5.106514562224831293e-03
5.162362572596335998e-03
5.059184637949993603e-03
4.408768137078511277e-03
5.205166785859317510e-03
4.242813266891454910e-03
5.344668549716827949e-03
5.421510401971185548e-03
5.493567238396126172e-03
5.560558868910808056e-03
5.647013867194560291e-03
5.708032306530732257e-03
5.619886202645878528e-03
5.733496759665154818e-03
5.845797069466751594e-03
3.996958027278725394e-03
5.907464711539212390e-03
5.889424771121009802e-03
5.973972013556581341e-03
5.961523265020940779e-03
6.001420303032112789e-03
6.032035787238761854e-03
6.080554605249035086e-03
6.009652766717474975e-03
6.219611568373524350e-03
6.267037461576315839e-03
6.196813113611920019e-03
6.103285141722583282e-03
6.286454090922499911e-03
6.367067012009367151e-03
6.359738290960471191e-03
6.430921569123305807e-03
6.419535196991709054e-03
6.490559256243775242e-03
6.555290460499342726e-03
6.613336067997648351e-03
6.589833385229735066e-03
6.532479664565589948e-03
6.597440266455645297e-03
6.633442267074005083e-03
6.652697964269892184e-03
6.722292072806700276e-03
9.893912963287791046e-03
9.892248735737714863e-03
9.947195245627322990e-03
9.782069446139836019e-03
9.836561797684635969e-03
9.778669358325733918e-03
9.663943066123585265e-03
9.719840080261820184e-03
9.660368591330750765e-03
9.550547868830432455e-03
9.543627873835768341e-03
9.603892958294828197e-03
9.435170993299995743e-03
9.414832299144569941e-03
9.486093605911188539e-03
9.020953980737479033e-03
9.031589810212906771e-03
9.090138409816910653e-03
9.132343496022998081e-03
9.145354123955855632e-03
9.208371347497247908e-03
9.235099710419822014e-03
9.315422315152437419e-03
9.259182397649062465e-03
8.914347154543526830e-03
8.919876387678585608e-03
8.978704226299557764e-03
8.797117766226219757e-03
8.861653580899402083e-03
8.801742752917000867e-03
8.677527923512399349e-03
8.742336822401880828e-03
8.683163326573008906e-03
8.560061268590858641e-03
8.624796136341060515e-03
8.572294146565391168e-03
8.420901167938865672e-03
8.435434362010467077e-03
8.475534110148579339e-03
8.452690992967597586e-03
8.519002666574307381e-03
8.491095673593801116e-03
8.280490203477645916e-03
8.323224833634668834e-03
8.386975350663863904e-03
8.330588559372480509e-03
8.110464040392723409e-03
8.174153461386848840e-03
8.118461034172540225e-03
8.166512544389058909e-03
7.997005998550823364e-03
8.002267581010967176e-03
8.062233814861048675e-03
7.883947431496318367e-03
7.946240115072323446e-03
7.889103511575682598e-03
7.806236108586141198e-03
7.857271878352303091e-03
7.864787440440796501e-03
7.789057887818670416e-03
7.842020484691722415e-03
7.848960893951872908e-03
7.815119429565668338e-03
7.774147760306924539e-03
7.615146048789778362e-03
7.636573664416161644e-03
7.678224833607283882e-03
7.608651180250928896e-03
7.675530637870939081e-03
7.666560134294131586e-03
7.546934240481758573e-03
7.602594893953713850e-03
7.560049073209189688e-03
7.466769087973055760e-03
7.520100208871836542e-03
7.478629979382352654e-03
7.391768401824197129e-03
7.441113062830089289e-03
7.404181060421938416e-03
7.309296898567504107e-03
7.321797609763400043e-03
7.333039286000458089e-03
7.369025028415289620e-03
7.203832186231958964e-03
7.239798046782130667e-03
7.248149919462705364e-03
7.213142553656767646e-03
7.128406793439122889e-03
7.133988567771681194e-03
7.174904484994884708e-03
7.039753627653516990e-03
7.048505816753736740e-03
7.088878045878214268e-03
6.742320013818065179e-03
6.790271390894670432e-03
6.739925651060039991e-03
6.982034648798205075e-03
6.976965497357191792e-03
7.018486668486301032e-03
6.892699532522232435e-03
6.931656730318737358e-03
6.893710333103834388e-03
6.778742682807650625e-03
6.853992381203739305e-03
3.502387317516347884e-03
3.672121257627370804e-03
3.603555876535046408e-03
4.661788202193349780e-03
4.712222449302250205e-03
4.778070329709567521e-03
4.526429317858365713e-03
4.644352579874043777e-03
4.578274225184796389e-03
4.797071852504929471e-03
4.903380705092664528e-03
4.845897901547654291e-03
4.385885351332194197e-03
4.507844247979250416e-03
4.436238338654658470e-03
4.902790961150454117e-03
5.004554525247064192e-03
4.956381003773656889e-03
4.232190762676873302e-03
4.359198482143683377e-03
4.280073081236000256e-03
5.200278458728843124e-03
5.252084737218057180e-03
5.154248836473140048e-03
4.056519327672217234e-03
4.191999360634497164e-03
4.105591786264892185e-03
5.292050711859607251e-03
5.273675206997808888e-03
5.365819097305488290e-03
5.328700435921671606e-03
5.345631266958343446e-03
5.401748993351085902e-03
5.436854287829582730e-03
5.414115434723996978e-03
5.503122043022188291e-03
5.471038562928653461e-03
5.476088212973071953e-03
5.561517768696780037e-03
5.534033207823873396e-03
5.703282976404611300e-03
5.761497096075319548e-03
5.675326728704560737e-03
5.787309102467142440e-03
3.949813648367988574e-03
5.768270513931011284e-03
5.819660952192722177e-03
5.837897760124878717e-03
5.947493250153446445e-03
5.888211662235690730e-03
5.960170987898453024e-03
5.937657469337764664e-03
6.078742737403106285e-03
6.126294334951666240e-03
6.149293204382686243e-03
6.055197272050821984e-03
6.260337700276964387e-03
6.239720440012511485e-03
6.306347237237065403e-03
6.313838725134065209e-03
6.382009342574249469e-03
6.426358178919113102e-03
6.374172530154543527e-03
6.446139012723675447e-03
6.576451221825573186e-03
6.437579381484375904e-03
6.496751483254384688e-03
6.473089100913650279e-03
6.637340244437016888e-03
6.617714483335544566e-03
6.671560150687104278e-03
6.687255709208242936e-03
1.000000000000000021e-02
1.000000000000000021e-02
9.947953441863817067e-03
9.838890925943248600e-03
9.723828727378964684e-03
9.607907797136635078e-03
9.493437346960176271e-03
9.326213757320315698e-03
9.381133559908529096e-03
9.360254727676367223e-03
9.076989910180074256e-03
8.967927966622631433e-03
9.184048152861480629e-03
9.280956202405382313e-03
8.856035409370629358e-03
8.737608764495486888e-03
8.619050214578042463e-03
8.506560649185337247e-03
8.436697965308315866e-03
8.372187208750369106e-03
8.210150544199972672e-03
8.274485310734012999e-03
8.215935527174665631e-03
8.266847905646123110e-03
8.053875442202308027e-03
8.096065107826580509e-03
8.159321912544755667e-03
8.102955142995985072e-03
7.940607457517899134e-03
7.773932784840511916e-03
7.829043871991077375e-03
7.834620483091005172e-03
7.797394295062504838e-03
7.781169519526926794e-03
7.699589495102725917e-03
7.762369734813590917e-03
7.752910377145949029e-03
7.711739762785176609e-03
7.580941274530758264e-03
7.611861608559582215e-03
7.582280633121578003e-03
7.653862835221761536e-03
7.595382368843970472e-03
7.506747843067392185e-03
7.429191064934502139e-03
7.356779117207867466e-03
7.252143561315088117e-03
7.297974090282044468e-03
7.264668976929766417e-03
7.287040627928747030e-03
7.183310886301679660e-03
7.229966187110866728e-03
7.194588932038505427e-03
7.166325758374286412e-03
7.084406601020337355e-03
7.011561493248681838e-03
6.661509896031980738e-03
6.698192922465202696e-03
6.702515080954112373e-03
6.937307086625684252e-03
6.734547688451591324e-03
6.773373880551989031e-03
6.739270980079607211e-03
6.795134143470158046e-03
6.843342983513691150e-03
6.805649998797330853e-03
3.595768267026289156e-03
3.716451642442984184e-03
3.550822990100973350e-03
4.595373789265989189e-03
4.730704185037646302e-03
4.457480168563790306e-03
4.850898623635231319e-03
4.310483866049316833e-03
5.003897991425390775e-03
5.055213965498590173e-03
4.954208827452758097e-03
4.145931536267809941e-03
5.102024691291015025e-03
5.237567133694651968e-03
5.310158364818219623e-03
5.380291308517815181e-03
5.445420668734799602e-03
5.535026205820097259e-03
5.590901326705210311e-03
5.505770718739975630e-03
5.619123378871241845e-03
5.735879978397482974e-03
3.829987147816163798e-03
3.835276561895744219e-03
3.942942813442134459e-03
5.833208741436673658e-03
5.800746376066660305e-03
5.870211690602001112e-03
5.910381956710998759e-03
5.935173572660945758e-03
5.983364704036631641e-03
5.911501439184301335e-03
5.860618199594674720e-03
6.125528147999020900e-03
6.101822502500760421e-03
6.172191948353003381e-03
6.007038759899110784e-03
6.193074591920593938e-03
6.244410959223415693e-03
6.305290424560005928e-03
6.251843113992384959e-03
6.313509412893627409e-03
6.409672523160036064e-03
6.484217277068038236e-03
6.519016829970173191e-03
6.541207812354143426e-03
6.460787173554385227e-03
6.531026166845477210e-03
6.563495272114366549e-03
6.584734188410479999e-03
6.649810987766464898e-03
9.897040931747463216e-03
9.948746149447882520e-03
9.895446646511296337e-03
9.787758836360611545e-03
9.784855120922315852e-03
9.841034192484521617e-03
9.673692565024189990e-03
9.668741977839045640e-03
9.728043687180365148e-03
9.557191795544931617e-03
9.610713614184834830e-03
9.553749621746713411e-03
9.443632070423665578e-03
9.497203934531871228e-03
9.439271680902687478e-03
9.328596948396107938e-03
9.381997164926584101e-03
9.327272424489128910e-03
8.992335540297212090e-03
9.062599577119440086e-03
9.006403832710901600e-03
8.890890714230621078e-03
8.902381778903735790e-03
8.956121191758406944e-03
9.099727364321734402e-03
9.167657518875641301e-03
9.115805346866867956e-03
9.217570002073681087e-03
9.272080578613587851e-03
9.226120236023595614e-03
8.787502035869915532e-03
8.851083988742281666e-03
8.792082231870316025e-03
8.669476918929644796e-03
8.733438344600377365e-03
8.673261354786493404e-03
8.549299792487195446e-03
8.613536793829071683e-03
8.554445009653513163e-03
8.429251174337926492e-03
8.494788496853637738e-03
8.440678853988048749e-03
8.317348189257799118e-03
8.385326319900668693e-03
8.369215304985780715e-03
8.320058080387621874e-03
8.153278333803594055e-03
8.200877517308720679e-03
8.262185215606487540e-03
8.205228732137782865e-03
7.982282626377137924e-03
8.046534669316705510e-03
7.989323459992769133e-03
8.039329271434971294e-03
7.870072296945964871e-03
7.933696453241757124e-03
7.876661483859074414e-03
7.759160097571141460e-03
7.821711496532584434e-03
7.766161794935542463e-03
7.678569119681189110e-03
7.733873509729535974e-03
7.742764294239632729e-03
7.665730502196627105e-03
7.719915218263961529e-03
7.727646844818538384e-03
7.688806671223315063e-03
7.641062634569605744e-03
7.518900543040832156e-03
7.567391452593953335e-03
7.533069356011439822e-03
7.563663020608555644e-03
7.491112541300420577e-03
7.536613428759989484e-03
7.550326951740246942e-03
7.436812012215017302e-03
7.492363923088847695e-03
7.452060109885577134e-03
7.365824045772778779e-03
7.379189810362711370e-03
7.416756887387197621e-03
7.294180247083181107e-03
7.343437993687875441e-03
7.308541227110160535e-03
7.217849227028809087e-03
7.225175883258020890e-03
7.274027824687295633e-03
7.239354382178269862e-03
7.112881217720159327e-03
7.148261091336805678e-03
7.159031310054945856e-03
7.121752622707395487e-03
7.046392512622482937e-03
7.088070844019811641e-03
7.044553381875309425e-03
6.939000367687714332e-03
6.989352004509828166e-03
6.961243606868087672e-03
6.666071667374501991e-03
6.703209674434554115e-03
6.664189184111088404e-03
6.917055101810394395e-03
6.701138105883115356e-03
6.765627716431907475e-03
6.845835375791302357e-03
6.821227929683821266e-03
6.870696607936713912e-03
3.305209340150412102e-03
3.451474977672294633e-03
3.402952482313433002e-03
3.713613778820610157e-03
4.425272802133102187e-03
4.475865290630352995e-03
4.543373901523520622e-03
4.551923314173428846e-03
4.674410967980324738e-03
4.606820571975651056e-03
4.288191579359416569e-03
4.407115145097610653e-03
4.337066219581638127e-03
4.666181925237001746e-03
4.784406907277725766e-03
4.731464103569063377e-03
4.139000451169640160e-03
4.262215733430135822e-03
4.185639862676928703e-03
4.797103361070272250e-03
4.900407470497190540e-03
4.849931164065931881e-03
3.978544253965993725e-03
4.017651430485164564e-03
4.105103852259285417e-03
5.086336546365108000e-03
5.143227295995906820e-03
5.045769798816442109e-03
5.179942084413508181e-03
5.162880227463728308e-03
5.254192440479022591e-03
5.218204318758400476e-03
5.235492551401022508e-03
5.290484024270042385e-03
5.324743156990270447e-03
5.304530361389297836e-03
5.390254539299875296e-03
5.359236397961255824e-03
5.367907344592948680e-03
5.451418764094194576e-03
5.421900025627318306e-03
5.599184945086290582e-03
5.567226147762706356e-03
5.651117172644274517e-03
5.683716381715801444e-03
3.905562293636567327e-03
5.686968049614419922e-03
5.760095889241473657e-03
5.727493917064050734e-03
5.791127896535163896e-03
5.839468062701420881e-03
5.863198060775094179e-03
5.743644630331220385e-03
5.815948513147844133e-03
5.788268035058654823e-03
5.969901876292654438e-03
6.023978694529585030e-03
6.047869573391497465e-03
5.952189047698642869e-03
6.183021233271566476e-03
6.154206410907250673e-03
6.221535120276569346e-03
6.213690183267152334e-03
6.291044691062669739e-03
6.335899216344864637e-03
6.267289821247181911e-03
6.364727733988276119e-03
6.507723151076351929e-03
6.352528099666791828e-03
6.394235913769769769e-03
6.418875393338531118e-03
6.565821415148867003e-03
6.548598464067385307e-03
6.600788751349310687e-03
6.614283045886886619e-03
1.000000000000000021e-02
1.000000000000000021e-02
9.949566285324779394e-03
9.843346633979283347e-03
9.731567965060661587e-03
9.616198150700678779e-03
9.501022143367348835e-03
9.386658676075866278e-03
9.273536646974245637e-03
8.941871276012041889e-03
9.046357228670745196e-03
8.839437788278297140e-03
9.159087564864776265e-03
8.728778024214589940e-03
8.609661809183833878e-03
8.489527235726608556e-03
8.310549784667671525e-03
8.370129927352093144e-03
8.381744892650240183e-03
8.313708019505738553e-03
8.259310978632115191e-03
8.084376258555492009e-03
8.147363298623281833e-03
8.089901642986089755e-03
8.142820525741313598e-03
7.926326270189659740e-03
7.967886269720508494e-03
7.974716416368789890e-03
8.032072431541728910e-03
7.814751291686163059e-03
7.648579465879508550e-03
7.711428115693286754e-03
7.703991514136968553e-03
7.671794019527171556e-03
7.656738181770211468e-03
7.553052344622808792e-03
7.626848547298546201e-03
7.615968105207395616e-03
7.567433863616614131e-03
7.477727798194870427e-03
7.504967783066147924e-03
7.463021704589348042e-03
7.523039706684697334e-03
7.476855332097240465e-03
7.401177343179674017e-03
7.329895637077156988e-03
7.259667332703683210e-03
7.158305968502825037e-03
7.205880702023514418e-03
7.171631270410950068e-03
7.191806180135889084e-03
7.091111229138512620e-03
7.102992853238909894e-03
7.137991964486475709e-03
7.079797094569259194e-03
6.967452110610320229e-03
7.004867596428009970e-03
7.006994902274969912e-03
6.954181709464235875e-03
6.590470610640193107e-03
6.629002190616214811e-03
6.624860467739530044e-03
6.892153376122180097e-03
6.664397420645995322e-03
6.698216244098498251e-03
6.666107615667294164e-03
6.716569690523184130e-03
6.754910845004413918e-03
6.726934833851086655e-03
6.759142140181826318e-03
6.801945013935971514e-03
6.778836286157216735e-03
3.394742463309866672e-03
3.351688388103909923e-03
3.494430236233605786e-03
3.684271419418537474e-03
3.756693273138753120e-03
3.641883653921811938e-03
4.489746542952480039e-03
4.357973572845790129e-03
4.610083607851727348e-03
4.214952302317371766e-03
4.732716371870423870e-03
4.060231940475624544e-03
4.896046780924249997e-03
4.949928645808826695e-03
4.847331973728763281e-03
4.991097893692594649e-03
5.125156314821263312e-03
5.199643287127085449e-03
5.270373778599229432e-03
5.336465319775511064e-03
5.427192018169852729e-03
5.397723421621978754e-03
5.481000718780560006e-03
5.513111148023233654e-03
5.643136604723045062e-03
3.831218414041324613e-03
5.715228996823467668e-03
5.835320061044785289e-03
5.812914922589959045e-03
5.884978005593224579e-03
5.767207615844386660e-03
5.985318975090313069e-03
6.054995813114268273e-03
5.977082819639676324e-03
5.902688603225254155e-03
6.110020023174849921e-03
6.146371531716265935e-03
6.117182055506912089e-03
6.177429792197066533e-03
6.157490967029669721e-03
6.224610792657963784e-03
6.200307405039980242e-03
6.321553046566480427e-03
6.414922869257721344e-03
6.473278262058462448e-03
6.448443376785354536e-03
6.383537851162586485e-03
6.477050839635725352e-03
6.503298950802167272e-03
6.521972131760379529e-03
6.578436081468072745e-03
9.899285716719568098e-03
9.898122330766553553e-03
9.949862056035459548e-03
9.791753007381817642e-03
9.789681214396836820e-03
9.844601964215481463e-03
9.679907161049952635e-03
9.676700780514340544e-03
9.734004001901167685e-03
9.563034748615696981e-03
9.618522070509855776e-03
9.559971045068454618e-03
9.444752217732041433e-03
9.501104964875625378e-03
9.444010805696330044e-03
9.329582734684302436e-03
9.386758478437857295e-03
9.328906720767030786e-03
9.210837612011574596e-03
9.269885920671135093e-03
9.213976269528637714e-03
8.859018121003967017e-03
8.925870907494600978e-03
8.874682302406190423e-03
8.968625698552726982e-03
9.034361519607087693e-03
8.980219200885663361e-03
8.769827683521540587e-03
8.830510635442103198e-03
8.778445092947615921e-03
9.090715272933994062e-03
9.154319608697400815e-03
9.094987867679635296e-03
8.659427891661046137e-03
8.664210760929604363e-03
8.723596815638527333e-03
8.542256072086331503e-03
8.605971799723041715e-03
8.545524299634749826e-03
8.421925581440772510e-03
8.485700592675596635e-03
8.425324736446618626e-03
8.303415698933645089e-03
8.366404343492924237e-03
8.306718397711642526e-03
8.192788746028328850e-03
8.251883103148661275e-03
8.255158184814587533e-03
8.196548596041172696e-03
8.026317076568400752e-03
8.075249005716003681e-03
8.138124306666046776e-03
8.079504403780041893e-03
7.856433142246146625e-03
7.919447490368549183e-03
7.862883469008562221e-03
7.912311755618642306e-03
7.745954847715854318e-03
7.808093376868550581e-03
7.752148804395207066e-03
7.635248109379977159e-03
7.641443365355073819e-03
7.697274008398902710e-03
7.552313950712434727e-03
7.609117333118423782e-03
7.615730902278025974e-03
7.533979482931851303e-03
7.600072818726075902e-03
7.591403911379245549e-03
7.552343360236460877e-03
7.507966293547880914e-03
7.402553546669468458e-03
7.461224217808999810e-03
7.419756387847924357e-03
7.446708347114297175e-03
7.375318096677512848e-03
7.419061967350787379e-03
7.433630313568777813e-03
7.315942205326326879e-03
7.376990264356495831e-03
7.341181391680840981e-03
7.258554463495386563e-03
7.312638873288701546e-03
7.276700165337520246e-03
7.193607031282064912e-03
7.244406655255345752e-03
7.209833047275258922e-03
7.124831818148322400e-03
7.125539098757223931e-03
7.142514548569969812e-03
7.176035562467871637e-03
7.018325907590586624e-03
7.066731948303967177e-03
7.054882468139518636e-03
7.033821203196217661e-03
6.976219646763255448e-03
6.972657296163168802e-03
7.012162558803321927e-03
6.882261508448156602e-03
6.924805694730326242e-03
6.911910402298804788e-03
6.602096805193769305e-03
6.632537735034936544e-03
6.596518363243978299e-03
6.864772422455182703e-03
6.634134143518944857e-03
6.691193440634890348e-03
6.738365117446874775e-03
6.792159785753740589e-03
6.820977148506579199e-03
6.776117083987206850e-03
3.114798472536635474e-03
3.255656559641898363e-03
3.209172826938258040e-03
3.540626130466471670e-03
4.325198159486310159e-03
4.375260463717802611e-03
4.438382084969779741e-03
4.197543001930219633e-03
4.242943581268322426e-03
4.311202825604884895e-03
4.437535751800333189e-03
4.551574352623382821e-03
4.494750385817722869e-03
4.051294045861061031e-03
4.095235901814890146e-03
4.169499984107964512e-03
4.603533843419636146e-03
4.700176678846441219e-03
4.635125832924232546e-03
3.891390315968550583e-03
4.014926254896979650e-03
3.935035515593239899e-03
4.707549448541257196e-03
4.752380233538319385e-03
4.801687060101399347e-03
4.979220490481103129e-03
5.032728334679092801e-03
4.938223032186577453e-03
5.070964694796883075e-03
5.056103693910831733e-03
5.109437050673969888e-03
5.145715135921677050e-03
5.126217215954255967e-03
5.180772083180169504e-03
5.215319611109586057e-03
5.193763829739590082e-03
5.249051436509314175e-03
5.280787784549979998e-03
5.265734022019736074e-03
5.316738684344080208e-03
5.346451035602487432e-03
5.537893305100722793e-03
5.568463663457455699e-03
5.482620371777872058e-03
5.612410845921775304e-03
3.789785157219696405e-03
5.598831034468326924e-03
5.671233715667017318e-03
5.642767865543537806e-03
5.694309271851638252e-03
5.742519849123237617e-03
5.764864584946179787e-03
5.646002186070257951e-03
5.694664716387146108e-03
5.718582131986603770e-03
6.047833627751088813e-03
5.868667093809185401e-03
5.918972026811819033e-03
5.927089943061850802e-03
5.851533629921488143e-03
6.133308874287976727e-03
6.217412249747379313e-03
6.253185952504637310e-03
6.186669405835245293e-03
6.285340059543965616e-03
6.446298077375533543e-03
6.289414313427115107e-03
6.320047004810909995e-03
6.352859632019321190e-03
6.501392024887787079e-03
6.532562249977430686e-03
6.489042829393699974e-03
6.546842086629519296e-03
1.000000000000000021e-02
1.000000000000000021e-02
9.950755413874266819e-03
9.846532840083618843e-03
9.736718203801255495e-03
9.622278690338777196e-03
9.504604110024879662e-03
9.387757678254846430e-03
9.270748672647937880e-03
9.151255113609479963e-03
8.914132912597433345e-03
8.814595687669849605e-03
9.030103754454477452e-03
8.714887056876063909e-03
8.601108703063319039e-03
8.482349021060365396e-03
8.362901601660093984e-03
8.186092522725858106e-03
8.244967316895472284e-03
8.248372484437356891e-03
8.189167723163458604e-03
8.134222591707946509e-03
7.958350082533803896e-03
8.021431068953309082e-03
7.962807062479449263e-03
8.016989517446825378e-03
7.801348109197453647e-03
7.842534345566089596e-03
7.849141613794755057e-03
7.905286069913078015e-03
7.690754148197565497e-03
7.510828791098779142e-03
7.573221200450910850e-03
7.579851308597027569e-03
7.542708838628511651e-03
7.521921668757408815e-03
7.438755518858211624e-03
7.495615090660735606e-03
7.496176260282903098e-03
7.450524274196918678e-03
7.359126849298423811e-03
7.388749579456233875e-03
7.347087102556704857e-03
7.405369214171817621e-03
7.360836914158502310e-03
7.287001450925779771e-03
7.225996749334207686e-03
7.159600979762385277e-03
7.063526295010762873e-03
7.077997915915905554e-03
7.111698246378818887e-03
7.094615392102909465e-03
7.017150250968315350e-03
7.018264550110463011e-03
7.054859377475125939e-03
6.997426732616536180e-03
6.903663292291285780e-03
6.940040723012663379e-03
6.936847062158143541e-03
6.893683736879567189e-03
6.530052412725657202e-03
6.566974903124469902e-03
6.558589961338581742e-03
6.837101549978834986e-03
3.207897080648778373e-03
3.300513807485470127e-03
3.163469288826960529e-03
3.454230714955219567e-03
3.425630455597438936e-03
3.568478214552859781e-03
4.262507238457018469e-03
4.382587438901281059e-03
4.125688566847025666e-03
4.521604058052851836e-03
3.972760379724404357e-03
4.656296372979433669e-03
4.796081232047437470e-03
4.752446318169797380e-03
4.846052254413276035e-03
4.887544622895621110e-03
5.018159700498462522e-03
5.091516084662305736e-03
5.160270119216704005e-03
5.229944968492333465e-03
5.274192726062190868e-03
5.350543291445224864e-03
5.270050145556986684e-03
5.400440764299625600e-03
5.413810884044916935e-03
5.469117440119014920e-03
5.568319339762290744e-03
3.640950288375233417e-03
3.765621263952452589e-03
3.663280761851785312e-03
5.622262048387887713e-03
5.669878956780826165e-03
5.736570486704639128e-03
5.715010191841235140e-03
5.785704674133054087e-03
6.033578333238287170e-03
6.071357825337200809e-03
6.008919362592750682e-03
5.908273598915050710e-03
5.946430424194956883e-03
5.887854053402178170e-03
5.802709579163566576e-03
6.095785417575592426e-03
6.086063287950065764e-03
6.152188022690691614e-03
6.121135732352194284e-03
6.253274084048419772e-03
6.402319334039486241e-03
6.439023779182169623e-03
6.407058815886304028e-03
6.349503313689276209e-03
6.319420690853220189e-03
6.381788526272297660e-03
6.452958402237769960e-03
6.515709081128317343e-03
9.912050397165268062e-03
9.956170456346044584e-03
9.905725250231305068e-03
9.791735914343806593e-03
9.845630132004328655e-03
9.791600869498172377e-03
9.685831830713845583e-03
9.682757459838800887e-03
9.738953836611547246e-03
9.560548161559387706e-03
9.561610781922238664e-03
9.620460532285553257e-03
9.442904502789978283e-03
9.503173359851646920e-03
9.443624912731818366e-03
9.324356703390504486e-03
9.384748010548161351e-03
9.326737953521043248e-03
9.204649540672760547e-03
9.267297300815567629e-03
9.207493797789926757e-03
9.084796706698292784e-03
9.147977259517083015e-03
9.087498451479393211e-03
8.818813912753931464e-03
8.893942379921675884e-03
8.838577004499336906e-03
8.748071195779047113e-03
8.758709409983396130e-03
8.803682164690357012e-03
8.963501589491407531e-03
9.027242756805336707e-03
8.965791924850918804e-03
8.649060879563769122e-03
8.709496965956846359e-03
8.653977109214039051e-03
8.536182871641794997e-03
8.597876424888521024e-03
8.538959433136043137e-03
8.415019226034606975e-03
8.418202243169132029e-03
8.478707576810108615e-03
8.295468330052437056e-03
8.299157708092513158e-03
8.358746252105269184e-03
8.179448314918430496e-03
8.182490391681540229e-03
8.241457830784467906e-03
8.068339814355462297e-03
8.127422007546151669e-03
8.130592375919416109e-03
8.071498350529634699e-03
7.900623067363244170e-03
7.947955646369159188e-03
7.952824532596592527e-03
8.011635187747731882e-03
7.734322379056695826e-03
7.739750294528877084e-03
7.795399818838436891e-03
7.788590211213584566e-03
7.618774650012744183e-03
7.682397737303685650e-03
7.626596558305239089e-03
7.501175119666744079e-03
7.505522472470891986e-03
7.568278528173703022e-03
7.422910020901939479e-03
7.478546648744068860e-03
7.487837094188995804e-03
7.404976076548813908e-03
7.458013732674766659e-03
7.469587779046694097e-03
7.430356790073936769e-03
7.392861125590829106e-03
7.286348700693644383e-03
7.344948772521741470e-03
7.300941303618461130e-03
7.330801074535278627e-03
7.260628822315256560e-03
7.318308185543571757e-03
7.303798956138030964e-03
7.210624416427013211e-03
7.234789730719403539e-03
7.263565157137017413e-03
7.158222737032116437e-03
7.208864637761729435e-03
7.176135577762528944e-03
7.091690250228244695e-03
7.108909655253120054e-03
7.143281542825597429e-03
7.040398077423024384e-03
7.025916226032715220e-03
7.045170229284515757e-03
7.076485396245240159e-03
6.936232671521888084e-03
6.977164005997335550e-03
6.978902432807194099e-03
6.925692381220558379e-03
6.972674426077156082e-03
6.951910186660255342e-03
6.915039359435144403e-03
6.816028591776239140e-03
6.860029468895403534e-03
6.851184918574840070e-03
6.804326339929911774e-03
2.931003705116906870e-03
3.070700160520471473e-03
3.022090810936537385e-03
3.331124388906486419e-03
3.548849000419729543e-03
4.108339710179225238e-03
4.216571953630996773e-03
4.153022245049339464e-03
4.225195696591485181e-03
4.275226673469907472e-03
4.331309662476798446e-03
3.985814404369756279e-03
4.018799012497351227e-03
4.091442002440275234e-03
4.432090671493423006e-03
4.435347786306610175e-03
4.517647669200896589e-03
3.817046032988238163e-03
3.854470105230617654e-03
3.933784897814443515e-03
4.523548626452428625e-03
4.563624212118731933e-03
4.615434157226362862e-03
4.613310319534438646e-03
4.660452380681044671e-03
4.704574955360032833e-03
4.874911096307330167e-03
4.927032651919428623e-03
4.836024005183156387e-03
4.965404643221748952e-03
4.945961409846932888e-03
5.035977399290542111e-03
5.000964421453517154e-03
5.013545606391079171e-03
5.069797883027928574e-03
5.103561594818035486e-03
5.072116407395819981e-03
5.168828546399728725e-03
5.132834432107282428e-03
5.337294484754897921e-03
5.126833693223446439e-03
5.200456163026489012e-03
5.196161264968358375e-03
5.450863928189239246e-03
5.494280777877830549e-03
5.425638755312705598e-03
5.524818306497069828e-03
3.730317785956232309e-03
5.501839942524741102e-03
5.550218536848892589e-03
5.573908654560372732e-03
5.550030333581871395e-03
5.622184488798885604e-03
5.597883060399376151e-03
5.600628507256901270e-03
5.668641949002520102e-03
5.647319249022461976e-03
5.971128127134008208e-03
5.782528834526672913e-03
5.845541622811490853e-03
5.825314996080159166e-03
5.758981064305190335e-03
6.059136490200975854e-03
6.132059285172080862e-03
6.107878619977187389e-03
6.173982298638700308e-03
6.223489988593132287e-03
6.219010935300987343e-03
6.256249075165602226e-03
6.376023546359197228e-03
6.294397379899685681e-03
6.321552723171344236e-03
6.290297505607520510e-03
6.448790369394291448e-03
6.473487780765447945e-03
6.424983164284375596e-03
6.490624499145331364e-03
1.000000000000000021e-02
1.000000000000000021e-02
9.957038807908599048e-03
9.853120612416863683e-03
9.739743552086855757e-03
9.624184615399761569e-03
9.502470665055088098e-03
9.384288433967937285e-03
9.265076884752773342e-03
9.145223487506088517e-03
9.024595244485848072e-03
8.891707587575429714e-03
8.783508494417589102e-03
8.698778440341871365e-03
8.592874287364054772e-03
8.475867398175820216e-03
8.355481416215539137e-03
8.237664683075442140e-03
8.063085130226068861e-03
8.121462957833591387e-03
8.124594778701569112e-03
8.065436766760287687e-03
8.008353744635470645e-03
7.831524806330815783e-03
7.836673750327406707e-03
7.894956220549068440e-03
7.889927916261108357e-03
7.676731755170488648e-03
7.723091856367018601e-03
7.782792056954183739e-03
7.728364468862014905e-03
7.560160975356137666e-03
7.389473775868720534e-03
7.445487134494221948e-03
7.450133150548167091e-03
7.413419929021052013e-03
7.396678239637346705e-03
7.320534728952714232e-03
7.371746903422868834e-03
7.379852773445060715e-03
7.333297268875226677e-03
7.196161213257963769e-03
7.256663738818271321e-03
7.241286517605041717e-03
7.273149696740774037e-03
7.228640311644675062e-03
7.288076063820735258e-03
7.244122483668333223e-03
7.184345227226224782e-03
7.203237855560571529e-03
7.124931641637894872e-03
7.058895582958823502e-03
6.950524532523152769e-03
7.008286337691167420e-03
6.984778834896406864e-03
6.988538999120006215e-03
6.931220033855814942e-03
6.943462033630803075e-03
6.830842017400340013e-03
6.878843891226294957e-03
6.869157778758981647e-03
6.823657970782232712e-03
2.983177188919765733e-03
2.958196660080658277e-03
3.094761811520683244e-03
3.396924062916595495e-03
3.425812348667014399e-03
3.304581886874178275e-03
3.518435897216264270e-03
4.167818334549546269e-03
4.048132590840407274e-03
4.259121326451139819e-03
4.242907748238090165e-03
4.347920409176914483e-03
3.902644592864841239e-03
4.345567313147128720e-03
4.478436818647636361e-03
4.569100911932211587e-03
4.694951799958642022e-03
4.745508179078292837e-03
4.654694684725379714e-03
4.784812777644194964e-03
4.910836697224085778e-03
4.980037639729303911e-03
5.043032515157338039e-03
5.099650142505669434e-03
5.307666267148099595e-03
5.353999175673723743e-03
5.290955824084481174e-03
5.160711056594840043e-03
5.217391472824637992e-03
5.143851099350495344e-03
5.379217588130685151e-03
5.476240530808817314e-03
3.580977556719982559e-03
3.611530454959509251e-03
3.698310209916728323e-03
5.525701093796840137e-03
5.574961039071247779e-03
5.646961302578789969e-03
5.691601534809906555e-03
5.623251973066367183e-03
5.960374092017906369e-03
5.996491515709394086e-03
5.933595247623558652e-03
5.832580015205925464e-03
5.870135968705148498e-03
5.806866566479193352e-03
5.714856003241469522e-03
6.023551032597969715e-03
6.014671559451022047e-03
6.049654894368875629e-03
6.073825924071255856e-03
6.178121668869097222e-03
6.258878809602786558e-03
6.349360706190638158e-03
6.358624314110611006e-03
6.404745642247204086e-03
6.378582535913970147e-03
9.928794922766662895e-03
9.920543675810631831e-03
9.964436918257558659e-03
9.838161804966926230e-03
9.815300555256357279e-03
9.875161377387550385e-03
9.657517651633026196e-03
9.671383168002110897e-03
9.725213776447638736e-03
9.547471222910074162e-03
9.617051302944937957e-03
9.553749250904654960e-03
9.437197604041663510e-03
9.499091009209535350e-03
9.439811741033202891e-03
9.317873337296958547e-03
9.380595701316466958e-03
9.320848121841538228e-03
9.200802251187604683e-03
9.202470715410436541e-03
9.262755605221700134e-03
9.079750275721450159e-03
9.082002292785511591e-03
9.142355116601521420e-03
8.959390441485210604e-03
8.961165300030205644e-03
9.022212084419313494e-03
8.837905650006845290e-03
8.900783756719586950e-03
8.828108290674038100e-03
8.654103045154222171e-03
8.737004745294239122e-03
8.701021579093200231e-03
8.651336350902679231e-03
8.528878269297953882e-03
8.588974046248729760e-03
8.532201992376720404e-03
8.412664514876358815e-03
8.413595563806313543e-03
8.474491757714110868e-03
8.288611317227414024e-03
8.351846871481745718e-03
8.291752937490541250e-03
8.169996532239735473e-03
8.232741625107793670e-03
8.174420625071331450e-03
8.059210051869283853e-03
8.119338738663703370e-03
8.060892300309634856e-03
7.945867706204718522e-03
8.004668770559173266e-03
8.007073082113069784e-03
7.946586102885677683e-03
7.777467998229572500e-03
7.809218981418123567e-03
7.878558979520507155e-03
7.819977959698330011e-03
7.606230639198142615e-03
7.612124650609925804e-03
7.670278087883198107e-03
7.664856668298415145e-03
7.491942887583242713e-03
7.496138747746731133e-03
7.555345785397989469e-03
7.379255088340851490e-03
7.440134365107610968e-03
7.383874792613698973e-03
7.300136338410341021e-03
7.352640621206222443e-03
7.361619694456198945e-03
7.284265574412577236e-03
7.336994066738490930e-03
7.344578465695154358e-03
7.309733492008717304e-03
7.274560098032132986e-03
7.168015260968758559e-03
7.227559632432681465e-03
7.181754412594811877e-03
7.214357069151216238e-03
7.141057421006916095e-03
7.184807139971651976e-03
7.201064753470542978e-03
7.122066705537609052e-03
7.166706663605531755e-03
7.140122810955166349e-03
7.159106624723294947e-03
7.027844298403091404e-03
7.059979487989028607e-03
7.093896379211437134e-03
6.996589053580999119e-03
7.011361691108866125e-03
7.044719967406832227e-03
6.929382063305870518e-03
6.978511321581601368e-03
6.939966056559929153e-03
6.838074440795370232e-03
6.888088948119736044e-03
6.883751505911239570e-03
6.837950573071583001e-03
6.895481511294845184e-03
6.888858678518767521e-03
6.834361034262411219e-03
2.753673536702244597e-03
2.868743574762916068e-03
2.841548676280952843e-03
3.155391890913366530e-03
3.182244135998467567e-03
3.070700725427407806e-03
3.275667408451221098e-03
3.490867904478076131e-03
4.025996342756651622e-03
4.067185653055563690e-03
4.125598115221844504e-03
3.944967166683583347e-03
3.965629693427182023e-03
4.026609696730014398e-03
4.068624541384283609e-03
4.146636427762636495e-03
4.163745340077537258e-03
3.796889276534775020e-03
3.890975340674834339e-03
3.807633034384635701e-03
4.348434308480992466e-03
4.390288123613627150e-03
4.304524827452491618e-03
4.435877585122267007e-03
4.434368464425793126e-03
4.523709519852830811e-03
4.479018801875745900e-03
4.516798243386623175e-03
4.605740201482234203e-03
4.565081065708965526e-03
4.766662452256582513e-03
4.820747295644284454e-03
4.731260349577972625e-03
4.856180082409267650e-03
4.826816629529917177e-03
4.920021213555794692e-03
4.886314644961200007e-03
4.900094311743435557e-03
4.985974170116591608e-03
4.956759826525586506e-03
4.970560216515510117e-03
5.048614110835339050e-03
5.021306815448527833e-03
5.234121025962911941e-03
5.017850760053351768e-03
5.089202289984232075e-03
5.072310841079685946e-03
5.357458897579658874e-03
5.404092151720081040e-03
5.332498080074190086e-03
5.429609684802196024e-03
3.689964508136409256e-03
5.406781201092759025e-03
5.454235099779066939e-03
5.478383597939202355e-03
5.457662127975800373e-03
5.529156717226368055e-03
5.503772669797472351e-03
5.517395094371377491e-03
5.582197815186797953e-03
5.558931591671137894e-03
5.896711772226569809e-03
5.701044933439754908e-03
5.766997808830246104e-03
5.741629876446227056e-03
5.673360604185716770e-03
5.986471395216772656e-03
6.073875995577075054e-03
6.101993902921659316e-03
6.042619163713452458e-03
6.187773630392932878e-03
6.204944706258965804e-03
6.158790806931539741e-03
6.241812988029346934e-03
6.325534707512999420e-03
1.000000000000000021e-02
1.000000000000000021e-02
9.965221479606481067e-03
9.884484952584498066e-03
9.751500572440145384e-03
9.795193263645104662e-03
9.771307060161812941e-03
9.603306066958361420e-03
9.705298516777555867e-03
9.493041048891894679e-03
9.378231731480479380e-03
9.259923001003622298e-03
9.140810381057655129e-03
9.020029977159839743e-03
8.899059154728786170e-03
8.718725823195688784e-03
8.768712471649633966e-03
8.778667706847358837e-03
8.686440164903223154e-03
8.591810192003387220e-03
8.471008157947879091e-03
8.350897108727117074e-03
8.229518748739551165e-03
8.114768625594298221e-03
7.942147256867534283e-03
8.000862735079092292e-03
8.002580467097656150e-03
7.943746787394451517e-03
7.877797266190559797e-03
7.709570973353735077e-03
7.770547360293526828e-03
7.716026999850422903e-03
7.759501336130296585e-03
7.549273859333813751e-03
7.594210116739978471e-03
7.599913655482604634e-03
7.658646440738244368e-03
7.435785295685416567e-03
7.273601559841080810e-03
7.326584500773065077e-03
7.331390120044662707e-03
7.291573001713732433e-03
7.278349113727455334e-03
7.207603342548393223e-03
7.264127565829626640e-03
7.253867994841649812e-03
7.217492110135025063e-03
7.083509708389530181e-03
7.125749254549865359e-03
7.140215111808995326e-03
7.154102625438695483e-03
7.106382018545596979e-03
7.167587023100701477e-03
7.123086512229171233e-03
7.075065850744811577e-03
7.102536261199974416e-03
7.012122585877370896e-03
6.963306746242675128e-03
6.831712332467555424e-03
6.881497805444259340e-03
6.892720653020698897e-03
6.837940976498434881e-03
6.834460354978805566e-03
2.860904320265205466e-03
2.921713053347714095e-03
2.809169374889487324e-03
3.007621035876571064e-03
3.322010668536444326e-03
3.359713535070712413e-03
3.240222149897771780e-03
3.451163268085551301e-03
4.048302786263092978e-03
3.986281754371232521e-03
3.871523885545375288e-03
4.160395809817519358e-03
4.209788877014059363e-03
4.115370298018341914e-03
4.254242379067517919e-03
4.392104796622218685e-03
4.476185106269269139e-03
4.594416231468177562e-03
4.644696664144606739e-03
4.556119528526421381e-03
4.680402473836678401e-03
4.797070894010764357e-03
4.863693721983006896e-03
4.935499824047381856e-03
4.994341594444449625e-03
5.212182646818060150e-03
5.259891623106444959e-03
5.186434966665176907e-03
5.067624513843923748e-03
5.114168800445335547e-03
5.042783620568552609e-03
5.284755539870933036e-03
5.381939265019758389e-03
3.642140976464132950e-03
3.612762143696879747e-03
3.719155206932589584e-03
5.431910974813375717e-03
5.487079403793383020e-03
5.572981454101083414e-03
5.544551328958597335e-03
5.609889617534613571e-03
5.889444290136614142e-03
5.860058028762255185e-03
5.924535421648836377e-03
5.763130367188195637e-03
5.731406293681257785e-03
5.797719404913931167e-03
5.637103927868453157e-03
5.952395318049898999e-03
6.131627743254327613e-03
5.940251236683346224e-03
6.007817180529877003e-03
5.976894294695039161e-03
6.259715049919518069e-03
6.275287500963686385e-03
6.222679433722230931e-03
6.310390989881994872e-03
9.925277651661686129e-03
9.962729411493273513e-03
9.926942258083408174e-03
9.842509083855895471e-03
9.886005002688521073e-03
9.840302627209517386e-03
9.797950866143026807e-03
9.541802120939250204e-03
9.544401798152659516e-03
9.599869206912369640e-03
9.645370541122841312e-03
9.698683451856628113e-03
9.651175105084295117e-03
9.429851067631793773e-03
9.488851655333136251e-03
9.433252663088391096e-03
9.315894195993859941e-03
9.376714784270941128e-03
9.316612146064358682e-03
9.198742839673847149e-03
9.258466421427464024e-03
9.199492396540481093e-03
9.077306279414635790e-03
9.139207726987032959e-03
9.078253526718342223e-03
8.952451949251193433e-03
9.016213249309018227e-03
8.955607077239139541e-03
8.804768819709960642e-03
8.820947883611193752e-03
8.882254707087955045e-03
8.700698161607837988e-03
8.769471464557688362e-03
8.709454412126383521e-03
8.580605648607544239e-03
8.649989236297955450e-03
8.617128533209630903e-03
8.554500569591559286e-03
8.415576813900234668e-03
8.413967511286037440e-03
8.472388841731053749e-03
8.297386470448286575e-03
8.292795565027629226e-03
8.355055684235161706e-03
8.169560609817308819e-03
8.229078339135336914e-03
8.169500734293984670e-03
8.054787236843486548e-03
8.056704309781663464e-03
8.112387869754135450e-03
7.938281791395031262e-03
7.939967617120407758e-03
7.998709641161659903e-03
7.826161716541008700e-03
7.884326274858370967e-03
7.885934234861767880e-03
7.817415788427524090e-03
7.652075764876793348e-03
7.684200085649565103e-03
7.696689380000115190e-03
7.746831969769160837e-03
7.478022390764419054e-03
7.542109333588202166e-03
7.484644327173533424e-03
7.536314654507487824e-03
7.370237125053682656e-03
7.430966658339211058e-03
7.374340871495203321e-03
7.268514542780818780e-03
7.323662380996972567e-03
7.270569659599582582e-03
7.176746511287211694e-03
7.238360760891126254e-03
7.230615379091963682e-03
7.177324185528256503e-03
7.230528330600155713e-03
7.225578909007136785e-03
7.191398161697983883e-03
7.156989096806553978e-03
7.052076660933400895e-03
7.110251707813563561e-03
7.067311078824458845e-03
7.096562411542294002e-03
7.044878804530057236e-03
7.093018725793074492e-03
7.075402208468956240e-03
7.002540903824953922e-03
7.014803062308536813e-03
7.062793367873745724e-03
7.043048138906165753e-03
6.914601609146764534e-03
6.972018828528933794e-03
6.955976125078572499e-03
6.921769791802566581e-03
6.820521826980652756e-03
6.875794248640819048e-03
6.825647384748287708e-03
2.582581023914440332e-03
2.722417916004834029e-03
2.667363430781770350e-03
3.078353547730516143e-03
3.117022993680208104e-03
2.971512239713413120e-03
3.199760367378949154e-03
3.461718578075519658e-03
3.521225808122088567e-03
3.393266320780734691e-03
3.911257338854439748e-03
3.990315764034173956e-03
3.968455500005216990e-03
3.821290174415956260e-03
3.923838237120875691e-03
3.882886152064655028e-03
3.810069290520327109e-03
4.007670341950473648e-03
4.083853761172211334e-03
4.038492335042988442e-03
4.252732328425782617e-03
4.300630796963937283e-03
4.207276708424234450e-03
4.343407144201009290e-03
4.339644747475727288e-03
4.428081379696704144e-03
4.387052738511317863e-03
4.419641017943889624e-03
4.506885999574277053e-03
4.468259096789495288e-03
4.666822023870332951e-03
4.631048322660812587e-03
4.716767031858648714e-03
4.746678820824591291e-03
4.718240469548522741e-03
4.772524647732003661e-03
4.808981320902819441e-03
4.810223171391257713e-03
4.890271126955529277e-03
4.855166066371162208e-03
4.872526724018252757e-03
4.945097056262351409e-03
4.921547736183371283e-03
5.139817785750836442e-03
4.923062266565207158e-03
4.995239973368563978e-03
4.970482967323113128e-03
5.262303762694850277e-03
5.309857413618889431e-03
5.237124649240202517e-03
5.334484613220084534e-03
3.551899482669917778e-03
3.732636839068009197e-03
5.314416658806401551e-03
5.360587281764066063e-03
5.386004835344173833e-03
5.371113389597232356e-03
5.414362796881165042e-03
5.444344863129071087e-03
5.469265381642515397e-03
5.493248054081626384e-03
5.521056375794874266e-03
5.826451367759501523e-03
5.631470115773713064e-03
5.697670913533814732e-03
5.666104208835413304e-03
5.601257693036537123e-03
5.913161159350156446e-03
6.153757941283470589e-03
6.169564707499524021e-03
6.112607068600749149e-03
6.041724501779082747e-03
6.056755677160146137e-03
5.988871072222753597e-03
6.207779761456577554e-03
1.000000000000000021e-02
1.000000000000000021e-02
9.963638227646204326e-03
9.884987394010240694e-03
9.743465838979489813e-03
9.793328255733438348e-03
9.747276280861916220e-03
9.486587023894202039e-03
9.594381963889071774e-03
9.695302104684116670e-03
9.373546650417742196e-03
9.257939721759714247e-03
9.138593695138709158e-03
9.015389788648865352e-03
8.879218489394914704e-03
8.752995796940211265e-03
8.640933636398210119e-03
8.444066311315140405e-03
8.512703167307148974e-03
8.486266178620990516e-03
8.356716855265275412e-03
8.429740125348125779e-03
8.233725534054294609e-03
8.112350010027391187e-03
7.996703797575581071e-03
7.823640176955280051e-03
7.881116521141474235e-03
7.882821597792806501e-03
7.824665101607265749e-03
7.711128799764222982e-03
7.759981660787581767e-03
7.768809285898136546e-03
7.588015900147929323e-03
7.590875453808174599e-03
7.648789898147848217e-03
7.697601106950726149e-03
7.636231147579608525e-03
7.424305080645096470e-03
7.474888339619200663e-03
7.476140333041588273e-03
7.534448630592258979e-03
7.319532093513702979e-03
7.172936584192330343e-03
7.222954689669647092e-03
7.220857863916746097e-03
7.176336058612836112e-03
7.174583260867920149e-03
7.118696302789793116e-03
7.163076301023511665e-03
7.147544591267006309e-03
7.111946737449009043e-03
6.962778383319830934e-03
7.007460380820763023e-03
7.023345040511648138e-03
7.048043470210590446e-03
6.986514607141901083e-03
7.046553810928754373e-03
7.015340203661596385e-03
6.901930253702785907e-03
6.965405135348142450e-03
6.952653379661407826e-03
6.982078852137400642e-03
6.907958865678010679e-03
6.868432501755120795e-03
2.647860231238188030e-03
2.616512417562219701e-03
2.753426404717099468e-03
2.855478416243234594e-03
2.859117498762147897e-03
2.966344753865883012e-03
3.248067584645162025e-03
3.285234491527077444e-03
3.164663295345088081e-03
3.354619128264495036e-03
3.852743140999502925e-03
3.960095535131540057e-03
3.882323915090116987e-03
3.867267339059417882e-03
4.068184435582110174e-03
4.114375226247220588e-03
4.038477013516942292e-03
3.930603996590630728e-03
4.160265133298175246e-03
4.296833832592136630e-03
4.380198835507817523e-03
4.495584714945474736e-03
4.545039313827931374e-03
4.458085694636601364e-03
4.581061256376755750e-03
4.692805084525721905e-03
4.764383484726681176e-03
4.841522146908216508e-03
4.897903170528310549e-03
5.117528372102561965e-03
5.164874446754161297e-03
5.092527010396197262e-03
4.973533516746173229e-03
5.020631200064746245e-03
4.948317283394454424e-03
5.189826054028280795e-03
5.288105331714509569e-03
3.600358997002102521e-03
3.621495002262102580e-03
3.532266165965656200e-03
3.710481427416519994e-03
5.342273339591177908e-03
5.419762627413299109e-03
5.489160156970337642e-03
5.531202230028317395e-03
5.478689388802473852e-03
5.832677854851039435e-03
5.797004297572194882e-03
5.860949541337939599e-03
5.735791651269909162e-03
5.749071721265773365e-03
5.682874429790504486e-03
5.560180688544532658e-03
5.886212657381357724e-03
6.098879202027615749e-03
5.923412851268929774e-03
5.983573280846094487e-03
5.930429779884569333e-03
9.906353893198084626e-03
9.953541224795347045e-03
9.915580378425900218e-03
9.835143481535989218e-03
9.880715921335214702e-03
9.838674417565758390e-03
9.790282368183900880e-03
9.428409069735695092e-03
9.485250134098011099e-03
9.428864130458342388e-03
9.536571639074297585e-03
9.591152629891278383e-03
9.538925492080484181e-03
9.639498158791259472e-03
9.691723206696640017e-03
9.642202100066946807e-03
9.315614472982253896e-03
9.372841315888278887e-03
9.315463375859204392e-03
9.199129804628770196e-03
9.198609666770881516e-03
9.257623797322204334e-03
9.081571871199111204e-03
9.079092423933047065e-03
9.140211809246491514e-03
8.960543564960590096e-03
9.018944781263606852e-03
8.956191840331717904e-03
8.831650451661305495e-03
8.817969619919624469e-03
8.892062115032654465e-03
8.651130333875019576e-03
8.675731075361983041e-03
8.728388190764607354e-03
8.568366786340882169e-03
8.574124689699461413e-03
8.634765593995921001e-03
8.446254092494208734e-03
8.513452182635047188e-03
8.444866077461744142e-03
8.333236533894651521e-03
8.374366819711712845e-03
8.315210651081638218e-03
8.388863009449324878e-03
8.189542680586928136e-03
8.179382461855101705e-03
8.243454319359619364e-03
8.058219375915076990e-03
8.056261023025847179e-03
8.113905594172913377e-03
7.940737052373763108e-03
7.939248208779760285e-03
7.997732300680416781e-03
7.821059217558854609e-03
7.879611198229889008e-03
7.822123971987405763e-03
7.707787791632780827e-03
7.765861689436097393e-03
7.766866140006900045e-03
7.709229216108820677e-03
7.531625869026975506e-03
7.591377108669079658e-03
7.651419412707536997e-03
7.637749650249922584e-03
7.589558153523495720e-03
7.367814673594418398e-03
7.422710444080344444e-03
7.368693528503094531e-03
7.421516942151222887e-03
7.264983003434698737e-03
7.317318859556316488e-03
7.266348590923668235e-03
7.155511756713172841e-03
7.163629243373450216e-03
7.211541806941680274e-03
7.099389098470768218e-03
7.137653499323653485e-03
7.138411485146690938e-03
7.071444062180232831e-03
7.123979977572148133e-03
7.122313616516202581e-03
7.074023990116536965e-03
7.125459177558774761e-03
7.095979516817243170e-03
7.029549909833261202e-03
7.074191374437307188e-03
7.067422650731641602e-03
6.941633286114152340e-03
6.951430463326392639e-03
6.996673482903573160e-03
6.993325696847404321e-03
7.007645046669399094e-03
6.963618090906928230e-03
6.877236506647384749e-03
6.889059531256740317e-03
6.940014873633817624e-03
6.920148864872219946e-03
6.805342127668414717e-03
6.854402842333086852e-03
6.860391715135966476e-03
6.812400580560250621e-03
2.417544148804653265e-03
2.532999347829755204e-03
2.499324822684616861e-03
2.752479792441679934e-03
3.027655228819317850e-03
2.942797795777483440e-03
3.053388553809492818e-03
3.137444443614939137e-03
3.392150281142001633e-03
3.427141309766977562e-03
3.321382219416317907e-03
3.736128777185152190e-03
3.795485178215895084e-03
3.823508955485128719e-03
3.778869931406774862e-03
3.872129008741379778e-03
3.969973881630113437e-03
3.939716041432665683e-03
3.863560740000202432e-03
4.158428083667444972e-03
4.205654556705146034e-03
4.113959001934899655e-03
4.248864403300122231e-03
4.245371509850463451e-03
4.332348073287761898e-03
4.292582395429182969e-03
4.324341245027219643e-03
4.372063580780547604e-03
4.409808349191282964e-03
4.562845945863943861e-03
4.529686328998371730e-03
4.614915649443399916e-03
4.640381286906230390e-03
4.670969452725165158e-03
4.694687221473800576e-03
4.740487416235614378e-03
4.719856730886532424e-03
4.796071297872791378e-03
4.765067259069738319e-03
4.776641188385029671e-03
4.849732753692656724e-03
4.824634215887691792e-03
5.045417899876929874e-03
4.830157138695686733e-03
4.901714491109140925e-03
4.876687375012614054e-03
5.170887820096403860e-03
5.144041642923046637e-03
5.216640894846726918e-03
5.242557248924856542e-03
3.495994022778251605e-03
3.669332709459638582e-03
5.220769095758900913e-03
5.295785972314838788e-03
5.267686992272794036e-03
5.375196904118789872e-03
5.422401586317921601e-03
5.372772360107983848e-03
5.431705886908716821e-03
5.784456639703578623e-03
5.646017823452438751e-03
5.638069680487689528e-03
5.691206222742775482e-03
5.546525134112897937e-03
5.516833447755259585e-03
5.589294826109869607e-03
5.820537638703550745e-03
5.881191991544873141e-03
5.826089280260228660e-03
5.870574803891249506e-03
1.000000000000000021e-02
1.000000000000000021e-02
9.954771343194493069e-03
9.871699029986285429e-03
9.735254351951955903e-03
9.739155288398429478e-03
9.785537275456994422e-03
9.372710912919723567e-03
9.483252552048777526e-03
9.588868178163673442e-03
9.688258458021773226e-03
9.258017825112291321e-03
9.140915357272783731e-03
9.021576148220767158e-03
8.896599777890448063e-03
8.689383892576806045e-03
8.746888944847442879e-03
8.761012070411092201e-03
8.670175348224973613e-03
8.609893800480708168e-03
8.507611933567338011e-03
8.322381442302514282e-03
8.384595125926843501e-03
8.383205969654906192e-03
8.261711096643002336e-03
8.327610405471532265e-03
8.124123033859131232e-03
7.999647014320621433e-03
7.881053767319802159e-03
7.706516868430363272e-03
7.763916269258278914e-03
7.764979596404676492e-03
7.706938377036730813e-03
7.593192445126252174e-03
7.650624445334231263e-03
7.652003650106765399e-03
7.474602945218337957e-03
7.531186096603717690e-03
7.474540833059522410e-03
7.592086697509957405e-03
7.533134638819944350e-03
7.316550911437632622e-03
7.367689290877057866e-03
7.421093249395361267e-03
7.367503687810600214e-03
7.210393314078389002e-03
7.094836579633883623e-03
7.133572872968220631e-03
7.125210103053686989e-03
7.086470579067440795e-03
7.084758880758814867e-03
7.082809245960201665e-03
7.051460812702306340e-03
6.847122873198989434e-03
6.894337230135954946e-03
6.904738548373432275e-03
6.929668517616613573e-03
6.979585641209428391e-03
6.957455748602930055e-03
6.881603858564427044e-03
6.910684324800602484e-03
6.933947224947427206e-03
6.786859942688319887e-03
6.832502268752622433e-03
6.844386971104128581e-03
6.861483804012391205e-03
6.795599499776197247e-03
2.495516990587239980e-03
2.571093721378187209e-03
2.457825958321150587e-03
2.687785400498027798e-03
2.668632026005125779e-03
2.771148613021055546e-03
2.820249001965609899e-03
2.838311065323928170e-03
2.923467729864695931e-03
3.180669813527426965e-03
3.214614034121689602e-03
3.105394565736199677e-03
3.286080837796557207e-03
3.638733960430936502e-03
3.745495278116970587e-03
3.687506174010816290e-03
3.984717478510843396e-03
4.026569962193591971e-03
3.929217441354645145e-03
3.717392914752684543e-03
3.784887039299789785e-03
3.795077353933398647e-03
4.071402428973546796e-03
4.202495302020944380e-03
4.285366261951816663e-03
4.393828514941466000e-03
4.359502277907644288e-03
4.444759207837573924e-03
4.478224529024064406e-03
4.617005148069096461e-03
4.695551213757275834e-03
4.748393245653671074e-03
4.803483088742017092e-03
5.025238824214945006e-03
5.071470902403073938e-03
4.999306591311649187e-03
4.880126159397878832e-03
4.926944827585931150e-03
4.855146772581177272e-03
5.097938147257309420e-03
5.195540888497965533e-03
3.523769558624386712e-03
3.562235371278652321e-03
3.459093267259025564e-03
3.629663028014225475e-03
5.249797115648065400e-03
5.310749419290031539e-03
5.234947545335764604e-03
5.312295706297401506e-03
5.389974714050801627e-03
5.382318957923256861e-03
5.439739096559067025e-03
5.777037028430289864e-03
5.596241691985142860e-03
5.707377052608928955e-03
5.721156693705948398e-03
5.675841949410786146e-03
5.443018901118817574e-03
5.466111436841256804e-03
5.494609304677005972e-03
5.800713511226938263e-03
5.862868384076695173e-03
5.810165396160004922e-03
9.920421926019117737e-03
9.913514688464604777e-03
9.960387426663186786e-03
9.811171175238745865e-03
9.822965846928160757e-03
9.859590351991945681e-03
9.773835138865746841e-03
9.317336850425725348e-03
9.372941740015556730e-03
9.316168594879149084e-03
9.428310235578371556e-03
9.482545252940569741e-03
9.428079018506110506e-03
9.534759530789086585e-03
9.587279397206806275e-03
9.535415655243224473e-03
9.636026256332964196e-03
9.685832098976778284e-03
9.637553014766132853e-03
9.202069402505730356e-03
9.258875800847429782e-03
9.200234736407016806e-03
9.083636395190282375e-03
9.141372871993409810e-03
9.082197970919986957e-03
8.968568280467423270e-03
9.025063294881667531e-03
8.964176833055033725e-03
8.842629343828845023e-03
8.901478548470467822e-03
8.836717566331763613e-03
8.709952546171554136e-03
8.770654221228134026e-03
8.699396525539866698e-03
8.562391653159102251e-03
8.626253963943775888e-03
8.606724189912800388e-03
8.565068465220091951e-03
8.448318521288269295e-03
8.508354538020292471e-03
8.446971806157391877e-03
8.325446609740581178e-03
8.385832873054794440e-03
8.323609298788635369e-03
8.210688188453510450e-03
8.271933820944725804e-03
8.199931225251675532e-03
8.266732155610021990e-03
8.070825832538690986e-03
8.064317179360002211e-03
8.130202136726341622e-03
7.941644365343905609e-03
7.999925053512289830e-03
7.940959741660947105e-03
7.824113797866755898e-03
7.882405752457379705e-03
7.822367096931553271e-03
7.707387395368303640e-03
7.764138354563352926e-03
7.706746210844688492e-03
7.592055476080087142e-03
7.649787506279612757e-03
7.649399240034220233e-03
7.592434958864849835e-03
7.421284353082361306e-03
7.479429607917762249e-03
7.536435100658907607e-03
7.535208921583657314e-03
7.476859256675108013e-03
7.262063191188869449e-03
7.314627442541249934e-03
7.263228498275961335e-03
7.315009545997390450e-03
7.165498490447296670e-03
7.214829626239993750e-03
7.160260081297353287e-03
7.048886282434499266e-03
7.102085382597060105e-03
7.071489090513493649e-03
7.008541799639120620e-03
7.053907631667232295e-03
7.040615344301303681e-03
7.039827209015197748e-03
7.002811437577536983e-03
7.048813980450732014e-03
7.036382757961576195e-03
6.965561106077559385e-03
7.019780896809155353e-03
6.996912939121756152e-03
6.816193693920506030e-03
6.878456953115005997e-03
6.830882922072407069e-03
6.947235753634989873e-03
6.905355226006702242e-03
6.848654624207223263e-03
6.765723052397032422e-03
6.821068861923200791e-03
6.775727886490176891e-03
6.806554781228661005e-03
2.258346083276766610e-03
2.377065040533764100e-03
2.337230075000313288e-03
2.591689099250202560e-03
2.754817515339202418e-03
2.969398736303773424e-03
2.998811399431361348e-03
2.895881173962715650e-03
3.074644429278490434e-03
3.315333908324571543e-03
3.353937195087333418e-03
3.249167892418524783e-03
3.582248786377726507e-03
3.678762490191860978e-03
3.827886587827937330e-03
3.850334978289046955e-03
3.906152235435889509e-03
3.673595198020657149e-03
3.772371538229918591e-03
3.695972287180563677e-03
4.072726803304958614e-03
4.029341233482453509e-03
4.115695455628807196e-03
4.158883699130718099e-03
4.154450908803320429e-03
4.200013874759467823e-03
4.239233493732244562e-03
4.229421812185030737e-03
4.276981002684787300e-03
4.311463433520436317e-03
4.442852896997143836e-03
4.418693217322461689e-03
4.502835199258414627e-03
4.567268059487342331e-03
4.619089511208051418e-03
4.565439206635870002e-03
4.643442169599083270e-03
4.629444675902007894e-03
4.674716860126502775e-03
4.702912464697331894e-03
4.687888126380258987e-03
4.732362715543802535e-03
4.758882295314535715e-03
4.952528956819170214e-03
4.738358755237088819e-03
4.784389036138203544e-03
4.809077484131192744e-03
5.071537442978813447e-03
5.048218300156827494e-03
5.121365308685707322e-03
5.146008734661392144e-03
3.419237483720052612e-03
5.111692487160678262e-03
5.166508251276421756e-03
5.180575169231697863e-03
5.284872903830810896e-03
5.330318145194318930e-03
5.266915052586360231e-03
5.416115898406808141e-03
5.337379949183094704e-03
5.764498247304804084e-03
5.572955145062217543e-03
5.609867278305679002e-03
5.558927350923247891e-03
5.640682390947917429e-03
5.448290337441992481e-03
5.497916322494117609e-03
5.445404766901386188e-03
5.752729445975172419e-03
1.000000000000000021e-02
1.000000000000000021e-02
9.961512671265123839e-03
9.834853360925528351e-03
9.870558333630860548e-03
9.878768729890448005e-03
9.823159839478451741e-03
9.730863503472004725e-03
9.771075957262152084e-03
9.732916523140363804e-03
9.260365136660739585e-03
9.373546752121748524e-03
9.482326663099699404e-03
9.586254503719393236e-03
9.684292441075669639e-03
9.143459208040730091e-03
9.026605075217955174e-03
8.906105042324504242e-03
8.776784206383954345e-03
8.581870228099043249e-03
8.646315439142500045e-03
8.635538841989110273e-03
8.571897754799710778e-03
8.505627093408190884e-03
8.387163846650459373e-03
8.203509506327319803e-03
8.262882004702489305e-03
8.264724696299605849e-03
8.141038533899185026e-03
8.206874153680376871e-03
8.006440853049844389e-03
7.883019619721773688e-03
7.765872409054229777e-03
7.597239213000610628e-03
7.651762447967952983e-03
7.652402333871293448e-03
7.594463347329840318e-03
7.479579831918013733e-03
7.536220322367609761e-03
7.535915628567221511e-03
7.369565122994562248e-03
7.421871864153487507e-03
7.368453419385087924e-03
7.479349443480067493e-03
7.424608182716396776e-03
7.213893160747792549e-03
7.262913755820892166e-03
7.315007550955114103e-03
7.262308506699577566e-03
7.078344432900740731e-03
7.116365592334746720e-03
7.121953532232350517e-03
7.063584323543970617e-03
7.025817314097126086e-03
6.986741429002798869e-03
6.952140124426195791e-03
7.011679229082508867e-03
6.979597499631630918e-03
6.977340668912263531e-03
6.742772060981800514e-03
6.779386360992538905e-03
6.794279152421419526e-03
6.865423055335590982e-03
6.915347383275005123e-03
6.896762936591598406e-03
6.841889586399872540e-03
6.861077341889515978e-03
6.885578257873536598e-03
6.784545091036434800e-03
6.832596945897420095e-03
6.799565598766863818e-03
6.753657347526947907e-03
2.370431871312823641e-03
2.316411508501440165e-03
2.432636864498548008e-03
2.615148949110097237e-03
2.651462583045690116e-03
2.556700681164681375e-03
2.717275622528668704e-03
2.760119609241237434e-03
2.864291992023866411e-03
2.790411454061474204e-03
3.109343453671809410e-03
3.145243494414504820e-03
3.040543143067723619e-03
3.211991966039750342e-03
3.439771476260354826e-03
3.538957894125709797e-03
3.481946900902287319e-03
3.545676356147937306e-03
3.631259197532089606e-03
3.592348133175382163e-03
3.903800584231004959e-03
3.944389616088424602e-03
3.866428768014562416e-03
3.750873853226291323e-03
3.610524535688864299e-03
3.988105617650686274e-03
4.114135802122762843e-03
4.192410397120436942e-03
4.291564792200362917e-03
4.260887648216338773e-03
4.342795784708906350e-03
4.367066948202795972e-03
4.505044864757083364e-03
4.598572112067022752e-03
4.658801081883267269e-03
4.713202399596680935e-03
4.930494493881927218e-03
4.905225253219996223e-03
4.978037493591012941e-03
4.787106693532694121e-03
4.833799075129541212e-03
4.762742538534452640e-03
5.000844884596815886e-03
5.091360901063477808e-03
3.378628535115484749e-03
5.155817101061587956e-03
5.203146325951703635e-03
5.133388522121059942e-03
5.220184822797500380e-03
5.340466779104582375e-03
5.392024253850936401e-03
5.365369278643786904e-03
5.312011949269198133e-03
5.509917385380765087e-03
5.674284900856335634e-03
5.690794086164533729e-03
5.622169112705507898e-03
5.393807724256844197e-03
5.738293800210565558e-03
9.914329460808928712e-03
9.957618293147547581e-03
9.917299487879451328e-03
9.848526740623886680e-03
9.841797143276988583e-03
9.884730703264010820e-03
9.783855472896459127e-03
9.207892026544914343e-03
9.262610724530578876e-03
9.204636697122209332e-03
9.319999844947789505e-03
9.318330270837253335e-03
9.374170473364341893e-03
9.429165900440530934e-03
9.428433391770506614e-03
9.482008898829521332e-03
9.534739019900720369e-03
9.534510639593046441e-03
9.585483106187998176e-03
9.633928855746888217e-03
9.682459187454792171e-03
9.634812201264069190e-03
9.089977519576551007e-03
9.145994092184563107e-03
9.086409517883016138e-03
8.972098495558841758e-03
9.027817402960826645e-03
8.969852554667217051e-03
8.848779818617778792e-03
8.908536512804725652e-03
8.845249923926448710e-03
8.723099497821209386e-03
8.782742261904947015e-03
8.716103311667954684e-03
8.596534979920187822e-03
8.653115081361909683e-03
8.588832967142029026e-03
8.455221114410707214e-03
8.518896945522472577e-03
8.508761264785931130e-03
8.451446103723093961e-03
8.331108672796906991e-03
8.389689028411641616e-03
8.327954481352685401e-03
8.206038947213376011e-03
8.265707981569257040e-03
8.204479929036763083e-03
8.075578013532914295e-03
8.143190678849972566e-03
8.072976139088194891e-03
8.139781935716934938e-03
7.948984653046877943e-03
8.009906594894781670e-03
7.945085604797626211e-03
7.830675045310778182e-03
7.886136733925403278e-03
7.827164176885165539e-03
7.710442519192698026e-03
7.767212455522027985e-03
7.708703692735349895e-03
7.599807581612365130e-03
7.653502431531122863e-03
7.598329588442749409e-03
7.473497267766481683e-03
7.535452578586882173e-03
7.532602594893550441e-03
7.476352302510715607e-03
7.316340868367183017e-03
7.371131490223870562e-03
7.425076240464689031e-03
7.425437646344065952e-03
7.370220861939827915e-03
7.162116525023268405e-03
7.163612739764119511e-03
7.211734915026055820e-03
7.212610921514065951e-03
7.056817104751896344e-03
7.110643914084627260e-03
7.067370446202597342e-03
6.997336519063795252e-03
7.037739438899663462e-03
7.022655714809424368e-03
6.950997282326632117e-03
6.999807556146042664e-03
6.976360098018333927e-03
6.904558192341166308e-03
6.956424076722898114e-03
6.934254460756452895e-03
6.928108955561526269e-03
6.893956909085421220e-03
6.948252553761097988e-03
6.922357185376188000e-03
6.718788892832874317e-03
6.766656599317559355e-03
6.730258501428306242e-03
6.884608236342379221e-03
6.853314285725539690e-03
6.812979274476136521e-03
6.751330570352077898e-03
2.104778416171335532e-03
2.238152583756180744e-03
2.180871789895316281e-03
2.492325326867797248e-03
2.688768342802465034e-03
2.901242974514078865e-03
2.935573894359545973e-03
2.831788501928677020e-03
3.004889127734685847e-03
3.236960984431725037e-03
3.276364696013141144e-03
3.174254497496221353e-03
3.493652141254840592e-03
3.733906416824184487e-03
3.818713450397494529e-03
3.780934324225993827e-03
3.704738757014327914e-03
3.456717326125585080e-03
3.564777966386199239e-03
3.501394926679413447e-03
3.986852734692998210e-03
4.029939216380164398e-03
3.945957143175386414e-03
4.070474349909877256e-03
4.064320174387670709e-03
4.146701020006174701e-03
4.109520527352202024e-03
4.132869119857129382e-03
4.181269484915014004e-03
4.212054211715354247e-03
4.346439315195791894e-03
4.394800789016634936e-03
4.319364820695250490e-03
4.488334795707597108e-03
4.527896290911624655e-03
4.466013449963055111e-03
4.558769511674464793e-03
4.544237569430961167e-03
4.586950394247724105e-03
4.615913511521930850e-03
4.598139751991239463e-03
4.668082571340092038e-03
4.643163835913254045e-03
4.858600603867283679e-03
4.646417780185892361e-03
4.716557658540255007e-03
4.692577854489204947e-03
4.975375617131128081e-03
5.023709698605336241e-03
4.952777614314668800e-03
5.043330429547790948e-03
3.338040695879618703e-03
5.021167156103353325e-03
5.088249779856955472e-03
5.066761574447869836e-03
5.203409113036746615e-03
5.244544785518469136e-03
5.179145474972355299e-03
5.271768488356325458e-03
5.444851431124753637e-03
5.509669522567792015e-03
5.446383460026849033e-03
5.545205196833501854e-03
5.610354835916040069e-03
5.559108232404856749e-03
5.357448345377227583e-03
5.348642858132289860e-03
5.403239126529528827e-03
1.000000000000000021e-02
1.000000000000000021e-02
9.958814940494446072e-03
9.882310072315882502e-03
9.747982163452901042e-03
9.799152755694982495e-03
9.791342758589829595e-03
9.739519546166485603e-03
9.149570775647595730e-03
9.264627691498454956e-03
9.375343303730096153e-03
9.482789476762260028e-03
9.585231794515390591e-03
9.692209735254198044e-03
9.031595304441581221e-03
8.910962141244430784e-03
8.786414675362137078e-03
8.660240897424134610e-03
8.466653234648784110e-03
8.531986546591999176e-03
8.524162607091829991e-03
8.460589943563082832e-03
8.393463914694240802e-03
8.268841297267338214e-03
8.081335728361005444e-03
8.143918365021861686e-03
8.142414571810483240e-03
8.012481521163360848e-03
8.078199051929413343e-03
7.889971820757632828e-03
7.770682674442622520e-03
7.655206549324675494e-03
7.501338545267151499e-03
7.549184176329006533e-03
7.550618204312592278e-03
7.487308461601963928e-03
7.369844573095581802e-03
7.424574456976792969e-03
7.421728742127018524e-03
7.264282784464734001e-03
7.316672897814648774e-03
7.263494469924325694e-03
7.370394784488961369e-03
7.317777046351223343e-03
7.109524161882574932e-03
7.161217760515062487e-03
7.211759710659099154e-03
7.161570600731075910e-03
7.027195501507359915e-03
6.974206543511680262e-03
6.922462690200276159e-03
6.838173371005305812e-03
6.894934800064630130e-03
6.870545706397337797e-03
6.865926330066555311e-03
6.806807538031218324e-03
6.835258950460908201e-03
6.855443878838195920e-03
6.760239845689379121e-03
6.812473716205028756e-03
6.800401921543185700e-03
6.771441112098083859e-03
6.693496450864872514e-03
6.738209169900789830e-03
6.705611897497945097e-03
2.185377539630550814e-03
2.277015226720100014e-03
2.146754490501156468e-03
2.548065003831960756e-03
2.581764288361976505e-03
2.460725953406713365e-03
2.653628343143142696e-03
2.693899699949650790e-03
2.797108347371522145e-03
2.727248588143712810e-03
3.034753361269639481e-03
3.072300074296217213e-03
2.969132847297092925e-03
3.135487971194354274e-03
3.353410097199051136e-03
3.449246932469049020e-03
3.396777131081079280e-03
3.818164246507142583e-03
3.861169650567252646e-03
3.776813955488947470e-03
3.553222885651850880e-03
3.643422818233046749e-03
3.613489930315511370e-03
3.405960405449810855e-03
3.505803537014114644e-03
3.902322080142435392e-03
4.026083113829494187e-03
4.099029190679432874e-03
4.194885733019244022e-03
4.164259467709484006e-03
4.243371479796685143e-03
4.270509836661190439e-03
4.417274555209314835e-03
4.516495620576900343e-03
4.571334544506327861e-03
4.622363800282022067e-03
4.833685509109293676e-03
4.810338344896821113e-03
4.882346449181372734e-03
4.692213893647489975e-03
4.739911008408477337e-03
4.669353419904818600e-03
4.904288887830985516e-03
4.998023426748997126e-03
3.296185481913642759e-03
5.068625722118747824e-03
5.112661807238925993e-03
5.044552448191577491e-03
5.135763103380443749e-03
5.240804268527520481e-03
5.221696065203206179e-03
5.291317091571171895e-03
5.493989517585713342e-03
5.400506819059847953e-03
5.299000293187806389e-03
9.931234782479899173e-03
9.923104337780158310e-03
9.966098777007994028e-03
9.816960043488474549e-03
9.866570672044144147e-03
9.832698991963831348e-03
9.783367617186280660e-03
9.101633955302775719e-03
9.154721191796276122e-03
9.095454528124954571e-03
9.214735986438227916e-03
9.267310727120911182e-03
9.210918691078576540e-03
9.320007264864592009e-03
9.374536096843995650e-03
9.319583650302658284e-03
9.430113263574031041e-03
9.482388863858565858e-03
9.429306063194073384e-03
9.536026614200884127e-03
9.535161868311341563e-03
9.584986940341396963e-03
9.632912963734223052e-03
9.690635225282802356e-03
9.633341169567847737e-03
8.978528899113659770e-03
9.034174026592928231e-03
8.974840365465917499e-03
8.856022727629952671e-03
8.913954211842982367e-03
8.851929630475265445e-03
8.731322322157121854e-03
8.789951791001922657e-03
8.726750417748910249e-03
8.605019237410643437e-03
8.663969387161057217e-03
8.600324438674958674e-03
8.477850431331371978e-03
8.537111637467190151e-03
8.471848290265706141e-03
8.339661684589808402e-03
8.403486762464147317e-03
8.397403117971859177e-03
8.335032373503538025e-03
8.213638589715662255e-03
8.272341135568647350e-03
8.209505415311003224e-03
8.087118688370146385e-03
8.146531509634768672e-03
8.083880602631647594e-03
7.957798423305101343e-03
8.016679964462637004e-03
7.953152147730985222e-03
8.019761642356253509e-03
7.835496893977727736e-03
7.892216617108642474e-03
7.832829050070525337e-03
7.714444269058258301e-03
7.772510175005318232e-03
7.712204688467976486e-03
7.601574504031097072e-03
7.600469621897433178e-03
7.655927021542352842e-03
7.497084495096542102e-03
7.499012312290501830e-03
7.548360356287264934e-03
7.401125566594815054e-03
7.451260460783953009e-03
7.437154886411789095e-03
7.372967655659692573e-03
7.371347446430397306e-03
7.423208517854129086e-03
7.212807349141945289e-03
7.264051077229280798e-03
7.316982510592635533e-03
7.317402542382815504e-03
7.264104888209755272e-03
7.064394624350692556e-03
7.112865344225728116e-03
7.060576585709596974e-03
7.112840977822601149e-03
6.950932910526777184e-03
7.003685005874291450e-03
6.973797523691621647e-03
6.901768984814016759e-03
6.949365237529500292e-03
6.925904763313373534e-03
6.842937017493853046e-03
6.896763208966445041e-03
6.867839207889485723e-03
6.822163257067179187e-03
6.780363463957847156e-03
6.808546567457409576e-03
6.836879880746874437e-03
6.782823429083390671e-03
6.726338905837164935e-03
1.956689004537720631e-03
2.071422431528870643e-03
2.030063461483033998e-03
2.376232000133979456e-03
2.281120748967573053e-03
2.374254753996639117e-03
2.461703560499910355e-03
2.622177819989597331e-03
2.833401448557525040e-03
2.867629479996027311e-03
2.764808904153473121e-03
2.933658530207878049e-03
3.156803393179213272e-03
3.197115426464770989e-03
3.096805259643989686e-03
3.649402537895824177e-03
3.733649049225099600e-03
3.691830748405235032e-03
3.602172675826582470e-03
3.267154633516928565e-03
3.361633123254876947e-03
3.310497259054390271e-03
3.367471950768220583e-03
3.460071459641150555e-03
3.412311015239114127e-03
3.899691340608440158e-03
3.943423525256103956e-03
3.859459803427126891e-03
3.981826323852978231e-03
3.972444854616578348e-03
4.018531926010889162e-03
4.052483143291997145e-03
4.039215376248024569e-03
4.116879555102525949e-03
4.086204860344306612e-03
4.254856625306890038e-03
4.300819553812584330e-03
4.225210068084597065e-03
4.402747151785540991e-03
4.445673478998543766e-03
4.374905880125481289e-03
4.473345549459397351e-03
4.457564815859160409e-03
4.527680296136663875e-03
4.501059371989651718e-03
4.507748935845936125e-03
4.576881509446865427e-03
4.553127094678749778e-03
4.762697591967494752e-03
4.553484663776827777e-03
4.600190348272713281e-03
4.622602080527389405e-03
4.881828473285721760e-03
4.857617288682799725e-03
4.928942573512130540e-03
4.951215243630970562e-03
3.254771378334220776e-03
4.925006324037896344e-03
4.996461329787535606e-03
4.973553921295861130e-03
5.112901917923840661e-03
5.090381036802998742e-03
5.158774984405464781e-03
5.176650177068500142e-03
5.414229625699523880e-03
5.480288032619986399e-03
5.429847891867543158e-03
5.314249029419283038e-03
5.379932978263749985e-03
5.336197470077774438e-03
5.276749331381029237e-03
1.000000000000000021e-02
1.000000000000000021e-02
9.966824936194456155e-03
9.868590486097696818e-03
9.891522443903155368e-03
9.900614698047958268e-03
9.843345659174754583e-03
9.722813160828642359e-03
9.770260036327358885e-03
9.735295215031905189e-03
9.040716041987976320e-03
9.158832954761622624e-03
9.268042022190857432e-03
9.375901493513744481e-03
9.483994790573629929e-03
9.585424273245848198e-03
9.678864321522316280e-03
8.917829744194747874e-03
8.794171818747779576e-03
8.668618448791324746e-03
8.541832237040932960e-03
8.350376065852488025e-03
8.414462531404315673e-03
8.408464685898973945e-03
8.344627054663532675e-03
8.276932691376909582e-03
8.150629963760092078e-03
7.962772940401506572e-03
8.025150079997035030e-03
8.022006843057665273e-03
7.896807715035845249e-03
7.959957294250488702e-03
7.775096302483407683e-03
7.658093936216753793e-03
7.549374738051297350e-03
7.398276149115105317e-03
7.447701741742392481e-03
7.449703400466049438e-03
7.387006047002704461e-03
7.399587285494490033e-03
7.266556681547002398e-03
7.319768866828528162e-03
7.318088840635560664e-03
7.162694777878644142e-03
7.213253161584528943e-03
7.161934875347614714e-03
7.265270284835549132e-03
7.213389566763254122e-03
6.984414994735041286e-03
7.020272449633989040e-03
7.024416657008657888e-03
7.061943516146402741e-03
7.063176499546641035e-03
7.111284408950049873e-03
6.967761429312861569e-03
6.926464613832654209e-03
6.872443498268135734e-03
6.811608791175449186e-03
6.722313564092636043e-03
6.779842726410731379e-03
6.763628854404139280e-03
6.751013208036687856e-03
6.715486641122585254e-03
6.760762066890792406e-03
6.737008422265420605e-03
6.668075211752434034e-03
6.713349936030578967e-03
6.680135826547268368e-03
2.039840282005696802e-03
1.999959996056733125e-03
2.112009031078136787e-03
2.278438991799965757e-03
2.327249135750155892e-03
2.233924049019604327e-03
2.492018465732563984e-03
2.520382872553578266e-03
2.435107706815511225e-03
2.592459727367662711e-03
2.629404493684428957e-03
2.661991113353883841e-03
2.730912041224921316e-03
2.961719530391639706e-03
2.898604812604707853e-03
2.998520992638438205e-03
3.058887612070825598e-03
3.733408868507786648e-03
3.692083091437960585e-03
3.775935922319239007e-03
3.465830670286336457e-03
3.557390464324692962e-03
3.509766706201410819e-03
3.212913074864851264e-03
3.318161561390235107e-03
3.417446647684013825e-03
3.816369044629723106e-03
3.936536163037957295e-03
4.006247217384908792e-03
4.101462010233365534e-03
4.148356081616167562e-03
4.070705923194094938e-03
4.328641965521576145e-03
4.177981692635095862e-03
4.430360533771039895e-03
4.482806184211459224e-03
4.530732894778836083e-03
4.736687726784150065e-03
4.714440178322285187e-03
4.785526496119004401e-03
4.596866983505394980e-03
4.575260474765583882e-03
4.644849508953775331e-03
4.808940311600585875e-03
4.903238852805745160e-03
4.971899931795801218e-03
4.948187379479860454e-03
5.020887619527844743e-03
5.042020512688781542e-03
5.169600550083577536e-03
5.206042331574431241e-03
5.140606053921806945e-03
5.363180086933348918e-03
5.242175702954336193e-03
9.920806433103616234e-03
9.961916221157527535e-03
9.926671695882549259e-03
9.870465694534502968e-03
9.869761813064774694e-03
9.901384953635888192e-03
9.805758885291953816e-03
9.837432454781207605e-03
9.811557899966084559e-03
9.765292558874295870e-03
8.998914054217264577e-03
8.988259903617769331e-03
9.050032259475314020e-03
9.124624153543656538e-03
9.112954413442736143e-03
9.169782289556168559e-03
9.190460359352619832e-03
9.255315591078942805e-03
9.201952138531149447e-03
9.316383088254812442e-03
9.373126776672190824e-03
9.317670838928874405e-03
9.438671597282736331e-03
9.487164353528315316e-03
9.434093250876594838e-03
9.539512163749029952e-03
9.537579582690277127e-03
9.586050745667705139e-03
9.632319645635057867e-03
9.677454198812758188e-03
9.632632292718781852e-03
8.874367265088502557e-03
8.864810380312355270e-03
8.926387294473833375e-03
8.747254360467792214e-03
8.738869414436788510e-03
8.801573332929482629e-03
8.617251734594901652e-03
8.610653709071431142e-03
8.674190954822871835e-03
8.491502518620634016e-03
8.484237855807779186e-03
8.548196818313192474e-03
8.363711287203918002e-03
8.356612813895741843e-03
8.420724702075098669e-03
8.223062956384231958e-03
8.287023541674503127e-03
8.281316928149288700e-03
8.217961114082645430e-03
8.092562285623711507e-03
8.089451011905859218e-03
8.153034498039606059e-03
7.964141954554533609e-03
7.963033530890471778e-03
8.025557547131060079e-03
7.839991709447416759e-03
7.898849547427583620e-03
7.837441687357346934e-03
7.901548008104278958e-03
7.718560795206422590e-03
7.776982754450057975e-03
7.716220731372832285e-03
7.600317588460397261e-03
7.657338703884623843e-03
7.600716446270597282e-03
7.492530527946207435e-03
7.547003472452246640e-03
7.494591789497662658e-03
7.390947954283271469e-03
7.443961929711640814e-03
7.394434108634994306e-03
7.284937709557688656e-03
7.343033023844411367e-03
7.328888990412658552e-03
7.296493199743252570e-03
7.347387332652634967e-03
7.348737458868277728e-03
7.275720835508610491e-03
7.112314662832644463e-03
7.162126625859794107e-03
7.214317566617859875e-03
7.212925712426826105e-03
7.162412083279468336e-03
6.956101284038945266e-03
7.009840113839556526e-03
6.970200308108555343e-03
7.008980897770850441e-03
6.896052796205539605e-03
6.940033905436658775e-03
6.923219700270663059e-03
6.856100040671532503e-03
6.903290519840768816e-03
6.878607098052720581e-03
6.800650090590372975e-03
6.850980864228569354e-03
6.821336688804456941e-03
6.738750838637032163e-03
6.790559911354569766e-03
6.758955231273245864e-03
6.718331505175513529e-03
6.675349029326387365e-03
6.727466969004883800e-03
6.698007344844610945e-03
6.691381318854339351e-03
1.813927695481830664e-03
1.927207706504419646e-03
1.884652829051571216e-03
2.159700703741413309e-03
2.384667726152851427e-03
2.561880337063335462e-03
2.765491005392011186e-03
2.698503016750115717e-03
2.799768593796215978e-03
2.863175820522625460e-03
3.076345930608245273e-03
3.116832601783017884e-03
3.019988417828353873e-03
3.562293429477799041e-03
3.647644161039780269e-03
3.606068037660861876e-03
3.514819574364473273e-03
3.171407463256006691e-03
3.182018811458669355e-03
3.274434534321421422e-03
3.224833529883014936e-03
3.279582508698865220e-03
3.372416267335862691e-03
3.323765034688636738e-03
3.812179972678773204e-03
3.856113018617003327e-03
3.773339570393452209e-03
3.892128166438954106e-03
3.881242771128758529e-03
3.927024599168943073e-03
3.960045473490441011e-03
3.945887750822007350e-03
4.023487261883678875e-03
3.992741752375404338e-03
4.314961937051081664e-03
4.359015498637723064e-03
4.285163112080939835e-03
4.161465831539818382e-03
4.208355642061333349e-03
4.131781053265900540e-03
4.386088814538361899e-03
4.370155951198609161e-03
4.414044400887433273e-03
4.438758165734636198e-03
4.416461159231731964e-03
4.462329071545517029e-03
4.484736914517871605e-03
4.666465026608365534e-03
4.459554714381890571e-03
4.506802377270472532e-03
4.527919995406122153e-03
4.781648240796422186e-03
4.759101332439319085e-03
4.832184368256767747e-03
4.852940537697462108e-03
4.825694737417132729e-03
4.875948792240111795e-03
4.898336989701095046e-03
5.024060642700937072e-03
5.069164741759463882e-03
4.997633913485587109e-03
5.096054289858185232e-03
5.281958333743665308e-03
5.348535156877370217e-03
5.298620333144597391e-03
5.224634022749098314e-03
1.000000000000000021e-02
1.000000000000000021e-02
9.961439737529291863e-03
9.896295313945722982e-03
9.838684747368176345e-03
9.726714448592813089e-03
9.766274741158587763e-03
9.725197916582876967e-03
8.937265973739691102e-03
9.062365496437461629e-03
9.157722944174721130e-03
9.254447873523844251e-03
9.378655963297781450e-03
9.490082175633619138e-03
9.586987650667469496e-03
9.680739303619503508e-03
8.811366263606677449e-03
8.682758188940133126e-03
8.554785845311862688e-03
8.427977959863599752e-03
8.234833626679774476e-03
8.299603606337040487e-03
8.292543104586609648e-03
8.228511978441394731e-03
8.158095626315989279e-03
8.028589910293744067e-03
7.840475344806401709e-03
7.902475053713232597e-03
7.901583803271019363e-03
7.779407437151084764e-03
7.839866603811612711e-03
7.659528034037065350e-03
7.546476642095337715e-03
7.441758860934368641e-03
7.296741571681602916e-03
7.343831917092852497e-03
7.347470782121064137e-03
7.290647407328405306e-03
7.296507965457259097e-03
7.171316545370839263e-03
7.228089445962762420e-03
7.218843893638041131e-03
7.063814258482402006e-03
7.113060798824354797e-03
7.062940428617396973e-03
7.166724761259562516e-03
7.112933846932559777e-03
6.926239390665087786e-03
6.965393509625995329e-03
7.013448375906776444e-03
6.960889412196673981e-03
6.876211461360750080e-03
6.828547717524394850e-03
6.769791029501198189e-03
6.706917696884906292e-03
6.641938937954815388e-03
6.681569372714922343e-03
6.678247385976092236e-03
6.614857375806612420e-03
6.644641328111843860e-03
6.667912028349832695e-03
6.654550024623156340e-03
1.884491114468271741e-03
1.961449548266340406e-03
1.850683621956806905e-03
2.108967634519173101e-03
2.075937576661483243e-03
2.192971270532976819e-03
2.424780713041234641e-03
2.458735558061706308e-03
2.352964663999340244e-03
2.526523356842957230e-03
2.574198599756617398e-03
2.669380494058941605e-03
2.602207072792736293e-03
2.887183099243000733e-03
2.924751497434273633e-03
2.827309376478718932e-03
2.981385124910773590e-03
3.653806569162491337e-03
3.693858049663135534e-03
3.608689270458520591e-03
3.368631148475275013e-03
3.465182122798515525e-03
3.417421310668026808e-03
3.130054993685116999e-03
3.231584166756679664e-03
3.324816063243282542e-03
3.732800328371521474e-03
3.847157471629810647e-03
3.913963731925010521e-03
4.005623557475417214e-03
3.976109521441817049e-03
4.053743459441249211e-03
4.238014063531121353e-03
4.083339447138860726e-03
4.342759342165873615e-03
4.393485400575198804e-03
4.438170441225477124e-03
4.640413052805375006e-03
4.688938457017787463e-03
4.618688117724627923e-03
4.500718364237231428e-03
4.480282901754346035e-03
4.549144068628909604e-03
4.710642553065526664e-03
4.803567417290176278e-03
4.891727449380381225e-03
4.858351986437066047e-03
4.932378640273454330e-03
4.957444430924254700e-03
5.043682313554568447e-03
5.033864293687141320e-03
5.107362329408688534e-03
5.149637615202123063e-03
5.216208454893538592e-03
5.160091398786782572e-03
9.932784063294505111e-03
9.928372402357560009e-03
9.969314225976711255e-03
9.822453339400197270e-03
9.872140010616446693e-03
9.846876334404059197e-03
9.815212168289682779e-03
9.775942687022162389e-03
8.894893090113565118e-03
8.884329603756123059e-03
8.947056223995634647e-03
9.069823615318394622e-03
9.096940512586368724e-03
9.034527266191283087e-03
9.130785444592661934e-03
9.203932144531907014e-03
9.259908310504050277e-03
9.196494922731449778e-03
9.331897275498050176e-03
9.385006365903187514e-03
9.323696330195127557e-03
9.448225993233637030e-03
9.443083106319251699e-03
9.493481719583465525e-03
9.545666856417847623e-03
9.542398101917513170e-03
9.588543069186097542e-03
9.640950126470515177e-03
9.636984235968454326e-03
9.683077771837364858e-03
8.776099172929333059e-03
8.761335840958717897e-03
8.825173429336981290e-03
8.644244365270751726e-03
8.630404015048795049e-03
8.695690221777326381e-03
8.513477388682289676e-03
8.502078513712369237e-03
8.565337385661628625e-03
8.383274789104224259e-03
8.373034004547440234e-03
8.437314404499123011e-03
8.250359861004049819e-03
8.306956441742788938e-03
8.242122566977374068e-03
8.103683012404397368e-03
8.163320968568969771e-03
8.169555636441925422e-03
8.097727655020774476e-03
7.970708886020911113e-03
7.967032369153753332e-03
8.031580852832275255e-03
7.841061637307458407e-03
7.902580590359446419e-03
7.840333066161574160e-03
7.720937399361476813e-03
7.719434681040236203e-03
7.780437789527349171e-03
7.780829653988375998e-03
7.604448882860504952e-03
7.661483503946816750e-03
7.602096637504685353e-03
7.490229393012143820e-03
7.545238880873514874e-03
7.491133427867347101e-03
7.381808112371364937e-03
7.437138658133756949e-03
7.386145095980516280e-03
7.284370153392047409e-03
7.337661813203602210e-03
7.290395259322127869e-03
7.182952973056918287e-03
7.233882902470968254e-03
7.239692288159301804e-03
7.191047616584953991e-03
7.243868974814577678e-03
7.243749439559631596e-03
7.177107299697229985e-03
7.014546124424099471e-03
7.064481120809972328e-03
7.117825705249406117e-03
7.113194389027142732e-03
7.064205514999461963e-03
6.831728481974031451e-03
6.863704992017496780e-03
6.893634346944144467e-03
6.861364599055951551e-03
6.913237263177305497e-03
6.908496141806341057e-03
6.811826308318558176e-03
6.853781945411585586e-03
6.833797245053715996e-03
6.759690166465109548e-03
6.807646663536349660e-03
6.779891567881318054e-03
6.703202380081892293e-03
6.751696251310871158e-03
6.720587390815147694e-03
6.644235569022904388e-03
6.691251384906819581e-03
6.659285081821061242e-03
6.627962008187280110e-03
6.586254618922588247e-03
6.630542180408537621e-03
6.600052973234620847e-03
1.676397935716142850e-03
1.780600389531872274e-03
1.744516954603783599e-03
1.997054825680767091e-03
2.277309420835098904e-03
2.193108081694015738e-03
2.278397342317950609e-03
2.350927490357240975e-03
2.500538245844553115e-03
2.699743987475622647e-03
2.732986241229212136e-03
2.637964262117590240e-03
2.793035487986917070e-03
2.995293132635772158e-03
3.036101191798935492e-03
2.942132254612305278e-03
3.492141856513375671e-03
3.572759837239004692e-03
3.527553114171425030e-03
3.431167691716029665e-03
3.088300455223479124e-03
3.096613831330899749e-03
3.139587530781003891e-03
3.187767547763913859e-03
3.193924064164232416e-03
3.237027770918144386e-03
3.280989967983590199e-03
3.724124875152529535e-03
3.768357258913002539e-03
3.689438907038397695e-03
3.802491439746900209e-03
3.789211224063969864e-03
3.835433200601098738e-03
3.867352278625827387e-03
3.849849076806642015e-03
3.898092955792930615e-03
3.927527994152354290e-03
4.223798695682079614e-03
4.192851790080885307e-03
4.269574282477786760e-03
4.069470665174432407e-03
4.037839249938616343e-03
4.115680976274331375e-03
4.296767578880061889e-03
4.282161644960174283e-03
4.349097837655304180e-03
4.326374061105046388e-03
4.323380819115267733e-03
4.391199468996191853e-03
4.370183534728552810e-03
4.570195551594253766e-03
4.363677119567086100e-03
4.411930518659430180e-03
4.431863959667698034e-03
4.680218417097040812e-03
4.731442496896643389e-03
4.660361069206813908e-03
4.752428307088329973e-03
4.738543909610702307e-03
4.814723256111615342e-03
4.782835182925227087e-03
4.945458493988985800e-03
4.918323648520058454e-03
4.985182335605704146e-03
4.994028485233698023e-03
5.095824555380772287e-03
1.000000000000000021e-02
1.000000000000000021e-02
9.962549625182190102e-03
9.857974209638189003e-03
9.894893534532253621e-03
9.891658711136579532e-03
9.842554586899820296e-03
9.731441677095950885e-03
9.729731066449616786e-03
9.776479209494355269e-03
8.955515805924076436e-03
8.976360064035017808e-03
8.925173587215165169e-03
8.836016436595203055e-03
9.012830109338267059e-03
9.078119652785182625e-03
9.133840215819167066e-03
9.073488444822690180e-03
9.269069208778598148e-03
9.141939473847881040e-03
9.391294329729250531e-03
9.498115565839911068e-03
9.595011370404516599e-03
9.686986397464304385e-03
8.710731962599332912e-03
8.579339282823970902e-03
8.448791736693739632e-03
8.317194645873722536e-03
8.119590004708562847e-03
8.185289698435588984e-03
8.177141242123228335e-03
8.111165371354344886e-03
8.037468312764648251e-03
7.906097909842917104e-03
7.719468669722713214e-03
7.779937444252454926e-03
7.780404135926618364e-03
7.662782136980519736e-03
7.719782574898466192e-03
7.547403240905176287e-03
7.436056848906531791e-03
7.333057327882373626e-03
7.191584390212993859e-03
7.237942770727823390e-03
7.244175409547085748e-03
7.186932056944471750e-03
7.191202388607038747e-03
7.075209156253937579e-03
7.129012624406468046e-03
7.123216727714435509e-03
6.966708553589379474e-03
7.015141822082991870e-03
6.966187408497102017e-03
7.069861947336591318e-03
7.015506549395414924e-03
6.846722803259435927e-03
6.821900518598764292e-03
6.874977966685814727e-03
6.920086321667980218e-03
6.868335059924063693e-03
6.785924626042320884e-03
6.731673045895093799e-03
6.673777906258761272e-03
6.615071607724512352e-03
1.745452985006422115e-03
1.712394454235390950e-03
1.814357033860397508e-03
1.927518188617466724e-03
1.906948621490337165e-03
2.017413241720839544e-03
2.236154805358138865e-03
2.257079613831359816e-03
2.174219327407996786e-03
2.401104017807656216e-03
2.413350865643065345e-03
2.340435343548754633e-03
2.487348264468091426e-03
2.524204131757175860e-03
2.549575122006963665e-03
2.611614955052868337e-03
2.809942153001762470e-03
2.848879185092969505e-03
2.755737955797716004e-03
2.902222577903594645e-03
3.572742848132682419e-03
3.613526889360947451e-03
3.532967491027882122e-03
3.368234318955280922e-03
3.368877912091394321e-03
3.430113561593760470e-03
3.046766207781692690e-03
3.145994988747971132e-03
3.253307284347525547e-03
3.311158082519889169e-03
3.224297781939777785e-03
3.648240630178216110e-03
3.757093120000689485e-03
3.819930435465808839e-03
3.911838683542031951e-03
3.881187009057430071e-03
3.958976395074113516e-03
4.146410863342817922e-03
3.990423088629382366e-03
4.253172873194450282e-03
4.302996347907379025e-03
4.343746910050054304e-03
4.542187356890832473e-03
4.521581337890543881e-03
4.591731882990647551e-03
4.404776497796514950e-03
4.384430596128327182e-03
4.453116158649380110e-03
4.610749655423032611e-03
4.709280671671311168e-03
4.847985109994104071e-03
4.792490595430520806e-03
4.870357319905107250e-03
4.896650940323102157e-03
4.920328032649396062e-03
4.982280781193331766e-03
4.933284246533567452e-03
5.017278593163241630e-03
5.083784591865403088e-03
5.031018015214343622e-03
9.868689269904687075e-03
9.922073901406765206e-03
9.906816225934584122e-03
9.869551704082844823e-03
9.771468187106818054e-03
9.813911357941858260e-03
9.797631318554225754e-03
9.753052194012104895e-03
8.813090459160446630e-03
8.885087796686274089e-03
8.853806321898598578e-03
8.794267302505818715e-03
9.017553959965096330e-03
9.238442084750379812e-03
9.220641415921767420e-03
9.284641441043423732e-03
9.104396766166871977e-03
9.153753840037867975e-03
9.090586441885215377e-03
9.360645423943048105e-03
9.345840885559092426e-03
9.403909562402203159e-03
9.460326693615649096e-03
9.502382522284536989e-03
9.453778725301198796e-03
9.547008002126832621e-03
9.545861330005284487e-03
9.593446152399837806e-03
9.689387307799427265e-03
9.709692427642751741e-03
9.667153992491682099e-03
8.677780056039627321e-03
8.726810284049851124e-03
8.660588276383886577e-03
8.547252396731762000e-03
8.595620888088449998e-03
8.529919868922954812e-03
8.408559567404943688e-03
8.460888334328203753e-03
8.395423731041731438e-03
8.274331093896922576e-03
8.328701129948774817e-03
8.261847035693169888e-03
8.139925595829050273e-03
8.195045100139054794e-03
8.129240055809642748e-03
7.985659245154588456e-03
8.044598735789705232e-03
8.052913589105491904e-03
7.977754709841413175e-03
7.851844523821455146e-03
7.911242822496422286e-03
7.846030975899694754e-03
7.721192281670415276e-03
7.781105021717501895e-03
7.719882488356325824e-03
7.607177601638506065e-03
7.605466125989233765e-03
7.664036472999125049e-03
7.663389431375067229e-03
7.495864576629152065e-03
7.550155359493469949e-03
7.492781832864904221e-03
7.378391132023988733e-03
7.434311646798282339e-03
7.379859988158040535e-03
7.252478124737218521e-03
7.317203568437718325e-03
7.268196572151830459e-03
7.184974204595165684e-03
7.188176252113258335e-03
7.234719340882301251e-03
7.079764855750809299e-03
7.135347143853420712e-03
7.131357117613429906e-03
7.084439192280989409e-03
7.137963676676409991e-03
7.137777815129101901e-03
7.077459553809042382e-03
6.920743831442328214e-03
6.967950866571576314e-03
7.021466627055626686e-03
7.016180136184893557e-03
6.967420260951283362e-03
6.761064926377985396e-03
6.811058308765183603e-03
6.796289380833014059e-03
6.731098148405739549e-03
6.781352848598316656e-03
6.771227298507355441e-03
6.782545927002737660e-03
6.821912722280036416e-03
6.828624084379233787e-03
6.745421097140753483e-03
6.667085876726730823e-03
6.713208137832113800e-03
6.684940565318620367e-03
6.611744611856089360e-03
6.657332509190161569e-03
6.627637217593276321e-03
6.556056012844891159e-03
6.600114637242168562e-03
6.570884180105775706e-03
1.544037925782747178e-03
1.644845840019477619e-03
1.609577106981682033e-03
1.836314580082663893e-03
2.052228494938353014e-03
2.081195271429624096e-03
1.990665409980153528e-03
2.143679288071883952e-03
2.318388569575732285e-03
2.463784357457910173e-03
2.630091380625032560e-03
2.665265039097350786e-03
2.578174319567824377e-03
2.719605304157045843e-03
2.911509911876567804e-03
2.953701143803203269e-03
2.861563398619137825e-03
3.448495114521719137e-03
3.470830182851956068e-03
3.510466062274245503e-03
3.331995473740646894e-03
3.411942515878243608e-03
3.350547594063598821e-03
3.310626848224143375e-03
3.003681510808273517e-03
3.006323896620053358e-03
3.099742365037808523e-03
3.051755950942559685e-03
3.086040741862805092e-03
3.169376741370765783e-03
3.140244352466112221e-03
3.634347579034186496e-03
3.679454191242568627e-03
3.603970988617959375e-03
3.711579067745788153e-03
3.696440380397484834e-03
3.772941628341104983e-03
3.743057412887959654e-03
3.755827011306248249e-03
3.833608233759849219e-03
3.803077286353666667e-03
4.143089158327045891e-03
4.183643971100941758e-03
4.106437757473843306e-03
3.982163205290297284e-03
4.026166457474563733e-03
3.947353689814104942e-03
4.212411901634322865e-03
4.194461685145259126e-03
4.258698065739475493e-03
4.238545459614303026e-03
4.228900083403154889e-03
4.276423884865009073e-03
4.295995231466379419e-03
4.473065857129495879e-03
4.266055067718869942e-03
4.335041003135037783e-03
4.315198873823322852e-03
4.582273359505866471e-03
4.562357587265042543e-03
4.631755508738939417e-03
4.659593754875413982e-03
4.739840317652781188e-03
4.793773170275766882e-03
4.739484503647648297e-03
4.883716452372665121e-03
4.968081286547628567e-03
9.791186248422161648e-03
9.828109525533573060e-03
9.825146673449171308e-03
9.785053525255715812e-03
9.730083577164318556e-03
8.848091622920046043e-03
8.901353302595184022e-03
8.830046390217005658e-03
8.746074399956973305e-03
8.977111300492945922e-03
9.027341276581630353e-03
8.965424534975204376e-03
9.300803920931573904e-03
9.172623845308744417e-03
9.041635234146028210e-03
9.411648856489594414e-03
9.504930848204588140e-03
9.607018045182848937e-03
9.622619563517365374e-03
9.578320511475864676e-03
9.648284618233351692e-03
8.613031872837507291e-03
8.478415942802937713e-03
8.341857027622637949e-03
8.207488005971460068e-03
8.005404317047005655e-03
8.072972554201238160e-03
8.062420015594293915e-03
7.995038383405176849e-03
7.918997173936879325e-03
7.786711551798363926e-03
7.602032734063566763e-03
7.660741006199928149e-03
7.661714816194686514e-03
7.551561595920805794e-03
7.604150187577243293e-03
7.437189333911844655e-03
7.315465534400718284e-03
7.218585662868167059e-03
7.087671899486771773e-03
7.136323617171119738e-03
7.139683055087994897e-03
7.082022285314362731e-03
7.085914725259968849e-03
6.971956777627987684e-03
7.025755523473458004e-03
7.023602473332746579e-03
6.873174590204747178e-03
6.919923494040985772e-03
6.874241578270406071e-03
6.969977378644643014e-03
6.920435116535053263e-03
6.772032259328947083e-03
6.746431152069140048e-03
6.786088524479308957e-03
6.830550302258913548e-03
6.784501121971152002e-03
6.699504617443947756e-03
6.639688426167698714e-03
6.584002369745068153e-03
1.631472903151651036e-03
1.688124041874778216e-03
1.589794319455169625e-03
1.856959153080879176e-03
1.892283117095190995e-03
1.802615369031231604e-03
1.953942557281652861e-03
2.179072313783950859e-03
2.208061435478406252e-03
2.116894466257567518e-03
2.359352778428220210e-03
2.380662127087387891e-03
2.299063413364393557e-03
2.441468231629053201e-03
2.459732614671112250e-03
2.544526379223759245e-03
2.492377484027543787e-03
2.730178599975795813e-03
2.770387581243601016e-03
2.680996568133420244e-03
2.820439683744986083e-03
3.486659172540414707e-03
3.529947177106744927e-03
3.467904364857546905e-03
3.390217709233527433e-03
3.293125346097932477e-03
2.959682754485424162e-03
3.046910566222551815e-03
3.160485413600297010e-03
3.207249952931484280e-03
3.123939549443803011e-03
3.560305456300961145e-03
3.665814466612220095e-03
3.726520807646713056e-03
3.809076353985492609e-03
3.860719512402979291e-03
3.782826112254511226e-03
4.062395981059899012e-03
3.895318512717912008e-03
4.169010946901538853e-03
4.211975669965868987e-03
4.247762998974322080e-03
4.444590825720306365e-03
4.424889394392731573e-03
4.493810815678135270e-03
4.302796969105646650e-03
4.354189098350498381e-03
4.284732417670660508e-03
4.512912953797948608e-03
4.616679602506316808e-03
4.599655669363340166e-03
4.678056211854193791e-03
4.677657407406132263e-03
4.778993801689240643e-03
4.814312818054085688e-03
4.759355587506512025e-03
4.849583406097886414e-03
4.885688872273762778e-03
4.951733557410025084e-03
4.903697050837069193e-03
9.722443343174243247e-03
9.756245691413940185e-03
9.745776530831974996e-03
9.708360053160331252e-03
8.913351793486167310e-03
8.712211260194287210e-03
8.762376152106107763e-03
8.780857112714660073e-03
8.694440977286613942e-03
9.274297489560606386e-03
9.316892268272291763e-03
9.255763078579809511e-03
9.148585158179138935e-03
9.125532761320859221e-03
9.192736482661634581e-03
9.012625786298864364e-03
9.058120767558934180e-03
8.994049857791883151e-03
9.386431588270153711e-03
9.372855282066406071e-03
9.422678892196304987e-03
9.479361600254468043e-03
9.512221396018313152e-03
9.469071326165368063e-03
9.546689335956072553e-03
9.545900412992101847e-03
9.576541865881769977e-03
9.655764127713878375e-03
9.670763921367758753e-03
9.633197450834877704e-03
8.578040121018419562e-03
8.627700723514953110e-03
8.562049500867009721e-03
8.442072559778865740e-03
8.494485945327610865e-03
8.424762811487252964e-03
8.302814714166696641e-03
8.287989478333429236e-03
8.355532148654608304e-03
8.164488456921982149e-03
8.219282443174181010e-03
8.151630563580383737e-03
8.027345527042898873e-03
8.015806757420059284e-03
8.083545066067657561e-03
7.870575638709929878e-03
7.928064125248509772e-03
7.938254036473907718e-03
7.860739795112448372e-03
7.736260673652244242e-03
7.794015734494652223e-03
7.728270232698529474e-03
7.601463155338405477e-03
7.661313980388581406e-03
7.601245184051026553e-03
7.503122340821384226e-03
7.555158940211898974e-03
7.499148575187068733e-03
7.552552049324012459e-03
7.385757615012216240e-03
7.440815933379962659e-03
7.381784840490095666e-03
7.266667646696109949e-03
7.322557934292440660e-03
7.259274329677581697e-03
7.109611387303792392e-03
7.181145516316681139e-03
7.147297389577233692e-03
7.098459680270346669e-03
6.978381836912000286e-03
7.029134462813499580e-03
7.031329549312151546e-03
6.981510361134484963e-03
7.034529721561781981e-03
7.033059384898369612e-03
6.975120191705520833e-03
6.829500424554471941e-03
6.873538634737354908e-03
6.922618167471922788e-03
6.920797551806391612e-03
6.873453715210355204e-03
6.697893087439178196e-03
6.740091582636506887e-03
6.729545911364521148e-03
6.668590312531062075e-03
6.714685424624497641e-03
6.699864616235319537e-03
6.715255736840974356e-03
6.748958962994611351e-03
6.750579497628021730e-03
6.626578191505681260e-03
6.678697500781001668e-03
6.646816618494499375e-03
6.576205093979921833e-03
6.621597273388715212e-03
6.593810713198799793e-03
6.523656487287584488e-03
6.567801835278348072e-03
6.539612877584688282e-03
1.416828255022454944e-03
1.524530850611552834e-03
1.479793184779224120e-03
1.743555870528983682e-03
1.991835928583306128e-03
2.022452245086841550e-03
1.925682735039906069e-03
2.084865843233410596e-03
2.268768885692578740e-03
2.410730118298043487e-03
2.551456911758034213e-03
2.591108491813218576e-03
2.506530511926090363e-03
2.640383795812998452e-03
2.828476339570627166e-03
2.870318606928534515e-03
2.780112020370731525e-03
3.355757364594677376e-03
3.421047194158143966e-03
3.402252585322371008e-03
3.344507380257838707e-03
3.245911809745565500e-03
2.917026793747836202e-03
2.918499211603928570e-03
3.001959922934699810e-03
2.962722650096175341e-03
2.986946723548925074e-03
3.073349905748040765e-03
3.037028371312514366e-03
3.544007316015594395e-03
3.589418899802348985e-03
3.515738529074484767e-03
3.620016316358945756e-03
3.604077661005408197e-03
3.679738925748708266e-03
3.650508964345297418e-03
3.660967700008197889e-03
3.734807057593468333e-03
3.708659166985108901e-03
4.086085149442061741e-03
4.034107828026511390e-03
4.114828706192538536e-03
3.856336108204312836e-03
3.919460751792078722e-03
3.833077333299446041e-03
4.140131153643060100e-03
4.107701902927457689e-03
4.151309168263750751e-03
4.168084899352015454e-03
4.133294987357903801e-03
4.181393433186231072e-03
4.199368840207427268e-03
4.373226485469118921e-03
4.167476976228903958e-03
4.234750126236479402e-03
4.217094438049279366e-03
4.485749636008711655e-03
4.534504376095717902e-03
4.465379580875453863e-03
4.550610556275145810e-03
4.661016646840117524e-03
4.638788359244224238e-03
4.700690412206161121e-03
4.719342061749762056e-03
4.831518238471998149e-03
9.689029506861323790e-03
8.880615378819753034e-03
8.928522265860083448e-03
8.863557146306556486e-03
8.747614025646228975e-03
8.797504634291047898e-03
8.729202041479896049e-03
8.645716502131285675e-03
9.331685316082190956e-03
9.212632025116318860e-03
9.081731935358296898e-03
8.947484548911966568e-03
9.434205457775969236e-03
9.514023650511477942e-03
9.588211463058826656e-03
9.595526597073304048e-03
9.567977646651191007e-03
9.622181040389015533e-03
8.510578536823297166e-03
8.372923011257474984e-03
8.234057730452565976e-03
8.096257994395481689e-03
7.891496755793644263e-03
7.948374842431247395e-03
7.959707551926301430e-03
7.880479132897572417e-03
7.803640578160127121e-03
7.669049330382496366e-03
7.483430418094893025e-03
7.542501931462441099e-03
7.542753655442595295e-03
7.444498654478958789e-03
7.492742183067517027e-03
7.326264309304207981e-03
7.151780336877068718e-03
7.202125310582850430e-03
7.209270230533196093e-03
7.130467185167343840e-03
6.985509321270381815e-03
7.047569095272632721e-03
7.036679028630484813e-03
6.979831873972709884e-03
6.983323016764956225e-03
6.875840945731522859e-03
6.926992202401945770e-03
6.923995658809865665e-03
6.779639855378660762e-03
6.826495321500329963e-03
6.783038558595444120e-03
6.874691518002999484e-03
6.826426755163888041e-03
6.683519326038141542e-03
6.706740502512342599e-03
6.648032320551266854e-03
6.685885971048190560e-03
6.736066048646100791e-03
6.700823291494648580e-03
6.601822439173007234e-03
6.550326330178156062e-03
1.466253093817915286e-03
1.442913237552839690e-03
1.547900729071448453e-03
1.799193977641094962e-03
1.828489565005710820e-03
1.717204837819191797e-03
1.894826174955247617e-03
2.105904607954610722e-03
2.050222712939541152e-03
2.142972693894648704e-03
2.282969195463164461e-03
2.232297052190790158e-03
2.321548251716583008e-03
2.370908364383752468e-03
2.376336683662379039e-03
2.463425498471202239e-03
2.418397174190059593e-03
2.648391540028966363e-03
2.689652281395188676e-03
2.600778683313959873e-03
2.737996329180888196e-03
3.395892092875438424e-03
3.441527851288945367e-03
3.376279468646423577e-03
3.214399086596329662e-03
3.284877294158675999e-03
3.273489555757447093e-03
3.187910060553641491e-03
2.874198772746139330e-03
2.953740642935096927e-03
3.091946803279109392e-03
3.039680224302775905e-03
3.126495273956334149e-03
3.469738247426067471e-03
3.574453577180347359e-03
3.632910735353421863e-03
3.712052687536220204e-03
3.686896017523066168e-03
3.760842617658904843e-03
3.992278495696531711e-03
4.039244834747162012e-03
3.987736085297264449e-03
3.783973000697013565e-03
3.924106061982487841e-03
4.097193278282982437e-03
4.120904318626173943e-03
4.150735479823037220e-03
4.348858178340280628e-03
4.397112746220889663e-03
4.326029097061974242e-03
4.199750488178242980e-03
4.184013145358773944e-03
4.251635880013008781e-03
4.416733788636568320e-03
4.529508761257822202e-03
4.507937095355465766e-03
4.573816867821579868e-03
4.594928126384660409e-03
4.641204793966760729e-03
4.710378732826282604e-03
4.651636774471486734e-03
4.755606332267972580e-03
4.820862563402967052e-03
4.768160543557697570e-03
8.814851074346565646e-03
8.610661452680863637e-03
8.679801741769892914e-03
8.661173069049898920e-03
8.593638171379079996e-03
9.308933669385968668e-03
9.290871618442091834e-03
9.347229240816016735e-03
9.216137037676668323e-03
9.182202534483211581e-03
9.244621950932688237e-03
9.046164722246534048e-03
9.097447780986742116e-03
9.028510203728017103e-03
8.919849713262048910e-03
8.965934513472476400e-03
8.899329038213032658e-03
9.413247408153869664e-03
9.398709753195958611e-03
9.445542020079931989e-03
9.518137705368124452e-03
9.530155402599346445e-03
9.496994999583728211e-03
9.553541558722745616e-03
8.474632504648332842e-03
8.526122388421908047e-03
8.457654585310041967e-03
8.335213318783903091e-03
8.388457568537033629e-03
8.318353296513265882e-03
8.194864627021725828e-03
8.248691654272425136e-03
8.179024717523122531e-03
8.054857625173628480e-03
8.040454790881924885e-03
8.109552125434280057e-03
7.916380358332236050e-03
7.971764351686255745e-03
7.903312415501790103e-03
7.756661902679186371e-03
7.824310988043604517e-03
7.813568673614676094e-03
7.745945236320378804e-03
7.621015108994225185e-03
7.678600365248602032e-03
7.610734902370273197e-03
7.467940093406323643e-03
7.534787696145971853e-03
7.475180263877802093e-03
7.383719562708303090e-03
7.384353718342408744e-03
7.443443358793698852e-03
7.433540430840795098e-03
7.275750956585685762e-03
7.330777226013081641e-03
7.270887420726150283e-03
7.153975338833747435e-03
7.210377528695565211e-03
7.152630212936199154e-03
7.008848782695699733e-03
7.080385586104760882e-03
7.059303232192070537e-03
6.996954000465247306e-03
6.877523521190596727e-03
6.929414313454685011e-03
6.928072109676774136e-03
6.879860129718188243e-03
6.932602403544170684e-03
6.930809894400508965e-03
6.876603643144737349e-03
6.732562042203095280e-03
6.778920535507475947e-03
6.827225815729701802e-03
6.826363489963906475e-03
6.779348816705453411e-03
6.611205543832467980e-03
6.654414600438209558e-03
6.640071576103625736e-03
6.640408274127171905e-03
6.677749018781815697e-03
6.669387513110475695e-03
6.576679570489585465e-03
6.622533073996380096e-03
6.601755800764134638e-03
6.663192280909127629e-03
6.536473952314256208e-03
6.581523823710246426e-03
6.556347536089063462e-03
6.488211073403250297e-03
6.532358099960841082e-03
6.505802171864571819e-03
1.294784544367456490e-03
1.380576589913568193e-03
1.355162269000521327e-03
1.617931337778867563e-03
1.625829559620664338e-03
1.542784175407214747e-03
1.707831863747835991e-03
1.931320834152144318e-03
1.962137182575784435e-03
1.866663369855829516e-03
2.018057808619452831e-03
2.193909576618474720e-03
2.330754091768251837e-03
2.471858646365502309e-03
2.512024867845354462e-03
2.424925076923834574e-03
2.559678708973296864e-03
2.739199782404980969e-03
2.694494851017823454e-03
2.784157410445539747e-03
3.255031668622629729e-03
3.325259563122590772e-03
3.305648387770505816e-03
3.235208323616876620e-03
3.153015501703109943e-03
2.828441400701323799e-03
2.819037181385325094e-03
2.869072718934187211e-03
2.902746176392354167e-03
2.987426948697536819e-03
2.987868646641469398e-03
3.039604519124375001e-03
3.452919864570568390e-03
3.498722187472042781e-03
3.424795749638034816e-03
3.528281026078077063e-03
3.512462164718428183e-03
3.558543187100084073e-03
3.586497863644373587e-03
3.570421942337543338e-03
3.615970104828008722e-03
3.641031147936873123e-03
4.049840156865379057e-03
3.758192020288730374e-03
3.735494450086166048e-03
3.807543937919307363e-03
3.894273755079169508e-03
3.875748419779120792e-03
3.943503040258848451e-03
4.006363020028454354e-03
4.057320988881655058e-03
4.069583436025600055e-03
4.035821360546647425e-03
4.084846606649606901e-03
4.101338146804844702e-03
4.273773575791965998e-03
4.066227290047303398e-03
4.132606402792161210e-03
4.117165704233419730e-03
4.391157123736333379e-03
4.438902324711721699e-03
4.370305146700992176e-03
4.459543354547971551e-03
4.584622476397215082e-03
4.697524030377114683e-03
8.788296980403688050e-03
8.834103897391473031e-03
8.767114932863388430e-03
8.652208976501905152e-03
8.699611842962810121e-03
8.630640421848205859e-03
8.543204136960615147e-03
9.362444985886063040e-03
9.263346686140304723e-03
9.137069579230074762e-03
9.141768448625624266e-03
9.177006681177220238e-03
8.983871138877240481e-03
9.092079957599164333e-03
8.854846852340041846e-03
9.467661387385454055e-03
8.405429663451735242e-03
8.265483298825950648e-03
8.125240313008267462e-03
7.985933370925207830e-03
7.775839505303300606e-03
7.846389577011714939e-03
7.833601548084417193e-03
7.765615558357525164e-03
7.689045992001916630e-03
7.544675467840512677e-03
7.379930839797131832e-03
7.431763706692289841e-03
7.423773260648931088e-03
7.329754530178017764e-03
7.381487605084850225e-03
7.214907211035641657e-03
7.040771018745956532e-03
7.097421006234402342e-03
7.096350246511270131e-03
7.024531830588480463e-03
6.882714481901656446e-03
6.934232797228204702e-03
6.945767798175248378e-03
6.878531214096335507e-03
6.881072902542268582e-03
6.779431429721226310e-03
6.828347202671463181e-03
6.827792476779260232e-03
6.693215590201687624e-03
6.736612105781965981e-03
6.689675750702979776e-03
6.779133328358862356e-03
6.735908060693321549e-03
6.594353262930034362e-03
6.626059421703011168e-03
6.557128941905835187e-03
6.581527384246881919e-03
6.633557205146825737e-03
6.611290383236926270e-03
6.512883201273673636e-03
1.354242060710722983e-03
1.409755193553652221e-03
1.325891898234293634e-03
1.491584488167482792e-03
1.479959583085630652e-03
1.554220482554025855e-03
1.755966242004850485e-03
1.778338340688883539e-03
1.688391721918941967e-03
1.842976289949271483e-03
2.036862193997646033e-03
1.985249817275767589e-03
2.071849211169470972e-03
2.208406855264629515e-03
2.246149340862887631e-03
2.158283257681492453e-03
2.291911707598027256e-03
2.299887291588381937e-03
2.385376900938551009e-03
2.338528025964484777e-03
2.564714384262692035e-03
2.519026190673864449e-03
2.606871179736589515e-03
2.651531608444297056e-03
3.300917730852083280e-03
3.348651713833702449e-03
3.278380564957862186e-03
3.091998018024178820e-03
3.153405724311118645e-03
3.173223595152491281e-03
3.092506419056696102e-03
2.779810826080229575e-03
2.865569867115523150e-03
2.843135219351438595e-03
2.926400434594027440e-03
2.926363511975047828e-03
3.039830135582392411e-03
3.376684459072009595e-03
3.483099504112909320e-03
3.541814625801720674e-03
3.617940535412181215e-03
3.665270563806805482e-03
3.594570162929637720e-03
3.999943590194923043e-03
3.687849274016758057e-03
3.826017543128061756e-03
3.950194825532341893e-03
4.021502322250790004e-03
4.051445187821441432e-03
4.258669971269017120e-03
4.229333093737196007e-03
4.304073827680542433e-03
4.103908127782870952e-03
4.152201905789296328e-03
4.085543974276432608e-03
4.324335914798840309e-03
4.403656561693064173e-03
4.398062394466887431e-03
4.466949998348094739e-03
4.516002446574797838e-03
4.523691195532646321e-03
4.578709323814506710e-03
4.627296385508954980e-03
4.691606899310299915e-03
4.635003500827687868e-03
8.720952450748966495e-03
8.513243653923847562e-03
8.583347420208798165e-03
8.561699850727699096e-03
8.493145598300525997e-03
9.342537285453793999e-03
9.377644837131143135e-03
9.324501216102430018e-03
9.219379793197160500e-03
9.263959957008576981e-03
9.216604450403776544e-03
9.178086674991059804e-03
8.966618436674121326e-03
8.942184392927822814e-03
9.005952385959073089e-03
9.091044075586003984e-03
9.113507439144619832e-03
9.067388674220102501e-03
8.834979085290288470e-03
8.810662869006679471e-03
8.877060237263756370e-03
9.444643786174400715e-03
9.481851769059307031e-03
9.427384624840594654e-03
8.372421732438260766e-03
8.423313884042549216e-03
8.353046326984810144e-03
8.230618389209846952e-03
8.282738703330239094e-03
8.212002500834312754e-03
8.087731048502728656e-03
8.070574557788414913e-03
8.141156943203787730e-03
7.943841998835819707e-03
7.999234278984251531e-03
7.929385642995230576e-03
7.800287706709281739e-03
7.858248409571054124e-03
7.787356293990870329e-03
7.642863629262236676e-03
7.709536038718653624e-03
7.699721176065819558e-03
7.631389652626474271e-03
7.509473965319107651e-03
7.565226805502154109e-03
7.488120726394342265e-03
7.312487793683527214e-03
7.390509840581458573e-03
7.346072975735446799e-03
7.283323860212724370e-03
7.333538530991680002e-03
7.279155778965353853e-03
7.331656693781910157e-03
7.167454947872793462e-03
7.221632716675660188e-03
7.160337522992709161e-03
7.046232074349874711e-03
7.100146886169623681e-03
7.043194083962285058e-03
6.899743132890710437e-03
6.970296652926798522e-03
6.954417239277197078e-03
6.890962054534895305e-03
6.778720683472670185e-03
6.829183639371477592e-03
6.828284257405439414e-03
6.777202985679806405e-03
6.829884348489525039e-03
6.828688578488780608e-03
6.778943570377911516e-03
6.606590335353624069e-03
6.646575933875810936e-03
6.649758272703746274e-03
6.689700801655303584e-03
6.734408389327339352e-03
6.734502516866264915e-03
6.691472247934879616e-03
6.521369188604322215e-03
6.566163856171589215e-03
6.549293543309262465e-03
6.551816341315232391e-03
6.595974778773228304e-03
6.581828059104117071e-03
6.489974941900271237e-03
6.533309199447502082e-03
6.513348841752738226e-03
6.594083839135134358e-03
6.566829022314563113e-03
6.448304094684653535e-03
6.492546754353480803e-03
6.468228469166665065e-03
1.177953447990177970e-03
1.265962970872174789e-03
1.235719230751556891e-03
1.422927374443609195e-03
1.589928993592730662e-03
1.604854735817362295e-03
1.541686225285083568e-03
1.672251193978599925e-03
1.867575619156622681e-03
1.899991281469764993e-03
1.812924844714853233e-03
1.951625470875404441e-03
2.122110909022604554e-03
2.255099791115634800e-03
2.393732670777126530e-03
2.433205295063163055e-03
2.347564192982900394e-03
2.478755795641321511e-03
2.651188939463018299e-03
2.695539869841076606e-03
2.608653731549013047e-03
3.154908138905856106e-03
3.227679929969314455e-03
3.205280784111683590e-03
3.123943557381108401e-03
2.734735999539994467e-03
2.715876650877033140e-03
2.767783998835717917e-03
2.790461783456623952e-03
2.928904984639123677e-03
2.958513816001360087e-03
2.897920882810181738e-03
3.010143701701650191e-03
3.360049222328120259e-03
3.330885210903968777e-03
3.406767248459206549e-03
3.436020455288297647e-03
3.418126647727221749e-03
3.494034012126770537e-03
3.465570730712906698e-03
3.478809145543303345e-03
3.548167891502636544e-03
3.524893797726275958e-03
3.659920505156492258e-03
3.639334015741879300e-03
3.709346685365128883e-03
3.791901422079462826e-03
3.775487371859295640e-03
3.843345804165408924e-03
3.906212692899428424e-03
3.956568704600036887e-03
3.900971702240658024e-03
3.970759431447799283e-03
3.937332677522979545e-03
3.986851377865937782e-03
4.001485054204574794e-03
4.180739510789384036e-03
3.963237962030678740e-03
4.033157317513892670e-03
4.015017797580443595e-03
4.301815706754068963e-03
4.280640727106105846e-03
4.346860667779696256e-03
4.459141355031522209e-03
4.352291894858097664e-03
4.570782943804060743e-03
8.698799522694287273e-03
8.743225631853009452e-03
8.674568367128945856e-03
8.558662563098173859e-03
8.605153718961583778e-03
8.535048305186747342e-03
8.443378603539686625e-03
9.394897772196219438e-03
9.282455281626538282e-03
9.156488501483293213e-03
8.901614161542554041e-03
9.029698722696922336e-03
8.767629720677636365e-03
8.301994462588505735e-03
8.159590290481098795e-03
8.016153254095341810e-03
7.872373489189456522e-03
7.633264630630800032e-03
7.704623455439146319e-03
7.717142171461497530e-03
7.637366463125251290e-03
7.576335520647090559e-03
7.393442792332544262e-03
7.430522108194535097e-03
7.451555476933897221e-03
7.352732820393580171e-03
7.297401898610364306e-03
7.225438968672972390e-03
7.106892989894653297e-03
6.921831970386052579e-03
6.984050308277370105e-03
6.981435228345307317e-03
6.910482669484914464e-03
6.770237084534219164e-03
6.826645516676804748e-03
6.834979005762333026e-03
6.777760928626396994e-03
6.773490675545289046e-03
6.681575436184580136e-03
6.730009822551541974e-03
6.730711077650080275e-03
6.623135629698380725e-03
6.614819974891500941e-03
6.658354357989537328e-03
6.685554065107399309e-03
6.656269397005974350e-03
6.536943255448305658e-03
6.506277843849071763e-03
6.469912998304452531e-03
6.514907517587570362e-03
6.560649287554998037e-03
6.548602996729724519e-03
6.489869593240758273e-03
6.535561716214423333e-03
6.521259090777627339e-03
1.253057365422253350e-03
1.216458367296331926e-03
1.303196820639532195e-03
1.408638169975180016e-03
1.450037426832462327e-03
1.382964790745802803e-03
1.498528497985752083e-03
1.699826749031878824e-03
1.728502524004262323e-03
1.646008840584006934e-03
1.783031500466120828e-03
1.967276736385115653e-03
2.002576631955294787e-03
1.918465440088621852e-03
2.132561456846580362e-03
2.170910510905004788e-03
2.085732476797357970e-03
2.215728266565692404e-03
2.222516253067641397e-03
2.307600969251252104e-03
2.261629501250192204e-03
2.475335157676204507e-03
2.520419743453085858e-03
2.435263523557551490e-03
2.562788082240023690e-03
3.212175162501641323e-03
3.256837116474199482e-03
3.183872878572773912e-03
2.989323727779035281e-03
3.071824028480499985e-03
3.041337099306153872e-03
2.684232713299359186e-03
2.771039020471535805e-03
2.818647008072260388e-03
2.744218421298543018e-03
2.849669599676235305e-03
2.959637327712641083e-03
3.285879222419802424e-03
3.389478041266819845e-03
3.448823739864315379e-03
3.522549384336453974e-03
3.570525606759726838e-03
3.501080846621755505e-03
3.725703761676150885e-03
3.591022614438005387e-03
3.848937433503749148e-03
3.922192033131892755e-03
3.950773880389073581e-03
4.181173073375296124e-03
4.220405230021376936e-03
4.142648547108983628e-03
3.982210411803450631e-03
3.973273956138200988e-03
4.043241629084075132e-03
4.241023129027152692e-03
4.393517703457470655e-03
4.454901360449040233e-03
4.399396391546099225e-03
4.319768054211002746e-03
4.311301901787824124e-03
4.361928393098074216e-03
4.501062579410031357e-03
4.564340332003147260e-03
4.509403702451940735e-03
8.629395672328859027e-03
8.415496868076785542e-03
8.487672339355040521e-03
8.464129507044356945e-03
8.393076460530529692e-03
9.367106418723188110e-03
9.406399045840525136e-03
9.353533538887811791e-03
9.276242075491677661e-03
9.247081153629878661e-03
9.309398772537634537e-03
9.167773625895103695e-03
9.192303219886066579e-03
9.128071670415290745e-03
8.888710457496456704e-03
8.860805170036383654e-03
8.927390348195360023e-03
9.022820069787513414e-03
8.993451512804723560e-03
9.056506059085103755e-03
8.752763308289404631e-03
8.724742828694889360e-03
8.793555133481106151e-03
8.270971763244714184e-03
8.249939695115194108e-03
8.321499112401341269e-03
8.127296007338746797e-03
8.106717186996174884e-03
8.178803709823816159e-03
7.980918834072606161e-03
7.961609206020330703e-03
8.034194702105168853e-03
7.832788762234704424e-03
7.888207403745807131e-03
7.815758639430264720e-03
7.683884642181158277e-03
7.741976287810943720e-03
7.657729669657680274e-03
7.530548465894327213e-03
7.586825435306637257e-03
7.581746596531129499e-03
7.519685256085000338e-03
7.414063454342310552e-03
7.403338429042780229e-03
7.461774101492900900e-03
7.277931927183196176e-03
7.335822482468974150e-03
7.294646630547075607e-03
7.183775582866328870e-03
7.248171025314637840e-03
7.233562571099664759e-03
7.175229426318141361e-03
7.058489603515572842e-03
7.113013624289006402e-03
7.051966480124488568e-03
6.934166595759219155e-03
6.990274146740361495e-03
6.927579850874457379e-03
6.771504930070865180e-03
6.846736181344044783e-03
6.835824925845829583e-03
6.770582087526846697e-03
6.678056319827339014e-03
6.728581985504407219e-03
6.727524534468068244e-03
6.666429105532081095e-03
6.718305449965106778e-03
6.722017534522812567e-03
6.679624799861283435e-03
6.542532935043597446e-03
6.582808437988464829e-03
6.574864803178461815e-03
6.583374562480857374e-03
6.636771843767040255e-03
6.632214063140027920e-03
6.603378681749623794e-03
6.462552515491068982e-03
6.507033973427268220e-03
6.492344078538439360e-03
6.436762363344911836e-03
6.478982380700425495e-03
6.463652770833534442e-03
6.404017791148103322e-03
6.447060628991412023e-03
6.426255771169673767e-03
6.502430017370090624e-03
6.528601501406977765e-03
6.476463207471040359e-03
1.066419854182602128e-03
1.158918217128672781e-03
1.121525014831220189e-03
1.331389794130259261e-03
1.536536716381713087e-03
1.563853185435824713e-03
1.474164497975176966e-03
1.617452596134488253e-03
1.802348744095284144e-03
1.835513015026989624e-03
1.752121793734451793e-03
1.884198477449766044e-03
2.049374283280174566e-03
2.178416762141471320e-03
2.308758546963299036e-03
2.351681983234500325e-03
2.266385006959013328e-03
2.391573259339090270e-03
2.551415685197954818e-03
2.601673318491908287e-03
2.514052319057632438e-03
3.088143351064562628e-03
3.121871917116346862e-03
3.149985552055548955e-03
3.038821635002133051e-03
2.633252707079965314e-03
2.613223133077280987e-03
2.691793096201762318e-03
2.664937361091850032e-03
2.825301315471512309e-03
2.877365967808863650e-03
2.798762095520675782e-03
2.906982554348971036e-03
3.264270949495510100e-03
3.238642169590437523e-03
3.312460661886412142e-03
3.340945524918538870e-03
3.319468708329296591e-03
3.398864450991427068e-03
3.369088807002374331e-03
3.376602710394124851e-03
3.427986473161380356e-03
3.449340837181659892e-03
3.688675856606556287e-03
3.740630724855846783e-03
3.674821289506048465e-03
3.559855047532618690e-03
3.541649834319030542e-03
3.610190571884195915e-03
3.811984157240902189e-03
3.802671482280267894e-03
3.859358688525980820e-03
3.874422582338771150e-03
3.836999010809044857e-03
3.887420776281453553e-03
3.899850865883775983e-03
4.080355987594801864e-03
4.092570939303819856e-03
4.130512645735470549e-03
3.858627876650846424e-03
3.920128784712363819e-03
3.911184054611404649e-03
4.031061604705578859e-03
4.220869354653327028e-03
4.261747322723437141e-03
4.201438655347128175e-03
4.446517686049684601e-03
4.356369597954078306e-03
4.269923044369247980e-03
8.612585951982767649e-03
8.584599823526438064e-03
8.655384986605762707e-03
8.466836479877802579e-03
8.440173900296710913e-03
8.512485597840019000e-03
8.343748172005048883e-03
9.322361146953337882e-03
9.223078180268143300e-03
9.096532138617998212e-03
8.956584207332040498e-03
8.821519325120827718e-03
8.683373257595418393e-03
8.199559444282612797e-03
8.054502965717871832e-03
7.907210094678233589e-03
7.758658272912522316e-03
7.529696399253369733e-03
7.581222992597945118e-03
7.607112622666473145e-03
7.454632685440657457e-03
7.544445589050439820e-03
7.492431062351565668e-03
7.472451639670816929e-03
7.346051171371347811e-03
7.201109804203889055e-03
7.256925090060707163e-03
7.239242915286398655e-03
7.192136505176093680e-03
7.121215618538045619e-03
6.996380261052453919e-03
6.800436152302658313e-03
6.861255501945908580e-03
6.867359730048644764e-03
6.785511795342917540e-03
6.661452262226441948e-03
6.716501160276007465e-03
6.715996171385353944e-03
6.671976681196721895e-03
6.663627029206934706e-03
6.580016224654003029e-03
6.628906791016086347e-03
6.631044511433865744e-03
6.562655236609904984e-03
6.581449864135001035e-03
6.450214873681430275e-03
6.421230515862731865e-03
6.421050717078018687e-03
6.455952396885108156e-03
6.467861663630678284e-03
6.445504363850396330e-03
6.493946439671681448e-03
6.480597863591840667e-03
6.397591632005512376e-03
6.430575825238231923e-03
6.443538005778784959e-03
1.245621532194837820e-03
1.250038768399570725e-03
1.157543972830484599e-03
1.326156323936007351e-03
1.370843420798781515e-03
1.452855251571782795e-03
1.390726095857585873e-03
1.638721543115917358e-03
1.669871490696128767e-03
1.588667109908746588e-03
1.719841220451051459e-03
1.894712741842015120e-03
1.931498115450055791e-03
1.849462119490017558e-03
2.057288507238398418e-03
2.095402837927786734e-03
2.013211539631611091e-03
2.139372320123293387e-03
2.140305255239320897e-03
2.224000492606716985e-03
2.181846391366433491e-03
2.384242055990883329e-03
2.430240353654366820e-03
2.347224398743958176e-03
2.467370092668349970e-03
3.118157390267845257e-03
3.165460856536053171e-03
3.103494289647612363e-03
2.963392429312946760e-03
3.025851887649774839e-03
2.977285517247581659e-03
2.583004058306610264e-03
2.673694497043764984e-03
2.722730479495131563e-03
2.644120189501495462e-03
2.749186537363062285e-03
2.858203842588530330e-03
2.842184288991576532e-03
2.923861330975348078e-03
3.190975635086973870e-03
3.292247884974568769e-03
3.348386992476174665e-03
3.424929949931298720e-03
3.474014560442463366e-03
3.401149089564105277e-03
3.624072591296378064e-03
3.750157101320025343e-03
3.492188026534589866e-03
3.824954529414423092e-03
3.848361443366065879e-03
4.107265751946267973e-03
4.144632498026827767e-03
4.094161632395376324e-03
3.862906969026162415e-03
3.922859565757615997e-03
3.861520771480648692e-03
3.994253716871880126e-03
4.037601622465176662e-03
3.988655825058800598e-03
4.163650242494244813e-03
4.377186073984570130e-03
4.439161780474946452e-03
4.386353635059867494e-03
4.260344863868016294e-03
4.326550468086639949e-03
4.290698764493158790e-03
4.241251603232207811e-03
8.540349336896140356e-03
8.318360865329750900e-03
8.366711207718128054e-03
8.393163632320238196e-03
8.293693853324540788e-03
9.285136043526079699e-03
9.326680426439847363e-03
9.279501775181957582e-03
9.226710689660643644e-03
9.080184256667707746e-03
9.050101646783048626e-03
9.124119683234789904e-03
8.943570994490652667e-03
8.915098100435342107e-03
8.983232740892297882e-03
8.811270430179695204e-03
8.849730344511804597e-03
8.780926246245539246e-03
8.676022094319408434e-03
8.714036986309054919e-03
8.643152825955638385e-03
8.169047048567249641e-03
8.219840210610519435e-03
8.147214401791880861e-03
8.023848932203413511e-03
8.001565161883699567e-03
8.075456884301059415e-03
7.875152862208275109e-03
7.853152140693778205e-03
7.927911699904626602e-03
7.723289235062818538e-03
7.777932784495410895e-03
7.702807863863071237e-03
7.563882609846247357e-03
7.623806152125245025e-03
7.546036626138939198e-03
7.491704042776964334e-03
7.433840793208655595e-03
7.310646102969111174e-03
7.362330691851062814e-03
7.293551354164588829e-03
7.126279495561294378e-03
7.202368529244368607e-03
7.163599579914013173e-03
7.087085737895400077e-03
7.144201214205955254e-03
7.135441803835827074e-03
7.072400981571010624e-03
6.950062979380370980e-03
7.004315140291667713e-03
6.941666715668466311e-03
6.819234564221610811e-03
6.876778273349750011e-03
6.809381576554735145e-03
6.667124051652834754e-03
6.733827373990499549e-03
6.719399503326206266e-03
6.663911126406019125e-03
6.569796531390796959e-03
6.618013938134875186e-03
6.624159661971335510e-03
6.546496435198472484e-03
6.606683170503052129e-03
6.604012129471757350e-03
6.574628733118786060e-03
6.471196237210416480e-03
6.507159434880610029e-03
6.527214334785804914e-03
6.483944025108735569e-03
6.533986556058058413e-03
6.531820015882716830e-03
6.378124209829580567e-03
6.407871083752141386e-03
6.420154524096889984e-03
6.354215110311785611e-03
6.395395243652560700e-03
6.379295293456959358e-03
6.409407843919952795e-03
6.433148448814855584e-03
6.458103469153731249e-03
6.388297533528872370e-03
1.105520982491890172e-03
1.088105002329722588e-03
1.174661901005140310e-03
1.309429213465172596e-03
1.479096795964422468e-03
1.508432693207995435e-03
1.426061246153983216e-03
1.558158880664113274e-03
1.732562582514863810e-03
1.768016507996389821e-03
1.686588797065387150e-03
1.812990555049187602e-03
1.975433126362630826e-03
2.099592436758868606e-03
2.217251325423666691e-03
2.263427531407312399e-03
2.179507739506235560e-03
2.300249861726638267e-03
2.451899232842539092e-03
2.502103829597702046e-03
2.418736866596846256e-03
3.040493802501364421e-03
2.910818597489146179e-03
2.532154549488509383e-03
2.516810873217366004e-03
2.594891622322511877e-03
2.565421239983221684e-03
2.725025013300929645e-03
2.775507421567694789e-03
2.699913635603501220e-03
2.791376578749512217e-03
3.163308181578836260e-03
3.141169160338478684e-03
3.214089924099020664e-03
3.241115753198731391e-03
3.201270851949132318e-03
3.260681718942348879e-03
3.288596089182461730e-03
3.285187170532858844e-03
3.354840314033730436e-03
3.331149307560469976e-03
3.586359057200456078e-03
3.573605203281956903e-03
3.637777428098605201e-03
3.714506935237142302e-03
3.763437777709394833e-03
3.702136943911699205e-03
3.456992053337926835e-03
3.441429960359972725e-03
3.508692818124546295e-03
3.775549739656252051e-03
3.734756903397219111e-03
3.786099805287671850e-03
3.796463071786026697e-03
4.050424226040631043e-03
3.748968778727081608e-03
3.805769632664985583e-03
3.803972711771972607e-03
3.928211090094900319e-03
4.129877420600626924e-03
4.175746039368497323e-03
4.119125178699875600e-03
4.318062722497279134e-03
4.194423010112315574e-03
8.528233705723645836e-03
8.570120573084594184e-03
8.496417200132258887e-03
8.376038241813699853e-03
8.346114847162872802e-03
8.421195997646067563e-03
8.244184738812080845e-03
9.198493223193089305e-03
9.242395502772881091e-03
9.180973615398281204e-03
9.139688310764958884e-03
9.012556449704693315e-03
8.878212887978341808e-03
8.744344898925450818e-03
8.602803635378587430e-03
8.096803273205499529e-03
7.949880139557972264e-03
7.799562697544521611e-03
7.643945118802220745e-03
7.402444722278947800e-03
7.483495366723943477e-03
7.466027057963966172e-03
7.354324735459827345e-03
7.442422382384163149e-03
7.404408231474267181e-03
7.382847519572263359e-03
7.172975645326938425e-03
7.241965740585927166e-03
7.225306663784495168e-03
7.149124233488330857e-03
7.106285266047836051e-03
7.018708295029652856e-03
6.884715249484789183e-03
6.691220873159390604e-03
6.745896077808007790e-03
6.755287643801419738e-03
6.678684225348002247e-03
6.548191250288167876e-03
6.607703373926332099e-03
6.604962050355064548e-03
6.557762867117395214e-03
6.546982656392827914e-03
6.478671094951393185e-03
6.524083023856312724e-03
6.529590089614002897e-03
6.477304855806210321e-03
6.481018168439449736e-03
6.366996504421062845e-03
6.328814469070795541e-03
6.374707945414078043e-03
6.363772402842957955e-03
6.348383078197207367e-03
6.385197058446564003e-03
6.396844304770860946e-03
6.370724887511973987e-03
6.408453575027161890e-03
6.420870530769278751e-03
6.312474278934752242e-03
6.354730468513978756e-03
6.345857851490875091e-03
9.602318162268289395e-04
1.033398697919184293e-03
1.012657558329288108e-03
1.229894867622036538e-03
1.238488547278835793e-03
1.168064987423234882e-03
1.299752495226577133e-03
1.292923832909062109e-03
1.384854772284847867e-03
1.332275330310614750e-03
1.573189605873629706e-03
1.606571047771834663e-03
1.527125576203091804e-03
1.652165990503274597e-03
1.819561743584951563e-03
1.857656635417728914e-03
1.776885858056332550e-03
1.978457767074755583e-03
2.018338825020253666e-03
1.937425759922993236e-03
2.058839099551634973e-03
2.055578894798491991e-03
2.135900430247129628e-03
2.098387920488949988e-03
2.290007348266476141e-03
2.254288701660707526e-03
2.337527658430536490e-03
2.370508867781255177e-03
3.020143914637927769e-03
3.069439171892020778e-03
2.992220366832703832e-03
2.784461497640325876e-03
2.873676776333444066e-03
2.821899653554506195e-03
2.484932936330736496e-03
2.574498838224011186e-03
2.546230371770679367e-03
2.624443640559536144e-03
2.649437862100196498e-03
2.755277607557596233e-03
3.091487161276997367e-03
3.182731547656629523e-03
3.243425265950540971e-03
3.325945072518363133e-03
3.375700393813112470e-03
3.305988379990776414e-03
3.521483589582754745e-03
3.650236423887091939e-03
3.391277784632579229e-03
3.725180850639974069e-03
3.742431702796162035e-03
4.013023210603312678e-03
4.060453547811103230e-03
4.004082204178870813e-03
3.740871933260134317e-03
3.745394255435620552e-03
3.801785879976379325e-03
3.914523735734437397e-03
3.954667298282763324e-03
3.888960382960613641e-03
4.071019839638399113e-03
4.256262274248827880e-03
4.316724119472784178e-03
4.259824667139029512e-03
4.141432057623886144e-03
4.201218906564319761e-03
4.136687385476835351e-03
8.452745697847456260e-03
8.225071284278089381e-03
8.271569401409044342e-03
8.301011760943976733e-03
8.196110594188092333e-03
9.107042306604886533e-03
9.153368387505828041e-03
9.092056110490395748e-03
8.979206621703423111e-03
9.030213405726869244e-03
8.960016826488474348e-03
8.864513336153964987e-03
8.836980091629332082e-03
8.904022125967572462e-03
8.746512489532070819e-03
8.778286645437628419e-03
8.709777838312447382e-03
8.593951567952557227e-03
8.634773755014410468e-03
8.559911146041435798e-03
8.073921552039778002e-03
8.047923783713115467e-03
8.121369745870431200e-03
7.924739422661163102e-03
7.974138709091294769e-03
7.899063090332319320e-03
7.771136497657253617e-03
7.746349559179772394e-03
7.823024247891543700e-03
7.612847011137464058e-03
7.667966218595554870e-03
7.587563876234856668e-03
7.446296327866641640e-03
7.423598576484424436e-03
7.505020991068472348e-03
7.377726479879114993e-03
7.331894213143486626e-03
7.201752367215766976e-03
7.256161309815162795e-03
7.186758540236707488e-03
7.023798669136336985e-03
7.098593196479013011e-03
7.074986883260477900e-03
6.987327816502673407e-03
7.056971982794500720e-03
7.037192981743278092e-03
6.968260187572104108e-03
6.842004792496084002e-03
6.896063358307639654e-03
6.830121116946179932e-03
6.713289501868339310e-03
6.766282887001746557e-03
6.701746932343128661e-03
6.563515814613417321e-03
6.627427063795677045e-03
6.615369205097177373e-03
6.555391872079720759e-03
6.465656054883598715e-03
6.505879733955249010e-03
6.517925901715778368e-03
6.429389430571129729e-03
6.488799208919665377e-03
6.488141885063336209e-03
6.471808319012443099e-03
6.383289093334414306e-03
6.433506033684423600e-03
6.427545543737648442e-03
6.381993570773220222e-03
6.433261766586567676e-03
6.430190046498594596e-03
6.298072119806230086e-03
6.337788459421991351e-03
6.326500190932566291e-03
6.338461212099856870e-03
6.320859870233326225e-03
6.359296832868443876e-03
6.376749819477505951e-03
6.305948223203640055e-03
9.980044233402571990e-04
1.051145873934765558e-03
9.811244624740895082e-04
1.136370372364700100e-03
1.122628477587662424e-03
1.182807519558471028e-03
1.262756891046214539e-03
1.419120678529562675e-03
1.449795508474927778e-03
1.357003644935749842e-03
1.495399949556848419e-03
1.662302501422092916e-03
1.618553776914119632e-03
1.697993209333776080e-03
1.898425842588396216e-03
1.740286276041473927e-03
2.017759808847606993e-03
2.126916523946945688e-03
2.091914773901207281e-03
2.172496281355862976e-03
2.207964456088771111e-03
2.356131284183167474e-03
2.323651093859525982e-03
2.404377018067468605e-03
2.895724203134583067e-03
2.930047108901987982e-03
2.957743957611757343e-03
2.840041624551615899e-03
2.436052259814660854e-03
2.420479422953209468e-03
2.468995101081244807e-03
2.497123287697677711e-03
2.618786703109378996e-03
2.597232610069454255e-03
2.672278304764422185e-03
2.701241057155121840e-03
3.061814513391568782e-03
3.041428418248619432e-03
3.112858207147001840e-03
3.131316594708612958e-03
3.104707832013883090e-03
3.194598289147501831e-03
3.153355956490252500e-03
3.207838736675145113e-03
3.246873852429300704e-03
3.266731702367105597e-03
3.483549311534008507e-03
3.470754246129696425e-03
3.535195277340992710e-03
3.610232955904078660e-03
3.662590072692203675e-03
3.598829239137857523e-03
3.354123828773167802e-03
3.340522236544029439e-03
3.405814593868329142e-03
3.672301620952448092e-03
3.630430964991279621e-03
3.682782505539640427e-03
3.689520999543756744e-03
3.963524040195951122e-03
3.641528974799447538e-03
3.691056962315785069e-03
3.695417619946792572e-03
3.799059807947064316e-03
3.831927285757245286e-03
3.770271440615151522e-03
3.856707828758579575e-03
4.026984578418969785e-03
4.078767566779613329e-03
4.020727582978011333e-03
4.198225152399400265e-03
4.083737511129827309e-03
8.444339171363210439e-03
8.408973625842962665e-03
8.486028541065396974e-03
8.287439001698119687e-03
8.331619716301748996e-03
8.255147789487255958e-03
8.149911912777070208e-03
9.043459601781276072e-03
8.922236715758175007e-03
8.806193639261016004e-03
8.670840168242033991e-03
8.519765049857411926e-03
7.999700542023722993e-03
7.848299404417113934e-03
7.692340232749854748e-03
7.529937380723786267e-03
7.286575095875391823e-03
7.344458178636995710e-03
7.366713315958207942e-03
7.237088504907545489e-03
7.320074940635977294e-03
7.295672808726325932e-03
7.278268846936121993e-03
7.059769472995975313e-03
7.116347267116493285e-03
7.130923909485737539e-03
7.041251717892068815e-03
7.005083455414054180e-03
6.914819136470131203e-03
6.777720461671723519e-03
6.583960098602270258e-03
6.648692430162301062e-03
6.637621098232012601e-03
6.573226934053302307e-03
6.439938749931520615e-03
6.501779742153742173e-03
6.494147048950974811e-03
6.447083313547230000e-03
6.434149342779297252e-03
6.375241011263974369e-03
6.420305890369232618e-03
6.427187068897028711e-03
6.382366594491963897e-03
6.378246496471891985e-03
6.258707723108149386e-03
6.294351666539505993e-03
6.303387872244367585e-03
6.231765546565801520e-03
6.273058454030671326e-03
6.279951027403502840e-03
6.274173105728192770e-03
6.322402772120755757e-03
6.311670225883140445e-03
6.302133506539998875e-03
6.336652319562775457e-03
6.342605724422951605e-03
6.234982663638999681e-03
6.273139202028835126e-03
6.266974692206674601e-03
8.594986688703718392e-04
9.290111510742592085e-04
9.091903500024752860e-04
1.067346875283372524e-03
1.214355564393108065e-03
1.283476744060227685e-03
1.289275739273733042e-03
1.350636208193328140e-03
1.507088788345773821e-03
1.463929770772540075e-03
1.540752731681895244e-03
1.583980434978202135e-03
1.896948971367965961e-03
1.938170650658858950e-03
1.859001324184628677e-03
1.741317651286702775e-03
1.702543576618739240e-03
1.780942287420743441e-03
1.975713663985732317e-03
1.967451631935852006e-03
2.046655869624632376e-03
2.011955606104924230e-03
2.193849278301160215e-03
2.160986437383829832e-03
2.242303479624662213e-03
2.274519616042697777e-03
2.920386401797755299e-03
2.970550534925198941e-03
2.908403390087719014e-03
2.787393212571209755e-03
2.841674864286347548e-03
2.786647208431732980e-03
2.388836595197244440e-03
2.473671166815114009e-03
2.447618336810627494e-03
2.524410483348335683e-03
2.545918562801085562e-03
2.654978647471668840e-03
2.637438119058175406e-03
2.720025121861583371e-03
2.990857481984608886e-03
3.083757472539658349e-03
3.156394692460963436e-03
3.224264756273474957e-03
3.275349003963688634e-03
3.216430983414493225e-03
3.418647474532841325e-03
3.546708716531488635e-03
3.289010737554465182e-03
3.620877234543811232e-03
3.636586165476452231e-03
3.913977180179523986e-03
3.963690948482125054e-03
3.914757405364738783e-03
3.648823696608741868e-03
3.695080764104401172e-03
3.645712539033575325e-03
3.723538751375655466e-03
3.856286535968160914e-03
3.970134537497306375e-03
4.138484726998820952e-03
4.197313046243379177e-03
4.141256706217579485e-03
4.032454805257181668e-03
4.030763643230032313e-03
4.087116668254188977e-03
8.366353182433127617e-03
8.134330698399616297e-03
8.179647582260266003e-03
8.211217672978872104e-03
8.103238388396841185e-03
9.010675603885850288e-03
9.059469741826444572e-03
8.993530651349647409e-03
8.878056208656535248e-03
8.929175297679592047e-03
8.870428179786279260e-03
8.811912396172781950e-03
8.650829050556791897e-03
8.621264621427694036e-03
8.698889874915367165e-03
8.523420489025245947e-03
8.482552237450934757e-03
8.558334131211382811e-03
7.985309250208374315e-03
7.954123768987617082e-03
8.029485446854684599e-03
7.826020154330912137e-03
7.797678628682604834e-03
7.875266512693169726e-03
7.667810341211781650e-03
7.639441965300758884e-03
7.719362638028037966e-03
7.506257343146765897e-03
7.559464861758091216e-03
7.475476856311004739e-03
7.261110512558304267e-03
7.336601596085917491e-03
7.391389931906365389e-03
7.310800862206581416e-03
7.218747525301597544e-03
7.089670455668258507e-03
7.145676361322836345e-03
7.074081434941621206e-03
6.913377577248244060e-03
6.968574113788647724e-03
6.986749972513885826e-03
6.867877374194210002e-03
6.946046571636920082e-03
6.927634070779240330e-03
6.854443147802253070e-03
6.734599441561534700e-03
6.788313229150366897e-03
6.723429932089014863e-03
6.603704121624824966e-03
6.658515850038783553e-03
6.593309621869418262e-03
6.458181853120086198e-03
6.521120785932100691e-03
6.510882741220679407e-03
6.448562811651814032e-03
6.363141998106693759e-03
6.414582186381211949e-03
6.395907443247887333e-03
6.323654051540984755e-03
6.376552950876920346e-03
6.381857924209724704e-03
6.368908296580514002e-03
6.288398090838504852e-03
6.336131475868799282e-03
6.335053040471235082e-03
6.277401425650141163e-03
6.329966603376174783e-03
6.326207280258019407e-03
6.266121710752419090e-03
6.244862199705119091e-03
6.233978673425164853e-03
6.287836024887977736e-03
6.295083690773274447e-03
8.931147762520318112e-04
8.783406657241781728e-04
9.449377050134638101e-04
1.018962041341129297e-03
1.077215550607351887e-03
1.010885807667071456e-03
1.164338477671399618e-03
1.228012610356345657e-03
1.151724059712145405e-03
1.337586122447759381e-03
1.378846342053776123e-03
1.311458634348502267e-03
1.223760013958206504e-03
1.421365202373254828e-03
1.589095027204252093e-03
1.548779414972139027e-03
1.626238620160682692e-03
1.818540675851904173e-03
1.664570117419110441e-03
1.932891807052758339e-03
2.033439771116904438e-03
2.001063783350489483e-03
2.080591453610444903e-03
2.113137838983797975e-03
2.259889751184523173e-03
2.308388621593663453e-03
2.227413450409895281e-03
2.853666129372001321e-03
2.720957459558671042e-03
2.339744991681801719e-03
2.319877029506255215e-03
2.370525965224137225e-03
2.396389647451173475e-03
2.512917760246174536e-03
2.566169096063249892e-03
2.493878428155591430e-03
2.583655424492126585e-03
2.959772736848156980e-03
2.940545001617360897e-03
3.011091013332511338e-03
3.031991158143202900e-03
3.098419480434351416e-03
3.102566485555425472e-03
3.153244786503462543e-03
3.161169915594233375e-03
3.381358733690961824e-03
3.432687506617665592e-03
3.368214571207929931e-03
3.508127102509249560e-03
3.559399819414116838e-03
3.496370425210759345e-03
3.250137905373249193e-03
3.237716696555542704e-03
3.302378116755392157e-03
3.569107411051423116e-03
3.526158111860169721e-03
3.578467079986005338e-03
3.583711109360479714e-03
3.532849272496503459e-03
3.590683749117830597e-03
3.587317725300728354e-03
3.687598752249793537e-03
3.743543167030942680e-03
3.668670552150230663e-03
3.805839877605616314e-03
3.860007136612301701e-03
3.803263710796894737e-03
3.922071226409664518e-03
3.974680105645936844e-03
3.918860086909576462e-03
4.085050768439787289e-03
3.976912119416304951e-03
8.350441369382786624e-03
8.317503974206897840e-03
8.397295327357676489e-03
8.201616236541146160e-03
8.167087495127435537e-03
8.244591910821479769e-03
8.060208978238130387e-03
8.944478126937691759e-03
8.765977543748486658e-03
8.822661524067200098e-03
8.754477190377545417e-03
8.587629613548419805e-03
8.708184276635505192e-03
8.437599041724542712e-03
7.906076568597021625e-03
7.747273928987460576e-03
7.587353848530513888e-03
7.421765459042875199e-03
7.127518895303794864e-03
7.207281609109950256e-03
7.182253390923609877e-03
7.173868904162406315e-03
7.255494988895267242e-03
7.230176750616369892e-03
7.163558411417097864e-03
6.945400965614241355e-03
7.017688081068647679e-03
7.002565558562428606e-03
6.928808604227270490e-03
6.890117822671949950e-03
6.801339047111362550e-03
6.669230666494652821e-03
6.473228558609583211e-03
6.528615337720898755e-03
6.538536996127582504e-03
6.465166644888488585e-03
6.328534410089258801e-03
6.393429760347576520e-03
6.384287602316444758e-03
6.276361183798999724e-03
6.353123784137205271e-03
6.319776496469958933e-03
6.325645342527401807e-03
6.299582727531792374e-03
6.270828890064513404e-03
6.316985604684816763e-03
6.323228168159937546e-03
6.282528122896919968e-03
6.273660457958816182e-03
6.182072592129258214e-03
6.220881493822971384e-03
6.228105027043321848e-03
6.181842153331805478e-03
6.207384172695121043e-03
6.220258580466937748e-03
6.164463598126165150e-03
6.197217825657209793e-03
6.200269877357748524e-03
6.204564496777166364e-03
6.253572742771285227e-03
6.239591935022389436e-03
6.246087262991065550e-03
7.642779966383486190e-04
8.288409864421368090e-04
8.112087960429573575e-04
9.565586473175640651e-04
1.090960384549792593e-03
1.207132103563460842e-03
1.245238757398842502e-03
1.272018019907617415e-03
1.186831599182536657e-03
1.441916923051713957e-03
1.390259084866181166e-03
1.475023246363993661e-03
1.514842349098368020e-03
1.811984650399689825e-03
1.854929214405193856e-03
1.777330436399937163e-03
1.659658664615627560e-03
1.700965904310133316e-03
1.625032360786462984e-03
1.889162993466350421e-03
1.875985489242133937e-03
1.954174261941312753e-03
1.922152727410063062e-03
2.095506096227941865e-03
2.145080784257292084e-03
2.065051080766959566e-03
2.177192960209268103e-03
2.815878321479168330e-03
2.868383268209053014e-03
2.802115116030154222e-03
2.678830851934119704e-03
2.733364574581167647e-03
2.667468163707705474e-03
2.290375409231555637e-03
2.372015472814274599e-03
2.346434492891719299e-03
2.423156294035863460e-03
2.442161383103675504e-03
2.542766721801287700e-03
2.599150810051421498e-03
2.528371222639541529e-03
2.887566434749046056e-03
2.981033448963489770e-03
3.043206810435869578e-03
2.971026445691257647e-03
3.039640071054449787e-03
3.120522758563743209e-03
3.172616690937096664e-03
3.109967616321937869e-03
3.315555910463553052e-03
3.444569810235223288e-03
3.185153410277819560e-03
3.517670962865510932e-03
3.530112269239701894e-03
3.539424550796834573e-03
3.594391997482758883e-03
3.536921787984766575e-03
3.746487029939065284e-03
3.613159418547466552e-03
3.863670912447159534e-03
4.024370088264687430e-03
4.081293477234793944e-03
4.029616130191668831e-03
3.923804203361302978e-03
3.978128273297456760e-03
3.923993862090318155e-03
8.275975469502488621e-03
8.065040151352518075e-03
8.133670732504426001e-03
8.099464576665174609e-03
8.024244720739596298e-03
8.909331613228411995e-03
8.960620942753520085e-03
8.892196292484161671e-03
8.837525916523963215e-03
8.631682028238064561e-03
8.640049991946587710e-03
8.575623429962602948e-03
8.699670087668132795e-03
8.486312772759786044e-03
8.417044393710415226e-03
8.504375379918138397e-03
7.897206839018962310e-03
7.941097952258785106e-03
7.860653146125834087e-03
7.730742868614515900e-03
7.778236005733187367e-03
7.698313810398174813e-03
7.565757937087825950e-03
7.535054882795962430e-03
7.616678052191050083e-03
7.398123328203482126e-03
7.452105702564761243e-03
7.366463863125491396e-03
7.107879712795286443e-03
7.149913506035486012e-03
7.230324132982199684e-03
7.283381010363575679e-03
7.201240662189706092e-03
6.977666438464761450e-03
7.033634080488015972e-03
6.960859541022331766e-03
6.800563788730998836e-03
6.873123952554129404e-03
6.856967373586017427e-03
6.765721217115138950e-03
6.839707833604710858e-03
6.816779065745242824e-03
6.749634077183616285e-03
6.626475187526899117e-03
6.680535951200437458e-03
6.614552857559212982e-03
6.492793362354653403e-03
6.548251228433115030e-03
6.482467768960725393e-03
6.344459861309765039e-03
6.408903703712070903e-03
6.401343275849367964e-03
6.335968018364928483e-03
6.273121545865329926e-03
6.198073533323149656e-03
6.263390768383428689e-03
6.260968489005930802e-03
6.175851680176645472e-03
6.249894940465717218e-03
6.226176272082002694e-03
6.182900122887973957e-03
6.229969521909424664e-03
6.235959083684182100e-03
6.170174147282225102e-03
6.224009001717992033e-03
6.220419266063656819e-03
6.181713232585959311e-03
6.192674243264895649e-03
6.136413602067821230e-03
6.158569897046472716e-03
6.184568098609137012e-03
6.150976165798825029e-03
6.193246889668529293e-03
7.994221156920783581e-04
8.457354480985856005e-04
7.838648386302136690e-04
9.047005497164347342e-04
9.003371240308889354e-04
9.610494445484714463e-04
1.093470455336561240e-03
1.129314647437327894e-03
1.057835344930740029e-03
1.192733935273651352e-03
1.264439860453976747e-03
1.200724437069525122e-03
1.149774032042735978e-03
1.323265584079530736e-03
1.331193752831796731e-03
1.382101127755191788e-03
1.510411258357171292e-03
1.550200176999418870e-03
1.476810104561662338e-03
1.735228018025864122e-03
1.584400419241721114e-03
1.844631447762460795e-03
1.937012204907738889e-03
1.985642030399951789e-03
1.907081527154267644e-03
2.015744469599302022e-03
2.155607025142603633e-03
2.208151481879124054e-03
2.126099311626414995e-03
2.747103669610516212e-03
2.610538539347447267e-03
2.237264128005498221e-03
2.225846083807738168e-03
2.273178314244550351e-03
2.298571040541472210e-03
2.408116822182118904e-03
2.390597218035605577e-03
2.460783257538728865e-03
2.475170079231016774e-03
2.852114414071460491e-03
2.834472107278853542e-03
2.906195363392803134e-03
2.916391456983928512e-03
2.991187789378746149e-03
3.044979102593044478e-03
2.986829481941240694e-03
3.055678454599927187e-03
3.273949143153156386e-03
3.327855975464528385e-03
3.262496299794205232e-03
3.409327799948999160e-03
3.395831048987905075e-03
3.458914096801399361e-03
3.140982199610308379e-03
3.131247330645374992e-03
3.195736984953850921e-03
3.467607900346532292e-03
3.420876129642148357e-03
3.473659608043750801e-03
3.476771386087506611e-03
3.423676091511607816e-03
3.481531203469509853e-03
3.478360018171319703e-03
3.694724995008027285e-03
3.691936689382151020e-03
3.750390529666340882e-03
3.595066418829581754e-03
3.567684998499110003e-03
3.641593506120009444e-03
3.813391660472921323e-03
3.867774973823611632e-03
3.810517333925657335e-03
3.973796275148371027e-03
3.868344735874052354e-03
8.180472061706058062e-03
8.266379740249326161e-03
8.190356248336942355e-03
8.121469671384403885e-03
7.981623034377703998e-03
8.802970528496262617e-03
8.856772586805951655e-03
8.782758586589415814e-03
8.559169678861906078e-03
8.717250034667695102e-03
8.342145690423944174e-03
8.414680221074720065e-03
8.345519575915892260e-03
7.814399890872238477e-03
7.648598698936833265e-03
7.482256493230001609e-03
7.314500252196916817e-03
7.052755116875684439e-03
7.015864405649512373e-03
7.095057309567338877e-03
7.071653906589526334e-03
7.058269452631626452e-03
7.144560508757281415e-03
7.116033161028915803e-03
6.829869487581907705e-03
6.887638291847632613e-03
6.903891416053188103e-03
6.814613511667891831e-03
6.782591972602999147e-03
6.696209607547777554e-03
6.559716717031979956e-03
6.360591528081966685e-03
6.426759557586121142e-03
6.416913324319529349e-03
6.351979340920334283e-03
6.218443809490567173e-03
6.281499887054011258e-03
6.273501266477680104e-03
6.165704090575284402e-03
6.221018863708391300e-03
6.218400880549250498e-03
6.207766190200415292e-03
6.186482708632237183e-03
6.170270655125492318e-03
6.175993759770375367e-03
6.167406629641585675e-03
6.087398598086450098e-03
6.134492212290529843e-03
6.135218693019879772e-03
6.098198980932903468e-03
6.140498490018217286e-03
6.151283543362827400e-03
6.112112848633979335e-03
6.086720727546453963e-03
6.110749591378775332e-03
6.126283162425242255e-03
6.103115073340209876e-03
6.154166602385775786e-03
6.142800454093622423e-03
6.746080765014805412e-04
7.368791300661320896e-04
7.187635173678847290e-04
8.519430222345805758e-04
9.594360735724018945e-04
9.902598752755166229e-04
9.329926693341951665e-04
1.025542523495361156e-03
1.257593337126308849e-03
1.143906280559910029e-03
1.375575950624816470e-03
1.409199533058773206e-03
1.349966617435313350e-03
1.442417482385628929e-03
1.722866384216055653e-03
1.767872936845564860e-03
1.691900517805307834e-03
1.572612322680896251e-03
1.616590406060292376e-03
1.542173629250697319e-03
1.798863961419339044e-03
1.781446261534124767e-03
1.858683939738362510e-03
1.829134687753441275e-03
1.990073720517987043e-03
2.043184313561558635e-03
1.964116586934147677e-03
2.072308958778228821e-03
2.711003327658843224e-03
2.763684926828117051e-03
2.695368968988311534e-03
2.571457045863328843e-03
2.625351411076995087e-03
2.557570240211535020e-03
2.191051887998455867e-03
2.273193402326044617e-03
2.322883263927118420e-03
2.249975825966022552e-03
2.340364312863507396e-03
2.439996129426809813e-03
2.491610834375651909e-03
2.424527921385308000e-03
2.781300819145462403e-03
2.873082375660998729e-03
2.863180593395117223e-03
2.927272447220287573e-03
2.932024875519833804e-03
3.014462847205193023e-03
3.067677922121272993e-03
3.003342368679856166e-03
3.207275850727375147e-03
3.341441272650018997e-03
3.077555047894253281e-03
3.415627292453894074e-03
3.422874278718838603e-03
3.414967692667576597e-03
3.419945036187529291e-03
3.477125477771085896e-03
3.753834046503284460e-03
3.644774512423928740e-03
3.484476469054089646e-03
3.539644753359641807e-03
3.512839681469563310e-03
3.914537089965146495e-03
3.969297543363662327e-03
3.920296053149816343e-03
3.818616812900112612e-03
3.871150569007224436e-03
3.817029648105898371e-03
8.261230338947886734e-03
7.981575736388319547e-03
8.081687263379894876e-03
8.023087561042935995e-03
7.938299362990544963e-03
8.542157298519252595e-03
8.587055527852867007e-03
8.512547543438943667e-03
8.691567790675296806e-03
8.747894771189142910e-03
8.659804550729439596e-03
8.416863085184096011e-03
8.451625659553369321e-03
8.378766440632363227e-03
7.808211937033302311e-03
7.852534279630752137e-03
7.768434451617654141e-03
7.635216283080045740e-03
7.682850027101862170e-03
7.599460710043294716e-03
7.463842543923055947e-03
7.430001394128036077e-03
7.514710315959920520e-03
7.292259533437134462e-03
7.345118860731420472e-03
7.260344586452872548e-03
6.996011477708946082e-03
7.036208942361689075e-03
7.118545631431916730e-03
7.174391072013113803e-03
7.087506474018361383e-03
6.857950863550000414e-03
6.917827859751491011e-03
6.843209050190001731e-03
6.687627877010276709e-03
6.744102234199276374e-03
6.758851889772429095e-03
6.653990856715072399e-03
6.727414104904857507e-03
6.709855121700086453e-03
6.639685020802884793e-03
6.518018792685764673e-03
6.572230742857352107e-03
6.504850548042120754e-03
6.382192976463253210e-03
6.437476544826251090e-03
6.370829706464488200e-03
6.232791595588302314e-03
6.288620820460896245e-03
6.296737541299942537e-03
6.225073051257450779e-03
6.087476494770320719e-03
6.142778503902170638e-03
6.153037266175077728e-03
6.061403119048426429e-03
6.129832628744393344e-03
6.118681470876019546e-03
6.059196596136666273e-03
6.117539340232762933e-03
6.112528428502217101e-03
6.081946143259813267e-03
6.132633459919290334e-03
6.125892052800742046e-03
6.062091501727672783e-03
6.116282794579764627e-03
6.113839942010958206e-03
6.092010917180913816e-03
6.100079998393681535e-03
6.058213908841337050e-03
6.097759005938256302e-03
6.072073109120183255e-03
6.072461621451512997e-03
6.091985889454514663e-03
7.095302632996983334e-04
6.942645694818853604e-04
7.540226209500036809e-04
8.303006788576264329e-04
8.677605932731913968e-04
8.172377055380651003e-04
8.938491059760193553e-04
1.034204993445536494e-03
1.064576288561661565e-03
9.977758485101777090e-04
1.244747488026074454e-03
1.284182352569088539e-03
1.219917310409538184e-03
1.112322795177708842e-03
1.309563346661911983e-03
1.430040719316642318e-03
1.470731441054005245e-03
1.403560135065609615e-03
1.647137888432862558e-03
1.500722522409863539e-03
1.752756096028730819e-03
1.836219225784071823e-03
1.809372564766227338e-03
1.886993855810025281e-03
1.912643909777816346e-03
2.060499892343341070e-03
2.108553088543633786e-03
2.025833290288913020e-03
2.640961948589005352e-03
2.505473065310261354e-03
2.142705442211607567e-03
2.170056734350174488e-03
2.198239894295505974e-03
2.221454569647094129e-03
2.313668838113739062e-03
2.293835521454668219e-03
2.361086037453623190e-03
2.376594528399707338e-03
2.743752597907537626e-03
2.727859207436681126e-03
2.798168865798942272e-03
2.808220672815189140e-03
2.888744344655531926e-03
2.881558025498597367e-03
2.940136003118702223e-03
2.951442195149646744e-03
3.164680807284503145e-03
3.153276006117618126e-03
3.219468553917105395e-03
3.292461638692247960e-03
3.283664244540406962e-03
3.351021907332476114e-03
3.031689200900715940e-03
3.023574778109959938e-03
3.086499920193806930e-03
3.356514814560852475e-03
3.312652168744272593e-03
3.366854790256680260e-03
3.368110727936573547e-03
3.312915199779930490e-03
3.363944605118221812e-03
3.368348185794455951e-03
3.450030012998216850e-03
3.714854966798540169e-03
3.764164274322335645e-03
3.705617036645639240e-03
3.592737110015505313e-03
3.643883123807354664e-03
3.594660799695249646e-03
3.538828511408333155e-03
3.866397000079707224e-03
3.766636781329683100e-03
8.258587518745525227e-03
8.300499590714188747e-03
8.218013100409255270e-03
8.070247097337191269e-03
8.125458902399818398e-03
8.024645788402673396e-03
7.895358406116983682e-03
8.616922799058764418e-03
8.479169486700218264e-03
8.338167241604535485e-03
7.722116115536093069e-03
7.549856425323120228e-03
7.378341467095522049e-03
7.205662725909081807e-03
6.937048258210578265e-03
6.861302790160879114e-03
6.938724212213893440e-03
6.960118253638718049e-03
6.935482428983383296e-03
6.996880458637904157e-03
7.027288092430820400e-03
6.718082660241278536e-03
6.788029692530702167e-03
6.774015178391878944e-03
6.670253937669397976e-03
6.702307552522691891e-03
6.586097794552486263e-03
6.450184185740094611e-03
6.248655791699806068e-03
6.304598813416762565e-03
6.315486395563675061e-03
6.240149089223562089e-03
6.107234160816654711e-03
6.162821645177116343e-03
6.170050866566426963e-03
6.096847093100077851e-03
6.073926811415168887e-03
6.059760879879499962e-03
6.060067079836152157e-03
6.071404946199153614e-03
6.000007425915276048e-03
6.044103581380515233e-03
6.049026361154390997e-03
6.009282373369692273e-03
6.056183198254122893e-03
6.053970105521711692e-03
5.975149145051755241e-03
6.031252964851132985e-03
6.017322094140056289e-03
6.001031162542599592e-03
6.028834441421397974e-03
6.044663389786259292e-03
6.013109878801292142e-03
6.058275537609702534e-03
6.047339114955033873e-03
5.904725255597816557e-04
6.496900694467414028e-04
6.318704334538704321e-04
7.697798753853097621e-04
9.057747422300861271e-04
9.335014214543793090e-04
8.690990764714102805e-04
9.690836803195305603e-04
1.100919247431718893e-03
1.172002936219558589e-03
1.147314649514138193e-03
1.068380289227786537e-03
1.295557025888500460e-03
1.270940980654750897e-03
1.335999297532967055e-03
1.362204459092839805e-03
1.630348834389362504e-03
1.677035938002142436e-03
1.602071991156227889e-03
1.482972513156660980e-03
1.528251744121533707e-03
1.457130796733735467e-03
1.705329561214593247e-03
1.684434952508853970e-03
1.733319542743577820e-03
1.759790134240595645e-03
1.886464998294281031e-03
1.861853204656575876e-03
1.938602648076319162e-03
1.972880108080916385e-03
2.604516021584345718e-03
2.657979804844039055e-03
2.588447689327031016e-03
2.469579882739433158e-03
2.520741650713520781e-03
2.455234035776579764e-03
2.115221044677916776e-03
2.198795006081846314e-03
2.236168181580801360e-03
2.184811834012709633e-03
2.256030495873311177e-03
2.343927345090074561e-03
2.392118617838639126e-03
2.329228542557764368e-03
2.673876348790260506e-03
2.762943595116250026e-03
2.818229239886042674e-03
2.753923065670702518e-03
2.825680056063703278e-03
2.906828659061503478e-03
2.960798395776487266e-03
2.898315489961235478e-03
3.097994207943452569e-03
3.228405561446976747e-03
2.969100089369967280e-03
3.303029671972173946e-03
3.313373038109182142e-03
3.300181503508119001e-03
3.357624762349287455e-03
3.307247217998524752e-03
3.387970882971474713e-03
3.402321355909795810e-03
3.436188324421029713e-03
3.653577465828217012e-03
3.474793236405929013e-03
3.533559148594168139e-03
3.480371047645211460e-03
3.808918627686368706e-03
3.861542713637922553e-03
3.814956502284096683e-03
3.720581390278918706e-03
3.769570070376768514e-03
3.718758154618750488e-03
8.164844575086160211e-03
7.892459668265431813e-03
7.981825150938134938e-03
7.936857331583422465e-03
7.849142718603140459e-03
8.575102891262400065e-03
8.633965746362421909e-03
8.557443470899556842e-03
8.384681090987691071e-03
8.464390837803210943e-03
8.400094261431338694e-03
8.319806381029661718e-03
7.714484549926803499e-03
7.761221243875797600e-03
7.673724817038266727e-03
7.536975576061037858e-03
7.499307261502679081e-03
7.585996125211331986e-03
7.361454397541482286e-03
7.325822227803791518e-03
7.412573769697511882e-03
7.185967930341779879e-03
7.151283559212874390e-03
7.239068258451804641e-03
6.858773763593901951e-03
6.897504869400817445e-03
7.005943400883457226e-03
7.062220036309771291e-03
6.969777639449150665e-03
6.745574264094034676e-03
6.801889360258337250e-03
6.731335807715520085e-03
6.546465178107190030e-03
6.617150222290257844e-03
6.600215383824899369e-03
6.582636631166254026e-03
6.635143840192250439e-03
6.650427290783537428e-03
6.531699291512042989e-03
6.408258887693972158e-03
6.463114514134227218e-03
6.394656045843745765e-03
6.268519690278260073e-03
6.325330502595386852e-03
6.258012793750976702e-03
6.118163060140385107e-03
6.183448049641459589e-03
6.175450414538202239e-03
6.112134247505041605e-03
5.977681862023038334e-03
6.032556350767100811e-03
6.042508936221179829e-03
5.959017080458517066e-03
6.023298628084097599e-03
6.010187025752063844e-03
5.952505831334878837e-03
6.006954027076432355e-03
6.005866325713378473e-03
5.954153669814934643e-03
6.008185760964228350e-03
6.006648537358185574e-03
5.959038066029301653e-03
6.010380610414758733e-03
6.020751580848230158e-03
6.003877926543595665e-03
5.986458306185929099e-03
6.010713704398637502e-03
5.987160664763343382e-03
5.985650473261055690e-03
6.178873484051951174e-04
6.631584549068175738e-04
6.064597529878242759e-04
7.183549684461952405e-04
7.736534185493748605e-04
7.161425839557693891e-04
8.015186784257612943e-04
8.173817519483476089e-04
8.529437234140061028e-04
9.660288985104409235e-04
1.000890842981787179e-03
9.367323048225794117e-04
1.163772987493958116e-03
1.204627588838793695e-03
1.133066621728711981e-03
1.032585990604862822e-03
1.229024107054892297e-03
1.344533994767152952e-03
1.387725094462769881e-03
1.320771747715121253e-03
1.556061362607357628e-03
1.413163046591726186e-03
1.657924516161331631e-03
1.737301774861247554e-03
1.787105764353863393e-03
1.711348834897795769e-03
1.811395859025519920e-03
1.934750838642758375e-03
1.911098296722435648e-03
1.997786582697331018e-03
2.536789683225333311e-03
2.406528578588900107e-03
2.077717557578510031e-03
2.123918827919221708e-03
2.069795929407496418e-03
2.138036618640230032e-03
2.221010773332914457e-03
2.267448465391727359e-03
2.210302728590467398e-03
2.282252156291720690e-03
2.633076850841238863e-03
2.619296038818200514e-03
2.688631302513329845e-03
2.697804112559740435e-03
2.779145704873323131e-03
2.834094268343819063e-03
2.771612626275289995e-03
2.842815076245674977e-03
3.056456413236824030e-03
3.110712886265679621e-03
3.044509968820207583e-03
3.189192104420580671e-03
3.240971160030473724e-03
3.177386328904343357e-03
2.924316142535983171e-03
2.916093699134095479e-03
2.978157329853767504e-03
3.250780744494901481e-03
3.204417304827078278e-03
3.258603568378480673e-03
3.258638733601546163e-03
3.203129878648692738e-03
3.251734460204154780e-03
3.258057067530251323e-03
3.344213817491681080e-03
3.431601959256502625e-03
3.643697108450894961e-03
3.618882384596720271e-03
3.679398818665922770e-03
3.552480211975346351e-03
3.573357792279552823e-03
3.514038641020961716e-03
3.764778268381306636e-03
3.682240644629783399e-03
8.170517303586977143e-03
8.214584977764895560e-03
8.118941242630692626e-03
7.987185322961920173e-03
7.938569379595158612e-03
8.028593700756007576e-03
7.803884542255186581e-03
8.479659341136909154e-03
8.277975708188738471e-03
7.626091743601501327e-03
7.449502080990258110e-03
7.273957470563069579e-03
7.096206788969024529e-03
6.803105493530762528e-03
6.755784429202324644e-03
6.845917266990872961e-03
6.808392073958162427e-03
6.825809834370477613e-03
6.916093673260127229e-03
6.880604983072404965e-03
6.622285423370849987e-03
6.670153303587351284e-03
6.684017328685923527e-03
6.564043753672310633e-03
6.601858747849856206e-03
6.477459291925846858e-03
6.338467629208734133e-03
6.134085280633566790e-03
6.201350075668700043e-03
6.191338988827688357e-03
6.125540894189409648e-03
5.996014896844838009e-03
6.051595832259208489e-03
6.057090841671169609e-03
5.986334533967047067e-03
5.967826722399423127e-03
5.955215654457229543e-03
5.952739695837907553e-03
5.955746277347748543e-03
5.911594863426631458e-03
5.955963258862230145e-03
5.960500231015396569e-03
5.914565629900662112e-03
5.944759240249310878e-03
5.957395453269807850e-03
5.925042981843569277e-03
5.969201157145586842e-03
5.967153423790194124e-03
5.907705701143605923e-03
5.940029515749702810e-03
5.955149196567238908e-03
5.941248263549102349e-03
5.117777906924757302e-04
5.643370008335562476e-04
5.504771318067373537e-04
6.678912049263692691e-04
7.597965255200176673e-04
8.398682176558216594e-04
8.736978240142870278e-04
8.214817992157840386e-04
9.020326788973549855e-04
1.024345554708105477e-03
1.093215121276347934e-03
1.063338467106268422e-03
9.958842212862088067e-04
1.210007763102880938e-03
1.253240512026158535e-03
1.187727079180639009e-03
1.276644360635423607e-03
1.533845611161117851e-03
1.582507259355187641e-03
1.508950640349458576e-03
1.388796643317300123e-03
1.436299219125683133e-03
1.367276429282296077e-03
1.608558553118027675e-03
1.584816520607204441e-03
1.660502063057539340e-03
1.634981304722014092e-03
1.784016943695753300e-03
1.761114535443242301e-03
1.835535882023015724e-03
1.858913834026099717e-03
2.005864954610833088e-03
2.496064745951395800e-03
2.550478970574321554e-03
2.483275180064861091e-03
2.369067442214981955e-03
2.419512192577205449e-03
2.357002740368331281e-03
2.103888625974336540e-03
2.151447337019499022e-03
2.091299577738413556e-03
2.162230108837048543e-03
2.248815513180886169e-03
2.296513711647095012e-03
2.235397415708065706e-03
2.564318568584203484e-03
2.651872103920246537e-03
2.642992962744633405e-03
2.707568695069740520e-03
2.715329913970680221e-03
2.799350874095909297e-03
2.853180597319641965e-03
2.789705086288902201e-03
2.990194739539540555e-03
3.122644191897698193e-03
2.861697807169092268e-03
3.197221343432457476e-03
3.204352040070207724e-03
3.189776764200496356e-03
3.197045996809027169e-03
3.244936250883422892e-03
3.282145309062311535e-03
3.291759395109711880e-03
3.334987958724511866e-03
3.367692785656576510e-03
3.421120801094018529e-03
3.378503279509204992e-03
3.597893358778575437e-03
3.453380668425468439e-03
3.502747819977398112e-03
3.464771429669098648e-03
3.707487226246886005e-03
3.758057435450089159e-03
3.715314857940188453e-03
3.615231003094389762e-03
3.667681779111644450e-03
3.630268759766211613e-03
8.079264741334699421e-03
7.804438007919698231e-03
7.848324726185729877e-03
7.896261036144195181e-03
7.758217271589293133e-03
8.453551521206198113e-03
8.514959698942245123e-03
8.417275482964628464e-03
8.257241313016151427e-03
8.212266491119380590e-03
8.321510257021521098e-03
7.620835008326019844e-03
7.577702460608439806e-03
7.667551398496583702e-03
7.438210398133717621e-03
7.487518572195553390e-03
7.398670083204624166e-03
7.258637086333315572e-03
7.221145077549057448e-03
7.309968669918894685e-03
7.079588217973923139e-03
7.041746983061990955e-03
7.132740838995743800e-03
6.680447362711422477e-03
6.712792037789087375e-03
6.771284994579118525e-03
6.790019164940628432e-03
6.717608174050601101e-03
6.896360753285543134e-03
6.951127412441669880e-03
6.860109950946211184e-03
6.650669868446433368e-03
6.438154301141464815e-03
6.510510397233085569e-03
6.492308881915545386e-03
6.473047210656447149e-03
6.527855944599344866e-03
6.547747151173336465e-03
6.422703526147943015e-03
6.294821937867957698e-03
6.351533751832381426e-03
6.281125968593535489e-03
6.155603472211302121e-03
6.212022382310582701e-03
6.144249808615978060e-03
6.003043035090365950e-03
6.068576100096249003e-03
6.060575592301566637e-03
5.998952211397060551e-03
5.869762575928055837e-03
5.932912825770210279e-03
5.923681237642372879e-03
5.854969619035629846e-03
5.906939825356840104e-03
5.916356830443434724e-03
5.844785226836659610e-03
5.901915972766924937e-03
5.898616186746961400e-03
5.844308529297003243e-03
5.899234218464630662e-03
5.898403863323561057e-03
5.853165144476865818e-03
5.906011658348120884e-03
5.903646124784181493e-03
5.912441707132514920e-03
5.917510462646294496e-03
5.861150684488081533e-03
5.887273324450950640e-03
5.918938091598935358e-03
5.883567053077183411e-03
5.848186753102499642e-03
5.886439926136018824e-03
5.903714508325635935e-03
5.310044447347542999e-04
5.237642251914423385e-04
5.739672147473304752e-04
6.226544614346967051e-04
6.223889085790312165e-04
6.700900946637332626e-04
7.160807564983994204e-04
7.589505659722077828e-04
7.192489410074452737e-04
7.768854686581192024e-04
8.910603999916970417e-04
9.292910075659356747e-04
8.661167049053596686e-04
1.076932834291520046e-03
1.051225830524174206e-03
1.120920939211620228e-03
9.568050607706927568e-04
1.142768678504737373e-03
1.248363548524750741e-03
1.296878036152538435e-03
1.229901184333783088e-03
1.460722199670758245e-03
1.317950794503536987e-03
1.559791083094609144e-03
1.630963448490425384e-03
1.608330923050912660e-03
1.684432804938710551e-03
1.706963262670636904e-03
1.825644932613250046e-03
1.880426195100441808e-03
1.805274048718018059e-03
1.970270869189411946e-03
1.953022101658526653e-03
2.024125328851270316e-03
2.432334650476037155e-03
2.308747833434572107e-03
2.036768619811724079e-03
2.144037995314843677e-03
2.182691705248994678e-03
2.124350473956227673e-03
2.196280468857405264e-03
2.519318419557842019e-03
2.508192975619017231e-03
2.576361090266458473e-03
2.585369841860627772e-03
2.668930335192022055e-03
2.724147296592145922e-03
2.660912255961196769e-03
2.733944614843923909e-03
2.934277175596829070e-03
2.929807299398621331e-03
2.995512292617194018e-03
3.079313770106823119e-03
3.068276632504993249e-03
3.134329728471311419e-03
2.798315388390791754e-03
2.799235722593251038e-03
2.861261212380936114e-03
3.141722644200312022e-03
3.092077695850000817e-03
3.148245306444400708e-03
3.147618006610749739e-03
3.089870597742376632e-03
3.139896578396276280e-03
3.146473655456689684e-03
3.236082764912512170e-03
3.325147945681580872e-03
3.410809892120480243e-03
3.584616351691460780e-03
3.522880573305835466e-03
3.488401813262355811e-03
3.538142974098966182e-03
3.661649012254586995e-03
8.069304457109660253e-03
8.026927029374819958e-03
8.120056284811043301e-03
7.898528410495105068e-03
7.850248664548710106e-03
7.942815154207291672e-03
7.713023610201267394e-03
8.355329281021787319e-03
8.163504718190054549e-03
7.529836485550087805e-03
7.348696924165953014e-03
7.169290067833050846e-03
6.988192235733015414e-03
6.644758777550202784e-03
6.735468040945963297e-03
6.700293974862244276e-03
6.579435608251496710e-03
6.667825900637830427e-03
6.629976645887381004e-03
6.714078881538559224e-03
6.805396289291412021e-03
6.769931087656772331e-03
6.522550956530113152e-03
6.601529289624648994e-03
6.572433860888871396e-03
6.455095356373187140e-03
6.497238926857798642e-03
6.366596744984367139e-03
6.225293668725649307e-03
6.013303963449794995e-03
6.084508346559413736e-03
6.073659609204712199e-03
6.007537020116982159e-03
5.882426121376217731e-03
5.939200629346844118e-03
5.942698986177129272e-03
5.875597414538770262e-03
5.861862874600123029e-03
5.849333389059196281e-03
5.843965022534759225e-03
5.848144468105639752e-03
5.849961205041034375e-03
5.813011037033979922e-03
5.862356743621983425e-03
5.864177709890569870e-03
5.831655408319812682e-03
5.871533838194589218e-03
5.878423676235787661e-03
5.835974383385847224e-03
5.806924037179837100e-03
5.833008296998181026e-03
5.858212104092015184e-03
5.839118576273980704e-03
4.383023836684735706e-04
4.839055620726839921e-04
4.744343214671599440e-04
5.762918891111608235e-04
6.690561726220808133e-04
7.641482196659013298e-04
8.027308956308870343e-04
7.410755582008717035e-04
8.266407379490394542e-04
9.413295661377046137e-04
9.834613474732762078e-04
1.008310098106832879e-03
9.167415180381302932e-04
1.116649911215201541e-03
1.097468641132872368e-03
1.163773952863872115e-03
1.181877286051813110e-03
1.433651675779026467e-03
1.484119517198364321e-03
1.411721947885459039e-03
1.290783404361707304e-03
1.340151561156616980e-03
1.270077434666532900e-03
1.508633953908598271e-03
1.477906067471988251e-03
1.553862388595001051e-03
1.531696538727127721e-03
1.677593394437973612e-03
1.731067094444549816e-03
1.654673007043745096e-03
1.897548896683043992e-03
1.751153343526588337e-03
2.388338195303034428e-03
2.442374672833389892e-03
2.379174789004998448e-03
2.267429169968766551e-03
2.318370764547052123e-03
2.258634532800748648e-03
2.004890878004399277e-03
2.054533016033721540e-03
1.988034041665444167e-03
2.074131558704711293e-03
2.150687927849467482e-03
2.199898879864900601e-03
2.147914153250965637e-03
2.453594157286771629e-03
2.544206324591157583e-03
2.598155323325333950e-03
2.532207004940455024e-03
2.606392204064720327e-03
2.700180342838156677e-03
2.684754810001896419e-03
2.749719390259718066e-03
2.866185443162089751e-03
3.006550964354984083e-03
2.749246641687186788e-03
3.086035220806450374e-03
3.091554763521158888e-03
3.083051288742089981e-03
3.136369792277823604e-03
3.087035349717054920e-03
3.174680869989613373e-03
3.182743143022663188e-03
3.228319768881996159e-03
3.262786523486440118e-03
3.315116406592461852e-03
3.273049744493289163e-03
3.348615943981637314e-03
3.400827882256453587e-03
3.358782159697111698e-03
3.568894737640270886e-03
3.435269270298659666e-03
3.478936278874244191e-03
3.444982388984821862e-03
3.611301114595666210e-03
3.659066131257646994e-03
3.614613642844052756e-03
7.984232126607211655e-03
7.718096752216279527e-03
7.808722801859020735e-03
7.761147327064421043e-03
7.668159645644019931e-03
8.326888613362179795e-03
8.390857182542857395e-03
8.290498577972160027e-03
8.137020895648001961e-03
8.197596892443535441e-03
8.101909691945357803e-03
7.527854718743944192e-03
7.481745012356046456e-03
7.574253927977518154e-03
7.344019949087153727e-03
7.300134788814952383e-03
7.391025430235417457e-03
7.150816945998779255e-03
7.204646487692674753e-03
7.113821386335708423e-03
6.968040358970622322e-03
6.931220208066272634e-03
7.023853262943921018e-03
6.678483993725015284e-03
6.611429237957993851e-03
6.550296759403432222e-03
6.785825156435025193e-03
6.841087249431918732e-03
6.748922911450658084e-03
6.310178682004157630e-03
6.391743519115475509e-03
6.374247252508147624e-03
6.365621912717639441e-03
6.444142620054256129e-03
6.419385124906190968e-03
6.302068365324153820e-03
6.185414021763865206e-03
6.240090260678249172e-03
6.169980900533061571e-03
6.043738356504335489e-03
6.099639439161339688e-03
6.027949595529425580e-03
5.884549734175449805e-03
5.948903852491972157e-03
5.943760054788386690e-03
5.882846633891071313e-03
5.760589370828433919e-03
5.821518488358864984e-03
5.815128884292954103e-03
5.746665035529832308e-03
5.808239384144073952e-03
5.800760601303875906e-03
5.736322507874466736e-03
5.795665189659144484e-03
5.790496470545654535e-03
5.732234648816114664e-03
5.788236537983481970e-03
5.788521954971668181e-03
5.740607720697045446e-03
5.792468314820856286e-03
5.796884255562071049e-03
5.755676168807417198e-03
5.801821342340953737e-03
5.804452083532750037e-03
5.821252654297682724e-03
5.753056143892055704e-03
5.782140317414449608e-03
5.807771837169527045e-03
5.778722561521300836e-03
5.753592047245128897e-03
5.792443022981593609e-03
5.800960824910104605e-03
4.459748071673541917e-04
4.445284699441892726e-04
4.880131256579271835e-04
5.291083775996519890e-04
5.319288790633640730e-04
5.754489819339823637e-04
6.082376122498843333e-04
6.166189936743318202e-04
6.613186643898518770e-04
6.448557984245919085e-04
7.034751473125672649e-04
6.816829480453671149e-04
8.103489795817453781e-04
8.513642736570160635e-04
7.877539481252689201e-04
9.849869884992006573e-04
9.636586755014989701e-04
1.031487977275078989e-03
8.749508829772982554e-04
1.050106271200533037e-03
1.154775502975292304e-03
1.201900482694795913e-03
1.136245345422496732e-03
1.361617959938726677e-03
1.222165422018824934e-03
1.456218077301353912e-03
1.522975153388931744e-03
1.577224371073023337e-03
1.500789920453031055e-03
1.599733534163578054e-03
1.860687376733744652e-03
1.843609298275537692e-03
1.915653910365086501e-03
1.718370494091289464e-03
1.772205267572911315e-03
1.698351187736603461e-03
2.327685680737585569e-03
2.208868009367068001e-03
1.932402413942814652e-03
2.031638197643979848e-03
2.087975248746669257e-03
2.018714158498802636e-03
2.090944484617638949e-03
2.407927016557499973e-03
2.398599792222966005e-03
2.463745403862709592e-03
2.475816765808476570e-03
2.581212893372537669e-03
2.562972708087450820e-03
2.625075035159700823e-03
2.640525467358524180e-03
2.768256385267421453e-03
2.783788808768030126e-03
2.851044612159206199e-03
2.995586675620026673e-03
2.965145723303188804e-03
3.037550668361152853e-03
2.654770174586664876e-03
2.726316469205883244e-03
2.677775568754665186e-03
3.043749542513208509e-03
2.982786855519690104e-03
3.037437318778889606e-03
3.036344144738840119e-03
2.976829730539774788e-03
3.030019741048360811e-03
3.033287270429882443e-03
3.128947036819435933e-03
3.218949097973653525e-03
3.306010543420162453e-03
3.392281593401273027e-03
3.521716421123567697e-03
3.568456462123656848e-03
3.522972476898233226e-03
3.478721700052547338e-03
3.566654368728030145e-03
7.975365302980189433e-03
7.935989266925088867e-03
8.022514365300265418e-03
7.825922420081711517e-03
7.861918685258250175e-03
7.770420829543733289e-03
7.623332797389228456e-03
8.231885927027407512e-03
8.056214853768943474e-03
7.436188629525085532e-03
7.247782887540164115e-03
7.059401166075196001e-03
6.877144727120192147e-03
6.532584811037266126e-03
6.623470548982532402e-03
6.588663524082527187e-03
6.465611259787119348e-03
6.522581632247541165e-03
6.555339074788039781e-03
6.412639185922001245e-03
6.496069827098480999e-03
6.467651317553080662e-03
6.601105673883579487e-03
6.657626980847913128e-03
6.693556906902051531e-03
6.337442548147748968e-03
6.388527718174456284e-03
6.247883909114544145e-03
6.114651494685078084e-03
5.901404100305111290e-03
5.972616598859524506e-03
5.957307972524240186e-03
5.892322477278363717e-03
5.774944568833109693e-03
5.828666558226067509e-03
5.829624636391360880e-03
5.753138020535231156e-03
5.767318151977607159e-03
5.740967947337353994e-03
5.733711642998989833e-03
5.735841507753714277e-03
5.747596457817870201e-03
5.753965364029423567e-03
5.746287219430073166e-03
5.779232433581544398e-03
5.789093186213529335e-03
5.679953708203375022e-03
5.747157219170260199e-03
5.715453280183566132e-03
5.698814584887937525e-03
5.725037527444907723e-03
5.753703985909623675e-03
5.749266393381916723e-03
3.696320015252382157e-04
4.067338398558964139e-04
4.034348979974524264e-04
4.865971248642615254e-04
5.679940911666441633e-04
6.270212320575257146e-04
6.866115812982930867e-04
7.260825105739354170e-04
6.661609263737494711e-04
7.475455536578524875e-04
8.523295697289123537e-04
8.973761441700516244e-04
9.178510541409618060e-04
8.317761712422812054e-04
1.021958868358838072e-03
1.069709773844766546e-03
1.003983222869415807e-03
1.087710116903185895e-03
1.330881073089772637e-03
1.382578060066165775e-03
1.311277587401692623e-03
1.189930310683552303e-03
1.240667085424971769e-03
1.172846175924289200e-03
1.403806656654418622e-03
1.366986767977917310e-03
1.444374822341839160e-03
1.422699117113632519e-03
1.563774480368197673e-03
1.543716913689238300e-03
1.620863506405444436e-03
1.789121439870390400e-03
1.640552626229752715e-03
2.276932044271787366e-03
2.332743190395170953e-03
2.272686933053578735e-03
2.159805521948407556e-03
2.213711728024836314e-03
2.155740056522983950e-03
1.892003170292405351e-03
1.876799707108410846e-03
1.948611888918745736e-03
1.961473359757553644e-03
2.040463875867498493e-03
2.036441657631955348e-03
2.095596280618278531e-03
2.342193429191953037e-03
2.438852867615685059e-03
2.491727585211855975e-03
2.423919483199539916e-03
2.509750227768452798e-03
2.618435066705890931e-03
2.711607409739555212e-03
2.887697080761926060e-03
2.911489741489444675e-03
2.827943721246797392e-03
2.941544184365441680e-03
2.989498467256489298e-03
2.980316031565258001e-03
2.965881300064008869e-03
2.971807676455470119e-03
3.024323164705212778e-03
3.063049510840835325e-03
3.073444050058063426e-03
3.118736824085515096e-03
3.153896987479469071e-03
3.208189500083613588e-03
3.164755750591956209e-03
3.242405497329451346e-03
3.295328825728602393e-03
3.253116984219977127e-03
3.326535436262541105e-03
3.380677143810543236e-03
3.338353123046762516e-03
3.425562588757050976e-03
3.473385171128956332e-03
3.431154390454287887e-03
3.520747481843079611e-03
3.565696110956068261e-03
3.522129426981283808e-03
7.901128038689395755e-03
7.622409315238873329e-03
7.724435496886626444e-03
7.670242098294284029e-03
7.573828278803638493e-03
8.195077247911432966e-03
8.261626349278556811e-03
8.164681002057938911e-03
7.997257621256104523e-03
8.067775287355062608e-03
7.985454318987533773e-03
7.433022698093007079e-03
7.480390623365143314e-03
7.387195421160895267e-03
7.271224622842738933e-03
7.209882291296690685e-03
7.307422447201446063e-03
7.017449485401244628e-03
6.992026897445240662e-03
7.084467683364618039e-03
6.846635825371797171e-03
6.815038206711124605e-03
6.907337334213378699e-03
6.565930366043206366e-03
6.498225278086720152e-03
6.438343729448805196e-03
6.651948671384523906e-03
6.625690039251261147e-03
6.719111356455762310e-03
6.213897822715359724e-03
6.262015788045573357e-03
6.289885007773344736e-03
6.250652834522980004e-03
6.331760227720046458e-03
6.308155454839000850e-03
6.199270854434434444e-03
6.089243132871271537e-03
6.066145163795367244e-03
6.137357975162838902e-03
5.951750094288775147e-03
5.997601727045082098e-03
5.925874370359024944e-03
5.748162004510040148e-03
5.816412124377798830e-03
5.824724570988166344e-03
5.760939496238081520e-03
5.637257892506802523e-03
5.698949181377870217e-03
5.691894854248261831e-03
5.652329551813384256e-03
5.713656266763825556e-03
5.706417063545285440e-03
5.627381275566682196e-03
5.687049234670757229e-03
5.681769980024850043e-03
5.620660565215498949e-03
5.676366847453937284e-03
5.678523531628508134e-03
5.626515524869340167e-03
5.683477321243131201e-03
5.679424277413945739e-03
5.649507656471830681e-03
5.702514968681149723e-03
5.695110153516447574e-03
5.661230918826170265e-03
5.708522265870378393e-03
5.707298754988219050e-03
5.712877218091697365e-03
5.637758850332083051e-03
5.657964553426114533e-03
5.696144429671203338e-03
5.667068669264210823e-03
5.669044658776416917e-03
5.711362356479096451e-03
5.707593991228068764e-03
3.653400174819338916e-04
4.053558977423169928e-04
3.698631207347872997e-04
4.380832097432520904e-04
4.437377970582945122e-04
4.832967504587051908e-04
5.265652461082444584e-04
5.677600172733867669e-04
5.293568846125108794e-04
5.843758244921704341e-04
5.690638634758249902e-04
6.076532765734044689e-04
6.268143996960296978e-04
7.248906938916174032e-04
7.681761364163431456e-04
7.061174087897681244e-04
8.907623719100728546e-04
9.383359696100159689e-04
8.719471768494338384e-04
7.877459502309377319e-04
9.556395260810092570e-04
1.053972628588451281e-03
1.104738737689359325e-03
1.038456313412405288e-03
1.259803935428104862e-03
1.121323879419312570e-03
1.349346276263247487e-03
1.393456932693932018e-03
1.380604180731775802e-03
1.458383837861288541e-03
1.477939257442831972e-03
1.749385808670146474e-03
1.734298035018629058e-03
1.805199085907688902e-03
1.608856675734098322e-03
1.663765593956676152e-03
1.586617015900473448e-03
2.218188750137503173e-03
2.099953937232551440e-03
1.820307567307253649e-03
1.920032396760416524e-03
1.976008541915756211e-03
1.906470173178777044e-03
1.979996604653551547e-03
2.295438441549677369e-03
2.286621302901443477e-03
2.351752606252395430e-03
2.366897549495449761e-03
2.526374828675285143e-03
2.554039313044972025e-03
2.482739365988800764e-03
2.590381344279036376e-03
2.652394325146956860e-03
2.710202599104000881e-03
2.654167143801676107e-03
2.764939426338976387e-03
2.826195746746905293e-03
2.767048415313050260e-03
2.935259871072497945e-03
2.869219691075044522e-03
2.925925209020382393e-03
2.923066989574546644e-03
2.862666955808893660e-03
2.914325872987381764e-03
2.919636755615372115e-03
3.014554238693705011e-03
3.108636639100935059e-03
3.198458639425325132e-03
3.285110020385767233e-03
3.376354767957143004e-03
3.473468652618740687e-03
7.910606102100477960e-03
7.677809760184472511e-03
7.648796549003024706e-03
7.752408400985374808e-03
7.528017889328168094e-03
8.095955252556470694e-03
7.352234831827848816e-03
7.122493963779269639e-03
7.197216729217829553e-03
7.135860981453849561e-03
6.932432515359022475e-03
7.069461264525473548e-03
6.749168276610029854e-03
6.418028916771584096e-03
6.475350864697877046e-03
6.509663234703410954e-03
6.353871225020544383e-03
6.443334784893965141e-03
6.409738368223101210e-03
6.298517124584832906e-03
6.382146469219563377e-03
6.355578489986171177e-03
6.492799714233328350e-03
6.547081780727672350e-03
6.572246257104148205e-03
6.231761836947394793e-03
6.273904434582110168e-03
6.151587929527282429e-03
6.020663010349191872e-03
5.780201301369265049e-03
5.865986316937373164e-03
5.840809916446455807e-03
5.763442309061811430e-03
5.668747683221693652e-03
5.721890673786548566e-03
5.708167856076785951e-03
5.631820741666872070e-03
5.644340358061162612e-03
5.660258290776918645e-03
5.623483921409817669e-03
5.623067637179453120e-03
5.637484460647066396e-03
5.654770032035005660e-03
5.664383909899716601e-03
5.673259623738331758e-03
5.575800564791942929e-03
5.606175868210060836e-03
5.628331793806538169e-03
5.583818494647192071e-03
5.610319097458089238e-03
5.642205607783131946e-03
3.049975076633981296e-04
3.336081654290105458e-04
3.369138154086442427e-04
4.003864506070177074e-04
4.811504744310649766e-04
5.481386117601670356e-04
6.043076353521204154e-04
6.460210699026736969e-04
5.869601300446966683e-04
6.636904813657070433e-04
7.590743759265507293e-04
8.240959926322078246e-04
8.061471863630721149e-04
7.423318333490110457e-04
9.217631515515190867e-04
9.066707678857754103e-04
9.722077566814279082e-04
9.871908299703064434e-04
1.225575168487690178e-03
1.278482339350623179e-03
1.208144277255887491e-03
1.085899564681529596e-03
1.138159410102887329e-03
1.070309238033323061e-03
1.295719901005654932e-03
1.255381986446962818e-03
1.323922671375543430e-03
1.311383553679792719e-03
1.462275589304909418e-03
1.513176567246846474e-03
1.427977823217102754e-03
1.678715078960726090e-03
1.535087142112700814e-03
2.161140104626175108e-03
2.219068705349832617e-03
2.160945066916788136e-03
2.042327526145051603e-03
2.101081353950861111e-03
2.041925401541475407e-03
1.778353154029301128e-03
1.835298536691531241e-03
1.764286475231794998e-03
1.848832732772486909e-03
1.922464801892880036e-03
1.921585337722234903e-03
1.981550367231100455e-03
2.228043086246462093e-03
2.304834473682845514e-03
2.300625151350324787e-03
2.371782539214765950e-03
2.422545551696206854e-03
2.474377588254498758e-03
2.431268125258017818e-03
2.535354017365199636e-03
2.595017281492991053e-03
2.531220143498851948e-03
2.593831153751477263e-03
2.708693171522174366e-03
2.878892535465619844e-03
2.817099607761446196e-03
2.866431123539049663e-03
2.850936980605962845e-03
2.908256159976856103e-03
2.857228757290218666e-03
2.948328547844789559e-03
2.957494515059192960e-03
3.005521451835422957e-03
3.043437540609089578e-03
3.098490850918205874e-03
3.053589726805369144e-03
3.133784112121151908e-03
3.187904465544492798e-03
3.144269857537341801e-03
3.217507495402062347e-03
3.230433027215005425e-03
3.271825742524164023e-03
3.347853645071900003e-03
3.386556851728965336e-03
3.338104261714386865e-03
3.435907377320281987e-03
3.478049600076512336e-03
3.431740827853158819e-03
7.861249624540806932e-03
7.929819384837779109e-03
7.841793464310338121e-03
7.531050384788027900e-03
7.604142273500424931e-03
7.576861315991434247e-03
7.769190867293247239e-03
7.481187325772432721e-03
8.058064712110022190e-03
8.127221744011071947e-03
8.026180638438405388e-03
7.382894156431974234e-03
7.325637042687752933e-03
7.407650678600200336e-03
7.213833477398214067e-03
7.241973669933185823e-03
7.167086451670001343e-03
6.974485128089020179e-03
6.995757249152132103e-03
6.910085991244242776e-03
7.048783240085988722e-03
6.686486790584846018e-03
6.668505285691242283e-03
6.767006256239005597e-03
6.454764834545539433e-03
6.385096430840826384e-03
6.325365692378129984e-03
6.491698174239548744e-03
6.572231732242000968e-03
6.491619549102613761e-03
6.084965422412984271e-03
6.167884954976931948e-03
6.149537092222061643e-03
6.137424820672831606e-03
6.218056347104740367e-03
6.194037783301718954e-03
6.086687718215826569e-03
6.017909283371305693e-03
5.812941819377182712e-03
5.882461379351016165e-03
5.795970207165200040e-03
5.630022287034532578e-03
5.688989873371875887e-03
5.705143774112361212e-03
5.590498519586407922e-03
5.669477120229681269e-03
5.629544878186366723e-03
5.518254867628691329e-03
5.572751030044326322e-03
5.577771409462077556e-03
5.530267995248904292e-03
5.583740887292903445e-03
5.591289677556658504e-03
5.554013629340928335e-03
5.611406805254571563e-03
5.603176995492636751e-03
5.510016467251360392e-03
5.565244794242713705e-03
5.568736520146603218e-03
5.510006156048079425e-03
5.565398961654322192e-03
5.568181204749794548e-03
5.531677487435228066e-03
5.590463673354398658e-03
5.579179655716856763e-03
5.556893244239974848e-03
5.603292795296056610e-03
5.608922396241034468e-03
5.570417215347107584e-03
5.615917138095301471e-03
5.619608999024005777e-03
5.574746967724456340e-03
5.622023203621861857e-03
5.627164782960289956e-03
5.517985481388127701e-03
5.546884618578444733e-03
5.578535040704586320e-03
5.574550079296087222e-03
5.549521603382402170e-03
2.898655389188125610e-04
2.993940797699367771e-04
3.273548528340274348e-04
3.444809524079418817e-04
3.565985883194204868e-04
3.913279547106950106e-04
4.268318142896717900e-04
4.333845604792662797e-04
4.760403361846836097e-04
4.620887885888003100e-04
5.145717586607984799e-04
4.953364251119057220e-04
4.904660548450536861e-04
5.464255378653524228e-04
5.303600781010994920e-04
6.361304020926331114e-04
6.809356587790327611e-04
6.204733534650103740e-04
7.918853576143177007e-04
8.416563510370640884e-04
7.757858934752408144e-04
6.967620822377455520e-04
8.560884246143683719e-04
9.521585020608586396e-04
1.003295727032174449e-03
9.373155684997427038e-04
1.155126321461240682e-03
1.018396583616151688e-03
1.240857868864752439e-03
1.286371043532486772e-03
1.340184749058885788e-03
1.271270577718417935e-03
1.373637420498071728e-03
1.636605915992784622e-03
1.623122675380670940e-03
1.693110020965712731e-03
1.498103694530415145e-03
1.553590390380453099e-03
1.480499162587520625e-03
2.101547698633361716e-03
1.982180305597303158e-03
1.707089329510899861e-03
1.795844442991857606e-03
1.787481070167814970e-03
1.857945478460424011e-03
1.858873669180529601e-03
2.177763736226650919e-03
2.169881438017909944e-03
2.236609798416977143e-03
2.241109687552279676e-03
2.363584480539515035e-03
2.478883817844126057e-03
2.536333524264498557e-03
2.594253048233137460e-03
2.536304963440569153e-03
2.647913694184238307e-03
2.706295676756383627e-03
2.650643208785004746e-03
2.756954665661372206e-03
2.812976980529557306e-03
2.761387462704947837e-03
2.809874042005741299e-03
2.748744257878930029e-03
2.799916897710381242e-03
2.805552302142211209e-03
2.899695106085316190e-03
2.995967920220782808e-03
3.088891696284638312e-03
3.176076885437738220e-03
3.265094213062795341e-03
3.241717417872639131e-03
3.295910329487220479e-03
3.306579626850322980e-03
3.392271199021286519e-03
7.959119018694206515e-03
7.523026080391542747e-03
7.526414477412647110e-03
7.601025940445381261e-03
7.712227812302162484e-03
7.787385617749126993e-03
7.693656612031168039e-03
7.457299152006833035e-03
7.298721315836853400e-03
7.030792135510936791e-03
7.122688544703824863e-03
7.076491700018382527e-03
6.822332965674111384e-03
6.898836034518848921e-03
6.833540313414539907e-03
7.001812277124690870e-03
6.753692120228581806e-03
6.589061917932992861e-03
6.305052117921367341e-03
6.399257876340077970e-03
6.361536338110724415e-03
6.237080574855822547e-03
6.295519903355388178e-03
6.327644767800765999e-03
6.179112328626525791e-03
6.266564739227527790e-03
6.238841850505730258e-03
6.397360470078002070e-03
6.110487376787337825e-03
6.157557302979107215e-03
5.938999826692165605e-03
5.944901764601644850e-03
6.012188265265261920e-03
5.662387957949675810e-03
5.737679720528988773e-03
5.721303075553392167e-03
5.875940322419111878e-03
5.645639297762105810e-03
5.609769967599945173e-03
5.571860953083399189e-03
5.513653963526959911e-03
5.523843482135960999e-03
5.541762810554541445e-03
5.509518414286634219e-03
5.520429008115896284e-03
5.543714920907405821e-03
5.562945391635702730e-03
5.571701489515362357e-03
5.482337523247734525e-03
5.529131980016812990e-03
5.499136283375265048e-03
5.528795970384440747e-03
5.462500114851398698e-03
5.490100165347584077e-03
5.523966527379354542e-03
2.430662111926653051e-04
2.640444531520299057e-04
2.738582388810835129e-04
3.156363160147462703e-04
3.843527702969318943e-04
4.443516256721083088e-04
4.764327548381781774e-04
5.183783146742995326e-04
5.617467262674281534e-04
5.045818787160509175e-04
5.763545593905698402e-04
6.659965376953539242e-04
7.281473493326520588e-04
7.128477820839419473e-04
6.513096725576123392e-04
8.201314015848522711e-04
8.711953698600532385e-04
8.063221875101848381e-04
8.854490430528957337e-04
1.116890140779937561e-03
1.171423028322259464e-03
1.101741677892835447e-03
9.804994606118803621e-04
1.033383136149698851e-03
9.666535151539447195e-04
1.185578468983481890e-03
1.142760828656313532e-03
1.214002186994819635e-03
1.199216773310371378e-03
1.375464742721571381e-03
1.330854756982942496e-03
1.419101125185255260e-03
1.566951531901288443e-03
1.436445488227000447e-03
2.046144606914575628e-03
2.103653952058875346e-03
2.044700904048154036e-03
1.919263175356510608e-03
1.980800011960459541e-03
1.921322535710458246e-03
1.657522698001031138e-03
1.647417914496804000e-03
1.717953979564135246e-03
1.726332439591452775e-03
1.792668685113410314e-03
1.857571813486839658e-03
1.794624414469946734e-03
2.111718059816448945e-03
2.186053984786193866e-03
2.245409395586203411e-03
2.182361374258713713e-03
2.305905910513319709e-03
2.305855365246513907e-03
2.364162480073699925e-03
2.418265612235947441e-03
2.476731314613984849e-03
2.420891501844569475e-03
2.477215352422839668e-03
2.592129623362476095e-03
2.702456969174444473e-03
2.753300826273181144e-03
2.736564181315394913e-03
2.743038795938570421e-03
2.793549691056999157e-03
2.829249306266329832e-03
2.888576550160228910e-03
2.840477952177582980e-03
2.935652228755862743e-03
2.989353181627252450e-03
2.942275663571443291e-03
3.027843414908129235e-03
3.080617442051179419e-03
3.036010693249074476e-03
3.111807326244163049e-03
3.164447770605263981e-03
3.123165953908615088e-03
3.187906160968067767e-03
3.226336392714651818e-03
3.203052648193816833e-03
3.275650380112825506e-03
3.311523531226672704e-03
3.270812894509588908e-03
3.357323972020864571e-03
3.396225043096745468e-03
3.353310576055034808e-03
7.915779130341311920e-03
7.987582932506934533e-03
7.886817421538697137e-03
7.451866964085508173e-03
7.616778011719200527e-03
7.813437860579433569e-03
7.336118052122418340e-03
7.358932046985242406e-03
7.273513083589905510e-03
7.136904158410163797e-03
7.175072525378398992e-03
7.082549627904391291e-03
6.926644223834927186e-03
6.593686064744825465e-03
6.708488880370598768e-03
6.640107226260437596e-03
6.541471429167103856e-03
6.270050285832481050e-03
6.207266582312473760e-03
6.290987455493061292e-03
6.297416651959334734e-03
6.391737029098258291e-03
5.993116959564049467e-03
6.038814213560110555e-03
6.065408190675742120e-03
6.032073413388189774e-03
6.084600166252587990e-03
6.105737359836408036e-03
5.965627921557424378e-03
5.699769865112398748e-03
5.756372162178381019e-03
5.680473646667163513e-03
5.846063454146522773e-03
5.892510433584726391e-03
5.828922976519174820e-03
5.509675852139924931e-03
5.586043453761607887e-03
5.569877244862258929e-03
5.479955101957001765e-03
5.555009671336889367e-03
5.535235018606094425e-03
5.451597128203715739e-03
5.521050960280545622e-03
5.502822809140902813e-03
5.399454178949695052e-03
5.458899993303946603e-03
5.454655642027989026e-03
5.406962424144362393e-03
5.462583997888117646e-03
5.468641837721787552e-03
5.420370720604776246e-03
5.487219013571424144e-03
5.475328095842880299e-03
5.393818617925589913e-03
5.451837835534684151e-03
5.451989820731649276e-03
5.395904410382774616e-03
5.453019861147712956e-03
5.463929667756181260e-03
5.461009046886702162e-03
5.496291871585110879e-03
5.508932483081722432e-03
5.462803560523843936e-03
5.509958860345913999e-03
5.516495076119772543e-03
5.466603334546474291e-03
5.518719150024399209e-03
5.520612816632053041e-03
5.398724029311484374e-03
5.440841717652212910e-03
5.458773295396277848e-03
5.473565656404019361e-03
5.428985366276719779e-03
2.168031252607995399e-04
2.534298881118303361e-04
2.311201003604956535e-04
2.707505065444701007e-04
2.810037908432571393e-04
3.070057298735616599e-04
3.604987686585129822e-04
3.940938062559517412e-04
3.525509924197260734e-04
4.102336591502806634e-04
3.836237802257561644e-04
4.360281699634241739e-04
4.233932555411460677e-04
4.066178412458808038e-04
4.488999340403052236e-04
4.615324518252275805e-04
5.463805022275815271e-04
5.325224969778638183e-04
5.915165978918444792e-04
6.943494088430107996e-04
7.433505975461126777e-04
6.804117165866242550e-04
6.053379820937968654e-04
7.565119678220836186e-04
8.476331905532188005e-04
9.000693122011910923e-04
8.341614355760806681e-04
1.048088323164135397e-03
9.134153153777210040e-04
1.130166843689413628e-03
1.151606507930628878e-03
1.147466937443523830e-03
1.218855854204556289e-03
1.245440804361786814e-03
1.310317343644759429e-03
1.266648150441420165e-03
1.522465994488925211e-03
1.510644240599991108e-03
1.579603182882168564e-03
1.385263505977820048e-03
1.441740894543561569e-03
1.380647535650942476e-03
1.982471743192355720e-03
1.855708399501259731e-03
1.589630323780014164e-03
1.661795795967555087e-03
1.660013422382093824e-03
1.728744887793887391e-03
1.726933360532000245e-03
2.061160029258702914e-03
2.054067254687398040e-03
2.119444177335463430e-03
2.123420640936211218e-03
2.245840952522613117e-03
2.362010383666434885e-03
2.420833772266404744e-03
2.478463961892927916e-03
2.419960008874815025e-03
2.532696885339562158e-03
2.590159617108320038e-03
2.534960789317400667e-03
2.641600257697433295e-03
2.645190497563689423e-03
2.699125025689718717e-03
2.695231442334513391e-03
2.633915717996793224e-03
2.691133851583906757e-03
2.685326258479208989e-03
2.783039390960529748e-03
2.882418755565343237e-03
2.981947702233027787e-03
3.070187943032047680e-03
3.150405788645865412e-03
3.232195251064942047e-03
3.316883281625552377e-03
7.430198654830306136e-03
7.512346944754168601e-03
7.613342062865846582e-03
7.516342040277062576e-03
7.768129432415432807e-03
7.842628044366327378e-03
7.738494032648996629e-03
7.236912460742424974e-03
6.917644067314367325e-03
7.027564469251277625e-03
6.974312628660972110e-03
6.868487869928142919e-03
6.699209188133982591e-03
6.760821490456758731e-03
6.645263497008802381e-03
6.383182744826455986e-03
6.488614350271044995e-03
6.437430883423469856e-03
6.143086506006124013e-03
6.190073694079514278e-03
6.223959981588388958e-03
6.077141853097467981e-03
6.128011132474508842e-03
6.157240836468852972e-03
6.103780094140758179e-03
6.197180598348734325e-03
6.204990834331681505e-03
6.336344917116571752e-03
6.011907576309821408e-03
6.053927104583578522e-03
5.919695110226681073e-03
5.543209817655941549e-03
5.621502755788652592e-03
5.602836735670312790e-03
5.772939166076581675e-03
5.525857200733171742e-03
5.494278613056406864e-03
5.465291187553961670e-03
5.435633889155628944e-03
5.396164664717832161e-03
5.402811088361377662e-03
5.413302739150710301e-03
5.394231055904804423e-03
5.428037310878535728e-03
5.461466744987205496e-03
5.463898073379382450e-03
5.365770986246441894e-03
5.424011081837079931e-03
5.380923240902808248e-03
5.416559189513424528e-03
5.335719204036774507e-03
5.367418315982253052e-03
5.399824043112880570e-03
1.814422094937351868e-04
1.952063961300728773e-04
2.124773104152324779e-04
2.419673896790832952e-04
2.797920090270327093e-04
3.129871851636051826e-04
2.750536396799750974e-04
3.191989337571124051e-04
3.720101015505565220e-04
3.951716512034296556e-04
4.299832153935698349e-04
4.183929635567114856e-04
4.744250160263146598e-04
4.872645530053137442e-04
5.721635614772257062e-04
6.192369799288535617e-04
6.324394880225036415e-04
5.594387923280904999e-04
7.187072751438371458e-04
7.695801678693295084e-04
7.067787381956983908e-04
7.824702566514245674e-04
1.006782147488855450e-03
1.061965625573698746e-03
9.939474389603587465e-04
8.741173500142230017e-04
8.611338093255865118e-04
9.274239025804524627e-04
1.074211031150024880e-03
1.029674124044031511e-03
1.090228920586540752e-03
1.086299259752055140e-03
1.198376238399278745e-03
1.314892093879295627e-03
1.453459957559179345e-03
1.929195184617817646e-03
1.987633687399147520e-03
1.924615221130063225e-03
1.799385779051524380e-03
1.859278676864858666e-03
1.796375113703040918e-03
1.535368242771791231e-03
1.596422397079443447e-03
1.529218823547797822e-03
1.598281733606986364e-03
1.668434449794144962e-03
1.730473491787585215e-03
1.665426211063818348e-03
1.994946144396307457e-03
2.069403967677540136e-03
2.065677939754561199e-03
2.127659062129544192e-03
2.192151156463829995e-03
2.189542432809177871e-03
2.248966366830714922e-03
2.309300937856078630e-03
2.363706589737158987e-03
2.308048205118860743e-03
2.476735227540876640e-03
2.364987998302938398e-03
2.587171420884512660e-03
2.638153954180362613e-03
2.627160089073259965e-03
2.630867786703205459e-03
2.681639444298384526e-03
2.725597359678783027e-03
2.777211487508314449e-03
2.731411865604869028e-03
2.827532718597821661e-03
2.881388685682560562e-03
2.828798550306025998e-03
2.942628926089157701e-03
2.939484706055007883e-03
2.985085756644877131e-03
3.009634464371837605e-03
3.060516242582321089e-03
3.019012417632691622e-03
3.081974917682420850e-03
3.134771970326575771e-03
3.097062029584958000e-03
3.205157938509884102e-03
3.240141966926199900e-03
3.197124435068773949e-03
3.285294448901777964e-03
3.320969522058190519e-03
3.281032905225006631e-03
7.422215119247605082e-03
7.639598906856305376e-03
7.265692124564823544e-03
7.300650440674188654e-03
7.199881508342264105e-03
7.039696632315034334e-03
7.088322118465155419e-03
6.977289507856015288e-03
6.808665553289766637e-03
6.481907418118372684e-03
6.590755696691883228e-03
6.537871213577363914e-03
6.431402277511436699e-03
6.109512410851085894e-03
6.123040854218620918e-03
6.175146140136553684e-03
6.233223429549765958e-03
6.138385822008118366e-03
6.279322092480781221e-03
5.871518501962629498e-03
5.951941324143927500e-03
5.932269279178521010e-03
5.930847634953302118e-03
5.981256799499007695e-03
6.004185408762540734e-03
5.858125509497322421e-03
5.582555329416776305e-03
5.562268554512360061e-03
5.641211928869015700e-03
5.738293508546194951e-03
5.718384098415704372e-03
5.792170202773589717e-03
5.387283248566116130e-03
5.465254071645192502e-03
5.448531847903489989e-03
5.358923890159970720e-03
5.434313768573222070e-03
5.419474802005745315e-03
5.335447295680511431e-03
5.407718554710350296e-03
5.393539132914919668e-03
5.311845551867060665e-03
5.381788795437918854e-03
5.366111992313559245e-03
5.281219910138148198e-03
5.337431256141137066e-03
5.340419303361885854e-03
5.287470161702368353e-03
5.347274105803115352e-03
5.343422064631259995e-03
5.295844441295400468e-03
5.351395703432659454e-03
5.358153634191866604e-03
5.268652181537086983e-03
5.331387557800482818e-03
5.332127933721494961e-03
5.361393655721598435e-03
5.378147630359922035e-03
5.411387236348748873e-03
5.411907156208648970e-03
5.359737004795465942e-03
5.411513339743343441e-03
5.413011257560340801e-03
5.262642480428987059e-03
5.314860597016244845e-03
5.330803910393760656e-03
5.361963285194740192e-03
5.296927392499095610e-03
1.311494737124991054e-04
1.555910180496563417e-04
1.749080321802299297e-04
2.078746236583236423e-04
2.395659233232618835e-04
2.118265866998704093e-04
2.426366041560840874e-04
2.840434162207145690e-04
3.226636453636191502e-04
2.818634089855048407e-04
3.327590998127249967e-04
3.060833908558533963e-04
3.451259637814613765e-04
3.553805445568920677e-04
3.209766444774197255e-04
3.744763512911809290e-04
3.639631681674397969e-04
4.560775872736988999e-04
4.430816451634917038e-04
5.013451403709407199e-04
5.943017612325753344e-04
5.834276390702615228e-04
6.443992182896842152e-04
5.132515583580999317e-04
6.557225631049281049e-04
7.450908326535984243e-04
7.321072409140212244e-04
7.964662643617757571e-04
9.398466918922446017e-04
8.089552668819450197e-04
1.018525532540071879e-03
1.054454802170896139e-03
1.103253818454239064e-03
1.042358183789857421e-03
1.149152422127944651e-03
1.271064085320391295e-03
1.328169693432481062e-03
1.258567063221864958e-03
1.405086926944361598e-03
1.395482587157705892e-03
1.463764758050127438e-03
1.864041595786897123e-03
1.733632263825613841e-03
1.469880560057646108e-03
1.543915743346610915e-03
1.539918331432855048e-03
1.602787010353674780e-03
1.605903618115666395e-03
1.942765774650516853e-03
1.936363931182059602e-03
2.001887843685673345e-03
2.005892114303570520e-03
2.130629302704433771e-03
2.250610376738306460e-03
2.418701008979181211e-03
2.475533522252602956e-03
2.420143490887403243e-03
2.313106625828237426e-03
2.311553814046119620e-03
2.366848165582451785e-03
2.527063851879117560e-03
2.584149888912715999e-03
2.530275875849180740e-03
2.580537447262348620e-03
2.676507043694957653e-03
2.523034053371551923e-03
2.578259124717203424e-03
2.575179260501947193e-03
2.776763235583744154e-03
2.884971198539042908e-03
2.976379535025767964e-03
3.046156536314724786e-03
3.129531518097992959e-03
3.106056857033759333e-03
3.158567208271568973e-03
3.167559422281207744e-03
3.245644065668680349e-03
7.389375541991011209e-03
7.614986927001620234e-03
7.692249834950300701e-03
7.561566927705618522e-03
7.153013373071015653e-03
6.814600070211198485e-03
6.927435684375991658e-03
6.866151236499805008e-03
6.755518548089047524e-03
6.591036805262216920e-03
6.645175893853549898e-03
6.535153652381573385e-03
6.267063553865586875e-03
6.374637123182667897e-03
6.325214014736943446e-03
5.999630985757824914e-03
6.038168517608894989e-03
6.071557694114081312e-03
6.050992200366511406e-03
5.973090137835299941e-03
6.074218311574669862e-03
6.038543072387327418e-03
6.220036547878121311e-03
5.900283238927146387e-03
5.964615149044400454e-03
5.804888509281336956e-03
5.422707862926766202e-03
5.502642523869988485e-03
5.483021410353244689e-03
5.660418798255947848e-03
5.404397656123439454e-03
5.372550855091472698e-03
5.346674723539947618e-03
5.323262111602375390e-03
5.303491100915428379e-03
5.274475300014248511e-03
5.283947190696095843e-03
5.291304292776633812e-03
5.245947276465492796e-03
5.321310737116833819e-03
5.256798880617100968e-03
5.303502129983489119e-03
5.359868006876028663e-03
5.258229970272694336e-03
5.311843671716041416e-03
5.259471518722570044e-03
5.309384922529694455e-03
5.204532740144513815e-03
5.233821226367420081e-03
5.270665896920541209e-03
1.134390341890987593e-04
1.156208213378984308e-04
1.488839593555254853e-04
1.672624339845522326e-04
2.126834742574167548e-04
2.096577396289044570e-04
2.464517451463366852e-04
2.475129330218869893e-04
2.949276940046986566e-04
3.136059572706345632e-04
3.432115349381744361e-04
3.320980277075919894e-04
3.866221266894727003e-04
3.986693882665747488e-04
4.769684864667067927e-04
5.246219590711725944e-04
5.348159739829870443e-04
4.666556354153168903e-04
6.197046796121297033e-04
6.692662940706205687e-04
6.071825785619011347e-04
6.816815852761075887e-04
8.973376875472617500e-04
9.521273816602361705e-04
8.859887706091593715e-04
7.667473290499743572e-04
7.561417276091124970e-04
8.204810279185989312e-04
9.629484691021404164e-04
9.180620342352685710e-04
9.857078397518409269e-04
9.739072623324196605e-04
1.157750343297272912e-03
1.105870122593013549e-03
1.201797099923350301e-03
1.337677900029563905e-03
1.214100641561398700e-03
1.811408267578971162e-03
1.870223134722715907e-03
1.805736126205572528e-03
1.680264321079448508e-03
1.739723513033932054e-03
1.674640691474604381e-03
1.420784776722284169e-03
1.413176395975601195e-03
1.478024785538485696e-03
1.482057691364235775e-03
1.546195119075338123e-03
1.607192376852948279e-03
1.545324969837176977e-03
1.876860792659807743e-03
1.953735331441825655e-03
2.011470277737360465e-03
1.948615842112707153e-03
2.079457996103727547e-03
2.135707789184247609e-03
2.074830592244548706e-03
2.201019653238051130e-03
2.255083219403610038e-03
2.197008428433503378e-03
2.472892502531112181e-03
2.365870288793675991e-03
2.256939569467221983e-03
2.525373682134201148e-03
2.617796939675284991e-03
2.622729170331263276e-03
2.671434077701497888e-03
2.517274078021336254e-03
2.520408249427616171e-03
2.571962799192281917e-03
2.715679125620190822e-03
2.771314177801697393e-03
2.720881500551703032e-03
2.910869775410405546e-03
2.926827434507542260e-03
2.869671051347801732e-03
2.960058718342028876e-03
2.990155716728390162e-03
3.035872483340547497e-03
3.000035877516711927e-03
3.058059306622114976e-03
3.093647806898207255e-03
3.070060315427493042e-03
3.126370358381077262e-03
3.165369329665337038e-03
3.128035123026811325e-03
3.220341847015107620e-03
3.252409365818856920e-03
3.213069092664653549e-03
7.368240523517296213e-03
7.315554029052432489e-03
7.440810710092294819e-03
7.491339954687243827e-03
7.165719019917555534e-03
7.101677260301298561e-03
7.215889319271707666e-03
6.959371145449914052e-03
6.885042298953608468e-03
6.999278550567686330e-03
6.703013707860317957e-03
6.369863648714294002e-03
6.480604365836954532e-03
6.425956409910051244e-03
6.317203291636877376e-03
5.905586007619795415e-03
6.004923897477532080e-03
5.952579066117480791e-03
6.055391469916610210e-03
6.115385361055520642e-03
6.013237233671865113e-03
5.938530880540218021e-03
6.161335431398446902e-03
5.802325038464919288e-03
5.866486395942773109e-03
5.836792719620976892e-03
5.851890058244116344e-03
5.925815371956147382e-03
5.891320794038912116e-03
5.769549915855279321e-03
5.465375328723280982e-03
5.524021069687591254e-03
5.443382499449249401e-03
5.633223452926054871e-03
5.685768747444303398e-03
5.607177579220211372e-03
5.262321130134525043e-03
5.342515506220163815e-03
5.324887117801610850e-03
5.237586404251360489e-03
5.298318970733628674e-03
5.312423886971767012e-03
5.213706304515669000e-03
5.274623564541984326e-03
5.286322305750273606e-03
5.194964327145900479e-03
5.265250656375121754e-03
5.253448447078137504e-03
5.182611932386093842e-03
5.247287895686555959e-03
5.239239915490263161e-03
5.156213118354355598e-03
5.212316565971283552e-03
5.218877126157003485e-03
5.168632507897989552e-03
5.228145475836020774e-03
5.224866801036431516e-03
5.177515764474090523e-03
5.236746778109207731e-03
5.232467942643689862e-03
5.144473343561497929e-03
5.206814863228887390e-03
5.194976589768439401e-03
5.249425468196073329e-03
5.247110630414506330e-03
5.305730324298103817e-03
5.304346987023147823e-03
5.164638082755771027e-03
5.212728871649269062e-03
5.211899981166093557e-03
5.253049018075905442e-03
5.121759955218606504e-03
5.192990260685534550e-03
5.161367855584993516e-03
6.014543976010716870e-05
8.207019207993609554e-05
9.585077359739179207e-05
1.354324735448094851e-04
1.716146610351506360e-04
1.308494176836156610e-04
1.727513067081648198e-04
2.266500776287700097e-04
2.554953064335422838e-04
2.194051415063136561e-04
2.655432778655925433e-04
2.311419960093242805e-04
2.686082314681950212e-04
2.750861938384680785e-04
2.411093315648270112e-04
2.809754081567508418e-04
2.911218925803435464e-04
3.626487695255286138e-04
4.093484368903319340e-04
3.529877808735652723e-04
4.976454387072686567e-04
5.460150423833876618e-04
4.874544239941214002e-04
4.188687173383378475e-04
5.578660203386188792e-04
6.402911956567674525e-04
6.927128085999897586e-04
6.301897734628214261e-04
8.314249740096581794e-04
7.028514713102621903e-04
9.079634985376074845e-04
9.337287703645510018e-04
9.940577282355716852e-04
9.261699820313556639e-04
1.049663064059389679e-03
1.052485766607463196e-03
1.103591649194636754e-03
1.292953445331095899e-03
1.282274688419790922e-03
1.349004814408187808e-03
1.169106896486765083e-03
1.220104461477767308e-03
1.163646631411084176e-03
1.745587282415675097e-03
1.612933930227226182e-03
1.356526144910231643e-03
1.431184737729765139e-03
1.487465817533117473e-03
1.426212120887685115e-03
1.488455162942165042e-03
1.824004308692756199e-03
1.818043035222488861e-03
1.883262113789333121e-03
1.888677144429583158e-03
2.016435483451305914e-03
2.140118721305921991e-03
2.413083659352636620e-03
2.469859451789108325e-03
2.416209690866589089e-03
2.304688567548295302e-03
2.361499116056253560e-03
2.309196266567628119e-03
2.195449753810252425e-03
2.198480114353944335e-03
2.254089405920214461e-03
2.468085731593968202e-03
2.567656577688151847e-03
2.666892255316534108e-03
2.413892803968989854e-03
2.468228380435094280e-03
2.465665514119596419e-03
2.807083371913941198e-03
2.761682270821647772e-03
2.817529605669439989e-03
2.858756621969525420e-03
2.950862426789503754e-03
3.024426773684140389e-03
3.092623865445186075e-03
3.173822746503162859e-03
7.266855241067931258e-03
7.456219125501220568e-03
7.536315614872096842e-03
7.410656859643619150e-03
7.063216566339819424e-03
6.702884096712703917e-03
6.758865287481691415e-03
6.831098961186042942e-03
6.645591542636397793e-03
6.481531613963189761e-03
6.424433668585602906e-03
6.536397225369272070e-03
6.150949197213462748e-03
6.260523749286980161e-03
6.209095585071336409e-03
5.878020610453992337e-03
5.846531055422300727e-03
5.951071997324006851e-03
5.909947697105872623e-03
5.782686645479371765e-03
5.877968237592241796e-03
5.844267358451134438e-03
6.101961596762823549e-03
5.826312019631720018e-03
5.717783921807885819e-03
5.300061111482116949e-03
5.382707301849946543e-03
5.361474459217898704e-03
5.549304990211155822e-03
5.280574490344734986e-03
5.249381928334041596e-03
5.225134230489762027e-03
5.203896691181755449e-03
5.188455689120324843e-03
5.179742299371271896e-03
5.162041010195530209e-03
5.149948604353844425e-03
5.172725788292392712e-03
5.138191750786193050e-03
5.140900610824670688e-03
5.192369854013519255e-03
5.193538302354474070e-03
5.143831819687091390e-03
5.200599894138464852e-03
5.153648516172458331e-03
5.143406271404285003e-03
5.197064294628557166e-03
5.069553283477544470e-03
5.096270538381195495e-03
5.137499099908884349e-03
0.000000000000000000e+00
3.294787681485884573e-05
6.748258278450679866e-05
6.470292971486876288e-05
9.692675367070571898e-05
6.114706895077730059e-05
9.897322442093756524e-05
1.438589595167461585e-04
1.781259996857573039e-04
1.390774406497646799e-04
1.840340083565534526e-04
2.289531449927612072e-04
2.361980236358036185e-04
2.570019827312934515e-04
3.000517745408700439e-04
2.490847024636294225e-04
3.088469049840602285e-04
3.807470420584172606e-04
4.382951524005024324e-04
4.288284851123252777e-04
3.717954337508646667e-04
5.179452450297486769e-04
5.688099079892965787e-04
5.079410893862076719e-04
5.783748582262284626e-04
7.877576314956878135e-04
8.425585401282232679e-04
7.774709225848092705e-04
6.595320600721164437e-04
7.131259905762774715e-04
6.500932083034687914e-04
8.523375691691253454e-04
8.057948017091632253e-04
8.692460438868021295e-04
8.618936487814741511e-04
9.913216649890862348e-04
1.109031460341489876e-03
1.230682486264033466e-03
1.693268439969043996e-03
1.752220172130879725e-03
1.687084936193536258e-03
1.561942952654147166e-03
1.620988381655839600e-03
1.554351529120001326e-03
1.320748081324131518e-03
1.307019898855208122e-03
1.370745415345673906e-03
1.375724794362508975e-03
1.437414229140118694e-03
1.491717842955668852e-03
1.434545321662063916e-03
1.758411208136103059e-03
1.834447287232209706e-03
1.829537074448005706e-03
1.893923074756507889e-03
1.962447274034201990e-03
2.020790169529503889e-03
1.958415263837733154e-03
2.084869920478836427e-03
2.142767977214185288e-03
2.082485911971866752e-03
2.358868198945922746e-03
2.249998062453870216e-03
2.140045675414232931e-03
2.413735975941168344e-03
2.510824422179931247e-03
2.564029135310788837e-03
2.514235804134994784e-03
2.607428248934171196e-03
2.612761653122000829e-03
2.661250129227466822e-03
2.410416384796720823e-03
2.463582902967836972e-03
2.412359299913576383e-03
2.701889110736987142e-03
2.754219429757170847e-03
2.708905616417928153e-03
2.891232362263273722e-03
2.901124168806156704e-03
2.849470418146907071e-03
2.940486059437710797e-03
2.969189485426829058e-03
3.013413179370426440e-03
2.979654256002576759e-03
3.037447577856422411e-03
3.047676447496485211e-03
3.081876363099460541e-03
3.162885831367673751e-03
3.191180144424752164e-03
3.144888906582561823e-03
7.200359334820843719e-03
7.285003938670520617e-03
7.182161649539494513e-03
7.327778231889185874e-03
7.078878694883382859e-03
6.784407420380954117e-03
6.872574748906875100e-03
6.742145388080185778e-03
6.592294115306649924e-03
6.262711050843113372e-03
6.316361762077494363e-03
6.372256325324078194e-03
6.205550256565297434e-03
5.730597685031107828e-03
5.818118293547709305e-03
5.791368793865944199e-03
5.936162613112600656e-03
5.995875560896142369e-03
5.890228437320249415e-03
5.813691062185448802e-03
5.755856111884945919e-03
6.043641198081806803e-03
5.690111399834041177e-03
5.770969334792144453e-03
5.746270436825676696e-03
5.660908913317985562e-03
5.342571085889073583e-03
5.320632518882578016e-03
5.404073835624216213e-03
5.515096932842355158e-03
5.574239670746919742e-03
5.489528105797684444e-03
5.138295754532312687e-03
5.219161520415319284e-03
5.200411161892111098e-03
5.112722586874478801e-03
5.187484732414272479e-03
5.175251461593550345e-03
5.094428591889927499e-03
5.154146529835930413e-03
5.165973400640093069e-03
5.072757135748741028e-03
5.133929964053676916e-03
5.143251546068709074e-03
5.062637952144909831e-03
5.128854159862747571e-03
5.122690276531091484e-03
5.060025678847632734e-03
5.121388292950783579e-03
5.118801764582596101e-03
5.044627989054369967e-03
5.100338139299272905e-03
5.106789430662932866e-03
5.034945621618050308e-03
5.089552253309934451e-03
5.095813419470339792e-03
5.056236685492107932e-03
5.116977139591022752e-03
5.112409737029081913e-03
5.027510915889293885e-03
5.086325737515304951e-03
5.082606145907918489e-03
5.140504457231229174e-03
5.040592770223081484e-03
5.092900470038605291e-03
5.102602593668932075e-03
5.079808769569016044e-03
4.993714650480213756e-03
5.030253902704335915e-03
5.058151331289506558e-03
0.000000000000000000e+00
2.766789375854854897e-05
0.000000000000000000e+00
3.123692887202859372e-05
6.843101647595309822e-05
1.014323824463363329e-04
6.611895110090974651e-05
1.048452401165763921e-04
1.472108016478132573e-04
1.867072745610663057e-04
1.455018145603816039e-04
1.881048161605433373e-04
1.533754841106015694e-04
1.921656687583823313e-04
1.962152330379311738e-04
1.602749435602879985e-04
2.075867602040894037e-04
2.006217055707349513e-04
2.714180448336379371e-04
3.170044909155841873e-04
2.642734981517930724e-04
3.986392024312422361e-04
4.481072250779325806e-04
3.898080273349940829e-04
3.251384592603251259e-04
4.574512280537756199e-04
5.351802595385136280e-04
5.876835739935452711e-04
5.267171871922855493e-04
7.230087245715329002e-04
5.966547869379838082e-04
7.969960518376369499e-04
8.238062408168609794e-04
8.786989018525741962e-04
8.150058784764122131e-04
9.499678483992399875e-04
9.997728853541579426e-04
9.421014108300467243e-04
1.073246367700391108e-03
1.121143933281088705e-03
1.061673851307260536e-03
1.199556177713118803e-03
1.184526102865385679e-03
1.246257803093522637e-03
1.627350456185380550e-03
1.499427009038385283e-03
1.259838783368972225e-03
1.351102280053110118e-03
1.391120880701983810e-03
1.336050917859868707e-03
1.394145969090666935e-03
1.705515078431332288e-03
1.699679880059893396e-03
1.764601287006827132e-03
1.769790007741987208e-03
1.898283191403261688e-03
2.023522155499096493e-03
2.301577072371867143e-03
2.303375091170799076e-03
2.357099834085387650e-03
2.184416171552528048e-03
2.244296126008290398e-03
2.190118044456665792e-03
2.093678873882954140e-03
2.089461739472830981e-03
2.144396729048034852e-03
2.357719317086260768e-03
2.559254741277510684e-03
2.460725207282195293e-03
2.654850958114246193e-03
2.302180153155509567e-03
2.357765416350706463e-03
2.356334519074089560e-03
2.788798816570247502e-03
2.745592768027399749e-03
2.797965522241878996e-03
2.839765436432528743e-03
2.930528442262081944e-03
3.003502523168086018e-03
3.069577319576752197e-03
3.097507772081267187e-03
3.053624557770667335e-03
3.116510258110044909e-03
7.291638630782674817e-03
7.374663452424665491e-03
7.244224041273734926e-03
7.028147111636741731e-03
6.991747304560694785e-03
7.114978524124798351e-03
6.905622965219396746e-03
6.581524057871663246e-03
6.642478668482158788e-03
6.682592199016425955e-03
6.530441775560935462e-03
6.390193952490491602e-03
6.324958083010893614e-03
6.435821280909820134e-03
6.041125175490013634e-03
6.152022724910437279e-03
6.096111073581083478e-03
5.709628127409241589e-03
5.722732752061400474e-03
5.829477105062909337e-03
5.784775636765643499e-03
5.639264791028911379e-03
5.742925806168860253e-03
5.711218874037291005e-03
5.598937117378815879e-03
5.690811974016661209e-03
5.664945105164942950e-03
5.987393998721153229e-03
5.602604977509851453e-03
5.175741755038383574e-03
5.238013697443238276e-03
5.259125267067230221e-03
5.428833017193595602e-03
5.124911707544766055e-03
5.156378923179869879e-03
5.103026469965612523e-03
5.083158820105071474e-03
5.067330638987520980e-03
5.061042356656722356e-03
5.057835297298513173e-03
5.039473122440019104e-03
5.050115778625803575e-03
5.030914268148711614e-03
5.026735062015627066e-03
5.026791317734854124e-03
5.082915996276622314e-03
5.084952607872305665e-03
5.033076226266006842e-03
5.017556909813375085e-03
4.931986067732290445e-03
4.963821547609576813e-03
5.001001990196643140e-03
0.000000000000000000e+00
3.140981681451731326e-05
0.000000000000000000e+00
3.276960156081752760e-05
7.300190842354778507e-05
1.081517340458930816e-04
7.063901866686370817e-05
1.089327036090265177e-04
1.503399010925821544e-04
1.568936885716125601e-04
1.719061221609924123e-04
2.144069227781527926e-04
1.661126447262016776e-04
2.206781076176220116e-04
2.872523173124369531e-04
3.420623928082585415e-04
3.339908092781115304e-04
2.794010022956691110e-04
4.157919201778473208e-04
4.668098767326053474e-04
4.073270273456164651e-04
4.747219130503436621e-04
6.775238855330995100e-04
7.325883143343002880e-04
6.687092965068468231e-04
5.515863725144902431e-04
6.054887198840228904e-04
5.435367331209375007e-04
7.410693008052648273e-04
8.864215725991829962e-04
6.947397693043982784e-04
7.501881321948972213e-04
7.587213513922032738e-04
1.011215149363262631e-03
1.136032170919117328e-03
1.575887330230434785e-03
1.569180650787934924e-03
1.634426678785891448e-03
1.446123165446517277e-03
1.442031467242032476e-03
1.503898313746185539e-03
1.237725446116296748e-03
1.279343276252716726e-03
1.218861002785508272e-03
1.294167410449011948e-03
1.331956783734221427e-03
1.384542836725491952e-03
1.341719533240850462e-03
1.640478854265929815e-03
1.716921840753270981e-03
1.775491948688755943e-03
1.711478124790056978e-03
1.843200480325702523e-03
1.839092925753923460e-03
1.902613090001659167e-03
1.976814939548199139e-03
1.969982120891843307e-03
2.030700479721630342e-03
2.242956208250134094e-03
2.139008100268497900e-03
2.035051256548838124e-03
2.302072645603830871e-03
2.500308327469128334e-03
2.553554266459777400e-03
2.505636350675078707e-03
2.401773435587582772e-03
2.456003268016822717e-03
2.406194498077471149e-03
2.595971373864234145e-03
2.601738334052061761e-03
2.648614162035402980e-03
2.300882822875852281e-03
2.355367345707270674e-03
2.301654059062398401e-03
2.687121741734275343e-03
2.737670367670630260e-03
2.694474635649692258e-03
2.871739421742481105e-03
2.881417096734148735e-03
2.830530280263902302e-03
2.920237774037940520e-03
2.964525740988799805e-03
3.000681384323344251e-03
2.966757940206204112e-03
3.017235407735764912e-03
3.113288219952461706e-03
3.137662083032920213e-03
3.091523985619247777e-03
7.159292184885730249e-03
6.849488531663193436e-03
6.939576941811055610e-03
6.815269313098205016e-03
6.564850044667845490e-03
6.675572251805698097e-03
6.572554390415215331e-03
6.486114327403691253e-03
6.167347777172998806e-03
6.278832907321149452e-03
6.215023759802671376e-03
6.102821178850034202e-03
5.556890703753493942e-03
5.623673497255039268e-03
5.643715795622027999e-03
5.679927223806202283e-03
5.817157827254471406e-03
5.768707068903089485e-03
5.876777816320360830e-03
5.618289850416803219e-03
5.577148325938749603e-03
5.929220200868184736e-03
5.535306995725730421e-03
5.219753569839169494e-03
5.197047624722603287e-03
5.281281426227432338e-03
5.389690281129480738e-03
5.365452769386091017e-03
5.452529711727119310e-03
4.982371298054183960e-03
5.060300589156753112e-03
5.047670044160229054e-03
5.011180866818528042e-03
5.093429148620326995e-03
5.074863937588703494e-03
4.966533861158180761e-03
5.030583517100041535e-03
5.039601329645926331e-03
4.953337237559915680e-03
5.023911774194473982e-03
5.013120379634387544e-03
4.944455887731314184e-03
5.003605865015735635e-03
5.008650365935236881e-03
4.941712869061034089e-03
5.000928888787273784e-03
5.002243482472450847e-03
4.941003272426682143e-03
5.000611754533665874e-03
4.998639284143906354e-03
4.922437340606945419e-03
4.983757552602232320e-03
4.978594810389130182e-03
4.931594366984916496e-03
4.988073785944441459e-03
4.994073230330856733e-03
4.915710624424278995e-03
4.975645958119069220e-03
4.971420669557642669e-03
4.912054929663458094e-03
4.970217907947182580e-03
4.969091786836661931e-03
4.913806754636779010e-03
4.976475985562729687e-03
4.970853776477290355e-03
4.897373226321414738e-03
4.944581537291379766e-03
4.969816903522552079e-03
4.859621594591020249e-03
4.927115614132939088e-03
4.894797591068856396e-03
0.000000000000000000e+00
3.386759969067838815e-05
0.000000000000000000e+00
3.504819573637657043e-05
7.310235310663189831e-05
1.099766615407442820e-04
7.312887052161351584e-05
1.120671667619466279e-04
7.653030688071964867e-05
1.173175867838576435e-04
1.148468668829448811e-04
8.166760076086260894e-05
1.257399362853223407e-04
1.209179035068039541e-04
1.826163961644278698e-04
1.773041969157116641e-04
2.269909341594640508e-04
3.028405405257235394e-04
3.507183677913214585e-04
2.951186085649264005e-04
2.339719151209157858e-04
3.585089955934850445e-04
4.306049670597730393e-04
4.828168616198722451e-04
4.233183474842826689e-04
6.138964495578445695e-04
4.903801355868474179e-04
6.863083285916452697e-04
8.408083068622430444e-04
8.952788135739348950e-04
8.324969492257827805e-04
7.140879267755317200e-04
7.045640785959627174e-04
7.688419874058584997e-04
9.697569758644058882e-04
1.021431960395136626e-03
9.600652956310322048e-04
1.103210758002279301e-03
1.151357447705756787e-03
1.088425493596767912e-03
1.510746855632044694e-03
1.388863224006730212e-03
1.170083519224016794e-03
1.284779631145941499e-03
1.589360482075812377e-03
1.647260233869760147e-03
1.582870309143036367e-03
1.779902095203016133e-03
1.652950295149767075e-03
1.909895099146970577e-03
2.184524057792467614e-03
2.184678491708671837e-03
2.242771650420131123e-03
2.068192816121148039e-03
2.126045324148474139e-03
2.081040403493146593e-03
2.022689193714254097e-03
2.243309178217078002e-03
2.548286217614328334e-03
2.451157727460710842e-03
2.351408676576667665e-03
2.641733909267753380e-03
2.196046534876070194e-03
2.248855771128661918e-03
2.248478882476201857e-03
2.774208020503694024e-03
2.781396755083247012e-03
2.730859419763411507e-03
2.822722053642603979e-03
2.918436961466533506e-03
3.021498246948161204e-03
2.993112030986735776e-03
3.045140119693035431e-03
3.067609778927312628e-03
7.121053513250617806e-03
7.207106327912286316e-03
7.072779239972258603e-03
6.984640922007150608e-03
6.706120440358456607e-03
6.475861462283988290e-03
6.302278818695015994e-03
6.346220558451033320e-03
6.233292752082803673e-03
5.925058497452436422e-03
5.983201305748660388e-03
6.046330837225364491e-03
5.510805754810350204e-03
5.616776307306449792e-03
5.575198435060020954e-03
5.596463850645364349e-03
5.706822555231221526e-03
5.659749875844615960e-03
5.455278940705326172e-03
5.547188969756289799e-03
5.527360752458038845e-03
5.426008246310800275e-03
5.491628781600516214e-03
5.512396688202438749e-03
5.869766752099666619e-03
5.473269321156793224e-03
5.304718357553473741e-03
5.050283294171803265e-03
5.134970935779499014e-03
5.113142587305588051e-03
4.996168585907642332e-03
4.973896694816902150e-03
5.030074370974793249e-03
4.959481045087211701e-03
4.948523699022755289e-03
4.942768617317776919e-03
4.941098246081810849e-03
4.936036389763719980e-03
4.926761049879394873e-03
4.918851888392285210e-03
4.913692924479509325e-03
4.912767497736359248e-03
4.905702294278594180e-03
4.879006528987653996e-03
4.792612491887155921e-03
4.827337866788210773e-03
4.862480142990095212e-03
0.000000000000000000e+00
3.632716047888824795e-05
0.000000000000000000e+00
3.527153617589485622e-05
7.486264714799772230e-05
7.912476156706015724e-05
8.663415124721307494e-05
1.292055073591737103e-04
8.417724979451566962e-05
1.335866429649338358e-04
1.928891151743851006e-04
2.400262270104123216e-04
2.469278042021996549e-04
1.878045744668536098e-04
3.137864174440906681e-04
3.084150472113276554e-04
3.647366911810146568e-04
3.714245333639580615e-04
5.671180366043479439e-04
6.222288763956852504e-04
5.595025755504162701e-04
4.439119798875631388e-04
4.976449858909290022e-04
4.373793864894128490e-04
6.303085928408325199e-04
9.048341694075899295e-04
7.769552244140765862e-04
5.828511341157323073e-04
6.478716720305083407e-04
6.386783042328738648e-04
1.036059032827662662e-03
1.461269658562636565e-03
1.453906570509177045e-03
1.518409631629849847e-03
1.335249785812175037e-03
1.333831600546874765e-03
1.390505317064481003e-03
1.109208272737936601e-03
1.173281707127108147e-03
1.106451777756200855e-03
1.215078725762759214e-03
1.226716727189659925e-03
1.273299717363505059e-03
1.525097043059038971e-03
1.724782833687090074e-03
1.721069832407415550e-03
1.783758606015449499e-03
1.598791171123976331e-03
1.657636443029083346e-03
1.594284148945650801e-03
1.845688168587970683e-03
1.910939809592390260e-03
1.844666151236690069e-03
2.126320842532102798e-03
1.956426470441992044e-03
1.966795781632485647e-03
2.012097229362578860e-03
2.190426580295589017e-03
2.491532508242735519e-03
2.495894844836785403e-03
2.543428941091132895e-03
2.393712667616482593e-03
2.446691273733781705e-03
2.397758286706786618e-03
2.293212047422827585e-03
2.347181125865962451e-03
2.297092521648713085e-03
2.585405630638368604e-03
2.635956758619559595e-03
2.590604544019987302e-03
2.191152825962778238e-03
2.245720420838956226e-03
2.193659794864075314e-03
2.675623161722441232e-03
2.724629164863707001e-03
2.681220546607401486e-03
2.855355239531043830e-03
2.863350634175835727e-03
2.814954225547711738e-03
2.909712298949292467e-03
2.927937004352889391e-03
2.945771687805347639e-03
2.974716340034735691e-03
3.072131847279061228e-03
3.092247324947909951e-03
3.046689271716987880e-03
6.944251037474327704e-03
7.033439398526452994e-03
6.895057824842541067e-03
6.668369806049938980e-03
6.614440428783134075e-03
6.759676988752935482e-03
6.433742749648679177e-03
6.055635510862166990e-03
6.179079007556122043e-03
6.111599435494635690e-03
5.988876007515630227e-03
5.552454950127069105e-03
5.482016376067105554e-03
5.694152337121017801e-03
5.755807385972585427e-03
5.644019693874708678e-03
5.439898770872807730e-03
5.407187861259061396e-03
5.809633520294998736e-03
5.269395529198778183e-03
5.243803575526667128e-03
5.329642075203732017e-03
5.098634126740618326e-03
5.159311886567988052e-03
5.073712064636944422e-03
4.847847767750409001e-03
4.929488537455882849e-03
4.915255041897222121e-03
4.827863529980414535e-03
4.905109042215093779e-03
4.897340551657238146e-03
4.879733364995888362e-03
4.964967258388749451e-03
4.945606929002275241e-03
4.816516282340981177e-03
4.891545252250028772e-03
4.885065561370484019e-03
4.788043871172114989e-03
4.866474820263892373e-03
4.870725726910683784e-03
4.833403065789413852e-03
4.887613591105197629e-03
4.888946001332693421e-03
4.822833266426829711e-03
4.882377106119890030e-03
4.881958089548137612e-03
4.816090012239660975e-03
4.873849005573366831e-03
4.878699079873471782e-03
4.807684088923774163e-03
4.865012196915975869e-03
4.869853427131502419e-03
4.802419056904315940e-03
4.862718149113213345e-03
4.858942083504090570e-03
4.798122859698003041e-03
4.857309643056440321e-03
4.854857341990299543e-03
4.793379998762097721e-03
4.853254281558975342e-03
4.853226013771091453e-03
4.788519343272236786e-03
4.851868501021821753e-03
4.842407938630334009e-03
4.786256963714275933e-03
4.822402308335002434e-03
4.842323712566095478e-03
4.719408850274575164e-03
4.755277822785882423e-03
4.789733627244780433e-03
0.000000000000000000e+00
3.647205223402553498e-05
0.000000000000000000e+00
3.706652202881099403e-05
0.000000000000000000e+00
3.967486535491808008e-05
3.819447076308947454e-05
0.000000000000000000e+00
4.221657601402819984e-05
4.074114032048887271e-05
9.201092307412196247e-05
1.372362620336414199e-04
8.934691204979656163e-05
2.024496136441116521e-04
2.525647874444347340e-04
1.977260087104471692e-04
1.414421586418056708e-04
2.572608730510794425e-04
3.253825936351653668e-04
3.779279086491298578e-04
3.196762206758182968e-04
5.048360095190303556e-04
3.839349159732151915e-04
5.751233688164939222e-04
8.562660241945353225e-04
9.128659790435171648e-04
8.487160879686597107e-04
7.163313278995373391e-04
7.783761268005869602e-04
7.154020865426326172e-04
6.201433724834563800e-04
6.014839519257378754e-04
6.669639010849517892e-04
9.855504090793565115e-04
1.044230353529408163e-03
9.778486175916283572e-04
1.398040055690843346e-03
1.274959536884981339e-03
1.047043873861207459e-03
1.161942658339302136e-03
1.472476984603530775e-03
1.530712522155480790e-03
1.467077306564558035e-03
1.785119403823056099e-03
1.661625720461292746e-03
1.535442837135646103e-03
1.901031512389271278e-03
2.075163038819344101e-03
2.071794659771047323e-03
2.129605042306300083e-03
2.015814768432537974e-03
2.135599523083022387e-03
2.538605077581052895e-03
2.442733932510505329e-03
2.343549110956750191e-03
2.242241429585168939e-03
2.630659290415428286e-03
2.081467545684539695e-03
2.136326966391112556e-03
2.138471733742442968e-03
2.761414694567056443e-03
2.767572558784393150e-03
2.718650705218085724e-03
2.808117126637079894e-03
2.891762496366865557e-03
2.984827626836559448e-03
3.002758612218245620e-03
2.956345148715147381e-03
3.028555401166899662e-03
6.805544583620645044e-03
6.411582221879185903e-03
6.488679422036834100e-03
6.539585001114921192e-03
6.355360401190729078e-03
6.180691779081342284e-03
6.241693159497845901e-03
6.116657379919166609e-03
5.807127267194606320e-03
5.931478152512593277e-03
5.866228580331802819e-03
5.379200227833787207e-03
5.487824684236386821e-03
5.445175479210395339e-03
5.301165926886456520e-03
5.378533918249586189e-03
5.405796083084330253e-03
5.466413183455313268e-03
5.580267584297531232e-03
5.531623691863189404e-03
5.311227127552622072e-03
5.368750724769419218e-03
5.383085700598187230e-03
5.347729157628273132e-03
5.749208004160497043e-03
5.183953960378216881e-03
4.918758366478597974e-03
5.008639372374354935e-03
4.984678957262365928e-03
4.837302604049801419e-03
4.863180927749886397e-03
4.821682770482580392e-03
4.898561964079641701e-03
4.801757176562136686e-03
4.810519118131696345e-03
4.827905219133840804e-03
4.819215731764504851e-03
4.811678548562211936e-03
4.804886885803847339e-03
4.800172627016818794e-03
4.795746882968841308e-03
4.791051901583275215e-03
4.787519329395245084e-03
4.753626270175926281e-03
4.652696855057507873e-03
4.687363266742803139e-03
4.722643092767001873e-03
0.000000000000000000e+00
0.000000000000000000e+00
0.000000000000000000e+00
4.321672674901368496e-05
0.000000000000000000e+00
4.492510429745959265e-05
9.807121749305617469e-05
1.493115411506139648e-04
1.453845526651346607e-04
9.505940418396238061e-05
2.119793425856265857e-04
2.627861315943182206e-04
2.072656005623005077e-04
2.678774487585520981e-04
4.570800768780133492e-04
4.506113735640815366e-04
5.119682564877489151e-04
3.421025886375159532e-04
3.337844206111417831e-04
3.929104755392800498e-04
5.193211056326986572e-04
9.204908842337383582e-04
7.857441599845337628e-04
6.679283188312320650e-04
4.956994326556132119e-04
5.574588759889238018e-04
5.393057105977511201e-04
1.346659798088678745e-03
1.341153139260507299e-03
1.403759821963910864e-03
1.215661650600447690e-03
1.275220461239933052e-03
1.215586413368875858e-03
9.976243824619255348e-04
1.053267016485287836e-03
9.917811531285722782e-04
1.129366588333105244e-03
1.172154206084187814e-03
1.119489513101123209e-03
1.409371510143584902e-03
1.732473189720104643e-03
1.728795346680329394e-03
1.788835101732384140e-03
1.607500305063482493e-03
1.603313397095639664e-03
1.665894207760884246e-03
1.481108942141999693e-03
1.476962174537833905e-03
1.539714498404004669e-03
1.849511145417409748e-03
1.902736287190543839e-03
1.847763846311531151e-03
1.965274017853033649e-03
2.019972859055614058e-03
1.961000199717869482e-03
2.078420232028710141e-03
2.486119624829192902e-03
2.488700559683637917e-03
2.535447630934621523e-03
2.387757194600818866e-03
2.390657924823451352e-03
2.439325579488440306e-03
2.285792513503036999e-03
2.289456475116807051e-03
2.339428705926640227e-03
2.184363458106312363e-03
2.238475728954579611e-03
2.187746163587350658e-03
2.577553065018784850e-03
2.626277385457890644e-03
2.581283218450448891e-03
2.080563878316504280e-03
2.135565833977111187e-03
2.081045360834604500e-03
2.667097324853035314e-03
2.713960770978582262e-03
2.671085097423171219e-03
2.837646182213578085e-03
2.799607381044006641e-03
2.846176262442867960e-03
2.882627064306341955e-03
2.898789700026830046e-03
2.912942558590586508e-03
2.941733658464636310e-03
3.038887074496785575e-03
3.055118158006481493e-03
3.011644145668047456e-03
6.761008306098732941e-03
6.853444322696575393e-03
6.712824382616999763e-03
6.489064901342639531e-03
6.579447465065746750e-03
6.448884528765089219e-03
6.296116343063064107e-03
5.935086334004656405e-03
6.058017710024826870e-03
5.995524459368115934e-03
5.869538878556956017e-03
5.421601823100980454e-03
5.338814294257420399e-03
5.305533925079474258e-03
5.566872487045997769e-03
5.515278658330913415e-03
5.630695457139069451e-03
5.289775524906157635e-03
5.687001357595217015e-03
5.155412080494337600e-03
5.212395331398864823e-03
5.125885677351397357e-03
4.959443073956648108e-03
4.938325191316754459e-03
5.029233138567963668e-03
4.685642032886037922e-03
4.766737542570021087e-03
4.756915850706058997e-03
4.722703220629898870e-03
4.785402202914201299e-03
4.801146617194289659e-03
4.663091928756400197e-03
4.745534252710898251e-03
4.739977919274180468e-03
4.744772546519930405e-03
4.812421097336513735e-03
4.831694061543154346e-03
4.622161790430704895e-03
4.719515358241971326e-03
4.705286006844469800e-03
4.706447801443611884e-03
4.746945265748055316e-03
4.770071759446041504e-03
4.764647134010310120e-03
4.701589698041365104e-03
4.762341749113927804e-03
4.758860605019846028e-03
4.691807662555450703e-03
4.754143983452066916e-03
4.749740516775094630e-03
4.685265692808733215e-03
4.743781347484415239e-03
4.746742225114630905e-03
4.682333439466346454e-03
4.740084151028715886e-03
4.742729659190738668e-03
4.679827676721454166e-03
4.736347297631359789e-03
4.739436278385397716e-03
4.669447491544269878e-03
4.732034338445394520e-03
4.728611420422625285e-03
4.651700253434570137e-03
4.721033451866136002e-03
4.718609382365716691e-03
4.685163988733176063e-03
4.576601212008781644e-03
4.647942295840735982e-03
4.614171977412901728e-03
0.000000000000000000e+00
4.586090593107157215e-05
0.000000000000000000e+00
1.015276695040352110e-04
1.518654142102674820e-04
9.983947827086725024e-05
4.795103012429170807e-05
1.558371272185042644e-04
2.232917496190217773e-04
2.742291698187713698e-04
2.176733408814541008e-04
3.989554635498925267e-04
2.819430496150519155e-04
4.764102360252275479e-04
8.691684861943450077e-04
9.271863321688203182e-04
8.628880455433901543e-04
7.618045501114216250e-04
7.391014908675739474e-04
8.089430498759683829e-04
5.872752152837769747e-04
6.513492292413992609e-04
6.038074700567933354e-04
5.411524061857688698e-04
1.280917955015827827e-03
1.172403176440449737e-03
9.330152230721256964e-04
1.063143114858440584e-03
1.360101000956082714e-03
1.416082959264528419e-03
1.353571683239861200e-03
1.669849206839623280e-03
1.790910144791538943e-03
1.544130004136560564e-03
1.420431569709149208e-03
1.907351829272159460e-03
2.023369658100674772e-03
2.437042124316383084e-03
2.531941016854091266e-03
2.336853397104972450e-03
2.235136293213366761e-03
2.132507205188761881e-03
2.622422045669920224e-03
1.971182571610371592e-03
2.026052934665596196e-03
2.025874978066390456e-03
2.751655180202161339e-03
2.709432371324987585e-03
2.756140182350950117e-03
2.794314451362368053e-03
2.868208519855127391e-03
2.956188173767629844e-03
2.970012230368101504e-03
2.927330191476806322e-03
2.997538446119443149e-03
6.624254877432690300e-03
6.274494661363325468e-03
6.343441054397745867e-03
6.381325719044570605e-03
6.226493692244210350e-03
6.075143880672186948e-03
6.003393893535763706e-03
6.127980912450503928e-03
5.681179442888270939e-03
5.808157185042113133e-03
5.744347311017846368e-03
5.241936355928906131e-03
5.354154879894498266e-03
5.310782028408764059e-03
5.169513947469967646e-03
5.274350298947561716e-03
5.235413670900029501e-03
5.227249129450803160e-03
5.233533434474558176e-03
5.338642737484762708e-03
5.402707990370755539e-03
5.452688202298004543e-03
5.622528816912366646e-03
5.057149897626275759e-03
4.775385403212091366e-03
4.847271813128363471e-03
4.867350789369490234e-03
4.673881726335718523e-03
4.703623598702577624e-03
4.733120739888502411e-03
4.642132034921536352e-03
4.759339452300848268e-03
4.632869815727254370e-03
4.710646689609829935e-03
4.627226497635460525e-03
4.669555702813654209e-03
4.703717794158815586e-03
4.696507602720289415e-03
4.688414233088726395e-03
4.683749074476921230e-03
4.681134724463957564e-03
4.674887283731730785e-03
4.661093275765404269e-03
4.615497843134571364e-03
4.513316540141209393e-03
4.546444932731148574e-03
4.582881442651535672e-03
0.000000000000000000e+00
4.970950723659952594e-05
4.882871757496188062e-05
0.000000000000000000e+00
1.064988539025035248e-04
1.590853127437662131e-04
1.040355748376211773e-04
1.639869679641354930e-04
3.646137812975483190e-04
4.108480523132768190e-04
3.534066622789104346e-04
2.389252975977075924e-04
2.311172787933322818e-04
2.904147303247828693e-04
4.294325301261386158e-04
8.151857490938387799e-04
6.185088309831411656e-04
6.896439201717568081e-04
6.675046339327154283e-04
6.029498357408282980e-04
4.871381182375190836e-04
5.370431194535348063e-04
4.916140964861759549e-04
1.236977192726796760e-03
1.291622306520513264e-03
1.226507910929710080e-03
1.135457713622709409e-03
1.175493459728911300e-03
1.132598520995647734e-03
8.795210296958202089e-04
9.383681241818324316e-04
8.745002471408764005e-04
1.008242763461880426e-03
1.068587088870311466e-03
1.003105688246363775e-03
1.298355007300957317e-03
1.619976205670533957e-03
1.613855367748403755e-03
1.675971503696721977e-03
1.738222471870819099e-03
1.735452283290272058e-03
1.793602251106394836e-03
1.490010034916388736e-03
1.548494488476369682e-03
1.485679808689838134e-03
1.368601889342991066e-03
1.364484898800771666e-03
1.424628098471849430e-03
1.856330114470518136e-03
1.910532793988307552e-03
1.853016180249649055e-03
1.968299235563653830e-03
2.385930060916642472e-03
2.386681865071552458e-03
2.435719802145036843e-03
2.483864481494410439e-03
2.484768257100042257e-03
2.530407665402917370e-03
2.287400741218644385e-03
2.286496077552904477e-03
2.337280244695198739e-03
2.182667529343036098e-03
2.183438195694533280e-03
2.233935166982083369e-03
2.079596243101922669e-03
2.131693019569857496e-03
2.080036042332116062e-03
2.572374128104198358e-03
2.574660192629744503e-03
2.619433402648113206e-03
1.973268991639600973e-03
1.972214639421581133e-03
2.026607341025724734e-03
2.660523986111534150e-03
2.705817852714052264e-03
2.663418749230952315e-03
2.824718443404934231e-03
2.788192738540928167e-03
2.830906876104518580e-03
2.861660520014698214e-03
2.866130701362966989e-03
2.911053702450745826e-03
2.882017276910555856e-03
3.014796407977081080e-03
3.026412346324182465e-03
2.985136619967168527e-03
6.571108575504623107e-03
6.666899930875208082e-03
6.528336316885265458e-03
6.264944336767079222e-03
6.378013603523559338e-03
6.268965464101231011e-03
6.175103955303735785e-03
5.810772696827186737e-03
5.873142322197743778e-03
5.942951884667298755e-03
5.744370073321275645e-03
5.204633200933360404e-03
5.289020857792165603e-03
5.129800926871248487e-03
5.215709205882838352e-03
5.148965175859660307e-03
5.142074291083586872e-03
5.444846349972346823e-03
5.506026305725059654e-03
5.390325806832004484e-03
5.562924096466829657e-03
4.997700139142760567e-03
4.977862046426580894e-03
5.076882483407670239e-03
4.810956237946143604e-03
4.792358839850911940e-03
4.885430261224132237e-03
4.528296496285075766e-03
4.606967834422041018e-03
4.595827976148833885e-03
4.564709922294753718e-03
4.643638674420018375e-03
4.625291219828374378e-03
4.617899405820951458e-03
4.670378981642405586e-03
4.681158903099016944e-03
4.495531227883525077e-03
4.579407181703539984e-03
4.558902499029751643e-03
4.631133554578103877e-03
4.688068864944524086e-03
4.703005988237039629e-03
4.479842921150629237e-03
4.550888908476949379e-03
4.556573911560962524e-03
4.568074492510512501e-03
4.637444786132938375e-03
4.600399796301449934e-03
4.578529462458257905e-03
4.642575214091431562e-03
4.640131923959445008e-03
4.573486316853254442e-03
4.637720232031421544e-03
4.632667419010071466e-03
4.565860641171519234e-03
4.625547503955599292e-03
4.629078980281697842e-03
4.562493169386897668e-03
4.624195422858968542e-03
4.622340504989169360e-03
4.556546980612271799e-03
4.619854730060840402e-03
4.618020277195608071e-03
4.557031072975290323e-03
4.612952831543578811e-03
4.618888898926028046e-03
4.535293636525369008e-03
4.602735514680240426e-03
4.592988387965542610e-03
4.479215619943484501e-03
4.527481316186666126e-03
4.565726916898772171e-03
4.435307856129274556e-03
4.474101727624534702e-03
4.505902816626697685e-03
0.000000000000000000e+00
5.050865233494976857e-05
0.000000000000000000e+00
5.222148225948246384e-05
1.186119644512771622e-04
1.707758467253141211e-04
1.125288566201902452e-04
3.009566664369926780e-04
1.779068240167716195e-04
3.678997552061579542e-04
4.315270313729454915e-04
3.663649884094658644e-04
7.516237027647380961e-04
8.101697162620798273e-04
7.568619719133582282e-04
6.845619589805500066e-04
5.522338800921723807e-04
4.269370305054170488e-04
1.186067016137302066e-03
1.071548564625394041e-03
9.435278906096990475e-04
8.151717265820748390e-04
1.251790515414219571e-03
1.305742471740899092e-03
1.244548427018654429e-03
1.679001509893786326e-03
1.554820341123529757e-03
1.797206553773941611e-03
1.429138821072292774e-03
1.310035718791454718e-03
1.913707610871971882e-03
2.434976480629951791e-03
2.336734873581771624e-03
2.528182057653457875e-03
2.235084563486218218e-03
2.131163904988812776e-03
2.026429005372586654e-03
2.616484393112801943e-03
1.860553225861862016e-03
1.916880108013100780e-03
1.915556266514178898e-03
2.764012650099842167e-03
2.757479724194670558e-03
2.712261959517382314e-03
2.793938375003931270e-03
2.845276149105147381e-03
2.931501365151113758e-03
2.943383267935126713e-03
2.898554401645107598e-03
2.973035644590286269e-03
6.417077816632794571e-03
6.168159016291973294e-03
5.953227125930368735e-03
5.880361055471096214e-03
6.014437133584151635e-03
5.543682474974508806e-03
5.677357825342360491e-03
5.612680515596311405e-03
5.016775469255458503e-03
5.129235203892325984e-03
5.093453865045557277e-03
5.111838516433776444e-03
5.225317308335742511e-03
5.177027871313543729e-03
4.944311407978776475e-03
5.056561090506557325e-03
5.037493043817161363e-03
5.063389953610678007e-03
5.252810015635208524e-03
5.295733278591561663e-03
5.348557983880901541e-03
5.492606979011767192e-03
4.904349622921828390e-03
4.609068065877791956e-03
4.709824983878157373e-03
4.692541064755185315e-03
4.511517418234510003e-03
4.546039890235098295e-03
4.590728379572893599e-03
4.623927811931313747e-03
4.451514571819278725e-03
4.537088587283378063e-03
4.473319143197504975e-03
4.619457328754399995e-03
4.465516322696211869e-03
4.523904928483774707e-03
4.573165805994167804e-03
4.575844255122405758e-03
4.569569549073151417e-03
4.564154598563516414e-03
4.559618215528906879e-03
4.556982275013978824e-03
4.546549374722965754e-03
4.508219662542364663e-03
4.458295428559887370e-03
4.375509627918873663e-03
4.406917902770477076e-03
4.444139427873327643e-03
0.000000000000000000e+00
5.295951973068432412e-05
0.000000000000000000e+00
5.822782106838570224e-05
2.477909306462616713e-04
3.059416821122320986e-04
2.434066041467699854e-04
1.223392214297387573e-04
1.204999569901428106e-04
1.803560074923771673e-04
3.071561658588939456e-04
6.185380324736152336e-04
6.846675399034188704e-04
6.186671448830371447e-04
4.931224991426790384e-04
5.555247042122330716e-04
4.902384806864164973e-04
3.715395108825950664e-04
4.290828989255533071e-04
3.698092268771179729e-04
1.138322988575628681e-03
1.187500568495391141e-03
1.137048361361782389e-03
1.017347689567902605e-03
1.076176650743304597e-03
1.012939655283480933e-03
8.891053439797918677e-04
9.484430523025316490e-04
8.844455883860757352e-04
7.620863528739090561e-04
8.205756251630334655e-04
7.569822258120064741e-04
1.194879753578665868e-03
1.629918263226967732e-03
1.683806189061567548e-03
1.625013958452141243e-03
1.502810957622880772e-03
1.496488744948439335e-03
1.561104219522903985e-03
1.746853313183109038e-03
1.742582130434367415e-03
1.801312645899411004e-03
1.375831767357816281e-03
1.372298205803731139e-03
1.432664602805381942e-03
1.263309808153964976e-03
1.315748799792475568e-03
1.257654033744827439e-03
1.858456687393914225e-03
2.393276870224707569e-03
2.438281621572306688e-03
2.389359554387876505e-03
2.292422550847740374e-03
2.338908788865668321e-03
2.289736497897158080e-03
2.481260404742265634e-03
2.526532025006309693e-03
2.482237192994477589e-03
2.190921822365439389e-03
2.186682691812494566e-03
2.238905491205332287e-03
2.090408364442860201e-03
2.084924586267608831e-03
2.136299256214498326e-03
1.985227198612721320e-03
2.032134332016760983e-03
1.979184564988903470e-03
2.570783164713612203e-03
2.571183866485640505e-03
2.615372674930718008e-03
1.865506253564059788e-03
1.919058336243709920e-03
1.862960247685887085e-03
2.659344893536700477e-03
2.711304941178905095e-03
2.659465362083997080e-03
2.814945484910195885e-03
2.843276894936684705e-03
2.854226261037192802e-03
2.887205154417926255e-03
2.999342057901638672e-03
3.006698493632020165e-03
2.965020844143702056e-03
6.374330888757906780e-03
6.473587333939052890e-03
6.317598465223529629e-03
6.109159763728273622e-03
5.675212679240268857e-03
5.814387955424887497e-03
5.743273189937198042e-03
5.607850215033292549e-03
5.062787387191744828e-03
4.979190613140790402e-03
5.181206034112897235e-03
4.970686296528178949e-03
5.260598673417029615e-03
5.353297069241510879e-03
5.255678519768334014e-03
5.401842153993852841e-03
4.876279338687389622e-03
4.704875982634037362e-03
4.757856244178751415e-03
4.655446011041900617e-03
4.372670960793341097e-03
4.450469866689402837e-03
4.434209289968898439e-03
4.402287952189287007e-03
4.465425634222007674e-03
4.483421641740831937e-03
4.432775085606408157e-03
4.525201098228928860e-03
4.498905976104874103e-03
4.481368934373755782e-03
4.555987053757329375e-03
4.549824342729655476e-03
4.341053405786505191e-03
4.418330581902467011e-03
4.396382818245617857e-03
4.494002281730609741e-03
4.550958748680565373e-03
4.562771476749224488e-03
4.322168771777473890e-03
4.386869077225989330e-03
4.401207757933177020e-03
4.454919329642243082e-03
4.467159449104051751e-03
4.511603856130788973e-03
4.516792333459295275e-03
4.449200489545370764e-03
4.511394339407571660e-03
4.514025354572302577e-03
4.445815065484641677e-03
4.505850327477383364e-03
4.509864769873005337e-03
4.439903460612941270e-03
4.501171552306673478e-03
4.503159581256382070e-03
4.433836528684478168e-03
4.498525418713570506e-03
4.495110646160935600e-03
4.416946973954740362e-03
4.487236176140547809e-03
4.486828511700296715e-03
4.450109613853113141e-03
4.492546996714067223e-03
4.503796497254752146e-03
4.396475779325483869e-03
4.466001151057370430e-03
4.437796130694865449e-03
4.352685284905951496e-03
4.415919727186147156e-03
4.393995000437190580e-03
4.305933371546023618e-03
4.370516262116061132e-03
4.340896764457933925e-03
0.000000000000000000e+00
5.895206031473066832e-05
0.000000000000000000e+00
1.841973369378807385e-04
6.018079551352715942e-05
2.257884594596223807e-04
2.963917234433749372e-04
2.369280050521956060e-04
5.553317351782737811e-04
6.897710179480937964e-04
4.317759360229343648e-04
2.977643988944413535e-04
1.077589618412117195e-03
9.529016479937377996e-04
8.252287360869225421e-04
1.145333973685270981e-03
1.198359707507626456e-03
1.141940865633698111e-03
1.688291674451475322e-03
1.566217427168781423e-03
1.439153472502448933e-03
1.803648777717534396e-03
1.319427735247568094e-03
1.204140123182421323e-03
2.437304853655846044e-03
2.342903478082667117e-03
2.241717208991046966e-03
2.526038704650858478e-03
2.140689330720110892e-03
2.037805749054721633e-03
1.925315279021453437e-03
2.615035592595352058e-03
1.752620464497025568e-03
1.809020203004991448e-03
1.806293880126931886e-03
2.750643135359062165e-03
2.704878402067891104e-03
2.756662197540700812e-03
2.803385055509636202e-03
2.918422997553220526e-03
2.880512146175321850e-03
2.924475016086510760e-03
2.958649859584736551e-03
6.070449904287941734e-03
6.221813548803932503e-03
6.168527679249382473e-03
6.010319624721244432e-03
5.832400328534763367e-03
5.752553279171487670e-03
5.893095892166787600e-03
5.399895361978044803e-03
5.537767353591012236e-03
5.472077115808710382e-03
4.875375038606642557e-03
4.993218167830494082e-03
4.946326421545767064e-03
4.793952878114133252e-03
4.905259630459252868e-03
4.869340138559961895e-03
5.076975013920434314e-03
5.165230300267547627e-03
5.093777588554279818e-03
5.167312138689430026e-03
5.327949210302795370e-03
4.824671651962130110e-03
4.468066011322708100e-03
4.538674169450019474e-03
4.586263486827782225e-03
4.356532407863995815e-03
4.387108763687322388e-03
4.417088618652207158e-03
4.456506111551871742e-03
4.487228001657411411e-03
4.331441693547600537e-03
4.394433774055942279e-03
4.501888065385570119e-03
4.444264769535890593e-03
4.342577667218247041e-03
4.332257096167402982e-03
4.411308803824303196e-03
4.398796796618460389e-03
4.451900373937457342e-03
4.447407319043176002e-03
4.442851103949937465e-03
4.436977124348660644e-03
4.425693897611696417e-03
4.433597216751538651e-03
4.423781678506592818e-03
4.375468882735305404e-03
4.330543330719533422e-03
4.240057713160874306e-03
4.274578806611509588e-03
4.307420162179322227e-03
1.385872449746439975e-04
1.928924978281582362e-04
1.304282721983434875e-04
0.000000000000000000e+00
6.084190356975177806e-05
0.000000000000000000e+00
1.817184006659955365e-04
4.957683166634755528e-04
5.568695945440360574e-04
4.945449875723479825e-04
6.235265316284820201e-04
6.211614322867614656e-04
6.923828724235311623e-04
3.736784109443689293e-04
4.331144800772078734e-04
3.726901634863336943e-04
2.559642994771914900e-04
2.408178463868569988e-04
3.134678382325023971e-04
1.024820405397845573e-03
1.081345251435973220e-03
1.021195104900797165e-03
8.971482587600039397e-04
9.569946537149817429e-04
8.932335295034855502e-04
7.735373792587062853e-04
7.679030237841583551e-04
8.310879830231276272e-04
1.084854081801568454e-03
1.659114910930624496e-03
1.644540765342454884e-03
1.702791541374107593e-03
1.533259019982707687e-03
1.581326567431293444e-03
1.518064157152840396e-03
1.397947512068782637e-03
1.450134498534441652e-03
1.386928374935302152e-03
1.749703676859631083e-03
1.277105966426603408e-03
1.326268127728828404e-03
1.270257558838842936e-03
1.156998517964402283e-03
1.209938671800135949e-03
1.151228990540940087e-03
2.391941013155963157e-03
2.436341599976325420e-03
2.392276638809943783e-03
2.299537201789842149e-03
2.346174891117163049e-03
2.295725171801066625e-03
2.200229641020701090e-03
2.246102323448909838e-03
2.195391680669302702e-03
2.483755123367251127e-03
2.482115639874558737e-03
2.527013842280551991e-03
2.098907741871188296e-03
2.144680554051401917e-03
2.094514535254974469e-03
2.012721680129531121e-03
1.998921092339249819e-03
2.051376269220599527e-03
1.893571672346112088e-03
1.939033597689816422e-03
1.879397578988618867e-03
2.573812843916348236e-03
2.571831867375654924e-03
2.616316252247855023e-03
1.758143515280315150e-03
1.755271935515614933e-03
1.811536648137365485e-03
2.661940400760904723e-03
2.706010255560634299e-03
2.660095973697083806e-03
2.796732542000612918e-03
2.837450357269733370e-03
2.839764837163223990e-03
2.877674720900130160e-03
2.992745131857182505e-03
2.995587346411796460e-03
2.955156239172690349e-03
6.170492465715951558e-03
6.273303854823244347e-03
6.118856690182490794e-03
5.951130868902778509e-03
5.573647900432932359e-03
5.703767825125691943e-03
5.624320392912374005e-03
5.484516798990283701e-03
4.833566117125577544e-03
4.950279827480696948e-03
4.912033704827959563e-03
5.031426319000479978e-03
4.748218286946797283e-03
5.012901596629381479e-03
4.980609066266664456e-03
5.121063871532783793e-03
5.028672330678395780e-03
5.108502702218645219e-03
5.254288600567168233e-03
5.184742379286174513e-03
4.566418844997307408e-03
4.635836933156464376e-03
4.515969665389038025e-03
4.430373442910112702e-03
4.212734225766599956e-03
4.292733882925121001e-03
4.276989877985176887e-03
4.242448041049258836e-03
4.307685482171234696e-03
4.322328372274622868e-03
4.272560837556784244e-03
4.352554751628483209e-03
4.337563797477842452e-03
4.303879465390346090e-03
4.392448675229541737e-03
4.368476330887318022e-03
4.348198468125834271e-03
4.420952198552909052e-03
4.414955204936666516e-03
4.185648179186499986e-03
4.263421130441835162e-03
4.254034925428088615e-03
4.370607693609963179e-03
4.189247427056133621e-03
4.255710890301499412e-03
4.266085433630988077e-03
4.293737382467660568e-03
4.318055334516743629e-03
4.374542827658789088e-03
4.371564489929037969e-03
4.312789598968624731e-03
4.381191943849557097e-03
4.379345301297706168e-03
4.317053636231555670e-03
4.378480557242082905e-03
4.381671769932812127e-03
4.312806996712369514e-03
4.373284378670650244e-03
4.376645906140589834e-03
4.301106746061972470e-03
4.367833594119612667e-03
4.358948935690732003e-03
4.308786364026605080e-03
4.363272147894432448e-03
4.379386635884351987e-03
4.352677583521175932e-03
4.260025593755508051e-03
4.328287452215551570e-03
4.306423397210535492e-03
4.220297974649316573e-03
4.286503857496684437e-03
4.263247991650761896e-03
4.172556743734659804e-03
4.206790376206056940e-03
4.239025859946263068e-03
6.829916252290251628e-05
9.083291434118902566e-05
1.147549131696373926e-04
1.576082464549735348e-04
4.342054754862413710e-04
5.591669069549894556e-04
6.979803163480997972e-04
3.142505609025158077e-04
1.163680193653405701e-04
1.853953073629156735e-04
1.709303868184447255e-04
9.606850683856496499e-04
8.350209936329280099e-04
1.033295807441704690e-03
1.089082493177649441e-03
1.029130857980716917e-03
1.705837996328221076e-03
1.596000279713853187e-03
1.465447626744494991e-03
1.337369394828015912e-03
1.216875935875929128e-03
1.094924716044483846e-03
2.437847623262274187e-03
2.345749851324274802e-03
2.249904845444556864e-03
2.149584472656672005e-03
2.528748013339750245e-03
2.055821622092398639e-03
1.953026056869497026e-03
1.825797207781010810e-03
2.617783986648769025e-03
1.634983119493225220e-03
1.693504876981908941e-03
1.696483129124346997e-03
2.752801035774030038e-03
2.751039801015958686e-03
2.707156855886232172e-03
2.793743824348323551e-03
2.915393866356493554e-03
2.916368216279943953e-03
2.876075548973519060e-03
2.953724361185594040e-03
5.873943635995752983e-03
5.972966732018258201e-03
6.021489771940202393e-03
5.852250297497304382e-03
5.722497809367727353e-03
5.242774878398156688e-03
5.408196043478417578e-03
5.321724222716538687e-03
4.653289093755935864e-03
4.764222166621891012e-03
4.723846973193651828e-03
4.750072727620232443e-03
4.850170330627691026e-03
4.812921801312851529e-03
4.680017428929677224e-03
4.857543405705771686e-03
4.967535757369078396e-03
4.903950676886882284e-03
5.042909160122106479e-03
4.917830863515713566e-03
5.173824031005988186e-03
4.356842811787895245e-03
4.461479236677938498e-03
4.412468080564248100e-03
4.275802179715342856e-03
4.335190832890369571e-03
4.371853079006771808e-03
4.198931214359794169e-03
4.227304917212690652e-03
4.257145374658203273e-03
4.287772097470216384e-03
4.325450697271804312e-03
4.187229272048976006e-03
4.214416696818864237e-03
4.281440356542456221e-03
4.304317134570300428e-03
4.241424821041043895e-03
4.303132156146791988e-03
4.314895240634176662e-03
4.315021199127909955e-03
4.307203690252726404e-03
4.305374793310832657e-03
4.285208406143942682e-03
4.241252485318662904e-03
4.197585539543539392e-03
4.108290321359866354e-03
4.141852054069173304e-03
4.173643606832934047e-03
4.469320062210698115e-05
1.035140058971255599e-04
3.754229821185115553e-04
4.352997955944875284e-04
3.746189561811751013e-04
4.978367374471472746e-04
5.603608060873507130e-04
4.968843498739362007e-04
6.285768170494743495e-04
7.006149108805879815e-04
6.261417618367254127e-04
2.558776245966792309e-04
3.144790170302664070e-04
2.559787257656101749e-04
1.167617875411615185e-04
1.860696100060731030e-04
1.165897958797163566e-04
8.995451371376760735e-04
9.618935216406849804e-04
8.984225984378608554e-04
7.608892098880876489e-04
8.286602734256554329e-04
7.672799398336455296e-04
9.661103547244075671e-04
1.646918347459595420e-03
1.584080956025174037e-03
1.413446117790159847e-03
1.473067064443442115e-03
1.405663155376066752e-03
1.292070516666626780e-03
1.344774173779845735e-03
1.284579911382092076e-03
1.166352415555506295e-03
1.221491416410390657e-03
1.161688485787014261e-03
1.042863073383315910e-03
1.099684701644028546e-03
1.038110562056428167e-03
2.396466936322504213e-03
2.439825522303972274e-03
2.393736957378094377e-03
2.304553564273795641e-03
2.347988909011550999e-03
2.301643152820245959e-03
2.205245418630486388e-03
2.252148453460355026e-03
2.202419874456651352e-03
2.102636057318103564e-03
2.151200962532832765e-03
2.100552199187482802e-03
2.487573352067751122e-03
2.485126224531846503e-03
2.530412712454901611e-03
1.997670168211634727e-03
2.048087790274632277e-03
2.005010946757314252e-03
1.945581782163896848e-03
1.762615743301798946e-03
1.760183635225010847e-03
1.827784195049027760e-03
2.579383079985235645e-03
2.576067610118395069e-03
2.620424518138738182e-03
1.671922606247104983e-03
1.653355002739977531e-03
1.714838511035616381e-03
2.669621243879315240e-03
2.710972321273253088e-03
2.665159023349545232e-03
2.794852448030276954e-03
2.839946428916606969e-03
2.877367479035288465e-03
2.838090368036546695e-03
2.995170539688820233e-03
2.993507617976497084e-03
2.954872951369562004e-03
5.959407499430822118e-03
6.065862328973853357e-03
5.915076093379493388e-03
5.648662610311266409e-03
5.762217313332784231e-03
5.609308302116410364e-03
5.362756070800000184e-03
5.301045478358835071e-03
5.469069009415114535e-03
4.608669193295935815e-03
4.700659785225571458e-03
4.802799932510355349e-03
4.826805585404853917e-03
4.967627353768890551e-03
4.904040270845476390e-03
4.713863179888353773e-03
4.847287290990036357e-03
4.785984481683291415e-03
4.955855202276766847e-03
5.099259360242403699e-03
5.032526733073891360e-03
4.434065491423825299e-03
4.500418509866329665e-03
4.394430214842129714e-03
4.315257530438544945e-03
4.244260039365668410e-03
4.058065200442616087e-03
4.135422696268248495e-03
4.121932840364962540e-03
4.080295273771459771e-03
4.161360536714949626e-03
4.146624270994049045e-03
4.102688717810732029e-03
4.187597242622269865e-03
4.172702385575475549e-03
4.131727982502282626e-03
4.217736210593595221e-03
4.202292096902295916e-03
4.165591805107999104e-03
4.256808705286156680e-03
4.234880486063879144e-03
4.036205311246232087e-03
4.110966943125800299e-03
4.112827162086928404e-03
4.189324559979924756e-03
4.127639342633502954e-03
4.210877682603432134e-03
4.158359513442545785e-03
4.199281911446218866e-03
4.256082587147240991e-03
4.246564022507769501e-03
4.197678153723877204e-03
4.255396731864566177e-03
4.257382676767296377e-03
4.191115110016156373e-03
4.254317012172982755e-03
4.251951761314272382e-03
4.184165214397854611e-03
4.242600486524564576e-03
4.248760890601056307e-03
4.170680693838770686e-03
4.236194492335330908e-03
4.239641308992286341e-03
4.151908821285580503e-03
4.230584221252406060e-03
4.205959252089689834e-03
4.125733962231459794e-03
4.193019738375683599e-03
4.173128694235719166e-03
4.086053754242004871e-03
4.129504828394552594e-03
4.153110724354291614e-03
4.034876095166417889e-03
4.103371090911201065e-03
4.072094702027721606e-03
0.000000000000000000e+00
4.512083118972743317e-05
0.000000000000000000e+00
5.736410774438751708e-05
4.361469271924334483e-04
3.151072210199638499e-04
5.627392718975463958e-04
6.943259723141201453e-04
1.856288582680108799e-04
0.000000000000000000e+00
5.763702556628311013e-05
5.785132077343531928e-05
8.298335490610655833e-04
9.101421394948582249e-04
9.714355661624276888e-04
9.048837573948654558e-04
1.509857561594977202e-03
1.521430727214637298e-03
1.572240700998106706e-03
1.352608090325640782e-03
1.461574350838346862e-03
1.229021093194020055e-03
1.104395632687992911e-03
9.762146198025383826e-04
2.441974798361718282e-03
2.350481481622577942e-03
2.254881797214120485e-03
2.153930519261311981e-03
2.050139709564100920e-03
2.533415547683233633e-03
1.885677916641878820e-03
1.941487068027211455e-03
1.889319730553701933e-03
1.717220620101663582e-03
1.824073507445988932e-03
2.624341313579554771e-03
1.549275004632884702e-03
1.610437094885447959e-03
1.591752199886832661e-03
2.763065466426477615e-03
2.716076711428752708e-03
2.757273610357242801e-03
2.796075327266614279e-03
2.923431607034537427e-03
2.918846553018019513e-03
2.881325906324738468e-03
2.958939871212885094e-03
5.803083065276592838e-03
5.505170248429624297e-03
5.090363005851175973e-03
5.226412087036714366e-03
5.166964853873831469e-03
4.543442894202316326e-03
4.511726739146823366e-03
4.582770551033833913e-03
4.630723257334802556e-03
4.607658666678367612e-03
4.679147373843147231e-03
4.732560018543740567e-03
4.889595815011275534e-03
4.768902354092441342e-03
4.659524311039174409e-03
5.021385665348891171e-03
4.211967028782114333e-03
4.322808663471416728e-03
4.284623936902472695e-03
4.148047207515001035e-03
4.252238544991128813e-03
4.212037807828332946e-03
4.080874043748981828e-03
4.178169455680775905e-03
4.147770820069641810e-03
4.046916126056241195e-03
4.068953980523933901e-03
4.091175997913914543e-03
4.116819214615649765e-03
4.148136666353725854e-03
4.014813967009737798e-03
4.102182136977257886e-03
4.025386802850464650e-03
4.024254845440502874e-03
4.119206587225636429e-03
4.095063114817471851e-03
4.071252439002148900e-03
4.163426895058258866e-03
4.198464597474629509e-03
4.194472273687926793e-03
4.187828441622802773e-03
4.177776629213261587e-03
4.161842597185828364e-03
4.139628448266036501e-03
4.106909211626046281e-03
4.061520088682209900e-03
3.981269455949155121e-03
4.009199771453626424e-03
4.044161445783559482e-03
0.000000000000000000e+00
3.766884665590353523e-04
4.369626624792310814e-04
3.761095850919797079e-04
2.578074274455263281e-04
2.568857453244438095e-04
3.163196391986665629e-04
4.994524561895102681e-04
5.636733449182094405e-04
4.987063832636865401e-04
6.273095932035467701e-04
6.280061376578136055e-04
6.937474440071399575e-04
1.869340037753615164e-04
1.515770336222429181e-04
2.213387300294802679e-04
0.000000000000000000e+00
5.807238011550600206e-05
0.000000000000000000e+00
7.671740579222531727e-04
7.640829586373809774e-04
8.330264167359460476e-04
8.382704171510069972e-04
1.529441091938146856e-03
1.301322689863944554e-03
1.357138325710452237e-03
1.296630251081375314e-03
1.421055595953136727e-03
1.465275358090084969e-03
1.417145853062731645e-03
1.175701744841633166e-03
1.233632093610642806e-03
1.170990058022489816e-03
1.049838518158133357e-03
1.107842489423797872e-03
1.046337070655762973e-03
9.318098933277416639e-04
9.871060046110346087e-04
9.209777106674227115e-04
2.401475101802746925e-03
2.398351526999490876e-03
2.444220677961421798e-03
2.310796601207126561e-03
2.353384036166653037e-03
2.307172489508090875e-03
2.211002378147801806e-03
2.257559268188984603e-03
2.207702969072376353e-03
2.109031082538570957e-03
2.105494992351194129e-03
2.156927104545494980e-03
1.997548195803477630e-03
1.997339207930661290e-03
2.049879368163108184e-03
2.499962384277905174e-03
2.539431984440523871e-03
2.493253440052915510e-03
1.941552877834429531e-03
1.657446952020790679e-03
1.709839830916544444e-03
1.664483568468740852e-03
1.769744820994863634e-03
1.765926904691032069e-03
1.827502614788139180e-03
2.590204561207898326e-03
2.584215896572590859e-03
2.629718247630493874e-03
1.603211007959700609e-03
2.680358416300832654e-03
2.721502585874218706e-03
2.674369463616757623e-03
2.801220347557403529e-03
2.852415677531733047e-03
2.845589971700246672e-03
2.887597894831145373e-03
3.007522135054704285e-03
3.000884370637803972e-03
2.965031187679908423e-03
5.740915807443585164e-03
5.851093424847375081e-03
5.692994616791411180e-03
5.440012980777198318e-03
5.545176567173945581e-03
5.399915305540657802e-03
5.196907835542917582e-03
5.142428866618304999e-03
5.280359874781264881e-03
4.471908964030272410e-03
4.558607029024699421e-03
4.677093092419763905e-03
4.816304494872558281e-03
4.752275794461421378e-03
4.557985183474154781e-03
4.692217068603012423e-03
4.636283478470678600e-03
4.450690292174296243e-03
4.582038336222552487e-03
4.529527882651896223e-03
4.808205760854034581e-03
4.882375015614895224e-03
4.949155774023212932e-03
4.179061027213088961e-03
4.285112784077331483e-03
4.247603749942664361e-03
4.359859813369834809e-03
4.113526232327882788e-03
4.051803260430950765e-03
3.902392312497887129e-03
3.980253141318722786e-03
3.969349639910698703e-03
3.917191936541979808e-03
3.987725877064203506e-03
3.998729625389519163e-03
3.933313785841904484e-03
4.017952109320765096e-03
4.006924661273785111e-03
3.952272005731990133e-03
4.041937512864923060e-03
4.027623076887620543e-03
3.983516970940026609e-03
4.074457354625814903e-03
4.057770278571335744e-03
3.883653712736303502e-03
3.959976427935382043e-03
3.949275102623446554e-03
4.003289173750223563e-03
3.983946950771552128e-03
3.999335252384520097e-03
4.055915568564492577e-03
4.081699314700760507e-03
4.104658934461474090e-03
4.140597662183129711e-03
4.139696750024041139e-03
4.075689425199756008e-03
4.133399243095369630e-03
4.136843480351504523e-03
4.066994264013729272e-03
4.125563801247907059e-03
4.129254484206580818e-03
4.055125262459271900e-03
4.112879668280117716e-03
4.119871929892836120e-03
4.040019878596564154e-03
4.105571802753883032e-03
4.095951522238241820e-03
4.021715878172272239e-03
4.086984132426988749e-03
4.073774832659856487e-03
3.992706367135692019e-03
4.059243069717337511e-03
4.039563218628358827e-03
3.950936139593587935e-03
4.018278722212159995e-03
3.993275835039988668e-03
3.906081451094182023e-03
3.944287359286497568e-03
3.970081965998481163e-03
4.376184897914924357e-04
3.167470252177943596e-04
2.221447043844463796e-04
5.629602442670120438e-04
6.968124909380316511e-04
1.197576613772454357e-04
1.532941043101586278e-04
1.182753528389651325e-04
5.916545347270139941e-05
7.835023248839683005e-04
8.465256037511008618e-04
7.753532075479653606e-04
1.485017113466722931e-03
1.238322243088031292e-03
1.361039329367293290e-03
1.112551465833312931e-03
9.906068902964225171e-04
8.572632084219011924e-04
2.356044693616012129e-03
2.450680147441144149e-03
2.260832516479913037e-03
2.159964140997078490e-03
2.053242418958803675e-03
2.544980044442129736e-03
1.890013533341004890e-03
1.943595416087269892e-03
1.887530121965309490e-03
1.713489621770114242e-03
1.829773936687343174e-03
2.635080227739482802e-03
1.544812685604684578e-03
1.600900020423066819e-03
1.546640643781422653e-03
2.783089520892766729e-03
2.772328802296187070e-03
2.731349759559267149e-03
2.807452001708402294e-03
2.941354865043192650e-03
2.896521587741634866e-03
2.931863562579529233e-03
2.974000781756307773e-03
5.589611282373894638e-03
5.317840454408191524e-03
4.966811093376228420e-03
5.082111754657450513e-03
5.028757705030252080e-03
4.398198149341034195e-03
4.369740567913961947e-03
4.488501941274676034e-03
4.440994550226584972e-03
4.615872892507298132e-03
4.740904135877022953e-03
4.502889612272482217e-03
4.409163977917519329e-03
4.885397258571361895e-03
3.999268705345857509e-03
4.105388142456126502e-03
4.073869381039663291e-03
4.061358298028550778e-03
4.172972987424441310e-03
4.136920056933685724e-03
3.944627095995346250e-03
4.046123760306126645e-03
4.012882978177072929e-03
3.887054657321448604e-03
3.955775022779451852e-03
3.983792889752688950e-03
3.892860503252606411e-03
3.909632746321401071e-03
3.924999102888621430e-03
3.942452161636875695e-03
3.967434374981892477e-03
3.865019986650117863e-03
3.874269188956536245e-03
3.939993934512863068e-03
3.839229851192953787e-03
3.931584258591701124e-03
3.911502565306258263e-03
3.924498829729405197e-03
4.032821832375674265e-03
4.078745246203050942e-03
4.071502352942836696e-03
4.061338370724327379e-03
4.048011427777472096e-03
4.031476581165170658e-03
4.007982110565091148e-03
3.972654920737287570e-03
3.929413911483887155e-03
3.859281067840970685e-03
3.883688963812150906e-03
3.919729377266819616e-03
3.775620198243332163e-04
4.382099276147428360e-04
3.771653719881048138e-04
2.569729003080851960e-04
3.165300394471877378e-04
2.574184368566263749e-04
1.881851281064157223e-04
5.005865289983116480e-04
5.636297737705782710e-04
5.000609230965299664e-04
6.274674656027578882e-04
6.969433828323432986e-04
6.274224854232617922e-04
0.000000000000000000e+00
5.956592861853123564e-05
0.000000000000000000e+00
7.049773240633211771e-04
1.428599645986473746e-03
1.488641251874108992e-03
1.424615443557382399e-03
1.182802098429690772e-03
1.179160618733502428e-03
1.241808077094934447e-03
1.308917061293120906e-03
1.304990725564335622e-03
1.364749115006939906e-03
1.057058979940327928e-03
1.116126637163186415e-03
1.053389716605873877e-03
9.384027054595226857e-04
9.938946858138472760e-04
9.350739676779860508e-04
8.495200056400710768e-04
8.164192731128985933e-04
8.905374281299721769e-04
2.323419710987872488e-03
2.362263983155892932e-03
2.316535720050078798e-03
2.438385899010608523e-03
2.468789165487217992e-03
2.419240698414164194e-03
2.221079298156067913e-03
2.265763216876137773e-03
2.215546754736615314e-03
2.113948815664438378e-03
2.162298278397758837e-03
2.111064343131535941e-03
2.004770676587876339e-03
2.056712860635845613e-03
2.000801246305987727e-03
2.532203016918854570e-03
2.515669154513670413e-03
2.561083729389644625e-03
1.947298896502611164e-03
1.661124206092395037e-03
1.715243882196976471e-03
1.658990435531882855e-03
1.782343083424130269e-03
1.775706937643727577e-03
1.836001787767168854e-03
2.604088770240173788e-03
2.596646274805676242e-03
2.642107029306138988e-03
1.486528015902711204e-03
1.602834937198078071e-03
2.685244650783604782e-03
2.682223894087694578e-03
2.734026565391615548e-03
2.817401385759537354e-03
2.877178268825656381e-03
2.864407991719236917e-03
2.909026541789492062e-03
3.028788782110591275e-03
3.017763423434593941e-03
2.984703828376782542e-03
5.514876796908395329e-03
5.628846886736588520e-03
5.475865670518550304e-03
5.184247625631160060e-03
5.313178434762804749e-03
5.189864817802222405e-03
5.073457837657927363e-03
4.326384056396738800e-03
4.402649130106633599e-03
4.539644615749456429e-03
4.480663552369967655e-03
4.524521541061516001e-03
4.666190458061391516e-03
4.601161091007634901e-03
4.294751949654312950e-03
4.426109285645529051e-03
4.373058625022746213e-03
4.208290999857502296e-03
4.329191932416571499e-03
4.289371076507172281e-03
4.670691329055393429e-03
4.818553306482563879e-03
4.739706599423004069e-03
3.971080490799004832e-03
4.029476274815464373e-03
4.129354243418500645e-03
4.207537770727606645e-03
4.094443122953782266e-03
3.915022526494936830e-03
3.862451171838068766e-03
3.753220591645492835e-03
3.827793501769318277e-03
3.818464106525310854e-03
3.789379801016604446e-03
3.853229276441022966e-03
3.845929143701203815e-03
3.740747706801038266e-03
3.836910610223703399e-03
3.829101889236929002e-03
3.769239672058093387e-03
3.860636584519620395e-03
3.851411687619878468e-03
3.803412908905439999e-03
3.893342756182479637e-03
3.877965309204719265e-03
3.734077283896262110e-03
3.808885794285404944e-03
3.799560748214051917e-03
3.820802848318832594e-03
3.849586831639910042e-03
3.857313320328838776e-03
3.916856209863651440e-03
3.963665413361829037e-03
3.973845899334071778e-03
4.022792419944252844e-03
4.019676698179207829e-03
3.950947149920605236e-03
4.013460424385826772e-03
4.008962579332480021e-03
3.939555588135443091e-03
4.003427603756716004e-03
3.997330528733307464e-03
3.925294906258929191e-03
3.982657092163006951e-03
3.990366809525612742e-03
3.912098001945211491e-03
3.966951689139125783e-03
3.976171924124068634e-03
3.890075206796686329e-03
3.941533932304590836e-03
3.955906078722772577e-03
3.858965222539607193e-03
3.905224952685046411e-03
3.925694251942412651e-03
3.820197280097544119e-03
3.885270473020663133e-03
3.863587271514575937e-03
3.782851399302839326e-03
3.844015675326300195e-03
3.821747532695872127e-03
4.386477544633936862e-04
3.167865912608042590e-04
1.875160065503562708e-04
5.636347287334971890e-04
1.186723864997768361e-04
5.868659414424268233e-05
1.192448307682324990e-04
6.354676974562429529e-04
6.314701586560895379e-04
7.090800354305473382e-04
1.368586805451711816e-03
1.119710152168183108e-03
1.245662210023804149e-03
9.975105271156259508e-04
8.938237629380752077e-04
7.467511050562388071e-04
7.979491661193322113e-04
7.650960902949773814e-04
2.272126995902389382e-03
2.380738699942051666e-03
2.485291130661085399e-03
2.167413542115759813e-03
2.059272105842255979e-03
2.567994002399126129e-03
1.899178840758011886e-03
1.951815953017012936e-03
1.894219137081060633e-03
1.721589388832670204e-03
1.840631348376020864e-03
2.644417831138137949e-03
1.435449488540003473e-03
1.431754687999544414e-03
1.489969503114879027e-03
1.556622332333587209e-03
1.608704923107113398e-03
1.550444761249853733e-03
2.766921191012691218e-03
2.774372437706244723e-03
2.725712206546884123e-03
2.829940276232505592e-03
2.954415851779017711e-03
2.947327296308142972e-03
2.915446074837629940e-03
2.991042530991551256e-03
5.348447646473048801e-03
4.840269517249805829e-03
5.012337177742002062e-03
4.903769428163690797e-03
4.249248684226014997e-03
4.347086718822937811e-03
4.461851805180181395e-03
4.595615665918310888e-03
4.250166077844650531e-03
4.167798135803271742e-03
4.753406646711405732e-03
3.793803669792317635e-03
3.896197117611100661e-03
3.869422650888035709e-03
3.837366372716628869e-03
3.918593570818794738e-03
3.949017135349795586e-03
3.897650846393155115e-03
4.013182969850551118e-03
3.979816426697990045e-03
3.744066025860135968e-03
3.844088289640477246e-03
3.815706922389618116e-03
3.695785627452922561e-03
3.791202112491373448e-03
3.767629562484771204e-03
3.743559050874409322e-03
3.771181867052660758e-03
3.764966046628973485e-03
3.754653233429809493e-03
3.785886020877501576e-03
3.716234444983434766e-03
3.790664442932350966e-03
3.725141834431859502e-03
3.656925666924745570e-03
3.747904447759809517e-03
3.730279926951887617e-03
3.782907219645682134e-03
3.906625153438971106e-03
3.957428424233798078e-03
3.945477041433320502e-03
3.932780271004626162e-03
3.919165392210048789e-03
3.901672090517689824e-03
3.875205332770360368e-03
3.840310206767638592e-03
3.802307615562664639e-03
3.743524015803811628e-03
3.763881851377690307e-03
3.800668282746966567e-03
3.781741281958832723e-04
4.390908622171245737e-04
3.778923849439358917e-04
2.583686376663036342e-04
2.576846100282867229e-04
3.176805742476689824e-04
1.872920300778772092e-04
5.014980953672349036e-04
5.641832251653641122e-04
5.010613629824528167e-04
0.000000000000000000e+00
5.904706962107539677e-05
0.000000000000000000e+00
6.908499793876571272e-04
5.680642259342217042e-04
1.316367874765485670e-03
1.372282844043250499e-03
1.312436964442467453e-03
1.065857565957467872e-03
1.124100241062966953e-03
1.061356213521317442e-03
1.192493841959269430e-03
1.250477872425439238e-03
1.187506024544326922e-03
9.386557102131365014e-04
9.976207827683987710e-04
9.384582756318491379e-04
8.113519032393075444e-04
8.746064393363561350e-04
8.303823642485725536e-04
7.789413462544909081e-04
2.237475726251807011e-03
2.280323466015328222e-03
2.228724600109879394e-03
2.346877060922280926e-03
2.392535628988578123e-03
2.334543248218716970e-03
2.533021995760182093e-03
2.485249451669264628e-03
2.532225281063325752e-03
2.127673843559750328e-03
2.174240418042247113e-03
2.120317990295548724e-03
2.014784983903638617e-03
2.064219549048114215e-03
2.009352175738758888e-03
2.568497905241475410e-03
1.956852649923178453e-03
1.678108657249845681e-03
1.669266984608372244e-03
1.730070247145043148e-03
1.798979464567426224e-03
1.790289788962727210e-03
1.848948876345428297e-03
2.609954460054983959e-03
2.606718427224249089e-03
2.647583731488955573e-03
1.495836524521721366e-03
1.375705305591724088e-03
1.617185123637473456e-03
2.857112456140872662e-03
2.819552239043286376e-03
2.811907561208996150e-03
2.668980609416709421e-03
2.717913695390901298e-03
2.676653741055221719e-03
2.866807233915484501e-03
2.905520135742501852e-03
3.059302974737613829e-03
3.043646163067319308e-03
3.006500225288390431e-03
5.281133422889986405e-03
5.398975879251357787e-03
5.230764560488892004e-03
5.012732612446357296e-03
4.924902085247212166e-03
5.099059243005845017e-03
4.129771051432019197e-03
4.265889183749817584e-03
4.212650909336044906e-03
4.241564071433541125e-03
4.382783060044603309e-03
4.322498544817077876e-03
4.369648315160653065e-03
4.519940322933168123e-03
4.447452602447504386e-03
4.035060920151123734e-03
4.164556728021700030e-03
4.122085548492056620e-03
3.961309498746435308e-03
4.084518469256981019e-03
4.045690829622777818e-03
4.514702023956879660e-03
4.677400424288348339e-03
4.593091049792961088e-03
3.768199105288601476e-03
3.814838705561111789e-03
3.866624921814159222e-03
3.928508616332741614e-03
3.719215327241286694e-03
3.675773036552755849e-03
3.602632169977756406e-03
3.677889732574651273e-03
3.668362976098765715e-03
3.615998710571713924e-03
3.702692034541842959e-03
3.684633542699520398e-03
3.678057124565970587e-03
3.594030947309675376e-03
3.681523708727201406e-03
3.667450299945966552e-03
3.624692174255067512e-03
3.713895157106069083e-03
3.697049682992725739e-03
3.587957102399954960e-03
3.660996405587357665e-03
3.652088356621293209e-03
3.640344761868431409e-03
3.708560667347262588e-03
3.712454622550685063e-03
3.779117285103504413e-03
3.832560453759228155e-03
3.841160968889335229e-03
3.898203635127409691e-03
3.891745656122221064e-03
3.814445737951302137e-03
3.882797282822631531e-03
3.876985081072466775e-03
3.802662279013653817e-03
3.863970277576446628e-03
3.871206667598089957e-03
3.798746465088911808e-03
3.862089560438334169e-03
3.855446610979659013e-03
3.786088107895139825e-03
3.838175760311732070e-03
3.849097376303956420e-03
3.763246187254041739e-03
3.826566199560433711e-03
3.811310428199601256e-03
3.732477577913596422e-03
3.795498069053584479e-03
3.776694055267397574e-03
3.698914310006928743e-03
3.741420565571623464e-03
3.759207524902160452e-03
3.665217965070245634e-03
3.705057483100128793e-03
3.723513405151304776e-03
4.394291995707156630e-04
3.178257119729941110e-04
1.877374765580995639e-04
1.225904908246411610e-04
1.206402299800834495e-04
6.067531152090072745e-05
6.509831061767590603e-04
6.987126829652835986e-04
6.431843270346457699e-04
5.023701899459142792e-04
5.686004451699811163e-04
5.019317763724407853e-04
1.254218457162216589e-03
1.001999745982756415e-03
1.128943293484811847e-03
8.747094858027560857e-04
7.307049596320016726e-04
2.182426901408520206e-03
2.292007882966227029e-03
2.456031150582165673e-03
2.401178971216968300e-03
2.446467236505293127e-03
2.494512136769200077e-03
2.071094217572804277e-03
2.571381293325217601e-03
1.916284141467089865e-03
1.907308175007869228e-03
1.965420383124213619e-03
1.738383546696325391e-03
1.857464452173252260e-03
2.639074012424226946e-03
1.447603023907082908e-03
1.501972997426340812e-03
1.441233294066286827e-03
1.323881794984721775e-03
1.379500948652874438e-03
1.319861692992128173e-03
1.572444236855276810e-03
1.564202127323747679e-03
1.625151060528301364e-03
2.853000578147585863e-03
2.854549326945933930e-03
2.809508806751806042e-03
2.764914520438227063e-03
2.765381015132034430e-03
2.716485907138064572e-03
2.923560586970676885e-03
2.890003975716691834e-03
2.938553764461076471e-03
3.006275554969191355e-03
2.979616132233459894e-03
3.032277147206439202e-03
5.146160371291272351e-03
4.729090314582819025e-03
4.871274798269068992e-03
4.784750468521131554e-03
4.183952779950812599e-03
4.080877244438675146e-03
4.303719815024322458e-03
4.440117035902046462e-03
3.996997732098325935e-03
4.619373683269899396e-03
3.589858362755778132e-03
3.691505234830846048e-03
3.667156484298482802e-03
3.621855984140638553e-03
3.708106949620196789e-03
3.729222095917950584e-03
3.659211902469584193e-03
3.778021780141156000e-03
3.748622567899797999e-03
3.713124937472074300e-03
3.836737676586372651e-03
3.805779498101667137e-03
3.545951033058440411e-03
3.644700103829564154e-03
3.621017842687224500e-03
3.507018574053374048e-03
3.601133339676031945e-03
3.582093567862076108e-03
3.595258480030342780e-03
3.609190965684813766e-03
3.555129774177267186e-03
3.585501650383492774e-03
3.647917522225479960e-03
3.609014047803854423e-03
3.574373590895492739e-03
3.572537316304870945e-03
3.580280213107717158e-03
3.644372960316940441e-03
3.475987654027838224e-03
3.566225298473287009e-03
3.550432850225932260e-03
3.640523200436591913e-03
3.770547123958748609e-03
3.823687776698404036e-03
3.808839527943785972e-03
3.801082749213164930e-03
3.792878485239173023e-03
3.775205126665005968e-03
3.748441172310683876e-03
3.716311092132150787e-03
3.682696731705889081e-03
3.634480365768795723e-03
3.650336884604580678e-03
3.688323118121992952e-03
3.786587949926083435e-04
4.398031324321233768e-04
3.784249605486606654e-04
2.570590447316776377e-04
3.173388212053950431e-04
2.577232044361824591e-04
1.900191755746158113e-04
0.000000000000000000e+00
6.102455824571663157e-05
0.000000000000000000e+00
5.761752885343646461e-04
4.401207002836157170e-04
1.199783744289781989e-03
1.257880657893783137e-03
1.195935701118831362e-03
9.475980978679192975e-04
1.006513984188120436e-03
9.430189315088132298e-04
1.074059947744308418e-03
1.133066743762295957e-03
1.069810014561958659e-03
8.246974114053960735e-04
8.814725245431942599e-04
8.179326670523008212e-04
7.320291558035933689e-04
6.913247337946485218e-04
7.715797927753034052e-04
2.147351673653357523e-03
2.137007219333326904e-03
2.192341124298701968e-03
2.260052825235091874e-03
2.303401964110773047e-03
2.248194830074630359e-03
2.371587291611011034e-03
2.358564996759974532e-03
2.413783200019425142e-03
2.562072130675809023e-03
2.547137567373344586e-03
2.508832995865510184e-03
2.034952740625154983e-03
2.024436426805179857e-03
2.081235084941766584e-03
2.585928322532215270e-03
1.975473851633270141e-03
1.696345162878507484e-03
1.686853481242817174e-03
1.747546073497706180e-03
1.831419490299743009e-03
1.873698955895527259e-03
1.814620464058426964e-03
2.615427634245390178e-03
1.509794260371238091e-03
1.385512073824204113e-03
1.261590563348483247e-03
1.634184150045622091e-03
2.808917330445732160e-03
2.888165706808032938e-03
2.676459116986720180e-03
2.720714621079997706e-03
2.672202581253301824e-03
2.964731846508810928e-03
3.099622001553987635e-03
3.079009591370541685e-03
3.052741777191432179e-03
5.039539928608970966e-03
5.161329986175145976e-03
5.024934644930235082e-03
4.881347165849535784e-03
3.959741966083842393e-03
4.100262477522674531e-03
4.045190823238826658e-03
3.854823667263846450e-03
3.945400073320930005e-03
3.991869295125274365e-03
4.075491749239679509e-03
4.222223658826088077e-03
4.158963757071982258e-03
4.188640031488750394e-03
4.351361858032551898e-03
4.279701374333789131e-03
3.783042850434816667e-03
3.872588303349716165e-03
3.908622728911945177e-03
4.354397641671572082e-03
4.542066530429447746e-03
4.434893372240102105e-03
3.567236558845404085e-03
3.605231215797127537e-03
3.639781636708235967e-03
3.685327149580092197e-03
3.746901560318159023e-03
3.525876564658942704e-03
3.491011789249037680e-03
3.453242819651245344e-03
3.527857937926196039e-03
3.520588222107946461e-03
3.481343342722854894e-03
3.541991108290556186e-03
3.548540718041519673e-03
3.403096378191941725e-03
3.478890707430828434e-03
3.509533124042954737e-03
3.450319714667924968e-03
3.537309449645186302e-03
3.522238203961767199e-03
3.423662406382521443e-03
3.508677998148534722e-03
3.489427733962674298e-03
3.439283028386296796e-03
3.513545470343049093e-03
3.505882611945105361e-03
3.462772459620450452e-03
3.559493656859723243e-03
3.566125561677551108e-03
3.634017536818037308e-03
3.688086909259791300e-03
3.698467566767689625e-03
3.760372105980644940e-03
3.751243837909865649e-03
3.671803722343888222e-03
3.737199800352368657e-03
3.743168038634922794e-03
3.677830020085883899e-03
3.738284923010861890e-03
3.740275147795333634e-03
3.678167534987710364e-03
3.732193261944405805e-03
3.738433988684217169e-03
3.663501058016012564e-03
3.724700518335560730e-03
3.713519413014109219e-03
3.638022116032160313e-03
3.700438807758531408e-03
3.685498798658397388e-03
3.605870359353888395e-03
3.652738496122363236e-03
3.668857026381702573e-03
3.574218375629445183e-03
3.636089626333437706e-03
3.620174885546508826e-03
3.552513194900027739e-03
3.608310856526467363e-03
3.594135662376069830e-03
3.174244197639114712e-04
1.891486207455254150e-04
1.213814832505635301e-04
6.011941611090817952e-05
1.220012225297696488e-04
5.033093168667356109e-04
5.767788167936185395e-04
5.028168084253029427e-04
3.790221279706114475e-04
4.404402063002445787e-04
3.788335992221890901e-04
1.136670478115238371e-03
1.010562181415341305e-03
8.858748349195109516e-04
7.781872741417629556e-04
6.270080728229561863e-04
6.793451339011043243e-04
6.389500226874310351e-04
2.090959228591557448e-03
2.203498626593148376e-03
2.315570353501901664e-03
2.494490251053316839e-03
2.432713972974098401e-03
2.474544721928158275e-03
2.528201038347894624e-03
1.950865350521315943e-03
1.933267365796139921e-03
1.992882145971253387e-03
1.763585850944545969e-03
1.891094041470072883e-03
2.598890370217350233e-03
2.580129918844287565e-03
2.633898339283286330e-03
1.463238776592170731e-03
1.455120973155349991e-03
1.517746734065165580e-03
1.339338834774998505e-03
1.393362417483904421e-03
1.331368293613037837e-03
1.211971534573815824e-03
1.267789480755850563e-03
1.205653734287494413e-03
1.587262238197840016e-03
1.641734694501473853e-03
1.579542385178926049e-03
2.856987922286882784e-03
2.854424119311094361e-03
2.810460628152930147e-03
2.951961313682196879e-03
2.937111781143338443e-03
2.902007129203573472e-03
2.768924071458691259e-03
2.766434187554530407e-03
2.722231917440963780e-03
2.637448481505048209e-03
2.978718880884648635e-03
3.056096742247353323e-03
3.077371289186818775e-03
3.030609482162631950e-03
4.663746593508123588e-03
4.696201970061774505e-03
4.851540156990179209e-03
4.015790609854207917e-03
3.905606074585170773e-03
3.817558230005330729e-03
4.130197141849386785e-03
4.268637096685906282e-03
4.506628986717319332e-03
3.390899408597776010e-03
3.490003061575296280e-03
3.468596356271344029e-03
3.412898368314648025e-03
3.516900265646409271e-03
3.501623422305813731e-03
3.444692534617949803e-03
3.551443009895896216e-03
3.533563032338077944e-03
3.477499729391177880e-03
3.594794052156916921e-03
3.568695457353970001e-03
3.543080591669527275e-03
3.628452663617913552e-03
3.662500419252393176e-03
3.352736215030412137e-03
3.448992601668315547e-03
3.430014145115421308e-03
3.319888255997288044e-03
3.413134022095486858e-03
3.398046056636128565e-03
3.446271545594032076e-03
3.467244432407111821e-03
3.442210425200776733e-03
3.413163608260215507e-03
3.436713841553471968e-03
3.423691715416281312e-03
3.431561704377138287e-03
3.498035488924576639e-03
3.296447270263624940e-03
3.373458698265034521e-03
3.385953009317723816e-03
3.623756248736972538e-03
3.491549910017216138e-03
3.680185789611276417e-03
3.675111453240136831e-03
3.678351576558172142e-03
3.671267144486468122e-03
3.651231548005173799e-03
3.622467568917260398e-03
3.590587522833385645e-03
3.563796889194057512e-03
3.532464651114414472e-03
3.542764488033574820e-03
3.582749165043004960e-03
2.583279534810378124e-04
2.576908888786849389e-04
3.182422008185395250e-04
1.888269398324454674e-04
0.000000000000000000e+00
6.045259764969780755e-05
0.000000000000000000e+00
4.407773978538067554e-04
5.647898304302064821e-04
3.182636900909206041e-04
1.083598001630626259e-03
1.141521719550951967e-03
1.078634332896814254e-03
9.585679654356844262e-04
1.016138943905558947e-03
9.529424595247099755e-04
8.380274170513658588e-04
8.312525678067924587e-04
8.926455248573499264e-04
7.306670521631513510e-04
7.775532623056143500e-04
7.312851909736794997e-04
6.785758843812985004e-04
2.044487948760122763e-03
2.039192045467988317e-03
2.095878589417031045e-03
2.171250666510427581e-03
2.158784512756100997e-03
2.215642021891300276e-03
2.287048366022519878e-03
2.329329852263050706e-03
2.272974615951756702e-03
2.399813016704172974e-03
2.447221259360024201e-03
2.385107873878949698e-03
2.546667758922525372e-03
1.997358349819105400e-03
1.698045726680146418e-03
1.696867982814828993e-03
1.764704447877290562e-03
1.931306120217441509e-03
1.940874580353456899e-03
1.880897920370736085e-03
1.525012653423087408e-03
1.401017507614529464e-03
1.275398522655525699e-03
1.147514300380835742e-03
1.642434714873303907e-03
2.812996291703275149e-03
2.904428228752344888e-03
2.676887358416468136e-03
2.722984113832281616e-03
2.676311429690215061e-03
2.588460411107817386e-03
2.632522058344269941e-03
2.593470803814285162e-03
3.003875216692157742e-03
3.149113827484469226e-03
3.123810025508699188e-03
3.102522696925885410e-03
4.789888930134762572e-03
4.915736974228123932e-03
4.725458688765875152e-03
3.786715005865215391e-03
3.930625175745014119e-03
3.873701071409182614e-03
3.682850889636311333e-03
3.820780574746290240e-03
3.769270189911332232e-03
3.592560563726142006e-03
3.723156188581190195e-03
3.688290022508484544e-03
3.847608290484767941e-03
3.962405605922931194e-03
4.017573461733344245e-03
3.933300868494414224e-03
4.062064148974068971e-03
4.142739581194012505e-03
4.429459157374739282e-03
4.547216947591461653e-03
4.389983822210379721e-03
3.371226261933800341e-03
3.401408778504257449e-03
3.428120608019258851e-03
3.460361076100538971e-03
3.509211783480889468e-03
3.566575739030706203e-03
3.335788574613035226e-03
3.307781097877921569e-03
3.304564306466379036e-03
3.378773177279827383e-03
3.371897874218174850e-03
3.332917077797376525e-03
3.407028729088181201e-03
3.393076471635439982e-03
3.367821826562924885e-03
3.245142192044684747e-03
3.334154463538709350e-03
3.324136640105604477e-03
3.275792398890526973e-03
3.349769617322351494e-03
3.362820277536233016e-03
3.289501919387765802e-03
3.364251860142603370e-03
3.356552257671642763e-03
3.285814056446093208e-03
3.543332709901992391e-03
3.551606965355127987e-03
3.615696455518276151e-03
3.404814449557529155e-03
3.414409980286254708e-03
3.482053941672985393e-03
3.607526995727255645e-03
3.530181150119656580e-03
3.603882330115210867e-03
3.600994208880355443e-03
3.575313782589283410e-03
3.626765595610265645e-03
3.626559768177225942e-03
3.564496035203800709e-03
3.621237302713161636e-03
3.614118616170072795e-03
3.540485289830117704e-03
3.601808116515817573e-03
3.589432824377145146e-03
3.511042491031029014e-03
3.558719982909774957e-03
3.574239204932706110e-03
3.464241902408893986e-03
3.519524052228929084e-03
3.534508803506285386e-03
3.457876550166606201e-03
3.505550915910222304e-03
3.515494427310949729e-03
3.446138082155558897e-03
3.489825958361407812e-03
3.498638282502256492e-03
1.892231072380661926e-04
1.251980946579977518e-04
1.232858107990763934e-04
6.204808609338582437e-05
3.791892872410907128e-04
4.410176312181733073e-04
3.790846679471873790e-04
5.043345757906604306e-04
5.654466618154153435e-04
5.037809046065832219e-04
2.555483509812492456e-04
3.170457098904511757e-04
2.569341709736787946e-04
1.020793046531246395e-03
8.980225105491646334e-04
7.840993089683813855e-04
6.166099642876227919e-04
6.734607042117327297e-04
6.217482629074716017e-04
2.107672398316651902e-03
2.228884902594524715e-03
2.343146553983467984e-03
2.502727859267949925e-03
2.450925269894600658e-03
2.498070641444460720e-03
2.540940157645638943e-03
1.987905010112082926e-03
1.809908500371824099e-03
1.820295584954643086e-03
1.753623508730147796e-03
1.870614077617510120e-03
1.490111386943164268e-03
1.476393260203852278e-03
1.538643338133725792e-03
1.354075043788827972e-03
1.346409189549308992e-03
1.408579612681582199e-03
1.242107980094978156e-03
1.226851695013738775e-03
1.290652394817247027e-03
1.105989647018011581e-03
1.094521962500850931e-03
1.158855194164088104e-03
1.587509527164153878e-03
1.587185833394141529e-03
1.642756641831301639e-03
2.866637190478044800e-03
2.817269674273123730e-03
2.861332633932888673e-03
2.947582602527621786e-03
2.901810864638936296e-03
2.949173786130929696e-03
2.777744113418780404e-03
2.772922702867567247e-03
2.726758630397796597e-03
2.632254963067804428e-03
3.025670773461258418e-03
2.988079266903939744e-03
3.040483278070181539e-03
3.117095064782531618e-03
3.085967959013280037e-03
3.132670426328193394e-03
4.608414499847787206e-03
3.733034872253403278e-03
3.815739270042213267e-03
3.636136627457623501e-03
3.888684957551945178e-03
4.064003423208895072e-03
4.210465980168932171e-03
3.996496133530333048e-03
4.245400858905254947e-03
3.196089719739456450e-03
3.293079015776897121e-03
3.274561409807782812e-03
3.223356905410890497e-03
3.307320612326941200e-03
3.317723826331147024e-03
3.230128073662494152e-03
3.336908570316149316e-03
3.321784345837947624e-03
3.248974808913755816e-03
3.362649239511825410e-03
3.347174911120901018e-03
3.306492180589812053e-03
3.392322379948914477e-03
3.424180129315546311e-03
3.347073073357111073e-03
3.445563455517560315e-03
3.469189499822832989e-03
3.163430840532791867e-03
3.257699077593941873e-03
3.241775634642254239e-03
3.140557892054039995e-03
3.218585703498533235e-03
3.229896037911525377e-03
3.297081422620638889e-03
3.318703452721307595e-03
3.189159855119380691e-03
3.295827335489787298e-03
3.261031786763740701e-03
3.260223367971542587e-03
3.216947763581164826e-03
3.256515306307369417e-03
3.273089566705246391e-03
3.339898418213585289e-03
3.120592477027672729e-03
3.208204264675588394e-03
3.198243751185583274e-03
3.474009826965157935e-03
3.330604775139628729e-03
3.537104962264126136e-03
3.552933728501800423e-03
3.570198712796837735e-03
3.552884517516628152e-03
3.526197612474699875e-03
3.488036119213268511e-03
3.461531686896354796e-03
3.452243643970943649e-03
3.438854351541212676e-03
3.442530998831334552e-03
3.484970378757197475e-03
1.914339719280254697e-04
0.000000000000000000e+00
6.238986533274179719e-05
0.000000000000000000e+00
4.413743749765418616e-04
3.169490178398902814e-04
5.601458197455659810e-04
1.898293750198087198e-04
9.666262463208940723e-04
9.624250000174157989e-04
1.024968643347659017e-03
8.425512014155092481e-04
9.004041516759271830e-04
8.401682112976885169e-04
7.280420428151952164e-04
7.828837654760668159e-04
7.292664846894704239e-04
6.720253806764129494e-04
2.094707050404383698e-03
2.132950946165959160e-03
2.069003986235559613e-03
2.202077894276406166e-03
2.186146850284317704e-03
2.244609776122643424e-03
2.318383709381607091e-03
2.359165499990161993e-03
2.302157295462679484e-03
2.427499691306127857e-03
2.465199755545914410e-03
2.413138113878081879e-03
2.545675060683927349e-03
1.991167293919334468e-03
1.960956927976788538e-03
2.017683632470383074e-03
1.680399724631982845e-03
1.745134699012810707e-03
1.689030343097818387e-03
1.907036774698111841e-03
1.918889168494879735e-03
1.858052001778793920e-03
1.421825642386383712e-03
1.538653373107626027e-03
1.297766488224538382e-03
1.173831844039511640e-03
1.035912424448036774e-03
1.633738390149259501e-03
2.822300667763198712e-03
2.907168837145622260e-03
2.986617476563318326e-03
2.683246428794394331e-03
2.730608917762739323e-03
2.679734936958854709e-03
2.590412179723375775e-03
2.633739987139075735e-03
2.589119377951796565e-03
3.071344761985981414e-03
3.207928088150302243e-03
3.177957849657598536e-03
3.162532134685772534e-03
4.531928033130908778e-03
4.661969919379743525e-03
4.478509205480683993e-03
3.505243979390093231e-03
3.645328058439684278e-03
3.594537540115955512e-03
3.567501907118498638e-03
3.706913634862604376e-03
3.677874034429986019e-03
3.412458583308508424e-03
3.547025335404389249e-03
3.502970367900890090e-03
3.566456346688244919e-03
3.708213207473505090e-03
3.748932125124637173e-03
3.698935144383007270e-03
3.880199838538158155e-03
3.816984075950390336e-03
4.163452506715983187e-03
4.111694776735156168e-03
4.297525031389906255e-03
3.179249969667869748e-03
3.209241286282718715e-03
3.226252496615939977e-03
3.238959460988785795e-03
3.276752519278612261e-03
3.325647307083124705e-03
3.378381633644544565e-03
3.151582833065763069e-03
3.130245051889352873e-03
3.162741564774193721e-03
3.226106790626545422e-03
3.233479465108445722e-03
3.172620722898635177e-03
3.252565998879660639e-03
3.238575689114502054e-03
3.180836969091505213e-03
3.094718533406879205e-03
3.184939125438691464e-03
3.169952385493535717e-03
3.062681955690893867e-03
3.125929192656354792e-03
3.153602608152770905e-03
3.168026258228662413e-03
3.212333662471352890e-03
3.228637801904840621e-03
3.107392529219800414e-03
3.386719277027198764e-03
3.395990420288365948e-03
3.464888173637403670e-03
3.263468071292437503e-03
3.260200101257770822e-03
3.333973529099659109e-03
3.458407632068733004e-03
3.461993376014308246e-03
3.496342158640091888e-03
3.518528319153339540e-03
3.513328528102440274e-03
3.440779514541289497e-03
3.502445836675719890e-03
3.490761684747175405e-03
3.418775934321828004e-03
3.465155012207673385e-03
3.479369599597453237e-03
3.388064650534245489e-03
3.449199483596479716e-03
3.426686126525486237e-03
3.353213101072541683e-03
3.405718377969540502e-03
3.408227083126075686e-03
3.353186028370311496e-03
3.404949741621362408e-03
3.399992180271161832e-03
3.350966619352120299e-03
3.397939959678028879e-03
3.395330225570649188e-03
1.259583777696828748e-04
6.244836593822883852e-05
1.255746526764136889e-04
3.793223368330493790e-04
4.416267452323565951e-04
3.792229314371485158e-04
2.536473131248102256e-04
3.162041298018714508e-04
2.545856774960759939e-04
4.935348527831860893e-04
4.988841257328769123e-04
5.548852171942464991e-04
1.905068249266329524e-04
9.042708594620750637e-04
7.850089753230464094e-04
6.113752999386209714e-04
6.695540614084763333e-04
6.139150784875654389e-04
2.148221587719405766e-03
2.042822892564572293e-03
2.259908218688250810e-03
2.372660018591407020e-03
2.520187692918744206e-03
2.473646477910520537e-03
2.511138882473272840e-03
2.546218765716867782e-03
1.949130441288523391e-03
1.790677987264926128e-03
1.800037349596617488e-03
1.735059262668643297e-03
1.848879112393072817e-03
1.416374401648515420e-03
1.384910406501042076e-03
1.453218742133121060e-03
1.542609192803362592e-03
1.565000879586443813e-03
1.515972275782019162e-03
1.206483133657611619e-03
1.280118169328925025e-03
1.224198424462239355e-03
1.155812017036676308e-03
9.718867745882593494e-04
9.690989372950380761e-04
1.038792001623765763e-03
1.611452864002701395e-03
2.881191467359681298e-03
2.873524641457046898e-03
2.828936924469741855e-03
2.974962873309900356e-03
2.920293975203451433e-03
2.960762422278900678e-03
3.005852470672823028e-03
2.976523375748427614e-03
3.015646876294525956e-03
2.789608676231312544e-03
2.783375605082516035e-03
2.735849567494770193e-03
2.636343279550114153e-03
3.077286284162869274e-03
3.096923941007633484e-03
3.050852715959403907e-03
3.183964319544323358e-03
3.195579895954170704e-03
3.149860170153905709e-03
4.346177237685772653e-03
3.457244122115767527e-03
3.534978225584900404e-03
3.566041255472230873e-03
3.630829073268853572e-03
3.821342783564739276e-03
3.757672966166249965e-03
3.943674582857537719e-03
3.991474503528102957e-03
3.003662020171441599e-03
3.099432333935842141e-03
3.083674900506018935e-03
3.033045116697632732e-03
3.127765758595829615e-03
3.114726460348669727e-03
3.036113526804421273e-03
3.129972426706320414e-03
3.132625165569333844e-03
3.038009287866188721e-03
3.142867047668279623e-03
3.134343320551032271e-03
3.076840821802232125e-03
3.163207034304747322e-03
3.190981910688206989e-03
3.090168486602442276e-03
3.217856119567782600e-03
3.198862857228514534e-03
3.149202501222375487e-03
3.280063975060613143e-03
3.248660114463872411e-03
2.980287992428082722e-03
3.071432524329999365e-03
3.060515323739655940e-03
2.960336882925509658e-03
3.050041264265941025e-03
3.040523503688901188e-03
3.165439596610327474e-03
3.167696733012175057e-03
3.037176134394924815e-03
3.112922130249308039e-03
3.104881994015708593e-03
3.078510006961216773e-03
3.049824056467563722e-03
3.092839682762178830e-03
3.130374164649388311e-03
3.174447674887230682e-03
2.937498128832383322e-03
3.028647963796679814e-03
3.016135405846481505e-03
3.325068197171308394e-03
3.155368105663034287e-03
3.209394934840658839e-03
3.205845436798341989e-03
3.359078645760851193e-03
3.373150196198535823e-03
3.444344274961457907e-03
3.410598347865738747e-03
3.451717987160415023e-03
3.430112889700338927e-03
3.403694235465315292e-03
3.341539364360368407e-03
3.402703575363111733e-03
3.364818992473409334e-03
3.353433372834773319e-03
3.347635859981993884e-03
3.352145797521668448e-03
3.353285692986784829e-03
3.352010436630881943e-03
3.395410016175625257e-03
0.000000000000000000e+00
6.280046626855297824e-05
0.000000000000000000e+00
3.160618736955175942e-04
4.360747315025909217e-04
1.893173236310349654e-04
5.521065494816743699e-04
8.519436426135921928e-04
8.470972516253059839e-04
9.091657878332578060e-04
7.249002572438649917e-04
7.835852208978962745e-04
7.263649951699159427e-04
6.678158187375046479e-04
2.137350199596731604e-03
2.115651462722210885e-03
2.169748810028751095e-03
2.024922257786019707e-03
2.059776807956456655e-03
2.007539913584826738e-03
2.234486339487708282e-03
2.217799725196403695e-03
2.276534334185680193e-03
2.354428789128202009e-03
2.391069494641318363e-03
2.335892208049638284e-03
2.481673101374713090e-03
2.500937044076462050e-03
2.453959555742210412e-03
2.555378576046403363e-03
1.965479290550233189e-03
1.662105731511922960e-03
1.726385585035849829e-03
1.671025437318305728e-03
1.902887753974665712e-03
1.904652161993099224e-03
1.846250936753542592e-03
1.308875698813746595e-03
1.362548502074078160e-03
1.331342682942827623e-03
1.479182671454074959e-03
1.257287994943832345e-03
1.066918388146997432e-03
1.136538183662836547e-03
1.086297196747358163e-03
9.116102843431912262e-04
1.019101911298945281e-03
1.601829631964117899e-03
2.835559907719819965e-03
2.928255976771257027e-03
2.990379139584086517e-03
3.041382622973228585e-03
2.691823771843618405e-03
2.740846804605310237e-03
2.687302089944450679e-03
2.592725556070930339e-03
2.591316930436238664e-03
2.638092706032840132e-03
3.130684216666236065e-03
3.275864011126449014e-03
3.241328905168159094e-03
3.230091268437468039e-03
4.265303358388611125e-03
4.399730937412899175e-03
4.211904063803986221e-03
3.230244028984698926e-03
3.367005496914949464e-03
3.321851266068202857e-03
3.325121976612488255e-03
3.415666215975915899e-03
3.445254121645370017e-03
3.259679645459227001e-03
3.411670505942120558e-03
3.414633818883526344e-03
3.362213595845630395e-03
3.529967378504243747e-03
3.465067945834246488e-03
3.501890900852571483e-03
3.660869096070177610e-03
3.601133138418053780e-03
3.908679446490913659e-03
4.037145773970383239e-03
3.863007521837282920e-03
2.991538077445485538e-03
3.017897078498886065e-03
3.034179628703845624e-03
3.036639221524524684e-03
3.056602987378581951e-03
3.082610037941349666e-03
3.118399939454334201e-03
3.188218635955481460e-03
2.969966189383789132e-03
2.948640007976161166e-03
3.012523195285067221e-03
3.087349079563447493e-03
3.090109114679604526e-03
3.025077147768762652e-03
3.093864827558372946e-03
3.098604984555666624e-03
3.031113416986165425e-03
2.914652248936037797e-03
3.004304224454627803e-03
2.988668813157909377e-03
2.898988706744806687e-03
2.980499635670301722e-03
2.968071882485601599e-03
3.124189693189590236e-03
3.052798775457497924e-03
2.925874514824105838e-03
3.244805364011551715e-03
3.254330986103377062e-03
3.315539988471156215e-03
3.137915659174260984e-03
3.146758473983071909e-03
3.200492483236251889e-03
3.301956795349783851e-03
3.335897669684195245e-03
3.347763848077022365e-03
3.398732569557342490e-03
3.388422000163324524e-03
3.317231615791832802e-03
3.368130263114657661e-03
3.378735772813446381e-03
3.314263107581507956e-03
3.351440156719749826e-03
3.366277963363153991e-03
3.250191559702063707e-03
3.318740071150715672e-03
3.296143593488043942e-03
3.253784625311327474e-03
3.303012793765585948e-03
3.303668306352176755e-03
3.249405281898778107e-03
3.295170024906729066e-03
3.301420861822011114e-03
3.256609586475630366e-03
3.304030526245367062e-03
3.304301919303845227e-03
3.263419916030625093e-03
3.308629724117150353e-03
3.306567753112671457e-03
1.272022720120241852e-04
1.265704213011365311e-04
6.309082757976777029e-05
2.531073411069614983e-04
3.160375362151962922e-04
2.533564850829275392e-04
3.712342347681329025e-04
4.322213442033439354e-04
3.752487207362388750e-04
1.902420210363466003e-04
4.882501898028072289e-04
4.908331799869872095e-04
5.496633183588989615e-04
7.880727969609966667e-04
6.066659509834235664e-04
6.656604599403146685e-04
6.089323416925164750e-04
2.185632072350408937e-03
2.081109732621723961e-03
2.294080684865540572e-03
2.417677597753657356e-03
2.556100944339944735e-03
2.537263911394465211e-03
1.963975656900449149e-03
1.778906523473943683e-03
1.784553323010842386e-03
1.719963435112727233e-03
1.840922090582654269e-03
1.417510660562310660e-03
1.416793143090850976e-03
1.362788398586986093e-03
1.480032543534813127e-03
1.178353274233424636e-03
1.243497614245785404e-03
1.192294939183268909e-03
1.122215922532526691e-03
8.615461400539441714e-04
9.166398504915192419e-04
8.565880523456456458e-04
9.664740677601847685e-04
9.690555079708672174e-04
1.016625347246373099e-03
1.535203192248238988e-03
1.598636191506830643e-03
1.538658573315602714e-03
2.894637269173694436e-03
2.841634576142556406e-03
2.887694370609817686e-03
2.977490087624718416e-03
2.928896981533582120e-03
2.975978106097940546e-03
3.026235771258675798e-03
2.803447642170426354e-03
2.796345400480875886e-03
2.747053888554631517e-03
2.641756924657944275e-03
3.165244908653683763e-03
3.120564813749515404e-03
3.174427959957155064e-03
3.222999139549055734e-03
3.269446662516208198e-03
4.085637867404560974e-03
3.276464166711747471e-03
3.292058289908281025e-03
3.308623028315372302e-03
3.429647536430140402e-03
3.616570170789365664e-03
3.557396861456982133e-03
3.719701669411237116e-03
3.761546252268839225e-03
2.820434126416838071e-03
2.911541710899485675e-03
2.900462158512152975e-03
2.843691555894750558e-03
2.923813891053021665e-03
2.937920160491361635e-03
2.883518736801137742e-03
2.959378055834502742e-03
2.958424412101276577e-03
2.828044554722711386e-03
2.932203331545206199e-03
2.932247844645774568e-03
2.797340924042622523e-03
2.917989225400557766e-03
2.935861945170858793e-03
2.848347812742908335e-03
2.968404237901904781e-03
2.963108082553528137e-03
2.895241122364933077e-03
3.021334025666867155e-03
2.993178870667387130e-03
2.963207505344772359e-03
3.095849831570619132e-03
3.056701876987723103e-03
2.801493775009409031e-03
2.890413574364923341e-03
2.880980327216549428e-03
2.784616083900923710e-03
2.872024668697395131e-03
2.861091559759028694e-03
3.018851508308196228e-03
2.887931025711652257e-03
2.956479653410802166e-03
2.962257807187374491e-03
2.906709079236644531e-03
2.893419686388033589e-03
3.037335239789149856e-03
3.096176487262395759e-03
3.065087124407930332e-03
2.938532622639880836e-03
2.975447923315680844e-03
3.015403843506468933e-03
2.769803483069139746e-03
2.853239048643135128e-03
2.842240877916967206e-03
3.191388233079141788e-03
3.087709767986656587e-03
3.227437080336994970e-03
3.236354246437342201e-03
3.293010415256849167e-03
3.281713326568740270e-03
3.326852009689573297e-03
3.316008119660297359e-03
3.282157752913942954e-03
3.250096832129674256e-03
3.255292215437817667e-03
3.251809495708968267e-03
3.259954549540760357e-03
3.313999362021965555e-03
0.000000000000000000e+00
6.346381691422722142e-05
0.000000000000000000e+00
1.897029838485917688e-04
3.117836940781475424e-04
4.293661096084521248e-04
5.470919642250238104e-04
7.372337140389692350e-04
7.309189660079925622e-04
7.944923973816352429e-04
6.715405384880553455e-04
2.134067528834512548e-03
2.184392645305660314e-03
2.135505682369278485e-03
2.078863561319157626e-03
2.266342280142760301e-03
2.249876684761511429e-03
2.310566012424694528e-03
2.394150738336495512e-03
2.438112824794600765e-03
2.373843895647554433e-03
2.592316052348037254e-03
2.592374830994413626e-03
2.536374998834151767e-03
2.018455412417958020e-03
2.021368503412884245e-03
1.960079754863070477e-03
1.650838596066510778e-03
1.714873574330418732e-03
1.656263983658024007e-03
1.894155406919616506e-03
1.898301950870827847e-03
1.835971872308595192e-03
1.291242878826780400e-03
1.354306681463408706e-03
1.299919602417180884e-03
1.475896795838834916e-03
1.234344635907731486e-03
1.025572436432089455e-03
1.101788173028205291e-03
1.046158725721424952e-03
7.990551720482659461e-04
9.137755044036153639e-04
9.958062679485553924e-04
1.592507719249431448e-03
2.849240331187288811e-03
2.936250352211664839e-03
3.069452654718229576e-03
3.021568051552537496e-03
3.023599030409475797e-03
3.073107166241007774e-03
2.701980026715343139e-03
2.752841272459357388e-03
2.696766791410738773e-03
2.642181438631400689e-03
3.214457157162996584e-03
3.117477119346100719e-03
3.989574671048084359e-03
4.128622445656156270e-03
3.946789075750577712e-03
3.072721525060765745e-03
3.198674296673903201e-03
3.151889855129063212e-03
3.163532347190060271e-03
3.036130233169705064e-03
3.198285962093617811e-03
3.148816721779286974e-03
3.164652414661637495e-03
3.332708271894100314e-03
3.264179934232514131e-03
3.325547672892330709e-03
3.471139823525623384e-03
3.414283152289622047e-03
3.575711047065313966e-03
3.743702165952358853e-03
3.595340716086046617e-03
2.810600568531720737e-03
2.831609939209551400e-03
2.863168138104547466e-03
2.855706581173267887e-03
2.812357689206373100e-03
2.821600509778053167e-03
2.870662770782077440e-03
2.927838850209693762e-03
3.016077500509660881e-03
2.792775614712223343e-03
2.777008008414374746e-03
2.870311027552238659e-03
2.941391029552228083e-03
2.947362699321998125e-03
2.879119403059170537e-03
2.757676659034561002e-03
2.835794747904730757e-03
2.828326989392806762e-03
2.747239523485152206e-03
2.817559874686625509e-03
2.822758753724002347e-03
2.988017315567591085e-03
2.813514435123658057e-03
2.912471797978303471e-03
2.876020153417109277e-03
2.763611697303262459e-03
3.120611037037073193e-03
3.182469231000165880e-03
3.129460093782393884e-03
3.013527755903152791e-03
3.025572140660663916e-03
3.075472799083796629e-03
3.174056258075491285e-03
3.208819798252328728e-03
3.218374709329958026e-03
3.272063187284930588e-03
3.263086065592243120e-03
3.196546826771488707e-03
3.256546271659912367e-03
3.255304664449692412e-03
3.223867495991134501e-03
3.147318681184006414e-03
3.198335158562096679e-03
3.198422719536065523e-03
3.157520503120791588e-03
3.207212468400887171e-03
3.205092473934214887e-03
3.151759732016485259e-03
3.200129926096879213e-03
3.202877011184335817e-03
3.210236348660939088e-03
1.255964379567933709e-04
6.232652620916357647e-05
1.263937707203220706e-04
1.892102409934912890e-04
2.477104317165315000e-04
2.503942448277154758e-04
3.093412307955288251e-04
3.645709279013909106e-04
4.262885402949942188e-04
3.678648965285917353e-04
4.867083784915533957e-04
5.465857193151556562e-04
4.874071271739347714e-04
6.182684184692607051e-04
6.123442015180736216e-04
6.776610006035025746e-04
2.199510987806333698e-03
2.076340040369818469e-03
2.329968838010400625e-03
2.505682447602545267e-03
2.449624889390336624e-03
2.493382241613918693e-03
2.549080919691644465e-03
1.956346625642234934e-03
1.767876490071530922e-03
1.773211049792123564e-03
1.708803010516647724e-03
1.831040923112526447e-03
1.408511977481576461e-03
1.412850437991029946e-03
1.349412484031097459e-03
1.471814404130094515e-03
1.162998572404943696e-03
1.227027188418715201e-03
1.170546469592047712e-03
1.093729275354504054e-03
7.598536333745370668e-04
7.483259339097137657e-04
8.106712241788596165e-04
8.964650055441558902e-04
8.788489496070947798e-04
9.314530944859145904e-04
9.607245616798101243e-04
1.522160414946820660e-03
1.586486739447405449e-03
1.528512490517160627e-03
2.933108848403055517e-03
2.913593902371176391e-03
2.867630070144882876e-03
2.985246312508921512e-03
2.939618798131296909e-03
2.981270556893819094e-03
3.061688952656814889e-03
3.065539328646472387e-03
3.019113349606073610e-03
2.817965675286251363e-03
2.810636542194419173e-03
2.759411492777083270e-03
2.646596409093405610e-03
3.161322618659540094e-03
3.112889023867935600e-03
3.780634074449682261e-03
2.917834420236682918e-03
2.995684975720701044e-03
3.088040117863972284e-03
3.097822520206016794e-03
2.974795285566633838e-03
3.242204511400739730e-03
3.447219723392323971e-03
2.641325988212864326e-03
2.721482593429429189e-03
2.730322470106690425e-03
2.659183097046524322e-03
2.750858478865408820e-03
2.739921451728402277e-03
2.693399294694728222e-03
2.788205357541000910e-03
2.768710750805785346e-03
2.759740822778637432e-03
2.669677553932274256e-03
2.748812431186312133e-03
2.732408631130154621e-03
2.607212976633245007e-03
2.702668306566067321e-03
2.726828862580206198e-03
2.650513466905177022e-03
2.771880594792767126e-03
2.749874207724922141e-03
2.705972299270551547e-03
2.833550274262899068e-03
2.801086082424371956e-03
2.795111895486025906e-03
2.879617817963429742e-03
2.932958263412832178e-03
2.631695070693830865e-03
2.708203981554887889e-03
2.716111897036611877e-03
2.596481914064549621e-03
2.683146378370990324e-03
2.690007291624768940e-03
2.841839671455120755e-03
2.728957423424385135e-03
2.799591699178148683e-03
2.808043225789132701e-03
2.752391774105660514e-03
2.738062694996907121e-03
2.912215953383596578e-03
2.925475178440485775e-03
2.974511158558787623e-03
2.797102365809694697e-03
2.805383894279838385e-03
2.867457285169356350e-03
2.614479032996239270e-03
2.686074996776127016e-03
2.691718636566696118e-03
3.067156204395833727e-03
2.962948592529250028e-03
3.099971192362920274e-03
3.110481071056022187e-03
3.163393575087084745e-03
3.154446664303168883e-03
3.203025031937032849e-03
3.141902595978064011e-03
3.195927079896921427e-03
3.169188076153430216e-03
3.149714375778900257e-03
3.144787866106165102e-03
3.154741484280514530e-03
0.000000000000000000e+00
6.271904779523743373e-05
0.000000000000000000e+00
1.862298776152813322e-04
3.057424589565125661e-04
4.252343173555746822e-04
5.520602810521249831e-04
6.885299322940532712e-04
2.138101916148914001e-03
2.202317902070518186e-03
2.135823126723828715e-03
2.077684832392291594e-03
2.353773060593705811e-03
2.309467928393513919e-03
2.374044716976625273e-03
2.473328306519886194e-03
2.489590528300768876e-03
2.433089342360515630e-03
2.598305516868017109e-03
2.595212890815614369e-03
2.551539310477245713e-03
2.013429638321113588e-03
2.015756681171276994e-03
1.953191084427221679e-03
1.642524849571417580e-03
1.705194056288508514e-03
1.646524762025440049e-03
1.887981275867200992e-03
1.890908723459878114e-03
1.827352543248155414e-03
1.277505436791950225e-03
1.284251642633151480e-03
1.342937652019418051e-03
1.464820855374223199e-03
1.219790885753074513e-03
1.044649130833978342e-03
1.034935151363873540e-03
1.103728439328275582e-03
8.279136480056239859e-04
8.964481798666550918e-04
9.609688300797072057e-04
8.963603860327365013e-04
1.581815617837004518e-03
2.875701033104118010e-03
2.959399520006547515e-03
3.023541142225164187e-03
3.109705584043103745e-03
2.713451829769491803e-03
2.765825392285113215e-03
2.707665792553888562e-03
2.650244973205963684e-03
3.703995633737796039e-03
3.848076082470642915e-03
3.636457889343762753e-03
2.854065641107285563e-03
2.827948503648643024e-03
2.995102382121094236e-03
2.932870180707928404e-03
2.720085860931951288e-03
2.876841331114523160e-03
2.819656293517511323e-03
2.960251132411489874e-03
3.142740824626504871e-03
3.063275337909340552e-03
3.213543265966380125e-03
3.269593583073739356e-03
3.394222726086758117e-03
2.636251692484489935e-03
2.649868843650842864e-03
2.675619308472455219e-03
2.681250202729289558e-03
2.558439852230982425e-03
2.677188568172801826e-03
2.614183915599431300e-03
2.627852956850108661e-03
2.581896617266907917e-03
2.677020684270965852e-03
2.748765493191729012e-03
2.613799734284284401e-03
2.605411737088461632e-03
2.696397969185626835e-03
2.782860738742366172e-03
2.754941609616279232e-03
2.712640386114478601e-03
2.603988007119680068e-03
2.675589942279255843e-03
2.680414309083884675e-03
2.589991246246786238e-03
2.668165357418534559e-03
2.659435487045830673e-03
2.854695226077331744e-03
2.672325879010307385e-03
2.742527281282649328e-03
2.734701731374009938e-03
2.609143642355538084e-03
2.994868515307220862e-03
3.004393401815417478e-03
3.057427320784494168e-03
2.888937138251798740e-03
2.900713314112091448e-03
2.950914031375255920e-03
3.047472754243397627e-03
3.082743831536143529e-03
3.145407383751480917e-03
3.091558824804974213e-03
3.139800149560984140e-03
3.058616218463367301e-03
3.127087888562204033e-03
3.100374301374879404e-03
3.047934072663737847e-03
3.099887896916605611e-03
3.097162000461878024e-03
3.043309936263249339e-03
3.092246890708040194e-03
3.095318613847838560e-03
3.106239837873397188e-03
1.253948764688349272e-04
1.254839063298809822e-04
6.223822375052622750e-05
1.864783679135146081e-04
2.465217807820446836e-04
2.470877345927310464e-04
3.054685121714537229e-04
3.645785280209827366e-04
4.255582789457542790e-04
3.645242897818096813e-04
4.959654946033678234e-04
4.912429999772851370e-04
5.570432140536815853e-04
6.234321446323316546e-04
6.207364400109918225e-04
6.915315773278081762e-04
2.253230750928844877e-03
2.259693362502527680e-03
2.195099906514854770e-03
2.075842402595205922e-03
2.303504109515669158e-03
2.413156648882498149e-03
2.535789890073928722e-03
1.950740945226450132e-03
1.760354031746156917e-03
1.763984112713704163e-03
1.700873312282543889e-03
1.824183510917037898e-03
1.404090664606226372e-03
1.340322925379791585e-03
1.406178035771125327e-03
1.463042228573558637e-03
1.138911332686476938e-03
1.150849047176348778e-03
1.208152186022882742e-03
1.091310690665517249e-03
9.701585079629675232e-04
8.275020874671824020e-04
1.510058961309820912e-03
1.516031824473756126e-03
1.576200999935936610e-03
2.938148751866688935e-03
2.877517816953615443e-03
2.935721756470780191e-03
3.016304624667685234e-03
2.990428560970495586e-03
3.054940832423805579e-03
2.833298527076298558e-03
2.825648507259899498e-03
2.772844730371982949e-03
2.655333041047424746e-03
3.311340081076659999e-03
3.506261068233598992e-03
3.444773837444451391e-03
2.607451406335967257e-03
2.761037225552633468e-03
2.701872734751599968e-03
2.890468463751955444e-03
2.771633350576683044e-03
2.661437112377613729e-03
3.083769979836492418e-03
3.260257999025982078e-03
2.471391498792887068e-03
2.555805519516790233e-03
2.551589776317101689e-03
2.477129534475180049e-03
2.559308981772236147e-03
2.567499675192501298e-03
2.494204863902877052e-03
2.592898541445945101e-03
2.576821653680041926e-03
2.513349062745958828e-03
2.590894333464931285e-03
2.603512875023973952e-03
2.535121974444268754e-03
2.415398778429130641e-03
2.531848503984890884e-03
2.511673578581197566e-03
2.377836378346113479e-03
2.491456794482762530e-03
2.468412183405311461e-03
2.458270396220939118e-03
2.580972029833537938e-03
2.554840915605616561e-03
2.522058295030756968e-03
2.657201666921134731e-03
2.614512805668834858e-03
2.486429208795474469e-03
2.541529960090862118e-03
2.558733964739478509e-03
2.482618993929622004e-03
2.548528171945387173e-03
2.539161129709614426e-03
2.684373681440039260e-03
2.570393895112389835e-03
2.633362270499877041e-03
2.649198811697719633e-03
2.596936387062441769e-03
2.580162619959162993e-03
2.781504395654252164e-03
2.789403046431146449e-03
2.846509393205428826e-03
2.657663320978467976e-03
2.665055659457914866e-03
2.726962091629283897e-03
2.461825566177768248e-03
2.537705694081346993e-03
2.532902553080220581e-03
2.941985689352539721e-03
2.835312429177348163e-03
2.973573767602766694e-03
2.984367177569047062e-03
3.036392365602727083e-03
3.028222507350894922e-03
3.070820193314694260e-03
3.051079207426145648e-03
3.045764142509988469e-03
0.000000000000000000e+00
6.265981519971584781e-05
0.000000000000000000e+00
1.855398176127839545e-04
3.051534937381072130e-04
4.298221243248819923e-04
5.592601460366844902e-04
7.357411430845405692e-04
7.477371578218472252e-04
6.791844146243632661e-04
2.135058813643207504e-03
2.194240965085017623e-03
2.136443291312178396e-03
2.073656857792489927e-03
2.371709310167456446e-03
2.362608719502075089e-03
2.311894542895711561e-03
2.422667985807305455e-03
2.604691249956626702e-03
2.601473067081138367e-03
2.538273395186175195e-03
2.011631327299141184e-03
2.012404184777894563e-03
1.949206138456019638e-03
1.632341293090212300e-03
1.637348189566340548e-03
1.696291547962470048e-03
1.883910991145821374e-03
1.885839690764782662e-03
1.821550257434997053e-03
1.260859678026725935e-03
1.269112359124175684e-03
1.332382321477669149e-03
1.456612212702473614e-03
1.199504833295991779e-03
9.871559139530930883e-04
1.062673816006042774e-03
1.015920054774174363e-03
9.413342875292125128e-04
8.158509995638188851e-04
1.570598818048723469e-03
2.885857091654956547e-03
2.990754285317845287e-03
2.987620190521688129e-03
2.725685447249848528e-03
2.779583063698048539e-03
2.719586567885445231e-03
2.659159828576999028e-03
3.407750044042736227e-03
3.557304259243566132e-03
3.356645275204655620e-03
2.562875009330124829e-03
2.604857086996813318e-03
2.780402274976060111e-03
2.717416442317478059e-03
2.505532279378657780e-03
2.665312763724842458e-03
2.613689548263553250e-03
2.413104576207616026e-03
2.564983582520026419e-03
2.510959130632678827e-03
2.946455026012764159e-03
3.080870477603409822e-03
2.951588705009943435e-03
3.126419831975193239e-03
2.473999490199327474e-03
2.478825829068898208e-03
2.485261001423481018e-03
2.503267414855011013e-03
2.347563245411827138e-03
2.452061718045335167e-03
2.430651195556745095e-03
2.435774424585623963e-03
2.395728716598546741e-03
2.361987480038153179e-03
2.488797804251753794e-03
2.402542967045728783e-03
2.444163781062653421e-03
2.499183622334745676e-03
2.442643881711245666e-03
2.472108560068791462e-03
2.549537234059444293e-03
2.610906006196172559e-03
2.622518444696854759e-03
2.559956077120937191e-03
2.450840758267841882e-03
2.520392837393882739e-03
2.526941142957614492e-03
2.438195902911498378e-03
2.513598191331522375e-03
2.504251149294450373e-03
2.719587227485068849e-03
2.530740913530750685e-03
2.594177361411678824e-03
2.601072600825120405e-03
2.456260350719322114e-03
2.863432017121853804e-03
2.876299863020708412e-03
2.928738634662331544e-03
2.757616989803899927e-03
2.822866832601014439e-03
2.769650546112028665e-03
2.918555345771205265e-03
2.956650598679233261e-03
3.019242616053006457e-03
2.965256562847849806e-03
3.007715972597393896e-03
2.997855776820906870e-03
1.257311819611859932e-04
6.241120935814438268e-05
1.255486255248689474e-04
1.860931986477244314e-04
2.509619866605711279e-04
2.486947608506454954e-04
3.077479617537792430e-04
3.819826689077521621e-04
3.731716737595429443e-04
4.389507741238045727e-04
5.121419539803060209e-04
5.677663728356403296e-04
5.039267075199470617e-04
6.232402009058908305e-04
6.232685756536112147e-04
6.794145571248122505e-04
2.256366401112278909e-03
2.195153719124329130e-03
2.254697781103027696e-03
2.073406852470096977e-03
2.314133015952101521e-03
2.492410085355514348e-03
2.482740349926478626e-03
2.431510041626123997e-03
2.548623493038812762e-03
1.947796449725716422e-03
1.755122460494951868e-03
1.693109145814877250e-03
1.757652784809013739e-03
1.819509032062418012e-03
1.361934292068666969e-03
1.383025944523877046e-03
1.311115516960968674e-03
1.435764679220893902e-03
1.208019024742640725e-03
1.234474126552893760e-03
1.173007675254973247e-03
1.072261152206808923e-03
1.029336076215286522e-03
1.105623523622116392e-03
8.417747356352846700e-04
9.142141858177678555e-04
8.691240919528022335e-04
7.883130521209196807e-04
1.494805350666507859e-03
1.563473689166975777e-03
1.502372369240498502e-03
2.947499993082153529e-03
2.894469045372730521e-03
2.848749585530558747e-03
2.841103260611845243e-03
2.786728847794750670e-03
2.664664227091894082e-03
3.009818254953842802e-03
3.162075979098351742e-03
3.206948268906912192e-03
2.329408731596767802e-03
2.426330352995051572e-03
2.466922328233698333e-03
2.552661897835222741e-03
2.693976946852123019e-03
2.647159123546656903e-03
2.828258679461096055e-03
2.457016765768663992e-03
2.369304969718471349e-03
2.817931868814123591e-03
2.975104415242350604e-03
2.297582491470212453e-03
2.386627557996425213e-03
2.384499244389962688e-03
2.294550672863217202e-03
2.382176174343806057e-03
2.390269214219952528e-03
2.307718095464920093e-03
2.392511762602432535e-03
2.400190132885038873e-03
2.324398361045643124e-03
2.418067198463791714e-03
2.409445021672026229e-03
2.335420675842444886e-03
2.223068239153787838e-03
2.339391506223302119e-03
2.319622984356410969e-03
2.191239836653258166e-03
2.302126878458616438e-03
2.284836545666731576e-03
2.169238317689174862e-03
2.272476670043969797e-03
2.258619487492125565e-03
2.266135420132729238e-03
2.362684609479226514e-03
2.392740504874557930e-03
2.348661940820294218e-03
2.340557297948678804e-03
2.411276814329045993e-03
2.371251228057299175e-03
2.401251652663761223e-03
2.540152440432898433e-03
2.419141972429361513e-03
2.494260395129728729e-03
2.484289007089807676e-03
2.444481576193372613e-03
2.428639287718534993e-03
2.644123720925530170e-03
2.650970882938381585e-03
2.712352203423374838e-03
2.521249943905555426e-03
2.526046601922806844e-03
2.588989756583284611e-03
2.310476882611136196e-03
2.380650114936460303e-03
2.385645207943587302e-03
2.810620320226268464e-03
2.700933780737943025e-03
2.856207171052518434e-03
2.910720941141795894e-03
2.902780389028437272e-03
0.000000000000000000e+00
6.286702834925948335e-05
0.000000000000000000e+00
1.879030884768422872e-04
3.160150878722122760e-04
4.466105543997534355e-04
5.673846744464759772e-04
7.070045673350902659e-04
7.213597027248112598e-04
6.648003289957520870e-04
2.135998055509093912e-03
2.196270866616866109e-03
2.135442575748907300e-03
2.073233793012661027e-03
2.381527167595634889e-03
2.376553569400099986e-03
2.318398318957293029e-03
2.437061222865844184e-03
2.615483996081720188e-03
2.610098036510475998e-03
2.553417997509937597e-03
2.010435420833630617e-03
2.010958515144871828e-03
1.946569560435399684e-03
1.617955298159352590e-03
1.625101164606902650e-03
1.686466270841122279e-03
1.879334872311559873e-03
1.881564167851586212e-03
1.816633213399285445e-03
1.284835623663417798e-03
1.427592614639819390e-03
1.139686393582901294e-03
9.549948760506102264e-04
1.013491477599168808e-03
9.710729561887547099e-04
8.978546812043408870e-04
7.742625056828047201e-04
1.555743787920084486e-03
2.739633788326982251e-03
2.732724170023428673e-03
2.794273719795709911e-03
2.670663676848030951e-03
3.099483806870704464e-03
3.255234703620392932e-03
3.051138455737980454e-03
2.296239917604432374e-03
2.281729918339665732e-03
2.441697867748422214e-03
2.394661425480255814e-03
2.387188673341204565e-03
2.539802881692612441e-03
2.497104535177574990e-03
2.197060289050998226e-03
2.349468185796999703e-03
2.305945459359963479e-03
2.123586223609209931e-03
2.266534394936875040e-03
2.227183672565032514e-03
2.589603657605037048e-03
2.769522900987492035e-03
2.641506796067674516e-03
2.795330752519489381e-03
2.302329644513065408e-03
2.295824584593244167e-03
2.315625967683243407e-03
2.150333238437376546e-03
2.247993251599980646e-03
2.237521889029421389e-03
2.206272534442712315e-03
2.243473929046103238e-03
2.179557574565779005e-03
2.159233819198477268e-03
2.219731360054712568e-03
2.256660973783011000e-03
2.310670177140325757e-03
2.280230776986645440e-03
2.325321759342494684e-03
2.412120099351872885e-03
2.480378594502569232e-03
2.471424996129520293e-03
2.415653266040226552e-03
2.300990674036385887e-03
2.369574226781800963e-03
2.375399389515954907e-03
2.295152564028797582e-03
2.366186440214875560e-03
2.357120725257753468e-03
2.582700186209783109e-03
2.393173419737492334e-03
2.461484588715022372e-03
2.457207111060939839e-03
2.305679760308970011e-03
2.801111977250154723e-03
2.748708253131556395e-03
2.629258725992221404e-03
2.636758600894084387e-03
2.692981945403281376e-03
1.314612685088989061e-04
1.285596649292894043e-04
6.523023073092476054e-05
1.912305774374148566e-04
2.595773699196805926e-04
3.207864185648352860e-04
2.552058960302615374e-04
4.001694771635740306e-04
3.909628941399770265e-04
4.561594194719089030e-04
5.506745445164917038e-04
5.870214741829142503e-04
5.311750686139528940e-04
6.285350939633423681e-04
2.265028995903574545e-03
2.260631230544027804e-03
2.199949742202527390e-03
2.073270246937644265e-03
2.323381065946321117e-03
2.503395207018564890e-03
2.497894912057445262e-03
2.441973448444874611e-03
2.559507496968926876e-03
1.944893849939633703e-03
1.746797410643203706e-03
1.750918674604691949e-03
1.681721090985504241e-03
1.813041577700349625e-03
1.343879041807106685e-03
1.352835674654456581e-03
1.275234625072967001e-03
1.419174525607315961e-03
1.076341428366906156e-03
1.142150726260767217e-03
1.074214079070584050e-03
1.015100344542454146e-03
8.183237026150742268e-04
8.865257816176048272e-04
8.300218912747092150e-04
7.621706409085332243e-04
1.476326890130934917e-03
1.547028566701692072e-03
1.485538583161862339e-03
2.677068679646093206e-03
2.681773575349570213e-03
2.847644792174369808e-03
2.888187985706446980e-03
2.065626662296869351e-03
2.195821171137572140e-03
2.166427092498374261e-03
2.236937329404953007e-03
2.331391299107756724e-03
2.483346177975370977e-03
2.158306972456410563e-03
2.093016543824245679e-03
2.630962830853200186e-03
2.125416561997056728e-03
2.211550563265746606e-03
2.215751510567185931e-03
2.122190552957947587e-03
2.208404559540963225e-03
2.209130950649084747e-03
2.135409518823547063e-03
2.221660675947317951e-03
2.229015810543095305e-03
2.142427188097342089e-03
1.998010565410226168e-03
2.094940016885350319e-03
2.109164928865597897e-03
2.026736812392721573e-03
2.144944796146590685e-03
2.125325147632484753e-03
1.983447252185833141e-03
2.076571679656907723e-03
2.086140369000832710e-03
1.971302832668237609e-03
2.060977158338533552e-03
2.069186180775959942e-03
2.055712772669904959e-03
2.174095559782953518e-03
2.137746883539964112e-03
2.190418992422433694e-03
2.204850032351095279e-03
2.265008555447433052e-03
2.250541652415487519e-03
2.402635163304563636e-03
2.287731979397129248e-03
2.349897761147885702e-03
2.353007247080114456e-03
2.298062281612907494e-03
2.291442332684485734e-03
2.513396438936751302e-03
2.517385544384986330e-03
2.578275727073366455e-03
2.392932667794963383e-03
2.393111248222699189e-03
2.456629646642278890e-03
2.158676628337433730e-03
2.234009084496706848e-03
2.229812203516968756e-03
2.684520782825735360e-03
2.571371857290316240e-03
0.000000000000000000e+00
6.574324384122132744e-05
0.000000000000000000e+00
1.950752962479664369e-04
3.293842297612259440e-04
4.748174753816395885e-04
6.763865901361980045e-04
6.917159487273400430e-04
6.128461534079971415e-04
2.136752366401990354e-03
2.200970590282614030e-03
2.136341295298611019e-03
2.073030835199585718e-03
2.387616283840641486e-03
2.325862268678490202e-03
2.384573984679827768e-03
2.445588303771634425e-03
2.565827034578513789e-03
2.622414335401689056e-03
2.006705466022246087e-03
2.008548900420816657e-03
1.942432838125729639e-03
1.608611093426410513e-03
1.677642269538066151e-03
1.613241998432136297e-03
1.876510955144290770e-03
1.877889523341905609e-03
1.811036232071277152e-03
1.205265448470037434e-03
1.274506263663054183e-03
1.206515395134580889e-03
1.409392931279089631e-03
1.140199373967123704e-03
9.387470069273250086e-04
1.007426678134088881e-03
9.468314452223967935e-04
8.779721632049702386e-04
7.472172376865618372e-04
1.541755647059324429e-03
2.777351928304263706e-03
2.940318505141699228e-03
2.725070153135461786e-03
2.045020695094123143e-03
1.969032015173353359e-03
2.123191473816446549e-03
2.084053192141489125e-03
2.049739945629256398e-03
2.166915015329609270e-03
2.216300677542505648e-03
2.165470343038967960e-03
2.277511294528899825e-03
2.374975530860153668e-03
1.907732997347812501e-03
2.050271931943477895e-03
2.016442063601592543e-03
1.858463783335762226e-03
1.989049070365654821e-03
1.962646672293678809e-03
2.269550477169821404e-03
2.431727177760524029e-03
2.472358101618086796e-03
2.130084386697748446e-03
2.123572329728443120e-03
2.088497507078678882e-03
1.960896277617314287e-03
2.048258864702476572e-03
2.054623012310515234e-03
1.990087495772962806e-03
2.011470536410319820e-03
1.976857163418302595e-03
1.965678588409070816e-03
2.048203322737664027e-03
2.051811828883259511e-03
2.133283609999489430e-03
2.119351188073402992e-03
2.174333797937913742e-03
2.290924290355357117e-03
2.351135992439020144e-03
2.342081264933253918e-03
2.289366949081236488e-03
2.155032629026552501e-03
2.225050286821324622e-03
2.227466633284219330e-03
2.146927450346782298e-03
2.220452862826511123e-03
2.217215803363043868e-03
2.453204495953659713e-03
2.261140048840737903e-03
2.327053662907785456e-03
2.326690134480672439e-03
2.156829721603601389e-03
2.508429946005701246e-03
1.316116965505250336e-04
6.528617307826776670e-05
1.315212538692134964e-04
1.956559043174713934e-04
2.816524993485241928e-04
3.410400633498559880e-04
2.704672771725272640e-04
4.239277121745634578e-04
4.872690211359016494e-04
4.119178758425203423e-04
5.286367338094932842e-04
5.396643108709238672e-04
6.023409520983166732e-04
2.260574389189542142e-03
2.198210464414570089e-03
2.262836087625345188e-03
2.071766312218630782e-03
2.324171769137916427e-03
2.450040282045524639e-03
1.941610353744012028e-03
1.741085121905904063e-03
1.743913324482594153e-03
1.674185166718703639e-03
1.808773572635895581e-03
1.332654462104901176e-03
1.268316777743813597e-03
1.338200024613442687e-03
1.404407305405802739e-03
1.062306671403664493e-03
1.133693295280735914e-03
1.069282885292456488e-03
9.999301152481482671e-04
7.978851262986116737e-04
8.080949426908288049e-04
8.681889981416235965e-04
7.365774009606367414e-04
1.464531432153191089e-03
1.536473800576077008e-03
1.470393866167990374e-03
2.351875588345375256e-03
2.561846604218663819e-03
2.518994639120472785e-03
1.823523270037586980e-03
1.942834269729868052e-03
1.925587456486953578e-03
1.936325220316361534e-03
2.006719319384584442e-03
2.104049030210729948e-03
2.213636772670996792e-03
1.881489876983666104e-03
1.839805554701047594e-03
2.306304252943936102e-03
1.953455188435197342e-03
2.043508218119073454e-03
2.039476194368154086e-03
1.936213378562213257e-03
2.029900395231942507e-03
2.029194778733479834e-03
1.907277148130956477e-03
1.981495037213876730e-03
2.013700814695978860e-03
1.956837416077978394e-03
1.788863247162748513e-03
1.892061177707957944e-03
1.886383003940871874e-03
1.798491446007592772e-03
1.898578845747923242e-03
1.911006037506145141e-03
1.787762166526707603e-03
1.879691919860941064e-03
1.884411175748055113e-03
1.782892582030598310e-03
1.876015431254616193e-03
1.871999040927774033e-03
1.889671804846600493e-03
1.971934673779798721e-03
1.968915037498580965e-03
2.032391557216679193e-03
2.110758810045311549e-03
2.040147614152414222e-03
2.095618448641296469e-03
2.275950156391705684e-03
2.159890501761817239e-03
2.223208459723751210e-03
2.225168024081851121e-03
2.150959284363769975e-03
2.153489841185487769e-03
2.390302548960486408e-03
2.326293124417679829e-03
2.260879499786443061e-03
2.014557542074158717e-03
2.084761464341414790e-03
2.086041962663431025e-03
0.000000000000000000e+00
6.583676046061114669e-05
0.000000000000000000e+00
2.059896012046159397e-04
3.524357763136211439e-04
4.758351331643467645e-04
6.482413655689785474e-04
5.878794365569468697e-04
6.623494716509256827e-04
2.122564925901629200e-03
2.191698004181894151e-03
2.129726192624128208e-03
2.064144945153001398e-03
2.009500833969527552e-03
2.008078026878538404e-03
1.942400874228890611e-03
1.595552003280387328e-03
1.668232532831491997e-03
1.602080068167909552e-03
1.872897468450046869e-03
1.874695136437762571e-03
1.806387481336340153e-03
1.189117630087083155e-03
1.260801127900555143e-03
1.197161629947541368e-03
1.397915527079748995e-03
1.125084954793097603e-03
9.187995168752896222e-04
9.287655682896443082e-04
9.904410381489704186e-04
8.577563625010062006e-04
7.229138576894274509e-04
1.529381007984118154e-03
2.438765707258861576e-03
2.610368748407294100e-03
2.390031817577974865e-03
1.810092274012129734e-03
1.676657158954406512e-03
1.820258738195291515e-03
1.793082339613800069e-03
1.731145313425179596e-03
1.887774143410829702e-03
1.851230248204514166e-03
1.809203902837124836e-03
1.984601988366182200e-03
1.930812441533361805e-03
1.896120310280853365e-03
2.032496676697755078e-03
2.080069538983282413e-03
1.638469374863447394e-03
1.770740608529650529e-03
1.749127284380426819e-03
1.611636266618399942e-03
1.732972778860214112e-03
1.718053946906123158e-03
1.955296844701132422e-03
2.114589089831632202e-03
2.150084416140091159e-03
1.944538843565020349e-03
1.921451030634027234e-03
1.898278201522953477e-03
1.778890458859573587e-03
1.866229018774866058e-03
1.868880158446007680e-03
1.793063237698624794e-03
1.787878122432010400e-03
1.784945125198778232e-03
1.780572776828370524e-03
1.887756562670263229e-03
1.888620619830681281e-03
1.967262051308781012e-03
1.960089636804846196e-03
2.023344380851591420e-03
2.210747245935775103e-03
2.010682884123284747e-03
2.078767607679415496e-03
2.082271099236090821e-03
2.005684351452934663e-03
2.075689600275030123e-03
2.082752232293683201e-03
2.191474193530266578e-03
2.012595312849608468e-03
1.305610603945464728e-04
1.310774612967719453e-04
6.475319219345554900e-05
2.060993022489878616e-04
3.856732092626933336e-04
4.048807082914700575e-04
3.330775458813247714e-04
4.569830446182496860e-04
5.030174089329623880e-04
5.755078497025858031e-04
5.158744848803747170e-04
2.066073238992453733e-03
1.941180287287228761e-03
1.732730451288494239e-03
1.736909109510622815e-03
1.663465936066523595e-03
1.802777500079879615e-03
1.319098845699552807e-03
1.325853147646377430e-03
1.253451161283467745e-03
1.391734259770351870e-03
1.043890117800451694e-03
1.116407060255991636e-03
1.053092337868620281e-03
9.807249391046931903e-04
7.729684496098789123e-04
8.457529315814441093e-04
7.854527563093681745e-04
7.100043025678324160e-04
1.452191488954768630e-03
1.523805371439059019e-03
1.458351966577035950e-03
1.985840199687265856e-03
2.171689782755785187e-03
2.208548270768660379e-03
1.592786372619902496e-03
1.695970260158449023e-03
1.706279338434546445e-03
1.655996165079492467e-03
1.701736843020288693e-03
1.767308222638550377e-03
1.849332690967856688e-03
1.922566691706414921e-03
1.623896552911436144e-03
1.601335113103011720e-03
1.966718830050335435e-03
1.773369125106384787e-03
1.862464641265009499e-03
1.854793626972904346e-03
1.755303306838348074e-03
1.831275429462648000e-03
1.844831497252582544e-03
1.736921154714994283e-03
1.821274009399669307e-03
1.813273557191292682e-03
1.775872049549075083e-03
1.583242946950662961e-03
1.686282801495554273e-03
1.689282960699343061e-03
1.585560897190088029e-03
1.686812674961099155e-03
1.685854946223984234e-03
1.602216654941202674e-03
1.693869694127661790e-03
1.692674656574594955e-03
1.600356294479003943e-03
1.690527055236778738e-03
1.689676702111842822e-03
1.731328346589538179e-03
1.809758372014901810e-03
1.809509668418115723e-03
1.879230189899130021e-03
1.883395216964866377e-03
1.955135417836847793e-03
1.946952313998651140e-03
2.141070314016722039e-03
2.008163616472496624e-03
2.007609606399705666e-03
2.084024956487007512e-03
1.869728601000882062e-03
1.941540673730096081e-03
1.940174637035391473e-03
0.000000000000000000e+00
6.533479636043520501e-05
0.000000000000000000e+00
2.475591095321622633e-04
1.885895851813935151e-04
2.647091163245270671e-04
3.164229534354125574e-04
4.437572762449939752e-04
6.293607152594607413e-04
5.655988516534243794e-04
6.388236644200601545e-04
1.938704960475288357e-03
1.588587971764378196e-03
1.660600515983147625e-03
1.592056000028132775e-03
1.869232651817287830e-03
1.871065273056529308e-03
1.800361542922395731e-03
1.174298560954563234e-03
1.246617531459334651e-03
1.181697673112842156e-03
1.384971036081994412e-03
1.108434060186799276e-03
8.968204167513630157e-04
9.702366387022686714e-04
9.078307962391332078e-04
8.342814086057157540e-04
7.010391860387875460e-04
1.519712899198484004e-03
2.079659097178827680e-03
2.262150035831168426e-03
2.025602762135804164e-03
1.587410905859769610e-03
1.408841637566989090e-03
1.524325108312258236e-03
1.539942626810393176e-03
1.434438264597373428e-03
1.556488645068043655e-03
1.579558778980483203e-03
1.480353503058435627e-03
1.641527203806777708e-03
1.607044924603723193e-03
1.557939295447044155e-03
1.724199870124833774e-03
1.685149482164477333e-03
1.655049982129222800e-03
1.777090149052728760e-03
1.802485177949791776e-03
1.392599507929306911e-03
1.502585539868488747e-03
1.513110027497959875e-03
1.381981243009378253e-03
1.487698723517709258e-03
1.494681323844568657e-03
1.583174789044416303e-03
1.771661877381033824e-03
1.778753479692379022e-03
1.764084981808548922e-03
1.745911731088242626e-03
1.734010408166995233e-03
1.601202130464567672e-03
1.687275312527678015e-03
1.689001657631903448e-03
1.584011968004486867e-03
1.593673252242353618e-03
1.600977816312268605e-03
1.600544580744290950e-03
1.732053292834643578e-03
1.731625104246154118e-03
1.809166126273913490e-03
1.805631361204473699e-03
1.874400635512095230e-03
1.937435911374901266e-03
1.939343605527261635e-03
1.869462212741180695e-03
1.272068775863835423e-04
6.307197384958156236e-05
1.288888800613371358e-04
1.874517668089264056e-04
3.604417288182906309e-04
3.731237406703796279e-04
3.033872740141936196e-04
4.315909574249005703e-04
4.769329403787971912e-04
5.530551574930596057e-04
4.900412726455934728e-04
1.729081474443924186e-03
1.730893408759105181e-03
1.658158873959214314e-03
1.799132302618590504e-03
1.306300364734469012e-03
1.312693372483387643e-03
1.239633975183106326e-03
1.379170819064326654e-03
1.026812768374396221e-03
1.035359700857405117e-03
1.100461905915616455e-03
9.611452257093926373e-04
7.491705844901846165e-04
8.228667519933815242e-04
7.611101415154371275e-04
6.886826991427490424e-04
1.442662558970912679e-03
1.515563059624022886e-03
1.447419458260116622e-03
1.547679823300947971e-03
1.808217034645600392e-03
1.771197791373953093e-03
1.373909738916045736e-03
1.481466926090317790e-03
1.478735847680747546e-03
1.399678525221705440e-03
1.420178448285078785e-03
1.455136677930085002e-03
1.515938245298676214e-03
1.603285600484004834e-03
1.618607379132220182e-03
1.386508220172448036e-03
1.377342482285055791e-03
1.561608499765868149e-03
1.599342461496114018e-03
1.685375212123186445e-03
1.677277903580730442e-03
1.588777702675703415e-03
1.662790588277712495e-03
1.671153660884766492e-03
1.578482204313022856e-03
1.654849285149007174e-03
1.656904115440691353e-03
1.600087950225081599e-03
1.362413297250429384e-03
1.471080842503248633e-03
1.474028176481585696e-03
1.401066343845521573e-03
1.492046608537415464e-03
1.501672783214501837e-03
1.419037967956338075e-03
1.509406422180736363e-03
1.509736248718843068e-03
1.424541768254508059e-03
1.512862769509797046e-03
1.511323417935369002e-03
1.575377665126677243e-03
1.652576199576427868e-03
1.653663931967244141e-03
1.733149665065122783e-03
1.805528154366281947e-03
1.732559808987346999e-03
1.801464853184162876e-03
1.798791234629975059e-03
0.000000000000000000e+00
6.367166774799607831e-05
0.000000000000000000e+00
2.348313298413077111e-04
1.806136016497960782e-04
2.412264905845572824e-04
2.975185839710899971e-04
4.180986084286600411e-04
6.006651968386169218e-04
5.382054335357742709e-04
6.150878528812516810e-04
1.583866669875273921e-03
1.586208860941547413e-03
1.656432991102201827e-03
1.160390409917913708e-03
1.167347692249264858e-03
1.233262582007821654e-03
1.373795835330287067e-03
1.092928670805834012e-03
8.773273414957144219e-04
8.871018112812379926e-04
9.519617413707374531e-04
8.125759313394325008e-04
6.748323506849813721e-04
1.512561380584458636e-03
1.692549543743868947e-03
1.890284984125091420e-03
1.609674678956115679e-03
1.367683313591709854e-03
1.170272774531740155e-03
1.281846029996270989e-03
1.286819394198934156e-03
1.165557519736661052e-03
1.296569512696994471e-03
1.287807221548036181e-03
1.181093978528603879e-03
1.308728072412117206e-03
1.326665995940315120e-03
1.215574026856782938e-03
1.382530860886372259e-03
1.349392936591352690e-03
1.296634711690060034e-03
1.474846601808486868e-03
1.429587720132673720e-03
1.432565883704168446e-03
1.167469768169041586e-03
1.277655864560350765e-03
1.274985360157462411e-03
1.167861743386057211e-03
1.271023928735625112e-03
1.272843054870645418e-03
1.269932307243074390e-03
1.427847962858921601e-03
1.399955979375520389e-03
1.593891005157391499e-03
1.583500471256988132e-03
1.576845962693206081e-03
1.432605101329344644e-03
1.515870834258053372e-03
1.515910934589811661e-03
1.381706937604599769e-03
1.409905939111732965e-03
1.421591096922406343e-03
1.428435285382972713e-03
1.579975993821732113e-03
1.577640834843619527e-03
1.655262960668438688e-03
1.656506334070226424e-03
1.731063538353739975e-03
1.567123100021980246e-04
1.417845558259265139e-04
7.756105265946442015e-05
1.959119701744413823e-04
3.205296991030449384e-04
3.405965497634442173e-04
2.773076374927586343e-04
3.984781530016389892e-04
4.266868076414818099e-04
4.519863846744494448e-04
5.135820814346448923e-04
1.657772669700156506e-03
1.296768726402285771e-03
1.227884399134384231e-03
1.301526270398358333e-03
1.369646924203892641e-03
1.011279739414274728e-03
1.085757443632041604e-03
1.019062221637521536e-03
9.436067883352723239e-04
7.269720851441596179e-04
7.381201811496559181e-04
8.020249851726970330e-04
6.632013177598377381e-04
1.433577858427286618e-03
1.438115211777171330e-03
1.508653591470915422e-03
1.263162804372604080e-03
1.408457140211050347e-03
1.475673488378347791e-03
1.173933268400140055e-03
1.272067690702938627e-03
1.268146259657850720e-03
1.167195973016842874e-03
1.168218250279116173e-03
1.171967949259554312e-03
1.196063799695145854e-03
1.251177829943078690e-03
1.280764936790909376e-03
1.167178413543627129e-03
1.170541037511739794e-03
1.060913710419500488e-03
1.302029340390498027e-03
1.167419881430294473e-03
1.436365767641657049e-03
1.516888729038050939e-03
1.512464347140613169e-03
1.430174931546346340e-03
1.504220111289486430e-03
1.508605568577935704e-03
1.423706220160434431e-03
1.500300833780529846e-03
1.499475474749321566e-03
1.434371241382356200e-03
1.165804453920668083e-03
1.283181785822586898e-03
1.262456934447780781e-03
1.228479802895319660e-03
1.323705501793639950e-03
1.313516525876265526e-03
1.246755558191632238e-03
1.335618764740660559e-03
1.331702770062749824e-03
1.257049706975388922e-03
1.344766130186414227e-03
1.339702933886891770e-03
1.428421847043407234e-03
1.501151516466594149e-03
1.504139247273686593e-03
1.581895125337031815e-03
0.000000000000000000e+00
7.833768315755581309e-05
0.000000000000000000e+00
2.382371462726791118e-04
3.729761091769269541e-04
5.859197215619178127e-04
5.933243576130655707e-04
5.054801258966856465e-04
1.148791477668990001e-03
1.154591471395487699e-03
1.222732943577815520e-03
1.364488478342301605e-03
1.079309403681772339e-03
8.586375106695285676e-04
9.348705524524232981e-04
8.680193732571409460e-04
7.920895665920322419e-04
6.564187716988980096e-04
1.506033880249442285e-03
1.269018951033360799e-03
1.486550284361666486e-03
1.257492225841253496e-03
1.152358799690150716e-03
1.169543828013728214e-03
9.267947034251521011e-04
1.042986822494979546e-03
1.048782096711953389e-03
9.436893409931897906e-04
1.055750830333646506e-03
1.054296677722598016e-03
9.108774437483629655e-04
1.041794487755800126e-03
1.038694026911647769e-03
9.014992301495137550e-04
1.042208927016810300e-03
1.053158061887482988e-03
9.145374734606467621e-04
1.097476188292664237e-03
1.066647805355511224e-03
9.592318054990828582e-04
1.108660233443358421e-03
1.130283396909049836e-03
9.578226775512914317e-04
1.062926251646733678e-03
1.060411707116927765e-03
9.701373381707568445e-04
1.072054532734571537e-03
1.067050734484294508e-03
1.001981367572818415e-03
1.433160971663218364e-03
1.426854878899402228e-03
1.426026175758144960e-03
1.269945563583413199e-03
1.350259782609522681e-03
1.353052925239617548e-03
1.197298117542053199e-03
1.237529925235245206e-03
1.251791614496045339e-03
1.263431960004687046e-03
1.430972426012713144e-03
1.434189445088740814e-04
7.099857298396104592e-05
1.501227568457909106e-04
2.661851997574684876e-04
2.108972029249066250e-04
2.934932222587259402e-04
3.459472129280357039e-04
4.513267917113057215e-04
5.187719463941738683e-04
4.388155981729871145e-04
1.290146961821176568e-03
1.293437412610949026e-03
1.218748359467137663e-03
1.361831467637058179e-03
9.980063700976496421e-04
1.073350349263197398e-03
1.004654972215157779e-03
9.275526255699119513e-04
7.085504862453420160e-04
7.178043550085662187e-04
7.834833732956935845e-04
6.466479212774884104e-04
7.647588557020267453e-04
9.955451960339200233e-04
1.017187215643857497e-03
9.178793963977461418e-04
9.746351451260315893e-04
1.072158420837105537e-03
1.069851353690196840e-03
9.183722759950450508e-04
9.349262907659638099e-04
9.504775609169499595e-04
9.053349650335171164e-04
9.062018021660157201e-04
9.329111830750853917e-04
9.637417449866614999e-04
9.720519069172783985e-04
6.522252627652674276e-04
8.477463755574823814e-04
8.090671922838973658e-04
1.278310439376483280e-03
1.356396030993862372e-03
1.354079661199327064e-03
1.298466587005599800e-03
1.361016463538011409e-03
1.363659391267046028e-03
1.288724470837528027e-03
1.358545117557648143e-03
1.355556479497873864e-03
1.274073637879792522e-03
1.063141561809751150e-03
1.145665268417191173e-03
1.113698337532030959e-03
1.066993713329714545e-03
1.156783106664308666e-03
1.146567523965876575e-03
1.084675014365872863e-03
1.170772544223363468e-03
1.164582722473475303e-03
1.100549040488244630e-03
1.185131226940856156e-03
1.177751896799909175e-03
1.358604938212506835e-03
0.000000000000000000e+00
7.174516862038292722e-05
0.000000000000000000e+00
2.047822400907030750e-04
2.973556713359261556e-04
3.621860634719394198e-04
2.816268864203146354e-04
5.853700675284473397e-04
5.179087682022592669e-04
5.856173778444290039e-04
3.735736694038241834e-04
1.142426929539397916e-03
1.216271758249884210e-03
1.145586420384103483e-03
1.069447743249396770e-03
8.400151047125781808e-04
9.189049655815577540e-04
8.493694088237288770e-04
7.735504356396804898e-04
6.469304542919211264e-04
7.750047361107355532e-04
1.033626826632767608e-03
7.426124409743838778e-04
6.937483735489378750e-04
1.019157965581849856e-03
6.729853622461283522e-04
7.882808278266417983e-04
7.998976140050572357e-04
7.169382797445943232e-04
8.303049021744054103e-04
8.191372971180589440e-04
7.444830775959519016e-04
8.418461649044485387e-04
8.511810496332558465e-04
6.555431304970436943e-04
7.834637360151803110e-04
7.740179869390430767e-04
5.496158691874734490e-04
7.256097127509271785e-04
7.233307154309598103e-04
6.271111826172166706e-04
7.722376285215503972e-04
7.847786018836982362e-04
7.638000199805758134e-04
8.587956821072721203e-04
8.669292938554216650e-04
7.837168786488843929e-04
8.793179517505797255e-04
8.751339821994732820e-04
6.352256498888737314e-04
1.288416829398555822e-03
1.293507804959054654e-03
1.289389626649719905e-03
1.117472626902330608e-03
1.197719328329453553e-03
1.192710498546998860e-03
1.064941262337672223e-03
1.075787008534904695e-03
1.092574674606039452e-03
1.108998653956808772e-03
1.507274218164989345e-04
1.470299930902086642e-04
7.464344484831166677e-05
2.196852351625059859e-04
5.027996965191617457e-04
5.443045337072902881e-04
4.767172575584589724e-04
3.088832747122009889e-04
3.801823491715075848e-04
3.030384833973388077e-04
1.214874528362177913e-03
9.829670917899770502e-04
1.062669742123107351e-03
9.905082350297003159e-04
9.106518107306867463e-04
6.860248478950597495e-04
6.973543698348671225e-04
7.629058145148074092e-04
6.351874164918765251e-04
3.661930351772278930e-04
5.720779610103773330e-04
5.340135361897110780e-04
3.213664880163058729e-04
4.908944246310081643e-04
5.239627531300569034e-04
8.868931044508965343e-04
9.296160764743813774e-04
9.739919167128475649e-04
6.639730623575637678e-04
6.950992862880141492e-04
7.306804168645751303e-04
7.540404393310122001e-04
6.035747372519923706e-04
5.846976743140513359e-04
7.736929768518295471e-04
7.897757823102244607e-04
8.810838650056040987e-04
7.866590220496758783e-04
2.935185175937135398e-04
4.614137521237105161e-04
4.626926113939716450e-04
1.146068276096196990e-03
1.211248945628005643e-03
1.221827563538018533e-03
1.217556162604249356e-03
1.131831222687283570e-03
9.769689981683987810e-04
9.121523684935339219e-04
9.884933633615105956e-04
9.983228230317543490e-04
9.306640336214620519e-04
1.006604076201622188e-03
1.015482509429741073e-03
9.490192447285195152e-04
1.023760981183745224e-03
1.033098235397617937e-03
0.000000000000000000e+00
7.546376864145473045e-05
0.000000000000000000e+00
2.241100041318444102e-04
4.047555096936621914e-04
5.940547217396121953e-04
2.290069489414001179e-04
1.144143295992377986e-03
1.063487107734157212e-03
8.205095834960605787e-04
9.016115861535441839e-04
8.303112507218536782e-04
7.524855465072263034e-04
0.000000000000000000e+00
4.520938629616795285e-04
2.132871591823491794e-04
3.358110869415067154e-04
3.045112484432237697e-04
8.386328603007158281e-04
4.335955123879663099e-04
5.530449372265474955e-04
5.407144702224041732e-04
4.454887502897628420e-04
5.558932569061938132e-04
5.806707676043589093e-04
5.270560768790695473e-04
6.197767012008885282e-04
6.356243080824190575e-04
5.582925393692558021e-04
6.493441894832110723e-04
6.609334724021550958e-04
4.312857261379859507e-04
5.428485108632948811e-04
4.876842794320807744e-04
2.953926531515718430e-04
4.538595848104928169e-04
4.238891462284785378e-04
5.830185778200715555e-04
6.832224587886609642e-04
6.715900118331725836e-04
6.207578039715144639e-04
7.008366321060572040e-04
7.050550221176289135e-04
2.938580735649889302e-04
9.662104193558237282e-04
1.040832961278991301e-03
1.055991386282333858e-03
8.995306216936377070e-04
9.214026904630799250e-04
9.398504451641176947e-04
9.576299322337169682e-04
1.597404816843825241e-04
7.907947546090502865e-05
1.551750711242690897e-04
3.279450650853837565e-04
3.182800286661535390e-04
4.154232718705947185e-04
6.569089815842533249e-04
6.715698576555504274e-04
5.787956990677573530e-04
2.343997056384305435e-04
9.746121088764564877e-04
8.924408537730433525e-04
7.385666406961608008e-04
0.000000000000000000e+00
0.000000000000000000e+00
1.632334048119346657e-04
1.649172700565971952e-04
0.000000000000000000e+00
1.484876170779038742e-04
1.484873431698933977e-04
6.849281857917195867e-04
7.853351622284337726e-04
7.365660935930556366e-04
4.321692846978449315e-04
4.394620154988060703e-04
4.867929899077916940e-04
5.427585560886294186e-04
5.706928288063218896e-04
2.355898416487990459e-04
3.870489795422574447e-04
3.336694522797495474e-04
2.637982066975504982e-04
6.020373019166856991e-04
6.531003905234908152e-04
0.000000000000000000e+00
1.392835247911168681e-04
1.485348709201404196e-04
7.300920604077351314e-04
8.071709109897450777e-04
8.209327731842743295e-04
7.556087403533847790e-04
8.327433523564306463e-04
8.429810891580843697e-04
7.775866957260213139e-04
8.530500372059338088e-04
8.631292112734195721e-04
7.992626240963082891e-04
8.731365374715253447e-04
8.825793253894095164e-04
0.000000000000000000e+00
7.998981237927014630e-05
0.000000000000000000e+00
4.871933231004940278e-04
4.066929714064376040e-04
4.950456020368926161e-04
2.429487878908856099e-04
5.718929610608282019e-04
8.099404637720519990e-04
7.272044889820564097e-04
0.000000000000000000e+00
0.000000000000000000e+00
7.076524071314837117e-04
2.077452105952951197e-04
3.158532213324409814e-04
3.201503860671657065e-04
2.256438976659072722e-04
3.259664032244846341e-04
3.346634107658639948e-04
3.573637234465766523e-04
4.419258633939536843e-04
4.003803472474126669e-04
3.633131298697166341e-04
4.607015376258325715e-04
4.434516764444074123e-04
3.774995845775903263e-04
4.800791833608850242e-04
4.660609212492403250e-04
2.210016452351782148e-04
0.000000000000000000e+00
1.419471398205936490e-04
1.184802639720093756e-04
3.963012121677912019e-04
5.079027468387020640e-04
4.876834741145314746e-04
4.986701345574786519e-04
5.915664820125973375e-04
5.588373638841407720e-04
0.000000000000000000e+00
7.429052705092114694e-04
7.666419386099611105e-04
7.884755659073827650e-04
1.768589373525464997e-04
1.681674793182735936e-04
8.733592683127266217e-05
3.376528273256968003e-04
3.327255016654350741e-04
4.123723529179831827e-04
2.526426240018540110e-04
6.294366048961245455e-04
6.432684181810771227e-04
5.574415556669317295e-04
7.141915082355274275e-04
5.381963446216620536e-04
6.106127311872017833e-04
6.338933148521799831e-04
2.167517460743175861e-04
2.922178096177747834e-04
3.602674930278815940e-04
3.704056350016722587e-04
3.869387201131293651e-04
0.000000000000000000e+00
1.143775230753183900e-04
1.042981558661762719e-04
0.000000000000000000e+00
4.478323055441528629e-04
5.185693636479206696e-04
5.764018779560424336e-04
6.658307573136516356e-04
6.521546979923432356e-04
6.016398580114995813e-04
6.894383498434789558e-04
6.775364914967753121e-04
7.025402101041188689e-04
0.000000000000000000e+00
8.839411727334009461e-05
0.000000000000000000e+00
2.566918164081082444e-04
4.598612580966509786e-04
4.736298484124114934e-04
3.980883439947830176e-04
5.444891672324769956e-04
5.574431769598038209e-04
0.000000000000000000e+00
1.013112781620024170e-04
1.131726481280944134e-04
1.840295628327981859e-04
2.041808466066241472e-04
2.694341478381306627e-04
2.738518561392216683e-04
1.886930898640485797e-04
2.744289404063370670e-04
2.831392581820700843e-04
1.911069164600158097e-04
2.826901510579967239e-04
2.938244955178895084e-04
0.000000000000000000e+00
3.489853509497758662e-04
3.721633491720929940e-04
4.231066859526479520e-04
4.436261374462614282e-04
5.891021954622523800e-04
6.156341073179069428e-04
1.302984904616281167e-04
6.442328006014396975e-05
1.538154578001524591e-04
2.841670843911990444e-04
3.111035681654979049e-04
2.297027623376152660e-04
3.717684633636843586e-04
5.298365634177098398e-04
3.858926245110941354e-04
4.809322675661874096e-04
4.610121483064221664e-04
0.000000000000000000e+00
0.000000000000000000e+00
1.104442322928643347e-04
9.246932867221943045e-05
1.863441364965875144e-04
1.898693488994336576e-04
1.732593926284284563e-04
2.829619392881163381e-04
1.819840623206550633e-04
2.612037395587101700e-04
3.676352795592575246e-04
4.247200479120405588e-04
4.994860418493533502e-04
5.129906850158870652e-04
0.000000000000000000e+00
6.524519570559326781e-05
0.000000000000000000e+00
2.069261649088024514e-04
4.424354653931122060e-04
3.535009650752901091e-04
4.054836308612501687e-04
0.000000000000000000e+00
0.000000000000000000e+00
9.052164271939376150e-05
9.464813774872970565e-05
0.000000000000000000e+00
9.287265177000690369e-05
9.571143853575614922e-05
0.000000000000000000e+00
9.408652874602601429e-05
8.680276054219070809e-05
1.810080595393165099e-04
1.771569517993885001e-04
2.636216465041338807e-04
2.831872672831288549e-04
1.062452354901068357e-04
5.260332403565366044e-05
1.183929151280966338e-04
2.499188477294976714e-04
2.671914020585683066e-04
1.892621235238827642e-04
3.370413427178184807e-04
3.168871237953703479e-04
0.000000000000000000e+00
0.000000000000000000e+00
0.000000000000000000e+00
0.000000000000000000e+00
8.545459014436674987e-05
9.081039241796999204e-05
2.158414068226977174e-04
0.000000000000000000e+00
5.331526849828917449e-05
0.000000000000000000e+00
1.778923193009680683e-04
0.000000000000000000e+00
8.952116331813805145e-05
1.430627194813702133e-04
