1.000000000000000021e-02
9.792583024197075436e-03
1.000000000000000021e-02
9.896544276151423083e-03
1.000000000000000021e-02
9.897324055055561551e-03
9.832628577807318859e-03
9.812515178288003237e-03
9.917122007630471345e-03
9.808559763308254825e-03
9.904399596653477855e-03
9.800693778157574046e-03
1.000000000000000021e-02
9.916399841504646567e-03
1.000000000000000021e-02
9.653806140157228724e-03
9.743628453660054672e-03
9.724084533692761018e-03
1.000000000000000021e-02
1.000000000000000021e-02
9.905032163167628093e-03
9.629156752922134188e-03
9.719563732620598376e-03
9.710830114211199682e-03
9.873868038895804167e-03
9.937474783013587956e-03
9.853137083577108435e-03
9.702587349608216005e-03
9.678091521161188635e-03
9.768539801837280295e-03
9.609481813150355656e-03
9.631578931791305587e-03
9.701584122976262062e-03
9.829076183241546028e-03
9.914655984821376875e-03
9.818905992649427233e-03
9.615884729288624172e-03
9.712375662987908151e-03
9.622559075231020345e-03
9.619457382912862536e-03
1.000000000000000021e-02
9.936848197633331436e-03
1.000000000000000021e-02
9.788691593484121628e-03
9.505607668374455727e-03
9.580547379785442699e-03
9.604291790917166005e-03
9.482049283173579410e-03
9.546323657836666005e-03
9.568114160300320720e-03
1.000000000000000021e-02
1.000000000000000021e-02
9.915169758309774067e-03
9.723315378415892107e-03
9.461561868651859053e-03
9.539347655262729597e-03
9.545492570093542725e-03
9.471771236872806449e-03
9.551084670290425210e-03
9.540687535443332853e-03
9.820317609811725704e-03
9.847481075844139939e-03
9.911144929690236458e-03
1.000000000000000021e-02
9.910113195846446607e-03
1.000000000000000021e-02
9.826506786989888664e-03
1.000000000000000021e-02
9.913138402879675959e-03
1.000000000000000021e-02
9.914321182654726658e-03
9.761117097202542600e-03
9.557903938527539944e-03
9.630813627434189894e-03
9.531684988429021260e-03
9.493880396618937026e-03
9.477007345463363611e-03
9.838192354012354965e-03
9.833671387643631162e-03
9.919241314212947844e-03
9.674005797925702352e-03
9.645194415238415864e-03
9.751608395797084494e-03
9.466747634890106816e-03
9.434162022791511143e-03
9.447881467338247949e-03
9.525307299769280797e-03
9.823478673864146846e-03
9.825975964251288872e-03
9.826382366361555501e-03
9.914413124005745301e-03
1.000000000000000021e-02
9.912997188067528345e-03
1.000000000000000021e-02
9.601874713593621519e-03
9.653071851610331780e-03
9.711865588190376694e-03
9.417800195402149799e-03
9.462472230829027317e-03
9.488374683107819382e-03
9.579802416002824311e-03
9.325079041510381944e-03
9.404395655754170871e-03
9.415469220285506077e-03
9.315763856845677218e-03
9.394495958849930980e-03
9.399012909106663205e-03
1.000000000000000021e-02
1.000000000000000021e-02
9.919697301469907955e-03
9.756608565118535248e-03
9.537671231390666346e-03
9.576722003054002549e-03
9.606156315910881899e-03
9.304700527634839416e-03
9.383787040715239544e-03
9.388379082317875254e-03
9.289746558779510277e-03
9.362470493461207133e-03
9.375845157156295628e-03
9.486217130778752324e-03
9.618501114623053891e-03
9.721532997670909171e-03
9.723186445949371162e-03
9.634503072886411307e-03
9.730436366593011449e-03
9.732536069331595985e-03
9.837299967960719260e-03
9.920086938406635219e-03
9.831657115227895524e-03
1.000000000000000021e-02
9.918506268398645867e-03
1.000000000000000021e-02
9.610216040102318585e-03
9.365670068689683700e-03
9.391665646361306921e-03
9.436168935149024176e-03
9.509893538764774279e-03
9.320590056477394067e-03
9.345360546048819481e-03
9.310369131509173973e-03
9.845664837147221835e-03
9.923002975309336976e-03
9.841951600362526878e-03
9.684015542298734375e-03
9.761241794079150019e-03
9.679046953980573534e-03
9.542285698237994510e-03
9.608194471165541067e-03
9.540013465370962217e-03
9.297322365604611047e-03
9.271860265374303953e-03
9.353196769445822414e-03
9.280866822691281881e-03
9.419271763070731496e-03
9.478555292373297067e-03
9.426745023687593816e-03
9.626517041308920927e-03
9.644180949671831218e-03
9.639479229032514584e-03
9.737049693335560197e-03
9.740993303087306862e-03
9.833055422486122743e-03
9.918230104637710057e-03
9.835372994906657271e-03
1.000000000000000021e-02
9.916237653375927635e-03
1.000000000000000021e-02
9.425121821290981250e-03
9.514820761118822703e-03
9.521904612370499232e-03
9.223890515366765103e-03
9.295349806210497293e-03
9.320984687124361789e-03
9.421678392658991430e-03
9.153068647676785782e-03
9.239084861108450009e-03
9.235153776576594115e-03
9.179317884138881237e-03
9.252734926255919493e-03
9.272598269315040706e-03
9.144198833275000299e-03
9.230076005998467600e-03
9.225151749458614103e-03
1.000000000000000021e-02
1.000000000000000021e-02
9.923426510598994457e-03
9.765388848833957830e-03
9.613499327202557759e-03
9.481113405372686154e-03
9.132783870132974574e-03
9.211884223410769096e-03
9.218886779799866094e-03
9.119707238987782155e-03
9.196309316715367208e-03
9.204900831384815393e-03
9.346051614339136171e-03
9.431357555256291922e-03
9.526547808575593426e-03
9.533171329070638800e-03
9.440834247262693338e-03
9.539822251499846875e-03
9.542669457372211436e-03
9.660038792837884886e-03
9.652213976825193414e-03
9.750957662683100435e-03
9.746689850874274905e-03
9.790947954267173459e-03
9.812804546026015692e-03
9.898119427216373750e-03
1.000000000000000021e-02
9.894978868156004137e-03
1.000000000000000021e-02
9.428479021514406602e-03
9.231584597391503597e-03
9.228018071043137677e-03
9.326145431275236972e-03
9.201597994563638638e-03
9.328407245253448124e-03
9.148823338499039934e-03
9.166291284078639107e-03
9.138658726927399376e-03
9.849127338051029065e-03
9.847401075168864606e-03
9.924765990857687889e-03
9.708042352570538797e-03
9.696083044276158566e-03
9.777024615577877345e-03
9.559620939166936504e-03
9.621828948359473221e-03
9.551005499448216723e-03
9.399380600763760502e-03
9.470956906892402313e-03
9.409325646536653709e-03
9.126378002410832913e-03
9.106142122949705334e-03
9.189183576358202557e-03
9.113020199429153201e-03
9.257177747818073205e-03
9.338422823290079208e-03
9.264562553296371017e-03
9.436341319873278038e-03
9.450406481633633754e-03
9.445932800757991799e-03
9.549763390880190370e-03
9.555345461204777305e-03
9.635196846720085057e-03
9.736757323971344941e-03
9.648219030069994651e-03
9.712786489757306921e-03
9.746741142772666691e-03
9.877704025479801600e-03
9.770044293487639003e-03
1.000000000000000021e-02
9.872611765673998049e-03
1.000000000000000021e-02
9.236919453335577096e-03
9.332603915440659120e-03
9.334123613627376068e-03
9.024549241104655103e-03
9.128159280975283243e-03
9.125766082772287721e-03
9.022239463531821907e-03
9.101479569759875557e-03
9.123204309300457851e-03
9.234587159499081307e-03
8.979481971674274990e-03
9.062600385170337114e-03
9.066346767092654454e-03
8.975029825266264000e-03
9.064875335518269434e-03
9.077289666960577583e-03
8.971359593353302186e-03
9.052734326119830574e-03
9.057870139701270501e-03
1.000000000000000021e-02
1.000000000000000021e-02
9.925185139851589941e-03
9.779097790088068370e-03
9.634150941052525147e-03
9.480013065130328889e-03
9.328714666071106359e-03
8.962217967545298841e-03
9.041533678332165647e-03
9.047623329136606288e-03
8.951279398382834887e-03
9.029207204326107281e-03
9.035642363796017595e-03
9.182133660881152196e-03
9.238444860771027542e-03
9.336758750910077731e-03
9.339562889585035013e-03
9.235372244554784782e-03
9.340408910335966028e-03
9.342720646323753736e-03
9.452263467848978987e-03
9.559337752695198920e-03
9.451861150412750601e-03
9.544109632171846394e-03
9.503584722459086295e-03
9.572136329453782150e-03
9.651490675977439371e-03
9.623882321452051011e-03
9.739260878997428247e-03
9.743930445888306785e-03
9.875969953723091888e-03
1.000000000000000021e-02
9.868291437816813574e-03
1.000000000000000021e-02
9.708606929449529327e-03
1.000000000000000021e-02
9.850521076996356443e-03
1.000000000000000021e-02
9.865051386623841997e-03
9.238119143065326444e-03
9.039072609165865746e-03
9.032121886372600911e-03
9.136867359964996951e-03
9.023779086183519524e-03
8.998680074397547371e-03
9.137929097873085868e-03
8.977519490107941855e-03
8.975669809347556344e-03
8.967000160206593795e-03
9.823613036426240633e-03
9.912129890671259394e-03
9.836299714470550168e-03
9.692937750470304384e-03
9.771353732703847231e-03
9.700461089630223882e-03
9.626762102564660403e-03
9.385529637614291321e-03
9.472823357952967621e-03
9.392434554490498508e-03
9.240683375208958925e-03
9.320235860196606284e-03
9.248937299581042742e-03
8.956914289112367575e-03
8.939454211575511774e-03
9.022967176020666585e-03
8.945484511514337905e-03
9.091467060321987634e-03
9.174523042432901343e-03
9.098858471574895052e-03
9.237501927845333943e-03
9.226136851362540595e-03
9.341227447493334612e-03
9.231608075022147003e-03
9.338858193520947759e-03
9.477839919232507876e-03
9.452117383977422238e-03
9.480964108445302796e-03
9.605761572979107724e-03
9.593767367163261173e-03
9.726864733286745557e-03
9.666123667751371981e-03
9.851073390283212119e-03
9.694871003947867077e-03
1.000000000000000021e-02
9.805251645447547043e-03
1.000000000000000021e-02
9.034643589215749296e-03
9.137612632451977759e-03
9.136382503138742658e-03
8.814331718027323265e-03
8.921140250322428730e-03
8.926750821954486034e-03
8.818628286753657508e-03
8.921653891859631161e-03
8.921998879529321330e-03
8.808557520102676050e-03
8.892736055867237963e-03
8.915615356892753196e-03
9.037431962146120004e-03
8.804956623909211688e-03
8.893062892487217999e-03
8.890036908232182636e-03
8.806092330199664225e-03
8.889446885014260294e-03
8.892818458476656196e-03
8.800887939646517139e-03
8.882169716732037090e-03
8.886190456061987195e-03
1.000000000000000021e-02
1.000000000000000021e-02
9.912643824216195790e-03
9.758811954166977248e-03
9.534733705278674101e-03
9.614115086092651571e-03
9.547112984699060098e-03
9.313534972093829092e-03
9.460610143107660644e-03
9.166507495273163580e-03
8.792479107418742917e-03
8.872411406767911207e-03
8.877452018122334448e-03
8.781746634672731033e-03
8.861065701082528404e-03
8.866649045817720162e-03
9.015895101052490493e-03
9.024112667560417467e-03
9.133482647542566502e-03
9.129455274585942387e-03
9.005595789609164431e-03
9.123178192891918600e-03
9.115395189633966611e-03
9.209465309538688096e-03
9.219074142099829144e-03
9.334608192034032220e-03
9.356263594337601783e-03
9.177139357287594432e-03
9.347290245004339151e-03
9.312991048820844567e-03
9.406479719095953498e-03
9.582443333156016180e-03
9.434105870867395480e-03
9.553684057272261373e-03
9.303457053020785031e-03
9.522618033585283914e-03
9.478411936344962457e-03
9.292292577621034944e-03
9.512646012966443493e-03
9.586466867272892475e-03
9.030140686750603302e-03
8.823522994397385924e-03
8.819369567259991230e-03
8.933169108918342580e-03
8.816987025680260090e-03
8.813928402268137591e-03
8.807080253576519274e-03
8.928899400208533538e-03
8.805881184613924620e-03
8.803793476575037108e-03
8.796929796298251503e-03
9.843885320543371495e-03
9.833791433371512000e-03
9.922131307490034136e-03
9.656075607475415531e-03
9.674443559342297758e-03
9.740327461875544768e-03
9.595760631462160392e-03
9.223912936320667610e-03
9.232265214455545252e-03
9.304947994562714347e-03
9.374281113998701037e-03
9.379856202274935301e-03
9.454748779386817903e-03
9.077052404639891423e-03
9.159076454583985408e-03
9.084267106001416014e-03
8.787303987182963627e-03
8.772468166217505317e-03
8.856115921106563760e-03
8.777250397092210138e-03
8.927213571574891399e-03
9.009521933619198814e-03
8.933396965901587577e-03
9.015914752119554010e-03
8.977259307498954705e-03
8.992940583891989928e-03
9.104986821650472295e-03
9.092586260247770974e-03
9.195525133939628018e-03
9.120746235452744863e-03
9.153032878248111570e-03
9.292948314391886316e-03
9.260449865164825656e-03
9.369043452879083703e-03
9.324143930538266248e-03
8.816355330761034559e-03
8.919863468433729403e-03
8.927501482214147965e-03
8.606343264760727904e-03
8.714778957707567178e-03
8.711958480570205707e-03
8.608915997420736252e-03
8.715307345560391328e-03
8.711524278017272402e-03
8.617101726721943314e-03
8.714070999271910853e-03
8.717849887680621454e-03
8.628076391455692662e-03
8.717453802171161101e-03
8.718289518959402087e-03
8.820674664079009367e-03
8.633866821504529790e-03
8.720755475626045666e-03
8.719369312991363113e-03
8.634661704319712000e-03
8.718431139404984528e-03
8.720375035303753672e-03
8.630732620386700679e-03
8.715852872949389485e-03
8.712161571975607019e-03
1.000000000000000021e-02
1.000000000000000021e-02
9.922628152945421262e-03
9.684203805280388114e-03
9.764652792348678390e-03
9.753953775410674140e-03
9.670179637145932469e-03
9.530845920459952644e-03
9.532743355881464695e-03
9.593583271085082478e-03
9.150880431234846568e-03
9.299545594041605176e-03
9.453087304680557468e-03
9.002522322981215339e-03
8.623374141042720528e-03
8.708009031775322886e-03
8.703034202291527396e-03
8.850236947164514395e-03
8.611096105827935332e-03
8.696545271096036214e-03
8.692223407189522341e-03
8.791307830453381350e-03
8.910075594885725689e-03
8.897901389143968512e-03
8.753749462373712140e-03
8.882462630270265488e-03
8.864709722762174893e-03
8.933846368796766191e-03
8.957866671607438158e-03
9.075714521799596937e-03
9.054228472596766511e-03
8.864807326761104875e-03
9.025874756062665302e-03
8.990780035302830403e-03
9.017061438590233402e-03
9.076564606841660762e-03
9.218377277311435788e-03
9.155495486481394704e-03
8.844575422354726199e-03
9.094695894623805454e-03
9.057548823219858936e-03
8.805000144965316120e-03
8.596766400335733790e-03
8.602307227463457800e-03
8.712144868807170095e-03
8.608221007399375485e-03
8.613565694787149798e-03
8.623135512915672263e-03
8.631466692973708763e-03
8.706256728206716172e-03
8.634678066792456780e-03
8.633039446317280347e-03
8.627329288934433224e-03
9.847546646280033386e-03
9.923939512938156904e-03
9.845698414138768367e-03
9.690921680854794329e-03
9.767542574620062187e-03
9.687528181080731077e-03
9.608038029237313260e-03
9.061781135426036360e-03
9.143058015933036922e-03
9.069371617267733138e-03
9.213904294904366743e-03
9.294321645677118895e-03
9.218843238142140559e-03
9.374703340059780537e-03
9.453001235702463562e-03
9.374431827287438984e-03
8.918244325655516960e-03
8.997825949697878592e-03
8.922733448410278059e-03
8.617436875777022970e-03
8.751411007253923763e-03
8.761996532113909553e-03
8.839509660340260505e-03
8.602070200737669398e-03
8.606713421261758326e-03
8.687438831649905643e-03
8.774147409876680709e-03
8.702259877359621101e-03
8.730231615567454403e-03
8.842966730057079741e-03
8.816904650979841621e-03
8.903063674233246613e-03
8.765658389535852316e-03
8.947936601467840895e-03
8.820705085341445581e-03
8.888761187438963887e-03
8.851256849074074992e-03
9.073691282930861080e-03
8.943554976959656663e-03
8.857384337524296103e-03
8.579152714898492446e-03
8.684718590395877277e-03
8.700008209562869188e-03
8.381692489641254240e-03
8.495672885537318073e-03
8.488846300922614496e-03
8.395918168671825249e-03
8.503914456833308599e-03
8.500880855579713569e-03
8.420695731825267663e-03
8.520111679455086295e-03
8.514613915173347564e-03
8.439291935884683793e-03
8.528023748756887248e-03
8.534688797649939498e-03
8.455010041995739134e-03
8.541410921851884039e-03
8.545279133098170748e-03
8.588967540118121538e-03
8.464103739096841619e-03
8.548905140767448785e-03
8.550065105548523836e-03
8.465972714952777964e-03
8.550289855221016380e-03
8.548926794871134285e-03
8.462674864777464806e-03
8.543504095926628128e-03
8.546722918467797997e-03
1.000000000000000021e-02
1.000000000000000021e-02
9.924476759552831873e-03
9.769878823742967136e-03
9.530802170540102550e-03
9.611469017543417329e-03
9.607660561644262853e-03
9.530761170067847399e-03
8.990352395497830731e-03
9.138257182758317484e-03
9.294816051069063056e-03
9.453301414920935175e-03
8.835230416452276650e-03
8.455202952462404289e-03
8.533536481619126077e-03
8.539350042922649181e-03
8.677106161153618630e-03
8.444847056756835460e-03
8.523771213663364210e-03
8.528067192455997605e-03
8.537563141949085915e-03
8.644900389845163596e-03
8.666858389332222218e-03
8.480508628187452894e-03
8.619711776225625829e-03
8.590377736600245812e-03
8.630996587169932621e-03
8.785856579703134328e-03
8.669758948038076493e-03
8.746351488082466236e-03
8.536811432148634637e-03
8.649490399746802630e-03
8.703644341606631835e-03
8.564143947961998585e-03
8.674754912062048948e-03
8.793724466575867510e-03
8.704447664411554125e-03
8.463183238092867461e-03
8.660276508912148272e-03
8.648491018215404350e-03
8.559873221227053131e-03
8.361685391357207703e-03
8.481048097809317649e-03
8.372657270397288257e-03
8.389572815606108347e-03
8.409123581374572734e-03
8.430732389992515521e-03
8.447809723893405856e-03
8.460122331169253954e-03
8.469873947330782554e-03
8.465488429908130108e-03
8.464696621678908725e-03
8.459237931253178397e-03
9.850332062347999865e-03
9.848914489345682310e-03
9.925305347739558220e-03
9.696513202828528633e-03
9.772156762924352758e-03
9.693667569844684889e-03
9.517365761021877313e-03
9.604309846617102922e-03
9.523933231912373037e-03
8.904992204044366935e-03
8.983563489758811596e-03
8.911553191739012697e-03
9.046653643561702179e-03
9.130504779180398378e-03
9.054116822074532653e-03
9.198968094246803145e-03
9.287116906197269775e-03
9.206317530143243860e-03
9.359022485319758167e-03
9.445194990939606919e-03
9.366735535287100400e-03
8.777187508146036196e-03
8.764335822388863440e-03
8.847829759814074269e-03
8.450249669717763840e-03
8.531822997684061771e-03
8.641989556681529960e-03
8.566979275171745373e-03
8.407108334228198879e-03
8.426076750871149337e-03
8.504774141009032243e-03
8.511112608740118574e-03
8.404294706769076945e-03
8.445190156206710749e-03
8.555941804386044819e-03
8.516385237146598813e-03
8.588003067325203008e-03
8.449333578313717938e-03
8.608400850846529076e-03
8.496959873357303253e-03
8.508026940073264155e-03
8.524028027002750196e-03
8.326777568943649621e-03
8.454895798480235522e-03
8.431452887998605941e-03
8.153983240310797367e-03
8.269336144656530205e-03
8.257307929896708434e-03
8.177827221988816578e-03
8.288209340391121047e-03
8.279344385990528715e-03
8.213179906429481092e-03
8.304205536417910358e-03
8.318113157754911807e-03
8.238460696361337918e-03
8.329291919415639928e-03
8.339955558052686985e-03
8.268598637219050362e-03
8.353731508109855930e-03
8.362697503780856106e-03
8.289900220310246828e-03
8.372290658870022023e-03
8.377681419827783318e-03
8.345502567009749351e-03
8.297839199215315681e-03
8.382503507205821963e-03
8.380874985628618615e-03
8.300717680052520364e-03
8.383299090273981305e-03
8.382189007353492774e-03
8.298632580096105063e-03
8.377308137934171006e-03
8.380652906555399045e-03
1.000000000000000021e-02
1.000000000000000021e-02
9.925894174819885341e-03
9.774105681381723559e-03
9.607691189910450014e-03
9.438827711916120133e-03
8.976150037485596672e-03
8.841329211267102972e-03
9.123233468017332912e-03
9.279525261303885053e-03
8.640090707207248935e-03
8.708865357211072883e-03
8.695780405175681377e-03
8.294331307555706870e-03
8.369898767268060466e-03
8.374808049604637317e-03
8.586122157710901481e-03
8.469639082124513080e-03
8.263713286724719276e-03
8.335614608946769616e-03
8.354379115543736356e-03
8.267590957765592538e-03
8.404671475573832762e-03
8.373169340284498247e-03
8.189450835855840299e-03
8.337078694093041226e-03
8.295845295000894848e-03
8.306044193256287983e-03
8.470846411299293860e-03
8.358690106374633277e-03
8.419986645065442865e-03
8.164517002958034467e-03
8.353258391678584222e-03
8.304827513284570098e-03
8.168246630565100669e-03
8.312031014952743144e-03
8.362247811890533705e-03
8.115700189435899256e-03
8.345369446284486847e-03
8.285608318651251081e-03
8.299085277962693977e-03
8.166863684162323916e-03
8.113360762940093063e-03
8.134901864119971696e-03
8.239151022698152499e-03
8.196519879323923771e-03
8.226682467702420981e-03
8.254392485793642445e-03
8.280040940173141392e-03
8.294410583836146419e-03
8.219405679566936518e-03
8.299759701607831164e-03
8.300083858638616571e-03
8.296802613101290913e-03
9.852225407367869517e-03
9.926197504845662989e-03
9.851244780614130947e-03
9.704309792761184328e-03
9.700352353254362153e-03
9.777367982652758124e-03
9.556317112183160267e-03
9.536867880955873442e-03
9.626400112884965499e-03
9.325977411326328084e-03
9.342298103902963238e-03
9.422109545572578126e-03
8.896534686970047900e-03
8.900647021916301485e-03
8.971761060772310767e-03
8.765725029790408240e-03
8.835481967105587517e-03
8.771373358064651557e-03
9.032472074155386416e-03
9.115934260710948506e-03
9.039404603920676504e-03
9.186343742274869634e-03
9.272944299886957259e-03
9.192493344312943973e-03
8.635226439342077662e-03
8.706334476993813840e-03
8.637628853862568817e-03
8.279219070710079273e-03
8.502728820528103124e-03
8.571536978685061203e-03
8.517275644752665686e-03
8.363745348640769586e-03
8.447933129883969383e-03
8.385479367279624618e-03
8.233079323813986827e-03
8.320214661680118071e-03
8.248521477880079236e-03
8.230973164661668784e-03
8.090231907887547938e-03
8.249111126800571722e-03
8.142902404798212784e-03
8.197047688018913383e-03
8.240907563608016601e-03
8.170557691526752694e-03
8.148754774109477281e-03
8.063961940691350902e-03
8.197076056170824257e-03
8.165004722088978900e-03
7.950256838715401980e-03
8.065265506230198667e-03
8.051570794520615179e-03
7.901377932891957487e-03
8.029052929354246401e-03
8.006711810601717383e-03
7.996943538684320521e-03
8.086955350990798763e-03
8.106219724679971858e-03
8.035240780131553892e-03
8.137894543537870645e-03
8.123851846141165456e-03
8.076483021527906814e-03
8.173440968984809624e-03
8.157191815434365265e-03
8.111956679252903951e-03
8.201680390580307067e-03
8.190056837658844444e-03
8.126245799406742881e-03
8.212665101902832596e-03
8.207915617918934426e-03
8.090170873514915609e-03
8.134617260373276995e-03
8.216117783232626537e-03
8.218191260258035299e-03
8.139755302793393044e-03
8.220175481056182440e-03
8.219608187876790290e-03
8.139299417906130721e-03
8.218952131734375000e-03
8.217124535499263985e-03
1.000000000000000021e-02
1.000000000000000021e-02
9.926847919560680134e-03
9.778945632115093600e-03
9.630912754681961174e-03
9.424868475123302988e-03
9.470947463901787169e-03
9.490986001751602202e-03
9.256603075425744176e-03
9.375693115767164132e-03
8.964814835145365826e-03
8.831377997648237957e-03
8.700688538541780440e-03
9.109859755373324319e-03
8.569163321570285458e-03
8.120496205767317732e-03
8.192317150091587771e-03
8.207444487435785682e-03
8.433410372964923393e-03
8.298543422057727548e-03
8.097549461896098519e-03
8.165444526892214755e-03
8.180695561338094043e-03
7.984469489362546260e-03
8.127715462656007889e-03
8.086101491160563662e-03
7.885476769819741577e-03
8.038973384254168020e-03
7.986977034579074985e-03
7.966675882930278688e-03
8.031986876458925909e-03
8.137616516960342883e-03
8.064937372460426537e-03
7.863826347984770315e-03
8.018114028648519118e-03
8.013896990650758861e-03
7.793926338451728081e-03
7.984181373240323981e-03
7.952173764320535562e-03
8.026393799986946201e-03
7.974761614637494028e-03
7.927056441458883371e-03
7.851864992048639483e-03
7.878016623374889740e-03
7.984036109309857951e-03
8.017117974099749467e-03
8.056902341329363545e-03
8.095204792527479348e-03
8.119768949221856796e-03
8.131015809372199588e-03
7.957174693551182648e-03
8.137714315269432841e-03
8.139968555344883824e-03
8.130193505336740303e-03
9.857615217561911322e-03
9.854904122234095509e-03
9.928841501822466276e-03
9.702135303607173009e-03
9.777218253252870778e-03
9.703122611815231946e-03
9.563844296219644464e-03
9.634039833164529179e-03
9.559971847044686569e-03
9.424206772569321960e-03
9.490256762492902884e-03
9.424429929846524223e-03
9.170084763531167332e-03
9.248232055659940526e-03
9.178007826702156563e-03
9.298468645813868366e-03
9.361791858958084731e-03
9.312031744851385559e-03
8.882831178271080944e-03
8.957824975637389969e-03
8.889497802881505747e-03
8.751120922121241597e-03
8.758282205321717140e-03
8.823981895127758213e-03
8.619765693422539593e-03
8.692898412964911517e-03
8.627393127169147302e-03
9.024054247884329485e-03
9.105385492619634882e-03
9.028060098910856146e-03
8.487994972368146512e-03
8.561748679157869801e-03
8.495294934741824330e-03
8.109242206569129002e-03
8.348295633083344797e-03
8.425653508845302661e-03
8.356013608715327085e-03
8.207938680778285867e-03
8.285962560342955210e-03
8.220566477240410716e-03
8.070677218815427642e-03
8.151974863323576889e-03
8.084255388180274643e-03
7.937637758039437635e-03
7.761713586607459602e-03
7.826816977694642588e-03
7.927142197180199121e-03
7.863361370414352972e-03
7.811279532016518479e-03
7.986772016814566721e-03
7.892131679341269149e-03
7.834009172381466157e-03
7.838871438521601703e-03
7.780773434769933973e-03
7.881849326559752997e-03
7.923872894304644435e-03
7.772706128050523196e-03
7.861006199986773912e-03
7.885912160540608715e-03
7.714809024598243137e-03
7.833658354850760175e-03
7.807545878864256481e-03
7.655663870634300816e-03
7.779663196870865993e-03
7.753124274350084444e-03
7.821774766080468247e-03
7.908943042269937426e-03
7.929542394158745067e-03
7.864313572894292281e-03
7.949436189742482839e-03
7.971514085349441781e-03
7.924361928156379437e-03
8.000155511684750240e-03
8.018973193245324677e-03
7.951076660278793076e-03
8.039307474248609878e-03
8.031295037785339888e-03
7.964552408949034101e-03
8.045225316996305540e-03
8.050139351904694179e-03
7.818132318741915013e-03
7.975062220390459131e-03
8.057860533879114551e-03
8.054716607977834703e-03
7.977950772012252015e-03
8.058983876357351736e-03
8.058776481924916774e-03
7.973604089449280036e-03
8.056421204935354519e-03
8.047261258654890906e-03
1.000000000000000021e-02
1.000000000000000021e-02
9.929537384717227258e-03
9.780650724033130433e-03
9.633559425180765468e-03
9.494595553122278653e-03
9.361768226263320059e-03
9.097508503248717682e-03
9.234672545245315237e-03
8.953797611458336539e-03
8.817232666652151385e-03
8.685656054020007150e-03
8.554057011184983822e-03
8.418300009820385912e-03
7.936802423305130277e-03
8.017315714858997203e-03
8.028655349041916023e-03
8.278233083728140165e-03
8.139385392875208777e-03
7.928686094308849686e-03
7.999738487348534086e-03
8.013173452724073678e-03
7.688175905799395776e-03
7.837588915389173683e-03
7.786084780210309961e-03
7.574442970930023687e-03
7.730850700824483564e-03
7.667510479715102488e-03
7.634618502130116266e-03
7.701649510517731903e-03
7.801389922327143199e-03
7.722382366380945405e-03
7.490360540874631268e-03
7.678961984299497584e-03
7.640125823746844388e-03
7.533113380887466667e-03
7.673210593659963823e-03
7.696372543015839694e-03
7.736690149676326081e-03
7.798381700874344735e-03
7.745043439101146135e-03
7.686592524148088551e-03
7.584510502425864838e-03
7.719358787713501147e-03
7.621700205560873360e-03
7.844043050877698084e-03
7.895705282138744049e-03
7.938567082572322783e-03
7.958492683685312527e-03
7.970444374176615179e-03
7.681962784891961833e-03
7.977045962343810859e-03
7.976241345406101524e-03
7.955494702128498158e-03
9.839835136006140279e-03
9.919965818738310862e-03
9.848593823881382492e-03
9.683148100722170984e-03
9.770381835128901654e-03
9.692437934020844970e-03
9.550979892154972534e-03
9.626561006099333337e-03
9.557234135367648903e-03
9.418884139302382760e-03
9.491457962491151035e-03
9.421376114588982803e-03
9.283594174276009470e-03
9.353993416515582124e-03
9.290812875065647403e-03
9.010564732462988252e-03
9.090477219416047416e-03
9.017050994196708011e-03
9.147231226929711592e-03
9.222974085929876165e-03
9.158399806744746754e-03
8.875075213691945714e-03
8.878710822400682004e-03
8.949734450196046229e-03
8.738111925225120272e-03
8.810642299965254498e-03
8.744418622702476718e-03
8.601927128587323612e-03
8.676696755287030202e-03
8.610682765989512849e-03
8.470188451284924383e-03
8.545127667514215361e-03
8.478960088322969393e-03
8.331871901870473510e-03
8.339993408739499250e-03
8.410094482876481758e-03
7.932997199682536790e-03
8.195371681736552533e-03
8.271969434560067294e-03
8.201625233236534834e-03
8.057720233634910884e-03
8.132943292272905647e-03
8.064247729166732284e-03
7.919600406827475084e-03
7.995228426404214078e-03
7.924288922381580655e-03
7.633909223180916810e-03
7.449362036072545296e-03
7.606078337093460408e-03
7.514975418124996559e-03
7.541598453015073422e-03
7.587258142183828449e-03
7.515009148983566381e-03
7.495518005152726829e-03
7.639181573453526948e-03
7.591190465731045139e-03
7.600731729068083142e-03
7.712199976799083770e-03
7.686262579209761012e-03
7.540714013237722127e-03
7.627265155873936414e-03
7.657703502757841514e-03
7.471486274503520882e-03
7.594149586910493854e-03
7.563014731959463374e-03
7.395720255611284467e-03
7.526685844072947794e-03
7.489510908155879929e-03
7.647642126279642627e-03
7.756853131337940709e-03
7.734284823018212733e-03
7.741195564980309259e-03
7.833473670604490860e-03
7.802554510662857226e-03
7.771362635181061802e-03
7.861890981271229054e-03
7.847597898171389252e-03
7.791677105836852628e-03
7.871145687157824963e-03
7.878693012706107848e-03
7.805737135567630998e-03
7.884957905047104698e-03
7.890871370378521946e-03
7.541919998879167975e-03
7.813551735147979127e-03
7.894165001221283354e-03
7.896100594002948905e-03
7.813549695884889137e-03
7.895654355550289077e-03
7.893842208847937081e-03
7.793264542812068131e-03
7.865157717496811321e-03
7.883366168302218674e-03
1.000000000000000021e-02
1.000000000000000021e-02
9.920826155467903085e-03
9.762258054828366893e-03
9.617702646005418105e-03
9.485512196821263911e-03
9.351771466303934743e-03
9.215888018193726244e-03
9.079318401173239877e-03
8.943175680836955646e-03
8.806886165818881076e-03
8.670255691761942843e-03
8.536235956168699429e-03
8.401175979108561898e-03
8.263714433941660512e-03
7.788502624785888055e-03
7.858639805357461872e-03
7.862664684081886735e-03
8.126593571029745722e-03
7.988667771080829039e-03
7.781425763323282854e-03
7.850490166451232904e-03
7.855113688951332121e-03
7.383795919984432674e-03
7.536797429002948211e-03
7.478535643685709465e-03
7.275785432743480698e-03
7.362264624798811087e-03
7.425668593123815539e-03
7.273424956795224335e-03
7.454207058291242513e-03
7.365250195226653689e-03
7.402186273033495821e-03
7.201071230267928718e-03
7.367790651173075460e-03
7.344126453108028828e-03
7.441923183236056130e-03
7.571977577289957725e-03
7.625269833443000869e-03
7.507486217381549240e-03
7.435090087368480607e-03
7.310562593550461001e-03
7.354790889937615726e-03
7.448402983969783057e-03
7.696153074493751294e-03
7.757156956479374296e-03
7.782293212789326980e-03
7.799448084837982617e-03
7.810311390451338265e-03
7.402466476529316781e-03
7.814103085455320966e-03
7.803855205642242117e-03
7.791246849623669965e-03
9.826423909066394138e-03
9.832984341437962447e-03
9.913111421983223162e-03
9.671362498372328836e-03
9.755613596502557203e-03
9.677116441704490188e-03
9.537162763001124158e-03
9.610217517134434992e-03
9.543871555110980398e-03
9.405336829830515319e-03
9.478250622162653558e-03
9.411889812217083193e-03
9.270690883489463713e-03
9.344873945333424456e-03
9.276895742324398411e-03
9.136987341011161209e-03
9.210367165317766974e-03
9.141848006427002321e-03
8.997613871460993437e-03
9.072510085304514096e-03
9.003792052356964296e-03
8.845109680199064045e-03
8.928041509365870071e-03
8.859736090045318424e-03
8.732749885807781012e-03
8.804127972601289570e-03
8.735223475469634444e-03
8.591153524780695272e-03
8.664797179219356493e-03
8.596304164059773503e-03
8.455514706514703424e-03
8.528853251725660584e-03
8.462638136865581126e-03
8.317936967868724135e-03
8.394214559512761312e-03
8.324727703998070424e-03
8.182900903872176654e-03
8.257524610879980742e-03
8.189008106733187617e-03
7.785223898400717504e-03
8.045812726220603894e-03
8.120723884623979802e-03
8.051703432690330078e-03
7.909025562619914282e-03
7.983489847416471927e-03
7.914337673693068800e-03
7.777702930788685763e-03
7.848744988828620928e-03
7.779689881576017270e-03
7.332242275908366566e-03
7.179276572563905202e-03
7.314279617858754530e-03
7.229735709535896337e-03
7.227275152459075765e-03
7.241373151325019956e-03
7.201896188823989596e-03
7.349405152662628893e-03
7.292355626313967200e-03
7.373299441357071375e-03
7.456550025443105245e-03
7.487943859696128898e-03
7.433908485968745636e-03
7.516887952680460436e-03
7.541622809995358542e-03
7.299698715718429265e-03
7.385098272289414637e-03
7.421120728241754026e-03
7.220736595367934808e-03
7.346953366940444860e-03
7.307716257477578879e-03
7.130323517323578983e-03
7.263777759370845626e-03
7.219918818217053655e-03
7.546551779290957586e-03
7.596983358557455289e-03
7.644608363915243211e-03
7.586960599248101025e-03
7.679848076635829163e-03
7.663768475410373017e-03
7.613916856351331079e-03
7.692359161280147399e-03
7.703417480557516253e-03
7.635161984431211579e-03
7.713177083328428239e-03
7.720953082341104438e-03
7.647153013428614407e-03
7.726245747938579635e-03
7.730705108952912706e-03
7.258185276525886721e-03
7.651309750511808318e-03
7.732679197605089524e-03
7.732271731897742695e-03
7.652307040441882167e-03
7.722939801712664851e-03
7.732823690656745116e-03
7.647404306768478682e-03
7.718001740397950790e-03
7.720301321354347372e-03
1.000000000000000021e-02
1.000000000000000021e-02
9.914128160733608197e-03
9.749863285277833580e-03
9.604937714134995086e-03
9.471889783209789387e-03
9.338589027860258809e-03
9.204343571982659400e-03
9.067778569360519098e-03
8.921860304545867898e-03
8.789092843396486415e-03
8.662242148513913526e-03
8.523540794967275624e-03
8.386878378972477052e-03
8.250507937535395478e-03
8.114392265597313025e-03
7.651856238311985879e-03
7.720205032568533757e-03
7.716612286769539836e-03
7.977395399084078256e-03
7.843296369620356492e-03
7.662049243686064152e-03
7.721818030323158999e-03
7.719799400966263943e-03
7.047226072472764953e-03
7.216309982981714867e-03
7.160739427319262607e-03
6.990964346166519613e-03
7.134297387078579640e-03
7.084608491399380439e-03
6.960776450458163074e-03
7.071154121855272034e-03
7.115645187158422744e-03
6.922811225221673845e-03
7.099739986771182003e-03
7.060659627390496705e-03
7.127390393487544572e-03
7.337826872873196883e-03
7.404823286866608206e-03
7.492206466302820528e-03
7.261622129724304778e-03
7.177060738426865524e-03
7.027578171599959539e-03
7.080646924564836485e-03
7.169706401083706694e-03
7.567703284881404334e-03
7.601279532451371036e-03
7.625398373735802968e-03
7.641977158198915224e-03
7.649887063019443142e-03
7.114296624420982790e-03
7.652389761919665273e-03
7.650346085449872581e-03
7.650005785775751410e-03
9.871774611370493988e-03
9.935668904440813839e-03
9.849375415841547451e-03
9.652230585971602328e-03
9.739543513117693979e-03
9.661607328693758850e-03
9.527057395806134629e-03
9.599213702493263750e-03
9.531924252492929989e-03
9.395007422480837131e-03
9.466145553406220617e-03
9.399939733743634812e-03
9.256026194003378130e-03
9.263112942738453703e-03
9.330795897380032497e-03
9.128012393922161835e-03
9.199400824757343956e-03
9.132222802998924902e-03
8.990986792794758084e-03
9.064027435738673116e-03
8.993989512489281024e-03
8.857206703169627840e-03
8.850824332102375305e-03
8.927454663583619943e-03
8.695846895430134685e-03
8.714074210898693079e-03
8.770820724763244564e-03
8.580715875704716250e-03
8.656906719125315522e-03
8.585677299941495144e-03
8.442921895572870136e-03
8.517169618047151433e-03
8.448934641700052428e-03
8.307895985367378874e-03
8.381838224933081671e-03
8.312650593305237826e-03
8.171456610704598555e-03
8.244828383846002778e-03
8.176949136641544630e-03
8.035153577771521338e-03
8.109163270572922536e-03
8.040304975209969923e-03
7.657199359374722639e-03
7.898833254278567889e-03
7.972455337898797303e-03
7.903822808230879376e-03
7.770884742354346869e-03
7.774277227852031957e-03
7.840068797603592932e-03
7.659078382456584351e-03
7.660650120800804874e-03
7.718491398597002694e-03
7.021544576600852357e-03
6.978130312298611374e-03
6.944484562553423883e-03
6.904921414286024385e-03
7.053724830778181423e-03
6.976094836317887730e-03
7.135706973327482321e-03
7.217259146563413490e-03
7.255363907670996440e-03
7.211766300879046167e-03
7.292122333137402920e-03
7.323801389464978939e-03
7.348989360666551528e-03
7.391500926028777597e-03
7.448231411152221246e-03
7.054757642218364468e-03
7.137292698541302868e-03
7.177996045905199636e-03
6.963938577335345576e-03
7.093024480591627115e-03
7.046694298790433415e-03
6.859383017060078323e-03
6.995431270152284962e-03
6.943078972855561831e-03
7.397521722090556404e-03
7.492941087032769371e-03
7.471713203529703994e-03
7.431794227486320827e-03
7.509060447060308605e-03
7.523509605002894410e-03
7.459374027820449456e-03
7.547898824752060851e-03
7.536358585615095425e-03
7.485278547853454166e-03
7.566686455858563989e-03
7.559985477883155759e-03
7.493678924676797949e-03
7.572772705339478848e-03
7.570215888282773656e-03
6.968020850455503012e-03
7.494972774656837727e-03
7.573839602357745025e-03
7.572973815642833860e-03
7.495229442235732363e-03
7.573640092510969778e-03
7.571420754342275856e-03
7.494453760396629222e-03
7.570901796810687416e-03
7.573068523493063642e-03
1.000000000000000021e-02
1.000000000000000021e-02
9.936471275362844177e-03
9.748200822922745840e-03
9.786962310400694476e-03
9.810365737156361704e-03
9.590276388185514991e-03
9.700694077894695191e-03
9.461720202395362475e-03
9.326211761930061628e-03
9.192518766006388745e-03
9.060007851652281813e-03
8.924531512677236905e-03
8.730053970188091095e-03
8.787461739445867268e-03
8.793967605494661111e-03
8.712846359474809080e-03
8.638490385784271253e-03
8.512068888967555189e-03
8.375578102270126238e-03
8.239783674758128368e-03
8.103345083261518852e-03
7.966962234357770345e-03
7.547491148080446265e-03
7.599759232446547455e-03
7.604692118937592116e-03
7.834765312610266277e-03
7.714869827926862551e-03
7.547188050244430825e-03
7.603017812568322632e-03
7.604755891939748123e-03
6.740309332034251540e-03
6.864830013389331895e-03
6.895604249278045744e-03
6.706007974013823529e-03
6.849540242954200477e-03
6.832511171563543199e-03
6.653731595638097407e-03
6.807947167964384545e-03
6.787250524410708315e-03
6.765011205813946209e-03
6.905546137904673178e-03
6.836383285894139655e-03
7.096529830784574673e-03
7.174946755820822350e-03
7.155520067047158039e-03
7.294111567793119637e-03
7.183825761228994355e-03
7.253235639239296283e-03
7.374012218531521105e-03
7.010764344447671832e-03
6.913198124058765603e-03
6.740061866155578132e-03
6.884219966059996337e-03
6.801378668303033857e-03
7.415548318301651634e-03
7.446458952138052846e-03
7.473323210303819963e-03
7.490325695220559007e-03
7.494962221627408244e-03
6.822172692086931646e-03
7.495681982440530536e-03
7.495479010289452654e-03
7.521304034573509344e-03
9.900943898847876928e-03
9.886515243571619704e-03
9.950316172539419232e-03
9.764040416966882768e-03
9.817508584437202590e-03
9.756170204195096368e-03
9.516208038098758482e-03
9.584158617711573472e-03
9.521441727750499032e-03
9.635618932797934688e-03
9.691836899735711830e-03
9.643734883594660273e-03
9.395362632966712882e-03
9.394988700414537083e-03
9.461165291725357959e-03
9.257486620291197413e-03
9.256523591583626712e-03
9.326286888078490558e-03
9.121717337880447252e-03
9.188842058272660152e-03
9.124588130355992810e-03
8.986947076096599846e-03
9.057467008507884970e-03
8.988649776191159554e-03
8.857974421129481343e-03
8.924478541370231208e-03
8.857251701645901115e-03
8.737892530729958820e-03
8.733655036216963347e-03
8.797493502099082777e-03
8.589710461791851687e-03
8.660231644200390086e-03
8.642783698579173043e-03
8.584969488476989347e-03
8.437965831709321601e-03
8.440136372867298661e-03
8.509436348317977322e-03
8.295394549949521024e-03
8.301309226684342943e-03
8.369281583200367455e-03
8.162496922797643842e-03
8.235315165640182122e-03
8.166648717943475813e-03
8.025339855414752310e-03
8.098527370084750501e-03
8.029955629415153756e-03
7.888616843449741678e-03
7.962022309275083864e-03
7.893486957401411527e-03
7.547591799641038476e-03
7.753036974148590395e-03
7.826072998285088164e-03
7.761812339093048657e-03
7.646116383794003199e-03
7.708606444894277460e-03
7.652545023020912614e-03
7.538533937039013262e-03
7.598907957888089391e-03
7.542889131190657834e-03
6.753838201969682153e-03
6.725041012170498295e-03
6.682194520777594467e-03
6.608461918717479198e-03
6.756846372710700356e-03
6.686490188683385551e-03
6.892763388028623657e-03
7.014969443418816661e-03
6.973340889842826774e-03
6.945202236837437829e-03
7.079421432791421429e-03
7.039936644122289471e-03
6.946422258696677635e-03
7.078355267665435539e-03
7.051599209161256432e-03
7.203537414558791249e-03
7.275980493135593592e-03
7.180492523812182989e-03
7.301233303524621090e-03
6.801533731779910337e-03
6.882328531923721272e-03
6.928812592107190874e-03
6.711114976756638907e-03
6.784954252774899261e-03
6.837995343638211126e-03
6.603518497955859767e-03
6.671634746903182603e-03
6.731776000785713587e-03
7.245190366480061019e-03
7.321018572270189019e-03
7.339167606972357531e-03
7.280786906931974861e-03
7.355975803611999701e-03
7.370703954614315698e-03
7.330997478078348298e-03
7.394986416050098980e-03
7.408636662000333585e-03
7.338392937450797550e-03
7.416413703547897196e-03
7.411604837686925490e-03
7.343292729436047550e-03
7.418267638947304878e-03
7.419392719510039570e-03
6.675886576779020178e-03
7.347236067387920809e-03
7.420925981211977211e-03
7.421406999527055057e-03
7.332496835968615491e-03
7.413617881098697425e-03
7.413664123501415189e-03
7.427172112047504202e-03
7.487221865311143552e-03
7.461070679298198623e-03
1.000000000000000021e-02
1.000000000000000021e-02
9.950967275103460644e-03
9.832869408582144838e-03
9.700570649761047423e-03
9.576539636822985202e-03
9.456397208324366505e-03
9.327188920251959850e-03
9.190231813320128354e-03
9.054870490657732779e-03
8.922916914060342528e-03
8.798279577259758219e-03
8.616452128036439229e-03
8.677478041239765696e-03
8.673185397970090832e-03
8.602872780204611977e-03
8.514195760510049477e-03
8.366922229607354558e-03
8.229076550493687192e-03
8.093982487202933812e-03
7.956961794556148548e-03
7.820731467975452697e-03
7.437754897431177528e-03
7.492330630025703653e-03
7.492751863961723963e-03
7.699418912623646333e-03
7.592154356423084019e-03
7.421021655639764569e-03
7.479559152832755339e-03
7.484170775849779446e-03
6.515399170242817950e-03
6.640611980977058522e-03
6.627278165947641381e-03
6.443144065494200816e-03
6.592465254818490571e-03
6.573756089865407694e-03
6.391916881524546158e-03
6.549422921567191538e-03
6.521985911782630409e-03
6.563519458996929304e-03
6.848448217574790685e-03
6.919939146493184721e-03
6.946422980944092287e-03
7.004164154915189407e-03
7.079481697331431629e-03
6.976229800487503997e-03
7.104548076214750249e-03
7.225288510558664640e-03
6.757570105484422482e-03
6.658740174652847538e-03
6.465075673339162887e-03
6.535934154137034921e-03
6.602763963269302205e-03
7.263911234990825909e-03
7.307082939101761099e-03
7.335623733652372677e-03
7.341569176989386734e-03
7.345902503577385161e-03
6.536651859446410834e-03
7.340392386363143139e-03
7.333009525799862559e-03
7.413542607053300385e-03
7.333321947023615194e-03
7.380102016640029995e-03
7.432658120570801580e-03
9.866337704692825991e-03
9.933051930779378952e-03
9.883414673243259840e-03
9.816035379728468152e-03
9.628324191549485211e-03
9.696145786784191381e-03
9.631846800609107986e-03
9.508036574164992552e-03
9.571748291547327661e-03
9.511955801179947795e-03
9.375299823328887838e-03
9.445683840916076213e-03
9.385042594970676583e-03
9.250957127303418431e-03
9.323345506193297591e-03
9.254009876026219120e-03
9.118923524493989172e-03
9.188232389946227388e-03
9.120062125770758352e-03
8.985519016531081163e-03
9.053553162224576428e-03
8.985925217802717344e-03
8.855604287486622608e-03
8.856443517586314387e-03
8.921259799561832501e-03
8.742874711910431085e-03
8.740051176311025224e-03
8.800372757251352651e-03
8.628204400484094233e-03
8.682956635369803999e-03
8.621988650824197187e-03
8.460101036582715409e-03
8.538710717742538717e-03
8.524915989522381665e-03
8.448740666293096807e-03
8.296925339411620470e-03
8.367513346241124347e-03
8.295778783688286320e-03
8.159052244261626521e-03
8.227294324415277207e-03
8.160370092433011022e-03
8.018918337482286787e-03
8.090817774942138385e-03
8.021733640901808696e-03
7.880876833014879498e-03
7.884390171589070878e-03
7.953235899615745952e-03
7.748829718919931012e-03
7.750642145637883992e-03
7.818852367536871864e-03
7.429560647835662703e-03
7.632828819653754079e-03
7.693032628648140310e-03
7.639271704528098617e-03
7.523809288699170698e-03
7.585069648495457693e-03
7.531080913673308778e-03
7.410124578549242939e-03
7.474441792750243993e-03
7.415573099191111010e-03
6.481190636290721889e-03
6.419480197336237606e-03
6.341050402085508103e-03
6.474981248858237282e-03
6.428023465326156670e-03
6.645486804337185326e-03
6.723145594178918556e-03
6.769770594357142103e-03
6.713025246043727995e-03
6.802435071048550629e-03
6.829791623939132118e-03
6.742181153015587049e-03
6.844979843097669103e-03
6.843162890867256556e-03
6.799422324281770985e-03
6.902475356507920337e-03
6.872595405292680065e-03
7.053700752277632970e-03
7.128275957550889164e-03
7.029873753720087930e-03
7.150137053783475923e-03
6.547097408163113537e-03
6.674830922055897432e-03
6.628731191964230655e-03
6.473368887091004997e-03
6.538302358915630899e-03
6.592507977196434069e-03
6.360757719894125084e-03
6.412966873949378123e-03
6.482390114618090393e-03
7.082214790183466273e-03
7.182133588612199179e-03
7.163309049550775458e-03
7.153760911748034169e-03
7.242611834244724878e-03
7.217115248767037861e-03
7.181642818625156612e-03
7.260427985929275574e-03
7.256036178185145888e-03
7.196348305866878681e-03
7.267134272869226960e-03
7.270119225148289135e-03
7.208382855540450274e-03
7.278017502328213220e-03
7.275649477910356606e-03
6.404760626082901462e-03
7.204352297464345495e-03
7.268529413412839688e-03
7.275603797192336727e-03
7.199686670965989646e-03
7.266328046373463079e-03
7.265993925979380950e-03
7.315786054403186286e-03
7.371471490772447087e-03
7.324794036421546257e-03
7.376598143238248355e-03
1.000000000000000021e-02
1.000000000000000021e-02
9.933965161209229455e-03
9.723647765545198607e-03
9.743582481125685063e-03
9.795475557459853988e-03
9.568832909213604784e-03
9.676458809585250162e-03
9.442385048280500445e-03
9.313883453611570412e-03
9.185572165790053048e-03
9.052792999961400619e-03
8.921081189185702670e-03
8.799590328123553865e-03
8.685853552951540782e-03
8.488751538547757713e-03
8.558877966293815254e-03
8.552527111271216939e-03
8.474135395944468879e-03
8.378914993665890348e-03
8.228187280864515327e-03
8.089101435839692045e-03
7.949912152830196366e-03
7.814758513233625511e-03
7.690663870860414524e-03
7.303485770290918042e-03
7.362007578387716467e-03
7.370676403633895889e-03
7.578100534853524257e-03
7.466723778734796896e-03
7.289543497424672523e-03
7.349518297957473127e-03
7.355378532737232022e-03
6.180636814933447749e-03
6.348218518781210788e-03
6.311264593925052825e-03
6.136025601617169090e-03
6.289867909060137263e-03
6.263292829867058049e-03
6.262928683163229183e-03
6.597514535175623071e-03
6.680261807357167070e-03
6.728340690697115142e-03
6.771728177679886725e-03
6.856797516295302930e-03
6.930148503391892964e-03
6.829052525571906694e-03
6.955945065497666155e-03
7.068866228664565619e-03
6.511185053093905203e-03
6.418524481099452915e-03
6.222217305201015007e-03
6.343809215831099253e-03
6.293031037050502569e-03
7.130731933143477815e-03
7.106948759031133170e-03
7.205571959006474084e-03
7.142651592485726141e-03
7.168474589485416409e-03
7.189825643524878733e-03
7.203079394784091954e-03
7.206989062521311495e-03
6.281755657120533312e-03
7.202666288091284265e-03
7.200619602818974542e-03
7.266751018996841539e-03
7.200724196082716397e-03
7.258084797138179833e-03
7.309924992823344132e-03
9.868231198239615573e-03
9.867267414029495462e-03
9.933894147394055699e-03
9.738734505413786102e-03
9.802144070089967298e-03
9.731252075026668169e-03
9.500457826941120093e-03
9.564296344077365467e-03
9.504099902794150428e-03
9.618316560555123171e-03
9.670851780463455422e-03
9.623190985660038180e-03
9.400812434740895771e-03
9.388083366134182192e-03
9.454282057332230593e-03
9.222762198759216351e-03
9.236572180438003266e-03
9.299393238870162781e-03
9.116722714637157457e-03
9.183797852296473468e-03
9.117581707305075223e-03
8.986203810657995492e-03
9.052450232559274002e-03
8.985575448272116461e-03
8.821346470912766122e-03
8.903411602128825930e-03
8.837921688568534107e-03
8.743970669696069647e-03
8.743102564244400327e-03
8.799761199219390678e-03
8.646000091896666531e-03
8.694293997269442881e-03
8.636775481454878750e-03
8.507555336240873664e-03
8.567785565698407893e-03
8.497816661216871237e-03
8.310396957800803355e-03
8.385174046646872575e-03
8.400126015593478712e-03
8.303132142443854849e-03
8.165528519995203169e-03
8.231242537387389521e-03
8.161828368658186755e-03
8.019741956678302919e-03
8.089459872027098333e-03
8.018831913561756328e-03
7.877506016487010806e-03
7.878673752836854588e-03
7.948295369122426388e-03
7.735704091622356768e-03
7.741793683246465767e-03
7.808410284739808992e-03
7.615414757735338921e-03
7.623862729776255398e-03
7.682249421800505483e-03
7.296657177230979688e-03
7.506855243158718632e-03
7.515154603987436038e-03
7.569948490953437581e-03
7.394766895074818616e-03
7.459416943347101786e-03
7.402297234285980763e-03
7.274867957057259797e-03
7.342625961385398567e-03
7.282173122589186490e-03
6.160464795791283608e-03
6.054044827069855923e-03
6.117778365462769354e-03
6.197424324339222135e-03
6.402210644193419287e-03
6.474373070330568039e-03
6.524296229426474955e-03
6.477515842596995310e-03
6.595816876199654503e-03
6.561110080648616463e-03
6.527497959218062779e-03
6.619808718927853476e-03
6.635406215017475122e-03
6.589660495489669048e-03
6.695204283255481309e-03
6.665590633255642251e-03
6.657023341975037457e-03
6.727932590600884874e-03
6.757649808642900158e-03
6.901900588579870481e-03
6.880088411976819328e-03
6.977494510423243486e-03
6.993015911154324728e-03
6.326779486413563330e-03
6.437140122019026876e-03
6.399823175067734411e-03
6.237803025860902927e-03
6.355976343213218423e-03
6.299185137102926782e-03
6.128326355818443198e-03
6.244810812058339787e-03
6.175371117171011420e-03
7.003980345373393875e-03
7.067209754341143013e-03
7.043151466831615998e-03
7.079439396551076569e-03
7.019737174563686274e-03
7.101119185141916042e-03
7.086486633768924841e-03
7.045019590103040671e-03
7.113076055347335516e-03
7.121078283486014480e-03
7.058685553395270020e-03
7.133729834314065862e-03
7.127283873524529502e-03
7.107067681217961279e-03
7.157648985819647230e-03
7.155890761493268436e-03
6.139680760447459133e-03
7.107677765055388577e-03
7.156026004780861698e-03
7.153759189103292039e-03
7.116824326211126581e-03
7.158282252006911185e-03
7.158793668266009470e-03
7.185501737081524676e-03
7.250672241661604463e-03
7.193533610027763765e-03
7.244245020916749954e-03
1.000000000000000021e-02
1.000000000000000021e-02
9.934825886433401934e-03
9.804090442602884578e-03
9.679141513029336508e-03
9.560032691492737628e-03
9.451122453688285893e-03
9.251184750292238898e-03
9.326419355471498446e-03
9.312596547280673279e-03
9.170190206003925662e-03
9.237005640063408046e-03
9.052051931161186546e-03
8.904596429699538837e-03
8.782835941041851335e-03
8.695248746178625004e-03
8.577233100377085195e-03
8.360069856812308089e-03
8.424289764392951449e-03
8.434255530215706287e-03
8.335008512850853452e-03
8.238224116023875124e-03
8.092842139638751348e-03
7.948719445873803080e-03
7.806571152251295768e-03
7.675271587466405386e-03
7.560887415515219097e-03
7.174132116502165285e-03
7.231517555627684293e-03
7.238902992682766033e-03
7.450617638904032634e-03
7.334470528643640200e-03
7.159184079635783939e-03
7.216634799246062978e-03
7.224484062116680490e-03
5.884784906205590277e-03
6.033369333090320315e-03
6.009869009657485030e-03
5.896308682356577770e-03
5.976209590192654852e-03
6.037850610270556299e-03
6.440824235634170537e-03
6.365373020875032296e-03
6.503322637527555669e-03
6.559441509681966827e-03
6.624244238048868430e-03
6.713806669039435078e-03
6.686160639083821473e-03
6.785050909402705853e-03
6.808612779192036758e-03
6.927671441566818529e-03
6.915311804600953946e-03
7.004790190667640852e-03
6.283542966316312157e-03
6.184394204071247923e-03
5.952992113581422745e-03
6.042016004909424309e-03
6.087621596566224896e-03
6.966464246160555818e-03
7.012673009957837156e-03
7.033228920320703202e-03
7.052728581775372964e-03
7.083657325571815315e-03
7.108150568701451961e-03
6.003742564121889239e-03
7.112803312105546276e-03
7.067418508900390368e-03
7.133934053358549111e-03
7.092701033949513206e-03
7.126274440688383505e-03
7.180106829933974311e-03
9.877381819125244378e-03
9.938515477402433754e-03
9.872848756818458638e-03
9.745092582591008759e-03
9.741922042358883843e-03
9.806314120471318688e-03
9.610648424774060825e-03
9.674525572152615008e-03
9.614382394888003683e-03
9.493820394815720085e-03
9.555959021987737306e-03
9.497018448357116491e-03
9.367138006764216471e-03
9.433674429193893499e-03
9.383663126072194771e-03
9.310048745619008831e-03
9.118121322673118992e-03
9.170278018513266030e-03
9.117229099724328753e-03
9.185315646836059861e-03
8.983892789703585777e-03
9.050137387981880763e-03
8.984759320993442044e-03
8.842861535358128092e-03
8.831839577840384231e-03
8.914314511769225527e-03
8.668908325449352706e-03
8.745635541922711434e-03
8.706229753327941051e-03
8.657180216994282348e-03
8.515222838994284879e-03
8.580451246842438207e-03
8.510926276655573705e-03
8.406934159939295770e-03
8.383380058965156714e-03
8.457213984303497967e-03
8.249226014197594617e-03
8.279377674844788648e-03
8.304839332145444453e-03
8.156670904321542542e-03
8.233674338492827371e-03
8.160577665167716502e-03
8.026749643048705987e-03
8.096140565491787011e-03
8.022672703881768633e-03
7.875519215493006348e-03
7.947580458409453721e-03
7.875740112318996983e-03
7.760350896944963675e-03
7.747370282702758723e-03
7.818926663593520759e-03
7.583748607233060240e-03
7.659898806598963023e-03
7.599322840322979104e-03
7.487860020912888437e-03
7.551755392688837450e-03
7.497070955645273628e-03
7.166765182043848166e-03
7.373656992579397280e-03
7.440390003106276372e-03
7.383985593776538382e-03
7.257428246813689074e-03
7.265952882912777612e-03
7.326239272448419743e-03
7.142491524921905366e-03
7.208818617298365719e-03
7.150757904606105074e-03
5.891411897328661940e-03
9.811778916675145679e-03
5.720129844231661154e-03
5.886721258333356584e-03
5.808193151065477525e-03
6.241119984375750884e-03
6.321342298212890773e-03
6.359785101139188782e-03
6.165098766261032856e-03
6.284055633855496065e-03
6.245633829989456071e-03
6.326218485304156876e-03
6.401574101290270595e-03
6.427373825446949622e-03
6.386959683758895202e-03
6.488888134437143657e-03
6.456970745023499735e-03
6.464256391359177525e-03
6.526748095591685360e-03
6.561314856328308125e-03
6.527662911768989350e-03
6.592142553277563141e-03
6.621436687516827832e-03
6.764267256028778062e-03
6.739747911934036891e-03
6.832858042749519883e-03
6.846553487982481694e-03
6.088603464642557660e-03
6.208169797842907553e-03
6.162976286408034139e-03
5.993558634676686599e-03
6.115987210136503496e-03
6.060841767790078882e-03
5.857082951531719303e-03
5.992764992136715915e-03
5.905171535008434981e-03
6.816675219186646602e-03
6.910810684011589426e-03
6.872007540281526404e-03
6.856154626989187720e-03
6.938481915073827291e-03
6.929734621826277863e-03
6.888680048045543562e-03
6.953951077514348988e-03
6.967348890970698205e-03
6.915241193381246702e-03
6.979890492787536350e-03
6.987384584693029366e-03
6.994918805485400744e-03
7.050935077898085046e-03
7.027055757709980630e-03
6.995600438657488193e-03
7.051647526615283795e-03
7.051355551809468380e-03
5.837838692160878667e-03
6.998946738008189096e-03
7.057692193833360779e-03
7.053500018571393429e-03
7.033836135118459731e-03
7.062053389467083143e-03
7.065316740189325935e-03
7.123842312389461542e-03
7.117773221576309366e-03
1.000000000000000021e-02
1.000000000000000021e-02
9.939397086309167267e-03
9.678692867422232157e-03
9.552876381333197733e-03
9.431175452915115109e-03
9.222175813188356053e-03
9.236388989394998111e-03
9.295111095863776984e-03
9.051636977958589167e-03
9.120478804332312131e-03
9.185678839626692030e-03
9.119147949908024825e-03
8.914021858970663098e-03
8.693155688651484081e-03
8.768640188833739732e-03
8.756824106900647914e-03
8.680824918823982356e-03
8.592671727590959346e-03
8.461333968021263544e-03
8.292380819533496858e-03
8.349822249212770012e-03
8.325763847010623012e-03
8.203057197305780798e-03
8.270561069462752449e-03
8.091927005894736583e-03
7.951393217308845573e-03
7.817836797422879347e-03
7.613811245284199045e-03
7.687282702780956836e-03
7.674387774609075195e-03
7.598188691281929780e-03
7.535608146338813526e-03
7.430568099140065323e-03
7.048602837581055894e-03
7.111487971416298633e-03
7.103508606285369696e-03
7.315256922581264004e-03
7.199546000274805596e-03
7.030345314126072720e-03
7.085950502532325362e-03
7.094902732353047282e-03
5.637337890842657531e-03
5.766672071960446747e-03
5.760652499139260960e-03
9.806722608758670565e-03
9.776296679835067005e-03
9.841876391318893358e-03
5.679879700268169497e-03
6.204030184642424749e-03
6.284575650243131618e-03
6.127830498691934878e-03
6.357399081062935567e-03
6.426452208381998321e-03
6.496694860227793418e-03
6.584513409131873517e-03
6.648961002466607755e-03
6.556801714714762322e-03
6.675092793445038496e-03
6.791109930054768477e-03
6.042195233499416188e-03
5.926477230855262297e-03
5.709882500940573202e-03
5.784397729745255692e-03
5.831279466999407871e-03
6.837229080204131754e-03
6.873274845263666749e-03
6.902890901533656823e-03
6.870560783928282046e-03
6.893263312452899659e-03
6.964157611528643162e-03
6.933047382051803730e-03
6.995812957270906331e-03
6.998254765739531438e-03
5.715627612298193952e-03
6.947406560086783964e-03
6.973744503156093649e-03
7.007172200079442477e-03
6.952343285787077748e-03
7.006922241564641184e-03
7.010113930318422233e-03
7.055612156621586528e-03
9.893539934207901815e-03
9.885560274573051628e-03
9.946631568259117762e-03
9.601897133492309083e-03
9.673466850982654491e-03
9.606181456641464320e-03
9.487832075388896377e-03
9.549127555016093116e-03
9.490733368152972846e-03
9.375358681707020997e-03
9.371221047653085362e-03
9.434422950632639915e-03
9.171788662042426252e-03
9.246300483590057587e-03
9.306300805007949178e-03
9.234315043521602873e-03
8.993172124031913878e-03
9.055451492938865893e-03
8.988373122355786116e-03
9.057433545065366257e-03
8.856911116338907555e-03
8.849685978870917846e-03
8.920163813953829735e-03
8.714554987436701206e-03
8.778380694646627236e-03
8.703640990894765880e-03
8.554958528012052144e-03
8.624553540576155100e-03
8.611606891268884165e-03
8.534807404798555944e-03
8.385980598994183591e-03
8.450891201040006129e-03
8.396199521172266825e-03
8.339358980132471552e-03
8.157152510436600085e-03
8.203042980272235579e-03
8.156355852568132961e-03
8.225133113341146288e-03
8.012273557589219899e-03
8.084337061601687760e-03
8.018761522067808373e-03
7.932288930394193124e-03
7.903506534219603696e-03
7.979408913153280755e-03
7.703850686745105161e-03
7.789925601795305056e-03
7.731495147877115622e-03
7.658180251721179166e-03
7.478054340757976128e-03
7.545810276619389738e-03
7.530940225807081223e-03
7.482440809453907472e-03
7.357108459368187810e-03
7.422590188562020776e-03
7.364972593824145250e-03
7.039546548017618956e-03
7.238913480897167171e-03
7.306424351394022985e-03
7.247830996917624218e-03
7.124498120981231052e-03
7.133231623980341649e-03
7.191107218015005756e-03
7.011790795999048309e-03
7.077292394050195903e-03
7.020927263197640489e-03
9.850527756128246368e-03
9.703493216399090154e-03
9.755174848881253621e-03
9.724024135789285581e-03
5.392627791067351913e-03
5.556367958640138181e-03
5.514658609096596484e-03
6.003274307856440277e-03
6.083904687958702380e-03
6.122599493000213840e-03
6.101716179462515245e-03
6.214419109618275067e-03
6.171199690845211375e-03
5.908975821496115395e-03
5.998462068729049773e-03
6.037376322485256061e-03
6.206376706579217438e-03
6.266128414862241064e-03
6.297171620195670706e-03
6.286842081358523168e-03
6.336779856227277297e-03
6.376049279785030166e-03
6.340704013447729000e-03
6.402306330382862530e-03
6.434783319365190019e-03
6.400273528668869692e-03
6.493106327616437676e-03
6.463799781870886718e-03
6.635171704202360958e-03
6.699518069818305444e-03
6.610538972115997079e-03
6.726519243309576727e-03
5.828965542710434072e-03
5.959032678127848537e-03
5.911037603847100856e-03
5.709784366017316148e-03
5.851758867384064186e-03
5.783342498708566107e-03
5.579114318303298251e-03
5.718049954563759855e-03
5.644501695101064066e-03
6.688463022815777440e-03
6.772911884990579466e-03
6.752328099787921999e-03
6.727285516805851101e-03
6.791470669443452034e-03
6.808572002849823390e-03
6.760753535792324125e-03
6.824470061941194376e-03
6.838622919529267763e-03
6.732271100642148003e-03
6.801885135553294853e-03
6.823324357280701087e-03
6.873887623108389071e-03
6.934218411406723598e-03
6.872976445356560916e-03
6.934836395722263763e-03
6.876539288235106878e-03
6.937854171096860881e-03
6.935998690344248423e-03
5.433383333128794478e-03
5.571588522465386641e-03
5.576280470125937611e-03
6.950316168358177879e-03
6.865060386584602957e-03
6.906289927546735950e-03
6.931818691301479783e-03
6.942492921745433213e-03
7.002410527317983260e-03
6.947837654895477368e-03
6.995169792793996984e-03
1.000000000000000021e-02
1.000000000000000021e-02
9.947406168853940162e-03
9.545481391516612291e-03
9.653262184769223486e-03
9.432170048211450594e-03
9.311333444414832822e-03
9.123692325724349489e-03
9.172754865242495684e-03
9.121981174849450383e-03
9.185558726944169708e-03
8.925675126610004700e-03
9.000007612120775047e-03
9.060028938100895060e-03
8.996461195334735234e-03
8.786358638953467581e-03
8.577667448219104818e-03
8.646662359045801174e-03
8.635043260728210088e-03
8.566072066227016155e-03
8.422176418463199823e-03
8.468257403776175557e-03
8.489024930707227828e-03
8.403920861818773083e-03
8.299376254291543353e-03
8.342522337456602377e-03
8.295338678064785934e-03
8.085081208069876471e-03
8.174920659979495116e-03
8.233392705126751226e-03
8.165553952842850502e-03
7.972237533689616878e-03
7.817586640497984143e-03
7.875112698130829272e-03
7.846071405203072086e-03
7.760728238406231980e-03
7.569221282810296124e-03
7.590973395878468886e-03
7.636719090363178891e-03
7.472424846376052657e-03
7.543211406688242297e-03
7.474600359943630971e-03
7.417384568233711777e-03
7.297740879258960388e-03
6.924115878678475250e-03
6.976752317758464633e-03
6.986470983595297057e-03
7.181311164155683956e-03
7.067656670055891266e-03
6.903515989712015292e-03
6.957098221589214093e-03
6.967080191873732675e-03
9.792671725247286893e-03
9.843046717032340881e-03
9.799615134917366577e-03
9.748589434225494316e-03
5.414090807296705055e-03
6.053408267259639472e-03
5.957066634679360727e-03
6.154934479840813710e-03
5.869894949600952191e-03
6.247467472775291610e-03
6.314399624742484361e-03
6.371115071910091708e-03
6.458707506936933566e-03
6.521435873092079442e-03
6.430222877533885162e-03
6.547618485904632343e-03
6.662633321259017055e-03
5.770418202119194893e-03
5.645417775766050153e-03
5.507189342294015189e-03
6.708714673290675987e-03
6.744865726739196661e-03
6.746995519405384577e-03
6.746403392343442232e-03
6.808255273745074387e-03
6.740163581009757203e-03
6.810498582573900478e-03
6.876025139069119954e-03
6.871573315194108404e-03
6.849824599023095033e-03
6.900890457506955733e-03
6.898627929269295252e-03
6.858136539349550184e-03
6.839214054537524380e-03
6.890516940190142062e-03
6.895846130445979286e-03
6.933539066599429812e-03
9.884328874920160143e-03
9.941996876894131779e-03
9.888852536312817132e-03
9.481346509772618086e-03
9.541508014324462383e-03
9.484517570659952920e-03
9.593720448229967057e-03
9.648546545845581440e-03
9.597737386330204221e-03
9.367238571210320316e-03
9.427337882862818486e-03
9.371195269804247219e-03
9.250231240874512428e-03
9.312506389758189174e-03
9.248243347331423780e-03
9.062445505444926067e-03
9.127991876202164873e-03
9.186916900673131395e-03
9.125792613094785635e-03
8.870946371442488959e-03
8.931801515229492380e-03
8.863794196172064196e-03
8.936087477897520712e-03
8.736120343316345835e-03
8.796200580381299122e-03
8.725198028392793306e-03
8.601197341503134461e-03
8.657543323752963857e-03
8.589254842438553972e-03
8.445134811473293049e-03
8.499679908376410117e-03
8.511887263897429182e-03
8.433335099452519273e-03
8.361157975779194562e-03
8.237513334847035643e-03
8.043632279270112456e-03
8.100183205467435116e-03
8.027483953376979980e-03
8.109633162087291278e-03
7.850295606997617290e-03
7.931550538821302565e-03
7.890817604512004313e-03
7.833516086418858618e-03
7.711029981842068906e-03
7.764165299027437316e-03
7.706592945819236255e-03
7.520719615788427556e-03
7.586412021436985710e-03
7.644868777331694648e-03
7.577313186849667266e-03
7.351716311252643778e-03
7.411918579663562788e-03
7.414945010841555127e-03
7.353801059659193472e-03
7.229747407687594531e-03
7.293515900647976752e-03
7.233772102274930137e-03
6.913845791153944501e-03
7.111038225254731615e-03
7.175098073882915824e-03
7.117279246297033776e-03
6.996584754807511769e-03
7.060686725664091362e-03
7.003798606210161377e-03
6.884860957235192612e-03
6.948485438578074803e-03
6.893954111645198175e-03
9.839110957072913846e-03
9.690355732478601533e-03
9.741505161571580029e-03
9.696832366468462194e-03
5.150002321156841451e-03
5.291940010515565167e-03
5.271079461780464256e-03
5.861657015564301736e-03
5.932279495521475786e-03
5.982110038641114298e-03
5.751422355834649898e-03
5.877685301780736365e-03
5.829975727698699303e-03
5.971306801385472748e-03
6.089467807294790362e-03
6.036353709330347442e-03
5.661879126656398781e-03
5.745189456004213061e-03
5.785683105353219870e-03
6.080029234418677861e-03
6.184084348201928510e-03
6.143049573428109068e-03
6.153628514907149433e-03
6.247771968163976994e-03
6.220083276515925991e-03
6.215509493057418816e-03
6.308429608805252685e-03
6.277963025790731649e-03
6.277475110445036172e-03
6.368704466738538648e-03
6.338724817939778849e-03
6.516051369381511624e-03
6.575425477138807824e-03
6.488210964237557318e-03
6.602900225256493234e-03
5.557612828544407531e-03
5.693432255529131715e-03
5.633566361892231034e-03
5.436849543775519947e-03
5.573317900129520774e-03
5.507956890816238099e-03
5.352806196907659332e-03
5.393439255126053836e-03
5.465843810648533287e-03
6.561758223952961211e-03
6.624888635425416061e-03
6.645164697964447802e-03
6.591392011181665574e-03
6.676731776456429519e-03
6.659083839747177713e-03
6.594919890756183525e-03
6.677473388229038069e-03
6.664119348851848049e-03
6.615786665516269933e-03
6.681586695257347129e-03
6.673830269410461341e-03
6.754130500848763187e-03
6.813820773386528376e-03
6.751122468111535671e-03
6.815579917605102574e-03
6.756197900466415218e-03
6.816209489006219355e-03
6.810750155980749114e-03
6.845072065330397131e-03
6.749774019614606865e-03
6.799755348481762753e-03
6.807330382008485066e-03
6.821233304225416891e-03
6.881942041159327082e-03
6.830645916723059215e-03
6.872205045504249828e-03
1.000000000000000021e-02
1.000000000000000021e-02
9.942845628693942894e-03
9.538120597469317702e-03
9.424842807510937573e-03
9.642541092405157444e-03
9.309275380466438404e-03
9.189643248176023946e-03
9.006822853172252730e-03
9.065034149233165348e-03
9.003342499424733456e-03
9.067985142721939062e-03
8.804144399486409089e-03
8.882115694509569101e-03
8.876439601851212821e-03
8.940798553341634466e-03
8.669249847804838885e-03
8.468907843129409516e-03
8.522936396180180729e-03
8.535590382773298318e-03
8.456802262189345998e-03
8.316890550144704491e-03
8.381476426460632984e-03
8.369205011925728854e-03
8.307738027299312392e-03
8.187920167105514763e-03
8.243410766358566510e-03
8.180929663627094228e-03
7.929601054529241896e-03
7.970508119979997572e-03
7.986853492708794258e-03
8.059074888622170044e-03
8.116774784834829282e-03
8.050840578475968595e-03
7.889941550871805778e-03
7.780936553343362899e-03
7.648853882631550041e-03
7.465485212813518547e-03
7.517305520515900515e-03
7.468273914924841717e-03
7.526022213622322356e-03
7.349784457453948684e-03
7.411107209663000614e-03
7.350012293277237950e-03
7.290500708269718154e-03
7.170033701238294130e-03
6.799951607537963773e-03
6.851155401431625186e-03
6.862171081888843172e-03
7.053334359258471575e-03
6.940131612407420339e-03
6.778140613364905948e-03
6.840998184481493494e-03
6.830843703201417740e-03
9.770287107160852136e-03
9.827532990908018767e-03
9.781363169053126916e-03
9.730685784302077479e-03
5.153139492472035531e-03
5.292874310173330960e-03
5.152243205487101220e-03
5.807420138422860617e-03
5.917216521596466855e-03
5.707513915963786585e-03
6.026587861708948904e-03
5.610647448103121306e-03
6.117548219815866460e-03
6.185267776716938531e-03
6.247164923862152941e-03
6.338295431582924647e-03
6.398344788498325914e-03
6.308663877347752552e-03
6.427837883937454963e-03
6.539724224855607455e-03
5.498106436027650618e-03
5.395448581101979640e-03
5.253250457828063762e-03
6.577332933214071961e-03
6.593814238166884577e-03
6.606153365596622445e-03
6.628774803353462350e-03
6.687390476683880390e-03
6.623149539405499484e-03
6.691860986979506799e-03
6.756042785084587048e-03
6.753848860566301175e-03
6.738465084566748475e-03
6.788599400039597130e-03
6.794134301916897149e-03
6.744873090283659209e-03
6.722114169144267556e-03
6.771268091388311407e-03
6.780716858342280932e-03
6.810815902418499747e-03
9.913371488727529615e-03
9.899059951192628118e-03
9.956539079835463255e-03
9.477180977233609985e-03
9.535351789924840019e-03
9.479232053913242556e-03
9.365120957558278544e-03
9.366157584657936602e-03
9.423081103248203208e-03
9.586658015332292365e-03
9.638431957141953624e-03
9.590139870071958186e-03
9.248262864023281890e-03
9.307550638125305573e-03
9.249217978476826155e-03
9.132181642201406269e-03
9.190964253907909706e-03
9.130084238511164060e-03
8.945064858429951221e-03
9.014031440294346595e-03
9.070796630916214132e-03
9.010416785564289224e-03
8.754049240941192203e-03
8.812186171155523412e-03
8.744989457949530615e-03
8.818678820105426211e-03
8.622961161992351992e-03
8.679207210283547066e-03
8.611951156068088642e-03
8.490114618586130230e-03
8.545311420039719899e-03
8.479330875273945536e-03
8.336399817569376328e-03
8.403184341643058636e-03
8.390462169695273031e-03
8.326323203267595521e-03
8.252854223124694508e-03
8.123902260931901639e-03
7.920971005831074080e-03
7.982043819732678736e-03
7.924832224017304416e-03
7.990429931312022574e-03
7.838198124259117966e-03
7.843748096669687225e-03
7.883902824438439316e-03
7.724734426438094499e-03
7.787239408285246377e-03
7.717230067617011219e-03
7.597283248367133965e-03
7.653963819121708569e-03
7.591130304008450111e-03
7.407562989368715774e-03
7.473216749673640413e-03
7.529647998747428933e-03
7.468641898718872581e-03
7.225288697769712519e-03
7.287372480750761543e-03
7.288534813666849334e-03
7.226792472599030334e-03
7.103838477031056489e-03
7.166862673700042340e-03
7.106736472603997386e-03
6.789006664187848157e-03
6.985296250980708652e-03
7.048269431125298023e-03
6.990287651764359039e-03
6.870416816692546773e-03
6.933636806416575843e-03
6.877118696654222797e-03
6.755574778573382282e-03
6.766523629373380651e-03
6.820389651932134631e-03
9.800479047399638863e-03
9.841980901791285916e-03
9.785572235004130065e-03
9.688890606901286520e-03
9.729467095203571045e-03
9.689604178816290866e-03
4.908889337139417559e-03
5.031173617109302790e-03
5.029276519373120959e-03
5.615692616272979949e-03
5.683429667645218883e-03
5.738956382416475141e-03
5.722847092058272120e-03
5.847220640912286979e-03
5.792129216116125891e-03
5.511437974690274778e-03
5.631653243045817332e-03
5.586500212970524348e-03
5.890161234904924166e-03
5.985455708477723305e-03
5.930721800009761471e-03
5.405667396228763626e-03
5.533939438444837600e-03
5.481495884796288610e-03
5.954975348798621435e-03
6.054854475234718036e-03
6.017385032741929922e-03
6.027238925298525167e-03
6.121931105335612355e-03
6.090319122775304100e-03
6.092819653858320972e-03
6.185687794070820859e-03
6.154058552692927460e-03
6.156229923988507276e-03
6.216743399383149217e-03
6.247897208074179067e-03
6.390832060341852111e-03
6.453265744537736714e-03
6.365342171791931770e-03
6.476995637413324527e-03
5.292042877206961857e-03
5.424947519396732497e-03
5.364349386751341049e-03
5.157840327062809468e-03
5.297477214891085050e-03
5.255119271693361321e-03
5.156122465544538645e-03
6.436092588995104453e-03
6.498736556465978080e-03
6.514393503544142414e-03
6.455476711825148227e-03
6.525850844698655347e-03
6.523214827353737005e-03
6.480877247464033979e-03
6.548948896134666221e-03
6.537728711823585781e-03
6.500636495523758052e-03
6.565276285760068484e-03
6.558031733961599587e-03
6.637256871625505511e-03
6.633970448538705628e-03
6.695519825287737925e-03
6.696994076595068346e-03
6.644289948613026076e-03
6.697131195506615502e-03
6.700143522563238759e-03
6.730910332839518638e-03
6.639610567945573166e-03
6.688936265296358159e-03
6.694672697798991802e-03
6.701637277399447902e-03
6.761558768760318403e-03
6.712315993351760171e-03
6.750244760365009533e-03
1.000000000000000021e-02
1.000000000000000021e-02
9.957180451984948971e-03
9.857209140717932555e-03
9.532474638902005068e-03
9.421689407177092843e-03
9.307224618520909196e-03
9.638311874623561176e-03
9.190733296503784608e-03
9.073660985743799839e-03
8.892025764052107623e-03
8.949167200850748419e-03
8.887039923564633848e-03
8.953602080808108210e-03
8.689106049713297975e-03
8.768419419063946257e-03
8.824964611359410391e-03
8.761187305768754208e-03
8.557139185777388329e-03
8.358445954994528707e-03
8.424848560400334183e-03
8.413342914657574376e-03
8.347181638865178166e-03
8.206350779114192709e-03
8.271880965066759697e-03
8.261348093916084934e-03
8.196713354721541639e-03
8.062910662031172460e-03
8.125094028210282440e-03
8.060350843123682829e-03
7.879631056370279760e-03
7.974203284106546469e-03
7.947315002699394462e-03
8.016405852606912907e-03
7.781684270466509949e-03
7.661219950493469884e-03
7.535378500853577924e-03
7.348978692125207775e-03
7.348609234644907541e-03
7.407163862056790997e-03
7.411130441484504484e-03
7.225997872174625553e-03
7.287854751993464754e-03
7.224801927570247487e-03
7.164273676856188801e-03
7.044150999837366436e-03
6.678483597793966053e-03
6.739396461393672329e-03
6.727648207728476916e-03
6.927261703346305338e-03
6.812300199988591091e-03
6.653689884989986633e-03
6.703882523740588642e-03
6.716104562602714066e-03
9.745270824641862062e-03
4.925848112323967867e-03
4.917813931022459693e-03
5.039285609612905413e-03
5.670189634794366336e-03
5.564385572034008520e-03
5.807272209098331139e-03
5.459417112238075000e-03
5.923107715115117668e-03
5.349736706006409485e-03
5.991843767449366379e-03
6.060740907883013784e-03
6.125225086928842363e-03
6.215034745788726271e-03
6.276548364004250202e-03
6.186351076799296612e-03
6.303640252087476872e-03
6.414265527848551918e-03
5.225863790913969596e-03
5.042307638331865009e-03
6.446447854809207907e-03
6.468956900754155824e-03
6.491607880554902364e-03
6.514802639790134159e-03
6.508636304441623756e-03
6.571614950501124784e-03
6.576552719728311069e-03
6.641793178040779171e-03
6.642922208643842544e-03
6.626037904484550177e-03
6.673793723915672979e-03
6.682282496869541497e-03
6.633620034956455927e-03
6.606860314256042185e-03
6.664585062592300914e-03
6.653772644813126143e-03
6.690245122709382632e-03
9.879570423915465943e-03
9.939735064300833645e-03
9.896258148171171304e-03
9.840671225062396291e-03
9.472158556053886583e-03
9.529344614907418742e-03
9.474652369762878376e-03
9.362580314124594946e-03
9.419775671083742419e-03
9.363853118007662776e-03
9.251127570819368817e-03
9.307970018332584194e-03
9.249731712136527451e-03
9.579049191372901104e-03
9.633933613587235614e-03
9.582813290857947891e-03
9.136854471799543687e-03
9.192369385889298528e-03
9.134562273853202852e-03
9.020935921012430275e-03
9.076357078828246189e-03
9.017528498007323229e-03
8.830804352222327083e-03
8.902642204658197181e-03
8.897379492456527345e-03
8.958097450775606013e-03
8.642023994936177261e-03
8.697696648506340195e-03
8.632423015770178745e-03
8.705813180595423778e-03
8.511208118508676104e-03
8.500548907560981360e-03
8.566757389834830580e-03
8.381096855177195756e-03
8.369604375537558622e-03
8.435257408401905868e-03
8.227303170422676018e-03
8.293428068676722553e-03
8.281529857690950527e-03
8.216481553309456717e-03
8.135180078949991178e-03
8.018728947713110386e-03
7.768252399047890014e-03
7.844830761023819168e-03
7.802729236758028548e-03
7.871637573291141027e-03
7.923119958601638341e-03
7.895767456280951974e-03
7.746012612609697381e-03
7.617773690841448710e-03
7.670994616911491933e-03
7.606835551554856634e-03
7.486785721092739480e-03
7.541832024450680245e-03
7.479264855314181684e-03
7.287424044533627465e-03
7.358997394494473480e-03
7.415952865349227131e-03
7.353170328687905904e-03
7.102081786639696630e-03
7.163861359392235256e-03
7.163668212020647338e-03
7.102067461653284279e-03
6.962343270131310727e-03
7.033127269271596468e-03
6.972901218328204573e-03
6.665965449293732685e-03
6.859712943816648548e-03
6.864359814351480779e-03
6.922590579409131084e-03
6.737657628558387825e-03
6.746021119301915184e-03
6.804164767323736367e-03
6.630593388563429426e-03
6.641683150890634844e-03
6.693238158368103145e-03
9.679745503668462855e-03
9.740086663143718987e-03
9.684262842126615742e-03
4.668832199653675900e-03
4.797483920693161423e-03
4.788729753943728878e-03
5.476881221119307176e-03
5.546190764541363699e-03
5.600235726052584656e-03
5.369604861895015471e-03
5.492890511656414558e-03
5.440406941955324566e-03
5.727369710045395260e-03
5.808629092034763540e-03
5.725828499021729835e-03
5.262840340086106378e-03
5.334138316616253601e-03
5.387350554010050460e-03
5.841683828900748679e-03
5.149252542608678471e-03
5.277603489765012035e-03
5.220554177311400451e-03
5.826068307696339980e-03
5.927129846910851076e-03
5.890448686561146861e-03
5.900150541922495433e-03
5.997024725004564301e-03
5.963631717881054568e-03
5.970326981560550479e-03
6.063871146039747327e-03
6.031521230129558396e-03
6.035061054930308116e-03
6.125719930411653059e-03
6.095595363251429463e-03
6.266793161683300098e-03
6.241647041248465054e-03
6.328687585459994228e-03
6.352218761963670732e-03
5.022532123172465841e-03
5.157303819087508123e-03
5.090196728437872478e-03
4.914164743013686547e-03
4.920262606186345811e-03
5.035829702164176976e-03
6.307237779190138886e-03
6.382083036431900232e-03
6.371527889877585775e-03
6.340172061443680694e-03
6.411249478767396329e-03
6.397696527428988963e-03
6.365730562142280641e-03
6.433906409759397940e-03
6.423164677396333774e-03
6.384930936481741579e-03
6.450563053335196806e-03
6.442635412227303883e-03
6.531360824475508642e-03
6.524256940879852307e-03
6.584204401899498675e-03
6.588139472949310592e-03
6.541943018801637914e-03
6.593140115623302537e-03
6.590834218785518624e-03
6.617111896920731436e-03
6.532082881168006436e-03
6.578956054230446042e-03
6.585850869156196531e-03
6.584556632561093872e-03
6.596150449708929227e-03
6.643277129372387318e-03
6.630886992929282964e-03
1.000000000000000021e-02
1.000000000000000021e-02
9.940630929802921067e-03
9.767155376583451509e-03
9.783638364498137285e-03
9.823731690592970439e-03
9.526134493625318042e-03
9.417885219498945901e-03
9.307346569430063193e-03
9.194486717986527849e-03
9.629899994211559358e-03
9.079415782196779972e-03
8.962336489302559842e-03
8.781554379287974735e-03
8.775012505535037879e-03
8.836517237854262657e-03
8.842669550439592394e-03
8.577262777035247338e-03
8.661130623688995805e-03
8.714445690743902531e-03
8.651600383368776570e-03
8.446756087428038476e-03
8.250194675076188283e-03
8.316221959226939575e-03
8.303935205219013793e-03
8.238482867350939431e-03
8.094794133081143969e-03
8.161589725791347505e-03
8.150230457794309033e-03
8.078508394861211306e-03
7.912097983082816421e-03
7.987710641749396975e-03
7.942641217200924197e-03
7.820100616775063282e-03
7.891601622720819179e-03
7.693417983563152936e-03
7.552500265719252343e-03
7.423021641451312339e-03
7.234404682482567690e-03
7.291544838143038110e-03
7.229299778709742316e-03
7.296736929760632914e-03
7.108261328238709049e-03
7.166998268199618709e-03
7.104171270922146099e-03
7.031946883252229892e-03
6.910338091546527547e-03
6.558773659693303837e-03
6.618859480348066385e-03
6.605513236671372093e-03
6.798019180749975514e-03
6.683388996681591601e-03
6.531637508867272832e-03
6.580327841968031284e-03
6.592876382506449376e-03
9.723853266284842450e-03
4.696346966571757209e-03
4.810915083731240501e-03
4.682871843024418411e-03
5.424055925848566759e-03
5.547611396278915100e-03
5.512820652692877049e-03
5.635084633135338701e-03
5.317041205410022973e-03
5.638201614099310269e-03
5.206861580305790528e-03
5.777573958644473956e-03
5.086639111186090287e-03
5.863802260229827694e-03
5.935923271605762254e-03
6.003362101156346255e-03
6.092493902883081708e-03
6.153711505890321898e-03
6.064443645616980974e-03
6.180401414680427447e-03
6.287735616084852430e-03
4.968828382744630047e-03
4.805438005880964536e-03
6.324451755435098188e-03
6.353748757409220620e-03
6.376194774782408328e-03
6.403731839701594895e-03
6.395277569807040520e-03
6.459125419281641113e-03
6.468328335404558913e-03
6.537944211463800857e-03
6.537912924732358286e-03
6.514802818906177337e-03
6.570486809016098419e-03
6.560505944691450396e-03
6.524304621991269121e-03
6.496107289745900980e-03
6.551717705050350005e-03
6.539822196876789000e-03
6.571783396335747519e-03
9.891247719571378758e-03
9.885481484351336598e-03
9.945513316133681309e-03
9.780277418386419674e-03
9.829692007962600314e-03
9.773770564527523019e-03
9.466763612916892154e-03
9.522878937230638829e-03
9.469454023654132885e-03
9.360060332239589914e-03
9.416039214410396735e-03
9.361342813719397346e-03
9.251029627121451146e-03
9.306691710788123420e-03
9.251125465745036955e-03
9.140120479610498727e-03
9.195476834706546240e-03
9.138560144100204424e-03
9.571187767874758667e-03
9.575083775109630851e-03
9.625455686176322134e-03
9.026967453523385837e-03
9.081733123160509388e-03
9.024042815153296773e-03
8.910829611148380486e-03
8.965657637273596881e-03
8.906833735034863989e-03
8.721889608003512151e-03
8.794161720378343775e-03
8.848137008441151266e-03
8.787965820685290572e-03
8.533824106899829884e-03
8.587614610315343761e-03
8.522501549245404401e-03
8.598140273283561355e-03
8.399877586040523439e-03
8.455232393302277924e-03
8.390384988239314029e-03
8.276026319950146801e-03
8.328174332736913363e-03
8.262980134126123033e-03
8.096503566873218191e-03
8.174020421297729933e-03
8.161348591828787927e-03
8.095027164731446664e-03
7.990842645022184706e-03
8.026318013510386554e-03
8.043096324211776796e-03
7.951610041273801666e-03
7.775358463868464048e-03
7.823308430221756829e-03
7.771024682892916334e-03
7.844180506106810183e-03
7.642982287424402409e-03
7.705196087367647065e-03
7.629650328404596893e-03
7.509829108001507894e-03
7.563515387985228836e-03
7.497535666886990559e-03
7.376565568312704047e-03
7.431447039327722381e-03
7.366981607448791665e-03
7.171277341165455468e-03
7.249270241053041609e-03
7.303886109730888324e-03
7.240919104084830339e-03
6.992402757080159841e-03
7.047062761972605442e-03
7.050193667621152543e-03
6.976213991884149673e-03
6.816742917196963111e-03
6.889626765742898167e-03
6.837617419596835402e-03
6.544965711995585564e-03
6.709263280106010467e-03
6.784570889109571741e-03
6.722682976437635398e-03
6.608758095110195060e-03
6.673294113288097407e-03
6.618894646885822852e-03
6.506170353628186118e-03
6.568528057098128002e-03
6.518267374322123109e-03
9.676768686692540158e-03
9.721915343262875833e-03
9.678234288017338247e-03
4.429607415114899388e-03
4.563166931388118117e-03
4.549106684310980087e-03
5.237723591503636554e-03
5.303615873328660496e-03
5.357531012365013105e-03
5.346196641732356598e-03
5.447042604061556013e-03
5.411518894816481039e-03
5.125355161140161819e-03
5.247656404738326903e-03
5.194023161674524332e-03
5.459214149194442818e-03
5.593324654321425379e-03
5.503575180785444040e-03
5.008535687331211635e-03
5.135823121813424229e-03
5.078802055370375268e-03
5.646603111114282744e-03
5.687096831882025930e-03
5.736582612333064081e-03
4.882863880557786716e-03
5.016145029822351685e-03
4.952606036289716046e-03
5.700491845803379830e-03
5.800790967286609430e-03
5.763270324280362136e-03
5.777193722642217678e-03
5.874310760109465596e-03
5.838678356236904482e-03
5.850141512013928326e-03
5.943213485777234552e-03
5.910250482442267264e-03
5.913324091617997227e-03
5.974214213195668845e-03
6.003616290418838097e-03
6.140394309869501993e-03
6.117105718049691172e-03
6.203536891847624343e-03
6.224641951360201930e-03
4.720279826840591622e-03
4.871485024126065780e-03
4.817022387143432560e-03
4.708686653845619262e-03
6.185821117528985010e-03
6.263834740878772636e-03
6.246466169164531339e-03
6.219831449644499036e-03
6.293642866758545479e-03
6.279928839591684096e-03
6.245391630715018717e-03
6.316015119085384259e-03
6.305476727952226239e-03
6.273095219242910518e-03
6.339166768052982570e-03
6.328931323353726053e-03
6.443602253094941369e-03
6.487584171728843184e-03
6.425643417268343989e-03
6.493036610873554638e-03
6.438742055682344055e-03
6.485512673198678794e-03
6.490325854212233847e-03
6.506216034006006774e-03
6.425963411756987695e-03
6.479141483108380450e-03
6.470246642573468203e-03
6.470306985784687707e-03
6.483612510714277868e-03
6.527729873588438911e-03
6.513874236500512976e-03
1.000000000000000021e-02
1.000000000000000021e-02
9.946338424209178949e-03
9.836359653748381199e-03
9.729019475532762681e-03
9.413895023989092212e-03
9.519470114721713394e-03
9.306016178639768197e-03
9.196039723352098308e-03
9.084020010272754811e-03
9.624490467316303144e-03
8.969397137564238259e-03
8.853027935946963453e-03
8.676541335197688470e-03
8.668924917006456607e-03
8.728751668113127193e-03
8.735913952979967173e-03
8.467567107456549363e-03
8.556134991461277622e-03
8.545066233213476775e-03
8.608354018369056629e-03
8.338497401404260795e-03
8.144235959250987339e-03
8.210663824838912439e-03
8.196676184905745191e-03
8.120325857517195559e-03
7.986211993926682282e-03
8.040118108524828625e-03
8.041800270065319056e-03
7.988145907366970069e-03
7.909128167765212825e-03
7.910166158282147530e-03
7.949953180379030343e-03
7.709546231199189414e-03
7.804194507040551447e-03
7.857762963122984917e-03
7.789277539909173625e-03
7.576711124585163229e-03
7.443416918470804194e-03
7.313058045891088557e-03
7.121713268775898241e-03
7.177811220085555770e-03
7.113965147501712105e-03
7.185543345236133916e-03
7.000378133102324978e-03
7.054057794303756311e-03
6.995334075899204210e-03
6.892542436747590984e-03
6.927001773328654924e-03
6.942377663668074066e-03
6.854187930331427647e-03
6.762577792114710280e-03
6.441040685201247611e-03
6.500192151799262519e-03
6.485579546111125068e-03
6.658394797578584545e-03
6.556691314640991988e-03
6.407236108076929532e-03
6.455929446719555452e-03
6.469701513691333838e-03
4.456086799061202350e-03
4.443011900640792163e-03
4.576027472538497787e-03
5.292769297392542135e-03
5.182335058650598854e-03
5.403556373290588875e-03
5.067756610886350703e-03
5.553549401843751489e-03
4.946482032172396133e-03
5.674010721242843391e-03
4.802356921723389266e-03
5.739495062091047421e-03
5.814318368354457790e-03
5.882341759377152438e-03
5.968087017050179369e-03
5.941300540892360468e-03
6.030318388846071451e-03
6.055046497709874742e-03
6.163827594255394220e-03
4.588600511946379357e-03
6.203568019245785103e-03
6.233429975344743738e-03
6.260208434499196783e-03
6.344279313745972322e-03
6.374349642688480200e-03
6.310970648560976573e-03
6.394433507184796479e-03
6.442177113260809905e-03
6.433477295556334560e-03
6.410050445582199212e-03
6.452718840658162522e-03
6.462779448631658825e-03
6.419083225444869277e-03
6.386731298028314359e-03
6.427960972343746242e-03
6.441773916303746884e-03
6.455687236918987784e-03
9.897063220526147037e-03
9.894175604713699099e-03
9.948450650808297185e-03
9.788988921115831382e-03
9.840024895547595449e-03
9.784661627015616564e-03
9.679309810053028651e-03
9.729723140453221120e-03
9.678036367041330593e-03
9.357348892329322987e-03
9.412029759629262846e-03
9.358735335857085169e-03
9.461737465202256503e-03
9.516462930646490265e-03
9.464249769027332365e-03
9.250189754159589620e-03
9.305057261802975391e-03
9.250671572482549454e-03
9.142381491237248567e-03
9.196602649274134358e-03
9.141345676263195122e-03
9.032341349541514811e-03
9.086091479959694517e-03
9.029780533883612070e-03
9.570885863674397087e-03
9.623821698492277324e-03
9.571036269521281808e-03
8.920793796816728696e-03
8.915983920196386692e-03
8.973682208902201279e-03
8.793485600009476322e-03
8.793958598027718648e-03
8.851828950605102400e-03
8.616957336731663128e-03
8.687768330131894270e-03
8.682307349016609235e-03
8.740712531273911456e-03
8.425450965103468623e-03
8.412700816423229755e-03
8.479352013910510660e-03
8.491531798354701871e-03
8.302551043955328988e-03
8.350816251465059334e-03
8.289267994817753685e-03
8.176560489234915852e-03
8.225813190488524482e-03
8.160366156680974245e-03
8.009260975439575284e-03
8.052085646709507619e-03
8.077160388056314408e-03
7.965472589668089881e-03
7.975505694057487618e-03
8.031134570259152936e-03
7.947846111752752615e-03
7.856948575129847276e-03
7.676260457365594904e-03
7.725399828326609541e-03
7.659020034759846801e-03
7.740640737369495344e-03
7.549163771918781726e-03
7.528691123033774690e-03
7.595639179058006653e-03
7.405022355904860090e-03
7.389984735119274964e-03
7.457130299062140685e-03
7.271204198593264958e-03
7.323546297227259520e-03
7.259369671646809241e-03
7.060992094214279050e-03
7.142895360067226702e-03
7.195726121162243812e-03
7.131305342692744950e-03
6.898069352189862939e-03
6.944988932848493793e-03
6.949055220613639325e-03
6.894526433977595826e-03
6.802305886125126211e-03
6.847338253983982839e-03
6.808530444802170060e-03
6.702770474533723336e-03
6.759624495499816192e-03
6.704973678583040810e-03
6.423726632999389279e-03
6.593837599152705710e-03
6.651490527340740005e-03
6.600255347823067407e-03
6.490977030007424702e-03
6.549862387675366680e-03
6.497512315136236977e-03
6.389035693755647921e-03
6.397191356815571002e-03
6.447689163055750697e-03
4.191180124995851422e-03
4.323914452396963523e-03
4.310273407025035086e-03
5.110495503073100160e-03
5.174124512655061195e-03
5.228554463812346877e-03
4.993985830183934015e-03
5.116023083680970931e-03
5.059638161592713151e-03
5.221510042507416377e-03
5.340655626219815294e-03
5.283906083322792782e-03
4.876398372063473451e-03
4.942407580163194619e-03
5.001023312467368226e-03
5.513800428054618785e-03
5.580194433751380426e-03
5.487296518693035585e-03
4.751384884026479613e-03
4.880069075576031444e-03
4.817049128600834305e-03
5.607550958734700344e-03
4.608410394142448997e-03
4.745643601562619072e-03
4.664332367278544583e-03
5.582893131316397223e-03
5.641757054052073429e-03
5.680487034954277877e-03
5.660832549682979012e-03
5.719092530857618553e-03
5.756021676474636778e-03
5.730256490255410465e-03
5.790289972054147791e-03
5.822410865262838894e-03
5.791636833899361202e-03
5.880577412325655937e-03
5.852585978936526885e-03
6.015084762816248071e-03
6.077772629455929602e-03
5.992190903312597135e-03
6.101396858004055207e-03
4.472037277076617613e-03
4.464232345764253436e-03
4.596009194095929291e-03
6.050445565288210120e-03
6.118182170534970481e-03
6.136226083369048477e-03
6.080536112206959103e-03
6.150224369538057415e-03
6.164055797418779327e-03
6.142658046704228651e-03
6.208760392888821970e-03
6.194022968362906771e-03
6.228257986690789900e-03
6.251237426526375617e-03
6.286788665276242700e-03
6.341817118336708081e-03
6.392697739435067132e-03
6.344156480096180793e-03
6.390601090761319561e-03
6.321130082933402658e-03
6.380143932569401488e-03
6.373512432114747210e-03
6.399070497879918475e-03
6.329365534216808802e-03
6.378068824861939795e-03
6.369556913210418052e-03
6.355851272789683239e-03
6.413466369081851498e-03
6.371620279068487651e-03
6.397743083150001647e-03
1.000000000000000021e-02
1.000000000000000021e-02
9.949256095231576169e-03
9.843674873528128477e-03
9.734724262057774941e-03
9.625655133163300153e-03
9.304207943992030480e-03
9.410001754065484836e-03
9.516827293627976372e-03
9.196718221702340074e-03
9.087794465354601808e-03
8.976983699959998828e-03
8.857579543932243837e-03
8.741241504238165400e-03
8.572389984230164087e-03
8.624237004935820725e-03
8.564396706606091508e-03
8.630720703682299641e-03
8.364580502923161381e-03
8.446546286197214454e-03
8.501133056036742214e-03
8.436101691131594332e-03
8.240106529835452068e-03
8.049461882582445438e-03
8.096246176885974269e-03
8.113470376088099262e-03
8.029371434349659095e-03
7.987368498677102982e-03
7.854456196027707199e-03
7.910409365784409896e-03
7.920460028287173646e-03
7.881249099193845739e-03
7.829047673096429724e-03
7.613073029285651744e-03
7.712710952283248142e-03
7.757986255760072544e-03
7.693996281341230516e-03
7.477439859240902174e-03
7.338350792324260449e-03
7.207200758209424477e-03
7.015459463245374283e-03
7.068258134937479599e-03
7.006877848870577893e-03
7.079214187309790414e-03
6.907612010821740679e-03
6.953698819478098571e-03
6.901786752293644078e-03
6.849937791488919063e-03
6.752212110334175448e-03
6.647782647607779552e-03
6.317721477463243522e-03
6.379779027255332025e-03
6.361655051385266615e-03
6.541764536690241987e-03
6.439271078040819350e-03
6.280012595950140546e-03
6.343926765428716669e-03
6.333941652201992983e-03
4.233639143465538907e-03
4.344671692563709976e-03
4.212550589677561790e-03
5.053064473193813466e-03
5.166809111846019931e-03
4.936001451575393155e-03
5.313582119789124654e-03
5.268288781685617587e-03
5.386454566666387146e-03
4.814678926489320346e-03
5.414097384231580240e-03
4.680571193753332512e-03
5.549035778096575791e-03
4.540646932561725503e-03
5.622472656959118936e-03
5.696119348832307146e-03
5.761494490418398416e-03
5.844634308107774998e-03
5.818669851639209079e-03
5.906482460775176052e-03
5.930689539251663561e-03
6.033378608912064699e-03
4.353069391179463163e-03
6.066265898493725106e-03
6.112665751097423605e-03
6.127192066809703658e-03
6.135405078753333741e-03
6.200231239607586868e-03
6.243834264273367268e-03
6.294060492643594948e-03
6.236924363722987953e-03
6.178657012539139591e-03
6.293447831719514197e-03
6.332980996565491794e-03
6.326434879996263062e-03
6.307584555873007107e-03
6.359249418147729961e-03
6.346783578684858651e-03
6.319481062125593789e-03
6.278286965387880857e-03
6.316490355768021071e-03
6.332998607580926816e-03
6.336683414939679043e-03
9.900539787606084385e-03
9.950228889717803102e-03
9.898798750064788377e-03
9.796505122215715469e-03
9.846745066677920627e-03
9.792758214597392305e-03
9.690357762159240371e-03
9.739644750549988905e-03
9.684864834129622638e-03
9.583198858963562841e-03
9.631245592955578819e-03
9.577093001053119461e-03
9.245921771985632365e-03
9.248109414278903734e-03
9.301611658585560646e-03
9.357041027018979037e-03
9.357232547831800806e-03
9.409417747534428236e-03
9.457001111213546654e-03
9.459366545760209896e-03
9.513925455927246810e-03
9.141450383791891246e-03
9.142009029673971165e-03
9.195769578851542558e-03
9.035887491257573942e-03
9.089041731849075226e-03
9.034255779760181487e-03
8.927767984905615045e-03
8.979915429807562577e-03
8.924461290115882559e-03
8.821266240137988837e-03
8.870831785868595054e-03
8.807714880333113172e-03
8.669371249339315189e-03
8.678586888227254187e-03
8.731347433133690786e-03
8.510214768973739172e-03
8.586365657050438679e-03
8.579584948553252780e-03
8.636894092600834114e-03
8.328269568351906460e-03
8.376498385377011135e-03
8.315494684779652784e-03
8.387941516501636052e-03
8.209695908392645319e-03
8.255679777376130624e-03
8.193210379018732448e-03
8.084315438331705905e-03
8.129862352053495583e-03
8.066928830713400098e-03
7.921493520453183959e-03
7.985965425817346044e-03
7.964891134510678622e-03
7.882055003164410364e-03
7.946159912822131632e-03
7.923471935046321260e-03
7.867897203462431363e-03
7.784147681626316095e-03
7.575312101627153585e-03
7.625226424971811787e-03
7.561492404810303720e-03
7.644485776004890897e-03
7.428357225194606034e-03
7.488692598516070824e-03
7.416083830454694124e-03
7.300870977229700041e-03
7.352599981985512463e-03
7.285258455607173701e-03
7.172823832156996135e-03
7.221559234364080017e-03
7.156950328213549685e-03
6.961433643335578764e-03
7.050229540634329710e-03
7.031857852991893996e-03
7.096164563885798589e-03
6.805921227910686350e-03
6.856626641708985642e-03
6.851671160933157576e-03
6.802937808332990173e-03
6.703956519621241499e-03
6.752828110158591232e-03
6.702169340509806991e-03
6.592489232654215325e-03
6.647359203465271794e-03
6.591820567002902934e-03
6.297924224228302476e-03
6.488556801332311628e-03
6.488487048907757432e-03
6.541005100598195482e-03
6.390971066190742622e-03
6.388762942052552372e-03
6.440863176263252055e-03
6.306490601327801454e-03
6.291868206853898533e-03
6.347630375914150441e-03
3.953715756978474702e-03
4.094129166455245591e-03
4.072296414103542678e-03
4.869321554677080548e-03
4.931680592982132065e-03
4.990063735861141429e-03
4.991978168697712263e-03
5.106905580609799079e-03
5.051340064761866526e-03
4.749303501925029175e-03
4.871757905265825840e-03
4.812835276977075506e-03
5.100899974162591624e-03
5.207428791931079798e-03
5.161357585983406861e-03
4.622755726418171368e-03
4.749667232993384954e-03
4.687011747476910704e-03
5.394246916045421052e-03
5.454127530914011993e-03
5.354712972197382681e-03
4.486325530229148123e-03
4.618918589622032257e-03
4.547279894234595651e-03
5.488962459205604973e-03
4.339658743569750621e-03
4.474085509644267801e-03
4.405708365580380571e-03
5.470839959781911843e-03
5.527000043837380569e-03
5.566255882135314435e-03
5.542604218836075583e-03
5.636950596261442945e-03
5.601869106382125103e-03
5.610245350403897553e-03
5.670423618133639716e-03
5.701553433275083176e-03
5.671163587860394810e-03
5.758601812391521586e-03
5.731595299601470288e-03
5.888387815285297741e-03
5.951880665786459489e-03
5.867044812612677747e-03
5.970362578160828999e-03
4.287113424426097948e-03
5.929898174189640429e-03
6.006368960507191788e-03
5.990314568130327560e-03
6.048254976652848308e-03
6.064559893512352397e-03
6.095904579036817705e-03
6.011443943685725044e-03
6.070263692113418014e-03
6.077234606943484989e-03
6.141351030024766282e-03
6.193396631842366072e-03
6.184840305499181116e-03
6.135206860164044845e-03
6.234535503294933757e-03
6.288238284368191135e-03
6.240412149610878242e-03
6.278519874257511638e-03
6.263952373708951520e-03
6.296692851537390515e-03
6.293076690380129679e-03
6.293569396103666953e-03
6.235485149002429131e-03
6.271382026540836194e-03
6.282927570169570194e-03
6.241329155792938767e-03
6.299086345671698478e-03
6.260040717774549568e-03
6.278765621599967199e-03
1.000000000000000021e-02
1.000000000000000021e-02
9.951043085739907923e-03
9.849202606361106768e-03
9.744033163157439850e-03
9.637322749007569758e-03
9.520707421652521707e-03
9.194086045998374132e-03
9.301900680810997954e-03
9.407525169043761543e-03
9.089048773056227284e-03
8.982205339299970115e-03
8.874833549795083099e-03
8.729065691025548676e-03
8.761107933002703491e-03
8.775320573685791228e-03
8.628285356418201671e-03
8.699524810658634116e-03
8.472224358017936899e-03
8.459654984566621419e-03
8.522069744913342987e-03
8.529901890967457254e-03
8.269507584342746659e-03
8.352688963083849255e-03
8.399266974149820555e-03
8.340669217074180020e-03
8.147498986019609257e-03
7.961651856389709292e-03
8.023471970714207702e-03
8.004993283988921099e-03
7.901673834859688009e-03
7.941589768162794424e-03
7.754348072223494863e-03
7.818731879865170944e-03
7.803895211127287457e-03
7.733180369770665565e-03
7.502258149878893514e-03
7.622418843526885222e-03
7.667004300428052928e-03
7.598460339841362106e-03
7.364908111929671999e-03
7.237077508730062163e-03
7.111636226148726654e-03
6.932828805564171179e-03
6.919022433538578667e-03
6.973687241153591135e-03
6.991562362190229842e-03
6.821836673565035737e-03
6.864265775432024617e-03
6.812720419119472175e-03
6.754683135389284027e-03
6.647866352080668111e-03
6.539923467812847925e-03
6.201382237960999938e-03
6.260003226683249523e-03
6.239514058375031196e-03
6.439086215196697383e-03
6.348241773606278990e-03
6.205114736283765149e-03
6.255879055651918617e-03
6.241556809954668106e-03
4.029224693275248494e-03
3.991786742307508636e-03
4.131119507639600431e-03
4.931543190365875011e-03
4.810124337727494231e-03
5.047249561720638933e-03
4.686844193320823665e-03
5.192707226602721361e-03
5.253351767802645102e-03
5.147544909397070226e-03
4.555307458084252581e-03
5.293753849342553754e-03
4.413613702846344751e-03
5.433224722094482685e-03
5.507256651473104933e-03
5.576940538361586062e-03
5.641201868263103110e-03
5.721619911978983487e-03
5.783351880788018852e-03
5.696866165397954096e-03
5.805818787004218655e-03
5.909735957734183788e-03
4.184734858126026684e-03
5.953322288388321511e-03
5.942203971651359266e-03
6.017152161244033320e-03
6.001256469844060311e-03
6.030034060308602818e-03
6.030984411593255656e-03
6.079197523089119488e-03
6.022075102562629394e-03
6.146017519471810332e-03
6.195021665704993075e-03
6.144845913543093945e-03
6.087124823374536267e-03
6.191032403104108212e-03
6.200880096638684662e-03
6.218733414072560688e-03
6.260987318477761500e-03
6.232666262198316431e-03
6.250853270298941007e-03
6.205690692844477788e-03
6.241587501221868527e-03
6.257168229110845331e-03
6.221530888297623248e-03
6.167289078452864275e-03
6.223435673393373432e-03
6.203695550982894248e-03
6.221049374127258016e-03
9.904087828735651938e-03
9.902304520589492315e-03
9.952037912289346880e-03
9.803622393705257315e-03
9.852076737084086017e-03
9.800059588391198465e-03
9.698271038891065343e-03
9.747384080452467167e-03
9.694308933699604183e-03
9.597683071208692671e-03
9.590480091050524944e-03
9.644004926412980475e-03
9.495952586621506791e-03
9.476671610349506059e-03
9.539523387579948444e-03
9.130891047978425407e-03
9.136226986042300657e-03
9.188423964264726476e-03
9.229160806107222781e-03
9.237545139820311363e-03
9.293169872916784424e-03
9.319619921256161107e-03
9.388597269204440252e-03
9.338256150360801575e-03
9.036263702662580138e-03
9.036203488028225067e-03
9.088819075879521134e-03
8.932474821064951415e-03
8.984098262722128164e-03
8.930309039826542228e-03
8.826266429366923238e-03
8.876892059290411932e-03
8.823969975641257971e-03
8.722044962669638427e-03
8.771499361322002142e-03
8.725660056668903611e-03
8.581268800896177038e-03
8.583904401515038071e-03
8.625256133211170809e-03
8.623593598480508784e-03
8.676232163072335885e-03
8.646428001111016934e-03
8.413065243807967691e-03
8.486695719426019455e-03
8.536362466710356589e-03
8.479692509791653815e-03
8.238400074112164212e-03
8.282910906966227046e-03
8.224220470818331338e-03
8.296027487260942621e-03
8.121243910238771721e-03
8.102965712004393112e-03
8.164956101201444050e-03
8.002710990045052569e-03
8.042995367410415292e-03
7.982335538019358356e-03
7.798018397923548589e-03
7.860271396935097910e-03
7.839558746680030249e-03
7.841306621550709482e-03
7.901985525422199064e-03
7.880879752269115412e-03
7.775980719440874107e-03
7.688889156104699446e-03
7.442265689905180719e-03
7.434638791562758406e-03
7.508853984135793053e-03
7.500839209683912191e-03
7.536743443723456677e-03
7.561761956738606918e-03
7.336083896969556976e-03
7.381746894723117437e-03
7.317819536700520544e-03
7.212648032611171031e-03
7.256245473202695487e-03
7.191976920880764103e-03
7.088221338250169645e-03
7.130051204908806166e-03
7.068302587657144566e-03
6.877238447863191773e-03
6.967374378953765206e-03
6.949131683388655445e-03
7.008300681312604717e-03
6.711989157444578011e-03
6.766781321578191517e-03
6.758480559140456895e-03
6.706639149656078679e-03
6.601616052148116809e-03
6.595541602638047875e-03
6.652226003156219009e-03
6.477001091022565812e-03
6.481193622412317543e-03
6.534302342157996026e-03
6.147013546494926352e-03
6.213935598421890458e-03
6.173466075883543222e-03
6.397968288437603200e-03
6.393483745226622751e-03
6.443115974893635564e-03
6.288399270733503396e-03
6.339332687768966385e-03
6.295996048983361522e-03
6.174852274755359728e-03
6.245360985202024276e-03
3.717665975495964160e-03
3.874335447819422188e-03
3.835471690463582595e-03
4.753279203408591197e-03
4.811413363685576074e-03
4.872751637389237563e-03
4.627977904625935925e-03
4.748724154144591363e-03
4.688674920970427838e-03
4.881342723419310886e-03
4.991242849698407022e-03
4.936851592249687573e-03
4.501081556037790123e-03
4.625260385895727661e-03
4.561900042019543904e-03
4.982063612010133660e-03
5.087560999161343592e-03
5.041691693364633992e-03
4.365639831195268147e-03
4.494264480162235044e-03
4.425909494419775526e-03
5.283320388366815473e-03
5.338996410713203397e-03
5.238724946508704038e-03
4.213614880942313096e-03
4.350057231089088892e-03
4.276489681942644352e-03
5.377396448703690955e-03
5.354493829836444452e-03
5.448944039142178918e-03
5.412858597745828955e-03
5.424697603977395900e-03
5.483875194812623532e-03
5.517959690396908277e-03
5.491310691126132133e-03
5.581821147915118353e-03
5.551034603779393499e-03
5.550676519198373578e-03
5.636819161536191919e-03
5.611209405501219223e-03
5.771738743781102896e-03
5.830285705308546965e-03
5.747167376701865955e-03
5.851771613318076416e-03
4.122260987417646766e-03
5.827166339754966291e-03
5.878720388784358479e-03
5.891104967885492545e-03
5.983429984904311064e-03
5.911614272338727022e-03
5.972335858896739812e-03
5.961722733000700096e-03
6.044116094576035790e-03
6.092880384395166042e-03
6.096022087153587718e-03
6.038614227288020310e-03
6.137394621350224753e-03
6.142967088249971612e-03
6.186107329627258365e-03
6.169626609764443034e-03
6.157865958340250252e-03
6.211263680039679803e-03
6.180574107896998071e-03
6.196767848601228944e-03
6.187123127548658369e-03
6.135386923309137965e-03
6.170362145576461024e-03
6.185990554605545234e-03
6.127273885292297724e-03
6.147334907286992021e-03
6.185018694005614721e-03
6.163600713877100644e-03
1.000000000000000021e-02
1.000000000000000021e-02
9.952873834516484663e-03
9.854576168211051299e-03
9.751585098485825512e-03
9.648492946631182995e-03
9.547259930100297776e-03
9.400475464010451740e-03
9.448542303928515046e-03
9.428641408079630609e-03
9.180352384470119934e-03
9.083881123719002304e-03
9.274678904735279492e-03
9.360348390451578293e-03
8.984685375311520644e-03
8.879687202887067213e-03
8.774432612487189850e-03
8.673159340074317394e-03
8.602734685391879438e-03
8.534353472699460902e-03
8.376094360100902816e-03
8.423891161531893088e-03
8.364682274990355160e-03
8.431884927238474103e-03
8.180312231469163628e-03
8.265203331568736489e-03
8.308565639168914371e-03
8.252093141398478271e-03
8.062474269756045656e-03
7.883944419455720526e-03
7.943843452198538074e-03
7.922277635117842137e-03
7.819600079627621672e-03
7.862705593766301099e-03
7.667988723614980150e-03
7.710528057046638593e-03
7.733517764824412652e-03
7.644849442625130560e-03
7.389419633769489515e-03
7.471287265152569239e-03
7.539852853861101281e-03
7.579955226470118032e-03
7.520032580458838392e-03
7.274638913839467577e-03
7.150637554957221288e-03
7.027902325405708389e-03
6.849197027902590405e-03
6.890497117745353166e-03
6.834338842071742762e-03
6.908312592550999373e-03
6.736689429540775043e-03
6.778581352760574760e-03
6.723020443238375381e-03
6.656585625317366917e-03
6.538788501449360573e-03
6.436444829243266434e-03
6.086819530960418251e-03
6.144717480733826939e-03
6.115937716116465715e-03
6.342886314561945772e-03
6.094250523671547806e-03
6.149969905876473582e-03
6.119229932084445552e-03
6.164040502602083187e-03
6.226139598473724897e-03
6.182653373853902457e-03
3.759335882156053001e-03
3.893997287638242388e-03
3.738680507382652254e-03
4.691500721971281727e-03
4.818245794114366792e-03
4.565372560227981893e-03
4.932446670698163727e-03
4.434192184199461234e-03
5.079953456491904940e-03
5.136574992041645533e-03
5.031708841820232633e-03
4.290425033077056340e-03
5.181881700563452028e-03
5.319433196040772305e-03
5.390090924033389026e-03
5.458475178157356882e-03
5.521437311231369369e-03
5.605869840060623797e-03
5.664038522114708818e-03
5.578696448652444365e-03
5.689599373488791155e-03
5.800070580051100086e-03
3.981029432652777832e-03
4.005159060912102074e-03
4.097346914853165420e-03
5.876666542243415108e-03
5.852753059520934657e-03
5.915128133992219629e-03
5.945110666280775322e-03
5.932142610859385268e-03
5.981778044631208546e-03
5.922787021705978698e-03
5.894952431873021030e-03
6.045178476093986293e-03
6.046037379783850835e-03
6.095843281686341014e-03
5.989243873133705091e-03
6.092043310694390465e-03
6.077691535762548558e-03
6.139520268197544775e-03
6.108538647197347959e-03
6.118346521120724031e-03
6.147911809238956055e-03
6.096705381548114290e-03
6.151995045660559047e-03
6.131553806859296046e-03
6.117123256558892538e-03
6.061470826040190468e-03
6.115155739254640732e-03
6.093606457373965633e-03
6.106645208065506619e-03
9.907405036588202291e-03
9.953728857655880571e-03
9.905727196233943613e-03
9.809582732449135048e-03
9.806575115608326398e-03
9.856861240420974543e-03
9.708131610276997392e-03
9.703184207411581080e-03
9.755892462834961712e-03
9.605153831153102895e-03
9.651737051493162675e-03
9.601393800538059187e-03
9.505408094230670055e-03
9.551555949210022850e-03
9.500679906531327157e-03
9.404904599967225595e-03
9.450445709512941481e-03
9.402689630556996039e-03
9.112698055932509297e-03
9.170973730340417282e-03
9.121831110947645552e-03
9.024197521387271326e-03
9.030319086846058316e-03
9.077548922016421065e-03
9.205908071976791340e-03
9.262820180779739870e-03
9.217521486755857196e-03
9.308113244524031035e-03
9.354360134690476586e-03
9.313846886189462715e-03
8.934003005521676255e-03
8.985102307372011543e-03
8.933405804886579427e-03
8.831568423584557764e-03
8.881958690460944189e-03
8.829145138928047934e-03
8.727157750787566809e-03
8.776616325957624712e-03
8.724851620291724716e-03
8.622571436672457623e-03
8.672177975717693804e-03
8.623378091758518438e-03
8.504844715928695786e-03
8.564474129671364663e-03
8.542909608589371179e-03
8.496080232729977255e-03
8.321079432467654025e-03
8.397522359894096441e-03
8.441877021995725094e-03
8.387181082527356973e-03
8.151793908463458166e-03
8.194659525380714599e-03
8.136783988067627579e-03
8.208985903802543463e-03
8.038815731994488831e-03
8.079543287151101302e-03
8.021014993054815384e-03
7.924618733410925334e-03
7.963146973756119948e-03
7.904496744750445780e-03
7.715036952263843069e-03
7.778679915664757707e-03
7.755874760722702987e-03
7.764462033818954334e-03
7.824717259836489261e-03
7.802306196150007866e-03
7.691359941053473905e-03
7.604221401162435286e-03
7.375119087275720797e-03
7.408218765167570198e-03
7.355065063309733364e-03
7.438367934146872251e-03
7.418819323239611400e-03
7.479738258588283263e-03
7.459275383573583940e-03
7.253022228982079420e-03
7.293992045807913029e-03
7.232188577455046959e-03
7.134811894053605039e-03
7.110783410889402224e-03
7.173219360635461374e-03
7.008030075702085387e-03
7.047639420682466800e-03
6.986869212246470118e-03
6.792899412806607286e-03
6.886682766405539599e-03
6.926466950278413297e-03
6.866998850035098759e-03
6.625112369636231187e-03
6.680769159337422193e-03
6.667796018176501242e-03
6.611926529732029684e-03
6.522153551332555282e-03
6.561106491515535447e-03
6.497633433469399318e-03
6.351757585057381424e-03
6.414113103735821081e-03
6.373910712440042717e-03
6.030205991191012367e-03
6.089278991056991733e-03
6.057705885904190318e-03
6.318361319373144887e-03
6.061023962022521992e-03
6.127925428899346806e-03
6.237334514029848828e-03
6.199646083737154860e-03
6.260891992953931083e-03
3.483571246560552333e-03
3.622350425045762785e-03
3.600313408490656616e-03
3.870765349203119949e-03
4.508917324426437410e-03
4.568528652746779890e-03
4.631147365579949514e-03
4.627498492792678046e-03
4.754546218750788436e-03
4.690503354013531544e-03
4.382651834929514843e-03
4.505339123604798837e-03
4.441890279920716368e-03
4.735814253264936449e-03
4.859089960988719620e-03
4.808677678630801644e-03
4.247887691945940319e-03
4.374513230604535480e-03
4.306723958442219835e-03
4.863512415653068778e-03
4.971882700873423051e-03
4.923019099186324785e-03
4.106446772492365789e-03
4.159948974622124443e-03
4.236091149667696627e-03
5.160133326018565350e-03
5.221954755906465032e-03
5.120603280510260466e-03
5.257601853549255348e-03
5.235078602123464583e-03
5.330246171539432254e-03
5.295049885076928003e-03
5.306364078041526412e-03
5.365829204292079692e-03
5.399282186372537234e-03
5.373896038911965198e-03
5.462814541995070217e-03
5.432931158149287287e-03
5.435142748710965199e-03
5.521142900556612505e-03
5.493246175875763845e-03
5.664654056751327466e-03
5.635715559837125785e-03
5.718467725520110650e-03
5.746927859001233624e-03
4.044383165460494617e-03
5.741769083165332126e-03
5.810154237785382196e-03
5.784684225722316712e-03
5.810858228045813478e-03
5.861524796903487544e-03
5.872666030720566192e-03
5.783538389779539768e-03
5.848617914745243493e-03
5.830339790476667984e-03
5.931915087030188022e-03
5.988333947753578072e-03
5.989873801128935485e-03
5.933114096655366619e-03
6.062612400387035368e-03
6.054642596441399578e-03
6.100112778946759941e-03
6.070900016267054278e-03
6.046844623259783197e-03
6.102920117520036630e-03
6.064060172172295975e-03
6.091238994090840582e-03
6.079547581905450290e-03
6.019097585057768887e-03
6.078104236571749142e-03
6.057631129944600172e-03
6.019288295725767034e-03
6.040411739717272549e-03
6.074037400725169206e-03
6.052089866520690351e-03
1.000000000000000021e-02
1.000000000000000021e-02
9.954603973000715825e-03
9.859270025275224461e-03
9.759519068508200335e-03
9.657223742360148550e-03
9.555740124554564646e-03
9.455563088426684540e-03
9.356864104964772444e-03
9.068704854092855816e-03
9.159576897337580112e-03
8.979345949497338081e-03
9.257346322594435170e-03
8.883052441691130507e-03
8.779628540873760101e-03
8.675127657612857757e-03
8.518739661294757667e-03
8.570918849261833020e-03
8.570962352086068312e-03
8.512137467550312184e-03
8.451555786324569178e-03
8.289671750857624533e-03
8.332561357008074626e-03
8.277835691193459119e-03
8.343964025833362080e-03
8.095778655461153758e-03
8.180064759321935969e-03
8.166344443644465642e-03
8.222246738991282125e-03
7.982218192635151879e-03
7.807993773564832034e-03
7.845410029461459891e-03
7.866839522952317337e-03
7.739808410192485812e-03
7.786376138861493719e-03
7.580638914404803398e-03
7.623306846506078607e-03
7.648246058546461987e-03
7.560001633212214654e-03
7.314386788095182841e-03
7.396566077580097980e-03
7.463967814790570254e-03
7.501334910587465800e-03
7.441109970520864633e-03
7.194160824061271269e-03
7.071614244261896672e-03
6.947456288192883044e-03
6.772535733212846007e-03
6.810181249005869963e-03
6.753555892177344651e-03
6.829630094064257848e-03
6.661685203765315907e-03
6.642154246451832840e-03
6.698377581941554991e-03
6.573415240165114345e-03
6.414954705992885302e-03
6.444432270863829568e-03
6.468327391051340025e-03
6.382013687627957794e-03
5.968740679625798504e-03
5.998391903963386403e-03
6.028844889520880782e-03
6.294275503046091111e-03
5.980804596922871530e-03
6.038192460034596740e-03
6.003660918686517557e-03
6.055969709622874807e-03
6.110191053124472763e-03
6.072645582840235055e-03
6.133183734618023047e-03
6.184886523024467168e-03
6.146179270714540940e-03
3.525461533433238686e-03
3.504759238616438326e-03
3.642008186119842159e-03
3.805660729549198169e-03
3.893013899368165300e-03
3.783048473445302720e-03
4.569056011640058000e-03
4.446648457284901879e-03
4.682457750671768781e-03
4.316144531086165553e-03
4.800529816086903344e-03
4.178015791348951846e-03
4.960114789372600114e-03
5.020286763600892259e-03
4.912451533894187511e-03
5.060296598672866207e-03
5.198107415396290704e-03
5.271180862569796281e-03
5.340552940936628239e-03
5.404888033755183598e-03
5.490419791140815908e-03
5.463197099452198578e-03
5.548535357614682063e-03
5.578362677058231432e-03
5.704048971949065260e-03
3.956289921542659876e-03
5.763348119356571236e-03
5.826647591755962710e-03
5.819716997713077905e-03
5.879747266016204128e-03
5.797946359903328496e-03
5.905127448522970099e-03
5.975708359617293991e-03
5.919696475199619570e-03
5.880446554342768847e-03
5.988117940396124085e-03
6.025494183106569132e-03
6.017690016519429939e-03
6.033560317189622969e-03
5.968976566733784003e-03
6.008444552923070114e-03
6.023987097502026163e-03
6.034473096484656469e-03
5.975344942618038800e-03
6.018026456522676537e-03
6.037420210356658247e-03
5.998558055893672691e-03
5.965123680211820156e-03
6.014161500420551858e-03
5.991528506354913165e-03
5.993565670810955572e-03
9.909899164846122654e-03
9.908615171638384886e-03
9.955005339110110929e-03
9.813898392305944393e-03
9.811682534560070210e-03
9.860711929124183275e-03
9.714555569360848117e-03
9.711281895096389796e-03
9.762118819671660591e-03
9.611421180870554845e-03
9.659831246072989042e-03
9.608218567132037480e-03
9.507746611798191180e-03
9.556497045187708345e-03
9.506506797984379600e-03
9.407422212393662039e-03
9.456481240353677153e-03
9.406122501299459676e-03
9.304639198606450695e-03
9.354848323951878153e-03
9.306349111892393139e-03
9.002884077501898188e-03
9.057844150991497742e-03
9.013605988076989206e-03
9.096713315984722090e-03
9.151376659173999367e-03
9.104734559665084853e-03
8.925716730147137401e-03
8.974979369586938427e-03
8.929972149883461108e-03
9.201256242425364176e-03
9.254757657780200708e-03
9.203591852950381014e-03
8.831747544616049342e-03
8.831851276882161234e-03
8.882868580469108905e-03
8.732088649202700975e-03
8.781796508164888340e-03
8.729889705332952859e-03
8.629792888003419774e-03
8.678416194221631394e-03
8.626511933114361722e-03
8.528728716179257568e-03
8.575561600694571115e-03
8.524117260365060567e-03
8.415112004627562856e-03
8.467199723883350737e-03
8.459784306286617303e-03
8.406742537531382287e-03
8.235279467626158145e-03
8.310694559171915782e-03
8.353861480988343524e-03
8.300654922332586366e-03
8.071029185835699657e-03
8.110987007587451558e-03
8.055296458437688836e-03
8.126040183714489107e-03
7.962386663640765722e-03
8.000135588861451152e-03
7.943862157829431267e-03
7.851853223413080354e-03
7.830263066249532403e-03
7.887720642758661374e-03
7.639382499228658530e-03
7.702429904509509179e-03
7.676567851472367032e-03
7.685701501212307413e-03
7.724457835033248822e-03
7.747408098373255621e-03
7.610123434658346529e-03
7.522744230123405186e-03
7.294372995335705705e-03
7.334156563522204256e-03
7.273170053654947481e-03
7.356968111864769372e-03
7.345281395420303651e-03
7.405024424679791835e-03
7.381491961696719228e-03
7.169351773021184412e-03
7.210492433820655384e-03
7.151266593236877897e-03
7.045304839671149080e-03
7.089648851336303147e-03
7.026028152833849877e-03
6.926651322660768578e-03
6.966854780807756747e-03
6.905981482171733368e-03
6.717052948509089245e-03
6.811262676763884735e-03
6.791090540626640304e-03
6.848320554971368962e-03
6.553628209577209464e-03
6.588176055211027865e-03
6.607524649650616325e-03
6.536123910346415024e-03
6.471292809444404749e-03
6.442074988019759647e-03
6.495794465255549412e-03
6.309574408118962321e-03
6.361954768360351432e-03
6.329075963772952916e-03
5.908555418224934949e-03
5.970788167429595672e-03
5.937613339932158382e-03
6.272387441042892239e-03
5.943824953823802389e-03
6.017432525362002675e-03
6.094307698144347217e-03
6.211106011307605985e-03
6.221699371743429248e-03
6.171435100041410340e-03
3.252237535647135424e-03
3.389920916968922494e-03
3.367498036169983694e-03
3.666611597969086749e-03
4.390509919213699853e-03
4.449832290120559440e-03
4.508985877799788662e-03
4.271721442754719197e-03
4.327268073576962665e-03
4.390293269047976579e-03
4.494269006175905662e-03
4.614968266408087105e-03
4.561103690387821076e-03
4.136656865178948289e-03
4.192283589477566359e-03
4.259634945912400480e-03
4.658918339334752745e-03
4.761230812017396008e-03
4.697770166567947353e-03
3.991641806887453320e-03
4.119783381061914787e-03
4.048956256981818894e-03
4.760201498357754732e-03
4.812147839410895953e-03
4.860215908456787422e-03
5.041515287761056188e-03
5.101109242184846335e-03
5.001335709152351407e-03
5.138522183383041793e-03
5.116998879109866706e-03
5.176361972629685976e-03
5.211976836406018339e-03
5.186113814572495401e-03
5.246563801087249582e-03
5.280406490169282409e-03
5.252482018902391095e-03
5.313524356025597049e-03
5.344312928393938483e-03
5.323216927708309017e-03
5.379505743044427774e-03
5.407423159450760498e-03
5.596484402972804091e-03
5.630810238731206660e-03
5.544150574465159763e-03
5.669950192371277752e-03
3.899865042932552234e-03
5.647322322632493397e-03
5.716396628184229785e-03
5.694843917015132879e-03
5.706148031343828871e-03
5.758894229848849668e-03
5.767640407485253966e-03
5.679598340371824587e-03
5.731927718401213026e-03
5.746363278658121743e-03
5.947563602443473908e-03
5.822709649995387073e-03
5.877738600559262450e-03
5.864930812646344284e-03
5.825814144642352255e-03
5.980194002932497435e-03
5.927541356208272660e-03
5.988546828750194312e-03
5.950964501266816677e-03
5.973338387280207815e-03
5.970161830855830187e-03
5.909212516704516471e-03
5.965420293601522359e-03
5.941921144097709641e-03
5.906673539444413056e-03
5.964184221281356064e-03
5.936198365458641817e-03
5.936470237616399762e-03
1.000000000000000021e-02
1.000000000000000021e-02
9.955946813585466598e-03
9.862754887203400642e-03
9.764939688839929799e-03
9.663609511347273640e-03
9.560112933264128254e-03
9.458016462658489290e-03
9.356417458810994958e-03
9.253288579445694689e-03
9.050046663319030738e-03
8.964506494950447504e-03
9.149292069403895666e-03
8.878925798825893639e-03
8.782129578003262937e-03
8.681157569842371316e-03
8.579483177161518689e-03
8.428525613787443693e-03
8.478848567951427842e-03
8.473512535399354076e-03
8.422261185444909759e-03
8.363206742901724278e-03
8.204269977889869919e-03
8.246678596648401166e-03
8.192633353515336309e-03
8.257875310935516508e-03
8.017179269902374034e-03
8.096480459898844351e-03
8.084195326616413352e-03
8.137942775592656511e-03
7.907616474163010195e-03
7.724693096010919191e-03
7.788949845248934085e-03
7.765744577521305723e-03
7.662622634718047228e-03
7.705358832224281501e-03
7.511978227840747889e-03
7.576170125731621421e-03
7.545802779806164845e-03
7.487835326387232322e-03
7.232162444174981830e-03
7.319502063614722297e-03
7.395551347436096594e-03
7.429227610850264521e-03
7.370196061563896207e-03
7.107535455812501353e-03
6.986116450632074738e-03
6.869020131758909326e-03
6.703344083381457090e-03
6.681657737794863966e-03
6.737203670745967217e-03
6.757286553500214780e-03
6.619851365399882608e-03
6.586072311363000593e-03
6.640056715980916999e-03
6.512201869478403786e-03
6.381795137386147600e-03
6.426265347104053414e-03
6.396943384706301090e-03
6.344678308139241850e-03
5.839522400308333992e-03
5.872876310167056066e-03
5.906122227388217391e-03
6.259659768013680313e-03
3.297546061905639193e-03
3.410868353065394255e-03
3.275342578585259661e-03
3.552163979142323319e-03
3.539136514497100323e-03
3.678626612069620626e-03
4.331975401261269933e-03
4.443366566231407057e-03
4.205101096716225458e-03
4.577449182591487864e-03
4.065097926394110883e-03
4.710194925621753737e-03
4.846359340968771183e-03
4.803833145068871387e-03
4.903527230419381898e-03
4.944032065474012611e-03
5.079725204374196598e-03
5.151923507542162904e-03
5.219636701904940140e-03
5.288170270719385301e-03
5.324835014691288101e-03
5.408260818530876562e-03
5.324308851635106872e-03
5.455519755686062157e-03
5.473211727164020365e-03
5.526548096075633611e-03
5.622444315773810625e-03
3.725540888583147008e-03
3.858452151944014290e-03
3.765666001715559531e-03
5.664046811956524423e-03
5.693659559719397786e-03
5.717616204363045601e-03
5.712894306667693455e-03
5.772582592371818325e-03
5.893312570613836940e-03
5.941209461054204610e-03
5.900920631012399921e-03
5.810825907927109728e-03
5.858433787755960853e-03
5.818339027628050518e-03
5.771383688562723054e-03
5.931908994259900599e-03
5.866545964324175119e-03
5.897793909006947971e-03
5.918594104921297457e-03
5.919568681703938143e-03
5.856844902803340705e-03
5.911877506881447683e-03
5.918580390891175873e-03
5.887002264248680783e-03
5.898712553650973557e-03
5.931794870030327946e-03
5.880418846323959801e-03
5.872846306361063397e-03
9.921767383094181117e-03
9.960918081051827605e-03
9.915887952723745347e-03
9.814773938502770884e-03
9.862327720281772320e-03
9.814192863212852988e-03
9.720622847890941429e-03
9.717492029152089913e-03
9.767322301809206256e-03
9.610041307184210083e-03
9.610595859785655420e-03
9.662427183245168513e-03
9.506926957780745951e-03
9.559294571972843518e-03
9.507212510786499163e-03
9.403776745389287595e-03
9.455883199071419068e-03
9.405491629792534294e-03
9.300424200803318261e-03
9.354039688728667604e-03
9.302455507093522827e-03
9.197706172965202862e-03
9.251277239307617584e-03
9.199448898537717148e-03
8.972384374597634077e-03
9.034674993153841635e-03
8.987677038267237808e-03
8.911759125679916127e-03
8.918826169032891341e-03
8.957379438411704198e-03
9.094495076765742383e-03
9.147966399368314891e-03
9.095621894570209490e-03
8.828750151759890905e-03
8.877271473888124001e-03
8.830418942635332238e-03
8.734170070467650246e-03
8.782985875769245415e-03
8.733365023900905438e-03
8.633194736014643614e-03
8.631801993103534881e-03
8.682651864281600712e-03
8.533781762355580405e-03
8.531646352622069066e-03
8.581775946111504932e-03
8.437142736012029007e-03
8.433292847121914501e-03
8.482900329030410372e-03
8.327846930185288030e-03
8.378412536844098701e-03
8.371320261307465052e-03
8.319790491986115560e-03
8.150833348280031240e-03
8.223372989914873657e-03
8.214395540305620760e-03
8.266815448464446409e-03
7.995227604578656819e-03
7.979284031707476604e-03
8.032744483534713653e-03
8.046254081017712584e-03
7.884781333387881966e-03
7.923133523797599650e-03
7.868707091589762642e-03
7.769478432899035864e-03
7.747504879548101561e-03
7.810166543232179188e-03
7.564873598033099340e-03
7.625812264694989059e-03
7.601504564884669669e-03
7.612314291490514251e-03
7.669054219341013036e-03
7.648434522771373895e-03
7.538476242979815639e-03
7.454210942605149492e-03
7.231946377259781955e-03
7.262419084137721956e-03
7.200218056458762561e-03
7.288872347076254081e-03
7.284697395475776827e-03
7.314382428510435817e-03
7.340453732674679863e-03
7.064463032384333055e-03
7.054393606841387852e-03
7.116784139849326694e-03
6.970473607030901707e-03
7.007446824096162478e-03
6.948029971592438112e-03
6.855669150695559329e-03
6.832915101444872637e-03
6.890574132056013698e-03
6.661551695901374651e-03
6.740202504352912558e-03
6.721150013521482065e-03
6.775106348512306177e-03
6.537176442945514046e-03
6.578151993660543567e-03
6.543811735480951387e-03
6.463082508817490079e-03
6.507727726448296092e-03
6.466255819978461612e-03
6.421828158923881952e-03
6.290302841679565674e-03
6.335384754516739346e-03
6.297649096517424043e-03
6.250166229054907562e-03
3.024638227630106670e-03
3.162571260443072796e-03
3.137908282605154572e-03
3.425346197616042573e-03
3.639772869641543559e-03
4.162593324421867864e-03
4.276478769930517135e-03
4.217267695467004536e-03
4.271550992188830921e-03
4.331175073537933164e-03
4.382912490898610049e-03
4.049312429114822892e-03
4.093131630281080652e-03
4.160441395207506443e-03
4.476154631443475182e-03
4.485749564209321437e-03
4.567462832003508187e-03
3.889567790165211064e-03
3.940642421970346095e-03
4.012994862027044994e-03
4.564123141525091784e-03
4.611788111796160348e-03
4.662129192347990933e-03
4.650332291626133041e-03
4.705548911430652674e-03
4.748327445183846487e-03
4.923120833135640785e-03
4.982644892479093715e-03
4.885225447658247261e-03
5.020208685401894057e-03
4.992516556052016725e-03
5.089531223530762045e-03
5.055093964766298187e-03
5.059034698012696701e-03
5.122927355329534235e-03
5.156070377169289301e-03
5.116010363946900223e-03
5.220114326213001581e-03
5.184625599218866364e-03
5.390573842799751061e-03
5.167324123859545065e-03
5.246432889689635858e-03
5.245827416049106406e-03
5.500213016582359074e-03
5.548691069746559783e-03
5.478136950604219242e-03
5.574608992480806734e-03
3.808537729928892796e-03
5.540727574985295986e-03
5.594435541285681240e-03
5.611151022136435032e-03
5.572947705710528180e-03
5.640733441036801903e-03
5.626701269937279572e-03
5.600230121728956220e-03
5.660186773849080512e-03
5.653621619574003380e-03
5.853086329645274151e-03
5.720978531386035695e-03
5.767100713140929820e-03
5.772296673551796480e-03
5.720666794967829531e-03
5.882080403121023142e-03
5.803692249442287190e-03
5.838208778506719272e-03
5.866802889893984845e-03
5.828006121844439211e-03
5.880660403859172027e-03
5.868973835903582882e-03
5.872097367353381822e-03
5.798231837017681772e-03
5.843285602963038151e-03
5.856708073097553584e-03
5.773903122187114961e-03
5.842715785267986114e-03
5.816239134226473644e-03
5.805568230095232464e-03
1.000000000000000021e-02
1.000000000000000021e-02
9.961839130360921821e-03
9.869332505625882934e-03
9.768499834512027122e-03
9.666112024233218872e-03
9.559039516155946187e-03
9.455822562835461409e-03
9.352496197308093548e-03
9.249400715875346485e-03
9.146390736092148074e-03
9.033775196514463521e-03
8.942226765546778047e-03
8.870382206991317756e-03
8.781633438107732878e-03
8.683856694778956803e-03
8.583654260005603442e-03
8.485635710093881318e-03
8.340270961373647679e-03
8.388886358773901125e-03
8.384332486000451237e-03
8.334578546031826130e-03
8.275916414931881737e-03
8.120044810781190323e-03
8.108873059210737824e-03
8.161886378433656081e-03
8.172095463194285758e-03
7.940525800519099286e-03
8.021226482791342718e-03
8.058558781472827809e-03
8.008774158154921205e-03
7.827741670416969375e-03
7.657638701900022077e-03
7.714146890902508734e-03
7.690674647173903651e-03
7.588739775183240242e-03
7.635281149270289544e-03
7.445853152520148961e-03
7.505882616571838903e-03
7.478390082388371857e-03
7.420600622515416238e-03
7.121853336588267712e-03
7.144584155969071690e-03
7.177048965899091720e-03
7.258110022204463871e-03
7.333885458578574476e-03
7.364152709375945682e-03
7.309102124939044834e-03
7.017569885540961283e-03
7.092978938343394955e-03
6.913166755193799091e-03
6.797940534944668135e-03
6.629691729724624533e-03
6.665520934742673320e-03
6.623826666725124088e-03
6.684792703869731761e-03
6.499713980247318924e-03
6.583144236553311636e-03
6.369920700708317160e-03
6.415685481117630942e-03
6.374156587402965424e-03
6.329859775532577573e-03
3.042556543456570190e-03
3.033776756917929557e-03
3.169840753958440543e-03
3.464063700643196103e-03
3.507974031496746258e-03
3.382267428048833357e-03
3.594726596751461091e-03
4.217937400708224142e-03
4.106783235613026620e-03
4.293574712205452254e-03
4.283257486548303766e-03
4.393809961476057013e-03
3.970385726968670044e-03
4.384826741741518555e-03
4.520668139840803255e-03
4.607828484657502943e-03
4.728953648022919329e-03
4.787967112262058768e-03
4.690165317749647386e-03
4.826046946600977793e-03
4.958209542521946518e-03
5.026075022377134507e-03
5.087777616772086453e-03
5.141976410319516570e-03
5.352030475221450541e-03
5.404099650908916058e-03
5.338688116824539913e-03
5.195154851647172493e-03
5.260468187239916195e-03
5.181499172218484266e-03
5.426738780435928083e-03
5.520912821483613120e-03
3.632566916235533457e-03
3.679163710220763762e-03
3.760686300938011119e-03
5.557418653400049077e-03
5.587398851435256865e-03
5.612634484495389146e-03
5.665546543683585602e-03
5.607544268671008081e-03
5.793361207021738638e-03
5.844000494781498994e-03
5.804178000082062944e-03
5.714195786472316997e-03
5.762975570595790277e-03
5.719355553001573972e-03
5.668177670915893959e-03
5.830784009466485202e-03
5.751809803045724624e-03
5.810317804050247996e-03
5.778224711126378477e-03
5.816034483260537798e-03
5.813872764532062101e-03
5.826536473116739577e-03
5.711197487432676141e-03
5.741294371137784652e-03
5.787257955417526856e-03
9.937164683397900836e-03
9.929577763924070030e-03
9.968548417899207245e-03
9.856604523370763107e-03
9.835997549694929301e-03
9.889176767909497665e-03
9.696580623913632346e-03
9.708316169655218514e-03
9.756106942458334097e-03
9.599334603673981628e-03
9.660252214892859832e-03
9.604451905614441037e-03
9.502459275871151870e-03
9.556401843312307964e-03
9.504502056934722304e-03
9.398455833328319547e-03
9.452847693276398428e-03
9.400941053948144027e-03
9.297284442577772451e-03
9.298727058956440111e-03
9.350672763930268847e-03
9.193581373585193312e-03
9.195553181553999672e-03
9.247137537060674470e-03
9.091354199043655965e-03
9.092880867111467064e-03
9.144650586166508388e-03
8.989028549938287219e-03
9.041872586140005733e-03
8.980748418006971254e-03
8.835473008837023065e-03
8.904190002057808112e-03
8.873673102987219771e-03
8.832241762746167665e-03
8.732042268216165179e-03
8.780482973077794601e-03
8.733326452071525636e-03
8.636113732786283859e-03
8.634898112072535506e-03
8.685209615040392905e-03
8.534976017616657806e-03
8.584152163058413401e-03
8.534730062939890199e-03
8.438567086461713773e-03
8.486227093573002478e-03
8.438308021266256384e-03
8.347984454161403930e-03
8.392577199418237155e-03
8.344609882007570506e-03
8.243222944390402387e-03
8.291910752935078427e-03
8.285439636756706736e-03
8.234000586228288135e-03
8.071067460546097264e-03
8.129686843470443347e-03
8.176323112737832188e-03
8.125601517518477382e-03
7.914558656646347029e-03
7.900194856398102747e-03
7.954514879017507423e-03
7.968378497526270102e-03
7.807054876046179079e-03
7.788785992927513106e-03
7.845508834926739894e-03
7.700146663292227293e-03
7.734375455252396475e-03
7.679367806348433648e-03
7.497656578500180163e-03
7.555541047603335156e-03
7.530735481486647634e-03
7.548347575141077515e-03
7.603578314690564131e-03
7.579830692141906363e-03
7.471818075235808765e-03
7.390280779382716290e-03
7.176138918734544479e-03
7.203334760791641096e-03
7.148759837290476725e-03
7.230607786768462018e-03
7.225216526229441549e-03
7.279858371667217998e-03
7.254374039525458492e-03
7.019715967840293308e-03
7.041637585895850829e-03
6.994686934056614999e-03
7.070894637870302896e-03
6.884208008122275589e-03
6.869279819570562294e-03
6.926559684704753500e-03
6.788890720655926109e-03
6.764201122205230378e-03
6.821840605700196618e-03
6.700598620236961935e-03
6.719694176799987859e-03
6.664806933797040242e-03
6.448734760063196646e-03
6.492187482003738963e-03
6.454324457534221446e-03
6.525584254535794423e-03
6.576791038491409079e-03
6.530070652602037312e-03
6.409000370489672561e-03
2.801652518524599088e-03
2.923042337619453056e-03
2.912492338965691051e-03
3.202303446838106107e-03
3.249665828197502871e-03
3.123609755103648727e-03
3.333191530515879596e-03
3.549800544430460007e-03
4.063224950072980186e-03
4.112969165955557629e-03
4.167419297487400497e-03
3.991728124987376294e-03
4.020704758809960123e-03
4.077170031961654430e-03
4.091436931185208313e-03
4.181408586117566981e-03
4.192381500452133092e-03
3.846041110345160656e-03
3.947467003113418020e-03
3.868211247872707908e-03
4.377134938004658728e-03
4.426807132768982925e-03
4.336026069195306372e-03
4.470535835932314996e-03
4.457862532820525484e-03
4.553990503937422989e-03
4.511266152741163354e-03
4.535956482988604682e-03
4.632349906556698649e-03
4.593435628158709823e-03
4.797744562894979380e-03
4.860765474110790088e-03
4.763791505256562142e-03
4.895178429161481555e-03
4.854858986923584613e-03
4.957058941222682556e-03
4.924048393313713509e-03
4.927411151822275702e-03
5.021881639593051005e-03
4.993604001137614753e-03
4.996979252944488623e-03
5.082361381047847439e-03
5.056889838535303869e-03
5.274039125862824834e-03
5.039261820421022525e-03
5.117441348709407187e-03
5.103737490529084049e-03
5.394202304634622067e-03
5.447618772594749886e-03
5.373439644395837725e-03
5.468262096982446155e-03
3.740272672283644767e-03
5.431890975217473598e-03
5.486756323791742301e-03
5.503399039153886695e-03
5.465689420384738442e-03
5.534152709928154106e-03
5.519748869806947490e-03
5.500707656352518855e-03
5.557906721569637852e-03
5.550825727865074319e-03
5.754999536127004128e-03
5.620772572043076544e-03
5.668839430425601580e-03
5.671244746518135267e-03
5.618207681306163458e-03
5.775481485468502915e-03
5.673324093905390830e-03
5.740417955221650305e-03
5.716929327925032549e-03
5.730245583320694829e-03
5.780420017229460569e-03
5.769932531332882392e-03
5.763569515778898394e-03
5.756733666329484633e-03
1.000000000000000021e-02
1.000000000000000021e-02
9.969400163786201405e-03
9.897818654102217770e-03
9.780169586725640310e-03
9.818677195856878939e-03
9.797136274700428762e-03
9.648606401377261832e-03
9.739039678953344617e-03
9.551429808695418092e-03
9.450954834518725950e-03
9.348264642594448365e-03
9.245777083217566680e-03
9.142749833321564892e-03
9.040431070104420347e-03
8.889468929246831588e-03
8.930987963570930985e-03
8.939444317140377710e-03
8.862575914051665227e-03
8.783907926711749525e-03
8.684250735992170983e-03
8.585657797787143650e-03
8.486883363215689050e-03
8.393432396020552438e-03
8.253655849075201140e-03
8.300919890087993247e-03
8.296968132137486768e-03
8.249016062805949318e-03
8.186721020360566634e-03
8.038617134399626482e-03
8.079107163308167638e-03
8.030506997837595293e-03
8.084709849621458944e-03
7.861378077689579191e-03
7.936791980686265166e-03
7.926236125115636300e-03
7.978703901309877611e-03
7.754164919444151045e-03
7.596794693188226900e-03
7.649041356029969048e-03
7.626778243141642960e-03
7.523232788666765931e-03
7.572991832073469425e-03
7.388430017198537383e-03
7.416668243046482638e-03
7.443543820642795419e-03
7.361147426149768427e-03
7.066651698548052918e-03
7.121552250133138771e-03
7.093649882463109145e-03
7.200522819553240375e-03
7.271375954747033230e-03
7.302114554212225765e-03
7.248132217800565789e-03
6.952047242400925114e-03
7.042873953524343526e-03
6.836563568382431760e-03
6.744640102838176006e-03
6.599237949093073215e-03
6.649486176059284798e-03
6.613319224938149152e-03
6.487024005122018350e-03
6.562171693006956831e-03
2.880969706439672536e-03
2.961095429937927234e-03
2.842277567834576926e-03
3.042042131236085811e-03
3.357073821838187696e-03
3.410418557251057928e-03
3.280983026666300147e-03
3.494881973150537613e-03
4.078252066469899122e-03
4.028155599285048079e-03
3.919415363509017904e-03
4.175794477507669723e-03
4.234850989559290485e-03
4.134426238680594459e-03
4.276283661919927370e-03
4.418154793660361915e-03
4.497484285084705352e-03
4.609650256171366096e-03
4.669624641817408939e-03
4.573307072403025829e-03
4.703606875651312677e-03
4.826652168650232520e-03
4.891384161873688421e-03
4.962412982233166577e-03
5.018387789942090060e-03
5.240721157036772743e-03
5.296803694674412713e-03
5.218195131945663721e-03
5.083601176695178546e-03
5.139784143230273668e-03
5.061649793221866325e-03
5.318042141033374470e-03
5.413462321255235916e-03
3.674795612781227468e-03
3.654545346514295051e-03
3.760154063000575603e-03
5.449360073888971645e-03
5.484074590009521515e-03
5.519638256939649566e-03
5.511414508725424703e-03
5.566403973593372738e-03
5.690632859632536317e-03
5.705001343546651539e-03
5.742644767869185644e-03
5.622698973324083416e-03
5.623629340754493847e-03
5.668756322626165856e-03
5.571520652154228134e-03
5.722273861659688855e-03
5.701166300115374959e-03
5.620530648531781547e-03
5.647203586036675729e-03
5.687403573588011019e-03
5.651171726184802367e-03
5.728157302990864383e-03
5.693250151011368734e-03
5.679917089442982139e-03
9.934785862723937225e-03
9.967401054283557549e-03
9.935853159465235854e-03
9.861265595480610269e-03
9.899492412252809334e-03
9.858882035131440527e-03
9.821568490112392649e-03
9.595338191340313516e-03
9.597077754528740567e-03
9.646097152040561742e-03
9.687249924539953483e-03
9.733869790440578471e-03
9.691602342198990180e-03
9.496588045124905800e-03
9.548106976082432543e-03
9.499260170833514691e-03
9.396797508685611131e-03
9.449775353461621619e-03
9.397392935933314428e-03
9.295128676463355541e-03
9.346942898368355845e-03
9.296009239583577846e-03
9.190780864594847929e-03
9.244191458984023224e-03
9.192031898719270691e-03
9.084461874546699220e-03
9.139173091814414146e-03
9.087788131394171007e-03
8.959822976777470638e-03
8.974349828515635827e-03
9.025825928721550526e-03
8.873492810464745847e-03
8.931449679660547619e-03
8.881474073351717374e-03
8.774837476451365081e-03
8.832334800171662281e-03
8.805241639500097084e-03
8.753618772948648999e-03
8.639944797236830468e-03
8.638151334412634899e-03
8.686068146358159880e-03
8.544274338587719633e-03
8.539846323032252232e-03
8.590298649569359790e-03
8.441841243926377636e-03
8.488535825939677940e-03
8.440575160387904854e-03
8.350347390849671356e-03
8.349667466387267201e-03
8.394553157023960585e-03
8.258036385877824334e-03
8.256374258274032721e-03
8.303109852460941603e-03
8.160706511409614519e-03
8.207278022180304611e-03
8.201957500238554744e-03
8.146087985951389748e-03
7.988169416062312900e-03
8.036939510291770533e-03
8.038124777596597145e-03
8.083175544482911618e-03
7.832198819869037529e-03
7.873037129688419122e-03
7.820138816554888725e-03
7.885046001782839223e-03
7.735617624249057148e-03
7.770959502736771510e-03
7.718464769355727097e-03
7.641988508604667663e-03
7.670701289593019091e-03
7.620010712026183651e-03
7.435264433702379154e-03
7.465933437205567007e-03
7.492388774090621463e-03
7.500640959918270997e-03
7.524060579553315010e-03
7.549213399704576659e-03
7.411869770832435825e-03
7.330352059345547622e-03
7.118659946408346928e-03
7.146874207651913134e-03
7.092457855537643262e-03
7.172125991239429628e-03
7.174213241873578922e-03
7.199428719301807257e-03
7.223099762161459131e-03
6.954323998509728127e-03
6.919054256649871497e-03
6.986407120566143041e-03
7.010580737961370594e-03
6.771689584641638927e-03
6.827637439444785364e-03
6.779819237606281301e-03
6.735959427289254890e-03
6.669445793924060582e-03
6.684415594101766889e-03
6.634229439404921470e-03
2.584482320183644714e-03
2.734443783206284579e-03
2.692293779649486147e-03
3.093177548171953915e-03
3.147451421927236967e-03
2.989045835887751013e-03
3.225158185404213354e-03
3.485270686501206090e-03
3.558650075595960922e-03
3.422377444996697361e-03
3.931284574221605328e-03
4.011681446996050865e-03
3.997138358311884410e-03
3.851519904580869274e-03
3.957583127881069210e-03
3.921441223571718766e-03
3.849549720969531758e-03
4.010941385830159127e-03
4.093180304807458002e-03
4.051617777315029596e-03
4.262570497876149410e-03
4.320073504821482155e-03
4.219865779099393234e-03
4.360037811928968270e-03
4.344183413883099393e-03
4.439881494683368610e-03
4.401271618553037786e-03
4.419018056343779720e-03
4.514136613077046785e-03
4.477762519890004893e-03
4.678205970390929454e-03
4.644366947818157759e-03
4.738351186454535860e-03
4.766476773330866751e-03
4.725059441955045680e-03
4.790338843657942006e-03
4.826217615913973302e-03
4.819177976132775314e-03
4.908121044575781099e-03
4.873612407793080810e-03
4.878858773427472914e-03
4.959127435288407555e-03
4.938285471624676536e-03
5.162508259025082313e-03
4.923775756997712805e-03
5.003822589208738875e-03
4.981888826612715197e-03
5.282229175216005164e-03
5.338664545168916864e-03
5.261763400799803099e-03
5.357813327944702976e-03
3.580118685371871858e-03
3.764007662081061186e-03
5.321722528753452565e-03
5.377234200681235352e-03
5.394658047384862619e-03
5.357760007721622426e-03
5.412095709175266701e-03
5.430376531944466553e-03
5.434494794376224305e-03
5.467756471816218738e-03
5.478009522008952387e-03
5.658181205509548589e-03
5.521451910770225867e-03
5.573021588476096029e-03
5.571384500207874658e-03
5.522587989455349060e-03
5.659867335249505957e-03
5.592863533823811545e-03
5.664328444789232080e-03
5.636636578963519044e-03
5.536558765960568861e-03
5.607619112719315103e-03
5.585074191196382279e-03
5.620907017326285879e-03
1.000000000000000021e-02
1.000000000000000021e-02
9.968427213133818077e-03
9.899088059013764693e-03
9.774597830530227377e-03
9.818176165159578361e-03
9.777119124525762012e-03
9.546551228914646262e-03
9.641946753283985733e-03
9.731696327360961005e-03
9.447179583380439435e-03
9.346376950869497713e-03
9.243311373233096054e-03
9.137928220534562856e-03
9.022490080821492925e-03
8.916786677510203651e-03
8.824317601109845852e-03
8.662995010432628443e-03
8.719068042431445467e-03
8.697648162331893251e-03
8.592182151479456007e-03
8.651531009585659154e-03
8.493117563799735745e-03
8.396174463502457941e-03
8.304268181504674204e-03
8.168127162668015195e-03
8.213123677344450618e-03
8.210986066705266290e-03
8.165039519270556045e-03
8.068879947314559417e-03
8.099391945160796039e-03
8.114903160748108968e-03
7.956190020148957293e-03
7.947090629359925690e-03
7.997188991530821550e-03
8.053295138394402086e-03
7.996796654744125696e-03
7.784351751317147503e-03
7.861699601043214969e-03
7.847760918927941184e-03
7.898992363511870424e-03
7.689282639346522313e-03
7.550847496914669423e-03
7.573475922475580817e-03
7.596928638966920361e-03
7.468441126627508968e-03
7.526291824678209459e-03
7.346777665059100321e-03
7.367323124143536871e-03
7.391481066295798805e-03
7.309327467681447400e-03
7.009593802995227330e-03
7.064221958483160764e-03
7.037545431562108184e-03
7.146432927545513791e-03
7.178912902353099326e-03
7.225067938256320675e-03
7.176326950728796270e-03
6.839878822261246695e-03
6.861212848956009004e-03
6.896996864935753084e-03
6.981708264617672056e-03
6.805714217146804045e-03
6.720332856039847383e-03
2.627773928069569893e-03
2.606735786205277312e-03
2.753666233162574417e-03
2.844983799080707566e-03
2.863135555495636194e-03
2.968945704047708332e-03
3.256205260279212109e-03
3.306535479884460931e-03
3.176132452962273506e-03
3.370703249291637314e-03
3.853542416747803966e-03
3.971952787491790475e-03
3.892739102937524051e-03
3.892282746203972691e-03
4.063904209290970966e-03
4.120047020890454242e-03
4.037990247885776124e-03
3.932608717122047272e-03
4.162976714458478146e-03
4.304011459629147190e-03
4.382163863174376277e-03
4.490004215331066910e-03
4.550131932295114166e-03
4.455003454426439968e-03
4.583909306211593135e-03
4.701944643192870928e-03
4.772254184324606872e-03
4.849218484518235187e-03
4.901540429100147145e-03
5.126640033089350720e-03
5.184101883324275691e-03
5.105323567510996682e-03
4.968024398492722031e-03
5.026186356936902105e-03
4.946068487364377667e-03
5.204925361202133310e-03
5.302356551575601422e-03
3.615431496505654412e-03
3.645255940866218725e-03
3.551479183616179734e-03
3.733252470862904494e-03
5.340386588795579051e-03
5.397246321151703830e-03
5.420017864879433760e-03
5.469903917391508164e-03
5.427920121595078765e-03
5.607075642082120538e-03
5.617597243864756729e-03
5.649148098195558992e-03
5.550759028949410305e-03
5.587369260885221428e-03
5.539047622238899363e-03
5.472919444107332207e-03
5.615916143036240281e-03
5.563307037391159587e-03
5.481779145632794878e-03
5.508281608025718604e-03
5.554761460722132393e-03
9.919481339990597266e-03
9.959977542638134146e-03
9.926822436891934165e-03
9.856141297122507708e-03
9.895893298594816631e-03
9.858500902462241297e-03
9.816282796775379141e-03
9.496336829258839735e-03
9.545948509736428694e-03
9.496141559653104719e-03
9.592409918118020504e-03
9.639945002373742286e-03
9.593530224095028411e-03
9.684234506130708423e-03
9.729559360501849330e-03
9.685405301518512644e-03
9.396826904048884849e-03
9.446815624267104056e-03
9.396500548655163307e-03
9.294941740560766497e-03
9.294735158716338833e-03
9.346002816310169589e-03
9.193158697365103049e-03
9.191697185393791006e-03
9.244255793749012531e-03
9.089506635073607219e-03
9.140253572137786026e-03
9.086786218571327178e-03
8.980103580391585183e-03
8.969829338694626508e-03
9.032417268603307181e-03
8.830059425702488363e-03
8.851777086355048021e-03
8.895255830211133696e-03
8.762241069993506257e-03
8.768551282531650282e-03
8.818069606639467387e-03
8.662356052170326615e-03
8.718814858857705519e-03
8.662739387369134195e-03
8.572951160239815002e-03
8.606543908317557806e-03
8.558719868031982453e-03
8.618044110091848883e-03
8.457475265457035582e-03
8.449841276800804102e-03
8.501024156781427504e-03
8.353604249060828102e-03
8.352318080893894950e-03
8.397857085059586002e-03
8.261885107839246276e-03
8.260458127985653362e-03
8.306286752180085109e-03
8.169443103956010657e-03
8.213925067482105366e-03
8.169337706325574891e-03
8.078031038851327811e-03
8.123115096592966461e-03
8.119452686012358991e-03
8.074182822987965163e-03
7.909250847307048790e-03
7.974527559044942635e-03
8.021783418173805691e-03
8.005648261655154765e-03
7.965853847819401659e-03
7.769705851705564596e-03
7.800700943642363723e-03
7.753456317726488065e-03
7.816109777373049516e-03
7.680905602341815339e-03
7.707995061322112790e-03
7.662254334250875529e-03
7.588293451131039070e-03
7.570330450358856225e-03
7.614788483607925346e-03
7.419105778020585081e-03
7.426882890148928627e-03
7.460236406851464275e-03
7.453603623227839613e-03
7.476732727214266926e-03
7.502787783984122758e-03
7.357113881867249558e-03
7.396190180531633449e-03
7.351806736839858018e-03
7.270227918261799697e-03
7.308582919855307475e-03
7.270410062862719958e-03
7.077897741979669206e-03
7.043624535846488774e-03
7.097782984059342222e-03
7.126084704522812896e-03
7.224887701746312250e-03
7.128636278347416991e-03
6.902121894348875117e-03
6.870856925852558521e-03
6.927588651667514370e-03
6.955872692344418004e-03
6.736578795324200605e-03
6.788026573110830450e-03
6.753571403714369106e-03
6.702785806459705606e-03
2.373995953383495252e-03
2.502113511874749872e-03
2.478340974852127291e-03
2.737728763220535419e-03
3.016088047810082818e-03
2.931962515515027998e-03
3.054601439005078488e-03
3.136048810954807867e-03
3.393039428003864159e-03
3.439179933054719966e-03
3.325873487459171576e-03
3.744524521333398703e-03
3.800051584660557417e-03
3.837745310797371825e-03
3.798143193753038271e-03
3.854541800577457582e-03
3.958934397683114628e-03
3.932579412964928162e-03
3.855227739310439390e-03
4.148282953396639945e-03
4.205643121973454135e-03
4.106756505948093786e-03
4.245961491174839869e-03
4.229444889619980719e-03
4.323954169475185266e-03
4.287054401107383630e-03
4.302434188907031457e-03
4.360981247886069195e-03
4.395928483107827515e-03
4.550353685923014604e-03
4.520716274580061089e-03
4.614704439625891101e-03
4.637567778629558823e-03
4.663319626239744928e-03
4.694433631672879394e-03
4.741173495517784359e-03
4.708514315008443391e-03
4.793603226851770455e-03
4.764118054775043354e-03
4.760501362761189459e-03
4.842090739627623319e-03
4.820005391010981875e-03
5.047565168466250883e-03
4.808090183366361264e-03
4.888069091293409558e-03
4.866243972303582396e-03
5.171083134383806963e-03
5.149081591196130910e-03
5.227044358945086462e-03
5.247082515356246528e-03
3.504114833050007462e-03
3.681016690059321379e-03
5.208005924654198621e-03
5.283971278296611604e-03
5.265201723408387616e-03
5.335025794868234784e-03
5.385042319865883387e-03
5.346724000428357618e-03
5.379164914514038796e-03
5.579481697775568946e-03
5.479721061915551576e-03
5.501830251465473533e-03
5.515353219838510859e-03
5.420453930754924946e-03
5.422162107198490871e-03
5.470673532763090270e-03
5.529062045885034873e-03
5.574273149383513620e-03
5.569167747953415216e-03
5.510414750002592954e-03
1.000000000000000021e-02
1.000000000000000021e-02
9.961446379283971087e-03
9.888767126744109695e-03
9.769696579268509484e-03
9.771832994104306946e-03
9.813136962136028915e-03
9.447101432853306432e-03
9.544980528281789625e-03
9.639032777587415099e-03
9.727770870548348853e-03
9.346323405887870320e-03
9.244406131660600975e-03
9.141633745602669586e-03
9.035089158035684853e-03
8.859655432779972584e-03
8.909833503553321252e-03
8.920188021308967513e-03
8.844794970470932355e-03
8.796199082980238337e-03
8.712411374890826482e-03
8.561963646201820044e-03
8.612246298509592529e-03
8.612682945040410487e-03
8.515292429854005515e-03
8.567543622058717417e-03
8.405567180680559997e-03
8.307753780130145566e-03
8.215668685811514105e-03
8.081937950837048829e-03
8.125666731524237157e-03
8.125237653506955579e-03
8.080666606955102735e-03
7.989612150393553616e-03
8.033859877728201718e-03
8.029320953737194635e-03
7.883444440511340814e-03
7.919669843616710184e-03
7.873313537375343715e-03
7.982869717156252862e-03
7.929059651490707322e-03
7.725703857072923481e-03
7.797349940535330468e-03
7.829374698341079464e-03
7.784430804053804609e-03
7.634985934313724860e-03
7.518935531272643094e-03
7.534706484832990117e-03
7.554214112940763580e-03
7.388430497958993134e-03
7.436547196177176883e-03
7.487099750765499780e-03
7.314102284895459063e-03
6.958249632274462505e-03
7.018155724736627361e-03
6.983455418349956631e-03
7.193732970569782087e-03
7.231975775588588874e-03
7.186077901084774421e-03
7.107245542255601414e-03
7.092250993928041897e-03
7.142941043837135184e-03
6.798972633055290829e-03
6.850476876569091926e-03
6.818941923136218747e-03
6.930053825130799879e-03
6.767616752817675121e-03
2.439606125469389198e-03
2.532916399810388863e-03
2.407714989477629641e-03
2.652245618036266385e-03
2.640462101766200605e-03
2.748328142920987947e-03
2.786115244078464070e-03
2.815554792003536599e-03
2.900937523487144391e-03
3.165254841862188626e-03
3.210708209434371373e-03
3.092012370036740718e-03
3.279011986674619690e-03
3.625692337587762236e-03
3.739361533181619589e-03
3.685136203106949542e-03
3.961326037322486504e-03
4.012802524539393033e-03
3.908759493657197950e-03
3.696746814502224667e-03
3.774932766759820073e-03
3.775931423979033471e-03
4.054515578649329696e-03
4.189480496009112889e-03
4.266482025620270055e-03
4.365594723504364477e-03
4.334475694891058717e-03
4.428040864459924057e-03
4.457686834757416602e-03
4.606866633302191330e-03
4.686086122116816556e-03
4.734707867839192327e-03
4.784458851844130937e-03
5.012538743453750362e-03
5.069937422411401919e-03
4.990407660283825535e-03
4.851376086372148275e-03
4.909986288179656218e-03
4.829826717451858945e-03
5.092203256026976536e-03
5.189810694549335142e-03
3.517805235710019362e-03
3.566685935912505042e-03
3.456558398512520058e-03
3.630940599958709918e-03
5.218107256553420475e-03
5.288297059849811702e-03
5.213278420935279697e-03
5.277614373870861270e-03
5.326828071551382472e-03
5.331180270125144074e-03
5.373855085095260997e-03
5.543594234255829790e-03
5.451250114393887090e-03
5.462129169223713630e-03
5.507186666131580303e-03
5.473392198602245427e-03
5.352056905808989448e-03
5.385869001611089460e-03
5.387596314644007602e-03
5.426558070624921438e-03
5.453603774377888645e-03
5.479022377011790769e-03
9.933462027021803739e-03
9.926552113194332325e-03
9.966722593862286511e-03
9.836888097154232805e-03
9.846243087853831163e-03
9.878961627215274849e-03
9.803894724050878778e-03
9.399339614271813581e-03
9.447915595763866498e-03
9.397686214925902309e-03
9.498254017425680068e-03
9.545405637866311716e-03
9.496887677944048853e-03
9.593693944672349386e-03
9.639040286994067161e-03
9.592640451769770399e-03
9.684682698236741008e-03
9.727259563664582276e-03
9.684062387539670719e-03
9.297419678143844374e-03
9.347203478280259256e-03
9.295764303220443309e-03
9.193688397027806672e-03
9.244391371601736601e-03
9.193019960689592304e-03
9.094127919777090022e-03
9.143742411015211291e-03
9.091485915862250466e-03
8.985965307174329647e-03
9.037819730115191283e-03
8.982711992459814845e-03
8.873112556502639817e-03
8.926722491121722933e-03
8.866179610785274862e-03
8.753239429495303370e-03
8.806647127945406786e-03
8.791750959470922069e-03
8.757666587993380436e-03
8.659471568327361049e-03
8.711062232594905461e-03
8.660883812843073529e-03
8.559433372263478695e-03
8.611129579394334946e-03
8.560727923856753865e-03
8.471672503185140660e-03
8.522549645456000203e-03
8.464682554150346552e-03
8.516879741263432349e-03
8.360648568025517285e-03
8.357323201921470698e-03
8.409269034524803621e-03
8.259780487046097450e-03
8.306914598693310517e-03
8.261157009415097049e-03
8.169731841180779067e-03
8.216031480313665952e-03
8.170033038015762569e-03
8.081176067936832186e-03
8.125618378190492194e-03
8.082128073780401115e-03
7.995404596149516263e-03
8.036923153627849661e-03
8.038646816303941095e-03
7.993294530858665800e-03
7.840630739921031905e-03
7.902343164229117325e-03
7.946032971489160393e-03
7.938487804746754625e-03
7.893703120381500085e-03
7.711760014678545501e-03
7.740575742155114680e-03
7.697299051524561855e-03
7.754835968955861580e-03
7.632128209500301831e-03
7.656374424094770231e-03
7.611259046745783019e-03
7.516309209424394157e-03
7.552198438840954445e-03
7.517721409758283506e-03
7.359361694870563894e-03
7.389155122773997247e-03
7.357995420603507739e-03
7.407324925525447801e-03
7.449067365163301695e-03
7.484093006029573364e-03
7.451261937095693400e-03
7.275461446435670977e-03
7.316313235070194716e-03
7.272580944801172037e-03
7.008091177142257606e-03
7.042611797398398016e-03
6.983038293582826024e-03
7.234914341141021957e-03
7.150703983853856464e-03
7.057796967170550106e-03
6.857606804613138735e-03
6.879395962719601042e-03
6.828137633733975635e-03
6.907893360249216762e-03
2.171177461531267026e-03
2.306650690712516195e-03
2.271591914946176870e-03
2.546544180161132084e-03
2.720168246594773919e-03
2.935383760159424298e-03
2.975696287352872296e-03
2.862030431630745685e-03
3.050180590501834054e-03
3.294426195295353712e-03
3.343747581511760398e-03
3.231084297679010300e-03
3.572764238704218692e-03
3.661940297288140099e-03
3.793344740412989743e-03
3.824315505009049342e-03
3.877086994598902010e-03
3.634352687470379650e-03
3.743802507342548248e-03
3.666020842654806045e-03
4.042736642301572071e-03
4.002695442251417469e-03
4.095718272138219873e-03
4.135769435037794928e-03
4.117592213643962544e-03
4.173720914931274527e-03
4.209663610580996994e-03
4.185320257625563430e-03
4.244076472989978185e-03
4.275090625991555954e-03
4.406103598317531560e-03
4.386273351227094712e-03
4.478334484523494724e-03
4.539461530231907703e-03
4.601472431438817512e-03
4.545493066667769672e-03
4.623763622018392007e-03
4.595955500068708323e-03
4.652465122725574220e-03
4.678033505999466997e-03
4.648832449687562672e-03
4.704906423235631456e-03
4.728300431312161718e-03
4.932066860544212852e-03
4.692655609901043301e-03
4.750583045219153137e-03
4.771899442150029716e-03
5.049286786415008686e-03
5.031009515833874228e-03
5.110501723440762957e-03
5.129278425505930973e-03
3.405897181263692602e-03
5.077004210816536516e-03
5.142733334700461817e-03
5.148341700135926520e-03
5.231593900890067934e-03
5.283288638320613080e-03
5.225108455465486516e-03
5.340176652097470937e-03
5.280005925394935101e-03
5.495691645579685661e-03
5.383236918498482577e-03
5.430619944241774424e-03
5.403258383235183364e-03
5.423471288446205310e-03
5.327128304521830914e-03
5.373438335332591034e-03
5.339701665792685389e-03
5.448985697758099503e-03
1.000000000000000021e-02
1.000000000000000021e-02
9.968197833880696954e-03
9.859475980671191311e-03
9.889237628244415199e-03
9.897669099496580677e-03
9.848289368748538303e-03
9.769101219479029222e-03
9.802897190174611822e-03
9.769106453481021454e-03
9.348854768296263607e-03
9.449353013402174081e-03
9.546629691472643953e-03
9.639958278760282773e-03
9.727715633947508697e-03
9.245950801740504890e-03
9.144188859774405459e-03
9.040352669111234932e-03
8.929815614821059316e-03
8.765075208405350912e-03
8.819308719282520359e-03
8.812500596794874824e-03
8.759008371613743668e-03
8.706453386394774965e-03
8.609538021282619677e-03
8.460947173431558957e-03
8.511728232184826576e-03
8.510252385520522891e-03
8.416191157148558005e-03
8.466378131963185269e-03
8.310196356334313347e-03
8.214712749370819619e-03
8.125389413114286058e-03
7.998837371723507839e-03
8.040731166996635884e-03
8.039932274356212730e-03
7.997852939937096645e-03
7.911127560801893208e-03
7.950551434480484722e-03
7.953253789200091101e-03
7.818096318989824212e-03
7.850771749324634771e-03
7.808687358667291967e-03
7.907611598707826525e-03
7.860316415233497764e-03
7.672262293083050889e-03
7.735914221791498346e-03
7.766622153494216405e-03
7.724911702881280193e-03
7.565026384714432922e-03
7.576767021108256513e-03
7.598687635085597629e-03
7.541392165061782879e-03
7.483521506806777891e-03
7.317922807696003971e-03
7.367698912952404429e-03
7.410701514385524200e-03
7.363420724604302636e-03
7.409297667274271013e-03
6.911570772616912849e-03
6.959780233362189428e-03
6.934539847542447663e-03
7.199585095299548300e-03
7.237583873926485556e-03
7.196420625768842373e-03
7.133968684618739384e-03
7.120466322505708545e-03
7.163796312317481825e-03
7.052511391980331897e-03
7.079683765793072861e-03
7.030160433739184034e-03
6.884497708043869034e-03
2.279974437081600663e-03
2.227506326539351305e-03
2.358834055640826339e-03
2.556926962955429535e-03
2.604254770607227626e-03
2.499706146078940153e-03
2.671505307016087266e-03
2.704635434635046642e-03
2.819836008676052108e-03
2.745240157290260163e-03
3.072495077081923917e-03
3.118860414409932794e-03
3.005289886726604867e-03
3.183256050251885745e-03
3.412808346647961018e-03
3.518962675299222836e-03
3.465361255790045097e-03
3.511779247711236968e-03
3.603924381616537519e-03
3.568792731917718158e-03
3.861638741675190150e-03
3.911636296734766552e-03
3.828147976474615202e-03
3.713952575854183313e-03
3.574050927113827172e-03
3.951867751658167532e-03
4.080761549642330371e-03
4.151984602892004605e-03
4.239308358561694884e-03
4.212768990726663450e-03
4.302633086703205531e-03
4.322357951848351636e-03
4.472633715555522985e-03
4.567958787219427233e-03
4.622557157715134583e-03
4.670842477662278357e-03
4.894644872581294624e-03
4.873021984414123951e-03
4.953825272476845148e-03
4.734836740952573682e-03
4.793264251502626222e-03
4.713737133420338975e-03
4.972209117059871349e-03
5.063192063084031268e-03
3.354776218326435341e-03
5.107006606626056551e-03
5.162474252033148053e-03
5.092016453137281594e-03
5.170275286383152653e-03
5.258236623042338541e-03
5.305465521769967170e-03
5.292058626818456173e-03
5.245601114562144403e-03
5.358438253197681661e-03
5.369893968057108148e-03
5.415850225559990655e-03
5.381617544417236984e-03
5.294654670747771762e-03
5.397725614501052392e-03
9.931019022237839305e-03
9.965646418246286442e-03
9.932010502097429402e-03
9.874359748128166275e-03
9.866914945622478825e-03
9.903972977506312475e-03
9.815274629295324751e-03
9.303475249189887761e-03
9.351457155853027184e-03
9.299977306606324601e-03
9.404047730504896604e-03
9.401181139156160327e-03
9.451180826959509548e-03
9.502728729594900337e-03
9.499961856830527879e-03
9.548224517824036375e-03
9.598494013993671622e-03
9.595589166874462020e-03
9.641599946005907987e-03
9.688483917764735207e-03
9.728646269330478574e-03
9.686109879707508266e-03
9.198731887445138131e-03
9.248139415678431619e-03
9.195727701704041121e-03
9.095107958523078462e-03
9.144474250009106825e-03
9.094116160696630660e-03
8.987795226495755990e-03
9.041030987532647917e-03
8.986445691281836484e-03
8.879541246043056932e-03
8.932870970399927821e-03
8.875947140091055426e-03
8.771699827262148530e-03
8.822541849338194977e-03
8.768087428220442542e-03
8.659199216327703383e-03
8.712308411913123607e-03
8.706396806948905193e-03
8.659203202773690933e-03
8.557181029730262165e-03
8.608568769045005231e-03
8.558227899729847765e-03
8.455464001768867380e-03
8.507736178078404571e-03
8.458185835831516855e-03
8.358782977634001896e-03
8.415525942571840112e-03
8.359833233677949060e-03
8.409896576527084791e-03
8.259274599844664000e-03
8.310258672734074231e-03
8.259720799078064044e-03
8.168286375591861728e-03
8.214319574402058344e-03
8.169320883677331710e-03
8.076804008149056011e-03
8.123651327270636768e-03
8.079416168780299487e-03
7.993941142585633472e-03
8.037999420033399220e-03
7.996957851197333822e-03
7.907390081114892832e-03
7.952992549272961190e-03
7.951849054564932850e-03
7.910294628763645322e-03
7.777164023980597495e-03
7.830390215902059692e-03
7.866533024754880643e-03
7.870775211225533585e-03
7.825227565614451680e-03
7.656786388212979619e-03
7.645508596926886904e-03
7.684243352975901435e-03
7.696610631653644750e-03
7.575300630623912554e-03
7.603636848313409524e-03
7.570821227961039082e-03
7.510837932931527412e-03
7.537869310681450177e-03
7.513871733044980711e-03
7.448524812418534126e-03
7.482404803856959954e-03
7.448935337175269754e-03
7.283672048391971569e-03
7.321574197626986788e-03
7.279355338008319624e-03
7.326366543089306120e-03
7.367956697328943878e-03
7.408670979646681497e-03
7.367775953888674664e-03
6.960707968231131561e-03
6.984108824469515385e-03
6.936049670121849191e-03
7.242063012125580894e-03
7.166930185961780872e-03
7.093346367474380292e-03
7.006642706693819340e-03
1.976851418962011307e-03
2.130585803619456948e-03
2.072931910620577720e-03
2.418785265584508931e-03
2.632223368904530562e-03
2.846567691994322889e-03
2.890912968818628009e-03
2.776993319949337593e-03
2.959329410988908397e-03
3.195683022999609973e-03
3.245081891221345341e-03
3.135346826572023293e-03
3.463301340131304425e-03
3.681581552462373334e-03
3.771323048387812890e-03
3.737445184291768308e-03
3.659076780324724363e-03
3.403100359547450889e-03
3.518211371154625518e-03
3.457514578614396920e-03
3.936461630025210427e-03
3.989779281020879032e-03
3.899760491441356738e-03
4.026643408422081634e-03
4.006180132275979910e-03
4.095338764834431482e-03
4.062042052327322246e-03
4.066281715870115505e-03
4.125915094624879077e-03
4.152369376868728437e-03
4.284809789810497052e-03
4.345670878881535519e-03
4.262482091851261569e-03
4.439755938376502460e-03
4.489790572076566254e-03
4.423450922402475359e-03
4.517580287631146538e-03
4.488495509762547610e-03
4.542388195541515773e-03
4.568371221837159643e-03
4.535490401430872578e-03
4.613803217716884973e-03
4.592306892584292061e-03
4.814709920044173141e-03
4.577327675327813594e-03
4.655840247192393790e-03
4.635078092537121136e-03
4.931228633180502995e-03
4.990379646531604811e-03
4.912849440142363043e-03
5.004532253317355711e-03
3.303969325572065751e-03
4.968715478118354220e-03
5.038553640437343217e-03
5.022768849897249303e-03
5.138168742140048449e-03
5.184393457454901030e-03
5.122615203209705641e-03
5.199711219710575344e-03
5.290902140622185876e-03
5.336791745873076427e-03
5.308674655158216946e-03
5.310883486001988403e-03
5.340382327703591982e-03
5.346010019528753612e-03
5.248976055144082692e-03
5.253595227842365427e-03
5.287938370695038741e-03
1.000000000000000021e-02
1.000000000000000021e-02
9.967462672101861862e-03
9.903702462779054999e-03
9.789417207288719086e-03
9.832760959447229415e-03
9.823914614991640509e-03
9.779096991208336906e-03
9.251545838689924708e-03
9.354258644120296007e-03
9.453992547352140646e-03
9.551339782952182958e-03
9.644332303660531000e-03
9.740269867241234739e-03
9.147262258469087901e-03
9.041767199401102434e-03
8.933935019091105920e-03
8.825836250947701953e-03
8.661922051130893641e-03
8.717005636175853209e-03
8.713692676360629275e-03
8.660320370107967708e-03
8.608287918250901588e-03
8.506389903376770575e-03
8.355336663290123880e-03
8.405427894507084760e-03
8.408464572650162575e-03
8.309014876459436261e-03
8.357086215555887057e-03
8.213718014399254419e-03
8.122459627154004352e-03
8.035272004907369203e-03
7.921954830784659965e-03
7.960851991862983798e-03
7.957846190420109558e-03
7.915225590982025161e-03
7.832470281465520393e-03
7.872026828000372109e-03
7.869988698549948425e-03
7.751049895458750859e-03
7.784712613118126637e-03
7.744570364776369800e-03
7.832267156958864704e-03
7.790778740071185697e-03
7.616284424734249582e-03
7.674243744486967597e-03
7.705196321732779401e-03
7.666734360748838489e-03
7.544063695447350039e-03
7.480638280475983976e-03
7.409379181584773051e-03
7.281379829378163519e-03
7.324769082462584575e-03
7.282339015725284442e-03
7.325604299237152735e-03
7.208072436509554461e-03
7.203649101726157349e-03
7.246038500537600735e-03
7.103013802397527797e-03
7.151548786400378603e-03
7.118350598702189239e-03
7.077696482826943865e-03
7.004920624390884032e-03
7.028598800053727745e-03
6.982886410302327485e-03
2.058093970885652244e-03
2.167902902847235105e-03
2.019065228346801980e-03
2.468466277837164623e-03
2.512427578069858711e-03
2.376378364498651051e-03
2.586490575142875482e-03
2.619145582776540807e-03
2.732650293722597989e-03
2.661766118973608614e-03
2.978327078461703945e-03
3.025406370841435266e-03
2.913833472041257432e-03
3.086732284610265060e-03
3.306567998101978944e-03
3.408843489488504793e-03
3.359725584835221955e-03
3.755998911594969625e-03
3.808969571971423940e-03
3.719687552221357350e-03
3.491840693870510489e-03
3.586446528255250819e-03
3.563010652653705521e-03
3.355864708911478200e-03
3.448437906726504586e-03
3.845834032920298230e-03
3.971883773659384657e-03
4.036727921309803992e-03
4.119314691703969931e-03
4.093228639337548151e-03
4.179413146252193394e-03
4.201635667983091155e-03
4.361957834531122666e-03
4.464349864365660912e-03
4.512118703711084054e-03
4.556417811298434789e-03
4.775317234822264341e-03
4.754930461744838639e-03
4.835049833160817365e-03
4.617580126352308426e-03
4.676212736546048014e-03
4.597312437954048127e-03
4.853378568065079557e-03
4.949756474878268253e-03
3.252269506821876908e-03
5.008162292192150714e-03
5.057172988401845148e-03
4.988066912900974634e-03
5.074254432411550407e-03
5.158228181546674340e-03
5.148077644426880817e-03
5.207325902291698450e-03
5.304558020244308850e-03
5.271926094829661180e-03
5.205039335753256641e-03
9.948114684161686594e-03
9.939835576699227598e-03
9.974088280168038820e-03
9.852350327270243194e-03
9.892436213239985676e-03
9.862978261404574745e-03
9.821811628202717012e-03
9.209791739135660821e-03
9.256686107690119056e-03
9.203757102135936771e-03
9.312151405766969786e-03
9.358105813936310954e-03
9.307203132537047313e-03
9.408615575814713999e-03
9.455650404508459186e-03
9.405633810936847236e-03
9.509863473351415700e-03
9.554111691216228899e-03
9.505618772046793216e-03
9.607391955391139313e-03
9.602313328788717947e-03
9.647846203894482747e-03
9.696486239416182012e-03
9.742843182503433536e-03
9.691922772709422873e-03
9.099735609775297385e-03
9.149295005431740124e-03
9.096839915390680584e-03
8.991322743346449875e-03
9.043298539342436992e-03
8.989027754553924679e-03
8.882188647263939557e-03
8.935117224295298713e-03
8.880388805807014341e-03
8.772870332178210606e-03
8.826373343805987357e-03
8.771857943353455339e-03
8.664040147283154011e-03
8.718080415173025746e-03
8.662624387521576305e-03
8.556098768331561397e-03
8.609134704041274122e-03
8.607894167445249989e-03
8.556446945622219954e-03
8.452437195431936404e-03
8.505099954534215898e-03
8.453814029411772096e-03
8.349109368914945858e-03
8.402633079741468267e-03
8.352135625923687995e-03
8.257439546177716000e-03
8.308443773786235165e-03
8.258433468917912232e-03
8.306378324257067056e-03
8.161850181529371404e-03
8.210921446903590021e-03
8.165250242023599711e-03
8.068740515784498038e-03
8.118964910293588119e-03
8.073052205916520646e-03
7.983084066161751091e-03
7.988913937786570885e-03
8.030471304936726007e-03
7.905705733149843636e-03
7.914417574171649442e-03
7.950389651595867954e-03
7.847340982003882248e-03
7.884563909226264405e-03
7.878101631409105757e-03
7.832010444572703664e-03
7.832766168680314195e-03
7.869729490390244692e-03
7.712768361177967796e-03
7.756125680719767879e-03
7.794249572715021730e-03
7.793505058136559853e-03
7.754599625865574684e-03
7.601755297169845993e-03
7.629436616402523498e-03
7.589816172544690438e-03
7.638157543890584933e-03
7.503211490838304978e-03
7.539176118293361081e-03
7.507536963000526094e-03
7.445890393045123505e-03
7.478337684600543621e-03
7.447568982111568182e-03
7.369649987577272382e-03
7.409254653062958412e-03
7.368936095211399070e-03
7.245181446134398365e-03
7.280923160054582344e-03
7.281062377465264378e-03
7.324795354731650568e-03
7.155944380021919335e-03
7.054028011921539658e-03
1.791601561578378939e-03
1.926587394459509548e-03
1.883069977499242592e-03
2.273041542293359474e-03
2.166692456204991762e-03
2.277003579949595825e-03
2.370543161077248891e-03
2.545424882427190470e-03
2.760555591962176366e-03
2.803555725553790769e-03
2.691379047976077358e-03
2.869169084411440484e-03
3.096820088131279746e-03
3.146276477892256517e-03
3.038816120962527928e-03
3.578817375273152159e-03
3.667110673826736930e-03
3.630278334561642516e-03
3.536333766984499794e-03
3.201939089833132253e-03
3.302154513767609038e-03
3.254284665661332995e-03
3.295622725115023369e-03
3.393331026415398813e-03
3.349405296681057069e-03
3.829474334006669357e-03
3.883067725552673526e-03
3.793350578958843995e-03
3.917400699938718665e-03
3.893534858362899132e-03
3.949924304705449730e-03
3.979454823026747773e-03
3.951164012897471350e-03
4.034763723086144151e-03
4.008762248771401832e-03
4.170204068870248318e-03
4.227586012099536841e-03
4.145112387891201206e-03
4.331933588488556114e-03
4.385960343520019233e-03
4.308703975487588808e-03
4.409849095389211694e-03
4.379282696203162795e-03
4.457006216906217282e-03
4.433968726135006228e-03
4.422786696366064370e-03
4.499680271637983633e-03
4.479151871841027116e-03
4.696275817040420318e-03
4.462867303631252655e-03
4.520041372320424307e-03
4.539861794861029497e-03
4.818866496045235044e-03
4.796753860692368893e-03
4.874956935130570802e-03
4.894118680861058758e-03
3.201368705734695952e-03
4.859461911793342900e-03
4.934527617880047658e-03
4.913762946261788882e-03
5.045694893987517568e-03
5.026332586837955509e-03
5.091030329970682583e-03
5.103352691457656125e-03
5.248201752478386106e-03
5.279909545165332313e-03
5.267585120465417131e-03
5.203106116749170104e-03
5.247922778844861351e-03
5.224723479098411678e-03
5.181633753667048634e-03
1.000000000000000021e-02
1.000000000000000021e-02
9.975690274456187542e-03
9.897846047138019257e-03
9.914046047575016118e-03
9.923825444105903795e-03
9.875772425213185518e-03
9.778177326908180089e-03
9.815421524937780265e-03
9.782965243791318100e-03
9.155210704875123978e-03
9.261408491969125648e-03
9.360863473933941220e-03
9.459939755565933278e-03
9.559473893014794679e-03
9.652881944518239971e-03
9.738418272254308061e-03
9.045868777163927274e-03
8.937040456074317463e-03
8.827764793585721539e-03
8.718643223530029435e-03
8.556215207521172816e-03
8.610270201539267643e-03
8.609317081518323353e-03
8.555848592216532336e-03
8.504345486889962336e-03
8.400835908793174989e-03
8.249242824136956975e-03
8.299180110441055358e-03
8.302683606583408440e-03
8.209599696407872058e-03
8.253316559442610417e-03
8.115211507564801599e-03
8.025813056142878238e-03
7.944266188101505033e-03
7.833450812055090320e-03
7.869445425995800353e-03
7.878418876582695199e-03
7.839910721384454190e-03
7.840867798552839801e-03
7.755873885887323502e-03
7.793809544892492738e-03
7.794432919916867951e-03
7.683376072200445717e-03
7.717493199161280966e-03
7.680014479404899223e-03
7.756719054569748487e-03
7.719741408054385870e-03
7.541528907927728259e-03
7.558759498716242746e-03
7.571785915718128208e-03
7.611117661607612155e-03
7.607756960455268509e-03
7.643005963688344860e-03
7.523095180480362035e-03
7.475568431160899661e-03
7.409141241443237963e-03
7.326590492824544207e-03
7.183803467228542204e-03
7.233187054028695009e-03
7.195800067799259722e-03
7.233357163452839092e-03
7.123101729098151383e-03
7.165883266559110350e-03
7.112947003653675992e-03
7.043484470437187499e-03
7.073285192147691323e-03
7.024094050234225457e-03
1.883500606634891817e-03
1.839414926265631623e-03
1.969762814241297552e-03
2.154929209810350389e-03
2.213414316822883820e-03
2.108719341006059112e-03
2.395040643967288538e-03
2.431670115512978448e-03
2.335373343279083507e-03
2.506889032325401463e-03
2.538097909840474672e-03
2.578592768384097445e-03
2.649038225938915841e-03
2.888169936056030323e-03
2.825712587063788830e-03
2.933276816486846735e-03
2.992178522190105678e-03
3.653434734948113761e-03
3.616918540497445194e-03
3.704756245334288930e-03
3.386330425541663001e-03
3.482180888847783654e-03
3.439160113151024274e-03
3.150501806540318469e-03
3.249798205278689369e-03
3.341935407423336692e-03
3.741043193653292506e-03
3.862042849045791565e-03
3.922817367429810853e-03
4.004190197241544631e-03
4.061758757752550325e-03
3.978060805386918024e-03
4.250622143191282523e-03
4.086688389578515927e-03
4.355775701355021901e-03
4.401081155643971066e-03
4.442728837115053446e-03
4.658612650569223836e-03
4.637736374924996373e-03
4.716848323743389783e-03
4.503008423615013044e-03
4.482631177995534053e-03
4.560142492802304708e-03
4.738708919978235415e-03
4.838565218645062525e-03
4.908382805554628407e-03
4.882962825231957661e-03
4.957568065495678196e-03
4.978243816742789103e-03
5.097426053860301155e-03
5.125219553540365756e-03
5.070450394849665768e-03
5.228515516363145370e-03
5.151857643107019165e-03
9.946308924748478372e-03
9.973554921579433352e-03
9.947186199353204306e-03
9.904383383641910885e-03
9.901128038658467412e-03
9.926346543857954285e-03
9.851186894063447899e-03
9.874527714950275328e-03
9.851454291687504819e-03
9.815897459863507160e-03
9.118594418677522170e-03
9.108463815859998286e-03
9.164104881938891015e-03
9.232226564473932501e-03
9.220670114140759599e-03
9.272352989465814169e-03
9.295041706739589141e-03
9.352055754737511814e-03
9.302752050230535946e-03
9.412921809894496394e-03
9.461348647536942102e-03
9.409866304684513100e-03
9.527319681178847074e-03
9.567157262542336574e-03
9.517804054273684006e-03
9.622355140154151276e-03
9.614104249369872027e-03
9.659174361709928908e-03
9.709625598783782480e-03
9.743612397765789510e-03
9.702364656994835052e-03
9.006148040674285399e-03
8.998206432395149112e-03
9.053033358239067144e-03
8.892817347350536264e-03
8.886984872801474006e-03
8.942195675791990081e-03
8.777974765499232598e-03
8.774886622735239214e-03
8.830234566266087146e-03
8.668642216872980352e-03
8.665879802521326766e-03
8.720953668163580058e-03
8.558620635230464874e-03
8.556996650241153329e-03
8.611566545516145463e-03
8.449740417894308422e-03
8.503081127301595488e-03
8.503210280046051214e-03
8.450824410677678505e-03
8.341188051135262072e-03
8.344935360443042974e-03
8.397177012926396525e-03
8.235263924534701879e-03
8.242082606398758865e-03
8.292625432048188541e-03
8.152020241656921309e-03
8.205173475671055996e-03
8.156979397360798745e-03
8.200595707027143189e-03
8.057128263820099653e-03
8.109990812985440334e-03
8.063054750531352399e-03
7.966612599761653188e-03
8.018218559964958650e-03
7.975060420796525190e-03
7.884821081978028723e-03
7.934551461109697057e-03
7.895604839527003982e-03
7.809379683876170077e-03
7.858231466474281321e-03
7.821862167412855019e-03
7.762640920443189020e-03
7.804822240994152907e-03
7.797636749377109995e-03
7.759009884199235402e-03
7.796089324355665560e-03
7.803816439788397417e-03
7.759714305855767817e-03
7.647280419405664935e-03
7.681942858275753183e-03
7.718771847312188433e-03
7.719437033475089020e-03
7.683703551700253251e-03
7.534979236759157227e-03
7.568660561418687205e-03
7.539400510089611963e-03
7.573136133462217250e-03
7.483271674498472373e-03
7.512328866074230969e-03
7.493932716876419362e-03
7.439335806860132572e-03
7.471240024437050993e-03
7.443222695020822351e-03
7.373630996706521945e-03
7.409897281358759566e-03
7.372085434344196470e-03
7.292019859070350725e-03
7.331165329350777284e-03
7.286658052566071832e-03
7.153487532596520745e-03
7.199253956234669648e-03
7.240620627092440170e-03
7.191470948206359071e-03
7.083356821618704349e-03
1.615954556897850058e-03
1.751436016450674685e-03
1.702574405187449232e-03
2.021153553038904094e-03
2.274856938103384050e-03
2.468204333272470703e-03
2.677323802487301552e-03
2.609187216481768934e-03
2.718964412271164619e-03
2.782425085293477839e-03
2.999615310925556749e-03
3.048244368700646703e-03
2.945097750638547233e-03
3.474015906587116145e-03
3.563307786576359534e-03
3.526463296146073890e-03
3.431081390970782980e-03
3.100416623156205392e-03
3.100326077518313420e-03
3.197582261613226336e-03
3.151159253008881372e-03
3.191514856063316051e-03
3.288495761307675975e-03
3.243587127700483901e-03
3.723033884087810497e-03
3.776292859018097210e-03
3.688866563002564554e-03
3.807831155564981272e-03
3.782861997471860960e-03
3.838194460928209730e-03
3.866524213303803095e-03
3.838188756743794554e-03
3.920664989325819971e-03
3.894624597897416215e-03
4.222630483934593573e-03
4.277292646247720515e-03
4.196625934112862416e-03
4.055496884268624917e-03
4.112800919684480271e-03
4.030121215644387987e-03
4.300502421615964681e-03
4.271023729473924502e-03
4.325114733791443969e-03
4.346452899977335492e-03
4.311329814483678448e-03
4.366949425170814532e-03
4.386627335128578248e-03
4.580494678420783151e-03
4.350689800361336700e-03
4.406589208068406940e-03
4.426371613499388569e-03
4.704129417152342653e-03
4.680722440294968027e-03
4.761219355143886216e-03
4.782000666184914317e-03
4.754903003197056763e-03
4.806614069010724070e-03
4.832292678483866497e-03
4.967919669047544257e-03
5.005699749321966194e-03
4.937036766419145711e-03
5.034955231039028867e-03
5.180961913533585136e-03
5.215250833574818813e-03
5.188959408420349556e-03
5.141336760871762987e-03
1.000000000000000021e-02
1.000000000000000021e-02
9.975033224686487635e-03
9.926367201471315502e-03
9.878577037879579179e-03
9.794981205851564440e-03
9.822810645109687419e-03
9.786289122969400386e-03
9.062709152857343492e-03
9.175971406202331968e-03
9.263522161709133659e-03
9.354753037159831142e-03
9.471129715773114396e-03
9.575765616975559155e-03
9.667070147749114856e-03
9.753733606207501405e-03
8.949824003096277028e-03
8.835706146659072502e-03
8.723491222470899226e-03
8.613796038758295137e-03
8.448700807946265406e-03
8.503799928194779104e-03
8.502736928125087523e-03
8.448829407646541237e-03
8.395565749152834184e-03
8.288297174799945377e-03
8.136212753073961135e-03
8.185692990996329757e-03
8.193209708043935890e-03
8.104505963792143011e-03
8.144025483088918743e-03
8.011751854679283191e-03
7.925604334870642656e-03
7.846958207798073251e-03
7.741846880525113037e-03
7.775436014915867305e-03
7.788329187903229520e-03
7.761292525092181038e-03
7.750830331615199062e-03
7.681187281105734954e-03
7.721726775185061044e-03
7.719008292730946547e-03
7.613444158671013422e-03
7.648864534618926396e-03
7.613507904546838734e-03
7.682238117345893506e-03
7.647611394887008848e-03
7.510126276639924291e-03
7.545020574084472173e-03
7.578542499013642651e-03
7.541364857013219992e-03
7.462292928710161435e-03
7.407919552125685238e-03
7.334398632904525449e-03
7.247002512198594953e-03
7.076444786674503627e-03
7.130701920701244985e-03
7.099942503162959793e-03
7.104288769464429942e-03
7.152665439387881005e-03
7.144743770082222223e-03
7.059954565680347412e-03
1.700128107688090185e-03
1.790693782798343826e-03
1.659758950925451122e-03
1.959945382472491442e-03
1.923433394261975281e-03
2.056477155845376666e-03
2.312606350016102076e-03
2.353719928615679788e-03
2.235785395997563416e-03
2.425026735704920861e-03
2.470414476767604766e-03
2.573550866245966420e-03
2.504355988477866609e-03
2.798765372553334470e-03
2.843500578591197196e-03
2.739349253837685978e-03
2.898841926930777017e-03
3.556420911185541323e-03
3.605005188469845735e-03
3.515973133558429435e-03
3.272925894115471211e-03
3.372989589577987408e-03
3.329566940118804802e-03
3.051059575488876234e-03
3.146890031954006125e-03
3.233084193831896064e-03
3.639295335360773730e-03
3.753451306032423457e-03
3.810945373650656900e-03
3.888892160369218035e-03
3.863862781474777710e-03
3.946426752336005400e-03
4.138497652417686377e-03
3.971612171690394773e-03
4.246913851110999116e-03
4.291138949530343139e-03
4.330782496977938004e-03
4.547699374901209568e-03
4.602890523076060870e-03
4.524748793233801004e-03
4.392288998290001280e-03
4.370998101751562108e-03
4.447370292788660473e-03
4.625716585289782121e-03
4.728366586690107426e-03
4.835956905420382528e-03
4.794154722889324913e-03
4.871373411539069338e-03
4.903019203462848780e-03
5.007480512444263156e-03
4.985639012644031698e-03
5.052310765256117983e-03
5.107770471726140113e-03
5.145444523864522827e-03
5.098577321468362317e-03
9.960667760148827002e-03
9.954572862565153057e-03
9.981555953790187050e-03
9.876657492130357791e-03
9.912318433258961517e-03
9.890142900125225428e-03
9.864358644505874171e-03
9.837717455063987523e-03
9.024576324273704542e-03
9.014903478629987532e-03
9.071846353635946644e-03
9.184806338616447602e-03
9.208267429575553095e-03
9.151573206612364023e-03
9.240532067328463203e-03
9.316301713898435949e-03
9.364535935494992455e-03
9.304448771947278554e-03
9.438429975988265816e-03
9.482724769569758280e-03
9.424692483652973712e-03
9.550549605315003174e-03
9.537921267913808746e-03
9.586097402170479231e-03
9.645418308932300969e-03
9.632910294629544457e-03
9.677045967527799636e-03
9.739511691392399237e-03
9.723733447794102175e-03
9.766192699568132518e-03
8.916689019306665853e-03
8.904231816881645958e-03
8.961523260627241028e-03
8.798127663268810739e-03
8.787566574486427307e-03
8.845611099454168610e-03
8.681885759296729954e-03
8.674751174348719132e-03
8.730112057563875483e-03
8.567214818898716278e-03
8.562387290083909447e-03
8.618128915528551481e-03
8.451359152972301794e-03
8.505244550363170314e-03
8.449523252271851428e-03
8.338023067049206427e-03
8.394226630829899893e-03
8.393468087513704032e-03
8.339275780864600571e-03
8.226023717260338639e-03
8.230355521234964875e-03
8.284020602782229958e-03
8.118560736609832518e-03
8.177390136299221568e-03
8.127134172395602402e-03
8.041840009960636235e-03
8.049451099048456071e-03
8.097442570451633681e-03
8.088947801611765659e-03
7.951061955580172869e-03
8.004632856847982564e-03
7.958862545732005300e-03
7.862657393810798534e-03
7.915252480771729077e-03
7.873867341567157910e-03
7.778992553566889574e-03
7.832640685247265269e-03
7.794444028225252195e-03
7.709219019729150399e-03
7.759965627368164108e-03
7.725886904327884663e-03
7.676517622634723183e-03
7.720280929715343278e-03
7.717577499478005601e-03
7.664667463860202860e-03
7.703075924392959947e-03
7.712587813652554102e-03
7.679409726738010804e-03
7.579202164603428271e-03
7.605948586142240175e-03
7.643377776909236407e-03
7.644549329117724876e-03
7.610776363501931333e-03
7.447957330459886727e-03
7.466235586155857244e-03
7.491395415923196577e-03
7.472251236780185803e-03
7.508552719583003361e-03
7.504435187844491102e-03
7.424547670671926940e-03
7.453919401387680728e-03
7.432578050693550500e-03
7.372258369105992755e-03
7.405877110327555198e-03
7.373730597656220735e-03
7.301154760522082614e-03
7.337727159359384681e-03
7.297045132529943884e-03
7.217994487674762698e-03
7.255579300479539535e-03
7.208788293988475752e-03
7.090233570976718636e-03
7.127013246792964288e-03
7.163931990710789566e-03
7.115763790572118830e-03
1.450215752644967325e-03
1.576496807474651310e-03
1.531848650770573647e-03
1.831624717745412162e-03
2.149350255047969248e-03
2.055135097295870180e-03
2.152514871674287341e-03
2.231157766499627763e-03
2.393145725705106419e-03
2.598986515053643576e-03
2.638236196262245571e-03
2.536113174659329096e-03
2.698518601828513684e-03
2.903947143090330422e-03
2.951804937845590397e-03
2.852517308328315297e-03
3.388160326966188369e-03
3.471863481206608360e-03
3.431230589453520240e-03
3.331509083170126461e-03
3.001746063478776504e-03
3.000553426178882536e-03
3.050451727010193397e-03
3.095609223088207664e-03
3.091838580146684130e-03
3.141689243243166087e-03
3.181959486875063966e-03
3.617602344736221918e-03
3.670294839627313149e-03
3.587549809619192641e-03
3.699761704135441122e-03
3.673410613254576244e-03
3.728054307116751478e-03
3.755284938300282316e-03
3.724772880902710477e-03
3.781336262790107542e-03
3.806264993358699292e-03
4.111500734808350155e-03
4.083610180221828451e-03
4.166963050734321349e-03
3.945317382278357675e-03
3.917290452932271037e-03
4.000256593530580364e-03
4.190706916590180263e-03
4.164693944594116161e-03
4.237507268659307207e-03
4.217717104758033145e-03
4.201336930943620762e-03
4.275454654426787647e-03
4.256110435911259794e-03
4.469528408348511644e-03
4.240989057477034981e-03
4.295543487150035346e-03
4.316040594611689901e-03
4.595049030768186965e-03
4.649169162898273734e-03
4.570346496133341312e-03
4.674959087255339471e-03
4.675623697325801548e-03
4.756574665240996362e-03
4.714339968395332356e-03
4.906299219605156359e-03
4.870221684047926040e-03
4.936662647036598427e-03
4.957613135608650648e-03
5.059040018631210181e-03
1.000000000000000021e-02
1.000000000000000021e-02
9.979500007537304637e-03
9.914862674649792609e-03
9.937793145699990588e-03
9.930677579131807348e-03
9.897645731060302626e-03
9.815447363734981084e-03
9.805118219361436821e-03
9.845685991159706246e-03
9.081480598804803767e-03
9.099139865479478895e-03
9.052693717686599931e-03
8.970989386001741381e-03
9.133459584028752465e-03
9.197116047798409300e-03
9.245819968204950848e-03
9.190214214106123825e-03
9.378355409024187461e-03
9.257429010542602560e-03
9.495600514230784564e-03
9.599084118154433201e-03
9.694101573206874434e-03
9.778717876889539418e-03
8.857757155009223296e-03
8.740275275728931481e-03
8.624780748687990370e-03
8.509478452490676012e-03
8.338653323998900316e-03
8.395143307073560032e-03
8.393983203228662024e-03
8.337851523304618678e-03
8.282142024653644727e-03
8.172337375151399533e-03
8.020072191245572815e-03
8.078675757159210769e-03
8.069273227240067112e-03
7.996347375315548608e-03
8.030762062956471950e-03
7.906751452855499684e-03
7.820723938114599802e-03
7.743870107352661403e-03
7.642594507276135110e-03
7.675710669306006102e-03
7.692967331427034462e-03
7.670992625336367499e-03
7.653922335558041926e-03
7.599767134456195637e-03
7.637934281831864139e-03
7.641217917919408513e-03
7.539367397282157636e-03
7.577073836676986515e-03
7.543519222572942114e-03
7.603526650538579811e-03
7.572500433222006250e-03
7.461221700504075405e-03
7.437137066948962781e-03
7.477320014208197092e-03
7.511933115627663846e-03
7.475880434431225220e-03
7.399481939131079614e-03
7.338569730041874691e-03
7.261276634559965873e-03
7.173836550384494332e-03
1.538739906800680674e-03
1.496326399779604249e-03
1.618304753308016757e-03
1.751956734832820937e-03
1.727088994966743648e-03
1.855037899491093940e-03
2.100918522898484724e-03
2.125221695925290106e-03
2.032794372183766539e-03
2.282304583579342593e-03
2.297691423681716590e-03
2.217599481381803562e-03
2.376306985400868446e-03
2.411358963961929541e-03
2.441021315206087176e-03
2.504966844021179299e-03
2.708887973100409380e-03
2.753856224909364409e-03
2.655154248112756316e-03
2.806036224141553442e-03
3.460045964852245543e-03
3.508238056696123819e-03
3.424711007790854321e-03
3.262141015104900055e-03
3.267954991305898477e-03
3.325024327744352699e-03
2.953291148999219896e-03
3.047116166398281326e-03
3.142782799345114619e-03
3.207647245227089605e-03
3.118090279056273759e-03
3.538399245658632990e-03
3.645959824194425214e-03
3.699468114965166754e-03
3.778742412281461439e-03
3.752010192985825738e-03
3.833636571626316235e-03
4.027772111821562202e-03
3.861386815142230696e-03
4.138087901613698993e-03
4.182884811845299748e-03
4.220800878454875928e-03
4.440811592232777813e-03
4.415687898914519814e-03
4.493892008440135942e-03
4.287530882649832030e-03
4.263586867243874569e-03
4.339567295506679794e-03
4.517528671880042743e-03
4.633134906509419303e-03
4.814217263757177533e-03
4.743426777829042734e-03
4.823737720373524537e-03
4.860892351671095360e-03
4.913486787628299282e-03
4.961472634165619081e-03
4.908155214750535046e-03
5.028958582513201776e-03
5.069772052903254861e-03
5.015052852727596745e-03
9.932350930336694347e-03
9.959374809457905223e-03
9.949053886389398749e-03
9.927975032279563045e-03
9.859803687218574031e-03
9.887248806844153512e-03
9.867248126159208418e-03
9.838928080788771763e-03
8.949950035207498295e-03
9.016386074703595238e-03
8.987227748262592922e-03
8.932742166113080348e-03
9.139696471293050697e-03
9.361541788823011384e-03
9.337693607388414946e-03
9.399619965034883284e-03
9.230430548321484976e-03
9.273164549930020331e-03
9.212593217172259166e-03
9.481740316312768299e-03
9.458912352273640689e-03
9.515752340745321433e-03
9.582079120282560245e-03
9.613271896216482593e-03
9.565027786104570579e-03
9.670835580517690364e-03
9.656767876128862296e-03
9.704986622848594396e-03
9.803803522975206367e-03
9.808273960692557789e-03
9.772714235737306465e-03
8.825679106727985293e-03
8.871263349045059241e-03
8.811254634612441725e-03
8.707127451294999904e-03
8.752723198339962957e-03
8.693862999134476660e-03
8.582195975292561049e-03
8.632191792289391208e-03
8.574069665967864323e-03
8.462660749095365920e-03
8.515150652915077015e-03
8.456393200032092869e-03
8.344018980002681357e-03
8.397943805964593403e-03
8.340727986671877051e-03
8.223998716671572506e-03
8.281379086883526586e-03
8.281452828141857084e-03
8.224579481027715147e-03
8.110472935413190129e-03
8.168677827399835334e-03
8.114123040142792731e-03
8.000738345229735718e-03
8.060145334302744671e-03
8.010050549646310566e-03
7.932078007555638799e-03
7.941427732494130490e-03
7.987489183284826946e-03
7.975937381862217845e-03
7.846107200076680652e-03
7.899119879630657828e-03
7.854294645056185062e-03
7.752701464954815831e-03
7.808348085539625408e-03
7.765855002469478074e-03
7.653798833072951620e-03
7.717261608810898829e-03
7.681858758002463490e-03
7.615694166958193040e-03
7.629290175874687586e-03
7.662939830363166803e-03
7.583442320718583769e-03
7.623854384424293834e-03
7.630814934099234247e-03
7.563445100043789462e-03
7.602826897378197821e-03
7.614912048614834103e-03
7.592131886872913009e-03
7.508240525477384054e-03
7.525113439237014756e-03
7.562192537780578448e-03
7.566284433752195129e-03
7.533256441858633343e-03
7.401563301412641266e-03
7.436909590142131571e-03
7.425318783309564109e-03
7.372213771713306829e-03
7.410563833620002240e-03
7.398438000127682823e-03
7.413436231352964374e-03
7.443629170515893290e-03
7.445272105654760289e-03
7.373681595650815983e-03
7.303743932966002758e-03
7.338283341609184648e-03
7.303229286078754927e-03
7.229479970549928212e-03
7.265909692839927873e-03
7.224144390268886703e-03
7.143872213782977328e-03
7.181860793859670689e-03
7.135424225515354241e-03
1.294571467629033155e-03
1.417848384392796654e-03
1.371143658548720345e-03
1.645839909958772031e-03
1.895449387148509654e-03
1.927769286926288034e-03
1.825121591771271387e-03
1.997969953927625740e-03
2.191683398322691496e-03
2.348459197234390502e-03
2.519184838238208279e-03
2.559146694951471793e-03
2.466672208852951041e-03
2.613687954413120972e-03
2.807751766895921156e-03
2.855857442969616990e-03
2.759425215797314725e-03
3.330499173647009318e-03
3.359660312296609136e-03
3.394947364094513809e-03
3.214539439578470176e-03
3.300700391180816633e-03
3.238616547228235099e-03
3.202213624036462456e-03
2.903726895194513272e-03
2.898029900462673492e-03
2.994442958937111945e-03
2.949265902523395821e-03
2.971388226189707309e-03
3.056661564922080916e-03
3.031472923950665442e-03
3.512833162306724846e-03
3.565123534368890620e-03
3.486895336608774546e-03
3.592650607874208618e-03
3.566013851481726095e-03
3.644890570928216184e-03
3.619564966304791853e-03
3.617157398749177091e-03
3.697374230346110908e-03
3.670764771832823754e-03
4.015213747815729595e-03
4.063212460053601191e-03
3.980246903676066920e-03
3.842350428049561527e-03
3.893650842314987526e-03
3.810675541023479402e-03
4.089401205028601188e-03
4.062291970295099468e-03
4.131287915378907202e-03
4.113270985178576339e-03
4.094388264806266345e-03
4.147558114492382562e-03
4.167054377887491161e-03
4.363547156254352077e-03
4.134844120496271314e-03
4.210455886918744277e-03
4.187564252535277802e-03
4.497374417967331048e-03
4.467740814848313383e-03
4.545786738352985100e-03
4.585994802487884658e-03
4.706220366066255108e-03
4.760776534583576608e-03
4.689039498666701562e-03
4.862805087464649664e-03
4.971250974668609685e-03
9.892928421485076493e-03
9.912025268861453589e-03
9.902691819363616810e-03
9.878938685708788664e-03
9.832069441827571629e-03
8.984082418799452588e-03
9.032609440255722974e-03
8.966119073369374637e-03
8.888271017234173829e-03
9.107080608745776046e-03
9.152047395685546788e-03
9.092926288594387410e-03
9.422764754320217540e-03
9.296948196025051417e-03
9.169358541417156616e-03
9.532930836037928346e-03
9.627596630077958975e-03
9.742580921916300929e-03
9.738610665641531453e-03
9.707536063700464291e-03
9.773799508362083013e-03
8.766712069870421370e-03
8.644983451428450358e-03
8.522657556085196442e-03
8.403534156533913266e-03
8.226531527772695807e-03
8.285420827187214496e-03
8.282912438246255171e-03
8.224692583128708975e-03
8.167327775069671905e-03
8.055655547925590423e-03
7.903549131557359789e-03
7.962343920791330534e-03
7.952073778323883249e-03
7.888931361957120594e-03
7.917517002365814793e-03
7.799340794730342391e-03
7.703132373119071785e-03
7.634409083618513142e-03
7.538521490285826979e-03
7.577083555590134745e-03
7.591375974094169941e-03
7.573746107586786826e-03
7.551111356286894193e-03
7.507099445131079282e-03
7.545009891423909605e-03
7.554306581383805029e-03
7.461760977700741988e-03
7.501384279170387158e-03
7.470769505530131145e-03
7.516761988297256808e-03
7.493213520665112891e-03
7.408777163977433265e-03
7.388850436412276734e-03
7.403989078093270275e-03
7.441570462382066445e-03
7.409820806802809579e-03
7.340468620946761190e-03
7.268710557672642715e-03
7.188551124736767411e-03
1.411888753814057431e-03
1.474331377829719934e-03
1.356031146262316875e-03
1.674033675875326744e-03
1.712682540060463240e-03
1.608552384283739234e-03
1.784438016929370402e-03
2.037357597274237070e-03
2.069235775703792430e-03
1.968346709836747699e-03
2.233809846317240475e-03
2.258255259483585471e-03
2.169271504621343803e-03
2.322480620072602669e-03
2.338801957693903942e-03
2.428727200020956278e-03
2.375190183784778742e-03
2.618929184152608402e-03
2.663932189233829493e-03
2.570224878558348761e-03
2.712946229456519691e-03
3.361125078662858742e-03
3.410508843667956706e-03
3.346152159218148455e-03
3.272480970308772486e-03
3.179228538603337366e-03
2.853877430845104708e-03
2.935593461821165307e-03
3.038528780657071514e-03
3.090627907974099857e-03
3.005744302939084272e-03
3.436562733624103517e-03
3.539829249220872651e-03
3.591892480722168844e-03
3.663226160828059966e-03
3.720685445728555245e-03
3.640393563421114899e-03
3.928020013219751631e-03
3.752016820819297892e-03
4.038680103257405452e-03
4.078114846143179699e-03
4.114129487390629815e-03
4.341127400738270005e-03
4.313260422956840742e-03
4.390617697639294728e-03
4.182550462746225176e-03
4.234670148751389952e-03
4.157862165220927234e-03
4.418609512096671049e-03
4.562258149920026505e-03
4.527756071059103014e-03
4.618947112665286805e-03
4.633983077881987690e-03
4.787809853958394958e-03
4.799286235402194095e-03
4.744803476373434317e-03
4.852383945611921275e-03
4.943270110999574592e-03
4.987785470570772241e-03
4.925130234783314971e-03
9.854457697068401759e-03
9.873895750041220692e-03
9.854872899203871717e-03
9.830676970845903667e-03
9.046081240379998112e-03
8.856310285074593322e-03
8.903112958866874274e-03
8.920705237221165582e-03
8.840142149651925019e-03
9.412940456802585190e-03
9.446994739347449807e-03
9.385921228963737054e-03
9.287955718118990137e-03
9.257371244607209837e-03
9.324211375548981454e-03
9.149758446204357340e-03
9.189947676239460655e-03
9.127043905906087606e-03
9.528433869527766845e-03
9.503593523991929123e-03
9.554731295927909249e-03
9.628141795566393796e-03
9.648679397708791530e-03
9.603360073949211359e-03
9.701367395229521656e-03
9.684304279894445644e-03
9.721929204286940476e-03
9.812571757056746252e-03
9.805544642609733894e-03
9.778515121642714775e-03
8.731448804187854490e-03
8.778614795507316826e-03
8.718442381250491105e-03
8.606337189337377735e-03
8.656850240379394129e-03
8.593489412108808179e-03
8.479323517606782504e-03
8.470223996109940007e-03
8.530918694253701584e-03
8.354465565780785224e-03
8.408784251256511133e-03
8.348512839276281058e-03
8.231922419454761747e-03
8.228523706249357347e-03
8.288254229598604125e-03
8.109774816444753967e-03
8.167260503736194222e-03
8.168268473350302761e-03
8.109582302346990054e-03
7.994263935224860812e-03
8.052795536440233992e-03
7.996989570338945696e-03
7.878931690981654315e-03
7.940351679332838253e-03
7.890763896498322050e-03
7.828745992349251184e-03
7.880871023174085277e-03
7.837165656481979992e-03
7.865893853887305151e-03
7.734449770259724070e-03
7.790883665462732845e-03
7.743357021703251367e-03
7.637804499093085210e-03
7.695950823034315193e-03
7.645526300302689544e-03
7.531283364463273525e-03
7.592837998317801540e-03
7.574042628066627800e-03
7.534712028742221977e-03
7.485951476227584514e-03
7.535588962381660656e-03
7.524477408818735710e-03
7.458661338904532152e-03
7.498403120390539391e-03
7.511963624592624990e-03
7.496910611866390746e-03
7.432697818688323993e-03
7.439219397685765782e-03
7.472891500404378259e-03
7.483080962953415384e-03
7.451433128700521956e-03
7.354412632312648697e-03
7.383862936493480571e-03
7.378944194258016051e-03
7.335357845457210133e-03
7.368529382215405557e-03
7.354950803644347973e-03
7.357625772026915069e-03
7.386253669451420256e-03
7.380723788196558860e-03
7.293659890590396648e-03
7.333359479085556180e-03
7.299647618631977496e-03
7.231128847396137496e-03
7.268068164465954668e-03
7.230819757285975556e-03
7.153604307845461835e-03
7.192565192552762519e-03
7.148907048769428951e-03
1.149067754322173228e-03
1.282276186335380664e-03
1.220572359657203605e-03
1.543043748002985742e-03
1.830750138705894772e-03
1.863134556551990489e-03
1.754545615114884742e-03
1.933738607128354268e-03
2.135406136065997294e-03
2.287914968264972374e-03
2.432445642827159651e-03
2.475834913457140331e-03
2.386884244711912767e-03
2.525315335311174858e-03
2.714922002702227152e-03
2.761354741884060847e-03
2.667975201904041610e-03
3.228211496752135014e-03
3.294375585713438248e-03
3.279186583575023715e-03
3.221960973888550808e-03
3.125962413338352619e-03
2.806067371178351706e-03
2.800837385399545642e-03
2.885749317504744237e-03
2.849417525030308648e-03
2.862108633678460759e-03
2.949747487360266686e-03
2.916797606003853054e-03
3.410358108742364558e-03
3.461457198129752003e-03
3.386138683029340894e-03
3.487729293402087091e-03
3.462521655307410420e-03
3.539347586485304745e-03
3.514080206590612394e-03
3.512544409188899167e-03
3.587376535305922612e-03
3.564610441108505366e-03
3.947285202715280356e-03
3.894562008730229497e-03
3.981154858522385764e-03
3.705225316260633058e-03
3.773269672848667509e-03
3.684299397270433384e-03
4.004430741980653796e-03
3.965142998477206790e-03
4.013454672047142395e-03
4.029240466317564329e-03
3.991355768872253441e-03
4.042533066136539885e-03
4.062402460740226033e-03
4.261035533575529069e-03
4.033308991673979250e-03
4.107075737795081935e-03
4.083735951616692360e-03
4.408430171097495187e-03
4.452584904634155662e-03
4.373093290686450377e-03
4.484661284427978595e-03
4.642753162238715849e-03
4.600872599296142867e-03
4.674545428837051375e-03
4.715047941512144278e-03
4.863767730040219860e-03
9.834046915792602275e-03
9.019599248865868557e-03
9.063262654796308201e-03
9.000604542252758911e-03
8.890827590186773169e-03
8.937396792371234827e-03
8.872488264694947807e-03
8.794260260136533766e-03
9.471825162066479717e-03
9.351589570623691089e-03
9.219511463609057073e-03
9.085234943808084829e-03
9.579359020690901214e-03
9.665621101986980601e-03
9.765304253745525284e-03
9.751069204609878749e-03
9.733235066647933503e-03
9.789654949978521259e-03
8.669206515562959126e-03
8.543128444008942987e-03
8.417128575032838469e-03
8.293375595338154174e-03
8.111551598048889755e-03
8.169371118490453484e-03
8.171883722117261398e-03
8.109974268949221229e-03
8.052111120135395372e-03
7.936673355690173487e-03
7.782483827511274543e-03
7.830577493090039309e-03
7.843573416471601514e-03
7.781514055361673371e-03
7.805256172509985463e-03
7.686082200696889126e-03
7.542645997456061922e-03
7.598974079851180882e-03
7.590246370401147399e-03
7.536554512201772311e-03
7.429653984285384573e-03
7.480483817491208852e-03
7.484933491340482227e-03
7.472478446553287683e-03
7.444098657021028416e-03
7.412941019928585840e-03
7.449172921370806472e-03
7.460985007490328509e-03
7.377063506003792362e-03
7.420417296959981243e-03
7.391683678995676979e-03
7.426621062301454364e-03
7.407839199298446066e-03
7.346344156239003817e-03
7.356913495993847203e-03
7.316900760631932753e-03
7.317198072132346555e-03
7.361503933947468117e-03
7.338731683360616605e-03
7.264862023289981457e-03
7.194682354521435633e-03
1.224512014517434863e-03
1.188567692979658648e-03
1.316861305566213725e-03
1.615182881907114123e-03
1.644641164553003673e-03
1.516886525274483040e-03
1.722591847570472453e-03
1.959621339765565875e-03
1.897215074100451091e-03
1.998562629468565548e-03
2.150267679832503203e-03
2.095607299998426907e-03
2.192047411673177237e-03
2.244278447547298858e-03
2.248910326909618531e-03
2.340297699328554130e-03
2.293858636141869831e-03
2.529407598087470184e-03
2.574212310695731497e-03
2.482088718950070834e-03
2.621727930962782036e-03
3.260407961679789510e-03
3.310633580008981707e-03
3.244731817317473947e-03
3.085672621761679710e-03
3.156616892652119432e-03
3.149870872494875320e-03
3.062599416626812527e-03
2.758793832205432874e-03
2.832602044812839240e-03
2.963028275174589207e-03
2.912909150999885323e-03
3.000795549532320802e-03
3.334967049542351437e-03
3.436784779483398420e-03
3.487776722708791407e-03
3.558391667443527254e-03
3.535603997112600830e-03
3.610521620968568015e-03
3.844980625703512019e-03
3.895851146468733497e-03
3.843696272564010603e-03
3.631276869526439688e-03
3.774584006378406582e-03
3.956131979552285523e-03
3.977931386151605138e-03
4.011761428396071194e-03
4.249144708203251089e-03
4.294878436625151202e-03
4.214669053852968840e-03
4.082111997214063308e-03
4.056807253469800652e-03
4.132054231214510667e-03
4.327804888416261764e-03
4.502587030267202542e-03
4.452269834606376216e-03
4.531930329111105542e-03
4.573133918068983741e-03
4.673383091178631189e-03
4.731993321681787421e-03
4.656269962706849341e-03
4.850299480257464629e-03
4.898640099860074315e-03
4.814600221264696278e-03
8.955704198127995008e-03
8.759975637906336834e-03
8.825831787677708776e-03
8.808172895118015697e-03
8.744692622750729546e-03
9.467761804248643262e-03
9.438914942817186807e-03
9.497949403308727015e-03
9.369072757797018702e-03
9.327679210118311817e-03
9.390549169894561732e-03
9.194439413094583277e-03
9.241596335846450835e-03
9.170680542717000311e-03
9.065662353112203045e-03
9.107706559973517343e-03
9.041203801835900888e-03
9.583800472259670564e-03
9.554091552651971728e-03
9.605491598133135758e-03
9.711456880248185361e-03
9.703849602686588638e-03
9.666364332032410453e-03
9.739235409800119786e-03
8.631624546685005492e-03
8.681625650669844499e-03
8.618012361150683559e-03
8.501542558200151853e-03
8.554080266034090954e-03
8.489533336968243735e-03
8.371900218625162940e-03
8.425799746899475737e-03
8.362316366680267593e-03
8.243822763878390705e-03
8.237028999972424714e-03
8.299376286597947433e-03
8.118342804062548060e-03
8.175405405211172080e-03
8.114135342980804966e-03
7.993357638172745097e-03
8.052550612517504064e-03
8.051939380368758337e-03
7.993161361875359902e-03
7.874558823135171387e-03
7.934836697325062943e-03
7.876097867144363565e-03
7.742049103191296633e-03
7.811126595504823238e-03
7.761783562333465780e-03
7.705428854857275522e-03
7.719597010192790973e-03
7.767718063877553265e-03
7.743715626583944425e-03
7.618324526113827086e-03
7.676996036961600614e-03
7.627703371630335447e-03
7.517290960871650732e-03
7.578247420484566198e-03
7.529701219631224421e-03
7.421111665042658297e-03
7.482030691192318415e-03
7.476931916899459164e-03
7.425039890342961281e-03
7.382478015408893389e-03
7.420311087594036806e-03
7.435169364739673513e-03
7.349666046851025154e-03
7.389433947472352250e-03
7.405054173727652379e-03
7.397956141670203149e-03
7.346793695940934989e-03
7.346510643447779973e-03
7.379395706037536994e-03
7.393878818346551543e-03
7.362551503174223806e-03
7.292893541879051991e-03
7.323585798760167027e-03
7.315330119494369357e-03
7.302528995992188000e-03
7.330031828588638547e-03
7.329810083825416198e-03
7.268048415111699398e-03
7.301876196325060922e-03
7.282054340110097682e-03
7.310466497997269129e-03
7.223144519673858552e-03
7.258904156072392040e-03
7.227890346801351361e-03
7.156205840062311932e-03
7.194576006410047242e-03
7.155061501764870859e-03
1.013659298914007783e-03
1.119930892831876674e-03
1.080122299372523065e-03
1.409937641007525050e-03
1.411872832320223590e-03
1.318864489831970011e-03
1.512054397771251790e-03
1.769581281759921706e-03
1.800366627047856206e-03
1.694706780952108570e-03
1.864270664763422597e-03
2.054607013489951738e-03
2.201093661721243658e-03
2.347338536990927448e-03
2.389943718383741658e-03
2.299291600879342125e-03
2.437999608711315450e-03
2.618373454863111814e-03
2.574823120263213840e-03
2.666629642489663256e-03
3.119181127704536132e-03
3.189448721230670348e-03
3.173520326440494848e-03
3.102887688788814533e-03
3.024128508489297169e-03
2.709171289301721269e-03
2.694611518087637863e-03
2.747640445173058551e-03
2.778173773869817720e-03
2.856278861834988646e-03
2.859748285474561155e-03
2.909397373728281593e-03
3.310449368222374497e-03
3.360237501567128401e-03
3.285770347442478791e-03
3.386045257944361470e-03
3.363477441698777947e-03
3.412801347919832730e-03
3.437551533239794396e-03
3.416466741648672544e-03
3.464284132556440850e-03
3.486981562978504201e-03
3.904612888332947146e-03
3.601902615911314279e-03
3.580158129212295329e-03
3.653245556353444494e-03
3.740657963012239927e-03
3.722872352874891967e-03
3.792483361664313653e-03
3.856913906887544669e-03
3.910661301887040711e-03
3.923523002236275342e-03
3.891512949767922912e-03
3.941108792659095070e-03
3.961645339908130906e-03
4.164602941613360955e-03
3.934143856052044544e-03
4.007150787131139903e-03
3.983449148295932843e-03
4.326843281285555100e-03
4.367513878328690979e-03
4.286076384104493646e-03
4.413067254926283760e-03
4.584977494724817165e-03
4.759573906748993180e-03
8.933985949714578004e-03
8.976732751890361892e-03
8.911116340589581020e-03
8.800072735378526231e-03
8.845448030688372529e-03
8.778838361780493330e-03
8.696132461135958058e-03
9.526761886678064215e-03
9.419053091064652494e-03
9.291641656601363347e-03
9.288508161998583826e-03
9.330851567021890627e-03
9.130621448852883904e-03
9.243178933704800440e-03
9.000306116919253377e-03
9.648819280285179933e-03
8.566885535724115888e-03
8.436984833432602249e-03
8.308079400638476719e-03
8.181253953301763360e-03
7.991740237833199964e-03
8.055203452855767138e-03
8.051987887052332662e-03
7.991738404553583308e-03
7.934068743478975283e-03
7.808371536948298906e-03
7.677885122212915747e-03
7.730580776104490487e-03
7.709530336319308369e-03
7.661767071413776685e-03
7.691302903776689459e-03
7.567783630498599312e-03
7.420637343424840542e-03
7.469029685494641378e-03
7.482392877097131939e-03
7.420376911432561597e-03
7.317460343804885192e-03
7.374330957057204441e-03
7.369241004533760853e-03
7.366056820586050664e-03
7.333343220640570030e-03
7.312395048627654166e-03
7.347136267585216776e-03
7.363667220114074492e-03
7.290342163022772368e-03
7.334787965408523687e-03
7.304774104215837338e-03
7.329811104699994646e-03
7.318094911261909495e-03
7.282479837731649364e-03
7.299050375589087244e-03
7.248283376891526998e-03
7.240021324247882147e-03
7.278427711919385062e-03
7.272740298445232697e-03
7.192468703808671537e-03
1.104062224774092190e-03
1.163351560484584277e-03
1.060794701165877199e-03
1.269235415008434153e-03
1.248112925042670724e-03
1.338926274725400680e-03
1.576859314181506015e-03
1.596505439668834993e-03
1.495908008548894452e-03
1.672744992353703648e-03
1.889395582808305616e-03
1.831253998812902095e-03
1.924650708360951682e-03
2.071845922972939940e-03
2.111166891301780035e-03
2.017377103803534664e-03
2.160057128008147868e-03
2.169186764476252298e-03
2.257841261608835304e-03
2.209152930961606233e-03
2.440787914990931364e-03
2.395083166198488673e-03
2.485110776418248280e-03
2.529184445962145544e-03
3.158871655572368688e-03
3.209468952687464550e-03
3.139377915578021004e-03
2.956949135577829728e-03
3.021013669186478276e-03
3.037633205212057069e-03
2.960386600357749372e-03
2.657346255122235937e-03
2.736080105689668498e-03
2.716192097404544585e-03
2.798817978280349842e-03
2.796072676874575193e-03
2.906805872061371185e-03
3.234242052473824784e-03
3.337250866713800061e-03
3.390147298286601621e-03
3.461082843621367949e-03
3.509480619043279896e-03
3.438853693778908850e-03
3.850740474770535885e-03
3.531005412685048282e-03
3.670751555821314630e-03
3.798316469885793401e-03
3.873835149521108120e-03
3.912229481559025869e-03
4.166462563287419429e-03
4.123047266365421383e-03
4.207703081664234540e-03
3.994794775375206178e-03
4.038319301450672000e-03
3.963446235025993268e-03
4.245252328313611247e-03
4.394692979157159389e-03
4.358302711738758738e-03
4.449286682985107919e-03
4.563166414325917769e-03
4.529552627884105877e-03
4.619458634017405314e-03
4.750632659686403886e-03
4.802318635203963945e-03
4.708141110175456320e-03
8.867457668495360226e-03
8.665320557491001940e-03
8.733066469884486621e-03
8.712695076577577080e-03
8.647346120662053465e-03
9.528735672386190111e-03
9.556404533731670953e-03
9.496252375979239227e-03
9.391795376231802314e-03
9.430037709395900150e-03
9.378947979586058428e-03
9.340783975517102933e-03
9.123814737694297197e-03
9.093078199574137696e-03
9.158999120529772928e-03
9.256495387401451197e-03
9.273652462080252817e-03
9.223530076060200422e-03
8.987095234035758287e-03
8.959043515434236826e-03
9.026334214082410226e-03
9.650356708331076644e-03
9.681840023740064319e-03
9.614642468829696920e-03
8.530552964710643241e-03
8.581192907689031216e-03
8.514981250428271461e-03
8.396455062209007628e-03
8.449146535661925667e-03
8.383172860861846584e-03
8.262698756197001462e-03
8.252297749915274427e-03
8.317493006699570174e-03
8.129040536904542230e-03
8.186672614634207118e-03
8.122740755664006884e-03
7.996751232269616594e-03
8.057847184124009368e-03
7.993316163819024628e-03
7.873891304507982247e-03
7.932869650010923937e-03
7.933988388495127886e-03
7.873483792018397612e-03
7.755727614047285695e-03
7.815529239721057120e-03
7.747977054854473904e-03
7.595827309799641110e-03
7.669501173483160572e-03
7.636964770508163775e-03
7.597332034263225113e-03
7.651829812912431562e-03
7.607345927360616850e-03
7.637564516027257715e-03
7.499141738360168112e-03
7.559307675144643669e-03
7.507672475678020367e-03
7.395200459436565392e-03
7.456870248967433466e-03
7.407475641002244510e-03
7.300367050392204613e-03
7.360570004471944823e-03
7.361494481308890857e-03
7.308464759091714592e-03
7.274275213308882895e-03
7.311708992766338851e-03
7.329334308174040823e-03
7.234782936044867850e-03
7.275931888236620779e-03
7.293091532423746394e-03
7.293392029266297823e-03
7.230490777493573870e-03
7.275450636838461452e-03
7.260127858595071676e-03
7.251223080635577425e-03
7.281449702379818971e-03
7.299890996342527430e-03
7.271319001859980966e-03
7.228933166364546158e-03
7.260807331333215403e-03
7.249877443265598763e-03
7.239617300981828277e-03
7.270880046714491181e-03
7.267740927657299031e-03
7.202869783785383583e-03
7.235684146724334978e-03
7.214006122453684583e-03
7.235788174379832564e-03
7.240825795262441182e-03
7.150979717844127038e-03
7.187684716845439518e-03
7.153891198487693191e-03
8.882263806761634328e-04
9.967105963752864381e-04
9.497213112318491539e-04
1.187155259014888598e-03
1.392861476055531813e-03
1.402154753435416778e-03
1.332614049472509400e-03
1.484296198351412084e-03
1.707781190569846374e-03
1.738915401427815850e-03
1.644188791110598241e-03
1.798164850021608755e-03
1.980281180541789820e-03
2.121856676301337070e-03
2.266321122342036636e-03
2.306938690741558700e-03
2.218834431724807203e-03
2.353133387843558359e-03
2.525871177092582198e-03
2.572135166483040594e-03
2.484245380357961649e-03
3.014062624406015686e-03
3.086077491323269400e-03
3.066471069446076361e-03
2.985963041490967678e-03
2.609866079048591640e-03
2.587774027412882878e-03
2.641118199406848697e-03
2.661699231724310322e-03
2.794456945661252280e-03
2.825471954508440142e-03
2.765970450897429610e-03
2.875177792449321902e-03
3.212218373541052014e-03
3.185851741341387544e-03
3.261160081931008346e-03
3.287413532034836206e-03
3.265604412809537931e-03
3.340570397750874075e-03
3.314336606530056406e-03
3.323293196227612885e-03
3.391772053498249163e-03
3.369674824481951915e-03
3.503145427410770014e-03
3.482086061239467178e-03
3.552245764542642185e-03
3.636424319206878891e-03
3.619055857920986784e-03
3.688206303564173227e-03
3.755164511859825430e-03
3.805713879307168809e-03
3.747632675022611031e-03
3.822674668066375955e-03
3.795302603227765879e-03
3.843145745220936677e-03
3.863911347890141429e-03
4.079535199152775453e-03
3.837397621302501404e-03
3.914843151565983170e-03
3.885605097046505689e-03
4.253510329839716581e-03
4.207886326312177024e-03
4.290301190397946378e-03
4.476493933242687781e-03
4.322471309024283198e-03
4.653574078376414465e-03
8.848677568053919112e-03
8.891323207268769444e-03
8.822983157003336935e-03
8.708718727022465508e-03
8.754429771178882241e-03
8.685717713616872976e-03
8.598253572262154476e-03
9.590368923117464570e-03
9.461393378127257170e-03
9.325309476860896632e-03
9.055924008643535458e-03
9.190648606718320596e-03
8.918316606258401905e-03
8.463773202346777311e-03
8.329816012544467504e-03
8.196094364503116181e-03
8.063085878615757623e-03
7.843212198400718177e-03
7.918055177945278536e-03
7.920249669560333258e-03
7.857753430544969775e-03
7.814883129901776734e-03
7.653659583287942408e-03
7.697937037393477386e-03
7.704724505166356263e-03
7.624219260001261628e-03
7.595794050363925166e-03
7.548232071325596676e-03
7.447203526138707584e-03
7.289327487707385721e-03
7.342253523358818063e-03
7.355736530688045463e-03
7.294288318835634444e-03
7.191231773060409276e-03
7.255196116620163393e-03
7.245773265360351371e-03
7.254345825080666700e-03
7.212713619716174147e-03
7.203851279208861591e-03
7.238731707677072309e-03
7.259158161006609884e-03
7.212310705578412959e-03
7.221617988207080889e-03
7.252162752470705902e-03
7.227754375584620992e-03
7.231427216705088243e-03
7.235977079476724888e-03
7.218595460736988018e-03
7.180042780249270770e-03
7.161537098899204735e-03
7.195803976637276875e-03
7.202347096669729082e-03
7.174157117204702123e-03
7.206776735226415147e-03
7.208541196701432653e-03
9.948229839054491090e-04
9.430440569196808613e-04
1.048722671443513615e-03
1.187201713701730886e-03
1.227792673974384668e-03
1.147701672927752903e-03
1.289584694020087362e-03
1.526316503268528848e-03
1.551929419710661043e-03
1.461475954921495016e-03
1.616529196014501301e-03
1.821317980076977289e-03
1.855576093365945240e-03
1.766148829211286811e-03
1.994820713531525978e-03
2.033451993604263458e-03
1.943603902040200691e-03
2.081639911390627175e-03
2.091038667846953445e-03
2.178231226486344960e-03
2.130251694085477567e-03
2.348843668992544285e-03
2.394871994600026709e-03
2.308545245789252187e-03
2.436905259297912629e-03
3.066725723484653009e-03
3.112679797132990398e-03
3.040663266206162455e-03
2.850440007668665707e-03
2.931706725735728093e-03
2.903732932751867512e-03
2.557622480490859621e-03
2.639524913115935591e-03
2.687778206022075744e-03
2.614425987461565289e-03
2.716691506936077995e-03
2.822937240539244094e-03
3.139096728984706441e-03
3.239134014593695893e-03
3.294564079914337126e-03
3.366628069061215062e-03
3.413636880681690609e-03
3.345003423150033715e-03
3.569293187611614036e-03
3.434434906819302906e-03
3.695274271253047062e-03
3.774841591108494317e-03
3.815800878864099386e-03
4.106253530842402834e-03
4.136330792284722765e-03
4.048793523427682457e-03
3.880596853643134524e-03
3.858356084875533970e-03
3.937645340475619087e-03
4.178686427447455935e-03
4.455126945968611828e-03
4.510452174583247896e-03
4.422837082901510085e-03
4.326707722303737604e-03
4.288199961216873808e-03
4.361168508715017496e-03
4.643962992135950395e-03
4.699270339193489451e-03
4.600378447782862458e-03
8.779073665450044112e-03
8.567927075842984158e-03
8.638652939921737800e-03
8.616703330432524954e-03
8.548010278100457576e-03
9.581403619362102025e-03
9.616876372735965253e-03
9.553284728121641534e-03
9.472252456404914311e-03
9.430602204040634817e-03
9.500837534412264265e-03
9.358926627696148581e-03
9.374363173328849677e-03
9.305281399789698191e-03
9.051386681156585803e-03
9.017633186074978935e-03
9.087653650390324286e-03
9.196983572069494794e-03
9.158409856695491624e-03
9.226641337981093469e-03
8.908529658149534972e-03
8.877049065071579773e-03
8.947827918257243024e-03
8.427754041012338465e-03
8.410941574792654349e-03
8.479278067229867322e-03
8.290233760147881423e-03
8.275385804204527310e-03
8.343505916070755035e-03
8.151262418635006265e-03
8.139110155227247470e-03
8.207174715902766995e-03
8.011484103255830241e-03
8.070493390499779846e-03
8.003071438041825525e-03
7.871318925949546616e-03
7.934291376957145620e-03
7.856028831175348309e-03
7.758848764197344774e-03
7.816761784927569318e-03
7.800592600246749296e-03
7.756815493071602015e-03
7.652296257308528055e-03
7.652371825926502363e-03
7.704283237004692919e-03
7.533303314044697239e-03
7.593929665810566533e-03
7.563976847105903685e-03
7.486330157164308718e-03
7.541003293065544170e-03
7.542239825895558601e-03
7.492137883360544710e-03
7.375539823242176218e-03
7.437866967033177935e-03
7.384736541402417941e-03
7.266069819587677239e-03
7.331223687392598998e-03
7.276973603145140551e-03
7.156612667410553602e-03
7.223132439928437593e-03
7.229410404704426571e-03
7.173428327921437322e-03
7.159221223046155665e-03
7.217673702215359616e-03
7.196739814802934933e-03
7.104417834213279208e-03
7.147762096758382769e-03
7.170548456587788957e-03
7.181376573009290790e-03
7.146941325628652052e-03
7.179602959216916172e-03
7.190024217360150433e-03
7.140197939195343929e-03
7.196706687790926406e-03
7.171372016746556909e-03
7.177055078864283920e-03
7.177741606982800462e-03
7.208315633636948327e-03
7.204880000567670355e-03
7.169409819600658026e-03
7.198987423372174566e-03
7.187427617120312022e-03
7.136990120171742523e-03
7.170118934237629596e-03
7.144440720292827285e-03
7.168456218035166444e-03
7.154293450442755949e-03
7.177294312830167014e-03
7.726316609737693929e-04
8.832179280727612712e-04
8.292227639989462572e-04
1.092495332333047551e-03
1.348380064629545573e-03
1.371007666254358799e-03
1.270482851450246758e-03
1.436731418049458234e-03
1.646859974581137446e-03
1.677609720826460414e-03
1.588257289965474411e-03
1.733617704063186238e-03
1.907667218186961814e-03
2.044182860900282343e-03
2.180841097532253744e-03
2.223705697264911040e-03
2.136979328222511024e-03
2.264417725557968213e-03
2.424264406399825010e-03
2.475063839896390720e-03
2.387394983839449293e-03
2.945197666050290101e-03
2.979649021361475535e-03
3.005690752243516707e-03
2.897917772701937445e-03
2.505638882367699008e-03
2.484503930671011062e-03
2.561703298307031230e-03
2.536133100785041214e-03
2.690625672796317664e-03
2.742437397198529622e-03
2.665637341233282297e-03
2.770173124379564714e-03
3.114728909574654946e-03
3.090993337877220772e-03
3.163310569549496448e-03
3.189738788973949229e-03
3.167238823513401740e-03
3.244778251377902680e-03
3.216235948722953944e-03
3.223503546170939163e-03
3.273196188102679618e-03
3.294628048129975666e-03
3.536401726405837172e-03
3.586145822312595838e-03
3.519645682809032037e-03
3.406959898419614514e-03
3.386751904159060033e-03
3.454840401267414516e-03
3.663881193429087760e-03
3.649854447351453743e-03
3.709296992375444354e-03
3.728942766804100098e-03
3.701090716767163613e-03
3.748027684629934905e-03
3.768402052380803377e-03
3.991784290311501358e-03
3.993015396642153082e-03
4.048466332937709217e-03
3.742016821302919256e-03
3.810272702676275637e-03
3.789669347121936080e-03
3.935555860223810890e-03
4.193469121661934883e-03
4.223794408195650357e-03
4.148051525396256704e-03
4.545900676606999882e-03
4.388887400467287106e-03
4.258792270178689277e-03
8.764063494537743110e-03
8.734901972645595786e-03
8.806390950332514816e-03
8.616509947159378333e-03
8.590823370880259699e-03
8.662678437093295630e-03
8.498118227814720899e-03
9.527135490662683170e-03
9.416868575952369244e-03
9.278626442508293784e-03
9.124526534250396517e-03
8.980410393592330037e-03
8.836676310047380037e-03
8.359207715375831932e-03
8.220982202295282898e-03
8.081610596137467004e-03
7.941651947844427170e-03
7.725546409425902705e-03
7.784433319818538297e-03
7.798746227489200718e-03
7.670522665344644761e-03
7.757619115975430100e-03
7.714711333432529815e-03
7.705721701696807008e-03
7.592724444988788353e-03
7.479877952708085392e-03
7.538288554286163602e-03
7.506017953391020021e-03
7.482613144232748079e-03
7.431035982378608913e-03
7.320870150851539748e-03
7.146653023772137243e-03
7.218710048054494122e-03
7.206472703242395965e-03
7.150715717197358989e-03
7.059280287382881623e-03
7.108008253642190445e-03
7.126009106845313835e-03
7.131474666556362682e-03
7.081296725107661359e-03
7.085728799479449995e-03
7.122141495487082155e-03
7.145828461344144213e-03
7.143061792828978712e-03
7.112768668421835458e-03
7.175946127698341372e-03
7.156602072816210282e-03
7.092073723998944083e-03
7.134920814252859039e-03
7.126409185673794264e-03
7.070829231128320305e-03
7.108656668871435325e-03
7.117690996541117289e-03
7.111505534522404373e-03
7.146408394101017372e-03
7.142166091450416823e-03
1.005509389771832999e-03
1.000910069228686623e-03
8.922240786178974037e-04
1.095292289061151848e-03
1.165978247879963757e-03
1.256453889814857254e-03
1.177444344092361738e-03
1.472607275055594746e-03
1.499828613082902296e-03
1.412221449110958238e-03
1.559160036141434219e-03
1.752405570429901513e-03
1.787110035228026833e-03
1.701066260180963139e-03
1.920948670195946712e-03
1.958084770797815892e-03
1.872497549291000799e-03
2.005575444783902744e-03
2.010308748148649082e-03
2.095131430500050181e-03
2.050831487246516493e-03
2.257881789639991626e-03
2.303480188139909578e-03
2.220284999216530150e-03
2.340637164328185187e-03
2.972618584537838060e-03
3.019557249192083605e-03
2.959129633830309865e-03
2.822892291141257826e-03
2.883778776033225130e-03
2.837147592366772754e-03
2.455137840288453433e-03
2.543027464417152092e-03
2.591282623736902713e-03
2.514433336115997394e-03
2.616514178550209246e-03
2.721534411926461103e-03
2.706425959596670937e-03
2.785706097690256698e-03
3.043331893801914240e-03
3.141155201873858851e-03
3.195449341730265558e-03
3.273676966722607017e-03
3.319993833698138119e-03
3.248599019003597325e-03
3.471211609898656840e-03
3.599566653567947382e-03
3.339894727845951847e-03
3.682153547881632499e-03
3.721126757617706365e-03
4.051282747723951999e-03
4.078978182605241289e-03
4.020676866740756361e-03
3.774411260553812552e-03
3.827720210796147632e-03
3.757884282615495640e-03
3.919404094942182185e-03
3.955805269992815169e-03
3.899540333270438974e-03
4.121105887178808623e-03
4.530596453434592406e-03
4.589200693425133162e-03
4.491000656431830100e-03
4.308865997179437378e-03
4.382564229974249097e-03
4.318139270742787916e-03
4.248115327650469480e-03
8.690616452033237196e-03
8.468596278995285317e-03
8.518370128283903400e-03
8.542842126791834120e-03
8.446852543933505361e-03
9.504180942380967625e-03
9.543830739266854005e-03
9.486805635654196878e-03
9.430858980841595740e-03
9.275911858326409479e-03
9.234354427956510680e-03
9.318082572275270675e-03
9.120294664518279956e-03
9.084262921482644595e-03
9.159020038539347416e-03
8.976798130495022149e-03
9.014200550256104560e-03
8.941042612967698908e-03
8.832951544421719856e-03
8.870732722956962621e-03
8.796821108916493687e-03
8.321999859822001855e-03
8.375029376131777614e-03
8.304852570589379285e-03
8.181671656353358552e-03
8.165362937623770953e-03
8.236136309564082505e-03
8.038373248706652194e-03
8.023818150759197063e-03
8.094995418509892335e-03
7.892900034588054212e-03
7.952387793851120254e-03
7.881040669936733439e-03
7.739725332129376335e-03
7.805774822421901113e-03
7.731592269177435355e-03
7.697245049595145827e-03
7.660623887243826237e-03
7.536615328190829528e-03
7.594718138552706936e-03
7.533820201620091382e-03
7.388377949423426821e-03
7.461316546029952979e-03
7.434213375679484329e-03
7.375471074655842035e-03
7.427838026465010714e-03
7.431238410964960579e-03
7.374825220072756676e-03
7.248936698236605781e-03
7.312677584974579259e-03
7.256715305655393744e-03
7.130185756663134748e-03
7.198635053051277884e-03
7.137556908075958807e-03
7.026616094263228585e-03
7.086741941773624931e-03
7.092144959230450157e-03
7.042207234374206655e-03
7.028882494462732229e-03
7.066388397301618524e-03
7.095030697609461083e-03
6.955448775465735388e-03
7.030879061416337589e-03
7.007461859101640940e-03
7.056904547786401437e-03
7.049642774448486304e-03
7.099496188310568806e-03
7.094726881370674344e-03
7.015693027776515392e-03
7.079240425327465620e-03
7.050261652445301286e-03
7.122896816161722496e-03
7.147692277368933138e-03
7.149650475802820336e-03
7.113267573131499232e-03
7.140878888346345078e-03
7.125976672711070020e-03
7.102604301232883464e-03
7.081482907719318168e-03
7.059853766539043660e-03
7.119161254462866295e-03
8.527706385239574314e-04
8.154925163593886419e-04
9.279829059656143162e-04
1.087932191171999893e-03
1.301391172738062402e-03
1.325307876686708216e-03
1.235575357786641067e-03
1.386345367968590259e-03
1.583357989482496019e-03
1.615437435014218173e-03
1.529498569162049968e-03
1.667347500468027927e-03
1.836239791028199467e-03
1.966754015328558980e-03
2.091243862634384505e-03
2.136166501235331992e-03
2.051751529755182525e-03
2.174140282975392437e-03
2.325815619103548983e-03
2.375122057661903808e-03
2.292632436641743772e-03
2.897413866704458361e-03
2.772255414552286974e-03
2.404772449245354358e-03
2.390234897289324634e-03
2.466303909866986426e-03
2.437439260723956759e-03
2.592776918115747686e-03
2.641690346217811288e-03
2.568396293025686748e-03
2.656885816065442975e-03
3.015753385061093177e-03
2.994419490075584615e-03
3.065101496056850307e-03
3.091079579339175206e-03
3.053721926679183168e-03
3.110286736311064504e-03
3.138057552521169094e-03
3.137380019262413222e-03
3.205142801621532408e-03
3.180344265067450507e-03
3.440858796947698136e-03
3.423812164525532557e-03
3.488474776487138565e-03
3.572136245524438081e-03
3.617851993588726972e-03
3.554047217951625780e-03
3.311489773764459549e-03
3.292561037253783664e-03
3.359100054413003897e-03
3.635940826093765274e-03
3.607693687252296662e-03
3.654329310421383040e-03
3.673998425590377544e-03
3.984414862707444903e-03
3.642450049777814017e-03
3.707335442488898791e-03
3.692286776448106683e-03
3.845950527365007456e-03
4.121911203182324068e-03
4.158349033511807465e-03
4.085408314681464488e-03
4.413778333260759412e-03
4.212443541866138508e-03
8.678614374566026926e-03
8.721393962042496908e-03
8.645978252254783378e-03
8.522664946290729043e-03
8.494145406973522411e-03
8.569682073059569152e-03
8.395534154522535028e-03
9.418383363706676545e-03
9.462348131876741064e-03
9.385944588800458274e-03
9.346795917955685179e-03
9.198115068528333813e-03
9.049031273773499445e-03
8.905275875577980602e-03
8.756099252332555719e-03
8.251965225510839164e-03
8.110271525044385199e-03
7.965881827887438468e-03
7.816646550482881511e-03
7.584175471146378279e-03
7.662308262531233351e-03
7.655152142049160766e-03
7.557186207458448449e-03
7.641892022749983276e-03
7.614024774613215203e-03
7.603798823724795125e-03
7.408726807942501123e-03
7.472854647709815598e-03
7.471165592153878113e-03
7.397690424644190639e-03
7.381219682985362338e-03
7.312448583233347073e-03
7.189678852889411567e-03
7.012683923528567446e-03
7.080102271707543193e-03
7.071561110963128088e-03
7.018653256706603588e-03
6.917712311258985072e-03
6.972270145288665677e-03
6.989119010184227827e-03
6.991530724327515642e-03
6.935838360708901709e-03
6.961876099693296675e-03
6.994956240272230154e-03
7.024723395860880612e-03
7.032227688904216928e-03
6.988305473189591888e-03
7.121295721042569110e-03
7.030724026595329586e-03
7.060484719392428124e-03
7.073063136474009270e-03
6.996580278458904879e-03
7.046034100141965531e-03
7.033241072297419759e-03
6.970855133086124346e-03
7.022072310951202150e-03
7.009877172002403067e-03
7.061460648702727258e-03
7.085257866253878711e-03
7.093988018704587215e-03
6.666099417533946419e-04
7.610418046805972813e-04
7.184478750105675708e-04
1.007885077671236444e-03
1.007446351176481941e-03
9.313038682407744941e-04
1.086436688433142610e-03
1.099548206682673468e-03
1.199437472386588859e-03
1.132862912755319782e-03
1.416243181501344959e-03
1.444844439135685530e-03
1.360434190022958732e-03
1.499184246724456814e-03
1.682898763923495154e-03
1.717949077242237645e-03
1.634405140223743440e-03
1.845577518738741787e-03
1.883479005919820159e-03
1.800221917493293215e-03
1.927505497553047304e-03
1.929214159160802002e-03
2.009806765616626353e-03
1.969956241318369938e-03
2.166252337356417128e-03
2.129578314258973471e-03
2.212177024370236798e-03
2.245651536750254036e-03
2.877708987347302530e-03
2.925078121768224636e-03
2.850586713268634699e-03
2.650885110573292670e-03
2.736366814838553894e-03
2.686399630767851918e-03
2.358658082410411850e-03
2.447351524217867419e-03
2.419348994733034643e-03
2.495222914006086160e-03
2.519759484061875540e-03
2.622257189809154738e-03
2.946423020025572877e-03
3.034905119120297028e-03
3.095511243082983439e-03
3.182414385816359059e-03
3.227968213091839209e-03
3.159922818737823970e-03
3.375714856821153236e-03
3.505919048863498887e-03
3.246562190346611882e-03
3.589664210479110926e-03
3.624858890970729820e-03
3.972531199474882424e-03
4.012408031451223864e-03
3.945371579104312715e-03
3.655344800791844335e-03
3.648942313976501987e-03
3.714741616331289093e-03
3.854205021415917955e-03
3.887159625660099090e-03
3.813578536545868692e-03
4.045644245729018013e-03
4.412202085304375160e-03
4.473051271642574343e-03
4.357967220242659097e-03
4.205939264253387086e-03
4.259076274310736980e-03
4.162479364472925977e-03
8.600917914178725365e-03
8.370908796683743103e-03
8.419897369512220273e-03
8.446916505788886961e-03
8.345159846074437504e-03
9.323818564786924903e-03
9.372192522275533261e-03
9.298007775724701982e-03
9.172123620479585154e-03
9.225020318312193018e-03
9.144475043163251618e-03
9.041690189974490796e-03
9.007925055111784887e-03
9.081369953472525486e-03
8.913651841372684931e-03
8.945041233038089623e-03
8.871194481378789909e-03
8.748612334433568741e-03
8.790952230726635161e-03
8.711962608679041375e-03
8.221155896160136506e-03
8.200136832171208909e-03
8.271730648310340883e-03
8.074803594661571909e-03
8.128357598799398204e-03
8.055405295313905131e-03
7.924952230490191901e-03
7.907760977570402888e-03
7.981809448227874387e-03
7.770950077062313555e-03
7.832089019866156007e-03
7.754229226486049169e-03
7.608398646848237891e-03
7.595205393559620495e-03
7.674251588316014817e-03
7.569696907743324842e-03
7.545981688842628987e-03
7.412216668206545768e-03
7.474631923773183625e-03
7.409530993155600403e-03
7.266649836232748870e-03
7.338023565941929546e-03
7.327705954092452942e-03
7.257290529551552356e-03
7.323135081065096190e-03
7.316650045247893169e-03
7.252314827852828980e-03
7.119926175104560571e-03
7.184759908577530683e-03
7.124128746562241252e-03
6.999731948260286621e-03
7.065229385250870395e-03
7.005211751674384965e-03
6.894112594907550289e-03
6.953527985282240489e-03
6.960698086623128347e-03
6.904935006969905621e-03
6.899935962702464891e-03
6.927173760638856599e-03
6.965145288436152410e-03
6.810910949318762370e-03
6.864297165515067904e-03
6.883857660883143520e-03
6.930237357236478796e-03
6.937396082434808299e-03
6.976148773416544942e-03
6.994587874464673442e-03
6.888760444064387541e-03
6.953226330049008808e-03
6.924854528948878006e-03
7.078089610076280375e-03
7.099142474109331781e-03
7.096843737430768607e-03
7.013719148379652171e-03
7.047351220969805263e-03
6.983244756987801866e-03
6.953638982610957711e-03
7.072385732162071031e-03
7.460162997073872251e-04
7.983896928953476951e-04
7.089774698419571818e-04
9.167362095780744310e-04
8.869460061979866786e-04
9.617141168387845392e-04
1.055674197681772146e-03
1.253796815014198655e-03
1.278132030174653324e-03
1.178585499358534563e-03
1.334332082838608508e-03
1.521050467287766777e-03
1.469966393492610742e-03
1.552581146676167883e-03
1.763762879811815081e-03
1.601425885208718463e-03
1.888429595920215146e-03
2.004947681508938238e-03
1.967956160967215123e-03
2.048258229228821104e-03
2.085186958412916895e-03
2.233493041326077132e-03
2.200547728375384059e-03
2.279738927968456320e-03
2.758297438153971704e-03
2.790723239424417086e-03
2.817768588032097850e-03
2.704539567722552291e-03
2.311497312800413640e-03
2.298326498617357747e-03
2.344362122108229352e-03
2.372522031564248783e-03
2.491870751023105447e-03
2.470094769414170766e-03
2.542362389215949234e-03
2.571002675934088398e-03
2.919455157939471451e-03
2.898794856927158683e-03
2.967526071006213774e-03
2.986283777234405475e-03
2.964531151781704243e-03
3.050415996723552115e-03
3.009118799686906834e-03
3.067899325573307263e-03
3.102670454982385615e-03
3.124892937725046692e-03
3.347604195392038171e-03
3.329497759825193054e-03
3.394182461250584096e-03
3.476933391666310689e-03
3.524463137866200042e-03
3.458755607619519792e-03
3.218663367486158770e-03
3.200562317872309749e-03
3.265057568785109752e-03
3.541631342241999877e-03
3.513903866020804193e-03
3.560837066380984767e-03
3.577394213193706846e-03
3.912487623382244345e-03
3.546406970667860970e-03
3.600288899552007201e-03
3.594602091423232827e-03
3.740788246978090422e-03
3.758321579313195736e-03
3.697383943968763232e-03
3.797499817426432719e-03
4.035404724486567341e-03
4.079685707428322081e-03
4.003295036566830757e-03
4.304183513828119430e-03
4.117866469461734652e-03
8.590743023304479517e-03
8.555038969245065336e-03
8.634781480799748332e-03
8.428770382547226894e-03
8.475894201941292991e-03
8.398363313601178715e-03
8.296195229646745328e-03
9.247606027921226324e-03
9.106850611384102734e-03
8.978309649905393680e-03
8.831204632978109648e-03
8.669950328770185607e-03
8.148171543313407345e-03
8.000117355819558879e-03
7.848229833529079061e-03
7.690037234428373676e-03
7.452874755608198364e-03
7.518683417434220834e-03
7.530934909384980926e-03
7.424233905652691430e-03
7.504583566922770448e-03
7.490924683195968915e-03
7.484990555891608312e-03
7.277271999102949765e-03
7.343218183108523450e-03
7.344969321099310139e-03
7.271078937338554260e-03
7.261132912691642752e-03
7.188903589088194851e-03
7.059975121661996034e-03
6.877947183691652741e-03
6.938983497042919973e-03
6.945556001672078573e-03
6.884977257913366469e-03
6.778476959932118462e-03
6.836395680059511627e-03
6.848441509299311308e-03
6.854586247734909162e-03
6.793552095284462189e-03
6.831546687410572881e-03
6.865304436629864233e-03
6.897491101557695799e-03
6.912563251506724342e-03
6.859388922973625596e-03
6.932729512115550809e-03
6.983820332651918990e-03
6.963863189704170599e-03
6.969843506128394275e-03
7.018776335888606867e-03
6.998680676507577567e-03
6.892748926130342312e-03
6.931420413931159950e-03
6.946045703889307601e-03
6.876823955031773940e-03
6.924623205117172789e-03
6.906678295750139085e-03
7.030147483060845276e-03
7.043510717875870082e-03
7.055412184401301141e-03
5.700184102918303937e-04
6.589322215750964724e-04
6.171703824033783871e-04
8.321877628047715707e-04
1.008418451870786306e-03
1.109924037868883356e-03
1.105961155592837582e-03
1.181236085660744128e-03
1.360651413812665605e-03
1.308610183953897669e-03
1.388915823216187607e-03
1.440207942496542605e-03
1.769416374743028059e-03
1.807746326512916146e-03
1.727244431872760602e-03
1.611855099520857846e-03
1.567580270993526505e-03
1.647693530397081494e-03
1.848866059317922110e-03
1.846606153556441202e-03
1.925337853302645829e-03
1.888131803426660194e-03
2.074797224290624454e-03
2.040610605223655474e-03
2.120652638248618667e-03
2.153744488995088316e-03
2.783804040322012622e-03
2.830722731347483367e-03
2.771237809509300484e-03
2.656383519163041124e-03
2.707252983908940702e-03
2.654058853086201011e-03
2.266474903820698064e-03
2.352283504937023768e-03
2.325802857818031096e-03
2.399883060984163256e-03
2.421808176479554181e-03
2.529423741042337997e-03
2.511040062803880993e-03
2.590116106543588568e-03
2.851341498659236591e-03
2.942164836002746347e-03
3.016071062106986597e-03
3.090784381774134941e-03
3.136603703401417802e-03
3.079419943132830854e-03
3.282693589110390834e-03
3.411723188879469543e-03
3.154348641588862728e-03
3.495290012573926131e-03
3.530145662033848906e-03
3.884766668711813354e-03
3.929233333012520195e-03
3.869450227457699350e-03
3.576341967041889083e-03
3.616235585813744931e-03
3.561496515621204520e-03
3.657303217499070606e-03
3.811197384255040656e-03
3.958185029639963576e-03
4.289338532509616442e-03
4.352244669861858595e-03
4.246703316450273213e-03
4.104036383505069857e-03
4.069331327192923613e-03
4.156432172808233703e-03
8.509799585306622796e-03
8.274140912687116128e-03
8.322717507248420660e-03
8.351422300858798650e-03
8.246449980112065606e-03
9.220358328486340238e-03
9.273188777141838646e-03
9.194594379158985836e-03
9.064034156375135390e-03
9.119000665116493501e-03
9.051945753687569429e-03
8.987556666219252352e-03
8.811790769145417396e-03
8.778728393547647127e-03
8.863326963548939785e-03
8.673408053531962356e-03
8.630251269322968682e-03
8.711046881389699140e-03
8.124892778865652407e-03
8.098641033508218942e-03
8.173126725137438986e-03
7.966551949041720745e-03
7.944564364100381235e-03
8.020807784409252419e-03
7.810229311277539464e-03
7.789405840936654626e-03
7.867709394574895834e-03
7.651363351917556295e-03
7.711271139810182973e-03
7.628778456792589119e-03
7.437501016634429085e-03
7.484095155587925860e-03
7.546355566067181227e-03
7.467397539475362570e-03
7.417215097305353451e-03
7.282589153305344017e-03
7.347558200184204844e-03
7.278940160746137124e-03
7.136048024000434323e-03
7.201525277622597941e-03
7.206949648886480826e-03
7.116438145703916050e-03
7.191925468658817537e-03
7.187184967135734452e-03
7.117289435674524836e-03
6.989485088087523529e-03
7.054902273509172823e-03
6.993644451787985744e-03
6.864423577706770148e-03
6.932241194668009587e-03
6.870157256768204788e-03
6.759297322387313942e-03
6.818720895756042594e-03
6.826886893395887543e-03
6.767809045497706795e-03
6.778114169038296395e-03
6.839556570673874583e-03
6.793592253498467216e-03
6.667628697893483551e-03
6.739457536553607013e-03
6.723147921788342335e-03
6.804221279390101386e-03
6.818585934735859298e-03
6.878886386374145206e-03
6.853116810481608284e-03
6.754310741324532491e-03
6.822380633519904355e-03
6.792479687096854811e-03
6.912082677564415981e-03
6.950462756597892977e-03
7.002828915910091698e-03
6.883975787103383849e-03
6.847405286095718281e-03
6.464552854627089078e-04
6.109246860468840095e-04
6.952069531436454695e-04
8.074863686715488559e-04
8.612044139612207334e-04
7.798186342975133240e-04
9.723896765754393807e-04
1.035012444916455108e-03
9.463706177974857839e-04
1.184314140957254229e-03
1.219361395662693333e-03
1.148488566169699691e-03
1.041377851200163103e-03
1.271583830829390921e-03
1.457001153657771489e-03
1.409958292952732386e-03
1.489419345436917858e-03
1.690139128214969248e-03
1.533875538855240025e-03
1.808955208956464005e-03
1.917414399133565706e-03
1.882802357245186601e-03
1.961378831760978835e-03
1.995679945827819914e-03
2.142745297032449137e-03
2.188258269992922767e-03
2.109389280003605080e-03
2.719858344369578337e-03
2.592686935834034694e-03
2.220154238996944421e-03
2.204234079627131072e-03
2.251397542862432991e-03
2.277928898550525029e-03
2.393423411722048373e-03
2.442717876045034323e-03
2.373311139053903285e-03
2.461158301556728989e-03
2.825269443771430671e-03
2.804745778424802029e-03
2.872357575957685486e-03
2.894581136486413121e-03
2.967939569818049250e-03
2.966588828467647820e-03
3.017874538079695634e-03
3.029057611504579976e-03
3.256936423909229539e-03
3.302332571854674562e-03
3.237814001621932072e-03
3.386038491708173812e-03
3.431535966998888396e-03
3.366770043154086473e-03
3.126611695635784713e-03
3.108790586251844543e-03
3.172721407280003868e-03
3.449346753276852622e-03
3.421204143701985379e-03
3.467694324725687210e-03
3.483086191547147756e-03
3.448635154535624556e-03
3.511693895434118539e-03
3.497758250322406150e-03
3.641258601625218909e-03
3.691696135189018353e-03
3.608627022562478463e-03
3.784197441951586433e-03
3.835103084049228811e-03
3.762666539973822614e-03
3.938595453921518025e-03
3.987968672259694682e-03
3.911628959962189928e-03
4.192691716121819956e-03
4.018528919193323397e-03
8.489380312170162479e-03
8.457282938088683116e-03
8.540353943100046502e-03
8.336692236465376507e-03
8.304220216141515454e-03
8.382993868988183536e-03
8.199704687474966211e-03
9.141537427215117376e-03
8.941108594832120754e-03
9.003546038976194960e-03
8.925557127716672937e-03
8.742863150814841541e-03
8.875638526419727184e-03
8.581559099074634669e-03
8.045980002685715685e-03
7.888649594469264795e-03
7.731054289802443552e-03
7.568063834177697277e-03
7.297820394324690089e-03
7.375630657535995477e-03
7.361122032263589694e-03
7.323770770527182269e-03
7.404220143000387992e-03
7.388407825816779156e-03
7.353639117900110170e-03
7.143240142681323707e-03
7.213137369435661424e-03
7.210393461005786334e-03
7.138701561858746929e-03
7.125351668866932581e-03
7.053153593912776104e-03
6.927114770242202325e-03
6.738934110995611383e-03
6.808549098622204698e-03
6.801821970296506766e-03
6.748003465254380842e-03
6.634730597478066295e-03
6.697133741664577922e-03
6.706761608129018816e-03
6.655773046062498678e-03
6.733848427176294081e-03
6.717095707379412174e-03
6.650166788317033936e-03
6.660656308527828327e-03
6.696109480918981290e-03
6.737016853011137604e-03
6.764424586024687762e-03
6.785654726298382886e-03
6.724156477246994758e-03
6.817633550458231106e-03
6.876941699728799338e-03
6.854772568335300124e-03
6.871601367577483827e-03
6.923044855232814848e-03
6.901789645359730253e-03
6.968902715106132205e-03
6.966070541040432496e-03
7.001218890987909345e-03
6.773713395863074742e-03
6.825757104639532287e-03
6.834266024302566335e-03
6.794776473189568025e-03
4.826160257509033648e-04
5.652402205045739666e-04
5.252010010777106086e-04
7.282713602512132537e-04
8.895107545564155454e-04
1.039145316414542353e-03
1.074333254818760075e-03
1.111735572995795323e-03
1.007325751436834302e-03
1.306140778120616240e-03
1.246303447136189440e-03
1.333820269055177327e-03
1.380990426522827816e-03
1.691432066494662082e-03
1.730702206919119187e-03
1.652619701853343158e-03
1.538647512380145231e-03
1.575579593364334141e-03
1.498817235821257648e-03
1.768559332443457588e-03
1.762302463040042169e-03
1.839406276096620420e-03
1.804706650514227009e-03
1.983112635267342619e-03
2.029144955395021863e-03
1.950946301106275824e-03
2.062496521874916579e-03
2.687459845195212544e-03
2.735640438766031874e-03
2.672184770929303659e-03
2.556479051000710555e-03
2.606465689171442220e-03
2.543300816632220688e-03
2.173989702705991355e-03
2.258176698932253413e-03
2.231637933848771606e-03
2.305338371590022299e-03
2.325540856626256980e-03
2.426319688055495957e-03
2.477939496562871734e-03
2.410238995083519801e-03
2.756072833325905278e-03
2.852274168739286561e-03
2.908430922693653296e-03
2.839021509678702187e-03
2.909873574419864859e-03
2.998642764564084500e-03
3.044797402271145776e-03
2.983440211674511650e-03
3.191345381454191964e-03
3.320965980107084842e-03
3.062256801075814803e-03
3.403638894959508908e-03
3.435132803829202448e-03
3.480295340901104657e-03
3.528971911634037895e-03
3.464975177033440337e-03
3.711316071083660753e-03
3.559610612155484233e-03
3.859354075662694162e-03
4.162325783517161447e-03
4.227243522465846948e-03
4.133852420991238757e-03
3.992752217912525284e-03
4.049591956988536114e-03
3.966198952844229506e-03
8.412422841581350744e-03
8.197041713585623279e-03
8.267010927244217156e-03
8.235567603161231959e-03
8.159685678862219765e-03
9.107985892524801327e-03
9.165267913379031642e-03
9.084382011868350273e-03
9.023514874262908436e-03
8.791353667422853110e-03
8.800713297813759703e-03
8.729686807733920070e-03
8.867465031227168143e-03
8.631421786395296336e-03
8.558222031016188627e-03
8.652182842946743238e-03
8.026879991727225300e-03
8.075952238324560564e-03
7.995447906777558567e-03
7.859607822167161834e-03
7.913145401987477928e-03
7.833675494616150134e-03
7.695080435535362091e-03
7.671987600951502007e-03
7.752734937936542510e-03
7.528464361099765877e-03
7.589985822240272011e-03
7.505091650036189131e-03
7.289144736110775638e-03
7.309695155840565013e-03
7.361872211652785783e-03
7.423002925823999655e-03
7.341674989165430411e-03
7.151918000805962232e-03
7.217327801459527160e-03
7.146547502284677014e-03
7.002256242848082027e-03
7.072981129533386507e-03
7.069255401079101338e-03
6.992644265323754403e-03
7.064631822296815744e-03
7.054630860041532885e-03
6.990120215663163383e-03
6.857298139925271409e-03
6.923468457209300264e-03
6.859857770143047012e-03
6.727097153785731136e-03
6.795787174971464582e-03
6.731952492259053213e-03
6.614620833588202679e-03
6.676881419308831542e-03
6.687007305908226722e-03
6.623526869382603474e-03
6.674802768325110644e-03
6.507568754346917429e-03
6.571251645162550295e-03
6.587803258569156252e-03
6.523159440456321317e-03
6.595566268474990258e-03
6.589630163183366092e-03
6.685180285029795541e-03
6.719000469023329869e-03
6.752764188643838039e-03
6.613053157366440005e-03
6.684324020110111661e-03
6.654161711659428019e-03
6.844107228987902740e-03
6.793956132661058654e-03
6.879389768374456586e-03
6.873549549010408814e-03
6.925712914289229062e-03
6.926430811970707598e-03
6.728425187139740887e-03
5.610651081188349799e-04
6.028833975723176452e-04
5.245242630545338385e-04
6.906396100361065354e-04
6.703701930350289273e-04
7.480612223195666792e-04
9.164652861650499777e-04
9.446873833127871541e-04
8.644691107266302098e-04
1.041712672280348988e-03
1.112069212126991355e-03
1.041363050239570110e-03
9.773442141890408517e-04
1.184650644509147857e-03
1.185362643317472561e-03
1.244927994823138420e-03
1.387936173112766514e-03
1.422799768341305709e-03
1.348057995836371859e-03
1.614535796433707020e-03
1.462747158728629334e-03
1.727729075775720231e-03
1.828585734178057301e-03
1.873239742439622435e-03
1.796170976655364800e-03
1.905416209497731500e-03
2.046126668523561704e-03
2.094626373131403419e-03
2.015205264562825154e-03
2.621715012874439518e-03
2.491154470030900684e-03
2.124760132945741932e-03
2.117787300153697785e-03
2.161164708170289477e-03
2.187679339161678442e-03
2.297392532424652641e-03
2.278193467295934992e-03
2.345507618273245248e-03
2.361614668410749220e-03
2.727564116918712589e-03
2.707733708501242412e-03
2.776459749251588508e-03
2.789668625002181008e-03
2.871939549627742193e-03
2.920003121239886194e-03
2.862412157550056711e-03
2.934969964053018784e-03
3.162128329542628589e-03
3.209677007978620558e-03
3.144471421405172721e-03
3.299021572572584902e-03
3.278008764218191991e-03
3.342666940970448475e-03
3.029870413586198755e-03
3.014430575739873112e-03
3.078371272848894405e-03
3.359563683315149995e-03
3.327459796708952776e-03
3.374539691162321137e-03
3.387420994714197657e-03
3.349448795509756688e-03
3.414040961636831059e-03
3.399317384206174044e-03
3.679190290346126633e-03
3.660804888540696023e-03
3.732482499560114703e-03
3.560051750485210276e-03
3.520042003660306135e-03
3.601492802485539366e-03
3.832120852464019137e-03
3.886275394590279521e-03
3.808670057563147502e-03
4.074159180122320645e-03
3.909851765862670803e-03
8.308056813422889236e-03
8.399710025569117472e-03
8.321809979282073291e-03
8.250707060099735438e-03
8.112261064340795663e-03
8.986796108483083648e-03
9.048468229080246575e-03
8.962182995065137020e-03
8.710975486612872534e-03
8.887916568709413809e-03
8.475996926721530642e-03
8.553828458473950944e-03
8.482039577395491040e-03
7.943527683894646349e-03
7.777595484158829342e-03
7.612037584264750613e-03
7.445435686843069646e-03
7.225084654118364182e-03
7.168425272570445352e-03
7.246329001009772265e-03
7.233164801413193880e-03
7.190656014683921744e-03
7.276557898558328775e-03
7.257243898157851071e-03
7.007928413220607979e-03
7.075665059264355655e-03
7.080107205359452080e-03
7.004132792727953312e-03
6.996517099298262161e-03
6.925184855034487684e-03
6.792359389800977504e-03
6.597958062130733839e-03
6.662650462782100831e-03
6.668410283852727397e-03
6.605167213815444846e-03
6.492837746826991309e-03
6.553777593682097620e-03
6.563746968194974357e-03
6.556958763362631670e-03
6.606163485460645607e-03
6.626902795243879048e-03
6.499076196526580064e-03
6.514205334102685097e-03
6.538792862448870001e-03
6.647811343702276707e-03
6.583681181147525881e-03
6.756154550732745324e-03
6.785510846397572494e-03
6.815612951266107958e-03
6.690316574175301893e-03
6.755290238870473481e-03
6.731183152656740505e-03
6.819136605892906974e-03
6.894271167749974061e-03
6.883827856592517752e-03
6.933661058192630219e-03
6.632864277940088080e-03
6.704336668938395971e-03
6.658150487306837943e-03
4.041864917214315939e-04
4.829490201511207762e-04
4.423127489044409466e-04
6.260748136215439543e-04
7.733612246541441077e-04
7.914402279703005401e-04
7.334331703285689808e-04
8.439871654422617057e-04
1.113089700017545714e-03
9.806478197410166756e-04
1.250546446388794801e-03
1.278731137867976115e-03
1.218444060922625402e-03
1.318745722461081701e-03
1.610658863447959671e-03
1.651344535196335285e-03
1.575548695946827910e-03
1.461149382943037218e-03
1.500237199356283186e-03
1.425513999518191735e-03
1.686008563898262411e-03
1.676249734900094870e-03
1.751957587100835129e-03
1.719554630226251052e-03
1.886135553453937132e-03
1.934844589043021408e-03
1.858004063708611642e-03
1.965680236284757416e-03
2.592392895755682089e-03
2.639997796644921735e-03
2.574687040398788464e-03
2.458879436788212556e-03
2.507750178735070144e-03
2.442890431868240900e-03
2.082298704673506834e-03
2.167940713377834814e-03
2.213197298420140676e-03
2.143253029034093617e-03
2.232418619343236755e-03
2.333131013575623705e-03
2.379833814321350403e-03
2.315592205989709662e-03
2.659696093560577710e-03
2.755631798239586115e-03
2.741868839439250485e-03
2.804040093598329873e-03
2.813545579076737278e-03
2.904865246693248693e-03
2.951893624645534221e-03
2.888616344687635739e-03
3.095570988553726470e-03
3.230032591391422247e-03
2.967025922813408025e-03
3.313431989681745772e-03
3.338867145048584392e-03
3.359801710450694302e-03
3.355329773421479415e-03
3.420109488349473009e-03
3.753756264274249639e-03
3.618690773666921254e-03
3.447276266720407031e-03
3.503544394455527632e-03
3.465391693001756632e-03
4.033285595119837259e-03
4.098859801291214640e-03
4.014519351402593902e-03
3.878963073133977202e-03
3.936869555927422111e-03
3.856635513490533698e-03
8.391343601793405799e-03
8.102640795049293257e-03
8.205599734467751427e-03
8.149880253260308530e-03
8.063342962775311984e-03
8.688504247062666871e-03
8.740558078786743457e-03
8.658171562230891280e-03
8.857021311640549815e-03
8.922950222492447014e-03
8.822231288846316480e-03
8.552665705309369162e-03
8.592329309533826634e-03
8.513344630740486696e-03
7.925731182877659292e-03
7.976348336520579924e-03
7.891348732811619832e-03
7.750773962364888164e-03
7.805242269921306222e-03
7.721648455802985860e-03
7.578759293429673805e-03
7.552383081083992138e-03
7.636973860933924871e-03
7.407039299301292762e-03
7.467779465734494283e-03
7.383258013612603414e-03
7.159082126356333155e-03
7.178374149542436980e-03
7.233370449742527325e-03
7.297633255420221850e-03
7.210854929049637617e-03
7.013409406056050725e-03
7.082739544908011296e-03
7.009622383231565480e-03
6.868520158056922939e-03
6.935418229254693839e-03
6.938394622147816410e-03
6.858253099934517177e-03
6.930497582465092524e-03
6.925494271033233971e-03
6.856810229276098616e-03
6.724496830791984632e-03
6.790855362300663584e-03
6.724776446256370416e-03
6.590411489847472493e-03
6.658648547454498051e-03
6.593103627459116246e-03
6.473311278799808582e-03
6.543852251086909252e-03
6.535695128050938128e-03
6.481898240431013467e-03
6.364052564372820429e-03
6.435692337924327211e-03
6.428496773262456360e-03
6.374121000629135586e-03
6.440875328137122061e-03
6.448665906175700575e-03
6.415480126475677468e-03
6.469150514722049605e-03
6.486365629259487411e-03
6.548478351786429785e-03
6.617443185531098927e-03
6.580040431188966150e-03
6.468522888648127293e-03
6.541171647801595490e-03
6.512342390222535665e-03
6.721023754969255096e-03
6.660036938443933928e-03
6.796737612502773938e-03
6.839260533815953898e-03
6.774053667211864249e-03
6.845982509376999370e-03
6.589332915597529046e-03
4.843231270266487934e-04
4.471842738853199612e-04
5.218968892726144138e-04
6.350551333114961032e-04
6.629123259594910458e-04
6.012647182005286797e-04
7.031321151073761889e-04
8.760916145996804592e-04
8.969959108912993863e-04
8.263715045979944714e-04
1.115448325279428613e-03
1.150132836485357000e-03
1.080323827080525816e-03
9.577622963708163663e-04
1.182493659849398818e-03
1.318530508854615611e-03
1.353662920624660541e-03
1.285642196321726488e-03
1.535385611314789159e-03
1.389305864559964169e-03
1.644238334338618329e-03
1.736630618153528656e-03
1.707094102138632333e-03
1.782855957022083616e-03
1.810964013129765697e-03
1.960088659047980707e-03
2.003443161334357483e-03
1.923695549129373706e-03
2.525367955044092571e-03
2.395767984199210013e-03
2.038507934666960314e-03
2.068336628759442995e-03
2.093261785155629655e-03
2.118000232287302765e-03
2.211676331071500169e-03
2.190119670337422209e-03
2.254639394847544106e-03
2.272188670129324933e-03
2.630503941548327767e-03
2.611693642568711348e-03
2.679143550781737642e-03
2.692810011483731843e-03
2.781171306890594351e-03
2.768729442311853532e-03
2.826683965725147393e-03
2.842715808290221212e-03
3.065337850775722885e-03
3.047787159260925780e-03
3.113923551177249886e-03
3.194336822876060571e-03
3.178402511089238516e-03
3.246851341028564580e-03
2.933328759817650441e-03
2.919360896896134802e-03
2.981798306350284464e-03
3.260306744616895194e-03
3.229718942853032539e-03
3.278803871350335908e-03
3.289030195766334645e-03
3.247088024055945574e-03
3.302940266806522925e-03
3.298517277535378302e-03
3.403364996895305323e-03
3.732548584086540881e-03
3.783154015784188137e-03
3.706535294812904075e-03
3.581378561547499985e-03
3.631200277983491487e-03
3.571818804412470703e-03
3.513346017417158951e-03
3.953381593636082734e-03
3.803684315321698324e-03
8.382196419089603043e-03
8.429437894232722286e-03
8.343332601774553978e-03
8.184508349314986719e-03
8.246723416488100158e-03
8.142009894158039676e-03
8.014435199777934088e-03
8.772130078283833787e-03
8.619710921398574671e-03
8.467451821247471908e-03
7.838504822122437446e-03
7.664994570307801479e-03
7.493140308564434117e-03
7.320453743123937589e-03
7.091107437996537616e-03
6.993314799706792581e-03
7.081087183882738695e-03
7.092400799828488603e-03
7.049741574083502084e-03
7.120211787640705683e-03
7.141855782748456234e-03
6.878233436090572597e-03
6.945843983941128383e-03
6.943136829855790781e-03
6.862468306229935547e-03
6.872524487732066187e-03
6.791546797719733887e-03
6.657595095574715335e-03
6.458346090933903862e-03
6.527964873123545501e-03
6.524473911914181572e-03
6.464667400497310992e-03
6.350796056598126925e-03
6.421620434516678994e-03
6.412062974093099207e-03
6.356271277261587097e-03
6.367840565554431891e-03
6.393434428247611774e-03
6.440500345429889598e-03
6.506932789642819008e-03
6.615736833921415094e-03
6.687501282014356521e-03
6.652183712482424502e-03
6.554817982941076732e-03
6.593380407795547578e-03
6.623432892963999896e-03
6.675344327916930311e-03
6.714719419859323593e-03
6.738260081421424547e-03
6.804745898365040409e-03
6.797660671247652588e-03
6.851885352495994466e-03
6.505306690503621057e-03
6.569609292680400441e-03
6.526111243508232913e-03
3.344967290751178139e-04
4.095475768187753214e-04
3.682852635463827848e-04
5.601348799842486648e-04
7.425383048715462463e-04
7.588845821088156113e-04
6.906516638995263083e-04
8.083502834378965230e-04
9.654687507912991734e-04
1.039737325656058973e-03
1.003957726282606738e-03
9.221846179447363342e-04
1.182132377343351462e-03
1.149980743729842785e-03
1.216712267815482900e-03
1.249825728076314280e-03
1.527558799716750328e-03
1.569429258125971992e-03
1.495172842722146313e-03
1.382035649610673838e-03
1.421976702719004873e-03
1.351174232669234915e-03
1.601419117695140285e-03
1.588590674947963155e-03
1.632704151538298849e-03
1.662154142630980699e-03
1.791737664578192885e-03
1.764748405975232392e-03
1.839160099243464849e-03
1.875419219259595420e-03
2.496828588122691588e-03
2.544729071107357764e-03
2.478123661850147649e-03
2.367474177390143427e-03
2.413314772793271820e-03
2.350594640282880655e-03
2.014204054040594390e-03
2.100783636699523563e-03
2.134475075687781824e-03
2.084877805269453720e-03
2.156055325486400023e-03
2.246431951951054998e-03
2.289884094474615474e-03
2.229362697948026988e-03
2.563385096316391984e-03
2.657941542151839951e-03
2.706947503138486082e-03
2.644538402964849953e-03
2.719284353362863040e-03
2.809639069233324429e-03
2.857433085241198149e-03
2.795706911685544565e-03
2.998930474631796017e-03
3.129385060616637730e-03
2.871160264624506974e-03
3.212271714358679031e-03
3.238984265411891991e-03
3.251171100312341949e-03
3.305856900685107472e-03
3.250153744500233581e-03
3.351416806597859108e-03
3.357091193710601794e-03
3.399466219170195307e-03
3.655259389431854931e-03
3.454986810741845354e-03
3.517864595678121733e-03
3.452439383288114644e-03
3.903203692801689769e-03
3.968869520517863056e-03
3.893281062327939423e-03
3.768586607657802099e-03
3.824582760817749495e-03
3.752187810100059660e-03
8.283246167901247778e-03
8.000156117656019930e-03
8.092495976461028251e-03
8.051497352966587723e-03
7.961501235917517461e-03
8.718958676024970988e-03
8.788989734651642127e-03
8.702723722162363645e-03
8.509649049999224585e-03
8.600087892960765409e-03
8.530883955386167269e-03
8.443574379416476233e-03
7.817905501475203370e-03
7.871895425755370476e-03
7.782995671448731702e-03
7.637700462025434275e-03
7.606923741705179723e-03
7.694290708060744048e-03
7.460882522349663801e-03
7.432725721314330583e-03
7.519850128320400978e-03
7.284747979478894096e-03
7.257882531502944309e-03
7.345902946304345288e-03
7.002166850370618312e-03
7.020368944281749068e-03
7.103824485154932623e-03
7.168577043500001106e-03
7.075637830609919458e-03
6.888048254283681698e-03
6.950893328715373153e-03
6.882411433439413438e-03
6.728793724677504910e-03
6.798834969814202163e-03
6.793465165158805302e-03
6.744729743451837942e-03
6.806596785448221915e-03
6.811593478401020522e-03
6.725712953941237644e-03
6.590851041818936336e-03
6.657533410884932182e-03
6.589613564793412800e-03
6.451314557868854938e-03
6.520650605948493002e-03
6.453754793073374248e-03
6.329823326599323154e-03
6.394111254648525422e-03
6.401310816333950424e-03
6.339107564889672440e-03
6.223609030053763903e-03
6.293575247064196396e-03
6.287178903487124562e-03
6.239554906472516427e-03
6.301735260804761617e-03
6.306628982681902751e-03
6.273568635356265195e-03
6.323643794301983881e-03
6.344440645151860556e-03
6.322581780841637737e-03
6.395644837292029788e-03
6.368698102879381123e-03
6.390375882575636927e-03
6.428538969258756723e-03
6.470035429097658296e-03
6.582986241692943309e-03
6.641883216847084027e-03
6.528684308061659392e-03
6.737614557628382114e-03
6.446810385031170876e-03
4.076074622935168244e-04
4.450542540087857506e-04
3.740677221953444425e-04
5.344168430871314808e-04
5.836869700493061081e-04
5.122508248835535086e-04
6.369598018598555175e-04
6.377744551910478552e-04
6.889272457493483739e-04
8.275768742295207042e-04
8.526201698937897972e-04
7.864965191566893445e-04
1.046834981743529095e-03
1.081454915348011503e-03
1.007378425108922419e-03
8.955963868852239666e-04
1.113939114886605209e-03
1.244247218512889615e-03
1.281782702284786288e-03
1.214253253457960773e-03
1.454266531952243171e-03
1.312617255341834779e-03
1.558762569357858164e-03
1.647158889642876423e-03
1.692161177487649330e-03
1.618450712734982372e-03
1.719036367958568521e-03
1.844535258536361601e-03
1.818630505248783249e-03
1.902397924450414989e-03
2.431892899735029704e-03
2.306732527770789017e-03
1.983157577839738013e-03
2.025747775954641738e-03
1.972227545916975262e-03
2.041789577507613796e-03
2.127545554902577664e-03
2.169684075721932913e-03
2.114476258836089397e-03
2.186783619330265761e-03
2.532039760186964410e-03
2.514724053126388137e-03
2.581436536530315289e-03
2.594725869232287260e-03
2.683951199613566086e-03
2.732734258749116001e-03
2.671296058440150376e-03
2.746491822612909858e-03
2.969438022389063719e-03
3.017640009879129451e-03
2.951643953250781584e-03
3.102868875878947441e-03
3.148861762604146693e-03
3.084346362222328917e-03
2.838474372707910660e-03
2.824419247951565418e-03
2.886155533100657426e-03
3.165806408694849840e-03
3.131142579659605425e-03
3.180664556820993107e-03
3.188672492529286921e-03
3.144560910446451106e-03
3.197541832302109536e-03
3.196074784421933795e-03
3.300978973129794613e-03
3.402833449533162503e-03
3.660985380623712517e-03
3.621450845997059749e-03
3.697582742836554460e-03
3.554403107338840757e-03
3.569848903604581382e-03
3.504471934736917097e-03
3.833925988810392253e-03
3.713782333922985290e-03
8.279915887095449720e-03
8.331405861537511531e-03
8.230488770178160177e-03
8.086986322903978730e-03
8.042101844070208977e-03
8.135907568453384572e-03
7.909216481001742072e-03
8.613044373603275308e-03
8.394276374246280661e-03
7.728009863463632285e-03
7.549476984092547312e-03
7.373005865177288502e-03
7.194521206671400208e-03
6.940223736263646977e-03
6.867805763938435344e-03
6.959109451926169011e-03
6.930304682577382615e-03
6.922757441470853666e-03
7.013514774585578176e-03
6.986152392807811265e-03
6.764799915723668060e-03
6.821415608720137608e-03
6.826548230742223063e-03
6.735950665219788205e-03
6.753863524993547474e-03
6.659985189123009131e-03
6.521202181503566765e-03
6.317576392920371681e-03
6.384494334106539416e-03
6.387675845664432354e-03
6.322553857428035544e-03
6.211270519507769775e-03
6.280739424284175962e-03
6.270478147028772306e-03
6.216292287593144610e-03
6.230321051934580370e-03
6.255157937893203110e-03
6.296495646008292910e-03
6.354137499695547246e-03
6.471322040578596745e-03
6.544286384016151197e-03
6.512754772963709471e-03
6.542258194923915998e-03
6.608942051655505856e-03
6.578904927311215664e-03
6.416705642557044009e-03
6.461119394775590233e-03
6.485927306323003259e-03
6.700437916181303626e-03
6.682464804791841614e-03
6.755014447870795295e-03
6.401065704630859790e-03
2.732982839180396841e-04
3.403777193675808005e-04
3.028777918333886332e-04
4.712615734547896218e-04
5.858722493739548396e-04
6.994337704149233273e-04
7.219162483181912771e-04
6.694744722727423783e-04
7.624972560590885387e-04
9.062875071445970201e-04
9.757024302875120592e-04
9.366047632157740608e-04
8.681652298887042709e-04
1.109143116481802653e-03
1.146073902499482105e-03
1.079255377284675174e-03
1.176134925547027811e-03
1.441329549827939345e-03
1.484787152521759544e-03
1.412417154937582742e-03
1.298863541892732653e-03
1.340827999959093124e-03
1.272406547201677431e-03
1.514448127357003251e-03
1.499007389519615464e-03
1.572598810471960299e-03
1.544101798181750492e-03
1.698967269297084427e-03
1.673556895843556326e-03
1.745588050123929053e-03
1.771354792581198096e-03
1.913546594203999933e-03
2.399910761840300805e-03
2.448520984356091900e-03
2.383983208458994967e-03
2.277659064052688521e-03
2.322724187270981244e-03
2.262399069470221683e-03
2.014378004203611246e-03
2.057656099871085081e-03
1.999184615479206867e-03
2.070766506451242848e-03
2.160921004250716208e-03
2.203799298520019677e-03
2.144594988156102184e-03
2.465694709845046503e-03
2.559276670915093966e-03
2.545990946102384515e-03
2.608788138458398732e-03
2.621338529522456232e-03
2.713696510114076230e-03
2.761836390502172851e-03
2.699137939532125167e-03
2.903579488943270736e-03
3.035703318892595329e-03
2.775769653099792542e-03
3.117342518818905749e-03
3.138572968233169485e-03
3.143621031676226401e-03
3.145099257910929751e-03
3.197512182165685758e-03
3.245044046482841761e-03
3.249267866403338090e-03
3.298282771259631284e-03
3.342493330658850327e-03
3.398683926316837904e-03
3.348435443489478514e-03
3.607125497164803771e-03
3.443155104783250046e-03
3.498427143944522668e-03
3.450772883362273041e-03
3.773488518477044907e-03
3.838862584216483527e-03
3.774003950832172279e-03
3.642898178175290377e-03
3.705892744567564415e-03
3.654214853882410772e-03
8.183417627627583707e-03
7.896995202905427239e-03
7.948682057064171413e-03
7.992131473089239199e-03
7.856029719278278048e-03
8.573125082396174101e-03
8.646974539648071001e-03
8.539695477665889406e-03
8.360469743999166675e-03
8.318518159200297482e-03
8.435940101137601177e-03
7.708547128151051024e-03
7.671769814546236174e-03
7.763294572350164235e-03
7.523006702181377764e-03
7.580398223697356989e-03
7.490640138568169758e-03
7.341471352249909384e-03
7.311802359301523488e-03
7.401166532340626263e-03
7.161945136085846007e-03
7.131717075144788053e-03
7.223323965928299395e-03
6.805096423805495967e-03
6.846213882657430951e-03
6.899722455137549670e-03
6.894326107861318935e-03
6.835800484201119687e-03
6.977565218781984525e-03
7.040630256618925741e-03
6.949031256242211955e-03
6.783984426572541027e-03
6.599763734326503928e-03
6.672426055090188018e-03
6.664173988738843202e-03
6.616217374340179272e-03
6.680387560123201597e-03
6.690632101939823079e-03
6.594474712701212625e-03
6.455036262854410047e-03
6.522760799908172528e-03
6.452238349240181810e-03
6.314595274936272637e-03
6.382649552585309763e-03
6.315016898602508928e-03
6.188564688843592974e-03
6.253034582110903079e-03
6.258867102970871836e-03
6.198711749106985622e-03
6.087796642889361023e-03
6.149449452021804943e-03
6.155352582014400435e-03
6.104715610377107506e-03
6.171788084075391714e-03
6.164052984791086945e-03
6.131940553239355156e-03
6.185563791432037786e-03
6.202489674890240313e-03
6.175409862919100518e-03
6.248859504315160650e-03
6.224203114940503496e-03
6.234034501884102263e-03
6.311941191355600368e-03
6.277946049411128361e-03
6.504850043742928939e-03
6.441500313215308034e-03
6.548460076407481775e-03
6.542983314283745341e-03
6.614066106342113109e-03
6.622246986175604755e-03
6.286706408570412290e-03
6.351315804062400601e-03
6.338389094543731180e-03
3.387214510006885618e-04
3.091414705576442552e-04
3.723349964076216032e-04
4.532634396295311032e-04
4.332588050395746668e-04
4.931258459926423331e-04
5.691428125322714124e-04
6.030497238084026783e-04
5.545390361795734949e-04
6.331763815027216091e-04
7.722437541717869095e-04
8.007140074949565915e-04
7.370331421914207495e-04
9.750553137669982313e-04
9.416840785445532722e-04
1.011523581619823984e-03
8.383079912253704963e-04
1.041440432043423420e-03
1.160200841327468100e-03
1.202641713827565370e-03
1.135697300717195034e-03
1.369556621904566545e-03
1.228951782318944697e-03
1.470757904608817812e-03
1.551002979978073843e-03
1.525519541485165871e-03
1.599343599119427929e-03
1.624529064676877559e-03
1.745527739401502021e-03
1.795225929979810077e-03
1.722685968621728890e-03
1.885122833708478048e-03
1.865295055950676704e-03
1.934239940720383025e-03
2.338548261757936696e-03
2.219086232920781509e-03
1.949482655729683437e-03
2.058870586829412291e-03
2.093351750458002838e-03
2.036928153940708187e-03
2.109747601549221818e-03
2.430661929329693688e-03
2.415622264439285221e-03
2.481532204858104274e-03
2.494691375493952607e-03
2.585717637969497072e-03
2.635018295930466152e-03
2.572868201874685228e-03
2.649402214074348446e-03
2.860194949486389616e-03
2.849801492932157662e-03
2.915165241586680292e-03
3.003519403235109866e-03
2.986776079858518684e-03
3.053423083303539835e-03
2.722612000503095951e-03
2.718527942518188592e-03
2.780589766849733430e-03
3.066883149284081039e-03
3.026644396334331449e-03
3.079039531810251647e-03
3.085240962537470245e-03
3.036728648609567354e-03
3.089945582155358399e-03
3.090787824451946605e-03
3.194115381067117072e-03
3.293631374925721101e-03
3.392607101214315315e-03
3.599017501150477815e-03
3.528488940129163517e-03
3.485688507049706716e-03
3.542867207520325034e-03
3.706730468471862959e-03
8.160696723674904993e-03
8.122462872600974548e-03
8.220770478604937440e-03
7.981431315871118093e-03
7.937874743481083267e-03
8.034431201999757063e-03
7.802928772338429096e-03
8.465829140115769050e-03
8.260211752390710441e-03
7.615930129005471158e-03
7.432413973301660315e-03
7.251823093094435929e-03
7.069946055431481149e-03
6.740661505084433701e-03
6.831909288642948677e-03
6.804169049364004740e-03
6.689466225439291182e-03
6.778894792867785901e-03
6.747243213400311301e-03
6.794334296919120331e-03
6.886115497856041059e-03
6.858441615192708250e-03
6.649084443384994068e-03
6.727143739290567664e-03
6.706875978178732621e-03
6.607213049364246867e-03
6.631855732026858269e-03
6.527555142905361145e-03
6.384909108962005461e-03
6.171847457801069026e-03
6.243246815228139374e-03
6.244328191017497337e-03
6.178989061360933878e-03
6.072366927469870050e-03
6.141483231688537811e-03
6.130325636223635244e-03
6.078992972744516089e-03
6.095057932389409683e-03
6.116927678107766421e-03
6.152089134361663630e-03
6.203055323986084342e-03
6.258247810709079498e-03
6.395514627380151883e-03
6.432948611602057158e-03
6.470206109319078143e-03
6.334337149450495162e-03
6.402753278004346717e-03
6.375327905890833778e-03
6.468890695600258527e-03
6.581207885545444641e-03
6.560661361697823352e-03
6.643562444490197678e-03
6.307974205110394861e-03
2.202848703685695143e-04
2.791765899556742769e-04
2.458185597521950856e-04
3.958662515984681684e-04
5.113863858618015621e-04
6.450740308644589216e-04
6.730463386104080029e-04
6.088686870608408771e-04
7.075915305118693878e-04
8.402319479000819802e-04
8.739421670376754147e-04
9.067863575047409004e-04
8.072546852714117521e-04
1.028953094550985083e-03
1.003048719107553976e-03
1.069510158647623979e-03
1.093992670281647255e-03
1.351866075400734446e-03
1.396943436269090831e-03
1.326027988008646272e-03
1.212019282591492468e-03
1.255804930227468093e-03
1.186821465931431471e-03
1.424896533249321150e-03
1.402857602998979717e-03
1.476420274898385294e-03
1.451255522724867551e-03
1.602713705206989560e-03
1.651084608805475362e-03
1.577282960078232573e-03
1.814976211170303945e-03
1.673718302405968793e-03
2.303890503146083235e-03
2.352087317312307174e-03
2.291113912819888257e-03
2.186452562242702236e-03
2.232193990763122523e-03
2.174074789600577862e-03
1.924800237354618764e-03
1.969721542438522717e-03
1.905348351787010180e-03
1.991537526178213235e-03
2.072905369355531723e-03
2.117070700136414532e-03
2.066333950548855398e-03
2.367013801696825955e-03
2.463319957598934882e-03
2.511478681888034033e-03
2.447308459256843094e-03
2.524257257602606584e-03
2.622539012656838371e-03
2.604259810044955419e-03
2.668126970453448769e-03
2.791025904061274557e-03
2.931408489373020770e-03
2.672425967118248740e-03
3.015431587269828094e-03
3.032528311294075199e-03
3.039091816241376847e-03
3.091475564795609799e-03
3.038968022615871380e-03
3.136283936825716087e-03
3.141041297229272677e-03
3.190640991500240213e-03
3.232122208064864850e-03
3.287192054815335843e-03
3.239996144047848498e-03
3.327424415514478127e-03
3.385088718056382222e-03
3.336676099992565234e-03
3.584722170033868751e-03
3.426257149301435191e-03
3.477376098291041877e-03
3.436690491003529559e-03
3.645845291272056810e-03
3.709693401369897406e-03
3.647869397282798003e-03
8.071021513300344341e-03
7.793655222767099933e-03
7.887671380794464282e-03
7.845416538365325432e-03
7.749704572033103665e-03
8.420045176689363794e-03
8.497440067372196565e-03
8.388938494036074500e-03
8.218047625365562311e-03
8.289952345993627583e-03
8.188246731629931704e-03
7.598535618785632988e-03
7.559412084617130739e-03
7.653598884129829416e-03
7.412103333156738923e-03
7.375519545386724149e-03
7.467551951632043356e-03
7.215485513139670293e-03
7.278433660361388786e-03
7.187254376326768918e-03
7.034483255206751794e-03
7.004959870349083441e-03
7.098236393792260908e-03
6.766403926870162913e-03
6.714235827610088789e-03
6.668349236550346650e-03
6.850715876928314962e-03
6.914064497005271287e-03
6.821399710303021821e-03
6.451901019761238990e-03
6.534233040983081914e-03
6.525771744256088705e-03
6.492673108524001438e-03
6.570958343978897456e-03
6.554387239982421148e-03
6.452765364850504906e-03
6.324771139949238695e-03
6.389637931327457089e-03
6.318823748928683280e-03
6.181534138504514962e-03
6.247734733157673907e-03
6.175728928050168952e-03
6.045684228668566675e-03
6.108663849101076196e-03
6.116707581229471544e-03
6.057718504715739818e-03
5.953218189355209168e-03
6.012683983757217618e-03
6.020092648416443259e-03
5.968103766056398647e-03
6.027824356232004167e-03
6.035988930806148248e-03
5.991907056905059967e-03
6.048126818903331453e-03
6.061528446621158514e-03
6.028148111541964567e-03
6.101472693881267693e-03
6.079788328858613117e-03
6.082789147751071698e-03
6.128799498402624606e-03
6.158254146223642728e-03
6.147580392245499681e-03
6.216828234190684838e-03
6.190538595741922577e-03
6.361347091913724730e-03
6.411980042414358767e-03
6.400125803277141416e-03
6.482232266346607194e-03
6.493025256022340840e-03
6.202921907550393472e-03
6.268203567234919595e-03
6.244622609065905369e-03
2.740181627464312450e-04
2.503062596006300536e-04
3.055234139432414279e-04
3.758176927770690793e-04
3.598282981723271317e-04
4.138007323449502829e-04
4.675568271368992770e-04
4.619870320351399692e-04
5.172507256751492262e-04
5.265456544567302449e-04
5.846288585684212332e-04
5.492917973753386456e-04
7.104470618959920309e-04
7.421086134202003809e-04
6.787840435268244904e-04
8.982039692986196460e-04
8.700922940036142500e-04
9.372178466002943804e-04
7.743722552597360424e-04
9.628723218071924723e-04
1.077999217826209385e-03
1.119456284993233883e-03
1.054268090428697431e-03
1.281392875456942955e-03
1.144436126044430079e-03
1.377907819398790402e-03
1.453332216187373229e-03
1.502426760131117837e-03
1.428500612891249986e-03
1.527537881203373327e-03
1.785749545716007426e-03
1.766044780046966941e-03
1.835606829368799158e-03
1.648322864899551743e-03
1.697127985225117949e-03
1.625882388823223553e-03
2.244953054493808824e-03
2.129478196272140654e-03
1.854935407656226965e-03
1.957280724143892897e-03
2.008232419085375763e-03
1.941411446420892098e-03
2.014878838346727437e-03
2.331112254505480260e-03
2.317857580303667089e-03
2.381073731261124180e-03
2.396923035035237320e-03
2.506183643905205566e-03
2.484932415970619087e-03
2.546010012237445892e-03
2.564118511402168222e-03
2.704281419332455697e-03
2.714084254625056571e-03
2.782143869578302103e-03
2.928654834549708572e-03
2.894510823654656943e-03
2.966340646579049885e-03
2.587174836846811710e-03
2.654712962167391378e-03
2.605235341343144738e-03
2.977406142122345726e-03
2.924765760102030539e-03
2.975890219213222793e-03
2.980497859008504873e-03
2.927988964584946063e-03
2.983390798973614526e-03
2.982437493453113115e-03
3.087546703082984234e-03
3.184197736616882230e-03
3.279839767847611120e-03
3.376793930867678407e-03
3.529813080124510893e-03
3.587616684833002442e-03
3.531026931139821540e-03
3.477553708667088100e-03
3.586703448420137941e-03
8.049246744171069737e-03
8.014390151216287464e-03
8.105343209458564305e-03
7.888147996700482431e-03
7.934809003181123033e-03
7.839339091219510100e-03
7.696218261308187224e-03
8.318275481934141874e-03
8.133266335688013951e-03
7.505414473599376045e-03
7.314054245532157494e-03
7.124885239217814900e-03
6.942776265724304868e-03
6.612013308371288492e-03
6.703305864674207783e-03
6.676190185886762829e-03
6.560226049973352444e-03
6.624782243356090554e-03
6.650608477307725155e-03
6.523661449028946013e-03
6.606608900426950808e-03
6.586316742309449197e-03
6.666061480528348918e-03
6.730125268483489777e-03
6.758457243912669409e-03
6.471633349341786474e-03
6.507341923780807745e-03
6.388431469033417978e-03
6.253207701546729773e-03
6.038616675768208007e-03
6.110060210737832190e-03
6.104826955478616195e-03
6.040971610200209820e-03
5.943346146749945921e-03
6.007520482205215562e-03
5.994249483575239852e-03
5.959523242228169371e-03
5.947335368464451433e-03
5.978665084817253242e-03
6.008469223204943033e-03
6.053799827440553040e-03
6.113581691371279547e-03
6.173171874683996974e-03
6.257126325065303675e-03
6.325281836246692858e-03
6.295743600427385241e-03
6.234830954929280848e-03
6.316945730549049232e-03
6.320479949193336285e-03
6.446924266624352515e-03
6.425530147709506562e-03
6.516820440382975303e-03
6.227835668735863701e-03
1.750544031053090691e-04
2.238989569626049060e-04
1.967605286468596928e-04
3.243115742294584497e-04
4.211747119440989603e-04
4.980382559201407830e-04
5.885611166237248153e-04
6.176767301010466227e-04
5.585405329535272868e-04
6.484461858736699762e-04
7.677219605947935592e-04
8.046288729284340130e-04
8.321058302468832633e-04
7.399338325497983263e-04
9.472414342255906306e-04
9.885657016400978617e-04
9.235384828654463101e-04
1.011977199869183112e-03
1.259831807011615621e-03
1.306174632331649722e-03
1.236511751406415855e-03
1.122242579399596518e-03
1.167480518273565594e-03
1.100803872335535645e-03
1.330810843837950232e-03
1.302578303898603530e-03
1.377407066740691296e-03
1.352999231108043422e-03
1.499187028402840976e-03
1.476622952308495433e-03
1.551154094427971853e-03
1.716679997001431968e-03
1.573297863493390699e-03
2.203880939136619675e-03
2.254053675654275803e-03
2.195577295776598298e-03
2.089487938573989043e-03
2.138116521021641864e-03
2.081606322926043279e-03
1.822692937149857605e-03
1.804617715648231544e-03
1.873935006474520323e-03
1.889673433694680346e-03
1.972469369077018211e-03
1.965208633241763685e-03
2.022759722008685753e-03
2.267231402041942900e-03
2.370347113114269332e-03
2.417141454325450346e-03
2.351159516170635549e-03
2.437990449949146640e-03
2.546965054979365237e-03
2.645631703637969789e-03
2.826174676592904840e-03
2.843931801967902306e-03
2.764987535505970297e-03
2.877356281988549883e-03
2.927168922571469264e-03
2.927221837056410546e-03
2.922644022201850451e-03
2.926237258796127692e-03
2.980750668465412256e-03
3.022908486185181022e-03
3.031936472300430369e-03
3.079489901973929498e-03
3.117700318928729505e-03
3.174665893669164404e-03
3.128218426727297913e-03
3.210799999292370064e-03
3.268743538533760724e-03
3.223003701703073577e-03
3.298169930348851878e-03
3.362060558128453225e-03
3.315444323684696090e-03
3.408077965368594767e-03
3.468849078204853161e-03
3.419638650854395136e-03
3.520839132619539916e-03
3.583127261557352353e-03
3.528127090120670734e-03
7.968984617908462381e-03
7.679160898946081615e-03
7.783562986325991313e-03
7.736579983551083832e-03
7.637572131405674127e-03
8.260381276708514409e-03
8.340986984635194446e-03
8.238254563244385570e-03
8.055306765919735545e-03
8.137358193805037040e-03
8.051720209162723657e-03
7.485628607150095204e-03
7.542152299107964843e-03
7.447568611611117551e-03
7.322730338907713042e-03
7.267951123227003180e-03
7.367285909166181035e-03
7.070931797744371347e-03
7.051972009380235405e-03
7.143512942307010498e-03
6.894707460058736685e-03
6.871497196384679200e-03
6.964528986347863840e-03
6.638024159981983571e-03
6.585087216331134315e-03
6.540942580868402967e-03
6.702887183679481602e-03
6.683597494296063604e-03
6.776937011933101447e-03
6.338451402102594431e-03
6.394971898726902956e-03
6.415698628671907995e-03
6.360022107304823778e-03
6.441958651394403060e-03
6.426164367201592752e-03
6.331031841750191236e-03
6.213980002836558270e-03
6.197245043242947081e-03
6.269254670912593856e-03
6.069671985379223103e-03
6.125110782253883647e-03
6.053062029619749908e-03
5.888726192126089720e-03
5.966870909477876676e-03
5.963473019803218478e-03
5.914741604711147745e-03
5.832838634953791714e-03
5.892902956639130101e-03
5.899980443838223100e-03
5.822677316420764651e-03
5.882909831114114564e-03
5.887520167191093688e-03
5.853649076560194647e-03
5.910717844944545114e-03
5.922268890689729066e-03
5.883333314016123139e-03
5.955259308979757651e-03
5.937424264240573173e-03
5.930129623837904207e-03
6.006014592080692258e-03
5.978970401979140196e-03
5.999749599465733531e-03
6.073338629473333007e-03
6.041138222114246850e-03
6.064305363061243265e-03
6.105767469483634052e-03
6.133293171152178098e-03
6.244653815390332693e-03
6.274599675804097207e-03
6.251144503296893022e-03
6.345332296030714234e-03
6.357144986880632238e-03
6.135600587827911082e-03
6.168981874484730753e-03
6.196221539728799001e-03
2.170691300447784853e-04
2.448654480564945021e-04
1.992680158662392344e-04
3.044281071905275923e-04
2.916903472038808744e-04
3.395135155182371482e-04
4.079268526917976742e-04
4.380366422539971015e-04
3.942472610668539749e-04
4.657100866497095276e-04
4.735904304131635764e-04
5.009501864999633741e-04
5.298806128801669072e-04
6.429183560472301372e-04
6.773933968450462830e-04
6.165543369937502398e-04
8.184957340055761844e-04
8.589210657021341747e-04
7.938340284726715839e-04
7.043659342035587861e-04
8.821287103202286699e-04
9.893009150709821276e-04
1.034089811856845394e-03
9.689925499784649053e-04
1.190474327588157948e-03
1.055165125948620509e-03
1.281704401969776088e-03
1.335056703751617791e-03
1.319243808579236227e-03
1.394416474772291028e-03
1.416517706750748369e-03
1.684828562494180117e-03
1.666965078581922289e-03
1.735482425800928151e-03
1.548765543178108085e-03
1.598735363224033099e-03
1.524273320765082282e-03
2.146479126334395384e-03
2.030774330858043600e-03
1.753413785171183386e-03
1.856783546935027521e-03
1.907256811409892587e-03
1.840126139771227666e-03
1.914400387692558308e-03
2.229791367495512384e-03
2.217207219591356936e-03
2.280618799081956735e-03
2.299749618761497572e-03
2.460865050327887271e-03
2.483847327105248668e-03
2.415626892983413487e-03
2.523736134674627301e-03
2.595284562203889998e-03
2.649731863362935185e-03
2.591936832171531317e-03
2.710063813571883442e-03
2.768091035173384038e-03
2.707786932906430279e-03
2.875319038306334112e-03
2.816846546107711589e-03
2.870844415323089722e-03
2.872275531419966714e-03
2.817133986244141353e-03
2.869818305386400738e-03
2.872546422136658222e-03
2.972735622941659848e-03
3.070351287720479629e-03
3.164503336518547337e-03
3.255394720125679570e-03
3.352840011074540751e-03
3.463799838453418285e-03
7.970498334721428865e-03
7.716096228792415981e-03
7.696578201668956634e-03
7.802776651371397774e-03
7.582477831514671147e-03
8.157044513841324104e-03
7.404176810140788816e-03
7.167756495873044836e-03
7.245532891096527137e-03
7.190884988317922111e-03
6.983146280207444892e-03
7.118831898810535491e-03
6.798643183616347001e-03
6.482700948516202308e-03
6.547254853034993952e-03
6.574452622012987718e-03
6.432523763615151900e-03
6.522360594147755784e-03
6.496192403888594036e-03
6.392457784838408499e-03
6.476418886054918084e-03
6.457858491374169133e-03
6.546579188362078826e-03
6.606368150075763064e-03
6.624594053614430746e-03
6.348516569453049180e-03
6.375355636396838957e-03
6.276220388611943729e-03
6.141926304068170625e-03
5.898926935281893248e-03
5.984191290784659188e-03
5.968415764594298817e-03
5.892600056692485350e-03
5.821829027649722509e-03
5.882407161460947997e-03
5.854768039944566529e-03
5.842001650957252823e-03
5.826744319639130289e-03
5.821687828383621116e-03
5.867024197212881639e-03
5.905212130457374031e-03
5.963360017781229629e-03
6.030174667139425425e-03
6.097553834389454579e-03
6.181204265493797992e-03
6.135030826478341144e-03
6.203145451512554094e-03
6.185863738278373110e-03
6.298234154850389233e-03
6.284054884518339504e-03
6.375321608648324215e-03
1.369919252317557026e-04
1.759699786624813449e-04
1.552144695171622725e-04
2.597229163804337117e-04
3.553249931858254809e-04
4.418225324112698285e-04
5.257777181212655278e-04
5.579414734371746128e-04
5.004676724992329412e-04
5.833052152663872891e-04
6.900265678072090708e-04
7.533786471694705429e-04
7.294704396655906850e-04
6.671745046750789413e-04
8.597377136423078577e-04
8.397724210392401708e-04
9.039396201543912525e-04
9.238439250058633938e-04
1.165049836212294536e-03
1.212744056191828075e-03
1.144155280747332281e-03
1.028913104298961401e-03
1.075893361190388654e-03
1.009623933228153032e-03
1.233294959586455448e-03
1.201237354960636369e-03
1.267691147761069699e-03
1.252169744047819909e-03
1.406922482924874256e-03
1.453251414513919955e-03
1.371118481199588802e-03
1.616434052961796984e-03
1.477415411856924585e-03
2.098839429525033509e-03
2.151483741857718526e-03
2.094589529981741218e-03
1.982461685512103711e-03
2.036075546558840325e-03
1.977944676856373610e-03
1.719510586524941294e-03
1.771280421534492935e-03
1.702544677673683508e-03
1.787812892208627026e-03
1.865452054793278937e-03
1.861427311945946855e-03
1.919134454891810058e-03
2.164037894324323964e-03
2.247550702647249914e-03
2.239150157947586515e-03
2.309035185872442952e-03
2.364532763352981872e-03
2.412687773706884749e-03
2.368066190419329878e-03
2.477392592318885915e-03
2.532381369129788149e-03
2.469519402530971110e-03
2.536171710590291294e-03
2.652560293933510331e-03
2.822205701670093495e-03
2.763334786409276777e-03
2.817873197472698602e-03
2.808445856336561249e-03
2.865451589422151907e-03
2.813728561696180169e-03
2.906345809240475694e-03
2.915465811471572126e-03
2.964452735205980096e-03
3.002464870858475871e-03
3.059767368137388324e-03
3.013653836388798749e-03
3.093187556257254080e-03
3.151546780987378362e-03
3.106794720774257081e-03
3.175432334943756492e-03
3.194875376988517892e-03
3.236047068838823239e-03
3.305167298058082903e-03
3.356774174828274990e-03
3.304435580514012392e-03
3.400624084334055025e-03
3.460427748998175842e-03
3.407397652484929745e-03
7.898379350968494361e-03
7.977367046285573429e-03
7.892083452382337577e-03
7.572325633533124808e-03
7.643801153432704457e-03
7.625940116788329330e-03
7.806639113239271024e-03
7.528166942793342725e-03
8.094860347524037922e-03
8.178308706686924709e-03
8.074167577029564905e-03
7.418241234436028647e-03
7.369171019511914535e-03
7.451741125481753901e-03
7.244322985921420981e-03
7.283104896186672929e-03
7.205065901226548331e-03
7.015196419416677188e-03
7.042861251918768051e-03
6.954488598850327823e-03
7.091710167467642385e-03
6.723949112546159790e-03
6.712709351221949824e-03
6.809674910921598504e-03
6.513960785505507924e-03
6.456653158063386730e-03
6.411488895496563097e-03
6.531133152228482154e-03
6.617293916320587770e-03
6.538186279019222308e-03
6.193273146029803708e-03
6.276695183548152042e-03
6.265755021635078734e-03
6.230177405867147987e-03
6.311377512070253347e-03
6.294860131881845067e-03
6.202972224513349925e-03
6.130885772801529347e-03
5.914931568274720691e-03
5.992097392066705538e-03
5.906038456915159093e-03
5.749396863049140334e-03
5.818451550117392269e-03
5.824066032422270736e-03
5.727129302246106689e-03
5.807899619389895324e-03
5.774112106372002867e-03
5.719210324126017438e-03
5.785926077676910306e-03
5.775860360748489956e-03
5.705471082103999100e-03
5.768776705658860970e-03
5.763898478948537886e-03
5.708480343265455274e-03
5.765072941801061175e-03
5.765320933733728351e-03
5.742871374787348812e-03
5.812542438844198363e-03
5.798098622849575529e-03
5.779865173636837029e-03
5.831481001223935354e-03
5.854496082157528876e-03
5.840317870837386828e-03
5.919458588987867864e-03
5.885201394274956928e-03
5.915238235670689307e-03
5.957454564535013403e-03
5.989290494349046486e-03
5.988078438381347693e-03
6.026066800182957282e-03
6.061509830598794252e-03
6.063713942914764586e-03
6.099467014626806620e-03
6.148911225679697112e-03
6.120619917033239162e-03
6.127252925621889598e-03
6.199685344549251895e-03
6.096860670373680131e-03
6.205274733925666107e-03
1.657176571168164853e-04
1.541758994832087483e-04
1.907508015090150571e-04
2.369006750253808459e-04
2.297140103546967853e-04
2.704082930924001527e-04
3.212941020432668660e-04
3.144060610785468272e-04
3.636488789630311011e-04
3.713247428036798095e-04
4.212259861307672201e-04
3.910438809365664680e-04
4.166589801410973339e-04
4.700717449710520432e-04
4.460203438622520290e-04
5.706161154090124516e-04
6.073896969302126046e-04
5.488223243936238586e-04
7.330106959835045290e-04
7.762238499023692241e-04
7.120841847652446431e-04
6.293876494957425854e-04
7.956093528927448300e-04
8.983735698767307109e-04
9.441605733826941753e-04
8.795859993975122318e-04
1.096399444660508139e-03
9.630222014114296451e-04
1.183595023696006488e-03
1.238295282866507061e-03
1.287028413464754578e-03
1.220204030543149730e-03
1.322006616753386996e-03
1.582092641953634351e-03
1.565799513863277547e-03
1.633637350303247630e-03
1.447616006089031499e-03
1.498367944383403741e-03
1.427575585581528734e-03
2.040440279311962583e-03
1.923733699863940192e-03
1.650445554611155562e-03
1.742975659881487033e-03
1.731592965889866033e-03
1.799978320588799035e-03
1.803953045078817699e-03
2.122682249438153593e-03
2.111165566002500427e-03
2.176367334471064792e-03
2.184878934648274915e-03
2.305860749588422437e-03
2.420806337613866724e-03
2.486493466275167992e-03
2.540885756718216405e-03
2.482547600524164996e-03
2.599045853075355930e-03
2.654512187299789324e-03
2.597880344885156352e-03
2.709436122922092172e-03
2.763125698812825704e-03
2.710474914543705999e-03
2.763253454922337884e-03
2.705910053744186358e-03
2.757232391601960580e-03
2.761429438617675307e-03
2.857410719714337938e-03
2.954419860002102747e-03
3.048209971810707502e-03
3.135031707713355729e-03
3.216002386519839062e-03
3.196753165680021880e-03
3.258194466960881268e-03
3.260283900934031909e-03
3.352803489209693275e-03
7.995723664640201969e-03
7.545409788951968309e-03
7.558460581963685060e-03
7.631224625007882942e-03
7.725541445503769991e-03
7.812539838801665568e-03
7.719977998809484168e-03
7.495480451648829125e-03
7.331507366696389527e-03
7.057251241297583105e-03
7.151042261268997571e-03
7.112381601484439597e-03
6.849969427713791491e-03
6.932919124067711027e-03
6.871428137907846338e-03
7.035488240962787382e-03
6.786291856262722036e-03
6.627479150459433463e-03
6.354926782498828211e-03
6.451010447390207424e-03
6.418635197965766835e-03
6.301305446445938478e-03
6.366773279146914835e-03
6.392056290857044305e-03
6.257233996119045821e-03
6.344920373523773964e-03
6.324648257839008379e-03
6.442045811912043216e-03
6.210798397911615129e-03
6.242823807258704102e-03
6.039590362830101096e-03
6.053861966627046426e-03
6.116526654641154387e-03
5.765214906927365081e-03
5.839978346673156337e-03
5.831735234946519054e-03
5.977168702996149725e-03
5.756442008778487121e-03
5.737444019317442141e-03
5.717067438715269997e-03
5.729751464900047220e-03
5.711336173046693311e-03
5.706174860281998037e-03
5.759926189339051664e-03
5.808825542119845642e-03
5.875995975693867023e-03
5.949363364717061287e-03
6.022928851033202552e-03
5.997254322395898646e-03
6.066461939008053160e-03
6.055603975360712016e-03
6.030652576103788000e-03
6.135945277861702685e-03
6.126894054491308951e-03
6.219645055380602222e-03
1.051274834425225304e-04
1.335257169786279233e-04
1.204137209596195876e-04
2.003265160245612628e-04
2.776833461615375626e-04
3.465571875266858530e-04
3.946839568283346650e-04
4.575244693573604377e-04
4.923144191359213806e-04
4.376458521940980190e-04
5.130330460251596820e-04
6.107733357120156970e-04
6.710370739740811798e-04
6.508884616639041198e-04
5.912169604888506576e-04
7.697284649467479997e-04
8.151108860529044080e-04
7.518793601695265838e-04
8.333448743041933565e-04
1.066487378507040024e-03
1.116038562267669676e-03
1.048143905129549731e-03
9.335796581966624569e-04
9.815278186485214187e-04
9.164204711908147030e-04
1.133337492187336346e-03
1.098324626190925416e-03
1.167782593326567803e-03
1.150017288801019480e-03
1.328912921648788339e-03
1.283545213214741087e-03
1.368206902964556491e-03
1.514487077898473821e-03
1.387959312607301397e-03
1.994005460796170835e-03
2.046543429510064294e-03
1.988683690825099153e-03
1.869938053061871979e-03
1.926321830193880157e-03
1.868145618242471632e-03
1.608555284502695068e-03
1.595656512537127307e-03
1.664137998534429832e-03
1.675436693578536166e-03
1.746477039706615135e-03
1.806096161475078191e-03
1.745090679278415557e-03
2.058082521034236730e-03
2.138566525955639015e-03
2.193165759623257917e-03
2.131113488751984648e-03
2.256947454661250956e-03
2.252806717017758961e-03
2.310808879717657360e-03
2.368828114866382804e-03
2.423164954647604244e-03
2.367283779321357855e-03
2.427495498521518771e-03
2.542689318912215966e-03
2.654170895675518529e-03
2.708552072356107138e-03
2.694543276283566536e-03
2.701130747521463937e-03
2.751303304215675736e-03
2.785088281483639582e-03
2.845539232111986543e-03
2.797823575041627226e-03
2.890590717670399410e-03
2.946237062690208915e-03
2.899292861833464765e-03
2.980160823418374211e-03
3.036241011827286833e-03
2.992511557131163902e-03
3.058558361945233617e-03
3.116367227902702014e-03
3.077316481402297878e-03
3.123473782125505728e-03
3.169352253017506098e-03
3.151256838785882180e-03
3.205474739945579892e-03
3.255245057582992988e-03
3.212533662659479428e-03
3.285595225120255865e-03
3.342732864937861086e-03
3.298306752819950022e-03
7.924215641315030673e-03
8.010138456231297513e-03
7.910394815440565178e-03
7.480829741936631527e-03
7.634592277584994861e-03
7.824115403707008337e-03
7.348713837506401676e-03
7.383122435878684484e-03
7.295298456128717669e-03
7.145995488921640625e-03
7.194970581585524716e-03
7.100546200104560640e-03
6.953619532174869569e-03
6.618272720224358148e-03
6.734472175152051744e-03
6.671064236497488247e-03
6.573567819887352233e-03
6.327035426221120848e-03
6.278323776656699606e-03
6.326682139288132382e-03
6.340138467878280761e-03
6.429193380699939168e-03
6.082661245517414182e-03
6.137393885550358405e-03
6.156503053776621846e-03
6.107456147543824203e-03
6.168358401012498035e-03
6.182435352949378071e-03
6.060572964930022351e-03
5.787828208289286062e-03
5.851109881018559493e-03
5.775685749326233027e-03
5.933623593216042977e-03
5.986369442638216944e-03
5.923488689525343263e-03
5.614302623436884417e-03
5.689630716529921542e-03
5.681531265450553980e-03
5.601380901578239570e-03
5.675252630741650303e-03
5.663932499348673516e-03
5.591651717622415051e-03
5.659231131600343280e-03
5.649811515223069312e-03
5.606480312847957233e-03
5.662726565326865052e-03
5.674119917274480368e-03
5.587169454652712516e-03
5.652770957273609877e-03
5.646184713704646002e-03
5.578490096103241001e-03
5.643347650222056699e-03
5.641656916159981314e-03
5.634439995054685985e-03
5.706617645133347551e-03
5.688562891407622502e-03
5.681174633230917995e-03
5.730312203692146042e-03
5.760783289220663267e-03
5.789901675391258620e-03
5.814704680321248521e-03
5.852391372390697462e-03
5.836052710628360403e-03
5.875581649907890038e-03
5.911668382542727661e-03
5.905663669329345652e-03
5.946903452763226128e-03
5.984566884664920504e-03
5.955810619235116059e-03
5.976676030947533809e-03
6.039665310396799894e-03
5.948350576559738138e-03
6.040761660784959262e-03
1.202978414651316674e-04
1.426556594251532036e-04
1.149310561411986384e-04
1.768465131299965627e-04
1.726870757388068093e-04
2.059396682277356858e-04
2.773853925071340554e-04
2.999304332567148028e-04
2.581149083477910704e-04
3.229847517542879529e-04
3.163217685578083196e-04
3.652298880713694359e-04
3.447273958364328807e-04
3.518342627676204130e-04
3.849434669305380752e-04
4.035296893869489126e-04
4.951850188980255968e-04
4.767630160572013608e-04
5.333720500032666659e-04
6.473925854243611127e-04
6.905948662731957498e-04
6.295236312622967722e-04
5.520337863115085857e-04
7.077979477694705708e-04
8.041079242975026622e-04
8.515354547233793371e-04
7.873318031032931243e-04
9.994470671051301422e-04
8.681963633141713977e-04
1.082808420082713831e-03
1.112479903146670066e-03
1.105720835496882323e-03
1.175358708438310014e-03
1.207231974501968069e-03
1.268031480926919358e-03
1.223591528463799849e-03
1.477472632155047783e-03
1.462893406331221974e-03
1.529936820077256723e-03
1.343824518709194494e-03
1.395866522973428833e-03
1.336657858085378570e-03
1.931726533487226763e-03
1.807952288506957947e-03
1.542680968777781787e-03
1.618951870785347242e-03
1.614103260363335471e-03
1.681009824271550339e-03
1.682428572185272605e-03
2.015845393074572073e-03
2.005353888074476020e-03
2.069379586583906545e-03
2.076987637725644185e-03
2.197569853919240351e-03
2.312751602063691479e-03
2.377929507607246581e-03
2.432211733420865801e-03
2.373960042589502717e-03
2.489441447111555034e-03
2.544187086763133841e-03
2.488664553201622338e-03
2.598465970994290070e-03
2.599512163217139894e-03
2.653876518311649134e-03
2.652220266315640819e-03
2.593468465993033038e-03
2.649523217010692384e-03
2.644152743313890348e-03
2.740063764714065122e-03
2.837714490113169095e-03
2.935721399525814419e-03
3.020122800481144561e-03
3.092361076922757294e-03
3.165102644040781142e-03
3.245796222918270225e-03
7.447452287801631723e-03
7.502459227717127657e-03
7.614718382090437769e-03
7.523211070440381093e-03
7.749141968016344355e-03
7.837199202015698862e-03
7.736511846352352520e-03
7.247573311021971408e-03
6.926326794014339532e-03
7.036314156757173324e-03
6.991851807144813108e-03
6.886869457409411886e-03
6.708451150920312529e-03
6.779185939390828218e-03
6.662339666808176145e-03
6.408155768759815803e-03
6.513325649193153592e-03
6.469519596421291659e-03
6.195465536331851153e-03
6.248240652142583382e-03
6.275065586402566072e-03
6.139851830683225320e-03
6.198188776035459292e-03
6.220656158635613081e-03
6.143274480807289599e-03
6.234749782648167128e-03
6.249447954318770697e-03
6.366729852426190189e-03
6.094201612290305742e-03
6.122869479558984071e-03
6.008172067703672521e-03
5.632772076994814470e-03
5.710188645988369290e-03
5.698725550718246151e-03
5.860660417287217108e-03
5.622700683410732092e-03
5.606987197296908754e-03
5.595650622535326864e-03
5.584375605689399606e-03
5.619098976425594347e-03
5.595795456856983430e-03
5.581994564658059738e-03
5.655814673424470161e-03
5.734161749948980293e-03
5.811486737663236306e-03
5.868051331503712498e-03
5.826644662256888832e-03
5.911956739125604800e-03
5.886638427711096168e-03
5.866712215678827717e-03
5.961959731359461889e-03
5.958164108006286375e-03
6.051371387331159167e-03
7.776883439338682681e-05
9.584910204199752898e-05
9.107964437429640710e-05
1.468231385774894089e-04
2.033070146515511957e-04
2.214299989582500067e-04
1.904058464612775801e-04
2.391184272044216013e-04
2.973453101813501348e-04
3.345460732662659570e-04
3.846211548571970822e-04
3.686037013548706183e-04
4.216056564731994493e-04
4.388542098607294039e-04
5.287911893064456545e-04
5.701121364958529293e-04
5.872108744992411526e-04
5.123516127063097074e-04
6.786790208889076402e-04
7.245102178906699577e-04
6.634348732509025423e-04
7.406778849471263443e-04
9.658244528802886102e-04
1.016389053205396607e-03
9.500871994102910809e-04
8.364015158452406179e-04
8.206034579174417481e-04
8.852223031599023087e-04
1.031539150947445018e-03
9.941234797998287423e-04
1.052917681171162663e-03
1.046416639999389955e-03
1.159707883359086889e-03
1.275096793313151801e-03
1.410273893467016816e-03
1.886442221874723782e-03
1.940308692999721373e-03
1.878586050801932554e-03
1.759364428641548060e-03
1.814725598585310330e-03
1.753276868138636509e-03
1.495664625270833872e-03
1.552194531947803744e-03
1.486866746178784875e-03
1.557025366402583263e-03
1.631268905528625779e-03
1.688913963073703905e-03
1.625428019671479232e-03
1.950892681495668786e-03
2.030634643309839338e-03
2.023705042668263662e-03
2.084669249811293978e-03
2.151650847434587090e-03
2.145653905522696726e-03
2.204380686324045480e-03
2.267374916509517536e-03
2.318151637794272323e-03
2.262748104062522678e-03
2.433608852480484940e-03
2.322530024687344784e-03
2.543939633586763619e-03
2.596786939354108186e-03
2.585659197168676485e-03
2.590376568180664980e-03
2.639853393363399744e-03
2.679801259346754894e-03
2.732187018207920051e-03
2.688108406027414198e-03
2.775404344115908056e-03
2.832961115734619530e-03
2.781512776222593020e-03
2.889371645962696480e-03
2.891039696361014620e-03
2.934495624955252985e-03
2.948472053719323853e-03
3.002970207884989376e-03
2.965447460789084801e-03
3.008619245999482206e-03
3.065354755072109173e-03
3.034653663401454000e-03
3.107095093509938330e-03
3.155846732859863852e-03
3.117916699720980032e-03
3.177955513208565591e-03
3.230853122081509942e-03
3.194093452868600972e-03
7.424052330600601143e-03
7.625035319704266158e-03
7.255180194027203121e-03
7.301850418296369251e-03
7.199523994620626519e-03
7.029470462523506810e-03
7.087767825712038700e-03
6.976828763511233426e-03
6.817530679508329410e-03
6.492319899348316173e-03
6.600507373648627912e-03
6.555278057117260027e-03
6.449230870389145547e-03
6.167022964349298635e-03
6.168884136447279169e-03
6.200823179012412804e-03
6.263791911402988993e-03
6.171008416733702630e-03
6.304572792550348741e-03
5.944751568470916028e-03
6.026163417506818359e-03
6.013319418847947254e-03
5.990237470899681047e-03
6.048352773248162444e-03
6.065154092781511325e-03
5.938335769592965191e-03
5.658751847477616788e-03
5.644965961538074908e-03
5.723080607232478023e-03
5.812791085108887264e-03
5.799486416804477615e-03
5.872944778563915329e-03
5.479449167754710248e-03
5.555978637274947701e-03
5.546619271455784962e-03
5.466458762941291301e-03
5.540244441417018981e-03
5.533609909905514747e-03
5.460399328204676439e-03
5.530750717490364940e-03
5.525686373618710762e-03
5.454331033521254979e-03
5.522910557732460708e-03
5.516076478266436836e-03
5.495484681768909689e-03
5.564366312015093727e-03
5.550948980513179323e-03
5.473077517606174738e-03
5.530059590675671065e-03
5.539306684848935292e-03
5.458178774144447493e-03
5.522292190048504537e-03
5.518251417009612664e-03
5.518611360158231886e-03
5.576592812602738577e-03
5.599077211695285480e-03
5.693358357282130022e-03
5.685413622655131720e-03
5.741903656116246861e-03
5.764015616876310387e-03
5.751125685348315586e-03
5.793821532840177577e-03
5.827902124475693030e-03
5.758284993837788773e-03
5.793587083445913589e-03
5.857738956886197369e-03
5.785967427677344427e-03
5.852566583600300049e-03
7.266427511820315621e-05
7.661801962500144349e-05
9.687124455465749128e-05
1.373638936389952878e-04
1.573286608240994700e-04
1.294257869490830618e-04
1.688009036102147665e-04
2.255720545322724164e-04
2.523117490595057919e-04
2.151214551704906837e-04
2.695616850561394500e-04
2.584504681979960731e-04
2.880795111175640756e-04
3.039543721415586142e-04
2.823553983961233044e-04
3.323154855365461008e-04
3.176179657333956692e-04
4.171070627936093451e-04
4.010671555976307143e-04
4.564676534563457885e-04
5.575379376739844498e-04
5.435103756724779132e-04
6.026902858143405291e-04
4.719859782421416037e-04
6.172851486487334824e-04
7.106233038915842765e-04
6.949556767559212983e-04
7.576012821815008213e-04
9.005221465988462980e-04
7.728613348553420347e-04
9.803211410695763031e-04
1.023977591012404514e-03
1.068571548691504705e-03
1.009374245057174588e-03
1.114937662823541585e-03
1.237951870856343574e-03
1.290998670286334915e-03
1.222914351489113932e-03
1.368783074187172833e-03
1.356611546138267611e-03
1.423219487494702248e-03
1.822648967735548227e-03
1.695043825570251728e-03
1.431903495343571494e-03
1.509388107127536838e-03
1.502808434598107510e-03
1.564208021124713832e-03
1.570067028597681592e-03
1.906211374816084306e-03
1.896755222314367622e-03
1.961086565320698145e-03
1.968213001272802083e-03
2.090965778606845848e-03
2.209361152909256401e-03
2.380614505176403828e-03
2.434947909156133863e-03
2.379900778637113450e-03
2.276193112089482367e-03
2.272316632253044109e-03
2.327045745399884420e-03
2.487871779773202178e-03
2.543048204863352854e-03
2.489389971600007752e-03
2.540746386549080915e-03
2.633039447049892543e-03
2.484785877553409052e-03
2.538917164735804335e-03
2.535423503184148185e-03
2.728098440432186363e-03
2.832100196863377752e-03
2.919554153285836701e-03
2.979519947196367265e-03
3.039266079685909450e-03
3.024971742027511915e-03
3.081586123474328726e-03
3.073532130897027072e-03
3.143071111497330351e-03
7.378868759653770676e-03
7.570297056260963039e-03
7.660166493542068696e-03
7.535248869216165657e-03
7.142462850679213299e-03
6.805556561526404299e-03
6.917676579816020924e-03
6.865940506770487617e-03
6.755902591895854639e-03
6.584501251886151242e-03
6.646462064605007658e-03
6.537329807478433653e-03
6.279206552205452221e-03
6.385847210000174419e-03
6.343656014625271081e-03
6.048852261403536365e-03
6.093959852619235118e-03
6.122284045019853703e-03
6.095352292956053575e-03
6.000234433865989266e-03
6.100552055720474647e-03
6.071680805142801694e-03
6.239053698445167634e-03
5.966465063615664609e-03
6.018882458327029679e-03
5.878692854332236498e-03
5.501171550558983832e-03
5.579846848765578071e-03
5.566772220633174270e-03
5.735662162679437508e-03
5.489510878135072866e-03
5.472132095611518914e-03
5.462572926662466119e-03
5.456643458515493539e-03
5.455493535424875071e-03
5.505602101816762552e-03
5.483170837456449558e-03
5.464757457383343647e-03
5.539718600383062609e-03
5.610973967663379983e-03
5.527367481807868820e-03
5.615795814494147289e-03
5.719701811381678637e-03
5.670043087311873488e-03
5.747883870978451326e-03
5.710228940693884252e-03
5.711266146145953411e-03
5.777447423152974257e-03
5.766752183041232334e-03
5.871699676580878317e-03
5.039543540914192242e-05
5.664061438465639711e-05
6.452002320547482630e-05
1.020876657146525660e-04
1.603735180694096959e-04
1.492113030905512785e-04
1.824965859018506725e-04
1.918691708255073876e-04
2.422717562837144851e-04
2.707800008777849657e-04
3.100389295375668205e-04
2.963332067181306470e-04
3.475789804291595417e-04
3.624715834224454523e-04
4.439920818585058005e-04
4.866258676689861088e-04
4.998809891510918365e-04
4.308228281874051870e-04
5.884549452119207510e-04
6.337670722314141334e-04
5.732845365228183285e-04
6.488016495595792582e-04
8.648643368769031283e-04
9.155294063115210993e-04
8.509555766524076010e-04
7.372771095380590113e-04
7.242416387396480131e-04
7.870162216002739124e-04
9.289536689266203072e-04
8.904727665376482512e-04
9.566951336566900188e-04
9.424603427549096317e-04
1.127535385888234817e-03
1.075514552894013195e-03
1.167681165845603367e-03
1.302997547460435458e-03
1.182461188225069097e-03
1.777173670187377113e-03
1.831853630601345054e-03
1.768638338847267196e-03
1.648365097397184228e-03
1.703879017977813406e-03
1.640127779257306373e-03
1.389049821934592492e-03
1.379160485653317192e-03
1.442410039748519019e-03
1.448944480055112819e-03
1.516902694610662919e-03
1.574078663590723843e-03
1.513436606642298192e-03
1.841457169676511242e-03
1.922798222007910621e-03
1.976752573174489665e-03
1.914964618973557641e-03
2.046449093148384069e-03
2.099088869808730939e-03
2.039073333502949403e-03
2.166186197100801458e-03
2.216848584259085118e-03
2.159519957743704158e-03
2.434259875368874858e-03
2.328360986777445150e-03
2.221043955279628206e-03
2.487036995619841540e-03
2.571200399115023631e-03
2.579202646766389634e-03
2.625138033419441210e-03
2.476728444119802221e-03
2.481430261144052744e-03
2.530882905970097043e-03
2.661146910150839328e-03
2.717790345356485039e-03
2.671345156586833660e-03
2.845317719924207473e-03
2.867876499859063968e-03
2.811742523791739036e-03
2.896423759204923721e-03
2.909024774785812836e-03
2.958293335418423365e-03
2.929678684005575934e-03
2.958348261480161275e-03
2.998379858182335326e-03
2.984317738219619768e-03
3.001453053325574705e-03
3.053484048459602189e-03
3.021567566994649325e-03
3.078804295213727251e-03
3.127413297940470367e-03
3.095073369800789651e-03
7.333138127722207272e-03
7.293263019556083665e-03
7.418201567070308380e-03
7.451364558611186205e-03
7.137650350233725426e-03
7.082831457738881023e-03
7.196564663452885424e-03
6.925587914609434605e-03
6.864189875055983110e-03
6.977353294821952816e-03
6.695147371181176324e-03
6.366289736914659304e-03
6.475488886900805999e-03
6.429283407652465650e-03
6.321684901286591524e-03
5.944065868963325887e-03
6.043795754069261270e-03
5.996291131933935946e-03
6.069804993492071421e-03
6.135301261653771689e-03
6.034097345751619594e-03
5.971365651169903768e-03
6.174545212280920306e-03
5.864363397051213130e-03
5.927160140393648857e-03
5.904273492124990745e-03
5.901477201110903563e-03
5.975160420243554558e-03
5.945684467855255097e-03
5.837701109528008019e-03
5.531245057537975858e-03
5.594828601818788855e-03
5.515402120909220114e-03
5.696798066023126515e-03
5.754597674289922693e-03
5.676928180931579103e-03
5.344259107916634471e-03
5.422584810818192359e-03
5.411684455433652535e-03
5.333810645708444639e-03
5.399917103284787578e-03
5.406487156354551453e-03
5.325622323320625823e-03
5.392729483515350773e-03
5.395911141061100064e-03
5.324045003170952556e-03
5.392137166332603045e-03
5.388917335764926292e-03
5.329322377338413172e-03
5.391779400569749435e-03
5.393409659932522741e-03
5.378404405470183294e-03
5.447822690042031062e-03
5.437096862321132672e-03
5.360435962286772167e-03
5.416790381119669998e-03
5.427424136351144922e-03
5.344635426829091526e-03
5.401393171846890010e-03
5.408429811195041882e-03
5.403112496403121578e-03
5.461233127545965342e-03
5.470443580443141648e-03
5.594787979440160423e-03
5.565112103952919720e-03
5.644579987628140991e-03
5.672122198882157199e-03
5.580570233571515402e-03
5.666450561226882635e-03
5.626448947698548149e-03
5.629415442855289359e-03
5.582320381300601327e-03
5.672718654741451365e-03
5.673610717656967645e-03
3.152940902710795590e-05
3.934301498075468666e-05
5.161857496836815668e-05
9.380022827851820257e-05
1.161326928236294727e-04
8.234534275724299680e-05
1.253077475969345924e-04
1.855156409202129812e-04
2.061190506145666249e-04
1.731861132356376956e-04
2.209467302157926941e-04
1.983379757765826445e-04
2.286959426088617652e-04
2.391725908716702562e-04
2.143148191418621507e-04
2.484963120264228886e-04
2.609790290754023467e-04
3.342775648454237008e-04
3.758762991219584079e-04
3.223238460648640124e-04
4.698139709958630019e-04
5.138797389327361435e-04
4.571584453385920017e-04
3.880983256468161771e-04
5.282806065529348357e-04
6.138229985814121995e-04
6.623827540055410431e-04
6.014065810642734876e-04
8.004592421804626427e-04
6.748744064235092169e-04
8.779734336885937091e-04
9.108981264602967077e-04
9.675411684148278041e-04
9.009913785008555158e-04
1.025472765164357801e-03
1.025202627922384676e-03
1.076474296245491903e-03
1.264498261702105917e-03
1.251496816115032053e-03
1.316734965139508638e-03
1.143172235619825975e-03
1.190681366155870889e-03
1.135584345015877008e-03
1.712519811470899394e-03
1.582348471553794191e-03
1.326461822860521824e-03
1.403958741468917153e-03
1.456693038739133219e-03
1.396744262915952791e-03
1.460205778971378297e-03
1.795184004234958537e-03
1.786581412788508212e-03
1.850699716659540226e-03
1.858796058929372899e-03
1.984454159605353752e-03
2.106184932825370861e-03
2.377470881305203312e-03
2.432492661454884863e-03
2.379670533483473072e-03
2.271296204751499081e-03
2.325830203929948967e-03
2.274290688982858171e-03
2.164266262967818287e-03
2.165642936749371389e-03
2.220142425555734350e-03
2.431221691222729131e-03
2.524323430206309570e-03
2.616641710818013670e-03
2.377919431234566325e-03
2.431097105082500112e-03
2.427575302518545329e-03
2.739592137317496678e-03
2.701321171102980326e-03
2.758608981716148111e-03
2.791991535250593591e-03
2.878270837342248537e-03
2.934763642441680538e-03
2.981336803722672412e-03
3.041054617144016078e-03
7.235233457771175769e-03
7.388152040724798794e-03
7.479613993859140358e-03
7.359849959999894588e-03
7.032027062908986770e-03
6.676925179286094005e-03
6.741297247031515297e-03
6.801221220454560512e-03
6.629682449284020167e-03
6.460744246092449405e-03
6.412525279735655295e-03
6.522655754077807608e-03
6.150705034762076265e-03
6.258558080196624518e-03
6.214936708743660013e-03
5.922030956888400983e-03
5.863374629772848644e-03
5.966618640183810399e-03
5.931799178684971086e-03
5.811634815445419072e-03
5.905932382896344861e-03
5.877830882336650478e-03
6.109206705473084302e-03
5.882045936051633582e-03
5.780488413936901541e-03
5.369298785105241015e-03
5.450140306617164837e-03
5.435111041699306617e-03
5.613910003872734332e-03
5.356002811358777371e-03
5.338235506428580697e-03
5.328921430809353821e-03
5.324061772737074573e-03
5.326014616645975176e-03
5.336231790601167306e-03
5.368266941235883515e-03
5.389384221232296907e-03
5.351618765860906637e-03
5.441048237404097661e-03
5.420391778079269515e-03
5.490949241718567214e-03
5.516865271689317014e-03
5.499323435189202788e-03
5.583207973353504321e-03
5.537600197748623193e-03
5.581345268104170518e-03
5.547991800179646882e-03
5.583472738965265629e-03
5.583353694771191200e-03
5.682146370421547500e-03
0.000000000000000000e+00
1.590351871554447584e-05
3.088829377039039198e-05
4.072530174680056783e-05
5.736197526956738398e-05
3.539550703327338133e-05
6.555462690813957977e-05
1.118966988363840389e-04
1.364879626864722831e-04
1.028603045142967412e-04
1.471206699652861439e-04
1.922819203779842863e-04
2.065875296916128568e-04
2.342379001079606196e-04
2.722984850680239700e-04
2.244009158168754395e-04
2.831644128313523566e-04
3.567841472903785340e-04
4.123267227419298033e-04
4.005347575835951652e-04
3.457226010264453225e-04
4.944665666978262982e-04
5.415907156622088532e-04
4.823611002945676798e-04
5.533739652478750258e-04
7.628086983343001278e-04
8.139743338369623835e-04
7.503077055197003575e-04
6.372354101226294270e-04
6.873747786351327516e-04
6.257606708262068110e-04
8.260787883647425752e-04
7.850848629352770751e-04
8.474856024229129132e-04
8.378711468220525777e-04
9.678141780701937907e-04
1.083978751091097285e-03
1.203508806563764397e-03
1.666641845592038186e-03
1.721910805672583443e-03
1.657870094379068236e-03
1.537504244609701068e-03
1.592939822555484693e-03
1.527517940410602192e-03
1.295833406316810850e-03
1.280336585871647394e-03
1.342515267337474278e-03
1.349671430937688515e-03
1.414894204833392092e-03
1.465916231746893861e-03
1.409700977426068744e-03
1.730691591761653264e-03
1.810312884660327535e-03
1.803166522154630224e-03
1.866502381039173005e-03
1.936047449617474096e-03
1.991202274358908064e-03
1.929888026242686022e-03
2.056088364077570795e-03
2.111062443242981736e-03
2.051764859499922815e-03
2.324398270386746502e-03
2.217719000937979235e-03
2.110065295105483830e-03
2.378262222438248721e-03
2.464374705805900782e-03
2.517394794082429207e-03
2.471190938600407744e-03
2.551762124565341936e-03
2.562128406223900326e-03
2.605972881511992544e-03
2.371236729157364786e-03
2.423657572083124864e-03
2.375165741906107124e-03
2.633409280161657078e-03
2.686006471622216438e-03
2.648018165419699886e-03
2.806371138780003761e-03
2.826567591640875930e-03
2.774086487922581938e-03
2.857170392166747015e-03
2.861813058471612044e-03
2.909482822017509743e-03
2.886071365623906187e-03
2.911928542360998386e-03
2.935490475253629654e-03
2.956372650382628909e-03
2.987750007436411684e-03
3.032438595722805001e-03
2.996957975102964699e-03
7.148236402445163652e-03
7.241097350474193228e-03
7.142426798921496130e-03
7.267859164996213518e-03
7.036278115871093079e-03
6.733545065316788071e-03
6.829978142895956790e-03
6.704198047404314603e-03
6.568891231706463357e-03
6.246287609734038106e-03
6.306281318821576297e-03
6.353608018359977773e-03
6.197456527265618811e-03
5.770869224169739714e-03
5.857416440013096109e-03
5.836134379903555429e-03
5.939561070847994458e-03
6.004666843769566886e-03
5.900472898419323667e-03
5.836639757651112224e-03
5.790469547105644987e-03
6.045159205954993113e-03
5.741839914929608955e-03
5.821554118833354233e-03
5.802968206571589189e-03
5.718478663181577291e-03
5.399865824539991192e-03
5.383785967820293832e-03
5.465471042702819103e-03
5.569245571646037375e-03
5.632911129459009479e-03
5.549442077296294282e-03
5.211863359812009787e-03
5.290453035055069607e-03
5.277970515044378558e-03
5.199660048355760414e-03
5.271813541253277634e-03
5.266606414008270440e-03
5.196335733323055768e-03
5.260821540648672259e-03
5.264927725998481793e-03
5.190081707782176652e-03
5.256847297312408455e-03
5.257768937131461311e-03
5.196885374694076160e-03
5.260439102793387084e-03
5.262884480611405499e-03
5.212047818129900666e-03
5.270702566707453907e-03
5.278036260559384671e-03
5.243224803567252991e-03
5.310209817065951986e-03
5.302036590994012831e-03
5.264135945000253045e-03
5.332815920862323325e-03
5.321671160520315830e-03
5.229211316358785624e-03
5.287004512114746972e-03
5.294383350983453834e-03
5.293414665094235520e-03
5.348946870364028501e-03
5.366183233060396567e-03
5.468110271451651072e-03
5.412229666168828605e-03
5.457357727942083701e-03
5.496303852161211513e-03
5.492213634045934809e-03
5.413213948731258537e-03
5.493020924714034879e-03
5.499108633758365179e-03
0.000000000000000000e+00
1.506848134791993455e-05
0.000000000000000000e+00
1.864937030258636169e-05
5.003310959264507200e-05
7.228128603981639339e-05
4.527812303050912960e-05
7.923531008257396653e-05
1.226035298283978891e-04
1.542091405514592925e-04
1.175456817953585874e-04
1.591590600520417613e-04
1.335813702207209086e-04
1.661827072320345891e-04
1.727396522155135448e-04
1.440552435915886070e-04
1.879552553236221203e-04
1.793651387060692960e-04
2.522115579818591915e-04
2.934222402145400966e-04
2.433648039341600297e-04
3.785853537118706873e-04
4.243263530914411115e-04
3.678730384269466897e-04
3.034670237130076046e-04
4.356380613878858420e-04
5.155577507635243032e-04
5.647738882466234655e-04
5.052198981944546873e-04
6.993857679798004805e-04
5.756803685186966417e-04
7.741989664940521383e-04
8.070281297297971076e-04
8.590134644848899459e-04
7.962838164484639094e-04
9.315618272755465902e-04
9.785714060802043132e-04
9.215057789857110946e-04
1.053149494624029420e-03
1.098216182436537831e-03
1.039541374730383822e-03
1.177420588917268019e-03
1.160494546449884886e-03
1.221052001181019073e-03
1.601827221036211798e-03
1.475958752440800726e-03
1.236342087333680735e-03
1.329143038791222482e-03
1.366592726295030435e-03
1.312617158870146286e-03
1.371906192910068122e-03
1.683513812013049228e-03
1.675443517765248629e-03
1.739305675703347025e-03
1.746737662101169623e-03
1.873030779351581672e-03
1.995943754622872459e-03
2.269314037646933020e-03
2.270816357554279307e-03
2.323183374755387678e-03
2.155446044609093427e-03
2.213150735870718193e-03
2.160226250972855245e-03
2.066943915423252297e-03
2.061841430795189906e-03
2.115496909752671330e-03
2.323678877512717900e-03
2.508527177333306005e-03
2.418174624198380848e-03
2.593282949379888645e-03
2.268631729553756502e-03
2.322981910169668370e-03
2.320139046037760118e-03
2.702422859254960917e-03
2.668897172955684866e-03
2.721611644263165035e-03
2.753857083810990012e-03
2.835343022500586181e-03
2.887571026372017218e-03
2.910457753482882399e-03
2.955349472877046458e-03
2.912326074408266678e-03
2.949627921659685008e-03
7.203108658033596963e-03
7.295988950364894199e-03
7.174762332700056200e-03
6.959786658708401116e-03
6.941440122855792490e-03
7.054414302643661171e-03
6.846307956945551706e-03
6.542620947902576603e-03
6.609931078385588264e-03
6.637854954159113155e-03
6.500890257699514993e-03
6.354196482969504990e-03
6.299113113729291023e-03
6.407383386158989336e-03
6.029417730516586915e-03
6.137915092917994343e-03
6.090047801642828849e-03
5.755585746793598877e-03
5.730443529132342104e-03
5.834971427036771824e-03
5.796939245751083630e-03
5.659677437803374393e-03
5.761472918046388163e-03
5.735742749312450900e-03
5.630860504407629932e-03
5.721169583224355003e-03
5.700887696061722118e-03
5.983438564266457989e-03
5.655438156929360610e-03
5.237261345168997551e-03
5.303225758592718976e-03
5.318429431086562666e-03
5.484442887524510445e-03
5.204978682322642693e-03
5.223797225535636683e-03
5.197195960020809316e-03
5.192507405983548714e-03
5.192797848058938910e-03
5.203838840326601399e-03
5.219897796935038178e-03
5.252626361732040845e-03
5.235321146001345807e-03
5.277520528349248854e-03
5.336193239451855405e-03
5.313288373298951858e-03
5.389660346316980412e-03
5.416501028174203203e-03
5.371460848374306346e-03
5.412805543203503579e-03
5.382094352398152787e-03
5.399869634959124191e-03
5.484074284911874715e-03
0.000000000000000000e+00
2.062317368289328539e-05
0.000000000000000000e+00
2.316464832797705226e-05
5.840019873678167333e-05
8.538113229803763861e-05
5.429054526785628815e-05
8.903250347584780217e-05
1.283040027770598966e-04
1.389873034763343699e-04
1.581256877719483696e-04
1.963521102317363431e-04
1.511616428328480400e-04
2.040781041469677494e-04
2.711220456322445079e-04
3.239070605769064611e-04
3.141318101641539626e-04
2.617888832374119681e-04
3.990664313193982246e-04
4.468561789201707041e-04
3.889861583973399143e-04
4.565183423721563371e-04
6.590710669332817311e-04
7.110176900815096080e-04
6.483690385725192958e-04
5.354581946659005276e-04
5.864108525540685660e-04
5.256982637806748276e-04
7.214926743495035481e-04
8.688379304926915946e-04
6.798786429667929513e-04
7.325305528171243341e-04
7.429110424480190201e-04
9.919759588504675329e-04
1.114934207377787185e-03
1.555929962915538920e-03
1.547038545229387175e-03
1.611247967098595763e-03
1.428230798136959903e-03
1.421873977071008667e-03
1.482848310522326320e-03
1.219494219080371686e-03
1.257875568498009831e-03
1.198685636363320010e-03
1.274120955699557150e-03
1.314708591025046764e-03
1.364739707550400010e-03
1.322163275589513347e-03
1.619516478137153232e-03
1.698739605620039469e-03
1.754434298613525862e-03
1.691496455877271711e-03
1.822652689297952610e-03
1.816894634721364548e-03
1.879235797034973761e-03
1.953615805997996769e-03
1.945413277843385455e-03
2.004840508842913038e-03
2.212405268369088858e-03
2.111183890967899702e-03
2.010087951915439080e-03
2.269457790797988622e-03
2.444957858173050190e-03
2.497877456704954580e-03
2.455121929182568340e-03
2.356796337034645396e-03
2.410173298822346471e-03
2.364456072112535584e-03
2.527251243537277474e-03
2.539999927983032681e-03
2.579790026443087945e-03
2.263877568544790317e-03
2.317201121918575999e-03
2.266654575092815274e-03
2.600526095274680212e-03
2.650920952377096209e-03
2.617421899684525214e-03
2.761902383465409706e-03
2.784616209165746963e-03
2.733339887102150846e-03
2.811268033696138775e-03
2.823569576434089429e-03
2.867019554649433751e-03
2.843311995362661493e-03
2.867566383449128131e-03
2.905872920199192768e-03
2.945711984012334451e-03
2.909715663715301687e-03
7.081184351715480441e-03
6.766928095503814237e-03
6.863760485055971083e-03
6.749159608335316383e-03
6.505551917898187188e-03
6.620139887978768352e-03
6.523603111678409790e-03
6.448598297341062192e-03
6.138051622715919031e-03
6.246182854579823002e-03
6.192106224512875477e-03
6.082618051464732355e-03
5.600043245714268238e-03
5.670935397081973417e-03
5.685344221359972181e-03
5.694081465031999162e-03
5.810495181636828564e-03
5.769393542422925417e-03
5.875048477621724191e-03
5.644482228075542972e-03
5.614672175978834175e-03
5.919987219088118126e-03
5.583907192922014234e-03
5.269884572878020049e-03
5.252792061347259789e-03
5.334854955448073074e-03
5.436100227037976226e-03
5.417244066455966477e-03
5.502652962429323974e-03
5.061285125971786390e-03
5.136454829944531869e-03
5.130412386007880167e-03
5.077676188980649423e-03
5.157348603146924733e-03
5.144747848442869642e-03
5.059231911053409768e-03
5.127669705510161206e-03
5.129338244455976942e-03
5.060522338919618522e-03
5.128391782613941040e-03
5.125145088744247415e-03
5.067100501455238173e-03
5.131788361208320173e-03
5.128593038170510890e-03
5.081192007221903631e-03
5.146408279278064969e-03
5.139092718318044421e-03
5.098475098688792263e-03
5.155378367783489818e-03
5.163525604843481262e-03
5.127037284866083067e-03
5.185561409496342207e-03
5.194929061456736441e-03
5.110452933890040524e-03
5.176356884203323419e-03
5.170079932684239904e-03
5.150244012997005384e-03
5.207887141080957266e-03
5.220896299677302982e-03
5.181607058464745598e-03
5.238566926732707990e-03
5.257642638231538670e-03
5.223475180999615462e-03
5.315224683811402805e-03
5.281356999504219912e-03
5.246399565170636534e-03
5.326347321382829576e-03
5.331792746049401205e-03
5.235559841712518134e-03
5.326069465175747863e-03
5.304991506378128885e-03
0.000000000000000000e+00
2.534473567012103995e-05
0.000000000000000000e+00
2.742688626272584061e-05
6.197506653539113105e-05
9.246130996238874464e-05
6.038980233580455975e-05
9.637706298534406133e-05
6.753192592069774051e-05
1.045355701800765758e-04
1.007196908733148650e-04
7.417487087687629462e-05
1.149711190865221452e-04
1.092794586147654082e-04
1.710600809712747210e-04
1.646764606663963528e-04
2.118051644426570510e-04
2.894212826094163301e-04
3.341472229419272595e-04
2.803839339696989315e-04
2.200443812672543903e-04
3.433954912303100382e-04
4.169027810135581620e-04
4.662955651704648783e-04
4.081397265614259491e-04
5.966006497196265973e-04
4.754468552406666175e-04
6.696752902258179888e-04
8.277016884180502356e-04
8.796337208551601762e-04
8.175724149448779622e-04
7.024602666565406186e-04
6.913342879281296266e-04
7.547596417716893142e-04
9.551986350066516297e-04
1.004208767502410725e-03
9.435988318980788802e-04
1.086882037680554592e-03
1.132223445146578579e-03
1.070222135032488243e-03
1.491841682114623509e-03
1.371300446335567890e-03
1.152824860736157688e-03
1.267035717649211230e-03
1.573313290382956841e-03
1.628340462804872373e-03
1.564951444198256492e-03
1.760572333562575960e-03
1.635867164605629958e-03
1.888082957805365747e-03
2.155721709542739433e-03
2.156053873827073423e-03
2.212245776424938502e-03
2.043364164742543596e-03
2.099172912882138215e-03
2.055412121019679472e-03
1.998878383335688218e-03
2.212234878521132566e-03
2.486719703767112377e-03
2.401356141556348130e-03
2.310686517593140820e-03
2.564724250620820101e-03
2.165108482147047337e-03
2.216579410428012094e-03
2.214673275273641891e-03
2.664785303269041200e-03
2.683934354026011430e-03
2.633651835804395620e-03
2.712798762859675375e-03
2.794271904779942022e-03
2.834403688595843202e-03
2.830651130091107592e-03
2.871606887864440027e-03
2.870639930839823974e-03
7.015345745757697003e-03
7.109573146002941615e-03
6.986581804198050555e-03
6.890953313166512696e-03
6.635719580849031192e-03
6.428745466392290706e-03
6.252281950088612109e-03
6.303171687306611572e-03
6.194047456604527026e-03
5.902245631545411861e-03
5.965851531567476114e-03
6.020245272985124546e-03
5.523246916511408318e-03
5.626785029489478167e-03
5.591515964386352053e-03
5.595424383658992480e-03
5.702926655835766426e-03
5.662988427127177253e-03
5.480229879956175290e-03
5.569810911902698877e-03
5.555658958880726334e-03
5.461972891264667805e-03
5.531048315922217420e-03
5.546270605565977417e-03
5.855264924090177424e-03
5.517964146709430397e-03
5.352896914462450424e-03
5.105290863903385636e-03
5.187457407178701699e-03
5.171283250141347348e-03
5.068732530621849683e-03
5.059500903285386354e-03
5.090732779922274923e-03
5.059189176049814010e-03
5.063173396418258268e-03
5.073520563502008709e-03
5.089239166903797816e-03
5.103782501449693684e-03
5.117944559750240222e-03
5.137759228456496331e-03
5.164933308839011680e-03
5.201429963447124633e-03
5.234506820414572097e-03
5.241902602832780762e-03
5.175862440648991945e-03
5.208811921827784935e-03
5.279821587108844694e-03
0.000000000000000000e+00
2.946849899886139605e-05
0.000000000000000000e+00
2.945472398875067407e-05
6.485880532225147925e-05
7.091146053618084522e-05
8.037234277870728306e-05
1.193776959837309395e-04
7.732231064602225479e-05
1.245656784155641883e-04
1.833254201854764710e-04
2.273571181907923838e-04
2.353724312171217930e-04
1.772756482442051538e-04
3.029194790126972015e-04
2.963058931232418836e-04
3.511005259254826034e-04
3.591151249212881235e-04
5.542235644580076337e-04
6.066895983578611887e-04
5.450168087170499795e-04
4.329927188963965043e-04
4.842580172628871350e-04
4.250938137346987411e-04
6.164330445300015377e-04
8.910147846316457659e-04
7.645989748755363221e-04
5.729421267191468986e-04
6.371154146816601594e-04
6.264256360737468490e-04
1.020636013687466854e-03
1.447075327799498840e-03
1.437920149829778442e-03
1.501437200550175422e-03
1.322264192736995496e-03
1.318769006491525651e-03
1.375148232146643570e-03
1.097208350733482529e-03
1.158307377729217609e-03
1.092324789540727271e-03
1.202540937629223167e-03
1.211413837490245065e-03
1.258489960957890740e-03
1.510005478587141299e-03
1.709436590962750465e-03
1.704444776174304137e-03
1.765893377687902371e-03
1.585893584312491516e-03
1.642186636941566670e-03
1.579919321869228043e-03
1.827578739183768506e-03
1.890337633287723224e-03
1.825516028155947093e-03
2.099602879796505072e-03
1.935372418148768089e-03
1.944890894655759749e-03
1.989156950252988013e-03
2.160786707326233218e-03
2.424141054641243236e-03
2.434861055036553843e-03
2.475173631991441168e-03
2.340002235493223327e-03
2.392006394057223390e-03
2.348737053846915255e-03
2.250333367538460364e-03
2.303142021206472986e-03
2.257439688488989751e-03
2.500558871129331812e-03
2.550005936578178447e-03
2.514164137687526033e-03
2.156783422919604509e-03
2.209961041987601200e-03
2.161224090664330862e-03
2.568725034089519403e-03
2.616215435926449312e-03
2.584770354357195619e-03
2.718066062959605730e-03
2.740096916765117404e-03
2.692514417163581475e-03
2.770241589285659441e-03
2.754959394497980690e-03
2.788640172400983896e-03
2.794754666571654198e-03
2.834391654913059021e-03
2.868851211030935301e-03
2.835531408182998328e-03
6.824878816180654680e-03
6.920466813945324452e-03
6.794850455545980994e-03
6.575311726945062656e-03
6.539003264511788170e-03
6.671523774911808716e-03
6.379102864546921242e-03
6.014152777293572429e-03
6.133348257200121716e-03
6.076119606584129765e-03
5.957057762741574738e-03
5.558279138720860491e-03
5.500771998212194980e-03
5.678164471908998291e-03
5.744392489201282856e-03
5.635692794176480960e-03
5.470361000587727757e-03
5.448349729588015770e-03
5.790213938508335934e-03
5.308393003308958802e-03
5.288327724794322435e-03
5.372223488099672414e-03
5.142430787163045601e-03
5.206173796634311172e-03
5.123058867204800804e-03
4.919890641897344853e-03
4.998697358665107025e-03
4.990597039201436630e-03
4.912453109140724021e-03
4.986811010617055694e-03
4.985807101357531829e-03
4.940174920751108471e-03
5.022626741189950214e-03
5.008966925064911938e-03
4.915046753611949926e-03
4.987125307021262818e-03
4.987731375174791863e-03
4.902955497616944686e-03
4.985079892985364372e-03
4.981766457237364609e-03
4.962549773270622140e-03
5.021730056517069093e-03
5.014845974900497549e-03
4.966577453832192977e-03
5.024040434984777814e-03
5.032267775623192399e-03
4.978550146541952173e-03
5.044151128759867542e-03
5.038788568101352193e-03
4.991508889776108231e-03
5.058746830476397970e-03
5.051429375965057339e-03
5.010810190137477901e-03
5.069597965091108063e-03
5.079772367569948197e-03
5.034175224871567655e-03
5.093203260681959665e-03
5.106793485498211174e-03
5.059987521798097083e-03
5.122258141254928954e-03
5.140226030523161599e-03
5.086089427345587971e-03
5.156848494366708495e-03
5.164238800990565356e-03
5.111791362693014588e-03
5.171603786018797236e-03
5.180742828712976179e-03
5.042197678565727044e-03
5.105962852611803555e-03
5.139821837551829253e-03
0.000000000000000000e+00
3.120372753031364831e-05
0.000000000000000000e+00
3.235788380901447395e-05
0.000000000000000000e+00
3.575188311747057372e-05
3.391920696596648511e-05
0.000000000000000000e+00
3.894324795991892414e-05
3.718026386321312567e-05
8.681847307965229676e-05
1.290363176897528030e-04
8.363590900387531254e-05
1.946748905412671801e-04
2.421337525449112954e-04
1.890795026864063727e-04
1.339726347632507755e-04
2.478950441249677152e-04
3.167926180855621548e-04
3.669380912533229617e-04
3.099697333065222211e-04
4.929193403104225029e-04
3.741694798329539030e-04
5.637390140286382273e-04
8.466463452705912498e-04
9.008939040892764748e-04
8.373723728318428370e-04
7.081870966977584034e-04
7.678925929265838614e-04
7.055464419387059375e-04
6.117726132897002844e-04
5.923359352999928770e-04
6.570358798345460804e-04
9.746957112890712940e-04
1.030761898984015748e-03
9.651642614897033888e-04
1.384474471326244864e-03
1.262212209627839145e-03
1.035632814856524359e-03
1.149681932754629881e-03
1.461643427256156336e-03
1.517367443597541013e-03
1.454648541514680761e-03
1.768455904956338105e-03
1.647558285153899547e-03
1.523623470919321325e-03
1.881553884634507142e-03
2.049840639192763211e-03
2.046878535324263455e-03
2.102526674983034270e-03
1.992805334827985921e-03
2.107647092855543386e-03
2.463053174399950848e-03
2.382624287158152578e-03
2.295604288417706952e-03
2.203889195536829024e-03
2.535492086164181560e-03
2.054005591784754253e-03
2.105624093860715158e-03
2.109231414142001115e-03
2.627094324762473381e-03
2.645905624789157088e-03
2.598884186715177697e-03
2.672029694456744525e-03
2.737739971946568252e-03
2.770312976504620255e-03
2.801410923710137731e-03
2.763594962104915995e-03
2.802828712709779912e-03
6.699899169016656185e-03
6.336905727641702415e-03
6.421445073559882595e-03
6.456009497536028402e-03
6.293492515053354490e-03
6.117663338782054240e-03
6.185044731746482637e-03
6.064800951103507982e-03
5.773982856679469970e-03
5.894167500536721949e-03
5.838161270148289721e-03
5.383978716226005788e-03
5.489645498294691561e-03
5.453695828955018067e-03
5.320142817814429818e-03
5.400375157972869822e-03
5.421455039029910751e-03
5.457389695564387327e-03
5.567740232876886020e-03
5.526507926879224361e-03
5.341247347000419206e-03
5.401656983703588544e-03
5.410540459596167688e-03
5.385142813956533131e-03
5.724906149833223178e-03
5.225280315427116400e-03
4.968031796717256761e-03
5.055108080628188151e-03
5.036726601156935913e-03
4.915472442922065935e-03
4.929321156306599137e-03
4.913040786766771119e-03
4.953352473502343513e-03
4.908218071878137773e-03
4.932276157677403447e-03
4.964143755329445545e-03
4.971990836075591488e-03
4.984443511261393324e-03
5.000544361275279653e-03
5.021897489595529909e-03
5.046572334551452550e-03
5.072729755864337914e-03
5.098792683064738880e-03
5.079240122658108987e-03
4.967290603157919517e-03
5.008227415037979323e-03
5.071835868485656887e-03
0.000000000000000000e+00
0.000000000000000000e+00
0.000000000000000000e+00
4.025432792083791526e-05
0.000000000000000000e+00
4.220729590847579354e-05
9.380886239497622536e-05
1.432220855393974022e-04
1.386310804464732486e-04
9.034194875155523194e-05
2.057936541895297091e-04
2.544112524275964180e-04
2.002997596096594082e-04
2.604564766161671075e-04
4.487448824727577898e-04
4.410016941348824412e-04
5.014872529484836697e-04
3.353102856283495989e-04
3.260981665777714679e-04
3.841849764208139198e-04
5.101973949314985227e-04
9.102717208763428172e-04
7.768864571625867192e-04
6.596529699965546960e-04
4.897269238991669221e-04
5.503466931811332131e-04
5.314831989752157732e-04
1.337198641920588245e-03
1.329994787959293224e-03
1.392017739697761327e-03
1.207133609599368371e-03
1.264550339196909194e-03
1.205113582341322577e-03
9.903921304317095820e-04
1.043763254105981118e-03
9.827715827259559354e-04
1.121006717361186424e-03
1.161780322375468178e-03
1.109347647312269218e-03
1.399266216590350827e-03
1.718700471054534227e-03
1.714394516142962732e-03
1.772946867225150269e-03
1.596780620212942103e-03
1.591632343840798224e-03
1.652930899808969243e-03
1.472912324158771056e-03
1.467551949851850918e-03
1.529251033334676950e-03
1.832221238211501936e-03
1.883588472285850678e-03
1.830262862646690660e-03
1.943571944903616996e-03
1.996451532464064375e-03
1.939847415561674667e-03
2.052244701057857109e-03
2.404211117272735208e-03
2.414298890714552514e-03
2.451864579931056515e-03
2.323259805883802660e-03
2.331794099202252630e-03
2.373208714177716880e-03
2.235049691568832819e-03
2.242875399602620168e-03
2.287063080133832933e-03
2.144509992112113989e-03
2.197008756403617986e-03
2.150853054972416689e-03
2.474659635618127289e-03
2.521153555992047910e-03
2.487612088605047501e-03
2.049587503942899847e-03
2.102830025396132223e-03
2.052020785447547166e-03
2.538019870924796556e-03
2.582022962322018736e-03
2.553223340768804531e-03
2.673282425740397279e-03
2.651064719590323811e-03
2.695360432379032261e-03
2.713838397764297729e-03
2.700080746484774270e-03
2.726754583405819384e-03
2.735242007630499239e-03
2.774550340623782845e-03
2.803249200030765234e-03
2.773143519760483400e-03
6.631553036650013853e-03
6.728598787593293232e-03
6.602242561091820928e-03
6.386895695901156217e-03
6.481493765161899616e-03
6.360895176987894917e-03
6.227356729469245289e-03
5.881948062567371113e-03
5.999971839234853263e-03
5.948100663230300976e-03
5.826749954041917506e-03
5.419620040289803604e-03
5.350797907441756304e-03
5.330036648325074851e-03
5.542154477442965896e-03
5.498614221852988863e-03
5.610256058014751086e-03
5.324283678984530893e-03
5.658079866507599066e-03
5.186073746070342036e-03
5.247130103459765951e-03
5.163094790834398852e-03
4.997566757668193971e-03
4.981990012221312013e-03
5.070106202126057650e-03
4.763395452967450136e-03
4.841618175006474380e-03
4.837964835162909469e-03
4.789044735851102387e-03
4.854510656336896539e-03
4.864507765186199678e-03
4.753050707156381179e-03
4.832813644613386146e-03
4.834044082818448294e-03
4.799936508192530898e-03
4.870147978878606662e-03
4.883873759801474722e-03
4.726045101032006444e-03
4.820787460292699778e-03
4.814423182402246051e-03
4.836289213506281791e-03
4.869222383597622723e-03
4.899615942399554620e-03
4.901116832233405954e-03
4.849712836999618866e-03
4.908412721284415893e-03
4.913848213817942692e-03
4.858324163403946426e-03
4.918881025106103776e-03
4.924532707855814456e-03
4.871728793515837756e-03
4.940688301497281505e-03
4.932274880483390571e-03
4.890819942013758040e-03
4.961644925315952630e-03
4.951741102951347923e-03
4.912022101628685765e-03
4.984790871492174660e-03
4.974382976217741475e-03
4.924519237807898839e-03
4.994089563123913986e-03
5.003756793747207547e-03
4.926172396265554587e-03
5.009024725483501340e-03
5.017678437561748361e-03
4.981848003239614832e-03
4.842305125814933865e-03
4.942202113864486122e-03
4.902059675351752230e-03
0.000000000000000000e+00
4.341684906606788020e-05
0.000000000000000000e+00
9.821736345565047570e-05
1.464803596798717631e-04
9.606554385509315827e-05
4.571290462814740757e-05
1.510397750534318905e-04
2.185456394307725748e-04
2.677015919647313200e-04
2.122139730356213921e-04
3.913791033288759134e-04
2.761643865816606385e-04
4.692457945922032031e-04
8.628764172842829164e-04
9.187340623245894350e-04
8.549581270561773831e-04
7.559274395035390191e-04
7.320865671833109078e-04
8.012863231716112287e-04
5.815922748546138114e-04
6.445014816141149232e-04
5.968227772894550221e-04
5.353000078988377807e-04
1.271958932290271141e-03
1.163970013435250157e-03
9.262751922316183771e-04
1.055373718435959887e-03
1.353685021585958152e-03
1.407541959815802142e-03
1.345726158622713052e-03
1.657686928347016243e-03
1.775480233204114510e-03
1.534740550716126931e-03
1.413182499151355255e-03
1.887995378655066021e-03
1.998983276838024910e-03
2.364373104853954421e-03
2.440152656309381093e-03
2.279650004306793890e-03
2.190168266625943261e-03
2.097375993159697992e-03
2.507187696375594473e-03
1.947275161762606396e-03
2.000337502663080465e-03
1.998650950400256143e-03
2.590329538589970521e-03
2.565102929313435327e-03
2.608295481966225234e-03
2.631119245967816767e-03
2.687438354540385658e-03
2.715510673013379374e-03
2.741871542310223529e-03
2.708429092274951613e-03
2.745344015242740486e-03
6.509032754500051511e-03
6.190554453529477016e-03
6.263940741431254892e-03
6.288559220307163126e-03
6.153324818033087396e-03
5.998280636712035457e-03
5.938846637525615861e-03
6.057914132487263528e-03
5.638502869059402664e-03
5.760302332449208917e-03
5.706335391175733178e-03
5.239759087914944505e-03
5.348527821314255810e-03
5.312007499156268936e-03
5.180066548346544050e-03
5.281968283137665823e-03
5.250103617286801423e-03
5.252090917157420380e-03
5.263804204466442441e-03
5.322160287372244315e-03
5.389885439268998421e-03
5.432098887865425933e-03
5.589107628989231635e-03
5.091485174315141075e-03
4.819294289475467910e-03
4.893790719344508731e-03
4.908326287781285963e-03
4.757608538213599532e-03
4.775577268703310070e-03
4.793794522616756822e-03
4.738901795152150945e-03
4.808826663004752214e-03
4.750060489899464271e-03
4.826774634351859057e-03
4.737570369897280316e-03
4.792823328526648469e-03
4.842391561694530007e-03
4.853566231364957705e-03
4.864631957317770532e-03
4.880934141766163879e-03
4.901220776944449284e-03
4.918508188599443609e-03
4.926262810066649872e-03
4.887957492304534010e-03
4.758424110265188287e-03
4.804478280670462613e-03
4.862893308646328190e-03
0.000000000000000000e+00
4.795955778203107959e-05
4.683850689278185942e-05
0.000000000000000000e+00
1.039798133670857214e-04
1.548872355235562611e-04
1.011260558225284375e-04
1.603187280666440613e-04
3.598814058237589757e-04
4.044446799629038049e-04
3.476443485970367965e-04
2.354268232916126237e-04
2.269921528770332418e-04
2.854113667799277275e-04
4.240797780226569368e-04
8.091082773677463983e-04
6.150830936072174560e-04
6.850813099519078176e-04
6.618855339671937807e-04
5.983959493223364994e-04
4.841240679742496575e-04
5.327872493121427145e-04
4.871649878144482400e-04
1.231566413802944295e-03
1.284265686624325902e-03
1.219606195138885985e-03
1.130594246153358937e-03
1.168867112665658570e-03
1.126046507221571940e-03
8.763314592267280921e-04
9.332752353805051377e-04
8.697935320931641243e-04
1.004307023233486605e-03
1.062557459977042347e-03
9.975658857727138108e-04
1.292494939913700408e-03
1.610186264502452922e-03
1.603735344242782513e-03
1.664233170322425640e-03
1.724730185769392981e-03
1.721982746549418145e-03
1.778234399755678277e-03
1.483489675006554936e-03
1.539939233558868794e-03
1.478433967592855365e-03
1.364412204208849009e-03
1.359281935791356458e-03
1.418508425726154815e-03
1.838130397635982403e-03
1.890579800019102702e-03
1.835467105001825508e-03
1.945695412320386274e-03
2.308868868375245353e-03
2.316063872488515179e-03
2.356067832331683494e-03
2.386028255051895076e-03
2.395022625735980949e-03
2.429848283666427231e-03
2.226836573128403076e-03
2.231027679834908430e-03
2.274607121272479576e-03
2.135656414557592780e-03
2.140177818351443953e-03
2.184946489105621132e-03
2.043331907828769851e-03
2.093553159630049797e-03
2.046599529654481806e-03
2.450643397514616021e-03
2.462387519972613053e-03
2.493835648943314252e-03
1.945556425297668155e-03
1.946598817592811717e-03
1.997201014642541617e-03
2.509406508853568273e-03
2.549441752382290097e-03
2.523239151467178247e-03
2.639261545846355913e-03
2.615254136932844854e-03
2.655876532961721354e-03
2.669646046760262240e-03
2.648465469242321235e-03
2.682175752884118081e-03
2.673322537805187648e-03
2.726104850044542595e-03
2.749037732027471807e-03
2.721162920664494788e-03
6.435075805233897960e-03
6.533739582582655941e-03
6.409737505018484917e-03
6.159341899229879395e-03
6.273751970385948833e-03
6.174281489165907646e-03
6.094687202682067852e-03
5.747438591621059981e-03
5.814775898387893049e-03
5.872978986109845742e-03
5.691713394271987608e-03
5.208920728660661019e-03
5.279847789047019402e-03
5.150410971713549266e-03
5.235431673194072127e-03
5.164585627485034601e-03
5.167706494828915031e-03
5.412119340444103421e-03
5.477227817372804300e-03
5.365936179213598792e-03
5.525274346407659659e-03
5.025536601632897733e-03
5.010844255027958362e-03
5.106055553103882108e-03
4.843721722548818137e-03
4.830683306333800886e-03
4.920810300368273944e-03
4.611630587324108861e-03
4.687545311271833388e-03
4.682377679690659378e-03
4.637151104307741210e-03
4.713037224293821145e-03
4.700325131422311391e-03
4.679410700855307984e-03
4.734258779610043925e-03
4.739487744471452060e-03
4.590119582872909804e-03
4.671757400660598789e-03
4.657974022163625591e-03
4.682052072778872254e-03
4.741072226746611759e-03
4.750408478518539264e-03
4.593420782104793224e-03
4.659759818214496453e-03
4.671974147338775474e-03
4.693028855555216212e-03
4.764837264696653550e-03
4.721499506404431071e-03
4.715041642231221873e-03
4.775937977307491943e-03
4.782240995345340973e-03
4.725001020094671961e-03
4.787806350750880950e-03
4.791369627589968892e-03
4.733876233879631516e-03
4.802371008018401638e-03
4.796731358182274897e-03
4.748041441188748449e-03
4.810745473753077518e-03
4.818793411563574922e-03
4.759288638558850301e-03
4.826233352339948969e-03
4.834662184307495468e-03
4.776893360436813146e-03
4.849292243439998033e-03
4.845831961173802105e-03
4.764001023616355746e-03
4.845408956559903169e-03
4.842634437029590642e-03
4.702595392442800865e-03
4.770134034249282756e-03
4.815400035704988507e-03
4.645213481571281583e-03
4.699950847899369254e-03
4.743930133563392486e-03
0.000000000000000000e+00
4.898192942196253957e-05
0.000000000000000000e+00
5.088250295136445339e-05
1.166829699308473682e-04
1.675751636813310698e-04
1.102963433084728118e-04
2.968201188139859875e-04
1.751696435992177597e-04
3.652083578377266848e-04
4.273550596217106485e-04
3.626725713387830060e-04
7.488269728471426499e-04
8.057365567137352632e-04
7.525656419786022925e-04
6.814378700167656767e-04
5.490181547179317926e-04
4.240737937369502071e-04
1.180956489004991164e-03
1.067182824238039869e-03
9.399949948368286788e-04
8.121986441825479941e-04
1.249066370519914511e-03
1.301245688157886930e-03
1.240573361869092657e-03
1.667475814703078081e-03
1.546763060753646082e-03
1.781505001369014778e-03
1.423860726932996536e-03
1.306645973844012968e-03
1.892815043606418555e-03
2.348117566494795777e-03
2.268390537381356330e-03
2.419018265273492185e-03
2.181688977409857247e-03
2.089838171562554640e-03
1.994677314058935363e-03
2.480801720799697633e-03
1.840091971783064688e-03
1.893003503717549316e-03
1.893339067199037960e-03
2.574333372031984476e-03
2.581976841418165761e-03
2.542904499658838087e-03
2.605865596992826445e-03
2.644123324912731228e-03
2.669727475594145007e-03
2.691499187823158910e-03
2.659554765643455058e-03
2.698160587600260344e-03
6.296973865202479086e-03
6.077557590214189946e-03
5.866470550951709967e-03
5.805723814674482869e-03
5.932459081725315053e-03
5.491710796496073431e-03
5.619768765297448489e-03
5.565230774834802226e-03
5.022147680823281675e-03
5.130818119104207063e-03
5.101346932092513942e-03
5.102158307190063184e-03
5.212218468275077801e-03
5.171044848570002100e-03
4.963527106632620832e-03
5.071425781009695349e-03
5.057320328249751730e-03
5.087610345577721176e-03
5.229475265166604742e-03
5.275797588332033737e-03
5.320586113711151151e-03
5.450535433337830304e-03
4.934614727309820370e-03
4.649011500594489241e-03
4.746169220124556339e-03
4.734417073624988363e-03
4.600397631640051888e-03
4.623854393808241384e-03
4.657646616482554770e-03
4.680086580277983618e-03
4.554920134476786973e-03
4.640814618431443259e-03
4.572298417473873861e-03
4.664845038470794188e-03
4.573884415267011165e-03
4.642958175381337038e-03
4.703762984128453430e-03
4.719692770416740110e-03
4.729186291471428397e-03
4.740806493639929467e-03
4.753745936052575054e-03
4.768315208106347659e-03
4.771329183746816742e-03
4.735949122902380695e-03
4.676752460212874052e-03
4.550651633879574873e-03
4.602443209447378177e-03
4.654010804189647257e-03
0.000000000000000000e+00
5.182860664975808294e-05
0.000000000000000000e+00
5.720474269611985132e-05
2.456640568669601270e-04
3.026472558264324303e-04
2.406000948119922623e-04
1.211339345768280975e-04
1.189368808500359110e-04
1.781494653490793979e-04
3.047306378869110623e-04
6.177891465005101723e-04
6.829827660258682267e-04
6.166137656965432930e-04
4.923435931016065768e-04
5.535532777593340104e-04
4.883628620449232891e-04
3.706920270581337226e-04
4.272701791164801592e-04
3.680568697498424742e-04
1.136522402943098429e-03
1.183975758401584026e-03
1.133791498781912136e-03
1.016304322102826391e-03
1.073329243317650136e-03
1.010504263425718481e-03
8.886882239295631515e-04
9.463781370677652304e-04
8.826833982465237495e-04
7.620290383578935808e-04
8.190644872363863184e-04
7.555885389369103615e-04
1.192667524165825013e-03
1.619994810856662448e-03
1.672121182120857395e-03
1.615310617690304731e-03
1.496930950918569413e-03
1.490418282004339016e-03
1.553318004743183206e-03
1.732227739622564829e-03
1.728682074033666182e-03
1.784896642625777470e-03
1.373038954726171421e-03
1.368909758524072080e-03
1.428069540028083576e-03
1.262454895946431505e-03
1.313289771214955649e-03
1.255959492997299086e-03
1.839295518852118077e-03
2.301442248824028553e-03
2.343277080530887894e-03
2.305014707699721069e-03
2.220784058459043548e-03
2.264427860449319714e-03
2.223747703772341495e-03
2.367828067158804332e-03
2.408789426384582745e-03
2.376568334525752928e-03
2.135322201471106553e-03
2.135511683724200180e-03
2.180722781400420453e-03
2.047266315421546364e-03
2.045373058444556122e-03
2.091141346981283903e-03
1.952003236480473339e-03
1.997310409699503027e-03
1.948880288086729659e-03
2.430662054827228795e-03
2.440136573955930394e-03
2.469613240252748962e-03
1.841363613422972298e-03
1.893067060106476450e-03
1.840805388205958961e-03
2.487497965645657592e-03
2.530452811723381094e-03
2.497733605903793529e-03
2.611768450404957677e-03
2.607845011546610151e-03
2.627086352420052607e-03
2.638926535693579111e-03
2.689270591400952631e-03
2.706468587432671585e-03
2.679714816068607796e-03
6.235009015065406078e-03
6.335525921505310264e-03
6.195651226945870019e-03
6.013223059585034655e-03
5.602484276267592593e-03
5.734766696627843600e-03
5.675076297001757641e-03
5.545823458899943291e-03
5.060781213973416549e-03
4.991573269992290694e-03
5.164846631728728203e-03
4.994204114915793379e-03
5.222477080176755534e-03
5.317726541102958497e-03
5.225057768477631322e-03
5.356937361018786897e-03
4.902308231058713148e-03
4.730240034371947268e-03
4.786891353544110370e-03
4.688122539795803838e-03
4.461508615623792709e-03
4.536648649969457492e-03
4.525860177429068439e-03
4.481022543754909458e-03
4.546417833021464822e-03
4.559068447067417262e-03
4.501419742368012109e-03
4.590316058358870355e-03
4.569417194860576556e-03
4.539638919397104809e-03
4.610590445158772172e-03
4.609688094197894950e-03
4.440398436723298065e-03
4.515442362940944379e-03
4.497737910372919326e-03
4.543209522655911048e-03
4.595539537348633519e-03
4.612819989840457637e-03
4.429955147580538245e-03
4.492623482096726531e-03
4.511873205132807887e-03
4.580706626879918128e-03
4.586777727479098010e-03
4.637090687498710700e-03
4.647755885380886604e-03
4.587862988182096757e-03
4.656242010276503279e-03
4.651873464536290456e-03
4.598243845315526032e-03
4.665747583783575771e-03
4.662213662264846382e-03
4.606093702640089681e-03
4.676588387804917271e-03
4.670773542021718766e-03
4.613094817677730088e-03
4.681624901727829240e-03
4.685507099684417184e-03
4.605950478491854794e-03
4.684117900718491774e-03
4.690413141659403005e-03
4.652597582198393297e-03
4.707340204080459958e-03
4.715455137596011315e-03
4.592289284706011637e-03
4.678521720451046632e-03
4.646356258016449275e-03
4.536392558115488055e-03
4.619487666465607774e-03
4.589705243380829726e-03
4.463502411714836103e-03
4.554280180483955866e-03
4.506511215247560598e-03
0.000000000000000000e+00
5.813812704621023356e-05
0.000000000000000000e+00
1.825109618201391985e-04
5.954635284243336014e-05
2.251989159280060689e-04
2.949244395789856355e-04
2.356175773627765431e-04
5.545765286907336456e-04
6.893745991764422707e-04
4.309598010687537215e-04
2.970514007467318592e-04
1.076210927881705252e-03
9.522113504954754244e-04
8.250232321054544633e-04
1.145845650934848711e-03
1.197327146661089289e-03
1.141375866865693188e-03
1.676154050169579657e-03
1.558444348300949472e-03
1.434929715479345410e-03
1.786280226947760614e-03
1.317685157270563406e-03
1.204042127830224490e-03
2.335182225843778891e-03
2.261726076566513040e-03
2.178543389392518029e-03
2.399887344101888330e-03
2.091650936396722334e-03
1.999868081864650173e-03
1.896875303635333796e-03
2.459750194343351438e-03
1.735812013831825864e-03
1.788768240166934993e-03
1.787631437301903268e-03
2.540225184458394427e-03
2.514545474603188755e-03
2.555978331163478133e-03
2.591680223939467082e-03
2.637183573341241646e-03
2.622785792981678892e-03
2.652206412761629831e-03
2.663343023621721640e-03
5.958692435872689312e-03
6.096842805515309723e-03
6.059476630614082926e-03
5.911427515155232189e-03
5.738863128442987446e-03
5.669744186480273930e-03
5.802791046564593179e-03
5.339365641517540041e-03
5.471223204684781162e-03
5.415679845249259973e-03
4.875675382703864580e-03
4.988565925480027176e-03
4.949115395968723546e-03
4.806610926010538437e-03
4.914264039707479277e-03
4.885227892824704592e-03
5.055552700949088318e-03
5.142803542825563623e-03
5.078274162487051401e-03
5.137775179786853615e-03
5.278985020309386912e-03
4.846921969747006349e-03
4.501368704892996786e-03
4.575261132073567098e-03
4.615608381890405794e-03
4.450584523562269544e-03
4.470846291585691898e-03
4.490728330742277570e-03
4.519925725319782692e-03
4.540935996165533159e-03
4.434986489945817560e-03
4.438809149731946617e-03
4.544061309350009431e-03
4.491033997539086234e-03
4.459265144545670155e-03
4.444415937247161996e-03
4.526642685160939261e-03
4.519895625675112751e-03
4.584033087554984474e-03
4.592874643369670301e-03
4.602157522433377758e-03
4.609808556154388129e-03
4.610236643730890836e-03
4.629170126220229740e-03
4.623900059553365943e-03
4.566853227549666668e-03
4.503533069598462946e-03
4.347124654683670944e-03
4.410018981174880850e-03
4.447936421887311101e-03
1.379027996223820569e-04
1.915908261320822044e-04
1.294725858542629664e-04
0.000000000000000000e+00
6.040461679216078896e-05
0.000000000000000000e+00
1.810433180551356219e-04
4.970614446661148324e-04
5.572641951922588637e-04
4.948282392642323413e-04
6.252797636374650718e-04
6.217012348852015693e-04
6.933325405740330821e-04
3.745185763025845466e-04
4.332634001335857995e-04
3.727060135475800963e-04
2.563668744277408326e-04
2.407083927279862669e-04
3.133600807695846461e-04
1.026197673701855113e-03
1.081221369128919103e-03
1.021423601771666387e-03
8.991442659081750862e-04
9.575745093663524726e-04
8.940708582441551705e-04
7.757577713540840872e-04
7.690183929131281420e-04
8.320922227472806777e-04
1.085859244156183335e-03
1.647319890806164680e-03
1.633812720468481644e-03
1.689577206701142363e-03
1.526287152780175099e-03
1.572905375335874453e-03
1.511825391112181331e-03
1.395333379018260473e-03
1.445925978136643761e-03
1.384344506801853114e-03
1.734117135141420053e-03
1.277279141759556222e-03
1.325007096961221395e-03
1.270012618925442198e-03
1.159032607926532626e-03
1.210589185535949647e-03
1.152579542191593202e-03
2.287895540689951872e-03
2.327479912790383996e-03
2.294238434730296993e-03
2.216338690310142370e-03
2.258576196605167029e-03
2.218326961672614003e-03
2.135254672736124244e-03
2.177715345508893403e-03
2.135172371454323315e-03
2.355378835112405429e-03
2.361056476267206494e-03
2.392658028837584862e-03
2.048509076855302945e-03
2.091598598359006942e-03
2.047822221767727369e-03
1.972904912178572844e-03
1.962534355206671521e-03
2.009830724734843962e-03
1.862833772082550608e-03
1.906935106910122258e-03
1.852138495428844785e-03
2.416859948969476719e-03
2.423026404173007561e-03
2.451838015967649533e-03
1.738286935180685189e-03
1.737030671830658247e-03
1.789496805248693475e-03
2.472229096544253327e-03
2.505966634124947526e-03
2.478892462911426973e-03
2.574040785030167269e-03
2.582334980004717499e-03
2.593768012674884781e-03
2.609727818223803435e-03
2.665357089273820250e-03
2.675977331115855611e-03
2.651224831292018063e-03
6.030885868103014538e-03
6.133496391109613879e-03
5.993481041364312305e-03
5.848746943305947396e-03
5.488272752252166577e-03
5.614254100045840482e-03
5.545111778022340267e-03
5.411992215056290502e-03
4.840126049098013132e-03
4.939761618833574640e-03
4.907001260265163832e-03
5.021273415277810979e-03
4.767285125440048552e-03
4.997025712556605291e-03
4.950168971135229974e-03
5.086765269426071767e-03
5.002710853897890386e-03
5.060663361237759290e-03
5.200209027987566165e-03
5.141628191492044093e-03
4.586714464112248181e-03
4.658638751815576476e-03
4.542812114363632518e-03
4.469222744231267017e-03
4.305499726319545264e-03
4.383692904129190583e-03
4.372972635641403372e-03
4.326322873518170624e-03
4.394003035526977685e-03
4.403747408360623485e-03
4.347211308195956733e-03
4.424280228874880906e-03
4.414230455491340716e-03
4.368948395870663609e-03
4.454176336312215718e-03
4.435313019454646850e-03
4.403112157699041150e-03
4.473039503293866487e-03
4.471528867823117842e-03
4.287715014528990093e-03
4.364332066730583146e-03
4.358929795903491652e-03
4.420240082438981616e-03
4.301712812301078034e-03
4.366124040057050432e-03
4.380746795460273638e-03
4.418999902964688108e-03
4.439130253246966265e-03
4.500369562779564861e-03
4.503256641569854286e-03
4.451100401955574229e-03
4.520054318333453260e-03
4.524436167775898812e-03
4.467061945241705689e-03
4.536232976587253191e-03
4.533367771797115753e-03
4.472748474632173322e-03
4.542415224907992571e-03
4.540311112044613170e-03
4.467965768173567248e-03
4.541669096708683510e-03
4.536271483060779451e-03
4.482548343388235643e-03
4.545592647886604817e-03
4.567139602410077992e-03
4.536751344229927006e-03
4.422401238512276185e-03
4.507488370232122336e-03
4.478659778384256641e-03
4.360873047475106665e-03
4.448847022608029729e-03
4.411599815167631736e-03
4.276020512301060249e-03
4.311899502196869273e-03
4.369260902267256379e-03
6.797961137765751920e-05
9.077782335620984623e-05
1.144388651696129307e-04
1.573552682683273661e-04
4.352763606014092043e-04
5.607045955846191431e-04
7.000029353355082884e-04
3.148643625917615062e-04
1.166991629256375150e-04
1.858088548076746837e-04
1.709537435360446926e-04
9.624247349103801910e-04
8.371692635688736698e-04
1.036546294859589604e-03
1.091038153192964728e-03
1.031508964369644678e-03
1.691687727507196724e-03
1.586712661678736430e-03
1.460843747280090319e-03
1.336265559011414307e-03
1.218079973883547974e-03
1.097650378957930285e-03
2.322175054088620409e-03
2.252615614144362882e-03
2.176288553628679106e-03
2.092272606054634051e-03
2.386674358574632313e-03
2.010961198567282754e-03
1.917889779514568658e-03
1.800888383023008981e-03
2.445061981167013197e-03
1.622624469620724715e-03
1.678915650611577859e-03
1.680626044608742650e-03
2.523960504553140159e-03
2.530715593560860840e-03
2.498511562594255605e-03
2.561658052922057872e-03
2.617632324326454960e-03
2.626091376658610220e-03
2.600035069664404560e-03
2.641474347914635895e-03
5.761829442261418022e-03
5.860779337404545264e-03
5.896190260569066262e-03
5.749514325886097461e-03
5.624322416539371747e-03
5.175263632721898571e-03
5.331997644284843137e-03
5.257523692420325995e-03
4.661035603869623581e-03
4.768257688513447348e-03
4.734016657548901358e-03
4.746001727403614465e-03
4.842886392444972592e-03
4.811004414238521758e-03
4.696502410128687924e-03
4.841318491536173579e-03
4.948694603478433901e-03
4.890557246312120243e-03
5.003984883842904630e-03
4.894648075369335480e-03
5.116400438764961110e-03
4.383898096365568958e-03
4.485181096870527635e-03
4.442628702432924875e-03
4.314691453183038677e-03
4.376800729603799386e-03
4.407981031733437111e-03
4.296354938155305669e-03
4.315617312720192514e-03
4.336386382568721727e-03
4.357604269454098088e-03
4.385420880421439863e-03
4.294456727719463997e-03
4.264276440713273171e-03
4.333800277444821089e-03
4.351481703456370337e-03
4.360017176517049127e-03
4.434812126485968183e-03
4.459067894267670050e-03
4.470160920171048664e-03
4.471005794496572816e-03
4.476201091225830674e-03
4.454824270896650187e-03
4.394786332347798072e-03
4.321924824194943622e-03
4.149990311345276919e-03
4.217642282389782310e-03
4.247374999970406767e-03
4.458202329125192381e-05
1.036331987758390660e-04
3.777858682796070701e-04
4.372410480272843490e-04
3.762411428283945970e-04
5.009735557277697265e-04
5.629177075265781420e-04
4.991277566006971670e-04
6.324085866085219507e-04
7.037572765760786130e-04
6.289712676910213466e-04
2.574132023977317228e-04
3.157790560488302092e-04
2.569634382436902244e-04
1.176631842120502377e-04
1.869400989028270860e-04
1.172139072664034749e-04
9.035939336854493294e-04
9.647064010963129176e-04
9.014976899163174538e-04
7.651066420634472119e-04
8.318797545135965619e-04
7.705422740716797760e-04
9.698352622028367544e-04
1.634883535662292687e-03
1.574718530409420286e-03
1.410301153019734343e-03
1.468042211020069172e-03
1.402882237800256310e-03
1.292478975295700437e-03
1.343708915604694158e-03
1.284954092539117689e-03
1.169331976760200733e-03
1.223122085391880514e-03
1.164268689862725525e-03
1.047442686577062122e-03
1.103059686640838139e-03
1.042088247847950322e-03
2.280046176992733820e-03
2.317289003262965139e-03
2.283269981551505536e-03
2.210155111974751192e-03
2.248646489903177899e-03
2.212707250236013723e-03
2.130919959734612745e-03
2.173302920262038234e-03
2.132713426356252009e-03
2.045325469014351843e-03
2.089996103984843520e-03
2.046686943163335010e-03
2.345902249267394456e-03
2.349749000611847313e-03
2.380996627326912012e-03
1.954429871930265551e-03
2.001248536006797717e-03
1.963439550344094498e-03
1.908988182265436602e-03
1.739278457578486087e-03
1.738622558965223497e-03
1.800758057690343347e-03
2.408850607055149345e-03
2.411905962533224777e-03
2.440299029697550349e-03
1.655581653680531515e-03
1.639126808004798133e-03
1.696714588085176468e-03
2.465820241812465528e-03
2.494763245109262416e-03
2.467811772195584261e-03
2.553033034895452105e-03
2.570069682846816330e-03
2.593696933824369329e-03
2.574843711984391853e-03
2.653753026275678262e-03
2.658416704637787606e-03
2.635609780358672775e-03
5.822149143430646254e-03
5.927131541917290969e-03
5.790553157822965133e-03
5.539723747902333684e-03
5.651476480557462642e-03
5.512314105237014344e-03
5.274877574979471885e-03
5.223565596258842106e-03
5.382167521089538040e-03
4.622757154955863153e-03
4.702578883332904011e-03
4.792753644396163457e-03
4.790683618786185059e-03
4.925748023661132707e-03
4.870668592785758720e-03
4.692741372904571211e-03
4.821556053644017459e-03
4.767255934581679164e-03
4.902253568955879451e-03
5.038859440043351283e-03
4.981677351253354855e-03
4.449633057839381435e-03
4.518329767646450494e-03
4.415788370505143411e-03
4.348263766454744939e-03
4.288646549746296353e-03
4.153356792487074636e-03
4.229655138942320890e-03
4.220537768226468450e-03
4.167764814524857302e-03
4.247201248102313795e-03
4.236703402539517861e-03
4.181486155881143814e-03
4.264452295317563979e-03
4.254003032389303170e-03
4.201615480856932955e-03
4.285311203496366440e-03
4.274530865980987783e-03
4.225777645247686884e-03
4.314431231627565734e-03
4.297478141004561734e-03
4.139882939933984922e-03
4.214109511463851911e-03
4.220783524434192774e-03
4.244347564455358199e-03
4.246862122801519507e-03
4.333276957695276869e-03
4.274425128929338659e-03
4.328073024764091808e-03
4.389519124771033495e-03
4.373914082866000967e-03
4.334523405553190704e-03
4.393390898797014735e-03
4.400566401725042841e-03
4.335061844242367284e-03
4.401826709845316384e-03
4.403545860012626247e-03
4.332915522787170008e-03
4.399951029884187174e-03
4.403738746843195717e-03
4.319750111784778288e-03
4.394888674664767202e-03
4.400213269950907155e-03
4.294531566340455304e-03
4.389407894891740256e-03
4.357782864816350625e-03
4.251539824461039729e-03
4.337623679664209114e-03
4.305788896184344246e-03
4.179964606593230061e-03
4.227822175458115922e-03
4.270496779127627360e-03
4.080410151230924945e-03
4.177623469028302408e-03
4.115858739756829594e-03
0.000000000000000000e+00
4.514199409317169232e-05
0.000000000000000000e+00
5.749271720243210503e-05
4.389097580119196936e-04
3.170572539652840075e-04
5.662510430088622424e-04
6.983941981222147825e-04
1.869066073497585416e-04
0.000000000000000000e+00
5.806256730423394494e-05
5.813532510289845073e-05
8.340319727153381246e-04
9.157232599158706332e-04
9.759398920854317786e-04
9.097492093749408402e-04
1.502866132345394897e-03
1.514501021700765228e-03
1.562671602934748638e-03
1.351388228208080930e-03
1.456639723533220123e-03
1.230845448891029325e-03
1.108279613888434436e-03
9.813884737929498905e-04
2.313417038080347807e-03
2.245528308602987456e-03
2.170993819980357887e-03
2.088543314835432461e-03
2.000235727551394511e-03
2.377843770208668689e-03
1.850790982063942047e-03
1.902464072402096449e-03
1.856467642581720139e-03
1.697569810990328396e-03
1.795334996352513941e-03
2.437689633251171814e-03
1.539199264874761223e-03
1.597344642972375536e-03
1.580477005244470710e-03
2.521232321727484051e-03
2.493742692513859806e-03
2.521183231672293086e-03
2.547201234642756853e-03
2.612438381900381024e-03
2.613731596471502612e-03
2.591232446850417516e-03
2.632836988208896601e-03
5.680580285429482311e-03
5.407122393491303226e-03
5.018223793831511417e-03
5.146611229459454630e-03
5.096975581989589450e-03
4.555132684635771617e-03
4.515976344526760958e-03
4.588741506982042632e-03
4.630850683635979147e-03
4.599848448075418914e-03
4.673169375035995769e-03
4.720580452031149753e-03
4.844928502232703424e-03
4.740429044628472789e-03
4.645173561614419737e-03
4.958714482197008368e-03
4.234670952196019356e-03
4.341993261574507434e-03
4.309487243713849315e-03
4.181696568533618125e-03
4.282644581591188784e-03
4.248289418201640563e-03
4.125566701033325789e-03
4.220025178554409617e-03
4.195024826034234391e-03
4.146463349599331660e-03
4.160358719047302020e-03
4.174312755157117728e-03
4.191159376065894428e-03
4.213165675418187144e-03
4.125452470178687589e-03
4.214108596647512042e-03
4.132652700252854513e-03
4.079259666552845047e-03
4.171724940676161883e-03
4.152630582580514249e-03
4.186056183301152533e-03
4.287286283170686947e-03
4.331362715130319604e-03
4.335081838131021360e-03
4.334538746412476724e-03
4.327330409148473674e-03
4.308687599337614541e-03
4.275367269714662466e-03
4.218825114327258430e-03
4.133599871358152253e-03
3.960135591372091098e-03
4.024314031694946336e-03
4.053755966791911317e-03
0.000000000000000000e+00
3.803985142545145137e-04
4.404943671184518368e-04
3.791678918615281756e-04
2.603623584725112627e-04
2.589459738949432687e-04
3.188850390218456849e-04
5.041857350313159623e-04
5.680648835631624824e-04
5.026711804271694062e-04
6.328861407046360238e-04
6.327499064235325276e-04
6.987550976945227331e-04
1.886212186393707772e-04
1.528508234736497312e-04
2.230042211084425714e-04
0.000000000000000000e+00
5.863877087033206195e-05
0.000000000000000000e+00
7.731144578221087671e-04
7.692057222799867072e-04
8.381258922679744611e-04
8.441186147385549123e-04
1.521013522410040236e-03
1.301534186016958155e-03
1.355708574865352760e-03
1.296998113487848837e-03
1.417047625176121213e-03
1.459783395905795865e-03
1.413624459118972701e-03
1.179071170346142425e-03
1.235574867853717626e-03
1.174221673207267959e-03
1.055305012010622403e-03
1.112130128570963357e-03
1.051414794534692894e-03
9.384000526632469601e-04
9.927591972667512872e-04
9.271130548760108791e-04
2.275539426843490275e-03
2.276724248203752191e-03
2.310282051055862970e-03
2.207136547419723867e-03
2.243248661505106104e-03
2.207854936784990705e-03
2.128351612919725071e-03
2.168989849050656244e-03
2.129032060596545029e-03
2.044508323415459780e-03
2.044480136062236126e-03
2.087466862930826249e-03
1.949221824250580446e-03
1.951491407785639750e-03
1.997051723303822340e-03
2.347672297470216295e-03
2.377971401392725472e-03
2.345875216405179237e-03
1.900323519954298570e-03
1.639902474296667202e-03
1.689419774768249937e-03
1.647504477390189384e-03
1.742933615386769650e-03
1.740828094101634508e-03
1.796696012738294114e-03
2.409720849407899664e-03
2.408170752345248876e-03
2.437662990304178233e-03
1.589660827643386452e-03
2.468507339131092125e-03
2.494882592803678457e-03
2.465863497615377719e-03
2.545464832079116866e-03
2.572033540227341205e-03
2.569656354961031512e-03
2.592003348071430461e-03
2.654676420970390836e-03
2.652933200596238519e-03
2.633349865793802209e-03
5.608233070244644965e-03
5.715874084116527240e-03
5.572280694031844783e-03
5.333072281420284978e-03
5.437015863503327773e-03
5.302580901995907967e-03
5.108594279100230062e-03
5.062323211940228905e-03
5.192114554955507173e-03
4.481878120885128200e-03
4.556912137685487779e-03
4.636158784039331321e-03
4.769177870425275571e-03
4.713655160959946515e-03
4.532788569000753900e-03
4.661659865206248081e-03
4.613060669464636929e-03
4.439577549228092800e-03
4.566003758529856016e-03
4.520024356062589226e-03
4.750357342052469872e-03
4.826526946761315433e-03
4.884343270261761079e-03
4.207274868125315120e-03
4.297065117695329263e-03
4.264980718934350233e-03
4.373599722848744119e-03
4.152728898774231750e-03
4.101675406005190344e-03
3.998152239161914707e-03
4.076015426552569848e-03
4.068957881928542131e-03
4.006622951095530939e-03
4.080042002587388507e-03
4.087394474285626668e-03
4.015171651892338392e-03
4.098458300176340517e-03
4.091546198670939667e-03
4.025852633151215387e-03
4.113816716842943685e-03
4.103778044337079781e-03
4.048155670421095705e-03
4.136980307881583246e-03
4.125000185386075609e-03
3.986115461747034849e-03
4.063341708102820998e-03
4.055712080661548133e-03
4.063128000239587048e-03
4.099933615644119934e-03
4.112875989425741202e-03
4.173902363745265846e-03
4.206881225996102029e-03
4.227178789879782080e-03
4.267844872698615434e-03
4.270487114119912199e-03
4.206513563361609365e-03
4.270512175059447586e-03
4.271084606869270626e-03
4.200816800733882424e-03
4.266508855765957682e-03
4.268651101975168803e-03
4.187928928977435392e-03
4.253392552753936309e-03
4.261246790634664293e-03
4.166113683827033995e-03
4.243791116695935263e-03
4.229830095677611194e-03
4.133319482255191392e-03
4.214695915287218486e-03
4.192027309302948784e-03
4.078249180829598627e-03
4.165270745934348574e-03
4.129013328307440216e-03
3.996396980181920154e-03
4.087874673317341140e-03
4.038783547786775792e-03
3.896795237471726951e-03
3.929547781944362807e-03
3.987743570760151138e-03
4.418636423079224740e-04
3.198883711083924403e-04
2.242551331258407820e-04
5.681537299563809915e-04
7.026369969903674059e-04
1.212110405379226709e-04
1.549179052118797317e-04
1.194581458756238706e-04
5.987513111688132781e-05
7.908602821004336167e-04
8.530955786303986987e-04
7.820502002650167638e-04
1.478200406323608700e-03
1.240263300459088511e-03
1.359308939216908934e-03
1.117093937443847367e-03
9.967282579900515246e-04
8.643493386143358314e-04
2.241633313771576250e-03
2.312059609720152394e-03
2.168117661106488785e-03
2.086791946630825977e-03
1.997240382886306381e-03
2.379031346298552101e-03
1.850945662873925346e-03
1.899930854273492852e-03
1.850471306456144766e-03
1.691585602586233956e-03
1.797189654915502073e-03
2.439289385329032438e-03
1.533126231933317494e-03
1.586311205635400822e-03
1.535709676789035090e-03
2.533258588852889664e-03
2.525542025854148661e-03
2.500836334270223685e-03
2.546722442153814391e-03
2.621239914908216496e-03
2.596509621624429765e-03
2.615373571753290376e-03
2.637505717603765096e-03
5.470297468064403909e-03
5.220495264677712383e-03
4.889250150734530259e-03
4.999264769880706720e-03
4.953744198955376855e-03
4.406348994129581642e-03
4.370297490970550223e-03
4.484930962692869685e-03
4.443371351169200269e-03
4.582955081375353172e-03
4.691674826732400265e-03
4.484854750222962670e-03
4.403961373186717279e-03
4.817895276310464950e-03
4.028351726230397327e-03
4.131348344647432953e-03
4.105220544598402535e-03
4.080476319832775263e-03
4.188573819774276362e-03
4.157816924929370016e-03
3.984067688417585948e-03
4.082745154705058263e-03
4.054929706520881381e-03
3.936689879554663637e-03
4.008068860046095153e-03
4.031048236087840866e-03
3.992106719843494314e-03
4.002283160644464453e-03
4.010681845102529938e-03
4.020192796624027717e-03
4.036563697117445323e-03
3.972303550373480242e-03
3.979331876726191659e-03
4.049320087982703070e-03
3.898551704122434503e-03
3.988862045091295418e-03
3.973451177493608592e-03
4.035997632872136143e-03
4.153249999616375268e-03
4.206976997000211847e-03
4.204209949020631595e-03
4.195222399760554707e-03
4.178319541407700573e-03
4.151516170876607195e-03
4.108150153078190397e-03
4.040052178168994021e-03
3.949720953462016251e-03
3.779667350262306148e-03
3.841545204438536441e-03
3.868167340811985450e-03
3.824398818447585541e-04
4.431197348294248044e-04
3.814819378704215991e-04
2.604088543881783748e-04
3.202068589574235975e-04
2.604287886021957460e-04
1.902634136877496423e-04
5.066820535967909035e-04
5.695682686107854213e-04
5.055055976743515851e-04
6.344552418342346272e-04
7.035220099468836395e-04
6.337409670703578624e-04
0.000000000000000000e+00
6.040402301167316021e-05
0.000000000000000000e+00
7.122542278930530085e-04
1.423385389273027109e-03
1.481016616430397108e-03
1.420021064567894261e-03
1.186242771830073707e-03
1.182603301008896147e-03
1.243689532158981891e-03
1.308635215529442000e-03
1.304986461019681365e-03
1.362640764540969628e-03
1.063023012559987301e-03
1.120858364122154704e-03
1.059145012539891920e-03
9.458039173081715309e-04
1.000393062950174182e-03
9.421091661926041683e-04
8.573787091264594871e-04
8.240751299144608759e-04
8.978039051482574221e-04
2.212794684714132747e-03
2.243951735736377743e-03
2.208989467740365281e-03
2.300287198209451708e-03
2.323290205457270111e-03
2.286749685164248935e-03
2.131831517833599181e-03
2.169318348129444050e-03
2.129305799773497168e-03
2.043933854718717191e-03
2.085983382481257625e-03
2.043581987133286180e-03
1.951284039192873951e-03
1.997732248972374728e-03
1.949764844145617654e-03
2.368425386844638745e-03
2.357348495036644918e-03
2.388967354748150647e-03
1.901395118603284480e-03
1.641419051331740155e-03
1.692022797473144652e-03
1.640303618966944396e-03
1.752164413272318559e-03
1.747123864707889876e-03
1.801424796236643713e-03
2.418658667237814659e-03
2.413169859325904436e-03
2.443678790269620052e-03
1.478307373363318229e-03
1.587377216895993629e-03
2.474730375508578297e-03
2.470345110112188991e-03
2.504410643838691445e-03
2.552304659137315506e-03
2.588284414901137042e-03
2.579196190249607480e-03
2.604749119246800755e-03
2.669757256033529914e-03
2.660556507205946199e-03
2.645105090522367405e-03
5.388605872707652109e-03
5.499169342278647198e-03
5.359226868134206803e-03
5.084398915239780187e-03
5.209657756454997082e-03
5.095661844794751975e-03
4.985048501516638718e-03
4.332705476882636741e-03
4.373108054508492021e-03
4.504533697644592070e-03
4.453220524556274207e-03
4.479583715048437650e-03
4.614957653356187121e-03
4.558123267806695085e-03
4.279590289250483591e-03
4.406030186369594252e-03
4.359872700474633905e-03
4.206019352814414046e-03
4.322579756761093898e-03
4.288484253984885600e-03
4.608535633958467728e-03
4.748915081714238061e-03
4.679567129250688205e-03
4.005378415671272119e-03
4.053617275611432792e-03
4.138104707546301150e-03
4.217869230250096725e-03
4.108426387521101238e-03
3.959599684175032878e-03
3.916970030561389877e-03
3.847946661322783086e-03
3.923300663829767422e-03
3.916943158896623277e-03
3.880020567458950572e-03
3.943459187638251144e-03
3.939089621848388539e-03
3.824544776849639338e-03
3.920038094620523911e-03
3.915699492653411905e-03
3.845568316744102898e-03
3.935789205572476010e-03
3.930467952691372828e-03
3.871484329801904659e-03
3.959840123634266081e-03
3.948751527614967685e-03
3.832904803308630377e-03
3.909812601334609200e-03
3.902473937425579922e-03
3.884542178701522706e-03
3.959963298788553299e-03
3.966412283397879705e-03
4.030421881155555816e-03
4.083590518423028254e-03
4.092118169956633460e-03
4.145704763350032546e-03
4.144842285947324990e-03
4.072339211333373017e-03
4.139992428340917748e-03
4.136294170631434758e-03
4.059082197683214731e-03
4.130563369891167465e-03
4.123171478125528013e-03
4.037800008547811140e-03
4.101588269501624771e-03
4.113535253742806042e-03
4.011648632569370619e-03
4.072171095693855047e-03
4.089451644419224603e-03
3.967603306397941842e-03
4.022817982739864025e-03
4.050755318521743337e-03
3.903059726562701018e-03
3.949971739039515387e-03
3.990512474374541263e-03
3.817977711631087567e-03
3.906567811954104325e-03
3.858104650176079863e-03
3.721941228047720776e-03
3.808210588187843724e-03
3.752213095385896566e-03
4.441687805681828372e-04
3.209625055995466531e-04
1.899269943944929199e-04
5.702277545554239758e-04
1.205802610956532367e-04
5.963043735003492081e-05
1.209370729553702853e-04
6.436502847776300312e-04
6.390899050027635045e-04
7.169733781540240259e-04
1.366033832275195814e-03
1.124552564253331792e-03
1.247409551451663084e-03
1.004299899773992456e-03
9.015096232857067833e-04
7.552538488382505577e-04
8.061850908655065866e-04
7.730672215749632417e-04
2.172583525490045207e-03
2.256898912968676157e-03
2.334787899394239700e-03
2.088188516041447357e-03
1.997903309724106697e-03
2.393558332024325191e-03
1.856620889652492966e-03
1.903854622296428109e-03
1.853257639791635117e-03
1.696946845515907463e-03
1.804578725193304971e-03
2.446562174894935989e-03
1.429255031615586169e-03
1.426014064567820462e-03
1.481096936016876309e-03
1.543426369643472818e-03
1.592299912536792152e-03
1.537942928041408953e-03
2.532696286377260526e-03
2.531581395324065346e-03
2.503220645236452387e-03
2.561067188675832974e-03
2.636866580558018189e-03
2.627617316312298029e-03
2.611971805764578582e-03
2.652981523375428502e-03
5.235918672511565529e-03
4.759514474343646238e-03
4.922351008760990354e-03
4.824451461509090058e-03
4.253975800898025968e-03
4.324847452725754174e-03
4.424737364531603455e-03
4.542216952390154550e-03
4.241535178818700569e-03
4.171099896934079253e-03
4.682113079266024200e-03
3.829044083872462124e-03
3.928448751023214287e-03
3.906750213505285133e-03
3.863244107869934826e-03
3.946064994469293367e-03
3.971602912576804346e-03
3.913603235849487383e-03
4.025616691847796157e-03
3.997336930612729010e-03
3.788618554916055488e-03
3.886185573770947754e-03
3.862779162734363524e-03
3.749622782402680168e-03
3.843055335798798225e-03
3.824177769273762531e-03
3.840534876404911365e-03
3.864003980132820360e-03
3.852161659662750419e-03
3.834814210153408755e-03
3.858153139414449619e-03
3.817174765921187152e-03
3.895079682757746249e-03
3.825282442611234283e-03
3.719391996865307592e-03
3.808933345471700749e-03
3.795508712336804081e-03
3.888378746683360601e-03
4.021599181166237227e-03
4.078461783384821661e-03
4.066464917546423925e-03
4.049556564260954963e-03
4.026155475771079663e-03
3.991459182657103137e-03
3.937566677141485227e-03
3.863020406831519857e-03
3.772664383491981886e-03
3.610225635034800245e-03
3.668801897904787161e-03
3.693246790702968668e-03
3.840392579298900931e-04
4.451710584281891639e-04
3.832858392663004185e-04
2.625814834933434642e-04
2.615216854252112367e-04
3.223241884089949206e-04
1.900515281397498972e-04
5.087186235095547682e-04
5.713872043454197320e-04
5.077477662532838215e-04
0.000000000000000000e+00
6.010203992087791814e-05
0.000000000000000000e+00
6.992540891210290892e-04
5.758371423261935242e-04
1.315516971885020026e-03
1.369305105913335091e-03
1.311865842147363079e-03
1.072048033313940723e-03
1.128982114070545923e-03
1.067455460349338867e-03
1.195755090763700327e-03
1.252026692254302109e-03
1.190870711094220089e-03
9.466875743175132358e-04
1.004692508994331880e-03
9.461983561990757515e-04
8.201981547322247101e-04
8.828191131655340916e-04
8.387630115111816215e-04
7.876564370290459497e-04
2.143935449095532488e-03
2.178314792626605181e-03
2.136944534196745429e-03
2.231531861678829991e-03
2.266007078891469750e-03
2.221087402847318065e-03
2.370851580896038945e-03
2.335163590283830838e-03
2.368841806406091644e-03
2.053347067035435434e-03
2.092519569016352415e-03
2.047854313676962437e-03
1.957488343365535507e-03
2.000622587151610829e-03
1.953747107992114852e-03
2.394893852887998009e-03
1.907270030880503205e-03
1.656133703589001901e-03
1.648326816563451709e-03
1.704049135712324640e-03
1.766307802395995948e-03
1.758722332337716698e-03
1.811402276167929171e-03
2.426227072561114653e-03
2.421789683342709821e-03
2.450794445366996817e-03
1.486362637765499669e-03
1.372374873669340856e-03
1.599848720348562769e-03
2.584031887675875168e-03
2.557612580634476603e-03
2.558783372711992583e-03
2.473415657217964587e-03
2.503639314893595785e-03
2.473100538140929165e-03
2.585474809852218205e-03
2.610752407314477757e-03
2.699463043784272251e-03
2.683335793538032827e-03
2.667824694936657328e-03
5.162696345859953996e-03
5.276468009267379702e-03
5.121560842531362213e-03
4.914374710328520829e-03
4.835488547048822673e-03
4.999776027469492873e-03
4.110668562258249989e-03
4.241690954758673381e-03
4.195457651431782307e-03
4.208340254785320096e-03
4.343850317405076843e-03
4.291031199030294688e-03
4.321280725551706649e-03
4.464873177894981143e-03
4.400683827821308750e-03
4.029125935775025764e-03
4.154112046573166066e-03
4.117940526853076412e-03
3.966874284938860275e-03
4.086250623379680813e-03
4.052824495082167112e-03
4.450120733197936509e-03
4.604987768971684561e-03
4.529568656523782696e-03
3.808137034349861130e-03
3.845431996813292348e-03
3.887584853272455215e-03
3.939316703827923025e-03
3.768462478324948427e-03
3.733985125059410739e-03
3.694004200617043675e-03
3.771189727634932220e-03
3.763342084591129923e-03
3.703306079446050392e-03
3.791817990506750249e-03
3.775537576915867759e-03
3.764012024475702888e-03
3.671026395650767767e-03
3.758374423390468608e-03
3.747765541820299688e-03
3.695005245365794427e-03
3.783255008151648318e-03
3.770315259871898517e-03
3.681131655514224745e-03
3.757260429453169754e-03
3.749005838553556152e-03
3.706811906887412349e-03
3.809906778108489156e-03
3.813915155397878346e-03
3.885284043170650348e-03
3.943306939885237936e-03
3.952079687228763315e-03
4.013887514113404463e-03
4.007586331139760191e-03
3.922080815872484687e-03
3.997709214247242675e-03
3.990273007798699097e-03
3.903285255217343180e-03
3.970211672404039965e-03
3.981705517710406109e-03
3.888071463122579671e-03
3.963376222395064395e-03
3.949590972814903504e-03
3.856877914321101778e-03
3.912132463941469900e-03
3.934522432402878453e-03
3.806131433987785737e-03
3.886840441109890281e-03
3.854767163620999391e-03
3.736846582552213764e-03
3.819521962338171157e-03
3.778003904086465244e-03
3.653005152745433456e-03
3.688548333503109504e-03
3.734664584384216751e-03
3.555429744486754938e-03
3.584329016224573148e-03
3.637367815923183041e-03
4.460174053938679929e-04
3.228932629276292537e-04
1.907937345150797007e-04
1.249390903864530059e-04
1.227746340654714335e-04
6.185531152814458596e-05
6.601423238410499602e-04
7.076064469777384059e-04
6.518840739557455344e-04
5.105013666646760623e-04
5.768630412573116364e-04
5.096326131230349702e-04
1.255599206571493239e-03
1.009241844177476534e-03
1.133822246397434182e-03
8.832638622144300782e-04
7.398489110648386784e-04
2.098852166903409939e-03
2.187930054552352042e-03
2.316962137065686593e-03
2.274250402242300895e-03
2.307167388368464717e-03
2.344146059750011005e-03
2.005642514531588531e-03
2.398627912648224319e-03
1.871131951473463872e-03
1.863249839438238954e-03
1.914284864729095224e-03
1.711335912039574098e-03
1.818835067756774783e-03
2.449105364748828395e-03
1.440754214657719587e-03
1.492035363951852009e-03
1.434639020571200916e-03
1.322744655699202446e-03
1.375911058701188069e-03
1.318820444485047788e-03
1.558292941153371133e-03
1.550422402609582693e-03
1.607175299562596483e-03
2.596964952798170873e-03
2.589388108923453349e-03
2.564049751728229246e-03
2.547821460618318688e-03
2.539076599295654255e-03
2.509932163792866731e-03
2.632309170377619342e-03
2.607514280234216053e-03
2.633890916142806425e-03
2.684905129264947721e-03
2.659061783085336049e-03
2.691555776683441075e-03
5.038079392734072688e-03
4.644904955942795455e-03
4.780183062600734840e-03
4.702089738662292365e-03
4.157885553303507231e-03
4.068442658818323919e-03
4.263025909421332658e-03
4.383742135900482208e-03
3.996874488287372428e-03
4.545171447853520522e-03
3.630078672312990560e-03
3.729340696082428068e-03
3.709527356935319632e-03
3.653608974302046623e-03
3.741594820623684453e-03
3.758139184675291736e-03
3.681837962393348044e-03
3.797416062469020481e-03
3.772862696581116230e-03
3.726412431241693524e-03
3.846272901001835613e-03
3.820384020847787492e-03
3.594775101605953392e-03
3.691510576114963738e-03
3.672323676358805675e-03
3.564141653575383321e-03
3.656751463954864296e-03
3.641853916369458630e-03
3.687781061896170699e-03
3.698737547128014454e-03
3.636538245260181011e-03
3.669840621520560880e-03
3.730681324819438288e-03
3.682773683377924857e-03
3.653701825661561774e-03
3.665138635133485378e-03
3.673499856288491277e-03
3.741435644437149030e-03
3.540649462449121411e-03
3.629946577452987985e-03
3.617873790636141375e-03
3.737311567954430553e-03
3.876396139950571366e-03
3.933401144313963121e-03
3.913637768737635372e-03
3.896855050044092418e-03
3.873934382559747220e-03
3.833272871136889602e-03
3.773482146560133699e-03
3.697129841126481353e-03
3.606615155089620915e-03
3.452796247699088401e-03
3.506106009910638002e-03
3.529624786150702565e-03
3.853415522215111223e-04
4.468514854146501069e-04
3.847189511454367564e-04
2.618971729144754118e-04
3.227870538266489195e-04
2.622623737358681850e-04
1.933900769522438562e-04
0.000000000000000000e+00
6.230393193306709646e-05
0.000000000000000000e+00
5.849236209252154295e-04
4.475835653296453341e-04
1.202993480916878660e-03
1.259135754202004437e-03
1.199152367373745995e-03
9.560182609642281937e-04
1.013898604083323133e-03
9.512555445302004701e-04
1.080424809379351920e-03
1.137957044708914293e-03
1.076087539520548990e-03
8.341592968924109452e-04
8.902950259011287214e-04
8.271090657512842172e-04
7.416647287350083785e-04
7.007655079345634450e-04
7.808613020677278088e-04
2.070975131940794734e-03
2.061313435989623258e-03
2.107526313851946793e-03
2.165232219327164510e-03
2.198500219287449244e-03
2.153572389420039049e-03
2.256823145363444187e-03
2.242917481801959961e-03
2.287130390047983127e-03
2.397428335609364577e-03
2.383313572600581718e-03
2.357262392007124403e-03
1.974836823612919831e-03
1.965489226673371431e-03
2.014134857605163857e-03
2.411777859675731141e-03
1.923169365066137440e-03
1.673243644798834157e-03
1.664168492499988865e-03
1.719750041875025290e-03
1.796647629792713597e-03
1.833749978835404627e-03
1.780639257770562150e-03
2.435789808370072973e-03
1.499510071081127868e-03
1.381711232491131041e-03
1.262799731173793816e-03
1.615793776053404832e-03
2.572904535913488056e-03
2.614863367470950627e-03
2.494704540730761314e-03
2.521840318691697183e-03
2.482929383322457148e-03
2.658501477076020796e-03
2.742828852209574717e-03
2.719628534949764150e-03
2.713678211028936697e-03
4.930016851582391148e-03
5.047238389775366395e-03
4.920783540072399750e-03
4.784854390406128276e-03
3.937222684768952249e-03
4.072534572001592842e-03
4.024309478428739553e-03
3.845287424872759555e-03
3.937612423317143548e-03
3.977677053668369003e-03
4.039318623166476829e-03
4.180125497833179007e-03
4.124170547785317893e-03
4.138731514126545684e-03
4.294351723525509541e-03
4.230436069151230494e-03
3.785357773777227666e-03
3.876497215320269443e-03
3.906919075315855999e-03
4.287374322486704921e-03
4.466762966489410194e-03
4.368872788507871183e-03
3.611812846413954385e-03
3.641252002116869817e-03
3.667006700370283902e-03
3.703325438861456223e-03
3.754759000498617948e-03
3.578919349681889631e-03
3.551989303794398246e-03
3.539368737870056056e-03
3.616840560028403932e-03
3.610112449786260710e-03
3.566919468872702375e-03
3.630392424005602411e-03
3.635284908521478012e-03
3.483577031183473192e-03
3.560132949475782425e-03
3.593431265027521426e-03
3.521553711753405962e-03
3.608260851929995586e-03
3.596295714919312339e-03
3.500036200479813512e-03
3.585559380760091307e-03
3.568270507120573521e-03
3.524655311685935110e-03
3.603062014576234508e-03
3.594720514495398575e-03
3.530829910727509985e-03
3.648646607607261561e-03
3.657440190466132966e-03
3.729598654037688792e-03
3.785770658734455806e-03
3.798473620006756566e-03
3.864947181453096126e-03
3.853665265130010870e-03
3.761760694886587784e-03
3.832196158894600121e-03
3.842346375489781585e-03
3.758036378511757283e-03
3.822779042252145466e-03
3.831004252300017517e-03
3.743497588839565359e-03
3.800082484543444196e-03
3.815944874731318128e-03
3.705360985597763550e-03
3.781070834691095846e-03
3.755847889928624374e-03
3.647031412750367536e-03
3.726225993585885986e-03
3.692316619738893191e-03
3.570072886397455091e-03
3.612173111797986440e-03
3.652764448174938752e-03
3.480844759052905898e-03
3.565798859872628193e-03
3.519069199271599759e-03
3.397656327633567612e-03
3.475049305586593376e-03
3.426738823992724232e-03
3.232244465538646264e-04
1.927551649296946237e-04
1.240499841112261217e-04
6.146729120179738909e-05
1.245200404042377156e-04
5.121739668968907765e-04
5.859174855125912117e-04
5.113346332012479525e-04
3.863723744119640586e-04
4.482763081148957956e-04
3.858670600596554069e-04
1.141612934054560009e-03
1.018090728205777720e-03
8.949276078500651007e-04
7.877932797066430036e-04
6.368587113643425605e-04
6.891536073168878264e-04
6.484779194368025775e-04
2.022998188762309413e-03
2.118190003202111149e-03
2.211022104511155360e-03
2.355849847666503967e-03
2.306268089669168998e-03
2.334990220305499433e-03
2.376722887137664060e-03
1.902682701262142480e-03
1.886470009369500085e-03
1.938867002621265986e-03
1.734937677619393086e-03
1.849934556484246831e-03
2.432597555607907223e-03
2.414304529924360832e-03
2.453263325084558463e-03
1.456349596369668504e-03
1.448154906629790448e-03
1.507349565197403044e-03
1.338078385834259214e-03
1.389412698157605538e-03
1.330110683685630912e-03
1.215266928083303787e-03
1.268964024628458590e-03
1.208864904346693050e-03
1.573290361919088423e-03
1.623351580325169520e-03
1.565357143897483632e-03
2.623963383179303381e-03
2.609216221897164845e-03
2.584959722643776370e-03
2.672791626359982860e-03
2.650994591308501562e-03
2.633994162873114046e-03
2.573568681716920364e-03
2.559655316646021125e-03
2.533324580250301359e-03
2.463376314386206498e-03
2.678519337856913752e-03
2.739757855875209897e-03
2.740693851838313204e-03
2.710780675982045820e-03
4.575892627721596731e-03
4.610012053807889705e-03
4.753271398103240362e-03
3.986518935890440325e-03
3.889655597483835953e-03
3.814004106518727177e-03
4.087201791097217624e-03
4.210222908848092714e-03
4.429488358835695187e-03
3.435221236922600483e-03
3.532393014634125934e-03
3.515149193758622392e-03
3.449845453041629380e-03
3.551368423841916051e-03
3.540201116544225857e-03
3.473210878990930835e-03
3.577124344496323497e-03
3.563688941809558045e-03
3.497309629051856272e-03
3.611454854786417916e-03
3.589901541990898285e-03
3.552887092497170746e-03
3.639973719836856695e-03
3.668672652879395504e-03
3.404792246143663846e-03
3.499567243698795387e-03
3.484573848596219259e-03
3.379192103872601972e-03
3.471499708541339168e-03
3.459988824746616700e-03
3.532330276226224378e-03
3.553309646683934855e-03
3.525226755966003565e-03
3.491800453957653351e-03
3.510661414829828898e-03
3.505421156665724548e-03
3.515513988138373701e-03
3.585448140142242189e-03
3.361932057224049919e-03
3.441763164885018426e-03
3.451187243221709791e-03
3.716975704402988596e-03
3.576810508388547118e-03
3.774650355777419732e-03
3.760828513065125455e-03
3.751878219845357354e-03
3.725860733074795855e-03
3.677831309664798907e-03
3.610465938724350624e-03
3.527563221478020872e-03
3.440971022583069663e-03
3.307822702851483370e-03
3.354217382447715907e-03
3.378587052481056563e-03
2.637173243890395110e-04
2.628157810191762635e-04
3.243710575598576524e-04
1.926805647035199529e-04
0.000000000000000000e+00
6.188403511847859271e-05
0.000000000000000000e+00
4.489494961158230386e-04
5.742246434035630899e-04
3.246810560491271490e-04
1.090244397863851652e-03
1.146539643099092880e-03
1.085115348218484207e-03
9.673402859224636751e-04
1.023793789968644591e-03
9.615331185565867324e-04
8.479507825385291858e-04
8.409501608516368370e-04
9.018924720027541057e-04
7.408736855870305801e-04
7.874424092777168203e-04
7.412137050782506738e-04
6.886684150188578492e-04
1.986226135249544427e-03
1.979638611633394683e-03
2.028787176892497823e-03
2.095721170225936254e-03
2.082447735148891272e-03
2.130698202326101933e-03
2.194743408330301297e-03
2.226076782392341462e-03
2.178930695170977136e-03
2.290189046920622536e-03
2.323573006514175268e-03
2.272360903557986856e-03
2.394669053862487264e-03
1.944190872150833912e-03
1.676678122412641895e-03
1.674469002892471246e-03
1.736961345202433669e-03
1.888191908799473828e-03
1.895089460608073793e-03
1.841946420183374761e-03
1.514773305399307697e-03
1.397113342979038790e-03
1.276588391904209330e-03
1.152640634436005382e-03
1.624915372183654118e-03
2.599394463540795688e-03
2.649019949739080202e-03
2.515262402255053799e-03
2.545074712752622148e-03
2.504243596084025202e-03
2.437148057013314734e-03
2.466487827054861942e-03
2.434481357872471732e-03
2.706332737486940102e-03
2.800386757181352101e-03
2.770089300754869678e-03
2.770023754017056621e-03
4.690011690176864451e-03
4.810962908973373357e-03
4.631554659252860168e-03
3.761382882965198533e-03
3.900030975269076512e-03
3.849697491299740922e-03
3.669892108248269842e-03
3.803180036025598926e-03
3.757964395891318782e-03
3.591399795672845213e-03
3.717931055603127845e-03
3.688823210354834608e-03
3.811361190714730122e-03
3.926100440494853343e-03
3.974730924427116556e-03
3.885480735705165375e-03
4.013087082764096175e-03
4.085737237477173218e-03
4.350617697714467998e-03
4.463920080172320733e-03
4.316902809765692933e-03
3.419485700264307364e-03
3.442079398102403705e-03
3.460893496435039386e-03
3.484559481895847799e-03
3.524073730616492182e-03
3.570937129356066379e-03
3.391561267994122521e-03
3.370282392956621288e-03
3.383765476867394047e-03
3.461614583849842615e-03
3.454061570804948036e-03
3.413416159408357454e-03
3.490168037922989058e-03
3.476303190392264920e-03
3.448683773796083329e-03
3.319223716043019200e-03
3.409595128435422527e-03
3.401322792690773290e-03
3.346428012267868828e-03
3.423209582940278054e-03
3.433930152643411334e-03
3.365175836476434756e-03
3.444971154269818505e-03
3.435112348980822253e-03
3.354016922112346578e-03
3.624810302995874929e-03
3.637509192862764529e-03
3.705621942497321162e-03
3.478756292292135757e-03
3.492808810375083468e-03
3.563865238715136028e-03
3.693016398474026265e-03
3.597745236902670507e-03
3.677406425862604113e-03
3.680212343723940783e-03
3.636270801213344409e-03
3.689774150716928353e-03
3.697337840872090900e-03
3.606761160506860835e-03
3.675053461186248652e-03
3.656177897884993824e-03
3.553796175118563438e-03
3.629253798099058882e-03
3.600683427754750813e-03
3.485245591313100577e-03
3.528164719725943640e-03
3.565530925734699316e-03
3.382793986848661640e-03
3.432323515039328605e-03
3.475176058196118890e-03
3.320543089105166840e-03
3.359824913998399505e-03
3.399344402346589095e-03
3.248367437466050198e-03
3.279318848679252992e-03
3.321319875366505938e-03
1.932887175513569656e-04
1.282129483910396091e-04
1.261327868559883162e-04
6.358478791260059463e-05
3.870850480281771500e-04
4.494944066861083359e-04
3.867206892060633789e-04
5.137980323575294054e-04
5.751957197279684375e-04
5.129576435269698597e-04
2.613266298789581124e-04
3.237052550677765568e-04
2.625290806364540637e-04
1.028633725044788899e-03
9.074795008363686780e-04
7.942415844380828907e-04
6.270333252696278946e-04
6.838587020163995178e-04
6.318943695139424797e-04
2.041104762551561574e-03
2.145166871204970578e-03
2.242321996535085165e-03
2.378623043931600827e-03
2.334019956230610430e-03
2.366143401467391254e-03
2.395652237662983762e-03
1.937542896109455300e-03
1.780758111272897704e-03
1.788113207410710163e-03
1.728450842142643896e-03
1.834812746381288056e-03
1.483323979957240505e-03
1.469459926638042556e-03
1.528389323973424700e-03
1.353502184448122057e-03
1.345398702515734858e-03
1.404979960319878082e-03
1.245113349280934202e-03
1.229972545170114531e-03
1.291619959444581436e-03
1.112980697882113819e-03
1.101291102700942921e-03
1.164081358219880378e-03
1.575467625677801553e-03
1.574085752865334552e-03
1.626259269468437922e-03
2.661120202029476373e-03
2.616318282637041231e-03
2.641530614294577885e-03
2.703964457884845164e-03
2.662926646615305058e-03
2.687218086140817468e-03
2.608486976920862052e-03
2.590195111323960464e-03
2.560806330614263070e-03
2.475493181245701658e-03
2.750452005009723123e-03
2.709744755336360774e-03
2.744607065012332359e-03
2.811311729626298547e-03
2.773838204959354868e-03
2.805286625735515203e-03
4.519439709675296055e-03
3.713945777322095760e-03
3.784943152920027584e-03
3.629136124792488663e-03
3.846629309755192263e-03
4.003708791219710329e-03
4.146767075914414499e-03
3.942418978758140992e-03
4.176180131661640614e-03
3.243464066348731786e-03
3.339053157696563953e-03
3.324251147971125225e-03
3.263924083776324064e-03
3.349751416968089167e-03
3.356585194068666123e-03
3.263234272767947825e-03
3.367836151676647724e-03
3.356795430004073238e-03
3.274309901859145510e-03
3.385340605522556279e-03
3.374089042001536618e-03
3.322681735333435273e-03
3.410297772044450140e-03
3.437293847014241850e-03
3.353116504642156791e-03
3.453447232916388981e-03
3.471748395325719837e-03
3.217533778513804489e-03
3.310916302457639349e-03
3.298443047135640738e-03
3.200665597759116618e-03
3.281336370377375619e-03
3.289741325868468600e-03
3.374910184188532978e-03
3.398881449832476254e-03
3.263813220685168881e-03
3.373624303354843829e-03
3.338512403536684180e-03
3.332791322023247790e-03
3.291630625636877191e-03
3.324646420526038582e-03
3.345445614016441700e-03
3.414959865861198242e-03
3.185696044689687728e-03
3.273655038800926762e-03
3.266055696683047103e-03
3.551502782549791678e-03
3.401457738090351516e-03
3.612523576030845281e-03
3.617500816818330044e-03
3.622511820528842054e-03
3.581680381061182021e-03
3.521144135653038638e-03
3.435786401727824318e-03
3.353487580084922419e-03
3.285687078124867495e-03
3.176680331800422075e-03
3.213232390616257549e-03
3.240328290862751637e-03
1.957367326466656230e-04
0.000000000000000000e+00
6.399951716830076006e-05
0.000000000000000000e+00
4.501251999173421251e-04
3.238430844310258468e-04
5.701537144860427050e-04
1.942705049957531901e-04
9.759530675493888240e-04
9.714505336596605204e-04
1.033059427548318815e-03
8.530288177381149936e-04
9.101243049995129527e-04
8.503591703925872684e-04
7.388306459016177798e-04
7.933208200103887206e-04
7.397637602251640144e-04
6.827030853014998037e-04
2.035932936813898437e-03
2.065952311825067743e-03
2.010122443388033791e-03
2.130085843294163544e-03
2.111989249535050489e-03
2.162756815596255516e-03
2.232599803776125127e-03
2.261814972648955313e-03
2.212632151902866988e-03
2.328153444729033454e-03
2.353844046759548825e-03
2.308162026975761356e-03
2.408415183026101775e-03
1.944390462304298193e-03
1.915918227699962145e-03
1.965125737923478257e-03
1.663244708855438026e-03
1.722307365876547987e-03
1.669670561899867399e-03
1.871976226136451383e-03
1.879631865563357197e-03
1.825900301311918000e-03
1.418349039596525883e-03
1.529340598069943305e-03
1.299079185753677706e-03
1.179015017056069935e-03
1.044222203983161991e-03
1.619200809791027963e-03
2.635547497703453340e-03
2.683165741483361632e-03
2.727526093777661934e-03
2.545314241845156224e-03
2.577594959533063140e-03
2.529650996003235223e-03
2.457134897791332737e-03
2.486771325339488456e-03
2.446514794907535522e-03
2.781010542282647598e-03
2.872498957643235349e-03
2.834778467748023945e-03
2.842010397709783791e-03
4.442145243335797467e-03
4.567098497907729274e-03
4.393981756944853080e-03
3.489566263015488230e-03
3.624973297347794474e-03
3.580156120685005095e-03
3.541643694623231465e-03
3.676017962970412351e-03
3.652208744014355003e-03
3.407861088602177988e-03
3.538381374528976140e-03
3.500039785389407083e-03
3.532654096478613816e-03
3.673128755590557033e-03
3.708394716630486997e-03
3.654404995008202119e-03
3.828087885916509839e-03
3.770765308571847902e-03
4.092792976690622954e-03
4.046091276140634588e-03
4.222761332386291457e-03
3.230076979408753879e-03
3.253267631006920551e-03
3.263121799006684070e-03
3.268212061284690804e-03
3.297569490625035585e-03
3.336798993313072614e-03
3.379144465368182082e-03
3.208795287386581076e-03
3.192990716681738846e-03
3.234115112816293280e-03
3.299546390764593416e-03
3.308885414287791264e-03
3.246678235458568679e-03
3.329994676285281431e-03
3.315114656847535646e-03
3.255478952994709206e-03
3.163273240612088713e-03
3.254709259644035600e-03
3.241202216080910428e-03
3.132658764583859303e-03
3.198190051180678246e-03
3.225800967679418388e-03
3.235855923794001519e-03
3.280377946997607621e-03
3.300393607445705705e-03
3.174412439080519493e-03
3.448458456835846227e-03
3.464490799418289569e-03
3.536710741932256284e-03
3.321999096892701286e-03
3.324096686090154650e-03
3.400322157514763279e-03
3.522828620973499601e-03
3.504837890010980943e-03
3.552457202353248925e-03
3.570355625046222996e-03
3.555877972514300250e-03
3.458353102804581636e-03
3.532236933611811354e-03
3.506276423122743884e-03
3.404855572784813537e-03
3.445596033722740301e-03
3.478780829331923775e-03
3.335585668234799378e-03
3.409523388516510004e-03
3.360655067838411690e-03
3.228758038704358704e-03
3.274916869208343000e-03
3.304687146609684625e-03
3.177568958016048408e-03
3.247573401754362109e-03
3.213661298403340267e-03
3.117372402202161531e-03
3.181109474956316137e-03
3.147970112290859705e-03
1.292238758555844897e-04
6.411939241318122783e-05
1.287210523233050477e-04
3.876733571007204672e-04
4.506340654358311198e-04
3.873548869626078708e-04
2.597533305338164543e-04
3.233036988616084400e-04
2.605366036507436090e-04
5.034619872251283297e-04
5.085890657795904797e-04
5.651591563577646003e-04
1.951309719609546568e-04
9.142830964946231653e-04
7.957267220897309631e-04
6.223495922648095841e-04
6.805289369388280770e-04
6.246140686909470345e-04
2.083014727676246736e-03
1.990240155514928083e-03
2.181099934531220783e-03
2.280137628179444882e-03
2.408803991638295075e-03
2.368294500212962152e-03
2.393073829569968610e-03
2.417327448371694304e-03
1.908401582385910655e-03
1.768255116676077264e-03
1.774112864833336453e-03
1.715244666597044590e-03
1.820445853556240190e-03
1.414689977403557185e-03
1.383735240085020310e-03
1.449053827488805185e-03
1.535517904143938236e-03
1.555440872617438542e-03
1.508916835746197845e-03
1.211772409205802122e-03
1.282725892571608822e-03
1.228327517969998468e-03
1.161980169629829021e-03
9.820069569549485546e-04
9.787918426754724927e-04
1.047512585508129403e-03
1.599647419077724611e-03
2.707610139490354648e-03
2.683610258200156903e-03
2.656942172762594406e-03
2.760050689399335799e-03
2.709493753466251948e-03
2.730885706334950768e-03
2.758539862273553731e-03
2.730792285580712839e-03
2.754418618515457832e-03
2.649506014972699119e-03
2.628462807740722211e-03
2.596264936991303594e-03
2.500323868508764948e-03
2.822985465691359250e-03
2.817133624186165305e-03
2.785189228408853877e-03
2.896893238876489547e-03
2.884373868745503458e-03
2.852365425853102283e-03
4.266288259209547948e-03
3.447152098531550742e-03
3.514209508861207854e-03
3.536138911629392069e-03
3.591676251096787269e-03
3.765735903975481365e-03
3.707523222932428489e-03
3.885657867137887796e-03
3.928602464683301175e-03
3.052898064939782788e-03
3.147861651074159491e-03
3.135313670097960009e-03
3.076220763353356823e-03
3.169745116948251284e-03
3.159980230305414230e-03
3.072694764558940844e-03
3.168528447242610017e-03
3.167573735274809704e-03
3.067824059676056443e-03
3.170556717911158628e-03
3.165790956815073710e-03
3.098420154955560269e-03
3.186639946205443649e-03
3.209985491802051609e-03
3.102577201897396397e-03
3.227214480479224934e-03
3.213123325397137207e-03
3.151868587245725082e-03
3.279230975683439155e-03
3.252967571185838916e-03
3.035370509430165929e-03
3.126158537183558028e-03
3.118072510950837574e-03
3.020236276152447191e-03
3.110188225636082143e-03
3.102977010144088946e-03
3.235274861220653608e-03
3.240727807135633173e-03
3.106596839383010244e-03
3.185090219882760667e-03
3.176548208131561423e-03
3.148018925559791393e-03
3.119809625532653750e-03
3.152000905029408474e-03
3.194076080799604107e-03
3.237891536735715454e-03
3.000842091426799384e-03
3.093021905803227181e-03
3.082027433151202610e-03
3.385090147807761577e-03
3.211781725769097956e-03
3.266802619454829085e-03
3.268314383715984796e-03
3.402976156794014669e-03
3.426701941822545613e-03
3.499953171184696718e-03
3.453976344814800939e-03
3.482799590062030017e-03
3.432850773523530262e-03
3.371356019252114491e-03
3.253511504187651861e-03
3.317473655319406415e-03
3.294881430604356797e-03
3.204273536619052683e-03
3.242103128081964391e-03
3.148200106297558733e-03
3.060233382808267167e-03
3.088949918431327640e-03
3.116615499517520326e-03
0.000000000000000000e+00
6.453330439087394334e-05
0.000000000000000000e+00
3.233545073875407089e-04
4.452721799856408408e-04
1.940567872267836115e-04
5.626274314779577523e-04
8.630801541974925670e-04
8.578832534599027367e-04
9.195030282213397703e-04
7.363304992068645319e-04
7.946406590910479011e-04
7.374650805940060521e-04
6.790877444712836502e-04
2.080434596477020916e-03
2.057559223076568539e-03
2.105473745613407454e-03
1.982263625547675025e-03
2.009192686898798614e-03
1.962496055565007228e-03
2.169581482163395001e-03
2.148978562155568362e-03
2.201551953436802107e-03
2.278806265549581430e-03
2.303959998545902169e-03
2.254755019598775941e-03
2.393672412236950639e-03
2.401426025311909161e-03
2.359711657545581799e-03
2.433369017428306524e-03
1.926578925096352358e-03
1.650786521480407257e-03
1.709831549927968812e-03
1.656684492932679982e-03
1.875791585528460486e-03
1.873396950327711101e-03
1.821400536358126461e-03
1.312049159915687924e-03
1.363436972518672786e-03
1.332616972464311560e-03
1.474929704842598823e-03
1.261543976107475399e-03
1.076117249121833538e-03
1.143978965404857323e-03
1.094361508770943202e-03
9.223331837264698088e-04
1.028797146243806476e-03
1.592612916324759320e-03
2.679366696199011067e-03
2.734809783160101378e-03
2.759469420402164974e-03
2.790299980883384056e-03
2.579781530197054838e-03
2.615327595338768924e-03
2.562174025948575715e-03
2.480929863570368633e-03
2.468586811965154879e-03
2.513707925072601428e-03
2.860253788150184540e-03
2.959112339902328359e-03
2.914373486253333222e-03
2.928429154062235380e-03
4.185817048481168395e-03
4.315083217872038926e-03
4.136561908674570021e-03
3.222820834878653996e-03
3.355595454505541555e-03
3.315786286367247444e-03
3.308858181910626778e-03
3.399661126441813185e-03
3.424328443171108238e-03
3.237263549561688464e-03
3.383758948433904495e-03
3.390503260546307625e-03
3.329066010206222902e-03
3.491336154125290921e-03
3.431524071796985056e-03
3.458379742071033235e-03
3.611512669484119066e-03
3.556998832769862635e-03
3.845134871116743028e-03
3.969999365436604685e-03
3.803270614108889697e-03
3.043803636890211016e-03
3.064178287213516726e-03
3.074097839383933915e-03
3.069865363765328804e-03
3.082351069332097890e-03
3.099626833649923256e-03
3.125977870142905048e-03
3.185880120796417015e-03
3.027590262520292105e-03
3.010435107440455511e-03
3.073880832783814753e-03
3.153860975269511067e-03
3.154543511709833464e-03
3.092017908676347564e-03
3.162932605953869790e-03
3.169223385515368852e-03
3.099611371326085711e-03
2.979792584121596349e-03
3.071293409206802237e-03
3.056167936403468045e-03
2.964200492442657566e-03
3.048213980248502732e-03
3.035333287980011667e-03
3.182116664473641065e-03
3.113246191937981203e-03
2.990331252137805144e-03
3.288687039856358005e-03
3.306124525623949876e-03
3.368325400122631347e-03
3.182931280866465890e-03
3.197873601862752293e-03
3.252238850568443980e-03
3.345807383735099373e-03
3.357179784492411202e-03
3.381124378304250881e-03
3.430669406728861000e-03
3.407895160364932032e-03
3.311109650263226092e-03
3.358238281205085194e-03
3.384201832524858389e-03
3.280322181499044105e-03
3.308700269222502720e-03
3.342021746066142166e-03
3.183194462570035094e-03
3.258308131930639714e-03
3.219131928046261876e-03
3.098049915091697585e-03
3.162173220273529345e-03
3.138228893479955671e-03
3.139090309556644403e-03
3.195546029002840124e-03
3.184158376696245244e-03
3.048349881550732263e-03
3.083433312921450044e-03
3.111322524616603330e-03
2.999667283138993286e-03
3.030562300168548537e-03
3.056640184801743577e-03
1.306813806659840635e-04
1.299468760126295749e-04
6.487841894917303995e-05
2.595068690889617722e-04
3.235143527635412036e-04
2.596151370030304350e-04
3.798764474625063040e-04
4.416032804183639242e-04
3.837524249199308467e-04
1.951347028023442268e-04
4.986179378768488017e-04
5.009818503741300059e-04
5.604388184836501217e-04
7.994552749857754921e-04
6.182265099175527755e-04
6.772590418816584485e-04
6.201934776560755029e-04
2.124701211948999691e-03
2.031619392884683687e-03
2.223795954805708654e-03
2.335846940044284531e-03
2.444201155204755744e-03
2.437843907132558607e-03
1.929502111040474381e-03
1.763981381802316077e-03
1.765769104566773141e-03
1.706771602763461262e-03
1.820244079326844514e-03
1.418078416017711082e-03
1.416179034743813778e-03
1.364682236941059962e-03
1.477013591415589572e-03
1.186131798769671924e-03
1.249165357209967549e-03
1.198798303034996019e-03
1.130742572786416506e-03
8.735350835608900232e-04
9.278039564700900268e-04
8.681223208884618868e-04
9.777596342084307005e-04
9.797290028353826830e-04
1.026964302852606059e-03
1.532701830697888760e-03
1.591997330664591138e-03
1.533760024942519302e-03
2.754871723245287760e-03
2.701161109277576671e-03
2.730934056526516940e-03
2.804466408464530245e-03
2.755028786122249405e-03
2.781971102107136818e-03
2.792237092338970602e-03
2.694046262489731627e-03
2.671562425851788450e-03
2.635748325056322394e-03
2.529374258907423310e-03
2.928559842390563404e-03
2.873934160204785499e-03
2.912713181571983945e-03
2.946449186213047008e-03
2.979121713613246993e-03
4.014377030902085107e-03
3.264655891895270300e-03
3.272631302959896991e-03
3.280811943974465232e-03
3.391291598717983448e-03
3.564935823119745519e-03
3.509758678217190717e-03
3.666032229357173503e-03
3.704119637666636149e-03
2.870750233393606562e-03
2.961439174904987367e-03
2.953129746224233965e-03
2.888332736567403389e-03
2.970725510958667753e-03
2.981929219970156156e-03
2.922891431550033066e-03
2.997436817898314638e-03
2.999679838508955299e-03
2.862001188309494168e-03
2.964225132085535671e-03
2.967517470056694768e-03
2.824297029169055544e-03
2.946369487242304127e-03
2.960321276953938215e-03
2.865974791282755330e-03
2.983548875332355139e-03
2.982673526050239748e-03
2.904052016158066487e-03
3.027202172971434589e-03
3.003745062294530584e-03
2.962824623265079057e-03
3.092081420974642295e-03
3.057793157610172799e-03
2.856566255759464008e-03
2.945617031441020127e-03
2.938428898408003247e-03
2.843243550372405275e-03
2.931414534141435317e-03
2.922036219939227672e-03
3.083426773480670794e-03
2.951251257785409126e-03
3.021555089046539227e-03
3.028718267289414682e-03
2.972131007069076913e-03
2.957966560819686938e-03
3.085362486592741708e-03
3.148297199735658122e-03
3.119006480499860075e-03
2.989099606255126666e-03
3.031790053802347045e-03
3.070108493320155337e-03
2.830570790967085366e-03
2.915410449373921544e-03
2.905154092288989888e-03
3.235855232504282909e-03
3.134356781452895483e-03
3.251926237573572829e-03
3.271205265256557724e-03
3.327081150302209443e-03
3.304627140067539250e-03
3.335224789119690947e-03
3.296641800470278931e-03
3.231861087160577736e-03
3.162355530659054399e-03
3.073945442970050200e-03
3.119553172912479209e-03
3.024311320481994254e-03
3.007768785959626882e-03
0.000000000000000000e+00
6.530482679252493008e-05
0.000000000000000000e+00
1.947003189372011013e-04
3.193609091843949035e-04
4.389303217096406171e-04
5.581217110837487054e-04
7.494020573524623301e-04
7.426987065670070205e-04
8.062519193322690734e-04
6.834925340244392064e-04
2.087620027511858344e-03
2.129124727316531254e-03
2.083707675230970276e-03
2.034067335201918819e-03
2.214906231386350611e-03
2.191326636956622814e-03
2.247551040566639000e-03
2.331746756671610778e-03
2.363471385728226938e-03
2.304481484575852251e-03
2.504176014128900625e-03
2.492388985032855959e-03
2.447823022574267555e-03
1.987812615774173230e-03
1.984549741300946357e-03
1.931040594536934194e-03
1.645872001257043995e-03
1.705228725751229118e-03
1.648042496342596100e-03
1.876689830684484485e-03
1.875933911791827571e-03
1.819647745369143985e-03
1.297403920083645915e-03
1.357877344517314589e-03
1.304544617685502068e-03
1.474940358170339196e-03
1.241331645569503268e-03
1.037022873079801021e-03
1.111636692163565660e-03
1.056480145231205149e-03
8.112217760345787109e-04
9.254782307786655780e-04
1.007158033970797497e-03
1.588723798393224364e-03
2.725302624545768593e-03
2.780494647039747844e-03
2.864609310333782709e-03
2.810729462941321654e-03
2.835180343464549415e-03
2.843601493147094629e-03
2.616617400426167386e-03
2.655951594191084501e-03
2.598086423395429712e-03
2.542568264985973093e-03
2.964509215864974921e-03
2.897158796875056331e-03
3.920383662779368221e-03
4.054294067595247061e-03
3.880135161576507650e-03
3.062211249891581832e-03
3.185378280723641809e-03
3.142861131573744787e-03
3.147171673809476787e-03
3.012690491207968991e-03
3.170175619095030352e-03
3.125782063298000214e-03
3.131599744897723032e-03
3.294619250841438265e-03
3.230973152135080406e-03
3.282942245604901065e-03
3.424158107932494602e-03
3.371091718755000934e-03
3.522139226209392883e-03
3.685228933868176394e-03
3.542544802969473366e-03
2.863420032082100199e-03
2.879189121520902162e-03
2.905244731979496516e-03
2.892371259071864140e-03
2.842828435058965784e-03
2.843966317849343055e-03
2.883921882875788330e-03
2.932089991464968855e-03
3.010682284371848753e-03
2.849779343945656011e-03
2.836890649778834803e-03
2.929083533254378882e-03
3.001410911320677704e-03
3.010272851339292066e-03
2.940500326033435030e-03
2.818968911961203423e-03
2.899107922364000008e-03
2.891538698287684974e-03
2.807196321798012800e-03
2.879157226667152739e-03
2.885418515692012367e-03
3.037443847376972324e-03
2.863856742890922950e-03
2.968179793571759997e-03
2.926488324820269299e-03
2.824859892497188444e-03
3.148362498465447773e-03
3.218200526787575420e-03
3.166450905374982357e-03
3.046488134526684037e-03
3.066606556702277525e-03
3.114340234246877268e-03
3.200218447333817891e-03
3.208746183153518994e-03
3.231294840764912992e-03
3.282433440863838890e-03
3.260057796657585619e-03
3.163024605155579250e-03
3.236448299808443538e-03
3.221367715994666921e-03
3.174708504673495312e-03
3.051232935661959446e-03
3.116308685833517507e-03
3.095352191398535041e-03
2.974639704482828252e-03
3.011971473367193973e-03
3.034883509404499857e-03
3.015593817920983553e-03
3.076235564055825565e-03
3.057152210414584674e-03
2.986572481743064549e-03
1.291834753657663897e-04
6.417312113016055927e-05
1.299307187732851921e-04
1.943060841359367898e-04
2.542648287549567816e-04
2.568764154316075833e-04
3.170382686079158130e-04
3.734940547633812608e-04
4.360378254448789119e-04
3.766507079395042942e-04
4.975685150223871410e-04
5.579008607561053434e-04
4.980171084082921215e-04
6.305531630743851099e-04
6.242530264596306711e-04
6.900001019754585345e-04
2.150306060241813106e-03
2.038186594689267005e-03
2.273109479954491668e-03
2.435862935214196025e-03
2.383431565969350904e-03
2.414257405668462312e-03
2.470426623734451200e-03
1.932649405151043616e-03
1.761203394214096727e-03
1.762362865330580801e-03
1.702881810354271589e-03
1.819288948522185560e-03
1.412741363123899349e-03
1.415195738864468908e-03
1.354615400887480099e-03
1.472910011085570414e-03
1.173257267159884742e-03
1.235422245462495941e-03
1.179532163373848367e-03
1.104642553868997621e-03
7.730293502378953819e-04
7.609650712501330209e-04
8.233509254882441291e-04
9.090624822976055850e-04
8.911224329215841579e-04
9.434435256062230143e-04
9.728568791374077535e-04
1.525083516391023686e-03
1.585730754814665020e-03
1.528676859898537004e-03
2.828685584905807002e-03
2.791379071844951078e-03
2.759992277862264188e-03
2.847851331989563646e-03
2.800641150242149432e-03
2.826164751078057320e-03
2.903521509225276583e-03
2.884405047240076476e-03
2.852837762294218194e-03
2.738966745436622382e-03
2.716589955219667410e-03
2.676680405007595027e-03
2.559360772831291691e-03
2.951939093917499857e-03
2.918094520768947046e-03
3.719515603452801245e-03
2.903862913836275858e-03
2.983356901912596632e-03
3.070025586293695982e-03
3.069545970815996516e-03
2.956097480085191197e-03
3.204324134344714754e-03
3.399116443577957555e-03
2.691819611153663076e-03
2.774235503108758542e-03
2.780841600599749663e-03
2.704905409034904975e-03
2.796149060220820028e-03
2.787913025412076026e-03
2.732714104612100903e-03
2.827601162292266331e-03
2.810660305013825376e-03
2.796519514175279091e-03
2.702855519905706695e-03
2.782396288381354735e-03
2.762601361665724658e-03
2.628942837965656063e-03
2.726962616029232709e-03
2.746635525422003957e-03
2.664378131171752078e-03
2.783344557646515866e-03
2.765578253857391144e-03
2.711572694335981706e-03
2.836289525161266555e-03
2.808245199495806605e-03
2.791441036402744508e-03
2.877529563781771899e-03
2.926004986761632318e-03
2.685819420161921628e-03
2.764549444149236746e-03
2.770813007240848121e-03
2.652516806214417436e-03
2.741502839562329642e-03
2.747434880846873293e-03
2.896732333051932774e-03
2.785171652501779952e-03
2.857046182022989367e-03
2.867850547427631784e-03
2.813270469548793604e-03
2.796443876631603265e-03
2.949579445182440741e-03
2.969956099235532710e-03
3.017119363238125306e-03
2.837156504742275286e-03
2.850995334412425534e-03
2.912691171720347815e-03
2.672076622657659165e-03
2.745491172978258530e-03
2.750987726162109921e-03
3.097663405860740047e-03
2.998249953762991901e-03
3.106318176776705093e-03
3.128129855569857475e-03
3.178597619660661778e-03
3.157679860700898615e-03
3.187193690030017557e-03
3.076940664382958601e-03
3.129756290840993247e-03
3.120204490442117159e-03
3.034222984823429885e-03
3.064798650731987047e-03
2.995805011477561779e-03
0.000000000000000000e+00
6.461189796926513002e-05
0.000000000000000000e+00
1.913560682744888208e-04
3.135329239629022205e-04
4.351871465551517145e-04
5.637108765906039595e-04
7.013453270227207803e-04
2.104856311873040415e-03
2.160465619291980846e-03
2.095853503225193239e-03
2.045528313987555590e-03
2.308418922811371603e-03
2.260683813401151432e-03
2.320397032935615257e-03
2.424433242341622607e-03
2.430503735274984218e-03
2.376957925959596613e-03
2.533377310445331619e-03
2.518740441364020633e-03
2.483789120526588411e-03
1.994656989786870119e-03
1.991005618583992741e-03
1.934883477037482738e-03
1.644107619629226087e-03
1.702907725516236530e-03
1.644798666197870357e-03
1.880459509047144621e-03
1.878396192340031330e-03
1.820112943227388588e-03
1.286855872528646499e-03
1.291978220780273454e-03
1.349940153162420024e-03
1.468348514454570486e-03
1.229598986582713244e-03
1.057452412926354742e-03
1.047020589771724365e-03
1.115398116873913409e-03
8.409354332042141573e-04
9.102384304533600850e-04
9.737650545445311352e-04
9.095369124685591129e-04
1.584007126378367530e-03
2.784563945551189312e-03
2.839119610899976196e-03
2.876030598290905873e-03
2.939519910369381688e-03
2.654364079201853611e-03
2.697202038731396669e-03
2.635605989682971925e-03
2.575522228687249487e-03
3.644909038685821903e-03
3.783967460528495606e-03
3.579811076179894008e-03
2.845286439740803055e-03
2.804403011728364824e-03
2.966989217892655045e-03
2.909294788258827338e-03
2.705038612498885265e-03
2.857767286558534920e-03
2.805082080614995556e-03
2.927529187197255422e-03
3.105274241794628038e-03
3.030236742996017096e-03
3.171261069426798383e-03
3.227029763541367467e-03
3.346508022754484703e-03
2.688689330730402883e-03
2.698094374948858259e-03
2.718266047386362627e-03
2.717528231661555261e-03
2.587487791077936524e-03
2.705297927189437377e-03
2.645277739232087567e-03
2.645698395629438645e-03
2.607358506377929763e-03
2.686790562964805514e-03
2.749773249006531167e-03
2.669059539160998067e-03
2.662413411332354221e-03
2.746194745604712065e-03
2.837096936323699452e-03
2.805017748510751571e-03
2.765950763829669312e-03
2.660781668108075891e-03
2.733937904589348825e-03
2.739524226960708166e-03
2.643911405755079366e-03
2.725142560486812186e-03
2.714482191575493582e-03
2.893490326265455055e-03
2.713551622644060253e-03
2.788255634058664414e-03
2.775378990958431418e-03
2.666566683008637917e-03
3.007696631705183195e-03
3.027931057764035074e-03
3.077528097753798927e-03
2.908919143395188780e-03
2.929946746116081358e-03
2.977241789693435038e-03
3.057182591857640457e-03
3.063066541466817703e-03
3.135186805356861370e-03
3.085522402903053633e-03
3.113514326735432065e-03
3.008438285993666680e-03
3.084625453091001477e-03
3.043073916898309753e-03
2.929823276100580569e-03
2.972938481594056791e-03
2.989450766638486467e-03
2.960010318007182985e-03
3.017686079846145213e-03
3.005722798769077525e-03
2.958370669269176200e-03
1.291051428529700043e-04
1.291350814653302798e-04
6.414855593458601449e-05
1.917071694617756661e-04
2.532982807161296489e-04
2.537552165709091949e-04
3.134103350797144325e-04
3.738650748457083791e-04
4.357350199318818572e-04
3.736277909556033876e-04
5.074559486968250634e-04
5.024096492427155723e-04
5.690447689922671030e-04
6.365336578598384349e-04
6.334156864475542006e-04
7.048187480518203164e-04
2.219766712240906631e-03
2.217322583260592905e-03
2.161482283896305496e-03
2.050232432592290904e-03
2.264313277417154789e-03
2.365862970895243368e-03
2.479171500816209316e-03
1.937916007926425823e-03
1.761868283429270489e-03
1.761406452153220763e-03
1.702302808042404844e-03
1.821463680746026985e-03
1.411879629668873247e-03
1.348908583934851219e-03
1.412153452404526143e-03
1.468560191716872243e-03
1.152299423504276211e-03
1.162665638332760574e-03
1.219746913417262902e-03
1.104363999597825869e-03
9.835862023248259992e-04
8.410254473692777098e-04
1.517600452133599032e-03
1.521261029886565325e-03
1.580971652744808968e-03
2.869386103247616431e-03
2.803059796526889257e-03
2.849611755692594162e-03
2.888197778684563344e-03
2.879179991155216868e-03
2.917348722012066617e-03
2.783354100261865253e-03
2.761480277488485065e-03
2.717838599884970889e-03
2.592861354194472053e-03
3.264478765065883387e-03
3.453488575224477643e-03
3.394513316756355131e-03
2.601420135060899218e-03
2.751213440787907225e-03
2.696958949678676578e-03
2.862230297895724043e-03
2.752310157703893780e-03
2.650913334269095444e-03
3.046300031601401666e-03
3.215534265008890627e-03
2.521187304219347450e-03
2.606041826341550655e-03
2.603523642512184898e-03
2.523184913477047840e-03
2.607557933030869943e-03
2.613495729433732567e-03
2.535469193488595636e-03
2.633330104309956204e-03
2.620289725979415944e-03
2.548874324009054414e-03
2.625330289801019058e-03
2.640912404732307164e-03
2.567498044272657678e-03
2.433323402917025955e-03
2.547866023690745739e-03
2.531463098669926685e-03
2.402751489309582281e-03
2.514903940471541113e-03
2.495361718780739983e-03
2.468739792825865465e-03
2.589131795327379200e-03
2.566963739641838892e-03
2.524692808913076535e-03
2.656829869761599423e-03
2.618578763440697690e-03
2.538860093276929571e-03
2.595777634354192072e-03
2.612055592009077890e-03
2.537025288102398753e-03
2.604508444117572749e-03
2.594494942320372047e-03
2.730207299546540036e-03
2.619244121707997152e-03
2.682686066853737488e-03
2.701717574909621826e-03
2.652560098875676297e-03
2.631825920974584319e-03
2.808076929600165136e-03
2.823152419669613510e-03
2.878334128365053583e-03
2.687809826312614891e-03
2.701099141524268207e-03
2.761931734981020511e-03
2.515680140248047290e-03
2.593482281503134857e-03
2.588219499938476578e-03
2.958572696293543247e-03
2.858785957192156672e-03
2.963706597885514514e-03
2.986374067325255587e-03
3.034326100006459227e-03
3.013627393862618794e-03
3.036442584370757820e-03
2.984835829371831548e-03
2.945571280766338257e-03
0.000000000000000000e+00
6.461160009733470729e-05
0.000000000000000000e+00
1.908363410814014314e-04
3.132354438769491723e-04
4.402777188995066421e-04
5.716160911124266823e-04
7.499942686390441990e-04
7.614515949722753434e-04
6.928936568944014853e-04
2.116171852943295878e-03
2.168454723541931878e-03
2.110402423552080499e-03
2.054606716513828358e-03
2.340244396273847075e-03
2.324188198160102078e-03
2.279120219073113747e-03
2.382917256595644059e-03
2.562554076613975020e-03
2.548125856855951252e-03
2.492222030306440184e-03
2.004505028740704870e-03
1.999483441658427528e-03
1.941695547533047123e-03
1.640140543062401689e-03
1.642054677732069246e-03
1.701154086329338070e-03
1.886050998949119397e-03
1.883189407380666267e-03
1.823233159940353555e-03
1.273343687510872582e-03
1.280026025722955747e-03
1.342751707137485821e-03
1.464218785699238946e-03
1.212478119624260707e-03
1.001909141725635180e-03
1.076886005729825240e-03
1.029749195237321478e-03
9.555735679752878214e-04
8.300673471007467786e-04
1.578171237837840742e-03
2.826911287125890432e-03
2.914909158375083697e-03
2.893063361232745077e-03
2.691234425800847086e-03
2.737712880459886641e-03
2.673092305126269046e-03
2.608911975584311035e-03
3.358443377138190487e-03
3.503155714564976184e-03
3.308282178669036226e-03
2.561201939628380241e-03
2.581892670240561963e-03
2.752752763889016081e-03
2.694075817546210620e-03
2.489813810249772667e-03
2.645843622248229225e-03
2.598230150915916466e-03
2.405180057515843902e-03
2.553657925096400501e-03
2.503913301681713437e-03
2.910184453743308239e-03
3.041653577559947849e-03
2.916860386100016394e-03
3.084998305628634200e-03
2.522039840521085683e-03
2.530020930767740671e-03
2.529030381623477430e-03
2.541752335546117788e-03
2.378834088710762504e-03
2.482336036954057353e-03
2.464022944667256920e-03
2.450010885634376460e-03
2.417204607380370011e-03
2.390150626591875781e-03
2.495383735362390661e-03
2.454648540122858144e-03
2.496533412967703001e-03
2.553229293532747763e-03
2.495941350291698644e-03
2.526393740732703948e-03
2.591372763108056119e-03
2.652465588202690665e-03
2.668275523592195542e-03
2.605569064380412747e-03
2.502664224855432815e-03
2.573265014791682563e-03
2.581280807115231453e-03
2.485916854099419569e-03
2.564419051344134313e-03
2.552541370670045624e-03
2.748034561104617957e-03
2.563355053184996138e-03
2.625621059335521163e-03
2.637880562215239640e-03
2.509341520091810333e-03
2.862500969609911919e-03
2.886337092630490622e-03
2.934399831967873795e-03
2.766144538545570013e-03
2.836882433328676532e-03
2.787673537996666374e-03
2.913331550738214055e-03
2.919981151584653996e-03
2.990624401447084229e-03
2.942516676389271037e-03
2.964535512604408486e-03
2.937814684038963457e-03
1.295619886062921952e-04
6.438168649864645522e-05
1.293208901500550272e-04
1.914899759851169524e-04
2.580747539161811215e-04
2.556384524781750260e-04
3.160356099634857455e-04
3.919662119835212255e-04
3.827991231888504698e-04
4.497836313826704705e-04
5.244426522568290238e-04
5.805667053399440284e-04
5.158097931519564335e-04
6.370696340973852579e-04
6.367265378031350355e-04
6.935514387321497186e-04
2.239010932498373702e-03
2.176785296513547314e-03
2.229373406239100724e-03
2.060734861272978981e-03
2.290089025468735988e-03
2.464938417586138263e-03
2.444664500825588071e-03
2.401706129255635688e-03
2.514149773242264733e-03
1.945587672146098035e-03
1.764291209863306500e-03
1.701459023637745841e-03
1.763037926418430969e-03
1.825398149063110591e-03
1.373642979384054547e-03
1.392825401022043143e-03
1.323222975632767700e-03
1.445568874762130076e-03
1.223391331090551998e-03
1.248465613347500211e-03
1.187305559745116838e-03
1.087945053136838780e-03
1.044527682715515153e-03
1.120234723894114690e-03
8.571197392940353233e-04
9.294091377180433138e-04
8.837369012278608769e-04
8.031169800244153389e-04
1.507522974932250020e-03
1.573929564826543562e-03
1.512531352695639739e-03
2.895282590747708020e-03
2.850669848094805874e-03
2.825091510808587329e-03
2.804703270632666421e-03
2.757268006232463115e-03
2.625958751550961073e-03
2.970560319856841661e-03
3.119063815823647397e-03
3.162808787536617542e-03
2.329275693632653927e-03
2.427518889773393022e-03
2.463981689766537794e-03
2.533264346915680993e-03
2.665258025505005436e-03
2.621230291614169879e-03
2.797539867060300656e-03
2.445174404486352444e-03
2.365285513061419261e-03
2.785493054531788370e-03
2.937080708131997817e-03
2.343196168345332113e-03
2.432562102823992902e-03
2.432180364628873034e-03
2.343162501077011677e-03
2.431500508126478895e-03
2.440764079375757917e-03
2.349432521982657007e-03
2.436374225642458542e-03
2.441782878218462776e-03
2.361298816135551457e-03
2.454383435671109517e-03
2.448503269151205541e-03
2.369591220672696581e-03
2.237484218191033471e-03
2.351954722803266309e-03
2.335752462889880039e-03
2.212277098777282267e-03
2.321725606360804193e-03
2.307778210354382263e-03
2.196400750367500168e-03
2.298625608367237984e-03
2.287807372471994428e-03
2.273512993703188413e-03
2.371559644122902231e-03
2.397874041989345520e-03
2.399075039765178208e-03
2.391961476320288507e-03
2.464183216139372891e-03
2.423157867937924224e-03
2.453914351521706023e-03
2.577663850027053522e-03
2.461031079988005611e-03
2.539573214406657623e-03
2.526171973157083795e-03
2.494524199393742536e-03
2.473681612330559231e-03
2.660131260439851583e-03
2.674428500257989942e-03
2.733430965869474913e-03
2.542644849040062802e-03
2.553349529581618472e-03
2.614587172434820143e-03
2.360205117854429543e-03
2.431441279027337591e-03
2.437465199063646847e-03
2.814659264023220558e-03
2.713396147999510514e-03
2.844361587229726328e-03
2.893587338410308872e-03
2.872878343779724456e-03
0.000000000000000000e+00
6.487562943025249843e-05
0.000000000000000000e+00
1.934285070568298652e-04
3.246232762506434124e-04
4.578099907428491368e-04
5.804932497310875484e-04
7.221783866534807949e-04
7.360891691092548038e-04
6.792985035970779389e-04
2.130671755343590407e-03
2.185273687954179898e-03
2.123430918212473005e-03
2.066795052280882925e-03
2.367283817536126010e-03
2.353839027359415012e-03
2.302325452713587135e-03
2.416533284294603706e-03
2.594576268906351960e-03
2.578827107875660777e-03
2.528876330605265600e-03
2.014592135136026880e-03
2.009571394928525139e-03
1.949537257710600791e-03
1.632235264104238588e-03
1.636204682879132625e-03
1.698388792409772459e-03
1.890674495322027058e-03
1.888401046859314227e-03
1.826742673740847957e-03
1.298607915697721224e-03
1.439695516948063733e-03
1.155261569306670257e-03
9.715116464963733517e-04
1.029692832106483781e-03
9.867341658033725125e-04
9.137759681526410899e-04
7.896580874059860346e-04
1.569133607738696073e-03
2.727948842503557809e-03
2.710019366507184987e-03
2.776869275223589530e-03
2.643286383010476099e-03
3.059492932415498138e-03
3.210648126632916367e-03
3.011205110229701973e-03
2.299884364830493376e-03
2.265870348158594092e-03
2.422435045667073114e-03
2.378791615298856462e-03
2.365058298613505194e-03
2.514497629277283146e-03
2.474461840738026788e-03
2.187916117441320377e-03
2.337187352062163395e-03
2.297338493860164033e-03
2.121366046823678145e-03
2.261606809898419369e-03
2.225944157268857325e-03
2.560460850753466886e-03
2.736923992671835837e-03
2.612404218601925652e-03
2.761255123603950645e-03
2.346113883510981320e-03
2.343093350656457515e-03
2.355034837900150946e-03
2.182985216351759558e-03
2.280058468883979991e-03
2.272273921842587942e-03
2.224042051710672062e-03
2.254401138579574960e-03
2.203712730707441201e-03
2.189213081483000218e-03
2.268419216087847520e-03
2.305491710716260374e-03
2.361060614824355385e-03
2.330318912635547923e-03
2.376145146949395440e-03
2.446939565842111853e-03
2.518613780271681743e-03
2.505216422837307048e-03
2.454238069072136111e-03
2.347691905837768784e-03
2.416816513643687062e-03
2.424660279533467910e-03
2.337170438534660367e-03
2.411014975689796270e-03
2.399113583335485845e-03
2.601539406919550074e-03
2.418854177124599072e-03
2.490483136293270006e-03
2.480869058998772577e-03
2.354132713989660897e-03
2.794499597205743393e-03
2.747539643910409599e-03
2.628001959157881626e-03
2.644506388787244613e-03
2.696345432277162148e-03
1.355574786384418048e-04
1.325231946250763682e-04
6.733468022145861691e-05
1.969259664787894443e-04
2.671255012217336067e-04
3.296538046557796254e-04
2.625340695389012527e-04
4.108998680340529997e-04
4.013117717353424131e-04
4.677680933198440105e-04
5.642079071822332518e-04
6.007613341658934189e-04
5.440722681262218996e-04
6.430239600360408442e-04
2.262591038265014416e-03
2.250878190125642220e-03
2.195838018362065210e-03
2.072976888598813267e-03
2.315375029347926591e-03
2.494117547849601310e-03
2.479738195909194243e-03
2.429942713423142650e-03
2.544688609174203080e-03
1.952883616837961661e-03
1.763393703500950021e-03
1.763896526723940546e-03
1.697032840692928911e-03
1.827208692215764830e-03
1.360163479392437810e-03
1.366865268425150473e-03
1.291006496951368869e-03
1.433870687357322602e-03
1.094016377941616977e-03
1.158858804463434476e-03
1.090889124437277808e-03
1.032180860103196077e-03
8.350686315717043397e-04
9.032969928073659874e-04
8.460839714981169485e-04
7.781299803496230039e-04
1.494218353451220180e-03
1.563289215570726242e-03
1.500909150170541941e-03
2.660428874930172854e-03
2.649963284725638003e-03
2.812179261411737029e-03
2.852384707171673126e-03
2.070262668798517232e-03
2.198206361848498071e-03
2.172380020696294302e-03
2.224389811751944536e-03
2.312315357902351969e-03
2.457610106983448405e-03
2.152611082814206035e-03
2.094230656928289854e-03
2.600166292778973050e-03
2.166782837044758936e-03
2.255023453319311873e-03
2.257383330299653473e-03
2.166581982704196118e-03
2.254894449764310339e-03
2.254215227013225877e-03
2.172865701452313721e-03
2.261225698976741458e-03
2.266293868311473891e-03
2.177571912748312803e-03
2.015453648205199101e-03
2.114143037993097135e-03
2.125210937322108591e-03
2.037925320510172549e-03
2.154348704931853715e-03
2.138082324584053562e-03
2.006708378853313580e-03
2.101752662218052230e-03
2.108397105721477281e-03
1.999873190112275417e-03
2.091563457716444450e-03
2.097154136796782614e-03
2.100728900621452906e-03
2.220947768981710799e-03
2.184606966071615461e-03
2.238520421221803450e-03
2.253452197200006297e-03
2.314775111090594441e-03
2.299530898105502878e-03
2.433104310646558126e-03
2.323949437377942524e-03
2.385477305680980091e-03
2.391988000161946685e-03
2.342660766945853495e-03
2.330755286746654959e-03
2.520564153893034044e-03
2.531993363282044815e-03
2.589630021991689169e-03
2.407357080186367689e-03
2.413434625522760651e-03
2.474355244631458884e-03
2.204037831266124348e-03
2.281555820948944456e-03
2.275879856057986834e-03
2.678298505824835540e-03
2.574532679991202704e-03
0.000000000000000000e+00
6.788439893716287506e-05
0.000000000000000000e+00
2.009500663041571030e-04
3.385886359187237305e-04
4.870154535198056790e-04
6.922904437332087334e-04
7.072832736894822756e-04
6.275637072808527362e-04
2.144089398418859600e-03
2.203734412548972576e-03
2.137513249716211424e-03
2.078589731309560696e-03
2.388930297864353888e-03
2.325092725102435084e-03
2.378327504620617386e-03
2.441892696740932938e-03
2.560266707964363626e-03
2.611655020762934393e-03
2.021224890485144240e-03
2.018045939917426004e-03
1.955205471538688095e-03
1.628953060243787214e-03
1.696286745244186432e-03
1.630641996234289673e-03
1.896155397658937092e-03
1.893515407479185939e-03
1.829026609767941741e-03
1.224132760406173746e-03
1.292268417103987046e-03
1.223644945851740324e-03
1.426394151811450229e-03
1.158444100310445941e-03
9.571054512224760284e-04
1.025590509714924183e-03
9.642879953523477224e-04
8.955154990653830345e-04
7.636775887013988679e-04
1.560764449854445870e-03
2.746096569689101836e-03
2.904771750588436893e-03
2.693204746432718410e-03
2.052950443328972925e-03
1.959264351027767241e-03
2.110520376290708072e-03
2.074523148062011862e-03
2.034366869223847539e-03
2.151221556958310237e-03
2.197694270020012896e-03
2.144934108032105213e-03
2.256100834710077999e-03
2.350337831326803056e-03
1.903929473067106706e-03
2.043936098613990341e-03
2.013363752604387449e-03
1.860768203344954214e-03
1.989222043927052225e-03
1.966058910460259396e-03
2.245456164045389526e-03
2.405094847424102660e-03
2.444523471177792191e-03
2.169601033402087688e-03
2.166575651355857283e-03
2.133345882617506024e-03
1.994164614002275331e-03
2.083601627853769005e-03
2.087678837225330659e-03
2.010480413335506266e-03
2.025818254082642055e-03
2.002830428410329062e-03
1.996673085812309539e-03
2.093733538525951662e-03
2.097253971536916332e-03
2.180420188172976521e-03
2.166201127681805210e-03
2.221350036557082422e-03
2.320211544025652627e-03
2.383092062349771462e-03
2.369677385826365369e-03
2.322313375481829985e-03
2.196750360086933713e-03
2.266966005454869662e-03
2.271644797355073641e-03
2.183303006458670557e-03
2.259575857909452892e-03
2.253540738553026519e-03
2.464199324845741702e-03
2.281507669014069296e-03
2.344636674785383155e-03
2.349560654347800006e-03
2.200588805118973510e-03
2.507658955045824825e-03
1.358025968649131780e-04
6.743143457152771475e-05
1.356673843736622262e-04
2.016253974385077041e-04
2.900107057383583204e-04
3.506912249194744642e-04
2.784141905560611591e-04
4.355299875004638166e-04
4.999446053579992928e-04
4.230762197144361382e-04
5.425673159242669829e-04
5.534174515322080575e-04
6.173821268464249439e-04
2.271049319200212080e-03
2.206956292191478847e-03
2.267081516116879053e-03
2.082940296874386758e-03
2.330354104734344220e-03
2.454052738511638531e-03
1.958885588822133900e-03
1.764421389798780885e-03
1.764005402110482628e-03
1.695915965145008281e-03
1.830435741406837014e-03
1.353228366541099495e-03
1.287981131940235972e-03
1.356681719226705309e-03
1.423823395239617569e-03
1.082377417297122457e-03
1.153329987734581005e-03
1.088186236908299503e-03
1.019122890726807760e-03
8.158358673312236580e-04
8.254676633235382170e-04
8.864794815443218000e-04
7.535062503008725090e-04
1.487312665821045833e-03
1.558194686474243277e-03
1.490816635658637548e-03
2.326773872655259114e-03
2.533723740505406871e-03
2.490594701729500083e-03
1.831808119359916139e-03
1.949415441097982274e-03
1.935274585142718632e-03
1.929503198804667554e-03
1.994085710759371972e-03
2.086003713216399904e-03
2.191159534752260083e-03
1.880728586554578910e-03
1.845105077913428409e-03
2.281454034124341407e-03
1.990756488694938025e-03
2.080976822699067731e-03
2.078795633954082841e-03
1.976320656466423482e-03
2.070714627390962074e-03
2.071432452690497288e-03
1.948984482597187649e-03
2.024860848572237072e-03
2.056805705596203085e-03
1.992217778240763619e-03
1.808439365351357901e-03
1.910677723458443058e-03
1.907768306429124703e-03
1.812603750651507186e-03
1.914315854605157024e-03
1.923774293092565466e-03
1.812399316429320374e-03
1.906269083182149252e-03
1.908458162602911200e-03
1.812071959785848839e-03
1.904981443551041634e-03
1.903202761350436360e-03
1.932118056221346185e-03
2.015707826979469975e-03
2.012919814466236808e-03
2.076729627825426878e-03
2.156989495188612552e-03
2.085292499499894880e-03
2.140555092330419500e-03
2.300916345654819509e-03
2.188329070663552842e-03
2.255480796279497012e-03
2.253981844066306819e-03
2.190222567107548337e-03
2.186218783342868191e-03
2.398407001968632692e-03
2.338560812691545081e-03
2.276480791410993593e-03
2.055662191520732634e-03
2.126228170941870874e-03
2.129257133103697620e-03
0.000000000000000000e+00
6.801499993184898115e-05
0.000000000000000000e+00
2.123235243846010559e-04
3.624921869524445309e-04
4.886078620422207612e-04
6.646526890521338785e-04
6.030551258034060145e-04
6.785392022435606874e-04
2.141560668748487828e-03
2.206785520984006540e-03
2.143172320085341958e-03
2.080767276686431005e-03
2.033085109758783239e-03
2.027309334059225737e-03
1.963880347560696682e-03
1.621124861277111525e-03
1.692834341990128973e-03
1.625157571980007532e-03
1.899727753809629010e-03
1.898097393587737771e-03
1.831368085291147727e-03
1.211106078214545722e-03
1.282246795500882738e-03
1.217645484377051545e-03
1.419520369858957550e-03
1.146078864882037977e-03
9.388213245161203041e-04
9.479936730884464717e-04
1.010631131017215422e-03
8.767292744028671019e-04
7.402275600895503538e-04
1.553477681751566164e-03
2.415550342850575436e-03
2.583224590972386762e-03
2.365550354492292409e-03
1.821311145239792352e-03
1.671865283327672548e-03
1.813112323933337156e-03
1.788717071476498980e-03
1.721349366542347529e-03
1.875323453062400451e-03
1.841376450617311514e-03
1.794938041310477003e-03
1.967341761161412600e-03
1.915925903734911522e-03
1.878376977047711144e-03
2.013313191669093873e-03
2.059273590282253551e-03
1.638927137213609057e-03
1.769197890784786125e-03
1.750446992583134945e-03
1.617419975225701774e-03
1.737139986186880163e-03
1.725035437806086503e-03
1.935927863777576856e-03
2.092872286764298033e-03
2.127921394382613005e-03
1.983350644570855501e-03
1.962481474154207945e-03
1.940491236982336666e-03
1.812070477292594380e-03
1.901456378353852091e-03
1.902190341249037058e-03
1.809935870309538558e-03
1.810024554118791788e-03
1.811912885430291094e-03
1.811831644187515689e-03
1.930038957343916187e-03
1.931146306052526108e-03
2.011188059192912849e-03
2.003447895199799052e-03
2.066322144234999589e-03
2.235521971602830171e-03
2.047671273437303655e-03
2.115526585192607865e-03
2.121569156452295362e-03
2.036819900155847473e-03
2.109356474296932623e-03
2.112690768133816503e-03
2.211058319951127345e-03
2.051834047918003109e-03
1.347896381531221558e-04
1.352907767104828641e-04
6.690906843378716681e-05
2.125062865925367859e-04
3.967861690536014048e-04
4.162669769088289391e-04
3.428115459256844276e-04
4.696034090415858366e-04
5.169991614552801092e-04
5.908151526006534277e-04
5.298585977998285408e-04
2.087529135867418738e-03
1.966542113483037580e-03
1.761659306137040035e-03
1.763190734193004769e-03
1.690631655478353401e-03
1.830796793989313302e-03
1.343339838464655380e-03
1.348340142116152785e-03
1.276516755381557110e-03
1.415403469786497654e-03
1.066096848592633112e-03
1.138651262833136838e-03
1.074285203325378796e-03
1.001816531095508058e-03
7.918398342437607887e-04
8.653257419072778135e-04
8.039038788744684453e-04
7.276439240707533330e-04
1.479086036685936089e-03
1.550180865414785151e-03
1.483299191022625224e-03
1.967107676619428945e-03
2.149858440174639944e-03
2.187584828736849341e-03
1.603850079266075238e-03
1.708513575894715641e-03
1.716073114136572623e-03
1.653800192403121188e-03
1.694391523316717820e-03
1.755204991098267700e-03
1.833221117450522077e-03
1.903863019882784001e-03
1.627007446996500553e-03
1.609765909411992740e-03
1.947455139666135707e-03
1.809716737631980078e-03
1.899363456687813050e-03
1.893015540761302769e-03
1.793625371497428820e-03
1.871293578455979949e-03
1.884106766402330680e-03
1.776260525035082026e-03
1.861837048215802311e-03
1.854182872836618746e-03
1.810731234136014715e-03
1.599265073610209613e-03
1.704043410083604798e-03
1.704458143614719784e-03
1.606249619433389913e-03
1.709443805188674793e-03
1.706084457997052465e-03
1.627322306638713826e-03
1.718824142496893281e-03
1.719794213434647744e-03
1.629415247335765961e-03
1.719728509373313289e-03
1.720781884307110831e-03
1.770976405014800838e-03
1.850827661706927300e-03
1.850510420029290951e-03
1.919754879327490674e-03
1.924991446449852593e-03
1.997558157918693719e-03
1.987864762649978103e-03
2.164942317524370507e-03
2.042429665632084727e-03
2.035187237948886656e-03
2.109881465456015827e-03
1.906831560498606620e-03
1.980602595380692808e-03
1.977305171349856561e-03
0.000000000000000000e+00
6.751841425805324827e-05
0.000000000000000000e+00
2.552206351583563159e-04
1.945586441508934355e-04
2.727425314756196160e-04
3.258854466071384659e-04
4.563098831381887295e-04
6.461845033372668910e-04
5.810096781727835079e-04
6.554703785706199586e-04
1.967590577295533390e-03
1.618546778112130288e-03
1.690169824736140105e-03
1.619953667229291280e-03
1.901922766799260707e-03
1.901007615606161013e-03
1.831093530950580377e-03
1.198891152003646538e-03
1.271175055348755566e-03
1.205060336559922495e-03
1.410480611528067748e-03
1.131801871792433587e-03
9.181300364675388072e-04
9.921215647129355900e-04
9.285478940843232320e-04
8.543601350106010866e-04
7.189929651338831896e-04
1.548077933014547266e-03
2.063655916588088158e-03
2.242648639632448433e-03
2.007908131964151067e-03
1.600972856720403589e-03
1.407984277459390244e-03
1.524063819504994661e-03
1.537244519369736998e-03
1.429238503057937097e-03
1.551427508994528571e-03
1.572190554637165841e-03
1.471113626928998970e-03
1.629899967404295534e-03
1.597458843396831057e-03
1.545262120872777003e-03
1.709095931220505757e-03
1.671616701360863818e-03
1.639920865270735276e-03
1.760629466366518204e-03
1.785290486977202627e-03
1.396297396350585068e-03
1.507270755639055675e-03
1.515310176806410622e-03
1.390318144612231891e-03
1.497350624989388090e-03
1.501860271762047155e-03
1.568747590676102324e-03
1.754836987736052741e-03
1.762190715595777363e-03
1.801524582046540616e-03
1.784851610937217108e-03
1.773631346310359201e-03
1.633622806249978611e-03
1.721653880603551739e-03
1.721878489333611211e-03
1.602394394117584095e-03
1.616604056200316103e-03
1.628125850678219071e-03
1.631367178471470778e-03
1.770974644425362277e-03
1.771065535530782099e-03
1.849769677249210077e-03
1.845418019175231643e-03
1.913421089951269742e-03
1.969464079045578006e-03
1.974111821463557948e-03
1.904535400451109290e-03
1.313723756177230572e-04
6.518687562022705074e-05
1.330907322366952836e-04
1.934302728721807392e-04
3.712217895310195308e-04
3.840942633592689891e-04
3.126124195723160534e-04
4.440584787376442499e-04
4.907341955861860760e-04
5.684762591639146634e-04
5.039651633026153441e-04
1.762524084579619255e-03
1.762237958456782522e-03
1.689799205646198930e-03
1.832311355098799419e-03
1.333499176490632581e-03
1.338507873416579794e-03
1.265491213187568175e-03
1.406348164308560220e-03
1.050706148572980083e-03
1.058475523939830451e-03
1.124831244859655953e-03
9.837273829125005309e-04
7.686304726710919012e-04
8.433605324985278323e-04
7.803212180788232817e-04
7.068210457791211090e-04
1.472761001937354305e-03
1.545708970827655267e-03
1.476032999844938349e-03
1.535096561806097420e-03
1.793900198225255836e-03
1.755662817187228974e-03
1.386777526081971667e-03
1.493546537931918954e-03
1.493142610080761120e-03
1.401074838848239334e-03
1.417106535329675995e-03
1.447852938687934797e-03
1.504903115921912404e-03
1.589306660116232258e-03
1.603729206582904564e-03
1.392519184738926245e-03
1.387955478197774309e-03
1.547886177854623877e-03
1.634221992517761492e-03
1.721052977398750518e-03
1.713881007498391663e-03
1.625038728795592975e-03
1.700601267334398911e-03
1.708491483705520649e-03
1.615298812975795228e-03
1.693109073088521713e-03
1.695009255409538279e-03
1.633831588132337188e-03
1.379350615211161419e-03
1.487671273984717598e-03
1.492808201736108486e-03
1.422209604918310338e-03
1.513047945581601737e-03
1.524771993620284210e-03
1.444038361490706211e-03
1.534543478936632732e-03
1.536749347484751924e-03
1.452913716759916081e-03
1.543252521386551069e-03
1.540115433841864447e-03
1.612037119950645745e-03
1.690738659204584805e-03
1.691507894229432769e-03
1.770045339749634064e-03
1.844213289435391381e-03
1.770635560322945815e-03
1.838566547128618481e-03
1.834012533891188085e-03
0.000000000000000000e+00
6.580657225878972546e-05
0.000000000000000000e+00
2.422400665317619637e-04
1.864172755832752492e-04
2.487718815435745277e-04
3.066675213876909390e-04
4.303937546218222212e-04
6.174717543366940991e-04
5.535152050218717420e-04
6.319485680782608791e-04
1.617187096992728484e-03
1.617989678202975132e-03
1.689918044013518413e-03
1.186941642412158793e-03
1.193000321156180259e-03
1.260252144887302143e-03
1.402402091195224408e-03
1.118128464187365979e-03
8.995569491722035403e-04
9.089307593392385821e-04
9.751333465819822868e-04
8.334113138439947855e-04
6.930672757556510712e-04
1.544228262891126106e-03
1.682761234187434268e-03
1.877520030806546910e-03
1.598162217815614046e-03
1.382612848945713718e-03
1.172345770778135962e-03
1.284675914333706717e-03
1.287545453992108846e-03
1.163944941241259069e-03
1.293289798493178462e-03
1.286513179404047804e-03
1.176007976203661707e-03
1.303521928938017630e-03
1.319627899024789375e-03
1.207427635746922837e-03
1.372237036719436629e-03
1.340636791639102012e-03
1.285755237294929770e-03
1.461930848017687279e-03
1.417709468824532651e-03
1.419898694739191039e-03
1.173469937100223492e-03
1.282622172041849272e-03
1.282103665970259123e-03
1.177830640656437125e-03
1.282400185793077917e-03
1.282109773180942257e-03
1.259067526516756191e-03
1.415248907240738508e-03
1.388121434855322514e-03
1.629555877832562913e-03
1.620134818700210777e-03
1.613700630156611601e-03
1.463761624307485755e-03
1.547725584846804461e-03
1.548931764257820793e-03
1.400756926812811790e-03
1.433016760830237634e-03
1.448343238105770500e-03
1.458281097261181821e-03
1.615542786569983168e-03
1.613895184165707163e-03
1.692493578111073978e-03
1.692814116600109726e-03
1.766399110868796659e-03
1.617986875379770159e-04
1.464106951423712667e-04
8.014493507499173140e-05
2.021895164601460778e-04
3.303888689040318234e-04
3.509428245057481018e-04
2.859433638244025539e-04
4.103827777004286754e-04
4.394457790510647118e-04
4.653188341022658730e-04
5.284786738699966731e-04
1.692841387632630255e-03
1.326151592705085988e-03
1.255825137155819381e-03
1.329915824108030388e-03
1.399491403843130697e-03
1.036325920843751127e-03
1.111664024093642717e-03
1.043603937601527603e-03
9.672334431370629201e-04
7.466974491562107562e-04
7.577635940920803828e-04
8.230946077877213194e-04
6.814694638997445498e-04
1.465920508208510111e-03
1.469457798768243574e-03
1.541576679772415671e-03
1.254944615632963252e-03
1.398064750489347178e-03
1.466644785481645459e-03
1.187916399828074310e-03
1.285603885235232519e-03
1.283581946078804275e-03
1.167384119811824784e-03
1.172237445619747284e-03
1.168566190603885328e-03
1.189375079173813667e-03
1.241547838029284385e-03
1.269740031477408892e-03
1.175160407770872153e-03
1.182526953308330646e-03
1.052565023948473727e-03
1.291656043047696668e-03
1.157777437084597924e-03
1.469429535988231840e-03
1.550914377716291646e-03
1.547134832261055568e-03
1.464083895987190395e-03
1.539599974013291682e-03
1.543724156813896077e-03
1.457783600026558209e-03
1.535761544495961193e-03
1.534886501185462552e-03
1.466572548261432535e-03
1.183067099610462993e-03
1.302363731120921575e-03
1.279659488524341037e-03
1.249566448140305378e-03
1.346731082946889041e-03
1.334713243887506720e-03
1.271107466983057094e-03
1.361971480994560385e-03
1.356456057997048378e-03
1.284179883886447200e-03
1.373911476156143823e-03
1.367520386317153721e-03
1.462109573276255958e-03
1.536323944603631888e-03
1.538834465185541771e-03
1.616483161578556029e-03
0.000000000000000000e+00
8.093479293185470579e-05
0.000000000000000000e+00
2.457716568936487312e-04
3.842866886395517002e-04
6.026867155409967435e-04
6.101491421118292917e-04
5.202640366178296364e-04
1.176720643821366251e-03
1.181924654586379887e-03
1.251491196722303136e-03
1.395326338373290009e-03
1.105783547312774902e-03
8.813202124098787468e-04
9.588300624921866980e-04
8.905401727007969089e-04
8.132909398445926008e-04
6.747444332382182119e-04
1.539966316634988662e-03
1.264245051183290241e-03
1.479434186489708399e-03
1.250843589605786900e-03
1.143925625984503879e-03
1.185194830976682955e-03
9.277268474752513533e-04
1.042767254488332100e-03
1.050229211007428507e-03
9.477133277370922235e-04
1.060709368646849116e-03
1.057464521175990099e-03
9.089830669946156192e-04
1.038433220598564436e-03
1.036882585985787926e-03
8.971140089297051368e-04
1.037412618101640109e-03
1.047022165319528783e-03
9.081489921884567263e-04
1.088971161378662813e-03
1.059326400067115911e-03
9.514384443216906398e-04
1.099367147200570926e-03
1.120932258850709145e-03
9.651670118258709680e-04
1.071536245600831225e-03
1.067196339163199986e-03
9.808914903379096096e-04
1.084383077299754666e-03
1.077520361411594876e-03
9.937698348379572603e-04
1.466726870464176227e-03
1.460925490048795451e-03
1.460018793187575943e-03
1.299333199189345962e-03
1.380586503323339874e-03
1.384290844270048013e-03
1.216473703098935226e-03
1.260291065486539991e-03
1.277595772916912190e-03
1.291769129097246685e-03
1.464109240819937889e-03
1.480477023057773093e-04
7.334098641425336506e-05
1.549892109275216405e-04
2.745300372552802299e-04
2.176243013149897797e-04
3.026206281296258674e-04
3.565443747702520295e-04
4.647072762342547301e-04
5.339199676560719109e-04
4.519098859357971215e-04
1.320987995494965787e-03
1.323656521328647881e-03
1.248120646198112513e-03
1.393508940043186855e-03
1.023691066980429417e-03
1.100248037088452386e-03
1.030102927673797559e-03
9.517336600507401555e-04
7.282200161236529945e-04
7.375526106103545308e-04
8.047316975540892963e-04
6.648714004046038257e-04
7.600482272878368107e-04
9.905385550298558515e-04
1.010814816068338192e-03
9.113251764502280656e-04
9.891110882857584614e-04
1.086518325048378046e-03
1.085716402918838292e-03
9.178417396627510478e-04
9.373703375853970066e-04
9.561433826618388580e-04
9.021282278023877183e-04
9.007391827496460468e-04
9.257187222021525351e-04
9.727880269274586733e-04
9.846901924324277192e-04
6.471698189158486087e-04
8.410975907212315476e-04
8.026014879454080458e-04
1.309127830138917883e-03
1.388376209411283429e-03
1.386457050206466382e-03
1.330172507434378712e-03
1.393930379213636659e-03
1.396486295228093876e-03
1.320239924364127737e-03
1.391204508231194594e-03
1.388359040580241458e-03
1.304259932713021939e-03
1.081136717200527168e-03
1.165195213420786198e-03
1.131383787527201999e-03
1.087437560178188467e-03
1.179169513391139373e-03
1.167405825674256012e-03
1.107855168810298893e-03
1.195926194893125009e-03
1.188417102353283607e-03
1.126062493249754999e-03
1.212591973989960359e-03
1.204132456155812460e-03
1.390860512687191802e-03
0.000000000000000000e+00
7.408783485267128512e-05
0.000000000000000000e+00
2.113039505026381108e-04
3.065488690538843231e-04
3.732272344372908790e-04
2.904021097936076794e-04
6.021516397554417532e-04
5.330082963696989272e-04
6.024164373466119830e-04
3.848836261876977037e-04
1.171079989277553322e-03
1.246101954714555569e-03
1.173971485435675813e-03
1.096615271765697406e-03
8.626371102471404925e-04
9.431313067183979063e-04
8.720883037988565439e-04
7.947021271735503316e-04
6.652002892137678577e-04
7.736676862685651053e-04
1.030772766551025458e-03
7.393874139168147641e-04
6.886906733179363940e-04
1.035374171230953608e-03
6.732032465541015016e-04
7.875681721805203759e-04
8.004187161161061990e-04
7.194407499374956853e-04
8.335179111641624400e-04
8.209671523319345306e-04
7.494980906914706356e-04
8.464714664740416927e-04
8.573083834447092376e-04
6.537756731929110238e-04
7.815787103775020516e-04
7.710599616926312825e-04
5.468125998304366586e-04
7.219711780337490555e-04
7.189086013436530231e-04
6.226186468157850901e-04
7.667514845107693735e-04
7.787253646240995452e-04
7.715988551444651891e-04
8.664730461100033851e-04
8.761609006367001608e-04
7.943943496172404563e-04
8.918444489739476818e-04
8.859516386058472956e-04
6.303475261484720819e-04
1.319740152316117854e-03
1.325180287888022687e-03
1.320662102030888737e-03
1.144815628715697975e-03
1.226818146076258473e-03
1.221124553754651589e-03
1.084189529475176536e-03
1.097643152901679525e-03
1.116982380413448009e-03
1.135504119209220907e-03
1.554855430581814784e-04
1.517297744277113544e-04
7.704965449102573415e-05
2.266248878427150684e-04
5.172900049796865874e-04
5.599852856903109665e-04
4.906745355441129337e-04
3.182268155009202772e-04
3.915897400196717017e-04
3.123230678797208715e-04
1.244958374728071925e-03
1.008590499202073523e-03
1.089884954160352457e-03
1.016248275507376005e-03
9.347841070932146404e-04
7.051390755461047714e-04
7.167983487845951086e-04
7.838286466954447846e-04
6.531433065181135346e-04
3.643966124323937648e-04
5.689126663591776659e-04
5.322005944506910712e-04
3.191416723666342108e-04
4.872601969369844545e-04
5.205025575301798447e-04
9.031837355436821710e-04
9.450980849792647376e-04
9.911834397354807487e-04
6.631523874832164888e-04
6.964054103228899074e-04
7.344088920905509320e-04
7.604324625368997451e-04
6.011728304037848754e-04
5.810342207553432798e-04
7.829275064399291578e-04
8.026905870494257817e-04
8.948324490719377581e-04
7.984662428918370232e-04
2.914308721253545389e-04
4.579432657720716574e-04
4.593526790043046619e-04
1.174844335303199460e-03
1.241097983886380388e-03
1.252074682513651654e-03
1.247797680146094318e-03
1.160002096594653538e-03
9.953141419820098808e-04
9.313380578055204407e-04
1.008371274354185731e-03
1.019499550727795498e-03
9.521768378284243672e-04
1.029009765489196770e-03
1.039001705318268534e-03
9.724587640880565445e-04
1.048287692593865682e-03
1.058509399800124009e-03
0.000000000000000000e+00
7.785577109749975506e-05
0.000000000000000000e+00
2.311258220403609055e-04
4.167087796893630494e-04
6.109043827898662151e-04
2.360844916043691765e-04
1.172975673713593956e-03
1.090703471136342988e-03
8.425296099742593178e-04
9.254836352455404714e-04
8.526973061404633739e-04
7.730690663792343922e-04
0.000000000000000000e+00
4.516570250608091162e-04
2.126518906068737384e-04
3.337477647975855741e-04
3.023097318343007426e-04
8.532131331856540385e-04
4.335031034907006146e-04
5.530660772181624808e-04
5.399119533626649779e-04
4.467980302513883495e-04
5.567913682724891667e-04
5.825292639690582332e-04
5.301703516902611700e-04
6.226865269047562705e-04
6.396395691386501684e-04
5.634975731896772972e-04
6.545592039357498847e-04
6.673884244172185879e-04
4.300936633090813167e-04
5.413593823803299196e-04
4.857414502183759098e-04
2.936781379915779245e-04
4.508882005798165739e-04
4.215507112017524661e-04
5.904887097434598740e-04
6.922562391633646029e-04
6.793261667788128271e-04
6.306716707579336457e-04
7.112143673627691629e-04
7.164529556222610281e-04
2.919173668759765831e-04
9.910538794850099788e-04
1.066964931027484381e-03
1.082847761765745164e-03
9.173016791073649928e-04
9.417967997771683813e-04
9.623850067909750722e-04
9.818437868295197633e-04
1.645979401753519826e-04
8.153506767563612964e-05
1.599917041595090290e-04
3.374853349932957426e-04
3.277417687314417211e-04
4.274785401944895249e-04
6.749167934564370697e-04
6.901801447020089290e-04
5.950746480253023794e-04
2.415228660016339112e-04
9.999289293063523282e-04
9.158977821618200562e-04
7.586194068719726187e-04
0.000000000000000000e+00
0.000000000000000000e+00
1.623918485887203809e-04
1.639044155329235080e-04
0.000000000000000000e+00
1.474875091937515004e-04
1.474747942844262130e-04
6.976351738876498823e-04
7.998349426289919246e-04
7.494316083757179142e-04
4.315091316296537963e-04
4.400455013101898312e-04
4.889373895685002322e-04
5.468904775066163503e-04
5.770158547365164320e-04
2.347959650551664128e-04
3.853951826577439298e-04
3.326376394842078766e-04
2.625636559776498577e-04
6.107152836476907945e-04
6.643933214346550362e-04
0.000000000000000000e+00
1.383824121285919049e-04
1.476676496942858454e-04
7.452137087362010158e-04
8.229590587562729109e-04
8.380760492267984091e-04
7.729460426745612001e-04
8.510677388845579779e-04
8.624066023007865255e-04
7.968869345704277874e-04
8.735103762266026913e-04
8.845130920468189176e-04
8.201453548357872606e-04
8.953385604490986683e-04
9.054723175497376379e-04
0.000000000000000000e+00
8.241327317174321318e-05
0.000000000000000000e+00
5.007303209527722921e-04
4.182591364192578699e-04
5.090967949546012844e-04
2.501770910830247762e-04
5.876935692468740566e-04
8.314514902161771999e-04
7.466788184168322113e-04
0.000000000000000000e+00
0.000000000000000000e+00
7.215681511095559802e-04
2.076518738699575104e-04
3.153392955956301510e-04
3.200388009306392762e-04
2.263354655001911082e-04
3.264254972947184044e-04
3.356658887712479691e-04
3.593439848319738704e-04
4.444548077156619298e-04
4.020766019494645752e-04
3.663533923221797147e-04
4.647760245299263453e-04
4.466190814511369466e-04
3.819864962314681463e-04
4.860100043236848465e-04
4.710080168225588902e-04
2.205673958819875556e-04
0.000000000000000000e+00
1.412524561128678479e-04
1.180428515435682086e-04
4.025426187802384021e-04
5.159625629380515518e-04
4.946573577531185968e-04
5.076539468106167248e-04
6.023882446011146787e-04
5.683405123938585404e-04
0.000000000000000000e+00
7.591599504107842799e-04
7.850016699825669445e-04
8.086177789398528047e-04
1.818996458226768999e-04
1.731327624124425813e-04
8.989359230689958715e-05
3.470280377553479866e-04
3.421973328432293543e-04
4.238383539167039438e-04
2.599358136900004534e-04
6.460299199458136498e-04
6.606101096068308330e-04
5.725389761431525686e-04
7.329515811822963226e-04
5.491171993690512239e-04
6.224782521340826947e-04
6.468977578834041566e-04
2.170258375552472471e-04
2.934694433653140585e-04
3.627722493866833171e-04
3.741587480358016271e-04
3.922947637559597977e-04
0.000000000000000000e+00
1.141075586772707430e-04
1.042020142417799858e-04
0.000000000000000000e+00
4.554015900816820567e-04
5.285155076911883694e-04
5.894444976069538548e-04
6.810135731844337882e-04
6.662963202039403265e-04
6.165386701205144426e-04
7.065445164123096465e-04
6.937095151423994764e-04
7.205283723301660580e-04
0.000000000000000000e+00
9.089423899618990479e-05
0.000000000000000000e+00
2.639164762813962111e-04
4.720000564539280469e-04
4.864903816481347116e-04
4.088724823070176862e-04
5.588660595067551943e-04
5.694300484096789360e-04
0.000000000000000000e+00
1.013792239735957797e-04
1.134440302263268194e-04
1.853091561924569825e-04
2.052000121656251429e-04
2.711190456007980440e-04
2.759481861413046080e-04
1.906870603758129771e-04
2.770304589955670271e-04
2.863185688436403016e-04
1.938009405022707570e-04
2.863677358688011603e-04
2.982133772617447652e-04
0.000000000000000000e+00
3.556461659262346556e-04
3.786569760788727310e-04
4.309586901690470786e-04
4.523715082421688057e-04
6.030958967480952665e-04
6.314115262930279464e-04
1.337481401123189850e-04
6.617819509127977615e-05
1.580538748543928540e-04
2.916578391917884505e-04
3.195379475457411434e-04
2.360115323713073577e-04
3.815846562023330018e-04
5.433972571701065415e-04
3.944384606535968583e-04
4.917089800173185879e-04
4.708009949835618557e-04
0.000000000000000000e+00
0.000000000000000000e+00
1.109026493964434016e-04
9.303057511209050074e-05
1.879758308496447012e-04
1.922125845515767757e-04
1.763277764155256702e-04
2.877021657732119209e-04
1.848828047485246914e-04
2.660144917641612031e-04
3.752327088656715395e-04
4.351440747647569870e-04
5.112754007287300924e-04
5.256489886062948964e-04
0.000000000000000000e+00
6.694276217234090289e-05
0.000000000000000000e+00
2.123962251550699125e-04
4.537298260109812317e-04
3.625046723418900996e-04
4.149714423266804729e-04
0.000000000000000000e+00
0.000000000000000000e+00
9.123753669135102270e-05
9.556583426396072698e-05
0.000000000000000000e+00
9.394520794161967533e-05
9.698431790460158787e-05
0.000000000000000000e+00
9.550823370631204173e-05
8.827028183609189269e-05
1.848940028798204144e-04
1.806355652846137225e-04
2.689740452206776291e-04
2.893711023895715576e-04
1.088068559790527360e-04
5.390901837733205396e-05
1.213927843282784646e-04
2.560057383913064448e-04
2.739794447883880739e-04
1.940771948100453929e-04
3.452885881231244382e-04
3.242628220009772340e-04
0.000000000000000000e+00
0.000000000000000000e+00
0.000000000000000000e+00
0.000000000000000000e+00
8.704616814569340671e-05
9.267319468708481143e-05
2.208000240926232146e-04
0.000000000000000000e+00
5.456328108553361864e-05
0.000000000000000000e+00
1.822053725443883586e-04
0.000000000000000000e+00
9.149777509986633812e-05
1.463278112942948978e-04
