-4.746042916551773683e-02
-4.711985264763340897e-02
-4.678810457445403692e-02
-4.780277151965134363e-02
-4.763364593652791301e-02
-4.729117575905034121e-02
-4.695401302349255790e-02
-4.647180806178946577e-02
-4.662939472884436443e-02
-4.814702389542568906e-02
-4.797403039344133591e-02
-4.778829195465028601e-02
-4.779588585508542931e-02
-4.762541186255925263e-02
-4.748317977624039177e-02
-4.747212901553066189e-02
-4.730203311365566154e-02
-4.717752189367746540e-02
-4.714892575987389423e-02
-4.698306109973166000e-02
-4.686303101879679689e-02
-4.682565170615132777e-02
-4.666742659174111241e-02
-4.617845400647713205e-02
-4.804361327976142126e-02
-4.809040894564176050e-02
-4.792272945166448084e-02
-4.632416017968693511e-02
-4.791548855162214293e-02
-4.763696616182389043e-02
-4.733102024979291000e-02
-4.702067925762160039e-02
-4.655463171778750908e-02
-4.670882864457021055e-02
-4.651334316097949229e-02
-4.846508257114634510e-02
-4.830712053343932944e-02
-4.591584271375748205e-02
-4.604443583241668581e-02
-4.837789538732606420e-02
-4.821111165273894716e-02
-4.826120486424029243e-02
-4.636655308177090040e-02
-4.807272036268683824e-02
-4.805751148709025422e-02
-4.793034718094757451e-02
-4.780773338038257769e-02
-4.779808930371859388e-02
-4.764590577115757064e-02
-4.752098435487628336e-02
-4.734943061984148160e-02
-4.750225314172262792e-02
-4.723160161694056614e-02
-4.720470148020722290e-02
-4.704767875315035708e-02
-4.693117011589109655e-02
-4.674345455605571908e-02
-4.689741646674705500e-02
-4.878021700357937362e-02
-4.862397736410306592e-02
-4.842176862778052593e-02
-4.568684625926688891e-02
-4.549114351642613574e-02
-4.579567025933034552e-02
-4.625649608469717400e-02
-4.621768632965583823e-02
-4.608643137567453030e-02
-4.822491392596234272e-02
-4.640632682753759175e-02
-4.794014057315654220e-02
-4.766500381219657134e-02
-4.737669128136429153e-02
-4.708217035784995064e-02
-4.660121796175020759e-02
-4.657729376240377084e-02
-4.676683569342759972e-02
-4.868081594040429838e-02
-4.872753496271731155e-02
-4.857539330091498186e-02
-4.853229106789674896e-02
-4.533802484024218593e-02
-4.558225006119659417e-02
-4.540908619992417572e-02
-4.621242173908518547e-02
-4.606190864523901363e-02
-4.594782730428359496e-02
-4.623270378827037952e-02
-4.837835710263405087e-02
-4.822568578574143450e-02
-4.837855592726891807e-02
-4.642963764937146909e-02
-4.811325834073548746e-02
-4.796065794585357978e-02
-4.809300801380950174e-02
-4.784874472131961376e-02
-4.768518484551370618e-02
-4.782834168873517644e-02
-4.757724933243995258e-02
-4.740487044316504806e-02
-4.754933164549679514e-02
-4.728808662945854779e-02
-4.711009759951617637e-02
-4.725998314709983772e-02
-4.698141895017404757e-02
-4.679100698956983884e-02
-4.695624940422860050e-02
-4.905658071100399420e-02
-4.891908204828659956e-02
-4.895719338878762317e-02
-4.886601183919553337e-02
-4.881986016312200860e-02
-4.863762669504628766e-02
-4.850881588101751962e-02
-4.865963794096006545e-02
-4.522246951095004741e-02
-4.527731986967536981e-02
-4.595382828671368269e-02
-4.581892276517129936e-02
-4.572042336079462643e-02
-4.574126481061024929e-02
-4.561346439254770901e-02
-4.553699373282277252e-02
-4.608043832345826152e-02
-4.640701719721845864e-02
-4.850911238108035484e-02
-4.824608616604991740e-02
-4.798133369217200128e-02
-4.771353560655455794e-02
-4.743331789485905059e-02
-4.713527485358076641e-02
-4.667820927207366744e-02
-4.663962959291167998e-02
-4.683001588580598673e-02
-4.931095464305390585e-02
-4.953215977630492928e-02
-4.918738415670997899e-02
-4.900486175121182564e-02
-4.888625741158592053e-02
-4.878497103802320600e-02
-4.891955098719286132e-02
-4.876354299645718759e-02
-4.568471692394204808e-02
-4.550825151798060242e-02
-4.545352577012773398e-02
-4.584287926564556415e-02
-4.570717145272740201e-02
-4.637978454179331189e-02
-4.616626708646415223e-02
-4.629603670581539099e-02
-4.644533593531136040e-02
-4.863039007796987612e-02
-4.863436485371092077e-02
-4.850500903370980055e-02
-4.839015736663992984e-02
-4.825186994119162742e-02
-4.838446845429944521e-02
-4.814913773813978004e-02
-4.799934892884200055e-02
-4.813137382539145470e-02
-4.789310584546591087e-02
-4.773549499780616046e-02
-4.787106518178213532e-02
-4.763063486354746079e-02
-4.760407883316630784e-02
-4.745970156035866916e-02
-4.735513224677895261e-02
-4.716845313577955334e-02
-4.732168686027476978e-02
-4.707496938200295133e-02
-4.687675489358616998e-02
-4.702823277192452744e-02
-4.942473280836962024e-02
-4.972259024791847448e-02
-4.962737259374105925e-02
-4.918386656022483150e-02
-4.924776862483470907e-02
-4.912305645119235953e-02
-4.907112578061750829e-02
-4.910972079175157656e-02
-4.899896264330333429e-02
-4.903212547052343551e-02
-4.885772955562772690e-02
-4.874844953111734380e-02
-4.887231765142063811e-02
-4.516263582251106579e-02
-4.518904394543099556e-02
-4.560536675958215547e-02
-4.564125244642430745e-02
-4.541716676067136804e-02
-4.613689078811616939e-02
-4.593957085244343430e-02
-4.604544765336188172e-02
-4.613695023269137607e-02
-4.590858255191559989e-02
-4.593662561089223439e-02
-4.652881926043500593e-02
-4.625840191766272813e-02
-4.874507423608526180e-02
-4.851112423067116541e-02
-4.827007347936446147e-02
-4.802169897247254848e-02
-4.776234102015480820e-02
-4.749328752598258596e-02
-4.721523065489269255e-02
-4.678826650718215241e-02
-4.673322608974539438e-02
-4.693170087132247925e-02
-4.939473472644972940e-02
-4.946317591573373695e-02
-4.935556065244095514e-02
-4.957564189597502002e-02
-4.964649070353921445e-02
-4.955677042893497086e-02
-4.929185264655194798e-02
-4.914595276528366252e-02
-4.907172740584436754e-02
-4.897983313549836293e-02
-4.909010612759584502e-02
-4.896579933702832621e-02
-4.514003882159406400e-02
-4.514497933837591237e-02
-4.538395466924949329e-02
-4.596971215850692571e-02
-4.582684581774132404e-02
-4.579056792996455405e-02
-4.613501960535248969e-02
-4.605116605110992634e-02
-4.658401496129443986e-02
-4.649468756671831793e-02
-4.631639639852208612e-02
-4.643712558007523361e-02
-4.884627573562594360e-02
-4.873891488068360367e-02
-4.885227500422711922e-02
-4.863427401896086577e-02
-4.851267694944660924e-02
-4.863257362400119632e-02
-4.841347799619677428e-02
-4.828170638766293710e-02
-4.840201156067314159e-02
-4.818219026650916170e-02
-4.803797761725070448e-02
-4.816582006111641556e-02
-4.794180267952702357e-02
-4.778648220115483403e-02
-4.791757319596001707e-02
-4.769293397722296213e-02
-4.752422048090315654e-02
-4.766186598111593620e-02
-4.743617392396276555e-02
-4.739569525553255502e-02
-4.725567492269849845e-02
-4.717211434132462244e-02
-4.698022063258644465e-02
-4.712354783498123867e-02
-4.948777828213546393e-02
-4.973147579494019421e-02
-4.965429314891450785e-02
-4.972512016992536310e-02
-4.986893965765998304e-02
-4.979325796742878341e-02
-4.927624458593737877e-02
-4.933397165139447038e-02
-4.923023138961263312e-02
-4.919218061074925874e-02
-4.926652567349965040e-02
-4.918848001364617417e-02
-4.917035325387097977e-02
-4.904648883284873362e-02
-4.895271756487745707e-02
-4.905941852897455213e-02
-4.515475436276944476e-02
-4.514446780190928266e-02
-4.556201180416402652e-02
-4.535924100513111235e-02
-4.534785352650577694e-02
-4.558049457609708588e-02
-4.601934418133096782e-02
-4.581371793342009502e-02
-4.599288486455488378e-02
-4.631559233433113487e-02
-4.634876945036708884e-02
-4.615952917086801888e-02
-4.624285354881291221e-02
-4.664148489246244811e-02
-4.894722556618286147e-02
-4.874104462494455170e-02
-4.852447411623450613e-02
-4.829839388680806644e-02
-4.806243608875315765e-02
-4.781770393226142390e-02
-4.756476094643546926e-02
-4.730424007493816418e-02
-4.690119731187825103e-02
-4.684473531418270609e-02
-4.703667282591533771e-02
-4.944910842496508252e-02
-4.942403620283375432e-02
-4.951143014460390734e-02
-4.979589989008148532e-02
-4.960617830808106143e-02
-4.966622184303670640e-02
-4.959199307344125396e-02
-4.936273266770979662e-02
-4.927152261115863574e-02
-4.923379422578177955e-02
-4.925054467444217599e-02
-4.915338841541250225e-02
-4.914105110945232724e-02
-4.522202790402962691e-02
-4.555336370986678984e-02
-4.534466261199798787e-02
-4.535554393065599488e-02
-4.518633786743853076e-02
-4.555239678346906240e-02
-4.578854561157702507e-02
-4.618351049674457309e-02
-4.662426656028623162e-02
-4.638044018138892666e-02
-4.655941763976795267e-02
-4.648614798690675620e-02
-4.669793220597401318e-02
-4.902813783592263608e-02
-4.893770041639183832e-02
-4.903756342171250449e-02
-4.884162871865604938e-02
-4.873839622440634400e-02
-4.884417371260585394e-02
-4.864447476558636518e-02
-4.863956422074883212e-02
-4.852934115748608335e-02
-4.843765148745443616e-02
-4.842571758203906285e-02
-4.831023884767243759e-02
-4.822135266445937152e-02
-4.808182815908296215e-02
-4.820189061336926928e-02
-4.799627207267914697e-02
-4.784478721516949307e-02
-4.796912121822966002e-02
-4.776296502487753504e-02
-4.759967929084146787e-02
-4.772799720045373117e-02
-4.752196970409444665e-02
-4.734708038502560834e-02
-4.747908350515600562e-02
-4.727380053117546943e-02
-4.708750489444402110e-02
-4.722293271617211685e-02
-4.997286764832642447e-02
-4.952870663063713152e-02
-4.984180505189961252e-02
-4.985337034994047345e-02
-4.978419282512119848e-02
-4.970963584865795148e-02
-4.965672572610818625e-02
-4.971945471498018243e-02
-4.992043948154450961e-02
-4.935805326002395965e-02
-4.941067609753035939e-02
-4.932266550833663832e-02
-4.933845112847728975e-02
-4.920354133067494917e-02
-4.912555974466636943e-02
-4.921894940825394249e-02
-4.531868517672082985e-02
-4.526823567738413878e-02
-4.561031356540301562e-02
-4.558039715244105450e-02
-4.538520568892406848e-02
-4.541661310259392792e-02
-4.586718177353660275e-02
-4.571404269219847549e-02
-4.571065489945813631e-02
-4.594106443708489973e-02
-4.649475791558643767e-02
-4.625666552904067474e-02
-4.642161028077718132e-02
-4.676260744404359126e-02
-4.675790293799508834e-02
-4.655306978593254374e-02
-4.669096973165753894e-02
-4.911661628769503629e-02
-4.893557916405544272e-02
-4.874366414818520621e-02
-4.854157507957623796e-02
-4.832992459386531436e-02
-4.810913308028880175e-02
-4.787983422913072440e-02
-4.764257362459889400e-02
-4.739788015855933567e-02
-4.701895413994028328e-02
-4.696005737183550632e-02
-4.714625673629802005e-02
-5.004473349322668962e-02
-5.000861139227646968e-02
-4.957058046553197705e-02
-4.951053323180526489e-02
-4.958843066754942130e-02
-4.990491978304534282e-02
-4.977222374585454912e-02
-4.963913991492729938e-02
-4.942976266043663802e-02
-4.936722772382767799e-02
-4.930108303737418263e-02
-4.938877505058836270e-02
-4.928622939852822515e-02
-4.566443818338933314e-02
-4.544058468308326271e-02
-4.549074714104422990e-02
-4.545596312648902959e-02
-4.538731778818105855e-02
-4.596132230773497529e-02
-4.575650412050680238e-02
-4.578781864878717078e-02
-4.563520193833975336e-02
-4.591371973957608654e-02
-4.624093558175845775e-02
-4.605416188545397027e-02
-4.613010072237344605e-02
-4.636728745828000431e-02
-4.662591594282983198e-02
-4.682149594094925371e-02
-4.688818876498063171e-02
-4.917841103304310124e-02
-4.910372464393408798e-02
-4.919120906594487419e-02
-4.901610875182577098e-02
-4.892927242645395136e-02
-4.902232811882917263e-02
-4.884315967216718013e-02
-4.884257045789819340e-02
-4.874416781765505968e-02
-4.866015642052984314e-02
-4.854920047376765080e-02
-4.865246133241246662e-02
-4.846758143876095382e-02
-4.834470515460792539e-02
-4.845273104979469503e-02
-4.826597544407268403e-02
-4.813130018014849520e-02
-4.824374666688419078e-02
-4.805585089751662764e-02
-4.802611144627738637e-02
-4.790951999896198021e-02
-4.783770622536792638e-02
-4.780035217258732372e-02
-4.767988309991627593e-02
-4.761202245988821469e-02
-4.756697901859158195e-02
-4.744288783698374923e-02
-4.737926068522479994e-02
-4.719901302889167871e-02
-4.732647937938511129e-02
-4.992122614952781978e-02
-4.998150386596417194e-02
-4.994910356125187301e-02
-4.949103582149777525e-02
-4.988137248986584948e-02
-4.979800414504081951e-02
-4.975489093918705752e-02
-4.981982802359724571e-02
-4.965972854634292943e-02
-4.961577846643300260e-02
-4.968492177930250442e-02
-4.951905343348800281e-02
-4.944403571318156665e-02
-4.946493873587592960e-02
-4.932953814038082418e-02
-4.926703187380171434e-02
-4.934864065783245435e-02
-4.575494094114740395e-02
-4.553804762869145817e-02
-4.570702534431581032e-02
-4.560645979910854519e-02
-4.607501666660063222e-02
-4.584310444547889940e-02
-4.601571648084062938e-02
-4.586706649669936020e-02
-4.610119988281963233e-02
-4.664351795364546360e-02
-4.644186248075171664e-02
-4.656896482190925335e-02
-4.689490259913509096e-02
-4.682628184629733514e-02
-4.669459169318079805e-02
-4.713986148439924806e-02
-4.694870864600431126e-02
-4.707932107159423785e-02
-4.925467843833369885e-02
-4.909789606271136586e-02
-4.893019770210615960e-02
-4.875213907210340647e-02
-4.856426693565463193e-02
-4.836708593695832059e-02
-4.816112594184279727e-02
-4.794689238073790438e-02
-4.772487593913343762e-02
-4.749554775090758518e-02
-4.725935852905965850e-02
-5.007427346908988053e-02
-5.005827287784248014e-02
-4.997781305625137449e-02
-5.001024791934632896e-02
-4.995059525118356047e-02
-4.954513678752170414e-02
-4.985942390043773820e-02
-4.973005227692667285e-02
-4.959042262679874691e-02
-4.946895518741284414e-02
-4.941861708178274526e-02
-4.949428515911852289e-02
-4.940000664492116833e-02
-4.598273575361261356e-02
-4.582267109482784928e-02
-4.586928083388691624e-02
-4.562521866483060240e-02
-4.554049213387750816e-02
-4.587755068005711090e-02
-4.581614649490628466e-02
-4.566688728748752313e-02
-4.639046500341387214e-02
-4.623140230673489226e-02
-4.617575849920263487e-02
-4.602565011755932467e-02
-4.631553798512683118e-02
-4.651649066717533643e-02
-4.676880403988864510e-02
-4.701706277480532936e-02
-4.929770715173875661e-02
-4.923846315742413937e-02
-4.931383505427927583e-02
-4.915911175236048480e-02
-4.916894981244357421e-02
-4.908797489240473988e-02
-4.900981999690873225e-02
-4.892681108207003193e-02
-4.901312740623087194e-02
-4.885032447611381556e-02
-4.875551363703151120e-02
-4.884687851625307831e-02
-4.868111338512148834e-02
-4.857456969201845443e-02
-4.867074354018768867e-02
-4.850266711379946916e-02
-4.838448900288233601e-02
-4.848520422460378398e-02
-4.831545594067704341e-02
-4.829076608409421656e-02
-4.818576354328213407e-02
-4.811993831210481520e-02
-4.797887200525030593e-02
-4.808791470496254217e-02
-4.791655821425627737e-02
-4.776427733723859204e-02
-4.787712146180717054e-02
-4.770574265917110202e-02
-4.754242381978757148e-02
-4.765884048271623596e-02
-4.748789972797429204e-02
-4.731373499026625407e-02
-4.743350626875225684e-02
-5.002396801680519811e-02
-4.988476005455927398e-02
-4.992995913298708954e-02
-4.990459951463821486e-02
-4.984403498801426302e-02
-4.971042801135000522e-02
-4.968569459788907405e-02
-4.975463632335636044e-02
-4.959654116059186713e-02
-4.962846875327131535e-02
-4.955838096387926717e-02
-4.953357600943336658e-02
-4.942511288513634637e-02
-4.937776377686153850e-02
-4.944726907412749783e-02
-4.612591367604335080e-02
-4.594063602850095851e-02
-4.605417579041259923e-02
-4.575143164392536654e-02
-4.600201999264719177e-02
-4.655377697444196272e-02
-4.631358565268428595e-02
-4.647187510320194281e-02
-4.633233951646426041e-02
-4.615692720698022500e-02
-4.620339264714601324e-02
-4.679595766090421938e-02
-4.659284366410021416e-02
-4.671956662477844135e-02
-4.703282641980816026e-02
-4.696372919444957716e-02
-4.683789521327674787e-02
-4.726351716414556314e-02
-4.720158396943491264e-02
-4.707899697020689889e-02
-4.936203711196451849e-02
-4.922898163835587315e-02
-4.908497628717173322e-02
-4.893051460736669300e-02
-4.876608744825755570e-02
-4.859217963891543368e-02
-4.840926683301094435e-02
-4.821781383623130468e-02
-4.801827236563294132e-02
-4.781107842552606568e-02
-4.759664991166345782e-02
-4.737543474238697927e-02
-4.998345109805502062e-02
-4.997978770743888299e-02
-5.002826596045906182e-02
-5.006659144512382031e-02
-5.006988536833223424e-02
-4.989614721743057535e-02
-4.989069087372510758e-02
-4.993679819297525135e-02
-4.980969852163286138e-02
-4.980472802721186421e-02
-4.984732286035609139e-02
-4.976111741023453439e-02
-4.965435651370014858e-02
-4.954083419533689137e-02
-4.950536454074250248e-02
-4.956894503292652576e-02
-4.948364798710791490e-02
-4.582170882120117916e-02
-4.604200529640506412e-02
-4.622857541128178038e-02
-4.572362763957960041e-02
-4.606082609456735311e-02
-4.584286482401422891e-02
-4.596895674594614345e-02
-4.628697475138571216e-02
-4.608207091750082807e-02
-4.620619740916609430e-02
-4.667424204878972693e-02
-4.644189199079734598e-02
-4.691391535774941390e-02
-4.714779833511895113e-02
-4.938658199885587186e-02
-4.934249952671720951e-02
-4.940603815806343668e-02
-4.927119948044933473e-02
-4.928462369255248721e-02
-4.921547901460754382e-02
-4.914509908912662040e-02
-4.907774699406014518e-02
-4.915225399796713246e-02
-4.900872562489261286e-02
-4.892977244140950255e-02
-4.900939829470485343e-02
-4.886252096089671593e-02
-4.877202071053637900e-02
-4.885652387154093557e-02
-4.870692132207449232e-02
-4.860495036710876793e-02
-4.869409313587824695e-02
-4.854235476179669107e-02
-4.842901081320338808e-02
-4.852256038501601143e-02
-4.836923913883311998e-02
-4.824464046857052102e-02
-4.834236979718825600e-02
-4.818798009209618316e-02
-4.805226444006521769e-02
-4.815395353484674956e-02
-4.799896892805771698e-02
-4.785229217952496894e-02
-4.795772936853320845e-02
-4.780258066707415709e-02
-4.764511548677791142e-02
-4.775409841793737398e-02
-4.759917232936344833e-02
-4.743115684720827785e-02
-4.754344332113130678e-02
-5.002401261684991107e-02
-4.993896477082032659e-02
-4.985355930857787721e-02
-5.002404823229344988e-02
-5.004482459620313017e-02
-4.973528888917994051e-02
-4.972337431271883768e-02
-4.977278267669238421e-02
-4.964438479114180458e-02
-4.962096228192219849e-02
-4.967768390150628655e-02
-4.959332807510796748e-02
-4.949080122141380489e-02
-4.945833903004726029e-02
-4.951602726547993383e-02
-4.593263708429434766e-02
-4.628482127155131298e-02
-4.616354456863869249e-02
-4.650097543336467742e-02
-4.631294890225479133e-02
-4.641629655380885566e-02
-4.594106948976278693e-02
-4.617332969311638280e-02
-4.639326360353235312e-02
-4.695010954977069106e-02
-4.675154850063495404e-02
-4.687285122630718837e-02
-4.672180492146593700e-02
-4.652641464826051676e-02
-4.663755561703958330e-02
-4.717262745227435161e-02
-4.698397420595568086e-02
-4.710257409646623206e-02
-4.738908183792123197e-02
-4.721070187865783474e-02
-4.732617695908608590e-02
-4.943923853818726899e-02
-4.932939447580236836e-02
-4.920860305624802367e-02
-4.907730972659679614e-02
-4.893595817466456221e-02
-4.878498794579610998e-02
-4.862483153977703587e-02
-4.845591228835177677e-02
-4.827864234329132254e-02
-4.809342060688787113e-02
-4.790063065489991168e-02
-4.770063892269560402e-02
-4.749379335259668045e-02
-4.995247679968600751e-02
-5.000856990549285008e-02
-4.996619600928181582e-02
-4.987967013365185442e-02
-4.988802540944964337e-02
-4.993122995453885826e-02
-4.981252185502171859e-02
-4.981159484148511840e-02
-4.985455363335949963e-02
-4.998675778195682540e-02
-4.969057520625536073e-02
-4.977468540813750897e-02
-4.958341443379427060e-02
-4.956252888288786851e-02
-4.961412675043846976e-02
-4.953769058079499077e-02
-4.624676791574461321e-02
-4.603455175700421620e-02
-4.614451662350022021e-02
-4.644076271454444793e-02
-4.624182867736043034e-02
-4.636137826011993424e-02
-4.661047214143698714e-02
-4.615396856439146767e-02
-4.646588041054278140e-02
-4.637625597280936596e-02
-4.626300602881422419e-02
-4.667201735194298484e-02
-4.647895449711514360e-02
-4.658621604737900324e-02
-4.683532179919569494e-02
-4.706083221534096417e-02
-4.728042168844021065e-02
-4.944552656993511652e-02
-4.941635769770774678e-02
-4.946833157028196482e-02
-4.935287373067420713e-02
-4.931231608772057573e-02
-4.936987880464499545e-02
-4.924952412037908456e-02
-4.919756274976527788e-02
-4.926049452194436462e-02
-4.913587571971284040e-02
-4.907251928922140571e-02
-4.914060053439889275e-02
-4.901232455833992585e-02
-4.893760487785009383e-02
-4.901061735698081234e-02
-4.887926242510498565e-02
-4.879323378512068210e-02
-4.887096193680445788e-02
-4.873707461604315228e-02
-4.872204513625305600e-02
-4.863981291229346748e-02
-4.858613789514881764e-02
-4.856426946083253204e-02
-4.847773979945740885e-02
-4.842681863062547887e-02
-4.830740069146549631e-02
-4.839802712379315253e-02
-4.825947099301264309e-02
-4.822369813277593842e-02
-4.812916857653665170e-02
-4.808443523971689393e-02
-4.804164836858526577e-02
-4.794340133631525003e-02
-4.790203617131816305e-02
-4.775044011108436903e-02
-4.785222783779286004e-02
-4.771258188791854815e-02
-4.755060816881678809e-02
-4.765576915973884775e-02
-4.994801740489368536e-02
-4.998606768699376257e-02
-4.991389531434248239e-02
-4.984651450296417874e-02
-4.991709688211881657e-02
-4.993314755524491666e-02
-4.996999763143034068e-02
-4.966398565313434599e-02
-4.965460451492809124e-02
-4.969987728812991223e-02
-4.973208852400784474e-02
-4.973412906995228200e-02
-4.977256194000645451e-02
-4.962431080890633561e-02
-4.952708525343485491e-02
-4.955543263890688221e-02
-4.950926589395188149e-02
-4.654211262283991513e-02
-4.641199772600329565e-02
-4.634441890214535675e-02
-4.665358272274855445e-02
-4.654645633728593523e-02
-4.646670909575195685e-02
-4.688974747467239412e-02
-4.669484708279003637e-02
-4.680553941582454858e-02
-4.635616076006060515e-02
-4.656827472961522218e-02
-4.678016532812689920e-02
-4.710469777965631266e-02
-4.691283837984183691e-02
-4.702721329400827432e-02
-4.731365163955913999e-02
-4.724297532169091651e-02
-4.713153171088130255e-02
-4.751636285100568902e-02
-4.745258656763307048e-02
-4.734420980585263283e-02
-4.939963155594639943e-02
-4.948676878031349480e-02
-4.930159196181649328e-02
-4.919304805067808983e-02
-4.907439716009193154e-02
-4.894603355211901707e-02
-4.880834613055107241e-02
-4.866171626766324643e-02
-4.850651587457860403e-02
-4.834310557853188639e-02
-4.817183295230531570e-02
-4.799303087187700712e-02
-4.780701608221127330e-02
-4.761408814331530293e-02
-4.993188324241687459e-02
-4.984055989731078773e-02
-4.986112515197088646e-02
-4.989676718511087961e-02
-4.978742490639509466e-02
-4.980031877412283148e-02
-4.983372811328451446e-02
-4.987744044711150959e-02
-4.969867249887005567e-02
-4.976033546964925280e-02
-4.959715580651491429e-02
-4.963076689010276210e-02
-4.959062218723742088e-02
-4.956260767038006554e-02
-4.659359655104583497e-02
-4.664560861645150602e-02
-4.654341119169119745e-02
-4.644653316151242661e-02
-4.682545758572648209e-02
-4.673744130382739836e-02
-4.663331106959694994e-02
-4.699654010428305773e-02
-4.655596616227308804e-02
-4.684883884524199127e-02
-4.665677012915397937e-02
-4.676008418952481982e-02
-4.705706741319720665e-02
-4.686407579582363425e-02
-4.697316332375428560e-02
-4.720860076397315197e-02
-4.741452864013734336e-02
-4.940457474655185477e-02
-4.937895740992248594e-02
-4.942518090793801555e-02
-4.947496955267643992e-02
-4.946049761152326862e-02
-4.950117082868826790e-02
-4.932354550137274529e-02
-4.928674715748798674e-02
-4.933832518296610292e-02
-4.923223370042384417e-02
-4.918424198343107623e-02
-4.924097838124336102e-02
-4.913099010552351986e-02
-4.907181547832661916e-02
-4.913351496603152180e-02
-4.902016224293664903e-02
-4.894983750368525621e-02
-4.901630680756197123e-02
-4.890009241063469902e-02
-4.888972104213890058e-02
-4.881867206383760927e-02
-4.877111580517345946e-02
-4.867867534266046015e-02
-4.875411800465073719e-02
-4.863355879397329717e-02
-4.853019391358576184e-02
-4.860984934765377741e-02
-4.848773730753364042e-02
-4.845725630754410540e-02
-4.837356303754414277e-02
-4.833395533537065969e-02
-4.820910504784753359e-02
-4.829666805007432062e-02
-4.817250355461211164e-02
-4.803712788455621885e-02
-4.812840012338104323e-02
-4.800365814827084465e-02
-4.785792386871001725e-02
-4.795275308810192927e-02
-4.782767984573116360e-02
-4.767176876597750690e-02
-4.777001141894421377e-02
-4.984255930911757337e-02
-4.989513517788179975e-02
-4.985650669582647465e-02
-4.990207836857091239e-02
-4.988559812687709538e-02
-4.981507684521019330e-02
-4.982883922382391750e-02
-4.987275822955361537e-02
-4.983680549534003079e-02
-4.965535081343264157e-02
-4.969392721888887809e-02
-4.966001468221575843e-02
-4.970128994086425722e-02
-4.971703837234764389e-02
-4.974458330465003630e-02
-4.962675703263585980e-02
-4.953437913341779408e-02
-4.956592248857993876e-02
-4.953099351138934292e-02
-4.681004259803789314e-02
-4.667430167811958963e-02
-4.693195136255495781e-02
-4.673380458709003316e-02
-4.679091050504702309e-02
-4.673628387172173992e-02
-4.701314355293489955e-02
-4.691946020583709354e-02
-4.683150708563704745e-02
-4.725930422884311310e-02
-4.707409423649461244e-02
-4.718180197399979292e-02
-4.674686622655904733e-02
-4.695210862063092794e-02
-4.715747639673040226e-02
-4.745528490462536109e-02
-4.727962028027871133e-02
-4.738429665452681405e-02
-4.764481311685853093e-02
-4.747892128370467812e-02
-4.758044263520311290e-02
-4.936438873513387948e-02
-4.944012771014943963e-02
-4.950505001000171657e-02
-4.927818467831113214e-02
-4.918186714944133842e-02
-4.907578558693381776e-02
-4.896028520664613692e-02
-4.883570505945172835e-02
-4.870237622912876319e-02
-4.856062016912421342e-02
-4.841074714599091777e-02
-4.825305479368380279e-02
-4.808782682309942214e-02
-4.791533194533781348e-02
-4.773582299721357280e-02
-4.984930271321041939e-02
-4.984147720112469537e-02
-4.973451670955991721e-02
-4.976136583827994730e-02
-4.978786660309075796e-02
-4.975247325767684359e-02
-4.979716354889313079e-02
-4.979067565168909804e-02
-4.967883807076017844e-02
-4.971839121202037415e-02
-4.958245587505266672e-02
-4.959007421309674646e-02
-4.961906842716878874e-02
-4.955880628904690832e-02
-4.686569079779362434e-02
-4.696854883162349115e-02
-4.702890375346124863e-02
-4.692754996382458854e-02
-4.683782119429769075e-02
-4.720172582290105279e-02
-4.710759862060331926e-02
-4.701402979741392540e-02
-4.735668903943329733e-02
-4.693921207743068091e-02
-4.722339353595761402e-02
-4.703558597823198628e-02
-4.713999672622953829e-02
-4.741353530390651771e-02
-4.723485229747859115e-02
-4.733621782955799162e-02
-4.754953610282025567e-02
-4.936755282157245794e-02
-4.934572045504254101e-02
-4.938616102391035767e-02
-4.942668013821627238e-02
-4.941581216431778500e-02
-4.945093329251926129e-02
-4.947527458649381149e-02
-4.947531582115638482e-02
-4.950494502520125240e-02
-4.929819959086129133e-02
-4.926537024799376718e-02
-4.931095715079597541e-02
-4.921892666396587845e-02
-4.917509019078619703e-02
-4.922565079761587192e-02
-4.913003770319535057e-02
-4.907520604440390732e-02
-4.913056925358688654e-02
-4.903183205175015713e-02
-4.896603880242372808e-02
-4.902603603176197700e-02
-4.892460306575724394e-02
-4.884790291626373016e-02
-4.891236903662110613e-02
-4.880863655866674033e-02
-4.872110465245199640e-02
-4.878987884899838035e-02
-4.868420936338302418e-02
-4.865886714365086352e-02
-4.858594057057891158e-02
-4.855158800776893102e-02
-4.851962522293840063e-02
-4.844269610779033952e-02
-4.841102751035070151e-02
-4.829164428694798783e-02
-4.837243266101670658e-02
-4.826277031778780646e-02
-4.813304458932987639e-02
-4.821755608430022821e-02
-4.810704540053567513e-02
-4.796714202298646423e-02
-4.805524812757455688e-02
-4.794406747919088829e-02
-4.779416634418609533e-02
-4.788574657226368769e-02
-4.970703383434460498e-02
-4.977486047229234822e-02
-4.971860177133496927e-02
-4.978873586219761949e-02
-4.978108885386894888e-02
-4.974997938913400253e-02
-4.978953716453676792e-02
-4.980352291142969845e-02
-4.974428224915816710e-02
-4.975157301264754306e-02
-4.961885549078171032e-02
-4.966024614806480164e-02
-4.963737443191040821e-02
-4.964323044417801034e-02
-4.968905618860025575e-02
-4.967252977108499445e-02
-4.960105068916892401e-02
-4.951303021461211928e-02
-4.952390297442554878e-02
-4.954786940995015154e-02
-4.708500462774156681e-02
-4.694551194467688759e-02
-4.719117907648667787e-02
-4.705970770130563086e-02
-4.699780744133991162e-02
-4.731376304389356413e-02
-4.712009972959807502e-02
-4.716106980850176544e-02
-4.711617609047008548e-02
-4.725615543776173766e-02
-4.759713571826873491e-02
-4.742783272001316330e-02
-4.752603467727412045e-02
-4.712591419108341784e-02
-4.731774473017341665e-02
-4.750470981063603659e-02
-4.777403626334936204e-02
-4.761433109153384580e-02
-4.770927358444848609e-02
-4.933311475149032566e-02
-4.939737736119009792e-02
-4.945125404110412015e-02
-4.949443818510895765e-02
-4.925877300875164400e-02
-4.917465730988329620e-02
-4.908106940692374964e-02
-4.897830590520907412e-02
-4.886665664727807279e-02
-4.874640321516376940e-02
-4.861781754878946593e-02
-4.848116067830221532e-02
-4.833668158442583351e-02
-4.818461621035863285e-02
-4.802518662849553088e-02
-4.785860030372318663e-02
-4.971330956812675117e-02
-4.973514422589886408e-02
-4.965546662315251103e-02
-4.969524841523642600e-02
-4.970410924362539395e-02
-4.965673751153726334e-02
-4.970454414578695523e-02
-4.970309320504007200e-02
-4.963144034214378442e-02
-4.964970540510416086e-02
-4.953964327741788853e-02
-4.957938242334902768e-02
-4.956124801111427836e-02
-4.952662493425963319e-02
-4.713321337973519487e-02
-4.724799935506857063e-02
-4.738732714240967425e-02
-4.729483043851412383e-02
-4.720866669922346714e-02
-4.755066034455035506e-02
-4.743156833898248825e-02
-4.737682840667534201e-02
-4.768504930692840649e-02
-4.730566691253174083e-02
-4.756704993794785841e-02
-4.739476696485200868e-02
-4.749009357626138295e-02
-4.773886120126158428e-02
-4.757580211856282659e-02
-4.766782250312090463e-02
-4.933411296018735959e-02
-4.935090152687071630e-02
-4.931627407969463306e-02
-4.938187354151335473e-02
-4.940435469899628895e-02
-4.937484139602599242e-02
-4.941950366541952855e-02
-4.942322629710527160e-02
-4.944747478702476995e-02
-4.944673995381609899e-02
-4.946114353075714565e-02
-4.947997708468820921e-02
-4.927648455886901591e-02
-4.928740012069926513e-02
-4.924780888967278392e-02
-4.920924873788351528e-02
-4.921413385068423851e-02
-4.916972798661511934e-02
-4.913266215644496171e-02
-4.908230951049724622e-02
-4.913138294163699182e-02
-4.904697628258430919e-02
-4.898582601721174212e-02
-4.903942286397172667e-02
-4.895243602875010147e-02
-4.888054301639621624e-02
-4.893852281637900425e-02
-4.884927849024250923e-02
-4.882894431645562472e-02
-4.876671762044026970e-02
-4.873773179034646130e-02
-4.871093990414065988e-02
-4.864459730414538718e-02
-4.861801403855742221e-02
-4.851441877981566009e-02
-4.858475195788525269e-02
-4.849033240884698115e-02
-4.837640700259493443e-02
-4.845061163048353103e-02
-4.835488234550322506e-02
-4.823077432033012757e-02
-4.830873792024364954e-02
-4.821184688862345524e-02
-4.815933688338952523e-02
-4.807771975300689782e-02
-4.806139608786430539e-02
-4.800260095903124968e-02
-4.791742832459294776e-02
-4.954656380846778063e-02
-4.962718372313840165e-02
-4.959059521747494204e-02
-4.965578457278813085e-02
-4.964987950365395974e-02
-4.965037724027260291e-02
-4.968389210761470220e-02
-4.969891039337226424e-02
-4.965620909163115382e-02
-4.965163141236356159e-02
-4.955481784951898394e-02
-4.959916121398377786e-02
-4.958703022827459783e-02
-4.955828882021212634e-02
-4.960701864701472230e-02
-4.960093903204021437e-02
-4.954751352069014514e-02
-4.946331967659800544e-02
-4.948830869927534071e-02
-4.950157830437401651e-02
-4.736383877471933568e-02
-4.722218881175110905e-02
-4.743843582820356231e-02
-4.731319238442804886e-02
-4.725914366835382019e-02
-4.754875897898847015e-02
-4.736833526935435579e-02
-4.743078828729596630e-02
-4.746984209290594503e-02
-4.771332180883663954e-02
-4.751279842264199971e-02
-4.763220829242570398e-02
-4.790368651753224016e-02
-4.783870833636999498e-02
-4.775007041402057339e-02
-4.747699051423770467e-02
-4.765232133487468102e-02
-4.782072428548078680e-02
-4.930545997969926209e-02
-4.935817211378434877e-02
-4.940087881371091338e-02
-4.943331692498709184e-02
-4.945522327139556529e-02
-4.924300410730703126e-02
-4.917106322153458331e-02
-4.908989159208587694e-02
-4.899973762113279951e-02
-4.890084252717635804e-02
-4.879343913523348508e-02
-4.867775077671487871e-02
-4.855399030464180310e-02
-4.842235923314192059e-02
-4.828304700440444464e-02
-4.813623036590553017e-02
-4.798207282705818644e-02
-4.956974481335901794e-02
-4.962042076406647517e-02
-4.954977324777737335e-02
-4.960273549054283748e-02
-4.960332639046644010e-02
-4.953402581196580945e-02
-4.959602716063771233e-02
-4.959194177269959924e-02
-4.955682084858964442e-02
-4.955423283230631082e-02
-4.946898224711621106e-02
-4.950443950853161690e-02
-4.951200006066397430e-02
-4.946633605217992669e-02
-4.739626485795028765e-02
-4.749041450993790603e-02
-4.762965660197604478e-02
-4.771863627621242276e-02
-4.763491386112128634e-02
-4.755346991095504849e-02
-4.786990823358022729e-02
-4.779130237492934530e-02
-4.771075780584049797e-02
-4.764310950438760406e-02
-4.788016815416534788e-02
-4.772321170240773069e-02
-4.780934223261884553e-02
-4.803346861589508077e-02
-4.796842639832510358e-02
-4.788582037000932434e-02
-4.930395396209746872e-02
-4.931907789472445014e-02
-4.929029199372941816e-02
-4.934025178184342497e-02
-4.936111432609446847e-02
-4.933726244238201275e-02
-4.936677213436058143e-02
-4.939319543078862784e-02
-4.937440615676302880e-02
-4.938329487970666287e-02
-4.941507940724132464e-02
-4.940148166728058898e-02
-4.938959893330963080e-02
-4.941824667262090243e-02
-4.942652430654731477e-02
-4.925809659776969607e-02
-4.926732646334830434e-02
-4.923373406656289530e-02
-4.920289413625672514e-02
-4.916782431965882605e-02
-4.920609750624999057e-02
-4.913855632120511796e-02
-4.909279347103240321e-02
-4.913562427707940383e-02
-4.906528702733992109e-02
-4.900886603112125650e-02
-4.905613449957774153e-02
-4.898328318494615807e-02
-4.891625913208508258e-02
-4.896784914720314630e-02
-4.889273379643543915e-02
-4.881518145789132124e-02
-4.887098131976297388e-02
-4.879381905713831014e-02
-4.870583228245478624e-02
-4.876573522606669764e-02
-4.868670958490606271e-02
-4.858840062231195578e-02
-4.865230527723668486e-02
-4.857156576145638116e-02
-4.846306450915960351e-02
-4.853087529607663653e-02
-4.844853718444408486e-02
-4.832999037900048700e-02
-4.840161784632268649e-02
-4.831776222384953634e-02
-4.826469367441971192e-02
-4.818933255797797077e-02
-4.817936768539571313e-02
-4.804123284634448376e-02
-4.812025124607277604e-02
-4.936147798708534484e-02
-4.945535590799937653e-02
-4.945305902192353997e-02
-4.950041258046661286e-02
-4.952351164430235375e-02
-4.956200398330812273e-02
-4.954249370221580628e-02
-4.946347245571663942e-02
-4.950925980063125564e-02
-4.951098180941315707e-02
-4.944654411528565108e-02
-4.950251327195431816e-02
-4.949826779943938826e-02
-4.946639696004212494e-02
-4.938546359092765847e-02
-4.942728942934204728e-02
-4.942445937399231326e-02
-4.764260798230829375e-02
-4.750085389739011621e-02
-4.769038461928554185e-02
-4.752366947296821076e-02
-4.756209857994747603e-02
-4.771554034835190361e-02
-4.763173852751823034e-02
-4.757540481479777261e-02
-4.787158461015228461e-02
-4.771016102914604762e-02
-4.779261468515755285e-02
-4.779499836739470320e-02
-4.802052779393856108e-02
-4.794554768889797147e-02
-4.786660780637308488e-02
-4.779923056459245423e-02
-4.795626703765176746e-02
-4.810594396128919925e-02
-4.928112193380457251e-02
-4.932221241111039989e-02
-4.935362828924694245e-02
-4.937515040786416565e-02
-4.938655803943908795e-02
-4.938763017042524517e-02
-4.923057318726564713e-02
-4.917077842497591389e-02
-4.910194462152250860e-02
-4.902427234994016780e-02
-4.893795474948142710e-02
-4.884317659284287405e-02
-4.874011345949674778e-02
-4.862893101935744644e-02
-4.850978442895159670e-02
-4.838281783640718814e-02
-4.824816398928205574e-02
-4.940849183065754158e-02
-4.946311236596384608e-02
-4.952802684142326717e-02
-4.945701262560031619e-02
-4.949999998078924435e-02
-4.941789379964295348e-02
-4.948394339702677502e-02
-4.947615552056405797e-02
-4.945515805537459286e-02
-4.943231570836270627e-02
-4.937067011337337163e-02
-4.941987999402552845e-02
-4.941713778016487701e-02
-4.937814696292441852e-02
-4.766061785074987567e-02
-4.769887942516459756e-02
-4.779370791298687138e-02
-4.794596815782697918e-02
-4.802001924232840446e-02
-4.786975037397661614e-02
-4.794519384089690472e-02
-4.815983354341868417e-02
-4.801528374320779280e-02
-4.809002534686923624e-02
-4.795032575315694157e-02
-4.816313704279984176e-02
-4.809815743932827070e-02
-4.802131168903012171e-02
-4.829773470669573854e-02
-4.823842469152173074e-02
-4.816530853548173230e-02
-4.927682258520355019e-02
-4.929041290157709643e-02
-4.926749569888477787e-02
-4.930156388306811133e-02
-4.930279925400793406e-02
-4.932093769468637312e-02
-4.931683170420031459e-02
-4.932858232466363901e-02
-4.934183570109673678e-02
-4.932244968830612475e-02
-4.935290863471264444e-02
-4.934464770376195686e-02
-4.931823905853244261e-02
-4.935395652978752379e-02
-4.935079587342922069e-02
-4.930401973494152879e-02
-4.934682619320357455e-02
-4.934477895745847942e-02
-4.924278068685644660e-02
-4.925045675955724844e-02
-4.922286539630260638e-02
-4.919960656201860516e-02
-4.920126071921832045e-02
-4.916909748667552815e-02
-4.914746311566797754e-02
-4.910637544715013014e-02
-4.914301114573210727e-02
-4.908650689102678211e-02
-4.903487610505802285e-02
-4.907588828874798192e-02
-4.901688726643516070e-02
-4.895476874417259427e-02
-4.900006534292866700e-02
-4.893874574029738467e-02
-4.886621430611348682e-02
-4.891570759788610445e-02
-4.885221531872846468e-02
-4.876936469823223153e-02
-4.882297169216603949e-02
-4.875742000418575861e-02
-4.866436220776326760e-02
-4.872200497206868874e-02
-4.865447438634584731e-02
-4.861294495751866673e-02
-4.855133902264169299e-02
-4.854348333427260798e-02
-4.849591891396781707e-02
-4.843041685507393224e-02
-4.842454179332150721e-02
-4.830170666825439607e-02
-4.837104352738386126e-02
-4.915797740358390788e-02
-4.926223270335666760e-02
-4.930536850518069114e-02
-4.938121758421815111e-02
-4.933361649854778319e-02
-4.938511473138734731e-02
-4.937753100610686730e-02
-4.945585016544973289e-02
-4.942027778580626585e-02
-4.939779093846130564e-02
-4.934500279004383483e-02
-4.940427325103763367e-02
-4.939583817336790084e-02
-4.930824964976787683e-02
-4.937740756472525083e-02
-4.936313607633291412e-02
-4.935789110067317909e-02
-4.927961151937926276e-02
-4.933253815594579317e-02
-4.932517641415656851e-02
-4.791776623505994426e-02
-4.777804017292897054e-02
-4.794120705149390593e-02
-4.781380358723191781e-02
-4.778961115650909308e-02
-4.799374674738338120e-02
-4.783944324719013874e-02
-4.785246836864487374e-02
-4.793104162633504695e-02
-4.816296478124953984e-02
-4.809151263616323613e-02
-4.801711252505508343e-02
-4.809055436166209674e-02
-4.829936951722391125e-02
-4.822985627639664319e-02
-4.815966202397653495e-02
-4.809143295878171021e-02
-4.822996720307659579e-02
-4.836073894834075348e-02
-4.925984649737430443e-02
-4.928924617249402784e-02
-4.930925288624266045e-02
-4.931969191861063084e-02
-4.932038560803464478e-02
-4.931115443842937207e-02
-4.929181818711508845e-02
-4.922122459898575775e-02
-4.917354623729663921e-02
-4.911697126319003459e-02
-4.905165276792405882e-02
-4.897773632276808398e-02
-4.889535931361432830e-02
-4.880465037805004069e-02
-4.870572894397018349e-02
-4.859870487010226059e-02
-4.848367818743531954e-02
-4.923439313057470512e-02
-4.934226567651367468e-02
-4.926013695907660583e-02
-4.931896207273950283e-02
-4.933904228412960835e-02
-4.932664811412368344e-02
-4.928420137220113073e-02
-4.924483530033529899e-02
-4.930773278622679889e-02
-4.929495151112411877e-02
-4.926219711463891704e-02
-4.792514755711962948e-02
-4.796299517421798164e-02
-4.807678974406393024e-02
-4.823060769826548189e-02
-4.829182875412263432e-02
-4.815628142821226643e-02
-4.822602619632776477e-02
-4.842076802378719735e-02
-4.835990120406219450e-02
-4.829064189159260057e-02
-4.822768041880642897e-02
-4.841629942938835418e-02
-4.828943389573148171e-02
-4.835689875634524570e-02
-4.853198655331686373e-02
-4.847816216123629340e-02
-4.841461883980852088e-02
-4.925251467878694056e-02
-4.924765563143002067e-02
-4.926467784589266818e-02
-4.926560718800071514e-02
-4.927122391046478977e-02
-4.928359798374465361e-02
-4.926948155695837217e-02
-4.928552894495380476e-02
-4.929317104232155966e-02
-4.926400568448918715e-02
-4.929041819918245082e-02
-4.929324276335717014e-02
-4.924904374309196919e-02
-4.928573553729592716e-02
-4.928365581820098873e-02
-4.922445706336919802e-02
-4.926425080643881405e-02
-4.927132219898433529e-02
-4.919010508291854489e-02
-4.924701783085749796e-02
-4.923486732470577776e-02
-4.923033156062678328e-02
-4.921497211431064001e-02
-4.923656086137412347e-02
-4.919918002328588225e-02
-4.917331596507901192e-02
-4.919939234180104037e-02
-4.915917620224125040e-02
-4.912282358537428673e-02
-4.915331183710019980e-02
-4.911042954950739503e-02
-4.906362445588569043e-02
-4.909845237423943187e-02
-4.905304229295975871e-02
-4.899584050786498501e-02
-4.903493978537859510e-02
-4.898710898381830603e-02
-4.891958558958092729e-02
-4.896289212331350615e-02
-4.891271614050485272e-02
-4.883496503220724483e-02
-4.888241917721425356e-02
-4.882994198646273265e-02
-4.874207531354268763e-02
-4.879362208558513103e-02
-4.873885628113799884e-02
-4.864100381897795700e-02
-4.869659304702061986e-02
-4.863952024214940328e-02
-4.859141512709258537e-02
-4.853182870016337080e-02
-4.907790533589728721e-02
-4.919320953561989729e-02
-4.911820069167366354e-02
-4.893564617504780889e-02
-4.904895652376017878e-02
-4.919816466262660892e-02
-4.928797888910441127e-02
-4.925209072432079616e-02
-4.922924268678335880e-02
-4.919951223168611554e-02
-4.927221350876520578e-02
-4.925390940663987305e-02
-4.914344538364112669e-02
-4.922578987199049960e-02
-4.920182508637593877e-02
-4.922211271409648869e-02
-4.914584631577023632e-02
-4.921266156951548121e-02
-4.919534504788991569e-02
-4.818846120757458440e-02
-4.805088525512435371e-02
-4.815814027561426958e-02
-4.804816897133973308e-02
-4.803631063060193052e-02
-4.820885650062117778e-02
-4.807355082553071979e-02
-4.810080379315573307e-02
-4.831571917675181460e-02
-4.815376322274023124e-02
-4.823911045834944344e-02
-4.843707826809717787e-02
-4.829964843320438961e-02
-4.836810327559909473e-02
-4.835682395205659345e-02
-4.854974647100868124e-02
-4.842427288192624468e-02
-4.848546799645120364e-02
-4.835394556295508073e-02
-4.847375702094519623e-02
-4.858542832440654324e-02
-4.925907001356788495e-02
-4.924142897429406585e-02
-4.926755089899059747e-02
-4.926674174346568069e-02
-4.925650851889357140e-02
-4.923671392026435223e-02
-4.920721828284618793e-02
-4.916788054898380000e-02
-4.921475272052522332e-02
-4.917916049902854025e-02
-4.913476519173526347e-02
-4.908167273046110113e-02
-4.901998159894122020e-02
-4.894978242739855823e-02
-4.887115768270472449e-02
-4.878418145196117273e-02
-4.868891931799790296e-02
-4.900828431853437861e-02
-4.913934224385174687e-02
-4.907588585354233368e-02
-4.916791919282131884e-02
-4.913705327533424150e-02
-4.917139014216725945e-02
-4.910951914119277006e-02
-4.909153865105048142e-02
-4.916809316394249452e-02
-4.914552384529996543e-02
-4.911855921442598305e-02
-4.816939497924582758e-02
-4.818063776055081515e-02
-4.826073494636778927e-02
-4.845122502354493044e-02
-4.831740353981117675e-02
-4.837571388064931810e-02
-4.849296316066808998e-02
-4.853437644126007422e-02
-4.847773281104994503e-02
-4.841339476857919877e-02
-4.865299283918311790e-02
-4.860123187402753953e-02
-4.853715139651781918e-02
-4.847550101791731070e-02
-4.863994797850407226e-02
-4.852789597971046698e-02
-4.858587582334461530e-02
-4.873649816663710999e-02
-4.863405155047856310e-02
-4.868793136863752702e-02
-4.923222844439673063e-02
-4.924235772967244795e-02
-4.924891723078750339e-02
-4.923087610530479941e-02
-4.923059210436270261e-02
-4.924169357647795175e-02
-4.922456959552745648e-02
-4.924506866586392251e-02
-4.924702498890398683e-02
-4.920781217251746220e-02
-4.923861742728097290e-02
-4.923590708864183929e-02
-4.918186390760947990e-02
-4.922289180764799488e-02
-4.921544946493289219e-02
-4.914662831419275291e-02
-4.918553452335994169e-02
-4.919777563308108670e-02
-4.910200540252890322e-02
-4.914604197451327705e-02
-4.916314956394585156e-02
-4.904789241384116538e-02
-4.911889194479690524e-02
-4.909684969382271946e-02
-4.922059448452265062e-02
-4.920987386931019447e-02
-4.922545876352868444e-02
-4.920145947562087896e-02
-4.918029907363913322e-02
-4.920031185274875707e-02
-4.917354050069927540e-02
-4.914195719247327343e-02
-4.916634564170663246e-02
-4.913690014113120119e-02
-4.912364616570474851e-02
-4.909493067165454638e-02
-4.909159385197708891e-02
-4.907229228419790479e-02
-4.903929455780525748e-02
-4.903766976578455283e-02
-4.901235535640319219e-02
-4.897511622200984016e-02
-4.897516858478734303e-02
-4.894389900921813918e-02
-4.890245517463609470e-02
-4.890412355951340162e-02
-4.882136296960237765e-02
-4.886697899535147327e-02
-4.882456055017581065e-02
-4.873188319574639493e-02
-4.878164313935023921e-02
-4.890194262370722855e-02
-4.891861853681966910e-02
-4.899032822661592013e-02
-4.899069339640571563e-02
-4.903396711030777455e-02
-4.909438991809023101e-02
-4.869726193665135927e-02
-4.881921625374752161e-02
-4.903307476446622237e-02
-4.902702473529169103e-02
-4.908522455639607873e-02
-4.911314461085092287e-02
-4.895210291073032183e-02
-4.901396531481222452e-02
-4.904762547655094895e-02
-4.905910320750961340e-02
-4.898418449697838906e-02
-4.906487964400524371e-02
-4.903783416028306696e-02
-4.840509135457804479e-02
-4.829507443953123813e-02
-4.827998420856782769e-02
-4.835534425857684893e-02
-4.828207386647992427e-02
-4.825642152754688885e-02
-4.846116014191415022e-02
-4.833471321806875887e-02
-4.838857652106609564e-02
-4.842401167678617169e-02
-4.857381978565117331e-02
-4.844431415837607835e-02
-4.850528419283334225e-02
-4.867751509854545411e-02
-4.855701929836309105e-02
-4.861354210724866398e-02
-4.859410930410568152e-02
-4.877195631905678619e-02
-4.866063759514138720e-02
-4.871265018943288228e-02
-4.858707037896781156e-02
-4.868791915247983049e-02
-4.878027748862101554e-02
-4.922836966853366691e-02
-4.923153024946386180e-02
-4.922571493442479129e-02
-4.921614850749023162e-02
-4.919477690726314911e-02
-4.916416046524224592e-02
-4.912420092637143076e-02
-4.907479691599880844e-02
-4.901584463432634431e-02
-4.921100266670114243e-02
-4.918746615103275488e-02
-4.915517144009212691e-02
-4.911417760629965823e-02
-4.906453650013559153e-02
-4.900629259795752368e-02
-4.893948293697003571e-02
-4.886413713464965447e-02
-4.880137255809835484e-02
-4.894602075310428013e-02
-4.886685245478566975e-02
-4.897088523896231393e-02
-4.892842659882196132e-02
-4.898934583100572615e-02
-4.890893347956642989e-02
-4.891077479531424910e-02
-4.900098850100742531e-02
-4.896886336807948492e-02
-4.894723869470529731e-02
-4.837824707230531374e-02
-4.840823344451178345e-02
-4.851719920441227574e-02
-4.870129545188900400e-02
-4.857429043742494956e-02
-4.865458282883350360e-02
-4.852752454202918786e-02
-4.855048756617019734e-02
-4.862516138467243287e-02
-4.872439410363749168e-02
-4.874791625150326491e-02
-4.870058113672121047e-02
-4.864137411259472632e-02
-4.885672443655025843e-02
-4.881424051066229897e-02
-4.875505961919324172e-02
-4.869406110438462276e-02
-4.883431790584624732e-02
-4.873696155647100348e-02
-4.878534319191268898e-02
-4.891148717756094166e-02
-4.882385228758734375e-02
-4.886796980048424555e-02
-4.918199344358925584e-02
-4.920327029319032652e-02
-4.920707368755250499e-02
-4.920132466334620203e-02
-4.921676730597940308e-02
-4.921607216029150189e-02
-4.921180346480885648e-02
-4.922133131694500507e-02
-4.921617605958122921e-02
-4.915376756886197240e-02
-4.918911856549013084e-02
-4.918077545847820975e-02
-4.911659893638320451e-02
-4.916213904792660072e-02
-4.914921260804949732e-02
-4.907043400159871727e-02
-4.912606223152876650e-02
-4.910850671844813053e-02
-4.901521427029487121e-02
-4.905857854146000729e-02
-4.908081063414421186e-02
-4.895087683029408776e-02
-4.899934523725962832e-02
-4.902630282069958545e-02
-4.887735491617084538e-02
-4.893072099472500769e-02
-4.896245405000304585e-02
-4.921346584565927662e-02
-4.920744133889470850e-02
-4.921702128630328632e-02
-4.920634128182399536e-02
-4.918991745859208065e-02
-4.920388990762458725e-02
-4.919045252636250476e-02
-4.918198327649159207e-02
-4.916364709986914550e-02
-4.916581549109116933e-02
-4.912866596312920331e-02
-4.915134064731624397e-02
-4.913243921502441491e-02
-4.911199427458684541e-02
-4.908500265397414131e-02
-4.909032591803103029e-02
-4.906396934164231061e-02
-4.903267865620059007e-02
-4.903947113585988005e-02
-4.900728397443721018e-02
-4.897170838881254040e-02
-4.897986393162406804e-02
-4.890209934207540021e-02
-4.894194933652906698e-02
-4.877577059208004773e-02
-4.883881322031885519e-02
-4.873599538698553113e-02
-4.888247468413858821e-02
-4.844574194044043436e-02
-4.857286737903476759e-02
-4.882031532225789006e-02
-4.882753977170611881e-02
-4.888977931664234555e-02
-4.892708007887092148e-02
-4.873439872386020610e-02
-4.880065482377160535e-02
-4.884294969189606483e-02
-4.886886436466031380e-02
-4.879457862568398197e-02
-4.888917691833477575e-02
-4.885261732346973806e-02
-4.857382112598868096e-02
-4.848847380887422176e-02
-4.846357316417615468e-02
-4.851681913610972341e-02
-4.871040687145133941e-02
-4.864214435523200875e-02
-4.858625792677817579e-02
-4.867353848710781472e-02
-4.861112933427375049e-02
-4.880492658165153097e-02
-4.874116482540541417e-02
-4.868914958009024074e-02
-4.889034247195683802e-02
-4.883110137997881406e-02
-4.878374337299423713e-02
-4.880264443491283410e-02
-4.896619657979617291e-02
-4.886893716747803262e-02
-4.891160174915770709e-02
-4.879105191815386044e-02
-4.887267979555331987e-02
-4.894549560593075554e-02
-4.916781023990973720e-02
-4.919160651871007373e-02
-4.920652368994982151e-02
-4.921260087332596234e-02
-4.913508968422131140e-02
-4.909339403337720231e-02
-4.904266727947576010e-02
-4.898284873896902036e-02
-4.891387359653714961e-02
-4.883567344535327814e-02
-4.920987081265287832e-02
-4.919835963285962288e-02
-4.917808668005496653e-02
-4.914906444677091812e-02
-4.911129858315699259e-02
-4.906478799142138802e-02
-4.900952499927535566e-02
-4.858363787152214508e-02
-4.864175431102235603e-02
-4.867947376554870864e-02
-4.851619087453173940e-02
-4.861260701734315681e-02
-4.873873599531364231e-02
-4.869291067354897251e-02
-4.878057491484139030e-02
-4.867238684833447016e-02
-4.870247690611345659e-02
-4.880638177969176539e-02
-4.876493688883809519e-02
-4.874817741820297590e-02
-4.864235817434275910e-02
-4.875752388679638338e-02
-4.886861547230408886e-02
-4.876005971546515383e-02
-4.878412075593796526e-02
-4.893902018543494492e-02
-4.881846682980711671e-02
-4.884046267965730381e-02
-4.874538836533759412e-02
-4.870534868693610075e-02
-4.884735237253490236e-02
-4.892805067241223771e-02
-4.893264445146311425e-02
-4.884044454497166177e-02
-4.889477766671851411e-02
-4.903212000644724400e-02
-4.899909694629195345e-02
-4.894455411026515934e-02
-4.888357644936502933e-02
-4.899958663069886589e-02
-4.895549827626388684e-02
-4.891683673307367641e-02
-4.905711316638894370e-02
-4.898420945487996780e-02
-4.901845775949092987e-02
-4.910182029516746427e-02
-4.914184464383436479e-02
-4.912777127641371200e-02
-4.914170121588806728e-02
-4.917146657934118315e-02
-4.916182981119182616e-02
-4.917284378218911289e-02
-4.919228947482640057e-02
-4.918707067224092899e-02
-4.919524462920754626e-02
-4.920432962821547074e-02
-4.920351329399857976e-02
-4.905319767006527387e-02
-4.910340089565295996e-02
-4.908486934264200130e-02
-4.899582348328029857e-02
-4.905610637779050931e-02
-4.903309230997221491e-02
-4.892968163894911848e-02
-4.899992629595401050e-02
-4.897240288447385348e-02
-4.885475013669426936e-02
-4.893482043215374722e-02
-4.890275861108267508e-02
-4.877100143308238378e-02
-4.886074359275294210e-02
-4.882411233536615436e-02
-4.867840291965130906e-02
-4.873641280163143463e-02
-4.877764612491519713e-02
-4.920889355671009824e-02
-4.920759666179580494e-02
-4.921117057308099785e-02
-4.921377349548244906e-02
-4.920209340464676284e-02
-4.921004871081346987e-02
-4.920986055628345790e-02
-4.920014713649029092e-02
-4.918781585802173284e-02
-4.919712416525118259e-02
-4.916475324782959566e-02
-4.918145851636490651e-02
-4.917552728447271981e-02
-4.913288816191535568e-02
-4.915396884818562517e-02
-4.914502671204579176e-02
-4.909219676834480905e-02
-4.911765763841313692e-02
-4.910557345520549788e-02
-4.907249815656883341e-02
-4.904264910815903100e-02
-4.859637023279422818e-02
-4.841573738996457488e-02
-4.850150731788088754e-02
-4.843082268983028849e-02
-4.818412787752046622e-02
-4.831735186573632435e-02
-4.860074072218206753e-02
-4.866753414486429952e-02
-4.871388416198407789e-02
-4.848595356610280183e-02
-4.854739598983109916e-02
-4.860985834634579117e-02
-4.865122645104597021e-02
-4.857691757614218675e-02
-4.868547468492057106e-02
-4.863960581975390607e-02
-4.877408925790965855e-02
-4.893167036487944266e-02
-4.886819080667376136e-02
-4.882081912426583514e-02
-4.890123420325664938e-02
-4.885093488760894331e-02
-4.900873993580867616e-02
-4.890665660326454223e-02
-4.894949421052113836e-02
-4.907573728684533343e-02
-4.898294129591729273e-02
-4.902095750725116163e-02
-4.898260679417831831e-02
-4.913258395116720800e-02
-4.904932446894449960e-02
-4.908245905539876386e-02
-4.896607692141707879e-02
-4.902820713989347601e-02
-4.908123373465955730e-02
-4.907739548078338121e-02
-4.912167520796989484e-02
-4.915720947430329835e-02
-4.918399823687569228e-02
-4.920203467982819934e-02
-4.902436372683138810e-02
-4.896256701018980584e-02
-4.889198632658697807e-02
-4.881259695339068561e-02
-4.872436887419862028e-02
-4.862726737804456967e-02
-4.921130513859972577e-02
-4.921178910717038946e-02
-4.920345933074798950e-02
-4.918628198444330302e-02
-4.916021693427324868e-02
-4.912521807476205593e-02
-4.851441446433718552e-02
-4.830205977369350645e-02
-4.854283370524026253e-02
-4.836739661636485499e-02
-4.848838290875440160e-02
-4.842509072083062138e-02
-4.846649373050360143e-02
-4.858417504279316512e-02
-4.853352492659629425e-02
-4.852125343561053405e-02
-4.888454344457554557e-02
-4.896986906118316885e-02
-4.907772961437778525e-02
-4.900763301952609785e-02
-4.897197741420278305e-02
-4.899707625305710357e-02
-4.891894713252092908e-02
-4.893328457059475944e-02
-4.916155440882846728e-02
-4.904854180997547664e-02
-4.904205819205909034e-02
-4.910405883101348623e-02
-4.908869721235276096e-02
-4.906046927931112522e-02
-4.901077260239783406e-02
-4.917927371614755350e-02
-4.915590616184722927e-02
-4.910576084725920554e-02
-4.904420401779141514e-02
-4.913587168119049053e-02
-4.906766873421719577e-02
-4.909647951322049231e-02
-4.917347595639026681e-02
-4.913951660043897052e-02
-4.911525255799464862e-02
-4.899165918155634625e-02
-4.902239360567922644e-02
-4.904665109832695435e-02
-4.905196945807976938e-02
-4.909676927261191759e-02
-4.907686828925045264e-02
-4.910369210785836547e-02
-4.913822090589042846e-02
-4.912267718308160891e-02
-4.914678512065961957e-02
-4.917098326659746776e-02
-4.915980094581068327e-02
-4.918119907678597524e-02
-4.919502650273821498e-02
-4.918821317313587516e-02
-4.892279585032816014e-02
-4.895926550035517577e-02
-4.898788203905368732e-02
-4.884540664439956936e-02
-4.892047080222705624e-02
-4.888748952513455315e-02
-4.875951147705720468e-02
-4.884441934327565793e-02
-4.880706464554035451e-02
-4.866512319192234370e-02
-4.875972313070225939e-02
-4.871798352039430346e-02
-4.856224777995366004e-02
-4.862023284793981492e-02
-4.866637143893126627e-02
-4.845088433575228670e-02
-4.851379373480946278e-02
-4.856434767210232595e-02
-4.920687727953904078e-02
-4.920788040398677010e-02
-4.921031369150119517e-02
-4.922375596794342778e-02
-4.921680097061836845e-02
-4.921876221027249310e-02
-4.923176462117362373e-02
-4.921443775878608928e-02
-4.922081137372275039e-02
-4.923082634914804911e-02
-4.920316706201838253e-02
-4.921397414923522895e-02
-4.922085836441408846e-02
-4.918292586038547354e-02
-4.919819061138930305e-02
-4.920177252768076492e-02
-4.917339507777762631e-02
-4.915364556822782172e-02
-4.839019382550185933e-02
-4.816596505936793227e-02
-4.817516643999653070e-02
-4.829276510575564174e-02
-4.791364057496144691e-02
-4.805121783566301819e-02
-4.834599332132816230e-02
-4.841600813744806331e-02
-4.847303394909618923e-02
-4.819104272889546126e-02
-4.833699558452614342e-02
-4.827712690754265568e-02
-4.840573164777622894e-02
-4.833102541249173489e-02
-4.845362971339756131e-02
-4.839863475630246104e-02
-4.906215100980670929e-02
-4.899700856897409862e-02
-4.895080145806962602e-02
-4.912821704170133863e-02
-4.906848084643977703e-02
-4.902976134233116845e-02
-4.911716354516515448e-02
-4.903654432988507894e-02
-4.902960339482215213e-02
-4.918579648485194022e-02
-4.909719289854813651e-02
-4.913078406710108537e-02
-4.923376944744711770e-02
-4.918320563133510293e-02
-4.915473790802626919e-02
-4.913411200865330786e-02
-4.927117037411066214e-02
-4.922529568205524786e-02
-4.920188409332348911e-02
-4.911227213418534188e-02
-4.915460954441702723e-02
-4.918758323420074907e-02
-4.895706861855075864e-02
-4.902169337823425455e-02
-4.907774255508839945e-02
-4.912517778545327785e-02
-4.916395328230471762e-02
-4.919401591743499669e-02
-4.888389922537333954e-02
-4.880220881830488189e-02
-4.871201384798712342e-02
-4.861332380828314870e-02
-4.850614140807607555e-02
-4.839046254073109399e-02
-4.921530539448354391e-02
-4.922775450827243660e-02
-4.923128949344196537e-02
-4.922583045671680146e-02
-4.921129188702699775e-02
-4.826636137043599506e-02
-4.804201816361125532e-02
-4.826677516582122962e-02
-4.817592683202587267e-02
-4.820267153277796313e-02
-4.833418913107340176e-02
-4.827421720818120265e-02
-4.826628904417773480e-02
-4.909505904313193891e-02
-4.915689911706394577e-02
-4.936509727955218363e-02
-4.926193254375854647e-02
-4.927326549965449498e-02
-4.917427931509044114e-02
-4.921657198037582281e-02
-4.917365923463090649e-02
-4.912531992557739313e-02
-4.908485236511589411e-02
-4.911756291138014152e-02
-4.920975754248552159e-02
-4.925248383433700194e-02
-4.921614882324498730e-02
-4.919774033135387858e-02
-4.915246377364707042e-02
-4.929821671953754647e-02
-4.928470966732406700e-02
-4.923874266543049050e-02
-4.917603982992191369e-02
-4.924322917864681903e-02
-4.920836478541007475e-02
-4.918954418920934435e-02
-4.926061433164696801e-02
-4.921705072482746024e-02
-4.923120733575486740e-02
-4.885140062940868111e-02
-4.892141350561229896e-02
-4.888705057308212476e-02
-4.893203338555474069e-02
-4.899191415798159754e-02
-4.896180986865161788e-02
-4.900426535241897419e-02
-4.905391718876506157e-02
-4.902809117841805397e-02
-4.906801677186795052e-02
-4.910736164512863322e-02
-4.908583731642063297e-02
-4.912319965425498980e-02
-4.913498326088067136e-02
-4.915217875433069983e-02
-4.916971805919151395e-02
-4.918829213109282561e-02
-4.917545630886216435e-02
-4.876243841484206865e-02
-4.880386256665053546e-02
-4.884246825223764743e-02
-4.866520957543835069e-02
-4.875512347165800175e-02
-4.871228724045989500e-02
-4.855976841111092623e-02
-4.865941633710568759e-02
-4.861235818365577943e-02
-4.844616082553931946e-02
-4.850410136578586773e-02
-4.855537629187728355e-02
-4.832442442061446464e-02
-4.844302515371956552e-02
-4.838753514161292513e-02
-4.819458869408071999e-02
-4.826266983482158102e-02
-4.832237696162205998e-02
-4.920746847248891331e-02
-4.920717633134602531e-02
-4.921561807314084325e-02
-4.923634027762663345e-02
-4.923406595009810482e-02
-4.923005611565628437e-02
-4.925621631843662973e-02
-4.924353868093811482e-02
-4.924400179937982180e-02
-4.926697354687542552e-02
-4.924393329501497441e-02
-4.924891339003589774e-02
-4.926848374799480679e-02
-4.923514156835429034e-02
-4.924468536404319474e-02
-4.792299040833764012e-02
-4.804675660064788856e-02
-4.791757542850955121e-02
-4.763750081852807794e-02
-4.777801915998558524e-02
-4.806423854265107209e-02
-4.820458635354457622e-02
-4.812506377911751621e-02
-4.805670003981205030e-02
-4.813266794848680696e-02
-4.805665591895225131e-02
-4.819343907925044412e-02
-4.812953883635540109e-02
-4.924748284080721072e-02
-4.915524038319407651e-02
-4.918803037080898832e-02
-4.929649386626788754e-02
-4.921235915676885897e-02
-4.924119533120563386e-02
-4.931689537469086115e-02
-4.922196355644675725e-02
-4.921080177002445932e-02
-4.933602631821493167e-02
-4.928496325870634909e-02
-4.926095953398373917e-02
-4.936444870015388453e-02
-4.929917406867539986e-02
-4.931787570988538372e-02
-4.925721305936836547e-02
-4.938194528523393023e-02
-4.932663663890340944e-02
-4.934012162075968044e-02
-4.922970268591331244e-02
-4.925193419967882624e-02
-4.926457455396687779e-02
-4.889155840982173373e-02
-4.880671322946250612e-02
-4.896803346481426455e-02
-4.903606274056032666e-02
-4.909556225337169399e-02
-4.914643992861500443e-02
-4.918859593063429347e-02
-4.871356511193647432e-02
-4.861217272748752372e-02
-4.850258628202752664e-02
-4.838484759398209434e-02
-4.825899018274626417e-02
-4.812504021117797182e-02
-4.922192308822975759e-02
-4.924630741308338999e-02
-4.926162870658407078e-02
-4.926776124792198175e-02
-4.778158517956465623e-02
-4.792852937983543837e-02
-4.805829628310898105e-02
-4.799490742389267428e-02
-4.792403430431396716e-02
-4.790155972092657866e-02
-4.805163147035312887e-02
-4.798259599403442710e-02
-4.797840672319908517e-02
-4.927218771052854773e-02
-4.931633727534401324e-02
-4.944795376437610690e-02
-4.940561147875521808e-02
-4.935924479945941190e-02
-4.954829963941009829e-02
-4.945552879120107548e-02
-4.935558893290825644e-02
-4.931389645293043911e-02
-4.926388666517306225e-02
-4.930103759177439926e-02
-4.935034381446412599e-02
-4.937332542873823504e-02
-4.931501098529178506e-02
-4.930661235314792723e-02
-4.926556124243713919e-02
-4.938891652761978612e-02
-4.934349908811369589e-02
-4.938548560193517512e-02
-4.927911788906846891e-02
-4.932165295561574681e-02
-4.928248789357436710e-02
-4.929117031227248091e-02
-4.931850511407703808e-02
-4.929352959130012257e-02
-4.928961158249983709e-02
-4.878173826919524059e-02
-4.885677594167603388e-02
-4.881652248814666306e-02
-4.868087665547410348e-02
-4.876599323990499224e-02
-4.872159639340289949e-02
-4.887442143801529193e-02
-4.893926578433932528e-02
-4.890319364301787264e-02
-4.895880976182948041e-02
-4.898151596278410569e-02
-4.901336459584537675e-02
-4.903477752283758040e-02
-4.905138667786262952e-02
-4.907896542875717083e-02
-4.910219011619321172e-02
-4.911269445796934141e-02
-4.913595291704292434e-02
-4.916090458523203477e-02
-4.918420373295023795e-02
-4.916531982039390458e-02
-4.857194335340758728e-02
-4.866700681365510039e-02
-4.861850018151114838e-02
-4.845503521319960427e-02
-4.855989659442522255e-02
-4.850730945345849143e-02
-4.833023919326701057e-02
-4.844473328766951692e-02
-4.838809066041122042e-02
-4.819763241061353343e-02
-4.832157842630241396e-02
-4.826090113542685911e-02
-4.805727968722739440e-02
-4.812578848360554717e-02
-4.819048386557994723e-02
-4.790923785596762352e-02
-4.798279110996445107e-02
-4.805149464366476053e-02
-4.921077025766762425e-02
-4.922358714197533347e-02
-4.920913563704037985e-02
-4.925162947995403995e-02
-4.925396565263190363e-02
-4.924400773783638163e-02
-4.928331844365635428e-02
-4.926979560584809903e-02
-4.927519575486172254e-02
-4.930566809475184220e-02
-4.928635315657503568e-02
-4.928712873887458601e-02
-4.767696998221115923e-02
-4.780167124963846659e-02
-4.765675188911844273e-02
-4.735924449436640371e-02
-4.750058617995883692e-02
-4.776303816358978827e-02
-4.791163480514065709e-02
-4.784423823929301323e-02
-4.780217995447910706e-02
-4.782997797114524330e-02
-4.775341553438955389e-02
-4.790459626900656076e-02
-4.782761984860994797e-02
-4.940722882151793449e-02
-4.932818294587720809e-02
-4.935223793457832464e-02
-4.943934496060697903e-02
-4.938785730634315252e-02
-4.936822946849933613e-02
-4.949608903040336738e-02
-4.939991122298670323e-02
-4.938183877361634888e-02
-4.945937994191312859e-02
-4.939785698555509974e-02
-4.941202287351842415e-02
-4.946772126182685803e-02
-4.941622581484023113e-02
-4.942493473337083998e-02
-4.935189984433158150e-02
-4.946483124677042431e-02
-4.942688221928787096e-02
-4.942353799994148034e-02
-4.931837126350757661e-02
-4.932016616495005223e-02
-4.931217634362849989e-02
-4.873110906594685376e-02
-4.882793387695671949e-02
-4.862615447723223072e-02
-4.891651718863010423e-02
-4.899673779512891958e-02
-4.906846538638565125e-02
-4.913156103254695539e-02
-4.918587777121175009e-02
-4.851317205349020556e-02
-4.839225382159839661e-02
-4.826348187493084696e-02
-4.812692736373069824e-02
-4.798265141561913749e-02
-4.783068463434275719e-02
-4.923126129447069621e-02
-4.926755073126454221e-02
-4.929457951754862011e-02
-4.751948722892895827e-02
-4.771761369844840228e-02
-4.753217333414594403e-02
-4.771500014347729302e-02
-4.764527212400354594e-02
-4.764065209067186446e-02
-4.942405752473166825e-02
-4.944968489633322362e-02
-4.960167325708181307e-02
-4.957335109369753745e-02
-4.952291017676002660e-02
-4.950902728026557176e-02
-4.947773338523830944e-02
-4.943121301650343913e-02
-4.970658583100390215e-02
-4.962757506633552751e-02
-4.945743321546236526e-02
-4.946377884077507447e-02
-4.946651601744866955e-02
-4.938523186095006290e-02
-4.938704331088356048e-02
-4.935004516235363958e-02
-4.945127558834278014e-02
-4.945814670369425015e-02
-4.941996537677195711e-02
-4.935340931411241749e-02
-4.937107373065757754e-02
-4.934646191728792042e-02
-4.934484976318659344e-02
-4.934706248392883854e-02
-4.933288044685224527e-02
-4.932642085787630748e-02
-4.860087199905799293e-02
-4.869117127912236942e-02
-4.864081614139825760e-02
-4.871396045906428718e-02
-4.874780728546351805e-02
-4.879409574588555731e-02
-4.847986230921746964e-02
-4.858019393941714892e-02
-4.852582764139379279e-02
-4.881897595528006395e-02
-4.884667178999918535e-02
-4.888883315635733640e-02
-4.891575608958709243e-02
-4.897523933381414674e-02
-4.893727021489691076e-02
-4.900412837349438222e-02
-4.905316061167808162e-02
-4.901945341391472644e-02
-4.908391091769526149e-02
-4.912243444691377636e-02
-4.909306309521432876e-02
-4.915491322825532583e-02
-4.918289013754828520e-02
-4.915793248755284672e-02
-4.835107199294230718e-02
-4.846128751840711457e-02
-4.840296054632226008e-02
-4.821463020017230372e-02
-4.833456511471262429e-02
-4.827232293520261619e-02
-4.807065419902978309e-02
-4.820012893108871488e-02
-4.813401203000261530e-02
-4.791924774549827237e-02
-4.805806946345703157e-02
-4.798811298011340654e-02
-4.776048632109869407e-02
-4.790846801964737667e-02
-4.783470737751777113e-02
-4.759430218361765386e-02
-4.767381407877985255e-02
-4.775139858939086990e-02
-4.921693711072172572e-02
-4.923434964335854369e-02
-4.921388711107849145e-02
-4.926977767554208132e-02
-4.927662850334119105e-02
-4.926074564785842824e-02
-4.931322443568919578e-02
-4.930953684118377645e-02
-4.929832090474423056e-02
-4.743816988442167704e-02
-4.739547473387412113e-02
-4.755723088165775270e-02
-4.708070951772669321e-02
-4.722221198518872232e-02
-4.759728761798903696e-02
-4.747922749471794601e-02
-4.741792250248955121e-02
-4.758547822098002644e-02
-4.747169876626883278e-02
-4.954315838463008159e-02
-4.949133423021701006e-02
-4.947595781631936029e-02
-4.955613312303830398e-02
-4.950793973504841183e-02
-4.949814341417063668e-02
-4.965236362066249853e-02
-4.955298578672806542e-02
-4.952642433355286533e-02
-4.955572923421025511e-02
-4.950776827624481236e-02
-4.951186614073549430e-02
-4.954346205011694870e-02
-4.950580951551658559e-02
-4.950428305895454573e-02
-4.941809805737218397e-02
-4.951968579534715698e-02
-4.949247812493212662e-02
-4.948545751190602804e-02
-4.937821721246909989e-02
-4.935922759174315999e-02
-4.933029486501577798e-02
-4.854012693589421223e-02
-4.865723785951370228e-02
-4.876634714197458642e-02
-4.841516071554374800e-02
-4.886729753431273693e-02
-4.895992140598814935e-02
-4.904404137850520984e-02
-4.911947106994218881e-02
-4.918601594728017057e-02
-4.828247423390058524e-02
-4.814219083147885936e-02
-4.799442095790995566e-02
-4.783926387850817585e-02
-4.767683525487259599e-02
-4.750568953639722203e-02
-4.924347428341646626e-02
-4.929163821132587220e-02
-4.725857663014132459e-02
-4.716463804886478206e-02
-4.729946963469544574e-02
-4.734631221853058403e-02
-4.722483972376267936e-02
-4.737749991462497645e-02
-4.732107775315008702e-02
-4.955018305269781598e-02
-4.955629758831625598e-02
-4.970901178470638060e-02
-4.965553168269826179e-02
-4.970874914372419573e-02
-4.965776049142556214e-02
-4.962782586737829460e-02
-4.958165695213007096e-02
-4.984288631368410938e-02
-4.977487119564244500e-02
-4.959939653720191188e-02
-4.954994223515646334e-02
-4.953192410617995867e-02
-4.942669511913216907e-02
-4.943892640839236963e-02
-4.940583171267842744e-02
-4.948513025972356427e-02
-4.950253941021476312e-02
-4.946801127825101174e-02
-4.939882143784191104e-02
-4.939135848307174559e-02
-4.938136489290989584e-02
-4.936929361521324999e-02
-4.934613762814288318e-02
-4.932975607460399203e-02
-4.934673981661252817e-02
-4.838916682499344590e-02
-4.843444452072759310e-02
-4.849486031938687880e-02
-4.852262623402514574e-02
-4.856169798665715964e-02
-4.861817907643611880e-02
-4.864827025797724414e-02
-4.873355072749890882e-02
-4.868108230965662031e-02
-4.824807757780175121e-02
-4.836376323536123456e-02
-4.829948503349718036e-02
-4.876590108224332365e-02
-4.884079502268878770e-02
-4.879242266515038118e-02
-4.887530932887834689e-02
-4.893972088257564357e-02
-4.889553311203315156e-02
-4.897627489384553945e-02
-4.903012716274668392e-02
-4.899021729871066988e-02
-4.906856789842800604e-02
-4.911180352884186862e-02
-4.907626928403618916e-02
-4.915194975924142007e-02
-4.915347447114054580e-02
-4.918453144547024758e-02
-4.809953107807496409e-02
-4.822504455204673635e-02
-4.815697043344174810e-02
-4.794368635087009611e-02
-4.807884845431842358e-02
-4.800703887695478844e-02
-4.778068918876415827e-02
-4.792530631930624896e-02
-4.784981483814859660e-02
-4.761065269366754338e-02
-4.776453099172939254e-02
-4.768539937803722983e-02
-4.743353938239341927e-02
-4.751373059174357483e-02
-4.759654781065608686e-02
-4.724919659133414163e-02
-4.733327509296270108e-02
-4.742124427802862918e-02
-4.922617437087900560e-02
-4.922161065159286197e-02
-4.924808527202384489e-02
-4.929098939257586798e-02
-4.928044915213253274e-02
-4.930223345646533861e-02
-4.680617521667296277e-02
-4.694527226897621253e-02
-4.712000066828797573e-02
-4.719192281799383659e-02
-4.706743201456664583e-02
-4.724186873772084905e-02
-4.714545076796938794e-02
-4.965511339442307825e-02
-4.959953597522531732e-02
-4.960590769948530765e-02
-4.964626365033458777e-02
-4.960117321487045317e-02
-4.960146895310479920e-02
-4.977633795268504580e-02
-4.968182712958346681e-02
-4.965581468352991967e-02
-4.962491570234767169e-02
-4.958436613489131117e-02
-4.959061440447420921e-02
-4.959148211885916480e-02
-4.955575444391385753e-02
-4.956776493564896136e-02
-4.945566814702845315e-02
-4.954629711891656019e-02
-4.951565996497964139e-02
-4.953327907138449504e-02
-4.940911576001288941e-02
-4.936897726263095310e-02
-4.931877375661519736e-02
-4.831833826520476327e-02
-4.845568352453233363e-02
-4.858530199383898074e-02
-4.870700177430820066e-02
-4.817344549232371875e-02
-4.882057904422637540e-02
-4.892581883271013288e-02
-4.902249591556895325e-02
-4.911037582829130832e-02
-4.918921599530018396e-02
-4.802117118874876800e-02
-4.786166772549577120e-02
-4.769506937086503973e-02
-4.752140398617960004e-02
-4.734053802477083961e-02
-4.715703659180187080e-02
-4.925876696712461200e-02
-4.698449634453177870e-02
-4.692602376839222211e-02
-4.707357241580434337e-02
-4.704411816686543402e-02
-4.699413832664400825e-02
-4.965116707128974793e-02
-4.963604568297513842e-02
-4.976553458803334440e-02
-4.980251815147818117e-02
-4.973772212847671348e-02
-4.971198077988925323e-02
-4.994810313106190502e-02
-4.989543362805082261e-02
-4.975266260721122880e-02
-4.970502026622314329e-02
-4.970438104176594374e-02
-4.960866173307959537e-02
-4.956934715895416899e-02
-4.943921957425806424e-02
-4.946208935298190834e-02
-4.943277237874438290e-02
-4.949025122620959172e-02
-4.951844308381742055e-02
-4.948744049440323423e-02
-4.941519726888637942e-02
-4.938231029330264477e-02
-4.938703165643537618e-02
-4.936432890857367362e-02
-4.931551877681050744e-02
-4.933100921626365487e-02
-4.930334757879639707e-02
-4.814630152999638257e-02
-4.826754866331262050e-02
-4.819710705562213482e-02
-4.830010827105968296e-02
-4.841123248853512751e-02
-4.834457665328434350e-02
-4.844639237627879069e-02
-4.854724463133097689e-02
-4.848446929575384035e-02
-4.858492209964099251e-02
-4.867537014321388078e-02
-4.861657627721877040e-02
-4.798518982559518697e-02
-4.804225568634978849e-02
-4.811639492227859360e-02
-4.871545238895386154e-02
-4.879538163636937265e-02
-4.874067610112364779e-02
-4.883772586202367316e-02
-4.890704019257158253e-02
-4.885653532158412693e-02
-4.895147390617043959e-02
-4.901009638861547613e-02
-4.896390951183920981e-02
-4.905641790687975679e-02
-4.910429144791311762e-02
-4.906254435500612132e-02
-4.915227060460153341e-02
-4.915217685867617758e-02
-4.918935851307398854e-02
-4.781697520199701401e-02
-4.795795880095671260e-02
-4.788020317930874459e-02
-4.764184230926943320e-02
-4.779241255628918772e-02
-4.771111503530733877e-02
-4.745995521827034436e-02
-4.761991149598254758e-02
-4.753512959237127244e-02
-4.727140036628940667e-02
-4.744055584383394253e-02
-4.735226656692886893e-02
-4.707603513106639603e-02
-4.725424546678885784e-02
-4.716237401548489805e-02
-4.687482967660178135e-02
-4.706131329721402468e-02
-4.697069369090761670e-02
-4.923873756864288742e-02
-4.926502402751969933e-02
-4.923253668390703552e-02
-4.653923660490505432e-02
-4.667407527096517628e-02
-4.686394597643162019e-02
-4.669987074290876672e-02
-4.688215818709617899e-02
-4.681201211652713523e-02
-4.973981940769006682e-02
-4.969316421276892548e-02
-4.969764625039163608e-02
-4.970948195381091894e-02
-4.966740654250628717e-02
-4.967822321275522368e-02
-4.986404339282834997e-02
-4.981672296284395118e-02
-4.985500357511973846e-02
-4.975932049832426651e-02
-4.990713579731520522e-02
-4.974687883403822175e-02
-4.966670307372217374e-02
-4.964617293773299078e-02
-4.962930265223325366e-02
-4.961151902519755907e-02
-4.960186496029594938e-02
-4.957911138928688954e-02
-4.946440513079308765e-02
-4.954438779742426080e-02
-4.954569682252008000e-02
-4.951723647611483425e-02
-4.941087776556846167e-02
-4.934921054277308095e-02
-4.927739415903897857e-02
-4.806541625687565933e-02
-4.822295509865787144e-02
-4.837307638212262617e-02
-4.851555515096739324e-02
-4.865015274208062124e-02
-4.790067002034498200e-02
-4.877661766798685461e-02
-4.889468665628671218e-02
-4.900408581444265499e-02
-4.910453192675318101e-02
-4.919573387348752380e-02
-4.772891031222620262e-02
-4.755031212256577433e-02
-4.736500591948994421e-02
-4.717295815544864102e-02
-4.697446250422238068e-02
-4.678538858776981613e-02
-4.673172970043704133e-02
-4.661774680520774927e-02
-4.972510016304537706e-02
-4.968865369327390979e-02
-4.983527909763657560e-02
-4.979984190240888120e-02
-4.984842101664238578e-02
-4.979355791252026986e-02
-4.991402598189587092e-02
-4.993213003743368628e-02
-4.989084978870156339e-02
-5.002306857841054555e-02
-4.998625685493446325e-02
-4.984244844588781032e-02
-4.978997767177234524e-02
-4.979660598021218298e-02
-4.963968275496344340e-02
-4.957851606741403572e-02
-4.942255940348616594e-02
-4.945629469575191228e-02
-4.943065387951373069e-02
-4.946634399799565429e-02
-4.950557217235657115e-02
-4.947799136110048179e-02
-4.940231554872365205e-02
-4.934366858364525044e-02
-4.936323325700314735e-02
-4.932971936943653102e-02
-4.925493156838856024e-02
-4.928544538134665975e-02
-4.924694539597551657e-02
-4.787190389259937673e-02
-4.792845136958218122e-02
-4.800888968210320629e-02
-4.804604411808444109e-02
-4.817291956407748765e-02
-4.809610148064696888e-02
-4.821298898887960149e-02
-4.832958807696074999e-02
-4.825650085363275554e-02
-4.837247457534138428e-02
-4.847864719529465516e-02
-4.840940861687703656e-02
-4.852422161334957185e-02
-4.861983455798979392e-02
-4.855456919081213574e-02
-4.769081550482062726e-02
-4.775377538420766399e-02
-4.783773124829748813e-02
-4.866793661168972163e-02
-4.875287452665971744e-02
-4.869171322743592878e-02
-4.880331310254548693e-02
-4.887747935517888775e-02
-4.882055872251916950e-02
-4.893003301771287061e-02
-4.894081225271118551e-02
-4.899335049139635911e-02
-4.904776821212553095e-02
-4.910018002479965560e-02
-4.905217035416808979e-02
-4.915618212752542737e-02
-4.919765225767164241e-02
-4.915432103421518706e-02
-4.750300782300892477e-02
-4.757228114080080950e-02
-4.765966104401136993e-02
-4.730866420292401120e-02
-4.747487330863153776e-02
-4.738414845772898065e-02
-4.710804076842495247e-02
-4.728356894634200280e-02
-4.718954019684640233e-02
-4.690130248229879006e-02
-4.708583725554060795e-02
-4.698844642816868422e-02
-4.668726299336817265e-02
-4.688110137833884083e-02
-4.678078782324018858e-02
-4.647484273808943911e-02
-4.667402807082243754e-02
-4.658689164017754125e-02
-4.628490045749894533e-02
-4.641239248494261060e-02
-4.649092472625715455e-02
-4.979857067220433420e-02
-4.975392477437001748e-02
-4.976889542184775861e-02
-4.974531674066962061e-02
-4.972775919876448736e-02
-4.970625739390333031e-02
-4.987479017611634591e-02
-4.983676553641847029e-02
-4.997010609381113966e-02
-4.981915142165249666e-02
-4.968075628282664358e-02
-4.967416630266585642e-02
-4.964638080669425690e-02
-4.960325015000488502e-02
-4.960782268972302456e-02
-4.957405500096839779e-02
-4.944403921004375535e-02
-4.951361581131968892e-02
-4.952942108280716793e-02
-4.948986873555727417e-02
-4.938324992912729305e-02
-4.929965964290611291e-02
-4.920587517464825034e-02
-4.778098330847246888e-02
-4.795868532651753613e-02
-4.812931245165724681e-02
-4.829260870036083952e-02
-4.844830217921819449e-02
-4.859610619610232884e-02
-4.759644573385679589e-02
-4.873572045672047715e-02
-4.886683236889610704e-02
-4.898911849645537497e-02
-4.910224616343661364e-02
-4.740528854099901324e-02
-4.720773292764374185e-02
-4.700395407342106147e-02
-4.679349232024282434e-02
-4.658000766895109557e-02
-4.637796093629786842e-02
-4.977211113784457686e-02
-4.971371644861061201e-02
-4.987638310280390064e-02
-4.996951288206774588e-02
-4.994355713765846749e-02
-4.999708258160096008e-02
-5.006499845746276156e-02
-5.004515265673725732e-02
-4.989382529675562283e-02
-4.984570242572522458e-02
-4.986688572747988157e-02
-4.964269171804752689e-02
-4.955909860525853361e-02
-4.937640427063810789e-02
-4.942124017264826197e-02
-4.939919841288242797e-02
-4.941304828705106456e-02
-4.946357495614528421e-02
-4.943933686020146601e-02
-4.935989097412485371e-02
-4.927510952451635839e-02
-4.930967725119389522e-02
-4.926516578758249887e-02
-4.916403973135891059e-02
-4.920974278111617251e-02
-4.916023787090884056e-02
-4.756555359769787383e-02
-4.771848731217098738e-02
-4.762807553936099225e-02
-4.776002219215902400e-02
-4.781588060522667938e-02
-4.790285335066057915e-02
-4.794765636268177866e-02
-4.799679390277211688e-02
-4.808020255225625705e-02
-4.812816216779497447e-02
-4.817054484759669686e-02
-4.825025570689100984e-02
-4.830122788144847190e-02
-4.833684551693473441e-02
-4.841271706718625056e-02
-4.846652530729106401e-02
-4.849539209192393896e-02
-4.856727555817069719e-02
-4.736457414715172787e-02
-4.743365397911286641e-02
-4.752738849030885282e-02
-4.862371124312347970e-02
-4.871360611818104092e-02
-4.864586613727073239e-02
-4.877242898625777645e-02
-4.885137111675141863e-02
-4.878793597306124719e-02
-4.891230999406520619e-02
-4.898022196158569042e-02
-4.892125819406351050e-02
-4.904297574578714292e-02
-4.909980087800086546e-02
-4.904547937027675664e-02
-4.715749378259881386e-02
-4.723291102894838778e-02
-4.732987455542803090e-02
-4.694561098873328842e-02
-4.702665540755340823e-02
-4.712671322303474408e-02
-4.672452208140542851e-02
-4.691597041082523623e-02
-4.681279283261269297e-02
-4.650145243174658161e-02
-4.670090301133061894e-02
-4.659415531419547341e-02
-4.627132748234408233e-02
-4.647874073060953570e-02
-4.637282897377587032e-02
-4.604438215179651461e-02
-4.625845290123548059e-02
-4.616380519881402300e-02
-4.982720974199594810e-02
-4.981223788873440084e-02
-4.978618535077011797e-02
-4.975453094204118631e-02
-4.975031133071111666e-02
-4.971788657045417281e-02
-4.990653846465759047e-02
-5.001894229457098939e-02
-4.993082686044697516e-02
-4.985922021798000481e-02
-4.966672078415129699e-02
-4.967425492221078098e-02
-4.963526599014306262e-02
-4.956628288008835259e-02
-4.958527664673939572e-02
-4.954021705415490029e-02
-4.939423554871213984e-02
-4.945357042723708130e-02
-4.943317139051439657e-02
-4.948407482177957784e-02
-4.932591504960581741e-02
-4.921999415611039153e-02
-4.910387468878690820e-02
-4.746463736436312697e-02
-4.766245845110989032e-02
-4.785360258413584589e-02
-4.803776235835793829e-02
-4.821463455201852044e-02
-4.838389881968058193e-02
-4.854521910867054535e-02
-4.726050142270615817e-02
-4.869824510830000897e-02
-4.884261380841115052e-02
-4.897795129540560843e-02
-4.705092992338516522e-02
-4.683454745392556795e-02
-4.661236631198933944e-02
-4.638557864535047814e-02
-4.615638706467156682e-02
-4.979110193769031856e-02
-4.971139414253117339e-02
-4.998433684297609592e-02
-5.002486301724479167e-02
-4.997795594222076421e-02
-5.007138492929297247e-02
-5.006984859690316592e-02
-4.993972158474713208e-02
-4.990649585364265173e-02
-4.986641566497901357e-02
-4.989896543365029968e-02
-4.961730627138188909e-02
-4.951069165377430803e-02
-4.930037965268629918e-02
-4.933806385959982332e-02
-4.935655853412490579e-02
-4.932993854304207337e-02
-4.937108445061633155e-02
-4.939203321223700760e-02
-4.928757452846449505e-02
-4.917624678194465471e-02
-4.917030674407601998e-02
-4.922600830932849503e-02
-4.904244617185576915e-02
-4.904285269134839309e-02
-4.910353451260945912e-02
-4.722678618660064442e-02
-4.739589905178637208e-02
-4.729555727491596695e-02
-4.744158501450340681e-02
-4.760059944231559426e-02
-4.750347519834963173e-02
-4.764994345218320770e-02
-4.770491713659463784e-02
-4.779866067417698483e-02
-4.785153959649801614e-02
-4.798977483833133384e-02
-4.789956045218057845e-02
-4.804603149699648856e-02
-4.817361470238601395e-02
-4.808708703474101620e-02
-4.823305785573650528e-02
-4.834983523834657237e-02
-4.826716027227628825e-02
-4.841224010204497885e-02
-4.851807531636814774e-02
-4.843942666979128564e-02
-4.700585077685054403e-02
-4.718487220842670915e-02
-4.708152293014650214e-02
-4.858318398825145490e-02
-4.867795921121687019e-02
-4.860351741301732753e-02
-4.874548132066020001e-02
-4.882909823976316899e-02
-4.875904993140167676e-02
-4.889871197022860327e-02
-4.897109280377059948e-02
-4.890562977402129752e-02
-4.677881955766816091e-02
-4.696783707945778596e-02
-4.686208740073799506e-02
-4.655854505573103763e-02
-4.675158688303965304e-02
-4.664132048788199869e-02
-4.631742555471346501e-02
-4.640942807913017720e-02
-4.652081741596270081e-02
-4.607695489712831938e-02
-4.617417130059625618e-02
-4.628901530090384631e-02
-4.582243500888438792e-02
-4.604651931598685577e-02
-4.593339694876580337e-02
-4.983021506060003603e-02
-4.982842038511398064e-02
-4.979250093585696479e-02
-4.973527317573656070e-02
-4.970131231078550593e-02
-4.974545953331349635e-02
-5.003003139635853191e-02
-4.994470677989981677e-02
-4.986739172125370656e-02
-4.962414081809529698e-02
-4.959553719078207967e-02
-4.964605392926951799e-02
-4.950014878466091339e-02
-4.947715904254917918e-02
-4.953379676478780747e-02
-4.931459459865472628e-02
-4.936377474215586370e-02
-4.940921524935948383e-02
-4.934669359354604268e-02
-4.923849257919205025e-02
-4.910982200469848902e-02
-4.897099059769882690e-02
-4.733381372075101678e-02
-4.711584147189967764e-02
-4.754549261009138883e-02
-4.775056791157000768e-02
-4.794870727414263234e-02
-4.813955852366330612e-02
-4.832275127429952466e-02
-4.849789877669946625e-02
-4.689182589141116519e-02
-4.866459937699879612e-02
-4.882243843683048423e-02
-4.666801839999329404e-02
-4.643755943206895331e-02
-4.619698271129746292e-02
-4.594943002573498303e-02
-4.978344710774285087e-02
-4.968068320146101779e-02
-4.997255910111719768e-02
-4.997996225173190199e-02
-5.002213442576763924e-02
-5.004073841218364960e-02
-5.005811720976799384e-02
-4.994048295911163171e-02
-4.989265825714722657e-02
-4.986085595421418937e-02
-4.989762955602383698e-02
-4.956307245645119597e-02
-4.943282438247376120e-02
-4.919404792657189329e-02
-4.926181832294973528e-02
-4.924684442298016274e-02
-4.921652592796799119e-02
-4.929046403704723245e-02
-4.927277706273852642e-02
-4.918495435856495845e-02
-4.904663279071530546e-02
-4.911180924352864796e-02
-4.904471979483260302e-02
-4.888969448893992764e-02
-4.889435832057226206e-02
-4.896639359191268248e-02
-4.709023444709531381e-02
-4.726567978438434015e-02
-4.715840251428660146e-02
-4.685508644309110959e-02
-4.704064078406444693e-02
-4.693033173765087662e-02
-4.731935611451715262e-02
-4.748448952939821055e-02
-4.738039448552311406e-02
-4.754211594273971553e-02
-4.769673644282096392e-02
-4.759598446097690339e-02
-4.775814526911403846e-02
-4.790206389179402224e-02
-4.780482745624864416e-02
-4.796705073685847420e-02
-4.810009469868409271e-02
-4.800655612289511653e-02
-4.816842004420851531e-02
-4.829043287766848769e-02
-4.820078340138900241e-02
-4.836182273839356727e-02
-4.838710473799068268e-02
-4.847266604894601150e-02
-4.661419778430409000e-02
-4.680969229619486027e-02
-4.669635458049969934e-02
-4.854681212553280112e-02
-4.856509953572624161e-02
-4.864636633589269898e-02
-4.872292698133379174e-02
-4.873433292715467768e-02
-4.881109269914385429e-02
-4.638179108588780242e-02
-4.646978886681796261e-02
-4.657965925169893495e-02
-4.614672924753648875e-02
-4.623190449724579043e-02
-4.635214428631312389e-02
-4.590360392244358101e-02
-4.599026816288015462e-02
-4.611030661032683442e-02
-4.562481674465201920e-02
-4.585112151182191287e-02
-4.572391905870154538e-02
-4.980798160145005760e-02
-4.977223506322947522e-02
-4.982015442833709340e-02
-4.968745755425674204e-02
-4.965633648382888898e-02
-4.971245074586072565e-02
-5.000955884104163474e-02
-4.993123178489272673e-02
-4.985069486688703533e-02
-4.955241751638211900e-02
-4.958908059051103656e-02
-4.952667522214310170e-02
-4.940431711128850933e-02
-4.938438348049356552e-02
-4.945290113816669386e-02
-4.920465334983187278e-02
-4.924368200596274114e-02
-4.930433154018226682e-02
-4.922991919520824933e-02
-4.912053979889974276e-02
-4.896869081705779170e-02
-4.880676244910758799e-02
-4.720448523822234899e-02
-4.697224447763820310e-02
-4.673413412000282374e-02
-4.743053250090190076e-02
-4.765003110151938559e-02
-4.786259979402729403e-02
-4.806783522645746709e-02
-4.826531564291963727e-02
-4.845460223493314178e-02
-4.649713807478450533e-02
-4.863524034528188267e-02
-4.626325619321103311e-02
-4.602469455570412649e-02
-4.576442924014828550e-02
-4.974959768643344438e-02
-4.962134108365195972e-02
-4.990982880070310435e-02
-4.997413985437804129e-02
-4.994218502427799633e-02
-4.997282547553094645e-02
-5.000827206596170083e-02
-4.989896451282849199e-02
-4.985754402002473551e-02
-4.947947007989766943e-02
-4.932496738043695705e-02
-4.905690955923625030e-02
-4.912507194922904885e-02
-4.913652561936687757e-02
-4.907225924531066763e-02
-4.914389527836160454e-02
-4.915832230809979997e-02
-4.905155719988657514e-02
-4.888576040320086191e-02
-4.888792301720573663e-02
-4.896660236048711035e-02
-4.870527088652337744e-02
-4.871426585522531383e-02
-4.879783469428367049e-02
-4.695537746652339584e-02
-4.713717411468065777e-02
-4.702271207282476828e-02
-4.670589842585814999e-02
-4.678033039304052565e-02
-4.689776531736999932e-02
-4.645240884976775675e-02
-4.653315071688157722e-02
-4.665339595841727638e-02
-4.719935973375150029e-02
-4.737062914721501539e-02
-4.725930359259672420e-02
-4.743704085127881109e-02
-4.759755500071899403e-02
-4.748955564671369922e-02
-4.766797612023282449e-02
-4.781754732390719465e-02
-4.771307097227650562e-02
-4.789172308675332390e-02
-4.792943061679949546e-02
-4.803017490752486962e-02
-4.810781922285645162e-02
-4.813819502542965312e-02
-4.823499073518910940e-02
-4.831577924428320792e-02
-4.843152943890394191e-02
-4.833890767756260365e-02
-4.619099363860279528e-02
-4.640215001835895636e-02
-4.628609798559663036e-02
-4.851510173205575427e-02
-4.861930893519272878e-02
-4.853109418139456288e-02
-4.596017984492711816e-02
-4.616936855090647551e-02
-4.605246588164618737e-02
-4.572667943365471555e-02
-4.593652250492258338e-02
-4.581534565500605671e-02
-4.545551000440839484e-02
-4.568003781211232850e-02
-4.554067634560865496e-02
-4.976281664119941439e-02
-4.972575935140743919e-02
-4.978745431013881229e-02
-4.961533711781734857e-02
-4.965278867462241674e-02
-4.958435349899520395e-02
-4.994157337869392643e-02
-4.983696336407483773e-02
-4.945102072796447867e-02
-4.942816694978047209e-02
-4.950275303765405699e-02
-4.927855906924377694e-02
-4.926147345195958094e-02
-4.934218093750353251e-02
-4.906388751450346808e-02
-4.909271855918850846e-02
-4.908227550568039499e-02
-4.916885289638944778e-02
-4.897155321588736454e-02
-4.879608972760024477e-02
-4.861067349628378498e-02
-4.707712588871171278e-02
-4.683023068024239066e-02
-4.657859929985824765e-02
-4.632104191803132487e-02
-4.731807337443816319e-02
-4.755249019954022049e-02
-4.777994211945602032e-02
-4.799996846143050888e-02
-4.821209740005172328e-02
-4.841583560337642256e-02
-4.607372540421939000e-02
-4.584195436164978377e-02
-4.559164875264920536e-02
-4.969134466277941309e-02
-4.953480113676606011e-02
-4.985937043927823886e-02
-4.988219450654918230e-02
-4.991275585625504219e-02
-4.986346948457143213e-02
-4.992121644554264881e-02
-4.980944166956535746e-02
-4.936608397702491047e-02
-4.918667517511832177e-02
-4.888840442559427846e-02
-4.898012469996659846e-02
-4.897221710188076615e-02
-4.889650023594488415e-02
-4.898385625753859385e-02
-4.899498732068330309e-02
-4.888684975218182682e-02
-4.869306529149125540e-02
-4.869937702357168829e-02
-4.878985156834270143e-02
-4.848860699104928784e-02
-4.859731626784641323e-02
-4.850203126257984776e-02
-4.682269379654324659e-02
-4.688893001815880313e-02
-4.701087017840194227e-02
-4.655819813190031908e-02
-4.675617713470425763e-02
-4.663166004794222497e-02
-4.628781351425037549e-02
-4.636938457661810009e-02
-4.649575717244580630e-02
-4.602589435593268385e-02
-4.610901396843852806e-02
-4.623924240324056578e-02
-4.708218757662219200e-02
-4.714072848643457991e-02
-4.725952846153219644e-02
-4.733530954734488372e-02
-4.738616105623494335e-02
-4.750163630427828299e-02
-4.758158963907738181e-02
-4.762482077582486095e-02
-4.773675195608517718e-02
-4.782059963788126700e-02
-4.796438337673991636e-02
-4.785623742203048980e-02
-4.805180895349997483e-02
-4.818403884157446138e-02
-4.807992429424129410e-02
-4.827466461906654294e-02
-4.839519587177143478e-02
-4.829536590276362062e-02
-4.567934583274474436e-02
-4.593332514418552170e-02
-4.581697725916655806e-02
-4.557192055606312797e-02
-4.564848549699113134e-02
-4.576387305423346152e-02
-4.531838588756054165e-02
-4.552332227036531842e-02
-4.538757080795197130e-02
-4.970920042796950211e-02
-4.973599940828077326e-02
-4.966064193243291403e-02
-4.951164529643764523e-02
-4.948191595620915484e-02
-4.956463315532205760e-02
-4.986182645039177741e-02
-4.978150159316924173e-02
-4.932228791599585493e-02
-4.938753645724774932e-02
-4.930070675518966050e-02
-4.912122129113821734e-02
-4.920062497987309769e-02
-4.910735334627808202e-02
-4.889170889610094939e-02
-4.891050093844490076e-02
-4.890318639960272717e-02
-4.900211048486868837e-02
-4.879097028930606816e-02
-4.859145126166625195e-02
-4.838215298886389126e-02
-4.695224302390044180e-02
-4.668973681917870655e-02
-4.642142700215029505e-02
-4.615582255202238526e-02
-4.585100185795110139e-02
-4.720865858885364696e-02
-4.745850557106540135e-02
-4.770128759191255563e-02
-4.793651074504801102e-02
-4.816365103558067906e-02
-4.562028490971309358e-02
-4.544539020612425873e-02
-4.961008466360899982e-02
-4.941864196044332136e-02
-4.978408787095978116e-02
-4.971717679797005296e-02
-4.979286391054166261e-02
-4.922278599567803115e-02
-4.901689507960277359e-02
-4.868792204696509307e-02
-4.878769232478746831e-02
-4.879199305284381838e-02
-4.868863232450482137e-02
-4.879200745267103789e-02
-4.879983940027393663e-02
-4.869024383071818285e-02
-4.846792767344915154e-02
-4.858096242365517181e-02
-4.847848934357379402e-02
-4.823907165577340228e-02
-4.836424125255395223e-02
-4.825705819295011967e-02
-4.669318479975659297e-02
-4.688725771479707038e-02
-4.675766217114513124e-02
-4.641316784695243003e-02
-4.661673112913927719e-02
-4.648502388792596918e-02
-4.606289055042817049e-02
-4.630825998371140839e-02
-4.617254736557474537e-02
-4.591625795516918185e-02
-4.596953618362920047e-02
-4.609889925225452156e-02
-4.559057123225146446e-02
-4.581019427688126644e-02
-4.563240191216577646e-02
-4.696635373943264247e-02
-4.715073828084354046e-02
-4.702420339854773701e-02
-4.723581239102875307e-02
-4.740876688910028447e-02
-4.728555015142738016e-02
-4.749952997326173376e-02
-4.754064882748959553e-02
-4.766024770162358148e-02
-4.775427002745341598e-02
-4.790329607131188494e-02
-4.778755257035655069e-02
-4.800099126837303887e-02
-4.813815645051661152e-02
-4.802654983324633475e-02
-4.521703980047248050e-02
-4.544886763380862060e-02
-4.539439363214609058e-02
-4.526800875206987707e-02
-4.958232924572186784e-02
-4.954560866799351260e-02
-4.964239141142245959e-02
-4.938134600857130296e-02
-4.944561125514213007e-02
-4.934976934885493272e-02
-4.971369150935739389e-02
-4.915774114383819615e-02
-4.924019027059312048e-02
-4.913986819511556581e-02
-4.892358434491828056e-02
-4.891762619258943623e-02
-4.902364509965095873e-02
-4.868752177329022102e-02
-4.868864701841824072e-02
-4.868795062529940321e-02
-4.879960004167038790e-02
-4.857817407882969452e-02
-4.835415426218431234e-02
-4.812058220674125808e-02
-4.682930200888096861e-02
-4.655181972132593771e-02
-4.623421356001422566e-02
-4.598316659570123033e-02
-4.575365944305642696e-02
-4.516065286543996526e-02
-4.537637294351787309e-02
-4.541718365366947952e-02
-4.710096828080068132e-02
-4.736785591946568452e-02
-4.762723023529863431e-02
-4.787806513330677971e-02
-4.518647284608129366e-02
-4.964669880059041640e-02
-4.947851531210989418e-02
-4.926780836170352451e-02
-4.953824010086566032e-02
-4.962783300644851847e-02
-4.904233459283624530e-02
-4.880713935257841030e-02
-4.845464438692431708e-02
-4.857085648975295600e-02
-4.857147862062827226e-02
-4.844533936847955635e-02
-4.856667118282981255e-02
-4.856662877945072676e-02
-4.846109442352497521e-02
-4.820972193345668400e-02
-4.833928660900160823e-02
-4.822459920500776764e-02
-4.795592536901233105e-02
-4.809796968755802871e-02
-4.797868144734046547e-02
-4.656718029371009759e-02
-4.676602615836594756e-02
-4.663004620264582512e-02
-4.619907638255149607e-02
-4.644412197569652845e-02
-4.630325109693800290e-02
-4.602010473156348258e-02
-4.603536103429284321e-02
-4.621280269078253955e-02
-4.558643305179532756e-02
-4.582126821668708327e-02
-4.574773736689713433e-02
-4.558513560952526245e-02
-4.513356579525606982e-02
-4.536569103973953077e-02
-4.514453630207393431e-02
-4.684932914841588580e-02
-4.704160864312068036e-02
-4.690713369384524878e-02
-4.714446588305787333e-02
-4.732199277820037242e-02
-4.719009123974687858e-02
-4.742231582337153029e-02
-4.746110425096711216e-02
-4.758869218198130691e-02
-4.769332576950924274e-02
-4.784755436207616119e-02
-4.772397670509359591e-02
-4.955709146673198395e-02
-4.945331868878399817e-02
-4.918259450066786442e-02
-4.916886578930435014e-02
-4.927970904190459578e-02
-4.896673602591938845e-02
-4.894646940544128411e-02
-4.906409733630395786e-02
-4.867908130001152855e-02
-4.880110059235481801e-02
-4.868149572342889142e-02
-4.844964733760442899e-02
-4.842184641199509532e-02
-4.843316370767425383e-02
-4.855370870436431785e-02
-4.833241359544748761e-02
-4.808346473372643315e-02
-4.782526459036373634e-02
-4.670655635645593051e-02
-4.637992351721492712e-02
-4.610227569416985860e-02
-4.563813319462001195e-02
-4.582500819140405968e-02
-4.584695475940142595e-02
-4.560526202808978802e-02
-4.536017296068783899e-02
-4.699620164225326580e-02
-4.728366931250760352e-02
-4.755836700456511634e-02
-4.931775935126964105e-02
-4.942458193485299578e-02
-4.934650719089578308e-02
-4.924486616303219710e-02
-4.907518419606299309e-02
-4.882345587169528711e-02
-4.854651211026500546e-02
-4.818816696234706765e-02
-4.831659035176633088e-02
-4.832106115099688015e-02
-4.814995693370294205e-02
-4.829786128271190693e-02
-4.828504600263566759e-02
-4.819887679041767736e-02
-4.792333820321170723e-02
-4.793963982147630976e-02
-4.806652047158543883e-02
-4.764149313875665204e-02
-4.766750862721502724e-02
-4.779913902887344967e-02
-4.641044594683396696e-02
-4.648714069775955471e-02
-4.662687759334799287e-02
-4.619420433069171272e-02
-4.619072769287607683e-02
-4.637791165346011324e-02
-4.571413626139597675e-02
-4.595288328921554033e-02
-4.586339723421350989e-02
-4.566823218999604972e-02
-4.516344789588061515e-02
-4.539697958984806325e-02
-4.537123710833795842e-02
-4.514489758255579854e-02
-4.667049558772901063e-02
-4.691012132398630907e-02
-4.676126105999384164e-02
-4.706165759635938528e-02
-4.710385215300111339e-02
-4.724266120086761944e-02
-4.736153485619404302e-02
-4.739204932770402223e-02
-4.752766112321077374e-02
-4.906406671035135059e-02
-4.918738794711075002e-02
-4.911972155464877643e-02
-4.901243263127530447e-02
-4.877318986509299181e-02
-4.887352604499195508e-02
-4.872349609274140292e-02
-4.836411087281095034e-02
-4.839223076585741357e-02
-4.852156891256492743e-02
-4.816913366679792530e-02
-4.812251536613015857e-02
-4.813655421014928493e-02
-4.827259771946618150e-02
-4.805567806257493579e-02
-4.778278379894218553e-02
-4.750174018852765245e-02
-4.653848974273111505e-02
-4.629722298254979052e-02
-4.579424045303670532e-02
-4.599368191863600908e-02
-4.599041265284919966e-02
-4.574743876758402550e-02
-4.522993401508351718e-02
-4.546789861636069130e-02
-4.543028842085383712e-02
-4.518906455435400815e-02
-4.686813080073348736e-02
-4.721218159112816615e-02
-4.891919632683638941e-02
-4.847202576562537057e-02
-4.862388261306083148e-02
-4.857282052677902584e-02
-4.841520007784350099e-02
-4.824373814402871385e-02
-4.787048818070549494e-02
-4.802958029397402795e-02
-4.801040737247885826e-02
-4.781975315171915764e-02
-4.797184021302952628e-02
-4.798510250321319504e-02
-4.789708828274408248e-02
-4.759831294267613533e-02
-4.761953180176670131e-02
-4.776022112758204763e-02
-4.730436203799881500e-02
-4.733255384444795544e-02
-4.747232025869507765e-02
-4.617587580776594258e-02
-4.642402098863668281e-02
-4.629077091377714614e-02
-4.595818857635630694e-02
-4.607347660136895673e-02
-4.618092434223364240e-02
-4.586948603515772493e-02
-4.534089955182074583e-02
-4.556280834605436203e-02
-4.552343511459344683e-02
-4.527713664336763255e-02
-4.674154268658536893e-02
-4.670479932457011207e-02
-4.690109460242991579e-02
-4.701234222112066208e-02
-4.703685606601876179e-02
-4.718647505420980881e-02
-4.814535791349933147e-02
-4.830715047456013433e-02
-4.825275378658094860e-02
-4.813226595164382671e-02
-4.784527110728536980e-02
-4.780271286391302166e-02
-4.796467933956538587e-02
-4.781176070520298804e-02
-4.773387541340967655e-02
-4.745029543556278373e-02
-4.715737123782165474e-02
-4.636237301479440021e-02
-4.626598659439695727e-02
-4.651894467119410681e-02
-4.606107343940274435e-02
-4.549410963368122340e-02
-4.572126193214515189e-02
-4.564063259210870971e-02
-4.540894019316465968e-02
-4.687580401453439460e-02
-4.655133276623746319e-02
-4.797496955605062841e-02
-4.752018854793371716e-02
-4.769583930422882645e-02
-4.767034386678981051e-02
-4.746191729909116086e-02
-4.763409407136404150e-02
-4.764075459765815257e-02
-4.755949002390724711e-02
-4.721166456055680971e-02
-4.725762494737645314e-02
-4.740442552515028440e-02
-4.691528422786422903e-02
-4.710851580680897044e-02
-4.696323408688801715e-02
-4.591656784581149564e-02
-4.613840560618226450e-02
-4.604422445254058305e-02
-4.568599239383136501e-02
-4.592736650523759900e-02
-4.581930670714889908e-02
-4.558236069368926113e-02
-4.663365496163118795e-02
-4.668628760048454396e-02
-4.682131042218740102e-02
-4.649582244064925929e-02
-4.749110373820220055e-02
-4.736565073110365898e-02
-4.706177041171744069e-02
-4.677180551760140581e-02
-4.579558540551331713e-02
-4.617822136665478139e-02
-4.627173137564510874e-02
-4.604420867660341532e-02
-4.640497155119521766e-02
-4.711974227148457706e-02
-4.729133278790176309e-02
-4.732072574060736114e-02
-4.716588574112401400e-02
-4.678848638309729413e-02
-4.699977945291511361e-02
-4.685155111544636597e-02
-4.647338256351551955e-02
-4.669315416505648297e-02
-4.655258188961369781e-02
-4.632402466878748903e-02
-4.695411272373212208e-02
-4.662944128239498998e-02
