1.486351235823623824e+02
1.518296067050706597e+02
1.514563106247490509e+02
1.516925387546344837e+02
1.500513970116936662e+02
1.502188853679152203e+02
1.546009496436790869e+02
1.532310919783178065e+02
1.530951580272574688e+02
1.484406446666077102e+02
1.485413809318983169e+02
1.501231795713620158e+02
1.546830629619033743e+02
1.547295403620329068e+02
1.530963577512262077e+02
1.559607236084274575e+02
1.553292900228458109e+02
1.538554985391637615e+02
1.460303060299952733e+02
1.473234299108285654e+02
1.472291448253358794e+02
1.508940200422476892e+02
1.496617845751095786e+02
1.513568504195317246e+02
1.576370256604539293e+02
1.561449980158593860e+02
1.561057684998181969e+02
1.591928009774791235e+02
1.575219639308429009e+02
1.569127466256804269e+02
1.535486639573008745e+02
1.547212159492773367e+02
1.526967642699694636e+02
1.458705486594610079e+02
1.459550848050499781e+02
1.471572935315750783e+02
1.482123219737843272e+02
1.483174398926189212e+02
1.495368524522599785e+02
1.522173284331185528e+02
1.582969029536341452e+02
1.579738376243043660e+02
1.565252221273831594e+02
1.583946650233936850e+02
1.593017863975973114e+02
1.576001823336118264e+02
1.592535161607904399e+02
1.562097850123683997e+02
1.548551488727256356e+02
1.560860794797278857e+02
1.436552349909016471e+02
1.448365544527045472e+02
1.447618533375022309e+02
1.470350239229066176e+02
1.507958565702712974e+02
1.494876460530925613e+02
1.508448680496774728e+02
1.533398767515589327e+02
1.521051048322118504e+02
1.534461011394144521e+02
1.620287933118635806e+02
1.597484190133332334e+02
1.601238084380363205e+02
1.624883054421010797e+02
1.622106020708118024e+02
1.603906344425629413e+02
1.665590246964497680e+02
1.670473516117184545e+02
1.668497100075950925e+02
1.648115698425567643e+02
1.644129935725779319e+02
1.605014446536060007e+02
1.614418202011774781e+02
1.603174662937697690e+02
1.603435226500085946e+02
1.577438151621346378e+02
1.547647777972811696e+02
1.436252585321882691e+02
1.447475154721421404e+02
1.436435746959676294e+02
1.454155423466980608e+02
1.467984465812718042e+02
1.456468378775830388e+02
1.520593100983083730e+02
1.486969443227279726e+02
1.497347488879666457e+02
1.484538858675764743e+02
1.641053667851398643e+02
1.723418871820313143e+02
1.694294043317584908e+02
1.698238342655187125e+02
1.725961168708747948e+02
1.727170883840854856e+02
1.699464805058588297e+02
1.639138915789608291e+02
1.614836360332710115e+02
1.629407880449403478e+02
1.635338639130941658e+02
1.614228696003417269e+02
1.625023185916962518e+02
1.626786587284792915e+02
1.592413175877896094e+02
1.577056538373583692e+02
1.592857102836610750e+02
1.561075304084920958e+02
1.547085606529826123e+02
1.561647985689369875e+02
1.414740610272057211e+02
1.425589341400353192e+02
1.425472784508541508e+02
1.445263481043397746e+02
1.467679095544647794e+02
1.474791488232747838e+02
1.460966611107814117e+02
1.533666556613474938e+02
1.520667764221770426e+02
1.533576717338078481e+02
1.509728499998931568e+02
1.498205106515452485e+02
1.508870516075688499e+02
1.477173196507852140e+02
1.683121557780042679e+02
1.650384929299182488e+02
1.674007487571103070e+02
1.728941673514979414e+02
1.727304831457404646e+02
1.695810201504114332e+02
1.783112842410629355e+02
1.756106568986484149e+02
1.755176876592349515e+02
1.792068029571459249e+02
1.790576125053216003e+02
1.760605727923617110e+02
1.660382947593654421e+02
1.614241647125943473e+02
1.625195181711063697e+02
1.603614508773200384e+02
1.637484362171721557e+02
1.576704715093016773e+02
1.603382105829946056e+02
1.547350193234260587e+02
1.415889700622945497e+02
1.415329101577210338e+02
1.426026664546278653e+02
1.435414269620220011e+02
1.435893321791938320e+02
1.444868852845100662e+02
1.449527623167205661e+02
1.451853089681212623e+02
1.458591061810000156e+02
1.521662642227854292e+02
1.489011250628556127e+02
1.487947242769739091e+02
1.499302250875244624e+02
1.467377592634206849e+02
1.467498060008488210e+02
1.477068067947269867e+02
1.705286322918426549e+02
1.788436855489805453e+02
1.759063284833596867e+02
1.757048320196862221e+02
1.788806316414311937e+02
1.860200097083402966e+02
1.827095376041779389e+02
1.823403592573660603e+02
1.873620657954612625e+02
1.869497856713311990e+02
1.834896253613995043e+02
1.680713201333647362e+02
1.659481454105810769e+02
1.682062376676194617e+02
1.635999648202048888e+02
1.624914658412332642e+02
1.636058877195396803e+02
1.658229124712623275e+02
1.586458474926406552e+02
1.589537834669828840e+02
1.573724439187771793e+02
1.612592837407693480e+02
1.602417212307631758e+02
1.613509297364475685e+02
1.559132545255631044e+02
1.560179610782293764e+02
1.546318076017815315e+02
1.394532748985789112e+02
1.404584247729490301e+02
1.405171520147908950e+02
1.425695836024958965e+02
1.442559949027491939e+02
1.458370083585114685e+02
1.533807266033765018e+02
1.521679103688589692e+02
1.533802146444409971e+02
1.511089924045378154e+02
1.499932767093303596e+02
1.510460426071561244e+02
1.478032768597009863e+02
1.730896310972562162e+02
1.706397895106193516e+02
1.730109354905571593e+02
1.789690246215877494e+02
1.758433693628023207e+02
1.790599658289359866e+02
1.862169874829636456e+02
1.826836450859472052e+02
1.823529852193934175e+02
1.863453343135987836e+02
1.963520164536746506e+02
1.911428317843205207e+02
1.917252998180342729e+02
1.976399921798901289e+02
1.971743898160297874e+02
1.928432613867214229e+02
1.705795345767334368e+02
1.676558670072340078e+02
1.656341067323684513e+02
1.655997506765792764e+02
1.624379625788847932e+02
1.678926466141147387e+02
1.572879383891896055e+02
1.599637182135715534e+02
1.546527015508303293e+02
1.397259260809891543e+02
1.406488645851951276e+02
1.395909874042451975e+02
1.418828773121112761e+02
1.427128813235306950e+02
1.417336714119749388e+02
1.428996234748947529e+02
1.432193674214659325e+02
1.439224253117824617e+02
1.449067601372198624e+02
1.449269438925832674e+02
1.458130770273252210e+02
1.522482184206671150e+02
1.490761519893667355e+02
1.489831747912682260e+02
1.500899215003918243e+02
1.469712068792287027e+02
1.468505769454144456e+02
1.479263191796850094e+02
1.760288182749553414e+02
1.860252158820887018e+02
1.825267663346782570e+02
1.824291620717258695e+02
1.862816156610353175e+02
1.942529635643675476e+02
1.901220291911186564e+02
1.902690882283126541e+02
1.951351474088898499e+02
2.101826346614822683e+02
2.036144834733603659e+02
2.031645860118856035e+02
2.113577200690300799e+02
2.111417913009669292e+02
2.052132223375049591e+02
1.723861239136419670e+02
1.702079136057582218e+02
1.727618115553540008e+02
1.673769324289619647e+02
1.675504028640806951e+02
1.654706004025464381e+02
1.635626349742075263e+02
1.623889848996886940e+02
1.635768422279544154e+02
1.700488762591840555e+02
1.584214377160311642e+02
1.571646101038426195e+02
1.585443540715936308e+02
1.610885790990267594e+02
1.598679665488640467e+02
1.611897160744385360e+02
1.557405903624121208e+02
1.545579688090136870e+02
1.558355998370180373e+02
1.375639698305756724e+02
1.385052498846456217e+02
1.386417696574874867e+02
1.407951046541633389e+02
1.423948461807734702e+02
1.438955172447193149e+02
1.459248784901539864e+02
1.533287803787649750e+02
1.522155024206575433e+02
1.533619979798101554e+02
1.511601428113795578e+02
1.501094799609832080e+02
1.511406593623499077e+02
1.480083370258337823e+02
1.779438290809221144e+02
1.754990846807729667e+02
1.784871054891620190e+02
1.845486121938905058e+02
1.817538331054194316e+02
1.853379367649737048e+02
1.948204750891661661e+02
1.905101881479044437e+02
1.904834976860431652e+02
1.945867873813894562e+02
2.047227757007498212e+02
1.993253478831129826e+02
2.004422892630528850e+02
2.071675970758674055e+02
2.309777519543876281e+02
2.200193833641808681e+02
2.202141766988354732e+02
2.332269782199059591e+02
2.313922478411563759e+02
2.229498633372917880e+02
2.614523330832538477e+02
2.708382981756300296e+02
2.658034079781211290e+02
2.528888012986002707e+02
2.466411823359273114e+02
1.752039594642144493e+02
1.715197521482371599e+02
1.694642910379615444e+02
1.695642256877681007e+02
1.654702740944828463e+02
1.623331570230089085e+02
1.719551440455526290e+02
1.597727597631447907e+02
1.570935540619320818e+02
1.545449437833169952e+02
1.380533913772408425e+02
1.378115042142785569e+02
1.388795367762770070e+02
1.405297414392069584e+02
1.401293044893622834e+02
1.411933518474796188e+02
1.417034059167538089e+02
1.432025295399017182e+02
1.430487793547714261e+02
1.440468457830512250e+02
1.452031626499488652e+02
1.450514561874797437e+02
1.460787073294350478e+02
1.522524321638337881e+02
1.491997108662028211e+02
1.491319117204987492e+02
1.501808144680326791e+02
1.472130838798720163e+02
1.470874346412365696e+02
1.481370660663005481e+02
1.813122040682488603e+02
1.927628903962745142e+02
1.892430205405346157e+02
1.886310542638467496e+02
1.937166128356544732e+02
1.999653194547146029e+02
2.235239120857941089e+02
2.135399461346332544e+02
2.159194030416931582e+02
2.256364616554439806e+02
2.455456454475431087e+02
3.063752885466387283e+02
2.879979295980232337e+02
2.870820219020069999e+02
4.976654916483696525e+02
4.003012279301853482e+02
3.310715718189875929e+02
1.765917840989300771e+02
1.745016870474713357e+02
1.772942624800675162e+02
1.709136174890579980e+02
1.691504203450715806e+02
1.712325945204783579e+02
1.670194395730871406e+02
1.672184369417303458e+02
1.652819658724407077e+02
1.637384252103938422e+02
1.624080019322860835e+02
1.636655380005522886e+02
1.740853023659382472e+02
1.608463633869770035e+02
1.596376983409018919e+02
1.609793140782260537e+02
1.580512093752511760e+02
1.568998579376064981e+02
1.582468941522082844e+02
1.555098580684342835e+02
1.544212125623082841e+02
1.556338641341185678e+02
1.357862829376567788e+02
1.366742761370342691e+02
1.369200896056040051e+02
1.392833393796278187e+02
1.411604021141104113e+02
1.408453283341819713e+02
1.420220465588233765e+02
1.441910257705065987e+02
1.421723474045571436e+02
1.461950457681320756e+02
1.532365517072519197e+02
1.521987309046601808e+02
1.532903737501619617e+02
1.511830300624014001e+02
1.501849668159469502e+02
1.511785107776298673e+02
1.481930539394278981e+02
1.825978822472730769e+02
1.803074074072875987e+02
1.836024114388245323e+02
1.896813845411880948e+02
1.871908155877095510e+02
1.911183830466366089e+02
2.027849430421084378e+02
1.975176886288078606e+02
1.984926418295328574e+02
2.035424841419955158e+02
2.142913287713799377e+02
2.098794159106938366e+02
2.180925245855917183e+02
2.481017428707378940e+02
2.376143574667414669e+02
2.334420231177441565e+02
2.522818310629799328e+02
2.785567663630473589e+02
2.721022286239353889e+02
2.895424556735279680e+02
3.165566615742000636e+02
3.243450659811975925e+02
4.109166339619253563e+02
1.796663024403933662e+02
1.752697474671368809e+02
1.730969544858006657e+02
1.733409256037967054e+02
1.690028038384885463e+02
1.654035560420464321e+02
1.623159488920904892e+02
1.759073363291156795e+02
1.594697204236629773e+02
1.567978340178782446e+02
1.543870013871749336e+02
1.360082581155009791e+02
1.370276982941208814e+02
1.359011056172353165e+02
1.393807705670966186e+02
1.399500804008648061e+02
1.387202164120507746e+02
1.402646687851762977e+02
1.436020560773822012e+02
1.443958934269898577e+02
1.433994986486523260e+02
1.416319293392012639e+02
1.424107463146298471e+02
1.413945162410636840e+02
1.455033400710185560e+02
1.453492621123223785e+02
1.463521831886750988e+02
1.522205734217221220e+02
1.492720818988104838e+02
1.492290879306138152e+02
1.502278748410526532e+02
1.473945384833815524e+02
1.472986584866082183e+02
1.482918432970839717e+02
1.862454200308288534e+02
1.985121374497334443e+02
1.939838127841421169e+02
1.953577124313779905e+02
2.001204481851739274e+02
2.085082847462884388e+02
2.312594419690583152e+02
2.221611560967888295e+02
2.264258749808768982e+02
2.365888039522319843e+02
2.608824355536140729e+02
3.022085072108279746e+02
1.803449239678558911e+02
1.814874874730459453e+02
1.785188738349112612e+02
1.738864051207230546e+02
1.745566821547946006e+02
1.724271495714120874e+02
1.699416132542808953e+02
1.685021712953606254e+02
1.704499946023919961e+02
1.664454285176518340e+02
1.651045751827438153e+02
1.667518405941622746e+02
1.632075533303676593e+02
1.620396384624463337e+02
1.634860606491997146e+02
1.778366698968466437e+02
1.602213211832882962e+02
1.591488571614689818e+02
1.605431620879028571e+02
1.575722035709785587e+02
1.565502124398187789e+02
1.578206035321755962e+02
1.552078009418136162e+02
1.553669789536862424e+02
1.542282322692835237e+02
1.340995318605531565e+02
1.349453348525484273e+02
1.350594527444974915e+02
1.378407430498091344e+02
1.369265023755571633e+02
1.379423144646505079e+02
1.386102535722266964e+02
1.396145598717017435e+02
1.403826220584175530e+02
1.394971968328404159e+02
1.445421152938892533e+02
1.426075160202411496e+02
1.406159118497883469e+02
1.464384153241679769e+02
1.530875092871932566e+02
1.531695472612916546e+02
1.521387711992150003e+02
1.483199303205458932e+02
1.512008312094138205e+02
1.511992332789102136e+02
1.502315869780683499e+02
1.865467659376614336e+02
1.846665670304637672e+02
1.881235908062317606e+02
1.936497558213712011e+02
1.918167471643119768e+02
1.958084469261710296e+02
2.085913885826298326e+02
2.030627082813883248e+02
2.052471019538991754e+02
2.109731660194295273e+02
2.189630327503820126e+02
2.171111567721081599e+02
2.239914058079174026e+02
2.486563359189124469e+02
2.381872554910739836e+02
2.472634600340683164e+02
2.617808552285079031e+02
2.709005968716028860e+02
2.788877439519921495e+02
2.941956755229606983e+02
1.835443528137136582e+02
1.785573283324209797e+02
1.762092761427909124e+02
1.768255523488923302e+02
1.719711556230422786e+02
1.682382379758207946e+02
1.648612483551269463e+02
1.617426000772001942e+02
1.793922750528044787e+02
1.589205859329032648e+02
1.564095711580091290e+02
1.541636934634447869e+02
1.343597642538532853e+02
1.342332464729449555e+02
1.351863952848864869e+02
1.362147594055531954e+02
1.361138798385950395e+02
1.370273823744186359e+02
1.387244110897630378e+02
1.439525045456117596e+02
1.437738821246507541e+02
1.447234835258418286e+02
1.420942083529060085e+02
1.418602584851531958e+02
1.428428898859511378e+02
1.401145811674213348e+02
1.398624558544431693e+02
1.408680249424023145e+02
1.457075797226883367e+02
1.456021089944539995e+02
1.465516172130042776e+02
1.521570579448850253e+02
1.475756037508278382e+02
1.484120177157238913e+02
1.474753568960510108e+02
1.495572453563500517e+02
1.503790050732065993e+02
1.494063494518076425e+02
1.902235596246147793e+02
2.021791932641781955e+02
1.977567379761156019e+02
2.000241900065223604e+02
2.046038835711953539e+02
2.135591260079211224e+02
2.312195009345212782e+02
2.308157235375175276e+02
2.248120535690856912e+02
2.381810383457301441e+02
2.581216222661542474e+02
2.684174847551649350e+02
2.526088207878133289e+02
2.659558043166792345e+02
1.836011819475344566e+02
1.850852950990548891e+02
1.820602837873703663e+02
1.762191119492499922e+02
1.751092249586524758e+02
1.773210636208654591e+02
1.723324180873959222e+02
1.711792231610909312e+02
1.731272813831545534e+02
1.686893328143681003e+02
1.676005401628460163e+02
1.693278658033907220e+02
1.652968579940302618e+02
1.658792743420383715e+02
1.642806673140273119e+02
1.622233086222196334e+02
1.627219544724862885e+02
1.612445666264463284e+02
1.810850844375092663e+02
1.594457845147959176e+02
1.598404598169981057e+02
1.585265707862057241e+02
1.570186844101839085e+02
1.573026256307588824e+02
1.561256942080159149e+02
1.548384223490447198e+02
1.539720299381818336e+02
1.550302543759476066e+02
1.324840569730709205e+02
1.332954302766449644e+02
1.334283948215409907e+02
1.352918196785056750e+02
1.381112112755727708e+02
1.371620292265176886e+02
1.379736743613471788e+02
1.388591411369917523e+02
1.448228291098766647e+02
1.430144342282859498e+02
1.410958004020676810e+02
1.391058871598521023e+02
1.466333528825733481e+02
1.528738832028982131e+02
1.520439640968556319e+02
1.529875794473855706e+02
1.485537411223460253e+02
1.510994531550014415e+02
1.503230812325302850e+02
1.511537608636067489e+02
1.894634367293985520e+02
1.915396774123589125e+02
1.881424848947924886e+02
1.959449983653357776e+02
1.949904916218842743e+02
1.987029360332074930e+02
2.108317739275271379e+02
2.093291245439191925e+02
2.059932383923042778e+02
2.143924164122916523e+02
2.184964101021211889e+02
2.241418750866222354e+02
2.191031729568329922e+02
2.380000902157525218e+02
2.347686719212641435e+02
2.435671597848438523e+02
2.477607782333516013e+02
2.461138929451942374e+02
2.535776313158743562e+02
2.581618460596443470e+02
1.866372295230531222e+02
1.808544673189557273e+02
1.795952475442540219e+02
1.785051815236035964e+02
1.743415951693781949e+02
1.705608148380630666e+02
1.670366591568991623e+02
1.637963252919519164e+02
1.608613882916761213e+02
1.821285413997053126e+02
1.582567347913056324e+02
1.559489973947533201e+02
1.538730909537204070e+02
1.327886495369989461e+02
1.335781407809896564e+02
1.326401358863653570e+02
1.346613922375580614e+02
1.345138133894198234e+02
1.354428573302148493e+02
1.365779714678760399e+02
1.363935136589914805e+02
1.373385034138875369e+02
1.442091781671932154e+02
1.440778702180526238e+02
1.449563364870481053e+02
1.425153817461193171e+02
1.423017639177661238e+02
1.432297984525784216e+02
1.407070933689735170e+02
1.404083932743300807e+02
1.413961786639446814e+02
1.387638317667413617e+02
1.384354340795388794e+02
1.394343093963415754e+02
1.457064964842274435e+02
1.466285810044558104e+02
1.457051829298607970e+02
1.519974033062929095e+02
1.484808099708082807e+02
1.480327890441726026e+02
1.490115033565079727e+02
1.497782856813333865e+02
1.504423134580973738e+02
1.496626619948867187e+02
1.928199727579032299e+02
2.032817036934073371e+02
1.994568643153390610e+02
2.024447227282403787e+02
2.063175671523415531e+02
2.143989993667462670e+02
2.254859306256959144e+02
2.284538473408776440e+02
2.222421676518933396e+02
2.320888069167226320e+02
2.433587231245265627e+02
1.854697514177483697e+02
1.846535228269783318e+02
1.874487442198797851e+02
1.777950720807495202e+02
1.770778576257454233e+02
1.792188312228044822e+02
1.739787683827069600e+02
1.732129070183808892e+02
1.751026366142281745e+02
1.703826477722974460e+02
1.713587799463549572e+02
1.695854728221772234e+02
1.670754499283922883e+02
1.678848285983478945e+02
1.662273838175661069e+02
1.639761032715830424e+02
1.646377479921717395e+02
1.631320118592744848e+02
1.610444290800185740e+02
1.616348655720562704e+02
1.602719368629927033e+02
1.831482938339182454e+02
1.586437299408690080e+02
1.578496817709900313e+02
1.590501731515747679e+02
1.564260556280253240e+02
1.567282212098046159e+02
1.556465829854539606e+02
1.544035031768813155e+02
1.536499921357994651e+02
1.546265829165842831e+02
1.309219065887259603e+02
1.317080317052997032e+02
1.318633437839446856e+02
1.337317634797700521e+02
1.356214717643252357e+02
1.376636208739968197e+02
1.433555301871128904e+02
1.449539297424353208e+02
1.416034737158920507e+02
1.397280791192484912e+02
1.469590123155254844e+02
1.463312257897772497e+02
1.472591842547805072e+02
1.525958000967226553e+02
1.518527818609403823e+02
1.527399000066144765e+02
1.477097388101526576e+02
1.491191326049511474e+02
1.510880072925029083e+02
1.504296904381509705e+02
1.511000125954936664e+02
1.908663179427267949e+02
1.903201820938951414e+02
1.933569379223098963e+02
1.963839643704029641e+02
1.963582381849174681e+02
1.994792956643006789e+02
2.097634825828580176e+02
2.100080424271463926e+02
2.060563582290309910e+02
2.136659434506013326e+02
2.151328763561197377e+02
2.172235135863836888e+02
2.201188899813571140e+02
2.229925137178163652e+02
2.247504202910064350e+02
2.304838788927634710e+02
2.285818989315029626e+02
2.344777030525626174e+02
2.373166912027383546e+02
1.882564316582005404e+02
1.759473475676118142e+02
1.821059636760159037e+02
1.799119756254740139e+02
1.813615355620810305e+02
1.722307642234538889e+02
1.687749790377839076e+02
1.655632478281947044e+02
1.625371625020214879e+02
1.598738296869413205e+02
1.836626585737014068e+02
1.575588633014531865e+02
1.554349162275883600e+02
1.535159354740388835e+02
1.312266815092449121e+02
1.310776624834320501e+02
1.320123019454397593e+02
1.330393691726793008e+02
1.338546466141296492e+02
1.329163836127716252e+02
1.347634097338141430e+02
1.356670955179612008e+02
1.347140176463946091e+02
1.375980122614537891e+02
1.381756894174359331e+02
1.370868008701995393e+02
1.428512739285671955e+02
1.435271398616661997e+02
1.426802077303009071e+02
1.443655283163633953e+02
1.442834954557314688e+02
1.450336658515017803e+02
1.411724272335364390e+02
1.409366946818025212e+02
1.418393107158532302e+02
1.393941733231469300e+02
1.390765070402359527e+02
1.400470991955152158e+02
1.458212780030572731e+02
1.457606655797734447e+02
1.463898706105201768e+02
1.518539107798560224e+02
1.472183437475425478e+02
1.470850192102386131e+02
1.478473098002231723e+02
1.485767794359553875e+02
1.485256846671116193e+02
1.491757838520890971e+02
1.497767993388198420e+02
1.497727803874637971e+02
1.504374571647326206e+02
1.937106417540011591e+02
2.020255661281133825e+02
2.024407929498827343e+02
1.990737325470902306e+02
2.052780362844825390e+02
2.122669206361127578e+02
2.194186345624860905e+02
2.265658281121865798e+02
1.862602596866333613e+02
1.859910729019414362e+02
1.885259421035431728e+02
1.749312874695263247e+02
1.745226987429939811e+02
1.763543440407751461e+02
1.784162573438362074e+02
1.781910833073157505e+02
1.801325696813921979e+02
1.715777131870020469e+02
1.727708124541040320e+02
1.710390459049646097e+02
1.684150446918369823e+02
1.677965558434823379e+02
1.693955796186705243e+02
1.653832475430673981e+02
1.647196429990005697e+02
1.662215175858316343e+02
1.624782322239646533e+02
1.617952072036282516e+02
1.632232220552439799e+02
1.600510012614551556e+02
1.593709385253289668e+02
1.605507850612386562e+02
1.841499499177966186e+02
1.578381886306533488e+02
1.582451995196753671e+02
1.571516128774988772e+02
1.557907986161335714e+02
1.561128493136877182e+02
1.551131399243174087e+02
1.539283059400811169e+02
1.541698144376809410e+02
1.532726119004562690e+02
1.293990110322042142e+02
1.301663167439934625e+02
1.303213034532261929e+02
1.321394204207821588e+02
1.339066225331921487e+02
1.361071478146745619e+02
1.363387881273612265e+02
1.354372585971755996e+02
1.384894252635046712e+02
1.368472839842503106e+02
1.420038006478321222e+02
1.436010850481418970e+02
1.450867007280486121e+02
1.402764799589837423e+02
1.465127665279415226e+02
1.523580332482480344e+02
1.517289306569599319e+02
1.524831334225324042e+02
1.478927181169786707e+02
1.491710675013936225e+02
1.509493843238131774e+02
1.503627701003838126e+02
1.510240900093832295e+02
1.908344832331715111e+02
1.910031094614194842e+02
1.935436711860477317e+02
1.951633196164115134e+02
1.959410670011177444e+02
1.983029099625744891e+02
2.061550376554861543e+02
2.037940950971572533e+02
2.078042961700460296e+02
2.104246507660590737e+02
2.126810531828211026e+02
2.142453411673462824e+02
2.179039546089094017e+02
2.160394391417148938e+02
2.201605212727129697e+02
2.222475270041045405e+02
1.886259603853901581e+02
1.733020464563482221e+02
1.767280335822287611e+02
1.823727791714098032e+02
1.803394859789115401e+02
1.821245714815838141e+02
1.700413405790955608e+02
1.669437145951369814e+02
1.639591394820171786e+02
1.612958458599940741e+02
1.589711210766983527e+02
1.841792431347616343e+02
1.568375034543796005e+02
1.548799792169311900e+02
1.531587209253506217e+02
1.297240780315420636e+02
1.304815999636480512e+02
1.295649437506955337e+02
1.316116062968124538e+02
1.314204726293753822e+02
1.323292813834661956e+02
1.332616961327249783e+02
1.331499917600689287e+02
1.340138378716281693e+02
1.350095291360737235e+02
1.348853885293052599e+02
1.355580284529538915e+02
1.382140390532810841e+02
1.379033501257033834e+02
1.388010639835276265e+02
1.366212378637980009e+02
1.363625080883564635e+02
1.371071968277686324e+02
1.416096054107761404e+02
1.413879512627072472e+02
1.422260372375339728e+02
1.431777877855450356e+02
1.437682391745197208e+02
1.430111677750833792e+02
1.446332246860488056e+02
1.444958369339076683e+02
1.452254691382096610e+02
1.398942288428715131e+02
1.396409867988223255e+02
1.405290285521508622e+02
1.459534256396544549e+02
1.458826296288582114e+02
1.465841516276938421e+02
1.516694775163385316e+02
1.473027675287427485e+02
1.472566954803763792e+02
1.479407526680489866e+02
1.485556495267340154e+02
1.485631949949528234e+02
1.491688041979392949e+02
1.496807573683386465e+02
1.497253243936748959e+02
1.503245398530736452e+02
1.930580480595314725e+02
1.990772872863039993e+02
1.970224328488239678e+02
2.004122766075453512e+02
2.022263997265967816e+02
2.077115456294504838e+02
2.114290710557003194e+02
2.068242732051880921e+02
2.148684374465839824e+02
2.103956286053831377e+02
1.859558329000423385e+02
1.883482956113734303e+02
1.862317623711994656e+02
1.722134966747867111e+02
1.735572718795496883e+02
1.719575568643363965e+02
1.752657695474860589e+02
1.751689126282553559e+02
1.768207762340978775e+02
1.783950234384066960e+02
1.784870097594983918e+02
1.802459765772260880e+02
1.692877786655958516e+02
1.704240391854317238e+02
1.689062910432244564e+02
1.665955961712427325e+02
1.674929460976593987e+02
1.660319757198477078e+02
1.636430082287556331e+02
1.645039848390067334e+02
1.631042342547560224e+02
1.612077268089738880e+02
1.606585260915562401e+02
1.618419130811080606e+02
1.590357974153839677e+02
1.595454751323131859e+02
1.584607787704350130e+02
1.841120371572662577e+02
1.570064539142758804e+02
1.564186914926417842e+02
1.574251496312822667e+02
1.551676710938880035e+02
1.545641561479676227e+02
1.554836980950820760e+02
1.534691974953245222e+02
1.537023585279115707e+02
1.529219253977487938e+02
1.278986955247760307e+02
1.286559228089381008e+02
1.288204738609217372e+02
1.306740209295853674e+02
1.324388630422913877e+02
1.341347962777601879e+02
1.358118640271700315e+02
1.390475932604774698e+02
1.374120615642565326e+02
1.407437684106259894e+02
1.423857500826098317e+02
1.438983692565757906e+02
1.452868072797028560e+02
1.466227555564510965e+02
1.520851463579996334e+02
1.515279394511422595e+02
1.522289037985006814e+02
1.479270491480129692e+02
1.491180044518571890e+02
1.507318465322859993e+02
1.502122506042745442e+02
1.508452564359658084e+02
1.895506042190693563e+02
1.903214766140951042e+02
1.922880841739312245e+02
1.926259461221515039e+02
1.940220221383895023e+02
1.956333095695244708e+02
2.018795843524598581e+02
2.002266182308152622e+02
2.038782759239742006e+02
2.045665280985669767e+02
2.061272074530474470e+02
2.098097453091851321e+02
2.110570200868454549e+02
2.037482964717253822e+02
2.059265485619098968e+02
2.081766014559491111e+02
1.878005219159454100e+02
1.707906717357494415e+02
1.737808173371680027e+02
1.768741260794386960e+02
1.817775459523734867e+02
1.819794495010837352e+02
1.800366330272905770e+02
1.679759716723337419e+02
1.651308531631127607e+02
1.624571222725029713e+02
1.601499133581184253e+02
1.580457893085314254e+02
1.837341693648895387e+02
1.561095111262917783e+02
1.543370833252297700e+02
1.527934425381992583e+02
1.284329915482676654e+02
1.281677938875697009e+02
1.290846992632838521e+02
1.302673449310927936e+02
1.299951031957299676e+02
1.309418253167182513e+02
1.320807039645981149e+02
1.318447697469549951e+02
1.326719715030097007e+02
1.338417126322068782e+02
1.335499096025379231e+02
1.344255958751102185e+02
1.355372496017122046e+02
1.352713517865726658e+02
1.360781983118981202e+02
1.387414767489063365e+02
1.384745459164210786e+02
1.393134448497573317e+02
1.371610480832152916e+02
1.368886854305174836e+02
1.376854603828094241e+02
1.404002701815687715e+02
1.409999745464623402e+02
1.401446915878321988e+02
1.420620235019539734e+02
1.418327086406326316e+02
1.426164861518849420e+02
1.435504599848205487e+02
1.433614267527088089e+02
1.440905302123898366e+02
1.448479112136979552e+02
1.447367879351932061e+02
1.453999107989191373e+02
1.461272423354380408e+02
1.467157854610701975e+02
1.460367489011143505e+02
1.514221427618110738e+02
1.473201951218480019e+02
1.473079118766594320e+02
1.479407531726555192e+02
1.484457620191423928e+02
1.484976303050657975e+02
1.490681115428618568e+02
1.494804315634920329e+02
1.495784775178355801e+02
1.501167329165621140e+02
1.911239752190213608e+02
1.953131948618206479e+02
1.971422491008537463e+02
1.939390162348785225e+02
1.983341217953369835e+02
2.027289083202580002e+02
2.051760053730538402e+02
1.846171626421017322e+02
1.853872847201573961e+02
1.870309636795815322e+02
1.696243519085572871e+02
1.695112873534736480e+02
1.709030803996887187e+02
1.722892711100241172e+02
1.737559257759636751e+02
1.723135168963501656e+02
1.749928232743101262e+02
1.751982789030108734e+02
1.766683019668709562e+02
1.776604248479521289e+02
1.781039106585561740e+02
1.795915342428047552e+02
1.670924997061065653e+02
1.668871934614289785e+02
1.681654434118363213e+02
1.643720734994937516e+02
1.640527572126000848e+02
1.654607442175065160e+02
1.620939660653488659e+02
1.616837863099650292e+02
1.628626313988463039e+02
1.599850539410874148e+02
1.605956752222197110e+02
1.595372300686052824e+02
1.579851232898166700e+02
1.585105563384795175e+02
1.575194296141546602e+02
1.831392528004262772e+02
1.561473869302341200e+02
1.565787229663777111e+02
1.556776753901476411e+02
1.545061851680014229e+02
1.548405674838691368e+02
1.540022442128425837e+02
1.530159586466547523e+02
1.525625591851865011e+02
1.532474765385209423e+02
1.264058543630838187e+02
1.271619794809342778e+02
1.274303161744539494e+02
1.293546194149420785e+02
1.311746198182063949e+02
1.329592669943841088e+02
1.346864463258085891e+02
1.363452170383255009e+02
1.379457216316951644e+02
1.395622946235638437e+02
1.412242956076755718e+02
1.428003558183005737e+02
1.441940382234178912e+02
1.454831944388613749e+02
1.467212914014018565e+02
1.516675983834304020e+02
1.512115589733449497e+02
1.518788244046142779e+02
1.478827745315354036e+02
1.489660757546205900e+02
1.504081915948608525e+02
1.499525319458584534e+02
1.505718608383559172e+02
1.872479513276436478e+02
1.884966511340166448e+02
1.898694118255985188e+02
1.895985521354404000e+02
1.923443006711708563e+02
1.912209457315401551e+02
1.959650417793060626e+02
1.989741318597349391e+02
1.957288428887461009e+02
1.998341925706734514e+02
1.981073041837557582e+02
2.011875213666648676e+02
2.020514371868628416e+02
1.859523733115814821e+02
1.709916226834684778e+02
1.683799774401827278e+02
1.736753318777502386e+02
1.763585881500730466e+02
1.803838560185666609e+02
1.789726245690060864e+02
1.810037342270079819e+02
1.657373937140532405e+02
1.632633256653171543e+02
1.610677666292940842e+02
1.590096188072710675e+02
1.570879124821654216e+02
1.823816561042070248e+02
1.553475923204144067e+02
1.537770021948697945e+02
1.523567838218522184e+02
1.269393224295775298e+02
1.276900306345439304e+02
1.266728339159864873e+02
1.291235085688423680e+02
1.287769064328606703e+02
1.296984473537011695e+02
1.309365006249354906e+02
1.305998098323412648e+02
1.315099452476572424e+02
1.327589180949159697e+02
1.324176897902908934e+02
1.333003216684955134e+02
1.344676094513106364e+02
1.341522632083834026e+02
1.350017258156598245e+02
1.360848139299117747e+02
1.358084877710067531e+02
1.366222329276979224e+02
1.376638654485587665e+02
1.374094905425731099e+02
1.382014660238473027e+02
1.393683312084588977e+02
1.390549563896091172e+02
1.398804423000065924e+02
1.410523336310418756e+02
1.407234817884573204e+02
1.415538930907002566e+02
1.424689446596025846e+02
1.422619451454495731e+02
1.430081697775993348e+02
1.437744127813998603e+02
1.436589170333804475e+02
1.443107686418675542e+02
1.450298222145302987e+02
1.449356033623283224e+02
1.455794136240017451e+02
1.461948938027147733e+02
1.461577779726006270e+02
1.467600315820301375e+02
1.510508102854807362e+02
1.472906583219126730e+02
1.473022769726269701e+02
1.478723128793573949e+02
1.483160224168118475e+02
1.483789728087440380e+02
1.489049637796143202e+02
1.492259129546446275e+02
1.493538453171137519e+02
1.498268382881060461e+02
1.884687133260620442e+02
1.914204533222149394e+02
1.933773843276940454e+02
1.905790186255560172e+02
1.937902956283814433e+02
1.973074065176672605e+02
1.824645486677629265e+02
1.836231933561957703e+02
1.848104792465742605e+02
1.695476075827086504e+02
1.708992324164992738e+02
1.696406887069013578e+02
1.672444810988733650e+02
1.684024018032529284e+02
1.672101250922151792e+02
1.718479595275325664e+02
1.733956914436323586e+02
1.721290056364619829e+02
1.741331724072880718e+02
1.746251857311192452e+02
1.758670270938574163e+02
1.762847632601929888e+02
1.770370235117887603e+02
1.782223958250798148e+02
1.647887832915456272e+02
1.659110787084028686e+02
1.646249509422324877e+02
1.626832252140778223e+02
1.624229491577732745e+02
1.635195053240222762e+02
1.606826212040442101e+02
1.613855239706840905e+02
1.603641351752993387e+02
1.587306409264290608e+02
1.593547376381475260e+02
1.583839668908827036e+02
1.568778237888635374e+02
1.574294289352638998e+02
1.565356834689360142e+02
1.813701100618896476e+02
1.552782927240951949e+02
1.549118865213308993e+02
1.557140037555070933e+02
1.538162667807864636e+02
1.534313492482605170e+02
1.541634216590471453e+02
1.524719820548039024e+02
1.520842121935248201e+02
1.527446747920972427e+02
1.249129919911621300e+02
1.256673699396180410e+02
1.259334526483989833e+02
1.280320980596410436e+02
1.300301787564829965e+02
1.318461201225013042e+02
1.336101987035624745e+02
1.352726524238109960e+02
1.368703644207776620e+02
1.385141346868867345e+02
1.402077791816391255e+02
1.417554682536151347e+02
1.431168511062340372e+02
1.443984735574076694e+02
1.456100273536699774e+02
1.467421627358016849e+02
1.512283465978781578e+02
1.514466026103320644e+02
1.508299250749559803e+02
1.478055411047435257e+02
1.487783824623240889e+02
1.499927178185859020e+02
1.501990015388330733e+02
1.496201719598358295e+02
1.841614765245981573e+02
1.858277247692677463e+02
1.868364420755958406e+02
1.868791993975953005e+02
1.883873614244400585e+02
1.891331098863800548e+02
1.893933877166091406e+02
1.905516907610675617e+02
1.926815594869981112e+02
1.912438728162592270e+02
1.938516889493272402e+02
1.946657616338053742e+02
1.833690190157176687e+02
1.707287940516785909e+02
1.684095544229638222e+02
1.660197314859762798e+02
1.730154931938999141e+02
1.752299555042843053e+02
1.783437127656791574e+02
1.772774025423478292e+02
1.793112448642312131e+02
1.637621643507795000e+02
1.617100455845494196e+02
1.597323469686078283e+02
1.578249424610262395e+02
1.560979074244930302e+02
1.803149022257892113e+02
1.545668187654132737e+02
1.531628270309777804e+02
1.518645297955653746e+02
1.251084575793582871e+02
1.250141925808658101e+02
1.260252261102827163e+02
1.280453331029871720e+02
1.274895919788399254e+02
1.285883063205577059e+02
1.298029823529043654e+02
1.294609515048973378e+02
1.303723300875470272e+02
1.316489925503198037e+02
1.312900718693053363e+02
1.322049443240408095e+02
1.335161185791843081e+02
1.339923911236371907e+02
1.331356970109102065e+02
1.350567999843636073e+02
1.347595052734785668e+02
1.355706965343453021e+02
1.366068494998543486e+02
1.363432091914741875e+02
1.371350826673848076e+02
1.381015062843673888e+02
1.387349144392144922e+02
1.378809409647334405e+02
1.403857946206223062e+02
1.407179493255403315e+02
1.398797525061671365e+02
1.415254869998825313e+02
1.412859014634302639e+02
1.419969202483812580e+02
1.427679348995606858e+02
1.426148780527591100e+02
1.432706219812437212e+02
1.439849538396056801e+02
1.438763401869055087e+02
1.445080890045812794e+02
1.451420507869949006e+02
1.450827871691285793e+02
1.456705021556478243e+02
1.462230244706732378e+02
1.462059191246518992e+02
1.467601943385002130e+02
1.506182806423304328e+02
1.472340242770003726e+02
1.472599138024141041e+02
1.477799032513298130e+02
1.481357690500716444e+02
1.486880172721158999e+02
1.482253376865725443e+02
1.488877229442375665e+02
1.494462895581542909e+02
1.490576705937377255e+02
1.856524441143600086e+02
1.882775317612803008e+02
1.904953586371154017e+02
1.796763465046158785e+02
1.811146034462289833e+02
1.819219264155481994e+02
1.689836551594355853e+02
1.703987000208594225e+02
1.693222091479715914e+02
1.670883405043130949e+02
1.683114324949405045e+02
1.671839655218778375e+02
1.645661330870814538e+02
1.659137381443593995e+02
1.647103858271568697e+02
1.709155195664061466e+02
1.724982935227545795e+02
1.714348973430334411e+02
1.727717667259575478e+02
1.735070095069493448e+02
1.744986513917754394e+02
1.744230565159049036e+02
1.754054500679391424e+02
1.762983737434906004e+02
1.629757871750487084e+02
1.628622561558280211e+02
1.638752674819787103e+02
1.611088067264993811e+02
1.618914663317706299e+02
1.609275983503423220e+02
1.593210062063840269e+02
1.590532236715540080e+02
1.599965862182828005e+02
1.575020716269538923e+02
1.572157419791666086e+02
1.581128582823458260e+02
1.558464474665454702e+02
1.555835590973874503e+02
1.563603608218923284e+02
1.789620615668353878e+02
1.544715986202070042e+02
1.541621544594360387e+02
1.548765350943011470e+02
1.532032025226371275e+02
1.535134577455151828e+02
1.528552798168823870e+02
1.518948205583513129e+02
1.521725977196510087e+02
1.515713802393159710e+02
1.234051589513619263e+02
1.241651471127566140e+02
1.242639442372911702e+02
1.264226125085665160e+02
1.266827873876060693e+02
1.257688662437077056e+02
1.289246770179498185e+02
1.272371903654729408e+02
1.307253479362707935e+02
1.325808832317657959e+02
1.342838437613349356e+02
1.358287289564607647e+02
1.373520475035098229e+02
1.393994532730092430e+02
1.393852774705609932e+02
1.387523533833390843e+02
1.398989459197321139e+02
1.409546776346950310e+02
1.421432065521165100e+02
1.433725422462542554e+02
1.445610417609855176e+02
1.456814732208996475e+02
1.467293503120351374e+02
1.506999763481331343e+02
1.509598251976815106e+02
1.503588630353061717e+02
1.476883463049103113e+02
1.485181824037021556e+02
1.494735148725332294e+02
1.491905044825846289e+02
1.497290124431977461e+02
1.820130550114170660e+02
1.844557920503722812e+02
1.832081108367282241e+02
1.840176833904882869e+02
1.855929818768535995e+02
1.867088853035422176e+02
1.853877954396572534e+02
1.875444778396704635e+02
1.882907935393181731e+02
1.801235626785978354e+02
1.821421402437250947e+02
1.798991482716243979e+02
1.699770405141408389e+02
1.680808793260480911e+02
1.647233042893986124e+02
1.659933208437684016e+02
1.659470275626463547e+02
1.646934893445683201e+02
1.638038526679181359e+02
1.718636488992787292e+02
1.736073731566786194e+02
1.758251358894980854e+02
1.770528170011711495e+02
1.750942150772952459e+02
1.620659049669604315e+02
1.602378802510135358e+02
1.584269375645938283e+02
1.566924221015315197e+02
1.551786012376259407e+02
1.776850376707525072e+02
1.538559827170595042e+02
1.525589701930501292e+02
1.512954897941255012e+02
1.235770437954850252e+02
1.243411134695199394e+02
1.234907395717309981e+02
1.249579799879383728e+02
1.250372499720911605e+02
1.256953703554712121e+02
1.286908453895081550e+02
1.283654528172004063e+02
1.292494746655698066e+02
1.269209991576255305e+02
1.266700548237374875e+02
1.274871891714632710e+02
1.304147726754075336e+02
1.310329225378260105e+02
1.301058884206524624e+02
1.323512128764624549e+02
1.329342634123986784e+02
1.319973604091414927e+02
1.340556647136745596e+02
1.337833479658009139e+02
1.345567122388711994e+02
1.355880071143941734e+02
1.353198818286738856e+02
1.360974038016285590e+02
1.370548958989380708e+02
1.368288715740386579e+02
1.375788219206464191e+02
1.383610771175322043e+02
1.388839984636076963e+02
1.382298105076776835e+02
1.405659131945523086e+02
1.399874305390389395e+02
1.404768796169635721e+02
1.410507410460029689e+02
1.418361384078579306e+02
1.423034784589315223e+02
1.416777527065682136e+02
1.430378223221153178e+02
1.435123723108734453e+02
1.429000827752562088e+02
1.441500957040265689e+02
1.440644283388425890e+02
1.446478219677855463e+02
1.452278248645176859e+02
1.451819998941088272e+02
1.457281498228605869e+02
1.462296237394558318e+02
1.462237913405195968e+02
1.467358458926438800e+02
1.500924821114746237e+02
1.471435613537899201e+02
1.471874380870832795e+02
1.476440656133099480e+02
1.479324942380254129e+02
1.480333046622181996e+02
1.484161816933752220e+02
1.486175177592178329e+02
1.487517760919953673e+02
1.490558133682224025e+02
1.811269010228341472e+02
1.831396685214452305e+02
1.848358898307982372e+02
1.765993627647107473e+02
1.781764143088153673e+02
1.783340457157343053e+02
1.679738334535346098e+02
1.685263377121914914e+02
1.694282291172133625e+02
1.661957704556797637e+02
1.666884190124252427e+02
1.675840736246309177e+02
1.641581137402474440e+02
1.656204576756163647e+02
1.644840921944510796e+02
1.629428900408669847e+02
1.637632998440542167e+02
1.638765656936630535e+02
1.630017794786184595e+02
1.695536761751193353e+02
1.711371652590958377e+02
1.702807010605941400e+02
1.710176070211088017e+02
1.726930002453637769e+02
1.719370534736372917e+02
1.723018998992540958e+02
1.740043447373355150e+02
1.733951863697215003e+02
1.612505511103279332e+02
1.621066997226602382e+02
1.612123966515208338e+02
1.596118432999091681e+02
1.603455510637192560e+02
1.594893602233440788e+02
1.579307003425134042e+02
1.586153370628691732e+02
1.577411391574379422e+02
1.562839747639067411e+02
1.560878386715752413e+02
1.568878787748356274e+02
1.549452656652225073e+02
1.553959040323915701e+02
1.547268476972037661e+02
1.761806859357409962e+02
1.537620034602496730e+02
1.541193486615611334e+02
1.534977935708332666e+02
1.526815996395567367e+02
1.522987968371085117e+02
1.529491404076160279e+02
1.510180129203301647e+02
1.508674524490008935e+02
1.514574722917104452e+02
1.218659991393269024e+02
1.226426356581237087e+02
1.227251219113310299e+02
1.242662466064847280e+02
1.259414575970070729e+02
1.278070476443663352e+02
1.295510630879929863e+02
1.313805600298564400e+02
1.332009244282557745e+02
1.348192227139932413e+02
1.363188669368118440e+02
1.377069072730026562e+02
1.395613911485493759e+02
1.389634567053195724e+02
1.394822795709213210e+02
1.400726220055358908e+02
1.412036536193543839e+02
1.424355784428398977e+02
1.435921377304638611e+02
1.446877385519555332e+02
1.457287949726353702e+02
1.466891312181199396e+02
1.501464054538159871e+02
1.498201568361478166e+02
1.504212810095314126e+02
1.475411500793319135e+02
1.482793365555639298e+02
1.492328245116768528e+02
1.489321294438996972e+02
1.493540076936781134e+02
1.777332460060841584e+02
1.789813882211899738e+02
1.798473839811631194e+02
1.790174662726764154e+02
1.806270029385831606e+02
1.815099421909795865e+02
1.801827589242790850e+02
1.822211278215155232e+02
1.827650746314151888e+02
1.771721380460512592e+02
1.687851727477234647e+02
1.671143071049752393e+02
1.652007813053627672e+02
1.626300121115014861e+02
1.636878642595008557e+02
1.634248228106362149e+02
1.628409786904623502e+02
1.621297285742063252e+02
1.702986053897242016e+02
1.716583919110212264e+02
1.731532007053909012e+02
1.727024237140124967e+02
1.744685861413478847e+02
1.604421029989491956e+02
1.587734301646756023e+02
1.571205164520196149e+02
1.556316275870522645e+02
1.543696765785866205e+02
1.748229327253324072e+02
1.532371679528305322e+02
1.516069325496510771e+02
1.517493277590723721e+02
1.521564406302517227e+02
1.513183864267423928e+02
1.505930624885914142e+02
1.224844747159681191e+02
1.221738724832005971e+02
1.230382605085054593e+02
1.237290043063195526e+02
1.257446728944027114e+02
1.253482477560874884e+02
1.263377962110667738e+02
1.275698309180192211e+02
1.272434797910840700e+02
1.281351163271312714e+02
1.294141172279658463e+02
1.290488909821243908e+02
1.299155217059931147e+02
1.314064369743795169e+02
1.309081067484186747e+02
1.318796210684507173e+02
1.330649214279400780e+02
1.327050909541604256e+02
1.335611547198000153e+02
1.345970123869285260e+02
1.343228358844598347e+02
1.350918740350145981e+02
1.360996051353117480e+02
1.365773663902256487e+02
1.358422787300956998e+02
1.373924512756322827e+02
1.378789528618601707e+02
1.372225098858657759e+02
1.385704479193012730e+02
1.384636716297014516e+02
1.390710148408611815e+02
1.408157315152953117e+02
1.401944309937560149e+02
1.406926573904773079e+02
1.413329901452549109e+02
1.420975055566120204e+02
1.419644607022271714e+02
1.425704449797152620e+02
1.432116873706543174e+02
1.431217525299661020e+02
1.436830600043787740e+02
1.442900641863997464e+02
1.442175195863548822e+02
1.447620236288521767e+02
1.452999606832235600e+02
1.457682038254700387e+02
1.452614591411202412e+02
1.462306757840484011e+02
1.466899234274289654e+02
1.462280992293655402e+02
1.496995248948262542e+02
1.470345100853670033e+02
1.470868310429407018e+02
1.474859202830047025e+02
1.477641606673962826e+02
1.478471160688366979e+02
1.481961859149321867e+02
1.483849723975126551e+02
1.485000882071801982e+02
1.488170641838300412e+02
1.784227080430005969e+02
1.796967117795312276e+02
1.739338522421404036e+02
1.753007539892644502e+02
1.758096492417485024e+02
1.666204878926583035e+02
1.680691431883516032e+02
1.673389468750898743e+02
1.651541877545341208e+02
1.665534098003350607e+02
1.657138698758232920e+02
1.634732994007034392e+02
1.638476984554862383e+02
1.648256099270240327e+02
1.620581053769583662e+02
1.623880087562771450e+02
1.630977917027260560e+02
1.611057067814741970e+02
1.620295981013535140e+02
1.619031046730263199e+02
1.612131886301149564e+02
1.678364622601553151e+02
1.687320637622732988e+02
1.694029566023761504e+02
1.690691948524093391e+02
1.706630333018194960e+02
1.700715125962097147e+02
1.701671925200923283e+02
1.716140990425760435e+02
1.712585277960102985e+02
1.594886678742821289e+02
1.595656972957748394e+02
1.603546378887156720e+02
1.577419615955317056e+02
1.578554113519838040e+02
1.586643247950524653e+02
1.565036071444289689e+02
1.564158227592313324e+02
1.572110273816165886e+02
1.552208083754727568e+02
1.557491379753650165e+02
1.551022316393761287e+02
1.541123288057863476e+02
1.539513875430251915e+02
1.545265528344222616e+02
1.735141558308502283e+02
1.530695660010454162e+02
1.528882832323304228e+02
1.534162500311576025e+02
1.520590203625966126e+02
1.518456123267011435e+02
1.523700959526096028e+02
1.506719857286127535e+02
1.508447500163537427e+02
1.511488466943207811e+02
1.504188346969407348e+02
1.202806509669552639e+02
1.210846056931132182e+02
1.213923112668409772e+02
1.241111056814524289e+02
1.245393211829123032e+02
1.233015726878229685e+02
1.266590390495609597e+02
1.249317109549303240e+02
1.284931239515499044e+02
1.304110738726133718e+02
1.322334701457301378e+02
1.338281317299569935e+02
1.353446330826325266e+02
1.367450544409109625e+02
1.379819008573875294e+02
1.397934551977663773e+02
1.391851632245534347e+02
1.396800050119785226e+02
1.403150076818183436e+02
1.414604245056324316e+02
1.426541562593288006e+02
1.437506285255451246e+02
1.447957280093081351e+02
1.457655729404588669e+02
1.466317880691826474e+02
1.497844466991806485e+02
1.495178292150261257e+02
1.499661503931376103e+02
1.474002855728384986e+02
1.480787289936890261e+02
1.489465260691108313e+02
1.486730545567262993e+02
1.490906155042527246e+02
1.740296611401847144e+02
1.759673346894611257e+02
1.765198450982726968e+02
1.755075065333188604e+02
1.773595152153031904e+02
1.778207684986927575e+02
1.740271726406230357e+02
1.672414360500006865e+02
1.659069392395990121e+02
1.643319185705082646e+02
1.627836503993920871e+02
1.606980309960046327e+02
1.616693933946262121e+02
1.614005789475147878e+02
1.609393146428623425e+02
1.603130767030996537e+02
1.684505047038887255e+02
1.696213463894573579e+02
1.707680088662274329e+02
1.719533102208678770e+02
1.704573602154457603e+02
1.586660552692979991e+02
1.590682540147172972e+02
1.591391298215081065e+02
1.582179251400376074e+02
1.571355055916608023e+02
1.558766725543422069e+02
1.546789640701657049e+02
1.535982304839363337e+02
1.723269838912444243e+02
1.525695985843933613e+02
1.511222314711178001e+02
1.513643607192195759e+02
1.515965477719428520e+02
1.509079442828654010e+02
1.502383758856424549e+02
1.208103784406082610e+02
1.216552234363670522e+02
1.205465012254297790e+02
1.227209869639630142e+02
1.226021874997350096e+02
1.234224042750936832e+02
1.264481394261596137e+02
1.260931971233227245e+02
1.270119215579692309e+02
1.245886129136830931e+02
1.243469579878088496e+02
1.251716304826459805e+02
1.280273208238895961e+02
1.287204627707287443e+02
1.277988474160778907e+02
1.307042441373089616e+02
1.310564346475352124e+02
1.300587924538284597e+02
1.320946027328973003e+02
1.317470451463332211e+02
1.325810236084255394e+02
1.336219008623289994e+02
1.333393060774208720e+02
1.341111753188226601e+02
1.353331197560555381e+02
1.349651219804026141e+02
1.357173344171924612e+02
1.365292711278259787e+02
1.369630740336046699e+02
1.363136819949595235e+02
1.375640416266030002e+02
1.374756676527004799e+02
1.380698894069579694e+02
1.388505159822779831e+02
1.387089158648028047e+02
1.393273779844803357e+02
1.410409326812334427e+02
1.409251300164958707e+02
1.404203582727045045e+02
1.415689055277210571e+02
1.422877495867713549e+02
1.421902841130608124e+02
1.427523210292406759e+02
1.433724872292224859e+02
1.432898582529840894e+02
1.438356660526492874e+02
1.443731605804337050e+02
1.448423437826096176e+02
1.443305482087866949e+02
1.453383717177543133e+02
1.457842869086867381e+02
1.453155407045011032e+02
1.462966902993463520e+02
1.466663738018471861e+02
1.462618829163973544e+02
1.493745605611691190e+02
1.470397095411111650e+02
1.474058608677087818e+02
1.470361050761798936e+02
1.475880324074663008e+02
1.476739319706767333e+02
1.479913562208007534e+02
1.481632251520462091e+02
1.482732165402551914e+02
1.485624438891187822e+02
1.748638792772387376e+02
1.706772983410094184e+02
1.723792490264416699e+02
1.723106631187807807e+02
1.649431268916503655e+02
1.663707412961027501e+02
1.658135771977363504e+02
1.637684319662624830e+02
1.644935074512726203e+02
1.651786259107735475e+02
1.623984366162042079e+02
1.637639093170664353e+02
1.629664985100280603e+02
1.612126223739145701e+02
1.616664017443549142e+02
1.623311638460652375e+02
1.601074518218859737e+02
1.610750790701489734e+02
1.604364585645807324e+02
1.595113290440656328e+02
1.601316181884332650e+02
1.603105833859270319e+02
1.595192933672044546e+02
1.659958096157122895e+02
1.669427206812761142e+02
1.675148056031885346e+02
1.672380397682739215e+02
1.681847370807522850e+02
1.686807880998290727e+02
1.681407969417556671e+02
1.691735354496898651e+02
1.694363519220281091e+02
1.578144885658271903e+02
1.582371450957156469e+02
1.586476441243265754e+02
1.577911400036579721e+02
1.564759686792600917e+02
1.565112705199865388e+02
1.571029950406072260e+02
1.553344942413134788e+02
1.559139648533341642e+02
1.552970855711954812e+02
1.542118019269276772e+02
1.541749630403774347e+02
1.547055483399307434e+02
1.533677341982887015e+02
1.537350958741575937e+02
1.532293994817612770e+02
1.707063861965217768e+02
1.523561767726676521e+02
1.527067838239043454e+02
1.522182181506062761e+02
1.515540704692940039e+02
1.518007282634260378e+02
1.513394482964823737e+02
1.502213636910126695e+02
1.504470813096654638e+02
1.506836844063356864e+02
1.500139900907955735e+02
1.186433789585024101e+02
1.194726033078120366e+02
1.197360688801164343e+02
1.217716992535249432e+02
1.236579455018516001e+02
1.255197966759406825e+02
1.272375233820663567e+02
1.294508805767314072e+02
1.287410519228706960e+02
1.294311056698253424e+02
1.313989542513000686e+02
1.300804101261705625e+02
1.328553069992566407e+02
1.344787938086665520e+02
1.359369348302548701e+02
1.370484105484329405e+02
1.382073216881897793e+02
1.400167067206273259e+02
1.399065411272948722e+02
1.394372839039805569e+02
1.405275776223703303e+02
1.416627810272244403e+02
1.428306733879113892e+02
1.438758837910139334e+02
1.448584721582008399e+02
1.458186098492721783e+02
1.466681419178722763e+02
1.493981753220061819e+02
1.491815565924779321e+02
1.495910251590001394e+02
1.473156033701398258e+02
1.478796227497340396e+02
1.486497215246216683e+02
1.484135155321213233e+02
1.487987421450421834e+02
1.712017598839483981e+02
1.726895753643549085e+02
1.733535460406552318e+02
1.701059147949525538e+02
1.703711908178444787e+02
1.720658242945616507e+02
1.643667948434676020e+02
1.654806948342195199e+02
1.630950333605616720e+02
1.618191913758271028e+02
1.606774149463829815e+02
1.591030002635133656e+02
1.596306896367104287e+02
1.599043278430109467e+02
1.593368909841612151e+02
1.584353545634664329e+02
1.589930819549310002e+02
1.589627564327547020e+02
1.666279285810168460e+02
1.676874589768426063e+02
1.679168232621164236e+02
1.680354546188328015e+02
1.693528015707343002e+02
1.581429114791417874e+02
1.571541655995251006e+02
1.559201673302109157e+02
1.547777861763020439e+02
1.537880969997601142e+02
1.528646954297759919e+02
1.693061797849169068e+02
1.519519319254901575e+02
1.506733520901398151e+02
1.508959211380723673e+02
1.511101213062773923e+02
1.504574503757567072e+02
1.498197829830227761e+02
1.192299298495146900e+02
1.189374148846724921e+02
1.200248059335943367e+02
1.211276239370287726e+02
1.219314623743349415e+02
1.209684555651610651e+02
1.233901175963189303e+02
1.230521045110103131e+02
1.239947715420677383e+02
1.253052654953086886e+02
1.249432359393591696e+02
1.258818324939988429e+02
1.272004767346760445e+02
1.268212573022640299e+02
1.276169484152017048e+02
1.283310372401119253e+02
1.311169406594586064e+02
1.309075570200860170e+02
1.316077424297874927e+02
1.302829372000967680e+02
1.326759396519877043e+02
1.323816687727376404e+02
1.331506782358530359e+02
1.341865958050950383e+02
1.347641869349514820e+02
1.339009903582833374e+02
1.365586674251911461e+02
1.359501716385860561e+02
1.365434964308192036e+02
1.370673320391004211e+02
1.379182112827597848e+02
1.377395381685404345e+02
1.383852503189466461e+02
1.391432029474147498e+02
1.395807760883389790e+02
1.389971414262456904e+02
1.406355070215356591e+02
1.408385094026475599e+02
1.403293729694135834e+02
1.414991538953513270e+02
1.412682863641568076e+02
1.418953039678734456e+02
1.424763818201010963e+02
1.423815735337809372e+02
1.429298844621447131e+02
1.434226353762313977e+02
1.433936543092751776e+02
1.438970058191004568e+02
1.443644857881810708e+02
1.448482422552904438e+02
1.443692827112621728e+02
1.457142927921902071e+02
1.455278837009771848e+02
1.460063000630024703e+02
1.463588529550868031e+02
1.463270705930827376e+02
1.467034089777985173e+02
1.490322781534289618e+02
1.469231764986151632e+02
1.469801183506470181e+02
1.472599093023976877e+02
1.474462287545306935e+02
1.478100048987520836e+02
1.475155731057231492e+02
1.479439798458654707e+02
1.480529526888078067e+02
1.483040971594556368e+02
1.706813297212721636e+02
1.201806731033707933e+02
1.667054138880931191e+02
1.687126484581533248e+02
1.684160435504355178e+02
1.621564719204372125e+02
1.635327099211702659e+02
1.629909077416952243e+02
1.631758493404905437e+02
1.640880967362039087e+02
1.645707554813828040e+02
1.613003830160229199e+02
1.625197419198882756e+02
1.618743062671277357e+02
1.602140134110688336e+02
1.607397362953039135e+02
1.612931881810663128e+02
1.593714417308993063e+02
1.602839397315410679e+02
1.597678328562725198e+02
1.585127399114695379e+02
1.593056045455700769e+02
1.588374500122168627e+02
1.581364421918317191e+02
1.586459743014262642e+02
1.588258010500329362e+02
1.583100466937386557e+02
1.642496779588216214e+02
1.651559104054886973e+02
1.657276469042877238e+02
1.651552242322703705e+02
1.662216056374412290e+02
1.666322949885861817e+02
1.654020569863353387e+02
1.667821602463231159e+02
1.666651569310667469e+02
1.573464352309446213e+02
1.575994261740447655e+02
1.578873296706741485e+02
1.563062058052375392e+02
1.564130253859984236e+02
1.570535424513677754e+02
1.552757604882352780e+02
1.558706221888623986e+02
1.553257117929921947e+02
1.542549748938397727e+02
1.547910135819998345e+02
1.542402124146738629e+02
1.531972134580354066e+02
1.532910378080613896e+02
1.537119906410534327e+02
1.524317707462760723e+02
1.524043455630311712e+02
1.528926327089790504e+02
1.673552476340823318e+02
1.514640753273618543e+02
1.515182136794527992e+02
1.519016893428724870e+02
1.510739937578725858e+02
1.497763521446332504e+02
1.502296378736263591e+02
1.500017813251188556e+02
1.495997331547321494e+02
1.169392699697983176e+02
1.178024629769775515e+02
1.180940084635174969e+02
1.222596982506496488e+02
1.243482611183799378e+02
1.262542635701600915e+02
1.287063440006255632e+02
1.290799882207016083e+02
1.279526915622271019e+02
1.318947691862837246e+02
1.301352196332362894e+02
1.297895294440715475e+02
1.306284995416818617e+02
1.334300245997707179e+02
1.355929935733287834e+02
1.348926688658436888e+02
1.354661066284355968e+02
1.360839231776390079e+02
1.372430967554455776e+02
1.385340407499291757e+02
1.397196429034449636e+02
1.394334434271081875e+02
1.398664892990162514e+02
1.410681059891861082e+02
1.401819700143759917e+02
1.419891467056594934e+02
1.429528852643363166e+02
1.438915849052798421e+02
1.448709495971711476e+02
1.446220991333949257e+02
1.450989234377079242e+02
1.452945529864545335e+02
1.460389595008246602e+02
1.466441208139115986e+02
1.490231225601812355e+02
1.492099386780316479e+02
1.488452651065307464e+02
1.471876894682723673e+02
1.476996794697520272e+02
1.483603333668378639e+02
1.481589506183920832e+02
1.485053805522802008e+02
1.672493814037621860e+02
1.687063243285601004e+02
1.692087159399840743e+02
1.192241776347540139e+02
1.201761052533620955e+02
1.192259025432932162e+02
1.670251210660512697e+02
1.626734138581216769e+02
1.617365275266526510e+02
1.637213766882649395e+02
1.607648248516416913e+02
1.598050720211572866e+02
1.589595787764820898e+02
1.576435860062502456e+02
1.583780369421349121e+02
1.581019498045618263e+02
1.579206871060507638e+02
1.577622543009446758e+02
1.647057380677192384e+02
1.652750491424815777e+02
1.651741096884770172e+02
1.652784024311648068e+02
1.665448842632301876e+02
1.568388579867566364e+02
1.558052472977257707e+02
1.547798218388926443e+02
1.532445256047852524e+02
1.537661898386073744e+02
1.537296862780548565e+02
1.532379936183078257e+02
1.528239479391670272e+02
1.519526705515953608e+02
1.659475727093937962e+02
1.506483396551522844e+02
1.510582787003322665e+02
1.506645502046728211e+02
1.500132525392726279e+02
1.499064202039809857e+02
1.503394914035775685e+02
1.494092535438586538e+02
1.174756296724205242e+02
1.183601715626707858e+02
1.172066917686085503e+02
1.221742103468769898e+02
1.216454631911199158e+02
1.227883488997064205e+02
1.241333906029037308e+02
1.237571656645131242e+02
1.247238324752914735e+02
1.259282897704069910e+02
1.265681809707701575e+02
1.256131200424045602e+02
1.294206317767560392e+02
1.275357427701907369e+02
1.273650609678415293e+02
1.281239426754067665e+02
1.316880595771106641e+02
1.313990437449979254e+02
1.321843147611033658e+02
1.309101159108654713e+02
1.331942881251861763e+02
1.336930486029261260e+02
1.329317665032440061e+02
1.346124406515558576e+02
1.343968780192312522e+02
1.351084716485324293e+02
1.367809848338976622e+02
1.361928730383330617e+02
1.366714452255665435e+02
1.373545872426852270e+02
1.387366571082708049e+02
1.383292846057726990e+02
1.389393791561693092e+02
1.392287358983804495e+02
1.407095408983226150e+02
1.406707339400168735e+02
1.411075788325740632e+02
1.402163695351670469e+02
1.416914741760731999e+02
1.415931481530473661e+02
1.420834213129485590e+02
1.424938272343541996e+02
1.429574723298358947e+02
1.424862296697994850e+02
1.437986808136215018e+02
1.436149295586104131e+02
1.440806755051997925e+02
1.443378568082608808e+02
1.456286501075934154e+02
1.452542592967158726e+02
1.456722966387013969e+02
1.459994276471836372e+02
1.462540133949744074e+02
1.463056969519544168e+02
1.465934007488625639e+02
1.487000416923189903e+02
1.467948026705414861e+02
1.468580510792576774e+02
1.471255331408356710e+02
1.472919640328858861e+02
1.476240627782129025e+02
1.473683990200673009e+02
1.477241719092727408e+02
1.478337139554746216e+02
1.480494583485026396e+02
1.183513225047270225e+02
1.201722485641812312e+02
1.196921852328068212e+02
1.206552231167205065e+02
1.634968749694011194e+02
1.651474749049996831e+02
1.653629443399626098e+02
1.603662859032313861e+02
1.617553359105097002e+02
1.612863973095442987e+02
1.597694876132516413e+02
1.605603717300843414e+02
1.609490330616214919e+02
1.610547605739325547e+02
1.626359069155658119e+02
1.621413551130927999e+02
1.592937985340981015e+02
1.602853513468151903e+02
1.597773977229298339e+02
1.585185553452828628e+02
1.593566902265213798e+02
1.589682089909374270e+02
1.576901838017651016e+02
1.585239544920200672e+02
1.581243495923729370e+02
1.569946793285519107e+02
1.573464862607089572e+02
1.577488858353788714e+02
1.567933804599857979e+02
1.574714106636090776e+02
1.572476089585389900e+02
1.570990693540420580e+02
1.619397355149780253e+02
1.631179055805100120e+02
1.635325960132451542e+02
1.623461203670551924e+02
1.637665968572927113e+02
1.638606214050446965e+02
1.624708206482668515e+02
1.639447280560649176e+02
1.638152591984945445e+02
1.559604993213436046e+02
1.561545359224824381e+02
1.566467506773751097e+02
1.550371321472476893e+02
1.556664842105358275e+02
1.551776109485774384e+02
1.541699947237497668e+02
1.547207635099748870e+02
1.542274878636171991e+02
1.531586421630916561e+02
1.532171290434091588e+02
1.537086921312717323e+02
1.524131304429710951e+02
1.528071384431162301e+02
1.528442636161861685e+02
1.524367263560583297e+02
1.516305548700975407e+02
1.515605692536336448e+02
1.520273177631565602e+02
1.622989359313471027e+02
1.637558748471651029e+02
1.644958191331536170e+02
1.503357497350964138e+02
1.508704637937285895e+02
1.507673128673312419e+02
1.511663958984850922e+02
1.493242268010191935e+02
1.495513135547028014e+02
1.496761660834152963e+02
1.491830739129196388e+02
1.151547896579515395e+02
1.160594281871896101e+02
1.163247244655090498e+02
1.231537537615939328e+02
1.211747815621490787e+02
1.250306354532404924e+02
1.267302602204150190e+02
1.291403194142257007e+02
1.289197015655753944e+02
1.296401791656841738e+02
1.283361713391591934e+02
1.324398092456132190e+02
1.307107471366682603e+02
1.304194015306609344e+02
1.312016991163423256e+02
1.339028689895064019e+02
1.358730761070047208e+02
1.352453598520295657e+02
1.357358017323885235e+02
1.363351195490606642e+02
1.378917555943102968e+02
1.379061293896568259e+02
1.373419094479922933e+02
1.383191581948754560e+02
1.388898391161432357e+02
1.388111331479168200e+02
1.393065878961162412e+02
1.412021195160098728e+02
1.398935851603422975e+02
1.398049398348813952e+02
1.403042884246692950e+02
1.420944044719213366e+02
1.429857208354120814e+02
1.427428099254790084e+02
1.432048326683143387e+02
1.433975351161771243e+02
1.443282555626904013e+02
1.445993272692440996e+02
1.440679389276128575e+02
1.449438336907287805e+02
1.449058776019946038e+02
1.452913543179970191e+02
1.459463269401495040e+02
1.465284993413461621e+02
1.486945389424178359e+02
1.485353013444007217e+02
1.488587411598722099e+02
1.470480038800352816e+02
1.475138997324049512e+02
1.480868002110333350e+02
1.479124632792365617e+02
1.482237870234498303e+02
1.181445482647683320e+02
1.178073894377426996e+02
1.186907933686347434e+02
1.191593309981886648e+02
1.629370641051667121e+02
1.600746741686459131e+02
1.607159177813543920e+02
1.595454853843145031e+02
1.614996927480706574e+02
1.589197515524246285e+02
1.581203008961290948e+02
1.573559636549628920e+02
1.562093018721638487e+02
1.569349676851819027e+02
1.566234962644217319e+02
1.565403264325427415e+02
1.563979953931466298e+02
1.621434760330152471e+02
1.624057318814830921e+02
1.623985732793881880e+02
1.555120279205591203e+02
1.546200722129804888e+02
1.536752555343976780e+02
1.523855028500555875e+02
1.528177418203978561e+02
1.527847181182500833e+02
1.524188066745324761e+02
1.520349248576285675e+02
1.512609104997861778e+02
1.501789478498313315e+02
1.501053815374714020e+02
1.504112372565224689e+02
1.505330468349477258e+02
1.495558285091995288e+02
1.494494301912602623e+02
1.497830375432976666e+02
1.490177327026255227e+02
1.157654367356678620e+02
1.154542630479164558e+02
1.166261713472288051e+02
1.229223762530424153e+02
1.225432693207187640e+02
1.235325775352890361e+02
1.209180186124019514e+02
1.205396361104561862e+02
1.215521705845871168e+02
1.247602367495738491e+02
1.244419983852893239e+02
1.253479259282665623e+02
1.264882894954460824e+02
1.262044072776357666e+02
1.270151375175288564e+02
1.299241337672203827e+02
1.281187071009078977e+02
1.278230825325836690e+02
1.286322603784834371e+02
1.322179072377966520e+02
1.319496392192352232e+02
1.327085580720036830e+02
1.314628475541613000e+02
1.336443836086769181e+02
1.334163810040271869e+02
1.341311115394565832e+02
1.349718139822003877e+02
1.347896376242468364e+02
1.354276482625070059e+02
1.370029058656760412e+02
1.368939281168996160e+02
1.364430459142762970e+02
1.374540418211876158e+02
1.383926275444993337e+02
1.393918990422219508e+02
1.408489129279126644e+02
1.407785618934275362e+02
1.412699328487246646e+02
1.403725404451188297e+02
1.422527347844585108e+02
1.419744322620569790e+02
1.423705607969432947e+02
1.426229393842393449e+02
1.430104270063515060e+02
1.429971914103698509e+02
1.434086364543267393e+02
1.446374287516013624e+02
1.437105504492728869e+02
1.437543230902252844e+02
1.440234700639000494e+02
1.455798577403185732e+02
1.452655974929532476e+02
1.456054354530696742e+02
1.459227873919641922e+02
1.461504559618867631e+02
1.462013631535870388e+02
1.464776629918786455e+02
1.483982418448003102e+02
1.466638964651866672e+02
1.467287862717732025e+02
1.469836762475854641e+02
1.471163901379782999e+02
1.472036463736884855e+02
1.474265494291327627e+02
1.475062580957515479e+02
1.476149548539275997e+02
1.478034692952591058e+02
1.169547586085299855e+02
1.189418291932894363e+02
1.185377464561004786e+02
1.195638958992581706e+02
1.599330198630838140e+02
1.611458286060676812e+02
1.617104888969143133e+02
1.579590728749359982e+02
1.591502239370977065e+02
1.588855849804166098e+02
1.582838388031571242e+02
1.593463377710936868e+02
1.596539575086694640e+02
1.578013330800346239e+02
1.585687696100886797e+02
1.587724391419854442e+02
1.588971125512524623e+02
1.604039517495672271e+02
1.599956861799011563e+02
1.574079869234976741e+02
1.579895746684559867e+02
1.583440528591556529e+02
1.567826098665706525e+02
1.572586445546452012e+02
1.576445493988981639e+02
1.560624091812771042e+02
1.565488925831083122e+02
1.568689368564080553e+02
1.554281946553473119e+02
1.558482229764242106e+02
1.562027877026739588e+02
1.554193622485928756e+02
1.561150187718719451e+02
1.558428166103408614e+02
1.557189245213616005e+02
1.593492450312321012e+02
1.606609414178181794e+02
1.608349913498063302e+02
1.595419056476188473e+02
1.609530448030295702e+02
1.609951445765454707e+02
1.599415758791846542e+02
1.611347862305138108e+02
1.612117973131126689e+02
1.546207488714999556e+02
1.552840093634268328e+02
1.548484023681863846e+02
1.537975762629145606e+02
1.540019941095621334e+02
1.544138467082048862e+02
1.529257845280428398e+02
1.535458975515158784e+02
1.530563074858480945e+02
1.522437779174631771e+02
1.523317664738502515e+02
1.526981781771062856e+02
1.516592358723490008e+02
1.520387475263575823e+02
1.520382975884574250e+02
1.516607537149618850e+02
1.509747039450378168e+02
1.513006968155444554e+02
1.509339171745925228e+02
1.498755798115388416e+02
1.503126746810484917e+02
1.502559940545187374e+02
1.505899867357383926e+02
1.489512315741802695e+02
1.491384669277827584e+02
1.492619981594916112e+02
1.488317549462027216e+02
1.132737754645402788e+02
1.142266055419687234e+02
1.145247400455883451e+02
1.219204374811605618e+02
1.238401398610864277e+02
1.199318698708212168e+02
1.256225922083336286e+02
1.273012600881009746e+02
1.297196587829585042e+02
1.294262482957884401e+02
1.302176731800963410e+02
1.289175543973106528e+02
1.329301042571595417e+02
1.312518200268092414e+02
1.317372357662420654e+02
1.309778846824300444e+02
1.343074885496274078e+02
1.361653826275294250e+02
1.360217551907672657e+02
1.355706208938093482e+02
1.365916525100200829e+02
1.380801102392562143e+02
1.375459702947465530e+02
1.379877071801789441e+02
1.384892416291732502e+02
1.391329522077950287e+02
1.390093489320485958e+02
1.395154250905447668e+02
1.415247733979297493e+02
1.416070930785487576e+02
1.411871158601374532e+02
1.401149548877673396e+02
1.400037328025711361e+02
1.404859014061177618e+02
1.418876960365412288e+02
1.426340718347732661e+02
1.433634924631685692e+02
1.443291068346873658e+02
1.443274361925914775e+02
1.446391891107057006e+02
1.440219340193959567e+02
1.449417045128180916e+02
1.449414530152039049e+02
1.452657731283348426e+02
1.458699071119815756e+02
1.464116110258213155e+02
1.483748698852951406e+02
1.482385596197026416e+02
1.485344937338807085e+02
1.468953522194985339e+02
1.473172289269960800e+02
1.478218655419478011e+02
1.479544360844548976e+02
1.476708064889197658e+02
1.171736613196872412e+02
1.164644213621530326e+02
1.176655895779833685e+02
1.180622028196754911e+02
1.584588143858849776e+02
1.603723373288228515e+02
1.592232534013778320e+02
1.581250554333173000e+02
1.578742629574630030e+02
1.585904210896636926e+02
1.576121364401305698e+02
1.591226874739474795e+02
1.571101496839629306e+02
1.564336991416711840e+02
1.557541957464625568e+02
1.547219464120879024e+02
1.554750141360978830e+02
1.550922217770016687e+02
1.551078190211217986e+02
1.550399098375704625e+02
1.594434253629187879e+02
1.597444086910300598e+02
1.592248163311356564e+02
1.542208075356894881e+02
1.533723646448038380e+02
1.525952958407368669e+02
1.515694050387004097e+02
1.519803994466769836e+02
1.519195122996515863e+02
1.516334247708691407e+02
1.513295494890164434e+02
1.506521591210759539e+02
1.497054224966900335e+02
1.496401390540065677e+02
1.499407597039650568e+02
1.500165872130979210e+02
1.491343786239863505e+02
1.490522050326869135e+02
1.493441018228135420e+02
1.486710559793222899e+02
1.135670688931253807e+02
1.146636483317137021e+02
1.134205735224434335e+02
1.216571533088552854e+02
1.212820279177813916e+02
1.222948610305518713e+02
1.235776183037965552e+02
1.241730049028648040e+02
1.232449644156243522e+02
1.195984567437585184e+02
1.192644846837133201e+02
1.202644082305457545e+02
1.253879295711481774e+02
1.250694165487705050e+02
1.259414607294773987e+02
1.270663650525245458e+02
1.267732471229096802e+02
1.275956554356038168e+02
1.304842960939862166e+02
1.287082300559618204e+02
1.284096537540646068e+02
1.292167391264376590e+02
1.326964907345063409e+02
1.324541120380413020e+02
1.331729240560219125e+02
1.319729348543308731e+02
1.340611726101709849e+02
1.338500018623100232e+02
1.345189198090270963e+02
1.353460679705498535e+02
1.351564755763471339e+02
1.357606249263966163e+02
1.372990084515782030e+02
1.367365677478979649e+02
1.371531350571335679e+02
1.376962761122062773e+02
1.386084763222362142e+02
1.396247339711713948e+02
1.410313986970034534e+02
1.409387568076004982e+02
1.412776802221095807e+02
1.405758802955873819e+02
1.417521908113123743e+02
1.420044411868147449e+02
1.416378481451715743e+02
1.423344797628903962e+02
1.422921444531075963e+02
1.426764904271937269e+02
1.430587529758057315e+02
1.430335922403779136e+02
1.433882282461006241e+02
1.446371159771814803e+02
1.437239457918953178e+02
1.437161610684029256e+02
1.440297330374156388e+02
1.455280423550098021e+02
1.452387656259182904e+02
1.455550174490817028e+02
1.458448985353912519e+02
1.460596681550165101e+02
1.461042717229868231e+02
1.463669769582757567e+02
1.481054311506239571e+02
1.465277354649999211e+02
1.465949238664233860e+02
1.468270227105354024e+02
1.469514594873343754e+02
1.470330895848277919e+02
1.472344128175924425e+02
1.472933466378544267e+02
1.475637598654224405e+02
1.473995122577069878e+02
1.151636681656376027e+02
1.154692055853992940e+02
1.161761611211286862e+02
1.174562265155820455e+02
1.173108809013817648e+02
1.182060774953013578e+02
1.565155953677263199e+02
1.575087791521119982e+02
1.582189200571352217e+02
1.558756686476890536e+02
1.570657771537061933e+02
1.569350211221022278e+02
1.555155504183436790e+02
1.566802389562381848e+02
1.567352715134768459e+02
1.561650014813224914e+02
1.572411464469127793e+02
1.575176876663699943e+02
1.561154183943002920e+02
1.567839428638702657e+02
1.569613835647725750e+02
1.565052090184696283e+02
1.577165495678633533e+02
1.579144952254372072e+02
1.556295423932745905e+02
1.562257420580529583e+02
1.565101197717329455e+02
1.550391072326118262e+02
1.555712007468532363e+02
1.559017335064604026e+02
1.544359483721239030e+02
1.549508025382931180e+02
1.552395460279289523e+02
1.538721063353676186e+02
1.546403524609990257e+02
1.543248436474672758e+02
1.540285670122255510e+02
1.547315146165041142e+02
1.544012603449601784e+02
1.543516498087671778e+02
1.567878092292996541e+02
1.580815666053514690e+02
1.581549803179999572e+02
1.568785772773460110e+02
1.582233282897402376e+02
1.583981982814054845e+02
1.576839209822201155e+02
1.533507262295344447e+02
1.539800104617139880e+02
1.535911952339179152e+02
1.526099419152698431e+02
1.527828531129678993e+02
1.531996254859434714e+02
1.519752573431357803e+02
1.521241596287250104e+02
1.524469782630185648e+02
1.513722339113899409e+02
1.514875337792098549e+02
1.518047715205905774e+02
1.509331468932484768e+02
1.512680908439358234e+02
1.512994375581225484e+02
1.509704287790343642e+02
1.503461007449681119e+02
1.503402206055548618e+02
1.506571733087453993e+02
1.494275034882066109e+02
1.497655742108704828e+02
1.497455992596429724e+02
1.500368488803738103e+02
1.485862496990131376e+02
1.487697148188483709e+02
1.488686392941332031e+02
1.484895109219413882e+02
1.112899588991715234e+02
1.122926814470417014e+02
1.124323166322642038e+02
1.143613245932403260e+02
1.206273043822683917e+02
1.226160429389793052e+02
1.244812120224068934e+02
1.185278861525047205e+02
1.262254570403552236e+02
1.278858934173500899e+02
1.302759336554210279e+02
1.299943459293614296e+02
1.307664269651314726e+02
1.294909095943835098e+02
1.333778871348387440e+02
1.317539034770675528e+02
1.314997902334089872e+02
1.322277598486359409e+02
1.347027564818774295e+02
1.365183408872257473e+02
1.359338478196321773e+02
1.363442829309347530e+02
1.369155240822808253e+02
1.383698968486824583e+02
1.378385530879853889e+02
1.382271515812278722e+02
1.387562454484305476e+02
1.394245591578419976e+02
1.392776584016582717e+02
1.397708301681729779e+02
1.413923696894675288e+02
1.402204561637938696e+02
1.406269009230646816e+02
1.401684825670947134e+02
1.420469054350118938e+02
1.426995246977535885e+02
1.433933430794467085e+02
1.443580060290921097e+02
1.446533387288517645e+02
1.443425576597102236e+02
1.440429969472642995e+02
1.449383235682636553e+02
1.449391417673918738e+02
1.452386025565562306e+02
1.457988207190884111e+02
1.462970353757479529e+02
1.480642425532034565e+02
1.482190394852741520e+02
1.479504163640561956e+02
1.467434565157672353e+02
1.471272263258890405e+02
1.475687624712210493e+02
1.474371981204585040e+02
1.476953710946645231e+02
1.163096343548088356e+02
1.552879979163182327e+02
1.559196167508308122e+02
1.568731579157933993e+02
1.557099108097932856e+02
1.560213731538262039e+02
1.558403722216314122e+02
1.563357229460450526e+02
1.558889469994889225e+02
1.566453139682844551e+02
1.553397535324074568e+02
1.547449087044176110e+02
1.541613579176826647e+02
1.532893538043221326e+02
1.540137861728849202e+02
1.535968926376447712e+02
1.536928537124337595e+02
1.537082932080000148e+02
1.568333327336296747e+02
1.560938405602445869e+02
1.529906679706917316e+02
1.523026107675407559e+02
1.516837829883873781e+02
1.508032601493530365e+02
1.511008184921572592e+02
1.511890370784850006e+02
1.508894293681438796e+02
1.506519493502302964e+02
1.500616403344775449e+02
1.492379907550096902e+02
1.491953562043332511e+02
1.494702180900657993e+02
1.495092977304710473e+02
1.487322828492366398e+02
1.489319483662541472e+02
1.486684475118399860e+02
1.483330242608755611e+02
1.121872444088507166e+02
1.117303577895320359e+02
1.128890366930701958e+02
1.136859869828975746e+02
1.203670804102362553e+02
1.199764985056809223e+02
1.210174348262235640e+02
1.223636786231117810e+02
1.220048015122267060e+02
1.229748897633273543e+02
1.242122301025172106e+02
1.238899063566365726e+02
1.248037651020214582e+02
1.182306106707735296e+02
1.178365151165050690e+02
1.189210727462689761e+02
1.259665714988999099e+02
1.256727763838792526e+02
1.265197898880922480e+02
1.276541353622898924e+02
1.273560572914187503e+02
1.281841915294007492e+02
1.310138631670925236e+02
1.292687677098801373e+02
1.297754056711898443e+02
1.289850568813847644e+02
1.331483481649819680e+02
1.329196268450599803e+02
1.336073305278984549e+02
1.324504475481215593e+02
1.345071622042152057e+02
1.349287533094346827e+02
1.342817238241226789e+02
1.357379359814063946e+02
1.361327414189087222e+02
1.355396222091569598e+02
1.376198369792883796e+02
1.370732068678000530e+02
1.374614016475461824e+02
1.380011468683335067e+02
1.389004602740009773e+02
1.398259363540789764e+02
1.415944074428677482e+02
1.413153911525538149e+02
1.416708213177870732e+02
1.407724278770298270e+02
1.404991297974437998e+02
1.409014994568804013e+02
1.419688519891142562e+02
1.424108610117535818e+02
1.423715994218549383e+02
1.427384569260201772e+02
1.431300520899721960e+02
1.430933502359785905e+02
1.434303002909347526e+02
1.446509894767486060e+02
1.437813799550262672e+02
1.437517180285122436e+02
1.440731472367909873e+02
1.454723312812494953e+02
1.452094362674748140e+02
1.455006968352679166e+02
1.457721234615433161e+02
1.459614258585301343e+02
1.460075055039544054e+02
1.462454244516105746e+02
1.478229019680949534e+02
1.464463526259582977e+02
1.467025317884852598e+02
1.464852904848148398e+02
1.468116777615203432e+02
1.470576245581790431e+02
1.468809478772385262e+02
1.471013559046843682e+02
1.473410497404329647e+02
1.471972454450345253e+02
1.160500374090706686e+02
1.155995003968134540e+02
1.167607086876044775e+02
1.531943936506172577e+02
1.542546106815227347e+02
1.548508934554237157e+02
1.535499986822377139e+02
1.547011920665452749e+02
1.545569691101254364e+02
1.537157184653140405e+02
1.548115086752762295e+02
1.549280332244284466e+02
1.540508072194258773e+02
1.550758040836633711e+02
1.547884404507652789e+02
1.539203521077121479e+02
1.552010754932933878e+02
1.550575368882077782e+02
1.548554906866562249e+02
1.540744257434531050e+02
1.553017141914766626e+02
1.554211753100678948e+02
1.537345537218483287e+02
1.544063725129164482e+02
1.546717401905974043e+02
1.532977666499858742e+02
1.538854295444623119e+02
1.541578411702322171e+02
1.528575468472782575e+02
1.533827996603708073e+02
1.536369297523217199e+02
1.524172183149310627e+02
1.528789327007910686e+02
1.531359051878396542e+02
1.527200615170609979e+02
1.530282271512815271e+02
1.533809882517452934e+02
1.530598326881963942e+02
1.540391271530475308e+02
1.554192437454154287e+02
1.554520530443523114e+02
1.539865466437191230e+02
1.546483444736624904e+02
1.554326842419733623e+02
1.521494999592029842e+02
1.523954026689007719e+02
1.527450134665593566e+02
1.515871745333042782e+02
1.517960398323098730e+02
1.520941357717644564e+02
1.510464786702317781e+02
1.512233834371472199e+02
1.515071395933771328e+02
1.505405745152122847e+02
1.506882412475339379e+02
1.509532752619689688e+02
1.502580063680141507e+02
1.505519591822464918e+02
1.506016592033838606e+02
1.503213124252479815e+02
1.497363037669437631e+02
1.500374679035044778e+02
1.497617104908104579e+02
1.489924289507314654e+02
1.492643737251760285e+02
1.492600963225845021e+02
1.495129040138261871e+02
1.482364371307522219e+02
1.484917341118620584e+02
1.484129842205822456e+02
1.481596050063342318e+02
1.091768982469586291e+02
1.102524877691479901e+02
1.106927770291816415e+02
1.140197593278126078e+02
1.145989135116843585e+02
1.131010562163100843e+02
1.192978147177138908e+02
1.213638570803518775e+02
1.232860568329892175e+02
1.250875306613861255e+02
1.171397311647882873e+02
1.268088275330249672e+02
1.284605584977348087e+02
1.308044276959555248e+02
1.312818239479434226e+02
1.305371975273843361e+02
1.300361656152754790e+02
1.338272765030756659e+02
1.322064463374338175e+02
1.319774088635699627e+02
1.326802433554652225e+02
1.351216117730696453e+02
1.368616023800212531e+02
1.363015709542251841e+02
1.366922964893626613e+02
1.372487234397254383e+02
1.386567219038360577e+02
1.381421522153494266e+02
1.385156426756240933e+02
1.390426290431848031e+02
1.401002758442761262e+02
1.397643391100315000e+02
1.401580112695052378e+02
1.411840468632626369e+02
1.404390307189891587e+02
1.420054683049031894e+02
1.427726860299017346e+02
1.434578128121630982e+02
1.443697643336680301e+02
1.443630794604267464e+02
1.446580623927729903e+02
1.440781782815168981e+02
1.449095010721414383e+02
1.449237344724307945e+02
1.451952671379149251e+02
1.457208407520768390e+02
1.462039613443712938e+02
1.477647934329222039e+02
1.479138125220561051e+02
1.476737589136105839e+02
1.466315357771427728e+02
1.469612859022729765e+02
1.473262402486083147e+02
1.472197709316984913e+02
1.474473387185312276e+02
1.150379055960023749e+02
1.521587091485926067e+02
1.537219899703860051e+02
1.526872206317848395e+02
1.536345709119810010e+02
1.531879909001733324e+02
1.533662257153011410e+02
1.543497358544213682e+02
1.538175417134585530e+02
1.536147718610709489e+02
1.539955945849045520e+02
1.538915414858862221e+02
1.540531089264033824e+02
1.535221711349137479e+02
1.530838415735090905e+02
1.526442092565784208e+02
1.519455219991303636e+02
1.526246995289088204e+02
1.521962979115499195e+02
1.523630726570445972e+02
1.524513114370641347e+02
1.540124691357672759e+02
1.530855542705977541e+02
1.518783329645271465e+02
1.513267727674512173e+02
1.508028439104259064e+02
1.500836254159253826e+02
1.503298498234107967e+02
1.504520124655677193e+02
1.502042541528666106e+02
1.500085486812602369e+02
1.495077778926784617e+02
1.488018139030216958e+02
1.490177940297649002e+02
1.487754733745135525e+02
1.490385324209151747e+02
1.483342257646372673e+02
1.485311183120724365e+02
1.482949634479701047e+02
1.480079338720185262e+02
1.097536246739453958e+02
1.109831086788964143e+02
1.094623133473474184e+02
1.122582782343526588e+02
1.122203083118796911e+02
1.131475480092920947e+02
1.190169974590864257e+02
1.186168056291594155e+02
1.196975620429467426e+02
1.210784166493919543e+02
1.207166515948100454e+02
1.217256470567545534e+02
1.230104271105068960e+02
1.226817354088626644e+02
1.236152219726968440e+02
1.248263643609789995e+02
1.245145158996734835e+02
1.253999914760175329e+02
1.168294159603327529e+02
1.175367906586249092e+02
1.164318085318045490e+02
1.265570161858238407e+02
1.262572763519608685e+02
1.271087840885290774e+02
1.282145634441750701e+02
1.279297296329682041e+02
1.287443977415282745e+02
1.315047615957718676e+02
1.297895603489034499e+02
1.295267296732423006e+02
1.303004646246145626e+02
1.336249223488274822e+02
1.333840685112593292e+02
1.340687068893669789e+02
1.329154229642913947e+02
1.349911829507569507e+02
1.347473020872322991e+02
1.353668737158685929e+02
1.361107230420357723e+02
1.359219460946927995e+02
1.364911418185169794e+02
1.380061900619873825e+02
1.374389478174469161e+02
1.378150516414485196e+02
1.383349584795410294e+02
1.393542455593534726e+02
1.393892771650451436e+02
1.390071806558338494e+02
1.397268094549571629e+02
1.409613530218668416e+02
1.408656168556438217e+02
1.412807308827144936e+02
1.405324438451492881e+02
1.417463012163812834e+02
1.416694653487125208e+02
1.420829139319905323e+02
1.425121700290039541e+02
1.424604374276649708e+02
1.428248190041792043e+02
1.432194830186085994e+02
1.431740024450776616e+02
1.435039480794342239e+02
1.446433846318693668e+02
1.438197140679556583e+02
1.437997579249025648e+02
1.440984939661915973e+02
1.453576851121981406e+02
1.454152306566029722e+02
1.451388320219680850e+02
1.456603885678140955e+02
1.460456380002111416e+02
1.460044232757884117e+02
1.462485893439822178e+02
1.475514293440525648e+02
1.463639021095594615e+02
1.464045432182408319e+02
1.465916277718368690e+02
1.466572024895698689e+02
1.467341405662625391e+02
1.468845244345695562e+02
1.469049531185725641e+02
1.470035482382592420e+02
1.471214486537627124e+02
1.145383997969727261e+02
1.142718288234464268e+02
1.153025712678230406e+02
1.069221709807041947e+02
1.080691828540018946e+02
1.083517014425096363e+02
1.045245030191741620e+02
1.074469004455788621e+02
1.071883308620452624e+02
1.057440177593407498e+02
1.060006754102823407e+02
1.499456067768078356e+02
1.510601704616038603e+02
1.515672126401746596e+02
1.514631958549709339e+02
1.525772417882022012e+02
1.525214278662651850e+02
1.514058647017866974e+02
1.523070675213997447e+02
1.524649719668858836e+02
1.514835854703835594e+02
1.526131050969962928e+02
1.526906033042352249e+02
1.513484778619850601e+02
1.527145736123810025e+02
1.522722759207133834e+02
1.515047092287791202e+02
1.527241117960364534e+02
1.527793674216092370e+02
1.523697622913038003e+02
1.532168634157692964e+02
1.530689854786459989e+02
1.514503702660764191e+02
1.527709416183012934e+02
1.527376540558935574e+02
1.519790989996981523e+02
1.526546004069190872e+02
1.528469493214954582e+02
1.516861809163656858e+02
1.522889980737691076e+02
1.524817684339719221e+02
1.513811444627731362e+02
1.519160260219244947e+02
1.521101491109446897e+02
1.510447581002291315e+02
1.517230465618158632e+02
1.515184623966417803e+02
1.514709952118681713e+02
1.517297649905007972e+02
1.521011378816494073e+02
1.518327234788658586e+02
1.510174145385292093e+02
1.525352256865765241e+02
1.524950893707404873e+02
1.515947171396397550e+02
1.510359878272494143e+02
1.513276714824452256e+02
1.515882201051409766e+02
1.505778133518506365e+02
1.508266762578746523e+02
1.510783471141208452e+02
1.501293836467423830e+02
1.503474057122135434e+02
1.505827263997072691e+02
1.497493034662364551e+02
1.499456650699190163e+02
1.501410942112798921e+02
1.496313084309094847e+02
1.499514447859494055e+02
1.498735163363388381e+02
1.496978872579366282e+02
1.492085257653558870e+02
1.492453860839597439e+02
1.494696993706914441e+02
1.485724303008562117e+02
1.487759737860150437e+02
1.490161509152116821e+02
1.487965304480391069e+02
1.478933112766535203e+02
1.481204155402740241e+02
1.480664690687019913e+02
1.478374484134519093e+02
1.110110610205984329e+02
1.134010703276260301e+02
1.200458253670715436e+02
1.179218984620293611e+02
1.220424870920570868e+02
1.239165546689184652e+02
1.256900268004170300e+02
1.156845903827214386e+02
1.273845055551505112e+02
1.290020722732572551e+02
1.312806767588566288e+02
1.317465025177894802e+02
1.310403360318625801e+02
1.305357705499205565e+02
1.343083140599972580e+02
1.327138995605368166e+02
1.331721815280351109e+02
1.324577138221980590e+02
1.355508783294997386e+02
1.371519231688107823e+02
1.366344557789619216e+02
1.370094545024790875e+02
1.375853022618376258e+02
1.389442669554946121e+02
1.387996101411307848e+02
1.384770941351621332e+02
1.391479122701587983e+02
1.396598525823683872e+02
1.398814760968425333e+02
1.395064507982836233e+02
1.413566368380409415e+02
1.403102501410156435e+02
1.402038102982307066e+02
1.406395024648477090e+02
1.421323129742845310e+02
1.428683795625330504e+02
1.435221300966703097e+02
1.443726813636661177e+02
1.443707356080278430e+02
1.446451302669911172e+02
1.440993991129693939e+02
1.448572792951657675e+02
1.448835717498296560e+02
1.451117150377410780e+02
1.456673046365099822e+02
1.458143116425564187e+02
1.455162958973340039e+02
1.458585215771703929e+02
1.462086801362652011e+02
1.474842243927455741e+02
1.476238097172738719e+02
1.474116020887958314e+02
1.465145968385687354e+02
1.467868423061999295e+02
1.470807195689116327e+02
1.469991113863153487e+02
1.472027995830992779e+02
1.086202978498647553e+02
1.050584631884718050e+02
1.047854357042701565e+02
1.062742387454426733e+02
1.489462335238194157e+02
1.494518487015144785e+02
1.505517696449100242e+02
1.514336768065433318e+02
1.514729399900217004e+02
1.513921126054839874e+02
1.514931656894224261e+02
1.518927545085583404e+02
1.514753741700089336e+02
1.521872395731991219e+02
1.512328934623677128e+02
1.518361544571245645e+02
1.515388810880103847e+02
1.512195033689983177e+02
1.506728150393102794e+02
1.508725842154973975e+02
1.513156790742155806e+02
1.510997096045235821e+02
1.512698964433949413e+02
1.499859144991803532e+02
1.508187713155788572e+02
1.503612985578850214e+02
1.499452057278265329e+02
1.494685458116083510e+02
1.497843026890211320e+02
1.496202303427756988e+02
1.495657123045772039e+02
1.494295531469508376e+02
1.489956730740907460e+02
1.483495451469501063e+02
1.483500977946114006e+02
1.485722336615603183e+02
1.485655950608418152e+02
1.479618958595391121e+02
1.479360653264211578e+02
1.481459617278283361e+02
1.476954180635539160e+02
1.101823022040372706e+02
1.099630790834870311e+02
1.112323801764738818e+02
1.127149557187178601e+02
1.124805003799346821e+02
1.136383300945463475e+02
1.197449665581722513e+02
1.193739227080989025e+02
1.204159939814703932e+02
1.175946735027371943e+02
1.172050797816839491e+02
1.183123099964706455e+02
1.217432934330478673e+02
1.214051663662570206e+02
1.223809605341931217e+02
1.236293696165260201e+02
1.233149628519054914e+02
1.242315546699665703e+02
1.254115943535666133e+02
1.251145331029787684e+02
1.259876223849759782e+02
1.152411226487114959e+02
1.148803679821160131e+02
1.160431334493925561e+02
1.270640362457250632e+02
1.276427438600118904e+02
1.268059708171733462e+02
1.287067663826144610e+02
1.292539271001108432e+02
1.284592578420822804e+02
1.319972696641014807e+02
1.303247214958679194e+02
1.308064590395301252e+02
1.300559532423000633e+02
1.341494784025560705e+02
1.345730067401680117e+02
1.338852694666870207e+02
1.334321297528442756e+02
1.353387952819830957e+02
1.351630802057991332e+02
1.357274912725322054e+02
1.364271259346556633e+02
1.362669346581357104e+02
1.367949666202133869e+02
1.380586421502312362e+02
1.380343985591569549e+02
1.376105161539920516e+02
1.387010055240671704e+02
1.388212416174891928e+02
1.383553476255741259e+02
1.393008832399516734e+02
1.399879056970106603e+02
1.410893128917155650e+02
1.410242545488823112e+02
1.414212920550571084e+02
1.407025974537524462e+02
1.418159321784711153e+02
1.421665243738983406e+02
1.417796218069596250e+02
1.426321600109326369e+02
1.429288835612744322e+02
1.425713018358617887e+02
1.432860383284437091e+02
1.432522277490755869e+02
1.435566262745751658e+02
1.446187477089975175e+02
1.438495756253769002e+02
1.438341491939087007e+02
1.441152794417527616e+02
1.452602269078605559e+02
1.453090268416852382e+02
1.450623051379298829e+02
1.454673884520826164e+02
1.456155342065065668e+02
1.456414994471228113e+02
1.458341729121457604e+02
1.459364053792976108e+02
1.459906128660295792e+02
1.461544551018861000e+02
1.472878774345047361e+02
1.462443725158325094e+02
1.463040117510221307e+02
1.464554193470195287e+02
1.465040009289427871e+02
1.465804805733731655e+02
1.467097368390994632e+02
1.467091402035967178e+02
1.469001348023143123e+02
1.468081521063567720e+02
1.088263412351835200e+02
1.019462361620731201e+02
1.032547504131138965e+02
1.035124774095021252e+02
1.079378720863700494e+02
1.065117050114218813e+02
1.076980458002622640e+02
1.467447908230126927e+02
1.478496985587111965e+02
1.483431813751235211e+02
1.493500507491368410e+02
1.503941196361560912e+02
1.503916752750762953e+02
1.492447188908649878e+02
1.503672121154241097e+02
1.503527797130324473e+02
1.494213751341479792e+02
1.504129343625050410e+02
1.504008105365595043e+02
1.491526403745650668e+02
1.503185228079292131e+02
1.503299237121502472e+02
1.507110492479016557e+02
1.515506121342301356e+02
1.510573554024516909e+02
1.490104020733273842e+02
1.502665832672788326e+02
1.502224145895908407e+02
1.513729071117365379e+02
1.486033606167742960e+02
1.500307324912989486e+02
1.498055325057431730e+02
1.503829145267733338e+02
1.511699936440855936e+02
1.510508893000461228e+02
1.502136311733913772e+02
1.509400292281017357e+02
1.508131615383711051e+02
1.500011225175889251e+02
1.506825956885750770e+02
1.505384643165559453e+02
1.497597977906420681e+02
1.502375872283652711e+02
1.503948844273004397e+02
1.503007213472160117e+02
1.508914158681779440e+02
1.505065453390990342e+02
1.506893311402790800e+02
1.480646846789233848e+02
1.485092180318517023e+02
1.495399021345939445e+02
1.499063895869051635e+02
1.504669309338366645e+02
1.502575519572671112e+02
1.494833263596054280e+02
1.500252539642715703e+02
1.498207462002448267e+02
1.493256112569030449e+02
1.495486391611081558e+02
1.497259027923165604e+02
1.491266346425346683e+02
1.494396178777626574e+02
1.493078534633595211e+02
1.490592948646381899e+02
1.493478584378657956e+02
1.492762083441618017e+02
1.491456828036773459e+02
1.486058293406773316e+02
1.489006476377500121e+02
1.486980275515482788e+02
1.481603478420307738e+02
1.483075604218208241e+02
1.485386918622263579e+02
1.483368161539312382e+02
1.475776539328259673e+02
1.477367181194807415e+02
1.477754704517067808e+02
1.475382343795718043e+02
1.114527721284543844e+02
1.139812404929823373e+02
1.207414568706219313e+02
1.186676986862165109e+02
1.164183485607792079e+02
1.226843213672799919e+02
1.245190504194381447e+02
1.262361537537834266e+02
1.278868059856943376e+02
1.295204481228519171e+02
1.318492013368811513e+02
1.315628093819269964e+02
1.322848895157976301e+02
1.310889761099210489e+02
1.347445989562223190e+02
1.333483409027392383e+02
1.330293533559389800e+02
1.337517819506138892e+02
1.358837926959270703e+02
1.373789157052752898e+02
1.372677692383005876e+02
1.369056692387208898e+02
1.377257065789998478e+02
1.383852808534399230e+02
1.395614547617046810e+02
1.391341756305687909e+02
1.392541730035766534e+02
1.396099241850287456e+02
1.399410079925050354e+02
1.414536154545428133e+02
1.404436538422590388e+02
1.403760079997842922e+02
1.407703631805695181e+02
1.422252312286815652e+02
1.429613885679137866e+02
1.435710382561688903e+02
1.443775523892356318e+02
1.443753467882066843e+02
1.446218361501390461e+02
1.441180009549860870e+02
1.448159855721848146e+02
1.448369740574162279e+02
1.450420108311975014e+02
1.454414136996139177e+02
1.457799138496721127e+02
1.460947164782987215e+02
1.472094639439381467e+02
1.473460997391601666e+02
1.471513184666249572e+02
1.463788621289108391e+02
1.466129148174356658e+02
1.468204304839506733e+02
1.469473999936338089e+02
1.467706923623512125e+02
1.090806368911500925e+02
1.024778948457746992e+02
1.037862210520366659e+02
1.022044867406154367e+02
1.055537969803264389e+02
1.052975415949540263e+02
1.067674694845032803e+02
9.917409983041071087e+01
1.005816850894423311e+02
1.008363114051723670e+02
1.459154456194877696e+02
1.474309751538542059e+02
1.463330306162492320e+02
1.492968287478754519e+02
1.493839916452756142e+02
1.491972660462480746e+02
1.493103752172199847e+02
1.493780216491720694e+02
1.503412841163504936e+02
1.490792171130412953e+02
1.500528497406497195e+02
1.488040645898244065e+02
1.505623510340619191e+02
1.483317206605296974e+02
1.503021956450625964e+02
1.501123986832616310e+02
1.498863475184404876e+02
1.494798589635085477e+02
1.496322637763738612e+02
1.500825946209365043e+02
1.499158788693011104e+02
1.501174959939638995e+02
1.469965981046623256e+02
1.497031612865659440e+02
1.494116156139267275e+02
1.488738208409132255e+02
1.491089421411952856e+02
1.493130671469676543e+02
1.488648550609833592e+02
1.491690637367289867e+02
1.490046060522909954e+02
1.490108586314521517e+02
1.489760799251655499e+02
1.488383404301266353e+02
1.484594547366198469e+02
1.479562053296940576e+02
1.481501989854990882e+02
1.479662641539467813e+02
1.481360364619504537e+02
1.476221675308889587e+02
1.476072659480977336e+02
1.477904048733308287e+02
1.473994026147730665e+02
1.106622357007508128e+02
1.104152473667865735e+02
1.117004228682326783e+02
1.132381005131224754e+02
1.129689858799393392e+02
1.142502891311714563e+02
1.204451058064588125e+02
1.210976118563086601e+02
1.200884829937364628e+02
1.183709675881781749e+02
1.190605733014189411e+02
1.179759474549890825e+02
1.158564529335556728e+02
1.167331155795222060e+02
1.155410348605724096e+02
1.224053739904910572e+02
1.230210447437529666e+02
1.220695796644913287e+02
1.242192258511452962e+02
1.239198230079763761e+02
1.248189047326520438e+02
1.259313001390256943e+02
1.256675589376662998e+02
1.265003253397094340e+02
1.274372205803481961e+02
1.272481543000613158e+02
1.280753862434370376e+02
1.296726847504841658e+02
1.300013530762007008e+02
1.291902285110147375e+02
1.326006679265539390e+02
1.309440177546080974e+02
1.313997584159082521e+02
1.306323883655584837e+02
1.345513989566499902e+02
1.343485258421542028e+02
1.349479806415528742e+02
1.339508505249945642e+02
1.356551169635478971e+02
1.354951566313420130e+02
1.360442722139169973e+02
1.366799514380482776e+02
1.365520403908442688e+02
1.370345348313200589e+02
1.382820482784864566e+02
1.378348670633814379e+02
1.381718441758844733e+02
1.389358220314902610e+02
1.385010743743488604e+02
1.388192275557652238e+02
1.392540489865838822e+02
1.400066308709621126e+02
1.412148795680938065e+02
1.411505759742547355e+02
1.415175896192127425e+02
1.408315546157462563e+02
1.421387756884661542e+02
1.419776831547873428e+02
1.423884122609494511e+02
1.427583510504630055e+02
1.426945914817721359e+02
1.430259770907438508e+02
1.433330447425416594e+02
1.433091462168801513e+02
1.435953146984709576e+02
1.446015014873263169e+02
1.438711615524032084e+02
1.441288505098048915e+02
1.438603637779898179e+02
1.451816768982571375e+02
1.450030214246846754e+02
1.452208103184293009e+02
1.454023871817798863e+02
1.455245306472732523e+02
1.455700359786466151e+02
1.457347831232181647e+02
1.458374514553875372e+02
1.458865091711975879e+02
1.460448301434800555e+02
1.470179793597146727e+02
1.461320431589591635e+02
1.463214686273319671e+02
1.461878067358144335e+02
1.463721987587874196e+02
1.465449989459175697e+02
1.464385444762725967e+02
1.465313662974942019e+02
1.466748299233528314e+02
1.466206161750152148e+02
1.093110428096485691e+02
1.040218846638888550e+02
1.083985554541624481e+02
1.081757985835101863e+02
1.069879434558009024e+02
9.971071519007804795e+01
9.943289340188925962e+01
1.011142520865577836e+02
1.435710167299186537e+02
1.447466545421117985e+02
1.451567151434092864e+02
1.471727880416433152e+02
1.481966361216416033e+02
1.482745626867758801e+02
1.474085402166562631e+02
1.484276978437149808e+02
1.483659842502193271e+02
1.469399217960649935e+02
1.481038555496180891e+02
1.480357941154157118e+02
1.475576746755096735e+02
1.484607075096841413e+02
1.484757772984188477e+02
1.466840382402699277e+02
1.479279411823042949e+02
1.478381839155397017e+02
1.490842641674046831e+02
1.499099918248986967e+02
1.492231787214392398e+02
1.463445501294220605e+02
1.476843887529633150e+02
1.474676546730017321e+02
1.497621845424985167e+02
1.458335194065084011e+02
1.472231228189351668e+02
1.469459528136378310e+02
1.489349732346560984e+02
1.496483888943070326e+02
1.495894408735091474e+02
1.488302804988104810e+02
1.494302498479014503e+02
1.495128411390273584e+02
1.487104843950848476e+02
1.493477125180776284e+02
1.492494123762973004e+02
1.485631623145231686e+02
1.490410788081480291e+02
1.491543619015159834e+02
1.491895247134060014e+02
1.497498261386374168e+02
1.493523142128094321e+02
1.495670063256906417e+02
1.458761369771070520e+02
1.489303321600510515e+02
1.492199784664762490e+02
1.494143485807797163e+02
1.489877437759848533e+02
1.492353823195814471e+02
1.491566532821676674e+02
1.484980153745223106e+02
1.486970694029294009e+02
1.489117356481076229e+02
1.485991911664742986e+02
1.487435086374312334e+02
1.488609743978116740e+02
1.487452924019885074e+02
1.484998782455599837e+02
1.487812691171384358e+02
1.486914086639043262e+02
1.485597157824317094e+02
1.482245560004367348e+02
1.482734509100723699e+02
1.484186327282183413e+02
1.477940474033175349e+02
1.479069320567406010e+02
1.479379414007593994e+02
1.481041806344567249e+02
1.472959104142808826e+02
1.474375503072567426e+02
1.474646037451241511e+02
1.472588921062819338e+02
1.119532748722005380e+02
1.145501523128819343e+02
1.214223027026291390e+02
1.194023225007040026e+02
1.171136487026699342e+02
1.233108249418617248e+02
1.250743999551166326e+02
1.266835227976785205e+02
1.285367879935954534e+02
1.286249916695061586e+02
1.279859895227131403e+02
1.303109299919628370e+02
1.291073559267126427e+02
1.323958715881930175e+02
1.328756565394205893e+02
1.321206422018259445e+02
1.316716549325329311e+02
1.351043349881445010e+02
1.337403292013078726e+02
1.335429347267948685e+02
1.341489868992258607e+02
1.361690051442942604e+02
1.376097485257368191e+02
1.371478493510360863e+02
1.374960132515783755e+02
1.386144740849276218e+02
1.379517723509628411e+02
1.397844986315346887e+02
1.393645382089311795e+02
1.396740895208486393e+02
1.401190343961185647e+02
1.416812829789033685e+02
1.405741479999066144e+02
1.405085364430207449e+02
1.408968246176885373e+02
1.424514294457347887e+02
1.430492116855533311e+02
1.436060526244981759e+02
1.443357017824613422e+02
1.445799653605631079e+02
1.443567077857815377e+02
1.441075375846758391e+02
1.447600268927621414e+02
1.447883379707496374e+02
1.449750827441839931e+02
1.453569121975179996e+02
1.456852192769194687e+02
1.459873871393926095e+02
1.469795461170267856e+02
1.470946133898806920e+02
1.469036526103842277e+02
1.462559921615460610e+02
1.464547846266721081e+02
1.464867899731731313e+02
1.465092772205194365e+02
1.466533425363890331e+02
1.095505585423981216e+02
1.029840721379294166e+02
1.042839743547998950e+02
1.027200355164027314e+02
1.059882676745366012e+02
1.072144201246745610e+02
1.057596824595581921e+02
9.617030620730930934e+01
9.770433948119801926e+01
9.795934536279619920e+01
1.013523533613354459e+02
9.295263473117147157e+01
9.672245316211389365e+01
9.645142844671988769e+01
9.459891835609342081e+01
9.486198133199241056e+01
1.428212652811467365e+02
1.431933097999094855e+02
1.443668712724854117e+02
1.472892998040283885e+02
1.470543588564596007e+02
1.474802536799732309e+02
1.468099570046379654e+02
1.475510430128410633e+02
1.484423012845284404e+02
1.475650693317465141e+02
1.465118135474288295e+02
1.483567013130207499e+02
1.460872558492112034e+02
1.490233161011865946e+02
1.488869142460564774e+02
1.487748560548010062e+02
1.486417751266738776e+02
1.483626579346625931e+02
1.489268984122943209e+02
1.484735721275872606e+02
1.487996286935027683e+02
1.490727621031370234e+02
1.443323847398689850e+02
1.485946957031779050e+02
1.487739071368443149e+02
1.490418863232419824e+02
1.488030161596921630e+02
1.487397424137020039e+02
1.482433986958750438e+02
1.485615810199943496e+02
1.483786697513407660e+02
1.483068124889595367e+02
1.485882562805581415e+02
1.484612245289410737e+02
1.484332940522866124e+02
1.484142534811167025e+02
1.481369569310500367e+02
1.483230599605125803e+02
1.483709552455631524e+02
1.481867030431603212e+02
1.480719700104324943e+02
1.476123449865095552e+02
1.476236639134975235e+02
1.477825405903430465e+02
1.477641884696433010e+02
1.473193459028679797e+02
1.474697591639649374e+02
1.473142005181136085e+02
1.471427499822834193e+02
1.110295407148329474e+02
1.121424401670624036e+02
1.108387147100703061e+02
1.133886644289082426e+02
1.146293833665121724e+02
1.133095707377468671e+02
1.212563431830362646e+02
1.218340739651229114e+02
1.208460138730343374e+02
1.193397564844781584e+02
1.198946698559515056e+02
1.188484908357143723e+02
1.174711799670745478e+02
1.166568780763806217e+02
1.179213557966518664e+02
1.230247609300014631e+02
1.236254094223885289e+02
1.227108236351730852e+02
1.247484052432496497e+02
1.244798833911164024e+02
1.253433480846001942e+02
1.263902250162671663e+02
1.261576272867682320e+02
1.269165379060735148e+02
1.278661213073490188e+02
1.276496061529312840e+02
1.282038126986135183e+02
1.303341674518941318e+02
1.306422839426878397e+02
1.300031537697723536e+02
1.292999986589822470e+02
1.289203228709561131e+02
1.294901207730377450e+02
1.330699780216955901e+02
1.315770958002215707e+02
1.312583866483858230e+02
1.319897332814261119e+02
1.348712291617346750e+02
1.347097790584680865e+02
1.352663665489671985e+02
1.343073271146024297e+02
1.359277423040034876e+02
1.363072476324379920e+02
1.357901129325665011e+02
1.369073868957852369e+02
1.367925765950801633e+02
1.372633197620663168e+02
1.391264593272502168e+02
1.387086162977922186e+02
1.390320930979803506e+02
1.384730465984250145e+02
1.380457922825911226e+02
1.383786625312372109e+02
1.394612513958370243e+02
1.401838236502330517e+02
1.416869381836792456e+02
1.419150953789253720e+02
1.414524083588999588e+02
1.410818932175367593e+02
1.411491078960993661e+02
1.408313100007084131e+02
1.422394353722732205e+02
1.421884591062571701e+02
1.425024530381795671e+02
1.428136804720856503e+02
1.427857121337604553e+02
1.430774448156446397e+02
1.433696704105077799e+02
1.433510467917757296e+02
1.436243494770760947e+02
1.445520011542313910e+02
1.438775275333370587e+02
1.441105290057278978e+02
1.438741961324576835e+02
1.451196418516289270e+02
1.449440326005552038e+02
1.451505361614826484e+02
1.453261365435085111e+02
1.454355270801669349e+02
1.456421310783755416e+02
1.454802810456852171e+02
1.457734451788381307e+02
1.459534946651270673e+02
1.458038188354885278e+02
1.466769486589854807e+02
1.467481309691750369e+02
1.468306644422130205e+02
1.460973888579369202e+02
1.462374609299480426e+02
1.461140548565988979e+02
1.462256909792131125e+02
1.462998561934231816e+02
1.463820991180535884e+02
1.465817874684852313e+02
1.463594965004720621e+02
1.097236075462274982e+02
1.044858758340316029e+02
1.088308199992837615e+02
1.086235321255612547e+02
1.074186365796644225e+02
9.824821610851174114e+01
1.002664153330250798e+02
1.016414615796871601e+02
9.997364673239445665e+01
9.334605069556747026e+01
9.314535235296419557e+01
9.506758780810763199e+01
8.945933718969043014e+01
9.123774021821795088e+01
9.142743924534377697e+01
1.404069553922333284e+02
1.416113641024902847e+02
1.419895051452289749e+02
1.452612296888391370e+02
1.462041999035760398e+02
1.463489615844030709e+02
1.448893687987286967e+02
1.460428346131344313e+02
1.459035564718962519e+02
1.456448897731917214e+02
1.466154345306530331e+02
1.465148829914450914e+02
1.445240704186552136e+02
1.457421818956694040e+02
1.455943457412500948e+02
1.458566069638388001e+02
1.467295722300836758e+02
1.466938796521680786e+02
1.441182574341145255e+02
1.454094686948110962e+02
1.452236598091077724e+02
1.475865340463469693e+02
1.483454273973613340e+02
1.475911710904076983e+02
1.435781013173636325e+02
1.449677518481553022e+02
1.447011298785130293e+02
1.482839098534391269e+02
1.475685899972807249e+02
1.482129552885022292e+02
1.482425054016490265e+02
1.475456377739089646e+02
1.481792714375038145e+02
1.481415453873321724e+02
1.475111459715577098e+02
1.480501672041216068e+02
1.481028073244332290e+02
1.474454114261394011e+02
1.479220076828318327e+02
1.479972639539341230e+02
1.482148404157204027e+02
1.487067846328420728e+02
1.483049792995171572e+02
1.485910219095627554e+02
1.431977219291825634e+02
1.481236194435801679e+02
1.485211237352571914e+02
1.483751994100026081e+02
1.485568580294003596e+02
1.478175392055021007e+02
1.480426436085163857e+02
1.481543981155004133e+02
1.480134487849242078e+02
1.483039534194018358e+02
1.481714682387287212e+02
1.481374728850110785e+02
1.480279217591699421e+02
1.481729002287393371e+02
1.482633529614855661e+02
1.480845887668160401e+02
1.477936932078173982e+02
1.480096978829562886e+02
1.479719931232884278e+02
1.478585001879828837e+02
1.474706820415057678e+02
1.475484804775866507e+02
1.475870424594154713e+02
1.477262122744453450e+02
1.470398803225331221e+02
1.471835366905776539e+02
1.471673760686028913e+02
1.470134878380483201e+02
1.122092765821691245e+02
1.153719860297540833e+02
1.143768675164474331e+02
1.156160364723689327e+02
1.202949506321708952e+02
1.221391662227558612e+02
1.184003671969550169e+02
1.164201000281978082e+02
1.238859670595847859e+02
1.255691869305189812e+02
1.271279542809448060e+02
1.285865075249622009e+02
1.298238318504141944e+02
1.309579735521840007e+02
1.328934649782725330e+02
1.326428997237735246e+02
1.333203068868797061e+02
1.322372845548935629e+02
1.354011653551102654e+02
1.340628049989830686e+02
1.339001394208123372e+02
1.344705885560065610e+02
1.364195142149305582e+02
1.378147664388363580e+02
1.373643983983360499e+02
1.377133496574086280e+02
1.388055660700019018e+02
1.381494998902905991e+02
1.399250117943052487e+02
1.398560370873533714e+02
1.395309081368478701e+02
1.402544980674133228e+02
1.419663139506531593e+02
1.413892154864312545e+02
1.405674135067621364e+02
1.405703092430746040e+02
1.408292588182545728e+02
1.425297906158664887e+02
1.430953411385239065e+02
1.436270237682587094e+02
1.443259016714441429e+02
1.443309526174911355e+02
1.445470376500286136e+02
1.441054263258081107e+02
1.447062872662978350e+02
1.447334623257243891e+02
1.449169478200177821e+02
1.452823123521187938e+02
1.456093879871696970e+02
1.459361060548821172e+02
1.467952535794991604e+02
1.468876177121540252e+02
1.467374880696565072e+02
1.461670635743394371e+02
1.464003235170770267e+02
1.464432725786857361e+02
1.465391467496880864e+02
1.462032052374569560e+02
1.462173866710607797e+02
1.463446561176993725e+02
1.099495354789602857e+02
1.034746564699458560e+02
1.047420935330818139e+02
1.032130073909189036e+02
1.064678298146742179e+02
1.062135180296640300e+02
1.076683408773957353e+02
9.850959697606614895e+01
1.018660196018694677e+02
9.703527606793169014e+01
9.518962446772125929e+01
9.686686249240057123e+01
8.952241257028305199e+01
9.146224400454590864e+01
8.948230888706217456e+01
1.393867048492245431e+02
1.411037238930808542e+02
1.398918135910418528e+02
1.450741166557847635e+02
1.454559147673095651e+02
1.447045935170451969e+02
1.457541007968930842e+02
1.443187536518270235e+02
1.460414111148783434e+02
1.468063968583490748e+02
1.459590084402888692e+02
1.438462389551811214e+02
1.468465404810668531e+02
1.475895789954499548e+02
1.475603850468077098e+02
1.475322124187227359e+02
1.474824946822377001e+02
1.473724083113973791e+02
1.478732810973279754e+02
1.474197618463183517e+02
1.478159484123098650e+02
1.481804015649240682e+02
1.410990719864798848e+02
1.419600884254504649e+02
1.423449766873471276e+02
1.479724032278207630e+02
1.480513805741865383e+02
1.482855651090630147e+02
1.482458507343734766e+02
1.476303329906831436e+02
1.479396932881234932e+02
1.477322803325720315e+02
1.479006914104228940e+02
1.477667141465968541e+02
1.478962556956740002e+02
1.480374258085431336e+02
1.478327971120887696e+02
1.479036475710081504e+02
1.476403944737657525e+02
1.478881462882526989e+02
1.478347405913879413e+02
1.477245466746404361e+02
1.476790505180100013e+02
1.472894878339935758e+02
1.474495679475995757e+02
1.473103347781997456e+02
1.474252991099481278e+02
1.470680035162182264e+02
1.471935639180468911e+02
1.470579786985588555e+02
1.469212342747480875e+02
1.113840849371812141e+02
1.111981138908337527e+02
1.123937397687139423e+02
1.137695038708782960e+02
1.135714881827428115e+02
1.145761417053870161e+02
1.200847893792983143e+02
1.197086203022255120e+02
1.206744057184764216e+02
1.218792119621442822e+02
1.224558843670798325e+02
1.215653198209525812e+02
1.181776139454262022e+02
1.178181140679091214e+02
1.187611102265656200e+02
1.160509704146916903e+02
1.157030107143534252e+02
1.167640199115220696e+02
1.235473834411026246e+02
1.232826057001447992e+02
1.241514968212791388e+02
1.252229473190634934e+02
1.249825177519717130e+02
1.258103566417219383e+02
1.268232227650496924e+02
1.266042393022868566e+02
1.273482784725548669e+02
1.283334528232269349e+02
1.280977945831659781e+02
1.288230560494230588e+02
1.306823003572518758e+02
1.299959954141677656e+02
1.305097984759921701e+02
1.311348499032093855e+02
1.334801135361677780e+02
1.320044119188792706e+02
1.317890228851069025e+02
1.324525698449936897e+02
1.351789192948295977e+02
1.350240321949188171e+02
1.355569114762992342e+02
1.346233148482047852e+02
1.361929075073229853e+02
1.360593570984294445e+02
1.365537701780435498e+02
1.371383446266971760e+02
1.370220376859486748e+02
1.374813251355396915e+02
1.392888852440671883e+02
1.388859133941761286e+02
1.392090028857022332e+02
1.386532945216839892e+02
1.382385430442807603e+02
1.385642232832163359e+02
1.396133294743201532e+02
1.402497915626496763e+02
1.417277667676715396e+02
1.417070604384322507e+02
1.419869773085444535e+02
1.414084435805319231e+02
1.412104270723536104e+02
1.408916916168482771e+02
1.411468435452175640e+02
1.423130289853052091e+02
1.422759442274179946e+02
1.425668907135495829e+02
1.428658269881057947e+02
1.431209130642760101e+02
1.428391216289255965e+02
1.434218173613593308e+02
1.433953373151113908e+02
1.436528130916575492e+02
1.445203294852964007e+02
1.439021591080035307e+02
1.438897386562990164e+02
1.441175337140215618e+02
1.450475966057856567e+02
1.448813216354451185e+02
1.450833096533679623e+02
1.452457552530870544e+02
1.453354771900408764e+02
1.453874406705144224e+02
1.455570873592997145e+02
1.458915895091441257e+02
1.458348749957532675e+02
1.459920512709899469e+02
1.465449871376009696e+02
1.466105671241703021e+02
1.466722658186095316e+02
1.460606773026293581e+02
1.464730385059772289e+02
1.463015423538098219e+02
1.459547382583955937e+02
1.460800372852384896e+02
1.460919412152612722e+02
1.101145112752621031e+02
1.049615921938552674e+02
1.092503372829919783e+02
1.078630036120933937e+02
1.090519383237651141e+02
9.866052863205644030e+01
1.007604444000077564e+02
1.021227501678140044e+02
1.004909516478434028e+02
9.350664594868283075e+01
9.526955389587401157e+01
9.342706996826926513e+01
8.568039541936300907e+01
8.760044972387757412e+01
8.761683069865327411e+01
9.152677729688409158e+01
1.372400453155240427e+02
1.383084970968227765e+02
1.388252897781424906e+02
1.402442718308357428e+02
1.429618619020291987e+02
1.439144233584246138e+02
1.441241493427179137e+02
1.433978694520857857e+02
1.445375445937286827e+02
1.443186624022161766e+02
1.424857945940646289e+02
1.436980642740579412e+02
1.434945302122278861e+02
1.437794185172469383e+02
1.448329110407154587e+02
1.446995399675216731e+02
1.419763906748490854e+02
1.432592040469029655e+02
1.430382744391933159e+02
1.443169032073725475e+02
1.452033809368832920e+02
1.450751955015819306e+02
1.414594113223695331e+02
1.425119115878922855e+02
1.427956077154747732e+02
1.461564300897023827e+02
1.468802289354998152e+02
1.461194997494806103e+02
1.468846203566000099e+02
1.462687450545705303e+02
1.469200751373941216e+02
1.469096894684653307e+02
1.463479336987309409e+02
1.469385041888298531e+02
1.469425276928600113e+02
1.464105244447672760e+02
1.469407580177297064e+02
1.469538251282918395e+02
1.464565425054196055e+02
1.469315619170196783e+02
1.469447029917930934e+02
1.473628545016437101e+02
1.473833874803424067e+02
1.477953025242687204e+02
1.477630877068429811e+02
1.412829912302808282e+02
1.474135830721666025e+02
1.477041583556593025e+02
1.477626693107929725e+02
1.471820549699921798e+02
1.474966963158721569e+02
1.474173154969785173e+02
1.473116478474292421e+02
1.475742938813608305e+02
1.476378486225541451e+02
1.473984970030089414e+02
1.477043795156492365e+02
1.475897747544666174e+02
1.475220955977831068e+02
1.477020930250658353e+02
1.477352858707942289e+02
1.478650507176743929e+02
1.476771612823267503e+02
1.473805522794490912e+02
1.475889917753172824e+02
1.475170547973466739e+02
1.474744375293600740e+02
1.471834819941610135e+02
1.471894439438088114e+02
1.473680883965377006e+02
1.472466165784248062e+02
1.468541615802692775e+02
1.469643065422530128e+02
1.469463882201723663e+02
1.468275225165747599e+02
1.125729892873064273e+02
1.149070514025466707e+02
1.209827661206325615e+02
1.191295459293178567e+02
1.227138990921081501e+02
1.171113219982760683e+02
1.243855483980208021e+02
1.260240645831068065e+02
1.275798794093203981e+02
1.297428822524199461e+02
1.290418343199458775e+02
1.295237686253180982e+02
1.302200140610511596e+02
1.313471884953299593e+02
1.332181576941744936e+02
1.330546110061484626e+02
1.336442773660820080e+02
1.326137175638861265e+02
1.356883872992648321e+02
1.343702683702939851e+02
1.347784838967059784e+02
1.342156858085089652e+02
1.366682645822497477e+02
1.380236368127180526e+02
1.379202005618437568e+02
1.375848486885365389e+02
1.389771688445945301e+02
1.383442047781296367e+02
1.400301398527496417e+02
1.399788563178796608e+02
1.396646961507985054e+02
1.403030317903635762e+02
1.420234577738087864e+02
1.414731681076087568e+02
1.406970215501811481e+02
1.406319607472248379e+02
1.409577052102164600e+02
1.425917536930236054e+02
1.431460611427723677e+02
1.436646747093519991e+02
1.443072468414854939e+02
1.443166630542170026e+02
1.445105606765419850e+02
1.441078896916290546e+02
1.446589643641121938e+02
1.448572591580592075e+02
1.446837182344581834e+02
1.451973584140983746e+02
1.455501446310931897e+02
1.456595625433884038e+02
1.454483278493594582e+02
1.457210672454784230e+02
1.466316047116714856e+02
1.465895737560570637e+02
1.467138509118743741e+02
1.459264767622667591e+02
1.462998004283320768e+02
1.463498011609433149e+02
1.464233934644160229e+02
1.461469056974249838e+02
1.461749339407919592e+02
1.462737540002658818e+02
1.459520450349704106e+02
1.459554786886951661e+02
1.460769339496683017e+02
1.103361548796284239e+02
1.041584577376113288e+02
1.053174791594158108e+02
1.037968651560143343e+02
1.070977362638065244e+02
1.067672784200091911e+02
1.081916865618043033e+02
9.887482172350711096e+01
1.024367820484836216e+02
9.496245881550363777e+01
9.420438014224531287e+01
9.600207943181375470e+01
8.597306361252000784e+01
8.580430877239092524e+01
8.777470289841534168e+01
9.083316482883950016e+01
9.015207459078133923e+01
9.219127074297792035e+01
1.362163272796774436e+02
1.367203542435140378e+02
1.378010049633662675e+02
1.384407925529732211e+02
1.397666978039716810e+02
1.389079429551661633e+02
1.431803520922105406e+02
1.427218761580444379e+02
1.435848205174051202e+02
1.422282941800146148e+02
1.440458614494351082e+02
1.417146374047876520e+02
1.446256652507828733e+02
1.453430239960858046e+02
1.444815136574767678e+02
1.454221079918918349e+02
1.462239996607276851e+02
1.463112864794833854e+02
1.463849473540126382e+02
1.464406929391488177e+02
1.464505304556071508e+02
1.464596359170630819e+02
1.469124231922499177e+02
1.469267812332994083e+02
1.473994124941927737e+02
1.399570303070939019e+02
1.473677203171720862e+02
1.470261971982255318e+02
1.471113988329902611e+02
1.473305290316682488e+02
1.472524966423797537e+02
1.471143345676612455e+02
1.474416199674001859e+02
1.472622776539229221e+02
1.472218845955537461e+02
1.473741884123632815e+02
1.475400252561913987e+02
1.475760676428135696e+02
1.475147808390653381e+02
1.471901297836185165e+02
1.472944121154995969e+02
1.474135530798579339e+02
1.472914525154920966e+02
1.469758737242733559e+02
1.470265089072542537e+02
1.471301766422510866e+02
1.470860921493563183e+02
1.468639678327210447e+02
1.469657579227449560e+02
1.468609725547123617e+02
1.467458086382223996e+02
1.118886278168735515e+02
1.116265185714207036e+02
1.128344440384725544e+02
1.143413331991275186e+02
1.140468398667238716e+02
1.152007977617449939e+02
1.207238219300108000e+02
1.204045736865270584e+02
1.213083357047596138e+02
1.187847828000281538e+02
1.184766474719132532e+02
1.194387995960105968e+02
1.224485788690558081e+02
1.221610823330893822e+02
1.230011492316815520e+02
1.166309140993949143e+02
1.163339441198828155e+02
1.174085239313319988e+02
1.240447215126049940e+02
1.246379425180569314e+02
1.237930600879155918e+02
1.256626439171654965e+02
1.254403766723697942e+02
1.262473195664895371e+02
1.272349170822115951e+02
1.270274169483905808e+02
1.277888272149088209e+02
1.287229039043777732e+02
1.285270182508446908e+02
1.292390726918683015e+02
1.310731645999612454e+02
1.304130434283812292e+02
1.308789932549146613e+02
1.315440332084858710e+02
1.337967746717720843e+02
1.323397878721481788e+02
1.321710740364690082e+02
1.327834042683557527e+02
1.354591982212659502e+02
1.353184515222436346e+02
1.358297700494037201e+02
1.349174666683663020e+02
1.364404239785745290e+02
1.363159373194499722e+02
1.367929829270617290e+02
1.373544310883320634e+02
1.376939220167272993e+02
1.372453201880156826e+02
1.394420598726072740e+02
1.390523393127519967e+02
1.393667743953909337e+02
1.388659287597112950e+02
1.387606881080655228e+02
1.384490544404098671e+02
1.397420026942820073e+02
1.403671410099846639e+02
1.418270311953306475e+02
1.417774633362287204e+02
1.420743728833273849e+02
1.415228331353095825e+02
1.413206791968401603e+02
1.410124117406596440e+02
1.412659682618469219e+02
1.423945080731556914e+02
1.423528792292140679e+02
1.426322250456724987e+02
1.430103422955652661e+02
1.429377262766649324e+02
1.432184556675626368e+02
1.435061376045917143e+02
1.434637837245676621e+02
1.437072974912955203e+02
1.444876116236723078e+02
1.439294381756290306e+02
1.441211855467469150e+02
1.439155599392964007e+02
1.449478020936649045e+02
1.449956988781820542e+02
1.448080394064490122e+02
1.451437068958826160e+02
1.452197793122544738e+02
1.453855847981452030e+02
1.452784235075754111e+02
1.456789587260941516e+02
1.456170499892891428e+02
1.457831724282696655e+02
1.464062591884963922e+02
1.464756064705191818e+02
1.465217327073700915e+02
1.458178730385857023e+02
1.463543112558335793e+02
1.462235691111196445e+02
1.460491210755714633e+02
1.457176096363387785e+02
1.458374115935362170e+02
1.458353409568640302e+02
1.105754008881899750e+02
1.056123129082475032e+02
1.098852259108729754e+02
1.084936389702031931e+02
1.095785508423452370e+02
9.854977290923875444e+01
9.965573122552439145e+01
9.776230039955953544e+01
1.017769295333625905e+02
1.012452540325390373e+02
1.029710602951476943e+02
9.673428939886682087e+01
9.288107385103552360e+01
8.154807451207486224e+01
8.366777126899201278e+01
8.377429571186625878e+01
8.839499473022597442e+01
7.714220869408684678e+01
8.269292815570162247e+01
8.211072643971286311e+01
7.943135626560551543e+01
7.994732422022588025e+01
1.340565530258032538e+02
1.351289599342439658e+02
1.356516725771192000e+02
1.373254005777791065e+02
1.411519115984503117e+02
1.420451772335893281e+02
1.422873465560877264e+02
1.406232587135018548e+02
1.415437644841733231e+02
1.418034282894651312e+02
1.415046957105059278e+02
1.426619831263719504e+02
1.424448473674198681e+02
1.399892555489945494e+02
1.409719209289601167e+02
1.412463071737062990e+02
1.425529767755590171e+02
1.434450629126303340e+02
1.431545334163184293e+02
1.393318417479635229e+02
1.406624515760703957e+02
1.403865959813977042e+02
1.430251529236457486e+02
1.436604168404616075e+02
1.438463536374002274e+02
1.448598106106875605e+02
1.455166323669098460e+02
1.447622472682649573e+02
1.455853316915422795e+02
1.450718019834934296e+02
1.456620926771842903e+02
1.457222433873770626e+02
1.452500780924063406e+02
1.457927008155068620e+02
1.458434212054633861e+02
1.454076293749924957e+02
1.459049349983137631e+02
1.459460729895538407e+02
1.455939497752687828e+02
1.460224369624188512e+02
1.460315938148791020e+02
1.467363269074670029e+02
1.470563564783754202e+02
1.466038577805467753e+02
1.470900954494125017e+02
1.388793389835818459e+02
1.467348942201006423e+02
1.470327816558833547e+02
1.470695960172359662e+02
1.465705922965954358e+02
1.468733565820847673e+02
1.468084336213705683e+02
1.466536275425438589e+02
1.469792045982104014e+02
1.469267011808697703e+02
1.472541886061511320e+02
1.468429783219704916e+02
1.471188053874276420e+02
1.469865772772138826e+02
1.469411377383109141e+02
1.472882450838743011e+02
1.469710793177481776e+02
1.471764695687056417e+02
1.470849902187272846e+02
1.470867545587945813e+02
1.469191811466386071e+02
1.468781601894719131e+02
1.470332019792958818e+02
1.469322225587187347e+02
1.466732255427312452e+02
1.467633227559774411e+02
1.467710853442879113e+02
1.466549473098132239e+02
1.131101662770856819e+02
1.154829413914079765e+02
1.197580137151317530e+02
1.215912917651040459e+02
1.177073359986100343e+02
1.232484612621160807e+02
1.248556273916732380e+02
1.264514129419201822e+02
1.279824558007487951e+02
1.301083110095909490e+02
1.294202225701374687e+02
1.299266314423529991e+02
1.305971774504087932e+02
1.317107225579986505e+02
1.335744624049167442e+02
1.333956282241687177e+02
1.339767671767489219e+02
1.329607925618309423e+02
1.359526566091529389e+02
1.347404127655331081e+02
1.351036571822805854e+02
1.345549053696535395e+02
1.368995608249288694e+02
1.383088645459019403e+02
1.378353631971025663e+02
1.381674670577074551e+02
1.391593583440694601e+02
1.385923225059544848e+02
1.401735511587930603e+02
1.398121971331165128e+02
1.401024766146124989e+02
1.404392362990375034e+02
1.421146376692647095e+02
1.415776812791057182e+02
1.408199238832466449e+02
1.407584850076761995e+02
1.410739653766839581e+02
1.427054593097517170e+02
1.432606373298546316e+02
1.437205120312165434e+02
1.442998064359573789e+02
1.444822216982594796e+02
1.443039001140754749e+02
1.441174884720513489e+02
1.445764057454811962e+02
1.447621540577633539e+02
1.446182590624584634e+02
1.450851096960963105e+02
1.453667618223443867e+02
1.452955774828564586e+02
1.454562875927316838e+02
1.455224187557503797e+02
1.464642258247206428e+02
1.464379896321442516e+02
1.465483695005097502e+02
1.457002874425426455e+02
1.461868165221068239e+02
1.462973916558730139e+02
1.462431834643807349e+02
1.460714923396412814e+02
1.461862077050473658e+02
1.461090033935301165e+02
1.459193329457529558e+02
1.460331241594653306e+02
1.459358297948884911e+02
1.457268147309983135e+02
1.458391109872716243e+02
1.457235642981437991e+02
1.109031128176039687e+02
1.048212795295751505e+02
1.044734053520740957e+02
1.059639461474318409e+02
1.077597564159090382e+02
1.074174452160394253e+02
1.088400804400690163e+02
1.001394946764422826e+02
1.032812390702064391e+02
9.574065754357094704e+01
9.532154986231806504e+01
9.714513841046530729e+01
9.195045563090970120e+01
9.135509093305967099e+01
9.345937744592373519e+01
8.435358249839933364e+01
8.778223584674833546e+01
8.683796121852832073e+01
8.931595112518739654e+01
7.762646279352067324e+01
8.018533937999340822e+01
7.736361629510496130e+01
7.239835662154014528e+01
7.484024390197474474e+01
7.503650684651579184e+01
1.328528583318158383e+02
1.345442556394030760e+02
1.334535709721901924e+02
1.353256065126036845e+02
1.357769539566865262e+02
1.368932850557718552e+02
1.408861133757966968e+02
1.413340540540562529e+02
1.403021702805723692e+02
1.420379024509183523e+02
1.396547951891493256e+02
1.427883320216266725e+02
1.433670051655495570e+02
1.432054871164444307e+02
1.440050996502657483e+02
1.441425672320077354e+02
1.449771461340190513e+02
1.451654655919068659e+02
1.453360227256108885e+02
1.455120669218062517e+02
1.453714393128634583e+02
1.459128681361119106e+02
1.454915700463696737e+02
1.460088769982826875e+02
1.462348196459590213e+02
1.463864210618929746e+02
1.467450945054077920e+02
1.363713561477256064e+02
1.378575272297005654e+02
1.373951491901955535e+02
1.466991450654516882e+02
1.466171224370903019e+02
1.464502323844046145e+02
1.465172275512059628e+02
1.467403196931939817e+02
1.469562196771934737e+02
1.471668915722609086e+02
1.470430328432212548e+02
1.466751606983278293e+02
1.468964747826047130e+02
1.467645207250164390e+02
1.466558185032521351e+02
1.470810945653659587e+02
1.468038848411478341e+02
1.468937000416530054e+02
1.469958020169203508e+02
1.469258108392448605e+02
1.466785849538215700e+02
1.467722917720951443e+02
1.468267240221129839e+02
1.467864389021276850e+02
1.468325889832259747e+02
1.468810800882628200e+02
1.466787981122694760e+02
1.465721838693039274e+02
1.124909124388733090e+02
1.121810163408398324e+02
1.134215052743102490e+02
1.149016971464017018e+02
1.146145237651172550e+02
1.157714256749060127e+02
1.194852180410947824e+02
1.191374598346140630e+02
1.201176575010901928e+02
1.213267746152112068e+02
1.218914934986461560e+02
1.210233728673741354e+02
1.171349807857016287e+02
1.168764326903963422e+02
1.179663716264120978e+02
1.227688843772025677e+02
1.226057865461969953e+02
1.234116531066180471e+02
1.244323868405633391e+02
1.242370530329634022e+02
1.250530570644331192e+02
1.260730435197120869e+02
1.266590550811196039e+02
1.258662821503323670e+02
1.276187064118567775e+02
1.281765365123886227e+02
1.274262136661484988e+02
1.290757328201751193e+02
1.295984642359711927e+02
1.288991359104215348e+02
1.314126179064423923e+02
1.307654784682231934e+02
1.312434603146232348e+02
1.318818143019824447e+02
1.341614269214420574e+02
1.327153913165240340e+02
1.331499793878092817e+02
1.325270350162803368e+02
1.357356839771248360e+02
1.360918065506414223e+02
1.355966647498896407e+02
1.352410843551255653e+02
1.367370153513190587e+02
1.365879539194275765e+02
1.370492764715219494e+02
1.376905671488811436e+02
1.380041361952779084e+02
1.375219013801711299e+02
1.396222661097241371e+02
1.392482638451050434e+02
1.395330067603050281e+02
1.390821482520276504e+02
1.386994528280967813e+02
1.389746600430802062e+02
1.399027045747055240e+02
1.405005368698397490e+02
1.418410823789629376e+02
1.418344868753806622e+02
1.421199651886593642e+02
1.415848193213211346e+02
1.413784467560153644e+02
1.413496851733844437e+02
1.411027552783920385e+02
1.427070853542453222e+02
1.428607946133615769e+02
1.425523958386986294e+02
1.431127625863385049e+02
1.430609389988483144e+02
1.433121880889485169e+02
1.435608689138398688e+02
1.437478693967834147e+02
1.435331562457381835e+02
1.444391944648449169e+02
1.439768200114757519e+02
1.441424196326851472e+02
1.439538841643231706e+02
1.447179793671327559e+02
1.446484203895493863e+02
1.448313445170119849e+02
1.450410151423952527e+02
1.449951637616574374e+02
1.451290465611158993e+02
1.452040472069813859e+02
1.454558251592083309e+02
1.454125457459161339e+02
1.455657285816047590e+02
1.462732790022834024e+02
1.463691658529253630e+02
1.463392250984469456e+02
1.455872009907271547e+02
1.462293128407986842e+02
1.461297842050884981e+02
1.459954802969773766e+02
1.458229943012677836e+02
1.455010680369794898e+02
1.456136711399306876e+02
1.456095576857742628e+02
1.111936939266475690e+02
1.062813300609729055e+02
1.105031680202225175e+02
1.102028622720214202e+02
1.091361041542478461e+02
9.918189373644298712e+01
1.004802960766505606e+02
9.884244857440575061e+01
1.023908800230166634e+02
1.020659958875976656e+02
1.036089797717453393e+02
9.381434112381012369e+01
9.743490003176630410e+01
8.983376538175448900e+01
8.523732194729034006e+01
8.218807042595348378e+01
8.244946884308916424e+01
7.991510395130723055e+01
7.374960917517084624e+01
7.297904528768098942e+01
7.563684564787990894e+01
6.749452084693184872e+01
7.002966695714154355e+01
7.059309032784915416e+01
6.261082862270721705e+01
6.852167987395945659e+01
6.804715869208062884e+01
6.523900761293558048e+01
6.570932276639055658e+01
1.308502520529653168e+02
1.318564655670164427e+02
1.324557936355195409e+02
1.341113369680536209e+02
1.358518490016933242e+02
1.388914031472738202e+02
1.400330455620511430e+02
1.397473501631486670e+02
1.394403247300410840e+02
1.402885420614636587e+02
1.404891300211591840e+02
1.383363187384330502e+02
1.391509721665134123e+02
1.394865372607798122e+02
1.408589088655953958e+02
1.411926467266405325e+02
1.417208675148002612e+02
1.373363639883721987e+02
1.383217771000248035e+02
1.386688785385894107e+02
1.413533358098918598e+02
1.419431143453476523e+02
1.421996057726803429e+02
1.417970548461024407e+02
1.424013226996131607e+02
1.426020101535754918e+02
1.436652089034128892e+02
1.442700979028660129e+02
1.435338952010144453e+02
1.443875503393245481e+02
1.439380972853695368e+02
1.446058943565747654e+02
1.444985693492722305e+02
1.441937083405699127e+02
1.447167458313674331e+02
1.448122144474945969e+02
1.443876892609813751e+02
1.450034040545088203e+02
1.448940553306771335e+02
1.457032047467629923e+02
1.445187274689755554e+02
1.449569812662280697e+02
1.450531093178431945e+02
1.460517934163851805e+02
1.463979062135925915e+02
1.460419861895516362e+02
1.464061970312225753e+02
1.368428754596005206e+02
1.460583491357862442e+02
1.463929065337473219e+02
1.463646606478820900e+02
1.460290966392899179e+02
1.463082342290765325e+02
1.463379915703796144e+02
1.460012259841524838e+02
1.462351239341210203e+02
1.462828900703255215e+02
1.468252856765292336e+02
1.463527077330027453e+02
1.465218862521680308e+02
1.465957296838248851e+02
1.464080692592101798e+02
1.468863345702666834e+02
1.465990653635508636e+02
1.467066030637014080e+02
1.467858198077311727e+02
1.466725750206740315e+02
1.468245173996088795e+02
1.467768346820461716e+02
1.467366158592214447e+02
1.465971867733593399e+02
1.466934766449700476e+02
1.467392862392156303e+02
1.464677889701571587e+02
1.465713841666534165e+02
1.465776465332937448e+02
1.464713054209443328e+02
1.136933812647765620e+02
1.160164515077384095e+02
1.183180090106249764e+02
1.204178594656059715e+02
1.220510236982610337e+02
1.236050847142956570e+02
1.252567083834439785e+02
1.268503260615929946e+02
1.283529723064622203e+02
1.304493834805362837e+02
1.297682227356372664e+02
1.302792218779196673e+02
1.309368562101869315e+02
1.320696989134878550e+02
1.339395799877246986e+02
1.343447942776354864e+02
1.337571453638414312e+02
1.333326448719527946e+02
1.362389912213295702e+02
1.350381000363909436e+02
1.348887787843787009e+02
1.353906253423689634e+02
1.372167664973250965e+02
1.385264777188927496e+02
1.381121153277598808e+02
1.384181362318149127e+02
1.393568251996733807e+02
1.388087201635314898e+02
1.403168870298448496e+02
1.399736003777846918e+02
1.402455695260138953e+02
1.405721713086185218e+02
1.422923651114982420e+02
1.423433363269778624e+02
1.420703614960264645e+02
1.416132711106712065e+02
1.409189049892455330e+02
1.408695141950516359e+02
1.411521115949185514e+02
1.429129618028767936e+02
1.425030957333691788e+02
1.433385717397384553e+02
1.437724231730110773e+02
1.443159228155815299e+02
1.443074557456931188e+02
1.444458609267459508e+02
1.441506684209480795e+02
1.448791692559333342e+02
1.445179703970374590e+02
1.451640266837227102e+02
1.451044947031838888e+02
1.452641128268362252e+02
1.453105476433095760e+02
1.462095047243771262e+02
1.462455487973004722e+02
1.463343327568407233e+02
1.454787844842585685e+02
1.460739036798364339e+02
1.461724200448377076e+02
1.461299504452719020e+02
1.459822182405689261e+02
1.460848094470187561e+02
1.460266106444619822e+02
1.458640979947542746e+02
1.458917198837802118e+02
1.459682629410271204e+02
1.456984603064641419e+02
1.458090501231634732e+02
1.457125769385893932e+02
1.455094832968660796e+02
1.455054944573633122e+02
1.456183400607093006e+02
1.115109257740534474e+02
1.053959592514148085e+02
1.050967685870388237e+02
1.065851545289656883e+02
1.083505877365643357e+02
1.080465239363864640e+02
1.094422119443272123e+02
1.007666753029838702e+02
1.038830568495281739e+02
9.267911979839132641e+01
9.227835524524962807e+01
9.420432275674666300e+01
9.630343381376515310e+01
9.599625634996695567e+01
9.774099928312040220e+01
8.881629717353280284e+01
9.037810663430204272e+01
8.824821855829983974e+01
8.559065265190938021e+01
8.670596064270078784e+01
8.413787714131187556e+01
8.395550301755901046e+01
7.833104043812511463e+01
8.030805017139206825e+01
7.797237914338883513e+01
7.596298250308703359e+01
7.114183446604056371e+01
6.599895884432341120e+01
6.407500443402479107e+01
6.713094939505239722e+01
6.065697116171572389e+01
6.183663785262024959e+01
6.312156604121449988e+01
1.064908757403730704e+02
6.472902114172951826e+01
6.385658769333103635e+01
6.909354411695200326e+01
8.445057379710809187e+01
1.297324999940751695e+02
1.302870935708158697e+02
1.313135985839707018e+02
1.334224483317364047e+02
1.343841957262005167e+02
1.331519763261378273e+02
1.349163949219982896e+02
1.391717621678111527e+02
1.386114584519000061e+02
1.391871968577542305e+02
1.393244177274524986e+02
1.403513225009182008e+02
1.378277930804975711e+02
1.400506052959026420e+02
1.411136647330050380e+02
1.415746249290105254e+02
1.421801560426986839e+02
1.427818599512509934e+02
1.419975254260955353e+02
1.429490483673353083e+02
1.438121085139582362e+02
1.440704507856863188e+02
1.442946585354177103e+02
1.444581842844132211e+02
1.453325630333439449e+02
1.456744422381475204e+02
1.453638863621810060e+02
1.445211707175402580e+02
1.449501637260740665e+02
1.445282621823271825e+02
1.457089944808104747e+02
1.460634995153436932e+02
1.342772632658994212e+02
1.353183201438342564e+02
1.358205059052407364e+02
1.460480847030040934e+02
1.460194201862774150e+02
1.459346239301330002e+02
1.461946722293037624e+02
1.459736234638932331e+02
1.465538616743194495e+02
1.467564418177698258e+02
1.466219784489361473e+02
1.462634914701070556e+02
1.464706634740567210e+02
1.463136673952545550e+02
1.461526623927497042e+02
1.466862270520867639e+02
1.464190255554339615e+02
1.466102624697255123e+02
1.465156123984659473e+02
1.466416055272543133e+02
1.466409048162595923e+02
1.466433924176561163e+02
1.464240190519327598e+02
1.464515305174616060e+02
1.465508270353688260e+02
1.463424461257363305e+02
1.130650876306226706e+02
1.139882120103530099e+02
1.127707808767169126e+02
1.153912526522425281e+02
1.162671075226478763e+02
1.151402728035742058e+02
1.175289123651177619e+02
1.173309300658170002e+02
1.185209971568308021e+02
1.212937607618499811e+02
1.203936733619481743e+02
1.213106993660739477e+02
1.220370701907512938e+02
1.230067990247088261e+02
1.228871548350463030e+02
1.237292054227685583e+02
1.248710472631535424e+02
1.254769389517034455e+02
1.246505916319141392e+02
1.264487506323784487e+02
1.262599067151194703e+02
1.270397896792730563e+02
1.279712030661285240e+02
1.277955540451429783e+02
1.285310676480015672e+02
1.294515415996499428e+02
1.292637135515352895e+02
1.299565335624874365e+02
1.317174132524947652e+02
1.310883684282292165e+02
1.315648752294722215e+02
1.322230718359186881e+02
1.344928512321916401e+02
1.331206866745532125e+02
1.329183787965847330e+02
1.335359891107590045e+02
1.360998086257252169e+02
1.364218614992540779e+02
1.359171295422008257e+02
1.355718507734238472e+02
1.370833147267366030e+02
1.373905575665601475e+02
1.369096904849344867e+02
1.379592432777990894e+02
1.378248340655551942e+02
1.382470822918824922e+02
1.398006898464952030e+02
1.394454661482813265e+02
1.397118959405068779e+02
1.392732251661359157e+02
1.389036941787892658e+02
1.391777370886738652e+02
1.400627655353964940e+02
1.406216830285151502e+02
1.418556141137704572e+02
1.418483722143795376e+02
1.420771743656578963e+02
1.416200916900797324e+02
1.414535700823598177e+02
1.411893485808246851e+02
1.414161535697449779e+02
1.427079536945049938e+02
1.427071713334142942e+02
1.429141938586551248e+02
1.425028408305242635e+02
1.432236405506859569e+02
1.433936044402302912e+02
1.431679773991291142e+02
1.436467543123666246e+02
1.438143089596696598e+02
1.436035675906786651e+02
1.439185241846018073e+02
1.439487647583885348e+02
1.441199770900943236e+02
1.448527328490052639e+02
1.447868624501194859e+02
1.449453017017306991e+02
1.445250451823141589e+02
1.444226595739515062e+02
1.446197577117535786e+02
1.450097516266108926e+02
1.452795412505052184e+02
1.453673331276861518e+02
1.452232870090858228e+02
1.461429959973290238e+02
1.453902435989127468e+02
1.460274326297165146e+02
1.459233249981202505e+02
1.457814035394027030e+02
1.456041072701767121e+02
1.452871372904918417e+02
1.453931499246090198e+02
1.453977748126405913e+02
1.117899834802783232e+02
1.068714203019907671e+02
1.111027654893291157e+02
1.097340178745015180e+02
1.108078585715357178e+02
9.966454263919953860e+01
9.940501296904714934e+01
1.010296217750485397e+02
1.028111347886741385e+02
1.025884562843286858e+02
1.041094494261843835e+02
9.445600546997019364e+01
9.070173028726927100e+01
9.796181996655980129e+01
8.718680120710634185e+01
8.560555252174918905e+01
8.392551261189043998e+01
8.562614214846379923e+01
8.139022249368495920e+01
7.979889619078686280e+01
8.173631561661802891e+01
7.640481255742578526e+01
7.498817090974712585e+01
7.727339050607082527e+01
7.233742267514824675e+01
7.299904985812264613e+01
7.044429276974724985e+01
6.953958857713729458e+01
6.915675688609127292e+01
6.797522721987708394e+01
6.620083506605287482e+01
5.283780190392926812e+01
7.742309267076875301e+01
6.297939623192726799e+01
7.103204186651332463e+01
1.276027253237297714e+02
1.286659946901286560e+02
1.292322216204071026e+02
1.304697694825590872e+02
1.316665756809052539e+02
1.301157311188715084e+02
1.319741252799997540e+02
1.338650060827666834e+02
1.374451257151876860e+02
1.381615351831878513e+02
1.384534564785475652e+02
1.371924211770562749e+02
1.377588909222064615e+02
1.380505455107937962e+02
1.372434679143654250e+02
1.383310779526855754e+02
1.382327368831337822e+02
1.360473531229842195e+02
1.371942904180767755e+02
1.366833532836048164e+02
1.396567649001529219e+02
1.402671542360862134e+02
1.394399921783410718e+02
1.405248925223874608e+02
1.401500471362753615e+02
1.409840699725295678e+02
1.407412990081745363e+02
1.406307339233530058e+02
1.414242166595075219e+02
1.412043803383195950e+02
1.425172085749676114e+02
1.430990364709754488e+02
1.423653451937042291e+02
1.432453727586873242e+02
1.427967545376778276e+02
1.435059027909167071e+02
1.433611690732822694e+02
1.431785153001082449e+02
1.437917325990495669e+02
1.436799419435920981e+02
1.435189264872367403e+02
1.440283232761713066e+02
1.439480716132080431e+02
1.449444990550115619e+02
1.436693429906981976e+02
1.441085344440952554e+02
1.440892486952878926e+02
1.453826514159013925e+02
1.457212344757446942e+02
1.453698251782993509e+02
1.457331115489441231e+02
1.351677987873612210e+02
1.454229203845154643e+02
1.457367846978727925e+02
1.457341827203814262e+02
1.454503428040719371e+02
1.457333775573099501e+02
1.457360942662876653e+02
1.455036785937004993e+02
1.457269947050936878e+02
1.457482782432191186e+02
1.464175146665753289e+02
1.459075652230717992e+02
1.460929725080764570e+02
1.461282872336017249e+02
1.459271602667436696e+02
1.464922936263384656e+02
1.462573640320715356e+02
1.464297465129479576e+02
1.463441908074614446e+02
1.464420016097653559e+02
1.465587421816146900e+02
1.465262211553525162e+02
1.465268964669369041e+02
1.465151046736584419e+02
1.462302434952652561e+02
1.463306457248825438e+02
1.463493257261062297e+02
1.462235982805579795e+02
1.142271361362797393e+02
1.164631312058967723e+02
1.194839726828615198e+02
1.194903650956593566e+02
1.185151758844569798e+02
1.203972446514348604e+02
1.221585156611859020e+02
1.239473713318781876e+02
1.256635647388818029e+02
1.272162803561416808e+02
1.287194918825926209e+02
1.307713182931105393e+02
1.301174896257808768e+02
1.306102206661341256e+02
1.312497185376702760e+02
1.324263112132706226e+02
1.343552349874237279e+02
1.341471032771827936e+02
1.347004964181668356e+02
1.337435541503765251e+02
1.365942846770954304e+02
1.354853722465447561e+02
1.357965361125656898e+02
1.352612684206344511e+02
1.375247094764065423e+02
1.387309124563935541e+02
1.383490079753262592e+02
1.386287401400784347e+02
1.395410205462052318e+02
1.390054287758193254e+02
1.404382539336830575e+02
1.403772938735999105e+02
1.401227513606152399e+02
1.406821796659099562e+02
1.423218664955641088e+02
1.420917977206352987e+02
1.423068854619762078e+02
1.416576006867902322e+02
1.410471527982297459e+02
1.409825891107344091e+02
1.412522795976884424e+02
1.429698381422700493e+02
1.425182778591112367e+02
1.434377744508628325e+02
1.437869607002584473e+02
1.441855214063233745e+02
1.440566073213839218e+02
1.442494628457909016e+02
1.446896307365146868e+02
1.443555136095865805e+02
1.450318511870571854e+02
1.450958345021049070e+02
1.449449735734202136e+02
1.451572309941200558e+02
1.459744853113714385e+02
1.460244539736278284e+02
1.460926260387981586e+02
1.452819916523902464e+02
1.458909136350796700e+02
1.459365467824606526e+02
1.459823178445450367e+02
1.457880494761107286e+02
1.458260051967804145e+02
1.458854390986721512e+02
1.456554792125216693e+02
1.456770302146979930e+02
1.457602082995989861e+02
1.454869431087438727e+02
1.454980872477935065e+02
1.455931839418061031e+02
1.452875347044389684e+02
1.452859995461121798e+02
1.453991377226113002e+02
1.120951536134885203e+02
1.058636545979722570e+02
1.071150959717743234e+02
1.056215471799243062e+02
1.086767787308239690e+02
1.099059755874187232e+02
1.085094288930139328e+02
1.012260128227193121e+02
1.043358154200199976e+02
9.311671915797701615e+01
9.286954609741054867e+01
9.470392134992366096e+01
8.933282983104722064e+01
8.902593310172908048e+01
9.098922243814855904e+01
9.666132296403037572e+01
9.646472684882998294e+01
9.816408234371584740e+01
8.724259478264880840e+01
8.348260204388921579e+01
7.872785758625953179e+01
7.424616854565023516e+01
6.744292696263798348e+01
6.663527430157711251e+01
6.858111729881181873e+01
6.111946485648912386e+01
6.315505769189373098e+01
6.453773834844545831e+01
5.945775116022528550e+01
7.257775729951090682e+01
7.100384904341339620e+01
7.255925703152632877e+01
1.269526952151536960e+02
1.283372539581434353e+02
1.272631371268346641e+02
1.287274025494724299e+02
1.312699514812614723e+02
1.323541928557995959e+02
1.308860846016069956e+02
1.328005475390043557e+02
1.373417096441723970e+02
1.373255527187305063e+02
1.366162148266562895e+02
1.377517454034505420e+02
1.384782753011275815e+02
1.375016419868619835e+02
1.387336256282302998e+02
1.399124833642883914e+02
1.403903981319777472e+02
1.410734459193668329e+02
1.416346921036546576e+02
1.408608091527050306e+02
1.418208565668571453e+02
1.426643571870785081e+02
1.429888369045658010e+02
1.433510066470193465e+02
1.435971478368559531e+02
1.446383255308866751e+02
1.449897315221997758e+02
1.445921913927519427e+02
1.438269821038960288e+02
1.441786353903601992e+02
1.437558484361415765e+02
1.450274316960728243e+02
1.454107759302630711e+02
1.339360135870973352e+02
1.341164093176371637e+02
1.349996964476642063e+02
1.454403054234115586e+02
1.454777083984267279e+02
1.455064254291569625e+02
1.455084435954520643e+02
1.457225800965733526e+02
1.461776610128363814e+02
1.462270539850060800e+02
1.463665521300183627e+02
1.458989081931928808e+02
1.459075505609982599e+02
1.460833505600701017e+02
1.457153955639536491e+02
1.463044466626905944e+02
1.463576238983565645e+02
1.460286554339610632e+02
1.461499655565168325e+02
1.462210289126869043e+02
1.463239721336400976e+02
1.464614660167218290e+02
1.463880785154520936e+02
1.463789014715255803e+02
1.461825181173572332e+02
1.463029806027023767e+02
1.462100766893007346e+02
1.460136138033604141e+02
1.461111412904693339e+02
1.461240733814861699e+02
1.135606170859343393e+02
1.133052317718040740e+02
1.144815116005854634e+02
1.160297602880964547e+02
1.167944701754823171e+02
1.157132512651791103e+02
1.182195949404629829e+02
1.178756506275276905e+02
1.188637228587496679e+02
1.207459761995678491e+02
1.201175062291398348e+02
1.210238923510585209e+02
1.218895103274989111e+02
1.238349416613188936e+02
1.243560866057667198e+02
1.234175450236100602e+02
1.252460427268311633e+02
1.258520915303175798e+02
1.250553359564694489e+02
1.267650793078508400e+02
1.266065459411893812e+02
1.273758626826454758e+02
1.283219850567775495e+02
1.288945825126760099e+02
1.281474060207603998e+02
1.297877758399123422e+02
1.302855944766204175e+02
1.296202442741722791e+02
1.319972629474963242e+02
1.313900467733774633e+02
1.318575107634348740e+02
1.325657756834119709e+02
1.349239002381214334e+02
1.338953349844243235e+02
1.341281746585262340e+02
1.335092810882385379e+02
1.365381367126868781e+02
1.363190102749416894e+02
1.368145501144515492e+02
1.360161308047952673e+02
1.374008357240217606e+02
1.372421318888774806e+02
1.376841272153135662e+02
1.381685146208724575e+02
1.380643524581573729e+02
1.384537739018033449e+02
1.399674850282586931e+02
1.398836920178657124e+02
1.396243141972640842e+02
1.393809119560596912e+02
1.393269690668011549e+02
1.390601223956503532e+02
1.402047279355708156e+02
1.407461641968511117e+02
1.419259456052862731e+02
1.418907852849194740e+02
1.421272713203163676e+02
1.416928835420928010e+02
1.415578565787643868e+02
1.415051558600397641e+02
1.413039766360268459e+02
1.427751362482181037e+02
1.430027715872916758e+02
1.427419690966395649e+02
1.425525731939686409e+02
1.435394960477917721e+02
1.433845952149197558e+02
1.435919319293487035e+02
1.437326081958854900e+02
1.438395338643412344e+02
1.438801202172198828e+02
1.440154173071370280e+02
1.447307188701431642e+02
1.447901858452598276e+02
1.446309651748148895e+02
1.443453338379146658e+02
1.444341155362052973e+02
1.442678320223692197e+02
1.448813931060527693e+02
1.451594086546774633e+02
1.459949587047254909e+02
1.459328143361826164e+02
1.458395359006823355e+02
1.457221073366416420e+02
1.455716848469812987e+02
1.453876702143855084e+02
1.450633328405524765e+02
1.451749136665344508e+02
1.451753851681923777e+02
1.123369135232383655e+02
1.072750987857459961e+02
1.113649897509181557e+02
1.100310054786749703e+02
1.112360643797663897e+02
9.997096935204689316e+01
9.980683592548099625e+01
1.013969493212628663e+02
1.030618965243815381e+02
1.029302284733730914e+02
1.044731499226785161e+02
9.486467842986513688e+01
9.117613879444149916e+01
8.744841535637159780e+01
9.830707153110235197e+01
8.550103054702525185e+01
8.336164179213015757e+01
8.561274531519346453e+01
7.704293047585395016e+01
7.662670552657409928e+01
7.912391102306987989e+01
7.447091512864041363e+01
6.509014663276680324e+01
6.998197435972173253e+01
4.726973250736837429e+01
4.937850016685061405e+01
5.564742369974153746e+01
1.243210423831611990e+02
1.256282368854947435e+02
1.259662705475121811e+02
1.282642282293460596e+02
1.293774607893182065e+02
1.276089531587114863e+02
1.297995699846591151e+02
1.319315023830670270e+02
1.331114235289910255e+02
1.316178869789881105e+02
1.358058848372320995e+02
1.365130900561816247e+02
1.366125532049669573e+02
1.354111664853894581e+02
1.364363752431792989e+02
1.362998709214714097e+02
1.357244569369177896e+02
1.361131564691704625e+02
1.369485465951906065e+02
1.366756717954072826e+02
1.383689353151062278e+02
1.390215517955254256e+02
1.380782554878168469e+02
1.392794881030769147e+02
1.389846829445534127e+02
1.398180309454063206e+02
1.395575680285215014e+02
1.395411234425985469e+02
1.403257272807412050e+02
1.400766169387400168e+02
1.414977772807389726e+02
1.413027067920878039e+02
1.420159752957394232e+02
1.421625380306215050e+02
1.417930092155108355e+02
1.422863802745756061e+02
1.424922679366121940e+02
1.423887386999719524e+02
1.429622525584792356e+02
1.427792951774574135e+02
1.427247605065503535e+02
1.432055797462706721e+02
1.431165721618030773e+02
1.442499159960141242e+02
1.429557242360173461e+02
1.434042643596113180e+02
1.433073683132772942e+02
1.447346254479873267e+02
1.450626361497795358e+02
1.446985352629055512e+02
1.450912082355192183e+02
1.329602786832618335e+02
1.346814743415920930e+02
1.448306850158996610e+02
1.451225691717380641e+02
1.451483642634890145e+02
1.448997581114616082e+02
1.451721372542127710e+02
1.452095478990413255e+02
1.451791875545558526e+02
1.453397784294388941e+02
1.453484728155142705e+02
1.460469635542224864e+02
1.454924022921877622e+02
1.457043944245447733e+02
1.456980157584503957e+02
1.455067213278833833e+02
1.461049944183346270e+02
1.461725264043466268e+02
1.463085841482566991e+02
1.462203633317330684e+02
1.459712537620420392e+02
1.461165339163202077e+02
1.460022492671242844e+02
1.462543660733838919e+02
1.462570019384387479e+02
1.460169483494966300e+02
1.461234516563257273e+02
1.461021099978746065e+02
1.460169457284279702e+02
1.148039908135760214e+02
1.171400581643861045e+02
1.194984871170167793e+02
1.226197458842050310e+02
1.216911052398663884e+02
1.228189281776084698e+02
1.245413009535050435e+02
1.232315912799789572e+02
1.260093373264423207e+02
1.275509968202711519e+02
1.290635658588949184e+02
1.310741401345421195e+02
1.304373264631793745e+02
1.309219716706449788e+02
1.315410013052954525e+02
1.331479735642181197e+02
1.331352612388036505e+02
1.325781283008413993e+02
1.348518099646823316e+02
1.351722459452362841e+02
1.346026373100840487e+02
1.335265036468246933e+02
1.343764322905599045e+02
1.369739136797501544e+02
1.358607890826515359e+02
1.362040686633466464e+02
1.356729592542029081e+02
1.377895072558512197e+02
1.388561030956180389e+02
1.387924972827341890e+02
1.385161003079001318e+02
1.396768354507061076e+02
1.391216021251399297e+02
1.405239096541664878e+02
1.404804626662638327e+02
1.402480950385466656e+02
1.407866513073895760e+02
1.423759097291957403e+02
1.421548751592570454e+02
1.423485419276539687e+02
1.417435915448817525e+02
1.413982509608230487e+02
1.412241233048453637e+02
1.414779882051140021e+02
1.431679588505038794e+02
1.431954018441263372e+02
1.429758463629327991e+02
1.425790931734003664e+02
1.433567343641466891e+02
1.436939062340881605e+02
1.440782401096624028e+02
1.441307273175392254e+02
1.439621885819563261e+02
1.445400361170676149e+02
1.442135820820670347e+02
1.448061875206293223e+02
1.447689246085966772e+02
1.449191280771391348e+02
1.450472791807775934e+02
1.458326531024495694e+02
1.459241901918387896e+02
1.459034538621518493e+02
1.457903906258053155e+02
1.458407522055274796e+02
1.458830894186224043e+02
1.457065313097351407e+02
1.457473562536200120e+02
1.457991006176528401e+02
1.455968580175425586e+02
1.456261241705930729e+02
1.456930189718839586e+02
1.454557140665093300e+02
1.455561831028113602e+02
1.454712838256807856e+02
1.452835364044542814e+02
1.452854833406432817e+02
1.453858025752012963e+02
1.450817366830455342e+02
1.450723171700898035e+02
1.451850955711259701e+02
1.124729869792091534e+02
1.060274320324334241e+02
1.059444686280349401e+02
1.073670432318180872e+02
1.088825183419629923e+02
1.087764811833247478e+02
1.101360170114017620e+02
1.015165623222955702e+02
1.045532718392014147e+02
9.327255329858964217e+01
9.497111118369794269e+01
9.318144203715911544e+01
8.954969478057442700e+01
9.132302458455639282e+01
8.941306210417944556e+01
8.743812175994219160e+01
9.681146070064079368e+01
9.840335467372878497e+01
9.673194895174259500e+01
8.129115953064426492e+01
8.130665981518205854e+01
8.342029495411705398e+01
7.469442262831618962e+01
7.904851396350387915e+01
5.856271849926738327e+01
6.003115016059476972e+01
6.358542457881704735e+01
7.153991737152649932e+01
6.942491569622762881e+01
7.218805032890905693e+01
5.390993807090781331e+01
1.234170772530817288e+02
1.238555180679317971e+02
1.251881374072613795e+02
1.252663980223067028e+02
1.260934095328402407e+02
1.267852562829337302e+02
1.293418471140883241e+02
1.303151450744358613e+02
1.288217159366446083e+02
1.306680611597776647e+02
1.346282381286247585e+02
1.359403230348220291e+02
1.352001988940499757e+02
1.355963959485028170e+02
1.364708944166640379e+02
1.371193022507438002e+02
1.363054023175891132e+02
1.353761262945129999e+02
1.374484293787646720e+02
1.386856780984186912e+02
1.392625226250545438e+02
1.400578993679807240e+02
1.405734846647965242e+02
1.398083039109946242e+02
1.408041923468478274e+02
1.416483672303852188e+02
1.420927656975172226e+02
1.425596414286511333e+02
1.428426718907516033e+02
1.439845677729594797e+02
1.443155735331554581e+02
1.439177179428168927e+02
1.431692746670699137e+02
1.435024717815798283e+02
1.430696617164322504e+02
1.443762280056927807e+02
1.447903583666940506e+02
1.327974208566014340e+02
1.333779562301581905e+02
1.323829382572078828e+02
1.341252568873096038e+02
1.448706992521539973e+02
1.450431952738453276e+02
1.450858337323776084e+02
1.452947801325039165e+02
1.451341828497060362e+02
1.458920873524683088e+02
1.458993858866106734e+02
1.460353246360137689e+02
1.456451167163188529e+02
1.457745598179958222e+02
1.455744022591698581e+02
1.452949769187653715e+02
1.459622908728322841e+02
1.460791349145093534e+02
1.457294982392885458e+02
1.458556004019174850e+02
1.458763897188294152e+02
1.460896167047327481e+02
1.461353805795261565e+02
1.462075772997472143e+02
1.461399441319951507e+02
1.459705556551222116e+02
1.459956991905969517e+02
1.460765456901706330e+02
1.458409919953996621e+02
1.459270114107920051e+02
1.459302298458898122e+02
1.138266187654167538e+02
1.149418575806240028e+02
1.136863392114748450e+02
1.175698724149587235e+02
1.178990656474288699e+02
1.168020242819429200e+02
1.191987377361629541e+02
1.199814090931031387e+02
1.187083405011415351e+02
1.211226517117000441e+02
1.209341253339882485e+02
1.218811297691284636e+02
1.239080760751296140e+02
1.238690139509239714e+02
1.245810767631949858e+02
1.232655911420049932e+02
1.255261060081689095e+02
1.261520427009971854e+02
1.253842969216924814e+02
1.271663602786816085e+02
1.277515225350436481e+02
1.269658845362079234e+02
1.286495794980176584e+02
1.292267777788116234e+02
1.284867707538092532e+02
1.301075931781253985e+02
1.299487823310041392e+02
1.305966875642866682e+02
1.322900300406305689e+02
1.316873924508754783e+02
1.321429160704264518e+02
1.327237943962367979e+02
1.353601392235299841e+02
1.342313195473153371e+02
1.336942176273239511e+02
1.340635530250281704e+02
1.345452580794131165e+02
1.367837900621460108e+02
1.366613571096240207e+02
1.370968240771885007e+02
1.363272325510428402e+02
1.375885172845161719e+02
1.374951545144911620e+02
1.378830072615257052e+02
1.383333671907103621e+02
1.385967463052236042e+02
1.382513986233703633e+02
1.398926144304305410e+02
1.399301869255229178e+02
1.396396482547272342e+02
1.395106881557415193e+02
1.394450068295195990e+02
1.391870929780727408e+02
1.403339268442562116e+02
1.401516818611002577e+02
1.404289806932198132e+02
1.408746370189810762e+02
1.407010167502161551e+02
1.409608412340425900e+02
1.419330057341690576e+02
1.421577439069289710e+02
1.419292672452623947e+02
1.417480233885481766e+02
1.411380373140114273e+02
1.416675621637658082e+02
1.427923248720957758e+02
1.429835543086060738e+02
1.427842142162380412e+02
1.425879657453679954e+02
1.434959677209782853e+02
1.433354080245722741e+02
1.435170547862603030e+02
1.436710798621992069e+02
1.437765676085395796e+02
1.439294572508519821e+02
1.438088231165155833e+02
1.445517712615455252e+02
1.444511531258293076e+02
1.446408235161727873e+02
1.442897633167686990e+02
1.441859556541226937e+02
1.443160514262815184e+02
1.449348498869785260e+02
1.446792341462445393e+02
1.458376097975654773e+02
1.458122842026984927e+02
1.457489245446743951e+02
1.456522746894574709e+02
1.455268049384364133e+02
1.453701568318543309e+02
1.451830976231268551e+02
1.448508105708486937e+02
1.449565687249230450e+02
1.449662937098930513e+02
1.126027950746398432e+02
1.074690138023805304e+02
1.113514218875795621e+02
1.101268469314738638e+02
1.113599810204406140e+02
1.001322624756893163e+02
1.000492290109091300e+02
1.016104964912048985e+02
1.032026228346779817e+02
1.031320538325240079e+02
1.046310099816185186e+02
9.504540221052647553e+01
9.139083378916645017e+01
8.751514382621051880e+01
9.848594945350255614e+01
8.541841049580595779e+01
8.332437961407599403e+01
8.548604185546749079e+01
7.425118195521662301e+01
7.603425151874699850e+01
7.653161193399336071e+01
7.865993284876053337e+01
6.532139681535910825e+01
6.635926380417602388e+01
6.238412836374362058e+01
6.850645213785227838e+01
4.734403174563168193e+01
4.700999575997614954e+01
5.350443188580136678e+01
1.209848330275198123e+02
1.221941833460816724e+02
1.226597179293904674e+02
1.243339834581274630e+02
1.264942723612684574e+02
1.258863031852891794e+02
1.273886457210717396e+02
1.279509545640147934e+02
1.302981240585712044e+02
1.311246340676290743e+02
1.298391463011022608e+02
1.337992978980378496e+02
1.342148601789791371e+02
1.348023586908867060e+02
1.345938964140371752e+02
1.343900825554298706e+02
1.354516279601830604e+02
1.352429704671486093e+02
1.345039906373654901e+02
1.371836409056077173e+02
1.377849073456300175e+02
1.368445859986735798e+02
1.381035587050375568e+02
1.379051107967061398e+02
1.387329367259785045e+02
1.384352779451062645e+02
1.385468679796019273e+02
1.390350995859199656e+02
1.393206564083853607e+02
1.405161771337973278e+02
1.403036362745938561e+02
1.410137850748426160e+02
1.411655819374473992e+02
1.413331413474006979e+02
1.415647639908397650e+02
1.418693912073104286e+02
1.416480610844226931e+02
1.421938483925270305e+02
1.420134069299818975e+02
1.419926673143820040e+02
1.424823267359702754e+02
1.423531996228752803e+02
1.435936505311603071e+02
1.422990477962054001e+02
1.427465382215627585e+02
1.426223771195109862e+02
1.441444694917947231e+02
1.440758102511880452e+02
1.444432438674141395e+02
1.444991282919226023e+02
1.315801961198627339e+02
1.333076541617093937e+02
1.442704999662156240e+02
1.445937635867457232e+02
1.445475300315328298e+02
1.447528716071086876e+02
1.449673471820455006e+02
1.448311765441626733e+02
1.449234317403281977e+02
1.457745594728982610e+02
1.453551591220257819e+02
1.454274784534873390e+02
1.455059264495450009e+02
1.450910892998411157e+02
1.450893656713246571e+02
1.452918904925647041e+02
1.456836608231613468e+02
1.458585170718462791e+02
1.457853702092621688e+02
1.459279299562638244e+02
1.459545025427061944e+02
1.460516275342417316e+02
1.457265855304311515e+02
1.457307295213513783e+02
1.458505788444929578e+02
1.457071733742962749e+02
1.460142633009047870e+02
1.460323550726626820e+02
1.458186784064502035e+02
1.459176797978172715e+02
1.458960525570397806e+02
1.458308373399724189e+02
1.158288554842854694e+02
1.159388117205670454e+02
1.148303973646734875e+02
1.167090013482394539e+02
1.183922116997603382e+02
1.201702000432921977e+02
1.228986475491775678e+02
1.220183867984142836e+02
1.227598999096169052e+02
1.247200713676527073e+02
1.234064416737945038e+02
1.263526309257880911e+02
1.279158387419703757e+02
1.293874903317039298e+02
1.313668664723855102e+02
1.307439146022214231e+02
1.312191232613982095e+02
1.318329899340171778e+02
1.334200811106505569e+02
1.328602142651116935e+02
1.332835257012983448e+02
1.352075964479771812e+02
1.350295017060635985e+02
1.355388310565369352e+02
1.338302807942479831e+02
1.347238784831900489e+02
1.371911953935191661e+02
1.361381486127121434e+02
1.359998379956954295e+02
1.364658268282914833e+02
1.379658790347691024e+02
1.389230642956655402e+02
1.388885043172593896e+02
1.386312361213651627e+02
1.401141010801201219e+02
1.397036020495613400e+02
1.392185752113661010e+02
1.406058109965134690e+02
1.424321362280792016e+02
1.421862472813036504e+02
1.424039545959419684e+02
1.411841821556361936e+02
1.410305533923041139e+02
1.412917476946356317e+02
1.416369837951506270e+02
1.417868883998686158e+02
1.415183169710450670e+02
1.431541449702555440e+02
1.429769337426878337e+02
1.431606616627546771e+02
1.426155302576905513e+02
1.433278069745372250e+02
1.436400552193127851e+02
1.440043992092131759e+02
1.440409066597042909e+02
1.438932675328960329e+02
1.444225875865373041e+02
1.441468936849753675e+02
1.448280470541113232e+02
1.445889521003892924e+02
1.445702797749018202e+02
1.446981554458517394e+02
1.456825005901057182e+02
1.457574741294208707e+02
1.457626904250433881e+02
1.456650803381389210e+02
1.457276718745932840e+02
1.457497571085012567e+02
1.456128434504348945e+02
1.456596725356165223e+02
1.457023231662069520e+02
1.455293279700179028e+02
1.455630683142318276e+02
1.456186382697349018e+02
1.454140486878829108e+02
1.454348680075952984e+02
1.455061304426606625e+02
1.452676039665662131e+02
1.452755726317814720e+02
1.453623052871450625e+02
1.450904460256427910e+02
1.451875832407597784e+02
1.450861302848519756e+02
1.448833787413879008e+02
1.448666662496629840e+02
1.449831389964616903e+02
1.125997898328520819e+02
1.061457870927020650e+02
1.060886313784928490e+02
1.075300011726716889e+02
1.088427035524862987e+02
1.088656888024393368e+02
1.101127231275901153e+02
1.016813116716063377e+02
1.046928917011799456e+02
9.325830428291436647e+01
9.327574928212972338e+01
9.506456795722817787e+01
8.944695796575570057e+01
8.949446955336378551e+01
9.137329407307217366e+01
8.749202875364247234e+01
9.685359555477950266e+01
9.683938772130329653e+01
9.852116009054087442e+01
8.056998509256234797e+01
8.303294331554585028e+01
8.094281329866140595e+01
7.377501371398405183e+01
7.833281041701043534e+01
5.851858505479441419e+01
5.853020679058386122e+01
6.228199010066643382e+01
6.805433015438836719e+01
6.673969606824813638e+01
7.002263386574736614e+01
5.337432368860828547e+01
1.203862784909265287e+02
1.219051650641369662e+02
1.206800475545939690e+02
1.226767034266995466e+02
1.230475644918494567e+02
1.239828148638468690e+02
1.236501780339729351e+02
1.244462173676398322e+02
1.250932699329177922e+02
1.276311110752501321e+02
1.284965309764778567e+02
1.270829014727081869e+02
1.289982718434288245e+02
1.321817458208396943e+02
1.334162429895131368e+02
1.329801012762559935e+02
1.353863184821753691e+02
1.359378637112036188e+02
1.348973683303759685e+02
1.327846818117246528e+02
1.336997459754035447e+02
1.335849983915930750e+02
1.363134516474649445e+02
1.375530150720397558e+02
1.382258146755882251e+02
1.390954983047588769e+02
1.388285731077185687e+02
1.395838733185756269e+02
1.398284971195159017e+02
1.409375958020969790e+02
1.414975373608208997e+02
1.418219905678773500e+02
1.421480735739992838e+02
1.433845700259734315e+02
1.436886481874416006e+02
1.432884022834883240e+02
1.425599207548824268e+02
1.428687948660291624e+02
1.424363157963906588e+02
1.437796479443082660e+02
1.442153113376739952e+02
1.312879565347690232e+02
1.320423428091167750e+02
1.308021260021060925e+02
1.325551837131821742e+02
1.442737046662199987e+02
1.445885144927779891e+02
1.442780727317709477e+02
1.445216776600906599e+02
1.447026041850788545e+02
1.447298008613375941e+02
1.448947064686714157e+02
1.456670619806332638e+02
1.452278841747576905e+02
1.453740008497021563e+02
1.455118567931617690e+02
1.453699102616311336e+02
1.448010375971695680e+02
1.449412020779734007e+02
1.449479986269752203e+02
1.458336886882160002e+02
1.454896582619321066e+02
1.456128595956223819e+02
1.456073365005063636e+02
1.454421412449737545e+02
1.455888385021933402e+02
1.455603002256507068e+02
1.459004774618000226e+02
1.459155418668331379e+02
1.459947296672657160e+02
1.459358585434745805e+02
1.457584689943574858e+02
1.458646019186598721e+02
1.457893212715368350e+02
1.456674653145954039e+02
1.457541497184121511e+02
1.457441168505510234e+02
1.137599011028927265e+02
1.137927672315621379e+02
1.148076164005760518e+02
1.176673383204988284e+02
1.167541322092075120e+02
1.176178840720253760e+02
1.184407797654139358e+02
1.195438166582395354e+02
1.193717490220247726e+02
1.203422859822123741e+02
1.214131809325538853e+02
1.212688988352597335e+02
1.221641833896290166e+02
1.241870179619789951e+02
1.240464579381071246e+02
1.248638028969626248e+02
1.235460883203264615e+02
1.259526869093437114e+02
1.265670870226766596e+02
1.257395527759758522e+02
1.275591882176043725e+02
1.273638433071047444e+02
1.281126188056040860e+02
1.290525477382431347e+02
1.288521999516052006e+02
1.295876629657576302e+02
1.303815200683482942e+02
1.302463305774193714e+02
1.308802589604180184e+02
1.325719175916262031e+02
1.324295740263259233e+02
1.319751060052037701e+02
1.330003941232733666e+02
1.356781949574437078e+02
1.344802069522947363e+02
1.339550608121503501e+02
1.343553356889908912e+02
1.348484595592078392e+02
1.369910064681624249e+02
1.368881378579717421e+02
1.372942906830414813e+02
1.365702042030853249e+02
1.377265607274361514e+02
1.376584442178458971e+02
1.380331181298199397e+02
1.387777779168176266e+02
1.385568819695305081e+02
1.388507755430564998e+02
1.401601941111242695e+02
1.400273550184448936e+02
1.402472977069906790e+02
1.398381301211163361e+02
1.393552095924188166e+02
1.391410537377541914e+02
1.394332259811888832e+02
1.406979757729073981e+02
1.405174215405767484e+02
1.407862814914366254e+02
1.420964197213444038e+02
1.420150107359178548e+02
1.422672292431740289e+02
1.409426122086331077e+02
1.414125611945726178e+02
1.418696481611067668e+02
1.428193987382994123e+02
1.428062289508780793e+02
1.429897525858876008e+02
1.426291539330526348e+02
1.434710519665557911e+02
1.434828258703687993e+02
1.433154935871837097e+02
1.436266805305279775e+02
1.437536616622283248e+02
1.437646590520678842e+02
1.438806146498733938e+02
1.444405660919330785e+02
1.440886262176431103e+02
1.440468841681139054e+02
1.441896538685202529e+02
1.447199023886305440e+02
1.456758723710991887e+02
1.456746395440722210e+02
1.456397419777522657e+02
1.455718070434533615e+02
1.454723624148743397e+02
1.453414755582930695e+02
1.451796610011687392e+02
1.449875548419011579e+02
1.446478335168369824e+02
1.447487917373035771e+02
1.447656959026779475e+02
1.125663480994849266e+02
1.075137902776326939e+02
1.113839302682383732e+02
1.101284841306512021e+02
1.113655766775462297e+02
1.002883715919543022e+02
1.002066399621574959e+02
1.017574668255364259e+02
1.032992748535187957e+02
1.032555741265736344e+02
1.047445539091756501e+02
9.138226383923924345e+01
9.509894642740306381e+01
8.744538794897931666e+01
9.859505591026589855e+01
8.497231273091024661e+01
8.519275790879444799e+01
8.280966139466841014e+01
7.227517475538080305e+01
7.453955076264672641e+01
7.766294748047145902e+01
7.536229708194301224e+01
6.374472978863819606e+01
4.942480237774444873e+01
4.818862619733407371e+01
5.421178587073578115e+01
1.175938623210620477e+02
1.189880611791985530e+02
1.192992592636239948e+02
1.215411114397672208e+02
1.231703359299140317e+02
1.248302880495253362e+02
1.256722557140268890e+02
1.242503139447561011e+02
1.262656563922498663e+02
1.286808477010048364e+02
1.295000508245970252e+02
1.281767522028824260e+02
1.317335189792711958e+02
1.324794121989268376e+02
1.337050044562657831e+02
1.340469108192255590e+02
1.345631814910185540e+02
1.320186776890098201e+02
1.332045445795598653e+02
1.323924509150149049e+02
1.361777289143453515e+02
1.358000988953455987e+02
1.366896688058142786e+02
1.370604046496482908e+02
1.369445211858403013e+02
1.374152861778943304e+02
1.377550181532298268e+02
1.376366108451432524e+02
1.380831927971717619e+02
1.383819196084863279e+02
1.394868752547749864e+02
1.393071445084144671e+02
1.400077475988335891e+02
1.404859897523724328e+02
1.409151062942947590e+02
1.405147508447506368e+02
1.410821442673234571e+02
1.409506022112869630e+02
1.412937866736114643e+02
1.414799787390876986e+02
1.413595423060466203e+02
1.416707472321750458e+02
1.418370260094766593e+02
1.429881339953145414e+02
1.416967840861248078e+02
1.419930061129278727e+02
1.421400393627174310e+02
1.435519595173209950e+02
1.434787673590754764e+02
1.438517932136199988e+02
1.439221227564102037e+02
1.300079729781274409e+02
1.436778487834108660e+02
1.439710131989206445e+02
1.439844474424473901e+02
1.443084406345408865e+02
1.445324806974385012e+02
1.442984203784855026e+02
1.447497738100270510e+02
1.445117245329635409e+02
1.455340476223246924e+02
1.450017217193120871e+02
1.451774664738232730e+02
1.450478875067837237e+02
1.451936921291131171e+02
1.447086124382513788e+02
1.448996214898740789e+02
1.447556521464001946e+02
1.456908797872676757e+02
1.458100464991634908e+02
1.457119146400030445e+02
1.454656245361008757e+02
1.455386155906028591e+02
1.455135766326813780e+02
1.456327695823532054e+02
1.454105454034707918e+02
1.457981630438836760e+02
1.458293442266999591e+02
1.456177276846709105e+02
1.456889330713524942e+02
1.457181050827500997e+02
1.456435059125890064e+02
1.158785761198483470e+02
1.148278431599567568e+02
1.158551006381800761e+02
1.167799408625582771e+02
1.186146916041353592e+02
1.204892804532977379e+02
1.230971999191278741e+02
1.229969175112969566e+02
1.222628138403263591e+02
1.250770428857250636e+02
1.236472894036762682e+02
1.267645482754216744e+02
1.283158161991105146e+02
1.297266455035974104e+02
1.315985378086242292e+02
1.314803920041181868e+02
1.309974994417736411e+02
1.320890033366392515e+02
1.337033289844207218e+02
1.335603799969073862e+02
1.331432961844266174e+02
1.354559926972632979e+02
1.353324590866820927e+02
1.358023296858837057e+02
1.340956791803578199e+02
1.349735729928179637e+02
1.373640955757757069e+02
1.363585779487540890e+02
1.362492173262178596e+02
1.366799767231980240e+02
1.382605846685005986e+02
1.382974062162216171e+02
1.379960163370417945e+02
1.385205890459099294e+02
1.390683364052013644e+02
1.404307862188874765e+02
1.399609278865023327e+02
1.397374346975813069e+02
1.400608547271057205e+02
1.396601054134873721e+02
1.424967432206259730e+02
1.422996281585341762e+02
1.424641668576458358e+02
1.410211019978451077e+02
1.408603599472380665e+02
1.411022954849236442e+02
1.413976380454396349e+02
1.415188054530042905e+02
1.412912102336661633e+02
1.417837016658683069e+02
1.417106880220098333e+02
1.419428846621361231e+02
1.431626103043130058e+02
1.431581746466589777e+02
1.429943061307284893e+02
1.426609847415084289e+02
1.433187658237724520e+02
1.436148901626706049e+02
1.439225465421208696e+02
1.443810149670879071e+02
1.443355614597525403e+02
1.444855630405891702e+02
1.442355875536277949e+02
1.446179195639591342e+02
1.455281784608401949e+02
1.456052892147185105e+02
1.455988532845667578e+02
1.455359637920315663e+02
1.456004787975157910e+02
1.456101980945674370e+02
1.455108595476118865e+02
1.455888703615901250e+02
1.455618347526946650e+02
1.454529344146614278e+02
1.455337219450784687e+02
1.454911245636848491e+02
1.453631515096218436e+02
1.453886098750139411e+02
1.454470265422781949e+02
1.452418708604544975e+02
1.452547672512528152e+02
1.453287064983465484e+02
1.450896098427657535e+02
1.450900813494289991e+02
1.451793207070608105e+02
1.449068738129878966e+02
1.448952048743536807e+02
1.449993515225142175e+02
1.446941621648851992e+02
1.446705346660179146e+02
1.447894492907302322e+02
1.125828409915247050e+02
1.062292294186348016e+02
1.061924019501932150e+02
1.075557829365621956e+02
1.089733514918201962e+02
1.089134065895614185e+02
1.101930401082590549e+02
1.018139610333914362e+02
1.047901909066977311e+02
8.938784191031948012e+01
8.943518812990295430e+01
9.136974138176518068e+01
9.390461546497141399e+01
9.358334682655666370e+01
9.541094525684776784e+01
8.722597331987891778e+01
9.754214409406831976e+01
9.892658814942235779e+01
9.719524389055605695e+01
7.964368143226722907e+01
8.237051420233233046e+01
8.015028739779725697e+01
7.159064664862110305e+01
7.726333926176481270e+01
6.000205035736065895e+01
5.931953570556192545e+01
6.436713065444236292e+01
5.503323357685381012e+01
1.172846033783308002e+02
1.174403244669333333e+02
1.188491726509819415e+02
1.207509922315633020e+02
1.217213442033867068e+02
1.205832634781855006e+02
1.222206123455886484e+02
1.219130986124190912e+02
1.233962299789051684e+02
1.227701785810595538e+02
1.260022413473384546e+02
1.268275981308594993e+02
1.254382272559036977e+02
1.273777430076141428e+02
1.297656849466614517e+02
1.309850976063421797e+02
1.305143496411471631e+02
1.307214031038325004e+02
1.317610702915519028e+02
1.314390076957801057e+02
1.344191000373091640e+02
1.349120249023256406e+02
1.340732827114700285e+02
1.328706975412606539e+02
1.313698616824615328e+02
1.353278438575553082e+02
1.365690748944797690e+02
1.372902055277295403e+02
1.382009102542505161e+02
1.379263266751194692e+02
1.386553747532406646e+02
1.388686073373751242e+02
1.400107214876463502e+02
1.407266065729798186e+02
1.411573994849213705e+02
1.415299562492867835e+02
1.428142562571499639e+02
1.426979210191192635e+02
1.431031159971366833e+02
1.419984105709275752e+02
1.422831692980052196e+02
1.418539309656857199e+02
1.431974285338037021e+02
1.436212565148210558e+02
1.292329255383629345e+02
1.437956380719697620e+02
1.440371114544806517e+02
1.437421725822273118e+02
1.440625398787534266e+02
1.444093165261931233e+02
1.446080642564218977e+02
1.445548688272468212e+02
1.443648695067181507e+02
1.448564520004350129e+02
1.451142151652526593e+02
1.452464894480906423e+02
1.450599642333228587e+02
1.445622070774393819e+02
1.456159382191515874e+02
1.452113299376572400e+02
1.453243300899661676e+02
1.453527246640931025e+02
1.453046895219916621e+02
1.454225689066678626e+02
1.453953763514931836e+02
1.452832942946819514e+02
1.457254498176963295e+02
1.455341407218922427e+02
1.455769458133932233e+02
1.456465652137758582e+02
1.454868480267693371e+02
1.455771137451889103e+02
1.455533719192115711e+02
1.137630684937374781e+02
1.137648621053221234e+02
1.148333554518672344e+02
1.178460157111935160e+02
1.168697039389021768e+02
1.177552245700878473e+02
1.187032679827847801e+02
1.198256782896803827e+02
1.196868451378870333e+02
1.206299250475514668e+02
1.216952386545662250e+02
1.215565045082590103e+02
1.224044873904476560e+02
1.247632668716133821e+02
1.244754962198264678e+02
1.253658690721633064e+02
1.239377188039577646e+02
1.263790448805713851e+02
1.261671438934640861e+02
1.269779439064109710e+02
1.279116902547640962e+02
1.277371953148323769e+02
1.284907347713591719e+02
1.293391664681390409e+02
1.291981716022898468e+02
1.298686694139933309e+02
1.305940184922652634e+02
1.304906780283162959e+02
1.311028309999421992e+02
1.328171642955906862e+02
1.322143263866283007e+02
1.326930371599102898e+02
1.332656588970776568e+02
1.359134482062184190e+02
1.347376612546103161e+02
1.346080707029335031e+02
1.342252835656027798e+02
1.351016694151893773e+02
1.371819465270550324e+02
1.374588891314860462e+02
1.370873775771904377e+02
1.367763110277087435e+02
1.379330390208680512e+02
1.378299847127445332e+02
1.380988496213562087e+02
1.386141223927893122e+02
1.384384742567530679e+02
1.386965671422496769e+02
1.391955402191715336e+02
1.389880919878423242e+02
1.392756522416856910e+02
1.405121409154318712e+02
1.403375209087116104e+02
1.406051144639029076e+02
1.402386060348229080e+02
1.398204655979538416e+02
1.395898487349668358e+02
1.398907406009978445e+02
1.421880345233595335e+02
1.421423876162511419e+02
1.423449928339304051e+02
1.407675419626513360e+02
1.412106768561111494e+02
1.415934664089731427e+02
1.419889610292312909e+02
1.428690424746466476e+02
1.430188079602878020e+02
1.428444282000272381e+02
1.426859579263222599e+02
1.434440998206331983e+02
1.434572257608762698e+02
1.433054067021299716e+02
1.435990969175675502e+02
1.438815883916313965e+02
1.438178551001898313e+02
1.439858091998676741e+02
1.445145387756353159e+02
1.441807400700951973e+02
1.441348474985879591e+02
1.442815636496975173e+02
1.455085426069760786e+02
1.455330263185766739e+02
1.455243153355420418e+02
1.454827414329460851e+02
1.454088548572489401e+02
1.453032970089792286e+02
1.451665137622661632e+02
1.449990128383320211e+02
1.448013003889428205e+02
1.444519595043426250e+02
1.445499216497743191e+02
1.445738650354093409e+02
1.125884942299810660e+02
1.076260141878829728e+02
1.115626829942179370e+02
1.102866127409739363e+02
1.114668345567013858e+02
9.999177381837853318e+01
1.016819057010606855e+02
1.001418279566807144e+02
1.035203181377919321e+02
1.048969017165991744e+02
1.034156563993895475e+02
8.722264934874759490e+01
9.170533881684718835e+01
9.574355708063175996e+01
9.877965924884369997e+01
8.473808968273210951e+01
8.482536930678440967e+01
8.227974458193988028e+01
6.760253784842410596e+01
7.127767676279601972e+01
6.791096739036156293e+01
7.346661588083233596e+01
7.407897119995608648e+01
7.670423169239741412e+01
6.416735620237933801e+01
5.247543583514860188e+01
5.081026814778902434e+01
5.633012882364229057e+01
1.141532259099173814e+02
1.157289378170746232e+02
1.158827735644750874e+02
1.190559961294910494e+02
1.213416713057854679e+02
1.231568288004770011e+02
1.240050212270160301e+02
1.225471971001675797e+02
1.246180878586421699e+02
1.271644890049457643e+02
1.279336897967362887e+02
1.266053024857837102e+02
1.302407051523625512e+02
1.325841345499477768e+02
1.335242120926869518e+02
1.331347275290177095e+02
1.322996153912777970e+02
1.294267642292747382e+02
1.307352097535510609e+02
1.300611048517489223e+02
1.352603359458537682e+02
1.357275196773960033e+02
1.348567217327608887e+02
1.361200364341266891e+02
1.360748968920191828e+02
1.368644990592906368e+02
1.365006425427878014e+02
1.367909094137766317e+02
1.372053806977261274e+02
1.375121420162382435e+02
1.387245084934001227e+02
1.391119140998160333e+02
1.384773256506693997e+02
1.398718382167436687e+02
1.401861209364640501e+02
1.396944659438977681e+02
1.404261564336713093e+02
1.403419901787759443e+02
1.406403235542607035e+02
1.408585918427397417e+02
1.407697154472970738e+02
1.412404662519262786e+02
1.410593653133442160e+02
1.424212135723716983e+02
1.411411759876629333e+02
1.415807125620501097e+02
1.414143370244510152e+02
1.430191096726175886e+02
1.432886754805417695e+02
1.429265845924168730e+02
1.433583035209296668e+02
1.284895252465734075e+02
1.432151129300197852e+02
1.435140733598259715e+02
1.434433288833224935e+02
1.439171007494405501e+02
1.441151433524573804e+02
1.438634936203141308e+02
1.441709368613610707e+02
1.445805740396506849e+02
1.447915750317287120e+02
1.446439852147914849e+02
1.447667929094065755e+02
1.449448082807563765e+02
1.448823479657612552e+02
1.443752788089689147e+02
1.443942836273288606e+02
1.445416359672906310e+02
1.454151465635906675e+02
1.455531779811103092e+02
1.454768736304120011e+02
1.451651134928263502e+02
1.452570083448044045e+02
1.453594859436115030e+02
1.456133668391003084e+02
1.454114817899483683e+02
1.455145844561203887e+02
1.454740048430031720e+02
1.454502584843761781e+02
1.159889485646061473e+02
1.148896292113703765e+02
1.159311392568374970e+02
1.169242169914100344e+02
1.188471499242089067e+02
1.207740325911018857e+02
1.234788056859935210e+02
1.225975228899382898e+02
1.232851083061235613e+02
1.255809264046615823e+02
1.241272665328352502e+02
1.271564767962290148e+02
1.286367782264033508e+02
1.299782606278264154e+02
1.317360121304419920e+02
1.316652015999712546e+02
1.311743886384202256e+02
1.322808409360804092e+02
1.340405580890610224e+02
1.338710603249782878e+02
1.334359103573841878e+02
1.357027129438187671e+02
1.355803505993169722e+02
1.360361710118938845e+02
1.343931215611622747e+02
1.352258769438885224e+02
1.375624576145393689e+02
1.365863718018704276e+02
1.364735976120190060e+02
1.368892137968193765e+02
1.382765501710814533e+02
1.389066799989629146e+02
1.395100923959283534e+02
1.403963121309665496e+02
1.401803926176248751e+02
1.404538491783774248e+02
1.401101685764568003e+02
1.425770899491586476e+02
1.425365568314753659e+02
1.423850034925881403e+02
1.408525620912539864e+02
1.409368034544426962e+02
1.406841660293835332e+02
1.414393644669593471e+02
1.412331723888000568e+02
1.414175274987159412e+02
1.416141125067551343e+02
1.418976776746503106e+02
1.418408907180426297e+02
1.420451028763994259e+02
1.432262046754185860e+02
1.431942337647721786e+02
1.430502141262635689e+02
1.427257314587621693e+02
1.433366381814064994e+02
1.435579386799153383e+02
1.435013733352860754e+02
1.436563836843352817e+02
1.437206724295628533e+02
1.440320156758456278e+02
1.444166190291387011e+02
1.443171945403648806e+02
1.453668525243530780e+02
1.454474948159085841e+02
1.454279909674385465e+02
1.454003627282328637e+02
1.454681502376886897e+02
1.454653378698013739e+02
1.454007217801994329e+02
1.454693473092244460e+02
1.454557888563185202e+02
1.453683245005983053e+02
1.454106423222709452e+02
1.454405343455156867e+02
1.453037161496007172e+02
1.453334614073257569e+02
1.453792202650967340e+02
1.452073412261633223e+02
1.452246516679557828e+02
1.452861002503659904e+02
1.450796700566707500e+02
1.451615922361257560e+02
1.450847058310006901e+02
1.449211687220595195e+02
1.450061871189166993e+02
1.449141094667870107e+02
1.447322970508597280e+02
1.448203688541428846e+02
1.447133420068687997e+02
1.445135038806358239e+02
1.444828700476234644e+02
1.446046104556209002e+02
1.126742447891121799e+02
1.064768985866513731e+02
1.077447073031614622e+02
1.063575998757400356e+02
1.091880685390879364e+02
1.103900254466374236e+02
1.090867529098161839e+02
1.017958493839425955e+02
1.050255985575235513e+02
8.709081048502780220e+01
8.932969260791388422e+01
8.938363995567975451e+01
9.166750574827972287e+01
9.659649242394579005e+01
9.527722961617585895e+01
9.709676142173545088e+01
9.834539278961297271e+01
7.887706171451307569e+01
8.187838154940165225e+01
7.931027047806375663e+01
7.083659922357753658e+01
7.638731084842289931e+01
6.051240723945954159e+01
6.420761618544895555e+01
6.026341435172103189e+01
5.649683790167505748e+01
1.136320397178783850e+02
1.154837961360213967e+02
1.138731333653334019e+02
1.188047937356741812e+02
1.197904189414137761e+02
1.180661650429124734e+02
1.203867151576194203e+02
1.201912769708434467e+02
1.217017229260806630e+02
1.210380878761643118e+02
1.244600002544614767e+02
1.252427096580826031e+02
1.238317125275701756e+02
1.258501892180473618e+02
1.283387526636504674e+02
1.295413078815767278e+02
1.290391304533603716e+02
1.334952702617872262e+02
1.339661109787081443e+02
1.330484589724109696e+02
1.305108682979744117e+02
1.315606857950411381e+02
1.312516129706091306e+02
1.288803091682191848e+02
1.299665258496547722e+02
1.344050321627282472e+02
1.356755535110010840e+02
1.364324181945409578e+02
1.374332745424309223e+02
1.371189004909599021e+02
1.378236298015104069e+02
1.381016512010307338e+02
1.393201115966893724e+02
1.401144034635999276e+02
1.405576491983310916e+02
1.409575306388533704e+02
1.422772816632120225e+02
1.421479875795453722e+02
1.425491992154084073e+02
1.414722778484940875e+02
1.417391017471035752e+02
1.413127435466539907e+02
1.426619284772279173e+02
1.431232167502408856e+02
1.277614824389457340e+02
1.433856573626640341e+02
1.435932838095363593e+02
1.433058548111216908e+02
1.436611389917506756e+02
1.439862092916872882e+02
1.439576998082510215e+02
1.441995450024661523e+02
1.446731273963691535e+02
1.444775053745053981e+02
1.449050468958007514e+02
1.448384170675014957e+02
1.450120556344447209e+02
1.441863828540415682e+02
1.454757005919809671e+02
1.450630082691721725e+02
1.449780478922184557e+02
1.451445878001333654e+02
1.450937826553007142e+02
1.451567475760383559e+02
1.452864149082129188e+02
1.452311771741366613e+02
1.453017494685066140e+02
1.453577847116645501e+02
1.454180833595697209e+02
1.452997028887573947e+02
1.453932497163666255e+02
1.453568080464192747e+02
1.139749580004575478e+02
1.138741970576792255e+02
1.149945397170055799e+02
1.181193613630216817e+02
1.170634912354485806e+02
1.179788041998849906e+02
1.189811955375558767e+02
1.201298798879297891e+02
1.199811469451684616e+02
1.209242302596447729e+02
1.219806255342103753e+02
1.218421685848914962e+02
1.227389449988275345e+02
1.251463382175908663e+02
1.249570887747618571e+02
1.257723255089112513e+02
1.243231965686545095e+02
1.267244726666867223e+02
1.265544199084269366e+02
1.273279324694499905e+02
1.282235454041016283e+02
1.280703762482127388e+02
1.287904958981516756e+02
1.295449684962103731e+02
1.300788715459085836e+02
1.294454624316460638e+02
1.307648122312518808e+02
1.312567843060739676e+02
1.306830095546002042e+02
1.326242019769824196e+02
1.321834670741423281e+02
1.327217113801936819e+02
1.333970495228408879e+02
1.337231644288580696e+02
1.331071633493684487e+02
1.361512367089340785e+02
1.350409794747947956e+02
1.345453695367228306e+02
1.348884319726640797e+02
1.353764978237762477e+02
1.373550065928234574e+02
1.372698610590737474e+02
1.376475065217383928e+02
1.369770680096366959e+02
1.384471379676145091e+02
1.381918958736610819e+02
1.385315206250646156e+02
1.390348971107113698e+02
1.388258504690578263e+02
1.391156416584888973e+02
1.396737001858141127e+02
1.394365925764022336e+02
1.397471989999916104e+02
1.406264945858086719e+02
1.402846487071148545e+02
1.403405028972461821e+02
1.400548621374705078e+02
1.423007456354477824e+02
1.422446541236045050e+02
1.424405115318562309e+02
1.411491441884998324e+02
1.416714459283584802e+02
1.421016244049253032e+02
1.429399545173147317e+02
1.429039323970625901e+02
1.430847986748922551e+02
1.427609848804538615e+02
1.433931578270675971e+02
1.436818061406322897e+02
1.436200735579533045e+02
1.437825261000128023e+02
1.439879566244322575e+02
1.440851310467839426e+02
1.439349678824308967e+02
1.442652249799104140e+02
1.442231484462182323e+02
1.443593746739712742e+02
1.453344473115398614e+02
1.453847026408482748e+02
1.454015753590820452e+02
1.453855044330107944e+02
1.453369619751207722e+02
1.452564413756458634e+02
1.451444013522499574e+02
1.450013097497197236e+02
1.448276295856827289e+02
1.446238148791182709e+02
1.443903087701914956e+02
1.127866122691279571e+02
1.078574755114195796e+02
1.118559292720923821e+02
1.117012576809271280e+02
1.105420627424774977e+02
1.009701662009345853e+02
1.022602342810855731e+02
1.004752709488583520e+02
1.038043935533039530e+02
1.051640076646792039e+02
1.036671288173742198e+02
8.709725856821442846e+01
9.349336320922637356e+01
9.146769579304822173e+01
9.367621078902574538e+01
9.507043795222463700e+01
9.761543988824188034e+01
9.712348090104400455e+01
9.884563165817856145e+01
8.414837101768284811e+01
8.440491499463868763e+01
8.161653482315398378e+01
6.609517893998017257e+01
6.692968938750246366e+01
7.001877960683550839e+01
7.267337090358743978e+01
7.592179344512472028e+01
7.313059135771688091e+01
6.356549677928943964e+01
5.604572238444865917e+01
5.420825712453950018e+01
5.815298213151654494e+01
1.024080736192205023e+02
1.106448074467340348e+02
1.121269156881272266e+02
1.124108051285402041e+02
1.160831586898938639e+02
1.148541582943346242e+02
1.166866317257474464e+02
1.174729277865823178e+02
1.195093393930942369e+02
1.216202701253566545e+02
1.224007626411983551e+02
1.209168326905080164e+02
1.230806460536730214e+02
1.257583433802869450e+02
1.264728038114937618e+02
1.251320210712606666e+02
1.316482172220643747e+02
1.325925645355088136e+02
1.321043867746633111e+02
1.310788199626437631e+02
1.270414372910226319e+02
1.282458763256256873e+02
1.276764540770041378e+02
1.282590920642442427e+02
1.293967294384939350e+02
1.288293359216993110e+02
1.344169761072037659e+02
1.348467132539757358e+02
1.339733154561047854e+02
1.352631826178801475e+02
1.352707320548889243e+02
1.356641141095030889e+02
1.360391853440819716e+02
1.360494747757628318e+02
1.367566226093820205e+02
1.364120425071553484e+02
1.380703052118298046e+02
1.384032688964970248e+02
1.377653514846302301e+02
1.392606608075158476e+02
1.395721012151686864e+02
1.390061793507412915e+02
1.398148546094935796e+02
1.397744018064168756e+02
1.402793462738312655e+02
1.400525030208065687e+02
1.402239656906613732e+02
1.406894695317062656e+02
1.404920546052834709e+02
1.418888732282788965e+02
1.406272119869867936e+02
1.408797869858133822e+02
1.410601663532604277e+02
1.425434810221025828e+02
1.424198045282226417e+02
1.427843845070904365e+02
1.428885851072722346e+02
1.270735546848167417e+02
1.427688657270147417e+02
1.430856466778155323e+02
1.429888976601874617e+02
1.435281635949955898e+02
1.434642206194824610e+02
1.437246403457459394e+02
1.437666502787593004e+02
1.443916060574082678e+02
1.445806962399683471e+02
1.444845698458588288e+02
1.441666791345473371e+02
1.443752263210556634e+02
1.442686235589247303e+02
1.445887476402818663e+02
1.446762796071791115e+02
1.447514671559094950e+02
1.440780215005406433e+02
1.453595443559199225e+02
1.449464473397584641e+02
1.450706643705017314e+02
1.452307032504128301e+02
1.451984832131063570e+02
1.453049446439111136e+02
1.452514190186693668e+02
1.452503401382612367e+02
1.162772471272881916e+02
1.151433293584099147e+02
1.161272862041595317e+02
1.172034989789922292e+02
1.191380532707483724e+02
1.210724305574061361e+02
1.237764947627220664e+02
1.228917889955654914e+02
1.236229222238460608e+02
1.259491408372946069e+02
1.244685503138057925e+02
1.274875433993567668e+02
1.288966329864059617e+02
1.301675669521750365e+02
1.318618159712853242e+02
1.313217112885037352e+02
1.317957311421986617e+02
1.330145474906753122e+02
1.322448574416296196e+02
1.344057898144981493e+02
1.339059581564968369e+02
1.342225262314383087e+02
1.359540848219084239e+02
1.358295378239118918e+02
1.362758108996620479e+02
1.347267777772505610e+02
1.355032020125040617e+02
1.379448654607347748e+02
1.379392328873741178e+02
1.376535962970851585e+02
1.368053215974759382e+02
1.370853351057265286e+02
1.366968412266255086e+02
1.381980754870859869e+02
1.387433070322431945e+02
1.393565520756479259e+02
1.399814501086420080e+02
1.408622341322397347e+02
1.406310618800618215e+02
1.408558635712363980e+02
1.405749451453745280e+02
1.426173977062032634e+02
1.425969260420809235e+02
1.424606788561655719e+02
1.412353006511548017e+02
1.410459387185352966e+02
1.413381471354061603e+02
1.416280089144395617e+02
1.415339400711589803e+02
1.417650385145038001e+02
1.420501788182104406e+02
1.421774788627877797e+02
1.419741725870553068e+02
1.433470994577305930e+02
1.431454133336314101e+02
1.432866543061364837e+02
1.427788525471158607e+02
1.434535089783757371e+02
1.435154882807351839e+02
1.438359182478025673e+02
1.441275697049242126e+02
1.451991024893143560e+02
1.452829856446380461e+02
1.452506432987157723e+02
1.452578880760568723e+02
1.453135379423460449e+02
1.453291390752593486e+02
1.452834046201642479e+02
1.453420848797684641e+02
1.453429860366160256e+02
1.452760746952479280e+02
1.453222322298101687e+02
1.453394427580801960e+02
1.452363245164604564e+02
1.452700658867637458e+02
1.453033194579922167e+02
1.451645824599594619e+02
1.451860227071895793e+02
1.452351028643567190e+02
1.450612756298937711e+02
1.451352289132600788e+02
1.450705513113109077e+02
1.449268288438061063e+02
1.449240970002165909e+02
1.450041453831451861e+02
1.447616618977586995e+02
1.447470994569877121e+02
1.448422953977309078e+02
1.445661867941061303e+02
1.445399889779594957e+02
1.446501148217716093e+02
1.443408049272783842e+02
1.443031840052430823e+02
1.444280288775059375e+02
1.129278549161568179e+02
1.067942059915802844e+02
1.080140200077893979e+02
1.066418445825490409e+02
1.095931517701959734e+02
1.107388111161933892e+02
1.093975213985615653e+02
9.932398924990924627e+01
1.053319497145680117e+02
8.678463346566834957e+01
8.910563382509157293e+01
8.925009725934918947e+01
9.134610797468378962e+01
9.561454222090105759e+01
7.859263148880155825e+01
7.877234460395359861e+01
8.141160050280035421e+01
6.969719862319992387e+01
7.581615023948553755e+01
6.127571099447924041e+01
1.008539387968674106e+02
1.009256768860081905e+02
1.023594229403846896e+02
1.103533307286497802e+02
1.104779470442752682e+02
1.119911092980123328e+02
1.136629153061841890e+02
1.148846207078473753e+02
1.136472735230419033e+02
1.170803357117428050e+02
1.179544687535129981e+02
1.166065912218974319e+02
1.186650212740303232e+02
1.186070629025505383e+02
1.193816146447578888e+02
1.201420215691768902e+02
1.230864169308966751e+02
1.223777782514635959e+02
1.237852569774731109e+02
1.244613463198681131e+02
1.326657788183917432e+02
1.321658321495948201e+02
1.330900613684735561e+02
1.295145520307069944e+02
1.305943945196693505e+02
1.299994956952271821e+02
1.264099367911417033e+02
1.276475091194872959e+02
1.288851898610866158e+02
1.335692962952605853e+02
1.348514091593641808e+02
1.356596774370466392e+02
1.367667163233158476e+02
1.371060645633743036e+02
1.364145612324064700e+02
1.386853000263191689e+02
1.374389665426127465e+02
1.395247255173013059e+02
1.400009314020285274e+02
1.404275821990885049e+02
1.417859875981491200e+02
1.416386870349874982e+02
1.420349655731380381e+02
1.409912037713589541e+02
1.408148490713127501e+02
1.412352559538902312e+02
1.421775429071823282e+02
1.426619252519098779e+02
1.429788515863308760e+02
1.428783320372038190e+02
1.431843993791673597e+02
1.432633277699959251e+02
1.436921107707064209e+02
1.438402611178502752e+02
1.436156399837410049e+02
1.444898905091850168e+02
1.442785556874479767e+02
1.447259250649303226e+02
1.446569052451212940e+02
1.448159544300676203e+02
1.439325531788035732e+02
1.448552823080163137e+02
1.448918588045198135e+02
1.450242604444738674e+02
1.449371154055570514e+02
1.450626818968868008e+02
1.451112008524633268e+02
1.451822146809014100e+02
1.451319719113704423e+02
1.451066344010545208e+02
1.452031735611708427e+02
1.451538788332100012e+02
1.142918499509706578e+02
1.152968516118348816e+02
1.141396925366191510e+02
1.184271703487551974e+02
1.173624194829696563e+02
1.182674232090992490e+02
1.192868718590204082e+02
1.204147364150749695e+02
1.212108948599174454e+02
1.202770463050775192e+02
1.222636535891385847e+02
1.230301580049243313e+02
1.221278746942590203e+02
1.254510420258621792e+02
1.253026393531367688e+02
1.260994143585185157e+02
1.246263581534222027e+02
1.270313580089492120e+02
1.268816131004738281e+02
1.276387541072803913e+02
1.285318899444406213e+02
1.283811800042988693e+02
1.290479414996999310e+02
1.298057108608345231e+02
1.296792703523163368e+02
1.302949737472661980e+02
1.309826825989323709e+02
1.308772654096945587e+02
1.314280656045525575e+02
1.336753140177149248e+02
1.331542843813394086e+02
1.335357737816352710e+02
1.328751780119902719e+02
1.323728841090579635e+02
1.327479589290758781e+02
1.340444264245242607e+02
1.363863097031556890e+02
1.353271260862148608e+02
1.348706839529711488e+02
1.351830156675973740e+02
1.356451579289933420e+02
1.376270125066004653e+02
1.374913611900107071e+02
1.377884251968313265e+02
1.372218483036500629e+02
1.383390831386237494e+02
1.381431436061305362e+02
1.383937026642235537e+02
1.388797149497069654e+02
1.386648934730752956e+02
1.389580112415839892e+02
1.394995550666568533e+02
1.392688199130317059e+02
1.395869465581068596e+02
1.401090620875551735e+02
1.398929720595001811e+02
1.401972804735383136e+02
1.410503452048587860e+02
1.406746420254323198e+02
1.404812516763004453e+02
1.407686124983192428e+02
1.424259728147864905e+02
1.423635680964304981e+02
1.425228766998588412e+02
1.414332575520385546e+02
1.418415809697933412e+02
1.422401177740164258e+02
1.431478448999490638e+02
1.430444114821521850e+02
1.432483634394200465e+02
1.427760563444301170e+02
1.426972939344024667e+02
1.428585707473643254e+02
1.434890283793586150e+02
1.434183154147187622e+02
1.435863405140623286e+02
1.438018675673834821e+02
1.438958177356487340e+02
1.437420591924001769e+02
1.440859171593051826e+02
1.441764540727058090e+02
1.440371337971128298e+02
1.451541711181185690e+02
1.452297219136865465e+02
1.452718071783616551e+02
1.452808460475978336e+02
1.452572624151225114e+02
1.452014843916290658e+02
1.451139393559541588e+02
1.449950534284141384e+02
1.448452489100658056e+02
1.446649416460205089e+02
1.444545382186334734e+02
1.442144385611972268e+02
1.130941500574843559e+02
1.082272534388577725e+02
1.121731946681251912e+02
1.109055806956724979e+02
1.120054494176472133e+02
9.928763054811822997e+01
1.040092598248222799e+02
1.039188162636337012e+02
1.054327452553210236e+02
8.671860790704617727e+01
9.357777022494566666e+01
9.142524093311662625e+01
9.350343725704414055e+01
9.562988352880887533e+01
8.349573531818553818e+01
8.380490256460980447e+01
8.116243610859893920e+01
6.606877117848701175e+01
6.955038465906902445e+01
6.613649028019239040e+01
7.314055070545245485e+01
7.598133045849323253e+01
7.294953213022422744e+01
6.128266087562330711e+01
1.024792409506870996e+02
1.070769112016529334e+02
1.087044789768787609e+02
1.088727009681642386e+02
1.120163024015007522e+02
1.154177246197909312e+02
1.178549281014540924e+02
1.202484708816733701e+02
1.194384474074385594e+02
1.209474335609911861e+02
1.217094314014045580e+02
1.244884803521403995e+02
1.251349856288376259e+02
1.238108206728021230e+02
1.307907509095790033e+02
1.317479069065526005e+02
1.312068822859573629e+02
1.301524430675963231e+02
1.257902814487034533e+02
1.258923907058015743e+02
1.270874693713150378e+02
1.264529779167260841e+02
1.272344141011765259e+02
1.283861006390743569e+02
1.277335074658481062e+02
1.336564866721840872e+02
1.340445763770448195e+02
1.331768835380090366e+02
1.344800265818048786e+02
1.345541284484910420e+02
1.349040301377371236e+02
1.353098178702443590e+02
1.353858753096662042e+02
1.360905156943292127e+02
1.357100803035411332e+02
1.386867264582876373e+02
1.389786196197965182e+02
1.383906147368898019e+02
1.374652328192632922e+02
1.377729377151808023e+02
1.371284685738262112e+02
1.392431136721472740e+02
1.392506612071263987e+02
1.395073187940312778e+02
1.397439454827589316e+02
1.397208818756927542e+02
1.399678388479503326e+02
1.401806455900402568e+02
1.414018688256398946e+02
1.401553927132683270e+02
1.403870749001430625e+02
1.405831412484426437e+02
1.420801259411491912e+02
1.419420089923497983e+02
1.423147295904983025e+02
1.424336291775216239e+02
1.423565301438769382e+02
1.425591761368404491e+02
1.426751849216066432e+02
1.431909474885237330e+02
1.433609299027298505e+02
1.430900420968447690e+02
1.434472198611113356e+02
1.442491332851857351e+02
1.444199101285508391e+02
1.443198908753644218e+02
1.440018062556629559e+02
1.441979276930663616e+02
1.440833016682953485e+02
1.444542874596149034e+02
1.445904751716771273e+02
1.445213291577785242e+02
1.438484328357282891e+02
1.446815952369755109e+02
1.448295494011726987e+02
1.447053735884304615e+02
1.447885423394647546e+02
1.449788018427873624e+02
1.449800745249180238e+02
1.450892794820619827e+02
1.450228014889210328e+02
1.450447438933497324e+02
1.165927966396626090e+02
1.154612887847178655e+02
1.164274456770219075e+02
1.175144287836455419e+02
1.194350067304106204e+02
1.213584110990397988e+02
1.241302263748558090e+02
1.232119520505972616e+02
1.239471005167620206e+02
1.262574713961367934e+02
1.247987372231300895e+02
1.277970434236792983e+02
1.291827815118576837e+02
1.304079302750743636e+02
1.320941104067614447e+02
1.315475104272773876e+02
1.319745008939699176e+02
1.332787252968669804e+02
1.324870027512423860e+02
1.346720448082731423e+02
1.341781816961668312e+02
1.345380075988644535e+02
1.362080873560884413e+02
1.360823560745710381e+02
1.365125164856804361e+02
1.350027690170325911e+02
1.357735265997757210e+02
1.379871979834156832e+02
1.370487244321610945e+02
1.369280289480550152e+02
1.373421620703142878e+02
1.386118829113062247e+02
1.391917690117674624e+02
1.398063452698320930e+02
1.403940099360323757e+02
1.413837529660388270e+02
1.411247640443679643e+02
1.413091135975740826e+02
1.411660065483462745e+02
1.409219687254166615e+02
1.410133991897874921e+02
1.426022757573284991e+02
1.415072937905961794e+02
1.417955401336098191e+02
1.417119838306728354e+02
1.419246386409543845e+02
1.422054927382642120e+02
1.421280629296637983e+02
1.423172080123050875e+02
1.433196751369890762e+02
1.429631646092745996e+02
1.436466266511850165e+02
1.439450157261831578e+02
1.450254547163259247e+02
1.451123159378610978e+02
1.450673758178004960e+02
1.451090686028064454e+02
1.451553446120011586e+02
1.451835184097574825e+02
1.451593629611595588e+02
1.452214291678044731e+02
1.452098194126276098e+02
1.451767155242595493e+02
1.452264483244441919e+02
1.452311964011849454e+02
1.451615087703068809e+02
1.451989801409194740e+02
1.452198781686902294e+02
1.451141279041905818e+02
1.451394313184511873e+02
1.451762709085263339e+02
1.450349582621058175e+02
1.450482080217211660e+02
1.451007814609032209e+02
1.449243834779717020e+02
1.449257143887912775e+02
1.449938153787375938e+02
1.447827834907965325e+02
1.447723501920922331e+02
1.448557751631184658e+02
1.446105322632306525e+02
1.445885083089962961e+02
1.446870577646765241e+02
1.444079954138099993e+02
1.443745721336889574e+02
1.444880519797492013e+02
1.441755280065889337e+02
1.441309195535798438e+02
1.442591360122493143e+02
1.132448742267055906e+02
1.069955843641885451e+02
1.069058828488205393e+02
1.083224668387954637e+02
1.098504915974613141e+02
1.097321681424439817e+02
1.110284505253659546e+02
9.742559306677551945e+01
9.754016979247384711e+01
9.918579923464133685e+01
1.055485619799524102e+02
8.640194791040492817e+01
8.917833543829986809e+01
8.917544770762739859e+01
9.142533128350369509e+01
9.555780698279144758e+01
7.814583487257476691e+01
8.087170864692478744e+01
7.836500723545917424e+01
6.981651416850785097e+01
7.572787003698685737e+01
5.992414480286858947e+01
5.790911329684014675e+01
6.308757420047768960e+01
1.009260803551719050e+02
1.025084904316930192e+02
1.009079565269106382e+02
1.068360494026686638e+02
1.085954225184362514e+02
1.069369949082295648e+02
1.103002768726666716e+02
1.103342757011685933e+02
1.120280745732929262e+02
1.153267412866922257e+02
1.162171038492541442e+02
1.145239062007537996e+02
1.169999617375127059e+02
1.173485065552554261e+02
1.188289453482664726e+02
1.179611640053550587e+02
1.218453651257494386e+02
1.224782262179099490e+02
1.210717430957312644e+02
1.232065466544273278e+02
1.319980655161193965e+02
1.323406156339177642e+02
1.313993144362329417e+02
1.284908898691115837e+02
1.296675409641274825e+02
1.290026743361269439e+02
1.252006878020188196e+02
1.265609235542786735e+02
1.278723157662927434e+02
1.328518210374658679e+02
1.341125197647469065e+02
1.349698155545603981e+02
1.361473916535120736e+02
1.357723119822637727e+02
1.364624156600205538e+02
1.380936478639677318e+02
1.368248723898929313e+02
1.389753388549981423e+02
1.394872460759309263e+02
1.399399798651033962e+02
1.413443364481686899e+02
1.415684312276716241e+02
1.411769207694870545e+02
1.405531147643436896e+02
1.403596041766137716e+02
1.407754685852279977e+02
1.417246032309215593e+02
1.422239024725864454e+02
1.426822388049101278e+02
1.425210001311589281e+02
1.428320954634569659e+02
1.429423574517101088e+02
1.432712211032035725e+02
1.432337130502486957e+02
1.434813573086122744e+02
1.441258593771699736e+02
1.443520668674469505e+02
1.445692273102426668e+02
1.436049102499126491e+02
1.438041785719919687e+02
1.436493232499153692e+02
1.446231461832747414e+02
1.447575061865836403e+02
1.446540160315943524e+02
1.448190209025211175e+02
1.449408504650813256e+02
1.448569722311144403e+02
1.449010435182713366e+02
1.449081499832067834e+02
1.450074292373686831e+02
1.449455229973468988e+02
1.146222637389158479e+02
1.144648513155080565e+02
1.156204925736265068e+02
1.187836201972342423e+02
1.185981326463907379e+02
1.176989735325053772e+02
1.196073111550792021e+02
1.207734956883380022e+02
1.215336572736585481e+02
1.205995838196849519e+02
1.226961983088515638e+02
1.224861387288841144e+02
1.234227462971954878e+02
1.258173843903724674e+02
1.264376152401481903e+02
1.256389355998556425e+02
1.249886535588467638e+02
1.273839073525515602e+02
1.272115271502724596e+02
1.279693539685988668e+02
1.288117108253086087e+02
1.286754958664095057e+02
1.293182340071590772e+02
1.300692161176215791e+02
1.299415877928666418e+02
1.305365730539025719e+02
1.313229651272712317e+02
1.311548440608505643e+02
1.317127905184625263e+02
1.339301654172336953e+02
1.338014725211173754e+02
1.334075080717346111e+02
1.331716539636971390e+02
1.326377892025969345e+02
1.330213243621930133e+02
1.343045961133957178e+02
1.366356071395744038e+02
1.355876925761997143e+02
1.351343121034128956e+02
1.354561558773042407e+02
1.359025840800209153e+02
1.383591604156060839e+02
1.383487765025879241e+02
1.379959398858133568e+02
1.377904690574752635e+02
1.374246438649728077e+02
1.377083918118919712e+02
1.387792818859558679e+02
1.385610442621377558e+02
1.388304787024050597e+02
1.393289137806116571e+02
1.391054222956844910e+02
1.394144724346094222e+02
1.399370785269649105e+02
1.397197695385411009e+02
1.400234117848773110e+02
1.404868598807906892e+02
1.402991196567578811e+02
1.405814589411875772e+02
1.412752939540538648e+02
1.409765849592606628e+02
1.408265426201123773e+02
1.410718171443023721e+02
1.425769104622445695e+02
1.425015772409888655e+02
1.426775707135102493e+02
1.415911835449316811e+02
1.420024356628316866e+02
1.423926572627589735e+02
1.433018905935824137e+02
1.432251508770569899e+02
1.433965050955409026e+02
1.429530121745909810e+02
1.428649043679880322e+02
1.430514665539942314e+02
1.436221564914184512e+02
1.435558436956287665e+02
1.437130233017707610e+02
1.439134725564881592e+02
1.438578932065063043e+02
1.440006816144005199e+02
1.449682300526945653e+02
1.450686102534630209e+02
1.451354958809808409e+02
1.451692616623558649e+02
1.451702879412931395e+02
1.451389587691835175e+02
1.450756594412956701e+02
1.449807744887563672e+02
1.448546857224315545e+02
1.446977700608539408e+02
1.445103971873053865e+02
1.442929272800447222e+02
1.440457086491695975e+02
1.134197500088588129e+02
1.084647504304644343e+02
1.125179134475803266e+02
1.112112796918789854e+02
1.123344190265627986e+02
9.924676532510045490e+01
1.041956616681289916e+02
1.041185830086922124e+02
1.056326662159781620e+02
8.645588516279320856e+01
9.374953662740519178e+01
9.153908970257978694e+01
9.362971164485506392e+01
9.561756495043466941e+01
8.070552224694490917e+01
8.215992381641075326e+01
7.946658022727261539e+01
6.772141884123726641e+01
6.690709731013879491e+01
7.054352950735365368e+01
7.480832229937270483e+01
7.401992584894453842e+01
7.653743649871685761e+01
6.392533065626462019e+01
1.026219925299357243e+02
1.034392941629576370e+02
1.051314787141534879e+02
1.052717621681863420e+02
1.085901401116986591e+02
1.129933157704344495e+02
1.116960444177180420e+02
1.133382210523655544e+02
1.142085351142747527e+02
1.163537497653506705e+02
1.190772413211911953e+02
1.196762955274282092e+02
1.182258386579399883e+02
1.205033445796666172e+02
1.233558956865670950e+02
1.239337955110737113e+02
1.226242663335028027e+02
1.302240786777173867e+02
1.311352440683092198e+02
1.305030315486428947e+02
1.293796220920070255e+02
1.246495213600607173e+02
1.248765303062746597e+02
1.253705748234637838e+02
1.260671857623804044e+02
1.263638657141003989e+02
1.267869839488965198e+02
1.274488637768510131e+02
1.329767550364587123e+02
1.333235920956849441e+02
1.325013829960199416e+02
1.337806662739896524e+02
1.339093579365931248e+02
1.342237794353633547e+02
1.346552302407806962e+02
1.347774913031005042e+02
1.350743176253462536e+02
1.354754693024401604e+02
1.381431195183590717e+02
1.378147692702128211e+02
1.384189297185088492e+02
1.369300485485220520e+02
1.365494727289991772e+02
1.372020127290418543e+02
1.387081515077607321e+02
1.387717306607569014e+02
1.392525911087051043e+02
1.390065987124240792e+02
1.392563416554719709e+02
1.397121715235394390e+02
1.394842298720978988e+02
1.409613785153297840e+02
1.397201491581446362e+02
1.399337588209976957e+02
1.401460121742458398e+02
1.416585441947168817e+02
1.418719485476043189e+02
1.415101010706957538e+02
1.420170824688008508e+02
1.420501168246846362e+02
1.423733456746829518e+02
1.422016942061895293e+02
1.429202032633576778e+02
1.428021771641773796e+02
1.430554117242249390e+02
1.430968456735941174e+02
1.434390955923385604e+02
1.439192046967220620e+02
1.439603240924193699e+02
1.440839931431222567e+02
1.441324387665577547e+02
1.442934806987036325e+02
1.441904087187761263e+02
1.443930266421708666e+02
1.445373658257564102e+02
1.444249642252664501e+02
1.437633253536580469e+02
1.447226650425001253e+02
1.445097252053244574e+02
1.447567926098583087e+02
1.448684731183559791e+02
1.447894052564350318e+02
1.448339882896810309e+02
1.169494669851044222e+02
1.158071973081036532e+02
1.167622036220705724e+02
1.178700182089865933e+02
1.197940375765176526e+02
1.217571473089239333e+02
1.245093480776747015e+02
1.243129106294729951e+02
1.236189019991523423e+02
1.266196823897516026e+02
1.251731873886136981e+02
1.281132264572515567e+02
1.294539481513449175e+02
1.307085315739915927e+02
1.324137287891838071e+02
1.318759666072514278e+02
1.322510076287754544e+02
1.335541403224132466e+02
1.327955911185092930e+02
1.349081432013770723e+02
1.344238967775561662e+02
1.347887991307004825e+02
1.364635414589409379e+02
1.363373040540236616e+02
1.367619579665321226e+02
1.352514991402682938e+02
1.360318155169152874e+02
1.380779082916748450e+02
1.385724920255291863e+02
1.372529860162409818e+02
1.371520975679418370e+02
1.375257870028882792e+02
1.390555434510873454e+02
1.396347440642666413e+02
1.402137403858668279e+02
1.407336963989164929e+02
1.415853625003791194e+02
1.414840059860959798e+02
1.413767687266025632e+02
1.413803110810601993e+02
1.412725189227743101e+02
1.411799164818234544e+02
1.427663258934239821e+02
1.416916157382407846e+02
1.419932886979431146e+02
1.421009881210579522e+02
1.418948104648465289e+02
1.423849182072293615e+02
1.422955112610330275e+02
1.424822556227382506e+02
1.431288551440969741e+02
1.434633494443233417e+02
1.437690762401921063e+02
1.448463769437481119e+02
1.449359822302228622e+02
1.448786766648610751e+02
1.449543801856397351e+02
1.450317907521168763e+02
1.449912588795781119e+02
1.450290535107591552e+02
1.450942771133822475e+02
1.450703377033952677e+02
1.450707318833892998e+02
1.451237976214215450e+02
1.451162665941882040e+02
1.450797549226535352e+02
1.451207132755303348e+02
1.451294045106440080e+02
1.450564651723006762e+02
1.450853878863606212e+02
1.451101142288800077e+02
1.450012062002346340e+02
1.450587602995545069e+02
1.450181858385995781e+02
1.449143207059579481e+02
1.449757068752221585e+02
1.449194702303311146e+02
1.447961487042991280e+02
1.447896009611802128e+02
1.448613158956170821e+02
1.446470256194030810e+02
1.447159451184042496e+02
1.446289326390345593e+02
1.444672802735876758e+02
1.445399459569318594e+02
1.444378123937977989e+02
1.442572328606978260e+02
1.442165777641365025e+02
1.443336612931034892e+02
1.440171929868635914e+02
1.439655546942415754e+02
1.440974233357464129e+02
1.135828008227902757e+02
1.072864080301444858e+02
1.071544187420894758e+02
1.086007825190881420e+02
1.101750601737755204e+02
1.113643846724671818e+02
1.100251943572759643e+02
9.760139212355254301e+01
9.753529187536334177e+01
9.931524924387287001e+01
1.057956760568758341e+02
8.503670892685923377e+01
8.429519671909194756e+01
8.719937325877637591e+01
8.973896358170813414e+01
8.948876214253915862e+01
9.178748537776695571e+01
9.573289382617583954e+01
8.299789201692185259e+01
7.787297628539269567e+01
7.142778572736835940e+01
6.395469496629418416e+01
6.188429827991894427e+01
6.585742602620227615e+01
1.012328994403837612e+02
1.010984830785681083e+02
1.027588391056849559e+02
1.033729626081706385e+02
1.033984510458566319e+02
1.051102926437849590e+02
1.066820743506084170e+02
1.067653206455635342e+02
1.085404041321509538e+02
1.118105282514172671e+02
1.124201472665347126e+02
1.110882414335163872e+02
1.145572543976064281e+02
1.149588345758320287e+02
1.138073095711292524e+02
1.159880726221611553e+02
1.163717531565139183e+02
1.168429690290140002e+02
1.177552195836451148e+02
1.207234801822136063e+02
1.212967310361407698e+02
1.199254600186841060e+02
1.220793875464508034e+02
1.314048628151093396e+02
1.317082324821515442e+02
1.308262717321468926e+02
1.287642759242872046e+02
1.286262676566618097e+02
1.294982103989590314e+02
1.241266520431203304e+02
1.256186768751940406e+02
1.274085307975860815e+02
1.279570224415195980e+02
1.268911183078246268e+02
1.322121457317278157e+02
1.334499707489830200e+02
1.343432498034954676e+02
1.356184627157143154e+02
1.352043148756988842e+02
1.358881378340776962e+02
1.375519065211995269e+02
1.362917173784974807e+02
1.384637538563143551e+02
1.390155403821087532e+02
1.394900747546602986e+02
1.409401944825534088e+02
1.407551416810657372e+02
1.411451139599506348e+02
1.401616861978680220e+02
1.399460540458340461e+02
1.403605244909673218e+02
1.413112657301095680e+02
1.418628033575347729e+02
1.425648090949690641e+02
1.423132761302274218e+02
1.426245806516909909e+02
1.427442949037952928e+02
1.428700204300668020e+02
1.430705836891972353e+02
1.428948924130645253e+02
1.432081146420084963e+02
1.434071998278198237e+02
1.432405688591809678e+02
1.440249722234174214e+02
1.442640795121533586e+02
1.435501931686823980e+02
1.437354261462544969e+02
1.435772464941272233e+02
1.445710332910303748e+02
1.446950708940780714e+02
1.445986716032676611e+02
1.443505326650358427e+02
1.444868999229469750e+02
1.443734406802590229e+02
1.446655279189666032e+02
1.447047154155011697e+02
1.447322455191811059e+02
1.448065017223817961e+02
1.149718578027758156e+02
1.148063136581240542e+02
1.159749316702283721e+02
1.191436866989849648e+02
1.189554774357883105e+02
1.180578022110243666e+02
1.199683068369224088e+02
1.212065530005425558e+02
1.209961745953230832e+02
1.219679671203786455e+02
1.231419482159095082e+02
1.229258804904131637e+02
1.238360903478496908e+02
1.261793409881021830e+02
1.267961220722379494e+02
1.260031155430596925e+02
1.253606638790850951e+02
1.277555971911242949e+02
1.275735159901443296e+02
1.282945744516697175e+02
1.291649238571319813e+02
1.289917195295809620e+02
1.296273913372807840e+02
1.306225709351167268e+02
1.303458799681579308e+02
1.309784221262038955e+02
1.318061263600818904e+02
1.321109585897734462e+02
1.315635927325522232e+02
1.342220953811449533e+02
1.337017134303193018e+02
1.340743345398093993e+02
1.335077878006815126e+02
1.329659463740143508e+02
1.333373182445471343e+02
1.345686430739716570e+02
1.368654372075787080e+02
1.358643373703924624e+02
1.353910565238090271e+02
1.357245715191175464e+02
1.361686335023203753e+02
1.384818582799411786e+02
1.381399065280617151e+02
1.384195195686170905e+02
1.390763431361799292e+02
1.387217839567825308e+02
1.389273327857847562e+02
1.379436713847315161e+02
1.378662433513304109e+02
1.376030689574726011e+02
1.392037644450891776e+02
1.397770622768940427e+02
1.395543481966124943e+02
1.398570485162026955e+02
1.403308710726515187e+02
1.401352014745821180e+02
1.404092117285907193e+02
1.408215426339590692e+02
1.406551444522671659e+02
1.408996289671474926e+02
1.414835164941347898e+02
1.412106986892502221e+02
1.412959234986410877e+02
1.410940192266993165e+02
1.427628325100994857e+02
1.426701936922252685e+02
1.428591099622489935e+02
1.417909911015812554e+02
1.421910017566207500e+02
1.425755195776081337e+02
1.431200216981529536e+02
1.430368236436617622e+02
1.432121179896235503e+02
1.434483118710776637e+02
1.435363523961315764e+02
1.433753775666173453e+02
1.437474580292849851e+02
1.438315519164310672e+02
1.436850555295031029e+02
1.449018398356658111e+02
1.447770890386828171e+02
1.449931068579673479e+02
1.450512221056778515e+02
1.450765230908574495e+02
1.450693510767055159e+02
1.450300492423336323e+02
1.449589607788608703e+02
1.448564270696494134e+02
1.447227858215498770e+02
1.445583690924121925e+02
1.443635012704228302e+02
1.441384970813901987e+02
1.438836598382366105e+02
1.137693690215014044e+02
1.087787568905863083e+02
1.129138615986728809e+02
1.115749519569746440e+02
1.127028138678431191e+02
9.949304864550495608e+01
1.045767256896128288e+02
1.044027992583086046e+02
1.059709918212424213e+02
8.751668636735085727e+01
9.412320150088073945e+01
9.200641891981173615e+01
9.390270575327021163e+01
9.589379394593900940e+01
8.041755678363603010e+01
8.061297267405224432e+01
8.283192551747798404e+01
7.778756212194491582e+01
6.994919816023165993e+01
7.240278425532889628e+01
6.881060515890899865e+01
6.695697501651928008e+01
1.029706238402354614e+02
9.973167996603301333e+01
1.015551808714071882e+02
1.016029460855881865e+02
1.050531974940428626e+02
1.085045325293583858e+02
1.094156172685614479e+02
1.076316714561539669e+02
1.102162680414570417e+02
1.132394245423847252e+02
1.154800427067544319e+02
1.180213688311471145e+02
1.185630687659004252e+02
1.172077373243527916e+02
1.194148208132427840e+02
1.223350612933556221e+02
1.228570484404439469e+02
1.215530774425281351e+02
1.301221151262309377e+02
1.301751579010711168e+02
1.307743041956523768e+02
1.286935738243876415e+02
1.294557326864330662e+02
1.287223504992940946e+02
1.280993140170575089e+02
1.236309301101887996e+02
1.239382574874260001e+02
1.251623340307532857e+02
1.243934759946857866e+02
1.253645492664287104e+02
1.264052638430919870e+02
1.258512097961317835e+02
1.323599291031539451e+02
1.326746892087980427e+02
1.318952034049457893e+02
1.331491484128101774e+02
1.333365221350832428e+02
1.340642757292793021e+02
1.336153445209244524e+02
1.342541015036882754e+02
1.349491265918302076e+02
1.345090980830473768e+02
1.377194550142263836e+02
1.379344945322862088e+02
1.373317354141041164e+02
1.365313725479766447e+02
1.367364606970760690e+02
1.360888806076276296e+02
1.382553046649368866e+02
1.383403230502518682e+02
1.388047229184153082e+02
1.385519522089730344e+02
1.388309955897924510e+02
1.390395440876616249e+02
1.392816893433321752e+02
1.405627074114735535e+02
1.393229834018630982e+02
1.397511337898665147e+02
1.395176955217439456e+02
1.412983412776071077e+02
1.411271163473705315e+02
1.414812780616910572e+02
1.416844309150054357e+02
1.421585269761807808e+02
1.423642110883339740e+02
1.421080642998974213e+02
1.427179419352424361e+02
1.430397301487389825e+02
1.433806458995692878e+02
1.437771710720877252e+02
1.439572226697104043e+02
1.438484443622508877e+02
1.440952313692182543e+02
1.442440484650832957e+02
1.441153385033237839e+02
1.436661143555626836e+02
1.444625102138269028e+02
1.442245911571109218e+02
1.445290756518041633e+02
1.445516299450504789e+02
1.446430083789856553e+02
1.446185298942944542e+02
1.173530133944488369e+02
1.161862174353989303e+02
1.171413923509014126e+02
1.182519357097393566e+02
1.201930210828500094e+02
1.221988703100153373e+02
1.249476826021405316e+02
1.247215902076238478e+02
1.240627723591552609e+02
1.269877156079703724e+02
1.255750406368509431e+02
1.284756878735623218e+02
1.299054191855968838e+02
1.312186710896196473e+02
1.327461774544486843e+02
1.322802200338753948e+02
1.325774134484912281e+02
1.338679716493541036e+02
1.331300846283330941e+02
1.352338627132071167e+02
1.347331013807481384e+02
1.350692901604146812e+02
1.367227047319398707e+02
1.365947905921578922e+02
1.369935549785274134e+02
1.355521705670204256e+02
1.363000615141841365e+02
1.382149819924625547e+02
1.387811328062090297e+02
1.374762516620111796e+02
1.373660602270587958e+02
1.377132801585155164e+02
1.394294762514006436e+02
1.400555508925645540e+02
1.405777662725778328e+02
1.410173365049867016e+02
1.417822257761036440e+02
1.415825642806406393e+02
1.416831964724023862e+02
1.415743159235882160e+02
1.413936442190824039e+02
1.414763010734861837e+02
1.429429759553702866e+02
1.418890208430895257e+02
1.421818421811701683e+02
1.420878177532455879e+02
1.422849151226941160e+02
1.425769323704838030e+02
1.424812509130133833e+02
1.426712225542471799e+02
1.432856329600723484e+02
1.435992799508255189e+02
1.447942456719752045e+02
1.448744053448938018e+02
1.448217261579213186e+02
1.446622852202264369e+02
1.447544262660432821e+02
1.446849863828206253e+02
1.448929054395850073e+02
1.449610716610403358e+02
1.449249932328841055e+02
1.449585578484828261e+02
1.450147393342371913e+02
1.449950988120350814e+02
1.449915006776220423e+02
1.450357270273619577e+02
1.450323595514624344e+02
1.449920346490731333e+02
1.450243563277168448e+02
1.450370958643268864e+02
1.449604618817858182e+02
1.450096302785533169e+02
1.449809500254406487e+02
1.448970842809737860e+02
1.449058303646220907e+02
1.449502856765416823e+02
1.448022019145763011e+02
1.447993173230449031e+02
1.448593835535255892e+02
1.446761113593171615e+02
1.447372422828483423e+02
1.446617268310885436e+02
1.445191039850691652e+02
1.444933689091801057e+02
1.445841752976842542e+02
1.443314641964256850e+02
1.442945457774622753e+02
1.444004892019853514e+02
1.441134676884777548e+02
1.440655500080687261e+02
1.441864818813035356e+02
1.438653797802148802e+02
1.438066628727996488e+02
1.439424407211227219e+02
1.139569083244599312e+02
1.077201556962483693e+02
1.075176416323312907e+02
1.089823504336281985e+02
1.106524464268652821e+02
1.104266237590361044e+02
1.118015511018043782e+02
9.803517760210668541e+01
9.784039626022286029e+01
9.968738515050156934e+01
1.062064695187577712e+02
8.564199176034111360e+01
8.777241490576021476e+01
8.536688913192297434e+01
9.039962351091278947e+01
9.229939787765236758e+01
9.009548790972314691e+01
9.613827496125274763e+01
8.317158370995780103e+01
7.482410156326081108e+01
7.483855376789041713e+01
7.771828034834790344e+01
7.244317126285442043e+01
6.805216912092545556e+01
6.595861486623167025e+01
6.896423378317953734e+01
1.017070998377323576e+02
1.014895531313492825e+02
1.031881986703366607e+02
1.001115042807347209e+02
1.017729881725891374e+02
9.993874117176029870e+01
1.047300159688555539e+02
1.057239867586414164e+02
1.040910171384504253e+02
1.066841617741885102e+02
1.104838186285783479e+02
1.111665831454165101e+02
1.095336251966471224e+02
1.136308641692484542e+02
1.141121019298538357e+02
1.127553836410116759e+02
1.150373230920899346e+02
1.153372094946583957e+02
1.167092768284951632e+02
1.158348782002375827e+02
1.197261003208507901e+02
1.202372368397229110e+02
1.188993444027405246e+02
1.210705690413784197e+02
1.308396809727254606e+02
1.311280814985491077e+02
1.304861490281898853e+02
1.294145859946614507e+02
1.280558989893614523e+02
1.231469318415653333e+02
1.246492100447308218e+02
1.267433946696319111e+02
1.270824564153520271e+02
1.260541527064681304e+02
1.316199368876819733e+02
1.328549227005395892e+02
1.337953611755696386e+02
1.350875485497828379e+02
1.353582662695965269e+02
1.346764958232084268e+02
1.371383475958699876e+02
1.358280518710521676e+02
1.380353607925745791e+02
1.385879997645774040e+02
1.390786984423238266e+02
1.405807710069972529e+02
1.403789838871992970e+02
1.407630220558242513e+02
1.397907465773992612e+02
1.399787979109167395e+02
1.395614846692608921e+02
1.409502653317731244e+02
1.416161341517746450e+02
1.414638863951611825e+02
1.418342827359568332e+02
1.418930847494181933e+02
1.423941547028693719e+02
1.424806468907249268e+02
1.422801233823192888e+02
1.426340371331341714e+02
1.428196610520439549e+02
1.430142768965497737e+02
1.428461600324487506e+02
1.432112540489110586e+02
1.432114051241877064e+02
1.433813195174279258e+02
1.439399802134025208e+02
1.434506635705837994e+02
1.435000279987659155e+02
1.436170043092728292e+02
1.443191482814838196e+02
1.443365049780543927e+02
1.444451727680599049e+02
1.440746385661566649e+02
1.442126733081773864e+02
1.440866993161421021e+02
1.444258468726620492e+02
1.444967366288015000e+02
1.445144697963522447e+02
1.446008265157236394e+02
1.154330344132787047e+02
1.164078841656309748e+02
1.152124798771731093e+02
1.195833117818642393e+02
1.193545608413836590e+02
1.184806249491654455e+02
1.204055132604539864e+02
1.216595736807009729e+02
1.214399207167752195e+02
1.224187956260299330e+02
1.236384505948200996e+02
1.233966027380040913e+02
1.243034266565688455e+02
1.265835073124671624e+02
1.263866619300735152e+02
1.271846699127260365e+02
1.257839447969173818e+02
1.281285358488117936e+02
1.279465499432563007e+02
1.286585412713218375e+02
1.295556586277486417e+02
1.293638832494973769e+02
1.300960285961825491e+02
1.318787568175785623e+02
1.312553243273622741e+02
1.318409890720806175e+02
1.323157972553864852e+02
1.345407555069679688e+02
1.343793748551029523e+02
1.340295274502613836e+02
1.338333907620186949e+02
1.332953646694930683e+02
1.336679140161193118e+02
1.348905387112862684e+02
1.371068307341697050e+02
1.361368917958769771e+02
1.356902289360140799e+02
1.359987763697889989e+02
1.364346247798208651e+02
1.385345051501078331e+02
1.382416810411443180e+02
1.385072690321659366e+02
1.390694165961616591e+02
1.387785947502240163e+02
1.390720475281416668e+02
1.380809006073218086e+02
1.380110639894104168e+02
1.377818246765388892e+02
1.396691807793507394e+02
1.393754603623864341e+02
1.397226120008980104e+02
1.402183601766358549e+02
1.399993484964976744e+02
1.402745606527863060e+02
1.407015781672077424e+02
1.405173638449784335e+02
1.407617351095439631e+02
1.411495309350194134e+02
1.409862958549241512e+02
1.411798524792843921e+02
1.416790388115163069e+02
1.414858837358814014e+02
1.415303869255214408e+02
1.413488899073319658e+02
1.429430284611413242e+02
1.428532569858083434e+02
1.430327952941489116e+02
1.419835141354982113e+02
1.423812293380048004e+02
1.427616759844273702e+02
1.432799291331830602e+02
1.432002731377369003e+02
1.433653444159967307e+02
1.435874537936488480e+02
1.435181529012941724e+02
1.436686409909798101e+02
1.448450659799716504e+02
1.447298297898890382e+02
1.445811593189672806e+02
1.449271586114036268e+02
1.449764034940367594e+02
1.449931000721216776e+02
1.449775499094072870e+02
1.449300551077772354e+02
1.448509166977912059e+02
1.447404330054718855e+02
1.445988979643739469e+02
1.444265993752239012e+02
1.442238171562561604e+02
1.439908216516519701e+02
1.437278720147202193e+02
1.142004661915281645e+02
1.092376702892007927e+02
1.134219051273502998e+02
1.120698275577760654e+02
1.131539965694003769e+02
9.994871483033981008e+01
1.051160483211441203e+02
1.048632527597109458e+02
1.064588371097430013e+02
8.813272828714089258e+01
9.477280590919860970e+01
9.265507808744077067e+01
9.441596674721101579e+01
9.643596926194167906e+01
8.144915134952502456e+01
8.361843564927903572e+01
8.095103795475657193e+01
7.824228143429570537e+01
7.146918238033471482e+01
1.034791982469088083e+02
9.597218168789511594e+01
9.808046838681383406e+01
9.786608020437162736e+01
1.025099922781355559e+02
1.069769538623661589e+02
1.077628841057613585e+02
1.059000584733910131e+02
1.087996360890036129e+02
1.121164025265422595e+02
1.144985904223891851e+02
1.169993279837982243e+02
1.175235973198514046e+02
1.161791396687424651e+02
1.184059531172926683e+02
1.214758482671393693e+02
1.219166855493025707e+02
1.206243830902104008e+02
1.294361868841077126e+02
1.301513904168908482e+02
1.297714478373779059e+02
1.290604787700371219e+02
1.277305930156280880e+02
1.227317427955134264e+02
1.231713595693449008e+02
1.242788719044098258e+02
1.235397355499051031e+02
1.246981054541020910e+02
1.257446827164959302e+02
1.250261982607348870e+02
1.318201981866355368e+02
1.320957794499077522e+02
1.313418810202601890e+02
1.325919297573518918e+02
1.328414119475649500e+02
1.335545314606916918e+02
1.330819084196927520e+02
1.337955575911765322e+02
1.344531314715435997e+02
1.340183456770248824e+02
1.375165984619692381e+02
1.370379944940883945e+02
1.376205173122580447e+02
1.358618808071649937e+02
1.362004164801926720e+02
1.354861290694502998e+02
1.379364655481838042e+02
1.379525802970948121e+02
1.381424143080689362e+02
1.383977911302338271e+02
1.384474438623326762e+02
1.386348487863866694e+02
1.388909428516511184e+02
1.401963483884653954e+02
1.389645949034324985e+02
1.393856477545622852e+02
1.391401698566641585e+02
1.409851404112305318e+02
1.411440784025203925e+02
1.407909841347752717e+02
1.413101864439479414e+02
1.419129687474832338e+02
1.417653059720832687e+02
1.420357446176714120e+02
1.421564416476965391e+02
1.426103791713792646e+02
1.430174393033273930e+02
1.433315485109702649e+02
1.437951295558398783e+02
1.439452433694543743e+02
1.437887454078583289e+02
1.434750593132682752e+02
1.436262835016611916e+02
1.434647227838956667e+02
1.441987344255375376e+02
1.439368655235576568e+02
1.442973193201122228e+02
1.444133057918977272e+02
1.443098812258398880e+02
1.443987701703516393e+02
1.178285015175043355e+02
1.175800649811485954e+02
1.166568644090319538e+02
1.187097227526203937e+02
1.206408926993694877e+02
1.226751681713476074e+02
1.254812494497371631e+02
1.245765447770959611e+02
1.252067034726453016e+02
1.273774707251651392e+02
1.260425603494773696e+02
1.288590024672147649e+02
1.308082960199375293e+02
1.307131212313869355e+02
1.301911573702924159e+02
1.313482473682692273e+02
1.330768871031692697e+02
1.324838778953475185e+02
1.329093783104281385e+02
1.341903031552531900e+02
1.334589240308056617e+02
1.355179478549308953e+02
1.350345338086517302e+02
1.353738483208732646e+02
1.369923182029379234e+02
1.368593104635184261e+02
1.372408575916449820e+02
1.358305594467711614e+02
1.365714252582118320e+02
1.388035689350919029e+02
1.383080779561850306e+02
1.393713750364365751e+02
1.378384185733177389e+02
1.376567557393893821e+02
1.379604889216021775e+02
1.399454344422568113e+02
1.404613082043537133e+02
1.409265257267502705e+02
1.413187845351203293e+02
1.419912015285462701e+02
1.417839521922068968e+02
1.418861118053109749e+02
1.418020613339868703e+02
1.416456285129433752e+02
1.416876525501567414e+02
1.431130800471021303e+02
1.420876430419702103e+02
1.423950455331149385e+02
1.422888163680994751e+02
1.424874351532028811e+02
1.427705952394620681e+02
1.426741088072381842e+02
1.428581906354563387e+02
1.434352144673383691e+02
1.447512952553155117e+02
1.448222155567009111e+02
1.447741856598037771e+02
1.446290345522954794e+02
1.447117582533270479e+02
1.446471391688128563e+02
1.444735405847727066e+02
1.445680364720056730e+02
1.444866886481308939e+02
1.448405758806008521e+02
1.448996816326372254e+02
1.448680987662277744e+02
1.448971334615732758e+02
1.449444338669810008e+02
1.449291539549638230e+02
1.449212277461607528e+02
1.449567524640087868e+02
1.449576302305985962e+02
1.449131199522835800e+02
1.449369190532607945e+02
1.449538087623267870e+02
1.448730714527207226e+02
1.448852152281404813e+02
1.449179714521596338e+02
1.448013424058574117e+02
1.448019210505774765e+02
1.448503994484288455e+02
1.446981903436432333e+02
1.447513716315254442e+02
1.446873135180679526e+02
1.445638687116850178e+02
1.446211630562748951e+02
1.445416649761866381e+02
1.443986253639433528e+02
1.443652414878597767e+02
1.444600433390274645e+02
1.442027010325798244e+02
1.441583011982374103e+02
1.442682750137302037e+02
1.439763277991443999e+02
1.439210927383355738e+02
1.440461119035235242e+02
1.437197275589696517e+02
1.436538536455380779e+02
1.437937975370479933e+02
1.144426701182477046e+02
1.082913748660491677e+02
1.080201779581420709e+02
1.095076492171921529e+02
1.112582803694780438e+02
1.123583910180397254e+02
1.109682908215153248e+02
9.870446101981073639e+01
9.839097158050134340e+01
1.002583492516414339e+02
1.067629912182616749e+02
8.676403934851030897e+01
8.865029822080090582e+01
8.622653914136922992e+01
9.135387517342742569e+01
9.309935745765150727e+01
9.090190034363412508e+01
9.679724456207848959e+01
8.420173312925560083e+01
7.778211073962903299e+01
7.965927630641057533e+01
7.629376746635573170e+01
7.214238440681577913e+01
7.005676997949376528e+01
7.346626330752027911e+01
1.024040373659704528e+02
1.038059839203570505e+02
1.020740864224576256e+02
9.600704180949131228e+01
9.596868423591784847e+01
9.811517621372702536e+01
1.030784437153119057e+02
1.039344109419959210e+02
1.016513977947088847e+02
1.051132797580922329e+02
1.091094464812082663e+02
1.080826078189422219e+02
1.098152910829881819e+02
1.123079952351883151e+02
1.114307710364757185e+02
1.129869969843694690e+02
1.138599370709149667e+02
1.141966456866558275e+02
1.156286122732512496e+02
1.147466593562607216e+02
1.188745565046560699e+02
1.193118842435108320e+02
1.179620866622428963e+02
1.202130736723193110e+02
1.303115295172774211e+02
1.305812234464206938e+02
1.298774546498321172e+02
1.278446739204839417e+02
1.286475473351410699e+02
1.282599093455749255e+02
1.272998258821939856e+02
1.223332392758440506e+02
1.239437133137702318e+02
1.263956757875867538e+02
1.255631712542495393e+02
1.265709114389600245e+02
1.310848303859942519e+02
1.323371712772327840e+02
1.333183841982130389e+02
1.346664742227893612e+02
1.342361650983112611e+02
1.348815061171332275e+02
1.369933497236365270e+02
1.372597398410046310e+02
1.367749476824237149e+02
1.352803722115777987e+02
1.364464796118091670e+02
1.377408705047897683e+02
1.382008453986332768e+02
1.387077656631382752e+02
1.402673813674234111e+02
1.404260711170498155e+02
1.400360280112302007e+02
1.394546127427719853e+02
1.392135028945926081e+02
1.396245170768233663e+02
1.406369126319663110e+02
1.414044155161366234e+02
1.412031253603700236e+02
1.415131565547457910e+02
1.416625932754048733e+02
1.419674853914179380e+02
1.421811880716280712e+02
1.419433469223851034e+02
1.424456431638520826e+02
1.426330572789042037e+02
1.424232034505938316e+02
1.427795784819953724e+02
1.429963876326792445e+02
1.428015818396559666e+02
1.431663160219612507e+02
1.433087794602527367e+02
1.431902613991291560e+02
1.436376423497841017e+02
1.433223198251833423e+02
1.440637577273462284e+02
1.440709348948429636e+02
1.441915718065684189e+02
1.437957700334829099e+02
1.437972992881889240e+02
1.439353361191166130e+02
1.441823846254299610e+02
1.442845648817519475e+02
1.443907822393340723e+02
1.442925692677963241e+02
1.159560733461571544e+02
1.157055361464751400e+02
1.169081899215250786e+02
1.200807863216078317e+02
1.189679165746451446e+02
1.198220699833689054e+02
1.208811201393946391e+02
1.221595826276876977e+02
1.219160539073650824e+02
1.229193285560456559e+02
1.244489788460387558e+02
1.240418754039926057e+02
1.249680190148377505e+02
1.270775963175829020e+02
1.276160889354047612e+02
1.268348986105975200e+02
1.262935862738657704e+02
1.285414112124649364e+02
1.283390910381995695e+02
1.290607228549233412e+02
1.300014139914098621e+02
1.297820540905165956e+02
1.304110606779316015e+02
1.322161719283635364e+02
1.315194090135910301e+02
1.320455927399208633e+02
1.326516051807163024e+02
1.348762978261015348e+02
1.343604575836913853e+02
1.347061470152641789e+02
1.341890116567260804e+02
1.336391202625933090e+02
1.340086502710961156e+02
1.352001720862376430e+02
1.374225111359320977e+02
1.364301352465102468e+02
1.359791821460206052e+02
1.362815106804482639e+02
1.367158639587542837e+02
1.390792603284337190e+02
1.388092687589721095e+02
1.390734052635390299e+02
1.385276095372133227e+02
1.383054239653303625e+02
1.385300759154236516e+02
1.396214351752717562e+02
1.393480402823866200e+02
1.396444379454079012e+02
1.381850548328797572e+02
1.401430342541002858e+02
1.399081063463860346e+02
1.401803552642961677e+02
1.406190811841354105e+02
1.404201420112039784e+02
1.406602250023928207e+02
1.410812685589492332e+02
1.411153114220277018e+02
1.408929545177977900e+02
1.415544625738278626e+02
1.413540938146606436e+02
1.415188789372104452e+02
1.418975769968341467e+02
1.416804036088370538e+02
1.431166725480359503e+02
1.430301669051802662e+02
1.431996276253506721e+02
1.421946222402209514e+02
1.425846464307192605e+02
1.429453644783921220e+02
1.434331103804802297e+02
1.433568085719957708e+02
1.435115635398410348e+02
1.447974505066106019e+02
1.446917460912327158e+02
1.445529453036406835e+02
1.443807970144121668e+02
1.448703139274192893e+02
1.449105949569349718e+02
1.449185542382411995e+02
1.448944531780688862e+02
1.448385526070595972e+02
1.447511113926159965e+02
1.446323850044286132e+02
1.444826240313647929e+02
1.443020726650623544e+02
1.440909671768293094e+02
1.438495343967583722e+02
1.435779901313879634e+02
1.147177574335593135e+02
1.098270933880959888e+02
1.140584575235422875e+02
1.137255178681390646e+02
1.126915726979237462e+02
1.006303227778152518e+02
1.058404698621580877e+02
1.071065794321252440e+02
1.054944448797327539e+02
8.915417813027821126e+01
9.565288530839646342e+01
9.356961944290956978e+01
9.518236320164575659e+01
9.720991189128925214e+01
8.350603246364636334e+01
8.518986132569177983e+01
8.249050285971212304e+01
7.497609378521308088e+01
8.069629141909071279e+01
1.041888559852496456e+02
9.213037705097012520e+01
9.406776096820097166e+01
9.406863779364958589e+01
9.909193962621088758e+01
9.962698554747892388e+01
9.757093227138594216e+01
1.011767561725411326e+02
1.057203796484111109e+02
1.063707143944021709e+02
1.044457533117134034e+02
1.074835317525293874e+02
1.107698505406754066e+02
1.132661762882590608e+02
1.161444703180179374e+02
1.165843871200165580e+02
1.151807710035867842e+02
1.175505866163211124e+02
1.206785664771461057e+02
1.198001773284935467e+02
1.210883442742300673e+02
1.288252768888640958e+02
1.295798750716047607e+02
1.291217731392852102e+02
1.283334599872995625e+02
1.271275057292718742e+02
1.219492866942135976e+02
1.223938546760306565e+02
1.227680349944602938e+02
1.235683319751071423e+02
1.253979175874648462e+02
1.250574918531984991e+02
1.258996800575647796e+02
1.313517114234603298e+02
1.315912161295646001e+02
1.308432883955310615e+02
1.321093730192788200e+02
1.324286835493203682e+02
1.326285508070239416e+02
1.331184040727873423e+02
1.334356832471235919e+02
1.336098465151773951e+02
1.340616114028257186e+02
1.374859843627534417e+02
1.354726552944351283e+02
1.350798012990456982e+02
1.356715931817917635e+02
1.365700981159187108e+02
1.362283175633693304e+02
1.367860904458104301e+02
1.375299451112723830e+02
1.377402048363700828e+02
1.379992745192254802e+02
1.380953639424385528e+02
1.382673254643984535e+02
1.385353482514855159e+02
1.398699583045109591e+02
1.386343085573594465e+02
1.390516487244689472e+02
1.387959748652981489e+02
1.407160092811593870e+02
1.408534154842110127e+02
1.404997543030679878e+02
1.410704546708311682e+02
1.416927460971581638e+02
1.422109653767771817e+02
1.426160510986660199e+02
1.429763913298828868e+02
1.434943877055141570e+02
1.436448839836522779e+02
1.434866612713290976e+02
1.431640816474897520e+02
1.433197901486853993e+02
1.431660529679867579e+02
1.439317292651126081e+02
1.436471330814156318e+02
1.440618637168461191e+02
1.440645212811505758e+02
1.441797335165873051e+02
1.441750550066427934e+02
1.184063275771857207e+02
1.172104752906931395e+02
1.181070782677114863e+02
1.192480692764823260e+02
1.211398807939764168e+02
1.233259677792068061e+02
1.261645403940198094e+02
1.258189949345459269e+02
1.253106783771899870e+02
1.278279585776501790e+02
1.266290470008730011e+02
1.292888113258808005e+02
1.312294023104851988e+02
1.306259803756734925e+02
1.310159078770342092e+02
1.317287249981236528e+02
1.334932646679646666e+02
1.332832973645553523e+02
1.328619643998278832e+02
1.345359037781423694e+02
1.338449791320713871e+02
1.358305875334595498e+02
1.353588690306578997e+02
1.356720934666052187e+02
1.372226553568229690e+02
1.371095302759996173e+02
1.375344417851532626e+02
1.361333045741982914e+02
1.368330804660542981e+02
1.393519411785489410e+02
1.388048211783979582e+02
1.398837875318499755e+02
1.385254768040436772e+02
1.381846691780297931e+02
1.385255633431897309e+02
1.403824467985330102e+02
1.408517685662801000e+02
1.413196384972391968e+02
1.422176825398312303e+02
1.420110877275727717e+02
1.421040318925012116e+02
1.420430197200867326e+02
1.418011675064148278e+02
1.419223117482205794e+02
1.432765373310916743e+02
1.423075054645663329e+02
1.426024676227636689e+02
1.424991184924535332e+02
1.426880174371517853e+02
1.429582711861192763e+02
1.428647652633713392e+02
1.430388988935787040e+02
1.447171158438085570e+02
1.447356196072537102e+02
1.447789805966771439e+02
1.446045459652231102e+02
1.446182612284715390e+02
1.446780584706469881e+02
1.444590618988707433e+02
1.445441916709658017e+02
1.444678360240200448e+02
1.442804490564584228e+02
1.443771463063222313e+02
1.442841121842464247e+02
1.447969890522976470e+02
1.448201467825220732e+02
1.448471953184585175e+02
1.448443852993200949e+02
1.448720813627755888e+02
1.448829423477286866e+02
1.448595255630936265e+02
1.448864627571963979e+02
1.448916639095990035e+02
1.448426310769038992e+02
1.448579978171884477e+02
1.448791358082291367e+02
1.447939222317220924e+02
1.447977877636313337e+02
1.448347380620460001e+02
1.447136174206920032e+02
1.447587100313866415e+02
1.447060705145404711e+02
1.446019318258834403e+02
1.446512881221555062e+02
1.445830803339496242e+02
1.444590761574646081e+02
1.444290464495233550e+02
1.445127044253148085e+02
1.442852553493071071e+02
1.442441916362973870e+02
1.443431853125398447e+02
1.440806672240914565e+02
1.440287307855601284e+02
1.441429500070567542e+02
1.438455011281187410e+02
1.439122091431838726e+02
1.437828694539971366e+02
1.435799365115462365e+02
1.436511632916401595e+02
1.435068023307354110e+02
1.150229305045399144e+02
1.090274377358407065e+02
1.101778738460217681e+02
1.086728067733970562e+02
1.120020824503187242e+02
1.130480611555016566e+02
1.116427390588155362e+02
9.960093515830814681e+01
1.010528111426642823e+02
9.917204191133929214e+01
1.074920745482863964e+02
8.816320149155588126e+01
8.749328721002942189e+01
8.982432934312039663e+01
9.245603329709332741e+01
9.192554446211633490e+01
9.408709637523253377e+01
9.768309754620121055e+01
8.591715629676009769e+01
7.623627953081503961e+01
7.415751104980208197e+01
7.698830915992641621e+01
8.142931707916740436e+01
7.960326962131659911e+01
8.247694708495424720e+01
1.033219418591120586e+02
1.028783091560738967e+02
1.046237810391759524e+02
9.275203249238100511e+01
9.437856776187200580e+01
9.242890224628372664e+01
9.603766415581613103e+01
9.602227500406658578e+01
9.762742728298923112e+01
1.020504631814667817e+02
1.025901139623464644e+02
1.006216246595131452e+02
1.039625508029006369e+02
1.080688638937124182e+02
1.069342983285823578e+02
1.086082897724203349e+02
1.112547053561402777e+02
1.117977898140536865e+02
1.102174257959024573e+02
1.127613427709849816e+02
1.133716991849407663e+02
1.147869590802689856e+02
1.137640529873364272e+02
1.181284776420651212e+02
1.171608623687052528e+02
1.185134412997759483e+02
1.194422376971300395e+02
1.298157324290667134e+02
1.300681265634288764e+02
1.293227866506150008e+02
1.270096734672565475e+02
1.274183029450704936e+02
1.279256393624616948e+02
1.267059458466415975e+02
1.215462475442323580e+02
1.237440249560008425e+02
1.230769822735832832e+02
1.242292296078567375e+02
1.245936644963663156e+02
1.262060416981080806e+02
1.306014981557539159e+02
1.318963392360845148e+02
1.329326184964868673e+02
1.343187632373516180e+02
1.344967338018981025e+02
1.338820863474189480e+02
1.372743669299674991e+02
1.349105342244054384e+02
1.360386207471983937e+02
1.370678489073658000e+02
1.378180766241200388e+02
1.383665665838255734e+02
1.400018978349334304e+02
1.397336269069977277e+02
1.401365251770017153e+02
1.392033286572849704e+02
1.393317363590448110e+02
1.389236243512952740e+02
1.403693395027159738e+02
1.410419473852330157e+02
1.408854720932928615e+02
1.412248517118221116e+02
1.415938447352929472e+02
1.415044706337558580e+02
1.417818003782866754e+02
1.420944111931966916e+02
1.422703764632821617e+02
1.420345884017487492e+02
1.425213236175909799e+02
1.426514667618363319e+02
1.424872836864908834e+02
1.428779430887582009e+02
1.428307176999346666e+02
1.430216376935404412e+02
1.433311234701793637e+02
1.430206491082082891e+02
1.438052276803499581e+02
1.438022979969139499e+02
1.439346479618247656e+02
1.435145431130029010e+02
1.435063523469235065e+02
1.436553280915946402e+02
1.439354922174024978e+02
1.440684962566715512e+02
1.441766925540457862e+02
1.440668619741953762e+02
1.166358737414534232e+02
1.163071435597065744e+02
1.175406549680093491e+02
1.206551930988196659e+02
1.195431441122137244e+02
1.203577249463043302e+02
1.214182071013073028e+02
1.227312614848951284e+02
1.224511632403967951e+02
1.236014160491003651e+02
1.261466250485837861e+02
1.253029614732180193e+02
1.261511187496358133e+02
1.275098326366285164e+02
1.272917205904492448e+02
1.280327967348314928e+02
1.268457134737726903e+02
1.289705718771205909e+02
1.287602389115008350e+02
1.294981383152370711e+02
1.304006576574142287e+02
1.302048200851974968e+02
1.308236564777927811e+02
1.326938933914229324e+02
1.319703383021401351e+02
1.324534145010357236e+02
1.330990363500124829e+02
1.352105149953979435e+02
1.347054883672126664e+02
1.350408527485205354e+02
1.345845083458702334e+02
1.340446569171644455e+02
1.343842882989132477e+02
1.355237100308865195e+02
1.379339858481972669e+02
1.378844483435329380e+02
1.375839765782531856e+02
1.366936667264812115e+02
1.362677897035218280e+02
1.365601378496581333e+02
1.369626153238405664e+02
1.396239233088141987e+02
1.393540094528994757e+02
1.396216014502755343e+02
1.390976724857070224e+02
1.388149861940378855e+02
1.390873928941730640e+02
1.401138775148400839e+02
1.398699109876616831e+02
1.401277606821209076e+02
1.382311084082827506e+02
1.388130655956048258e+02
1.405766075807225945e+02
1.403615107574868830e+02
1.405974002958241726e+02
1.410151688516508273e+02
1.410481935952052197e+02
1.408186586866983419e+02
1.414334260553668798e+02
1.412585707908186521e+02
1.414949858817306847e+02
1.421312217710380423e+02
1.418710756660572656e+02
1.417132818157561758e+02
1.419583246357822190e+02
1.432841414346847841e+02
1.433600013610421513e+02
1.432007115168451037e+02
1.424116156999311613e+02
1.427822239037087968e+02
1.431229696514199929e+02
1.447585870681919289e+02
1.446624241073358803e+02
1.445334661559379867e+02
1.443714969078484671e+02
1.441763032266194386e+02
1.448221738708993769e+02
1.448534050326015858e+02
1.448525017867533506e+02
1.448196850289101292e+02
1.447551741918636310e+02
1.446591860628459756e+02
1.445319335477275047e+02
1.443736243896760243e+02
1.441844598525238439e+02
1.439646333750314682e+02
1.437143291793807123e+02
1.434337208024752499e+02
1.153769869800128163e+02
1.105655166437628054e+02
1.148189603812943034e+02
1.144238696089117582e+02
1.134431521647431396e+02
1.015325966830538817e+02
1.067777187026512280e+02
1.063221603613886401e+02
1.079396118387391397e+02
9.040274112566277154e+01
9.677504647918958369e+01
9.467698983043339922e+01
9.618636005026345970e+01
9.821835308201585235e+01
8.571414922562577487e+01
8.695131930411741905e+01
8.459868636422604027e+01
7.883782660433524825e+01
8.357301166583884822e+01
1.051102278780901713e+02
8.822631321584610475e+01
9.050923020189146939e+01
9.020094254516338594e+01
9.440327210083715670e+01
9.827966977361761280e+01
9.870980451246387588e+01
9.721331273149026231e+01
1.002483594892920564e+02
1.047010143429508702e+02
1.052318179536975151e+02
1.034203025707131332e+02
1.064525188875507951e+02
1.097220826733081083e+02
1.123273509939253785e+02
1.154986199585569011e+02
1.158347449188852067e+02
1.144460369063534699e+02
1.168538851422888456e+02
1.200480738393683851e+02
1.203749738306632366e+02
1.191115384914338904e+02
1.283406011863479819e+02
1.290877672715957942e+02
1.285752117772591134e+02
1.276724334695715299e+02
1.212449254851363634e+02
1.217243657626583229e+02
1.220441873105751256e+02
1.227556305928179370e+02
1.253103555579240975e+02
1.253626194458111769e+02
1.245451331528081198e+02
1.261719809046784775e+02
1.309515508708491609e+02
1.303945159414597015e+02
1.311564402098172479e+02
1.317018409117115709e+02
1.320580787490113437e+02
1.327529563135465480e+02
1.322376766630706868e+02
1.331248287223908449e+02
1.337317033487029221e+02
1.332755147183992790e+02
1.351410515218545640e+02
1.347397921044720590e+02
1.353110843302448814e+02
1.361821253496196107e+02
1.358382919407428631e+02
1.363801846112150713e+02
1.371716437211526056e+02
1.373555257587025267e+02
1.368833287565568639e+02
1.376432489280184370e+02
1.377777231581332558e+02
1.379329228570390740e+02
1.382111375602835608e+02
1.396110280258354237e+02
1.383329604506091641e+02
1.387754206186087060e+02
1.384806044080403069e+02
1.404973128019814794e+02
1.402555620314388420e+02
1.406089364263330879e+02
1.413247364984271144e+02
1.407777352200229757e+02
1.418493607495811375e+02
1.423126768311726948e+02
1.427042847579072031e+02
1.431892791694951370e+02
1.433419224302274984e+02
1.431784492640623796e+02
1.427931920291242420e+02
1.429809528967506367e+02
1.428352418413651321e+02
1.436619420168870249e+02
1.433540091282598041e+02
1.438229962175441301e+02
1.439426050894722096e+02
1.438158762393540826e+02
1.439476756648767832e+02
1.194646777738157226e+02
1.189221789434815264e+02
1.180815397037999759e+02
1.200618460776895233e+02
1.217087829445485738e+02
1.244731732128087600e+02
1.244618866332055518e+02
1.236202048136655520e+02
1.253190848008030258e+02
1.268330792252282464e+02
1.282528895063387324e+02
1.297023598103767483e+02
1.318275658889559736e+02
1.311264074091449174e+02
1.315248651573626546e+02
1.322667263173580636e+02
1.340063971767902160e+02
1.337475819128206922e+02
1.333569610664358720e+02
1.349007890276173498e+02
1.342976474418172188e+02
1.361627652221269500e+02
1.356920666751616693e+02
1.359940763387144216e+02
1.373870736420608694e+02
1.376607205749302807e+02
1.373046534335109357e+02
1.364326362440599496e+02
1.370426533639571858e+02
1.393623234664443657e+02
1.398703426514781256e+02
1.403465685778612908e+02
1.385648134277423935e+02
1.382520302876075391e+02
1.385436348248832701e+02
1.391282314776165379e+02
1.388294415129041113e+02
1.391116734106076649e+02
1.407974544490828634e+02
1.412260992065600078e+02
1.416544534089649119e+02
1.424392354811578230e+02
1.422423941263373024e+02
1.423280525334274387e+02
1.422792068677834436e+02
1.420769308237767348e+02
1.421606990417929808e+02
1.425220494643638744e+02
1.428045165745669465e+02
1.427038365282515997e+02
1.428829186863774225e+02
1.431403233722274422e+02
1.432136994090331825e+02
1.430496144406525332e+02
1.446913505349313027e+02
1.447056444761277021e+02
1.447443207444294728e+02
1.445884541294793735e+02
1.445979610307631447e+02
1.446529392809794956e+02
1.444529264127865247e+02
1.444575119282182811e+02
1.445288962538124622e+02
1.442845881319685759e+02
1.442840999985304791e+02
1.443719932739082594e+02
1.440832618948695938e+02
1.441820343426167597e+02
1.440775306884210352e+02
1.447617963053654933e+02
1.447807615871828943e+02
1.448032408317104966e+02
1.447999729333181733e+02
1.448299007655682544e+02
1.448235131588897957e+02
1.448060620146469830e+02
1.448245019407995073e+02
1.448341006379022531e+02
1.447802444248260088e+02
1.447872449635091527e+02
1.448127252019597790e+02
1.447226994305003132e+02
1.447183286312259440e+02
1.447595867678840875e+02
1.446336037278962579e+02
1.446179488450365227e+02
1.446748829331713466e+02
1.445131304245239505e+02
1.444862974708964884e+02
1.445588078611566800e+02
1.443614479683018885e+02
1.443235611524532658e+02
1.444115511157637002e+02
1.441787190291616128e+02
1.441299200849616398e+02
1.442332964517324285e+02
1.439650993371361665e+02
1.439055467518745104e+02
1.440242205687539183e+02
1.437207364753236334e+02
1.437844918260119300e+02
1.436506046108659973e+02
1.434457686326480541e+02
1.433652467229836418e+02
1.435142689004596548e+02
1.157424983801440845e+02
1.099486000825235692e+02
1.110089158491502133e+02
1.095007333100666500e+02
1.128680402022326064e+02
1.138609706987826229e+02
1.124471694263300350e+02
1.007323394023897265e+02
1.020715771441521582e+02
1.001805754410864040e+02
1.084169066938321322e+02
8.945086094351223949e+01
8.881156161779712477e+01
9.098848323411593242e+01
9.406028446489976602e+01
9.327550874960877536e+01
9.544479599445504903e+01
9.880399145307549702e+01
8.761615120966632730e+01
8.029784413048128044e+01
7.823904808753358964e+01
8.083550110891879115e+01
8.497811137128340420e+01
8.320213820151153072e+01
8.532177314046394656e+01
1.044378003578125487e+02
1.056445688229589734e+02
1.038904035876426946e+02
8.970500199769742267e+01
8.901703239461292583e+01
9.126239389715007633e+01
9.383795280547919049e+01
9.492393801910364459e+01
9.327135737182742048e+01
9.612028915668162199e+01
1.011007030867736489e+02
1.015988692582890565e+02
9.973829350934639137e+01
1.029758746148842761e+02
1.072839984016308108e+02
1.076950367107297097e+02
1.060316295388191037e+02
1.103946047382464997e+02
1.108413590247951532e+02
1.092665585203920386e+02
1.119188194547862878e+02
1.127324791668454367e+02
1.141443269269173157e+02
1.130323069091707566e+02
1.175076309805362911e+02
1.178297581195545973e+02
1.165264614708869004e+02
1.188152172489862011e+02
1.294738126019767037e+02
1.296491570164175755e+02
1.289120720753313947e+02
1.267450181400520961e+02
1.275511320484841349e+02
1.268771229887243663e+02
1.208945565178129868e+02
1.233056929737656304e+02
1.235340404421876741e+02
1.225211798041262625e+02
1.243346613210611338e+02
1.260444452624588934e+02
1.302289694526822643e+02
1.315104673532254651e+02
1.325927177441225240e+02
1.340197684626724595e+02
1.341728623653376644e+02
1.335772173203540660e+02
1.356777851254793177e+02
1.345945712869431645e+02
1.366939713006239003e+02
1.374797669626080960e+02
1.380572923365114093e+02
1.398768360909635646e+02
1.399413000435117453e+02
1.395469808579943560e+02
1.388289854110877855e+02
1.385848522009191015e+02
1.390177209894552846e+02
1.401945206855800734e+02
1.412651752999745440e+02
1.414301695792575515e+02
1.411571769147163593e+02
1.408454098795173763e+02
1.406743006988265279e+02
1.409438580818599007e+02
1.417688121377368020e+02
1.419321161902948631e+02
1.416858486239147794e+02
1.421349555958355495e+02
1.421167487081184220e+02
1.423313523253919755e+02
1.426618247887896587e+02
1.429950903474632469e+02
1.435437485248469329e+02
1.436746792710253260e+02
1.435309944815237486e+02
1.432305693694016782e+02
1.433727606106067753e+02
1.432118749040279226e+02
1.436854095051344586e+02
1.438487725903039518e+02
1.438376124717308926e+02
1.439588263069214520e+02
1.173935273540804474e+02
1.170262972630949321e+02
1.184447227949213044e+02
1.216089715121709958e+02
1.211271843217608364e+02
1.205420485909055657e+02
1.221783798669097081e+02
1.232941204434077349e+02
1.239020380444551677e+02
1.230180309715655511e+02
1.254194449965456357e+02
1.249441302217451124e+02
1.257837018384014556e+02
1.279402291990744658e+02
1.270527969666465395e+02
1.277201631735376992e+02
1.284633921140762141e+02
1.294530640685776746e+02
1.292158701450957778e+02
1.299389969636845592e+02
1.309109508314398056e+02
1.306598082868952133e+02
1.313774071957432739e+02
1.333609029776978900e+02
1.326028590987544646e+02
1.330244890086298426e+02
1.336855435261463754e+02
1.355857022934342524e+02
1.353953279777105081e+02
1.350907169804788168e+02
1.350205012181114341e+02
1.345190163490883322e+02
1.347994303246007632e+02
1.358770416844562590e+02
1.379416194749046269e+02
1.376661058298074636e+02
1.379361600476027263e+02
1.371583069959145291e+02
1.369240631342132133e+02
1.366668248146507096e+02
1.372731013105927218e+02
1.396624359592570670e+02
1.393826590308345601e+02
1.396418986846995836e+02
1.401337594614847148e+02
1.398813055487706549e+02
1.401227847899330641e+02
1.405756205644143790e+02
1.403468868506012086e+02
1.405753499265274513e+02
1.388476590573870340e+02
1.382543702967102774e+02
1.393968893591538176e+02
1.410111775680366009e+02
1.407955678404340745e+02
1.410122256728834600e+02
1.413412101394824560e+02
1.413883827043777330e+02
1.411793852812947421e+02
1.417163886716035961e+02
1.415754670216461477e+02
1.417956770608302577e+02
1.423601210162586028e+02
1.421222970994321315e+02
1.422021354401316273e+02
1.419970422922410762e+02
1.426234575471249002e+02
1.429742954151393803e+02
1.432948331463729232e+02
1.447281227298113038e+02
1.446415025530398850e+02
1.445223519587148360e+02
1.443704907662009873e+02
1.441857404115104941e+02
1.439679243638916830e+02
1.447823937533762830e+02
1.448044973081833007e+02
1.447946147283216476e+02
1.447529261416394206e+02
1.446796095463917027e+02
1.445748398220886202e+02
1.444387876863420956e+02
1.442716186019409008e+02
1.440734916390879619e+02
1.438445582921339678e+02
1.435849612494509984e+02
1.161353255537701727e+02
1.114576991280005132e+02
1.156822737668361327e+02
1.152359194372073290e+02
1.143070804162753689e+02
1.026452003992652067e+02
1.078298190283308884e+02
1.089229646749601130e+02
1.073159915593358846e+02
9.180946009858473644e+01
9.816059429601354225e+01
9.616514768792326606e+01
9.744355756238385879e+01
9.947506523031746895e+01
8.720843359278920559e+01
8.262680368575192347e+01
1.061854290622190149e+02
8.427377772088721031e+01
8.707785830651224046e+01
8.625890047235981228e+01
9.179291503807509400e+01
9.729094009918370034e+01
9.781518903833838863e+01
9.557734506592665014e+01
9.928120147655744177e+01
1.039491474965869457e+02
1.043458027355025308e+02
1.025683883438160393e+02
1.056823333103818641e+02
1.088979871013743264e+02
1.115774757958012344e+02
1.149572894572937258e+02
1.152404874712393621e+02
1.138556398857742664e+02
1.162716476106203345e+02
1.194454909399472484e+02
1.197572384916928740e+02
1.184976450970284390e+02
1.282487765179804171e+02
1.283007325548809376e+02
1.288754739146993700e+02
1.275161785080244812e+02
1.206070243232880586e+02
1.212367676743128868e+02
1.222901079135311448e+02
1.214660352031582988e+02
1.248190721335950855e+02
1.250719333250851406e+02
1.240770884446150575e+02
1.258052979204310020e+02
1.306086042524090374e+02
1.300513586048131174e+02
1.307842790108583699e+02
1.313437010957175914e+02
1.317266702429355121e+02
1.324318858816803584e+02
1.318878274272079238e+02
1.327977697125360805e+02
1.329569545681406169e+02
1.334178946605256613e+02
1.358879854499555790e+02
1.360385774936839027e+02
1.355238443303470319e+02
1.348608621646277470e+02
1.344493539591625506e+02
1.350044753604226742e+02
1.368868512139625864e+02
1.365451478522919899e+02
1.370333707556079332e+02
1.373408764191609635e+02
1.374882888057988453e+02
1.376296804155459483e+02
1.379155639033272678e+02
1.393726641083187303e+02
1.392909534387509893e+02
1.396292796281027506e+02
1.380603032650070645e+02
1.384508836415197379e+02
1.381936571282463433e+02
1.391067663528343417e+02
1.403551767654524269e+02
1.404278873992140291e+02
1.401210910403637797e+02
1.415224659846814745e+02
1.410564495523903759e+02
1.406054549375005536e+02
1.419564501373005498e+02
1.424025311377052958e+02
1.424624618808929597e+02
1.422691924712225102e+02
1.426012929612723781e+02
1.428831794174430456e+02
1.430364172492526791e+02
1.428409049856898037e+02
1.433893074020265033e+02
1.430591546679422379e+02
1.435809479719596027e+02
1.437021794014810325e+02
1.435641585274462955e+02
1.437168685494884244e+02
1.198954747359972686e+02
1.196695259236535662e+02
1.186706975102072334e+02
1.218191702211331204e+02
1.206517148615064343e+02
1.217079900765087928e+02
1.224678286575487363e+02
1.243769881270917494e+02
1.270044821559445296e+02
1.265727167320435314e+02
1.262159597007562581e+02
1.274749624241008519e+02
1.287094032853304100e+02
1.301993065502781519e+02
1.323839445167851068e+02
1.321014547295251589e+02
1.316605959320200157e+02
1.328768908456907525e+02
1.344367516061031722e+02
1.339044504411009768e+02
1.342177793989091299e+02
1.353058815775549419e+02
1.347299214060905967e+02
1.365314936636019354e+02
1.360646134903781785e+02
1.363444840204005573e+02
1.375524059537317214e+02
1.368478088764610163e+02
1.398995386069719586e+02
1.403561416010422818e+02
1.407944048674224575e+02
1.391866805631077852e+02
1.391558602944839720e+02
1.388784278821872249e+02
1.386144404899208382e+02
1.382808953171575865e+02
1.385880780588561265e+02
1.397309615667740275e+02
1.396950461310154310e+02
1.394324726697973063e+02
1.411775200053018864e+02
1.415315309075239156e+02
1.419217753977100358e+02
1.426560004032932341e+02
1.425472312672960129e+02
1.424689193701418901e+02
1.425111753893374953e+02
1.423947970237597360e+02
1.423185311087455034e+02
1.427315094285972350e+02
1.430014945238033306e+02
1.430724651304450958e+02
1.429033323228542542e+02
1.433170478099246168e+02
1.433829072455742164e+02
1.432289869625332130e+02
1.446736969747378794e+02
1.446839305208946485e+02
1.447179104634681153e+02
1.445804475553045165e+02
1.446360664488074690e+02
1.445859000486934463e+02
1.444548131326671978e+02
1.445218070137227926e+02
1.444553686749420933e+02
1.442966510174604196e+02
1.442921752135925431e+02
1.443749704703089947e+02
1.441058190036033011e+02
1.440961596265262585e+02
1.441953960779437125e+02
1.438821755936470765e+02
1.439829243754819856e+02
1.438671633373817258e+02
1.447347042162924708e+02
1.447496220293081706e+02
1.447675012153334535e+02
1.447636118262142872e+02
1.447831367501207183e+02
1.447850007669191541e+02
1.447605615175439198e+02
1.447705703975570088e+02
1.447846364610035153e+02
1.447256935460179079e+02
1.447243698473144207e+02
1.447542818168724637e+02
1.446591460069026596e+02
1.446465564857749939e+02
1.446922315543118032e+02
1.445610540622659528e+02
1.445372844158291059e+02
1.445986416243896713e+02
1.444315491084296639e+02
1.443967035231168268e+02
1.444736642683492107e+02
1.442707578857704220e+02
1.442249584719751851e+02
1.443174470378337730e+02
1.440788015331193321e+02
1.441301317646156974e+02
1.440221876520234332e+02
1.438557945907271005e+02
1.439118534821984952e+02
1.437885220765746510e+02
1.436018439561918854e+02
1.435240842385432529e+02
1.436627393001826363e+02
1.165525058044337641e+02
1.109129269297110056e+02
1.104422139539598646e+02
1.119217265799464514e+02
1.138456331764079437e+02
1.147801589296435196e+02
1.133682045583094720e+02
1.021224034408837440e+02
1.014323217295074357e+02
1.033120420673701005e+02
1.094199457044446859e+02
9.205831000052337743e+01
9.310219915504036692e+01
9.077545684649597035e+01
9.557398357719912951e+01
9.691056940017621457e+01
9.483877987793393061e+01
1.001784762484067954e+02
8.868325214067503737e+01
8.683021675684922513e+01
8.904086935872612685e+01
8.431296254313743077e+01
8.228067593918648015e+01
8.460795987711072996e+01
1.057289710934764884e+02
1.068142249532385790e+02
1.050954020349402498e+02
8.925609613276560594e+01
8.952342871459724449e+01
8.678346365279351460e+01
9.161508892482996202e+01
9.309251069790947497e+01
9.525988205833033362e+01
9.342088064569848882e+01
1.003802645866280869e+02
1.007638161609261118e+02
9.888527094038879284e+01
1.022381375111441031e+02
1.067003188968101597e+02
1.070096683637339936e+02
1.053619785863829890e+02
1.097874700360284805e+02
1.101069925290277638e+02
1.085694950363082256e+02
1.112935080222656978e+02
1.122234765930555369e+02
1.136181771725391343e+02
1.124585830953030836e+02
1.170718809921636563e+02
1.173004631894806664e+02
1.160377509118452792e+02
1.182929803370325459e+02
1.291618001309290662e+02
1.293216739616225652e+02
1.287155311784089236e+02
1.275285845992368365e+02
1.278928067258389376e+02
1.271480525184911272e+02
1.203485504661477563e+02
1.229701606448691962e+02
1.231454547618649684e+02
1.221096558593811068e+02
1.239172227045975916e+02
1.259669234036110907e+02
1.253964341398764759e+02
1.263526652614439882e+02
1.299001685043930649e+02
1.311731717012946206e+02
1.322637451255718020e+02
1.337561369902328750e+02
1.338910751295662180e+02
1.332821225328632124e+02
1.353875485377751602e+02
1.364007287096883374e+02
1.343210947008839469e+02
1.371927336119089489e+02
1.377761213771647704e+02
1.397834601872340841e+02
1.398317800849369803e+02
1.395816679296963230e+02
1.385696983052096414e+02
1.386963910624394316e+02
1.383143465551835902e+02
1.392165253053777860e+02
1.392954193670577467e+02
1.390256514396653529e+02
1.400759405795439534e+02
1.414762845983036641e+02
1.416235383640270413e+02
1.413765319087955561e+02
1.408453483647706435e+02
1.410578730826708238e+02
1.408471503438348691e+02
1.406074264843090020e+02
1.420268767309806321e+02
1.420824067804558695e+02
1.419029867368160183e+02
1.422167879605605094e+02
1.425017014151883075e+02
1.426473089496928992e+02
1.424547045233467202e+02
1.426948810797906901e+02
1.432796181223214944e+02
1.434119084317548811e+02
1.432569909310178957e+02
1.429446102606143825e+02
1.430878320804647785e+02
1.429159054622680003e+02
1.434324015903896452e+02
1.436255801565982892e+02
1.437373974702767896e+02
1.436050295922147200e+02
1.183376290860617814e+02
1.178755015721746560e+02
1.191300786332526087e+02
1.208632324595759115e+02
1.225677359285728869e+02
1.239008551314175293e+02
1.236058213132408525e+02
1.246705250430112955e+02
1.272046376712344511e+02
1.263196917579025467e+02
1.270998946094747737e+02
1.283922464238430337e+02
1.277050211990169970e+02
1.281611925153479490e+02
1.289300992247062254e+02
1.299695209726358485e+02
1.297155684929093979e+02
1.304531639253901574e+02
1.314787572108234031e+02
1.311992457904713660e+02
1.319400015586315078e+02
1.337633801617530480e+02
1.330818482916743335e+02
1.335575067098167779e+02
1.341018831864487026e+02
1.359944781305732704e+02
1.355132670395864523e+02
1.357863521500935065e+02
1.354855810525705806e+02
1.352496217679029087e+02
1.349674513424437805e+02
1.362658161391559304e+02
1.379990322306837243e+02
1.379689215794408028e+02
1.375829210770037889e+02
1.374216985277702463e+02
1.372875263427718266e+02
1.369824343115791407e+02
1.401960944263712463e+02
1.401636173291170735e+02
1.399320165559166753e+02
1.406176660111244132e+02
1.403783344034693243e+02
1.405956887986739048e+02
1.410232438606093979e+02
1.410162926945955917e+02
1.408017323630963062e+02
1.394603098191609263e+02
1.389018575577885315e+02
1.383089426268464592e+02
1.399649637610930313e+02
1.414736647859432992e+02
1.412452616020305811e+02
1.414060361589894512e+02
1.415976903664817996e+02
1.419621193587407504e+02
1.420442214957906515e+02
1.418396148921027020e+02
1.425845548079521734e+02
1.423699855230108824e+02
1.424420080166899822e+02
1.422465119319561211e+02
1.428303601192798737e+02
1.431611582826932079e+02
1.434612475245065468e+02
1.447057594758772439e+02
1.446286743739480016e+02
1.445192863344617820e+02
1.443774524167604056e+02
1.442030299576194352e+02
1.439958768578870263e+02
1.437558517673634810e+02
1.447506844748360777e+02
1.447635916105338083e+02
1.447446219382947845e+02
1.446939146655797117e+02
1.446116064149516092e+02
1.444978304216552374e+02
1.443527156742592865e+02
1.441763859983385885e+02
1.439689590870753477e+02
1.437305454828530173e+02
1.170378865160606807e+02
1.124250144565918959e+02
1.166779410314060499e+02
1.161658369680092733e+02
1.152923519632699652e+02
1.039734819396889520e+02
1.089030570197164423e+02
1.099414387623112077e+02
1.083785343558859608e+02
9.389485689838620885e+01
9.037291875795069984e+01
1.000740965053935128e+02
9.789157155259569265e+01
9.908675837256399177e+01
1.010997717819298600e+02
8.647962395769532407e+01
1.073682730400496013e+02
8.503932107262643569e+01
8.460812789880708351e+01
8.720277942527235382e+01
9.120914229926690098e+01
9.658054469077316639e+01
9.696274672831025043e+01
9.487467563831643247e+01
9.856455123429903153e+01
1.034121274015572993e+02
1.036995434583499787e+02
1.019371645973729841e+02
1.051176123924597334e+02
1.082996857754424411e+02
1.110186687500519582e+02
1.145068756618527175e+02
1.147428211854597322e+02
1.133742573767484600e+02
1.158262719460760195e+02
1.190580845653824582e+02
1.192597683421590204e+02
1.180843793380611118e+02
1.283623923579019390e+02
1.267536181539852436e+02
1.201654130779254501e+02
1.209600766637895788e+02
1.219815161532605572e+02
1.210867816950734976e+02
1.245245182976622118e+02
1.246771875775844620e+02
1.237608388070523375e+02
1.252566397829342577e+02
1.302940681709241915e+02
1.297378459397329493e+02
1.304556001986307763e+02
1.310202569067800198e+02
1.313415895075112587e+02
1.315288488861328915e+02
1.320742456852489397e+02
1.325801614757741334e+02
1.331773272548203408e+02
1.326873121999841203e+02
1.356088213514759389e+02
1.352430231400249170e+02
1.357514305954943268e+02
1.365893377557960946e+02
1.367412086305755849e+02
1.362474922740482839e+02
1.345982194955823559e+02
1.341852986686458280e+02
1.347325030634980578e+02
1.370472328833133417e+02
1.372206216827652838e+02
1.373513552585903597e+02
1.376451554704730142e+02
1.395046571624143041e+02
1.377797317808864648e+02
1.381762999293154905e+02
1.379175272077667103e+02
1.388935870896304436e+02
1.402018772255078147e+02
1.402807083052906023e+02
1.399976486437739425e+02
1.417577713591776387e+02
1.411700734381641382e+02
1.405328653627137214e+02
1.422685176161055267e+02
1.425756242574102544e+02
1.425409441514917432e+02
1.427297278524330295e+02
1.431143539856826408e+02
1.427625644832733371e+02
1.433358927538012892e+02
1.434586592622514729e+02
1.433096034629423343e+02
1.434828141498541925e+02
1.208903265710749224e+02
1.196400461956731078e+02
1.203809179245449315e+02
1.224359722640257644e+02
1.211802191564087110e+02
1.221196188467255581e+02
1.228807005549643776e+02
1.258356587955222068e+02
1.248865731891668247e+02
1.256187739588679904e+02
1.265226638687552025e+02
1.278007753812028966e+02
1.291939856087479370e+02
1.307427103775341095e+02
1.328787615842410901e+02
1.326265528537993532e+02
1.321924622112985048e+02
1.333242827899825329e+02
1.349129010373854669e+02
1.343444578775320508e+02
1.346706894360282547e+02
1.357433847562280107e+02
1.352027898426927379e+02
1.369065158789966574e+02
1.364563096776617215e+02
1.367161627065917742e+02
1.377132096655703606e+02
1.371672178179705384e+02
1.404085875628530289e+02
1.408217836410591985e+02
1.412500048639176669e+02
1.398112846752593157e+02
1.395020750000055614e+02
1.397690671411500318e+02
1.392662615990423376e+02
1.392247856266830581e+02
1.389432980284132100e+02
1.387333128177000958e+02
1.386724061689648408e+02
1.383697281681311892e+02
1.402961751903470429e+02
1.400167074935002915e+02
1.402444311663158771e+02
1.417208024629635759e+02
1.421684081614718309e+02
1.428682484000129023e+02
1.427617616603809836e+02
1.426910718425361893e+02
1.427391714135074210e+02
1.425564055738461491e+02
1.426248051264212222e+02
1.429361677495091953e+02
1.431936598097264550e+02
1.430978850157747218e+02
1.432569330641561294e+02
1.434886951524255210e+02
1.435467923269368100e+02
1.434031560333154971e+02
1.446639086656771553e+02
1.446994797664877126e+02
1.446702032260580211e+02
1.445802700802794618e+02
1.446271606856543315e+02
1.445817943685622993e+02
1.444644558597568960e+02
1.445226350732977778e+02
1.444611125867091062e+02
1.443163609588119698e+02
1.443857789854680505e+02
1.443080338321749991e+02
1.441358796211026743e+02
1.442164681851510863e+02
1.441224339161702801e+02
1.439229054638240370e+02
1.439041886631436853e+02
1.440145783574319864e+02
1.436773314613833179e+02
1.437799852137920027e+02
1.436531739826927492e+02
1.447154757649905434e+02
1.447397156658542201e+02
1.447264627986350547e+02
1.447350743669370274e+02
1.447479907310360545e+02
1.447506959755388323e+02
1.447228059297989091e+02
1.447244258093717519e+02
1.447430244317423274e+02
1.446787699311739743e+02
1.446691396718399290e+02
1.447035680905590596e+02
1.446030633500197098e+02
1.445822483684693509e+02
1.446324445132904088e+02
1.444957800746337568e+02
1.444638645157190524e+02
1.445297682169642428e+02
1.443570102472430392e+02
1.443140965243156870e+02
1.443956499312942299e+02
1.441868395446435329e+02
1.441330477670602761e+02
1.442301957951775933e+02
1.439853483970890693e+02
1.439208156901625557e+02
1.440335064947329897e+02
1.437526111475527273e+02
1.438056763460902516e+02
1.436774908713649950e+02
1.175223689265189932e+02
1.120408381195587566e+02
1.129738442474571372e+02
1.114887228336081080e+02
1.149477943818732513e+02
1.158293055044825905e+02
1.144075498813283360e+02
1.037114482165956559e+02
1.047423285013518779e+02
1.029160641731956645e+02
1.105214086716656396e+02
9.281378221830685504e+01
9.244660031344770346e+01
9.422172352933691286e+01
9.076799212268664974e+01
9.657930009511696312e+01
9.833063076495963628e+01
9.608628767588810149e+01
1.018939928032381772e+02
8.826988494956947306e+01
8.627034581271824720e+01
8.843925624854998091e+01
1.066722542931400568e+02
1.062133363896977301e+02
1.078271772214833391e+02
8.024204516044694913e+01
8.263094836115497799e+01
8.228812112638411236e+01
8.905374253266259643e+01
8.915681232854844041e+01
8.703995301898672210e+01
9.110962193971866441e+01
9.168859635834385813e+01
9.421250100724731169e+01
9.235448638666275656e+01
9.991967861299815468e+01
1.001708618693578501e+02
9.829581772874497858e+01
1.017333445149719751e+02
1.063341123106485213e+02
1.065328500004111163e+02
1.049077192162950496e+02
1.093385856769078828e+02
1.095776599974183227e+02
1.080510789662167497e+02
1.108123573560660020e+02
1.118792677685507329e+02
1.132182444443871105e+02
1.120329953522235087e+02
1.167277034317064022e+02
1.156383232844727473e+02
1.169083665404916133e+02
1.179229506711116642e+02
1.288855458556431302e+02
1.290273377017235248e+02
1.282167013769421828e+02
1.261383803690456347e+02
1.268397756540939270e+02
1.260563121726846987e+02
1.200172145641422645e+02
1.227132588227603804e+02
1.218435920641503145e+02
1.228483083158033509e+02
1.236402286996856645e+02
1.253462666423370422e+02
1.296041989887828549e+02
1.308228365155116535e+02
1.319632453143229611e+02
1.335299694821825653e+02
1.336458024810197287e+02
1.330600169413899891e+02
1.351149000777961930e+02
1.361108373672960283e+02
1.340753200239403498e+02
1.369099539568081241e+02
1.375020937574681739e+02
1.396195018158291532e+02
1.397029862646571701e+02
1.394215763212848742e+02
1.381504279412067433e+02
1.379653007918198284e+02
1.383549350868661350e+02
1.391132646114079989e+02
1.391665162066332471e+02
1.388425798892021135e+02
1.399175192993989469e+02
1.417130604533194571e+02
1.418700756704995740e+02
1.415984223594718401e+02
1.412214301474140257e+02
1.413500692775815537e+02
1.410393832585923519e+02
1.406321558059314043e+02
1.407406807730782532e+02
1.404229768762094466e+02
1.421734394666721073e+02
1.423379481061485308e+02
1.421034728967301533e+02
1.423774211504530740e+02
1.430129688034301125e+02
1.431465545462760645e+02
1.429807278159182999e+02
1.426566161135032758e+02
1.428009333107386283e+02
1.426181692851539253e+02
1.431766240886310300e+02
1.433990497874984271e+02
1.435125644963845559e+02
1.433692656925919380e+02
1.193810986588806315e+02
1.201490682525757734e+02
1.188682061687536446e+02
1.216674414861257247e+02
1.231808436520900187e+02
1.245952087435429831e+02
1.242559404070760110e+02
1.252264809710137001e+02
1.277144231287205542e+02
1.267847771847119702e+02
1.274526455561065887e+02
1.288602705068756222e+02
1.280413181789613191e+02
1.286213573800708048e+02
1.294236730395701045e+02
1.305235060028607563e+02
1.302518617528608615e+02
1.310149946871617601e+02
1.319854378825236836e+02
1.317369885060662682e+02
1.324405829723732779e+02
1.341845755246518195e+02
1.335395820086877166e+02
1.339692048176891035e+02
1.345511950379955408e+02
1.364176516684247815e+02
1.359577058688900593e+02
1.362025724081024975e+02
1.360392677498926730e+02
1.354824370247229410e+02
1.357581034928415704e+02
1.366644507423011419e+02
1.382368321107080646e+02
1.378341965103323901e+02
1.381165625665202583e+02
1.377836707157287890e+02
1.376004984714122088e+02
1.373506159792178209e+02
1.407040420241775109e+02
1.404529496754610136e+02
1.406595588487623161e+02
1.410192462755975384e+02
1.410208859729982862e+02
1.408205496699550849e+02
1.414097976183962544e+02
1.412181679945518908e+02
1.414423507116157737e+02
1.395399674097668026e+02
1.400542977357192171e+02
1.390011575960890866e+02
1.384873759523920853e+02
1.405019527161002202e+02
1.418220073163770110e+02
1.416484053372277003e+02
1.418938571433367599e+02
1.422339907851529404e+02
1.420984280886812599e+02
1.423038637780423699e+02
1.428047397011739861e+02
1.426142666928010669e+02
1.424924625448832955e+02
1.426781769646166822e+02
1.430325890035941825e+02
1.433430665252551535e+02
1.436224597123283218e+02
1.446236881432392352e+02
1.446912554536616256e+02
1.445240080078938831e+02
1.443921102950933175e+02
1.442278894152418047e+02
1.440312390774667222e+02
1.438020523229920968e+02
1.435402214514778052e+02
1.447268136286061520e+02
1.447304649749295606e+02
1.447023100060041543e+02
1.446424469580263121e+02
1.445509712357855960e+02
1.444279747892619810e+02
1.442735454281888110e+02
1.440877660734886376e+02
1.438707139486307653e+02
1.180566801394848397e+02
1.135396281805115990e+02
1.177587671193427639e+02
1.172056054514941792e+02
1.163834265806421655e+02
1.052356009951837876e+02
1.100843067223556488e+02
1.095067066696931306e+02
1.110961246086272496e+02
9.472252346778964238e+01
9.054590763859593494e+01
1.001383608189061505e+02
9.839142530927964003e+01
1.000974028888372658e+02
1.038418376757707478e+02
1.019859288535733413e+02
1.037668592153891325e+02
1.084354842207743701e+02
8.148456276446577817e+01
8.326218914333496457e+01
8.083905619628383477e+01
8.651419906389425307e+01
8.577574557851471582e+01
8.778758289992467212e+01
9.039086670157735171e+01
9.623788283468853422e+01
9.643468192497250868e+01
9.399918886265220408e+01
9.815562450560290131e+01
1.031488053997555170e+02
1.015719206062940998e+02
1.032971447554428437e+02
1.078873315084649249e+02
1.047965850473253653e+02
1.106216856763129783e+02
1.142327497797001286e+02
1.130640476914435482e+02
1.143790387785632987e+02
1.155123663539314691e+02
1.187814303914926342e+02
1.177716206107402854e+02
1.189262599911636471e+02
1.277001147748820244e+02
1.276222455871448318e+02
1.283052947984511150e+02
1.269400916212979382e+02
1.198873804115315664e+02
1.207569797094646731e+02
1.208491291906997134e+02
1.217507881460380190e+02
1.243078720947449227e+02
1.235246374478633271e+02
1.244223530789188885e+02
1.252445248542678655e+02
1.300441619404575420e+02
1.294745092894463312e+02
1.301728022493860806e+02
1.307025374848678041e+02
1.312092963402272403e+02
1.319042442440255627e+02
1.312781939762008960e+02
1.325844830353589714e+02
1.325883093663930481e+02
1.330677137262041754e+02
1.353672288038918623e+02
1.349898366684120674e+02
1.354904170421417291e+02
1.363181306910349804e+02
1.364562978152003154e+02
1.359711520562555904e+02
1.343826088634673397e+02
1.339637032787987891e+02
1.344928410939093055e+02
1.367769626003155850e+02
1.369728698333636601e+02
1.370939680419415083e+02
1.373805794969117358e+02
1.393716123476604878e+02
1.375551746516896401e+02
1.378552586269791220e+02
1.376652636275065049e+02
1.387767347264990576e+02
1.386727467137480687e+02
1.384673344332576903e+02
1.389466174406091170e+02
1.400459792000758341e+02
1.401256757669621322e+02
1.398378069566921340e+02
1.414718357938184283e+02
1.419467196897803376e+02
1.409339675402464707e+02
1.403466065397535942e+02
1.422733603786250001e+02
1.424248006941167830e+02
1.422256386929992686e+02
1.428371424506981100e+02
1.424674247273412959e+02
1.430879500816998871e+02
1.432121918480609395e+02
1.430523366513336612e+02
1.432456377277292461e+02
1.218766320996514878e+02
1.213727452685208874e+02
1.206543794275384016e+02
1.233182496912711059e+02
1.221187942195861211e+02
1.228673757777665401e+02
1.235368404745270681e+02
1.265462848488392922e+02
1.261829308051071052e+02
1.255903646545201440e+02
1.271333017733657869e+02
1.282909325684994144e+02
1.297064796651330312e+02
1.312738463773178523e+02
1.333849466313880043e+02
1.326990689005496904e+02
1.331268724957483869e+02
1.337881486145035979e+02
1.353790514260261943e+02
1.347894450326193976e+02
1.351419055910704401e+02
1.362304279615853204e+02
1.357110630570650756e+02
1.373084361405537095e+02
1.368681923175865620e+02
1.371050711830345676e+02
1.380134971272096607e+02
1.375492645825108582e+02
1.408629232404655909e+02
1.412162164278457794e+02
1.416178660025389320e+02
1.398568479042605475e+02
1.398330115469295265e+02
1.395644335941902341e+02
1.404095474079074393e+02
1.403508479795810331e+02
1.401138163690092426e+02
1.393719670523224181e+02
1.390549566064864848e+02
1.393174128226830817e+02
1.388730121164211369e+02
1.388028057648687650e+02
1.385587705433950418e+02
1.408348486254886041e+02
1.405690223438288626e+02
1.407676156724718055e+02
1.420303820980282410e+02
1.424263952636758006e+02
1.430761971809001238e+02
1.429090820261525323e+02
1.429718851542559435e+02
1.429633816297556450e+02
1.427906545989083327e+02
1.428509367117932527e+02
1.431362631518460091e+02
1.433812232365059174e+02
1.432877294389282099e+02
1.434365531767818993e+02
1.436554682178935138e+02
1.435723485090712188e+02
1.437055777622829282e+02
1.445877221054030315e+02
1.446259989205521208e+02
1.445854160473958530e+02
1.446617960718986922e+02
1.446888153546751994e+02
1.446642445103147736e+02
1.444816446044641793e+02
1.445311473318071194e+02
1.444745055135212510e+02
1.443434970788388796e+02
1.444041752560344491e+02
1.443314269924025552e+02
1.441732113481874080e+02
1.442449960621814569e+02
1.441560933394580672e+02
1.439707174752982439e+02
1.439484161911884712e+02
1.440535218793210959e+02
1.437359436031119344e+02
1.437083058775114921e+02
1.438296635572122852e+02
1.434688156764563587e+02
1.435733305206024397e+02
1.434356712219278052e+02
1.447039312834598093e+02
1.447196805248343026e+02
1.447110754856991832e+02
1.447141906958308653e+02
1.447186766397053077e+02
1.447259920349004574e+02
1.446926352492718308e+02
1.446858839038707742e+02
1.447090754138892805e+02
1.446393235973791036e+02
1.446604047133135111e+02
1.446213801239466932e+02
1.445543117625825289e+02
1.445800564271467863e+02
1.445252402400816436e+02
1.444376527210033032e+02
1.444681039495710877e+02
1.443975357912769653e+02
1.442893959164707951e+02
1.443246170052708806e+02
1.442383343126200259e+02
1.441095867047108925e+02
1.440476986673463671e+02
1.441496610135083642e+02
1.438982657275896315e+02
1.438256863138890651e+02
1.439432963862288091e+02
1.185850984474478054e+02
1.132331499092911997e+02
1.126484417450997171e+02
1.141202737491150003e+02
1.161611092526984095e+02
1.169753435339968348e+02
1.155646750048126989e+02
1.052968661890700162e+02
1.117077106449180519e+02
9.575134125324576928e+01
9.427097034336188131e+01
9.614981534039796429e+01
9.216305461364810014e+01
9.019686905108127917e+01
9.246537787721175050e+01
1.020180575060781791e+02
9.853190482535396200e+01
9.755442243453623519e+01
9.935697636959520196e+01
1.080430991217764358e+02
1.073715154314572118e+02
1.090992831082966177e+02
7.617501239178925232e+01
7.883331068960478660e+01
7.823992585182423909e+01
8.400412909191386746e+01
8.913435636509876758e+01
9.273418288189378700e+01
9.220550058933740445e+01
9.453338184891644858e+01
9.977119849158499676e+01
9.804892458581481662e+01
9.986206879657952129e+01
1.015184538053698873e+02
1.090646326115520566e+02
1.092144288076857350e+02
1.077283294708106922e+02
1.061464017675456404e+02
1.046788926916333224e+02
1.062537405781383058e+02
1.105004787880789934e+02
1.116737013232614970e+02
1.129753749881597713e+02
1.117598090069038648e+02
1.164863209364352059e+02
1.153775234379510692e+02
1.166136845282839545e+02
1.176595503803913942e+02
1.286644628055330486e+02
1.287781985920636032e+02
1.281909832807398004e+02
1.272656060025653630e+02
1.274882420928511380e+02
1.267137559163539180e+02
1.197768747833660115e+02
1.225284743384033561e+02
1.216494019766522712e+02
1.226261302405390694e+02
1.234386317445717935e+02
1.257561107645558849e+02
1.250438948002483244e+02
1.259512467690728386e+02
1.293683240235433516e+02
1.306396858282043354e+02
1.319171416226065219e+02
1.333288613650240961e+02
1.334316754418005075e+02
1.329637575121925011e+02
1.348846591435384710e+02
1.358529491151418256e+02
1.338658459040733248e+02
1.366498686452941058e+02
1.372659260499460459e+02
1.394474907122815353e+02
1.395347924915613191e+02
1.392851035889077593e+02
1.380532177322326390e+02
1.381018971223523977e+02
1.378059592196949552e+02
1.384188817427869651e+02
1.391193375042563787e+02
1.397534785158429713e+02
1.414759950245819766e+02
1.413500370107064725e+02
1.415935827679708723e+02
1.418663576578170478e+02
1.417916402197028276e+02
1.420197585432161418e+02
1.410041950684498602e+02
1.411146569821415824e+02
1.408238707738669291e+02
1.404670281261086302e+02
1.402617715600603390e+02
1.405512734746101842e+02
1.420719721351239286e+02
1.427440803203081146e+02
1.427023151844270785e+02
1.428788196631988114e+02
1.423678878316090959e+02
1.423225999434745859e+02
1.425126017602723323e+02
1.429182695795025779e+02
1.431692569124463148e+02
1.432844304737124901e+02
1.431304183707968321e+02
1.226018692698051922e+02
1.204536009056178614e+02
1.199268536149770199e+02
1.211799015150676979e+02
1.239685464349916515e+02
1.253964151065414256e+02
1.250031681657386144e+02
1.259825067744392726e+02
1.283972363865875366e+02
1.280494069844369278e+02
1.274822195548916284e+02
1.295646721280647569e+02
1.286496674893398335e+02
1.292063639730069156e+02
1.300527840093195380e+02
1.311143172510962245e+02
1.308238648447719470e+02
1.315637165813072329e+02
1.325789641167129673e+02
1.322870153431127562e+02
1.329905895730497321e+02
1.346742423898592449e+02
1.340378254641651097e+02
1.344247930854454580e+02
1.350301912105984457e+02
1.369459832304276290e+02
1.366798474305124671e+02
1.364964188097612805e+02
1.364271573046500237e+02
1.362305577940570060e+02
1.359093925812057932e+02
1.371290805323999393e+02
1.385753523658317192e+02
1.384044274536923638e+02
1.381842320651943794e+02
1.381711464087042316e+02
1.379750199226465952e+02
1.377454476850695926e+02
1.411345584375120268e+02
1.409217394799479166e+02
1.410759519640631936e+02
1.413606616555817368e+02
1.413859396543805644e+02
1.411914618930352106e+02
1.417047803448217564e+02
1.415578431873142335e+02
1.417652282365763483e+02
1.396153131387460746e+02
1.401356920646752258e+02
1.406249875643703717e+02
1.391228873363342586e+02
1.387282770314961340e+02
1.409861557851991734e+02
1.421026127032562272e+02
1.419625950784113684e+02
1.421702304607455005e+02
1.424950431803446236e+02
1.423648499094392434e+02
1.425565354280628583e+02
1.430208766658204809e+02
1.428552834058211261e+02
1.427350832274043171e+02
1.429108138855421259e+02
1.432303588317236063e+02
1.435202270707695789e+02
1.437786687966742534e+02
1.445363121201694696e+02
1.446263492264508272e+02
1.446844259942320150e+02
1.444142489109190990e+02
1.442600921000026233e+02
1.440737724326185685e+02
1.438552187830629521e+02
1.436043579388321234e+02
1.433211142507844045e+02
1.447106063857807499e+02
1.447049524073593147e+02
1.446675238770697547e+02
1.445983781176338709e+02
1.444975695763855015e+02
1.443651493764182021e+02
1.442011647969631838e+02
1.440056586848776874e+02
1.191338101256772859e+02
1.147409899971773797e+02
1.189726132841375659e+02
1.183532054363609234e+02
1.175962515346070774e+02
1.059952437862150560e+02
1.114250624911385756e+02
1.107663532390675414e+02
1.123606751755106501e+02
9.394402351215407521e+01
9.713371062614778850e+01
1.021586520396539868e+02
1.011559812775003167e+02
1.030282035060428427e+02
1.003803337207613424e+02
1.097843488141340771e+02
7.788133556971244786e+01
7.700723243109548832e+01
7.968070895934813791e+01
8.333783100094935037e+01
8.496292785500422440e+01
8.243395421381035248e+01
8.852606460828988588e+01
9.013780286914939666e+01
8.757558363720835359e+01
9.572285808593605339e+01
9.598022245889455917e+01
9.424058150888744478e+01
9.068443362288114429e+01
9.779936971610059970e+01
1.030846768918152065e+02
1.014629650025625978e+02
1.031310494421517632e+02
1.076511520124844310e+02
1.046642429385795197e+02
1.103812462254622631e+02
1.140876788977236345e+02
1.128880074275490415e+02
1.141675304011253473e+02
1.153140638536357869e+02
1.186464229961638210e+02
1.187186683735170476e+02
1.175808893994076527e+02
1.279804408045134210e+02
1.265277201600997046e+02
1.197153970212417562e+02
1.206284518286781520e+02
1.206850990594791426e+02
1.215919701780424447e+02
1.241462902654036213e+02
1.242319390549246805e+02
1.233500363946063345e+02
1.249684455684280806e+02
1.298601048268676266e+02
1.292728944913782243e+02
1.299567182642191199e+02
1.305537792057101569e+02
1.322412317620466240e+02
1.317386635060676099e+02
1.324181840578011702e+02
1.327976386254308352e+02
1.351764031727398390e+02
1.352734681154867928e+02
1.347855045789525832e+02
1.361067800198782152e+02
1.362145673580229470e+02
1.357437674026008096e+02
1.342108005663392021e+02
1.337767586208106536e+02
1.342986304524937111e+02
1.365462529162341241e+02
1.367628252645748717e+02
1.368654372951460516e+02
1.371630340288976981e+02
1.373505921507086782e+02
1.377058710058591089e+02
1.374507023947539608e+02
1.386395349812439122e+02
1.387088363247501661e+02
1.383490133028255684e+02
1.392706836987612462e+02
1.393603009872188352e+02
1.390280931938195579e+02
1.398900064361042155e+02
1.399694660196902589e+02
1.396735962830919107e+02
1.412443924645454842e+02
1.416713569650255522e+02
1.407427109752903789e+02
1.401852809755409339e+02
1.419655870664043391e+02
1.421196197526116975e+02
1.419175012237248836e+02
1.425583764049639512e+02
1.421688970339231446e+02
1.428371860716703168e+02
1.429628688636180698e+02
1.427925289149494290e+02
1.430054091998824219e+02
1.242039665546590896e+02
1.230547920465861722e+02
1.237515328713551668e+02
1.229335993319851070e+02
1.217202178524277087e+02
1.223950173494011295e+02
1.243786201538343761e+02
1.273487116447622327e+02
1.263926577811395475e+02
1.269395136981296446e+02
1.278763953294572104e+02
1.289853604342340816e+02
1.303543565064097720e+02
1.318663191020230840e+02
1.339724282141227434e+02
1.336735479592210254e+02
1.332897902649963271e+02
1.343266384298777041e+02
1.359079515625473107e+02
1.352985726160050319e+02
1.356391442033759915e+02
1.372103752886368682e+02
1.366305239190571399e+02
1.370754839169240142e+02
1.361706610794897188e+02
1.368242185937414774e+02
1.377252481387589000e+02
1.373404213782606007e+02
1.375141781190305323e+02
1.383764288257769124e+02
1.379512571923393409e+02
1.412493640707580198e+02
1.415346745708109779e+02
1.419059502596753930e+02
1.399359517674466815e+02
1.398943748410315777e+02
1.396556421408980384e+02
1.402773648191770803e+02
1.403450762273385521e+02
1.400686043382560797e+02
1.410075166662321919e+02
1.407129099346457224e+02
1.409196585203857524e+02
1.393633416955395319e+02
1.391181992789847470e+02
1.393668067408132458e+02
1.389741272094780129e+02
1.413138907400642665e+02
1.412226839791467796e+02
1.410772831988609823e+02
1.423011553663155269e+02
1.426773925260821443e+02
1.432800166945297349e+02
1.431231267099578872e+02
1.431777953513370107e+02
1.431839371206439750e+02
1.430214335746456129e+02
1.430733490196912499e+02
1.433319856702516972e+02
1.435643459804431927e+02
1.434730516502751811e+02
1.436115073483318554e+02
1.438175201686666185e+02
1.437367424357789218e+02
1.438594377475515103e+02
1.445062266618658384e+02
1.444953660734473146e+02
1.445471676213573176e+02
1.446026615588919242e+02
1.445965942098624453e+02
1.446324153347414097e+02
1.446672274498704667e+02
1.446658936911220223e+02
1.446857615081401036e+02
1.443778955961357724e+02
1.444299723794008514e+02
1.443621623379112862e+02
1.442176387378191293e+02
1.442807815294948739e+02
1.441969339557251999e+02
1.440254237867353311e+02
1.440995448033405069e+02
1.439996296358860945e+02
1.438012154411000267e+02
1.437701956020621310e+02
1.438862095487306192e+02
1.435449750006326894e+02
1.435085752577010396e+02
1.436407204489796356e+02
1.432566598296653808e+02
1.432147086728498095e+02
1.433630191244232890e+02
1.446999491739852886e+02
1.447072500503800825e+02
1.447033094139040941e+02
1.447008492963816195e+02
1.446969227214302691e+02
1.447088841959652825e+02
1.446699480966441627e+02
1.446826586724560002e+02
1.446548189887597289e+02
1.446072634663538281e+02
1.445809758049499862e+02
1.446246711098029891e+02
1.445128107398559791e+02
1.445349571488193874e+02
1.444754273155098474e+02
1.443866024487604420e+02
1.444135494753249418e+02
1.443382044930297923e+02
1.442286480009380796e+02
1.442604774177805780e+02
1.441693346988552662e+02
1.440389532807087960e+02
1.439688411707371927e+02
1.440757664714262205e+02
1.197280743399205818e+02
1.145731647278831957e+02
1.139137184983153332e+02
1.153955271417452622e+02
1.175007528895681759e+02
1.182519601078855516e+02
1.168404678288165996e+02
1.061684414628180804e+02
1.050145027081311468e+02
1.071391080855839846e+02
1.130447284467606153e+02
9.599959530012051800e+01
9.406828293775858185e+01
9.584350485015355048e+01
9.994499027878380559e+01
9.786622752984648343e+01
9.920766402323577893e+01
1.042102205205776926e+02
1.010650457133887414e+02
1.097046636205751042e+02
1.088840973184758667e+02
1.105953600037769178e+02
7.207137263242840675e+01
7.499671034751966658e+01
7.416013564577319528e+01
8.067019502359003980e+01
8.606412010203639795e+01
9.144103468366121490e+01
9.207111700647759278e+01
9.359291110405077063e+01
9.000757637859724980e+01
9.983114607629084958e+01
9.780978425081194416e+01
9.981652032912138850e+01
1.015105011488660551e+02
1.089445914989921960e+02
1.090154141615138883e+02
1.075717658346804626e+02
1.061086498030180820e+02
1.061391977219655445e+02
1.046260775859777112e+02
1.103344543147643293e+02
1.116022996585649452e+02
1.128641164679313960e+02
1.116233183238702225e+02
1.163970150469502443e+02
1.164466729514138734e+02
1.152580755902480689e+02
1.175425548350927585e+02
1.284508784358907860e+02
1.285607237374151453e+02
1.278670882871211063e+02
1.270546435515766746e+02
1.271633268475073493e+02
1.264149471161572649e+02
1.196440413601432908e+02
1.224260772961528687e+02
1.215345090283281166e+02
1.224811927900785946e+02
1.233035180095121177e+02
1.255722342667993701e+02
1.256672632416110815e+02
1.248691752155727102e+02
1.291701645966118974e+02
1.309721373649886118e+02
1.310945444035817502e+02
1.304276515320014198e+02
1.316229062298688746e+02
1.331564963155200871e+02
1.332449621265679980e+02
1.327067202823475043e+02
1.347014481107634083e+02
1.356501599170734664e+02
1.336926848701052677e+02
1.364387818588253651e+02
1.370585292984486614e+02
1.379675750031948951e+02
1.380122689048925224e+02
1.376640483297888125e+02
1.389602888354637571e+02
1.383080760490359182e+02
1.395867410984394610e+02
1.415208387110967863e+02
1.414982765724245724e+02
1.412667800805261038e+02
1.416937937731483999e+02
1.408312498772450283e+02
1.409187531212615738e+02
1.406538325916574195e+02
1.403194998639852145e+02
1.403946300114446615e+02
1.401093994542557937e+02
1.417445999883395586e+02
1.424726728950428765e+02
1.424222720891610834e+02
1.426087121516227114e+02
1.420767779544749772e+02
1.420234538830708857e+02
1.422226587009329251e+02
1.426572393945426143e+02
1.429362226840812298e+02
1.430530436348151966e+02
1.428885313132933561e+02
1.248121685161173104e+02
1.235731956133233638e+02
1.215755238118246098e+02
1.210234464419662999e+02
1.222691433610230263e+02
1.262797403538216088e+02
1.258445066648475574e+02
1.268255016095975662e+02
1.291803363783621990e+02
1.282752022098028704e+02
1.287820681538545387e+02
1.301691495524733284e+02
1.292937203586299972e+02
1.298610617945587933e+02
1.306509084169645689e+02
1.317614207828657129e+02
1.314431601148401114e+02
1.321844214939122537e+02
1.332320451888668060e+02
1.329103697201014711e+02
1.336111150055408245e+02
1.352676031465747144e+02
1.346285172907262506e+02
1.349662277911627086e+02
1.355912345814041942e+02
1.374711994782285558e+02
1.370630960534493283e+02
1.364925755641355067e+02
1.367417188933800958e+02
1.376499450844535488e+02
1.370466465274723760e+02
1.374280119207681992e+02
1.389837463386392642e+02
1.385833304275244018e+02
1.387775786730643404e+02
1.385825085411655948e+02
1.383743970223605686e+02
1.381599642041524305e+02
1.415528516840983286e+02
1.413465245849027099e+02
1.414561892082427619e+02
1.416312792063245354e+02
1.419873114933045031e+02
1.420471000409208955e+02
1.418464281071063340e+02
1.401078340786621936e+02
1.396510980415838219e+02
1.407546110435324636e+02
1.405190093744794524e+02
1.405804531496193590e+02
1.411624426271745563e+02
1.408826786743609887e+02
1.391754543600009129e+02
1.414355125507786113e+02
1.423827447011418315e+02
1.424408373054579897e+02
1.422430031358430824e+02
1.427533314511386493e+02
1.428061783592293068e+02
1.426244844517860315e+02
1.432331148772678944e+02
1.430931206884875451e+02
1.429744804980823574e+02
1.431400269647567995e+02
1.434238348859693417e+02
1.436927969708814032e+02
1.439300240512498306e+02
1.444437099895596361e+02
1.445560512461965459e+02
1.446365206764134825e+02
1.446851443864832447e+02
1.442994683738383799e+02
1.441232952651767505e+02
1.439151566610163968e+02
1.436750153312630971e+02
1.434028303605454653e+02
1.430985566086665983e+02
1.447019461487430476e+02
1.446869474202399601e+02
1.446401672837629633e+02
1.445616223131669358e+02
1.444513263664913154e+02
1.443092903038871668e+02
1.441355216288508814e+02
1.203005154792480482e+02
1.160783820202154573e+02
1.202763776911013878e+02
1.196127625249400808e+02
1.189165883125883170e+02
1.079837599408022015e+02
1.130070116629893562e+02
1.122260345308282155e+02
1.138186306224646955e+02
9.796093278864898934e+01
1.044213418792297574e+02
1.032944968427297425e+02
1.053181608667263163e+02
1.022034715829553448e+02
1.114005423309537122e+02
7.452250260812655824e+01
7.620437599001387241e+01
7.330724677690217561e+01
7.956352372094023906e+01
7.875786733896572400e+01
8.156108167558836897e+01
8.777928696641731676e+01
8.818069851699048911e+01
8.563059116744702237e+01
9.280359438075845446e+01
9.425763077387277633e+01
9.209852375080555476e+01
8.968048563783928273e+01
9.707581677345385174e+01
9.642775467740473516e+01
9.850249420848241755e+01
1.030718393675141442e+02
1.030919244000244817e+02
1.014848399622588602e+02
1.075672523790630066e+02
1.046362941848374248e+02
1.102848178415665075e+02
1.140735683907834215e+02
1.140862783616189233e+02
1.128453324652949306e+02
1.152579820627874909e+02
1.186024718572594878e+02
1.186239430932085526e+02
1.175096591403331132e+02
1.277652545279745055e+02
1.263262398911633397e+02
1.196222856532155134e+02
1.206252073831395109e+02
1.206238247633829843e+02
1.215380775737630614e+02
1.240311719458020576e+02
1.232392499536059205e+02
1.240919808157237156e+02
1.248151782643034124e+02
1.296719598380231844e+02
1.290707899965318859e+02
1.297692320139710205e+02
1.303381185059304812e+02
1.320261314288908636e+02
1.321373040228996558e+02
1.315100311161948241e+02
1.326024591038216727e+02
1.349915752525791959e+02
1.350852106443852563e+02
1.346066922881742300e+02
1.359363634357454771e+02
1.355622903252732385e+02
1.360232244166164719e+02
1.340153208252042702e+02
1.335919223936152775e+02
1.341142757678361761e+02
1.363553214882500697e+02
1.365767616653888581e+02
1.366676226241634993e+02
1.369674151855816149e+02
1.371707424936055304e+02
1.375761200231250427e+02
1.372586635031455558e+02
1.391485946835261700e+02
1.388968776051532075e+02
1.392101052467390900e+02
1.386281448233804099e+02
1.383056409514056497e+02
1.386355179895212757e+02
1.397517766921222346e+02
1.398220049650628880e+02
1.395153894380907786e+02
1.412148317922224123e+02
1.411130518641076890e+02
1.413694030967015749e+02
1.410288220389165588e+02
1.405814640920935688e+02
1.400415186104233669e+02
1.415998870359112232e+02
1.417831975190597404e+02
1.415605305100202997e+02
1.422771559481770396e+02
1.418413533047957173e+02
1.425836082734873003e+02
1.427107280643662079e+02
1.425300501759045062e+02
1.427621445973570928e+02
1.252623198230683954e+02
1.252020805316506511e+02
1.240835974421215866e+02
1.246951171635221414e+02
1.241220934414942292e+02
1.228741889352270249e+02
1.235168309980984560e+02
1.282574535295084104e+02
1.277957502500581342e+02
1.272876948753327895e+02
1.287225816799277425e+02
1.296787787850153393e+02
1.309805194575541805e+02
1.325169879277738119e+02
1.346246219157499127e+02
1.339428279673038560e+02
1.342934158867473116e+02
1.349497854197630886e+02
1.364692895944858151e+02
1.358764648367302925e+02
1.361845397123129544e+02
1.381558548486384268e+02
1.376896934256904785e+02
1.379380237976117769e+02
1.367699195260732665e+02
1.373613847727998234e+02
1.379071909522977535e+02
1.387864431166230759e+02
1.383728172961452572e+02
1.417732745270645864e+02
1.421875619900610843e+02
1.405575915940064249e+02
1.402500900819589731e+02
1.404149318907491306e+02
1.400750761415116870e+02
1.400033960788522620e+02
1.397230104275470808e+02
1.406568384352969190e+02
1.414748141642176336e+02
1.413933494316804058e+02
1.412448530497035790e+02
1.412231452170379669e+02
1.409922105092671245e+02
1.411139360553094662e+02
1.396538109982306821e+02
1.395059150401013426e+02
1.393232240370037118e+02
1.418111129217809037e+02
1.415658789048008259e+02
1.416802829583169512e+02
1.425703411214423681e+02
1.429254075753924837e+02
1.434798269518909990e+02
1.433796370598972487e+02
1.433333313166606331e+02
1.434009158839195948e+02
1.432488254036668991e+02
1.432921465229792375e+02
1.435234755519990415e+02
1.437431386643197300e+02
1.437819273145459817e+02
1.436539876068693218e+02
1.439749531614844500e+02
1.438964655373657422e+02
1.440084960247504000e+02
1.444194507740397455e+02
1.444630411247133566e+02
1.444001051006187595e+02
1.445381074672653199e+02
1.445705776137957344e+02
1.445235706163577731e+02
1.446250046360203498e+02
1.446463021448003872e+02
1.446152158984047560e+02
1.446801294605691623e+02
1.446902207502149054e+02
1.446750482052991913e+02
1.442690443435087957e+02
1.443236839624262871e+02
1.442448093166209730e+02
1.440868945524199489e+02
1.441524944715151832e+02
1.440576701595743145e+02
1.438730039178406059e+02
1.439494577239091484e+02
1.438386710697582487e+02
1.436273705561399652e+02
1.437145550859404182e+02
1.435877915657762856e+02
1.433499875311516973e+02
1.434477636929123321e+02
1.433050066401594620e+02
1.430408422049364674e+02
1.429902860517806289e+02
1.431490558516483702e+02
1.447034663927292399e+02
1.447023369553031671e+02
1.447030722390995265e+02
1.446949973718232343e+02
1.446826518817466365e+02
1.446992902780494319e+02
1.446547019823588016e+02
1.446637022481729105e+02
1.446311642740294019e+02
1.445825575285616651e+02
1.445478704523113720e+02
1.445963057098461491e+02
1.444785390356769881e+02
1.444327641903140034e+02
1.444970957743183533e+02
1.443426191717491633e+02
1.442858365154184526e+02
1.443660649427297926e+02
1.441747680865140637e+02
1.442032028665062739e+02
1.441070754282071107e+02
1.209401751216524445e+02
1.160944103290379132e+02
1.168237957107671150e+02
1.153431075239457755e+02
1.189669733800083549e+02
1.196368056925282417e+02
1.182429965550959849e+02
1.080703963886482768e+02
1.089137909771011579e+02
1.071268044574248108e+02
1.145924172955446778e+02
9.976679068347036150e+01
9.786698428650886683e+01
9.982864756322599931e+01
1.062770905972570858e+02
1.034767567579318523e+02
1.039504712702537006e+02
1.017095872051443735e+02
1.114992782775582754e+02
1.122800911721531349e+02
1.106111469190436907e+02
6.795127839138817194e+01
7.129273037718479600e+01
7.005364687785449007e+01
7.711632925635869640e+01
8.324518783326472260e+01
8.332103703177979526e+01
8.147969699429660295e+01
8.563012021941631247e+01
9.499219263237056055e+01
9.032782173475533227e+01
1.000196759678816392e+02
9.994100571635472363e+01
9.858517908086245995e+01
1.015991973625077520e+02
1.089530380921973318e+02
1.089570010227233610e+02
1.075538297449291889e+02
1.061864033886055552e+02
1.061564407142922732e+02
1.046543215354170258e+02
1.102991611650239037e+02
1.116502938607889064e+02
1.128783795528349287e+02
1.116142328907294825e+02
1.163785624452065406e+02
1.163900539805169814e+02
1.152398165139401840e+02
1.175048640015770758e+02
1.283018051378134885e+02
1.283786840122010631e+02
1.276865265621213723e+02
1.268792448546786460e+02
1.269689615751293985e+02
1.262335405441512250e+02
1.196185499831461385e+02
1.223997277612613601e+02
1.224161646428229062e+02
1.215219215819065823e+02
1.232290870077041660e+02
1.254797572969000470e+02
1.255286491492978058e+02
1.247651398383522974e+02
1.289994081400859045e+02
1.307985550142230409e+02
1.302448552061444786e+02
1.308885741038779145e+02
1.314262553354422494e+02
1.329986275418441437e+02
1.330795062973363088e+02
1.325198620384197454e+02
1.345102412564070562e+02
1.354709580324957585e+02
1.335148347341061026e+02
1.362603673738361465e+02
1.368758604719057814e+02
1.376948607810153362e+02
1.374369279633459371e+02
1.378327728229535580e+02
1.394549733803507934e+02
1.388930198448629767e+02
1.383684968568279032e+02
1.385006996688487106e+02
1.381744740767496751e+02
1.414099182997547359e+02
1.411852190090150998e+02
1.412016626682949436e+02
1.410123305809213718e+02
1.407014462088554581e+02
1.407675895787373577e+02
1.405145251197226628e+02
1.402117539046979573e+02
1.402668588943223824e+02
1.399858681581703479e+02
1.421989770498276187e+02
1.421399396941781959e+02
1.423362438769248399e+02
1.417878820180073092e+02
1.416949251199780520e+02
1.419327921151635508e+02
1.423937032726147436e+02
1.426999153581185737e+02
1.428183985586611016e+02
1.426435914935494793e+02
1.257541072762672059e+02
1.246684010408167893e+02
1.228832343222472900e+02
1.222373241683049372e+02
1.235165363790375039e+02
1.273599462688160742e+02
1.268214944032996101e+02
1.278156692036710496e+02
1.300411121258833589e+02
1.296046242224730918e+02
1.291597702382211139e+02
1.309257482075969961e+02
1.300634308735938873e+02
1.305414208928957009e+02
1.313525618948564500e+02
1.324628088675245579e+02
1.321172828810480837e+02
1.328617949091731418e+02
1.339325360912178553e+02
1.335873247419346512e+02
1.342875983912190634e+02
1.358974320952208359e+02
1.355778745502735205e+02
1.352699110349517468e+02
1.361870808046010666e+02
1.376211195306604793e+02
1.373388587096542892e+02
1.370530968966263856e+02
1.382006254259987372e+02
1.376397090534534584e+02
1.379223528829992915e+02
1.386177711534180617e+02
1.381405833859652716e+02
1.383842311399728544e+02
1.393390476090843322e+02
1.391593628757075010e+02
1.389669915804552431e+02
1.390149431055966431e+02
1.387959218140170492e+02
1.385914749436917077e+02
1.419014944254628574e+02
1.422743378139294634e+02
1.423305836282717962e+02
1.421312211295683881e+02
1.403175119511975311e+02
1.398653928116479221e+02
1.410147228887881852e+02
1.408831726927623720e+02
1.407877559229751512e+02
1.413512669247006102e+02
1.416446157294345767e+02
1.411208656612303685e+02
1.394982248612582794e+02
1.426570756709401735e+02
1.425201867028013680e+02
1.427071396073097844e+02
1.430089115171535070e+02
1.428813909219338143e+02
1.430528686002862742e+02
1.434415532879141892e+02
1.433278123681065210e+02
1.432107144386721131e+02
1.433658713388794013e+02
1.436131323037123479e+02
1.438608825427731404e+02
1.440766236283465958e+02
1.443459066422798287e+02
1.444803933715070059e+02
1.445831361879587007e+02
1.446541239053304082e+02
1.446933424222951885e+02
1.441796839328350472e+02
1.439817295107986865e+02
1.437520434873042063e+02
1.434906212210795786e+02
1.431974526356335673e+02
1.428725215284324292e+02
1.447007749811000679e+02
1.446764023542766608e+02
1.446202029596278180e+02
1.445321528988002342e+02
1.444122259193799493e+02
1.442603932963248781e+02
1.216051626672296209e+02
1.175694897939876000e+02
1.216991686923939824e+02
1.203597860117818641e+02
1.209768875055760446e+02
1.098235299820303226e+02
1.147280535605873979e+02
1.154371706859896562e+02
1.138764549030759383e+02
1.016139460821571987e+02
1.070521236420748323e+02
1.075720768251460697e+02
1.057370370200183629e+02
1.052721394433672231e+02
1.131539630805578724e+02
7.137856538362925107e+01
6.969099485620225209e+01
7.295032714359047077e+01
7.833309566141025471e+01
7.894254897967039142e+01
7.645486222013907707e+01
8.089795991198734271e+01
8.804289648472450835e+01
8.794251124677057874e+01
8.570825045929751695e+01
9.664771408659333929e+01
9.688423269643752178e+01
9.474673382426141188e+01
9.049072125433445990e+01
9.840251361591145951e+01
1.033349037476694008e+02
1.032158305523018385e+02
1.017102204937686594e+02
1.076035118174881688e+02
1.047989052181090699e+02
1.103125041559232784e+02
1.141243067856109548e+02
1.128942119158283361e+02
1.141017222729137188e+02
1.152689967549340508e+02
1.188662250909583946e+02
1.187367296838553159e+02
1.176404939135397285e+02
1.276015686710654506e+02
1.261903452534669725e+02
1.197530766979016477e+02
1.209831724835239584e+02
1.208121700855697327e+02
1.217065540687883072e+02
1.239698505651790299e+02
1.231950728368494197e+02
1.240035102395928277e+02
1.247376127814878828e+02
1.295369428530511016e+02
1.289278085244524448e+02
1.296069812614888122e+02
1.301807747070032519e+02
1.318891261174613021e+02
1.313526674595566419e+02
1.319603702465425386e+02
1.324536943419331294e+02
1.348169378239821867e+02
1.344208074931237604e+02
1.349046610542291091e+02
1.357000751610412408e+02
1.353505749853961504e+02
1.358188459097160319e+02
1.338685236771318898e+02
1.334390132848241137e+02
1.339425329405561911e+02
1.361432568449853022e+02
1.363882181287180515e+02
1.364810384240715564e+02
1.367835133716374116e+02
1.370014881119489019e+02
1.373544352919141147e+02
1.370840122115743895e+02
1.380405305784859991e+02
1.396762895106225244e+02
1.397148983905592843e+02
1.394152669535266114e+02
1.391236200916571306e+02
1.391330854508819357e+02
1.388772059105470476e+02
1.387495205257481246e+02
1.413957917541197844e+02
1.409486386603508947e+02
1.404619209726888300e+02
1.399489742476522451e+02
1.419960629592291923e+02
1.414211513882013094e+02
1.415089189694096490e+02
1.416053494085318221e+02
1.423271543449743035e+02
1.424557563389390680e+02
1.422650043654942067e+02
1.425158046212068541e+02
1.262951284368634646e+02
1.268218378755075122e+02
1.260008818638417978e+02
1.254866079567559183e+02
1.255005855362511795e+02
1.248015431193556850e+02
1.242171538765965693e+02
1.292314716958052259e+02
1.283090181305746000e+02
1.287394483946731611e+02
1.304873866539111873e+02
1.296411271241739200e+02
1.317092788364438434e+02
1.332180815786113612e+02
1.353147526261879534e+02
1.349644405352368608e+02
1.346383562998032914e+02
1.356100056926958644e+02
1.370795542699985674e+02
1.367702289534438194e+02
1.364967329262102282e+02
1.373546319315945539e+02
1.379157428056228696e+02
1.384127363935925814e+02
1.388195644640364321e+02
1.391812951192875119e+02
1.420454907113803529e+02
1.424680466409452890e+02
1.406865743237706852e+02
1.406208951913006899e+02
1.403840328124460370e+02
1.402689933699676885e+02
1.399642125340149050e+02
1.401699577387596491e+02
1.411770265975374343e+02
1.408701830061630176e+02
1.410942074133679114e+02
1.416826844116430379e+02
1.414561422554210424e+02
1.415777596555864761e+02
1.418427133134986491e+02
1.418271070347514353e+02
1.416610325572188174e+02
1.414786871171905887e+02
1.412504012350071605e+02
1.413496362441387930e+02
1.399305058313803727e+02
1.397896593466262516e+02
1.396368948332093964e+02
1.428352423270803797e+02
1.431704861309634111e+02
1.436756959815401160e+02
1.435397687223237995e+02
1.435775042213587653e+02
1.436143422377332115e+02
1.434728594409926927e+02
1.435073801167945646e+02
1.437108219032978411e+02
1.439176598018445929e+02
1.438306219701103714e+02
1.439478933138612433e+02
1.441278171277431568e+02
1.441528246002422122e+02
1.440515939251014004e+02
1.443273694808964080e+02
1.442996313717302712e+02
1.443736211473277535e+02
1.444681156076448190e+02
1.445033107036214517e+02
1.444451789178521608e+02
1.445772511785993402e+02
1.446013174825712326e+02
1.445590539422292693e+02
1.446547262646175511e+02
1.446676101427235039e+02
1.446412266744937938e+02
1.447004875349732345e+02
1.447021542725015593e+02
1.446916640966759076e+02
1.441550587838199249e+02
1.441224373694056169e+02
1.442122766629775867e+02
1.439512249546008889e+02
1.440193011169760666e+02
1.439136187470294033e+02
1.437159042132552713e+02
1.437947138332564805e+02
1.436731925095477038e+02
1.434491268142448632e+02
1.435385289492358538e+02
1.434011701376610972e+02
1.431509161536879731e+02
1.430975568118291790e+02
1.432507546437102519e+02
1.428212876832496079e+02
1.427623503505616043e+02
1.429313922474862295e+02
1.447144787187274630e+02
1.447103303254222908e+02
1.447049127288887291e+02
1.446966410028061887e+02
1.446758459150788667e+02
1.446971869185113349e+02
1.446469133581833830e+02
1.446149119805461964e+02
1.446521931162455417e+02
1.445652327902550951e+02
1.445220669465845447e+02
1.445753060041436697e+02
1.444515345106883899e+02
1.443972647529491553e+02
1.444664806003688966e+02
1.443057520247498928e+02
1.443256698611843660e+02
1.442404572207088336e+02
1.223048436013268940e+02
1.177484034161829243e+02
1.169302127268607023e+02
1.183821440523468880e+02
1.205543897426391595e+02
1.211410791065667212e+02
1.197698251539848542e+02
1.101985705291649253e+02
1.108742430091398177e+02
1.091444582930482881e+02
1.162768004214052979e+02
1.034652554477227682e+02
1.016024546772349879e+02
1.034480426094880698e+02
1.086503118749181169e+02
1.067117071638692352e+02
1.050919280605199333e+02
1.068749585736371444e+02
1.134038326000129047e+02
1.124583743011928618e+02
1.140892640421681108e+02
6.384746306606237454e+01
6.769354718457954334e+01
6.595071798775195759e+01
7.490951028188881367e+01
8.383061300574233599e+01
8.357167646154385920e+01
8.112221892792545930e+01
8.603831115629313331e+01
9.255433321207823383e+01
9.465502222374904306e+01
9.263822898706364128e+01
9.032281460732582445e+01
1.002042287403828453e+02
9.846828684054241876e+01
1.001277381032029012e+02
1.018206720548270710e+02
1.090843490972557959e+02
1.090234341333012367e+02
1.076537642376087689e+02
1.064384594051243766e+02
1.063182121462793219e+02
1.049083299954589137e+02
1.103840129483239991e+02
1.117787451812325514e+02
1.117057941994661832e+02
1.129645412346358313e+02
1.164336310831784687e+02
1.152902471082655751e+02
1.164079250779875707e+02
1.176693505822051975e+02
1.281914528484742561e+02
1.282484463666136492e+02
1.275429000355358795e+02
1.268300124482514661e+02
1.268567667284531240e+02
1.261633747908162633e+02
1.199494042461166998e+02
1.224649657992057854e+02
1.224361258862737856e+02
1.217359572824638150e+02
1.232307992807522936e+02
1.254001162760913815e+02
1.254427627107664733e+02
1.246952039341103529e+02
1.288751610278770272e+02
1.306864173098460071e+02
1.307448391963102381e+02
1.301197949037769774e+02
1.312986089459580796e+02
1.328642681524287923e+02
1.329328081901371661e+02
1.323834476779950080e+02
1.343480402154206104e+02
1.352639598240948260e+02
1.333733037332929428e+02
1.360475714496106434e+02
1.366971248831694368e+02
1.375869590470875323e+02
1.376425918253291627e+02
1.372977208471091899e+02
1.382375244081255801e+02
1.379718812794098710e+02
1.383050942023558605e+02
1.393997915175876585e+02
1.388692198866039575e+02
1.389932993020242691e+02
1.386242466071799981e+02
1.413045769318162002e+02
1.410573491125474561e+02
1.408829916115553260e+02
1.411220299009696362e+02
1.406157501675382093e+02
1.406596272591749539e+02
1.404173051809769674e+02
1.401545931311485162e+02
1.401844924225524665e+02
1.399192192742737291e+02
1.419270773670034771e+02
1.418598494131624363e+02
1.420634298960244450e+02
1.414557637429305146e+02
1.416224011490216697e+02
1.414380094810736921e+02
1.421295536919000426e+02
1.424602479622828071e+02
1.425804352910730870e+02
1.423955217975119467e+02
1.270929775659440679e+02
1.261635769194029990e+02
1.243029962321477342e+02
1.236008767314344112e+02
1.249155036022107765e+02
1.285285259690585917e+02
1.279436641075083969e+02
1.288832313210904772e+02
1.317047708707059996e+02
1.308831675456043797e+02
1.313096337882658986e+02
1.309026717234235946e+02
1.304665921179633301e+02
1.300777884230984967e+02
1.320926078716301788e+02
1.332315759366294685e+02
1.328519585290349312e+02
1.335959516921713544e+02
1.347105776312888281e+02
1.343266594275731336e+02
1.350218033740807186e+02
1.365913141739559080e+02
1.359624570892228803e+02
1.362396712653701059e+02
1.368395572893813039e+02
1.382161687525615434e+02
1.379152831561529524e+02
1.376561784870924896e+02
1.386991633667200858e+02
1.381680966562603317e+02
1.384467765369753636e+02
1.391004035304883359e+02
1.386572855195238390e+02
1.388561969025933251e+02
1.394590692851425615e+02
1.392343926688730846e+02
1.390451038445596339e+02
1.398680920255818592e+02
1.394477334042183827e+02
1.396011386529325478e+02
1.421875616412926604e+02
1.422327740336263560e+02
1.419999086032625542e+02
1.425711351356600289e+02
1.426160799404627255e+02
1.424230516706209357e+02
1.404787106513382184e+02
1.409340034114777609e+02
1.400987898015302733e+02
1.413312390755181696e+02
1.415831784593731300e+02
1.417646614501709905e+02
1.420168006902055140e+02
1.398988276028966595e+02
1.429309539816319727e+02
1.427942631131723488e+02
1.429718422721454658e+02
1.432617772624283816e+02
1.432966186898289891e+02
1.431355795962605271e+02
1.436462378114838714e+02
1.435593402698554826e+02
1.435883498004004366e+02
1.434437929127575160e+02
1.437983142591532157e+02
1.440245379904406491e+02
1.442185133957505911e+02
1.442428736265084126e+02
1.443993540801334916e+02
1.445242576467009314e+02
1.446175364984127327e+02
1.446791391011439600e+02
1.447090107141970066e+02
1.440548598373460436e+02
1.438353513539747439e+02
1.435843812043246999e+02
1.433019759972181646e+02
1.429881548944636052e+02
1.426429282267828853e+02
1.447070938193299412e+02
1.446733284821183361e+02
1.446076526397668260e+02
1.445100023126608448e+02
1.443803117345719329e+02
1.230258611902041679e+02
1.191888543014436692e+02
1.232231773631862666e+02
1.219134592490721332e+02
1.224507203022931350e+02
1.118375357511296215e+02
1.165682352208278161e+02
1.171802542978822856e+02
1.156553862333908853e+02
1.050775577960244789e+02
1.094688691121566535e+02
1.098384499337051494e+02
1.082577367257508030e+02
1.080818265899903992e+02
1.150198997650121697e+02
6.807314825247425460e+01
6.972789745529566119e+01
6.601091472775060254e+01
7.508929124966434188e+01
7.671181076923296871e+01
7.328224906698619634e+01
8.029686823174957055e+01
7.934835515439522169e+01
8.215670863733289764e+01
8.863550433592244815e+01
8.835886631261340085e+01
8.628291786661641538e+01
9.672105832194876029e+01
9.669781705570657948e+01
9.465218509968337912e+01
9.064185154730371607e+01
9.852476126491693265e+01
1.036470185539119342e+02
1.035002123823668398e+02
1.019542294758467875e+02
1.077861128127903640e+02
1.050735710314851730e+02
1.104413463960575683e+02
1.142841718968828957e+02
1.142041800889171839e+02
1.130384729968041313e+02
1.153707003986469317e+02
1.186094137809468805e+02
1.175324535272599604e+02
1.187383379908839629e+02
1.275204219877557108e+02
1.261270573922692932e+02
1.206793366823815887e+02
1.208356246167981567e+02
1.197877183082244983e+02
1.215895083701897192e+02
1.238509081966966079e+02
1.239127580883020840e+02
1.231669747356960585e+02
1.246391810153780000e+02
1.294463482637823120e+02
1.288264962693657765e+02
1.294933391424998490e+02
1.300764616518276569e+02
1.317620215078203501e+02
1.318269317391449533e+02
1.312312507969963349e+02
1.323209091796477992e+02
1.346980345785302120e+02
1.347572176818270009e+02
1.342869455027217214e+02
1.355810829428109798e+02
1.356410399213719131e+02
1.352032026599822814e+02
1.337826618003578005e+02
1.333296949118249870e+02
1.338266680722128115e+02
1.359885191699774509e+02
1.362303585326100688e+02
1.363083521257516395e+02
1.366200018679548123e+02
1.368688815907825926e+02
1.372333080730886650e+02
1.369332735642016985e+02
1.379190477515745954e+02
1.385602386698341206e+02
1.397078140256113272e+02
1.394167168553201179e+02
1.396931963576444957e+02
1.394847200472564737e+02
1.393006965211803276e+02
1.391791268343513366e+02
1.412423635419573884e+02
1.408412704067921197e+02
1.403901085764152583e+02
1.399356742179631681e+02
1.416945059149714439e+02
1.412593437821883526e+02
1.420675737637093619e+02
1.421978754348926941e+02
1.419992850875257488e+02
1.422662954413547709e+02
1.276786153033624629e+02
1.278871343833074974e+02
1.267072358802865750e+02
1.273454192109573029e+02
1.268006781026166863e+02
1.255755842286359183e+02
1.261415875510027149e+02
1.300651713723636362e+02
1.296416147175094693e+02
1.293065562571705982e+02
1.313079989505025367e+02
1.304885586993042921e+02
1.324822960145607169e+02
1.339905954618262456e+02
1.360783159000609430e+02
1.354095784672694265e+02
1.356914365391033357e+02
1.363396362885093822e+02
1.377378057032097445e+02
1.374047501443460817e+02
1.371733281101944328e+02
1.379816438781269312e+02
1.384621381382439438e+02
1.389036403626243441e+02
1.392834952066090182e+02
1.396656037261316783e+02
1.423817008331984937e+02
1.427533450865883253e+02
1.408532972428961045e+02
1.407675131912445181e+02
1.405632926708508990e+02
1.411409357380043730e+02
1.411605039660008174e+02
1.409153194797384003e+02
1.404330345630351928e+02
1.401830950948888130e+02
1.403485863386610220e+02
1.417702587802357073e+02
1.414780262373741380e+02
1.416237882606992571e+02
1.419479115248157655e+02
1.418145341519564226e+02
1.417167730725110175e+02
1.420930367716304659e+02
1.418905721178352337e+02
1.419675128388853125e+02
1.421424073894527851e+02
1.401519553552456330e+02
1.430985371710456775e+02
1.434126146899477874e+02
1.438676385489762595e+02
1.437424583179636954e+02
1.437714381255306932e+02
1.438241872221759365e+02
1.436935116784578952e+02
1.437190474030608129e+02
1.438940612303238993e+02
1.440879148732443866e+02
1.441094329684748914e+02
1.440029868031861326e+02
1.442761088864428700e+02
1.442021510347839808e+02
1.442924427411318504e+02
1.442299049853681367e+02
1.442788562919973856e+02
1.441938900639900680e+02
1.443926147982626276e+02
1.444305699086437755e+02
1.443613711341991177e+02
1.445239022815144381e+02
1.445507692897569427e+02
1.444973664043415624e+02
1.446236810364552525e+02
1.446393863142445184e+02
1.446018097713082966e+02
1.446918603766495437e+02
1.446746309864439297e+02
1.446963490122199119e+02
1.447283460335513325e+02
1.447215821477024633e+02
1.447157562778218107e+02
1.440358541932147318e+02
1.439949844704458997e+02
1.440956920607879397e+02
1.438105379090612814e+02
1.438811356271953343e+02
1.437647100645869216e+02
1.435540248515759743e+02
1.436352394090275482e+02
1.435031161715097596e+02
1.432663761566540472e+02
1.432102448900464253e+02
1.433580490433022021e+02
1.429476441312299357e+02
1.430496023262840879e+02
1.428861300615581911e+02
1.425978703063094315e+02
1.425307940710096943e+02
1.427099275948475281e+02
1.447330407956937108e+02
1.447251088999345257e+02
1.447150077370830559e+02
1.447058450821638473e+02
1.446765454984156634e+02
1.447026096188811550e+02
1.446466574453630756e+02
1.446061132277386037e+02
1.446481771267503973e+02
1.445553749975448170e+02
1.445036270978356754e+02
1.445617283804522515e+02
1.444318937543058894e+02
1.443690018733347813e+02
1.444431788602947506e+02
1.237760609177890672e+02
1.194442938539150276e+02
1.200230505324839072e+02
1.186054628736278005e+02
1.223702678854411801e+02
1.214594485295949227e+02
1.227948870302450359e+02
1.123021082107952964e+02
1.112482663419869624e+02
1.128602965719617970e+02
1.180402629945549791e+02
1.070990074923222295e+02
1.052715184881774064e+02
1.068803478457616336e+02
1.108993994240108236e+02
1.100957568716496269e+02
1.084054612800739079e+02
1.097585084981660657e+02
1.155927715500998403e+02
1.160913650004949318e+02
1.144980028919956112e+02
5.980355221927162290e+01
6.406172981532294841e+01
6.188800021994689615e+01
7.167216010681558203e+01
7.779439981636831192e+01
8.466857714043312910e+01
8.427411975487430595e+01
8.255366961108879309e+01
8.673032521215492352e+01
9.322986777906984912e+01
9.501012036115874082e+01
9.286271894091699153e+01
9.095285292337106853e+01
1.005817390603323531e+02
1.004043006036729082e+02
9.868477251723159327e+01
1.021540201222657771e+02
1.093205808393361451e+02
1.092031137702959853e+02
1.078933317277169976e+02
1.067587590964180748e+02
1.066001504380146940e+02
1.052194753815401782e+02
1.105606228596784177e+02
1.119925541417871386e+02
1.131475931443463736e+02
1.118812289991435307e+02
1.165632718897933557e+02
1.154319496099928131e+02
1.164972631478577370e+02
1.175962950405603920e+02
1.196609179528545610e+02
1.281093964108640364e+02
1.281517025361451090e+02
1.274763929887554497e+02
1.268162463416142884e+02
1.268255758012992089e+02
1.261176480056843729e+02
1.223452170904323850e+02
1.224065057792751645e+02
1.215224877502862597e+02
1.231101693375593982e+02
1.253680490455772798e+02
1.253872011213951936e+02
1.246195621326879177e+02
1.287870256639985485e+02
1.305841379156508708e+02
1.300218367890287539e+02
1.306364148862600700e+02
1.311810706851623536e+02
1.327259148850159534e+02
1.327960913689562119e+02
1.322493604807324061e+02
1.342451145700961490e+02
1.351434854502813607e+02
1.332604496651245825e+02
1.359090365642196048e+02
1.365527672413131199e+02
1.374475058757588783e+02
1.371616267643103413e+02
1.375184299900226961e+02
1.381026690457550501e+02
1.378495375277385051e+02
1.381713501950867169e+02
1.387294505176780888e+02
1.388006302019267935e+02
1.384885216706425126e+02
1.395936982075561161e+02
1.393087201832571793e+02
1.393939303563670364e+02
1.390933782733626174e+02
1.410045577120881148e+02
1.410318405072085284e+02
1.408129193593977391e+02
1.405738670395628560e+02
1.405956458188107092e+02
1.403678573538352055e+02
1.400728630417925444e+02
1.401135618596196935e+02
1.398934477310923796e+02
1.416659240577892263e+02
1.417968409265956780e+02
1.415620376288869124e+02
1.412331718389361868e+02
1.418690223212701653e+02
1.422170989207354239e+02
1.423390444975273113e+02
1.421441637081724423e+02
1.290373288295022292e+02
1.287766630958626024e+02
1.279388205499969473e+02
1.273496750906934238e+02
1.284692961969401779e+02
1.257778315846172319e+02
1.250473601322936048e+02
1.263013608183853052e+02
1.295582483712317412e+02
1.325563147216185200e+02
1.317399236873950201e+02
1.321261117641977023e+02
1.318545515807657296e+02
1.313733472589396740e+02
1.309711261300718377e+02
1.329027218421536531e+02
1.340993174522513698e+02
1.336704273334395054e+02
1.344183218731517115e+02
1.355343359048168850e+02
1.351274772989434325e+02
1.358154983870935837e+02
1.373435115368300501e+02
1.367207447072235595e+02
1.369628392484832773e+02
1.375455613633528458e+02
1.388367502041929242e+02
1.382955991810573835e+02
1.385231371714925501e+02
1.392369342766093041e+02
1.389648912064095896e+02
1.387344882686142853e+02
1.396174459390587685e+02
1.391655133754100007e+02
1.393560746069390461e+02
1.399426224686167473e+02
1.396983792392685757e+02
1.395279622789925327e+02
1.402125227837702255e+02
1.400372610993631497e+02
1.398414797389734474e+02
1.424905918926169477e+02
1.423393132762442974e+02
1.425329401267208311e+02
1.428595136969690600e+02
1.427155497994542941e+02
1.428972169831299937e+02
1.409976763644049527e+02
1.406429190797698823e+02
1.416047904080521107e+02
1.413761597063306681e+02
1.413899654683700930e+02
1.418622300311113236e+02
1.416903506923695772e+02
1.420230579686432861e+02
1.422943853480860525e+02
1.405824601291821239e+02
1.405052078389946928e+02
1.402290849518083746e+02
1.432025508492667996e+02
1.432340406060232567e+02
1.430669736586457645e+02
1.435118689080324259e+02
1.433870228157122142e+02
1.435373900164788949e+02
1.438471611033489808e+02
1.437876323943202976e+02
1.436736707948435594e+02
1.438074116731635570e+02
1.439793907833605999e+02
1.441837644383182919e+02
1.443556860718767041e+02
1.443128589699368831e+02
1.441345297754693320e+02
1.444598171425111843e+02
1.445753205617619699e+02
1.446592807950372617e+02
1.447116054396180402e+02
1.447321987936565790e+02
1.439249078031734541e+02
1.436840649565104684e+02
1.434120659414965360e+02
1.431089672712594734e+02
1.427748161995792486e+02
1.424096450355108914e+02
1.447209624614446568e+02
1.446777958908227504e+02
1.446025968375641924e+02
1.444952617508259607e+02
1.245225851794126157e+02
1.209340017370002300e+02
1.249046446444636302e+02
1.236475273412316653e+02
1.240577447153072939e+02
1.139550402788727439e+02
1.185438801941305655e+02
1.175641705803610080e+02
1.190133621142439324e+02
1.085821291875311516e+02
1.111775437736960583e+02
1.170915218213666975e+02
6.506449896462866889e+01
6.252331343917682460e+01
6.657180328695233129e+01
7.263411321435977186e+01
7.043615176627089625e+01
7.386904584949498087e+01
7.959295352093577947e+01
7.993650282238225202e+01
7.738881669001690966e+01
8.222729703822105307e+01
8.951239563224447693e+01
8.908062737493840189e+01
8.712467614833079210e+01
9.729822504461802168e+01
9.527292905382360289e+01
9.701351970140237313e+01
9.139815745604100528e+01
9.897897708566756592e+01
1.040203997131490610e+02
1.038367781335731479e+02
1.023228737332946849e+02
1.080548850945543791e+02
1.054079227032838304e+02
1.106659139769312077e+02
1.144429563960616036e+02
1.132245023830088542e+02
1.143594564718408861e+02
1.155079397220037407e+02
1.186554523892332895e+02
1.186310061289251934e+02
1.176165626275249423e+02
1.205531046215272539e+02
1.195905264239035972e+02
1.206165311442266415e+02
1.274718446181036313e+02
1.261043618264574064e+02
1.214604105888802223e+02
1.239781055845653270e+02
1.239164021155881272e+02
1.231700768987405326e+02
1.246856798511468867e+02
1.293606291719624437e+02
1.287411783537284293e+02
1.294039264693749089e+02
1.299795311888586866e+02
1.316565437374537453e+02
1.317093594793158786e+02
1.311258420291894140e+02
1.321955807530120524e+02
1.346160663653575682e+02
1.342006237650687979e+02
1.346520250684752966e+02
1.354357418492398324e+02
1.350695017570484424e+02
1.355081249718386687e+02
1.334656868561807812e+02
1.331015504946913666e+02
1.336256656245766976e+02
1.358360063659706043e+02
1.360427147502624052e+02
1.361359136669099712e+02
1.364603440721539585e+02
1.367224181007408106e+02
1.370901439454810600e+02
1.367940672579952093e+02
1.377809914362217398e+02
1.384222952707248737e+02
1.390249566480858050e+02
1.397792792403848239e+02
1.397722969053632198e+02
1.395448770385087869e+02
1.396285654015013336e+02
1.407929198108065805e+02
1.403273530093642023e+02
1.413068323517046565e+02
1.413803594018555714e+02
1.414878176112465553e+02
1.411566300510082499e+02
1.418027873560880039e+02
1.419357444296998381e+02
1.417359475233569128e+02
1.420123568733070272e+02
1.291565959200549685e+02
1.279927290625416276e+02
1.285148069123591199e+02
1.301030171597253968e+02
1.290087071518769903e+02
1.295658890883298966e+02
1.282164989921903953e+02
1.270194033613804692e+02
1.274998985473890798e+02
1.310125102105119765e+02
1.300386271390258912e+02
1.305345484919284900e+02
1.322114732138406907e+02
1.314412721516816589e+02
1.333408119851952449e+02
1.348359086165709186e+02
1.369422298188820264e+02
1.362538361388468218e+02
1.365047411216573323e+02
1.371475615495147906e+02
1.384634392809973065e+02
1.380966728983938481e+02
1.379124288217991818e+02
1.386541774619047658e+02
1.390414215131421543e+02
1.394315785590661108e+02
1.397839485810762596e+02
1.400806310414699567e+02
1.403991410235208548e+02
1.426773841431231915e+02
1.430332500827047681e+02
1.414347948973195912e+02
1.411478249137897762e+02
1.412858499770836431e+02
1.410005329243957135e+02
1.409246423551369105e+02
1.407196048223368052e+02
1.415225820628469648e+02
1.422402340459159404e+02
1.420088558152591247e+02
1.420935060629280144e+02
1.420946908678569400e+02
1.418531803283960073e+02
1.419317745143542027e+02
1.423890031480794960e+02
1.421718024416591390e+02
1.422406384136427562e+02
1.424424432316104117e+02
1.407924711368555677e+02
1.433592983164623149e+02
1.436517283506468630e+02
1.440556158739458112e+02
1.439413660474835410e+02
1.439614266874203850e+02
1.440303679557728174e+02
1.439270924043951254e+02
1.439107047453607038e+02
1.440731767232861387e+02
1.442538556642650747e+02
1.441710608013999888e+02
1.442665204983723299e+02
1.444197714735568923e+02
1.444273162301468574e+02
1.443481068588685332e+02
1.443114815617351212e+02
1.443522578945564590e+02
1.442720467496235415e+02
1.441269274974305858e+02
1.441786427508770885e+02
1.440827740565190425e+02
1.444648405752399469e+02
1.444945664871424924e+02
1.444300591131554938e+02
1.445868823929509972e+02
1.445567094919820761e+02
1.446054643101047930e+02
1.446774794971299514e+02
1.446518909899699850e+02
1.446848423106451946e+02
1.447364999294070742e+02
1.447154923151987589e+02
1.447325874201583815e+02
1.447638081691465288e+02
1.447485833125749650e+02
1.447473985709733597e+02
1.439112941727651958e+02
1.439738195697368894e+02
1.438623365510494239e+02
1.436646899435202442e+02
1.437378802153257595e+02
1.436108226222415567e+02
1.433872148278070711e+02
1.434709089969336731e+02
1.433283126913766807e+02
1.430789593174526146e+02
1.431729817192658345e+02
1.430148780570704048e+02
1.427400009330762600e+02
1.426705790637742837e+02
1.428441639300112342e+02
1.423704127213502773e+02
1.422955054748049690e+02
1.424845129133738055e+02
1.447592659523861585e+02
1.447327111000610387e+02
1.447474919841459098e+02
1.447227330270347352e+02
1.446848499614333434e+02
1.447156525689659645e+02
1.446540678375666573e+02
1.446517587209708040e+02
1.446048776973364909e+02
1.445531281310863108e+02
1.445556877337099024e+02
1.444926712043467489e+02
1.253540768796765406e+02
1.209151468572398329e+02
1.216524583210288029e+02
1.201928589617763521e+02
1.244405026313006744e+02
1.246783611044192952e+02
1.234126447148470618e+02
1.156503218170336567e+02
1.156121066762422060e+02
1.139734243634144804e+02
1.197649941989850930e+02
1.106675222517297641e+02
1.088732902059423253e+02
1.103525208394438692e+02
1.131800938271417749e+02
1.116374323072341923e+02
1.127191461713965168e+02
1.175893600458881423e+02
1.180741280162371538e+02
1.165906207733676041e+02
5.589660795816894279e+01
6.066728633648389035e+01
5.792847218144314780e+01
6.898552212051085064e+01
7.619430557969633355e+01
8.560622617720429162e+01
8.514575939003661631e+01
8.262168607223756567e+01
8.759972473123717407e+01
9.401641339488880078e+01
9.360682567737538307e+01
9.567740694149965464e+01
9.178123976436373255e+01
1.010645678586403307e+02
9.919996532353445673e+01
1.008236168107469126e+02
1.025628171083897087e+02
1.096167442312090543e+02
1.094658934215940462e+02
1.081980787217033537e+02
1.071144189685558956e+02
1.069338832866190501e+02
1.055796861464237821e+02
1.108112971522404848e+02
1.122493178832066860e+02
1.133501886419998641e+02
1.121204906995739492e+02
1.167213014564416369e+02
1.166383571566477002e+02
1.155881581244814242e+02
1.196124515956182108e+02
1.176920117568169104e+02
1.280881246024238180e+02
1.280998324713740999e+02
1.274591433983939623e+02
1.267720662574280084e+02
1.267963050383275032e+02
1.260785162957172929e+02
1.223356525545407862e+02
1.223400627534032310e+02
1.214516115025437841e+02
1.231661240443396963e+02
1.253965646551622228e+02
1.253842984026542666e+02
1.246954080941678029e+02
1.287313391797718509e+02
1.305175215796705288e+02
1.305491679996890184e+02
1.299426565511603258e+02
1.310899511764645524e+02
1.324500258753992910e+02
1.320555458645181091e+02
1.325874503055051434e+02
1.340435059743423096e+02
1.350237386777050972e+02
1.329618630080748289e+02
1.357415241973898503e+02
1.363857622791632025e+02
1.373637999890504489e+02
1.374064724338442716e+02
1.370466623765470331e+02
1.379783055591789207e+02
1.377168277054922214e+02
1.380414198224078461e+02
1.386104655803889045e+02
1.386710303451942536e+02
1.383611135035931454e+02
1.392082391211578454e+02
1.392596188548236853e+02
1.389737721748836066e+02
1.399229364273569445e+02
1.397446004361422354e+02
1.397591604308377384e+02
1.395303583545189099e+02
1.410070712278299538e+02
1.410059794199694068e+02
1.407928940357108729e+02
1.405757283876162944e+02
1.405752808686403057e+02
1.403263555871499193e+02
1.413853572086362931e+02
1.415258904889423377e+02
1.413462521104994494e+02
1.411581955132273549e+02
1.415954294548423320e+02
1.419700400186498541e+02
1.420939881344348805e+02
1.418888522117945001e+02
1.286912094276769665e+02
1.296374167147367302e+02
1.305668988766502139e+02
1.273608276555283254e+02
1.265722734573815131e+02
1.277970671195365355e+02
1.336755812545529807e+02
1.327756846319088311e+02
1.331118162950479302e+02
1.328553113452958030e+02
1.319459067036422937e+02
1.323517405714720212e+02
1.338934474438387383e+02
1.349811593734997075e+02
1.345426343970496248e+02
1.352684110941050903e+02
1.364094364742930452e+02
1.359769165608706487e+02
1.366853655255866613e+02
1.381619319128156178e+02
1.375639828023320206e+02
1.377484589288074801e+02
1.383177898880125269e+02
1.395019004957807738e+02
1.389906748452243050e+02
1.391659759618491989e+02
1.398404642040710542e+02
1.393466248004683621e+02
1.395355987358946379e+02
1.401701049831987689e+02
1.397111109531551563e+02
1.398909436230128733e+02
1.404702459034921276e+02
1.402040703261063470e+02
1.400507159178234531e+02
1.406969049232156692e+02
1.403252364713418103e+02
1.404527229833798856e+02
1.408789787275905496e+02
1.407283087394268364e+02
1.405499787244572758e+02
1.427944776519978518e+02
1.426429122406625538e+02
1.428293462512313567e+02
1.431503663727575884e+02
1.431784335475831540e+02
1.430051677554469620e+02
1.412193138314169971e+02
1.419742729165747051e+02
1.417074135405317747e+02
1.417885466988130645e+02
1.421704753534679639e+02
1.423177811789574037e+02
1.420369292205519969e+02
1.425950501450211334e+02
1.411758661057057509e+02
1.410860143171357777e+02
1.408825554547746322e+02
1.434717795848162325e+02
1.433373415763811636e+02
1.434936491013058344e+02
1.437590634863981904e+02
1.436356317200534249e+02
1.437750879471248595e+02
1.440442620802445219e+02
1.440125609722457796e+02
1.440229515688185415e+02
1.439002482797997970e+02
1.441563182822485771e+02
1.443385092880951674e+02
1.444880806103687121e+02
1.442207815310404442e+02
1.443896943680709057e+02
1.440207421222858102e+02
1.445273618253180530e+02
1.446336591972806502e+02
1.447084568365463895e+02
1.447516210575867603e+02
1.447630149839049807e+02
1.437896880260074965e+02
1.435277232110836110e+02
1.432349427838412339e+02
1.429114309426269642e+02
1.425572666191987139e+02
1.421725408978907410e+02
1.447424993339504340e+02
1.446899331403365636e+02
1.446051743948903834e+02
1.261491294701756090e+02
1.232231894500626197e+02
1.220911026731137810e+02
1.227844902637130104e+02
1.268588160825664914e+02
1.256647601170077593e+02
1.258700011926557210e+02
1.238362471885317007e+02
1.166123949518826208e+02
1.144002808889638487e+02
1.199138494087967075e+02
1.204367011321956653e+02
1.192427057113624613e+02
1.119034647482489078e+02
1.187762209999107483e+02
6.223191906177549271e+01
5.922221264750410796e+01
6.366150543559653840e+01
7.028554750347777258e+01
6.781921483427004205e+01
7.147250377873325533e+01
7.611778839100711025e+01
7.447816725896738888e+01
7.790229431280899064e+01
8.154448725305911694e+01
8.359280520944847126e+01
8.052867736698664203e+01
9.053990905691384228e+01
9.001822279388825621e+01
8.808868701122796097e+01
9.800603057063186441e+01
9.601893939387488786e+01
9.764509672360773607e+01
9.228504369393688478e+01
9.954694751288671739e+01
1.044163842065794370e+02
1.042137177210773586e+02
1.027505011487280342e+02
1.083725288329539751e+02
1.057726939652607854e+02
1.109432553065289540e+02
1.146299732685409225e+02
1.145290221626248837e+02
1.134465053865861819e+02
1.156747746399931600e+02
1.205694290427281601e+02
1.196189743733682889e+02
1.205595667586581925e+02
1.187550588838787320e+02
1.187018831373357273e+02
1.177438318501868935e+02
1.274390032050011570e+02
1.260942539342964324e+02
1.214586239221180222e+02
1.239485627206046132e+02
1.239622434967302098e+02
1.231473707038015561e+02
1.246793705831095025e+02
1.293104438411964168e+02
1.287049414474818434e+02
1.293351709127805123e+02
1.299180646539132056e+02
1.315096762216246020e+02
1.310130579117595744e+02
1.315801722333054045e+02
1.319812261342134434e+02
1.341336049483471413e+02
1.338065991947819668e+02
1.343696786727214487e+02
1.354340141686725190e+02
1.350262323734673089e+02
1.354364225060702722e+02
1.328964761282399252e+02
1.331822515793834043e+02
1.326771178653044387e+02
1.357419111312235316e+02
1.359289356333945307e+02
1.359845321062205414e+02
1.363293387327655353e+02
1.365936800419991641e+02
1.369831505295133809e+02
1.366568067150523973e+02
1.376755271046685891e+02
1.382997387949005486e+02
1.389154237458933494e+02
1.394821548384967684e+02
1.401775401444054978e+02
1.401254856537147475e+02
1.399770039771629513e+02
1.399642251168797600e+02
1.407942967578790103e+02
1.403787431847748053e+02
1.411972850828150570e+02
1.414859859401107371e+02
1.416450440239221393e+02
1.414360695848147031e+02
1.417313818857305989e+02
1.305036190459096872e+02
1.293744478014741333e+02
1.298222422530951121e+02
1.313581703007107535e+02
1.307248372701039898e+02
1.302714513388958721e+02
1.321228692722382903e+02
1.311265075688559136e+02
1.315632981182119181e+02
1.297263582217494786e+02
1.289646150355320060e+02
1.285593081694628381e+02
1.332708224177893328e+02
1.324946619663571425e+02
1.343379188849474417e+02
1.357106860617910513e+02
1.377871229096933803e+02
1.371144188899689027e+02
1.373584358513799941e+02
1.379828559225529716e+02
1.391831794747718618e+02
1.388201432894637435e+02
1.386798184531454297e+02
1.396756432146011662e+02
1.393465328862207286e+02
1.400096464285696527e+02
1.403242726080713680e+02
1.405862867765260091e+02
1.407895423833109021e+02
1.410289382763916137e+02
1.429750588752257272e+02
1.433131846683956496e+02
1.414814670704950288e+02
1.414591387188580427e+02
1.412427859403222499e+02
1.419690006172359347e+02
1.417011710509462148e+02
1.419722456587757051e+02
1.425377389764271641e+02
1.423190568856639402e+02
1.423879655202954382e+02
1.426806512293115077e+02
1.424642728150049606e+02
1.425345882041070240e+02
1.424464002842388766e+02
1.422129817901370359e+02
1.422701574583563797e+02
1.427408622840682995e+02
1.413294550511871535e+02
1.436174179467451779e+02
1.438877034671081105e+02
1.442395349878942454e+02
1.441364038054032051e+02
1.441474039559560367e+02
1.442327466501802462e+02
1.441243056898977386e+02
1.441314046761262091e+02
1.442480976192888420e+02
1.444153796433921286e+02
1.443347686720826744e+02
1.444190760982168058e+02
1.445586936643620390e+02
1.444893773768885410e+02
1.445573568438438201e+02
1.442245411434256255e+02
1.442682255438811580e+02
1.441770536435906536e+02
1.443998969802493662e+02
1.443569859254965877e+02
1.444325658584235441e+02
1.440182563698843694e+02
1.440728252944120982e+02
1.439661249931772886e+02
1.445441668286389074e+02
1.445057855159573137e+02
1.445657067030511769e+02
1.446571869631741833e+02
1.446675025161643759e+02
1.446233095465962890e+02
1.447387881422487226e+02
1.447378027539052141e+02
1.447094096724336509e+02
1.447887967218681524e+02
1.447764528855055346e+02
1.447639330938295075e+02
1.448070357158443073e+02
1.447832953323351148e+02
1.447867235247645681e+02
1.437811918292919984e+02
1.438464975235223733e+02
1.437243286067554209e+02
1.435134875891322395e+02
1.435893663745750644e+02
1.434517843617263679e+02
1.432152730683553443e+02
1.433015465196152718e+02
1.431486020457729751e+02
1.428866632384524280e+02
1.429831410321106091e+02
1.428148811415795194e+02
1.425277154906428336e+02
1.426342424901085053e+02
1.424507269504612452e+02
1.421382435837118408e+02
1.420560965122542143e+02
1.422549265420212237e+02
1.447933258018435083e+02
1.447581703478936106e+02
1.447776221045647844e+02
1.447474862653506023e+02
1.447009168314939700e+02
1.447364682471332458e+02
1.446693358730503292e+02
1.446113730672480528e+02
1.446631004200521602e+02
1.271148796900097153e+02
1.224532344286862440e+02
1.216940886096631260e+02
1.228467755184398413e+02
1.253593219147697937e+02
1.249011409166915456e+02
1.261037583528368629e+02
1.242982729655287102e+02
1.185958938636963182e+02
1.180773194947442306e+02
1.171303459265164406e+02
1.165227142813188124e+02
1.148506719436891785e+02
1.160628285009347564e+02
1.212207616514793926e+02
1.141713641554952119e+02
1.124106784416957936e+02
1.136454261568329827e+02
1.192617619017149622e+02
5.224928442977023479e+01
5.754541896735420181e+01
5.417333298202817105e+01
6.648878975048235418e+01
7.339010197445823280e+01
7.886028945325087136e+01
8.692322005613546310e+01
8.624862226870057214e+01
8.422880514675442498e+01
8.872558509062460530e+01
9.486747341088918972e+01
9.443976544016445018e+01
9.644241326224648958e+01
9.271907945667500428e+01
1.016459660125905913e+02
1.013467103156017544e+02
9.983313526170196894e+01
1.030326913455048867e+02
1.099272223678979117e+02
1.097661033583648873e+02
1.085276331570563144e+02
1.074899844552912782e+02
1.072946968946420583e+02
1.059596925800777996e+02
1.110917828969954826e+02
1.124586904022496441e+02
1.135448995040210320e+02
1.123569616862269669e+02
1.167966416956552109e+02
1.157182511251519514e+02
1.167524123322659904e+02
1.196659000335945677e+02
1.177755902524711331e+02
1.280409235740121403e+02
1.280650451039937820e+02
1.274131067621013500e+02
1.267316483495052069e+02
1.267534006573039562e+02
1.260725056209117980e+02
1.223744549249868498e+02
1.214777333586820731e+02
1.223527806062460712e+02
1.231651543590945863e+02
1.252306757023518458e+02
1.245924230067744958e+02
1.253122678489933151e+02
1.286816138520892139e+02
1.306316305544115153e+02
1.305742646258548234e+02
1.299788686969806122e+02
1.310704114018277266e+02
1.322086336886389972e+02
1.335243083514891964e+02
1.351505127209071873e+02
1.348783872196269726e+02
1.346442941827916968e+02
1.352890100388760288e+02
1.356843041273581321e+02
1.362641919316563985e+02
1.371988941462342098e+02
1.368996962074794794e+02
1.372816971869976044e+02
1.378600543581314639e+02
1.376154654959530035e+02
1.379196066792127908e+02
1.384776209031869598e+02
1.385447593469144181e+02
1.382318550942486866e+02
1.390966671815826317e+02
1.391535729189316157e+02
1.388581260836151898e+02
1.397579134296065604e+02
1.397494600237618272e+02
1.394856898590461185e+02
1.402095300838127230e+02
1.401931570108278606e+02
1.399785072939677661e+02
1.410298782725354840e+02
1.408046973472333434e+02
1.410182768295269682e+02
1.406187617472330942e+02
1.405973630791490621e+02
1.403997234194293071e+02
1.412088905232049285e+02
1.412600216727973077e+02
1.417484975692124749e+02
1.418596539025808738e+02
1.416186971466790681e+02
1.301204009087767872e+02
1.309364696956538410e+02
1.317459439518048612e+02
1.292882021401186989e+02
1.295113308096442779e+02
1.283240580378746643e+02
1.345065235526660956e+02
1.340876484763206236e+02
1.336913852813912911e+02
1.339535313814124322e+02
1.330491957433298182e+02
1.333986535728287208e+02
1.347509173977471448e+02
1.358274351686776527e+02
1.361202456138038599e+02
1.354029387992068223e+02
1.371396492171807040e+02
1.367794801680958301e+02
1.374736877416393099e+02
1.391987391007075985e+02
1.386753973672937548e+02
1.385041913633556874e+02
1.391913910848032003e+02
1.404825320638170751e+02
1.400003707006417812e+02
1.401583252077642499e+02
1.401972883589684500e+02
1.396976729716017473e+02
1.398466499007013795e+02
1.407533476566262607e+02
1.403046370376261791e+02
1.404587341247367078e+02
1.410191236869559361e+02
1.407421084649502632e+02
1.406016839983844307e+02
1.412065139969948291e+02
1.409495609985483213e+02
1.408439222536360944e+02
1.413024206073932874e+02
1.410886473408910149e+02
1.410033912355874577e+02
1.414806210571542238e+02
1.411836811496564223e+02
1.413259804594046614e+02
1.430868426275108902e+02
1.431208471589494877e+02
1.429406377192953244e+02
1.434394361675915661e+02
1.434574752895041740e+02
1.432950948859607934e+02
1.417288091212253960e+02
1.424065538059676612e+02
1.421899562979805864e+02
1.421900404627276941e+02
1.424930680610207219e+02
1.426124211651759026e+02
1.424279012005731317e+02
1.428868467232730666e+02
1.417022399173325198e+02
1.414428260943272733e+02
1.415897930885898006e+02
1.437384299636108835e+02
1.436052476824929443e+02
1.437505193534782961e+02
1.440031936519238513e+02
1.438812575053410967e+02
1.440095626774386801e+02
1.442374250920102838e+02
1.442339434056532639e+02
1.441233703266664747e+02
1.442348090869909640e+02
1.443289989361574897e+02
1.444886656951341877e+02
1.446155817993184201e+02
1.441229442223166757e+02
1.443137175593030292e+02
1.444734941410179658e+02
1.439013270631988632e+02
1.446021137222530228e+02
1.446994099277304144e+02
1.447652113862554870e+02
1.447993428157232074e+02
1.448016260545979890e+02
1.436490104846648705e+02
1.433661289856056555e+02
1.430528047218924144e+02
1.427091572565372815e+02
1.423353073610388151e+02
1.419458647311530228e+02
1.447718810357959853e+02
1.447099266943872067e+02
1.280811130670378475e+02
1.250967848709486390e+02
1.237990793604804907e+02
1.241496228072052901e+02
1.277485698740641880e+02
1.265621737482429978e+02
1.273050354561340640e+02
1.252339810038096317e+02
1.175403391915828450e+02
1.153260093933108266e+02
1.215879311167417853e+02
1.207619067143107259e+02
1.220419378130378618e+02
1.201163209680007355e+02
6.015340862764065122e+01
6.120275418195659256e+01
5.646795211800827019e+01
6.847880449063684694e+01
6.561299777703797531e+01
6.944200299359296480e+01
7.636002259820962479e+01
7.626364329349590321e+01
7.347619616404247722e+01
7.902180538405262666e+01
8.299848883767531049e+01
8.226687253111457210e+01
8.495691891246326577e+01
9.160909541064609130e+01
9.105194270478919805e+01
8.926393247225411187e+01
9.877243351216796441e+01
9.837399625356169963e+01
9.683263413403550146e+01
9.322809660350679906e+01
1.002003492363519115e+02
1.049476297359148447e+02
1.046724299712401773e+02
1.033030832000380315e+02
1.087071191034558808e+02
1.062137524163284610e+02
1.112031480369830660e+02
1.146653685045601634e+02
1.135671391420670915e+02
1.146335049138882738e+02
1.157225731624687342e+02
1.206429732392116705e+02
1.197041454643323704e+02
1.206030257810149351e+02
1.188489541107687586e+02
1.187971400601098964e+02
1.178269707856606914e+02
1.273937418600676210e+02
1.259896855181223998e+02
1.215113457744688361e+02
1.240598160764062925e+02
1.240018856355597592e+02
1.232224243570686042e+02
1.246459297542032800e+02
1.292603398263809709e+02
1.286562116868091152e+02
1.292854483566397619e+02
1.299536277074616919e+02
1.318798410134461108e+02
1.316967973711405477e+02
1.312655840899109307e+02
1.323940692469111582e+02
1.338383503454224694e+02
1.339866832095468965e+02
1.333743611478768116e+02
1.348858145218626987e+02
1.350140744303996883e+02
1.345158303284994190e+02
1.355397438182555447e+02
1.357580253516889570e+02
1.358430843303156621e+02
1.361809304427779352e+02
1.364627500354625056e+02
1.368350106917114601e+02
1.365271326810321852e+02
1.375337077796924632e+02
1.381730161232156604e+02
1.387924853349519765e+02
1.394307773643003543e+02
1.399837386139183195e+02
1.404155141778462337e+02
1.408261635921191441e+02
1.410508266275940912e+02
1.410399884156979624e+02
1.412707384068511658e+02
1.413958462232217528e+02
1.414404642053654584e+02
1.415741245227473541e+02
1.319527487528550012e+02
1.312220941688141522e+02
1.308528194600242216e+02
1.326381318480750622e+02
1.315849320682080474e+02
1.319909059750862070e+02
1.333064329476617615e+02
1.323455796516957435e+02
1.327080588381928692e+02
1.312014413036179121e+02
1.304585497508074639e+02
1.302448303999080679e+02
1.342367065567481177e+02
1.336336865144307922e+02
1.351711301253748445e+02
1.364922373854957414e+02
1.387698895032640110e+02
1.379707246530240070e+02
1.382739795142757089e+02
1.389880403844516650e+02
1.399521491573571836e+02
1.395658871700550208e+02
1.395802071285660020e+02
1.406226034704386052e+02
1.403454978504686608e+02
1.400795993731063334e+02
1.408905161243014277e+02
1.411162338090516073e+02
1.412557056597000837e+02
1.413931466387792000e+02
1.415933570662072896e+02
1.432653111119440439e+02
1.435909351848948177e+02
1.418373215095758439e+02
1.424611729175356061e+02
1.424355758855757301e+02
1.422179690262988174e+02
1.427498935846224413e+02
1.426400909451455732e+02
1.425961452992636964e+02
1.430061333545657192e+02
1.427755540002249859e+02
1.428417726238653529e+02
1.428194903571969974e+02
1.426150234862979005e+02
1.426330661492846161e+02
1.430483362844941553e+02
1.438727127886128585e+02
1.441203630152892288e+02
1.444192480529813167e+02
1.443274286296410764e+02
1.443292494333142315e+02
1.444311299673990732e+02
1.443341266379723891e+02
1.443318185459066569e+02
1.444186985902271090e+02
1.445723295730780933e+02
1.444939806206053845e+02
1.445669655121068615e+02
1.446927097676087612e+02
1.446824220797744260e+02
1.446258242081082130e+02
1.441315687936669292e+02
1.440761893012366386e+02
1.441782731069912984e+02
1.443288518629419457e+02
1.442779498143652859e+02
1.443645730596781220e+02
1.444953197265443805e+02
1.445199244539730330e+02
1.444488461441372635e+02
1.439036615343355834e+02
1.439611985555295348e+02
1.438437345921871895e+02
1.446307731855081329e+02
1.446441458985052293e+02
1.445887002385441633e+02
1.447350062299838385e+02
1.447370498350664434e+02
1.446973272706085254e+02
1.448078073824908358e+02
1.447984437662792629e+02
1.447745368878139516e+02
1.448489609944246581e+02
1.448281314334476235e+02
1.448201344159612063e+02
1.448582484998060806e+02
1.448339220147699393e+02
1.448259139456183959e+02
1.436453113848128567e+02
1.437135145613840166e+02
1.435807462202488125e+02
1.433566882128041584e+02
1.434353760083040754e+02
1.432873735954717347e+02
1.430379493563618212e+02
1.431269261009917955e+02
1.429637519602940756e+02
1.426892085781956041e+02
1.427882874812607668e+02
1.426099715723840120e+02
1.423140143393139283e+02
1.422277376317182416e+02
1.424212385750020644e+02
1.419221576889119660e+02
1.418368866875360936e+02
1.420305892296299248e+02
1.448354496174392523e+02
1.448156997814768090e+02
1.447915908518848198e+02
1.447803434923607142e+02
1.447652667933391228e+02
1.447249611482289708e+02
1.291751871372066489e+02
1.292385855653685951e+02
1.280187697670368721e+02
1.244224799483855577e+02
1.234422232408967091e+02
1.247673746804762800e+02
1.284773900705756944e+02
1.264411490160309910e+02
1.204241158734575095e+02
1.184827995181195917e+02
1.194845887604177506e+02
1.176127375899440182e+02
1.158861332648040872e+02
1.170404455497831862e+02
1.230371233503541504e+02
1.210121952119178985e+02
4.910395899521389396e+01
5.511553828252800002e+01
5.081613929214405090e+01
6.468996433252021916e+01
7.264160807194851088e+01
7.976246612545087089e+01
8.820924973485661269e+01
8.752997485846863412e+01
8.561709021625080140e+01
8.986576332817827506e+01
9.568708046377355458e+01
9.722670398971892780e+01
9.528945450330446931e+01
9.366480887840711489e+01
1.022077143241675543e+02
1.004916168295372216e+02
1.019118457263687105e+02
1.035673165660812032e+02
1.102273573037489598e+02
1.100683788920346302e+02
1.088627398403667854e+02
1.078238208137831009e+02
1.076455895439926991e+02
1.063887673735707153e+02
1.113434783656165763e+02
1.126667986128042855e+02
1.136638517483418696e+02
1.125682358567624277e+02
1.169605946920684545e+02
1.168714330554800824e+02
1.158143086013061094e+02
1.197465758182809168e+02
1.179016192270431986e+02
1.279421102862726798e+02
1.279909953546301011e+02
1.273424337134761970e+02
1.266074847664845038e+02
1.266690572192696891e+02
1.259244321457558300e+02
1.224199315132561594e+02
1.223943680218062582e+02
1.215362583516926804e+02
1.232414886188147989e+02
1.252399629566212980e+02
1.246519208434035875e+02
1.252330185033715964e+02
1.286062211095479029e+02
1.304284543431854786e+02
1.298502824725775326e+02
1.305297942260750403e+02
1.316281180514976370e+02
1.317549662039372151e+02
1.311367657091817023e+02
1.327407554327317882e+02
1.328191154783944228e+02
1.323160458129642905e+02
1.332966676105688180e+02
1.343693727248407015e+02
1.354540756555542202e+02
1.353279101085602747e+02
1.361148815163429333e+02
1.371084092889423971e+02
1.371542359339601376e+02
1.367896217049749907e+02
1.377583277306199534e+02
1.374817500873619736e+02
1.378089776815239418e+02
1.383422712336539462e+02
1.384102246092941186e+02
1.381042347430746986e+02
1.389782061193521656e+02
1.390381962462808474e+02
1.387323579698851006e+02
1.395816844335235203e+02
1.393442056932717605e+02
1.396673540457221350e+02
1.403356419622671751e+02
1.402721687039246490e+02
1.400470465704890728e+02
1.407018658207803128e+02
1.406601190058560178e+02
1.404567098864787056e+02
1.408361615874232768e+02
1.412243566636425385e+02
1.415324948963276768e+02
1.416407648533554777e+02
1.414650759619910332e+02
1.315769977872013783e+02
1.323017645642516413e+02
1.329774238347457640e+02
1.315138673852395641e+02
1.303994871453267024e+02
1.313528966509443023e+02
1.357314338982766060e+02
1.348515217176172598e+02
1.351134248965586835e+02
1.350849091935872934e+02
1.342064791822044185e+02
1.345125133210794672e+02
1.357797780635568756e+02
1.364435361611466817e+02
1.383858246935828618e+02
1.377665491997886988e+02
1.385893741244918829e+02
1.400970325333654500e+02
1.396416165758386398e+02
1.394448696108294712e+02
1.404964017479056508e+02
1.398557283637845501e+02
1.402208718815008410e+02
1.413746806900384172e+02
1.410615084484173565e+02
1.409366685006201010e+02
1.411543795266203745e+02
1.408163894302058168e+02
1.406847836011295385e+02
1.408702429381348793e+02
1.404187216232800495e+02
1.405313345499016293e+02
1.415931229580453419e+02
1.413035609412463032e+02
1.411805765656667973e+02
1.417703116545382045e+02
1.414004779644889993e+02
1.414863605634464818e+02
1.418129425283691489e+02
1.415553170454519432e+02
1.415131524546271748e+02
1.418775199899543225e+02
1.415933639905051962e+02
1.416768000631645066e+02
1.420337908205382860e+02
1.417611572313953445e+02
1.418660468373779793e+02
1.434153914360328201e+02
1.432514988018251643e+02
1.434292434317063112e+02
1.437261354410156571e+02
1.437340844125848491e+02
1.435829062621780565e+02
1.422564718426700665e+02
1.419837744356472058e+02
1.421110812354052371e+02
1.428286830853784011e+02
1.426480694339400372e+02
1.426174580774229526e+02
1.423625112246500635e+02
1.427811166077667906e+02
1.428760865578535402e+02
1.428258183706331579e+02
1.432132572466546492e+02
1.440023187693160764e+02
1.440044656253688515e+02
1.438704769513315398e+02
1.442440312591883753e+02
1.442406092258196679e+02
1.441237048448687972e+02
1.444264793251431342e+02
1.444515401099876897e+02
1.444427678224743374e+02
1.443428261634075795e+02
1.444972801757832599e+02
1.446340722597386446e+02
1.447380201179002768e+02
1.440191198306734464e+02
1.442316647158136789e+02
1.444135005671002716e+02
1.445644324402169900e+02
1.437760518703450714e+02
1.446842578586963839e+02
1.447727681701342419e+02
1.448297498640208971e+02
1.448549858445003338e+02
1.448482566564220804e+02
1.435026361594330240e+02
1.431990358546324842e+02
1.428653928504306521e+02
1.425035021326740150e+02
1.421200109243500549e+02
1.417289852561197279e+02
1.448093416563560538e+02
1.303547162787401135e+02
1.273081276353681517e+02
1.258844278174550055e+02
1.261955353790150838e+02
1.307330242214262910e+02
1.292641223833651907e+02
1.299482691870574058e+02
1.275372808625326968e+02
1.190069598698144375e+02
1.237069064818337836e+02
1.226472291485497266e+02
1.240726843607284451e+02
1.220740914908713250e+02
5.856902122470751237e+01
5.434691364007923653e+01
5.944140165643523233e+01
6.836150902214056657e+01
6.443368072023575621e+01
6.830896491698520379e+01
7.399959512612753088e+01
7.132379510814278945e+01
7.514548402232664159e+01
7.919088208481846891e+01
8.110009057178245939e+01
7.782157279357070934e+01
8.458906568108311319e+01
8.637227684761133162e+01
8.383265147718847743e+01
9.256341997352488704e+01
9.205503424176556848e+01
9.037670460668985584e+01
9.937826317667835951e+01
9.905444938188966830e+01
9.755064056853154852e+01
9.410757684022475189e+01
1.007726272862062018e+02
1.053096223816052799e+02
1.051138055727029013e+02
1.037601314520250639e+02
1.090177265639740654e+02
1.065544331327843679e+02
1.114574354380958852e+02
1.150767845781949461e+02
1.148640945114337484e+02
1.138879389773261295e+02
1.160123358508979123e+02
1.207075017991416388e+02
1.197819572542464641e+02
1.206707863533727192e+02
1.189362776001979967e+02
1.188871102685084935e+02
1.179497715393515591e+02
1.272799936128084113e+02
1.259271874073831725e+02
1.215633952831623930e+02
1.239336406738108991e+02
1.231804441100307770e+02
1.239930947072245715e+02
1.245860619354765362e+02
1.291870310374306712e+02
1.285695238606432724e+02
1.292227672550898490e+02
1.298128362008910983e+02
1.310353617186061967e+02
1.321916456346312998e+02
1.336487487208154334e+02
1.337437712834042429e+02
1.332002280673670782e+02
1.346759208175909350e+02
1.347812630332241781e+02
1.342632354596141795e+02
1.356039229600292515e+02
1.356814552766700217e+02
1.352501796511672865e+02
1.360384672730918396e+02
1.363362853033744386e+02
1.367271552139926882e+02
1.363985540828518879e+02
1.374374369090635071e+02
1.380533191248036076e+02
1.386651853955662546e+02
1.392858604670970806e+02
1.400489623178551710e+02
1.398206308472852299e+02
1.399036503500908282e+02
1.401926760130063201e+02
1.405192560564723010e+02
1.408774352402826082e+02
1.411474242417436074e+02
1.412723039074332121e+02
1.410993419426706339e+02
1.413410743752943972e+02
1.334733626396783848e+02
1.323493397448848157e+02
1.327042994268303460e+02
1.340493185459895074e+02
1.333355513473750307e+02
1.330135584595402349e+02
1.346180232532314278e+02
1.336404097489190690e+02
1.339544725458447374e+02
1.325002086923976776e+02
1.354063734218289028e+02
1.348494629518155534e+02
1.371613248814900885e+02
1.371604421693419624e+02
1.364543550038988258e+02
1.397766827463883885e+02
1.390978110698217165e+02
1.392680635213064591e+02
1.377927089363890332e+02
1.399427763205853239e+02
1.403026040755303256e+02
1.406900981602599927e+02
1.414886495046259540e+02
1.412703301498333701e+02
1.410189318392812652e+02
1.416859789574075990e+02
1.417961544897579813e+02
1.418467584064972868e+02
1.419579369214647784e+02
1.421484755088252996e+02
1.435727527723898902e+02
1.438661301722788153e+02
1.427636835308882439e+02
1.426132621978475186e+02
1.428001876271299011e+02
1.425148249814226062e+02
1.430640887399302699e+02
1.429421172737926611e+02
1.429052740713344463e+02
1.430334814238045453e+02
1.432090535317802846e+02
1.430201745564137354e+02
1.430140233670091163e+02
1.434104249439706678e+02
1.432094036604235896e+02
1.434145362634336323e+02
1.441249671016306593e+02
1.443494742486821281e+02
1.445945521106842477e+02
1.445142422709232051e+02
1.445067876204431343e+02
1.446252692530330251e+02
1.445399235564861726e+02
1.445281129037205972e+02
1.445847994394115403e+02
1.447244934966072663e+02
1.446485121295221461e+02
1.447099999015059666e+02
1.448215996913680499e+02
1.447572545405293454e+02
1.448023151499447749e+02
1.440322914055593060e+02
1.440821516598640244e+02
1.439692023498590459e+02
1.442514365050791412e+02
1.442903439312966896e+02
1.441927042463006501e+02
1.444400766717035367e+02
1.444678780739805291e+02
1.443856495350824503e+02
1.445979780769477827e+02
1.446145376560145905e+02
1.445478258767874422e+02
1.437828653605355100e+02
1.437153463879797641e+02
1.438435086750035623e+02
1.447248985699240222e+02
1.447300986765842765e+02
1.446790126456124312e+02
1.448205892425764603e+02
1.448143310182860546e+02
1.447789823969214353e+02
1.448847959522090889e+02
1.448669998568529707e+02
1.448475022998792099e+02
1.449172608163598568e+02
1.448878670344030581e+02
1.448843355304682632e+02
1.449177236719567361e+02
1.448892426266031066e+02
1.448766923888296105e+02
1.435033700916182511e+02
1.435746113966892210e+02
1.434313270031010461e+02
1.431940021843613806e+02
1.432756429105834570e+02
1.431173209261735337e+02
1.428549356318730474e+02
1.429467690937360942e+02
1.427734713797002826e+02
1.424862386631883737e+02
1.425880924201713071e+02
1.424015488521359600e+02
1.420902439430276161e+02
1.422025806860874013e+02
1.420075418653792667e+02
1.416805485191069636e+02
1.418018948371154977e+02
1.416075081936506876e+02
1.448859234834352776e+02
1.448332350281592085e+02
1.448619827938042306e+02
1.311254206564308618e+02
1.266320965600745723e+02
1.255339650743146080e+02
1.269801796753713177e+02
1.300328705759366130e+02
1.288953938434910356e+02
1.303935334924952087e+02
1.286897746381659999e+02
1.209985250837295325e+02
1.192980657596448850e+02
1.206914820641408852e+02
1.251876450811941055e+02
1.236849759245490077e+02
1.236908552148144764e+02
1.220520029342315524e+02
4.686036362021601320e+01
5.361028436325678825e+01
4.819309541219949011e+01
6.375649944037240147e+01
7.117289207791513661e+01
7.660222963308335409e+01
8.196681522655703134e+01
8.928167084623369476e+01
8.869789860438284279e+01
8.696623556100665553e+01
9.086233209938134792e+01
9.635985457151546996e+01
9.786340283776182503e+01
9.604585183224497769e+01
9.448244721292495285e+01
1.026543420501458428e+02
1.024121763505699505e+02
1.010162111925344561e+02
1.039637315519479159e+02
1.104738885660897694e+02
1.103392310959002600e+02
1.091512006720260359e+02
1.081072003815743017e+02
1.079519140970834883e+02
1.067103853209549555e+02
1.115688502621185592e+02
1.128474224760515767e+02
1.139716704179682836e+02
1.127649395941598272e+02
1.174125079562097795e+02
1.162635111108546511e+02
1.171885496266128683e+02
1.198201376503730700e+02
1.181754587427329710e+02
1.278870917284863680e+02
1.279131028459414523e+02
1.272518809354185407e+02
1.265408826885225295e+02
1.265720632243306909e+02
1.258940221352816167e+02
1.223323515778124602e+02
1.215225086715156380e+02
1.223718575582900456e+02
1.231320269923874235e+02
1.251766772938826762e+02
1.252051964887725575e+02
1.245579668993610767e+02
1.285405191242187470e+02
1.303623930080909474e+02
1.303945376422094853e+02
1.297795274504121892e+02
1.315117677595563066e+02
1.309754204946565324e+02
1.315696722818821343e+02
1.326055368391693321e+02
1.326733454200724793e+02
1.321225376530962308e+02
1.331326237343066623e+02
1.341687293614184284e+02
1.351460319079745886e+02
1.359747322691632689e+02
1.370192149525747709e+02
1.366820545710600072e+02
1.370641806368913933e+02
1.377373712240398334e+02
1.377478228002476897e+02
1.374276399586995012e+02
1.382660544322763769e+02
1.383026598427434237e+02
1.380132400967896729e+02
1.388754011532043364e+02
1.389275197535592952e+02
1.386129293586662072e+02
1.394826458388958486e+02
1.395330631269404194e+02
1.392349886341254717e+02
1.400773712069184853e+02
1.400618803604720881e+02
1.398317334691885208e+02
1.404937768112456240e+02
1.404144154600719787e+02
1.402725609568009588e+02
1.408228248997813523e+02
1.407617697863338435e+02
1.405796744615570333e+02
1.409256481114360327e+02
1.412699048212259640e+02
1.414018724547829891e+02
1.412092677681610269e+02
1.337625214330022345e+02
1.343328387099307974e+02
1.339638298782312802e+02
1.337248166987915567e+02
1.327514240242150549e+02
1.365952666696298650e+02
1.361556935196577740e+02
1.358475357110600044e+02
1.362094944352195114e+02
1.356369639351408125e+02
1.354210595820236733e+02
1.368849470759090821e+02
1.394385356603217758e+02
1.389171879291664595e+02
1.396189452060594363e+02
1.380491581345492023e+02
1.376125282626377953e+02
1.382337513849400636e+02
1.410884980342681843e+02
1.404443755895181880e+02
1.405881572386843743e+02
1.413333714745039629e+02
1.407264392327778353e+02
1.409112654184013138e+02
1.415929635385113272e+02
1.410545668938956112e+02
1.412296303529810189e+02
1.421993324490552766e+02
1.417945674795032573e+02
1.418939083377503607e+02
1.420481358798666349e+02
1.417095627772000341e+02
1.416092599252505693e+02
1.418769899611398841e+02
1.413826477463738627e+02
1.415139961532687209e+02
1.423621193632209270e+02
1.420640779678277283e+02
1.419847301181531236e+02
1.425283160373477074e+02
1.421472798000343403e+02
1.421626626028649127e+02
1.423085667106314816e+02
1.420576118936499768e+02
1.420882151626830137e+02
1.424449172444668648e+02
1.421654613894230010e+02
1.422377369963517140e+02
1.426305139920186491e+02
1.423372102449074248e+02
1.424421698234993414e+02
1.437225598648505240e+02
1.437261968030827575e+02
1.435690394274506332e+02
1.440105427383466292e+02
1.440081341609671881e+02
1.438683996721105700e+02
1.432272405862024698e+02
1.430001293675186957e+02
1.430280723020292157e+02
1.427014227769532226e+02
1.432234717903751005e+02
1.431409323500915605e+02
1.430230239535533201e+02
1.432381380923551433e+02
1.432163608228444218e+02
1.432199272924429749e+02
1.435686929708160164e+02
1.442631772555636473e+02
1.441328072651150194e+02
1.442552369932683121e+02
1.444812892474032537e+02
1.443627165461558093e+02
1.444679654284985588e+02
1.446111988159912016e+02
1.446650582037213439e+02
1.445583491625770876e+02
1.446465566236566929e+02
1.446609545208531813e+02
1.447745130315518054e+02
1.448551718631342737e+02
1.439090332130754746e+02
1.441432651533343687e+02
1.443471147606370266e+02
1.445203533146094799e+02
1.446627429772337621e+02
1.436446366260413186e+02
1.447740383320742978e+02
1.448539879286266796e+02
1.449023357879748630e+02
1.449188228755189130e+02
1.449031885342297699e+02
1.433502792139358917e+02
1.430261465026092935e+02
1.426723642450665750e+02
1.422901096666547858e+02
1.418871910416668243e+02
1.414767046454429362e+02
1.332459118675880916e+02
1.320023490670014894e+02
1.323725519556725772e+02
1.294672370996378845e+02
1.280675641950130910e+02
1.283802946582785296e+02
1.326539536765652372e+02
1.313628198212436757e+02
1.316864422171759088e+02
1.297589026762774154e+02
1.223320084545689639e+02
1.259518164153316064e+02
1.262947020481866645e+02
1.248270586196847347e+02
1.248118169539448559e+02
5.858917942928125200e+01
5.873791824211948409e+01
5.378519157017926489e+01
6.585472763258570694e+01
6.249721912032222804e+01
6.696608933599077318e+01
7.561306935958170072e+01
7.471775966301862582e+01
7.191437620091220140e+01
7.730379188225101927e+01
8.091152127360923885e+01
8.275464046362142767e+01
8.012659978255675242e+01
8.571066528293641795e+01
8.521302197316191496e+01
8.746836982304586172e+01
9.322089642449952862e+01
9.124485208416975013e+01
9.285946274307278259e+01
9.986123238179395400e+01
9.959872348112099871e+01
9.813570545260310496e+01
9.477640658203605994e+01
1.012353580760701135e+02
1.056066535658256385e+02
1.054417032699206231e+02
1.041321952994075701e+02
1.092786282748396047e+02
1.068417267727574398e+02
1.116718349459229103e+02
1.146825013423968329e+02
1.137707821212869277e+02
1.148673362961497162e+02
1.169993843475827049e+02
1.172010672058917464e+02
1.160501750661046998e+02
1.207532977403989349e+02
1.198480175531328058e+02
1.207248738959313528e+02
1.189815448111900480e+02
1.189520374155476077e+02
1.182002923910978893e+02
1.272162819721728937e+02
1.258592297176283239e+02
1.215392630463305608e+02
1.237196292095807877e+02
1.230286795770222881e+02
1.238226218208823184e+02
1.244471492437613733e+02
1.291536672653185462e+02
1.285250653425632095e+02
1.291687688576704147e+02
1.297612353930499296e+02
1.309417782839496738e+02
1.320641664126749788e+02
1.335282299970401425e+02
1.335883719496399920e+02
1.330714992066135949e+02
1.345132697231856582e+02
1.345947187869550135e+02
1.340863016576219877e+02
1.354560953702746815e+02
1.350713581238253198e+02
1.355302741708469512e+02
1.359011653557218153e+02
1.362117528795037629e+02
1.362733408410485652e+02
1.366203821484132561e+02
1.373835570736347336e+02
1.380035370517304898e+02
1.385737199646892179e+02
1.391841859657021701e+02
1.397830137593601023e+02
1.402860691488460532e+02
1.406583984332114028e+02
1.409855200353042335e+02
1.410471805959637379e+02
1.352538654077428362e+02
1.346438682392829946e+02
1.343650757852476545e+02
1.358260197949375936e+02
1.352111655070907545e+02
1.349457776439899419e+02
1.359706947618105914e+02
1.349811337129746107e+02
1.347236574621356056e+02
1.336152370279941408e+02
1.364005142831523472e+02
1.360110670022550892e+02
1.373380000088719157e+02
1.408464997772956906e+02
1.401601481547246806e+02
1.403064972945213640e+02
1.387676215329450429e+02
1.409740310998207065e+02
1.412175987984080052e+02
1.414698304048378361e+02
1.417413265346517903e+02
1.422857937322332020e+02
1.421289501224115668e+02
1.419681636302946117e+02
1.424416376736716074e+02
1.424056465889067340e+02
1.423754434637123438e+02
1.425415821378661860e+02
1.438684985293893703e+02
1.441386170898785792e+02
1.431584161474421251e+02
1.429614279940298331e+02
1.431977043627429964e+02
1.428999559450692800e+02
1.434148700586449081e+02
1.432392648430049746e+02
1.433178154144787868e+02
1.434137452922030036e+02
1.435431154355814272e+02
1.433762431020150245e+02
1.433832601160075626e+02
1.436056189646088228e+02
1.434175100652388721e+02
1.434071662545204333e+02
1.437295472459925350e+02
1.437278122026533538e+02
1.435694530977724526e+02
1.443739076218443529e+02
1.445747470810547384e+02
1.447651893890235897e+02
1.446965913886724593e+02
1.446797880587018312e+02
1.448148613738103450e+02
1.447413980005712801e+02
1.447200117802321415e+02
1.447461651874147321e+02
1.448716049138627682e+02
1.447981240569984891e+02
1.448479359643813780e+02
1.449450892175062791e+02
1.448834213092703749e+02
1.449167852176027225e+02
1.439263892939454479e+02
1.438557944246021805e+02
1.439795648303257281e+02
1.441673348530539727e+02
1.442095861089655102e+02
1.441009548797940170e+02
1.443781250718379283e+02
1.444092790920441303e+02
1.443159052532951421e+02
1.445584925197268262e+02
1.445783932285098672e+02
1.445003998932685647e+02
1.447081596624586837e+02
1.447166687689575895e+02
1.446541831809259691e+02
1.436555436501915608e+02
1.435806576056897939e+02
1.437194549240364552e+02
1.448268406897462341e+02
1.448238384413911888e+02
1.447769911571307091e+02
1.449142432562224485e+02
1.448996290856728422e+02
1.448685531839704765e+02
1.449700702007188511e+02
1.449285935611956972e+02
1.449437632607405249e+02
1.449940212630008318e+02
1.449559608289504524e+02
1.449568331252811788e+02
1.449857947623951304e+02
1.449359404986349205e+02
1.449529908210093083e+02
1.433550388923766832e+02
1.432757644954011198e+02
1.434294831558995895e+02
1.430250867478314944e+02
1.431098543807698888e+02
1.429413064876601993e+02
1.426659578441579299e+02
1.427607806454558386e+02
1.425774419650125537e+02
1.422775043530301673e+02
1.423822380480981735e+02
1.421852435650915538e+02
1.418600840291327927e+02
1.419756469208359420e+02
1.417715717060196994e+02
1.414243460187640835e+02
1.415531624052356392e+02
1.413480800015585999e+02
1.329538156602081074e+02
1.289316314161983144e+02
1.291975428600337921e+02
1.277812955512010973e+02
1.321223062835353517e+02
1.310817108030203428e+02
1.323957809011355664e+02
1.308106077251968600e+02
1.243299410266130991e+02
1.226591960317677632e+02
1.239899451500663901e+02
1.274506873241520850e+02
1.268115942921388495e+02
1.252495686272746838e+02
1.263694317616081690e+02
4.616391137188260529e+01
5.463571747842392767e+01
4.693254205967292592e+01
6.269601006474835003e+01
7.190966641085232425e+01
7.004204519978482324e+01
6.873915144222837625e+01
7.353475504941584973e+01
7.827815614610115347e+01
8.341614792928871225e+01
8.998754534814182193e+01
8.790291476262433434e+01
8.959389475127018443e+01
9.155639791129217997e+01
9.671367422903129807e+01
9.656176363534744667e+01
9.828652718028536128e+01
9.499288563801120233e+01
1.029666177488848433e+02
1.027918820410315135e+02
1.014183336254078966e+02
1.042686813043559653e+02
1.106589682361298230e+02
1.105539567325068191e+02
1.093853624648877485e+02
1.082972321958211239e+02
1.069543526488835852e+02
1.081877855696133537e+02
1.117515760205732676e+02
1.129600769319855402e+02
1.138185252409660677e+02
1.129127072273959698e+02
1.158414423542942728e+02
1.179865754582030206e+02
1.198631776592434477e+02
1.278190696286573598e+02
1.278507727193008776e+02
1.271839363591756040e+02
1.264552440790471337e+02
1.264951194393974134e+02
1.258194267539279849e+02
1.222356858020807238e+02
1.222790280607320170e+02
1.214964164076462225e+02
1.229750491390621221e+02
1.250216798938923262e+02
1.250954166081384216e+02
1.243733490130710493e+02
1.284887270490833657e+02
1.303167599647163968e+02
1.297394075364950083e+02
1.303378522693058983e+02
1.314861884352025641e+02
1.309291153013180349e+02
1.314979456338553518e+02
1.325488362232553641e+02
1.325764169456058994e+02
1.320347202112896241e+02
1.340257502225019834e+02
1.330420985909958063e+02
1.349902711796575545e+02
1.358386195109253549e+02
1.369327709824200099e+02
1.365768056181462669e+02
1.369761005880779976e+02
1.376983220748006147e+02
1.377183817912782047e+02
1.373636216911862675e+02
1.384620104698169030e+02
1.383588929557443237e+02
1.380993166339111156e+02
1.388615217714752816e+02
1.385610329473855415e+02
1.388657466144751709e+02
1.393871425948122464e+02
1.394355420348560699e+02
1.391351967406893095e+02
1.399289801412985241e+02
1.400011164506398416e+02
1.397100522780275469e+02
1.406700255345606365e+02
1.405813806318047057e+02
1.403742803503376422e+02
1.409772153509391615e+02
1.408999390802871972e+02
1.407363659443736026e+02
1.411242441987712937e+02
1.355352320657470386e+02
1.356073858879017280e+02
1.356047191126826306e+02
1.347904990617054466e+02
1.357970691420101446e+02
1.344447592670723282e+02
1.378704432287346719e+02
1.370479092674371486e+02
1.372210907366967376e+02
1.374061388076974310e+02
1.367977163882822538e+02
1.366233552793131025e+02
1.379662355551180610e+02
1.405822743190470021e+02
1.407265803012883794e+02
1.400155903230664478e+02
1.391460683151286730e+02
1.393093770331471148e+02
1.386026242939601048e+02
1.421463479177554348e+02
1.415088974242461859e+02
1.416128443880401164e+02
1.422946802114700802e+02
1.417032397874698688e+02
1.418098455503635762e+02
1.424404445581084815e+02
1.418975515071041968e+02
1.420134661012943127e+02
1.426118369460014321e+02
1.421115610531724087e+02
1.422421962200289158e+02
1.429566390468724535e+02
1.426572061240018741e+02
1.425854730613130243e+02
1.428481526392476155e+02
1.424554711368773212e+02
1.425216716495079368e+02
1.427464743057543046e+02
1.423954027869959589e+02
1.423197673591417924e+02
1.431200824967488359e+02
1.427494597170044415e+02
1.428137619425061757e+02
1.428602441933454656e+02
1.426864339856778656e+02
1.425779060769038722e+02
1.426443714804996716e+02
1.430192089084490590e+02
1.427378072562692637e+02
1.428235665081813579e+02
1.440282136257054049e+02
1.440209359825534818e+02
1.438753046163471652e+02
1.442924919253372593e+02
1.441515670675500189e+02
1.442794555092571329e+02
1.436709732507090962e+02
1.434197804702851613e+02
1.434481180624557339e+02
1.430939481242029103e+02
1.434769415301793458e+02
1.435752545472902568e+02
1.435737882987874627e+02
1.436381595974730203e+02
1.438804395175912418e+02
1.445206423318631153e+02
1.443919286050771689e+02
1.445025233913628711e+02
1.447146349518081365e+02
1.445979805961277975e+02
1.446913167932888200e+02
1.447913028378534932e+02
1.448741492811072646e+02
1.447696190762447657e+02
1.448458496046176549e+02
1.448197598141931337e+02
1.449097177552969242e+02
1.449667595174639416e+02
1.437923629756413391e+02
1.440482012913192591e+02
1.442740226696294883e+02
1.444695657487462768e+02
1.446345582206118650e+02
1.447687185485424664e+02
1.435067570623732536e+02
1.448717577514309482e+02
1.449433811380831116e+02
1.449832900104937323e+02
1.449911833589891046e+02
1.431916138445573665e+02
1.428471669222011258e+02
1.424734371796840833e+02
1.420706361002538358e+02
1.416440914070039412e+02
1.412022600223372706e+02
1.351190298774035625e+02
1.338994242695502521e+02
1.341754179324107099e+02
1.317697706119837164e+02
1.306143671251217597e+02
1.303556773250671483e+02
1.346678480016847459e+02
1.334116619807967083e+02
1.336537754810119907e+02
1.319533485674311635e+02
1.255594852485134538e+02
1.278606792360572086e+02
6.441308605231243689e+01
5.674814182015354902e+01
6.072981993830839542e+01
6.774942681415963364e+01
6.658998119786291170e+01
6.296101881952689894e+01
6.940931635541821265e+01
7.733568559684543686e+01
7.637638676016550221e+01
7.452773536482862937e+01
7.901847936134026895e+01
8.207013557153743477e+01
8.158264914274239743e+01
8.391197586086119031e+01
8.633587525929259243e+01
8.815245856645898925e+01
8.608328387470460541e+01
9.352415960502200676e+01
9.175926794489184601e+01
9.334181693270956259e+01
9.997860341173156939e+01
9.837579159738858436e+01
9.989812622418700983e+01
9.511310087446327088e+01
1.014548077463653470e+02
1.058040422074234783e+02
1.043893499221216956e+02
1.056889500477960553e+02
1.094653228746874873e+02
1.070357660967908231e+02
1.118219898395831535e+02
1.152243756084749293e+02
1.149445902505788268e+02
1.141065431692878178e+02
1.161019013998521103e+02
1.189726501117171438e+02
1.189703410581868752e+02
1.179867738160297677e+02
1.206937182846297105e+02
1.198396409051138818e+02
1.207165686653506071e+02
1.271381575103985710e+02
1.257381961063519356e+02
1.214595886134094656e+02
1.235757138815429386e+02
1.229078535356798909e+02
1.236436952805701281e+02
1.242970314148873854e+02
1.290917224184124166e+02
1.284598473038744544e+02
1.291203962592910557e+02
1.297063488947406427e+02
1.309047944144337237e+02
1.320211054807811877e+02
1.343941902380021247e+02
1.344534550119078915e+02
1.339654845006184587e+02
1.334679968638261585e+02
1.330113589561253207e+02
1.334973042053912593e+02
1.353296875459963076e+02
1.353927665338423481e+02
1.349263224871145894e+02
1.357752140576393174e+02
1.373205095885179503e+02
1.360968213386639150e+02
1.361541290304620873e+02
1.365195272324192786e+02
1.380797917748263330e+02
1.386541427691252579e+02
1.391248350116245263e+02
1.396631942994346787e+02
1.403713635325821087e+02
1.401550133171628545e+02
1.402251912909572127e+02
1.405217982189826671e+02
1.408239516935596782e+02
1.368663576587149180e+02
1.363374899086105074e+02
1.360654351983388892e+02
1.364217397643479899e+02
1.378041720591333785e+02
1.367239014737515106e+02
1.368803988425433431e+02
1.353731678025661722e+02
1.376383037987748139e+02
1.371381279847039139e+02
1.385264718726388367e+02
1.419804207046345823e+02
1.412999497271829341e+02
1.414082272719925584e+02
1.398894429371040360e+02
1.420706357697009992e+02
1.422276970025489220e+02
1.423741444730685544e+02
1.425328971369175122e+02
1.426848148850794473e+02
1.430443639360834709e+02
1.429075226838361061e+02
1.428021619655293080e+02
1.433591153646677014e+02
1.429378197832663488e+02
1.432394275849453891e+02
1.430961224294655096e+02
1.429380387817878102e+02
1.441620695195497319e+02
1.444082268649001435e+02
1.435324273340392267e+02
1.433472327436632838e+02
1.436046564116747959e+02
1.432830104047953625e+02
1.436350405715619445e+02
1.438966051226171032e+02
1.437186507278693739e+02
1.437500212803611248e+02
1.440038937703291992e+02
1.438376431381728651e+02
1.438039639255428881e+02
1.441046442968131771e+02
1.440668552611080884e+02
1.439174370188599426e+02
1.446191893102674157e+02
1.447958399503079079e+02
1.449308474819188746e+02
1.448741680595763910e+02
1.448479655600727085e+02
1.449995480665441789e+02
1.449381968187293523e+02
1.449071843525655368e+02
1.449025062490751168e+02
1.450133430614560552e+02
1.449425228800498360e+02
1.449804762353611807e+02
1.450628505155362689e+02
1.450040235910085471e+02
1.450255278805653347e+02
1.438134983961177795e+02
1.438701708803844213e+02
1.437356214522515359e+02
1.440761856577684341e+02
1.440023615300485460e+02
1.441219609623504425e+02
1.443091061093911662e+02
1.442392761269215384e+02
1.443437918422402504e+02
1.445119601502871092e+02
1.444460880454984419e+02
1.445353799239015586e+02
1.446844357522531084e+02
1.446225076528418469e+02
1.446964305422676489e+02
1.448262108512811324e+02
1.447682351734961514e+02
1.448266398607291876e+02
1.435213615675837389e+02
1.434393357254684531e+02
1.435887079401765050e+02
1.449369553359494205e+02
1.449256967438915922e+02
1.448829626399968049e+02
1.450163329368627672e+02
1.449932845726496282e+02
1.449663757166585185e+02
1.450640031828785084e+02
1.450290830730968707e+02
1.450181555067277372e+02
1.450796233832064956e+02
1.450327701388709158e+02
1.450379804013649334e+02
1.432001577921220417e+02
1.431138088333608209e+02
1.432778871620324992e+02
1.428510800567246122e+02
1.427598009523702558e+02
1.429383906236050166e+02
1.424703118662726524e+02
1.425684888310755696e+02
1.423751862834409678e+02
1.420625662826974747e+02
1.421703739827015340e+02
1.419626018592242360e+02
1.416274491131485718e+02
1.417442084917956890e+02
1.415271486650207180e+02
1.411653122302694499e+02
1.412954092784973454e+02
1.410719743007474847e+02
1.348967914864759905e+02
1.321526255948484163e+02
1.305406460806442794e+02
1.319571573160388880e+02
1.342344647513835412e+02
1.344590563959320946e+02
1.331831612248698775e+02
1.330157326611736153e+02
1.276134554429472132e+02
1.259676676100311425e+02
1.271960261369485892e+02
1.299777560211989851e+02
1.294422255245315512e+02
1.283935823773664993e+02
4.663559245891028127e+01
6.154422703607888678e+01
4.955434788046478900e+01
6.476869984485806242e+01
7.362223907672817802e+01
7.051265539955103634e+01
7.261549201662752751e+01
7.519931631812139017e+01
7.972284076018897281e+01
8.430232825330878654e+01
9.005919870349474365e+01
8.824710153255362854e+01
8.998910117288554034e+01
9.176023855145726316e+01
9.682511684608623170e+01
9.679432464412755621e+01
9.840482672320922575e+01
9.520629824466494995e+01
1.030751215467297044e+02
1.030027107539028606e+02
1.015341227931604351e+02
1.044247591969521096e+02
1.107641450828460421e+02
1.106986465330198541e+02
1.095339241344069876e+02
1.083730975095286624e+02
1.070930505715702026e+02
1.083209033028346795e+02
1.118611288353017272e+02
1.130367875775297506e+02
1.141343625219853379e+02
1.130091207891215532e+02
1.175227034069901890e+02
1.163790526662726421e+02
1.172602367197885087e+02
1.198282523107942978e+02
1.182440435775220067e+02
1.277385192547184403e+02
1.277758837573221911e+02
1.271008929611255098e+02
1.263086747437225057e+02
1.263781462289825583e+02
1.256685341191159040e+02
1.221332200542667294e+02
1.214146447906704509e+02
1.221790462698081257e+02
1.228510472091328296e+02
1.248161269538652220e+02
1.249148826586761203e+02
1.241983795021633057e+02
1.284164787042998910e+02
1.302981401596101136e+02
1.303053742597862197e+02
1.296993168336474866e+02
1.314819830435050392e+02
1.314825845443606624e+02
1.309036397167453458e+02
1.325930386174026694e+02
1.325695985260212240e+02
1.320437603802992044e+02
1.348662618404249542e+02
1.339342949726925269e+02
1.330313973866599326e+02
1.357180323235608341e+02
1.376219167599739137e+02
1.372821505596826626e+02
1.376601929331388021e+02
1.368215515856131788e+02
1.364641122074056625e+02
1.368769382745765597e+02
1.383541240615788297e+02
1.384023367534717295e+02
1.380311283997546354e+02
1.392732356020078157e+02
1.390630399057050965e+02
1.388642872149191589e+02
1.393260737837648264e+02
1.398767777984330962e+02
1.399033704800581006e+02
1.396365337556539430e+02
1.403717028761587358e+02
1.403724409674414346e+02
1.401539527951233595e+02
1.408459855538984300e+02
1.407559935036492220e+02
1.406093687690128320e+02
1.409184764146603754e+02
1.381351234397397434e+02
1.370643043191666948e+02
1.374940505569472577e+02
1.374229155246250116e+02
1.365201350067600572e+02
1.376257595341784281e+02
1.379749824002315677e+02
1.362913777152338355e+02
1.386715587603325446e+02
1.380507501261775758e+02
1.382625808088360770e+02
1.383977049538786162e+02
1.376425309729376920e+02
1.378955661275652744e+02
1.389207485481429671e+02
1.417868144653276090e+02
1.411897217157361695e+02
1.418959953113903225e+02
1.402764537138832566e+02
1.397170531445865151e+02
1.404471300264308979e+02
1.432742343744644984e+02
1.426404221898159506e+02
1.427057917718013584e+02
1.433016297569670883e+02
1.427942830056942398e+02
1.427361203169200508e+02
1.433684867104869909e+02
1.429009055303323237e+02
1.428429510794724990e+02
1.434339749988896813e+02
1.429469640756153694e+02
1.430206969594551367e+02
1.434849150467577488e+02
1.430567755784357473e+02
1.431138747874597072e+02
1.436854296715636963e+02
1.434007481480618935e+02
1.433292589311340350e+02
1.435799401745447312e+02
1.432215866025230468e+02
1.432661451084105124e+02
1.435106454260334203e+02
1.431358616515616404e+02
1.431773724889499704e+02
1.437979164251108273e+02
1.434670474594532266e+02
1.435702359492340179e+02
1.434420712316680238e+02
1.433988381982894111e+02
1.431514401857583039e+02
1.432293666173857503e+02
1.443345864211996457e+02
1.441814167290645798e+02
1.443149665585018226e+02
1.445702076566843743e+02
1.444312780829360179e+02
1.445469475340522081e+02
1.439424273688791232e+02
1.438050789534206331e+02
1.437421918368733031e+02
1.434927073254541767e+02
1.438109861727502903e+02
1.439475822095107844e+02
1.441654973924605656e+02
1.439197889559699206e+02
1.440821590515366495e+02
1.439998733286799109e+02
1.442203464265896287e+02
1.447743621033137629e+02
1.446474886459159279e+02
1.447459719418008888e+02
1.449436737675398774e+02
1.448291349706398421e+02
1.449102920962763790e+02
1.449664557906113203e+02
1.450784083301660132e+02
1.450402652580967811e+02
1.449762595022950507e+02
1.449733794806309959e+02
1.450393622865592249e+02
1.450724523665393519e+02
1.436687593880662348e+02
1.439461108843565000e+02
1.441938645831121164e+02
1.444117124585175418e+02
1.445993488183523255e+02
1.447564567848647812e+02
1.448827103730157546e+02
1.433621625705408462e+02
1.449777764884808278e+02
1.450413168147560441e+02
1.450729897495245950e+02
1.430271184215185656e+02
1.426623857495688981e+02
1.422680581417315580e+02
1.418466948683665692e+02
1.413980315630210498e+02
1.370796473568208569e+02
1.358864589525636006e+02
1.360918544576406077e+02
1.310569402249545874e+02
1.340451700793634586e+02
1.329049563603849435e+02
1.330948662697716145e+02
1.366646853793463947e+02
1.356590618554407968e+02
1.354650509825060283e+02
1.341438965589969143e+02
1.287854758113046785e+02
6.735495816192994312e+01
5.474408282924625269e+01
6.364481599878098450e+01
6.934631391144141332e+01
6.824557087307594827e+01
6.642576260524957377e+01
7.099213752390870980e+01
7.854558793697097485e+01
7.784318238059420025e+01
7.601395032989803724e+01
8.023690753004980536e+01
8.223558227568788936e+01
8.222064953461375580e+01
8.431928078424319040e+01
8.614775371890715405e+01
8.627925960718043541e+01
8.810922746114407289e+01
9.344379663869170827e+01
9.345702755758259173e+01
9.176423232269638675e+01
1.000575491671268793e+02
9.999795072327486878e+01
9.847529615704736727e+01
9.513874652822869393e+01
1.015525530977823081e+02
1.058238095395076357e+02
1.057983627677650844e+02
1.044569518743477374e+02
1.095569359192758299e+02
1.070866835088281448e+02
1.119146162831253406e+02
1.151747225241103507e+02
1.151919572503675084e+02
1.141213713493416151e+02
1.172075112871225571e+02
1.162227858064218253e+02
1.173586056112833376e+02
1.206889829370933285e+02
1.198335882347460881e+02
1.206849914668011792e+02
1.190626969550889100e+02
1.190123869015293536e+02
1.182973963130737616e+02
1.270239803477929712e+02
1.255618596403993479e+02
1.214060324460259892e+02
1.234375373771947864e+02
1.235039720353935309e+02
1.227877194493731423e+02
1.241262204433788554e+02
1.290003379499273706e+02
1.283735081724637723e+02
1.290432733534547651e+02
1.296506795145710100e+02
1.308919916628099998e+02
1.320395971056591122e+02
1.352008477336422345e+02
1.352645790915866257e+02
1.348014845761210267e+02
1.342939180256110205e+02
1.343431212831901860e+02
1.338841317276374525e+02
1.333964649581510855e+02
1.329971920833085335e+02
1.334311757740663040e+02
1.356527288674445515e+02
1.372263321115685528e+02
1.379927567708676293e+02
1.359597345297786717e+02
1.360285082371457008e+02
1.363953075886507236e+02
1.391230186161086806e+02
1.387395410141077718e+02
1.387875088045848315e+02
1.391895267947975583e+02
1.395756784326358684e+02
1.401286407988080782e+02
1.406097562373250582e+02
1.410045053792146632e+02
1.382724562120237124e+02
1.396361130869255476e+02
1.385501779882085884e+02
1.387131383449029727e+02
1.397695555234262201e+02
1.388001748874555972e+02
1.389474847973534679e+02
1.372620689589132041e+02
1.385398857716727150e+02
1.394928142659359480e+02
1.431839230619291925e+02
1.425040641092272722e+02
1.425771859902352787e+02
1.410558526574751852e+02
1.432370769377536419e+02
1.432956731029125876e+02
1.433430093142926580e+02
1.434081271595842964e+02
1.434661468972507521e+02
1.435034486535592180e+02
1.436385183288316796e+02
1.437472511132999102e+02
1.435507556892227967e+02
1.439039725058634929e+02
1.438501481798750490e+02
1.436256224744014389e+02
1.436657578444404066e+02
1.444539513321833510e+02
1.446738089136815404e+02
1.439429947002825827e+02
1.437373184238618080e+02
1.439463581144727300e+02
1.440525311017825345e+02
1.436977408980498581e+02
1.442269250958541420e+02
1.441129513133748503e+02
1.440607092334593347e+02
1.443944773980540788e+02
1.442782966299097893e+02
1.441978488784274930e+02
1.441641261082886274e+02
1.444369673685839643e+02
1.443858628413561576e+02
1.442711412368058745e+02
1.448604316204655902e+02
1.450123543554363437e+02
1.450911595170218220e+02
1.450109803628246539e+02
1.450466096027977585e+02
1.451789163104271552e+02
1.450892448443097749e+02
1.451299110619423232e+02
1.450534787106680312e+02
1.451493335039407100e+02
1.451072696383613732e+02
1.450813611140952446e+02
1.451745029605745572e+02
1.451281859368334892e+02
1.451187072646375213e+02
1.436932137847629463e+02
1.437535850700963636e+02
1.436083135334192207e+02
1.439775851253747874e+02
1.440270859090678641e+02
1.438965404835254560e+02
1.442326170378722452e+02
1.441553804833470167e+02
1.442710355943445961e+02
1.444579794622784732e+02
1.444851188662871095e+02
1.443845104485788795e+02
1.446533267712347026e+02
1.446690071497627059e+02
1.445836080915025832e+02
1.448183013715497509e+02
1.448223607347070470e+02
1.447523386214446646e+02
1.449525359489666414e+02
1.449448310116697769e+02
1.448903573168251455e+02
1.433798107228978154e+02
1.434508509982243538e+02
1.432910601502391614e+02
1.450556555163626058e+02
1.450360624481895684e+02
1.449973116231550136e+02
1.451272793789868842e+02
1.450956945851004036e+02
1.450728430240833404e+02
1.451670235478060533e+02
1.451233641780671917e+02
1.451165891459741033e+02
1.430374557627645515e+02
1.431191873489651982e+02
1.429454263809624877e+02
1.426768821521837936e+02
1.427641872059980983e+02
1.425748832413566731e+02
1.422718088868443829e+02
1.421685309419403040e+02
1.423714275912870448e+02
1.418387208991138664e+02
1.417344862904945444e+02
1.419511021830408311e+02
1.413831404936566116e+02
1.415058453408277899e+02
1.412759241439978268e+02
1.368748916227312975e+02
1.331651022357914087e+02
1.315706042220774634e+02
1.326494227354345128e+02
1.354894642562600211e+02
1.338264193429755551e+02
1.347614511400452955e+02
1.362759394485769064e+02
1.364704613127101140e+02
1.352537356872545331e+02
1.351678593677536639e+02
1.308548439060894282e+02
1.292313655727235471e+02
1.304025012658273965e+02
7.868669187491575201e+01
7.183767600288699384e+01
7.723039932381006167e+01
6.508788975012578248e+01
6.487807131390890447e+01
6.616103348223866476e+01
6.694932427601168001e+01
7.373234318257773623e+01
7.356668071372844508e+01
7.145101405094224845e+01
7.598838327480530097e+01
8.043339450494053722e+01
8.428375976603757636e+01
8.987017908791590060e+01
8.993921549774744051e+01
8.806033259789306555e+01
9.164368279215256052e+01
9.671327642468591534e+01
9.839349566533077507e+01
9.679074538550172235e+01
9.511179831365483039e+01
1.030042527395608971e+02
1.030228567404971045e+02
1.015414412700896776e+02
1.044038359015605550e+02
1.107793202628877083e+02
1.107595704953258320e+02
1.095814528173732185e+02
1.083302280854608028e+02
1.083382260171569129e+02
1.070842860308376601e+02
1.119092608021015991e+02
1.129779566368033557e+02
1.140804732505783505e+02
1.130172663885852131e+02
1.161895882414962244e+02
1.181332031904938447e+02
1.198727423149273505e+02
1.276357023899926872e+02
1.276837432126165055e+02
1.269760321031366033e+02
1.261954833518872192e+02
1.262482643511589799e+02
1.255092157993140063e+02
1.221622165335844983e+02
1.214250379053136442e+02
1.221405783942760905e+02
1.227949348696163696e+02
1.247279357809482718e+02
1.247704973421615193e+02
1.240865943749890903e+02
1.283184969371239106e+02
1.301967898681549798e+02
1.296026681133772058e+02
1.302447590707965333e+02
1.314241392328437996e+02
1.314507266906253165e+02
1.308656186383735474e+02
1.325147943837601758e+02
1.325507162487032815e+02
1.320011747231395134e+02
1.347502183890254344e+02
1.338466352661659755e+02
1.329548497605999557e+02
1.355848090436001598e+02
1.375340686203209088e+02
1.375777495320344315e+02
1.371823372111749393e+02
1.382728955734372391e+02
1.379519365556049877e+02
1.383135703497231930e+02
1.367187757409138555e+02
1.367696919568116698e+02
1.363439314270151499e+02
1.389919263672006480e+02
1.390528333337098275e+02
1.386781628529615205e+02
1.397851681484537210e+02
1.395248488731072882e+02
1.394502445711506198e+02
1.398268513637708281e+02
1.403557161783524236e+02
1.403638327308790963e+02
1.401206938071088928e+02
1.407247603801053799e+02
1.405492531897639878e+02
1.407813508849490063e+02
1.411150708554861808e+02
1.398916122985362733e+02
1.390256070754862492e+02
1.391402704042191090e+02
1.393361736139850677e+02
1.383854738180022821e+02
1.394981541642772811e+02
1.397100535827976557e+02
1.398379453237024563e+02
1.382279911548783673e+02
1.399737107561359721e+02
1.391981950493474471e+02
1.393174894613772210e+02
1.401379038469107456e+02
1.430956796002090528e+02
1.431523130174444418e+02
1.424461269597814237e+02
1.415908647971855885e+02
1.409385133433137298e+02
1.417057981242775497e+02
1.444403814577491403e+02
1.438258175221447175e+02
1.438528593067640884e+02
1.443778171717695216e+02
1.438389329570001109e+02
1.438360710526604009e+02
1.443112151217540315e+02
1.438370860515586571e+02
1.438182303687755734e+02
1.443239850281917427e+02
1.438765958150848689e+02
1.438568778574755243e+02
1.442923291687586129e+02
1.438717430417078447e+02
1.438871959466881947e+02
1.442458717347064976e+02
1.438728596600611809e+02
1.438768984483750444e+02
1.442736779521260360e+02
1.439775629128603214e+02
1.439349457117689042e+02
1.443203570544756928e+02
1.440572163311141196e+02
1.440107027421253747e+02
1.442292049762617694e+02
1.438773898298370284e+02
1.439027066937458130e+02
1.443669566282167125e+02
1.440895485550675232e+02
1.441282075108414631e+02
1.439219930359711555e+02
1.446337776820911074e+02
1.444840172077187503e+02
1.446033272041446196e+02
1.448447864004010626e+02
1.448110589277464442e+02
1.447074235436381286e+02
1.443820625186109510e+02
1.441672471688272879e+02
1.441627669806460119e+02
1.442726183875209642e+02
1.443067888903876792e+02
1.445772372803238852e+02
1.444827132566539660e+02
1.443731231293131145e+02
1.443311944095306956e+02
1.445361858814819982e+02
1.450238952170200264e+02
1.449851652056230762e+02
1.448990763272343827e+02
1.451679484497801127e+02
1.451244634264528202e+02
1.450557560194090172e+02
1.451362675047203368e+02
1.452773775196587565e+02
1.451778387901187273e+02
1.452293675772546067e+02
1.451214429128933716e+02
1.451630692797811264e+02
1.451718674127482700e+02
1.438365892610956109e+02
1.435377686659273877e+02
1.441062375876775832e+02
1.443463916866683689e+02
1.445567143233314766e+02
1.447368541466790646e+02
1.448864488165504838e+02
1.450051272481085221e+02
1.432100791466718590e+02
1.450925117602496073e+02
1.451482200158345108e+02
1.428585772704188344e+02
1.424760672401001500e+02
1.420571765137918874e+02
1.416129241248608537e+02
1.390254644596797391e+02
1.378573361219588946e+02
1.380452102405886876e+02
1.320022023625639633e+02
1.343244255231959414e+02
1.358842940518346722e+02
1.386141893862032077e+02
1.374552467165783014e+02
1.376321646704523118e+02
6.099863370519192074e+01
6.400277082791393468e+01
6.916395377931873156e+01
6.302712221519259828e+01
6.844511905124326745e+01
6.889817601974132799e+01
6.683285374327604700e+01
7.107191874600434289e+01
7.795137550236785273e+01
7.819191968096865253e+01
7.585006569120523068e+01
8.009623260777294718e+01
8.201917185665503496e+01
8.216974510657547626e+01
8.412972759419349700e+01
8.595393169789765864e+01
8.792912013898184398e+01
8.607370192251697461e+01
9.334618972322246577e+01
9.337572756249558381e+01
9.162860443260041166e+01
9.994152776728871856e+01
9.998250658824082393e+01
9.836059738926419982e+01
9.504277360983044787e+01
1.014651323120498461e+02
1.056767280064370595e+02
1.057357936343333904e+02
1.043500857269174276e+02
1.095457847161255529e+02
1.069956698773010118e+02
1.118938872227062831e+02
1.150677933739897725e+02
1.151132022935264558e+02
1.140386811277095660e+02
1.171635263818706676e+02
1.171782012431844606e+02
1.161748102858349654e+02
1.190478317101497510e+02
1.190487774096099827e+02
1.181321562423155740e+02
1.207852640535868716e+02
1.199278295829539047e+02
1.207307594364034031e+02
1.269152818083544929e+02
1.254626947968134942e+02
1.214680519573600606e+02
1.234650496504957573e+02
1.234529700487706521e+02
1.228151305038145864e+02
1.241002336755464057e+02
1.288867017736911009e+02
1.282651637253145509e+02
1.289403506157278230e+02
1.295424191796534217e+02
1.308120464811021293e+02
1.319708593372824623e+02
1.350895754029401701e+02
1.346954504850855869e+02
1.351438254496213176e+02
1.341192797549910267e+02
1.342054670974688406e+02
1.337603280146335294e+02
1.333308842670970478e+02
1.329237162250036874e+02
1.333641453045121068e+02
1.355277863445367359e+02
1.379076262435738442e+02
1.371301825889037502e+02
1.386373803817462260e+02
1.358613225023121345e+02
1.359114546410728508e+02
1.362940131126962626e+02
1.396840686050459510e+02
1.393386633979411897e+02
1.393987553199857814e+02
1.397257266081291220e+02
1.400710302261817617e+02
1.405424048840642683e+02
1.411609657434317171e+02
1.410014623827537434e+02
1.409412557924549958e+02
1.412705206356820327e+02
1.399401942242136272e+02
1.414911678270785274e+02
1.404348100392561491e+02
1.405569434347592050e+02
1.416829739996192643e+02
1.406740884417811230e+02
1.407212381834258110e+02
1.415470199199177159e+02
1.406714035840339250e+02
1.407156936273649137e+02
1.391915236170699188e+02
1.407997539218565350e+02
1.444525276326464791e+02
1.438133096272437399e+02
1.437928587468442743e+02
1.423659083237171501e+02
1.444174639604938193e+02
1.444550088623219040e+02
1.443523661082586784e+02
1.443251691076231396e+02
1.443140723108764689e+02
1.442748619684144558e+02
1.442430978987486014e+02
1.443028605082946285e+02
1.442574348845013787e+02
1.443489960494456454e+02
1.443931730217393863e+02
1.443850525324450587e+02
1.441488273826864770e+02
1.441669212724526972e+02
1.447408237814882455e+02
1.449357446923472139e+02
1.443906725811700653e+02
1.444824229690722461e+02
1.445841061990226422e+02
1.444032568260759319e+02
1.444851309005911162e+02
1.447710015698627615e+02
1.446725702139830219e+02
1.445807267290101663e+02
1.445074069180987237e+02
1.447243507773627300e+02
1.446803220126542158e+02
1.445812165490472694e+02
1.450971887413298305e+02
1.452238338863470801e+02
1.452457048802293968e+02
1.452134991495468910e+02
1.451684385990258761e+02
1.453524991478732034e+02
1.453160785744357781e+02
1.452657532193367160e+02
1.451986849902060328e+02
1.452791490866572417e+02
1.452142380747754089e+02
1.452279123511279408e+02
1.452796142286790086e+02
1.452243504466128741e+02
1.452270659739134828e+02
1.438710917518161239e+02
1.439245374170066327e+02
1.437830658832257029e+02
1.435651070935063842e+02
1.436293842110835044e+02
1.434733922751067610e+02
1.441482134086315625e+02
1.441905870487016159e+02
1.440637947718787757e+02
1.443961063656569195e+02
1.444271872758171469e+02
1.443152439668931208e+02
1.446143885924853976e+02
1.446339765647590809e+02
1.445370619600186615e+02
1.448026686014720781e+02
1.448105801108768276e+02
1.447288798650356227e+02
1.449605420893627468e+02
1.449566123641536990e+02
1.448903168085359141e+02
1.450875962848183747e+02
1.450209825355202327e+02
1.450716794131473932e+02
1.432304624721873552e+02
1.433054536642250412e+02
1.431349480741772879e+02
1.451834104341280920e+02
1.451204793736019383e+02
1.451553807307408306e+02
1.452475589209591078e+02
1.451884040049477278e+02
1.452073116548921803e+02
1.428806050278186319e+02
1.427797348334438539e+02
1.429592380551785595e+02
1.424950963648540494e+02
1.423847134782296280e+02
1.425862385888088681e+02
1.420879286315289391e+02
1.419649267479570085e+02
1.421800035422800477e+02
1.416282777747896944e+02
1.417339581454881170e+02
1.415075904689936976e+02
1.388227760381432176e+02
1.340615103214909709e+02
1.324565688803417629e+02
1.336026800618691937e+02
1.362344451524822091e+02
1.358563938255031474e+02
1.346993450248227191e+02
1.382735199160487980e+02
1.368896032397441331e+02
1.372693809297512075e+02
1.384458982955256943e+02
6.308248174520269203e+01
6.398191312843105294e+01
6.173917983447524449e+01
6.576204657009532184e+01
7.293179626920156977e+01
7.332382290505634614e+01
7.075829754839395491e+01
7.545650623036519278e+01
8.004161438031658804e+01
8.405866714262832318e+01
8.973244595773104493e+01
8.978690962389970309e+01
8.788670362431892613e+01
9.154327207400490352e+01
9.671388999422647714e+01
9.833842010820299606e+01
9.673040065017342215e+01
9.506308359406985176e+01
1.028502346674895733e+02
1.029124266315700282e+02
1.014075406151613663e+02
1.042570905625944562e+02
1.106716675086187678e+02
1.107137905224358150e+02
1.095080321079929035e+02
1.081731694885768462e+02
1.082395821092396062e+02
1.069341787546033942e+02
1.118277814228331977e+02
1.161126965833188365e+02
1.128448610697990233e+02
1.129207485619805027e+02
1.139609513810720927e+02
1.181027999019486572e+02
1.199140612346312054e+02
1.275032122882621479e+02
1.268530768821540278e+02
1.275659181254366530e+02
1.260797226168948413e+02
1.254094327193009235e+02
1.261346822949897444e+02
1.226195318777011067e+02
1.223867017907314505e+02
1.217065968960543927e+02
1.230402137114666488e+02
1.244594549780505304e+02
1.245919751101113206e+02
1.239682094070738856e+02
1.281951619820703741e+02
1.300833084847129157e+02
1.301370519538226347e+02
1.294888760800914156e+02
1.313223336110936259e+02
1.307635076868349699e+02
1.313711777748567329e+02
1.326423001215963211e+02
1.320388546513048595e+02
1.325775114972016695e+02
1.346070679222318631e+02
1.337272112315626202e+02
1.329878108897184177e+02
1.354802557165033932e+02
1.381855381926954180e+02
1.382289238486331726e+02
1.378642733968075049e+02
1.374047313396209802e+02
1.374687987521285493e+02
1.370660568362647211e+02
1.389093264014975944e+02
1.385958234785736920e+02
1.389506404822051024e+02
1.365772407025816904e+02
1.366471410400708919e+02
1.362240802676808187e+02
1.395978605306540601e+02
1.396363380346681424e+02
1.392998001992160368e+02
1.403004427622853711e+02
1.400383782351103150e+02
1.399882380334888978e+02
1.403241241624068891e+02
1.408663859704338108e+02
1.407965463447775392e+02
1.406157723881295851e+02
1.410130956365649695e+02
1.413949438684905431e+02
1.415301276320493002e+02
1.407481439473367288e+02
1.407235600585605368e+02
1.415942611743651298e+02
1.413075071671026990e+02
1.414111196228719791e+02
1.403280067369760502e+02
1.416232117980158307e+02
1.415465364450175230e+02
1.401864668471230289e+02
1.415720028364949883e+02
1.444520697761556676e+02
1.444660474447553895e+02
1.437789297455277904e+02
1.430142989909454059e+02
1.430729083291580537e+02
1.423082106812230165e+02
1.455456904258004158e+02
1.450066740820691678e+02
1.449579427154477287e+02
1.456795061075494004e+02
1.450803425559582820e+02
1.450556051154645729e+02
1.453646523026006605e+02
1.448347167112470117e+02
1.448834931008054241e+02
1.452321258721149206e+02
1.447819342303158408e+02
1.447748334140491693e+02
1.451175172504441377e+02
1.447036467402855635e+02
1.447310586833166610e+02
1.450081483279149950e+02
1.446254681662664154e+02
1.446574133571695313e+02
1.449190588121450105e+02
1.445895103253316449e+02
1.445725562203578818e+02
1.448843084010558186e+02
1.445869089408516004e+02
1.446006862657208387e+02
1.448960624823345427e+02
1.445830990148928379e+02
1.445707153340986508e+02
1.448733973454328918e+02
1.446042242031421097e+02
1.446186347123002633e+02
1.448596927580283875e+02
1.446197368562808379e+02
1.446251556590443386e+02
1.449237535758132083e+02
1.448860495801841637e+02
1.447784979493724222e+02
1.451147485295875867e+02
1.450708877356217670e+02
1.449797709453526977e+02
1.448341706754769120e+02
1.446065649407204603e+02
1.446194923608776435e+02
1.448771758117540855e+02
1.447257515240488317e+02
1.446350474032308568e+02
1.446714970976946404e+02
1.449757564376933203e+02
1.447789865101408111e+02
1.448694524778836694e+02
1.446532866963816275e+02
1.448266924891871099e+02
1.452686640890658509e+02
1.451462140836156891e+02
1.452196240001467231e+02
1.453869450576785027e+02
1.453333561205908779e+02
1.452773621102072923e+02
1.453002941724963364e+02
1.454705348265295299e+02
1.453738702198808426e+02
1.454126665484884029e+02
1.452635262627910890e+02
1.452804092232988751e+02
1.452645705862992997e+02
1.440106990162942111e+02
1.437191902811529189e+02
1.433990002954245426e+02
1.442731594466675062e+02
1.445062109880768446e+02
1.447094669079688174e+02
1.448825301637624250e+02
1.450249914400112630e+02
1.451364345962950324e+02
1.430566181595821718e+02
1.452164365523744607e+02
1.426891932678542503e+02
1.422930416244171283e+02
1.418602799171743811e+02
1.411292846024446135e+02
1.400701121249995253e+02
1.398840645918001826e+02
1.351426169143510947e+02
1.384847575808373676e+02
1.369859328343496827e+02
1.373610239551870791e+02
1.383796794870816882e+02
1.408188427817517834e+02
1.395560405273536730e+02
1.397105322317355842e+02
6.764420247496904892e+01
6.797191554142746384e+01
6.524002923942359189e+01
7.027578530111783550e+01
7.735952842883190783e+01
7.764315716443475424e+01
7.519846399264093861e+01
7.973707651798743257e+01
8.170732197626506377e+01
8.387496077419793039e+01
8.187724010047972456e+01
8.583420884960355579e+01
8.780608505806290509e+01
8.590423222286973726e+01
9.330740202421256413e+01
9.154555930702410649e+01
9.331521735590094124e+01
9.992471572259303514e+01
9.992025785934977478e+01
9.835027817765494262e+01
9.502889549852078233e+01
1.013838041972137773e+02
1.055137076313340287e+02
1.055826805957643586e+02
1.041921441231176431e+02
1.094166286469058775e+02
1.068385684280684842e+02
1.117742413532398302e+02
1.169808605666094934e+02
1.170634898451978643e+02
1.160292963092314835e+02
1.148935267548096704e+02
1.138863377756395749e+02
1.149762938079701087e+02
1.189830536095704190e+02
1.190088073180163803e+02
1.180785612697142568e+02
1.208535321088347985e+02
1.208138745034829356e+02
1.199550283225290883e+02
1.267916061048956777e+02
1.252722012281407586e+02
1.217343127165020462e+02
1.235435884100425170e+02
1.287667477806593865e+02
1.288233735241519184e+02
1.281390298939524257e+02
1.307034864057686150e+02
1.294251509004434126e+02
1.319851083231755524e+02
1.349707464190897781e+02
1.345489064977105897e+02
1.350287411278451373e+02
1.339745270068549985e+02
1.340457657630672088e+02
1.336565381787986553e+02
1.333125683056741480e+02
1.354194278545489283e+02
1.385517321764577332e+02
1.377990705202599599e+02
1.369944660570950816e+02
1.392583727875190505e+02
1.357472829255914633e+02
1.358054396892687237e+02
1.361657471209047969e+02
1.402326425186976167e+02
1.399539148968201516e+02
1.399157776879742698e+02
1.402580958833569014e+02
1.405840443044038750e+02
1.414408534229825420e+02
1.411556235954816714e+02
1.412985212191198343e+02
1.415323499809915688e+02
1.435156086075860742e+02
1.425188079041082290e+02
1.425927661388825811e+02
1.434643530296058316e+02
1.424073551485323321e+02
1.424704859904685463e+02
1.433582539435365959e+02
1.425360601449894489e+02
1.424503147912936356e+02
1.431037770513034104e+02
1.423131347308837746e+02
1.423371925391179502e+02
1.412291429273079473e+02
1.422895618409496308e+02
1.437578359561690604e+02
1.457786497945709243e+02
1.451359572104484528e+02
1.451108301055828349e+02
1.456216928493554690e+02
1.454633931675333827e+02
1.457386170859392109e+02
1.453068039559525175e+02
1.451861404507203872e+02
1.450677272475587074e+02
1.449683663513441729e+02
1.449137774387223772e+02
1.448962902579783929e+02
1.448844938490644267e+02
1.448715996310424998e+02
1.448517773940824327e+02
1.450211595469562837e+02
1.451931484007228050e+02
1.448602446909006005e+02
1.449285364530436482e+02
1.449453750399462706e+02
1.448566985091991342e+02
1.447643377925401182e+02
1.451236138983565240e+02
1.450479816006583178e+02
1.449450172968439006e+02
1.448325879225573658e+02
1.449371144670929255e+02
1.453289414101900832e+02
1.454297736805703778e+02
1.453940105181618492e+02
1.453198932829559453e+02
1.453743664373672004e+02
1.455197788170904687e+02
1.454362169051302658e+02
1.454961784110287510e+02
1.453376747997083385e+02
1.454023109798073392e+02
1.453419489377609750e+02
1.453407009202937274e+02
1.453777017606466586e+02
1.453135621080351996e+02
1.453286423817338289e+02
1.440554150286593824e+02
1.441019835623346239e+02
1.439640559869133654e+02
1.437561576749624237e+02
1.436614383423380730e+02
1.438138311463893615e+02
1.434284846614658306e+02
1.433302558768029940e+02
1.434969816673298908e+02
1.443258611435117587e+02
1.443611216744060926e+02
1.442378240356856907e+02
1.445671355015453514e+02
1.445908742230466260e+02
1.444824045274370405e+02
1.447788253549219917e+02
1.447908330339251108e+02
1.446973932050911742e+02
1.449604864435228819e+02
1.448823759968315983e+02
1.449605756893006117e+02
1.451116673577934080e+02
1.450369232933023795e+02
1.450996708386922478e+02
1.452319092768195503e+02
1.452076783836363916e+02
1.451606003529146278e+02
1.430739311529546569e+02
1.431525847909941263e+02
1.429779424020729550e+02
1.453207442536245253e+02
1.452841518780267052e+02
1.452529628071918353e+02
1.427045256245112057e+02
1.427927827770283784e+02
1.426005065441954969e+02
1.423188869895128903e+02
1.424073312084779843e+02
1.422049649772014561e+02
1.418976948027606113e+02
1.419931068444509208e+02
1.417652300881915721e+02
1.409773134004086899e+02
1.372423586534237643e+02
1.356513511502690221e+02
1.367309710267957428e+02
1.392789841908634401e+02
1.377564387562566424e+02
1.388803332858034025e+02
1.407321681549268817e+02
1.396140989527901581e+02
1.394987129273996800e+02
1.407766574322127724e+02
7.252288681775752366e+01
7.266858354850008084e+01
7.001977129732806304e+01
7.492865352498128573e+01
7.958537193546531796e+01
8.382336166621765017e+01
8.960007124569334280e+01
8.965827564331237909e+01
8.775513800912149520e+01
9.146692577485890752e+01
9.666523487578881202e+01
9.670159184119575002e+01
9.830809007821954992e+01
9.501839772573156040e+01
1.027833879806777873e+02
1.013687731174412079e+02
1.028060434477878289e+02
1.041461714214462404e+02
1.105026341912381866e+02
1.105771399695341302e+02
1.093469834003589085e+02
1.079700365142485197e+02
1.080629332195708230e+02
1.067516904239613496e+02
1.116790089020260268e+02
1.179783807927885135e+02
1.159359062681501342e+02
1.126622734617752002e+02
1.137815326773969673e+02
1.127597940823662555e+02
1.199149917781913501e+02
1.273543499025363559e+02
1.267222227875115834e+02
1.274255456212181059e+02
1.257630532555327534e+02
1.251169243775239863e+02
1.259176663977502102e+02
1.224014959167630821e+02
1.225056262235249562e+02
1.216322630905294915e+02
1.239823417640287033e+02
1.233066886159033970e+02
1.242185229779825022e+02
1.280609607403825692e+02
1.312072894314413531e+02
1.306492074055798014e+02
1.312620357027751083e+02
1.299411570674976986e+02
1.300088826299462994e+02
1.293577275471499490e+02
1.323784744090747836e+02
1.325082316027451839e+02
1.318547567643036871e+02
1.344745274883841830e+02
1.335256956565102939e+02
1.330884959286227058e+02
1.337479605815645414e+02
1.353647466210615562e+02
1.388308006334813740e+02
1.385126390863105428e+02
1.388697642997617834e+02
1.380933194916268576e+02
1.381388254274766894e+02
1.377532639449666476e+02
1.372987844892837472e+02
1.373510094028442552e+02
1.369421438585189037e+02
1.395206448226804241e+02
1.395592077846633003e+02
1.392197214079393177e+02
1.364525546960007603e+02
1.365137384805383363e+02
1.361052158165972230e+02
1.401586247932731624e+02
1.401913844470054187e+02
1.398829800643486294e+02
1.407831150622104985e+02
1.405377726305606245e+02
1.405042483920782104e+02
1.408210124158240717e+02
1.412904598934683804e+02
1.410823750108779961e+02
1.413634565222813535e+02
1.416695380068694305e+02
1.434963159429503889e+02
1.434481693419211581e+02
1.433886003616715641e+02
1.423540785304965368e+02
1.434387132894427452e+02
1.432366505451665830e+02
1.430685368427391779e+02
1.422790986269016003e+02
1.444735422648488168e+02
1.444834257754721420e+02
1.437517204651169322e+02
1.458496718577829654e+02
1.451557164797987127e+02
1.458300658546617967e+02
1.467945873600842788e+02
1.462508872898952745e+02
1.461658905725821285e+02
1.465475998637394639e+02
1.460598058410207898e+02
1.459523799625740423e+02
1.469998191922270223e+02
1.464044906477737982e+02
1.463358539492343766e+02
1.462917315992686440e+02
1.458401296501142497e+02
1.457588002714653896e+02
1.462013326270407845e+02
1.456511950436956226e+02
1.457198997615933820e+02
1.457403097012044668e+02
1.453674820535014760e+02
1.454265073351024853e+02
1.456522415987211048e+02
1.453369313620623018e+02
1.452837187873045366e+02
1.455552710031549850e+02
1.452239790382945159e+02
1.452449723404730832e+02
1.454838939142341587e+02
1.451825886790836080e+02
1.451980128777219079e+02
1.454117606349689709e+02
1.451554453380216216e+02
1.451412037895461253e+02
1.453483744775701894e+02
1.451176842950333707e+02
1.451028182854117290e+02
1.452964057399160822e+02
1.450839677264373790e+02
1.450644459950058831e+02
1.451992015919261121e+02
1.451596537589602463e+02
1.450618552643238104e+02
1.453778697351394271e+02
1.452461161693441625e+02
1.453248936255280626e+02
1.452535108366145096e+02
1.450490120135473262e+02
1.450645323432547116e+02
1.452139027635330990e+02
1.450937403158314112e+02
1.450486771761288765e+02
1.450310486589961840e+02
1.453565538161248867e+02
1.452357146620628328e+02
1.451684344501377382e+02
1.450761554420752759e+02
1.455081192845359226e+02
1.454488469600109681e+02
1.453883869365279224e+02
1.456004809472702561e+02
1.455365781561762617e+02
1.454935642948950090e+02
1.454580395000668318e+02
1.456573349067998890e+02
1.455896197167503487e+02
1.455638211739333201e+02
1.453991537407891883e+02
1.453909016504426859e+02
1.453500782546215646e+02
1.441915289254869208e+02
1.439067136452684679e+02
1.435932581965652162e+02
1.432523189079187205e+02
1.444473576484101045e+02
1.446738094585738850e+02
1.448704677408604482e+02
1.450368818598207383e+02
1.451725981653220856e+02
1.452771534847211399e+02
1.428899382673164951e+02
1.425133552289638885e+02
1.421106165033616264e+02
1.433114686121229511e+02
1.420772613513362046e+02
1.422134985749410987e+02
1.382582391553473542e+02
1.409643377772303836e+02
1.397230854626478447e+02
1.401194302143032075e+02
1.408455697946200758e+02
1.432062551480384798e+02
1.419782603695610987e+02
1.420063934692583416e+02
7.723619094067250046e+01
7.724982359268348375e+01
7.483661780119169293e+01
7.946802962690638594e+01
8.164904570531048478e+01
8.373832416311337568e+01
8.164194818125525899e+01
8.573571334783731857e+01
8.765769418328694940e+01
8.575634368686863240e+01
9.318238707576037427e+01
9.323803880691281165e+01
9.141849113306224694e+01
9.980558183456555810e+01
9.985606263719722619e+01
9.826418506575714673e+01
9.494497495354436012e+01
1.012975325945364062e+02
1.054601200909808654e+02
1.054789811025697048e+02
1.041353507936053262e+02
1.092352348562599502e+02
1.067147243824207408e+02
1.115954535457197494e+02
1.187559030997591236e+02
1.188642858983182151e+02
1.178749073941118581e+02
1.166646522786159608e+02
1.168175588846787889e+02
1.157863106140096079e+02
1.144477082084024318e+02
1.135618667333826721e+02
1.146728636303204070e+02
1.206540748439340973e+02
1.207475921015436313e+02
1.198235933740758838e+02
1.265601396941390391e+02
1.248750263710495432e+02
1.215260242377737114e+02
1.231931538509322479e+02
1.286021957587090867e+02
1.286810867763425392e+02
1.279833592224309768e+02
1.317942307090203542e+02
1.305745459059916129e+02
1.292717261738004311e+02
1.329551084634018707e+02
1.347220086556737328e+02
1.343529442523686157e+02
1.348441194069240510e+02
1.341269098845907877e+02
1.352382167844970127e+02
1.391801374370795656e+02
1.384658159513408577e+02
1.376993589304785814e+02
1.368785466670461233e+02
1.398443195530652474e+02
1.355339553880653511e+02
1.359968842027952007e+02
1.356418454947460930e+02
1.407498547378791045e+02
1.404870359238758510e+02
1.404551011211009097e+02
1.407584558983857050e+02
1.410372016229538019e+02
1.417537538385297751e+02
1.415946263344075646e+02
1.415226858610463694e+02
1.418230872790744570e+02
1.454757286468366715e+02
1.444869809139686936e+02
1.444884174952687488e+02
1.453378105884620766e+02
1.443363706285293802e+02
1.444351888669832817e+02
1.455426261813678082e+02
1.444869647264035279e+02
1.444958935332783199e+02
1.445542258836549934e+02
1.438208094567222588e+02
1.439581626463821635e+02
1.438053998861288960e+02
1.433608821478952677e+02
1.451904418134993193e+02
1.472097089854925116e+02
1.465518900273019653e+02
1.464899821965796036e+02
1.466800781734525856e+02
1.469066618659481662e+02
1.464281355265087825e+02
1.471158418175876363e+02
1.462462849678198040e+02
1.459557732613148175e+02
1.456932923870623995e+02
1.456095712699288640e+02
1.455258838676708990e+02
1.454537971425024523e+02
1.453856045224719367e+02
1.453273654066437643e+02
1.452799625783125634e+02
1.452911358948160796e+02
1.454444774202599433e+02
1.452379050003933685e+02
1.452837737491605310e+02
1.452248394512865275e+02
1.450844115539082964e+02
1.451720838629762511e+02
1.454487715018589142e+02
1.453997673698650885e+02
1.452830316678717679e+02
1.452152895793080631e+02
1.455553269394144422e+02
1.456297700732301053e+02
1.455355510206130418e+02
1.455286886690211361e+02
1.454648449651971305e+02
1.456801986916993030e+02
1.456000914290097228e+02
1.456696676194229099e+02
1.454699461737906176e+02
1.455182906078869109e+02
1.454488737537624843e+02
1.454602460354813616e+02
1.454682345750891557e+02
1.454229298200685321e+02
1.453953129205053187e+02
1.442467170747198111e+02
1.441516858714237515e+02
1.442864160976639596e+02
1.439540536786412588e+02
1.440047920846409681e+02
1.438555613782569367e+02
1.436328864713169651e+02
1.435311113438898474e+02
1.436945883355641911e+02
1.432814501044291262e+02
1.431792345957005921e+02
1.433552777641391458e+02
1.445110521151985381e+02
1.444191384203252824e+02
1.445391953518254695e+02
1.447462481980543600e+02
1.446573716628167574e+02
1.447626126935410298e+02
1.449518448929809438e+02
1.448660273803775453e+02
1.449562135128267926e+02
1.451273382658810078e+02
1.451195272465001835e+02
1.450446245419216496e+02
1.452722427134198142e+02
1.452520776889159038e+02
1.451926955729777831e+02
1.453860470951264290e+02
1.453533761806242524e+02
1.453097560214592932e+02
1.428743920546993706e+02
1.429751508188546723e+02
1.427896851153838043e+02
1.425182384855429234e+02
1.424197603224542377e+02
1.426117704131017376e+02
1.421879210081548877e+02
1.422535188295675539e+02
1.420455162502840665e+02
1.432616500892477518e+02
1.404068508013977521e+02
1.388253918096532402e+02
1.398398187444167036e+02
1.426597719543616449e+02
1.409708805097577908e+02
1.418107150340373437e+02
1.431501030298926764e+02
1.420610449584121397e+02
1.419359837411447245e+02
1.431789062867346161e+02
7.940963867986081937e+01
8.366653310282291045e+01
8.951399319682906253e+01
8.952594909685403479e+01
8.760248870328155135e+01
9.133875489459589403e+01
9.653825513143135595e+01
9.818831339022511884e+01
9.661072183533100599e+01
9.489240773647880189e+01
1.026587196143274099e+02
1.027139260753357348e+02
1.012487068743211012e+02
1.040639280051952511e+02
1.102747649365754938e+02
1.091308633151528795e+02
1.103804227832440006e+02
1.078428105544508355e+02
1.066618430750089175e+02
1.078998619270651318e+02
1.114747699263193255e+02
1.197037579514667982e+02
1.177110977567591590e+02
1.155644677572781660e+02
1.130173757694492735e+02
1.137288609012594804e+02
1.128414269899960090e+02
1.270727839827266052e+02
1.264240313223764076e+02
1.272099849411637535e+02
1.253214894878966419e+02
1.255394984714562412e+02
1.246565238224475110e+02
1.222452461406950874e+02
1.223178645679265344e+02
1.214543100636679753e+02
1.239988085490388698e+02
1.239860891851144373e+02
1.232049650753858288e+02
1.278392493545140098e+02
1.322834004686137064e+02
1.317495310800001391e+02
1.323287116783093325e+02
1.310691089325719929e+02
1.305088402750241414e+02
1.311349818134557097e+02
1.297905572523618218e+02
1.292004776934682866e+02
1.298626484063872510e+02
1.334035225728330829e+02
1.334626970468389970e+02
1.328952515320708301e+02
1.344862811666982338e+02
1.346021567248816666e+02
1.340104639318630575e+02
1.351337072827493273e+02
1.394623661446702556e+02
1.391512315014606713e+02
1.394912293250911830e+02
1.387466380846612992e+02
1.384243724804347835e+02
1.387882451365415761e+02
1.379887804051214459e+02
1.376479006325771195e+02
1.380401987472264125e+02
1.371827481988171655e+02
1.372397444581819741e+02
1.368218420524827081e+02
1.401059807727122575e+02
1.401324099042775231e+02
1.398180577196816898e+02
1.362937012602076265e+02
1.363717477259891950e+02
1.359193765531517499e+02
1.407082683077724710e+02
1.407250313382372440e+02
1.404382298695284419e+02
1.412261262361857064e+02
1.409854703557820415e+02
1.410014761482546533e+02
1.412556572074106498e+02
1.416542097734318872e+02
1.414752395570108092e+02
1.417012912162889506e+02
1.419712226813831251e+02
1.455163471762322729e+02
1.454043231480260374e+02
1.449355187740644624e+02
1.455898455327448460e+02
1.455772481372377456e+02
1.444948345209194258e+02
1.445130181383335639e+02
1.444704522764903913e+02
1.460590610211932301e+02
1.452681049849234114e+02
1.459685030696986701e+02
1.474785070677086480e+02
1.473589268494069984e+02
1.466692901636789088e+02
1.477992076828720656e+02
1.473110936570842000e+02
1.471695346473496215e+02
1.480036245453090942e+02
1.473947272289250350e+02
1.475145107733496843e+02
1.475315201366055646e+02
1.470533065136212940e+02
1.469080244338337877e+02
1.483935398233795127e+02
1.476928226190039481e+02
1.478169344018564857e+02
1.474164259433151472e+02
1.468614864686875308e+02
1.467866103239085476e+02
1.464367685912256434e+02
1.463131267590535174e+02
1.460861152368485136e+02
1.460372512455294896e+02
1.462361098883889383e+02
1.459525472484855300e+02
1.458936081889876846e+02
1.461108014886979447e+02
1.458412578187376596e+02
1.457959172316498666e+02
1.459898471451388957e+02
1.456996370293645668e+02
1.457445223448623892e+02
1.458679681525757132e+02
1.456070971077193121e+02
1.456467726350875580e+02
1.457564274987842339e+02
1.455256567223821662e+02
1.455588702324520227e+02
1.456809176744878300e+02
1.454944734350214333e+02
1.454667789660412893e+02
1.454901522667043992e+02
1.453430868174047532e+02
1.454352066119323865e+02
1.456367378939097250e+02
1.455740989947373976e+02
1.455074028100027022e+02
1.456276321271308802e+02
1.454454864468360142e+02
1.454216976292346146e+02
1.454906787588740258e+02
1.453310319708480165e+02
1.457121593885975699e+02
1.455379454829078441e+02
1.455745136843539456e+02
1.453610335887933900e+02
1.457442458531382385e+02
1.456259382163852649e+02
1.456734072281354884e+02
1.458069525940479707e+02
1.457035802536879316e+02
1.457331054489434052e+02
1.456089510546303245e+02
1.458370003346913961e+02
1.457596588007207572e+02
1.457470722212213161e+02
1.455277983072916754e+02
1.454940172023554794e+02
1.454278597198112379e+02
1.443796151459140447e+02
1.441009110956832728e+02
1.437938354514560046e+02
1.434586581462743027e+02
1.430807953046235070e+02
1.446293517927778112e+02
1.448497180563252584e+02
1.450402702516694546e+02
1.452004709028509239e+02
1.453298384304234503e+02
1.426988780051863159e+02
1.423553093905798050e+02
1.456439471639308181e+02
1.444373132616258317e+02
1.444715547061474581e+02
1.415354877352485516e+02
1.429059064868555993e+02
1.456481169788449961e+02
1.444217225080276137e+02
1.444080414922744353e+02
9.300390329342157258e+01
9.306386015581733773e+01
9.123792006686905154e+01
9.965432748276337804e+01
9.972447792321537463e+01
9.812705101520568007e+01
9.476867463183502593e+01
1.011652146268206138e+02
1.053424187465229664e+02
1.053958874259279952e+02
1.040161881500155232e+02
1.090616327293447654e+02
1.065964207104586592e+02
1.116562499759968290e+02
1.204232219514304916e+02
1.205334066024454671e+02
1.195941423203175304e+02
1.186647642698038112e+02
1.176707767394660351e+02
1.187110568857396373e+02
1.153024468024191407e+02
1.159790456091229487e+02
1.148801475043869829e+02
1.141636317821866129e+02
1.262001373423149033e+02
1.246603713325642531e+02
1.213328963742963822e+02
1.231211397368218599e+02
1.284265570670422960e+02
1.285114213071013296e+02
1.277556022809242080e+02
1.316771066430207213e+02
1.328452628630492427e+02
1.304299246115661504e+02
1.291093925488846139e+02
1.339473344534234798e+02
1.350140053815155738e+02
1.391085918071688923e+02
1.397886961197718279e+02
1.383712585035140989e+02
1.375887905765875985e+02
1.367411921185898507e+02
1.404119035725617550e+02
1.353529486154070867e+02
1.354445103830850883e+02
1.358273516927582989e+02
1.412754905546384521e+02
1.409945003941667778e+02
1.410098264560173789e+02
1.412456441806071155e+02
1.414404387798358584e+02
1.420937332328147420e+02
1.419207394481571782e+02
1.418738769834640436e+02
1.421380228282814357e+02
1.475673176400393629e+02
1.465703388848209556e+02
1.465137768672005620e+02
1.473316854876771060e+02
1.464195585931114465e+02
1.463200130749874859e+02
1.456965802646220709e+02
1.453092219234343361e+02
1.476688708101920895e+02
1.465959584514382641e+02
1.466484368979467945e+02
1.456281824699524634e+02
1.467871269084685935e+02
1.488120924209587201e+02
1.480075225046384162e+02
1.481671372226361711e+02
1.476745948733589557e+02
1.479115065792023245e+02
1.482056420261443463e+02
1.474747175712626586e+02
1.486131720355426182e+02
1.470449447948213333e+02
1.466241032281854189e+02
1.472273499256873492e+02
1.467372596192491017e+02
1.463395099296309922e+02
1.461798941134685208e+02
1.460567328948703789e+02
1.459348825296828522e+02
1.458178863993396135e+02
1.457232805150765955e+02
1.456571002625797178e+02
1.455659950616626759e+02
1.456916767122420993e+02
1.456738958449875554e+02
1.454663712663203512e+02
1.457362640202437660e+02
1.457226609206547323e+02
1.455891050955487174e+02
1.457764077368431685e+02
1.458226759720894847e+02
1.456697641098148210e+02
1.456027441648815284e+02
1.456759086250908979e+02
1.458331749823083214e+02
1.457567547332686786e+02
1.458357681268350632e+02
1.455949482226972691e+02
1.456265187068190414e+02
1.455723206391224380e+02
1.455481333873645724e+02
1.455506396611982609e+02
1.455093734741090259e+02
1.454690489994994493e+02
1.444456825440647663e+02
1.444784148606744054e+02
1.443466466266666544e+02
1.441587797277940410e+02
1.442025676559871101e+02
1.440570365710764804e+02
1.437954695331036135e+02
1.438760594848997982e+02
1.437142044652570121e+02
1.434821948329878296e+02
1.433832180913479704e+02
1.435579001569333002e+02
1.431894102514976908e+02
1.432354169151738859e+02
1.430347810325924058e+02
1.447041410125043797e+02
1.447252489295619853e+02
1.446080825876452991e+02
1.449338929265146021e+02
1.449429330034855354e+02
1.448406391894841931e+02
1.451340494706338973e+02
1.450435502043194447e+02
1.451306947764844040e+02
1.453038389771526511e+02
1.452880228597204848e+02
1.452162128965673844e+02
1.454428887537584387e+02
1.454144296395216998e+02
1.453582288553881199e+02
1.424963499645716070e+02
1.426885794376757985e+02
1.425070275429336562e+02
1.423450567767127097e+02
1.456485169940948481e+02
1.435676978014035967e+02
1.419894279454135528e+02
1.431147952452858760e+02
1.456086236264264357e+02
1.443761345970684431e+02
1.441403581106101797e+02
1.456284255769749620e+02
9.622950568288422346e+01
9.793420670147048668e+01
9.636217343592173279e+01
9.459668713994508948e+01
1.024748664037265939e+02
1.025625033096188048e+02
1.010867128667526202e+02
1.039178510517679399e+02
1.105405909598083412e+02
1.104038596263381180e+02
1.092054519635176746e+02
1.078108297773715663e+02
1.065899236702734356e+02
1.078234003961568135e+02
1.117791326546490041e+02
1.195466152708881111e+02
1.173000228537041636e+02
1.179796934629951153e+02
1.169885768713641170e+02
1.163095677820901699e+02
1.149690187413447262e+02
1.151294071096782829e+02
1.140033347372798431e+02
1.268073419853914601e+02
1.269375884495777598e+02
1.260694848648871442e+02
1.254021293108148711e+02
1.253580382672836038e+02
1.247048524720970306e+02
1.219838544030645267e+02
1.221091114287178812e+02
1.212100917603323182e+02
1.237460940479903257e+02
1.238674049480940056e+02
1.230006353935295351e+02
1.276200244262685857e+02
1.321546333429613185e+02
1.316160345440356991e+02
1.322161383745574597e+02
1.332980720733227145e+02
1.327949845567941054e+02
1.333486834517905493e+02
1.309177755303452955e+02
1.309903095340025914e+02
1.303581610324194742e+02
1.296433709969981010e+02
1.290398732457253743e+02
1.297143225692208546e+02
1.343822381149340686e+02
1.344324241535000795e+02
1.338973175415022752e+02
1.349249808456858659e+02
1.393883047205353307e+02
1.390721799703228498e+02
1.394249422065762474e+02
1.400711597600349307e+02
1.397717638999901624e+02
1.400886132378231821e+02
1.386699400073794664e+02
1.383337578698674406e+02
1.387076545726879715e+02
1.378930774406478861e+02
1.375421363628369988e+02
1.379401678197037597e+02
1.370728151593015980e+02
1.371268633892718469e+02
1.366874287884177193e+02
1.406713045200837087e+02
1.403933098566732269e+02
1.406899237949281769e+02
1.362302009543294901e+02
1.357970432927595539e+02
1.362604198162698879e+02
1.412384778755362618e+02
1.412549535561210519e+02
1.409781189022081946e+02
1.415734576857176421e+02
1.414236273401325548e+02
1.413983455311592934e+02
1.416126895933313961e+02
1.419806744533291294e+02
1.420345137849059256e+02
1.418195964080409794e+02
1.422952170162875802e+02
1.474589519084202038e+02
1.476186451202172805e+02
1.469900420341440963e+02
1.461681294158177025e+02
1.471757855358966367e+02
1.465258461744705301e+02
1.477799014206549373e+02
1.466896089635420708e+02
1.477323484933515090e+02
1.467318594311883260e+02
1.478178710077910125e+02
1.476585134853586965e+02
1.469362034135859005e+02
1.492589573653356751e+02
1.490622122740589361e+02
1.483771913392222928e+02
1.486630149179233342e+02
1.482452740947182690e+02
1.480946854116944564e+02
1.489025999397559019e+02
1.484693798391902533e+02
1.483483129858188363e+02
1.490726919800284804e+02
1.485350180415738919e+02
1.487451352119930732e+02
1.484360367734060162e+02
1.479968259780450524e+02
1.479171057897289359e+02
1.496135537983832080e+02
1.490010922213132858e+02
1.492234981315930327e+02
1.479480662856671529e+02
1.476774696824469970e+02
1.474925775530026044e+02
1.472398959511471048e+02
1.468343325651366627e+02
1.471345815391437100e+02
1.469717751647160355e+02
1.467104245632114043e+02
1.466035436977791164e+02
1.467729354405395554e+02
1.465127278532314676e+02
1.464407005116992195e+02
1.465984766783211342e+02
1.462931027997092031e+02
1.463625444672619267e+02
1.464232103006690409e+02
1.462136658406109859e+02
1.461447976945781306e+02
1.462757720037035654e+02
1.460783729212444939e+02
1.460153246998828251e+02
1.461200524044071187e+02
1.459003116059157321e+02
1.459443778643260146e+02
1.460600621325738189e+02
1.458752967449353264e+02
1.458416975226190573e+02
1.457482353824943004e+02
1.456947676088893786e+02
1.456197879932342403e+02
1.459157455100633740e+02
1.457751001819370913e+02
1.458304502698700560e+02
1.460618624174317119e+02
1.458848541723205017e+02
1.458507115761766784e+02
1.456078343030537781e+02
1.460161082886973531e+02
1.458708093582331458e+02
1.458682416576944547e+02
1.459698463474290122e+02
1.458568553126330016e+02
1.458893341897882010e+02
1.460155150771774117e+02
1.459274784665104505e+02
1.459114328481655889e+02
1.457524334640821451e+02
1.460201751520556854e+02
1.459270122808708550e+02
1.459283002433568299e+02
1.456488767713465791e+02
1.455891702703495696e+02
1.454973365220947130e+02
1.445753854923174799e+02
1.443022779685684327e+02
1.439795453281336961e+02
1.436414444676321125e+02
1.433383758998713517e+02
1.428200136130797659e+02
1.430082049093450678e+02
1.428469324405178895e+02
1.448195170546590873e+02
1.450345448565379343e+02
1.452194647295896175e+02
1.453739102529195577e+02
1.426613428132413048e+02
1.482347969111758914e+02
1.469525221448911907e+02
1.469321114056140232e+02
1.459554724807487673e+02
1.447671922863424072e+02
1.443085137611676316e+02
1.457847608324657074e+02
1.483114136372533665e+02
1.469655163056756919e+02
1.469732817850686217e+02
9.921365347374099031e+01
9.940786485494464841e+01
9.770295612193552870e+01
1.008379763259844992e+02
1.051013694995344707e+02
1.052175786451445560e+02
1.038073021613724762e+02
1.091806019306414441e+02
1.064619291073631615e+02
1.125908808711097748e+02
1.127957792664187053e+02
1.115763676105008813e+02
1.200367550737806255e+02
1.202212823354955020e+02
1.193600039045410881e+02
1.186704255633411123e+02
1.161347640893226298e+02
1.137815990329325047e+02
1.261051315414624412e+02
1.245737510838608415e+02
1.228635765277357024e+02
1.210091748301521619e+02
1.282235865843636304e+02
1.283225175132180311e+02
1.275209811436750584e+02
1.327280002529843159e+02
1.315373535838389500e+02
1.338421924131982621e+02
1.302815059232252111e+02
1.289356167801072104e+02
1.348710400208424289e+02
1.397346163711893610e+02
1.390331558026607865e+02
1.403757644541207696e+02
1.382849672571688870e+02
1.374862795567399303e+02
1.366545536638908516e+02
1.409596805473017582e+02
1.352897182019922298e+02
1.357641065697724230e+02
1.353227051711264721e+02
1.417879478394769990e+02
1.415279238911105892e+02
1.415135253746283297e+02
1.416771945245581890e+02
1.417771600883307030e+02
1.424225059391937975e+02
1.422580892955263607e+02
1.422048566722366729e+02
1.424595121291555984e+02
1.494368262479048894e+02
1.485221025911323238e+02
1.483775406441606890e+02
1.497431105253015744e+02
1.487188833068711062e+02
1.486439395607789606e+02
1.490224092582639059e+02
1.481949694445471266e+02
1.480097639777089853e+02
1.474000023997909636e+02
1.493312629674565812e+02
1.484929289996964599e+02
1.485654171596723643e+02
1.480210116962192899e+02
1.485654794802568972e+02
1.506214562638584198e+02
1.499728319855342704e+02
1.497078649503403938e+02
1.485600992862407850e+02
1.487958416738866845e+02
1.490041061274950209e+02
1.493546246766843524e+02
1.483835763707584761e+02
1.479025795602252629e+02
1.484211435631034419e+02
1.501184518341020748e+02
1.481634169873581470e+02
1.475781738322857848e+02
1.471053499386060537e+02
1.468795256736150918e+02
1.466925810850475216e+02
1.465171975915922644e+02
1.463556828211576430e+02
1.462040702203086653e+02
1.460927174528714261e+02
1.460629939144374987e+02
1.457401425638366845e+02
1.458352915398590426e+02
1.459446111296314541e+02
1.460404491228027837e+02
1.459745598826513060e+02
1.459976810943769294e+02
1.458558731400599981e+02
1.459942496999662183e+02
1.460180777694336598e+02
1.457961869590267838e+02
1.457330123659710068e+02
1.458153185402441636e+02
1.459812336669160402e+02
1.459067173264453743e+02
1.460003230860808969e+02
1.457120447171175783e+02
1.457264936664526545e+02
1.456763519255592030e+02
1.456391115827447891e+02
1.456242879057896857e+02
1.455873775530636181e+02
1.455341666829305893e+02
1.446529951472467417e+02
1.446783936380905686e+02
1.445501617897107849e+02
1.443428330967641102e+02
1.443953404361745640e+02
1.442508796247119847e+02
1.440461194397373390e+02
1.439223627145584601e+02
1.441024994532458834e+02
1.434878900469322218e+02
1.436450209150258104e+02
1.434845431608283093e+02
1.433418053595287063e+02
1.431532750842310406e+02
1.431716878456692541e+02
1.429903299322976125e+02
1.449057319825609227e+02
1.449197968129894036e+02
1.448051051200248764e+02
1.451312121685343186e+02
1.451325856990640943e+02
1.450330725396374874e+02
1.453261584187559663e+02
1.452305389039063925e+02
1.453149335623342324e+02
1.454906809967131096e+02
1.454667169002008791e+02
1.453977702592836749e+02
1.426246017915249240e+02
1.482719494416733994e+02
1.467393561253757639e+02
1.451568115703777266e+02
1.463542905350234378e+02
1.479124680895826600e+02
1.467586430299946301e+02
1.469398657008258340e+02
1.481053459744443046e+02
1.019819046447478144e+02
1.022049788407985176e+02
1.005806157195510053e+02
1.035352290093805152e+02
1.100619403215288798e+02
1.102974827934774851e+02
1.089505118874984930e+02
1.073589643377577545e+02
1.062445702361083590e+02
1.075810752801386485e+02
1.113283336544703133e+02
1.189488037057996479e+02
1.194849993483547905e+02
1.181329299689277548e+02
1.167818254390944901e+02
1.170352798742199383e+02
1.158855151826716536e+02
1.144854827807309476e+02
1.147228697445503656e+02
1.135505442530333937e+02
1.267498963601396724e+02
1.267755192640265278e+02
1.260807183996125360e+02
1.251648209949332227e+02
1.252791022619335592e+02
1.244602624946095233e+02
1.234569057995872896e+02
1.235968262662531032e+02
1.227261313372235492e+02
1.216665363295112172e+02
1.218165535581164818e+02
1.208620452569806503e+02
1.274880350741561870e+02
1.332487552360196901e+02
1.332709416083531551e+02
1.327057974796726398e+02
1.320782766995045847e+02
1.315036847359015724e+02
1.321142730223245962e+02
1.342844500814146897e+02
1.337958910375119217e+02
1.343325831289790244e+02
1.307970033691637752e+02
1.302250405279284280e+02
1.308552779652815161e+02
1.295103226221204977e+02
1.295745345786523046e+02
1.288723780623459447e+02
1.348416173938618101e+02
1.400539251110037071e+02
1.400623250639947912e+02
1.397260518188604408e+02
1.393328670502808961e+02
1.393601459671102134e+02
1.390059847782644056e+02
1.406459469205955202e+02
1.406586762520747698e+02
1.403629499801624263e+02
1.385809757582178747e+02
1.382411645686069050e+02
1.386247284813056524e+02
1.378240203526243874e+02
1.374523983534143099e+02
1.378583413183161497e+02
1.370804923281017977e+02
1.370753546521747523e+02
1.366593465886890044e+02
1.412189897197071389e+02
1.409498940152017781e+02
1.412289413623232122e+02
1.362111297989183640e+02
1.362191977155130473e+02
1.357568204349013570e+02
1.417526636240652635e+02
1.417658183772142877e+02
1.415005183717998136e+02
1.418806194402478695e+02
1.423389458211211434e+02
1.421637456051184074e+02
1.423804926483265092e+02
1.495983379607506265e+02
1.492362022011602107e+02
1.495341273269850717e+02
1.484145014330493098e+02
1.506602331195091722e+02
1.492134020804091392e+02
1.499952569712630464e+02
1.494628968946994689e+02
1.491598129250826901e+02
1.509150120638221324e+02
1.500996548341354639e+02
1.507846965739489633e+02
1.493890740372349057e+02
1.490397848605184095e+02
1.489117558748696410e+02
1.497006528142956086e+02
1.491817328465701848e+02
1.493162740054788742e+02
1.500546857939160077e+02
1.495817825141399737e+02
1.494790291303834238e+02
1.503466349469024692e+02
1.499924113844031979e+02
1.497098593602726737e+02
1.491101877276362870e+02
1.487841275001845815e+02
1.487479356599963864e+02
1.508981843856131491e+02
1.507675034947920381e+02
1.502557622801798232e+02
1.488730411900907313e+02
1.486354698563698093e+02
1.484047523358113949e+02
1.477594804385519183e+02
1.478423473076922505e+02
1.474896902789767523e+02
1.473543497763232040e+02
1.474799620888163361e+02
1.471259570757866584e+02
1.472346608364705389e+02
1.472284830560950297e+02
1.469128151259735660e+02
1.470089217181345020e+02
1.470082296566907871e+02
1.467150750762949940e+02
1.468109342193713189e+02
1.468055244200593563e+02
1.466214397730167320e+02
1.465402382589286105e+02
1.466488140951886976e+02
1.464690698829696487e+02
1.463855713015688025e+02
1.464140756639702659e+02
1.462336106447578459e+02
1.462672288593689700e+02
1.464228026734828632e+02
1.462457776737343806e+02
1.462392033713255159e+02
1.458597085688050186e+02
1.459467714757072940e+02
1.461207834259510605e+02
1.460464698666552295e+02
1.460199553733861819e+02
1.463455171257077154e+02
1.462076999088176308e+02
1.461784361024895986e+02
1.462507151506931393e+02
1.461377699417285498e+02
1.461107970962868308e+02
1.461895542897900668e+02
1.461053997005288920e+02
1.460796309690820749e+02
1.462540822424554392e+02
1.461352501344780705e+02
1.461375480384861305e+02
1.458887724974568698e+02
1.461755766467325088e+02
1.460774980407648513e+02
1.460978124474848414e+02
1.457618138660972136e+02
1.456758441715069807e+02
1.455578877172220871e+02
1.447796368212093228e+02
1.445003479532402935e+02
1.441968037135880536e+02
1.437996196394070978e+02
1.439256063908255783e+02
1.437969828349810939e+02
1.436467880660862591e+02
1.433244785452489509e+02
1.427830754719862512e+02
1.428016304047475273e+02
1.429727409918896512e+02
1.450184156029868916e+02
1.452290616261931859e+02
1.454087986244346951e+02
1.426070083229732575e+02
1.510001136828404924e+02
1.496666687877567199e+02
1.496087422219079883e+02
1.489475560433315309e+02
1.474535405144637821e+02
1.478536146608978470e+02
1.484407465408452538e+02
1.509457432661226335e+02
1.494337707087535136e+02
1.496313808025452659e+02
1.045529826121524621e+02
1.048082288257326269e+02
1.032543987140262374e+02
1.087151435991303998e+02
1.059505285673389494e+02
1.118356024986292141e+02
1.122046708604779894e+02
1.109552916041670443e+02
1.178663949868487464e+02
1.203109663669977181e+02
1.156377720261494346e+02
1.131635675645136700e+02
1.259575270982539621e+02
1.243100005901901710e+02
1.225594681204783711e+02
1.280633259200833720e+02
1.281405561912047517e+02
1.274117303222694204e+02
1.337683951446207402e+02
1.326668474067559771e+02
1.314412125087658296e+02
1.347915267913355990e+02
1.301562294192588070e+02
1.287887623949116289e+02
1.403539220702422199e+02
1.396976040355735051e+02
1.389605775278413944e+02
1.409371532316300204e+02
1.382059457355026098e+02
1.374545835235605580e+02
1.366495336762139061e+02
1.414907958810250079e+02
1.352188305417689946e+02
1.357200257556038991e+02
1.352557969177112795e+02
1.422726486812709652e+02
1.420127924733787950e+02
1.420252908809056578e+02
1.420637331342848313e+02
1.425655728313522275e+02
1.515027940761262926e+02
1.506389862761350287e+02
1.504645743098179480e+02
1.511889374029790361e+02
1.503332451131163907e+02
1.500961496730054421e+02
1.513209655210409608e+02
1.503246724565665886e+02
1.505267103720228192e+02
1.509871851563443670e+02
1.508285970261549664e+02
1.499989166891840853e+02
1.524941151505363734e+02
1.515446369269120623e+02
1.517380885100479020e+02
1.492603508245371415e+02
1.495582209944830083e+02
1.498919416269767737e+02
1.502178173575604205e+02
1.506338859112350121e+02
1.490028883049148192e+02
1.521373596169717359e+02
1.513948277138252934e+02
1.515102276986619074e+02
1.484827756843889972e+02
1.486797874962686876e+02
1.482125763860378242e+02
1.481071749933426531e+02
1.476185094123106580e+02
1.473621844901453244e+02
1.471254134264113986e+02
1.469132761050304055e+02
1.467330817353476959e+02
1.465326562838791347e+02
1.464159350720771045e+02
1.463858681982598284e+02
1.461758197169644120e+02
1.460793023972800313e+02
1.460440624634555036e+02
1.461513896771250813e+02
1.461577824477267598e+02
1.463010577902724947e+02
1.462158666658901325e+02
1.462257748542387503e+02
1.462171133724932304e+02
1.459079697808615776e+02
1.459443144906727241e+02
1.458519267594249129e+02
1.460988196280422073e+02
1.460399516998228080e+02
1.461368771583526893e+02
1.458174354141407605e+02
1.458125509189882223e+02
1.457188073836919102e+02
1.457692692663428318e+02
1.456890788099504448e+02
1.455901196981241128e+02
1.456564760922516939e+02
1.448404829169107870e+02
1.447461942767345704e+02
1.448736462619115173e+02
1.446003820183402411e+02
1.444729293195830451e+02
1.446263671819713181e+02
1.441005204072452557e+02
1.442247922235682438e+02
1.440725053764408869e+02
1.439525323630325033e+02
1.434963224374623678e+02
1.436513350014379853e+02
1.434914380525201807e+02
1.433281788768090053e+02
1.431645815380673241e+02
1.431594195997867587e+02
1.429783372271933786e+02
1.451146471854873994e+02
1.451249963011794080e+02
1.450115958858333443e+02
1.453351091090052307e+02
1.452344688387725000e+02
1.453305387379673448e+02
1.455257298639841395e+02
1.454263186694392118e+02
1.455080306109910850e+02
1.509820025074203329e+02
1.499384793069788770e+02
1.483430089065425648e+02
1.494566292839220125e+02
1.499649269359772745e+02
1.094034944502541435e+02
1.097333761135626844e+02
1.083821351618742597e+02
1.069638376394530042e+02
1.071482231749297540e+02
1.057429306859299061e+02
1.106190564997282451e+02
1.184689903054512428e+02
1.187046816919252592e+02
1.176347177500323511e+02
1.206672131922179290e+02
1.198175596695461280e+02
1.211595889800582455e+02
1.162551359484449307e+02
1.165142702750859058e+02
1.153808820186232111e+02
1.139406173905578612e+02
1.128914700267084754e+02
1.142092473311734580e+02
1.265072128370705542e+02
1.266244242422703223e+02
1.258406073679683601e+02
1.248525226180785239e+02
1.250037471824579143e+02
1.241590609428921823e+02
1.231460006524246751e+02
1.224141791169083859e+02
1.232939295803910653e+02
1.272858877620319902e+02
1.342621083965389914e+02
1.337567035989215185e+02
1.342743025962279546e+02
1.334676674544845127e+02
1.333587476135011798e+02
1.327794921137699191e+02
1.320650222381279377e+02
1.320705130784770347e+02
1.314363330691018916e+02
1.347568139855868026e+02
1.307647327239390336e+02
1.307787754146486634e+02
1.301427645753906575e+02
1.293305227296896760e+02
1.294178115292969551e+02
1.287021966510004631e+02
1.406227340625323450e+02
1.406344172789671632e+02
1.403433875781132940e+02
1.399762139241430532e+02
1.400146393647032710e+02
1.396597185355077784e+02
1.392515357497543675e+02
1.392915852107734906e+02
1.389206295873554495e+02
1.412052798301041037e+02
1.409307993522811842e+02
1.412125074317306428e+02
1.385169916640494989e+02
1.385481524830804290e+02
1.381735619420581997e+02
1.378176044551069026e+02
1.374496369800341142e+02
1.378215413779689129e+02
1.372817051921051643e+02
1.371813204646561815e+02
1.367522778086209314e+02
1.417516347960612109e+02
1.414903538532371670e+02
1.417524989828285982e+02
1.361280048631251987e+02
1.356804561352405472e+02
1.361692579769978124e+02
1.422544329236843907e+02
1.422586979575636974e+02
1.420085880214120664e+02
1.423007205498530254e+02
1.427664207472025737e+02
1.425576942988536757e+02
1.427748902760795033e+02
1.513574403473418499e+02
1.517375732092590113e+02
1.516287091202262332e+02
1.507396256174636164e+02
1.510731482532109453e+02
1.515260993780011347e+02
1.534943199255775710e+02
1.520876409358564274e+02
1.523979590229203609e+02
1.537110343171786724e+02
1.523700861531003738e+02
1.521735934297514348e+02
1.527964484326902266e+02
1.518652222584962317e+02
1.526631994445221494e+02
1.523219255400313159e+02
1.500537554462143248e+02
1.497350569039572292e+02
1.495815328114446174e+02
1.503875894528888182e+02
1.498886485512463196e+02
1.500579937786729943e+02
1.507650980190300345e+02
1.504247401498328145e+02
1.502334018744081163e+02
1.511996477851159284e+02
1.507908687179063065e+02
1.506271005031304355e+02
1.516332378981921636e+02
1.512797355384068112e+02
1.509875294843373581e+02
1.497048643966560348e+02
1.494182161705168710e+02
1.492900616585613705e+02
1.518943902277454185e+02
1.492365876734305061e+02
1.490483495334182180e+02
1.488501259810634281e+02
1.483966375249883640e+02
1.484284566713607489e+02
1.480707695830664932e+02
1.479296914903482900e+02
1.479353933472600033e+02
1.477145672661570757e+02
1.475813030804194455e+02
1.476100053325883152e+02
1.473086443090843716e+02
1.474263952226500294e+02
1.473485679508306987e+02
1.470766358078547853e+02
1.471855069199111767e+02
1.471271214086447117e+02
1.469734589055464937e+02
1.468874083474721317e+02
1.468397877867058696e+02
1.467484470145814441e+02
1.466287700573236634e+02
1.466289764070306774e+02
1.467288770443192334e+02
1.465813910944883105e+02
1.465346190889365516e+02
1.463259197975142172e+02
1.462550785168051561e+02
1.462227524632387770e+02
1.462613257054144924e+02
1.465749457247943894e+02
1.464653816512295919e+02
1.464110691142913083e+02
1.464478082505311818e+02
1.463102937063908939e+02
1.463541839377642475e+02
1.464234452243863416e+02
1.463067317325409533e+02
1.463426053956854958e+02
1.463411870526986434e+02
1.462578815352626975e+02
1.463005217748280700e+02
1.460028908716030571e+02
1.462872169343829398e+02
1.461925819529858472e+02
1.462315539124456052e+02
1.458601647454140391e+02
1.457509874797081579e+02
1.456073925697645848e+02
1.449806298429145670e+02
1.447204451114857591e+02
1.443962434891661815e+02
1.443682713134529649e+02
1.445010406421762639e+02
1.442499757054685006e+02
1.438415520631057234e+02
1.439742587927689499e+02
1.438197301748495818e+02
1.436715183170713317e+02
1.433345916918674448e+02
1.429705004553418917e+02
1.452287599801366014e+02
1.454309312183262080e+02
1.539796853485167105e+02
1.524803430276579377e+02
1.524824874932980663e+02
1.521742217611315482e+02
1.510714352090809882e+02
1.505630205501657315e+02
1.515734901759271906e+02
1.081676172555903435e+02
1.101005092010722421e+02
1.097630035227673204e+02
1.109606680823980440e+02
1.173659468375048078e+02
1.195707074756076906e+02
1.219084227488318817e+02
1.151018390699133391e+02
1.118866986010287548e+02
1.129144471239833649e+02
1.118644067426574225e+02
1.256789595746349022e+02
1.239945771718992233e+02
1.277999259449559446e+02
1.279280004843393925e+02
1.271588252039697124e+02
1.347443572406856447e+02
1.338674604991734896e+02
1.327701543267504007e+02
1.314170142235912806e+02
1.300496038932820113e+02
1.285663561678796896e+02
1.409194427684001596e+02
1.403046095238834425e+02
1.396183363277343972e+02
1.388872875335570143e+02
1.414839184607591847e+02
1.381693416720607388e+02
1.375502697450518212e+02
1.367086135523017560e+02
1.420082346794201271e+02
1.350380465554331693e+02
1.351272918545569439e+02
1.355859696288511884e+02
1.427636505884640030e+02
1.425130027300682229e+02
1.425097196366964170e+02
1.425199546131007651e+02
1.532095896464850000e+02
1.523783826373968679e+02
1.521923307008584345e+02
1.534069284440676881e+02
1.525874298241744498e+02
1.524487537436841649e+02
1.520248531635702420e+02
1.534697321444207319e+02
1.524044776112399973e+02
1.525969230458906623e+02
1.536056965858252852e+02
1.534867926399935527e+02
1.538488059783807387e+02
1.541758557073278837e+02
1.535176496312969050e+02
1.533241131646790052e+02
1.536750531527610519e+02
1.528954969801027630e+02
1.531046613434951666e+02
1.498904146476450876e+02
1.502345918708460601e+02
1.505905579166691552e+02
1.509966832336488096e+02
1.514302916369424565e+02
1.494666082788924655e+02
1.531100086520310128e+02
1.523650694913143013e+02
1.526427045128983480e+02
1.487951474757129233e+02
1.481623927193491284e+02
1.477782368445051588e+02
1.474858593793039461e+02
1.472442726042421839e+02
1.469883560490744401e+02
1.467903697697430516e+02
1.466560379894054051e+02
1.463908588085366205e+02
1.463793477926960520e+02
1.465156976553699337e+02
1.464706777717190391e+02
1.464513803866046828e+02
1.463623297538310908e+02
1.464095001695058613e+02
1.463143091067659043e+02
1.460063476553239639e+02
1.459570312322293830e+02
1.460520684073474911e+02
1.461989547683941737e+02
1.462431318993535001e+02
1.461493197656467657e+02
1.459090490639700022e+02
1.458879365711973435e+02
1.457882981391856561e+02
1.458498848420591969e+02
1.457323826600436405e+02
1.456287532917684473e+02
1.457104669588030958e+02
1.449911179703753419e+02
1.450568655287216586e+02
1.449144761969892556e+02
1.447303679850477067e+02
1.446639899247547589e+02
1.447872104602916181e+02
1.445647740489465889e+02
1.441853443136930082e+02
1.442939173787112566e+02
1.441419113033012991e+02
1.440158574874762962e+02
1.435441120819203320e+02
1.435193057780823267e+02
1.436962769673764342e+02
1.433581500395234798e+02
1.431840791506696462e+02
1.431747779071932314e+02
1.429802165115187620e+02
1.453567553439619644e+02
1.452371634285361779e+02
1.453455439275026890e+02
1.455376535404228378e+02
1.454366131136953300e+02
1.455317119363981533e+02
1.544311469600765463e+02
1.542138890531409459e+02
1.526910318044554060e+02
1.531848308580738092e+02
1.515675270460676813e+02
1.526972108009449869e+02
1.533213932121924188e+02
1.085283424597434845e+02
1.110072298479318675e+02
1.179277987764747877e+02
1.181943755902239133e+02
1.171009118805531841e+02
1.200623530900738984e+02
1.203606185180405248e+02
1.192747830897235843e+02
1.222230538275990739e+02
1.226779476342410078e+02
1.214541022940933601e+02
1.156792950049088091e+02
1.159671298659777818e+02
1.148143205501426110e+02
1.138244125205094122e+02
1.138854351704925278e+02
1.128687041520765035e+02
1.261402312489242945e+02
1.263188821669575646e+02
1.255023528904602585e+02
1.242445851361516276e+02
1.245425231381291411e+02
1.237013357975481824e+02
1.269703758037440764e+02
1.346527057653378279e+02
1.342577265620159608e+02
1.332334396265895862e+02
1.333486011299373217e+02
1.326546638370870710e+02
1.319507701289712429e+02
1.320055926870189182e+02
1.313627157132365255e+02
1.305401901798355198e+02
1.306496664339267966e+02
1.299403216438285824e+02
1.290497920527697602e+02
1.291877930623637099e+02
1.284307146854870894e+02
1.412378640327499681e+02
1.412223720388772676e+02
1.409361297078219195e+02
1.406345792555149785e+02
1.406286526128825756e+02
1.403108192673211931e+02
1.399321544205589021e+02
1.399537519761680358e+02
1.395969767856455803e+02
1.391677865427130030e+02
1.392085711439930833e+02
1.388466332288592184e+02
1.417843771776335018e+02
1.415000368841618865e+02
1.417684616522390684e+02
1.383522227851780144e+02
1.384323090965591803e+02
1.380876486788291402e+02
1.378190048605975164e+02
1.370197444167145306e+02
1.365779761573154474e+02
1.371494785409046244e+02
1.422668073966407292e+02
1.420141749998907130e+02
1.422613488314001984e+02
1.361121439336972969e+02
1.355758940759299378e+02
1.361210299347351338e+02
1.427545781571064936e+02
1.427544972381191997e+02
1.425097056102723343e+02
1.427602425471013987e+02
1.530254057265708809e+02
1.533240415360585303e+02
1.534487332378901101e+02
1.561990998100090735e+02
1.549738401203923388e+02
1.548361632469083418e+02
1.558350857181571314e+02
1.546838539441627347e+02
1.546443735272754338e+02
1.565486756048350401e+02
1.552802695800664878e+02
1.551201914368651558e+02
1.546767931382735242e+02
1.537429543268562497e+02
1.544471027241922627e+02
1.539371186847326101e+02
1.534034099073847415e+02
1.505767931001211650e+02
1.503283224481272669e+02
1.501411048472487550e+02
1.509912222534993020e+02
1.507026102286117748e+02
1.505234405536679105e+02
1.514772504654388001e+02
1.511361626621758205e+02
1.509326011608883960e+02
1.519757509819892505e+02
1.516038413489536083e+02
1.513693408176051491e+02
1.525457408218007913e+02
1.521078474884001537e+02
1.518690227304018094e+02
1.501284469307296092e+02
1.499277221677156149e+02
1.496694779780804936e+02
1.528409512140025868e+02
1.490927431273235015e+02
1.487359910540968713e+02
1.491514901551918229e+02
1.485281083243707485e+02
1.482250497924837873e+02
1.484539736845395907e+02
1.482004442319714315e+02
1.480743225579131774e+02
1.479052017855551924e+02
1.479028501605496899e+02
1.477634034489139765e+02
1.476255393801488367e+02
1.476235129809285525e+02
1.473749346779462144e+02
1.474928611514665704e+02
1.473721778417604185e+02
1.472563461122002764e+02
1.471054958106121262e+02
1.471414517169907299e+02
1.469978128503938706e+02
1.469342039335926700e+02
1.469265966560015784e+02
1.468338298495820879e+02
1.467496072628247816e+02
1.465858529897234064e+02
1.465222516394812544e+02
1.464552034480041414e+02
1.465093844618089918e+02
1.467430911450387043e+02
1.465946432331300855e+02
1.466644343232653114e+02
1.466623610938304410e+02
1.465707577900783178e+02
1.465430675536828744e+02
1.464642782272421471e+02
1.464704195935248379e+02
1.464033872474979603e+02
1.463776404488520768e+02
1.461023401177345420e+02
1.464066498026710974e+02
1.463470155162570450e+02
1.463038136319507601e+02
1.459463841167622036e+02
1.458095674813251890e+02
1.456349468446186393e+02
1.452581780977620838e+02
1.451263254759091126e+02
1.451877898822231998e+02
1.448617605546534435e+02
1.445248903677363330e+02
1.446305306036831553e+02
1.444588886699969237e+02
1.443573912735261047e+02
1.439203831100882098e+02
1.438802400973569036e+02
1.440563541563460035e+02
1.437352158802006841e+02
1.433685772671403527e+02
1.429744779236572185e+02
1.454467556431613389e+02
1.453113282736006227e+02
1.568348147214272785e+02
1.556462190263609386e+02
1.554002001007690694e+02
1.553890450418697924e+02
1.537856362756755289e+02
1.543101410002264515e+02
1.549283199984513999e+02
1.092036425813960392e+02
1.096324787560373721e+02
1.080709683815863968e+02
1.105439302933587129e+02
1.189989020046472064e+02
1.168096758725307467e+02
1.211455244538007747e+02
1.232346885478202552e+02
1.147545225424097453e+02
1.113129554781382353e+02
1.125661604319106175e+02
1.115866047046023084e+02
1.251924950214319239e+02
1.274413287694094805e+02
1.276168233012507756e+02
1.267973531733006354e+02
1.343157118397666352e+02
1.338961482485368606e+02
1.346772324920575841e+02
1.325939452161053964e+02
1.337786565238521632e+02
1.312468315436821626e+02
1.297967597156786326e+02
1.282475295453907904e+02
1.415173082638802100e+02
1.409421768893917317e+02
1.402883005094999476e+02
1.395538739168130178e+02
1.387616361044261453e+02
1.420310285475828493e+02
1.380956433639864258e+02
1.382214508853670054e+02
1.376931535173556256e+02
1.365684345421973660e+02
1.375609020584599023e+02
1.425163008875049115e+02
1.355032094826732703e+02
1.358093566704261548e+02
1.352732941301397886e+02
1.432293103252111734e+02
1.429925667804373290e+02
1.429911923205560811e+02
1.539719729678562032e+02
1.551737558803206696e+02
1.541864739388452108e+02
1.543130274518504734e+02
1.555161463094062810e+02
1.544563153952786934e+02
1.545145603266083185e+02
1.563805692929709608e+02
1.560272166362837538e+02
1.556921647377624254e+02
1.566953294415012863e+02
1.560755170441891551e+02
1.554063828930603961e+02
1.551196947784986833e+02
1.553567868568828203e+02
1.547909393821499577e+02
1.545078484793248492e+02
1.546750991025676853e+02
1.541972267226537952e+02
1.538847680238299063e+02
1.503631934998274176e+02
1.507982049635509156e+02
1.512487334989066028e+02
1.517419578575830883e+02
1.522745896085036748e+02
1.497637732660183190e+02
1.494894382395013395e+02
1.499463023194186349e+02
1.540053402461752228e+02
1.535782595916207072e+02
1.532700714369267132e+02
1.494052057098377588e+02
1.487895902596778512e+02
1.483634919428611738e+02
1.480579910266540651e+02
1.477695678629577571e+02
1.475041018582037964e+02
1.472629397108367186e+02
1.470394342496393847e+02
1.468398457426351342e+02
1.466693911697574322e+02
1.466290839665684871e+02
1.466831075360161094e+02
1.466770191158402667e+02
1.465770126959760091e+02
1.465773108814943555e+02
1.464373896989021091e+02
1.460843568726178319e+02
1.460452796399254680e+02
1.461411092386638302e+02
1.462992920383657633e+02
1.463539268396584134e+02
1.462497922745174321e+02
1.459853917483831083e+02
1.459315143068014322e+02
1.458309671660115328e+02
1.459100367633033954e+02
1.457368911119275481e+02
1.457350562882214717e+02
1.456364960845230883e+02
1.451647053163441399e+02
1.452150192218380766e+02
1.450760733313138076e+02
1.448524137711878836e+02
1.449240951586567121e+02
1.447897158374194646e+02
1.446892189433440876e+02
1.442678220935486024e+02
1.442247690747363151e+02
1.443996175913275977e+02
1.440958811270123761e+02
1.435939455801955660e+02
1.437607170576850137e+02
1.435680894451776624e+02
1.433931090012916343e+02
1.432019268615179044e+02
1.455472325889221850e+02
1.454507833026088122e+02
1.455427121289649506e+02
1.454047183798406593e+02
1.571760793908171081e+02
1.569973417192189515e+02
1.558010657399454431e+02
1.565036554590539026e+02
1.548499335339863308e+02
1.559749986018054813e+02
1.562925164113877941e+02
1.102457876395817777e+02
1.195112573057860459e+02
1.197838088112189183e+02
1.187294327176842330e+02
1.173608216871023160e+02
1.165256588887117459e+02
1.176424214888738788e+02
1.215671794330414457e+02
1.218914700899763091e+02
1.208234514012022203e+02
1.236158603104809259e+02
1.229270172845990032e+02
1.239257072842272578e+02
1.156794041821169827e+02
1.147573284943725156e+02
1.156800078744592213e+02
1.133000591526841845e+02
1.135485313024619103e+02
1.122952560132156634e+02
1.256149085648643933e+02
1.249368439863126525e+02
1.258724810611719676e+02
1.265305543727134534e+02
1.349168457418210778e+02
1.330336040618173570e+02
1.331309429610896018e+02
1.324969990971979996e+02
1.342758552571516759e+02
1.342941250789681646e+02
1.337597921639594460e+02
1.316751847661094246e+02
1.318101663279247191e+02
1.311124572621633320e+02
1.302397322357680025e+02
1.303873942166406152e+02
1.296495808072311320e+02
1.287786949381418253e+02
1.289139452848666849e+02
1.281161248652239806e+02
1.418709264078634362e+02
1.415607269525594063e+02
1.418284318129549035e+02
1.412855033980306132e+02
1.412620176857080310e+02
1.409659070059518058e+02
1.406127339528501352e+02
1.406233002381401604e+02
1.402778086913091045e+02
1.398753345235912207e+02
1.395266988596950455e+02
1.399028271016879899e+02
1.390386280124430129e+02
1.386999444077683563e+02
1.391015872243773686e+02
1.423299802531581975e+02
1.422990086325067125e+02
1.420614019046450665e+02
1.385695951201182083e+02
1.368240649004924023e+02
1.369198218788222903e+02
1.364726894143957736e+02
1.378757642070963527e+02
1.374531049247584917e+02
1.379839630802253794e+02
1.427768339853010673e+02
1.425264188296227417e+02
1.427665301401890758e+02
1.361690204700144307e+02
1.432275410191626577e+02
1.432237750789236088e+02
1.429955814766784385e+02
1.549472889624036611e+02
1.553614036950545483e+02
1.589152801491903801e+02
1.577531942839250974e+02
1.575461253229846648e+02
1.583878048877928961e+02
1.573174337539946634e+02
1.571019524408185646e+02
1.578405205445631907e+02
1.568636586590302500e+02
1.566717347520618659e+02
1.593257614167229121e+02
1.579254448294252029e+02
1.580954245029809044e+02
1.557334721338983456e+02
1.566778663385373704e+02
1.564012458206303222e+02
1.556820658636108590e+02
1.550305013484569372e+02
1.543536239302312083e+02
1.510134291450119122e+02
1.508066869361829561e+02
1.505703647041940769e+02
1.514831367173927674e+02
1.510325275949873856e+02
1.512501333330058344e+02
1.520466592511737360e+02
1.517760270270831313e+02
1.515195482496714021e+02
1.526725256084741318e+02
1.523402857856537764e+02
1.520742613697340744e+02
1.533198441739918110e+02
1.529513034749018630e+02
1.526451713786103426e+02
1.504876822112056232e+02
1.503190177536135366e+02
1.501141550879730460e+02
1.536770087017154367e+02
1.494149830564956005e+02
1.495791500826222489e+02
1.492449659185253381e+02
1.488326503186048910e+02
1.489520511196715802e+02
1.486715772610278066e+02
1.485072404756925266e+02
1.484574992508174773e+02
1.481794934312767396e+02
1.483361995453504107e+02
1.481280680196329627e+02
1.478755775925395426e+02
1.480222037570877376e+02
1.478320404198263986e+02
1.476019258310318207e+02
1.477344018451570662e+02
1.475515372132935283e+02
1.474681638896590243e+02
1.473463477123381153e+02
1.472891394083019918e+02
1.472212426655217428e+02
1.471075754977657937e+02
1.470579160103476681e+02
1.469979416590463757e+02
1.469001003456013450e+02
1.468587135843924898e+02
1.468063259873156028e+02
1.467218985013780355e+02
1.467655562766187529e+02
1.469117019490597329e+02
1.468019749908121128e+02
1.467872590293818860e+02
1.466451190400798339e+02
1.465551006125963625e+02
1.466677123980424540e+02
1.465285956343997782e+02
1.461918833097324182e+02
1.465540470470940306e+02
1.464277673118264431e+02
1.464797182135422133e+02
1.460071462542034624e+02
1.458333942427693160e+02
1.456414692437693645e+02
1.450088026862537731e+02
1.454525013692340565e+02
1.453570544670706113e+02
1.453098435283866081e+02
1.446793445640169011e+02
1.446007083437697247e+02
1.447689011464351267e+02
1.444752349498484705e+02
1.439329524997947942e+02
1.439260843962703404e+02
1.441014971101805884e+02
1.437641346250364904e+02
1.434115687009606575e+02
1.455033178764464594e+02
1.595603561047437324e+02
1.583682307244888534e+02
1.581905769701999418e+02
1.589573386626671834e+02
1.577506978565246811e+02
1.571690010375570239e+02
1.580775225662534638e+02
1.205433893828351870e+02
1.184446207707855478e+02
1.165143178606757886e+02
1.225946801071355736e+02
1.246171558519577474e+02
1.157899223367011956e+02
1.157254317309663207e+02
1.148011175126530503e+02
1.145231533535457515e+02
1.271254960694912626e+02
1.272800261158200072e+02
1.263773263351928478e+02
1.348942931116739885e+02
1.323558088600026110e+02
1.336569831396244865e+02
1.309588851668476934e+02
1.295122711198558534e+02
1.279548364618992906e+02
1.415851686422959403e+02
1.421067329982617764e+02
1.409546893831980015e+02
1.402482738104325506e+02
1.394603966812566682e+02
1.425583280122581016e+02
1.388876040863331411e+02
1.389614544405096694e+02
1.384970267077619326e+02
1.373527686846627205e+02
1.383857023054648323e+02
1.430069431941757330e+02
1.366888956468466745e+02
1.367546403715793986e+02
1.361017656333573598e+02
1.437089091055257200e+02
1.434659318556880976e+02
1.434707564693187862e+02
1.559555753458531342e+02
1.572382395605231409e+02
1.564025230582434176e+02
1.562013284866554841e+02
1.586617867963180970e+02
1.591253103252199423e+02
1.581290069076351301e+02
1.575592561817771298e+02
1.594436659628087511e+02
1.572387058390281993e+02
1.566839247771935391e+02
1.562927776634164161e+02
1.580133497499851387e+02
1.573766678101545722e+02
1.570408730511661020e+02
1.563586167376831781e+02
1.558827711579021411e+02
1.555098846351194481e+02
1.555365204934200563e+02
1.547641397470449078e+02
1.551287085247228958e+02
1.507605294732572077e+02
1.512579799001486833e+02
1.517818758032499602e+02
1.523768007396333246e+02
1.530111755294202283e+02
1.500522069398172960e+02
1.502703356852500178e+02
1.498981122166045736e+02
1.547149887175829690e+02
1.543808552038990456e+02
1.540132520007374524e+02
1.497143623510139037e+02
1.491058618928762769e+02
1.486438757615678412e+02
1.482989959308879975e+02
1.479863740616390544e+02
1.476979418065216123e+02
1.474259091992477977e+02
1.471789247825307143e+02
1.469636320237726466e+02
1.468904539224527923e+02
1.469083510840051190e+02
1.467956374071823120e+02
1.469145468711435853e+02
1.467810252023182329e+02
1.466011934018707450e+02
1.461468028339023988e+02
1.462230801131904627e+02
1.461159247732517485e+02
1.463982869409528007e+02
1.463492527839764819e+02
1.464764462644234300e+02
1.460384265792763472e+02
1.459519116599183235e+02
1.459423681130526518e+02
1.458431227048201606e+02
1.457196561566527748e+02
1.457293844187487366e+02
1.456318989100335273e+02
1.450286792789897845e+02
1.449384840339108678e+02
1.450988277643388926e+02
1.453641051213130027e+02
1.452625254639175125e+02
1.454117118354218974e+02
1.448546459515805793e+02
1.444808231282292184e+02
1.443754853566356360e+02
1.445832049312445236e+02
1.441610614658539191e+02
1.442142684019413821e+02
1.440476325179884043e+02
1.438215595449546811e+02
1.436482729267238199e+02
1.455869880000846308e+02
1.592574802113426529e+02
1.599219710895359583e+02
1.582231273452931646e+02
1.594625746739362171e+02
1.210209487359501566e+02
1.212916248077916919e+02
1.202759611214092956e+02
1.189411671863538373e+02
1.192170281696371177e+02
1.181652094750910749e+02
1.165548928873613903e+02
1.230118914878100611e+02
1.233109193841889635e+02
1.222977370545193168e+02
1.249469656936273054e+02
1.252775924777019441e+02
1.242887677754032296e+02
1.151815719026951115e+02
1.154530229531097234e+02
1.142280039407703072e+02
1.260393686843367647e+02
1.353950045600072656e+02
1.354482489728382859e+02
1.348413262389624094e+02
1.327808713259900628e+02
1.322328714624934491e+02
1.329048425795079993e+02
1.340993138402330089e+02
1.335716701723888207e+02
1.341858545026575769e+02
1.313882863541718962e+02
1.315292865917440395e+02
1.308184473873912737e+02
1.299640954051363337e+02
1.300999850451532609e+02
1.293744384716238756e+02
1.287101104202211559e+02
1.279179875077211648e+02
1.287449430613368406e+02
1.419434954742606863e+02
1.419079025813365433e+02
1.416207872437477135e+02
1.425925186798587845e+02
1.424578267958391962e+02
1.422334441868037516e+02
1.412947673451712660e+02
1.412901678927912883e+02
1.409598925059980843e+02
1.405720346499702202e+02
1.405917986509886930e+02
1.402292549649985176e+02
1.397834685546569915e+02
1.398281937880331043e+02
1.394164563081822337e+02
1.428481177123867099e+02
1.425863911429042616e+02
1.428098422077784448e+02
1.393392909904741259e+02
1.377298831219496833e+02
1.378016245633930623e+02
1.372824121809154860e+02
1.387658149803984600e+02
1.383270875944318732e+02
1.388255863742229224e+02
1.432354347057504071e+02
1.430091858796428994e+02
1.432315585424812809e+02
1.360456227209265876e+02
1.372128782944092507e+02
1.436560650478734260e+02
1.434445957960309386e+02
1.436803385821504548e+02
1.569839522214503233e+02
1.611300115338877106e+02
1.600492100728053231e+02
1.597466352731838697e+02
1.617570636877571246e+02
1.605633335044108208e+02
1.603228546041730169e+02
1.603699559821870082e+02
1.594078224133334629e+02
1.590949152947769107e+02
1.594982912139589928e+02
1.586978335578614008e+02
1.583633988855801533e+02
1.621702865521465640e+02
1.608808962648487864e+02
1.607352417575734762e+02
1.568191205642714579e+02
1.576512061918548397e+02
1.587777448322091232e+02
1.577287575422787995e+02
1.584198324756732745e+02
1.559645298666827955e+02
1.551409994827262722e+02
1.512881598125576090e+02
1.511630540086887038e+02
1.508876681249886929e+02
1.516971041803779201e+02
1.515886275097424800e+02
1.513531684673116047e+02
1.524902969243904067e+02
1.522838851664420758e+02
1.519929753021356476e+02
1.531973372299965490e+02
1.529524307192085075e+02
1.526229546275130247e+02
1.539359748156822434e+02
1.536466761377204477e+02
1.533023266125603072e+02
1.507500445143446086e+02
1.506295915991123877e+02
1.503912291820039968e+02
1.543409635541062244e+02
1.496099602468443663e+02
1.498217620539935524e+02
1.495037050137011079e+02
1.490285356819695153e+02
1.492125324590463435e+02
1.489222270073103402e+02
1.487344854956183440e+02
1.486527067982725043e+02
1.485622668684768541e+02
1.483898926318969984e+02
1.483046189248150881e+02
1.482230695874023354e+02
1.480681377739146001e+02
1.479767512813325254e+02
1.477643326952674556e+02
1.479108888616949571e+02
1.476690338122113246e+02
1.474791319060134356e+02
1.476159542252880783e+02
1.473953147926451379e+02
1.472265029589135850e+02
1.473477841616497699e+02
1.471451124681207716e+02
1.470018011384144359e+02
1.471069262793335213e+02
1.470335073683857559e+02
1.471719278044303678e+02
1.470451800457203149e+02
1.470417258431073435e+02
1.468239474257514701e+02
1.468700832300464469e+02
1.467353229764428306e+02
1.466912497305663976e+02
1.462727674823910888e+02
1.466790703946522854e+02
1.465390636246064275e+02
1.466159772196668314e+02
1.460486840123221555e+02
1.458349865091662991e+02
1.451961408997118781e+02
1.456743602227329859e+02
1.455651501647145381e+02
1.455201824780749291e+02
1.448585039073494727e+02
1.449467120301769683e+02
1.447674884868612821e+02
1.443228435745468516e+02
1.446738008629694434e+02
1.439347270674932417e+02
1.456997544744524475e+02
1.622574023429557428e+02
1.606102221509283652e+02
1.608994902365406858e+02
1.619586785724344793e+02
1.604532502109328505e+02
1.609614255512184684e+02
1.220208538506079350e+02
1.199831686345298891e+02
1.173554489518104447e+02
1.239828382223616217e+02
1.175892318934310623e+02
1.163652833396891424e+02
1.166778006090959394e+02
1.263710169473149847e+02
1.256670166524173595e+02
1.267445169208232585e+02
1.347501747172814817e+02
1.320862939032249699e+02
1.334423382430825598e+02
1.306776585233860715e+02
1.293364402878978581e+02
1.279428877644924825e+02
1.283253414849833689e+02
1.275386839144396021e+02
1.416254849041562238e+02
1.422696161298051152e+02
1.427138921785769696e+02
1.409389966541871217e+02
1.401822258093089317e+02
1.430411576246331435e+02
1.396889058914620421e+02
1.397353364013678743e+02
1.392942581401478321e+02
1.382528084062484766e+02
1.392324915132946046e+02
1.434481305498698021e+02
1.364555803805062340e+02
1.359310030964262808e+02
1.365701901727968561e+02
1.376301430294759029e+02
1.376785056239339156e+02
1.371652199676825887e+02
1.440870643488112250e+02
1.438957233388360066e+02
1.438705861249156328e+02
1.580368536046339614e+02
1.607654116136068865e+02
1.614536947028019824e+02
1.619690738572900557e+02
1.599535453993148906e+02
1.591615433097219352e+02
1.622100270023452993e+02
1.581075826900487016e+02
1.577002978404815678e+02
1.572312873929749344e+02
1.591253643971692497e+02
1.581815760440480858e+02
1.585988605089175394e+02
1.600862299360906036e+02
1.594632697712202685e+02
1.590483528853051496e+02
1.571608210009498237e+02
1.567850530513563854e+02
1.563436453270227560e+02
1.562055714058600984e+02
1.558944035692870500e+02
1.554553544365885500e+02
1.510300276100720964e+02
1.514991438108269506e+02
1.520914189366444589e+02
1.528559397964371556e+02
1.535821173161775164e+02
1.502780738012858706e+02
1.501561291301638619e+02
1.505156300110265590e+02
1.552734564331038882e+02
1.550147675563204359e+02
1.546016394478876634e+02
1.499266389256280263e+02
1.493026187215064056e+02
1.488398695534071123e+02
1.484859209693352682e+02
1.481475170123837017e+02
1.478286290144408213e+02
1.475375380958248854e+02
1.472753362080564159e+02
1.471633899403751968e+02
1.471343266785873993e+02
1.470212682323976594e+02
1.471576846667141183e+02
1.469845457471095358e+02
1.467520686478068228e+02
1.462027940406373148e+02
1.463001658632957174e+02
1.461748778374779647e+02
1.464824831968595049e+02
1.465802674879282108e+02
1.464405700385131865e+02
1.460764396325455436e+02
1.459598007049205819e+02
1.458382172142746356e+02
1.459563514227444614e+02
1.452629598311808081e+02
1.451442141274572748e+02
1.453146164858926284e+02
1.456055295441119313e+02
1.454832858062818843e+02
1.456441638593207699e+02
1.450620982804958032e+02
1.444899736843520088e+02
1.444851165019495056e+02
1.443279396365057892e+02
1.446774269083735476e+02
1.441212650263368005e+02
1.458175777675342601e+02
1.620917158081935554e+02
1.634907480393923720e+02
1.617079915565851138e+02
1.627657613202249536e+02
1.224663078477404383e+02
1.227371534314333559e+02
1.217526829755740607e+02
1.204642273330312179e+02
1.197153652126526850e+02
1.207359102285068531e+02
1.182435615031210858e+02
1.243991655311860711e+02
1.246709528804837390e+02
1.237131368737284589e+02
1.169635635032956031e+02
1.172476354311431663e+02
1.160611779259874368e+02
1.271617923575640674e+02
1.253889727999938941e+02
1.351941543310111058e+02
1.352928327552095311e+02
1.346522591612999236e+02
1.325138041837032290e+02
1.326451928885518896e+02
1.319560787749506119e+02
1.338806815640901391e+02
1.339881054076683427e+02
1.333359717412096472e+02
1.310671174331996838e+02
1.312253906214781125e+02
1.305209510831362252e+02
1.294078100746377515e+02
1.296857375564935637e+02
1.290625936029774721e+02
1.286797569026582266e+02
1.419872002003183979e+02
1.419656242610384425e+02
1.416474815003416836e+02
1.426070584988046051e+02
1.425945942255891339e+02
1.422825361236302228e+02
1.432474131080510062e+02
1.429175142752440593e+02
1.430444268519494244e+02
1.413001487351677099e+02
1.412973815338995394e+02
1.409423505323929362e+02
1.405344199884864906e+02
1.405526633456315153e+02
1.401649201541371212e+02
1.432377012157478191e+02
1.401170334890537390e+02
1.386874972664661243e+02
1.382149638936487577e+02
1.387255102710458630e+02
1.396307111617442160e+02
1.392057943822917423e+02
1.396593833139045273e+02
1.435733949690802262e+02
1.434073686171373936e+02
1.436150298419594833e+02
1.370462993070847801e+02
1.358281330879066502e+02
1.381630605100365017e+02
1.440133633142562246e+02
1.440490497491948645e+02
1.438374956403947351e+02
1.631626792929990586e+02
1.621793844478460471e+02
1.617534751226173455e+02
1.640526280737413742e+02
1.629344982112650371e+02
1.625770691541922588e+02
1.647725105520055138e+02
1.634985282504125337e+02
1.632509966034820650e+02
1.621294850962505336e+02
1.612840770347254420e+02
1.608053851090486148e+02
1.610824975512082062e+02
1.603214050689252588e+02
1.599252261842133578e+02
1.652983397513357033e+02
1.637881306083313291e+02
1.637170161170922995e+02
1.576570242336026411e+02
1.586435658383715293e+02
1.596357748255935007e+02
1.606156784787163474e+02
1.567028865826138997e+02
1.557574916623180741e+02
1.514860226695300582e+02
1.513980256168396465e+02
1.511183162576626842e+02
1.521964457333329506e+02
1.519527024995403792e+02
1.517311381605113070e+02
1.523469248338823263e+02
1.536005358566298753e+02
1.534152236122658621e+02
1.530439696039558157e+02
1.543902251831664501e+02
1.541820939293376114e+02
1.537920666973972459e+02
1.509014951134973330e+02
1.508355030114873898e+02
1.505817540997687161e+02
1.548488565323765158e+02
1.497846351496504553e+02
1.500231304642057921e+02
1.496879173277369546e+02
1.492168260002796387e+02
1.494048078105375339e+02
1.491138981072824095e+02
1.489258696567761717e+02
1.488130004369486130e+02
1.487404589102955015e+02
1.485589093144939739e+02
1.484275212128866883e+02
1.482028512220186656e+02
1.483729279011306517e+02
1.480564425404322719e+02
1.480218926736096705e+02
1.478632515202547211e+02
1.477329727785768227e+02
1.475642972359609928e+02
1.477060647758663947e+02
1.474417855421123988e+02
1.474236172376830893e+02
1.472934318936464422e+02
1.473118900715223560e+02
1.474417010686120761e+02
1.472931551123230633e+02
1.473066104896893478e+02
1.470025693680825043e+02
1.469137648178728455e+02
1.470728070043774665e+02
1.468410646715815062e+02
1.463422850849306940e+02
1.467769257007842896e+02
1.466292996772346839e+02
1.467277496550224782e+02
1.460801485938833650e+02
1.454345224785404866e+02
1.459364971597552483e+02
1.457721874799651118e+02
1.458065655692273310e+02
1.452224202715262038e+02
1.452424516403983716e+02
1.450431905956699268e+02
1.442880934244961111e+02
1.448731739559910920e+02
1.448653079585853618e+02
1.446846615978001296e+02
1.459498955189104379e+02
1.650037375751349771e+02
1.634706273791778131e+02
1.636262458623263001e+02
1.642680575631007400e+02
1.234371588133682422e+02
1.214683832573987416e+02
1.190185560271539771e+02
1.192560238502830003e+02
1.184121148347982171e+02
1.180933750104732383e+02
1.278614758056871494e+02
1.279018615894432997e+02
1.271228669484740124e+02
1.257396904963749478e+02
1.260535911524989814e+02
1.250766531728546909e+02
1.345402112718360286e+02
1.317924876612282219e+02
1.331994644605133260e+02
1.302417876354495263e+02
1.286382115655619600e+02
1.416499982541128588e+02
1.423042349390714207e+02
1.432286159863163846e+02
1.429198242545944311e+02
1.429045106578453215e+02
1.432292417032447247e+02
1.409228783087979764e+02
1.434110342335555117e+02
1.405075712141872089e+02
1.401052785680911938e+02
1.405211910197319014e+02
1.391652638856368469e+02
1.400770177815305999e+02
1.437980690031390907e+02
1.374735744209906443e+02
1.375504432676138151e+02
1.369700016412932939e+02
1.362778185065572529e+02
1.363649206030694359e+02
1.357411148544006210e+02
1.385981840218715888e+02
1.381197150549946855e+02
1.386413554826620782e+02
1.444697367938595676e+02
1.442784983313821670e+02
1.442457001156518004e+02
1.636249969635421166e+02
1.626685911556406836e+02
1.644270460057548746e+02
1.650440183130580181e+02
1.616319020222056793e+02
1.651338613493512071e+02
1.588352306520625348e+02
1.584980736668899226e+02
1.579975254836808460e+02
1.599807263278464404e+02
1.590452321102663120e+02
1.595807648250747945e+02
1.612151508947495415e+02
1.606842707566285355e+02
1.601711084184249501e+02
1.623573681515004807e+02
1.617546640678745575e+02
1.612198798280796836e+02
1.577565023369978405e+02
1.574839032824731362e+02
1.569779800747456591e+02
1.566754377639129530e+02
1.564634110632909483e+02
1.559719561870190887e+02
1.512041335476448296e+02
1.518408985372151108e+02
1.530276384672234542e+02
1.526108487040062016e+02
1.527705203390568158e+02
1.540111454528720287e+02
1.533292434190323661e+02
1.503746262375831577e+02
1.506395134899838126e+02
1.503167693798825439e+02
1.556383466974650673e+02
1.554764730105942760e+02
1.550131588869778909e+02
1.500625959356987380e+02
1.494833082663479615e+02
1.490149991648050332e+02
1.486280219591510559e+02
1.482473827447608130e+02
1.478997088224862466e+02
1.475923833690527545e+02
1.474465600273116763e+02
1.473709208677867366e+02
1.472529179827097039e+02
1.474118779744353844e+02
1.471895126958870321e+02
1.468917700192951088e+02
1.462406356829444576e+02
1.462218065908772076e+02
1.463608573325445832e+02
1.465496344417675232e+02
1.466626540177155960e+02
1.465162669813000207e+02
1.460990505343182235e+02
1.454262127245037846e+02
1.453444867336618245e+02
1.455158234931064953e+02
1.459511036844853891e+02
1.459445243586174001e+02
1.457788905668127768e+02
1.450507433301498850e+02
1.453263365623775769e+02
1.444793502202940942e+02
1.446737397154897735e+02
1.460884875425530822e+02
1.671589302915775761e+02
1.661122676953078781e+02
1.653493481152125355e+02
1.672153617405104171e+02
1.653661450830634578e+02
1.672582832264604065e+02
1.238575158052361189e+02
1.241271330402263402e+02
1.231705429080110719e+02
1.218976324908963562e+02
1.221775386627891180e+02
1.211928977098440328e+02
1.198425416299818806e+02
1.186673075242604654e+02
1.189361887976555749e+02
1.178045406420320234e+02
1.268039646130731910e+02
1.248031375628268762e+02
1.349867484984302166e+02
1.350887969233613433e+02
1.344390321499512311e+02
1.322151762640703225e+02
1.323629790389176435e+02
1.316461516058780319e+02
1.336343318827761379e+02
1.337559214092786419e+02
1.330793193324552135e+02
1.307418273821263028e+02
1.309038553549545441e+02
1.300795095581142391e+02
1.294645361598291515e+02
1.286635737694319914e+02
1.294356279642650520e+02
1.420174861873870498e+02
1.416655274704533554e+02
1.420022557074672704e+02
1.426745451848670996e+02
1.426415363694815710e+02
1.423380144563597298e+02
1.432789644409562015e+02
1.429503019989827806e+02
1.432484556805646321e+02
1.436940914329337318e+02
1.434708030696029937e+02
1.434625517347507184e+02
1.412821463649561053e+02
1.409145456513434738e+02
1.412914245735234147e+02
1.436347405026386923e+02
1.409010270009832482e+02
1.396096003637002525e+02
1.391537576445519164e+02
1.396193978524294437e+02
1.406863178740163960e+02
1.405974507484259561e+02
1.401640265091047581e+02
1.438591490605946888e+02
1.380395238828699860e+02
1.368787125233629069e+02
1.356351822152163891e+02
1.391067032955567981e+02
1.444548368438108810e+02
1.444621213877479420e+02
1.442366612081779920e+02
1.661399573617822227e+02
1.651344260413711993e+02
1.646368431894779008e+02
1.650038127012315954e+02
1.635539572718616341e+02
1.641228330336353736e+02
1.671479942652133275e+02
1.660047042633196952e+02
1.655916573753582099e+02
1.681497408323679394e+02
1.667706451928819433e+02
1.664502415132391775e+02
1.636124764259169808e+02
1.623423138617416441e+02
1.629094484823872051e+02
1.688375755961181426e+02
1.669437589592693030e+02
1.670771975662228499e+02
1.583192398470849014e+02
1.594370790305973173e+02
1.606274877697751435e+02
1.618199025759141705e+02
1.630155038326253418e+02
1.572370048468217476e+02
1.561767966981766733e+02
1.515739219419285746e+02
1.515404765453539540e+02
1.512383629168991774e+02
1.521068456060027358e+02
1.517953181340918434e+02
1.521483058201932579e+02
1.529348416885278255e+02
1.529914246690595974e+02
1.525730789908206191e+02
1.546695086762687765e+02
1.545476157695759412e+02
1.541348436426557384e+02
1.538136731646721103e+02
1.537220079310633594e+02
1.534215163120658758e+02
1.509498560795463789e+02
1.509351051317214001e+02
1.506542812321158351e+02
1.551716983333735698e+02
1.498464952159843619e+02
1.501028624041309740e+02
1.498063283187107402e+02
1.493403830088863913e+02
1.495553279945193879e+02
1.492703435951822541e+02
1.490693760501325187e+02
1.488859900996878025e+02
1.486576835839660191e+02
1.488563707930636042e+02
1.484585806343066849e+02
1.482579878310017705e+02
1.484468092205614198e+02
1.480852755207304199e+02
1.479093651072640512e+02
1.480749432371354430e+02
1.477500081236381675e+02
1.477461219970431330e+02
1.475958796308582919e+02
1.476008681347350660e+02
1.477220476182711195e+02
1.475515324106144703e+02
1.475818913724631898e+02
1.472939804887682556e+02
1.473371674132816054e+02
1.471468814741240863e+02
1.470312997336652074e+02
1.469045828537866498e+02
1.470196179469494950e+02
1.463947374239084525e+02
1.468687572818889464e+02
1.468223366482292818e+02
1.467091151632738217e+02
1.456006569226134104e+02
1.456046020865702531e+02
1.455124262667453081e+02
1.457776861289008536e+02
1.462718749544126240e+02
1.461042855613850406e+02
1.461109468700239802e+02
1.452678109690887993e+02
1.450739245229806613e+02
1.452446858458509382e+02
1.454159518959067441e+02
1.448781196640248083e+02
1.448750309595792487e+02
1.446766396819886324e+02
1.462562627400981228e+02
1.680721922997825288e+02
1.702600439271663504e+02
1.688098382652971168e+02
1.687239019962063082e+02
1.228821626210044968e+02
1.205721785155649712e+02
1.208973469895303339e+02
1.197687577932410221e+02
1.200669207150951507e+02
1.270409461779796487e+02
1.274493759643570030e+02
1.263972868008355448e+02
1.252054701990931278e+02
1.254717272292207042e+02
1.245393626903545936e+02
1.343135537483414339e+02
1.329275765101117770e+02
1.314819891381539776e+02
1.301047886245154643e+02
1.289064348115260543e+02
1.291826715878142409e+02
1.283886437956774387e+02
1.416560783604502944e+02
1.423530079757158830e+02
1.429845109651299140e+02
1.438671601446185377e+02
1.435766981519840613e+02
1.435428718442725255e+02
1.437786878647165167e+02
1.412392076371029930e+02
1.408730500137703530e+02
1.412595484224716813e+02
1.401504434017244307e+02
1.409636627677708418e+02
1.441116581388978659e+02
1.439037210543814922e+02
1.440626625902766591e+02
1.384526164986991148e+02
1.379689756683206667e+02
1.385240677333415533e+02
1.372726082218394765e+02
1.373721989918043391e+02
1.367806227693195922e+02
1.360598981889030483e+02
1.361679196479356904e+02
1.355293035011688119e+02
1.394890776350863746e+02
1.395482009970900776e+02
1.390484125597657794e+02
1.446685229578378653e+02
1.442840593078997813e+02
1.666725347769568657e+02
1.655968385516512740e+02
1.643364141374838425e+02
1.676890338789165469e+02
1.685610550781611039e+02
1.593326927989376998e+02
1.591087361396218682e+02
1.585445874452302348e+02
1.605387959277754533e+02
1.602867762565348926e+02
1.596918787651742093e+02
1.618908998263490844e+02
1.615843737420814534e+02
1.609396395688431198e+02
1.633200985635721452e+02
1.628735265294844510e+02
1.622668223224042094e+02
1.647118105441981299e+02
1.635310760300677941e+02
1.642023690314302939e+02
1.581367203404692816e+02
1.579712780635095442e+02
1.574046574112583698e+02
1.569509452429801399e+02
1.568354171689946099e+02
1.562944801101846792e+02
1.512724339189917941e+02
1.518488197027283775e+02
1.525164565992133703e+02
1.533899328804396589e+02
1.542588375391553939e+02
1.503839144923505842e+02
1.506676786311642786e+02
1.503687593101217317e+02
1.558501512322299050e+02
1.552597644028942341e+02
1.557633851191361885e+02
1.495779060294980809e+02
1.500976849076749886e+02
1.491137858885998924e+02
1.486776453945699927e+02
1.482743873961243537e+02
1.479218511707027233e+02
1.477411742662792733e+02
1.476412470601161999e+02
1.475062301044377477e+02
1.476870292052300044e+02
1.474703731732025460e+02
1.471666585269436496e+02
1.469504399213531087e+02
1.464101591661072064e+02
1.466082806779449754e+02
1.467378704449515112e+02
1.465792777364499102e+02
1.459898477428687329e+02
1.457982872930127201e+02
1.459705712221353622e+02
1.463059701842211382e+02
1.462889015439592981e+02
1.461287187114987773e+02
1.450755680052141656e+02
1.454379753245894449e+02
1.696286799578873854e+02
1.711870028144841456e+02
1.692156056733393825e+02
1.708155257206399256e+02
1.233098878973080161e+02
1.226143008259664811e+02
1.235815299333617503e+02
1.213837922854975204e+02
1.203019886705038033e+02
1.205779837787617339e+02
1.194749107204763163e+02
1.261277237814683048e+02
1.279769346918152451e+02
1.242629368038766131e+02
1.347712610089971861e+02
1.348774110837954083e+02
1.342084437636048904e+02
1.333567332135624781e+02
1.334940939551364636e+02
1.327906409735883813e+02
1.319422773448076782e+02
1.313465393270917900e+02
1.320774614507977844e+02
1.305048146929566428e+02
1.306215803639275066e+02
1.299885516129302516e+02
1.297064784669264270e+02
1.420490235665656087e+02
1.416711236747491967e+02
1.420346330394956453e+02
1.427296395473346706e+02
1.423819452248209529e+02
1.427039355364778714e+02
1.433627833866184744e+02
1.433218905201089228e+02
1.430265102448773007e+02
1.439169780823394831e+02
1.438888938622706064e+02
1.436058499817639529e+02
1.439886074873782604e+02
1.416471673191681475e+02
1.404027422962810192e+02
1.400086798919658975e+02
1.405430099893589500e+02
1.417175558457408329e+02
1.414793354352921710e+02
1.412026527927703796e+02
1.389748293077086032e+02
1.378668902035748545e+02
1.366702922773754949e+02
1.354203133535470727e+02
1.399463978298080917e+02
1.448642553514193878e+02
1.448708841459101109e+02
1.446621069498603447e+02
1.444249530638044519e+02
1.444393816245484459e+02
1.442703155784270734e+02
1.692739277965799545e+02
1.682605684796516528e+02
1.676999082753034713e+02
1.679460008463056795e+02
1.670884149503738740e+02
1.664606187827606050e+02
1.664805699792864289e+02
1.657866763573806566e+02
1.650361028942006953e+02
1.709171654896987036e+02
1.690346680808928568e+02
1.696016216590480497e+02
1.724045470847634363e+02
1.702713982477263812e+02
1.707037485865199358e+02
1.587583732706101785e+02
1.599623736415560415e+02
1.612449551540557309e+02
1.626399355974084813e+02
1.640501020577978011e+02
1.656277577847859561e+02
1.575650958191791915e+02
1.564199920695240280e+02
1.515752517970046824e+02
1.515861745665283706e+02
1.512634188418447536e+02
1.522667850150007496e+02
1.521999374984447684e+02
1.519180605693789801e+02
1.526196668412409281e+02
1.538687904689378172e+02
1.538591652354037080e+02
1.534028675540875497e+02
1.548104849547722210e+02
1.543123864635747964e+02
1.547570572113336880e+02
1.508892381547449020e+02
1.509296084455397704e+02
1.506288413316140975e+02
1.553487146178057685e+02
1.493453694027114977e+02
1.495895019612700594e+02
1.493344479088228240e+02
1.498027208665694729e+02
1.500860888410372525e+02
1.498162731662735041e+02
1.491087340991938106e+02
1.488197774742900208e+02
1.486327683971437921e+02
1.488485291422532271e+02
1.484254078526297747e+02
1.482505946906699705e+02
1.484374928379817788e+02
1.480744922912796540e+02
1.480841316810023613e+02
1.479118539740707092e+02
1.479033995079468866e+02
1.480155248254780531e+02
1.478338267708406875e+02
1.478687417799184232e+02
1.475535067229898800e+02
1.474212910305292041e+02
1.475991568647600047e+02
1.472467547190529444e+02
1.472743131577775273e+02
1.471372753188795173e+02
1.470574599203963260e+02
1.464396744446102616e+02
1.469546436007184695e+02
1.467809682519813634e+02
1.469111327928854109e+02
1.461493424582506009e+02
1.456876343465751233e+02
1.458423354820806139e+02
1.456442417312252644e+02
1.464565629265518965e+02
1.453109942134105381e+02
1.452885827225428557e+02
1.450975195737763102e+02
1.454818646072887987e+02
1.732961522192859150e+02
1.710674722829376151e+02
1.718578904216662693e+02
1.744165049412252699e+02
1.723388038299859204e+02
1.728903466350450344e+02
1.754623108650555707e+02
1.733465022147530021e+02
1.750420436271525375e+02
1.221006451435736153e+02
1.224389991778969318e+02
1.216597106681853120e+02
1.213599784760452422e+02
1.265219782405703342e+02
1.267810191132214044e+02
1.258711349729869937e+02
1.282978101246709173e+02
1.286012234342776992e+02
1.276757549826641025e+02
1.246393229175114357e+02
1.249217840244021716e+02
1.239843353445592697e+02
1.340671733034036208e+02
1.326515769728752048e+02
1.312248356267458576e+02
1.300232134754793663e+02
1.302621202503884490e+02
1.294693652091344518e+02
1.424000565456152572e+02
1.430556421531742046e+02
1.436487142079486716e+02
1.444308737339802349e+02
1.441774670771336559e+02
1.441453169953209681e+02
1.441457439819090212e+02
1.418876416404324630e+02
1.414019013083138816e+02
1.410447800020445754e+02
1.409017408549775041e+02
1.415607649291719952e+02
1.393933916373028126e+02
1.389303174153172620e+02
1.394416259707178654e+02
1.383257148983732066e+02
1.377994470625787926e+02
1.383859763789338047e+02
1.370450759400883669e+02
1.365546543381850597e+02
1.371592400995186267e+02
1.360481070263538754e+02
1.354130760556774931e+02
1.360531038207753340e+02
1.401687916674818268e+02
1.398317903485209683e+02
1.402852667296700702e+02
1.450898141927270046e+02
1.446462720273499656e+02
1.686480184396373829e+02
1.701448330847258035e+02
1.672452061650168957e+02
1.717343600894660653e+02
1.729332592891815921e+02
1.596176798059798330e+02
1.594998926528035383e+02
1.588776336416153185e+02
1.608945834263926429e+02
1.601174513227625766e+02
1.607386881574902020e+02
1.624148452796401045e+02
1.621822826906378339e+02
1.614816582907871236e+02
1.639777424459235817e+02
1.636836637637907188e+02
1.629365570567051122e+02
1.655593156925346250e+02
1.644391959856838810e+02
1.651786074498541552e+02
1.675442472227335031e+02
1.661203726895614636e+02
1.670591193718141767e+02
1.583248358228132986e+02
1.582542677260323103e+02
1.576376193527781027e+02
1.570654593181707241e+02
1.564581139173027680e+02
1.570282299409673499e+02
1.512416739918851647e+02
1.519333059675675770e+02
1.530455424700578249e+02
1.530104615501120691e+02
1.526574073013092061e+02
1.543585606602374298e+02
1.534754794595569081e+02
1.503249772138432547e+02
1.506051114761530982e+02
1.503470812343588818e+02
1.558768129928137682e+02
1.558816271094866011e+02
1.553446329476102790e+02
1.495599739712662597e+02
1.500502545184134533e+02
1.490725536963000195e+02
1.486066905997052743e+02
1.482500236301808911e+02
1.480505041821258203e+02
1.479011434254092023e+02
1.477715528588852578e+02
1.479628295774539879e+02
1.477296507720949421e+02
1.473971287396680339e+02
1.471012625657303090e+02
1.466497112796106705e+02
1.466289985628063164e+02
1.468007005187366758e+02
1.463514596745319238e+02
1.461733619796285950e+02
1.463284219469452978e+02
1.461076981293510642e+02
1.460483909664901603e+02
1.459026357437978731e+02
1.464760811617220781e+02
1.455023458304102633e+02
1.739235347962233504e+02
1.788343960684362912e+02
1.772804779820435783e+02
1.766422880861904900e+02
1.801443564347147799e+02
1.778162581107647497e+02
1.796527411517631947e+02
1.228637923101117622e+02
1.218835315610608632e+02
1.221423464847284066e+02
1.210834655246445521e+02
1.274146222957199370e+02
1.255867491146581756e+02
1.291637177265799892e+02
1.235383329013814091e+02
1.344950078934988085e+02
1.339301218470002937e+02
1.346317196277828430e+02
1.330416990158096837e+02
1.331979094270186295e+02
1.324962958861645177e+02
1.315961440049669307e+02
1.317676715055277725e+02
1.310545246798299672e+02
1.308113060157218399e+02
1.429232823100194025e+02
1.428290389053134390e+02
1.424926218813949674e+02
1.434549053156378875e+02
1.430995066742344477e+02
1.434109701794143632e+02
1.440566456376480176e+02
1.439879819501874181e+02
1.437177985336048209e+02
1.445398608713030342e+02
1.444829739429958124e+02
1.442367045030249812e+02
1.444240997710490433e+02
1.424116456218455937e+02
1.420659326323686003e+02
1.422311428022070459e+02
1.409955253534089650e+02
1.411990283146315903e+02
1.406986186500497240e+02
1.423475707740893768e+02
1.420296845934816474e+02
1.418705817752487803e+02
1.388641552982184635e+02
1.397869555467965483e+02
1.376837686576983231e+02
1.365494111166699724e+02
1.352722686365298159e+02
1.405799151681010812e+02
1.453216389403576727e+02
1.453157353818670288e+02
1.450955929336008694e+02
1.448608228886250515e+02
1.448626762813157711e+02
1.446460665859435437e+02
1.710461536372523597e+02
1.702130151358237242e+02
1.694862956296858840e+02
1.728560004609748262e+02
1.719455224627758696e+02
1.710712384037442177e+02
1.694259120679327850e+02
1.687367107996061861e+02
1.679397204158448744e+02
1.753104817296442945e+02
1.731062098386664445e+02
1.739294870322480051e+02
1.762494694265032820e+02
1.748531681967052407e+02
1.743164824933767534e+02
1.589948957021619265e+02
1.602823188864475412e+02
1.616812222083659947e+02
1.632299871852402191e+02
1.648069851691232941e+02
1.665932339424000190e+02
1.685235462163017246e+02
1.577169943881428367e+02
1.564915088345663037e+02
1.514819955626259116e+02
1.511863395318306686e+02
1.515368419926311105e+02
1.522264122736869467e+02
1.522584367513894961e+02
1.519021717319932918e+02
1.526488514628790369e+02
1.547921796867662181e+02
1.548193181346713914e+02
1.543318477827235427e+02
1.538127104355336314e+02
1.534292879244672463e+02
1.538588941835345452e+02
1.508944119888505782e+02
1.506001204482492426e+02
1.508946182788789940e+02
1.553546052185578787e+02
1.492681955100308073e+02
1.495277075506974427e+02
1.492986001253789539e+02
1.496743000292122474e+02
1.499897520048268120e+02
1.497321582346078230e+02
1.490268160402617923e+02
1.484154471087312857e+02
1.486161635133828725e+02
1.484188653839493668e+02
1.482436883318419518e+02
1.482211106094690649e+02
1.483202905068296502e+02
1.481162205896070816e+02
1.481675099392690811e+02
1.476482998444142538e+02
1.477780536840212164e+02
1.476028741044293042e+02
1.474459212165447468e+02
1.472752044300144689e+02
1.471159157550195573e+02
1.472624134030002665e+02
1.470155569069234218e+02
1.468320051761087086e+02
1.469843926109306835e+02
1.464989610473873540e+02
1.462343361376108248e+02
1.457627705547329242e+02
1.459387651961261554e+02
1.457247446504712798e+02
1.455399338151687232e+02
1.775576276340446213e+02
1.754182665433449415e+02
1.760660438826206757e+02
1.782811789368595328e+02
1.845330537691758366e+02
1.816088350169867454e+02
1.824071360973501044e+02
1.853152284525688174e+02
1.827732502283198812e+02
1.850133613237329371e+02
1.239853921928926894e+02
1.229262214500756443e+02
1.232047829327367765e+02
1.278104645797361627e+02
1.280544273654376752e+02
1.271730702930440344e+02
1.259752881856330049e+02
1.262493214418418574e+02
1.253157827289819295e+02
1.295409698959117577e+02
1.289247409522928933e+02
1.297812434124411425e+02
1.243047289955574826e+02
1.337703216931998611e+02
1.323206529887695524e+02
1.311781597954766028e+02
1.313861859577730513e+02
1.306052500098199118e+02
1.431980723461776677e+02
1.426736905186386650e+02
1.437655691126531394e+02
1.443085396759948082e+02
1.448977515064549380e+02
1.447259897633831827e+02
1.446637193650526569e+02
1.446457997315234252e+02
1.423758268688660849e+02
1.420804401374367103e+02
1.417419611240666768e+02
1.415352692572392925e+02
1.422104595413203754e+02
1.394437106284710524e+02
1.388768554193945590e+02
1.394152715734884680e+02
1.404984164479154174e+02
1.403366057340049622e+02
1.399496938935467938e+02
1.375795673455685630e+02
1.379515567586429938e+02
1.373087012713123727e+02
1.368091524105277301e+02
1.355283733385282403e+02
1.350159616041354127e+02
1.357874676703838759e+02
1.407478972668176596e+02
1.455442123462293296e+02
1.450933382384686468e+02
1.702751689850487651e+02
1.720035463568454759e+02
1.741549133539520540e+02
1.758266304267286557e+02
1.769495372405273486e+02
1.597247723070820484e+02
1.596951926816302887e+02
1.590251818081851241e+02
1.610897556623668834e+02
1.610122517812650926e+02
1.603557333771040874e+02
1.626361709262404531e+02
1.617716523088837164e+02
1.625483371818567377e+02
1.642679864427572625e+02
1.641581244861499158e+02
1.633500679923733401e+02
1.660872094385513549e+02
1.650311539263135501e+02
1.658598206945699189e+02
1.683840176756903588e+02
1.680144436211259347e+02
1.669682444396698884e+02
1.705121274889960716e+02
1.700247082267971450e+02
1.690183660043570910e+02
1.582998686155395376e+02
1.583338234946169223e+02
1.576842710123452207e+02
1.569708752353012073e+02
1.570375077988971668e+02
1.564260423258875221e+02
1.511935602868994977e+02
1.518653148495136520e+02
1.528874852588177760e+02
1.529794399081949337e+02
1.525584781317804186e+02
1.543215803849065537e+02
1.533650562177042218e+02
1.505251038591695476e+02
1.506972682564381785e+02
1.504187405248443099e+02
1.557460152831536675e+02
1.558298962594465706e+02
1.552715972383327880e+02
1.494578315508916830e+02
1.500338136795284072e+02
1.498422925782530228e+02
1.501725307550298396e+02
1.487837518400197041e+02
1.490193490058050827e+02
1.487955355531394730e+02
1.485933737329020232e+02
1.483734025499921074e+02
1.481504206971996496e+02
1.480265509917524867e+02
1.482404423233849400e+02
1.479041579395774875e+02
1.474674402590916600e+02
1.471464745177831048e+02
1.466106835883105646e+02
1.468146451340508065e+02
1.466324485599523655e+02
1.464789897259218208e+02
1.463650886598706506e+02
1.462360503016547568e+02
1.461710554168722638e+02
1.460025478814021369e+02
1.815184612206255395e+02
1.795003288504371142e+02
1.802055633632726028e+02
1.829970689044072856e+02
1.899586654674209569e+02
1.878214950037692290e+02
1.871726882770031182e+02
1.912082917099786812e+02
1.882954119686156389e+02
1.908236438835344018e+02
1.234219180138788943e+02
1.236878929111185812e+02
1.226445221521914277e+02
1.268992793998426265e+02
1.286800586749047284e+02
1.249805783933069137e+02
1.303625435269235879e+02
1.341932826805327750e+02
1.336225775331825503e+02
1.343432587972220915e+02
1.327113519541090056e+02
1.328755004447784813e+02
1.321580229120894785e+02
1.319473370512715462e+02
1.436111372584474282e+02
1.432676957095671355e+02
1.435335528634460331e+02
1.432725595163391574e+02
1.430981633770671806e+02
1.428450971692066105e+02
1.441798167660748220e+02
1.438237475756388335e+02
1.441187155891779526e+02
1.447541441990498754e+02
1.446497175530622030e+02
1.444151208492202443e+02
1.452542301057986549e+02
1.450737945212947295e+02
1.448998909387712786e+02
1.448793098310362382e+02
1.428069411473021830e+02
1.417270355152510604e+02
1.419019912124056759e+02
1.413598833154410386e+02
1.431034595420989035e+02
1.427252636371653125e+02
1.425891487907005626e+02
1.389144421515305226e+02
1.391739377602904426e+02
1.386165364586320550e+02
1.399678919913606308e+02
1.382412671123976224e+02
1.368472439598606911e+02
1.372124016180935371e+02
1.364466364006090089e+02
1.348636516297819981e+02
1.361870573024126259e+02
1.411101452634371185e+02
1.458009913289405972e+02
1.457809719276123701e+02
1.455635804336923229e+02
1.453360966756753214e+02
1.450974906900442534e+02
1.453263677789547614e+02
1.724953339084789548e+02
1.718213529130650556e+02
1.709457976940103094e+02
1.738755731550920416e+02
1.724484095197618956e+02
1.733759036397768227e+02
1.769693358315125806e+02
1.762118512123385585e+02
1.749187891943971351e+02
1.791364566385708201e+02
1.777639290452516718e+02
1.772006624611700829e+02
1.804578724258598186e+02
1.790655445837249147e+02
1.783252098267885231e+02
1.590353914982948140e+02
1.604310494712142372e+02
1.618798025133486931e+02
1.634827294986834545e+02
1.652349091525002791e+02
1.672779329206283307e+02
1.694925043450946873e+02
1.715465412875615527e+02
1.576570549600635331e+02
1.563787118234322975e+02
1.511742485450302524e+02
1.513351243362185983e+02
1.510391198156350470e+02
1.520229426392010623e+02
1.517543332410658081e+02
1.521343070208714892e+02
1.524676080824776818e+02
1.546147683236486046e+02
1.547201035718500464e+02
1.542162166402517869e+02
1.535706524076217363e+02
1.537050795933543270e+02
1.532313032242352620e+02
1.502629011914320074e+02
1.508389366014463917e+02
1.551979885849225411e+02
1.491457140181268812e+02
1.494035094103308552e+02
1.492004006520934638e+02
1.495240730523989612e+02
1.497709133136509081e+02
1.495921937341649084e+02
1.489521040114269965e+02
1.485518776583145382e+02
1.486271459183676313e+02
1.483953307431296480e+02
1.484737118430412295e+02
1.479145457031841886e+02
1.480379047165684767e+02
1.477820723872949031e+02
1.474427604703906809e+02
1.475507911578893356e+02
1.473592702662634792e+02
1.472329376561439460e+02
1.470892621738683772e+02
1.470520357640826319e+02
1.468544979190726565e+02
1.464274756174939682e+02
1.460202445383168595e+02
1.809505437994474732e+02
1.850182871817875423e+02
1.847167187663646928e+02
1.832312535049721589e+02
1.886159625469763910e+02
1.866068334671166724e+02
1.894848457226269716e+02
1.962138456518462135e+02
1.930889298963464853e+02
1.939772180825954422e+02
1.254477292377555102e+02
1.247101760529667729e+02
1.244285655603386971e+02
1.273091402294382135e+02
1.275612461978331709e+02
1.266497882910762200e+02
1.290520810770470916e+02
1.292970045227010019e+02
1.284374082286818179e+02
1.257059562830550163e+02
1.307503012006628751e+02
1.301508247306857413e+02
1.309641595965389627e+02
1.334558333710246814e+02
1.323564938816556946e+02
1.325335379006868948e+02
1.317718362433124923e+02
1.438987055161341004e+02
1.434424110043017606e+02
1.444774662080851328e+02
1.450091019628114850e+02
1.451158586626524141e+02
1.452906494409722598e+02
1.431848049834133576e+02
1.428408614868025381e+02
1.424619769077450826e+02
1.422807865119295627e+02
1.429708428431987386e+02
1.401562177287973441e+02
1.398010531926483679e+02
1.395305685669767115e+02
1.403258535129683082e+02
1.382924808152270941e+02
1.386009220986677803e+02
1.379327049027306202e+02
1.375649889809853903e+02
1.353270992777995332e+02
1.354282248063997542e+02
1.347660908219137355e+02
1.364332193112868197e+02
1.359844356090473809e+02
1.366407309725099140e+02
1.413692653652609863e+02
1.415450573907030218e+02
1.409330304954531528e+02
1.455674184905020070e+02
1.731926480616312176e+02
1.754205476419909360e+02
1.780903676811308856e+02
1.798246538412828670e+02
1.595556241066702228e+02
1.596631383273983431e+02
1.589297646919542899e+02
1.611451655582739306e+02
1.604334645831023352e+02
1.611398737973832169e+02
1.624945891377652458e+02
1.625640482810887306e+02
1.617878092224293027e+02
1.641476880534600014e+02
1.642140521598261387e+02
1.634000578951181524e+02
1.662675955834180286e+02
1.652806833622528586e+02
1.662226703487983741e+02
1.687633810811256581e+02
1.686258151780936601e+02
1.674251798960672772e+02
1.711606443785376825e+02
1.708956124749173284e+02
1.697650799701559663e+02
1.735139396887439318e+02
1.730674926036002432e+02
1.719947469945652188e+02
1.580647665693402359e+02
1.582022657579777842e+02
1.575208971305478372e+02
1.566918023974087362e+02
1.568483968610246961e+02
1.562214570092836254e+02
1.516091832927714051e+02
1.526134004337192493e+02
1.523198450183262480e+02
1.527607382587987388e+02
1.541077165123477073e+02
1.531055617332702070e+02
1.499985477501386697e+02
1.500078750474934850e+02
1.502515856059033865e+02
1.505146659013545616e+02
1.508502667461354463e+02
1.505105837280405296e+02
1.554264771496848425e+02
1.556019099973345021e+02
1.550235906333006710e+02
1.493213943801949597e+02
1.497440182989622883e+02
1.488866800987647707e+02
1.487052169087201605e+02
1.484145381847481246e+02
1.482832592149364359e+02
1.485266906229751953e+02
1.481711342368279247e+02
1.476849385117087081e+02
1.472694888279752377e+02
1.467267872837956020e+02
1.469118784948431369e+02
1.466699072338150245e+02
1.464859281464534320e+02
1.463039485922731728e+02
1.462688221856726329e+02
1.460550934553896525e+02
1.826549643090021391e+02
1.868105393534252414e+02
1.931679290352907969e+02
1.918218305264822163e+02
1.909645130596659328e+02
1.979981935429547946e+02
1.946409128924270817e+02
1.974629503464925051e+02
1.950408266560997106e+02
1.249305438364704912e+02
1.251763611954697382e+02
1.241691454855119758e+02
1.263792487555964925e+02
1.281869528040973023e+02
1.299058437858253114e+02
1.315570418648680686e+02
1.339605864364954471e+02
1.333415179945597231e+02
1.340765411871604158e+02
1.331627009954895300e+02
1.441882789830402771e+02
1.441822712727123132e+02
1.439006414948122483e+02
1.437281766760751225e+02
1.450261958561039251e+02
1.446093520271447801e+02
1.448912569673960036e+02
1.454531770975562779e+02
1.453513312331777456e+02
1.451128859383685779e+02
1.458238705887035565e+02
1.455802592392162182e+02
1.455380811950732038e+02
1.440703290515415063e+02
1.436702393940099967e+02
1.435835757684426710e+02
1.425353544324047732e+02
1.426865386105087623e+02
1.421296442519208654e+02
1.438670305496926574e+02
1.434858056437771552e+02
1.433515083951107840e+02
1.396748656850373038e+02
1.399138242179564884e+02
1.392917429075423570e+02
1.407592262839106638e+02
1.389773852605890170e+02
1.375420027742896707e+02
1.379182911069806892e+02
1.371943330002289940e+02
1.346494740931926515e+02
1.358853092573409640e+02
1.369927159672547532e+02
1.419468437532872258e+02
1.458115427011098859e+02
1.756492512138412394e+02
1.747987540329006038e+02
1.740389134512276712e+02
1.763418422514408803e+02
1.814964267782664820e+02
1.804059029782999630e+02
1.792016228663475204e+02
1.835802134201200317e+02
1.820881914431831774e+02
1.813172701816642984e+02
1.588331791359710223e+02
1.603754419647251268e+02
1.618265078977476890e+02
1.633087754719872464e+02
1.652052561964081860e+02
1.675503313009357385e+02
1.700114931985871465e+02
1.723851438145687496e+02
1.746152760741404109e+02
1.573974825617294186e+02
1.560801181785519134e+02
1.517264932284185193e+02
1.514516617226778692e+02
1.518857472590810858e+02
1.521839323960762442e+02
1.542653912468277895e+02
1.544525341508009433e+02
1.539205080470581777e+02
1.531985720777020106e+02
1.529083251479949297e+02
1.533951540566736469e+02
1.502362070814627089e+02
1.509420479236953554e+02
1.510736242554524438e+02
1.507201052889206778e+02
1.548609981860981861e+02
1.489378003631071294e+02
1.490411971215998221e+02
1.492300082856183678e+02
1.493491450501982456e+02
1.496650909089488550e+02
1.494286217816672320e+02
1.487828855118479225e+02
1.486831573697463398e+02
1.481392299161696258e+02
1.480279580950812885e+02
1.482827122148581225e+02
1.476118591829603872e+02
1.477682318260898739e+02
1.475283138318492320e+02
1.473555712251378225e+02
1.472515943060388111e+02
1.471693599210267109e+02
1.469938882860868716e+02
1.465181298341231866e+02
1.460648729151329235e+02
1.842423070962063605e+02
1.892920035064947228e+02
1.888814243838939717e+02
1.870202925112743912e+02
1.911915332009546376e+02
2.036890758258666096e+02
1.999765554045459623e+02
2.012365511999587397e+02
2.002630022440550306e+02
1.964838293517134673e+02
1.982888027153898349e+02
2.060313030394734994e+02
2.020764932211663734e+02
2.053460419825131567e+02
1.268337531650087726e+02
1.258773929605962678e+02
1.261351397236491465e+02
1.270671978686466304e+02
1.286024193116132608e+02
1.279628367304193262e+02
1.288294665126349798e+02
1.303399203673616853e+02
1.305462229576321818e+02
1.297016743955913398e+02
1.320101325784788173e+02
1.321838377525937744e+02
1.313849635940888163e+02
1.336319196061397747e+02
1.329989281421021872e+02
1.337964404665492282e+02
1.446101080499292379e+02
1.441260263008744573e+02
1.452517052281443171e+02
1.458445121847956329e+02
1.456603129218743220e+02
1.455499219414272716e+02
1.458350623679682201e+02
1.439661760586064645e+02
1.436401551399067671e+02
1.432418846281721869e+02
1.430840580260426975e+02
1.437525979552241040e+02
1.409548736044579869e+02
1.405579937176314047e+02
1.403120138198066797e+02
1.411615634157969907e+02
1.391317230081237710e+02
1.394010651742802622e+02
1.387109472698810748e+02
1.383373443710327138e+02
1.354004085642624489e+02
1.346852555447611905e+02
1.353664781665667078e+02
1.363953267416067945e+02
1.358619403570986890e+02
1.364140657671554209e+02
1.369709493944444603e+02
1.422107091665830580e+02
1.423700860999071836e+02
1.417870478361205926e+02
1.792940102514883165e+02
1.774388518100625447e+02
1.782106585215032908e+02
1.825963534169083005e+02
1.804621549875469668e+02
1.591653509356573863e+02
1.586191081148607793e+02
1.593810809752217779e+02
1.608429402368394392e+02
1.610202140731791474e+02
1.602009844398692735e+02
1.628675152059906850e+02
1.627053650376888356e+02
1.619950292896268991e+02
1.635073373178686040e+02
1.648306557515298607e+02
1.644861415052754694e+02
1.655756374280415741e+02
1.687979469542600839e+02
1.675261192858525874e+02
1.688337896048302014e+02
1.713558221112046454e+02
1.713165664504187191e+02
1.700566637341842693e+02
1.740001307310959646e+02
1.738269710139374808e+02
1.725689023859494853e+02
1.767016705919754713e+02
1.750808253331629771e+02
1.762536736013826726e+02
1.576650807138863399e+02
1.571824334682561926e+02
1.578834294625261236e+02
1.563313216989263594e+02
1.558667737564460936e+02
1.565126190781402329e+02
1.513500584756251612e+02
1.522166686912330249e+02
1.519742648167591597e+02
1.524258778377017904e+02
1.537461894895310195e+02
1.527217127544244590e+02
1.497587811961929845e+02
1.501276817901361937e+02
1.498699106132294787e+02
1.501595165867357480e+02
1.505528497723426256e+02
1.503289218420471798e+02
1.549501186986263122e+02
1.546110089961394465e+02
1.551972029242838857e+02
1.491351084804784080e+02
1.495371767374888918e+02
1.486920010884214207e+02
1.485536034347377097e+02
1.488210870062192441e+02
1.484230814380610468e+02
1.478818996804390054e+02
1.474355597879354320e+02
1.468330992863062079e+02
1.470455798144829771e+02
1.467812109942911150e+02
1.465724728329989830e+02
1.463569474888044510e+02
1.460906244955661464e+02
1.463291132349761767e+02
1.862262284315519025e+02
1.943517081117889234e+02
1.915090137075849839e+02
1.936809432145483072e+02
2.020197731304822923e+02
1.969587133802143910e+02
2.125796235283008855e+02
2.098739857931423103e+02
2.081704625718781188e+02
2.158872304662373836e+02
2.110315371415382515e+02
2.149808744421376900e+02
1.264229676367993846e+02
1.266176813204151586e+02
1.256703502086757283e+02
1.277197883845922917e+02
1.294779067242320707e+02
1.311798944819800283e+02
1.328249274085678167e+02
1.345194559839967781e+02
1.449338574351881448e+02
1.449795572747702579e+02
1.445626520042817447e+02
1.444992480889918340e+02
1.458130553748430600e+02
1.454150318207817350e+02
1.456297370693732205e+02
1.462780079323958660e+02
1.460603172782893751e+02
1.458679671363708508e+02
1.460993827811584822e+02
1.448330935908268771e+02
1.444510365724792393e+02
1.443465479721549514e+02
1.433666256764657874e+02
1.435016906405363386e+02
1.429484781132183855e+02
1.446719746877878094e+02
1.442699698092671383e+02
1.441532614151424809e+02
1.404836893099446513e+02
1.400765956628019353e+02
1.407183137636926062e+02
1.415802378805164778e+02
1.398017960112125877e+02
1.385844356621202849e+02
1.380666176309514981e+02
1.388575481020955351e+02
1.359015227438845557e+02
1.373254192482843621e+02
1.374298299329122983e+02
1.368572262830118973e+02
1.427829976654879260e+02
1.780669525037654921e+02
1.859559769760131189e+02
1.848895934885156862e+02
1.836841215732693797e+02
1.831140271299177584e+02
1.824167684185210021e+02
1.811805846601840813e+02
1.584357882313990729e+02
1.600289839077097724e+02
1.618790762573677000e+02
1.638625647670043577e+02
1.664281081085043752e+02
1.663883949531611393e+02
1.656205450242057395e+02
1.701288486126636883e+02
1.676583179959396261e+02
1.727322012674374037e+02
1.754096117070368166e+02
1.569915972813631697e+02
1.556309923054088813e+02
1.513276518509036350e+02
1.515399934607037267e+02
1.511367123662998893e+02
1.517862617264910625e+02
1.537745076130978248e+02
1.534896334195366308e+02
1.540303466781303143e+02
1.526788456843653421e+02
1.529488979117489862e+02
1.524510042639523988e+02
1.499435304415848975e+02
1.504914288226063945e+02
1.507257750838737138e+02
1.503196134387191023e+02
1.543755034377072093e+02
1.490197174002726683e+02
1.490401667076108652e+02
1.493904343955346690e+02
1.491860393481445328e+02
1.483688541807113381e+02
1.485370665034680542e+02
1.482551166410273993e+02
1.477978140622568333e+02
1.477059451363418532e+02
1.479737101518985014e+02
1.475299120084860078e+02
1.473952590388423118e+02
1.473221555591474612e+02
1.471190860883529865e+02
1.465968680352036699e+02
1.875593485090663251e+02
1.913501509846718989e+02
1.926454469276807231e+02
1.901771941335687757e+02
2.079423443264657010e+02
2.037831068002053598e+02
2.062765163806762416e+02
1.973086381643903167e+02
1.984981136287109678e+02
1.956166824872426275e+02
2.107539035274717207e+02
2.236900701630340791e+02
2.182342478095296769e+02
2.207212815353209123e+02
2.310170125518744157e+02
2.222608776505983599e+02
2.273565338397698952e+02
2.453679394474010564e+02
2.415486250790796703e+02
2.351996802289455388e+02
2.373427300424912119e+02
2.437640687786363856e+02
1.282658539108348350e+02
1.275446700382945693e+02
1.273408144925013374e+02
1.284312939072165705e+02
1.299820245804443744e+02
1.292987616861630613e+02
1.301638532354539279e+02
1.316310292571091907e+02
1.318226083010632408e+02
1.309910019707640458e+02
1.332933712686089223e+02
1.326571360918207745e+02
1.334640638080606152e+02
1.348988443388297469e+02
1.342693542778310132e+02
1.351511167667516418e+02
1.457008296394669458e+02
1.453621704043324883e+02
1.453144836226406085e+02
1.448801525787927460e+02
1.457496575036612114e+02
1.460396704172995896e+02
1.463151317453656759e+02
1.447496113838274994e+02
1.444776325531962300e+02
1.440605270915063727e+02
1.439174131324011228e+02
1.445739944680886708e+02
1.417245467020499348e+02
1.411049848655351866e+02
1.413435988893529043e+02
1.419696718702153362e+02
1.400500248069585894e+02
1.395932265603586018e+02
1.402694213675876256e+02
1.393218294992448989e+02
1.379569683426887252e+02
1.363603610271587740e+02
1.429081846141834546e+02
1.425551984473744369e+02
1.431356679878891782e+02
1.801424510979258287e+02
1.798279693412858364e+02
1.784007370726109798e+02
1.846149899929388880e+02
1.817176333737817231e+02
1.586208927897681065e+02
1.589064950777599279e+02
1.581476972529856084e+02
1.602780939549934374e+02
1.597269772103649359e+02
1.605810487285050669e+02
1.621574214485959544e+02
1.625393995522132116e+02
1.615058753705607444e+02
1.642320056834029458e+02
1.645550833074899515e+02
1.635530950723131411e+02
1.653654014550148759e+02
1.710642753642949856e+02
1.712650516426047602e+02
1.699322467640514560e+02
1.683358404992941928e+02
1.686140139771682414e+02
1.673843029888885781e+02
1.739854951523092552e+02
1.740601071940293707e+02
1.726665411605290501e+02
1.769697250098726897e+02
1.769212497050492061e+02
1.754724325710457720e+02
1.573561198618379535e+02
1.568208810034783482e+02
1.575128665507248797e+02
1.555024705186841345e+02
1.552166729037655273e+02
1.559004949544221859e+02
1.509209466308843730e+02
1.516875091258903865e+02
1.515105765716133703e+02
1.519621502781409959e+02
1.532404591783854642e+02
1.521963019626887501e+02
1.494147900660594246e+02
1.497807819068340507e+02
1.495787936950601136e+02
1.497086409794138717e+02
1.501031648436438957e+02
1.499269623519219863e+02
1.543808056145348644e+02
1.546765251788155524e+02
1.540795202170469622e+02
1.488579629860335842e+02
1.492112393469537608e+02
1.480901058439218048e+02
1.487040354926592158e+02
1.476002558600063139e+02
1.469260145612727513e+02
1.468790546643394634e+02
1.471617711625469269e+02
1.466436458121181943e+02
1.884649513143714330e+02
1.939039993321220265e+02
2.038267887023110063e+02
2.017849599294351322e+02
2.058985679113789047e+02
2.000347443860686099e+02
2.167928024492731822e+02
2.124631876735332980e+02
2.152971389725038875e+02
2.210525316182402662e+02
2.317007710587357678e+02
2.593352611571480679e+02
2.492725078734003148e+02
2.537400448492512908e+02
2.713743490779028775e+02
2.582097691080935533e+02
2.693887003205329620e+02
1.279115577957325911e+02
1.280799734557695331e+02
1.271616330651584832e+02
1.291261636938472179e+02
1.308138095376245644e+02
1.324685985517912172e+02
1.341005516139476867e+02
1.364160636773273723e+02
1.359133590816547894e+02
1.356610545062403048e+02
1.456894875182256897e+02
1.456908975146627085e+02
1.453127359586491707e+02
1.452584187983696893e+02
1.464020695139195141e+02
1.461033339375749165e+02
1.460459950163381677e+02
1.463290488899871491e+02
1.466001612835185313e+02
1.456331046633225412e+02
1.452322588176275531e+02
1.451487387465552388e+02
1.441543395562860610e+02
1.437559842788373317e+02
1.443148822955062940e+02
1.455136093718408858e+02
1.450935676571737645e+02
1.449928181561805332e+02
1.412118156252798542e+02
1.408514420578445083e+02
1.414750349283933133e+02
1.423153172230273356e+02
1.406412584604225344e+02
1.389338318338398039e+02
1.395014359976702849e+02
1.387530381705869900e+02
1.381226847323923721e+02
1.368736655970200786e+02
1.435227032535486842e+02
1.786291775061826854e+02
1.875852280765164153e+02
1.869014000227580254e+02
1.853189116921240895e+02
1.839194456358706873e+02
1.836403203275085900e+02
1.820081186880461814e+02
1.594726535819096114e+02
1.579949557795805504e+02
1.612464340222502130e+02
1.632259396876048640e+02
1.658186102040575918e+02
1.661608900300165885e+02
1.650289501168083177e+02
1.725826130994304606e+02
1.697511382165799603e+02
1.671198049148199232e+02
1.755437626819178547e+02
1.564089780358742701e+02
1.568544756539617708e+02
1.563559645734461583e+02
1.559196903760328894e+02
1.549409404818172220e+02
1.507945676594766269e+02
1.506459161816281096e+02
1.510700313108160913e+02
1.512530759102895672e+02
1.531568908299188934e+02
1.529212670609553584e+02
1.534760607529274239e+02
1.520232998843820837e+02
1.523598273093074909e+02
1.518593291658209807e+02
1.495488323888005482e+02
1.499449189934457252e+02
1.498229994302115244e+02
1.502254274944934878e+02
1.537833834909264397e+02
1.486700395902319940e+02
1.488478593287931915e+02
1.490359431554477112e+02
1.479995574756284498e+02
1.478996625248260273e+02
1.481899711233369317e+02
1.485131579810651203e+02
1.477028597900669808e+02
1.475378557965487403e+02
1.472355178818593231e+02
1.474650716122197593e+02
1.894192665521444212e+02
1.929923720135693657e+02
1.949117663657578987e+02
1.919928375147985662e+02
2.108121431073284384e+02
2.069767459697204401e+02
2.097227030529548131e+02
1.987436729631192236e+02
2.009891220376214278e+02
1.977977616805492289e+02
2.141539348317196811e+02
2.271080073271025128e+02
2.220705742744058853e+02
2.259586501055366341e+02
2.340478319590730223e+02
2.524580406492607949e+02
2.535666462556962415e+02
2.458032660072472879e+02
2.843540498564736936e+02
2.804690503489983371e+02
2.696775229318772631e+02
3.096182476097639551e+02
2.941770883503642153e+02
3.083002904667130224e+02
1.297016536169932976e+02
1.288040454065763356e+02
1.289790919505816191e+02
1.298400218904811538e+02
1.314102218257412460e+02
1.307024417887042205e+02
1.315245362123102382e+02
1.330811241616343636e+02
1.323616659085769811e+02
1.331900298864869683e+02
1.346923709395126139e+02
1.347973349494578770e+02
1.339985038070043117e+02
1.359520262084105013e+02
1.354308034550271884e+02
1.361906698535514977e+02
1.464505989800856867e+02
1.460660082478680977e+02
1.460724031878753522e+02
1.456577590089855221e+02
1.464172872229874542e+02
1.470020409429698702e+02
1.466396405791293489e+02
1.467001187096994954e+02
1.469623393647389094e+02
1.455705716186830614e+02
1.453341217890202302e+02
1.447388867720500514e+02
1.449085092869856624e+02
1.454242297157812231e+02
1.421511354442389177e+02
1.419451846190000879e+02
1.416846683692594411e+02
1.425371746633252030e+02
1.415519157019353713e+02
1.413869901540819569e+02
1.408057251606198008e+02
1.402846126848156416e+02
1.396038319789311686e+02
1.401674183629107517e+02
1.380007193875763676e+02
1.384680706448198464e+02
1.376586014445267097e+02
1.372067776923624081e+02
1.437233549695986596e+02
1.439359625175700330e+02
1.433082799969913310e+02
1.802984939283321069e+02
1.786188105145261886e+02
1.803235222830326450e+02
1.858570618243719252e+02
1.822049537245452484e+02
1.594573555330848933e+02
1.598839233002279627e+02
1.590462537160151157e+02
1.576113532079844788e+02
1.581254110663262793e+02
1.574954495920778754e+02
1.613899607788505648e+02
1.608405053479568210e+02
1.617962580946975493e+02
1.635070533326380371e+02
1.638965534455335842e+02
1.628371219970543109e+02
1.646983974937089386e+02
1.733866380825215856e+02
1.737471185880959581e+02
1.722279464602458177e+02
1.702867671382461481e+02
1.707239813727979936e+02
1.693169500267224805e+02
1.674452698022806771e+02
1.679275765993182006e+02
1.666382200684897725e+02
1.767330654128317917e+02
1.753548257087205968e+02
1.769313372421868564e+02
1.569852625000865487e+02
1.551665216845618147e+02
1.553178416437614260e+02
1.557680622523999148e+02
1.547542655226577324e+02
1.503791399680646634e+02
1.510505820789316829e+02
1.513773407224374239e+02
1.509267166891088152e+02
1.526025759574288259e+02
1.515482007011586063e+02
1.489463995309747304e+02
1.493228913455297118e+02
1.491739873411698625e+02
1.491726916894761814e+02
1.495624347736412290e+02
1.494348376554380025e+02
1.536563298413970529e+02
1.534085051646502222e+02
1.540303113609205639e+02
1.487962624944906622e+02
1.483355167290647501e+02
1.477724450223309134e+02
1.472717772436620862e+02
1.900740370813948346e+02
1.954268686557343244e+02
2.051422386345429913e+02
2.079409486115765446e+02
2.042002570411000875e+02
2.013919292574214808e+02
2.188352073130151894e+02
2.145786438837728838e+02
2.177957138383241045e+02
2.230331436019444880e+02
2.365660078929073507e+02
2.313491890244620777e+02
2.382673573247363947e+02
2.421317226648855865e+02
2.626121179579113232e+02
3.178147699108555457e+02
2.925918860782608135e+02
3.014552981325495011e+02
3.867835405154861519e+02
4.110127784352534377e+02
3.507280779688639427e+02
1.294098174860631616e+02
1.295485689272275067e+02
1.286556802588724793e+02
1.305589538057319885e+02
1.322534661828888147e+02
1.338938205909191765e+02
1.353302569781630211e+02
1.373683493869085339e+02
1.368983382050245439e+02
1.366654035749089076e+02
1.464905590641312187e+02
1.464643933993418159e+02
1.460914048138014039e+02
1.460587522952534698e+02
1.471181101102705497e+02
1.467563308162654891e+02
1.467790345454645831e+02
1.470547804782689525e+02
1.464885067660136713e+02
1.460600768101420215e+02
1.459973442488400224e+02
1.450310793027211957e+02
1.445869944965664047e+02
1.451826168616293842e+02
1.464079414574260625e+02
1.459616955643593315e+02
1.458682329821320423e+02
1.418597187859902817e+02
1.429344095829931405e+02
1.409175595864585375e+02
1.396404445678248578e+02
1.399617459100440726e+02
1.392816429011596142e+02
1.388132805669761751e+02
1.376888788521566198e+02
1.443668817703403704e+02
1.785969006697313546e+02
1.881889410437392769e+02
1.880358380562970524e+02
1.860307943892908327e+02
1.838330387050481249e+02
1.839985357088798423e+02
1.820541674117992272e+02
1.604493468077926650e+02
1.585536449613117327e+02
1.624786830372564737e+02
1.648673019916789997e+02
1.653723092662185365e+02
1.641939141693111708e+02
1.718937616404007258e+02
1.751268831790793570e+02
1.689114070975979871e+02
1.661943658645622861e+02
1.560448154535940830e+02
1.568416235820087365e+02
1.562091112414487668e+02
1.555674455207191613e+02
1.544059410873913407e+02
1.501955308102696165e+02
1.505017018040965695e+02
1.500731004240743687e+02
1.506318156873389569e+02
1.524136096906030104e+02
1.522224273096715592e+02
1.527945168620513527e+02
1.513153883431883457e+02
1.516755401675297890e+02
1.511863809434412644e+02
1.490497386052914237e+02
1.493635350971588309e+02
1.496607888156681270e+02
1.492652468190426873e+02
1.530496671518601204e+02
1.482077471445200558e+02
1.485784668690485262e+02
1.484385381314566246e+02
1.481049358551254329e+02
1.478785004358887534e+02
1.476765463722048821e+02
1.473432343938613656e+02
1.476057731376497486e+02
1.905496584988104303e+02
1.932601700674664187e+02
1.957868030232085061e+02
1.929485499635285635e+02
2.118085052732197937e+02
2.116224143869420971e+02
2.081133321849079323e+02
1.985197985607732392e+02
2.015799038843977087e+02
1.984135835039897131e+02
2.151562812806734826e+02
2.233674093996291106e+02
2.248714660690954759e+02
2.206109661949830638e+02
2.293784195851647212e+02
2.333143523299702338e+02
2.418224225721224911e+02
2.340261468836565655e+02
2.475995470995803487e+02
2.641379377448266155e+02
2.488354800863725416e+02
2.607195903624356674e+02
2.887189508776672255e+02
2.725250715011851526e+02
2.734469353139243708e+02
3.310361845024038416e+02
2.935437066573387028e+02
1.312471650601850968e+02
1.304700584169697777e+02
1.303269188854971503e+02
1.313280373528307621e+02
1.328809061379569130e+02
1.329861220551781003e+02
1.321523965929212068e+02
1.345173893968673724e+02
1.338064186448607700e+02
1.346096629062175225e+02
1.363203668088217455e+02
1.361396341387003019e+02
1.355099887934364915e+02
1.368535489245725216e+02
1.472486152614558534e+02
1.468459355390895951e+02
1.468665093875332843e+02
1.464861036490211745e+02
1.471748723489426141e+02
1.473955564859292053e+02
1.464458657517571396e+02
1.462600021736421070e+02
1.457997465498873737e+02
1.456394816483558543e+02
1.463341060129748428e+02
1.431257572483887657e+02
1.426452992393114130e+02
1.423394473062880650e+02
1.434283319718562097e+02
1.412239790892176643e+02
1.413852550658153859e+02
1.407509171865309554e+02
1.404238963929821296e+02
1.390130552328596707e+02
1.393250684282668033e+02
1.385019224366861863e+02
1.381886421328494521e+02
1.446252085008580934e+02
1.448252890718003414e+02
1.441682702072280051e+02
1.796576613669417100e+02
1.800724150077934667e+02
1.781938587656701998e+02
1.861291267493172938e+02
1.818434991179799169e+02
1.603807007047107334e+02
1.599263934053431626e+02
1.609029882635302329e+02
1.584439033670761603e+02
1.580321532135940572e+02
1.589654100576234157e+02
1.625012602480773012e+02
1.619529819816490033e+02
1.630266922210155940e+02
1.637158732587564316e+02
1.722484961690965690e+02
1.712769386620610135e+02
1.728684693380771478e+02
1.757911313976379120e+02
1.763301000415033002e+02
1.745934546107035601e+02
1.690635724976605445e+02
1.682641624078238181e+02
1.697109812905378874e+02
1.661982251087187308e+02
1.655420343753029044e+02
1.668493881378458070e+02
1.567210293668794066e+02
1.571960292308030489e+02
1.563703697797534460e+02
1.544602806504790919e+02
1.552380978194331931e+02
1.547974629810032923e+02
1.540396019237549297e+02
1.497863635809183904e+02
1.504059192842254902e+02
1.503018678784475526e+02
1.507314454585382464e+02
1.518757660962520220e+02
1.508699596859233907e+02
1.483921261298487195e+02
1.487841935159249260e+02
1.486692142548855031e+02
1.485888313682236799e+02
1.489786669847017038e+02
1.488750800903293907e+02
1.527894622259732671e+02
1.532339818523374220e+02
1.526048043056511290e+02
1.483021102426752407e+02
1.479458542851650122e+02
1.905296298082689646e+02
1.954892841173165152e+02
2.042797924965411767e+02
2.081473587654408561e+02
2.044492298288217569e+02
2.009275937279295192e+02
2.167867048945362853e+02
2.269662892063489608e+02
2.384802245875863491e+02
2.532744306847913833e+02
2.670641412349642110e+02
1.309311539067383592e+02
1.310837786117610904e+02
1.301664461359933682e+02
1.320685240650614389e+02
1.337096230518047264e+02
1.354254353040184640e+02
1.383588362687224560e+02
1.378698209699088579e+02
1.373399285337282265e+02
1.473465674530262390e+02
1.472920277135923186e+02
1.469199109980226297e+02
1.469143195916371383e+02
1.478432721289810843e+02
1.475434123118757554e+02
1.474800500333886646e+02
1.477577416805762027e+02
1.473922459784627392e+02
1.469398922894971520e+02
1.468962366547444844e+02
1.460362586852889422e+02
1.461468239967933869e+02
1.455277036968516029e+02
1.473742164304066762e+02
1.468914189237702601e+02
1.468135829092559561e+02
1.427445235929764920e+02
1.429373307541107465e+02
1.421446751137908393e+02
1.438714097713099989e+02
1.419759692066103867e+02
1.406643079429730676e+02
1.409419646623335041e+02
1.401470755129003294e+02
1.398305918485781376e+02
1.386903317982891224e+02
1.453201900901992190e+02
1.778029514911180797e+02
1.876504262868785702e+02
1.880630275006785723e+02
1.857332801843943173e+02
1.827316938361984455e+02
1.833890505998047615e+02
1.811969250705070920e+02
1.614683581603153470e+02
1.594389402088056329e+02
1.576142414051821561e+02
1.636042167818812914e+02
1.630613422617994956e+02
1.642575581366830875e+02
1.707048192083834977e+02
1.740837975542735592e+02
1.676691152307458310e+02
1.649336561555950595e+02
1.550726844731763663e+02
1.559028647242298007e+02
1.555459761819394942e+02
1.547413503145372431e+02
1.536209110147852925e+02
1.496019840711299764e+02
1.498984394574448800e+02
1.494799285305094543e+02
1.500003098868685640e+02
1.515668879101827429e+02
1.514455751230716203e+02
1.519971103449854013e+02
1.504520442187557308e+02
1.508879902272836091e+02
1.504330371838761096e+02
1.484873321624412199e+02
1.487388273493569955e+02
1.486603420345337270e+02
1.490564239070562280e+02
1.521909847459862704e+02
1.480400701751060808e+02
1.904350233103793357e+02
1.920096444009730874e+02
1.951125016152083731e+02
1.924857660055587019e+02
2.099372806490567314e+02
2.112962416530344569e+02
2.068488937839270818e+02
1.962386687374132919e+02
2.001123489388165524e+02
1.972180098402446049e+02
2.165919317284672729e+02
2.170163464867889047e+02
2.248204657292101558e+02
2.197824662677570302e+02
2.231860706290453038e+02
2.348262018208263839e+02
2.276694238316090946e+02
2.288980416189806988e+02
2.451014114155845789e+02
2.383699589223419082e+02
2.343939258526659444e+02
2.529068357389949995e+02
2.466726938935287308e+02
1.327738311125363566e+02
1.318520642848855289e+02
1.320065603638272478e+02
1.328277292454523888e+02
1.347091522296493622e+02
1.346201744583187292e+02
1.338020923760529968e+02
1.359542985046676051e+02
1.361410587190884485e+02
1.352415640177779892e+02
1.376342629762497438e+02
1.369734635981434963e+02
1.380014722099283802e+02
1.480090444221514758e+02
1.476767370696397279e+02
1.476284414103821518e+02
1.473659536583991212e+02
1.479236276070328699e+02
1.481206164249614119e+02
1.473798223850773468e+02
1.472932294958091575e+02
1.467791962946441515e+02
1.466580911957593401e+02
1.473333571819094914e+02
1.442400964683382938e+02
1.434882165922012121e+02
1.436892585407610170e+02
1.444349510140634436e+02
1.422827642182981549e+02
1.425107965935335130e+02
1.417478339878428528e+02
1.414639551399262700e+02
1.400733132354983184e+02
1.395378604951043258e+02
1.403671958254024617e+02
1.392139794229033498e+02
1.457153125490420393e+02
1.458718714180953668e+02
1.451643722619797074e+02
1.782673775613346265e+02
1.790373376067191771e+02
1.770372953127136384e+02
1.853107444671474582e+02
1.805922899846283656e+02
1.612191361394283149e+02
1.618765358376267898e+02
1.608089478642332892e+02
1.591532009020546070e+02
1.597836594620465291e+02
1.588076448264031910e+02
1.572522568935602010e+02
1.569930708796772478e+02
1.578696822699642723e+02
1.624382690709688575e+02
1.706350786681302623e+02
1.714756710268680706e+02
1.698638483870488756e+02
1.742083315839826412e+02
1.732421738579666339e+02
1.750530095893016380e+02
1.674877609890487520e+02
1.668551081560472085e+02
1.682990230031959982e+02
1.646605902713183696e+02
1.654484847176462097e+02
1.641428074354501803e+02
1.554940623601564766e+02
1.561195068684207570e+02
1.552786829649214724e+02
1.534333538981409504e+02
1.539350258763383579e+02
1.542453454222583105e+02
1.531004832457865064e+02
1.491656707803540201e+02
1.493497212299534738e+02
1.498689789413986659e+02
1.494707361560607808e+02
1.510191856025334687e+02
1.498990515664750376e+02
1.482159895364739270e+02
1.482959983456327961e+02
1.483799098350534962e+02
1.518080812381643625e+02
1.516923060341012786e+02
1.523067181118632050e+02
1.896914364608761900e+02
1.938558807591299740e+02
2.004677989325984697e+02
2.053719439812154235e+02
2.022141938991487109e+02
1.981117798164520423e+02
2.132097443576486455e+02
2.193923312859755583e+02
2.261302789187923850e+02
2.318354806831658266e+02
1.324905977118938551e+02
1.326293710309313099e+02
1.317081463848750786e+02
1.337468521622246271e+02
1.353444274543213908e+02
1.367938449302792208e+02
1.394059898270767803e+02
1.385190090768488176e+02
1.388895235576424909e+02
1.482545336510805498e+02
1.481297741602289477e+02
1.478025595903380633e+02
1.478226567238990867e+02
1.483933725457242474e+02
1.478909000068190664e+02
1.478791207649590831e+02
1.470893167735270595e+02
1.471909043405864850e+02
1.465574843226543749e+02
1.484133857611168708e+02
1.478949902882311278e+02
1.478499729526027124e+02
1.438616755429451644e+02
1.440535655421500678e+02
1.432969684993407213e+02
1.449731032689379617e+02
1.430617809365172661e+02
1.417656745768940993e+02
1.412083936124211334e+02
1.420219573475831396e+02
1.409100421180480964e+02
1.397448741524489151e+02
1.463914545805452008e+02
1.763085208573672844e+02
1.859282008904607721e+02
1.869069440634344517e+02
1.843404122088057306e+02
1.807445856180688679e+02
1.818165259169541912e+02
1.795211997044574730e+02
1.602114584184866430e+02
1.582263119350997727e+02
1.563913816180849210e+02
1.620670218140662939e+02
1.616529760282400048e+02
1.628501260828987540e+02
1.724748475767695197e+02
1.691013960342051519e+02
1.661047639324335137e+02
1.633904685682140041e+02
1.538685771426200404e+02
1.546879607318686567e+02
1.544614068033006049e+02
1.536353338624601577e+02
1.526207116575437794e+02
1.490316902829258368e+02
1.506047660636420176e+02
1.505324412110576020e+02
1.510911605328784333e+02
1.494482078383303190e+02
1.499541904975780824e+02
1.493957716983941282e+02
1.485038274277687833e+02
1.512186960328572241e+02
1.889712517862343475e+02
1.892651228923186011e+02
1.905448719920911742e+02
1.926888286429070547e+02
2.042526859904120329e+02
2.022879285688631228e+02
2.072585285252418998e+02
1.921397686396384756e+02
1.941230415157955917e+02
1.962873233787372840e+02
2.107019117009266722e+02
2.065433185417690822e+02
2.115573478768591258e+02
2.145498252099712602e+02
2.101788962393906672e+02
2.167873849244816995e+02
2.198656149331374650e+02
2.127408968324311616e+02
2.229575044227880198e+02
2.205055754912629027e+02
1.343154980395677285e+02
1.335437149451672951e+02
1.334046153236833163e+02
1.345172157767245835e+02
1.368638979008231331e+02
1.364161732129754796e+02
1.357924889071522898e+02
1.372561187599006303e+02
1.388118952314092951e+02
1.391147117541166551e+02
1.382172021773125152e+02
1.483199829055364489e+02
1.484006649703241862e+02
1.483834724303912651e+02
1.478405702278968477e+02
1.477293486713655568e+02
1.483975337523159794e+02
1.453904067584809638e+02
1.448219449233418459e+02
1.446211639903216337e+02
1.455552019857205437e+02
1.434298722412999609e+02
1.436428979268544310e+02
1.428493541288027586e+02
1.425869971854023390e+02
1.411898529555790276e+02
1.414765221026362951e+02
1.406253042984619412e+02
1.402959418194182035e+02
1.468877237616372042e+02
1.469841091750612350e+02
1.462955645197498598e+02
1.761326802941311769e+02
1.751884606720042825e+02
1.772517737633491208e+02
1.834388850796802046e+02
1.785132178166106485e+02
1.597489310550789980e+02
1.604956399287356419e+02
1.594597007947812415e+02
1.577060042069927306e+02
1.574865337244170860e+02
1.584418220302252394e+02
1.558720650479783103e+02
1.565727173410737407e+02
1.556903719022106145e+02
1.609299549289479216e+02
1.721697050270679483e+02
1.714207278266173375e+02
1.732211440758238155e+02
1.687279819109949131e+02
1.681237903639506044e+02
1.696991898802976380e+02
1.657226646994633370e+02
1.666152120730677098e+02
1.652005612281527362e+02
1.628608826248133994e+02
1.637722672677295463e+02
1.624750102892199948e+02
1.541583688159856251e+02
1.548321551294896778e+02
1.540118396374375038e+02
1.522651179878247376e+02
1.530638790971012781e+02
1.528408915236268797e+02
1.520321994564749275e+02
1.488018850526955816e+02
1.500353492710915191e+02
1.489245301654476066e+02
1.488668822312297380e+02
1.507541861383982109e+02
1.512873135864172411e+02
1.506845850557712083e+02
1.875389847366440961e+02
1.906176849119651138e+02
1.945110285237708183e+02
1.974801552507689735e+02
1.994238551993259705e+02
1.933581606330837985e+02
2.054363973115368651e+02
2.083480719661611147e+02
2.115837445904566039e+02
1.341037486883806480e+02
1.342103468225841993e+02
1.332958829327365606e+02
1.360270869018916642e+02
1.351769578625656436e+02
1.353748368412990999e+02
1.364582037648316657e+02
1.378374929838541902e+02
1.405951963470975841e+02
1.397040687164461588e+02
1.400091870377757743e+02
1.489302162949806245e+02
1.482935050207516099e+02
1.483361675751776829e+02
1.476868759304390437e+02
1.495449870071431917e+02
1.489792573247044629e+02
1.489593883578285727e+02
1.450698781593824549e+02
1.452325744796892764e+02
1.444587695639932008e+02
1.461339918058514797e+02
1.442382122880195254e+02
1.429314180550208846e+02
1.431787616069126727e+02
1.423410861299926751e+02
1.420505408460387571e+02
1.408995719221346690e+02
1.475798822176142266e+02
1.742075983011218057e+02
1.831507151970716336e+02
1.819714989073690106e+02
1.846119289771890806e+02
1.779538290218262091e+02
1.770665015951056489e+02
1.793936100449932667e+02
1.587465215245597392e+02
1.568049190983643939e+02
1.550277337919490037e+02
1.602842519627602655e+02
1.600272118282756537e+02
1.611824721586968678e+02
1.704899901857133102e+02
1.672475012457785226e+02
1.643123176839817461e+02
1.615904950685600170e+02
1.525270629412580377e+02
1.533491849954607744e+02
1.531921986904692119e+02
1.523892965587031370e+02
1.515123298445003570e+02
1.494968190560517769e+02
1.500746518163126950e+02
1.501554136442034064e+02
1.862272868005531450e+02
1.853881617632690109e+02
1.872868798258037657e+02
1.887742028526175488e+02
1.963825318630883316e+02
1.954850383802781835e+02
2.001427253649050044e+02
1.869471441886702223e+02
1.908048143149220834e+02
1.895593412926941710e+02
2.010828667886107723e+02
1.962035604976985894e+02
2.033508281291334470e+02
2.014223298219863523e+02
1.983025146107755177e+02
2.052101378808777383e+02
2.040876652895331631e+02
1.359361902127967312e+02
1.350206011831872104e+02
1.351247758360969726e+02
1.359860300441094694e+02
1.381357643559480834e+02
1.375068100731961920e+02
1.370883199974636568e+02
1.384809549664309429e+02
1.400899779506040375e+02
1.403505204627506089e+02
1.394446328362961651e+02
1.496116212577107660e+02
1.489973808060322256e+02
1.489436094411073270e+02
1.495733873851424391e+02
1.466321975232123691e+02
1.460178844563562848e+02
1.458451755009240856e+02
1.467618319990017994e+02
1.446887053402248569e+02
1.440511569369174367e+02
1.448760148206327756e+02
1.437978370345575456e+02
1.423888636541062169e+02
1.426594231325110229e+02
1.417824491975651995e+02
1.414900982994386709e+02
1.481652988959698973e+02
1.482246910220878249e+02
1.475207704917723106e+02
1.734447821653376707e+02
1.748137378007172913e+02
1.728290150988614471e+02
1.806228807145518829e+02
1.757483216849968244e+02
1.580336444897328079e+02
1.588958406641455952e+02
1.578783060799495672e+02
1.560828807409181707e+02
1.559849049176550011e+02
1.568986787861054211e+02
1.543447661521323084e+02
1.542584501113992985e+02
1.551119945159237261e+02
1.591727440833350329e+02
1.696444210482632684e+02
1.709236765087863432e+02
1.692123922704907670e+02
1.665221646655958239e+02
1.676113683724663872e+02
1.661295863240885353e+02
1.635620060351682525e+02
1.646417513038734910e+02
1.632215261630711041e+02
1.607757836897657739e+02
1.605416722581099123e+02
1.618198189391333983e+02
1.526679564150675219e+02
1.534158693787511254e+02
1.525997406176381332e+02
1.510107019012189085e+02
1.516368461769091880e+02
1.517747243849746326e+02
1.508864521007931785e+02
1.501818730877288885e+02
1.842747103471451737e+02
1.862207963858493258e+02
1.877145742327589062e+02
1.912079845023832263e+02
1.920336997819795499e+02
1.875283912284022279e+02
1.952589843166887817e+02
1.959913887841833287e+02
2.010082029585169607e+02
1.973804360915897007e+02
1.960948738984612021e+02
1.357852093865372751e+02
1.358636955998421456e+02
1.349462790113436768e+02
1.375123478691373009e+02
1.367281941520610360e+02
1.367742229204694127e+02
1.378350116653044495e+02
1.391147710774274913e+02
1.419130180745305836e+02
1.409997564073573812e+02
1.412626933232502608e+02
1.496251701713086675e+02
1.489549556042815084e+02
1.496131425497326859e+02
1.463581339962060497e+02
1.457071416280031144e+02
1.464975099437246513e+02
1.473931581793962948e+02
1.455109270561147241e+02
1.442520446659432594e+02
1.435826325009090283e+02
1.444680796745496991e+02
1.433089555699938273e+02
1.421575908211429464e+02
1.488840551737216629e+02
1.715735642433078283e+02
1.795507739579242639e+02
1.813756744675072525e+02
1.787815452534468648e+02
1.745747373612466902e+02
1.740347117626000681e+02
1.762741365990241604e+02
1.570686393748073328e+02
1.552226995329754402e+02
1.535147363897155230e+02
1.582927336847220943e+02
1.592867307245932693e+02
1.581730873536434672e+02
1.680885094229076913e+02
1.650419564595246413e+02
1.621774868974908941e+02
1.595430518804268445e+02
1.510742814666231482e+02
1.518783003887803602e+02
1.517996172138473980e+02
1.510486390671747472e+02
1.503153727544314222e+02
1.824967339403038977e+02
1.807714014541880942e+02
1.830926458736287259e+02
1.839156630053631432e+02
1.878994059277953852e+02
1.879462669407318458e+02
1.919569327015645968e+02
1.813501828121777066e+02
1.842100850477893061e+02
1.846330689771929485e+02
1.915827382481442100e+02
1.877451929637078081e+02
1.928294272893694483e+02
1.919190755941899909e+02
1.863275815626534779e+02
1.914216703817445762e+02
1.909627408033990719e+02
1.379743548493886749e+02
1.369567397204434371e+02
1.368865780540197363e+02
1.377506044468600237e+02
1.391697083942019049e+02
1.386623379299732335e+02
1.383539050782424908e+02
1.396411246447048313e+02
1.413942298165140130e+02
1.407396279103753329e+02
1.416671673482943561e+02
1.503141565076880113e+02
1.479813889390239012e+02
1.471629817998621661e+02
1.473132576225988259e+02
1.480745793162777204e+02
1.460594837541507900e+02
1.462055474289079768e+02
1.453658334808098402e+02
1.451421199090733865e+02
1.437514172727818789e+02
1.430631399150407788e+02
1.440010586552311054e+02
1.428299372658560742e+02
1.495502425486038760e+02
1.488527157139612029e+02
1.495831103884555660e+02
1.701794879744924742e+02
1.718049102831717789e+02
1.699304701058558464e+02
1.770963929705015971e+02
1.723952271991697103e+02
1.561182116853369166e+02
1.570726114241259666e+02
1.561088451456131168e+02
1.543236593661735299e+02
1.543407934417322167e+02
1.552011690399781685e+02
1.527216325642788206e+02
1.535342122651887564e+02
1.527013793133432102e+02
1.572111626827360453e+02
1.666632082538691861e+02
1.666123761394686085e+02
1.681366605350899590e+02
1.639674156695255931e+02
1.637720118633060622e+02
1.652206266870163347e+02
1.611491997392586484e+02
1.609724905044832326e+02
1.623460680348274821e+02
1.585224898934052362e+02
1.584177676798593950e+02
1.596421864789442679e+02
1.510859022165537624e+02
1.518768904343256168e+02
1.510867337469752556e+02
1.503512651063626606e+02
1.802207333377644431e+02
1.811894250007242704e+02
1.806829062441264000e+02
1.843269369948098131e+02
1.841634832277008798e+02
1.812501336654920010e+02
1.873240274719966578e+02
1.871926692991655159e+02
1.375576296277063193e+02
1.377780359896908067e+02
1.366751323221354255e+02
1.385917290067335159e+02
1.402921976801376616e+02
1.434595884332096887e+02
1.426925757046346348e+02
1.424328713185350068e+02
1.478433204765725293e+02
1.470934307605407980e+02
1.479134166655492493e+02
1.487599354993270993e+02
1.469375129822763029e+02
1.457119430329757392e+02
1.458831947938358269e+02
1.449717080989289570e+02
1.447188998731134859e+02
1.436092306980250157e+02
1.503070409216847167e+02
1.684038109753706181e+02
1.754678812278561395e+02
1.750488736788237532e+02
1.774936892258789101e+02
1.708023797975974389e+02
1.705076485408208669e+02
1.726680573542503225e+02
1.552229156768156599e+02
1.535235608818295532e+02
1.519091791162935294e+02
1.561613847738821335e+02
1.572185303197454687e+02
1.561482376175763136e+02
1.652885063232845368e+02
1.625533148323931982e+02
1.598355473519511349e+02
1.573405124105125594e+02
1.503190558409043547e+02
1.781456489037360313e+02
1.759855845271970338e+02
1.787488908986878187e+02
1.784252661087454044e+02
1.785517527798227206e+02
1.830976268546071424e+02
1.798227217869493870e+02
1.759863152153496912e+02
1.784265167268817436e+02
1.787411919428091380e+02
1.825381284630272773e+02
1.794960611054784749e+02
1.834684703309334282e+02
1.828967447764312340e+02
1.396678374053100526e+02
1.386171075729648976e+02
1.388253844990878463e+02
1.399987500668215432e+02
1.389869461163778510e+02
1.395875088440849936e+02
1.407057032468502484e+02
1.436641639251074594e+02
1.435661642767020396e+02
1.425303390599233637e+02
1.495239532499041104e+02
1.487531994298720690e+02
1.486722340533184195e+02
1.495320608419348787e+02
1.476671471861978944e+02
1.477506274308423144e+02
1.468527956822615579e+02
1.466734009691873837e+02
1.452805067590148553e+02
1.445083462246095678e+02
1.454953012462930531e+02
1.443675428731874035e+02
1.661638669911938848e+02
1.681202922420633570e+02
1.664161601168815707e+02
1.731331793522021201e+02
1.684381580417412181e+02
1.541120044925455659e+02
1.551055248681956016e+02
1.542250337697326188e+02
1.526662990714062573e+02
1.526933440418023338e+02
1.534800611792786640e+02
1.511237291856024569e+02
1.511103637660100958e+02
1.519242808107582619e+02
1.551319248450546695e+02
1.639474314767649048e+02
1.639503459375585805e+02
1.652586820382797157e+02
1.612816129954279631e+02
1.612262629088242818e+02
1.626135695169680844e+02
1.585959335768668268e+02
1.585686163444442798e+02
1.598576916111827018e+02
1.561150323141556271e+02
1.561463467808792700e+02
1.573035220006227064e+02
1.503005519786727007e+02
1.758073129173858433e+02
1.761390869743303256e+02
1.753814423954965207e+02
1.780430570345565968e+02
1.769937847249885294e+02
1.757901805167879843e+02
1.791109702869683815e+02
1.394437965860549582e+02
1.395663880117129452e+02
1.385056666978266833e+02
1.398401976195417831e+02
1.416165967128136458e+02
1.415083839420142908e+02
1.408072878133011159e+02
1.450199247512596799e+02
1.443588753802948759e+02
1.442515136849694102e+02
1.426410727797621689e+02
1.495107325309736268e+02
1.495128644555339577e+02
1.486720264577621151e+02
1.485743338485445122e+02
1.473268245750881817e+02
1.474949084888666846e+02
1.465073151256771666e+02
1.462886861274645014e+02
1.451600679779130587e+02
1.649801618171464668e+02
1.711625080326029718e+02
1.732706678654664643e+02
1.710021523554179339e+02
1.668613173730257699e+02
1.664906884774932223e+02
1.687969747440562571e+02
1.533683196164247420e+02
1.518957189886717742e+02
1.503287092451370768e+02
1.538517987209425257e+02
1.539871069221147764e+02
1.549894844643680756e+02
1.626225272584346726e+02
1.599322626209093130e+02
1.573472740906907745e+02
1.549731204197690602e+02
1.735915801766304867e+02
1.710598923848063748e+02
1.736028345879013841e+02
1.735835349562553915e+02
1.715072448916080816e+02
1.750724433478660274e+02
1.734925443304755106e+02
1.709491377138597272e+02
1.732295142410701203e+02
1.735243386615553618e+02
1.728269884616910304e+02
1.760745812572640148e+02
1.756690102845299180e+02
1.415005620946572265e+02
1.405899121646870356e+02
1.404793275878846259e+02
1.406437114784644393e+02
1.459646156461288342e+02
1.455134429879500999e+02
1.448289100973212271e+02
1.436420736447445847e+02
1.436559783101855885e+02
1.426264514498743097e+02
1.503150158503795808e+02
1.494515795253173849e+02
1.494760547944304676e+02
1.485458719142432074e+02
1.483697872117253382e+02
1.468930766288189318e+02
1.460912391326197053e+02
1.471269316110996215e+02
1.459759660906187264e+02
1.617225855829396437e+02
1.638683618258482682e+02
1.627915738418956551e+02
1.689772917840512889e+02
1.636263635380276753e+02
1.648912842455382872e+02
1.652176218600673110e+02
1.516833071213185633e+02
1.528775688553021155e+02
1.521723090893335382e+02
1.513959888897997814e+02
1.527568639737667695e+02
1.614772560081351571e+02
1.585985747602676383e+02
1.599173460048518791e+02
1.586041674179116114e+02
1.559825917497040280e+02
1.572672834897156235e+02
1.560553078748125415e+02
1.536165925204177256e+02
1.548448806986836246e+02
1.537393872933353975e+02
1.711926015846643452e+02
1.711451749084036749e+02
1.722171953528383881e+02
1.713582907564840809e+02
1.414610245343321822e+02
1.414952681040549862e+02
1.404586054281982967e+02
1.415673576711002397e+02
1.448166267629979700e+02
1.464712386202533878e+02
1.425728719874263959e+02
1.505904020618582138e+02
1.505529538492440054e+02
1.491127357019044837e+02
1.492797762205218817e+02
1.482036900802292223e+02
1.479994389142607929e+02
1.626223923206707695e+02
1.667556114319193341e+02
1.668222769353939441e+02
1.688969299837251583e+02
1.632238653223951417e+02
1.649727265759867691e+02
1.634148213109910444e+02
1.514377724522362030e+02
1.526263633912751061e+02
1.515661389606900116e+02
1.601103001022706565e+02
1.572723403455056257e+02
1.547829388755073978e+02
1.525129019492291320e+02
1.689164819345679973e+02
1.663199013585567627e+02
1.686974606100898768e+02
1.687457109775209290e+02
1.672421264311075220e+02
1.699798890109225340e+02
1.693730065768184261e+02
1.664371125670754452e+02
1.690263776108627951e+02
1.687487341726235286e+02
1.436125078475769783e+02
1.425451827110519218e+02
1.425645532259625554e+02
1.458920806812961075e+02
1.447650912738289151e+02
1.459491075732005925e+02
1.486514489067768920e+02
1.477937787947011543e+02
1.473251368690905281e+02
1.436378511999340049e+02
1.504307800966160187e+02
1.502557312355024237e+02
1.489018720655432162e+02
1.605829169386117314e+02
1.611434731682854817e+02
1.620561912930304231e+02
1.649061385084455935e+02
1.618455017628989765e+02
1.583086498301335041e+02
1.599695433018891606e+02
1.584511960336137690e+02
1.557172525504672933e+02
1.571285672953915480e+02
1.558535877505578355e+02
1.532611203213231477e+02
1.545955216504238479e+02
1.534428868554359440e+02
1.510827527510408004e+02
1.523254659224760132e+02
1.512620044906749399e+02
1.666037466266951128e+02
1.665011749200734528e+02
1.668947858573463634e+02
1.436266689772655525e+02
1.436425025109833200e+02
1.425587958014089054e+02
1.481558562183634535e+02
1.470400627318487068e+02
1.470804956814756110e+02
1.447546454371901063e+02
1.484426364151151461e+02
1.500777631324552601e+02
1.498635613923436836e+02
1.594055772239004511e+02
1.618718557669596976e+02
1.625805434521394091e+02
1.642738210338396527e+02
1.600709053217645135e+02
1.603304537195305386e+02
1.616195844639200914e+02
1.569795339613821739e+02
1.544638425206532588e+02
1.521501957146086284e+02
1.641301519540001550e+02
1.621109377376724865e+02
1.643236746280227294e+02
1.642609360962830465e+02
1.624874864654271391e+02
1.648139944278063922e+02
1.644653398963006339e+02
1.462985937263391918e+02
1.449741946187943427e+02
1.449930554069808579e+02
1.478880393167341936e+02
1.469123762476260424e+02
1.480585306239365195e+02
1.461170423491604424e+02
1.506641832906352363e+02
1.496610986763637925e+02
1.494095088498085033e+02
1.508743631965062377e+02
1.577827441182139125e+02
1.591572738333612165e+02
1.580475269345520530e+02
1.609689922132617994e+02
1.589266670692217929e+02
1.553447046793040727e+02
1.555293130623826414e+02
1.567901707038658117e+02
1.528503366181333547e+02
1.530567254579873406e+02
1.542520696565906064e+02
1.519383702350815497e+02
1.620657227380307290e+02
1.623509438643983458e+02
1.460026370829086204e+02
1.461961841148316523e+02
1.448294108726599916e+02
1.471423981341006879e+02
1.501414511272496668e+02
1.491753166025222299e+02
1.490438564091324452e+02
1.504301897075227998e+02
1.565292975720444986e+02
1.577867944512526321e+02
1.598668343689959670e+02
1.589718113753888531e+02
1.578301525894166559e+02
1.540604641589413006e+02
1.517313099408558230e+02
1.579486838867489098e+02
1.599413454678353048e+02
1.600652021002301240e+02
1.583654464288426880e+02
1.603800265422103735e+02
1.602379972419472836e+02
1.484292640677599024e+02
1.472458020729187922e+02
1.473897081864431584e+02
1.494207260130829980e+02
1.486813076308756649e+02
1.478917636807992153e+02
1.498394673452249322e+02
1.514942977238440278e+02
1.548169813546883802e+02
1.550776061966696773e+02
1.562589566396262342e+02
1.579468022860435212e+02
1.562928849743837816e+02
1.523299504996848555e+02
1.538053758783646288e+02
1.525933620348585862e+02
1.581956199697704051e+02
1.486139459903037903e+02
1.485626966697363969e+02
1.473221475288417537e+02
1.489835522440012312e+02
1.512404700943716875e+02
1.508834277706660600e+02
1.535308421080329992e+02
1.540859740195873258e+02
1.560251865849933779e+02
1.559622298703260128e+02
1.544664482989345800e+02
1.547301297509187066e+02
1.565200504619402864e+02
1.563422065307088360e+02
1.508160272678877618e+02
1.497276478192641207e+02
1.496350959867669133e+02
1.515329963895289893e+02
1.504792517932619376e+02
1.499916826649393329e+02
1.519447530536472186e+02
1.531414946833895669e+02
1.544182290116476395e+02
1.527934649659688660e+02
1.515249436028222192e+02
1.511708924208017493e+02
1.500692437742810625e+02
1.511893340196113513e+02
1.531166883595140860e+02
1.528029723113945693e+02
1.524509846917197535e+02
